<rss version="0.92">
    <channel>
        <title>ASF JIRA</title>
        <link>https://issues.apache.org/jira/issues/?jql=project+%3D+MNG+and+type+%3D+bug+and+%28status+%3D+RESOLVED+or+status+%3D+closed%29</link>
        <description>An XML representation of a search request</description>
                <language>en-uk</language>
                        <issue start="0" end="1000" total="3303" />
                <build-info>
            <version>8.20.7</version>
            <build-number>820007</build-number>
            <build-date>16-03-2022</build-date>
        </build-info>

<item>
            <title>[MNG-5364] Document known Bad Practices with suggested alternatives</title>
                <link>https://issues.apache.org/jira/browse/MNG-5364</link>
                <project id="12316922" key="MNG">Maven</project>
                    <description>&lt;p&gt;See &lt;a href="http://maven.40175.n5.nabble.com/Repository-Order-tp5727834p5728010.html" class="external-link" target="_blank" rel="nofollow noopener"&gt;http://maven.40175.n5.nabble.com/Repository-Order-tp5727834p5728010.html&lt;/a&gt;&lt;/p&gt;

&lt;p&gt;There are probably a bunch more.&lt;/p&gt;

&lt;ul&gt;
	&lt;li&gt;repository in pom&lt;/li&gt;
	&lt;li&gt;Using ${pom.version} in dependencyManagement&lt;/li&gt;
	&lt;li&gt;Other enforcer rules?&lt;/li&gt;
	&lt;li&gt;etc&lt;/li&gt;
&lt;/ul&gt;


&lt;p&gt;These should be baked into Maven to warn that the practice is not recommended and to link to where the discussion is on what the preferred alternative is.&lt;/p&gt;</description>
                <environment />
        <key id="12796126">MNG-5364</key>
            <summary>Document known Bad Practices with suggested alternatives</summary>
                <type id="1" iconUrl="https://issues.apache.org/jira/secure/viewavatar?size=xsmall&amp;avatarId=21133&amp;avatarType=issuetype">Bug</type>
                                            <priority id="3" iconUrl="https://issues.apache.org/jira/images/icons/priorities/major.svg">Major</priority>
                        <status id="6" iconUrl="https://issues.apache.org/jira/images/icons/statuses/closed.png" description="The issue is considered finished, the resolution is correct. Issues which are not closed can be reopened.">Closed</status>
                    <statusCategory id="3" key="done" colorName="green" />
                                    <resolution id="4">Incomplete</resolution>
                                        <assignee username="-1">Unassigned</assignee>
                                    <reporter username="baerrach">Barrie Treloar</reporter>
                        <labels>
                    </labels>
                <created>Thu, 25 Oct 2012 16:59:09 +0000</created>
                <updated>Wed, 22 Jan 2014 20:31:49 +0000</updated>
                            <resolved>Wed, 22 Jan 2014 20:31:49 +0000</resolved>
                                                                    <component>Documentation:  General</component>
                        <due />
                            <votes>0</votes>
                                    <watches>3</watches>
                                                                <comments>
                            <comment id="14418851" author="jvanzyl" created="Wed, 22 Jan 2014 20:23:37 +0000">&lt;p&gt;Please refer to &lt;a href="https://cwiki.apache.org/confluence/display/MAVEN/The+Great+JIRA+Cleanup+of+2014" class="external-link" target="_blank" rel="nofollow noopener"&gt;https://cwiki.apache.org/confluence/display/MAVEN/The+Great+JIRA+Cleanup+of+2014&lt;/a&gt;&lt;/p&gt;</comment>
                            <comment id="14419062" author="jvanzyl" created="Wed, 22 Jan 2014 20:31:49 +0000">&lt;p&gt;Please refer to &lt;a href="https://cwiki.apache.org/confluence/display/MAVEN/The+Great+JIRA+Cleanup+of+2014" class="external-link" target="_blank" rel="nofollow noopener"&gt;https://cwiki.apache.org/confluence/display/MAVEN/The+Great+JIRA+Cleanup+of+2014&lt;/a&gt; if you're wondering why this issue was closed out.&lt;/p&gt;</comment>
                    </comments>
                    <attachments>
                    </attachments>
                <subtasks>
                    </subtasks>
                <customfields>
                                                                                                                                                                                                                                                                                                                                                                                                                                                                                                                                                                                                                                                                                                                    <customfield id="customfield_12314020" key="com.atlassian.jira.plugins.jira-development-integration-plugin:devsummary">
                        <customfieldname>Development</customfieldname>
                        <customfieldvalues>
                            
                        </customfieldvalues>
                    </customfield>
                                                                                                                        <customfield id="customfield_12313422" key="com.atlassian.jirafisheyeplugin:jobcheckbox">
                        <customfieldname>Enable Automatic Patch Review</customfieldname>
                        <customfieldvalues>
                            <customfieldvalue>false</customfieldvalue>

                        </customfieldvalues>
                    </customfield>
                                                                                                                                                                                                                                                                                                                                                                                                                                                                                                                                                                                                                    <customfield id="customfield_12310420" key="com.pyxis.greenhopper.jira:gh-global-rank">
                        <customfieldname>Global Rank</customfieldname>
                        <customfieldvalues>
                            <customfieldvalue>9223372036854775807</customfieldvalue>
                        </customfieldvalues>
                    </customfield>
                                                                                                                                                                                                                                                                                                                                                                                                                                                                        <customfield id="customfield_12311820" key="com.pyxis.greenhopper.jira:gh-lexo-rank">
                        <customfieldname>Rank</customfieldname>
                        <customfieldvalues>
                            <customfieldvalue>0|i2979j:</customfieldvalue>

                        </customfieldvalues>
                    </customfield>
                                                                <customfield id="customfield_12310920" key="com.pyxis.greenhopper.jira:gh-global-rank">
                        <customfieldname>Rank (Obsolete)</customfieldname>
                        <customfieldvalues>
                            <customfieldvalue>9223372036854775807</customfieldvalue>
                        </customfieldvalues>
                    </customfield>
                                                                                                                                                                                                                                                                                                                                                                                                                                                                                                                                                                                                                                                                                                                                                                                            </customfields>
    </item>


</channel>
</rss>