<rss version="0.92">
    <channel>
        <title>ASF JIRA</title>
        <link>https://issues.apache.org/jira/issues/?jql=project+%3D+MNG+and+type+%3D+bug+and+%28status+%3D+RESOLVED+or+status+%3D+closed%29</link>
        <description>An XML representation of a search request</description>
                <language>en-uk</language>
                        <issue start="0" end="1000" total="3303" />
                <build-info>
            <version>8.20.7</version>
            <build-number>820007</build-number>
            <build-date>16-03-2022</build-date>
        </build-info>

<item>
            <title>[MNG-5162] Maven stuck on downloading dependencies when using java 7.</title>
                <link>https://issues.apache.org/jira/browse/MNG-5162</link>
                <project id="12316922" key="MNG">Maven</project>
                    <description>&lt;p&gt;When JAVA_HOME is set to the Java 7 JDK and I run "mvn clean install" on my project the following happens:&lt;br/&gt;
Maven downloads the dependencies to my local repository, as usual, but on some dependencies he stops while downloading and never continues. He is just stuck. I then must use CTRL+C and start from the beginning with my build, but it doesnt help because he gets stuck at the same dependencies again. In my local repository, where the failed dependency belongs is just a tmp file like: org.apache.servicemix.bundles.serp-1.13.1_4.jar.tmp90088a9d7e9e4642&lt;/p&gt;

&lt;p&gt;When I set JAVA_HOME to java 6 Update 27 everything works fine.&lt;br/&gt;
The problem does not seem to be related to JAR size because, I saw it fail on 19kb dependencies as well.&lt;br/&gt;
I have the impression it happens mostly to JARs with "long" names.&lt;/p&gt;

&lt;p&gt;Attached you will find a subproject of the project I am working on. it contains the org.apache.servicemix.bundles.serp-1.13.1_4 dependency, which is one of almost all servicemix bundles that is failing for me, when i use java7.&lt;/p&gt;</description>
                <environment>Windows 7 Professional x64&lt;br/&gt;
</environment>
        <key id="12797429">MNG-5162</key>
            <summary>Maven stuck on downloading dependencies when using java 7.</summary>
                <type id="1" iconUrl="https://issues.apache.org/jira/secure/viewavatar?size=xsmall&amp;avatarId=21133&amp;avatarType=issuetype">Bug</type>
                                            <priority id="3" iconUrl="https://issues.apache.org/jira/images/icons/priorities/major.svg">Major</priority>
                        <status id="6" iconUrl="https://issues.apache.org/jira/images/icons/statuses/closed.png" description="The issue is considered finished, the resolution is correct. Issues which are not closed can be reopened.">Closed</status>
                    <statusCategory id="3" key="done" colorName="green" />
                                    <resolution id="8">Not A Problem</resolution>
                                        <assignee username="-1">Unassigned</assignee>
                                    <reporter username="l.stampf">Lukas Stampf</reporter>
                        <labels>
                    </labels>
                <created>Mon, 22 Aug 2011 06:18:42 +0000</created>
                <updated>Fri, 10 Jan 2014 15:33:12 +0000</updated>
                            <resolved>Thu, 25 Oct 2012 00:30:24 +0000</resolved>
                                    <version>3.0.1</version>
                    <version>3.0.3</version>
                                                    <component>Dependencies</component>
                        <due />
                            <votes>6</votes>
                                    <watches>8</watches>
                                                                <comments>
                            <comment id="14417290" author="bentmann" created="Mon, 22 Aug 2011 06:25:59 +0000">&lt;p&gt;A thread dump, e.g. taking via jvisualvm, when the process gets stuck, would be helpful.&lt;/p&gt;</comment>
                            <comment id="14417339" author="l.stampf" created="Mon, 22 Aug 2011 10:05:13 +0000">&lt;p&gt;dump taken when stuck added&lt;/p&gt;</comment>
                            <comment id="14417322" author="bentmann" created="Mon, 22 Aug 2011 10:23:01 +0000">&lt;p&gt;According to that thread dump, the main thread just is waiting for the download to finish (pool-1-thread-1). How long exactly did you wait for it to finish before you aborted it? The default request timeout is 60s, so I'm curious whether the transfer eventually fails with a timeout error after that period. If indeed the download itself gets stuck, you might need to bug Oracle about that issue in their HTTP client code. On the Maven side, the only option appears to be using a different wagon impl, e.g. by declaring &lt;tt&gt;org.apache.maven.wagon:wagon-http:1.0&lt;/tt&gt; as a build extension.&lt;/p&gt;</comment>
                            <comment id="14417353" author="l.stampf" created="Mon, 22 Aug 2011 10:56:10 +0000">&lt;p&gt;just tested again for exactly 10 minutes. No changes still stuck. &lt;/p&gt;</comment>
                            <comment id="14417439" author="jalexoid" created="Fri, 2 Dec 2011 09:48:34 +0000">&lt;p&gt;Exactly the same problem with Maven 2.2.1. Gets stuck no matter what.&lt;br/&gt;
Using single fetching or multiple fetching makes no difference (-Dmaven.artifact.threads=1 or -Dmaven.artifact.threads=5)&lt;/p&gt;

&lt;p&gt;To be fair, Maven tends to get stuck hen downloading on 1.5.0_22 and 1.6.0_27 also.&lt;/p&gt;

&lt;p&gt;I'd say that this is a Critical bug on Java7, since it renders Maven unusable.&lt;/p&gt;

&lt;p&gt;(Microsoft Windows7 x64 &lt;span class="error"&gt;&amp;#91;Version 6.1.7601&amp;#93;&lt;/span&gt;; Java HotSpot(TM) 64-Bit Server VM (build 21.0-b17, mixed mode); Java HotSpot(TM) 64-Bit Server VM (build 20.2-b06, mixed mode) ;Java HotSpot(TM) 64-Bit Server VM (build 1.5.0_22-b03, mixed mode)) &lt;/p&gt;

&lt;p&gt;Problem most critical on:&lt;br/&gt;
Apache Maven 2.2.1 (r801777; 2009-08-06 20:16:01+0100)&lt;br/&gt;
Java version: 1.7.0&lt;br/&gt;
Java home: C:\Program Files\Java\jdk1.7.0\jre&lt;br/&gt;
Default locale: en_US, platform encoding: Cp1252&lt;br/&gt;
OS name: "windows 7" version: "6.1" arch: "amd64" Family: "windows"&lt;/p&gt;

&lt;p&gt;Apache Maven 3.0.3 (r1075438; 2011-02-28 17:31:09+0000)&lt;br/&gt;
Maven home: c:\x\apache-maven-3.0.3\bin\..&lt;br/&gt;
Java version: 1.7.0, vendor: Oracle Corporation&lt;br/&gt;
Java home: C:\Program Files\Java\jdk1.7.0\jre&lt;br/&gt;
Default locale: en_US, platform encoding: Cp1252&lt;br/&gt;
OS name: "windows 7", version: "6.1", arch: "amd64", family: "windows"&lt;/p&gt;


&lt;p&gt;Problems rarely occur on:&lt;/p&gt;

&lt;p&gt;Apache Maven 2.2.1 (r801777; 2009-08-06 20:16:01+0100)&lt;br/&gt;
Java version: 1.5.0_22&lt;br/&gt;
Java home: C:\Program Files\Java\jdk1.5.0_22\jre&lt;br/&gt;
Default locale: en_IE, platform encoding: Cp1252&lt;br/&gt;
OS name: "windows 7" version: "6.1" arch: "amd64" Family: "windows"&lt;/p&gt;

&lt;p&gt;Apache Maven 3.0.3 (r1075438; 2011-02-28 17:31:09+0000)&lt;br/&gt;
Maven home: c:\x\apache-maven-3.0.3\bin\..&lt;br/&gt;
Java version: 1.5.0_22, vendor: Sun Microsystems Inc.&lt;br/&gt;
Java home: C:\Program Files\Java\jdk1.5.0_22\jre&lt;br/&gt;
Default locale: en_IE, platform encoding: Cp1252&lt;br/&gt;
OS name: "windows 7", version: "6.1", arch: "amd64", family: "windows"&lt;/p&gt;

</comment>
                            <comment id="14417473" author="programmist" created="Wed, 28 Dec 2011 17:05:38 +0000">&lt;p&gt;I've had the same issue and have had to switch back to Java 1.6 because of this.  &lt;/p&gt;</comment>
                            <comment id="14417482" author="olamy" created="Thu, 29 Dec 2011 10:50:59 +0000">&lt;p&gt;could you please try with 3.0.4 RC4 ?&lt;br/&gt;
see &lt;a href="http://markmail.org/message/nlawddtd3lfhhdtd" class="external-link" target="_blank" rel="nofollow noopener"&gt;http://markmail.org/message/nlawddtd3lfhhdtd&lt;/a&gt;&lt;br/&gt;
Thanks.&lt;/p&gt;</comment>
                            <comment id="14417509" author="dcoraboeuf" created="Fri, 2 Mar 2012 12:59:49 +0000">&lt;p&gt;Is there any update on this issue? Because it really make Maven unuseable with JDK 7.&lt;/p&gt;</comment>
                            <comment id="14417587" author="dcoraboeuf" created="Fri, 2 Mar 2012 13:04:27 +0000">&lt;p&gt;I have tested with following version:&lt;/p&gt;

&lt;div class="preformatted panel" style="border-width: 1px;"&gt;&lt;div class="preformattedContent panelContent"&gt;
&lt;pre&gt;$ mvn --version
Apache Maven 3.0.4 (r1232337; 2012-01-17 09:44:56+0100)
Maven home: d:\data\damien\app\apache-maven-3.0.4
Java version: 1.7.0_03, vendor: Oracle Corporation
Java home: c:\Program Files\Java\jdk1.7.0_03\jre
Default locale: fr_FR, platform encoding: Cp1252
OS name: "windows 7", version: "6.1", arch: "amd64", family: "windows"
&lt;/pre&gt;
&lt;/div&gt;&lt;/div&gt;

&lt;p&gt;The downloads get stuck. If I interrupt the process (ctrl-c) and restart, the download resumes until it stops again.&lt;/p&gt;</comment>
                            <comment id="14417608" author="yo_el_yoel" created="Fri, 9 Mar 2012 14:03:43 +0000">&lt;p&gt;It may be a bug between Java 7 and Windows 64bit.&lt;/p&gt;

&lt;p&gt;Found this:&lt;br/&gt;
&lt;a href="http://blog.bielu.com/2011/11/hotspot-64bit-server-hangs-on-socket.html" class="external-link" target="_blank" rel="nofollow noopener"&gt;http://blog.bielu.com/2011/11/hotspot-64bit-server-hangs-on-socket.html&lt;/a&gt;&lt;/p&gt;</comment>
                            <comment id="14417657" author="gkrsihan" created="Wed, 28 Mar 2012 14:24:40 +0000">&lt;p&gt;Today i have upgraded maven 2.2.1 to 3.0.4 on Linux 64 bit system and when i invoke "mvn clean install" command build is keep throwing below exceptions since 8 hours and build still going.   (Note: everything works fine on Window system for the same project with maven 3.0.4)&lt;/p&gt;

&lt;p&gt;-bash-3.2$ mvn --version&lt;br/&gt;
Apache Maven 3.0.4 (r1232337; 2012-01-17 00:44:56-0800)&lt;br/&gt;
Maven home: /usr/local/maven/apache-maven-3.0.4&lt;br/&gt;
Java version: 1.6.0_29, vendor: Sun Microsystems Inc.&lt;br/&gt;
Java home: /usr/java/jdk1.6.0_29/jre&lt;br/&gt;
Default locale: en_US, platform encoding: ANSI_X3.4-1968&lt;br/&gt;
OS name: "linux", version: "2.6.18-194.3.1.el5", arch: "amd64", family: "unix"&lt;/p&gt;



&lt;p&gt;Please suggest, if i miss any steps.&lt;/p&gt;

&lt;p&gt;28-Mar-2012 09:41:36  Downloaded: &lt;a href="http://repo.maven.apache.org/maven2/org/apache/maven/plugins/maven-jar-plugin/maven-metadata.xml" class="external-link" target="_blank" rel="nofollow noopener"&gt;http://repo.maven.apache.org/maven2/org/apache/maven/plugins/maven-jar-plugin/maven-metadata.xml&lt;/a&gt; (588 B at 0.7 KB/sec) &lt;br/&gt;
28-Mar-2012 09:42:06  &lt;span class="error"&gt;&amp;#91;WARNING&amp;#93;&lt;/span&gt; Failed to write resolution tracking file /home/gopigadu/.m2/repository/org/apache/maven/plugins/maven-jar-plugin/resolver-status.properties &lt;br/&gt;
28-Mar-2012 09:42:06  java.io.IOException: No locks available &lt;/p&gt;


&lt;p&gt;28-Mar-2012 09:43:06  &lt;span class="error"&gt;&amp;#91;WARNING&amp;#93;&lt;/span&gt; Failed to write resolution tracking file /home/gopigadu/.m2/repository/org/apache/maven/plugins/maven-jar-plugin/2.4/_maven.repositories &lt;br/&gt;
28-Mar-2012 09:43:06  java.io.IOException: No locks available &lt;/p&gt;
</comment>
                            <comment id="14417507" author="renes" created="Fri, 30 Mar 2012 03:50:45 +0000">&lt;p&gt;I have exactly the same problem. Ubuntu 64Bit/Java 7/ Maven 2.2.1 -&amp;gt; maven gets stuck while downloading the dependencies. Switching to Java 6 on the same machine and the download works fine. &lt;/p&gt;</comment>
                            <comment id="14417562" author="daveboden" created="Fri, 6 Apr 2012 18:07:11 +0000">&lt;p&gt;Thread dump when stuck on Java 7:&lt;/p&gt;


&lt;p&gt;2012-04-07 00:04:54&lt;br/&gt;
Full thread dump Java HotSpot(TM) Client VM (22.1-b02 mixed mode, sharing):&lt;/p&gt;

&lt;p&gt;"RMI TCP Connection(2)-192.168.0.201" daemon prio=6 tid=0x0475ec00 nid=0x1bc0 runnable &lt;span class="error"&gt;&amp;#91;0x064ef000&amp;#93;&lt;/span&gt;&lt;br/&gt;
   java.lang.Thread.State: RUNNABLE&lt;br/&gt;
	at java.net.SocketInputStream.socketRead0(Native Method)&lt;br/&gt;
	at java.net.SocketInputStream.read(SocketInputStream.java:150)&lt;br/&gt;
	at java.net.SocketInputStream.read(SocketInputStream.java:121)&lt;br/&gt;
	at java.io.BufferedInputStream.fill(BufferedInputStream.java:235)&lt;br/&gt;
	at java.io.BufferedInputStream.read(BufferedInputStream.java:254)&lt;/p&gt;
&lt;ul class="alternate" type="square"&gt;
	&lt;li&gt;locked &amp;lt;0x244007c8&amp;gt; (a java.io.BufferedInputStream)&lt;br/&gt;
	at java.io.FilterInputStream.read(FilterInputStream.java:83)&lt;br/&gt;
	at sun.rmi.transport.tcp.TCPTransport.handleMessages(TCPTransport.java:535)&lt;br/&gt;
	at sun.rmi.transport.tcp.TCPTransport$ConnectionHandler.run0(TCPTransport.java:808)&lt;br/&gt;
	at sun.rmi.transport.tcp.TCPTransport$ConnectionHandler.run(TCPTransport.java:667)&lt;br/&gt;
	at java.util.concurrent.ThreadPoolExecutor.runWorker(ThreadPoolExecutor.java:1110)&lt;br/&gt;
	at java.util.concurrent.ThreadPoolExecutor$Worker.run(ThreadPoolExecutor.java:603)&lt;br/&gt;
	at java.lang.Thread.run(Thread.java:722)&lt;/li&gt;
&lt;/ul&gt;


&lt;p&gt;   Locked ownable synchronizers:&lt;/p&gt;
&lt;ul class="alternate" type="square"&gt;
	&lt;li&gt;&amp;lt;0x24400928&amp;gt; (a java.util.concurrent.ThreadPoolExecutor$Worker)&lt;/li&gt;
&lt;/ul&gt;


&lt;p&gt;"JMX server connection timeout 42" daemon prio=6 tid=0x0475e400 nid=0x1790 in Object.wait() &lt;span class="error"&gt;&amp;#91;0x0633f000&amp;#93;&lt;/span&gt;&lt;br/&gt;
   java.lang.Thread.State: TIMED_WAITING (on object monitor)&lt;br/&gt;
	at java.lang.Object.wait(Native Method)&lt;/p&gt;
&lt;ul class="alternate" type="square"&gt;
	&lt;li&gt;waiting on &amp;lt;0x244009c0&amp;gt; (a [I)&lt;br/&gt;
	at com.sun.jmx.remote.internal.ServerCommunicatorAdmin$Timeout.run(ServerCommunicatorAdmin.java:168)&lt;/li&gt;
	&lt;li&gt;locked &amp;lt;0x244009c0&amp;gt; (a [I)&lt;br/&gt;
	at java.lang.Thread.run(Thread.java:722)&lt;/li&gt;
&lt;/ul&gt;


&lt;p&gt;   Locked ownable synchronizers:&lt;/p&gt;
&lt;ul class="alternate" type="square"&gt;
	&lt;li&gt;None&lt;/li&gt;
&lt;/ul&gt;


&lt;p&gt;"RMI Scheduler(0)" daemon prio=6 tid=0x0475e000 nid=0x17f0 waiting on condition &lt;span class="error"&gt;&amp;#91;0x0539f000&amp;#93;&lt;/span&gt;&lt;br/&gt;
   java.lang.Thread.State: TIMED_WAITING (parking)&lt;br/&gt;
	at sun.misc.Unsafe.park(Native Method)&lt;/p&gt;
&lt;ul class="alternate" type="square"&gt;
	&lt;li&gt;parking to wait for  &amp;lt;0x24400a48&amp;gt; (a java.util.concurrent.locks.AbstractQueuedSynchronizer$ConditionObject)&lt;br/&gt;
	at java.util.concurrent.locks.LockSupport.parkNanos(LockSupport.java:226)&lt;br/&gt;
	at java.util.concurrent.locks.AbstractQueuedSynchronizer$ConditionObject.awaitNanos(AbstractQueuedSynchronizer.java:2082)&lt;br/&gt;
	at java.util.concurrent.ScheduledThreadPoolExecutor$DelayedWorkQueue.take(ScheduledThreadPoolExecutor.java:1090)&lt;br/&gt;
	at java.util.concurrent.ScheduledThreadPoolExecutor$DelayedWorkQueue.take(ScheduledThreadPoolExecutor.java:807)&lt;br/&gt;
	at java.util.concurrent.ThreadPoolExecutor.getTask(ThreadPoolExecutor.java:1043)&lt;br/&gt;
	at java.util.concurrent.ThreadPoolExecutor.runWorker(ThreadPoolExecutor.java:1103)&lt;br/&gt;
	at java.util.concurrent.ThreadPoolExecutor$Worker.run(ThreadPoolExecutor.java:603)&lt;br/&gt;
	at java.lang.Thread.run(Thread.java:722)&lt;/li&gt;
&lt;/ul&gt;


&lt;p&gt;   Locked ownable synchronizers:&lt;/p&gt;
&lt;ul class="alternate" type="square"&gt;
	&lt;li&gt;None&lt;/li&gt;
&lt;/ul&gt;


&lt;p&gt;"RMI TCP Connection(idle)" daemon prio=6 tid=0x0475d800 nid=0x1394 waiting on condition &lt;span class="error"&gt;&amp;#91;0x061cf000&amp;#93;&lt;/span&gt;&lt;br/&gt;
   java.lang.Thread.State: TIMED_WAITING (parking)&lt;br/&gt;
	at sun.misc.Unsafe.park(Native Method)&lt;/p&gt;
&lt;ul class="alternate" type="square"&gt;
	&lt;li&gt;parking to wait for  &amp;lt;0x2444b960&amp;gt; (a java.util.concurrent.SynchronousQueue$TransferStack)&lt;br/&gt;
	at java.util.concurrent.locks.LockSupport.parkNanos(LockSupport.java:226)&lt;br/&gt;
	at java.util.concurrent.SynchronousQueue$TransferStack.awaitFulfill(SynchronousQueue.java:460)&lt;br/&gt;
	at java.util.concurrent.SynchronousQueue$TransferStack.transfer(SynchronousQueue.java:359)&lt;br/&gt;
	at java.util.concurrent.SynchronousQueue.poll(SynchronousQueue.java:942)&lt;br/&gt;
	at java.util.concurrent.ThreadPoolExecutor.getTask(ThreadPoolExecutor.java:1043)&lt;br/&gt;
	at java.util.concurrent.ThreadPoolExecutor.runWorker(ThreadPoolExecutor.java:1103)&lt;br/&gt;
	at java.util.concurrent.ThreadPoolExecutor$Worker.run(ThreadPoolExecutor.java:603)&lt;br/&gt;
	at java.lang.Thread.run(Thread.java:722)&lt;/li&gt;
&lt;/ul&gt;


&lt;p&gt;   Locked ownable synchronizers:&lt;/p&gt;
&lt;ul class="alternate" type="square"&gt;
	&lt;li&gt;None&lt;/li&gt;
&lt;/ul&gt;


&lt;p&gt;"RMI TCP Accept-0" daemon prio=6 tid=0x0475d000 nid=0x1914 runnable &lt;span class="error"&gt;&amp;#91;0x00dbf000&amp;#93;&lt;/span&gt;&lt;br/&gt;
   java.lang.Thread.State: RUNNABLE&lt;br/&gt;
	at java.net.DualStackPlainSocketImpl.accept0(Native Method)&lt;br/&gt;
	at java.net.DualStackPlainSocketImpl.socketAccept(DualStackPlainSocketImpl.java:121)&lt;br/&gt;
	at java.net.AbstractPlainSocketImpl.accept(AbstractPlainSocketImpl.java:398)&lt;br/&gt;
	at java.net.PlainSocketImpl.accept(PlainSocketImpl.java:183)&lt;/p&gt;
&lt;ul class="alternate" type="square"&gt;
	&lt;li&gt;locked &amp;lt;0x24402ef8&amp;gt; (a java.net.SocksSocketImpl)&lt;br/&gt;
	at java.net.ServerSocket.implAccept(ServerSocket.java:522)&lt;br/&gt;
	at java.net.ServerSocket.accept(ServerSocket.java:490)&lt;br/&gt;
	at sun.management.jmxremote.LocalRMIServerSocketFactory$1.accept(LocalRMIServerSocketFactory.java:52)&lt;br/&gt;
	at sun.rmi.transport.tcp.TCPTransport$AcceptLoop.executeAcceptLoop(TCPTransport.java:387)&lt;br/&gt;
	at sun.rmi.transport.tcp.TCPTransport$AcceptLoop.run(TCPTransport.java:359)&lt;br/&gt;
	at java.lang.Thread.run(Thread.java:722)&lt;/li&gt;
&lt;/ul&gt;


&lt;p&gt;   Locked ownable synchronizers:&lt;/p&gt;
&lt;ul class="alternate" type="square"&gt;
	&lt;li&gt;None&lt;/li&gt;
&lt;/ul&gt;


&lt;p&gt;"pool-26-thread-5" prio=6 tid=0x0475cc00 nid=0x6cc waiting on condition &lt;span class="error"&gt;&amp;#91;0x0572f000&amp;#93;&lt;/span&gt;&lt;br/&gt;
   java.lang.Thread.State: WAITING (parking)&lt;br/&gt;
	at sun.misc.Unsafe.park(Native Method)&lt;/p&gt;
&lt;ul class="alternate" type="square"&gt;
	&lt;li&gt;parking to wait for  &amp;lt;0x24403090&amp;gt; (a java.util.concurrent.locks.AbstractQueuedSynchronizer$ConditionObject)&lt;br/&gt;
	at java.util.concurrent.locks.LockSupport.park(LockSupport.java:186)&lt;br/&gt;
	at java.util.concurrent.locks.AbstractQueuedSynchronizer$ConditionObject.await(AbstractQueuedSynchronizer.java:2043)&lt;br/&gt;
	at java.util.concurrent.LinkedBlockingQueue.take(LinkedBlockingQueue.java:442)&lt;br/&gt;
	at java.util.concurrent.ThreadPoolExecutor.getTask(ThreadPoolExecutor.java:1043)&lt;br/&gt;
	at java.util.concurrent.ThreadPoolExecutor.runWorker(ThreadPoolExecutor.java:1103)&lt;br/&gt;
	at java.util.concurrent.ThreadPoolExecutor$Worker.run(ThreadPoolExecutor.java:603)&lt;br/&gt;
	at java.lang.Thread.run(Thread.java:722)&lt;/li&gt;
&lt;/ul&gt;


&lt;p&gt;   Locked ownable synchronizers:&lt;/p&gt;
&lt;ul class="alternate" type="square"&gt;
	&lt;li&gt;None&lt;/li&gt;
&lt;/ul&gt;


&lt;p&gt;"pool-26-thread-4" prio=6 tid=0x0475c400 nid=0xa38 runnable &lt;span class="error"&gt;&amp;#91;0x0552f000&amp;#93;&lt;/span&gt;&lt;br/&gt;
   java.lang.Thread.State: RUNNABLE&lt;br/&gt;
	at java.net.SocketInputStream.socketRead0(Native Method)&lt;br/&gt;
	at java.net.SocketInputStream.read(SocketInputStream.java:150)&lt;br/&gt;
	at java.net.SocketInputStream.read(SocketInputStream.java:121)&lt;br/&gt;
	at org.apache.maven.wagon.providers.http.httpclient.impl.io.AbstractSessionInputBuffer.fillBuffer(AbstractSessionInputBuffer.java:149)&lt;br/&gt;
	at org.apache.maven.wagon.providers.http.httpclient.impl.io.SocketInputBuffer.fillBuffer(SocketInputBuffer.java:110)&lt;br/&gt;
	at org.apache.maven.wagon.providers.http.httpclient.impl.io.AbstractSessionInputBuffer.read(AbstractSessionInputBuffer.java:195)&lt;br/&gt;
	at org.apache.maven.wagon.providers.http.httpclient.impl.io.ChunkedInputStream.read(ChunkedInputStream.java:173)&lt;br/&gt;
	at org.apache.maven.wagon.providers.http.httpclient.conn.EofSensorInputStream.read(EofSensorInputStream.java:138)&lt;br/&gt;
	at java.util.zip.InflaterInputStream.fill(InflaterInputStream.java:238)&lt;br/&gt;
	at java.util.zip.InflaterInputStream.read(InflaterInputStream.java:158)&lt;br/&gt;
	at java.util.zip.GZIPInputStream.read(GZIPInputStream.java:116)&lt;br/&gt;
	at org.apache.maven.wagon.AbstractWagon.transfer(AbstractWagon.java:493)&lt;br/&gt;
	at org.apache.maven.wagon.AbstractWagon.getTransfer(AbstractWagon.java:339)&lt;br/&gt;
	at org.apache.maven.wagon.AbstractWagon.getTransfer(AbstractWagon.java:310)&lt;br/&gt;
	at org.apache.maven.wagon.AbstractWagon.getTransfer(AbstractWagon.java:287)&lt;br/&gt;
	at org.apache.maven.wagon.StreamWagon.getIfNewer(StreamWagon.java:97)&lt;br/&gt;
	at org.apache.maven.wagon.StreamWagon.get(StreamWagon.java:61)&lt;br/&gt;
	at org.sonatype.aether.connector.wagon.WagonRepositoryConnector$GetTask.run(WagonRepositoryConnector.java:601)&lt;br/&gt;
	at org.sonatype.aether.util.concurrency.RunnableErrorForwarder$1.run(RunnableErrorForwarder.java:60)&lt;br/&gt;
	at java.util.concurrent.ThreadPoolExecutor.runWorker(ThreadPoolExecutor.java:1110)&lt;br/&gt;
	at java.util.concurrent.ThreadPoolExecutor$Worker.run(ThreadPoolExecutor.java:603)&lt;br/&gt;
	at java.lang.Thread.run(Thread.java:722)&lt;/p&gt;

&lt;p&gt;   Locked ownable synchronizers:&lt;/p&gt;
&lt;ul class="alternate" type="square"&gt;
	&lt;li&gt;&amp;lt;0x244066a8&amp;gt; (a java.util.concurrent.ThreadPoolExecutor$Worker)&lt;/li&gt;
&lt;/ul&gt;


&lt;p&gt;"pool-26-thread-3" prio=6 tid=0x0475c000 nid=0x1ff0 runnable &lt;span class="error"&gt;&amp;#91;0x053ef000&amp;#93;&lt;/span&gt;&lt;br/&gt;
   java.lang.Thread.State: RUNNABLE&lt;br/&gt;
	at java.net.SocketInputStream.socketRead0(Native Method)&lt;br/&gt;
	at java.net.SocketInputStream.read(SocketInputStream.java:150)&lt;br/&gt;
	at java.net.SocketInputStream.read(SocketInputStream.java:121)&lt;br/&gt;
	at org.apache.maven.wagon.providers.http.httpclient.impl.io.AbstractSessionInputBuffer.fillBuffer(AbstractSessionInputBuffer.java:149)&lt;br/&gt;
	at org.apache.maven.wagon.providers.http.httpclient.impl.io.SocketInputBuffer.fillBuffer(SocketInputBuffer.java:110)&lt;br/&gt;
	at org.apache.maven.wagon.providers.http.httpclient.impl.io.AbstractSessionInputBuffer.read(AbstractSessionInputBuffer.java:195)&lt;br/&gt;
	at org.apache.maven.wagon.providers.http.httpclient.impl.io.ChunkedInputStream.read(ChunkedInputStream.java:173)&lt;br/&gt;
	at org.apache.maven.wagon.providers.http.httpclient.conn.EofSensorInputStream.read(EofSensorInputStream.java:138)&lt;br/&gt;
	at java.util.zip.InflaterInputStream.fill(InflaterInputStream.java:238)&lt;br/&gt;
	at java.util.zip.InflaterInputStream.read(InflaterInputStream.java:158)&lt;br/&gt;
	at java.util.zip.GZIPInputStream.read(GZIPInputStream.java:116)&lt;br/&gt;
	at org.apache.maven.wagon.AbstractWagon.transfer(AbstractWagon.java:493)&lt;br/&gt;
	at org.apache.maven.wagon.AbstractWagon.getTransfer(AbstractWagon.java:339)&lt;br/&gt;
	at org.apache.maven.wagon.AbstractWagon.getTransfer(AbstractWagon.java:310)&lt;br/&gt;
	at org.apache.maven.wagon.AbstractWagon.getTransfer(AbstractWagon.java:287)&lt;br/&gt;
	at org.apache.maven.wagon.StreamWagon.getIfNewer(StreamWagon.java:97)&lt;br/&gt;
	at org.apache.maven.wagon.StreamWagon.get(StreamWagon.java:61)&lt;br/&gt;
	at org.sonatype.aether.connector.wagon.WagonRepositoryConnector$GetTask.run(WagonRepositoryConnector.java:601)&lt;br/&gt;
	at org.sonatype.aether.util.concurrency.RunnableErrorForwarder$1.run(RunnableErrorForwarder.java:60)&lt;br/&gt;
	at java.util.concurrent.ThreadPoolExecutor.runWorker(ThreadPoolExecutor.java:1110)&lt;br/&gt;
	at java.util.concurrent.ThreadPoolExecutor$Worker.run(ThreadPoolExecutor.java:603)&lt;br/&gt;
	at java.lang.Thread.run(Thread.java:722)&lt;/p&gt;

&lt;p&gt;   Locked ownable synchronizers:&lt;/p&gt;
&lt;ul class="alternate" type="square"&gt;
	&lt;li&gt;&amp;lt;0x24409b98&amp;gt; (a java.util.concurrent.ThreadPoolExecutor$Worker)&lt;/li&gt;
&lt;/ul&gt;


&lt;p&gt;"pool-26-thread-2" prio=6 tid=0x050f3400 nid=0x14fc runnable &lt;span class="error"&gt;&amp;#91;0x054de000&amp;#93;&lt;/span&gt;&lt;br/&gt;
   java.lang.Thread.State: RUNNABLE&lt;br/&gt;
	at java.net.SocketInputStream.socketRead0(Native Method)&lt;br/&gt;
	at java.net.SocketInputStream.read(SocketInputStream.java:150)&lt;br/&gt;
	at java.net.SocketInputStream.read(SocketInputStream.java:121)&lt;br/&gt;
	at org.apache.maven.wagon.providers.http.httpclient.impl.io.AbstractSessionInputBuffer.fillBuffer(AbstractSessionInputBuffer.java:149)&lt;br/&gt;
	at org.apache.maven.wagon.providers.http.httpclient.impl.io.SocketInputBuffer.fillBuffer(SocketInputBuffer.java:110)&lt;br/&gt;
	at org.apache.maven.wagon.providers.http.httpclient.impl.io.AbstractSessionInputBuffer.read(AbstractSessionInputBuffer.java:195)&lt;br/&gt;
	at org.apache.maven.wagon.providers.http.httpclient.impl.io.ChunkedInputStream.read(ChunkedInputStream.java:173)&lt;br/&gt;
	at org.apache.maven.wagon.providers.http.httpclient.conn.EofSensorInputStream.read(EofSensorInputStream.java:138)&lt;br/&gt;
	at java.util.zip.InflaterInputStream.fill(InflaterInputStream.java:238)&lt;br/&gt;
	at java.util.zip.InflaterInputStream.read(InflaterInputStream.java:158)&lt;br/&gt;
	at java.util.zip.GZIPInputStream.read(GZIPInputStream.java:116)&lt;br/&gt;
	at org.apache.maven.wagon.AbstractWagon.transfer(AbstractWagon.java:493)&lt;br/&gt;
	at org.apache.maven.wagon.AbstractWagon.getTransfer(AbstractWagon.java:339)&lt;br/&gt;
	at org.apache.maven.wagon.AbstractWagon.getTransfer(AbstractWagon.java:310)&lt;br/&gt;
	at org.apache.maven.wagon.AbstractWagon.getTransfer(AbstractWagon.java:287)&lt;br/&gt;
	at org.apache.maven.wagon.StreamWagon.getIfNewer(StreamWagon.java:97)&lt;br/&gt;
	at org.apache.maven.wagon.StreamWagon.get(StreamWagon.java:61)&lt;br/&gt;
	at org.sonatype.aether.connector.wagon.WagonRepositoryConnector$GetTask.run(WagonRepositoryConnector.java:601)&lt;br/&gt;
	at org.sonatype.aether.util.concurrency.RunnableErrorForwarder$1.run(RunnableErrorForwarder.java:60)&lt;br/&gt;
	at java.util.concurrent.ThreadPoolExecutor.runWorker(ThreadPoolExecutor.java:1110)&lt;br/&gt;
	at java.util.concurrent.ThreadPoolExecutor$Worker.run(ThreadPoolExecutor.java:603)&lt;br/&gt;
	at java.lang.Thread.run(Thread.java:722)&lt;/p&gt;

&lt;p&gt;   Locked ownable synchronizers:&lt;/p&gt;
&lt;ul class="alternate" type="square"&gt;
	&lt;li&gt;&amp;lt;0x2440d088&amp;gt; (a java.util.concurrent.ThreadPoolExecutor$Worker)&lt;/li&gt;
&lt;/ul&gt;


&lt;p&gt;"pool-26-thread-1" prio=6 tid=0x048a9000 nid=0x7d8 runnable &lt;span class="error"&gt;&amp;#91;0x0543f000&amp;#93;&lt;/span&gt;&lt;br/&gt;
   java.lang.Thread.State: RUNNABLE&lt;br/&gt;
	at java.net.SocketInputStream.socketRead0(Native Method)&lt;br/&gt;
	at java.net.SocketInputStream.read(SocketInputStream.java:150)&lt;br/&gt;
	at java.net.SocketInputStream.read(SocketInputStream.java:121)&lt;br/&gt;
	at org.apache.maven.wagon.providers.http.httpclient.impl.io.AbstractSessionInputBuffer.fillBuffer(AbstractSessionInputBuffer.java:149)&lt;br/&gt;
	at org.apache.maven.wagon.providers.http.httpclient.impl.io.SocketInputBuffer.fillBuffer(SocketInputBuffer.java:110)&lt;br/&gt;
	at org.apache.maven.wagon.providers.http.httpclient.impl.io.AbstractSessionInputBuffer.read(AbstractSessionInputBuffer.java:195)&lt;br/&gt;
	at org.apache.maven.wagon.providers.http.httpclient.impl.io.ChunkedInputStream.read(ChunkedInputStream.java:173)&lt;br/&gt;
	at org.apache.maven.wagon.providers.http.httpclient.conn.EofSensorInputStream.read(EofSensorInputStream.java:138)&lt;br/&gt;
	at java.util.zip.InflaterInputStream.fill(InflaterInputStream.java:238)&lt;br/&gt;
	at java.util.zip.InflaterInputStream.read(InflaterInputStream.java:158)&lt;br/&gt;
	at java.util.zip.GZIPInputStream.read(GZIPInputStream.java:116)&lt;br/&gt;
	at org.apache.maven.wagon.AbstractWagon.transfer(AbstractWagon.java:493)&lt;br/&gt;
	at org.apache.maven.wagon.AbstractWagon.getTransfer(AbstractWagon.java:339)&lt;br/&gt;
	at org.apache.maven.wagon.AbstractWagon.getTransfer(AbstractWagon.java:310)&lt;br/&gt;
	at org.apache.maven.wagon.AbstractWagon.getTransfer(AbstractWagon.java:287)&lt;br/&gt;
	at org.apache.maven.wagon.StreamWagon.getIfNewer(StreamWagon.java:97)&lt;br/&gt;
	at org.apache.maven.wagon.StreamWagon.get(StreamWagon.java:61)&lt;br/&gt;
	at org.sonatype.aether.connector.wagon.WagonRepositoryConnector$GetTask.run(WagonRepositoryConnector.java:601)&lt;br/&gt;
	at org.sonatype.aether.util.concurrency.RunnableErrorForwarder$1.run(RunnableErrorForwarder.java:60)&lt;br/&gt;
	at java.util.concurrent.ThreadPoolExecutor.runWorker(ThreadPoolExecutor.java:1110)&lt;br/&gt;
	at java.util.concurrent.ThreadPoolExecutor$Worker.run(ThreadPoolExecutor.java:603)&lt;br/&gt;
	at java.lang.Thread.run(Thread.java:722)&lt;/p&gt;

&lt;p&gt;   Locked ownable synchronizers:&lt;/p&gt;
&lt;ul class="alternate" type="square"&gt;
	&lt;li&gt;&amp;lt;0x2440e4f0&amp;gt; (a java.util.concurrent.ThreadPoolExecutor$Worker)&lt;/li&gt;
&lt;/ul&gt;


&lt;p&gt;"Service Thread" daemon prio=6 tid=0x00a19800 nid=0x216c runnable &lt;span class="error"&gt;&amp;#91;0x00000000&amp;#93;&lt;/span&gt;&lt;br/&gt;
   java.lang.Thread.State: RUNNABLE&lt;/p&gt;

&lt;p&gt;   Locked ownable synchronizers:&lt;/p&gt;
&lt;ul class="alternate" type="square"&gt;
	&lt;li&gt;None&lt;/li&gt;
&lt;/ul&gt;


&lt;p&gt;"C1 CompilerThread0" daemon prio=10 tid=0x00a14400 nid=0x12c4 waiting on condition &lt;span class="error"&gt;&amp;#91;0x00000000&amp;#93;&lt;/span&gt;&lt;br/&gt;
   java.lang.Thread.State: RUNNABLE&lt;/p&gt;

&lt;p&gt;   Locked ownable synchronizers:&lt;/p&gt;
&lt;ul class="alternate" type="square"&gt;
	&lt;li&gt;None&lt;/li&gt;
&lt;/ul&gt;


&lt;p&gt;"Attach Listener" daemon prio=10 tid=0x00a13000 nid=0x189c waiting on condition &lt;span class="error"&gt;&amp;#91;0x00000000&amp;#93;&lt;/span&gt;&lt;br/&gt;
   java.lang.Thread.State: RUNNABLE&lt;/p&gt;

&lt;p&gt;   Locked ownable synchronizers:&lt;/p&gt;
&lt;ul class="alternate" type="square"&gt;
	&lt;li&gt;None&lt;/li&gt;
&lt;/ul&gt;


&lt;p&gt;"Signal Dispatcher" daemon prio=10 tid=0x00a0fc00 nid=0x1df8 runnable &lt;span class="error"&gt;&amp;#91;0x00000000&amp;#93;&lt;/span&gt;&lt;br/&gt;
   java.lang.Thread.State: RUNNABLE&lt;/p&gt;

&lt;p&gt;   Locked ownable synchronizers:&lt;/p&gt;
&lt;ul class="alternate" type="square"&gt;
	&lt;li&gt;None&lt;/li&gt;
&lt;/ul&gt;


&lt;p&gt;"Finalizer" daemon prio=8 tid=0x009fe000 nid=0x1384 in Object.wait() &lt;span class="error"&gt;&amp;#91;0x00d0f000&amp;#93;&lt;/span&gt;&lt;br/&gt;
   java.lang.Thread.State: WAITING (on object monitor)&lt;br/&gt;
	at java.lang.Object.wait(Native Method)&lt;/p&gt;
&lt;ul class="alternate" type="square"&gt;
	&lt;li&gt;waiting on &amp;lt;0x29440288&amp;gt; (a java.lang.ref.ReferenceQueue$Lock)&lt;br/&gt;
	at java.lang.ref.ReferenceQueue.remove(ReferenceQueue.java:135)&lt;/li&gt;
	&lt;li&gt;locked &amp;lt;0x29440288&amp;gt; (a java.lang.ref.ReferenceQueue$Lock)&lt;br/&gt;
	at java.lang.ref.ReferenceQueue.remove(ReferenceQueue.java:151)&lt;br/&gt;
	at java.lang.ref.Finalizer$FinalizerThread.run(Finalizer.java:177)&lt;/li&gt;
&lt;/ul&gt;


&lt;p&gt;   Locked ownable synchronizers:&lt;/p&gt;
&lt;ul class="alternate" type="square"&gt;
	&lt;li&gt;None&lt;/li&gt;
&lt;/ul&gt;


&lt;p&gt;"Reference Handler" daemon prio=10 tid=0x009f9400 nid=0xe9c in Object.wait() &lt;span class="error"&gt;&amp;#91;0x00e7f000&amp;#93;&lt;/span&gt;&lt;br/&gt;
   java.lang.Thread.State: WAITING (on object monitor)&lt;br/&gt;
	at java.lang.Object.wait(Native Method)&lt;/p&gt;
&lt;ul class="alternate" type="square"&gt;
	&lt;li&gt;waiting on &amp;lt;0x29440310&amp;gt; (a java.lang.ref.Reference$Lock)&lt;br/&gt;
	at java.lang.Object.wait(Object.java:503)&lt;br/&gt;
	at java.lang.ref.Reference$ReferenceHandler.run(Reference.java:133)&lt;/li&gt;
	&lt;li&gt;locked &amp;lt;0x29440310&amp;gt; (a java.lang.ref.Reference$Lock)&lt;/li&gt;
&lt;/ul&gt;


&lt;p&gt;   Locked ownable synchronizers:&lt;/p&gt;
&lt;ul class="alternate" type="square"&gt;
	&lt;li&gt;None&lt;/li&gt;
&lt;/ul&gt;


&lt;p&gt;"main" prio=6 tid=0x003b9800 nid=0x1cc8 waiting on condition &lt;span class="error"&gt;&amp;#91;0x0086e000&amp;#93;&lt;/span&gt;&lt;br/&gt;
   java.lang.Thread.State: WAITING (parking)&lt;br/&gt;
	at sun.misc.Unsafe.park(Native Method)&lt;br/&gt;
	at java.util.concurrent.locks.LockSupport.park(LockSupport.java:315)&lt;br/&gt;
	at org.sonatype.aether.util.concurrency.RunnableErrorForwarder.awaitTerminationOfAllRunnables(RunnableErrorForwarder.java:115)&lt;br/&gt;
	at org.sonatype.aether.util.concurrency.RunnableErrorForwarder.await(RunnableErrorForwarder.java:88)&lt;br/&gt;
	at org.sonatype.aether.connector.wagon.WagonRepositoryConnector.get(WagonRepositoryConnector.java:448)&lt;br/&gt;
	at org.sonatype.aether.impl.internal.DefaultArtifactResolver.resolve(DefaultArtifactResolver.java:457)&lt;br/&gt;
	at org.sonatype.aether.impl.internal.DefaultArtifactResolver.resolveArtifacts(DefaultArtifactResolver.java:216)&lt;br/&gt;
	at org.sonatype.aether.impl.internal.DefaultRepositorySystem.resolveDependencies(DefaultRepositorySystem.java:358)&lt;br/&gt;
	at org.apache.maven.plugin.internal.DefaultPluginDependenciesResolver.resolve(DefaultPluginDependenciesResolver.java:207)&lt;br/&gt;
	at org.apache.maven.plugin.internal.DefaultMavenPluginManager.createPluginRealm(DefaultMavenPluginManager.java:353)&lt;br/&gt;
	at org.apache.maven.plugin.internal.DefaultMavenPluginManager.setupPluginRealm(DefaultMavenPluginManager.java:321)&lt;/p&gt;
&lt;ul class="alternate" type="square"&gt;
	&lt;li&gt;locked &amp;lt;0x295fddc0&amp;gt; (a org.apache.maven.plugin.internal.DefaultMavenPluginManager)&lt;br/&gt;
	at org.apache.maven.plugin.DefaultBuildPluginManager.getPluginRealm(DefaultBuildPluginManager.java:175)&lt;br/&gt;
	at org.apache.maven.plugin.DefaultBuildPluginManager.executeMojo(DefaultBuildPluginManager.java:78)&lt;br/&gt;
	at org.apache.maven.lifecycle.internal.MojoExecutor.execute(MojoExecutor.java:209)&lt;br/&gt;
	at org.apache.maven.lifecycle.internal.MojoExecutor.execute(MojoExecutor.java:153)&lt;br/&gt;
	at org.apache.maven.lifecycle.internal.MojoExecutor.execute(MojoExecutor.java:145)&lt;br/&gt;
	at org.apache.maven.lifecycle.internal.LifecycleModuleBuilder.buildProject(LifecycleModuleBuilder.java:84)&lt;br/&gt;
	at org.apache.maven.lifecycle.internal.LifecycleModuleBuilder.buildProject(LifecycleModuleBuilder.java:59)&lt;br/&gt;
	at org.apache.maven.lifecycle.internal.LifecycleStarter.singleThreadedBuild(LifecycleStarter.java:183)&lt;br/&gt;
	at org.apache.maven.lifecycle.internal.LifecycleStarter.execute(LifecycleStarter.java:161)&lt;br/&gt;
	at org.apache.maven.DefaultMaven.doExecute(DefaultMaven.java:320)&lt;br/&gt;
	at org.apache.maven.DefaultMaven.execute(DefaultMaven.java:156)&lt;br/&gt;
	at org.apache.maven.cli.MavenCli.execute(MavenCli.java:537)&lt;br/&gt;
	at org.apache.maven.cli.MavenCli.doMain(MavenCli.java:196)&lt;br/&gt;
	at org.apache.maven.cli.MavenCli.main(MavenCli.java:141)&lt;br/&gt;
	at sun.reflect.NativeMethodAccessorImpl.invoke0(Native Method)&lt;br/&gt;
	at sun.reflect.NativeMethodAccessorImpl.invoke(NativeMethodAccessorImpl.java:57)&lt;br/&gt;
	at sun.reflect.DelegatingMethodAccessorImpl.invoke(DelegatingMethodAccessorImpl.java:43)&lt;br/&gt;
	at java.lang.reflect.Method.invoke(Method.java:601)&lt;br/&gt;
	at org.codehaus.plexus.classworlds.launcher.Launcher.launchEnhanced(Launcher.java:290)&lt;br/&gt;
	at org.codehaus.plexus.classworlds.launcher.Launcher.launch(Launcher.java:230)&lt;br/&gt;
	at org.codehaus.plexus.classworlds.launcher.Launcher.mainWithExitCode(Launcher.java:409)&lt;br/&gt;
	at org.codehaus.plexus.classworlds.launcher.Launcher.main(Launcher.java:352)&lt;/li&gt;
&lt;/ul&gt;


&lt;p&gt;   Locked ownable synchronizers:&lt;/p&gt;
&lt;ul class="alternate" type="square"&gt;
	&lt;li&gt;None&lt;/li&gt;
&lt;/ul&gt;


&lt;p&gt;"VM Thread" prio=10 tid=0x009f7400 nid=0x18c4 runnable &lt;/p&gt;

&lt;p&gt;"VM Periodic Task Thread" prio=10 tid=0x00a2b800 nid=0x1dd0 waiting on condition &lt;/p&gt;

&lt;p&gt;JNI global references: 245&lt;/p&gt;</comment>
                            <comment id="14417627" author="jukka" created="Sat, 5 May 2012 05:17:56 +0000">&lt;p&gt;Setting &lt;tt&gt;MAVEN_OPTS&lt;/tt&gt; to &lt;tt&gt;-Djava.net.preferIPv4Stack=true&lt;/tt&gt; fixed this problem for me.&lt;/p&gt;

&lt;div class="code panel" style="border-width: 1px;"&gt;&lt;div class="codeContent panelContent"&gt;
&lt;pre class="code-java"&gt;Apache Maven 3.0.4 (r1232337; 2012-01-17 09:44:56+0100)
Maven home: c:\Program Files\apache-maven-3.0.4
Java version: 1.7.0_04, vendor: Oracle Corporation
Java home: c:\Program Files\Java\jdk1.7.0_04\jre
Default locale: en_GB, platform encoding: Cp1252
OS name: &lt;span class="code-quote"&gt;"windows 7"&lt;/span&gt;, version: &lt;span class="code-quote"&gt;"6.1"&lt;/span&gt;, arch: &lt;span class="code-quote"&gt;"amd64"&lt;/span&gt;, family: &lt;span class="code-quote"&gt;"windows"&lt;/span&gt;
&lt;/pre&gt;
&lt;/div&gt;&lt;/div&gt;</comment>
                            <comment id="14417581" author="dcoraboeuf" created="Sat, 12 May 2012 16:03:03 +0000">&lt;blockquote&gt;
&lt;p&gt;Setting &lt;tt&gt;MAVEN_OPTS&lt;/tt&gt; to &lt;tt&gt;-Djava.net.preferIPv4Stack=true&lt;/tt&gt;&lt;/p&gt;&lt;/blockquote&gt;
&lt;p&gt;It seems to do the trick as well &lt;img class="emoticon" src="https://issues.apache.org/jira/images/icons/emoticons/smile.png" height="16" width="16" align="absmiddle" alt="" border="0"/&gt; I'm back to JDK7.&lt;/p&gt;

&lt;p&gt;Thanks,&lt;br/&gt;
Damien.&lt;/p&gt;</comment>
                            <comment id="14417694" author="paoloambrosio" created="Fri, 29 Jun 2012 06:27:06 +0000">&lt;p&gt;Jukka's suggestion fixed my problem as well.&lt;/p&gt;

&lt;p&gt;Apache Maven 3.0.4 (r1232337; 2012-01-17 08:44:56+0000)&lt;br/&gt;
Java version: 1.7.0_05, vendor: Oracle Corporation&lt;br/&gt;
OS name: "windows 7", version: "6.1", arch: "x86", family: "windows"&lt;/p&gt;</comment>
                            <comment id="14417878" author="baerrach" created="Thu, 25 Oct 2012 00:30:24 +0000">&lt;p&gt;This is probably not a bug with Maven but with Java and the IP stack selection.&lt;/p&gt;

&lt;p&gt;Since there is a workaround (i.e. for IPv4), will close this as not a bug.&lt;/p&gt;

&lt;p&gt;Documented at &lt;a href="https://cwiki.apache.org/confluence/display/MAVEN/ConnectException" class="external-link" target="_blank" rel="nofollow noopener"&gt;https://cwiki.apache.org/confluence/display/MAVEN/ConnectException&lt;/a&gt;&lt;/p&gt;</comment>
                            <comment id="14417837" author="baerrach" created="Thu, 25 Oct 2012 00:40:13 +0000">&lt;p&gt;Added code to exception handling to link to &lt;a href="https://cwiki.apache.org/confluence/display/MAVEN/ConnectException" class="external-link" target="_blank" rel="nofollow noopener"&gt;https://cwiki.apache.org/confluence/display/MAVEN/ConnectException&lt;/a&gt;&lt;/p&gt;</comment>
                    </comments>
                    <attachments>
                            <attachment id="12712748" name="dump.tdump" size="13699" author="l.stampf" created="Mon, 22 Aug 2011 10:05:13 +0000" />
                            <attachment id="12713342" name="edb.zip" size="118032" author="l.stampf" created="Mon, 22 Aug 2011 06:18:43 +0000" />
                            <attachment id="12713160" name="java6.jpg" size="143013" author="l.stampf" created="Mon, 22 Aug 2011 06:18:43 +0000" />
                            <attachment id="12713165" name="java7.jpg" size="67592" author="l.stampf" created="Mon, 22 Aug 2011 06:18:43 +0000" />
                    </attachments>
                <subtasks>
                    </subtasks>
                <customfields>
                                                                                                                                                                                                                                                                                                                                                                                                                                                                                                                                                                                                                                                                                                                    <customfield id="customfield_12314020" key="com.atlassian.jira.plugins.jira-development-integration-plugin:devsummary">
                        <customfieldname>Development</customfieldname>
                        <customfieldvalues>
                            
                        </customfieldvalues>
                    </customfield>
                                                                                                                        <customfield id="customfield_12313422" key="com.atlassian.jirafisheyeplugin:jobcheckbox">
                        <customfieldname>Enable Automatic Patch Review</customfieldname>
                        <customfieldvalues>
                            <customfieldvalue>false</customfieldvalue>

                        </customfieldvalues>
                    </customfield>
                                                                                                                                                                                                                                                                                                                                                                                                                                                                                                                                                                                                                    <customfield id="customfield_12310420" key="com.pyxis.greenhopper.jira:gh-global-rank">
                        <customfieldname>Global Rank</customfieldname>
                        <customfieldvalues>
                            <customfieldvalue>9223372036854775807</customfieldvalue>
                        </customfieldvalues>
                    </customfield>
                                                                                                                                                                                                                                                                                                                                                                                                                                                                        <customfield id="customfield_12311820" key="com.pyxis.greenhopper.jira:gh-lexo-rank">
                        <customfieldname>Rank</customfieldname>
                        <customfieldvalues>
                            <customfieldvalue>0|i2949z:</customfieldvalue>

                        </customfieldvalues>
                    </customfield>
                                                                <customfield id="customfield_12310920" key="com.pyxis.greenhopper.jira:gh-global-rank">
                        <customfieldname>Rank (Obsolete)</customfieldname>
                        <customfieldvalues>
                            <customfieldvalue>9223372036854775807</customfieldvalue>
                        </customfieldvalues>
                    </customfield>
                                                                                                                                                                                                                                                                                                                                                                                                                                                                                                                                                                                                                                                                                                                                                                                            </customfields>
    </item>


</channel>
</rss>