<rss version="0.92">
    <channel>
        <title>ASF JIRA</title>
        <link>https://issues.apache.org/jira/issues/?jql=project+%3D+MNG+and+type+%3D+bug+and+%28status+%3D+RESOLVED+or+status+%3D+closed%29</link>
        <description>An XML representation of a search request</description>
                <language>en-uk</language>
                        <issue start="0" end="1000" total="3303" />
                <build-info>
            <version>8.20.7</version>
            <build-number>820007</build-number>
            <build-date>16-03-2022</build-date>
        </build-info>

<item>
            <title>[MNG-5884] mvn script doesn't handle directories containing spaces</title>
                <link>https://issues.apache.org/jira/browse/MNG-5884</link>
                <project id="12316922" key="MNG">Maven</project>
                    <description>&lt;p&gt;find_maven_basedir() doesn't handle a parent directory working directory containing spaces. This causes a "bad variable name" warning when starting mvn.&lt;/p&gt;

&lt;div class="preformatted panel" style="border-width: 1px;"&gt;&lt;div class="preformattedContent panelContent"&gt;
&lt;pre&gt;me@mymachine:~/tmp/space in directory/nospace$ mvn -v
/home/me/local/maven/bin/mvn: 200: local: directory/nospace: bad variable name
Apache Maven 3.3.3 (7994120775791599e205a5524ec3e0dfe41d4a06; 2015-04-22T13:57:37+02:00)
Maven home: /home/me/local/maven
Java version: 1.7.0_79, vendor: Oracle Corporation
Java home: /usr/lib/jvm/java-7-openjdk-amd64/jre
Default locale: fr_FR, platform encoding: UTF-8
OS name: "linux", version: "3.13.0-62-generic", arch: "amd64", family: "unix"&lt;/pre&gt;
&lt;/div&gt;&lt;/div&gt;

&lt;p&gt;I've submitted a patch at &lt;a href="https://github.com/apache/maven/pull/63" class="external-link" target="_blank" rel="nofollow noopener"&gt;https://github.com/apache/maven/pull/63&lt;/a&gt;.&lt;/p&gt;</description>
                <environment />
        <key id="12861371">MNG-5884</key>
            <summary>mvn script doesn't handle directories containing spaces</summary>
                <type id="1" iconUrl="https://issues.apache.org/jira/secure/viewavatar?size=xsmall&amp;avatarId=21133&amp;avatarType=issuetype">Bug</type>
                                            <priority id="4" iconUrl="https://issues.apache.org/jira/images/icons/priorities/minor.svg">Minor</priority>
                        <status id="6" iconUrl="https://issues.apache.org/jira/images/icons/statuses/closed.png" description="The issue is considered finished, the resolution is correct. Issues which are not closed can be reopened.">Closed</status>
                    <statusCategory id="3" key="done" colorName="green" />
                                    <resolution id="1">Fixed</resolution>
                                        <assignee username="hboutemy">Herve Boutemy</assignee>
                                    <reporter username="skitt">Stephen Kitt</reporter>
                        <labels>
                    </labels>
                <created>Wed, 2 Sep 2015 18:50:27 +0000</created>
                <updated>Sat, 5 Sep 2015 11:39:12 +0000</updated>
                            <resolved>Sat, 5 Sep 2015 11:39:12 +0000</resolved>
                                    <version>3.3.3</version>
                                    <fixVersion>3.3.9</fixVersion>
                                    <component>Command Line</component>
                        <due />
                            <votes>0</votes>
                                    <watches>4</watches>
                                                                <comments>
                            <comment id="14727853" author="githubbot" created="Wed, 2 Sep 2015 18:53:10 +0000">&lt;p&gt;Github user skitt commented on the pull request:&lt;/p&gt;

&lt;p&gt;    &lt;a href="https://github.com/apache/maven/pull/63#issuecomment-137209331" class="external-link" target="_blank" rel="nofollow noopener"&gt;https://github.com/apache/maven/pull/63#issuecomment-137209331&lt;/a&gt;&lt;/p&gt;

&lt;p&gt;    I've filed &lt;a href="https://issues.apache.org/jira/browse/MNG-5884" class="external-link" rel="nofollow"&gt;https://issues.apache.org/jira/browse/MNG-5884&lt;/a&gt;.&lt;br/&gt;
    I don't have a Windows installation to test it, but I don't see any particular whitespace handling for MAVEN_PROJECTBASEDIR in mvn.cmd so it might well be affected too.&lt;/p&gt;</comment>
                            <comment id="14731422" author="hboutemy" created="Fri, 4 Sep 2015 21:07:57 +0000">&lt;p&gt;tested successfully&lt;br/&gt;
merged in &lt;a href="http://git-wip-us.apache.org/repos/asf/maven/commit/f0cc5e8a" class="external-link" target="_blank" rel="nofollow noopener"&gt;f0cc5e8a&lt;/a&gt;&lt;br/&gt;
Thank you&lt;/p&gt;

&lt;p&gt;now, I'll check on Windows to see if an equivalent fix is necessary&lt;/p&gt;</comment>
                            <comment id="14731940" author="hboutemy" created="Sat, 5 Sep 2015 11:39:12 +0000">&lt;p&gt;no problem found in Windows scripts&lt;/p&gt;</comment>
                    </comments>
                    <attachments>
                    </attachments>
                <subtasks>
                    </subtasks>
                <customfields>
                                                                                                                                                                                                                                                                                                                                                                                                                                                                                                                                                                                                                                                                                                                    <customfield id="customfield_12314020" key="com.atlassian.jira.plugins.jira-development-integration-plugin:devsummary">
                        <customfieldname>Development</customfieldname>
                        <customfieldvalues>
                            
                        </customfieldvalues>
                    </customfield>
                                                                                                                        <customfield id="customfield_12313422" key="com.atlassian.jirafisheyeplugin:jobcheckbox">
                        <customfieldname>Enable Automatic Patch Review</customfieldname>
                        <customfieldvalues>
                            <customfieldvalue>false</customfieldvalue>

                        </customfieldvalues>
                    </customfield>
                                                                                                                                                                                                                                                                                                                                                        <customfield id="customfield_12310250" key="com.atlassian.jira.plugin.system.customfieldtypes:multicheckboxes">
                        <customfieldname>Flags</customfieldname>
                        <customfieldvalues>
                                <customfieldvalue key="10430">Patch</customfieldvalue>
    
                        </customfieldvalues>
                    </customfield>
                                                                                                                                                                                                                                                                                                <customfield id="customfield_12310420" key="com.pyxis.greenhopper.jira:gh-global-rank">
                        <customfieldname>Global Rank</customfieldname>
                        <customfieldvalues>
                            <customfieldvalue>9223372036854775807</customfieldvalue>
                        </customfieldvalues>
                    </customfield>
                                                                                                                                                                                                                                                                                                                                                                                                                                                                        <customfield id="customfield_12311820" key="com.pyxis.greenhopper.jira:gh-lexo-rank">
                        <customfieldname>Rank</customfieldname>
                        <customfieldvalues>
                            <customfieldvalue>0|i2jppb:</customfieldvalue>

                        </customfieldvalues>
                    </customfield>
                                                                <customfield id="customfield_12310920" key="com.pyxis.greenhopper.jira:gh-global-rank">
                        <customfieldname>Rank (Obsolete)</customfieldname>
                        <customfieldvalues>
                            <customfieldvalue>9223372036854775807</customfieldvalue>
                        </customfieldvalues>
                    </customfield>
                                                                                                                                                                                                                                                                                                                                                                                                                                                                                                                                                                                                                                                                                                                                                                                            </customfields>
    </item>


</channel>
</rss>