<rss version="0.92">
    <channel>
        <title>ASF JIRA</title>
        <link>https://issues.apache.org/jira/issues/?jql=project+%3D+MNG+and+type+%3D+bug+and+%28status+%3D+RESOLVED+or+status+%3D+closed%29</link>
        <description>An XML representation of a search request</description>
                <language>en-uk</language>
                        <issue start="0" end="1000" total="3303" />
                <build-info>
            <version>8.20.7</version>
            <build-number>820007</build-number>
            <build-date>16-03-2022</build-date>
        </build-info>

<item>
            <title>[MNG-5493] Concurrency exception in Maven core while using parallel build</title>
                <link>https://issues.apache.org/jira/browse/MNG-5493</link>
                <project id="12316922" key="MNG">Maven</project>
                    <description>&lt;p&gt;My project uses parallel build for my "deployment" job in Hudson. From time to time, the build failed because of the following &lt;tt&gt;ConcurrencyModificationException&lt;/tt&gt;. This apparently is not a plugin-in bug. Instead, it is a deeper issue in the core. I checked the source code, I think the "Properties" should be replaced by a concurrentHashMap. Accordingt to the java doc of "Properties", it cannot support concurrency.&lt;/p&gt;
&lt;div class="preformatted panel" style="border-width: 1px;"&gt;&lt;div class="preformattedContent panelContent"&gt;
&lt;pre&gt;org.apache.maven.lifecycle.LifecycleExecutionException: Failed to execute goal org.apache.maven.plugins:maven-assembly-plugin:2.4:single (make-assembly) on project ssm-viewer-spread: Execution make-assembly of goal org.apache.maven.plugins:maven-assembly-plugin:2.4:single failed.
	at org.apache.maven.lifecycle.internal.MojoExecutor.execute(MojoExecutor.java:225)
	at org.apache.maven.lifecycle.internal.MojoExecutor.execute(MojoExecutor.java:153)
	at org.apache.maven.lifecycle.internal.MojoExecutor.execute(MojoExecutor.java:145)
	at org.apache.maven.lifecycle.internal.LifecycleModuleBuilder.buildProject(LifecycleModuleBuilder.java:84)
	at org.apache.maven.lifecycle.internal.LifecycleThreadedBuilder$1.call(LifecycleThreadedBuilder.java:167)
	at org.apache.maven.lifecycle.internal.LifecycleThreadedBuilder$1.call(LifecycleThreadedBuilder.java:163)
	at java.util.concurrent.FutureTask$Sync.innerRun(FutureTask.java:334)
	at java.util.concurrent.FutureTask.run(FutureTask.java:166)
	at java.util.concurrent.Executors$RunnableAdapter.call(Executors.java:471)
	at java.util.concurrent.FutureTask$Sync.innerRun(FutureTask.java:334)
	at java.util.concurrent.FutureTask.run(FutureTask.java:166)
	at java.util.concurrent.ThreadPoolExecutor.runWorker(ThreadPoolExecutor.java:1145)
	at java.util.concurrent.ThreadPoolExecutor$Worker.run(ThreadPoolExecutor.java:615)
	at java.lang.Thread.run(Thread.java:722)
Caused by: org.apache.maven.plugin.PluginExecutionException: Execution make-assembly of goal org.apache.maven.plugins:maven-assembly-plugin:2.4:single failed.
	at org.apache.maven.plugin.DefaultBuildPluginManager.executeMojo(DefaultBuildPluginManager.java:110)
	at org.apache.maven.lifecycle.internal.MojoExecutor.execute(MojoExecutor.java:209)
	... 13 more
Caused by: java.util.ConcurrentModificationException
	at java.util.Hashtable$Enumerator.next(Hashtable.java:1200)
	at java.util.Hashtable.putAll(Hashtable.java:614)
	at org.apache.maven.project.DefaultProjectBuildingRequest.setSystemProperties(DefaultProjectBuildingRequest.java:166)
	at org.apache.maven.project.DefaultMavenProjectBuilder.toRequest(DefaultMavenProjectBuilder.java:79)
	at org.apache.maven.project.DefaultMavenProjectBuilder.buildFromRepository(DefaultMavenProjectBuilder.java:229)
	at org.apache.maven.project.DefaultMavenProjectBuilder.buildFromRepository(DefaultMavenProjectBuilder.java:251)
	at org.apache.maven.project.DefaultMavenProjectBuilder.buildFromRepository(DefaultMavenProjectBuilder.java:258)
	at org.apache.maven.plugin.assembly.archive.task.AddDependencySetsTask.addDependencySet(AddDependencySetsTask.java:162)
	at org.apache.maven.plugin.assembly.archive.task.AddDependencySetsTask.execute(AddDependencySetsTask.java:124)
	at org.apache.maven.plugin.assembly.archive.phase.DependencySetAssemblyPhase.execute(DependencySetAssemblyPhase.java:76)
	at org.apache.maven.plugin.assembly.archive.DefaultAssemblyArchiver.createArchive(DefaultAssemblyArchiver.java:183)
	at org.apache.maven.plugin.assembly.mojos.AbstractAssemblyMojo.execute(AbstractAssemblyMojo.java:436)
	at org.apache.maven
&lt;/pre&gt;
&lt;/div&gt;&lt;/div&gt;</description>
                <environment />
        <key id="12797233">MNG-5493</key>
            <summary>Concurrency exception in Maven core while using parallel build</summary>
                <type id="1" iconUrl="https://issues.apache.org/jira/secure/viewavatar?size=xsmall&amp;avatarId=21133&amp;avatarType=issuetype">Bug</type>
                                            <priority id="3" iconUrl="https://issues.apache.org/jira/images/icons/priorities/major.svg">Major</priority>
                        <status id="6" iconUrl="https://issues.apache.org/jira/images/icons/statuses/closed.png" description="The issue is considered finished, the resolution is correct. Issues which are not closed can be reopened.">Closed</status>
                    <statusCategory id="3" key="done" colorName="green" />
                                    <resolution id="3">Duplicate</resolution>
                                        <assignee username="rfscholte">Robert Scholte</assignee>
                                    <reporter username="superterry">Pengfei Zhang</reporter>
                        <labels>
                    </labels>
                <created>Wed, 10 Jul 2013 07:09:28 +0000</created>
                <updated>Fri, 13 Feb 2015 10:13:13 +0000</updated>
                            <resolved>Fri, 13 Feb 2015 10:12:57 +0000</resolved>
                                    <version>3.0.3</version>
                    <version>3.0.5</version>
                                                    <component>Deployment</component>
                    <component>Errors</component>
                    <component>General</component>
                    <component>Plugins and Lifecycle</component>
                        <due />
                            <votes>1</votes>
                                    <watches>5</watches>
                                                                <comments>
                            <comment id="14419273" author="jvanzyl" created="Thu, 23 Jan 2014 11:40:17 +0000">&lt;p&gt;Please read &lt;a href="https://cwiki.apache.org/confluence/display/MAVEN/Submitting+Issue+for+Maven&amp;#39;s+Core" class="external-link" target="_blank" rel="nofollow noopener"&gt;https://cwiki.apache.org/confluence/display/MAVEN/Submitting+Issue+for+Maven's+Core&lt;/a&gt;&lt;/p&gt;

&lt;p&gt;The POMs are all read before the build executes concurrently. So it's hard to diagnose without a sample. If the assembly plugin is modifying these properties at runtime that's probabably not good.&lt;/p&gt;</comment>
                            <comment id="14419676" author="mbeaubie" created="Fri, 6 Jun 2014 19:21:44 +0000">&lt;p&gt;We're facing a similar issue, we see it when doing parallel builds, here's the relevant stack trace:&lt;/p&gt;

&lt;p&gt;Caused by: java.util.ConcurrentModificationException&lt;br/&gt;
	at java.util.Hashtable$Enumerator.next(Hashtable.java:1200)&lt;br/&gt;
	at java.util.Hashtable.putAll(Hashtable.java:614)&lt;br/&gt;
	at org.apache.maven.project.artifact.MavenMetadataSource.getSystemProperties(MavenMetadataSource.java:757)&lt;br/&gt;
	at org.apache.maven.project.artifact.MavenMetadataSource.retrieveRelocatedProject(MavenMetadataSource.java:575)&lt;br/&gt;
	at org.apache.maven.project.artifact.MavenMetadataSource.retrieve(MavenMetadataSource.java:191)&lt;br/&gt;
	at org.apache.maven.repository.legacy.resolver.DefaultLegacyArtifactCollector.recurse(DefaultLegacyArtifactCollector.java:532)&lt;br/&gt;
	at org.apache.maven.repository.legacy.resolver.DefaultLegacyArtifactCollector.recurse(DefaultLegacyArtifactCollector.java:584)&lt;br/&gt;
	at org.apache.maven.repository.legacy.resolver.DefaultLegacyArtifactCollector.collect(DefaultLegacyArtifactCollector.java:144)&lt;br/&gt;
	at org.apache.maven.artifact.resolver.DefaultArtifactResolver.resolve(DefaultArtifactResolver.java:494)&lt;br/&gt;
	at org.apache.maven.artifact.resolver.DefaultArtifactResolver.resolveWithExceptions(DefaultArtifactResolver.java:350)&lt;br/&gt;
	at org.apache.maven.artifact.resolver.DefaultArtifactResolver.resolveTransitively(DefaultArtifactResolver.java:344)&lt;br/&gt;
	at org.apache.maven.artifact.resolver.DefaultArtifactResolver.resolveTransitively(DefaultArtifactResolver.java:319)&lt;br/&gt;
	at org.apache.maven.artifact.resolver.DefaultArtifactResolver.resolveTransitively(DefaultArtifactResolver.java:288)&lt;br/&gt;
	at org.apache.maven.plugin.assembly.artifact.DefaultDependencyResolver.resolveTransitively(DefaultDependencyResolver.java:200)&lt;br/&gt;
	at org.apache.maven.plugin.assembly.artifact.DefaultDependencyResolver.resolve(DefaultDependencyResolver.java:122)&lt;br/&gt;
	at org.apache.maven.plugin.assembly.archive.DefaultAssemblyArchiver.createArchive(DefaultAssemblyArchiver.java:177)&lt;br/&gt;
	at org.apache.maven.plugin.assembly.mojos.AbstractAssemblyMojo.execute(AbstractAssemblyMojo.java:436)&lt;br/&gt;
	at org.apache.maven.plugin.DefaultBuildPluginManager.executeMojo(DefaultBuildPluginManager.java:133)&lt;br/&gt;
	... 14 more&lt;/p&gt;

&lt;p&gt;I looked at the source, this is caused because org.apache.maven.project.artifact.MavenMetadataSource.getSystemProperties is copying System.getProperties() into a new Properties object. The result of System.getProperties() is not cloned, so if another thread gets in there and adds something to the System properites during the copy, you get the exception.&lt;/p&gt;

&lt;p&gt;I'd recommend you go and catch the concurrent mod exception here and re-try. I'll submit a patch in the meantime.&lt;/p&gt;

&lt;p&gt;Thanks,&lt;br/&gt;
Mike&lt;/p&gt;</comment>
                            <comment id="14419824" author="jwalton" created="Sat, 11 Oct 2014 07:32:42 +0000">&lt;p&gt;Looks like this was duplicated, and fixed, as &lt;a href="https://issues.apache.org/jira/browse/MNG-5670" title="ConcurrentModificationException during DefaultMaven.newRepositorySession" class="issue-link" data-issue-key="MNG-5670"&gt;&lt;del&gt;MNG-5670&lt;/del&gt;&lt;/a&gt; (&lt;a href="https://git-wip-us.apache.org/repos/asf?p=maven.git;a=commitdiff;h=8980f67b9b1d0dbc06b68f74a88b9f8589c40e23;hp=e3000a09c94396d7fd7d65fc236904aa07c7f7f2" class="external-link" target="_blank" rel="nofollow noopener"&gt;8980f67b9b1d&lt;/a&gt; in 3.2.3).&lt;/p&gt;</comment>
                    </comments>
                <issuelinks>
                            <issuelinktype id="12310000">
                    <name>Duplicate</name>
                                            <outwardlinks description="duplicates">
                                        <issuelink>
            <issuekey id="12797525">MNG-5670</issuekey>
        </issuelink>
                            </outwardlinks>
                                                        </issuelinktype>
                    </issuelinks>
                <attachments>
                    </attachments>
                <subtasks>
                    </subtasks>
                <customfields>
                                                                                                                                                                                                                                                                                                                                                                                                                                                                                                                                                                                                                                                                                                                    <customfield id="customfield_12314020" key="com.atlassian.jira.plugins.jira-development-integration-plugin:devsummary">
                        <customfieldname>Development</customfieldname>
                        <customfieldvalues>
                            
                        </customfieldvalues>
                    </customfield>
                                                                                                                        <customfield id="customfield_12313422" key="com.atlassian.jirafisheyeplugin:jobcheckbox">
                        <customfieldname>Enable Automatic Patch Review</customfieldname>
                        <customfieldvalues>
                            <customfieldvalue>false</customfieldvalue>

                        </customfieldvalues>
                    </customfield>
                                                                                                                                                                                                                                                                                                                                                                                                                                                                                                                                                                                                                    <customfield id="customfield_12310420" key="com.pyxis.greenhopper.jira:gh-global-rank">
                        <customfieldname>Global Rank</customfieldname>
                        <customfieldvalues>
                            <customfieldvalue>9223372036854775807</customfieldvalue>
                        </customfieldvalues>
                    </customfield>
                                                                                                                                                                                                                                                                                                                                                                                                                                                                        <customfield id="customfield_12311820" key="com.pyxis.greenhopper.jira:gh-lexo-rank">
                        <customfieldname>Rank</customfieldname>
                        <customfieldvalues>
                            <customfieldvalue>0|i2989r:</customfieldvalue>

                        </customfieldvalues>
                    </customfield>
                                                                <customfield id="customfield_12310920" key="com.pyxis.greenhopper.jira:gh-global-rank">
                        <customfieldname>Rank (Obsolete)</customfieldname>
                        <customfieldvalues>
                            <customfieldvalue>9223372036854775807</customfieldvalue>
                        </customfieldvalues>
                    </customfield>
                                                                                                                                                                                                                                                                                                                                                                                                                                                                                                                                                                                                                                                                                                                                                                                            </customfields>
    </item>


</channel>
</rss>