<rss version="0.92">
    <channel>
        <title>ASF JIRA</title>
        <link>https://issues.apache.org/jira/issues/?jql=project+%3D+MNG+and+type+%3D+bug+and+%28status+%3D+RESOLVED+or+status+%3D+closed%29</link>
        <description>An XML representation of a search request</description>
                <language>en-uk</language>
                        <issue start="0" end="1000" total="3303" />
                <build-info>
            <version>8.20.7</version>
            <build-number>820007</build-number>
            <build-date>16-03-2022</build-date>
        </build-info>

<item>
            <title>[MNG-5093] Concurrency issue in plugin version resolution</title>
                <link>https://issues.apache.org/jira/browse/MNG-5093</link>
                <project id="12316922" key="MNG">Maven</project>
                    <description>&lt;p&gt;Issue initially posted on aether-user mailing list in topic "Aether, plugin maven-metadata.xml, and server authentication" from today (May 13th 2011). Unfortunatelly I couldn't find mailing list archive to post a reference.&lt;/p&gt;

&lt;p&gt;I tried to build &lt;tt&gt;&lt;a href="https://github.com/SpringSource/spring-data-commons" class="external-link" target="_blank" rel="nofollow noopener"&gt;https://github.com/SpringSource/spring-data-commons&lt;/a&gt;&lt;/tt&gt; from environment configured to use a mirror of central repository which requires authentication. POMs in the project configure executions of maven-compiler-plugin, maven-sources-plugin, and maven-surefire-plugin but without specifying version of these plugins. Mavan build prints warnings that plugin versions should be set, but continues only to fail with &lt;span class="error"&gt;&amp;#91;1&amp;#93;&lt;/span&gt;. Because &lt;tt&gt;AuthorizationException&lt;/tt&gt; is reported I thought it was authentication issue.&lt;/p&gt;


&lt;p&gt;Then I checked-out aether 1.11 (Maven 3.0.3 uses it) and debugged. I placed a breakpoint in &lt;tt&gt;WagonRepositoryConnector&lt;/tt&gt;, in get method, within loop over metadataDownloads. When build starts, and plugins (metadata) are about to be resolved, 3 threads appear paused in debugger - it seems Maven starts them, one for each plugin repository (2 configured in pom and third is central) to download plugin metadata in parallel from the repositories. If I let just one thread at a time to continue plugin maven-metadata.xml file gets downloaded from mirror-of-central and build is successful (so it's not security/authentication/credentials issue).&lt;/p&gt;

&lt;p&gt;Then Benjamin Bentmann suggested that I try setting aether.metadataResolver.threads=1. After that, resolving metadata and plugins passes well, which made me conclude this is concurrency issue. Setting aether.metadataResolver.threads=2 build also passes. For aether.metadataResolver.threads=3 build fails. From &lt;a href="https://issues.sonatype.org/browse/AETHER-26" class="external-link" target="_blank" rel="nofollow noopener"&gt;https://issues.sonatype.org/browse/AETHER-26&lt;/a&gt; it seems default is 4 threads in pool.&lt;/p&gt;

&lt;p&gt;When testing before build I first delete org/apache/maven/plugins directory in local repo to force version resolving from remote repo to reproduce the bug.&lt;/p&gt;

&lt;p&gt;When build fails in local repo in org/apache/maven/plugins/maven-comiler-plugin only &lt;tt&gt;resolver-status.properties&lt;/tt&gt; file is available.&lt;/p&gt;

&lt;p&gt;On Benjamins suggestion I also tried using asynchttp connector and it worked well.&lt;/p&gt;

&lt;p&gt;&lt;span class="error"&gt;&amp;#91;1&amp;#93;&lt;/span&gt; Maven build error stack trace&lt;/p&gt;
&lt;div class="code panel" style="border-width: 1px;"&gt;&lt;div class="codeContent panelContent"&gt;
&lt;pre class="code-java"&gt;c:\Users\s.slavic\spring-data-commons&amp;gt;mvn clean verify -U -X
Apache Maven 3.0.3 (r1075438; 2011-02-28 18:31:09+0100)
Maven home: d:\java\maven\apache-maven-3.0.3\bin\..
Java version: 1.6.0_24, vendor: Sun Microsystems Inc.
Java home: d:\java\jdk\jdk1.6.0_24-x64\jre
Default locale: en_US, platform encoding: Cp1252
OS name: &lt;span class="code-quote"&gt;"windows 7"&lt;/span&gt;, version: &lt;span class="code-quote"&gt;"6.1"&lt;/span&gt;, arch: &lt;span class="code-quote"&gt;"amd64"&lt;/span&gt;, family: &lt;span class="code-quote"&gt;"windows"&lt;/span&gt;
[INFO] Error stacktraces are turned on.
[DEBUG] Reading global settings from d:\java\maven\apache-maven-3.0.3\bin\..\conf\settings.xml
[DEBUG] Reading user settings from C:\Users\s.slavic\.m2\settings.xml
[DEBUG] Using local repository at C:\Users\s.slavic\.m2\repository
[DEBUG] Using manager EnhancedLocalRepositoryManager with priority 10 &lt;span class="code-keyword"&gt;for&lt;/span&gt; C:\Users\s.slavic\.m2\repository
[INFO] Scanning &lt;span class="code-keyword"&gt;for&lt;/span&gt; projects...
[DEBUG] org.springframework.build.aws:org.springframework.build.aws.maven:jar:3.1.0.RELEASE:
[DEBUG]    commons-httpclient:commons-httpclient:jar:3.1:compile
[DEBUG]       commons-logging:commons-logging:jar:1.0.4:compile
[DEBUG]       commons-codec:commons-codec:jar:1.2:compile
[DEBUG]    net.java.dev.jets3t:jets3t:jar:0.8.0:compile
[DEBUG]       com.jamesmurty.utils:java-xmlbuilder:jar:0.4:compile
[DEBUG]    org.codehaus.plexus:plexus-utils:jar:1.1:runtime
[DEBUG] Created &lt;span class="code-keyword"&gt;new&lt;/span&gt; &lt;span class="code-keyword"&gt;class &lt;/span&gt;realm maven.api
[DEBUG] Importing foreign packages into &lt;span class="code-keyword"&gt;class &lt;/span&gt;realm maven.api
[DEBUG]   Imported: org.apache.maven.wagon.events &amp;lt; plexus.core
[DEBUG]   Imported: org.sonatype.aether.transfer &amp;lt; plexus.core
[DEBUG]   Imported: org.apache.maven.exception &amp;lt; plexus.core
[DEBUG]   Imported: org.sonatype.aether.metadata &amp;lt; plexus.core
[DEBUG]   Imported: org.codehaus.plexus.util.xml.Xpp3Dom &amp;lt; plexus.core
[DEBUG]   Imported: org.sonatype.aether.collection &amp;lt; plexus.core
[DEBUG]   Imported: org.sonatype.aether.version &amp;lt; plexus.core
[DEBUG]   Imported: org.apache.maven.monitor &amp;lt; plexus.core
[DEBUG]   Imported: org.apache.maven.wagon.repository &amp;lt; plexus.core
[DEBUG]   Imported: org.apache.maven.repository &amp;lt; plexus.core
[DEBUG]   Imported: org.apache.maven.wagon.resource &amp;lt; plexus.core
[DEBUG]   Imported: org.codehaus.plexus.logging &amp;lt; plexus.core
[DEBUG]   Imported: org.apache.maven.profiles &amp;lt; plexus.core
[DEBUG]   Imported: org.sonatype.aether.repository &amp;lt; plexus.core
[DEBUG]   Imported: org.apache.maven.classrealm &amp;lt; plexus.core
[DEBUG]   Imported: org.apache.maven.execution &amp;lt; plexus.core
[DEBUG]   Imported: org.sonatype.aether.artifact &amp;lt; plexus.core
[DEBUG]   Imported: org.sonatype.aether.spi &amp;lt; plexus.core
[DEBUG]   Imported: org.apache.maven.reporting &amp;lt; plexus.core
[DEBUG]   Imported: org.apache.maven.usability &amp;lt; plexus.core
[DEBUG]   Imported: org.codehaus.plexus.container &amp;lt; plexus.core
[DEBUG]   Imported: org.codehaus.plexus.component &amp;lt; plexus.core
[DEBUG]   Imported: org.codehaus.plexus.util.xml.pull.XmlSerializer &amp;lt; plexus.core
[DEBUG]   Imported: org.apache.maven.wagon.authentication &amp;lt; plexus.core
[DEBUG]   Imported: org.apache.maven.lifecycle &amp;lt; plexus.core
[DEBUG]   Imported: org.codehaus.plexus.classworlds &amp;lt; plexus.core
[DEBUG]   Imported: org.sonatype.aether.graph &amp;lt; plexus.core
[DEBUG]   Imported: org.sonatype.aether.* &amp;lt; plexus.core
[DEBUG]   Imported: org.apache.maven.settings &amp;lt; plexus.core
[DEBUG]   Imported: org.codehaus.classworlds &amp;lt; plexus.core
[DEBUG]   Imported: org.sonatype.aether.impl &amp;lt; plexus.core
[DEBUG]   Imported: org.apache.maven.wagon.* &amp;lt; plexus.core
[DEBUG]   Imported: org.apache.maven.toolchain &amp;lt; plexus.core
[DEBUG]   Imported: org.sonatype.aether.deployment &amp;lt; plexus.core
[DEBUG]   Imported: org.apache.maven.wagon.observers &amp;lt; plexus.core
[DEBUG]   Imported: org.codehaus.plexus.util.xml.pull.XmlPullParserException &amp;lt; plexus.core
[DEBUG]   Imported: org.codehaus.plexus.util.xml.pull.XmlPullParser &amp;lt; plexus.core
[DEBUG]   Imported: org.apache.maven.configuration &amp;lt; plexus.core
[DEBUG]   Imported: org.apache.maven.cli &amp;lt; plexus.core
[DEBUG]   Imported: org.sonatype.aether.installation &amp;lt; plexus.core
[DEBUG]   Imported: org.codehaus.plexus.context &amp;lt; plexus.core
[DEBUG]   Imported: org.apache.maven.wagon.authorization &amp;lt; plexus.core
[DEBUG]   Imported: org.apache.maven.project &amp;lt; plexus.core
[DEBUG]   Imported: org.apache.maven.rtinfo &amp;lt; plexus.core
[DEBUG]   Imported: org.codehaus.plexus.lifecycle &amp;lt; plexus.core
[DEBUG]   Imported: org.codehaus.plexus.configuration &amp;lt; plexus.core
[DEBUG]   Imported: org.apache.maven.artifact &amp;lt; plexus.core
[DEBUG]   Imported: org.apache.maven.model &amp;lt; plexus.core
[DEBUG]   Imported: org.apache.maven.* &amp;lt; plexus.core
[DEBUG]   Imported: org.apache.maven.wagon.proxy &amp;lt; plexus.core
[DEBUG]   Imported: org.sonatype.aether.resolution &amp;lt; plexus.core
[DEBUG]   Imported: org.apache.maven.plugin &amp;lt; plexus.core
[DEBUG]   Imported: org.codehaus.plexus.* &amp;lt; plexus.core
[DEBUG]   Imported: org.codehaus.plexus.personality &amp;lt; plexus.core
[DEBUG] Populating &lt;span class="code-keyword"&gt;class &lt;/span&gt;realm maven.api
[DEBUG] Created &lt;span class="code-keyword"&gt;new&lt;/span&gt; &lt;span class="code-keyword"&gt;class &lt;/span&gt;realm extension&amp;gt;org.springframework.build.aws:org.springframework.build.aws.maven:3.1.0.RELEAS
E
[DEBUG] Importing foreign packages into &lt;span class="code-keyword"&gt;class &lt;/span&gt;realm extension&amp;gt;org.springframework.build.aws:org.springframework.build.aw
s.maven:3.1.0.RELEASE
[DEBUG]   Imported:  &amp;lt; maven.api
[DEBUG] Populating &lt;span class="code-keyword"&gt;class &lt;/span&gt;realm extension&amp;gt;org.springframework.build.aws:org.springframework.build.aws.maven:3.1.0.RELEASE

[DEBUG]   Included: org.springframework.build.aws:org.springframework.build.aws.maven:jar:3.1.0.RELEASE
[DEBUG]   Included: commons-httpclient:commons-httpclient:jar:3.1
[DEBUG]   Included: commons-logging:commons-logging:jar:1.0.4
[DEBUG]   Included: commons-codec:commons-codec:jar:1.2
[DEBUG]   Included: net.java.dev.jets3t:jets3t:jar:0.8.0
[DEBUG]   Included: com.jamesmurty.utils:java-xmlbuilder:jar:0.4
[DEBUG]   Included: org.codehaus.plexus:plexus-utils:jar:1.1
[DEBUG] Extension realms &lt;span class="code-keyword"&gt;for&lt;/span&gt; project org.springframework.data:spring-data-commons-dist:pom:1.1.0.BUILD-SNAPSHOT: [ClassR
ealm[extension&amp;gt;org.springframework.build.aws:org.springframework.build.aws.maven:3.1.0.RELEASE, parent: sun.misc.Launche
r$AppClassLoader@32f4a24a]]
[DEBUG] Created &lt;span class="code-keyword"&gt;new&lt;/span&gt; &lt;span class="code-keyword"&gt;class &lt;/span&gt;realm project&amp;gt;org.springframework.data:spring-data-commons-dist:1.1.0.BUILD-SNAPSHOT
[DEBUG] Populating &lt;span class="code-keyword"&gt;class &lt;/span&gt;realm project&amp;gt;org.springframework.data:spring-data-commons-dist:1.1.0.BUILD-SNAPSHOT
[DEBUG] Looking up lifecyle mappings &lt;span class="code-keyword"&gt;for&lt;/span&gt; packaging pom from ClassRealm[project&amp;gt;org.springframework.data:spring-data-comm
ons-dist:1.1.0.BUILD-SNAPSHOT, parent: ClassRealm[maven.api, parent: &lt;span class="code-keyword"&gt;null&lt;/span&gt;]]
[DEBUG] org.springframework.build.aws:org.springframework.build.aws.maven:jar:3.1.0.RELEASE:
[DEBUG]    commons-httpclient:commons-httpclient:jar:3.1:compile
[DEBUG]       commons-logging:commons-logging:jar:1.0.4:compile
[DEBUG]       commons-codec:commons-codec:jar:1.2:compile
[DEBUG]    net.java.dev.jets3t:jets3t:jar:0.8.0:compile
[DEBUG]       com.jamesmurty.utils:java-xmlbuilder:jar:0.4:compile
[DEBUG]    org.codehaus.plexus:plexus-utils:jar:1.1:runtime
[DEBUG] Extension realms &lt;span class="code-keyword"&gt;for&lt;/span&gt; project org.springframework.data:spring-data-commons-parent:pom:1.1.0.BUILD-SNAPSHOT: [Clas
sRealm[extension&amp;gt;org.springframework.build.aws:org.springframework.build.aws.maven:3.1.0.RELEASE, parent: sun.misc.Launc
her$AppClassLoader@32f4a24a]]
[DEBUG] Looking up lifecyle mappings &lt;span class="code-keyword"&gt;for&lt;/span&gt; packaging pom from ClassRealm[project&amp;gt;org.springframework.data:spring-data-comm
ons-dist:1.1.0.BUILD-SNAPSHOT, parent: ClassRealm[maven.api, parent: &lt;span class="code-keyword"&gt;null&lt;/span&gt;]]
[DEBUG] Extension realms &lt;span class="code-keyword"&gt;for&lt;/span&gt; project org.springframework.data:spring-data-commons-core:jar:1.1.0.BUILD-SNAPSHOT: [ClassR
ealm[extension&amp;gt;org.springframework.build.aws:org.springframework.build.aws.maven:3.1.0.RELEASE, parent: sun.misc.Launche
r$AppClassLoader@32f4a24a]]
[DEBUG] Looking up lifecyle mappings &lt;span class="code-keyword"&gt;for&lt;/span&gt; packaging jar from ClassRealm[project&amp;gt;org.springframework.data:spring-data-comm
ons-dist:1.1.0.BUILD-SNAPSHOT, parent: ClassRealm[maven.api, parent: &lt;span class="code-keyword"&gt;null&lt;/span&gt;]]
[WARNING]
[WARNING] Some problems were encountered &lt;span class="code-keyword"&gt;while&lt;/span&gt; building the effective model &lt;span class="code-keyword"&gt;for&lt;/span&gt; org.springframework.data:spring-data-com
mons-parent:pom:1.1.0.BUILD-SNAPSHOT
[WARNING] &lt;span class="code-quote"&gt;'build.plugins.plugin.version'&lt;/span&gt; &lt;span class="code-keyword"&gt;for&lt;/span&gt; org.apache.maven.plugins:maven-compiler-plugin is missing. @ line 254, colu
mn 12
[WARNING] &lt;span class="code-quote"&gt;'build.plugins.plugin.version'&lt;/span&gt; &lt;span class="code-keyword"&gt;for&lt;/span&gt; org.apache.maven.plugins:maven-surefire-plugin is missing. @ line 273, colu
mn 12
[WARNING] &lt;span class="code-quote"&gt;'build.plugins.plugin.version'&lt;/span&gt; &lt;span class="code-keyword"&gt;for&lt;/span&gt; org.apache.maven.plugins:maven-source-plugin is missing. @ line 288, column
 12
[WARNING]
[WARNING] Some problems were encountered &lt;span class="code-keyword"&gt;while&lt;/span&gt; building the effective model &lt;span class="code-keyword"&gt;for&lt;/span&gt; org.springframework.data:spring-data-com
mons-core:jar:1.1.0.BUILD-SNAPSHOT
[WARNING] &lt;span class="code-quote"&gt;'build.plugins.plugin.version'&lt;/span&gt; &lt;span class="code-keyword"&gt;for&lt;/span&gt; org.apache.maven.plugins:maven-compiler-plugin is missing. @ org.springfram
ework.data:spring-data-commons-parent:1.1.0.BUILD-SNAPSHOT, C:\Users\s.slavic\spring-data-commons\spring-data-commons-pa
rent\pom.xml, line 254, column 12
[WARNING] &lt;span class="code-quote"&gt;'build.plugins.plugin.version'&lt;/span&gt; &lt;span class="code-keyword"&gt;for&lt;/span&gt; org.apache.maven.plugins:maven-surefire-plugin is missing. @ org.springfram
ework.data:spring-data-commons-parent:1.1.0.BUILD-SNAPSHOT, C:\Users\s.slavic\spring-data-commons\spring-data-commons-pa
rent\pom.xml, line 273, column 12
[WARNING] &lt;span class="code-quote"&gt;'build.plugins.plugin.version'&lt;/span&gt; &lt;span class="code-keyword"&gt;for&lt;/span&gt; org.apache.maven.plugins:maven-source-plugin is missing. @ org.springframew
ork.data:spring-data-commons-parent:1.1.0.BUILD-SNAPSHOT, C:\Users\s.slavic\spring-data-commons\spring-data-commons-pare
nt\pom.xml, line 288, column 12
[WARNING]
[WARNING] Some problems were encountered &lt;span class="code-keyword"&gt;while&lt;/span&gt; building the effective model &lt;span class="code-keyword"&gt;for&lt;/span&gt; org.springframework.data:spring-data-com
mons-dist:pom:1.1.0.BUILD-SNAPSHOT
[WARNING] The expression ${pom.version} is deprecated. Please use ${project.version} instead.
[WARNING] &lt;span class="code-quote"&gt;'reporting.plugins.plugin.version'&lt;/span&gt; &lt;span class="code-keyword"&gt;for&lt;/span&gt; org.apache.maven.plugins:maven-source-plugin is missing. @ line 285, co
lumn 12
[WARNING] &lt;span class="code-quote"&gt;'reporting.plugins.plugin.version'&lt;/span&gt; &lt;span class="code-keyword"&gt;for&lt;/span&gt; org.codehaus.mojo:jxr-maven-plugin is missing. @ line 289, column 12
[WARNING] &lt;span class="code-quote"&gt;'reporting.plugins.plugin.version'&lt;/span&gt; &lt;span class="code-keyword"&gt;for&lt;/span&gt; org.codehaus.mojo:jdepend-maven-plugin is missing. @ line 319, column 1
2
[WARNING] &lt;span class="code-quote"&gt;'reporting.plugins.plugin.version'&lt;/span&gt; &lt;span class="code-keyword"&gt;for&lt;/span&gt; org.apache.maven.plugins:maven-pmd-plugin is missing. @ line 323, colum
n 12
[WARNING]
[WARNING] It is highly recommended to fix these problems because they threaten the stability of your build.
[WARNING]
[WARNING] For &lt;span class="code-keyword"&gt;this&lt;/span&gt; reason, &lt;span class="code-keyword"&gt;future&lt;/span&gt; Maven versions might no longer support building such malformed projects.
[WARNING]
[INFO] ------------------------------------------------------------------------
[INFO] Reactor Build Order:
[INFO]
[INFO] Spring Data Commons Parent
[INFO] Spring Data Commons Core
[INFO] Spring Data Commons Distribution
[DEBUG] === REACTOR BUILD PLAN ================================================
[DEBUG] Project: org.springframework.data:spring-data-commons-parent:pom:1.1.0.BUILD-SNAPSHOT
[DEBUG] Tasks:   [clean, verify]
[DEBUG] Style:   Regular
[DEBUG] -----------------------------------------------------------------------
[DEBUG] Project: org.springframework.data:spring-data-commons-core:jar:1.1.0.BUILD-SNAPSHOT
[DEBUG] Tasks:   [clean, verify]
[DEBUG] Style:   Regular
[DEBUG] -----------------------------------------------------------------------
[DEBUG] Project: org.springframework.data:spring-data-commons-dist:pom:1.1.0.BUILD-SNAPSHOT
[DEBUG] Tasks:   [clean, verify]
[DEBUG] Style:   Regular
[DEBUG] =======================================================================
[INFO]
[INFO] ------------------------------------------------------------------------
[INFO] Building Spring Data Commons Parent 1.1.0.BUILD-SNAPSHOT
[INFO] ------------------------------------------------------------------------
[DEBUG] Resolving plugin version &lt;span class="code-keyword"&gt;for&lt;/span&gt; org.apache.maven.plugins:maven-compiler-plugin
[DEBUG] Could not find metadata org.apache.maven.plugins:maven-compiler-plugin/maven-metadata.xml in local (C:\Users\s.s
lavic\.m2\repository)
[DEBUG] [DEBUG] Using connector WagonRepositoryConnector with priority 0 &lt;span class="code-keyword"&gt;for&lt;/span&gt; https:&lt;span class="code-comment"&gt;//repo.foo-bar.com/content/groups/mirro
&lt;/span&gt;r-of-central as s.slavic
Using connector WagonRepositoryConnector with priority 0 &lt;span class="code-keyword"&gt;for&lt;/span&gt; http:&lt;span class="code-comment"&gt;//repository.springsource.com/maven/bundles/release
&lt;/span&gt;[DEBUG] Using connector WagonRepositoryConnector with priority 0 &lt;span class="code-keyword"&gt;for&lt;/span&gt; http:&lt;span class="code-comment"&gt;//maven.springframework.org/release
&lt;/span&gt;Downloading: http:&lt;span class="code-comment"&gt;//repository.springsource.com/maven/bundles/release/org/apache/maven/plugins/maven-compiler-plugin/mav
&lt;/span&gt;en-metadata.xml
Downloading: https:&lt;span class="code-comment"&gt;//repo.foo-bar.com/content/groups/mirror-of-central/org/apache/maven/plugins/maven-compiler-plugin/mave
&lt;/span&gt;n-metadata.xml
Downloading: http:&lt;span class="code-comment"&gt;//maven.springframework.org/release/org/apache/maven/plugins/maven-compiler-plugin/maven-metadata.xml
&lt;/span&gt;[DEBUG] Reading resolution tracking file C:\Users\s.slavic\.m2\repository\org\apache\maven\plugins\maven-compiler-plugin
\resolver-status.properties
[DEBUG] Writing resolution tracking file C:\Users\s.slavic\.m2\repository\org\apache\maven\plugins\maven-compiler-plugin
\resolver-status.properties
[DEBUG] Reading resolution tracking file C:\Users\s.slavic\.m2\repository\org\apache\maven\plugins\maven-compiler-plugin
\resolver-status.properties
[DEBUG] Writing resolution tracking file C:\Users\s.slavic\.m2\repository\org\apache\maven\plugins\maven-compiler-plugin
\resolver-status.properties
[DEBUG] Reading resolution tracking file C:\Users\s.slavic\.m2\repository\org\apache\maven\plugins\maven-compiler-plugin
\resolver-status.properties
[DEBUG] Writing resolution tracking file C:\Users\s.slavic\.m2\repository\org\apache\maven\plugins\maven-compiler-plugin
\resolver-status.properties
[DEBUG] Could not find metadata org.apache.maven.plugins:maven-compiler-plugin/maven-metadata.xml in repository.plugin.s
pringsource.release (http:&lt;span class="code-comment"&gt;//repository.springsource.com/maven/bundles/release)
&lt;/span&gt;[DEBUG] Could not find metadata org.apache.maven.plugins:maven-compiler-plugin/maven-metadata.xml in repository.springfr
amework.maven.release (http:&lt;span class="code-comment"&gt;//maven.springframework.org/release)
&lt;/span&gt;[WARNING] Could not transfer metadata org.apache.maven.plugins:maven-compiler-plugin/maven-metadata.xml from/to foo-bar-mi
rror-central (https:&lt;span class="code-comment"&gt;//repo.foo-bar.com/content/groups/mirror-of-central): Access denied to: https://repo.foo-bar.com/content
&lt;/span&gt;/groups/mirror-of-central/org/apache/maven/plugins/maven-compiler-plugin/maven-metadata.xml
org.sonatype.aether.transfer.MetadataTransferException: Could not transfer metadata org.apache.maven.plugins:maven-compi
ler-plugin/maven-metadata.xml from/to foo-bar-mirror-central (https:&lt;span class="code-comment"&gt;//repo.foo-bar.com/content/groups/mirror-of-central): Ac
&lt;/span&gt;cess denied to: https:&lt;span class="code-comment"&gt;//repo.foo-bar.com/content/groups/mirror-of-central/org/apache/maven/plugins/maven-compiler-plugin/m
&lt;/span&gt;aven-metadata.xml
        at org.sonatype.aether.connector.wagon.WagonRepositoryConnector$3.wrap(WagonRepositoryConnector.java:932)
        at org.sonatype.aether.connector.wagon.WagonRepositoryConnector$3.wrap(WagonRepositoryConnector.java:923)
        at org.sonatype.aether.connector.wagon.WagonRepositoryConnector$GetTask.flush(WagonRepositoryConnector.java:695)

        at org.sonatype.aether.connector.wagon.WagonRepositoryConnector$GetTask.flush(WagonRepositoryConnector.java:689)

        at org.sonatype.aether.connector.wagon.WagonRepositoryConnector.get(WagonRepositoryConnector.java:445)
        at org.sonatype.aether.impl.internal.DefaultMetadataResolver$ResolveTask.run(DefaultMetadataResolver.java:567)
        at org.sonatype.aether.util.concurrency.RunnableErrorForwarder$1.run(RunnableErrorForwarder.java:64)
        at java.util.concurrent.ThreadPoolExecutor$Worker.runTask(ThreadPoolExecutor.java:886)
        at java.util.concurrent.ThreadPoolExecutor$Worker.run(ThreadPoolExecutor.java:908)
        at java.lang.&lt;span class="code-object"&gt;Thread&lt;/span&gt;.run(&lt;span class="code-object"&gt;Thread&lt;/span&gt;.java:662)
Caused by: org.apache.maven.wagon.authorization.AuthorizationException: Access denied to: https:&lt;span class="code-comment"&gt;//repo.foo-bar.com/content
&lt;/span&gt;/groups/mirror-of-central/org/apache/maven/plugins/maven-compiler-plugin/maven-metadata.xml
        at org.apache.maven.wagon.providers.http.LightweightHttpWagon.fillInputData(LightweightHttpWagon.java:119)
        at org.apache.maven.wagon.StreamWagon.getInputStream(StreamWagon.java:116)
        at org.apache.maven.wagon.StreamWagon.getIfNewer(StreamWagon.java:88)
        at org.apache.maven.wagon.StreamWagon.get(StreamWagon.java:61)
        at org.sonatype.aether.connector.wagon.WagonRepositoryConnector$GetTask.run(WagonRepositoryConnector.java:608)
        ... 4 more
[INFO] ------------------------------------------------------------------------
[INFO] Reactor Summary:
[INFO]
[INFO] Spring Data Commons Parent ........................ FAILURE [1.764s]
[INFO] Spring Data Commons Core .......................... SKIPPED
[INFO] Spring Data Commons Distribution .................. SKIPPED
[INFO] ------------------------------------------------------------------------
[INFO] BUILD FAILURE
[INFO] ------------------------------------------------------------------------
[INFO] Total time: 2.229s
[INFO] Finished at: Fri May 13 17:45:42 CEST 2011
[INFO] Final Memory: 5M/490M
[INFO] ------------------------------------------------------------------------
[ERROR] Error resolving version &lt;span class="code-keyword"&gt;for&lt;/span&gt; plugin &lt;span class="code-quote"&gt;'org.apache.maven.plugins:maven-compiler-plugin'&lt;/span&gt; from the repositories [local
 (C:\Users\s.slavic\.m2\repository), repository.plugin.springsource.release (http:&lt;span class="code-comment"&gt;//repository.springsource.com/maven/bu
&lt;/span&gt;ndles/release), repository.springframework.maven.release (http:&lt;span class="code-comment"&gt;//maven.springframework.org/release), foo-bar-mirror-centra
&lt;/span&gt;l (https:&lt;span class="code-comment"&gt;//repo.foo-bar.com/content/groups/mirror-of-central)]: Plugin not found in any plugin repository -&amp;gt; [Help 1]
&lt;/span&gt;org.apache.maven.plugin.version.PluginVersionResolutionException: Error resolving version &lt;span class="code-keyword"&gt;for&lt;/span&gt; plugin 'org.apache.maven.p
lugins:maven-compiler-plugin' from the repositories [local (C:\Users\s.slavic\.m2\repository), repository.plugin.springs
ource.release (http:&lt;span class="code-comment"&gt;//repository.springsource.com/maven/bundles/release), repository.springframework.maven.release (http
&lt;/span&gt;:&lt;span class="code-comment"&gt;//maven.springframework.org/release), foo-bar-mirror-central (https://repo.foo-bar.com/content/groups/mirror-of-central)]:
&lt;/span&gt;Plugin not found in any plugin repository
        at org.apache.maven.plugin.version.internal.DefaultPluginVersionResolver.selectVersion(DefaultPluginVersionResol
ver.java:237)
        at org.apache.maven.plugin.version.internal.DefaultPluginVersionResolver.resolveFromRepository(DefaultPluginVers
ionResolver.java:149)
        at org.apache.maven.plugin.version.internal.DefaultPluginVersionResolver.resolve(DefaultPluginVersionResolver.ja
va:97)
        at org.apache.maven.lifecycle.internal.LifecyclePluginResolver.resolveMissingPluginVersions(LifecyclePluginResol
ver.java:72)
        at org.apache.maven.lifecycle.internal.DefaultLifecycleExecutionPlanCalculator.calculateExecutionPlan(DefaultLif
ecycleExecutionPlanCalculator.java:110)
        at org.apache.maven.lifecycle.internal.DefaultLifecycleExecutionPlanCalculator.calculateExecutionPlan(DefaultLif
ecycleExecutionPlanCalculator.java:129)
        at org.apache.maven.lifecycle.internal.BuilderCommon.resolveBuildPlan(BuilderCommon.java:92)
        at org.apache.maven.lifecycle.internal.LifecycleModuleBuilder.buildProject(LifecycleModuleBuilder.java:81)
        at org.apache.maven.lifecycle.internal.LifecycleModuleBuilder.buildProject(LifecycleModuleBuilder.java:59)
        at org.apache.maven.lifecycle.internal.LifecycleStarter.singleThreadedBuild(LifecycleStarter.java:183)
        at org.apache.maven.lifecycle.internal.LifecycleStarter.execute(LifecycleStarter.java:161)
        at org.apache.maven.DefaultMaven.doExecute(DefaultMaven.java:319)
        at org.apache.maven.DefaultMaven.execute(DefaultMaven.java:156)
        at org.apache.maven.cli.MavenCli.execute(MavenCli.java:537)
        at org.apache.maven.cli.MavenCli.doMain(MavenCli.java:196)
        at org.apache.maven.cli.MavenCli.main(MavenCli.java:141)
        at sun.reflect.NativeMethodAccessorImpl.invoke0(Native Method)
        at sun.reflect.NativeMethodAccessorImpl.invoke(NativeMethodAccessorImpl.java:39)
        at sun.reflect.DelegatingMethodAccessorImpl.invoke(DelegatingMethodAccessorImpl.java:25)
        at java.lang.reflect.Method.invoke(Method.java:597)
        at org.codehaus.plexus.classworlds.launcher.Launcher.launchEnhanced(Launcher.java:290)
        at org.codehaus.plexus.classworlds.launcher.Launcher.launch(Launcher.java:230)
        at org.codehaus.plexus.classworlds.launcher.Launcher.mainWithExitCode(Launcher.java:409)
        at org.codehaus.plexus.classworlds.launcher.Launcher.main(Launcher.java:352)
[ERROR]
[ERROR]
[ERROR] For more information about the errors and possible solutions, please read the following articles:
[ERROR] [Help 1] http:&lt;span class="code-comment"&gt;//cwiki.apache.org/confluence/display/MAVEN/PluginVersionResolutionException&lt;/span&gt;
&lt;/pre&gt;
&lt;/div&gt;&lt;/div&gt;</description>
                <environment>Java 1.6 update 24, x64&lt;br/&gt;
Windows 7 x64</environment>
        <key id="12795982">MNG-5093</key>
            <summary>Concurrency issue in plugin version resolution</summary>
                <type id="1" iconUrl="https://issues.apache.org/jira/secure/viewavatar?size=xsmall&amp;avatarId=21133&amp;avatarType=issuetype">Bug</type>
                                            <priority id="3" iconUrl="https://issues.apache.org/jira/images/icons/priorities/major.svg">Major</priority>
                        <status id="6" iconUrl="https://issues.apache.org/jira/images/icons/statuses/closed.png" description="The issue is considered finished, the resolution is correct. Issues which are not closed can be reopened.">Closed</status>
                    <statusCategory id="3" key="done" colorName="green" />
                                    <resolution id="4">Incomplete</resolution>
                                        <assignee username="-1">Unassigned</assignee>
                                    <reporter username="sslavic">Stevo Slavi&#263;</reporter>
                        <labels>
                    </labels>
                <created>Fri, 13 May 2011 11:12:53 +0000</created>
                <updated>Wed, 22 Jan 2014 20:31:25 +0000</updated>
                            <resolved>Wed, 22 Jan 2014 20:31:25 +0000</resolved>
                                    <version>3.0.3</version>
                                                    <component>Errors</component>
                        <due />
                            <votes>1</votes>
                                    <watches>4</watches>
                                                                <comments>
                            <comment id="14418910" author="jvanzyl" created="Wed, 22 Jan 2014 20:23:34 +0000">&lt;p&gt;Please refer to &lt;a href="https://cwiki.apache.org/confluence/display/MAVEN/The+Great+JIRA+Cleanup+of+2014" class="external-link" target="_blank" rel="nofollow noopener"&gt;https://cwiki.apache.org/confluence/display/MAVEN/The+Great+JIRA+Cleanup+of+2014&lt;/a&gt;&lt;/p&gt;</comment>
                            <comment id="14418751" author="jvanzyl" created="Wed, 22 Jan 2014 20:31:25 +0000">&lt;p&gt;Please refer to &lt;a href="https://cwiki.apache.org/confluence/display/MAVEN/The+Great+JIRA+Cleanup+of+2014" class="external-link" target="_blank" rel="nofollow noopener"&gt;https://cwiki.apache.org/confluence/display/MAVEN/The+Great+JIRA+Cleanup+of+2014&lt;/a&gt; if you're wondering why this issue was closed out.&lt;/p&gt;</comment>
                    </comments>
                    <attachments>
                    </attachments>
                <subtasks>
                    </subtasks>
                <customfields>
                                                                                                                                                                                                                                                                                                                                                                                                                                                                                                                                                                                                                                                                                                                    <customfield id="customfield_12314020" key="com.atlassian.jira.plugins.jira-development-integration-plugin:devsummary">
                        <customfieldname>Development</customfieldname>
                        <customfieldvalues>
                            
                        </customfieldvalues>
                    </customfield>
                                                                                                                        <customfield id="customfield_12313422" key="com.atlassian.jirafisheyeplugin:jobcheckbox">
                        <customfieldname>Enable Automatic Patch Review</customfieldname>
                        <customfieldvalues>
                            <customfieldvalue>false</customfieldvalue>

                        </customfieldvalues>
                    </customfield>
                                                                                                                                                                                                                                                                                                                                                                                                                                                                                                                                                                                                                    <customfield id="customfield_12310420" key="com.pyxis.greenhopper.jira:gh-global-rank">
                        <customfieldname>Global Rank</customfieldname>
                        <customfieldvalues>
                            <customfieldvalue>9223372036854775807</customfieldvalue>
                        </customfieldvalues>
                    </customfield>
                                                                                                                                                                                                                                                                                                                                                                                                                                                                        <customfield id="customfield_12311820" key="com.pyxis.greenhopper.jira:gh-lexo-rank">
                        <customfieldname>Rank</customfieldname>
                        <customfieldvalues>
                            <customfieldvalue>0|i292fb:</customfieldvalue>

                        </customfieldvalues>
                    </customfield>
                                                                <customfield id="customfield_12310920" key="com.pyxis.greenhopper.jira:gh-global-rank">
                        <customfieldname>Rank (Obsolete)</customfieldname>
                        <customfieldvalues>
                            <customfieldvalue>9223372036854775807</customfieldvalue>
                        </customfieldvalues>
                    </customfield>
                                                                                                                                                                                                                                                                                                                                                                                                                                                                                                                                                                                                                                                                                                                                                                                            </customfields>
    </item>


</channel>
</rss>