<rss version="0.92">
    <channel>
        <title>ASF JIRA</title>
        <link>https://issues.apache.org/jira/issues/?jql=project+%3D+MNG+and+type+%3D+bug+and+%28status+%3D+RESOLVED+or+status+%3D+closed%29</link>
        <description>An XML representation of a search request</description>
                <language>en-uk</language>
                        <issue start="0" end="1000" total="3303" />
                <build-info>
            <version>8.20.7</version>
            <build-number>820007</build-number>
            <build-date>16-03-2022</build-date>
        </build-info>

<item>
            <title>[MNG-5113] NullPointerException on javadoc site generation</title>
                <link>https://issues.apache.org/jira/browse/MNG-5113</link>
                <project id="12316922" key="MNG">Maven</project>
                    <description>&lt;p&gt;Dear codehaus developers,&lt;/p&gt;

&lt;p&gt;Today I encountered a pretty serious error, while trying to generate javadocs for my code. This was the first time I added the reporting part to my pom. Site generation worked fine without this part. After I added this part, maven gave me a NullPointerException.&lt;br/&gt;
It was very easy for me to reproduce the bug. I created an empty directory and put the following pom there:&lt;/p&gt;
&lt;div class="code panel" style="border-width: 1px;"&gt;&lt;div class="codeHeader panelHeader" style="border-bottom-width: 1px;"&gt;&lt;b&gt;pom.xml&lt;/b&gt;&lt;/div&gt;&lt;div class="codeContent panelContent"&gt;
&lt;pre class="code-xml"&gt;&lt;span class="code-tag"&gt;&amp;lt;?xml version=&lt;span class="code-quote"&gt;"1.0"&lt;/span&gt;?&amp;gt;&lt;/span&gt;
&amp;lt;project xsi:schemaLocation=&lt;span class="code-quote"&gt;"http://maven.apache.org/POM/4.0.0 http://maven.apache.org/xsd/maven-4.0.0.xsd"&lt;/span&gt; xmlns=&lt;span class="code-quote"&gt;"http://maven.apache.org/POM/4.0.0"&lt;/span&gt;
    &lt;span class="code-keyword"&gt;xmlns:xsi&lt;/span&gt;=&lt;span class="code-quote"&gt;"http://www.w3.org/2001/XMLSchema-instance"&lt;/span&gt;&amp;gt;
  &lt;span class="code-tag"&gt;&amp;lt;modelVersion&amp;gt;&lt;/span&gt;4.0.0&lt;span class="code-tag"&gt;&amp;lt;/modelVersion&amp;gt;&lt;/span&gt;
  &lt;span class="code-tag"&gt;&amp;lt;groupId&amp;gt;&lt;/span&gt;Test&lt;span class="code-tag"&gt;&amp;lt;/groupId&amp;gt;&lt;/span&gt;
  &lt;span class="code-tag"&gt;&amp;lt;artifactId&amp;gt;&lt;/span&gt;test&lt;span class="code-tag"&gt;&amp;lt;/artifactId&amp;gt;&lt;/span&gt;
  &lt;span class="code-tag"&gt;&amp;lt;version&amp;gt;&lt;/span&gt;1.0-SNAPSHOT&lt;span class="code-tag"&gt;&amp;lt;/version&amp;gt;&lt;/span&gt;

  &lt;span class="code-tag"&gt;&amp;lt;reporting&amp;gt;&lt;/span&gt;
    &lt;span class="code-tag"&gt;&amp;lt;plugins&amp;gt;&lt;/span&gt;
      &lt;span class="code-tag"&gt;&amp;lt;plugin&amp;gt;&lt;/span&gt;
        &lt;span class="code-tag"&gt;&amp;lt;groupId&amp;gt;&lt;/span&gt;org.apache.maven.plugins&lt;span class="code-tag"&gt;&amp;lt;/groupId&amp;gt;&lt;/span&gt;
        &lt;span class="code-tag"&gt;&amp;lt;artefactId&amp;gt;&lt;/span&gt;maven-javadoc-plugin&lt;span class="code-tag"&gt;&amp;lt;/artefactId&amp;gt;&lt;/span&gt;
        &lt;span class="code-tag"&gt;&amp;lt;version&amp;gt;&lt;/span&gt;2.8&lt;span class="code-tag"&gt;&amp;lt;/version&amp;gt;&lt;/span&gt;
      &lt;span class="code-tag"&gt;&amp;lt;/plugin&amp;gt;&lt;/span&gt;
    &lt;span class="code-tag"&gt;&amp;lt;/plugins&amp;gt;&lt;/span&gt;
  &lt;span class="code-tag"&gt;&amp;lt;/reporting&amp;gt;&lt;/span&gt;
&lt;span class="code-tag"&gt;&amp;lt;/project&amp;gt;&lt;/span&gt;
&lt;/pre&gt;
&lt;/div&gt;&lt;/div&gt;
&lt;p&gt;Then I ran:&lt;/p&gt;
&lt;div class="code panel" style="border-width: 1px;"&gt;&lt;div class="codeContent panelContent"&gt;
&lt;pre class="code-java"&gt;mvn site&lt;/pre&gt;
&lt;/div&gt;&lt;/div&gt;

&lt;p&gt;I've attached the debugging output and this example pom to this report.&lt;/p&gt;

&lt;p&gt;Best regards,&lt;/p&gt;

&lt;p&gt;Chris&lt;/p&gt;</description>
                <environment>Archlinux 2.6.36 (x86) </environment>
        <key id="12797167">MNG-5113</key>
            <summary>NullPointerException on javadoc site generation</summary>
                <type id="1" iconUrl="https://issues.apache.org/jira/secure/viewavatar?size=xsmall&amp;avatarId=21133&amp;avatarType=issuetype">Bug</type>
                                            <priority id="3" iconUrl="https://issues.apache.org/jira/images/icons/priorities/major.svg">Major</priority>
                        <status id="6" iconUrl="https://issues.apache.org/jira/images/icons/statuses/closed.png" description="The issue is considered finished, the resolution is correct. Issues which are not closed can be reopened.">Closed</status>
                    <statusCategory id="3" key="done" colorName="green" />
                                    <resolution id="1">Fixed</resolution>
                                        <assignee username="bentmann">Benjamin Bentmann</assignee>
                                    <reporter username="palaga">Christian</reporter>
                        <labels>
                    </labels>
                <created>Tue, 7 Jun 2011 09:08:09 +0000</created>
                <updated>Wed, 27 Jul 2011 05:36:49 +0000</updated>
                            <resolved>Wed, 27 Jul 2011 05:36:48 +0000</resolved>
                                    <version>3.0.3</version>
                                    <fixVersion>3.0.4</fixVersion>
                                    <component>Sites &amp;amp; Reporting</component>
                        <due />
                            <votes>0</votes>
                                    <watches>1</watches>
                                                                <comments>
                            <comment id="14417174" author="palaga" created="Tue, 7 Jun 2011 09:23:48 +0000">&lt;p&gt;Ok, all this was caused by a little typo. I typed artefact instead of artifact. I didn't noticed that, at the time of writing. After I submitted the bug, I added the plugin to the build plugin list, this generated an error, saying that I had a typo in my pom. So this was all by fault.&lt;br/&gt;
Still, I'll leave the issue open, since I the NullPointerException thrown, shouldn't have been thrown. This should've been the typo-error (Non-parsable POM), which I got after adding the plugin to the build section.&lt;/p&gt;

&lt;p&gt;Chris.&lt;/p&gt;</comment>
                            <comment id="14417283" author="bentmann" created="Wed, 27 Jul 2011 05:36:49 +0000">&lt;p&gt;Fixed in &lt;a href="http://svn.apache.org/viewvc?view=revision&amp;amp;revision=1151420" class="external-link" target="_blank" rel="nofollow noopener"&gt;r1151420&lt;/a&gt;.&lt;/p&gt;</comment>
                    </comments>
                    <attachments>
                            <attachment id="12713258" name="debug.log" size="2895" author="palaga" created="Tue, 7 Jun 2011 09:08:11 +0000" />
                            <attachment id="12712686" name="pom.xml" size="598" author="palaga" created="Tue, 7 Jun 2011 09:08:11 +0000" />
                    </attachments>
                <subtasks>
                    </subtasks>
                <customfields>
                                                                                                                                                                                                                                                                                                                                                                                                                                                                                                                                                                                                                                                                                                                    <customfield id="customfield_12314020" key="com.atlassian.jira.plugins.jira-development-integration-plugin:devsummary">
                        <customfieldname>Development</customfieldname>
                        <customfieldvalues>
                            
                        </customfieldvalues>
                    </customfield>
                                                                                                                        <customfield id="customfield_12313422" key="com.atlassian.jirafisheyeplugin:jobcheckbox">
                        <customfieldname>Enable Automatic Patch Review</customfieldname>
                        <customfieldvalues>
                            <customfieldvalue>false</customfieldvalue>

                        </customfieldvalues>
                    </customfield>
                                                                                                                                                                                                                                                                                                                                                                                                                                                                                                                                                                                                                    <customfield id="customfield_12310420" key="com.pyxis.greenhopper.jira:gh-global-rank">
                        <customfieldname>Global Rank</customfieldname>
                        <customfieldvalues>
                            <customfieldvalue>9223372036854775807</customfieldvalue>
                        </customfieldvalues>
                    </customfield>
                                                                                                                                                                                                                                                                                                                                                                                                                                                                        <customfield id="customfield_12311820" key="com.pyxis.greenhopper.jira:gh-lexo-rank">
                        <customfieldname>Rank</customfieldname>
                        <customfieldvalues>
                            <customfieldvalue>0|i28wdr:</customfieldvalue>

                        </customfieldvalues>
                    </customfield>
                                                                <customfield id="customfield_12310920" key="com.pyxis.greenhopper.jira:gh-global-rank">
                        <customfieldname>Rank (Obsolete)</customfieldname>
                        <customfieldvalues>
                            <customfieldvalue>9223372036854775807</customfieldvalue>
                        </customfieldvalues>
                    </customfield>
                                                                                                                                                                                                                                                                                                                                                                                                                                                                                                                                                                                                                                                                                                                                                                                            </customfields>
    </item>


</channel>
</rss>