<rss version="0.92">
    <channel>
        <title>ASF JIRA</title>
        <link>https://issues.apache.org/jira/issues/?jql=project+%3D+MNG+and+type+%3D+bug+and+%28status+%3D+RESOLVED+or+status+%3D+closed%29</link>
        <description>An XML representation of a search request</description>
                <language>en-uk</language>
                        <issue start="0" end="1000" total="3303" />
                <build-info>
            <version>8.20.7</version>
            <build-number>820007</build-number>
            <build-date>16-03-2022</build-date>
        </build-info>

<item>
            <title>[MNG-5448] Putting dll/so-type dependencies on java.library.path by default</title>
                <link>https://issues.apache.org/jira/browse/MNG-5448</link>
                <project id="12316922" key="MNG">Maven</project>
                    <description>&lt;p&gt;Many people are using Maven to build products that are using native dependencies (e. g. using JNI directly or indirectly). These people have to declare in some way this dependency, so Maven will download the DLL/SO to &lt;span class="error"&gt;&amp;#91;target&amp;#93;&lt;/span&gt;. But what they also need is to tell Java that the target folder has to be scanned for the DLL/SO, hence they need to set java.library path.&lt;/p&gt;

&lt;p&gt;There are several solutions but all of them lack one thing: They are no default but always do "tricks". This is a problem, because:&lt;/p&gt;

&lt;ul&gt;
	&lt;li&gt;m2e needs to tell Eclipse where to find DLLs.&lt;/li&gt;
	&lt;li&gt;There might be other tools that want to read or write the POM.&lt;/li&gt;
	&lt;li&gt;How should different tools understand that DLL dependencies are to be put on java.library.path if there is no STANDARD way to find this information in the POM?&lt;/li&gt;
&lt;/ul&gt;


&lt;p&gt;The only "real" solution would be that Maven 3.1 clearly defines the one and only unique way!&lt;/p&gt;

&lt;p&gt;In my opinion the way clearly means:&lt;/p&gt;

&lt;ul&gt;
	&lt;li&gt;Clearly define that any &amp;lt;packaging&amp;gt;dll&amp;lt;/packaging&amp;gt; and &amp;lt;packaging&amp;gt;exe&amp;lt;/packaging&amp;gt; dependencies MUST be put to &lt;span class="error"&gt;&amp;#91;target/native&amp;#93;&lt;/span&gt; and that &lt;span class="error"&gt;&amp;#91;target/native&amp;#93;&lt;/span&gt; MUST be part of java.library.path!&lt;/li&gt;
&lt;/ul&gt;


&lt;p&gt;That way, it will become most simple to use any DLL/SO as a dependency, either Maven-built or not. And it will be absolutely clear to m2e and any other tools that such dependencies must be told to Eclipse and other environments as to be put on the java.library.path!&lt;/p&gt;

&lt;p&gt;I do not say that it must exactly work THIS way, but what I really like to say is that Maven MUST provide ONE and EXACTLY ONE clear and unambiguous way to tell ANY POM-reading tool that a dependency is a DLL/SO and MUST be found on java.library.path in turn.&lt;/p&gt;

&lt;p&gt;This is NOT up to the POM author, as it is pretty clear that ANY DLL/SO that is a dependency only serves the single and simple purpose of BEING on java.library.path &amp;#8211; otherwise one would not have made it a dependency!&lt;/p&gt;

&lt;p&gt;I mean, ANY JAR dependency is put on the CLASSPATH already, so it makes pretty much sense to do the same with DLL/SO dependency and java.library.path!&lt;/p&gt;</description>
                <environment />
        <key id="12797223">MNG-5448</key>
            <summary>Putting dll/so-type dependencies on java.library.path by default</summary>
                <type id="1" iconUrl="https://issues.apache.org/jira/secure/viewavatar?size=xsmall&amp;avatarId=21133&amp;avatarType=issuetype">Bug</type>
                                            <priority id="3" iconUrl="https://issues.apache.org/jira/images/icons/priorities/major.svg">Major</priority>
                        <status id="6" iconUrl="https://issues.apache.org/jira/images/icons/statuses/closed.png" description="The issue is considered finished, the resolution is correct. Issues which are not closed can be reopened.">Closed</status>
                    <statusCategory id="3" key="done" colorName="green" />
                                    <resolution id="10000">Auto Closed</resolution>
                                        <assignee username="-1">Unassigned</assignee>
                                    <reporter username="mkarg">Markus Karg</reporter>
                        <labels>
                    </labels>
                <created>Thu, 7 Mar 2013 13:05:31 +0000</created>
                <updated>Sun, 13 Jan 2019 23:43:30 +0000</updated>
                            <resolved>Sun, 13 Jan 2019 23:43:29 +0000</resolved>
                                                                        <due />
                            <votes>1</votes>
                                    <watches>5</watches>
                                                                <comments>
                            <comment id="14419444" author="jvanzyl" created="Sat, 15 Feb 2014 09:07:51 +0000">&lt;p&gt;What does the NAR plugin do here? I consider that the standard way of dealing with native code in Maven.&lt;/p&gt;</comment>
                            <comment id="14421310" author="andreas.aronsson" created="Sat, 15 Feb 2014 09:31:26 +0000">&lt;p&gt;Seems NAR generates a pretty long path. &lt;br/&gt;
They discuss the NAR in the thread leading up to this issue:&lt;br/&gt;
&lt;a href="http://maven.40175.n5.nabble.com/How-to-tell-Maven-to-put-DLL-dependency-into-java-library-path-td5748568.html" class="external-link" target="_blank" rel="nofollow noopener"&gt;http://maven.40175.n5.nabble.com/How-to-tell-Maven-to-put-DLL-dependency-into-java-library-path-td5748568.html&lt;/a&gt;&lt;br/&gt;
I think the last reply may be the answer for this issue. If that looks allright it would be nice to have in docs for NAR I guess. &lt;/p&gt;</comment>
                            <comment id="14419458" author="mkarg" created="Sat, 15 Feb 2014 09:42:54 +0000">&lt;p&gt;What I proposed is that Maven learns to deal with binary dependencies in a very sophisticated and simple-to-use way.&lt;br/&gt;
NAR does not do that. It puts up a heavy load on the user and the runtime system.&lt;br/&gt;
Until today, nobody was able to provide a simple and easy to apply config example how NAR could solve the issue I expressed in the above feature request.&lt;br/&gt;
Hence I really beg that Maven will provide a &amp;lt;type&amp;gt;dll&amp;lt;/type&amp;gt; DEPENDENCY support (this is about DEPENDENCIES, not about PRODUCING binary packages)! &lt;img class="emoticon" src="https://issues.apache.org/jira/images/icons/emoticons/smile.png" height="16" width="16" align="absmiddle" alt="" border="0"/&gt;&lt;/p&gt;

&lt;p&gt;If someone knows a dead-simple solution &lt;em&gt;with&lt;/em&gt; NAR, then please post the config NOW AND HERE so we can all be happy without a change in Maven. &lt;img class="emoticon" src="https://issues.apache.org/jira/images/icons/emoticons/wink.png" height="16" width="16" align="absmiddle" alt="" border="0"/&gt;&lt;/p&gt;

&lt;p&gt;Regards&lt;br/&gt;
-Markus&lt;/p&gt;</comment>
                            <comment id="16741685" author="slachiewicz" created="Sun, 13 Jan 2019 23:43:16 +0000">&lt;p&gt;This issue has been auto closed because it has been inactive for a long period of time. If you think this issue still applies, retest your problem with the most recent version of Maven and the affected component, reopen and post your results.&lt;/p&gt;</comment>
                    </comments>
                    <attachments>
                    </attachments>
                <subtasks>
                    </subtasks>
                <customfields>
                                                                                                                                                                                                                                                                                                                                                                                                                                                                                                                                                                                                                                                                                                                    <customfield id="customfield_12314020" key="com.atlassian.jira.plugins.jira-development-integration-plugin:devsummary">
                        <customfieldname>Development</customfieldname>
                        <customfieldvalues>
                            
                        </customfieldvalues>
                    </customfield>
                                                                                                                        <customfield id="customfield_12313422" key="com.atlassian.jirafisheyeplugin:jobcheckbox">
                        <customfieldname>Enable Automatic Patch Review</customfieldname>
                        <customfieldvalues>
                            <customfieldvalue>false</customfieldvalue>

                        </customfieldvalues>
                    </customfield>
                                                                                                                                                                                                                                                                                                                                                                                                                                                                                                                                                                                                                    <customfield id="customfield_12310420" key="com.pyxis.greenhopper.jira:gh-global-rank">
                        <customfieldname>Global Rank</customfieldname>
                        <customfieldvalues>
                            <customfieldvalue>9223372036854775807</customfieldvalue>
                        </customfieldvalues>
                    </customfield>
                                                                                                                                                                                                                                                                                                                                                                                                                                                                        <customfield id="customfield_12311820" key="com.pyxis.greenhopper.jira:gh-lexo-rank">
                        <customfieldname>Rank</customfieldname>
                        <customfieldvalues>
                            <customfieldvalue>0|i28nhz:</customfieldvalue>

                        </customfieldvalues>
                    </customfield>
                                                                <customfield id="customfield_12310920" key="com.pyxis.greenhopper.jira:gh-global-rank">
                        <customfieldname>Rank (Obsolete)</customfieldname>
                        <customfieldvalues>
                            <customfieldvalue>9223372036854775807</customfieldvalue>
                        </customfieldvalues>
                    </customfield>
                                                                                                                                                                                                                                                                                                                                                                                                                                                                                                                                                                                                                                                                                                                                                                                            </customfields>
    </item>


</channel>
</rss>