<rss version="0.92">
    <channel>
        <title>ASF JIRA</title>
        <link>https://issues.apache.org/jira/issues/?jql=project+%3D+MNG+and+type+%3D+bug+and+%28status+%3D+RESOLVED+or+status+%3D+closed%29</link>
        <description>An XML representation of a search request</description>
                <language>en-uk</language>
                        <issue start="0" end="1000" total="3303" />
                <build-info>
            <version>8.20.7</version>
            <build-number>820007</build-number>
            <build-date>16-03-2022</build-date>
        </build-info>

<item>
            <title>[MNG-5629] ClosedChannelException from DefaultUpdateCheckManager.read</title>
                <link>https://issues.apache.org/jira/browse/MNG-5629</link>
                <project id="12316922" key="MNG">Maven</project>
                    <description>&lt;p&gt;I ran a build in debug mode (&lt;tt&gt;mvn -X&lt;/tt&gt;) and noticed the following bug (repeatedly):&lt;/p&gt;
&lt;div class="preformatted panel" style="border-width: 1px;"&gt;&lt;div class="preformattedContent panelContent"&gt;
&lt;pre&gt;[DEBUG] Error releasing shared lock for resolution tracking file: C:\Users\awhitford\.m2\repository\org\apache\maven\plugins\maven-war-plugin\resolver-status.properties
java.nio.channels.ClosedChannelException
	at sun.nio.ch.FileLockImpl.release(FileLockImpl.java:58)
	at org.apache.maven.repository.legacy.DefaultUpdateCheckManager.read(DefaultUpdateCheckManager.java:396)
	at org.apache.maven.repository.legacy.DefaultUpdateCheckManager.readLastUpdated(DefaultUpdateCheckManager.java:323)
	at org.apache.maven.repository.legacy.DefaultUpdateCheckManager.readLastUpdated(DefaultUpdateCheckManager.java:159)
	at org.apache.maven.repository.legacy.DefaultUpdateCheckManager.isUpdateRequired(DefaultUpdateCheckManager.java:148)
	at org.apache.maven.artifact.repository.metadata.DefaultRepositoryMetadataManager.resolve(DefaultRepositoryMetadataManager.java:127)
	at org.apache.maven.project.artifact.MavenMetadataSource.retrieveAvailableVersions(MavenMetadataSource.java:435)
	at org.apache.maven.project.artifact.MavenMetadataSource.retrieveAvailableVersions(MavenMetadataSource.java:425)
	at org.codehaus.mojo.versions.api.DefaultVersionsHelper.lookupArtifactVersions(DefaultVersionsHelper.java:229)
	at org.codehaus.mojo.versions.api.DefaultVersionsHelper.lookupPluginUpdates(DefaultVersionsHelper.java:727)
	at org.codehaus.mojo.versions.api.DefaultVersionsHelper.lookupPluginsUpdates(DefaultVersionsHelper.java:706)
	at org.codehaus.mojo.versions.PluginUpdatesReport.doGenerateReport(PluginUpdatesReport.java:103)
	at org.codehaus.mojo.versions.AbstractVersionsReport.executeReport(AbstractVersionsReport.java:253)
	at org.apache.maven.reporting.AbstractMavenReport.generate(AbstractMavenReport.java:90)
	at org.apache.maven.plugins.site.ReportDocumentRenderer.renderDocument(ReportDocumentRenderer.java:228)
	at org.apache.maven.doxia.siterenderer.DefaultSiteRenderer.renderModule(DefaultSiteRenderer.java:319)
	at org.apache.maven.doxia.siterenderer.DefaultSiteRenderer.render(DefaultSiteRenderer.java:135)
	at org.apache.maven.plugins.site.SiteMojo.renderLocale(SiteMojo.java:175)
	at org.apache.maven.plugins.site.SiteMojo.execute(SiteMojo.java:138)
	at org.apache.maven.plugin.DefaultBuildPluginManager.executeMojo(DefaultBuildPluginManager.java:133)
	at org.apache.maven.lifecycle.internal.MojoExecutor.execute(MojoExecutor.java:208)
	at org.apache.maven.lifecycle.internal.MojoExecutor.execute(MojoExecutor.java:153)
	at org.apache.maven.lifecycle.internal.MojoExecutor.execute(MojoExecutor.java:145)
	at org.apache.maven.lifecycle.internal.LifecycleModuleBuilder.buildProject(LifecycleModuleBuilder.java:108)
	at org.apache.maven.lifecycle.internal.LifecycleModuleBuilder.buildProject(LifecycleModuleBuilder.java:76)
	at org.apache.maven.lifecycle.internal.builder.singlethreaded.SingleThreadedBuilder.build(SingleThreadedBuilder.java:51)
	at org.apache.maven.lifecycle.internal.LifecycleStarter.execute(LifecycleStarter.java:116)
	at org.apache.maven.DefaultMaven.doExecute(DefaultMaven.java:361)
	at org.apache.maven.DefaultMaven.execute(DefaultMaven.java:155)
	at org.apache.maven.cli.MavenCli.execute(MavenCli.java:584)
	at org.apache.maven.cli.MavenCli.doMain(MavenCli.java:213)
	at org.apache.maven.cli.MavenCli.main(MavenCli.java:157)
	at sun.reflect.NativeMethodAccessorImpl.invoke0(Native Method)
	at sun.reflect.NativeMethodAccessorImpl.invoke(NativeMethodAccessorImpl.java:57)
	at sun.reflect.DelegatingMethodAccessorImpl.invoke(DelegatingMethodAccessorImpl.java:43)
	at java.lang.reflect.Method.invoke(Method.java:606)
	at org.codehaus.plexus.classworlds.launcher.Launcher.launchEnhanced(Launcher.java:289)
	at org.codehaus.plexus.classworlds.launcher.Launcher.launch(Launcher.java:229)
	at org.codehaus.plexus.classworlds.launcher.Launcher.mainWithExitCode(Launcher.java:415)
	at org.codehaus.plexus.classworlds.launcher.Launcher.main(Launcher.java:356)
&lt;/pre&gt;
&lt;/div&gt;&lt;/div&gt;

&lt;p&gt;I traced the bug to the &lt;tt&gt;DefaultUpdateCheckManager.read&lt;/tt&gt; method.  &lt;a href="http://maven.apache.org/ref/3.2.1/apidocs/src-html/org/apache/maven/repository/legacy/DefaultUpdateCheckManager.html#line.396" class="external-link" target="_blank" rel="nofollow noopener"&gt;Line 396&lt;/a&gt; is releasing a FileLock, but the &lt;tt&gt;FileInputStream&lt;/tt&gt; has already been closed by &lt;a href="http://maven.apache.org/ref/3.2.1/apidocs/src-html/org/apache/maven/repository/legacy/DefaultUpdateCheckManager.html#line.381" class="external-link" target="_blank" rel="nofollow noopener"&gt;Line 381&lt;/a&gt;.&lt;/p&gt;</description>
                <environment>Windows 7, Java 7 updated 25</environment>
        <key id="12797255">MNG-5629</key>
            <summary>ClosedChannelException from DefaultUpdateCheckManager.read</summary>
                <type id="1" iconUrl="https://issues.apache.org/jira/secure/viewavatar?size=xsmall&amp;avatarId=21133&amp;avatarType=issuetype">Bug</type>
                                            <priority id="3" iconUrl="https://issues.apache.org/jira/images/icons/priorities/major.svg">Major</priority>
                        <status id="6" iconUrl="https://issues.apache.org/jira/images/icons/statuses/closed.png" description="The issue is considered finished, the resolution is correct. Issues which are not closed can be reopened.">Closed</status>
                    <statusCategory id="3" key="done" colorName="green" />
                                    <resolution id="1">Fixed</resolution>
                                        <assignee username="schulte77">Christian Schulte</assignee>
                                    <reporter username="awhitford">Anthony Whitford</reporter>
                        <labels>
                    </labels>
                <created>Mon, 5 May 2014 22:06:39 +0000</created>
                <updated>Sat, 28 Mar 2020 14:59:43 +0000</updated>
                            <resolved>Mon, 16 Jan 2017 03:05:21 +0000</resolved>
                                    <version>3.2.1</version>
                                    <fixVersion>3.5.0-alpha-1</fixVersion>
                    <fixVersion>3.5.0</fixVersion>
                                        <due />
                            <votes>0</votes>
                                    <watches>10</watches>
                                                                <comments>
                            <comment id="14419565" author="jvanzyl" created="Wed, 7 May 2014 07:47:47 +0000">&lt;p&gt;Do you have a little sample project you provide or what you ran so we can reproduce this?&lt;/p&gt;</comment>
                            <comment id="14419601" author="awhitford" created="Wed, 14 May 2014 01:56:58 +0000">&lt;p&gt;It looks like it is the &lt;tt&gt;site&lt;/tt&gt; phase that causes this error:  &lt;tt&gt;mvn -X site&lt;/tt&gt;&lt;br/&gt;
You can use this project to replicate the issue:  &lt;a href="https://github.com/awhitford/lombok.maven" class="external-link" target="_blank" rel="nofollow noopener"&gt;https://github.com/awhitford/lombok.maven&lt;/a&gt;&lt;/p&gt;

&lt;p&gt;Also note that I was able to reproduce the issue on a Mac too, so this isn't limited to Windows.&lt;br/&gt;
And I was not able to replicate the issue with Maven 3.0.5, so this seems limited to 3.2.1.&lt;/p&gt;</comment>
                            <comment id="14419774" author="jvanzyl" created="Thu, 12 Jun 2014 01:40:55 +0000">&lt;p&gt;Possibly caused by a different version of the site plugin, and not Maven itself?&lt;/p&gt;</comment>
                            <comment id="14419785" author="awhitford" created="Mon, 7 Jul 2014 00:11:18 +0000">&lt;p&gt;Who owns &lt;a href="http://maven.apache.org/ref/3.2.1/apidocs/src-html/org/apache/maven/repository/legacy/DefaultUpdateCheckManager.html#line.396" class="external-link" target="_blank" rel="nofollow noopener"&gt;&lt;tt&gt;DefaultUpdateCheckManager.java&lt;/tt&gt;&lt;/a&gt;?  Is that not part of Maven?&lt;/p&gt;

&lt;p&gt;I'm pretty sure that the issue is that the code is calling &lt;tt&gt;lock.release()&lt;/tt&gt; for a lock related to a closed &lt;tt&gt;FileInputStream&lt;/tt&gt;.  It is like a double-close.  The Javadoc for &lt;a href="http://docs.oracle.com/javase/6/docs/api/java/nio/channels/FileLock.html#release()" class="external-link" target="_blank" rel="nofollow noopener"&gt;&lt;tt&gt;FileLock.release&lt;/tt&gt;&lt;/a&gt; states that it will throw a ClosedChannelException if the channel that was used to acquire this lock is no longer open.&lt;/p&gt;

&lt;p&gt;I suspect that lines 390 to 416 are not necessary thanks to lines 379 to 382.&lt;/p&gt;</comment>
                            <comment id="14419869" author="awhitford" created="Mon, 7 Jul 2014 00:17:51 +0000">&lt;p&gt;I can recreate with Java 8 Update 5 too.  I think this should be reopened.&lt;/p&gt;</comment>
                            <comment id="14419692" author="jvanzyl" created="Thu, 31 Jul 2014 09:28:45 +0000">&lt;p&gt;If you have a test case that I can reproduce it then it can be reopened.&lt;/p&gt;</comment>
                            <comment id="14421363" author="public@ecopatz.de" created="Wed, 20 Aug 2014 13:50:16 +0000">&lt;p&gt;I can reproduce it. I have two projects X and Y (uploaded as xy.tar.gz)&lt;/p&gt;

&lt;div class="code panel" style="border-width: 1px;"&gt;&lt;div class="codeContent panelContent"&gt;
&lt;pre class="code-java"&gt;krische@ds0093:/tmp$ tar xvzf xy.tar.gz 
X/
X/pom.xml
X/src/
X/src/main/
X/src/main/java/
X/src/main/java/Application.java
X/src/main/resources/
Y/
Y/pom.xml
Y/src/
Y/src/main/
Y/src/main/java/
Y/src/main/java/MavenService.java
Y/src/main/resources/
cd Y
mvn -U clean compile exec:java -Dexec.mainClass=&lt;span class="code-quote"&gt;"MavenService"&lt;/span&gt;
&lt;/pre&gt;
&lt;/div&gt;&lt;/div&gt;

&lt;p&gt;I use java8, linux, mvn 3.2.1 and project Y uses maven-embedder for maven 3.2.1 and it does then a "versions:display-dependency-updates" on the project X.&lt;/p&gt;

&lt;p&gt;Hope it helps.&lt;/p&gt;</comment>
                            <comment id="14421364" author="public@ecopatz.de" created="Sat, 23 Aug 2014 06:53:12 +0000">&lt;p&gt;(a simple check on "lock.isValid()" before releasing it would fix it)&lt;/p&gt;

&lt;div class="code panel" style="border-width: 1px;"&gt;&lt;div class="codeContent panelContent"&gt;
&lt;pre class="code-java"&gt;$ touch /tmp/bla

&lt;span class="code-keyword"&gt;public&lt;/span&gt; &lt;span class="code-keyword"&gt;static&lt;/span&gt; void main(&lt;span class="code-object"&gt;String&lt;/span&gt;[] args) &lt;span class="code-keyword"&gt;throws&lt;/span&gt; IOException {
  File touchfile = &lt;span class="code-keyword"&gt;new&lt;/span&gt; File(&lt;span class="code-quote"&gt;"/tmp/bla"&lt;/span&gt;);
  FileInputStream stream = &lt;span class="code-keyword"&gt;new&lt;/span&gt; FileInputStream( touchfile );
  FileChannel channel = stream.getChannel();
  FileLock lock = channel.lock( 0, channel.size(), &lt;span class="code-keyword"&gt;true&lt;/span&gt; );
  &lt;span class="code-object"&gt;System&lt;/span&gt;.err.println(&lt;span class="code-quote"&gt;"before stream is closed: "&lt;/span&gt;+lock.isValid());
  stream.close();
  &lt;span class="code-object"&gt;System&lt;/span&gt;.err.println(&lt;span class="code-quote"&gt;"after stream is closed: "&lt;/span&gt;+lock.isValid());
  &lt;span class="code-comment"&gt;// will raise the exception, bcs stream is closed
&lt;/span&gt;  lock.release();
}
&lt;/pre&gt;
&lt;/div&gt;&lt;/div&gt;</comment>
                            <comment id="14419970" author="awhitford" created="Sat, 30 Aug 2014 12:44:05 +0000">&lt;p&gt;Olaf, your idea to check &lt;tt&gt;lock.isValid()&lt;/tt&gt; might be the &lt;em&gt;safest&lt;/em&gt; approach to keep the finally handler generic in case the try changes over time, so the &lt;a href="http://maven.apache.org/ref/3.2.1/apidocs/src-html/org/apache/maven/repository/legacy/DefaultUpdateCheckManager.html#line.392" class="external-link" target="_blank" rel="nofollow noopener"&gt;DefaultUpdateCheckManager finally handler&lt;/a&gt; could look like:&lt;/p&gt;
&lt;div class="code panel" style="border-width: 1px;"&gt;&lt;div class="codeContent panelContent"&gt;
&lt;pre class="code-java"&gt;&lt;span class="code-keyword"&gt;if&lt;/span&gt; ( lock != &lt;span class="code-keyword"&gt;null&lt;/span&gt; &amp;amp;&amp;amp; lock.isValid() )
{
    &lt;span class="code-keyword"&gt;try&lt;/span&gt;
    {
        lock.release();
    }
    &lt;span class="code-keyword"&gt;catch&lt;/span&gt; ( IOException e )
    {
        getLogger().debug( &lt;span class="code-quote"&gt;"Error releasing shared lock &lt;span class="code-keyword"&gt;for&lt;/span&gt; resolution tracking file: "&lt;/span&gt; + touchfile,
            e );
    }
}
&lt;/pre&gt;
&lt;/div&gt;&lt;/div&gt;

&lt;p&gt;&lt;a href="https://jira.codehaus.org/browse/MNG-5629?focusedCommentId=349213&amp;amp;page=com.atlassian.jira.plugin.system.issuetabpanels:comment-tabpanel#comment-349213" class="external-link" target="_blank" rel="nofollow noopener"&gt;My comment&lt;/a&gt; is advocating that &lt;ins&gt;the whole &lt;em&gt;&lt;tt&gt;finally&lt;/tt&gt;&lt;/em&gt; handler (lines 390 through to 416) be removed&lt;/ins&gt; because &lt;ins&gt;it isn't necessary&lt;/ins&gt;; the &lt;em&gt;&lt;tt&gt;finally&lt;/tt&gt;&lt;/em&gt; handler on lines 379 through 382 is all the necessary cleanup &amp;#8211; &lt;a href="http://maven.apache.org/ref/3.2.1/apidocs/src-html/org/apache/maven/repository/legacy/DefaultUpdateCheckManager.html#line.381" class="external-link" target="_blank" rel="nofollow noopener"&gt;line 381&lt;/a&gt; closes everything.&lt;/p&gt;

&lt;p&gt;As I mentioned, &lt;a href="https://github.com/awhitford/lombok.maven" class="external-link" target="_blank" rel="nofollow noopener"&gt;my project on github&lt;/a&gt; demonstrates the problem as long as you run the &lt;tt&gt;site&lt;/tt&gt; phase with &lt;em&gt;debug&lt;/em&gt; (&lt;tt&gt;-X&lt;/tt&gt;).&lt;/p&gt;</comment>
                            <comment id="14419974" author="trex58" created="Mon, 20 Oct 2014 07:20:23 +0000">&lt;p&gt;Hi&lt;br/&gt;
What is the status of this issue today ?&lt;br/&gt;
I was working on the port of Falcon on PPC64 when it appeared. I'm now blocked.&lt;br/&gt;
First, I was on RHEL7/PPC64BE: this Maven error was not there, and I've been able to compile and run tests, with IBM JVM v1.6 .&lt;br/&gt;
Then, I moved to Ubuntu/PPC64LE, with IBM JVM 1.7, and the issue appeared.&lt;br/&gt;
I then tried on Ubuntu/x86_64, with IBM JVM and then Oracle JVM, v1.7, and the issue was there too.&lt;br/&gt;
I gonna try with Java v1.6 on Ubuntu/x86_64 asap.&lt;/p&gt;

&lt;p&gt;Traces show the issue when using  -X  only.&lt;/p&gt;

&lt;p&gt;Example of traces, on Ubuntu/x86_64:&lt;/p&gt;

&lt;p&gt;&lt;span class="error"&gt;&amp;#91;DEBUG&amp;#93;&lt;/span&gt; Determining update check for artifact asm:asm (/home/reixt/.m2/repository/asm/asm/maven-metadata-DN_M2_Repo.xml) from DN_M2_Repo (&lt;a href="http://www.datanucleus.org/downloads/maven2/" class="external-link" target="_blank" rel="nofollow noopener"&gt;http://www.datanucleus.org/downloads/maven2/&lt;/a&gt;)&lt;br/&gt;
&lt;span class="error"&gt;&amp;#91;DEBUG&amp;#93;&lt;/span&gt; Searching for DN_M2_Repo.maven-metadata-DN_M2_Repo.xml.lastUpdated in resolution tracking file.&lt;br/&gt;
&lt;span class="error"&gt;&amp;#91;DEBUG&amp;#93;&lt;/span&gt; Reading resolution-state from: /home/reixt/.m2/repository/asm/asm/resolver-status.properties&lt;br/&gt;
&lt;span class="error"&gt;&amp;#91;DEBUG&amp;#93;&lt;/span&gt; Error releasing shared lock for resolution tracking file: /home/reixt/.m2/repository/asm/asm/resolver-status.properties&lt;br/&gt;
java.nio.channels.ClosedChannelException&lt;br/&gt;
        at sun.nio.ch.FileLockImpl.release(FileLockImpl.java:70)&lt;br/&gt;
        at org.apache.maven.repository.legacy.DefaultUpdateCheckManager.read(DefaultUpdateCheckManager.java:396)&lt;br/&gt;
        at org.apache.maven.repository.legacy.DefaultUpdateCheckManager.readLastUpdated(DefaultUpdateCheckManager.java:323)&lt;br/&gt;
        at org.apache.maven.repository.legacy.DefaultUpdateCheckManager.readLastUpdated(DefaultUpdateCheckManager.java:159)&lt;br/&gt;
        at org.apache.maven.repository.legacy.DefaultUpdateCheckManager.isUpdateRequired(DefaultUpdateCheckManager.java:148)&lt;/p&gt;</comment>
                            <comment id="14419989" author="trex58" created="Mon, 20 Oct 2014 09:20:40 +0000">&lt;p&gt;I've tried to use IBM JVM 1.6 for compiling Falcon on Ubuntu/x86_64.&lt;br/&gt;
I've got the same ClosedChannelException, several times (24 !).&lt;br/&gt;
Compilation ends with an error.&lt;/p&gt;

&lt;p&gt;export HADOOP_VERSION=2.4.1&lt;br/&gt;
export HADOOP_PROFILE=hadoop-2&lt;br/&gt;
export OOZIE_VERSION=4.0.1&lt;br/&gt;
mvn -X compile -P $HADOOP_PROFILE -Dhadoop.version=$HADOOP_VERSION -Doozie.version=$OOZIE_VERSION -Doozie.forcebuild=false -DskipTests&lt;/p&gt;

&lt;p&gt;...&lt;br/&gt;
&lt;span class="error"&gt;&amp;#91;DEBUG&amp;#93;&lt;/span&gt; Determining update check for artifact asm:asm (/home/reixt/.m2/repository/asm/asm/maven-metadata-central.xml) from central (&lt;a href="http://repo1.maven.org/maven2" class="external-link" target="_blank" rel="nofollow noopener"&gt;http://repo1.maven.org/maven2&lt;/a&gt;)&lt;br/&gt;
&lt;span class="error"&gt;&amp;#91;DEBUG&amp;#93;&lt;/span&gt; Searching for central.maven-metadata-central.xml.lastUpdated in resolution tracking file.&lt;br/&gt;
&lt;span class="error"&gt;&amp;#91;DEBUG&amp;#93;&lt;/span&gt; Reading resolution-state from: /home/reixt/.m2/repository/asm/asm/resolver-status.properties&lt;br/&gt;
&lt;span class="error"&gt;&amp;#91;DEBUG&amp;#93;&lt;/span&gt; Error releasing shared lock for resolution tracking file: /home/reixt/.m2/repository/asm/asm/resolver-status.properties&lt;br/&gt;
java.nio.channels.ClosedChannelException&lt;br/&gt;
        at sun.nio.ch.FileLockImpl.release(FileLockImpl.java:47)&lt;br/&gt;
        at org.apache.maven.repository.legacy.DefaultUpdateCheckManager.read(DefaultUpdateCheckManager.java:396)&lt;br/&gt;
        at org.apache.maven.repository.legacy.DefaultUpdateCheckManager.readLastUpdated(DefaultUpdateCheckManager.java:323)&lt;br/&gt;
        at org.apache.maven.repository.legacy.DefaultUpdateCheckManager.readLastUpdated(DefaultUpdateCheckManager.java:159)&lt;br/&gt;
        at org.apache.maven.repository.legacy.DefaultUpdateCheckManager.isUpdateRequired(DefaultUpdateCheckManager.java:148)&lt;/p&gt;

&lt;p&gt;...&lt;/p&gt;

&lt;p&gt;&lt;span class="error"&gt;&amp;#91;INFO&amp;#93;&lt;/span&gt; Apache Falcon Oozie EL Extension .................. FAILURE [ 26.935 s]&lt;br/&gt;
&lt;span class="error"&gt;&amp;#91;INFO&amp;#93;&lt;/span&gt; Apache Falcon Embedded Hadoop - Test Cluster ...... SKIPPED&lt;br/&gt;
....&lt;br/&gt;
&lt;span class="error"&gt;&amp;#91;INFO&amp;#93;&lt;/span&gt; ------------------------------------------------------------------------&lt;br/&gt;
&lt;span class="error"&gt;&amp;#91;INFO&amp;#93;&lt;/span&gt; BUILD FAILURE&lt;br/&gt;
&lt;span class="error"&gt;&amp;#91;INFO&amp;#93;&lt;/span&gt; ------------------------------------------------------------------------&lt;br/&gt;
&lt;span class="error"&gt;&amp;#91;INFO&amp;#93;&lt;/span&gt; Total time: 17:52 min&lt;br/&gt;
&lt;span class="error"&gt;&amp;#91;INFO&amp;#93;&lt;/span&gt; Finished at: 2014-10-20T10:18:30-05:00&lt;br/&gt;
&lt;span class="error"&gt;&amp;#91;INFO&amp;#93;&lt;/span&gt; Final Memory: 38M/181M&lt;br/&gt;
&lt;span class="error"&gt;&amp;#91;INFO&amp;#93;&lt;/span&gt; ------------------------------------------------------------------------&lt;br/&gt;
&lt;span class="error"&gt;&amp;#91;ERROR&amp;#93;&lt;/span&gt; Failed to execute goal on project falcon-oozie-el-extension: Could not resolve dependencies for project org.apache.falcon:falcon-oozie-el-extension:jar:0.5-incubating: Could not find artifact org.apache.oozie:oozie-core:jar:4.0.1-falcon in central (&lt;a href="http://repo1.maven.org/maven2" class="external-link" target="_blank" rel="nofollow noopener"&gt;http://repo1.maven.org/maven2&lt;/a&gt;) -&amp;gt; &lt;span class="error"&gt;&amp;#91;Help 1&amp;#93;&lt;/span&gt;&lt;br/&gt;
org.apache.maven.lifecycle.LifecycleExecutionException: Failed to execute goal on project falcon-oozie-el-extension: Could not resolve dependencies for project org.apache.falcon:falcon-oozie-el-extension:jar:0.5-incubating: Could not find artifact org.apache.oozie:oozie-core:jar:4.0.1-falcon in central (&lt;a href="http://repo1.maven.org/maven2" class="external-link" target="_blank" rel="nofollow noopener"&gt;http://repo1.maven.org/maven2&lt;/a&gt;)&lt;/p&gt;</comment>
                            <comment id="14419825" author="trex58" created="Mon, 20 Oct 2014 09:25:18 +0000">&lt;p&gt;For my projects, dealing with Hadoop, I always use Maven v3.2.1 .&lt;/p&gt;

&lt;p&gt;$ mvn --version&lt;br/&gt;
Apache Maven 3.2.1 (ea8b2b07643dbb1b84b6d16e1f08391b666bc1e9; 2014-02-14T12:37:52-05:00)&lt;br/&gt;
Maven home: /opt/apache-maven-3.2.1&lt;/p&gt;</comment>
                            <comment id="14419903" author="trex58" created="Mon, 20 Oct 2014 09:34:00 +0000">&lt;p&gt;I've opened a new JIRA: &lt;a href="http://jira.codehaus.org/browse/MNG-5703" class="external-link" target="_blank" rel="nofollow noopener"&gt;http://jira.codehaus.org/browse/MNG-5703&lt;/a&gt; .&lt;/p&gt;</comment>
                            <comment id="15053552" author="schulte77" created="Fri, 11 Dec 2015 21:02:14 +0000">&lt;p&gt;Corrected in &lt;a href="https://git-wip-us.apache.org/repos/asf?p=maven.git;a=commitdiff;h=7cd7bd8648dd4755f4ef1b09e031f03d8bdc59b2" class="external-link" target="_blank" rel="nofollow noopener"&gt;7cd7bd8648dd4755f4ef1b09e031f03d8bdc59b2&lt;/a&gt;&lt;/p&gt;</comment>
                            <comment id="15053618" author="hudson" created="Fri, 11 Dec 2015 21:42:10 +0000">&lt;p&gt;SUCCESS: Integrated in maven-3.x #1160 (See &lt;a href="https://builds.apache.org/job/maven-3.x/1160/" class="external-link" target="_blank" rel="nofollow noopener"&gt;https://builds.apache.org/job/maven-3.x/1160/&lt;/a&gt;)&lt;br/&gt;
&lt;a href="https://issues.apache.org/jira/browse/MNG-5629" title="ClosedChannelException from DefaultUpdateCheckManager.read" class="issue-link" data-issue-key="MNG-5629"&gt;&lt;del&gt;MNG-5629&lt;/del&gt;&lt;/a&gt; ClosedChannelException from DefaultUpdateCheckManager.read (schulte: rev 7cd7bd8648dd4755f4ef1b09e031f03d8bdc59b2)&lt;/p&gt;
&lt;ul&gt;
	&lt;li&gt;maven-compat/src/main/java/org/apache/maven/repository/legacy/DefaultUpdateCheckManager.java&lt;/li&gt;
&lt;/ul&gt;
</comment>
                            <comment id="15053692" author="hudson" created="Fri, 11 Dec 2015 22:28:01 +0000">&lt;p&gt;FAILURE: Integrated in maven-3.x #1161 (See &lt;a href="https://builds.apache.org/job/maven-3.x/1161/" class="external-link" target="_blank" rel="nofollow noopener"&gt;https://builds.apache.org/job/maven-3.x/1161/&lt;/a&gt;)&lt;br/&gt;
&lt;a href="https://issues.apache.org/jira/browse/MNG-5629" title="ClosedChannelException from DefaultUpdateCheckManager.read" class="issue-link" data-issue-key="MNG-5629"&gt;&lt;del&gt;MNG-5629&lt;/del&gt;&lt;/a&gt; ClosedChannelException from DefaultUpdateCheckManager.read (schulte: rev 792a9b8eaae2345b6dd0429d8b90d0358f48fa24)&lt;/p&gt;
&lt;ul&gt;
	&lt;li&gt;maven-compat/src/main/java/org/apache/maven/repository/legacy/DefaultUpdateCheckManager.java&lt;/li&gt;
&lt;/ul&gt;
</comment>
                            <comment id="15811292" author="stephenc" created="Mon, 9 Jan 2017 09:56:20 +0000">&lt;p&gt;Maven 3.4.0 has been dropped. See &lt;a href="https://mail-archives.apache.org/mod_mbox/maven-dev/201701.mbox/%3CCA%2BnPnMx-e7kGYy3Hp87v8hLGdhp1q%3DtKLx_6QuZ4kGUqHEBGcw%40mail.gmail.com%3E" class="external-link" target="_blank" rel="nofollow noopener"&gt;this thread&lt;/a&gt; for more details.&lt;/p&gt;

&lt;p&gt;This issue will need to be re-scheduled for a Maven release in the (hopefully near) future.&lt;/p&gt;</comment>
                            <comment id="15823375" author="hudson" created="Mon, 16 Jan 2017 02:32:24 +0000">&lt;p&gt;SUCCESS: Integrated in Jenkins build maven-3.x #1497 (See &lt;a href="https://builds.apache.org/job/maven-3.x/1497/" class="external-link" target="_blank" rel="nofollow noopener"&gt;https://builds.apache.org/job/maven-3.x/1497/&lt;/a&gt;)&lt;br/&gt;
&lt;a href="https://issues.apache.org/jira/browse/MNG-5629" title="ClosedChannelException from DefaultUpdateCheckManager.read" class="issue-link" data-issue-key="MNG-5629"&gt;&lt;del&gt;MNG-5629&lt;/del&gt;&lt;/a&gt; ClosedChannelException from DefaultUpdateCheckManager.read (schulte: &lt;a href="http://git-wip-us.apache.org/repos/asf/?p=maven.git&amp;amp;a=commit&amp;amp;h=ca1179ce6ab6ed78fe755e2b97f7e0c01ea91361" class="external-link" target="_blank" rel="nofollow noopener"&gt;http://git-wip-us.apache.org/repos/asf/?p=maven.git&amp;amp;a=commit&amp;amp;h=ca1179ce6ab6ed78fe755e2b97f7e0c01ea91361&lt;/a&gt;)&lt;/p&gt;
&lt;ul&gt;
	&lt;li&gt;(edit) maven-compat/src/main/java/org/apache/maven/repository/legacy/DefaultUpdateCheckManager.java&lt;/li&gt;
&lt;/ul&gt;
</comment>
                            <comment id="17069631" author="hudson" created="Sat, 28 Mar 2020 14:59:43 +0000">&lt;p&gt;Build failed in Jenkins: Maven TLP &#187; maven-studies &#187; maven-metrics #4&lt;/p&gt;

&lt;p&gt;See &lt;a href="https://builds.apache.org/job/maven-box/job/maven-studies/job/maven-metrics/4/" class="external-link" target="_blank" rel="nofollow noopener"&gt;https://builds.apache.org/job/maven-box/job/maven-studies/job/maven-metrics/4/&lt;/a&gt;&lt;/p&gt;</comment>
                    </comments>
                    <attachments>
                            <attachment id="12713239" name="xy.tar.gz" size="2173" author="" created="Wed, 20 Aug 2014 13:50:16 +0000" />
                    </attachments>
                <subtasks>
                    </subtasks>
                <customfields>
                                                                                                                                                                                                                                                                                                                                                                                                                                                                                                                                                                                                                                                                                                                    <customfield id="customfield_12314020" key="com.atlassian.jira.plugins.jira-development-integration-plugin:devsummary">
                        <customfieldname>Development</customfieldname>
                        <customfieldvalues>
                            
                        </customfieldvalues>
                    </customfield>
                                                                                                                        <customfield id="customfield_12313422" key="com.atlassian.jirafisheyeplugin:jobcheckbox">
                        <customfieldname>Enable Automatic Patch Review</customfieldname>
                        <customfieldvalues>
                            <customfieldvalue>false</customfieldvalue>

                        </customfieldvalues>
                    </customfield>
                                                                                                                                                                                                                                                                                                                                                                                                                                                                                                                                                                                                                    <customfield id="customfield_12310420" key="com.pyxis.greenhopper.jira:gh-global-rank">
                        <customfieldname>Global Rank</customfieldname>
                        <customfieldvalues>
                            <customfieldvalue>9223372036854775807</customfieldvalue>
                        </customfieldvalues>
                    </customfield>
                                                                                                                                                                                                                                                                                                                                                                                                                                                                        <customfield id="customfield_12311820" key="com.pyxis.greenhopper.jira:gh-lexo-rank">
                        <customfieldname>Rank</customfieldname>
                        <customfieldvalues>
                            <customfieldvalue>0|i299zz:</customfieldvalue>

                        </customfieldvalues>
                    </customfield>
                                                                <customfield id="customfield_12310920" key="com.pyxis.greenhopper.jira:gh-global-rank">
                        <customfieldname>Rank (Obsolete)</customfieldname>
                        <customfieldvalues>
                            <customfieldvalue>9223372036854775807</customfieldvalue>
                        </customfieldvalues>
                    </customfield>
                                                                                                                                                                                                                                                                                                                                                                                                                                                                                                                                                                                                                                                                                                                                                                                            </customfields>
    </item>


</channel>
</rss>