<rss version="0.92">
    <channel>
        <title>ASF JIRA</title>
        <link>https://issues.apache.org/jira/issues/?jql=project+%3D+MNG+and+type+%3D+bug+and+%28status+%3D+RESOLVED+or+status+%3D+closed%29</link>
        <description>An XML representation of a search request</description>
                <language>en-uk</language>
                        <issue start="0" end="1000" total="3303" />
                <build-info>
            <version>8.20.7</version>
            <build-number>820007</build-number>
            <build-date>16-03-2022</build-date>
        </build-info>

<item>
            <title>[MNG-5234] Error : Cannot override read-only parameter: classesDirectory in goal: war:manifest</title>
                <link>https://issues.apache.org/jira/browse/MNG-5234</link>
                <project id="12316922" key="MNG">Maven</project>
                    <description>&lt;p&gt;Hi,&lt;/p&gt;

&lt;p&gt;While executing maven with any of the code coverage reporting plugins (cobertura, jacoco, clover), I get the following error:&lt;/p&gt;

&lt;p&gt;&lt;span class="error"&gt;&amp;#91;ERROR&amp;#93;&lt;/span&gt; BUILD ERROR&lt;br/&gt;
&lt;span class="error"&gt;&amp;#91;INFO&amp;#93;&lt;/span&gt; ------------------------------------------------------------------------&lt;br/&gt;
&lt;span class="error"&gt;&amp;#91;INFO&amp;#93;&lt;/span&gt; Error configuring: org.apache.maven.plugins:maven-war-plugin. Reason: ERROR: Cannot override read-only parameter: classesDirectory in goal: war:manifest&lt;/p&gt;

&lt;p&gt;Though the classes directory is not read-only on the system, I am unable to figure out the issue.&lt;/p&gt;

&lt;p&gt;The following maven goals were executed: 'clean install cobertura:cobertura -Pdev' or 'clean install jacoco:report -Pdev' oe 'clean install clover:clover -Pdev'. They build and pass the instrumentation steps, however, after the stages of war:manifest, war:war, the above error is thrown and the Build fails.&lt;/p&gt;

&lt;p&gt;Could you please help fix the same so that Sonar can be configured to read the code coverage statistics and display them on the dashboard ?&lt;/p&gt;

&lt;p&gt;The versions used are:&lt;br/&gt;
Maven: 2.2.1&lt;br/&gt;
Sonar: 2.12&lt;br/&gt;
Jenkins: 1.447&lt;br/&gt;
Sonar Plugin: 1.7.2&lt;br/&gt;
Jenkins Cobertura Plugin: 1.3&lt;/p&gt;

&lt;p&gt;Please note: This issue was also reported as &lt;a href="http://jira.codehaus.org/browse/MRM-636" class="external-link" target="_blank" rel="nofollow noopener"&gt;http://jira.codehaus.org/browse/MRM-636&lt;/a&gt; and &lt;a href="http://jira.codehaus.org/browse/SONAR-855" class="external-link" target="_blank" rel="nofollow noopener"&gt;http://jira.codehaus.org/browse/SONAR-855&lt;/a&gt;&lt;/p&gt;

&lt;p&gt;Thanks.&lt;/p&gt;</description>
                <environment>Redhat Linux</environment>
        <key id="12797184">MNG-5234</key>
            <summary>Error : Cannot override read-only parameter: classesDirectory in goal: war:manifest</summary>
                <type id="1" iconUrl="https://issues.apache.org/jira/secure/viewavatar?size=xsmall&amp;avatarId=21133&amp;avatarType=issuetype">Bug</type>
                                            <priority id="2" iconUrl="https://issues.apache.org/jira/images/icons/priorities/critical.svg">Critical</priority>
                        <status id="6" iconUrl="https://issues.apache.org/jira/images/icons/statuses/closed.png" description="The issue is considered finished, the resolution is correct. Issues which are not closed can be reopened.">Closed</status>
                    <statusCategory id="3" key="done" colorName="green" />
                                    <resolution id="4">Incomplete</resolution>
                                        <assignee username="-1">Unassigned</assignee>
                                    <reporter username="cutepiscean5">Kavi</reporter>
                        <labels>
                    </labels>
                <created>Mon, 23 Jan 2012 08:44:31 +0000</created>
                <updated>Wed, 22 Jan 2014 20:31:26 +0000</updated>
                            <resolved>Wed, 22 Jan 2014 20:31:26 +0000</resolved>
                                    <version>2.2.1</version>
                                                    <component>Plugins and Lifecycle</component>
                        <due />
                            <votes>0</votes>
                                    <watches>3</watches>
                                                                <comments>
                            <comment id="14418690" author="jvanzyl" created="Wed, 22 Jan 2014 20:23:13 +0000">&lt;p&gt;Please refer to &lt;a href="https://cwiki.apache.org/confluence/display/MAVEN/The+Great+JIRA+Cleanup+of+2014" class="external-link" target="_blank" rel="nofollow noopener"&gt;https://cwiki.apache.org/confluence/display/MAVEN/The+Great+JIRA+Cleanup+of+2014&lt;/a&gt;&lt;/p&gt;</comment>
                            <comment id="14418820" author="jvanzyl" created="Wed, 22 Jan 2014 20:31:26 +0000">&lt;p&gt;Please refer to &lt;a href="https://cwiki.apache.org/confluence/display/MAVEN/The+Great+JIRA+Cleanup+of+2014" class="external-link" target="_blank" rel="nofollow noopener"&gt;https://cwiki.apache.org/confluence/display/MAVEN/The+Great+JIRA+Cleanup+of+2014&lt;/a&gt; if you're wondering why this issue was closed out.&lt;/p&gt;</comment>
                    </comments>
                    <attachments>
                            <attachment id="12713352" name="maven_error.jpg" size="140755" author="cutepiscean5" created="Mon, 23 Jan 2012 08:44:31 +0000" />
                    </attachments>
                <subtasks>
                    </subtasks>
                <customfields>
                                                                                                                                                                                                                                                                                                                                                                                                                                                                                                                                                                                                                                                                                                                    <customfield id="customfield_12314020" key="com.atlassian.jira.plugins.jira-development-integration-plugin:devsummary">
                        <customfieldname>Development</customfieldname>
                        <customfieldvalues>
                            
                        </customfieldvalues>
                    </customfield>
                                                                                                                        <customfield id="customfield_12313422" key="com.atlassian.jirafisheyeplugin:jobcheckbox">
                        <customfieldname>Enable Automatic Patch Review</customfieldname>
                        <customfieldvalues>
                            <customfieldvalue>false</customfieldvalue>

                        </customfieldvalues>
                    </customfield>
                                                                                                                                                                                                                                                                                                                                                                                                                                                                                                                                                                                                                    <customfield id="customfield_12310420" key="com.pyxis.greenhopper.jira:gh-global-rank">
                        <customfieldname>Global Rank</customfieldname>
                        <customfieldvalues>
                            <customfieldvalue>9223372036854775807</customfieldvalue>
                        </customfieldvalues>
                    </customfield>
                                                                                                                                                                                                                                                                                                                                                                                                                                                                        <customfield id="customfield_12311820" key="com.pyxis.greenhopper.jira:gh-lexo-rank">
                        <customfieldname>Rank</customfieldname>
                        <customfieldvalues>
                            <customfieldvalue>0|i296zb:</customfieldvalue>

                        </customfieldvalues>
                    </customfield>
                                                                <customfield id="customfield_12310920" key="com.pyxis.greenhopper.jira:gh-global-rank">
                        <customfieldname>Rank (Obsolete)</customfieldname>
                        <customfieldvalues>
                            <customfieldvalue>9223372036854775807</customfieldvalue>
                        </customfieldvalues>
                    </customfield>
                                                                                                                                                                                                                                                                                                                                                                                                                                                                                                                                                                                                                                                                                                                                                                                            </customfields>
    </item>


</channel>
</rss>