<rss version="0.92">
    <channel>
        <title>ASF JIRA</title>
        <link>https://issues.apache.org/jira/issues/?jql=project+%3D+MNG+and+type+%3D+bug+and+%28status+%3D+RESOLVED+or+status+%3D+closed%29</link>
        <description>An XML representation of a search request</description>
                <language>en-uk</language>
                        <issue start="0" end="1000" total="3303" />
                <build-info>
            <version>8.20.7</version>
            <build-number>820007</build-number>
            <build-date>16-03-2022</build-date>
        </build-info>

<item>
            <title>[MNG-5180] Versioning's snapshot version list is not included in metadata merge  </title>
                <link>https://issues.apache.org/jira/browse/MNG-5180</link>
                <project id="12316922" key="MNG">Maven</project>
                    <description>&lt;p&gt;Versioning#snapshotVersions is not being merged when using Metadata#merge.&lt;/p&gt;</description>
                <environment />
        <key id="12796022">MNG-5180</key>
            <summary>Versioning's snapshot version list is not included in metadata merge  </summary>
                <type id="1" iconUrl="https://issues.apache.org/jira/secure/viewavatar?size=xsmall&amp;avatarId=21133&amp;avatarType=issuetype">Bug</type>
                                            <priority id="3" iconUrl="https://issues.apache.org/jira/images/icons/priorities/major.svg">Major</priority>
                        <status id="6" iconUrl="https://issues.apache.org/jira/images/icons/statuses/closed.png" description="The issue is considered finished, the resolution is correct. Issues which are not closed can be reopened.">Closed</status>
                    <statusCategory id="3" key="done" colorName="green" />
                                    <resolution id="1">Fixed</resolution>
                                        <assignee username="michael-o">Michael Osipov</assignee>
                                    <reporter username="noamt">Noam Y. Tenne</reporter>
                        <labels>
                    </labels>
                <created>Mon, 3 Oct 2011 05:37:58 +0000</created>
                <updated>Sun, 24 Apr 2022 08:09:49 +0000</updated>
                            <resolved>Sun, 27 Feb 2022 11:15:49 +0000</resolved>
                                    <version>3.0.3</version>
                                    <fixVersion>3.8.5</fixVersion>
                    <fixVersion>4.0.0-alpha-1</fixVersion>
                    <fixVersion>4.0.0</fixVersion>
                                        <due />
                            <votes>0</votes>
                                    <watches>8</watches>
                                                                <comments>
                            <comment id="14417463" author="noamt" created="Mon, 3 Oct 2011 05:39:05 +0000">&lt;p&gt;Adding test case.&lt;/p&gt;</comment>
                            <comment id="14418460" author="jvanzyl" created="Wed, 22 Jan 2014 20:22:55 +0000">&lt;p&gt;Please refer to &lt;a href="https://cwiki.apache.org/confluence/display/MAVEN/The+Great+JIRA+Cleanup+of+2014" class="external-link" target="_blank" rel="nofollow noopener"&gt;https://cwiki.apache.org/confluence/display/MAVEN/The+Great+JIRA+Cleanup+of+2014&lt;/a&gt;&lt;/p&gt;</comment>
                            <comment id="14419265" author="jvanzyl" created="Wed, 22 Jan 2014 20:32:06 +0000">&lt;p&gt;Please refer to &lt;a href="https://cwiki.apache.org/confluence/display/MAVEN/The+Great+JIRA+Cleanup+of+2014" class="external-link" target="_blank" rel="nofollow noopener"&gt;https://cwiki.apache.org/confluence/display/MAVEN/The+Great+JIRA+Cleanup+of+2014&lt;/a&gt; if you're wondering why this issue was closed out.&lt;/p&gt;</comment>
                            <comment id="16683518" author="przemyslaw.fusik" created="Mon, 12 Nov 2018 10:19:18 +0000">&lt;p&gt;&lt;a href="https://github.com/apache/maven/pull/191" class="external-link" target="_blank" rel="nofollow noopener"&gt;https://github.com/apache/maven/pull/191&lt;/a&gt;&lt;/p&gt;</comment>
                            <comment id="16687030" author="githubbot" created="Wed, 14 Nov 2018 19:43:38 +0000">&lt;p&gt;fuss86 commented on issue #191: &lt;a href="https://issues.apache.org/jira/browse/MNG-5180" title="Versioning&amp;#39;s snapshot version list is not included in metadata merge  " class="issue-link" data-issue-key="MNG-5180"&gt;&lt;del&gt;MNG-5180&lt;/del&gt;&lt;/a&gt; - Versioning's snapshot version list is not included in metadata merge &lt;br/&gt;
URL: &lt;a href="https://github.com/apache/maven/pull/191#issuecomment-438792816" class="external-link" target="_blank" rel="nofollow noopener"&gt;https://github.com/apache/maven/pull/191#issuecomment-438792816&lt;/a&gt;&lt;/p&gt;


&lt;p&gt;   Based on &lt;a href="http://maven.apache.org/ref/3.6.0/maven-repository-metadata/repository-metadata.html" class="external-link" target="_blank" rel="nofollow noopener"&gt;http://maven.apache.org/ref/3.6.0/maven-repository-metadata/repository-metadata.html&lt;/a&gt;&lt;/p&gt;

&lt;p&gt;   &amp;gt; Versioning information for a sub-artifact of the current snapshot artifact.&lt;/p&gt;

&lt;p&gt;   this fix is wrong&lt;/p&gt;

&lt;p&gt;----------------------------------------------------------------&lt;br/&gt;
This is an automated message from the Apache Git Service.&lt;br/&gt;
To respond to the message, please log on GitHub and use the&lt;br/&gt;
URL above to go to the specific comment.&lt;/p&gt;

&lt;p&gt;For queries about this service, please contact Infrastructure at:&lt;br/&gt;
users@infra.apache.org&lt;/p&gt;</comment>
                            <comment id="16687031" author="githubbot" created="Wed, 14 Nov 2018 19:43:38 +0000">&lt;p&gt;fuss86 closed pull request #191: &lt;a href="https://issues.apache.org/jira/browse/MNG-5180" title="Versioning&amp;#39;s snapshot version list is not included in metadata merge  " class="issue-link" data-issue-key="MNG-5180"&gt;&lt;del&gt;MNG-5180&lt;/del&gt;&lt;/a&gt; - Versioning's snapshot version list is not included in metadata merge &lt;br/&gt;
URL: &lt;a href="https://github.com/apache/maven/pull/191" class="external-link" target="_blank" rel="nofollow noopener"&gt;https://github.com/apache/maven/pull/191&lt;/a&gt;&lt;/p&gt;




&lt;p&gt;This is a PR merged from a forked repository.&lt;br/&gt;
As GitHub hides the original diff on merge, it is displayed below for&lt;br/&gt;
the sake of provenance:&lt;/p&gt;

&lt;p&gt;As this is a foreign pull request (from a fork), the diff is supplied&lt;br/&gt;
below (as it won't show otherwise due to GitHub magic):&lt;/p&gt;

&lt;p&gt;diff --git a/maven-repository-metadata/src/main/mdo/metadata.mdo b/maven-repository-metadata/src/main/mdo/metadata.mdo&lt;br/&gt;
index e2d0753397..82f3cc1575 100644&lt;br/&gt;
&amp;#8212; a/maven-repository-metadata/src/main/mdo/metadata.mdo&lt;br/&gt;
+++ b/maven-repository-metadata/src/main/mdo/metadata.mdo&lt;br/&gt;
@@ -202,6 +202,30 @@ under the License.&lt;br/&gt;
                         changed = true;&lt;br/&gt;
                     }&lt;br/&gt;
                 }&lt;br/&gt;
+&lt;br/&gt;
+                for ( SnapshotVersion snapshotVersion : versioning.getSnapshotVersions() )&lt;br/&gt;
+                {&lt;br/&gt;
+                    boolean exists = false;&lt;br/&gt;
+&lt;br/&gt;
+                    for ( SnapshotVersion sv : v.getSnapshotVersions() )&lt;br/&gt;
+                    {&lt;br/&gt;
+                        if ( java.util.Objects.equals( snapshotVersion.getClassifier(), sv.getClassifier() ) &amp;amp;&amp;amp;&lt;br/&gt;
+                             java.util.Objects.equals( snapshotVersion.getExtension(), sv.getExtension() ) &amp;amp;&amp;amp;&lt;br/&gt;
+                             java.util.Objects.equals( snapshotVersion.getUpdated(), sv.getUpdated() ) &amp;amp;&amp;amp;&lt;br/&gt;
+                             java.util.Objects.equals( snapshotVersion.getVersion(), sv.getVersion() ) )&lt;br/&gt;
+                        &lt;/p&gt;
{
+                            exists = true;
+                            break;
+                        }
&lt;p&gt;+                    }&lt;br/&gt;
+&lt;br/&gt;
+                    if (!exists)&lt;br/&gt;
+                    &lt;/p&gt;
{
+                        changed = true;
+                        v.getSnapshotVersions().add( snapshotVersion );
+                    }
&lt;p&gt;+                }&lt;br/&gt;
+&lt;br/&gt;
             }&lt;br/&gt;
         }&lt;br/&gt;
         return changed;&lt;/p&gt;




&lt;p&gt;----------------------------------------------------------------&lt;br/&gt;
This is an automated message from the Apache Git Service.&lt;br/&gt;
To respond to the message, please log on GitHub and use the&lt;br/&gt;
URL above to go to the specific comment.&lt;/p&gt;

&lt;p&gt;For queries about this service, please contact Infrastructure at:&lt;br/&gt;
users@infra.apache.org&lt;/p&gt;</comment>
                            <comment id="16892166" author="michael-o" created="Wed, 24 Jul 2019 20:38:29 +0000">&lt;p&gt;Does this one still apply?&lt;/p&gt;</comment>
                            <comment id="17127186" author="michael-o" created="Sat, 6 Jun 2020 00:20:33 +0000">&lt;p&gt;No feedback for a year.&lt;/p&gt;</comment>
                            <comment id="17188449" author="patope" created="Tue, 1 Sep 2020 13:22:36 +0000">&lt;p&gt;This is still valid issue. Wagon plugin's 'merge-maven-repos' task do not update metadata correctly on snapshots because of this&lt;/p&gt;</comment>
                            <comment id="17188504" author="michael-o" created="Tue, 1 Sep 2020 14:32:17 +0000">&lt;p&gt;Still persists.&lt;/p&gt;</comment>
                            <comment id="17191669" author="patope" created="Mon, 7 Sep 2020 12:04:57 +0000">&lt;p&gt;I made PR &lt;a href="https://github.com/apache/maven/pull/371" class="external-link" target="_blank" rel="nofollow noopener"&gt;https://github.com/apache/maven/pull/371&lt;/a&gt;&lt;br/&gt;
This replaces snapshots versions during merge if version is new, timestamp or build number have changed.&lt;/p&gt;</comment>
                            <comment id="17207735" author="michael-o" created="Sun, 4 Oct 2020 20:00:06 +0000">&lt;p&gt;&lt;a href="https://issues.apache.org/jira/secure/ViewProfile.jspa?name=patope" class="user-hover" rel="patope"&gt;patope&lt;/a&gt;, looking at this. As far as I undertand, the plugin's goal does not work correctly because of this bug? Can you provide an example or an IT with shows this issue?&lt;/p&gt;</comment>
                            <comment id="17495909" author="kwin" created="Tue, 22 Feb 2022 07:23:37 +0000">&lt;p&gt;I think the logic for merging &lt;tt&gt;versioning-&amp;gt;snapshotVersions&lt;/tt&gt; should be as follows according to &lt;a href="https://maven.apache.org/ref/3.8.3/maven-repository-metadata/repository-metadata.html" class="external-link" target="_blank" rel="nofollow noopener"&gt;https://maven.apache.org/ref/3.8.3/maven-repository-metadata/repository-metadata.html&lt;/a&gt;&lt;/p&gt;
&lt;ol&gt;
	&lt;li&gt;classifier, extension act as key in the list&lt;/li&gt;
	&lt;li&gt;every item in the list must have a unique key&lt;/li&gt;
	&lt;li&gt;if an item with the same key is already in the list, the merged &lt;tt&gt;updated&lt;/tt&gt; value should be used in the resulting item if it is newer&lt;/li&gt;
&lt;/ol&gt;


&lt;p&gt;The &lt;tt&gt;versioning-&amp;gt;snapshot&lt;/tt&gt; should always contain the most recent item, i.e. the one with the more recent &lt;tt&gt;versioning-&amp;gt;snapshot-&amp;gt;timestamp&lt;/tt&gt;.&lt;br/&gt;
&lt;a href="https://issues.apache.org/jira/secure/ViewProfile.jspa?name=michael-o" class="user-hover" rel="michael-o"&gt;michael-o&lt;/a&gt; WDYT?&lt;/p&gt;

&lt;p&gt;Open Questions:&lt;/p&gt;
&lt;ol&gt;
	&lt;li&gt;How to calculate &lt;tt&gt;versioning-&amp;gt;snapshot-&amp;gt;buildNumber&lt;/tt&gt; when merging modified the snapshot versions? Probably we just take over during merge without touching.&lt;/li&gt;
	&lt;li&gt;Is &lt;tt&gt;versioning-&amp;gt;snapshot-&amp;gt;timestamp&lt;/tt&gt; the same date format as &lt;tt&gt;versioning-&amp;gt;snapshotVersions-&amp;gt;updated&lt;/tt&gt;?&lt;/li&gt;
&lt;/ol&gt;
</comment>
                            <comment id="17496156" author="michael-o" created="Tue, 22 Feb 2022 15:10:04 +0000">&lt;p&gt;&lt;a href="https://issues.apache.org/jira/secure/ViewProfile.jspa?name=kwin" class="user-hover" rel="kwin"&gt;kwin&lt;/a&gt;, before going through your comment, I remember that Resolver handles this as well. So both logics (here an Resolver) should be consistent. Please have a look there before we continue discussion.&lt;/p&gt;</comment>
                            <comment id="17496160" author="kwin" created="Tue, 22 Feb 2022 15:12:08 +0000">&lt;p&gt;The idea is, that this merging is agnostic of the resolver provider impl, but I will check that the one in Maven behaves the same. Are there any other Resolver provider impls to consider?&lt;/p&gt;</comment>
                            <comment id="17496164" author="michael-o" created="Tue, 22 Feb 2022 15:16:31 +0000">&lt;p&gt;No, as far as I know only these two. &lt;/p&gt;</comment>
                            <comment id="17496202" author="kwin" created="Tue, 22 Feb 2022 16:30:33 +0000">&lt;p&gt;&lt;del&gt;Actually even &lt;a href="https://repository.apache.org/content/repositories/snapshots/org/apache/maven/maven-core/4.0.0-alpha-1-SNAPSHOT/maven-metadata.xml" class="external-link" target="_blank" rel="nofollow noopener"&gt;https://repository.apache.org/content/repositories/snapshots/org/apache/maven/maven-core/4.0.0-alpha-1-SNAPSHOT/maven-metadata.xml&lt;/a&gt; seems to be broken, as although I see 4 different versions for both "jar" and "pom" only one version is listed in the snapshotVersions.&lt;/del&gt;&lt;/p&gt;

&lt;p&gt;That was a misunderstanding, only one SNAPSHOT version is supposed to be referenced in the snapshot metadata (the most recent one), the older ones are not linked to metadata.&lt;/p&gt;</comment>
                            <comment id="17496863" author="michael-o" created="Wed, 23 Feb 2022 15:58:44 +0000">&lt;blockquote&gt;&lt;p&gt;The &lt;tt&gt;versioning-&amp;gt;snapshot&lt;/tt&gt; should always contain the most recent item, i.e. the one with the more recent &lt;tt&gt;versioning-&amp;gt;snapshot-&amp;gt;timestamp&lt;/tt&gt;.&lt;br/&gt;
&lt;a href="https://issues.apache.org/jira/secure/ViewProfile.jspa?name=michael-o" class="user-hover" rel="michael-o"&gt;michael-o&lt;/a&gt; WDYT?&lt;/p&gt;&lt;/blockquote&gt;

&lt;p&gt;Correct.&lt;/p&gt;</comment>
                            <comment id="17496866" author="michael-o" created="Wed, 23 Feb 2022 15:59:37 +0000">&lt;blockquote&gt;
&lt;p&gt;Is &lt;tt&gt;versioning-&amp;gt;snapshot-&amp;gt;timestamp&lt;/tt&gt; the same date format as &lt;tt&gt;versioning-&amp;gt;snapshotVersions-&amp;gt;updated&lt;/tt&gt;?&lt;/p&gt;&lt;/blockquote&gt;
&lt;p&gt;I would assume so.&lt;/p&gt;</comment>
                            <comment id="17496868" author="michael-o" created="Wed, 23 Feb 2022 16:00:20 +0000">&lt;blockquote&gt;
&lt;p&gt;How to calculate versioning-&amp;gt;snapshot-&amp;gt;buildNumber when merging modified the snapshot versions? Probably we just take over during merge without touching.&lt;/p&gt;&lt;/blockquote&gt;

&lt;p&gt;Increment?&lt;/p&gt;</comment>
                            <comment id="17496869" author="kwin" created="Wed, 23 Feb 2022 16:01:24 +0000">&lt;p&gt;In the PR there are more details now, actually &lt;tt&gt;snapshot-&amp;gt;timestamp&lt;/tt&gt; and &lt;tt&gt;snapshotVersion-&amp;gt;updated&lt;/tt&gt; are different formats. I also clarified that in the mdo. Also the metadata file is only containing info about the most recent artifacts (not all old ones with the same SNAPSHOT version).&lt;/p&gt;</comment>
                            <comment id="17498566" author="michael-o" created="Sun, 27 Feb 2022 11:15:49 +0000">&lt;p&gt;Fixed with &lt;a href="https://gitbox.apache.org/repos/asf?p=maven.git;a=commit;h=1e33a572643628e7742eda2d469e4bd04b880523" class="external-link" target="_blank" rel="nofollow noopener"&gt;1e33a572643628e7742eda2d469e4bd04b880523&lt;/a&gt; and with &lt;a href="https://gitbox.apache.org/repos/asf?p=maven.git;a=commit;h=05e96dae96030864cb2ab3a3ae877f6bb9e134f7" class="external-link" target="_blank" rel="nofollow noopener"&gt;05e96dae96030864cb2ab3a3ae877f6bb9e134f7&lt;/a&gt; for &lt;tt&gt;maven-3.8.x&lt;/tt&gt; branch.&lt;/p&gt;</comment>
                            <comment id="17498575" author="hudson" created="Sun, 27 Feb 2022 12:06:35 +0000">&lt;p&gt;Build unstable in Jenkins: Maven &#187; Maven TLP &#187; maven &#187; maven-3.8.x #3&lt;/p&gt;

&lt;p&gt;See &lt;a href="https://ci-maven.apache.org/job/Maven/job/maven-box/job/maven/job/maven-3.8.x/3/" class="external-link" target="_blank" rel="nofollow noopener"&gt;https://ci-maven.apache.org/job/Maven/job/maven-box/job/maven/job/maven-3.8.x/3/&lt;/a&gt;&lt;/p&gt;</comment>
                            <comment id="17498576" author="hudson" created="Sun, 27 Feb 2022 12:06:53 +0000">&lt;p&gt;Build succeeded in Jenkins: Maven &#187; Maven TLP &#187; maven &#187; master #3&lt;/p&gt;

&lt;p&gt;See &lt;a href="https://ci-maven.apache.org/job/Maven/job/maven-box/job/maven/job/master/3/" class="external-link" target="_blank" rel="nofollow noopener"&gt;https://ci-maven.apache.org/job/Maven/job/maven-box/job/maven/job/master/3/&lt;/a&gt;&lt;/p&gt;</comment>
                            <comment id="17498601" author="hudson" created="Sun, 27 Feb 2022 14:33:18 +0000">&lt;p&gt;Build failed in Jenkins: Maven &#187; Maven TLP &#187; maven &#187; PR-635 #3&lt;/p&gt;

&lt;p&gt;See &lt;a href="https://ci-maven.apache.org/job/Maven/job/maven-box/job/maven/job/PR-635/3/" class="external-link" target="_blank" rel="nofollow noopener"&gt;https://ci-maven.apache.org/job/Maven/job/maven-box/job/maven/job/PR-635/3/&lt;/a&gt;&lt;/p&gt;</comment>
                            <comment id="17498610" author="hudson" created="Sun, 27 Feb 2022 15:16:32 +0000">&lt;p&gt;Build succeeded in Jenkins: Maven &#187; Maven TLP &#187; maven &#187; PR-661 #2&lt;/p&gt;

&lt;p&gt;See &lt;a href="https://ci-maven.apache.org/job/Maven/job/maven-box/job/maven/job/PR-661/2/" class="external-link" target="_blank" rel="nofollow noopener"&gt;https://ci-maven.apache.org/job/Maven/job/maven-box/job/maven/job/PR-661/2/&lt;/a&gt;&lt;/p&gt;</comment>
                            <comment id="17498624" author="hudson" created="Sun, 27 Feb 2022 16:47:06 +0000">&lt;p&gt;Build succeeded in Jenkins: Maven &#187; Maven TLP &#187; maven &#187; PR-600 #2&lt;/p&gt;

&lt;p&gt;See &lt;a href="https://ci-maven.apache.org/job/Maven/job/maven-box/job/maven/job/PR-600/2/" class="external-link" target="_blank" rel="nofollow noopener"&gt;https://ci-maven.apache.org/job/Maven/job/maven-box/job/maven/job/PR-600/2/&lt;/a&gt;&lt;/p&gt;</comment>
                            <comment id="17498629" author="hudson" created="Sun, 27 Feb 2022 17:19:22 +0000">&lt;p&gt;Build unstable in Jenkins: Maven &#187; Maven TLP &#187; maven &#187; PR-394 #2&lt;/p&gt;

&lt;p&gt;See &lt;a href="https://ci-maven.apache.org/job/Maven/job/maven-box/job/maven/job/PR-394/2/" class="external-link" target="_blank" rel="nofollow noopener"&gt;https://ci-maven.apache.org/job/Maven/job/maven-box/job/maven/job/PR-394/2/&lt;/a&gt;&lt;/p&gt;</comment>
                            <comment id="17498638" author="hudson" created="Sun, 27 Feb 2022 17:31:05 +0000">&lt;p&gt;Build unstable in Jenkins: Maven &#187; Maven TLP &#187; maven &#187; PR-509 #2&lt;/p&gt;

&lt;p&gt;See &lt;a href="https://ci-maven.apache.org/job/Maven/job/maven-box/job/maven/job/PR-509/2/" class="external-link" target="_blank" rel="nofollow noopener"&gt;https://ci-maven.apache.org/job/Maven/job/maven-box/job/maven/job/PR-509/2/&lt;/a&gt;&lt;/p&gt;</comment>
                            <comment id="17510851" author="hudson" created="Tue, 22 Mar 2022 19:52:20 +0000">&lt;p&gt;Build succeeded in Jenkins: Maven &#187; Maven TLP &#187; maven &#187; &lt;a href="https://issues.apache.org/jira/browse/MNG-7276" title="Refactoring - Umbrella" class="issue-link" data-issue-key="MNG-7276"&gt;MNG-7276&lt;/a&gt; #4&lt;/p&gt;

&lt;p&gt;See &lt;a href="https://ci-maven.apache.org/job/Maven/job/maven-box/job/maven/job/MNG-7276/4/" class="external-link" target="_blank" rel="nofollow noopener"&gt;https://ci-maven.apache.org/job/Maven/job/maven-box/job/maven/job/MNG-7276/4/&lt;/a&gt;&lt;/p&gt;</comment>
                            <comment id="17527101" author="hudson" created="Sun, 24 Apr 2022 08:09:49 +0000">&lt;p&gt;Build failed in Jenkins: Maven &#187; Maven TLP &#187; maven &#187; &lt;a href="https://issues.apache.org/jira/browse/MNG-7457" title="Warn about deprecated plugin Mojo" class="issue-link" data-issue-key="MNG-7457"&gt;&lt;del&gt;MNG-7457&lt;/del&gt;&lt;/a&gt; #2&lt;/p&gt;

&lt;p&gt;See &lt;a href="https://ci-maven.apache.org/job/Maven/job/maven-box/job/maven/job/MNG-7457/2/" class="external-link" target="_blank" rel="nofollow noopener"&gt;https://ci-maven.apache.org/job/Maven/job/maven-box/job/maven/job/MNG-7457/2/&lt;/a&gt;&lt;/p&gt;</comment>
                    </comments>
                <issuelinks>
                            <issuelinktype id="12310000">
                    <name>Duplicate</name>
                                                                <inwardlinks description="is duplicated by">
                                        <issuelink>
            <issuekey id="13429774">MNG-7418</issuekey>
        </issuelink>
                            </inwardlinks>
                                    </issuelinktype>
                            <issuelinktype id="10030">
                    <name>Reference</name>
                                                                <inwardlinks description="is related to">
                                        <issuelink>
            <issuekey id="12811001">WAGON-411</issuekey>
        </issuelink>
                            </inwardlinks>
                                    </issuelinktype>
                    </issuelinks>
                <attachments>
                            <attachment id="12713345" name="MavenMetadataSnapshotVersionsMergeTest.java" size="2958" author="noamt" created="Mon, 3 Oct 2011 05:39:05 +0000" />
                    </attachments>
                <subtasks>
                    </subtasks>
                <customfields>
                                                                                                                                                                                                                                                                                                                                                                                                                                                                                                                                                                                                                                                                                                                    <customfield id="customfield_12314020" key="com.atlassian.jira.plugins.jira-development-integration-plugin:devsummary">
                        <customfieldname>Development</customfieldname>
                        <customfieldvalues>
                            
                        </customfieldvalues>
                    </customfield>
                                                                                                                        <customfield id="customfield_12313422" key="com.atlassian.jirafisheyeplugin:jobcheckbox">
                        <customfieldname>Enable Automatic Patch Review</customfieldname>
                        <customfieldvalues>
                            <customfieldvalue>false</customfieldvalue>

                        </customfieldvalues>
                    </customfield>
                                                                                                                                                                                                                                                                                                                                                                                                                                                                                                                                                                                                                    <customfield id="customfield_12310420" key="com.pyxis.greenhopper.jira:gh-global-rank">
                        <customfieldname>Global Rank</customfieldname>
                        <customfieldvalues>
                            <customfieldvalue>9223372036854775807</customfieldvalue>
                        </customfieldvalues>
                    </customfield>
                                                                                                                                                                                                                                                                                                                                                                                                                                                                        <customfield id="customfield_12311820" key="com.pyxis.greenhopper.jira:gh-lexo-rank">
                        <customfieldname>Rank</customfieldname>
                        <customfieldvalues>
                            <customfieldvalue>0|i28qwf:</customfieldvalue>

                        </customfieldvalues>
                    </customfield>
                                                                <customfield id="customfield_12310920" key="com.pyxis.greenhopper.jira:gh-global-rank">
                        <customfieldname>Rank (Obsolete)</customfieldname>
                        <customfieldvalues>
                            <customfieldvalue>9223372036854775807</customfieldvalue>
                        </customfieldvalues>
                    </customfield>
                                                                                                                                                                                                                                                                                                                                                                                                                                                                                                                                                                                                                                                                                                        <customfield id="customfield_12312220" key="com.atlassian.jira.plugin.system.customfieldtypes:radiobuttons">
                        <customfieldname>Testcase included</customfieldname>
                        <customfieldvalues>
                                <customfieldvalue key="11060">Yes</customfieldvalue>

                        </customfieldvalues>
                    </customfield>
                                                                                                                        </customfields>
    </item>


</channel>
</rss>