<rss version="0.92">
    <channel>
        <title>ASF JIRA</title>
        <link>https://issues.apache.org/jira/issues/?jql=project+%3D+MNG+and+type+%3D+bug+and+%28status+%3D+RESOLVED+or+status+%3D+closed%29</link>
        <description>An XML representation of a search request</description>
                <language>en-uk</language>
                        <issue start="0" end="1000" total="3303" />
                <build-info>
            <version>8.20.7</version>
            <build-number>820007</build-number>
            <build-date>16-03-2022</build-date>
        </build-info>

<item>
            <title>[MNG-5764] Tolerate "soft" 404, check downloaded pom files</title>
                <link>https://issues.apache.org/jira/browse/MNG-5764</link>
                <project id="12316922" key="MNG">Maven</project>
                    <description>&lt;p&gt;With maven 3.2 if the user downloads a pom/jar from external repository and the network proxy sends a "soft 404", the html-content of the response will be stored in the pom file. It needs some work to find out what went wrong.&lt;/p&gt;

&lt;p&gt;When downloading pom files, the content of the pom file could be parsed and the file should not be stored in the local maven cache. In such cases the artifact should not be downloaded either.&lt;/p&gt;</description>
                <environment />
        <key id="12796427">MNG-5764</key>
            <summary>Tolerate "soft" 404, check downloaded pom files</summary>
                <type id="1" iconUrl="https://issues.apache.org/jira/secure/viewavatar?size=xsmall&amp;avatarId=21133&amp;avatarType=issuetype">Bug</type>
                                            <priority id="3" iconUrl="https://issues.apache.org/jira/images/icons/priorities/major.svg">Major</priority>
                        <status id="6" iconUrl="https://issues.apache.org/jira/images/icons/statuses/closed.png" description="The issue is considered finished, the resolution is correct. Issues which are not closed can be reopened.">Closed</status>
                    <statusCategory id="3" key="done" colorName="green" />
                                    <resolution id="2">Won't Fix</resolution>
                                        <assignee username="-1">Unassigned</assignee>
                                    <reporter username="kocka">Laszlo Hornyak</reporter>
                        <labels>
                    </labels>
                <created>Mon, 9 Feb 2015 23:24:38 +0000</created>
                <updated>Sun, 24 Jun 2018 19:08:07 +0000</updated>
                            <resolved>Sun, 24 Jun 2018 19:08:06 +0000</resolved>
                                                                    <component>Dependencies</component>
                        <due />
                            <votes>0</votes>
                                    <watches>4</watches>
                                                                <comments>
                            <comment id="14420044" author="michael-o" created="Tue, 10 Feb 2015 03:07:43 +0000">&lt;p&gt;You have to options:&lt;/p&gt;

&lt;p&gt;1. Ask you corporate admin to stop that.&lt;br/&gt;
2. Use Nexus, just like most do which has content validation builtin.&lt;/p&gt;</comment>
                            <comment id="14420111" author="kocka" created="Tue, 10 Feb 2015 13:20:37 +0000">&lt;p&gt;Hi Michael,&lt;/p&gt;

&lt;p&gt;1. is usually a theoretical option, I have found pom files of different network providers "soft 404" on my laptop. Airports, public wifi providers. It is very unlikely that they would stop doing this for my request.&lt;br/&gt;
2. Running nexus on my laptop just to validate the downloaded pom files is probably too expensive solution.&lt;/p&gt;</comment>
                            <comment id="15234452" author="nmolkeri" created="Mon, 11 Apr 2016 03:31:46 +0000">&lt;p&gt;In most of the cases, Spark Maven POMs are complicated by unnecessary excludes. I assume we can significantly simplify the build by removing many of the unnecessary excludes. &lt;/p&gt;</comment>
                            <comment id="15235156" author="michael-o" created="Mon, 11 Apr 2016 14:23:03 +0000">&lt;p&gt;Wrong issue here?&lt;/p&gt;</comment>
                            <comment id="16521582" author="michael-o" created="Sun, 24 Jun 2018 19:08:07 +0000">&lt;p&gt;Closing because there hasn't any change here. Moreover, signatures must tell you that the files is invalid. Writing the requested parser is a lifetime endeavor because you have to know all possible crap sites. &lt;/p&gt;</comment>
                    </comments>
                    <attachments>
                    </attachments>
                <subtasks>
                    </subtasks>
                <customfields>
                                                                                                                                                                                                                                                                                                                                                                                                                                                                                                                                                                                                                                                                                                                    <customfield id="customfield_12314020" key="com.atlassian.jira.plugins.jira-development-integration-plugin:devsummary">
                        <customfieldname>Development</customfieldname>
                        <customfieldvalues>
                            
                        </customfieldvalues>
                    </customfield>
                                                                                                                        <customfield id="customfield_12313422" key="com.atlassian.jirafisheyeplugin:jobcheckbox">
                        <customfieldname>Enable Automatic Patch Review</customfieldname>
                        <customfieldvalues>
                            <customfieldvalue>false</customfieldvalue>

                        </customfieldvalues>
                    </customfield>
                                                                                                                                                                                                                                                                                                                                                                                                                                                                                                                                                                                                                    <customfield id="customfield_12310420" key="com.pyxis.greenhopper.jira:gh-global-rank">
                        <customfieldname>Global Rank</customfieldname>
                        <customfieldvalues>
                            <customfieldvalue>9223372036854775807</customfieldvalue>
                        </customfieldvalues>
                    </customfield>
                                                                                                                                                                                                                                                                                                                                                                                                                                                                        <customfield id="customfield_12311820" key="com.pyxis.greenhopper.jira:gh-lexo-rank">
                        <customfieldname>Rank</customfieldname>
                        <customfieldvalues>
                            <customfieldvalue>0|i29b2v:</customfieldvalue>

                        </customfieldvalues>
                    </customfield>
                                                                <customfield id="customfield_12310920" key="com.pyxis.greenhopper.jira:gh-global-rank">
                        <customfieldname>Rank (Obsolete)</customfieldname>
                        <customfieldvalues>
                            <customfieldvalue>9223372036854775807</customfieldvalue>
                        </customfieldvalues>
                    </customfield>
                                                                                                                                                                                                                                                                                                                                                                                                                                                                                                                                                                                                                                                                                                                                                                                            </customfields>
    </item>


</channel>
</rss>