<rss version="0.92">
    <channel>
        <title>ASF JIRA</title>
        <link>https://issues.apache.org/jira/issues/?jql=project+%3D+MNG+and+type+%3D+bug+and+%28status+%3D+RESOLVED+or+status+%3D+closed%29</link>
        <description>An XML representation of a search request</description>
                <language>en-uk</language>
                        <issue start="0" end="1000" total="3303" />
                <build-info>
            <version>8.20.7</version>
            <build-number>820007</build-number>
            <build-date>16-03-2022</build-date>
        </build-info>

<item>
            <title>[MNG-5956] Invalid DuplicateProjectException if physically same pom.xml</title>
                <link>https://issues.apache.org/jira/browse/MNG-5956</link>
                <project id="12316922" key="MNG">Maven</project>
                    <description>&lt;p&gt;Several projects I've worked on have lots of modules, some to aid developers sub modules have been hijacked to also build other projects. Take the following example.&lt;br/&gt;
./pom.xml&lt;br/&gt;
./common/pom.xml&lt;br/&gt;
./sub1/pom.xml&lt;br/&gt;
./sub2/pom.xml&lt;/p&gt;

&lt;p&gt;If sub1 and sub2 both include &amp;lt;module&amp;gt;../common&amp;lt;/module&amp;gt; then DuplicateProjectException is thrown. I've created a patch which before throwing the exception does one last check to ignore instances where the clash is actually the same physical pom file.&lt;/p&gt;</description>
                <environment>Apache Maven 3.3.9 (bb52d8502b132ec0a5a3f4c09453c07478323dc5; 2015-11-10T16:41:47+00:00)&lt;br/&gt;
Maven home: /opt/local/share/java/maven3&lt;br/&gt;
Java version: 1.8.0_60, vendor: Oracle Corporation&lt;br/&gt;
Java home: /Library/Java/JavaVirtualMachines/jdk1.8.0_60.jdk/Contents/Home/jre&lt;br/&gt;
Default locale: en_US, platform encoding: UTF-8&lt;br/&gt;
OS name: &amp;quot;mac os x&amp;quot;, version: &amp;quot;10.11.2&amp;quot;, arch: &amp;quot;x86_64&amp;quot;, family: &amp;quot;mac&amp;quot;</environment>
        <key id="12925165">MNG-5956</key>
            <summary>Invalid DuplicateProjectException if physically same pom.xml</summary>
                <type id="1" iconUrl="https://issues.apache.org/jira/secure/viewavatar?size=xsmall&amp;avatarId=21133&amp;avatarType=issuetype">Bug</type>
                                            <priority id="3" iconUrl="https://issues.apache.org/jira/images/icons/priorities/major.svg">Major</priority>
                        <status id="6" iconUrl="https://issues.apache.org/jira/images/icons/statuses/closed.png" description="The issue is considered finished, the resolution is correct. Issues which are not closed can be reopened.">Closed</status>
                    <statusCategory id="3" key="done" colorName="green" />
                                    <resolution id="4">Incomplete</resolution>
                                        <assignee username="-1">Unassigned</assignee>
                                    <reporter username="nhoj.patrick">John Patrick</reporter>
                        <labels>
                            <label>github-import</label>
                            <label>newbie</label>
                            <label>patch</label>
                    </labels>
                <created>Fri, 1 Jan 2016 01:40:33 +0000</created>
                <updated>Fri, 28 Dec 2018 13:09:21 +0000</updated>
                            <resolved>Thu, 2 Jun 2016 20:25:43 +0000</resolved>
                                    <version>3.2.x</version>
                                                    <component>Core</component>
                        <due />
                            <votes>0</votes>
                                    <watches>4</watches>
                                            <timeestimate seconds="0">0h</timeestimate>
                            <timespent seconds="600">10m</timespent>
                                <comments>
                            <comment id="15076214" author="nhoj.patrick" created="Fri, 1 Jan 2016 01:48:05 +0000">&lt;p&gt;edit; wrong pull request source should be &lt;a href="https://github.com/apache/maven/pull/75" class="external-link" target="_blank" rel="nofollow noopener"&gt;https://github.com/apache/maven/pull/75&lt;/a&gt; for patch.&lt;/p&gt;

&lt;p&gt;I think it matches the maven code standards. Not sure if anything else required before the patch can be accepted.&lt;/p&gt;</comment>
                            <comment id="15076215" author="githubbot" created="Fri, 1 Jan 2016 01:49:55 +0000">&lt;p&gt;GitHub user nhojpatrick opened a pull request:&lt;/p&gt;

&lt;p&gt;    &lt;a href="https://github.com/apache/maven/pull/75" class="external-link" target="_blank" rel="nofollow noopener"&gt;https://github.com/apache/maven/pull/75&lt;/a&gt;&lt;/p&gt;

&lt;p&gt;    Patch for &lt;a href="https://issues.apache.org/jira/browse/MNG-5956" title="Invalid DuplicateProjectException if physically same pom.xml" class="issue-link" data-issue-key="MNG-5956"&gt;&lt;del&gt;MNG-5956&lt;/del&gt;&lt;/a&gt;&lt;/p&gt;



&lt;p&gt;    Issue raised &lt;a href="https://issues.apache.org/jira/browse/MNG-5956" class="external-link" rel="nofollow"&gt;https://issues.apache.org/jira/browse/MNG-5956&lt;/a&gt;&lt;/p&gt;

&lt;p&gt;    If you use modules, and that results in the same project/pom being included multiple times then an exception is thrown. But as it's the exact same project/pom it can simple be ignore in my view.&lt;/p&gt;

&lt;p&gt;    Simple project structure;&lt;br/&gt;
    ./pom.xml&lt;br/&gt;
    ./common/pom.xml&lt;br/&gt;
    ./sub1/pom.xml&lt;br/&gt;
    ./sub2/pom.xml&lt;/p&gt;

&lt;p&gt;    If sub1 has nested modules but for some reason common should 50% of the time be rebuilded if sub1 i rebuilt then adding ../common aids developers.&lt;/p&gt;

&lt;p&gt;    if sub2 has a similar setup to sub2, then when you build at the root directory an error is produces as both sub1 and sub2 reference common.&lt;/p&gt;

&lt;p&gt;    This pull request should ignore where the project is an exact match of the same physical pom.&lt;/p&gt;


&lt;p&gt;You can merge this pull request into a Git repository by running:&lt;/p&gt;

&lt;p&gt;    $ git pull &lt;a href="https://github.com/nhojpatrick/maven" class="external-link" target="_blank" rel="nofollow noopener"&gt;https://github.com/nhojpatrick/maven&lt;/a&gt; bugfix/&lt;a href="https://issues.apache.org/jira/browse/MNG-5956" title="Invalid DuplicateProjectException if physically same pom.xml" class="issue-link" data-issue-key="MNG-5956"&gt;&lt;del&gt;MNG-5956&lt;/del&gt;&lt;/a&gt;-invalid-DuplicateProjectException&lt;/p&gt;

&lt;p&gt;Alternatively you can review and apply these changes as the patch at:&lt;/p&gt;

&lt;p&gt;    &lt;a href="https://github.com/apache/maven/pull/75.patch" class="external-link" target="_blank" rel="nofollow noopener"&gt;https://github.com/apache/maven/pull/75.patch&lt;/a&gt;&lt;/p&gt;

&lt;p&gt;To close this pull request, make a commit to your master/trunk branch&lt;br/&gt;
with (at least) the following in the commit message:&lt;/p&gt;

&lt;p&gt;    This closes #75&lt;/p&gt;

&lt;hr /&gt;
&lt;p&gt;commit 9e22e8abaae25d7f2aace7a505ca1fbc625f5c6a&lt;br/&gt;
Author: John Patrick &amp;lt;nhoj.patrick@gmail.com&amp;gt;&lt;br/&gt;
Date:   2016-01-01T01:42:22Z&lt;/p&gt;

&lt;p&gt;    Patch for &lt;a href="https://issues.apache.org/jira/browse/MNG-5956" title="Invalid DuplicateProjectException if physically same pom.xml" class="issue-link" data-issue-key="MNG-5956"&gt;&lt;del&gt;MNG-5956&lt;/del&gt;&lt;/a&gt;&lt;/p&gt;

&lt;hr /&gt;</comment>
                            <comment id="15076232" author="githubbot" created="Fri, 1 Jan 2016 02:59:53 +0000">&lt;p&gt;Github user michael-o commented on the pull request:&lt;/p&gt;

&lt;p&gt;    &lt;a href="https://github.com/apache/maven/pull/75#issuecomment-168279059" class="external-link" target="_blank" rel="nofollow noopener"&gt;https://github.com/apache/maven/pull/75#issuecomment-168279059&lt;/a&gt;&lt;/p&gt;

&lt;p&gt;    @jvanzyl Should be allow this or rather fail and force people to fix their setup?&lt;/p&gt;</comment>
                            <comment id="15076295" author="githubbot" created="Fri, 1 Jan 2016 13:00:00 +0000">&lt;p&gt;Github user nhojpatrick commented on the pull request:&lt;/p&gt;

&lt;p&gt;    &lt;a href="https://github.com/apache/maven/pull/75#issuecomment-168305170" class="external-link" target="_blank" rel="nofollow noopener"&gt;https://github.com/apache/maven/pull/75#issuecomment-168305170&lt;/a&gt;&lt;/p&gt;

&lt;p&gt;    I've worked on 5+ projects where they ranged from 75-150 maven projects. Allow this configuration would have simplified and reduce build times. The usual work around I've seen is developers creating scripts to manually navigate to dependencies within the same multi module project structure. When you have 10-40 developers working on a project I would prefer maven to handle this so everyone uses mvn clean install, instead of scripts being email or shared around or random scripts littering the repo.&lt;/p&gt;

&lt;p&gt;    I've created a very basic project which demonstrates what I would like to allow happen and current fails. &lt;a href="https://github.com/nhojpatrick/apache.maven.maven-core.MNG-5956" class="external-link" target="_blank" rel="nofollow noopener"&gt;https://github.com/nhojpatrick/apache.maven.maven-core.MNG-5956&lt;/a&gt;&lt;/p&gt;
</comment>
                            <comment id="15076297" author="githubbot" created="Fri, 1 Jan 2016 13:21:30 +0000">&lt;p&gt;Github user khmarbaise commented on the pull request:&lt;/p&gt;

&lt;p&gt;    &lt;a href="https://github.com/apache/maven/pull/75#issuecomment-168306169" class="external-link" target="_blank" rel="nofollow noopener"&gt;https://github.com/apache/maven/pull/75#issuecomment-168306169&lt;/a&gt;&lt;/p&gt;

&lt;p&gt;    First i see your setup as wrong..cause you use modules multiple times within the reactor (Apart from using `&amp;lt;relativePath&amp;gt;..&amp;lt;/relativePath&amp;gt;` which is simply not needed`). What i don't understand is why would this setup reduce build time? Can you elaborate a little bit more how that influences the build time? And what do you mean by searching the dependencies within a multi module build ? &lt;/p&gt;</comment>
                            <comment id="15076308" author="githubbot" created="Fri, 1 Jan 2016 14:51:57 +0000">&lt;p&gt;Github user michael-o commented on the pull request:&lt;/p&gt;

&lt;p&gt;    &lt;a href="https://github.com/apache/maven/pull/75#issuecomment-168311704" class="external-link" target="_blank" rel="nofollow noopener"&gt;https://github.com/apache/maven/pull/75#issuecomment-168311704&lt;/a&gt;&lt;/p&gt;

&lt;p&gt;    I second @khmarbaise answer, I do neither understand the problem you have. Looking at the demo project you have provided, I looks completely screwed up. Modules are supposed to be once int he reactor. It rather looks like a mess.&lt;/p&gt;</comment>
                            <comment id="15312990" author="michael-o" created="Thu, 2 Jun 2016 20:25:43 +0000">&lt;p&gt;No reaction for months.&lt;/p&gt;</comment>
                            <comment id="15313069" author="githubbot" created="Thu, 2 Jun 2016 21:11:59 +0000">&lt;p&gt;Github user nhojpatrick commented on the issue:&lt;/p&gt;

&lt;p&gt;    &lt;a href="https://github.com/apache/maven/pull/75" class="external-link" target="_blank" rel="nofollow noopener"&gt;https://github.com/apache/maven/pull/75&lt;/a&gt;&lt;/p&gt;

&lt;p&gt;    Totally forgot about this defect, as I was waiting for it to be merged in.&lt;/p&gt;

&lt;p&gt;    A git repo might might contain two deploy-able artifacts and currently the whole build might take 30 mins if a fresh clone.&lt;/p&gt;</comment>
                            <comment id="15313081" author="githubbot" created="Thu, 2 Jun 2016 21:19:02 +0000">&lt;p&gt;Github user nhojpatrick commented on the issue:&lt;/p&gt;

&lt;p&gt;    &lt;a href="https://github.com/apache/maven/pull/75" class="external-link" target="_blank" rel="nofollow noopener"&gt;https://github.com/apache/maven/pull/75&lt;/a&gt;&lt;/p&gt;

&lt;p&gt;    I totally forgot about this defect.&lt;br/&gt;
    @khmarbaise yep I would like to use modules multiple times, if your building everything then yes they are included multiple times. The build time improvements come when having to rebuild a portition of the multi module project.&lt;br/&gt;
    @michael-o It might looks like a mess but allowing this would help reduce the workarounds I've seen.&lt;/p&gt;</comment>
                            <comment id="15313781" author="githubbot" created="Fri, 3 Jun 2016 07:24:00 +0000">&lt;p&gt;Github user michael-o commented on the issue:&lt;/p&gt;

&lt;p&gt;    &lt;a href="https://github.com/apache/maven/pull/75" class="external-link" target="_blank" rel="nofollow noopener"&gt;https://github.com/apache/maven/pull/75&lt;/a&gt;&lt;/p&gt;

&lt;p&gt;    @nhojpatrick  I do understand your concerns but we strive for convention over configuration and not encouraging crappy setups. I am not really fond of this. &lt;/p&gt;

&lt;p&gt;    @jvanzyl What do you think?&lt;/p&gt;</comment>
                    </comments>
                    <attachments>
                    </attachments>
                <subtasks>
                    </subtasks>
                <customfields>
                                                                                                                                                                                                                                                                                                                                                                                                                                                                                                                                                                                                                                                                                                                    <customfield id="customfield_12314020" key="com.atlassian.jira.plugins.jira-development-integration-plugin:devsummary">
                        <customfieldname>Development</customfieldname>
                        <customfieldvalues>
                            
                        </customfieldvalues>
                    </customfield>
                                                                                                                        <customfield id="customfield_12313422" key="com.atlassian.jirafisheyeplugin:jobcheckbox">
                        <customfieldname>Enable Automatic Patch Review</customfieldname>
                        <customfieldvalues>
                            <customfieldvalue>false</customfieldvalue>

                        </customfieldvalues>
                    </customfield>
                                                                                                                                                                                                                                                                                                                                                        <customfield id="customfield_12310250" key="com.atlassian.jira.plugin.system.customfieldtypes:multicheckboxes">
                        <customfieldname>Flags</customfieldname>
                        <customfieldvalues>
                                <customfieldvalue key="10430">Patch</customfieldvalue>
    
                        </customfieldvalues>
                    </customfield>
                                                                                                                                                                                                                                                                                                <customfield id="customfield_12310420" key="com.pyxis.greenhopper.jira:gh-global-rank">
                        <customfieldname>Global Rank</customfieldname>
                        <customfieldvalues>
                            <customfieldvalue>9223372036854775807</customfieldvalue>
                        </customfieldvalues>
                    </customfield>
                                                                                                                                                                                                                                                                                                                                                                                                                                                                        <customfield id="customfield_12311820" key="com.pyxis.greenhopper.jira:gh-lexo-rank">
                        <customfieldname>Rank</customfieldname>
                        <customfieldvalues>
                            <customfieldvalue>0|i2qg07:</customfieldvalue>

                        </customfieldvalues>
                    </customfield>
                                                                <customfield id="customfield_12310920" key="com.pyxis.greenhopper.jira:gh-global-rank">
                        <customfieldname>Rank (Obsolete)</customfieldname>
                        <customfieldvalues>
                            <customfieldvalue>9223372036854775807</customfieldvalue>
                        </customfieldvalues>
                    </customfield>
                                                                                                                                                                                                                                                                                                                                                                                                                                                                                                                                                                                                                                                                                                                                                                                            </customfields>
    </item>


</channel>
</rss>