<rss version="0.92">
    <channel>
        <title>ASF JIRA</title>
        <link>https://issues.apache.org/jira/issues/?jql=project+%3D+MNG+and+type+%3D+bug+and+%28status+%3D+RESOLVED+or+status+%3D+closed%29</link>
        <description>An XML representation of a search request</description>
                <language>en-uk</language>
                        <issue start="0" end="1000" total="3303" />
                <build-info>
            <version>8.20.7</version>
            <build-number>820007</build-number>
            <build-date>16-03-2022</build-date>
        </build-info>

<item>
            <title>[MNG-5087] Maven 3 dependency resolution fails until maven-metadata-local.xml files (created by maven-invoker-plugin) are deleted</title>
                <link>https://issues.apache.org/jira/browse/MNG-5087</link>
                <project id="12316922" key="MNG">Maven</project>
                    <description>&lt;p&gt;In one of my Maven projects, dependency resolution will succeed once, then fail for later build attempts:&lt;/p&gt;

&lt;div class="code panel" style="border-width: 1px;"&gt;&lt;div class="codeContent panelContent"&gt;
&lt;pre class="code-java"&gt;[WARNING] The POM &lt;span class="code-keyword"&gt;for&lt;/span&gt; commons-logging:commons-logging:jar:1.1.1 is missing, no dependency information available
[WARNING] The POM &lt;span class="code-keyword"&gt;for&lt;/span&gt; commons-httpclient:commons-httpclient:jar:3.1 is missing, no dependency information available
[WARNING] The POM &lt;span class="code-keyword"&gt;for&lt;/span&gt; javax.mail:mail:jar:1.4.4 is missing, no dependency information available
&lt;/pre&gt;
&lt;/div&gt;&lt;/div&gt;

&lt;p&gt;...and so on, until I delete the &lt;tt&gt;maven-metadata-local.xml&lt;/tt&gt; files corresponding to the failing artifacts (e.g. &lt;tt&gt;~/.m2/repository/commons-logging/commons-logging/maven-metadata-local.xml&lt;/tt&gt;), which appear to be created by maven-invoker-plugin:install. After those files are deleted, the next &lt;tt&gt;mvn&lt;/tt&gt; invocation proceeds properly; the metadata files are restored by that invocation (presumably as part of the process of checking my upstream repositories/mirrors for updated artifacts), and I am again presented with the above errors until I again delete the metadata files.&lt;/p&gt;

&lt;p&gt;This is repeatable, even after starting with a completely fresh local repository. Note that Maven 2.2.1 does &lt;b&gt;NOT&lt;/b&gt; exhibit this problem.&lt;/p&gt;

&lt;p&gt;FYI, I'm not using an integration-testing-only local repo &lt;span class="error"&gt;&amp;#91;http://maven.apache.org/plugins/maven-invoker-plugin/install-mojo.html#localRepositoryPath|as described here&amp;#93;&lt;/span&gt;, simply because doing so causes the re-downloading of all transitive dependencies (&lt;span class="error"&gt;&amp;#91;http://maven.apache.org/plugins/maven-invoker-plugin/examples/fast-use.html|unless you want to maintain an integration-specific settings.xml file!!!&amp;#93;&lt;/span&gt;). I've used the invoker plugin with a variety of other projects in this way with good results (&lt;span class="error"&gt;&amp;#91;http://github.com/clojure/tools.nrepl|example&amp;#93;&lt;/span&gt;) &amp;#8211; certainly never encountering a borked local repository in the process like this.&lt;/p&gt;

&lt;p&gt;Here's an affected project: &lt;span class="error"&gt;&amp;#91;https://github.com/cemerick/rummage/tree/1.3.0-compat|the 1.3.0-compat branch of rummage&amp;#93;&lt;/span&gt;. To reproduce, just clone that repo, checkout &lt;tt&gt;1.3.0-compat&lt;/tt&gt;, and:&lt;/p&gt;

&lt;div class="code panel" style="border-width: 1px;"&gt;&lt;div class="codeContent panelContent"&gt;
&lt;pre class="code-java"&gt;&amp;gt; mvn clean test
# no error -- can run &lt;span class="code-keyword"&gt;this&lt;/span&gt; and other builds that don't involve maven-invoker-plugin all day w/o problems
&amp;gt; mvn clean integration-test
# FAIL: &lt;span class="code-quote"&gt;"Could not resolve dependencies"&lt;/span&gt;, with warnings as noted above
&amp;gt; mvn clean test
# FAIL: &lt;span class="code-quote"&gt;"Could not resolve dependencies"&lt;/span&gt;, with warnings as noted above
&lt;/pre&gt;
&lt;/div&gt;&lt;/div&gt;

&lt;p&gt;Once the local repository is broken (by the generation of the &lt;tt&gt;maven-metadata-local.xml&lt;/tt&gt; files, AFAICT), no builds will get past the dependency resolution stage.&lt;/p&gt;

&lt;p&gt;Running mvn -X reveals lines like this for each artifact that is later apparently not found:&lt;/p&gt;

&lt;div class="code panel" style="border-width: 1px;"&gt;&lt;div class="codeContent panelContent"&gt;
&lt;pre class="code-java"&gt;[DEBUG] Verifying availability of /Users/chas/.m2/repository/javax/mail/mail/1.4.4/mail-1.4.4.jar from []
&lt;/pre&gt;
&lt;/div&gt;&lt;/div&gt;

&lt;p&gt;Of course, &lt;tt&gt;/Users/chas/.m2/repository/javax/mail/mail/1.4.4/mail-1.4.4.jar&lt;/tt&gt; et al. does exist, as does &lt;tt&gt;/Users/chas/.m2/repository/javax/mail/mail/1.4.4/mail-1.4.4.pom&lt;/tt&gt;.&lt;/p&gt;

&lt;p&gt;I'm assuming this is a bug in Maven 3's core dependency resolution mechanisms (as opposed to maven-invoker-plugin) since Maven 2.2.1 doesn't exhibit the behaviour.&lt;/p&gt;</description>
                <environment>Mac OS X 10.6.x, Java 1.6.0_24</environment>
        <key id="12795968">MNG-5087</key>
            <summary>Maven 3 dependency resolution fails until maven-metadata-local.xml files (created by maven-invoker-plugin) are deleted</summary>
                <type id="1" iconUrl="https://issues.apache.org/jira/secure/viewavatar?size=xsmall&amp;avatarId=21133&amp;avatarType=issuetype">Bug</type>
                                            <priority id="3" iconUrl="https://issues.apache.org/jira/images/icons/priorities/major.svg">Major</priority>
                        <status id="6" iconUrl="https://issues.apache.org/jira/images/icons/statuses/closed.png" description="The issue is considered finished, the resolution is correct. Issues which are not closed can be reopened.">Closed</status>
                    <statusCategory id="3" key="done" colorName="green" />
                                    <resolution id="1">Fixed</resolution>
                                        <assignee username="jvanzyl">Jason van Zyl</assignee>
                                    <reporter username="cemerick">Chas Emerick</reporter>
                        <labels>
                    </labels>
                <created>Sun, 8 May 2011 06:14:46 +0000</created>
                <updated>Tue, 7 Apr 2015 12:25:42 +0000</updated>
                            <resolved>Thu, 23 Jan 2014 14:35:34 +0000</resolved>
                                    <version>3.0.2</version>
                    <version>3.0.3</version>
                                                    <component>Dependencies</component>
                    <component>Integration Tests</component>
                        <due />
                            <votes>6</votes>
                                    <watches>7</watches>
                                                                <comments>
                            <comment id="14417224" author="cemerick" created="Sun, 8 May 2011 06:17:33 +0000">&lt;p&gt;I mistakenly swapped the order of link and link text in my report, but it doesn't look like I have privs to edit the ticket &#151; sorry!&lt;/p&gt;</comment>
                            <comment id="14417318" author="dmatej" created="Thu, 28 Jul 2011 02:57:26 +0000">&lt;p&gt;I have the same problem, deployed SNAPSHOT version from one machine to the repository server yesterday, but today another machine does not update the artifact, even with -U.&lt;br/&gt;
When I deleted maven-metadata-local.xml of the artifact, the dependency was updated (even without -U).&lt;br/&gt;
There wasn't any problems with Maven2.&lt;br/&gt;
Maven 3.0.3, Kubuntu 10.04 - 2.6.32-32-generic, Sun JDK 1.6.0.24.&lt;/p&gt;</comment>
                            <comment id="14417236" author="dmatej" created="Thu, 28 Jul 2011 03:05:13 +0000">&lt;p&gt;I have an idea - I switched between Maven2 and Maven3. Maybe if the artifact is downloaded by Maven2, Maven3 skips updating due to some incompatibility?&lt;/p&gt;</comment>
                            <comment id="14417273" author="bentmann" created="Thu, 28 Jul 2011 06:02:19 +0000">&lt;p&gt;The hotfix for this is to replace &lt;tt&gt;&amp;lt;maven-home&amp;gt;/lib/aether-&amp;#42;-1.11.jar&lt;/tt&gt;'s with their 1.12 equivalents.&lt;/p&gt;</comment>
                            <comment id="14417306" author="cemerick" created="Thu, 18 Aug 2011 06:32:09 +0000">&lt;p&gt;Confirmed &#151; using aether 1.12 with Maven 3.0.3 resolves this issue.&lt;/p&gt;

&lt;p&gt;FYI for others hitting this, the only place I could find aether binaries was &lt;a href="http://repo1.maven.org/maven2/org/sonatype/aether/" class="external-link" target="_blank" rel="nofollow noopener"&gt;central&lt;/a&gt;.  The artifacts in question are -api, -connector-wagon, -impl, -spi, and -util.&lt;/p&gt;

&lt;p&gt;It looks like aether 1.12 was released on 5/30, and other notes around on the 'nets seem to indicate that aether 1.12 fixes a number of problems with maven 3.0.3.  Anything that can be done to get a v3.0.4 maven release out that includes aether 1.12 would be greatly appreciated.&lt;/p&gt;

&lt;p&gt;Thanks &lt;img class="emoticon" src="https://issues.apache.org/jira/images/icons/emoticons/smile.png" height="16" width="16" align="absmiddle" alt="" border="0"/&gt;&lt;/p&gt;</comment>
                            <comment id="14417338" author="cemerick" created="Thu, 18 Aug 2011 06:41:38 +0000">&lt;p&gt;Fixed in aether 1.12, will be fixed in maven when a new release is cut that includes 1.12.&lt;/p&gt;</comment>
                            <comment id="14417385" author="bentmann" created="Thu, 18 Aug 2011 06:48:25 +0000">&lt;p&gt;And until aether:1.12 is actually included, this issue remains unresolved.&lt;/p&gt;</comment>
                            <comment id="14419222" author="jvanzyl" created="Thu, 23 Jan 2014 14:35:35 +0000">&lt;p&gt;Fixed with new version of Aether.&lt;/p&gt;</comment>
                    </comments>
                    <attachments>
                    </attachments>
                <subtasks>
                    </subtasks>
                <customfields>
                                                                                                                                                                                                                                                                                                                                                                                                                                                                                                                                                                                                                                                                                                                    <customfield id="customfield_12314020" key="com.atlassian.jira.plugins.jira-development-integration-plugin:devsummary">
                        <customfieldname>Development</customfieldname>
                        <customfieldvalues>
                            
                        </customfieldvalues>
                    </customfield>
                                                                                                                        <customfield id="customfield_12313422" key="com.atlassian.jirafisheyeplugin:jobcheckbox">
                        <customfieldname>Enable Automatic Patch Review</customfieldname>
                        <customfieldvalues>
                            <customfieldvalue>false</customfieldvalue>

                        </customfieldvalues>
                    </customfield>
                                                                                                                                                                                                                                                                                                                                                                                                                                                                                                                                                                                                                    <customfield id="customfield_12310420" key="com.pyxis.greenhopper.jira:gh-global-rank">
                        <customfieldname>Global Rank</customfieldname>
                        <customfieldvalues>
                            <customfieldvalue>9223372036854775807</customfieldvalue>
                        </customfieldvalues>
                    </customfield>
                                                                                                                                                                                                                                                                                                                                                                                                                                                                        <customfield id="customfield_12311820" key="com.pyxis.greenhopper.jira:gh-lexo-rank">
                        <customfieldname>Rank</customfieldname>
                        <customfieldvalues>
                            <customfieldvalue>0|i28u1j:</customfieldvalue>

                        </customfieldvalues>
                    </customfield>
                                                                <customfield id="customfield_12310920" key="com.pyxis.greenhopper.jira:gh-global-rank">
                        <customfieldname>Rank (Obsolete)</customfieldname>
                        <customfieldvalues>
                            <customfieldvalue>9223372036854775807</customfieldvalue>
                        </customfieldvalues>
                    </customfield>
                                                                                                                                                                                                                                                                                                                                                                                                                                                                                                                                                                                                                                                                                                        <customfield id="customfield_12312220" key="com.atlassian.jira.plugin.system.customfieldtypes:radiobuttons">
                        <customfieldname>Testcase included</customfieldname>
                        <customfieldvalues>
                                <customfieldvalue key="11060">Yes</customfieldvalue>

                        </customfieldvalues>
                    </customfield>
                                                                                                                        </customfields>
    </item>


</channel>
</rss>