<rss version="0.92">
    <channel>
        <title>ASF JIRA</title>
        <link>https://issues.apache.org/jira/issues/?jql=project+%3D+MNG+and+type+%3D+bug+and+%28status+%3D+RESOLVED+or+status+%3D+closed%29</link>
        <description>An XML representation of a search request</description>
                <language>en-uk</language>
                        <issue start="0" end="1000" total="3303" />
                <build-info>
            <version>8.20.7</version>
            <build-number>820007</build-number>
            <build-date>16-03-2022</build-date>
        </build-info>

<item>
            <title>[MNG-5224] REGRESSION: Injected Settings in a Mojo are missing the profiles from settings.xml</title>
                <link>https://issues.apache.org/jira/browse/MNG-5224</link>
                <project id="12316922" key="MNG">Maven</project>
                    <description>&lt;p&gt;If you have a Mojo with &lt;/p&gt;

&lt;div class="code panel" style="border-width: 1px;"&gt;&lt;div class="codeContent panelContent"&gt;
&lt;pre class="code-java"&gt;/**
 * @parameter expression=&lt;span class="code-quote"&gt;"${settings}"&lt;/span&gt;
 * @required
 * @readonly
 */
&lt;span class="code-keyword"&gt;private&lt;/span&gt; Settings settings;
&lt;/pre&gt;
&lt;/div&gt;&lt;/div&gt;

&lt;p&gt;In Maven 2.2.1, the Settings included all the profiles, in Maven 3.0.3 the profiles are all missing.&lt;/p&gt;

&lt;p&gt;This issue becomes critical, as most users using Maven Release Plugin will be storing their gpg.passphrase as a property in a profile in their settings.xml, and as of Maven Release Plugin 2.2.2 we serialize the injected Settings to a file with the result that most users will be unable to use Maven 3.0.3 with Maven Release Plugin 2.2.2&lt;/p&gt;</description>
                <environment />
        <key id="12796894">MNG-5224</key>
            <summary>REGRESSION: Injected Settings in a Mojo are missing the profiles from settings.xml</summary>
                <type id="1" iconUrl="https://issues.apache.org/jira/secure/viewavatar?size=xsmall&amp;avatarId=21133&amp;avatarType=issuetype">Bug</type>
                                            <priority id="3" iconUrl="https://issues.apache.org/jira/images/icons/priorities/major.svg">Major</priority>
                        <status id="6" iconUrl="https://issues.apache.org/jira/images/icons/statuses/closed.png" description="The issue is considered finished, the resolution is correct. Issues which are not closed can be reopened.">Closed</status>
                    <statusCategory id="3" key="done" colorName="green" />
                                    <resolution id="1">Fixed</resolution>
                                        <assignee username="-1">Unassigned</assignee>
                                    <reporter username="stephenc">Stephen Connolly</reporter>
                        <labels>
                    </labels>
                <created>Tue, 3 Jan 2012 09:15:53 +0000</created>
                <updated>Mon, 6 Apr 2015 00:52:41 +0000</updated>
                            <resolved>Wed, 4 Jan 2012 14:45:24 +0000</resolved>
                                    <version>3.0.3</version>
                                    <fixVersion>3.0.4</fixVersion>
                                    <component>Settings</component>
                        <due />
                            <votes>0</votes>
                                    <watches>2</watches>
                                                                <comments>
                            <comment id="14417535" author="stephenc" created="Tue, 3 Jan 2012 09:59:28 +0000">&lt;p&gt;r1226842 contains the fix... needs test case before I am willing to mark this as closed&lt;/p&gt;</comment>
                            <comment id="14417553" author="olamy" created="Wed, 4 Jan 2012 14:45:24 +0000">&lt;p&gt;merged in 3.0.4RC branch&lt;br/&gt;
core it test added&lt;/p&gt;</comment>
                    </comments>
                <issuelinks>
                            <issuelinktype id="12310000">
                    <name>Duplicate</name>
                                                                <inwardlinks description="is duplicated by">
                                        <issuelink>
            <issuekey id="12806610">MRELEASE-724</issuekey>
        </issuelink>
            <issuelink>
            <issuekey id="12795943">MNG-5036</issuekey>
        </issuelink>
                            </inwardlinks>
                                    </issuelinktype>
                            <issuelinktype id="12310260">
                    <name>Related</name>
                                            <outwardlinks description="relates to">
                                        <issuelink>
            <issuekey id="12806473">MRELEASE-577</issuekey>
        </issuelink>
            <issuelink>
            <issuekey id="12806610">MRELEASE-724</issuekey>
        </issuelink>
            <issuelink>
            <issuekey id="12806583">MRELEASE-756</issuekey>
        </issuelink>
                            </outwardlinks>
                                                        </issuelinktype>
                    </issuelinks>
                <attachments>
                    </attachments>
                <subtasks>
                    </subtasks>
                <customfields>
                                                                                                                                                                                                                                                                                                                                                                                                                                                                                                                                                                                                                                                                                                                    <customfield id="customfield_12314020" key="com.atlassian.jira.plugins.jira-development-integration-plugin:devsummary">
                        <customfieldname>Development</customfieldname>
                        <customfieldvalues>
                            
                        </customfieldvalues>
                    </customfield>
                                                                                                                        <customfield id="customfield_12313422" key="com.atlassian.jirafisheyeplugin:jobcheckbox">
                        <customfieldname>Enable Automatic Patch Review</customfieldname>
                        <customfieldvalues>
                            <customfieldvalue>false</customfieldvalue>

                        </customfieldvalues>
                    </customfield>
                                                                                                                                                                                                                                                                                                                                                                                                                                                                                                                                                                                                                    <customfield id="customfield_12310420" key="com.pyxis.greenhopper.jira:gh-global-rank">
                        <customfieldname>Global Rank</customfieldname>
                        <customfieldvalues>
                            <customfieldvalue>9223372036854775807</customfieldvalue>
                        </customfieldvalues>
                    </customfield>
                                                                                                                                                                                                                                                                                                                                                                                                                                                                        <customfield id="customfield_12311820" key="com.pyxis.greenhopper.jira:gh-lexo-rank">
                        <customfieldname>Rank</customfieldname>
                        <customfieldvalues>
                            <customfieldvalue>0|i28la7:</customfieldvalue>

                        </customfieldvalues>
                    </customfield>
                                                                <customfield id="customfield_12310920" key="com.pyxis.greenhopper.jira:gh-global-rank">
                        <customfieldname>Rank (Obsolete)</customfieldname>
                        <customfieldvalues>
                            <customfieldvalue>9223372036854775807</customfieldvalue>
                        </customfieldvalues>
                    </customfield>
                                                                                                                                                                                                                                                                                                                                                                                                                                                                                                                                                                                                                                                                                                                                                                                            </customfields>
    </item>


</channel>
</rss>