<rss version="0.92">
    <channel>
        <title>ASF JIRA</title>
        <link>https://issues.apache.org/jira/issues/?jql=project+%3D+MNG+and+type+%3D+bug+and+%28status+%3D+RESOLVED+or+status+%3D+closed%29</link>
        <description>An XML representation of a search request</description>
                <language>en-uk</language>
                        <issue start="0" end="1000" total="3303" />
                <build-info>
            <version>8.20.7</version>
            <build-number>820007</build-number>
            <build-date>16-03-2022</build-date>
        </build-info>

<item>
            <title>[MNG-5765] Maven randomly badly manages rare weird cases (not-ending tests)</title>
                <link>https://issues.apache.org/jira/browse/MNG-5765</link>
                <project id="12316922" key="MNG">Maven</project>
                    <description>&lt;p&gt;In some rare cases, Maven does not capture the number of tests that have been run.&lt;/p&gt;

&lt;p&gt;I'm now running FLUME unit tests, by means of:&lt;/p&gt;

&lt;p&gt;mvn clean compile -Dhadoop.profile=2 -l mvn.Compile.res&lt;br/&gt;
mvn install -DskipTests -Dhadoop.profile=2 -l mvn.Install.res&lt;br/&gt;
for i in 4 5 6 7 8 9 10; do echo $i; mvn test -fn -Dhadoop.profile=2 -l mvn.Test.OPenJDK.res$i -X; done&lt;/p&gt;

&lt;p&gt;I'm using OpenJDK 1.7 :&lt;br/&gt;
/usr/lib/jvm/java-1.7.0-openjdk-1.7.0.75-2.5.4.2.el7_0.x86_64/&lt;/p&gt;

&lt;p&gt;I use a tool for summarizing the results, based on the output of Maven logged in file by means of "-l mvn.Test.OPenJDK.res$i" .&lt;/p&gt;

&lt;p&gt;Here below, I look at test results of 7 runs of all FLUME tests, numbered from 4 to 10.&lt;/p&gt;

&lt;p&gt;Look below, and notice that the "Total" number of tests run (first number column) for the Spillale test  is either 0 or 14.  14: 2 times out of 7 tries. 0: 5 times out of 7 tries.&lt;/p&gt;

&lt;ol&gt;
	&lt;li&gt;for i in 4 5 6 7 8 9 10; do ./BuildSummary.sh mvn.Test.OpenJDK.res$i | grep Spillable; done&lt;br/&gt;
&amp;gt; ModuleSpillable                                              Total Failure Error Skipped&lt;br/&gt;
Flume NG Spillable Memory channel 1.5.0.1     0     0     0     0&lt;br/&gt;
Flume NG Spillable Memory channel 1.5.0.1    14     0     0     0&lt;br/&gt;
Flume NG Spillable Memory channel 1.5.0.1     0     0     0     0&lt;br/&gt;
Flume NG Spillable Memory channel 1.5.0.1     0     0     0     0&lt;br/&gt;
Flume NG Spillable Memory channel 1.5.0.1     0     0     0     0&lt;br/&gt;
Flume NG Spillable Memory channel 1.5.0.1    14     0     0     0&lt;br/&gt;
Flume NG Spillable Memory channel 1.5.0.1     0     0     0     0&lt;/li&gt;
&lt;/ol&gt;



&lt;p&gt;Looking at details (output of "mvn -X ...."), I see (for the last test run (#10), the one with "0" Tests run):&lt;br/&gt;
===========================================================&lt;br/&gt;
Forking command line: /bin/sh -c cd /home/tony/FLUME/IBMSOE-flume-FromGit-20150210-OpenJDK/flume-ng-channels/flume-spillable-memory-channel &amp;amp;&amp;amp; /usr/lib/jvm/java-1.7.0-openjdk-1.7.0.75-2.5.4.2.el7_0.x86_64/jre/bin/java -jar /home/tony/FLUME/IBMSOE-flume-FromGit-20150210-OpenJDK/flume-ng-channels/flume-spillable-memory-channel/target/surefire/surefirebooter135787559521625428.jar /home/tony/FLUME/IBMSOE-flume-FromGit-20150210-OpenJDK/flume-ng-channels/flume-spillable-memory-channel/target/surefire/surefire2229363911750034554tmp /home/tony/FLUME/IBMSOE-flume-FromGit-20150210-OpenJDK/flume-ng-channels/flume-spillable-memory-channel/target/surefire/surefire_1058902884120229740691tmp&lt;br/&gt;
Running org.apache.flume.channel.TestSpillableMemoryChannel&lt;/p&gt;

&lt;p&gt;Results :&lt;/p&gt;

&lt;p&gt;Tests run: 0, Failures: 0, Errors: 0, Skipped: 0&lt;br/&gt;
===========================================================&lt;br/&gt;
Notice that there are : "0" Tests run and that there is a missing line, just after the line starting with "Running..." .&lt;/p&gt;


&lt;p&gt;Now, look at the same details for test run#9 (test run before the last one):&lt;br/&gt;
===========================================================&lt;br/&gt;
Forking command line: /bin/sh -c cd /home/tony/FLUME/IBMSOE-flume-FromGit-20150210-OpenJDK/flume-ng-channels/flume-spillable-memory-channel .................&lt;br/&gt;
Running org.apache.flume.channel.TestSpillableMemoryChannel&lt;br/&gt;
Tests run: 14, Failures: 0, Errors: 0, Skipped: 0, Time elapsed: 194.113 sec&lt;/p&gt;

&lt;p&gt;Results :&lt;/p&gt;

&lt;p&gt;Tests run: 14, Failures: 0, Errors: 0, Skipped: 0&lt;br/&gt;
===========================================================&lt;br/&gt;
Within this example, it is said that there are 14 "Tests run", not 0.&lt;br/&gt;
And there is a correct "Tests run: ..." line after the line starting with "Running ..."&lt;/p&gt;


&lt;p&gt;Now, look at details (from output of Spillable test) for last run (#10) :&lt;br/&gt;
===========================================================&lt;br/&gt;
./flume-ng-channels/flume-spillable-memory-channel/target/surefire-reports/org.apache.flume.channel.TestSpillableMemoryChannel.txt :&lt;br/&gt;
-------------------------------------------------------------------------------&lt;br/&gt;
Test set: org.apache.flume.channel.TestSpillableMemoryChannel&lt;br/&gt;
-------------------------------------------------------------------------------&lt;br/&gt;
Tests run: 14, Failures: 0, Errors: 0, Skipped: 0, Time elapsed: 194.113 sec&lt;br/&gt;
===========================================================&lt;br/&gt;
You can see that, though Maven says that there are 0 Tests runs, there are 14.&lt;/p&gt;

&lt;p&gt;And, if I look at the still-running Java processes AFTER all the FLUME tests have been run, I can see that there are several Java sub-processes (elementary tests launched by the main Maven "mvn" command) that are still there:&lt;/p&gt;
&lt;ol&gt;
	&lt;li&gt;ps -edf | grep java&lt;br/&gt;
root     14222     1  0 Feb12 ?        00:04:58 java -jar /home/tony/FLUME/IBMSOE-flume-FromGit-20150210-OpenJDK/flume-ng-channels/flume-spillable-memory-channel/target/surefire/surefirebooter6145763463198950899.jar /home/tony/FLUME/IBMSOE-flume-FromGit-20150210-OpenJDK/flume-ng-channels/flume-spillable-memory-channel/target/surefire/surefire3227929440141646135tmp /home/tony/FLUME/IBMSOE-flume-FromGit-20150210-OpenJDK/flume-ng-channels/flume-spillable-memory-channel/target/surefire/surefire_1055195751048502255360tmp&lt;br/&gt;
root     14296     1  0 Feb12 ?        00:05:32 java -jar /home/tony/FLUME/IBMSOE-flume-FromGit-20150210-OpenJDK/flume-ng-channels/flume-spillable-memory-channel/target/surefire/surefirebooter135787559521625428.jar /home/tony/FLUME/IBMSOE-flume-FromGit-20150210-OpenJDK/flume-ng-channels/flume-spillable-memory-channel/target/surefire/surefire2229363911750034554tmp /home/tony/FLUME/IBMSOE-flume-FromGit-20150210-OpenJDK/flume-ng-channels/flume-spillable-memory-channel/target/surefire/surefire_1058902884120229740691tmp&lt;/li&gt;
&lt;/ol&gt;



&lt;p&gt;It is  not the first time I see this issue.&lt;br/&gt;
However, with FLUME, it seems easy to reproduce it.&lt;/p&gt;

&lt;p&gt;I've done these tests with Maven version 3.2.1 .&lt;br/&gt;
I think that the issue appears with other versions since, on other machines, I've used older and fresher versions of Maven.&lt;/p&gt;

&lt;p&gt;I'm now launching the same tests, in the same environment, with Maven 3.2.5 , in order to be 100%&#194;&#160;sure that the issue is still there with the last version.&lt;br/&gt;
If I cannot reproduce the issue with Maven 3.2.5, I'll close this JIRA.&lt;/p&gt;</description>
                <environment>RHEL 7.1 / x86_64</environment>
        <key id="12796372">MNG-5765</key>
            <summary>Maven randomly badly manages rare weird cases (not-ending tests)</summary>
                <type id="1" iconUrl="https://issues.apache.org/jira/secure/viewavatar?size=xsmall&amp;avatarId=21133&amp;avatarType=issuetype">Bug</type>
                                            <priority id="3" iconUrl="https://issues.apache.org/jira/images/icons/priorities/major.svg">Major</priority>
                        <status id="6" iconUrl="https://issues.apache.org/jira/images/icons/statuses/closed.png" description="The issue is considered finished, the resolution is correct. Issues which are not closed can be reopened.">Closed</status>
                    <statusCategory id="3" key="done" colorName="green" />
                                    <resolution id="5">Cannot Reproduce</resolution>
                                        <assignee username="-1">Unassigned</assignee>
                                    <reporter username="trex58">Tony Reix</reporter>
                        <labels>
                    </labels>
                <created>Mon, 16 Feb 2015 04:56:40 +0000</created>
                <updated>Thu, 2 Apr 2015 11:38:42 +0000</updated>
                            <resolved>Thu, 2 Apr 2015 11:38:42 +0000</resolved>
                                    <version>3.2.5</version>
                                                        <due />
                            <votes>0</votes>
                                    <watches>2</watches>
                                                                <comments>
                            <comment id="14420152" author="trex58" created="Mon, 16 Feb 2015 09:09:17 +0000">&lt;p&gt;Tests with Maven 3.2.5 :&lt;/p&gt;
&lt;ol&gt;
	&lt;li&gt;for i in 11 12 13 14 15; do ./BuildSummary.sh mvn.Test.OPenJDK.res-Maven*-$i | grep Spillable; done&lt;br/&gt;
Flume NG Spillable Memory channel 1.5.0.1     0     0     0     0&lt;br/&gt;
Flume NG Spillable Memory channel 1.5.0.1     0     0     0     0&lt;br/&gt;
Flume NG Spillable Memory channel 1.5.0.1    14     0     0     0&lt;br/&gt;
Flume NG Spillable Memory channel 1.5.0.1    14     0     0     0&lt;br/&gt;
Flume NG Spillable Memory channel 1.5.0.1    14     0     0     0&lt;/li&gt;
&lt;/ol&gt;


&lt;p&gt;The issue is still there, but a little bit less ofthen.&lt;/p&gt;

&lt;p&gt;Maven/Java versions:&lt;br/&gt;
Apache Maven 3.2.5 (12a6b3acb947671f09b81f49094c53f426d8cea1; 2014-12-14T11:29:23-06:00)&lt;br/&gt;
Maven home: /opt/apache-maven-3.2.5&lt;br/&gt;
Java version: 1.7.0_75, vendor: Oracle Corporation&lt;br/&gt;
Java home: /usr/lib/jvm/java-1.7.0-openjdk-1.7.0.75-2.5.4.2.el7_0.x86_64/jre&lt;br/&gt;
Default locale: en_US, platform encoding: ISO-8859-1&lt;br/&gt;
OS name: "linux", version: "3.10.0-224.el7.x86_64", arch: "amd64", family: "unix"&lt;/p&gt;


&lt;p&gt;Details of mvn.Test.OPenJDK.res-Maven325-11 (First test, with "Tests run: 0):&lt;br/&gt;
===========================================================&lt;br/&gt;
Forking command line: /bin/sh -c cd /home/tony/FLUME/IBMSOE-flume-FromGit-20150210-OpenJDK/flume-ng-channels/flume-spillable-memory-channel &amp;amp;&amp;amp; /usr/lib/jvm/java-1.7.0-openjdk-1.7.0.75-2.5.4.2.el7_0.x86_64/jre/bin/java -jar /home/tony/FLUME/IBMSOE-flume-FromGit-20150210-OpenJDK/flume-ng-channels/flume-spillable-memory-channel/target/surefire/surefirebooter2484939521593599889.jar /home/tony/FLUME/IBMSOE-flume-FromGit-20150210-OpenJDK/flume-ng-channels/flume-spillable-memory-channel/target/surefire/surefire7181620408811533351tmp /home/tony/FLUME/IBMSOE-flume-FromGit-20150210-OpenJDK/flume-ng-channels/flume-spillable-memory-channel/target/surefire/surefire_1052843220460514214942tmp&lt;br/&gt;
Running org.apache.flume.channel.TestSpillableMemoryChannel&lt;/p&gt;

&lt;p&gt;Results :&lt;/p&gt;

&lt;p&gt;Tests run: 0, Failures: 0, Errors: 0, Skipped: 0&lt;br/&gt;
===========================================================&lt;br/&gt;
Notice the rsult line missing after line "Running ..." .&lt;/p&gt;

&lt;p&gt;And I see 2 Java processes that are still running:&lt;/p&gt;
&lt;ol&gt;
	&lt;li&gt;ps -edf | grep java&lt;br/&gt;
root      6679     1  0 06:53 pts/1    00:00:59 java -jar /home/tony/FLUME/IBMSOE-flume-FromGit-20150210-OpenJDK/flume-ng-channels/flume-spillable-memory-channel/target/surefire/surefirebooter3770382264767601089.jar /home/tony/FLUME/IBMSOE-flume-FromGit-20150210-OpenJDK/flume-ng-channels/flume-spillable-memory-channel/target/surefire/surefire6227729036814571868tmp /home/tony/FLUME/IBMSOE-flume-FromGit-20150210-OpenJDK/flume-ng-channels/flume-spillable-memory-channel/target/surefire/surefire_1051451252315406522294tmp&lt;br/&gt;
root     16260 23625  0 09:05 pts/1    00:00:00 grep --color=auto java&lt;br/&gt;
root     22926     1  0 06:12 pts/1    00:00:58 java -jar /home/tony/FLUME/IBMSOE-flume-FromGit-20150210-OpenJDK/flume-ng-channels/flume-spillable-memory-channel/target/surefire/surefirebooter2484939521593599889.jar /home/tony/FLUME/IBMSOE-flume-FromGit-20150210-OpenJDK/flume-ng-channels/flume-spillable-memory-channel/target/surefire/surefire7181620408811533351tmp /home/tony/FLUME/IBMSOE-flume-FromGit-20150210-OpenJDK/flume-ng-channels/flume-spillable-memory-channel/target/surefire/surefire_1052843220460514214942tmp&lt;/li&gt;
&lt;/ol&gt;


&lt;p&gt;So, with Maven 3.2.5, there is the same behaviour than with Maven 3.2.1 .&lt;/p&gt;</comment>
                    </comments>
                    <attachments>
                    </attachments>
                <subtasks>
                    </subtasks>
                <customfields>
                                                                                                                                                                                                                                                                                                                                                                                                                                                                                                                                                                                                                                                                                                                    <customfield id="customfield_12314020" key="com.atlassian.jira.plugins.jira-development-integration-plugin:devsummary">
                        <customfieldname>Development</customfieldname>
                        <customfieldvalues>
                            
                        </customfieldvalues>
                    </customfield>
                                                                                                                        <customfield id="customfield_12313422" key="com.atlassian.jirafisheyeplugin:jobcheckbox">
                        <customfieldname>Enable Automatic Patch Review</customfieldname>
                        <customfieldvalues>
                            <customfieldvalue>false</customfieldvalue>

                        </customfieldvalues>
                    </customfield>
                                                                                                                                                                                                                                                                                                                                                                                                                                                                                                                                                                                                                    <customfield id="customfield_12310420" key="com.pyxis.greenhopper.jira:gh-global-rank">
                        <customfieldname>Global Rank</customfieldname>
                        <customfieldvalues>
                            <customfieldvalue>9223372036854775807</customfieldvalue>
                        </customfieldvalues>
                    </customfield>
                                                                                                                                                                                                                                                                                                                                                                                                                                                                        <customfield id="customfield_12311820" key="com.pyxis.greenhopper.jira:gh-lexo-rank">
                        <customfieldname>Rank</customfieldname>
                        <customfieldvalues>
                            <customfieldvalue>0|i28pvj:</customfieldvalue>

                        </customfieldvalues>
                    </customfield>
                                                                <customfield id="customfield_12310920" key="com.pyxis.greenhopper.jira:gh-global-rank">
                        <customfieldname>Rank (Obsolete)</customfieldname>
                        <customfieldvalues>
                            <customfieldvalue>9223372036854775807</customfieldvalue>
                        </customfieldvalues>
                    </customfield>
                                                                                                                                                                                                                                                                                                                                                                                                                                                                                                                                                                                                                                                                                                        <customfield id="customfield_12312220" key="com.atlassian.jira.plugin.system.customfieldtypes:radiobuttons">
                        <customfieldname>Testcase included</customfieldname>
                        <customfieldvalues>
                                <customfieldvalue key="11060">Yes</customfieldvalue>

                        </customfieldvalues>
                    </customfield>
                                                                                                                        </customfields>
    </item>


</channel>
</rss>