<rss version="0.92">
    <channel>
        <title>ASF JIRA</title>
        <link>https://issues.apache.org/jira/issues/?jql=project+%3D+MNG+and+type+%3D+bug+and+%28status+%3D+RESOLVED+or+status+%3D+closed%29</link>
        <description>An XML representation of a search request</description>
                <language>en-uk</language>
                        <issue start="0" end="1000" total="3303" />
                <build-info>
            <version>8.20.7</version>
            <build-number>820007</build-number>
            <build-date>16-03-2022</build-date>
        </build-info>

<item>
            <title>[MNG-5798] mvn doesn't works on windows virtual drive</title>
                <link>https://issues.apache.org/jira/browse/MNG-5798</link>
                <project id="12316922" key="MNG">Maven</project>
                    <description>&lt;p&gt;Hi&lt;br/&gt;
On windows 7, If you create a virtual drive S: by running for exemple &lt;br/&gt;
the command line "subst S: C:\temp", &lt;br/&gt;
and if you do a mvn -version on S:, you will have the following message :&lt;/p&gt;


&lt;p&gt;Usage: java &lt;span class="error"&gt;&amp;#91;-options&amp;#93;&lt;/span&gt; class &lt;span class="error"&gt;&amp;#91;args...&amp;#93;&lt;/span&gt;&lt;br/&gt;
           (to execute a class)&lt;br/&gt;
   or  java &lt;span class="error"&gt;&amp;#91;-options&amp;#93;&lt;/span&gt; -jar jarfile &lt;span class="error"&gt;&amp;#91;args...&amp;#93;&lt;/span&gt;&lt;br/&gt;
           (to execute a jar file)&lt;br/&gt;
ETC...........&lt;/p&gt;

&lt;p&gt;Any other mvn command will fail.&lt;br/&gt;
The command will works on S: sub folders.&lt;/p&gt;

&lt;p&gt;It works on maven 3.2.5&lt;/p&gt;


&lt;p&gt;Thanks&lt;br/&gt;
Eric&lt;/p&gt;</description>
                <environment>Windows 7, maven 3.3.1</environment>
        <key id="12819350">MNG-5798</key>
            <summary>mvn doesn't works on windows virtual drive</summary>
                <type id="1" iconUrl="https://issues.apache.org/jira/secure/viewavatar?size=xsmall&amp;avatarId=21133&amp;avatarType=issuetype">Bug</type>
                                            <priority id="3" iconUrl="https://issues.apache.org/jira/images/icons/priorities/major.svg">Major</priority>
                        <status id="6" iconUrl="https://issues.apache.org/jira/images/icons/statuses/closed.png" description="The issue is considered finished, the resolution is correct. Issues which are not closed can be reopened.">Closed</status>
                    <statusCategory id="3" key="done" colorName="green" />
                                    <resolution id="3">Duplicate</resolution>
                                        <assignee username="-1">Unassigned</assignee>
                                    <reporter username="EFalco">Falco</reporter>
                        <labels>
                    </labels>
                <created>Wed, 8 Apr 2015 15:09:41 +0000</created>
                <updated>Sun, 3 May 2015 17:45:01 +0000</updated>
                            <resolved>Sun, 3 May 2015 17:45:01 +0000</resolved>
                                    <version>3.3.1</version>
                                                    <component>General</component>
                        <due />
                            <votes>0</votes>
                                    <watches>2</watches>
                                                                    <issuelinks>
                            <issuelinktype id="12310000">
                    <name>Duplicate</name>
                                            <outwardlinks description="duplicates">
                                        <issuelink>
            <issuekey id="12796401">MNG-5796</issuekey>
        </issuelink>
                            </outwardlinks>
                                                        </issuelinktype>
                    </issuelinks>
                <attachments>
                    </attachments>
                <subtasks>
                    </subtasks>
                <customfields>
                                                                                                                                                                                                                                                                                                                                                                                                                                                                                                                                                                                                                                                                                                                    <customfield id="customfield_12314020" key="com.atlassian.jira.plugins.jira-development-integration-plugin:devsummary">
                        <customfieldname>Development</customfieldname>
                        <customfieldvalues>
                            
                        </customfieldvalues>
                    </customfield>
                                                                                                                        <customfield id="customfield_12313422" key="com.atlassian.jirafisheyeplugin:jobcheckbox">
                        <customfieldname>Enable Automatic Patch Review</customfieldname>
                        <customfieldvalues>
                            <customfieldvalue>false</customfieldvalue>

                        </customfieldvalues>
                    </customfield>
                                                                                                                                                                                                                                                                                                                                                                                                                                                                                                                                                                                                                    <customfield id="customfield_12310420" key="com.pyxis.greenhopper.jira:gh-global-rank">
                        <customfieldname>Global Rank</customfieldname>
                        <customfieldvalues>
                            <customfieldvalue>9223372036854775807</customfieldvalue>
                        </customfieldvalues>
                    </customfield>
                                                                                                                                                                                                                                                                                                                                                                                                                                                                        <customfield id="customfield_12311820" key="com.pyxis.greenhopper.jira:gh-lexo-rank">
                        <customfieldname>Rank</customfieldname>
                        <customfieldvalues>
                            <customfieldvalue>0|i2cz8n:</customfieldvalue>

                        </customfieldvalues>
                    </customfield>
                                                                <customfield id="customfield_12310920" key="com.pyxis.greenhopper.jira:gh-global-rank">
                        <customfieldname>Rank (Obsolete)</customfieldname>
                        <customfieldvalues>
                            <customfieldvalue>9223372036854775807</customfieldvalue>
                        </customfieldvalues>
                    </customfield>
                                                                                                                                                                                                                                                                                                                                                                                                                                                                                                                                                                                                                                                                                                                                                                                            </customfields>
    </item>


</channel>
</rss>