<rss version="0.92">
    <channel>
        <title>ASF JIRA</title>
        <link>https://issues.apache.org/jira/issues/?jql=project+%3D+MNG+and+type+%3D+bug+and+%28status+%3D+RESOLVED+or+status+%3D+closed%29</link>
        <description>An XML representation of a search request</description>
                <language>en-uk</language>
                        <issue start="0" end="1000" total="3303" />
                <build-info>
            <version>8.20.7</version>
            <build-number>820007</build-number>
            <build-date>16-03-2022</build-date>
        </build-info>

<item>
            <title>[MNG-5795] Maven extensions can not be retrieved from authenticated repositories</title>
                <link>https://issues.apache.org/jira/browse/MNG-5795</link>
                <project id="12316922" key="MNG">Maven</project>
                    <description>&lt;p&gt;I'm attempting to use the new .mvn/extensions.xml feature to load the takari smart builder. I get the following error:&lt;br/&gt;
&lt;tt&gt;&lt;blockquote&gt;
&lt;p&gt;Downloading: REDACTED/nexus/content/groups/public/io/takari/maven/takari-smart-builder/0.4.0/takari-smart-builder-0.4.0.pom &lt;br/&gt;
&lt;span class="error"&gt;&amp;#91;WARNING&amp;#93;&lt;/span&gt; Failed to read extensions descriptor /home/carej/sandbox/sccStandalone/solutions-root/.mvn/extensions.xml: Plugin io.takari.maven:takari-smart-builder:0.4.0 or one of its dependencies could not be resolved: Failed to read artifact descriptor for io.takari.maven:takari-smart-builder:jar:0.4.0&lt;/p&gt;&lt;/blockquote&gt;&lt;/tt&gt;&lt;br/&gt;
After some initial discussion on the developer mailing list it seems that this might be related to using mirrorOf=* against our corporate repository, which requires authentication.&lt;/p&gt;</description>
                <environment>RHEL 6.6 on POWER</environment>
        <key id="12797543">MNG-5795</key>
            <summary>Maven extensions can not be retrieved from authenticated repositories</summary>
                <type id="1" iconUrl="https://issues.apache.org/jira/secure/viewavatar?size=xsmall&amp;avatarId=21133&amp;avatarType=issuetype">Bug</type>
                                            <priority id="3" iconUrl="https://issues.apache.org/jira/images/icons/priorities/major.svg">Major</priority>
                        <status id="6" iconUrl="https://issues.apache.org/jira/images/icons/statuses/closed.png" description="The issue is considered finished, the resolution is correct. Issues which are not closed can be reopened.">Closed</status>
                    <statusCategory id="3" key="done" colorName="green" />
                                    <resolution id="1">Fixed</resolution>
                                        <assignee username="jvanzyl">Jason van Zyl</assignee>
                                    <reporter username="carej@us.ibm.com">Jeff Care</reporter>
                        <labels>
                    </labels>
                <created>Tue, 31 Mar 2015 16:30:59 +0000</created>
                <updated>Sat, 28 Mar 2020 14:59:00 +0000</updated>
                            <resolved>Fri, 3 Apr 2015 10:57:06 +0000</resolved>
                                    <version>3.3.1</version>
                                    <fixVersion>3.3.3</fixVersion>
                                    <component>Artifacts and Repositories</component>
                        <due />
                            <votes>0</votes>
                                    <watches>7</watches>
                                                                <comments>
                            <comment id="14420168" author="jvanzyl" created="Wed, 1 Apr 2015 08:49:04 +0000">&lt;p&gt;I can reproduce this. It's definitely not working with a mirror settings. I don't see any auth headers being passed through. Igor and I touched some of the same code last release and I think it looks like I set up the execution request incorrectly.&lt;/p&gt;</comment>
                            <comment id="14420130" author="jvanzyl" created="Wed, 1 Apr 2015 15:15:17 +0000">&lt;p&gt;I have fixed it here locally. Need to write an IT and i'll push it in as soon as I can.&lt;/p&gt;</comment>
                            <comment id="14420201" author="jvanzyl" created="Wed, 1 Apr 2015 20:02:16 +0000">&lt;p&gt;Still working locally on ITs, but if anyone wants to try a distro with the fixes you can try this:&lt;/p&gt;

&lt;p&gt;&lt;a href="https://www.dropbox.com/sh/q9p0xnem3a1ym9v/AADdI630z8OOlyVCl3vZteJ_a?dl=0" class="external-link" target="_blank" rel="nofollow noopener"&gt;https://www.dropbox.com/sh/q9p0xnem3a1ym9v/AADdI630z8OOlyVCl3vZteJ_a?dl=0&lt;/a&gt;&lt;/p&gt;</comment>
                            <comment id="14420207" author="jvanzyl" created="Fri, 3 Apr 2015 10:57:07 +0000">&lt;p&gt;Fixed in Maven on 56e6db123150d08c15f1920ed8cc571480161b3c&lt;br/&gt;
IT added on bae4c23a4b85e1c187529c46fb58d87d9bf1a553&lt;/p&gt;</comment>
                            <comment id="14420206" author="carej@us.ibm.com" created="Fri, 3 Apr 2015 13:39:56 +0000">&lt;p&gt;I can confirm that the test distro you published to dropbox fixed the problem. Thanks!&lt;/p&gt;</comment>
                            <comment id="14491696" author="tcollignon" created="Sun, 12 Apr 2015 20:28:05 +0000">&lt;p&gt;I have the same problem with artifactory, I had noticed yet Jason.&lt;/p&gt;

&lt;p&gt;Thanks the fix Jason ! &lt;/p&gt;

&lt;p&gt;It Works in my case too, with the fix on dropbox&lt;/p&gt;</comment>
                            <comment id="14572152" author="hudson" created="Thu, 4 Jun 2015 05:03:47 +0000">&lt;p&gt;SUCCESS: Integrated in maven-3.x #1081 (See &lt;a href="https://builds.apache.org/job/maven-3.x/1081/" class="external-link" target="_blank" rel="nofollow noopener"&gt;https://builds.apache.org/job/maven-3.x/1081/&lt;/a&gt;)&lt;br/&gt;
&lt;a href="https://issues.apache.org/jira/browse/MNG-5795" title="Maven extensions can not be retrieved from authenticated repositories" class="issue-link" data-issue-key="MNG-5795"&gt;&lt;del&gt;MNG-5795&lt;/del&gt;&lt;/a&gt;: Maven extensions can not be retrieved from authenticated repositories (jason: rev 56e6db123150d08c15f1920ed8cc571480161b3c)&lt;/p&gt;
&lt;ul&gt;
	&lt;li&gt;maven-core/src/main/java/org/apache/maven/execution/MavenExecutionRequestPopulator.java&lt;/li&gt;
	&lt;li&gt;maven-embedder/src/main/java/org/apache/maven/cli/configuration/SettingsXmlConfigurationProcessor.java&lt;/li&gt;
	&lt;li&gt;maven-core/src/main/java/org/apache/maven/execution/DefaultMavenExecutionRequestPopulator.java&lt;/li&gt;
	&lt;li&gt;maven-core/src/main/java/org/apache/maven/internal/aether/DefaultRepositorySystemSessionFactory.java&lt;/li&gt;
&lt;/ul&gt;
</comment>
                            <comment id="17069592" author="hudson" created="Sat, 28 Mar 2020 14:59:00 +0000">&lt;p&gt;Build failed in Jenkins: Maven TLP &#187; maven-studies &#187; maven-metrics #4&lt;/p&gt;

&lt;p&gt;See &lt;a href="https://builds.apache.org/job/maven-box/job/maven-studies/job/maven-metrics/4/" class="external-link" target="_blank" rel="nofollow noopener"&gt;https://builds.apache.org/job/maven-box/job/maven-studies/job/maven-metrics/4/&lt;/a&gt;&lt;/p&gt;</comment>
                    </comments>
                    <attachments>
                    </attachments>
                <subtasks>
                    </subtasks>
                <customfields>
                                                                                                                                                                                                                                                                                                                                                                                                                                                                                                                                                                                                                                                                                                                    <customfield id="customfield_12314020" key="com.atlassian.jira.plugins.jira-development-integration-plugin:devsummary">
                        <customfieldname>Development</customfieldname>
                        <customfieldvalues>
                            
                        </customfieldvalues>
                    </customfield>
                                                                                                                        <customfield id="customfield_12313422" key="com.atlassian.jirafisheyeplugin:jobcheckbox">
                        <customfieldname>Enable Automatic Patch Review</customfieldname>
                        <customfieldvalues>
                            <customfieldvalue>false</customfieldvalue>

                        </customfieldvalues>
                    </customfield>
                                                                                                                                                                                                                                                                                                                                                                                                                                                                                                                                                                                                                    <customfield id="customfield_12310420" key="com.pyxis.greenhopper.jira:gh-global-rank">
                        <customfieldname>Global Rank</customfieldname>
                        <customfieldvalues>
                            <customfieldvalue>9223372036854775807</customfieldvalue>
                        </customfieldvalues>
                    </customfield>
                                                                                                                                                                                                                                                                                                                                                                                                                                                                        <customfield id="customfield_12311820" key="com.pyxis.greenhopper.jira:gh-lexo-rank">
                        <customfieldname>Rank</customfieldname>
                        <customfieldvalues>
                            <customfieldvalue>0|i28pmv:</customfieldvalue>

                        </customfieldvalues>
                    </customfield>
                                                                <customfield id="customfield_12310920" key="com.pyxis.greenhopper.jira:gh-global-rank">
                        <customfieldname>Rank (Obsolete)</customfieldname>
                        <customfieldvalues>
                            <customfieldvalue>9223372036854775807</customfieldvalue>
                        </customfieldvalues>
                    </customfield>
                                                                                                                                                                                                                                                                                                                                                                                                                                                                                                                                                                                                                                                                                                                                                                                            </customfields>
    </item>


</channel>
</rss>