<rss version="0.92">
    <channel>
        <title>ASF JIRA</title>
        <link>https://issues.apache.org/jira/issues/?jql=project+%3D+MNG+and+type+%3D+bug+and+%28status+%3D+RESOLVED+or+status+%3D+closed%29</link>
        <description>An XML representation of a search request</description>
                <language>en-uk</language>
                        <issue start="0" end="1000" total="3303" />
                <build-info>
            <version>8.20.7</version>
            <build-number>820007</build-number>
            <build-date>16-03-2022</build-date>
        </build-info>

<item>
            <title>[MNG-5109] Passing Maven classpath to a ant mojo not working</title>
                <link>https://issues.apache.org/jira/browse/MNG-5109</link>
                <project id="12316922" key="MNG">Maven</project>
                    <description>&lt;p&gt;I use a ant tast called listtopath &lt;br/&gt;
This is part of:&lt;br/&gt;
&lt;a href="http://snapshots.repository.codehaus.org/org/codehaus/mojo/was-plugin-anttasks/1.0/" class="external-link" target="_blank" rel="nofollow noopener"&gt;http://snapshots.repository.codehaus.org/org/codehaus/mojo/was-plugin-anttasks/1.0/&lt;/a&gt;&lt;/p&gt;

&lt;p&gt;This task is to get around the headache of trying to get ${maven.compile.classpath} to be passed from maven to the ant mojo.&lt;br/&gt;
It has worked like a treat in Maven 2 (I've included the maven 2 example)&lt;br/&gt;
but trying to run on maven 3 the CP isn't being passed through.&lt;/p&gt;

&lt;p&gt;Basically this is what I do:&lt;br/&gt;
I have a simple mojo that takes a reference to the maven project.&lt;br/&gt;
It then uses the listtopath task to convert it into a refid that can be used.&lt;/p&gt;

&lt;p&gt;eg.&lt;br/&gt;
The mojo.&lt;br/&gt;
the parameter to pass the maven project&lt;br/&gt;
&amp;lt;pluginMetadata&amp;gt;&lt;br/&gt;
    &amp;lt;mojos&amp;gt;&lt;br/&gt;
        &amp;lt;mojo&amp;gt;&lt;br/&gt;
            &amp;lt;goal&amp;gt;ejb-stub-compile&amp;lt;/goal&amp;gt;&lt;br/&gt;
            &amp;lt;call&amp;gt;ejb-stub-compile&amp;lt;/call&amp;gt;&lt;br/&gt;
            &amp;lt;requiresProject&amp;gt;true&amp;lt;/requiresProject&amp;gt;&lt;br/&gt;
&amp;lt;!--- rest ommitted --//&amp;gt;&lt;br/&gt;
                &amp;lt;parameter&amp;gt;&lt;br/&gt;
                    &amp;lt;name&amp;gt;mavenproject&amp;lt;/name&amp;gt;&lt;br/&gt;
                    &amp;lt;type&amp;gt;org.apache.maven.project.MavenProject&amp;lt;/type&amp;gt;&lt;br/&gt;
                    &amp;lt;required&amp;gt;true&amp;lt;/required&amp;gt;&lt;br/&gt;
                    &amp;lt;description&amp;gt;This is the pom for the project. Property is&lt;br/&gt;
                        read-only (i.e you can not set it)&lt;br/&gt;
                    &amp;lt;/description&amp;gt;&lt;br/&gt;
                &amp;lt;/parameter&amp;gt;&lt;/p&gt;

&lt;p&gt;&amp;lt;!--- rest ommitted --//&amp;gt;&lt;/p&gt;


&lt;p&gt;Then in my maven-ant build&lt;/p&gt;


&lt;p&gt;&amp;lt;project xmlns:artifact="antlib:org.apache.maven.artifact.ant"&amp;gt;&lt;br/&gt;
    &amp;lt;property environment="env" value=""/&amp;gt;&lt;br/&gt;
&amp;lt;!-- make reference to the listtopath --&amp;gt;&lt;br/&gt;
    &amp;lt;taskdef name="listtopath" classname="org.codehaus.mojo.wasanttasks.ListToPathTask"&amp;gt;&lt;br/&gt;
        &amp;lt;classpath&amp;gt;&lt;br/&gt;
            &amp;lt;pathelement&lt;br/&gt;
                    location="${env.USERPROFILE}/.m2/repository/org/codehaus/mojo/was-plugin-anttasks/1.0/was-plugin-anttasks-1.0.jar"/&amp;gt;&lt;br/&gt;
        &amp;lt;/classpath&amp;gt;&lt;br/&gt;
    &amp;lt;/taskdef&amp;gt;&lt;/p&gt;

&lt;p&gt;    &amp;lt;target name="ejb-stub-compile" depends="init-windows,init-unix"&amp;gt;&lt;br/&gt;
        &amp;lt;echo&amp;gt;Starting ejb stub compilation&amp;lt;/echo&amp;gt;&lt;/p&gt;

&lt;p&gt;        &amp;lt;!-- using the maven project get the classpath --&amp;gt;&lt;br/&gt;
        &amp;lt;listtopath targetRef="classpath" mavenproject="mavenproject"/&amp;gt;&lt;br/&gt;
        &amp;lt;!-- convert it into a path and store in ref --&amp;gt;&lt;br/&gt;
        &amp;lt;pathconvert property="converted.compile.classpath" refid="classpath" dirsep="/"/&amp;gt;&lt;/p&gt;

&lt;p&gt;        &amp;lt;!-- if the classpath works it should appear here --&amp;gt;&lt;br/&gt;
        &amp;lt;echo&amp;gt;classpath:${converted.compile.classpath}&amp;lt;/echo&amp;gt;&lt;/p&gt;


&lt;p&gt;After compiling this I make a local-repository reference and call it&lt;/p&gt;

&lt;p&gt;the call in the pom.&lt;/p&gt;

&lt;p&gt; &amp;lt;plugin&amp;gt;&lt;br/&gt;
                &amp;lt;groupId&amp;gt;com.nag.build&amp;lt;/groupId&amp;gt;&lt;br/&gt;
                &amp;lt;artifactId&amp;gt;ejb-stub-compile&amp;lt;/artifactId&amp;gt;&lt;br/&gt;
                &amp;lt;version&amp;gt;1.0.15&amp;lt;/version&amp;gt;&lt;br/&gt;
                &amp;lt;configuration&amp;gt;&lt;br/&gt;
                    &amp;lt;mavenproject implementation="org.apache.maven.project.MavenProject"&amp;gt;${project}&amp;lt;/mavenproject&amp;gt;&lt;br/&gt;
                    &amp;lt;websphere.home&amp;gt;${websphere.home}&amp;lt;/websphere.home&amp;gt;&lt;br/&gt;
                    &amp;lt;input-file&amp;gt;${project.build.directory}/${project.build.finalName}.jar&amp;lt;/input-file&amp;gt;&lt;br/&gt;
                    &amp;lt;output-file&amp;gt;${project.build.directory}/${project.build.finalName}-tmp.jar&amp;lt;/output-file&amp;gt;&lt;br/&gt;
                &amp;lt;/configuration&amp;gt;&lt;/p&gt;

&lt;p&gt;                &amp;lt;executions&amp;gt;&lt;br/&gt;
                    &amp;lt;execution&amp;gt;&lt;br/&gt;
                        &amp;lt;phase&amp;gt;pre-integration-test&amp;lt;/phase&amp;gt;&lt;br/&gt;
                        &amp;lt;goals&amp;gt;&lt;br/&gt;
                            &amp;lt;goal&amp;gt;ejb-stub-compile&amp;lt;/goal&amp;gt;&lt;br/&gt;
                        &amp;lt;/goals&amp;gt;&lt;br/&gt;
                    &amp;lt;/execution&amp;gt;&lt;br/&gt;
                &amp;lt;/executions&amp;gt;&lt;br/&gt;
                &amp;lt;dependencies&amp;gt;&lt;br/&gt;
                    &amp;lt;dependency&amp;gt;&lt;br/&gt;
                        &amp;lt;groupId&amp;gt;org.codehaus.mojo&amp;lt;/groupId&amp;gt;&lt;br/&gt;
                        &amp;lt;artifactId&amp;gt;was-plugin-anttasks&amp;lt;/artifactId&amp;gt;&lt;br/&gt;
                        &amp;lt;version&amp;gt;1.0&amp;lt;/version&amp;gt;&lt;br/&gt;
                    &amp;lt;/dependency&amp;gt;&lt;br/&gt;
                &amp;lt;/dependencies&amp;gt;&lt;br/&gt;
            &amp;lt;/plugin&amp;gt;&lt;/p&gt;



&lt;p&gt;The above worked with maven2 - migrating to Maven3 has caused the listtopath to stop working.&lt;br/&gt;
Alternatively there has to be an easier way to pass the cp through to ant!!!!&lt;/p&gt;</description>
                <environment>Apache Maven 3.0.3 (r1075438; 2011-03-01 04:31:09+1100)&lt;br/&gt;
Maven home: /usr/share/maven3&lt;br/&gt;
Java version: 1.6.0_24, vendor: Sun Microsystems Inc.&lt;br/&gt;
Java home: /usr/lib/jvm/java-6-sun-1.6.0.24/jre&lt;br/&gt;
Default locale: en_AU, platform encoding: UTF-8&lt;br/&gt;
OS name: &amp;quot;linux&amp;quot;, version: &amp;quot;2.6.35-28-generic&amp;quot;, arch: &amp;quot;amd64&amp;quot;, family: &amp;quot;unix&amp;quot;</environment>
        <key id="12795966">MNG-5109</key>
            <summary>Passing Maven classpath to a ant mojo not working</summary>
                <type id="1" iconUrl="https://issues.apache.org/jira/secure/viewavatar?size=xsmall&amp;avatarId=21133&amp;avatarType=issuetype">Bug</type>
                                            <priority id="3" iconUrl="https://issues.apache.org/jira/images/icons/priorities/major.svg">Major</priority>
                        <status id="6" iconUrl="https://issues.apache.org/jira/images/icons/statuses/closed.png" description="The issue is considered finished, the resolution is correct. Issues which are not closed can be reopened.">Closed</status>
                    <statusCategory id="3" key="done" colorName="green" />
                                    <resolution id="4">Incomplete</resolution>
                                        <assignee username="-1">Unassigned</assignee>
                                    <reporter username="qng">Quentin Ng</reporter>
                        <labels>
                    </labels>
                <created>Wed, 1 Jun 2011 00:26:25 +0000</created>
                <updated>Wed, 22 Jan 2014 20:31:58 +0000</updated>
                            <resolved>Wed, 22 Jan 2014 20:31:58 +0000</resolved>
                                                                    <component>Class Loading</component>
                        <due />
                            <votes>0</votes>
                                    <watches>2</watches>
                                                                <comments>
                            <comment id="14417262" author="qng" created="Wed, 1 Jun 2011 20:36:03 +0000">&lt;p&gt;Note that the ListToTask ant task uses the MavenProject.getArtifacts(...) to work out the compile classpath.&lt;br/&gt;
    getArtifacts() returns the set of dependencies (including transitive) that were last resolved.&lt;br/&gt;
    Thus, the set thus then depends one either:&lt;/p&gt;

&lt;p&gt;    1) What you have set for your mojo&amp;rsquo;s @requiresDependencyResolution tag.&lt;br/&gt;
    If you have it set to runtime, it will be the runtime stuff.&lt;/p&gt;

&lt;p&gt;    2) If you don&amp;rsquo;t have a @requiresDependencyResolution tag, it will depend&lt;br/&gt;
    on where in the lifecycle your plugin runs and what plugins were called&lt;br/&gt;
    before it. For example, if your plugin runs in the validate phase, the&lt;br/&gt;
    set is most likely going to be null. If you run after compile,&lt;br/&gt;
    you&amp;rsquo;ll get the compile stuff, if you run after test, you&amp;rsquo;ll get the test&lt;br/&gt;
    stuff.&lt;/p&gt;</comment>
                            <comment id="14418647" author="jvanzyl" created="Wed, 22 Jan 2014 20:23:02 +0000">&lt;p&gt;Please refer to &lt;a href="https://cwiki.apache.org/confluence/display/MAVEN/The+Great+JIRA+Cleanup+of+2014" class="external-link" target="_blank" rel="nofollow noopener"&gt;https://cwiki.apache.org/confluence/display/MAVEN/The+Great+JIRA+Cleanup+of+2014&lt;/a&gt;&lt;/p&gt;</comment>
                            <comment id="14419184" author="jvanzyl" created="Wed, 22 Jan 2014 20:31:58 +0000">&lt;p&gt;Please refer to &lt;a href="https://cwiki.apache.org/confluence/display/MAVEN/The+Great+JIRA+Cleanup+of+2014" class="external-link" target="_blank" rel="nofollow noopener"&gt;https://cwiki.apache.org/confluence/display/MAVEN/The+Great+JIRA+Cleanup+of+2014&lt;/a&gt; if you're wondering why this issue was closed out.&lt;/p&gt;</comment>
                    </comments>
                    <attachments>
                            <attachment id="12712683" name="qng-maven3.tar" size="245760" author="qng" created="Wed, 1 Jun 2011 00:26:25 +0000" />
                    </attachments>
                <subtasks>
                    </subtasks>
                <customfields>
                                                                                                                                                                                                                                                                                                                                                                                                                                                                                                                                                                                                                                                                                                                    <customfield id="customfield_12314020" key="com.atlassian.jira.plugins.jira-development-integration-plugin:devsummary">
                        <customfieldname>Development</customfieldname>
                        <customfieldvalues>
                            
                        </customfieldvalues>
                    </customfield>
                                                                                                                        <customfield id="customfield_12313422" key="com.atlassian.jirafisheyeplugin:jobcheckbox">
                        <customfieldname>Enable Automatic Patch Review</customfieldname>
                        <customfieldvalues>
                            <customfieldvalue>false</customfieldvalue>

                        </customfieldvalues>
                    </customfield>
                                                                                                                                                                                                                                                                                                                                                                                                                                                                                                                                                                                                                    <customfield id="customfield_12310420" key="com.pyxis.greenhopper.jira:gh-global-rank">
                        <customfieldname>Global Rank</customfieldname>
                        <customfieldvalues>
                            <customfieldvalue>9223372036854775807</customfieldvalue>
                        </customfieldvalues>
                    </customfield>
                                                                                                                                                                                                                                                                                                                                                                                                                                                                        <customfield id="customfield_12311820" key="com.pyxis.greenhopper.jira:gh-lexo-rank">
                        <customfieldname>Rank</customfieldname>
                        <customfieldvalues>
                            <customfieldvalue>0|i292wf:</customfieldvalue>

                        </customfieldvalues>
                    </customfield>
                                                                <customfield id="customfield_12310920" key="com.pyxis.greenhopper.jira:gh-global-rank">
                        <customfieldname>Rank (Obsolete)</customfieldname>
                        <customfieldvalues>
                            <customfieldvalue>9223372036854775807</customfieldvalue>
                        </customfieldvalues>
                    </customfield>
                                                                                                                                                                                                                                                                                                                                                                                                                                                                                                                                                                                                                                                                                                        <customfield id="customfield_12312220" key="com.atlassian.jira.plugin.system.customfieldtypes:radiobuttons">
                        <customfieldname>Testcase included</customfieldname>
                        <customfieldvalues>
                                <customfieldvalue key="11060">Yes</customfieldvalue>

                        </customfieldvalues>
                    </customfield>
                                                                                                                        </customfields>
    </item>


</channel>
</rss>