<rss version="0.92">
    <channel>
        <title>ASF JIRA</title>
        <link>https://issues.apache.org/jira/issues/?jql=project+%3D+MNG+and+type+%3D+bug+and+%28status+%3D+RESOLVED+or+status+%3D+closed%29</link>
        <description>An XML representation of a search request</description>
                <language>en-uk</language>
                        <issue start="0" end="1000" total="3303" />
                <build-info>
            <version>8.20.7</version>
            <build-number>820007</build-number>
            <build-date>16-03-2022</build-date>
        </build-info>

<item>
            <title>[MNG-5335] ComponentLookupException on lookup of SettingsDecrypter from a Maven extension or plugin</title>
                <link>https://issues.apache.org/jira/browse/MNG-5335</link>
                <project id="12316922" key="MNG">Maven</project>
                    <description>&lt;p&gt;Problem:&lt;/p&gt;

&lt;p&gt;Got a &lt;tt&gt;ComponentLookupException&lt;/tt&gt; when trying to lookup &lt;tt&gt;org.apache.maven.settings.crypto.SettingsDecrypter&lt;/tt&gt; from a Maven extension or plugin. Note: The problem only occurs when the extension has the plexus-sec-dispatcher.jar on its own class realm (because of the self-first strategy of the class realms).&lt;/p&gt;

&lt;p&gt;Cause:&lt;/p&gt;

&lt;p&gt;The component &lt;tt&gt;org.apache.maven.settings.crypto.DefaultSettingsDecrypter&lt;/tt&gt; requires an instance of &lt;tt&gt;org.sonatype.plexus.components.sec.dispatcher.SecDispatcher&lt;/tt&gt;, but &lt;tt&gt;org.sonatype.plexus.components.**&lt;/tt&gt; is not part of the "Maven API" and cannot be reached via the &lt;tt&gt;maven.api&lt;/tt&gt; class realm.&lt;/p&gt;

&lt;p&gt;See attached test project for further details.&lt;/p&gt;</description>
                <environment />
        <key id="12796095">MNG-5335</key>
            <summary>ComponentLookupException on lookup of SettingsDecrypter from a Maven extension or plugin</summary>
                <type id="1" iconUrl="https://issues.apache.org/jira/secure/viewavatar?size=xsmall&amp;avatarId=21133&amp;avatarType=issuetype">Bug</type>
                                            <priority id="3" iconUrl="https://issues.apache.org/jira/images/icons/priorities/major.svg">Major</priority>
                        <status id="6" iconUrl="https://issues.apache.org/jira/images/icons/statuses/closed.png" description="The issue is considered finished, the resolution is correct. Issues which are not closed can be reopened.">Closed</status>
                    <statusCategory id="3" key="done" colorName="green" />
                                    <resolution id="4">Incomplete</resolution>
                                        <assignee username="-1">Unassigned</assignee>
                                    <reporter username="bernd">Bernd Mathiske</reporter>
                        <labels>
                    </labels>
                <created>Thu, 23 Aug 2012 07:50:11 +0000</created>
                <updated>Wed, 22 Jan 2014 20:31:26 +0000</updated>
                            <resolved>Wed, 22 Jan 2014 20:31:25 +0000</resolved>
                                    <version>3.0.4</version>
                                                    <component>Class Loading</component>
                        <due />
                            <votes>0</votes>
                                    <watches>3</watches>
                                                                <comments>
                            <comment id="14418680" author="jvanzyl" created="Wed, 22 Jan 2014 20:22:55 +0000">&lt;p&gt;Please refer to &lt;a href="https://cwiki.apache.org/confluence/display/MAVEN/The+Great+JIRA+Cleanup+of+2014" class="external-link" target="_blank" rel="nofollow noopener"&gt;https://cwiki.apache.org/confluence/display/MAVEN/The+Great+JIRA+Cleanup+of+2014&lt;/a&gt;&lt;/p&gt;</comment>
                            <comment id="14418631" author="jvanzyl" created="Wed, 22 Jan 2014 20:31:26 +0000">&lt;p&gt;Please refer to &lt;a href="https://cwiki.apache.org/confluence/display/MAVEN/The+Great+JIRA+Cleanup+of+2014" class="external-link" target="_blank" rel="nofollow noopener"&gt;https://cwiki.apache.org/confluence/display/MAVEN/The+Great+JIRA+Cleanup+of+2014&lt;/a&gt; if you're wondering why this issue was closed out.&lt;/p&gt;</comment>
                    </comments>
                    <attachments>
                            <attachment id="12713358" name="settings-decrypter-test.zip" size="4403" author="bernd" created="Thu, 23 Aug 2012 07:50:12 +0000" />
                    </attachments>
                <subtasks>
                    </subtasks>
                <customfields>
                                                                                                                                                                                                                                                                                                                                                                                                                                                                                                                                                                                                                                                                                                                    <customfield id="customfield_12314020" key="com.atlassian.jira.plugins.jira-development-integration-plugin:devsummary">
                        <customfieldname>Development</customfieldname>
                        <customfieldvalues>
                            
                        </customfieldvalues>
                    </customfield>
                                                                                                                        <customfield id="customfield_12313422" key="com.atlassian.jirafisheyeplugin:jobcheckbox">
                        <customfieldname>Enable Automatic Patch Review</customfieldname>
                        <customfieldvalues>
                            <customfieldvalue>false</customfieldvalue>

                        </customfieldvalues>
                    </customfield>
                                                                                                                                                                                                                                                                                                                                                                                                                                                                                                                                                                                                                    <customfield id="customfield_12310420" key="com.pyxis.greenhopper.jira:gh-global-rank">
                        <customfieldname>Global Rank</customfieldname>
                        <customfieldvalues>
                            <customfieldvalue>9223372036854775807</customfieldvalue>
                        </customfieldvalues>
                    </customfield>
                                                                                                                                                                                                                                                                                                                                                                                                                                                                        <customfield id="customfield_12311820" key="com.pyxis.greenhopper.jira:gh-lexo-rank">
                        <customfieldname>Rank</customfieldname>
                        <customfieldvalues>
                            <customfieldvalue>0|i28scv:</customfieldvalue>

                        </customfieldvalues>
                    </customfield>
                                                                <customfield id="customfield_12310920" key="com.pyxis.greenhopper.jira:gh-global-rank">
                        <customfieldname>Rank (Obsolete)</customfieldname>
                        <customfieldvalues>
                            <customfieldvalue>9223372036854775807</customfieldvalue>
                        </customfieldvalues>
                    </customfield>
                                                                                                                                                                                                                                                                                                                                                                                                                                                                                                                                                                                                                                                                                                        <customfield id="customfield_12312220" key="com.atlassian.jira.plugin.system.customfieldtypes:radiobuttons">
                        <customfieldname>Testcase included</customfieldname>
                        <customfieldvalues>
                                <customfieldvalue key="11060">Yes</customfieldvalue>

                        </customfieldvalues>
                    </customfield>
                                                                                                                        </customfields>
    </item>


</channel>
</rss>