<rss version="0.92">
    <channel>
        <title>ASF JIRA</title>
        <link>https://issues.apache.org/jira/issues/?jql=project+%3D+MNG+and+type+%3D+bug+and+%28status+%3D+RESOLVED+or+status+%3D+closed%29</link>
        <description>An XML representation of a search request</description>
                <language>en-uk</language>
                        <issue start="0" end="1000" total="3303" />
                <build-info>
            <version>8.20.7</version>
            <build-number>820007</build-number>
            <build-date>16-03-2022</build-date>
        </build-info>

<item>
            <title>[MNG-5945] The resource with named "training" is getting cleaned after executing maven clean install</title>
                <link>https://issues.apache.org/jira/browse/MNG-5945</link>
                <project id="12316922" key="MNG">Maven</project>
                    <description>&lt;p&gt;This is snippets from my pom.xml&lt;br/&gt;
...&lt;br/&gt;
&amp;lt;build&amp;gt;&lt;br/&gt;
&amp;lt;resources&amp;gt;&lt;br/&gt;
			&amp;lt;resource&amp;gt;&lt;br/&gt;
				&amp;lt;directory&amp;gt;conf&amp;lt;/directory&amp;gt;&lt;br/&gt;
				&amp;lt;directory&amp;gt;training&amp;lt;/directory&amp;gt;&lt;br/&gt;
			&amp;lt;/resource&amp;gt;&lt;br/&gt;
			&amp;lt;resource&amp;gt;&lt;br/&gt;
....&lt;/p&gt;


&lt;p&gt;only training resource is getting deleted after execution. I am executing "mvn clean install"&lt;/p&gt;</description>
                <environment />
        <key id="12920751">MNG-5945</key>
            <summary>The resource with named "training" is getting cleaned after executing maven clean install</summary>
                <type id="1" iconUrl="https://issues.apache.org/jira/secure/viewavatar?size=xsmall&amp;avatarId=21133&amp;avatarType=issuetype">Bug</type>
                                            <priority id="3" iconUrl="https://issues.apache.org/jira/images/icons/priorities/major.svg">Major</priority>
                        <status id="6" iconUrl="https://issues.apache.org/jira/images/icons/statuses/closed.png" description="The issue is considered finished, the resolution is correct. Issues which are not closed can be reopened.">Closed</status>
                    <statusCategory id="3" key="done" colorName="green" />
                                    <resolution id="8">Not A Problem</resolution>
                                        <assignee username="-1">Unassigned</assignee>
                                    <reporter username="kapiljadhav">Kapil Jadhav</reporter>
                        <labels>
                    </labels>
                <created>Thu, 10 Dec 2015 12:22:55 +0000</created>
                <updated>Fri, 11 Dec 2015 06:19:18 +0000</updated>
                            <resolved>Fri, 11 Dec 2015 06:19:18 +0000</resolved>
                                                                        <due />
                            <votes>0</votes>
                                    <watches>2</watches>
                                                                        <attachments>
                    </attachments>
                <subtasks>
                    </subtasks>
                <customfields>
                                                                                                                                                                                                                                                                                                                                                                                                                                                                                                                                                                                                                                                                                                                    <customfield id="customfield_12314020" key="com.atlassian.jira.plugins.jira-development-integration-plugin:devsummary">
                        <customfieldname>Development</customfieldname>
                        <customfieldvalues>
                            
                        </customfieldvalues>
                    </customfield>
                                                                                                                        <customfield id="customfield_12313422" key="com.atlassian.jirafisheyeplugin:jobcheckbox">
                        <customfieldname>Enable Automatic Patch Review</customfieldname>
                        <customfieldvalues>
                            <customfieldvalue>false</customfieldvalue>

                        </customfieldvalues>
                    </customfield>
                                                                                                                                                                                                                                                                                                                                                                                                                                                                                                                                                                                                                    <customfield id="customfield_12310420" key="com.pyxis.greenhopper.jira:gh-global-rank">
                        <customfieldname>Global Rank</customfieldname>
                        <customfieldvalues>
                            <customfieldvalue>9223372036854775807</customfieldvalue>
                        </customfieldvalues>
                    </customfield>
                                                                                                                                                                                                                                                                                                                                                                                                                                                                        <customfield id="customfield_12311820" key="com.pyxis.greenhopper.jira:gh-lexo-rank">
                        <customfieldname>Rank</customfieldname>
                        <customfieldvalues>
                            <customfieldvalue>0|i2pprz:</customfieldvalue>

                        </customfieldvalues>
                    </customfield>
                                                                <customfield id="customfield_12310920" key="com.pyxis.greenhopper.jira:gh-global-rank">
                        <customfieldname>Rank (Obsolete)</customfieldname>
                        <customfieldvalues>
                            <customfieldvalue>9223372036854775807</customfieldvalue>
                        </customfieldvalues>
                    </customfield>
                                                                                                                                                                                                                                                                                                                                                                                                                                                                                                                                                                                                                                                                                                                                                                                            </customfields>
    </item>


</channel>
</rss>