<rss version="0.92">
    <channel>
        <title>ASF JIRA</title>
        <link>https://issues.apache.org/jira/issues/?jql=project+%3D+MNG+and+type+%3D+bug+and+%28status+%3D+RESOLVED+or+status+%3D+closed%29</link>
        <description>An XML representation of a search request</description>
                <language>en-uk</language>
                        <issue start="0" end="1000" total="3303" />
                <build-info>
            <version>8.20.7</version>
            <build-number>820007</build-number>
            <build-date>16-03-2022</build-date>
        </build-info>

<item>
            <title>[MNG-5154] repo1.maven.org should support HTTPS and HTTP requests should be redirected to HTTPS</title>
                <link>https://issues.apache.org/jira/browse/MNG-5154</link>
                <project id="12316922" key="MNG">Maven</project>
                    <description>&lt;p&gt;As "Java runs the Internet" (sic), and that "Maven is awesome" (sic again &amp;#8211; these are real quotes, google them), man-in-the-middle attacks that inject bad code in downloaded JARs that are then happily and blindly executed on the machines of the developers that build the software that run the aforementioned Internet without any authentication whatsoever is not a very good idea.&lt;/p&gt;

&lt;p&gt;Once upon a time, when Maven was invented, back in 1985, there was an understandable certain "naivete" when it came to such things as security. The world was a happy place where no one tried to own developers machines, because nobody understood, yet, that developers machines are the best way to distribute malware all over the fricking place.&lt;/p&gt;

&lt;p&gt;But this is 2011, a year that saw shinny new social networks redirect all HTTP requests to HTTPS from day one, so I'm sure that now is a good time to reconsider.&lt;/p&gt;

&lt;p&gt;Thanks.&lt;/p&gt;</description>
                <environment />
        <key id="12797437">MNG-5154</key>
            <summary>repo1.maven.org should support HTTPS and HTTP requests should be redirected to HTTPS</summary>
                <type id="1" iconUrl="https://issues.apache.org/jira/secure/viewavatar?size=xsmall&amp;avatarId=21133&amp;avatarType=issuetype">Bug</type>
                                            <priority id="3" iconUrl="https://issues.apache.org/jira/images/icons/priorities/major.svg">Major</priority>
                        <status id="6" iconUrl="https://issues.apache.org/jira/images/icons/statuses/closed.png" description="The issue is considered finished, the resolution is correct. Issues which are not closed can be reopened.">Closed</status>
                    <statusCategory id="3" key="done" colorName="green" />
                                    <resolution id="8">Not A Problem</resolution>
                                        <assignee username="-1">Unassigned</assignee>
                                    <reporter username="eric.rannaud">Eric Rannaud</reporter>
                        <labels>
                    </labels>
                <created>Thu, 11 Aug 2011 21:14:41 +0000</created>
                <updated>Fri, 12 Aug 2011 04:48:03 +0000</updated>
                            <resolved>Fri, 12 Aug 2011 04:48:03 +0000</resolved>
                                                                        <due />
                            <votes>0</votes>
                                    <watches>1</watches>
                                                                <comments>
                            <comment id="14417320" author="bentmann" created="Fri, 12 Aug 2011 04:48:03 +0000">&lt;p&gt;Please fill this request at &lt;a href="https://issues.sonatype.org/browse/MVNCENTRAL" class="external-link" target="_blank" rel="nofollow noopener"&gt;https://issues.sonatype.org/browse/MVNCENTRAL&lt;/a&gt;.&lt;/p&gt;</comment>
                    </comments>
                <issuelinks>
                            <issuelinktype id="10001">
                    <name>dependent</name>
                                            <outwardlinks description="depends upon">
                                        <issuelink>
            <issuekey id="12796481">MNG-4838</issuekey>
        </issuelink>
                            </outwardlinks>
                                                        </issuelinktype>
                    </issuelinks>
                <attachments>
                    </attachments>
                <subtasks>
                    </subtasks>
                <customfields>
                                                                                                                                                                                                                                                                                                                                                                                                                                                                                                                                                                                                                                                                                                                    <customfield id="customfield_12314020" key="com.atlassian.jira.plugins.jira-development-integration-plugin:devsummary">
                        <customfieldname>Development</customfieldname>
                        <customfieldvalues>
                            
                        </customfieldvalues>
                    </customfield>
                                                                                                                        <customfield id="customfield_12313422" key="com.atlassian.jirafisheyeplugin:jobcheckbox">
                        <customfieldname>Enable Automatic Patch Review</customfieldname>
                        <customfieldvalues>
                            <customfieldvalue>false</customfieldvalue>

                        </customfieldvalues>
                    </customfield>
                                                                                                                                                                                                                                                                                                                                                                                                                                                                                                                                                                                                                    <customfield id="customfield_12310420" key="com.pyxis.greenhopper.jira:gh-global-rank">
                        <customfieldname>Global Rank</customfieldname>
                        <customfieldvalues>
                            <customfieldvalue>9223372036854775807</customfieldvalue>
                        </customfieldvalues>
                    </customfield>
                                                                                                                                                                                                                                                                                                                                                                                                                                                                        <customfield id="customfield_12311820" key="com.pyxis.greenhopper.jira:gh-lexo-rank">
                        <customfieldname>Rank</customfieldname>
                        <customfieldvalues>
                            <customfieldvalue>0|i29ai7:</customfieldvalue>

                        </customfieldvalues>
                    </customfield>
                                                                <customfield id="customfield_12310920" key="com.pyxis.greenhopper.jira:gh-global-rank">
                        <customfieldname>Rank (Obsolete)</customfieldname>
                        <customfieldvalues>
                            <customfieldvalue>9223372036854775807</customfieldvalue>
                        </customfieldvalues>
                    </customfield>
                                                                                                                                                                                                                                                                                                                                                                                                                                                                                                                                                                                                                                                                                                                                                                                            </customfields>
    </item>


</channel>
</rss>