<rss version="0.92">
    <channel>
        <title>ASF JIRA</title>
        <link>https://issues.apache.org/jira/issues/?jql=project+%3D+MNG+and+type+%3D+bug+and+%28status+%3D+RESOLVED+or+status+%3D+closed%29</link>
        <description>An XML representation of a search request</description>
                <language>en-uk</language>
                        <issue start="0" end="1000" total="3303" />
                <build-info>
            <version>8.20.7</version>
            <build-number>820007</build-number>
            <build-date>16-03-2022</build-date>
        </build-info>

<item>
            <title>[MNG-5670] ConcurrentModificationException during DefaultMaven.newRepositorySession</title>
                <link>https://issues.apache.org/jira/browse/MNG-5670</link>
                <project id="12316922" key="MNG">Maven</project>
                    <description>&lt;p&gt;DefaultMaven.newRepositorySession will fail with ConcurrentModificationException if System.properties is modified concurrently by another thread. See &lt;a href="https://bugs.eclipse.org/bugs/show_bug.cgi?id=439227" class="external-link" target="_blank" rel="nofollow noopener"&gt;https://bugs.eclipse.org/bugs/show_bug.cgi?id=439227&lt;/a&gt; for original bug report against m2e.&lt;/p&gt;</description>
                <environment />
        <key id="12797525">MNG-5670</key>
            <summary>ConcurrentModificationException during DefaultMaven.newRepositorySession</summary>
                <type id="1" iconUrl="https://issues.apache.org/jira/secure/viewavatar?size=xsmall&amp;avatarId=21133&amp;avatarType=issuetype">Bug</type>
                                            <priority id="3" iconUrl="https://issues.apache.org/jira/images/icons/priorities/major.svg">Major</priority>
                        <status id="6" iconUrl="https://issues.apache.org/jira/images/icons/statuses/closed.png" description="The issue is considered finished, the resolution is correct. Issues which are not closed can be reopened.">Closed</status>
                    <statusCategory id="3" key="done" colorName="green" />
                                    <resolution id="1">Fixed</resolution>
                                        <assignee username="gboue">Guillaume Bou&#233;</assignee>
                                    <reporter username="igorf">Igor Fedorenko</reporter>
                        <labels>
                    </labels>
                <created>Tue, 29 Jul 2014 22:22:11 +0000</created>
                <updated>Sat, 28 Mar 2020 14:58:07 +0000</updated>
                            <resolved>Tue, 24 Jan 2017 20:10:06 +0000</resolved>
                                                    <fixVersion>3.2.3</fixVersion>
                                    <component>Embedding</component>
                        <due />
                            <votes>0</votes>
                                    <watches>5</watches>
                                                                <comments>
                            <comment id="14421346" author="igorf" created="Tue, 29 Jul 2014 23:12:14 +0000">&lt;p&gt;Should be fixed now. &lt;/p&gt;

&lt;p&gt;There are still couple of "bad" uses of System.properties in maven-compat, but I did not feel like making changes there. I think it makes more sense to migrate off maven-compat to more reliable alternatives.&lt;/p&gt;


&lt;p&gt;&lt;a href="https://git-wip-us.apache.org/repos/asf?p=maven.git;a=commit;h=e3000a09c94396d7fd7d65fc236904aa07c7f7f2" class="external-link" target="_blank" rel="nofollow noopener"&gt;https://git-wip-us.apache.org/repos/asf?p=maven.git;a=commit;h=e3000a09c94396d7fd7d65fc236904aa07c7f7f2&lt;/a&gt;&lt;br/&gt;
&lt;a href="https://git-wip-us.apache.org/repos/asf?p=maven.git;a=commit;h=8980f67b9b1d0dbc06b68f74a88b9f8589c40e23" class="external-link" target="_blank" rel="nofollow noopener"&gt;https://git-wip-us.apache.org/repos/asf?p=maven.git;a=commit;h=8980f67b9b1d0dbc06b68f74a88b9f8589c40e23&lt;/a&gt;&lt;/p&gt;</comment>
                            <comment id="15392406" author="hudson" created="Mon, 25 Jul 2016 18:06:32 +0000">&lt;p&gt;SUCCESS: Integrated in maven-3.x #1342 (See &lt;a href="https://builds.apache.org/job/maven-3.x/1342/" class="external-link" target="_blank" rel="nofollow noopener"&gt;https://builds.apache.org/job/maven-3.x/1342/&lt;/a&gt;)&lt;br/&gt;
&lt;a href="https://issues.apache.org/jira/browse/MNG-5670" title="ConcurrentModificationException during DefaultMaven.newRepositorySession" class="issue-link" data-issue-key="MNG-5670"&gt;&lt;del&gt;MNG-5670&lt;/del&gt;&lt;/a&gt; guard against ConcurrentModificationException &lt;a href="https://issues.apache.org/jira/browse/MNG-6053" title="Unsafe System Properties copy in MavenRepositorySystemUtils, causing NPEs" class="issue-link" data-issue-key="MNG-6053"&gt;&lt;del&gt;MNG-6053&lt;/del&gt;&lt;/a&gt; (schulte: rev f848bc20f90ff25f5585f3f9515de65dfe12779a)&lt;/p&gt;
&lt;ul&gt;
	&lt;li&gt;maven-aether-provider/src/main/java/org/apache/maven/repository/internal/MavenRepositorySystemUtils.java&lt;/li&gt;
&lt;/ul&gt;
</comment>
                            <comment id="15397691" author="hudson" created="Thu, 28 Jul 2016 15:34:51 +0000">&lt;p&gt;SUCCESS: Integrated in maven-3.x #1344 (See &lt;a href="https://builds.apache.org/job/maven-3.x/1344/" class="external-link" target="_blank" rel="nofollow noopener"&gt;https://builds.apache.org/job/maven-3.x/1344/&lt;/a&gt;)&lt;br/&gt;
&lt;a href="https://issues.apache.org/jira/browse/MNG-5670" title="ConcurrentModificationException during DefaultMaven.newRepositorySession" class="issue-link" data-issue-key="MNG-5670"&gt;&lt;del&gt;MNG-5670&lt;/del&gt;&lt;/a&gt; guard against ConcurrentModificationException &lt;a href="https://issues.apache.org/jira/browse/MNG-6053" title="Unsafe System Properties copy in MavenRepositorySystemUtils, causing NPEs" class="issue-link" data-issue-key="MNG-6053"&gt;&lt;del&gt;MNG-6053&lt;/del&gt;&lt;/a&gt; (schulte: rev 53077505a7e9408565ec30a43ad243c41189a94e)&lt;/p&gt;
&lt;ul&gt;
	&lt;li&gt;maven-aether-provider/src/main/java/org/apache/maven/repository/internal/MavenRepositorySystemUtils.java&lt;/li&gt;
&lt;/ul&gt;
</comment>
                            <comment id="15833671" author="michael-o" created="Sun, 22 Jan 2017 20:14:55 +0000">&lt;p&gt;Subsequent changes made by &lt;a href="https://issues.apache.org/jira/secure/ViewProfile.jspa?name=schulte77" class="user-hover" rel="schulte77"&gt;schulte77&lt;/a&gt; need to be reapplied on &lt;tt&gt;post-reset-master&lt;/tt&gt;.&lt;/p&gt;</comment>
                            <comment id="15836561" author="gboue" created="Tue, 24 Jan 2017 20:10:06 +0000">&lt;p&gt;This was fixed in 3.2.3. The subsequent changes were revisited in &lt;a href="https://issues.apache.org/jira/browse/MNG-6105" title="properties.internal.SystemProperties.addSystemProperties() is not really thread-safe" class="issue-link" data-issue-key="MNG-6105"&gt;&lt;del&gt;MNG-6105&lt;/del&gt;&lt;/a&gt;, and need not to be reapplied.&lt;/p&gt;</comment>
                            <comment id="17069543" author="hudson" created="Sat, 28 Mar 2020 14:58:07 +0000">&lt;p&gt;Build failed in Jenkins: Maven TLP &#187; maven-studies &#187; maven-metrics #4&lt;/p&gt;

&lt;p&gt;See &lt;a href="https://builds.apache.org/job/maven-box/job/maven-studies/job/maven-metrics/4/" class="external-link" target="_blank" rel="nofollow noopener"&gt;https://builds.apache.org/job/maven-box/job/maven-studies/job/maven-metrics/4/&lt;/a&gt;&lt;/p&gt;</comment>
                    </comments>
                <issuelinks>
                            <issuelinktype id="12310000">
                    <name>Duplicate</name>
                                                                <inwardlinks description="is duplicated by">
                                        <issuelink>
            <issuekey id="12797233">MNG-5493</issuekey>
        </issuelink>
                            </inwardlinks>
                                    </issuelinktype>
                            <issuelinktype id="10030">
                    <name>Reference</name>
                                            <outwardlinks description="relates to">
                                        <issuelink>
            <issuekey id="13012057">MNG-6105</issuekey>
        </issuelink>
                            </outwardlinks>
                                                        </issuelinktype>
                    </issuelinks>
                <attachments>
                    </attachments>
                <subtasks>
                    </subtasks>
                <customfields>
                                                                                                                                                                                                                                                                                                                                                                                                                                                                                                                                                                                                                                                                                                                    <customfield id="customfield_12314020" key="com.atlassian.jira.plugins.jira-development-integration-plugin:devsummary">
                        <customfieldname>Development</customfieldname>
                        <customfieldvalues>
                            
                        </customfieldvalues>
                    </customfield>
                                                                                                                        <customfield id="customfield_12313422" key="com.atlassian.jirafisheyeplugin:jobcheckbox">
                        <customfieldname>Enable Automatic Patch Review</customfieldname>
                        <customfieldvalues>
                            <customfieldvalue>false</customfieldvalue>

                        </customfieldvalues>
                    </customfield>
                                                                                                                                                                                                                                                                                                                                                                                                                                                                                                                                                                                                                    <customfield id="customfield_12310420" key="com.pyxis.greenhopper.jira:gh-global-rank">
                        <customfieldname>Global Rank</customfieldname>
                        <customfieldvalues>
                            <customfieldvalue>9223372036854775807</customfieldvalue>
                        </customfieldvalues>
                    </customfield>
                                                                                                                                                                                                                                                                                                                                                                                                                                                                        <customfield id="customfield_12311820" key="com.pyxis.greenhopper.jira:gh-lexo-rank">
                        <customfieldname>Rank</customfieldname>
                        <customfieldvalues>
                            <customfieldvalue>0|i28x3b:</customfieldvalue>

                        </customfieldvalues>
                    </customfield>
                                                                <customfield id="customfield_12310920" key="com.pyxis.greenhopper.jira:gh-global-rank">
                        <customfieldname>Rank (Obsolete)</customfieldname>
                        <customfieldvalues>
                            <customfieldvalue>9223372036854775807</customfieldvalue>
                        </customfieldvalues>
                    </customfield>
                                                                                                                                                                                                                                                                                                                                                                                                                                                                                                                                                                                                                                                                                                                                                                                            </customfields>
    </item>


</channel>
</rss>