<rss version="0.92">
    <channel>
        <title>ASF JIRA</title>
        <link>https://issues.apache.org/jira/issues/?jql=project+%3D+MNG+and+type+%3D+bug+and+%28status+%3D+RESOLVED+or+status+%3D+closed%29</link>
        <description>An XML representation of a search request</description>
                <language>en-uk</language>
                        <issue start="0" end="1000" total="3303" />
                <build-info>
            <version>8.20.7</version>
            <build-number>820007</build-number>
            <build-date>16-03-2022</build-date>
        </build-info>

<item>
            <title>[MNG-5872] Maven results are wrong after rerun test cases by RetryListeners</title>
                <link>https://issues.apache.org/jira/browse/MNG-5872</link>
                <project id="12316922" key="MNG">Maven</project>
                    <description>&lt;p&gt;I am getting wrong result count after re-run the failed test case using RetryListener. &lt;/p&gt;

&lt;p&gt;Environment details:&lt;/p&gt;

&lt;p&gt;Java,&lt;br/&gt;
Selenium with TestNG&lt;br/&gt;
Chrome browser&lt;br/&gt;
Maven mode execution&lt;br/&gt;
Total Running Test case : 1&lt;/p&gt;

&lt;p&gt;Simulation:&lt;/p&gt;

&lt;p&gt;1. Have added Listener class in TestNG and running test case using maven&lt;/p&gt;

&lt;p&gt;        &amp;lt;listeners&amp;gt; &lt;br/&gt;
           &amp;lt;listener class-name="&amp;lt;Package&amp;gt;.RetryListener" /&amp;gt; &lt;br/&gt;
        &amp;lt;/listeners&amp;gt; &lt;/p&gt;

&lt;p&gt;2. Made test case failed and it invoked failed test case and 2nd time, it got passed. The results would be as follows;&lt;/p&gt;

&lt;p&gt;Expected Results ==&amp;gt; Tests run: 1, Failures: 0, Errors: 0, Skipped: 0 (Correct) &lt;/p&gt;

&lt;p&gt;Actual Results ==&amp;gt; Tests run: 2, Failures: 0, Errors: 0, Skipped: 0 (Wrong)&lt;/p&gt;

&lt;p&gt;I've used below classes for Listeners and calling RetryListener class from TestNG.xml and executing them from Maven mode.&lt;/p&gt;

&lt;p&gt;IRetryAnalyzer class:&lt;/p&gt;

&lt;p&gt;public class RetryAnalyzer implements IRetryAnalyzer {&lt;/p&gt;

&lt;p&gt;	private int retryCount = 0;&lt;br/&gt;
	private int retryMaxCount = 1;&lt;/p&gt;

&lt;p&gt;	public RetryAnalyzer() &lt;/p&gt;
{
		setCount(retryMaxCount);
	}

&lt;p&gt;	 @Override&lt;br/&gt;
	  public boolean retry(ITestResult result) {&lt;br/&gt;
	    if (!result.isSuccess()) {&lt;br/&gt;
	      if (retryCount &amp;lt; retryMaxCount) &lt;/p&gt;
{
	    	  retryCount++;
	        result.setStatus(ITestResult.SUCCESS);
	        String message = Thread.currentThread().getName() + ": Error in " + result.getName() + " Retrying "
	            + (retryMaxCount + 1 - retryCount) + " more time(s)";
	        System.out.println(message);
	        Reporter.log(message);
	        return true;
	      }
&lt;p&gt; else &lt;/p&gt;
{
	        result.setStatus(ITestResult.FAILURE);
	      }
&lt;p&gt;	    }&lt;br/&gt;
	    return false;&lt;br/&gt;
	  }&lt;/p&gt;

&lt;p&gt;	public void setCount(int count) &lt;/p&gt;
{
		retryMaxCount = count;
	}


&lt;p&gt;RetryLister Class:&lt;/p&gt;

&lt;p&gt;public class RetryListener implements IAnnotationTransformer {&lt;/p&gt;

&lt;p&gt;	@SuppressWarnings("rawtypes")&lt;br/&gt;
	@Override&lt;br/&gt;
	public void transform(ITestAnnotation arg0, Class arg1, Constructor arg2,&lt;br/&gt;
			Method arg3) {&lt;br/&gt;
		IRetryAnalyzer retry = arg0.getRetryAnalyzer();&lt;br/&gt;
		if (retry == null) &lt;/p&gt;
{
			arg0.setRetryAnalyzer(RetryAnalyzer.class);
		}
&lt;p&gt;	}&lt;/p&gt;


&lt;p&gt;	public void onFinish(ITestContext context) {&lt;br/&gt;
	     Iterator&amp;lt;ITestResult&amp;gt; failedTestCases =context.getFailedTests().getAllResults().iterator();&lt;br/&gt;
	    while (failedTestCases.hasNext()) {&lt;br/&gt;
	        System.out.println("failedTestCases");&lt;br/&gt;
	        ITestResult failedTestCase = failedTestCases.next();&lt;br/&gt;
	        ITestNGMethod method = failedTestCase.getMethod();&lt;br/&gt;
	        if (context.getFailedTests().getResults(method).size() &amp;gt; 1) &lt;/p&gt;
{
	            System.out.println("failed test case remove as dup:" + failedTestCase.getTestClass().toString());
	            failedTestCases.remove();
	        }
&lt;p&gt; else {&lt;/p&gt;

&lt;p&gt;	            if (context.getPassedTests().getResults(method).size() &amp;gt; 0) &lt;/p&gt;
{
	                System.out.println("failed test case remove as pass retry:" + failedTestCase.getTestClass().toString());
	                failedTestCases.remove();
	            }
&lt;p&gt;	        }&lt;br/&gt;
	    }&lt;br/&gt;
	   }&lt;/p&gt;
</description>
                <environment />
        <key id="12855760">MNG-5872</key>
            <summary>Maven results are wrong after rerun test cases by RetryListeners</summary>
                <type id="1" iconUrl="https://issues.apache.org/jira/secure/viewavatar?size=xsmall&amp;avatarId=21133&amp;avatarType=issuetype">Bug</type>
                                            <priority id="3" iconUrl="https://issues.apache.org/jira/images/icons/priorities/major.svg">Major</priority>
                        <status id="6" iconUrl="https://issues.apache.org/jira/images/icons/statuses/closed.png" description="The issue is considered finished, the resolution is correct. Issues which are not closed can be reopened.">Closed</status>
                    <statusCategory id="3" key="done" colorName="green" />
                                    <resolution id="4">Incomplete</resolution>
                                        <assignee username="-1">Unassigned</assignee>
                                    <reporter username="vishnuatth">Vishnu</reporter>
                        <labels>
                    </labels>
                <created>Thu, 13 Aug 2015 03:25:33 +0000</created>
                <updated>Thu, 16 Apr 2020 21:35:18 +0000</updated>
                            <resolved>Thu, 16 Apr 2020 21:35:18 +0000</resolved>
                                                                    <component>Errors</component>
                        <due />
                            <votes>1</votes>
                                    <watches>5</watches>
                                                                <comments>
                            <comment id="16892185" author="michael-o" created="Wed, 24 Jul 2019 21:13:46 +0000">&lt;p&gt;Is this one still valid?&lt;/p&gt;</comment>
                            <comment id="17085280" author="michael-o" created="Thu, 16 Apr 2020 21:35:18 +0000">&lt;p&gt;No further information provided.&lt;/p&gt;</comment>
                    </comments>
                    <attachments>
                    </attachments>
                <subtasks>
                    </subtasks>
                <customfields>
                                                                                                                                                                                                                                                                                                                                                                                                                                                                                                                                                                                                                                                                                                                    <customfield id="customfield_12314020" key="com.atlassian.jira.plugins.jira-development-integration-plugin:devsummary">
                        <customfieldname>Development</customfieldname>
                        <customfieldvalues>
                            
                        </customfieldvalues>
                    </customfield>
                                                                                                                        <customfield id="customfield_12313422" key="com.atlassian.jirafisheyeplugin:jobcheckbox">
                        <customfieldname>Enable Automatic Patch Review</customfieldname>
                        <customfieldvalues>
                            <customfieldvalue>false</customfieldvalue>

                        </customfieldvalues>
                    </customfield>
                                                                                                                                                                                                                                                                                                                                                                                                                                                                                                                                                                                                                    <customfield id="customfield_12310420" key="com.pyxis.greenhopper.jira:gh-global-rank">
                        <customfieldname>Global Rank</customfieldname>
                        <customfieldvalues>
                            <customfieldvalue>9223372036854775807</customfieldvalue>
                        </customfieldvalues>
                    </customfield>
                                                                                                                                                                                                                                                                                                                                                                                                                                                                        <customfield id="customfield_12311820" key="com.pyxis.greenhopper.jira:gh-lexo-rank">
                        <customfieldname>Rank</customfieldname>
                        <customfieldvalues>
                            <customfieldvalue>0|i2iuz3:</customfieldvalue>

                        </customfieldvalues>
                    </customfield>
                                                                <customfield id="customfield_12310920" key="com.pyxis.greenhopper.jira:gh-global-rank">
                        <customfieldname>Rank (Obsolete)</customfieldname>
                        <customfieldvalues>
                            <customfieldvalue>9223372036854775807</customfieldvalue>
                        </customfieldvalues>
                    </customfield>
                                                                                                                                                                                                                                                                                                                                                                                                                                                                                                                                                                                                                                                                                                                                                                                            </customfields>
    </item>


</channel>
</rss>