<rss version="0.92">
    <channel>
        <title>ASF JIRA</title>
        <link>https://issues.apache.org/jira/issues/?jql=project+%3D+MNG+and+type+%3D+bug+and+%28status+%3D+RESOLVED+or+status+%3D+closed%29</link>
        <description>An XML representation of a search request</description>
                <language>en-uk</language>
                        <issue start="0" end="1000" total="3303" />
                <build-info>
            <version>8.20.7</version>
            <build-number>820007</build-number>
            <build-date>16-03-2022</build-date>
        </build-info>

<item>
            <title>[MNG-5570] Changes to AbstractMavenLifecycleParticipant breaks Tycho</title>
                <link>https://issues.apache.org/jira/browse/MNG-5570</link>
                <project id="12316922" key="MNG">Maven</project>
                    <description>&lt;p&gt;The participant is now called too late for Tycho to affect dependency ordering.&lt;/p&gt;</description>
                <environment />
        <key id="12796288">MNG-5570</key>
            <summary>Changes to AbstractMavenLifecycleParticipant breaks Tycho</summary>
                <type id="1" iconUrl="https://issues.apache.org/jira/secure/viewavatar?size=xsmall&amp;avatarId=21133&amp;avatarType=issuetype">Bug</type>
                                            <priority id="3" iconUrl="https://issues.apache.org/jira/images/icons/priorities/major.svg">Major</priority>
                        <status id="6" iconUrl="https://issues.apache.org/jira/images/icons/statuses/closed.png" description="The issue is considered finished, the resolution is correct. Issues which are not closed can be reopened.">Closed</status>
                    <statusCategory id="3" key="done" colorName="green" />
                                    <resolution id="5">Cannot Reproduce</resolution>
                                        <assignee username="igorfie">igorfie</assignee>
                                    <reporter username="jvanzyl">Jason van Zyl</reporter>
                        <labels>
                    </labels>
                <created>Mon, 27 Jan 2014 09:56:24 +0000</created>
                <updated>Sat, 28 Mar 2020 14:57:16 +0000</updated>
                            <resolved>Wed, 29 Jan 2014 06:49:13 +0000</resolved>
                                    <version>3.2.1</version>
                                                        <due />
                            <votes>0</votes>
                                    <watches>5</watches>
                                                                <comments>
                            <comment id="14421312" author="igorf" created="Wed, 29 Jan 2014 06:49:13 +0000">&lt;p&gt;There was no problem with reactor ordering, participants were invoked at the right time. I still added a unit test to make sure I don't question this behaviour in the future.&lt;/p&gt;

&lt;p&gt;&lt;a href="https://git-wip-us.apache.org/repos/asf?p=maven.git;a=commit;h=43d67de0451d15f504490ed5adfde032249bd649" class="external-link" target="_blank" rel="nofollow noopener"&gt;https://git-wip-us.apache.org/repos/asf?p=maven.git;a=commit;h=43d67de0451d15f504490ed5adfde032249bd649&lt;/a&gt;&lt;/p&gt;</comment>
                            <comment id="14419308" author="ID134349" created="Wed, 29 Jan 2014 16:03:35 +0000">&lt;p&gt;Removed specified fixed version.&lt;/p&gt;</comment>
                            <comment id="17069499" author="hudson" created="Sat, 28 Mar 2020 14:57:16 +0000">&lt;p&gt;Build failed in Jenkins: Maven TLP &#187; maven-studies &#187; maven-metrics #4&lt;/p&gt;

&lt;p&gt;See &lt;a href="https://builds.apache.org/job/maven-box/job/maven-studies/job/maven-metrics/4/" class="external-link" target="_blank" rel="nofollow noopener"&gt;https://builds.apache.org/job/maven-box/job/maven-studies/job/maven-metrics/4/&lt;/a&gt;&lt;/p&gt;</comment>
                    </comments>
                    <attachments>
                    </attachments>
                <subtasks>
                    </subtasks>
                <customfields>
                                                                                                                                                                                                                                                                                                                                                                                                                                                                                                                                                                                                                                                                                                                    <customfield id="customfield_12314020" key="com.atlassian.jira.plugins.jira-development-integration-plugin:devsummary">
                        <customfieldname>Development</customfieldname>
                        <customfieldvalues>
                            
                        </customfieldvalues>
                    </customfield>
                                                                                                                        <customfield id="customfield_12313422" key="com.atlassian.jirafisheyeplugin:jobcheckbox">
                        <customfieldname>Enable Automatic Patch Review</customfieldname>
                        <customfieldvalues>
                            <customfieldvalue>false</customfieldvalue>

                        </customfieldvalues>
                    </customfield>
                                                                                                                                                                                                                                                                                                                                                                                                                                                                                                                                                                                                                    <customfield id="customfield_12310420" key="com.pyxis.greenhopper.jira:gh-global-rank">
                        <customfieldname>Global Rank</customfieldname>
                        <customfieldvalues>
                            <customfieldvalue>9223372036854775807</customfieldvalue>
                        </customfieldvalues>
                    </customfield>
                                                                                                                                                                                                                                                                                                                                                                                                                                                                        <customfield id="customfield_12311820" key="com.pyxis.greenhopper.jira:gh-lexo-rank">
                        <customfieldname>Rank</customfieldname>
                        <customfieldvalues>
                            <customfieldvalue>0|i28ref:</customfieldvalue>

                        </customfieldvalues>
                    </customfield>
                                                                <customfield id="customfield_12310920" key="com.pyxis.greenhopper.jira:gh-global-rank">
                        <customfieldname>Rank (Obsolete)</customfieldname>
                        <customfieldvalues>
                            <customfieldvalue>9223372036854775807</customfieldvalue>
                        </customfieldvalues>
                    </customfield>
                                                                                                                                                                                                                                                                                                                                                                                                                                                                                                                                                                                                                                                                                                                                                                                            </customfields>
    </item>


</channel>
</rss>