<rss version="0.92">
    <channel>
        <title>ASF JIRA</title>
        <link>https://issues.apache.org/jira/issues/?jql=project+%3D+MNG+and+type+%3D+bug+and+%28status+%3D+RESOLVED+or+status+%3D+closed%29</link>
        <description>An XML representation of a search request</description>
                <language>en-uk</language>
                        <issue start="0" end="1000" total="3303" />
                <build-info>
            <version>8.20.7</version>
            <build-number>820007</build-number>
            <build-date>16-03-2022</build-date>
        </build-info>

<item>
            <title>[MNG-5671] Profile in settings.xml does not activate modules </title>
                <link>https://issues.apache.org/jira/browse/MNG-5671</link>
                <project id="12316922" key="MNG">Maven</project>
                    <description>&lt;p&gt;I have a multi-module setup where one "sandbox" module should only be built in development and not on the CI server, so I moved that module to a &lt;tt&gt;profile&lt;/tt&gt; stanza in the parent POM. I also added that &lt;tt&gt;sandbox&lt;/tt&gt; profile to my &lt;tt&gt;.m2/settings.xml&lt;/tt&gt;, active by default.&lt;/p&gt;

&lt;p&gt;When I run any goals (including &lt;tt&gt;help:active-profiles&lt;/tt&gt;, &lt;tt&gt;dependency:resolve&lt;/tt&gt;, and &lt;tt&gt;compile&lt;/tt&gt;), the &lt;tt&gt;sandbox&lt;/tt&gt; profile is listed as active (&lt;tt&gt;source: external&lt;/tt&gt;), but the reactor does not include the module in the build. If I explicitly specify the goal on the command line using &lt;tt&gt;-P sandbox&lt;/tt&gt;, the module is correctly included.&lt;/p&gt;

&lt;p&gt;(This behavior is visible on 3.1.1. I can't upgrade to 3.2 yet because of incompatibilities with Jenkins, and none of the issues listed as fixed in the 3.2 series matched the behavior.)&lt;/p&gt;</description>
                <environment />
        <key id="12796208">MNG-5671</key>
            <summary>Profile in settings.xml does not activate modules </summary>
                <type id="1" iconUrl="https://issues.apache.org/jira/secure/viewavatar?size=xsmall&amp;avatarId=21133&amp;avatarType=issuetype">Bug</type>
                                            <priority id="3" iconUrl="https://issues.apache.org/jira/images/icons/priorities/major.svg">Major</priority>
                        <status id="6" iconUrl="https://issues.apache.org/jira/images/icons/statuses/closed.png" description="The issue is considered finished, the resolution is correct. Issues which are not closed can be reopened.">Closed</status>
                    <statusCategory id="3" key="done" colorName="green" />
                                    <resolution id="10000">Auto Closed</resolution>
                                        <assignee username="-1">Unassigned</assignee>
                                    <reporter username="chrylis">Christopher Smith</reporter>
                        <labels>
                    </labels>
                <created>Fri, 1 Aug 2014 11:26:57 +0000</created>
                <updated>Fri, 16 Mar 2018 22:39:13 +0000</updated>
                            <resolved>Fri, 16 Mar 2018 22:39:13 +0000</resolved>
                                    <version>3.1.1</version>
                                                    <component>Profiles</component>
                    <component>Reactor and Workspace</component>
                        <due />
                            <votes>0</votes>
                                    <watches>2</watches>
                                                                <comments>
                            <comment id="14419769" author="chrylis" created="Fri, 1 Aug 2014 11:36:25 +0000">&lt;p&gt;This behavior may be by design. If that's the case, for preserving build portability, then it would be helpful to explicitly log at &lt;tt&gt;INFO&lt;/tt&gt; that &lt;tt&gt;profile&lt;/tt&gt; stanzas are being skipped because the profile source isn't privileged enough.&lt;/p&gt;</comment>
                            <comment id="16402701" author="michael-o" created="Fri, 16 Mar 2018 22:39:13 +0000">&lt;p&gt;This issue has been auto closed because it has been inactive for a long period of time. If you think this issue still applies, retest your problem with the most recent version of Maven and the affected component, reopen and post your results.&lt;/p&gt;</comment>
                    </comments>
                    <attachments>
                    </attachments>
                <subtasks>
                    </subtasks>
                <customfields>
                                                                                                                                                                                                                                                                                                                                                                                                                                                                                                                                                                                                                                                                                                                    <customfield id="customfield_12314020" key="com.atlassian.jira.plugins.jira-development-integration-plugin:devsummary">
                        <customfieldname>Development</customfieldname>
                        <customfieldvalues>
                            
                        </customfieldvalues>
                    </customfield>
                                                                                                                        <customfield id="customfield_12313422" key="com.atlassian.jirafisheyeplugin:jobcheckbox">
                        <customfieldname>Enable Automatic Patch Review</customfieldname>
                        <customfieldvalues>
                            <customfieldvalue>false</customfieldvalue>

                        </customfieldvalues>
                    </customfield>
                                                                                                                                                                                                                                                                                                                                                                                                                                                                                                                                                                                                                    <customfield id="customfield_12310420" key="com.pyxis.greenhopper.jira:gh-global-rank">
                        <customfieldname>Global Rank</customfieldname>
                        <customfieldvalues>
                            <customfieldvalue>9223372036854775807</customfieldvalue>
                        </customfieldvalues>
                    </customfield>
                                                                                                                                                                                                                                                                                                                                                                                                                                                                        <customfield id="customfield_12311820" key="com.pyxis.greenhopper.jira:gh-lexo-rank">
                        <customfieldname>Rank</customfieldname>
                        <customfieldvalues>
                            <customfieldvalue>0|i292br:</customfieldvalue>

                        </customfieldvalues>
                    </customfield>
                                                                <customfield id="customfield_12310920" key="com.pyxis.greenhopper.jira:gh-global-rank">
                        <customfieldname>Rank (Obsolete)</customfieldname>
                        <customfieldvalues>
                            <customfieldvalue>9223372036854775807</customfieldvalue>
                        </customfieldvalues>
                    </customfield>
                                                                                                                                                                                                                                                                                                                                                                                                                                                                                                                                                                                                                                                                                                                                                                                            </customfields>
    </item>


</channel>
</rss>