<rss version="0.92">
    <channel>
        <title>ASF JIRA</title>
        <link>https://issues.apache.org/jira/issues/?jql=project+%3D+MNG+and+type+%3D+bug+and+%28status+%3D+RESOLVED+or+status+%3D+closed%29</link>
        <description>An XML representation of a search request</description>
                <language>en-uk</language>
                        <issue start="0" end="1000" total="3303" />
                <build-info>
            <version>8.20.7</version>
            <build-number>820007</build-number>
            <build-date>16-03-2022</build-date>
        </build-info>

<item>
            <title>[MNG-5955] [Regression] Module cannot resolve parent project version</title>
                <link>https://issues.apache.org/jira/browse/MNG-5955</link>
                <project id="12316922" key="MNG">Maven</project>
                    <description>&lt;p&gt;Starting with 3.3.9 modules cannot resolve parent.project.version anymore:&lt;/p&gt;

&lt;div class="preformatted panel" style="border-width: 1px;"&gt;&lt;div class="preformattedContent panelContent"&gt;
&lt;pre&gt;$ apache-maven-3.3.9/bin/mvn clean compile
[INFO] Scanning for projects...
[ERROR] [ERROR] Some problems were encountered while processing the POMs:
[FATAL] Non-resolvable parent POM for org.foo:org.foo.api:[unknown-version]: Failure to find org.foo:org.foo.parent:pom:${parent.project.version} in http://artifactory.local/artifactory/libs-release was cached in the local repository, resolution will not be reattempted until the update interval of releases has elapsed or updates are forced and 'parent.relativePath' points at wrong local POM @ line 8, column 10
&lt;/pre&gt;
&lt;/div&gt;&lt;/div&gt;

&lt;p&gt;Parent POM contains:&lt;/p&gt;
&lt;div class="preformatted panel" style="border-width: 1px;"&gt;&lt;div class="preformattedContent panelContent"&gt;
&lt;pre&gt;       &amp;lt;version&amp;gt;0.0.1-SNAPSHOT&amp;lt;/version&amp;gt;
&lt;/pre&gt;
&lt;/div&gt;&lt;/div&gt;

&lt;p&gt;While modules POMs contains:&lt;/p&gt;
&lt;div class="preformatted panel" style="border-width: 1px;"&gt;&lt;div class="preformattedContent panelContent"&gt;
&lt;pre&gt;        &amp;lt;parent&amp;gt;
                &amp;lt;groupId&amp;gt;org.foo&amp;lt;/groupId&amp;gt;
                &amp;lt;artifactId&amp;gt;org.foo.parent&amp;lt;/artifactId&amp;gt;
                &amp;lt;version&amp;gt;${parent.project.version}&amp;lt;/version&amp;gt;
        &amp;lt;/parent&amp;gt;
&lt;/pre&gt;
&lt;/div&gt;&lt;/div&gt;

&lt;p&gt;It works fine with 3.3.1 and 3.3.3.&lt;/p&gt;</description>
                <environment />
        <key id="12924683">MNG-5955</key>
            <summary>[Regression] Module cannot resolve parent project version</summary>
                <type id="1" iconUrl="https://issues.apache.org/jira/secure/viewavatar?size=xsmall&amp;avatarId=21133&amp;avatarType=issuetype">Bug</type>
                                            <priority id="3" iconUrl="https://issues.apache.org/jira/images/icons/priorities/major.svg">Major</priority>
                        <status id="6" iconUrl="https://issues.apache.org/jira/images/icons/statuses/closed.png" description="The issue is considered finished, the resolution is correct. Issues which are not closed can be reopened.">Closed</status>
                    <statusCategory id="3" key="done" colorName="green" />
                                    <resolution id="2">Won't Fix</resolution>
                                        <assignee username="schulte77">Christian Schulte</assignee>
                                    <reporter username="ascarpino">Andrea Scarpino</reporter>
                        <labels>
                    </labels>
                <created>Tue, 29 Dec 2015 13:24:58 +0000</created>
                <updated>Fri, 24 Mar 2017 15:45:51 +0000</updated>
                            <resolved>Wed, 27 Jan 2016 00:59:52 +0000</resolved>
                                    <version>3.3.9</version>
                                                    <component>POM</component>
                        <due />
                            <votes>0</votes>
                                    <watches>3</watches>
                                                                <comments>
                            <comment id="15118381" author="schulte77" created="Wed, 27 Jan 2016 00:59:52 +0000">&lt;p&gt;This is not a regression. Behaviour is correct. The parent version element has not been taken into account while resolving parent projects locally before and that has been fixed recently. Google will yield things like&lt;/p&gt;

&lt;p&gt;&lt;a href="http://stackoverflow.com/questions/1981151/warning-on-using-project-parent-version-as-the-version-of-a-module-in-maven-3" class="external-link" target="_blank" rel="nofollow noopener"&gt;http://stackoverflow.com/questions/1981151/warning-on-using-project-parent-version-as-the-version-of-a-module-in-maven-3&lt;/a&gt;&lt;/p&gt;

&lt;p&gt;immediately. This has been restricted further in &lt;a href="https://builds.apache.org/view/All/job/maven-3.3-release-status-build/" class="external-link" target="_blank" rel="nofollow noopener"&gt;Maven 3.4.0-SNAPSHOT&lt;/a&gt;.&lt;/p&gt;</comment>
                    </comments>
                <issuelinks>
                            <issuelinktype id="12310000">
                    <name>Duplicate</name>
                                                                <inwardlinks description="is duplicated by">
                                        <issuelink>
            <issuekey id="13058853">MNG-6193</issuekey>
        </issuelink>
                            </inwardlinks>
                                    </issuelinktype>
                    </issuelinks>
                <attachments>
                    </attachments>
                <subtasks>
                    </subtasks>
                <customfields>
                                                                                                                                                                                                                                                                                                                                                                                                                                                                                                                                                                                                                                                                                                                    <customfield id="customfield_12314020" key="com.atlassian.jira.plugins.jira-development-integration-plugin:devsummary">
                        <customfieldname>Development</customfieldname>
                        <customfieldvalues>
                            
                        </customfieldvalues>
                    </customfield>
                                                                                                                        <customfield id="customfield_12313422" key="com.atlassian.jirafisheyeplugin:jobcheckbox">
                        <customfieldname>Enable Automatic Patch Review</customfieldname>
                        <customfieldvalues>
                            <customfieldvalue>false</customfieldvalue>

                        </customfieldvalues>
                    </customfield>
                                                                                                                                                                                                                                                                                                                                                                                                                                                                                                                                                                                                                    <customfield id="customfield_12310420" key="com.pyxis.greenhopper.jira:gh-global-rank">
                        <customfieldname>Global Rank</customfieldname>
                        <customfieldvalues>
                            <customfieldvalue>9223372036854775807</customfieldvalue>
                        </customfieldvalues>
                    </customfield>
                                                                                                                                                                                                                                                                                                                                                                                                                                                                        <customfield id="customfield_12311820" key="com.pyxis.greenhopper.jira:gh-lexo-rank">
                        <customfieldname>Rank</customfieldname>
                        <customfieldvalues>
                            <customfieldvalue>0|i2qdfb:</customfieldvalue>

                        </customfieldvalues>
                    </customfield>
                                                                <customfield id="customfield_12310920" key="com.pyxis.greenhopper.jira:gh-global-rank">
                        <customfieldname>Rank (Obsolete)</customfieldname>
                        <customfieldvalues>
                            <customfieldvalue>9223372036854775807</customfieldvalue>
                        </customfieldvalues>
                    </customfield>
                                                                                                                                                                                                                                                                                                                                                                                                                                                                                                                                                                                                                                                                                                                                                                                            </customfields>
    </item>


</channel>
</rss>