<rss version="0.92">
    <channel>
        <title>ASF JIRA</title>
        <link>https://issues.apache.org/jira/issues/?jql=project+%3D+MNG+and+type+%3D+bug+and+%28status+%3D+RESOLVED+or+status+%3D+closed%29</link>
        <description>An XML representation of a search request</description>
                <language>en-uk</language>
                        <issue start="0" end="1000" total="3303" />
                <build-info>
            <version>8.20.7</version>
            <build-number>820007</build-number>
            <build-date>16-03-2022</build-date>
        </build-info>

<item>
            <title>[MNG-5676] mvn -U crashes with IBM JDK</title>
                <link>https://issues.apache.org/jira/browse/MNG-5676</link>
                <project id="12316922" key="MNG">Maven</project>
                    <description>&lt;p&gt;details discussion is at&lt;/p&gt;

&lt;p&gt;&lt;a href="http://maven.40175.n5.nabble.com/Upgrade-to-3-1-1-causes-problems-td5776875.html" class="external-link" target="_blank" rel="nofollow noopener"&gt;http://maven.40175.n5.nabble.com/Upgrade-to-3-1-1-causes-problems-td5776875.html&lt;/a&gt;&lt;/p&gt;

&lt;p&gt;work around is replace boot/plexus-classworlds-2.5.x.jar with plexus-classworlds-2.4.1.jar as discussed at the link&lt;/p&gt;</description>
                <environment>IBM JDK, OpenSuSE enterprise server 11</environment>
        <key id="12797532">MNG-5676</key>
            <summary>mvn -U crashes with IBM JDK</summary>
                <type id="1" iconUrl="https://issues.apache.org/jira/secure/viewavatar?size=xsmall&amp;avatarId=21133&amp;avatarType=issuetype">Bug</type>
                                            <priority id="3" iconUrl="https://issues.apache.org/jira/images/icons/priorities/major.svg">Major</priority>
                        <status id="6" iconUrl="https://issues.apache.org/jira/images/icons/statuses/closed.png" description="The issue is considered finished, the resolution is correct. Issues which are not closed can be reopened.">Closed</status>
                    <statusCategory id="3" key="done" colorName="green" />
                                    <resolution id="1">Fixed</resolution>
                                        <assignee username="jvanzyl">Jason van Zyl</assignee>
                                    <reporter username="danttran">Dan Tran</reporter>
                        <labels>
                    </labels>
                <created>Thu, 7 Aug 2014 19:11:17 +0000</created>
                <updated>Sat, 28 Mar 2020 14:58:10 +0000</updated>
                            <resolved>Mon, 15 Sep 2014 13:34:41 +0000</resolved>
                                    <version>3.1.1</version>
                    <version>3.2.2</version>
                    <version>3.2.3</version>
                                    <fixVersion>3.2.5</fixVersion>
                                        <due />
                            <votes>0</votes>
                                    <watches>7</watches>
                                                                <comments>
                            <comment id="14419809" author="jvanzyl" created="Mon, 11 Aug 2014 19:27:08 +0000">&lt;p&gt;Which version of Java are you running on?&lt;/p&gt;</comment>
                            <comment id="14421357" author="dantran" created="Mon, 11 Aug 2014 19:31:23 +0000">&lt;p&gt;I am using &lt;/p&gt;

&lt;p&gt;java version "1.7.0"&lt;br/&gt;
Java(TM) SE Runtime Environment (build pxa6470sr6fp1-20140108_01(SR6 FP1))&lt;br/&gt;
IBM J9 VM (build 2.6, JRE 1.7.0 Linux amd64-64 Compressed References 20140106_181350 (JIT enabled, AOT enabled)&lt;br/&gt;
J9VM - R26_Java726_SR6_20140106_1601_B181350&lt;br/&gt;
JIT  - r11.b05_20131003_47443.02&lt;br/&gt;
GC   - R26_Java726_SR6_20140106_1601_B181350_CMPRSS&lt;br/&gt;
J9CL - 20140106_181350)&lt;br/&gt;
JCL - 20140103_01 based on Oracle 7u51-b11&lt;/p&gt;</comment>
                            <comment id="14419875" author="bjhargrave" created="Fri, 22 Aug 2014 08:22:37 +0000">&lt;p&gt;I have debugged this and there is an error in the getClassLoadingLock implementation in IBM Java. I am reporting this to the IBM Java team.&lt;/p&gt;

&lt;p&gt;In the interim, I have created a workaround at &lt;a href="https://github.com/bjhargrave/plexus-classworlds/compare/loadinglocks" class="external-link" target="_blank" rel="nofollow noopener"&gt;https://github.com/bjhargrave/plexus-classworlds/compare/loadinglocks&lt;/a&gt; that avoids the problem. With this workaround, maven works fine on IBM Java and Oracle Java.&lt;/p&gt;</comment>
                            <comment id="14419859" author="krosenvold" created="Fri, 22 Aug 2014 09:30:33 +0000">&lt;p&gt;That's great; would you mind shedding some light on the nature of the problem you found ? I have tried debugging a parallel class loading related issue with IBM jdk but did not manage to find the problem. Could this be related ? &lt;/p&gt;</comment>
                            <comment id="14419897" author="bjhargrave" created="Fri, 22 Aug 2014 09:40:55 +0000">&lt;p&gt;Probably. The implementation of loadClass(String,boolean) incorrectly "forgets" about class loading locks already returned to callers of getClassLoadingLock. So if the code calls getClassLoadingLock and synchronizes on the lock and then calls super.loadClass(String,boolean) before findLoadedClass/defineClass, another thread that calls getClassLoadingLock after the first thread calls super.loadClass(String,boolean) will get a different lock object. So both threads can then race to define the class and boom.&lt;/p&gt;

&lt;p&gt;Basically, if ClassLoader.loadClass(String,boolean) is called in a critical section protected by the lock from ClassLoader.getClassLoadingLock, you are in trouble since the call to ClassLoader.loadClass(String,boolean) effectively ends the critical section. So the workaround is to override getClassLoadingLock.&lt;/p&gt;</comment>
                            <comment id="14419845" author="krosenvold" created="Fri, 22 Aug 2014 12:40:49 +0000">&lt;p&gt;I'd appreciate it if you linked any issues you file in the IBM issue trackers, assuming IBM has anything like that which is public &lt;img class="emoticon" src="https://issues.apache.org/jira/images/icons/emoticons/smile.png" height="16" width="16" align="absmiddle" alt="" border="0"/&gt;&lt;/p&gt;</comment>
                            <comment id="14419819" author="bjhargrave" created="Fri, 22 Aug 2014 12:43:38 +0000">&lt;p&gt;The IBM PMR number is 24945,001,866. I don't know if there is a public link for it.&lt;/p&gt;</comment>
                            <comment id="14419885" author="bjhargrave" created="Fri, 22 Aug 2014 12:45:45 +0000">&lt;p&gt;Also, I submitted a PR for the workaround. &lt;a href="https://github.com/sonatype/plexus-classworlds/pull/15" class="external-link" target="_blank" rel="nofollow noopener"&gt;https://github.com/sonatype/plexus-classworlds/pull/15&lt;/a&gt;&lt;/p&gt;</comment>
                            <comment id="14419951" author="krosenvold" created="Fri, 22 Aug 2014 13:49:47 +0000">&lt;p&gt;I'm in favor of letting IBM fix the bug. If it takes an inordinate amount time, we'll do the pull request. Do keep us posted on what happens to  24945,001,866 &lt;img class="emoticon" src="https://issues.apache.org/jira/images/icons/emoticons/smile.png" height="16" width="16" align="absmiddle" alt="" border="0"/&gt;&lt;/p&gt;</comment>
                            <comment id="14419879" author="jvanzyl" created="Mon, 15 Sep 2014 13:34:42 +0000">&lt;p&gt;Fix on 1a05ae3def04c11f5906f2399af139d4326fdce6&lt;/p&gt;</comment>
                            <comment id="17069546" author="hudson" created="Sat, 28 Mar 2020 14:58:10 +0000">&lt;p&gt;Build failed in Jenkins: Maven TLP &#187; maven-studies &#187; maven-metrics #4&lt;/p&gt;

&lt;p&gt;See &lt;a href="https://builds.apache.org/job/maven-box/job/maven-studies/job/maven-metrics/4/" class="external-link" target="_blank" rel="nofollow noopener"&gt;https://builds.apache.org/job/maven-box/job/maven-studies/job/maven-metrics/4/&lt;/a&gt;&lt;/p&gt;</comment>
                    </comments>
                    <attachments>
                    </attachments>
                <subtasks>
                    </subtasks>
                <customfields>
                                                                                                                                                                                                                                                                                                                                                                                                                                                                                                                                                                                                                                                                                                                    <customfield id="customfield_12314020" key="com.atlassian.jira.plugins.jira-development-integration-plugin:devsummary">
                        <customfieldname>Development</customfieldname>
                        <customfieldvalues>
                            
                        </customfieldvalues>
                    </customfield>
                                                                                                                        <customfield id="customfield_12313422" key="com.atlassian.jirafisheyeplugin:jobcheckbox">
                        <customfieldname>Enable Automatic Patch Review</customfieldname>
                        <customfieldvalues>
                            <customfieldvalue>false</customfieldvalue>

                        </customfieldvalues>
                    </customfield>
                                                                                                                                                                                                                                                                                                                                                                                                                                                                                                                                                                                                                    <customfield id="customfield_12310420" key="com.pyxis.greenhopper.jira:gh-global-rank">
                        <customfieldname>Global Rank</customfieldname>
                        <customfieldvalues>
                            <customfieldvalue>9223372036854775807</customfieldvalue>
                        </customfieldvalues>
                    </customfield>
                                                                                                                                                                                                                                                                                                                                                                                                                                                                        <customfield id="customfield_12311820" key="com.pyxis.greenhopper.jira:gh-lexo-rank">
                        <customfieldname>Rank</customfieldname>
                        <customfieldvalues>
                            <customfieldvalue>0|i297n3:</customfieldvalue>

                        </customfieldvalues>
                    </customfield>
                                                                <customfield id="customfield_12310920" key="com.pyxis.greenhopper.jira:gh-global-rank">
                        <customfieldname>Rank (Obsolete)</customfieldname>
                        <customfieldvalues>
                            <customfieldvalue>9223372036854775807</customfieldvalue>
                        </customfieldvalues>
                    </customfield>
                                                                                                                                                                                                                                                                                                                                                                                                                                                                                                                                                                                                                                                                                                                                                                                            </customfields>
    </item>


</channel>
</rss>