<rss version="0.92">
    <channel>
        <title>ASF JIRA</title>
        <link>https://issues.apache.org/jira/issues/?jql=project+%3D+MNG+and+type+%3D+bug+and+%28status+%3D+RESOLVED+or+status+%3D+closed%29</link>
        <description>An XML representation of a search request</description>
                <language>en-uk</language>
                        <issue start="0" end="1000" total="3303" />
                <build-info>
            <version>8.20.7</version>
            <build-number>820007</build-number>
            <build-date>16-03-2022</build-date>
        </build-info>

<item>
            <title>[MNG-5777] Matching of toolchains against version ranges depends on their order of declaration</title>
                <link>https://issues.apache.org/jira/browse/MNG-5777</link>
                <project id="12316922" key="MNG">Maven</project>
                    <description>&lt;p&gt;If multiple toolchains of the same type match the requested version range, then the first toolchain in &lt;tt&gt;toolchains.xml&lt;/tt&gt; is selected. This is because the first matching toolchain wins unconditionally, and there is no way nor means to resolve ties. Please see the attached example.&lt;/p&gt;

&lt;div class="preformatted panel" style="border-width: 1px;"&gt;&lt;div class="preformattedContent panelContent"&gt;
&lt;pre&gt;mvn validate -t toolchains1.xml

[INFO] --- maven-toolchains-plugin:1.1:toolchain (default-toolchain) @ toolchains-test ---
[INFO] Required toolchain: jdk [ version='[1.7,)' ]
[INFO] Found matching toolchain for type jdk: JDK[C:/Java/jdk1.8.0_31_x64]

mvn validate -t toolchains2.xml

[INFO] --- maven-toolchains-plugin:1.1:toolchain (default-toolchain) @ toolchains-test ---
[INFO] Required toolchain: jdk [ version='[1.7,)' ]
[INFO] Found matching toolchain for type jdk: JDK[C:/Java/jdk1.7.0_76_x64]
&lt;/pre&gt;
&lt;/div&gt;&lt;/div&gt;

&lt;p&gt;I think that a &lt;tt&gt;RequirementsMatcher&lt;/tt&gt; may need two additional features:&lt;/p&gt;
&lt;ol&gt;
	&lt;li&gt;order (or priority), so that e.g. a match against 'id' key takes precedence over a match against 'vendor' key. This is specific to the toolchain type and can be provided by toolchain factory at the time of reading the toolchain definition.&lt;/li&gt;
	&lt;li&gt;comparison for the matched values with the same key, so that e.g. two versions matching the same version range can be compared. We may need some sort of hinting or pluggable strategy here, so that e.g. either the lowest version in the range is preferred, or the highest.&lt;/li&gt;
&lt;/ol&gt;


&lt;p&gt;Then instead of picking the first matching toolchain, Maven would collect all matching toolchains, and then sift through them using the comparison criteria above. If that still results in a tie, then it would either abort the execution, or pick the first toolchain and proceed with it.&lt;/p&gt;

&lt;p&gt;@&lt;a href="https://issues.apache.org/jira/secure/ViewProfile.jspa?name=rfscholte" class="user-hover" rel="rfscholte"&gt;rfscholte&lt;/a&gt;: I saw you've made a lot of changes in the area recently, and maybe you have already considered possible solutions for this particular problem.&lt;/p&gt;</description>
                <environment>Apache Maven 3.2.5 (12a6b3acb947671f09b81f49094c53f426d8cea1; 2014-12-14T17:29:23+00:00)&lt;br/&gt;
Java version: 1.8.0_31, vendor: Oracle Corporation&lt;br/&gt;
Default locale: en_GB, platform encoding: Cp1251&lt;br/&gt;
OS name: &amp;quot;windows 7&amp;quot;, version: &amp;quot;6.1&amp;quot;, arch: &amp;quot;amd64&amp;quot;, family: &amp;quot;dos&amp;quot;</environment>
        <key id="12797548">MNG-5777</key>
            <summary>Matching of toolchains against version ranges depends on their order of declaration</summary>
                <type id="1" iconUrl="https://issues.apache.org/jira/secure/viewavatar?size=xsmall&amp;avatarId=21133&amp;avatarType=issuetype">Bug</type>
                                            <priority id="3" iconUrl="https://issues.apache.org/jira/images/icons/priorities/major.svg">Major</priority>
                        <status id="6" iconUrl="https://issues.apache.org/jira/images/icons/statuses/closed.png" description="The issue is considered finished, the resolution is correct. Issues which are not closed can be reopened.">Closed</status>
                    <statusCategory id="3" key="done" colorName="green" />
                                    <resolution id="10000">Auto Closed</resolution>
                                        <assignee username="-1">Unassigned</assignee>
                                    <reporter username="sergei_ivanov@mail.ru">Sergei S. Ivanov</reporter>
                        <labels>
                    </labels>
                <created>Sat, 28 Feb 2015 19:44:19 +0000</created>
                <updated>Fri, 16 Mar 2018 22:39:33 +0000</updated>
                            <resolved>Fri, 16 Mar 2018 22:39:33 +0000</resolved>
                                    <version>3.2.5</version>
                                                    <component>Toolchains</component>
                        <due />
                            <votes>0</votes>
                                    <watches>3</watches>
                                                                <comments>
                            <comment id="14420126" author="rfscholte" created="Sun, 1 Mar 2015 12:26:55 +0000">&lt;p&gt;Together with &lt;a href="https://issues.apache.org/jira/secure/ViewProfile.jspa?name=hboutemy" class="user-hover" rel="hboutemy"&gt;hboutemy&lt;/a&gt; we came to the conclusion that making requiments &lt;tt&gt;Comparable&lt;/tt&gt; doesn't seem to be the right approach. The version-part is easy to compare, but if 2 tools have the same version, you need to compare other requirements like &lt;tt&gt;vendor&lt;/tt&gt;. In a string-based comparison you'll always get IBM before Oracle or Sun and that's not always the intention.&lt;br/&gt;
It actually means, that your definition of requirements for choosing the right tool is incomplete. We need to think of a way to add additional requirements, e.g. &lt;/p&gt;
&lt;div class="preformatted panel" style="border-width: 1px;"&gt;&lt;div class="preformattedContent panelContent"&gt;
&lt;pre&gt;-Dtoolchain[jdk].vendor=apache&lt;/pre&gt;
&lt;/div&gt;&lt;/div&gt;</comment>
                            <comment id="14420184" author="sergei_ivanov@mail.ru" created="Sun, 1 Mar 2015 18:12:35 +0000">&lt;p&gt;I agree that not all requirements are comparable. Perhaps value comparator should be an optional feature of a &lt;tt&gt;RequirementsMatcher&lt;/tt&gt;, perhaps installed there by toolchain factory. That would allow to compare certain requirements, such as &lt;tt&gt;version&lt;/tt&gt;, where a natural comparison exists. Where there's no obvious order, such as for &lt;tt&gt;vendor&lt;/tt&gt;, no comparator will be provided.&lt;/p&gt;

&lt;p&gt;If there was a priority ordering between the requirements, that would allow to resolve some of the conflicts. E.g. if both &lt;tt&gt;vendor&lt;/tt&gt; and &lt;tt&gt;version&lt;/tt&gt; were specified, then the toolchains would first be matched on &lt;tt&gt;vendor&lt;/tt&gt; and only then on &lt;tt&gt;version&lt;/tt&gt; for the specified &lt;tt&gt;vendor&lt;/tt&gt;.&lt;/p&gt;

&lt;p&gt;I agree, this does not solve the problem completely and still leaves the room for conflicting matches in some configurations. In such cases I think your proposed system property based approach would be a pretty good solution for controlling the build externally. That means, Maven should probably abort the build if an ambiguous toolchain match exists, and then the user would either be forced to fix the POM config or provide a system property on the command line.&lt;/p&gt;</comment>
                            <comment id="16402767" author="michael-o" created="Fri, 16 Mar 2018 22:39:33 +0000">&lt;p&gt;This issue has been auto closed because it has been inactive for a long period of time. If you think this issue still applies, retest your problem with the most recent version of Maven and the affected component, reopen and post your results.&lt;/p&gt;</comment>
                    </comments>
                    <attachments>
                            <attachment id="12713435" name="toolchains-test.zip" size="1227" author="sergei_ivanov" created="Sat, 28 Feb 2015 19:44:22 +0000" />
                    </attachments>
                <subtasks>
                    </subtasks>
                <customfields>
                                                                                                                                                                                                                                                                                                                                                                                                                                                                                                                                                                                                                                                                                                                    <customfield id="customfield_12314020" key="com.atlassian.jira.plugins.jira-development-integration-plugin:devsummary">
                        <customfieldname>Development</customfieldname>
                        <customfieldvalues>
                            
                        </customfieldvalues>
                    </customfield>
                                                                                                                        <customfield id="customfield_12313422" key="com.atlassian.jirafisheyeplugin:jobcheckbox">
                        <customfieldname>Enable Automatic Patch Review</customfieldname>
                        <customfieldvalues>
                            <customfieldvalue>false</customfieldvalue>

                        </customfieldvalues>
                    </customfield>
                                                                                                                                                                                                                                                                                                                                                                                                                                                                                                                                                                                                                    <customfield id="customfield_12310420" key="com.pyxis.greenhopper.jira:gh-global-rank">
                        <customfieldname>Global Rank</customfieldname>
                        <customfieldvalues>
                            <customfieldvalue>9223372036854775807</customfieldvalue>
                        </customfieldvalues>
                    </customfield>
                                                                                                                                                                                                                                                                                                                                                                                                                                                                        <customfield id="customfield_12311820" key="com.pyxis.greenhopper.jira:gh-lexo-rank">
                        <customfieldname>Rank</customfieldname>
                        <customfieldvalues>
                            <customfieldvalue>0|i28m67:</customfieldvalue>

                        </customfieldvalues>
                    </customfield>
                                                                <customfield id="customfield_12310920" key="com.pyxis.greenhopper.jira:gh-global-rank">
                        <customfieldname>Rank (Obsolete)</customfieldname>
                        <customfieldvalues>
                            <customfieldvalue>9223372036854775807</customfieldvalue>
                        </customfieldvalues>
                    </customfield>
                                                                                                                                                                                                                                                                                                                                                                                                                                                                                                                                                                                                                                                                                                                                                                                            </customfields>
    </item>


</channel>
</rss>