<rss version="0.92">
    <channel>
        <title>ASF JIRA</title>
        <link>https://issues.apache.org/jira/issues/?jql=project+%3D+MNG+and+type+%3D+bug+and+%28status+%3D+RESOLVED+or+status+%3D+closed%29</link>
        <description>An XML representation of a search request</description>
                <language>en-uk</language>
                        <issue start="0" end="1000" total="3303" />
                <build-info>
            <version>8.20.7</version>
            <build-number>820007</build-number>
            <build-date>16-03-2022</build-date>
        </build-info>

<item>
            <title>[MNG-5706] Maven 3.0.4 and later versions cannot find artifact in repos declared in settings.xml</title>
                <link>https://issues.apache.org/jira/browse/MNG-5706</link>
                <project id="12316922" key="MNG">Maven</project>
                    <description>&lt;p&gt;After upgrade from maven 3.0.3 to maven 3.0.4 (tried all versions after 3.0.4), maven cannot resolve dependencies on antlr-runtime.&lt;/p&gt;

&lt;p&gt;We are getting the following error:&lt;/p&gt;
&lt;div class="preformatted panel" style="border-width: 1px;"&gt;&lt;div class="preformattedContent panelContent"&gt;
&lt;pre&gt;[DEBUG] Skipped remote update check for org.antlr:ST4:jar:4.0.7, locally cached artifact up-to-date.
[DEBUG] Using connector WagonRepositoryConnector with priority 0.0 for http://nexus.bridgewatersys.com/nexus/content/groups/acb1-third-party/
[INFO] Downloading: http://nexus.bridgewatersys.com/nexus/content/groups/acb1-third-party/org/antlr/antlr-runtime/3.5/antlr-runtime-3.5.jar
[INFO] Downloading: http://nexus.bridgewatersys.com/nexus/content/groups/acb1-third-party/org/antlr/stringtemplate/3.2.1/stringtemplate-3.2.1.jar
[INFO] Downloading: http://nexus.bridgewatersys.com/nexus/content/groups/acb1-third-party/antlr/antlr/2.7.7/antlr-2.7.7.jar
[INFO] Downloaded: http://nexus.bridgewatersys.com/nexus/content/groups/acb1-third-party/antlr/antlr/2.7.7/antlr-2.7.7.jar (0 B at 0.0 KB/sec)
[DEBUG] Writing tracking file /users1/fadlw/maven-test/mvn_repo/org/antlr/antlr-runtime/3.5/antlr-runtime-3.5.jar.lastUpdated
[DEBUG] Writing tracking file /users1/fadlw/maven-test/mvn_repo/org/antlr/stringtemplate/3.2.1/stringtemplate-3.2.1.jar.lastUpdated
[DEBUG] Writing tracking file /users1/fadlw/maven-test/mvn_repo/antlr/antlr/2.7.7/antlr-2.7.7.jar.lastUpdated
[DEBUG] Writing tracking file /users1/fadlw/maven-test/mvn_repo/antlr/antlr/2.7.7/_remote.repositories
[INFO] ------------------------------------------------------------------------
[INFO] BUILD FAILURE
[INFO] ------------------------------------------------------------------------
[INFO] Total time: 4.452 s
[INFO] Finished at: 2014-10-23T10:13:49-04:00
[INFO] Final Memory: 6M/149M
[INFO] ------------------------------------------------------------------------
[ERROR] Failed to execute goal org.antlr:antlr3-maven-plugin:3.5:antlr (default) on project test: Execution default of goal org.antlr:antlr3-maven-plugin:3.5:antlr failed: Plugin org.antlr:antlr3-maven-plugin:3.5 or one of its dependencies could not be resolved: The following artifacts could not be resolved: org.antlr:antlr-runtime:jar:3.5, org.antlr:stringtemplate:jar:3.2.1: Could not find artifact org.antlr:antlr-runtime:jar:3.5 in nexus-public (http://nexus.bridgewatersys.com/nexus/content/groups/acb1-third-party/) -&amp;gt; [Help 1]
org.apache.maven.lifecycle.LifecycleExecutionException: Failed to execute goal org.antlr:antlr3-maven-plugin:3.5:antlr (default) on project test: Execution default of goal org.antlr:antlr3-maven-plugin:3.5:antlr failed: Plugin org.antlr:antlr3-maven-plugin:3.5 or one of its dependencies could not be resolved: The following artifacts could not be resolved: org.antlr:antlr-runtime:jar:3.5, org.antlr:stringtemplate:jar:3.2.1: Could not find artifact org.antlr:antlr-runtime:jar:3.5 in nexus-public (http://nexus.bridgewatersys.com/nexus/content/groups/acb1-third-party/)
&lt;/pre&gt;
&lt;/div&gt;&lt;/div&gt;


&lt;p&gt;We have a mirror defined in our pom.xml file:&lt;/p&gt;
&lt;div class="preformatted panel" style="border-width: 1px;"&gt;&lt;div class="preformattedContent panelContent"&gt;
&lt;pre&gt;  &amp;lt;mirrors&amp;gt;
    &amp;lt;mirror&amp;gt;
      &amp;lt;id&amp;gt;nexus-public&amp;lt;/id&amp;gt;
      &amp;lt;mirrorOf&amp;gt;*,!bwc-nexus-snapshots,!bwc-nexus-artifacts,!bwc-nexus-plugins,!bwc-nexus-3rdParty&amp;lt;/mirrorOf&amp;gt;
      &amp;lt;url&amp;gt;http://nexus.bridgewatersys.com/nexus/content/groups/acb1-third-party/&amp;lt;/url&amp;gt;
    &amp;lt;/mirror&amp;gt;
  &amp;lt;/mirrors&amp;gt;
&lt;/pre&gt;
&lt;/div&gt;&lt;/div&gt;

&lt;p&gt;and it seems that maven 3.0.4 and later are not picking up the artifact from "bwc-nexus-artifacts" repo defined in the settings.xml, but it is defaulting to the &lt;a href="http://nexus.bridgewatersys.com/nexus/content/groups/acb1-third-party" class="external-link" target="_blank" rel="nofollow noopener"&gt;http://nexus.bridgewatersys.com/nexus/content/groups/acb1-third-party&lt;/a&gt; repo declared in the mirror.&lt;/p&gt;

&lt;p&gt;i attached my pom.xml and settings.xml files, and debug logs produced by maven 3.0.3 and maven 3.2.3.&lt;/p&gt;

&lt;p&gt;Commands i used to build are:&lt;br/&gt;
3.0.3: /tmp/apache-maven-3.0.3/bin/mvn -Dmaven.repo.local=mvn_repo -s ./settings.xml compile -X | tee log-maven.3.0.3 2&amp;gt;&amp;amp;1&lt;/p&gt;

&lt;p&gt;3.2.3: /tmp/apache-maven-3.0.3/bin/mvn -Dmaven.repo.local=mvn_repo -s ./settings.xml compile -X | tee log-maven.3.0.3 2&amp;gt;&amp;amp;1&lt;/p&gt;

&lt;p&gt;3.0.4: /tmp/apache-maven-3.0.4/bin/mvn -Dmaven.repo.local=mvn_repo -s ./settings.xml compile -X | tee log-maven.3.0.4 2&amp;gt;&amp;amp;1&lt;/p&gt;


</description>
                <environment>bash-4.1$ echo $JAVA_HOME&lt;br/&gt;
/developer/tools1/jdk1.7.0_45-Linux-x86_64&lt;br/&gt;
bash-4.1$ which java&lt;br/&gt;
/developer/tools1/jdk1.7.0_45-Linux-x86_64/bin/java&lt;br/&gt;
bash-4.1$ uname -ra&lt;br/&gt;
Linux klw1209.bridgewatersys.com 2.6.32-431.el6.x86_64 #1 SMP Sun Nov 10 22:19:54 EST 2013 x86_64 x86_64 x86_64 GNU/Linux&lt;br/&gt;
bash-4.1$</environment>
        <key id="12797269">MNG-5706</key>
            <summary>Maven 3.0.4 and later versions cannot find artifact in repos declared in settings.xml</summary>
                <type id="1" iconUrl="https://issues.apache.org/jira/secure/viewavatar?size=xsmall&amp;avatarId=21133&amp;avatarType=issuetype">Bug</type>
                                            <priority id="3" iconUrl="https://issues.apache.org/jira/images/icons/priorities/major.svg">Major</priority>
                        <status id="6" iconUrl="https://issues.apache.org/jira/images/icons/statuses/closed.png" description="The issue is considered finished, the resolution is correct. Issues which are not closed can be reopened.">Closed</status>
                    <statusCategory id="3" key="done" colorName="green" />
                                    <resolution id="10009">Works for Me</resolution>
                                        <assignee username="-1">Unassigned</assignee>
                                    <reporter username="fadlwa">Fadel Wanssa</reporter>
                        <labels>
                    </labels>
                <created>Thu, 23 Oct 2014 09:31:57 +0000</created>
                <updated>Sat, 15 Oct 2016 19:54:29 +0000</updated>
                            <resolved>Sat, 15 Oct 2016 19:54:29 +0000</resolved>
                                    <version>3.0.4</version>
                    <version>3.0.5</version>
                    <version>3.1.0</version>
                    <version>3.1.1</version>
                    <version>3.2.1</version>
                    <version>3.2.2</version>
                    <version>3.2.3</version>
                                                    <component>Dependencies</component>
                        <due />
                            <votes>0</votes>
                                    <watches>3</watches>
                                                                <comments>
                            <comment id="14419826" author="michael-o" created="Thu, 23 Oct 2014 14:25:20 +0000">&lt;p&gt;Have you tried Maven 3.0.5?&lt;/p&gt;</comment>
                            <comment id="14419890" author="fadlwa" created="Thu, 23 Oct 2014 15:08:09 +0000">&lt;p&gt;Yes, same problem.&lt;/p&gt;</comment>
                            <comment id="14419918" author="michael-o" created="Thu, 23 Oct 2014 15:23:34 +0000">&lt;p&gt;How can we reproduce this issue without having access to your setup?&lt;/p&gt;</comment>
                            <comment id="14419865" author="fadlwa" created="Thu, 23 Oct 2014 15:50:16 +0000">&lt;p&gt;Ok, i attached a new settings.xml file that you can use to reproduce.&lt;/p&gt;

&lt;p&gt;download the settings.xml and the pom.xml, and run this command using maven version &amp;gt; 3.0.3:&lt;br/&gt;
mvn -Dmaven.repo.local=mvn_repo -s ./settings.xml compile&lt;/p&gt;

&lt;p&gt;I used the maven public repo in the profile, and pointed the mirror to "file:///tmp" repo (you can use any repo that doesn't have antlr-runtime).&lt;/p&gt;

&lt;p&gt;antlr-runtime-3.5 exist in maven central repo, you can take a look here:&lt;br/&gt;
&lt;a href="http://search.maven.org/#browse%7C-1262441831" class="external-link" target="_blank" rel="nofollow noopener"&gt;http://search.maven.org/#browse%7C-1262441831&lt;/a&gt;&lt;/p&gt;


</comment>
                            <comment id="15578659" author="michael-o" created="Sat, 15 Oct 2016 19:54:29 +0000">&lt;p&gt;I can confirm that the sample project fails with 3.0.5 but it works with 3.2.5, 3.3.9 and 3.4.0-SNAPSHOT. Since nothing below 3.3.x is supported anymore, closing as works for me.&lt;/p&gt;</comment>
                    </comments>
                    <attachments>
                            <attachment id="12712771" name="log-maven.3.0.3" size="115132" author="fadlwa" created="Thu, 23 Oct 2014 09:31:58 +0000" />
                            <attachment id="12713123" name="log-maven.3.0.4" size="67762" author="fadlwa" created="Thu, 23 Oct 2014 09:31:58 +0000" />
                            <attachment id="12713416" name="log-maven.3.2.3" size="82209" author="fadlwa" created="Thu, 23 Oct 2014 09:31:58 +0000" />
                            <attachment id="12713379" name="pom.xml" size="1247" author="fadlwa" created="Thu, 23 Oct 2014 09:31:58 +0000" />
                            <attachment id="12713401" name="settings.xml" size="1312" author="fadlwa" created="Thu, 23 Oct 2014 15:50:16 +0000" />
                    </attachments>
                <subtasks>
                    </subtasks>
                <customfields>
                                                                                                                                                                                                                                                                                                                                                                                                                                                                                                                                                                                                                                                                                                                    <customfield id="customfield_12314020" key="com.atlassian.jira.plugins.jira-development-integration-plugin:devsummary">
                        <customfieldname>Development</customfieldname>
                        <customfieldvalues>
                            
                        </customfieldvalues>
                    </customfield>
                                                                                                                        <customfield id="customfield_12313422" key="com.atlassian.jirafisheyeplugin:jobcheckbox">
                        <customfieldname>Enable Automatic Patch Review</customfieldname>
                        <customfieldvalues>
                            <customfieldvalue>false</customfieldvalue>

                        </customfieldvalues>
                    </customfield>
                                                                                                                                                                                                                                                                                                                                                                                                                                                                                                                                                                                                                    <customfield id="customfield_12310420" key="com.pyxis.greenhopper.jira:gh-global-rank">
                        <customfieldname>Global Rank</customfieldname>
                        <customfieldvalues>
                            <customfieldvalue>9223372036854775807</customfieldvalue>
                        </customfieldvalues>
                    </customfield>
                                                                                                                                                                                                                                                                                                                                                                                                                                                                        <customfield id="customfield_12311820" key="com.pyxis.greenhopper.jira:gh-lexo-rank">
                        <customfieldname>Rank</customfieldname>
                        <customfieldvalues>
                            <customfieldvalue>0|i29bef:</customfieldvalue>

                        </customfieldvalues>
                    </customfield>
                                                                <customfield id="customfield_12310920" key="com.pyxis.greenhopper.jira:gh-global-rank">
                        <customfieldname>Rank (Obsolete)</customfieldname>
                        <customfieldvalues>
                            <customfieldvalue>9223372036854775807</customfieldvalue>
                        </customfieldvalues>
                    </customfield>
                                                                                                                                                                                                                                                                                                                                                                                                                                                                                                                                                                                                                                                                                                                                                                                            </customfields>
    </item>


</channel>
</rss>