<rss version="0.92">
    <channel>
        <title>ASF JIRA</title>
        <link>https://issues.apache.org/jira/issues/?jql=project+%3D+MNG+and+type+%3D+bug+and+%28status+%3D+RESOLVED+or+status+%3D+closed%29</link>
        <description>An XML representation of a search request</description>
                <language>en-uk</language>
                        <issue start="0" end="1000" total="3303" />
                <build-info>
            <version>8.20.7</version>
            <build-number>820007</build-number>
            <build-date>16-03-2022</build-date>
        </build-info>

<item>
            <title>[MNG-5635] No info generated for nested classes in mojo config</title>
                <link>https://issues.apache.org/jira/browse/MNG-5635</link>
                <project id="12316922" key="MNG">Maven</project>
                    <description>&lt;p&gt;For more advanced plugins, it is nice to have nested objects in order to group settings (&lt;a href="http://maven.apache.org/guides/plugin/guide-java-plugin-development.html#Other_Object_Classes" class="external-link" target="_blank" rel="nofollow noopener"&gt;http://maven.apache.org/guides/plugin/guide-java-plugin-development.html#Other_Object_Classes&lt;/a&gt;)&lt;/p&gt;

&lt;p&gt;Currently the metadata for these does not get generated nor included in plugin.xml (even though it is present in the original class).&lt;/p&gt;

&lt;p&gt;This in turn leads to IDEs not being able to offer completion, documentation, validation, ... for these attributes, hindering reliability and discoverability, two of Maven's primary strengths.&lt;/p&gt;</description>
                <environment />
        <key id="12796218">MNG-5635</key>
            <summary>No info generated for nested classes in mojo config</summary>
                <type id="1" iconUrl="https://issues.apache.org/jira/secure/viewavatar?size=xsmall&amp;avatarId=21133&amp;avatarType=issuetype">Bug</type>
                                            <priority id="3" iconUrl="https://issues.apache.org/jira/images/icons/priorities/major.svg">Major</priority>
                        <status id="6" iconUrl="https://issues.apache.org/jira/images/icons/statuses/closed.png" description="The issue is considered finished, the resolution is correct. Issues which are not closed can be reopened.">Closed</status>
                    <statusCategory id="3" key="done" colorName="green" />
                                    <resolution id="10000">Auto Closed</resolution>
                                        <assignee username="-1">Unassigned</assignee>
                                    <reporter username="axel.fontaine">Axel Fontaine</reporter>
                        <labels>
                    </labels>
                <created>Sun, 18 May 2014 04:57:37 +0000</created>
                <updated>Fri, 16 Mar 2018 22:39:49 +0000</updated>
                            <resolved>Fri, 16 Mar 2018 22:39:49 +0000</resolved>
                                    <version>3.2.1</version>
                                                    <component>IDEs</component>
                    <component>Plugin API</component>
                    <component>Plugins and Lifecycle</component>
                        <due />
                            <votes>0</votes>
                                    <watches>3</watches>
                                                                <comments>
                            <comment id="14419680" author="jvanzyl" created="Sun, 15 Jun 2014 08:31:36 +0000">&lt;p&gt;I think here we can just introspect the class in the IDE which isn't terribly expensive. What would the plugin.xml look like in your opinion? Can you provide an example?&lt;/p&gt;</comment>
                            <comment id="14419742" author="axel.fontaine" created="Sun, 15 Jun 2014 08:38:47 +0000">&lt;p&gt;Maybe nested parameter elements like this:&lt;/p&gt;

&lt;p&gt;&amp;lt;parameters&amp;gt;&lt;br/&gt;
        &amp;lt;parameter&amp;gt;&lt;br/&gt;
          &amp;lt;name&amp;gt;myparam&amp;lt;/name&amp;gt;&lt;br/&gt;
          &amp;lt;type&amp;gt;com.company.MyClass&amp;lt;/type&amp;gt;&lt;br/&gt;
          &amp;lt;required&amp;gt;false&amp;lt;/required&amp;gt;&lt;br/&gt;
          &amp;lt;editable&amp;gt;true&amp;lt;/editable&amp;gt;&lt;br/&gt;
          &amp;lt;description&amp;gt;...&amp;lt;/description&amp;gt;&lt;br/&gt;
          &amp;lt;parameters&amp;gt;&lt;br/&gt;
               &amp;lt;parameter&amp;gt;&lt;br/&gt;
               &amp;lt;name&amp;gt;mynestedparam&amp;lt;/name&amp;gt;&lt;br/&gt;
               &amp;lt;type&amp;gt;java.lang.String[]&amp;lt;/type&amp;gt;&lt;br/&gt;
               &amp;lt;required&amp;gt;false&amp;lt;/required&amp;gt;&lt;br/&gt;
               &amp;lt;editable&amp;gt;true&amp;lt;/editable&amp;gt;&lt;br/&gt;
               &amp;lt;description&amp;gt;...&amp;lt;/description&amp;gt;&lt;br/&gt;
        &amp;lt;/parameter&amp;gt;&lt;br/&gt;
        &amp;lt;parameter&amp;gt;&lt;br/&gt;
...&lt;/p&gt;</comment>
                            <comment id="16402818" author="michael-o" created="Fri, 16 Mar 2018 22:39:49 +0000">&lt;p&gt;This issue has been auto closed because it has been inactive for a long period of time. If you think this issue still applies, retest your problem with the most recent version of Maven and the affected component, reopen and post your results.&lt;/p&gt;</comment>
                    </comments>
                    <attachments>
                    </attachments>
                <subtasks>
                    </subtasks>
                <customfields>
                                                                                                                                                                                                                                                                                                                                                                                                                                                                                                                                                                                                                                                                                                                    <customfield id="customfield_12314020" key="com.atlassian.jira.plugins.jira-development-integration-plugin:devsummary">
                        <customfieldname>Development</customfieldname>
                        <customfieldvalues>
                            
                        </customfieldvalues>
                    </customfield>
                                                                                                                        <customfield id="customfield_12313422" key="com.atlassian.jirafisheyeplugin:jobcheckbox">
                        <customfieldname>Enable Automatic Patch Review</customfieldname>
                        <customfieldvalues>
                            <customfieldvalue>false</customfieldvalue>

                        </customfieldvalues>
                    </customfield>
                                                                                                                                                                                                                                                                                                                                                                                                                                                                                                                                                                                                                    <customfield id="customfield_12310420" key="com.pyxis.greenhopper.jira:gh-global-rank">
                        <customfieldname>Global Rank</customfieldname>
                        <customfieldvalues>
                            <customfieldvalue>9223372036854775807</customfieldvalue>
                        </customfieldvalues>
                    </customfield>
                                                                                                                                                                                                                                                                                                                                                                                                                                                                        <customfield id="customfield_12311820" key="com.pyxis.greenhopper.jira:gh-lexo-rank">
                        <customfieldname>Rank</customfieldname>
                        <customfieldvalues>
                            <customfieldvalue>0|i295gv:</customfieldvalue>

                        </customfieldvalues>
                    </customfield>
                                                                <customfield id="customfield_12310920" key="com.pyxis.greenhopper.jira:gh-global-rank">
                        <customfieldname>Rank (Obsolete)</customfieldname>
                        <customfieldvalues>
                            <customfieldvalue>9223372036854775807</customfieldvalue>
                        </customfieldvalues>
                    </customfield>
                                                                                                                                                                                                                                                                                                                                                                                                                                                                                                                                                                                                                                                                                                                                                                                            </customfields>
    </item>


</channel>
</rss>