<rss version="0.92">
    <channel>
        <title>ASF JIRA</title>
        <link>https://issues.apache.org/jira/issues/?jql=project+%3D+MNG+and+type+%3D+bug+and+%28status+%3D+RESOLVED+or+status+%3D+closed%29</link>
        <description>An XML representation of a search request</description>
                <language>en-uk</language>
                        <issue start="0" end="1000" total="3303" />
                <build-info>
            <version>8.20.7</version>
            <build-number>820007</build-number>
            <build-date>16-03-2022</build-date>
        </build-info>

<item>
            <title>[MNG-5846] Maven 3.3.3 ignores repository definition for "central"</title>
                <link>https://issues.apache.org/jira/browse/MNG-5846</link>
                <project id="12316922" key="MNG">Maven</project>
                    <description>&lt;p&gt;Hi,&lt;/p&gt;

&lt;p&gt;The sample pom.xml works fine with maven 3.0.5 but shows a big problem while using maven 3.3.3.&lt;br/&gt;
It's starts correctly and downloads a set of dependencies from the specified and overriden central repositories. The, suddenly, during a running build it starts downloading dependencies from the default "central" repository (which is actually overridden). This behaviour is problematic for us.&lt;/p&gt;

&lt;p&gt;In these log-statements you can see that initial downloads are done from the overridden definition and that later the default central repository is used.&lt;/p&gt;

&lt;blockquote&gt;
&lt;p&gt;&amp;lt;?xml version="1.0" encoding="UTF-8"?&amp;gt;&lt;br/&gt;
&amp;lt;project xsi:schemaLocation="http://maven.apache.org/POM/4.0.0 &lt;a href="http://maven.apache.org/xsd/maven-4.0.0.xsd" class="external-link" target="_blank" rel="nofollow noopener"&gt;http://maven.apache.org/xsd/maven-4.0.0.xsd&lt;/a&gt;" xmlns="http://maven.apache.org/POM/4.0.0"&lt;br/&gt;
    xmlns:xsi="http://www.w3.org/2001/XMLSchema-instance"&amp;gt;&lt;br/&gt;
  &amp;lt;modelVersion&amp;gt;4.0.0&amp;lt;/modelVersion&amp;gt;&lt;br/&gt;
  &amp;lt;groupId&amp;gt;xxx&amp;lt;/groupId&amp;gt;&lt;br/&gt;
  &amp;lt;artifactId&amp;gt;yyy&amp;lt;/artifactId&amp;gt;&lt;br/&gt;
  &amp;lt;version&amp;gt;5.0-SNAPSHOT&amp;lt;/version&amp;gt;&lt;br/&gt;
  &amp;lt;dependencies&amp;gt;&lt;br/&gt;
    &amp;lt;dependency&amp;gt;&lt;br/&gt;
      &amp;lt;groupId&amp;gt;org.glassfish.main.appclient.client&amp;lt;/groupId&amp;gt;&lt;br/&gt;
      &amp;lt;artifactId&amp;gt;gf-client&amp;lt;/artifactId&amp;gt;&lt;br/&gt;
      &amp;lt;version&amp;gt;3.1.2.2&amp;lt;/version&amp;gt;&lt;br/&gt;
    &amp;lt;/dependency&amp;gt;&lt;br/&gt;
  &amp;lt;/dependencies&amp;gt;&lt;br/&gt;
    &amp;lt;repositories&amp;gt;&lt;br/&gt;
        &amp;lt;repository&amp;gt;&lt;br/&gt;
            &amp;lt;id&amp;gt;central&amp;lt;/id&amp;gt;&lt;br/&gt;
            &amp;lt;url&amp;gt;&lt;a href="http://www.liermann.ws/maven/" class="external-link" target="_blank" rel="nofollow noopener"&gt;http://www.liermann.ws/maven/&lt;/a&gt;&amp;lt;/url&amp;gt;&lt;br/&gt;
            &amp;lt;releases&amp;gt;&lt;br/&gt;
                &amp;lt;enabled&amp;gt;true&amp;lt;/enabled&amp;gt;&lt;br/&gt;
            &amp;lt;/releases&amp;gt;&lt;br/&gt;
            &amp;lt;snapshots&amp;gt;&lt;br/&gt;
                &amp;lt;enabled&amp;gt;true&amp;lt;/enabled&amp;gt;&lt;br/&gt;
                &amp;lt;updatePolicy&amp;gt;always&amp;lt;/updatePolicy&amp;gt;&lt;br/&gt;
            &amp;lt;/snapshots&amp;gt;&lt;br/&gt;
        &amp;lt;/repository&amp;gt;&lt;br/&gt;
    &amp;lt;/repositories&amp;gt;&lt;/p&gt;

&lt;p&gt;    &amp;lt;pluginRepositories&amp;gt;&lt;br/&gt;
        &amp;lt;pluginRepository&amp;gt;&lt;br/&gt;
            &amp;lt;id&amp;gt;central&amp;lt;/id&amp;gt;&lt;br/&gt;
            &amp;lt;url&amp;gt;&lt;a href="http://www.liermann.ws/maven/" class="external-link" target="_blank" rel="nofollow noopener"&gt;http://www.liermann.ws/maven/&lt;/a&gt;&amp;lt;/url&amp;gt;&lt;br/&gt;
            &amp;lt;releases&amp;gt;&lt;br/&gt;
                &amp;lt;enabled&amp;gt;true&amp;lt;/enabled&amp;gt;&lt;br/&gt;
            &amp;lt;/releases&amp;gt;&lt;br/&gt;
            &amp;lt;snapshots&amp;gt;&lt;br/&gt;
                &amp;lt;enabled&amp;gt;true&amp;lt;/enabled&amp;gt;&lt;br/&gt;
                &amp;lt;updatePolicy&amp;gt;always&amp;lt;/updatePolicy&amp;gt;&lt;br/&gt;
            &amp;lt;/snapshots&amp;gt;&lt;br/&gt;
        &amp;lt;/pluginRepository&amp;gt;&lt;br/&gt;
    &amp;lt;/pluginRepositories&amp;gt;&lt;br/&gt;
&amp;lt;/project&amp;gt;&lt;/p&gt;&lt;/blockquote&gt;

&lt;p&gt;Log file snippet&lt;/p&gt;
&lt;blockquote&gt;
&lt;p&gt;Downloading: &lt;a href="http://www.liermann.ws/maven/org/glassfish/metro/metro-project/2.2.0-1/metro-project-2.2.0-1.pom" class="external-link" target="_blank" rel="nofollow noopener"&gt;http://www.liermann.ws/maven/org/glassfish/metro/metro-project/2.2.0-1/metro-project-2.2.0-1.pom&lt;/a&gt;&lt;br/&gt;
Downloaded: &lt;a href="http://www.liermann.ws/maven/org/glassfish/metro/metro-project/2.2.0-1/metro-project-2.2.0-1.pom" class="external-link" target="_blank" rel="nofollow noopener"&gt;http://www.liermann.ws/maven/org/glassfish/metro/metro-project/2.2.0-1/metro-project-2.2.0-1.pom&lt;/a&gt; (31 KB at 532.0 KB/sec)&lt;br/&gt;
Downloading: &lt;a href="http://repo1.maven.org/maven2/com/sun/xml/ws/jaxws-ri/2.2.6-2/jaxws-ri-2.2.6-2.pom" class="external-link" target="_blank" rel="nofollow noopener"&gt;http://repo1.maven.org/maven2/com/sun/xml/ws/jaxws-ri/2.2.6-2/jaxws-ri-2.2.6-2.pom&lt;/a&gt;&lt;br/&gt;
Downloaded: &lt;a href="http://repo1.maven.org/maven2/com/sun/xml/ws/jaxws-ri/2.2.6-2/jaxws-ri-2.2.6-2.pom" class="external-link" target="_blank" rel="nofollow noopener"&gt;http://repo1.maven.org/maven2/com/sun/xml/ws/jaxws-ri/2.2.6-2/jaxws-ri-2.2.6-2.pom&lt;/a&gt; (6 KB at 101.3 KB/sec)&lt;/p&gt;&lt;/blockquote&gt;</description>
                <environment>n/a</environment>
        <key id="12840222">MNG-5846</key>
            <summary>Maven 3.3.3 ignores repository definition for "central"</summary>
                <type id="1" iconUrl="https://issues.apache.org/jira/secure/viewavatar?size=xsmall&amp;avatarId=21133&amp;avatarType=issuetype">Bug</type>
                                            <priority id="3" iconUrl="https://issues.apache.org/jira/images/icons/priorities/major.svg">Major</priority>
                        <status id="6" iconUrl="https://issues.apache.org/jira/images/icons/statuses/closed.png" description="The issue is considered finished, the resolution is correct. Issues which are not closed can be reopened.">Closed</status>
                    <statusCategory id="3" key="done" colorName="green" />
                                    <resolution id="4">Incomplete</resolution>
                                        <assignee username="-1">Unassigned</assignee>
                                    <reporter username="lier99">Torsten Liermann</reporter>
                        <labels>
                    </labels>
                <created>Wed, 24 Jun 2015 14:50:28 +0000</created>
                <updated>Sat, 13 Feb 2016 18:08:50 +0000</updated>
                            <resolved>Sat, 13 Feb 2016 18:08:50 +0000</resolved>
                                    <version>3.3.1</version>
                                                    <component>Artifacts and Repositories</component>
                        <due />
                            <votes>0</votes>
                                    <watches>7</watches>
                                                                <comments>
                            <comment id="14599538" author="khmarbaise" created="Wed, 24 Jun 2015 15:06:18 +0000">&lt;p&gt;How does your settings.xml look like?&lt;/p&gt;</comment>
                            <comment id="14599571" author="lier99" created="Wed, 24 Jun 2015 15:24:26 +0000">&lt;p&gt;The example runs without a settings.xml. The result is the same with any settings.xml file.&lt;/p&gt;</comment>
                            <comment id="14599688" author="joehni" created="Wed, 24 Jun 2015 16:31:41 +0000">&lt;p&gt;It's not! If your settings.xml defines a mirror for central, it works. Your example simply demontrates why it is a bad idea to define repositories in a POM. Just look at the effective pom for metro-project and you will see, that your repository definitions are nowhere.&lt;/p&gt;

&lt;div class="preformatted panel" style="border-width: 1px;"&gt;&lt;div class="preformattedContent panelContent"&gt;
&lt;pre&gt;mvn -f ~/.m2/repository/org/glassfish/metro/metro-project/2.2.0-1/metro-project-2.2.0-1.pom help:effective-pom
&lt;/pre&gt;
&lt;/div&gt;&lt;/div&gt;</comment>
                            <comment id="14599746" author="lier99" created="Wed, 24 Jun 2015 17:03:50 +0000">&lt;p&gt;Please, keep peace. I'm not lookig for a workaround. The example demonstrate the problem, not more.  We can discuss the pro &amp;amp; cons of mirror  against fine repository setup but not here.&lt;/p&gt;</comment>
                            <comment id="14599816" author="joehni" created="Wed, 24 Jun 2015 17:46:20 +0000">&lt;p&gt;The example demonstrates simply, how Maven works by definition.&lt;br/&gt;
&lt;a href="http://blog.sonatype.com/2009/02/why-putting-repositories-in-your-poms-is-a-bad-idea/#.VYrsWUTgJiA" class="external-link" target="_blank" rel="nofollow noopener"&gt;http://blog.sonatype.com/2009/02/why-putting-repositories-in-your-poms-is-a-bad-idea/#.VYrsWUTgJiA&lt;/a&gt;&lt;/p&gt;</comment>
                            <comment id="14599848" author="aheritier" created="Wed, 24 Jun 2015 18:04:47 +0000">&lt;p&gt;&lt;a href="https://issues.apache.org/jira/secure/ViewProfile.jspa?name=joehni" class="user-hover" rel="joehni"&gt;joehni&lt;/a&gt; Even if doing this is a bad idea, AFAIK it isn't officialy deprecated and if there is such regression it is annoying because it was used a lot by people in the past because it avoided to enforce users to setup a mirror in your local settings to build a project once.&lt;br/&gt;
Thus from my POV, yes having repositories in POMs is very bad, using it to overwrite central is bad but having a regression (if confirmed) in Maven behaviour is worst.&lt;/p&gt;</comment>
                            <comment id="14601114" author="lier99" created="Thu, 25 Jun 2015 12:55:15 +0000">&lt;p&gt;My example illustrates the problem at the simplest way. In our continuous integeration builds all repositories are specified in a build own settings.xml. The problem occurs as well, if the repositories configured in $MAVEN_HOME/conf. The problem is not new, even Maven 3.2 was already affected.  &lt;/p&gt;</comment>
                            <comment id="15118409" author="schulte77" created="Wed, 27 Jan 2016 01:18:42 +0000">&lt;p&gt;Out of curiosity -  which version of Maven has been used producing&lt;/p&gt;

&lt;div class="code panel" style="border-width: 1px;"&gt;&lt;div class="codeContent panelContent"&gt;
&lt;pre class="code-java"&gt;Downloading: http:&lt;span class="code-comment"&gt;//repo1.maven.org/maven2/com/sun/xml/ws/jaxws-ri/2.2.6-2/jaxws-ri-2.2.6-2.pom
&lt;/span&gt;Downloaded: http:&lt;span class="code-comment"&gt;//repo1.maven.org/maven2/com/sun/xml/ws/jaxws-ri/2.2.6-2/jaxws-ri-2.2.6-2.pom (6 KB at 101.3 KB/sec)&lt;/span&gt;
&lt;/pre&gt;
&lt;/div&gt;&lt;/div&gt;

&lt;p&gt;? That is not the default central repository URL since Maven 3.0.4.&lt;/p&gt;

&lt;p&gt;I am not sure this is a regression. Do you know exactly what version was the first no longer behaving the way described?&lt;/p&gt;</comment>
                            <comment id="15118422" author="schulte77" created="Wed, 27 Jan 2016 01:27:56 +0000">&lt;p&gt;Regarding my 'not a regression' comment above. I am not sure how that project has been working before. For example:&lt;/p&gt;

&lt;div class="code panel" style="border-width: 1px;"&gt;&lt;div class="codeContent panelContent"&gt;
&lt;pre class="code-java"&gt;Apache Maven 3.4.0-SNAPSHOT (5c98a4261f7e50ee0197902c5737ebfc0acac724; 2016-01-26T02:49:41+01:00)
&lt;/pre&gt;
&lt;/div&gt;&lt;/div&gt;

&lt;div class="code panel" style="border-width: 1px;"&gt;&lt;div class="codeContent panelContent"&gt;
&lt;pre class="code-java"&gt;[INFO] Scanning &lt;span class="code-keyword"&gt;for&lt;/span&gt; projects...
[INFO]                                                                         
[INFO] ------------------------------------------------------------------------
[INFO] Building yyy 5.0-SNAPSHOT
[INFO] ------------------------------------------------------------------------
Downloading: http:&lt;span class="code-comment"&gt;//www.liermann.ws/maven/org/apache/maven/plugins/maven-compiler-plugin/3.5/maven-compiler-plugin-3.5.pom
&lt;/span&gt;[WARNING] The POM &lt;span class="code-keyword"&gt;for&lt;/span&gt; org.apache.maven.plugins:maven-compiler-plugin:jar:3.5 is missing, no dependency information available
Downloading: http:&lt;span class="code-comment"&gt;//www.liermann.ws/maven/org/apache/maven/plugins/maven-compiler-plugin/3.5/maven-compiler-plugin-3.5.jar
&lt;/span&gt;[INFO] ------------------------------------------------------------------------
[INFO] BUILD FAILURE
[INFO] ------------------------------------------------------------------------
[INFO] Total time: 2.599 s
[INFO] Finished at: 2016-01-27T02:22:53+01:00
[INFO] Final Memory: 6M/22M
[INFO] ------------------------------------------------------------------------
[ERROR] Plugin org.apache.maven.plugins:maven-compiler-plugin:3.5 or one of its dependencies could not be resolved: Could not find artifact org.apache.maven.plugins:maven-compiler-plugin:jar:3.5 in central (http:&lt;span class="code-comment"&gt;//www.liermann.ws/maven/) -&amp;gt; [Help 1]
&lt;/span&gt;[ERROR] 
[ERROR] To see the full stack trace of the errors, re-run Maven with the -e &lt;span class="code-keyword"&gt;switch&lt;/span&gt;.
[ERROR] Re-run Maven using the -X &lt;span class="code-keyword"&gt;switch&lt;/span&gt; to enable full debug logging.
[ERROR] 
[ERROR] For more information about the errors and possible solutions, please read the following articles:
[ERROR] [Help 1] http:&lt;span class="code-comment"&gt;//cwiki.apache.org/confluence/display/MAVEN/PluginResolutionException&lt;/span&gt;
&lt;/pre&gt;
&lt;/div&gt;&lt;/div&gt;

&lt;p&gt;And that is correct. There is no 'maven-compiler-plugin' available in the overriden repository. This is produced using a recent &lt;a href="https://builds.apache.org/view/All/job/maven-3.3-release-status-build/" class="external-link" target="_blank" rel="nofollow noopener"&gt;3.4.0-SNAPSHOT&lt;/a&gt;.&lt;/p&gt;</comment>
                    </comments>
                    <attachments>
                    </attachments>
                <subtasks>
                    </subtasks>
                <customfields>
                                                                                                                                                                                                                                                                                                                                                                                                                                                                                                                                                                                                                                                                                                                    <customfield id="customfield_12314020" key="com.atlassian.jira.plugins.jira-development-integration-plugin:devsummary">
                        <customfieldname>Development</customfieldname>
                        <customfieldvalues>
                            
                        </customfieldvalues>
                    </customfield>
                                                                                                                        <customfield id="customfield_12313422" key="com.atlassian.jirafisheyeplugin:jobcheckbox">
                        <customfieldname>Enable Automatic Patch Review</customfieldname>
                        <customfieldvalues>
                            <customfieldvalue>false</customfieldvalue>

                        </customfieldvalues>
                    </customfield>
                                                                                                                                                                                                                                                                                                                                                                                                                                                                                                                                                                                                                    <customfield id="customfield_12310420" key="com.pyxis.greenhopper.jira:gh-global-rank">
                        <customfieldname>Global Rank</customfieldname>
                        <customfieldvalues>
                            <customfieldvalue>9223372036854775807</customfieldvalue>
                        </customfieldvalues>
                    </customfield>
                                                                                                                                                                                                                                                                                                                                                                                                                                                                        <customfield id="customfield_12311820" key="com.pyxis.greenhopper.jira:gh-lexo-rank">
                        <customfieldname>Rank</customfieldname>
                        <customfieldvalues>
                            <customfieldvalue>0|i2gfrz:</customfieldvalue>

                        </customfieldvalues>
                    </customfield>
                                                                <customfield id="customfield_12310920" key="com.pyxis.greenhopper.jira:gh-global-rank">
                        <customfieldname>Rank (Obsolete)</customfieldname>
                        <customfieldvalues>
                            <customfieldvalue>9223372036854775807</customfieldvalue>
                        </customfieldvalues>
                    </customfield>
                                                                                                                                                                                                                                                                                                                                                                                                                                                                                                                                                                                                                                                                                                                                                                                            </customfields>
    </item>


</channel>
</rss>