<rss version="0.92">
    <channel>
        <title>ASF JIRA</title>
        <link>https://issues.apache.org/jira/issues/?jql=project+%3D+MNG+and+type+%3D+bug+and+%28status+%3D+RESOLVED+or+status+%3D+closed%29</link>
        <description>An XML representation of a search request</description>
                <language>en-uk</language>
                        <issue start="0" end="1000" total="3303" />
                <build-info>
            <version>8.20.7</version>
            <build-number>820007</build-number>
            <build-date>16-03-2022</build-date>
        </build-info>

<item>
            <title>[MNG-5156] org.sonatype.aether.util.graph.transformer.JavaEffectiveScopeCalculator doesn't take into account direct vs. transitive dependencies</title>
                <link>https://issues.apache.org/jira/browse/MNG-5156</link>
                <project id="12316922" key="MNG">Maven</project>
                    <description>&lt;p&gt;When calculating the scope of a dependency, Maven should assign to direct dependencies higher priority than transitive dependencies.&lt;/p&gt;

&lt;p&gt;For example:&lt;/p&gt;

&lt;p&gt;com.acme:root:jar:1.0.0&lt;br/&gt;
+- com.acme:test-framework:jar:1.0.0:test                 &amp;lt;&amp;lt;&amp;lt;&amp;lt;&amp;lt;&amp;lt;&amp;lt;&amp;lt;&amp;lt;&amp;lt;&amp;lt;&amp;lt;&amp;lt; direct dependency&lt;br/&gt;
&amp;#45; com.acme:another-module:jar:1.0.0:compile&lt;br/&gt;
   &amp;#45; com.acme:test-framework:jar:1.0.0:compile           &amp;lt;&amp;lt;&amp;lt;&amp;lt;&amp;lt;&amp;lt;&amp;lt;&amp;lt;&amp;lt;&amp;lt;&amp;lt;&amp;lt;&amp;lt; transitive dependency&lt;/p&gt;

&lt;p&gt;We can see that the 'root' project references test-framework directly with scope 'test'. However, the same test-framework also has a 'compile' scope, but via a transitive dependency. I believe that the final scope should be 'test' &amp;#8211; that's the explicit desire of the author of project 'root'.&lt;/p&gt;

&lt;p&gt;However, when I do roughly the following:&lt;/p&gt;

&lt;p&gt;   ProjectBuilder projectBuilder = plexusContainer.lookup(ProjectBuilder.class);&lt;br/&gt;
   ProjectBuildingRequest projectBuildingRequest = ....;&lt;br/&gt;
   projectBuildingRequest.setResolveDependencies(true);&lt;br/&gt;
   ...&lt;br/&gt;
   ProjectBuildingResult result = projectBuilder.build(pom, projectBuildingRequest);&lt;br/&gt;
   MavenProject proj = result.getProject();&lt;br/&gt;
   ...&lt;br/&gt;
   Set&amp;lt;Artifact&amp;gt; artifacts = proj.getArtifacts();&lt;/p&gt;

&lt;p&gt;The 'test-framework' Artifact has a scope of 'compile'!!! (I will provide more code, if you'd like.)&lt;/p&gt;

&lt;p&gt;After some debugging to find out the reason for this, I reached class org.sonatype.aether.util.graph.transformer.JavaEffectiveScopeCalculator. There, in method chooseEffectiveScope, there's the following code:&lt;/p&gt;

&lt;p&gt;        else if ( scopes.contains( JavaScopes.COMPILE ) )&lt;/p&gt;
        {
            effectiveScope = JavaScopes.COMPILE;
        }

&lt;p&gt;So, no attention is paid whether the dependency is direct or transitive. If there's &lt;b&gt;any&lt;/b&gt; dependency with scope 'compile', then the conflict is resolved by setting the final scope to 'compile'. But, as I said above, I believe the final scope should be 'test'.&lt;/p&gt;

&lt;p&gt;Here's a relevant stack trace:&lt;/p&gt;

&lt;p&gt;JavaEffectiveScopeCalculator.chooseEffectiveScope(Set&amp;lt;String&amp;gt;) line: 220	&lt;br/&gt;
JavaEffectiveScopeCalculator.resolve(ConflictGroup, Map&amp;lt;?,?&amp;gt;, Set&amp;lt;?&amp;gt;) line: 139	&lt;br/&gt;
JavaEffectiveScopeCalculator.transformGraph(DependencyNode, DependencyGraphTransformationContext) line: 92	&lt;br/&gt;
ChainedDependencyGraphTransformer.transformGraph(DependencyNode, DependencyGraphTransformationContext) line: 75	&lt;br/&gt;
DefaultDependencyCollector.collectDependencies(RepositorySystemSession, CollectRequest) line: 253	&lt;br/&gt;
DefaultRepositorySystem.collectDependencies(RepositorySystemSession, CollectRequest) line: 345	&lt;br/&gt;
DefaultProjectDependenciesResolver.resolve(DependencyResolutionRequest) line: 131	&lt;br/&gt;
DefaultProjectBuilder.build(File, ModelSource, DefaultProjectBuilder$InternalConfig) line: 166	&lt;br/&gt;
DefaultProjectBuilder.build(ModelSource, ProjectBuildingRequest) line: 108	&lt;br/&gt;
.&lt;br/&gt;
.&lt;br/&gt;
.&lt;/p&gt;

&lt;p&gt;By the way, the Dependency Plugin reports this:&lt;/p&gt;

&lt;p&gt;...&lt;br/&gt;
+- com.acme:test-framework:jar:1.0.0:test (scope not updated to compile)&lt;/p&gt;

&lt;p&gt;The plugin resolves the conflict properly! The scope remains 'test', it's not set to 'compile'.&lt;/p&gt;

&lt;p&gt;I detected this problem with versions 3.0.3 and 3.0.2. It might be present in other versions too but I didn't bother to check any more versions.&lt;/p&gt;</description>
                <environment>Irrelevant (I debugged the code and I provide an exact location of the problem)</environment>
        <key id="12797454">MNG-5156</key>
            <summary>org.sonatype.aether.util.graph.transformer.JavaEffectiveScopeCalculator doesn't take into account direct vs. transitive dependencies</summary>
                <type id="1" iconUrl="https://issues.apache.org/jira/secure/viewavatar?size=xsmall&amp;avatarId=21133&amp;avatarType=issuetype">Bug</type>
                                            <priority id="4" iconUrl="https://issues.apache.org/jira/images/icons/priorities/minor.svg">Minor</priority>
                        <status id="6" iconUrl="https://issues.apache.org/jira/images/icons/statuses/closed.png" description="The issue is considered finished, the resolution is correct. Issues which are not closed can be reopened.">Closed</status>
                    <statusCategory id="3" key="done" colorName="green" />
                                    <resolution id="8">Not A Problem</resolution>
                                        <assignee username="bentmann">Benjamin Bentmann</assignee>
                                    <reporter username="vesuvius">Bisser</reporter>
                        <labels>
                    </labels>
                <created>Tue, 16 Aug 2011 15:05:05 +0000</created>
                <updated>Wed, 17 Aug 2011 05:06:25 +0000</updated>
                            <resolved>Wed, 17 Aug 2011 05:06:25 +0000</resolved>
                                    <version>3.0.2</version>
                    <version>3.0.3</version>
                                                    <component>Dependencies</component>
                        <due />
                            <votes>0</votes>
                                    <watches>1</watches>
                                                                <comments>
                            <comment id="14417403" author="vesuvius" created="Tue, 16 Aug 2011 15:11:32 +0000">&lt;p&gt;Sorry, the whitespace got completely destroyed. I'm reposting it again:&lt;/p&gt;

&lt;p&gt;When calculating the scope of a dependency, Maven should assign to direct dependencies higher priority than transitive dependencies.&lt;/p&gt;

&lt;p&gt;For example:&lt;/p&gt;

&lt;div class="preformatted panel" style="border-width: 1px;"&gt;&lt;div class="preformattedContent panelContent"&gt;
&lt;pre&gt;com.acme:root:jar:1.0.0
+- com.acme:test-framework:jar:1.0.0:test                 &amp;lt;&amp;lt;&amp;lt;&amp;lt;&amp;lt;&amp;lt;&amp;lt;&amp;lt;&amp;lt;&amp;lt;&amp;lt;&amp;lt;&amp;lt; direct dependency
\- com.acme:another-module:jar:1.0.0:compile
   \- com.acme:test-framework:jar:1.0.0:compile           &amp;lt;&amp;lt;&amp;lt;&amp;lt;&amp;lt;&amp;lt;&amp;lt;&amp;lt;&amp;lt;&amp;lt;&amp;lt;&amp;lt;&amp;lt; transitive dependency
&lt;/pre&gt;
&lt;/div&gt;&lt;/div&gt;

&lt;p&gt;We can see that the 'root' project references test-framework directly with scope 'test'. However, the same test-framework also has a 'compile' scope, but via a transitive dependency. I believe that the final scope should be 'test' &amp;#8211; that's the explicit desire of the author of project 'root'.&lt;/p&gt;

&lt;p&gt;However, when I do roughly the following:&lt;/p&gt;

&lt;div class="preformatted panel" style="border-width: 1px;"&gt;&lt;div class="preformattedContent panelContent"&gt;
&lt;pre&gt;   ProjectBuilder projectBuilder = plexusContainer.lookup(ProjectBuilder.class);
   ProjectBuildingRequest projectBuildingRequest = ....;
   projectBuildingRequest.setResolveDependencies(true);
   ...
   ProjectBuildingResult result = projectBuilder.build(pom, projectBuildingRequest);
   MavenProject proj = result.getProject();
   ...
   Set&amp;lt;Artifact&amp;gt; artifacts = proj.getArtifacts();
&lt;/pre&gt;
&lt;/div&gt;&lt;/div&gt;
&lt;p&gt;The 'test-framework' Artifact has a scope of 'compile'!!! (I will provide more code, if you'd like.)&lt;/p&gt;

&lt;p&gt;After some debugging to find out the reason for this, I reached class org.sonatype.aether.util.graph.transformer.JavaEffectiveScopeCalculator. There, in method chooseEffectiveScope, there's the following code:&lt;/p&gt;

&lt;div class="preformatted panel" style="border-width: 1px;"&gt;&lt;div class="preformattedContent panelContent"&gt;
&lt;pre&gt;        else if ( scopes.contains( JavaScopes.COMPILE ) )
        {
            effectiveScope = JavaScopes.COMPILE;
        }
&lt;/pre&gt;
&lt;/div&gt;&lt;/div&gt;

&lt;p&gt;So, no attention is paid whether the dependency is direct or transitive. If there's &lt;b&gt;any&lt;/b&gt; dependency with scope 'compile', then the conflict is resolved by setting the final scope to 'compile'. But, as I said above, I believe the final scope should be 'test'.&lt;/p&gt;

&lt;p&gt;Here's a relevant stack trace for Maven 3.0.3:&lt;/p&gt;

&lt;div class="preformatted panel" style="border-width: 1px;"&gt;&lt;div class="preformattedContent panelContent"&gt;
&lt;pre&gt;JavaEffectiveScopeCalculator.chooseEffectiveScope(Set&amp;lt;String&amp;gt;) line: 220	
JavaEffectiveScopeCalculator.resolve(ConflictGroup, Map&amp;lt;?,?&amp;gt;, Set&amp;lt;?&amp;gt;) line: 139	
JavaEffectiveScopeCalculator.transformGraph(DependencyNode, DependencyGraphTransformationContext) line: 92	
ChainedDependencyGraphTransformer.transformGraph(DependencyNode, DependencyGraphTransformationContext) line: 75	
DefaultDependencyCollector.collectDependencies(RepositorySystemSession, CollectRequest) line: 253	
DefaultRepositorySystem.collectDependencies(RepositorySystemSession, CollectRequest) line: 345	
DefaultProjectDependenciesResolver.resolve(DependencyResolutionRequest) line: 131	
DefaultProjectBuilder.build(File, ModelSource, DefaultProjectBuilder$InternalConfig) line: 166	
DefaultProjectBuilder.build(ModelSource, ProjectBuildingRequest) line: 108	
.
.
.
&lt;/pre&gt;
&lt;/div&gt;&lt;/div&gt;

&lt;p&gt;By the way, the Dependency Plugin reports this:&lt;/p&gt;

&lt;div class="preformatted panel" style="border-width: 1px;"&gt;&lt;div class="preformattedContent panelContent"&gt;
&lt;pre&gt;...
+- com.acme:test-framework:jar:1.0.0:test (scope not updated to compile)
&lt;/pre&gt;
&lt;/div&gt;&lt;/div&gt;

&lt;p&gt;The plugin resolves the conflict properly! The scope remains 'test', it's not set to 'compile'.&lt;/p&gt;

&lt;p&gt;I detected this problem with versions 3.0.3 and 3.0.2. It might be present in other versions too but I didn't bother to check any more versions.&lt;/p&gt;</comment>
                            <comment id="14417256" author="bentmann" created="Tue, 16 Aug 2011 15:26:52 +0000">&lt;p&gt;An actual example POM demonstrating the issue would be appreciated because the attached minimal POM, created after your description, i.e. having a dirty tree like&lt;/p&gt;
&lt;div class="preformatted panel" style="border-width: 1px;"&gt;&lt;div class="preformattedContent panelContent"&gt;
&lt;pre&gt;test:test:jar:0.1-SNAPSHOT
   org.codehaus.plexus:plexus-utils:jar:2.0.6:test
   org.apache.maven:maven-model:jar:3.0.3:compile
      org.codehaus.plexus:plexus-utils:jar:2.0.6:compile
&lt;/pre&gt;
&lt;/div&gt;&lt;/div&gt;
&lt;p&gt;does not exhibit the issue, i.e. plexus-utils keeps its directly declared test scope.&lt;/p&gt;

&lt;blockquote&gt;&lt;p&gt;So, no attention is paid whether the dependency is direct or transitive&lt;/p&gt;&lt;/blockquote&gt;
&lt;p&gt;You might want to re-read lines 68-72 and 132.&lt;/p&gt;</comment>
                            <comment id="14417352" author="vesuvius" created="Wed, 17 Aug 2011 04:10:08 +0000">&lt;p&gt;After you directed me to lines 68-72, I examined the code there and then I debugged it again to see why it doesn't enter that branch. The reason was that the 'root' project was not on top level. It was wrapped on the fly into a dummy project like this:&lt;/p&gt;

&lt;div class="preformatted panel" style="border-width: 1px;"&gt;&lt;div class="preformattedContent panelContent"&gt;
&lt;pre&gt;   private ModelSource createStubModelSource(String groupId, String artifactId, String version)
                                                                  throws ProjectBuildingException {
      StringBuilder sb = new StringBuilder();

      sb.append("&amp;lt;?xml version='1.0'?&amp;gt;");
      sb.append("&amp;lt;project&amp;gt;");
      sb.append("&amp;lt;modelVersion&amp;gt;4.0.0&amp;lt;/modelVersion&amp;gt;");
      sb.append("&amp;lt;groupId&amp;gt;com.acme.dynamic.project&amp;lt;/groupId&amp;gt;");
      sb.append("&amp;lt;artifactId&amp;gt;dummy-dynamic-project&amp;lt;/artifactId&amp;gt;");
      sb.append("&amp;lt;version&amp;gt;1.0.0&amp;lt;/version&amp;gt;");
      sb.append("&amp;lt;packaging&amp;gt;pom&amp;lt;/packaging&amp;gt;");
      sb.append("&amp;lt;dependencies&amp;gt;");
      sb.append(   "&amp;lt;dependency&amp;gt;");
      sb.append(      "&amp;lt;groupId&amp;gt;").append(groupId).append("&amp;lt;/groupId&amp;gt;");
      sb.append(      "&amp;lt;artifactId&amp;gt;").append(artifactId).append("&amp;lt;/artifactId&amp;gt;");
      sb.append(      "&amp;lt;version&amp;gt;").append(version).append("&amp;lt;/version&amp;gt;");
      sb.append(      "&amp;lt;scope&amp;gt;compile&amp;lt;/scope&amp;gt;");
      sb.append(   "&amp;lt;/dependency&amp;gt;");
      sb.append("&amp;lt;/dependencies&amp;gt;");
      sb.append("&amp;lt;/project&amp;gt;");

      ModelSource modelSource = new StringModelSource(sb.toString());
      return modelSource;
   }
&lt;/pre&gt;
&lt;/div&gt;&lt;/div&gt;

&lt;p&gt;So, in fact, the hierarchy was like this:&lt;/p&gt;

&lt;div class="preformatted panel" style="border-width: 1px;"&gt;&lt;div class="preformattedContent panelContent"&gt;
&lt;pre&gt;com.acme.dynamic.project:dummy-dynamic-project:pom:1.0.0
\- com.acme:root:jar:1.0.0:compile
   +- com.acme:test-framework:jar:1.0.0:test
   \- com.acme:another-module:jar:1.0.0:compile
      \- com.acme:test-framework:jar:1.0.0:compile
&lt;/pre&gt;
&lt;/div&gt;&lt;/div&gt;

&lt;p&gt;I still think that it makes more sense for the 'test-framework' dependency to have a 'test' scope because the 'root' dependency enforces the 'test' scope explicitly, so it's whole sub-tree should use the 'test' scope for the 'test-framework'.&lt;/p&gt;

&lt;p&gt;However, if the Maven team has decided that the scope should be 'compile' in this case, then ok.&lt;/p&gt;

&lt;p&gt;Thank you for replying so quickly!&lt;/p&gt;</comment>
                            <comment id="14417321" author="bentmann" created="Wed, 17 Aug 2011 05:06:25 +0000">&lt;blockquote&gt;&lt;p&gt;I still think that it makes more sense for the 'test-framework' dependency to have a 'test' scope because the 'root' dependency enforces the 'test' scope explicitly&lt;/p&gt;&lt;/blockquote&gt;
&lt;p&gt;It's simply a matter of how one interprets a &lt;tt&gt;&amp;lt;dependency&amp;gt;&lt;/tt&gt; declaration, usually they are meant to express requirements/needs. And if your own code itself requires foo only in runtime scope but a lib that you require for compilation requires foo in compile scope, it's safer to satisfy the stronger need and put foo into compile scope.&lt;/p&gt;

&lt;p&gt;Whether the subtle differences between direct dependencies and transitive ones with regard to scope calculation make sense, is another question. In might have been more consistent to leave the concept of dependency enforcement to &lt;tt&gt;&amp;lt;dependencyManagement&amp;gt;&lt;/tt&gt; but now it is like it is.&lt;/p&gt;

&lt;p&gt;Back to your wrapping project: Keep in mind that transitive test and provided scope dependencies as well as optional dependencies are completely dropped from the graph, i.e. the act of wrapping a dependency heavily changes the resolved graph.&lt;/p&gt;</comment>
                    </comments>
                    <attachments>
                            <attachment id="12712621" name="pom.xml" size="1426" author="bentmann" created="Tue, 16 Aug 2011 15:26:52 +0000" />
                    </attachments>
                <subtasks>
                    </subtasks>
                <customfields>
                                                                                                                                                                                                                                                                                                                                                                                                                                                                                                                                                                                                                                                                                                                    <customfield id="customfield_12314020" key="com.atlassian.jira.plugins.jira-development-integration-plugin:devsummary">
                        <customfieldname>Development</customfieldname>
                        <customfieldvalues>
                            
                        </customfieldvalues>
                    </customfield>
                                                                                                                        <customfield id="customfield_12313422" key="com.atlassian.jirafisheyeplugin:jobcheckbox">
                        <customfieldname>Enable Automatic Patch Review</customfieldname>
                        <customfieldvalues>
                            <customfieldvalue>false</customfieldvalue>

                        </customfieldvalues>
                    </customfield>
                                                                                                                                                                                                                                                                                                                                                                                                                                                                                                                                                                                                                    <customfield id="customfield_12310420" key="com.pyxis.greenhopper.jira:gh-global-rank">
                        <customfieldname>Global Rank</customfieldname>
                        <customfieldvalues>
                            <customfieldvalue>9223372036854775807</customfieldvalue>
                        </customfieldvalues>
                    </customfield>
                                                                                                                                                                                                                                                                                                                                                                                                                                                                        <customfield id="customfield_12311820" key="com.pyxis.greenhopper.jira:gh-lexo-rank">
                        <customfieldname>Rank</customfieldname>
                        <customfieldvalues>
                            <customfieldvalue>0|i292qf:</customfieldvalue>

                        </customfieldvalues>
                    </customfield>
                                                                <customfield id="customfield_12310920" key="com.pyxis.greenhopper.jira:gh-global-rank">
                        <customfieldname>Rank (Obsolete)</customfieldname>
                        <customfieldvalues>
                            <customfieldvalue>9223372036854775807</customfieldvalue>
                        </customfieldvalues>
                    </customfield>
                                                                                                                                                                                                                                                                                                                                                                                                                                                                                                                                                                                                                                                                                                                                                                                            </customfields>
    </item>


</channel>
</rss>