<rss version="0.92">
    <channel>
        <title>ASF JIRA</title>
        <link>https://issues.apache.org/jira/issues/?jql=project+%3D+MNG+and+type+%3D+bug+and+%28status+%3D+RESOLVED+or+status+%3D+closed%29</link>
        <description>An XML representation of a search request</description>
                <language>en-uk</language>
                        <issue start="0" end="1000" total="3303" />
                <build-info>
            <version>8.20.7</version>
            <build-number>820007</build-number>
            <build-date>16-03-2022</build-date>
        </build-info>

<item>
            <title>[MNG-5217] UnsupportedClassVersionError when injecting org.sonatype.flexmojos.plugin.lifecyclemapping.SwfLifecycleMapping</title>
                <link>https://issues.apache.org/jira/browse/MNG-5217</link>
                <project id="12316922" key="MNG">Maven</project>
                    <description>&lt;p&gt;Here is the sub-project POM which causes the error (trying to build a swf artifact):&lt;/p&gt;

&lt;p&gt;&amp;lt;?xml version="1.0" encoding="UTF-8"?&amp;gt;&lt;br/&gt;
&amp;lt;project xmlns="http://maven.apache.org/POM/4.0.0" xmlns:xsi="http://www.w3.org/2001/XMLSchema-instance"&lt;br/&gt;
	xsi:schemaLocation="http://maven.apache.org/POM/4.0.0 &lt;a href="http://maven.apache.org/maven-v4_0_0.xsd" class="external-link" target="_blank" rel="nofollow noopener"&gt;http://maven.apache.org/maven-v4_0_0.xsd&lt;/a&gt;"&amp;gt;&lt;br/&gt;
	&amp;lt;modelVersion&amp;gt;4.0.0&amp;lt;/modelVersion&amp;gt;&lt;/p&gt;

&lt;p&gt;	&amp;lt;parent&amp;gt;&lt;br/&gt;
		&amp;lt;groupId&amp;gt;mygroup&amp;lt;/groupId&amp;gt;&lt;br/&gt;
		&amp;lt;artifactId&amp;gt;myartifact&amp;lt;/artifactId&amp;gt;&lt;br/&gt;
		&amp;lt;version&amp;gt;0.1&amp;lt;/version&amp;gt;&lt;br/&gt;
	&amp;lt;/parent&amp;gt;&lt;/p&gt;

&lt;p&gt;	&amp;lt;artifactId&amp;gt;myartifact&amp;lt;/artifactId&amp;gt;&lt;br/&gt;
	&amp;lt;name&amp;gt;myartifact&amp;lt;/name&amp;gt;&lt;br/&gt;
	&amp;lt;packaging&amp;gt;swf&amp;lt;/packaging&amp;gt;&lt;/p&gt;

&lt;p&gt;	&amp;lt;properties&amp;gt;&lt;br/&gt;
		&amp;lt;flex.sdk.version&amp;gt;3.5.a.12683&amp;lt;/flex.sdk.version&amp;gt;&lt;br/&gt;
	&amp;lt;/properties&amp;gt;&lt;br/&gt;
	&amp;lt;build&amp;gt;&lt;br/&gt;
		&amp;lt;finalName&amp;gt;${project.parent.artifactId}&lt;del&gt;${project.version}&lt;/del&gt;${profile.id}&amp;lt;/finalName&amp;gt;&lt;br/&gt;
		&amp;lt;sourceDirectory&amp;gt;${basedir}/src/main/flex&amp;lt;/sourceDirectory&amp;gt;&lt;br/&gt;
		&amp;lt;plugins&amp;gt;&lt;br/&gt;
			&amp;lt;plugin&amp;gt;&lt;br/&gt;
				&amp;lt;groupId&amp;gt;org.sonatype.flexmojos&amp;lt;/groupId&amp;gt;&lt;br/&gt;
				&amp;lt;artifactId&amp;gt;flexmojos-maven-plugin&amp;lt;/artifactId&amp;gt;&lt;br/&gt;
				&amp;lt;version&amp;gt;4.1-beta&amp;lt;/version&amp;gt;&lt;br/&gt;
				&amp;lt;extensions&amp;gt;true&amp;lt;/extensions&amp;gt;&lt;br/&gt;
				&amp;lt;dependencies&amp;gt;&lt;br/&gt;
					&amp;lt;dependency&amp;gt;&lt;br/&gt;
						&amp;lt;!-- Due to some API incompatibilities Flex 3 projects must use a compatibility layer --&amp;gt;&lt;br/&gt;
						&amp;lt;groupId&amp;gt;org.sonatype.flexmojos&amp;lt;/groupId&amp;gt;&lt;br/&gt;
						&amp;lt;artifactId&amp;gt;flexmojos-flex3-compatibility-layer&amp;lt;/artifactId&amp;gt;&lt;br/&gt;
						&amp;lt;version&amp;gt;4.1-beta&amp;lt;/version&amp;gt;&lt;br/&gt;
					&amp;lt;/dependency&amp;gt;&lt;br/&gt;
					&amp;lt;dependency&amp;gt;&lt;br/&gt;
						&amp;lt;groupId&amp;gt;com.adobe.flex&amp;lt;/groupId&amp;gt;&lt;br/&gt;
						&amp;lt;artifactId&amp;gt;compiler&amp;lt;/artifactId&amp;gt;&lt;br/&gt;
						&amp;lt;version&amp;gt;${flex.sdk.version}&amp;lt;/version&amp;gt;&lt;br/&gt;
						&amp;lt;type&amp;gt;pom&amp;lt;/type&amp;gt;&lt;br/&gt;
					&amp;lt;/dependency&amp;gt;&lt;br/&gt;
				&amp;lt;/dependencies&amp;gt;&lt;br/&gt;
				&amp;lt;configuration&amp;gt;&lt;br/&gt;
					&amp;lt;!--&lt;br/&gt;
						set this to true to allow the plugin to find the special Flex Builder/Flash Builder string in the application&lt;br/&gt;
						descriptor which is normally in site the &amp;lt;content&amp;gt; tag. If you set this to false or omit it entirely, the plugin&lt;br/&gt;
						will expect there to be an ${output} token in that tag. Placing that token in the application descriptor will&lt;br/&gt;
						prevent the Export Release Build function in Flex Builder/Flash Builder for working&lt;br/&gt;
					--&amp;gt;&lt;br/&gt;
					&amp;lt;flexBuilderCompatibility&amp;gt;true&amp;lt;/flexBuilderCompatibility&amp;gt;&lt;/p&gt;

&lt;p&gt;					&amp;lt;sourceFile&amp;gt;myartifact.mxml&amp;lt;/sourceFile&amp;gt;&lt;/p&gt;

&lt;p&gt;					&amp;lt;incremental&amp;gt;true&amp;lt;/incremental&amp;gt;&lt;br/&gt;
				&amp;lt;/configuration&amp;gt;&lt;br/&gt;
			&amp;lt;/plugin&amp;gt;&lt;br/&gt;
		&amp;lt;/plugins&amp;gt;&lt;br/&gt;
	&amp;lt;/build&amp;gt;&lt;br/&gt;
	&amp;lt;dependencies&amp;gt;&lt;br/&gt;
		&amp;lt;dependency&amp;gt;&lt;br/&gt;
			&amp;lt;!-- Dependances SDK Flex --&amp;gt;&lt;br/&gt;
			&amp;lt;groupId&amp;gt;com.adobe.flex.framework&amp;lt;/groupId&amp;gt;&lt;br/&gt;
			&amp;lt;artifactId&amp;gt;common-framework&amp;lt;/artifactId&amp;gt;&lt;br/&gt;
			&amp;lt;version&amp;gt;${flex.sdk.version}&amp;lt;/version&amp;gt;&lt;br/&gt;
			&amp;lt;type&amp;gt;pom&amp;lt;/type&amp;gt;&lt;br/&gt;
		&amp;lt;/dependency&amp;gt;&lt;br/&gt;
		&amp;lt;dependency&amp;gt;&lt;br/&gt;
			&amp;lt;groupId&amp;gt;com.adobe.flex.framework&amp;lt;/groupId&amp;gt;&lt;br/&gt;
			&amp;lt;artifactId&amp;gt;playerglobal&amp;lt;/artifactId&amp;gt;&lt;br/&gt;
			&amp;lt;version&amp;gt;${flex.sdk.version}&amp;lt;/version&amp;gt;&lt;br/&gt;
			&amp;lt;classifier&amp;gt;10&amp;lt;/classifier&amp;gt;&lt;br/&gt;
			&amp;lt;type&amp;gt;swc&amp;lt;/type&amp;gt;&lt;br/&gt;
		&amp;lt;/dependency&amp;gt;&lt;br/&gt;
		&amp;lt;dependency&amp;gt;&lt;br/&gt;
			&amp;lt;groupId&amp;gt;org.swizframework&amp;lt;/groupId&amp;gt;&lt;br/&gt;
			&amp;lt;artifactId&amp;gt;swiz&amp;lt;/artifactId&amp;gt;&lt;br/&gt;
			&amp;lt;version&amp;gt;0.6.2&amp;lt;/version&amp;gt;&lt;br/&gt;
			&amp;lt;type&amp;gt;swc&amp;lt;/type&amp;gt;&lt;br/&gt;
		&amp;lt;/dependency&amp;gt;&lt;br/&gt;
		&amp;lt;dependency&amp;gt;&lt;br/&gt;
			&amp;lt;groupId&amp;gt;fr.common.flex&amp;lt;/groupId&amp;gt;&lt;br/&gt;
			&amp;lt;artifactId&amp;gt;greensock&amp;lt;/artifactId&amp;gt;&lt;br/&gt;
			&amp;lt;version&amp;gt;0.1&amp;lt;/version&amp;gt;&lt;br/&gt;
			&amp;lt;type&amp;gt;swc&amp;lt;/type&amp;gt;&lt;br/&gt;
		&amp;lt;/dependency&amp;gt;&lt;br/&gt;
	&amp;lt;/dependencies&amp;gt;&lt;br/&gt;
&amp;lt;/project&amp;gt;&lt;/p&gt;</description>
                <environment>Maven 3.0.3, JDK 1.5, Flexmojos 4.1-beta</environment>
        <key id="12797181">MNG-5217</key>
            <summary>UnsupportedClassVersionError when injecting org.sonatype.flexmojos.plugin.lifecyclemapping.SwfLifecycleMapping</summary>
                <type id="1" iconUrl="https://issues.apache.org/jira/secure/viewavatar?size=xsmall&amp;avatarId=21133&amp;avatarType=issuetype">Bug</type>
                                            <priority id="1" iconUrl="https://issues.apache.org/jira/images/icons/priorities/blocker.svg">Blocker</priority>
                        <status id="6" iconUrl="https://issues.apache.org/jira/images/icons/statuses/closed.png" description="The issue is considered finished, the resolution is correct. Issues which are not closed can be reopened.">Closed</status>
                    <statusCategory id="3" key="done" colorName="green" />
                                    <resolution id="2">Won't Fix</resolution>
                                        <assignee username="olamy">Olivier Lamy</assignee>
                                    <reporter username="pisce">Gabriel Go&#239;c</reporter>
                        <labels>
                    </labels>
                <created>Tue, 13 Dec 2011 11:08:07 +0000</created>
                <updated>Tue, 13 Dec 2011 13:47:06 +0000</updated>
                            <resolved>Tue, 13 Dec 2011 13:47:06 +0000</resolved>
                                    <version>3.0.3</version>
                                                    <component>Plugins and Lifecycle</component>
                        <due />
                            <votes>0</votes>
                                    <watches>1</watches>
                                                                <comments>
                            <comment id="14417471" author="olamy" created="Tue, 13 Dec 2011 13:46:52 +0000">&lt;p&gt;are you sure 1.6 is not required with this mojo ?&lt;br/&gt;
BTW load this issue in bug tracker of the plugin maintainer.&lt;/p&gt;</comment>
                            <comment id="14417484" author="olamy" created="Tue, 13 Dec 2011 13:47:06 +0000">&lt;p&gt;see comment&lt;/p&gt;</comment>
                    </comments>
                    <attachments>
                            <attachment id="12713309" name="maven.log" size="30072" author="pisce" created="Tue, 13 Dec 2011 11:08:09 +0000" />
                    </attachments>
                <subtasks>
                    </subtasks>
                <customfields>
                                                                                                                                                                                                                                                                                                                                                                                                                                                                                                                                                                                                                                                                                                                    <customfield id="customfield_12314020" key="com.atlassian.jira.plugins.jira-development-integration-plugin:devsummary">
                        <customfieldname>Development</customfieldname>
                        <customfieldvalues>
                            
                        </customfieldvalues>
                    </customfield>
                                                                                                                        <customfield id="customfield_12313422" key="com.atlassian.jirafisheyeplugin:jobcheckbox">
                        <customfieldname>Enable Automatic Patch Review</customfieldname>
                        <customfieldvalues>
                            <customfieldvalue>false</customfieldvalue>

                        </customfieldvalues>
                    </customfield>
                                                                                                                                                                                                                                                                                                                                                                                                                                                                                                                                                                                                                    <customfield id="customfield_12310420" key="com.pyxis.greenhopper.jira:gh-global-rank">
                        <customfieldname>Global Rank</customfieldname>
                        <customfieldvalues>
                            <customfieldvalue>9223372036854775807</customfieldvalue>
                        </customfieldvalues>
                    </customfield>
                                                                                                                                                                                                                                                                                                                                                                                                                                                                        <customfield id="customfield_12311820" key="com.pyxis.greenhopper.jira:gh-lexo-rank">
                        <customfieldname>Rank</customfieldname>
                        <customfieldvalues>
                            <customfieldvalue>0|i28vf3:</customfieldvalue>

                        </customfieldvalues>
                    </customfield>
                                                                <customfield id="customfield_12310920" key="com.pyxis.greenhopper.jira:gh-global-rank">
                        <customfieldname>Rank (Obsolete)</customfieldname>
                        <customfieldvalues>
                            <customfieldvalue>9223372036854775807</customfieldvalue>
                        </customfieldvalues>
                    </customfield>
                                                                                                                                                                                                                                                                                                                                                                                                                                                                                                                                                                                                                                                                                                                                                                                            </customfields>
    </item>


</channel>
</rss>