<rss version="0.92">
    <channel>
        <title>ASF JIRA</title>
        <link>https://issues.apache.org/jira/issues/?jql=project+%3D+MNG+and+type+%3D+bug+and+%28status+%3D+RESOLVED+or+status+%3D+closed%29</link>
        <description>An XML representation of a search request</description>
                <language>en-uk</language>
                        <issue start="0" end="1000" total="3303" />
                <build-info>
            <version>8.20.7</version>
            <build-number>820007</build-number>
            <build-date>16-03-2022</build-date>
        </build-info>

<item>
            <title>[MNG-5177] Maven adds tests dependecies into depgraph even when skipping tests</title>
                <link>https://issues.apache.org/jira/browse/MNG-5177</link>
                <project id="12316922" key="MNG">Maven</project>
                    <description>&lt;p&gt;Maven 3.x adds test dependencies into dependency graph even when we use -Dmaven.test.skip=true. This means unnecessary downloading of artifacts and failure of build if the repository with test dependencies is offline. &lt;/p&gt;

&lt;p&gt;I was able to solve this by patching maven in following way:&lt;br/&gt;
 1. add new DependencySelector implementation that looks at environment variables and omits test dependencies when maven.test.skip property is found&lt;br/&gt;
 2. modify maven-compat as well so that old code paths work the same way.&lt;/p&gt;

&lt;p&gt;Maybe a better way to do part 1 would be to modify ScopeDependencySelector, and if that's the preferred way I can rework the patch that way.&lt;/p&gt;

&lt;p&gt;I had several issues with the implementation: &lt;br/&gt;
 1. For some reason I wasn't able to get property definition from MavenSession so I used System.getProperty directly. Any idea what might be the reason?&lt;br/&gt;
 2. Is there perhaps a better way to figure out that tests are being skipped instead of looking for "maven.test.skip" property? &lt;br/&gt;
 3. I had to copy non-test artifacts of dependencies in DefaultArtifactResolver because original implementation didn't provide "remove" method. Not a big deal I guess, but worth a note.&lt;/p&gt;</description>
                <environment />
        <key id="12796499">MNG-5177</key>
            <summary>Maven adds tests dependecies into depgraph even when skipping tests</summary>
                <type id="1" iconUrl="https://issues.apache.org/jira/secure/viewavatar?size=xsmall&amp;avatarId=21133&amp;avatarType=issuetype">Bug</type>
                                            <priority id="4" iconUrl="https://issues.apache.org/jira/images/icons/priorities/minor.svg">Minor</priority>
                        <status id="6" iconUrl="https://issues.apache.org/jira/images/icons/statuses/closed.png" description="The issue is considered finished, the resolution is correct. Issues which are not closed can be reopened.">Closed</status>
                    <statusCategory id="3" key="done" colorName="green" />
                                    <resolution id="2">Won't Fix</resolution>
                                        <assignee username="jdcasey">John Dennis Casey</assignee>
                                    <reporter username="sochotnicky">Stanislav Ochotnicky</reporter>
                        <labels>
                    </labels>
                <created>Tue, 20 Sep 2011 10:11:01 +0000</created>
                <updated>Sun, 5 Apr 2015 14:53:47 +0000</updated>
                            <resolved>Mon, 22 Oct 2012 15:00:18 +0000</resolved>
                                    <version>3.0.3</version>
                                                        <due />
                            <votes>0</votes>
                                    <watches>4</watches>
                                                                <comments>
                            <comment id="14417358" author="sochotnicky" created="Tue, 20 Sep 2011 10:12:08 +0000">&lt;p&gt;Maven patch/hack fixing the problem&lt;/p&gt;</comment>
                            <comment id="14417851" author="jdcasey" created="Mon, 22 Oct 2012 14:56:08 +0000">&lt;p&gt;IMO this is a dangerous thing to add without warning. Any plugin can specify '@RequiresDependencResolution test' and get tripped up with this patch, it's not only those that respond to maven.test.skip. In fact, I can think of use cases off the top of my head (creating a standalone buildable archive of a project using the assembly plugin being one) where test scope is needed, but have nothing at all to do with compiling/executing tests directly.&lt;/p&gt;

&lt;p&gt;If you want to avoid downloading test dependencies, you can move them into a profile that is activated when maven.test.skip == false. This works; I've used the technique.&lt;/p&gt;</comment>
                            <comment id="14417864" author="jdcasey" created="Mon, 22 Oct 2012 15:00:18 +0000">&lt;p&gt;This changes the behavior of core Maven for all plugins that may require test-scoped dependencies. It's a mistake to think only of those that compile or execute tests, or that respond to maven.test.skip. There are less invasive ways to achieve the stated goal with Maven as-is.&lt;/p&gt;</comment>
                            <comment id="14417766" author="rnc" created="Mon, 22 Oct 2012 15:05:26 +0000">&lt;p&gt;This also breaks the scenario when someone uses mvn -Dmaven.test.skip=false (where there is profile activated tests). &lt;/p&gt;</comment>
                            <comment id="14417767" author="sochotnicky" created="Wed, 24 Oct 2012 08:24:22 +0000">&lt;p&gt;Very well, the test deps in special profile is a nice trick, but it only works for project which actively use it. There is no way for me as downstream consuming their builds to prevent this. &lt;/p&gt;

&lt;p&gt;Let's say I have several hundreds of Maven projects. In some cases, when I build them I want to skip tests and ignore test dependencies. How can I do this without actually modifying all those pom.xml files? There is no obvious non-invasive way from my reading of docs/code.  &lt;/p&gt;

&lt;p&gt;re Nick: I didn't care much about maven.test.skip=false since this was supposed to be just POC/Hack. I couldn't figure out a proper way to fix this in first iteration so I was kind of hoping for suggestions. It looks like a good thing that I didn't try to polish this into oblivion when the basic premise looks unacceptable.&lt;/p&gt;</comment>
                    </comments>
                    <attachments>
                            <attachment id="12713260" name="0001-Fix-text-scope-skipping-with-maven.test.skip.patch" size="5814" author="sochotnicky" created="Tue, 20 Sep 2011 10:12:08 +0000" />
                    </attachments>
                <subtasks>
                    </subtasks>
                <customfields>
                                                                                                                                                                                                                                                                                                                                                                                                                                                                                                                                                                                                                                                                                                                    <customfield id="customfield_12314020" key="com.atlassian.jira.plugins.jira-development-integration-plugin:devsummary">
                        <customfieldname>Development</customfieldname>
                        <customfieldvalues>
                            
                        </customfieldvalues>
                    </customfield>
                                                                                                                        <customfield id="customfield_12313422" key="com.atlassian.jirafisheyeplugin:jobcheckbox">
                        <customfieldname>Enable Automatic Patch Review</customfieldname>
                        <customfieldvalues>
                            <customfieldvalue>false</customfieldvalue>

                        </customfieldvalues>
                    </customfield>
                                                                                                                                                                                                                                                                                                                                                        <customfield id="customfield_12310250" key="com.atlassian.jira.plugin.system.customfieldtypes:multicheckboxes">
                        <customfieldname>Flags</customfieldname>
                        <customfieldvalues>
                                <customfieldvalue key="10430">Patch</customfieldvalue>
    
                        </customfieldvalues>
                    </customfield>
                                                                                                                                                                                                                                                                                                <customfield id="customfield_12310420" key="com.pyxis.greenhopper.jira:gh-global-rank">
                        <customfieldname>Global Rank</customfieldname>
                        <customfieldvalues>
                            <customfieldvalue>9223372036854775807</customfieldvalue>
                        </customfieldvalues>
                    </customfield>
                                                                                                                                                                                                                                                                                                                                                                                                                                                                        <customfield id="customfield_12311820" key="com.pyxis.greenhopper.jira:gh-lexo-rank">
                        <customfieldname>Rank</customfieldname>
                        <customfieldvalues>
                            <customfieldvalue>0|i2965r:</customfieldvalue>

                        </customfieldvalues>
                    </customfield>
                                                                <customfield id="customfield_12310920" key="com.pyxis.greenhopper.jira:gh-global-rank">
                        <customfieldname>Rank (Obsolete)</customfieldname>
                        <customfieldvalues>
                            <customfieldvalue>9223372036854775807</customfieldvalue>
                        </customfieldvalues>
                    </customfield>
                                                                                                                                                                                                                                                                                                                                                                                                                                                                                                                                                                                                                                                                                                                                                                                            </customfields>
    </item>


</channel>
</rss>