<rss version="0.92">
    <channel>
        <title>ASF JIRA</title>
        <link>https://issues.apache.org/jira/issues/?jql=project+%3D+MNG+and+type+%3D+bug+and+%28status+%3D+RESOLVED+or+status+%3D+closed%29</link>
        <description>An XML representation of a search request</description>
                <language>en-uk</language>
                        <issue start="0" end="1000" total="3303" />
                <build-info>
            <version>8.20.7</version>
            <build-number>820007</build-number>
            <build-date>16-03-2022</build-date>
        </build-info>

<item>
            <title>[MNG-5837] Syntax error in bin/mvn on Solaris SPARC</title>
                <link>https://issues.apache.org/jira/browse/MNG-5837</link>
                <project id="12316922" key="MNG">Maven</project>
                    <description>&lt;p&gt;When running &lt;tt&gt;mvn&lt;/tt&gt; on Solaris 10 we get the following error:&lt;/p&gt;
&lt;div class="code panel" style="border-width: 1px;"&gt;&lt;div class="codeContent panelContent"&gt;
&lt;pre class="code-none"&gt;/opt/apache-maven-3.3.1/bin/mvn: syntax error at line 200: `(' unexpected&lt;/pre&gt;
&lt;/div&gt;&lt;/div&gt;

&lt;p&gt;Looks like similas issues as in &lt;a href="https://issues.apache.org/jira/browse/MNG-5658" title="Syntax error in bin/mvn on Solaris SPARC" class="issue-link" data-issue-key="MNG-5658"&gt;&lt;del&gt;MNG-5658&lt;/del&gt;&lt;/a&gt;&lt;/p&gt;</description>
                <environment>Solaris 10</environment>
        <key id="12835384">MNG-5837</key>
            <summary>Syntax error in bin/mvn on Solaris SPARC</summary>
                <type id="1" iconUrl="https://issues.apache.org/jira/secure/viewavatar?size=xsmall&amp;avatarId=21133&amp;avatarType=issuetype">Bug</type>
                                            <priority id="3" iconUrl="https://issues.apache.org/jira/images/icons/priorities/major.svg">Major</priority>
                        <status id="6" iconUrl="https://issues.apache.org/jira/images/icons/statuses/closed.png" description="The issue is considered finished, the resolution is correct. Issues which are not closed can be reopened.">Closed</status>
                    <statusCategory id="3" key="done" colorName="green" />
                                    <resolution id="3">Duplicate</resolution>
                                        <assignee username="michael-o">Michael Osipov</assignee>
                                    <reporter username="birerl">Erlend Birkedal</reporter>
                        <labels>
                    </labels>
                <created>Thu, 4 Jun 2015 12:59:07 +0000</created>
                <updated>Wed, 25 Jan 2017 15:52:20 +0000</updated>
                            <resolved>Wed, 25 Jan 2017 15:52:20 +0000</resolved>
                                    <version>3.3.1</version>
                                                    <component>Command Line</component>
                        <due />
                            <votes>0</votes>
                                    <watches>7</watches>
                                                                <comments>
                            <comment id="14576237" author="githubbot" created="Sun, 7 Jun 2015 13:32:30 +0000">&lt;p&gt;GitHub user josephw opened a pull request:&lt;/p&gt;

&lt;p&gt;    &lt;a href="https://github.com/apache/maven/pull/50" class="external-link" target="_blank" rel="nofollow noopener"&gt;https://github.com/apache/maven/pull/50&lt;/a&gt;&lt;/p&gt;

&lt;p&gt;    &lt;a href="https://issues.apache.org/jira/browse/MNG-5837" title="Syntax error in bin/mvn on Solaris SPARC" class="issue-link" data-issue-key="MNG-5837"&gt;&lt;del&gt;MNG-5837&lt;/del&gt;&lt;/a&gt;: Use a subshell, rather than the 'local' keyword, for POSIX compliance&lt;/p&gt;

&lt;p&gt;    'local' is not POSIX, but supported by most shells. However, it's not&lt;br/&gt;
    supported by Solaris's /bin/sh, so use a subshell instead.&lt;/p&gt;

&lt;p&gt;    Tested on OS X by invoking with `/bin/ksh`.&lt;/p&gt;

&lt;p&gt;You can merge this pull request into a Git repository by running:&lt;/p&gt;

&lt;p&gt;    $ git pull &lt;a href="https://github.com/josephw/maven" class="external-link" target="_blank" rel="nofollow noopener"&gt;https://github.com/josephw/maven&lt;/a&gt; &lt;a href="https://issues.apache.org/jira/browse/MNG-5837" title="Syntax error in bin/mvn on Solaris SPARC" class="issue-link" data-issue-key="MNG-5837"&gt;&lt;del&gt;MNG-5837&lt;/del&gt;&lt;/a&gt;-avoid-non-posix-local-keyword&lt;/p&gt;

&lt;p&gt;Alternatively you can review and apply these changes as the patch at:&lt;/p&gt;

&lt;p&gt;    &lt;a href="https://github.com/apache/maven/pull/50.patch" class="external-link" target="_blank" rel="nofollow noopener"&gt;https://github.com/apache/maven/pull/50.patch&lt;/a&gt;&lt;/p&gt;

&lt;p&gt;To close this pull request, make a commit to your master/trunk branch&lt;br/&gt;
with (at least) the following in the commit message:&lt;/p&gt;

&lt;p&gt;    This closes #50&lt;/p&gt;

&lt;hr /&gt;
&lt;p&gt;commit 1efce60e0594f7445f946aeb34f89e36907fdaf1&lt;br/&gt;
Author: Joseph Walton &amp;lt;joe@kafsemo.org&amp;gt;&lt;br/&gt;
Date:   2015-06-07T13:29:39Z&lt;/p&gt;

&lt;p&gt;    &lt;a href="https://issues.apache.org/jira/browse/MNG-5837" title="Syntax error in bin/mvn on Solaris SPARC" class="issue-link" data-issue-key="MNG-5837"&gt;&lt;del&gt;MNG-5837&lt;/del&gt;&lt;/a&gt;: Use a subshell, rather than the 'local' keyword, for POSIX compliance.&lt;/p&gt;

&lt;p&gt;    'local' is not POSIX, but supported by most shells. However, it's not&lt;br/&gt;
    supported by Solaris's /bin/sh, so use a subshell instead.&lt;/p&gt;

&lt;hr /&gt;</comment>
                            <comment id="14577008" author="githubbot" created="Mon, 8 Jun 2015 10:45:07 +0000">&lt;p&gt;Github user birkedal commented on the pull request:&lt;/p&gt;

&lt;p&gt;    &lt;a href="https://github.com/apache/maven/pull/50#issuecomment-109946813" class="external-link" target="_blank" rel="nofollow noopener"&gt;https://github.com/apache/maven/pull/50#issuecomment-109946813&lt;/a&gt;&lt;/p&gt;

&lt;p&gt;    Looks like there are still problems on Solaris after applying the patch. It seams like it's the `$()` that is problematic. See this comment on &lt;a href="https://issues.apache.org/jira/browse/MNG-5658" title="Syntax error in bin/mvn on Solaris SPARC" class="issue-link" data-issue-key="MNG-5658"&gt;&lt;del&gt;MNG-5658&lt;/del&gt;&lt;/a&gt;(&lt;a href="https://issues.apache.org/jira/browse/MNG-5658):" class="external-link" rel="nofollow"&gt;https://issues.apache.org/jira/browse/MNG-5658):&lt;/a&gt; &lt;a href="https://issues.apache.org/jira/browse/MNG-5658?focusedCommentId=14420034&amp;amp;page=com.atlassian.jira.plugin.system.issuetabpanels:comment-tabpanel#comment-14420034" class="external-link" rel="nofollow"&gt;https://issues.apache.org/jira/browse/MNG-5658?focusedCommentId=14420034&amp;amp;page=com.atlassian.jira.plugin.system.issuetabpanels:comment-tabpanel#comment-14420034&lt;/a&gt;&lt;/p&gt;</comment>
                            <comment id="14577282" author="githubbot" created="Mon, 8 Jun 2015 14:49:28 +0000">&lt;p&gt;Github user josephw commented on the pull request:&lt;/p&gt;

&lt;p&gt;    &lt;a href="https://github.com/apache/maven/pull/50#issuecomment-110022166" class="external-link" target="_blank" rel="nofollow noopener"&gt;https://github.com/apache/maven/pull/50#issuecomment-110022166&lt;/a&gt;&lt;/p&gt;

&lt;p&gt;    I've pushed a further change to switch $(..) to backticks. However, perhaps &lt;span class="error"&gt;&amp;#91;this idiom&amp;#93;&lt;/span&gt;(&lt;a href="https://bugs.freedesktop.org/show_bug.cgi?id=5278" class="external-link" target="_blank" rel="nofollow noopener"&gt;https://bugs.freedesktop.org/show_bug.cgi?id=5278&lt;/a&gt;) would be a better way to ensure a POSIX shell on Solaris:&lt;/p&gt;

&lt;ol&gt;
	&lt;li&gt;Do the Solaris Dance:&lt;br/&gt;
        if [ ! -d ~root ]  ; then&lt;br/&gt;
            exec /usr/xpg4/bin/sh $0 "$@" &lt;/li&gt;
&lt;/ol&gt;

</comment>
                            <comment id="14733698" author="githubbot" created="Mon, 7 Sep 2015 13:25:23 +0000">&lt;p&gt;Github user josephw commented on the pull request:&lt;/p&gt;

&lt;p&gt;    &lt;a href="https://github.com/apache/maven/pull/50#issuecomment-138297741" class="external-link" target="_blank" rel="nofollow noopener"&gt;https://github.com/apache/maven/pull/50#issuecomment-138297741&lt;/a&gt;&lt;/p&gt;

&lt;p&gt;    @birkedal, does this change look okay after the switch to backticks? Or, if you're a Solaris user, does that other idiom seem better?&lt;/p&gt;</comment>
                            <comment id="14734376" author="githubbot" created="Tue, 8 Sep 2015 07:43:34 +0000">&lt;p&gt;Github user birkedal commented on the pull request:&lt;/p&gt;

&lt;p&gt;    &lt;a href="https://github.com/apache/maven/pull/50#issuecomment-138463968" class="external-link" target="_blank" rel="nofollow noopener"&gt;https://github.com/apache/maven/pull/50#issuecomment-138463968&lt;/a&gt;&lt;/p&gt;

&lt;p&gt;    It works just fine after the switch to backticks :+1: &lt;br/&gt;
    I have no opinion on whether that other idiom is better or not.&lt;/p&gt;

&lt;p&gt;    One more little detail; if JAVA_HOME is not set I get `mvn: !: not found` from the exclamation mark in the test on line 175. I would guess the same applies for lines 144 and 147 as well.&lt;/p&gt;</comment>
                            <comment id="15063189" author="schulte77" created="Fri, 18 Dec 2015 00:45:15 +0000">&lt;p&gt;Do you have a final patch available working on Solaris?&lt;/p&gt;</comment>
                            <comment id="15063199" author="githubbot" created="Fri, 18 Dec 2015 00:55:26 +0000">&lt;p&gt;Github user ChristianSchulte commented on the pull request:&lt;/p&gt;

&lt;p&gt;    &lt;a href="https://github.com/apache/maven/pull/50#issuecomment-165627334" class="external-link" target="_blank" rel="nofollow noopener"&gt;https://github.com/apache/maven/pull/50#issuecomment-165627334&lt;/a&gt;&lt;/p&gt;

&lt;p&gt;    Can you please 'rebase' the commit onto 'origin/master' so that I can merge it without conflicts?&lt;/p&gt;</comment>
                            <comment id="15063888" author="birerl" created="Fri, 18 Dec 2015 12:11:48 +0000">&lt;p&gt;After upgrading to Maven 3.3.3 and still finding this broken on Solaris (and this ticket unresolved as well), I gave up and just replaced &lt;tt&gt;#&amp;#33;/bin/sh&lt;/tt&gt; with &lt;tt&gt;#&amp;#33;/bin/bash/&lt;/tt&gt; in &lt;tt&gt;bin/mvn&lt;/tt&gt;...&lt;/p&gt;</comment>
                            <comment id="15064645" author="githubbot" created="Fri, 18 Dec 2015 19:53:57 +0000">&lt;p&gt;Github user asfgit closed the pull request at:&lt;/p&gt;

&lt;p&gt;    &lt;a href="https://github.com/apache/maven/pull/50" class="external-link" target="_blank" rel="nofollow noopener"&gt;https://github.com/apache/maven/pull/50&lt;/a&gt;&lt;/p&gt;</comment>
                            <comment id="15064674" author="hudson" created="Fri, 18 Dec 2015 20:07:48 +0000">&lt;p&gt;SUCCESS: Integrated in maven-3.x #1175 (See &lt;a href="https://builds.apache.org/job/maven-3.x/1175/" class="external-link" target="_blank" rel="nofollow noopener"&gt;https://builds.apache.org/job/maven-3.x/1175/&lt;/a&gt;)&lt;br/&gt;
&lt;a href="https://issues.apache.org/jira/browse/MNG-5837" title="Syntax error in bin/mvn on Solaris SPARC" class="issue-link" data-issue-key="MNG-5837"&gt;&lt;del&gt;MNG-5837&lt;/del&gt;&lt;/a&gt; "mvn" script invokes /bin/sh but requires /bin/bash functions (schulte: rev d980040ffd4e4ad9343171140270c1725c19a6fe)&lt;/p&gt;
&lt;ul&gt;
	&lt;li&gt;apache-maven/src/bin/mvnyjp&lt;/li&gt;
	&lt;li&gt;apache-maven/src/bin/mvn&lt;/li&gt;
	&lt;li&gt;apache-maven/src/bin/mvnDebug&lt;/li&gt;
&lt;/ul&gt;
</comment>
                            <comment id="15811234" author="stephenc" created="Mon, 9 Jan 2017 09:55:50 +0000">&lt;p&gt;Maven 3.4.0 has been dropped. See &lt;a href="https://mail-archives.apache.org/mod_mbox/maven-dev/201701.mbox/%3CCA%2BnPnMx-e7kGYy3Hp87v8hLGdhp1q%3DtKLx_6QuZ4kGUqHEBGcw%40mail.gmail.com%3E" class="external-link" target="_blank" rel="nofollow noopener"&gt;this thread&lt;/a&gt; for more details.&lt;/p&gt;

&lt;p&gt;This issue will need to be re-scheduled for a Maven release in the (hopefully near) future.&lt;/p&gt;</comment>
                            <comment id="15833719" author="michael-o" created="Sun, 22 Jan 2017 22:09:06 +0000">&lt;p&gt;This is a regression introduced in newer script changed. Solaris' &lt;tt&gt;sh&lt;/tt&gt; is notoriously not POSIX-compliant.&lt;/p&gt;</comment>
                            <comment id="15837952" author="michael-o" created="Wed, 25 Jan 2017 15:52:20 +0000">&lt;p&gt;This issue has been superseded with two other distinct issues. Moreover, one specific error was reported but others where fixed too without documenting them as bug. This will be handled through the linked issues.&lt;/p&gt;</comment>
                    </comments>
                <issuelinks>
                            <issuelinktype id="10030">
                    <name>Reference</name>
                                                                <inwardlinks description="is related to">
                                        <issuelink>
            <issuekey id="12796344">MNG-5658</issuekey>
        </issuelink>
                            </inwardlinks>
                                    </issuelinktype>
                            <issuelinktype id="12310051">
                    <name>Supercedes</name>
                                                                <inwardlinks description="is superceded by">
                                        <issuelink>
            <issuekey id="12842953">MNG-5852</issuekey>
        </issuelink>
            <issuelink>
            <issuekey id="12832232">MNG-5829</issuekey>
        </issuelink>
                            </inwardlinks>
                                    </issuelinktype>
                    </issuelinks>
                <attachments>
                    </attachments>
                <subtasks>
                    </subtasks>
                <customfields>
                                                                                                                                                                                                                                                                                                                                                                                                                                                                                                                                                                                                                                                                                                                    <customfield id="customfield_12314020" key="com.atlassian.jira.plugins.jira-development-integration-plugin:devsummary">
                        <customfieldname>Development</customfieldname>
                        <customfieldvalues>
                            
                        </customfieldvalues>
                    </customfield>
                                                                                                                        <customfield id="customfield_12313422" key="com.atlassian.jirafisheyeplugin:jobcheckbox">
                        <customfieldname>Enable Automatic Patch Review</customfieldname>
                        <customfieldvalues>
                            <customfieldvalue>false</customfieldvalue>

                        </customfieldvalues>
                    </customfield>
                                                                                                                                                                                                                                                                                                                                                                                                                                                                                                                                                                                                                    <customfield id="customfield_12310420" key="com.pyxis.greenhopper.jira:gh-global-rank">
                        <customfieldname>Global Rank</customfieldname>
                        <customfieldvalues>
                            <customfieldvalue>9223372036854775807</customfieldvalue>
                        </customfieldvalues>
                    </customfield>
                                                                                                                                                                                                                                                                                                                                                                                                                                                                        <customfield id="customfield_12311820" key="com.pyxis.greenhopper.jira:gh-lexo-rank">
                        <customfieldname>Rank</customfieldname>
                        <customfieldvalues>
                            <customfieldvalue>0|i2fmqf:</customfieldvalue>

                        </customfieldvalues>
                    </customfield>
                                                                <customfield id="customfield_12310920" key="com.pyxis.greenhopper.jira:gh-global-rank">
                        <customfieldname>Rank (Obsolete)</customfieldname>
                        <customfieldvalues>
                            <customfieldvalue>9223372036854775807</customfieldvalue>
                        </customfieldvalues>
                    </customfield>
                                                                                                                                                                                                                                                                                                                                                                                                                                                                                                                                                                                                                                                                                                                                                                                            </customfields>
    </item>


</channel>
</rss>