<rss version="0.92">
    <channel>
        <title>ASF JIRA</title>
        <link>https://issues.apache.org/jira/issues/?jql=project+%3D+MNG+and+type+%3D+bug+and+%28status+%3D+RESOLVED+or+status+%3D+closed%29</link>
        <description>An XML representation of a search request</description>
                <language>en-uk</language>
                        <issue start="0" end="1000" total="3303" />
                <build-info>
            <version>8.20.7</version>
            <build-number>820007</build-number>
            <build-date>16-03-2022</build-date>
        </build-info>

<item>
            <title>[MNG-5874] broken build when using com.github.eirslett and mvn 3.3.x</title>
                <link>https://issues.apache.org/jira/browse/MNG-5874</link>
                <project id="12316922" key="MNG">Maven</project>
                    <description>&lt;p&gt;i tried several maven versions to compile our project, but it seems broken as from maven 3.3.1. I also tested 3.3.3 and it didn't work either. &lt;br/&gt;
All versions 3.2.x compile fine. So, this seems regression and prohibits us from upgrading our maven version. Maven compile log + pom excerpt attached for clarification.&lt;/p&gt;</description>
                <environment />
        <key id="12857154">MNG-5874</key>
            <summary>broken build when using com.github.eirslett and mvn 3.3.x</summary>
                <type id="1" iconUrl="https://issues.apache.org/jira/secure/viewavatar?size=xsmall&amp;avatarId=21133&amp;avatarType=issuetype">Bug</type>
                                            <priority id="3" iconUrl="https://issues.apache.org/jira/images/icons/priorities/major.svg">Major</priority>
                        <status id="6" iconUrl="https://issues.apache.org/jira/images/icons/statuses/closed.png" description="The issue is considered finished, the resolution is correct. Issues which are not closed can be reopened.">Closed</status>
                    <statusCategory id="3" key="done" colorName="green" />
                                    <resolution id="8">Not A Problem</resolution>
                                        <assignee username="-1">Unassigned</assignee>
                                    <reporter username="bnlootens">benny lootens</reporter>
                        <labels>
                    </labels>
                <created>Wed, 19 Aug 2015 09:18:40 +0000</created>
                <updated>Fri, 6 Nov 2015 20:37:51 +0000</updated>
                            <resolved>Fri, 6 Nov 2015 15:12:55 +0000</resolved>
                                    <version>3.3.1</version>
                    <version>3.3.3</version>
                                                    <component>Bootstrap &amp;amp; Build</component>
                        <due />
                            <votes>1</votes>
                                    <watches>4</watches>
                                                                <comments>
                            <comment id="14702872" author="khmarbaise" created="Wed, 19 Aug 2015 11:28:06 +0000">&lt;p&gt;Hi, have you checked the current version of frontend-maven-plugin (0.0.24) cause the 0.0.16 is a year old...&lt;/p&gt;</comment>
                            <comment id="14993614" author="niels.doucet" created="Fri, 6 Nov 2015 12:55:27 +0000">&lt;p&gt;We checked with version 0.0.24 and that indeed seems to have fixed the problem.&lt;br/&gt;
This issue can be closed.&lt;/p&gt;</comment>
                            <comment id="14994393" author="khmarbaise" created="Fri, 6 Nov 2015 20:37:51 +0000">&lt;p&gt;Thanks for the feedback.&lt;/p&gt;</comment>
                    </comments>
                    <attachments>
                            <attachment id="12751245" name="logfile.txt" size="17873" author="bnlootens" created="Wed, 19 Aug 2015 09:19:08 +0000" />
                            <attachment id="12751246" name="pom-excerpt.txt" size="2277" author="bnlootens" created="Wed, 19 Aug 2015 09:19:08 +0000" />
                    </attachments>
                <subtasks>
                    </subtasks>
                <customfields>
                                                                                                                                                                                                                                                                                                                                                                                                                                                                                                                                                                                                                                                                                                                    <customfield id="customfield_12314020" key="com.atlassian.jira.plugins.jira-development-integration-plugin:devsummary">
                        <customfieldname>Development</customfieldname>
                        <customfieldvalues>
                            
                        </customfieldvalues>
                    </customfield>
                                                                                                                        <customfield id="customfield_12313422" key="com.atlassian.jirafisheyeplugin:jobcheckbox">
                        <customfieldname>Enable Automatic Patch Review</customfieldname>
                        <customfieldvalues>
                            <customfieldvalue>false</customfieldvalue>

                        </customfieldvalues>
                    </customfield>
                                                                                                                                                                                                                                                                                                                                                                                                                                                                                                                                                                                                                    <customfield id="customfield_12310420" key="com.pyxis.greenhopper.jira:gh-global-rank">
                        <customfieldname>Global Rank</customfieldname>
                        <customfieldvalues>
                            <customfieldvalue>9223372036854775807</customfieldvalue>
                        </customfieldvalues>
                    </customfield>
                                                                                                                                                                                                                                                                                                                                                                                                                                                                        <customfield id="customfield_12311820" key="com.pyxis.greenhopper.jira:gh-lexo-rank">
                        <customfieldname>Rank</customfieldname>
                        <customfieldvalues>
                            <customfieldvalue>0|i2j3e7:</customfieldvalue>

                        </customfieldvalues>
                    </customfield>
                                                                <customfield id="customfield_12310920" key="com.pyxis.greenhopper.jira:gh-global-rank">
                        <customfieldname>Rank (Obsolete)</customfieldname>
                        <customfieldvalues>
                            <customfieldvalue>9223372036854775807</customfieldvalue>
                        </customfieldvalues>
                    </customfield>
                                                                                                                                                                                                                                                                                                                                                                                                                                                                                                                                                                                                                                                                                                                                                                                            </customfields>
    </item>


</channel>
</rss>