<rss version="0.92">
    <channel>
        <title>ASF JIRA</title>
        <link>https://issues.apache.org/jira/issues/?jql=project+%3D+MNG+and+type+%3D+bug+and+%28status+%3D+RESOLVED+or+status+%3D+closed%29</link>
        <description>An XML representation of a search request</description>
                <language>en-uk</language>
                        <issue start="0" end="1000" total="3303" />
                <build-info>
            <version>8.20.7</version>
            <build-number>820007</build-number>
            <build-date>16-03-2022</build-date>
        </build-info>

<item>
            <title>[MNG-5122] MavenCli com.google.inject.internal.util.ComputationException: java.lang.NoClassDefFoundError: org/apache/maven/plugin/descriptor/MojoDescriptor</title>
                <link>https://issues.apache.org/jira/browse/MNG-5122</link>
                <project id="12316922" key="MNG">Maven</project>
                    <description>&lt;p&gt;I want to use MavenCli in order to use Maven programatically within an installer (IzPack).&lt;/p&gt;

&lt;p&gt;pom.xml (see attachment).&lt;/p&gt;

&lt;p&gt;    I'm using&lt;/p&gt;

&lt;p&gt;    &amp;lt;dependency&amp;gt;&lt;br/&gt;
    &amp;lt;groupId&amp;gt;org.apache.maven&amp;lt;/groupId&amp;gt;&lt;br/&gt;
    &amp;lt;artifactId&amp;gt;maven-embedder&amp;lt;/artifactId&amp;gt;&lt;br/&gt;
    &amp;lt;version&amp;gt;3.0-beta-3&amp;lt;/version&amp;gt;&lt;br/&gt;
    &amp;lt;/dependency&amp;gt;&lt;/p&gt;

&lt;p&gt;Note that all dependencies are unzipped and part of the final installer jar (target/product-installer.jar). The components.xml contains all available components.xml files (merged by plexus-component-metadata plugin).&lt;/p&gt;

&lt;p&gt;how to build: mvn -X clean install &amp;gt; build.log&lt;/p&gt;

&lt;p&gt;At runtime (java -Xdebug -Xrunjdwp:transport=dt_socket,server=y,address="8000" -jar target/wigeoweb-installer.jar) following code is executed:&lt;/p&gt;

&lt;p&gt;MavenCli cli = new MavenCli();&lt;br/&gt;
int result = cli.doMain(new String[]&lt;/p&gt;
{"compile -X"}
&lt;p&gt;,&lt;br/&gt;
"C:/Develop/Experiments/webservercontext-maven-plugin", //Own plugin&lt;br/&gt;
System.out, System.out);&lt;br/&gt;
System.out.println("result: " + result);&lt;/p&gt;

&lt;p&gt;It terminates with exception while initializing plexus container (there's the place where the debugger exits):&lt;/p&gt;

&lt;p&gt;Exception:&lt;/p&gt;

&lt;p&gt;Listening for transport dt_socket at address: 8000&lt;br/&gt;
&lt;span class="error"&gt;&amp;#91;ERROR&amp;#93;&lt;/span&gt; Error executing Maven.&lt;br/&gt;
&lt;span class="error"&gt;&amp;#91;ERROR&amp;#93;&lt;/span&gt; com.google.inject.internal.util.ComputationException: java.lang.NoClassDefFoundError: org/apache/maven/plugin/descriptor/MojoDescriptor&lt;br/&gt;
&lt;span class="error"&gt;&amp;#91;ERROR&amp;#93;&lt;/span&gt; Caused by: java.lang.NoClassDefFoundError: org/apache/maven/plugin/descriptor/MojoDescriptor&lt;br/&gt;
&lt;span class="error"&gt;&amp;#91;ERROR&amp;#93;&lt;/span&gt; Caused by: org/apache/maven/plugin/descriptor/MojoDescriptor&lt;br/&gt;
&lt;span class="error"&gt;&amp;#91;ERROR&amp;#93;&lt;/span&gt; Caused by: org.apache.maven.plugin.descriptor.MojoDescriptor&lt;/p&gt;

&lt;p&gt;Source Code:&lt;/p&gt;

&lt;p&gt;private void container( CliRequest cliRequest )&lt;br/&gt;
throws Exception&lt;/p&gt;
{
if ( cliRequest.classWorld == null )
{ cliRequest.classWorld = new ClassWorld( "plexus.core", Thread.currentThread().getContextClassLoader() ); }

&lt;p&gt;DefaultPlexusContainer container = this.container;&lt;/p&gt;

&lt;p&gt;if ( container == null )&lt;/p&gt;
{
ContainerConfiguration cc = new DefaultContainerConfiguration()
.setClassWorld( cliRequest.classWorld )
.setName( "maven" );

*container = new DefaultPlexusContainer( cc ); //&amp;lt;&amp;lt;&amp;lt;&amp;lt;&amp;lt;&amp;lt;&amp;lt;&amp;lt;&amp;lt;&amp;lt;&amp;lt;&amp;lt;&amp;lt;&amp;lt;&amp;lt;&amp;lt;&amp;lt;&amp;lt;&amp;lt;&amp;lt;&amp;lt;&amp;lt; EXCEPTION THROWN*

container.setLoggerManager( new MavenLoggerManager( logger ) );

container.getLoggerManager().setThresholds( cliRequest.request.getLoggingLevel() );

customizeContainer( container );

if ( cliRequest.classWorld == classWorld )
{ this.container = container; }

&lt;p&gt;}&lt;/p&gt;

&lt;p&gt;maven = container.lookup( Maven.class );&lt;/p&gt;

&lt;p&gt;executionRequestPopulator = container.lookup( MavenExecutionRequestPopulator.class );&lt;/p&gt;

&lt;p&gt;modelProcessor = createModelProcessor( container );&lt;/p&gt;

&lt;p&gt;settingsBuilder = container.lookup( SettingsBuilder.class );&lt;/p&gt;

&lt;p&gt;dispatcher = (DefaultSecDispatcher) container.lookup( SecDispatcher.class, "maven" );&lt;br/&gt;
}&lt;/p&gt;

&lt;p&gt;thank you&lt;br/&gt;
K. Golbang&lt;/p&gt;</description>
                <environment>Apache Maven 2.2.1 (r801777; 2009-08-06 21:16:01+0200)&lt;br/&gt;
Java version: 1.6.0_16&lt;br/&gt;
Java home: C:\Programme\Java\jdk1.6.0_16\jre&lt;br/&gt;
Default locale: de_DE, platform encoding: Cp1252&lt;br/&gt;
OS name: &amp;quot;windows 7&amp;quot; version: &amp;quot;6.1&amp;quot; arch: &amp;quot;x86&amp;quot; Family: &amp;quot;windows&amp;quot;</environment>
        <key id="12797522">MNG-5122</key>
            <summary>MavenCli com.google.inject.internal.util.ComputationException: java.lang.NoClassDefFoundError: org/apache/maven/plugin/descriptor/MojoDescriptor</summary>
                <type id="1" iconUrl="https://issues.apache.org/jira/secure/viewavatar?size=xsmall&amp;avatarId=21133&amp;avatarType=issuetype">Bug</type>
                                            <priority id="3" iconUrl="https://issues.apache.org/jira/images/icons/priorities/major.svg">Major</priority>
                        <status id="6" iconUrl="https://issues.apache.org/jira/images/icons/statuses/closed.png" description="The issue is considered finished, the resolution is correct. Issues which are not closed can be reopened.">Closed</status>
                    <statusCategory id="3" key="done" colorName="green" />
                                    <resolution id="5">Cannot Reproduce</resolution>
                                        <assignee username="-1">Unassigned</assignee>
                                    <reporter username="kati">KG</reporter>
                        <labels>
                    </labels>
                <created>Wed, 22 Jun 2011 11:09:32 +0000</created>
                <updated>Tue, 13 Nov 2012 17:55:05 +0000</updated>
                            <resolved>Tue, 13 Nov 2012 17:55:05 +0000</resolved>
                                    <version>3.0.3</version>
                                                    <component>Class Loading</component>
                    <component>Embedding</component>
                        <due />
                            <votes>0</votes>
                                    <watches>2</watches>
                                                                        <attachments>
                            <attachment id="12713157" name="build.log" size="3230294" author="golbie" created="Wed, 22 Jun 2011 11:09:33 +0000" />
                            <attachment id="12713259" name="components.xml" size="143541" author="golbie" created="Wed, 22 Jun 2011 11:09:33 +0000" />
                            <attachment id="12713265" name="pom.xml" size="10216" author="golbie" created="Wed, 22 Jun 2011 11:09:33 +0000" />
                    </attachments>
                <subtasks>
                    </subtasks>
                <customfields>
                                                                                                                                                                                                                                                                                                                                                                                                                                                                                                                                                                                                                                                                                                                    <customfield id="customfield_12314020" key="com.atlassian.jira.plugins.jira-development-integration-plugin:devsummary">
                        <customfieldname>Development</customfieldname>
                        <customfieldvalues>
                            
                        </customfieldvalues>
                    </customfield>
                                                                                                                        <customfield id="customfield_12313422" key="com.atlassian.jirafisheyeplugin:jobcheckbox">
                        <customfieldname>Enable Automatic Patch Review</customfieldname>
                        <customfieldvalues>
                            <customfieldvalue>false</customfieldvalue>

                        </customfieldvalues>
                    </customfield>
                                                                                                                                                                                                                                                                                                                                                                                                                                                                                                                                                                                                                    <customfield id="customfield_12310420" key="com.pyxis.greenhopper.jira:gh-global-rank">
                        <customfieldname>Global Rank</customfieldname>
                        <customfieldvalues>
                            <customfieldvalue>9223372036854775807</customfieldvalue>
                        </customfieldvalues>
                    </customfield>
                                                                                                                                                                                                                                                                                                                                                                                                                                                                        <customfield id="customfield_12311820" key="com.pyxis.greenhopper.jira:gh-lexo-rank">
                        <customfieldname>Rank</customfieldname>
                        <customfieldvalues>
                            <customfieldvalue>0|i28lg7:</customfieldvalue>

                        </customfieldvalues>
                    </customfield>
                                                                <customfield id="customfield_12310920" key="com.pyxis.greenhopper.jira:gh-global-rank">
                        <customfieldname>Rank (Obsolete)</customfieldname>
                        <customfieldvalues>
                            <customfieldvalue>9223372036854775807</customfieldvalue>
                        </customfieldvalues>
                    </customfield>
                                                                                                                                                                                                                                                                                                                                                                                                                                                                                                                                                                                                                                                                                                                                                                                            </customfields>
    </item>


</channel>
</rss>