<rss version="0.92">
    <channel>
        <title>ASF JIRA</title>
        <link>https://issues.apache.org/jira/issues/?jql=project+%3D+MNG+and+type+%3D+bug+and+%28status+%3D+RESOLVED+or+status+%3D+closed%29</link>
        <description>An XML representation of a search request</description>
                <language>en-uk</language>
                        <issue start="0" end="1000" total="3303" />
                <build-info>
            <version>8.20.7</version>
            <build-number>820007</build-number>
            <build-date>16-03-2022</build-date>
        </build-info>

<item>
            <title>[MNG-5499] maven-aether-provider leaks Sisu Plexus and ObjectWeb classes onto the classpath when they are not required </title>
                <link>https://issues.apache.org/jira/browse/MNG-5499</link>
                <project id="12316922" key="MNG">Maven</project>
                    <description>&lt;p&gt;&lt;a href="https://bugs.eclipse.org/bugs/show_bug.cgi?id=413838" class="external-link" target="_blank" rel="nofollow noopener"&gt;https://bugs.eclipse.org/bugs/show_bug.cgi?id=413838&lt;/a&gt;&lt;br/&gt;
&lt;a href="https://issues.jboss.org/browse/FORGE-1047" class="external-link" target="_blank" rel="nofollow noopener"&gt;https://issues.jboss.org/browse/FORGE-1047&lt;/a&gt;&lt;/p&gt;

&lt;p&gt;This dependency is not used and should be removed as it includes many classes that conflict with commonly used libraries:&lt;/p&gt;

 &lt;div class="code panel" style="border-width: 1px;"&gt;&lt;div class="codeContent panelContent"&gt;
&lt;pre class="code-java"&gt;     &amp;lt;dependency&amp;gt;
         &amp;lt;groupId&amp;gt;org.apache.maven&amp;lt;/groupId&amp;gt;
         &amp;lt;artifactId&amp;gt;maven-aether-provider&amp;lt;/artifactId&amp;gt;
         &amp;lt;version&amp;gt;${maven.version}&amp;lt;/version&amp;gt;
         &amp;lt;exclusions&amp;gt;
            &amp;lt;exclusion&amp;gt;
               &amp;lt;groupId&amp;gt;org.eclipse.sisu&amp;lt;/groupId&amp;gt;
               &amp;lt;artifactId&amp;gt;org.eclipse.sisu.plexus&amp;lt;/artifactId&amp;gt;
            &amp;lt;/exclusion&amp;gt;
         &amp;lt;/exclusions&amp;gt;
      &amp;lt;/dependency&amp;gt;&lt;/pre&gt;
&lt;/div&gt;&lt;/div&gt;</description>
                <environment />
        <key id="12797545">MNG-5499</key>
            <summary>maven-aether-provider leaks Sisu Plexus and ObjectWeb classes onto the classpath when they are not required </summary>
                <type id="1" iconUrl="https://issues.apache.org/jira/secure/viewavatar?size=xsmall&amp;avatarId=21133&amp;avatarType=issuetype">Bug</type>
                                            <priority id="3" iconUrl="https://issues.apache.org/jira/images/icons/priorities/major.svg">Major</priority>
                        <status id="6" iconUrl="https://issues.apache.org/jira/images/icons/statuses/closed.png" description="The issue is considered finished, the resolution is correct. Issues which are not closed can be reopened.">Closed</status>
                    <statusCategory id="3" key="done" colorName="green" />
                                    <resolution id="1">Fixed</resolution>
                                        <assignee username="jvanzyl">Jason van Zyl</assignee>
                                    <reporter username="lincolnbaxter">(d) Lincoln Baxter III</reporter>
                        <labels>
                    </labels>
                <created>Fri, 26 Jul 2013 14:21:46 +0000</created>
                <updated>Fri, 24 Sep 2021 08:55:03 +0000</updated>
                            <resolved>Fri, 26 Jul 2013 20:10:55 +0000</resolved>
                                    <version>3.1.0</version>
                                    <fixVersion>3.1.1</fixVersion>
                                    <component>Bootstrap &amp;amp; Build</component>
                    <component>Embedding</component>
                        <due />
                            <votes>0</votes>
                                    <watches>4</watches>
                                                                <comments>
                            <comment id="14418239" author="jvanzyl" created="Fri, 26 Jul 2013 20:10:31 +0000">&lt;p&gt;The artifact is required for testing, but you are right in that it shouldn't be leaking out. I've changed the scope of the dependency to test which should resolve your issue with the 3.1.1 release. Thanks.&lt;/p&gt;</comment>
                            <comment id="14418204" author="hboutemy" created="Sat, 27 Jul 2013 06:28:56 +0000">&lt;p&gt;fixed in &lt;a href="http://git-wip-us.apache.org/repos/asf/maven/commit/e084ff3b" class="external-link" target="_blank" rel="nofollow noopener"&gt;e084ff3b&lt;/a&gt;&lt;/p&gt;</comment>
                    </comments>
                <issuelinks>
                            <issuelinktype id="10030">
                    <name>Reference</name>
                                            <outwardlinks description="relates to">
                                        <issuelink>
            <issuekey id="13403078">MPMD-326</issuekey>
        </issuelink>
                            </outwardlinks>
                                                                <inwardlinks description="is related to">
                                        <issuelink>
            <issuekey id="13320649">MSHARED-944</issuekey>
        </issuelink>
                            </inwardlinks>
                                    </issuelinktype>
                    </issuelinks>
                <attachments>
                    </attachments>
                <subtasks>
                    </subtasks>
                <customfields>
                                                                                                                                                                                                                                                                                                                                                                                                                                                                                                                                                                                                                                                                                                                    <customfield id="customfield_12314020" key="com.atlassian.jira.plugins.jira-development-integration-plugin:devsummary">
                        <customfieldname>Development</customfieldname>
                        <customfieldvalues>
                            
                        </customfieldvalues>
                    </customfield>
                                                                                                                        <customfield id="customfield_12313422" key="com.atlassian.jirafisheyeplugin:jobcheckbox">
                        <customfieldname>Enable Automatic Patch Review</customfieldname>
                        <customfieldvalues>
                            <customfieldvalue>false</customfieldvalue>

                        </customfieldvalues>
                    </customfield>
                                                                                                                                                                                                                                                                                                                                                                                                                                                                                                                                                                                                                    <customfield id="customfield_12310420" key="com.pyxis.greenhopper.jira:gh-global-rank">
                        <customfieldname>Global Rank</customfieldname>
                        <customfieldvalues>
                            <customfieldvalue>9223372036854775807</customfieldvalue>
                        </customfieldvalues>
                    </customfield>
                                                                                                                                                                                                                                                                                                                                                                                                                                                                        <customfield id="customfield_12311820" key="com.pyxis.greenhopper.jira:gh-lexo-rank">
                        <customfieldname>Rank</customfieldname>
                        <customfieldvalues>
                            <customfieldvalue>0|i295tr:</customfieldvalue>

                        </customfieldvalues>
                    </customfield>
                                                                <customfield id="customfield_12310920" key="com.pyxis.greenhopper.jira:gh-global-rank">
                        <customfieldname>Rank (Obsolete)</customfieldname>
                        <customfieldvalues>
                            <customfieldvalue>9223372036854775807</customfieldvalue>
                        </customfieldvalues>
                    </customfield>
                                                                                                                                                                                                                                                                                                                                                                                                                                                                                                                                                                                                                                                                                                                                                                                            </customfields>
    </item>


</channel>
</rss>