<rss version="0.92">
    <channel>
        <title>ASF JIRA</title>
        <link>https://issues.apache.org/jira/issues/?jql=project+%3D+MNG+and+type+%3D+bug+and+%28status+%3D+RESOLVED+or+status+%3D+closed%29</link>
        <description>An XML representation of a search request</description>
                <language>en-uk</language>
                        <issue start="0" end="1000" total="3303" />
                <build-info>
            <version>8.20.7</version>
            <build-number>820007</build-number>
            <build-date>16-03-2022</build-date>
        </build-info>

<item>
            <title>[MNG-5536] Wrong runtime classpath if inheriting dependencies specified by profile from parent</title>
                <link>https://issues.apache.org/jira/browse/MNG-5536</link>
                <project id="12316922" key="MNG">Maven</project>
                    <description>&lt;p&gt;The module DAO-BOM(pom) defines dependency within a profile.&lt;br/&gt;
Other module webapp(war) which indirectly inherits from DAO-BOM does not see such dependency hibernate-core-4.2.6.Final.jar and dependency which was not excluded hibernate-commons-annotations-4.0.2.Final.jar&lt;/p&gt;

&lt;p&gt;Since the failure results in dependency and war plugin, it looks like the bug is in Maven core and related to profiles.&lt;/p&gt;

&lt;p&gt;I found this issue when I examied the workaround for&lt;br/&gt;
&lt;a href="https://jira.codehaus.org/browse/MNG-2205" class="external-link" target="_blank" rel="nofollow noopener"&gt;https://jira.codehaus.org/browse/MNG-2205&lt;/a&gt;&lt;/p&gt;

&lt;p&gt;The problem is that the build result is different in Maven 2.2.1 and Maven 3.1.1 in webapp module.&lt;/p&gt;

&lt;p&gt;The Maven 2.2.1 works as expected.&lt;/p&gt;

&lt;p&gt;There are two issues with Maven 3.1.1 :&lt;br/&gt;
+ Maven 3 ignored two Hibernate runtime artifacts which I expect in WAR file;&lt;br/&gt;
+ classpath produced by maven-dependency-plugin:build-classpath does not have those two runtime artifacts if includeScope=runtime. See the webapp POM.&lt;/p&gt;

&lt;p&gt;The Zip file contains the project and four text files.&lt;/p&gt;</description>
                <environment>Win</environment>
        <key id="12796982">MNG-5536</key>
            <summary>Wrong runtime classpath if inheriting dependencies specified by profile from parent</summary>
                <type id="1" iconUrl="https://issues.apache.org/jira/secure/viewavatar?size=xsmall&amp;avatarId=21133&amp;avatarType=issuetype">Bug</type>
                                            <priority id="2" iconUrl="https://issues.apache.org/jira/images/icons/priorities/critical.svg">Critical</priority>
                        <status id="6" iconUrl="https://issues.apache.org/jira/images/icons/statuses/closed.png" description="The issue is considered finished, the resolution is correct. Issues which are not closed can be reopened.">Closed</status>
                    <statusCategory id="3" key="done" colorName="green" />
                                    <resolution id="8">Not A Problem</resolution>
                                        <assignee username="-1">Unassigned</assignee>
                                    <reporter username="tibordigana">Tibor Digana</reporter>
                        <labels>
                    </labels>
                <created>Sun, 17 Nov 2013 17:11:39 +0000</created>
                <updated>Thu, 17 Apr 2014 04:45:03 +0000</updated>
                            <resolved>Thu, 17 Apr 2014 04:45:03 +0000</resolved>
                                    <version>3.1.1</version>
                                                    <component>Profiles</component>
                        <due />
                            <votes>0</votes>
                                    <watches>2</watches>
                                                                        <attachments>
                            <attachment id="12713189" name="with profiles and with parents.zip" size="29120" author="tibordigana" created="Sun, 17 Nov 2013 17:11:39 +0000" />
                    </attachments>
                <subtasks>
                    </subtasks>
                <customfields>
                                                                                                                                                                                                                                                                                                                                                                                                                                                                                                                                                                                                                                                                                                                    <customfield id="customfield_12314020" key="com.atlassian.jira.plugins.jira-development-integration-plugin:devsummary">
                        <customfieldname>Development</customfieldname>
                        <customfieldvalues>
                            
                        </customfieldvalues>
                    </customfield>
                                                                                                                        <customfield id="customfield_12313422" key="com.atlassian.jirafisheyeplugin:jobcheckbox">
                        <customfieldname>Enable Automatic Patch Review</customfieldname>
                        <customfieldvalues>
                            <customfieldvalue>false</customfieldvalue>

                        </customfieldvalues>
                    </customfield>
                                                                                                                                                                                                                                                                                                                                                                                                                                                                                                                                                                                                                    <customfield id="customfield_12310420" key="com.pyxis.greenhopper.jira:gh-global-rank">
                        <customfieldname>Global Rank</customfieldname>
                        <customfieldvalues>
                            <customfieldvalue>9223372036854775807</customfieldvalue>
                        </customfieldvalues>
                    </customfield>
                                                                                                                                                                                                                                                                                                                                                                                                                                                                        <customfield id="customfield_12311820" key="com.pyxis.greenhopper.jira:gh-lexo-rank">
                        <customfieldname>Rank</customfieldname>
                        <customfieldvalues>
                            <customfieldvalue>0|i290xj:</customfieldvalue>

                        </customfieldvalues>
                    </customfield>
                                                                <customfield id="customfield_12310920" key="com.pyxis.greenhopper.jira:gh-global-rank">
                        <customfieldname>Rank (Obsolete)</customfieldname>
                        <customfieldvalues>
                            <customfieldvalue>9223372036854775807</customfieldvalue>
                        </customfieldvalues>
                    </customfield>
                                                                                                                                                                                                                                                                                                                                                                                                                                                                                                                                                                                                                                                                                                                                                                                            </customfields>
    </item>


</channel>
</rss>