<rss version="0.92">
    <channel>
        <title>ASF JIRA</title>
        <link>https://issues.apache.org/jira/issues/?jql=project+%3D+MNG+and+type+%3D+bug+and+%28status+%3D+RESOLVED+or+status+%3D+closed%29</link>
        <description>An XML representation of a search request</description>
                <language>en-uk</language>
                        <issue start="0" end="1000" total="3303" />
                <build-info>
            <version>8.20.7</version>
            <build-number>820007</build-number>
            <build-date>16-03-2022</build-date>
        </build-info>

<item>
            <title>[MNG-5663] [regression] resolution of import-scoped transitive dependencies ignores additional repositories</title>
                <link>https://issues.apache.org/jira/browse/MNG-5663</link>
                <project id="12316922" key="MNG">Maven</project>
                    <description>&lt;p&gt;We (JBoss) use BOM poms extensively, notably in a number of project archetypes or project examples available via JBoss Tools and Red Hat Developer Studio . Some of these BOM poms (and their dependencies) are available from a dedicated Maven repository (&lt;a href="http://maven.repository.redhat.com/techpreview/all/" class="external-link" target="_blank" rel="nofollow noopener"&gt;http://maven.repository.redhat.com/techpreview/all/&lt;/a&gt;). &lt;/p&gt;

&lt;p&gt;Maven 3.2.2 introduced a regression that breaks resolution of these BOM dependencies, by ignoring additional repositories during artifact resolution.&lt;/p&gt;

&lt;div class="code panel" style="border-width: 1px;"&gt;&lt;div class="codeContent panelContent"&gt;
&lt;pre class="code-xml"&gt;&amp;lt;project xmlns=&lt;span class="code-quote"&gt;"http://maven.apache.org/POM/4.0.0"&lt;/span&gt; &lt;span class="code-keyword"&gt;xmlns:xsi&lt;/span&gt;=&lt;span class="code-quote"&gt;"http://www.w3.org/2001/XMLSchema-instance"&lt;/span&gt;
	xsi:schemaLocation=&lt;span class="code-quote"&gt;"http://maven.apache.org/POM/4.0.0 http://maven.apache.org/xsd/maven-4.0.0.xsd"&lt;/span&gt;&amp;gt;
	&lt;span class="code-tag"&gt;&amp;lt;modelVersion&amp;gt;&lt;/span&gt;4.0.0&lt;span class="code-tag"&gt;&amp;lt;/modelVersion&amp;gt;&lt;/span&gt;
	&lt;span class="code-tag"&gt;&amp;lt;groupId&amp;gt;&lt;/span&gt;foo&lt;span class="code-tag"&gt;&amp;lt;/groupId&amp;gt;&lt;/span&gt;
	&lt;span class="code-tag"&gt;&amp;lt;artifactId&amp;gt;&lt;/span&gt;bar&lt;span class="code-tag"&gt;&amp;lt;/artifactId&amp;gt;&lt;/span&gt;
	&lt;span class="code-tag"&gt;&amp;lt;version&amp;gt;&lt;/span&gt;0.0.1-SNAPSHOT&lt;span class="code-tag"&gt;&amp;lt;/version&amp;gt;&lt;/span&gt;
	&lt;span class="code-tag"&gt;&amp;lt;dependencyManagement&amp;gt;&lt;/span&gt;
		&lt;span class="code-tag"&gt;&amp;lt;dependencies&amp;gt;&lt;/span&gt;
			&lt;span class="code-tag"&gt;&amp;lt;dependency&amp;gt;&lt;/span&gt;
				&lt;span class="code-tag"&gt;&amp;lt;groupId&amp;gt;&lt;/span&gt;org.jboss.bom.wfk&lt;span class="code-tag"&gt;&amp;lt;/groupId&amp;gt;&lt;/span&gt;
				&lt;span class="code-tag"&gt;&amp;lt;artifactId&amp;gt;&lt;/span&gt;jboss-javaee-6.0-with-tools&lt;span class="code-tag"&gt;&amp;lt;/artifactId&amp;gt;&lt;/span&gt;
				&lt;span class="code-tag"&gt;&amp;lt;version&amp;gt;&lt;/span&gt;2.4.0-redhat-2&lt;span class="code-tag"&gt;&amp;lt;/version&amp;gt;&lt;/span&gt;
				&lt;span class="code-tag"&gt;&amp;lt;type&amp;gt;&lt;/span&gt;pom&lt;span class="code-tag"&gt;&amp;lt;/type&amp;gt;&lt;/span&gt;
				&lt;span class="code-tag"&gt;&amp;lt;scope&amp;gt;&lt;/span&gt;import&lt;span class="code-tag"&gt;&amp;lt;/scope&amp;gt;&lt;/span&gt;
			&lt;span class="code-tag"&gt;&amp;lt;/dependency&amp;gt;&lt;/span&gt;
		&lt;span class="code-tag"&gt;&amp;lt;/dependencies&amp;gt;&lt;/span&gt;
	&lt;span class="code-tag"&gt;&amp;lt;/dependencyManagement&amp;gt;&lt;/span&gt;
	&lt;span class="code-tag"&gt;&amp;lt;repositories&amp;gt;&lt;/span&gt;
		&lt;span class="code-tag"&gt;&amp;lt;repository&amp;gt;&lt;/span&gt;
			&lt;span class="code-tag"&gt;&amp;lt;id&amp;gt;&lt;/span&gt;redhat-techpreview-all-repository&lt;span class="code-tag"&gt;&amp;lt;/id&amp;gt;&lt;/span&gt;
			&lt;span class="code-tag"&gt;&amp;lt;url&amp;gt;&lt;/span&gt;http://maven.repository.redhat.com/techpreview/all/&lt;span class="code-tag"&gt;&amp;lt;/url&amp;gt;&lt;/span&gt;
		&lt;span class="code-tag"&gt;&amp;lt;/repository&amp;gt;&lt;/span&gt;
	&lt;span class="code-tag"&gt;&amp;lt;/repositories&amp;gt;&lt;/span&gt;
&lt;span class="code-tag"&gt;&amp;lt;/project&amp;gt;&lt;/span&gt;&lt;/pre&gt;
&lt;/div&gt;&lt;/div&gt;

&lt;p&gt;yields :&lt;/p&gt;
&lt;div class="preformatted panel" style="border-width: 1px;"&gt;&lt;div class="preformattedContent panelContent"&gt;
&lt;pre&gt;&#195;&#131;&#194;&#162;&#195;&#133;&#194;&#190;&#195;&#133;&#226;&#128;&#156;  bar  mvn compile
[INFO] Scanning for projects...
Downloading: http://maven.repository.redhat.com/techpreview/all/org/jboss/bom/wfk/jboss-javaee-6.0-with-tools/2.4.0-redhat-2/jboss-javaee-6.0-with-tools-2.4.0-redhat-2.pom
Downloaded: http://maven.repository.redhat.com/techpreview/all/org/jboss/bom/wfk/jboss-javaee-6.0-with-tools/2.4.0-redhat-2/jboss-javaee-6.0-with-tools-2.4.0-redhat-2.pom (8 KB at 5.1 KB/sec)
Downloading: http://maven.repository.redhat.com/techpreview/all/org/jboss/bom/wfk/jboss-wfk-bom-parent/2.4.0-redhat-2/jboss-wfk-bom-parent-2.4.0-redhat-2.pom
Downloaded: http://maven.repository.redhat.com/techpreview/all/org/jboss/bom/wfk/jboss-wfk-bom-parent/2.4.0-redhat-2/jboss-wfk-bom-parent-2.4.0-redhat-2.pom (7 KB at 6.8 KB/sec)
Downloading: http://repo.maven.apache.org/maven2/org/jboss/spec/jboss-javaee-6.0/3.0.2.Final-redhat-4/jboss-javaee-6.0-3.0.2.Final-redhat-4.pom
[ERROR] The build could not read 1 project -&amp;gt; [Help 1]
[ERROR]
[ERROR]   The project foo:bar:0.0.1-SNAPSHOT (/Users/fbricon/Dev/workspaces/runtime-hosted/bar/pom.xml) has 2 errors
[ERROR]     Non-resolvable import POM: Could not find artifact org.jboss.spec:jboss-javaee-6.0:pom:3.0.2.Final-redhat-4 in central (http://repo.maven.apache.org/maven2) @ org.jboss.bom.wfk:jboss-javaee-6.0-with-tools:[unknown-version], /Users/fbricon/Dev/maven/repository/org/jboss/bom/wfk/jboss-javaee-6.0-with-tools/2.4.0-redhat-2/jboss-javaee-6.0-with-tools-2.4.0-redhat-2.pom, line 42, column 25 -&amp;gt; [Help 2]
[ERROR]     'dependencies.dependency.version' for javax.enterprise:cdi-api:jar is missing. @ line 27, column 15
[ERROR]
[ERROR] To see the full stack trace of the errors, re-run Maven with the -e switch.
[ERROR] Re-run Maven using the -X switch to enable full debug logging.
[ERROR]
[ERROR] For more information about the errors and possible solutions, please read the following articles:
[ERROR] [Help 1] http://cwiki.apache.org/confluence/display/MAVEN/ProjectBuildingException
[ERROR] [Help 2] http://cwiki.apache.org/confluence/display/MAVEN/UnresolvableModelException
&#195;&#131;&#194;&#162;&#195;&#133;&#194;&#190;&#195;&#133;&#226;&#128;&#156;  bar
&lt;/pre&gt;
&lt;/div&gt;&lt;/div&gt;

&lt;p&gt;This kind of resolution used to work in maven 3.2.1 and before. The missing pom is available at &lt;a href="http://maven.repository.redhat.com/techpreview/all/org/jboss/spec/jboss-javaee-6.0/3.0.2.Final-redhat-4/jboss-javaee-6.0-3.0.2.Final-redhat-4.pom" class="external-link" target="_blank" rel="nofollow noopener"&gt;http://maven.repository.redhat.com/techpreview/all/org/jboss/spec/jboss-javaee-6.0/3.0.2.Final-redhat-4/jboss-javaee-6.0-3.0.2.Final-redhat-4.pom&lt;/a&gt;&lt;/p&gt;</description>
                <environment />
        <key id="12797258">MNG-5663</key>
            <summary>[regression] resolution of import-scoped transitive dependencies ignores additional repositories</summary>
                <type id="1" iconUrl="https://issues.apache.org/jira/secure/viewavatar?size=xsmall&amp;avatarId=21133&amp;avatarType=issuetype">Bug</type>
                                            <priority id="3" iconUrl="https://issues.apache.org/jira/images/icons/priorities/major.svg">Major</priority>
                        <status id="6" iconUrl="https://issues.apache.org/jira/images/icons/statuses/closed.png" description="The issue is considered finished, the resolution is correct. Issues which are not closed can be reopened.">Closed</status>
                    <statusCategory id="3" key="done" colorName="green" />
                                    <resolution id="1">Fixed</resolution>
                                        <assignee username="jvanzyl">Jason van Zyl</assignee>
                                    <reporter username="fbricon">Fred Bricon</reporter>
                        <labels>
                    </labels>
                <created>Wed, 16 Jul 2014 05:38:29 +0000</created>
                <updated>Tue, 2 Mar 2021 18:06:43 +0000</updated>
                            <resolved>Sat, 19 Jul 2014 11:03:06 +0000</resolved>
                                    <version>3.2.2</version>
                                    <fixVersion>3.2.3</fixVersion>
                                    <component>Artifacts and Repositories</component>
                    <component>Dependencies</component>
                        <due />
                            <votes>3</votes>
                                    <watches>10</watches>
                                                                <comments>
                            <comment id="14419804" author="markdingram" created="Thu, 17 Jul 2014 10:33:50 +0000">&lt;p&gt;This was caused by the changes for &lt;a href="https://issues.apache.org/jira/browse/MNG-5639" title="Support resolution of Import Scope POMs from Repo that contains a ${parameter}" class="issue-link" data-issue-key="MNG-5639"&gt;&lt;del&gt;MNG-5639&lt;/del&gt;&lt;/a&gt;. The resolution failures are seen with nested import POMs. &lt;/p&gt;

&lt;p&gt;I have created a failing integration test and will begin investigating a fix.&lt;/p&gt;

&lt;p&gt;Regards,&lt;br/&gt;
Mark&lt;/p&gt;</comment>
                            <comment id="14419690" author="jvanzyl" created="Thu, 17 Jul 2014 15:44:42 +0000">&lt;p&gt;Thanks for looking into that Mark!&lt;/p&gt;</comment>
                            <comment id="14419791" author="ge0ffrey.desmet" created="Fri, 18 Jul 2014 09:32:43 +0000">&lt;p&gt;Might be the cause of &lt;a href="https://issues.jboss.org/browse/DROOLS-553" class="external-link" target="_blank" rel="nofollow noopener"&gt;https://issues.jboss.org/browse/DROOLS-553&lt;/a&gt;&lt;/p&gt;</comment>
                            <comment id="14419768" author="markdingram" created="Fri, 18 Jul 2014 11:19:38 +0000">&lt;p&gt;Pull requests:&lt;br/&gt;
&lt;a href="https://github.com/apache/maven/pull/23" class="external-link" target="_blank" rel="nofollow noopener"&gt;https://github.com/apache/maven/pull/23&lt;/a&gt;&lt;br/&gt;
&lt;a href="https://github.com/apache/maven-integration-testing/pull/8" class="external-link" target="_blank" rel="nofollow noopener"&gt;https://github.com/apache/maven-integration-testing/pull/8&lt;/a&gt;&lt;/p&gt;

&lt;p&gt;Integration tests pass and confirmed that the example POM above works with this build.&lt;/p&gt;</comment>
                            <comment id="14419749" author="jvanzyl" created="Sat, 19 Jul 2014 11:03:06 +0000">&lt;p&gt;Fixed on 61c374042560b2dc21c294886615931a888df597&lt;/p&gt;</comment>
                            <comment id="14419832" author="ge0ffrey.desmet" created="Sat, 19 Jul 2014 15:00:17 +0000">&lt;p&gt;Great! &lt;img class="emoticon" src="https://issues.apache.org/jira/images/icons/emoticons/smile.png" height="16" width="16" align="absmiddle" alt="" border="0"/&gt;&lt;/p&gt;</comment>
                            <comment id="14419731" author="gastaldi" created="Sat, 19 Jul 2014 15:12:51 +0000">&lt;p&gt;When is 3.2.3 coming up?&lt;/p&gt;</comment>
                            <comment id="14419858" author="jvanzyl" created="Mon, 11 Aug 2014 19:09:22 +0000">&lt;p&gt;Maven 3.2.3 has now been staged.&lt;/p&gt;</comment>
                            <comment id="17069542" author="hudson" created="Sat, 28 Mar 2020 14:58:05 +0000">&lt;p&gt;Build failed in Jenkins: Maven TLP &#187; maven-studies &#187; maven-metrics #4&lt;/p&gt;

&lt;p&gt;See &lt;a href="https://builds.apache.org/job/maven-box/job/maven-studies/job/maven-metrics/4/" class="external-link" target="_blank" rel="nofollow noopener"&gt;https://builds.apache.org/job/maven-box/job/maven-studies/job/maven-metrics/4/&lt;/a&gt;&lt;/p&gt;</comment>
                    </comments>
                <issuelinks>
                            <issuelinktype id="10030">
                    <name>Reference</name>
                                                                <inwardlinks description="is related to">
                                        <issuelink>
            <issuekey id="13357560">MNG-7094</issuekey>
        </issuelink>
                            </inwardlinks>
                                    </issuelinktype>
                            <issuelinktype id="12310260">
                    <name>Related</name>
                                            <outwardlinks description="relates to">
                                        <issuelink>
            <issuekey id="12796331">MNG-5639</issuekey>
        </issuelink>
                            </outwardlinks>
                                                        </issuelinktype>
                    </issuelinks>
                <attachments>
                    </attachments>
                <subtasks>
                    </subtasks>
                <customfields>
                                                                                                                                                                                                                                                                                                                                                                                                                                                                                                                                                                                                                                                                                                                    <customfield id="customfield_12314020" key="com.atlassian.jira.plugins.jira-development-integration-plugin:devsummary">
                        <customfieldname>Development</customfieldname>
                        <customfieldvalues>
                            
                        </customfieldvalues>
                    </customfield>
                                                                                                                        <customfield id="customfield_12313422" key="com.atlassian.jirafisheyeplugin:jobcheckbox">
                        <customfieldname>Enable Automatic Patch Review</customfieldname>
                        <customfieldvalues>
                            <customfieldvalue>false</customfieldvalue>

                        </customfieldvalues>
                    </customfield>
                                                                                                                                                                                                                                                                                                                                                                                                                                                                                                                                                                                                                    <customfield id="customfield_12310420" key="com.pyxis.greenhopper.jira:gh-global-rank">
                        <customfieldname>Global Rank</customfieldname>
                        <customfieldvalues>
                            <customfieldvalue>9223372036854775807</customfieldvalue>
                        </customfieldvalues>
                    </customfield>
                                                                                                                                                                                                                                                                                                                                                                                                                                                                        <customfield id="customfield_12311820" key="com.pyxis.greenhopper.jira:gh-lexo-rank">
                        <customfieldname>Rank</customfieldname>
                        <customfieldvalues>
                            <customfieldvalue>0|i2994f:</customfieldvalue>

                        </customfieldvalues>
                    </customfield>
                                                                <customfield id="customfield_12310920" key="com.pyxis.greenhopper.jira:gh-global-rank">
                        <customfieldname>Rank (Obsolete)</customfieldname>
                        <customfieldvalues>
                            <customfieldvalue>9223372036854775807</customfieldvalue>
                        </customfieldvalues>
                    </customfield>
                                                                                                                                                                                                                                                                                                                                                                                                                                                                                                                                                                                                                                                                                                                                                                                            </customfields>
    </item>


</channel>
</rss>