<rss version="0.92">
    <channel>
        <title>ASF JIRA</title>
        <link>https://issues.apache.org/jira/issues/?jql=project+%3D+MNG+and+type+%3D+bug+and+%28status+%3D+RESOLVED+or+status+%3D+closed%29</link>
        <description>An XML representation of a search request</description>
                <language>en-uk</language>
                        <issue start="0" end="1000" total="3303" />
                <build-info>
            <version>8.20.7</version>
            <build-number>820007</build-number>
            <build-date>16-03-2022</build-date>
        </build-info>

<item>
            <title>[MNG-5638] Whitespaces matter in &lt;mirrorOf&gt; configuration can cause the incorrect repo to be selected</title>
                <link>https://issues.apache.org/jira/browse/MNG-5638</link>
                <project id="12316922" key="MNG">Maven</project>
                    <description>&lt;p&gt;Steps to reproduce the problem:&lt;/p&gt;
&lt;ol&gt;
	&lt;li&gt;Use the following settings.xml (replacing the URLs with valid URLs in your environment):
&lt;div class="preformatted panel" style="border-width: 1px;"&gt;&lt;div class="preformattedContent panelContent"&gt;
&lt;pre&gt;&amp;lt;settings xmlns="http://maven.apache.org/SETTINGS/1.0.0"
   xmlns:xsi="http://www.w3.org/2001/XMLSchema-instance"
   xsi:schemaLocation="http://maven.apache.org/SETTINGS/1.0.0 http://maven.apache.org/xsd/settings-1.0.0.xsd"&amp;gt;

   &amp;lt;mirrors&amp;gt;
      &amp;lt;mirror&amp;gt;
         &amp;lt;id&amp;gt;mirror1&amp;lt;/id&amp;gt;
         &amp;lt;url&amp;gt;http://nexus:8081/nexus/content/repositories/releases/&amp;lt;/url&amp;gt;
         &amp;lt;mirrorOf&amp;gt;
            external:*, !snapshots.repo
         &amp;lt;/mirrorOf&amp;gt;
      &amp;lt;/mirror&amp;gt;
   &amp;lt;/mirrors&amp;gt;

   &amp;lt;profiles&amp;gt;
      &amp;lt;profile&amp;gt;
         &amp;lt;id&amp;gt;use-snapshots-repo&amp;lt;/id&amp;gt;
         &amp;lt;pluginRepositories&amp;gt;
            &amp;lt;pluginRepository&amp;gt;
               &amp;lt;id&amp;gt;snapshots.repo&amp;lt;/id&amp;gt;
               &amp;lt;url&amp;gt;http://nexus:8081/nexus/content/repositories/snapshots/&amp;lt;/url&amp;gt;
            &amp;lt;/pluginRepository&amp;gt;
         &amp;lt;/pluginRepositories&amp;gt;
         &amp;lt;repositories&amp;gt;
            &amp;lt;repository&amp;gt;
               &amp;lt;id&amp;gt;snapshots.repo&amp;lt;/id&amp;gt;
               &amp;lt;url&amp;gt;http://nexus:8081/nexus/content/repositories/snapshots/&amp;lt;/url&amp;gt;
            &amp;lt;/repository&amp;gt;
         &amp;lt;/repositories&amp;gt;
      &amp;lt;/profile&amp;gt;
   &amp;lt;/profiles&amp;gt;

   &amp;lt;activeProfiles&amp;gt;
      &amp;lt;activeProfile&amp;gt;use-snapshots-repo&amp;lt;/activeProfile&amp;gt;
   &amp;lt;/activeProfiles&amp;gt;

&amp;lt;/settings&amp;gt;
&lt;/pre&gt;
&lt;/div&gt;&lt;/div&gt;&lt;/li&gt;
	&lt;li&gt;Set up a project which uses an artifact from &lt;tt&gt;snapshots.repo&lt;/tt&gt; which is not available in the local Maven repository&lt;/li&gt;
	&lt;li&gt;Build the project: The build fails because Maven only tries to download from the releases repository.&lt;/li&gt;
&lt;/ol&gt;


&lt;p&gt;Expected behaviour: Maven should have used the snapshots repo.&lt;/p&gt;

&lt;p&gt;The root cause of the problem is that whitespaces around the separators in the &lt;tt&gt;mirrorOf&lt;/tt&gt; configuration are not trimmed. When changing the configuration to&lt;/p&gt;
&lt;div class="preformatted panel" style="border-width: 1px;"&gt;&lt;div class="preformattedContent panelContent"&gt;
&lt;pre&gt;         &amp;lt;mirrorOf&amp;gt;
            external:*,!snapshots.repo
         &amp;lt;/mirrorOf&amp;gt;
&lt;/pre&gt;
&lt;/div&gt;&lt;/div&gt;
&lt;p&gt;the snapshots repository is used and the build passes.&lt;/p&gt;</description>
                <environment />
        <key id="12797259">MNG-5638</key>
            <summary>Whitespaces matter in &lt;mirrorOf&gt; configuration can cause the incorrect repo to be selected</summary>
                <type id="1" iconUrl="https://issues.apache.org/jira/secure/viewavatar?size=xsmall&amp;avatarId=21133&amp;avatarType=issuetype">Bug</type>
                                            <priority id="3" iconUrl="https://issues.apache.org/jira/images/icons/priorities/major.svg">Major</priority>
                        <status id="6" iconUrl="https://issues.apache.org/jira/images/icons/statuses/closed.png" description="The issue is considered finished, the resolution is correct. Issues which are not closed can be reopened.">Closed</status>
                    <statusCategory id="3" key="done" colorName="green" />
                                    <resolution id="1">Fixed</resolution>
                                        <assignee username="jvanzyl">Jason van Zyl</assignee>
                                    <reporter username="tobias.oberlies">Tobias Oberlies</reporter>
                        <labels>
                    </labels>
                <created>Fri, 23 May 2014 08:27:20 +0000</created>
                <updated>Thu, 6 Jan 2022 17:29:52 +0000</updated>
                            <resolved>Wed, 11 Jun 2014 21:27:27 +0000</resolved>
                                    <version>3.2.1</version>
                                    <fixVersion>3.2.2</fixVersion>
                                        <due />
                            <votes>0</votes>
                                    <watches>5</watches>
                                                                <comments>
                            <comment id="14419737" author="ID134349" created="Wed, 28 May 2014 08:57:18 +0000">&lt;p&gt;It would be nice to know whether this element is the exception or do all elements suffer from accidental whitespace?&lt;/p&gt;</comment>
                            <comment id="14419628" author="jvanzyl" created="Wed, 11 Jun 2014 21:27:28 +0000">&lt;p&gt;Fixed on fddade227d17f2cb9fe7e71c14cf5591cfa96851&lt;/p&gt;</comment>
                            <comment id="17069527" author="hudson" created="Sat, 28 Mar 2020 14:57:47 +0000">&lt;p&gt;Build failed in Jenkins: Maven TLP &#187; maven-studies &#187; maven-metrics #4&lt;/p&gt;

&lt;p&gt;See &lt;a href="https://builds.apache.org/job/maven-box/job/maven-studies/job/maven-metrics/4/" class="external-link" target="_blank" rel="nofollow noopener"&gt;https://builds.apache.org/job/maven-box/job/maven-studies/job/maven-metrics/4/&lt;/a&gt;&lt;/p&gt;</comment>
                    </comments>
                    <attachments>
                    </attachments>
                <subtasks>
                    </subtasks>
                <customfields>
                                                                                                                                                                                                                                                                                                                                                                                                                                                                                                                                                                                                                                                                                                                    <customfield id="customfield_12314020" key="com.atlassian.jira.plugins.jira-development-integration-plugin:devsummary">
                        <customfieldname>Development</customfieldname>
                        <customfieldvalues>
                            
                        </customfieldvalues>
                    </customfield>
                                                                                                                        <customfield id="customfield_12313422" key="com.atlassian.jirafisheyeplugin:jobcheckbox">
                        <customfieldname>Enable Automatic Patch Review</customfieldname>
                        <customfieldvalues>
                            <customfieldvalue>false</customfieldvalue>

                        </customfieldvalues>
                    </customfield>
                                                                                                                                                                                                                                                                                                                                                                                                                                                                                                                                                                                                                    <customfield id="customfield_12310420" key="com.pyxis.greenhopper.jira:gh-global-rank">
                        <customfieldname>Global Rank</customfieldname>
                        <customfieldvalues>
                            <customfieldvalue>9223372036854775807</customfieldvalue>
                        </customfieldvalues>
                    </customfield>
                                                                                                                                                                                                                                                                                                                                                                                                                                                                        <customfield id="customfield_12311820" key="com.pyxis.greenhopper.jira:gh-lexo-rank">
                        <customfieldname>Rank</customfieldname>
                        <customfieldvalues>
                            <customfieldvalue>0|i29bin:</customfieldvalue>

                        </customfieldvalues>
                    </customfield>
                                                                <customfield id="customfield_12310920" key="com.pyxis.greenhopper.jira:gh-global-rank">
                        <customfieldname>Rank (Obsolete)</customfieldname>
                        <customfieldvalues>
                            <customfieldvalue>9223372036854775807</customfieldvalue>
                        </customfieldvalues>
                    </customfield>
                                                                                                                                                                                                                                                                                                                                                                                                                                                                                                                                                                                                                                                                                                                                                                                            </customfields>
    </item>


</channel>
</rss>