<rss version="0.92">
    <channel>
        <title>ASF JIRA</title>
        <link>https://issues.apache.org/jira/issues/?jql=project+%3D+MNG+and+type+%3D+bug+and+%28status+%3D+RESOLVED+or+status+%3D+closed%29</link>
        <description>An XML representation of a search request</description>
                <language>en-uk</language>
                        <issue start="0" end="1000" total="3303" />
                <build-info>
            <version>8.20.7</version>
            <build-number>820007</build-number>
            <build-date>16-03-2022</build-date>
        </build-info>

<item>
            <title>[MNG-5103] NPE thrown when DefaultArtifact.getSelectedVersion is called</title>
                <link>https://issues.apache.org/jira/browse/MNG-5103</link>
                <project id="12316922" key="MNG">Maven</project>
                    <description>&lt;p&gt;getSelectedVersion() uses the versionRange variable directly instead of using getVersionRange() which creates the version range from version if its null.&lt;/p&gt;

&lt;p&gt;This bug when using the appfuse warpath plugin when doing a double war overlay&lt;/p&gt;</description>
                <environment>not env dependent</environment>
        <key id="12795976">MNG-5103</key>
            <summary>NPE thrown when DefaultArtifact.getSelectedVersion is called</summary>
                <type id="1" iconUrl="https://issues.apache.org/jira/secure/viewavatar?size=xsmall&amp;avatarId=21133&amp;avatarType=issuetype">Bug</type>
                                            <priority id="3" iconUrl="https://issues.apache.org/jira/images/icons/priorities/major.svg">Major</priority>
                        <status id="6" iconUrl="https://issues.apache.org/jira/images/icons/statuses/closed.png" description="The issue is considered finished, the resolution is correct. Issues which are not closed can be reopened.">Closed</status>
                    <statusCategory id="3" key="done" colorName="green" />
                                    <resolution id="4">Incomplete</resolution>
                                        <assignee username="-1">Unassigned</assignee>
                                    <reporter username="jlr787s">Jared Roberts</reporter>
                        <labels>
                    </labels>
                <created>Tue, 24 May 2011 14:13:22 +0000</created>
                <updated>Wed, 22 Jan 2014 20:31:41 +0000</updated>
                            <resolved>Wed, 22 Jan 2014 20:31:41 +0000</resolved>
                                    <version>3.0</version>
                                                    <component>Artifacts and Repositories</component>
                        <due />
                            <votes>1</votes>
                                    <watches>2</watches>
                                                                <comments>
                            <comment id="14421185" author="jlr787s" created="Tue, 24 May 2011 18:14:21 +0000">&lt;p&gt;I'm resurrecting this from &lt;a href="https://issues.apache.org/jira/browse/MNG-4887" title="NPE thrown when getSelectedVersion is called" class="issue-link" data-issue-key="MNG-4887"&gt;&lt;del&gt;MNG-4887&lt;/del&gt;&lt;/a&gt; because I also ran into the same issue. For certain artifacts, it seems that the versionRange does not get initialized and will throw an NPE when &lt;a href="http://maven.apache.org/ref/2.2.1/maven-artifact/xref/org/apache/maven/artifact/DefaultArtifact.html#618" class="external-link" target="_blank" rel="nofollow noopener"&gt;&lt;tt&gt;DefaultArtifact.getSelectedVersion()&lt;/tt&gt;&lt;/a&gt; is called. I encountered it while using Maven 2.1.0 and 2.2.1. Switching to 3.0.1 resolved my specific issue, so I assume something changed in the way the Artifact gets created. The original poster referenced using &lt;tt&gt;DefaultArtifact.getVersionRange()&lt;/tt&gt; where there is a relevant &lt;a href="http://maven.apache.org/ref/2.2.1/maven-artifact/xref/org/apache/maven/artifact/DefaultArtifact.html#513" class="external-link" target="_blank" rel="nofollow noopener"&gt;comment&lt;/a&gt; hinting that further investigation was probably needed.&lt;/p&gt;

&lt;p&gt;I worked around the issue by using the following code block&lt;/p&gt;
&lt;div class="code panel" style="border-width: 1px;"&gt;&lt;div class="codeHeader panelHeader" style="border-bottom-width: 1px;"&gt;&lt;b&gt;Before.java&lt;/b&gt;&lt;/div&gt;&lt;div class="codeContent panelContent"&gt;
&lt;pre class="code-java"&gt;Artifact dep = ...;
ArtifactVersion selectedVersion = dep.getSelectedVersion();
&lt;/pre&gt;
&lt;/div&gt;&lt;/div&gt;
&lt;div class="code panel" style="border-width: 1px;"&gt;&lt;div class="codeHeader panelHeader" style="border-bottom-width: 1px;"&gt;&lt;b&gt;After.java&lt;/b&gt;&lt;/div&gt;&lt;div class="codeContent panelContent"&gt;
&lt;pre class="code-java"&gt;Artifact dep = ...;
ArtifactVersion selectedVersion = dep.getVersionRange().getSelectedVersion(dep);
&lt;/pre&gt;
&lt;/div&gt;&lt;/div&gt;</comment>
                            <comment id="14418529" author="jvanzyl" created="Wed, 22 Jan 2014 20:22:59 +0000">&lt;p&gt;Please refer to &lt;a href="https://cwiki.apache.org/confluence/display/MAVEN/The+Great+JIRA+Cleanup+of+2014" class="external-link" target="_blank" rel="nofollow noopener"&gt;https://cwiki.apache.org/confluence/display/MAVEN/The+Great+JIRA+Cleanup+of+2014&lt;/a&gt;&lt;/p&gt;</comment>
                            <comment id="14419055" author="jvanzyl" created="Wed, 22 Jan 2014 20:31:41 +0000">&lt;p&gt;Please refer to &lt;a href="https://cwiki.apache.org/confluence/display/MAVEN/The+Great+JIRA+Cleanup+of+2014" class="external-link" target="_blank" rel="nofollow noopener"&gt;https://cwiki.apache.org/confluence/display/MAVEN/The+Great+JIRA+Cleanup+of+2014&lt;/a&gt; if you're wondering why this issue was closed out.&lt;/p&gt;</comment>
                    </comments>
                    <attachments>
                    </attachments>
                <subtasks>
                    </subtasks>
                <customfields>
                                                                                                                                                                                                                                                                                                                                                                                                                                                                                                                                                                                                                                                                                                                    <customfield id="customfield_12314020" key="com.atlassian.jira.plugins.jira-development-integration-plugin:devsummary">
                        <customfieldname>Development</customfieldname>
                        <customfieldvalues>
                            
                        </customfieldvalues>
                    </customfield>
                                                                                                                        <customfield id="customfield_12313422" key="com.atlassian.jirafisheyeplugin:jobcheckbox">
                        <customfieldname>Enable Automatic Patch Review</customfieldname>
                        <customfieldvalues>
                            <customfieldvalue>false</customfieldvalue>

                        </customfieldvalues>
                    </customfield>
                                                                                                                                                                                                                                                                                                                                                                                                                                                                                                                                                                                                                    <customfield id="customfield_12310420" key="com.pyxis.greenhopper.jira:gh-global-rank">
                        <customfieldname>Global Rank</customfieldname>
                        <customfieldvalues>
                            <customfieldvalue>9223372036854775807</customfieldvalue>
                        </customfieldvalues>
                    </customfield>
                                                                                                                                                                                                                                                                                                                                                                                                                                                                        <customfield id="customfield_12311820" key="com.pyxis.greenhopper.jira:gh-lexo-rank">
                        <customfieldname>Rank</customfieldname>
                        <customfieldvalues>
                            <customfieldvalue>0|i297tz:</customfieldvalue>

                        </customfieldvalues>
                    </customfield>
                                                                <customfield id="customfield_12310920" key="com.pyxis.greenhopper.jira:gh-global-rank">
                        <customfieldname>Rank (Obsolete)</customfieldname>
                        <customfieldvalues>
                            <customfieldvalue>9223372036854775807</customfieldvalue>
                        </customfieldvalues>
                    </customfield>
                                                                                                                                                                                                                                                                                                                                                                                                                                                                                                                                                                                                                                                                                                                                                                                            </customfields>
    </item>


</channel>
</rss>