<rss version="0.92">
    <channel>
        <title>ASF JIRA</title>
        <link>https://issues.apache.org/jira/issues/?jql=project+%3D+MNG+and+type+%3D+bug+and+%28status+%3D+RESOLVED+or+status+%3D+closed%29</link>
        <description>An XML representation of a search request</description>
                <language>en-uk</language>
                        <issue start="0" end="1000" total="3303" />
                <build-info>
            <version>8.20.7</version>
            <build-number>820007</build-number>
            <build-date>16-03-2022</build-date>
        </build-info>

<item>
            <title>[MNG-5736] ProjectSorter invalid duplication checking</title>
                <link>https://issues.apache.org/jira/browse/MNG-5736</link>
                <project id="12316922" key="MNG">Maven</project>
                    <description>&lt;p&gt;One pom has two modules, both modules link to the same third module.&lt;/p&gt;

&lt;p&gt;ProjectSorter detects this as a DuplicateProjectException, but in fact if you check getFile() for both projects they are in fact the exact same underlying pom.xml.&lt;/p&gt;

&lt;p&gt;So I've provided a patch to ProjectSorter which check and skips the conflicting project, prior to throwing DuplicateProjectException.&lt;/p&gt;

&lt;p&gt;Not sure if I should be fixing ProjectSorter or if the bug needs to be fixed earlier...&lt;/p&gt;

&lt;p&gt;Testcase, execute the parent pom, with maven-core and it fails, then build maven-core with the supplied patch and rebuild the parent pom.&lt;/p&gt;</description>
                <environment>n/a</environment>
        <key id="12796321">MNG-5736</key>
            <summary>ProjectSorter invalid duplication checking</summary>
                <type id="1" iconUrl="https://issues.apache.org/jira/secure/viewavatar?size=xsmall&amp;avatarId=21133&amp;avatarType=issuetype">Bug</type>
                                            <priority id="3" iconUrl="https://issues.apache.org/jira/images/icons/priorities/major.svg">Major</priority>
                        <status id="6" iconUrl="https://issues.apache.org/jira/images/icons/statuses/closed.png" description="The issue is considered finished, the resolution is correct. Issues which are not closed can be reopened.">Closed</status>
                    <statusCategory id="3" key="done" colorName="green" />
                                    <resolution id="4">Incomplete</resolution>
                                        <assignee username="-1">Unassigned</assignee>
                                    <reporter username="nhoj.patrick">John Patrick</reporter>
                        <labels>
                    </labels>
                <created>Sun, 14 Dec 2014 14:34:04 +0000</created>
                <updated>Mon, 10 Jun 2019 22:02:11 +0000</updated>
                            <resolved>Mon, 10 Jun 2019 22:02:11 +0000</resolved>
                                    <version>3.2.3</version>
                                                    <component>Bootstrap &amp;amp; Build</component>
                        <due />
                            <votes>0</votes>
                                    <watches>3</watches>
                                                                <comments>
                            <comment id="15752666" author="michael-o" created="Thu, 15 Dec 2016 22:17:10 +0000">&lt;p&gt;What is the realworld example for this? It looks like a broken setup for me.&lt;/p&gt;</comment>
                            <comment id="16860385" author="michael-o" created="Mon, 10 Jun 2019 22:02:11 +0000">&lt;p&gt;No reaction since then.&lt;/p&gt;</comment>
                    </comments>
                    <attachments>
                            <attachment id="12713336" name="build-patched.log" size="43858" author="nhoj.patrick" created="Sun, 14 Dec 2014 14:34:04 +0000" />
                            <attachment id="12713382" name="build.log" size="3613" author="nhoj.patrick" created="Sun, 14 Dec 2014 14:34:04 +0000" />
                            <attachment id="12713381" name="exact-same-module.zip" size="3304" author="nhoj.patrick" created="Sun, 14 Dec 2014 14:34:04 +0000" />
                            <attachment id="12713433" name="maven-core.patch.ProjectSorter.patch" size="991" author="nhoj.patrick" created="Sun, 14 Dec 2014 14:34:04 +0000" />
                    </attachments>
                <subtasks>
                    </subtasks>
                <customfields>
                                                                                                                                                                                                                                                                                                                                                                                                                                                                                                                                                                                                                                                                                                                    <customfield id="customfield_12314020" key="com.atlassian.jira.plugins.jira-development-integration-plugin:devsummary">
                        <customfieldname>Development</customfieldname>
                        <customfieldvalues>
                            
                        </customfieldvalues>
                    </customfield>
                                                                                                                        <customfield id="customfield_12313422" key="com.atlassian.jirafisheyeplugin:jobcheckbox">
                        <customfieldname>Enable Automatic Patch Review</customfieldname>
                        <customfieldvalues>
                            <customfieldvalue>false</customfieldvalue>

                        </customfieldvalues>
                    </customfield>
                                                                                                                                                                                                                                                                                                                                                        <customfield id="customfield_12310250" key="com.atlassian.jira.plugin.system.customfieldtypes:multicheckboxes">
                        <customfieldname>Flags</customfieldname>
                        <customfieldvalues>
                                <customfieldvalue key="10430">Patch</customfieldvalue>
    
                        </customfieldvalues>
                    </customfield>
                                                                                                                                                                                                                                                                                                <customfield id="customfield_12310420" key="com.pyxis.greenhopper.jira:gh-global-rank">
                        <customfieldname>Global Rank</customfieldname>
                        <customfieldvalues>
                            <customfieldvalue>9223372036854775807</customfieldvalue>
                        </customfieldvalues>
                    </customfield>
                                                                                                                                                                                                                                                                                                                                                                                                                                                                        <customfield id="customfield_12311820" key="com.pyxis.greenhopper.jira:gh-lexo-rank">
                        <customfieldname>Rank</customfieldname>
                        <customfieldvalues>
                            <customfieldvalue>0|i292jj:</customfieldvalue>

                        </customfieldvalues>
                    </customfield>
                                                                <customfield id="customfield_12310920" key="com.pyxis.greenhopper.jira:gh-global-rank">
                        <customfieldname>Rank (Obsolete)</customfieldname>
                        <customfieldvalues>
                            <customfieldvalue>9223372036854775807</customfieldvalue>
                        </customfieldvalues>
                    </customfield>
                                                                                                                                                                                                                                                                                                                                                                                                                                                                                                                                                                                                                                                                                                        <customfield id="customfield_12312220" key="com.atlassian.jira.plugin.system.customfieldtypes:radiobuttons">
                        <customfieldname>Testcase included</customfieldname>
                        <customfieldvalues>
                                <customfieldvalue key="11060">Yes</customfieldvalue>

                        </customfieldvalues>
                    </customfield>
                                                                                                                        </customfields>
    </item>


</channel>
</rss>