<rss version="0.92">
    <channel>
        <title>ASF JIRA</title>
        <link>https://issues.apache.org/jira/issues/?jql=project+%3D+MNG+and+type+%3D+bug+and+%28status+%3D+RESOLVED+or+status+%3D+closed%29</link>
        <description>An XML representation of a search request</description>
                <language>en-uk</language>
                        <issue start="0" end="1000" total="3303" />
                <build-info>
            <version>8.20.7</version>
            <build-number>820007</build-number>
            <build-date>16-03-2022</build-date>
        </build-info>

<item>
            <title>[MNG-5416] Forked execution message should specify the forked goal</title>
                <link>https://issues.apache.org/jira/browse/MNG-5416</link>
                <project id="12316922" key="MNG">Maven</project>
                    <description>&lt;div class="preformatted panel" style="border-width: 1px;"&gt;&lt;div class="preformattedContent panelContent"&gt;
&lt;pre&gt;[INFO] &amp;gt;&amp;gt;&amp;gt;&amp;gt;&amp;gt;&amp;gt;&amp;gt;&amp;gt;&amp;gt;&amp;gt;&amp;gt;&amp;gt;&amp;gt;&amp;gt;&amp;gt;&amp;gt;&amp;gt;&amp;gt;&amp;gt;&amp;gt;&amp;gt;&amp;gt;&amp;gt;&amp;gt;&amp;gt;&amp;gt;&amp;gt;&amp;gt;&amp;gt;&amp;gt;&amp;gt;&amp;gt;&amp;gt;&amp;gt;&amp;gt;&amp;gt;&amp;gt;&amp;gt;&amp;gt;&amp;gt;&amp;gt;&amp;gt;&amp;gt;&amp;gt;&amp;gt;&amp;gt;&amp;gt;&amp;gt;&amp;gt;&amp;gt;&amp;gt;&amp;gt;&amp;gt;&amp;gt;&amp;gt;&amp;gt;&amp;gt;&amp;gt;&amp;gt;&amp;gt;&amp;gt;&amp;gt;&amp;gt;&amp;gt;&amp;gt;&amp;gt;&amp;gt;&amp;gt;&amp;gt;&amp;gt;&amp;gt;&amp;gt;
[INFO] Forking License Test :: global-db - something to depend on 1
[INFO] &amp;gt;&amp;gt;&amp;gt;&amp;gt;&amp;gt;&amp;gt;&amp;gt;&amp;gt;&amp;gt;&amp;gt;&amp;gt;&amp;gt;&amp;gt;&amp;gt;&amp;gt;&amp;gt;&amp;gt;&amp;gt;&amp;gt;&amp;gt;&amp;gt;&amp;gt;&amp;gt;&amp;gt;&amp;gt;&amp;gt;&amp;gt;&amp;gt;&amp;gt;&amp;gt;&amp;gt;&amp;gt;&amp;gt;&amp;gt;&amp;gt;&amp;gt;&amp;gt;&amp;gt;&amp;gt;&amp;gt;&amp;gt;&amp;gt;&amp;gt;&amp;gt;&amp;gt;&amp;gt;&amp;gt;&amp;gt;&amp;gt;&amp;gt;&amp;gt;&amp;gt;&amp;gt;&amp;gt;&amp;gt;&amp;gt;&amp;gt;&amp;gt;&amp;gt;&amp;gt;&amp;gt;&amp;gt;&amp;gt;&amp;gt;&amp;gt;&amp;gt;&amp;gt;&amp;gt;&amp;gt;&amp;gt;&amp;gt;&amp;gt;
&lt;/pre&gt;
&lt;/div&gt;&lt;/div&gt;

&lt;p&gt;One of the struggles in debugging a build can be forked executions. &lt;br/&gt;
If the forked execution implicitly depends on some goal of some plugin that is bound to a phase after the forked goal, the build fails. This would be easier to debug if this message included the goal.&lt;/p&gt;</description>
                <environment />
        <key id="12796099">MNG-5416</key>
            <summary>Forked execution message should specify the forked goal</summary>
                <type id="1" iconUrl="https://issues.apache.org/jira/secure/viewavatar?size=xsmall&amp;avatarId=21133&amp;avatarType=issuetype">Bug</type>
                                            <priority id="4" iconUrl="https://issues.apache.org/jira/images/icons/priorities/minor.svg">Minor</priority>
                        <status id="6" iconUrl="https://issues.apache.org/jira/images/icons/statuses/closed.png" description="The issue is considered finished, the resolution is correct. Issues which are not closed can be reopened.">Closed</status>
                    <statusCategory id="3" key="done" colorName="green" />
                                    <resolution id="10000">Auto Closed</resolution>
                                        <assignee username="-1">Unassigned</assignee>
                                    <reporter username="bmargulies">Benson Margulies</reporter>
                        <labels>
                    </labels>
                <created>Tue, 1 Jan 2013 07:47:25 +0000</created>
                <updated>Fri, 16 Mar 2018 22:40:01 +0000</updated>
                            <resolved>Fri, 16 Mar 2018 22:40:01 +0000</resolved>
                                    <version>3.0.4</version>
                                                    <component>Reactor and Workspace</component>
                        <due />
                            <votes>1</votes>
                                    <watches>2</watches>
                                                                <comments>
                            <comment id="16402857" author="michael-o" created="Fri, 16 Mar 2018 22:40:01 +0000">&lt;p&gt;This issue has been auto closed because it has been inactive for a long period of time. If you think this issue still applies, retest your problem with the most recent version of Maven and the affected component, reopen and post your results.&lt;/p&gt;</comment>
                    </comments>
                    <attachments>
                    </attachments>
                <subtasks>
                    </subtasks>
                <customfields>
                                                                                                                                                                                                                                                                                                                                                                                                                                                                                                                                                                                                                                                                                                                    <customfield id="customfield_12314020" key="com.atlassian.jira.plugins.jira-development-integration-plugin:devsummary">
                        <customfieldname>Development</customfieldname>
                        <customfieldvalues>
                            
                        </customfieldvalues>
                    </customfield>
                                                                                                                        <customfield id="customfield_12313422" key="com.atlassian.jirafisheyeplugin:jobcheckbox">
                        <customfieldname>Enable Automatic Patch Review</customfieldname>
                        <customfieldvalues>
                            <customfieldvalue>false</customfieldvalue>

                        </customfieldvalues>
                    </customfield>
                                                                                                                                                                                                                                                                                                                                                                                                                                                                                                                                                                                                                    <customfield id="customfield_12310420" key="com.pyxis.greenhopper.jira:gh-global-rank">
                        <customfieldname>Global Rank</customfieldname>
                        <customfieldvalues>
                            <customfieldvalue>9223372036854775807</customfieldvalue>
                        </customfieldvalues>
                    </customfield>
                                                                                                                                                                                                                                                                                                                                                                                                                                                                        <customfield id="customfield_12311820" key="com.pyxis.greenhopper.jira:gh-lexo-rank">
                        <customfieldname>Rank</customfieldname>
                        <customfieldvalues>
                            <customfieldvalue>0|i28rzz:</customfieldvalue>

                        </customfieldvalues>
                    </customfield>
                                                                <customfield id="customfield_12310920" key="com.pyxis.greenhopper.jira:gh-global-rank">
                        <customfieldname>Rank (Obsolete)</customfieldname>
                        <customfieldvalues>
                            <customfieldvalue>9223372036854775807</customfieldvalue>
                        </customfieldvalues>
                    </customfield>
                                                                                                                                                                                                                                                                                                                                                                                                                                                                                                                                                                                                                                                                                                                                                                                            </customfields>
    </item>


</channel>
</rss>