<rss version="0.92">
    <channel>
        <title>ASF JIRA</title>
        <link>https://issues.apache.org/jira/issues/?jql=project+%3D+MNG+and+type+%3D+bug+and+%28status+%3D+RESOLVED+or+status+%3D+closed%29</link>
        <description>An XML representation of a search request</description>
                <language>en-uk</language>
                        <issue start="0" end="1000" total="3303" />
                <build-info>
            <version>8.20.7</version>
            <build-number>820007</build-number>
            <build-date>16-03-2022</build-date>
        </build-info>

<item>
            <title>[MNG-5477] "malformed POM" warning issued when no version in reporting section</title>
                <link>https://issues.apache.org/jira/browse/MNG-5477</link>
                <project id="12316922" key="MNG">Maven</project>
                    <description>&lt;p&gt;When "mvn site" is run on the project attached Maven twice complains that "'reporting.plugins.plugin.version' for org.apache.maven.plugins:maven-project-info-reports-plugin is missing", while the documentation on &lt;a href="http://maven.apache.org/plugins/maven-site-plugin/maven-3.html" class="external-link" target="_blank" rel="nofollow noopener"&gt;http://maven.apache.org/plugins/maven-site-plugin/maven-3.html&lt;/a&gt; clearly states that "When used with Maven 3, a report plugin version can be empty (like build plugins)."&lt;/p&gt;

&lt;p&gt;The plugin version actually used seems to be the one specified in the pluginManagement section of the parent POM, though.&lt;/p&gt;</description>
                <environment>Ubuntu 12.04 / Oracle JDK 7u17 / Maven 3.0.5 / m-site-p 3.2</environment>
        <key id="12796203">MNG-5477</key>
            <summary>"malformed POM" warning issued when no version in reporting section</summary>
                <type id="1" iconUrl="https://issues.apache.org/jira/secure/viewavatar?size=xsmall&amp;avatarId=21133&amp;avatarType=issuetype">Bug</type>
                                            <priority id="4" iconUrl="https://issues.apache.org/jira/images/icons/priorities/minor.svg">Minor</priority>
                        <status id="6" iconUrl="https://issues.apache.org/jira/images/icons/statuses/closed.png" description="The issue is considered finished, the resolution is correct. Issues which are not closed can be reopened.">Closed</status>
                    <statusCategory id="3" key="done" colorName="green" />
                                    <resolution id="1">Fixed</resolution>
                                        <assignee username="hboutemy">Herve Boutemy</assignee>
                                    <reporter username="wjg">Wolf Geldmacher</reporter>
                        <labels>
                    </labels>
                <created>Wed, 10 Apr 2013 05:03:06 +0000</created>
                <updated>Thu, 6 Jan 2022 17:29:53 +0000</updated>
                            <resolved>Mon, 20 May 2013 17:18:10 +0000</resolved>
                                    <version>3.0</version>
                    <version>3.0.5</version>
                                    <fixVersion>3.1.0-alpha-1</fixVersion>
                                    <component>Inheritance and Interpolation</component>
                        <due />
                            <votes>1</votes>
                                    <watches>5</watches>
                                                                <comments>
                            <comment id="14418174" author="hboutemy" created="Sun, 12 May 2013 17:01:12 +0000">&lt;p&gt;validation happens in &lt;a href="http://maven.apache.org/ref/3.0.5/maven-model-builder/xref/org/apache/maven/model/validation/DefaultModelValidator.html#305" class="external-link" target="_blank" rel="nofollow noopener"&gt;DefaultModelValidator&lt;/a&gt;&lt;/p&gt;</comment>
                            <comment id="14418137" author="pbodnar" created="Fri, 17 May 2013 05:19:15 +0000">&lt;p&gt;Hopefully this gets fixed as soon as possible because now you get quite a lot of warnings (depending on how many reporting plugins you use) which in fact shouldn't be there because they are &lt;b&gt;misleading&lt;/b&gt;. As stated in the description: "The plugin version actually used seems to be the one specified in the pluginManagement section of the parent POM."&lt;/p&gt;

&lt;p&gt;Yes, there is a workaround, repeating the plugin version in the &amp;lt;reporting&amp;gt; section, but getting rid of this DRY principle violation is exactly one of the main reasons why many users made the switch to Maven 3. So maybe reconsider the bug priority?&lt;/p&gt;</comment>
                            <comment id="14418223" author="hboutemy" created="Sat, 18 May 2013 05:20:03 +0000">&lt;p&gt;removed a warning about reporting section being deprecated in &lt;a href="http://git-wip-us.apache.org/repos/asf/maven/commit/7d359445" class="external-link" target="_blank" rel="nofollow noopener"&gt;7d359445&lt;/a&gt;, before we're hit by this one too, because we're not ready to deprecate it for the moment: see &lt;a href="https://issues.apache.org/jira/browse/MSITE-484" title="Support adding and overriding report plugins in new maven-site-plugin 3.x reportPlugins configuration format" class="issue-link" data-issue-key="MSITE-484"&gt;MSITE-484&lt;/a&gt;&lt;/p&gt;</comment>
                            <comment id="14418187" author="hboutemy" created="Mon, 20 May 2013 16:22:52 +0000">&lt;p&gt;unit test added in &lt;a href="http://git-wip-us.apache.org/repos/asf/maven/commit/ed1501ec" class="external-link" target="_blank" rel="nofollow noopener"&gt;ed1501ec&lt;/a&gt;&lt;/p&gt;</comment>
                            <comment id="14418139" author="hboutemy" created="Mon, 20 May 2013 17:18:11 +0000">&lt;p&gt;done in &lt;a href="http://git-wip-us.apache.org/repos/asf/maven/commit/4db66fd0" class="external-link" target="_blank" rel="nofollow noopener"&gt;4db66fd0&lt;/a&gt;&lt;/p&gt;</comment>
                            <comment id="14418242" author="joerg.sesterhenn" created="Mon, 2 Sep 2013 02:01:30 +0000">&lt;p&gt;Can you tell me if there is any chance that the fix for pluginManagement that was applied in Maven 3.1.0-alpha-1 will we patched to Maven 3.0.x?&lt;br/&gt;
I need a stable Maven Version where reporting works. 3.1.0 is still not compatible with a lot of plugins we require...&lt;/p&gt;</comment>
                    </comments>
                <issuelinks>
                            <issuelinktype id="12310260">
                    <name>Related</name>
                                            <outwardlinks description="relates to">
                                        <issuelink>
            <issuekey id="12808564">MSITE-484</issuekey>
        </issuelink>
            <issuelink>
            <issuekey id="12809116">MSITE-443</issuekey>
        </issuelink>
                            </outwardlinks>
                                                        </issuelinktype>
                    </issuelinks>
                <attachments>
                            <attachment id="12712756" name="mvn-site.zip" size="1346" author="wjg" created="Wed, 10 Apr 2013 05:03:06 +0000" />
                    </attachments>
                <subtasks>
                    </subtasks>
                <customfields>
                                                                                                                                                                                                                                                                                                                                                                                                                                                                                                                                                                                                                                                                                                                    <customfield id="customfield_12314020" key="com.atlassian.jira.plugins.jira-development-integration-plugin:devsummary">
                        <customfieldname>Development</customfieldname>
                        <customfieldvalues>
                            
                        </customfieldvalues>
                    </customfield>
                                                                                                                        <customfield id="customfield_12313422" key="com.atlassian.jirafisheyeplugin:jobcheckbox">
                        <customfieldname>Enable Automatic Patch Review</customfieldname>
                        <customfieldvalues>
                            <customfieldvalue>false</customfieldvalue>

                        </customfieldvalues>
                    </customfield>
                                                                                                                                                                                                                                                                                                                                                                                                                                                                                                                                                                                                                    <customfield id="customfield_12310420" key="com.pyxis.greenhopper.jira:gh-global-rank">
                        <customfieldname>Global Rank</customfieldname>
                        <customfieldvalues>
                            <customfieldvalue>9223372036854775807</customfieldvalue>
                        </customfieldvalues>
                    </customfield>
                                                                                                                                                                                                                                                                                                                                                                                                                                                                        <customfield id="customfield_12311820" key="com.pyxis.greenhopper.jira:gh-lexo-rank">
                        <customfieldname>Rank</customfieldname>
                        <customfieldvalues>
                            <customfieldvalue>0|i28y9z:</customfieldvalue>

                        </customfieldvalues>
                    </customfield>
                                                                <customfield id="customfield_12310920" key="com.pyxis.greenhopper.jira:gh-global-rank">
                        <customfieldname>Rank (Obsolete)</customfieldname>
                        <customfieldvalues>
                            <customfieldvalue>9223372036854775807</customfieldvalue>
                        </customfieldvalues>
                    </customfield>
                                                                                                                                                                                                                                                                                                                                                                                                                                                                                                                                                                                                                                                                                                                                                                                            </customfields>
    </item>


</channel>
</rss>