<rss version="0.92">
    <channel>
        <title>ASF JIRA</title>
        <link>https://issues.apache.org/jira/issues/?jql=project+%3D+MNG+and+type+%3D+bug+and+%28status+%3D+RESOLVED+or+status+%3D+closed%29</link>
        <description>An XML representation of a search request</description>
                <language>en-uk</language>
                        <issue start="0" end="1000" total="3303" />
                <build-info>
            <version>8.20.7</version>
            <build-number>820007</build-number>
            <build-date>16-03-2022</build-date>
        </build-info>

<item>
            <title>[MNG-5198] Error in starting maven - nullpointerexception</title>
                <link>https://issues.apache.org/jira/browse/MNG-5198</link>
                <project id="12316922" key="MNG">Maven</project>
                    <description>&lt;p&gt;When I run mvn --version I am getting the following error.&lt;/p&gt;

&lt;p&gt;java.lang.NullPointerException: key can't be null&lt;br/&gt;
        at java.lang.System.checkKey(System.java:773)&lt;br/&gt;
        at java.lang.System.getProperty(System.java:649)&lt;br/&gt;
        at org.codehaus.classworlds.Configurator.configure(Configurator.java:240&lt;br/&gt;
)&lt;br/&gt;
        at org.codehaus.classworlds.Launcher.configure(Launcher.java:156)&lt;br/&gt;
        at org.codehaus.classworlds.Launcher.mainWithExitCode(Launcher.java:426)&lt;/p&gt;

&lt;p&gt;        at org.codehaus.classworlds.Launcher.main(Launcher.java:375)&lt;/p&gt;

&lt;p&gt;The following are the settings done for Maven&lt;br/&gt;
set JAVA_HOME=D:/java/jdk1.6.0_02&lt;br/&gt;
set M2_HOME=D:/ReadNew/apache-maven-2.2.1&lt;br/&gt;
set M2=%M2_HOME%/bin&lt;/p&gt;

&lt;p&gt;After referring to the link (&lt;a href="http://maven.40175.n5.nabble.com/Created-MNG-4865-mvn-fails-because-of-null-property-td3211656.html" class="external-link" target="_blank" rel="nofollow noopener"&gt;http://maven.40175.n5.nabble.com/Created-MNG-4865-mvn-fails-because-of-null-property-td3211656.html&lt;/a&gt;) I added the following entry in m2.conf &lt;br/&gt;
set MAVEN_OPTS=-Xmx1024m -XX:MaxPermSize=256m&lt;/p&gt;

&lt;p&gt;But still the error persists. &lt;br/&gt;
Could someone help me in resolving the same.&lt;/p&gt;
</description>
                <environment>windows XP</environment>
        <key id="12796035">MNG-5198</key>
            <summary>Error in starting maven - nullpointerexception</summary>
                <type id="1" iconUrl="https://issues.apache.org/jira/secure/viewavatar?size=xsmall&amp;avatarId=21133&amp;avatarType=issuetype">Bug</type>
                                            <priority id="3" iconUrl="https://issues.apache.org/jira/images/icons/priorities/major.svg">Major</priority>
                        <status id="6" iconUrl="https://issues.apache.org/jira/images/icons/statuses/closed.png" description="The issue is considered finished, the resolution is correct. Issues which are not closed can be reopened.">Closed</status>
                    <statusCategory id="3" key="done" colorName="green" />
                                    <resolution id="5">Cannot Reproduce</resolution>
                                        <assignee username="-1">Unassigned</assignee>
                                    <reporter username="pgpskr">pgp skr</reporter>
                        <labels>
                    </labels>
                <created>Thu, 10 Nov 2011 07:25:02 +0000</created>
                <updated>Tue, 13 Nov 2012 18:31:52 +0000</updated>
                            <resolved>Tue, 13 Nov 2012 18:31:52 +0000</resolved>
                                    <version>2.2.1</version>
                                                    <component>Errors</component>
                        <due />
                            <votes>0</votes>
                                    <watches>1</watches>
                                                                        <attachments>
                            <attachment id="12713262" name="maven_error.bmp" size="2986038" author="pgpskr" created="Thu, 10 Nov 2011 07:25:02 +0000" />
                    </attachments>
                <subtasks>
                    </subtasks>
                <customfields>
                                                                                                                                                                                                                                                                                                                                                                                                                                                                                                                                                                                                                                                                                                                    <customfield id="customfield_12314020" key="com.atlassian.jira.plugins.jira-development-integration-plugin:devsummary">
                        <customfieldname>Development</customfieldname>
                        <customfieldvalues>
                            
                        </customfieldvalues>
                    </customfield>
                                                                                                                        <customfield id="customfield_12313422" key="com.atlassian.jirafisheyeplugin:jobcheckbox">
                        <customfieldname>Enable Automatic Patch Review</customfieldname>
                        <customfieldvalues>
                            <customfieldvalue>false</customfieldvalue>

                        </customfieldvalues>
                    </customfield>
                                                                                                                                                                                                                                                                                                                                                                                                                                                                                                                                                                                                                    <customfield id="customfield_12310420" key="com.pyxis.greenhopper.jira:gh-global-rank">
                        <customfieldname>Global Rank</customfieldname>
                        <customfieldvalues>
                            <customfieldvalue>9223372036854775807</customfieldvalue>
                        </customfieldvalues>
                    </customfield>
                                                                                                                                                                                                                                                                                                                                                                                                                                                                        <customfield id="customfield_12311820" key="com.pyxis.greenhopper.jira:gh-lexo-rank">
                        <customfieldname>Rank</customfieldname>
                        <customfieldvalues>
                            <customfieldvalue>0|i28x5b:</customfieldvalue>

                        </customfieldvalues>
                    </customfield>
                                                                <customfield id="customfield_12310920" key="com.pyxis.greenhopper.jira:gh-global-rank">
                        <customfieldname>Rank (Obsolete)</customfieldname>
                        <customfieldvalues>
                            <customfieldvalue>9223372036854775807</customfieldvalue>
                        </customfieldvalues>
                    </customfield>
                                                                                                                                                                                                                                                                                                                                                                                                                                                                                                                                                                                                                                                                                                                                                                                            </customfields>
    </item>


</channel>
</rss>