<rss version="0.92">
    <channel>
        <title>ASF JIRA</title>
        <link>https://issues.apache.org/jira/issues/?jql=project+%3D+MNG+and+type+%3D+bug+and+%28status+%3D+RESOLVED+or+status+%3D+closed%29</link>
        <description>An XML representation of a search request</description>
                <language>en-uk</language>
                        <issue start="0" end="1000" total="3303" />
                <build-info>
            <version>8.20.7</version>
            <build-number>820007</build-number>
            <build-date>16-03-2022</build-date>
        </build-info>

<item>
            <title>[MNG-5308] i installed the maven and run some comment in it but it showing some plugin is not available</title>
                <link>https://issues.apache.org/jira/browse/MNG-5308</link>
                <project id="12316922" key="MNG">Maven</project>
                    <description />
                <environment>C:\Documents and Settings\mercerserver&amp;gt;mvn clean&lt;br/&gt;
[INFO] Scanning for projects...&lt;br/&gt;
[INFO] ----------------------------------------------------------------------------&lt;br/&gt;
[INFO] Building Maven Default Project&lt;br/&gt;
[INFO]    task-segment: [clean]&lt;br/&gt;
[INFO] ----------------------------------------------------------------------------&lt;br/&gt;
[INFO] ------------------------------------------------------------------------&lt;br/&gt;
[ERROR] BUILD ERROR&lt;br/&gt;
[INFO] ------------------------------------------------------------------------&lt;br/&gt;
[INFO] The plugin &amp;#39;org.apache.maven.plugins:maven-clean-plugin&amp;#39; does not exist or no valid version could be found&lt;br/&gt;
[INFO] ------------------------------------------------------------------------&lt;br/&gt;
[INFO] For more information, run Maven with the -e switch&lt;br/&gt;
[INFO] ------------------------------------------------------------------------&lt;br/&gt;
[INFO] Total time: &amp;lt; 1 second&lt;br/&gt;
[INFO] Finished at: Thu Jul 05 15:51:19 IST 2012&lt;br/&gt;
[INFO] Final Memory: 1M/15M&lt;br/&gt;
[INFO] ------------------------------------------------------------------------</environment>
        <key id="12797439">MNG-5308</key>
            <summary>i installed the maven and run some comment in it but it showing some plugin is not available</summary>
                <type id="1" iconUrl="https://issues.apache.org/jira/secure/viewavatar?size=xsmall&amp;avatarId=21133&amp;avatarType=issuetype">Bug</type>
                                            <priority id="3" iconUrl="https://issues.apache.org/jira/images/icons/priorities/major.svg">Major</priority>
                        <status id="6" iconUrl="https://issues.apache.org/jira/images/icons/statuses/closed.png" description="The issue is considered finished, the resolution is correct. Issues which are not closed can be reopened.">Closed</status>
                    <statusCategory id="3" key="done" colorName="green" />
                                    <resolution id="8">Not A Problem</resolution>
                                        <assignee username="rfscholte">Robert Scholte</assignee>
                                    <reporter username="kdinesh691">Dinesh Kumar</reporter>
                        <labels>
                    </labels>
                <created>Thu, 5 Jul 2012 05:32:55 +0000</created>
                <updated>Sun, 17 Feb 2013 06:07:49 +0000</updated>
                            <resolved>Sun, 17 Feb 2013 06:07:49 +0000</resolved>
                                                                    <component>Plugin Requests</component>
                        <due />
                            <votes>0</votes>
                                    <watches>3</watches>
                                                                <comments>
                            <comment id="14418013" author="rfscholte" created="Sun, 17 Feb 2013 06:07:49 +0000">&lt;p&gt;After executing Maven for the first time, you should have seen the following message:&lt;/p&gt;
&lt;div class="preformatted panel" style="border-width: 1px;"&gt;&lt;div class="preformattedContent panelContent"&gt;
&lt;pre&gt;[INFO] Repository 'central' will be blacklisted&lt;/pre&gt;
&lt;/div&gt;&lt;/div&gt;

&lt;p&gt;This is very likely a network/proxy problem.&lt;/p&gt;

&lt;p&gt;Try &lt;tt&gt;mvn help:help -U&lt;/tt&gt; until you've downloaded the maven-help-plugin. (&lt;tt&gt;-U&lt;/tt&gt; will force an update, overruling blacklisted repositories)&lt;/p&gt;

&lt;p&gt;If you're using a proxy, please read &lt;a href="http://maven.apache.org/guides/mini/guide-proxies.html" class="external-link" target="_blank" rel="nofollow noopener"&gt;http://maven.apache.org/guides/mini/guide-proxies.html&lt;/a&gt;&lt;/p&gt;</comment>
                    </comments>
                    <attachments>
                            <attachment id="12713312" name="error].bmp" size="2359350" author="kdinesh691" created="Thu, 5 Jul 2012 05:32:55 +0000" />
                    </attachments>
                <subtasks>
                    </subtasks>
                <customfields>
                                                                                                                                                                                                                                                                                                                                                                                                                                                                                                                                                                                                                                                                                                                    <customfield id="customfield_12314020" key="com.atlassian.jira.plugins.jira-development-integration-plugin:devsummary">
                        <customfieldname>Development</customfieldname>
                        <customfieldvalues>
                            
                        </customfieldvalues>
                    </customfield>
                                                                                                                        <customfield id="customfield_12313422" key="com.atlassian.jirafisheyeplugin:jobcheckbox">
                        <customfieldname>Enable Automatic Patch Review</customfieldname>
                        <customfieldvalues>
                            <customfieldvalue>false</customfieldvalue>

                        </customfieldvalues>
                    </customfield>
                                                                                                                                                                                                                                                                                                                                                                                                                                                                                                                                                                                                                    <customfield id="customfield_12310420" key="com.pyxis.greenhopper.jira:gh-global-rank">
                        <customfieldname>Global Rank</customfieldname>
                        <customfieldvalues>
                            <customfieldvalue>9223372036854775807</customfieldvalue>
                        </customfieldvalues>
                    </customfield>
                                                                                                                                                                                                                                                                                                                                                                                                                                                                        <customfield id="customfield_12311820" key="com.pyxis.greenhopper.jira:gh-lexo-rank">
                        <customfieldname>Rank</customfieldname>
                        <customfieldvalues>
                            <customfieldvalue>0|i2909j:</customfieldvalue>

                        </customfieldvalues>
                    </customfield>
                                                                <customfield id="customfield_12310920" key="com.pyxis.greenhopper.jira:gh-global-rank">
                        <customfieldname>Rank (Obsolete)</customfieldname>
                        <customfieldvalues>
                            <customfieldvalue>9223372036854775807</customfieldvalue>
                        </customfieldvalues>
                    </customfield>
                                                                                                                                                                                                                                                                                                                                                                                                                                                                                                                                                                                                                                                                                                                                                                                            </customfields>
    </item>


</channel>
</rss>