<rss version="0.92">
    <channel>
        <title>ASF JIRA</title>
        <link>https://issues.apache.org/jira/issues/?jql=project+%3D+MNG+and+type+%3D+bug+and+%28status+%3D+RESOLVED+or+status+%3D+closed%29</link>
        <description>An XML representation of a search request</description>
                <language>en-uk</language>
                        <issue start="0" end="1000" total="3303" />
                <build-info>
            <version>8.20.7</version>
            <build-number>820007</build-number>
            <build-date>16-03-2022</build-date>
        </build-info>

<item>
            <title>[MNG-5860] Maven ${id} property leaking into other build tool</title>
                <link>https://issues.apache.org/jira/browse/MNG-5860</link>
                <project id="12316922" key="MNG">Maven</project>
                    <description>&lt;p&gt;There seems to be a problem that, occasionally, the ${id} property seems to be leaking across from Maven into a Dojo build, run through maven-antrun. The details are on stackoverflow:&lt;/p&gt;

&lt;p&gt;&lt;a href="http://stackoverflow.com/questions/31387310/dojo-build-shrinksafe-using-maven-project-id-in-embedded-html" class="external-link" target="_blank" rel="nofollow noopener"&gt;http://stackoverflow.com/questions/31387310/dojo-build-shrinksafe-using-maven-project-id-in-embedded-html&lt;/a&gt;&lt;/p&gt;

&lt;p&gt;It doesn't always happen, but we've recently changed our repository setting to change the EOL characters to CRLF on commit. Has anyone come across this problem and found a solution&lt;/p&gt;</description>
                <environment>Windows 7</environment>
        <key id="12845597">MNG-5860</key>
            <summary>Maven ${id} property leaking into other build tool</summary>
                <type id="1" iconUrl="https://issues.apache.org/jira/secure/viewavatar?size=xsmall&amp;avatarId=21133&amp;avatarType=issuetype">Bug</type>
                                            <priority id="4" iconUrl="https://issues.apache.org/jira/images/icons/priorities/minor.svg">Minor</priority>
                        <status id="6" iconUrl="https://issues.apache.org/jira/images/icons/statuses/closed.png" description="The issue is considered finished, the resolution is correct. Issues which are not closed can be reopened.">Closed</status>
                    <statusCategory id="3" key="done" colorName="green" />
                                    <resolution id="4">Incomplete</resolution>
                                        <assignee username="-1">Unassigned</assignee>
                                    <reporter username="LaughingLemon">Shaun Parry</reporter>
                        <labels>
                            <label>sample-project-missing</label>
                    </labels>
                <created>Thu, 16 Jul 2015 13:54:54 +0000</created>
                <updated>Sun, 17 Jun 2018 20:48:56 +0000</updated>
                            <resolved>Sun, 17 Jun 2018 20:48:56 +0000</resolved>
                                    <version>3.0.5</version>
                                                    <component>Errors</component>
                        <due />
                            <votes>0</votes>
                                    <watches>3</watches>
                                                                <comments>
                            <comment id="15578958" author="michael-o" created="Sat, 15 Oct 2016 23:51:31 +0000">&lt;p&gt;Please provide a sample project.&lt;/p&gt;</comment>
                            <comment id="16515219" author="michael-o" created="Sun, 17 Jun 2018 20:48:56 +0000">&lt;p&gt;No sample project given.&lt;/p&gt;</comment>
                    </comments>
                    <attachments>
                    </attachments>
                <subtasks>
                    </subtasks>
                <customfields>
                                                                                                                                                                                                                                                                                                                                                                                                                                                                                                                                                                                                                                                                                                                    <customfield id="customfield_12314020" key="com.atlassian.jira.plugins.jira-development-integration-plugin:devsummary">
                        <customfieldname>Development</customfieldname>
                        <customfieldvalues>
                            
                        </customfieldvalues>
                    </customfield>
                                                                                                                        <customfield id="customfield_12313422" key="com.atlassian.jirafisheyeplugin:jobcheckbox">
                        <customfieldname>Enable Automatic Patch Review</customfieldname>
                        <customfieldvalues>
                            <customfieldvalue>false</customfieldvalue>

                        </customfieldvalues>
                    </customfield>
                                                                                                                                                                                                                                                                                                                                                                                                                                                                                                                                                                                                                    <customfield id="customfield_12310420" key="com.pyxis.greenhopper.jira:gh-global-rank">
                        <customfieldname>Global Rank</customfieldname>
                        <customfieldvalues>
                            <customfieldvalue>9223372036854775807</customfieldvalue>
                        </customfieldvalues>
                    </customfield>
                                                                                                                                                                                                                                                                                                                                                                                                                                                                        <customfield id="customfield_12311820" key="com.pyxis.greenhopper.jira:gh-lexo-rank">
                        <customfieldname>Rank</customfieldname>
                        <customfieldvalues>
                            <customfieldvalue>0|i2hc87:</customfieldvalue>

                        </customfieldvalues>
                    </customfield>
                                                                <customfield id="customfield_12310920" key="com.pyxis.greenhopper.jira:gh-global-rank">
                        <customfieldname>Rank (Obsolete)</customfieldname>
                        <customfieldvalues>
                            <customfieldvalue>9223372036854775807</customfieldvalue>
                        </customfieldvalues>
                    </customfield>
                                                                                                                                                                                                                                                                                                                                                                                                                                                                                                                                                                                                                                                                                                                                                                                            </customfields>
    </item>


</channel>
</rss>