<rss version="0.92">
    <channel>
        <title>ASF JIRA</title>
        <link>https://issues.apache.org/jira/issues/?jql=project+%3D+MNG+and+type+%3D+bug+and+%28status+%3D+RESOLVED+or+status+%3D+closed%29</link>
        <description>An XML representation of a search request</description>
                <language>en-uk</language>
                        <issue start="0" end="1000" total="3303" />
                <build-info>
            <version>8.20.7</version>
            <build-number>820007</build-number>
            <build-date>16-03-2022</build-date>
        </build-info>

<item>
            <title>[MNG-5475] [REGRESSION] repo and pluginRepo with different id's prevent resolution of common parent POM </title>
                <link>https://issues.apache.org/jira/browse/MNG-5475</link>
                <project id="12316922" key="MNG">Maven</project>
                    <description>&lt;p&gt;I have a settings.xml file with an activated profile that lists one repository and one pluginRepository, both pointing at the same repo (on disk) BUT using different repository id's.&lt;/p&gt;

&lt;p&gt;In this repository, I have deployed a parent POM and a plugin. The plugin lists the parent POM as its parent.&lt;/p&gt;

&lt;p&gt;I also have another jar project that uses the parent POM as its parent, and uses the plugin during its build.&lt;/p&gt;

&lt;p&gt;NOW:&lt;/p&gt;

&lt;p&gt;When building with Maven 3.0.3, the jar project build completes correctly. But, when I build with ANY VERSION AFTER 3.0.3 (3.0.4, 3.0.5, 3.1.0-alpha-1 from March 30th, io.tesla.maven.apache-maven 3.1.2...even though that's not part of Apache Maven at all) IT FAILS.&lt;/p&gt;

&lt;p&gt;The specific failure is that it cannot find the common parent POM as it's trying to resolve the plugin. Looking closely at the build logs, you can see Maven resolve the parent POM using the non-plugin repository, and update _maven.repository (I've verified that this non-plugin repository's id is stored here). Then, Maven tries to resolve the plugin POM, sees that the parent POM is in the local repository and isn't set to be updated yet. So, it tries to verify that that parent POM is available via the plugin repositories it knows about...which is where _maven.repository seems to come in. It has the wrong value, and causes Maven to discard the locally cached parent POM.&lt;/p&gt;

&lt;p&gt;So, Maven won't update this parent POM in the local repo, but refuses to use the one that's there because it came from the wrong place.&lt;/p&gt;

&lt;p&gt;It seems like Aether is not smart enough to understand that the two repositories are the same, even though the repository-id is different. I suspect this could lead to VERY strange-seeming errors if two projects referenced the same parent POM and repository URL but with different repo-id's.&lt;/p&gt;

&lt;p&gt;I'm attaching a test case. It contains the repository with the parent POM and the plugin, along with the source projects for each. It also contains the jar project (bar-child) which has a settings.xml file in it. Finally, in the bar-child/ directory you'll find build-*.log files corresponding to each attempt I made with different Maven versions. The root directory is: &lt;/p&gt;

&lt;p&gt;repo-id-squash/&lt;/p&gt;

&lt;p&gt;NOTE: If you want to run the test case, you'll need to modify the paths in the bar-child/settings.xml since they're currently specific to my filesystem.&lt;/p&gt;</description>
                <environment>OS X (10.8.3), JDK 1.6</environment>
        <key id="12797234">MNG-5475</key>
            <summary>[REGRESSION] repo and pluginRepo with different id's prevent resolution of common parent POM </summary>
                <type id="1" iconUrl="https://issues.apache.org/jira/secure/viewavatar?size=xsmall&amp;avatarId=21133&amp;avatarType=issuetype">Bug</type>
                                            <priority id="2" iconUrl="https://issues.apache.org/jira/images/icons/priorities/critical.svg">Critical</priority>
                        <status id="6" iconUrl="https://issues.apache.org/jira/images/icons/statuses/closed.png" description="The issue is considered finished, the resolution is correct. Issues which are not closed can be reopened.">Closed</status>
                    <statusCategory id="3" key="done" colorName="green" />
                                    <resolution id="1">Fixed</resolution>
                                        <assignee username="-1">Unassigned</assignee>
                                    <reporter username="jdcasey">John Dennis Casey</reporter>
                        <labels>
                    </labels>
                <created>Thu, 9 May 2013 22:12:12 +0000</created>
                <updated>Wed, 27 Jan 2016 00:43:35 +0000</updated>
                            <resolved>Wed, 27 Jan 2016 00:43:35 +0000</resolved>
                                    <version>3.0.4</version>
                    <version>3.0.5</version>
                    <version>3.1.0-alpha-1</version>
                                                    <component>Artifacts and Repositories</component>
                        <due />
                            <votes>1</votes>
                                    <watches>5</watches>
                                                                <comments>
                            <comment id="15118355" author="schulte77" created="Wed, 27 Jan 2016 00:43:35 +0000">&lt;p&gt;Issue is not reproducible using&lt;/p&gt;

&lt;div class="code panel" style="border-width: 1px;"&gt;&lt;div class="codeContent panelContent"&gt;
&lt;pre class="code-java"&gt;Apache Maven 3.4.0-SNAPSHOT (5c98a4261f7e50ee0197902c5737ebfc0acac724; 2016-01-26T02:49:41+01:00)
&lt;/pre&gt;
&lt;/div&gt;&lt;/div&gt;

&lt;p&gt;Looking at &lt;a href="https://issues.apache.org/jira/browse/MNG-5163" title="MavenProject.getPluginRepositories misimplemented" class="issue-link" data-issue-key="MNG-5163"&gt;&lt;del&gt;MNG-5163&lt;/del&gt;&lt;/a&gt;, the plugin repositories have not been used in Maven &amp;lt; 3.0.4. There also is &lt;a href="https://issues.apache.org/jira/browse/MNG-5149" title="DefaultArtifactRepositoryFactory.createArtifactRepository overload w/ layoutId passes wrong (repo) id" class="issue-link" data-issue-key="MNG-5149"&gt;&lt;del&gt;MNG-5149&lt;/del&gt;&lt;/a&gt; correcting a repository id issue in 3.0.4.&lt;/p&gt;

&lt;p&gt;I guess the issue has been solved in Aether. Maybe the Aether bugzilla contains a corresponding entry.&lt;/p&gt;

&lt;p&gt;Please re-open, if the issue still exists.&lt;/p&gt;</comment>
                    </comments>
                    <attachments>
                            <attachment id="12713117" name="repo-id-squash.zip" size="57023" author="jdcasey" created="Thu, 9 May 2013 22:12:13 +0000" />
                    </attachments>
                <subtasks>
                    </subtasks>
                <customfields>
                                                                                                                                                                                                                                                                                                                                                                                                                                                                                                                                                                                                                                                                                                                    <customfield id="customfield_12314020" key="com.atlassian.jira.plugins.jira-development-integration-plugin:devsummary">
                        <customfieldname>Development</customfieldname>
                        <customfieldvalues>
                            
                        </customfieldvalues>
                    </customfield>
                                                                                                                        <customfield id="customfield_12313422" key="com.atlassian.jirafisheyeplugin:jobcheckbox">
                        <customfieldname>Enable Automatic Patch Review</customfieldname>
                        <customfieldvalues>
                            <customfieldvalue>false</customfieldvalue>

                        </customfieldvalues>
                    </customfield>
                                                                                                                                                                                                                                                                                                                                                                                                                                                                                                                                                                                                                    <customfield id="customfield_12310420" key="com.pyxis.greenhopper.jira:gh-global-rank">
                        <customfieldname>Global Rank</customfieldname>
                        <customfieldvalues>
                            <customfieldvalue>9223372036854775807</customfieldvalue>
                        </customfieldvalues>
                    </customfield>
                                                                                                                                                                                                                                                                                                                                                                                                                                                                        <customfield id="customfield_12311820" key="com.pyxis.greenhopper.jira:gh-lexo-rank">
                        <customfieldname>Rank</customfieldname>
                        <customfieldvalues>
                            <customfieldvalue>0|i28ub3:</customfieldvalue>

                        </customfieldvalues>
                    </customfield>
                                                                <customfield id="customfield_12310920" key="com.pyxis.greenhopper.jira:gh-global-rank">
                        <customfieldname>Rank (Obsolete)</customfieldname>
                        <customfieldvalues>
                            <customfieldvalue>9223372036854775807</customfieldvalue>
                        </customfieldvalues>
                    </customfield>
                                                                                                                                                                                                                                                                                                                                                                                                                                                                                                                                                                                                                                                                                                        <customfield id="customfield_12312220" key="com.atlassian.jira.plugin.system.customfieldtypes:radiobuttons">
                        <customfieldname>Testcase included</customfieldname>
                        <customfieldvalues>
                                <customfieldvalue key="11060">Yes</customfieldvalue>

                        </customfieldvalues>
                    </customfield>
                                                                                                                        </customfields>
    </item>


</channel>
</rss>