<rss version="0.92">
    <channel>
        <title>ASF JIRA</title>
        <link>https://issues.apache.org/jira/issues/?jql=project+%3D+MNG+and+type+%3D+bug+and+%28status+%3D+RESOLVED+or+status+%3D+closed%29</link>
        <description>An XML representation of a search request</description>
                <language>en-uk</language>
                        <issue start="0" end="1000" total="3303" />
                <build-info>
            <version>8.20.7</version>
            <build-number>820007</build-number>
            <build-date>16-03-2022</build-date>
        </build-info>

<item>
            <title>[MNG-5368] UnsupportedOperationException thrown when version range is not correct in dependencyManagement definitions</title>
                <link>https://issues.apache.org/jira/browse/MNG-5368</link>
                <project id="12316922" key="MNG">Maven</project>
                    <description>&lt;p&gt;When specifying a non valid version range in a dependencyManagement tag, instead of a descriptive error message we get a UnsupportedOperationException thrown. The code at fault in org.apache.maven.project.MavenProject#getManagedVersionMap is:&lt;/p&gt;

&lt;div class="code panel" style="border-width: 1px;"&gt;&lt;div class="codeContent panelContent"&gt;
&lt;pre class="code-java"&gt;
map = &lt;span class="code-keyword"&gt;new&lt;/span&gt; HashMap&amp;lt;&lt;span class="code-object"&gt;String&lt;/span&gt;, Artifact&amp;gt;();
                &lt;span class="code-keyword"&gt;for&lt;/span&gt; ( Iterator&amp;lt;Dependency&amp;gt; i = dependencyManagement.getDependencies().iterator(); i.hasNext(); )
                {
                    Dependency d = i.next();

                    Artifact artifact = repositorySystem.createDependencyArtifact( d );

                    &lt;span class="code-keyword"&gt;if&lt;/span&gt; ( artifact == &lt;span class="code-keyword"&gt;null&lt;/span&gt; )
                    {
                        map = Collections.emptyMap();
                    }

                    map.put( d.getManagementKey(), artifact );
&lt;/pre&gt;
&lt;/div&gt;&lt;/div&gt;

&lt;p&gt;When the artifact is null, the map is set to an immutable map and then the null artifact is then attempted to be put into it. This will always fail. This particular problem originates from code further down the stack in org.apache.maven.repository.legacy.LegacyRepositorySystem:&lt;/p&gt;

&lt;div class="code panel" style="border-width: 1px;"&gt;&lt;div class="codeContent panelContent"&gt;
&lt;pre class="code-java"&gt;
   &lt;span class="code-keyword"&gt;public&lt;/span&gt; Artifact createDependencyArtifact( Dependency d )
    {
        VersionRange versionRange;
        &lt;span class="code-keyword"&gt;try&lt;/span&gt;
        {
            versionRange = VersionRange.createFromVersionSpec( d.getVersion() );
        }
        &lt;span class="code-keyword"&gt;catch&lt;/span&gt; ( InvalidVersionSpecificationException e )
        {
            &lt;span class="code-keyword"&gt;return&lt;/span&gt; &lt;span class="code-keyword"&gt;null&lt;/span&gt;;
        }

&lt;/pre&gt;
&lt;/div&gt;&lt;/div&gt;

&lt;p&gt;Instead of signalling appropriately that an error has occurred, this exception is consumed and thus causes the erroneous behaviour mentioned in the first code snippet&lt;/p&gt;</description>
                <environment>MacOS 10.7.5 Darwin Kernel Version 11.4.2: xnu-1699.32.7~1/RELEASE_X86_64 x86_64</environment>
        <key id="12797212">MNG-5368</key>
            <summary>UnsupportedOperationException thrown when version range is not correct in dependencyManagement definitions</summary>
                <type id="1" iconUrl="https://issues.apache.org/jira/secure/viewavatar?size=xsmall&amp;avatarId=21133&amp;avatarType=issuetype">Bug</type>
                                            <priority id="3" iconUrl="https://issues.apache.org/jira/images/icons/priorities/major.svg">Major</priority>
                        <status id="6" iconUrl="https://issues.apache.org/jira/images/icons/statuses/closed.png" description="The issue is considered finished, the resolution is correct. Issues which are not closed can be reopened.">Closed</status>
                    <statusCategory id="3" key="done" colorName="green" />
                                    <resolution id="1">Fixed</resolution>
                                        <assignee username="schulte77">Christian Schulte</assignee>
                                    <reporter username="ajh21">Andrew Haines</reporter>
                        <labels>
                    </labels>
                <created>Tue, 6 Nov 2012 05:27:01 +0000</created>
                <updated>Sat, 28 Mar 2020 15:00:33 +0000</updated>
                            <resolved>Tue, 31 Jan 2017 21:49:05 +0000</resolved>
                                    <version>3.0.4</version>
                                    <fixVersion>3.5.0-alpha-1</fixVersion>
                    <fixVersion>3.5.0</fixVersion>
                                    <component>POM</component>
                        <due />
                            <votes>0</votes>
                                    <watches>6</watches>
                                                                <comments>
                            <comment id="14418454" author="jvanzyl" created="Wed, 22 Jan 2014 20:22:49 +0000">&lt;p&gt;Please refer to &lt;a href="https://cwiki.apache.org/confluence/display/MAVEN/The+Great+JIRA+Cleanup+of+2014" class="external-link" target="_blank" rel="nofollow noopener"&gt;https://cwiki.apache.org/confluence/display/MAVEN/The+Great+JIRA+Cleanup+of+2014&lt;/a&gt;&lt;/p&gt;</comment>
                            <comment id="14419314" author="jvanzyl" created="Wed, 22 Jan 2014 20:32:07 +0000">&lt;p&gt;Please refer to &lt;a href="https://cwiki.apache.org/confluence/display/MAVEN/The+Great+JIRA+Cleanup+of+2014" class="external-link" target="_blank" rel="nofollow noopener"&gt;https://cwiki.apache.org/confluence/display/MAVEN/The+Great+JIRA+Cleanup+of+2014&lt;/a&gt; if you're wondering why this issue was closed out.&lt;/p&gt;</comment>
                            <comment id="14419943" author="selliott@paml.com" created="Fri, 5 Dec 2014 13:00:17 +0000">&lt;p&gt;This should be reopened. At the very least, it would be ideal to get a an error log message indicating there is a version range problem.&lt;/p&gt;</comment>
                            <comment id="15065469" author="hudson" created="Sat, 19 Dec 2015 18:26:20 +0000">&lt;p&gt;SUCCESS: Integrated in maven-3.x #1179 (See &lt;a href="https://builds.apache.org/job/maven-3.x/1179/" class="external-link" target="_blank" rel="nofollow noopener"&gt;https://builds.apache.org/job/maven-3.x/1179/&lt;/a&gt;)&lt;br/&gt;
&lt;a href="https://issues.apache.org/jira/browse/MNG-5368" title="UnsupportedOperationException thrown when version range is not correct in dependencyManagement definitions" class="issue-link" data-issue-key="MNG-5368"&gt;&lt;del&gt;MNG-5368&lt;/del&gt;&lt;/a&gt; UnsupportedOperationException thrown when version range is (schulte: rev f2a8a4580f417a59afe34e425df150740429a5ea)&lt;/p&gt;
&lt;ul&gt;
	&lt;li&gt;maven-compat/src/main/java/org/apache/maven/repository/legacy/LegacyRepositorySystem.java&lt;/li&gt;
&lt;/ul&gt;
</comment>
                            <comment id="15811305" author="stephenc" created="Mon, 9 Jan 2017 09:56:25 +0000">&lt;p&gt;Maven 3.4.0 has been dropped. See &lt;a href="https://mail-archives.apache.org/mod_mbox/maven-dev/201701.mbox/%3CCA%2BnPnMx-e7kGYy3Hp87v8hLGdhp1q%3DtKLx_6QuZ4kGUqHEBGcw%40mail.gmail.com%3E" class="external-link" target="_blank" rel="nofollow noopener"&gt;this thread&lt;/a&gt; for more details.&lt;/p&gt;

&lt;p&gt;This issue will need to be re-scheduled for a Maven release in the (hopefully near) future.&lt;/p&gt;</comment>
                            <comment id="15847597" author="hudson" created="Tue, 31 Jan 2017 22:01:15 +0000">&lt;p&gt;SUCCESS: Integrated in Jenkins build maven-3.x #1534 (See &lt;a href="https://builds.apache.org/job/maven-3.x/1534/" class="external-link" target="_blank" rel="nofollow noopener"&gt;https://builds.apache.org/job/maven-3.x/1534/&lt;/a&gt;)&lt;br/&gt;
&lt;a href="https://issues.apache.org/jira/browse/MNG-5368" title="UnsupportedOperationException thrown when version range is not correct in dependencyManagement definitions" class="issue-link" data-issue-key="MNG-5368"&gt;&lt;del&gt;MNG-5368&lt;/del&gt;&lt;/a&gt; UnsupportedOperationException thrown when version range is (schulte: &lt;a href="http://git-wip-us.apache.org/repos/asf/?p=maven.git&amp;amp;a=commit&amp;amp;h=a3cdfbbbe9dcbd2737e3b4c1836c402f5d83ed46" class="external-link" target="_blank" rel="nofollow noopener"&gt;http://git-wip-us.apache.org/repos/asf/?p=maven.git&amp;amp;a=commit&amp;amp;h=a3cdfbbbe9dcbd2737e3b4c1836c402f5d83ed46&lt;/a&gt;)&lt;/p&gt;
&lt;ul&gt;
	&lt;li&gt;(edit) maven-compat/src/main/java/org/apache/maven/repository/legacy/LegacyRepositorySystem.java&lt;/li&gt;
&lt;/ul&gt;
</comment>
                            <comment id="17069672" author="hudson" created="Sat, 28 Mar 2020 15:00:33 +0000">&lt;p&gt;Build failed in Jenkins: Maven TLP &#187; maven-studies &#187; maven-metrics #4&lt;/p&gt;

&lt;p&gt;See &lt;a href="https://builds.apache.org/job/maven-box/job/maven-studies/job/maven-metrics/4/" class="external-link" target="_blank" rel="nofollow noopener"&gt;https://builds.apache.org/job/maven-box/job/maven-studies/job/maven-metrics/4/&lt;/a&gt;&lt;/p&gt;</comment>
                    </comments>
                <issuelinks>
                            <issuelinktype id="12310260">
                    <name>Related</name>
                                            <outwardlinks description="relates to">
                                        <issuelink>
            <issuekey id="12797260">MNG-5680</issuekey>
        </issuelink>
                            </outwardlinks>
                                                        </issuelinktype>
                    </issuelinks>
                <attachments>
                    </attachments>
                <subtasks>
                    </subtasks>
                <customfields>
                                                                                                                                                                                                                                                                                                                                                                                                                                                                                                                                                                                                                                                                                                                    <customfield id="customfield_12314020" key="com.atlassian.jira.plugins.jira-development-integration-plugin:devsummary">
                        <customfieldname>Development</customfieldname>
                        <customfieldvalues>
                            
                        </customfieldvalues>
                    </customfield>
                                                                                                                        <customfield id="customfield_12313422" key="com.atlassian.jirafisheyeplugin:jobcheckbox">
                        <customfieldname>Enable Automatic Patch Review</customfieldname>
                        <customfieldvalues>
                            <customfieldvalue>false</customfieldvalue>

                        </customfieldvalues>
                    </customfield>
                                                                                                                                                                                                                                                                                                                                                                                                                                                                                                                                                                                                                    <customfield id="customfield_12310420" key="com.pyxis.greenhopper.jira:gh-global-rank">
                        <customfieldname>Global Rank</customfieldname>
                        <customfieldvalues>
                            <customfieldvalue>9223372036854775807</customfieldvalue>
                        </customfieldvalues>
                    </customfield>
                                                                                                                                                                                                                                                                                                                                                                                                                                                                        <customfield id="customfield_12311820" key="com.pyxis.greenhopper.jira:gh-lexo-rank">
                        <customfieldname>Rank</customfieldname>
                        <customfieldvalues>
                            <customfieldvalue>0|i28r53:</customfieldvalue>

                        </customfieldvalues>
                    </customfield>
                                                                <customfield id="customfield_12310920" key="com.pyxis.greenhopper.jira:gh-global-rank">
                        <customfieldname>Rank (Obsolete)</customfieldname>
                        <customfieldvalues>
                            <customfieldvalue>9223372036854775807</customfieldvalue>
                        </customfieldvalues>
                    </customfield>
                                                                                                                                                                                                                                                                                                                                                                                                                                                                                                                                                                                                                                                                                                                                                                                            </customfields>
    </item>


</channel>
</rss>