<rss version="0.92">
    <channel>
        <title>ASF JIRA</title>
        <link>https://issues.apache.org/jira/issues/?jql=project+%3D+MNG+and+type+%3D+bug+and+%28status+%3D+RESOLVED+or+status+%3D+closed%29</link>
        <description>An XML representation of a search request</description>
                <language>en-uk</language>
                        <issue start="0" end="1000" total="3303" />
                <build-info>
            <version>8.20.7</version>
            <build-number>820007</build-number>
            <build-date>16-03-2022</build-date>
        </build-info>

<item>
            <title>[MNG-5624] Maven API Plugin descriptor xsd does not exist at advertised location</title>
                <link>https://issues.apache.org/jira/browse/MNG-5624</link>
                <project id="12316922" key="MNG">Maven</project>
                    <description>&lt;p&gt;The link &lt;a href="http://maven.apache.org/ref/3.2.1/maven-plugin-api/plugin.html" class="external-link" target="_blank" rel="nofollow noopener"&gt;http://maven.apache.org/ref/3.2.1/maven-plugin-api/plugin.html&lt;/a&gt; refers to the schemaLocation of &lt;a href="http://maven.apache.org/xsd/plugin-1.0.0.xsd" class="external-link" target="_blank" rel="nofollow noopener"&gt;http://maven.apache.org/xsd/plugin-1.0.0.xsd&lt;/a&gt; which does not exist. Can this be uploaded please.&lt;/p&gt;</description>
                <environment />
        <key id="12796180">MNG-5624</key>
            <summary>Maven API Plugin descriptor xsd does not exist at advertised location</summary>
                <type id="1" iconUrl="https://issues.apache.org/jira/secure/viewavatar?size=xsmall&amp;avatarId=21133&amp;avatarType=issuetype">Bug</type>
                                            <priority id="4" iconUrl="https://issues.apache.org/jira/images/icons/priorities/minor.svg">Minor</priority>
                        <status id="6" iconUrl="https://issues.apache.org/jira/images/icons/statuses/closed.png" description="The issue is considered finished, the resolution is correct. Issues which are not closed can be reopened.">Closed</status>
                    <statusCategory id="3" key="done" colorName="green" />
                                    <resolution id="1">Fixed</resolution>
                                        <assignee username="hboutemy">Herve Boutemy</assignee>
                                    <reporter username="davidmoten">Dave Moten</reporter>
                        <labels>
                    </labels>
                <created>Sun, 27 Apr 2014 07:12:36 +0000</created>
                <updated>Sat, 28 Mar 2020 14:57:36 +0000</updated>
                            <resolved>Sat, 24 May 2014 16:11:11 +0000</resolved>
                                    <version>3.2.1</version>
                                    <fixVersion>3.2.2</fixVersion>
                                    <component>Documentation:  General</component>
                        <due />
                            <votes>0</votes>
                                    <watches>5</watches>
                                                                <comments>
                            <comment id="14419654" author="jvanzyl" created="Wed, 7 May 2014 08:12:39 +0000">&lt;p&gt;I've attempted to fix the site generation. On the next site publish the descriptor should hopefully appear. I'll check and close the issue when I can validate it's made it to the public site.&lt;/p&gt;</comment>
                            <comment id="14419695" author="hboutemy" created="Sat, 10 May 2014 09:39:55 +0000">&lt;p&gt;I removed the xsd a few weeks ago, since it is not used in general (descriptor is not hand-written but generated by plugin-tools) and the xsd generated by Modello is known as incomplete (the configuration part is in fact a fake if you try it &lt;img class="emoticon" src="https://issues.apache.org/jira/images/icons/emoticons/smile.png" height="16" width="16" align="absmiddle" alt="" border="0"/&gt; )&lt;/p&gt;

&lt;p&gt;here is the commit &lt;a href="https://github.com/apache/maven/commit/19247f363bee07d1afc6f8902f4083fd890fc47a" class="external-link" target="_blank" rel="nofollow noopener"&gt;19247f363bee07d1afc6f8902f4083fd890fc47a&lt;/a&gt; and the site &lt;a href="http://maven.apache.org/ref/3-LATEST/maven-plugin-api/plugin.html" class="external-link" target="_blank" rel="nofollow noopener"&gt;has already been published with this change&lt;/a&gt;, ie no more link to an hypothetical xsd&lt;/p&gt;

&lt;p&gt;Jason restored the xsd generation in &lt;a href="https://github.com/apache/maven/commit/15aef63c4a57a4fc656baa1f4a168e1eed233159" class="external-link" target="_blank" rel="nofollow noopener"&gt;15aef63c4a57a4fc656baa1f4a168e1eed233159&lt;/a&gt;, which IMHO is not a good idea: we should revert and consider as the fix &lt;a href="https://github.com/apache/maven/commit/19247f363bee07d1afc6f8902f4083fd890fc47a" class="external-link" target="_blank" rel="nofollow noopener"&gt;19247f363bee07d1afc6f8902f4083fd890fc47a&lt;/a&gt;, done before the bug report&lt;/p&gt;

&lt;p&gt;WDYT? do you really intend to use the xsd?&lt;/p&gt;</comment>
                            <comment id="14419659" author="hboutemy" created="Sat, 24 May 2014 16:11:11 +0000">&lt;p&gt;no answer&lt;br/&gt;
reverted in &lt;a href="http://git-wip-us.apache.org/repos/asf/maven/commit/3729324a" class="external-link" target="_blank" rel="nofollow noopener"&gt;3729324a&lt;/a&gt;: there is no reference to any xsd as done in &lt;a href="https://github.com/apache/maven/commit/19247f363bee07d1afc6f8902f4083fd890fc47a" class="external-link" target="_blank" rel="nofollow noopener"&gt;19247f363bee07d1afc6f8902f4083fd890fc47a&lt;/a&gt;&lt;/p&gt;</comment>
                            <comment id="17069518" author="hudson" created="Sat, 28 Mar 2020 14:57:36 +0000">&lt;p&gt;Build failed in Jenkins: Maven TLP &#187; maven-studies &#187; maven-metrics #4&lt;/p&gt;

&lt;p&gt;See &lt;a href="https://builds.apache.org/job/maven-box/job/maven-studies/job/maven-metrics/4/" class="external-link" target="_blank" rel="nofollow noopener"&gt;https://builds.apache.org/job/maven-box/job/maven-studies/job/maven-metrics/4/&lt;/a&gt;&lt;/p&gt;</comment>
                    </comments>
                <issuelinks>
                            <issuelinktype id="12310260">
                    <name>Related</name>
                                            <outwardlinks description="relates to">
                                        <issuelink>
            <issuekey id="12796159">MNG-5596</issuekey>
        </issuelink>
                            </outwardlinks>
                                                        </issuelinktype>
                    </issuelinks>
                <attachments>
                    </attachments>
                <subtasks>
                    </subtasks>
                <customfields>
                                                                                                                                                                                                                                                                                                                                                                                                                                                                                                                                                                                                                                                                                                                    <customfield id="customfield_12314020" key="com.atlassian.jira.plugins.jira-development-integration-plugin:devsummary">
                        <customfieldname>Development</customfieldname>
                        <customfieldvalues>
                            
                        </customfieldvalues>
                    </customfield>
                                                                                                                        <customfield id="customfield_12313422" key="com.atlassian.jirafisheyeplugin:jobcheckbox">
                        <customfieldname>Enable Automatic Patch Review</customfieldname>
                        <customfieldvalues>
                            <customfieldvalue>false</customfieldvalue>

                        </customfieldvalues>
                    </customfield>
                                                                                                                                                                                                                                                                                                                                                                                                                                                                                                                                                                                                                    <customfield id="customfield_12310420" key="com.pyxis.greenhopper.jira:gh-global-rank">
                        <customfieldname>Global Rank</customfieldname>
                        <customfieldvalues>
                            <customfieldvalue>9223372036854775807</customfieldvalue>
                        </customfieldvalues>
                    </customfield>
                                                                                                                                                                                                                                                                                                                                                                                                                                                                        <customfield id="customfield_12311820" key="com.pyxis.greenhopper.jira:gh-lexo-rank">
                        <customfieldname>Rank</customfieldname>
                        <customfieldvalues>
                            <customfieldvalue>0|i291wv:</customfieldvalue>

                        </customfieldvalues>
                    </customfield>
                                                                <customfield id="customfield_12310920" key="com.pyxis.greenhopper.jira:gh-global-rank">
                        <customfieldname>Rank (Obsolete)</customfieldname>
                        <customfieldvalues>
                            <customfieldvalue>9223372036854775807</customfieldvalue>
                        </customfieldvalues>
                    </customfield>
                                                                                                                                                                                                                                                                                                                                                                                                                                                                                                                                                                                                                                                                                                                                                                                            </customfields>
    </item>


</channel>
</rss>