<rss version="0.92">
    <channel>
        <title>ASF JIRA</title>
        <link>https://issues.apache.org/jira/issues/?jql=project+%3D+MNG+and+type+%3D+bug+and+%28status+%3D+RESOLVED+or+status+%3D+closed%29</link>
        <description>An XML representation of a search request</description>
                <language>en-uk</language>
                        <issue start="0" end="1000" total="3303" />
                <build-info>
            <version>8.20.7</version>
            <build-number>820007</build-number>
            <build-date>16-03-2022</build-date>
        </build-info>

<item>
            <title>[MNG-5943] Build Failure due to NoClassDefFoundException: org/eclipse/aether/spi/connector/Transfer$State</title>
                <link>https://issues.apache.org/jira/browse/MNG-5943</link>
                <project id="12316922" key="MNG">Maven</project>
                    <description>&lt;p&gt;Mentioned below are the steps which results in Exception:&lt;/p&gt;

&lt;p&gt;&lt;b&gt;Step 1.&lt;/b&gt;&lt;br/&gt;
mvn -X install:install-file -Dfile=%ANDROID_HOME%\platforms\android-21\android.jar -DgroupId=com.google.android -DartifactId=android -Dversion=5.0.1_r2 -Dpackaging=jar -DgeneratePom=true&amp;gt;&amp;gt;log.txt&lt;/p&gt;

&lt;p&gt;&lt;b&gt;Step 2.&lt;/b&gt;&lt;br/&gt;
mvn -X archetype:generate -DarchetypeArtifactId=android-quickstart  -DarchetypeGroupId=de.akquinet.android.archetypes -DarchetypeVersion=1.1.0 -DgroupId=com.packt.androidMaven -DartifactId=chapter -Dversion=1.0-SNAPSHOT -Dplatform=21 --batch-mode --quiet&amp;gt;&amp;gt;log.txt&lt;/p&gt;

&lt;p&gt;&lt;b&gt;Step 3.&lt;/b&gt;  Check &amp;lt;platform.version&amp;gt; tag. If it is empty change to above used.&lt;/p&gt;

&lt;p&gt;&lt;b&gt;Step 4.&lt;/b&gt; D:\16.Maven\chapter&amp;gt;mvn -X  build&amp;gt;log.txt&lt;/p&gt;

&lt;p&gt;It results in below mentioned exceptions:&lt;/p&gt;

&lt;p&gt;{&lt;br/&gt;
Exception in thread "pool-1-thread-1" java.lang.NoClassDefFoundError: org/eclipse/aether/spi/connector/Transfer$State&lt;br/&gt;
        at org.eclipse.aether.connector.wagon.WagonRepositoryConnector$GetTask.run(WagonRepositoryConnector.java:608)&lt;br/&gt;
        at org.eclipse.aether.util.concurrency.RunnableErrorForwarder$1.run(RunnableErrorForwarder.java:67)&lt;br/&gt;
        at java.util.concurrent.ThreadPoolExecutor.runWorker(ThreadPoolExecutor.java:1145)&lt;br/&gt;
        at java.util.concurrent.ThreadPoolExecutor$Worker.run(ThreadPoolExecutor.java:615)&lt;br/&gt;
        at java.lang.Thread.run(Thread.java:744)&lt;br/&gt;
Caused by: java.lang.ClassNotFoundException: org.eclipse.aether.spi.connector.Transfer$State&lt;br/&gt;
        at org.codehaus.plexus.classworlds.strategy.SelfFirstStrategy.loadClass(SelfFirstStrategy.java:50)&lt;br/&gt;
        at org.codehaus.plexus.classworlds.realm.ClassRealm.unsynchronizedLoadClass(ClassRealm.java:271)&lt;br/&gt;
        at org.codehaus.plexus.classworlds.realm.ClassRealm.loadClass(ClassRealm.java:247)&lt;br/&gt;
        at org.codehaus.plexus.classworlds.realm.ClassRealm.loadClass(ClassRealm.java:239)&lt;br/&gt;
        ... 5 more&lt;br/&gt;
Exception in thread "main" java.lang.NoClassDefFoundError: org/eclipse/aether/spi/connector/Transfer$State&lt;br/&gt;
        at org.eclipse.aether.connector.wagon.WagonRepositoryConnector$GetTask.run(WagonRepositoryConnector.java:608)&lt;br/&gt;
        at org.eclipse.aether.util.concurrency.RunnableErrorForwarder$1.run(RunnableErrorForwarder.java:67)&lt;br/&gt;
        at java.util.concurrent.ThreadPoolExecutor.runWorker(ThreadPoolExecutor.java:1145)&lt;br/&gt;
        at java.util.concurrent.ThreadPoolExecutor$Worker.run(ThreadPoolExecutor.java:615)&lt;br/&gt;
        at java.lang.Thread.run(Thread.java:744)&lt;br/&gt;
Caused by: java.lang.ClassNotFoundException: org.eclipse.aether.spi.connector.Transfer$State&lt;br/&gt;
        at org.codehaus.plexus.classworlds.strategy.SelfFirstStrategy.loadClass(SelfFirstStrategy.java:50)&lt;br/&gt;
        at org.codehaus.plexus.classworlds.realm.ClassRealm.unsynchronizedLoadClass(ClassRealm.java:271)&lt;br/&gt;
        at org.codehaus.plexus.classworlds.realm.ClassRealm.loadClass(ClassRealm.java:247)&lt;br/&gt;
        at org.codehaus.plexus.classworlds.realm.ClassRealm.loadClass(ClassRealm.java:239)&lt;br/&gt;
        ... 5 more&lt;br/&gt;
}&lt;/p&gt;</description>
                <environment>Apache Maven 3.3.9 (bb52d8502b132ec0a5a3f4c09453c07478323dc5; 2015-11-10T22:11:47+05:30)&lt;br/&gt;
Maven home: D:\16.Maven\apache-maven-3.3.9\bin\..&lt;br/&gt;
Java version: 1.7.0_51, vendor: Oracle Corporation&lt;br/&gt;
Java home: C:\Program Files\Java\jdk1.7.0_51\jre&lt;br/&gt;
Default locale: en_US, platform encoding: Cp1252&lt;br/&gt;
OS name: &amp;quot;windows 7&amp;quot;, version: &amp;quot;6.1&amp;quot;, arch: &amp;quot;x86&amp;quot;, family: &amp;quot;windows&amp;quot;&lt;br/&gt;
</environment>
        <key id="12919539">MNG-5943</key>
            <summary>Build Failure due to NoClassDefFoundException: org/eclipse/aether/spi/connector/Transfer$State</summary>
                <type id="1" iconUrl="https://issues.apache.org/jira/secure/viewavatar?size=xsmall&amp;avatarId=21133&amp;avatarType=issuetype">Bug</type>
                                            <priority id="3" iconUrl="https://issues.apache.org/jira/images/icons/priorities/major.svg">Major</priority>
                        <status id="6" iconUrl="https://issues.apache.org/jira/images/icons/statuses/closed.png" description="The issue is considered finished, the resolution is correct. Issues which are not closed can be reopened.">Closed</status>
                    <statusCategory id="3" key="done" colorName="green" />
                                    <resolution id="8">Not A Problem</resolution>
                                        <assignee username="-1">Unassigned</assignee>
                                    <reporter username="AdarshMauyra">Adarsh Kumar Maurya</reporter>
                        <labels>
                            <label>github-import</label>
                    </labels>
                <created>Sun, 6 Dec 2015 23:05:13 +0000</created>
                <updated>Wed, 6 Jan 2016 15:57:30 +0000</updated>
                            <resolved>Sun, 20 Dec 2015 23:04:44 +0000</resolved>
                                    <version>3.3.9</version>
                                                    <component>Class Loading</component>
                        <due />
                            <votes>0</votes>
                                    <watches>3</watches>
                                                                <comments>
                            <comment id="15045465" author="adarshmauyra" created="Mon, 7 Dec 2015 18:47:23 +0000">&lt;p&gt;Hi, Team. Please check the issue above and kindly fix it. Thanks &lt;img class="emoticon" src="https://issues.apache.org/jira/images/icons/emoticons/smile.png" height="16" width="16" align="absmiddle" alt="" border="0"/&gt;&lt;/p&gt;</comment>
                            <comment id="15045581" author="khmarbaise" created="Mon, 7 Dec 2015 19:51:02 +0000">&lt;p&gt;Can you tell what this command: &lt;tt&gt;mvn -X build&lt;/tt&gt;   should do? Cause if i try to do such thing i will get an error message regarding the unknown life cycle phase...&lt;/p&gt;</comment>
                            <comment id="15047190" author="adarshmauyra" created="Tue, 8 Dec 2015 18:23:35 +0000">&lt;p&gt;Can you please use the build's- install command &lt;blockquote&gt;&lt;p&gt; mvn -X install &lt;/p&gt;&lt;/blockquote&gt; . When I do it I can regenerate the below exception stack trace again:&lt;/p&gt;

&lt;p&gt;Mentioned below are the steps which results in Exception:&lt;br/&gt;
&lt;b&gt;Step 1.&lt;/b&gt;&lt;br/&gt;
mvn -X install:install-file -Dfile=%ANDROID_HOME%\platforms\android-21\android.jar -DgroupId=com.google.android -DartifactId=android -Dversion=5.0.1_r2 -Dpackaging=jar -DgeneratePom=true&amp;gt;&amp;gt;log.txt&lt;br/&gt;
&lt;b&gt;Step 2.&lt;/b&gt;&lt;br/&gt;
mvn -X archetype:generate -DarchetypeArtifactId=android-quickstart -DarchetypeGroupId=de.akquinet.android.archetypes -DarchetypeVersion=1.1.0 -DgroupId=com.packt.androidMaven -DartifactId=chapter -Dversion=1.0-SNAPSHOT -Dplatform=21 --batch-mode --quiet&amp;gt;&amp;gt;log.txt&lt;br/&gt;
&lt;b&gt;Step 3.&lt;/b&gt;  Check &amp;lt;platform.version&amp;gt; tag. If it is empty change to above used.&lt;br/&gt;
&lt;b&gt;Step 4.&lt;/b&gt;  D:\16.Maven\chapter&amp;gt; mvn -X install&amp;gt;log.txt&lt;/p&gt;

&lt;p&gt;Below is an excerpt of the error log :/&lt;br/&gt;
...&lt;br/&gt;
&lt;span class="error"&gt;&amp;#91;DEBUG&amp;#93;&lt;/span&gt; Using connector WagonRepositoryConnector from ClassRealm&lt;span class="error"&gt;&amp;#91;extension&amp;gt;com.jayway.maven.plugins.android.generation2:android-maven-plugin:3.8.2, parent: sun.misc.Launcher$AppClassLoader@47858e&amp;#93;&lt;/span&gt; with priority 0.0 for &lt;a href="https://repo.maven.apache.org/maven2" class="external-link" target="_blank" rel="nofollow noopener"&gt;https://repo.maven.apache.org/maven2&lt;/a&gt;&lt;br/&gt;
&lt;span class="error"&gt;&amp;#91;INFO&amp;#93;&lt;/span&gt; ------------------------------------------------------------------------&lt;br/&gt;
&lt;span class="error"&gt;&amp;#91;INFO&amp;#93;&lt;/span&gt; BUILD FAILURE&lt;br/&gt;
&lt;span class="error"&gt;&amp;#91;INFO&amp;#93;&lt;/span&gt; ------------------------------------------------------------------------&lt;br/&gt;
&lt;span class="error"&gt;&amp;#91;INFO&amp;#93;&lt;/span&gt; Total time: 8.509 s&lt;br/&gt;
&lt;span class="error"&gt;&amp;#91;INFO&amp;#93;&lt;/span&gt; Finished at: 2015-12-08T23:40:00+05:30&lt;br/&gt;
&lt;span class="error"&gt;&amp;#91;INFO&amp;#93;&lt;/span&gt; Final Memory: 12M/31M&lt;br/&gt;
&lt;span class="error"&gt;&amp;#91;INFO&amp;#93;&lt;/span&gt; ------------------------------------------------------------------------&lt;br/&gt;
---------------------------------------------------&lt;br/&gt;
constituent&lt;span class="error"&gt;&amp;#91;0&amp;#93;&lt;/span&gt;: &lt;a href="file:/D:/16.Maven/apache-maven-3.3.9/bin/../lib/aether-api-1.0.2.v20150114.jar" class="external-link" target="_blank" rel="nofollow noopener"&gt;file:/D:/16.Maven/apache-maven-3.3.9/bin/../lib/aether-api-1.0.2.v20150114.jar&lt;/a&gt;&lt;br/&gt;
constituent&lt;span class="error"&gt;&amp;#91;1&amp;#93;&lt;/span&gt;: &lt;a href="file:/D:/16.Maven/apache-maven-3.3.9/bin/../lib/aether-connector-basic-1.0.2.v20150114.jar" class="external-link" target="_blank" rel="nofollow noopener"&gt;file:/D:/16.Maven/apache-maven-3.3.9/bin/../lib/aether-connector-basic-1.0.2.v20150114.jar&lt;/a&gt;&lt;br/&gt;
constituent&lt;span class="error"&gt;&amp;#91;2&amp;#93;&lt;/span&gt;: &lt;a href="file:/D:/16.Maven/apache-maven-3.3.9/bin/../lib/aether-impl-1.0.2.v20150114.jar" class="external-link" target="_blank" rel="nofollow noopener"&gt;file:/D:/16.Maven/apache-maven-3.3.9/bin/../lib/aether-impl-1.0.2.v20150114.jar&lt;/a&gt;&lt;br/&gt;
constituent&lt;span class="error"&gt;&amp;#91;3&amp;#93;&lt;/span&gt;: &lt;a href="file:/D:/16.Maven/apache-maven-3.3.9/bin/../lib/aether-spi-1.0.2.v20150114.jar" class="external-link" target="_blank" rel="nofollow noopener"&gt;file:/D:/16.Maven/apache-maven-3.3.9/bin/../lib/aether-spi-1.0.2.v20150114.jar&lt;/a&gt;&lt;br/&gt;
constituent&lt;span class="error"&gt;&amp;#91;4&amp;#93;&lt;/span&gt;: &lt;a href="file:/D:/16.Maven/apache-maven-3.3.9/bin/../lib/aether-transport-wagon-1.0.2.v20150114.jar" class="external-link" target="_blank" rel="nofollow noopener"&gt;file:/D:/16.Maven/apache-maven-3.3.9/bin/../lib/aether-transport-wagon-1.0.2.v20150114.jar&lt;/a&gt;&lt;br/&gt;
constituent&lt;span class="error"&gt;&amp;#91;5&amp;#93;&lt;/span&gt;: &lt;a href="file:/D:/16.Maven/apache-maven-3.3.9/bin/../lib/aether-util-1.0.2.v20150114.jar" class="external-link" target="_blank" rel="nofollow noopener"&gt;file:/D:/16.Maven/apache-maven-3.3.9/bin/../lib/aether-util-1.0.2.v20150114.jar&lt;/a&gt;&lt;br/&gt;
constituent&lt;span class="error"&gt;&amp;#91;6&amp;#93;&lt;/span&gt;: &lt;a href="file:/D:/16.Maven/apache-maven-3.3.9/bin/../lib/aopalliance-1.0.jar" class="external-link" target="_blank" rel="nofollow noopener"&gt;file:/D:/16.Maven/apache-maven-3.3.9/bin/../lib/aopalliance-1.0.jar&lt;/a&gt;&lt;br/&gt;
constituent&lt;span class="error"&gt;&amp;#91;7&amp;#93;&lt;/span&gt;: &lt;a href="file:/D:/16.Maven/apache-maven-3.3.9/bin/../lib/cdi-api-1.0.jar" class="external-link" target="_blank" rel="nofollow noopener"&gt;file:/D:/16.Maven/apache-maven-3.3.9/bin/../lib/cdi-api-1.0.jar&lt;/a&gt;&lt;br/&gt;
constituent&lt;span class="error"&gt;&amp;#91;8&amp;#93;&lt;/span&gt;: &lt;a href="file:/D:/16.Maven/apache-maven-3.3.9/bin/../lib/commons-cli-1.2.jar" class="external-link" target="_blank" rel="nofollow noopener"&gt;file:/D:/16.Maven/apache-maven-3.3.9/bin/../lib/commons-cli-1.2.jar&lt;/a&gt;&lt;br/&gt;
constituent&lt;span class="error"&gt;&amp;#91;9&amp;#93;&lt;/span&gt;: &lt;a href="file:/D:/16.Maven/apache-maven-3.3.9/bin/../lib/commons-io-2.2.jar" class="external-link" target="_blank" rel="nofollow noopener"&gt;file:/D:/16.Maven/apache-maven-3.3.9/bin/../lib/commons-io-2.2.jar&lt;/a&gt;&lt;br/&gt;
constituent&lt;span class="error"&gt;&amp;#91;10&amp;#93;&lt;/span&gt;: &lt;a href="file:/D:/16.Maven/apache-maven-3.3.9/bin/../lib/commons-lang-2.6.jar" class="external-link" target="_blank" rel="nofollow noopener"&gt;file:/D:/16.Maven/apache-maven-3.3.9/bin/../lib/commons-lang-2.6.jar&lt;/a&gt;&lt;br/&gt;
constituent&lt;span class="error"&gt;&amp;#91;11&amp;#93;&lt;/span&gt;: &lt;a href="file:/D:/16.Maven/apache-maven-3.3.9/bin/../lib/commons-lang3-3.4.jar" class="external-link" target="_blank" rel="nofollow noopener"&gt;file:/D:/16.Maven/apache-maven-3.3.9/bin/../lib/commons-lang3-3.4.jar&lt;/a&gt;&lt;br/&gt;
constituent&lt;span class="error"&gt;&amp;#91;12&amp;#93;&lt;/span&gt;: &lt;a href="file:/D:/16.Maven/apache-maven-3.3.9/bin/../lib/guava-18.0.jar" class="external-link" target="_blank" rel="nofollow noopener"&gt;file:/D:/16.Maven/apache-maven-3.3.9/bin/../lib/guava-18.0.jar&lt;/a&gt;&lt;br/&gt;
constituent&lt;span class="error"&gt;&amp;#91;13&amp;#93;&lt;/span&gt;: &lt;a href="file:/D:/16.Maven/apache-maven-3.3.9/bin/../lib/guice-4.0-no_aop.jar" class="external-link" target="_blank" rel="nofollow noopener"&gt;file:/D:/16.Maven/apache-maven-3.3.9/bin/../lib/guice-4.0-no_aop.jar&lt;/a&gt;&lt;br/&gt;
constituent&lt;span class="error"&gt;&amp;#91;14&amp;#93;&lt;/span&gt;: &lt;a href="file:/D:/16.Maven/apache-maven-3.3.9/bin/../lib/javax.inject-1.jar" class="external-link" target="_blank" rel="nofollow noopener"&gt;file:/D:/16.Maven/apache-maven-3.3.9/bin/../lib/javax.inject-1.jar&lt;/a&gt;&lt;br/&gt;
constituent&lt;span class="error"&gt;&amp;#91;15&amp;#93;&lt;/span&gt;: &lt;a href="file:/D:/16.Maven/apache-maven-3.3.9/bin/../lib/jsoup-1.7.2.jar" class="external-link" target="_blank" rel="nofollow noopener"&gt;file:/D:/16.Maven/apache-maven-3.3.9/bin/../lib/jsoup-1.7.2.jar&lt;/a&gt;&lt;br/&gt;
constituent&lt;span class="error"&gt;&amp;#91;16&amp;#93;&lt;/span&gt;: &lt;a href="file:/D:/16.Maven/apache-maven-3.3.9/bin/../lib/jsr250-api-1.0.jar" class="external-link" target="_blank" rel="nofollow noopener"&gt;file:/D:/16.Maven/apache-maven-3.3.9/bin/../lib/jsr250-api-1.0.jar&lt;/a&gt;&lt;br/&gt;
constituent&lt;span class="error"&gt;&amp;#91;17&amp;#93;&lt;/span&gt;: &lt;a href="file:/D:/16.Maven/apache-maven-3.3.9/bin/../lib/maven-aether-provider-3.3.9.jar" class="external-link" target="_blank" rel="nofollow noopener"&gt;file:/D:/16.Maven/apache-maven-3.3.9/bin/../lib/maven-aether-provider-3.3.9.jar&lt;/a&gt;&lt;br/&gt;
constituent&lt;span class="error"&gt;&amp;#91;18&amp;#93;&lt;/span&gt;: &lt;a href="file:/D:/16.Maven/apache-maven-3.3.9/bin/../lib/maven-artifact-3.3.9.jar" class="external-link" target="_blank" rel="nofollow noopener"&gt;file:/D:/16.Maven/apache-maven-3.3.9/bin/../lib/maven-artifact-3.3.9.jar&lt;/a&gt;&lt;br/&gt;
constituent&lt;span class="error"&gt;&amp;#91;19&amp;#93;&lt;/span&gt;: &lt;a href="file:/D:/16.Maven/apache-maven-3.3.9/bin/../lib/maven-builder-support-3.3.9.jar" class="external-link" target="_blank" rel="nofollow noopener"&gt;file:/D:/16.Maven/apache-maven-3.3.9/bin/../lib/maven-builder-support-3.3.9.jar&lt;/a&gt;&lt;br/&gt;
constituent&lt;span class="error"&gt;&amp;#91;20&amp;#93;&lt;/span&gt;: &lt;a href="file:/D:/16.Maven/apache-maven-3.3.9/bin/../lib/maven-compat-3.3.9.jar" class="external-link" target="_blank" rel="nofollow noopener"&gt;file:/D:/16.Maven/apache-maven-3.3.9/bin/../lib/maven-compat-3.3.9.jar&lt;/a&gt;&lt;br/&gt;
constituent&lt;span class="error"&gt;&amp;#91;21&amp;#93;&lt;/span&gt;: &lt;a href="file:/D:/16.Maven/apache-maven-3.3.9/bin/../lib/maven-core-3.3.9.jar" class="external-link" target="_blank" rel="nofollow noopener"&gt;file:/D:/16.Maven/apache-maven-3.3.9/bin/../lib/maven-core-3.3.9.jar&lt;/a&gt;&lt;br/&gt;
constituent&lt;span class="error"&gt;&amp;#91;22&amp;#93;&lt;/span&gt;: &lt;a href="file:/D:/16.Maven/apache-maven-3.3.9/bin/../lib/maven-embedder-3.3.9.jar" class="external-link" target="_blank" rel="nofollow noopener"&gt;file:/D:/16.Maven/apache-maven-3.3.9/bin/../lib/maven-embedder-3.3.9.jar&lt;/a&gt;&lt;br/&gt;
constituent&lt;span class="error"&gt;&amp;#91;23&amp;#93;&lt;/span&gt;: &lt;a href="file:/D:/16.Maven/apache-maven-3.3.9/bin/../lib/maven-model-3.3.9.jar" class="external-link" target="_blank" rel="nofollow noopener"&gt;file:/D:/16.Maven/apache-maven-3.3.9/bin/../lib/maven-model-3.3.9.jar&lt;/a&gt;&lt;br/&gt;
constituent&lt;span class="error"&gt;&amp;#91;24&amp;#93;&lt;/span&gt;: &lt;a href="file:/D:/16.Maven/apache-maven-3.3.9/bin/../lib/maven-model-builder-3.3.9.jar" class="external-link" target="_blank" rel="nofollow noopener"&gt;file:/D:/16.Maven/apache-maven-3.3.9/bin/../lib/maven-model-builder-3.3.9.jar&lt;/a&gt;&lt;br/&gt;
constituent&lt;span class="error"&gt;&amp;#91;25&amp;#93;&lt;/span&gt;: &lt;a href="file:/D:/16.Maven/apache-maven-3.3.9/bin/../lib/maven-plugin-api-3.3.9.jar" class="external-link" target="_blank" rel="nofollow noopener"&gt;file:/D:/16.Maven/apache-maven-3.3.9/bin/../lib/maven-plugin-api-3.3.9.jar&lt;/a&gt;&lt;br/&gt;
constituent&lt;span class="error"&gt;&amp;#91;26&amp;#93;&lt;/span&gt;: &lt;a href="file:/D:/16.Maven/apache-maven-3.3.9/bin/../lib/maven-repository-metadata-3.3.9.jar" class="external-link" target="_blank" rel="nofollow noopener"&gt;file:/D:/16.Maven/apache-maven-3.3.9/bin/../lib/maven-repository-metadata-3.3.9.jar&lt;/a&gt;&lt;br/&gt;
constituent&lt;span class="error"&gt;&amp;#91;27&amp;#93;&lt;/span&gt;: &lt;a href="file:/D:/16.Maven/apache-maven-3.3.9/bin/../lib/maven-settings-3.3.9.jar" class="external-link" target="_blank" rel="nofollow noopener"&gt;file:/D:/16.Maven/apache-maven-3.3.9/bin/../lib/maven-settings-3.3.9.jar&lt;/a&gt;&lt;br/&gt;
constituent&lt;span class="error"&gt;&amp;#91;28&amp;#93;&lt;/span&gt;: &lt;a href="file:/D:/16.Maven/apache-maven-3.3.9/bin/../lib/maven-settings-builder-3.3.9.jar" class="external-link" target="_blank" rel="nofollow noopener"&gt;file:/D:/16.Maven/apache-maven-3.3.9/bin/../lib/maven-settings-builder-3.3.9.jar&lt;/a&gt;&lt;br/&gt;
constituent&lt;span class="error"&gt;&amp;#91;29&amp;#93;&lt;/span&gt;: &lt;a href="file:/D:/16.Maven/apache-maven-3.3.9/bin/../lib/org.eclipse.sisu.inject-0.3.2.jar" class="external-link" target="_blank" rel="nofollow noopener"&gt;file:/D:/16.Maven/apache-maven-3.3.9/bin/../lib/org.eclipse.sisu.inject-0.3.2.jar&lt;/a&gt;&lt;br/&gt;
constituent&lt;span class="error"&gt;&amp;#91;30&amp;#93;&lt;/span&gt;: &lt;a href="file:/D:/16.Maven/apache-maven-3.3.9/bin/../lib/org.eclipse.sisu.plexus-0.3.2.jar" class="external-link" target="_blank" rel="nofollow noopener"&gt;file:/D:/16.Maven/apache-maven-3.3.9/bin/../lib/org.eclipse.sisu.plexus-0.3.2.jar&lt;/a&gt;&lt;br/&gt;
constituent&lt;span class="error"&gt;&amp;#91;31&amp;#93;&lt;/span&gt;: &lt;a href="file:/D:/16.Maven/apache-maven-3.3.9/bin/../lib/plexus-cipher-1.7.jar" class="external-link" target="_blank" rel="nofollow noopener"&gt;file:/D:/16.Maven/apache-maven-3.3.9/bin/../lib/plexus-cipher-1.7.jar&lt;/a&gt;&lt;br/&gt;
constituent&lt;span class="error"&gt;&amp;#91;32&amp;#93;&lt;/span&gt;: &lt;a href="file:/D:/16.Maven/apache-maven-3.3.9/bin/../lib/plexus-component-annotations-1.6.jar" class="external-link" target="_blank" rel="nofollow noopener"&gt;file:/D:/16.Maven/apache-maven-3.3.9/bin/../lib/plexus-component-annotations-1.6.jar&lt;/a&gt;&lt;br/&gt;
constituent&lt;span class="error"&gt;&amp;#91;33&amp;#93;&lt;/span&gt;: &lt;a href="file:/D:/16.Maven/apache-maven-3.3.9/bin/../lib/plexus-interpolation-1.21.jar" class="external-link" target="_blank" rel="nofollow noopener"&gt;file:/D:/16.Maven/apache-maven-3.3.9/bin/../lib/plexus-interpolation-1.21.jar&lt;/a&gt;&lt;br/&gt;
constituent&lt;span class="error"&gt;&amp;#91;34&amp;#93;&lt;/span&gt;: &lt;a href="file:/D:/16.Maven/apache-maven-3.3.9/bin/../lib/plexus-sec-dispatcher-1.3.jar" class="external-link" target="_blank" rel="nofollow noopener"&gt;file:/D:/16.Maven/apache-maven-3.3.9/bin/../lib/plexus-sec-dispatcher-1.3.jar&lt;/a&gt;&lt;br/&gt;
constituent&lt;span class="error"&gt;&amp;#91;35&amp;#93;&lt;/span&gt;: &lt;a href="file:/D:/16.Maven/apache-maven-3.3.9/bin/../lib/plexus-utils-3.0.22.jar" class="external-link" target="_blank" rel="nofollow noopener"&gt;file:/D:/16.Maven/apache-maven-3.3.9/bin/../lib/plexus-utils-3.0.22.jar&lt;/a&gt;&lt;br/&gt;
constituent&lt;span class="error"&gt;&amp;#91;36&amp;#93;&lt;/span&gt;: &lt;a href="file:/D:/16.Maven/apache-maven-3.3.9/bin/../lib/slf4j-api-1.7.5.jar" class="external-link" target="_blank" rel="nofollow noopener"&gt;file:/D:/16.Maven/apache-maven-3.3.9/bin/../lib/slf4j-api-1.7.5.jar&lt;/a&gt;&lt;br/&gt;
constituent&lt;span class="error"&gt;&amp;#91;37&amp;#93;&lt;/span&gt;: &lt;a href="file:/D:/16.Maven/apache-maven-3.3.9/bin/../lib/slf4j-simple-1.7.5.jar" class="external-link" target="_blank" rel="nofollow noopener"&gt;file:/D:/16.Maven/apache-maven-3.3.9/bin/../lib/slf4j-simple-1.7.5.jar&lt;/a&gt;&lt;br/&gt;
constituent&lt;span class="error"&gt;&amp;#91;38&amp;#93;&lt;/span&gt;: &lt;a href="file:/D:/16.Maven/apache-maven-3.3.9/bin/../lib/wagon-file-2.10.jar" class="external-link" target="_blank" rel="nofollow noopener"&gt;file:/D:/16.Maven/apache-maven-3.3.9/bin/../lib/wagon-file-2.10.jar&lt;/a&gt;&lt;br/&gt;
constituent&lt;span class="error"&gt;&amp;#91;39&amp;#93;&lt;/span&gt;: &lt;a href="file:/D:/16.Maven/apache-maven-3.3.9/bin/../lib/wagon-http-2.10-shaded.jar" class="external-link" target="_blank" rel="nofollow noopener"&gt;file:/D:/16.Maven/apache-maven-3.3.9/bin/../lib/wagon-http-2.10-shaded.jar&lt;/a&gt;&lt;br/&gt;
constituent&lt;span class="error"&gt;&amp;#91;40&amp;#93;&lt;/span&gt;: &lt;a href="file:/D:/16.Maven/apache-maven-3.3.9/bin/../lib/wagon-http-shared-2.10.jar" class="external-link" target="_blank" rel="nofollow noopener"&gt;file:/D:/16.Maven/apache-maven-3.3.9/bin/../lib/wagon-http-shared-2.10.jar&lt;/a&gt;&lt;br/&gt;
constituent&lt;span class="error"&gt;&amp;#91;41&amp;#93;&lt;/span&gt;: &lt;a href="file:/D:/16.Maven/apache-maven-3.3.9/bin/../lib/wagon-provider-api-2.10.jar" class="external-link" target="_blank" rel="nofollow noopener"&gt;file:/D:/16.Maven/apache-maven-3.3.9/bin/../lib/wagon-provider-api-2.10.jar&lt;/a&gt;&lt;br/&gt;
constituent&lt;span class="error"&gt;&amp;#91;42&amp;#93;&lt;/span&gt;: &lt;a href="file:/D:/16.Maven/apache-maven-3.3.9/bin/../conf/logging/" class="external-link" target="_blank" rel="nofollow noopener"&gt;file:/D:/16.Maven/apache-maven-3.3.9/bin/../conf/logging/&lt;/a&gt;&lt;br/&gt;
---------------------------------------------------&lt;br/&gt;
Exception in thread "pool-1-thread-1" Exception in thread "pool-1-thread-2" java.lang.NoClassDefFoundError: org/eclipse/aether/spi/connector/Transfer$State&lt;br/&gt;
        at org.eclipse.aether.connector.wagon.WagonRepositoryConnector$GetTask.run(WagonRepositoryConnector.java:608)&lt;br/&gt;
        at org.eclipse.aether.util.concurrency.RunnableErrorForwarder$1.run(RunnableErrorForwarder.java:67)&lt;br/&gt;
        at java.util.concurrent.ThreadPoolExecutor.runWorker(ThreadPoolExecutor.java:1145)&lt;br/&gt;
        at java.util.concurrent.ThreadPoolExecutor$Worker.run(ThreadPoolExecutor.java:615)&lt;br/&gt;
        at java.lang.Thread.run(Thread.java:744)&lt;br/&gt;
Caused by: java.lang.ClassNotFoundException: org.eclipse.aether.spi.connector.Transfer$State&lt;br/&gt;
        at org.codehaus.plexus.classworlds.strategy.SelfFirstStrategy.loadClass(SelfFirstStrategy.java:50)&lt;br/&gt;
        at org.codehaus.plexus.classworlds.realm.ClassRealm.unsynchronizedLoadClass(ClassRealm.java:271)&lt;br/&gt;
        at org.codehaus.plexus.classworlds.realm.ClassRealm.loadClass(ClassRealm.java:247)&lt;br/&gt;
        at org.codehaus.plexus.classworlds.realm.ClassRealm.loadClass(ClassRealm.java:239)&lt;br/&gt;
        ... 5 more&lt;br/&gt;
java.lang.NoClassDefFoundError: org/eclipse/aether/spi/connector/Transfer$State&lt;br/&gt;
        at org.eclipse.aether.connector.wagon.WagonRepositoryConnector$GetTask.run(WagonRepositoryConnector.java:608)&lt;br/&gt;
        at org.eclipse.aether.util.concurrency.RunnableErrorForwarder$1.run(RunnableErrorForwarder.java:67)&lt;br/&gt;
        at java.util.concurrent.ThreadPoolExecutor.runWorker(ThreadPoolExecutor.java:1145)&lt;br/&gt;
        at java.util.concurrent.ThreadPoolExecutor$Worker.run(ThreadPoolExecutor.java:615)&lt;br/&gt;
        at java.lang.Thread.run(Thread.java:744)&lt;br/&gt;
Exception in thread "main" java.lang.NoClassDefFoundError: org/eclipse/aether/spi/connector/Transfer$State&lt;br/&gt;
        at org.eclipse.aether.connector.wagon.WagonRepositoryConnector$GetTask.run(WagonRepositoryConnector.java:608)&lt;br/&gt;
        at org.eclipse.aether.util.concurrency.RunnableErrorForwarder$1.run(RunnableErrorForwarder.java:67)&lt;br/&gt;
        at java.util.concurrent.ThreadPoolExecutor.runWorker(ThreadPoolExecutor.java:1145)&lt;br/&gt;
        at java.util.concurrent.ThreadPoolExecutor$Worker.run(ThreadPoolExecutor.java:615)&lt;br/&gt;
        at java.lang.Thread.run(Thread.java:744)&lt;br/&gt;
Caused by: java.lang.ClassNotFoundException: org.eclipse.aether.spi.connector.Transfer$State&lt;br/&gt;
        at org.codehaus.plexus.classworlds.strategy.SelfFirstStrategy.loadClass(SelfFirstStrategy.java:50)&lt;br/&gt;
        at org.codehaus.plexus.classworlds.realm.ClassRealm.unsynchronizedLoadClass(ClassRealm.java:271)&lt;br/&gt;
        at org.codehaus.plexus.classworlds.realm.ClassRealm.loadClass(ClassRealm.java:247)&lt;br/&gt;
        at org.codehaus.plexus.classworlds.realm.ClassRealm.loadClass(ClassRealm.java:239)&lt;br/&gt;
        ... 5 more&lt;/p&gt;

&lt;p&gt;Thanks a lot.&lt;/p&gt;</comment>
                            <comment id="15065916" author="adarshmauyra" created="Sun, 20 Dec 2015 23:04:44 +0000">&lt;p&gt;From the logs I was trying to use a wagon to send files to somewhere and the wagon which I using does not come out of the apache-maven-3.3.9 and I haven't included the jar file for it.&lt;/p&gt;

&lt;p&gt;So, I copied the relevant jars-aether-api-0.9.0.M2,aether-impl-0.9.0.M2,aether-connector-wagon-0.9.0.M2,aether-spi-0.9.0.M2,aether-util-0.9.0.M2 and copied it in Directory:\...\.Maven\apache-maven-3.3.9\lib&lt;/p&gt;

&lt;p&gt;After it, I executed mvn clean install and it worked.&lt;/p&gt;

&lt;p&gt;Please check: &lt;a href="https://github.com/simpligility/android-maven-plugin/issues/686" class="external-link" target="_blank" rel="nofollow noopener"&gt;https://github.com/simpligility/android-maven-plugin/issues/686&lt;/a&gt;&lt;/p&gt;</comment>
                    </comments>
                <issuelinks>
                            <issuelinktype id="12310361">
                    <name>Blocked</name>
                                                                <inwardlinks description="Blocked">
                                        <issuelink>
            <issuekey id="12826801">MNG-5819</issuekey>
        </issuelink>
                            </inwardlinks>
                                    </issuelinktype>
                    </issuelinks>
                <attachments>
                    </attachments>
                <subtasks>
                    </subtasks>
                <customfields>
                                                                                                                                                                                                                                                                                                                                                                                                                                                                                                                                                                                                                                                                                                                    <customfield id="customfield_12314020" key="com.atlassian.jira.plugins.jira-development-integration-plugin:devsummary">
                        <customfieldname>Development</customfieldname>
                        <customfieldvalues>
                            
                        </customfieldvalues>
                    </customfield>
                                                                                                                        <customfield id="customfield_12313422" key="com.atlassian.jirafisheyeplugin:jobcheckbox">
                        <customfieldname>Enable Automatic Patch Review</customfieldname>
                        <customfieldvalues>
                            <customfieldvalue>false</customfieldvalue>

                        </customfieldvalues>
                    </customfield>
                                                                                                                                                                                                                                                                                                                                                                                                                                                                                                                                                                                                                    <customfield id="customfield_12310420" key="com.pyxis.greenhopper.jira:gh-global-rank">
                        <customfieldname>Global Rank</customfieldname>
                        <customfieldvalues>
                            <customfieldvalue>9223372036854775807</customfieldvalue>
                        </customfieldvalues>
                    </customfield>
                                                                                                                                                                                                                                                                                                                                                                                                                                                                        <customfield id="customfield_12311820" key="com.pyxis.greenhopper.jira:gh-lexo-rank">
                        <customfieldname>Rank</customfieldname>
                        <customfieldvalues>
                            <customfieldvalue>0|i2piav:</customfieldvalue>

                        </customfieldvalues>
                    </customfield>
                                                                <customfield id="customfield_12310920" key="com.pyxis.greenhopper.jira:gh-global-rank">
                        <customfieldname>Rank (Obsolete)</customfieldname>
                        <customfieldvalues>
                            <customfieldvalue>9223372036854775807</customfieldvalue>
                        </customfieldvalues>
                    </customfield>
                                                                                                                                                                                                                                                                                                                                                                                                                                                                                                                                                                                                                                                                                                                                                                                            </customfields>
    </item>


</channel>
</rss>