<rss version="0.92">
    <channel>
        <title>ASF JIRA</title>
        <link>https://issues.apache.org/jira/issues/?jql=project+%3D+MNG+and+type+%3D+bug+and+%28status+%3D+RESOLVED+or+status+%3D+closed%29</link>
        <description>An XML representation of a search request</description>
                <language>en-uk</language>
                        <issue start="0" end="1000" total="3303" />
                <build-info>
            <version>8.20.7</version>
            <build-number>820007</build-number>
            <build-date>16-03-2022</build-date>
        </build-info>

<item>
            <title>[MNG-5848] Malformed POM expected START_TAG or END_TAG not TEXT</title>
                <link>https://issues.apache.org/jira/browse/MNG-5848</link>
                <project id="12316922" key="MNG">Maven</project>
                    <description>&lt;p&gt;Whenever I added following dependency to my maven, I couldn't run "mvn test" for the project.&lt;/p&gt;

&lt;div class="code panel" style="border-width: 1px;"&gt;&lt;div class="codeContent panelContent"&gt;
&lt;pre class="code-xml"&gt;&lt;span class="code-tag"&gt;&amp;lt;dependency&amp;gt;&lt;/span&gt;
		&#160;&#160;&#160;&#160;&lt;span class="code-tag"&gt;&amp;lt;groupId&amp;gt;&lt;/span&gt;org.jasypt&lt;span class="code-tag"&gt;&amp;lt;/groupId&amp;gt;&lt;/span&gt;
		&#160;&#160;&#160;&#160;&lt;span class="code-tag"&gt;&amp;lt;artifactId&amp;gt;&lt;/span&gt;jasypt-spring31&lt;span class="code-tag"&gt;&amp;lt;/artifactId&amp;gt;&lt;/span&gt;
		&#160;&#160;&#160;&#160;&lt;span class="code-tag"&gt;&amp;lt;version&amp;gt;&lt;/span&gt;1.9.1&lt;span class="code-tag"&gt;&amp;lt;/version&amp;gt;&lt;/span&gt;
		&lt;span class="code-tag"&gt;&amp;lt;/dependency&amp;gt;&lt;/span&gt;
&lt;/pre&gt;
&lt;/div&gt;&lt;/div&gt;

&lt;p&gt;Exact error is:&lt;/p&gt;
&lt;div class="preformatted panel" style="border-width: 1px;"&gt;&lt;div class="preformattedContent panelContent"&gt;
&lt;pre&gt;[ERROR]   The project com.cimb.sample:MavenCoverageTest:0.0.1-SNAPSHOT (C:\Users\sgscyhjx\git\mavencoveragetest\pom.xml) has 1 error
[ERROR]     Malformed POM C:\Users\sgscyhjx\git\mavencoveragetest\pom.xml: expected START_TAG or END_TAG not TEXT (position: TEXT seen ...&amp;lt;dependency&amp;gt;\r\n\t\t\ua0\ua0\ua0\ua0&amp;lt;g... @42:9)  @ C:\Users\sgscyhjx\git\mavencoveragetest\pom.xml, line 42, column 9 -&amp;gt; [Help 2]
&lt;/pre&gt;
&lt;/div&gt;&lt;/div&gt;</description>
                <environment />
        <key id="12840462">MNG-5848</key>
            <summary>Malformed POM expected START_TAG or END_TAG not TEXT</summary>
                <type id="1" iconUrl="https://issues.apache.org/jira/secure/viewavatar?size=xsmall&amp;avatarId=21133&amp;avatarType=issuetype">Bug</type>
                                            <priority id="1" iconUrl="https://issues.apache.org/jira/images/icons/priorities/blocker.svg">Blocker</priority>
                        <status id="6" iconUrl="https://issues.apache.org/jira/images/icons/statuses/closed.png" description="The issue is considered finished, the resolution is correct. Issues which are not closed can be reopened.">Closed</status>
                    <statusCategory id="3" key="done" colorName="green" />
                                    <resolution id="8">Not A Problem</resolution>
                                        <assignee username="rfscholte">Robert Scholte</assignee>
                                    <reporter username="yhjhoo">Yang Hua Jie</reporter>
                        <labels>
                    </labels>
                <created>Thu, 25 Jun 2015 07:47:38 +0000</created>
                <updated>Thu, 25 Jun 2015 08:17:38 +0000</updated>
                            <resolved>Thu, 25 Jun 2015 08:17:38 +0000</resolved>
                                    <version>3.3.3</version>
                                                        <due />
                            <votes>0</votes>
                                    <watches>3</watches>
                                                                <comments>
                            <comment id="14600835" author="yhjhoo" created="Thu, 25 Jun 2015 07:55:56 +0000">&lt;p&gt;I resolved this problem by replacing blank space to tab. &lt;/p&gt;

&lt;p&gt;Not sure why&lt;/p&gt;</comment>
                            <comment id="14600857" author="rfscholte" created="Thu, 25 Jun 2015 08:17:38 +0000">&lt;p&gt;Based on the error-message the xml contains a &lt;a href="https://en.wikipedia.org/wiki/Non-breaking_space" class="external-link" target="_blank" rel="nofollow noopener"&gt;non-breaking space&lt;/a&gt; (that's the &lt;tt&gt;\ua0&lt;/tt&gt;). Tabs, spaces, linebreaks and carriage returns are trimmed, but this character not. Hence the result is invalid xml.&lt;/p&gt;</comment>
                    </comments>
                    <attachments>
                    </attachments>
                <subtasks>
                    </subtasks>
                <customfields>
                                                                                                                                                                                                                                                                                                                                                                                                                                                                                                                                                                                                                                                                                                                    <customfield id="customfield_12314020" key="com.atlassian.jira.plugins.jira-development-integration-plugin:devsummary">
                        <customfieldname>Development</customfieldname>
                        <customfieldvalues>
                            
                        </customfieldvalues>
                    </customfield>
                                                                                                                        <customfield id="customfield_12313422" key="com.atlassian.jirafisheyeplugin:jobcheckbox">
                        <customfieldname>Enable Automatic Patch Review</customfieldname>
                        <customfieldvalues>
                            <customfieldvalue>false</customfieldvalue>

                        </customfieldvalues>
                    </customfield>
                                                                                                                                                                                                                                                                                                                                                        <customfield id="customfield_12310250" key="com.atlassian.jira.plugin.system.customfieldtypes:multicheckboxes">
                        <customfieldname>Flags</customfieldname>
                        <customfieldvalues>
                                <customfieldvalue key="10431">Important</customfieldvalue>
    
                        </customfieldvalues>
                    </customfield>
                                                                                                                                                                                                                                                                                                <customfield id="customfield_12310420" key="com.pyxis.greenhopper.jira:gh-global-rank">
                        <customfieldname>Global Rank</customfieldname>
                        <customfieldvalues>
                            <customfieldvalue>9223372036854775807</customfieldvalue>
                        </customfieldvalues>
                    </customfield>
                                                                                                                                                                                                                                                                                                                                                                                                                                                                        <customfield id="customfield_12311820" key="com.pyxis.greenhopper.jira:gh-lexo-rank">
                        <customfieldname>Rank</customfieldname>
                        <customfieldvalues>
                            <customfieldvalue>0|i2gh8v:</customfieldvalue>

                        </customfieldvalues>
                    </customfield>
                                                                <customfield id="customfield_12310920" key="com.pyxis.greenhopper.jira:gh-global-rank">
                        <customfieldname>Rank (Obsolete)</customfieldname>
                        <customfieldvalues>
                            <customfieldvalue>9223372036854775807</customfieldvalue>
                        </customfieldvalues>
                    </customfield>
                                                                                                                                                                                                                                                                                                                                                                                                                                                                                                                                                                                                                                                                                                                                                                                            </customfields>
    </item>


</channel>
</rss>