<rss version="0.92">
    <channel>
        <title>ASF JIRA</title>
        <link>https://issues.apache.org/jira/issues/?jql=project+%3D+MNG+and+type+%3D+bug+and+%28status+%3D+RESOLVED+or+status+%3D+closed%29</link>
        <description>An XML representation of a search request</description>
                <language>en-uk</language>
                        <issue start="0" end="1000" total="3303" />
                <build-info>
            <version>8.20.7</version>
            <build-number>820007</build-number>
            <build-date>16-03-2022</build-date>
        </build-info>

<item>
            <title>[MNG-5598] Environment variables must be written in UPPER CASE</title>
                <link>https://issues.apache.org/jira/browse/MNG-5598</link>
                <project id="12316922" key="MNG">Maven</project>
                    <description>&lt;p&gt;On Windows, it is valid and common practice to define environment variables with mixed case names, e. g. SystemDrive, SystemRoot, ProgramData, etc.&lt;/p&gt;

&lt;p&gt;When writing such mixed case names in the pom.xml, these cannot be resolved but will be used as string literals. For example, the popular exec plugin from codehaus mojo project complains it cannot find the executable at LITERALLY ${env.MSDevDir}/Bin/MSDEV.exe, while actually that variable is defined in exactly that mixed case name, and points to the existing executable. Once MSDevDir is replaced in the (wrong!) UPPER CASE form of ${env.MSDEVDIR}, then the executable is found, which is weird!&lt;/p&gt;

&lt;p&gt;While the MavenPropertiesGuide (&lt;a href="http://docs.codehaus.org/display/MAVENUSER/MavenPropertiesGuide" class="external-link" target="_blank" rel="nofollow noopener"&gt;http://docs.codehaus.org/display/MAVENUSER/MavenPropertiesGuide&lt;/a&gt;) actually only shows examples using UPPER CASE environment variables, it does not clearly say that this is an enforced restriction. Hence, either this is a bug in the Maven software (i. e. it unintentionally expects UPPER CASE), or it is to be clearly said in the properties guide that UPPER CASE is a wanted constrained of Maven.&lt;/p&gt;</description>
                <environment>Windows</environment>
        <key id="12796223">MNG-5598</key>
            <summary>Environment variables must be written in UPPER CASE</summary>
                <type id="1" iconUrl="https://issues.apache.org/jira/secure/viewavatar?size=xsmall&amp;avatarId=21133&amp;avatarType=issuetype">Bug</type>
                                            <priority id="3" iconUrl="https://issues.apache.org/jira/images/icons/priorities/major.svg">Major</priority>
                        <status id="6" iconUrl="https://issues.apache.org/jira/images/icons/statuses/closed.png" description="The issue is considered finished, the resolution is correct. Issues which are not closed can be reopened.">Closed</status>
                    <statusCategory id="3" key="done" colorName="green" />
                                    <resolution id="4">Incomplete</resolution>
                                        <assignee username="-1">Unassigned</assignee>
                                    <reporter username="mkarg">Markus Karg</reporter>
                        <labels>
                    </labels>
                <created>Tue, 11 Mar 2014 02:34:35 +0000</created>
                <updated>Thu, 2 Jun 2016 20:32:47 +0000</updated>
                            <resolved>Thu, 2 Jun 2016 20:32:47 +0000</resolved>
                                    <version>3.0.4</version>
                                                        <due />
                            <votes>0</votes>
                                    <watches>4</watches>
                                                                <comments>
                            <comment id="14419515" author="michael-o" created="Tue, 11 Mar 2014 16:50:17 +0000">&lt;p&gt;What is your problem actually? There is no &lt;tt&gt;POM.exe&lt;/tt&gt;.&lt;/p&gt;</comment>
                            <comment id="14419571" author="mkarg" created="Wed, 12 Mar 2014 14:51:28 +0000">&lt;p&gt;"POM.exe" was a typo. Obviously I meant "pom.xml".&lt;/p&gt;

&lt;p&gt;The actual problem is that people do copy-and-paste of variable names listed in the Windows system environment, and paste these names as-is (hence: in mixed case) into pom.xml as env references (as shown in above sample). At runtime, Maven does not resolve that variables as these are not written in upper case, hence plugins do not use the variable content but use the string ${env.VarName} LITERALLY. So the actual problem is: It just does not work!&lt;/p&gt;

&lt;p&gt;Hence, either Maven must learn to resolve variables that are not written in upper case, or the documentation must clearly say that in pom.xml all env.VarName MUST be written in upper case to be resolved at runtime and to prevent using the string ${env.VarName} as a literal.&lt;/p&gt;</comment>
                            <comment id="14419633" author="jvanzyl" created="Sun, 15 Jun 2014 08:49:52 +0000">&lt;p&gt;Can you please make an example test project to demonstrate the problem.&lt;/p&gt;</comment>
                            <comment id="15313001" author="michael-o" created="Thu, 2 Jun 2016 20:32:47 +0000">&lt;p&gt;Almost a year passed and no example uploaded.&lt;/p&gt;</comment>
                    </comments>
                    <attachments>
                    </attachments>
                <subtasks>
                    </subtasks>
                <customfields>
                                                                                                                                                                                                                                                                                                                                                                                                                                                                                                                                                                                                                                                                                                                    <customfield id="customfield_12314020" key="com.atlassian.jira.plugins.jira-development-integration-plugin:devsummary">
                        <customfieldname>Development</customfieldname>
                        <customfieldvalues>
                            
                        </customfieldvalues>
                    </customfield>
                                                                                                                        <customfield id="customfield_12313422" key="com.atlassian.jirafisheyeplugin:jobcheckbox">
                        <customfieldname>Enable Automatic Patch Review</customfieldname>
                        <customfieldvalues>
                            <customfieldvalue>false</customfieldvalue>

                        </customfieldvalues>
                    </customfield>
                                                                                                                                                                                                                                                                                                                                                                                                                                                                                                                                                                                                                    <customfield id="customfield_12310420" key="com.pyxis.greenhopper.jira:gh-global-rank">
                        <customfieldname>Global Rank</customfieldname>
                        <customfieldvalues>
                            <customfieldvalue>9223372036854775807</customfieldvalue>
                        </customfieldvalues>
                    </customfield>
                                                                                                                                                                                                                                                                                                                                                                                                                                                                        <customfield id="customfield_12311820" key="com.pyxis.greenhopper.jira:gh-lexo-rank">
                        <customfieldname>Rank</customfieldname>
                        <customfieldvalues>
                            <customfieldvalue>0|i299rj:</customfieldvalue>

                        </customfieldvalues>
                    </customfield>
                                                                <customfield id="customfield_12310920" key="com.pyxis.greenhopper.jira:gh-global-rank">
                        <customfieldname>Rank (Obsolete)</customfieldname>
                        <customfieldvalues>
                            <customfieldvalue>9223372036854775807</customfieldvalue>
                        </customfieldvalues>
                    </customfield>
                                                                                                                                                                                                                                                                                                                                                                                                                                                                                                                                                                                                                                                                                                                                                                                            </customfields>
    </item>


</channel>
</rss>