<rss version="0.92">
    <channel>
        <title>ASF JIRA</title>
        <link>https://issues.apache.org/jira/issues/?jql=project+%3D+MNG+and+type+%3D+bug+and+%28status+%3D+RESOLVED+or+status+%3D+closed%29</link>
        <description>An XML representation of a search request</description>
                <language>en-uk</language>
                        <issue start="0" end="1000" total="3303" />
                <build-info>
            <version>8.20.7</version>
            <build-number>820007</build-number>
            <build-date>16-03-2022</build-date>
        </build-info>

<item>
            <title>[MNG-5840] &lt;relativePath&gt; is used if the groupId and artifactId match irrespective of the version</title>
                <link>https://issues.apache.org/jira/browse/MNG-5840</link>
                <project id="12316922" key="MNG">Maven</project>
                    <description>&lt;p&gt;This is a regression. (In my view a serious one)&lt;/p&gt;

&lt;p&gt;Works fine with Maven 3.0 through 3.2.5&lt;/p&gt;

&lt;p&gt;Fails with 3.3.1 and 3.3.3&lt;/p&gt;</description>
                <environment />
        <key id="12835652">MNG-5840</key>
            <summary>&lt;relativePath&gt; is used if the groupId and artifactId match irrespective of the version</summary>
                <type id="1" iconUrl="https://issues.apache.org/jira/secure/viewavatar?size=xsmall&amp;avatarId=21133&amp;avatarType=issuetype">Bug</type>
                                            <priority id="3" iconUrl="https://issues.apache.org/jira/images/icons/priorities/major.svg">Major</priority>
                        <status id="6" iconUrl="https://issues.apache.org/jira/images/icons/statuses/closed.png" description="The issue is considered finished, the resolution is correct. Issues which are not closed can be reopened.">Closed</status>
                    <statusCategory id="3" key="done" colorName="green" />
                                    <resolution id="1">Fixed</resolution>
                                        <assignee username="stephenc">Stephen Connolly</assignee>
                                    <reporter username="stephenc">Stephen Connolly</reporter>
                        <labels>
                            <label>regression</label>
                    </labels>
                <created>Fri, 5 Jun 2015 09:35:10 +0000</created>
                <updated>Sat, 28 Mar 2020 14:59:07 +0000</updated>
                            <resolved>Fri, 5 Jun 2015 10:27:45 +0000</resolved>
                                    <version>3.3.1</version>
                    <version>3.3.3</version>
                                    <fixVersion>3.3.9</fixVersion>
                                        <due />
                            <votes>0</votes>
                                    <watches>10</watches>
                                                                <comments>
                            <comment id="14574206" author="stephenc" created="Fri, 5 Jun 2015 09:36:42 +0000">&lt;p&gt;Attached testcase reproduces the issue&lt;/p&gt;</comment>
                            <comment id="14574209" author="stephenc" created="Fri, 5 Jun 2015 09:39:09 +0000">&lt;p&gt;Here is the test case working on maven 3.2.5&lt;/p&gt;

&lt;div class="code panel" style="border-width: 1px;"&gt;&lt;div class="codeContent panelContent"&gt;
&lt;pre class="code-java"&gt;[stephenc@stevo ~/tmp/mng-5840-testcase]$ brew &lt;span class="code-keyword"&gt;switch&lt;/span&gt; maven 3.2.5
Cleaning /usr/local/Cellar/maven/3.2.1
Cleaning /usr/local/Cellar/maven/3.2.2
Cleaning /usr/local/Cellar/maven/3.2.3
Cleaning /usr/local/Cellar/maven/3.2.5
Cleaning /usr/local/Cellar/maven/3.3.1
Cleaning /usr/local/Cellar/maven/3.3.3
3 links created &lt;span class="code-keyword"&gt;for&lt;/span&gt; /usr/local/Cellar/maven/3.2.5
[stephenc@stevo ~/tmp/mng-5840-testcase]$ ./test.sh 
[INFO] Scanning &lt;span class="code-keyword"&gt;for&lt;/span&gt; projects...
[INFO]                                                                         
[INFO] ------------------------------------------------------------------------
[INFO] Building parent 1
[INFO] ------------------------------------------------------------------------
[INFO] 
[INFO] --- maven-clean-plugin:2.5:clean (&lt;span class="code-keyword"&gt;default&lt;/span&gt;-clean) @ parent ---
[INFO] 
[INFO] --- maven-install-plugin:2.4:install (&lt;span class="code-keyword"&gt;default&lt;/span&gt;-install) @ parent ---
[INFO] Installing /Users/stephenc/tmp/mng-5840-testcase/parent-1/pom.xml to /Users/stephenc/.m2/repository/org/example/bug/parent/1/parent-1.pom
[INFO] ------------------------------------------------------------------------
[INFO] BUILD SUCCESS
[INFO] ------------------------------------------------------------------------
[INFO] Total time: 0.321 s
[INFO] Finished at: 2015-06-05T10:37:03+01:00
[INFO] Final Memory: 8M/245M
[INFO] ------------------------------------------------------------------------
[INFO] Scanning &lt;span class="code-keyword"&gt;for&lt;/span&gt; projects...
[INFO]                                                                         
[INFO] ------------------------------------------------------------------------
[INFO] Building child 1-SNAPSHOT
[INFO] ------------------------------------------------------------------------
[INFO] 
[INFO] --- maven-enforcer-plugin:1.4:enforce (&lt;span class="code-keyword"&gt;default&lt;/span&gt;) @ child ---
[INFO] Skipping Rule Enforcement.
[INFO] ------------------------------------------------------------------------
[INFO] BUILD SUCCESS
[INFO] ------------------------------------------------------------------------
[INFO] Total time: 0.495 s
[INFO] Finished at: 2015-06-05T10:37:04+01:00
[INFO] Final Memory: 9M/245M
[INFO] ------------------------------------------------------------------------
&lt;/pre&gt;
&lt;/div&gt;&lt;/div&gt;

&lt;p&gt;And here is the test case failing on 3.3.1&lt;/p&gt;

&lt;div class="code panel" style="border-width: 1px;"&gt;&lt;div class="codeContent panelContent"&gt;
&lt;pre class="code-java"&gt;[stephenc@stevo ~/tmp/mng-5840-testcase]$ brew &lt;span class="code-keyword"&gt;switch&lt;/span&gt; maven 3.3.1
Cleaning /usr/local/Cellar/maven/3.2.1
Cleaning /usr/local/Cellar/maven/3.2.2
Cleaning /usr/local/Cellar/maven/3.2.3
Cleaning /usr/local/Cellar/maven/3.2.5
Cleaning /usr/local/Cellar/maven/3.3.1
Cleaning /usr/local/Cellar/maven/3.3.3
5 links created &lt;span class="code-keyword"&gt;for&lt;/span&gt; /usr/local/Cellar/maven/3.3.1
[stephenc@stevo ~/tmp/mng-5840-testcase]$ ./test.sh 
[INFO] Scanning &lt;span class="code-keyword"&gt;for&lt;/span&gt; projects...
[INFO]                                                                         
[INFO] ------------------------------------------------------------------------
[INFO] Building parent 1
[INFO] ------------------------------------------------------------------------
[INFO] 
[INFO] --- maven-clean-plugin:2.5:clean (&lt;span class="code-keyword"&gt;default&lt;/span&gt;-clean) @ parent ---
[INFO] 
[INFO] --- maven-install-plugin:2.4:install (&lt;span class="code-keyword"&gt;default&lt;/span&gt;-install) @ parent ---
[INFO] Installing /Users/stephenc/tmp/mng-5840-testcase/parent-1/pom.xml to /Users/stephenc/.m2/repository/org/example/bug/parent/1/parent-1.pom
[INFO] ------------------------------------------------------------------------
[INFO] BUILD SUCCESS
[INFO] ------------------------------------------------------------------------
[INFO] Total time: 0.327 s
[INFO] Finished at: 2015-06-05T10:38:07+01:00
[INFO] Final Memory: 8M/245M
[INFO] ------------------------------------------------------------------------
[INFO] Scanning &lt;span class="code-keyword"&gt;for&lt;/span&gt; projects...
[INFO]                                                                         
[INFO] ------------------------------------------------------------------------
[INFO] Building child 1-SNAPSHOT
[INFO] ------------------------------------------------------------------------
[INFO] 
[INFO] --- maven-enforcer-plugin:1.4:enforce (&lt;span class="code-keyword"&gt;default&lt;/span&gt;) @ child ---
[WARNING] Rule 0: org.apache.maven.plugins.enforcer.AlwaysFail failed with message:
Always fails!
[INFO] ------------------------------------------------------------------------
[INFO] BUILD FAILURE
[INFO] ------------------------------------------------------------------------
[INFO] Total time: 0.490 s
[INFO] Finished at: 2015-06-05T10:38:09+01:00
[INFO] Final Memory: 10M/245M
[INFO] ------------------------------------------------------------------------
[ERROR] Failed to execute goal org.apache.maven.plugins:maven-enforcer-plugin:1.4:enforce (&lt;span class="code-keyword"&gt;default&lt;/span&gt;) on project child: Some Enforcer rules have failed. Look above &lt;span class="code-keyword"&gt;for&lt;/span&gt; specific messages explaining why the rule failed. -&amp;gt; [Help 1]
[ERROR] 
[ERROR] To see the full stack trace of the errors, re-run Maven with the -e &lt;span class="code-keyword"&gt;switch&lt;/span&gt;.
[ERROR] Re-run Maven using the -X &lt;span class="code-keyword"&gt;switch&lt;/span&gt; to enable full debug logging.
[ERROR] 
[ERROR] For more information about the errors and possible solutions, please read the following articles:
[ERROR] [Help 1] http:&lt;span class="code-comment"&gt;//cwiki.apache.org/confluence/display/MAVEN/MojoExecutionException&lt;/span&gt;
&lt;/pre&gt;
&lt;/div&gt;&lt;/div&gt;

&lt;p&gt;and also on 3.3.3&lt;/p&gt;

&lt;div class="code panel" style="border-width: 1px;"&gt;&lt;div class="codeContent panelContent"&gt;
&lt;pre class="code-java"&gt;[stephenc@stevo ~/tmp/mng-5840-testcase]$ brew &lt;span class="code-keyword"&gt;switch&lt;/span&gt; maven 3.3.3
Cleaning /usr/local/Cellar/maven/3.2.1
Cleaning /usr/local/Cellar/maven/3.2.2
Cleaning /usr/local/Cellar/maven/3.2.3
Cleaning /usr/local/Cellar/maven/3.2.5
Cleaning /usr/local/Cellar/maven/3.3.1
Cleaning /usr/local/Cellar/maven/3.3.3
5 links created &lt;span class="code-keyword"&gt;for&lt;/span&gt; /usr/local/Cellar/maven/3.3.3
[stephenc@stevo ~/tmp/mng-5840-testcase]$ ./test.sh 
[INFO] Scanning &lt;span class="code-keyword"&gt;for&lt;/span&gt; projects...
[INFO]                                                                         
[INFO] ------------------------------------------------------------------------
[INFO] Building parent 1
[INFO] ------------------------------------------------------------------------
[INFO] 
[INFO] --- maven-clean-plugin:2.5:clean (&lt;span class="code-keyword"&gt;default&lt;/span&gt;-clean) @ parent ---
[INFO] 
[INFO] --- maven-install-plugin:2.4:install (&lt;span class="code-keyword"&gt;default&lt;/span&gt;-install) @ parent ---
[INFO] Installing /Users/stephenc/tmp/mng-5840-testcase/parent-1/pom.xml to /Users/stephenc/.m2/repository/org/example/bug/parent/1/parent-1.pom
[INFO] ------------------------------------------------------------------------
[INFO] BUILD SUCCESS
[INFO] ------------------------------------------------------------------------
[INFO] Total time: 0.327 s
[INFO] Finished at: 2015-06-05T10:38:36+01:00
[INFO] Final Memory: 8M/245M
[INFO] ------------------------------------------------------------------------
[INFO] Scanning &lt;span class="code-keyword"&gt;for&lt;/span&gt; projects...
[INFO]                                                                         
[INFO] ------------------------------------------------------------------------
[INFO] Building child 1-SNAPSHOT
[INFO] ------------------------------------------------------------------------
[INFO] 
[INFO] --- maven-enforcer-plugin:1.4:enforce (&lt;span class="code-keyword"&gt;default&lt;/span&gt;) @ child ---
[WARNING] Rule 0: org.apache.maven.plugins.enforcer.AlwaysFail failed with message:
Always fails!
[INFO] ------------------------------------------------------------------------
[INFO] BUILD FAILURE
[INFO] ------------------------------------------------------------------------
[INFO] Total time: 0.487 s
[INFO] Finished at: 2015-06-05T10:38:38+01:00
[INFO] Final Memory: 10M/245M
[INFO] ------------------------------------------------------------------------
[ERROR] Failed to execute goal org.apache.maven.plugins:maven-enforcer-plugin:1.4:enforce (&lt;span class="code-keyword"&gt;default&lt;/span&gt;) on project child: Some Enforcer rules have failed. Look above &lt;span class="code-keyword"&gt;for&lt;/span&gt; specific messages explaining why the rule failed. -&amp;gt; [Help 1]
[ERROR] 
[ERROR] To see the full stack trace of the errors, re-run Maven with the -e &lt;span class="code-keyword"&gt;switch&lt;/span&gt;.
[ERROR] Re-run Maven using the -X &lt;span class="code-keyword"&gt;switch&lt;/span&gt; to enable full debug logging.
[ERROR] 
[ERROR] For more information about the errors and possible solutions, please read the following articles:
[ERROR] [Help 1] http:&lt;span class="code-comment"&gt;//cwiki.apache.org/confluence/display/MAVEN/MojoExecutionException&lt;/span&gt;
&lt;/pre&gt;
&lt;/div&gt;&lt;/div&gt;</comment>
                            <comment id="14574275" author="stephenc" created="Fri, 5 Jun 2015 10:27:45 +0000">&lt;p&gt;&lt;a href="https://github.com/apache/maven/commit/40d5087b6b134842e2b61a567dbb4bfbcfab7ae6" class="external-link" target="_blank" rel="nofollow noopener"&gt;https://github.com/apache/maven/commit/40d5087b6b134842e2b61a567dbb4bfbcfab7ae6&lt;/a&gt;&lt;/p&gt;</comment>
                            <comment id="14574280" author="hudson" created="Fri, 5 Jun 2015 10:32:48 +0000">&lt;p&gt;SUCCESS: Integrated in maven-3.x #1082 (See &lt;a href="https://builds.apache.org/job/maven-3.x/1082/" class="external-link" target="_blank" rel="nofollow noopener"&gt;https://builds.apache.org/job/maven-3.x/1082/&lt;/a&gt;)&lt;br/&gt;
&lt;span class="error"&gt;&amp;#91;FIXES MNG-5840&amp;#93;&lt;/span&gt; if the pom.xml at &amp;lt;relativePath&amp;gt; is the same groupId:artifactId but different version fall back to the repository for parent resolution (stephen.alan.connolly: rev 40d5087b6b134842e2b61a567dbb4bfbcfab7ae6)&lt;/p&gt;
&lt;ul&gt;
	&lt;li&gt;maven-model-builder/src/main/java/org/apache/maven/model/building/DefaultModelBuilder.java&lt;/li&gt;
&lt;/ul&gt;
</comment>
                            <comment id="14574289" author="stephenc" created="Fri, 5 Jun 2015 10:41:08 +0000">&lt;p&gt;removed extra files from testcase&lt;/p&gt;</comment>
                            <comment id="14574292" author="stephenc" created="Fri, 5 Jun 2015 10:44:30 +0000">&lt;p&gt;with fix applied&lt;/p&gt;

&lt;div class="code panel" style="border-width: 1px;"&gt;&lt;div class="codeContent panelContent"&gt;
&lt;pre class="code-java"&gt;[stephenc@stevo ~/tmp/mng-5840-testcase]$ mvn -version
Apache Maven 3.3.4-SNAPSHOT (40d5087b6b134842e2b61a567dbb4bfbcfab7ae6; 2015-06-05T11:42:35+01:00)
Maven home: /Users/stephenc/tmp/m334
Java version: 1.8.0_45, vendor: Oracle Corporation
Java home: /Library/Java/JavaVirtualMachines/jdk1.8.0_45.jdk/Contents/Home/jre
Default locale: en_US, platform encoding: UTF-8
OS name: &lt;span class="code-quote"&gt;"mac os x"&lt;/span&gt;, version: &lt;span class="code-quote"&gt;"10.10.3"&lt;/span&gt;, arch: &lt;span class="code-quote"&gt;"x86_64"&lt;/span&gt;, family: &lt;span class="code-quote"&gt;"mac"&lt;/span&gt;
[stephenc@stevo ~/tmp/mng-5840-testcase]$ ./test.sh 
[INFO] Scanning &lt;span class="code-keyword"&gt;for&lt;/span&gt; projects...
[INFO]                                                                         
[INFO] ------------------------------------------------------------------------
[INFO] Building parent 1
[INFO] ------------------------------------------------------------------------
[INFO] 
[INFO] --- maven-clean-plugin:2.5:clean (&lt;span class="code-keyword"&gt;default&lt;/span&gt;-clean) @ parent ---
[INFO] 
[INFO] --- maven-install-plugin:2.4:install (&lt;span class="code-keyword"&gt;default&lt;/span&gt;-install) @ parent ---
[INFO] Installing /Users/stephenc/tmp/mng-5840-testcase/parent-1/pom.xml to /Users/stephenc/.m2/repository/org/example/bug/parent/1/parent-1.pom
[INFO] ------------------------------------------------------------------------
[INFO] BUILD SUCCESS
[INFO] ------------------------------------------------------------------------
[INFO] Total time: 0.289 s
[INFO] Finished at: 2015-06-05T11:44:00+01:00
[INFO] Final Memory: 9M/309M
[INFO] ------------------------------------------------------------------------
[INFO] Scanning &lt;span class="code-keyword"&gt;for&lt;/span&gt; projects...
[INFO]                                                                         
[INFO] ------------------------------------------------------------------------
[INFO] Building child 1-SNAPSHOT
[INFO] ------------------------------------------------------------------------
[INFO] 
[INFO] --- maven-enforcer-plugin:1.4:enforce (&lt;span class="code-keyword"&gt;default&lt;/span&gt;) @ child ---
[INFO] Skipping Rule Enforcement.
[INFO] ------------------------------------------------------------------------
[INFO] BUILD SUCCESS
[INFO] ------------------------------------------------------------------------
[INFO] Total time: 0.421 s
[INFO] Finished at: 2015-06-05T11:44:01+01:00
[INFO] Final Memory: 11M/309M
[INFO] ------------------------------------------------------------------------
&lt;/pre&gt;
&lt;/div&gt;&lt;/div&gt;</comment>
                            <comment id="14574303" author="stephenc" created="Fri, 5 Jun 2015 10:55:27 +0000">&lt;p&gt;Some people asked on the mailing list for a better description of what the test case is trying to show.&lt;/p&gt;

&lt;p&gt;There is a common (to me at least) case where you have multiple GIT projects that are all related and expect to be checked out in a standard structure (you might even have a "helper" project that checks all of these out with scripts or submodules and perhaps an aggregator pom.xml in the root) &lt;/p&gt;

&lt;p&gt;So to let you work on the bleeding edge of the multiple modules and not pollute your local repository, you use &amp;lt;relativePath&amp;gt; to link up all the different projects.&lt;/p&gt;

&lt;p&gt;Now what happens while you release each of these GIT roots one by one?&lt;/p&gt;

&lt;p&gt;The parent root goes from &lt;tt&gt;1-SNAPSHOT&lt;/tt&gt; to &lt;tt&gt;2-SNAPSHOT&lt;/tt&gt; (note that we have never run &lt;tt&gt;mvn install&lt;/tt&gt; on the parent while it has a &lt;tt&gt;-SNAPSHOT&lt;/tt&gt; version because we do not want to pollute the local repo.&lt;/p&gt;

&lt;p&gt;To release the child, it must use a non-SNAPSHOT version, and since we have released version 1 we just update the version to 1 (e.g. &lt;tt&gt;mvn versions:update-parent versions:commit&lt;/tt&gt;) only with 3.3.1 and 3.3.3, unknown to you, you are actually building the child with the &lt;tt&gt;2-SNAPSHOT&lt;/tt&gt; parent. If there were any changes made to that pom that affect the build (e.g. changing dependency versions, plugin defaults, etc)... especially if child produces an aggregate artifact (e.g. a WAR) good luck trying to reproduce that build.&lt;/p&gt;

&lt;p&gt;Things get even worse if you have to switch the child back to a maintenance branch to cut a patch release as now you are resolving the parent from master which could well be completely different. &lt;/p&gt;</comment>
                            <comment id="14599436" author="stephenc" created="Wed, 24 Jun 2015 13:45:32 +0000">&lt;p&gt;&lt;a href="http://git-wip-us.apache.org/repos/asf/maven-integration-testing/commit/d68b6579" class="external-link" target="_blank" rel="nofollow noopener"&gt;http://git-wip-us.apache.org/repos/asf/maven-integration-testing/commit/d68b6579&lt;/a&gt; provides the integration test for this fix to prevent further regressions&lt;/p&gt;</comment>
                            <comment id="14636449" author="hudson" created="Wed, 22 Jul 2015 07:46:56 +0000">&lt;p&gt;FAILURE: Integrated in maven-3.x #1094 (See &lt;a href="https://builds.apache.org/job/maven-3.x/1094/" class="external-link" target="_blank" rel="nofollow noopener"&gt;https://builds.apache.org/job/maven-3.x/1094/&lt;/a&gt;)&lt;br/&gt;
&lt;a href="https://issues.apache.org/jira/browse/MNG-5840" title="&amp;lt;relativePath&amp;gt; is used if the groupId and artifactId match irrespective of the version" class="issue-link" data-issue-key="MNG-5840"&gt;&lt;del&gt;MNG-5840&lt;/del&gt;&lt;/a&gt; The fix for parent version validation caused a regression in the parent version range (stephen.alan.connolly: rev 25f5143169d39075cee67d9f4d11649cce0fafa0)&lt;/p&gt;
&lt;ul&gt;
	&lt;li&gt;maven-model-builder/src/main/java/org/apache/maven/model/building/DefaultModelBuilder.java&lt;/li&gt;
&lt;/ul&gt;
</comment>
                            <comment id="14636529" author="githubbot" created="Wed, 22 Jul 2015 08:53:03 +0000">&lt;p&gt;GitHub user stephenc opened a pull request:&lt;/p&gt;

&lt;p&gt;    &lt;a href="https://github.com/apache/maven/pull/60" class="external-link" target="_blank" rel="nofollow noopener"&gt;https://github.com/apache/maven/pull/60&lt;/a&gt;&lt;/p&gt;

&lt;p&gt;    &lt;a href="https://issues.apache.org/jira/browse/MNG-5840" title="&amp;lt;relativePath&amp;gt; is used if the groupId and artifactId match irrespective of the version" class="issue-link" data-issue-key="MNG-5840"&gt;&lt;del&gt;MNG-5840&lt;/del&gt;&lt;/a&gt; Parent version is a range hack&lt;/p&gt;

&lt;ul class="alternate" type="square"&gt;
	&lt;li&gt;I don't like this, but it does let all the integration tests pass:&lt;/li&gt;
&lt;/ul&gt;


&lt;p&gt;    ```&lt;br/&gt;
    Running org.apache.maven.it.MavenITmng2199ParentVersionRangeTest&lt;br/&gt;
    mng2199ParentVersionRange(ValidParentVersionRangeWithInclusiveUpperBound)OK (3.7 s)&lt;br/&gt;
    mng2199ParentVersionRange(ValidParentVersionRangeWithExclusiveUpperBound)OK (1.7 s)&lt;br/&gt;
    mng2199ParentVersionRange(InvalidParentVersionRange)........OK (0.7 s)&lt;br/&gt;
    mng2199ParentVersionRange(ValidParentVersionRangeInvalidVersionExpression)OK (0.5 s)&lt;br/&gt;
    mng2199ParentVersionRange(ValidParentVersionRangeInvalidVersionInheritance)OK (0.4 s)&lt;br/&gt;
    mng2199ParentVersionRange(ValidLocalParentVersionRange).....OK (0.4 s)&lt;br/&gt;
    Tests run: 6, Failures: 0, Errors: 0, Skipped: 0, Time elapsed: 7.509 sec - in org.apache.maven.it.MavenITmng2199ParentVersionRangeTest&lt;br/&gt;
    Running org.apache.maven.it.MavenITmng5840ParentVersionRanges&lt;br/&gt;
    mng5840ParentVersionRanges(ParentRangeRelativePathPointsToWrongVersion)OK (0.4 s)&lt;br/&gt;
    mng5840ParentVersionRanges(ParentRangeRelativePathPointsToCorrectVersion)OK (0.4 s)&lt;br/&gt;
    Tests run: 2, Failures: 0, Errors: 0, Skipped: 0, Time elapsed: 0.784 sec - in org.apache.maven.it.MavenITmng5840ParentVersionRanges&lt;br/&gt;
    Running org.apache.maven.it.MavenITmng5840RelativePathReactorMatching&lt;br/&gt;
    mng5840RelativePathReactorMatching(RelativePathPointsToWrongVersion)OK (0.4 s)&lt;br/&gt;
    Tests run: 1, Failures: 0, Errors: 0, Skipped: 0, Time elapsed: 0.374 sec - in org.apache.maven.it.MavenITmng5840RelativePathReactorMatching&lt;br/&gt;
    ```&lt;/p&gt;

&lt;p&gt;    I have created this as a pull request because I do not like the dependency change it requires.&lt;/p&gt;

&lt;p&gt;You can merge this pull request into a Git repository by running:&lt;/p&gt;

&lt;p&gt;    $ git pull &lt;a href="https://github.com/stephenc/maven" class="external-link" target="_blank" rel="nofollow noopener"&gt;https://github.com/stephenc/maven&lt;/a&gt; mng-5840-version-range-hack&lt;/p&gt;

&lt;p&gt;Alternatively you can review and apply these changes as the patch at:&lt;/p&gt;

&lt;p&gt;    &lt;a href="https://github.com/apache/maven/pull/60.patch" class="external-link" target="_blank" rel="nofollow noopener"&gt;https://github.com/apache/maven/pull/60.patch&lt;/a&gt;&lt;/p&gt;

&lt;p&gt;To close this pull request, make a commit to your master/trunk branch&lt;br/&gt;
with (at least) the following in the commit message:&lt;/p&gt;

&lt;p&gt;    This closes #60&lt;/p&gt;

&lt;hr /&gt;
&lt;p&gt;commit fc4e341322d708225724363c757012b405cff99e&lt;br/&gt;
Author: Stephen Connolly &amp;lt;stephen.alan.connolly@gmail.com&amp;gt;&lt;br/&gt;
Date:   2015-07-22T08:52:01Z&lt;/p&gt;

&lt;p&gt;    &lt;a href="https://issues.apache.org/jira/browse/MNG-5840" title="&amp;lt;relativePath&amp;gt; is used if the groupId and artifactId match irrespective of the version" class="issue-link" data-issue-key="MNG-5840"&gt;&lt;del&gt;MNG-5840&lt;/del&gt;&lt;/a&gt; Parent version is a range hack&lt;/p&gt;

&lt;ul class="alternate" type="square"&gt;
	&lt;li&gt;I don't like this, but it does let all the integration tests pass:&lt;/li&gt;
&lt;/ul&gt;


&lt;p&gt;    Running org.apache.maven.it.MavenITmng2199ParentVersionRangeTest&lt;br/&gt;
    mng2199ParentVersionRange(ValidParentVersionRangeWithInclusiveUpperBound)OK (3.7 s)&lt;br/&gt;
    mng2199ParentVersionRange(ValidParentVersionRangeWithExclusiveUpperBound)OK (1.7 s)&lt;br/&gt;
    mng2199ParentVersionRange(InvalidParentVersionRange)........OK (0.7 s)&lt;br/&gt;
    mng2199ParentVersionRange(ValidParentVersionRangeInvalidVersionExpression)OK (0.5 s)&lt;br/&gt;
    mng2199ParentVersionRange(ValidParentVersionRangeInvalidVersionInheritance)OK (0.4 s)&lt;br/&gt;
    mng2199ParentVersionRange(ValidLocalParentVersionRange).....OK (0.4 s)&lt;br/&gt;
    Tests run: 6, Failures: 0, Errors: 0, Skipped: 0, Time elapsed: 7.509 sec - in org.apache.maven.it.MavenITmng2199ParentVersionRangeTest&lt;br/&gt;
    Running org.apache.maven.it.MavenITmng5840ParentVersionRanges&lt;br/&gt;
    mng5840ParentVersionRanges(ParentRangeRelativePathPointsToWrongVersion)OK (0.4 s)&lt;br/&gt;
    mng5840ParentVersionRanges(ParentRangeRelativePathPointsToCorrectVersion)OK (0.4 s)&lt;br/&gt;
    Tests run: 2, Failures: 0, Errors: 0, Skipped: 0, Time elapsed: 0.784 sec - in org.apache.maven.it.MavenITmng5840ParentVersionRanges&lt;br/&gt;
    Running org.apache.maven.it.MavenITmng5840RelativePathReactorMatching&lt;br/&gt;
    mng5840RelativePathReactorMatching(RelativePathPointsToWrongVersion)OK (0.4 s)&lt;br/&gt;
    Tests run: 1, Failures: 0, Errors: 0, Skipped: 0, Time elapsed: 0.374 sec - in org.apache.maven.it.MavenITmng5840RelativePathReactorMatching&lt;/p&gt;

&lt;hr /&gt;</comment>
                            <comment id="14636780" author="githubbot" created="Wed, 22 Jul 2015 12:05:39 +0000">&lt;p&gt;Github user stephenc commented on the pull request:&lt;/p&gt;

&lt;p&gt;    &lt;a href="https://github.com/apache/maven/pull/60#issuecomment-123696060" class="external-link" target="_blank" rel="nofollow noopener"&gt;https://github.com/apache/maven/pull/60#issuecomment-123696060&lt;/a&gt;&lt;/p&gt;

&lt;p&gt;    @ifedorenko I've simplified this per your comments... still feel that adding the dependency on maven-artifact is not the correct thing... but it is a semi-reasonable fix&lt;/p&gt;</comment>
                            <comment id="14636871" author="githubbot" created="Wed, 22 Jul 2015 12:57:37 +0000">&lt;p&gt;Github user ifedorenko commented on the pull request:&lt;/p&gt;

&lt;p&gt;    &lt;a href="https://github.com/apache/maven/pull/60#issuecomment-123711202" class="external-link" target="_blank" rel="nofollow noopener"&gt;https://github.com/apache/maven/pull/60#issuecomment-123711202&lt;/a&gt;&lt;/p&gt;

&lt;p&gt;    What other options do we have? I guess we can create new `maven-versioning` module, move `org.apache.maven.artifact.versioning` implementation there and change maven-artifact to delegate to the new code. This is the only "clean" solution I can think of, but I do not have time to do this now and not sure new module with only a handful of classes is justifiable.&lt;/p&gt;
</comment>
                            <comment id="14638926" author="githubbot" created="Thu, 23 Jul 2015 14:43:43 +0000">&lt;p&gt;Github user asfgit closed the pull request at:&lt;/p&gt;

&lt;p&gt;    &lt;a href="https://github.com/apache/maven/pull/60" class="external-link" target="_blank" rel="nofollow noopener"&gt;https://github.com/apache/maven/pull/60&lt;/a&gt;&lt;/p&gt;</comment>
                            <comment id="14638928" author="githubbot" created="Thu, 23 Jul 2015 14:44:56 +0000">&lt;p&gt;Github user stephenc commented on the pull request:&lt;/p&gt;

&lt;p&gt;    &lt;a href="https://github.com/apache/maven/pull/60#issuecomment-124128970" class="external-link" target="_blank" rel="nofollow noopener"&gt;https://github.com/apache/maven/pull/60#issuecomment-124128970&lt;/a&gt;&lt;/p&gt;

&lt;p&gt;    After no comments against merging this and with @ifedorenko saying go for it I decided to merge... if people object they can revert it out. I am not in love with this fix but it will be fine IMHO for 3.3.6&lt;/p&gt;</comment>
                            <comment id="14638930" author="githubbot" created="Thu, 23 Jul 2015 14:48:36 +0000">&lt;p&gt;Github user jvanzyl commented on the pull request:&lt;/p&gt;

&lt;p&gt;    &lt;a href="https://github.com/apache/maven/pull/60#issuecomment-124129817" class="external-link" target="_blank" rel="nofollow noopener"&gt;https://github.com/apache/maven/pull/60#issuecomment-124129817&lt;/a&gt;&lt;/p&gt;

&lt;p&gt;    I'm out in the middle of nowhere, but i'll cancel the vote, test and re-roll once I'm back to civilization.&lt;/p&gt;</comment>
                            <comment id="14638956" author="hudson" created="Thu, 23 Jul 2015 15:02:43 +0000">&lt;p&gt;SUCCESS: Integrated in maven-3.x #1096 (See &lt;a href="https://builds.apache.org/job/maven-3.x/1096/" class="external-link" target="_blank" rel="nofollow noopener"&gt;https://builds.apache.org/job/maven-3.x/1096/&lt;/a&gt;)&lt;br/&gt;
&lt;a href="https://issues.apache.org/jira/browse/MNG-5840" title="&amp;lt;relativePath&amp;gt; is used if the groupId and artifactId match irrespective of the version" class="issue-link" data-issue-key="MNG-5840"&gt;&lt;del&gt;MNG-5840&lt;/del&gt;&lt;/a&gt; The fix for parent version validation caused a regression in the parent version range (stephen.alan.connolly: rev bd87258629db8e3fcc7aa04777afc16314c3cde0)&lt;/p&gt;
&lt;ul&gt;
	&lt;li&gt;maven-model-builder/src/main/java/org/apache/maven/model/building/DefaultModelBuilder.java&lt;/li&gt;
	&lt;li&gt;maven-model-builder/pom.xml&lt;/li&gt;
&lt;/ul&gt;
</comment>
                            <comment id="14985146" author="hudson" created="Mon, 2 Nov 2015 12:34:02 +0000">&lt;p&gt;SUCCESS: Integrated in maven-3.x #1150 (See &lt;a href="https://builds.apache.org/job/maven-3.x/1150/" class="external-link" target="_blank" rel="nofollow noopener"&gt;https://builds.apache.org/job/maven-3.x/1150/&lt;/a&gt;)&lt;br/&gt;
&lt;a href="https://issues.apache.org/jira/browse/MNG-5840" title="&amp;lt;relativePath&amp;gt; is used if the groupId and artifactId match irrespective of the version" class="issue-link" data-issue-key="MNG-5840"&gt;&lt;del&gt;MNG-5840&lt;/del&gt;&lt;/a&gt; A regression had crept in and was missed as the intergration (stephen.alan.connolly: rev 1953284925616e691fb881c5e3fa8fbdd1830385)&lt;/p&gt;
&lt;ul&gt;
	&lt;li&gt;maven-model-builder/src/main/java/org/apache/maven/model/building/DefaultModelBuilder.java&lt;/li&gt;
&lt;/ul&gt;
</comment>
                            <comment id="14996943" author="kilokahn123" created="Mon, 9 Nov 2015 17:25:36 +0000">&lt;p&gt;Hey guys,&lt;/p&gt;

&lt;p&gt;I ran into a similar issue - I think (&lt;a href="http://stackoverflow.com/questions/33613036/parent-pom-version-possibly-not-being-honored-by-mvn-3-3-3-for-properties-resolu" class="external-link" target="_blank" rel="nofollow noopener"&gt;http://stackoverflow.com/questions/33613036/parent-pom-version-possibly-not-being-honored-by-mvn-3-3-3-for-properties-resolu&lt;/a&gt;) with 3.3.3 and I have noticed (and verified) it to be working correctly with 3.3.9-SNAPSHOT, though not with 3.3.8. &lt;/p&gt;

&lt;p&gt;Can you please confirm if this is in fact available on 3.3.8? Please let me know if I should rather log a separate bug ticket for this use case?&lt;/p&gt;

&lt;p&gt;Thanks!&lt;/p&gt;</comment>
                            <comment id="15074517" author="githubbot" created="Wed, 30 Dec 2015 01:16:20 +0000">&lt;p&gt;Github user bastiao commented on the pull request:&lt;/p&gt;

&lt;p&gt;    &lt;a href="https://github.com/apache/maven/pull/60#issuecomment-167913767" class="external-link" target="_blank" rel="nofollow noopener"&gt;https://github.com/apache/maven/pull/60#issuecomment-167913767&lt;/a&gt;&lt;/p&gt;

&lt;p&gt;     &lt;a href="https://github.com/kilokahn/maven-testers/tree/master/foo-parent" class="external-link" target="_blank" rel="nofollow noopener"&gt;https://github.com/kilokahn/maven-testers/tree/master/foo-parent&lt;/a&gt; &lt;/p&gt;

&lt;p&gt;    this code does not work in 3.3.9 &lt;img class="emoticon" src="https://issues.apache.org/jira/images/icons/emoticons/sad.png" height="16" width="16" align="absmiddle" alt="" border="0"/&gt; &lt;/p&gt;</comment>
                            <comment id="15074521" author="bastiao" created="Wed, 30 Dec 2015 01:24:53 +0000">&lt;p&gt;I'm also commenting in this issue.&lt;/p&gt;

&lt;p&gt;My project are using think like that: &lt;a href="https://github.com/kilokahn/maven-testers/tree/master/foo-parent" class="external-link" target="_blank" rel="nofollow noopener"&gt;https://github.com/kilokahn/maven-testers/tree/master/foo-parent&lt;/a&gt;&lt;br/&gt;
I'm not able to compile with maven 3.3.9 with Mac OS. Any ideas or workarounds to solve it?&lt;/p&gt;</comment>
                            <comment id="15074551" author="kilokahn123" created="Wed, 30 Dec 2015 02:22:36 +0000">&lt;p&gt;I was able to get the correct behavior with 3.3.9 (on Linux).&lt;/p&gt;</comment>
                            <comment id="15074897" author="githubbot" created="Wed, 30 Dec 2015 10:11:27 +0000">&lt;p&gt;Github user khmarbaise commented on the pull request:&lt;/p&gt;

&lt;p&gt;    &lt;a href="https://github.com/apache/maven/pull/60#issuecomment-167972348" class="external-link" target="_blank" rel="nofollow noopener"&gt;https://github.com/apache/maven/pull/60#issuecomment-167972348&lt;/a&gt;&lt;/p&gt;

&lt;p&gt;    The problem is simply related to using the version `0.0.2-SNAPSHOT` in foo-business instead of `0.0.3-SNASPHOT` as parent version which will never work...&lt;/p&gt;</comment>
                            <comment id="15074910" author="githubbot" created="Wed, 30 Dec 2015 10:24:26 +0000">&lt;p&gt;Github user bastiao commented on the pull request:&lt;/p&gt;

&lt;p&gt;    &lt;a href="https://github.com/apache/maven/pull/60#issuecomment-167973833" class="external-link" target="_blank" rel="nofollow noopener"&gt;https://github.com/apache/maven/pull/60#issuecomment-167973833&lt;/a&gt;&lt;/p&gt;

&lt;p&gt;    Yes, you are right.&lt;/p&gt;

&lt;p&gt;    But In childs I would like to use:&lt;/p&gt;

&lt;p&gt;        &amp;lt;parent&amp;gt;&lt;br/&gt;
            &amp;lt;artifactId&amp;gt;foo-parent&amp;lt;/artifactId&amp;gt;&lt;br/&gt;
                    &amp;lt;version&amp;gt;${global.version}&amp;lt;/version&amp;gt;&lt;br/&gt;
            &amp;lt;groupId&amp;gt;com.kilo&amp;lt;/groupId&amp;gt;&lt;br/&gt;
        &amp;lt;/parent&amp;gt;&lt;/p&gt;

&lt;p&gt;    ${global.version} is defined in parent pom.xml.&lt;/p&gt;

&lt;p&gt;    It compiles in 3.3.3 but not in 3.3.9 &lt;img class="emoticon" src="https://issues.apache.org/jira/images/icons/emoticons/sad.png" height="16" width="16" align="absmiddle" alt="" border="0"/&gt;&lt;/p&gt;</comment>
                            <comment id="15074921" author="githubbot" created="Wed, 30 Dec 2015 10:40:46 +0000">&lt;p&gt;Github user khmarbaise commented on the pull request:&lt;/p&gt;

&lt;p&gt;    &lt;a href="https://github.com/apache/maven/pull/60#issuecomment-167975254" class="external-link" target="_blank" rel="nofollow noopener"&gt;https://github.com/apache/maven/pull/60#issuecomment-167975254&lt;/a&gt;&lt;/p&gt;

&lt;p&gt;    So we are talking about something completely different. I have cloned the given repository `&lt;a href="https://github.com/kilokahn/maven-testers/" class="external-link" target="_blank" rel="nofollow noopener"&gt;https://github.com/kilokahn/maven-testers/&lt;/a&gt;` and i can't find a definition for `global.version` ? If you like to use something like above you have to use predefined placeholders (&lt;span class="error"&gt;&amp;#91;revision, changelist, sha1&amp;#93;&lt;/span&gt;(&lt;a href="http://maven.apache.org/docs/3.2.1/release-notes.html#Continuous_delivery_friendly_versions_MNG-5576" class="external-link" target="_blank" rel="nofollow noopener"&gt;http://maven.apache.org/docs/3.2.1/release-notes.html#Continuous_delivery_friendly_versions_MNG-5576&lt;/a&gt;)) so you can call maven like this:&lt;/p&gt;

&lt;p&gt;        mvn -Drevision=1.0-SNAPSHOT clean package &lt;/p&gt;

&lt;p&gt;    which is already available since Maven 3.2.1...&lt;/p&gt;</comment>
                            <comment id="17069598" author="hudson" created="Sat, 28 Mar 2020 14:59:07 +0000">&lt;p&gt;Build failed in Jenkins: Maven TLP &#187; maven-studies &#187; maven-metrics #4&lt;/p&gt;

&lt;p&gt;See &lt;a href="https://builds.apache.org/job/maven-box/job/maven-studies/job/maven-metrics/4/" class="external-link" target="_blank" rel="nofollow noopener"&gt;https://builds.apache.org/job/maven-box/job/maven-studies/job/maven-metrics/4/&lt;/a&gt;&lt;/p&gt;</comment>
                    </comments>
                <issuelinks>
                            <issuelinktype id="10030">
                    <name>Reference</name>
                                                                <inwardlinks description="is related to">
                                        <issuelink>
            <issuekey id="12796901">MNG-624</issuekey>
        </issuelink>
                            </inwardlinks>
                                    </issuelinktype>
                    </issuelinks>
                <attachments>
                            <attachment id="12737908" name="mng-5840-testcase.tar.gz" size="1256" author="stephenc" created="Fri, 5 Jun 2015 10:41:08 +0000" />
                    </attachments>
                <subtasks>
                    </subtasks>
                <customfields>
                                                                                                                                                                                                                                                                                                                                                                                                                                                                                                                                                                                                                                                                                                                    <customfield id="customfield_12314020" key="com.atlassian.jira.plugins.jira-development-integration-plugin:devsummary">
                        <customfieldname>Development</customfieldname>
                        <customfieldvalues>
                            
                        </customfieldvalues>
                    </customfield>
                                                                                                                        <customfield id="customfield_12313422" key="com.atlassian.jirafisheyeplugin:jobcheckbox">
                        <customfieldname>Enable Automatic Patch Review</customfieldname>
                        <customfieldvalues>
                            <customfieldvalue>false</customfieldvalue>

                        </customfieldvalues>
                    </customfield>
                                                                                                                                                                                                                                                                                                                                                        <customfield id="customfield_12310250" key="com.atlassian.jira.plugin.system.customfieldtypes:multicheckboxes">
                        <customfieldname>Flags</customfieldname>
                        <customfieldvalues>
                                <customfieldvalue key="10431">Important</customfieldvalue>
    
                        </customfieldvalues>
                    </customfield>
                                                                                                                                                                                                                                                                                                <customfield id="customfield_12310420" key="com.pyxis.greenhopper.jira:gh-global-rank">
                        <customfieldname>Global Rank</customfieldname>
                        <customfieldvalues>
                            <customfieldvalue>9223372036854775807</customfieldvalue>
                        </customfieldvalues>
                    </customfield>
                                                                                                                                                                                                                                                                                                                                                                                                                                                                        <customfield id="customfield_12311820" key="com.pyxis.greenhopper.jira:gh-lexo-rank">
                        <customfieldname>Rank</customfieldname>
                        <customfieldvalues>
                            <customfieldvalue>0|i2fo5r:</customfieldvalue>

                        </customfieldvalues>
                    </customfield>
                                                                <customfield id="customfield_12310920" key="com.pyxis.greenhopper.jira:gh-global-rank">
                        <customfieldname>Rank (Obsolete)</customfieldname>
                        <customfieldvalues>
                            <customfieldvalue>9223372036854775807</customfieldvalue>
                        </customfieldvalues>
                    </customfield>
                                                                                                                                                                                                                                                                                                                                                                                                                                                                                                                                                                                                                                                                                                                                                                                            </customfields>
    </item>


</channel>
</rss>