<rss version="0.92">
    <channel>
        <title>ASF JIRA</title>
        <link>https://issues.apache.org/jira/issues/?jql=project+%3D+MNG+and+type+%3D+bug+and+%28status+%3D+RESOLVED+or+status+%3D+closed%29</link>
        <description>An XML representation of a search request</description>
                <language>en-uk</language>
                        <issue start="0" end="1000" total="3303" />
                <build-info>
            <version>8.20.7</version>
            <build-number>820007</build-number>
            <build-date>16-03-2022</build-date>
        </build-info>

<item>
            <title>[MNG-5219] Regression from M2: Installing non-existing artifact is silently ignored</title>
                <link>https://issues.apache.org/jira/browse/MNG-5219</link>
                <project id="12316922" key="MNG">Maven</project>
                    <description>&lt;p&gt;Maven 2.2.1 used to fail during "install" phase when an attached artifact did not exist.&lt;br/&gt;
This is no longer true with version 3.0.3.&lt;br/&gt;
To reproduce the bug, store attached pom.xml into an empty directory and try:&lt;br/&gt;
a) maven 2.2.1 - use command "mvn clean install -e" to see the stacktrace:&lt;/p&gt;
&lt;div class="preformatted panel" style="border-width: 1px;"&gt;&lt;div class="preformattedContent panelContent"&gt;
&lt;pre&gt;[INFO] [install:install {execution: default-install}]
[INFO] Installing /TESTDIR/pom.xml to /LOCALREPO/test/mvn/install/test-mvn-install/1-SNAPSHOT/test-mvn-install-1-SNAPSHOT.pom
[INFO] Installing /TESTDIR/target/nonexistent.nonsense to /LOCALREPO/test/mvn/install/test-mvn-install/1-SNAPSHOT/test-mvn-install-1-SNAPSHOT.nonsense
[INFO] ------------------------------------------------------------------------
[ERROR] BUILD ERROR
[INFO] ------------------------------------------------------------------------
[INFO] Error installing artifact: File /TESTDIR/target/nonexistent.nonsense does not exist

[INFO] ------------------------------------------------------------------------
[INFO] Trace
    org.apache.maven.lifecycle.LifecycleExecutionException: Error installing artifact: File /TESTDIR/target/nonexistent.nonsense does not exist
    at org.apache.maven.lifecycle.DefaultLifecycleExecutor.executeGoals(DefaultLifecycleExecutor.java:719)
    at org.apache.maven.lifecycle.DefaultLifecycleExecutor.executeGoalWithLifecycle(DefaultLifecycleExecutor.java:556)
    at org.apache.maven.lifecycle.DefaultLifecycleExecutor.executeGoal(DefaultLifecycleExecutor.java:535)
    at org.apache.maven.lifecycle.DefaultLifecycleExecutor.executeGoalAndHandleFailures(DefaultLifecycleExecutor.java:387)
    at org.apache.maven.lifecycle.DefaultLifecycleExecutor.executeTaskSegments(DefaultLifecycleExecutor.java:348)
    at org.apache.maven.lifecycle.DefaultLifecycleExecutor.execute(DefaultLifecycleExecutor.java:180)
    at org.apache.maven.DefaultMaven.doExecute(DefaultMaven.java:328)
    at org.apache.maven.DefaultMaven.execute(DefaultMaven.java:138)
    at org.apache.maven.cli.MavenCli.main(MavenCli.java:362)
    at org.apache.maven.cli.compat.CompatibleMain.main(CompatibleMain.java:60)
    at sun.reflect.NativeMethodAccessorImpl.invoke0(Native Method)
    at sun.reflect.NativeMethodAccessorImpl.invoke(NativeMethodAccessorImpl.java:39)
    at sun.reflect.DelegatingMethodAccessorImpl.invoke(DelegatingMethodAccessorImpl.java:25)
    at java.lang.reflect.Method.invoke(Method.java:597)
    at org.codehaus.classworlds.Launcher.launchEnhanced(Launcher.java:315)
    at org.codehaus.classworlds.Launcher.launch(Launcher.java:255)
    at org.codehaus.classworlds.Launcher.mainWithExitCode(Launcher.java:430)
    at org.codehaus.classworlds.Launcher.main(Launcher.java:375)
Caused by: org.apache.maven.plugin.MojoExecutionException: Error installing artifact: File /TESTDIR/target/nonexistent.nonsense does not exist
    at org.apache.maven.plugin.install.InstallMojo.execute(InstallMojo.java:143)
    at org.apache.maven.plugin.DefaultPluginManager.executeMojo(DefaultPluginManager.java:490)
    at org.apache.maven.lifecycle.DefaultLifecycleExecutor.executeGoals(DefaultLifecycleExecutor.java:694)
    ... 17 more
Caused by: org.apache.maven.artifact.installer.ArtifactInstallationException: Error installing artifact: File /TESTDIR/target/nonexistent.nonsense does not exist
    at org.apache.maven.artifact.installer.DefaultArtifactInstaller.install(DefaultArtifactInstaller.java:119)
    at org.apache.maven.plugin.install.InstallMojo.execute(InstallMojo.java:133)
    ... 19 more
Caused by: java.io.IOException: File /TESTDIR/target/nonexistent.nonsense does not exist
    at hidden.org.codehaus.plexus.util.FileUtils.copyFile(FileUtils.java:1003)
    at org.apache.maven.artifact.installer.DefaultArtifactInstaller.install(DefaultArtifactInstaller.java:98)
    ... 20 more
[INFO] ------------------------------------------------------------------------

&lt;/pre&gt;
&lt;/div&gt;&lt;/div&gt;

&lt;p&gt;Here, M2 fails, and gives nice explanatory message.&lt;/p&gt;


&lt;p&gt;b) maven 3.0.3 - use command "mvn clean install -X" to see the improper message from aether:&lt;/p&gt;

&lt;div class="preformatted panel" style="border-width: 1px;"&gt;&lt;div class="preformattedContent panelContent"&gt;
&lt;pre&gt;[DEBUG] Configuring mojo 'org.apache.maven.plugins:maven-install-plugin:2.3.1:install' with basic configurator --&amp;gt;
[DEBUG]   (f) artifact = test.mvn.install:test-mvn-install:pom:1-SNAPSHOT
[DEBUG]   (f) attachedArtifacts = [test.mvn.install:test-mvn-install:nonsense:1-SNAPSHOT]
[DEBUG]   (f) createChecksum = false
[DEBUG]   (f) localRepository =        id: local
      url: file:///LOCALREPO/
   layout: none

[DEBUG]   (f) packaging = pom
[DEBUG]   (f) pomFile = /TESTDIR/pom.xml
[DEBUG]   (f) updateReleaseInfo = false
[DEBUG] -- end configuration --
[INFO] Installing /TESTDIR/pom.xml to /LOCALREPO/test/mvn/install/test-mvn-install/1-SNAPSHOT/test-mvn-install-1-SNAPSHOT.pom
[DEBUG] Installing test.mvn.install:test-mvn-install:1-SNAPSHOT/maven-metadata.xml to /LOCALREPO/test/mvn/install/test-mvn-install/1-SNAPSHOT/maven-metadata-local.xml
[DEBUG] Installing test.mvn.install:test-mvn-install/maven-metadata.xml to /LOCALREPO/test/mvn/install/test-mvn-install/maven-metadata-local.xml
[INFO] Installing /TESTDIR/target/nonexistent.nonsense to /LOCALREPO/test/mvn/install/test-mvn-install/1-SNAPSHOT/test-mvn-install-1-SNAPSHOT.nonsense
[DEBUG] Skipped re-installing /TESTDIR/target/nonexistent.nonsense to /LOCALREPO/test/mvn/install/test-mvn-install/1-SNAPSHOT/test-mvn-install-1-SNAPSHOT.nonsense, seems unchanged
[DEBUG] Installing test.mvn.install:test-mvn-install:1-SNAPSHOT/maven-metadata.xml to /LOCALREPO/test/mvn/install/test-mvn-install/1-SNAPSHOT/maven-metadata-local.xml
[DEBUG] Installing test.mvn.install:test-mvn-install/maven-metadata.xml to /LOCALREPO/test/mvn/install/test-mvn-install/maven-metadata-local.xml
[INFO] ------------------------------------------------------------------------
[INFO] BUILD SUCCESS
[INFO] ------------------------------------------------------------------------
&lt;/pre&gt;
&lt;/div&gt;&lt;/div&gt;

&lt;p&gt;In this case, the problem is (almost silently) ignored, because M3 (aether) sees that the new file is the same as the old one &lt;em&gt;(correct &lt;img class="emoticon" src="https://issues.apache.org/jira/images/icons/emoticons/smile.png" height="16" width="16" align="absmiddle" alt="" border="0"/&gt; - none of them exist)&lt;/em&gt;, due to a &lt;a href="https://github.com/sonatype/sonatype-aether/blob/master/aether-impl/src/main/java/org/sonatype/aether/impl/internal/DefaultInstaller.java#L260" class="external-link" target="_blank" rel="nofollow noopener"&gt;bug here&lt;/a&gt;.&lt;br/&gt;
He simply believes that same timestamp on both sides means that the artifact does not need to be copied.&lt;br/&gt;
This is true &lt;b&gt;except when the timestamp is -1&lt;/b&gt; - indicating missing file.&lt;/p&gt;

&lt;p&gt;There are several ways to fix this:&lt;/p&gt;
&lt;ul class="alternate" type="square"&gt;
	&lt;li&gt;in maven-3 code (attached patch does this)&lt;/li&gt;
	&lt;li&gt;in aether code&lt;/li&gt;
	&lt;li&gt;in both - which I believe is best&lt;/li&gt;
&lt;/ul&gt;
</description>
                <environment>Apache Maven 3.0.3 (r1075438; 2011-02-28 18:31:09+0100)&lt;br/&gt;
Maven home: /home/kozelka/opt/apache-maven-3.0.3&lt;br/&gt;
Java version: 1.6.0_22, vendor: Sun Microsystems Inc.&lt;br/&gt;
Default locale: en_US, platform encoding: ANSI_X3.4-1968&lt;br/&gt;
OS name: &amp;quot;linux&amp;quot;, version: &amp;quot;2.6.38-13-generic&amp;quot;, arch: &amp;quot;amd64&amp;quot;, family: &amp;quot;unix&amp;quot;&lt;br/&gt;
</environment>
        <key id="12796485">MNG-5219</key>
            <summary>Regression from M2: Installing non-existing artifact is silently ignored</summary>
                <type id="1" iconUrl="https://issues.apache.org/jira/secure/viewavatar?size=xsmall&amp;avatarId=21133&amp;avatarType=issuetype">Bug</type>
                                            <priority id="3" iconUrl="https://issues.apache.org/jira/images/icons/priorities/major.svg">Major</priority>
                        <status id="6" iconUrl="https://issues.apache.org/jira/images/icons/statuses/closed.png" description="The issue is considered finished, the resolution is correct. Issues which are not closed can be reopened.">Closed</status>
                    <statusCategory id="3" key="done" colorName="green" />
                                    <resolution id="5">Cannot Reproduce</resolution>
                                        <assignee username="jvanzyl">Jason van Zyl</assignee>
                                    <reporter username="pkozelka">Petr Kozelka</reporter>
                        <labels>
                    </labels>
                <created>Tue, 13 Dec 2011 19:31:58 +0000</created>
                <updated>Wed, 24 Jul 2019 21:11:44 +0000</updated>
                            <resolved>Wed, 24 Jul 2019 21:11:44 +0000</resolved>
                                    <version>3.0.3</version>
                    <version>3.0.4</version>
                                                    <component>Artifacts and Repositories</component>
                        <due />
                            <votes>0</votes>
                                    <watches>3</watches>
                                                                <comments>
                            <comment id="14419430" author="jvanzyl" created="Sat, 15 Feb 2014 08:39:27 +0000">&lt;p&gt;A better way to handle this generally might be to disallow a non-existent artifact to be attached in the first place and throw an exception in MavenProject#addAttachedArtifact. This will force users to attach artifacts only after they have been created, but I don't think that's a bad thing.&lt;/p&gt;</comment>
                            <comment id="16892181" author="michael-o" created="Wed, 24 Jul 2019 21:11:44 +0000">&lt;p&gt;Cannot reproduce with 3.6.2-SNAPSHOT:&lt;/p&gt;

&lt;div class="preformatted panel" style="border-width: 1px;"&gt;&lt;div class="preformattedContent panelContent"&gt;
&lt;pre&gt;[DEBUG]   (f) packaging = pom
[DEBUG]   (f) pomFile = C:\Users\mosipov\Downloads\pom.xml
[DEBUG]   (s) skip = false
[DEBUG]   (f) updateReleaseInfo = false
[DEBUG] -- end configuration --
[INFO] Installing C:\Users\mosipov\Downloads\pom.xml to C:\Users\mosipov\.m2\repository\test\mvn\install\test-mvn-install\1-SNAPSHOT\test-mvn-install-1-SNAPSHOT.pom
[DEBUG] Writing tracking file C:\Users\mosipov\.m2\repository\test\mvn\install\test-mvn-install\1-SNAPSHOT\_remote.repositories
[DEBUG] Installing test.mvn.install:test-mvn-install:1-SNAPSHOT/maven-metadata.xml to C:\Users\mosipov\.m2\repository\test\mvn\install\test-mvn-install\1-SNAPSHOT\maven-metadata-local.xml
[DEBUG] Installing test.mvn.install:test-mvn-install/maven-metadata.xml to C:\Users\mosipov\.m2\repository\test\mvn\install\test-mvn-install\maven-metadata-local.xml
[INFO] Installing C:\Users\mosipov\Downloads\target\nonexistent.nonsense to C:\Users\mosipov\.m2\repository\test\mvn\install\test-mvn-install\1-SNAPSHOT\test-mvn-install-1-SNAPSHOT.nonsense
[INFO] ------------------------------------------------------------------------
[INFO] BUILD FAILURE
[INFO] ------------------------------------------------------------------------
[INFO] Total time: 1.970 s
[INFO] Finished at: 2019-07-24T23:10:09+02:00
[INFO] ------------------------------------------------------------------------
[ERROR] Failed to execute goal org.apache.maven.plugins:maven-install-plugin:2.4:install (default-install) on project test-mvn-install: Failed to install artifact test.mvn.install:test-mvn-install:nonsense:1-SNAPSHOT: C:\Users\mosipov\Downloads\target\nonexistent.nonsense (Das System kann den angegebenen Pfad nicht finden) -&amp;gt; [Help 1]
org.apache.maven.lifecycle.LifecycleExecutionException: Failed to execute goal org.apache.maven.plugins:maven-install-plugin:2.4:install (default-install) on project test-mvn-install: Failed to install artifact test.mvn.install:test-mvn-install:nonsense:1-SNAPSHOT: C:\Users\mosipov\Downloads\target\nonexistent.nonsense (Das System kann den angegebenen Pfad nicht finden)
    at org.apache.maven.lifecycle.internal.MojoExecutor.execute (MojoExecutor.java:213)
    at org.apache.maven.lifecycle.internal.MojoExecutor.execute (MojoExecutor.java:154)
&lt;/pre&gt;
&lt;/div&gt;&lt;/div&gt;</comment>
                    </comments>
                    <attachments>
                            <attachment id="12713166" name="MNG-fail-install-ifnotfound.patch" size="863" author="pkozelka" created="Tue, 13 Dec 2011 19:31:59 +0000" />
                            <attachment id="12712690" name="pom.xml" size="1295" author="pkozelka" created="Tue, 13 Dec 2011 19:31:59 +0000" />
                    </attachments>
                <subtasks>
                    </subtasks>
                <customfields>
                                                                                                                                                                                                                                                                                                                                                                                                                                                                                                                                                                                                                                                                                                                    <customfield id="customfield_12314020" key="com.atlassian.jira.plugins.jira-development-integration-plugin:devsummary">
                        <customfieldname>Development</customfieldname>
                        <customfieldvalues>
                            
                        </customfieldvalues>
                    </customfield>
                                                                                                                        <customfield id="customfield_12313422" key="com.atlassian.jirafisheyeplugin:jobcheckbox">
                        <customfieldname>Enable Automatic Patch Review</customfieldname>
                        <customfieldvalues>
                            <customfieldvalue>false</customfieldvalue>

                        </customfieldvalues>
                    </customfield>
                                                                                                                                                                                                                                                                                                                                                        <customfield id="customfield_12310250" key="com.atlassian.jira.plugin.system.customfieldtypes:multicheckboxes">
                        <customfieldname>Flags</customfieldname>
                        <customfieldvalues>
                                <customfieldvalue key="10430">Patch</customfieldvalue>
    
                        </customfieldvalues>
                    </customfield>
                                                                                                                                                                                                                                                                                                <customfield id="customfield_12310420" key="com.pyxis.greenhopper.jira:gh-global-rank">
                        <customfieldname>Global Rank</customfieldname>
                        <customfieldvalues>
                            <customfieldvalue>9223372036854775807</customfieldvalue>
                        </customfieldvalues>
                    </customfield>
                                                                                                                                                                                                                                                                                                                                                                                                                                                                        <customfield id="customfield_12311820" key="com.pyxis.greenhopper.jira:gh-lexo-rank">
                        <customfieldname>Rank</customfieldname>
                        <customfieldvalues>
                            <customfieldvalue>0|i29bhb:</customfieldvalue>

                        </customfieldvalues>
                    </customfield>
                                                                <customfield id="customfield_12310920" key="com.pyxis.greenhopper.jira:gh-global-rank">
                        <customfieldname>Rank (Obsolete)</customfieldname>
                        <customfieldvalues>
                            <customfieldvalue>9223372036854775807</customfieldvalue>
                        </customfieldvalues>
                    </customfield>
                                                                                                                                                                                                                                                                                                                                                                                                                                                                                                                                                                                                                                                                                                        <customfield id="customfield_12312220" key="com.atlassian.jira.plugin.system.customfieldtypes:radiobuttons">
                        <customfieldname>Testcase included</customfieldname>
                        <customfieldvalues>
                                <customfieldvalue key="11060">Yes</customfieldvalue>

                        </customfieldvalues>
                    </customfield>
                                                                                                                        </customfields>
    </item>


</channel>
</rss>