<rss version="0.92">
    <channel>
        <title>ASF JIRA</title>
        <link>https://issues.apache.org/jira/issues/?jql=project+%3D+MNG+and+type+%3D+bug+and+%28status+%3D+RESOLVED+or+status+%3D+closed%29</link>
        <description>An XML representation of a search request</description>
                <language>en-uk</language>
                        <issue start="0" end="1000" total="3303" />
                <build-info>
            <version>8.20.7</version>
            <build-number>820007</build-number>
            <build-date>16-03-2022</build-date>
        </build-info>

<item>
            <title>[MNG-5116] Automatic Proxy Configuration on Windows</title>
                <link>https://issues.apache.org/jira/browse/MNG-5116</link>
                <project id="12316922" key="MNG">Maven</project>
                    <description>&lt;p&gt;In trying to develop a SpringRoo application with maven, I experience a problem connecting to the internet through the proxy we have at work.  The proxy is setup on an "Automatic Proxy Configuration" script and only requires a URL for configuration.&lt;/p&gt;

&lt;p&gt;Alternative means were used to execute the retrieval of the error in question by issuing a command line exeuction as follows (with the following results):&lt;/p&gt;

&lt;p&gt;C:\springsource\maven-2.2.1.RELEASE\bin&amp;gt;mvn install:install-file -DgroupId=org.a&lt;br/&gt;
spectj -DartifactId=aspectjtools -Dversion=1.2 -Dpackaging=jar -Dfile=c:\aspectj&lt;br/&gt;
-maven-plugin-1.2.jar&lt;br/&gt;
&lt;span class="error"&gt;&amp;#91;INFO&amp;#93;&lt;/span&gt; Scanning for projects...&lt;br/&gt;
&lt;span class="error"&gt;&amp;#91;INFO&amp;#93;&lt;/span&gt; Searching repository for plugin with prefix: 'install'.&lt;br/&gt;
Downloading: &lt;a href="http://repo1.maven.org/maven2/org/apache/maven/plugins/maven-instal" class="external-link" target="_blank" rel="nofollow noopener"&gt;http://repo1.maven.org/maven2/org/apache/maven/plugins/maven-instal&lt;/a&gt;&lt;br/&gt;
l-plugin/2.2/maven-install-plugin-2.2.pom&lt;br/&gt;
&lt;span class="error"&gt;&amp;#91;INFO&amp;#93;&lt;/span&gt; Unable to find resource 'org.apache.maven.plugins:maven-install-plugin:po&lt;br/&gt;
m:2.2' in repository central (&lt;a href="http://repo1.maven.org/maven2" class="external-link" target="_blank" rel="nofollow noopener"&gt;http://repo1.maven.org/maven2&lt;/a&gt;)&lt;br/&gt;
Downloading: &lt;a href="http://repo1.maven.org/maven2/org/apache/maven/plugins/maven-instal" class="external-link" target="_blank" rel="nofollow noopener"&gt;http://repo1.maven.org/maven2/org/apache/maven/plugins/maven-instal&lt;/a&gt;&lt;br/&gt;
l-plugin/2.2/maven-install-plugin-2.2.pom&lt;br/&gt;
&lt;span class="error"&gt;&amp;#91;INFO&amp;#93;&lt;/span&gt; Unable to find resource 'org.apache.maven.plugins:maven-install-plugin:po&lt;br/&gt;
m:2.2' in repository central (&lt;a href="http://repo1.maven.org/maven2" class="external-link" target="_blank" rel="nofollow noopener"&gt;http://repo1.maven.org/maven2&lt;/a&gt;)&lt;br/&gt;
&lt;span class="error"&gt;&amp;#91;INFO&amp;#93;&lt;/span&gt; ------------------------------------------------------------------------&lt;br/&gt;
&lt;span class="error"&gt;&amp;#91;ERROR&amp;#93;&lt;/span&gt; BUILD ERROR&lt;br/&gt;
&lt;span class="error"&gt;&amp;#91;INFO&amp;#93;&lt;/span&gt; ------------------------------------------------------------------------&lt;br/&gt;
&lt;span class="error"&gt;&amp;#91;INFO&amp;#93;&lt;/span&gt; Failed to resolve artifact.&lt;/p&gt;

&lt;p&gt;GroupId: org.apache.maven.plugins&lt;br/&gt;
ArtifactId: maven-install-plugin&lt;br/&gt;
Version: 2.2&lt;/p&gt;

&lt;p&gt;Reason: Unable to download the artifact from any repository&lt;/p&gt;

&lt;p&gt;  org.apache.maven.plugins:maven-install-plugin:pom:2.2&lt;/p&gt;

&lt;p&gt;from the specified remote repositories:&lt;br/&gt;
  central (&lt;a href="http://repo1.maven.org/maven2" class="external-link" target="_blank" rel="nofollow noopener"&gt;http://repo1.maven.org/maven2&lt;/a&gt;)&lt;/p&gt;



&lt;p&gt;&lt;span class="error"&gt;&amp;#91;INFO&amp;#93;&lt;/span&gt; ------------------------------------------------------------------------&lt;br/&gt;
&lt;span class="error"&gt;&amp;#91;INFO&amp;#93;&lt;/span&gt; For more information, run Maven with the -e switch&lt;br/&gt;
&lt;span class="error"&gt;&amp;#91;INFO&amp;#93;&lt;/span&gt; ------------------------------------------------------------------------&lt;br/&gt;
&lt;span class="error"&gt;&amp;#91;INFO&amp;#93;&lt;/span&gt; Total time: &amp;lt; 1 second&lt;br/&gt;
&lt;span class="error"&gt;&amp;#91;INFO&amp;#93;&lt;/span&gt; Finished at: Mon Jun 13 11:27:50 CDT 2011&lt;br/&gt;
&lt;span class="error"&gt;&amp;#91;INFO&amp;#93;&lt;/span&gt; Final Memory: 1M/3M&lt;br/&gt;
&lt;span class="error"&gt;&amp;#91;INFO&amp;#93;&lt;/span&gt; ------------------------------------------------------------------------&lt;/p&gt;



&lt;p&gt;After this effort, I used MS Network Monitor to inspect the packet retrievals and discovered that a 404 error was being returned.&lt;/p&gt;

&lt;p&gt;In order to narrow the issue, I used cygwin with "http-proxy" set for interfacing with our proxy and retrieving the same URL as maven was trying to do with the User Agent set to "Apache-Maven/2.2 (Java 1.5.0_09; Windows XP 5.1) maven-artifact/2.2.1".  The following result in debug mode was returned (PROXYCOMPANY and PROXYCOMPANYIP were use to protect identify of my company):&lt;/p&gt;

&lt;p&gt;$ wget -d -U "Apache-Maven/2.2 (Java 1.5.0_09; Windows XP 5.1) maven-artifact/2.2.1" &lt;a href="http://repo1.maven.org/maven2/org/apache/maven/plugins/maven-install-plugin/2.2/maven-install-plugin-2.2.pom" class="external-link" target="_blank" rel="nofollow noopener"&gt;http://repo1.maven.org/maven2/org/apache/maven/plugins/maven-install-plugin/2.2/maven-install-plugin-2.2.pom&lt;/a&gt;&lt;br/&gt;
Setting --user-agent (useragent) to Apache-Maven/2.2 (Java 1.5.0_09; Windows XP 5.1) maven-artifact/2.2.1&lt;br/&gt;
DEBUG output created by Wget 1.12 on cygwin.&lt;/p&gt;

&lt;p&gt;URI encoding = `UTF-8'&lt;br/&gt;
URI encoding = `UTF-8'&lt;br/&gt;
-&lt;del&gt;2011-06-13 11:41:17&lt;/del&gt;-  &lt;a href="http://repo1.maven.org/maven2/org/apache/maven/plugins/maven-install-plugin/2.2/maven-install-plugin-2.2.pom" class="external-link" target="_blank" rel="nofollow noopener"&gt;http://repo1.maven.org/maven2/org/apache/maven/plugins/maven-install-plugin/2.2/maven-install-plugin-2.2.pom&lt;/a&gt;&lt;br/&gt;
Resolving PROXYCOMPANY (PROXYCOMPANY)... PROXYCOMPANYIP&lt;br/&gt;
Caching proxy.compassbnk.com =&amp;gt; PROXYCOMPANYIP&lt;br/&gt;
Connecting to PROXYCOMPANY (PROXYCOMPANY)|PROXYCOMPANYIP|:8080... connected.&lt;br/&gt;
Created socket 3.&lt;br/&gt;
Releasing 0x004e9178 (new refcount 1).&lt;/p&gt;

&lt;p&gt;--&lt;del&gt;request begin&lt;/del&gt;--&lt;br/&gt;
GET &lt;a href="http://repo1.maven.org/maven2/org/apache/maven/plugins/maven-install-plugin/2.2/maven-install-plugin-2.2.pom" class="external-link" target="_blank" rel="nofollow noopener"&gt;http://repo1.maven.org/maven2/org/apache/maven/plugins/maven-install-plugin/2.2/maven-install-plugin-2.2.pom&lt;/a&gt; HTTP/1.0&lt;br/&gt;
User-Agent: Apache-Maven/2.2 (Java 1.5.0_09; Windows XP 5.1) maven-artifact/2.2.1&lt;br/&gt;
Accept: &lt;b&gt;/&lt;/b&gt;&lt;br/&gt;
Host: repo1.maven.org&lt;/p&gt;

&lt;p&gt;--&lt;del&gt;request end&lt;/del&gt;--&lt;br/&gt;
Proxy request sent, awaiting response... &lt;br/&gt;
--&lt;del&gt;response begin&lt;/del&gt;--&lt;br/&gt;
HTTP/1.1 404 Not Found&lt;br/&gt;
Content-Length: 1635&lt;br/&gt;
Content-Type: text/html&lt;br/&gt;
Server: Microsoft-IIS/6.0&lt;br/&gt;
Date: Mon, 13 Jun 2011 16:40:12 GMT&lt;br/&gt;
Connection: close&lt;/p&gt;

&lt;p&gt;--&lt;del&gt;response end&lt;/del&gt;--&lt;br/&gt;
404 Not Found&lt;br/&gt;
Closed fd 3&lt;br/&gt;
2011-06-13 11:41:17 ERROR 404: Not Found.&lt;/p&gt;



&lt;p&gt;This clearly shows that there is something wrong with the handshaking of the server, but I have no idea where the issues is.&lt;/p&gt;

&lt;p&gt;Please advise if this is a bug in maven or my configuration setup.&lt;/p&gt;

&lt;p&gt;thanks&lt;/p&gt;</description>
                <environment>Windows XP</environment>
        <key id="12795994">MNG-5116</key>
            <summary>Automatic Proxy Configuration on Windows</summary>
                <type id="1" iconUrl="https://issues.apache.org/jira/secure/viewavatar?size=xsmall&amp;avatarId=21133&amp;avatarType=issuetype">Bug</type>
                                            <priority id="4" iconUrl="https://issues.apache.org/jira/images/icons/priorities/minor.svg">Minor</priority>
                        <status id="6" iconUrl="https://issues.apache.org/jira/images/icons/statuses/closed.png" description="The issue is considered finished, the resolution is correct. Issues which are not closed can be reopened.">Closed</status>
                    <statusCategory id="3" key="done" colorName="green" />
                                    <resolution id="4">Incomplete</resolution>
                                        <assignee username="-1">Unassigned</assignee>
                                    <reporter username="ivorydrops">Jase</reporter>
                        <labels>
                    </labels>
                <created>Mon, 13 Jun 2011 11:54:06 +0000</created>
                <updated>Wed, 22 Jan 2014 20:32:06 +0000</updated>
                            <resolved>Wed, 22 Jan 2014 20:32:06 +0000</resolved>
                                    <version>2.2.1</version>
                                                    <component>Artifacts and Repositories</component>
                        <due />
                            <votes>0</votes>
                                    <watches>3</watches>
                                                                <comments>
                            <comment id="14418977" author="jvanzyl" created="Wed, 22 Jan 2014 20:23:39 +0000">&lt;p&gt;Please refer to &lt;a href="https://cwiki.apache.org/confluence/display/MAVEN/The+Great+JIRA+Cleanup+of+2014" class="external-link" target="_blank" rel="nofollow noopener"&gt;https://cwiki.apache.org/confluence/display/MAVEN/The+Great+JIRA+Cleanup+of+2014&lt;/a&gt;&lt;/p&gt;</comment>
                            <comment id="14419191" author="jvanzyl" created="Wed, 22 Jan 2014 20:32:06 +0000">&lt;p&gt;Please refer to &lt;a href="https://cwiki.apache.org/confluence/display/MAVEN/The+Great+JIRA+Cleanup+of+2014" class="external-link" target="_blank" rel="nofollow noopener"&gt;https://cwiki.apache.org/confluence/display/MAVEN/The+Great+JIRA+Cleanup+of+2014&lt;/a&gt; if you're wondering why this issue was closed out.&lt;/p&gt;</comment>
                    </comments>
                    <attachments>
                    </attachments>
                <subtasks>
                    </subtasks>
                <customfields>
                                                                                                                                                                                                                                                                                                                                                                                                                                                                                                                                                                                                                                                                                                                    <customfield id="customfield_12314020" key="com.atlassian.jira.plugins.jira-development-integration-plugin:devsummary">
                        <customfieldname>Development</customfieldname>
                        <customfieldvalues>
                            
                        </customfieldvalues>
                    </customfield>
                                                                                                                        <customfield id="customfield_12313422" key="com.atlassian.jirafisheyeplugin:jobcheckbox">
                        <customfieldname>Enable Automatic Patch Review</customfieldname>
                        <customfieldvalues>
                            <customfieldvalue>false</customfieldvalue>

                        </customfieldvalues>
                    </customfield>
                                                                                                                                                                                                                                                                                                                                                                                                                                                                                                                                                                                                                    <customfield id="customfield_12310420" key="com.pyxis.greenhopper.jira:gh-global-rank">
                        <customfieldname>Global Rank</customfieldname>
                        <customfieldvalues>
                            <customfieldvalue>9223372036854775807</customfieldvalue>
                        </customfieldvalues>
                    </customfield>
                                                                                                                                                                                                                                                                                                                                                                                                                                                                        <customfield id="customfield_12311820" key="com.pyxis.greenhopper.jira:gh-lexo-rank">
                        <customfieldname>Rank</customfieldname>
                        <customfieldvalues>
                            <customfieldvalue>0|i28trb:</customfieldvalue>

                        </customfieldvalues>
                    </customfield>
                                                                <customfield id="customfield_12310920" key="com.pyxis.greenhopper.jira:gh-global-rank">
                        <customfieldname>Rank (Obsolete)</customfieldname>
                        <customfieldvalues>
                            <customfieldvalue>9223372036854775807</customfieldvalue>
                        </customfieldvalues>
                    </customfield>
                                                                                                                                                                                                                                                                                                                                                                                                                                                                                                                                                                                                                                                                                                                                                                                            </customfields>
    </item>


</channel>
</rss>