<rss version="0.92">
    <channel>
        <title>ASF JIRA</title>
        <link>https://issues.apache.org/jira/issues/?jql=project+%3D+MNG+and+type+%3D+bug+and+%28status+%3D+RESOLVED+or+status+%3D+closed%29</link>
        <description>An XML representation of a search request</description>
                <language>en-uk</language>
                        <issue start="0" end="1000" total="3303" />
                <build-info>
            <version>8.20.7</version>
            <build-number>820007</build-number>
            <build-date>16-03-2022</build-date>
        </build-info>

<item>
            <title>[MNG-5690] Test scope dependency adds compile dependency to library which was excluded on the compile dependency path</title>
                <link>https://issues.apache.org/jira/browse/MNG-5690</link>
                <project id="12316922" key="MNG">Maven</project>
                    <description>&lt;p&gt;Consider two libraries with the following, simplified dependency graph:&lt;/p&gt;
&lt;div class="preformatted panel" style="border-width: 1px;"&gt;&lt;div class="preformattedContent panelContent"&gt;
&lt;pre&gt;+- org.apache.cxf:cxf-rt-transports-local:jar:2.7.5
   +- org.apache.cxf:cxf-api:jar:2.7.5:compile
      +- org.apache.geronimo.specs:geronimo-javamail_1.4_spec:jar:1.7.1:compile

+- org.apache.cxf:cxf-rt-frontend-jaxrs:jar:2.7.5
   +- org.apache.cxf:cxf-api:jar:2.7.5:compile
      +- org.apache.geronimo.specs:geronimo-javamail_1.4_spec:jar:1.7.1:compile
&lt;/pre&gt;
&lt;/div&gt;&lt;/div&gt;

&lt;p&gt;The following situations work as expected:&lt;/p&gt;
&lt;ol&gt;
	&lt;li&gt;When adding a test dependency to cxf-rt-transports-local in my war project, the geronimo-javamail library &lt;b&gt;is not&lt;/b&gt; assembled into the war.&lt;/li&gt;
	&lt;li&gt;When adding a compile dependency to cxf-rt-frontend-jaxrs, the geronimo-javamail library &lt;b&gt;is&lt;/b&gt; assembled into the war.&lt;/li&gt;
	&lt;li&gt;When adding a compile dependency to cxf-rt-frontend-jaxrs with an exclusion of the geronimo-javamail, the library &lt;b&gt;is not&lt;/b&gt; assembled into the war.&lt;/li&gt;
&lt;/ol&gt;


&lt;p&gt;The unexpected behaviour occurs when combining the dependencies from point 1 and 3 (with the test dependency being listed above the compile dependency). In this case, the geronimo-javamail libary &lt;b&gt;is&lt;/b&gt; assembled into the war, although I only have a test scope dependency to it.&lt;/p&gt;

&lt;p&gt;The following pom.xml reproduces the problem:&lt;/p&gt;
&lt;div class="preformatted panel" style="border-width: 1px;"&gt;&lt;div class="preformattedContent panelContent"&gt;
&lt;pre&gt;&amp;lt;project xmlns="http://maven.apache.org/POM/4.0.0" xmlns:xsi="http://www.w3.org/2001/XMLSchema-instance"
	xsi:schemaLocation="http://maven.apache.org/POM/4.0.0 http://maven.apache.org/xsd/maven-4.0.0.xsd"&amp;gt;
	&amp;lt;modelVersion&amp;gt;4.0.0&amp;lt;/modelVersion&amp;gt;

	&amp;lt;groupId&amp;gt;org.example&amp;lt;/groupId&amp;gt;
	&amp;lt;artifactId&amp;gt;test-dep-overrides-productive-exclusion&amp;lt;/artifactId&amp;gt;
	&amp;lt;version&amp;gt;0.0.1-SNAPSHOT&amp;lt;/version&amp;gt;
	&amp;lt;packaging&amp;gt;war&amp;lt;/packaging&amp;gt;

	&amp;lt;properties&amp;gt;
		&amp;lt;cxf.version&amp;gt;2.7.5&amp;lt;/cxf.version&amp;gt;
	&amp;lt;/properties&amp;gt;

	&amp;lt;dependencies&amp;gt;
		&amp;lt;dependency&amp;gt;
			&amp;lt;groupId&amp;gt;org.apache.cxf&amp;lt;/groupId&amp;gt;
			&amp;lt;artifactId&amp;gt;cxf-rt-transports-local&amp;lt;/artifactId&amp;gt;
			&amp;lt;version&amp;gt;${cxf.version}&amp;lt;/version&amp;gt;
			&amp;lt;scope&amp;gt;test&amp;lt;/scope&amp;gt;
		&amp;lt;/dependency&amp;gt;
		&amp;lt;dependency&amp;gt;
			&amp;lt;groupId&amp;gt;org.apache.cxf&amp;lt;/groupId&amp;gt;
			&amp;lt;artifactId&amp;gt;cxf-rt-frontend-jaxrs&amp;lt;/artifactId&amp;gt;
			&amp;lt;version&amp;gt;${cxf.version}&amp;lt;/version&amp;gt;
			&amp;lt;exclusions&amp;gt;
				&amp;lt;exclusion&amp;gt;
					&amp;lt;groupId&amp;gt;org.apache.geronimo.specs&amp;lt;/groupId&amp;gt;
					&amp;lt;artifactId&amp;gt;geronimo-javamail_1.4_spec&amp;lt;/artifactId&amp;gt;
				&amp;lt;/exclusion&amp;gt;
			&amp;lt;/exclusions&amp;gt;
		&amp;lt;/dependency&amp;gt;
	&amp;lt;/dependencies&amp;gt;

&amp;lt;/project&amp;gt;
&lt;/pre&gt;
&lt;/div&gt;&lt;/div&gt;</description>
                <environment />
        <key id="12797263">MNG-5690</key>
            <summary>Test scope dependency adds compile dependency to library which was excluded on the compile dependency path</summary>
                <type id="1" iconUrl="https://issues.apache.org/jira/secure/viewavatar?size=xsmall&amp;avatarId=21133&amp;avatarType=issuetype">Bug</type>
                                            <priority id="3" iconUrl="https://issues.apache.org/jira/images/icons/priorities/major.svg">Major</priority>
                        <status id="6" iconUrl="https://issues.apache.org/jira/images/icons/statuses/closed.png" description="The issue is considered finished, the resolution is correct. Issues which are not closed can be reopened.">Closed</status>
                    <statusCategory id="3" key="done" colorName="green" />
                                    <resolution id="10000">Auto Closed</resolution>
                                        <assignee username="-1">Unassigned</assignee>
                                    <reporter username="tobias.oberlies">Tobias Oberlies</reporter>
                        <labels>
                    </labels>
                <created>Tue, 16 Sep 2014 06:45:06 +0000</created>
                <updated>Fri, 16 Mar 2018 22:42:22 +0000</updated>
                            <resolved>Fri, 16 Mar 2018 22:42:22 +0000</resolved>
                                                                        <due />
                            <votes>0</votes>
                                    <watches>2</watches>
                                                                <comments>
                            <comment id="14419848" author="tobias.oberlies" created="Tue, 16 Sep 2014 07:37:31 +0000">&lt;p&gt;BTW, the m2eclipse "Dependency Hierarchy" view nicely shows what seems to go wrong when the above project is resolved: For the second time, the cxf-api:2.7.5 dependency is listed in the tree, m2e displays a node annotated with "omitted for conflict with 2.7.5" and no children. If that second time is the path via the compile dependency to cxf-rt-frontend-jaxrs, which has the exclusion, it seems that there is no second resolution of the dependency and hence the first resolution without exclusions (but test scope) wins.&lt;/p&gt;</comment>
                            <comment id="16403031" author="michael-o" created="Fri, 16 Mar 2018 22:42:22 +0000">&lt;p&gt;This issue has been auto closed because it has been inactive for a long period of time. If you think this issue still applies, retest your problem with the most recent version of Maven and the affected component, reopen and post your results.&lt;/p&gt;</comment>
                    </comments>
                    <attachments>
                    </attachments>
                <subtasks>
                    </subtasks>
                <customfields>
                                                                                                                                                                                                                                                                                                                                                                                                                                                                                                                                                                                                                                                                                                                    <customfield id="customfield_12314020" key="com.atlassian.jira.plugins.jira-development-integration-plugin:devsummary">
                        <customfieldname>Development</customfieldname>
                        <customfieldvalues>
                            
                        </customfieldvalues>
                    </customfield>
                                                                                                                        <customfield id="customfield_12313422" key="com.atlassian.jirafisheyeplugin:jobcheckbox">
                        <customfieldname>Enable Automatic Patch Review</customfieldname>
                        <customfieldvalues>
                            <customfieldvalue>false</customfieldvalue>

                        </customfieldvalues>
                    </customfield>
                                                                                                                                                                                                                                                                                                                                                                                                                                                                                                                                                                                                                    <customfield id="customfield_12310420" key="com.pyxis.greenhopper.jira:gh-global-rank">
                        <customfieldname>Global Rank</customfieldname>
                        <customfieldvalues>
                            <customfieldvalue>9223372036854775807</customfieldvalue>
                        </customfieldvalues>
                    </customfield>
                                                                                                                                                                                                                                                                                                                                                                                                                                                                        <customfield id="customfield_12311820" key="com.pyxis.greenhopper.jira:gh-lexo-rank">
                        <customfieldname>Rank</customfieldname>
                        <customfieldvalues>
                            <customfieldvalue>0|i28uqf:</customfieldvalue>

                        </customfieldvalues>
                    </customfield>
                                                                <customfield id="customfield_12310920" key="com.pyxis.greenhopper.jira:gh-global-rank">
                        <customfieldname>Rank (Obsolete)</customfieldname>
                        <customfieldvalues>
                            <customfieldvalue>9223372036854775807</customfieldvalue>
                        </customfieldvalues>
                    </customfield>
                                                                                                                                                                                                                                                                                                                                                                                                                                                                                                                                                                                                                                                                                                        <customfield id="customfield_12312220" key="com.atlassian.jira.plugin.system.customfieldtypes:radiobuttons">
                        <customfieldname>Testcase included</customfieldname>
                        <customfieldvalues>
                                <customfieldvalue key="11060">Yes</customfieldvalue>

                        </customfieldvalues>
                    </customfield>
                                                                                                                        </customfields>
    </item>


</channel>
</rss>