<rss version="0.92">
    <channel>
        <title>ASF JIRA</title>
        <link>https://issues.apache.org/jira/issues/?jql=project+%3D+MNG+and+type+%3D+bug+and+%28status+%3D+RESOLVED+or+status+%3D+closed%29</link>
        <description>An XML representation of a search request</description>
                <language>en-uk</language>
                        <issue start="0" end="1000" total="3303" />
                <build-info>
            <version>8.20.7</version>
            <build-number>820007</build-number>
            <build-date>16-03-2022</build-date>
        </build-info>

<item>
            <title>[MNG-5184] java.lang.NoClassDefFoundError: com.sun.mirror.apt.AnnotationProcessorFactory on AIX 5.3</title>
                <link>https://issues.apache.org/jira/browse/MNG-5184</link>
                <project id="12316922" key="MNG">Maven</project>
                    <description>&lt;p&gt;Running "mvn install" with the sample project fails with the fatal error "java.lang.NoClassDefFoundError: com.sun.mirror.apt.AnnotationProcessorFactory". This bug was said to be fixed in &lt;a href="http://jira.codehaus.org/browse/MNG-3712" class="external-link" target="_blank" rel="nofollow noopener"&gt;http://jira.codehaus.org/browse/MNG-3712&lt;/a&gt;  but seems to have reappeared using the latest mvn 2 and 3 on AIX.&lt;/p&gt;

&lt;p&gt;Thank you for your help with this!&lt;/p&gt;</description>
                <environment>AIX 5.3.0.0&lt;br/&gt;
java version &amp;quot;1.6.0&amp;quot;&lt;br/&gt;
Java(TM) SE Runtime Environment (build pap6460sr9fp1-20110208_03(SR9 FP1))&lt;br/&gt;
IBM J9 VM (build 2.4, JRE 1.6.0 IBM J9 2.4 AIX ppc64-64 jvmap6460sr9-20110203_74623 (JIT enabled, AOT enabled)&lt;br/&gt;
J9VM - 20110203_074623&lt;br/&gt;
JIT  - r9_20101028_17488ifx3&lt;br/&gt;
GC   - 20101027_AA)&lt;br/&gt;
JCL  - 20110203_01</environment>
        <key id="12795816">MNG-5184</key>
            <summary>java.lang.NoClassDefFoundError: com.sun.mirror.apt.AnnotationProcessorFactory on AIX 5.3</summary>
                <type id="1" iconUrl="https://issues.apache.org/jira/secure/viewavatar?size=xsmall&amp;avatarId=21133&amp;avatarType=issuetype">Bug</type>
                                            <priority id="3" iconUrl="https://issues.apache.org/jira/images/icons/priorities/major.svg">Major</priority>
                        <status id="6" iconUrl="https://issues.apache.org/jira/images/icons/statuses/closed.png" description="The issue is considered finished, the resolution is correct. Issues which are not closed can be reopened.">Closed</status>
                    <statusCategory id="3" key="done" colorName="green" />
                                    <resolution id="4">Incomplete</resolution>
                                        <assignee username="-1">Unassigned</assignee>
                                    <reporter username="mattmcq">Matt M.</reporter>
                        <labels>
                    </labels>
                <created>Tue, 18 Oct 2011 16:12:57 +0000</created>
                <updated>Wed, 22 Jan 2014 20:31:31 +0000</updated>
                            <resolved>Wed, 22 Jan 2014 20:31:31 +0000</resolved>
                                    <version>2.2.1</version>
                    <version>3.0.3</version>
                                                    <component>Dependencies</component>
                        <due />
                            <votes>0</votes>
                                    <watches>3</watches>
                                                                <comments>
                            <comment id="14418591" author="jvanzyl" created="Wed, 22 Jan 2014 20:22:39 +0000">&lt;p&gt;Please refer to &lt;a href="https://cwiki.apache.org/confluence/display/MAVEN/The+Great+JIRA+Cleanup+of+2014" class="external-link" target="_blank" rel="nofollow noopener"&gt;https://cwiki.apache.org/confluence/display/MAVEN/The+Great+JIRA+Cleanup+of+2014&lt;/a&gt;&lt;/p&gt;</comment>
                            <comment id="14418923" author="jvanzyl" created="Wed, 22 Jan 2014 20:31:31 +0000">&lt;p&gt;Please refer to &lt;a href="https://cwiki.apache.org/confluence/display/MAVEN/The+Great+JIRA+Cleanup+of+2014" class="external-link" target="_blank" rel="nofollow noopener"&gt;https://cwiki.apache.org/confluence/display/MAVEN/The+Great+JIRA+Cleanup+of+2014&lt;/a&gt; if you're wondering why this issue was closed out.&lt;/p&gt;</comment>
                    </comments>
                <issuelinks>
                            <issuelinktype id="12310260">
                    <name>Related</name>
                                                                <inwardlinks description="is related to">
                                        <issuelink>
            <issuekey id="12795162">MNG-3712</issuekey>
        </issuelink>
                            </inwardlinks>
                                    </issuelinktype>
                    </issuelinks>
                <attachments>
                            <attachment id="12713306" name="generate-schema.zip" size="3598" author="mattmcq" created="Tue, 18 Oct 2011 16:12:57 +0000" />
                            <attachment id="12712687" name="maven221.log" size="7493" author="mattmcq" created="Tue, 18 Oct 2011 16:12:57 +0000" />
                            <attachment id="12713163" name="maven303.log" size="6701" author="mattmcq" created="Tue, 18 Oct 2011 16:12:57 +0000" />
                    </attachments>
                <subtasks>
                    </subtasks>
                <customfields>
                                                                                                                                                                                                                                                                                                                                                                                                                                                                                                                                                                                                                                                                                                                    <customfield id="customfield_12314020" key="com.atlassian.jira.plugins.jira-development-integration-plugin:devsummary">
                        <customfieldname>Development</customfieldname>
                        <customfieldvalues>
                            
                        </customfieldvalues>
                    </customfield>
                                                                                                                        <customfield id="customfield_12313422" key="com.atlassian.jirafisheyeplugin:jobcheckbox">
                        <customfieldname>Enable Automatic Patch Review</customfieldname>
                        <customfieldvalues>
                            <customfieldvalue>false</customfieldvalue>

                        </customfieldvalues>
                    </customfield>
                                                                                                                                                                                                                                                                                                                                                                                                                                                                                                                                                                                                                    <customfield id="customfield_12310420" key="com.pyxis.greenhopper.jira:gh-global-rank">
                        <customfieldname>Global Rank</customfieldname>
                        <customfieldvalues>
                            <customfieldvalue>9223372036854775807</customfieldvalue>
                        </customfieldvalues>
                    </customfield>
                                                                                                                                                                                                                                                                                                                                                                                                                                                                        <customfield id="customfield_12311820" key="com.pyxis.greenhopper.jira:gh-lexo-rank">
                        <customfieldname>Rank</customfieldname>
                        <customfieldvalues>
                            <customfieldvalue>0|i28ys7:</customfieldvalue>

                        </customfieldvalues>
                    </customfield>
                                                                <customfield id="customfield_12310920" key="com.pyxis.greenhopper.jira:gh-global-rank">
                        <customfieldname>Rank (Obsolete)</customfieldname>
                        <customfieldvalues>
                            <customfieldvalue>9223372036854775807</customfieldvalue>
                        </customfieldvalues>
                    </customfield>
                                                                                                                                                                                                                                                                                                                                                                                                                                                                                                                                                                                                                                                                                                                                                                                            </customfields>
    </item>


</channel>
</rss>