<rss version="0.92">
    <channel>
        <title>ASF JIRA</title>
        <link>https://issues.apache.org/jira/issues/?jql=project+%3D+MNG+and+type+%3D+bug+and+%28status+%3D+RESOLVED+or+status+%3D+closed%29</link>
        <description>An XML representation of a search request</description>
                <language>en-uk</language>
                        <issue start="0" end="1000" total="3303" />
                <build-info>
            <version>8.20.7</version>
            <build-number>820007</build-number>
            <build-date>16-03-2022</build-date>
        </build-info>

<item>
            <title>[MNG-5311] maven/tycho does not resolve dependency from local maven repository</title>
                <link>https://issues.apache.org/jira/browse/MNG-5311</link>
                <project id="12316922" key="MNG">Maven</project>
                    <description>&lt;p&gt;There is eclipse plugin dependency. &lt;br/&gt;
Project2 is dependent on Project1.&lt;/p&gt;

&lt;p&gt;Steps follwed:&lt;br/&gt;
1. Install Project1 in local maven repository using "mvn install -Dtycho.targetPlatform=targetPlatformLocation" command.&lt;br/&gt;
It installs successfully.&lt;br/&gt;
2. Add dependency of Project1 in POM.xml of Project2&lt;br/&gt;
3. Try to build Project2.&lt;br/&gt;
It throws error as "Missing Constraint: Require-Bundle: Project1; bundle-version="1.0.0.001""&lt;/p&gt;</description>
                <environment>Windows XP</environment>
        <key id="12796955">MNG-5311</key>
            <summary>maven/tycho does not resolve dependency from local maven repository</summary>
                <type id="1" iconUrl="https://issues.apache.org/jira/secure/viewavatar?size=xsmall&amp;avatarId=21133&amp;avatarType=issuetype">Bug</type>
                                            <priority id="3" iconUrl="https://issues.apache.org/jira/images/icons/priorities/major.svg">Major</priority>
                        <status id="6" iconUrl="https://issues.apache.org/jira/images/icons/statuses/closed.png" description="The issue is considered finished, the resolution is correct. Issues which are not closed can be reopened.">Closed</status>
                    <statusCategory id="3" key="done" colorName="green" />
                                    <resolution id="8">Not A Problem</resolution>
                                        <assignee username="-1">Unassigned</assignee>
                                    <reporter username="dipv">dipV</reporter>
                        <labels>
                    </labels>
                <created>Fri, 13 Jul 2012 09:24:19 +0000</created>
                <updated>Tue, 17 Jul 2012 20:21:50 +0000</updated>
                            <resolved>Tue, 17 Jul 2012 20:21:50 +0000</resolved>
                                    <version>3.0.4</version>
                                                    <component>Artifacts and Repositories</component>
                        <due />
                            <votes>0</votes>
                                    <watches>3</watches>
                                                                <comments>
                            <comment id="14417748" author="jvanzyl" created="Tue, 17 Jul 2012 20:21:50 +0000">&lt;p&gt;Use the Tycho mailing list and issue tracker.&lt;/p&gt;

&lt;p&gt;&lt;a href="https://dev.eclipse.org/mailman/listinfo/tycho-user" class="external-link" target="_blank" rel="nofollow noopener"&gt;https://dev.eclipse.org/mailman/listinfo/tycho-user&lt;/a&gt;&lt;/p&gt;</comment>
                    </comments>
                    <attachments>
                            <attachment id="12712626" name="debug-trace.txt" size="13256" author="dipv" created="Fri, 13 Jul 2012 09:24:19 +0000" />
                    </attachments>
                <subtasks>
                    </subtasks>
                <customfields>
                                                                                                                                                                                                                                                                                                                                                                                                                                                                                                                                                                                                                                                                                                                    <customfield id="customfield_12314020" key="com.atlassian.jira.plugins.jira-development-integration-plugin:devsummary">
                        <customfieldname>Development</customfieldname>
                        <customfieldvalues>
                            
                        </customfieldvalues>
                    </customfield>
                                                                                                                        <customfield id="customfield_12313422" key="com.atlassian.jirafisheyeplugin:jobcheckbox">
                        <customfieldname>Enable Automatic Patch Review</customfieldname>
                        <customfieldvalues>
                            <customfieldvalue>false</customfieldvalue>

                        </customfieldvalues>
                    </customfield>
                                                                                                                                                                                                                                                                                                                                                                                                                                                                                                                                                                                                                    <customfield id="customfield_12310420" key="com.pyxis.greenhopper.jira:gh-global-rank">
                        <customfieldname>Global Rank</customfieldname>
                        <customfieldvalues>
                            <customfieldvalue>9223372036854775807</customfieldvalue>
                        </customfieldvalues>
                    </customfield>
                                                                                                                                                                                                                                                                                                                                                                                                                                                                        <customfield id="customfield_12311820" key="com.pyxis.greenhopper.jira:gh-lexo-rank">
                        <customfieldname>Rank</customfieldname>
                        <customfieldvalues>
                            <customfieldvalue>0|i28yzb:</customfieldvalue>

                        </customfieldvalues>
                    </customfield>
                                                                <customfield id="customfield_12310920" key="com.pyxis.greenhopper.jira:gh-global-rank">
                        <customfieldname>Rank (Obsolete)</customfieldname>
                        <customfieldvalues>
                            <customfieldvalue>9223372036854775807</customfieldvalue>
                        </customfieldvalues>
                    </customfield>
                                                                                                                                                                                                                                                                                                                                                                                                                                                                                                                                                                                                                                                                                                                                                                                            </customfields>
    </item>


</channel>
</rss>