<rss version="0.92">
    <channel>
        <title>ASF JIRA</title>
        <link>https://issues.apache.org/jira/issues/?jql=project+%3D+MNG+and+type+%3D+bug+and+%28status+%3D+RESOLVED+or+status+%3D+closed%29</link>
        <description>An XML representation of a search request</description>
                <language>en-uk</language>
                        <issue start="0" end="1000" total="3303" />
                <build-info>
            <version>8.20.7</version>
            <build-number>820007</build-number>
            <build-date>16-03-2022</build-date>
        </build-info>

<item>
            <title>[MNG-5385] Session overlayed by LegacyLocalRepositoryManager.overlay(...) returns different local repositories</title>
                <link>https://issues.apache.org/jira/browse/MNG-5385</link>
                <project id="12316922" key="MNG">Maven</project>
                    <description>&lt;p&gt;To use a custom local repository during the resolution of an artifact, you have to overlay the default repo session with the custom information. For that LegacyLocalRepositoryManager.overlay(...) is intended. But after overlaying the current session with a custom local repository the returend overlayed session knows two local repositories:&lt;/p&gt;

&lt;div class="preformatted panel" style="border-width: 1px;"&gt;&lt;div class="preformattedContent panelContent"&gt;
&lt;pre&gt;RepositorySystemSession overlayed = egacyLocalRepositoryManager.overlay(myLocalRepo, session, system);

overlayed.getLocalRepositoryManager().getRepository() // returns 'myLocalRepo'
overlayed.getLocalRepository() // should return 'myLocalRepo' but returns the default local repositoy
&lt;/pre&gt;
&lt;/div&gt;&lt;/div&gt;

&lt;p&gt;This is a problem, because both methods are used to get the local repo during artifact resolution, e.g.&lt;/p&gt;

&lt;div class="preformatted panel" style="border-width: 1px;"&gt;&lt;div class="preformattedContent panelContent"&gt;
&lt;pre&gt;class org.apache.maven.repository.internal.DefaultVersionResolver.Key
{
public Key( RepositorySystemSession session, VersionRequest request )
        {
            ...
            localRepo = session.getLocalRepository().getBasedir();
&lt;/pre&gt;
&lt;/div&gt;&lt;/div&gt;
&lt;p&gt;,&lt;/p&gt;

&lt;div class="preformatted panel" style="border-width: 1px;"&gt;&lt;div class="preformattedContent panelContent"&gt;
&lt;pre&gt;class org.sonatype.aether.impl.internal.DefaultMetadataResolver
{
    private List&amp;lt;MetadataResult&amp;gt; resolve( RepositorySystemSession session,
                                          Collection&amp;lt;? extends MetadataRequest&amp;gt; requests )
    {
       ...
       LocalRepository localRepo = session.getLocalRepositoryManager().getRepository();
&lt;/pre&gt;
&lt;/div&gt;&lt;/div&gt;

&lt;p&gt;(Critical because of our tooling to materialize artifacts to a specified folder is broken since we migrated from Maven 2 to 3...)&lt;/p&gt;</description>
                <environment />
        <key id="12796507">MNG-5385</key>
            <summary>Session overlayed by LegacyLocalRepositoryManager.overlay(...) returns different local repositories</summary>
                <type id="1" iconUrl="https://issues.apache.org/jira/secure/viewavatar?size=xsmall&amp;avatarId=21133&amp;avatarType=issuetype">Bug</type>
                                            <priority id="2" iconUrl="https://issues.apache.org/jira/images/icons/priorities/critical.svg">Critical</priority>
                        <status id="6" iconUrl="https://issues.apache.org/jira/images/icons/statuses/closed.png" description="The issue is considered finished, the resolution is correct. Issues which are not closed can be reopened.">Closed</status>
                    <statusCategory id="3" key="done" colorName="green" />
                                    <resolution id="4">Incomplete</resolution>
                                        <assignee username="-1">Unassigned</assignee>
                                    <reporter username="bernd">Bernd Mathiske</reporter>
                        <labels>
                    </labels>
                <created>Thu, 22 Nov 2012 11:10:07 +0000</created>
                <updated>Sun, 5 Apr 2015 14:53:51 +0000</updated>
                            <resolved>Wed, 22 Jan 2014 20:31:31 +0000</resolved>
                                    <version>3.0.4</version>
                                                        <due />
                            <votes>0</votes>
                                    <watches>3</watches>
                                                                <comments>
                            <comment id="14418429" author="jvanzyl" created="Wed, 22 Jan 2014 20:22:54 +0000">&lt;p&gt;Please refer to &lt;a href="https://cwiki.apache.org/confluence/display/MAVEN/The+Great+JIRA+Cleanup+of+2014" class="external-link" target="_blank" rel="nofollow noopener"&gt;https://cwiki.apache.org/confluence/display/MAVEN/The+Great+JIRA+Cleanup+of+2014&lt;/a&gt;&lt;/p&gt;</comment>
                            <comment id="14419111" author="jvanzyl" created="Wed, 22 Jan 2014 20:31:31 +0000">&lt;p&gt;Please refer to &lt;a href="https://cwiki.apache.org/confluence/display/MAVEN/The+Great+JIRA+Cleanup+of+2014" class="external-link" target="_blank" rel="nofollow noopener"&gt;https://cwiki.apache.org/confluence/display/MAVEN/The+Great+JIRA+Cleanup+of+2014&lt;/a&gt; if you're wondering why this issue was closed out.&lt;/p&gt;</comment>
                    </comments>
                    <attachments>
                            <attachment id="12713318" name="LegacyLocalRepositoryManager.java.patch" size="493" author="bernd" created="Thu, 22 Nov 2012 11:10:07 +0000" />
                            <attachment id="12713180" name="LegacyLocalRepositoryManagerTest.java" size="2810" author="bernd" created="Thu, 22 Nov 2012 11:10:07 +0000" />
                    </attachments>
                <subtasks>
                    </subtasks>
                <customfields>
                                                                                                                                                                                                                                                                                                                                                                                                                                                                                                                                                                                                                                                                                                                    <customfield id="customfield_12314020" key="com.atlassian.jira.plugins.jira-development-integration-plugin:devsummary">
                        <customfieldname>Development</customfieldname>
                        <customfieldvalues>
                            
                        </customfieldvalues>
                    </customfield>
                                                                                                                        <customfield id="customfield_12313422" key="com.atlassian.jirafisheyeplugin:jobcheckbox">
                        <customfieldname>Enable Automatic Patch Review</customfieldname>
                        <customfieldvalues>
                            <customfieldvalue>false</customfieldvalue>

                        </customfieldvalues>
                    </customfield>
                                                                                                                                                                                                                                                                                                                                                        <customfield id="customfield_12310250" key="com.atlassian.jira.plugin.system.customfieldtypes:multicheckboxes">
                        <customfieldname>Flags</customfieldname>
                        <customfieldvalues>
                                <customfieldvalue key="10430">Patch</customfieldvalue>
    
                        </customfieldvalues>
                    </customfield>
                                                                                                                                                                                                                                                                                                <customfield id="customfield_12310420" key="com.pyxis.greenhopper.jira:gh-global-rank">
                        <customfieldname>Global Rank</customfieldname>
                        <customfieldvalues>
                            <customfieldvalue>9223372036854775807</customfieldvalue>
                        </customfieldvalues>
                    </customfield>
                                                                                                                                                                                                                                                                                                                                                                                                                                                                        <customfield id="customfield_12311820" key="com.pyxis.greenhopper.jira:gh-lexo-rank">
                        <customfieldname>Rank</customfieldname>
                        <customfieldvalues>
                            <customfieldvalue>0|i292yf:</customfieldvalue>

                        </customfieldvalues>
                    </customfield>
                                                                <customfield id="customfield_12310920" key="com.pyxis.greenhopper.jira:gh-global-rank">
                        <customfieldname>Rank (Obsolete)</customfieldname>
                        <customfieldvalues>
                            <customfieldvalue>9223372036854775807</customfieldvalue>
                        </customfieldvalues>
                    </customfield>
                                                                                                                                                                                                                                                                                                                                                                                                                                                                                                                                                                                                                                                                                                        <customfield id="customfield_12312220" key="com.atlassian.jira.plugin.system.customfieldtypes:radiobuttons">
                        <customfieldname>Testcase included</customfieldname>
                        <customfieldvalues>
                                <customfieldvalue key="11060">Yes</customfieldvalue>

                        </customfieldvalues>
                    </customfield>
                                                                                                                        </customfields>
    </item>


</channel>
</rss>