<rss version="0.92">
    <channel>
        <title>ASF JIRA</title>
        <link>https://issues.apache.org/jira/issues/?jql=project+%3D+MNG+and+type+%3D+bug+and+%28status+%3D+RESOLVED+or+status+%3D+closed%29</link>
        <description>An XML representation of a search request</description>
                <language>en-uk</language>
                        <issue start="0" end="1000" total="3303" />
                <build-info>
            <version>8.20.7</version>
            <build-number>820007</build-number>
            <build-date>16-03-2022</build-date>
        </build-info>

<item>
            <title>[MNG-5082] Regression: Could not resolve dependencies for project</title>
                <link>https://issues.apache.org/jira/browse/MNG-5082</link>
                <project id="12316922" key="MNG">Maven</project>
                    <description>&lt;p&gt;Sometimes, when you need a jar, which is not available from a repository, and for some reason you don't want to deploy it to the corporate repository (yet), you can do something like this:&lt;/p&gt;

&lt;div class="code panel" style="border-width: 1px;"&gt;&lt;div class="codeContent panelContent"&gt;
&lt;pre class="code-xml"&gt;         &lt;span class="code-tag"&gt;&amp;lt;build&amp;gt;&lt;/span&gt;
		&lt;span class="code-tag"&gt;&amp;lt;plugins&amp;gt;&lt;/span&gt;
                        ...
			&lt;span class="code-tag"&gt;&amp;lt;plugin&amp;gt;&lt;/span&gt;
				&lt;span class="code-tag"&gt;&amp;lt;artifactId&amp;gt;&lt;/span&gt;maven-install-plugin&lt;span class="code-tag"&gt;&amp;lt;/artifactId&amp;gt;&lt;/span&gt;
				&lt;span class="code-tag"&gt;&amp;lt;executions&amp;gt;&lt;/span&gt;
					&lt;span class="code-tag"&gt;&amp;lt;execution&amp;gt;&lt;/span&gt;
						&lt;span class="code-tag"&gt;&amp;lt;id&amp;gt;&lt;/span&gt;some-lib&lt;span class="code-tag"&gt;&amp;lt;/id&amp;gt;&lt;/span&gt;
						&lt;span class="code-tag"&gt;&amp;lt;phase&amp;gt;&lt;/span&gt;validate&lt;span class="code-tag"&gt;&amp;lt;/phase&amp;gt;&lt;/span&gt;
						&lt;span class="code-tag"&gt;&amp;lt;goals&amp;gt;&lt;/span&gt;
							&lt;span class="code-tag"&gt;&amp;lt;goal&amp;gt;&lt;/span&gt;install-file&lt;span class="code-tag"&gt;&amp;lt;/goal&amp;gt;&lt;/span&gt;
						&lt;span class="code-tag"&gt;&amp;lt;/goals&amp;gt;&lt;/span&gt;
						&lt;span class="code-tag"&gt;&amp;lt;configuration&amp;gt;&lt;/span&gt;
							&lt;span class="code-tag"&gt;&amp;lt;file&amp;gt;&lt;/span&gt;lib/some-lib-1.1.jar&lt;span class="code-tag"&gt;&amp;lt;/file&amp;gt;&lt;/span&gt;
							&lt;span class="code-tag"&gt;&amp;lt;groupId&amp;gt;&lt;/span&gt;org.someorg.somelib&lt;span class="code-tag"&gt;&amp;lt;/groupId&amp;gt;&lt;/span&gt;
							&lt;span class="code-tag"&gt;&amp;lt;artifactId&amp;gt;&lt;/span&gt;some-lib&lt;span class="code-tag"&gt;&amp;lt;/artifactId&amp;gt;&lt;/span&gt;
							&lt;span class="code-tag"&gt;&amp;lt;version&amp;gt;&lt;/span&gt;1.1&lt;span class="code-tag"&gt;&amp;lt;/version&amp;gt;&lt;/span&gt;
							&lt;span class="code-tag"&gt;&amp;lt;packaging&amp;gt;&lt;/span&gt;jar&lt;span class="code-tag"&gt;&amp;lt;/packaging&amp;gt;&lt;/span&gt;
						&lt;span class="code-tag"&gt;&amp;lt;/configuration&amp;gt;&lt;/span&gt;
					&lt;span class="code-tag"&gt;&amp;lt;/execution&amp;gt;&lt;/span&gt;
				&lt;span class="code-tag"&gt;&amp;lt;/executions&amp;gt;&lt;/span&gt;
			&lt;span class="code-tag"&gt;&amp;lt;/plugin&amp;gt;&lt;/span&gt;
			...
		&lt;span class="code-tag"&gt;&amp;lt;/plugins&amp;gt;&lt;/span&gt;
	&lt;span class="code-tag"&gt;&amp;lt;/build&amp;gt;&lt;/span&gt;
&lt;/pre&gt;
&lt;/div&gt;&lt;/div&gt;

&lt;p&gt;And then you can declare a dependency on this lib like this:&lt;/p&gt;
&lt;div class="code panel" style="border-width: 1px;"&gt;&lt;div class="codeContent panelContent"&gt;
&lt;pre class="code-xml"&gt;         &lt;span class="code-tag"&gt;&amp;lt;dependencies&amp;gt;&lt;/span&gt;
                ...
		&lt;span class="code-tag"&gt;&amp;lt;dependency&amp;gt;&lt;/span&gt;
			&lt;span class="code-tag"&gt;&amp;lt;groupId&amp;gt;&lt;/span&gt;org.someorg.somelib&lt;span class="code-tag"&gt;&amp;lt;/groupId&amp;gt;&lt;/span&gt;
			&lt;span class="code-tag"&gt;&amp;lt;artifactId&amp;gt;&lt;/span&gt;some-lib&lt;span class="code-tag"&gt;&amp;lt;/artifactId&amp;gt;&lt;/span&gt;
			&lt;span class="code-tag"&gt;&amp;lt;version&amp;gt;&lt;/span&gt;1.1&lt;span class="code-tag"&gt;&amp;lt;/version&amp;gt;&lt;/span&gt;
		&lt;span class="code-tag"&gt;&amp;lt;/dependency&amp;gt;&lt;/span&gt;
		...
	&lt;span class="code-tag"&gt;&amp;lt;/dependencies&amp;gt;&lt;/span&gt;
&lt;/pre&gt;
&lt;/div&gt;&lt;/div&gt;
&lt;p&gt;This worked fine with &lt;tt&gt;Maven 2.2.1&lt;/tt&gt; but not with &lt;tt&gt;Maven 3.0.3&lt;/tt&gt; -&amp;gt; regression!&lt;/p&gt;

&lt;div class="preformatted panel" style="border-width: 1px;"&gt;&lt;div class="preformattedContent panelContent"&gt;
&lt;pre&gt;Error message:
[INFO] BUILD FAILURE
[INFO] ------------------------------------------------------------------------
[INFO] Total time: 0.951s
[INFO] Finished at: Thu Apr 28 15:53:15 BST 2011
[INFO] Final Memory: 4M/121M
[INFO] ------------------------------------------------------------------------
[ERROR] Failed to execute goal on project myproject: Could not resolve dependencies for project someGroupId:someArtifactId:jar:0.1-SNAPSHOT: Could not find artifact org.someorg.somelib:some-lib:jar:1.1 in nexus (&amp;lt;nexus url&amp;gt;) -&amp;gt; [Help 1]
[ERROR] 
&lt;/pre&gt;
&lt;/div&gt;&lt;/div&gt;

&lt;p&gt;There is a work-around, which at least works in some cases:&lt;/p&gt;
&lt;div class="preformatted panel" style="border-width: 1px;"&gt;&lt;div class="preformattedContent panelContent"&gt;
&lt;pre&gt;mvn clean validate
mvn install
&lt;/pre&gt;
&lt;/div&gt;&lt;/div&gt;

&lt;p&gt;Some notes on this work-around:&lt;/p&gt;
&lt;ul class="alternate" type="square"&gt;
	&lt;li&gt;install should call validate (which it does, but apparently with some side-effects). It should not be necessary to call validate explicitly.&lt;/li&gt;
	&lt;li&gt;"mvn clean validate install" does not work! It shouldn't matter if you call "mvn clean validate install" or "mvn clean validate" and "mvn install". Both should have the same result.&lt;/li&gt;
	&lt;li&gt;I currently don't see a way to specify in Jenkins/ Hudson to first execute "clean validate" and then "install" -&amp;gt; broken build on continuous integration server which has to be fixed manually&lt;/li&gt;
	&lt;li&gt;This work-around breaks the Maven way, because you cannot simply go to a project anymore and just call "mvn clean install" to build it.&lt;/li&gt;
&lt;/ul&gt;
</description>
                <environment />
        <key id="12796891">MNG-5082</key>
            <summary>Regression: Could not resolve dependencies for project</summary>
                <type id="1" iconUrl="https://issues.apache.org/jira/secure/viewavatar?size=xsmall&amp;avatarId=21133&amp;avatarType=issuetype">Bug</type>
                                            <priority id="1" iconUrl="https://issues.apache.org/jira/images/icons/priorities/blocker.svg">Blocker</priority>
                        <status id="6" iconUrl="https://issues.apache.org/jira/images/icons/statuses/closed.png" description="The issue is considered finished, the resolution is correct. Issues which are not closed can be reopened.">Closed</status>
                    <statusCategory id="3" key="done" colorName="green" />
                                    <resolution id="2">Won't Fix</resolution>
                                        <assignee username="-1">Unassigned</assignee>
                                    <reporter username="puce">Florian Brunner</reporter>
                        <labels>
                    </labels>
                <created>Thu, 28 Apr 2011 10:06:24 +0000</created>
                <updated>Fri, 5 Jun 2015 10:13:51 +0000</updated>
                            <resolved>Fri, 5 Jun 2015 10:13:51 +0000</resolved>
                                    <version>3.0.3</version>
                                                    <component>Dependencies</component>
                        <due />
                            <votes>3</votes>
                                    <watches>7</watches>
                                                                <comments>
                            <comment id="14417436" author="rhowlett" created="Mon, 10 Oct 2011 13:09:10 +0000">&lt;p&gt;I concur this is a regression blocker.&lt;/p&gt;

&lt;p&gt;I have the same scenario and have found that I must run the specified phase that the install-file goal is attached on its own, for example:&lt;/p&gt;

&lt;p&gt;&amp;gt; mvn clean; mvn package&lt;/p&gt;

&lt;p&gt;will work; the "clean" phases will install the file (as the execution is tied to the clean goal) - I can then run "package".&lt;/p&gt;

&lt;p&gt;However, this will fail with Maven 3:&lt;/p&gt;

&lt;p&gt;&amp;gt; mvn clean package&lt;/p&gt;

&lt;p&gt;When running under Maven 2.2, no such error is encountered and the file is installed to my local repo.&lt;/p&gt;</comment>
                            <comment id="14417498" author="puce" created="Wed, 7 Dec 2011 10:06:31 +0000">&lt;p&gt;I stumbled again over the same issue. Any updates?&lt;/p&gt;</comment>
                            <comment id="14418154" author="rbalazsi" created="Mon, 22 Apr 2013 09:25:15 +0000">&lt;p&gt;I think I've managed to fix the problem, I attached a patch.&lt;/p&gt;

&lt;p&gt;The method "MojoExecutor.execute(MavenSession session, List&amp;lt;MojoExecution&amp;gt; mojoExecutions, ProjectIndex projectIndex)" is called for every plugin to be executed. However, the method collected the dependencies for the entire lifecycle, not just the current phase. So before the "compile" phase, the library dependency ("some-lib" in the issue description) would be satisfied by the "maven-install-plugin" in the "validate" phase. However, it is attempted to be resolved beforehand (at the beginning of the lifecycle).&lt;/p&gt;

&lt;p&gt;I solved it by rewriting the execute method so that the "newDependencyContext()" method would be called for every MojoExecution object, instead of only once for the list of MojoExecution objects.&lt;br/&gt;
I'm not sure how to write unit/integration tests, though, as the scenario uses the "maven-install-plugin", I appreciate any suggestions. All of the current tests pass, of course.&lt;/p&gt;

&lt;p&gt;This is my first contribution, I hope that it turns out to be useful. &lt;img class="emoticon" src="https://issues.apache.org/jira/images/icons/emoticons/smile.png" height="16" width="16" align="absmiddle" alt="" border="0"/&gt;&lt;/p&gt;</comment>
                            <comment id="14420022" author="rfscholte" created="Fri, 13 Feb 2015 05:32:15 +0000">&lt;p&gt;IMHO all dependencies which are not part of the reactor should be available at startup of the build, which is required to make a valid buildPlan. So even though this used to work with Maven2, I think the approach of Maven3 is better, since Maven can't detect which plugins will effect the buildPlan at startup. I'd like to close this as &lt;tt&gt;Won't Fix&lt;/tt&gt;.&lt;br/&gt;
Doing an &lt;tt&gt;install-file&lt;/tt&gt; during &lt;tt&gt;validate&lt;/tt&gt; means that it'll be execute during every build, installing the same file over and over again. That's also a sign that this approach can't be valid.&lt;/p&gt;</comment>
                            <comment id="14574258" author="khmarbaise" created="Fri, 5 Jun 2015 10:13:51 +0000">&lt;p&gt;Based on comments of Robert Scholte this will be closed.&lt;/p&gt;</comment>
                    </comments>
                    <attachments>
                            <attachment id="12713116" name="MNG-5082-maven-core.patch" size="3104" author="rbalazsi" created="Mon, 22 Apr 2013 09:06:40 +0000" />
                    </attachments>
                <subtasks>
                    </subtasks>
                <customfields>
                                                                                                                                                                                                                                                                                                                                                                                                                                                                                                                                                                                                                                                                                                                    <customfield id="customfield_12314020" key="com.atlassian.jira.plugins.jira-development-integration-plugin:devsummary">
                        <customfieldname>Development</customfieldname>
                        <customfieldvalues>
                            
                        </customfieldvalues>
                    </customfield>
                                                                                                                        <customfield id="customfield_12313422" key="com.atlassian.jirafisheyeplugin:jobcheckbox">
                        <customfieldname>Enable Automatic Patch Review</customfieldname>
                        <customfieldvalues>
                            <customfieldvalue>false</customfieldvalue>

                        </customfieldvalues>
                    </customfield>
                                                                                                                                                                                                                                                                                                                                                                                                                                                                                                                                                                                                                    <customfield id="customfield_12310420" key="com.pyxis.greenhopper.jira:gh-global-rank">
                        <customfieldname>Global Rank</customfieldname>
                        <customfieldvalues>
                            <customfieldvalue>9223372036854775807</customfieldvalue>
                        </customfieldvalues>
                    </customfield>
                                                                                                                                                                                                                                                                                                                                                                                                                                                                        <customfield id="customfield_12311820" key="com.pyxis.greenhopper.jira:gh-lexo-rank">
                        <customfieldname>Rank</customfieldname>
                        <customfieldvalues>
                            <customfieldvalue>0|i28vg7:</customfieldvalue>

                        </customfieldvalues>
                    </customfield>
                                                                <customfield id="customfield_12310920" key="com.pyxis.greenhopper.jira:gh-global-rank">
                        <customfieldname>Rank (Obsolete)</customfieldname>
                        <customfieldvalues>
                            <customfieldvalue>9223372036854775807</customfieldvalue>
                        </customfieldvalues>
                    </customfield>
                                                                                                                                                                                                                                                                                                                                                                                                                                                                                                                                                                                                                                                                                                                                                                                            </customfields>
    </item>


</channel>
</rss>