<rss version="0.92">
    <channel>
        <title>ASF JIRA</title>
        <link>https://issues.apache.org/jira/issues/?jql=project+%3D+MNG+and+type+%3D+bug+and+%28status+%3D+RESOLVED+or+status+%3D+closed%29</link>
        <description>An XML representation of a search request</description>
                <language>en-uk</language>
                        <issue start="0" end="1000" total="3303" />
                <build-info>
            <version>8.20.7</version>
            <build-number>820007</build-number>
            <build-date>16-03-2022</build-date>
        </build-info>

<item>
            <title>[MNG-5830] maven.multiModuleProjectDirectory system propery is not set</title>
                <link>https://issues.apache.org/jira/browse/MNG-5830</link>
                <project id="12316922" key="MNG">Maven</project>
                    <description>&lt;p&gt;I have downloaded the newest Maven 3.3.3 and point the M2_HOME to the directory with unpacked Maven.  &lt;tt&gt;mvn -v&lt;/tt&gt; produces following error (whereas the versions prior to 3.1.1 worked correctly)&lt;/p&gt;

&lt;div class="code panel" style="border-width: 1px;"&gt;&lt;div class="codeContent panelContent"&gt;
&lt;pre class="code-java"&gt;kso@lenovo:/tmp$ export M2_HOME=/home/kso/work/pde/dev/maven/apache-maven-3.3.3/
kso@lenovo:/tmp$ mvn -v
-Dmaven.multiModuleProjectDirectory system propery is not set. Check $M2_HOME environment variable and mvn script match.kso@lenovo:/tmp$ 

&lt;/pre&gt;
&lt;/div&gt;&lt;/div&gt;

&lt;p&gt;The same problem when I want to build any maven project.&lt;/p&gt;

&lt;p&gt;Below the same output with Maven 3.2.5 to give you informations about my environment&lt;/p&gt;

&lt;div class="code panel" style="border-width: 1px;"&gt;&lt;div class="codeContent panelContent"&gt;
&lt;pre class="code-java"&gt;kso@lenovo:/tmp$ export M2_HOME=/home/kso/work/pde/dev/maven/apache-maven-3.2.5/
kso@lenovo:/tmp$ mvn -v
Apache Maven 3.2.5 (12a6b3acb947671f09b81f49094c53f426d8cea1; 2014-12-14T18:29:23+01:00)
Maven home: /home/kso/work/pde/dev/maven/apache-maven-3.2.5
Java version: 1.7.0_71, vendor: Oracle Corporation
Java home: /home/kso/work/pde/run/jvm/jdk1.7.0_71/jre
Default locale: en_US, platform encoding: UTF-8
OS name: &lt;span class="code-quote"&gt;"linux"&lt;/span&gt;, version: &lt;span class="code-quote"&gt;"3.16.0-38-&lt;span class="code-keyword"&gt;generic&lt;/span&gt;"&lt;/span&gt;, arch: &lt;span class="code-quote"&gt;"amd64"&lt;/span&gt;, family: &lt;span class="code-quote"&gt;"unix"&lt;/span&gt;

&lt;/pre&gt;
&lt;/div&gt;&lt;/div&gt;</description>
                <environment />
        <key id="12832585">MNG-5830</key>
            <summary>maven.multiModuleProjectDirectory system propery is not set</summary>
                <type id="1" iconUrl="https://issues.apache.org/jira/secure/viewavatar?size=xsmall&amp;avatarId=21133&amp;avatarType=issuetype">Bug</type>
                                            <priority id="3" iconUrl="https://issues.apache.org/jira/images/icons/priorities/major.svg">Major</priority>
                        <status id="6" iconUrl="https://issues.apache.org/jira/images/icons/statuses/closed.png" description="The issue is considered finished, the resolution is correct. Issues which are not closed can be reopened.">Closed</status>
                    <statusCategory id="3" key="done" colorName="green" />
                                    <resolution id="5">Cannot Reproduce</resolution>
                                        <assignee username="schulte77">Christian Schulte</assignee>
                                    <reporter username="sobkowiak">Krzysztof Sobkowiak</reporter>
                        <labels>
                            <label>Linux</label>
                    </labels>
                <created>Mon, 25 May 2015 23:18:19 +0000</created>
                <updated>Fri, 1 Nov 2019 21:44:07 +0000</updated>
                            <resolved>Fri, 18 Dec 2015 21:06:25 +0000</resolved>
                                    <version>3.3.1</version>
                    <version>3.3.3</version>
                                                    <component>Bootstrap &amp;amp; Build</component>
                    <component>Command Line</component>
                        <due />
                            <votes>3</votes>
                                    <watches>11</watches>
                                                                <comments>
                            <comment id="14587489" author="ralph.goers@dslextreme.com" created="Tue, 16 Jun 2015 05:11:16 +0000">&lt;p&gt;We are seeing this error building the site for Log4j 2 with buildbot. I can't find any documentation on this property. What is it for and why does its absence now cause builds to fail?&lt;/p&gt;</comment>
                            <comment id="14692483" author="radmonger" created="Tue, 11 Aug 2015 23:26:20 +0000">&lt;p&gt;Exact same behavior on windows with cygwin&lt;/p&gt;

&lt;p&gt;$ export M2_HOME=/cygdrive/c/bin/apache-maven-3.2.5/&lt;/p&gt;

&lt;p&gt;$ mvn --version&lt;br/&gt;
Apache Maven 3.2.5 (12a6b3acb947671f09b81f49094c53f426d8cea1; 2014-12-14T17:29:23+00:00)&lt;br/&gt;
Maven home: C:\bin\apache-maven-3.2.5&lt;br/&gt;
Java version: 1.8.0_45, vendor: Oracle Corporation&lt;br/&gt;
Java home: C:\Program Files\Java\jdk1.8.0_45\jre&lt;br/&gt;
Default locale: en_GB, platform encoding: Cp1252&lt;br/&gt;
OS name: "windows 8.1", version: "6.3", arch: "amd64", family: "dos"&lt;/p&gt;

&lt;p&gt;$ export M2_HOME=/cygdrive/c/bin/apache-maven-3.3.1/&lt;/p&gt;

&lt;p&gt;$ mvn --version&lt;br/&gt;
-Dmaven.multiModuleProjectDirectory system propery is not set. Check $M2_HOME environment variable and mvn script match.&lt;/p&gt;

&lt;p&gt;is there anyone it works for?&lt;/p&gt;</comment>
                            <comment id="14967632" author="cizer" created="Wed, 21 Oct 2015 18:42:02 +0000">&lt;p&gt;I was able to resolve this issue by adding the following to my .bash_profile:&lt;br/&gt;
export MAVEN_OPTS="-Dmaven.multiModuleProjectDirectory=$M2_HOME"&lt;/p&gt;</comment>
                            <comment id="14967659" author="sobkowiak" created="Wed, 21 Oct 2015 18:58:42 +0000">&lt;p&gt;Yes, I know this. But I don't thing the solution should look like this.&lt;/p&gt;</comment>
                            <comment id="14967961" author="ralph.goers@dslextreme.com" created="Wed, 21 Oct 2015 21:23:31 +0000">&lt;p&gt;How did you determine that that was the correct value to supply?&lt;/p&gt;</comment>
                            <comment id="14995647" author="khmarbaise" created="Sun, 8 Nov 2015 14:36:07 +0000">&lt;p&gt;What is in your path? The problem i assume is that you have an older version of maven in your PATH (PATH=..:/.../apache-maven-3.2.5/bin/ for example Maven 3.2.5) but you would like to use Maven 3.3.X where the shell script become some needed changes to support other things...&lt;/p&gt;</comment>
                            <comment id="14995653" author="ralph.goers@dslextreme.com" created="Sun, 8 Nov 2015 14:52:59 +0000">&lt;p&gt;I'd be surprised if that was the case for buildbot.  Please see &lt;a href="https://ci.apache.org/builders/log4j2-nightly/builds/98/steps/compile/logs/stdio" class="external-link" target="_blank" rel="nofollow noopener"&gt;https://ci.apache.org/builders/log4j2-nightly/builds/98/steps/compile/logs/stdio&lt;/a&gt;&lt;/p&gt;</comment>
                            <comment id="14995660" author="khmarbaise" created="Sun, 8 Nov 2015 15:07:26 +0000">&lt;p&gt;Based on the error message i would assume so...cause the mvn script of mvn 3.3.X needs the variable multiModuleProjectDirectory which is introduced into Maven 3.3.X....so there is a mismatch between those things...BTW: is &lt;tt&gt;/home/buildslave2/slave2/tools/maven/latest3/&lt;/tt&gt; pointing to correct location...&lt;/p&gt;</comment>
                            <comment id="14995662" author="ralph.goers@dslextreme.com" created="Sun, 8 Nov 2015 15:10:14 +0000">&lt;p&gt;I have no way of knowing. I don't believe I have access to the buildbot server.&lt;/p&gt;</comment>
                            <comment id="14995666" author="khmarbaise" created="Sun, 8 Nov 2015 15:17:02 +0000">&lt;p&gt;If i take a look into the log file i can see that maven is called but the path does not contains a reference to Maven so...Neither i do have access to the buildbot server...&lt;/p&gt;</comment>
                            <comment id="15064764" author="schulte77" created="Fri, 18 Dec 2015 21:06:25 +0000">&lt;p&gt;I just downloaded Maven 3.3.1 and 3.3.3 from &lt;a href="http://archive.apache.org/dist/maven/maven-3/" class="external-link" target="_blank" rel="nofollow noopener"&gt;here&lt;/a&gt;.&lt;/p&gt;

&lt;div class="code panel" style="border-width: 1px;"&gt;&lt;div class="codeContent panelContent"&gt;
&lt;pre class="code-java"&gt;$ env M2_HOME=/tmp/apache-maven-3.3.1 /tmp/apache-maven-3.3.1/bin/mvn -v   
Apache Maven 3.3.1 (cab6659f9874fa96462afef40fcf6bc033d58c1c; 2015-03-13T21:10:27+01:00)
Maven home: /tmp/apache-maven-3.3.1
Java version: 1.8.0_45, vendor: Oracle Corporation
Java home: /usr/local/jdk-1.8.0/jre
Default locale: en_DE, platform encoding: UTF-8
&lt;/pre&gt;
&lt;/div&gt;&lt;/div&gt;

&lt;div class="code panel" style="border-width: 1px;"&gt;&lt;div class="codeContent panelContent"&gt;
&lt;pre class="code-java"&gt;$ env M2_HOME=/tmp/apache-maven-3.3.3 /tmp/apache-maven-3.3.3/bin/mvn -v
Apache Maven 3.3.3 (7994120775791599e205a5524ec3e0dfe41d4a06; 2015-04-22T13:57:37+02:00)
Maven home: /tmp/apache-maven-3.3.3
Java version: 1.8.0_45, vendor: Oracle Corporation
Java home: /usr/local/jdk-1.8.0/jre
Default locale: en_DE, platform encoding: UTF-8
&lt;/pre&gt;
&lt;/div&gt;&lt;/div&gt;

&lt;p&gt;Not reproducible.&lt;/p&gt;</comment>
                            <comment id="16735508" author="mkarg" created="Mon, 7 Jan 2019 06:47:35 +0000">&lt;p&gt;The Eclipse Foundation has this problem (maven.multiModuleProjectDirectory not getting resolved) with Maven 3.5.4! &lt;a href="https://issues.apache.org/jira/secure/ViewProfile.jspa?name=khmarbaise" class="user-hover" rel="khmarbaise"&gt;khmarbaise&lt;/a&gt; can you please help us fixing this on our public EF build infrastructure? This is a showstopper for Jakarta EE 8. Would be great, thanks! &lt;img class="emoticon" src="https://issues.apache.org/jira/images/icons/emoticons/smile.png" height="16" width="16" align="absmiddle" alt="" border="0"/&gt;&lt;/p&gt;</comment>
                            <comment id="16965115" author="graphity" created="Fri, 1 Nov 2019 21:44:07 +0000">&lt;p&gt;Happens to me after I tried upgrading&#160;Maven to 3.6.2 using Chocolatey on cmder (Windows 10):&#160;&lt;a href="https://chocolatey.org/packages/maven#upgrade" class="external-link" target="_blank" rel="nofollow noopener"&gt;https://chocolatey.org/packages/maven#upgrade&lt;/a&gt;&lt;/p&gt;</comment>
                    </comments>
                    <attachments>
                    </attachments>
                <subtasks>
                    </subtasks>
                <customfields>
                                                                                                                                                                                                                                                                                                                                                                                                                                                                                                                                                                                                                                                                                                                    <customfield id="customfield_12314020" key="com.atlassian.jira.plugins.jira-development-integration-plugin:devsummary">
                        <customfieldname>Development</customfieldname>
                        <customfieldvalues>
                            
                        </customfieldvalues>
                    </customfield>
                                                                                                                        <customfield id="customfield_12313422" key="com.atlassian.jirafisheyeplugin:jobcheckbox">
                        <customfieldname>Enable Automatic Patch Review</customfieldname>
                        <customfieldvalues>
                            <customfieldvalue>false</customfieldvalue>

                        </customfieldvalues>
                    </customfield>
                                                                                                                                                                                                                                                                                                                                                                                                                                                                                                                                                                                                                    <customfield id="customfield_12310420" key="com.pyxis.greenhopper.jira:gh-global-rank">
                        <customfieldname>Global Rank</customfieldname>
                        <customfieldvalues>
                            <customfieldvalue>9223372036854775807</customfieldvalue>
                        </customfieldvalues>
                    </customfield>
                                                                                                                                                                                                                                                                                                                                                                                                                                                                        <customfield id="customfield_12311820" key="com.pyxis.greenhopper.jira:gh-lexo-rank">
                        <customfieldname>Rank</customfieldname>
                        <customfieldvalues>
                            <customfieldvalue>0|i2f6f3:</customfieldvalue>

                        </customfieldvalues>
                    </customfield>
                                                                <customfield id="customfield_12310920" key="com.pyxis.greenhopper.jira:gh-global-rank">
                        <customfieldname>Rank (Obsolete)</customfieldname>
                        <customfieldvalues>
                            <customfieldvalue>9223372036854775807</customfieldvalue>
                        </customfieldvalues>
                    </customfield>
                                                                                                                                                                                                                                                                                                                                                                                                                                                                                                                                                                                                                                                                                                                                                                                            </customfields>
    </item>


</channel>
</rss>