<rss version="0.92">
    <channel>
        <title>ASF JIRA</title>
        <link>https://issues.apache.org/jira/issues/?jql=project+%3D+MNG+and+type+%3D+bug+and+%28status+%3D+RESOLVED+or+status+%3D+closed%29</link>
        <description>An XML representation of a search request</description>
                <language>en-uk</language>
                        <issue start="0" end="1000" total="3303" />
                <build-info>
            <version>8.20.7</version>
            <build-number>820007</build-number>
            <build-date>16-03-2022</build-date>
        </build-info>

<item>
            <title>[MNG-5341] Dependency plugin may treat transitive dependencies as direct dependencies</title>
                <link>https://issues.apache.org/jira/browse/MNG-5341</link>
                <project id="12316922" key="MNG">Maven</project>
                    <description>&lt;p&gt;&lt;a href="https://github.com/tboettch/maven-test" class="external-link" target="_blank" rel="nofollow noopener"&gt;Git repo&lt;/a&gt; containing sample projects illustrating the bug.&lt;/p&gt;

&lt;p&gt;When two artifacts sharing an artifact ID but with different classifiers are both dependencies of a project, one of them being a direct dependency will cause the other to also be treated as a direct dependency, even if it is transitive.&lt;/p&gt;

&lt;p&gt;From the repository linked above:&lt;/p&gt;
&lt;blockquote&gt;
&lt;p&gt;Project Relationships:&lt;/p&gt;
&lt;ul&gt;
	&lt;li&gt;projectA produces two artifacts with different classifiers: projectA and projectA-someclassifier.&lt;/li&gt;
	&lt;li&gt;projectB depends directly on projectA-someclassifier (and also junit, for illustration purposes).&lt;/li&gt;
	&lt;li&gt;projectC depends directly on projectB and projectA (note the lack of classifier) and transitively on projectA-someclassifier and junit.&lt;/li&gt;
&lt;/ul&gt;


&lt;p&gt;To see the bug, install projectA and projectB to your local repository, then run the following commands on projectC:&lt;/p&gt;

&lt;ul&gt;
	&lt;li&gt;&lt;tt&gt;mvn dependency:resolve&lt;/tt&gt;&lt;/li&gt;
	&lt;li&gt;&lt;tt&gt;mvn dependency:resolve -DexcludeTransitive=true&lt;/tt&gt;&lt;/li&gt;
&lt;/ul&gt;


&lt;p&gt;In the latter case, projectA-someclassifier should be excluded from the list, but it is actually included. Note that the "ordinary" transitive dependency of junit is excluded, as expected. Furthermore, try running those same commands again after removing projectA from projectC's dependencies: with the second command, projectA and projectA-someclassifier both disappear from the list, even though only the direct dependency was changed!&lt;/p&gt;&lt;/blockquote&gt;</description>
                <environment />
        <key id="12797209">MNG-5341</key>
            <summary>Dependency plugin may treat transitive dependencies as direct dependencies</summary>
                <type id="1" iconUrl="https://issues.apache.org/jira/secure/viewavatar?size=xsmall&amp;avatarId=21133&amp;avatarType=issuetype">Bug</type>
                                            <priority id="3" iconUrl="https://issues.apache.org/jira/images/icons/priorities/major.svg">Major</priority>
                        <status id="6" iconUrl="https://issues.apache.org/jira/images/icons/statuses/closed.png" description="The issue is considered finished, the resolution is correct. Issues which are not closed can be reopened.">Closed</status>
                    <statusCategory id="3" key="done" colorName="green" />
                                    <resolution id="4">Incomplete</resolution>
                                        <assignee username="-1">Unassigned</assignee>
                                    <reporter username="tb019024">Tom Boettcher</reporter>
                        <labels>
                    </labels>
                <created>Thu, 6 Sep 2012 16:19:12 +0000</created>
                <updated>Wed, 22 Jan 2014 20:31:42 +0000</updated>
                            <resolved>Wed, 22 Jan 2014 20:31:42 +0000</resolved>
                                    <version>3.0.4</version>
                                                    <component>Dependencies</component>
                        <due />
                            <votes>0</votes>
                                    <watches>3</watches>
                                                                <comments>
                            <comment id="14418685" author="jvanzyl" created="Wed, 22 Jan 2014 20:23:03 +0000">&lt;p&gt;Please refer to &lt;a href="https://cwiki.apache.org/confluence/display/MAVEN/The+Great+JIRA+Cleanup+of+2014" class="external-link" target="_blank" rel="nofollow noopener"&gt;https://cwiki.apache.org/confluence/display/MAVEN/The+Great+JIRA+Cleanup+of+2014&lt;/a&gt;&lt;/p&gt;</comment>
                            <comment id="14418897" author="jvanzyl" created="Wed, 22 Jan 2014 20:31:42 +0000">&lt;p&gt;Please refer to &lt;a href="https://cwiki.apache.org/confluence/display/MAVEN/The+Great+JIRA+Cleanup+of+2014" class="external-link" target="_blank" rel="nofollow noopener"&gt;https://cwiki.apache.org/confluence/display/MAVEN/The+Great+JIRA+Cleanup+of+2014&lt;/a&gt; if you're wondering why this issue was closed out.&lt;/p&gt;</comment>
                    </comments>
                    <attachments>
                    </attachments>
                <subtasks>
                    </subtasks>
                <customfields>
                                                                                                                                                                                                                                                                                                                                                                                                                                                                                                                                                                                                                                                                                                                    <customfield id="customfield_12314020" key="com.atlassian.jira.plugins.jira-development-integration-plugin:devsummary">
                        <customfieldname>Development</customfieldname>
                        <customfieldvalues>
                            
                        </customfieldvalues>
                    </customfield>
                                                                                                                        <customfield id="customfield_12313422" key="com.atlassian.jirafisheyeplugin:jobcheckbox">
                        <customfieldname>Enable Automatic Patch Review</customfieldname>
                        <customfieldvalues>
                            <customfieldvalue>false</customfieldvalue>

                        </customfieldvalues>
                    </customfield>
                                                                                                                                                                                                                                                                                                                                                                                                                                                                                                                                                                                                                    <customfield id="customfield_12310420" key="com.pyxis.greenhopper.jira:gh-global-rank">
                        <customfieldname>Global Rank</customfieldname>
                        <customfieldvalues>
                            <customfieldvalue>9223372036854775807</customfieldvalue>
                        </customfieldvalues>
                    </customfield>
                                                                                                                                                                                                                                                                                                                                                                                                                                                                        <customfield id="customfield_12311820" key="com.pyxis.greenhopper.jira:gh-lexo-rank">
                        <customfieldname>Rank</customfieldname>
                        <customfieldvalues>
                            <customfieldvalue>0|i29653:</customfieldvalue>

                        </customfieldvalues>
                    </customfield>
                                                                <customfield id="customfield_12310920" key="com.pyxis.greenhopper.jira:gh-global-rank">
                        <customfieldname>Rank (Obsolete)</customfieldname>
                        <customfieldvalues>
                            <customfieldvalue>9223372036854775807</customfieldvalue>
                        </customfieldvalues>
                    </customfield>
                                                                                                                                                                                                                                                                                                                                                                                                                                                                                                                                                                                                                                                                                                        <customfield id="customfield_12312220" key="com.atlassian.jira.plugin.system.customfieldtypes:radiobuttons">
                        <customfieldname>Testcase included</customfieldname>
                        <customfieldvalues>
                                <customfieldvalue key="11060">Yes</customfieldvalue>

                        </customfieldvalues>
                    </customfield>
                                                                                                                        </customfields>
    </item>


</channel>
</rss>