<rss version="0.92">
    <channel>
        <title>ASF JIRA</title>
        <link>https://issues.apache.org/jira/issues/?jql=project+%3D+MNG+and+type+%3D+bug+and+%28status+%3D+RESOLVED+or+status+%3D+closed%29</link>
        <description>An XML representation of a search request</description>
                <language>en-uk</language>
                        <issue start="0" end="1000" total="3303" />
                <build-info>
            <version>8.20.7</version>
            <build-number>820007</build-number>
            <build-date>16-03-2022</build-date>
        </build-info>

<item>
            <title>[MNG-5864] "optional" attribute validation</title>
                <link>https://issues.apache.org/jira/browse/MNG-5864</link>
                <project id="12316922" key="MNG">Maven</project>
                    <description>&lt;p&gt;I have some dependencies, whose &lt;tt&gt;optional&lt;/tt&gt; attributes are defined by property expressions. E.g.:&lt;/p&gt;
&lt;div class="code panel" style="border-width: 1px;"&gt;&lt;div class="codeContent panelContent"&gt;
&lt;pre class="code-java"&gt;&amp;lt;dependency&amp;gt;
    &amp;lt;!-- ... --&amp;gt;
    &amp;lt;optional&amp;gt;${someProperty}&amp;lt;/optional&amp;gt;
&amp;lt;/dependency&amp;gt;
&lt;/pre&gt;
&lt;/div&gt;&lt;/div&gt;
&lt;p&gt;This works fine, but leads to validation errors in JBoss Developer Studio:&lt;/p&gt;
&lt;div class="preformatted panel" style="border-width: 1px;"&gt;&lt;div class="preformattedContent panelContent"&gt;
&lt;pre&gt;cvc-datatype-valid.1.2.1: '${someProperty}' is not a valid value for 'boolean'.
cvc-type.3.1.3: The value '${someProperty}' of element 'optional' is not valid.
&lt;/pre&gt;
&lt;/div&gt;&lt;/div&gt;
&lt;p&gt;I far as I understand the problem is in &lt;a href="http://maven.apache.org/xsd/maven-4.0.0.xsd" class="external-link" target="_blank" rel="nofollow noopener"&gt;the XSD&lt;/a&gt;:&lt;/p&gt;
&lt;div class="code panel" style="border-width: 1px;"&gt;&lt;div class="codeContent panelContent"&gt;
&lt;pre class="code-java"&gt;&amp;lt;xs:element name=&lt;span class="code-quote"&gt;"optional"&lt;/span&gt; minOccurs=&lt;span class="code-quote"&gt;"0"&lt;/span&gt; type=&lt;span class="code-quote"&gt;"xs:&lt;span class="code-object"&gt;boolean&lt;/span&gt;"&lt;/span&gt; &lt;span class="code-keyword"&gt;default&lt;/span&gt;=&lt;span class="code-quote"&gt;"&lt;span class="code-keyword"&gt;false&lt;/span&gt;"&lt;/span&gt;&amp;gt;
&lt;/pre&gt;
&lt;/div&gt;&lt;/div&gt;
&lt;p&gt;It's defined as boolean, yet &lt;a href="http://maven.apache.org/ref/3.3.3//maven-model/maven.html" class="external-link" target="_blank" rel="nofollow noopener"&gt;Maven Model&lt;/a&gt; says:&lt;/p&gt;
&lt;blockquote&gt;&lt;p&gt;Note: While the type of this field is String for technical reasons, the semantic type is actually Boolean.&lt;/p&gt;&lt;/blockquote&gt;</description>
                <environment>JBoss Developer Studio 8.1.0.GA</environment>
        <key id="12848604">MNG-5864</key>
            <summary>"optional" attribute validation</summary>
                <type id="1" iconUrl="https://issues.apache.org/jira/secure/viewavatar?size=xsmall&amp;avatarId=21133&amp;avatarType=issuetype">Bug</type>
                                            <priority id="3" iconUrl="https://issues.apache.org/jira/images/icons/priorities/major.svg">Major</priority>
                        <status id="6" iconUrl="https://issues.apache.org/jira/images/icons/statuses/closed.png" description="The issue is considered finished, the resolution is correct. Issues which are not closed can be reopened.">Closed</status>
                    <statusCategory id="3" key="done" colorName="green" />
                                    <resolution id="6">Invalid</resolution>
                                        <assignee username="-1">Unassigned</assignee>
                                    <reporter username="Vsevolod Golovanov">Vsevolod Golovanov</reporter>
                        <labels>
                    </labels>
                <created>Thu, 23 Jul 2015 15:29:03 +0000</created>
                <updated>Wed, 5 Jul 2017 11:00:52 +0000</updated>
                            <resolved>Sat, 17 Dec 2016 22:33:06 +0000</resolved>
                                    <version>3.3.3</version>
                                                        <due />
                            <votes>0</votes>
                                    <watches>3</watches>
                                                                <comments>
                            <comment id="15757732" author="michael-o" created="Sat, 17 Dec 2016 22:33:06 +0000">&lt;p&gt;&lt;tt&gt;optional&lt;/tt&gt; is defined as string in the XSD as well as in the generated model.&lt;/p&gt;</comment>
                            <comment id="16074580" author="vsevolod golovanov" created="Wed, 5 Jul 2017 11:00:52 +0000">&lt;p&gt;m2e bundles outdated schemas, this is reported at &lt;a href="https://bugs.eclipse.org/bugs/show_bug.cgi?id=513779" class="external-link" target="_blank" rel="nofollow noopener"&gt;https://bugs.eclipse.org/bugs/show_bug.cgi?id=513779&lt;/a&gt;&lt;/p&gt;</comment>
                    </comments>
                    <attachments>
                    </attachments>
                <subtasks>
                    </subtasks>
                <customfields>
                                                                                                                                                                                                                                                                                                                                                                                                                                                                                                                                                                                                                                                                                                                    <customfield id="customfield_12314020" key="com.atlassian.jira.plugins.jira-development-integration-plugin:devsummary">
                        <customfieldname>Development</customfieldname>
                        <customfieldvalues>
                            
                        </customfieldvalues>
                    </customfield>
                                                                                                                        <customfield id="customfield_12313422" key="com.atlassian.jirafisheyeplugin:jobcheckbox">
                        <customfieldname>Enable Automatic Patch Review</customfieldname>
                        <customfieldvalues>
                            <customfieldvalue>false</customfieldvalue>

                        </customfieldvalues>
                    </customfield>
                                                                                                                                                                                                                                                                                                                                                                                                                                                                                                                                                                                                                    <customfield id="customfield_12310420" key="com.pyxis.greenhopper.jira:gh-global-rank">
                        <customfieldname>Global Rank</customfieldname>
                        <customfieldvalues>
                            <customfieldvalue>9223372036854775807</customfieldvalue>
                        </customfieldvalues>
                    </customfield>
                                                                                                                                                                                                                                                                                                                                                                                                                                                                        <customfield id="customfield_12311820" key="com.pyxis.greenhopper.jira:gh-lexo-rank">
                        <customfieldname>Rank</customfieldname>
                        <customfieldvalues>
                            <customfieldvalue>0|i2huhr:</customfieldvalue>

                        </customfieldvalues>
                    </customfield>
                                                                <customfield id="customfield_12310920" key="com.pyxis.greenhopper.jira:gh-global-rank">
                        <customfieldname>Rank (Obsolete)</customfieldname>
                        <customfieldvalues>
                            <customfieldvalue>9223372036854775807</customfieldvalue>
                        </customfieldvalues>
                    </customfield>
                                                                                                                                                                                                                                                                                                                                                                                                                                                                                                                                                                                                                                                                                                                                                                                            </customfields>
    </item>


</channel>
</rss>