<rss version="0.92">
    <channel>
        <title>ASF JIRA</title>
        <link>https://issues.apache.org/jira/issues/?jql=project+%3D+MNG+and+type+%3D+bug+and+%28status+%3D+RESOLVED+or+status+%3D+closed%29</link>
        <description>An XML representation of a search request</description>
                <language>en-uk</language>
                        <issue start="0" end="1000" total="3303" />
                <build-info>
            <version>8.20.7</version>
            <build-number>820007</build-number>
            <build-date>16-03-2022</build-date>
        </build-info>

<item>
            <title>[MNG-5513] Artifact filtering not updated for Eclipse Aether filtering</title>
                <link>https://issues.apache.org/jira/browse/MNG-5513</link>
                <project id="12316922" key="MNG">Maven</project>
                    <description>&lt;p&gt;It seems that artifact filtering for Plugin Realm construction was not updated when Aether was swapped from Sonatype one to Eclipse one.&lt;/p&gt;

&lt;p&gt;See&lt;br/&gt;
&lt;a href="https://github.com/apache/maven/blob/2c2bf6e6e5b06c35a935ca69c5dcb54b381baf46/maven-core/src/main/java/org/apache/maven/DefaultArtifactFilterManager.java#L83" class="external-link" target="_blank" rel="nofollow noopener"&gt;https://github.com/apache/maven/blob/2c2bf6e6e5b06c35a935ca69c5dcb54b381baf46/maven-core/src/main/java/org/apache/maven/DefaultArtifactFilterManager.java#L83&lt;/a&gt;&lt;/p&gt;

&lt;p&gt;It would still filter the sonatype Aether.&lt;/p&gt;</description>
                <environment />
        <key id="12796183">MNG-5513</key>
            <summary>Artifact filtering not updated for Eclipse Aether filtering</summary>
                <type id="1" iconUrl="https://issues.apache.org/jira/secure/viewavatar?size=xsmall&amp;avatarId=21133&amp;avatarType=issuetype">Bug</type>
                                            <priority id="3" iconUrl="https://issues.apache.org/jira/images/icons/priorities/major.svg">Major</priority>
                        <status id="6" iconUrl="https://issues.apache.org/jira/images/icons/statuses/closed.png" description="The issue is considered finished, the resolution is correct. Issues which are not closed can be reopened.">Closed</status>
                    <statusCategory id="3" key="done" colorName="green" />
                                    <resolution id="1">Fixed</resolution>
                                        <assignee username="-1">Unassigned</assignee>
                                    <reporter username="cstamas">Tam&#225;s Cserven&#225;k</reporter>
                        <labels>
                    </labels>
                <created>Wed, 11 Sep 2013 06:36:22 +0000</created>
                <updated>Sat, 28 Mar 2020 14:56:58 +0000</updated>
                            <resolved>Thu, 26 Sep 2013 09:30:28 +0000</resolved>
                                    <version>3.1.0</version>
                    <version>3.1.1</version>
                                    <fixVersion>3.1.1</fixVersion>
                                    <component>Class Loading</component>
                        <due />
                            <votes>0</votes>
                                    <watches>4</watches>
                                                                <comments>
                            <comment id="14418114" author="cstamas" created="Wed, 11 Sep 2013 06:43:58 +0000">&lt;p&gt;Also, please note that org.eclipse.aether.internal.impl should be imported into plugin realms, thereby restoring Maven 3.0.x style behavior which imports org.sonatype.aether.impl and sub packages (especially o.s.a.impl.internal which after the move to Eclipse is no longer a sub package of o.e.a.impl) &amp;#8211; according to Benjamin (thanks!)&lt;/p&gt;</comment>
                            <comment id="14418168" author="cstamas" created="Wed, 11 Sep 2013 07:07:11 +0000">&lt;p&gt;Pull request&lt;br/&gt;
&lt;a href="https://github.com/apache/maven/pull/9" class="external-link" target="_blank" rel="nofollow noopener"&gt;https://github.com/apache/maven/pull/9&lt;/a&gt;&lt;/p&gt;</comment>
                            <comment id="14418167" author="jvanzyl" created="Thu, 26 Sep 2013 09:30:29 +0000">&lt;p&gt;Fixed for 3.1.1&lt;/p&gt;</comment>
                            <comment id="17069483" author="hudson" created="Sat, 28 Mar 2020 14:56:58 +0000">&lt;p&gt;Build failed in Jenkins: Maven TLP &#187; maven-studies &#187; maven-metrics #4&lt;/p&gt;

&lt;p&gt;See &lt;a href="https://builds.apache.org/job/maven-box/job/maven-studies/job/maven-metrics/4/" class="external-link" target="_blank" rel="nofollow noopener"&gt;https://builds.apache.org/job/maven-box/job/maven-studies/job/maven-metrics/4/&lt;/a&gt;&lt;/p&gt;</comment>
                    </comments>
                    <attachments>
                    </attachments>
                <subtasks>
                    </subtasks>
                <customfields>
                                                                                                                                                                                                                                                                                                                                                                                                                                                                                                                                                                                                                                                                                                                    <customfield id="customfield_12314020" key="com.atlassian.jira.plugins.jira-development-integration-plugin:devsummary">
                        <customfieldname>Development</customfieldname>
                        <customfieldvalues>
                            
                        </customfieldvalues>
                    </customfield>
                                                                                                                        <customfield id="customfield_12313422" key="com.atlassian.jirafisheyeplugin:jobcheckbox">
                        <customfieldname>Enable Automatic Patch Review</customfieldname>
                        <customfieldvalues>
                            <customfieldvalue>false</customfieldvalue>

                        </customfieldvalues>
                    </customfield>
                                                                                                                                                                                                                                                                                                                                                                                                                                                                                                                                                                                                                    <customfield id="customfield_12310420" key="com.pyxis.greenhopper.jira:gh-global-rank">
                        <customfieldname>Global Rank</customfieldname>
                        <customfieldvalues>
                            <customfieldvalue>9223372036854775807</customfieldvalue>
                        </customfieldvalues>
                    </customfield>
                                                                                                                                                                                                                                                                                                                                                                                                                                                                        <customfield id="customfield_12311820" key="com.pyxis.greenhopper.jira:gh-lexo-rank">
                        <customfieldname>Rank</customfieldname>
                        <customfieldvalues>
                            <customfieldvalue>0|i28w4n:</customfieldvalue>

                        </customfieldvalues>
                    </customfield>
                                                                <customfield id="customfield_12310920" key="com.pyxis.greenhopper.jira:gh-global-rank">
                        <customfieldname>Rank (Obsolete)</customfieldname>
                        <customfieldvalues>
                            <customfieldvalue>9223372036854775807</customfieldvalue>
                        </customfieldvalues>
                    </customfield>
                                                                                                                                                                                                                                                                                                                                                                                                                                                                                                                                                                                                                                                                                                                                                                                            </customfields>
    </item>


</channel>
</rss>