<rss version="0.92">
    <channel>
        <title>ASF JIRA</title>
        <link>https://issues.apache.org/jira/issues/?jql=project+%3D+MNG+and+type+%3D+bug+and+%28status+%3D+RESOLVED+or+status+%3D+closed%29</link>
        <description>An XML representation of a search request</description>
                <language>en-uk</language>
                        <issue start="0" end="1000" total="3303" />
                <build-info>
            <version>8.20.7</version>
            <build-number>820007</build-number>
            <build-date>16-03-2022</build-date>
        </build-info>

<item>
            <title>[MNG-5979] Maven distribution is not compiled with generics</title>
                <link>https://issues.apache.org/jira/browse/MNG-5979</link>
                <project id="12316922" key="MNG">Maven</project>
                    <description>&lt;p&gt;Reading maven javadoc api it contains generic types.&lt;br/&gt;
But when in my Mojo I try to use them the collections seem not to know anything about generics.&lt;/p&gt;

&lt;p&gt;Example:&lt;br/&gt;
project.getPluginArtifacts() returns List not List&amp;lt;Artifacts&amp;gt;&lt;br/&gt;
I can still cast the Objects from the list to Artifact type.&lt;br/&gt;
But&lt;br/&gt;
List&amp;lt;Artifact&amp;gt; al = project.getPluginArtifacts();&lt;br/&gt;
will produce an error.&lt;/p&gt;

&lt;p&gt;I simply downladed compiled version of maven 3.3.9 from maven's own site.&lt;/p&gt;</description>
                <environment>linux, java 8</environment>
        <key id="12939533">MNG-5979</key>
            <summary>Maven distribution is not compiled with generics</summary>
                <type id="1" iconUrl="https://issues.apache.org/jira/secure/viewavatar?size=xsmall&amp;avatarId=21133&amp;avatarType=issuetype">Bug</type>
                                            <priority id="3" iconUrl="https://issues.apache.org/jira/images/icons/priorities/major.svg">Major</priority>
                        <status id="6" iconUrl="https://issues.apache.org/jira/images/icons/statuses/closed.png" description="The issue is considered finished, the resolution is correct. Issues which are not closed can be reopened.">Closed</status>
                    <statusCategory id="3" key="done" colorName="green" />
                                    <resolution id="8">Not A Problem</resolution>
                                        <assignee username="khmarbaise">Karl Heinz Marbaise</assignee>
                                    <reporter username="rojares">Rami Ojares</reporter>
                        <labels>
                    </labels>
                <created>Tue, 16 Feb 2016 15:25:30 +0000</created>
                <updated>Wed, 17 Feb 2016 17:24:59 +0000</updated>
                            <resolved>Tue, 16 Feb 2016 21:27:57 +0000</resolved>
                                    <version>3.3.9</version>
                                                    <component>Core</component>
                        <due />
                            <votes>0</votes>
                                    <watches>3</watches>
                                                                <comments>
                            <comment id="15149334" author="khmarbaise" created="Tue, 16 Feb 2016 21:27:57 +0000">&lt;p&gt;You should check the code correctly cause the &lt;tt&gt;MavenProject.getPLuginArtifacts()&lt;/tt&gt; returns a &lt;tt&gt;Set&lt;/tt&gt; instead of a list...&lt;/p&gt;
&lt;div class="code panel" style="border-width: 1px;"&gt;&lt;div class="codeContent panelContent"&gt;
&lt;pre class="code-java"&gt;    &lt;span class="code-keyword"&gt;public&lt;/span&gt; Set&amp;lt;Artifact&amp;gt; getPluginArtifacts()
    {
        &lt;span class="code-keyword"&gt;return&lt;/span&gt; pluginArtifacts;
    }
&lt;/pre&gt;
&lt;/div&gt;&lt;/div&gt;
&lt;p&gt;See here:&lt;/p&gt;

&lt;p&gt;&lt;a href="http://maven.apache.org/ref/3.3.9/maven-core/apidocs/src-html/org/apache/maven/project/MavenProject.html#line.741" class="external-link" target="_blank" rel="nofollow noopener"&gt;http://maven.apache.org/ref/3.3.9/maven-core/apidocs/src-html/org/apache/maven/project/MavenProject.html#line.741&lt;/a&gt;&lt;/p&gt;
</comment>
                            <comment id="15149413" author="rojares" created="Tue, 16 Feb 2016 22:07:57 +0000">&lt;p&gt;Yes you are right.&lt;br/&gt;
I typed that wrongly in a hurry.&lt;br/&gt;
But the issue that I am really talking about remains.&lt;br/&gt;
Does it not?&lt;/p&gt;

&lt;p&gt;Let me rephrase:&lt;br/&gt;
Set&amp;lt;Artifact&amp;gt; al = project.getPluginArtifacts();&lt;br/&gt;
will produce an error.&lt;br/&gt;
But this will not&lt;br/&gt;
Set al = project.getPluginArtifacts();&lt;/p&gt;</comment>
                            <comment id="15149427" author="khmarbaise" created="Tue, 16 Feb 2016 22:16:01 +0000">&lt;p&gt;If you are really using a dependency to maven-core with version 3.3.9 than you are doing something wrong ...but i assume you have a dependency to a different version....Can you show your code ? Best would be a reference to github/ bitbucket etc.  ?&lt;/p&gt;</comment>
                            <comment id="15150425" author="rojares" created="Wed, 17 Feb 2016 12:31:02 +0000">&lt;p&gt;I think we are onto something.&lt;br/&gt;
I tried to find which version I am using but it seems very difficult.&lt;/p&gt;

&lt;p&gt;In my plugin I define a dependency like this:&lt;/p&gt;

&lt;p&gt;&amp;lt;dependency&amp;gt;&lt;br/&gt;
    &amp;lt;groupId&amp;gt;org.apache.maven&amp;lt;/groupId&amp;gt;&lt;br/&gt;
    &amp;lt;artifactId&amp;gt;maven-project&amp;lt;/artifactId&amp;gt;&lt;br/&gt;
    &amp;lt;version&amp;gt;3.0-alpha-2&amp;lt;/version&amp;gt;&lt;br/&gt;
&amp;lt;/dependency&amp;gt;&lt;/p&gt;

&lt;p&gt;But I can not find anywhere to what version of maven-core javadoc api this plugin refers to.&lt;br/&gt;
So I decided to look at the bytecode and there I can see that in org.apache.maven:maven-project:3.0-alpha-2 is defined as&lt;br/&gt;
Set getPluginArtifacts();&lt;br/&gt;
whereas in my mave 3.3.9 installation it is indeed defined as&lt;br/&gt;
Set&amp;lt;Artifact&amp;gt; getPluginArtifacts();&lt;/p&gt;

&lt;p&gt;Since 3.0-alpha-2 seems like the newest release of maven-project, how can I use the api version 3.3.9 from my plugin?&lt;/p&gt;</comment>
                            <comment id="15150450" author="rojares" created="Wed, 17 Feb 2016 12:46:30 +0000">&lt;p&gt;Ok now I think I understood.&lt;br/&gt;
The maven-project's versions is the same as the version of maven-core whence it comes from.&lt;br/&gt;
I just could not understand that the newest version is so old.&lt;br/&gt;
What could be the reason that 3.0-alpha-2 is the newest release?&lt;/p&gt;</comment>
                            <comment id="15150464" author="rojares" created="Wed, 17 Feb 2016 13:08:40 +0000">&lt;p&gt;Aaaah!&lt;br/&gt;
I am supposed to use maven-core as dependency.&lt;br/&gt;
I don't know why I have used maven-project as dependency.&lt;br/&gt;
I think in maven repository there should be a mention that maven-project is deprecated or at least not updated.&lt;br/&gt;
And those who look for latest and complete mave api should use maven-core as dependency.&lt;/p&gt;

&lt;p&gt;Ok, problem solved for me!&lt;/p&gt;</comment>
                            <comment id="15150819" author="khmarbaise" created="Wed, 17 Feb 2016 17:24:59 +0000">&lt;p&gt;As you realized you have to use maven-core as a dependency. I would suggest to use 3.0 as base...If you like to have your plugin running only with newer versions you can change this accordingly...&lt;/p&gt;</comment>
                    </comments>
                    <attachments>
                    </attachments>
                <subtasks>
                    </subtasks>
                <customfields>
                                                                                                                                                                                                                                                                                                                                                                                                                                                                                                                                                                                                                                                                                                                    <customfield id="customfield_12314020" key="com.atlassian.jira.plugins.jira-development-integration-plugin:devsummary">
                        <customfieldname>Development</customfieldname>
                        <customfieldvalues>
                            
                        </customfieldvalues>
                    </customfield>
                                                                                                                        <customfield id="customfield_12313422" key="com.atlassian.jirafisheyeplugin:jobcheckbox">
                        <customfieldname>Enable Automatic Patch Review</customfieldname>
                        <customfieldvalues>
                            <customfieldvalue>false</customfieldvalue>

                        </customfieldvalues>
                    </customfield>
                                                                                                                                                                                                                                                                                                                                                                                                                                                                                                                                                                                                                    <customfield id="customfield_12310420" key="com.pyxis.greenhopper.jira:gh-global-rank">
                        <customfieldname>Global Rank</customfieldname>
                        <customfieldvalues>
                            <customfieldvalue>9223372036854775807</customfieldvalue>
                        </customfieldvalues>
                    </customfield>
                                                                                                                                                                                                                                                                                                                                                                                                                                                                        <customfield id="customfield_12311820" key="com.pyxis.greenhopper.jira:gh-lexo-rank">
                        <customfieldname>Rank</customfieldname>
                        <customfieldvalues>
                            <customfieldvalue>0|i2swan:</customfieldvalue>

                        </customfieldvalues>
                    </customfield>
                                                                <customfield id="customfield_12310920" key="com.pyxis.greenhopper.jira:gh-global-rank">
                        <customfieldname>Rank (Obsolete)</customfieldname>
                        <customfieldvalues>
                            <customfieldvalue>9223372036854775807</customfieldvalue>
                        </customfieldvalues>
                    </customfield>
                                                                                                                                                                                                                                                                                                                                                                                                                                                                                                                                                                                                                                                                                                                                                                                            </customfields>
    </item>


</channel>
</rss>