<rss version="0.92">
    <channel>
        <title>ASF JIRA</title>
        <link>https://issues.apache.org/jira/issues/?jql=project+%3D+MNG+and+type+%3D+bug+and+%28status+%3D+RESOLVED+or+status+%3D+closed%29</link>
        <description>An XML representation of a search request</description>
                <language>en-uk</language>
                        <issue start="0" end="1000" total="3303" />
                <build-info>
            <version>8.20.7</version>
            <build-number>820007</build-number>
            <build-date>16-03-2022</build-date>
        </build-info>

<item>
            <title>[MNG-5334] Maven build error: The type or namespace name does not exist in the namespace</title>
                <link>https://issues.apache.org/jira/browse/MNG-5334</link>
                <project id="12316922" key="MNG">Maven</project>
                    <description>&lt;p&gt;I build .Net project using Maven (&lt;a href="http://maven.apache.org/" class="external-link" target="_blank" rel="nofollow noopener"&gt;http://maven.apache.org/&lt;/a&gt;). I have used .Net assembly System.DirectoryServices in the project and build pass ok. But when I add assembly System.DirectoryServices.Protocols build fails with errors:&lt;/p&gt;

&lt;p&gt;ClassName.cs(13,32): error CS0234: The type or namespace name 'Protocols' does not exist in the namespace 'System.DirectoryServices' (are you missing an assembly reference?) ClassName.cs(684,81): error CS0246: The type or namespace name 'SearchResultEntry' could not be found (are you missing a using directive or an assembly reference?)&lt;/p&gt;

&lt;p&gt;It looks like maven unable to resolve assembly name System.DirectoryServices.Protocols and search all classes that placed in System.DirectoryServices.Protocols in assembly System.DirectoryServices.&lt;/p&gt;

&lt;p&gt;Assembly System.DirectoryServices.Protocols is added to project file and projects builds ok with Visual Studio, but with Maven not...&lt;/p&gt;

&lt;p&gt;So, how I can fix above error or explain me please alghoritm of resolving .Net assemblies in Maven.&lt;/p&gt;</description>
                <environment>WinXp, .Net 3.5, Maven 2.2.1, jdk1.6.0_34</environment>
        <key id="12796125">MNG-5334</key>
            <summary>Maven build error: The type or namespace name does not exist in the namespace</summary>
                <type id="1" iconUrl="https://issues.apache.org/jira/secure/viewavatar?size=xsmall&amp;avatarId=21133&amp;avatarType=issuetype">Bug</type>
                                            <priority id="3" iconUrl="https://issues.apache.org/jira/images/icons/priorities/major.svg">Major</priority>
                        <status id="6" iconUrl="https://issues.apache.org/jira/images/icons/statuses/closed.png" description="The issue is considered finished, the resolution is correct. Issues which are not closed can be reopened.">Closed</status>
                    <statusCategory id="3" key="done" colorName="green" />
                                    <resolution id="4">Incomplete</resolution>
                                        <assignee username="-1">Unassigned</assignee>
                                    <reporter username="digor_ua">Igor</reporter>
                        <labels>
                    </labels>
                <created>Wed, 22 Aug 2012 06:41:22 +0000</created>
                <updated>Wed, 22 Jan 2014 20:32:03 +0000</updated>
                            <resolved>Wed, 22 Jan 2014 20:32:03 +0000</resolved>
                                    <version>2.2.1</version>
                                                    <component>Errors</component>
                        <due />
                            <votes>0</votes>
                                    <watches>3</watches>
                                                                <comments>
                            <comment id="14418660" author="jvanzyl" created="Wed, 22 Jan 2014 20:23:22 +0000">&lt;p&gt;Please refer to &lt;a href="https://cwiki.apache.org/confluence/display/MAVEN/The+Great+JIRA+Cleanup+of+2014" class="external-link" target="_blank" rel="nofollow noopener"&gt;https://cwiki.apache.org/confluence/display/MAVEN/The+Great+JIRA+Cleanup+of+2014&lt;/a&gt;&lt;/p&gt;</comment>
                            <comment id="14419211" author="jvanzyl" created="Wed, 22 Jan 2014 20:32:03 +0000">&lt;p&gt;Please refer to &lt;a href="https://cwiki.apache.org/confluence/display/MAVEN/The+Great+JIRA+Cleanup+of+2014" class="external-link" target="_blank" rel="nofollow noopener"&gt;https://cwiki.apache.org/confluence/display/MAVEN/The+Great+JIRA+Cleanup+of+2014&lt;/a&gt; if you're wondering why this issue was closed out.&lt;/p&gt;</comment>
                    </comments>
                    <attachments>
                    </attachments>
                <subtasks>
                    </subtasks>
                <customfields>
                                                                                                                                                                                                                                                                                                                                                                                                                                                                                                                                                                                                                                                                                                                    <customfield id="customfield_12314020" key="com.atlassian.jira.plugins.jira-development-integration-plugin:devsummary">
                        <customfieldname>Development</customfieldname>
                        <customfieldvalues>
                            
                        </customfieldvalues>
                    </customfield>
                                                                                                                        <customfield id="customfield_12313422" key="com.atlassian.jirafisheyeplugin:jobcheckbox">
                        <customfieldname>Enable Automatic Patch Review</customfieldname>
                        <customfieldvalues>
                            <customfieldvalue>false</customfieldvalue>

                        </customfieldvalues>
                    </customfield>
                                                                                                                                                                                                                                                                                                                                                                                                                                                                                                                                                                                                                    <customfield id="customfield_12310420" key="com.pyxis.greenhopper.jira:gh-global-rank">
                        <customfieldname>Global Rank</customfieldname>
                        <customfieldvalues>
                            <customfieldvalue>9223372036854775807</customfieldvalue>
                        </customfieldvalues>
                    </customfield>
                                                                                                                                                                                                                                                                                                                                                                                                                                                                        <customfield id="customfield_12311820" key="com.pyxis.greenhopper.jira:gh-lexo-rank">
                        <customfieldname>Rank</customfieldname>
                        <customfieldvalues>
                            <customfieldvalue>0|i291zj:</customfieldvalue>

                        </customfieldvalues>
                    </customfield>
                                                                <customfield id="customfield_12310920" key="com.pyxis.greenhopper.jira:gh-global-rank">
                        <customfieldname>Rank (Obsolete)</customfieldname>
                        <customfieldvalues>
                            <customfieldvalue>9223372036854775807</customfieldvalue>
                        </customfieldvalues>
                    </customfield>
                                                                                                                                                                                                                                                                                                                                                                                                                                                                                                                                                                                                                                                                                                                                                                                            </customfields>
    </item>


</channel>
</rss>