<rss version="0.92">
    <channel>
        <title>ASF JIRA</title>
        <link>https://issues.apache.org/jira/issues/?jql=project+%3D+MNG+and+type+%3D+bug+and+%28status+%3D+RESOLVED+or+status+%3D+closed%29</link>
        <description>An XML representation of a search request</description>
                <language>en-uk</language>
                        <issue start="0" end="1000" total="3303" />
                <build-info>
            <version>8.20.7</version>
            <build-number>820007</build-number>
            <build-date>16-03-2022</build-date>
        </build-info>

<item>
            <title>[MNG-5414] Trying to compile code using maven 3.0.4 version but getting error - illegal character</title>
                <link>https://issues.apache.org/jira/browse/MNG-5414</link>
                <project id="12316922" key="MNG">Maven</project>
                    <description>&lt;p&gt;Hi,&lt;/p&gt;

&lt;p&gt;I am getting below mentioned error while trying to compile my java source code using maven. &lt;/p&gt;


&lt;p&gt;&lt;span class="error"&gt;&amp;#91;INFO&amp;#93;&lt;/span&gt; Compiling 1072 source files to D:\mifidbe\target\classes&lt;br/&gt;
&lt;span class="error"&gt;&amp;#91;INFO&amp;#93;&lt;/span&gt; -------------------------------------------------------------&lt;br/&gt;
&lt;span class="error"&gt;&amp;#91;ERROR&amp;#93;&lt;/span&gt; COMPILATION ERROR :&lt;br/&gt;
&lt;span class="error"&gt;&amp;#91;INFO&amp;#93;&lt;/span&gt; -------------------------------------------------------------&lt;br/&gt;
&lt;span class="error"&gt;&amp;#91;ERROR&amp;#93;&lt;/span&gt; \mifidbe\src\main\java\com\infosys\useradmin\userdetails\datalayer\dao\UserDAOImpl.java:&lt;span class="error"&gt;&amp;#91;1,0&amp;#93;&lt;/span&gt; illegal character: \65279&lt;br/&gt;
&lt;span class="error"&gt;&amp;#91;INFO&amp;#93;&lt;/span&gt; 1 error&lt;/p&gt;


&lt;p&gt;PFA the detailed trace of the issue in text document. It looks like UTF-8 encoding may be an issue but not sure though. Please help me in resloving this.&lt;/p&gt;

&lt;p&gt;Thanks.&lt;/p&gt;</description>
                <environment>Windows 7 32 bit, JDK 1.6, Maven 3.0.4</environment>
        <key id="12797015">MNG-5414</key>
            <summary>Trying to compile code using maven 3.0.4 version but getting error - illegal character</summary>
                <type id="1" iconUrl="https://issues.apache.org/jira/secure/viewavatar?size=xsmall&amp;avatarId=21133&amp;avatarType=issuetype">Bug</type>
                                            <priority id="3" iconUrl="https://issues.apache.org/jira/images/icons/priorities/major.svg">Major</priority>
                        <status id="6" iconUrl="https://issues.apache.org/jira/images/icons/statuses/closed.png" description="The issue is considered finished, the resolution is correct. Issues which are not closed can be reopened.">Closed</status>
                    <statusCategory id="3" key="done" colorName="green" />
                                    <resolution id="8">Not A Problem</resolution>
                                        <assignee username="-1">Unassigned</assignee>
                                    <reporter username="madhurmania">Madhur Naidu</reporter>
                        <labels>
                    </labels>
                <created>Tue, 18 Dec 2012 22:53:50 +0000</created>
                <updated>Sun, 5 Apr 2015 22:48:56 +0000</updated>
                            <resolved>Thu, 27 Dec 2012 09:31:02 +0000</resolved>
                                    <version>3.0.4</version>
                                                    <component>POM::Encoding</component>
                        <due />
                            <votes>0</votes>
                                    <watches>1</watches>
                                                                <comments>
                            <comment id="14418008" author="madhurmania" created="Thu, 27 Dec 2012 08:06:20 +0000">&lt;p&gt;Hi,&lt;/p&gt;

&lt;p&gt;There was some issue with the file and somehow we were able to convert the fileto DOS format and make the build. Please close this request.&lt;/p&gt;

&lt;p&gt;Thanks.&lt;/p&gt;</comment>
                    </comments>
                <issuelinks>
                            <issuelinktype id="12310260">
                    <name>Related</name>
                                            <outwardlinks description="relates to">
                                        <issuelink>
            <issuekey id="12800560">MCOMPILER-193</issuekey>
        </issuelink>
                            </outwardlinks>
                                                        </issuelinktype>
                    </issuelinks>
                <attachments>
                    </attachments>
                <subtasks>
                    </subtasks>
                <customfields>
                                                                                                                                                                                                                                                                                                                                                                                                                                                                                                                                                                                                                                                                                                                    <customfield id="customfield_12314020" key="com.atlassian.jira.plugins.jira-development-integration-plugin:devsummary">
                        <customfieldname>Development</customfieldname>
                        <customfieldvalues>
                            
                        </customfieldvalues>
                    </customfield>
                                                                                                                        <customfield id="customfield_12313422" key="com.atlassian.jirafisheyeplugin:jobcheckbox">
                        <customfieldname>Enable Automatic Patch Review</customfieldname>
                        <customfieldvalues>
                            <customfieldvalue>false</customfieldvalue>

                        </customfieldvalues>
                    </customfield>
                                                                                                                                                                                                                                                                                                                                                                                                                                                                                                                                                                                                                    <customfield id="customfield_12310420" key="com.pyxis.greenhopper.jira:gh-global-rank">
                        <customfieldname>Global Rank</customfieldname>
                        <customfieldvalues>
                            <customfieldvalue>9223372036854775807</customfieldvalue>
                        </customfieldvalues>
                    </customfield>
                                                                                                                                                                                                                                                                                                                                                                                                                                                                        <customfield id="customfield_12311820" key="com.pyxis.greenhopper.jira:gh-lexo-rank">
                        <customfieldname>Rank</customfieldname>
                        <customfieldvalues>
                            <customfieldvalue>0|i28obr:</customfieldvalue>

                        </customfieldvalues>
                    </customfield>
                                                                <customfield id="customfield_12310920" key="com.pyxis.greenhopper.jira:gh-global-rank">
                        <customfieldname>Rank (Obsolete)</customfieldname>
                        <customfieldvalues>
                            <customfieldvalue>9223372036854775807</customfieldvalue>
                        </customfieldvalues>
                    </customfield>
                                                                                                                                                                                                                                                                                                                                                                                                                                                                                                                                                                                                                                                                                                                                                                                            </customfields>
    </item>


</channel>
</rss>