<rss version="0.92">
    <channel>
        <title>ASF JIRA</title>
        <link>https://issues.apache.org/jira/issues/?jql=project+%3D+MNG+and+type+%3D+bug+and+%28status+%3D+RESOLVED+or+status+%3D+closed%29</link>
        <description>An XML representation of a search request</description>
                <language>en-uk</language>
                        <issue start="0" end="1000" total="3303" />
                <build-info>
            <version>8.20.7</version>
            <build-number>820007</build-number>
            <build-date>16-03-2022</build-date>
        </build-info>

<item>
            <title>[MNG-5731] DefaultArtifactCollector loses a transitive dependency with specific combination of versions and RUNTIME scope</title>
                <link>https://issues.apache.org/jira/browse/MNG-5731</link>
                <project id="12316922" key="MNG">Maven</project>
                    <description>&lt;p&gt;Unpack the attached test case.  It is a rather large multimodule project which looks like the following:&lt;/p&gt;

&lt;div class="code panel" style="border-width: 1px;"&gt;&lt;div class="codeContent panelContent"&gt;
&lt;pre class="code-java"&gt;test:i:jar:1 (0; enabled)
  test:c:jar:3:compile (1; enabled)
    test:b:jar:2:compile (2; enabled)
  test:e:jar:2:compile (1; enabled)
    test:c:jar:2:compile (2; disabled)
      test:b:jar:1:compile (3; disabled)
        test:a:jar:1:compile (4; disabled)
    test:h:jar:1:runtime (2; enabled)
      test:g:jar:1:runtime (3; enabled)
        test:a:jar:2:compile (4; disabled)
  test:f:jar:1:compile (1; enabled)
    test:e:jar:1:compile (2; disabled)
      test:c:jar:1:compile (3; disabled)
    test:d:jar:1:compile (2; enabled)
      test:c:jar:2:compile (3; disabled)
        test:b:jar:1:compile (4; disabled)
          test:a:jar:2:compile (5; disabled)
&lt;/pre&gt;
&lt;/div&gt;&lt;/div&gt;

&lt;p&gt;There is a dependency chain I1 -&amp;gt; E2 -&amp;gt; H1 -&amp;gt; G1(runtime) -&amp;gt; A2&lt;br/&gt;
During version resolution, the G1-&amp;gt;A2 dependency is dropped due to checkScopeUpdate in favor of upgrading the version of B1 -&amp;gt; A1 into B1 -&amp;gt; A2, since it has compile scope.&lt;br/&gt;
The B1 -&amp;gt; A2 dependency is later suppressed because C3 has a "nearer" dependency on B2, tossing B1.  So A2 is lost even though there is a legitimate need for it from G1.&lt;/p&gt;

&lt;p&gt;To reproduce:&lt;/p&gt;

&lt;div class="code panel" style="border-width: 1px;"&gt;&lt;div class="codeContent panelContent"&gt;
&lt;pre class="code-java"&gt;[steven@Anesthetize:~/ot-code/maven-loses-transitive-dependency]% mvn clean &lt;span class="code-keyword"&gt;package&lt;/span&gt; &amp;amp;&amp;amp; java -cp i1/target/i-1-jar-with-dependencies.jar MainI
Exception in thread &lt;span class="code-quote"&gt;"main"&lt;/span&gt; java.lang.NoClassDefFoundError: A
	at G.&amp;lt;init&amp;gt;(G.java:2)
	at sun.reflect.NativeConstructorAccessorImpl.newInstance0(Native Method)
	at sun.reflect.NativeConstructorAccessorImpl.newInstance(NativeConstructorAccessorImpl.java:62)
	at sun.reflect.DelegatingConstructorAccessorImpl.newInstance(DelegatingConstructorAccessorImpl.java:45)
	at java.lang.reflect.Constructor.newInstance(Constructor.java:408)
	at java.lang.&lt;span class="code-object"&gt;Class&lt;/span&gt;.newInstance(&lt;span class="code-object"&gt;Class&lt;/span&gt;.java:433)
	at H.&amp;lt;clinit&amp;gt;(H.java:6)
	at java.lang.&lt;span class="code-object"&gt;Class&lt;/span&gt;.forName0(Native Method)
	at java.lang.&lt;span class="code-object"&gt;Class&lt;/span&gt;.forName(&lt;span class="code-object"&gt;Class&lt;/span&gt;.java:259)
	at E.&amp;lt;init&amp;gt;(E.java:5)
	at MainI.main(MainI.java:3)
Caused by: java.lang.ClassNotFoundException: A
	at java.net.URLClassLoader$1.run(URLClassLoader.java:372)
	at java.net.URLClassLoader$1.run(URLClassLoader.java:361)
	at java.security.AccessController.doPrivileged(Native Method)
	at java.net.URLClassLoader.findClass(URLClassLoader.java:360)
	at java.lang.&lt;span class="code-object"&gt;ClassLoader&lt;/span&gt;.loadClass(&lt;span class="code-object"&gt;ClassLoader&lt;/span&gt;.java:424)
	at sun.misc.Launcher$AppClassLoader.loadClass(Launcher.java:308)
	at java.lang.&lt;span class="code-object"&gt;ClassLoader&lt;/span&gt;.loadClass(&lt;span class="code-object"&gt;ClassLoader&lt;/span&gt;.java:357)
	... 11 more
&lt;/pre&gt;
&lt;/div&gt;&lt;/div&gt;</description>
                <environment>Mac OS 10.9, Java 8u25</environment>
        <key id="12796383">MNG-5731</key>
            <summary>DefaultArtifactCollector loses a transitive dependency with specific combination of versions and RUNTIME scope</summary>
                <type id="1" iconUrl="https://issues.apache.org/jira/secure/viewavatar?size=xsmall&amp;avatarId=21133&amp;avatarType=issuetype">Bug</type>
                                            <priority id="3" iconUrl="https://issues.apache.org/jira/images/icons/priorities/major.svg">Major</priority>
                        <status id="6" iconUrl="https://issues.apache.org/jira/images/icons/statuses/closed.png" description="The issue is considered finished, the resolution is correct. Issues which are not closed can be reopened.">Closed</status>
                    <statusCategory id="3" key="done" colorName="green" />
                                    <resolution id="10000">Auto Closed</resolution>
                                        <assignee username="-1">Unassigned</assignee>
                                    <reporter username="stevenschlansker">Steven Schlansker</reporter>
                        <labels>
                    </labels>
                <created>Tue, 9 Dec 2014 17:46:59 +0000</created>
                <updated>Tue, 20 Mar 2018 20:38:12 +0000</updated>
                            <resolved>Fri, 16 Mar 2018 22:39:55 +0000</resolved>
                                    <version>3.2.3</version>
                                                    <component>Dependencies</component>
                        <due />
                            <votes>0</votes>
                                    <watches>2</watches>
                                                                <comments>
                            <comment id="16402838" author="michael-o" created="Fri, 16 Mar 2018 22:39:55 +0000">&lt;p&gt;This issue has been auto closed because it has been inactive for a long period of time. If you think this issue still applies, retest your problem with the most recent version of Maven and the affected component, reopen and post your results.&lt;/p&gt;</comment>
                            <comment id="16406980" author="stevenschlansker" created="Tue, 20 Mar 2018 20:38:12 +0000">&lt;p&gt;Too bad no progress was made on this issue &lt;img class="emoticon" src="https://issues.apache.org/jira/images/icons/emoticons/sad.png" height="16" width="16" align="absmiddle" alt="" border="0"/&gt;&lt;/p&gt;</comment>
                    </comments>
                    <attachments>
                            <attachment id="12713403" name="maven-loses-transitive-dependency.tgz" size="13050" author="stevenschlansker" created="Tue, 9 Dec 2014 17:46:59 +0000" />
                    </attachments>
                <subtasks>
                    </subtasks>
                <customfields>
                                                                                                                                                                                                                                                                                                                                                                                                                                                                                                                                                                                                                                                                                                                    <customfield id="customfield_12314020" key="com.atlassian.jira.plugins.jira-development-integration-plugin:devsummary">
                        <customfieldname>Development</customfieldname>
                        <customfieldvalues>
                            
                        </customfieldvalues>
                    </customfield>
                                                                                                                        <customfield id="customfield_12313422" key="com.atlassian.jirafisheyeplugin:jobcheckbox">
                        <customfieldname>Enable Automatic Patch Review</customfieldname>
                        <customfieldvalues>
                            <customfieldvalue>false</customfieldvalue>

                        </customfieldvalues>
                    </customfield>
                                                                                                                                                                                                                                                                                                                                                                                                                                                                                                                                                                                                                    <customfield id="customfield_12310420" key="com.pyxis.greenhopper.jira:gh-global-rank">
                        <customfieldname>Global Rank</customfieldname>
                        <customfieldvalues>
                            <customfieldvalue>9223372036854775807</customfieldvalue>
                        </customfieldvalues>
                    </customfield>
                                                                                                                                                                                                                                                                                                                                                                                                                                                                        <customfield id="customfield_12311820" key="com.pyxis.greenhopper.jira:gh-lexo-rank">
                        <customfieldname>Rank</customfieldname>
                        <customfieldvalues>
                            <customfieldvalue>0|i291hr:</customfieldvalue>

                        </customfieldvalues>
                    </customfield>
                                                                <customfield id="customfield_12310920" key="com.pyxis.greenhopper.jira:gh-global-rank">
                        <customfieldname>Rank (Obsolete)</customfieldname>
                        <customfieldvalues>
                            <customfieldvalue>9223372036854775807</customfieldvalue>
                        </customfieldvalues>
                    </customfield>
                                                                                                                                                                                                                                                                                                                                                                                                                                                                                                                                                                                                                                                                                                        <customfield id="customfield_12312220" key="com.atlassian.jira.plugin.system.customfieldtypes:radiobuttons">
                        <customfieldname>Testcase included</customfieldname>
                        <customfieldvalues>
                                <customfieldvalue key="11060">Yes</customfieldvalue>

                        </customfieldvalues>
                    </customfield>
                                                                                                                        </customfields>
    </item>


</channel>
</rss>