<rss version="0.92">
    <channel>
        <title>ASF JIRA</title>
        <link>https://issues.apache.org/jira/issues/?jql=project+%3D+MNG+and+type+%3D+bug+and+%28status+%3D+RESOLVED+or+status+%3D+closed%29</link>
        <description>An XML representation of a search request</description>
                <language>en-uk</language>
                        <issue start="0" end="1000" total="3303" />
                <build-info>
            <version>8.20.7</version>
            <build-number>820007</build-number>
            <build-date>16-03-2022</build-date>
        </build-info>

<item>
            <title>[MNG-5321] "IOException: Failed to delete repository.xml while trying to rename" during parallel build</title>
                <link>https://issues.apache.org/jira/browse/MNG-5321</link>
                <project id="12316922" key="MNG">Maven</project>
                    <description>&lt;p&gt;The following problem has been found in console when parallel build was used (-T command line parameter):&lt;/p&gt;

&lt;p&gt;&lt;span class="error"&gt;&amp;#91;INFO&amp;#93;&lt;/span&gt; &amp;#8212; maven-bundle-plugin:2.3.6:install (default-install) @ my-bundle &amp;#8212;&lt;br/&gt;
&lt;span class="error"&gt;&amp;#91;WARNING&amp;#93;&lt;/span&gt; Exception while updating local OBR: IOException&lt;br/&gt;
org.apache.maven.plugin.MojoExecutionException: IOException&lt;br/&gt;
        at org.apache.felix.obrplugin.ObrUpdate.writeRepositoryXml(ObrUpdate.java:293)&lt;br/&gt;
        at org.apache.felix.obrplugin.ObrInstall.execute(ObrInstall.java:149)&lt;br/&gt;
        at org.apache.maven.plugin.DefaultBuildPluginManager.executeMojo(DefaultBuildPluginManager.java:101)&lt;br/&gt;
...&lt;/p&gt;

&lt;p&gt;'stderr' contains the following stacktrace:&lt;/p&gt;

&lt;p&gt;java.io.IOException: Failed to delete c:\.m2\repository.xml while trying to rename C:\Users\User\AppData\Local\Temp\repository8243840781003249024.xml&lt;br/&gt;
        at org.codehaus.plexus.util.FileUtils.rename(FileUtils.java:2128)&lt;br/&gt;
        at org.apache.felix.obrplugin.ObrUpdate.writeRepositoryXml(ObrUpdate.java:288)&lt;br/&gt;
...&lt;/p&gt;

&lt;p&gt;Full stacktraces are provided in the attachment.&lt;/p&gt;

&lt;p&gt;I did not find any problems that it causes for the build, but I suspect that such problems might exist. The problem itself is (I suspect) a trivial race condition.&lt;/p&gt;</description>
                <environment />
        <key id="12797202">MNG-5321</key>
            <summary>"IOException: Failed to delete repository.xml while trying to rename" during parallel build</summary>
                <type id="1" iconUrl="https://issues.apache.org/jira/secure/viewavatar?size=xsmall&amp;avatarId=21133&amp;avatarType=issuetype">Bug</type>
                                            <priority id="4" iconUrl="https://issues.apache.org/jira/images/icons/priorities/minor.svg">Minor</priority>
                        <status id="6" iconUrl="https://issues.apache.org/jira/images/icons/statuses/closed.png" description="The issue is considered finished, the resolution is correct. Issues which are not closed can be reopened.">Closed</status>
                    <statusCategory id="3" key="done" colorName="green" />
                                    <resolution id="2">Won't Fix</resolution>
                                        <assignee username="brettporter">Brett Porter</assignee>
                                    <reporter username="vburdejny">Victor Burdejny</reporter>
                        <labels>
                    </labels>
                <created>Thu, 2 Aug 2012 04:50:03 +0000</created>
                <updated>Thu, 2 Aug 2012 08:56:09 +0000</updated>
                            <resolved>Thu, 2 Aug 2012 08:56:09 +0000</resolved>
                                    <version>3.0.3</version>
                                                    <component>General</component>
                        <due />
                            <votes>0</votes>
                                    <watches>3</watches>
                                                                <comments>
                            <comment id="14417573" author="brettporter" created="Thu, 2 Aug 2012 06:55:50 +0000">&lt;p&gt;This sounds like the maven-bundle-plugin is not thread-safe. That would need to be reported to the Felix community: &lt;a href="https://issues.apache.org/jira/browse/FELIX/component/12311143" class="external-link" rel="nofollow"&gt;https://issues.apache.org/jira/browse/FELIX/component/12311143&lt;/a&gt;&lt;/p&gt;</comment>
                            <comment id="14417679" author="vburdejny" created="Thu, 2 Aug 2012 08:47:54 +0000">&lt;p&gt;The problem has been reported to Felix community: &lt;a href="https://issues.apache.org/jira/browse/FELIX-3619" class="external-link" rel="nofollow"&gt;https://issues.apache.org/jira/browse/FELIX-3619&lt;/a&gt;&lt;/p&gt;</comment>
                            <comment id="14417699" author="brettporter" created="Thu, 2 Aug 2012 08:56:09 +0000">&lt;p&gt;thanks&lt;/p&gt;</comment>
                    </comments>
                    <attachments>
                            <attachment id="12712697" name="maven-repository-xml-issue.txt" size="3551" author="vburdejny" created="Thu, 2 Aug 2012 04:50:03 +0000" />
                    </attachments>
                <subtasks>
                    </subtasks>
                <customfields>
                                                                                                                                                                                                                                                                                                                                                                                                                                                                                                                                                                                                                                                                                                                    <customfield id="customfield_12314020" key="com.atlassian.jira.plugins.jira-development-integration-plugin:devsummary">
                        <customfieldname>Development</customfieldname>
                        <customfieldvalues>
                            
                        </customfieldvalues>
                    </customfield>
                                                                                                                        <customfield id="customfield_12313422" key="com.atlassian.jirafisheyeplugin:jobcheckbox">
                        <customfieldname>Enable Automatic Patch Review</customfieldname>
                        <customfieldvalues>
                            <customfieldvalue>false</customfieldvalue>

                        </customfieldvalues>
                    </customfield>
                                                                                                                                                                                                                                                                                                                                                                                                                                                                                                                                                                                                                    <customfield id="customfield_12310420" key="com.pyxis.greenhopper.jira:gh-global-rank">
                        <customfieldname>Global Rank</customfieldname>
                        <customfieldvalues>
                            <customfieldvalue>9223372036854775807</customfieldvalue>
                        </customfieldvalues>
                    </customfield>
                                                                                                                                                                                                                                                                                                                                                                                                                                                                        <customfield id="customfield_12311820" key="com.pyxis.greenhopper.jira:gh-lexo-rank">
                        <customfieldname>Rank</customfieldname>
                        <customfieldvalues>
                            <customfieldvalue>0|i28suv:</customfieldvalue>

                        </customfieldvalues>
                    </customfield>
                                                                <customfield id="customfield_12310920" key="com.pyxis.greenhopper.jira:gh-global-rank">
                        <customfieldname>Rank (Obsolete)</customfieldname>
                        <customfieldvalues>
                            <customfieldvalue>9223372036854775807</customfieldvalue>
                        </customfieldvalues>
                    </customfield>
                                                                                                                                                                                                                                                                                                                                                                                                                                                                                                                                                                                                                                                                                                                                                                                            </customfields>
    </item>


</channel>
</rss>