<rss version="0.92">
    <channel>
        <title>ASF JIRA</title>
        <link>https://issues.apache.org/jira/issues/?jql=project+%3D+MNG+and+type+%3D+bug+and+%28status+%3D+RESOLVED+or+status+%3D+closed%29</link>
        <description>An XML representation of a search request</description>
                <language>en-uk</language>
                        <issue start="0" end="1000" total="3303" />
                <build-info>
            <version>8.20.7</version>
            <build-number>820007</build-number>
            <build-date>16-03-2022</build-date>
        </build-info>

<item>
            <title>[MNG-5129] Maven struggles while resolving locked snapshots by two or more simultaneously used projects.</title>
                <link>https://issues.apache.org/jira/browse/MNG-5129</link>
                <project id="12316922" key="MNG">Maven</project>
                    <description>&lt;p&gt;This has to be explained with an easy example. Given that we have three projects (A, B and C). Both projects B and C has a dependency to a locked snapshot of project A. &lt;/p&gt;

&lt;div class="code panel" style="border-width: 1px;"&gt;&lt;div class="codeHeader panelHeader" style="border-bottom-width: 1px;"&gt;&lt;b&gt;Project B requires build number #2&lt;/b&gt;&lt;/div&gt;&lt;div class="codeContent panelContent"&gt;
&lt;pre class="code-java"&gt;&amp;lt;dependency&amp;gt;
  &amp;lt;groupId&amp;gt;org.codehaus&amp;lt;/groupId&amp;gt;
  &amp;lt;artifactId&amp;gt;A&amp;lt;/artifactId&amp;gt;
  &amp;lt;version&amp;gt;1.0.0-20110705.132520-2&amp;lt;/version&amp;gt;
&amp;lt;/dependency&amp;gt;
&lt;/pre&gt;
&lt;/div&gt;&lt;/div&gt;

&lt;div class="code panel" style="border-width: 1px;"&gt;&lt;div class="codeHeader panelHeader" style="border-bottom-width: 1px;"&gt;&lt;b&gt;Project C requires build number #1&lt;/b&gt;&lt;/div&gt;&lt;div class="codeContent panelContent"&gt;
&lt;pre class="code-java"&gt;&amp;lt;dependency&amp;gt;
  &amp;lt;groupId&amp;gt;org.codehaus&amp;lt;/groupId&amp;gt;
  &amp;lt;artifactId&amp;gt;A&amp;lt;/artifactId&amp;gt;
  &amp;lt;version&amp;gt;1.0.0-20110705.132120-1&amp;lt;/version&amp;gt;
&amp;lt;/dependency&amp;gt;
&lt;/pre&gt;
&lt;/div&gt;&lt;/div&gt;

&lt;p&gt;We now call &lt;tt&gt;dependency:resolve&lt;/tt&gt; on each projects to resolve their dependencies from the repositories. As we can see in our local repository both versions are fetched and downloaded from their respective repository server. Unfortunately a last one wins conflict occurs. The project on which &lt;tt&gt;dependency:resolve&lt;/tt&gt; is called last wins the race. Maven typically copies the latest fetched snapshot version (even if it's locked!) to the default version. Let's have a look at the folder structure:&lt;/p&gt;

&lt;div class="code panel" style="border-width: 1px;"&gt;&lt;div class="codeHeader panelHeader" style="border-bottom-width: 1px;"&gt;&lt;b&gt;Folder listing of the artifact dependency A (repository/org/codehaus/A/)&lt;/b&gt;&lt;/div&gt;&lt;div class="codeContent panelContent"&gt;
&lt;pre class="code-java"&gt;
    maven-metadata-local.xml
    maven-metadata-opensaga.xml
    maven-metadata-opensaga.xml.sha1

    A-1.0.0-20110705.132120-1.jar
    A-1.0.0-20110705.132120-1.pom

    A-1.0.0-20110705.132520-2.jar
    A-1.0.0-20110705.132520-2.pom
 
    A-1.0.0-SNAPSHOT.jar (the last fetched snapshot version)
    A-1.0.0-SNAPSHOT.pom
&lt;/pre&gt;
&lt;/div&gt;&lt;/div&gt;

&lt;p&gt;The last version will be copied to the file &lt;tt&gt;A-1.0.0-SNAPSHOT.jar&lt;/tt&gt;. Maven references their dependencies to the file without the exactt timestamp/buildnumber. This fact make it impossible to develop the project B and C or even run them simultaneously, because only the last one wins.&lt;/p&gt;

&lt;p&gt;It would be mandatory to exactly reference the file with the timestamp of each project!&lt;/p&gt;

&lt;p&gt;What do you think on this issue? I submitted the project structure so you can easily reproduce this issue.&lt;/p&gt;</description>
                <environment />
        <key id="12795995">MNG-5129</key>
            <summary>Maven struggles while resolving locked snapshots by two or more simultaneously used projects.</summary>
                <type id="1" iconUrl="https://issues.apache.org/jira/secure/viewavatar?size=xsmall&amp;avatarId=21133&amp;avatarType=issuetype">Bug</type>
                                            <priority id="1" iconUrl="https://issues.apache.org/jira/images/icons/priorities/blocker.svg">Blocker</priority>
                        <status id="6" iconUrl="https://issues.apache.org/jira/images/icons/statuses/closed.png" description="The issue is considered finished, the resolution is correct. Issues which are not closed can be reopened.">Closed</status>
                    <statusCategory id="3" key="done" colorName="green" />
                                    <resolution id="4">Incomplete</resolution>
                                        <assignee username="-1">Unassigned</assignee>
                                    <reporter username="cklewes">Christopher Klewes</reporter>
                        <labels>
                    </labels>
                <created>Thu, 7 Jul 2011 09:02:45 +0000</created>
                <updated>Mon, 5 Mar 2018 20:36:53 +0000</updated>
                            <resolved>Wed, 22 Jan 2014 20:31:45 +0000</resolved>
                                    <version>3.0.3</version>
                                                    <component>Dependencies</component>
                        <due />
                            <votes>0</votes>
                                    <watches>3</watches>
                                                                <comments>
                            <comment id="14417268" author="bentmann" created="Mon, 25 Jul 2011 09:58:57 +0000">&lt;p&gt;You can set the system property &lt;tt&gt;aether.artifactResolver.snapshotNormalization=false&lt;/tt&gt; on the commandline or via MAVEN_OPTS, but whether all Maven plugins out there properly deal with this situation, is a different story. Good luck.&lt;/p&gt;</comment>
                            <comment id="14418565" author="jvanzyl" created="Wed, 22 Jan 2014 20:23:02 +0000">&lt;p&gt;Please refer to &lt;a href="https://cwiki.apache.org/confluence/display/MAVEN/The+Great+JIRA+Cleanup+of+2014" class="external-link" target="_blank" rel="nofollow noopener"&gt;https://cwiki.apache.org/confluence/display/MAVEN/The+Great+JIRA+Cleanup+of+2014&lt;/a&gt;&lt;/p&gt;</comment>
                            <comment id="14418934" author="jvanzyl" created="Wed, 22 Jan 2014 20:31:45 +0000">&lt;p&gt;Please refer to &lt;a href="https://cwiki.apache.org/confluence/display/MAVEN/The+Great+JIRA+Cleanup+of+2014" class="external-link" target="_blank" rel="nofollow noopener"&gt;https://cwiki.apache.org/confluence/display/MAVEN/The+Great+JIRA+Cleanup+of+2014&lt;/a&gt; if you're wondering why this issue was closed out.&lt;/p&gt;</comment>
                            <comment id="16386730" author="jglick@netbeans.org" created="Mon, 5 Mar 2018 20:36:53 +0000">&lt;p&gt;Sounds similar to&#160;&lt;a href="https://issues.apache.org/jira/browse/MNG-4189" title="Maven not picking up specific timestamped version dependency when a later timestamped version was downloaded and already present in the local repository" class="issue-link" data-issue-key="MNG-4189"&gt;&lt;del&gt;MNG-4189&lt;/del&gt;&lt;/a&gt;.&lt;/p&gt;</comment>
                    </comments>
                <issuelinks>
                            <issuelinktype id="10030">
                    <name>Reference</name>
                                            <outwardlinks description="relates to">
                                        <issuelink>
            <issuekey id="12795492">MNG-4189</issuekey>
        </issuelink>
                            </outwardlinks>
                                                        </issuelinktype>
                            <issuelinktype id="12310260">
                    <name>Related</name>
                                            <outwardlinks description="relates to">
                                        <issuelink>
            <issuekey id="12795957">MNG-5037</issuekey>
        </issuelink>
                            </outwardlinks>
                                                        </issuelinktype>
                    </issuelinks>
                <attachments>
                            <attachment id="12712743" name="maven-dependency-issue.zip" size="8089" author="cklewes" created="Thu, 7 Jul 2011 09:02:46 +0000" />
                    </attachments>
                <subtasks>
                    </subtasks>
                <customfields>
                                                                                                                                                                                                                                                                                                                                                                                                                                                                                                                                                                                                                                                                                                                    <customfield id="customfield_12314020" key="com.atlassian.jira.plugins.jira-development-integration-plugin:devsummary">
                        <customfieldname>Development</customfieldname>
                        <customfieldvalues>
                            
                        </customfieldvalues>
                    </customfield>
                                                                                                                        <customfield id="customfield_12313422" key="com.atlassian.jirafisheyeplugin:jobcheckbox">
                        <customfieldname>Enable Automatic Patch Review</customfieldname>
                        <customfieldvalues>
                            <customfieldvalue>false</customfieldvalue>

                        </customfieldvalues>
                    </customfield>
                                                                                                                                                                                                                                                                                                                                                                                                                                                                                                                                                                                                                    <customfield id="customfield_12310420" key="com.pyxis.greenhopper.jira:gh-global-rank">
                        <customfieldname>Global Rank</customfieldname>
                        <customfieldvalues>
                            <customfieldvalue>9223372036854775807</customfieldvalue>
                        </customfieldvalues>
                    </customfield>
                                                                                                                                                                                                                                                                                                                                                                                                                                                                        <customfield id="customfield_12311820" key="com.pyxis.greenhopper.jira:gh-lexo-rank">
                        <customfieldname>Rank</customfieldname>
                        <customfieldvalues>
                            <customfieldvalue>0|i28lgv:</customfieldvalue>

                        </customfieldvalues>
                    </customfield>
                                                                <customfield id="customfield_12310920" key="com.pyxis.greenhopper.jira:gh-global-rank">
                        <customfieldname>Rank (Obsolete)</customfieldname>
                        <customfieldvalues>
                            <customfieldvalue>9223372036854775807</customfieldvalue>
                        </customfieldvalues>
                    </customfield>
                                                                                                                                                                                                                                                                                                                                                                                                                                                                                                                                                                                                                                                                                                        <customfield id="customfield_12312220" key="com.atlassian.jira.plugin.system.customfieldtypes:radiobuttons">
                        <customfieldname>Testcase included</customfieldname>
                        <customfieldvalues>
                                <customfieldvalue key="11060">Yes</customfieldvalue>

                        </customfieldvalues>
                    </customfield>
                                                                                                                        </customfields>
    </item>


</channel>
</rss>