<rss version="0.92">
    <channel>
        <title>ASF JIRA</title>
        <link>https://issues.apache.org/jira/issues/?jql=project+%3D+MNG+and+type+%3D+bug+and+%28status+%3D+RESOLVED+or+status+%3D+closed%29</link>
        <description>An XML representation of a search request</description>
                <language>en-uk</language>
                        <issue start="0" end="1000" total="3303" />
                <build-info>
            <version>8.20.7</version>
            <build-number>820007</build-number>
            <build-date>16-03-2022</build-date>
        </build-info>

<item>
            <title>[MNG-5559] upgrade to last wagon 2.6</title>
                <link>https://issues.apache.org/jira/browse/MNG-5559</link>
                <project id="12316922" key="MNG">Maven</project>
                    <description>&lt;p&gt;Release Notes - Maven Wagon - Version 2.5&lt;/p&gt;

&lt;ul&gt;
	&lt;li&gt;
	&lt;ul&gt;
		&lt;li&gt;Bug&lt;/li&gt;
	&lt;/ul&gt;
	&lt;/li&gt;
	&lt;li&gt;&lt;a href="https://issues.apache.org/jira/browse/WAGON-381" title="Both Maven 2 and 3 fail to retrieve a &amp;lt;dependency&amp;gt; that is larger than Integer.MAX_VALUE" class="issue-link" data-issue-key="WAGON-381"&gt;&lt;del&gt;WAGON-381&lt;/del&gt;&lt;/a&gt; - Both Maven 2 and 3 fail to retrieve a &amp;lt;dependency&amp;gt; that is larger than Integer.MAX_VALUE&lt;/li&gt;
	&lt;li&gt;&lt;a href="https://issues.apache.org/jira/browse/WAGON-384" title="Maven fails to download artifacts larger than 2 GB" class="issue-link" data-issue-key="WAGON-384"&gt;&lt;del&gt;WAGON-384&lt;/del&gt;&lt;/a&gt; - Maven fails to download artifacts larger than 2 GB&lt;/li&gt;
	&lt;li&gt;&lt;a href="https://issues.apache.org/jira/browse/WAGON-394" title="upgrade commons-logging to 1.1.2" class="issue-link" data-issue-key="WAGON-394"&gt;&lt;del&gt;WAGON-394&lt;/del&gt;&lt;/a&gt; - upgrade commons-logging to 1.1.2&lt;/li&gt;
	&lt;li&gt;&lt;a href="https://issues.apache.org/jira/browse/WAGON-395" title="intermittent &amp;quot;ProtocolException: The server failed to respond with a valid HTTP response&amp;quot;" class="issue-link" data-issue-key="WAGON-395"&gt;&lt;del&gt;WAGON-395&lt;/del&gt;&lt;/a&gt; - intermittent "ProtocolException: The server failed to respond with a valid HTTP response"&lt;/li&gt;
	&lt;li&gt;&lt;a href="https://issues.apache.org/jira/browse/WAGON-399" title="Fix for SFTP on windows machine" class="issue-link" data-issue-key="WAGON-399"&gt;&lt;del&gt;WAGON-399&lt;/del&gt;&lt;/a&gt; - Fix for SFTP on windows machine&lt;/li&gt;
&lt;/ul&gt;


&lt;ul&gt;
	&lt;li&gt;
	&lt;ul&gt;
		&lt;li&gt;Improvement&lt;/li&gt;
	&lt;/ul&gt;
	&lt;/li&gt;
	&lt;li&gt;&lt;a href="https://issues.apache.org/jira/browse/WAGON-388" title="remove wagon-http-shared4 dependency on httpclient" class="issue-link" data-issue-key="WAGON-388"&gt;&lt;del&gt;WAGON-388&lt;/del&gt;&lt;/a&gt; - remove wagon-http-shared4 dependency on httpclient&lt;/li&gt;
&lt;/ul&gt;



&lt;p&gt;Release Notes - Maven Wagon - Version 2.6&lt;/p&gt;

&lt;ul&gt;
	&lt;li&gt;
	&lt;ul&gt;
		&lt;li&gt;Improvement&lt;/li&gt;
	&lt;/ul&gt;
	&lt;/li&gt;
	&lt;li&gt;&lt;a href="https://issues.apache.org/jira/browse/WAGON-401" title="Access Denied due to missing User-Agent" class="issue-link" data-issue-key="WAGON-401"&gt;&lt;del&gt;WAGON-401&lt;/del&gt;&lt;/a&gt; - Access Denied due to missing User-Agent&lt;/li&gt;
	&lt;li&gt;&lt;a href="https://issues.apache.org/jira/browse/WAGON-402" title="Upgrade Apache HttpClient based wagon provider to HttpClient 4.3" class="issue-link" data-issue-key="WAGON-402"&gt;&lt;del&gt;WAGON-402&lt;/del&gt;&lt;/a&gt; - Upgrade Apache HttpClient based wagon provider to HttpClient 4.3&lt;/li&gt;
	&lt;li&gt;&lt;a href="https://issues.apache.org/jira/browse/WAGON-403" title="SSH agent support for wagon-ssh" class="issue-link" data-issue-key="WAGON-403"&gt;&lt;del&gt;WAGON-403&lt;/del&gt;&lt;/a&gt; - SSH agent support for wagon-ssh&lt;/li&gt;
&lt;/ul&gt;
</description>
                <environment />
        <key id="12797240">MNG-5559</key>
            <summary>upgrade to last wagon 2.6</summary>
                <type id="1" iconUrl="https://issues.apache.org/jira/secure/viewavatar?size=xsmall&amp;avatarId=21133&amp;avatarType=issuetype">Bug</type>
                                            <priority id="3" iconUrl="https://issues.apache.org/jira/images/icons/priorities/major.svg">Major</priority>
                        <status id="6" iconUrl="https://issues.apache.org/jira/images/icons/statuses/closed.png" description="The issue is considered finished, the resolution is correct. Issues which are not closed can be reopened.">Closed</status>
                    <statusCategory id="3" key="done" colorName="green" />
                                    <resolution id="1">Fixed</resolution>
                                        <assignee username="olamy">Olivier Lamy</assignee>
                                    <reporter username="olamy">Olivier Lamy</reporter>
                        <labels>
                    </labels>
                <created>Thu, 9 Jan 2014 22:04:18 +0000</created>
                <updated>Sat, 28 Mar 2020 14:57:12 +0000</updated>
                            <resolved>Thu, 9 Jan 2014 22:34:29 +0000</resolved>
                                                    <fixVersion>3.2.1</fixVersion>
                                    <component>Dependencies</component>
                        <due />
                            <votes>0</votes>
                                    <watches>4</watches>
                                                                <comments>
                            <comment id="14418271" author="olamy" created="Thu, 9 Jan 2014 22:34:29 +0000">&lt;p&gt;fixed &lt;a href="https://git-wip-us.apache.org/repos/asf?p=maven.git;a=commit;h=60437a28" class="external-link" target="_blank" rel="nofollow noopener"&gt;https://git-wip-us.apache.org/repos/asf?p=maven.git;a=commit;h=60437a28&lt;/a&gt;&lt;/p&gt;</comment>
                            <comment id="14519587" author="wolfgangfahl" created="Wed, 29 Apr 2015 15:40:45 +0000">&lt;p&gt;Just had the same symptoms as this issue with mvn 3.3.1 on Mac OS 10.9.5 using macports. Downgrading to 3.0.5 fixed it.&lt;br/&gt;
The issue had been Discussed with Robert Scholte for a few month but there has been no resolution as of today.  The main problem is the hangup with no further message and no timeout.&lt;/p&gt;

&lt;p&gt;The first question would be how to debug this situation and get a&lt;br/&gt;
log file of what actually happens. Please note that the output of&lt;br/&gt;
the command line maven shows 718/717 Bytes ... (or the like) when it&lt;br/&gt;
hangs while in eclipse you only get "updating maven project 25%" ...&lt;br/&gt;
when it hangs.&lt;br/&gt;
The command line maven can be stopped with CTRL-C while the eclipse&lt;br/&gt;
process can only be forced to be killed  which is the really bad&lt;br/&gt;
thing.&lt;br/&gt;
It seems that there is not even a timeout configured. So the main issue&lt;br/&gt;
for me would be:&lt;/p&gt;

&lt;p&gt; 1. How to debug&lt;br/&gt;
 2. add a time out&lt;br/&gt;
 3. add an option to esc/break within eclipse&lt;br/&gt;
 4. fix the issue &lt;/p&gt;</comment>
                            <comment id="17069496" author="hudson" created="Sat, 28 Mar 2020 14:57:12 +0000">&lt;p&gt;Build failed in Jenkins: Maven TLP &#187; maven-studies &#187; maven-metrics #4&lt;/p&gt;

&lt;p&gt;See &lt;a href="https://builds.apache.org/job/maven-box/job/maven-studies/job/maven-metrics/4/" class="external-link" target="_blank" rel="nofollow noopener"&gt;https://builds.apache.org/job/maven-box/job/maven-studies/job/maven-metrics/4/&lt;/a&gt;&lt;/p&gt;</comment>
                    </comments>
                <issuelinks>
                            <issuelinktype id="12310260">
                    <name>Related</name>
                                            <outwardlinks description="relates to">
                                        <issuelink>
            <issuekey id="12796207">MNG-5467</issuekey>
        </issuelink>
            <issuelink>
            <issuekey id="12796322">MNG-5724</issuekey>
        </issuelink>
                            </outwardlinks>
                                                                <inwardlinks description="is related to">
                                        <issuelink>
            <issuekey id="12796188">MNG-5430</issuekey>
        </issuelink>
                            </inwardlinks>
                                    </issuelinktype>
                    </issuelinks>
                <attachments>
                    </attachments>
                <subtasks>
                    </subtasks>
                <customfields>
                                                                                                                                                                                                                                                                                                                                                                                                                                                                                                                                                                                                                                                                                                                    <customfield id="customfield_12314020" key="com.atlassian.jira.plugins.jira-development-integration-plugin:devsummary">
                        <customfieldname>Development</customfieldname>
                        <customfieldvalues>
                            
                        </customfieldvalues>
                    </customfield>
                                                                                                                        <customfield id="customfield_12313422" key="com.atlassian.jirafisheyeplugin:jobcheckbox">
                        <customfieldname>Enable Automatic Patch Review</customfieldname>
                        <customfieldvalues>
                            <customfieldvalue>false</customfieldvalue>

                        </customfieldvalues>
                    </customfield>
                                                                                                                                                                                                                                                                                                                                                                                                                                                                                                                                                                                                                    <customfield id="customfield_12310420" key="com.pyxis.greenhopper.jira:gh-global-rank">
                        <customfieldname>Global Rank</customfieldname>
                        <customfieldvalues>
                            <customfieldvalue>9223372036854775807</customfieldvalue>
                        </customfieldvalues>
                    </customfield>
                                                                                                                                                                                                                                                                                                                                                                                                                                                                        <customfield id="customfield_12311820" key="com.pyxis.greenhopper.jira:gh-lexo-rank">
                        <customfieldname>Rank</customfieldname>
                        <customfieldvalues>
                            <customfieldvalue>0|i28zsv:</customfieldvalue>

                        </customfieldvalues>
                    </customfield>
                                                                <customfield id="customfield_12310920" key="com.pyxis.greenhopper.jira:gh-global-rank">
                        <customfieldname>Rank (Obsolete)</customfieldname>
                        <customfieldvalues>
                            <customfieldvalue>9223372036854775807</customfieldvalue>
                        </customfieldvalues>
                    </customfield>
                                                                                                                                                                                                                                                                                                                                                                                                                                                                                                                                                                                                                                                                                                                                                                                            </customfields>
    </item>


</channel>
</rss>