<rss version="0.92">
    <channel>
        <title>ASF JIRA</title>
        <link>https://issues.apache.org/jira/issues/?jql=project+%3D+MNG+and+type+%3D+bug+and+%28status+%3D+RESOLVED+or+status+%3D+closed%29</link>
        <description>An XML representation of a search request</description>
                <language>en-uk</language>
                        <issue start="0" end="1000" total="3303" />
                <build-info>
            <version>8.20.7</version>
            <build-number>820007</build-number>
            <build-date>16-03-2022</build-date>
        </build-info>

<item>
            <title>[MNG-5791] slf4-api dissapears from classpath with 3.3.1</title>
                <link>https://issues.apache.org/jira/browse/MNG-5791</link>
                <project id="12316922" key="MNG">Maven</project>
                    <description>&lt;p&gt;I have a plugin where I fetch the classpath from the current thread's classloader: &lt;a href="https://github.com/gatling/gatling-maven/blob/gatling-maven-parent-2.1.2/gatling-maven-plugin/src/main/java/io/gatling/mojo/GatlingMojo.java#L256" class="external-link" target="_blank" rel="nofollow noopener"&gt;https://github.com/gatling/gatling-maven/blob/gatling-maven-parent-2.1.2/gatling-maven-plugin/src/main/java/io/gatling/mojo/GatlingMojo.java#L256&lt;/a&gt;&lt;/p&gt;

&lt;p&gt;slf4j-api is in the project's compile scope:&lt;br/&gt;
&lt;span class="error"&gt;&amp;#91;INFO&amp;#93;&lt;/span&gt; &amp;#8212; maven-dependency-plugin:2.8:tree (default-cli) @ gatling-sample21&lt;br/&gt;
...&lt;br/&gt;
&lt;span class="error"&gt;&amp;#91;INFO&amp;#93;&lt;/span&gt; |  |  +- org.slf4j:slf4j-api:jar:1.7.10:compile&lt;br/&gt;
...&lt;/p&gt;

&lt;p&gt;Until maven 3.2.5 included, the slf4j-api is indeed in the current thread's classloader:&lt;br/&gt;
uri=/Users/slandelle/.m2/repository/org/slf4j/slf4j-api/1.7.10/slf4j-api-1.7.10.jar&lt;/p&gt;

&lt;p&gt;But it's missing when running when 3.3.1. I checked that the parent Classloader is null. &lt;/p&gt;

&lt;p&gt;This happens ONLY with slf4j-api! All the other project dependencies jars are properly passed.&lt;/p&gt;

&lt;p&gt;Please advise.&lt;/p&gt;</description>
                <environment>OS X, Hotspot 1.7.0_75</environment>
        <key id="12796998">MNG-5791</key>
            <summary>slf4-api dissapears from classpath with 3.3.1</summary>
                <type id="1" iconUrl="https://issues.apache.org/jira/secure/viewavatar?size=xsmall&amp;avatarId=21133&amp;avatarType=issuetype">Bug</type>
                                            <priority id="3" iconUrl="https://issues.apache.org/jira/images/icons/priorities/major.svg">Major</priority>
                        <status id="6" iconUrl="https://issues.apache.org/jira/images/icons/statuses/closed.png" description="The issue is considered finished, the resolution is correct. Issues which are not closed can be reopened.">Closed</status>
                    <statusCategory id="3" key="done" colorName="green" />
                                    <resolution id="8">Not A Problem</resolution>
                                        <assignee username="-1">Unassigned</assignee>
                                    <reporter username="slandelle">St&#233;phane Landelle</reporter>
                        <labels>
                    </labels>
                <created>Mon, 23 Mar 2015 04:02:56 +0000</created>
                <updated>Mon, 11 Jan 2016 10:37:04 +0000</updated>
                            <resolved>Mon, 23 Mar 2015 05:47:12 +0000</resolved>
                                    <version>3.3.1</version>
                                                    <component>Class Loading</component>
                        <due />
                            <votes>0</votes>
                                    <watches>4</watches>
                                                                <comments>
                            <comment id="14420196" author="slandelle" created="Mon, 23 Mar 2015 05:47:12 +0000">&lt;p&gt;I understand that this change was intended in maven 3.3 (yet not apparent in changelog) and I have to use the injected plugin.artifacts.&lt;/p&gt;

&lt;p&gt;Sorry for the noise.&lt;/p&gt;</comment>
                            <comment id="14420176" author="jvanzyl" created="Mon, 23 Mar 2015 07:28:32 +0000">&lt;p&gt;Yes, in process you can use the thread context classloader but while forking you want to use plugin.artifacts to create the classpath. I have a few blog entries left to write to I'll include one about this change.&lt;/p&gt;</comment>
                            <comment id="15091752" author="kdrifi" created="Mon, 11 Jan 2016 10:37:04 +0000">&lt;p&gt;Hello, I have the exact same issue but I don't understand how to deal with it. how can I use the plugin.artifact to create the classpath ? Can you show me a code example that replace "Thread.currentThread().getContextClassLoader();"&lt;/p&gt;

&lt;p&gt;Sincerely yours,&lt;/p&gt;

&lt;p&gt;Karim Drifi.&lt;/p&gt;</comment>
                    </comments>
                    <attachments>
                    </attachments>
                <subtasks>
                    </subtasks>
                <customfields>
                                                                                                                                                                                                                                                                                                                                                                                                                                                                                                                                                                                                                                                                                                                    <customfield id="customfield_12314020" key="com.atlassian.jira.plugins.jira-development-integration-plugin:devsummary">
                        <customfieldname>Development</customfieldname>
                        <customfieldvalues>
                            
                        </customfieldvalues>
                    </customfield>
                                                                                                                        <customfield id="customfield_12313422" key="com.atlassian.jirafisheyeplugin:jobcheckbox">
                        <customfieldname>Enable Automatic Patch Review</customfieldname>
                        <customfieldvalues>
                            <customfieldvalue>false</customfieldvalue>

                        </customfieldvalues>
                    </customfield>
                                                                                                                                                                                                                                                                                                                                                                                                                                                                                                                                                                                                                    <customfield id="customfield_12310420" key="com.pyxis.greenhopper.jira:gh-global-rank">
                        <customfieldname>Global Rank</customfieldname>
                        <customfieldvalues>
                            <customfieldvalue>9223372036854775807</customfieldvalue>
                        </customfieldvalues>
                    </customfield>
                                                                                                                                                                                                                                                                                                                                                                                                                                                                        <customfield id="customfield_12311820" key="com.pyxis.greenhopper.jira:gh-lexo-rank">
                        <customfieldname>Rank</customfieldname>
                        <customfieldvalues>
                            <customfieldvalue>0|i2944v:</customfieldvalue>

                        </customfieldvalues>
                    </customfield>
                                                                <customfield id="customfield_12310920" key="com.pyxis.greenhopper.jira:gh-global-rank">
                        <customfieldname>Rank (Obsolete)</customfieldname>
                        <customfieldvalues>
                            <customfieldvalue>9223372036854775807</customfieldvalue>
                        </customfieldvalues>
                    </customfield>
                                                                                                                                                                                                                                                                                                                                                                                                                                                                                                                                                                                                                                                                                                                                                                                            </customfields>
    </item>


</channel>
</rss>