<rss version="0.92">
    <channel>
        <title>ASF JIRA</title>
        <link>https://issues.apache.org/jira/issues/?jql=project+%3D+MNG+and+type+%3D+bug+and+%28status+%3D+RESOLVED+or+status+%3D+closed%29</link>
        <description>An XML representation of a search request</description>
                <language>en-uk</language>
                        <issue start="0" end="1000" total="3303" />
                <build-info>
            <version>8.20.7</version>
            <build-number>820007</build-number>
            <build-date>16-03-2022</build-date>
        </build-info>

<item>
            <title>[MNG-5850] Error reading signed content and/or downloading org.eclipse.emf.mwe2.lib</title>
                <link>https://issues.apache.org/jira/browse/MNG-5850</link>
                <project id="12316922" key="MNG">Maven</project>
                    <description>&lt;p&gt;Trying to install a project into my local repo, when I run "mvn clean install" I get this error. The error message included a url which told me to make a bug report. &lt;/p&gt;

&lt;p&gt;Not sure how to re-create, bit of a newbie when it comes to maven. &lt;/p&gt;

&lt;p&gt;debug log is attached. &lt;/p&gt;</description>
                <environment>Apache Maven 3.0.5&lt;br/&gt;
Maven home: /usr/share/maven&lt;br/&gt;
Java version: 1.7.0_79, vendor: Oracle Corporation&lt;br/&gt;
Java home: /usr/lib/jvm/java-7-openjdk-amd64/jre&lt;br/&gt;
Default locale: en_US, platform encoding: UTF-8&lt;br/&gt;
OS name: &amp;quot;linux&amp;quot;, version: &amp;quot;3.16.0-41-generic&amp;quot;, arch: &amp;quot;amd64&amp;quot;, family: &amp;quot;unix&amp;quot;&lt;br/&gt;
</environment>
        <key id="12841834">MNG-5850</key>
            <summary>Error reading signed content and/or downloading org.eclipse.emf.mwe2.lib</summary>
                <type id="1" iconUrl="https://issues.apache.org/jira/secure/viewavatar?size=xsmall&amp;avatarId=21133&amp;avatarType=issuetype">Bug</type>
                                            <priority id="3" iconUrl="https://issues.apache.org/jira/images/icons/priorities/major.svg">Major</priority>
                        <status id="6" iconUrl="https://issues.apache.org/jira/images/icons/statuses/closed.png" description="The issue is considered finished, the resolution is correct. Issues which are not closed can be reopened.">Closed</status>
                    <statusCategory id="3" key="done" colorName="green" />
                                    <resolution id="8">Not A Problem</resolution>
                                        <assignee username="rfscholte">Robert Scholte</assignee>
                                    <reporter username="inondle">Quentin Fulsher</reporter>
                        <labels>
                            <label>maven</label>
                            <label>newbie</label>
                    </labels>
                <created>Tue, 30 Jun 2015 22:53:05 +0000</created>
                <updated>Wed, 1 Jul 2015 19:12:00 +0000</updated>
                            <resolved>Wed, 1 Jul 2015 19:12:00 +0000</resolved>
                                    <version>3.0.5</version>
                                                    <component>Artifacts and Repositories</component>
                        <due />
                            <votes>0</votes>
                                    <watches>3</watches>
                                                                <comments>
                            <comment id="14609211" author="inondle" created="Tue, 30 Jun 2015 22:53:55 +0000">&lt;p&gt;Debug log &lt;/p&gt;</comment>
                            <comment id="14610846" author="rfscholte" created="Wed, 1 Jul 2015 19:12:00 +0000">&lt;p&gt;Hi,&lt;/p&gt;

&lt;p&gt;it is not always Maven to blame &lt;img class="emoticon" src="https://issues.apache.org/jira/images/icons/emoticons/smile.png" height="16" width="16" align="absmiddle" alt="" border="0"/&gt; Here's my short analysis&lt;/p&gt;
&lt;div class="preformatted panel" style="border-width: 1px;"&gt;&lt;div class="preformattedContent panelContent"&gt;
&lt;pre&gt;Caused by: java.lang.RuntimeException: "Messages while trying children repositories.": ["Messages while trying children repositories.": ["Messages while trying children repositories.": ["Messages while trying children repositories.": ["": ["Problems downloading artifact: osgi.bundle,org.eclipse.emf.mwe.utils,1.3.10.v201505260335.": ["Error reading signed content:/tmp/signatureFile5214740055388879660.jar"], "Problems downloading artifact: osgi.bundle,org.eclipse.emf.mwe2.runtime,2.8.0.v201505260335.": ["Error reading signed content:/tmp/signatureFile4234960846843895326.jar"], "Problems downloading artifact: osgi.bundle,org.eclipse.emf.mwe.core,1.3.10.v201505260335.": ["Error reading signed content:/tmp/signatureFile7105416199933147862.jar"], "Problems downloading artifact: osgi.bundle,org.eclipse.emf.mwe2.lib,2.8.0.v201505260335.": ["Error reading signed content:/tmp/signatureFile2510184204164096763.jar"]]]]]]
	at org.eclipse.tycho.p2.target.P2ArtifactDownloadTool.downloadArtifactsToLocalMavenRepository(P2ArtifactDownloadTool.java:59)
	at org.eclipse.tycho.p2.target.TargetPlatformImpl.downloadArtifacts(TargetPlatformImpl.java:199)
	at org.eclipse.tycho.p2.impl.resolver.P2ResolverImpl.resolveProject(P2ResolverImpl.java:124)
	at org.eclipse.tycho.p2.impl.resolver.P2ResolverImpl.resolveProject(P2ResolverImpl.java:76)
	at org.eclipse.tycho.p2.resolver.P2TargetPlatformResolver.doResolvePlatform(P2TargetPlatformResolver.java:448)
	at org.eclipse.tycho.p2.resolver.P2TargetPlatformResolver.resolveDependencies(P2TargetPlatformResolver.java:425)
	at org.eclipse.tycho.core.resolver.DefaultTychoDependencyResolver.resolveProject(DefaultTychoDependencyResolver.java:98)
	at org.eclipse.tycho.core.maven.TychoMavenLifecycleParticipant.afterProjectsRead(TychoMavenLifecycleParticipant.java:64)
	at org.apache.maven.DefaultMaven.doExecute(DefaultMaven.java:274)
	at org.apache.maven.DefaultMaven.execute(DefaultMaven.java:156)
	... 11 more
[ERROR] 
&lt;/pre&gt;
&lt;/div&gt;&lt;/div&gt;
&lt;p&gt;So the root cause starts with classes of the &lt;tt&gt;org.eclipse.tycho.p2&lt;/tt&gt; package, where in the end &lt;tt&gt;org.eclipse.tycho.p2.target.P2ArtifactDownloadTool.downloadArtifactsToLocalMavenRepository&lt;/tt&gt; causes a &lt;tt&gt;RuntimeException&lt;/tt&gt;. So you should contact that project and try to figure out what's happening here.&lt;/p&gt;</comment>
                    </comments>
                    <attachments>
                            <attachment id="12742964" name="debug.log" size="54754" author="inondle" created="Tue, 30 Jun 2015 22:53:55 +0000" />
                    </attachments>
                <subtasks>
                    </subtasks>
                <customfields>
                                                                                                                                                                                                                                                                                                                                                                                                                                                                                                                                                                                                                                                                                                                    <customfield id="customfield_12314020" key="com.atlassian.jira.plugins.jira-development-integration-plugin:devsummary">
                        <customfieldname>Development</customfieldname>
                        <customfieldvalues>
                            
                        </customfieldvalues>
                    </customfield>
                                                                                                                        <customfield id="customfield_12313422" key="com.atlassian.jirafisheyeplugin:jobcheckbox">
                        <customfieldname>Enable Automatic Patch Review</customfieldname>
                        <customfieldvalues>
                            <customfieldvalue>false</customfieldvalue>

                        </customfieldvalues>
                    </customfield>
                                                                                                                                                                                                                                                                                                                                                                                                                                                                                                                                                                                                                    <customfield id="customfield_12310420" key="com.pyxis.greenhopper.jira:gh-global-rank">
                        <customfieldname>Global Rank</customfieldname>
                        <customfieldvalues>
                            <customfieldvalue>9223372036854775807</customfieldvalue>
                        </customfieldvalues>
                    </customfield>
                                                                                                                                                                                                                                                                                                                                                                                                                                                                        <customfield id="customfield_12311820" key="com.pyxis.greenhopper.jira:gh-lexo-rank">
                        <customfieldname>Rank</customfieldname>
                        <customfieldvalues>
                            <customfieldvalue>0|i2gpmf:</customfieldvalue>

                        </customfieldvalues>
                    </customfield>
                                                                <customfield id="customfield_12310920" key="com.pyxis.greenhopper.jira:gh-global-rank">
                        <customfieldname>Rank (Obsolete)</customfieldname>
                        <customfieldvalues>
                            <customfieldvalue>9223372036854775807</customfieldvalue>
                        </customfieldvalues>
                    </customfield>
                                                                                                                                                                                                                                                                                                                                                                                                                                                                                                                                                                                                                                                                                                                                                                                            </customfields>
    </item>


</channel>
</rss>