<rss version="0.92">
    <channel>
        <title>ASF JIRA</title>
        <link>https://issues.apache.org/jira/issues/?jql=project+%3D+MNG+and+type+%3D+bug+and+%28status+%3D+RESOLVED+or+status+%3D+closed%29</link>
        <description>An XML representation of a search request</description>
                <language>en-uk</language>
                        <issue start="0" end="1000" total="3303" />
                <build-info>
            <version>8.20.7</version>
            <build-number>820007</build-number>
            <build-date>16-03-2022</build-date>
        </build-info>

<item>
            <title>[MNG-5456] Maven skips modules and reports success if parallel build encounters java.lang.Error</title>
                <link>https://issues.apache.org/jira/browse/MNG-5456</link>
                <project id="12316922" key="MNG">Maven</project>
                    <description>&lt;p&gt;If Mojo throws instance of java.lang.Error during the parallel build (for example, OutOfMemoryError), Maven marks module as "SKIPPED", skips the rest of the modules and reports "BUILD SUCCESSFUL". This is very confusing and dangerous behavior.&lt;/p&gt;

&lt;p&gt;The root cause is that exception coming from executor service is swallowed at line 133 in the org.apache.maven.lifecycle.internal.LifecycleThreadedBuilder.&lt;/p&gt;

&lt;p&gt;Note that this only happens if parallel build is enabled.&lt;/p&gt;</description>
                <environment />
        <key id="12796201">MNG-5456</key>
            <summary>Maven skips modules and reports success if parallel build encounters java.lang.Error</summary>
                <type id="1" iconUrl="https://issues.apache.org/jira/secure/viewavatar?size=xsmall&amp;avatarId=21133&amp;avatarType=issuetype">Bug</type>
                                            <priority id="2" iconUrl="https://issues.apache.org/jira/images/icons/priorities/critical.svg">Critical</priority>
                        <status id="6" iconUrl="https://issues.apache.org/jira/images/icons/statuses/closed.png" description="The issue is considered finished, the resolution is correct. Issues which are not closed can be reopened.">Closed</status>
                    <statusCategory id="3" key="done" colorName="green" />
                                    <resolution id="1">Fixed</resolution>
                                        <assignee username="krosenvold">Kristian Rosenvold</assignee>
                                    <reporter username="wfrag">Ivan Dubrov</reporter>
                        <labels>
                    </labels>
                <created>Thu, 28 Mar 2013 20:45:39 +0000</created>
                <updated>Sat, 30 Mar 2013 01:09:21 +0000</updated>
                            <resolved>Sat, 30 Mar 2013 01:09:21 +0000</resolved>
                                                    <fixVersion>3.1.0-alpha-1</fixVersion>
                                    <component>Bootstrap &amp;amp; Build</component>
                        <due />
                            <votes>0</votes>
                                    <watches>3</watches>
                                                                <comments>
                            <comment id="14418084" author="krosenvold" created="Sat, 30 Mar 2013 01:09:21 +0000">&lt;p&gt;Fixed in 973673721b138e8dde68997fe198dff1417c2299, thanks for the excellent bug report!&lt;/p&gt;</comment>
                    </comments>
                    <attachments>
                    </attachments>
                <subtasks>
                    </subtasks>
                <customfields>
                                                                                                                                                                                                                                                                                                                                                                                                                                                                                                                                                                                                                                                                                                                    <customfield id="customfield_12314020" key="com.atlassian.jira.plugins.jira-development-integration-plugin:devsummary">
                        <customfieldname>Development</customfieldname>
                        <customfieldvalues>
                            
                        </customfieldvalues>
                    </customfield>
                                                                                                                        <customfield id="customfield_12313422" key="com.atlassian.jirafisheyeplugin:jobcheckbox">
                        <customfieldname>Enable Automatic Patch Review</customfieldname>
                        <customfieldvalues>
                            <customfieldvalue>false</customfieldvalue>

                        </customfieldvalues>
                    </customfield>
                                                                                                                                                                                                                                                                                                                                                                                                                                                                                                                                                                                                                    <customfield id="customfield_12310420" key="com.pyxis.greenhopper.jira:gh-global-rank">
                        <customfieldname>Global Rank</customfieldname>
                        <customfieldvalues>
                            <customfieldvalue>9223372036854775807</customfieldvalue>
                        </customfieldvalues>
                    </customfield>
                                                                                                                                                                                                                                                                                                                                                                                                                                                                        <customfield id="customfield_12311820" key="com.pyxis.greenhopper.jira:gh-lexo-rank">
                        <customfieldname>Rank</customfieldname>
                        <customfieldvalues>
                            <customfieldvalue>0|i29adz:</customfieldvalue>

                        </customfieldvalues>
                    </customfield>
                                                                <customfield id="customfield_12310920" key="com.pyxis.greenhopper.jira:gh-global-rank">
                        <customfieldname>Rank (Obsolete)</customfieldname>
                        <customfieldvalues>
                            <customfieldvalue>9223372036854775807</customfieldvalue>
                        </customfieldvalues>
                    </customfield>
                                                                                                                                                                                                                                                                                                                                                                                                                                                                                                                                                                                                                                                                                                                                                                                            </customfields>
    </item>


</channel>
</rss>