<rss version="0.92">
    <channel>
        <title>ASF JIRA</title>
        <link>https://issues.apache.org/jira/issues/?jql=project+%3D+MNG+and+type+%3D+bug+and+%28status+%3D+RESOLVED+or+status+%3D+closed%29</link>
        <description>An XML representation of a search request</description>
                <language>en-uk</language>
                        <issue start="0" end="1000" total="3303" />
                <build-info>
            <version>8.20.7</version>
            <build-number>820007</build-number>
            <build-date>16-03-2022</build-date>
        </build-info>

<item>
            <title>[MNG-5509] org.apache.maven.repository.legacy.DefaultWagonManager should set User-Agent</title>
                <link>https://issues.apache.org/jira/browse/MNG-5509</link>
                <project id="12316922" key="MNG">Maven</project>
                    <description>&lt;p&gt;When Maven is directly using Wagon it is missing the User-Agent. Aether's &lt;tt&gt;org.eclipse.aether.connector.wagon.WagonRepositoryConnector&lt;/tt&gt; has a trick to set the User Agent, the &lt;tt&gt;DefaultWagonManager&lt;/tt&gt; should do the same thing.&lt;/p&gt;

&lt;p&gt;This is causing recently access deny from Central repository:&lt;/p&gt;
&lt;div class="preformatted panel" style="border-width: 1px;"&gt;&lt;div class="preformattedContent panelContent"&gt;
&lt;pre&gt;org.apache.maven.wagon.TransferFailedException: Authorization failed: Access denied to: http://repo.maven.apache.org/maven2/... , ReasonPhrase:Denied Access.&lt;/pre&gt;
&lt;/div&gt;&lt;/div&gt;

&lt;p&gt;see &lt;a href="http://mail-archives.apache.org/mod_mbox/maven-dev/201308.mbox/%3CCAJZRQKy4-_kPSXg9eKaeReJWzJvTd%3DxP-MPqoa9qgaqEEcyj1g%40mail.gmail.com%3E" class="external-link" target="_blank" rel="nofollow noopener"&gt;discussion on dev ml&lt;/a&gt; for more details&lt;/p&gt;</description>
                <environment />
        <key id="12797480">MNG-5509</key>
            <summary>org.apache.maven.repository.legacy.DefaultWagonManager should set User-Agent</summary>
                <type id="1" iconUrl="https://issues.apache.org/jira/secure/viewavatar?size=xsmall&amp;avatarId=21133&amp;avatarType=issuetype">Bug</type>
                                            <priority id="2" iconUrl="https://issues.apache.org/jira/images/icons/priorities/critical.svg">Critical</priority>
                        <status id="6" iconUrl="https://issues.apache.org/jira/images/icons/statuses/closed.png" description="The issue is considered finished, the resolution is correct. Issues which are not closed can be reopened.">Closed</status>
                    <statusCategory id="3" key="done" colorName="green" />
                                    <resolution id="1">Fixed</resolution>
                                        <assignee username="rfscholte">Robert Scholte</assignee>
                                    <reporter username="rfscholte">Robert Scholte</reporter>
                        <labels>
                    </labels>
                <created>Sat, 31 Aug 2013 14:46:08 +0000</created>
                <updated>Sat, 28 Mar 2020 14:56:56 +0000</updated>
                            <resolved>Sat, 31 Aug 2013 16:37:27 +0000</resolved>
                                    <version>3.0.4</version>
                    <version>3.0.5</version>
                    <version>3.1.0-alpha-1</version>
                    <version>3.1.0</version>
                                    <fixVersion>3.1.1</fixVersion>
                                    <component>Artifacts and Repositories</component>
                        <due />
                            <votes>0</votes>
                                    <watches>4</watches>
                                                                <comments>
                            <comment id="14418243" author="rfscholte" created="Sat, 31 Aug 2013 16:37:27 +0000">&lt;p&gt;Fixed in &lt;a href="http://git-wip-us.apache.org/repos/asf/maven/commit/c9950d77" class="external-link" target="_blank" rel="nofollow noopener"&gt;c9950d77&lt;/a&gt;&lt;br/&gt;
Confirmed with maven-eclipse-plugin-test-project-13&lt;/p&gt;</comment>
                            <comment id="14418302" author="hboutemy" created="Sat, 31 Aug 2013 16:41:06 +0000">&lt;p&gt;confirmed with maven-doap-plugin &lt;a href="https://issues.apache.org/jira/browse/MDOAP-38" title="&amp;lt;shortdesc&amp;gt; too long value provide better error message" class="issue-link" data-issue-key="MDOAP-38"&gt;&lt;del&gt;MDOAP-38&lt;/del&gt;&lt;/a&gt;, doapfile, basic and minimal ITs&lt;/p&gt;</comment>
                            <comment id="14418164" author="hboutemy" created="Sat, 31 Aug 2013 17:08:10 +0000">&lt;p&gt;maven-doap-plugin ITs deactivated for affected maven versions in &lt;a href="http://svn.apache.org/r1519232" class="external-link" target="_blank" rel="nofollow noopener"&gt;r1519232&lt;/a&gt;&lt;/p&gt;</comment>
                            <comment id="14418224" author="rfscholte" created="Sun, 1 Sep 2013 04:41:13 +0000">&lt;p&gt;maven-eclipse-plugin ITs deactivated for affected Maven versions in &lt;a href="http://svn.apache.org/r1519255" class="external-link" target="_blank" rel="nofollow noopener"&gt;r1519255&lt;/a&gt;&lt;/p&gt;</comment>
                            <comment id="17069482" author="hudson" created="Sat, 28 Mar 2020 14:56:56 +0000">&lt;p&gt;Build failed in Jenkins: Maven TLP &#187; maven-studies &#187; maven-metrics #4&lt;/p&gt;

&lt;p&gt;See &lt;a href="https://builds.apache.org/job/maven-box/job/maven-studies/job/maven-metrics/4/" class="external-link" target="_blank" rel="nofollow noopener"&gt;https://builds.apache.org/job/maven-box/job/maven-studies/job/maven-metrics/4/&lt;/a&gt;&lt;/p&gt;</comment>
                    </comments>
                <issuelinks>
                            <issuelinktype id="12310260">
                    <name>Related</name>
                                            <outwardlinks description="relates to">
                                        <issuelink>
            <issuekey id="12811021">WAGON-401</issuekey>
        </issuelink>
                            </outwardlinks>
                                                                <inwardlinks description="is related to">
                                        <issuelink>
            <issuekey id="12797110">MNG-5175</issuekey>
        </issuelink>
                            </inwardlinks>
                                    </issuelinktype>
                    </issuelinks>
                <attachments>
                    </attachments>
                <subtasks>
                    </subtasks>
                <customfields>
                                                                                                                                                                                                                                                                                                                                                                                                                                                                                                                                                                                                                                                                                                                    <customfield id="customfield_12314020" key="com.atlassian.jira.plugins.jira-development-integration-plugin:devsummary">
                        <customfieldname>Development</customfieldname>
                        <customfieldvalues>
                            
                        </customfieldvalues>
                    </customfield>
                                                                                                                        <customfield id="customfield_12313422" key="com.atlassian.jirafisheyeplugin:jobcheckbox">
                        <customfieldname>Enable Automatic Patch Review</customfieldname>
                        <customfieldvalues>
                            <customfieldvalue>false</customfieldvalue>

                        </customfieldvalues>
                    </customfield>
                                                                                                                                                                                                                                                                                                                                                                                                                                                                                                                                                                                                                    <customfield id="customfield_12310420" key="com.pyxis.greenhopper.jira:gh-global-rank">
                        <customfieldname>Global Rank</customfieldname>
                        <customfieldvalues>
                            <customfieldvalue>9223372036854775807</customfieldvalue>
                        </customfieldvalues>
                    </customfield>
                                                                                                                                                                                                                                                                                                                                                                                                                                                                        <customfield id="customfield_12311820" key="com.pyxis.greenhopper.jira:gh-lexo-rank">
                        <customfieldname>Rank</customfieldname>
                        <customfieldvalues>
                            <customfieldvalue>0|i28z13:</customfieldvalue>

                        </customfieldvalues>
                    </customfield>
                                                                <customfield id="customfield_12310920" key="com.pyxis.greenhopper.jira:gh-global-rank">
                        <customfieldname>Rank (Obsolete)</customfieldname>
                        <customfieldvalues>
                            <customfieldvalue>9223372036854775807</customfieldvalue>
                        </customfieldvalues>
                    </customfield>
                                                                                                                                                                                                                                                                                                                                                                                                                                                                                                                                                                                                                                                                                                                                                                                            </customfields>
    </item>


</channel>
</rss>