<rss version="0.92">
    <channel>
        <title>ASF JIRA</title>
        <link>https://issues.apache.org/jira/issues/?jql=project+%3D+MNG+and+type+%3D+bug+and+%28status+%3D+RESOLVED+or+status+%3D+closed%29</link>
        <description>An XML representation of a search request</description>
                <language>en-uk</language>
                        <issue start="0" end="1000" total="3303" />
                <build-info>
            <version>8.20.7</version>
            <build-number>820007</build-number>
            <build-date>16-03-2022</build-date>
        </build-info>

<item>
            <title>[MNG-5804] mvn.bat does not work in root directory on Windows</title>
                <link>https://issues.apache.org/jira/browse/MNG-5804</link>
                <project id="12316922" key="MNG">Maven</project>
                    <description>&lt;p&gt;On Windows the new `mvn.cmd` script does not work if the current working directory is the root dir of a drive. In that case it will initialize  `%MAVEN_PROJECTBASEDIR%` with a trailing `\` and that will break the java command line as it escapes the following quote of `"-Dmaven.multiModuleProjectDirectory=%MAVEN_PROJECTBASEDIR%"`.&lt;/p&gt;

&lt;p&gt;It works on 3.2.1 and fails with 3.3.1:&lt;/p&gt;

&lt;div class="code panel" style="border-width: 1px;"&gt;&lt;div class="codeContent panelContent"&gt;
&lt;pre class="code-java"&gt;c:\&amp;gt; cd /d C:\
c:\&amp;gt;c:\devenv\apache-maven-3.2.1\bin\mvn --version
Apache Maven 3.2.1 (ea8b2b07643dbb1b84b6d16e1f08391b666bc1e9; 2014-02-14T18:37:52+01:00)
Maven home: c:\devenv\apache-maven-3.2.1\bin\..
...
c:\&amp;gt;c:\devenv\apache-maven-3.3.1\bin\mvn --version
Usage: java [-options] class [args...]
...
&lt;/pre&gt;
&lt;/div&gt;&lt;/div&gt;</description>
                <environment>Win7 x64 german</environment>
        <key id="12821990">MNG-5804</key>
            <summary>mvn.bat does not work in root directory on Windows</summary>
                <type id="1" iconUrl="https://issues.apache.org/jira/secure/viewavatar?size=xsmall&amp;avatarId=21133&amp;avatarType=issuetype">Bug</type>
                                            <priority id="4" iconUrl="https://issues.apache.org/jira/images/icons/priorities/minor.svg">Minor</priority>
                        <status id="6" iconUrl="https://issues.apache.org/jira/images/icons/statuses/closed.png" description="The issue is considered finished, the resolution is correct. Issues which are not closed can be reopened.">Closed</status>
                    <statusCategory id="3" key="done" colorName="green" />
                                    <resolution id="3">Duplicate</resolution>
                                        <assignee username="rfscholte">Robert Scholte</assignee>
                                    <reporter username="b.eckenfels">Bernd Eckenfels</reporter>
                        <labels>
                            <label>windows,</label>
                    </labels>
                <created>Fri, 17 Apr 2015 20:37:31 +0000</created>
                <updated>Sat, 4 Jul 2015 15:53:46 +0000</updated>
                            <resolved>Mon, 27 Apr 2015 13:03:48 +0000</resolved>
                                    <version>3.3.1</version>
                                                    <component>Command Line</component>
                        <due />
                            <votes>1</votes>
                                    <watches>4</watches>
                                                                <comments>
                            <comment id="14613821" author="technext" created="Sat, 4 Jul 2015 13:20:15 +0000">&lt;p&gt;I downloaded apache-maven-3.3.3 today and after setting JAVA_HOME, MAVEN_HOME and Path, when i tried mvn -v in d:\git\ dir,&lt;/p&gt;

&lt;p&gt;d:\git&amp;gt;mvn -v&lt;br/&gt;
Apache Maven 3.3.3 (7994120775791599e205a5524ec3e0dfe41d4a06; 2015-04-22T17:27:37+05:30)&lt;br/&gt;
Maven home: C:\apache-maven-3.3.3\bin\..&lt;br/&gt;
Java version: 1.7.0_67, vendor: Oracle Corporation&lt;br/&gt;
Java home: C:\Program Files\Java\jdk1.7.0_67\jre&lt;br/&gt;
Default locale: en_IN, platform encoding: Cp1252&lt;br/&gt;
OS name: "windows 7", version: "6.1", arch: "amd64", family: "windows"&lt;/p&gt;

&lt;p&gt;However, if i try running the same command in d:\ instead, i get usage hint,&lt;/p&gt;

&lt;p&gt;d:\git&amp;gt;cd\&lt;/p&gt;

&lt;p&gt;d:\&amp;gt;mvn -v&lt;br/&gt;
Usage: java &lt;span class="error"&gt;&amp;#91;-options&amp;#93;&lt;/span&gt; class &lt;span class="error"&gt;&amp;#91;args...&amp;#93;&lt;/span&gt;&lt;br/&gt;
           (to execute a class)&lt;br/&gt;
   or  java &lt;span class="error"&gt;&amp;#91;-options&amp;#93;&lt;/span&gt; -jar jarfile &lt;span class="error"&gt;&amp;#91;args...&amp;#93;&lt;/span&gt;&lt;br/&gt;
           (to execute a jar file)&lt;/p&gt;
</comment>
                            <comment id="14613856" author="rfscholte" created="Sat, 4 Jul 2015 14:27:03 +0000">&lt;p&gt;&lt;a href="https://issues.apache.org/jira/secure/ViewProfile.jspa?name=Technext" class="user-hover" rel="Technext"&gt;Technext&lt;/a&gt;, this is the duplicate of &lt;a href="https://issues.apache.org/jira/browse/MNG-5796" title="mvn fails when the current directory is a root drive on Windows" class="issue-link" data-issue-key="MNG-5796"&gt;&lt;del&gt;MNG-5796&lt;/del&gt;&lt;/a&gt;, which is marked as fixed for Maven-3.3.4&lt;/p&gt;</comment>
                            <comment id="14613909" author="technext" created="Sat, 4 Jul 2015 15:25:30 +0000">&lt;p&gt;Ok, thanks for letting me know. I see that the latest available release is showing as 3.3.3. When can we expect the 3.3.4 version?&lt;/p&gt;</comment>
                            <comment id="14613924" author="rfscholte" created="Sat, 4 Jul 2015 15:53:46 +0000">&lt;p&gt;There's no date yet. Subscribe to the &lt;a href="http://maven.apache.org/mail-lists.html" class="external-link" target="_blank" rel="nofollow noopener"&gt;announcement list&lt;/a&gt; and you'll be one of the first to know.&lt;/p&gt;</comment>
                    </comments>
                <issuelinks>
                            <issuelinktype id="12310000">
                    <name>Duplicate</name>
                                            <outwardlinks description="duplicates">
                                        <issuelink>
            <issuekey id="12796401">MNG-5796</issuekey>
        </issuelink>
                            </outwardlinks>
                                                                <inwardlinks description="is duplicated by">
                                        <issuelink>
            <issuekey id="12821798">MNG-5802</issuekey>
        </issuelink>
                            </inwardlinks>
                                    </issuelinktype>
                    </issuelinks>
                <attachments>
                    </attachments>
                <subtasks>
                    </subtasks>
                <customfields>
                                                                                                                                                                                                                                                                                                                                                                                                                                                                                                                                                                                                                                                                                                                    <customfield id="customfield_12314020" key="com.atlassian.jira.plugins.jira-development-integration-plugin:devsummary">
                        <customfieldname>Development</customfieldname>
                        <customfieldvalues>
                            
                        </customfieldvalues>
                    </customfield>
                                                                                                                        <customfield id="customfield_12313422" key="com.atlassian.jirafisheyeplugin:jobcheckbox">
                        <customfieldname>Enable Automatic Patch Review</customfieldname>
                        <customfieldvalues>
                            <customfieldvalue>false</customfieldvalue>

                        </customfieldvalues>
                    </customfield>
                                                                                                                                                                                                                                                                                                                                                                                                                                                                                                                                                                                                                    <customfield id="customfield_12310420" key="com.pyxis.greenhopper.jira:gh-global-rank">
                        <customfieldname>Global Rank</customfieldname>
                        <customfieldvalues>
                            <customfieldvalue>9223372036854775807</customfieldvalue>
                        </customfieldvalues>
                    </customfield>
                                                                                                                                                                                                                                                                                                                                                                                                                                                                        <customfield id="customfield_12311820" key="com.pyxis.greenhopper.jira:gh-lexo-rank">
                        <customfieldname>Rank</customfieldname>
                        <customfieldvalues>
                            <customfieldvalue>0|i2df8f:</customfieldvalue>

                        </customfieldvalues>
                    </customfield>
                                                                <customfield id="customfield_12310920" key="com.pyxis.greenhopper.jira:gh-global-rank">
                        <customfieldname>Rank (Obsolete)</customfieldname>
                        <customfieldvalues>
                            <customfieldvalue>9223372036854775807</customfieldvalue>
                        </customfieldvalues>
                    </customfield>
                                                                                                                                                                                                                                                                                                                                                                                                                                                                                                                                                                                                                                                                                                                                                                                            </customfields>
    </item>


</channel>
</rss>