<rss version="0.92">
    <channel>
        <title>ASF JIRA</title>
        <link>https://issues.apache.org/jira/issues/?jql=project+%3D+MNG+and+type+%3D+bug+and+%28status+%3D+RESOLVED+or+status+%3D+closed%29</link>
        <description>An XML representation of a search request</description>
                <language>en-uk</language>
                        <issue start="0" end="1000" total="3303" />
                <build-info>
            <version>8.20.7</version>
            <build-number>820007</build-number>
            <build-date>16-03-2022</build-date>
        </build-info>

<item>
            <title>[MNG-5314] DefaultModelValidator misuses String.matches</title>
                <link>https://issues.apache.org/jira/browse/MNG-5314</link>
                <project id="12316922" key="MNG">Maven</project>
                    <description>&lt;p&gt;While investigating &lt;a href="https://issues.apache.org/jira/browse/MNG-5312" title="MavenProject.getParent intolerably slow when import scope used heavily" class="issue-link" data-issue-key="MNG-5312"&gt;&lt;del&gt;MNG-5312&lt;/del&gt;&lt;/a&gt;, a profiler run turned up tens of thousands of calls to &lt;tt&gt;DefaultModelValidator.validateId&lt;/tt&gt; consuming a considerable portion of total CPU time. Turns out the existing code uses &lt;tt&gt;String.matches&lt;/tt&gt;, which recompiles the regex on each call, which is far more expensive than applying a precompiled pattern. A trivial fix makes this method disappear from the hot spots shown by the profiler, though the fix of &lt;a href="https://issues.apache.org/jira/browse/MNG-5312" title="MavenProject.getParent intolerably slow when import scope used heavily" class="issue-link" data-issue-key="MNG-5312"&gt;&lt;del&gt;MNG-5312&lt;/del&gt;&lt;/a&gt; of course means that there would be far fewer calls to this method to begin with.&lt;/p&gt;</description>
                <environment />
        <key id="12796601">MNG-5314</key>
            <summary>DefaultModelValidator misuses String.matches</summary>
                <type id="1" iconUrl="https://issues.apache.org/jira/secure/viewavatar?size=xsmall&amp;avatarId=21133&amp;avatarType=issuetype">Bug</type>
                                            <priority id="4" iconUrl="https://issues.apache.org/jira/images/icons/priorities/minor.svg">Minor</priority>
                        <status id="6" iconUrl="https://issues.apache.org/jira/images/icons/statuses/closed.png" description="The issue is considered finished, the resolution is correct. Issues which are not closed can be reopened.">Closed</status>
                    <statusCategory id="3" key="done" colorName="green" />
                                    <resolution id="1">Fixed</resolution>
                                        <assignee username="jvanzyl">Jason van Zyl</assignee>
                                    <reporter username="jglick">Jesse N. Glick</reporter>
                        <labels>
                    </labels>
                <created>Tue, 17 Jul 2012 15:43:00 +0000</created>
                <updated>Tue, 7 Apr 2015 12:25:18 +0000</updated>
                            <resolved>Wed, 18 Jul 2012 07:42:16 +0000</resolved>
                                    <version>3.0.4</version>
                                    <fixVersion>3.1.0-alpha-1</fixVersion>
                                    <component>Bootstrap &amp;amp; Build</component>
                        <due />
                            <votes>0</votes>
                                    <watches>3</watches>
                                                                <comments>
                            <comment id="14417754" author="jvanzyl" created="Tue, 17 Jul 2012 19:56:42 +0000">&lt;p&gt;Patch applied. Thanks.&lt;/p&gt;</comment>
                    </comments>
                <issuelinks>
                            <issuelinktype id="12310260">
                    <name>Related</name>
                                            <outwardlinks description="relates to">
                                        <issuelink>
            <issuekey id="12796732">MNG-5312</issuekey>
        </issuelink>
                            </outwardlinks>
                                                        </issuelinktype>
                    </issuelinks>
                <attachments>
                            <attachment id="12713272" name="DefaultModelValidator.diff" size="1317" author="jglick" created="Tue, 17 Jul 2012 15:43:00 +0000" />
                    </attachments>
                <subtasks>
                    </subtasks>
                <customfields>
                                                                                                                                                                                                                                                                                                                                                                                                                                                                                                                                                                                                                                                                                                                    <customfield id="customfield_12314020" key="com.atlassian.jira.plugins.jira-development-integration-plugin:devsummary">
                        <customfieldname>Development</customfieldname>
                        <customfieldvalues>
                            
                        </customfieldvalues>
                    </customfield>
                                                                                                                        <customfield id="customfield_12313422" key="com.atlassian.jirafisheyeplugin:jobcheckbox">
                        <customfieldname>Enable Automatic Patch Review</customfieldname>
                        <customfieldvalues>
                            <customfieldvalue>false</customfieldvalue>

                        </customfieldvalues>
                    </customfield>
                                                                                                                                                                                                                                                                                                                                                        <customfield id="customfield_12310250" key="com.atlassian.jira.plugin.system.customfieldtypes:multicheckboxes">
                        <customfieldname>Flags</customfieldname>
                        <customfieldvalues>
                                <customfieldvalue key="10430">Patch</customfieldvalue>
    
                        </customfieldvalues>
                    </customfield>
                                                                                                                                                                                                                                                                                                <customfield id="customfield_12310420" key="com.pyxis.greenhopper.jira:gh-global-rank">
                        <customfieldname>Global Rank</customfieldname>
                        <customfieldvalues>
                            <customfieldvalue>9223372036854775807</customfieldvalue>
                        </customfieldvalues>
                    </customfield>
                                                                                                                                                                                                                                                                                                                                                                                                                                                                        <customfield id="customfield_12311820" key="com.pyxis.greenhopper.jira:gh-lexo-rank">
                        <customfieldname>Rank</customfieldname>
                        <customfieldvalues>
                            <customfieldvalue>0|i28zdz:</customfieldvalue>

                        </customfieldvalues>
                    </customfield>
                                                                <customfield id="customfield_12310920" key="com.pyxis.greenhopper.jira:gh-global-rank">
                        <customfieldname>Rank (Obsolete)</customfieldname>
                        <customfieldvalues>
                            <customfieldvalue>9223372036854775807</customfieldvalue>
                        </customfieldvalues>
                    </customfield>
                                                                                                                                                                                                                                                                                                                                                                                                                                                                                                                                                                                                                                                                                                                                                                                            </customfields>
    </item>


</channel>
</rss>