<rss version="0.92">
    <channel>
        <title>ASF JIRA</title>
        <link>https://issues.apache.org/jira/issues/?jql=project+%3D+MNG+and+type+%3D+bug+and+%28status+%3D+RESOLVED+or+status+%3D+closed%29</link>
        <description>An XML representation of a search request</description>
                <language>en-uk</language>
                        <issue start="0" end="1000" total="3303" />
                <build-info>
            <version>8.20.7</version>
            <build-number>820007</build-number>
            <build-date>16-03-2022</build-date>
        </build-info>

<item>
            <title>[MNG-5497] maven-metadata.xml checked if dependency expressed snapshot range even if actual version is fixed</title>
                <link>https://issues.apache.org/jira/browse/MNG-5497</link>
                <project id="12316922" key="MNG">Maven</project>
                    <description>&lt;p&gt;Consider&lt;/p&gt;

&lt;div class="code panel" style="border-width: 1px;"&gt;&lt;div class="codeContent panelContent"&gt;
&lt;pre class="code-xml"&gt;&lt;span class="code-tag"&gt;&amp;lt;project xmlns=&lt;span class="code-quote"&gt;"http://maven.apache.org/POM/4.0.0"&lt;/span&gt;&amp;gt;&lt;/span&gt;
    &lt;span class="code-tag"&gt;&amp;lt;modelVersion&amp;gt;&lt;/span&gt;4.0.0&lt;span class="code-tag"&gt;&amp;lt;/modelVersion&amp;gt;&lt;/span&gt;
    &lt;span class="code-tag"&gt;&amp;lt;groupId&amp;gt;&lt;/span&gt;test&lt;span class="code-tag"&gt;&amp;lt;/groupId&amp;gt;&lt;/span&gt;
    &lt;span class="code-tag"&gt;&amp;lt;artifactId&amp;gt;&lt;/span&gt;test&lt;span class="code-tag"&gt;&amp;lt;/artifactId&amp;gt;&lt;/span&gt;
    &lt;span class="code-tag"&gt;&amp;lt;version&amp;gt;&lt;/span&gt;1.0-SNAPSHOT&lt;span class="code-tag"&gt;&amp;lt;/version&amp;gt;&lt;/span&gt;
    &lt;span class="code-tag"&gt;&amp;lt;dependencies&amp;gt;&lt;/span&gt;
        &amp;lt;!--
        &lt;span class="code-tag"&gt;&amp;lt;dependency&amp;gt;&lt;/span&gt;
            &lt;span class="code-tag"&gt;&amp;lt;artifactId&amp;gt;&lt;/span&gt;jffi&lt;span class="code-tag"&gt;&amp;lt;/artifactId&amp;gt;&lt;/span&gt;
            &lt;span class="code-tag"&gt;&amp;lt;groupId&amp;gt;&lt;/span&gt;com.github.jnr&lt;span class="code-tag"&gt;&amp;lt;/groupId&amp;gt;&lt;/span&gt;
            &lt;span class="code-tag"&gt;&amp;lt;version&amp;gt;&lt;/span&gt;1.2.7&lt;span class="code-tag"&gt;&amp;lt;/version&amp;gt;&lt;/span&gt;
        &lt;span class="code-tag"&gt;&amp;lt;/dependency&amp;gt;&lt;/span&gt;
        &lt;span class="code-tag"&gt;&amp;lt;dependency&amp;gt;&lt;/span&gt;
            &lt;span class="code-tag"&gt;&amp;lt;artifactId&amp;gt;&lt;/span&gt;jnr-x86asm&lt;span class="code-tag"&gt;&amp;lt;/artifactId&amp;gt;&lt;/span&gt;
            &lt;span class="code-tag"&gt;&amp;lt;groupId&amp;gt;&lt;/span&gt;com.github.jnr&lt;span class="code-tag"&gt;&amp;lt;/groupId&amp;gt;&lt;/span&gt;
            &lt;span class="code-tag"&gt;&amp;lt;version&amp;gt;&lt;/span&gt;1.0.2&lt;span class="code-tag"&gt;&amp;lt;/version&amp;gt;&lt;/span&gt;
        &lt;span class="code-tag"&gt;&amp;lt;/dependency&amp;gt;&lt;/span&gt;
        --&amp;gt;
        &lt;span class="code-tag"&gt;&amp;lt;dependency&amp;gt;&lt;/span&gt;
            &lt;span class="code-tag"&gt;&amp;lt;groupId&amp;gt;&lt;/span&gt;com.github.jnr&lt;span class="code-tag"&gt;&amp;lt;/groupId&amp;gt;&lt;/span&gt;
            &lt;span class="code-tag"&gt;&amp;lt;artifactId&amp;gt;&lt;/span&gt;jnr-ffi&lt;span class="code-tag"&gt;&amp;lt;/artifactId&amp;gt;&lt;/span&gt;
            &lt;span class="code-tag"&gt;&amp;lt;version&amp;gt;&lt;/span&gt;1.0.4&lt;span class="code-tag"&gt;&amp;lt;/version&amp;gt;&lt;/span&gt;
        &lt;span class="code-tag"&gt;&amp;lt;/dependency&amp;gt;&lt;/span&gt;
    &lt;span class="code-tag"&gt;&amp;lt;/dependencies&amp;gt;&lt;/span&gt;
&lt;span class="code-tag"&gt;&amp;lt;/project&amp;gt;&lt;/span&gt;
&lt;/pre&gt;
&lt;/div&gt;&lt;/div&gt;

&lt;p&gt;i.e. a project with a dependency on &lt;tt&gt;jnr-ffi 1.0.4&lt;/tt&gt;. Building this with &lt;tt&gt;--update-snapshots&lt;/tt&gt; checks the remote repositories for newer versions of transitive dependencies:&lt;/p&gt;

&lt;div class="code panel" style="border-width: 1px;"&gt;&lt;div class="codeContent panelContent"&gt;
&lt;pre class="code-none"&gt;...
[INFO] ------------------------------------------------------------------------
[INFO] Building test 1.0-SNAPSHOT
[INFO] ------------------------------------------------------------------------
Downloading: http://repo.maven.apache.org/maven2/com/github/jnr/jffi/maven-metadata.xml
Downloading: https://oss.sonatype.org/content/repositories/snapshots/com/github/jnr/jffi/maven-metadata.xml
Downloaded: http://repo.maven.apache.org/maven2/com/github/jnr/jffi/maven-metadata.xml (605 B at 1.9 KB/sec)
Downloaded: https://oss.sonatype.org/content/repositories/snapshots/com/github/jnr/jffi/maven-metadata.xml (361 B at 0.4 KB/sec)
Downloading: http://repo.maven.apache.org/maven2/com/github/jnr/jnr-x86asm/maven-metadata.xml
Downloading: https://oss.sonatype.org/content/repositories/snapshots/com/github/jnr/jnr-x86asm/maven-metadata.xml
Downloaded: http://repo.maven.apache.org/maven2/com/github/jnr/jnr-x86asm/maven-metadata.xml (362 B at 3.9 KB/sec)
[INFO] 
[INFO] --- maven-resources-plugin:2.6:resources (default-resources) @ test ---
...
&lt;/pre&gt;
&lt;/div&gt;&lt;/div&gt;

&lt;p&gt;which makes sense since the dependency uses version ranges for the transitive dependencies:&lt;/p&gt;

&lt;div class="code panel" style="border-width: 1px;"&gt;&lt;div class="codeContent panelContent"&gt;
&lt;pre class="code-xml"&gt;...
    &lt;span class="code-tag"&gt;&amp;lt;dependency&amp;gt;&lt;/span&gt;
      &lt;span class="code-tag"&gt;&amp;lt;groupId&amp;gt;&lt;/span&gt;com.github.jnr&lt;span class="code-tag"&gt;&amp;lt;/groupId&amp;gt;&lt;/span&gt;
      &lt;span class="code-tag"&gt;&amp;lt;artifactId&amp;gt;&lt;/span&gt;jffi&lt;span class="code-tag"&gt;&amp;lt;/artifactId&amp;gt;&lt;/span&gt;
      &lt;span class="code-tag"&gt;&amp;lt;version&amp;gt;&lt;/span&gt;[1.2.1, 1.3.0)&lt;span class="code-tag"&gt;&amp;lt;/version&amp;gt;&lt;/span&gt;
      &lt;span class="code-tag"&gt;&amp;lt;scope&amp;gt;&lt;/span&gt;compile&lt;span class="code-tag"&gt;&amp;lt;/scope&amp;gt;&lt;/span&gt;
    &lt;span class="code-tag"&gt;&amp;lt;/dependency&amp;gt;&lt;/span&gt;
    &lt;span class="code-tag"&gt;&amp;lt;dependency&amp;gt;&lt;/span&gt;
      &lt;span class="code-tag"&gt;&amp;lt;groupId&amp;gt;&lt;/span&gt;com.github.jnr&lt;span class="code-tag"&gt;&amp;lt;/groupId&amp;gt;&lt;/span&gt;
      &lt;span class="code-tag"&gt;&amp;lt;artifactId&amp;gt;&lt;/span&gt;jffi&lt;span class="code-tag"&gt;&amp;lt;/artifactId&amp;gt;&lt;/span&gt;
      &lt;span class="code-tag"&gt;&amp;lt;version&amp;gt;&lt;/span&gt;[1.2.1, 1.3.0)&lt;span class="code-tag"&gt;&amp;lt;/version&amp;gt;&lt;/span&gt;
      &lt;span class="code-tag"&gt;&amp;lt;scope&amp;gt;&lt;/span&gt;runtime&lt;span class="code-tag"&gt;&amp;lt;/scope&amp;gt;&lt;/span&gt;
      &lt;span class="code-tag"&gt;&amp;lt;classifier&amp;gt;&lt;/span&gt;native&lt;span class="code-tag"&gt;&amp;lt;/classifier&amp;gt;&lt;/span&gt;
    &lt;span class="code-tag"&gt;&amp;lt;/dependency&amp;gt;&lt;/span&gt;
...
    &lt;span class="code-tag"&gt;&amp;lt;dependency&amp;gt;&lt;/span&gt;
      &lt;span class="code-tag"&gt;&amp;lt;groupId&amp;gt;&lt;/span&gt;com.github.jnr&lt;span class="code-tag"&gt;&amp;lt;/groupId&amp;gt;&lt;/span&gt;
      &lt;span class="code-tag"&gt;&amp;lt;artifactId&amp;gt;&lt;/span&gt;jnr-x86asm&lt;span class="code-tag"&gt;&amp;lt;/artifactId&amp;gt;&lt;/span&gt;
      &lt;span class="code-tag"&gt;&amp;lt;version&amp;gt;&lt;/span&gt;[1.0.2,)&lt;span class="code-tag"&gt;&amp;lt;/version&amp;gt;&lt;/span&gt;
      &lt;span class="code-tag"&gt;&amp;lt;scope&amp;gt;&lt;/span&gt;compile&lt;span class="code-tag"&gt;&amp;lt;/scope&amp;gt;&lt;/span&gt;
    &lt;span class="code-tag"&gt;&amp;lt;/dependency&amp;gt;&lt;/span&gt;
...
&lt;/pre&gt;
&lt;/div&gt;&lt;/div&gt;

&lt;p&gt;Now suppose you want your own project to use definite versions of the transitive dependencies. Uncomment the lines in the original POM to do that (as per &lt;tt&gt;dependency:tree&lt;/tt&gt;). Yet when building this, Maven &lt;em&gt;still&lt;/em&gt; checks the remote repositories even though the result cannot matter!&lt;/p&gt;

&lt;p&gt;Same in Maven 2:&lt;/p&gt;

&lt;div class="code panel" style="border-width: 1px;"&gt;&lt;div class="codeContent panelContent"&gt;
&lt;pre class="code-none"&gt;...
[INFO] artifact com.github.jnr:jffi: checking for updates from central
[INFO] artifact com.github.jnr:jnr-x86asm: checking for updates from central
...
&lt;/pre&gt;
&lt;/div&gt;&lt;/div&gt;

&lt;p&gt;This is annoying as even without &lt;tt&gt;-U&lt;/tt&gt; a network connection is made once per day or so when building your project. Affects &lt;tt&gt;jenkins-core&lt;/tt&gt;.&lt;/p&gt;</description>
                <environment>Ubuntu, JDK 7</environment>
        <key id="12796245">MNG-5497</key>
            <summary>maven-metadata.xml checked if dependency expressed snapshot range even if actual version is fixed</summary>
                <type id="1" iconUrl="https://issues.apache.org/jira/secure/viewavatar?size=xsmall&amp;avatarId=21133&amp;avatarType=issuetype">Bug</type>
                                            <priority id="4" iconUrl="https://issues.apache.org/jira/images/icons/priorities/minor.svg">Minor</priority>
                        <status id="6" iconUrl="https://issues.apache.org/jira/images/icons/statuses/closed.png" description="The issue is considered finished, the resolution is correct. Issues which are not closed can be reopened.">Closed</status>
                    <statusCategory id="3" key="done" colorName="green" />
                                    <resolution id="10000">Auto Closed</resolution>
                                        <assignee username="-1">Unassigned</assignee>
                                    <reporter username="jglick">Jesse N. Glick</reporter>
                        <labels>
                    </labels>
                <created>Mon, 22 Jul 2013 11:29:23 +0000</created>
                <updated>Fri, 16 Mar 2018 22:39:13 +0000</updated>
                            <resolved>Fri, 16 Mar 2018 22:39:13 +0000</resolved>
                                    <version>2.2.1</version>
                    <version>3.0.5</version>
                    <version>3.1.0</version>
                                                    <component>Artifacts and Repositories</component>
                        <due />
                            <votes>0</votes>
                                    <watches>2</watches>
                                                                <comments>
                            <comment id="16402700" author="michael-o" created="Fri, 16 Mar 2018 22:39:13 +0000">&lt;p&gt;This issue has been auto closed because it has been inactive for a long period of time. If you think this issue still applies, retest your problem with the most recent version of Maven and the affected component, reopen and post your results.&lt;/p&gt;</comment>
                    </comments>
                    <attachments>
                    </attachments>
                <subtasks>
                    </subtasks>
                <customfields>
                                                                                                                                                                                                                                                                                                                                                                                                                                                                                                                                                                                                                                                                                                                    <customfield id="customfield_12314020" key="com.atlassian.jira.plugins.jira-development-integration-plugin:devsummary">
                        <customfieldname>Development</customfieldname>
                        <customfieldvalues>
                            
                        </customfieldvalues>
                    </customfield>
                                                                                                                        <customfield id="customfield_12313422" key="com.atlassian.jirafisheyeplugin:jobcheckbox">
                        <customfieldname>Enable Automatic Patch Review</customfieldname>
                        <customfieldvalues>
                            <customfieldvalue>false</customfieldvalue>

                        </customfieldvalues>
                    </customfield>
                                                                                                                                                                                                                                                                                                                                                                                                                                                                                                                                                                                                                    <customfield id="customfield_12310420" key="com.pyxis.greenhopper.jira:gh-global-rank">
                        <customfieldname>Global Rank</customfieldname>
                        <customfieldvalues>
                            <customfieldvalue>9223372036854775807</customfieldvalue>
                        </customfieldvalues>
                    </customfield>
                                                                                                                                                                                                                                                                                                                                                                                                                                                                        <customfield id="customfield_12311820" key="com.pyxis.greenhopper.jira:gh-lexo-rank">
                        <customfieldname>Rank</customfieldname>
                        <customfieldvalues>
                            <customfieldvalue>0|i293sn:</customfieldvalue>

                        </customfieldvalues>
                    </customfield>
                                                                <customfield id="customfield_12310920" key="com.pyxis.greenhopper.jira:gh-global-rank">
                        <customfieldname>Rank (Obsolete)</customfieldname>
                        <customfieldvalues>
                            <customfieldvalue>9223372036854775807</customfieldvalue>
                        </customfieldvalues>
                    </customfield>
                                                                                                                                                                                                                                                                                                                                                                                                                                                                                                                                                                                                                                                                                                        <customfield id="customfield_12312220" key="com.atlassian.jira.plugin.system.customfieldtypes:radiobuttons">
                        <customfieldname>Testcase included</customfieldname>
                        <customfieldvalues>
                                <customfieldvalue key="11060">Yes</customfieldvalue>

                        </customfieldvalues>
                    </customfield>
                                                                                                                        </customfields>
    </item>


</channel>
</rss>