<rss version="0.92">
    <channel>
        <title>ASF JIRA</title>
        <link>https://issues.apache.org/jira/issues/?jql=project+%3D+MNG+and+type+%3D+bug+and+%28status+%3D+RESOLVED+or+status+%3D+closed%29</link>
        <description>An XML representation of a search request</description>
                <language>en-uk</language>
                        <issue start="0" end="1000" total="3303" />
                <build-info>
            <version>8.20.7</version>
            <build-number>820007</build-number>
            <build-date>16-03-2022</build-date>
        </build-info>

<item>
            <title>[MNG-5496] Fixing NOTICE and LICENSE files</title>
                <link>https://issues.apache.org/jira/browse/MNG-5496</link>
                <project id="12316922" key="MNG">Maven</project>
                    <description>&lt;p&gt;The NOTICE and LICENSE files are an essential part of any release.&lt;/p&gt;

&lt;p&gt;They need to relate to the contents of the bundle in which they are located and it is important that they don't contain anything superfluous &lt;span class="error"&gt;&amp;#91;1&amp;#93;&lt;/span&gt;&lt;/p&gt;

&lt;p&gt;Each distribution artifact potentially needs its own specific N&amp;amp;L files.&lt;/p&gt;

&lt;p&gt;In particular, the source and binary artifacts will generally need different versions, as the binary often bundles additional items, for example 3rd party jars.&lt;/p&gt;

&lt;p&gt;However the jar files which are created from the SCM source probably can use the same license as the source archive.&lt;/p&gt;

&lt;p&gt;However, the existing N&amp;amp;L files in 3.1.0 fall short on several counts:&lt;/p&gt;

&lt;p&gt;The source and binary NOTICE files both start as follows:&lt;/p&gt;

&lt;p&gt;&amp;gt;&amp;gt;&amp;gt;&amp;gt;&amp;gt;&lt;br/&gt;
   =========================================================================&lt;br/&gt;
   ==  NOTICE file corresponding to the section 4 d of                    ==&lt;br/&gt;
   ==  the Apache License, Version 2.0,                                   ==&lt;br/&gt;
   ==  in this case for the Apache Maven distribution.                    ==&lt;br/&gt;
   =========================================================================&lt;/p&gt;

&lt;p&gt;Apache Maven&lt;br/&gt;
Copyright 2001-2013 The Apache Software Foundation&lt;/p&gt;

&lt;p&gt;This product includes software developed by&lt;br/&gt;
The Apache Software Foundation (&lt;a href="http://www.apache.org/" class="external-link" target="_blank" rel="nofollow noopener"&gt;http://www.apache.org/&lt;/a&gt;).&lt;br/&gt;
&amp;lt;&amp;lt;&amp;lt;&amp;lt;&amp;lt;&amp;lt;&amp;lt;&amp;lt;&amp;lt;&amp;lt;&amp;lt;&lt;/p&gt;

&lt;p&gt;However, the file must start as follows:&lt;/p&gt;

&lt;p&gt;&amp;gt;&amp;gt;&amp;gt;&amp;gt;&lt;br/&gt;
Apache Maven&lt;br/&gt;
Copyright 2001-2013 The Apache Software Foundation&lt;/p&gt;

&lt;p&gt;This product includes software developed at&lt;br/&gt;
The Apache Software Foundation (&lt;a href="http://www.apache.org/" class="external-link" target="_blank" rel="nofollow noopener"&gt;http://www.apache.org/&lt;/a&gt;).&lt;br/&gt;
&amp;lt;&amp;lt;&amp;lt;&amp;lt;&lt;/p&gt;

&lt;p&gt;Note particularly that the phrase is "developed at" not "developed by"&lt;/p&gt;

&lt;p&gt;The source NOTICE file is the same as the binary NOTICE file, yet the binary archive contains lots of additional jars.&lt;/p&gt;

&lt;p&gt;It looks to me as though the above 5 lines is all that are needed for the source archive. The existing source LICENSE.txt file looks OK.&lt;/p&gt;

&lt;p&gt;However, the binary LICENSE file makes no mention at all of any licenses for the additional products. It should point to the licenses for each of the additional products that are included, for example: Aether, Sisu, Plexus etc. These licenses need to be obtained and stored in a suitable directory which is referenced in LICENSE.txt.&lt;/p&gt;

&lt;p&gt;&lt;span class="error"&gt;&amp;#91;1&amp;#93;&lt;/span&gt; &lt;a href="http://www.apache.org/dev/licensing-howto.html" class="external-link" target="_blank" rel="nofollow noopener"&gt;http://www.apache.org/dev/licensing-howto.html&lt;/a&gt;&lt;/p&gt;</description>
                <environment />
        <key id="12797237">MNG-5496</key>
            <summary>Fixing NOTICE and LICENSE files</summary>
                <type id="1" iconUrl="https://issues.apache.org/jira/secure/viewavatar?size=xsmall&amp;avatarId=21133&amp;avatarType=issuetype">Bug</type>
                                            <priority id="1" iconUrl="https://issues.apache.org/jira/images/icons/priorities/blocker.svg">Blocker</priority>
                        <status id="6" iconUrl="https://issues.apache.org/jira/images/icons/statuses/closed.png" description="The issue is considered finished, the resolution is correct. Issues which are not closed can be reopened.">Closed</status>
                    <statusCategory id="3" key="done" colorName="green" />
                                    <resolution id="1">Fixed</resolution>
                                        <assignee username="-1">Unassigned</assignee>
                                    <reporter username="sebb">Sebb</reporter>
                        <labels>
                    </labels>
                <created>Thu, 18 Jul 2013 16:19:29 +0000</created>
                <updated>Tue, 7 Apr 2015 18:54:28 +0000</updated>
                            <resolved>Sun, 15 Jun 2014 14:27:12 +0000</resolved>
                                    <version>3.1.0</version>
                                                        <due />
                            <votes>0</votes>
                                    <watches>1</watches>
                                                                <comments>
                            <comment id="14418252" author="sebb@apache.org" created="Thu, 18 Jul 2013 16:22:37 +0000">&lt;p&gt;Forgot to mention that it's possible the same NOTICE file can be used for the binary archive, see:&lt;/p&gt;

&lt;p&gt;&lt;a href="http://www.apache.org/dev/licensing-howto.html#mod-notice" class="external-link" target="_blank" rel="nofollow noopener"&gt;http://www.apache.org/dev/licensing-howto.html#mod-notice&lt;/a&gt;&lt;/p&gt;</comment>
                    </comments>
                    <attachments>
                    </attachments>
                <subtasks>
                    </subtasks>
                <customfields>
                                                                                                                                                                                                                                                                                                                                                                                                                                                                                                                                                                                                                                                                                                                    <customfield id="customfield_12314020" key="com.atlassian.jira.plugins.jira-development-integration-plugin:devsummary">
                        <customfieldname>Development</customfieldname>
                        <customfieldvalues>
                            
                        </customfieldvalues>
                    </customfield>
                                                                                                                        <customfield id="customfield_12313422" key="com.atlassian.jirafisheyeplugin:jobcheckbox">
                        <customfieldname>Enable Automatic Patch Review</customfieldname>
                        <customfieldvalues>
                            <customfieldvalue>false</customfieldvalue>

                        </customfieldvalues>
                    </customfield>
                                                                                                                                                                                                                                                                                                                                                                                                                                                                                                                                                                                                                    <customfield id="customfield_12310420" key="com.pyxis.greenhopper.jira:gh-global-rank">
                        <customfieldname>Global Rank</customfieldname>
                        <customfieldvalues>
                            <customfieldvalue>9223372036854775807</customfieldvalue>
                        </customfieldvalues>
                    </customfield>
                                                                                                                                                                                                                                                                                                                                                                                                                                                                        <customfield id="customfield_12311820" key="com.pyxis.greenhopper.jira:gh-lexo-rank">
                        <customfieldname>Rank</customfieldname>
                        <customfieldvalues>
                            <customfieldvalue>0|i28uif:</customfieldvalue>

                        </customfieldvalues>
                    </customfield>
                                                                <customfield id="customfield_12310920" key="com.pyxis.greenhopper.jira:gh-global-rank">
                        <customfieldname>Rank (Obsolete)</customfieldname>
                        <customfieldvalues>
                            <customfieldvalue>9223372036854775807</customfieldvalue>
                        </customfieldvalues>
                    </customfield>
                                                                                                                                                                                                                                                                                                                                                                                                                                                                                                                                                                                                                                                                                                                                                                                            </customfields>
    </item>


</channel>
</rss>