<rss version="0.92">
    <channel>
        <title>ASF JIRA</title>
        <link>https://issues.apache.org/jira/issues/?jql=project+%3D+MNG+and+type+%3D+bug+and+%28status+%3D+RESOLVED+or+status+%3D+closed%29</link>
        <description>An XML representation of a search request</description>
                <language>en-uk</language>
                        <issue start="0" end="1000" total="3303" />
                <build-info>
            <version>8.20.7</version>
            <build-number>820007</build-number>
            <build-date>16-03-2022</build-date>
        </build-info>

<item>
            <title>[MNG-5810] "mvn compile" changes "/" to "." in ERROR messages in directory names</title>
                <link>https://issues.apache.org/jira/browse/MNG-5810</link>
                <project id="12316922" key="MNG">Maven</project>
                    <description>&lt;p&gt;First, it's incredible how long it takes until one can submit an issue here ... searching for the right place, then registering ... takes substantially longer than filing the issue itself. Pretty annoying.&lt;/p&gt;

&lt;p&gt;Error description: when doing an "mvn compile", dots in directory names are replaced by slashes. Now you can't just copy &amp;amp; paste the file name anymore to the shell to do a  "vi &amp;lt;middle-mouse-button", for instance, but you have to undo maven's replacement by changing back the "/" to "." whereever needed.&lt;/p&gt;

&lt;p&gt;Example:&lt;/p&gt;

&lt;p&gt;&lt;span class="error"&gt;&amp;#91;ERROR&amp;#93;&lt;/span&gt; /data/people/XXXX/MINECRAFT/WORLD/TARZAN/1/8/src/spigot-1/8/3/Spigot/Spigot-Server/src/main/java/org/spigotmc/Metrics.java:&lt;span class="error"&gt;&amp;#91;142&amp;#93;&lt;/span&gt; blahfurz cannot be resolved to a variable&lt;/p&gt;

&lt;p&gt;The directory names are "WORLD.TARZAN.1.8" and "spigot-1.8.3".&lt;/p&gt;

&lt;p&gt;And NO, telling me to "well, don't use dots in directory names" or "well, don't use vi, use one of the fancy IDEs around" is not an option for me, thanks a lot.&lt;/p&gt;
</description>
                <environment>linux / gentoo.</environment>
        <key id="12823980">MNG-5810</key>
            <summary>"mvn compile" changes "/" to "." in ERROR messages in directory names</summary>
                <type id="1" iconUrl="https://issues.apache.org/jira/secure/viewavatar?size=xsmall&amp;avatarId=21133&amp;avatarType=issuetype">Bug</type>
                                            <priority id="4" iconUrl="https://issues.apache.org/jira/images/icons/priorities/minor.svg">Minor</priority>
                        <status id="6" iconUrl="https://issues.apache.org/jira/images/icons/statuses/closed.png" description="The issue is considered finished, the resolution is correct. Issues which are not closed can be reopened.">Closed</status>
                    <statusCategory id="3" key="done" colorName="green" />
                                    <resolution id="5">Cannot Reproduce</resolution>
                                        <assignee username="schulte77">Christian Schulte</assignee>
                                    <reporter username="johnsmith">John Smith</reporter>
                        <labels>
                    </labels>
                <created>Sat, 25 Apr 2015 11:03:09 +0000</created>
                <updated>Sat, 13 Feb 2016 12:37:02 +0000</updated>
                            <resolved>Wed, 27 Jan 2016 02:12:12 +0000</resolved>
                                    <version>3.3.1</version>
                                                        <due />
                            <votes>0</votes>
                                    <watches>4</watches>
                                                                <comments>
                            <comment id="14512924" author="michael-o" created="Sun, 26 Apr 2015 07:35:33 +0000">&lt;p&gt;Please provide a minimal working sample project.&lt;/p&gt;</comment>
                            <comment id="15118470" author="schulte77" created="Wed, 27 Jan 2016 02:08:27 +0000">&lt;p&gt;Example project demonstrating the issue is not reproducible with &lt;a href="https://builds.apache.org/view/All/job/maven-3.3-release-status-build/" class="external-link" target="_blank" rel="nofollow noopener"&gt;3.4.0-SNAPSHOT&lt;/a&gt;.&lt;/p&gt;

&lt;div class="code panel" style="border-width: 1px;"&gt;&lt;div class="codeContent panelContent"&gt;
&lt;pre class="code-java"&gt;Apache Maven 3.4.0-SNAPSHOT (5c98a4261f7e50ee0197902c5737ebfc0acac724; 2016-01-26T02:49:41+01:00)
&lt;/pre&gt;
&lt;/div&gt;&lt;/div&gt;


&lt;div class="code panel" style="border-width: 1px;"&gt;&lt;div class="codeContent panelContent"&gt;
&lt;pre class="code-java"&gt;[INFO] Scanning &lt;span class="code-keyword"&gt;for&lt;/span&gt; projects...
[INFO]                                                                         
[INFO] ------------------------------------------------------------------------
[INFO] Building MNG-5810 1.0
[INFO] ------------------------------------------------------------------------
[INFO] 
[INFO] --- maven-resources-plugin:2.7:resources (&lt;span class="code-keyword"&gt;default&lt;/span&gt;-resources) @ MNG-5810 ---
[INFO] Using &lt;span class="code-quote"&gt;'UTF-8'&lt;/span&gt; encoding to copy filtered resources.
[INFO] skip non existing resourceDirectory /tmp/MNG-5810.DOTS.IN.DIRECTORY.NAME/src/main/resources
[INFO] 
[INFO] --- maven-compiler-plugin:3.5:compile (&lt;span class="code-keyword"&gt;default&lt;/span&gt;-compile) @ MNG-5810 ---
[INFO] Changes detected - recompiling the module!
[INFO] Compiling 1 source file to /tmp/MNG-5810.DOTS.IN.DIRECTORY.NAME/target/classes
[INFO] -------------------------------------------------------------
[ERROR] COMPILATION ERROR : 
[INFO] -------------------------------------------------------------
[ERROR] /tmp/MNG-5810.DOTS.IN.DIRECTORY.NAME/src/main/java/localhost/App.java:[3,8] &lt;span class="code-keyword"&gt;class &lt;/span&gt;AppProducingCompilerError is &lt;span class="code-keyword"&gt;public&lt;/span&gt;, should be declared in a file named AppProducingCompilerError.java
[INFO] 1 error
[INFO] -------------------------------------------------------------
[INFO] ------------------------------------------------------------------------
[INFO] BUILD FAILURE
[INFO] ------------------------------------------------------------------------
[INFO] Total time: 3.511 s
[INFO] Finished at: 2016-01-27T03:04:16+01:00
[INFO] Final Memory: 12M/41M
[INFO] ------------------------------------------------------------------------
[ERROR] Failed to execute goal org.apache.maven.plugins:maven-compiler-plugin:3.5:compile (&lt;span class="code-keyword"&gt;default&lt;/span&gt;-compile) on project MNG-5810: Compilation failure
[ERROR] /tmp/MNG-5810.DOTS.IN.DIRECTORY.NAME/src/main/java/localhost/App.java:[3,8] &lt;span class="code-keyword"&gt;class &lt;/span&gt;AppProducingCompilerError is &lt;span class="code-keyword"&gt;public&lt;/span&gt;, should be declared in a file named AppProducingCompilerError.java
[ERROR] -&amp;gt; [Help 1]
[ERROR] 
[ERROR] To see the full stack trace of the errors, re-run Maven with the -e &lt;span class="code-keyword"&gt;switch&lt;/span&gt;.
[ERROR] Re-run Maven using the -X &lt;span class="code-keyword"&gt;switch&lt;/span&gt; to enable full debug logging.
[ERROR] 
[ERROR] For more information about the errors and possible solutions, please read the following articles:
[ERROR] [Help 1] http:&lt;span class="code-comment"&gt;//cwiki.apache.org/confluence/display/MAVEN/MojoFailureException&lt;/span&gt;
&lt;/pre&gt;
&lt;/div&gt;&lt;/div&gt;

&lt;p&gt;Error output does not show translation of dots in directory names occuring.&lt;/p&gt;</comment>
                    </comments>
                    <attachments>
                            <attachment id="12784548" name="MNG-5810.DOTS.IN.DIRECTORY.NAME.zip" size="1862" author="schulte77" created="Wed, 27 Jan 2016 02:08:27 +0000" />
                    </attachments>
                <subtasks>
                    </subtasks>
                <customfields>
                                                                                                                                                                                                                                                                                                                                                                                                                                                                                                                                                                                                                                                                                                                    <customfield id="customfield_12314020" key="com.atlassian.jira.plugins.jira-development-integration-plugin:devsummary">
                        <customfieldname>Development</customfieldname>
                        <customfieldvalues>
                            
                        </customfieldvalues>
                    </customfield>
                                                                                                                        <customfield id="customfield_12313422" key="com.atlassian.jirafisheyeplugin:jobcheckbox">
                        <customfieldname>Enable Automatic Patch Review</customfieldname>
                        <customfieldvalues>
                            <customfieldvalue>false</customfieldvalue>

                        </customfieldvalues>
                    </customfield>
                                                                                                                                                                                                                                                                                                                                                                                                                                                                                                                                                                                                                    <customfield id="customfield_12310420" key="com.pyxis.greenhopper.jira:gh-global-rank">
                        <customfieldname>Global Rank</customfieldname>
                        <customfieldvalues>
                            <customfieldvalue>9223372036854775807</customfieldvalue>
                        </customfieldvalues>
                    </customfield>
                                                                                                                                                                                                                                                                                                                                                                                                                                                                        <customfield id="customfield_12311820" key="com.pyxis.greenhopper.jira:gh-lexo-rank">
                        <customfieldname>Rank</customfieldname>
                        <customfieldvalues>
                            <customfieldvalue>0|i2dr8f:</customfieldvalue>

                        </customfieldvalues>
                    </customfield>
                                                                <customfield id="customfield_12310920" key="com.pyxis.greenhopper.jira:gh-global-rank">
                        <customfieldname>Rank (Obsolete)</customfieldname>
                        <customfieldvalues>
                            <customfieldvalue>9223372036854775807</customfieldvalue>
                        </customfieldvalues>
                    </customfield>
                                                                                                                                                                                                                                                                                                                                                                                                                                                                                                                                                                                                                                                                                                                                                                                            </customfields>
    </item>


</channel>
</rss>