<rss version="0.92">
    <channel>
        <title>ASF JIRA</title>
        <link>https://issues.apache.org/jira/issues/?jql=project+%3D+MNG+and+type+%3D+bug+and+%28status+%3D+RESOLVED+or+status+%3D+closed%29</link>
        <description>An XML representation of a search request</description>
                <language>en-uk</language>
                        <issue start="0" end="1000" total="3303" />
                <build-info>
            <version>8.20.7</version>
            <build-number>820007</build-number>
            <build-date>16-03-2022</build-date>
        </build-info>

<item>
            <title>[MNG-5908] Properties in imported poms are resolved inconsistently</title>
                <link>https://issues.apache.org/jira/browse/MNG-5908</link>
                <project id="12316922" key="MNG">Maven</project>
                    <description>&lt;p&gt;Properties in an imported pom are resolved in the inheritance chain of the import itself and can only be overridden via de commandline. The attached example project demonstrates the problem.&lt;/p&gt;

&lt;p&gt;Layout:&lt;/p&gt;
&lt;ul&gt;
	&lt;li&gt;&lt;tt&gt;test-parent&lt;/tt&gt; defines 3 modules and a property for the slf4j version.&lt;/li&gt;
	&lt;li&gt;&lt;tt&gt;test-parent-bom&lt;/tt&gt; has &lt;tt&gt;dependencyManagement&lt;/tt&gt; for slf4j using the version from its parent.&lt;/li&gt;
	&lt;li&gt;&lt;tt&gt;test-parent-base&lt;/tt&gt; imports &lt;tt&gt;test-parent-bom&lt;/tt&gt;&lt;/li&gt;
	&lt;li&gt;&lt;tt&gt;test-parent-project&lt;/tt&gt; has &lt;tt&gt;test-parent-base&lt;/tt&gt; as parent, changes the value of the property and declares a &lt;tt&gt;dependency&lt;/tt&gt; on slf4j&lt;/li&gt;
&lt;/ul&gt;


&lt;p&gt;The overridden property value does not take effect. However, if specified on the commandline (via &lt;tt&gt;-Dtopicus.version.org.slf4j=1.7.11&lt;/tt&gt;) it does, even when running mvn inside &lt;tt&gt;project&lt;/tt&gt; (after running mvn install in the root):&lt;/p&gt;

&lt;div class="code panel" style="border-width: 1px;"&gt;&lt;div class="codeContent panelContent"&gt;
&lt;pre class="code-java"&gt;# mvn dependency:tree
[INFO] --- maven-dependency-plugin:2.8:tree (&lt;span class="code-keyword"&gt;default&lt;/span&gt;-cli) @ test-parent-project ---
[INFO] nl.topicus.onderwijs.test:test-parent-project:jar:1.0-SNAPSHOT
[INFO] \- org.slf4j:slf4j-api:jar:1.7.12:compile
&lt;/pre&gt;
&lt;/div&gt;&lt;/div&gt;

&lt;div class="code panel" style="border-width: 1px;"&gt;&lt;div class="codeContent panelContent"&gt;
&lt;pre class="code-java"&gt;# mvn dependency:tree -Dtopicus.version.org.slf4j=1.7.11
[INFO] --- maven-dependency-plugin:2.8:tree (&lt;span class="code-keyword"&gt;default&lt;/span&gt;-cli) @ test-parent-project ---
[INFO] nl.topicus.onderwijs.test:test-parent-project:jar:1.0-SNAPSHOT
[INFO] \- org.slf4j:slf4j-api:jar:1.7.11:compile
&lt;/pre&gt;
&lt;/div&gt;&lt;/div&gt;

&lt;p&gt;I would expect properties in a pom to override properties from imported poms.&lt;/p&gt;</description>
                <environment />
        <key id="12903711">MNG-5908</key>
            <summary>Properties in imported poms are resolved inconsistently</summary>
                <type id="1" iconUrl="https://issues.apache.org/jira/secure/viewavatar?size=xsmall&amp;avatarId=21133&amp;avatarType=issuetype">Bug</type>
                                            <priority id="3" iconUrl="https://issues.apache.org/jira/images/icons/priorities/major.svg">Major</priority>
                        <status id="6" iconUrl="https://issues.apache.org/jira/images/icons/statuses/closed.png" description="The issue is considered finished, the resolution is correct. Issues which are not closed can be reopened.">Closed</status>
                    <statusCategory id="3" key="done" colorName="green" />
                                    <resolution id="2">Won't Fix</resolution>
                                        <assignee username="-1">Unassigned</assignee>
                                    <reporter username="papegaaij">Emond Papegaaij</reporter>
                        <labels>
                    </labels>
                <created>Fri, 9 Oct 2015 11:48:10 +0000</created>
                <updated>Sat, 13 Feb 2016 17:43:01 +0000</updated>
                            <resolved>Sat, 13 Feb 2016 17:43:01 +0000</resolved>
                                    <version>3.3.3</version>
                                                    <component>Core</component>
                        <due />
                            <votes>0</votes>
                                    <watches>5</watches>
                                                                <comments>
                            <comment id="15146087" author="schulte77" created="Sat, 13 Feb 2016 17:43:01 +0000">&lt;p&gt;The import scope feature is meant to be used to import from another reactor. There is no relation between an imported pom and the reactor it is imported into intentionally. When importing, the complete model to import is built (inheritance, interpolation, etc.) and the result is then imported. The command line property overrides the pom property. That's why that makes a difference here.&lt;/p&gt;</comment>
                    </comments>
                    <attachments>
                            <attachment id="12765773" name="import-with-properties.tar.bz2" size="972" author="papegaaij" created="Fri, 9 Oct 2015 11:48:34 +0000" />
                    </attachments>
                <subtasks>
                    </subtasks>
                <customfields>
                                                                                                                                                                                                                                                                                                                                                                                                                                                                                                                                                                                                                                                                                                                    <customfield id="customfield_12314020" key="com.atlassian.jira.plugins.jira-development-integration-plugin:devsummary">
                        <customfieldname>Development</customfieldname>
                        <customfieldvalues>
                            
                        </customfieldvalues>
                    </customfield>
                                                                                                                        <customfield id="customfield_12313422" key="com.atlassian.jirafisheyeplugin:jobcheckbox">
                        <customfieldname>Enable Automatic Patch Review</customfieldname>
                        <customfieldvalues>
                            <customfieldvalue>false</customfieldvalue>

                        </customfieldvalues>
                    </customfield>
                                                                                                                                                                                                                                                                                                                                                                                                                                                                                                                                                                                                                    <customfield id="customfield_12310420" key="com.pyxis.greenhopper.jira:gh-global-rank">
                        <customfieldname>Global Rank</customfieldname>
                        <customfieldvalues>
                            <customfieldvalue>9223372036854775807</customfieldvalue>
                        </customfieldvalues>
                    </customfield>
                                                                                                                                                                                                                                                                                                                                                                                                                                                                        <customfield id="customfield_12311820" key="com.pyxis.greenhopper.jira:gh-lexo-rank">
                        <customfieldname>Rank</customfieldname>
                        <customfieldvalues>
                            <customfieldvalue>0|i2mt9j:</customfieldvalue>

                        </customfieldvalues>
                    </customfield>
                                                                <customfield id="customfield_12310920" key="com.pyxis.greenhopper.jira:gh-global-rank">
                        <customfieldname>Rank (Obsolete)</customfieldname>
                        <customfieldvalues>
                            <customfieldvalue>9223372036854775807</customfieldvalue>
                        </customfieldvalues>
                    </customfield>
                                                                                                                                                                                                                                                                                                                                                                                                                                                                                                                                                                                                                                                                                                                                                                                            </customfields>
    </item>


</channel>
</rss>