<rss version="0.92">
    <channel>
        <title>ASF JIRA</title>
        <link>https://issues.apache.org/jira/issues/?jql=project+%3D+MNG+and+type+%3D+bug+and+%28status+%3D+RESOLVED+or+status+%3D+closed%29</link>
        <description>An XML representation of a search request</description>
                <language>en-uk</language>
                        <issue start="0" end="1000" total="3303" />
                <build-info>
            <version>8.20.7</version>
            <build-number>820007</build-number>
            <build-date>16-03-2022</build-date>
        </build-info>

<item>
            <title>[MNG-5852] mvn shell script invokes /bin/sh but requires Bash functions</title>
                <link>https://issues.apache.org/jira/browse/MNG-5852</link>
                <project id="12316922" key="MNG">Maven</project>
                    <description>&lt;p&gt;The bin/mvn script uses the "local" command which is a shell builtin of bash and similar shells, but is not required for POSIX-compliance in sh.  When I attempt to run mvn on my Solaris system, I see the following output:&lt;/p&gt;

&lt;div class="preformatted panel" style="border-width: 1px;"&gt;&lt;div class="preformattedContent panelContent"&gt;
&lt;pre&gt;$ ./mvn
./mvn[200]: local: not found [No such file or directory]
./mvn[201]: local: not found [No such file or directory]
...
&lt;/pre&gt;
&lt;/div&gt;&lt;/div&gt;

&lt;p&gt;Lines 200 and 201 invoke "local" to make local variables to the function.  According to "man bash", this is a shell builtin.  However, bin/mvn is invoked as:&lt;/p&gt;

&lt;p&gt;#!/bin/sh&lt;/p&gt;

&lt;p&gt;On most flavors of linux, this resolves to bash or dash which probably runs in a restricted environment after checking to see that its $0 is sh. But on Solaris's /bin/sh is actually ksh93 for backwards compatibility.&lt;/p&gt;

&lt;p&gt;Since "local" is not part of a POSIX-compliant /bin/sh, depending on it in a script that is invoked with /bin/sh is a bug.&lt;/p&gt;
</description>
                <environment>Solaris 11</environment>
        <key id="12842953">MNG-5852</key>
            <summary>mvn shell script invokes /bin/sh but requires Bash functions</summary>
                <type id="1" iconUrl="https://issues.apache.org/jira/secure/viewavatar?size=xsmall&amp;avatarId=21133&amp;avatarType=issuetype">Bug</type>
                                            <priority id="3" iconUrl="https://issues.apache.org/jira/images/icons/priorities/major.svg">Major</priority>
                        <status id="6" iconUrl="https://issues.apache.org/jira/images/icons/statuses/closed.png" description="The issue is considered finished, the resolution is correct. Issues which are not closed can be reopened.">Closed</status>
                    <statusCategory id="3" key="done" colorName="green" />
                                    <resolution id="1">Fixed</resolution>
                                        <assignee username="michael-o">Michael Osipov</assignee>
                                    <reporter username="jhalex">Jeffrey Alexander</reporter>
                        <labels>
                    </labels>
                <created>Mon, 6 Jul 2015 18:30:15 +0000</created>
                <updated>Sat, 28 Mar 2020 15:00:25 +0000</updated>
                            <resolved>Mon, 30 Jan 2017 12:01:20 +0000</resolved>
                                    <version>3.3.3</version>
                                    <fixVersion>3.5.0-alpha-1</fixVersion>
                    <fixVersion>3.5.0</fixVersion>
                                    <component>Command Line</component>
                        <due />
                            <votes>2</votes>
                                    <watches>8</watches>
                                                                <comments>
                            <comment id="14991249" author="t_heit" created="Thu, 5 Nov 2015 07:03:28 +0000">&lt;p&gt;I also saw this output and decided to just remove the word "local" in the shell script to make it work again. So far I haven't hit any problems.&lt;/p&gt;</comment>
                            <comment id="15063171" author="schulte77" created="Fri, 18 Dec 2015 00:31:20 +0000">&lt;p&gt;I am running 'OpenBSD 5.8'. '/bin/sh' also is 'ksh' and works flawlessly. Can you please confirm the following changes to 'apache-maven/src/bin/mvn' solve your issue?&lt;/p&gt;

&lt;div class="code panel" style="border-width: 1px;"&gt;&lt;div class="codeContent panelContent"&gt;
&lt;pre class="code-java"&gt;@@ -197,8 +197,6 @@ fi
 # traverses directory structure from process work directory to filesystem root
 # first directory with .mvn subdirectory is considered project base directory
 find_maven_basedir() {
-  local basedir
-  local wdir
   basedir=&lt;span class="code-quote"&gt;"$(pwd)"&lt;/span&gt;
   wdir=&lt;span class="code-quote"&gt;"$(pwd)"&lt;/span&gt;
   &lt;span class="code-keyword"&gt;while&lt;/span&gt; [ &lt;span class="code-quote"&gt;"$wdir"&lt;/span&gt; != &lt;span class="code-quote"&gt;'/'&lt;/span&gt; ] ; &lt;span class="code-keyword"&gt;do&lt;/span&gt;
&lt;/pre&gt;
&lt;/div&gt;&lt;/div&gt;
</comment>
                            <comment id="15064120" author="jhalex" created="Fri, 18 Dec 2015 15:49:46 +0000">&lt;p&gt;Thank you, that does work as expected!&lt;/p&gt;</comment>
                            <comment id="15811300" author="stephenc" created="Mon, 9 Jan 2017 09:56:23 +0000">&lt;p&gt;Maven 3.4.0 has been dropped. See &lt;a href="https://mail-archives.apache.org/mod_mbox/maven-dev/201701.mbox/%3CCA%2BnPnMx-e7kGYy3Hp87v8hLGdhp1q%3DtKLx_6QuZ4kGUqHEBGcw%40mail.gmail.com%3E" class="external-link" target="_blank" rel="nofollow noopener"&gt;this thread&lt;/a&gt; for more details.&lt;/p&gt;

&lt;p&gt;This issue will need to be re-scheduled for a Maven release in the (hopefully near) future.&lt;/p&gt;</comment>
                            <comment id="15845096" author="michael-o" created="Mon, 30 Jan 2017 12:01:20 +0000">&lt;p&gt;Fixed with &lt;a href="https://git-wip-us.apache.org/repos/asf?p=maven.git;a=commit;h=135102022763eaa62fa1d0125adab7ff207ef2f4" class="external-link" target="_blank" rel="nofollow noopener"&gt;135102022763eaa62fa1d0125adab7ff207ef2f4&lt;/a&gt;.&lt;/p&gt;</comment>
                            <comment id="15845109" author="hudson" created="Mon, 30 Jan 2017 12:15:02 +0000">&lt;p&gt;SUCCESS: Integrated in Jenkins build maven-3.x #1531 (See &lt;a href="https://builds.apache.org/job/maven-3.x/1531/" class="external-link" target="_blank" rel="nofollow noopener"&gt;https://builds.apache.org/job/maven-3.x/1531/&lt;/a&gt;)&lt;br/&gt;
&lt;a href="https://issues.apache.org/jira/browse/MNG-5852" title="mvn shell script invokes /bin/sh but requires Bash functions" class="issue-link" data-issue-key="MNG-5852"&gt;&lt;del&gt;MNG-5852&lt;/del&gt;&lt;/a&gt; mvn shell script invokes /bin/sh but requires Bash functions (michaelo: &lt;a href="http://git-wip-us.apache.org/repos/asf/?p=maven.git&amp;amp;a=commit&amp;amp;h=135102022763eaa62fa1d0125adab7ff207ef2f4" class="external-link" target="_blank" rel="nofollow noopener"&gt;http://git-wip-us.apache.org/repos/asf/?p=maven.git&amp;amp;a=commit&amp;amp;h=135102022763eaa62fa1d0125adab7ff207ef2f4&lt;/a&gt;)&lt;/p&gt;
&lt;ul&gt;
	&lt;li&gt;(edit) apache-maven/src/bin/mvn&lt;/li&gt;
&lt;/ul&gt;
</comment>
                            <comment id="17069665" author="hudson" created="Sat, 28 Mar 2020 15:00:25 +0000">&lt;p&gt;Build failed in Jenkins: Maven TLP &#187; maven-studies &#187; maven-metrics #4&lt;/p&gt;

&lt;p&gt;See &lt;a href="https://builds.apache.org/job/maven-box/job/maven-studies/job/maven-metrics/4/" class="external-link" target="_blank" rel="nofollow noopener"&gt;https://builds.apache.org/job/maven-box/job/maven-studies/job/maven-metrics/4/&lt;/a&gt;&lt;/p&gt;</comment>
                    </comments>
                <issuelinks>
                            <issuelinktype id="12310000">
                    <name>Duplicate</name>
                                                                <inwardlinks description="is duplicated by">
                                        <issuelink>
            <issuekey id="13007141">MNG-6095</issuekey>
        </issuelink>
                            </inwardlinks>
                                    </issuelinktype>
                            <issuelinktype id="12310051">
                    <name>Supercedes</name>
                                            <outwardlinks description="supercedes">
                                        <issuelink>
            <issuekey id="12835384">MNG-5837</issuekey>
        </issuelink>
                            </outwardlinks>
                                                        </issuelinktype>
                    </issuelinks>
                <attachments>
                    </attachments>
                <subtasks>
                    </subtasks>
                <customfields>
                                                                                                                                                                                                                                                                                                                                                                                                                                                                                                                                                                                                                                                                                                                    <customfield id="customfield_12314020" key="com.atlassian.jira.plugins.jira-development-integration-plugin:devsummary">
                        <customfieldname>Development</customfieldname>
                        <customfieldvalues>
                            
                        </customfieldvalues>
                    </customfield>
                                                                                                                        <customfield id="customfield_12313422" key="com.atlassian.jirafisheyeplugin:jobcheckbox">
                        <customfieldname>Enable Automatic Patch Review</customfieldname>
                        <customfieldvalues>
                            <customfieldvalue>false</customfieldvalue>

                        </customfieldvalues>
                    </customfield>
                                                                                                                                                                                                                                                                                                                                                                                                                                                                                                                                                                                                                    <customfield id="customfield_12310420" key="com.pyxis.greenhopper.jira:gh-global-rank">
                        <customfieldname>Global Rank</customfieldname>
                        <customfieldvalues>
                            <customfieldvalue>9223372036854775807</customfieldvalue>
                        </customfieldvalues>
                    </customfield>
                                                                                                                                                                                                                                                                                                                                                                                                                                                                        <customfield id="customfield_12311820" key="com.pyxis.greenhopper.jira:gh-lexo-rank">
                        <customfieldname>Rank</customfieldname>
                        <customfieldvalues>
                            <customfieldvalue>0|i2gwcf:</customfieldvalue>

                        </customfieldvalues>
                    </customfield>
                                                                <customfield id="customfield_12310920" key="com.pyxis.greenhopper.jira:gh-global-rank">
                        <customfieldname>Rank (Obsolete)</customfieldname>
                        <customfieldvalues>
                            <customfieldvalue>9223372036854775807</customfieldvalue>
                        </customfieldvalues>
                    </customfield>
                                                                                                                                                                                                                                                                                                                                                                                                                                                                                                                                                                                                                                                                                                                                                                                            </customfields>
    </item>


</channel>
</rss>