<rss version="0.92">
    <channel>
        <title>ASF JIRA</title>
        <link>https://issues.apache.org/jira/issues/?jql=project+%3D+MNG+and+type+%3D+bug+and+%28status+%3D+RESOLVED+or+status+%3D+closed%29</link>
        <description>An XML representation of a search request</description>
                <language>en-uk</language>
                        <issue start="0" end="1000" total="3303" />
                <build-info>
            <version>8.20.7</version>
            <build-number>820007</build-number>
            <build-date>16-03-2022</build-date>
        </build-info>

<item>
            <title>[MNG-5149] DefaultArtifactRepositoryFactory.createArtifactRepository overload w/ layoutId passes wrong (repo) id</title>
                <link>https://issues.apache.org/jira/browse/MNG-5149</link>
                <project id="12316922" key="MNG">Maven</project>
                    <description>&lt;p&gt;In {[DefaultArtifactRepositoryFactory.java}} there is a method overload:&lt;/p&gt;

&lt;div class="preformatted panel" style="border-width: 1px;"&gt;&lt;div class="preformattedContent panelContent"&gt;
&lt;pre&gt;    public ArtifactRepository createArtifactRepository( String id, String url, String layoutId,
                                                        ArtifactRepositoryPolicy snapshots,
                                                        ArtifactRepositoryPolicy releases )
        throws UnknownRepositoryLayoutException
    {
        return injectSession( factory.createArtifactRepository( layoutId, url, layoutId, snapshots, releases ), true );
    }
&lt;/pre&gt;
&lt;/div&gt;&lt;/div&gt;

&lt;p&gt;Note that &lt;tt&gt;layoutId&lt;/tt&gt; is used twice and &lt;tt&gt;id&lt;/tt&gt; not at all. The result is that you get a remote repo apparently with an ID of &lt;tt&gt;default&lt;/tt&gt;, rather than e.g. &lt;tt&gt;central&lt;/tt&gt; as you intended.&lt;/p&gt;</description>
                <environment />
        <key id="12796008">MNG-5149</key>
            <summary>DefaultArtifactRepositoryFactory.createArtifactRepository overload w/ layoutId passes wrong (repo) id</summary>
                <type id="1" iconUrl="https://issues.apache.org/jira/secure/viewavatar?size=xsmall&amp;avatarId=21133&amp;avatarType=issuetype">Bug</type>
                                            <priority id="3" iconUrl="https://issues.apache.org/jira/images/icons/priorities/major.svg">Major</priority>
                        <status id="6" iconUrl="https://issues.apache.org/jira/images/icons/statuses/closed.png" description="The issue is considered finished, the resolution is correct. Issues which are not closed can be reopened.">Closed</status>
                    <statusCategory id="3" key="done" colorName="green" />
                                    <resolution id="1">Fixed</resolution>
                                        <assignee username="bentmann">Benjamin Bentmann</assignee>
                                    <reporter username="jglick">Jesse N. Glick</reporter>
                        <labels>
                    </labels>
                <created>Thu, 4 Aug 2011 18:31:10 +0000</created>
                <updated>Fri, 5 Aug 2011 04:27:08 +0000</updated>
                            <resolved>Fri, 5 Aug 2011 04:27:08 +0000</resolved>
                                    <version>3.0.3</version>
                                    <fixVersion>3.0.4</fixVersion>
                                    <component>Embedding</component>
                        <due />
                            <votes>0</votes>
                                    <watches>2</watches>
                                                                <comments>
                            <comment id="14417304" author="bentmann" created="Fri, 5 Aug 2011 04:27:08 +0000">&lt;p&gt;Good catch, fixed in &lt;a href="http://svn.apache.org/viewvc?view=revision&amp;amp;revision=1154138" class="external-link" target="_blank" rel="nofollow noopener"&gt;1154138&lt;/a&gt;.&lt;/p&gt;</comment>
                    </comments>
                    <attachments>
                    </attachments>
                <subtasks>
                    </subtasks>
                <customfields>
                                                                                                                                                                                                                                                                                                                                                                                                                                                                                                                                                                                                                                                                                                                    <customfield id="customfield_12314020" key="com.atlassian.jira.plugins.jira-development-integration-plugin:devsummary">
                        <customfieldname>Development</customfieldname>
                        <customfieldvalues>
                            
                        </customfieldvalues>
                    </customfield>
                                                                                                                        <customfield id="customfield_12313422" key="com.atlassian.jirafisheyeplugin:jobcheckbox">
                        <customfieldname>Enable Automatic Patch Review</customfieldname>
                        <customfieldvalues>
                            <customfieldvalue>false</customfieldvalue>

                        </customfieldvalues>
                    </customfield>
                                                                                                                                                                                                                                                                                                                                                                                                                                                                                                                                                                                                                    <customfield id="customfield_12310420" key="com.pyxis.greenhopper.jira:gh-global-rank">
                        <customfieldname>Global Rank</customfieldname>
                        <customfieldvalues>
                            <customfieldvalue>9223372036854775807</customfieldvalue>
                        </customfieldvalues>
                    </customfield>
                                                                                                                                                                                                                                                                                                                                                                                                                                                                        <customfield id="customfield_12311820" key="com.pyxis.greenhopper.jira:gh-lexo-rank">
                        <customfieldname>Rank</customfieldname>
                        <customfieldvalues>
                            <customfieldvalue>0|i28l87:</customfieldvalue>

                        </customfieldvalues>
                    </customfield>
                                                                <customfield id="customfield_12310920" key="com.pyxis.greenhopper.jira:gh-global-rank">
                        <customfieldname>Rank (Obsolete)</customfieldname>
                        <customfieldvalues>
                            <customfieldvalue>9223372036854775807</customfieldvalue>
                        </customfieldvalues>
                    </customfield>
                                                                                                                                                                                                                                                                                                                                                                                                                                                                                                                                                                                                                                                                                                                                                                                            </customfields>
    </item>


</channel>
</rss>