<rss version="0.92">
    <channel>
        <title>ASF JIRA</title>
        <link>https://issues.apache.org/jira/issues/?jql=project+%3D+MNG+and+type+%3D+bug+and+%28status+%3D+RESOLVED+or+status+%3D+closed%29</link>
        <description>An XML representation of a search request</description>
                <language>en-uk</language>
                        <issue start="0" end="1000" total="3303" />
                <build-info>
            <version>8.20.7</version>
            <build-number>820007</build-number>
            <build-date>16-03-2022</build-date>
        </build-info>

<item>
            <title>[MNG-5555] @parameter expression="${mojoExecution.lifecyclePhase}" does not work in 3.1.1</title>
                <link>https://issues.apache.org/jira/browse/MNG-5555</link>
                <project id="12316922" key="MNG">Maven</project>
                    <description>&lt;p&gt;Maven-core:3.1.1&lt;/p&gt;
&lt;div class="code panel" style="border-width: 1px;"&gt;&lt;div class="codeContent panelContent"&gt;
&lt;pre class="code-java"&gt;/**
  * @parameter expression=&lt;span class="code-quote"&gt;"${mojoExecution}"&lt;/span&gt;
*/
@Parameter(defaultValue = &lt;span class="code-quote"&gt;"${mojoExecution}"&lt;/span&gt;)
&lt;span class="code-keyword"&gt;private&lt;/span&gt; org.apache.maven.plugin.MojoExecution execution;
&lt;span class="code-keyword"&gt;public&lt;/span&gt; org.apache.maven.plugin.MojoExecution getExecution(){ &lt;span class="code-keyword"&gt;return&lt;/span&gt; execution; }
/**
 * @parameter expression=&lt;span class="code-quote"&gt;"${mojoExecution.lifecyclePhase}"&lt;/span&gt;
 */
@Parameter(defaultValue = &lt;span class="code-quote"&gt;"${mojoExecution.lifecyclePhase}"&lt;/span&gt;)
&lt;span class="code-keyword"&gt;private&lt;/span&gt; &lt;span class="code-object"&gt;String&lt;/span&gt; lifecyclePhase;
&lt;span class="code-keyword"&gt;public&lt;/span&gt; org.apache.maven.model.Plugin plugin=&lt;span class="code-keyword"&gt;new&lt;/span&gt; org.apache.maven.model.Plugin();
&lt;span class="code-keyword"&gt;public&lt;/span&gt; &lt;span class="code-object"&gt;String&lt;/span&gt; getLifecyclePhase()
{
	&lt;span class="code-keyword"&gt;if&lt;/span&gt;(lifecyclePhase==&lt;span class="code-keyword"&gt;null&lt;/span&gt;)
	{
		plugin.setGroupId(&lt;span class="code-quote"&gt;"org.apache.maven.plugins"&lt;/span&gt;);
		plugin.setArtifactId(&lt;span class="code-quote"&gt;"maven-compiler-plugin"&lt;/span&gt;);
		plugin.setVersion(&lt;span class="code-quote"&gt;"3.1"&lt;/span&gt;);
		&lt;span class="code-object"&gt;String&lt;/span&gt; goal=&lt;span class="code-quote"&gt;"compile"&lt;/span&gt;;
		&lt;span class="code-object"&gt;String&lt;/span&gt; executionId=&lt;span class="code-quote"&gt;"executionId"&lt;/span&gt;;
		&lt;span class="code-object"&gt;System&lt;/span&gt;.out.println(&lt;span class="code-quote"&gt;"CompilerMojoTestCase::getLifecyclePhase goal="&lt;/span&gt;+goal+&lt;span class="code-quote"&gt;" executionId="&lt;/span&gt;+executionId);
		org.apache.maven.plugin.MojoExecution mojo=&lt;span class="code-keyword"&gt;new&lt;/span&gt; org.apache.maven.plugin.MojoExecution((org.apache.maven.model.Plugin)plugin, goal, executionId );
		lifecyclePhase= mojo.getLifecyclePhase();
	}
	&lt;span class="code-keyword"&gt;return&lt;/span&gt; lifecyclePhase;
}&lt;/pre&gt;
&lt;/div&gt;&lt;/div&gt;
&lt;p&gt;produces:&lt;/p&gt;
&lt;div class="preformatted panel" style="border-width: 1px;"&gt;&lt;div class="preformattedContent panelContent"&gt;
&lt;pre&gt;CompilerMojoTestCase::getLifecyclePhase goal=compile executionId=executionId
CompilerMojoTestCase::testCompilerBasic LINE 143 getLifeyclePhase()=     null&lt;/pre&gt;
&lt;/div&gt;&lt;/div&gt;

&lt;p&gt;I am using 3.1.1 jars top to botton&lt;br/&gt;
why does lifecyclePhase always produce null?&lt;/p&gt;</description>
                <environment>JDK 1.7.0.25&lt;br/&gt;
maven 3.1.1&lt;br/&gt;
</environment>
        <key id="12796910">MNG-5555</key>
            <summary>@parameter expression="${mojoExecution.lifecyclePhase}" does not work in 3.1.1</summary>
                <type id="1" iconUrl="https://issues.apache.org/jira/secure/viewavatar?size=xsmall&amp;avatarId=21133&amp;avatarType=issuetype">Bug</type>
                                            <priority id="4" iconUrl="https://issues.apache.org/jira/images/icons/priorities/minor.svg">Minor</priority>
                        <status id="6" iconUrl="https://issues.apache.org/jira/images/icons/statuses/closed.png" description="The issue is considered finished, the resolution is correct. Issues which are not closed can be reopened.">Closed</status>
                    <statusCategory id="3" key="done" colorName="green" />
                                    <resolution id="8">Not A Problem</resolution>
                                        <assignee username="-1">Unassigned</assignee>
                                    <reporter username="mgainty">Martin Gainty</reporter>
                        <labels>
                    </labels>
                <created>Sun, 29 Dec 2013 07:52:59 +0000</created>
                <updated>Wed, 1 Jan 2014 08:53:38 +0000</updated>
                            <resolved>Wed, 1 Jan 2014 08:27:17 +0000</resolved>
                                    <version>3.1.0-alpha-1</version>
                                                    <component>Multiple Language Support</component>
                        <due />
                            <votes>0</votes>
                                    <watches>3</watches>
                                                                <comments>
                            <comment id="14421293" author="mgainty" created="Tue, 31 Dec 2013 06:45:29 +0000">&lt;p&gt;status changed to 'resolved' when implementing JDK 1.7.0_45&lt;br/&gt;
The bug is only reproducible with JDK 1.7.0_25&lt;br/&gt;
This is a JVM 1.7.0_25 specific bug and Not a maven bug&lt;br/&gt;
Martin Gainty&lt;br/&gt;
31 Dec 2013&lt;/p&gt;</comment>
                            <comment id="14418290" author="afloom" created="Wed, 1 Jan 2014 08:27:17 +0000">&lt;p&gt;Changing resolution to Not A Bug.&lt;/p&gt;</comment>
                    </comments>
                    <attachments>
                    </attachments>
                <subtasks>
                    </subtasks>
                <customfields>
                                                                                                                                                                                                                                                                                                                                                                                                                                                                                                                                                                                                                                                                                                                    <customfield id="customfield_12314020" key="com.atlassian.jira.plugins.jira-development-integration-plugin:devsummary">
                        <customfieldname>Development</customfieldname>
                        <customfieldvalues>
                            
                        </customfieldvalues>
                    </customfield>
                                                                                                                        <customfield id="customfield_12313422" key="com.atlassian.jirafisheyeplugin:jobcheckbox">
                        <customfieldname>Enable Automatic Patch Review</customfieldname>
                        <customfieldvalues>
                            <customfieldvalue>false</customfieldvalue>

                        </customfieldvalues>
                    </customfield>
                                                                                                                                                                                                                                                                                                                                                                                                                                                                                                                                                                                                                    <customfield id="customfield_12310420" key="com.pyxis.greenhopper.jira:gh-global-rank">
                        <customfieldname>Global Rank</customfieldname>
                        <customfieldvalues>
                            <customfieldvalue>9223372036854775807</customfieldvalue>
                        </customfieldvalues>
                    </customfield>
                                                                                                                                                                                                                                                                                                                                                                                                                                                                        <customfield id="customfield_12311820" key="com.pyxis.greenhopper.jira:gh-lexo-rank">
                        <customfieldname>Rank</customfieldname>
                        <customfieldvalues>
                            <customfieldvalue>0|i28yrz:</customfieldvalue>

                        </customfieldvalues>
                    </customfield>
                                                                <customfield id="customfield_12310920" key="com.pyxis.greenhopper.jira:gh-global-rank">
                        <customfieldname>Rank (Obsolete)</customfieldname>
                        <customfieldvalues>
                            <customfieldvalue>9223372036854775807</customfieldvalue>
                        </customfieldvalues>
                    </customfield>
                                                                                                                                                                                                                                                                                                                                                                                                                                                                                                                                                                                                                                                                                                                                                                                            </customfields>
    </item>


</channel>
</rss>