<rss version="0.92">
    <channel>
        <title>ASF JIRA</title>
        <link>https://issues.apache.org/jira/issues/?jql=project+%3D+MNG+and+type+%3D+bug+and+%28status+%3D+RESOLVED+or+status+%3D+closed%29</link>
        <description>An XML representation of a search request</description>
                <language>en-uk</language>
                        <issue start="0" end="1000" total="3303" />
                <build-info>
            <version>8.20.7</version>
            <build-number>820007</build-number>
            <build-date>16-03-2022</build-date>
        </build-info>

<item>
            <title>[MNG-5064] mvn -nsu (--no-snapshot-updates) should not download snapshots (and break local builds)</title>
                <link>https://issues.apache.org/jira/browse/MNG-5064</link>
                <project id="12316922" key="MNG">Maven</project>
                    <description>&lt;p&gt;Here's the command I ran (on a fresh morning, because our update policy is daily and our SNAPSHOTs are deployed by Hudson at night, with maven 3.0.3):&lt;/p&gt;

&lt;div class="code panel" style="border-width: 1px;"&gt;&lt;div class="codeContent panelContent"&gt;
&lt;pre class="code-java"&gt;$ mvn -nsu clean install -DskipTests
[INFO] Scanning &lt;span class="code-keyword"&gt;for&lt;/span&gt; projects...
Downloading: http:&lt;span class="code-comment"&gt;//repository.jboss.org/nexus/content/groups/&lt;span class="code-keyword"&gt;public&lt;/span&gt;/org/drools/droolsjbpm-parent/5.2.0-SNAPSHOT/maven-metadata.xml
&lt;/span&gt;...
[INFO] ------------------------------------------------------------------------
[INFO] Building Drools Planner core 5.2.0-SNAPSHOT
[INFO] ------------------------------------------------------------------------
Downloading: http:&lt;span class="code-comment"&gt;//repository.jboss.org/nexus/content/groups/&lt;span class="code-keyword"&gt;public&lt;/span&gt;/org/drools/knowledge-api/5.2.0-SNAPSHOT/maven-metadata.xml
&lt;/span&gt;Downloaded: http:&lt;span class="code-comment"&gt;//repository.jboss.org/nexus/content/groups/&lt;span class="code-keyword"&gt;public&lt;/span&gt;/org/drools/knowledge-api/5.2.0-SNAPSHOT/maven-metadata.xml (2 KB at 1.8 KB/sec)
&lt;/span&gt;Downloading: http:&lt;span class="code-comment"&gt;//repository.jboss.org/nexus/content/groups/&lt;span class="code-keyword"&gt;public&lt;/span&gt;/org/drools/knowledge-api/5.2.0-SNAPSHOT/knowledge-api-5.2.0-20110413.010206-9.pom
&lt;/span&gt;Downloaded: http:&lt;span class="code-comment"&gt;//repository.jboss.org/nexus/content/groups/&lt;span class="code-keyword"&gt;public&lt;/span&gt;/org/drools/knowledge-api/5.2.0-SNAPSHOT/knowledge-api-5.2.0-20110413.010206-9.pom (6 KB at 6.0 KB/sec)
&lt;/span&gt;...
Downloading: http:&lt;span class="code-comment"&gt;//repository.jboss.org/nexus/content/groups/&lt;span class="code-keyword"&gt;public&lt;/span&gt;/org/drools/knowledge-api/5.2.0-SNAPSHOT/knowledge-api-5.2.0-20110413.010206-9.jar
&lt;/span&gt;...
&lt;/pre&gt;
&lt;/div&gt;&lt;/div&gt;

&lt;p&gt;Despite that I added "&lt;del&gt;nsu" (also known as "&lt;/del&gt;-no-snapshot-updates"), it downloaded snapshots.&lt;/p&gt;

&lt;p&gt;This is a pretty bad thing, because if I hadn't pulled in days (and just wanted to test my local changes before merging in remote changes),&lt;br/&gt;
this would have broke my build, for example:&lt;/p&gt;
&lt;ul class="alternate" type="square"&gt;
	&lt;li&gt;because the parent pom in downloaded SNAPSHOT had a dependency removed which my local pom was still using (because I hadn't pulled the changes yet)&lt;/li&gt;
	&lt;li&gt;because the downloaded knowledge-api changed a non-released method signature (and I hadn't pulled the changes to deal with that yet).&lt;/li&gt;
	&lt;li&gt;...&lt;/li&gt;
&lt;/ul&gt;
</description>
                <environment />
        <key id="12797524">MNG-5064</key>
            <summary>mvn -nsu (--no-snapshot-updates) should not download snapshots (and break local builds)</summary>
                <type id="1" iconUrl="https://issues.apache.org/jira/secure/viewavatar?size=xsmall&amp;avatarId=21133&amp;avatarType=issuetype">Bug</type>
                                            <priority id="2" iconUrl="https://issues.apache.org/jira/images/icons/priorities/critical.svg">Critical</priority>
                        <status id="6" iconUrl="https://issues.apache.org/jira/images/icons/statuses/closed.png" description="The issue is considered finished, the resolution is correct. Issues which are not closed can be reopened.">Closed</status>
                    <statusCategory id="3" key="done" colorName="green" />
                                    <resolution id="1">Fixed</resolution>
                                        <assignee username="bentmann">Benjamin Bentmann</assignee>
                                    <reporter username="ge0ffrey.desmet">Geoffrey De Smet</reporter>
                        <labels>
                    </labels>
                <created>Wed, 13 Apr 2011 02:34:34 +0000</created>
                <updated>Wed, 14 Feb 2018 10:26:51 +0000</updated>
                            <resolved>Wed, 27 Jul 2011 05:29:17 +0000</resolved>
                                    <version>3.0.3</version>
                                    <fixVersion>3.0.4</fixVersion>
                                    <component>Command Line</component>
                        <due />
                            <votes>3</votes>
                                    <watches>7</watches>
                                                                <comments>
                            <comment id="14417265" author="bmargulies" created="Mon, 27 Jun 2011 18:19:07 +0000">&lt;p&gt;I just added an integration test to maven that does the right thing (doesn't download snapshots). It passes. &lt;/p&gt;

&lt;p&gt;Perhaps you could offer some additional thought as to what might be going on here?&lt;/p&gt;</comment>
                            <comment id="14417214" author="bmargulies" created="Mon, 27 Jun 2011 18:19:14 +0000">&lt;p&gt;/Users/benson/asf/mvn/core-integration-testing/core-it-suite svn log -r1140365&lt;br/&gt;
------------------------------------------------------------------------&lt;br/&gt;
r1140365 | bimargulies | 2011-06-27 19:17:28 -0400 (Mon, 27 Jun 2011) | 2 lines&lt;/p&gt;

&lt;p&gt;&lt;a href="https://issues.apache.org/jira/browse/MNG-5064" title="mvn -nsu (--no-snapshot-updates) should not download snapshots (and break local builds)" class="issue-link" data-issue-key="MNG-5064"&gt;&lt;del&gt;MNG-5064&lt;/del&gt;&lt;/a&gt;: add a test that seems to prove that this problem does not, in fact, exist.&lt;/p&gt;</comment>
                            <comment id="14421193" author="ge0ffrey.desmet" created="Wed, 27 Jul 2011 03:04:19 +0000">&lt;p&gt;Yet I have replicated it a couple of days on the command line. Strange.&lt;br/&gt;
Maybe, there's a difference between the command line and the test environment?&lt;/p&gt;

&lt;p&gt;I am using maven 3.0.3.&lt;/p&gt;

&lt;p&gt;Here's a replication of what I did (although there's might be a shorter reproduce recipe):&lt;/p&gt;

&lt;div class="code panel" style="border-width: 1px;"&gt;&lt;div class="codeContent panelContent"&gt;
&lt;pre class="code-java"&gt;&lt;span class="code-comment"&gt;// Use maven 3.0.3 on linux
&lt;/span&gt;
$ git clone git@github.com:droolsjbpm/droolsjbpm-build-bootstrap.git

&lt;span class="code-comment"&gt;// clones droolsjbpm-knowledge, then drools, then drools-planner, ...
&lt;/span&gt;$ droolsjbpm-build-bootstrap/script/git-clone-others.sh

&lt;span class="code-comment"&gt;// builds droolsjbpm-knowledge, then drools, then drools-planner, ...
&lt;/span&gt;$ droolsjbpm-build-bootstrap/script/mvn-all.sh clean install -DskipTests

&lt;span class="code-comment"&gt;// Note: drools-planner depends on a SNAPSHOT of drools
&lt;/span&gt;
&lt;span class="code-comment"&gt;// Wait one day
&lt;/span&gt;
$ cd drools-planner
$ mvn clean install -nsu -DskipTests
&lt;span class="code-comment"&gt;// It downloads drools-20110727-... pom and jar&lt;/span&gt;
&lt;/pre&gt;
&lt;/div&gt;&lt;/div&gt;</comment>
                            <comment id="14421198" author="ge0ffrey.desmet" created="Wed, 27 Jul 2011 03:06:33 +0000">&lt;p&gt;Note, we do have this is in our parent pom:&lt;/p&gt;

&lt;div class="code panel" style="border-width: 1px;"&gt;&lt;div class="codeContent panelContent"&gt;
&lt;pre class="code-java"&gt;  &amp;lt;repositories&amp;gt;
    &amp;lt;repository&amp;gt;
      &amp;lt;id&amp;gt;jboss-&lt;span class="code-keyword"&gt;public&lt;/span&gt;-repository-group&amp;lt;/id&amp;gt;
      ...
      &amp;lt;snapshots&amp;gt;
        &amp;lt;enabled&amp;gt;&lt;span class="code-keyword"&gt;true&lt;/span&gt;&amp;lt;/enabled&amp;gt;
        &amp;lt;updatePolicy&amp;gt;daily&amp;lt;/updatePolicy&amp;gt;
      &amp;lt;/snapshots&amp;gt;
    &amp;lt;/repository&amp;gt;
&lt;/pre&gt;
&lt;/div&gt;&lt;/div&gt;

&lt;p&gt;But the -nsu should take precedence over that updatePolicy=daily, because command line always overwrites configuration.&lt;br/&gt;
The workflow is:&lt;/p&gt;
&lt;ul class="alternate" type="square"&gt;
	&lt;li&gt;Either you've just git pulled, so you mvn build to fetch the latest snapshot (as previous snapshots might be binary incompatible with the latest code)&lt;/li&gt;
	&lt;li&gt;Or, you've haven't git pulled in a while, so you mvn -nsu build to verify your local changes and you don't want the latest snapshot (which might be binary incompatible because you don't have the latest code)&lt;/li&gt;
&lt;/ul&gt;
</comment>
                            <comment id="14417272" author="bentmann" created="Wed, 27 Jul 2011 05:29:17 +0000">&lt;p&gt;Fixed in &lt;a href="http://svn.apache.org/viewvc?view=revision&amp;amp;revision=1151418" class="external-link" target="_blank" rel="nofollow noopener"&gt;r1151418&lt;/a&gt;.&lt;/p&gt;</comment>
                            <comment id="14418304" author="michibk" created="Mon, 7 Oct 2013 10:33:33 +0000">&lt;p&gt;Hi,&lt;br/&gt;
For the 3.0.5 and 3.1.0 version of Maven it is not fixed yet.&lt;/p&gt;

&lt;p&gt;what I did:&lt;br/&gt;
1. I deleted the local .m2/repository/org/drools directory&lt;br/&gt;
2. I mvn clean install -nsu -Dfull -DskipTests the optaplanner project&lt;br/&gt;
   (optaplanner has dependencies to /drools - which are not anymore in the .m2)&lt;br/&gt;
   Optaplanner builds successfully although it needs /drools.&lt;br/&gt;
   I saw during the clean install that SNAPSHOTs of drools were downloaded. &lt;/p&gt;</comment>
                            <comment id="14551952" author="rmetzger" created="Wed, 20 May 2015 07:49:26 +0000">&lt;p&gt;I would like to reopen this issue, because -nsu is not working as expected in Maven 3.2.5.&lt;/p&gt;

&lt;p&gt;Steps to reproduce:&lt;/p&gt;
&lt;div class="code panel" style="border-width: 1px;"&gt;&lt;div class="codeContent panelContent"&gt;
&lt;pre class="code-java"&gt;mvn -v
Apache Maven 3.2.5 (NON-CANONICAL_2014-12-25T17:13:28_root; 2014-12-25T14:13:28+01:00)
Maven home: /opt/maven
Java version: 1.7.0_75, vendor: Oracle Corporation
Java home: /usr/lib/jvm/java-7-openjdk/jre
Default locale: en_US, platform encoding: UTF-8
OS name: &lt;span class="code-quote"&gt;"linux"&lt;/span&gt;, version: &lt;span class="code-quote"&gt;"3.18.6-1-arch"&lt;/span&gt;, arch: &lt;span class="code-quote"&gt;"amd64"&lt;/span&gt;, family: &lt;span class="code-quote"&gt;"unix"&lt;/span&gt;

robert@robert-da /tmp % git clone https:&lt;span class="code-comment"&gt;//github.com/apache/flink.git
&lt;/span&gt;Cloning into &lt;span class="code-quote"&gt;'flink'&lt;/span&gt;...
remote: Counting objects: 212056, done.
remote: Total 212056 (delta 0), reused 0 (delta 0), pack-reused 212056
Receiving objects: 100% (212056/212056), 47.07 MiB | 10.89 MiB/s, done.
Resolving deltas: 100% (102610/102610), done.
Checking connectivity... done.
robert@robert-da /tmp % cd flink
robert@robert-da /tmp/flink (git)-[master] % git checkout 912f8d90efef2912bd9aac7c0b44d05fd90d6803
Note: checking out &lt;span class="code-quote"&gt;'912f8d90efef2912bd9aac7c0b44d05fd90d6803'&lt;/span&gt;.
HEAD is now at 912f8d9... [gelly] renamed IncrementalSSSPExample -&amp;gt; IncrementalSSSP to match the &lt;span class="code-keyword"&gt;new&lt;/span&gt; examples naming scheme
robert@robert-da /tmp/flink (git)-[heads/master] % mvn clean install -nsu -DskipTests -Dmaven.repo.local=/tmp/test-mvn

&lt;/pre&gt;
&lt;/div&gt;&lt;/div&gt;

&lt;p&gt;later, you'll see:&lt;/p&gt;
&lt;div class="code panel" style="border-width: 1px;"&gt;&lt;div class="codeContent panelContent"&gt;
&lt;pre class="code-java"&gt;[INFO] ------------------------------------------------------------------------
[INFO] Building flink-language-binding-&lt;span class="code-keyword"&gt;generic&lt;/span&gt; 0.9-SNAPSHOT
[INFO] ------------------------------------------------------------------------
Downloading: http:&lt;span class="code-comment"&gt;//repository.apache.org/snapshots/org/apache/flink/flink-compiler/0.9-SNAPSHOT/maven-metadata.xml
&lt;/span&gt;Downloaded: http:&lt;span class="code-comment"&gt;//repository.apache.org/snapshots/org/apache/flink/flink-compiler/0.9-SNAPSHOT/maven-metadata.xml (2 KB at 0.8 KB/sec)
&lt;/span&gt;Downloading: http:&lt;span class="code-comment"&gt;//repository.apache.org/snapshots/org/apache/flink/flink-compiler/0.9-SNAPSHOT/flink-compiler-0.9-20150313.122611-190.pom
&lt;/span&gt;Downloaded: http:&lt;span class="code-comment"&gt;//repository.apache.org/snapshots/org/apache/flink/flink-compiler/0.9-SNAPSHOT/flink-compiler-0.9-20150313.122611-190.pom (4 KB at 5.7 KB/sec)
&lt;/span&gt;Downloading: http:&lt;span class="code-comment"&gt;//repository.apache.org/snapshots/org/apache/flink/flink-compiler/0.9-SNAPSHOT/flink-compiler-0.9-20150313.122611-190.jar
&lt;/span&gt;Downloaded: http:&lt;span class="code-comment"&gt;//repository.apache.org/snapshots/org/apache/flink/flink-compiler/0.9-SNAPSHOT/flink-compiler-0.9-20150313.122611-190.jar (2660 KB at 379.7 KB/sec)&lt;/span&gt;
&lt;/pre&gt;
&lt;/div&gt;&lt;/div&gt;

&lt;p&gt;and the build finishing with success, even though maven was downloading outdated snapshot versions.&lt;/p&gt;</comment>
                    </comments>
                <issuelinks>
                            <issuelinktype id="10032">
                    <name>Blocker</name>
                                            <outwardlinks description="blocks">
                                        <issuelink>
            <issuekey id="12831361">FLINK-2060</issuekey>
        </issuelink>
                            </outwardlinks>
                                                        </issuelinktype>
                            <issuelinktype id="12310260">
                    <name>Related</name>
                                                                <inwardlinks description="is related to">
                                        <issuelink>
            <issuekey id="12794559">MNG-2681</issuekey>
        </issuelink>
                            </inwardlinks>
                                    </issuelinktype>
                    </issuelinks>
                <attachments>
                    </attachments>
                <subtasks>
                    </subtasks>
                <customfields>
                                                                                                                                                                                                                                                                                                                                                                                                                                                                                                                                                                                                                                                                                                                    <customfield id="customfield_12314020" key="com.atlassian.jira.plugins.jira-development-integration-plugin:devsummary">
                        <customfieldname>Development</customfieldname>
                        <customfieldvalues>
                            
                        </customfieldvalues>
                    </customfield>
                                                                                                                        <customfield id="customfield_12313422" key="com.atlassian.jirafisheyeplugin:jobcheckbox">
                        <customfieldname>Enable Automatic Patch Review</customfieldname>
                        <customfieldvalues>
                            <customfieldvalue>false</customfieldvalue>

                        </customfieldvalues>
                    </customfield>
                                                                                                                                                                                                                                                                                                                                                                                                                                                                                                                                                                                                                    <customfield id="customfield_12310420" key="com.pyxis.greenhopper.jira:gh-global-rank">
                        <customfieldname>Global Rank</customfieldname>
                        <customfieldvalues>
                            <customfieldvalue>9223372036854775807</customfieldvalue>
                        </customfieldvalues>
                    </customfield>
                                                                                                                                                                                                                                                                                                                                                                                                                                                                        <customfield id="customfield_12311820" key="com.pyxis.greenhopper.jira:gh-lexo-rank">
                        <customfieldname>Rank</customfieldname>
                        <customfieldvalues>
                            <customfieldvalue>0|i29cjz:</customfieldvalue>

                        </customfieldvalues>
                    </customfield>
                                                                <customfield id="customfield_12310920" key="com.pyxis.greenhopper.jira:gh-global-rank">
                        <customfieldname>Rank (Obsolete)</customfieldname>
                        <customfieldvalues>
                            <customfieldvalue>9223372036854775807</customfieldvalue>
                        </customfieldvalues>
                    </customfield>
                                                                                                                                                                                                                                                                                                                                                                                                                                                                                                                                                                                                                                                                                                                                                                                            </customfields>
    </item>
</channel>
</rss>