<rss version="0.92">
    <channel>
        <title>ASF JIRA</title>
        <link>https://issues.apache.org/jira/issues/?jql=project+%3D+MNG+and+type+%3D+bug+and+%28status+%3D+RESOLVED+or+status+%3D+closed%29</link>
        <description>An XML representation of a search request</description>
                <language>en-uk</language>
                        <issue start="0" end="1000" total="3303" />
                <build-info>
            <version>8.20.7</version>
            <build-number>820007</build-number>
            <build-date>16-03-2022</build-date>
        </build-info>

<item>
            <title>[MNG-5891] Log file command line option description contains an extra word</title>
                <link>https://issues.apache.org/jira/browse/MNG-5891</link>
                <project id="12316922" key="MNG">Maven</project>
                    <description>&lt;p&gt;Help for logfile command line option prints the following.   &lt;/p&gt;

&lt;p&gt;&lt;tt&gt;Log file to where all build output will go.&lt;/tt&gt;&lt;/p&gt;

&lt;p&gt;Should probably drop &lt;tt&gt;to&lt;/tt&gt;&lt;/p&gt;</description>
                <environment />
        <key id="12895125">MNG-5891</key>
            <summary>Log file command line option description contains an extra word</summary>
                <type id="1" iconUrl="https://issues.apache.org/jira/secure/viewavatar?size=xsmall&amp;avatarId=21133&amp;avatarType=issuetype">Bug</type>
                                            <priority id="3" iconUrl="https://issues.apache.org/jira/images/icons/priorities/major.svg">Major</priority>
                        <status id="6" iconUrl="https://issues.apache.org/jira/images/icons/statuses/closed.png" description="The issue is considered finished, the resolution is correct. Issues which are not closed can be reopened.">Closed</status>
                    <statusCategory id="3" key="done" colorName="green" />
                                    <resolution id="1">Fixed</resolution>
                                        <assignee username="michael-o">Michael Osipov</assignee>
                                    <reporter username="kturner">Keith Turner</reporter>
                        <labels>
                    </labels>
                <created>Mon, 21 Sep 2015 14:02:20 +0000</created>
                <updated>Sat, 28 Mar 2020 14:59:21 +0000</updated>
                            <resolved>Mon, 21 Sep 2015 18:53:52 +0000</resolved>
                                    <version>3.3.3</version>
                                    <fixVersion>3.3.9</fixVersion>
                                        <due />
                            <votes>0</votes>
                                    <watches>5</watches>
                                                                <comments>
                            <comment id="14900729" author="githubbot" created="Mon, 21 Sep 2015 14:04:03 +0000">&lt;p&gt;Github user keith-turner commented on the pull request:&lt;/p&gt;

&lt;p&gt;    &lt;a href="https://github.com/apache/maven/pull/67#issuecomment-141991456" class="external-link" target="_blank" rel="nofollow noopener"&gt;https://github.com/apache/maven/pull/67#issuecomment-141991456&lt;/a&gt;&lt;/p&gt;

&lt;p&gt;    &lt;a href="https://issues.apache.org/jira/browse/MNG-5891" title="Log file command line option description contains an extra word" class="issue-link" data-issue-key="MNG-5891"&gt;&lt;del&gt;MNG-5891&lt;/del&gt;&lt;/a&gt;(&lt;a href="https://issues.apache.org/jira/browse/MNG-5891" class="external-link" rel="nofollow"&gt;https://issues.apache.org/jira/browse/MNG-5891&lt;/a&gt;)&lt;/p&gt;</comment>
                            <comment id="14901187" author="michael-o" created="Mon, 21 Sep 2015 18:53:52 +0000">&lt;p&gt;Pushed with &lt;a href="https://git-wip-us.apache.org/repos/asf?p=maven.git;a=commit;h=7f0e1b753868aa3baa146b34e5a1f9e4dc679eac" class="external-link" target="_blank" rel="nofollow noopener"&gt;https://git-wip-us.apache.org/repos/asf?p=maven.git;a=commit;h=7f0e1b753868aa3baa146b34e5a1f9e4dc679eac&lt;/a&gt;.&lt;/p&gt;</comment>
                            <comment id="14901205" author="hudson" created="Mon, 21 Sep 2015 19:04:38 +0000">&lt;p&gt;SUCCESS: Integrated in maven-3.x #1119 (See &lt;a href="https://builds.apache.org/job/maven-3.x/1119/" class="external-link" target="_blank" rel="nofollow noopener"&gt;https://builds.apache.org/job/maven-3.x/1119/&lt;/a&gt;)&lt;br/&gt;
&lt;a href="https://issues.apache.org/jira/browse/MNG-5891" title="Log file command line option description contains an extra word" class="issue-link" data-issue-key="MNG-5891"&gt;&lt;del&gt;MNG-5891&lt;/del&gt;&lt;/a&gt; Log file command line option description contains an extra word (michaelo: rev 7f0e1b753868aa3baa146b34e5a1f9e4dc679eac)&lt;/p&gt;
&lt;ul&gt;
	&lt;li&gt;maven-embedder/src/main/java/org/apache/maven/cli/CLIManager.java&lt;/li&gt;
&lt;/ul&gt;
</comment>
                            <comment id="17069610" author="hudson" created="Sat, 28 Mar 2020 14:59:21 +0000">&lt;p&gt;Build failed in Jenkins: Maven TLP &#187; maven-studies &#187; maven-metrics #4&lt;/p&gt;

&lt;p&gt;See &lt;a href="https://builds.apache.org/job/maven-box/job/maven-studies/job/maven-metrics/4/" class="external-link" target="_blank" rel="nofollow noopener"&gt;https://builds.apache.org/job/maven-box/job/maven-studies/job/maven-metrics/4/&lt;/a&gt;&lt;/p&gt;</comment>
                    </comments>
                    <attachments>
                    </attachments>
                <subtasks>
                    </subtasks>
                <customfields>
                                                                                                                                                                                                                                                                                                                                                                                                                                                                                                                                                                                                                                                                                                                    <customfield id="customfield_12314020" key="com.atlassian.jira.plugins.jira-development-integration-plugin:devsummary">
                        <customfieldname>Development</customfieldname>
                        <customfieldvalues>
                            
                        </customfieldvalues>
                    </customfield>
                                                                                                                        <customfield id="customfield_12313422" key="com.atlassian.jirafisheyeplugin:jobcheckbox">
                        <customfieldname>Enable Automatic Patch Review</customfieldname>
                        <customfieldvalues>
                            <customfieldvalue>false</customfieldvalue>

                        </customfieldvalues>
                    </customfield>
                                                                                                                                                                                                                                                                                                                                                                                                                                                                                                                                                                                                                    <customfield id="customfield_12310420" key="com.pyxis.greenhopper.jira:gh-global-rank">
                        <customfieldname>Global Rank</customfieldname>
                        <customfieldvalues>
                            <customfieldvalue>9223372036854775807</customfieldvalue>
                        </customfieldvalues>
                    </customfield>
                                                                                                                                                                                                                                                                                                                                                                                                                                                                        <customfield id="customfield_12311820" key="com.pyxis.greenhopper.jira:gh-lexo-rank">
                        <customfieldname>Rank</customfieldname>
                        <customfieldvalues>
                            <customfieldvalue>0|i2lchb:</customfieldvalue>

                        </customfieldvalues>
                    </customfield>
                                                                <customfield id="customfield_12310920" key="com.pyxis.greenhopper.jira:gh-global-rank">
                        <customfieldname>Rank (Obsolete)</customfieldname>
                        <customfieldvalues>
                            <customfieldvalue>9223372036854775807</customfieldvalue>
                        </customfieldvalues>
                    </customfield>
                                                                                                                                                                                                                                                                                                                                                                                                                                                                                                                                                                                                                                                                                                                                                                                            </customfields>
    </item>


</channel>
</rss>