<rss version="0.92">
    <channel>
        <title>ASF JIRA</title>
        <link>https://issues.apache.org/jira/issues/?jql=project+%3D+MNG+and+type+%3D+bug+and+%28status+%3D+RESOLVED+or+status+%3D+closed%29</link>
        <description>An XML representation of a search request</description>
                <language>en-uk</language>
                        <issue start="0" end="1000" total="3303" />
                <build-info>
            <version>8.20.7</version>
            <build-number>820007</build-number>
            <build-date>16-03-2022</build-date>
        </build-info>

<item>
            <title>[MNG-5541] Artifact are not getting downloaded from repository</title>
                <link>https://issues.apache.org/jira/browse/MNG-5541</link>
                <project id="12316922" key="MNG">Maven</project>
                    <description>&lt;p&gt;I was using bamboo server and nexus on single server and it was working fine. Recently we shifted our bamboo server and nexus server to new machine. Now both reside on different machine. So I changed my pom.xml to put nexus server path and tried to run build.xml but everytime I am getting same error. I contacted with bamboo and nexus both and they debug and found issue with maven. &lt;/p&gt;

&lt;p&gt;I am attaching all files here for reference. This is a very urgent issue from past 12 days and it is holding our migration. Please look into this asap. &lt;/p&gt;</description>
                <environment />
        <key id="12797457">MNG-5541</key>
            <summary>Artifact are not getting downloaded from repository</summary>
                <type id="1" iconUrl="https://issues.apache.org/jira/secure/viewavatar?size=xsmall&amp;avatarId=21133&amp;avatarType=issuetype">Bug</type>
                                            <priority id="2" iconUrl="https://issues.apache.org/jira/images/icons/priorities/critical.svg">Critical</priority>
                        <status id="6" iconUrl="https://issues.apache.org/jira/images/icons/statuses/closed.png" description="The issue is considered finished, the resolution is correct. Issues which are not closed can be reopened.">Closed</status>
                    <statusCategory id="3" key="done" colorName="green" />
                                    <resolution id="8">Not A Problem</resolution>
                                        <assignee username="-1">Unassigned</assignee>
                                    <reporter username="pgupta">pgupta</reporter>
                        <labels>
                    </labels>
                <created>Mon, 2 Dec 2013 05:40:14 +0000</created>
                <updated>Tue, 3 Dec 2013 05:59:41 +0000</updated>
                            <resolved>Tue, 3 Dec 2013 05:59:41 +0000</resolved>
                                                                    <component>Artifacts and Repositories</component>
                        <due />
                            <votes>0</votes>
                                    <watches>4</watches>
                                                                <comments>
                            <comment id="14418309" author="pgupta" created="Mon, 2 Dec 2013 05:43:05 +0000">&lt;p&gt;Settings.xml content &lt;/p&gt;

&lt;p&gt;&amp;lt;settings xmlns="http://maven.apache.org/SETTINGS/1.0.0" xmlns:xsi="http://www.w3.org/2001/XMLSchema-instance" xsi:schemaLocation="http://maven.&lt;br/&gt;
apache.org/SETTINGS/1.0.0&lt;br/&gt;
                                                                                                                                        &lt;a href="http://m" class="external-link" target="_blank" rel="nofollow noopener"&gt;http://m&lt;/a&gt;&lt;br/&gt;
aven.apache.org/xsd/settings-1.0.0.xsd"&amp;gt;&lt;br/&gt;
       &amp;lt;localRepository&amp;gt;${user.home}/.m2/repository&amp;lt;/localRepository&amp;gt;&lt;br/&gt;
       &amp;lt;interactiveMode&amp;gt;true&amp;lt;/interactiveMode&amp;gt;&lt;br/&gt;
       &amp;lt;usePluginRegistry&amp;gt;false&amp;lt;/usePluginRegistry&amp;gt;&lt;br/&gt;
       &amp;lt;offline&amp;gt;false&amp;lt;/offline&amp;gt;&lt;br/&gt;
       &amp;lt;pluginGroups&amp;gt;&lt;br/&gt;
        &amp;lt;pluginGroup&amp;gt;org.codehaus.mojo&amp;lt;/pluginGroup&amp;gt;&lt;br/&gt;
       &amp;lt;/pluginGroups&amp;gt;&lt;br/&gt;
       &amp;lt;servers&amp;gt;&lt;br/&gt;
         &amp;lt;server&amp;gt;&lt;br/&gt;
           &amp;lt;id&amp;gt;deployment&amp;lt;/id&amp;gt;&lt;br/&gt;
           &amp;lt;username&amp;gt;admin&amp;lt;/username&amp;gt;&lt;br/&gt;
           &amp;lt;password&amp;gt;admin123&amp;lt;/password&amp;gt;&lt;br/&gt;
           &amp;lt;!--&amp;lt;privateKey&amp;gt;${user.home}/.ssh/id_dsa&amp;lt;/privateKey&amp;gt;&lt;br/&gt;
           &amp;lt;passphrase&amp;gt;some_passphrase&amp;lt;/passphrase&amp;gt;--&amp;gt;&lt;br/&gt;
           &amp;lt;filePermissions&amp;gt;664&amp;lt;/filePermissions&amp;gt;&lt;br/&gt;
           &amp;lt;directoryPermissions&amp;gt;775&amp;lt;/directoryPermissions&amp;gt;&lt;br/&gt;
           &amp;lt;configuration&amp;gt;&amp;lt;/configuration&amp;gt;&lt;br/&gt;
         &amp;lt;/server&amp;gt;&lt;br/&gt;
       &amp;lt;/servers&amp;gt;&lt;br/&gt;
       &amp;lt;mirrors&amp;gt;&lt;br/&gt;
          &amp;lt;mirror&amp;gt;&lt;br/&gt;
              &amp;lt;id&amp;gt;nexus&amp;lt;/id&amp;gt;&lt;br/&gt;
              &amp;lt;mirrorOf&amp;gt;*&amp;lt;/mirrorOf&amp;gt;&lt;br/&gt;
              &amp;lt;url&amp;gt;&lt;a href="http://server:8081/nexus/content/groups/public" class="external-link" target="_blank" rel="nofollow noopener"&gt;http://server:8081/nexus/content/groups/public&lt;/a&gt;&amp;lt;/url&amp;gt;&lt;br/&gt;
           &amp;lt;/mirror&amp;gt;&lt;br/&gt;
       &amp;lt;/mirrors&amp;gt;&lt;br/&gt;
       &amp;lt;!--  &amp;lt;mirrors/&amp;gt;--&amp;gt;&lt;br/&gt;
       &amp;lt;proxies/&amp;gt;&lt;br/&gt;
         &amp;lt;profiles&amp;gt;&lt;br/&gt;
           &amp;lt;profile&amp;gt;&lt;br/&gt;
               &amp;lt;id&amp;gt;nexus&amp;lt;/id&amp;gt;&lt;br/&gt;
               &amp;lt;!--Enable snapshots for the built in central repo to direct --&amp;gt;&lt;br/&gt;
               &amp;lt;!--all requests to nexus via the mirror --&amp;gt;&lt;br/&gt;
               &amp;lt;repositories&amp;gt;&lt;br/&gt;
&amp;lt;!--all requests to nexus via the mirror --&amp;gt;&lt;br/&gt;
               &amp;lt;repositories&amp;gt;&lt;br/&gt;
                 &amp;lt;repository&amp;gt;&lt;br/&gt;
                    &amp;lt;id&amp;gt;Repo1 Maven&amp;lt;/id&amp;gt;&lt;br/&gt;
                    &amp;lt;url&amp;gt;&lt;a href="http://repo1.maven.org/maven2/" class="external-link" target="_blank" rel="nofollow noopener"&gt;http://repo1.maven.org/maven2/&lt;/a&gt;&amp;lt;/url&amp;gt;&lt;br/&gt;
                    &amp;lt;!-&lt;del&gt;&amp;lt;url&amp;gt;&lt;a href="http://central" class="external-link" target="_blank" rel="nofollow noopener"&gt;http://central&lt;/a&gt;&amp;lt;/url&amp;gt;&lt;/del&gt;-&amp;gt;&lt;br/&gt;
                    &amp;lt;releases&amp;gt;&lt;br/&gt;
                      &amp;lt;enabled&amp;gt;true&amp;lt;/enabled&amp;gt;&lt;br/&gt;
                      &amp;lt;updatePolicy&amp;gt;always&amp;lt;/updatePolicy&amp;gt;&lt;br/&gt;
                    &amp;lt;/releases&amp;gt;&lt;br/&gt;
                    &amp;lt;snapshots&amp;gt;&lt;br/&gt;
                        &amp;lt;enabled&amp;gt;true&amp;lt;/enabled&amp;gt;&lt;br/&gt;
                        &amp;lt;updatePolicy&amp;gt;never&amp;lt;/updatePolicy&amp;gt;&lt;br/&gt;
                    &amp;lt;/snapshots&amp;gt;&lt;br/&gt;
                 &amp;lt;/repository&amp;gt;&lt;br/&gt;
               &amp;lt;/repositories&amp;gt;&lt;br/&gt;
               &amp;lt;pluginRepositories&amp;gt;&lt;br/&gt;
                  &amp;lt;pluginRepository&amp;gt;&lt;br/&gt;
                    &amp;lt;id&amp;gt;thirdparty&amp;lt;/id&amp;gt;&lt;br/&gt;
                    &amp;lt;url&amp;gt;&lt;a href="http://thirdparty" class="external-link" target="_blank" rel="nofollow noopener"&gt;http://thirdparty&lt;/a&gt;&amp;lt;/url&amp;gt;&lt;br/&gt;
                    &amp;lt;releases&amp;gt;&lt;br/&gt;
                       &amp;lt;enabled&amp;gt;true&amp;lt;/enabled&amp;gt;&lt;br/&gt;
                       &amp;lt;updatePolicy&amp;gt;always&amp;lt;/updatePolicy&amp;gt;&lt;br/&gt;
                    &amp;lt;/releases&amp;gt;&lt;br/&gt;
                   &amp;lt;snapshots&amp;gt;&lt;br/&gt;
                       &amp;lt;enabled&amp;gt;true&amp;lt;/enabled&amp;gt;&lt;br/&gt;
                       &amp;lt;updatePolicy&amp;gt;never&amp;lt;/updatePolicy&amp;gt;&lt;br/&gt;
                   &amp;lt;/snapshots&amp;gt;&lt;br/&gt;
                  &amp;lt;/pluginRepository&amp;gt;&lt;br/&gt;
               &amp;lt;/pluginRepositories&amp;gt;&lt;br/&gt;
           &amp;lt;/profile&amp;gt;&lt;br/&gt;
         &amp;lt;/profiles&amp;gt;&lt;br/&gt;
         &amp;lt;activeProfiles&amp;gt;&lt;br/&gt;
             &amp;lt;!--make the profile active all the time --&amp;gt;&lt;br/&gt;
             &amp;lt;activeProfile&amp;gt;nexus&amp;lt;/activeProfile&amp;gt;&lt;br/&gt;
         &amp;lt;/activeProfiles&amp;gt;&lt;br/&gt;
         &amp;lt;!--   &amp;lt;profiles/&amp;gt;  &amp;lt;activeProfiles/&amp;gt;--&amp;gt;&lt;br/&gt;
 &amp;lt;/settings&amp;gt;&lt;/p&gt;</comment>
                            <comment id="14418345" author="rfscholte" created="Mon, 2 Dec 2013 12:16:18 +0000">&lt;blockquote&gt;&lt;p&gt;I contacted with bamboo and nexus both and they debug and found issue with maven&lt;/p&gt;&lt;/blockquote&gt;

&lt;p&gt;Did they gave any more details or just "it is not a problem of our product"?&lt;br/&gt;
Also add the output of &lt;tt&gt;mvn --version&lt;/tt&gt;&lt;/p&gt;</comment>
                            <comment id="14418249" author="pgupta" created="Mon, 2 Dec 2013 13:38:20 +0000">&lt;p&gt;They tried to debug the things and provided different solutions but didn't work. I am giving their ticket reference. Also I tried build with maven 2 and maven 3 but maven2 gives wagon-ftp and plexus artifact not found error at first place and if I commented out that code, it start giving error related to maven-clean-plugin. &lt;/p&gt;

&lt;p&gt;lease check and give me some input to resolve this issue asap. &lt;/p&gt;

&lt;p&gt;&lt;a href="https://support.sonatype.com/requests/3343" class="external-link" target="_blank" rel="nofollow noopener"&gt;https://support.sonatype.com/requests/3343&lt;/a&gt;&lt;/p&gt;

&lt;p&gt;&lt;a href="https://support.sonatype.com/requests/3274" class="external-link" target="_blank" rel="nofollow noopener"&gt;https://support.sonatype.com/requests/3274&lt;/a&gt;&lt;/p&gt;

&lt;p&gt;mvn --version ouput .&lt;/p&gt;

&lt;p&gt;&lt;span class="error"&gt;&amp;#91;appserv@lou-devbb01 wagon&amp;#93;&lt;/span&gt;$ mvn --version&lt;br/&gt;
Maven version: 2.0.9&lt;br/&gt;
Java version: 1.5.0_15&lt;br/&gt;
OS name: "linux" version: "2.6.32-358.18.1.el6.x86_64" arch: "amd64" Family: "unix"&lt;/p&gt;
</comment>
                            <comment id="14418355" author="rfscholte" created="Mon, 2 Dec 2013 14:17:15 +0000">&lt;p&gt;Assuming the only changes are the servers (Maven, Bamboo, Nexus, Operaton system are still the same) would suggest that it doesn't have to be a Maven problem, but something caused during the migration. Can you connect to Nexus from another machine? If so, try to empty the local repository of Bamboo.&lt;/p&gt;</comment>
                            <comment id="14418327" author="pgupta" created="Tue, 3 Dec 2013 05:34:59 +0000">&lt;p&gt;This issue got resolved. I made two changes. One in settings.xml as it was not taking ${user.home} value and unable to create .m2 directory at specified path.&lt;br/&gt;
Second I changed in nexus release configuration and enable redeploy. &lt;br/&gt;
Thanks for your help.&lt;/p&gt;</comment>
                            <comment id="14418265" author="afloom" created="Tue, 3 Dec 2013 05:59:41 +0000">&lt;p&gt;Changing resolution to "Not A Bug".&lt;/p&gt;</comment>
                    </comments>
                    <attachments>
                            <attachment id="12713405" name="REL35-LIB80-JOB1-145.log" size="201011" author="pgupta" created="Mon, 2 Dec 2013 05:43:05 +0000" />
                            <attachment id="12713329" name="allStaging-build.xml" size="32765" author="pgupta" created="Mon, 2 Dec 2013 05:43:05 +0000" />
                            <attachment id="12713232" name="pom.xml" size="21566" author="pgupta" created="Mon, 2 Dec 2013 05:43:05 +0000" />
                    </attachments>
                <subtasks>
                    </subtasks>
                <customfields>
                                                                                                                                                                                                                                                                                                                                                                                                                                                                                                                                                                                                                                                                                                                    <customfield id="customfield_12314020" key="com.atlassian.jira.plugins.jira-development-integration-plugin:devsummary">
                        <customfieldname>Development</customfieldname>
                        <customfieldvalues>
                            
                        </customfieldvalues>
                    </customfield>
                                                                                                                        <customfield id="customfield_12313422" key="com.atlassian.jirafisheyeplugin:jobcheckbox">
                        <customfieldname>Enable Automatic Patch Review</customfieldname>
                        <customfieldvalues>
                            <customfieldvalue>false</customfieldvalue>

                        </customfieldvalues>
                    </customfield>
                                                                                                                                                                                                                                                                                                                                                                                                                                                                                                                                                                                                                    <customfield id="customfield_12310420" key="com.pyxis.greenhopper.jira:gh-global-rank">
                        <customfieldname>Global Rank</customfieldname>
                        <customfieldvalues>
                            <customfieldvalue>9223372036854775807</customfieldvalue>
                        </customfieldvalues>
                    </customfield>
                                                                                                                                                                                                                                                                                                                                                                                                                                                                        <customfield id="customfield_12311820" key="com.pyxis.greenhopper.jira:gh-lexo-rank">
                        <customfieldname>Rank</customfieldname>
                        <customfieldvalues>
                            <customfieldvalue>0|i28m93:</customfieldvalue>

                        </customfieldvalues>
                    </customfield>
                                                                <customfield id="customfield_12310920" key="com.pyxis.greenhopper.jira:gh-global-rank">
                        <customfieldname>Rank (Obsolete)</customfieldname>
                        <customfieldvalues>
                            <customfieldvalue>9223372036854775807</customfieldvalue>
                        </customfieldvalues>
                    </customfield>
                                                                                                                                                                                                                                                                                                                                                                                                                                                                                                                                                                                                                                                                                                                                                                                            </customfields>
    </item>


</channel>
</rss>