<rss version="0.92">
    <channel>
        <title>ASF JIRA</title>
        <link>https://issues.apache.org/jira/issues/?jql=project+%3D+MNG+and+type+%3D+bug+and+%28status+%3D+RESOLVED+or+status+%3D+closed%29</link>
        <description>An XML representation of a search request</description>
                <language>en-uk</language>
                        <issue start="0" end="1000" total="3303" />
                <build-info>
            <version>8.20.7</version>
            <build-number>820007</build-number>
            <build-date>16-03-2022</build-date>
        </build-info>

<item>
            <title>[MNG-5611] Project properties are interpolated too late to be used in several parts of the pom</title>
                <link>https://issues.apache.org/jira/browse/MNG-5611</link>
                <project id="12316922" key="MNG">Maven</project>
                    <description>&lt;p&gt;I need projects that declare my pom as their parent to be able to define project properties to customize essential components of their build, such as repositories, pluginRepositories, and distributionManagement.&lt;/p&gt;

&lt;p&gt;For example:&lt;/p&gt;
&lt;div class="code panel" style="border-width: 1px;"&gt;&lt;div class="codeContent panelContent"&gt;
&lt;pre class="code-xml"&gt;&lt;span class="code-tag"&gt;&amp;lt;parent&amp;gt;&lt;/span&gt;
    &lt;span class="code-tag"&gt;&amp;lt;groupId&amp;gt;&lt;/span&gt;org.apache.maven.its.mng5611&lt;span class="code-tag"&gt;&amp;lt;/groupId&amp;gt;&lt;/span&gt;
    &lt;span class="code-tag"&gt;&amp;lt;artifactId&amp;gt;&lt;/span&gt;parent&lt;span class="code-tag"&gt;&amp;lt;/artifactId&amp;gt;&lt;/span&gt;
    &lt;span class="code-tag"&gt;&amp;lt;version&amp;gt;&lt;/span&gt;0.1&lt;span class="code-tag"&gt;&amp;lt;/version&amp;gt;&lt;/span&gt;
&lt;span class="code-tag"&gt;&amp;lt;/parent&amp;gt;&lt;/span&gt;

&lt;span class="code-tag"&gt;&amp;lt;properties&amp;gt;&lt;/span&gt;
    &amp;lt;!--
    Using properties allows repository definitions to be customized, enabled/disabled, and tuned by child projects
    which is useful when you have several repositories that can be configured with a few simple properties.
    --&amp;gt;
    &lt;span class="code-tag"&gt;&amp;lt;repo.url&amp;gt;&lt;/span&gt;http://repo.mysite.com/nexus/content&lt;span class="code-tag"&gt;&amp;lt;/repo.url&amp;gt;&lt;/span&gt;
    &lt;span class="code-tag"&gt;&amp;lt;repo.releases.enabled&amp;gt;&lt;/span&gt;true&lt;span class="code-tag"&gt;&amp;lt;/repo.releases.enabled&amp;gt;&lt;/span&gt;
    &lt;span class="code-tag"&gt;&amp;lt;repo.snapshots.enabled&amp;gt;&lt;/span&gt;false&lt;span class="code-tag"&gt;&amp;lt;/repo.snapshots.enabled&amp;gt;&lt;/span&gt;
    &lt;span class="code-tag"&gt;&amp;lt;repo.update&amp;gt;&lt;/span&gt;daily&lt;span class="code-tag"&gt;&amp;lt;/repo.update&amp;gt;&lt;/span&gt;
&lt;span class="code-tag"&gt;&amp;lt;/properties&amp;gt;&lt;/span&gt;

&lt;span class="code-tag"&gt;&amp;lt;repositories&amp;gt;&lt;/span&gt;
    &lt;span class="code-tag"&gt;&lt;span class="code-comment"&gt;&amp;lt;!-- Parent pom needs to be read from this repository --&amp;gt;&lt;/span&gt;&lt;/span&gt;
    &lt;span class="code-tag"&gt;&amp;lt;repository&amp;gt;&lt;/span&gt;
        &lt;span class="code-tag"&gt;&amp;lt;id&amp;gt;&lt;/span&gt;my-repo&lt;span class="code-tag"&gt;&amp;lt;/id&amp;gt;&lt;/span&gt;
        &lt;span class="code-tag"&gt;&amp;lt;name&amp;gt;&lt;/span&gt;My Repository&lt;span class="code-tag"&gt;&amp;lt;/name&amp;gt;&lt;/span&gt;
        &lt;span class="code-tag"&gt;&amp;lt;url&amp;gt;&lt;/span&gt;${repo.url}/groups/main-repo&lt;span class="code-tag"&gt;&amp;lt;/url&amp;gt;&lt;/span&gt;
        &lt;span class="code-tag"&gt;&amp;lt;releases&amp;gt;&lt;/span&gt;
            &lt;span class="code-tag"&gt;&amp;lt;enabled&amp;gt;&lt;/span&gt;${repo.releases.enabled}&lt;span class="code-tag"&gt;&amp;lt;/enabled&amp;gt;&lt;/span&gt;
            &lt;span class="code-tag"&gt;&amp;lt;updatePolicy&amp;gt;&lt;/span&gt;${repo.update}&lt;span class="code-tag"&gt;&amp;lt;/updatePolicy&amp;gt;&lt;/span&gt;
        &lt;span class="code-tag"&gt;&amp;lt;/releases&amp;gt;&lt;/span&gt;
        &lt;span class="code-tag"&gt;&amp;lt;snapshots&amp;gt;&lt;/span&gt;
            &lt;span class="code-tag"&gt;&amp;lt;enabled&amp;gt;&lt;/span&gt;${repo.snapshots.enabled}&lt;span class="code-tag"&gt;&amp;lt;/enabled&amp;gt;&lt;/span&gt;
            &lt;span class="code-tag"&gt;&amp;lt;updatePolicy&amp;gt;&lt;/span&gt;${repo.update}&lt;span class="code-tag"&gt;&amp;lt;/updatePolicy&amp;gt;&lt;/span&gt;
        &lt;span class="code-tag"&gt;&amp;lt;/snapshots&amp;gt;&lt;/span&gt;
    &lt;span class="code-tag"&gt;&amp;lt;/repository&amp;gt;&lt;/span&gt;
&lt;span class="code-tag"&gt;&amp;lt;/repositories&amp;gt;&lt;/span&gt;

&lt;span class="code-tag"&gt;&amp;lt;pluginRepositories&amp;gt;&lt;/span&gt;
    &lt;span class="code-tag"&gt;&amp;lt;pluginRepository&amp;gt;&lt;/span&gt;
        &lt;span class="code-tag"&gt;&amp;lt;id&amp;gt;&lt;/span&gt;my-plugin-repo&lt;span class="code-tag"&gt;&amp;lt;/id&amp;gt;&lt;/span&gt;
        &lt;span class="code-tag"&gt;&amp;lt;name&amp;gt;&lt;/span&gt;My Plugin Repository&lt;span class="code-tag"&gt;&amp;lt;/name&amp;gt;&lt;/span&gt;
        &lt;span class="code-tag"&gt;&amp;lt;url&amp;gt;&lt;/span&gt;${repo.url}/groups/plugin-repo&lt;span class="code-tag"&gt;&amp;lt;/url&amp;gt;&lt;/span&gt;
        &lt;span class="code-tag"&gt;&amp;lt;releases&amp;gt;&lt;/span&gt;
            &lt;span class="code-tag"&gt;&amp;lt;enabled&amp;gt;&lt;/span&gt;${repo.releases.enabled}&lt;span class="code-tag"&gt;&amp;lt;/enabled&amp;gt;&lt;/span&gt;
            &lt;span class="code-tag"&gt;&amp;lt;updatePolicy&amp;gt;&lt;/span&gt;${repo.update}&lt;span class="code-tag"&gt;&amp;lt;/updatePolicy&amp;gt;&lt;/span&gt;
        &lt;span class="code-tag"&gt;&amp;lt;/releases&amp;gt;&lt;/span&gt;
        &lt;span class="code-tag"&gt;&amp;lt;snapshots&amp;gt;&lt;/span&gt;
            &lt;span class="code-tag"&gt;&amp;lt;enabled&amp;gt;&lt;/span&gt;${repo.snapshots.enabled}&lt;span class="code-tag"&gt;&amp;lt;/enabled&amp;gt;&lt;/span&gt;
            &lt;span class="code-tag"&gt;&amp;lt;updatePolicy&amp;gt;&lt;/span&gt;${repo.update}&lt;span class="code-tag"&gt;&amp;lt;/updatePolicy&amp;gt;&lt;/span&gt;
        &lt;span class="code-tag"&gt;&amp;lt;/snapshots&amp;gt;&lt;/span&gt;
    &lt;span class="code-tag"&gt;&amp;lt;/pluginRepository&amp;gt;&lt;/span&gt;
&lt;span class="code-tag"&gt;&amp;lt;/pluginRepositories&amp;gt;&lt;/span&gt;
&lt;/pre&gt;
&lt;/div&gt;&lt;/div&gt;

&lt;p&gt;The bug is that the effective pom correctly shows these properties as being interpolated for the above repositories, however the Aether RemoteRepository objects for the above definitions are created before the pom's properties are interpolated. This results in unexpected behavior that can only be understood by attaching a debugger to the Maven build process. The above example fails, for example, if the above pom's parent is in the repository whose properties haven't been interpolated yet.&lt;/p&gt;

&lt;p&gt;The way I believe the properties interpolation process should work is that any time a project property is requested (as in the above examples), it should be interpolated based on the currently available project properties even if the entire project hierarchy has not yet been loaded.&lt;/p&gt;</description>
                <environment />
        <key id="12796292">MNG-5611</key>
            <summary>Project properties are interpolated too late to be used in several parts of the pom</summary>
                <type id="1" iconUrl="https://issues.apache.org/jira/secure/viewavatar?size=xsmall&amp;avatarId=21133&amp;avatarType=issuetype">Bug</type>
                                            <priority id="3" iconUrl="https://issues.apache.org/jira/images/icons/priorities/major.svg">Major</priority>
                        <status id="6" iconUrl="https://issues.apache.org/jira/images/icons/statuses/closed.png" description="The issue is considered finished, the resolution is correct. Issues which are not closed can be reopened.">Closed</status>
                    <statusCategory id="3" key="done" colorName="green" />
                                    <resolution id="10000">Auto Closed</resolution>
                                        <assignee username="-1">Unassigned</assignee>
                                    <reporter username="rptmaestro">Robert Thornton</reporter>
                        <labels>
                    </labels>
                <created>Tue, 25 Mar 2014 19:41:47 +0000</created>
                <updated>Fri, 16 Mar 2018 22:42:20 +0000</updated>
                            <resolved>Fri, 16 Mar 2018 22:42:20 +0000</resolved>
                                    <version>3.2.1</version>
                                                        <due />
                            <votes>0</votes>
                                    <watches>3</watches>
                                                                <comments>
                            <comment id="14419531" author="rptmaestro" created="Wed, 26 Mar 2014 12:33:41 +0000">&lt;p&gt;In experimenting with a potential fix that would make the runtime interpolation consistent with the effective pom, there are two aspects of how interpolation is being done that makes a fix for this issue difficult.&lt;/p&gt;

&lt;p&gt;First, the model is not interpolated until after all parent models have been read (in &lt;tt&gt;DefaultModelBuilder.build&lt;/tt&gt;) even though properties in the child model override properties in the parent.&lt;/p&gt;

&lt;p&gt;Applying the following line of code within the &lt;tt&gt;DefaultModelBuilder.build&lt;/tt&gt; method just before the call to &lt;tt&gt;readParent&lt;/tt&gt; allows the parent to be resolved from the remote repository using the properties defined in the project.&lt;/p&gt;

&lt;div class="code panel" style="border-width: 1px;"&gt;&lt;div class="codeContent panelContent"&gt;
&lt;pre class="code-java"&gt;tmpModel = interpolateModel(tmpModel, request, problems); &lt;span class="code-comment"&gt;// MNG-5611
&lt;/span&gt;currentData = readParent( tmpModel, currentData.getSource(), request, problems );
&lt;/pre&gt;
&lt;/div&gt;&lt;/div&gt;

&lt;p&gt;However, this exposes the second problem with how model interpolation is implemented. Two test case fail due to the parent model's properties overriding child properties as discovered from the following two integration tests:&lt;/p&gt;
&lt;div class="code panel" style="border-width: 1px;"&gt;&lt;div class="codeContent panelContent"&gt;
&lt;pre class="code-java"&gt;org.apache.maven.project.PomConstructiontest.testInheritedPropertiesInterpolatedWithValuesFromChildWithoutProfiles
org.apache.maven.project.PomConstructiontest.testInheritedPropertiesInterpolatedWithValuesFromChildWithActiveProfiles
&lt;/pre&gt;
&lt;/div&gt;&lt;/div&gt;

&lt;p&gt;I believe the reason these tests fail is that after the properties of the child project are interpolated (due to the potential fix in the code snippet above), it somehow causes the parent properties to override the child properties in the effective pom because after all project models are loaded, the properties are interpolated again en mass instead of "on-demand". But since the child properties in this use case would override any properties in the parent model anyway, it seems pointless to wait for the parent model to be loaded before these properties can be interpolated, especially when their interpolation is necessary to resolving the parent.&lt;/p&gt;

&lt;p&gt;I'm not sure if the current implementation for properties interpolation will allow for a resolution to this issue. But the problem, as I see it, is that the effective pom, which &lt;b&gt;does&lt;/b&gt; resolve these properties as expected does not accurately describe the model being used at the time the repositories are being used by the implementation.&lt;/p&gt;</comment>
                            <comment id="16403025" author="michael-o" created="Fri, 16 Mar 2018 22:42:20 +0000">&lt;p&gt;This issue has been auto closed because it has been inactive for a long period of time. If you think this issue still applies, retest your problem with the most recent version of Maven and the affected component, reopen and post your results.&lt;/p&gt;</comment>
                    </comments>
                    <attachments>
                    </attachments>
                <subtasks>
                    </subtasks>
                <customfields>
                                                                                                                                                                                                                                                                                                                                                                                                                                                                                                                                                                                                                                                                                                                    <customfield id="customfield_12314020" key="com.atlassian.jira.plugins.jira-development-integration-plugin:devsummary">
                        <customfieldname>Development</customfieldname>
                        <customfieldvalues>
                            
                        </customfieldvalues>
                    </customfield>
                                                                                                                        <customfield id="customfield_12313422" key="com.atlassian.jirafisheyeplugin:jobcheckbox">
                        <customfieldname>Enable Automatic Patch Review</customfieldname>
                        <customfieldvalues>
                            <customfieldvalue>false</customfieldvalue>

                        </customfieldvalues>
                    </customfield>
                                                                                                                                                                                                                                                                                                                                                                                                                                                                                                                                                                                                                    <customfield id="customfield_12310420" key="com.pyxis.greenhopper.jira:gh-global-rank">
                        <customfieldname>Global Rank</customfieldname>
                        <customfieldvalues>
                            <customfieldvalue>9223372036854775807</customfieldvalue>
                        </customfieldvalues>
                    </customfield>
                                                                                                                                                                                                                                                                                                                                                                                                                                                                        <customfield id="customfield_12311820" key="com.pyxis.greenhopper.jira:gh-lexo-rank">
                        <customfieldname>Rank</customfieldname>
                        <customfieldvalues>
                            <customfieldvalue>0|i293kf:</customfieldvalue>

                        </customfieldvalues>
                    </customfield>
                                                                <customfield id="customfield_12310920" key="com.pyxis.greenhopper.jira:gh-global-rank">
                        <customfieldname>Rank (Obsolete)</customfieldname>
                        <customfieldvalues>
                            <customfieldvalue>9223372036854775807</customfieldvalue>
                        </customfieldvalues>
                    </customfield>
                                                                                                                                                                                                                                                                                                                                                                                                                                                                                                                                                                                                                                                                                                                                                                                            </customfields>
    </item>


</channel>
</rss>