<rss version="0.92">
    <channel>
        <title>ASF JIRA</title>
        <link>https://issues.apache.org/jira/issues/?jql=project+%3D+MNG+and+type+%3D+bug+and+%28status+%3D+RESOLVED+or+status+%3D+closed%29</link>
        <description>An XML representation of a search request</description>
                <language>en-uk</language>
                        <issue start="0" end="1000" total="3303" />
                <build-info>
            <version>8.20.7</version>
            <build-number>820007</build-number>
            <build-date>16-03-2022</build-date>
        </build-info>

<item>
            <title>[MNG-5253] exception from mvn deploy, fails when the username and password are too secure/long</title>
                <link>https://issues.apache.org/jira/browse/MNG-5253</link>
                <project id="12316922" key="MNG">Maven</project>
                    <description>&lt;p&gt;If the combination of the username and password is too long, the Base64 encoder used inserts newlines in the encoded value, which is invalid&lt;/p&gt;

&lt;p&gt;java.lang.IllegalArgumentException: Illegal character(s) in message header value: Basic c29tZVVzZXJuYW1lOnNvbWVMb29vb29vb29vb29vb29vb29vb29vb29vb29vb29vb29vb29vb29v&lt;br/&gt;
b29vb29vb29vb29vb29vb29vb29vb29vb29vb29vb29vb29vbmdQYXNzd29yZA==&lt;br/&gt;
&lt;span class="error"&gt;&amp;#91;INFO&amp;#93;&lt;/span&gt; ------------------------------------------------------------------------&lt;br/&gt;
&lt;span class="error"&gt;&amp;#91;INFO&amp;#93;&lt;/span&gt; BUILD FAILURE&lt;br/&gt;
&lt;span class="error"&gt;&amp;#91;INFO&amp;#93;&lt;/span&gt; ------------------------------------------------------------------------&lt;/p&gt;

&lt;p&gt;Attaching a sample pom and settings, run 'mvn -s settings.xml deploy' to reproduce&lt;/p&gt;</description>
                <environment />
        <key id="12796059">MNG-5253</key>
            <summary>exception from mvn deploy, fails when the username and password are too secure/long</summary>
                <type id="1" iconUrl="https://issues.apache.org/jira/secure/viewavatar?size=xsmall&amp;avatarId=21133&amp;avatarType=issuetype">Bug</type>
                                            <priority id="3" iconUrl="https://issues.apache.org/jira/images/icons/priorities/major.svg">Major</priority>
                        <status id="6" iconUrl="https://issues.apache.org/jira/images/icons/statuses/closed.png" description="The issue is considered finished, the resolution is correct. Issues which are not closed can be reopened.">Closed</status>
                    <statusCategory id="3" key="done" colorName="green" />
                                    <resolution id="3">Duplicate</resolution>
                                        <assignee username="-1">Unassigned</assignee>
                                    <reporter username="sclasen">Scott Clasen</reporter>
                        <labels>
                    </labels>
                <created>Wed, 22 Feb 2012 18:56:02 +0000</created>
                <updated>Thu, 5 Jul 2012 19:48:15 +0000</updated>
                            <resolved>Thu, 5 Jul 2012 18:55:19 +0000</resolved>
                                    <version>3.0.3</version>
                                                        <due />
                            <votes>0</votes>
                                    <watches>3</watches>
                                                                <comments>
                            <comment id="14417745" author="baerrach" created="Thu, 5 Jul 2012 18:55:20 +0000">&lt;p&gt;See duplicate &lt;a href="https://issues.apache.org/jira/browse/WAGON-260" title="very long passwords cause LightweightHTTP wagon to line-wrap the Base64-encoded Authorization header" class="issue-link" data-issue-key="WAGON-260"&gt;&lt;del&gt;WAGON-260&lt;/del&gt;&lt;/a&gt; with workaround of setting password to no greater than 76 characters.&lt;/p&gt;</comment>
                            <comment id="14417569" author="sclasen" created="Thu, 5 Jul 2012 19:30:30 +0000">&lt;p&gt;Hmm the workaround to deploy failing when the password is too long is to not use a password that is too long??? Thats not a workaround.&lt;/p&gt;</comment>
                            <comment id="14417634" author="baerrach" created="Thu, 5 Jul 2012 19:35:05 +0000">&lt;p&gt;I know, but given that the bug is actually in the JVM, and one they have not fixed until Java 7 you do not have any other options.&lt;br/&gt;
A 76 character password is still secure enough.&lt;/p&gt;</comment>
                            <comment id="14417731" author="sclasen" created="Thu, 5 Jul 2012 19:48:15 +0000">&lt;p&gt;Hmm, this a base64 encoded combination of user and password, which is far less than a 76 char password, quite a blanket statement to just say its secure enough.&lt;/p&gt;

&lt;p&gt;i would suggest that the workaround is to use httpclient instead of HTTPURLConnection, but I assume this would have been done if it was something straightforward to do. &lt;/p&gt;

</comment>
                    </comments>
                    <attachments>
                            <attachment id="12712692" name="pom.xml" size="634" author="sclasen" created="Wed, 22 Feb 2012 18:56:03 +0000" />
                            <attachment id="12713101" name="settings.xml" size="241" author="sclasen" created="Wed, 22 Feb 2012 18:56:03 +0000" />
                    </attachments>
                <subtasks>
                    </subtasks>
                <customfields>
                                                                                                                                                                                                                                                                                                                                                                                                                                                                                                                                                                                                                                                                                                                    <customfield id="customfield_12314020" key="com.atlassian.jira.plugins.jira-development-integration-plugin:devsummary">
                        <customfieldname>Development</customfieldname>
                        <customfieldvalues>
                            
                        </customfieldvalues>
                    </customfield>
                                                                                                                        <customfield id="customfield_12313422" key="com.atlassian.jirafisheyeplugin:jobcheckbox">
                        <customfieldname>Enable Automatic Patch Review</customfieldname>
                        <customfieldvalues>
                            <customfieldvalue>false</customfieldvalue>

                        </customfieldvalues>
                    </customfield>
                                                                                                                                                                                                                                                                                                                                                                                                                                                                                                                                                                                                                    <customfield id="customfield_12310420" key="com.pyxis.greenhopper.jira:gh-global-rank">
                        <customfieldname>Global Rank</customfieldname>
                        <customfieldvalues>
                            <customfieldvalue>9223372036854775807</customfieldvalue>
                        </customfieldvalues>
                    </customfield>
                                                                                                                                                                                                                                                                                                                                                                                                                                                                        <customfield id="customfield_12311820" key="com.pyxis.greenhopper.jira:gh-lexo-rank">
                        <customfieldname>Rank</customfieldname>
                        <customfieldvalues>
                            <customfieldvalue>0|i291f3:</customfieldvalue>

                        </customfieldvalues>
                    </customfield>
                                                                <customfield id="customfield_12310920" key="com.pyxis.greenhopper.jira:gh-global-rank">
                        <customfieldname>Rank (Obsolete)</customfieldname>
                        <customfieldvalues>
                            <customfieldvalue>9223372036854775807</customfieldvalue>
                        </customfieldvalues>
                    </customfield>
                                                                                                                                                                                                                                                                                                                                                                                                                                                                                                                                                                                                                                                                                                        <customfield id="customfield_12312220" key="com.atlassian.jira.plugin.system.customfieldtypes:radiobuttons">
                        <customfieldname>Testcase included</customfieldname>
                        <customfieldvalues>
                                <customfieldvalue key="11060">Yes</customfieldvalue>

                        </customfieldvalues>
                    </customfield>
                                                                                                                        </customfields>
    </item>


</channel>
</rss>