<rss version="0.92">
    <channel>
        <title>ASF JIRA</title>
        <link>https://issues.apache.org/jira/issues/?jql=project+%3D+MNG+and+type+%3D+bug+and+%28status+%3D+RESOLVED+or+status+%3D+closed%29</link>
        <description>An XML representation of a search request</description>
                <language>en-uk</language>
                        <issue start="0" end="1000" total="3303" />
                <build-info>
            <version>8.20.7</version>
            <build-number>820007</build-number>
            <build-date>16-03-2022</build-date>
        </build-info>

<item>
            <title>[MNG-5622] Provided dependencies updated to 'compile' even when excluded</title>
                <link>https://issues.apache.org/jira/browse/MNG-5622</link>
                <project id="12316922" key="MNG">Maven</project>
                    <description>&lt;p&gt;I have a project A with the following dependency:&lt;/p&gt;

&lt;div class="code panel" style="border-width: 1px;"&gt;&lt;div class="codeContent panelContent"&gt;
&lt;pre class="code-java"&gt; &amp;lt;dependency&amp;gt;
        &amp;lt;groupId&amp;gt;dom4j&amp;lt;/groupId&amp;gt;
        &amp;lt;artifactId&amp;gt;dom4j&amp;lt;/artifactId&amp;gt;
        &amp;lt;version&amp;gt;1.6.1&amp;lt;/version&amp;gt;
    &amp;lt;/dependency&amp;gt;
&lt;/pre&gt;
&lt;/div&gt;&lt;/div&gt;
&lt;p&gt;&lt;em&gt;dom4j&lt;/em&gt; has a compile dependency &lt;em&gt;xml-api&lt;/em&gt;. &lt;/p&gt;

&lt;p&gt;In the project B, I use project A as a provided dependency. And it has another dependency:&lt;/p&gt;
&lt;div class="code panel" style="border-width: 1px;"&gt;&lt;div class="codeContent panelContent"&gt;
&lt;pre class="code-java"&gt;&amp;lt;!-- dom4j is a dependency of poi-ooxml --&amp;gt;
      &amp;lt;dependency&amp;gt;
        &amp;lt;groupId&amp;gt;org.apache.poi&amp;lt;/groupId&amp;gt;
        &amp;lt;artifactId&amp;gt;poi-ooxml&amp;lt;/artifactId&amp;gt;
        &amp;lt;version&amp;gt;3.9&amp;lt;/version&amp;gt;
        &amp;lt;exclusions&amp;gt;
          &amp;lt;exclusion&amp;gt;
            &amp;lt;groupId&amp;gt;xml-apis&amp;lt;/groupId&amp;gt;
            &amp;lt;artifactId&amp;gt;xml-apis&amp;lt;/artifactId&amp;gt;
          &amp;lt;/exclusion&amp;gt;
        &amp;lt;/exclusions&amp;gt; 
      &amp;lt;/dependency&amp;gt;
&lt;/pre&gt;
&lt;/div&gt;&lt;/div&gt;

&lt;p&gt;So, what happens is maven 3.2.1 adds xml-api as a compile dependency regardless if you exclude it from poi-ooxml. &lt;/p&gt;

&lt;p&gt;As far as I understood, maven is getting project A dependencies, and finds a &lt;em&gt;dom4j&lt;/em&gt;. It was initially supposed to be &lt;a href="http://maven.apache.org/guides/introduction/introduction-to-dependency-mechanism.html#Dependency_Scope" class="external-link" target="_blank" rel="nofollow noopener"&gt;provided&lt;/a&gt;, but the compile dependency &lt;em&gt;poi-ooxml&lt;/em&gt; has &lt;em&gt;dom4j&lt;/em&gt; as a transitive compile dependency - so maven correctly updates &lt;em&gt;dom4j&lt;/em&gt; scope to compile.&lt;br/&gt;
The problem is, because it's adding &lt;em&gt;dom4j&lt;/em&gt; to compile scope, it decides to upgrade &lt;em&gt;xml-api&lt;/em&gt; to a compile dependency, &lt;b&gt;even if we excluded it&lt;/b&gt; in the first place. &lt;/p&gt;

&lt;p&gt;The obvious workaround is to exclude &lt;em&gt;dom4j&lt;/em&gt; from &lt;em&gt;poi-ooxml&lt;/em&gt;.  &lt;/p&gt;

&lt;p&gt;I'm not sure if this is the expected behaviour, or just a corner case. I couldn't find any valid documentation about that case. &lt;br/&gt;
This is a possible duplicate of &lt;a href="https://issues.apache.org/jira/browse/MNG-5404" title="Wrong resolution of dependency scope by Maven 3" class="issue-link" data-issue-key="MNG-5404"&gt;MNG-5404&lt;/a&gt;, but it looks slightly different. I wonder if they have the same root cause. &lt;/p&gt;

&lt;p&gt;To run the test attached, "mvn package dependency:tree" will do it. dependency:2.8:tree is showing the same resolution tree as maven itself. &lt;/p&gt;</description>
                <environment />
        <key id="12797252">MNG-5622</key>
            <summary>Provided dependencies updated to 'compile' even when excluded</summary>
                <type id="1" iconUrl="https://issues.apache.org/jira/secure/viewavatar?size=xsmall&amp;avatarId=21133&amp;avatarType=issuetype">Bug</type>
                                            <priority id="4" iconUrl="https://issues.apache.org/jira/images/icons/priorities/minor.svg">Minor</priority>
                        <status id="6" iconUrl="https://issues.apache.org/jira/images/icons/statuses/closed.png" description="The issue is considered finished, the resolution is correct. Issues which are not closed can be reopened.">Closed</status>
                    <statusCategory id="3" key="done" colorName="green" />
                                    <resolution id="4">Incomplete</resolution>
                                        <assignee username="-1">Unassigned</assignee>
                                    <reporter username="cintiadr">Cintia DR</reporter>
                        <labels>
                            <label>needs-attention</label>
                    </labels>
                <created>Sun, 20 Apr 2014 08:57:33 +0000</created>
                <updated>Mon, 17 Aug 2020 11:44:43 +0000</updated>
                            <resolved>Mon, 17 Aug 2020 11:44:43 +0000</resolved>
                                    <version>3.0.5</version>
                    <version>3.2.1</version>
                                                    <component>Dependencies</component>
                        <due />
                            <votes>1</votes>
                                    <watches>4</watches>
                                                                <comments>
                            <comment id="17129801" author="michael-o" created="Tue, 9 Jun 2020 21:01:57 +0000">&lt;p&gt;This is the tree I see with Maven 3.7.0-SNAPSHOT:&lt;/p&gt;
&lt;div class="preformatted panel" style="border-width: 1px;"&gt;&lt;div class="preformattedContent panelContent"&gt;
&lt;pre&gt;[INFO] --- maven-dependency-plugin:2.8:tree (default-cli) @ example-excluding-jar ---
[INFO] com.mycompany.app:example-excluding-jar:jar:1.0-SNAPSHOT
[INFO] +- com.mycompany.app:example-provided-jar:jar:1.0-SNAPSHOT:provided
[INFO] |  \- dom4j:dom4j:jar:1.6.1:compile
[INFO] |     \- xml-apis:xml-apis:jar:1.0.b2:compile
[INFO] +- junit:junit:jar:3.8.1:test
[INFO] \- org.apache.poi:poi-ooxml:jar:3.9:compile
[INFO]    +- org.apache.poi:poi:jar:3.9:compile
[INFO]    |  \- commons-codec:commons-codec:jar:1.5:compile
[INFO]    \- org.apache.poi:poi-ooxml-schemas:jar:3.9:compile
[INFO]       \- org.apache.xmlbeans:xmlbeans:jar:2.3.0:compile
[INFO]          \- stax:stax-api:jar:1.0.1:compile
&lt;/pre&gt;
&lt;/div&gt;&lt;/div&gt;

&lt;p&gt;Please provide a mockup tree you expect to see.&lt;/p&gt;</comment>
                            <comment id="17178929" author="michael-o" created="Mon, 17 Aug 2020 11:44:43 +0000">&lt;p&gt;No further information provided.&lt;/p&gt;</comment>
                    </comments>
                <issuelinks>
                            <issuelinktype id="12310260">
                    <name>Related</name>
                                            <outwardlinks description="relates to">
                                        <issuelink>
            <issuekey id="12796134">MNG-5404</issuekey>
        </issuelink>
                            </outwardlinks>
                                                        </issuelinktype>
                    </issuelinks>
                <attachments>
                            <attachment id="12713238" name="dependencies-maven.tar.gz" size="6971" author="cintiadr" created="Sun, 20 Apr 2014 08:57:33 +0000" />
                    </attachments>
                <subtasks>
                    </subtasks>
                <customfields>
                                                                                                                                                                                                                                                                                                                                                                                                                                                                                                                                                                                                                                                                                                                    <customfield id="customfield_12314020" key="com.atlassian.jira.plugins.jira-development-integration-plugin:devsummary">
                        <customfieldname>Development</customfieldname>
                        <customfieldvalues>
                            
                        </customfieldvalues>
                    </customfield>
                                                                                                                        <customfield id="customfield_12313422" key="com.atlassian.jirafisheyeplugin:jobcheckbox">
                        <customfieldname>Enable Automatic Patch Review</customfieldname>
                        <customfieldvalues>
                            <customfieldvalue>false</customfieldvalue>

                        </customfieldvalues>
                    </customfield>
                                                                                                                                                                                                                                                                                                                                                                                                                                                                                                                                                                                                                    <customfield id="customfield_12310420" key="com.pyxis.greenhopper.jira:gh-global-rank">
                        <customfieldname>Global Rank</customfieldname>
                        <customfieldvalues>
                            <customfieldvalue>9223372036854775807</customfieldvalue>
                        </customfieldvalues>
                    </customfield>
                                                                                                                                                                                                                                                                                                                                                                                                                                                                        <customfield id="customfield_12311820" key="com.pyxis.greenhopper.jira:gh-lexo-rank">
                        <customfieldname>Rank</customfieldname>
                        <customfieldvalues>
                            <customfieldvalue>0|i294q7:</customfieldvalue>

                        </customfieldvalues>
                    </customfield>
                                                                <customfield id="customfield_12310920" key="com.pyxis.greenhopper.jira:gh-global-rank">
                        <customfieldname>Rank (Obsolete)</customfieldname>
                        <customfieldvalues>
                            <customfieldvalue>9223372036854775807</customfieldvalue>
                        </customfieldvalues>
                    </customfield>
                                                                                                                                                                                                                                                                                                                                                                                                                                                                                                                                                                                                                                                                                                        <customfield id="customfield_12312220" key="com.atlassian.jira.plugin.system.customfieldtypes:radiobuttons">
                        <customfieldname>Testcase included</customfieldname>
                        <customfieldvalues>
                                <customfieldvalue key="11060">Yes</customfieldvalue>

                        </customfieldvalues>
                    </customfield>
                                                                                                                        </customfields>
    </item>


</channel>
</rss>