<rss version="0.92">
    <channel>
        <title>ASF JIRA</title>
        <link>https://issues.apache.org/jira/issues/?jql=project+%3D+MNG+and+type+%3D+bug+and+%28status+%3D+RESOLVED+or+status+%3D+closed%29</link>
        <description>An XML representation of a search request</description>
                <language>en-uk</language>
                        <issue start="0" end="1000" total="3303" />
                <build-info>
            <version>8.20.7</version>
            <build-number>820007</build-number>
            <build-date>16-03-2022</build-date>
        </build-info>

<item>
            <title>[MNG-5459] failure to resolve pom artifact from snapshotVersion in maven-metadata.xml</title>
                <link>https://issues.apache.org/jira/browse/MNG-5459</link>
                <project id="12316922" key="MNG">Maven</project>
                    <description>&lt;p&gt;We're using Artifactory on the server side, and ivy / sbt to publish artifacts  upstream.&lt;/p&gt;

&lt;p&gt;After publishing several -SNAPSHOT versions of a project, trying to use it from Maven, resulted in a warning and ultimately a build failure because it cannot determine the dependencies:&lt;/p&gt;

&lt;div class="code panel" style="border-width: 1px;"&gt;&lt;div class="codeContent panelContent"&gt;
&lt;pre class="code-java"&gt;[WARNING] The POM &lt;span class="code-keyword"&gt;for&lt;/span&gt; com.foo:bar:jar:0.4.0-20130404.093655-3 is missing, no dependency information available&lt;/pre&gt;
&lt;/div&gt;&lt;/div&gt;

&lt;p&gt;This is the corresponding maven-metadata-snapshots.xml:&lt;/p&gt;
&lt;div class="code panel" style="border-width: 1px;"&gt;&lt;div class="codeContent panelContent"&gt;
&lt;pre class="code-xml"&gt;&lt;span class="code-tag"&gt;&amp;lt;metadata&amp;gt;&lt;/span&gt;
  &lt;span class="code-tag"&gt;&amp;lt;groupId&amp;gt;&lt;/span&gt;com.foo&lt;span class="code-tag"&gt;&amp;lt;/groupId&amp;gt;&lt;/span&gt;
  &lt;span class="code-tag"&gt;&amp;lt;artifactId&amp;gt;&lt;/span&gt;bar&lt;span class="code-tag"&gt;&amp;lt;/artifactId&amp;gt;&lt;/span&gt;
  &lt;span class="code-tag"&gt;&amp;lt;version&amp;gt;&lt;/span&gt;0.4.0-SNAPSHOT&lt;span class="code-tag"&gt;&amp;lt;/version&amp;gt;&lt;/span&gt;
  &lt;span class="code-tag"&gt;&amp;lt;versioning&amp;gt;&lt;/span&gt;
    &lt;span class="code-tag"&gt;&amp;lt;snapshot&amp;gt;&lt;/span&gt;
      &lt;span class="code-tag"&gt;&amp;lt;timestamp&amp;gt;&lt;/span&gt;20130404.090532&lt;span class="code-tag"&gt;&amp;lt;/timestamp&amp;gt;&lt;/span&gt;
      &lt;span class="code-tag"&gt;&amp;lt;buildNumber&amp;gt;&lt;/span&gt;2&lt;span class="code-tag"&gt;&amp;lt;/buildNumber&amp;gt;&lt;/span&gt;
    &lt;span class="code-tag"&gt;&amp;lt;/snapshot&amp;gt;&lt;/span&gt;
    &lt;span class="code-tag"&gt;&amp;lt;lastUpdated&amp;gt;&lt;/span&gt;20130404093657&lt;span class="code-tag"&gt;&amp;lt;/lastUpdated&amp;gt;&lt;/span&gt;
    &lt;span class="code-tag"&gt;&amp;lt;snapshotVersions&amp;gt;&lt;/span&gt;
      &lt;span class="code-tag"&gt;&amp;lt;snapshotVersion&amp;gt;&lt;/span&gt;
        &lt;span class="code-tag"&gt;&amp;lt;extension&amp;gt;&lt;/span&gt;pom&lt;span class="code-tag"&gt;&amp;lt;/extension&amp;gt;&lt;/span&gt;
        &lt;span class="code-tag"&gt;&amp;lt;value&amp;gt;&lt;/span&gt;0.4.0-20130404.090532-2&lt;span class="code-tag"&gt;&amp;lt;/value&amp;gt;&lt;/span&gt;
        &lt;span class="code-tag"&gt;&amp;lt;updated&amp;gt;&lt;/span&gt;20130404090532&lt;span class="code-tag"&gt;&amp;lt;/updated&amp;gt;&lt;/span&gt;
      &lt;span class="code-tag"&gt;&amp;lt;/snapshotVersion&amp;gt;&lt;/span&gt;
      &lt;span class="code-tag"&gt;&amp;lt;snapshotVersion&amp;gt;&lt;/span&gt;
        &lt;span class="code-tag"&gt;&amp;lt;extension&amp;gt;&lt;/span&gt;jar&lt;span class="code-tag"&gt;&amp;lt;/extension&amp;gt;&lt;/span&gt;
        &lt;span class="code-tag"&gt;&amp;lt;value&amp;gt;&lt;/span&gt;0.4.0-20130404.093655-3&lt;span class="code-tag"&gt;&amp;lt;/value&amp;gt;&lt;/span&gt;
        &lt;span class="code-tag"&gt;&amp;lt;updated&amp;gt;&lt;/span&gt;20130404093655&lt;span class="code-tag"&gt;&amp;lt;/updated&amp;gt;&lt;/span&gt;
      &lt;span class="code-tag"&gt;&amp;lt;/snapshotVersion&amp;gt;&lt;/span&gt;
    &lt;span class="code-tag"&gt;&amp;lt;/snapshotVersions&amp;gt;&lt;/span&gt;
  &lt;span class="code-tag"&gt;&amp;lt;/versioning&amp;gt;&lt;/span&gt;
&lt;span class="code-tag"&gt;&amp;lt;/metadata&amp;gt;&lt;/span&gt;
&lt;/pre&gt;
&lt;/div&gt;&lt;/div&gt;

&lt;p&gt;As you can see, the &amp;lt;value&amp;gt; for the jar artifact and the pom artifact differ:&lt;/p&gt;

&lt;p&gt;0.4.0-20130404.093655-3&lt;br/&gt;
0.4.0-20130404.090532-2&lt;/p&gt;

&lt;p&gt;Apparently, artifactory optimizes the case when an artifact doesn't change; it does not create a new file, but just links to the existing one.&lt;/p&gt;

&lt;p&gt;Maven, however, takes a shortcut and makes the erroneous assumption that the values for pom and jar artifact always match up.&lt;/p&gt;

&lt;p&gt;The attached patch fixes this.&lt;/p&gt;</description>
                <environment />
        <key id="12796726">MNG-5459</key>
            <summary>failure to resolve pom artifact from snapshotVersion in maven-metadata.xml</summary>
                <type id="1" iconUrl="https://issues.apache.org/jira/secure/viewavatar?size=xsmall&amp;avatarId=21133&amp;avatarType=issuetype">Bug</type>
                                            <priority id="3" iconUrl="https://issues.apache.org/jira/images/icons/priorities/major.svg">Major</priority>
                        <status id="6" iconUrl="https://issues.apache.org/jira/images/icons/statuses/closed.png" description="The issue is considered finished, the resolution is correct. Issues which are not closed can be reopened.">Closed</status>
                    <statusCategory id="3" key="done" colorName="green" />
                                    <resolution id="1">Fixed</resolution>
                                        <assignee username="rfscholte">Robert Scholte</assignee>
                                    <reporter username="cbley">Claudio Bley</reporter>
                        <labels>
                    </labels>
                <created>Fri, 5 Apr 2013 01:21:05 +0000</created>
                <updated>Sat, 28 Mar 2020 14:56:55 +0000</updated>
                            <resolved>Mon, 26 Aug 2013 13:15:14 +0000</resolved>
                                    <version>3.0.5</version>
                    <version>3.1.0</version>
                                    <fixVersion>3.1.1</fixVersion>
                                    <component>Artifacts and Repositories</component>
                        <due />
                            <votes>0</votes>
                                    <watches>4</watches>
                                                                <comments>
                            <comment id="14418301" author="rfscholte" created="Sat, 24 Aug 2013 09:30:46 +0000">&lt;p&gt;Here's the start of the unittest. &lt;br/&gt;
The &lt;span class="error"&gt;&amp;#91;WARNING&amp;#93;&lt;/span&gt; you see is a translation in Maven Core( org.apache.maven.LoggingRepositoryListener.artifactDescriptorMissing(RepositoryEvent) ).&lt;br/&gt;
However, I still get the &lt;tt&gt;-SNAPSHOT&lt;/tt&gt; version instead of the timestamped value, so I must be missing something.&lt;br/&gt;
If anyone can find that cause, I can apply both test and fix.&lt;/p&gt;</comment>
                            <comment id="14418165" author="rfscholte" created="Mon, 26 Aug 2013 13:15:14 +0000">&lt;p&gt;Fixed in &lt;a href="http://git-wip-us.apache.org/repos/asf/maven/commit/c225847e" class="external-link" target="_blank" rel="nofollow noopener"&gt;c225847e&lt;/a&gt;&lt;br/&gt;
Thanks for the patch!&lt;/p&gt;</comment>
                            <comment id="17069481" author="hudson" created="Sat, 28 Mar 2020 14:56:55 +0000">&lt;p&gt;Build failed in Jenkins: Maven TLP &#187; maven-studies &#187; maven-metrics #4&lt;/p&gt;

&lt;p&gt;See &lt;a href="https://builds.apache.org/job/maven-box/job/maven-studies/job/maven-metrics/4/" class="external-link" target="_blank" rel="nofollow noopener"&gt;https://builds.apache.org/job/maven-box/job/maven-studies/job/maven-metrics/4/&lt;/a&gt;&lt;/p&gt;</comment>
                    </comments>
                    <attachments>
                            <attachment id="12713186" name="mng5459.patch" size="5926" author="rfscholte" created="Sat, 24 Aug 2013 09:30:46 +0000" />
                            <attachment id="12713366" name="mvn-snapshot-resolve-fix.diff" size="1995" author="cbley" created="Fri, 5 Apr 2013 01:21:05 +0000" />
                    </attachments>
                <subtasks>
                    </subtasks>
                <customfields>
                                                                                                                                                                                                                                                                                                                                                                                                                                                                                                                                                                                                                                                                                                                    <customfield id="customfield_12314020" key="com.atlassian.jira.plugins.jira-development-integration-plugin:devsummary">
                        <customfieldname>Development</customfieldname>
                        <customfieldvalues>
                            
                        </customfieldvalues>
                    </customfield>
                                                                                                                        <customfield id="customfield_12313422" key="com.atlassian.jirafisheyeplugin:jobcheckbox">
                        <customfieldname>Enable Automatic Patch Review</customfieldname>
                        <customfieldvalues>
                            <customfieldvalue>false</customfieldvalue>

                        </customfieldvalues>
                    </customfield>
                                                                                                                                                                                                                                                                                                                                                        <customfield id="customfield_12310250" key="com.atlassian.jira.plugin.system.customfieldtypes:multicheckboxes">
                        <customfieldname>Flags</customfieldname>
                        <customfieldvalues>
                                <customfieldvalue key="10430">Patch</customfieldvalue>
    
                        </customfieldvalues>
                    </customfield>
                                                                                                                                                                                                                                                                                                <customfield id="customfield_12310420" key="com.pyxis.greenhopper.jira:gh-global-rank">
                        <customfieldname>Global Rank</customfieldname>
                        <customfieldvalues>
                            <customfieldvalue>9223372036854775807</customfieldvalue>
                        </customfieldvalues>
                    </customfield>
                                                                                                                                                                                                                                                                                                                                                                                                                                                                        <customfield id="customfield_12311820" key="com.pyxis.greenhopper.jira:gh-lexo-rank">
                        <customfieldname>Rank</customfieldname>
                        <customfieldvalues>
                            <customfieldvalue>0|i293xj:</customfieldvalue>

                        </customfieldvalues>
                    </customfield>
                                                                <customfield id="customfield_12310920" key="com.pyxis.greenhopper.jira:gh-global-rank">
                        <customfieldname>Rank (Obsolete)</customfieldname>
                        <customfieldvalues>
                            <customfieldvalue>9223372036854775807</customfieldvalue>
                        </customfieldvalues>
                    </customfield>
                                                                                                                                                                                                                                                                                                                                                                                                                                                                                                                                                                                                                                                                                                                                                                                            </customfields>
    </item>


</channel>
</rss>