<rss version="0.92">
    <channel>
        <title>ASF JIRA</title>
        <link>https://issues.apache.org/jira/issues/?jql=project+%3D+MNG+and+type+%3D+bug+and+%28status+%3D+RESOLVED+or+status+%3D+closed%29</link>
        <description>An XML representation of a search request</description>
                <language>en-uk</language>
                        <issue start="0" end="1000" total="3303" />
                <build-info>
            <version>8.20.7</version>
            <build-number>820007</build-number>
            <build-date>16-03-2022</build-date>
        </build-info>

<item>
            <title>[MNG-5241] Repositories declared in parent pom are not used in children modules</title>
                <link>https://issues.apache.org/jira/browse/MNG-5241</link>
                <project id="12316922" key="MNG">Maven</project>
                    <description>&lt;p&gt;I have a super pom named "main-itcb".&lt;/p&gt;

&lt;p&gt;In my super pom, i have declared many repositories :&lt;/p&gt;
&lt;div class="code panel" style="border-width: 1px;"&gt;&lt;div class="codeContent panelContent"&gt;
&lt;pre class="code-xml"&gt;&lt;span class="code-tag"&gt;&amp;lt;repositories&amp;gt;&lt;/span&gt;
		&lt;span class="code-tag"&gt;&amp;lt;repository&amp;gt;&lt;/span&gt;
			&lt;span class="code-tag"&gt;&amp;lt;id&amp;gt;&lt;/span&gt;sonatype&lt;span class="code-tag"&gt;&amp;lt;/id&amp;gt;&lt;/span&gt;
			&lt;span class="code-tag"&gt;&amp;lt;url&amp;gt;&lt;/span&gt;http://oss.sonatype.org/content/groups/public&lt;span class="code-tag"&gt;&amp;lt;/url&amp;gt;&lt;/span&gt;
		&lt;span class="code-tag"&gt;&amp;lt;/repository&amp;gt;&lt;/span&gt;
			
		&lt;span class="code-tag"&gt;&amp;lt;repository&amp;gt;&lt;/span&gt;
			&lt;span class="code-tag"&gt;&amp;lt;id&amp;gt;&lt;/span&gt;jboss&lt;span class="code-tag"&gt;&amp;lt;/id&amp;gt;&lt;/span&gt;
			&lt;span class="code-tag"&gt;&amp;lt;url&amp;gt;&lt;/span&gt;https://repository.jboss.org/nexus/content/groups/public&lt;span class="code-tag"&gt;&amp;lt;/url&amp;gt;&lt;/span&gt;
		&lt;span class="code-tag"&gt;&amp;lt;/repository&amp;gt;&lt;/span&gt;
		
		&lt;span class="code-tag"&gt;&amp;lt;repository&amp;gt;&lt;/span&gt;
			&lt;span class="code-tag"&gt;&amp;lt;id&amp;gt;&lt;/span&gt;repo-ext_spring&lt;span class="code-tag"&gt;&amp;lt;/id&amp;gt;&lt;/span&gt;
			&lt;span class="code-tag"&gt;&amp;lt;url&amp;gt;&lt;/span&gt;https://springframework.svn.sourceforge.net/svnroot/springframework/repos/repo-ext&lt;span class="code-tag"&gt;&amp;lt;/url&amp;gt;&lt;/span&gt;
		&lt;span class="code-tag"&gt;&amp;lt;/repository&amp;gt;&lt;/span&gt;
		
		&lt;span class="code-tag"&gt;&amp;lt;repository&amp;gt;&lt;/span&gt;
			&lt;span class="code-tag"&gt;&amp;lt;id&amp;gt;&lt;/span&gt;milestone_spring&lt;span class="code-tag"&gt;&amp;lt;/id&amp;gt;&lt;/span&gt;
			&lt;span class="code-tag"&gt;&amp;lt;url&amp;gt;&lt;/span&gt;http://maven.springframework.org/milestone/&lt;span class="code-tag"&gt;&amp;lt;/url&amp;gt;&lt;/span&gt;
		&lt;span class="code-tag"&gt;&amp;lt;/repository&amp;gt;&lt;/span&gt;
		
	
	&lt;span class="code-tag"&gt;&amp;lt;/repositories&amp;gt;&lt;/span&gt;
&lt;/pre&gt;
&lt;/div&gt;&lt;/div&gt;

&lt;p&gt;Then i have a module with a parent pom which inherits from "main-itcb". My module is called "itcb-common-root".&lt;/p&gt;
&lt;div class="code panel" style="border-width: 1px;"&gt;&lt;div class="codeContent panelContent"&gt;
&lt;pre class="code-xml"&gt;        &lt;span class="code-tag"&gt;&amp;lt;parent&amp;gt;&lt;/span&gt;
		&lt;span class="code-tag"&gt;&amp;lt;artifactId&amp;gt;&lt;/span&gt;main-itcb&lt;span class="code-tag"&gt;&amp;lt;/artifactId&amp;gt;&lt;/span&gt;
		&lt;span class="code-tag"&gt;&amp;lt;groupId&amp;gt;&lt;/span&gt;net.sf.itcb.common&lt;span class="code-tag"&gt;&amp;lt;/groupId&amp;gt;&lt;/span&gt;
		&lt;span class="code-tag"&gt;&amp;lt;version&amp;gt;&lt;/span&gt;1.5.0-RC2-SNAPSHOT&lt;span class="code-tag"&gt;&amp;lt;/version&amp;gt;&lt;/span&gt;
	&lt;span class="code-tag"&gt;&amp;lt;/parent&amp;gt;&lt;/span&gt;

	&lt;span class="code-tag"&gt;&amp;lt;groupId&amp;gt;&lt;/span&gt;net.sf.itcb.common&lt;span class="code-tag"&gt;&amp;lt;/groupId&amp;gt;&lt;/span&gt;
	&lt;span class="code-tag"&gt;&amp;lt;artifactId&amp;gt;&lt;/span&gt;itcb-common-root&lt;span class="code-tag"&gt;&amp;lt;/artifactId&amp;gt;&lt;/span&gt;
	&lt;span class="code-tag"&gt;&amp;lt;version&amp;gt;&lt;/span&gt;0.6.0-RC7-SNAPSHOT&lt;span class="code-tag"&gt;&amp;lt;/version&amp;gt;&lt;/span&gt;
	&lt;span class="code-tag"&gt;&amp;lt;packaging&amp;gt;&lt;/span&gt;pom&lt;span class="code-tag"&gt;&amp;lt;/packaging&amp;gt;&lt;/span&gt;
&lt;/pre&gt;
&lt;/div&gt;&lt;/div&gt;

&lt;p&gt;This module declares children modules which sources are integrated in subdirectories.&lt;/p&gt;
 &lt;div class="code panel" style="border-width: 1px;"&gt;&lt;div class="codeContent panelContent"&gt;
&lt;pre class="code-xml"&gt;	&lt;span class="code-tag"&gt;&amp;lt;modules&amp;gt;&lt;/span&gt;
		&lt;span class="code-tag"&gt;&amp;lt;module&amp;gt;&lt;/span&gt;common-business&lt;span class="code-tag"&gt;&amp;lt;/module&amp;gt;&lt;/span&gt;
		&lt;span class="code-tag"&gt;&amp;lt;module&amp;gt;&lt;/span&gt;common-business-impl&lt;span class="code-tag"&gt;&amp;lt;/module&amp;gt;&lt;/span&gt;
		&lt;span class="code-tag"&gt;&amp;lt;module&amp;gt;&lt;/span&gt;common-server&lt;span class="code-tag"&gt;&amp;lt;/module&amp;gt;&lt;/span&gt;
		&lt;span class="code-tag"&gt;&amp;lt;module&amp;gt;&lt;/span&gt;common-client&lt;span class="code-tag"&gt;&amp;lt;/module&amp;gt;&lt;/span&gt;
		&lt;span class="code-tag"&gt;&amp;lt;module&amp;gt;&lt;/span&gt;common-portlet&lt;span class="code-tag"&gt;&amp;lt;/module&amp;gt;&lt;/span&gt;
	&lt;span class="code-tag"&gt;&amp;lt;/modules&amp;gt;&lt;/span&gt;
 &lt;/pre&gt;
&lt;/div&gt;&lt;/div&gt;

&lt;p&gt;With &lt;b&gt;Maven 2.2.1&lt;/b&gt; or with *Maven 3.0.3", i run "maven install" on "main-itcb", then "itcb-common-root".&lt;br/&gt;
When main-itcb is compiling, it is using all repositories i defined, in order to retrieve dependencies.&lt;br/&gt;
When itcb-common-root is compiling, it is using all repositories in order to retrieve dependencies.&lt;br/&gt;
==&amp;gt; For now : no problem&lt;/p&gt;

&lt;p&gt;After having compiled itcb-common-root, Maven automatically launches the submodules build.&lt;br/&gt;
Here is the problem :&lt;/p&gt;
&lt;ul&gt;
	&lt;li&gt;With &lt;b&gt;Maven 2.2.1&lt;/b&gt;, it is using the reprositories i defined&lt;/li&gt;
	&lt;li&gt;&lt;font color="red"&gt; Whereas with &lt;b&gt;Maven 3.0.3&lt;/b&gt;, it is not using repositories i defined. It always tries to download artifacts from Maven central.&lt;/font&gt;&lt;/li&gt;
&lt;/ul&gt;
</description>
                <environment>Windows</environment>
        <key id="12797196">MNG-5241</key>
            <summary>Repositories declared in parent pom are not used in children modules</summary>
                <type id="1" iconUrl="https://issues.apache.org/jira/secure/viewavatar?size=xsmall&amp;avatarId=21133&amp;avatarType=issuetype">Bug</type>
                                            <priority id="3" iconUrl="https://issues.apache.org/jira/images/icons/priorities/major.svg">Major</priority>
                        <status id="6" iconUrl="https://issues.apache.org/jira/images/icons/statuses/closed.png" description="The issue is considered finished, the resolution is correct. Issues which are not closed can be reopened.">Closed</status>
                    <statusCategory id="3" key="done" colorName="green" />
                                    <resolution id="4">Incomplete</resolution>
                                        <assignee username="-1">Unassigned</assignee>
                                    <reporter username="pilerou">Pierre Le Roux</reporter>
                        <labels>
                    </labels>
                <created>Thu, 9 Feb 2012 16:58:01 +0000</created>
                <updated>Wed, 22 Jan 2014 20:32:07 +0000</updated>
                            <resolved>Wed, 22 Jan 2014 20:32:07 +0000</resolved>
                                    <version>3.0.3</version>
                    <version>3.0.4</version>
                                                    <component>Artifacts and Repositories</component>
                        <due />
                            <votes>0</votes>
                                    <watches>2</watches>
                                                                <comments>
                            <comment id="14417605" author="pilerou" created="Thu, 9 Feb 2012 17:10:15 +0000">&lt;p&gt;i forgot to put parent declarations in submodules pom :&lt;/p&gt;
&lt;div class="code panel" style="border-width: 1px;"&gt;&lt;div class="codeContent panelContent"&gt;
&lt;pre class="code-xml"&gt;&lt;span class="code-tag"&gt;&amp;lt;parent&amp;gt;&lt;/span&gt;
    &lt;span class="code-tag"&gt;&amp;lt;artifactId&amp;gt;&lt;/span&gt;itcb-common-root&lt;span class="code-tag"&gt;&amp;lt;/artifactId&amp;gt;&lt;/span&gt;
    &lt;span class="code-tag"&gt;&amp;lt;groupId&amp;gt;&lt;/span&gt;net.sf.itcb.common&lt;span class="code-tag"&gt;&amp;lt;/groupId&amp;gt;&lt;/span&gt;
    &lt;span class="code-tag"&gt;&amp;lt;version&amp;gt;&lt;/span&gt;0.6.0-RC7-SNAPSHOT&lt;span class="code-tag"&gt;&amp;lt;/version&amp;gt;&lt;/span&gt;
  &lt;span class="code-tag"&gt;&amp;lt;/parent&amp;gt;&lt;/span&gt;
  &lt;span class="code-tag"&gt;&amp;lt;groupId&amp;gt;&lt;/span&gt;net.sf.itcb.common&lt;span class="code-tag"&gt;&amp;lt;/groupId&amp;gt;&lt;/span&gt;
  &lt;span class="code-tag"&gt;&amp;lt;artifactId&amp;gt;&lt;/span&gt;itcb-common-business&lt;span class="code-tag"&gt;&amp;lt;/artifactId&amp;gt;&lt;/span&gt;
&lt;/pre&gt;
&lt;/div&gt;&lt;/div&gt;</comment>
                            <comment id="14418665" author="jvanzyl" created="Wed, 22 Jan 2014 20:23:27 +0000">&lt;p&gt;Please refer to &lt;a href="https://cwiki.apache.org/confluence/display/MAVEN/The+Great+JIRA+Cleanup+of+2014" class="external-link" target="_blank" rel="nofollow noopener"&gt;https://cwiki.apache.org/confluence/display/MAVEN/The+Great+JIRA+Cleanup+of+2014&lt;/a&gt;&lt;/p&gt;</comment>
                            <comment id="14419164" author="jvanzyl" created="Wed, 22 Jan 2014 20:32:07 +0000">&lt;p&gt;Please refer to &lt;a href="https://cwiki.apache.org/confluence/display/MAVEN/The+Great+JIRA+Cleanup+of+2014" class="external-link" target="_blank" rel="nofollow noopener"&gt;https://cwiki.apache.org/confluence/display/MAVEN/The+Great+JIRA+Cleanup+of+2014&lt;/a&gt; if you're wondering why this issue was closed out.&lt;/p&gt;</comment>
                    </comments>
                    <attachments>
                    </attachments>
                <subtasks>
                    </subtasks>
                <customfields>
                                                                                                                                                                                                                                                                                                                                                                                                                                                                                                                                                                                                                                                                                                                    <customfield id="customfield_12314020" key="com.atlassian.jira.plugins.jira-development-integration-plugin:devsummary">
                        <customfieldname>Development</customfieldname>
                        <customfieldvalues>
                            
                        </customfieldvalues>
                    </customfield>
                                                                                                                        <customfield id="customfield_12313422" key="com.atlassian.jirafisheyeplugin:jobcheckbox">
                        <customfieldname>Enable Automatic Patch Review</customfieldname>
                        <customfieldvalues>
                            <customfieldvalue>false</customfieldvalue>

                        </customfieldvalues>
                    </customfield>
                                                                                                                                                                                                                                                                                                                                                                                                                                                                                                                                                                                                                    <customfield id="customfield_12310420" key="com.pyxis.greenhopper.jira:gh-global-rank">
                        <customfieldname>Global Rank</customfieldname>
                        <customfieldvalues>
                            <customfieldvalue>9223372036854775807</customfieldvalue>
                        </customfieldvalues>
                    </customfield>
                                                                                                                                                                                                                                                                                                                                                                                                                                                                        <customfield id="customfield_12311820" key="com.pyxis.greenhopper.jira:gh-lexo-rank">
                        <customfieldname>Rank</customfieldname>
                        <customfieldvalues>
                            <customfieldvalue>0|i28viv:</customfieldvalue>

                        </customfieldvalues>
                    </customfield>
                                                                <customfield id="customfield_12310920" key="com.pyxis.greenhopper.jira:gh-global-rank">
                        <customfieldname>Rank (Obsolete)</customfieldname>
                        <customfieldvalues>
                            <customfieldvalue>9223372036854775807</customfieldvalue>
                        </customfieldvalues>
                    </customfield>
                                                                                                                                                                                                                                                                                                                                                                                                                                                                                                                                                                                                                                                                                                                                                                                            </customfields>
    </item>


</channel>
</rss>