<rss version="0.92">
    <channel>
        <title>ASF JIRA</title>
        <link>https://issues.apache.org/jira/issues/?jql=project+%3D+MNG+and+type+%3D+bug+and+%28status+%3D+RESOLVED+or+status+%3D+closed%29</link>
        <description>An XML representation of a search request</description>
                <language>en-uk</language>
                        <issue start="0" end="1000" total="3303" />
                <build-info>
            <version>8.20.7</version>
            <build-number>820007</build-number>
            <build-date>16-03-2022</build-date>
        </build-info>

<item>
            <title>[MNG-5998] Can not use external xml file referenced from settings.xml</title>
                <link>https://issues.apache.org/jira/browse/MNG-5998</link>
                <project id="12316922" key="MNG">Maven</project>
                    <description>&lt;p&gt;Hi&lt;/p&gt;

&lt;p&gt;I am trying to use DOCTYPE inside settings.zml file and I always get:&lt;/p&gt;

&lt;p&gt;&lt;span class="error"&gt;&amp;#91;FATAL&amp;#93;&lt;/span&gt; Non-parseable settings /home/&amp;lt;user&amp;gt;/.m2/settings.xml.&lt;/p&gt;

&lt;p&gt;Mt settings.xml file looks like:&lt;br/&gt;
&amp;lt;?xml version='1.0' encoding='utf-8'?&amp;gt;&lt;/p&gt;

&lt;p&gt;&amp;lt;!DOCTYPE settings-xml [ &amp;lt;!ENTITY maven-settings SYSTEM "~/.m2/xdms-settings.xml"&amp;gt;&lt;br/&gt;
]&amp;gt;&lt;/p&gt;

&lt;p&gt;&amp;lt;settings xmlns="http://maven.apache.org/SETTINGS/1.0.0" xmlns:xsi="http://www.w3.org/2001/XMLSchema-instance"&lt;br/&gt;
	xsi:schemaLocation="http://maven.apache.org/SETTINGS/1.0.0 &lt;a href="http://maven.apache.org/xsd/settings-1.0.0.xsd" class="external-link" target="_blank" rel="nofollow noopener"&gt;http://maven.apache.org/xsd/settings-1.0.0.xsd&lt;/a&gt;"&amp;gt;&lt;/p&gt;

&lt;p&gt;	&amp;amp;maven-settings;&lt;/p&gt;

&lt;p&gt;&amp;lt;/settings&amp;gt;&lt;/p&gt;

&lt;p&gt;I have moved middle parts of settings.xml in to xdms-settings.xml.&lt;/p&gt;

&lt;p&gt;Is this not supported? it is at least according to xml standard.&lt;/p&gt;

&lt;p&gt;BR&lt;br/&gt;
Lulseged&lt;/p&gt;</description>
                <environment />
        <key id="12958110">MNG-5998</key>
            <summary>Can not use external xml file referenced from settings.xml</summary>
                <type id="1" iconUrl="https://issues.apache.org/jira/secure/viewavatar?size=xsmall&amp;avatarId=21133&amp;avatarType=issuetype">Bug</type>
                                            <priority id="3" iconUrl="https://issues.apache.org/jira/images/icons/priorities/major.svg">Major</priority>
                        <status id="6" iconUrl="https://issues.apache.org/jira/images/icons/statuses/closed.png" description="The issue is considered finished, the resolution is correct. Issues which are not closed can be reopened.">Closed</status>
                    <statusCategory id="3" key="done" colorName="green" />
                                    <resolution id="8">Not A Problem</resolution>
                                        <assignee username="-1">Unassigned</assignee>
                                    <reporter username="lulseged.zerfu">Lulseged Zerfu</reporter>
                        <labels>
                    </labels>
                <created>Tue, 12 Apr 2016 13:19:01 +0000</created>
                <updated>Mon, 31 Oct 2016 07:23:17 +0000</updated>
                            <resolved>Sat, 1 Oct 2016 15:20:54 +0000</resolved>
                                    <version>3.3.9</version>
                                                    <component>Core</component>
                        <due />
                            <votes>0</votes>
                                    <watches>4</watches>
                                                                <comments>
                            <comment id="15237417" author="michael-o" created="Tue, 12 Apr 2016 15:47:24 +0000">&lt;p&gt;This is probably related to the &lt;a href="https://github.com/codehaus-plexus/modello" class="external-link" target="_blank" rel="nofollow noopener"&gt;Plexus Modello&lt;/a&gt; XML parser which does not support DTD entities. You may raise an issue there. Though, I highly doubt this wll ever be supported.&lt;/p&gt;</comment>
                            <comment id="15243733" author="khmarbaise" created="Fri, 15 Apr 2016 22:04:39 +0000">&lt;p&gt;What kind of things are needed to make a separate file from it in particular related to the settings.xml file ? Usually a typical settings.xml looks like this:&lt;/p&gt;
&lt;div class="code panel" style="border-width: 1px;"&gt;&lt;div class="codeContent panelContent"&gt;
&lt;pre class="code-xml"&gt;&lt;span class="code-tag"&gt;&amp;lt;settings&amp;gt;&lt;/span&gt;
  &lt;span class="code-tag"&gt;&amp;lt;mirrors&amp;gt;&lt;/span&gt;
    &lt;span class="code-tag"&gt;&amp;lt;mirror&amp;gt;&lt;/span&gt;
      &lt;span class="code-tag"&gt;&lt;span class="code-comment"&gt;&amp;lt;!--This sends everything else to /public --&amp;gt;&lt;/span&gt;&lt;/span&gt;
      &lt;span class="code-tag"&gt;&amp;lt;id&amp;gt;&lt;/span&gt;nexus&lt;span class="code-tag"&gt;&amp;lt;/id&amp;gt;&lt;/span&gt;
      &lt;span class="code-tag"&gt;&amp;lt;mirrorOf&amp;gt;&lt;/span&gt;*&lt;span class="code-tag"&gt;&amp;lt;/mirrorOf&amp;gt;&lt;/span&gt;
      &lt;span class="code-tag"&gt;&amp;lt;url&amp;gt;&lt;/span&gt;http://localhost:8081/nexus/content/groups/public&lt;span class="code-tag"&gt;&amp;lt;/url&amp;gt;&lt;/span&gt;
    &lt;span class="code-tag"&gt;&amp;lt;/mirror&amp;gt;&lt;/span&gt;
  &lt;span class="code-tag"&gt;&amp;lt;/mirrors&amp;gt;&lt;/span&gt;
  &lt;span class="code-tag"&gt;&amp;lt;profiles&amp;gt;&lt;/span&gt;
    &lt;span class="code-tag"&gt;&amp;lt;profile&amp;gt;&lt;/span&gt;
      &lt;span class="code-tag"&gt;&amp;lt;id&amp;gt;&lt;/span&gt;nexus&lt;span class="code-tag"&gt;&amp;lt;/id&amp;gt;&lt;/span&gt;
      &lt;span class="code-tag"&gt;&lt;span class="code-comment"&gt;&amp;lt;!--Enable snapshots for the built in central repo to direct --&amp;gt;&lt;/span&gt;&lt;/span&gt;
      &lt;span class="code-tag"&gt;&lt;span class="code-comment"&gt;&amp;lt;!--all requests to nexus via the mirror --&amp;gt;&lt;/span&gt;&lt;/span&gt;
      &lt;span class="code-tag"&gt;&amp;lt;repositories&amp;gt;&lt;/span&gt;
        &lt;span class="code-tag"&gt;&amp;lt;repository&amp;gt;&lt;/span&gt;
          &lt;span class="code-tag"&gt;&amp;lt;id&amp;gt;&lt;/span&gt;central&lt;span class="code-tag"&gt;&amp;lt;/id&amp;gt;&lt;/span&gt;
          &lt;span class="code-tag"&gt;&amp;lt;url&amp;gt;&lt;/span&gt;http://central&lt;span class="code-tag"&gt;&amp;lt;/url&amp;gt;&lt;/span&gt;
          &lt;span class="code-tag"&gt;&amp;lt;releases&amp;gt;&lt;/span&gt;&lt;span class="code-tag"&gt;&amp;lt;enabled&amp;gt;&lt;/span&gt;true&lt;span class="code-tag"&gt;&amp;lt;/enabled&amp;gt;&lt;/span&gt;&lt;span class="code-tag"&gt;&amp;lt;/releases&amp;gt;&lt;/span&gt;
          &lt;span class="code-tag"&gt;&amp;lt;snapshots&amp;gt;&lt;/span&gt;&lt;span class="code-tag"&gt;&amp;lt;enabled&amp;gt;&lt;/span&gt;true&lt;span class="code-tag"&gt;&amp;lt;/enabled&amp;gt;&lt;/span&gt;&lt;span class="code-tag"&gt;&amp;lt;/snapshots&amp;gt;&lt;/span&gt;
        &lt;span class="code-tag"&gt;&amp;lt;/repository&amp;gt;&lt;/span&gt;
      &lt;span class="code-tag"&gt;&amp;lt;/repositories&amp;gt;&lt;/span&gt;
     &lt;span class="code-tag"&gt;&amp;lt;pluginRepositories&amp;gt;&lt;/span&gt;
        &lt;span class="code-tag"&gt;&amp;lt;pluginRepository&amp;gt;&lt;/span&gt;
          &lt;span class="code-tag"&gt;&amp;lt;id&amp;gt;&lt;/span&gt;central&lt;span class="code-tag"&gt;&amp;lt;/id&amp;gt;&lt;/span&gt;
          &lt;span class="code-tag"&gt;&amp;lt;url&amp;gt;&lt;/span&gt;http://central&lt;span class="code-tag"&gt;&amp;lt;/url&amp;gt;&lt;/span&gt;
          &lt;span class="code-tag"&gt;&amp;lt;releases&amp;gt;&lt;/span&gt;&lt;span class="code-tag"&gt;&amp;lt;enabled&amp;gt;&lt;/span&gt;true&lt;span class="code-tag"&gt;&amp;lt;/enabled&amp;gt;&lt;/span&gt;&lt;span class="code-tag"&gt;&amp;lt;/releases&amp;gt;&lt;/span&gt;
          &lt;span class="code-tag"&gt;&amp;lt;snapshots&amp;gt;&lt;/span&gt;&lt;span class="code-tag"&gt;&amp;lt;enabled&amp;gt;&lt;/span&gt;true&lt;span class="code-tag"&gt;&amp;lt;/enabled&amp;gt;&lt;/span&gt;&lt;span class="code-tag"&gt;&amp;lt;/snapshots&amp;gt;&lt;/span&gt;
        &lt;span class="code-tag"&gt;&amp;lt;/pluginRepository&amp;gt;&lt;/span&gt;
      &lt;span class="code-tag"&gt;&amp;lt;/pluginRepositories&amp;gt;&lt;/span&gt;
    &lt;span class="code-tag"&gt;&amp;lt;/profile&amp;gt;&lt;/span&gt;
  &lt;span class="code-tag"&gt;&amp;lt;/profiles&amp;gt;&lt;/span&gt;
  &lt;span class="code-tag"&gt;&amp;lt;activeProfiles&amp;gt;&lt;/span&gt;
    &lt;span class="code-tag"&gt;&lt;span class="code-comment"&gt;&amp;lt;!--make the profile active all the time --&amp;gt;&lt;/span&gt;&lt;/span&gt;
    &lt;span class="code-tag"&gt;&amp;lt;activeProfile&amp;gt;&lt;/span&gt;nexus&lt;span class="code-tag"&gt;&amp;lt;/activeProfile&amp;gt;&lt;/span&gt;
  &lt;span class="code-tag"&gt;&amp;lt;/activeProfiles&amp;gt;&lt;/span&gt;
&lt;span class="code-tag"&gt;&amp;lt;/settings&amp;gt;&lt;/span&gt;
&lt;/pre&gt;
&lt;/div&gt;&lt;/div&gt;
&lt;p&gt;and why do you need to make a separate file for parts of it. Can give more detailed information what you are trying to achieve.&lt;/p&gt;</comment>
                            <comment id="15245197" author="lulseged.zerfu" created="Mon, 18 Apr 2016 06:24:34 +0000">&lt;p&gt;Hi&lt;/p&gt;

&lt;p&gt;We are developing in many different projects where we want a customized settings.xml file is used. We have different repositories. Machines that we use shall then point to project specific settings and that is why we need this support.&lt;/p&gt;

&lt;p&gt;Different environment setup scripts are sourced depending on which project we are working in thus pointing to a specific settings file.&lt;/p&gt;

&lt;p&gt;Is there any better solution?&lt;/p&gt;

&lt;p&gt;BR&lt;br/&gt;
Lulseged&lt;/p&gt;</comment>
                            <comment id="15285022" author="khmarbaise" created="Mon, 16 May 2016 18:34:36 +0000">&lt;p&gt;It sounds like you are mixing/misusing concepts. The &lt;tt&gt;settings.xml&lt;/tt&gt; defines the location from where artifacts are consumed which is usually a repository manager (so in general a single entry as I mentioned above). Furthermore the &lt;tt&gt;settings.xml&lt;/tt&gt; can contain passwords/etc. (usually encrypted) which should be located in the users home folder (&lt;tt&gt;$HOME/.m2/settings.xml&lt;/tt&gt;.&lt;/p&gt;

&lt;p&gt;The configuration of where artifacts are being deployed  is defined in &lt;tt&gt;distributionManagement&lt;/tt&gt; within a &lt;tt&gt;pom.xml&lt;/tt&gt;. But this should be done only once within a corporate setup. The projects etc. are separated by their &lt;tt&gt;groupId&lt;/tt&gt;, &lt;tt&gt;artifactId&lt;/tt&gt; and &lt;tt&gt;version&lt;/tt&gt; and not by using different repositories. And they way you are describing things shows that it is much configuration which is not really needed.&lt;/p&gt;</comment>
                            <comment id="15538676" author="khmarbaise" created="Sat, 1 Oct 2016 15:20:56 +0000">&lt;p&gt;Unfortunately no feedback. If you have further information/details etc. don't hesitate to reopen the issue.&lt;/p&gt;</comment>
                            <comment id="15621494" author="lulseged.zerfu" created="Mon, 31 Oct 2016 07:23:17 +0000">&lt;p&gt;Hi&lt;/p&gt;

&lt;p&gt; We are now using -s option to point out location of our settings.xml file.&lt;/p&gt;

&lt;p&gt;BR&lt;br/&gt;
Lulseged&lt;/p&gt;

</comment>
                    </comments>
                    <attachments>
                    </attachments>
                <subtasks>
                    </subtasks>
                <customfields>
                                                                                                                                                                                                                                                                                                                                                                                                                                                                                                                                                                                                                                                                                                                    <customfield id="customfield_12314020" key="com.atlassian.jira.plugins.jira-development-integration-plugin:devsummary">
                        <customfieldname>Development</customfieldname>
                        <customfieldvalues>
                            
                        </customfieldvalues>
                    </customfield>
                                                                                                                        <customfield id="customfield_12313422" key="com.atlassian.jirafisheyeplugin:jobcheckbox">
                        <customfieldname>Enable Automatic Patch Review</customfieldname>
                        <customfieldvalues>
                            <customfieldvalue>false</customfieldvalue>

                        </customfieldvalues>
                    </customfield>
                                                                                                                                                                                                                                                                                                                                                                                                                                                                                                                                                                                                                    <customfield id="customfield_12310420" key="com.pyxis.greenhopper.jira:gh-global-rank">
                        <customfieldname>Global Rank</customfieldname>
                        <customfieldvalues>
                            <customfieldvalue>9223372036854775807</customfieldvalue>
                        </customfieldvalues>
                    </customfield>
                                                                                                                                                                                                                                                                                                                                                                                                                                                                        <customfield id="customfield_12311820" key="com.pyxis.greenhopper.jira:gh-lexo-rank">
                        <customfieldname>Rank</customfieldname>
                        <customfieldvalues>
                            <customfieldvalue>0|i2vzx3:</customfieldvalue>

                        </customfieldvalues>
                    </customfield>
                                                                <customfield id="customfield_12310920" key="com.pyxis.greenhopper.jira:gh-global-rank">
                        <customfieldname>Rank (Obsolete)</customfieldname>
                        <customfieldvalues>
                            <customfieldvalue>9223372036854775807</customfieldvalue>
                        </customfieldvalues>
                    </customfield>
                                                                                                                                                                                                                                                                                                                                                                                                                                                                                                                                                                                                                                                                                                                                                                                            </customfields>
    </item>


</channel>
</rss>