<rss version="0.92">
    <channel>
        <title>ASF JIRA</title>
        <link>https://issues.apache.org/jira/issues/?jql=project+%3D+MNG+and+type+%3D+bug+and+%28status+%3D+RESOLVED+or+status+%3D+closed%29</link>
        <description>An XML representation of a search request</description>
                <language>en-uk</language>
                        <issue start="0" end="1000" total="3303" />
                <build-info>
            <version>8.20.7</version>
            <build-number>820007</build-number>
            <build-date>16-03-2022</build-date>
        </build-info>

<item>
            <title>[MNG-5561] Plugin relocation loses configuration</title>
                <link>https://issues.apache.org/jira/browse/MNG-5561</link>
                <project id="12316922" key="MNG">Maven</project>
                    <description>&lt;p&gt;Hi,&lt;/p&gt;

&lt;p&gt;Applying a relocation on a plugin seems to lose its configuration. &lt;br/&gt;
In the following sample, I relocated "nuxeo-distribution-tools" to "ant-assembly-maven-plugin" and the missing configured parameter is "buildFile". The relocation itself went well but the execution fails because of a missing parameter.&lt;/p&gt;

&lt;div class="code panel" style="border-width: 1px;"&gt;&lt;div class="codeHeader panelHeader" style="border-bottom-width: 1px;"&gt;&lt;b&gt;~/.m2/repository/org/nuxeo/build/nuxeo-distribution-tools/2.0-SNAPSHOT/nuxeo-distribution-tools-2.0-SNAPSHOT.pom&lt;/b&gt;&lt;/div&gt;&lt;div class="codeContent panelContent"&gt;
&lt;pre class="code-java"&gt;
&amp;lt;project xmlns=&lt;span class="code-quote"&gt;"http:&lt;span class="code-comment"&gt;//maven.apache.org/POM/4.0.0"&lt;/span&gt; xmlns:xsi=&lt;span class="code-quote"&gt;"http://www.w3.org/2001/XMLSchema-instance"&lt;/span&gt;
&lt;/span&gt;  xsi:schemaLocation=&lt;span class="code-quote"&gt;"http:&lt;span class="code-comment"&gt;//maven.apache.org/POM/4.0.0 http://maven.apache.org/maven-v4_0_0.xsd"&lt;/span&gt;&amp;gt;
&lt;/span&gt;  &amp;lt;modelVersion&amp;gt;4.0.0&amp;lt;/modelVersion&amp;gt;
  &amp;lt;groupId&amp;gt;org.nuxeo.build&amp;lt;/groupId&amp;gt;
  &amp;lt;artifactId&amp;gt;nuxeo-distribution-tools&amp;lt;/artifactId&amp;gt;
  &amp;lt;version&amp;gt;2.0-SNAPSHOT&amp;lt;/version&amp;gt;
  &amp;lt;packaging&amp;gt;maven-plugin&amp;lt;/packaging&amp;gt;
  &amp;lt;name&amp;gt;Nuxeo Distribution Build&amp;lt;/name&amp;gt;
  &amp;lt;description&amp;gt;Assemble Nuxeo distributions&amp;lt;/description&amp;gt;
  &amp;lt;distributionManagement&amp;gt;
    &amp;lt;relocation&amp;gt;
      &amp;lt;artifactId&amp;gt;ant-assembly-maven-plugin&amp;lt;/artifactId&amp;gt;
    &amp;lt;/relocation&amp;gt;
  &amp;lt;/distributionManagement&amp;gt;
&amp;lt;/project&amp;gt;&lt;/pre&gt;
&lt;/div&gt;&lt;/div&gt;

&lt;div class="code panel" style="border-width: 1px;"&gt;&lt;div class="codeHeader panelHeader" style="border-bottom-width: 1px;"&gt;&lt;b&gt;executed POM extract&lt;/b&gt;&lt;/div&gt;&lt;div class="codeContent panelContent"&gt;
&lt;pre class="code-java"&gt;
  &amp;lt;build&amp;gt;
    &amp;lt;plugins&amp;gt;
      &amp;lt;plugin&amp;gt;
        &amp;lt;groupId&amp;gt;org.nuxeo.build&amp;lt;/groupId&amp;gt;
        &amp;lt;!-- With relocation --&amp;gt;
        &amp;lt;artifactId&amp;gt;nuxeo-distribution-tools&amp;lt;/artifactId&amp;gt;
        &amp;lt;!-- Without relocation --&amp;gt;
        &amp;lt;!-- &amp;lt;artifactId&amp;gt;ant-assembly-maven-plugin&amp;lt;/artifactId&amp;gt; --&amp;gt;
        &amp;lt;executions&amp;gt;
          &amp;lt;execution&amp;gt;
            &amp;lt;id&amp;gt;assemble&amp;lt;/id&amp;gt;
            &amp;lt;phase&amp;gt;&lt;span class="code-keyword"&gt;package&lt;/span&gt;&amp;lt;/phase&amp;gt;
            &amp;lt;configuration&amp;gt;
              &amp;lt;!-- The missing parameter in &lt;span class="code-keyword"&gt;case&lt;/span&gt; of relocation --&amp;gt;
              &amp;lt;buildFile&amp;gt;src/main/assemble/assembly.xml&amp;lt;/buildFile&amp;gt;
            &amp;lt;/configuration&amp;gt;
            &amp;lt;goals&amp;gt;
              &amp;lt;goal&amp;gt;build&amp;lt;/goal&amp;gt;
            &amp;lt;/goals&amp;gt;
          &amp;lt;/execution&amp;gt;
        &amp;lt;/executions&amp;gt;
      &amp;lt;/plugin&amp;gt;
    &amp;lt;/plugins&amp;gt;
  &amp;lt;/build&amp;gt;
&lt;/pre&gt;
&lt;/div&gt;&lt;/div&gt;

&lt;p&gt;Here is the diff between an "mvn package -X" with nuxeo-distribution-tools (ie: with relocation; line starting with "&amp;lt;") and another one with ant-assembly-maven-plugin (ie: without relocation; line starting with "&amp;gt;"):&lt;/p&gt;
&lt;div class="preformatted panel" style="border-width: 1px;"&gt;&lt;div class="preformattedContent panelContent"&gt;
&lt;pre&gt;&amp;lt; [DEBUG] Dependency collection stats: {ConflictMarker.analyzeTime=1, ConflictMarker.markTime=0, ConflictMarker.nodeCount=72, ConflictIdSorter.graphTime=0, ConflictIdSorter.topsortTime=0, ConflictIdSorter.conflictIdCount=34, ConflictIdSorter.conflictIdCycleCount=0, ConflictResolver.totalTime=1, ConflictResolver.conflictItemCount=71, DefaultDependencyCollector.collectTime=10, DefaultDependencyCollector.transformTime=2}
&amp;gt; [DEBUG] Dependency collection stats: {ConflictMarker.analyzeTime=1, ConflictMarker.markTime=0, ConflictMarker.nodeCount=72, ConflictIdSorter.graphTime=0, ConflictIdSorter.topsortTime=0, ConflictIdSorter.conflictIdCount=34, ConflictIdSorter.conflictIdCycleCount=0, ConflictResolver.totalTime=2, ConflictResolver.conflictItemCount=71, DefaultDependencyCollector.collectTime=65, DefaultDependencyCollector.transformTime=3}
---
&amp;lt; [DEBUG] Created new class realm plugin&amp;gt;org.nuxeo.build:nuxeo-distribution-tools:2.0-SNAPSHOT
&amp;lt; [DEBUG] Importing foreign packages into class realm plugin&amp;gt;org.nuxeo.build:nuxeo-distribution-tools:2.0-SNAPSHOT
&amp;gt; [DEBUG] Created new class realm plugin&amp;gt;org.nuxeo.build:ant-assembly-maven-plugin:2.0-SNAPSHOT
&amp;gt; [DEBUG] Importing foreign packages into class realm plugin&amp;gt;org.nuxeo.build:ant-assembly-maven-plugin:2.0-SNAPSHOT
---
&amp;lt; [DEBUG] Populating class realm plugin&amp;gt;org.nuxeo.build:nuxeo-distribution-tools:2.0-SNAPSHOT
&amp;gt; [DEBUG] Populating class realm plugin&amp;gt;org.nuxeo.build:ant-assembly-maven-plugin:2.0-SNAPSHOT
---
&amp;lt; [DEBUG] Configuring mojo org.nuxeo.build:ant-assembly-maven-plugin:2.0-SNAPSHOT:build from plugin realm ClassRealm[plugin&amp;gt;org.nuxeo.build:nuxeo-distribution-tools:2.0-SNAPSHOT, parent: sun.misc.Launcher$AppClassLoader@591ce4fe]
&amp;gt; [DEBUG] Configuring mojo org.nuxeo.build:ant-assembly-maven-plugin:2.0-SNAPSHOT:build from plugin realm ClassRealm[plugin&amp;gt;org.nuxeo.build:ant-assembly-maven-plugin:2.0-SNAPSHOT, parent: sun.misc.Launcher$AppClassLoader@77fe0d66]
---
&amp;gt; [DEBUG]   (f) buildFile = /home/julien/ws-ssd/nuxeo/nuxeo-distribution/nuxeo-distribution-resources/src/main/assemble/assembly.xml&lt;/pre&gt;
&lt;/div&gt;&lt;/div&gt;

&lt;p&gt;The last line highlights the missing parameter.&lt;/p&gt;

&lt;p&gt;Indeed, it seems that in case of a relocation, all the "Parameter" Mojo fields take their default value (or none) whereas the "Component" fields are still properly injected.&lt;/p&gt;</description>
                <environment />
        <key id="12797241">MNG-5561</key>
            <summary>Plugin relocation loses configuration</summary>
                <type id="1" iconUrl="https://issues.apache.org/jira/secure/viewavatar?size=xsmall&amp;avatarId=21133&amp;avatarType=issuetype">Bug</type>
                                            <priority id="3" iconUrl="https://issues.apache.org/jira/images/icons/priorities/major.svg">Major</priority>
                        <status id="6" iconUrl="https://issues.apache.org/jira/images/icons/statuses/closed.png" description="The issue is considered finished, the resolution is correct. Issues which are not closed can be reopened.">Closed</status>
                    <statusCategory id="3" key="done" colorName="green" />
                                    <resolution id="1">Fixed</resolution>
                                        <assignee username="michael-o">Michael Osipov</assignee>
                                    <reporter username="jcarsique">Julien CARSIQUE</reporter>
                        <labels>
                    </labels>
                <created>Tue, 14 Jan 2014 13:31:31 +0000</created>
                <updated>Sun, 24 Apr 2022 08:09:34 +0000</updated>
                            <resolved>Thu, 6 Jan 2022 15:58:08 +0000</resolved>
                                    <version>3.1.1</version>
                                    <fixVersion>3.8.5</fixVersion>
                    <fixVersion>4.0.0-alpha-1</fixVersion>
                    <fixVersion>4.0.0</fixVersion>
                                    <component>Plugins and Lifecycle</component>
                        <due />
                            <votes>3</votes>
                                    <watches>7</watches>
                                                                <comments>
                            <comment id="14418400" author="jcarsique" created="Tue, 14 Jan 2014 13:52:05 +0000">&lt;p&gt;Reproduction test case:&lt;/p&gt;
&lt;div class="code panel" style="border-width: 1px;"&gt;&lt;div class="codeContent panelContent"&gt;
&lt;pre class="code-java"&gt;git clone http:&lt;span class="code-comment"&gt;//github.com/nuxeo/ant-assembly-maven-plugin
&lt;/span&gt;cd ant-assembly-maven-plugin
git checkout release-2.0
mvn clean integration-test -DskipTests=&lt;span class="code-keyword"&gt;true&lt;/span&gt; -DdebugITs=&lt;span class="code-keyword"&gt;true&lt;/span&gt; -Dinvoker.test=test1,test-MNG-5561&lt;/pre&gt;
&lt;/div&gt;&lt;/div&gt;

&lt;p&gt;Both tests are identical except that test-&lt;a href="https://issues.apache.org/jira/browse/MNG-5561" title="Plugin relocation loses configuration" class="issue-link" data-issue-key="MNG-5561"&gt;&lt;del&gt;MNG-5561&lt;/del&gt;&lt;/a&gt; uses nuxeo-distribution-tools relocated to ant-assembly-maven-plugin.&lt;br/&gt;
test-&lt;a href="https://issues.apache.org/jira/browse/MNG-5561" title="Plugin relocation loses configuration" class="issue-link" data-issue-key="MNG-5561"&gt;&lt;del&gt;MNG-5561&lt;/del&gt;&lt;/a&gt; fails with a &lt;tt&gt;FileNotFoundException: .../target/it/test-&lt;a href="https://issues.apache.org/jira/browse/MNG-5561" title="Plugin relocation loses configuration" class="issue-link" data-issue-key="MNG-5561"&gt;&lt;del&gt;MNG-5561&lt;/del&gt;&lt;/a&gt;/build.xml (Aucun fichier ou dossier de ce type)&lt;/tt&gt; since the &lt;tt&gt;build.xml&lt;/tt&gt; file is expected to be at &lt;tt&gt;.../target/it/test-&lt;a href="https://issues.apache.org/jira/browse/MNG-5561" title="Plugin relocation loses configuration" class="issue-link" data-issue-key="MNG-5561"&gt;&lt;del&gt;MNG-5561&lt;/del&gt;&lt;/a&gt;/src/build.xml&lt;/tt&gt; as stated by the &lt;tt&gt;buildFile&lt;/tt&gt; configuration parameter. &lt;br/&gt;
We can see that with the relocation, the default value is used for the parameter instead of the one configured in the POM.&lt;/p&gt;</comment>
                            <comment id="14419219" author="jvanzyl" created="Thu, 23 Jan 2014 09:13:45 +0000">&lt;p&gt;Please read: &lt;a href="https://cwiki.apache.org/confluence/display/MAVEN/Submitting+Issue+for+Maven&amp;#39;s+Core" class="external-link" target="_blank" rel="nofollow noopener"&gt;https://cwiki.apache.org/confluence/display/MAVEN/Submitting+Issue+for+Maven's+Core&lt;/a&gt;&lt;/p&gt;</comment>
                            <comment id="14419321" author="jcarsique" created="Thu, 23 Jan 2014 10:55:46 +0000">&lt;p&gt;Done. I've updated the above comment since I simplified the reproduction case.&lt;/p&gt;

&lt;p&gt;I'm not sure to understand what you want.&lt;br/&gt;
The reproduction case is the integration test "test-&lt;a href="https://issues.apache.org/jira/browse/MNG-5561" title="Plugin relocation loses configuration" class="issue-link" data-issue-key="MNG-5561"&gt;&lt;del&gt;MNG-5561&lt;/del&gt;&lt;/a&gt;" included in &lt;a href="http://github.com/nuxeo/ant-assembly-maven-plugin" class="external-link" target="_blank" rel="nofollow noopener"&gt;http://github.com/nuxeo/ant-assembly-maven-plugin&lt;/a&gt;. Did you encounter any issue while running it?&lt;br/&gt;
You wrote that &amp;lt;&amp;lt; The preferred way of providing an example project is Github repository &amp;gt;&amp;gt;. Do you want me to create an almost empty project raising the same issue?&lt;/p&gt;</comment>
                            <comment id="14419462" author="jcarsique" created="Thu, 27 Feb 2014 12:08:22 +0000">&lt;p&gt;The issue is solved when setting the target parameter as a "User property"&lt;/p&gt;
&lt;div class="code panel" style="border-width: 1px;"&gt;&lt;div class="codeContent panelContent"&gt;
&lt;pre class="code-java"&gt;-    @Parameter
+    @Parameter(property = &lt;span class="code-quote"&gt;"buildFile"&lt;/span&gt;)
     &lt;span class="code-keyword"&gt;protected&lt;/span&gt; File buildFile;&lt;/pre&gt;
&lt;/div&gt;&lt;/div&gt;

&lt;p&gt;It would mean that a plugin parameter set on the relocated plugin is transmitted to the target plugin as a "User property" instead of a plugin parameter...&lt;br/&gt;
I was about to close the issue as "Not a bug" but finally, it still sounds like a bug. What do you think?&lt;/p&gt;

&lt;p&gt;EDIT: updated the above reproduction instructions to checkout "release-2.0" tag since the issue is not really solved but hidden by the user property workaround.&lt;/p&gt;</comment>
                            <comment id="15028838" author="peter.vandenbosch@ksz-bcss.fgov.be" created="Thu, 26 Nov 2015 14:16:30 +0000">&lt;p&gt;Hi,&lt;/p&gt;

&lt;p&gt;I'm also experiencing this issue for a relocated maven plugin. The workaround of assigning a property name to the parameter doesn't seem to work for complex or multi-valued properties. Is there another way to make it work?&lt;/p&gt;

&lt;div class="code panel" style="border-width: 1px;"&gt;&lt;div class="codeHeader panelHeader" style="border-bottom-width: 1px;"&gt;&lt;b&gt;error from maven execution&lt;/b&gt;&lt;/div&gt;&lt;div class="codeContent panelContent"&gt;
&lt;pre class="code-java"&gt;[ERROR] Failed to execute goal be.fgov.kszbcss.plugins:websphere-maven-plugin:2.8.14-SNAPSHOT:enable-endpoints (&lt;span class="code-keyword"&gt;default&lt;/span&gt;) on project BpEar: No children found in ejbModules tag -&amp;gt; [Help 1]
&lt;/pre&gt;
&lt;/div&gt;&lt;/div&gt;

&lt;div class="code panel" style="border-width: 1px;"&gt;&lt;div class="codeHeader panelHeader" style="border-bottom-width: 1px;"&gt;&lt;b&gt;plugin parameter definition&lt;/b&gt;&lt;/div&gt;&lt;div class="codeContent panelContent"&gt;
&lt;pre class="code-java"&gt;@Parameter (property=&lt;span class="code-quote"&gt;"enable-endpoints.ejbmodules"&lt;/span&gt;, required=&lt;span class="code-keyword"&gt;true&lt;/span&gt;)
&lt;span class="code-keyword"&gt;private&lt;/span&gt; EJBModule[] ejbModules;
&lt;/pre&gt;
&lt;/div&gt;&lt;/div&gt;

&lt;div class="code panel" style="border-width: 1px;"&gt;&lt;div class="codeHeader panelHeader" style="border-bottom-width: 1px;"&gt;&lt;b&gt;plugin configuration&lt;/b&gt;&lt;/div&gt;&lt;div class="codeContent panelContent"&gt;
&lt;pre class="code-java"&gt;&amp;lt;plugin&amp;gt;
	&amp;lt;groupId&amp;gt;be.fgov.kszbcss.plugins&amp;lt;/groupId&amp;gt;
	&amp;lt;artifactId&amp;gt;maven-websphere-plugin&amp;lt;/artifactId&amp;gt;
	&amp;lt;executions&amp;gt;
		&amp;lt;execution&amp;gt;
			&amp;lt;goals&amp;gt;
				&amp;lt;goal&amp;gt;enable-endpoints&amp;lt;/goal&amp;gt;
			&amp;lt;/goals&amp;gt;
		&amp;lt;/execution&amp;gt;
	&amp;lt;/executions&amp;gt;
	&amp;lt;configuration&amp;gt;
		&amp;lt;ejbModules&amp;gt;
			&amp;lt;ejbModule&amp;gt;
				&amp;lt;artifactId&amp;gt;BpRequestHandlerEjb&amp;lt;/artifactId&amp;gt;
				&amp;lt;contextRoot&amp;gt;/Bp&amp;lt;/contextRoot&amp;gt;
				&amp;lt;localNames&amp;gt;
					&amp;lt;PullRequestHandlerHttpPort&amp;gt;/PullRequestHandlerHttp&amp;lt;/PullRequestHandlerHttpPort&amp;gt;
				&amp;lt;/localNames&amp;gt;
			&amp;lt;/ejbModule&amp;gt;
		&amp;lt;/ejbModules&amp;gt;
	&amp;lt;/configuration&amp;gt;
&amp;lt;/plugin&amp;gt;
&lt;/pre&gt;
&lt;/div&gt;&lt;/div&gt;</comment>
                            <comment id="17465227" author="michael-o" created="Sat, 25 Dec 2021 15:35:32 +0000">&lt;p&gt;Analyzed,&lt;/p&gt;

&lt;p&gt;Now, as far as I can see the bug is here:&lt;br/&gt;
 &lt;span class="image-wrap" style=""&gt;&lt;img src="https://issues.apache.org/jira/secure/attachment/13037938/13037938_screenshot-1.png" style="border: 0px solid black" /&gt;&lt;/span&gt; &lt;/p&gt;

&lt;p&gt;&lt;tt&gt;mojoExecution&lt;/tt&gt; contains the &lt;b&gt;new&lt;/b&gt; GA, but the project contains the plugin under the &lt;b&gt;old&lt;/b&gt; GA, same for plugin management. Therefore, the subsequent block is never executed and you run a virgin/vanilla plugin.&lt;/p&gt;</comment>
                            <comment id="17465230" author="michael-o" created="Sat, 25 Dec 2021 15:35:57 +0000">&lt;p&gt;Digging a bit deeper: The code as such existed eversince, more than 12 years now. I do not really understand why it is necessary to find the plugin in the current project when it is available from &lt;tt&gt;mojoExecution&lt;/tt&gt;, but on needs a two stage approach: the one done above and one from &lt;tt&gt;MojoExectuion#getPlugin()&lt;/tt&gt; which is the original element from the POM and not the relocated one.&lt;/p&gt;</comment>
                            <comment id="17465231" author="michael-o" created="Sat, 25 Dec 2021 15:36:12 +0000">&lt;p&gt;I think I have a solution for the problem which uncovers a dynamically replaced vs statically configured issue. Will share soon.&lt;/p&gt;</comment>
                            <comment id="17465234" author="michael-o" created="Sat, 25 Dec 2021 16:01:14 +0000">&lt;p&gt;I have now created now a  PR for which fixes the issue for me. What I don't know for sure whether we can completely rely on &lt;tt&gt;Plugin&lt;/tt&gt; or need to fiddle with &lt;tt&gt;MojoExecution&lt;/tt&gt; first and then try &lt;tt&gt;Plugin&lt;/tt&gt;.&lt;br/&gt;
&lt;tt&gt;MojoExecution&lt;/tt&gt; represents full dynamic resolution &lt;b&gt;after&lt;/b&gt; relocation, so it already represents the new plugin without any connection to the old one while &lt;tt&gt;Plugin&lt;/tt&gt; contains the old plugin referenced in the POM. Obviously, the new plugin is &lt;b&gt;not&lt;/b&gt; configured in the POM, but only the old one. I think that we need to read out the static one from POM to find config. This won't matter for plugins which haven't been relocated, but makes complete difference for relocated ones.&lt;/p&gt;

&lt;p&gt;&lt;a href="https://issues.apache.org/jira/secure/ViewProfile.jspa?name=cstamas" class="user-hover" rel="cstamas"&gt;cstamas&lt;/a&gt;, &lt;a href="https://issues.apache.org/jira/secure/ViewProfile.jspa?name=jvanzyl" class="user-hover" rel="jvanzyl"&gt;jvanzyl&lt;/a&gt;, &lt;a href="https://issues.apache.org/jira/secure/ViewProfile.jspa?name=rfscholte" class="user-hover" rel="rfscholte"&gt;rfscholte&lt;/a&gt;, opinions? I will try to work on an IT as well.&lt;/p&gt;</comment>
                            <comment id="17465274" author="hudson" created="Sat, 25 Dec 2021 23:14:00 +0000">&lt;p&gt;Build unstable in Jenkins: Maven &#187; Maven TLP &#187; maven &#187; &lt;a href="https://issues.apache.org/jira/browse/MNG-5561" title="Plugin relocation loses configuration" class="issue-link" data-issue-key="MNG-5561"&gt;&lt;del&gt;MNG-5561&lt;/del&gt;&lt;/a&gt;_maven-3.8.x #2&lt;/p&gt;

&lt;p&gt;See &lt;a href="https://ci-maven.apache.org/job/Maven/job/maven-box/job/maven/job/MNG-5561_maven-3.8.x/2/" class="external-link" target="_blank" rel="nofollow noopener"&gt;https://ci-maven.apache.org/job/Maven/job/maven-box/job/maven/job/MNG-5561_maven-3.8.x/2/&lt;/a&gt;&lt;/p&gt;</comment>
                            <comment id="17469996" author="michael-o" created="Thu, 6 Jan 2022 15:58:08 +0000">&lt;p&gt;Fixed with &lt;a href="https://gitbox.apache.org/repos/asf?p=maven.git&amp;amp;a=commit&amp;amp;h=2670c007517d8d72c182df6e589fd9dc43692e26" class="external-link" target="_blank" rel="nofollow noopener"&gt;2670c007517d8d72c182df6e589fd9dc43692e26&lt;/a&gt; in master, with &lt;a href="https://gitbox.apache.org/repos/asf?p=maven.git&amp;amp;a=commit&amp;amp;h=05b748ff6aa15aa63a9c9d5f9f5679f47bf9e83d" class="external-link" target="_blank" rel="nofollow noopener"&gt;05b748ff6aa15aa63a9c9d5f9f5679f47bf9e83d&lt;/a&gt; in 3.8.x and ITs with &lt;a href="https://gitbox.apache.org/repos/asf?p=maven-integration-testing.git&amp;amp;a=commit&amp;amp;h=e06a28840f202d244188177cd7e24fa41d29061f" class="external-link" target="_blank" rel="nofollow noopener"&gt;e06a28840f202d244188177cd7e24fa41d29061f&lt;/a&gt;.&lt;/p&gt;</comment>
                            <comment id="17470032" author="hudson" created="Thu, 6 Jan 2022 16:33:13 +0000">&lt;p&gt;Build unstable in Jenkins: Maven &#187; Maven TLP &#187; maven &#187; maven-3.8.x #100&lt;/p&gt;

&lt;p&gt;See &lt;a href="https://ci-maven.apache.org/job/Maven/job/maven-box/job/maven/job/maven-3.8.x/100/" class="external-link" target="_blank" rel="nofollow noopener"&gt;https://ci-maven.apache.org/job/Maven/job/maven-box/job/maven/job/maven-3.8.x/100/&lt;/a&gt;&lt;/p&gt;</comment>
                            <comment id="17470042" author="hudson" created="Thu, 6 Jan 2022 16:46:01 +0000">&lt;p&gt;Build unstable in Jenkins: Maven &#187; Maven TLP &#187; maven &#187; master #307&lt;/p&gt;

&lt;p&gt;See &lt;a href="https://ci-maven.apache.org/job/Maven/job/maven-box/job/maven/job/master/307/" class="external-link" target="_blank" rel="nofollow noopener"&gt;https://ci-maven.apache.org/job/Maven/job/maven-box/job/maven/job/master/307/&lt;/a&gt;&lt;/p&gt;</comment>
                            <comment id="17470103" author="hudson" created="Thu, 6 Jan 2022 18:20:49 +0000">&lt;p&gt;Build unstable in Jenkins: Maven &#187; Maven TLP &#187; maven &#187; &lt;a href="https://issues.apache.org/jira/browse/MNG-7264" title="Convert maven-core default-bindings.xml to Providers" class="issue-link" data-issue-key="MNG-7264"&gt;&lt;del&gt;MNG-7264&lt;/del&gt;&lt;/a&gt; #2&lt;/p&gt;

&lt;p&gt;See &lt;a href="https://ci-maven.apache.org/job/Maven/job/maven-box/job/maven/job/MNG-7264/2/" class="external-link" target="_blank" rel="nofollow noopener"&gt;https://ci-maven.apache.org/job/Maven/job/maven-box/job/maven/job/MNG-7264/2/&lt;/a&gt;&lt;/p&gt;</comment>
                            <comment id="17470189" author="hudson" created="Thu, 6 Jan 2022 21:09:28 +0000">&lt;p&gt;Build unstable in Jenkins: Maven &#187; Maven TLP &#187; maven &#187; &lt;a href="https://issues.apache.org/jira/browse/MNG-7263" title="Convert maven-core components.xml to Providers" class="issue-link" data-issue-key="MNG-7263"&gt;&lt;del&gt;MNG-7263&lt;/del&gt;&lt;/a&gt; #4&lt;/p&gt;

&lt;p&gt;See &lt;a href="https://ci-maven.apache.org/job/Maven/job/maven-box/job/maven/job/MNG-7263/4/" class="external-link" target="_blank" rel="nofollow noopener"&gt;https://ci-maven.apache.org/job/Maven/job/maven-box/job/maven/job/MNG-7263/4/&lt;/a&gt;&lt;/p&gt;</comment>
                            <comment id="17471387" author="hudson" created="Sun, 9 Jan 2022 18:03:56 +0000">&lt;p&gt;Build unstable in Jenkins: Maven &#187; Maven TLP &#187; maven &#187; &lt;a href="https://issues.apache.org/jira/browse/MNG-7206" title="Properly prioritize JVM options from MAVEN_OPTS and jvm.config" class="issue-link" data-issue-key="MNG-7206"&gt;&lt;del&gt;MNG-7206&lt;/del&gt;&lt;/a&gt; #3&lt;/p&gt;

&lt;p&gt;See &lt;a href="https://ci-maven.apache.org/job/Maven/job/maven-box/job/maven/job/MNG-7206/3/" class="external-link" target="_blank" rel="nofollow noopener"&gt;https://ci-maven.apache.org/job/Maven/job/maven-box/job/maven/job/MNG-7206/3/&lt;/a&gt;&lt;/p&gt;</comment>
                            <comment id="17471394" author="hudson" created="Sun, 9 Jan 2022 18:09:34 +0000">&lt;p&gt;Build unstable in Jenkins: Maven &#187; Maven TLP &#187; maven &#187; &lt;a href="https://issues.apache.org/jira/browse/MBUILDCACHE-1" title="[Deutsche Bank contribution] Incremental build with local and remote(shared) cache" class="issue-link" data-issue-key="MBUILDCACHE-1"&gt;MNG-7129&lt;/a&gt;-3.8.x #6&lt;/p&gt;

&lt;p&gt;See &lt;a href="https://ci-maven.apache.org/job/Maven/job/maven-box/job/maven/job/MNG-7129-3.8.x/6/" class="external-link" target="_blank" rel="nofollow noopener"&gt;https://ci-maven.apache.org/job/Maven/job/maven-box/job/maven/job/MNG-7129-3.8.x/6/&lt;/a&gt;&lt;/p&gt;</comment>
                            <comment id="17471401" author="hudson" created="Sun, 9 Jan 2022 18:17:07 +0000">&lt;p&gt;Build unstable in Jenkins: Maven &#187; Maven TLP &#187; maven &#187; &lt;a href="https://issues.apache.org/jira/browse/MBUILDCACHE-1" title="[Deutsche Bank contribution] Incremental build with local and remote(shared) cache" class="issue-link" data-issue-key="MBUILDCACHE-1"&gt;MNG-7129&lt;/a&gt; #11&lt;/p&gt;

&lt;p&gt;See &lt;a href="https://ci-maven.apache.org/job/Maven/job/maven-box/job/maven/job/MNG-7129/11/" class="external-link" target="_blank" rel="nofollow noopener"&gt;https://ci-maven.apache.org/job/Maven/job/maven-box/job/maven/job/MNG-7129/11/&lt;/a&gt;&lt;/p&gt;</comment>
                            <comment id="17471411" author="hudson" created="Sun, 9 Jan 2022 18:27:40 +0000">&lt;p&gt;Build unstable in Jenkins: Maven &#187; Maven TLP &#187; maven &#187; &lt;a href="https://issues.apache.org/jira/browse/MBUILDCACHE-1" title="[Deutsche Bank contribution] Incremental build with local and remote(shared) cache" class="issue-link" data-issue-key="MBUILDCACHE-1"&gt;MNG-7129&lt;/a&gt;-master #40&lt;/p&gt;

&lt;p&gt;See &lt;a href="https://ci-maven.apache.org/job/Maven/job/maven-box/job/maven/job/MNG-7129-master/40/" class="external-link" target="_blank" rel="nofollow noopener"&gt;https://ci-maven.apache.org/job/Maven/job/maven-box/job/maven/job/MNG-7129-master/40/&lt;/a&gt;&lt;/p&gt;</comment>
                            <comment id="17471422" author="hudson" created="Sun, 9 Jan 2022 18:55:29 +0000">&lt;p&gt;Build unstable in Jenkins: Maven &#187; Maven TLP &#187; maven &#187; do-not-keep-parameters-map #11&lt;/p&gt;

&lt;p&gt;See &lt;a href="https://ci-maven.apache.org/job/Maven/job/maven-box/job/maven/job/do-not-keep-parameters-map/11/" class="external-link" target="_blank" rel="nofollow noopener"&gt;https://ci-maven.apache.org/job/Maven/job/maven-box/job/maven/job/do-not-keep-parameters-map/11/&lt;/a&gt;&lt;/p&gt;</comment>
                            <comment id="17471429" author="hudson" created="Sun, 9 Jan 2022 18:56:47 +0000">&lt;p&gt;Build unstable in Jenkins: Maven &#187; Maven TLP &#187; maven &#187; &lt;a href="https://issues.apache.org/jira/browse/MNG-7166" title="DefaultModelNormalizer remove compat code" class="issue-link" data-issue-key="MNG-7166"&gt;MNG-7166&lt;/a&gt; #13&lt;/p&gt;

&lt;p&gt;See &lt;a href="https://ci-maven.apache.org/job/Maven/job/maven-box/job/maven/job/MNG-7166/13/" class="external-link" target="_blank" rel="nofollow noopener"&gt;https://ci-maven.apache.org/job/Maven/job/maven-box/job/maven/job/MNG-7166/13/&lt;/a&gt;&lt;/p&gt;</comment>
                            <comment id="17471436" author="hudson" created="Sun, 9 Jan 2022 18:59:09 +0000">&lt;p&gt;Build unstable in Jenkins: Maven &#187; Maven TLP &#187; maven &#187; maven.config-from-start-scripts #4&lt;/p&gt;

&lt;p&gt;See &lt;a href="https://ci-maven.apache.org/job/Maven/job/maven-box/job/maven/job/maven.config-from-start-scripts/4/" class="external-link" target="_blank" rel="nofollow noopener"&gt;https://ci-maven.apache.org/job/Maven/job/maven-box/job/maven/job/maven.config-from-start-scripts/4/&lt;/a&gt;&lt;/p&gt;</comment>
                            <comment id="17471448" author="hudson" created="Sun, 9 Jan 2022 19:31:57 +0000">&lt;p&gt;Build unstable in Jenkins: Maven &#187; Maven TLP &#187; maven &#187; &lt;a href="https://issues.apache.org/jira/browse/MNG-7276" title="Refactoring - Umbrella" class="issue-link" data-issue-key="MNG-7276"&gt;MNG-7276&lt;/a&gt; #22&lt;/p&gt;

&lt;p&gt;See &lt;a href="https://ci-maven.apache.org/job/Maven/job/maven-box/job/maven/job/MNG-7276/22/" class="external-link" target="_blank" rel="nofollow noopener"&gt;https://ci-maven.apache.org/job/Maven/job/maven-box/job/maven/job/MNG-7276/22/&lt;/a&gt;&lt;/p&gt;</comment>
                            <comment id="17471455" author="hudson" created="Sun, 9 Jan 2022 19:33:26 +0000">&lt;p&gt;Build unstable in Jenkins: Maven &#187; Maven TLP &#187; maven &#187; maven-3.8.x-resolver-1.7.x #6&lt;/p&gt;

&lt;p&gt;See &lt;a href="https://ci-maven.apache.org/job/Maven/job/maven-box/job/maven/job/maven-3.8.x-resolver-1.7.x/6/" class="external-link" target="_blank" rel="nofollow noopener"&gt;https://ci-maven.apache.org/job/Maven/job/maven-box/job/maven/job/maven-3.8.x-resolver-1.7.x/6/&lt;/a&gt;&lt;/p&gt;</comment>
                            <comment id="17471464" author="hudson" created="Sun, 9 Jan 2022 19:40:40 +0000">&lt;p&gt;Build unstable in Jenkins: Maven &#187; Maven TLP &#187; maven &#187; logger-levels-config #4&lt;/p&gt;

&lt;p&gt;See &lt;a href="https://ci-maven.apache.org/job/Maven/job/maven-box/job/maven/job/logger-levels-config/4/" class="external-link" target="_blank" rel="nofollow noopener"&gt;https://ci-maven.apache.org/job/Maven/job/maven-box/job/maven/job/logger-levels-config/4/&lt;/a&gt;&lt;/p&gt;</comment>
                            <comment id="17471471" author="hudson" created="Sun, 9 Jan 2022 19:45:42 +0000">&lt;p&gt;Build unstable in Jenkins: Maven &#187; Maven TLP &#187; maven &#187; &lt;a href="https://issues.apache.org/jira/browse/MNG-7173" title="MavenResolverModule is broken/incomplete" class="issue-link" data-issue-key="MNG-7173"&gt;MNG-7173&lt;/a&gt;-resolver-guice-module #13&lt;/p&gt;

&lt;p&gt;See &lt;a href="https://ci-maven.apache.org/job/Maven/job/maven-box/job/maven/job/MNG-7173-resolver-guice-module/13/" class="external-link" target="_blank" rel="nofollow noopener"&gt;https://ci-maven.apache.org/job/Maven/job/maven-box/job/maven/job/MNG-7173-resolver-guice-module/13/&lt;/a&gt;&lt;/p&gt;</comment>
                            <comment id="17471484" author="hudson" created="Sun, 9 Jan 2022 20:11:03 +0000">&lt;p&gt;Build unstable in Jenkins: Maven &#187; Maven TLP &#187; maven &#187; mojo-logging #17&lt;/p&gt;

&lt;p&gt;See &lt;a href="https://ci-maven.apache.org/job/Maven/job/maven-box/job/maven/job/mojo-logging/17/" class="external-link" target="_blank" rel="nofollow noopener"&gt;https://ci-maven.apache.org/job/Maven/job/maven-box/job/maven/job/mojo-logging/17/&lt;/a&gt;&lt;/p&gt;</comment>
                            <comment id="17471491" author="hudson" created="Sun, 9 Jan 2022 20:23:03 +0000">&lt;p&gt;Build unstable in Jenkins: Maven &#187; Maven TLP &#187; maven &#187; &lt;a href="https://issues.apache.org/jira/browse/MNG-5222" title="Maven 3 no longer logs warnings about deprecated plugin parameters." class="issue-link" data-issue-key="MNG-5222"&gt;&lt;del&gt;MNG-5222&lt;/del&gt;&lt;/a&gt; #36&lt;/p&gt;

&lt;p&gt;See &lt;a href="https://ci-maven.apache.org/job/Maven/job/maven-box/job/maven/job/MNG-5222/36/" class="external-link" target="_blank" rel="nofollow noopener"&gt;https://ci-maven.apache.org/job/Maven/job/maven-box/job/maven/job/MNG-5222/36/&lt;/a&gt;&lt;/p&gt;</comment>
                            <comment id="17471499" author="hudson" created="Sun, 9 Jan 2022 20:26:27 +0000">&lt;p&gt;Build unstable in Jenkins: Maven &#187; Maven TLP &#187; maven &#187; &lt;a href="https://issues.apache.org/jira/browse/MNG-7273" title="Modeltest - Improvements" class="issue-link" data-issue-key="MNG-7273"&gt;MNG-7273&lt;/a&gt; #9&lt;/p&gt;

&lt;p&gt;See &lt;a href="https://ci-maven.apache.org/job/Maven/job/maven-box/job/maven/job/MNG-7273/9/" class="external-link" target="_blank" rel="nofollow noopener"&gt;https://ci-maven.apache.org/job/Maven/job/maven-box/job/maven/job/MNG-7273/9/&lt;/a&gt;&lt;/p&gt;</comment>
                            <comment id="17471509" author="hudson" created="Sun, 9 Jan 2022 20:57:40 +0000">&lt;p&gt;Build unstable in Jenkins: Maven &#187; Maven TLP &#187; maven &#187; &lt;a href="https://issues.apache.org/jira/browse/MNG-7122" title="Require specific Maven compatibility version for plugins" class="issue-link" data-issue-key="MNG-7122"&gt;MNG-7122&lt;/a&gt; #19&lt;/p&gt;

&lt;p&gt;See &lt;a href="https://ci-maven.apache.org/job/Maven/job/maven-box/job/maven/job/MNG-7122/19/" class="external-link" target="_blank" rel="nofollow noopener"&gt;https://ci-maven.apache.org/job/Maven/job/maven-box/job/maven/job/MNG-7122/19/&lt;/a&gt;&lt;/p&gt;</comment>
                            <comment id="17471518" author="hudson" created="Sun, 9 Jan 2022 21:07:49 +0000">&lt;p&gt;Build unstable in Jenkins: Maven &#187; Maven TLP &#187; maven &#187; &lt;a href="https://issues.apache.org/jira/browse/MNG-6846" title="conditional overwrite" class="issue-link" data-issue-key="MNG-6846"&gt;MNG-6846&lt;/a&gt; #33&lt;/p&gt;

&lt;p&gt;See &lt;a href="https://ci-maven.apache.org/job/Maven/job/maven-box/job/maven/job/MNG-6846/33/" class="external-link" target="_blank" rel="nofollow noopener"&gt;https://ci-maven.apache.org/job/Maven/job/maven-box/job/maven/job/MNG-6846/33/&lt;/a&gt;&lt;/p&gt;</comment>
                            <comment id="17471532" author="hudson" created="Sun, 9 Jan 2022 21:35:06 +0000">&lt;p&gt;Build unstable in Jenkins: Maven &#187; Maven TLP &#187; maven &#187; &lt;a href="https://issues.apache.org/jira/browse/MNG-4645" title="Move Central repo definition out of Maven&amp;#39;s jars so it can be more easily changed" class="issue-link" data-issue-key="MNG-4645"&gt;MNG-4645&lt;/a&gt;+&lt;a href="https://issues.apache.org/jira/browse/MNG-6772" title="Super POM overwrites remapped central repository in nested dependencyManagement import POMs" class="issue-link" data-issue-key="MNG-6772"&gt;MNG-6772&lt;/a&gt; #21&lt;/p&gt;

&lt;p&gt;See &lt;a href="https://ci-maven.apache.org/job/Maven/job/maven-box/job/maven/job/MNG-4645+MNG-6772/21/" class="external-link" target="_blank" rel="nofollow noopener"&gt;https://ci-maven.apache.org/job/Maven/job/maven-box/job/maven/job/MNG-4645+MNG-6772/21/&lt;/a&gt;&lt;/p&gt;</comment>
                            <comment id="17471540" author="hudson" created="Sun, 9 Jan 2022 21:39:07 +0000">&lt;p&gt;Build unstable in Jenkins: Maven &#187; Maven TLP &#187; maven &#187; &lt;a href="https://issues.apache.org/jira/browse/MNG-4645" title="Move Central repo definition out of Maven&amp;#39;s jars so it can be more easily changed" class="issue-link" data-issue-key="MNG-4645"&gt;MNG-4645&lt;/a&gt; #25&lt;/p&gt;

&lt;p&gt;See &lt;a href="https://ci-maven.apache.org/job/Maven/job/maven-box/job/maven/job/MNG-4645/25/" class="external-link" target="_blank" rel="nofollow noopener"&gt;https://ci-maven.apache.org/job/Maven/job/maven-box/job/maven/job/MNG-4645/25/&lt;/a&gt;&lt;/p&gt;</comment>
                            <comment id="17471552" author="hudson" created="Sun, 9 Jan 2022 21:55:45 +0000">&lt;p&gt;Build unstable in Jenkins: Maven &#187; Maven TLP &#187; maven &#187; &lt;a href="https://issues.apache.org/jira/browse/MNG-7287" title="Simplify assertion with simpler and equivalent calls." class="issue-link" data-issue-key="MNG-7287"&gt;&lt;del&gt;MNG-7287&lt;/del&gt;&lt;/a&gt; #4&lt;/p&gt;

&lt;p&gt;See &lt;a href="https://ci-maven.apache.org/job/Maven/job/maven-box/job/maven/job/MNG-7287/4/" class="external-link" target="_blank" rel="nofollow noopener"&gt;https://ci-maven.apache.org/job/Maven/job/maven-box/job/maven/job/MNG-7287/4/&lt;/a&gt;&lt;/p&gt;</comment>
                            <comment id="17471561" author="hudson" created="Sun, 9 Jan 2022 22:03:39 +0000">&lt;p&gt;Build succeeded in Jenkins: Maven &#187; Maven TLP &#187; maven &#187; &lt;a href="https://issues.apache.org/jira/browse/MNG-6889" title="Mark command line option --legacy-local-repository as deprecated" class="issue-link" data-issue-key="MNG-6889"&gt;MNG-6889&lt;/a&gt; #34&lt;/p&gt;

&lt;p&gt;See &lt;a href="https://ci-maven.apache.org/job/Maven/job/maven-box/job/maven/job/MNG-6889/34/" class="external-link" target="_blank" rel="nofollow noopener"&gt;https://ci-maven.apache.org/job/Maven/job/maven-box/job/maven/job/MNG-6889/34/&lt;/a&gt;&lt;/p&gt;</comment>
                            <comment id="17471570" author="hudson" created="Sun, 9 Jan 2022 22:17:35 +0000">&lt;p&gt;Build succeeded in Jenkins: Maven &#187; Maven TLP &#187; maven &#187; &lt;a href="https://issues.apache.org/jira/browse/MNG-6829" title="Remove commons-lang3 dependency" class="issue-link" data-issue-key="MNG-6829"&gt;MNG-6829&lt;/a&gt; #34&lt;/p&gt;

&lt;p&gt;See &lt;a href="https://ci-maven.apache.org/job/Maven/job/maven-box/job/maven/job/MNG-6829/34/" class="external-link" target="_blank" rel="nofollow noopener"&gt;https://ci-maven.apache.org/job/Maven/job/maven-box/job/maven/job/MNG-6829/34/&lt;/a&gt;&lt;/p&gt;</comment>
                            <comment id="17471577" author="hudson" created="Sun, 9 Jan 2022 22:22:24 +0000">&lt;p&gt;Build unstable in Jenkins: Maven &#187; Maven TLP &#187; maven &#187; &lt;a href="https://issues.apache.org/jira/browse/MNG-6727" title="Using version range in parent and CI Friendly Version fails" class="issue-link" data-issue-key="MNG-6727"&gt;&lt;del&gt;MNG-6727&lt;/del&gt;&lt;/a&gt; #20&lt;/p&gt;

&lt;p&gt;See &lt;a href="https://ci-maven.apache.org/job/Maven/job/maven-box/job/maven/job/MNG-6727/20/" class="external-link" target="_blank" rel="nofollow noopener"&gt;https://ci-maven.apache.org/job/Maven/job/maven-box/job/maven/job/MNG-6727/20/&lt;/a&gt;&lt;/p&gt;</comment>
                            <comment id="17471587" author="hudson" created="Sun, 9 Jan 2022 22:33:18 +0000">&lt;p&gt;Build unstable in Jenkins: Maven &#187; Maven TLP &#187; maven &#187; &lt;a href="https://issues.apache.org/jira/browse/MNG-5567" title="Zip files are not included in classpaths at all" class="issue-link" data-issue-key="MNG-5567"&gt;MNG-5567&lt;/a&gt; #33&lt;/p&gt;

&lt;p&gt;See &lt;a href="https://ci-maven.apache.org/job/Maven/job/maven-box/job/maven/job/MNG-5567/33/" class="external-link" target="_blank" rel="nofollow noopener"&gt;https://ci-maven.apache.org/job/Maven/job/maven-box/job/maven/job/MNG-5567/33/&lt;/a&gt;&lt;/p&gt;</comment>
                            <comment id="17471597" author="hudson" created="Sun, 9 Jan 2022 22:53:25 +0000">&lt;p&gt;Build unstable in Jenkins: Maven &#187; Maven TLP &#187; maven &#187; &lt;a href="https://issues.apache.org/jira/browse/MPOM-215" title="Create a new parent POM to lock down plugins versions of default lifecycle bindings" class="issue-link" data-issue-key="MPOM-215"&gt;MPOM-215&lt;/a&gt; #33&lt;/p&gt;

&lt;p&gt;See &lt;a href="https://ci-maven.apache.org/job/Maven/job/maven-box/job/maven/job/MPOM-215/33/" class="external-link" target="_blank" rel="nofollow noopener"&gt;https://ci-maven.apache.org/job/Maven/job/maven-box/job/maven/job/MPOM-215/33/&lt;/a&gt;&lt;/p&gt;</comment>
                            <comment id="17471608" author="hudson" created="Sun, 9 Jan 2022 23:16:50 +0000">&lt;p&gt;Build unstable in Jenkins: Maven &#187; Maven TLP &#187; maven &#187; mng-5668-poc #33&lt;/p&gt;

&lt;p&gt;See &lt;a href="https://ci-maven.apache.org/job/Maven/job/maven-box/job/maven/job/mng-5668-poc/33/" class="external-link" target="_blank" rel="nofollow noopener"&gt;https://ci-maven.apache.org/job/Maven/job/maven-box/job/maven/job/mng-5668-poc/33/&lt;/a&gt;&lt;/p&gt;</comment>
                            <comment id="17471615" author="hudson" created="Sun, 9 Jan 2022 23:26:37 +0000">&lt;p&gt;Build succeeded in Jenkins: Maven &#187; Maven TLP &#187; maven &#187; &lt;a href="https://issues.apache.org/jira/browse/MNG-6932" title="NullPointerException if no Package is defined for the current class" class="issue-link" data-issue-key="MNG-6932"&gt;MRESOLVER-94&lt;/a&gt; #34&lt;/p&gt;

&lt;p&gt;See &lt;a href="https://ci-maven.apache.org/job/Maven/job/maven-box/job/maven/job/MRESOLVER-94/34/" class="external-link" target="_blank" rel="nofollow noopener"&gt;https://ci-maven.apache.org/job/Maven/job/maven-box/job/maven/job/MRESOLVER-94/34/&lt;/a&gt;&lt;/p&gt;</comment>
                            <comment id="17471723" author="hudson" created="Mon, 10 Jan 2022 07:41:56 +0000">&lt;p&gt;Build unstable in Jenkins: Maven &#187; Maven TLP &#187; maven-studies &#187; maven-metrics #35&lt;/p&gt;

&lt;p&gt;See &lt;a href="https://ci-maven.apache.org/job/Maven/job/maven-box/job/maven-studies/job/maven-metrics/35/" class="external-link" target="_blank" rel="nofollow noopener"&gt;https://ci-maven.apache.org/job/Maven/job/maven-box/job/maven-studies/job/maven-metrics/35/&lt;/a&gt;&lt;/p&gt;</comment>
                            <comment id="17478979" author="hudson" created="Wed, 19 Jan 2022 20:59:52 +0000">&lt;p&gt;Build failed in Jenkins: Maven &#187; Maven TLP &#187; maven &#187; &lt;a href="https://issues.apache.org/jira/browse/MNG-5995" title="Maven itself cannot run without maven-compat" class="issue-link" data-issue-key="MNG-5995"&gt;&lt;del&gt;MNG-5995&lt;/del&gt;&lt;/a&gt;-x #4&lt;/p&gt;

&lt;p&gt;See &lt;a href="https://ci-maven.apache.org/job/Maven/job/maven-box/job/maven/job/MNG-5995-x/4/" class="external-link" target="_blank" rel="nofollow noopener"&gt;https://ci-maven.apache.org/job/Maven/job/maven-box/job/maven/job/MNG-5995-x/4/&lt;/a&gt;&lt;/p&gt;</comment>
                            <comment id="17527083" author="hudson" created="Sun, 24 Apr 2022 08:09:34 +0000">&lt;p&gt;Build failed in Jenkins: Maven &#187; Maven TLP &#187; maven &#187; &lt;a href="https://issues.apache.org/jira/browse/MNG-7457" title="Warn about deprecated plugin Mojo" class="issue-link" data-issue-key="MNG-7457"&gt;&lt;del&gt;MNG-7457&lt;/del&gt;&lt;/a&gt; #2&lt;/p&gt;

&lt;p&gt;See &lt;a href="https://ci-maven.apache.org/job/Maven/job/maven-box/job/maven/job/MNG-7457/2/" class="external-link" target="_blank" rel="nofollow noopener"&gt;https://ci-maven.apache.org/job/Maven/job/maven-box/job/maven/job/MNG-7457/2/&lt;/a&gt;&lt;/p&gt;</comment>
                    </comments>
                <issuelinks>
                            <issuelinktype id="12310000">
                    <name>Duplicate</name>
                                                                <inwardlinks description="is duplicated by">
                                        <issuelink>
            <issuekey id="13392957">MNG-7204</issuekey>
        </issuelink>
                            </inwardlinks>
                                    </issuelinktype>
                            <issuelinktype id="10030">
                    <name>Reference</name>
                                            <outwardlinks description="relates to">
                                        <issuelink>
            <issuekey id="13419416">MNG-7374</issuekey>
        </issuelink>
                            </outwardlinks>
                                                        </issuelinktype>
                    </issuelinks>
                <attachments>
                            <attachment id="13037938" name="screenshot-1.png" size="49324" author="michael-o" created="Sat, 25 Dec 2021 15:35:03 +0000" />
                    </attachments>
                <subtasks>
                    </subtasks>
                <customfields>
                                                                                                                                                                                                                                                                                                                                                                                                                                                                                                                                                                                                                                                                                                                    <customfield id="customfield_12314020" key="com.atlassian.jira.plugins.jira-development-integration-plugin:devsummary">
                        <customfieldname>Development</customfieldname>
                        <customfieldvalues>
                            
                        </customfieldvalues>
                    </customfield>
                                                                                                                        <customfield id="customfield_12313422" key="com.atlassian.jirafisheyeplugin:jobcheckbox">
                        <customfieldname>Enable Automatic Patch Review</customfieldname>
                        <customfieldvalues>
                            <customfieldvalue>false</customfieldvalue>

                        </customfieldvalues>
                    </customfield>
                                                                                                                                                                                                                                                                                                                                                                                                                                                                                                                                                                                                                    <customfield id="customfield_12310420" key="com.pyxis.greenhopper.jira:gh-global-rank">
                        <customfieldname>Global Rank</customfieldname>
                        <customfieldvalues>
                            <customfieldvalue>9223372036854775807</customfieldvalue>
                        </customfieldvalues>
                    </customfield>
                                                                                                                                                                                                                                                                                                                                                                                                                                                                        <customfield id="customfield_12311820" key="com.pyxis.greenhopper.jira:gh-lexo-rank">
                        <customfieldname>Rank</customfieldname>
                        <customfieldvalues>
                            <customfieldvalue>0|i290vr:</customfieldvalue>

                        </customfieldvalues>
                    </customfield>
                                                                <customfield id="customfield_12310920" key="com.pyxis.greenhopper.jira:gh-global-rank">
                        <customfieldname>Rank (Obsolete)</customfieldname>
                        <customfieldvalues>
                            <customfieldvalue>9223372036854775807</customfieldvalue>
                        </customfieldvalues>
                    </customfield>
                                                                                                                                                                                                                                                                                                                                                                                                                                                                                                                                                                                                                                                                                                        <customfield id="customfield_12312220" key="com.atlassian.jira.plugin.system.customfieldtypes:radiobuttons">
                        <customfieldname>Testcase included</customfieldname>
                        <customfieldvalues>
                                <customfieldvalue key="11060">Yes</customfieldvalue>

                        </customfieldvalues>
                    </customfield>
                                                                                                                        </customfields>
    </item>


</channel>
</rss>