<rss version="0.92">
    <channel>
        <title>ASF JIRA</title>
        <link>https://issues.apache.org/jira/issues/?jql=project+%3D+MNG+and+type+%3D+bug+and+%28status+%3D+RESOLVED+or+status+%3D+closed%29</link>
        <description>An XML representation of a search request</description>
                <language>en-uk</language>
                        <issue start="0" end="1000" total="3303" />
                <build-info>
            <version>8.20.7</version>
            <build-number>820007</build-number>
            <build-date>16-03-2022</build-date>
        </build-info>

<item>
            <title>[MNG-5678] second import within dependencyManagement is not taken from the correct repository</title>
                <link>https://issues.apache.org/jira/browse/MNG-5678</link>
                <project id="12316922" key="MNG">Maven</project>
                    <description>&lt;p&gt;Resolving of the second import within dependency management goes always on  maven central (&lt;a href="http://repo.maven.apache.org/maven2/" class="external-link" target="_blank" rel="nofollow noopener"&gt;http://repo.maven.apache.org/maven2/&lt;/a&gt;) although the correct repository is specified.&lt;/p&gt;

&lt;p&gt;This bug is new in maven 3.2.2 The attacht sample works with maven 3.0.5 and also with maven 3.1.1&lt;/p&gt;

&lt;p&gt;A similar error occurs when an imported dependency management contains an import. &lt;/p&gt;</description>
                <environment>Windows 7, jdk 7</environment>
        <key id="12796354">MNG-5678</key>
            <summary>second import within dependencyManagement is not taken from the correct repository</summary>
                <type id="1" iconUrl="https://issues.apache.org/jira/secure/viewavatar?size=xsmall&amp;avatarId=21133&amp;avatarType=issuetype">Bug</type>
                                            <priority id="3" iconUrl="https://issues.apache.org/jira/images/icons/priorities/major.svg">Major</priority>
                        <status id="6" iconUrl="https://issues.apache.org/jira/images/icons/statuses/closed.png" description="The issue is considered finished, the resolution is correct. Issues which are not closed can be reopened.">Closed</status>
                    <statusCategory id="3" key="done" colorName="green" />
                                    <resolution id="3">Duplicate</resolution>
                                        <assignee username="-1">Unassigned</assignee>
                                    <reporter username="lier99">Torsten Liermann</reporter>
                        <labels>
                    </labels>
                <created>Fri, 15 Aug 2014 15:01:42 +0000</created>
                <updated>Wed, 6 Jan 2016 19:52:33 +0000</updated>
                            <resolved>Fri, 15 Aug 2014 16:03:40 +0000</resolved>
                                    <version>3.2.2</version>
                                                    <component>Dependencies</component>
                        <due />
                            <votes>0</votes>
                                    <watches>3</watches>
                                                                <comments>
                            <comment id="14421354" author="dantran" created="Fri, 15 Aug 2014 15:26:07 +0000">&lt;p&gt;related to &lt;a href="https://jira.codehaus.org/browse/MNG-5663" class="external-link" target="_blank" rel="nofollow noopener"&gt;https://jira.codehaus.org/browse/MNG-5663&lt;/a&gt; ?&lt;/p&gt;</comment>
                            <comment id="14419909" author="lier99" created="Fri, 15 Aug 2014 16:03:40 +0000">&lt;p&gt;Fixed for &lt;a href="https://issues.apache.org/jira/browse/MNG-5663" title="[regression] resolution of import-scoped transitive dependencies ignores additional repositories" class="issue-link" data-issue-key="MNG-5663"&gt;&lt;del&gt;MNG-5663&lt;/del&gt;&lt;/a&gt;&lt;/p&gt;</comment>
                    </comments>
                    <attachments>
                            <attachment id="12713415" name="pom.xml" size="2193" author="lier99" created="Fri, 15 Aug 2014 15:01:42 +0000" />
                    </attachments>
                <subtasks>
                    </subtasks>
                <customfields>
                                                                                                                                                                                                                                                                                                                                                                                                                                                                                                                                                                                                                                                                                                                    <customfield id="customfield_12314020" key="com.atlassian.jira.plugins.jira-development-integration-plugin:devsummary">
                        <customfieldname>Development</customfieldname>
                        <customfieldvalues>
                            
                        </customfieldvalues>
                    </customfield>
                                                                                                                        <customfield id="customfield_12313422" key="com.atlassian.jirafisheyeplugin:jobcheckbox">
                        <customfieldname>Enable Automatic Patch Review</customfieldname>
                        <customfieldvalues>
                            <customfieldvalue>false</customfieldvalue>

                        </customfieldvalues>
                    </customfield>
                                                                                                                                                                                                                                                                                                                                                                                                                                                                                                                                                                                                                    <customfield id="customfield_12310420" key="com.pyxis.greenhopper.jira:gh-global-rank">
                        <customfieldname>Global Rank</customfieldname>
                        <customfieldvalues>
                            <customfieldvalue>9223372036854775807</customfieldvalue>
                        </customfieldvalues>
                    </customfield>
                                                                                                                                                                                                                                                                                                                                                                                                                                                                        <customfield id="customfield_12311820" key="com.pyxis.greenhopper.jira:gh-lexo-rank">
                        <customfieldname>Rank</customfieldname>
                        <customfieldvalues>
                            <customfieldvalue>0|i28or3:</customfieldvalue>

                        </customfieldvalues>
                    </customfield>
                                                                <customfield id="customfield_12310920" key="com.pyxis.greenhopper.jira:gh-global-rank">
                        <customfieldname>Rank (Obsolete)</customfieldname>
                        <customfieldvalues>
                            <customfieldvalue>9223372036854775807</customfieldvalue>
                        </customfieldvalues>
                    </customfield>
                                                                                                                                                                                                                                                                                                                                                                                                                                                                                                                                                                                                                                                                                                                                                                                            </customfields>
    </item>


</channel>
</rss>