<rss version="0.92">
    <channel>
        <title>ASF JIRA</title>
        <link>https://issues.apache.org/jira/issues/?jql=project+%3D+MNG+and+type+%3D+bug+and+%28status+%3D+RESOLVED+or+status+%3D+closed%29</link>
        <description>An XML representation of a search request</description>
                <language>en-uk</language>
                        <issue start="0" end="1000" total="3303" />
                <build-info>
            <version>8.20.7</version>
            <build-number>820007</build-number>
            <build-date>16-03-2022</build-date>
        </build-info>

<item>
            <title>[MNG-5209] MavenProject.getTestClasspathElements can return null elements</title>
                <link>https://issues.apache.org/jira/browse/MNG-5209</link>
                <project id="12316922" key="MNG">Maven</project>
                    <description>&lt;p&gt;A broken &lt;tt&gt;MavenProject&lt;/tt&gt; can return null values in certain lists, which seems incorrect (at least it is undocumented). Root cause of: &lt;a href="http://netbeans.org/bugzilla/show_bug.cgi?id=205867" class="external-link" target="_blank" rel="nofollow noopener"&gt;http://netbeans.org/bugzilla/show_bug.cgi?id=205867&lt;/a&gt;&lt;/p&gt;</description>
                <environment />
        <key id="12796038">MNG-5209</key>
            <summary>MavenProject.getTestClasspathElements can return null elements</summary>
                <type id="1" iconUrl="https://issues.apache.org/jira/secure/viewavatar?size=xsmall&amp;avatarId=21133&amp;avatarType=issuetype">Bug</type>
                                            <priority id="4" iconUrl="https://issues.apache.org/jira/images/icons/priorities/minor.svg">Minor</priority>
                        <status id="6" iconUrl="https://issues.apache.org/jira/images/icons/statuses/closed.png" description="The issue is considered finished, the resolution is correct. Issues which are not closed can be reopened.">Closed</status>
                    <statusCategory id="3" key="done" colorName="green" />
                                    <resolution id="1">Fixed</resolution>
                                        <assignee username="olamy">Olivier Lamy</assignee>
                                    <reporter username="jglick">Jesse N. Glick</reporter>
                        <labels>
                    </labels>
                <created>Fri, 2 Dec 2011 12:49:04 +0000</created>
                <updated>Sun, 5 Apr 2015 14:53:53 +0000</updated>
                            <resolved>Sun, 11 Dec 2011 02:48:21 +0000</resolved>
                                    <version>3.0.3</version>
                                    <fixVersion>3.1.0-alpha-1</fixVersion>
                                    <component>Embedding</component>
                        <due />
                            <votes>0</votes>
                                    <watches>2</watches>
                                                                <comments>
                            <comment id="14417400" author="olamy" created="Sun, 11 Dec 2011 02:48:21 +0000">&lt;p&gt;fixed r1212980&lt;br/&gt;
Thanks!&lt;/p&gt;</comment>
                    </comments>
                    <attachments>
                            <attachment id="12713308" name="MNG.diff" size="3112" author="jglick" created="Fri, 2 Dec 2011 12:49:04 +0000" />
                    </attachments>
                <subtasks>
                    </subtasks>
                <customfields>
                                                                                                                                                                                                                                                                                                                                                                                                                                                                                                                                                                                                                                                                                                                    <customfield id="customfield_12314020" key="com.atlassian.jira.plugins.jira-development-integration-plugin:devsummary">
                        <customfieldname>Development</customfieldname>
                        <customfieldvalues>
                            
                        </customfieldvalues>
                    </customfield>
                                                                                                                        <customfield id="customfield_12313422" key="com.atlassian.jirafisheyeplugin:jobcheckbox">
                        <customfieldname>Enable Automatic Patch Review</customfieldname>
                        <customfieldvalues>
                            <customfieldvalue>false</customfieldvalue>

                        </customfieldvalues>
                    </customfield>
                                                                                                                                                                                                                                                                                                                                                        <customfield id="customfield_12310250" key="com.atlassian.jira.plugin.system.customfieldtypes:multicheckboxes">
                        <customfieldname>Flags</customfieldname>
                        <customfieldvalues>
                                <customfieldvalue key="10430">Patch</customfieldvalue>
    
                        </customfieldvalues>
                    </customfield>
                                                                                                                                                                                                                                                                                                <customfield id="customfield_12310420" key="com.pyxis.greenhopper.jira:gh-global-rank">
                        <customfieldname>Global Rank</customfieldname>
                        <customfieldvalues>
                            <customfieldvalue>9223372036854775807</customfieldvalue>
                        </customfieldvalues>
                    </customfield>
                                                                                                                                                                                                                                                                                                                                                                                                                                                                        <customfield id="customfield_12311820" key="com.pyxis.greenhopper.jira:gh-lexo-rank">
                        <customfieldname>Rank</customfieldname>
                        <customfieldvalues>
                            <customfieldvalue>0|i2988f:</customfieldvalue>

                        </customfieldvalues>
                    </customfield>
                                                                <customfield id="customfield_12310920" key="com.pyxis.greenhopper.jira:gh-global-rank">
                        <customfieldname>Rank (Obsolete)</customfieldname>
                        <customfieldvalues>
                            <customfieldvalue>9223372036854775807</customfieldvalue>
                        </customfieldvalues>
                    </customfield>
                                                                                                                                                                                                                                                                                                                                                                                                                                                                                                                                                                                                                                                                                                        <customfield id="customfield_12312220" key="com.atlassian.jira.plugin.system.customfieldtypes:radiobuttons">
                        <customfieldname>Testcase included</customfieldname>
                        <customfieldvalues>
                                <customfieldvalue key="11060">Yes</customfieldvalue>

                        </customfieldvalues>
                    </customfield>
                                                                                                                        </customfields>
    </item>


</channel>
</rss>