<rss version="0.92">
    <channel>
        <title>ASF JIRA</title>
        <link>https://issues.apache.org/jira/issues/?jql=project+%3D+MNG+and+type+%3D+bug+and+%28status+%3D+RESOLVED+or+status+%3D+closed%29</link>
        <description>An XML representation of a search request</description>
                <language>en-uk</language>
                        <issue start="0" end="1000" total="3303" />
                <build-info>
            <version>8.20.7</version>
            <build-number>820007</build-number>
            <build-date>16-03-2022</build-date>
        </build-info>

<item>
            <title>[MNG-5875] [regression] Repositories discovered in dependency POMs are not subject to mirroring</title>
                <link>https://issues.apache.org/jira/browse/MNG-5875</link>
                <project id="12316922" key="MNG">Maven</project>
                    <description>&lt;p&gt;Build logs revealed that trunk does not use mirrors for those repositories that are contributed by POMs of dependencies during transitive dependency resolution.&lt;/p&gt;</description>
                <environment />
        <key id="12857245">MNG-5875</key>
            <summary>[regression] Repositories discovered in dependency POMs are not subject to mirroring</summary>
                <type id="1" iconUrl="https://issues.apache.org/jira/secure/viewavatar?size=xsmall&amp;avatarId=21133&amp;avatarType=issuetype">Bug</type>
                                            <priority id="3" iconUrl="https://issues.apache.org/jira/images/icons/priorities/major.svg">Major</priority>
                        <status id="6" iconUrl="https://issues.apache.org/jira/images/icons/statuses/closed.png" description="The issue is considered finished, the resolution is correct. Issues which are not closed can be reopened.">Closed</status>
                    <statusCategory id="3" key="done" colorName="green" />
                                    <resolution id="5">Cannot Reproduce</resolution>
                                        <assignee username="-1">Unassigned</assignee>
                                    <reporter username="schraal">Hilbert Schraal</reporter>
                        <labels>
                    </labels>
                <created>Wed, 19 Aug 2015 15:28:05 +0000</created>
                <updated>Mon, 24 Feb 2020 14:09:01 +0000</updated>
                            <resolved>Sun, 24 Nov 2019 12:57:12 +0000</resolved>
                                    <version>3.3.3</version>
                                                    <component>Artifacts and Repositories</component>
                        <due />
                            <votes>0</votes>
                                    <watches>4</watches>
                                                                <comments>
                            <comment id="14703201" author="schraal" created="Wed, 19 Aug 2015 15:35:08 +0000">&lt;p&gt;from the logs:&lt;/p&gt;
&lt;div class="preformatted panel" style="border-width: 1px;"&gt;&lt;div class="preformattedContent panelContent"&gt;
&lt;pre&gt;[DEBUG] Using mirror mirror_oldest_repo (http://&amp;lt;new_server&amp;gt;:8083/artifactory/repo_internal_deprecated) for maven-proxy-old-deprecated (http://&amp;lt;old_server&amp;gt;:9999/repository).
&lt;/pre&gt;
&lt;/div&gt;&lt;/div&gt;

&lt;p&gt;then later on:&lt;/p&gt;
&lt;div class="preformatted panel" style="border-width: 1px;"&gt;&lt;div class="preformattedContent panelContent"&gt;
&lt;pre&gt;[DEBUG] Using transporter WagonTransporter with priority -1.0 for http://&amp;lt;old_server&amp;gt;:9999/repository
[DEBUG] Using connector BasicRepositoryConnector with priority 0.0 for http://&amp;lt;old_server&amp;gt;:9999/repository
Downloading: http://&amp;lt;old_server&amp;gt;:9999/repository/log4j/log4j/maven-metadata.xml
         ^M[DEBUG] Writing tracking file &amp;lt;user_home&amp;gt;/.m2/repository/log4j/log4j/resolver-status.properties
750/750 B   ^M750/750 B   750/750 B   ^M750/750 B   750/750 B   750/750 B   ^M                                    ^M                                    ^MDownloaded: https://repo.maven.apache.org/maven2/log4j/log4j/maven-metadata.xml (750 B at 15.6 KB/sec)
Downloaded: https://repo.maven.apache.org/maven2/log4j/log4j/maven-metadata.xml (750 B at 15.6 KB/sec)
[DEBUG] Writing tracking file &amp;lt;user_home&amp;gt;/.m2/repository/log4j/log4j/resolver-status.properties
[DEBUG] Writing tracking file &amp;lt;user_home&amp;gt;/.m2/repository/log4j/log4j/resolver-status.properties
                                    ^MDownloaded: http://&amp;lt;new_server&amp;gt;:8083/artifactory/repo_external/log4j/log4j/maven-metadata.xml (750 B at 12.6 KB/sec)
[DEBUG] Writing tracking file &amp;lt;user_home&amp;gt;/.m2/repository/log4j/log4j/resolver-status.properties
[WARNING] Could not transfer metadata log4j:log4j/maven-metadata.xml from/to xxx (http://&amp;lt;old_server&amp;gt;:9999/repository): &amp;lt;old_server&amp;gt;: nodename nor servname provided, or not known
&lt;/pre&gt;
&lt;/div&gt;&lt;/div&gt;</comment>
                            <comment id="16892183" author="michael-o" created="Wed, 24 Jul 2019 21:12:58 +0000">&lt;p&gt;Is this one still valid?&lt;/p&gt;</comment>
                    </comments>
                <issuelinks>
                            <issuelinktype id="10020">
                    <name>Cloners</name>
                                            <outwardlinks description="is a clone of">
                                        <issuelink>
            <issuekey id="12795593">MNG-4413</issuekey>
        </issuelink>
                            </outwardlinks>
                                                        </issuelinktype>
                    </issuelinks>
                <attachments>
                    </attachments>
                <subtasks>
                    </subtasks>
                <customfields>
                                                                                                                                                                                                                                                                                                                                                                                                                                                                                                                                                                                                                                                                                                                    <customfield id="customfield_12314020" key="com.atlassian.jira.plugins.jira-development-integration-plugin:devsummary">
                        <customfieldname>Development</customfieldname>
                        <customfieldvalues>
                            
                        </customfieldvalues>
                    </customfield>
                                                                                                                        <customfield id="customfield_12313422" key="com.atlassian.jirafisheyeplugin:jobcheckbox">
                        <customfieldname>Enable Automatic Patch Review</customfieldname>
                        <customfieldvalues>
                            <customfieldvalue>false</customfieldvalue>

                        </customfieldvalues>
                    </customfield>
                                                                                                                                                                                                                                                                                                                                                                                                                                                                                                                                                                                                                    <customfield id="customfield_12310420" key="com.pyxis.greenhopper.jira:gh-global-rank">
                        <customfieldname>Global Rank</customfieldname>
                        <customfieldvalues>
                            <customfieldvalue>9223372036854775807</customfieldvalue>
                        </customfieldvalues>
                    </customfield>
                                                                                                                                                                                                                                                                                                                                                                                                                                                                        <customfield id="customfield_12311820" key="com.pyxis.greenhopper.jira:gh-lexo-rank">
                        <customfieldname>Rank</customfieldname>
                        <customfieldvalues>
                            <customfieldvalue>0|i2j3yf:</customfieldvalue>

                        </customfieldvalues>
                    </customfield>
                                                                <customfield id="customfield_12310920" key="com.pyxis.greenhopper.jira:gh-global-rank">
                        <customfieldname>Rank (Obsolete)</customfieldname>
                        <customfieldvalues>
                            <customfieldvalue>9223372036854775807</customfieldvalue>
                        </customfieldvalues>
                    </customfield>
                                                                                                                                                                                                                                                                                                                                                                                                                                                                                                                                                                                                                                                                                                                                                                                            </customfields>
    </item>


</channel>
</rss>