<rss version="0.92">
    <channel>
        <title>ASF JIRA</title>
        <link>https://issues.apache.org/jira/issues/?jql=project+%3D+MNG+and+type+%3D+bug+and+%28status+%3D+RESOLVED+or+status+%3D+closed%29</link>
        <description>An XML representation of a search request</description>
                <language>en-uk</language>
                        <issue start="0" end="1000" total="3303" />
                <build-info>
            <version>8.20.7</version>
            <build-number>820007</build-number>
            <build-date>16-03-2022</build-date>
        </build-info>

<item>
            <title>[MNG-5836] logging config is overridden by $M2_HOME/lib/ext/*.jar</title>
                <link>https://issues.apache.org/jira/browse/MNG-5836</link>
                <project id="12316922" key="MNG">Maven</project>
                    <description>&lt;p&gt;If one of the jars in &lt;tt&gt;$M2_HOME/lib/ext/*.jar&lt;/tt&gt; happens to have &lt;tt&gt;simplelogger.properties&lt;/tt&gt;, that configuration file masks logging configuration under  &lt;tt&gt;$M2_HOME/conf/logging&lt;/tt&gt;&lt;/p&gt;</description>
                <environment />
        <key id="12835124">MNG-5836</key>
            <summary>logging config is overridden by $M2_HOME/lib/ext/*.jar</summary>
                <type id="1" iconUrl="https://issues.apache.org/jira/secure/viewavatar?size=xsmall&amp;avatarId=21133&amp;avatarType=issuetype">Bug</type>
                                            <priority id="3" iconUrl="https://issues.apache.org/jira/images/icons/priorities/major.svg">Major</priority>
                        <status id="6" iconUrl="https://issues.apache.org/jira/images/icons/statuses/closed.png" description="The issue is considered finished, the resolution is correct. Issues which are not closed can be reopened.">Closed</status>
                    <statusCategory id="3" key="done" colorName="green" />
                                    <resolution id="1">Fixed</resolution>
                                        <assignee username="hboutemy">Herve Boutemy</assignee>
                                    <reporter username="igorf">Igor Fedorenko</reporter>
                        <labels>
                    </labels>
                <created>Wed, 3 Jun 2015 17:54:35 +0000</created>
                <updated>Sat, 28 Mar 2020 14:59:47 +0000</updated>
                            <resolved>Sun, 22 Jan 2017 16:25:28 +0000</resolved>
                                                    <fixVersion>3.5.0-alpha-1</fixVersion>
                    <fixVersion>3.5.0</fixVersion>
                                        <due />
                            <votes>0</votes>
                                    <watches>6</watches>
                                                                <comments>
                            <comment id="14572763" author="michael-o" created="Thu, 4 Jun 2015 13:37:53 +0000">&lt;p&gt;That is, clearly for me, a problem in the dependency not in Maven. Only the client has to configure logging, not the dependency.&lt;/p&gt;</comment>
                            <comment id="14573190" author="igorf" created="Thu, 4 Jun 2015 17:27:48 +0000">&lt;p&gt;Hmm. Yes, this is kinda my point, $M2_HOME/conf/logging should be the logging configuration used by maven regardless of what is included in custom libraries. In practical terms this means we need to change order of m2.conf entries, which I'll do when I get back to regular office.&lt;/p&gt;</comment>
                            <comment id="14573408" author="michael-o" created="Thu, 4 Jun 2015 19:08:05 +0000">&lt;p&gt;I would rather see that faulty library fixed because it is simply wrong. Maybe a warning would be good. One should fix the cause and not the symptom.&lt;/p&gt;</comment>
                            <comment id="14573921" author="igorf" created="Fri, 5 Jun 2015 01:41:02 +0000">&lt;p&gt;Just to be clear, do you suggest that current order of m2.conf entries is correct and desirable? &lt;/p&gt;

&lt;div class="code panel" style="border-width: 1px;"&gt;&lt;div class="codeContent panelContent"&gt;
&lt;pre class="code-java"&gt;[plexus.core]
optionally ${maven.home}/lib/ext/*.jar
load       ${maven.home}/lib/*.jar
load       ${maven.home}/conf/logging
&lt;/pre&gt;
&lt;/div&gt;&lt;/div&gt;

&lt;p&gt;Can you elaborate why? &lt;/p&gt;

&lt;p&gt;I can't think of a case when having conf/logging as the last entry in the list is preferable. This is the place where users can change logging configuration, so I expect it to have highest priority regardless of of anything else present on classpath. For example, if conf/logging is the first entry, the logging library could provide default configuration, which the user would still be able override through explicit configuration.&lt;/p&gt;</comment>
                            <comment id="14574120" author="michael-o" created="Fri, 5 Jun 2015 08:27:26 +0000">&lt;p&gt;I think it is correct. Because logging should be bootstrapped very before the first caller tries to access it. Consider that some lib in &lt;tt&gt;$maven.home/lib/*.jar&lt;/tt&gt; would like to log but the log config is not yet available. That would probably fail.&lt;/p&gt;

&lt;p&gt;Regardless of this, I would stick to the same answer I have given on &lt;a href="http://stackoverflow.com/a/7107934/696632" class="external-link" target="_blank" rel="nofollow noopener"&gt;stack overflow&lt;/a&gt; almost four years ago:&lt;/p&gt;

&lt;blockquote&gt;&lt;p&gt;You never provide a log implementation. The client application has to do so. Otherwhise this would be a violation of separation of concerns. Don't do any assumptions about an unknown client.&lt;/p&gt;&lt;/blockquote&gt;

&lt;p&gt;Logging and its configuration is solely the task of the client and not a dependency. Everything else is problem.&lt;/p&gt;

&lt;blockquote&gt;&lt;p&gt;For example, if conf/logging is the first entry, the logging library could provide default configuration, which the user would still be able override through explicit configuration.&lt;/p&gt;&lt;/blockquote&gt;

&lt;p&gt;We have provisioned the &lt;tt&gt;conf/logging&lt;/tt&gt; directory for that, didn't we? We never expect someone to put a &lt;tt&gt;logback.xml&lt;/tt&gt; into &lt;tt&gt;ext&lt;/tt&gt;.&lt;/p&gt;

&lt;p&gt;If one of your &lt;tt&gt;ext&lt;/tt&gt; JARs has &lt;tt&gt;simplelogger.properties&lt;/tt&gt;, file an issue and have that fixed. I'd rather see Maven issue a warning, if that is possible, indicating the problem.&lt;/p&gt;</comment>
                            <comment id="14574443" author="igorf" created="Fri, 5 Jun 2015 12:53:22 +0000">&lt;p&gt;You didn't provide an example that shows why moving conf/logging to the top of the list is a bad idea. I do think having default logging configuration inside lib/ext/maven-ext-logback.jar would make things easier to configure for the user, but have it your way, I don't feel strongly enough about this. &lt;/p&gt;</comment>
                            <comment id="15090712" author="hboutemy" created="Sat, 9 Jan 2016 17:46:13 +0000">&lt;p&gt;Reopening the issue: I think Igor is right&lt;br/&gt;
our conf is sub-optimal: it makes us at risk (of such bad dependency) without giving us any benefit&lt;/p&gt;

&lt;p&gt;given a logging conf should be modifiable, putting it in a jar does not really make sense (which is another way of saying "only the client has to do logging configuration")&lt;/p&gt;

&lt;p&gt;if nobody object, I'll do the IMHO good fix/improvement found by Igor&lt;/p&gt;</comment>
                            <comment id="15090753" author="michael-o" created="Sat, 9 Jan 2016 19:45:18 +0000">&lt;p&gt;Herv&#233;, even if you try to fix it. I would expect you to provide a warning in the case if a JAR contains a configuration file. Otherwise the crappy won't get noticed at all. That was my objective with.&lt;/p&gt;</comment>
                            <comment id="15090824" author="hboutemy" created="Sat, 9 Jan 2016 23:19:50 +0000">&lt;p&gt;I'd like it, but I fear that's not easy to do&lt;/p&gt;

&lt;p&gt;And honestly, we can't make this a blocker: improving Maven to be fool-proof is a good objective, making Maven the detection tool for fool-situation doesn't seem such a good objective&lt;/p&gt;

&lt;p&gt;But yes, if that's easy (since we can detect if a ressource is available twice), we can add a warning if you want: the bug is not in Maven, then I suppose we'll have to find a good warning message to explain the issue&lt;/p&gt;</comment>
                            <comment id="15091262" author="michael-o" created="Sun, 10 Jan 2016 22:06:47 +0000">&lt;p&gt;Agreed!&lt;/p&gt;</comment>
                            <comment id="15091275" author="hboutemy" created="Sun, 10 Jan 2016 22:29:10 +0000">&lt;p&gt;Igor, do you have a sample artifact in central that contains such logging conf, please?&lt;/p&gt;</comment>
                            <comment id="15192208" author="hudson" created="Sun, 13 Mar 2016 08:07:15 +0000">&lt;p&gt;SUCCESS: Integrated in maven-3.x #1254 (See &lt;a href="https://builds.apache.org/job/maven-3.x/1254/" class="external-link" target="_blank" rel="nofollow noopener"&gt;https://builds.apache.org/job/maven-3.x/1254/&lt;/a&gt;)&lt;br/&gt;
&lt;a href="https://issues.apache.org/jira/browse/MNG-5836" title="logging config is overridden by $M2_HOME/lib/ext/*.jar" class="issue-link" data-issue-key="MNG-5836"&gt;&lt;del&gt;MNG-5836&lt;/del&gt;&lt;/a&gt; put $maven.home/conf/logging first in classpath to avoid (hboutemy: rev 3533599e42a4a563abca33a69ed0f34c19815479)&lt;/p&gt;
&lt;ul&gt;
	&lt;li&gt;apache-maven/src/bin/m2.conf&lt;/li&gt;
&lt;/ul&gt;
</comment>
                            <comment id="15798262" author="igorf" created="Wed, 4 Jan 2017 13:22:47 +0000">&lt;p&gt;Better late than never, right? &lt;img class="emoticon" src="https://issues.apache.org/jira/images/icons/emoticons/smile.png" height="16" width="16" align="absmiddle" alt="" border="0"/&gt;&lt;/p&gt;

&lt;p&gt;I originally wanted to provide default concurrent-safe logging configuration as part of &lt;a href="https://github.com/takari/concurrent-build-logger" class="external-link" target="_blank" rel="nofollow noopener"&gt;https://github.com/takari/concurrent-build-logger&lt;/a&gt; . There is a number of example configuration files under src/main/distro/conf/logging/logback.xml if you want to try it.&lt;/p&gt;</comment>
                            <comment id="15811321" author="stephenc" created="Mon, 9 Jan 2017 09:56:32 +0000">&lt;p&gt;Maven 3.4.0 has been dropped. See &lt;a href="https://mail-archives.apache.org/mod_mbox/maven-dev/201701.mbox/%3CCA%2BnPnMx-e7kGYy3Hp87v8hLGdhp1q%3DtKLx_6QuZ4kGUqHEBGcw%40mail.gmail.com%3E" class="external-link" target="_blank" rel="nofollow noopener"&gt;this thread&lt;/a&gt; for more details.&lt;/p&gt;

&lt;p&gt;This issue will need to be re-scheduled for a Maven release in the (hopefully near) future.&lt;/p&gt;</comment>
                            <comment id="15833578" author="hudson" created="Sun, 22 Jan 2017 16:30:21 +0000">&lt;p&gt;SUCCESS: Integrated in Jenkins build maven-3.x #1499 (See &lt;a href="https://builds.apache.org/job/maven-3.x/1499/" class="external-link" target="_blank" rel="nofollow noopener"&gt;https://builds.apache.org/job/maven-3.x/1499/&lt;/a&gt;)&lt;br/&gt;
&lt;a href="https://issues.apache.org/jira/browse/MNG-5836" title="logging config is overridden by $M2_HOME/lib/ext/*.jar" class="issue-link" data-issue-key="MNG-5836"&gt;&lt;del&gt;MNG-5836&lt;/del&gt;&lt;/a&gt; put $maven.home/conf/logging first in classpath to avoid (hboutemy: &lt;a href="http://git-wip-us.apache.org/repos/asf/?p=maven.git&amp;amp;a=commit&amp;amp;h=c516ef79aecdeef5297e44bb5e836e67ffa5336f" class="external-link" target="_blank" rel="nofollow noopener"&gt;http://git-wip-us.apache.org/repos/asf/?p=maven.git&amp;amp;a=commit&amp;amp;h=c516ef79aecdeef5297e44bb5e836e67ffa5336f&lt;/a&gt;)&lt;/p&gt;
&lt;ul&gt;
	&lt;li&gt;(edit) apache-maven/src/bin/m2.conf&lt;/li&gt;
&lt;/ul&gt;
</comment>
                            <comment id="17069634" author="hudson" created="Sat, 28 Mar 2020 14:59:47 +0000">&lt;p&gt;Build failed in Jenkins: Maven TLP &#187; maven-studies &#187; maven-metrics #4&lt;/p&gt;

&lt;p&gt;See &lt;a href="https://builds.apache.org/job/maven-box/job/maven-studies/job/maven-metrics/4/" class="external-link" target="_blank" rel="nofollow noopener"&gt;https://builds.apache.org/job/maven-box/job/maven-studies/job/maven-metrics/4/&lt;/a&gt;&lt;/p&gt;</comment>
                    </comments>
                    <attachments>
                    </attachments>
                <subtasks>
                    </subtasks>
                <customfields>
                                                                                                                                                                                                                                                                                                                                                                                                                                                                                                                                                                                                                                                                                                                    <customfield id="customfield_12314020" key="com.atlassian.jira.plugins.jira-development-integration-plugin:devsummary">
                        <customfieldname>Development</customfieldname>
                        <customfieldvalues>
                            
                        </customfieldvalues>
                    </customfield>
                                                                                                                        <customfield id="customfield_12313422" key="com.atlassian.jirafisheyeplugin:jobcheckbox">
                        <customfieldname>Enable Automatic Patch Review</customfieldname>
                        <customfieldvalues>
                            <customfieldvalue>false</customfieldvalue>

                        </customfieldvalues>
                    </customfield>
                                                                                                                                                                                                                                                                                                                                                                                                                                                                                                                                                                                                                    <customfield id="customfield_12310420" key="com.pyxis.greenhopper.jira:gh-global-rank">
                        <customfieldname>Global Rank</customfieldname>
                        <customfieldvalues>
                            <customfieldvalue>9223372036854775807</customfieldvalue>
                        </customfieldvalues>
                    </customfield>
                                                                                                                                                                                                                                                                                                                                                                                                                                                                        <customfield id="customfield_12311820" key="com.pyxis.greenhopper.jira:gh-lexo-rank">
                        <customfieldname>Rank</customfieldname>
                        <customfieldvalues>
                            <customfieldvalue>0|i2fl87:</customfieldvalue>

                        </customfieldvalues>
                    </customfield>
                                                                <customfield id="customfield_12310920" key="com.pyxis.greenhopper.jira:gh-global-rank">
                        <customfieldname>Rank (Obsolete)</customfieldname>
                        <customfieldvalues>
                            <customfieldvalue>9223372036854775807</customfieldvalue>
                        </customfieldvalues>
                    </customfield>
                                                                                                                                                                                                                                                                                                                                                                                                                                                                                                                                                                                                                                                                                                                                                                                            </customfields>
    </item>


</channel>
</rss>