<rss version="0.92">
    <channel>
        <title>ASF JIRA</title>
        <link>https://issues.apache.org/jira/issues/?jql=project+%3D+MNG+and+type+%3D+bug+and+%28status+%3D+RESOLVED+or+status+%3D+closed%29</link>
        <description>An XML representation of a search request</description>
                <language>en-uk</language>
                        <issue start="0" end="1000" total="3303" />
                <build-info>
            <version>8.20.7</version>
            <build-number>820007</build-number>
            <build-date>16-03-2022</build-date>
        </build-info>

<item>
            <title>[MNG-5970] Directory path set in mojo by Maven is lowercased, causing it to not match actual directory</title>
                <link>https://issues.apache.org/jira/browse/MNG-5970</link>
                <project id="12316922" key="MNG">Maven</project>
                    <description>&lt;p&gt;We have a custom mojo. It has this field:&lt;/p&gt;

&lt;p&gt;	/**&lt;/p&gt;
&lt;ul&gt;
	&lt;li&gt;Location of the directory containing the pom.&lt;/li&gt;
	&lt;li&gt;@parameter default-value="project.basedir"&lt;/li&gt;
	&lt;li&gt;@required&lt;br/&gt;
	 */&lt;br/&gt;
    private String baseDir;&lt;/li&gt;
&lt;/ul&gt;


&lt;p&gt;Our unit test for the mojo works fine locally, but fails in Jenkins CI.&lt;/p&gt;

&lt;p&gt;The reason it fails is that the value of baseDir set by the Maven framework is all lowercase, but the directory path on the Jenkins server has some uppercase.&lt;/p&gt;

&lt;p&gt;We are not touching the value of baseDir, just taking it and immediately trying File[] files = new File(baseDir).listFiles(), which blows up because baseDir lowercase doesn't exist.&lt;/p&gt;

&lt;p&gt;Why is Maven not passing the directory path in as-is, instead of all lowercase?&lt;/p&gt;</description>
                <environment>Linux</environment>
        <key id="12935793">MNG-5970</key>
            <summary>Directory path set in mojo by Maven is lowercased, causing it to not match actual directory</summary>
                <type id="1" iconUrl="https://issues.apache.org/jira/secure/viewavatar?size=xsmall&amp;avatarId=21133&amp;avatarType=issuetype">Bug</type>
                                            <priority id="3" iconUrl="https://issues.apache.org/jira/images/icons/priorities/major.svg">Major</priority>
                        <status id="6" iconUrl="https://issues.apache.org/jira/images/icons/statuses/closed.png" description="The issue is considered finished, the resolution is correct. Issues which are not closed can be reopened.">Closed</status>
                    <statusCategory id="3" key="done" colorName="green" />
                                    <resolution id="8">Not A Problem</resolution>
                                        <assignee username="khmarbaise">Karl Heinz Marbaise</assignee>
                                    <reporter username="jshowalter">Jim Showalter</reporter>
                        <labels>
                    </labels>
                <created>Mon, 1 Feb 2016 23:44:58 +0000</created>
                <updated>Wed, 3 Feb 2016 07:06:34 +0000</updated>
                            <resolved>Wed, 3 Feb 2016 07:06:34 +0000</resolved>
                                    <version>3.0.3</version>
                                                    <component>Plugin API</component>
                        <due />
                            <votes>0</votes>
                                    <watches>3</watches>
                                                                <comments>
                            <comment id="15128651" author="khmarbaise" created="Tue, 2 Feb 2016 17:45:02 +0000">&lt;p&gt;First this is old style XDoclet definition which you should change to the &lt;a href="https://maven.apache.org/plugin-tools/maven-plugin-tools-annotations/index.html" class="external-link" target="_blank" rel="nofollow noopener"&gt;annotation based style&lt;/a&gt;.  Furthermore i would suggest to use &lt;tt&gt;File&lt;/tt&gt; for the type instead of &lt;tt&gt;String&lt;/tt&gt; cause a folder is a &lt;tt&gt;File&lt;/tt&gt;. This will look like this:&lt;/p&gt;
&lt;div class="code panel" style="border-width: 1px;"&gt;&lt;div class="codeContent panelContent"&gt;
&lt;pre class="code-java"&gt;@Parameter( defaultValue = &lt;span class="code-quote"&gt;"${project.basedir}"&lt;/span&gt;, readonly = &lt;span class="code-keyword"&gt;true&lt;/span&gt; )
&lt;span class="code-keyword"&gt;private&lt;/span&gt; File basedir;
&lt;/pre&gt;
&lt;/div&gt;&lt;/div&gt;
&lt;p&gt;I'm not 100% sure if this solve your problem..&lt;/p&gt;

&lt;p&gt;Apart from the above you should stop using Maven 3.0.3 cause it has &lt;a href="https://issues.apache.org/jira/secure/ReleaseNote.jspa?projectId=12316922&amp;amp;version=12330178" class="external-link" rel="nofollow"&gt;many bugs&lt;/a&gt;...Which Jenkins version do you use? Are you using Maven based project types? &lt;/p&gt;</comment>
                            <comment id="15129716" author="jshowalter" created="Wed, 3 Feb 2016 03:28:38 +0000">&lt;p&gt;That worked-thank you! We have a ton of projects that are using 3.0.3. We'll look at upgrading them.&lt;/p&gt;</comment>
                    </comments>
                    <attachments>
                    </attachments>
                <subtasks>
                    </subtasks>
                <customfields>
                                                                                                                                                                                                                                                                                                                                                                                                                                                                                                                                                                                                                                                                                                                    <customfield id="customfield_12314020" key="com.atlassian.jira.plugins.jira-development-integration-plugin:devsummary">
                        <customfieldname>Development</customfieldname>
                        <customfieldvalues>
                            
                        </customfieldvalues>
                    </customfield>
                                                                                                                        <customfield id="customfield_12313422" key="com.atlassian.jirafisheyeplugin:jobcheckbox">
                        <customfieldname>Enable Automatic Patch Review</customfieldname>
                        <customfieldvalues>
                            <customfieldvalue>false</customfieldvalue>

                        </customfieldvalues>
                    </customfield>
                                                                                                                                                                                                                                                                                                                                                                                                                                                                                                                                                                                                                    <customfield id="customfield_12310420" key="com.pyxis.greenhopper.jira:gh-global-rank">
                        <customfieldname>Global Rank</customfieldname>
                        <customfieldvalues>
                            <customfieldvalue>9223372036854775807</customfieldvalue>
                        </customfieldvalues>
                    </customfield>
                                                                                                                                                                                                                                                                                                                                                                                                                                                                        <customfield id="customfield_12311820" key="com.pyxis.greenhopper.jira:gh-lexo-rank">
                        <customfieldname>Rank</customfieldname>
                        <customfieldvalues>
                            <customfieldvalue>0|i2s9if:</customfieldvalue>

                        </customfieldvalues>
                    </customfield>
                                                                <customfield id="customfield_12310920" key="com.pyxis.greenhopper.jira:gh-global-rank">
                        <customfieldname>Rank (Obsolete)</customfieldname>
                        <customfieldvalues>
                            <customfieldvalue>9223372036854775807</customfieldvalue>
                        </customfieldvalues>
                    </customfield>
                                                                                                                                                                                                                                                                                                                                                                                                                                                                                                                                                                                                                                                                                                                                                                                            </customfields>
    </item>


</channel>
</rss>