<rss version="0.92">
    <channel>
        <title>ASF JIRA</title>
        <link>https://issues.apache.org/jira/issues/?jql=project+%3D+MNG+and+type+%3D+bug+and+%28status+%3D+RESOLVED+or+status+%3D+closed%29</link>
        <description>An XML representation of a search request</description>
                <language>en-uk</language>
                        <issue start="0" end="1000" total="3303" />
                <build-info>
            <version>8.20.7</version>
            <build-number>820007</build-number>
            <build-date>16-03-2022</build-date>
        </build-info>

<item>
            <title>[MNG-5612] effective pom should not contain file-based profile activation fully interpolated but with limited interpolation like seen during profile activation</title>
                <link>https://issues.apache.org/jira/browse/MNG-5612</link>
                <project id="12316922" key="MNG">Maven</project>
                    <description>&lt;p&gt;mvn help:effective-pom on a pom.xml containing&lt;/p&gt;
&lt;div class="code panel" style="border-width: 1px;"&gt;&lt;div class="codeContent panelContent"&gt;
&lt;pre class="code-xml"&gt;    &lt;span class="code-tag"&gt;&amp;lt;profile&amp;gt;&lt;/span&gt;
      &lt;span class="code-tag"&gt;&amp;lt;activation&amp;gt;&lt;/span&gt;
        &lt;span class="code-tag"&gt;&amp;lt;file&amp;gt;&lt;/span&gt;
          &lt;span class="code-tag"&gt;&amp;lt;exists&amp;gt;&lt;/span&gt;${project.basedir}/pom.xml&lt;span class="code-tag"&gt;&amp;lt;/exists&amp;gt;&lt;/span&gt;
        &lt;span class="code-tag"&gt;&amp;lt;/file&amp;gt;&lt;/span&gt;
      &lt;span class="code-tag"&gt;&amp;lt;/activation&amp;gt;&lt;/span&gt;&lt;/pre&gt;
&lt;/div&gt;&lt;/div&gt;

&lt;p&gt;shows interpolated value, which points to an existing file then is misleading&lt;/p&gt;

&lt;p&gt;but the profile isn't activated since ${project.basedir} isn't interpreted during profile activation&lt;/p&gt;

&lt;p&gt;we added a warning in &lt;a href="https://issues.apache.org/jira/browse/MNG-5608" title="warn if file-based profile activation uses ${project.basedir} since only ${basedir} is supported" class="issue-link" data-issue-key="MNG-5608"&gt;&lt;del&gt;MNG-5608&lt;/del&gt;&lt;/a&gt;, but showing the value interpolated exactly as done during profile interpolation would be more logic&lt;/p&gt;</description>
                <environment />
        <key id="12796308">MNG-5612</key>
            <summary>effective pom should not contain file-based profile activation fully interpolated but with limited interpolation like seen during profile activation</summary>
                <type id="1" iconUrl="https://issues.apache.org/jira/secure/viewavatar?size=xsmall&amp;avatarId=21133&amp;avatarType=issuetype">Bug</type>
                                            <priority id="3" iconUrl="https://issues.apache.org/jira/images/icons/priorities/major.svg">Major</priority>
                        <status id="6" iconUrl="https://issues.apache.org/jira/images/icons/statuses/closed.png" description="The issue is considered finished, the resolution is correct. Issues which are not closed can be reopened.">Closed</status>
                    <statusCategory id="3" key="done" colorName="green" />
                                    <resolution id="1">Fixed</resolution>
                                        <assignee username="hboutemy">Herve Boutemy</assignee>
                                    <reporter username="hboutemy">Herve Boutemy</reporter>
                        <labels>
                    </labels>
                <created>Sun, 30 Mar 2014 13:10:28 +0000</created>
                <updated>Thu, 6 Jan 2022 17:36:37 +0000</updated>
                            <resolved>Sun, 30 Mar 2014 16:47:06 +0000</resolved>
                                    <version>3.2.1</version>
                                    <fixVersion>3.2.2</fixVersion>
                                    <component>Profiles</component>
                        <due />
                            <votes>0</votes>
                                    <watches>5</watches>
                                                                <comments>
                            <comment id="14419610" author="hboutemy" created="Sun, 30 Mar 2014 16:47:06 +0000">&lt;p&gt;done in &lt;a href="http://git-wip-us.apache.org/repos/asf/maven/commit/c1757897" class="external-link" target="_blank" rel="nofollow noopener"&gt;c1757897&lt;/a&gt;&lt;/p&gt;</comment>
                            <comment id="16973262" author="ca-stefan-cordes" created="Wed, 13 Nov 2019 11:24:05 +0000">&lt;p&gt;Hi&#160;Herv&#233;,&lt;/p&gt;

&lt;p&gt;this change lets&lt;/p&gt;
&lt;div class="preformatted panel" style="border-width: 1px;"&gt;&lt;div class="preformattedContent panelContent"&gt;
&lt;pre&gt;mvn flatten:flatten&lt;/pre&gt;
&lt;/div&gt;&lt;/div&gt;
&lt;p&gt;fail creating an "unchanged" pom with&#160;&lt;tt&gt;&amp;lt;flattenMode&amp;gt;resolveCiFriendliesOnly&amp;lt;/flattenMode&amp;gt;&lt;/tt&gt;, see&#160;&lt;a href="https://issues.apache.org/jira/browse/MNG-6802" title="FileProfileActivator changes FileProfileActivator.exists which lets flattened resolveCiFriendliesOnly depending fail activating profile" class="issue-link" data-issue-key="MNG-6802"&gt;&lt;del&gt;MNG-6802&lt;/del&gt;&lt;/a&gt;&lt;/p&gt;

&lt;p&gt;(which must replace ${revision}, ${sha1} and/or ${changelist} in the pom.xml only, see&#160;&lt;a href="https://maven.apache.org/maven-ci-friendly.html" class="external-link" target="_blank" rel="nofollow noopener"&gt;https://maven.apache.org/maven-ci-friendly.html&lt;/a&gt;&#160;)&lt;/p&gt;

&lt;p&gt;Please find another solution for this problem. (maybe another field getResolvedExists() in&#160;org.apache.maven.model.ActivationFile or resolve each time the getExists() is called. (But do not change the field).&lt;/p&gt;</comment>
                    </comments>
                <issuelinks>
                            <issuelinktype id="12310560">
                    <name>Problem/Incident</name>
                                            <outwardlinks description="causes">
                                        <issuelink>
            <issuekey id="13267986">MNG-6802</issuekey>
        </issuelink>
                            </outwardlinks>
                                                        </issuelinktype>
                            <issuelinktype id="12310260">
                    <name>Related</name>
                                            <outwardlinks description="relates to">
                                        <issuelink>
            <issuekey id="12796179">MNG-5608</issuekey>
        </issuelink>
                            </outwardlinks>
                                                        </issuelinktype>
                    </issuelinks>
                <attachments>
                    </attachments>
                <subtasks>
                    </subtasks>
                <customfields>
                                                                                                                                                                                                                                                                                                                                                                                                                                                                                                                                                                                                                                                                                                                    <customfield id="customfield_12314020" key="com.atlassian.jira.plugins.jira-development-integration-plugin:devsummary">
                        <customfieldname>Development</customfieldname>
                        <customfieldvalues>
                            
                        </customfieldvalues>
                    </customfield>
                                                                                                                        <customfield id="customfield_12313422" key="com.atlassian.jirafisheyeplugin:jobcheckbox">
                        <customfieldname>Enable Automatic Patch Review</customfieldname>
                        <customfieldvalues>
                            <customfieldvalue>false</customfieldvalue>

                        </customfieldvalues>
                    </customfield>
                                                                                                                                                                                                                                                                                                                                                                                                                                                                                                                                                                                                                    <customfield id="customfield_12310420" key="com.pyxis.greenhopper.jira:gh-global-rank">
                        <customfieldname>Global Rank</customfieldname>
                        <customfieldvalues>
                            <customfieldvalue>9223372036854775807</customfieldvalue>
                        </customfieldvalues>
                    </customfield>
                                                                                                                                                                                                                                                                                                                                                                                                                                                                        <customfield id="customfield_12311820" key="com.pyxis.greenhopper.jira:gh-lexo-rank">
                        <customfieldname>Rank</customfieldname>
                        <customfieldvalues>
                            <customfieldvalue>0|i293hr:</customfieldvalue>

                        </customfieldvalues>
                    </customfield>
                                                                <customfield id="customfield_12310920" key="com.pyxis.greenhopper.jira:gh-global-rank">
                        <customfieldname>Rank (Obsolete)</customfieldname>
                        <customfieldvalues>
                            <customfieldvalue>9223372036854775807</customfieldvalue>
                        </customfieldvalues>
                    </customfield>
                                                                                                                                                                                                                                                                                                                                                                                                                                                                                                                                                                                                                                                                                                                                                                                            </customfields>
    </item>


</channel>
</rss>