<rss version="0.92">
    <channel>
        <title>ASF JIRA</title>
        <link>https://issues.apache.org/jira/issues/?jql=project+%3D+MNG+and+type+%3D+bug+and+%28status+%3D+RESOLVED+or+status+%3D+closed%29</link>
        <description>An XML representation of a search request</description>
                <language>en-uk</language>
                        <issue start="0" end="1000" total="3303" />
                <build-info>
            <version>8.20.7</version>
            <build-number>820007</build-number>
            <build-date>16-03-2022</build-date>
        </build-info>

<item>
            <title>[MNG-5828] Artifact download loses proxy username during transfer, failing download</title>
                <link>https://issues.apache.org/jira/browse/MNG-5828</link>
                <project id="12316922" key="MNG">Maven</project>
                    <description>&lt;p&gt;Executing 'mvn site' causes Maven to successfully download most artifacts, but several failures are reported with the message &lt;/p&gt;

&lt;p&gt;&lt;span class="error"&gt;&amp;#91;WARNING&amp;#93;&lt;/span&gt; Could not transfer metadata org.codehaus.mojo:findbugs-maven-plugin/maven-metadata.xml from/to central (&lt;a href="https://repo.maven.apache.org/maven2):" class="external-link" target="_blank" rel="nofollow noopener"&gt;https://repo.maven.apache.org/maven2):&lt;/a&gt; Error transferring file: Unable to tunnel through proxy. Proxy returns "HTTP/1.1 407 authenticationrequired" from &lt;a href="https://repo.maven.apache.org/maven2/org/codehaus/mojo/findbugs-maven-plugin/maven-metadata.xml" class="external-link" target="_blank" rel="nofollow noopener"&gt;https://repo.maven.apache.org/maven2/org/codehaus/mojo/findbugs-maven-plugin/maven-metadata.xml&lt;/a&gt; with proxyInfo ProxyInfo&lt;/p&gt;
{host='mamwg.gdc4s.com', userName='null', port=8080, type='https', nonProxyHosts='null'}

&lt;p&gt;The proxy configuration does specify a username, and a "mvn -X" log shows Maven to be aware of the username a few lines earlier.&lt;/p&gt;

&lt;p&gt;&lt;span class="error"&gt;&amp;#91;DEBUG&amp;#93;&lt;/span&gt; Using connector BasicRepositoryConnector with priority 0.0 for &lt;a href="https://repo.maven.apache.org/maven2" class="external-link" target="_blank" rel="nofollow noopener"&gt;https://repo.maven.apache.org/maven2&lt;/a&gt; via mamwg.gdc4s.com:8080 with username=p58042, password=***&lt;/p&gt;

&lt;p&gt;I don't see a way to attach, but if I can do so after saving I will attach a fairly simple pom file, settings.xml (stripped of passwords), and plain and debug log files that will reproduce the error with the commands 'mvn -s settings.xml site' and 'mvn -X -s settings.xml site'.&lt;/p&gt;

&lt;p&gt;I have listed this as "minor" because my end build results thus far have been successful and the components which have failed to download have apparently not impacted my building or testing - in some cases it appears the component is already downloaded to my local repository; however, there are hundreds of these warnings in my build logs.&lt;/p&gt;</description>
                <environment>Windows 7 Enterprise SP1 x64</environment>
        <key id="12832187">MNG-5828</key>
            <summary>Artifact download loses proxy username during transfer, failing download</summary>
                <type id="1" iconUrl="https://issues.apache.org/jira/secure/viewavatar?size=xsmall&amp;avatarId=21133&amp;avatarType=issuetype">Bug</type>
                                            <priority id="4" iconUrl="https://issues.apache.org/jira/images/icons/priorities/minor.svg">Minor</priority>
                        <status id="6" iconUrl="https://issues.apache.org/jira/images/icons/statuses/closed.png" description="The issue is considered finished, the resolution is correct. Issues which are not closed can be reopened.">Closed</status>
                    <statusCategory id="3" key="done" colorName="green" />
                                    <resolution id="8">Not A Problem</resolution>
                                        <assignee username="-1">Unassigned</assignee>
                                    <reporter username="jelion">John Elion</reporter>
                        <labels>
                            <label>close-pending</label>
                    </labels>
                <created>Fri, 22 May 2015 15:42:42 +0000</created>
                <updated>Mon, 8 Mar 2021 10:07:21 +0000</updated>
                            <resolved>Sun, 17 Jun 2018 20:52:23 +0000</resolved>
                                    <version>3.3.3</version>
                                                    <component>Artifacts and Repositories</component>
                        <due />
                            <votes>0</votes>
                                    <watches>4</watches>
                                                                <comments>
                            <comment id="14556359" author="jelion" created="Fri, 22 May 2015 15:58:03 +0000">&lt;p&gt;These files lived in c:\jdev\mavenissue\proj; there are references to c:\jdev\mavenissue in both settings.xml and pom.xml that are easily changed if the project parent folder is relocated.  The proxy configuration obviously also would need to be tweaked for the local environment.&lt;/p&gt;

&lt;p&gt;The command to reproduce was simply 'mvn -s settings.xml site' from the folder containing pom.xml; the local repository was created in ..\repos (so it could be quickly deleted and retried)&lt;/p&gt;

&lt;p&gt;The host system is Windows 7 Enterprise SP1 64-bit; Maven version was 3.3.3, Java version was 7u55 x64.  The proxy host is a McAfee Web Gateway&lt;/p&gt;</comment>
                            <comment id="14565829" author="jelion" created="Sat, 30 May 2015 04:46:45 +0000">&lt;p&gt;I have successfully worked around the issue by setting up a local Nexus server which forwards through our firewall to external repositories; such that all of Maven's requests are routed to a local "mirror".  Through Nexus , Maven seems to have successfully retrieved artifacts that had failed when Maven reached out directly to the internet through the firewall proxy.&lt;/p&gt;</comment>
                            <comment id="16390345" author="michael-o" created="Wed, 7 Mar 2018 22:23:33 +0000">&lt;p&gt;Is this one still valid?&lt;/p&gt;</comment>
                            <comment id="16515220" author="michael-o" created="Sun, 17 Jun 2018 20:52:23 +0000">&lt;p&gt;No reaction for three months.&lt;/p&gt;</comment>
                            <comment id="17289855" author="danhau" created="Wed, 24 Feb 2021 11:04:32 +0000">&lt;p&gt;We're having the same exact problem with Maven 3.6.3, exactly as &lt;a href="https://issues.apache.org/jira/secure/ViewProfile.jspa?name=jelion" class="user-hover" rel="jelion"&gt;jelion&lt;/a&gt; described.&lt;/p&gt;</comment>
                            <comment id="17296543" author="michael-o" created="Sat, 6 Mar 2021 13:08:07 +0000">&lt;p&gt;&lt;a href="https://issues.apache.org/jira/secure/ViewProfile.jspa?name=DanHau" class="user-hover" rel="DanHau"&gt;DanHau&lt;/a&gt;, please provide debug output and out settings configuration and I will reassess.&lt;/p&gt;</comment>
                            <comment id="17297210" author="danhau" created="Mon, 8 Mar 2021 09:28:06 +0000">&lt;p&gt;&lt;a href="https://issues.apache.org/jira/secure/ViewProfile.jspa?name=michael-o" class="user-hover" rel="michael-o"&gt;michael-o&lt;/a&gt;, I've uploaded the verbose output for a install command, I hope that's what you mean:&#160;&lt;span class="nobr"&gt;&lt;a href="https://issues.apache.org/jira/secure/attachment/13021833/13021833_hauser_install_verbose.txt" title="hauser_install_verbose.txt attached to MNG-5828"&gt;hauser_install_verbose.txt&lt;sup&gt;&lt;img class="rendericon" src="https://issues.apache.org/jira/images/icons/link_attachment_7.gif" height="7" width="7" align="absmiddle" alt="" border="0"/&gt;&lt;/sup&gt;&lt;/a&gt;&lt;/span&gt;&lt;/p&gt;

&lt;p&gt;My settings are completely vanilla, only the following config for our corp proxy was added:&lt;/p&gt;
&lt;blockquote&gt;&lt;p&gt;&amp;lt;proxy&amp;gt;&lt;br/&gt;
&#160;&#160;&#160;&#160;&amp;lt;id&amp;gt;fronius_http&amp;lt;/id&amp;gt;&lt;br/&gt;
&#160;&#160;&#160;&#160;&amp;lt;active&amp;gt;true&amp;lt;/active&amp;gt;&lt;br/&gt;
&#160;&#160;&#160;&#160;&amp;lt;protocol&amp;gt;http&amp;lt;/protocol&amp;gt;&lt;br/&gt;
&#160;&#160;&#160;&#160;&amp;lt;host&amp;gt;at-wsa-01.fronius.com&amp;lt;/host&amp;gt;&lt;br/&gt;
&#160;&#160;&#160;&#160;&amp;lt;port&amp;gt;8080&amp;lt;/port&amp;gt;&lt;br/&gt;
&#160;&#160;&#160;&#160;&amp;lt;username&amp;gt;hauser.daniel&amp;lt;/username&amp;gt;&lt;br/&gt;
&#160;&#160;&#160;&#160;&amp;lt;password&amp;gt;***&amp;lt;/password&amp;gt;&lt;br/&gt;
&amp;lt;/proxy&amp;gt;&lt;/p&gt;&lt;/blockquote&gt;
&lt;p&gt;&#160;&lt;br/&gt;
 &#160;&lt;/p&gt;</comment>
                            <comment id="17297240" author="michael-o" created="Mon, 8 Mar 2021 10:07:21 +0000">&lt;p&gt;Are you joking? Look at the stack trace, fix your truststore setup. It is completely unrelated to this.&lt;/p&gt;</comment>
                    </comments>
                    <attachments>
                            <attachment id="12734851" name="failed-dbg.log" size="728181" author="jelion" created="Fri, 22 May 2015 15:58:03 +0000" />
                            <attachment id="12734850" name="failed.log" size="272831" author="jelion" created="Fri, 22 May 2015 15:58:03 +0000" />
                            <attachment id="13021833" name="hauser_install_verbose.txt" size="151888" author="DanHau" created="Mon, 8 Mar 2021 09:26:55 +0000" />
                            <attachment id="12734852" name="pom.xml" size="3287" author="jelion" created="Fri, 22 May 2015 15:58:03 +0000" />
                            <attachment id="12734853" name="settings.xml" size="1166" author="jelion" created="Fri, 22 May 2015 15:58:03 +0000" />
                    </attachments>
                <subtasks>
                    </subtasks>
                <customfields>
                                                                                                                                                                                                                                                                                                                                                                                                                                                                                                                                                                                                                                                                                                                    <customfield id="customfield_12314020" key="com.atlassian.jira.plugins.jira-development-integration-plugin:devsummary">
                        <customfieldname>Development</customfieldname>
                        <customfieldvalues>
                            
                        </customfieldvalues>
                    </customfield>
                                                                                                                        <customfield id="customfield_12313422" key="com.atlassian.jirafisheyeplugin:jobcheckbox">
                        <customfieldname>Enable Automatic Patch Review</customfieldname>
                        <customfieldvalues>
                            <customfieldvalue>false</customfieldvalue>

                        </customfieldvalues>
                    </customfield>
                                                                                                                                                                                                                                                                                                                                                                                                                                                                                                                                                                                                                    <customfield id="customfield_12310420" key="com.pyxis.greenhopper.jira:gh-global-rank">
                        <customfieldname>Global Rank</customfieldname>
                        <customfieldvalues>
                            <customfieldvalue>9223372036854775807</customfieldvalue>
                        </customfieldvalues>
                    </customfield>
                                                                                                                                                                                                                                                                                                                                                                                                                                                                        <customfield id="customfield_12311820" key="com.pyxis.greenhopper.jira:gh-lexo-rank">
                        <customfieldname>Rank</customfieldname>
                        <customfieldvalues>
                            <customfieldvalue>0|i2f40f:</customfieldvalue>

                        </customfieldvalues>
                    </customfield>
                                                                <customfield id="customfield_12310920" key="com.pyxis.greenhopper.jira:gh-global-rank">
                        <customfieldname>Rank (Obsolete)</customfieldname>
                        <customfieldvalues>
                            <customfieldvalue>9223372036854775807</customfieldvalue>
                        </customfieldvalues>
                    </customfield>
                                                                                                                                                                                                                                                                                                                                                                                                                                                                                                                                                                                                                                                                                                                                                                                            </customfields>
    </item>


</channel>
</rss>