<rss version="0.92">
    <channel>
        <title>ASF JIRA</title>
        <link>https://issues.apache.org/jira/issues/?jql=project+%3D+MNG+and+type+%3D+bug+and+%28status+%3D+RESOLVED+or+status+%3D+closed%29</link>
        <description>An XML representation of a search request</description>
                <language>en-uk</language>
                        <issue start="0" end="1000" total="3303" />
                <build-info>
            <version>8.20.7</version>
            <build-number>820007</build-number>
            <build-date>16-03-2022</build-date>
        </build-info>

<item>
            <title>[MNG-5293] Maven 3.0.4 crashes when "-Djava.net.useSystemProxies=true" added.</title>
                <link>https://issues.apache.org/jira/browse/MNG-5293</link>
                <project id="12316922" key="MNG">Maven</project>
                    <description>&lt;p&gt;I have localized the issue: it's a Maven issue.&lt;br/&gt;
Maven, started with flag "-Djava.net.useSystemProxies=true" crashes because it somehow use libdbus in openSUSE 12.1 x64 in wrong way.&lt;/p&gt;

&lt;p&gt;Here is a console output:&lt;br/&gt;
denixx@denixxwork:~/NetBeansProjects/FinMonitor_server_boevoy_20120517_Qualifier&amp;gt; /home/denixx/soft/apache-maven-3.0.4/bin/mvn -Djava.net.useSystemProxies=true clean install&lt;br/&gt;
&lt;span class="error"&gt;&amp;#91;INFO&amp;#93;&lt;/span&gt; Scanning for projects...&lt;br/&gt;
&lt;span class="error"&gt;&amp;#91;WARNING&amp;#93;&lt;/span&gt; &lt;br/&gt;
&lt;span class="error"&gt;&amp;#91;WARNING&amp;#93;&lt;/span&gt; Some problems were encountered while building the effective model for com.pb:finmonitor:war:0.0.1-SNAPSHOT&lt;br/&gt;
&lt;span class="error"&gt;&amp;#91;WARNING&amp;#93;&lt;/span&gt; 'dependencies.dependency.systemPath' for com.enterprisedt:edtftp:jar should not point at files within the project directory, ${basedir}/src/main/webapp/WEB-INF/lib/edtftpj.jar will be unresolvable by dependent projects @ line 53, column 25&lt;br/&gt;
&lt;span class="error"&gt;&amp;#91;WARNING&amp;#93;&lt;/span&gt; 'dependencies.dependency.systemPath' for com.sun:jna:jar should not point at files within the project directory, ${basedir}/src/main/webapp/WEB-INF/lib/jna.jar will be unresolvable by dependent projects @ line 61, column 25&lt;br/&gt;
&lt;span class="error"&gt;&amp;#91;WARNING&amp;#93;&lt;/span&gt; &lt;br/&gt;
&lt;span class="error"&gt;&amp;#91;WARNING&amp;#93;&lt;/span&gt; It is highly recommended to fix these problems because they threaten the stability of your build.&lt;br/&gt;
&lt;span class="error"&gt;&amp;#91;WARNING&amp;#93;&lt;/span&gt; &lt;br/&gt;
&lt;span class="error"&gt;&amp;#91;WARNING&amp;#93;&lt;/span&gt; For this reason, future Maven versions might no longer support building such malformed projects.&lt;br/&gt;
&lt;span class="error"&gt;&amp;#91;WARNING&amp;#93;&lt;/span&gt; &lt;br/&gt;
&lt;span class="error"&gt;&amp;#91;INFO&amp;#93;&lt;/span&gt;                                                                         &lt;br/&gt;
&lt;span class="error"&gt;&amp;#91;INFO&amp;#93;&lt;/span&gt; ------------------------------------------------------------------------&lt;br/&gt;
&lt;span class="error"&gt;&amp;#91;INFO&amp;#93;&lt;/span&gt; Building FinMonitor 0.0.1-SNAPSHOT&lt;br/&gt;
&lt;span class="error"&gt;&amp;#91;INFO&amp;#93;&lt;/span&gt; ------------------------------------------------------------------------&lt;br/&gt;
&lt;span class="error"&gt;&amp;#91;INFO&amp;#93;&lt;/span&gt; &lt;br/&gt;
&lt;span class="error"&gt;&amp;#91;INFO&amp;#93;&lt;/span&gt; &amp;#8212; maven-clean-plugin:2.4.1:clean (default-clean) @ finmonitor &amp;#8212;&lt;br/&gt;
&lt;span class="error"&gt;&amp;#91;INFO&amp;#93;&lt;/span&gt; &lt;br/&gt;
&lt;span class="error"&gt;&amp;#91;INFO&amp;#93;&lt;/span&gt; &amp;#8212; maven-resources-plugin:2.5:resources (default-resources) @ finmonitor &amp;#8212;&lt;br/&gt;
Downloading: &lt;a href="http://repo.maven.apache.org/maven2/commons-cli/commons-cli/1.0/commons-cli-1.0.jar" class="external-link" target="_blank" rel="nofollow noopener"&gt;http://repo.maven.apache.org/maven2/commons-cli/commons-cli/1.0/commons-cli-1.0.jar&lt;/a&gt;&lt;br/&gt;
Downloading: &lt;a href="http://repo.maven.apache.org/maven2/org/apache/maven/doxia/doxia-sink-api/1.0-alpha-7/doxia-sink-api-1.0-alpha-7.jar" class="external-link" target="_blank" rel="nofollow noopener"&gt;http://repo.maven.apache.org/maven2/org/apache/maven/doxia/doxia-sink-api/1.0-alpha-7/doxia-sink-api-1.0-alpha-7.jar&lt;/a&gt;&lt;br/&gt;
Downloading: &lt;a href="http://repo.maven.apache.org/maven2/junit/junit/3.8.1/junit-3.8.1.jar" class="external-link" target="_blank" rel="nofollow noopener"&gt;http://repo.maven.apache.org/maven2/junit/junit/3.8.1/junit-3.8.1.jar&lt;/a&gt;&lt;br/&gt;
#&lt;/p&gt;
&lt;ol&gt;
	&lt;li&gt;A fatal error has been detected by the Java Runtime Environment:&lt;br/&gt;
#&lt;/li&gt;
	&lt;li&gt;SIGSEGV (0xb) at pc=0x00007f2d14766727, pid=9618, tid=139831727105792&lt;br/&gt;
#&lt;/li&gt;
	&lt;li&gt;JRE version: 6.0_32-b05&lt;/li&gt;
	&lt;li&gt;Java VM: Java HotSpot(TM) 64-Bit Server VM (20.7-b02 mixed mode linux-amd64 compressed oops)&lt;/li&gt;
	&lt;li&gt;Problematic frame:&lt;/li&gt;
	&lt;li&gt;C  &lt;span class="error"&gt;&amp;#91;libdbus-1.so.3+0x8727&amp;#93;&lt;/span&gt;  double+0x67&lt;br/&gt;
#&lt;/li&gt;
&lt;/ol&gt;


&lt;p&gt;(process:9618): GConf-WARNING **: Client failed to connect to the D-BUS daemon:&lt;br/&gt;
Failed to connect to socket abstract: Connection refused&lt;br/&gt;
GConf Error: No D-BUS daemon running&lt;/p&gt;

&lt;ol&gt;
	&lt;li&gt;An error report file with more information is saved as:&lt;/li&gt;
	&lt;li&gt;/home/denixx/NetBeansProjects/FinMonitor_server_boevoy_20120517_Qualifier/hs_err_pid9618.log&lt;br/&gt;
#&lt;/li&gt;
	&lt;li&gt;If you would like to submit a bug report, please visit:&lt;/li&gt;
	&lt;li&gt;&lt;a href="http://java.sun.com/webapps/bugreport/crash.jsp" class="external-link" target="_blank" rel="nofollow noopener"&gt;http://java.sun.com/webapps/bugreport/crash.jsp&lt;/a&gt;&lt;br/&gt;
#&lt;br/&gt;
&#208;&#144;&#208;&#178;&#208;&#176;&#209;&#128;&#208;&#184;&#208;&#185;&#208;&#189;&#209;&#139;&#208;&#185; &#208;&#190;&#209;&#129;&#209;&#130;&#208;&#176;&#208;&#189;&#208;&#190;&#208;&#178; (crash)&lt;/li&gt;
&lt;/ol&gt;


&lt;p&gt;&lt;del&gt;=&lt;/del&gt;=-&lt;br/&gt;
Another one:&lt;br/&gt;
denixx@denixxwork:~/NetBeansProjects/FinMonitor_server_boevoy_20120517_Qualifier&amp;gt; /home/denixx/soft/apache-maven-3.0.4/bin/mvn -Djava.net.useSystemProxies=true clean install&lt;br/&gt;
&lt;span class="error"&gt;&amp;#91;INFO&amp;#93;&lt;/span&gt; Scanning for projects...&lt;br/&gt;
&lt;span class="error"&gt;&amp;#91;WARNING&amp;#93;&lt;/span&gt; &lt;br/&gt;
&lt;span class="error"&gt;&amp;#91;WARNING&amp;#93;&lt;/span&gt; Some problems were encountered while building the effective model for com.pb:finmonitor:war:0.0.1-SNAPSHOT&lt;br/&gt;
&lt;span class="error"&gt;&amp;#91;WARNING&amp;#93;&lt;/span&gt; 'dependencies.dependency.systemPath' for com.enterprisedt:edtftp:jar should not point at files within the project directory, ${basedir}/src/main/webapp/WEB-INF/lib/edtftpj.jar will be unresolvable by dependent projects @ line 53, column 25&lt;br/&gt;
&lt;span class="error"&gt;&amp;#91;WARNING&amp;#93;&lt;/span&gt; 'dependencies.dependency.systemPath' for com.sun:jna:jar should not point at files within the project directory, ${basedir}/src/main/webapp/WEB-INF/lib/jna.jar will be unresolvable by dependent projects @ line 61, column 25&lt;br/&gt;
&lt;span class="error"&gt;&amp;#91;WARNING&amp;#93;&lt;/span&gt; &lt;br/&gt;
&lt;span class="error"&gt;&amp;#91;WARNING&amp;#93;&lt;/span&gt; It is highly recommended to fix these problems because they threaten the stability of your build.&lt;br/&gt;
&lt;span class="error"&gt;&amp;#91;WARNING&amp;#93;&lt;/span&gt; &lt;br/&gt;
&lt;span class="error"&gt;&amp;#91;WARNING&amp;#93;&lt;/span&gt; For this reason, future Maven versions might no longer support building such malformed projects.&lt;br/&gt;
&lt;span class="error"&gt;&amp;#91;WARNING&amp;#93;&lt;/span&gt; &lt;br/&gt;
&lt;span class="error"&gt;&amp;#91;INFO&amp;#93;&lt;/span&gt;                                                                         &lt;br/&gt;
&lt;span class="error"&gt;&amp;#91;INFO&amp;#93;&lt;/span&gt; ------------------------------------------------------------------------&lt;br/&gt;
&lt;span class="error"&gt;&amp;#91;INFO&amp;#93;&lt;/span&gt; Building FinMonitor 0.0.1-SNAPSHOT&lt;br/&gt;
&lt;span class="error"&gt;&amp;#91;INFO&amp;#93;&lt;/span&gt; ------------------------------------------------------------------------&lt;br/&gt;
&lt;span class="error"&gt;&amp;#91;INFO&amp;#93;&lt;/span&gt; &lt;br/&gt;
&lt;span class="error"&gt;&amp;#91;INFO&amp;#93;&lt;/span&gt; &amp;#8212; maven-clean-plugin:2.4.1:clean (default-clean) @ finmonitor &amp;#8212;&lt;br/&gt;
&lt;span class="error"&gt;&amp;#91;INFO&amp;#93;&lt;/span&gt; &lt;br/&gt;
&lt;span class="error"&gt;&amp;#91;INFO&amp;#93;&lt;/span&gt; &amp;#8212; maven-resources-plugin:2.5:resources (default-resources) @ finmonitor &amp;#8212;&lt;br/&gt;
Downloading: &lt;a href="http://repo.maven.apache.org/maven2/org/apache/maven/doxia/doxia-sink-api/1.0-alpha-7/doxia-sink-api-1.0-alpha-7.jar" class="external-link" target="_blank" rel="nofollow noopener"&gt;http://repo.maven.apache.org/maven2/org/apache/maven/doxia/doxia-sink-api/1.0-alpha-7/doxia-sink-api-1.0-alpha-7.jar&lt;/a&gt;&lt;br/&gt;
Downloading: &lt;a href="http://repo.maven.apache.org/maven2/commons-cli/commons-cli/1.0/commons-cli-1.0.jar" class="external-link" target="_blank" rel="nofollow noopener"&gt;http://repo.maven.apache.org/maven2/commons-cli/commons-cli/1.0/commons-cli-1.0.jar&lt;/a&gt;&lt;br/&gt;
Downloading: &lt;a href="http://repo.maven.apache.org/maven2/junit/junit/3.8.1/junit-3.8.1.jar" class="external-link" target="_blank" rel="nofollow noopener"&gt;http://repo.maven.apache.org/maven2/junit/junit/3.8.1/junit-3.8.1.jar&lt;/a&gt;&lt;br/&gt;
#&lt;/p&gt;
&lt;ol&gt;
	&lt;li&gt;A fatal error has been detected by the Java Runtime Environment:&lt;br/&gt;
#&lt;/li&gt;
	&lt;li&gt;SIGSEGV (0xb) at pc=0x00007fdb7e0338e9, pid=9918, tid=140580702963456&lt;br/&gt;
#&lt;/li&gt;
	&lt;li&gt;JRE version: 6.0_32-b05&lt;/li&gt;
	&lt;li&gt;Java VM: Java HotSpot(TM) 64-Bit Server VM (20.7-b02 mixed mode linux-amd64 compressed oops)&lt;/li&gt;
	&lt;li&gt;Problematic frame:&lt;/li&gt;
	&lt;li&gt;C  &lt;span class="error"&gt;&amp;#91;libdbus-1.so.3+0x2a8e9&amp;#93;&lt;/span&gt;  double+0x1609&lt;br/&gt;
#&lt;/li&gt;
	&lt;li&gt;An error report file with more information is saved as:&lt;/li&gt;
	&lt;li&gt;/home/denixx/NetBeansProjects/FinMonitor_server_boevoy_20120517_Qualifier/hs_err_pid9918.log&lt;br/&gt;
#&lt;/li&gt;
	&lt;li&gt;If you would like to submit a bug report, please visit:&lt;/li&gt;
	&lt;li&gt;&lt;a href="http://java.sun.com/webapps/bugreport/crash.jsp" class="external-link" target="_blank" rel="nofollow noopener"&gt;http://java.sun.com/webapps/bugreport/crash.jsp&lt;/a&gt;&lt;/li&gt;
	&lt;li&gt;The crash happened outside the Java Virtual Machine in native code.&lt;/li&gt;
	&lt;li&gt;See problematic frame for where to report the bug.&lt;br/&gt;
#&lt;br/&gt;
&#208;&#144;&#208;&#178;&#208;&#176;&#209;&#128;&#208;&#184;&#208;&#185;&#208;&#189;&#209;&#139;&#208;&#185; &#208;&#190;&#209;&#129;&#209;&#130;&#208;&#176;&#208;&#189;&#208;&#190;&#208;&#178;&lt;/li&gt;
&lt;/ol&gt;
</description>
                <environment>openSUSE 12.1 x64&lt;br/&gt;
-=-=-&lt;br/&gt;
&lt;a href='mailto:denixx@denixxwork'&gt;denixx@denixxwork&lt;/a&gt;:~&amp;gt; java -version&lt;br/&gt;
java version &amp;quot;1.6.0_32&amp;quot;&lt;br/&gt;
Java(TM) SE Runtime Environment (build 1.6.0_32-b05)&lt;br/&gt;
Java HotSpot(TM) 64-Bit Server VM (build 20.7-b02, mixed mode)&lt;br/&gt;
-=-=-&lt;br/&gt;
additionnaly: NetBeans 7.1.2 uses this flag by default (this flag can be erased in options).</environment>
        <key id="12796088">MNG-5293</key>
            <summary>Maven 3.0.4 crashes when "-Djava.net.useSystemProxies=true" added.</summary>
                <type id="1" iconUrl="https://issues.apache.org/jira/secure/viewavatar?size=xsmall&amp;avatarId=21133&amp;avatarType=issuetype">Bug</type>
                                            <priority id="3" iconUrl="https://issues.apache.org/jira/images/icons/priorities/major.svg">Major</priority>
                        <status id="6" iconUrl="https://issues.apache.org/jira/images/icons/statuses/closed.png" description="The issue is considered finished, the resolution is correct. Issues which are not closed can be reopened.">Closed</status>
                    <statusCategory id="3" key="done" colorName="green" />
                                    <resolution id="2">Won't Fix</resolution>
                                        <assignee username="-1">Unassigned</assignee>
                                    <reporter username="denixx">denixx baykin</reporter>
                        <labels>
                    </labels>
                <created>Wed, 6 Jun 2012 03:10:58 +0000</created>
                <updated>Fri, 24 Jan 2014 12:48:52 +0000</updated>
                            <resolved>Fri, 24 Jan 2014 12:48:52 +0000</resolved>
                                    <version>3.0.4</version>
                                                    <component>Bootstrap &amp;amp; Build</component>
                        <due />
                            <votes>0</votes>
                                    <watches>3</watches>
                                                                <comments>
                            <comment id="14417706" author="jvanzyl" created="Wed, 6 Jun 2012 06:18:58 +0000">&lt;p&gt;Does this work with Maven 3.0.3?&lt;/p&gt;</comment>
                            <comment id="14417727" author="denixx" created="Thu, 7 Jun 2012 11:38:53 +0000">&lt;p&gt;I will check that tomorrow.&lt;/p&gt;</comment>
                            <comment id="14417631" author="denixx" created="Thu, 7 Jun 2012 11:49:45 +0000">&lt;p&gt;Where can I get 3.0.3?&lt;/p&gt;</comment>
                            <comment id="14417664" author="denixx" created="Fri, 8 Jun 2012 01:10:17 +0000">&lt;p&gt;I tried 3.0.3.&lt;br/&gt;
All the same.&lt;br/&gt;
Maybe it's a JRE issue, not Maven's.&lt;br/&gt;
In the backtrace I see this:&lt;br/&gt;
Java_sun_net_spi_DefaultProxySelector_getSystemProxy&lt;/p&gt;

&lt;p&gt;So I think I need to open this issue on Java bugtracker?&lt;/p&gt;</comment>
                            <comment id="14417615" author="denixx" created="Fri, 8 Jun 2012 01:11:11 +0000">&lt;p&gt;See "maven java netbeans libdbus crash2.txt" - it's console output with backtrace with 3.0.3.&lt;/p&gt;</comment>
                            <comment id="14419299" author="denixx" created="Fri, 24 Jan 2014 12:48:52 +0000">&lt;p&gt;Closed as not needed.&lt;/p&gt;</comment>
                    </comments>
                    <attachments>
                            <attachment id="12713104" name="hs_err_pid9618.log" size="39940" author="denixx" created="Wed, 6 Jun 2012 03:10:58 +0000" />
                            <attachment id="12713170" name="hs_err_pid9918.log" size="39825" author="denixx" created="Wed, 6 Jun 2012 03:10:58 +0000" />
                            <attachment id="12713353" name="maven java netbeans libdbus crash2.txt" size="61024" author="denixx" created="Fri, 8 Jun 2012 01:11:11 +0000" />
                    </attachments>
                <subtasks>
                    </subtasks>
                <customfields>
                                                                                                                                                                                                                                                                                                                                                                                                                                                                                                                                                                                                                                                                                                                    <customfield id="customfield_12314020" key="com.atlassian.jira.plugins.jira-development-integration-plugin:devsummary">
                        <customfieldname>Development</customfieldname>
                        <customfieldvalues>
                            
                        </customfieldvalues>
                    </customfield>
                                                                                                                        <customfield id="customfield_12313422" key="com.atlassian.jirafisheyeplugin:jobcheckbox">
                        <customfieldname>Enable Automatic Patch Review</customfieldname>
                        <customfieldvalues>
                            <customfieldvalue>false</customfieldvalue>

                        </customfieldvalues>
                    </customfield>
                                                                                                                                                                                                                                                                                                                                                                                                                                                                                                                                                                                                                    <customfield id="customfield_12310420" key="com.pyxis.greenhopper.jira:gh-global-rank">
                        <customfieldname>Global Rank</customfieldname>
                        <customfieldvalues>
                            <customfieldvalue>9223372036854775807</customfieldvalue>
                        </customfieldvalues>
                    </customfield>
                                                                                                                                                                                                                                                                                                                                                                                                                                                                        <customfield id="customfield_12311820" key="com.pyxis.greenhopper.jira:gh-lexo-rank">
                        <customfieldname>Rank</customfieldname>
                        <customfieldvalues>
                            <customfieldvalue>0|i29cp3:</customfieldvalue>

                        </customfieldvalues>
                    </customfield>
                                                                <customfield id="customfield_12310920" key="com.pyxis.greenhopper.jira:gh-global-rank">
                        <customfieldname>Rank (Obsolete)</customfieldname>
                        <customfieldvalues>
                            <customfieldvalue>9223372036854775807</customfieldvalue>
                        </customfieldvalues>
                    </customfield>
                                                                                                                                                                                                                                                                                                                                                                                                                                                                                                                                                                                                                                                                                                                                                                                            </customfields>
    </item>


</channel>
</rss>