<rss version="0.92">
    <channel>
        <title>ASF JIRA</title>
        <link>https://issues.apache.org/jira/issues/?jql=project+%3D+MNG+and+type+%3D+bug+and+%28status+%3D+RESOLVED+or+status+%3D+closed%29</link>
        <description>An XML representation of a search request</description>
                <language>en-uk</language>
                        <issue start="0" end="1000" total="3303" />
                <build-info>
            <version>8.20.7</version>
            <build-number>820007</build-number>
            <build-date>16-03-2022</build-date>
        </build-info>

<item>
            <title>[MNG-5165] Problem with scp transport (wagon-maven-plugin 1.0-beta-3, Maven 2.2.1, Ubuntu 11.04)</title>
                <link>https://issues.apache.org/jira/browse/MNG-5165</link>
                <project id="12316922" key="MNG">Maven</project>
                    <description>&lt;p&gt;Our team uses the wagon-maven-plugin to deliver some artifacts to a distant server, via scp. Everyone has their SSH public key stored on the distant computer, so no login/password is necessary.&lt;/p&gt;

&lt;p&gt;Some members of the team are using Ubuntu 10.04 and everything is OK. However, two members have switched to Ubuntu 11.04 and the wagon plugin just hangs upon execution. Launching the wagon plugin separately (outside of the release lifecycle) reveals that it's actually waiting for the user to enter the password. I should mention that these users can login without password on the distant server via ssh.&lt;/p&gt;

&lt;p&gt;The Maven wagon plugin uses JSch to provide scp transport, and JSch files are embedded in Maven's uber-jar. Upon inspection, it turns out  Maven is using version 0.1.42 of JSch, which, on Ubuntu 11.04, fails to authenticate using public/private keys on the distant server.&lt;/p&gt;

&lt;p&gt;As a workaround, I replaced the JSch files in Maven's uber-jar with those from version 0.1.44 and they can now upload via SCP on Ubuntu 11.04. This being an ugly solution, I think Maven 2.2.2 should upgrade to using JSch 0.1.44.&lt;/p&gt;

&lt;p&gt;I can, of course, provide more detail, if needed.&lt;/p&gt;</description>
                <environment>Maven 2.2.1 (manually installed, without apt-get)&lt;br/&gt;
Ubuntu 11.04&lt;br/&gt;
org.codehaus.mojo:wagon-maven-plugin:1.0-beta-3</environment>
        <key id="12797129">MNG-5165</key>
            <summary>Problem with scp transport (wagon-maven-plugin 1.0-beta-3, Maven 2.2.1, Ubuntu 11.04)</summary>
                <type id="1" iconUrl="https://issues.apache.org/jira/secure/viewavatar?size=xsmall&amp;avatarId=21133&amp;avatarType=issuetype">Bug</type>
                                            <priority id="4" iconUrl="https://issues.apache.org/jira/images/icons/priorities/minor.svg">Minor</priority>
                        <status id="6" iconUrl="https://issues.apache.org/jira/images/icons/statuses/closed.png" description="The issue is considered finished, the resolution is correct. Issues which are not closed can be reopened.">Closed</status>
                    <statusCategory id="3" key="done" colorName="green" />
                                    <resolution id="1">Fixed</resolution>
                                        <assignee username="brettporter">Brett Porter</assignee>
                                    <reporter username="fsaftoiu">Florin Saftoiu</reporter>
                        <labels>
                    </labels>
                <created>Fri, 26 Aug 2011 00:56:35 +0000</created>
                <updated>Mon, 6 Apr 2015 01:53:58 +0000</updated>
                            <resolved>Thu, 22 Sep 2011 20:35:53 +0000</resolved>
                                    <version>2.2.1</version>
                                    <fixVersion>3.0.4</fixVersion>
                                    <component>Dependencies</component>
                        <due />
                            <votes>0</votes>
                                    <watches>1</watches>
                                                                <comments>
                            <comment id="14417359" author="brettporter" created="Thu, 22 Sep 2011 20:35:54 +0000">&lt;p&gt;This is already fixed in 3.0.4-SNAPSHOT by upgrading Wagon.&lt;/p&gt;

&lt;p&gt;You can workaround this in Maven 2.2.1 by adding the following:&lt;/p&gt;
&lt;div class="code panel" style="border-width: 1px;"&gt;&lt;div class="codeContent panelContent"&gt;
&lt;pre class="code-xml"&gt;&lt;span class="code-tag"&gt;&amp;lt;build&amp;gt;&lt;/span&gt;
  &lt;span class="code-tag"&gt;&amp;lt;extensions&amp;gt;&lt;/span&gt;
    &lt;span class="code-tag"&gt;&amp;lt;extension&amp;gt;&lt;/span&gt;
      &lt;span class="code-tag"&gt;&amp;lt;groupId&amp;gt;&lt;/span&gt;org.apache.maven.wagon&lt;span class="code-tag"&gt;&amp;lt;/groupId&amp;gt;&lt;/span&gt;
      &lt;span class="code-tag"&gt;&amp;lt;artifactId&amp;gt;&lt;/span&gt;wagon-ssh&lt;span class="code-tag"&gt;&amp;lt;/artifactId&amp;gt;&lt;/span&gt;
      &lt;span class="code-tag"&gt;&amp;lt;version&amp;gt;&lt;/span&gt;1.0&lt;span class="code-tag"&gt;&amp;lt;/version&amp;gt;&lt;/span&gt;
    &lt;span class="code-tag"&gt;&amp;lt;/extension&amp;gt;&lt;/span&gt;
  &lt;span class="code-tag"&gt;&amp;lt;/extensions&amp;gt;&lt;/span&gt;
&lt;span class="code-tag"&gt;&amp;lt;/build&amp;gt;&lt;/span&gt;
&lt;/pre&gt;
&lt;/div&gt;&lt;/div&gt;</comment>
                    </comments>
                <issuelinks>
                            <issuelinktype id="10001">
                    <name>dependent</name>
                                            <outwardlinks description="depends upon">
                                        <issuelink>
            <issuekey id="12811018">WAGON-327</issuekey>
        </issuelink>
                            </outwardlinks>
                                                        </issuelinktype>
                    </issuelinks>
                <attachments>
                            <attachment id="12713221" name="pom.xml" size="693" author="fsaftoiu" created="Fri, 26 Aug 2011 00:56:37 +0000" />
                    </attachments>
                <subtasks>
                    </subtasks>
                <customfields>
                                                                                                                                                                                                                                                                                                                                                                                                                                                                                                                                                                                                                                                                                                                    <customfield id="customfield_12314020" key="com.atlassian.jira.plugins.jira-development-integration-plugin:devsummary">
                        <customfieldname>Development</customfieldname>
                        <customfieldvalues>
                            
                        </customfieldvalues>
                    </customfield>
                                                                                                                        <customfield id="customfield_12313422" key="com.atlassian.jirafisheyeplugin:jobcheckbox">
                        <customfieldname>Enable Automatic Patch Review</customfieldname>
                        <customfieldvalues>
                            <customfieldvalue>false</customfieldvalue>

                        </customfieldvalues>
                    </customfield>
                                                                                                                                                                                                                                                                                                                                                                                                                                                                                                                                                                                                                    <customfield id="customfield_12310420" key="com.pyxis.greenhopper.jira:gh-global-rank">
                        <customfieldname>Global Rank</customfieldname>
                        <customfieldvalues>
                            <customfieldvalue>9223372036854775807</customfieldvalue>
                        </customfieldvalues>
                    </customfield>
                                                                                                                                                                                                                                                                                                                                                                                                                                                                        <customfield id="customfield_12311820" key="com.pyxis.greenhopper.jira:gh-lexo-rank">
                        <customfieldname>Rank</customfieldname>
                        <customfieldvalues>
                            <customfieldvalue>0|i28ymn:</customfieldvalue>

                        </customfieldvalues>
                    </customfield>
                                                                <customfield id="customfield_12310920" key="com.pyxis.greenhopper.jira:gh-global-rank">
                        <customfieldname>Rank (Obsolete)</customfieldname>
                        <customfieldvalues>
                            <customfieldvalue>9223372036854775807</customfieldvalue>
                        </customfieldvalues>
                    </customfield>
                                                                                                                                                                                                                                                                                                                                                                                                                                                                                                                                                                                                                                                                                                                                                                                            </customfields>
    </item>


</channel>
</rss>