<rss version="0.92">
    <channel>
        <title>ASF JIRA</title>
        <link>https://issues.apache.org/jira/issues/?jql=project+%3D+MNG+and+type+%3D+bug+and+%28status+%3D+RESOLVED+or+status+%3D+closed%29</link>
        <description>An XML representation of a search request</description>
                <language>en-uk</language>
                        <issue start="0" end="1000" total="3303" />
                <build-info>
            <version>8.20.7</version>
            <build-number>820007</build-number>
            <build-date>16-03-2022</build-date>
        </build-info>

<item>
            <title>[MNG-5263] Cannot find dependency in Ant plugin based on multiple build scripts</title>
                <link>https://issues.apache.org/jira/browse/MNG-5263</link>
                <project id="12316922" key="MNG">Maven</project>
                    <description>&lt;p&gt;I am trying to create a custom ant plugin for Maven, based on multiple build scripts. There is a note in the documentation about it: &lt;a href="http://maven.apache.org/guides/plugin/guide-ant-plugin-development.html" class="external-link" target="_blank" rel="nofollow noopener"&gt;http://maven.apache.org/guides/plugin/guide-ant-plugin-development.html&lt;/a&gt; (see "A Note on Multiple Build Scripts"), but I have not been able to make it work.&lt;/p&gt;

&lt;p&gt;Here are the scripts:&lt;/p&gt;

&lt;p&gt;&amp;lt;root&amp;gt;\src\main\scripts\A.build.xml&lt;br/&gt;
-----------------------------------&lt;br/&gt;
&amp;lt;project&amp;gt;&lt;br/&gt;
    &amp;lt;import file="C.build.xml"/&amp;gt;&lt;br/&gt;
    &amp;lt;target name="hello" depends="dependency"&amp;gt;&lt;br/&gt;
        &amp;lt;echo&amp;gt;Hello, World&amp;lt;/echo&amp;gt;&lt;br/&gt;
    &amp;lt;/target&amp;gt;&lt;br/&gt;
&amp;lt;/project&amp;gt;&lt;/p&gt;

&lt;p&gt;&amp;lt;root&amp;gt;\src\main\scripts\A.mojos.xml&lt;br/&gt;
-----------------------------------&lt;br/&gt;
&amp;lt;pluginMetadata&amp;gt;&lt;br/&gt;
    &amp;lt;mojos&amp;gt;&lt;br/&gt;
        &amp;lt;mojo&amp;gt;&lt;br/&gt;
            &amp;lt;goal&amp;gt;hello&amp;lt;/goal&amp;gt;&lt;br/&gt;
            &amp;lt;call&amp;gt;hello&amp;lt;/call&amp;gt;&lt;br/&gt;
        &amp;lt;/mojo&amp;gt;&lt;br/&gt;
    &amp;lt;/mojos&amp;gt;&lt;br/&gt;
&amp;lt;/pluginMetadata&amp;gt;&lt;/p&gt;

&lt;p&gt;&amp;lt;root&amp;gt;\src\main\scripts\B.build.xml&lt;br/&gt;
-----------------------------------&lt;br/&gt;
&amp;lt;project&amp;gt;&lt;br/&gt;
    &amp;lt;target name="hello"&amp;gt;&lt;br/&gt;
        &amp;lt;echo&amp;gt;Hello, World&amp;lt;/echo&amp;gt;&lt;br/&gt;
    &amp;lt;/target&amp;gt;&lt;br/&gt;
&amp;lt;/project&amp;gt;&lt;/p&gt;

&lt;p&gt;&amp;lt;root&amp;gt;\src\main\scripts\B.mojos.xml&lt;br/&gt;
-----------------------------------&lt;br/&gt;
&amp;lt;pluginMetadata&amp;gt;&lt;br/&gt;
    &amp;lt;mojos&amp;gt;&lt;br/&gt;
        &amp;lt;mojo&amp;gt;&lt;br/&gt;
            &amp;lt;goal&amp;gt;hello2&amp;lt;/goal&amp;gt;&lt;br/&gt;
            &amp;lt;call&amp;gt;hello&amp;lt;/call&amp;gt;&lt;br/&gt;
        &amp;lt;/mojo&amp;gt;&lt;br/&gt;
    &amp;lt;/mojos&amp;gt;&lt;br/&gt;
&amp;lt;/pluginMetadata&amp;gt;&lt;/p&gt;

&lt;p&gt;&amp;lt;root&amp;gt;\src\main\scripts\C.build.xml&lt;br/&gt;
-----------------------------------&lt;br/&gt;
&amp;lt;project&amp;gt;&lt;br/&gt;
    &amp;lt;target name="dependency"&amp;gt;&lt;br/&gt;
        &amp;lt;echo&amp;gt;This is the dependency&amp;lt;/echo&amp;gt;&lt;br/&gt;
    &amp;lt;/target&amp;gt;&lt;br/&gt;
&amp;lt;/project&amp;gt;&lt;/p&gt;

&lt;p&gt;&amp;lt;root&amp;gt;\pom.xml&lt;br/&gt;
--------------&lt;br/&gt;
&amp;lt;project&amp;gt;&lt;br/&gt;
    &amp;lt;modelVersion&amp;gt;4.0.0&amp;lt;/modelVersion&amp;gt;&lt;/p&gt;

&lt;p&gt;    &amp;lt;groupId&amp;gt;org.myproject.plugins&amp;lt;/groupId&amp;gt;&lt;br/&gt;
    &amp;lt;artifactId&amp;gt;hello-plugin&amp;lt;/artifactId&amp;gt;&lt;br/&gt;
    &amp;lt;version&amp;gt;1.0-SNAPSHOT&amp;lt;/version&amp;gt;&lt;/p&gt;

&lt;p&gt;    &amp;lt;packaging&amp;gt;maven-plugin&amp;lt;/packaging&amp;gt;&lt;/p&gt;

&lt;p&gt;    &amp;lt;name&amp;gt;Hello Plugin&amp;lt;/name&amp;gt;&lt;/p&gt;

&lt;p&gt;    &amp;lt;dependencies&amp;gt;&lt;br/&gt;
        &amp;lt;dependency&amp;gt;&lt;br/&gt;
            &amp;lt;groupId&amp;gt;org.apache.maven&amp;lt;/groupId&amp;gt;&lt;br/&gt;
            &amp;lt;artifactId&amp;gt;maven-script-ant&amp;lt;/artifactId&amp;gt;&lt;br/&gt;
            &amp;lt;version&amp;gt;2.2.1&amp;lt;/version&amp;gt;&lt;br/&gt;
        &amp;lt;/dependency&amp;gt;&lt;br/&gt;
    &amp;lt;/dependencies&amp;gt;&lt;/p&gt;

&lt;p&gt;    &amp;lt;build&amp;gt;&lt;br/&gt;
        &amp;lt;plugins&amp;gt;&lt;br/&gt;
            &amp;lt;plugin&amp;gt;&lt;br/&gt;
                &amp;lt;artifactId&amp;gt;maven-plugin-plugin&amp;lt;/artifactId&amp;gt;&lt;br/&gt;
                &amp;lt;version&amp;gt;2.9&amp;lt;/version&amp;gt;&lt;/p&gt;

&lt;p&gt;                &amp;lt;dependencies&amp;gt;&lt;br/&gt;
                    &amp;lt;dependency&amp;gt;&lt;br/&gt;
                        &amp;lt;groupId&amp;gt;org.apache.maven.plugin-tools&amp;lt;/groupId&amp;gt;&lt;br/&gt;
                        &amp;lt;artifactId&amp;gt;maven-plugin-tools-ant&amp;lt;/artifactId&amp;gt;&lt;br/&gt;
                        &amp;lt;version&amp;gt;2.9&amp;lt;/version&amp;gt;&lt;br/&gt;
                    &amp;lt;/dependency&amp;gt;&lt;br/&gt;
                &amp;lt;/dependencies&amp;gt;&lt;/p&gt;

&lt;p&gt;                &amp;lt;configuration&amp;gt;&lt;br/&gt;
                    &amp;lt;goalPrefix&amp;gt;hello&amp;lt;/goalPrefix&amp;gt;&lt;br/&gt;
                &amp;lt;/configuration&amp;gt;&lt;br/&gt;
            &amp;lt;/plugin&amp;gt;&lt;br/&gt;
        &amp;lt;/plugins&amp;gt;&lt;br/&gt;
    &amp;lt;/build&amp;gt;&lt;br/&gt;
&amp;lt;/project&amp;gt;&lt;/p&gt;

&lt;p&gt;At the root level, I run "mvn clean install", which is successful.&lt;/p&gt;

&lt;p&gt;Then I run "mvn org.myproject.plugins:hello-plugin:hello2", which is also successful and produces the "Hello, World" output.&lt;/p&gt;

&lt;p&gt;However, when running "mvn org.myproject.plugins:hello-plugin:hello", I get this:&lt;/p&gt;

&lt;p&gt;&lt;span class="error"&gt;&amp;#91;INFO&amp;#93;&lt;/span&gt; Scanning for projects...&lt;br/&gt;
&lt;span class="error"&gt;&amp;#91;INFO&amp;#93;&lt;/span&gt;&lt;br/&gt;
&lt;span class="error"&gt;&amp;#91;INFO&amp;#93;&lt;/span&gt; ------------------------------------------------------------------------&lt;br/&gt;
&lt;span class="error"&gt;&amp;#91;INFO&amp;#93;&lt;/span&gt; Building Hello Plugin 1.0-SNAPSHOT&lt;br/&gt;
&lt;span class="error"&gt;&amp;#91;INFO&amp;#93;&lt;/span&gt; ------------------------------------------------------------------------&lt;br/&gt;
&lt;span class="error"&gt;&amp;#91;INFO&amp;#93;&lt;/span&gt;&lt;br/&gt;
&lt;span class="error"&gt;&amp;#91;INFO&amp;#93;&lt;/span&gt; &amp;#8212; hello-plugin:1.0-SNAPSHOT:hello (default-cli) @ hello-plugin &amp;#8212;&lt;br/&gt;
&lt;span class="error"&gt;&amp;#91;INFO&amp;#93;&lt;/span&gt; ------------------------------------------------------------------------&lt;br/&gt;
&lt;span class="error"&gt;&amp;#91;INFO&amp;#93;&lt;/span&gt; BUILD FAILURE&lt;br/&gt;
&lt;span class="error"&gt;&amp;#91;INFO&amp;#93;&lt;/span&gt; ------------------------------------------------------------------------&lt;br/&gt;
&lt;span class="error"&gt;&amp;#91;INFO&amp;#93;&lt;/span&gt; Total time: 1.531s&lt;br/&gt;
&lt;span class="error"&gt;&amp;#91;INFO&amp;#93;&lt;/span&gt; Finished at: Thu Mar 08 12:52:25 PST 2012&lt;br/&gt;
&lt;span class="error"&gt;&amp;#91;INFO&amp;#93;&lt;/span&gt; Final Memory: 3M/15M&lt;br/&gt;
&lt;span class="error"&gt;&amp;#91;INFO&amp;#93;&lt;/span&gt; ------------------------------------------------------------------------&lt;br/&gt;
&lt;span class="error"&gt;&amp;#91;ERROR&amp;#93;&lt;/span&gt; Failed to execute goal org.myproject.plugins:hello-plugin:1.0-SNAPSHOT:hello (default-cli) on project hello-plugin: Failed to execute: Executing Ant script: A.build.xml &lt;span class="error"&gt;&amp;#91;hello&amp;#93;&lt;/span&gt;: Failed to parse. Cannot find C.build.xml imported from C:\DOCUME~1\joanes\LOCALS~1\Temp\plexus-ant-component9129296102162378706.build.xml -&amp;gt; &lt;span class="error"&gt;&amp;#91;Help 1&amp;#93;&lt;/span&gt;&lt;br/&gt;
&lt;span class="error"&gt;&amp;#91;ERROR&amp;#93;&lt;/span&gt;&lt;br/&gt;
&lt;span class="error"&gt;&amp;#91;ERROR&amp;#93;&lt;/span&gt; To see the full stack trace of the errors, re-run Maven with the -e switch.&lt;br/&gt;
&lt;span class="error"&gt;&amp;#91;ERROR&amp;#93;&lt;/span&gt; Re-run Maven using the -X switch to enable full debug logging.&lt;br/&gt;
&lt;span class="error"&gt;&amp;#91;ERROR&amp;#93;&lt;/span&gt;&lt;br/&gt;
&lt;span class="error"&gt;&amp;#91;ERROR&amp;#93;&lt;/span&gt; For more information about the errors and possible solutions, please read the following articles:&lt;br/&gt;
&lt;span class="error"&gt;&amp;#91;ERROR&amp;#93;&lt;/span&gt; &lt;span class="error"&gt;&amp;#91;Help 1&amp;#93;&lt;/span&gt; &lt;a href="http://cwiki.apache.org/confluence/display/MAVEN/MojoExecutionException" class="external-link" target="_blank" rel="nofollow noopener"&gt;http://cwiki.apache.org/confluence/display/MAVEN/MojoExecutionException&lt;/a&gt;&lt;/p&gt;

&lt;p&gt;By looking at the error, the script is executed in a temporary folder, hence it cannot find the imported C.build.xml.&lt;/p&gt;</description>
                <environment>Windows XP</environment>
        <key id="12797199">MNG-5263</key>
            <summary>Cannot find dependency in Ant plugin based on multiple build scripts</summary>
                <type id="1" iconUrl="https://issues.apache.org/jira/secure/viewavatar?size=xsmall&amp;avatarId=21133&amp;avatarType=issuetype">Bug</type>
                                            <priority id="3" iconUrl="https://issues.apache.org/jira/images/icons/priorities/major.svg">Major</priority>
                        <status id="6" iconUrl="https://issues.apache.org/jira/images/icons/statuses/closed.png" description="The issue is considered finished, the resolution is correct. Issues which are not closed can be reopened.">Closed</status>
                    <statusCategory id="3" key="done" colorName="green" />
                                    <resolution id="4">Incomplete</resolution>
                                        <assignee username="-1">Unassigned</assignee>
                                    <reporter username="hebusnimbus">Hebus Nimbus</reporter>
                        <labels>
                    </labels>
                <created>Thu, 15 Mar 2012 13:37:15 +0000</created>
                <updated>Wed, 22 Jan 2014 20:32:03 +0000</updated>
                            <resolved>Wed, 22 Jan 2014 20:32:03 +0000</resolved>
                                    <version>3.0.2</version>
                                                    <component>Plugin API</component>
                        <due />
                            <votes>0</votes>
                                    <watches>2</watches>
                                                                <comments>
                            <comment id="14418524" author="jvanzyl" created="Wed, 22 Jan 2014 20:22:52 +0000">&lt;p&gt;Please refer to &lt;a href="https://cwiki.apache.org/confluence/display/MAVEN/The+Great+JIRA+Cleanup+of+2014" class="external-link" target="_blank" rel="nofollow noopener"&gt;https://cwiki.apache.org/confluence/display/MAVEN/The+Great+JIRA+Cleanup+of+2014&lt;/a&gt;&lt;/p&gt;</comment>
                            <comment id="14419231" author="jvanzyl" created="Wed, 22 Jan 2014 20:32:03 +0000">&lt;p&gt;Please refer to &lt;a href="https://cwiki.apache.org/confluence/display/MAVEN/The+Great+JIRA+Cleanup+of+2014" class="external-link" target="_blank" rel="nofollow noopener"&gt;https://cwiki.apache.org/confluence/display/MAVEN/The+Great+JIRA+Cleanup+of+2014&lt;/a&gt; if you're wondering why this issue was closed out.&lt;/p&gt;</comment>
                    </comments>
                    <attachments>
                    </attachments>
                <subtasks>
                    </subtasks>
                <customfields>
                                                                                                                                                                                                                                                                                                                                                                                                                                                                                                                                                                                                                                                                                                                    <customfield id="customfield_12314020" key="com.atlassian.jira.plugins.jira-development-integration-plugin:devsummary">
                        <customfieldname>Development</customfieldname>
                        <customfieldvalues>
                            
                        </customfieldvalues>
                    </customfield>
                                                                                                                        <customfield id="customfield_12313422" key="com.atlassian.jirafisheyeplugin:jobcheckbox">
                        <customfieldname>Enable Automatic Patch Review</customfieldname>
                        <customfieldvalues>
                            <customfieldvalue>false</customfieldvalue>

                        </customfieldvalues>
                    </customfield>
                                                                                                                                                                                                                                                                                                                                                                                                                                                                                                                                                                                                                    <customfield id="customfield_12310420" key="com.pyxis.greenhopper.jira:gh-global-rank">
                        <customfieldname>Global Rank</customfieldname>
                        <customfieldvalues>
                            <customfieldvalue>9223372036854775807</customfieldvalue>
                        </customfieldvalues>
                    </customfield>
                                                                                                                                                                                                                                                                                                                                                                                                                                                                        <customfield id="customfield_12311820" key="com.pyxis.greenhopper.jira:gh-lexo-rank">
                        <customfieldname>Rank</customfieldname>
                        <customfieldvalues>
                            <customfieldvalue>0|i292cv:</customfieldvalue>

                        </customfieldvalues>
                    </customfield>
                                                                <customfield id="customfield_12310920" key="com.pyxis.greenhopper.jira:gh-global-rank">
                        <customfieldname>Rank (Obsolete)</customfieldname>
                        <customfieldvalues>
                            <customfieldvalue>9223372036854775807</customfieldvalue>
                        </customfieldvalues>
                    </customfield>
                                                                                                                                                                                                                                                                                                                                                                                                                                                                                                                                                                                                                                                                                                                                                                                            </customfields>
    </item>


</channel>
</rss>