<rss version="0.92">
    <channel>
        <title>ASF JIRA</title>
        <link>https://issues.apache.org/jira/issues/?jql=project+%3D+MNG+and+type+%3D+bug+and+%28status+%3D+RESOLVED+or+status+%3D+closed%29</link>
        <description>An XML representation of a search request</description>
                <language>en-uk</language>
                        <issue start="0" end="1000" total="3303" />
                <build-info>
            <version>8.20.7</version>
            <build-number>820007</build-number>
            <build-date>16-03-2022</build-date>
        </build-info>

<item>
            <title>[MNG-5694] Maven shade plugin transformers are not overrideable in child pom.</title>
                <link>https://issues.apache.org/jira/browse/MNG-5694</link>
                <project id="12316922" key="MNG">Maven</project>
                    <description>&lt;p&gt;When you configure the maven-shade-plugin with a list of transformers in a root pom, but override the &amp;lt;transformers&amp;gt; section of the maven-shade-plugin in a child pom, the last defined transformer gets all of the parameters of the previous transformers in the list, potentially making mvn install/package unusable.&lt;/p&gt;

&lt;p&gt;Concrete case (see also attached zip example) : in the root pom.xml I put the following build configuration with a shade plugin and some transformers :&lt;/p&gt;

&lt;p&gt;   &amp;lt;build&amp;gt;&lt;br/&gt;
      &amp;lt;plugins&amp;gt;&lt;br/&gt;
         &amp;lt;plugin&amp;gt;&lt;br/&gt;
            &amp;lt;groupId&amp;gt;org.apache.maven.plugins&amp;lt;/groupId&amp;gt;&lt;br/&gt;
            &amp;lt;artifactId&amp;gt;maven-shade-plugin&amp;lt;/artifactId&amp;gt;&lt;br/&gt;
            &amp;lt;version&amp;gt;1.5&amp;lt;/version&amp;gt;&lt;br/&gt;
            &amp;lt;configuration&amp;gt;&lt;br/&gt;
               &amp;lt;outputFile&amp;gt;test-deploy.jar&amp;lt;/outputFile&amp;gt;&lt;br/&gt;
               &amp;lt;transformers&amp;gt;&lt;br/&gt;
                  &amp;lt;transformer implementation="org.apache.maven.plugins.shade.resource.AppendingTransformer"&amp;gt;&lt;br/&gt;
                     &amp;lt;resource&amp;gt;META-INF/spring.handlers&amp;lt;/resource&amp;gt;&lt;br/&gt;
                  &amp;lt;/transformer&amp;gt;&lt;br/&gt;
                  &amp;lt;transformer implementation="org.apache.maven.plugins.shade.resource.IncludeResourceTransformer"&amp;gt;&lt;br/&gt;
                     &amp;lt;file&amp;gt;${project.build.directory}/generated-resources/versions/META-INF/${project.groupId}/${project.artifactId}.version&amp;lt;/file&amp;gt;&lt;br/&gt;
                     &amp;lt;resource&amp;gt;META-INF/assembly.version&amp;lt;/resource&amp;gt;&lt;br/&gt;
                  &amp;lt;/transformer&amp;gt;&lt;br/&gt;
                  &amp;lt;transformer implementation="org.apache.maven.plugins.shade.resource.ManifestResourceTransformer"&amp;gt;&lt;br/&gt;
                     &amp;lt;mainClass&amp;gt;${mainClass}&amp;lt;/mainClass&amp;gt;&lt;br/&gt;
                  &amp;lt;/transformer&amp;gt;&lt;br/&gt;
                  &amp;lt;transformer implementation="org.apache.maven.plugins.shade.resource.ServicesResourceTransformer" /&amp;gt;&lt;br/&gt;
               &amp;lt;/transformers&amp;gt;&lt;br/&gt;
            &amp;lt;/configuration&amp;gt;&lt;br/&gt;
         &amp;lt;/plugin&amp;gt;&lt;br/&gt;
      &amp;lt;/plugins&amp;gt;&lt;br/&gt;
   &amp;lt;/build&amp;gt;&lt;/p&gt;

&lt;p&gt;if in a child pom.xml, I now put the exact same transformers (useless override, I know, but sometimes you need to add one in a sub project) :&lt;/p&gt;

&lt;p&gt;   &amp;lt;build&amp;gt;&lt;br/&gt;
      &amp;lt;plugins&amp;gt;&lt;br/&gt;
         &amp;lt;plugin&amp;gt;&lt;br/&gt;
            &amp;lt;groupId&amp;gt;org.apache.maven.plugins&amp;lt;/groupId&amp;gt;&lt;br/&gt;
            &amp;lt;artifactId&amp;gt;maven-shade-plugin&amp;lt;/artifactId&amp;gt;&lt;br/&gt;
            &amp;lt;executions&amp;gt;&lt;br/&gt;
               &amp;lt;execution&amp;gt;&lt;br/&gt;
                  &amp;lt;phase&amp;gt;package&amp;lt;/phase&amp;gt;&lt;br/&gt;
                  &amp;lt;goals&amp;gt;&lt;br/&gt;
                     &amp;lt;goal&amp;gt;shade&amp;lt;/goal&amp;gt;&lt;br/&gt;
                  &amp;lt;/goals&amp;gt;&lt;br/&gt;
               &amp;lt;/execution&amp;gt;&lt;br/&gt;
            &amp;lt;/executions&amp;gt;&lt;br/&gt;
            &amp;lt;configuration&amp;gt;&lt;br/&gt;
               &amp;lt;transformers&amp;gt;&lt;br/&gt;
                  &amp;lt;transformer implementation="org.apache.maven.plugins.shade.resource.AppendingTransformer"&amp;gt;&lt;br/&gt;
                     &amp;lt;resource&amp;gt;META-INF/spring.handlers&amp;lt;/resource&amp;gt;&lt;br/&gt;
                  &amp;lt;/transformer&amp;gt;&lt;br/&gt;
                  &amp;lt;transformer implementation="org.apache.maven.plugins.shade.resource.IncludeResourceTransformer"&amp;gt;&lt;br/&gt;
                     &amp;lt;file&amp;gt;${project.build.directory}/generated-resources/versions/META-INF/${project.groupId}/${project.artifactId}.version&amp;lt;/file&amp;gt;&lt;br/&gt;
                     &amp;lt;resource&amp;gt;META-INF/assembly.version&amp;lt;/resource&amp;gt;&lt;br/&gt;
                  &amp;lt;/transformer&amp;gt;&lt;br/&gt;
                  &amp;lt;transformer implementation="org.apache.maven.plugins.shade.resource.ManifestResourceTransformer"&amp;gt;&lt;br/&gt;
                     &amp;lt;mainClass&amp;gt;${mainClass}&amp;lt;/mainClass&amp;gt;&lt;br/&gt;
                  &amp;lt;/transformer&amp;gt;&lt;br/&gt;
                  &amp;lt;transformer implementation="org.apache.maven.plugins.shade.resource.ServicesResourceTransformer" /&amp;gt;&lt;br/&gt;
               &amp;lt;/transformers&amp;gt;&lt;br/&gt;
            &amp;lt;/configuration&amp;gt;&lt;br/&gt;
         &amp;lt;/plugin&amp;gt;&lt;br/&gt;
      &amp;lt;/plugins&amp;gt;&lt;br/&gt;
   &amp;lt;/build&amp;gt;&lt;/p&gt;

&lt;p&gt;the 'mvn install' or 'mvn package' will fail with the following message :&lt;/p&gt;

&lt;p&gt;&lt;span class="error"&gt;&amp;#91;ERROR&amp;#93;&lt;/span&gt; BUILD ERROR&lt;br/&gt;
&lt;span class="error"&gt;&amp;#91;INFO&amp;#93;&lt;/span&gt; ------------------------------------------------------------------------&lt;br/&gt;
&lt;span class="error"&gt;&amp;#91;INFO&amp;#93;&lt;/span&gt; Failed to configure plugin parameters for: org.apache.maven.plugins:maven-shade-plugin:1.5&lt;/p&gt;



&lt;p&gt;Cause: Cannot find setter nor field in org.apache.maven.plugins.shade.resource.ServicesResourceTransformer for 'resource'&lt;br/&gt;
&lt;span class="error"&gt;&amp;#91;INFO&amp;#93;&lt;/span&gt; ------------------------------------------------------------------------&lt;/p&gt;

&lt;p&gt;This is because if you check the effective pom with 'mvn help:effective-pom' you will see that the last transformer also gets the resource, file and mainClass parameters of the transformers defined above, while it's not supposed to:&lt;/p&gt;

&lt;p&gt;&amp;lt;transformers&amp;gt;&lt;br/&gt;
  &amp;lt;transformer implementation="org.apache.maven.plugins.shade.resource.AppendingTransformer"&amp;gt;&lt;br/&gt;
    &amp;lt;resource&amp;gt;META-INF/spring.handlers&amp;lt;/resource&amp;gt;&lt;br/&gt;
  &amp;lt;/transformer&amp;gt;&lt;br/&gt;
  &amp;lt;transformer implementation="org.apache.maven.plugins.shade.resource.IncludeResourceTransformer"&amp;gt;&lt;br/&gt;
    &amp;lt;file&amp;gt;D:\dev\issue\child\target/generated-resources/versions/META-INF/mvn.transformers.issue.example/child.version&amp;lt;/file&amp;gt;&lt;br/&gt;
    &amp;lt;resource&amp;gt;META-INF/assembly.version&amp;lt;/resource&amp;gt;&lt;br/&gt;
  &amp;lt;/transformer&amp;gt;&lt;br/&gt;
  &amp;lt;transformer implementation="org.apache.maven.plugins.shade.resource.ManifestResourceTransformer"&amp;gt;&lt;br/&gt;
    &amp;lt;mainClass&amp;gt;${mainClass}&amp;lt;/mainClass&amp;gt;&lt;br/&gt;
  &amp;lt;/transformer&amp;gt;&lt;br/&gt;
  &amp;lt;transformer implementation="org.apache.maven.plugins.shade.resource.ServicesResourceTransformer"&amp;gt;&lt;br/&gt;
    &amp;lt;resource&amp;gt;META-INF/spring.handlers&amp;lt;/resource&amp;gt;&lt;br/&gt;
    &amp;lt;file&amp;gt;D:\dev\issue\child\target/generated-resources/versions/META-INF/mvn.transformers.issue.example/child.version&amp;lt;/file&amp;gt;&lt;br/&gt;
    &amp;lt;mainClass&amp;gt;${mainClass}&amp;lt;/mainClass&amp;gt;&lt;br/&gt;
  &amp;lt;/transformer&amp;gt;&lt;br/&gt;
&amp;lt;/transformers&amp;gt;&lt;/p&gt;

&lt;p&gt;I put this issue in the POM/Bootstrap &amp;amp; Build category because it looks like a general xml 'aggregation' issue (title could maybe be generalized).&lt;/p&gt;

&lt;p&gt;Note: this is issue is not present with Maven 3.3.2! But if you do need to use 2.2.1 in your corporate environment, the only solution is to write a dummy transformer yourself that accepts the unwanted parameters to put at the end of the transformers list.&lt;/p&gt;</description>
                <environment>Windows 7, java 1.7.0_60, maven 2.2.1</environment>
        <key id="12796357">MNG-5694</key>
            <summary>Maven shade plugin transformers are not overrideable in child pom.</summary>
                <type id="1" iconUrl="https://issues.apache.org/jira/secure/viewavatar?size=xsmall&amp;avatarId=21133&amp;avatarType=issuetype">Bug</type>
                                            <priority id="3" iconUrl="https://issues.apache.org/jira/images/icons/priorities/major.svg">Major</priority>
                        <status id="6" iconUrl="https://issues.apache.org/jira/images/icons/statuses/closed.png" description="The issue is considered finished, the resolution is correct. Issues which are not closed can be reopened.">Closed</status>
                    <statusCategory id="3" key="done" colorName="green" />
                                    <resolution id="10000">Auto Closed</resolution>
                                        <assignee username="-1">Unassigned</assignee>
                                    <reporter username="kurt.verduyckt">Kurt Verduyckt</reporter>
                        <labels>
                    </labels>
                <created>Fri, 26 Sep 2014 06:01:48 +0000</created>
                <updated>Fri, 16 Mar 2018 22:39:49 +0000</updated>
                            <resolved>Fri, 16 Mar 2018 22:39:49 +0000</resolved>
                                    <version>2.2.1</version>
                                                    <component>Bootstrap &amp;amp; Build</component>
                    <component>POM</component>
                        <due />
                            <votes>1</votes>
                                    <watches>3</watches>
                                                                <comments>
                            <comment id="16402816" author="michael-o" created="Fri, 16 Mar 2018 22:39:49 +0000">&lt;p&gt;This issue has been auto closed because it has been inactive for a long period of time. If you think this issue still applies, retest your problem with the most recent version of Maven and the affected component, reopen and post your results.&lt;/p&gt;</comment>
                    </comments>
                    <attachments>
                            <attachment id="12713337" name="issue.zip" size="1805" author="kurt.verduyckt" created="Fri, 26 Sep 2014 06:01:48 +0000" />
                    </attachments>
                <subtasks>
                    </subtasks>
                <customfields>
                                                                                                                                                                                                                                                                                                                                                                                                                                                                                                                                                                                                                                                                                                                    <customfield id="customfield_12314020" key="com.atlassian.jira.plugins.jira-development-integration-plugin:devsummary">
                        <customfieldname>Development</customfieldname>
                        <customfieldvalues>
                            
                        </customfieldvalues>
                    </customfield>
                                                                                                                        <customfield id="customfield_12313422" key="com.atlassian.jirafisheyeplugin:jobcheckbox">
                        <customfieldname>Enable Automatic Patch Review</customfieldname>
                        <customfieldvalues>
                            <customfieldvalue>false</customfieldvalue>

                        </customfieldvalues>
                    </customfield>
                                                                                                                                                                                                                                                                                                                                                                                                                                                                                                                                                                                                                    <customfield id="customfield_12310420" key="com.pyxis.greenhopper.jira:gh-global-rank">
                        <customfieldname>Global Rank</customfieldname>
                        <customfieldvalues>
                            <customfieldvalue>9223372036854775807</customfieldvalue>
                        </customfieldvalues>
                    </customfield>
                                                                                                                                                                                                                                                                                                                                                                                                                                                                        <customfield id="customfield_12311820" key="com.pyxis.greenhopper.jira:gh-lexo-rank">
                        <customfieldname>Rank</customfieldname>
                        <customfieldvalues>
                            <customfieldvalue>0|i296l3:</customfieldvalue>

                        </customfieldvalues>
                    </customfield>
                                                                <customfield id="customfield_12310920" key="com.pyxis.greenhopper.jira:gh-global-rank">
                        <customfieldname>Rank (Obsolete)</customfieldname>
                        <customfieldvalues>
                            <customfieldvalue>9223372036854775807</customfieldvalue>
                        </customfieldvalues>
                    </customfield>
                                                                                                                                                                                                                                                                                                                                                                                                                                                                                                                                                                                                                                                                                                                                                                                            </customfields>
    </item>


</channel>
</rss>