<rss version="0.92">
    <channel>
        <title>ASF JIRA</title>
        <link>https://issues.apache.org/jira/issues/?jql=project+%3D+MNG+and+type+%3D+bug+and+%28status+%3D+RESOLVED+or+status+%3D+closed%29</link>
        <description>An XML representation of a search request</description>
                <language>en-uk</language>
                        <issue start="0" end="1000" total="3303" />
                <build-info>
            <version>8.20.7</version>
            <build-number>820007</build-number>
            <build-date>16-03-2022</build-date>
        </build-info>

<item>
            <title>[MNG-5547] import scope of dependencyManagement doesn't seem to work</title>
                <link>https://issues.apache.org/jira/browse/MNG-5547</link>
                <project id="12316922" key="MNG">Maven</project>
                    <description>&lt;p&gt;In the example are two parent-projects of type pom. Both have different versions of log4j in the dependencyManagement.&lt;/p&gt;

&lt;p&gt;If a client uses one of the parent-projects as parent and the other one to make an import-scope in the dependencyManagement the effect is that the log4j-version of the parent-pom will be used instead the version of the import-scope.&lt;/p&gt;

&lt;p&gt;Maybe this behaviour has changed to former versions. Then how can i achieve to get the log4j-version of an import ?&lt;/p&gt;

&lt;p&gt;Thank you for your help and suport.&lt;/p&gt;

&lt;p&gt;Best regards&lt;br/&gt;
         Sascha&lt;/p&gt;</description>
                <environment />
        <key id="12796257">MNG-5547</key>
            <summary>import scope of dependencyManagement doesn't seem to work</summary>
                <type id="1" iconUrl="https://issues.apache.org/jira/secure/viewavatar?size=xsmall&amp;avatarId=21133&amp;avatarType=issuetype">Bug</type>
                                            <priority id="3" iconUrl="https://issues.apache.org/jira/images/icons/priorities/major.svg">Major</priority>
                        <status id="6" iconUrl="https://issues.apache.org/jira/images/icons/statuses/closed.png" description="The issue is considered finished, the resolution is correct. Issues which are not closed can be reopened.">Closed</status>
                    <statusCategory id="3" key="done" colorName="green" />
                                    <resolution id="3">Duplicate</resolution>
                                        <assignee username="schulte77">Christian Schulte</assignee>
                                    <reporter username="george-stark">Sascha Vujevic</reporter>
                        <labels>
                    </labels>
                <created>Tue, 10 Dec 2013 06:56:02 +0000</created>
                <updated>Sun, 19 Jun 2016 14:05:27 +0000</updated>
                            <resolved>Sun, 19 Jun 2016 14:05:27 +0000</resolved>
                                    <version>3.1.0</version>
                                                    <component>Dependencies</component>
                    <component>POM</component>
                        <due />
                            <votes>0</votes>
                                    <watches>3</watches>
                                                                    <issuelinks>
                            <issuelinktype id="12310000">
                    <name>Duplicate</name>
                                            <outwardlinks description="duplicates">
                                        <issuelink>
            <issuekey id="12935914">MNG-5971</issuekey>
        </issuelink>
                            </outwardlinks>
                                                        </issuelinktype>
                    </issuelinks>
                <attachments>
                            <attachment id="12713369" name="build.log" size="1957" author="george-stark" created="Tue, 10 Dec 2013 06:56:02 +0000" />
                            <attachment id="12713280" name="client.zip" size="2514" author="george-stark" created="Tue, 10 Dec 2013 06:56:02 +0000" />
                            <attachment id="12713407" name="parentone.zip" size="2406" author="george-stark" created="Tue, 10 Dec 2013 06:56:02 +0000" />
                            <attachment id="12713368" name="parenttwo.zip" size="2407" author="george-stark" created="Tue, 10 Dec 2013 06:56:02 +0000" />
                    </attachments>
                <subtasks>
                    </subtasks>
                <customfields>
                                                                                                                                                                                                                                                                                                                                                                                                                                                                                                                                                                                                                                                                                                                    <customfield id="customfield_12314020" key="com.atlassian.jira.plugins.jira-development-integration-plugin:devsummary">
                        <customfieldname>Development</customfieldname>
                        <customfieldvalues>
                            
                        </customfieldvalues>
                    </customfield>
                                                                                                                        <customfield id="customfield_12313422" key="com.atlassian.jirafisheyeplugin:jobcheckbox">
                        <customfieldname>Enable Automatic Patch Review</customfieldname>
                        <customfieldvalues>
                            <customfieldvalue>false</customfieldvalue>

                        </customfieldvalues>
                    </customfield>
                                                                                                                                                                                                                                                                                                                                                                                                                                                                                                                                                                                                                    <customfield id="customfield_12310420" key="com.pyxis.greenhopper.jira:gh-global-rank">
                        <customfieldname>Global Rank</customfieldname>
                        <customfieldvalues>
                            <customfieldvalue>9223372036854775807</customfieldvalue>
                        </customfieldvalues>
                    </customfield>
                                                                                                                                                                                                                                                                                                                                                                                                                                                                        <customfield id="customfield_12311820" key="com.pyxis.greenhopper.jira:gh-lexo-rank">
                        <customfieldname>Rank</customfieldname>
                        <customfieldvalues>
                            <customfieldvalue>0|i28wu7:</customfieldvalue>

                        </customfieldvalues>
                    </customfield>
                                                                <customfield id="customfield_12310920" key="com.pyxis.greenhopper.jira:gh-global-rank">
                        <customfieldname>Rank (Obsolete)</customfieldname>
                        <customfieldvalues>
                            <customfieldvalue>9223372036854775807</customfieldvalue>
                        </customfieldvalues>
                    </customfield>
                                                                                                                                                                                                                                                                                                                                                                                                                                                                                                                                                                                                                                                                                                                                                                                            </customfields>
    </item>


</channel>
</rss>