<rss version="0.92">
    <channel>
        <title>ASF JIRA</title>
        <link>https://issues.apache.org/jira/issues/?jql=project+%3D+MNG+and+type+%3D+bug+and+%28status+%3D+RESOLVED+or+status+%3D+closed%29</link>
        <description>An XML representation of a search request</description>
                <language>en-uk</language>
                        <issue start="0" end="1000" total="3303" />
                <build-info>
            <version>8.20.7</version>
            <build-number>820007</build-number>
            <build-date>16-03-2022</build-date>
        </build-info>

<item>
            <title>[MNG-5299] Profile activation based on user.timezone does not work if timezone contains a '/'</title>
                <link>https://issues.apache.org/jira/browse/MNG-5299</link>
                <project id="12316922" key="MNG">Maven</project>
                    <description>&lt;p&gt;The following profile is not calculated as part of the effective pom:&lt;br/&gt;
	     &amp;lt;profile&amp;gt;&lt;br/&gt;
                  &amp;lt;id&amp;gt;localhost-emea-regionaliser&amp;lt;/id&amp;gt;&lt;br/&gt;
                  &amp;lt;activation&amp;gt;&lt;br/&gt;
                        &amp;lt;property&amp;gt;&lt;br/&gt;
                              &amp;lt;name&amp;gt;user.timezone&amp;lt;/name&amp;gt;&lt;br/&gt;
                              &amp;lt;value&amp;gt;Europe/London&amp;lt;/value&amp;gt;&lt;br/&gt;
                        &amp;lt;/property&amp;gt;&lt;br/&gt;
                  &amp;lt;/activation&amp;gt;&lt;br/&gt;
                  &amp;lt;properties&amp;gt;&lt;br/&gt;
                        &amp;lt;market.region&amp;gt;emea&amp;lt;/market.region&amp;gt;&lt;br/&gt;
                  &amp;lt;/properties&amp;gt;&lt;br/&gt;
            &amp;lt;/profile&amp;gt;&lt;/p&gt;

&lt;p&gt;However, using user.country does work. e.g.:&lt;br/&gt;
		&amp;lt;profile&amp;gt;&lt;br/&gt;
			&amp;lt;id&amp;gt;localhost-us-regionaliser&amp;lt;/id&amp;gt;&lt;br/&gt;
			&amp;lt;activation&amp;gt;&lt;br/&gt;
				&amp;lt;property&amp;gt;&lt;br/&gt;
					&amp;lt;name&amp;gt;user.country&amp;lt;/name&amp;gt;&lt;br/&gt;
					&amp;lt;value&amp;gt;US&amp;lt;/value&amp;gt;&lt;br/&gt;
				&amp;lt;/property&amp;gt;&lt;br/&gt;
			&amp;lt;/activation&amp;gt;&lt;br/&gt;
			&amp;lt;properties&amp;gt;&lt;br/&gt;
				&amp;lt;market.region&amp;gt;emea&amp;lt;/market.region&amp;gt;&lt;br/&gt;
			&amp;lt;/properties&amp;gt;&lt;br/&gt;
		&amp;lt;/profile&amp;gt;&lt;/p&gt;

&lt;p&gt;I have seen that M2Eclipse 0.12.1 calculates the effective pom correctly for the user.timezone however, using mvn help:effective-pom on the command line does not work&lt;/p&gt;</description>
                <environment>Windows XP SP3</environment>
        <key id="12796086">MNG-5299</key>
            <summary>Profile activation based on user.timezone does not work if timezone contains a '/'</summary>
                <type id="1" iconUrl="https://issues.apache.org/jira/secure/viewavatar?size=xsmall&amp;avatarId=21133&amp;avatarType=issuetype">Bug</type>
                                            <priority id="4" iconUrl="https://issues.apache.org/jira/images/icons/priorities/minor.svg">Minor</priority>
                        <status id="6" iconUrl="https://issues.apache.org/jira/images/icons/statuses/closed.png" description="The issue is considered finished, the resolution is correct. Issues which are not closed can be reopened.">Closed</status>
                    <statusCategory id="3" key="done" colorName="green" />
                                    <resolution id="4">Incomplete</resolution>
                                        <assignee username="-1">Unassigned</assignee>
                                    <reporter username="beirtipol">Beirti O'Nunain</reporter>
                        <labels>
                    </labels>
                <created>Tue, 19 Jun 2012 09:24:37 +0000</created>
                <updated>Wed, 22 Jan 2014 20:31:33 +0000</updated>
                            <resolved>Wed, 22 Jan 2014 20:31:33 +0000</resolved>
                                    <version>3.0</version>
                                                    <component>Profiles</component>
                        <due />
                            <votes>0</votes>
                                    <watches>3</watches>
                                                                <comments>
                            <comment id="14418566" author="jvanzyl" created="Wed, 22 Jan 2014 20:23:04 +0000">&lt;p&gt;Please refer to &lt;a href="https://cwiki.apache.org/confluence/display/MAVEN/The+Great+JIRA+Cleanup+of+2014" class="external-link" target="_blank" rel="nofollow noopener"&gt;https://cwiki.apache.org/confluence/display/MAVEN/The+Great+JIRA+Cleanup+of+2014&lt;/a&gt;&lt;/p&gt;</comment>
                            <comment id="14419113" author="jvanzyl" created="Wed, 22 Jan 2014 20:31:33 +0000">&lt;p&gt;Please refer to &lt;a href="https://cwiki.apache.org/confluence/display/MAVEN/The+Great+JIRA+Cleanup+of+2014" class="external-link" target="_blank" rel="nofollow noopener"&gt;https://cwiki.apache.org/confluence/display/MAVEN/The+Great+JIRA+Cleanup+of+2014&lt;/a&gt; if you're wondering why this issue was closed out.&lt;/p&gt;</comment>
                    </comments>
                    <attachments>
                    </attachments>
                <subtasks>
                    </subtasks>
                <customfields>
                                                                                                                                                                                                                                                                                                                                                                                                                                                                                                                                                                                                                                                                                                                    <customfield id="customfield_12314020" key="com.atlassian.jira.plugins.jira-development-integration-plugin:devsummary">
                        <customfieldname>Development</customfieldname>
                        <customfieldvalues>
                            
                        </customfieldvalues>
                    </customfield>
                                                                                                                        <customfield id="customfield_12313422" key="com.atlassian.jirafisheyeplugin:jobcheckbox">
                        <customfieldname>Enable Automatic Patch Review</customfieldname>
                        <customfieldvalues>
                            <customfieldvalue>false</customfieldvalue>

                        </customfieldvalues>
                    </customfield>
                                                                                                                                                                                                                                                                                                                                                                                                                                                                                                                                                                                                                    <customfield id="customfield_12310420" key="com.pyxis.greenhopper.jira:gh-global-rank">
                        <customfieldname>Global Rank</customfieldname>
                        <customfieldvalues>
                            <customfieldvalue>9223372036854775807</customfieldvalue>
                        </customfieldvalues>
                    </customfield>
                                                                                                                                                                                                                                                                                                                                                                                                                                                                        <customfield id="customfield_12311820" key="com.pyxis.greenhopper.jira:gh-lexo-rank">
                        <customfieldname>Rank</customfieldname>
                        <customfieldvalues>
                            <customfieldvalue>0|i28s7z:</customfieldvalue>

                        </customfieldvalues>
                    </customfield>
                                                                <customfield id="customfield_12310920" key="com.pyxis.greenhopper.jira:gh-global-rank">
                        <customfieldname>Rank (Obsolete)</customfieldname>
                        <customfieldvalues>
                            <customfieldvalue>9223372036854775807</customfieldvalue>
                        </customfieldvalues>
                    </customfield>
                                                                                                                                                                                                                                                                                                                                                                                                                                                                                                                                                                                                                                                                                                                                                                                            </customfields>
    </item>


</channel>
</rss>