<rss version="0.92">
    <channel>
        <title>ASF JIRA</title>
        <link>https://issues.apache.org/jira/issues/?jql=project+%3D+MNG+and+type+%3D+bug+and+%28status+%3D+RESOLVED+or+status+%3D+closed%29</link>
        <description>An XML representation of a search request</description>
                <language>en-uk</language>
                        <issue start="0" end="1000" total="3303" />
                <build-info>
            <version>8.20.7</version>
            <build-number>820007</build-number>
            <build-date>16-03-2022</build-date>
        </build-info>

<item>
            <title>[MNG-5287] Problems with nonProxyHosts setting when generating web service code</title>
                <link>https://issues.apache.org/jira/browse/MNG-5287</link>
                <project id="12316922" key="MNG">Maven</project>
                    <description>&lt;p&gt;My organisation uses an Intranet, with proxy servers as a gateway onto the Internet. I have configured the settings.xml file with the details of the proxys. I have 3 &amp;lt;proxy&amp;gt; entries using different protocols: HTTP, HTTPS, SOCKS5.&lt;/p&gt;

&lt;p&gt;Maven seems to accept these settings and successfully downloads artifacts from the central repo (actually the UK mirror).&lt;/p&gt;

&lt;p&gt;I am developing clients for web services that run on the &lt;b&gt;Intranet&lt;/b&gt; so I have configured the value for non-proxy hosts thus:-&lt;/p&gt;

&lt;p&gt;&amp;lt;nonProxyHosts&amp;gt;*.my-domain.co.uk&amp;lt;/nonProxyHosts&amp;gt;&lt;/p&gt;

&lt;p&gt;The problem is this: The non proxy hosts setting does not appear to be respected when I generate web-service client code using wsdl2java (via the cxf-codegen-plugin) when the web service resides on a host on the Intranet.&lt;/p&gt;

&lt;p&gt;Maven contacts the proxy to query the WSDL and gets a HTTP 403 error, due to the fact access to the web services are restricted by IP address, and the address white list does not include the proxy servers, for security reasons.&lt;/p&gt;

&lt;p&gt;My workaround is to have a 2nd local settings file I call "settings-no-proxy.xml" in which all the proxy servers have&lt;br/&gt;
&amp;lt;active&amp;gt;false&amp;lt;/active&amp;gt;&lt;br/&gt;
(The proxies are initially set in the global settings.xml) So, this local file deactivates them. Then I would use maven thus:&lt;/p&gt;

&lt;p&gt;mvn generate-sources -s n:\.m2\settings-no-proxy.xml&lt;/p&gt;

&lt;p&gt;Which works and allows the cxf-codegen-plugin to do its job.&lt;/p&gt;</description>
                <environment>Windows 7, java version &amp;quot;1.7.0_04&amp;quot;</environment>
        <key id="12796080">MNG-5287</key>
            <summary>Problems with nonProxyHosts setting when generating web service code</summary>
                <type id="1" iconUrl="https://issues.apache.org/jira/secure/viewavatar?size=xsmall&amp;avatarId=21133&amp;avatarType=issuetype">Bug</type>
                                            <priority id="4" iconUrl="https://issues.apache.org/jira/images/icons/priorities/minor.svg">Minor</priority>
                        <status id="6" iconUrl="https://issues.apache.org/jira/images/icons/statuses/closed.png" description="The issue is considered finished, the resolution is correct. Issues which are not closed can be reopened.">Closed</status>
                    <statusCategory id="3" key="done" colorName="green" />
                                    <resolution id="4">Incomplete</resolution>
                                        <assignee username="-1">Unassigned</assignee>
                                    <reporter username="geeb">Guy Heatley</reporter>
                        <labels>
                    </labels>
                <created>Thu, 24 May 2012 04:43:17 +0000</created>
                <updated>Wed, 22 Jan 2014 20:31:25 +0000</updated>
                            <resolved>Wed, 22 Jan 2014 20:31:25 +0000</resolved>
                                    <version>3.0.4</version>
                                                    <component>Plugins and Lifecycle</component>
                    <component>Settings</component>
                        <due />
                            <votes>0</votes>
                                    <watches>4</watches>
                                                                <comments>
                            <comment id="14417724" author="brettporter" created="Fri, 25 May 2012 02:32:43 +0000">&lt;p&gt;Does this scenario work for you under Maven 3.0.3? It is potentially a regression in the way proxy values are passed in to the new httpclient.&lt;/p&gt;</comment>
                            <comment id="14417681" author="geeb" created="Fri, 25 May 2012 04:13:57 +0000">&lt;p&gt;Hi Brett,&lt;br/&gt;
Thanks for your response.&lt;br/&gt;
I'm afraid the problem still seems to be exhibited in Maven 3.0.3, too.&lt;/p&gt;

&lt;p&gt;I had an existing installation of 3.0.3 so I simply set my M2_HOME env var to point at it, and tried "mvn clean generate-sources", obviously using my default settings.xml file.&lt;br/&gt;
&lt;span class="error"&gt;&amp;#91;I ran &amp;quot;mvn -v&amp;quot; to make sure it was using 3.0.3&amp;#93;&lt;/span&gt;&lt;/p&gt;

&lt;p&gt;I got the same result, unfortunately.&lt;br/&gt;
&amp;#8211; &lt;br/&gt;
Guy&lt;/p&gt;</comment>
                            <comment id="14418681" author="jvanzyl" created="Wed, 22 Jan 2014 20:23:10 +0000">&lt;p&gt;Please refer to &lt;a href="https://cwiki.apache.org/confluence/display/MAVEN/The+Great+JIRA+Cleanup+of+2014" class="external-link" target="_blank" rel="nofollow noopener"&gt;https://cwiki.apache.org/confluence/display/MAVEN/The+Great+JIRA+Cleanup+of+2014&lt;/a&gt;&lt;/p&gt;</comment>
                            <comment id="14418793" author="jvanzyl" created="Wed, 22 Jan 2014 20:31:25 +0000">&lt;p&gt;Please refer to &lt;a href="https://cwiki.apache.org/confluence/display/MAVEN/The+Great+JIRA+Cleanup+of+2014" class="external-link" target="_blank" rel="nofollow noopener"&gt;https://cwiki.apache.org/confluence/display/MAVEN/The+Great+JIRA+Cleanup+of+2014&lt;/a&gt; if you're wondering why this issue was closed out.&lt;/p&gt;</comment>
                    </comments>
                    <attachments>
                    </attachments>
                <subtasks>
                    </subtasks>
                <customfields>
                                                                                                                                                                                                                                                                                                                                                                                                                                                                                                                                                                                                                                                                                                                    <customfield id="customfield_12314020" key="com.atlassian.jira.plugins.jira-development-integration-plugin:devsummary">
                        <customfieldname>Development</customfieldname>
                        <customfieldvalues>
                            
                        </customfieldvalues>
                    </customfield>
                                                                                                                        <customfield id="customfield_12313422" key="com.atlassian.jirafisheyeplugin:jobcheckbox">
                        <customfieldname>Enable Automatic Patch Review</customfieldname>
                        <customfieldvalues>
                            <customfieldvalue>false</customfieldvalue>

                        </customfieldvalues>
                    </customfield>
                                                                                                                                                                                                                                                                                                                                                                                                                                                                                                                                                                                                                    <customfield id="customfield_12310420" key="com.pyxis.greenhopper.jira:gh-global-rank">
                        <customfieldname>Global Rank</customfieldname>
                        <customfieldvalues>
                            <customfieldvalue>9223372036854775807</customfieldvalue>
                        </customfieldvalues>
                    </customfield>
                                                                                                                                                                                                                                                                                                                                                                                                                                                                        <customfield id="customfield_12311820" key="com.pyxis.greenhopper.jira:gh-lexo-rank">
                        <customfieldname>Rank</customfieldname>
                        <customfieldvalues>
                            <customfieldvalue>0|i28t6n:</customfieldvalue>

                        </customfieldvalues>
                    </customfield>
                                                                <customfield id="customfield_12310920" key="com.pyxis.greenhopper.jira:gh-global-rank">
                        <customfieldname>Rank (Obsolete)</customfieldname>
                        <customfieldvalues>
                            <customfieldvalue>9223372036854775807</customfieldvalue>
                        </customfieldvalues>
                    </customfield>
                                                                                                                                                                                                                                                                                                                                                                                                                                                                                                                                                                                                                                                                                                                                                                                            </customfields>
    </item>


</channel>
</rss>