<rss version="0.92">
    <channel>
        <title>ASF JIRA</title>
        <link>https://issues.apache.org/jira/issues/?jql=project+%3D+MNG+and+type+%3D+bug+and+%28status+%3D+RESOLVED+or+status+%3D+closed%29</link>
        <description>An XML representation of a search request</description>
                <language>en-uk</language>
                        <issue start="0" end="1000" total="3303" />
                <build-info>
            <version>8.20.7</version>
            <build-number>820007</build-number>
            <build-date>16-03-2022</build-date>
        </build-info>

<item>
            <title>[MNG-5790] Project specific options cannot resolve paths</title>
                <link>https://issues.apache.org/jira/browse/MNG-5790</link>
                <project id="12316922" key="MNG">Maven</project>
                    <description>&lt;p&gt;I have "-s ~/.m2/settings-foo.xml" in my ${maven.projectBasedir}/.mvn/maven.config and maven complains about missing file.&lt;/p&gt;

&lt;p&gt;&lt;span class="error"&gt;&amp;#91;ERROR&amp;#93;&lt;/span&gt; The specified user settings file does not exist: /Users/fsousa/Projects/foo/governor/~/.m2/settings-foo.xml&lt;/p&gt;

&lt;p&gt;I tried with "-s ${user.home}/.m2/settings-foo.xml" and this time&lt;/p&gt;

&lt;p&gt;&lt;span class="error"&gt;&amp;#91;ERROR&amp;#93;&lt;/span&gt; The specified user settings file does not exist: /Users/fsousa/Projects/foo/governor/${user.home}/.m2/settings-foo.xml&lt;/p&gt;</description>
                <environment>java version &amp;quot;1.8.0_40&amp;quot;&lt;br/&gt;
Java(TM) SE Runtime Environment (build 1.8.0_40-b25)&lt;br/&gt;
Java HotSpot(TM) 64-Bit Server VM (build 25.40-b25, mixed mode)</environment>
        <key id="12797460">MNG-5790</key>
            <summary>Project specific options cannot resolve paths</summary>
                <type id="1" iconUrl="https://issues.apache.org/jira/secure/viewavatar?size=xsmall&amp;avatarId=21133&amp;avatarType=issuetype">Bug</type>
                                            <priority id="3" iconUrl="https://issues.apache.org/jira/images/icons/priorities/major.svg">Major</priority>
                        <status id="6" iconUrl="https://issues.apache.org/jira/images/icons/statuses/closed.png" description="The issue is considered finished, the resolution is correct. Issues which are not closed can be reopened.">Closed</status>
                    <statusCategory id="3" key="done" colorName="green" />
                                    <resolution id="8">Not A Problem</resolution>
                                        <assignee username="-1">Unassigned</assignee>
                                    <reporter username="natros">Filipe Sousa</reporter>
                        <labels>
                    </labels>
                <created>Fri, 20 Mar 2015 05:32:58 +0000</created>
                <updated>Fri, 20 Mar 2015 10:12:17 +0000</updated>
                            <resolved>Fri, 20 Mar 2015 10:12:17 +0000</resolved>
                                    <version>3.3.1</version>
                                                        <due />
                            <votes>0</votes>
                                    <watches>4</watches>
                                                                <comments>
                            <comment id="14420145" author="jvanzyl" created="Fri, 20 Mar 2015 08:02:20 +0000">&lt;p&gt;The property is maven.multiModuleProjectDirectory, I think you are likely reading &lt;a href="http://blog.soebes.de/blog/2015/03/17/apache-maven-3-dot-3-1-features/" class="external-link" target="_blank" rel="nofollow noopener"&gt;http://blog.soebes.de/blog/2015/03/17/apache-maven-3-dot-3-1-features/&lt;/a&gt; which has the incorrect property name.&lt;/p&gt;</comment>
                            <comment id="14420028" author="natros" created="Fri, 20 Mar 2015 09:16:32 +0000">&lt;p&gt;It's not working&lt;br/&gt;
&lt;span class="error"&gt;&amp;#91;fsousa@nostradamus smtp-governor&amp;#93;&lt;/span&gt;$ (develop) cat .mvn/maven.config&lt;/p&gt;

&lt;p&gt;-s ${maven.multiModuleProjectDirectory}/.m2/settings-egoi.xml&lt;/p&gt;

&lt;p&gt;&lt;span class="error"&gt;&amp;#91;fsousa@nostradamus smtp-governor&amp;#93;&lt;/span&gt;$ (develop) mvn clean&lt;/p&gt;

&lt;p&gt;&lt;span class="error"&gt;&amp;#91;ERROR&amp;#93;&lt;/span&gt; Error executing Maven.&lt;br/&gt;
&lt;span class="error"&gt;&amp;#91;ERROR&amp;#93;&lt;/span&gt; The specified user settings file does not exist: /Users/fsousa/Projects/egoi/smtp-governor/${maven.multiModuleProjectDirectory}/.m2/settings-egoi.xml&lt;/p&gt;

&lt;p&gt;The file exists&lt;br/&gt;
&lt;span class="error"&gt;&amp;#91;fsousa@nostradamus smtp-governor&amp;#93;&lt;/span&gt;$ (develop) file /Users/fsousa/.m2/settings-egoi.xml&lt;br/&gt;
/Users/fsousa/.m2/settings-egoi.xml: XML  document text&lt;/p&gt;

&lt;p&gt;For this particular project I need to run maven with mvn -s ~/.m2/settings-egoi.xml clean. But with maven 3.3.1 I'm trying to pass the "-s ~/.m2/settings-egoi.xml" part to .mvn/maven.config&lt;/p&gt;</comment>
                            <comment id="14420156" author="jvanzyl" created="Fri, 20 Mar 2015 10:12:03 +0000">&lt;p&gt;Oh, you're putting the property in the actual maven.config file. That's not supported right now, and not sure it can be without looking at the scripts. The ${maven.multiModuleProjectDirectory} is passed into the Maven invocation from a calculation performed in the scripts. The jvm.config and maven.config have no interpolation. This is not a bug, but add a feature request and we'll see if we can do it. It would be an easy way to provide project level settings.&lt;/p&gt;</comment>
                    </comments>
                    <attachments>
                    </attachments>
                <subtasks>
                    </subtasks>
                <customfields>
                                                                                                                                                                                                                                                                                                                                                                                                                                                                                                                                                                                                                                                                                                                    <customfield id="customfield_12314020" key="com.atlassian.jira.plugins.jira-development-integration-plugin:devsummary">
                        <customfieldname>Development</customfieldname>
                        <customfieldvalues>
                            
                        </customfieldvalues>
                    </customfield>
                                                                                                                        <customfield id="customfield_12313422" key="com.atlassian.jirafisheyeplugin:jobcheckbox">
                        <customfieldname>Enable Automatic Patch Review</customfieldname>
                        <customfieldvalues>
                            <customfieldvalue>false</customfieldvalue>

                        </customfieldvalues>
                    </customfield>
                                                                                                                                                                                                                                                                                                                                                                                                                                                                                                                                                                                                                    <customfield id="customfield_12310420" key="com.pyxis.greenhopper.jira:gh-global-rank">
                        <customfieldname>Global Rank</customfieldname>
                        <customfieldvalues>
                            <customfieldvalue>9223372036854775807</customfieldvalue>
                        </customfieldvalues>
                    </customfield>
                                                                                                                                                                                                                                                                                                                                                                                                                                                                        <customfield id="customfield_12311820" key="com.pyxis.greenhopper.jira:gh-lexo-rank">
                        <customfieldname>Rank</customfieldname>
                        <customfieldvalues>
                            <customfieldvalue>0|i2967r:</customfieldvalue>

                        </customfieldvalues>
                    </customfield>
                                                                <customfield id="customfield_12310920" key="com.pyxis.greenhopper.jira:gh-global-rank">
                        <customfieldname>Rank (Obsolete)</customfieldname>
                        <customfieldvalues>
                            <customfieldvalue>9223372036854775807</customfieldvalue>
                        </customfieldvalues>
                    </customfield>
                                                                                                                                                                                                                                                                                                                                                                                                                                                                                                                                                                                                                                                                                                                                                                                            </customfields>
    </item>


</channel>
</rss>