<rss version="0.92">
    <channel>
        <title>ASF JIRA</title>
        <link>https://issues.apache.org/jira/issues/?jql=project+%3D+MNG+and+type+%3D+bug+and+%28status+%3D+RESOLVED+or+status+%3D+closed%29</link>
        <description>An XML representation of a search request</description>
                <language>en-uk</language>
                        <issue start="0" end="1000" total="3303" />
                <build-info>
            <version>8.20.7</version>
            <build-number>820007</build-number>
            <build-date>16-03-2022</build-date>
        </build-info>

<item>
            <title>[MNG-5877] maven-aether-provider/maven-compat does not always generate snapshot versions using Gregorian calendar year </title>
                <link>https://issues.apache.org/jira/browse/MNG-5877</link>
                <project id="12316922" key="MNG">Maven</project>
                    <description>&lt;p&gt;I am using the maven-aether-provider in my software and have an issue when Thailand users are publishing their snapshot versions get the Buddhist calendar year (offset of 543 years).&lt;/p&gt;

&lt;p&gt;I have located the problem to be in the RemoteSnapShotMetaData class:&lt;/p&gt;

&lt;div class="code panel" style="border-style: solid;border-width: 1px;"&gt;&lt;div class="codeHeader panelHeader" style="border-bottom-width: 1px;border-bottom-style: solid;"&gt;&lt;b&gt;RemoteSnapShotMetaData.java&lt;/b&gt;&lt;/div&gt;&lt;div class="codeContent panelContent"&gt;
&lt;pre class="code-java"&gt;            DateFormat utcDateFormatter = &lt;span class="code-keyword"&gt;new&lt;/span&gt; SimpleDateFormat( &lt;span class="code-quote"&gt;"yyyyMMdd.HHmmss"&lt;/span&gt; );
            utcDateFormatter.setTimeZone( TimeZone.getTimeZone( &lt;span class="code-quote"&gt;"UTC"&lt;/span&gt; ) );

            snapshot = &lt;span class="code-keyword"&gt;new&lt;/span&gt; Snapshot();
            snapshot.setBuildNumber( getBuildNumber( recessive ) + 1 );
            snapshot.setTimestamp( utcDateFormatter.format( &lt;span class="code-keyword"&gt;new&lt;/span&gt; Date() ) );
&lt;/pre&gt;
&lt;/div&gt;&lt;/div&gt;

&lt;p&gt;The fix should be to explicitly set the calendar to be Gregorian:&lt;/p&gt;

&lt;div class="code panel" style="border-style: solid;border-width: 1px;"&gt;&lt;div class="codeHeader panelHeader" style="border-bottom-width: 1px;border-bottom-style: solid;"&gt;&lt;b&gt;RemoteSnapShotMetaData.java&lt;/b&gt;&lt;/div&gt;&lt;div class="codeContent panelContent"&gt;
&lt;pre class="code-java"&gt;            DateFormat utcDateFormatter = &lt;span class="code-keyword"&gt;new&lt;/span&gt; SimpleDateFormat( &lt;span class="code-quote"&gt;"yyyyMMdd.HHmmss"&lt;/span&gt; );
            utcDateFormatter.setTimeZone( TimeZone.getTimeZone( &lt;span class="code-quote"&gt;"UTC"&lt;/span&gt; ) );
            utcDateFormatter.setCalendar(&lt;span class="code-keyword"&gt;new&lt;/span&gt; GregorianCalendar());

            snapshot = &lt;span class="code-keyword"&gt;new&lt;/span&gt; Snapshot();
            snapshot.setBuildNumber( getBuildNumber( recessive ) + 1 );
            snapshot.setTimestamp( utcDateFormatter.format( &lt;span class="code-keyword"&gt;new&lt;/span&gt; Date() ) );
&lt;/pre&gt;
&lt;/div&gt;&lt;/div&gt;</description>
                <environment />
        <key id="12858199">MNG-5877</key>
            <summary>maven-aether-provider/maven-compat does not always generate snapshot versions using Gregorian calendar year </summary>
                <type id="1" iconUrl="https://issues.apache.org/jira/secure/viewavatar?size=xsmall&amp;avatarId=21133&amp;avatarType=issuetype">Bug</type>
                                            <priority id="3" iconUrl="https://issues.apache.org/jira/images/icons/priorities/major.svg">Major</priority>
                        <status id="6" iconUrl="https://issues.apache.org/jira/images/icons/statuses/closed.png" description="The issue is considered finished, the resolution is correct. Issues which are not closed can be reopened.">Closed</status>
                    <statusCategory id="3" key="done" colorName="green" />
                                    <resolution id="1">Fixed</resolution>
                                        <assignee username="michael-o">Michael Osipov</assignee>
                                    <reporter username="aforsell">Anders Forsell</reporter>
                        <labels>
                    </labels>
                <created>Mon, 24 Aug 2015 05:11:44 +0000</created>
                <updated>Sat, 28 Mar 2020 14:59:25 +0000</updated>
                            <resolved>Tue, 29 Sep 2015 11:16:51 +0000</resolved>
                                                    <fixVersion>3.3.9</fixVersion>
                                        <due />
                            <votes>0</votes>
                                    <watches>5</watches>
                                                                <comments>
                            <comment id="14742052" author="githubbot" created="Sat, 12 Sep 2015 13:21:59 +0000">&lt;p&gt;GitHub user josephw opened a pull request:&lt;/p&gt;

&lt;p&gt;    &lt;a href="https://github.com/apache/maven/pull/65" class="external-link" target="_blank" rel="nofollow noopener"&gt;https://github.com/apache/maven/pull/65&lt;/a&gt;&lt;/p&gt;

&lt;p&gt;    &lt;a href="https://issues.apache.org/jira/browse/MNG-5877" title="maven-aether-provider/maven-compat does not always generate snapshot versions using Gregorian calendar year " class="issue-link" data-issue-key="MNG-5877"&gt;&lt;del&gt;MNG-5877&lt;/del&gt;&lt;/a&gt;: Ensure that snapshot versions use the Gregorian calendar.&lt;/p&gt;

&lt;p&gt;    Snapshot versioning should use the Gregorian calendar for consistency&lt;br/&gt;
    across systems. Apply the fix reported by Anders Forsell to make that&lt;br/&gt;
    explicit, and include a somewhat overengineered test to confirm that&lt;br/&gt;
    it's working.&lt;/p&gt;

&lt;p&gt;You can merge this pull request into a Git repository by running:&lt;/p&gt;

&lt;p&gt;    $ git pull &lt;a href="https://github.com/josephw/maven" class="external-link" target="_blank" rel="nofollow noopener"&gt;https://github.com/josephw/maven&lt;/a&gt; &lt;a href="https://issues.apache.org/jira/browse/MNG-5877" title="maven-aether-provider/maven-compat does not always generate snapshot versions using Gregorian calendar year " class="issue-link" data-issue-key="MNG-5877"&gt;&lt;del&gt;MNG-5877&lt;/del&gt;&lt;/a&gt;-use-gregorian-calendar-for-snapshot-versions&lt;/p&gt;

&lt;p&gt;Alternatively you can review and apply these changes as the patch at:&lt;/p&gt;

&lt;p&gt;    &lt;a href="https://github.com/apache/maven/pull/65.patch" class="external-link" target="_blank" rel="nofollow noopener"&gt;https://github.com/apache/maven/pull/65.patch&lt;/a&gt;&lt;/p&gt;

&lt;p&gt;To close this pull request, make a commit to your master/trunk branch&lt;br/&gt;
with (at least) the following in the commit message:&lt;/p&gt;

&lt;p&gt;    This closes #65&lt;/p&gt;

&lt;hr /&gt;
&lt;p&gt;commit f3485c628a31fec38e0cf646942ec31f6a939015&lt;br/&gt;
Author: Joseph Walton &amp;lt;joe@kafsemo.org&amp;gt;&lt;br/&gt;
Date:   2015-09-12T13:20:21Z&lt;/p&gt;

&lt;p&gt;    &lt;a href="https://issues.apache.org/jira/browse/MNG-5877" title="maven-aether-provider/maven-compat does not always generate snapshot versions using Gregorian calendar year " class="issue-link" data-issue-key="MNG-5877"&gt;&lt;del&gt;MNG-5877&lt;/del&gt;&lt;/a&gt;: Ensure that snapshot versions use the Gregorian calendar.&lt;/p&gt;

&lt;p&gt;    Snapshot versioning should use the Gregorian calendar for consistency&lt;br/&gt;
    across systems. Apply the fix reported by Anders Forsell to make that&lt;br/&gt;
    explicit, and include a somewhat overengineered test to confirm that&lt;br/&gt;
    it's working.&lt;/p&gt;

&lt;hr /&gt;</comment>
                            <comment id="14933710" author="githubbot" created="Mon, 28 Sep 2015 18:20:23 +0000">&lt;p&gt;Github user michael-o commented on the pull request:&lt;/p&gt;

&lt;p&gt;    &lt;a href="https://github.com/apache/maven/pull/65#issuecomment-143833287" class="external-link" target="_blank" rel="nofollow noopener"&gt;https://github.com/apache/maven/pull/65#issuecomment-143833287&lt;/a&gt;&lt;/p&gt;

&lt;p&gt;    Can you ping me by Thursday, I will review and merge?! Did you really observe it to fail with Thai locale?&lt;/p&gt;</comment>
                            <comment id="14934466" author="githubbot" created="Tue, 29 Sep 2015 01:35:25 +0000">&lt;p&gt;Github user josephw commented on the pull request:&lt;/p&gt;

&lt;p&gt;    &lt;a href="https://github.com/apache/maven/pull/65#issuecomment-143918594" class="external-link" target="_blank" rel="nofollow noopener"&gt;https://github.com/apache/maven/pull/65#issuecomment-143918594&lt;/a&gt;&lt;/p&gt;

&lt;p&gt;    I've verified the behaviour. To reproduce:&lt;/p&gt;

&lt;p&gt;        MAVEN_OPTS="-Duser.country=th -Duser.language=th" mvn deploy&lt;/p&gt;

&lt;p&gt;    It doesn't fail, but the snapshot dates are inconsistent with those published from other locales.&lt;/p&gt;</comment>
                            <comment id="14934811" author="githubbot" created="Tue, 29 Sep 2015 07:56:30 +0000">&lt;p&gt;Github user michael-o commented on the pull request:&lt;/p&gt;

&lt;p&gt;    &lt;a href="https://github.com/apache/maven/pull/65#issuecomment-143977320" class="external-link" target="_blank" rel="nofollow noopener"&gt;https://github.com/apache/maven/pull/65#issuecomment-143977320&lt;/a&gt;&lt;/p&gt;

&lt;p&gt;    Indeed, just tried for today and Thai calender gives me `2558-09-29`.&lt;/p&gt;</comment>
                            <comment id="14934822" author="githubbot" created="Tue, 29 Sep 2015 08:04:20 +0000">&lt;p&gt;Github user michael-o commented on the pull request:&lt;/p&gt;

&lt;p&gt;    &lt;a href="https://github.com/apache/maven/pull/65#issuecomment-143978524" class="external-link" target="_blank" rel="nofollow noopener"&gt;https://github.com/apache/maven/pull/65#issuecomment-143978524&lt;/a&gt;&lt;/p&gt;

&lt;p&gt;    @josephw Can you kind rebase on current master?&lt;/p&gt;</comment>
                            <comment id="14934849" author="githubbot" created="Tue, 29 Sep 2015 08:35:38 +0000">&lt;p&gt;Github user josephw commented on the pull request:&lt;/p&gt;

&lt;p&gt;    &lt;a href="https://github.com/apache/maven/pull/65#issuecomment-143988014" class="external-link" target="_blank" rel="nofollow noopener"&gt;https://github.com/apache/maven/pull/65#issuecomment-143988014&lt;/a&gt;&lt;/p&gt;

&lt;p&gt;    Rebased onto 2a9a07b0a and re-pushed.&lt;/p&gt;</comment>
                            <comment id="14934853" author="githubbot" created="Tue, 29 Sep 2015 08:38:34 +0000">&lt;p&gt;Github user michael-o commented on the pull request:&lt;/p&gt;

&lt;p&gt;    &lt;a href="https://github.com/apache/maven/pull/65#issuecomment-143988492" class="external-link" target="_blank" rel="nofollow noopener"&gt;https://github.com/apache/maven/pull/65#issuecomment-143988492&lt;/a&gt;&lt;/p&gt;

&lt;p&gt;    Already merged locally, running ITs...&lt;/p&gt;</comment>
                            <comment id="14935005" author="michael-o" created="Tue, 29 Sep 2015 11:16:51 +0000">&lt;p&gt;Fixed with &lt;a href="https://git-wip-us.apache.org/repos/asf?p=maven.git;a=commit;h=5cbc294e72c79955fb93c6434e9ac8ae7d9206cc" class="external-link" target="_blank" rel="nofollow noopener"&gt;https://git-wip-us.apache.org/repos/asf?p=maven.git;a=commit;h=5cbc294e72c79955fb93c6434e9ac8ae7d9206cc&lt;/a&gt;&lt;/p&gt;</comment>
                            <comment id="14935006" author="githubbot" created="Tue, 29 Sep 2015 11:17:19 +0000">&lt;p&gt;Github user michael-o commented on the pull request:&lt;/p&gt;

&lt;p&gt;    &lt;a href="https://github.com/apache/maven/pull/65#issuecomment-144029731" class="external-link" target="_blank" rel="nofollow noopener"&gt;https://github.com/apache/maven/pull/65#issuecomment-144029731&lt;/a&gt;&lt;/p&gt;

&lt;p&gt;    Fixed with 5cbc294e72c79955fb93c6434e9ac8ae7d9206cc. Please close.&lt;/p&gt;</comment>
                            <comment id="14935022" author="hudson" created="Tue, 29 Sep 2015 11:33:26 +0000">&lt;p&gt;SUCCESS: Integrated in maven-3.x #1124 (See &lt;a href="https://builds.apache.org/job/maven-3.x/1124/" class="external-link" target="_blank" rel="nofollow noopener"&gt;https://builds.apache.org/job/maven-3.x/1124/&lt;/a&gt;)&lt;br/&gt;
&lt;a href="https://issues.apache.org/jira/browse/MNG-5877" title="maven-aether-provider/maven-compat does not always generate snapshot versions using Gregorian calendar year " class="issue-link" data-issue-key="MNG-5877"&gt;&lt;del&gt;MNG-5877&lt;/del&gt;&lt;/a&gt; maven-aether-provider does not always generate snapshot versions using Gregorian calendar year (michaelo: rev 5cbc294e72c79955fb93c6434e9ac8ae7d9206cc)&lt;/p&gt;
&lt;ul&gt;
	&lt;li&gt;maven-aether-provider/src/test/java/org/apache/maven/repository/internal/RemoteSnapshotMetadataTest.java&lt;/li&gt;
	&lt;li&gt;maven-aether-provider/src/main/java/org/apache/maven/repository/internal/RemoteSnapshotMetadata.java&lt;/li&gt;
&lt;/ul&gt;
</comment>
                            <comment id="14935081" author="githubbot" created="Tue, 29 Sep 2015 12:17:26 +0000">&lt;p&gt;Github user josephw closed the pull request at:&lt;/p&gt;

&lt;p&gt;    &lt;a href="https://github.com/apache/maven/pull/65" class="external-link" target="_blank" rel="nofollow noopener"&gt;https://github.com/apache/maven/pull/65&lt;/a&gt;&lt;/p&gt;</comment>
                            <comment id="14951873" author="hudson" created="Sat, 10 Oct 2015 14:49:02 +0000">&lt;p&gt;SUCCESS: Integrated in maven-3.x #1133 (See &lt;a href="https://builds.apache.org/job/maven-3.x/1133/" class="external-link" target="_blank" rel="nofollow noopener"&gt;https://builds.apache.org/job/maven-3.x/1133/&lt;/a&gt;)&lt;br/&gt;
&lt;a href="https://issues.apache.org/jira/browse/MNG-5877" title="maven-aether-provider/maven-compat does not always generate snapshot versions using Gregorian calendar year " class="issue-link" data-issue-key="MNG-5877"&gt;&lt;del&gt;MNG-5877&lt;/del&gt;&lt;/a&gt; maven-aether-provider/maven-compat does not always generate (michaelo: rev 4ba3b752d6cc7fb170911711fd9a8cbf5979e745)&lt;/p&gt;
&lt;ul&gt;
	&lt;li&gt;maven-compat/src/main/java/org/apache/maven/repository/legacy/resolver/transform/SnapshotTransformation.java&lt;/li&gt;
&lt;/ul&gt;
</comment>
                            <comment id="14951874" author="michael-o" created="Sat, 10 Oct 2015 14:52:38 +0000">&lt;p&gt;Just pushed &lt;a href="https://git-wip-us.apache.org/repos/asf?p=maven.git;a=commit;h=2ec27257b4936762a92c2ac860ea5d633c633e77" class="external-link" target="_blank" rel="nofollow noopener"&gt;another fix&lt;/a&gt; which might cause another problem.&lt;/p&gt;</comment>
                            <comment id="17069614" author="hudson" created="Sat, 28 Mar 2020 14:59:25 +0000">&lt;p&gt;Build failed in Jenkins: Maven TLP &#187; maven-studies &#187; maven-metrics #4&lt;/p&gt;

&lt;p&gt;See &lt;a href="https://builds.apache.org/job/maven-box/job/maven-studies/job/maven-metrics/4/" class="external-link" target="_blank" rel="nofollow noopener"&gt;https://builds.apache.org/job/maven-box/job/maven-studies/job/maven-metrics/4/&lt;/a&gt;&lt;/p&gt;</comment>
                    </comments>
                    <attachments>
                    </attachments>
                <subtasks>
                    </subtasks>
                <customfields>
                                                                                                                                                                                                                                                                                                                                                                                                                                                                                                                                                                                                                                                                                                                    <customfield id="customfield_12314020" key="com.atlassian.jira.plugins.jira-development-integration-plugin:devsummary">
                        <customfieldname>Development</customfieldname>
                        <customfieldvalues>
                            
                        </customfieldvalues>
                    </customfield>
                                                                                                                        <customfield id="customfield_12313422" key="com.atlassian.jirafisheyeplugin:jobcheckbox">
                        <customfieldname>Enable Automatic Patch Review</customfieldname>
                        <customfieldvalues>
                            <customfieldvalue>false</customfieldvalue>

                        </customfieldvalues>
                    </customfield>
                                                                                                                                                                                                                                                                                                                                                                                                                                                                                                                                                                                                                    <customfield id="customfield_12310420" key="com.pyxis.greenhopper.jira:gh-global-rank">
                        <customfieldname>Global Rank</customfieldname>
                        <customfieldvalues>
                            <customfieldvalue>9223372036854775807</customfieldvalue>
                        </customfieldvalues>
                    </customfield>
                                                                                                                                                                                                                                                                                                                                                                                                                                                                        <customfield id="customfield_12311820" key="com.pyxis.greenhopper.jira:gh-lexo-rank">
                        <customfieldname>Rank</customfieldname>
                        <customfieldvalues>
                            <customfieldvalue>0|i2j9pj:</customfieldvalue>

                        </customfieldvalues>
                    </customfield>
                                                                <customfield id="customfield_12310920" key="com.pyxis.greenhopper.jira:gh-global-rank">
                        <customfieldname>Rank (Obsolete)</customfieldname>
                        <customfieldvalues>
                            <customfieldvalue>9223372036854775807</customfieldvalue>
                        </customfieldvalues>
                    </customfield>
                                                                                                                                                                                                                                                                                                                                                                                                                                                                                                                                                                                                                                                                                                                                                                                            </customfields>
    </item>


</channel>
</rss>