<rss version="0.92">
    <channel>
        <title>ASF JIRA</title>
        <link>https://issues.apache.org/jira/issues/?jql=project+%3D+MNG+and+type+%3D+bug+and+%28status+%3D+RESOLVED+or+status+%3D+closed%29</link>
        <description>An XML representation of a search request</description>
                <language>en-uk</language>
                        <issue start="0" end="1000" total="3303" />
                <build-info>
            <version>8.20.7</version>
            <build-number>820007</build-number>
            <build-date>16-03-2022</build-date>
        </build-info>

<item>
            <title>[MNG-5309] InputLocation missing for Xpp3Dom configuration elements</title>
                <link>https://issues.apache.org/jira/browse/MNG-5309</link>
                <project id="12316922" key="MNG">Maven</project>
                    <description>&lt;p&gt;I'm trying to create a view over a pom.xml file that displays current effective pom, along with showing which line came from which pom. Works more or less ok, with the provided InputLocations with one significant exception. &amp;lt;configuration&amp;gt; element in &amp;lt;plugin&amp;gt;. See screenshot.&lt;br/&gt;
The idea in the patch is to have the InputLocation tree mimic the tree of Xpp3Dom objects. All the merges of Xpp3Dom then manipulate the tree of InputLocations as well.&lt;/p&gt;

&lt;p&gt;The patch included is not complete, just proof of concept, needs to have proper InputLocation creating in Xpp3DomMavenReaderExt file (I've replaced that by some quick post processing, changing modello plugins to generate something else is error prone slow to to start with). Additionally the default Xpp3Dom merging from plexus-utils is replaced by maven's own version of merge code. Not sure there if it's possible/practical to move that code down to the dependency.&lt;/p&gt;

&lt;p&gt;also some additional tests are required to be written&lt;/p&gt;</description>
                <environment />
        <key id="12796457">MNG-5309</key>
            <summary>InputLocation missing for Xpp3Dom configuration elements</summary>
                <type id="1" iconUrl="https://issues.apache.org/jira/secure/viewavatar?size=xsmall&amp;avatarId=21133&amp;avatarType=issuetype">Bug</type>
                                            <priority id="3" iconUrl="https://issues.apache.org/jira/images/icons/priorities/major.svg">Major</priority>
                        <status id="6" iconUrl="https://issues.apache.org/jira/images/icons/statuses/closed.png" description="The issue is considered finished, the resolution is correct. Issues which are not closed can be reopened.">Closed</status>
                    <statusCategory id="3" key="done" colorName="green" />
                                    <resolution id="3">Duplicate</resolution>
                                        <assignee username="mkleint">Milos Kleint</assignee>
                                    <reporter username="mkleint">Milos Kleint</reporter>
                        <labels>
                    </labels>
                <created>Fri, 6 Jul 2012 08:56:30 +0000</created>
                <updated>Wed, 2 Oct 2019 15:32:18 +0000</updated>
                            <resolved>Wed, 2 Oct 2019 15:32:18 +0000</resolved>
                                    <version>3.0.4</version>
                                    <fixVersion>3.6.1</fixVersion>
                                    <component>Embedding</component>
                    <component>IDEs</component>
                    <component>Inheritance and Interpolation</component>
                    <component>POM</component>
                        <due />
                            <votes>0</votes>
                                    <watches>3</watches>
                                                                <comments>
                            <comment id="14417677" author="mkleint" created="Thu, 26 Jul 2012 01:31:20 +0000">&lt;p&gt;one stopper problem is that equals/hashcode on Xpp3DOM work with the values of the entire subtree. Once we create the locations tree with Xpp3DOM as keys in InputLocation, we arrive at a problem once ModelInterpolator is invoked on the pom file. any expression in any value invalidates the entire locations subtree because the hashcode/equals values changes and the maps in InputLocation keep the old hash as reference for lookup of values.&lt;/p&gt;</comment>
                            <comment id="16892189" author="michael-o" created="Wed, 24 Jul 2019 21:15:53 +0000">&lt;p&gt;Is this one still valid?&lt;/p&gt;</comment>
                            <comment id="16942913" author="hboutemy" created="Wed, 2 Oct 2019 15:32:18 +0000">&lt;p&gt;looks I did the job in &lt;a href="https://issues.apache.org/jira/browse/MPH-160" title="help:effective-pom -Dverbose: add source location as comments in effective pom.xml" class="issue-link" data-issue-key="MPH-160"&gt;&lt;del&gt;MPH-160&lt;/del&gt;&lt;/a&gt; and in &lt;a href="https://issues.apache.org/jira/browse/MNG-6597" title="add input location tracking for plugins configuration" class="issue-link" data-issue-key="MNG-6597"&gt;&lt;del&gt;MNG-6597&lt;/del&gt;&lt;/a&gt; without having noticed that this issue was about the same objective, but 5 years ago...&lt;/p&gt;</comment>
                    </comments>
                <issuelinks>
                            <issuelinktype id="12310051">
                    <name>Supercedes</name>
                                                                <inwardlinks description="is superceded by">
                                        <issuelink>
            <issuekey id="13203301">MPH-160</issuekey>
        </issuelink>
            <issuelink>
            <issuekey id="13217313">MNG-6597</issuekey>
        </issuelink>
                            </inwardlinks>
                                    </issuelinktype>
                    </issuelinks>
                <attachments>
                            <attachment id="12713171" name="2012-07-06_1548.png" size="231870" author="mkleint" created="Fri, 6 Jul 2012 08:56:30 +0000" />
                            <attachment id="12713271" name="mng_configuration.patch" size="19833" author="mkleint" created="Fri, 6 Jul 2012 08:56:30 +0000" />
                    </attachments>
                <subtasks>
                    </subtasks>
                <customfields>
                                                                                                                                                                                                                                                                                                                                                                                                                                                                                                                                                                                                                                                                                                                    <customfield id="customfield_12314020" key="com.atlassian.jira.plugins.jira-development-integration-plugin:devsummary">
                        <customfieldname>Development</customfieldname>
                        <customfieldvalues>
                            
                        </customfieldvalues>
                    </customfield>
                                                                                                                        <customfield id="customfield_12313422" key="com.atlassian.jirafisheyeplugin:jobcheckbox">
                        <customfieldname>Enable Automatic Patch Review</customfieldname>
                        <customfieldvalues>
                            <customfieldvalue>false</customfieldvalue>

                        </customfieldvalues>
                    </customfield>
                                                                                                                                                                                                                                                                                                                                                        <customfield id="customfield_12310250" key="com.atlassian.jira.plugin.system.customfieldtypes:multicheckboxes">
                        <customfieldname>Flags</customfieldname>
                        <customfieldvalues>
                                <customfieldvalue key="10430">Patch</customfieldvalue>
    
                        </customfieldvalues>
                    </customfield>
                                                                                                                                                                                                                                                                                                <customfield id="customfield_12310420" key="com.pyxis.greenhopper.jira:gh-global-rank">
                        <customfieldname>Global Rank</customfieldname>
                        <customfieldvalues>
                            <customfieldvalue>9223372036854775807</customfieldvalue>
                        </customfieldvalues>
                    </customfield>
                                                                                                                                                                                                                                                                                                                                                                                                                                                                        <customfield id="customfield_12311820" key="com.pyxis.greenhopper.jira:gh-lexo-rank">
                        <customfieldname>Rank</customfieldname>
                        <customfieldvalues>
                            <customfieldvalue>0|i28shb:</customfieldvalue>

                        </customfieldvalues>
                    </customfield>
                                                                <customfield id="customfield_12310920" key="com.pyxis.greenhopper.jira:gh-global-rank">
                        <customfieldname>Rank (Obsolete)</customfieldname>
                        <customfieldvalues>
                            <customfieldvalue>9223372036854775807</customfieldvalue>
                        </customfieldvalues>
                    </customfield>
                                                                                                                                                                                                                                                                                                                                                                                                                                                                                                                                                                                                                                                                                                                                                                                            </customfields>
    </item>


</channel>
</rss>