<rss version="0.92">
    <channel>
        <title>ASF JIRA</title>
        <link>https://issues.apache.org/jira/issues/?jql=project+%3D+MNG+and+type+%3D+bug+and+%28status+%3D+RESOLVED+or+status+%3D+closed%29</link>
        <description>An XML representation of a search request</description>
                <language>en-uk</language>
                        <issue start="0" end="1000" total="3303" />
                <build-info>
            <version>8.20.7</version>
            <build-number>820007</build-number>
            <build-date>16-03-2022</build-date>
        </build-info>

<item>
            <title>[MNG-5565] Aggregator style plugin with requiresDependencyResolution retrieving artefacts from remote instead of reactor </title>
                <link>https://issues.apache.org/jira/browse/MNG-5565</link>
                <project id="12316922" key="MNG">Maven</project>
                    <description>&lt;p&gt;If you have a aggregator-style plugin with requiresDependencyResolution, maven will try to download artefacts from remote (if they are not in your local repository or if you have a 'always' policy for that remote repository). Binding the plugin to different phases or calling from CLI didn't change the behaviour.&lt;/p&gt;


&lt;p&gt;If the artefact actually exists in your remote repository, maven will download it. Even worse if you include this aggregator-styte plugin as part of the lifecycle of a module, because then the dependencies downloaded will be used - instead of the ones built in the reactor - for the rest of the build. It's pretty scary to build artefacts half reactor/half remote maven as a side effect of calling a plugin that just wants to print the dependencies' names.   &lt;/p&gt;


&lt;p&gt;If the artefact doesn't exist in your maven local repo or remote, maven will continue and the following warning:&lt;/p&gt;
&lt;div class="preformatted panel" style="border-width: 1px;"&gt;&lt;div class="preformattedContent panelContent"&gt;
&lt;pre&gt;The following dependencies could not be resolved at this point of the build but seem to be part of the reactor
&lt;/pre&gt;
&lt;/div&gt;&lt;/div&gt;
&lt;p&gt;That lead me to &lt;a href="https://issues.apache.org/jira/browse/MNG-2277" title="aggregating plugins in submodules of the reactor return all projects causing a chicken/egg issue" class="issue-link" data-issue-key="MNG-2277"&gt;&lt;del&gt;MNG-2277&lt;/del&gt;&lt;/a&gt;, and I would happily accept the warning if maven wasn't actually downloading and using the downloaded dependencies instead of the ones built in the reactor. &lt;/p&gt;

&lt;p&gt;If the artefact exists in your local repo, looks like that one is being used (I'm not sure here). &lt;/p&gt;

&lt;p&gt;The workaround I've found (only in maven 3) is to use requiresDependencyCollection (instead of requiresDependencyResolution), then I have to identify which ones are in the reactor, and just resolve the other ones. It doesn't feel right, I kinda trust maven to identify what is the reactor and what is not (even for aggregator-style plugins), and never override the reactor. &lt;/p&gt;


&lt;p&gt;It would be enough if the dependencies list didn't include dependencies of intermodule artefacts:&lt;br/&gt;
Example:&lt;/p&gt;
&lt;div class="preformatted panel" style="border-width: 1px;"&gt;&lt;div class="preformattedContent panelContent"&gt;
&lt;pre&gt; - my-commons
    \- junit
 - my-other-module
     \- my-commons (not showing its deps because you can retrieve it - not resolving it either!)
&lt;/pre&gt;
&lt;/div&gt;&lt;/div&gt;  


&lt;p&gt;I don't want to call "mvn install myplugin:goal", I need it to be part of the build as it produces resources included in my jars and wars. &lt;/p&gt;



&lt;p&gt;Full log:&lt;/p&gt;
&lt;div class="preformatted panel" style="border-width: 1px;"&gt;&lt;div class="preformattedContent panelContent"&gt;
&lt;pre&gt;[INFO] Scanning for projects...
[INFO] ------------------------------------------------------------------------
[INFO] Reactor Build Order:
[INFO] 
[INFO] my-nice-project
[INFO] child1
[INFO] child2
[INFO]                                                                         
[INFO] ------------------------------------------------------------------------
[INFO] Building my-nice-project 1.0-SNAPSHOT
[INFO] ------------------------------------------------------------------------
Downloading: https://mynexus.com/content/groups/internal/com/mycompany/project/child1/1.0-SNAPSHOT/maven-metadata.xml
Downloading: https://mynexus.com/content/groups/internal/com/mycompany/project/child1/1.0-SNAPSHOT/maven-metadata.xml
Downloading: https://mynexus.com/content/groups/internal/com/mycompany/project/child1/1.0-SNAPSHOT/child1-1.0-SNAPSHOT.jar
Downloading: https://mynexus.com/content/groups/internal/com/mycompany/project/child1/1.0-SNAPSHOT/child1-1.0-SNAPSHOT.jar
[WARNING] The following dependencies could not be resolved at this point of the build but seem to be part of the reactor:
[WARNING] o com.mycompany.project:child1:jar:1.0-SNAPSHOT (compile)
[WARNING] Try running the build up to the lifecycle phase "package"
[INFO] 
[INFO] --- myaggregator-maven-plugin:1.0-SNAPSHOT:list-deps (default-cli) @ my-nice-project ---
[INFO]  &amp;gt;&amp;gt;&amp;gt;&amp;gt;&amp;gt;&amp;gt; Project: my-nice-project
[INFO]  ---------------
[INFO]  &amp;gt;&amp;gt;&amp;gt;&amp;gt;&amp;gt;&amp;gt; Project: child1
[INFO] 	- junit:junit:jar:4.11
[INFO] 	- org.hamcrest:hamcrest-core:jar:1.3
[INFO]  ---------------
[INFO]  &amp;gt;&amp;gt;&amp;gt;&amp;gt;&amp;gt;&amp;gt; Project: child2
[INFO] 	- com.mycompany.project:child1:jar:1.0-SNAPSHOT
[INFO] 	- junit:junit:jar:4.11
[INFO] 	- org.hamcrest:hamcrest-core:jar:1.3
[INFO] 	- org.apache.logging.log4j:log4j-api:jar:2.0-beta9
[INFO]  ---------------
[INFO] ------------------------------------------------------------------------
[INFO] Reactor Summary:
[INFO] 
[INFO] my-nice-project ................................... SUCCESS [4.280s]
[INFO] child1 ............................................ SKIPPED
[INFO] child2 ............................................ SKIPPED
[INFO] ------------------------------------------------------------------------
[INFO] BUILD SUCCESS
[INFO] ------------------------------------------------------------------------
[INFO] Total time: 4.495s
[INFO] Finished at: Fri Jan 17 17:10:10 EST 2014
[INFO] Final Memory: 6M/143M
[INFO] ------------------------------------------------------------------------

&lt;/pre&gt;
&lt;/div&gt;&lt;/div&gt;


&lt;p&gt;I've attached the simplest example I could think of. &lt;/p&gt;
&lt;ul class="alternate" type="square"&gt;
	&lt;li&gt;Open zip file&lt;/li&gt;
	&lt;li&gt;cd my-aggregator-plugin; mvn install&lt;/li&gt;
	&lt;li&gt;rm -rf ~/.m2/repository/com/mycompany/project/&lt;/li&gt;
	&lt;li&gt;cd my-nice-project; mvn com.mycompany.mavenplugin:myaggregator-maven-plugin:1.0-SNAPSHOT:list-deps&lt;/li&gt;
&lt;/ul&gt;
</description>
                <environment />
        <key id="12796259">MNG-5565</key>
            <summary>Aggregator style plugin with requiresDependencyResolution retrieving artefacts from remote instead of reactor </summary>
                <type id="1" iconUrl="https://issues.apache.org/jira/secure/viewavatar?size=xsmall&amp;avatarId=21133&amp;avatarType=issuetype">Bug</type>
                                            <priority id="3" iconUrl="https://issues.apache.org/jira/images/icons/priorities/major.svg">Major</priority>
                        <status id="6" iconUrl="https://issues.apache.org/jira/images/icons/statuses/closed.png" description="The issue is considered finished, the resolution is correct. Issues which are not closed can be reopened.">Closed</status>
                    <statusCategory id="3" key="done" colorName="green" />
                                    <resolution id="5">Cannot Reproduce</resolution>
                                        <assignee username="schulte77">Christian Schulte</assignee>
                                    <reporter username="cintiadr">Cintia DR</reporter>
                        <labels>
                    </labels>
                <created>Fri, 17 Jan 2014 00:49:20 +0000</created>
                <updated>Fri, 24 Jun 2016 00:55:40 +0000</updated>
                            <resolved>Fri, 24 Jun 2016 00:55:40 +0000</resolved>
                                    <version>3.0.5</version>
                                                        <due />
                            <votes>0</votes>
                                    <watches>3</watches>
                                                                <comments>
                            <comment id="15347498" author="schulte77" created="Fri, 24 Jun 2016 00:55:40 +0000">&lt;p&gt;I am closing this as I cannot reproduce the issue using a recent Maven version. Please re-open if the issue still exists.&lt;/p&gt;</comment>
                    </comments>
                    <attachments>
                            <attachment id="12713125" name="aggregator.zip" size="69372" author="cintiadr" created="Fri, 17 Jan 2014 00:49:20 +0000" />
                    </attachments>
                <subtasks>
                    </subtasks>
                <customfields>
                                                                                                                                                                                                                                                                                                                                                                                                                                                                                                                                                                                                                                                                                                                    <customfield id="customfield_12314020" key="com.atlassian.jira.plugins.jira-development-integration-plugin:devsummary">
                        <customfieldname>Development</customfieldname>
                        <customfieldvalues>
                            
                        </customfieldvalues>
                    </customfield>
                                                                                                                        <customfield id="customfield_12313422" key="com.atlassian.jirafisheyeplugin:jobcheckbox">
                        <customfieldname>Enable Automatic Patch Review</customfieldname>
                        <customfieldvalues>
                            <customfieldvalue>false</customfieldvalue>

                        </customfieldvalues>
                    </customfield>
                                                                                                                                                                                                                                                                                                                                                                                                                                                                                                                                                                                                                    <customfield id="customfield_12310420" key="com.pyxis.greenhopper.jira:gh-global-rank">
                        <customfieldname>Global Rank</customfieldname>
                        <customfieldvalues>
                            <customfieldvalue>9223372036854775807</customfieldvalue>
                        </customfieldvalues>
                    </customfield>
                                                                                                                                                                                                                                                                                                                                                                                                                                                                        <customfield id="customfield_12311820" key="com.pyxis.greenhopper.jira:gh-lexo-rank">
                        <customfieldname>Rank</customfieldname>
                        <customfieldvalues>
                            <customfieldvalue>0|i28onj:</customfieldvalue>

                        </customfieldvalues>
                    </customfield>
                                                                <customfield id="customfield_12310920" key="com.pyxis.greenhopper.jira:gh-global-rank">
                        <customfieldname>Rank (Obsolete)</customfieldname>
                        <customfieldvalues>
                            <customfieldvalue>9223372036854775807</customfieldvalue>
                        </customfieldvalues>
                    </customfield>
                                                                                                                                                                                                                                                                                                                                                                                                                                                                                                                                                                                                                                                                                                                                                                                            </customfields>
    </item>


</channel>
</rss>