<rss version="0.92">
    <channel>
        <title>ASF JIRA</title>
        <link>https://issues.apache.org/jira/issues/?jql=project+%3D+MNG+and+type+%3D+bug+and+%28status+%3D+RESOLVED+or+status+%3D+closed%29</link>
        <description>An XML representation of a search request</description>
                <language>en-uk</language>
                        <issue start="0" end="1000" total="3303" />
                <build-info>
            <version>8.20.7</version>
            <build-number>820007</build-number>
            <build-date>16-03-2022</build-date>
        </build-info>

<item>
            <title>[MNG-5641] AbstractMavenLifecycleParticipant#afterSessionStart is never invoked</title>
                <link>https://issues.apache.org/jira/browse/MNG-5641</link>
                <project id="12316922" key="MNG">Maven</project>
                    <description>&lt;p&gt;Seems this affects all released maven versions.&lt;/p&gt;

&lt;p&gt;The problem, is that &lt;tt&gt;org.apache.maven.DefaultMaven#getLifecycleParticipants&lt;/tt&gt; is invoked with empty list, as there are no projects read up yet.&lt;/p&gt;

&lt;p&gt;&lt;a href="https://github.com/apache/maven/blob/master/maven-core/src/main/java/org/apache/maven/DefaultMaven.java#L233" class="external-link" target="_blank" rel="nofollow noopener"&gt;https://github.com/apache/maven/blob/master/maven-core/src/main/java/org/apache/maven/DefaultMaven.java#L233&lt;/a&gt;&lt;/p&gt;

&lt;p&gt;Moreover, there is a comment on class, suggesting to remove this method. So, maybe just remove it?&lt;/p&gt;

&lt;p&gt;&lt;a href="https://github.com/apache/maven/blob/master/maven-core/src/main/java/org/apache/maven/AbstractMavenLifecycleParticipant.java#L56" class="external-link" target="_blank" rel="nofollow noopener"&gt;https://github.com/apache/maven/blob/master/maven-core/src/main/java/org/apache/maven/AbstractMavenLifecycleParticipant.java#L56&lt;/a&gt;&lt;/p&gt;
</description>
                <environment />
        <key id="12796336">MNG-5641</key>
            <summary>AbstractMavenLifecycleParticipant#afterSessionStart is never invoked</summary>
                <type id="1" iconUrl="https://issues.apache.org/jira/secure/viewavatar?size=xsmall&amp;avatarId=21133&amp;avatarType=issuetype">Bug</type>
                                            <priority id="3" iconUrl="https://issues.apache.org/jira/images/icons/priorities/major.svg">Major</priority>
                        <status id="6" iconUrl="https://issues.apache.org/jira/images/icons/statuses/closed.png" description="The issue is considered finished, the resolution is correct. Issues which are not closed can be reopened.">Closed</status>
                    <statusCategory id="3" key="done" colorName="green" />
                                    <resolution id="4">Incomplete</resolution>
                                        <assignee username="-1">Unassigned</assignee>
                                    <reporter username="cstamas">Tam&#225;s Cserven&#225;k</reporter>
                        <labels>
                    </labels>
                <created>Tue, 3 Jun 2014 03:14:53 +0000</created>
                <updated>Sat, 16 Feb 2019 20:38:50 +0000</updated>
                            <resolved>Sat, 16 Feb 2019 20:38:50 +0000</resolved>
                                                                    <component>Plugins and Lifecycle</component>
                        <due />
                            <votes>0</votes>
                                    <watches>5</watches>
                                                                <comments>
                            <comment id="15190023" author="marco.lessard" created="Thu, 10 Mar 2016 21:55:13 +0000">&lt;p&gt;The afterSessionStart() is called just after the MavenSession is created, but before the pom.xml is read, &lt;br/&gt;
so there is no way to write an extension that could inject properties in the session for the current pom.xml &lt;br/&gt;
BEFORE the dependencies are resolved. &lt;/p&gt;

&lt;p&gt;When afterProjectsRead() is called, it is too late, the dependencies are resolved, and there is no way to inject properties &lt;br/&gt;
that would be used in a&lt;/p&gt;
 &lt;div class="code panel" style="border-width: 1px;"&gt;&lt;div class="codeContent panelContent"&gt;
&lt;pre class="code-java"&gt;&amp;lt;version&amp;gt;${mydepenVersionProp}&amp;lt;/version&amp;gt; or 
&amp;lt;classifier&amp;gt;${mydepenClassifierProp}&amp;lt;/classifier&amp;gt;&lt;/pre&gt;
&lt;/div&gt;&lt;/div&gt;

&lt;p&gt;I understand that changing the result of a "standard" maven execution  is against good practices, and could create an unstable build,&lt;br/&gt;
but  it is not the goal I look for. Actually I developped a plugin that has it's own lifecycle and packaging. &lt;br/&gt;
The plugin use the dependency management to retrieve the latest snapshot or released artifacts from Nexus, zip them and send them to the appl. server of my choice.&lt;br/&gt;
The execution is triggered from Jenkins, which provide some properties. &lt;br/&gt;
Based on thoses properties, I need a plugin and an extensions that will decide what to do with those properties.&lt;/p&gt;

&lt;p&gt;At the moment, the only work-around is to move the project's dependencies as plugin's dependencies, which creates other problems.&lt;/p&gt;

&lt;p&gt;So move the &lt;/p&gt;
&lt;div class="code panel" style="border-width: 1px;"&gt;&lt;div class="codeContent panelContent"&gt;
&lt;pre class="code-java"&gt;afterSessionStart()&lt;/pre&gt;
&lt;/div&gt;&lt;/div&gt;
&lt;p&gt; call just after the &lt;/p&gt;
&lt;div class="code panel" style="border-width: 1px;"&gt;&lt;div class="codeContent panelContent"&gt;
&lt;pre class="code-java"&gt;validateProjects( projects );&lt;/pre&gt;
&lt;/div&gt;&lt;/div&gt;
&lt;p&gt; and passing the projects as param would enable a lot of possibilities for plugin extensions.&lt;/p&gt;

&lt;div class="code panel" style="border-width: 1px;"&gt;&lt;div class="codeContent panelContent"&gt;
&lt;pre class="code-java"&gt;&lt;span class="code-keyword"&gt;for&lt;/span&gt; ( AbstractMavenLifecycleParticipant listener : getLifecycleParticipants( projects ) )
{
     &lt;span class="code-object"&gt;Thread&lt;/span&gt;.currentThread().setContextClassLoader( listener.getClass().getClassLoader() );

     listener.afterSessionStart( session );
}
&lt;/pre&gt;
&lt;/div&gt;&lt;/div&gt;</comment>
                            <comment id="16521284" author="michael-o" created="Sat, 23 Jun 2018 22:05:22 +0000">&lt;p&gt;Is this one still valid?&lt;/p&gt;</comment>
                            <comment id="16770205" author="michael-o" created="Sat, 16 Feb 2019 20:38:50 +0000">&lt;p&gt;No reaction on question. Will reopen if information is provided.&lt;/p&gt;</comment>
                    </comments>
                <issuelinks>
                            <issuelinktype id="12310051">
                    <name>Supercedes</name>
                                                                <inwardlinks description="is superceded by">
                                        <issuelink>
            <issuekey id="12797614">MNG-5771</issuekey>
        </issuelink>
                            </inwardlinks>
                                    </issuelinktype>
                    </issuelinks>
                <attachments>
                    </attachments>
                <subtasks>
                    </subtasks>
                <customfields>
                                                                                                                                                                                                                                                                                                                                                                                                                                                                                                                                                                                                                                                                                                                    <customfield id="customfield_12314020" key="com.atlassian.jira.plugins.jira-development-integration-plugin:devsummary">
                        <customfieldname>Development</customfieldname>
                        <customfieldvalues>
                            
                        </customfieldvalues>
                    </customfield>
                                                                                                                        <customfield id="customfield_12313422" key="com.atlassian.jirafisheyeplugin:jobcheckbox">
                        <customfieldname>Enable Automatic Patch Review</customfieldname>
                        <customfieldvalues>
                            <customfieldvalue>false</customfieldvalue>

                        </customfieldvalues>
                    </customfield>
                                                                                                                                                                                                                                                                                                                                                                                                                                                                                                                                                                                                                    <customfield id="customfield_12310420" key="com.pyxis.greenhopper.jira:gh-global-rank">
                        <customfieldname>Global Rank</customfieldname>
                        <customfieldvalues>
                            <customfieldvalue>9223372036854775807</customfieldvalue>
                        </customfieldvalues>
                    </customfield>
                                                                                                                                                                                                                                                                                                                                                                                                                                                                        <customfield id="customfield_12311820" key="com.pyxis.greenhopper.jira:gh-lexo-rank">
                        <customfieldname>Rank</customfieldname>
                        <customfieldvalues>
                            <customfieldvalue>0|i28qf3:</customfieldvalue>

                        </customfieldvalues>
                    </customfield>
                                                                <customfield id="customfield_12310920" key="com.pyxis.greenhopper.jira:gh-global-rank">
                        <customfieldname>Rank (Obsolete)</customfieldname>
                        <customfieldvalues>
                            <customfieldvalue>9223372036854775807</customfieldvalue>
                        </customfieldvalues>
                    </customfield>
                                                                                                                                                                                                                                                                                                                                                                                                                                                                                                                                                                                                                                                                                                                                                                                            </customfields>
    </item>


</channel>
</rss>