<rss version="0.92">
    <channel>
        <title>ASF JIRA</title>
        <link>https://issues.apache.org/jira/issues/?jql=project+%3D+MNG+and+type+%3D+bug+and+%28status+%3D+RESOLVED+or+status+%3D+closed%29</link>
        <description>An XML representation of a search request</description>
                <language>en-uk</language>
                        <issue start="0" end="1000" total="3303" />
                <build-info>
            <version>8.20.7</version>
            <build-number>820007</build-number>
            <build-date>16-03-2022</build-date>
        </build-info>

<item>
            <title>[MNG-5142] allow static URLSs which don't change in derived submodules</title>
                <link>https://issues.apache.org/jira/browse/MNG-5142</link>
                <project id="12316922" key="MNG">Maven</project>
                    <description>&lt;p&gt;In sub-modules, URLs in the MavenModel will automatically get expanded by adding the artifactId of the very sub-module.&lt;br/&gt;
This is fine for e.g. a SVN scm URL but breaks other SCMs like git or hg.&lt;/p&gt;

&lt;p&gt;Proposal:&lt;br/&gt;
We should introduce a 'static:' prefix for URLs which must not get automatically expanded in submodules.&lt;br/&gt;
An example:&lt;br/&gt;
&amp;lt;scm&amp;gt;&lt;br/&gt;
  &amp;lt;developerConnection&amp;gt;static:scm:git:&lt;a href="https://myserver.com/gitrepo/" class="external-link" target="_blank" rel="nofollow noopener"&gt;https://myserver.com/gitrepo/&lt;/a&gt;... &lt;/p&gt;

&lt;p&gt;The 'static:' info will get removed while parsing the pom.&lt;/p&gt;

&lt;p&gt;Compat notes:&lt;br/&gt;
I've tried that such scm URLs with mvn-3.0.3 and mvn-2.2.1 in  &lt;br/&gt;
&amp;lt;scm&amp;gt;&amp;lt;connection&amp;gt;, &amp;lt;developerConnection&amp;gt;, &amp;lt;url&amp;gt;, &amp;lt;distributionManagement&amp;gt;&amp;lt;site&amp;gt;&amp;lt;url&amp;gt;&lt;br/&gt;
and got no error building my project. Of course, if you use the 'static:' prefix then you cannot release or do other site and scm tasks with an old maven version anymore. But that part is considered to be broken anyway at the moment &lt;img class="emoticon" src="https://issues.apache.org/jira/images/icons/emoticons/wink.png" height="16" width="16" align="absmiddle" alt="" border="0"/&gt;&lt;/p&gt;</description>
                <environment />
        <key id="12797185">MNG-5142</key>
            <summary>allow static URLSs which don't change in derived submodules</summary>
                <type id="1" iconUrl="https://issues.apache.org/jira/secure/viewavatar?size=xsmall&amp;avatarId=21133&amp;avatarType=issuetype">Bug</type>
                                            <priority id="3" iconUrl="https://issues.apache.org/jira/images/icons/priorities/major.svg">Major</priority>
                        <status id="6" iconUrl="https://issues.apache.org/jira/images/icons/statuses/closed.png" description="The issue is considered finished, the resolution is correct. Issues which are not closed can be reopened.">Closed</status>
                    <statusCategory id="3" key="done" colorName="green" />
                                    <resolution id="4">Incomplete</resolution>
                                        <assignee username="-1">Unassigned</assignee>
                                    <reporter username="struberg">Mark Struberg</reporter>
                        <labels>
                    </labels>
                <created>Thu, 28 Jul 2011 16:56:45 +0000</created>
                <updated>Wed, 22 Jan 2014 20:32:09 +0000</updated>
                            <resolved>Wed, 22 Jan 2014 20:32:09 +0000</resolved>
                                    <version>2.2.1</version>
                    <version>3.0.3</version>
                                                    <component>Inheritance and Interpolation</component>
                        <due />
                            <votes>0</votes>
                                    <watches>3</watches>
                                                                <comments>
                            <comment id="14417335" author="rfscholte" created="Thu, 28 Jul 2011 17:03:10 +0000">&lt;p&gt;&lt;tt&gt;static:&lt;/tt&gt; sounds a bit confusing, because what would &lt;tt&gt;dynamic:&lt;/tt&gt; mean?&lt;br/&gt;
I'd prefer the usage of &lt;tt&gt;relative:&lt;/tt&gt; and &lt;tt&gt;absolute:&lt;/tt&gt; where relative would be the default.&lt;br/&gt;
These are well-known terms and immediately clear for everyone.&lt;/p&gt;</comment>
                            <comment id="14417281" author="struberg" created="Thu, 28 Jul 2011 18:11:04 +0000">&lt;p&gt;another good idea came up. The maven pom XSD does not prevent us from using attributes. So we could just add an 'absolute' attribute to the various url tags. E.g.:&lt;/p&gt;

&lt;p&gt;&amp;lt;scm&amp;gt;&amp;lt;developerConnection absolute="true"&amp;gt;scm:git:&lt;a href="https://" class="external-link" target="_blank" rel="nofollow noopener"&gt;https://&lt;/a&gt;...&lt;/p&gt;</comment>
                            <comment id="14417370" author="rfscholte" created="Fri, 29 Jul 2011 12:16:04 +0000">&lt;p&gt;The &lt;tt&gt;absolute="true"&lt;/tt&gt; assumes there are only two options: &lt;tt&gt;absolute&lt;/tt&gt; and &lt;tt&gt;not absolute&lt;/tt&gt;, which could be &lt;tt&gt;relative&lt;/tt&gt;. There might be more complex transitions possible, like relative to the parents parent, although this will be a rare case.&lt;br/&gt;
Binding it to two states could bring us into trouble in the future.&lt;br/&gt;
I'd suggest to use an attribute like &lt;tt&gt;transition&lt;/tt&gt; or &lt;tt&gt;location&lt;/tt&gt; with at least support for &lt;tt&gt;relative&lt;/tt&gt; and &lt;tt&gt;absolute&lt;/tt&gt;.&lt;/p&gt;</comment>
                            <comment id="14418646" author="jvanzyl" created="Wed, 22 Jan 2014 20:22:59 +0000">&lt;p&gt;Please refer to &lt;a href="https://cwiki.apache.org/confluence/display/MAVEN/The+Great+JIRA+Cleanup+of+2014" class="external-link" target="_blank" rel="nofollow noopener"&gt;https://cwiki.apache.org/confluence/display/MAVEN/The+Great+JIRA+Cleanup+of+2014&lt;/a&gt;&lt;/p&gt;</comment>
                            <comment id="14419165" author="jvanzyl" created="Wed, 22 Jan 2014 20:32:09 +0000">&lt;p&gt;Please refer to &lt;a href="https://cwiki.apache.org/confluence/display/MAVEN/The+Great+JIRA+Cleanup+of+2014" class="external-link" target="_blank" rel="nofollow noopener"&gt;https://cwiki.apache.org/confluence/display/MAVEN/The+Great+JIRA+Cleanup+of+2014&lt;/a&gt; if you're wondering why this issue was closed out.&lt;/p&gt;</comment>
                    </comments>
                    <attachments>
                    </attachments>
                <subtasks>
                    </subtasks>
                <customfields>
                                                                                                                                                                                                                                                                                                                                                                                                                                                                                                                                                                                                                                                                                                                    <customfield id="customfield_12314020" key="com.atlassian.jira.plugins.jira-development-integration-plugin:devsummary">
                        <customfieldname>Development</customfieldname>
                        <customfieldvalues>
                            
                        </customfieldvalues>
                    </customfield>
                                                                                                                        <customfield id="customfield_12313422" key="com.atlassian.jirafisheyeplugin:jobcheckbox">
                        <customfieldname>Enable Automatic Patch Review</customfieldname>
                        <customfieldvalues>
                            <customfieldvalue>false</customfieldvalue>

                        </customfieldvalues>
                    </customfield>
                                                                                                                                                                                                                                                                                                                                                                                                                                                                                                                                                                                                                    <customfield id="customfield_12310420" key="com.pyxis.greenhopper.jira:gh-global-rank">
                        <customfieldname>Global Rank</customfieldname>
                        <customfieldvalues>
                            <customfieldvalue>9223372036854775807</customfieldvalue>
                        </customfieldvalues>
                    </customfield>
                                                                                                                                                                                                                                                                                                                                                                                                                                                                        <customfield id="customfield_12311820" key="com.pyxis.greenhopper.jira:gh-lexo-rank">
                        <customfieldname>Rank</customfieldname>
                        <customfieldvalues>
                            <customfieldvalue>0|i28t5b:</customfieldvalue>

                        </customfieldvalues>
                    </customfield>
                                                                <customfield id="customfield_12310920" key="com.pyxis.greenhopper.jira:gh-global-rank">
                        <customfieldname>Rank (Obsolete)</customfieldname>
                        <customfieldvalues>
                            <customfieldvalue>9223372036854775807</customfieldvalue>
                        </customfieldvalues>
                    </customfield>
                                                                                                                                                                                                                                                                                                                                                                                                                                                                                                                                                                                                                                                                                                                                                                                            </customfields>
    </item>


</channel>
</rss>