<rss version="0.92">
    <channel>
        <title>ASF JIRA</title>
        <link>https://issues.apache.org/jira/issues/?jql=project+%3D+MNG+and+type+%3D+bug+and+%28status+%3D+RESOLVED+or+status+%3D+closed%29</link>
        <description>An XML representation of a search request</description>
                <language>en-uk</language>
                        <issue start="0" end="1000" total="3303" />
                <build-info>
            <version>8.20.7</version>
            <build-number>820007</build-number>
            <build-date>16-03-2022</build-date>
        </build-info>

<item>
            <title>[MNG-5472] M3 also-make-dependents completely broken</title>
                <link>https://issues.apache.org/jira/browse/MNG-5472</link>
                <project id="12316922" key="MNG">Maven</project>
                    <description>&lt;p&gt;Command-line option &lt;del&gt;amd (&lt;/del&gt;-also-make-dependents) is completely broken in M3. Here a list of processed projects with M3:&lt;/p&gt;

&lt;div class="preformatted panel" style="border-width: 1px;"&gt;&lt;div class="preformattedContent panelContent"&gt;
&lt;pre&gt;$ mvn-3.0.5 -amd -pl internal/commons/ldap validate
[INFO] Scanning for projects...
[INFO] ------------------------------------------------------------------------
[INFO] Reactor Build Order:
[INFO] 
[INFO] Scalaris Commons LDAP Project
[INFO] eIP UsersMgmt Provider LDAP
[INFO]                                                                         
[INFO] ------------------------------------------------------------------------
&amp;lt;snip&amp;gt;
[INFO] ------------------------------------------------------------------------
[INFO] Reactor Summary:
[INFO] 
[INFO] Scalaris Commons LDAP Project ..................... SUCCESS [0.152s]
[INFO] eIP UsersMgmt Provider LDAP ....................... SUCCESS [0.014s]
[INFO] ------------------------------------------------------------------------
[INFO] BUILD SUCCESS
[INFO] ------------------------------------------------------------------------
[INFO] Total time: 13.505s
[INFO] Finished at: Tue Apr 30 09:03:02 CEST 2013
[INFO] Final Memory: 223M/638M
[INFO] ------------------------------------------------------------------------
&lt;/pre&gt;
&lt;/div&gt;&lt;/div&gt;

&lt;p&gt;The same with M221:&lt;/p&gt;

&lt;div class="preformatted panel" style="border-width: 1px;"&gt;&lt;div class="preformattedContent panelContent"&gt;
&lt;pre&gt;$ mvn-2.2.1 -amd -pl internal/commons/ldap validate
[INFO] Scanning for projects...
[INFO] Reactor build order: 
[INFO]   Scalaris Commons LDAP Project
[INFO]   eIP UsersMgmt Provider LDAP
[INFO]   eIP SecService EJB
[INFO]   eIP SecService Client Commons
[INFO]   eIP Datastore Connector for Scalaris DMS
[INFO]   eIP Datastore Connector integration tests
[INFO]   eIP EventMonitor OraDMS Provider
[INFO]   eIP OracleText PreIdx Commons
[INFO]   eIP OracleText PreIdx EJB
[INFO]   eIP OracleText PreIdx Client Commons
[INFO]   eIP OracleText PreIdx WebClient
[INFO]   eIP OracleText PreIdx EAR
[INFO]   eIP SecService WebClient
[INFO]   eIP SecService WebService
[INFO]   eIP SecService WebServiceX
[INFO]   eIP SecService EAR
[INFO]   eIP SecService WebService Client
[INFO]   eIP SecService WebServiceX Client
[INFO]   eIP UsersMgmt EAR
[INFO]   essencio Exporter Job Processor Service EJB
[INFO]   essencio Exporter Client Commons
[INFO]   essencio Exporter Server
[INFO]   essencio Exporter OraDMS Provider
[INFO]   essencio File Upload WebService
[INFO]   essencio File Upload WebService Client Application
[INFO]   inCursa WebWorkplace
[INFO]   inCursa Base FileUpload Client Configuration
[INFO]   inCursa Base FileUpload WebService
[INFO]   inCursa Base eIP EventMonitor EAR
[INFO]   inCursa Base eIP Server
[INFO]   inCursa Base Workplace
[INFO]   inCursa Base Application Server Configuration
[INFO]   inCursa Solutions Base Distribution
[INFO]   inCursa Base Project Definition
[INFO]   inCursa Base Exporter Server Application Configuration
[INFO]   inCursa Base Exporter EAR
[INFO]   inCursa Base Project
[INFO]   Document Future doculife inCursa Workplace Client
[INFO]   Document Future doculife inCursa Workplace
[INFO]   Document Future doculife Project Distribution
[INFO] ------------------------------------------------------------------------
&amp;lt;snip&amp;gt;
[INFO] ------------------------------------------------------------------------
[INFO] Reactor Summary:
[INFO] ------------------------------------------------------------------------
[INFO] Scalaris Commons LDAP Project ......................... SUCCESS [0.048s]
[INFO] eIP UsersMgmt Provider LDAP ........................... SUCCESS [0.000s]
[INFO] eIP SecService EJB .................................... SUCCESS [0.001s]
[INFO] eIP SecService Client Commons ......................... SUCCESS [0.000s]
[INFO] eIP Datastore Connector for Scalaris DMS .............. SUCCESS [0.001s]
[INFO] eIP Datastore Connector integration tests ............. SUCCESS [0.000s]
[INFO] eIP EventMonitor OraDMS Provider ...................... SUCCESS [0.001s]
[INFO] eIP OracleText PreIdx Commons ......................... SUCCESS [0.000s]
[INFO] eIP OracleText PreIdx EJB ............................. SUCCESS [0.001s]
[INFO] eIP OracleText PreIdx Client Commons .................. SUCCESS [0.000s]
[INFO] eIP OracleText PreIdx WebClient ....................... SUCCESS [0.039s]
[INFO] eIP OracleText PreIdx EAR ............................. SUCCESS [0.001s]
[INFO] eIP SecService WebClient .............................. SUCCESS [0.001s]
[INFO] eIP SecService WebService ............................. SUCCESS [0.000s]
[INFO] eIP SecService WebServiceX ............................ SUCCESS [0.001s]
[INFO] eIP SecService EAR .................................... SUCCESS [0.000s]
[INFO] eIP SecService WebService Client ...................... SUCCESS [0.001s]
[INFO] eIP SecService WebServiceX Client ..................... SUCCESS [0.000s]
[INFO] eIP UsersMgmt EAR ..................................... SUCCESS [0.001s]
[INFO] essencio Exporter Job Processor Service EJB ........... SUCCESS [0.000s]
[INFO] essencio Exporter Client Commons ...................... SUCCESS [0.000s]
[INFO] essencio Exporter Server .............................. SUCCESS [0.022s]
[INFO] essencio Exporter OraDMS Provider ..................... SUCCESS [0.000s]
[INFO] essencio File Upload WebService ....................... SUCCESS [0.000s]
[INFO] essencio File Upload WebService Client Application .... SUCCESS [0.000s]
[INFO] inCursa WebWorkplace .................................. SUCCESS [0.020s]
[INFO] inCursa Base FileUpload Client Configuration .......... SUCCESS [0.001s]
[INFO] inCursa Base FileUpload WebService .................... SUCCESS [0.000s]
[INFO] inCursa Base eIP EventMonitor EAR ..................... SUCCESS [0.001s]
[INFO] inCursa Base eIP Server ............................... SUCCESS [0.000s]
[INFO] inCursa Base Workplace ................................ SUCCESS [0.000s]
[INFO] inCursa Base Application Server Configuration ......... SUCCESS [0.000s]
[INFO] inCursa Solutions Base Distribution ................... SUCCESS [0.000s]
[INFO] inCursa Base Project Definition ....................... SUCCESS [0.000s]
[INFO] inCursa Base Exporter Server Application Configuration  SUCCESS [0.000s]
[INFO] inCursa Base Exporter EAR ............................. SUCCESS [0.000s]
[INFO] inCursa Base Project .................................. SUCCESS [0.000s]
[INFO] Document Future doculife inCursa Workplace Client ..... SUCCESS [0.001s]
[INFO] Document Future doculife inCursa Workplace ............ SUCCESS [0.000s]
[INFO] Document Future doculife Project Distribution ......... SUCCESS [0.000s]
[INFO] ------------------------------------------------------------------------
[INFO] ------------------------------------------------------------------------
[INFO] BUILD SUCCESSFUL
[INFO] ------------------------------------------------------------------------
[INFO] Total time: 11 seconds
[INFO] Finished at: Tue Apr 30 09:02:35 CEST 2013
[INFO] Final Memory: 291M/657M
[INFO] ------------------------------------------------------------------------
&lt;/pre&gt;
&lt;/div&gt;&lt;/div&gt;

&lt;p&gt;Actually I believe this is a result of &lt;a href="https://issues.apache.org/jira/browse/MNG-5207" title="[Regression] Maven 3 fails to calculate proper build order with dependencies with classifiers" class="issue-link" data-issue-key="MNG-5207"&gt;MNG-5207&lt;/a&gt; that demonstrates tham M3 is no longer able to calculate a proper build order at all.&lt;/p&gt;</description>
                <environment />
        <key id="12797230">MNG-5472</key>
            <summary>M3 also-make-dependents completely broken</summary>
                <type id="1" iconUrl="https://issues.apache.org/jira/secure/viewavatar?size=xsmall&amp;avatarId=21133&amp;avatarType=issuetype">Bug</type>
                                            <priority id="3" iconUrl="https://issues.apache.org/jira/images/icons/priorities/major.svg">Major</priority>
                        <status id="6" iconUrl="https://issues.apache.org/jira/images/icons/statuses/closed.png" description="The issue is considered finished, the resolution is correct. Issues which are not closed can be reopened.">Closed</status>
                    <statusCategory id="3" key="done" colorName="green" />
                                    <resolution id="3">Duplicate</resolution>
                                        <assignee username="-1">Unassigned</assignee>
                                    <reporter username="joehni">Joerg Schaible</reporter>
                        <labels>
                    </labels>
                <created>Tue, 30 Apr 2013 02:15:53 +0000</created>
                <updated>Fri, 21 Feb 2014 05:03:06 +0000</updated>
                            <resolved>Fri, 21 Feb 2014 05:03:06 +0000</resolved>
                                    <version>3.0.5</version>
                                                    <component>Command Line</component>
                    <component>Reactor and Workspace</component>
                        <due />
                            <votes>0</votes>
                                    <watches>4</watches>
                                                                <comments>
                            <comment id="14418633" author="joehni" created="Mon, 20 Jan 2014 05:23:06 +0000">&lt;p&gt;Please verify with the attached project of &lt;a href="https://issues.apache.org/jira/browse/MNG-5207" title="[Regression] Maven 3 fails to calculate proper build order with dependencies with classifiers" class="issue-link" data-issue-key="MNG-5207"&gt;MNG-5207&lt;/a&gt; (after running the preparation as explained there in the comments). M3 does not build the "application":&lt;/p&gt;

&lt;div class="preformatted panel" style="border-width: 1px;"&gt;&lt;div class="preformattedContent panelContent"&gt;
&lt;pre&gt;$ mvn-3.1 -amd -pl ejb validate
[INFO] Scanning for projects...
Downloading: http://es3.elsag.de/~maven/repo-m2-snapshot/bugs/maven/issue/master/x-SNAPSHOT/maven-metadata.xml
[INFO] ------------------------------------------------------------------------
[INFO] Reactor Build Order:
[INFO] 
[INFO] Issue EJB
[INFO] Issue EJB Delegate
[INFO]                                                                         
[INFO] ------------------------------------------------------------------------
[INFO] Building Issue EJB 2-SNAPSHOT
[INFO] ------------------------------------------------------------------------
[INFO]                                                                         
[INFO] ------------------------------------------------------------------------
[INFO] Building Issue EJB Delegate 2-SNAPSHOT
[INFO] ------------------------------------------------------------------------
[INFO] ------------------------------------------------------------------------
[INFO] Reactor Summary:
[INFO] 
[INFO] Issue EJB ......................................... SUCCESS [0.001s]
[INFO] Issue EJB Delegate ................................ SUCCESS [0.001s]
[INFO] ------------------------------------------------------------------------
[INFO] BUILD SUCCESS
[INFO] ------------------------------------------------------------------------
[INFO] Total time: 0.339s
[INFO] Finished at: Mon Jan 20 12:17:40 CET 2014
[INFO] Final Memory: 3M/116M
[INFO] ------------------------------------------------------------------------
&lt;/pre&gt;
&lt;/div&gt;&lt;/div&gt;

&lt;p&gt;while M2 does:&lt;/p&gt;

&lt;div class="preformatted panel" style="border-width: 1px;"&gt;&lt;div class="preformattedContent panelContent"&gt;
&lt;pre&gt;$ mvn-2.2 -amd -pl ejb validate
[INFO] Scanning for projects...
[INFO] snapshot bugs.maven.issue:master:x-SNAPSHOT: checking for updates from scalaris-repo-snapshot
[INFO] Reactor build order: 
[INFO]   Issue EJB
[INFO]   Issue EJB Delegate
[INFO]   Issue Application
[INFO] ------------------------------------------------------------------------
[INFO] Building Issue EJB
[INFO]    task-segment: [validate]
[INFO] ------------------------------------------------------------------------
[INFO] No goals needed for project - skipping
[INFO] ------------------------------------------------------------------------
[INFO] Building Issue EJB Delegate
[INFO]    task-segment: [validate]
[INFO] ------------------------------------------------------------------------
[INFO] No goals needed for project - skipping
[INFO] ------------------------------------------------------------------------
[INFO] Building Issue Application
[INFO]    task-segment: [validate]
[INFO] ------------------------------------------------------------------------
[INFO] No goals needed for project - skipping
[INFO] 
[INFO] 
[INFO] ------------------------------------------------------------------------
[INFO] Reactor Summary:
[INFO] ------------------------------------------------------------------------
[INFO] Issue EJB ............................................. SUCCESS [0.001s]
[INFO] Issue EJB Delegate .................................... SUCCESS [0.000s]
[INFO] Issue Application ..................................... SUCCESS [0.000s]
[INFO] ------------------------------------------------------------------------
[INFO] ------------------------------------------------------------------------
[INFO] BUILD SUCCESSFUL
[INFO] ------------------------------------------------------------------------
[INFO] Total time: &amp;lt; 1 second
[INFO] Finished at: Mon Jan 20 12:17:21 CET 2014
[INFO] Final Memory: 2M/116M
[INFO] ------------------------------------------------------------------------
&lt;/pre&gt;
&lt;/div&gt;&lt;/div&gt;</comment>
                            <comment id="14419274" author="jvanzyl" created="Thu, 23 Jan 2014 12:13:57 +0000">&lt;p&gt;Please read &lt;a href="https://cwiki.apache.org/confluence/display/MAVEN/Submitting+Issue+for+Maven%27s+Core" class="external-link" target="_blank" rel="nofollow noopener"&gt;https://cwiki.apache.org/confluence/display/MAVEN/Submitting+Issue+for+Maven%27s+Core&lt;/a&gt;&lt;/p&gt;</comment>
                            <comment id="14419221" author="joehni" created="Thu, 23 Jan 2014 12:30:15 +0000">&lt;p&gt;&lt;a href="https://issues.apache.org/jira/browse/MNG-5207" title="[Regression] Maven 3 fails to calculate proper build order with dependencies with classifiers" class="issue-link" data-issue-key="MNG-5207"&gt;MNG-5207&lt;/a&gt; contains the project (since years) together with an IT.&lt;/p&gt;</comment>
                            <comment id="14419454" author="stephenc" created="Fri, 21 Feb 2014 05:02:55 +0000">&lt;p&gt;This is a clear duplicate of &lt;a href="https://issues.apache.org/jira/browse/MNG-5207" title="[Regression] Maven 3 fails to calculate proper build order with dependencies with classifiers" class="issue-link" data-issue-key="MNG-5207"&gt;MNG-5207&lt;/a&gt;&lt;/p&gt;</comment>
                    </comments>
                <issuelinks>
                            <issuelinktype id="12310000">
                    <name>Duplicate</name>
                                            <outwardlinks description="duplicates">
                                        <issuelink>
            <issuekey id="12796034">MNG-5207</issuekey>
        </issuelink>
                            </outwardlinks>
                                                        </issuelinktype>
                    </issuelinks>
                <attachments>
                    </attachments>
                <subtasks>
                    </subtasks>
                <customfields>
                                                                                                                                                                                                                                                                                                                                                                                                                                                                                                                                                                                                                                                                                                                    <customfield id="customfield_12314020" key="com.atlassian.jira.plugins.jira-development-integration-plugin:devsummary">
                        <customfieldname>Development</customfieldname>
                        <customfieldvalues>
                            
                        </customfieldvalues>
                    </customfield>
                                                                                                                        <customfield id="customfield_12313422" key="com.atlassian.jirafisheyeplugin:jobcheckbox">
                        <customfieldname>Enable Automatic Patch Review</customfieldname>
                        <customfieldvalues>
                            <customfieldvalue>false</customfieldvalue>

                        </customfieldvalues>
                    </customfield>
                                                                                                                                                                                                                                                                                                                                                                                                                                                                                                                                                                                                                    <customfield id="customfield_12310420" key="com.pyxis.greenhopper.jira:gh-global-rank">
                        <customfieldname>Global Rank</customfieldname>
                        <customfieldvalues>
                            <customfieldvalue>9223372036854775807</customfieldvalue>
                        </customfieldvalues>
                    </customfield>
                                                                                                                                                                                                                                                                                                                                                                                                                                                                        <customfield id="customfield_12311820" key="com.pyxis.greenhopper.jira:gh-lexo-rank">
                        <customfieldname>Rank</customfieldname>
                        <customfieldvalues>
                            <customfieldvalue>0|i28rif:</customfieldvalue>

                        </customfieldvalues>
                    </customfield>
                                                                <customfield id="customfield_12310920" key="com.pyxis.greenhopper.jira:gh-global-rank">
                        <customfieldname>Rank (Obsolete)</customfieldname>
                        <customfieldvalues>
                            <customfieldvalue>9223372036854775807</customfieldvalue>
                        </customfieldvalues>
                    </customfield>
                                                                                                                                                                                                                                                                                                                                                                                                                                                                                                                                                                                                                                                                                                                                                                                            </customfields>
    </item>


</channel>
</rss>