<rss version="0.92">
    <channel>
        <title>ASF JIRA</title>
        <link>https://issues.apache.org/jira/issues/?jql=project+%3D+MNG+and+type+%3D+bug+and+%28status+%3D+RESOLVED+or+status+%3D+closed%29</link>
        <description>An XML representation of a search request</description>
                <language>en-uk</language>
                        <issue start="0" end="1000" total="3303" />
                <build-info>
            <version>8.20.7</version>
            <build-number>820007</build-number>
            <build-date>16-03-2022</build-date>
        </build-info>

<item>
            <title>[MNG-5238] 301, ReasonPhrase:Moved Permanently</title>
                <link>https://issues.apache.org/jira/browse/MNG-5238</link>
                <project id="12316922" key="MNG">Maven</project>
                    <description>&lt;p&gt;I was in Maven 2.0.9 until two weeks ago.&lt;br/&gt;
I did integration test with maven 3.0.3 and everything was working fine.&lt;br/&gt;
When I decided to migrate my integration system this week I upgrade to 3.0.4 and then the clean deploy failed with this error:&lt;br/&gt;
Could not transfer artifact groupe:artifact:pom:0.5.0-20120203.164640-2 from/to snapshots (&lt;a href="http://archiva.company.fr/repository/snapshots/):" class="external-link" target="_blank" rel="nofollow noopener"&gt;http://archiva.company.fr/repository/snapshots/):&lt;/a&gt; Failed to transfer file: &lt;a href="http://archiva.company.fr/repository/snapshots/groupe/artifact/0.5.0-SNAPSHOT/panel-0.5.0-20120203.164640-2.pom" class="external-link" target="_blank" rel="nofollow noopener"&gt;http://archiva.company.fr/repository/snapshots/groupe/artifact/0.5.0-SNAPSHOT/panel-0.5.0-20120203.164640-2.pom&lt;/a&gt;. Return code is: 301, ReasonPhrase:Moved Permanently&lt;/p&gt;

&lt;p&gt;I don't know how to investigate the problem because it's working with 3.0.3 (Wagon enhancement ?)&lt;br/&gt;
I migrate to 3.0.3 but I think it's better to be with the last version.&lt;/p&gt;</description>
                <environment>Continuum 1.3.6, Archiva 1.1.2 </environment>
        <key id="12796860">MNG-5238</key>
            <summary>301, ReasonPhrase:Moved Permanently</summary>
                <type id="1" iconUrl="https://issues.apache.org/jira/secure/viewavatar?size=xsmall&amp;avatarId=21133&amp;avatarType=issuetype">Bug</type>
                                            <priority id="3" iconUrl="https://issues.apache.org/jira/images/icons/priorities/major.svg">Major</priority>
                        <status id="6" iconUrl="https://issues.apache.org/jira/images/icons/statuses/closed.png" description="The issue is considered finished, the resolution is correct. Issues which are not closed can be reopened.">Closed</status>
                    <statusCategory id="3" key="done" colorName="green" />
                                    <resolution id="4">Incomplete</resolution>
                                        <assignee username="-1">Unassigned</assignee>
                                    <reporter username="lionel78">Lionel Champalaune</reporter>
                        <labels>
                            <label>close-pending</label>
                    </labels>
                <created>Fri, 3 Feb 2012 11:54:12 +0000</created>
                <updated>Wed, 23 Dec 2015 00:51:24 +0000</updated>
                            <resolved>Wed, 23 Dec 2015 00:51:24 +0000</resolved>
                                    <version>3.0.4</version>
                                                    <component>Deployment</component>
                    <component>Errors</component>
                    <component>Plugins and Lifecycle</component>
                        <due />
                            <votes>1</votes>
                                    <watches>3</watches>
                                                                <comments>
                            <comment id="14417619" author="olamy" created="Sat, 4 Feb 2012 16:16:28 +0000">&lt;p&gt;Does this Moved Permanently exists ?&lt;/p&gt;</comment>
                            <comment id="14417524" author="lionel78" created="Sun, 5 Feb 2012 03:23:48 +0000">&lt;p&gt;I don t know where it comes from. Is it from archiva or deploy plugin side ?&lt;/p&gt;</comment>
                            <comment id="14417542" author="olamy" created="Fri, 17 Feb 2012 11:08:15 +0000">&lt;p&gt;me neither as I don't have access to your env &lt;img class="emoticon" src="https://issues.apache.org/jira/images/icons/emoticons/smile.png" height="16" width="16" align="absmiddle" alt="" border="0"/&gt;&lt;br/&gt;
what says : curl -I  &lt;a href="http://archiva.company.fr/repository/snapshots" class="external-link" target="_blank" rel="nofollow noopener"&gt;http://archiva.company.fr/repository/snapshots&lt;/a&gt; ?&lt;/p&gt;</comment>
                            <comment id="14417586" author="lionel78" created="Fri, 17 Feb 2012 11:17:19 +0000">&lt;p&gt;There is nothing in archiva side.&lt;br/&gt;
It's a problem in the deploy phase of maven.&lt;br/&gt;
ERROR: Error deploying artifact: Failed to transfer file ....301...&lt;br/&gt;
As I said it's working in 3.0.3 but not in 3.0.4.&lt;/p&gt;

&lt;p&gt;Sorry to not be clearer, as for me it's a regression I don't know exactly what changes between maven 3.0.3 and 3.0.4 which can cause this problem.&lt;/p&gt;</comment>
                            <comment id="14417557" author="olamy" created="Sat, 18 Feb 2012 08:55:02 +0000">&lt;p&gt;maybe but I need more informations.&lt;br/&gt;
And according to http spec: &lt;a href="http://www.w3.org/Protocols/rfc2616/rfc2616-sec10.html" class="external-link" target="_blank" rel="nofollow noopener"&gt;http://www.w3.org/Protocols/rfc2616/rfc2616-sec10.html&lt;/a&gt;.&lt;br/&gt;
Section 10.3.2 301 Moved Permanently&lt;br/&gt;
&lt;cite&gt;If the 301 status code is received in response to a request other than GET or HEAD, the user agent MUST NOT automatically redirect the request.&lt;/cite&gt;&lt;br/&gt;
So I add can some flag to say "followMoved" but I understand it doesn't work.&lt;br/&gt;
Maybe (certainly) you have a http server in the middle which do redirect permanent. (again I don't know your infra).&lt;br/&gt;
Check that if you have a directive "Redirect permanent" rather than "Redirect".&lt;/p&gt;</comment>
                            <comment id="14421306" author="sanne" created="Wed, 18 Dec 2013 16:18:11 +0000">&lt;p&gt;Hi all, I've been using &lt;/p&gt;
&lt;div class="code panel" style="border-width: 1px;"&gt;&lt;div class="codeContent panelContent"&gt;
&lt;pre class="code-java"&gt;mvn deploy&lt;/pre&gt;
&lt;/div&gt;&lt;/div&gt;
&lt;p&gt; from version 3.0.4 for many months now without any problem - running various versions of Fedora in the meantime (I upgrade to latest as soon as it gets out) and it always worked fine, but now attempting to deploy the same software from the same Maven version on an Ubuntu server, I'm getting this 301 error.&lt;br/&gt;
Any clue on why it should fail just changing operating system?&lt;/p&gt;

&lt;p&gt;It's not a server configuration problem (running Nexus) as I can double check from other systems (mainly other Fedora machines and some Macbooks running OSX) and the same deploy process works fine.&lt;/p&gt;</comment>
                            <comment id="14421302" author="sanne" created="Wed, 18 Dec 2013 16:21:05 +0000">&lt;p&gt;Forgot to mention an important detail: from the same Ubuntu server, running the deploy command from Maven 3.0.3 works fine. Sadly we can't roll the version back because of other issues.&lt;/p&gt;</comment>
                            <comment id="14421301" author="sanne" created="Wed, 18 Dec 2013 16:59:58 +0000">&lt;p&gt;Additional info: I've made sure all plugin versions are defined in the parent pom (using the versions plugin), and so all these machines are running with the same versions now; The currently used deploy plugin is 2.8.1.&lt;/p&gt;</comment>
                            <comment id="14421295" author="sanne" created="Wed, 18 Dec 2013 17:03:51 +0000">&lt;p&gt;Sample log can be seen here:&lt;br/&gt;
&lt;a href="http://ci.hibernate.org/view/Search/job/hibernate-search-4.4-nightly-release/5/console" class="external-link" target="_blank" rel="nofollow noopener"&gt;http://ci.hibernate.org/view/Search/job/hibernate-search-4.4-nightly-release/5/console&lt;/a&gt;&lt;/p&gt;

&lt;p&gt;It was run with &lt;blockquote&gt;&lt;p&gt;-X&lt;/p&gt;&lt;/blockquote&gt; so I hope it's helpful.&lt;/p&gt;</comment>
                            <comment id="14952018" author="michael-o" created="Sat, 10 Oct 2015 19:48:03 +0000">&lt;p&gt;Is this one still valid?&lt;/p&gt;</comment>
                    </comments>
                    <attachments>
                    </attachments>
                <subtasks>
                    </subtasks>
                <customfields>
                                                                                                                                                                                                                                                                                                                                                                                                                                                                                                                                                                                                                                                                                                                    <customfield id="customfield_12314020" key="com.atlassian.jira.plugins.jira-development-integration-plugin:devsummary">
                        <customfieldname>Development</customfieldname>
                        <customfieldvalues>
                            
                        </customfieldvalues>
                    </customfield>
                                                                                                                        <customfield id="customfield_12313422" key="com.atlassian.jirafisheyeplugin:jobcheckbox">
                        <customfieldname>Enable Automatic Patch Review</customfieldname>
                        <customfieldvalues>
                            <customfieldvalue>false</customfieldvalue>

                        </customfieldvalues>
                    </customfield>
                                                                                                                                                                                                                                                                                                                                                                                                                                                                                                                                                                                                                    <customfield id="customfield_12310420" key="com.pyxis.greenhopper.jira:gh-global-rank">
                        <customfieldname>Global Rank</customfieldname>
                        <customfieldvalues>
                            <customfieldvalue>9223372036854775807</customfieldvalue>
                        </customfieldvalues>
                    </customfield>
                                                                                                                                                                                                                                                                                                                                                                                                                                                                        <customfield id="customfield_12311820" key="com.pyxis.greenhopper.jira:gh-lexo-rank">
                        <customfieldname>Rank</customfieldname>
                        <customfieldvalues>
                            <customfieldvalue>0|i28v27:</customfieldvalue>

                        </customfieldvalues>
                    </customfield>
                                                                <customfield id="customfield_12310920" key="com.pyxis.greenhopper.jira:gh-global-rank">
                        <customfieldname>Rank (Obsolete)</customfieldname>
                        <customfieldvalues>
                            <customfieldvalue>9223372036854775807</customfieldvalue>
                        </customfieldvalues>
                    </customfield>
                                                                                                                                                                                                                                                                                                                                                                                                                                                                                                                                                                                                                                                                                                                                                                                            </customfields>
    </item>


</channel>
</rss>