<rss version="0.92">
    <channel>
        <title>ASF JIRA</title>
        <link>https://issues.apache.org/jira/issues/?jql=project+%3D+MNG+and+type+%3D+bug+and+%28status+%3D+RESOLVED+or+status+%3D+closed%29</link>
        <description>An XML representation of a search request</description>
                <language>en-uk</language>
                        <issue start="0" end="1000" total="3303" />
                <build-info>
            <version>8.20.7</version>
            <build-number>820007</build-number>
            <build-date>16-03-2022</build-date>
        </build-info>

<item>
            <title>[MNG-5318] mvn.bat fail on TTC/LE when -Dkey=value parameters are not quoted</title>
                <link>https://issues.apache.org/jira/browse/MNG-5318</link>
                <project id="12316922" key="MNG">Maven</project>
                    <description>&lt;p&gt;When the mvn command contains an unquoted -Dkey=value parameter then mvn fail with a:&lt;br/&gt;
&lt;span class="error"&gt;&amp;#91;ERROR&amp;#93;&lt;/span&gt; Unknown lifecycle phase "&amp;lt;value&amp;gt;". You must specify a valid lifecycle phase or a goal in the format &amp;lt;plugin-prefix&amp;gt;:&amp;lt;goal&amp;gt; or...&lt;/p&gt;

&lt;p&gt;The problem is that the bat file execute:&lt;br/&gt;
    set MAVEN_CMD_LINE_ARGS=%$     (on line 129)&lt;br/&gt;
instead of &lt;br/&gt;
    set MAVEN_CMD_LINE_ARGS=%*     (on line 124)&lt;br/&gt;
when it detect TCC/LE              (on line 121)&lt;/p&gt;

&lt;p&gt;from &lt;a href="http://www.robvanderwoude.com/parameters.php" class="external-link" target="_blank" rel="nofollow noopener"&gt;http://www.robvanderwoude.com/parameters.php&lt;/a&gt;&lt;br/&gt;
%$ replace '=' by space unless they are part of a string in doublequotes.&lt;br/&gt;
%* will leave all delimiters intact&lt;/p&gt;

&lt;p&gt;A possible fix is to use %* in both case.&lt;br/&gt;
Another possible fix is to remove (or comment out) the TCC/LE detection on line 121 and let the script fall-through to the "Regular WinNT" case.&lt;/p&gt;</description>
                <environment>windows-7, tccle.ex</environment>
        <key id="12797572">MNG-5318</key>
            <summary>mvn.bat fail on TTC/LE when -Dkey=value parameters are not quoted</summary>
                <type id="1" iconUrl="https://issues.apache.org/jira/secure/viewavatar?size=xsmall&amp;avatarId=21133&amp;avatarType=issuetype">Bug</type>
                                            <priority id="3" iconUrl="https://issues.apache.org/jira/images/icons/priorities/major.svg">Major</priority>
                        <status id="6" iconUrl="https://issues.apache.org/jira/images/icons/statuses/closed.png" description="The issue is considered finished, the resolution is correct. Issues which are not closed can be reopened.">Closed</status>
                    <statusCategory id="3" key="done" colorName="green" />
                                    <resolution id="8">Not A Problem</resolution>
                                        <assignee username="-1">Unassigned</assignee>
                                    <reporter username="zartc@wanadoo.fr">zart colwing</reporter>
                        <labels>
                    </labels>
                <created>Sat, 21 Jul 2012 06:27:09 +0000</created>
                <updated>Sat, 15 Oct 2016 23:41:26 +0000</updated>
                            <resolved>Sat, 15 Oct 2016 23:41:26 +0000</resolved>
                                    <version>3.0.4</version>
                                                    <component>Command Line</component>
                        <due />
                            <votes>0</votes>
                                    <watches>4</watches>
                                                                <comments>
                            <comment id="14421222" author="zartc@wanadoo.fr" created="Sat, 28 Jul 2012 09:42:02 +0000">&lt;p&gt;The previously attached patch file was wrong (it performed the reverse of the intended modification)&lt;/p&gt;</comment>
                            <comment id="14418146" author="zartc@wanadoo.fr" created="Fri, 12 Jul 2013 06:41:17 +0000">&lt;p&gt;These two problems are caused by the same bug in the mavn.bat file&lt;/p&gt;</comment>
                            <comment id="15578942" author="michael-o" created="Sat, 15 Oct 2016 23:41:26 +0000">&lt;p&gt;The startup scripts have been completely rewritten. You patch/usecase does not apply anymore. If this issue still persists, provide a usecase for 3.3.9.&lt;/p&gt;</comment>
                    </comments>
                <issuelinks>
                            <issuelinktype id="12310260">
                    <name>Related</name>
                                            <outwardlinks description="relates to">
                                        <issuelink>
            <issuekey id="12796805">MNG-4521</issuekey>
        </issuelink>
                            </outwardlinks>
                                                        </issuelinktype>
                    </issuelinks>
                <attachments>
                            <attachment id="12713173" name="mvn_bat.patch" size="514" author="zartc" created="Sat, 28 Jul 2012 09:42:02 +0000" />
                            <attachment id="12713354" name="mvn_bat.patch" size="339" author="zartc" created="Sat, 21 Jul 2012 06:27:09 +0000" />
                    </attachments>
                <subtasks>
                    </subtasks>
                <customfields>
                                                                                                                                                                                                                                                                                                                                                                                                                                                                                                                                                                                                                                                                                                                    <customfield id="customfield_12314020" key="com.atlassian.jira.plugins.jira-development-integration-plugin:devsummary">
                        <customfieldname>Development</customfieldname>
                        <customfieldvalues>
                            
                        </customfieldvalues>
                    </customfield>
                                                                                                                        <customfield id="customfield_12313422" key="com.atlassian.jirafisheyeplugin:jobcheckbox">
                        <customfieldname>Enable Automatic Patch Review</customfieldname>
                        <customfieldvalues>
                            <customfieldvalue>false</customfieldvalue>

                        </customfieldvalues>
                    </customfield>
                                                                                                                                                                                                                                                                                                                                                        <customfield id="customfield_12310250" key="com.atlassian.jira.plugin.system.customfieldtypes:multicheckboxes">
                        <customfieldname>Flags</customfieldname>
                        <customfieldvalues>
                                <customfieldvalue key="10430">Patch</customfieldvalue>
    
                        </customfieldvalues>
                    </customfield>
                                                                                                                                                                                                                                                                                                <customfield id="customfield_12310420" key="com.pyxis.greenhopper.jira:gh-global-rank">
                        <customfieldname>Global Rank</customfieldname>
                        <customfieldvalues>
                            <customfieldvalue>9223372036854775807</customfieldvalue>
                        </customfieldvalues>
                    </customfield>
                                                                                                                                                                                                                                                                                                                                                                                                                                                                        <customfield id="customfield_12311820" key="com.pyxis.greenhopper.jira:gh-lexo-rank">
                        <customfieldname>Rank</customfieldname>
                        <customfieldvalues>
                            <customfieldvalue>0|i28ld3:</customfieldvalue>

                        </customfieldvalues>
                    </customfield>
                                                                <customfield id="customfield_12310920" key="com.pyxis.greenhopper.jira:gh-global-rank">
                        <customfieldname>Rank (Obsolete)</customfieldname>
                        <customfieldvalues>
                            <customfieldvalue>9223372036854775807</customfieldvalue>
                        </customfieldvalues>
                    </customfield>
                                                                                                                                                                                                                                                                                                                                                                                                                                                                                                                                                                                                                                                                                                                                                                                            </customfields>
    </item>


</channel>
</rss>