<rss version="0.92">
    <channel>
        <title>ASF JIRA</title>
        <link>https://issues.apache.org/jira/issues/?jql=project+%3D+MNG+and+type+%3D+bug+and+%28status+%3D+RESOLVED+or+status+%3D+closed%29</link>
        <description>An XML representation of a search request</description>
                <language>en-uk</language>
                        <issue start="0" end="1000" total="3303" />
                <build-info>
            <version>8.20.7</version>
            <build-number>820007</build-number>
            <build-date>16-03-2022</build-date>
        </build-info>

<item>
            <title>[MNG-5580] mvn 3.x - unable to resolve snapshot artifact via ArtifactResolver using override local repository</title>
                <link>https://issues.apache.org/jira/browse/MNG-5580</link>
                <project id="12316922" key="MNG">Maven</project>
                    <description>&lt;p&gt;I can use ArtifactResolver to download a given snapshot maven coordinate. This works with private local repository ( ie I dont want to use the default one) using mvn2 but fails with mvn3.x&lt;/p&gt;

&lt;p&gt;This type of invocation also under maven-dependency-plugin&lt;/p&gt;

&lt;p&gt;Similar invocation using technique at &lt;a href="https://github.com/ljnelson/maven-artifacts/blob/master/src/main/java/com/edugility/maven/Artifacts.java" class="external-link" target="_blank" rel="nofollow noopener"&gt;https://github.com/ljnelson/maven-artifacts/blob/master/src/main/java/com/edugility/maven/Artifacts.java&lt;/a&gt; also see the same result&lt;/p&gt;

&lt;p&gt;The main motivation is for my plugin to download a huge artifact using a given artifact under 'target' directory using maven 2/3.x without using aether&lt;/p&gt;

&lt;p&gt;a demo is also at  &lt;a href="https://svn.codehaus.org/mojo/trunk/sandbox/download-maven-plugin" class="external-link" target="_blank" rel="nofollow noopener"&gt;https://svn.codehaus.org/mojo/trunk/sandbox/download-maven-plugin&lt;/a&gt;&lt;/p&gt;
</description>
                <environment />
        <key id="12797615">MNG-5580</key>
            <summary>mvn 3.x - unable to resolve snapshot artifact via ArtifactResolver using override local repository</summary>
                <type id="1" iconUrl="https://issues.apache.org/jira/secure/viewavatar?size=xsmall&amp;avatarId=21133&amp;avatarType=issuetype">Bug</type>
                                            <priority id="3" iconUrl="https://issues.apache.org/jira/images/icons/priorities/major.svg">Major</priority>
                        <status id="6" iconUrl="https://issues.apache.org/jira/images/icons/statuses/closed.png" description="The issue is considered finished, the resolution is correct. Issues which are not closed can be reopened.">Closed</status>
                    <statusCategory id="3" key="done" colorName="green" />
                                    <resolution id="5">Cannot Reproduce</resolution>
                                        <assignee username="-1">Unassigned</assignee>
                                    <reporter username="danttran">Dan Tran</reporter>
                        <labels>
                    </labels>
                <created>Sat, 8 Feb 2014 23:50:26 +0000</created>
                <updated>Sun, 5 Apr 2015 22:54:25 +0000</updated>
                            <resolved>Mon, 7 Jul 2014 12:57:37 +0000</resolved>
                                    <version>3.0.5</version>
                    <version>3.1.0</version>
                    <version>3.1.1</version>
                                                    <component>Artifacts and Repositories</component>
                        <due />
                            <votes>0</votes>
                                    <watches>4</watches>
                                                                <comments>
                            <comment id="14419648" author="jvanzyl" created="Sun, 15 Jun 2014 13:49:13 +0000">&lt;p&gt;Can you please make a test or an example problem so I can reproduce the problem.&lt;/p&gt;</comment>
                            <comment id="14419668" author="danttran" created="Tue, 17 Jun 2014 19:13:49 +0000">&lt;p&gt;it is a shame that I dont have a sample for this, will cook one up. sorry about this&lt;/p&gt;</comment>
                            <comment id="14419803" author="jvanzyl" created="Mon, 7 Jul 2014 12:57:37 +0000">&lt;p&gt;You can reopen when it can be reproduced.&lt;/p&gt;</comment>
                            <comment id="14421350" author="dantran" created="Mon, 7 Jul 2014 13:37:20 +0000">&lt;p&gt;good news, this issue is not seen starting with apache-maven-3.1.0. &lt;/p&gt;</comment>
                    </comments>
                <issuelinks>
                            <issuelinktype id="12310260">
                    <name>Related</name>
                                            <outwardlinks description="relates to">
                                        <issuelink>
            <issuekey id="12801055">MDEP-313</issuekey>
        </issuelink>
                            </outwardlinks>
                                                        </issuelinktype>
                    </issuelinks>
                <attachments>
                    </attachments>
                <subtasks>
                    </subtasks>
                <customfields>
                                                                                                                                                                                                                                                                                                                                                                                                                                                                                                                                                                                                                                                                                                                    <customfield id="customfield_12314020" key="com.atlassian.jira.plugins.jira-development-integration-plugin:devsummary">
                        <customfieldname>Development</customfieldname>
                        <customfieldvalues>
                            
                        </customfieldvalues>
                    </customfield>
                                                                                                                        <customfield id="customfield_12313422" key="com.atlassian.jirafisheyeplugin:jobcheckbox">
                        <customfieldname>Enable Automatic Patch Review</customfieldname>
                        <customfieldvalues>
                            <customfieldvalue>false</customfieldvalue>

                        </customfieldvalues>
                    </customfield>
                                                                                                                                                                                                                                                                                                                                                                                                                                                                                                                                                                                                                    <customfield id="customfield_12310420" key="com.pyxis.greenhopper.jira:gh-global-rank">
                        <customfieldname>Global Rank</customfieldname>
                        <customfieldvalues>
                            <customfieldvalue>9223372036854775807</customfieldvalue>
                        </customfieldvalues>
                    </customfield>
                                                                                                                                                                                                                                                                                                                                                                                                                                                                        <customfield id="customfield_12311820" key="com.pyxis.greenhopper.jira:gh-lexo-rank">
                        <customfieldname>Rank</customfieldname>
                        <customfieldvalues>
                            <customfieldvalue>0|i28xfb:</customfieldvalue>

                        </customfieldvalues>
                    </customfield>
                                                                <customfield id="customfield_12310920" key="com.pyxis.greenhopper.jira:gh-global-rank">
                        <customfieldname>Rank (Obsolete)</customfieldname>
                        <customfieldvalues>
                            <customfieldvalue>9223372036854775807</customfieldvalue>
                        </customfieldvalues>
                    </customfield>
                                                                                                                                                                                                                                                                                                                                                                                                                                                                                                                                                                                                                                                                                                                                                                                            </customfields>
    </item>


</channel>
</rss>