<rss version="0.92">
    <channel>
        <title>ASF JIRA</title>
        <link>https://issues.apache.org/jira/issues/?jql=project+%3D+MNG+and+type+%3D+bug+and+%28status+%3D+RESOLVED+or+status+%3D+closed%29</link>
        <description>An XML representation of a search request</description>
                <language>en-uk</language>
                        <issue start="0" end="1000" total="3303" />
                <build-info>
            <version>8.20.7</version>
            <build-number>820007</build-number>
            <build-date>16-03-2022</build-date>
        </build-info>

<item>
            <title>[MNG-5898] Multi-module build with ear fails to resolve war in 3.3.3</title>
                <link>https://issues.apache.org/jira/browse/MNG-5898</link>
                <project id="12316922" key="MNG">Maven</project>
                    <description>&lt;p&gt;We have a multi-module build that is very large.  With Maven 3.0.4 we run mvn clean test to save time since packaging takes a significant amount of time.&lt;/p&gt;

&lt;p&gt;We recently tried to upgrade to Maven 3.3.3 so that we could use some newer plugins.&lt;/p&gt;

&lt;p&gt;With Maven 3.3.3, our ear module fails to resolve its war dependency.&lt;/p&gt;

&lt;p&gt;This is easily reproducible by using the j2ee archetype.&lt;/p&gt;</description>
                <environment>Windows</environment>
        <key id="12902197">MNG-5898</key>
            <summary>Multi-module build with ear fails to resolve war in 3.3.3</summary>
                <type id="1" iconUrl="https://issues.apache.org/jira/secure/viewavatar?size=xsmall&amp;avatarId=21133&amp;avatarType=issuetype">Bug</type>
                                            <priority id="3" iconUrl="https://issues.apache.org/jira/images/icons/priorities/major.svg">Major</priority>
                        <status id="6" iconUrl="https://issues.apache.org/jira/images/icons/statuses/closed.png" description="The issue is considered finished, the resolution is correct. Issues which are not closed can be reopened.">Closed</status>
                    <statusCategory id="3" key="done" colorName="green" />
                                    <resolution id="1">Fixed</resolution>
                                        <assignee username="khmarbaise">Karl Heinz Marbaise</assignee>
                                    <reporter username="JonMR">Jonathan Radon</reporter>
                        <labels>
                    </labels>
                <created>Fri, 2 Oct 2015 20:29:44 +0000</created>
                <updated>Sat, 28 Mar 2020 14:59:37 +0000</updated>
                            <resolved>Wed, 28 Oct 2015 20:06:05 +0000</resolved>
                                    <version>3.1.1</version>
                    <version>3.2.1</version>
                    <version>3.2.2</version>
                    <version>3.2.3</version>
                    <version>3.2.5</version>
                    <version>3.3.1</version>
                    <version>3.3.3</version>
                                    <fixVersion>3.2.6</fixVersion>
                    <fixVersion>3.3.9</fixVersion>
                                    <component>Bootstrap &amp;amp; Build</component>
                        <due />
                            <votes>4</votes>
                                    <watches>5</watches>
                                                                <comments>
                            <comment id="14941723" author="jonmr" created="Fri, 2 Oct 2015 20:34:35 +0000">&lt;p&gt;I'm attaching an example project generated from the j2ee archetype.&lt;/p&gt;

&lt;p&gt;Simply run mvn clean test on it to reproduce.&lt;/p&gt;

&lt;p&gt;Works on 3.0.4 and not 3.3.3.&lt;/p&gt;</comment>
                            <comment id="14942627" author="rfscholte" created="Sun, 4 Oct 2015 10:24:55 +0000">&lt;p&gt;Confirmed. Seems like version 3.1.1 introduced regression.&lt;/p&gt;</comment>
                            <comment id="14960715" author="khmarbaise" created="Fri, 16 Oct 2015 13:43:12 +0000">&lt;p&gt;So by using git bisect i could identify the culprit &lt;/p&gt;

&lt;div class="preformatted panel" style="border-width: 1px;"&gt;&lt;div class="preformattedContent panelContent"&gt;
&lt;pre&gt;52beaf62219327a8b078b198990098e89b88889a is the first bad commit
commit 52beaf62219327a8b078b198990098e89b88889a
...
    MNG-5214: Dependency resolution substitutes g:a:v:jar for j:a:v:something-else when something-else isn't in the reacto

    o When Aether asks the ReactorReader for a file for an artifact, remember to match type and classifier. And if all else
      fails, do not return target/classes if the desired artifact is not of type 'jar'. Arguably, if type or classifier
      are non-default, then we should never return those default paths at all.
    o Add 'dir' format to make it quicker to run a quick test. If everyone hates this I'll revert it.


    git-svn-id: https://svn.apache.org/repos/asf/maven/maven-3/trunk@1212564 13f79535-47bb-0310-9956-ffa450edef68

:040000 040000 47a1593aded05deb8a523f3859bc051887adc9c6 ddf8697882273e58c9ee0b4afef92455704f5246 M	apache-maven
:040000 040000 a6eca16af8d71d774c738b506f37015bdc236483 7a80d22dd2826989fa16f0fc1fdeab89e968c6cf M	maven-core
&lt;/pre&gt;
&lt;/div&gt;&lt;/div&gt;</comment>
                            <comment id="14960720" author="khmarbaise" created="Fri, 16 Oct 2015 13:45:57 +0000">&lt;p&gt;I have made fix which looks good based on my test.&lt;br/&gt;
Fixed &lt;a href="https://git-wip-us.apache.org/repos/asf?p=maven.git;a=commitdiff;h=72e2478ec589e906afa1409c192cee7e33adde96" class="external-link" target="_blank" rel="nofollow noopener"&gt;72e2478ec589e906afa1409c192cee7e33adde96&lt;/a&gt;&lt;br/&gt;
But i would appreciate any review from others dev with more knowledge of the maven core...&lt;/p&gt;</comment>
                            <comment id="14960724" author="khmarbaise" created="Fri, 16 Oct 2015 13:47:48 +0000">&lt;p&gt;Fixed on Maven 3.2.6 branch with &lt;a href="https://git-wip-us.apache.org/repos/asf?p=maven.git;a=commitdiff;h=a791318cdfeef1827992b4303d97d9b036d4355f" class="external-link" target="_blank" rel="nofollow noopener"&gt;a791318cdfeef1827992b4303d97d9b036d4355f&lt;/a&gt;.&lt;/p&gt;</comment>
                            <comment id="14960738" author="hudson" created="Fri, 16 Oct 2015 13:52:11 +0000">&lt;p&gt;SUCCESS: Integrated in maven-3.x #1139 (See &lt;a href="https://builds.apache.org/job/maven-3.x/1139/" class="external-link" target="_blank" rel="nofollow noopener"&gt;https://builds.apache.org/job/maven-3.x/1139/&lt;/a&gt;)&lt;br/&gt;
&lt;a href="https://issues.apache.org/jira/browse/MNG-5898" title="Multi-module build with ear fails to resolve war in 3.3.3" class="issue-link" data-issue-key="MNG-5898"&gt;&lt;del&gt;MNG-5898&lt;/del&gt;&lt;/a&gt; Multi-module build with ear fails to resolve war in 3.3.3 (khmarbaise: rev 72e2478ec589e906afa1409c192cee7e33adde96)&lt;/p&gt;
&lt;ul&gt;
	&lt;li&gt;maven-core/src/main/java/org/apache/maven/ReactorReader.java&lt;/li&gt;
&lt;/ul&gt;
</comment>
                            <comment id="14960889" author="hudson" created="Fri, 16 Oct 2015 15:34:15 +0000">&lt;p&gt;SUCCESS: Integrated in maven-3.x #1140 (See &lt;a href="https://builds.apache.org/job/maven-3.x/1140/" class="external-link" target="_blank" rel="nofollow noopener"&gt;https://builds.apache.org/job/maven-3.x/1140/&lt;/a&gt;)&lt;br/&gt;
&lt;a href="https://issues.apache.org/jira/browse/MNG-5898" title="Multi-module build with ear fails to resolve war in 3.3.3" class="issue-link" data-issue-key="MNG-5898"&gt;&lt;del&gt;MNG-5898&lt;/del&gt;&lt;/a&gt; Multi-module build with ear fails to resolve war in 3.3.3 (khmarbaise: rev b9cc9c3652d43f0efce36d57c0ec1de35d4e7c56)&lt;/p&gt;
&lt;ul&gt;
	&lt;li&gt;maven-core/src/main/java/org/apache/maven/ReactorReader.java&lt;/li&gt;
&lt;/ul&gt;
</comment>
                            <comment id="14961165" author="hudson" created="Fri, 16 Oct 2015 18:33:55 +0000">&lt;p&gt;SUCCESS: Integrated in maven-3.x #1142 (See &lt;a href="https://builds.apache.org/job/maven-3.x/1142/" class="external-link" target="_blank" rel="nofollow noopener"&gt;https://builds.apache.org/job/maven-3.x/1142/&lt;/a&gt;)&lt;br/&gt;
&lt;a href="https://issues.apache.org/jira/browse/MNG-5898" title="Multi-module build with ear fails to resolve war in 3.3.3" class="issue-link" data-issue-key="MNG-5898"&gt;&lt;del&gt;MNG-5898&lt;/del&gt;&lt;/a&gt; Multi-module build with ear fails to resolve war in 3.3.3 (khmarbaise: rev f3a3ef2632683dd1627ca42a4ded87337e937823)&lt;/p&gt;
&lt;ul&gt;
	&lt;li&gt;maven-core/src/main/java/org/apache/maven/ReactorReader.java&lt;/li&gt;
&lt;/ul&gt;
</comment>
                            <comment id="14962394" author="hudson" created="Sun, 18 Oct 2015 14:18:44 +0000">&lt;p&gt;SUCCESS: Integrated in maven-3.x #1143 (See &lt;a href="https://builds.apache.org/job/maven-3.x/1143/" class="external-link" target="_blank" rel="nofollow noopener"&gt;https://builds.apache.org/job/maven-3.x/1143/&lt;/a&gt;)&lt;br/&gt;
Revert "&lt;a href="https://issues.apache.org/jira/browse/MNG-5898" title="Multi-module build with ear fails to resolve war in 3.3.3" class="issue-link" data-issue-key="MNG-5898"&gt;&lt;del&gt;MNG-5898&lt;/del&gt;&lt;/a&gt; Multi-module build with ear fails to resolve war in (khmarbaise: rev 20854ce7be9837639f1e5f92f33bfb28370d1690)&lt;/p&gt;
&lt;ul&gt;
	&lt;li&gt;maven-core/src/main/java/org/apache/maven/ReactorReader.java&lt;/li&gt;
&lt;/ul&gt;
</comment>
                            <comment id="14962410" author="khmarbaise" created="Sun, 18 Oct 2015 14:35:52 +0000">&lt;p&gt;Unfortunately the IT's are not successful...&lt;/p&gt;</comment>
                            <comment id="14967888" author="hudson" created="Wed, 21 Oct 2015 20:53:55 +0000">&lt;p&gt;SUCCESS: Integrated in maven-3.x #1144 (See &lt;a href="https://builds.apache.org/job/maven-3.x/1144/" class="external-link" target="_blank" rel="nofollow noopener"&gt;https://builds.apache.org/job/maven-3.x/1144/&lt;/a&gt;)&lt;br/&gt;
&lt;a href="https://issues.apache.org/jira/browse/MNG-5898" title="Multi-module build with ear fails to resolve war in 3.3.3" class="issue-link" data-issue-key="MNG-5898"&gt;&lt;del&gt;MNG-5898&lt;/del&gt;&lt;/a&gt; Multi-module build with ear fails to resolve war in 3.3.3 (khmarbaise: rev 4497e2bb1e55052ef5b103522d71a63e60322816)&lt;/p&gt;
&lt;ul&gt;
	&lt;li&gt;maven-core/src/main/java/org/apache/maven/ReactorReader.java&lt;/li&gt;
&lt;/ul&gt;
</comment>
                            <comment id="17069625" author="hudson" created="Sat, 28 Mar 2020 14:59:37 +0000">&lt;p&gt;Build failed in Jenkins: Maven TLP &#187; maven-studies &#187; maven-metrics #4&lt;/p&gt;

&lt;p&gt;See &lt;a href="https://builds.apache.org/job/maven-box/job/maven-studies/job/maven-metrics/4/" class="external-link" target="_blank" rel="nofollow noopener"&gt;https://builds.apache.org/job/maven-box/job/maven-studies/job/maven-metrics/4/&lt;/a&gt;&lt;/p&gt;</comment>
                    </comments>
                    <attachments>
                            <attachment id="12764844" name="example.zip" size="6011" author="JonMR" created="Fri, 2 Oct 2015 20:34:35 +0000" />
                    </attachments>
                <subtasks>
                    </subtasks>
                <customfields>
                                                                                                                                                                                                                                                                                                                                                                                                                                                                                                                                                                                                                                                                                                                    <customfield id="customfield_12314020" key="com.atlassian.jira.plugins.jira-development-integration-plugin:devsummary">
                        <customfieldname>Development</customfieldname>
                        <customfieldvalues>
                            
                        </customfieldvalues>
                    </customfield>
                                                                                                                        <customfield id="customfield_12313422" key="com.atlassian.jirafisheyeplugin:jobcheckbox">
                        <customfieldname>Enable Automatic Patch Review</customfieldname>
                        <customfieldvalues>
                            <customfieldvalue>false</customfieldvalue>

                        </customfieldvalues>
                    </customfield>
                                                                                                                                                                                                                                                                                                                                                                                                                                                                                                                                                                                                                    <customfield id="customfield_12310420" key="com.pyxis.greenhopper.jira:gh-global-rank">
                        <customfieldname>Global Rank</customfieldname>
                        <customfieldvalues>
                            <customfieldvalue>9223372036854775807</customfieldvalue>
                        </customfieldvalues>
                    </customfield>
                                                                                                                                                                                                                                                                                                                                                                                                                                                                        <customfield id="customfield_12311820" key="com.pyxis.greenhopper.jira:gh-lexo-rank">
                        <customfieldname>Rank</customfieldname>
                        <customfieldvalues>
                            <customfieldvalue>0|i2mjxb:</customfieldvalue>

                        </customfieldvalues>
                    </customfield>
                                                                <customfield id="customfield_12310920" key="com.pyxis.greenhopper.jira:gh-global-rank">
                        <customfieldname>Rank (Obsolete)</customfieldname>
                        <customfieldvalues>
                            <customfieldvalue>9223372036854775807</customfieldvalue>
                        </customfieldvalues>
                    </customfield>
                                                                                                                                                                                                                                                                                                                                                                                                                                                                                                                                                                                                                                                                                                                                                                                            </customfields>
    </item>


</channel>
</rss>