<rss version="0.92">
    <channel>
        <title>ASF JIRA</title>
        <link>https://issues.apache.org/jira/issues/?jql=project+%3D+MNG+and+type+%3D+bug+and+%28status+%3D+RESOLVED+or+status+%3D+closed%29</link>
        <description>An XML representation of a search request</description>
                <language>en-uk</language>
                        <issue start="0" end="1000" total="3303" />
                <build-info>
            <version>8.20.7</version>
            <build-number>820007</build-number>
            <build-date>16-03-2022</build-date>
        </build-info>

<item>
            <title>[MNG-5297] Site should tell 'prerequisites.maven is deprecated'</title>
                <link>https://issues.apache.org/jira/browse/MNG-5297</link>
                <project id="12316922" key="MNG">Maven</project>
                    <description>&lt;p&gt;&lt;a href="https://issues.apache.org/jira/browse/MNG-4840" title="Prerequisites is not working on m3" class="issue-link" data-issue-key="MNG-4840"&gt;&lt;del&gt;MNG-4840&lt;/del&gt;&lt;/a&gt; said 'enforcement of the build environment is left to the Maven Enforcer Plugin'.&lt;br/&gt;
&lt;a href="http://jira.codehaus.org/browse/MNG-4840?focusedCommentId=253900&amp;amp;page=com.atlassian.jira.plugin.system.issuetabpanels:comment-tabpanel#comment-253900" class="external-link" target="_blank" rel="nofollow noopener"&gt;http://jira.codehaus.org/browse/MNG-4840?focusedCommentId=253900&amp;amp;page=com.atlassian.jira.plugin.system.issuetabpanels:comment-tabpanel#comment-253900&lt;/a&gt;&lt;/p&gt;

&lt;p&gt;But currently, there is no 'deprecated' mark at Maven site. &lt;br/&gt;
&lt;a href="http://maven.apache.org/ref/3.0.4/maven-model/maven.html#prerequisites" class="external-link" target="_blank" rel="nofollow noopener"&gt;http://maven.apache.org/ref/3.0.4/maven-model/maven.html#prerequisites&lt;/a&gt;&lt;/p&gt;

&lt;p&gt;I think site should has 'deprecated' mark like 'reports' element.&lt;/p&gt;</description>
                <environment />
        <key id="12796085">MNG-5297</key>
            <summary>Site should tell 'prerequisites.maven is deprecated'</summary>
                <type id="1" iconUrl="https://issues.apache.org/jira/secure/viewavatar?size=xsmall&amp;avatarId=21133&amp;avatarType=issuetype">Bug</type>
                                            <priority id="4" iconUrl="https://issues.apache.org/jira/images/icons/priorities/minor.svg">Minor</priority>
                        <status id="6" iconUrl="https://issues.apache.org/jira/images/icons/statuses/closed.png" description="The issue is considered finished, the resolution is correct. Issues which are not closed can be reopened.">Closed</status>
                    <statusCategory id="3" key="done" colorName="green" />
                                    <resolution id="1">Fixed</resolution>
                                        <assignee username="jvanzyl">Jason van Zyl</assignee>
                                    <reporter username="eller86">Kengo TODA</reporter>
                        <labels>
                    </labels>
                <created>Thu, 14 Jun 2012 17:57:50 +0000</created>
                <updated>Sat, 28 Mar 2020 14:59:15 +0000</updated>
                            <resolved>Tue, 14 Feb 2017 00:52:44 +0000</resolved>
                                    <version>3.0.4</version>
                                    <fixVersion>3.5.0-alpha-1</fixVersion>
                    <fixVersion>3.5.0</fixVersion>
                                    <component>Sites &amp;amp; Reporting</component>
                        <due />
                            <votes>3</votes>
                                    <watches>7</watches>
                                                                <comments>
                            <comment id="14582094" author="githubbot" created="Thu, 11 Jun 2015 15:34:55 +0000">&lt;p&gt;GitHub user josephw opened a pull request:&lt;/p&gt;

&lt;p&gt;    &lt;a href="https://github.com/apache/maven/pull/51" class="external-link" target="_blank" rel="nofollow noopener"&gt;https://github.com/apache/maven/pull/51&lt;/a&gt;&lt;/p&gt;

&lt;p&gt;    &lt;a href="https://issues.apache.org/jira/browse/MNG-5297" title="Site should tell &amp;#39;prerequisites.maven is deprecated&amp;#39;" class="issue-link" data-issue-key="MNG-5297"&gt;&lt;del&gt;MNG-5297&lt;/del&gt;&lt;/a&gt;: Mark &amp;lt;prerequisites&amp;gt; as deprecated.&lt;/p&gt;

&lt;p&gt;    &lt;a href="https://issues.apache.org/jira/browse/MNG-4840" title="Prerequisites is not working on m3" class="issue-link" data-issue-key="MNG-4840"&gt;&lt;del&gt;MNG-4840&lt;/del&gt;&lt;/a&gt; indicates that the Enforcer plugin should be&lt;br/&gt;
    preferred to &amp;lt;prerequisites&amp;gt;. Indicate that in the documentation.&lt;/p&gt;

&lt;p&gt;You can merge this pull request into a Git repository by running:&lt;/p&gt;

&lt;p&gt;    $ git pull &lt;a href="https://github.com/josephw/maven" class="external-link" target="_blank" rel="nofollow noopener"&gt;https://github.com/josephw/maven&lt;/a&gt; &lt;a href="https://issues.apache.org/jira/browse/MNG-5297" title="Site should tell &amp;#39;prerequisites.maven is deprecated&amp;#39;" class="issue-link" data-issue-key="MNG-5297"&gt;&lt;del&gt;MNG-5297&lt;/del&gt;&lt;/a&gt;-mark-prerequisites-maven-as-deprecated&lt;/p&gt;

&lt;p&gt;Alternatively you can review and apply these changes as the patch at:&lt;/p&gt;

&lt;p&gt;    &lt;a href="https://github.com/apache/maven/pull/51.patch" class="external-link" target="_blank" rel="nofollow noopener"&gt;https://github.com/apache/maven/pull/51.patch&lt;/a&gt;&lt;/p&gt;

&lt;p&gt;To close this pull request, make a commit to your master/trunk branch&lt;br/&gt;
with (at least) the following in the commit message:&lt;/p&gt;

&lt;p&gt;    This closes #51&lt;/p&gt;

&lt;hr /&gt;
&lt;p&gt;commit c307e4ec0cb9997b20fc4aa67eefa836986fc484&lt;br/&gt;
Author: Joseph Walton &amp;lt;joe@kafsemo.org&amp;gt;&lt;br/&gt;
Date:   2015-06-11T15:32:38Z&lt;/p&gt;

&lt;p&gt;    &lt;a href="https://issues.apache.org/jira/browse/MNG-5297" title="Site should tell &amp;#39;prerequisites.maven is deprecated&amp;#39;" class="issue-link" data-issue-key="MNG-5297"&gt;&lt;del&gt;MNG-5297&lt;/del&gt;&lt;/a&gt;: Mark &amp;lt;prerequisites&amp;gt; as deprecated.&lt;/p&gt;

&lt;p&gt;    &lt;a href="https://issues.apache.org/jira/browse/MNG-4840" title="Prerequisites is not working on m3" class="issue-link" data-issue-key="MNG-4840"&gt;&lt;del&gt;MNG-4840&lt;/del&gt;&lt;/a&gt; indicates that the Enforcer plugin should be&lt;br/&gt;
    preferred to &amp;lt;prerequisites&amp;gt;. Indicate that in the documentation.&lt;/p&gt;

&lt;hr /&gt;</comment>
                            <comment id="14586588" author="githubbot" created="Mon, 15 Jun 2015 20:08:26 +0000">&lt;p&gt;Github user kwin commented on a diff in the pull request:&lt;/p&gt;

&lt;p&gt;    &lt;a href="https://github.com/apache/maven/pull/51#discussion_r32460741" class="external-link" target="_blank" rel="nofollow noopener"&gt;https://github.com/apache/maven/pull/51#discussion_r32460741&lt;/a&gt;&lt;/p&gt;

&lt;p&gt;    &amp;#8212; Diff: maven-model/src/main/mdo/maven.mdo &amp;#8212;&lt;br/&gt;
    @@ -3459,6 +3459,7 @@&lt;br/&gt;
               &amp;lt;type&amp;gt;String&amp;lt;/type&amp;gt;&lt;br/&gt;
               &amp;lt;defaultValue&amp;gt;2.0&amp;lt;/defaultValue&amp;gt;&lt;br/&gt;
               &amp;lt;description&amp;gt;&amp;lt;![CDATA[&lt;br/&gt;
    +            &amp;lt;b&amp;gt;Deprecated&amp;lt;/b&amp;gt;. Use the Maven Enforcer Plugin's &amp;lt;a href="https://maven.apache.org/enforcer/enforcer-rules/requireMavenVersion.html"&amp;gt;&amp;lt;code&amp;gt;requireMavenVersion&amp;lt;/code&amp;gt;&amp;lt;/a&amp;gt; rule instead.&amp;lt;br&amp;gt;&lt;br/&gt;
    &amp;#8212; End diff &amp;#8211;&lt;/p&gt;

&lt;p&gt;    This &amp;lt;prerequisites&amp;gt; is still supported for Maven Plugins (&lt;a href="https://issues.apache.org/jira/browse/MNG-5501?focusedCommentId=14419813&amp;amp;page=com.atlassian.jira.plugin.system.issuetabpanels:comment-tabpanel#comment-14419813" class="external-link" rel="nofollow"&gt;https://issues.apache.org/jira/browse/MNG-5501?focusedCommentId=14419813&amp;amp;page=com.atlassian.jira.plugin.system.issuetabpanels:comment-tabpanel#comment-14419813&lt;/a&gt;), therefore rather than deprecating that I would add a hint, that this should only be used for packaging "plugin".&lt;/p&gt;</comment>
                            <comment id="14586641" author="githubbot" created="Mon, 15 Jun 2015 20:27:51 +0000">&lt;p&gt;Github user mosabua commented on the pull request:&lt;/p&gt;

&lt;p&gt;    &lt;a href="https://github.com/apache/maven/pull/51#issuecomment-112198560" class="external-link" target="_blank" rel="nofollow noopener"&gt;https://github.com/apache/maven/pull/51#issuecomment-112198560&lt;/a&gt;&lt;/p&gt;

&lt;p&gt;    Enforcer plugin is for build time enforcement. Prerequisite is build time as well as plugin runtime requirement. As such it should not be deprecated. Documentation update would however be useful.&lt;/p&gt;</comment>
                            <comment id="14589915" author="githubbot" created="Wed, 17 Jun 2015 15:22:41 +0000">&lt;p&gt;Github user josephw commented on the pull request:&lt;/p&gt;

&lt;p&gt;    &lt;a href="https://github.com/apache/maven/pull/51#issuecomment-112843851" class="external-link" target="_blank" rel="nofollow noopener"&gt;https://github.com/apache/maven/pull/51#issuecomment-112843851&lt;/a&gt;&lt;/p&gt;

&lt;p&gt;    @kwin , @mosabua: thanks. I've rewritten it to reflect that distinction, that it's only deprecated for compile-time enforcement.&lt;/p&gt;</comment>
                            <comment id="14733631" author="githubbot" created="Mon, 7 Sep 2015 12:38:31 +0000">&lt;p&gt;Github user josephw commented on the pull request:&lt;/p&gt;

&lt;p&gt;    &lt;a href="https://github.com/apache/maven/pull/51#issuecomment-138286028" class="external-link" target="_blank" rel="nofollow noopener"&gt;https://github.com/apache/maven/pull/51#issuecomment-138286028&lt;/a&gt;&lt;/p&gt;

&lt;p&gt;    @kwin, @mosabua - is this current form acceptable as a fix?&lt;/p&gt;</comment>
                            <comment id="14733689" author="githubbot" created="Mon, 7 Sep 2015 13:16:56 +0000">&lt;p&gt;Github user jvanzyl commented on the pull request:&lt;/p&gt;

&lt;p&gt;    &lt;a href="https://github.com/apache/maven/pull/51#issuecomment-138295450" class="external-link" target="_blank" rel="nofollow noopener"&gt;https://github.com/apache/maven/pull/51#issuecomment-138295450&lt;/a&gt;&lt;/p&gt;

&lt;p&gt;    No. The enforcer plugin is for build-time enforcement. The &amp;lt;prerequisite/&amp;gt; element is for runtime enforcement. We certainly don't want to have to inspect the any plugin configuration elements to help Maven know that the current environment won't run the plugin. Also, if we ever get around to having the build vs consumption POM this information would not be available at all.&lt;/p&gt;</comment>
                            <comment id="14733694" author="githubbot" created="Mon, 7 Sep 2015 13:23:26 +0000">&lt;p&gt;Github user josephw commented on the pull request:&lt;/p&gt;

&lt;p&gt;    &lt;a href="https://github.com/apache/maven/pull/51#issuecomment-138297080" class="external-link" target="_blank" rel="nofollow noopener"&gt;https://github.com/apache/maven/pull/51#issuecomment-138297080&lt;/a&gt;&lt;/p&gt;

&lt;p&gt;    @jvanzyl although the original change was unconditional deprecation, I changed it after comments so the current language in the patch is intended to reflect that distinction:&lt;/p&gt;

&lt;p&gt;    &amp;gt; For a plugin project, the minimum version of Maven required to use&lt;br/&gt;
    the resulting plugin.&lt;br/&gt;
    &amp;gt; For specifying the minimum version of Maven required to build a project, this element is &amp;lt;b&amp;gt;deprecated&amp;lt;/b&amp;gt;.&lt;/p&gt;

&lt;p&gt;    My intention here is to make clear that it's deprecated for &lt;b&gt;some&lt;/b&gt; purposes.&lt;/p&gt;</comment>
                            <comment id="14733700" author="githubbot" created="Mon, 7 Sep 2015 13:26:23 +0000">&lt;p&gt;Github user jvanzyl commented on the pull request:&lt;/p&gt;

&lt;p&gt;    &lt;a href="https://github.com/apache/maven/pull/51#issuecomment-138297887" class="external-link" target="_blank" rel="nofollow noopener"&gt;https://github.com/apache/maven/pull/51#issuecomment-138297887&lt;/a&gt;&lt;/p&gt;

&lt;p&gt;    I'm reasonably sure it's never been used for build-time enforcement. Anything to make it clear that the enforcer is for build-time and the prerequisite element is for runtime is good.&lt;/p&gt;</comment>
                            <comment id="14733718" author="githubbot" created="Mon, 7 Sep 2015 13:37:52 +0000">&lt;p&gt;Github user josephw commented on the pull request:&lt;/p&gt;

&lt;p&gt;    &lt;a href="https://github.com/apache/maven/pull/51#issuecomment-138302328" class="external-link" target="_blank" rel="nofollow noopener"&gt;https://github.com/apache/maven/pull/51#issuecomment-138302328&lt;/a&gt;&lt;/p&gt;

&lt;p&gt;    Even if it wasn't the intended use, way back in Maven 2:&lt;/p&gt;

&lt;p&gt;        &amp;lt;prerequisites&amp;gt;&lt;br/&gt;
          &amp;lt;maven&amp;gt;4&amp;lt;/maven&amp;gt;&lt;br/&gt;
        &amp;lt;/prerequisites&amp;gt;&lt;/p&gt;

&lt;p&gt;    would give:&lt;/p&gt;

&lt;p&gt;        $ mvn2 validate&lt;br/&gt;
        &lt;span class="error"&gt;&amp;#91;INFO&amp;#93;&lt;/span&gt; Scanning for projects...&lt;br/&gt;
        &lt;span class="error"&gt;&amp;#91;INFO&amp;#93;&lt;/span&gt; ------------------------------------------------------------------------&lt;br/&gt;
        &lt;span class="error"&gt;&amp;#91;ERROR&amp;#93;&lt;/span&gt; BUILD FAILURE&lt;br/&gt;
        &lt;span class="error"&gt;&amp;#91;INFO&amp;#93;&lt;/span&gt; ------------------------------------------------------------------------&lt;br/&gt;
        &lt;span class="error"&gt;&amp;#91;INFO&amp;#93;&lt;/span&gt; Unable to build project '/tmp/pom.xml; it requires Maven version 4&lt;/p&gt;

&lt;p&gt;    The current language in the documentation is still:&lt;/p&gt;

&lt;p&gt;        The minimum version of Maven required to build the project.&lt;/p&gt;

&lt;p&gt;    so I think this PR clarifies the current intent.&lt;/p&gt;</comment>
                            <comment id="14733755" author="githubbot" created="Mon, 7 Sep 2015 14:10:33 +0000">&lt;p&gt;Github user jvanzyl commented on the pull request:&lt;/p&gt;

&lt;p&gt;    &lt;a href="https://github.com/apache/maven/pull/51#issuecomment-138307685" class="external-link" target="_blank" rel="nofollow noopener"&gt;https://github.com/apache/maven/pull/51#issuecomment-138307685&lt;/a&gt;&lt;/p&gt;

&lt;p&gt;    Fair enough, I cannot remember that far back &lt;img class="emoticon" src="https://issues.apache.org/jira/images/icons/emoticons/smile.png" height="16" width="16" align="absmiddle" alt="" border="0"/&gt;&lt;/p&gt;</comment>
                            <comment id="14741681" author="githubbot" created="Fri, 11 Sep 2015 22:59:47 +0000">&lt;p&gt;Github user asfgit closed the pull request at:&lt;/p&gt;

&lt;p&gt;    &lt;a href="https://github.com/apache/maven/pull/51" class="external-link" target="_blank" rel="nofollow noopener"&gt;https://github.com/apache/maven/pull/51&lt;/a&gt;&lt;/p&gt;</comment>
                            <comment id="14741812" author="hudson" created="Sat, 12 Sep 2015 01:01:39 +0000">&lt;p&gt;ABORTED: Integrated in maven-3.x #1113 (See &lt;a href="https://builds.apache.org/job/maven-3.x/1113/" class="external-link" target="_blank" rel="nofollow noopener"&gt;https://builds.apache.org/job/maven-3.x/1113/&lt;/a&gt;)&lt;br/&gt;
&lt;a href="https://issues.apache.org/jira/browse/MNG-5297" title="Site should tell &amp;#39;prerequisites.maven is deprecated&amp;#39;" class="issue-link" data-issue-key="MNG-5297"&gt;&lt;del&gt;MNG-5297&lt;/del&gt;&lt;/a&gt;: Mark &amp;lt;prerequisites&amp;gt; as deprecated for compile-time enforcement. (jason: rev a839e55e7e5e057be2dafbd9eb1ebfb82d7598ed)&lt;/p&gt;
&lt;ul&gt;
	&lt;li&gt;pom.xml&lt;/li&gt;
	&lt;li&gt;maven-model/src/main/mdo/maven.mdo&lt;/li&gt;
&lt;/ul&gt;
</comment>
                            <comment id="14744284" author="hboutemy" created="Mon, 14 Sep 2015 21:18:28 +0000">&lt;p&gt;fixed model comment in &lt;a href="http://git-wip-us.apache.org/repos/asf/maven/commit/37c3f57f" class="external-link" target="_blank" rel="nofollow noopener"&gt;37c3f57f&lt;/a&gt; which caused site generation failure&lt;/p&gt;</comment>
                            <comment id="14983982" author="khmarbaise" created="Sat, 31 Oct 2015 13:00:07 +0000">&lt;p&gt;Fixed in &lt;a href="https://git-wip-us.apache.org/repos/asf?p=maven.git;a=commitdiff;h=a839e55e7e5e057be2dafbd9eb1ebfb82d7598ed" class="external-link" target="_blank" rel="nofollow noopener"&gt;a839e55e7e5e057be2dafbd9eb1ebfb82d7598ed&lt;/a&gt;&lt;/p&gt;</comment>
                            <comment id="15501723" author="hudson" created="Sun, 18 Sep 2016 22:06:32 +0000">&lt;p&gt;SUCCESS: Integrated in Jenkins build maven-3.x #1374 (See &lt;a href="https://builds.apache.org/job/maven-3.x/1374/" class="external-link" target="_blank" rel="nofollow noopener"&gt;https://builds.apache.org/job/maven-3.x/1374/&lt;/a&gt;)&lt;br/&gt;
&lt;a href="https://issues.apache.org/jira/browse/MNG-5297" title="Site should tell &amp;#39;prerequisites.maven is deprecated&amp;#39;" class="issue-link" data-issue-key="MNG-5297"&gt;&lt;del&gt;MNG-5297&lt;/del&gt;&lt;/a&gt; improved explanations on prerequisites.maven in Maven 3 (hboutemy: rev 950a90ececca385f60c336814fb8a48c3b42bb54)&lt;/p&gt;
&lt;ul&gt;
	&lt;li&gt;(edit) maven-model/src/main/mdo/maven.mdo&lt;/li&gt;
&lt;/ul&gt;
</comment>
                            <comment id="15833670" author="michael-o" created="Sun, 22 Jan 2017 20:11:29 +0000">&lt;p&gt;&lt;tt&gt;950a90ececca385f60c336814fb8a48c3b42bb54&lt;/tt&gt; is missing on &lt;tt&gt;post-reset-master&lt;/tt&gt;.&lt;/p&gt;</comment>
                            <comment id="15864763" author="hudson" created="Tue, 14 Feb 2017 00:42:11 +0000">&lt;p&gt;FAILURE: Integrated in Jenkins build maven-3.x #1545 (See &lt;a href="https://builds.apache.org/job/maven-3.x/1545/" class="external-link" target="_blank" rel="nofollow noopener"&gt;https://builds.apache.org/job/maven-3.x/1545/&lt;/a&gt;)&lt;br/&gt;
&lt;a href="https://issues.apache.org/jira/browse/MNG-5297" title="Site should tell &amp;#39;prerequisites.maven is deprecated&amp;#39;" class="issue-link" data-issue-key="MNG-5297"&gt;&lt;del&gt;MNG-5297&lt;/del&gt;&lt;/a&gt; improved explanations on prerequisites.maven in Maven 3 (hboutemy: &lt;a href="http://git-wip-us.apache.org/repos/asf/?p=maven.git&amp;amp;a=commit&amp;amp;h=19d5b9dfa108a94c0825215a013ac21253cb0a17" class="external-link" target="_blank" rel="nofollow noopener"&gt;http://git-wip-us.apache.org/repos/asf/?p=maven.git&amp;amp;a=commit&amp;amp;h=19d5b9dfa108a94c0825215a013ac21253cb0a17&lt;/a&gt;)&lt;/p&gt;
&lt;ul&gt;
	&lt;li&gt;(edit) maven-model/src/main/mdo/maven.mdo&lt;/li&gt;
&lt;/ul&gt;
</comment>
                            <comment id="17069605" author="hudson" created="Sat, 28 Mar 2020 14:59:15 +0000">&lt;p&gt;Build failed in Jenkins: Maven TLP &#187; maven-studies &#187; maven-metrics #4&lt;/p&gt;

&lt;p&gt;See &lt;a href="https://builds.apache.org/job/maven-box/job/maven-studies/job/maven-metrics/4/" class="external-link" target="_blank" rel="nofollow noopener"&gt;https://builds.apache.org/job/maven-box/job/maven-studies/job/maven-metrics/4/&lt;/a&gt;&lt;/p&gt;</comment>
                    </comments>
                <issuelinks>
                            <issuelinktype id="10030">
                    <name>Reference</name>
                                                                <inwardlinks description="is related to">
                                        <issuelink>
            <issuekey id="12795854">MNG-4840</issuekey>
        </issuelink>
            <issuelink>
            <issuekey id="13005797">MNG-6092</issuekey>
        </issuelink>
                            </inwardlinks>
                                    </issuelinktype>
                            <issuelinktype id="12310260">
                    <name>Related</name>
                                                                <inwardlinks description="is related to">
                                        <issuelink>
            <issuekey id="12796972">MNG-5501</issuekey>
        </issuelink>
                            </inwardlinks>
                                    </issuelinktype>
                    </issuelinks>
                <attachments>
                    </attachments>
                <subtasks>
                    </subtasks>
                <customfields>
                                                                                                                                                                                                                                                                                                                                                                                                                                                                                                                                                                                                                                                                                                                    <customfield id="customfield_12314020" key="com.atlassian.jira.plugins.jira-development-integration-plugin:devsummary">
                        <customfieldname>Development</customfieldname>
                        <customfieldvalues>
                            
                        </customfieldvalues>
                    </customfield>
                                                                                                                        <customfield id="customfield_12313422" key="com.atlassian.jirafisheyeplugin:jobcheckbox">
                        <customfieldname>Enable Automatic Patch Review</customfieldname>
                        <customfieldvalues>
                            <customfieldvalue>false</customfieldvalue>

                        </customfieldvalues>
                    </customfield>
                                                                                                                                                                                                                                                                                                                                                                                                                                                                                                                                                                                                                    <customfield id="customfield_12310420" key="com.pyxis.greenhopper.jira:gh-global-rank">
                        <customfieldname>Global Rank</customfieldname>
                        <customfieldvalues>
                            <customfieldvalue>9223372036854775807</customfieldvalue>
                        </customfieldvalues>
                    </customfield>
                                                                                                                                                                                                                                                                                                                                                                                                                                                                        <customfield id="customfield_12311820" key="com.pyxis.greenhopper.jira:gh-lexo-rank">
                        <customfieldname>Rank</customfieldname>
                        <customfieldvalues>
                            <customfieldvalue>0|i28o13:</customfieldvalue>

                        </customfieldvalues>
                    </customfield>
                                                                <customfield id="customfield_12310920" key="com.pyxis.greenhopper.jira:gh-global-rank">
                        <customfieldname>Rank (Obsolete)</customfieldname>
                        <customfieldvalues>
                            <customfieldvalue>9223372036854775807</customfieldvalue>
                        </customfieldvalues>
                    </customfield>
                                                                                                                                                                                                                                                                                                                                                                                                                                                                                                                                                                                                                                                                                                                                                                                            </customfields>
    </item>


</channel>
</rss>