<rss version="0.92">
    <channel>
        <title>ASF JIRA</title>
        <link>https://issues.apache.org/jira/issues/?jql=project+%3D+MNG+and+type+%3D+bug+and+%28status+%3D+RESOLVED+or+status+%3D+closed%29</link>
        <description>An XML representation of a search request</description>
                <language>en-uk</language>
                        <issue start="0" end="1000" total="3303" />
                <build-info>
            <version>8.20.7</version>
            <build-number>820007</build-number>
            <build-date>16-03-2022</build-date>
        </build-info>

<item>
            <title>[MNG-5519] org.apache.maven.plugins.annotations.Parameter has incorrect RetentionPolicy</title>
                <link>https://issues.apache.org/jira/browse/MNG-5519</link>
                <project id="12316922" key="MNG">Maven</project>
                    <description>&lt;p&gt;package org.apache.maven.plugins.annotations;&lt;/p&gt;

&lt;p&gt;import java.lang.annotation.RetentionPolicy;&lt;/p&gt;

&lt;p&gt;@Documented&lt;br/&gt;
@Retention( RetentionPolicy.CLASS )&lt;br/&gt;
@Target( &lt;/p&gt;
{ ElementType.FIELD }
&lt;p&gt; )&lt;br/&gt;
@Inherited&lt;br/&gt;
public @interface Parameter&lt;/p&gt;

&lt;p&gt;RetentionPolicy parameters:&lt;/p&gt;

&lt;p&gt;CLASS &lt;br/&gt;
Annotations are to be recorded in the class file by the compiler but need NOT be retained by the VM at run time.&lt;/p&gt;

&lt;p&gt;RUNTIME &lt;br/&gt;
Annotations are to be recorded in the class file by the compiler and  RETAINED by the VM at run time, so they may be read reflectively.&lt;/p&gt;

&lt;p&gt;SOURCE &lt;br/&gt;
Annotations are to be discarded by the compiler. &lt;/p&gt;</description>
                <environment>JDK 1.7&lt;br/&gt;
MAVEN 3.0.5</environment>
        <key id="12797218">MNG-5519</key>
            <summary>org.apache.maven.plugins.annotations.Parameter has incorrect RetentionPolicy</summary>
                <type id="1" iconUrl="https://issues.apache.org/jira/secure/viewavatar?size=xsmall&amp;avatarId=21133&amp;avatarType=issuetype">Bug</type>
                                            <priority id="3" iconUrl="https://issues.apache.org/jira/images/icons/priorities/major.svg">Major</priority>
                        <status id="6" iconUrl="https://issues.apache.org/jira/images/icons/statuses/closed.png" description="The issue is considered finished, the resolution is correct. Issues which are not closed can be reopened.">Closed</status>
                    <statusCategory id="3" key="done" colorName="green" />
                                    <resolution id="3">Duplicate</resolution>
                                        <assignee username="olamy">Olivier Lamy</assignee>
                                    <reporter username="mgainty">Martin Gainty</reporter>
                        <labels>
                    </labels>
                <created>Fri, 20 Sep 2013 13:30:52 +0000</created>
                <updated>Sun, 5 Apr 2015 14:54:14 +0000</updated>
                            <resolved>Tue, 24 Sep 2013 05:59:06 +0000</resolved>
                                    <version>3.0.5</version>
                                                    <component>Plugin API</component>
                        <due />
                            <votes>0</votes>
                                    <watches>3</watches>
                                                                <comments>
                            <comment id="14418259" author="mcculls" created="Sat, 21 Sep 2013 19:14:49 +0000">&lt;p&gt;This appears to be a duplicate of &lt;a href="https://issues.apache.org/jira/browse/MNG-5520" title="RuntimePolicy is incorrect for org.apache.maven.plugins.annotations.Parameter" class="issue-link" data-issue-key="MNG-5520"&gt;&lt;del&gt;MNG-5520&lt;/del&gt;&lt;/a&gt;&lt;/p&gt;</comment>
                    </comments>
                <issuelinks>
                            <issuelinktype id="12310000">
                    <name>Duplicate</name>
                                            <outwardlinks description="duplicates">
                                        <issuelink>
            <issuekey id="12797582">MNG-5520</issuekey>
        </issuelink>
                            </outwardlinks>
                                                        </issuelinktype>
                    </issuelinks>
                <attachments>
                    </attachments>
                <subtasks>
                    </subtasks>
                <customfields>
                                                                                                                                                                                                                                                                                                                                                                                                                                                                                                                                                                                                                                                                                                                    <customfield id="customfield_12314020" key="com.atlassian.jira.plugins.jira-development-integration-plugin:devsummary">
                        <customfieldname>Development</customfieldname>
                        <customfieldvalues>
                            
                        </customfieldvalues>
                    </customfield>
                                                                                                                        <customfield id="customfield_12313422" key="com.atlassian.jirafisheyeplugin:jobcheckbox">
                        <customfieldname>Enable Automatic Patch Review</customfieldname>
                        <customfieldvalues>
                            <customfieldvalue>false</customfieldvalue>

                        </customfieldvalues>
                    </customfield>
                                                                                                                                                                                                                                                                                                                                                        <customfield id="customfield_12310250" key="com.atlassian.jira.plugin.system.customfieldtypes:multicheckboxes">
                        <customfieldname>Flags</customfieldname>
                        <customfieldvalues>
                                <customfieldvalue key="10430">Patch</customfieldvalue>
    
                        </customfieldvalues>
                    </customfield>
                                                                                                                                                                                                                                                                                                <customfield id="customfield_12310420" key="com.pyxis.greenhopper.jira:gh-global-rank">
                        <customfieldname>Global Rank</customfieldname>
                        <customfieldvalues>
                            <customfieldvalue>9223372036854775807</customfieldvalue>
                        </customfieldvalues>
                    </customfield>
                                                                                                                                                                                                                                                                                                                                                                                                                                                                        <customfield id="customfield_12311820" key="com.pyxis.greenhopper.jira:gh-lexo-rank">
                        <customfieldname>Rank</customfieldname>
                        <customfieldvalues>
                            <customfieldvalue>0|i28o33:</customfieldvalue>

                        </customfieldvalues>
                    </customfield>
                                                                <customfield id="customfield_12310920" key="com.pyxis.greenhopper.jira:gh-global-rank">
                        <customfieldname>Rank (Obsolete)</customfieldname>
                        <customfieldvalues>
                            <customfieldvalue>9223372036854775807</customfieldvalue>
                        </customfieldvalues>
                    </customfield>
                                                                                                                                                                                                                                                                                                                                                                                                                                                                                                                                                                                                                                                                                                        <customfield id="customfield_12312220" key="com.atlassian.jira.plugin.system.customfieldtypes:radiobuttons">
                        <customfieldname>Testcase included</customfieldname>
                        <customfieldvalues>
                                <customfieldvalue key="11060">Yes</customfieldvalue>

                        </customfieldvalues>
                    </customfield>
                                                                                                                        </customfields>
    </item>


</channel>
</rss>