<rss version="0.92">
    <channel>
        <title>ASF JIRA</title>
        <link>https://issues.apache.org/jira/issues/?jql=project+%3D+MNG+and+type+%3D+bug+and+%28status+%3D+RESOLVED+or+status+%3D+closed%29</link>
        <description>An XML representation of a search request</description>
                <language>en-uk</language>
                        <issue start="0" end="1000" total="3303" />
                <build-info>
            <version>8.20.7</version>
            <build-number>820007</build-number>
            <build-date>16-03-2022</build-date>
        </build-info>

<item>
            <title>[MNG-5964] Corrupt artifact from stale repository makes build fail, even though correct artifact is available</title>
                <link>https://issues.apache.org/jira/browse/MNG-5964</link>
                <project id="12316922" key="MNG">Maven</project>
                    <description>&lt;p&gt;This POM (&lt;a href="https://repo1.maven.org/maven2/com/hp/hpl/jena/jena/2.6.4/jena-2.6.4.pom" class="external-link" target="_blank" rel="nofollow noopener"&gt;https://repo1.maven.org/maven2/com/hp/hpl/jena/jena/2.6.4/jena-2.6.4.pom&lt;/a&gt;) includes an external repository which is: &lt;a href="http://openjena.org/repo" class="external-link" target="_blank" rel="nofollow noopener"&gt;http://openjena.org/repo&lt;/a&gt;&lt;/p&gt;

&lt;p&gt;Unfortunately, that repo is now a parking page. Which makes builds problematic.&lt;/p&gt;

&lt;div class="code panel" style="border-width: 1px;"&gt;&lt;div class="codeContent panelContent"&gt;
&lt;pre class="code-java"&gt;[INFO] Downloading: https:&lt;span class="code-comment"&gt;//repository-soluvas.forge.cloudbees.com/release/com/hp/hpl/jena/iri/0.8/iri-0.8.pom
&lt;/span&gt;[INFO] Downloading: http:&lt;span class="code-comment"&gt;//repo.cloudbees.com/content/groups/&lt;span class="code-keyword"&gt;public&lt;/span&gt;/com/hp/hpl/jena/iri/0.8/iri-0.8.pom
&lt;/span&gt;[INFO] Downloaded: http:&lt;span class="code-comment"&gt;//repo.cloudbees.com/content/groups/&lt;span class="code-keyword"&gt;public&lt;/span&gt;/com/hp/hpl/jena/iri/0.8/iri-0.8.pom (6 KB at 568.1 KB/sec)
&lt;/span&gt;[INFO] Downloading: http:&lt;span class="code-comment"&gt;//nexus.bippo.co.id/nexus/content/groups/&lt;span class="code-keyword"&gt;public&lt;/span&gt;/com/hp/hpl/jena/iri/0.8/iri-0.8.pom
&lt;/span&gt;[INFO] Downloading: http:&lt;span class="code-comment"&gt;//jasperreports.sourceforge.net/maven2/com/hp/hpl/jena/iri/0.8/iri-0.8.pom
&lt;/span&gt;[INFO] Downloading: http:&lt;span class="code-comment"&gt;//jaspersoft.artifactoryonline.com/jaspersoft/third-party-ce-artifacts/com/hp/hpl/jena/iri/0.8/iri-0.8.pom
&lt;/span&gt;[INFO] Downloading: http:&lt;span class="code-comment"&gt;//morphia.googlecode.com/svn/mavenrepo/com/hp/hpl/jena/iri/0.8/iri-0.8.pom
&lt;/span&gt;[INFO] Downloading: http:&lt;span class="code-comment"&gt;//repo.typesafe.com/typesafe/releases/com/hp/hpl/jena/iri/0.8/iri-0.8.pom
&lt;/span&gt;[INFO] Downloading: http:&lt;span class="code-comment"&gt;//m2.neo4j.org/content/repositories/releases/com/hp/hpl/jena/iri/0.8/iri-0.8.pom
&lt;/span&gt;[INFO] Downloading: http:&lt;span class="code-comment"&gt;//repo.spring.io/milestone/com/hp/hpl/jena/iri/0.8/iri-0.8.pom
&lt;/span&gt;[INFO] Downloading: http:&lt;span class="code-comment"&gt;//openjena.org/repo/com/hp/hpl/jena/iri/0.8/iri-0.8.pom
&lt;/span&gt;[WARNING] Checksum validation failed, expected &amp;lt;!DOCTYPE but is e88206ec93de9f9b6b3259b07aa32e8e00cb90d3 &lt;span class="code-keyword"&gt;for&lt;/span&gt; http:&lt;span class="code-comment"&gt;//openjena.org/repo/com/hp/hpl/jena/iri/0.8/iri-0.8.pom
&lt;/span&gt;[WARNING] Checksum validation failed, expected &amp;lt;!DOCTYPE but is f173aa41f57e9b1d170e42cf6b6f3be5a8882168 &lt;span class="code-keyword"&gt;for&lt;/span&gt; http:&lt;span class="code-comment"&gt;//openjena.org/repo/com/hp/hpl/jena/iri/0.8/iri-0.8.pom
&lt;/span&gt;[INFO] Downloaded: http:&lt;span class="code-comment"&gt;//openjena.org/repo/com/hp/hpl/jena/iri/0.8/iri-0.8.pom (21 KB at 22.3 KB/sec)
&lt;/span&gt;[INFO] Downloading: http:&lt;span class="code-comment"&gt;//openjena.org/repo-dev/com/hp/hpl/jena/iri/0.8/iri-0.8.pom
&lt;/span&gt;[WARNING] Checksum validation failed, expected &amp;lt;!DOCTYPE but is 893c64b2141598ad999c3540c5f0ff24c38ce7ce &lt;span class="code-keyword"&gt;for&lt;/span&gt; http:&lt;span class="code-comment"&gt;//openjena.org/repo-dev/com/hp/hpl/jena/iri/0.8/iri-0.8.pom
&lt;/span&gt;[WARNING] Checksum validation failed, expected &amp;lt;!DOCTYPE but is a2a942560bf2e1838cf48f9adc7042443e5adb3b &lt;span class="code-keyword"&gt;for&lt;/span&gt; http:&lt;span class="code-comment"&gt;//openjena.org/repo-dev/com/hp/hpl/jena/iri/0.8/iri-0.8.pom
&lt;/span&gt;[INFO] Downloaded: http:&lt;span class="code-comment"&gt;//openjena.org/repo-dev/com/hp/hpl/jena/iri/0.8/iri-0.8.pom (21 KB at 26.7 KB/sec)
&lt;/span&gt;[WARNING] The POM &lt;span class="code-keyword"&gt;for&lt;/span&gt; com.hp.hpl.jena:iri:jar:0.8 is invalid, transitive dependencies (&lt;span class="code-keyword"&gt;if&lt;/span&gt; any) will not be available, enable debug logging &lt;span class="code-keyword"&gt;for&lt;/span&gt; more details
&lt;/pre&gt;
&lt;/div&gt;&lt;/div&gt;

&lt;p&gt;Exact same thing also happens for the JARs.&lt;/p&gt;

&lt;p&gt;Please notice that the correct POMs and JARs are available from the other repository (repo.cloudbees.com proxy), but Maven ignores that and continues to use the corrupt artifacts, which causes:&lt;/p&gt;

&lt;div class="code panel" style="border-width: 1px;"&gt;&lt;div class="codeContent panelContent"&gt;
&lt;pre class="code-java"&gt;
[INFO] --- maven-compiler-plugin:3.3:compile (&lt;span class="code-keyword"&gt;default&lt;/span&gt;-compile) @ id.co.bippo.cart ---
[INFO] Changes detected - recompiling the module!
[INFO] Compiling 82 source files to /scratch/jenkins/workspace/bippo-commerce/cart/target/classes
[ERROR] error reading /scratch/jenkins/workspace/bippo-commerce/.repository/com/hp/hpl/jena/iri/0.8/iri-0.8.jar; error in opening zip file
[ERROR] error reading /scratch/jenkins/workspace/bippo-commerce/.repository/com/ibm/icu/icu4j/3.4.4/icu4j-3.4.4.jar; error in opening zip file
[ERROR] error reading /scratch/jenkins/workspace/bippo-commerce/.repository/org/slf4j/slf4j-log4j12/1.7.12/slf4j-log4j12-1.7.12.jar; error in opening zip file
[ERROR] error reading /scratch/jenkins/workspace/bippo-commerce/.repository/log4j/log4j/1.2.13/log4j-1.2.13.jar; error in opening zip file
[ERROR] error reading /scratch/jenkins/workspace/bippo-commerce/.repository/com/hp/hpl/jena/iri/0.8/iri-0.8.jar; error in opening zip file
[ERROR] error reading /scratch/jenkins/workspace/bippo-commerce/.repository/com/ibm/icu/icu4j/3.4.4/icu4j-3.4.4.jar; error in opening zip file
[ERROR] error reading /scratch/jenkins/workspace/bippo-commerce/.repository/org/slf4j/slf4j-log4j12/1.7.12/slf4j-log4j12-1.7.12.jar; error in opening zip file
[ERROR] error reading /scratch/jenkins/workspace/bippo-commerce/.repository/log4j/log4j/1.2.13/log4j-1.2.13.jar; error in opening zip file
&lt;/pre&gt;
&lt;/div&gt;&lt;/div&gt;

&lt;p&gt;which makes the build fail.&lt;/p&gt;

&lt;p&gt;Please:&lt;/p&gt;

&lt;p&gt;1. Ignore artifacts from invalid repos when there are correct artifacts from other repo&lt;br/&gt;
2. Have a way to blacklist repos globally, preferably using ~/.m2/settings.xml&lt;/p&gt;</description>
                <environment />
        <key id="12932972">MNG-5964</key>
            <summary>Corrupt artifact from stale repository makes build fail, even though correct artifact is available</summary>
                <type id="1" iconUrl="https://issues.apache.org/jira/secure/viewavatar?size=xsmall&amp;avatarId=21133&amp;avatarType=issuetype">Bug</type>
                                            <priority id="4" iconUrl="https://issues.apache.org/jira/images/icons/priorities/minor.svg">Minor</priority>
                        <status id="6" iconUrl="https://issues.apache.org/jira/images/icons/statuses/closed.png" description="The issue is considered finished, the resolution is correct. Issues which are not closed can be reopened.">Closed</status>
                    <statusCategory id="3" key="done" colorName="green" />
                                    <resolution id="2">Won't Fix</resolution>
                                        <assignee username="schulte77">Christian Schulte</assignee>
                                    <reporter username="ceefour">Hendy Irawan</reporter>
                        <labels>
                    </labels>
                <created>Thu, 21 Jan 2016 04:51:54 +0000</created>
                <updated>Sun, 24 Jan 2016 22:21:30 +0000</updated>
                            <resolved>Sun, 24 Jan 2016 22:21:30 +0000</resolved>
                                                                    <component>Artifacts and Repositories</component>
                        <due />
                            <votes>0</votes>
                                    <watches>3</watches>
                                                                <comments>
                            <comment id="15110159" author="ceefour" created="Thu, 21 Jan 2016 06:37:08 +0000">&lt;p&gt;Workaround is to put this in &lt;tt&gt;~/.m2.settings.xml&lt;/tt&gt; :&lt;/p&gt;

&lt;div class="code panel" style="border-width: 1px;"&gt;&lt;div class="codeContent panelContent"&gt;
&lt;pre class="code-java"&gt;&amp;lt;profile&amp;gt;
	&amp;lt;id&amp;gt;openjena.disable&amp;lt;/id&amp;gt;
	&amp;lt;activation&amp;gt;
		&amp;lt;activeByDefault&amp;gt;&lt;span class="code-keyword"&gt;true&lt;/span&gt;&amp;lt;/activeByDefault&amp;gt;
	&amp;lt;/activation&amp;gt;
	&amp;lt;repositories&amp;gt;
		&amp;lt;!-- https:&lt;span class="code-comment"&gt;//issues.apache.org/jira/browse/MNG-5964 --&amp;gt;
&lt;/span&gt;		&amp;lt;repository&amp;gt;
			&amp;lt;id&amp;gt;repo-jena&amp;lt;/id&amp;gt;
			&amp;lt;name&amp;gt;Jena Maven - Repository&amp;lt;/name&amp;gt;
			&amp;lt;url&amp;gt;http:&lt;span class="code-comment"&gt;//openjena.org/repo&amp;lt;/url&amp;gt;
&lt;/span&gt;			&amp;lt;releases&amp;gt;
				&amp;lt;enabled&amp;gt;&lt;span class="code-keyword"&gt;false&lt;/span&gt;&amp;lt;/enabled&amp;gt;
			&amp;lt;/releases&amp;gt;
			&amp;lt;snapshots&amp;gt;
				&amp;lt;enabled&amp;gt;&lt;span class="code-keyword"&gt;false&lt;/span&gt;&amp;lt;/enabled&amp;gt;
			&amp;lt;/snapshots&amp;gt;
		&amp;lt;/repository&amp;gt;
		&amp;lt;repository&amp;gt;
			&amp;lt;id&amp;gt;repo-jena-dev&amp;lt;/id&amp;gt;
			&amp;lt;name&amp;gt;Jena Maven - Development Repository&amp;lt;/name&amp;gt;
			&amp;lt;layout&amp;gt;&lt;span class="code-keyword"&gt;default&lt;/span&gt;&amp;lt;/layout&amp;gt;
			&amp;lt;url&amp;gt;http:&lt;span class="code-comment"&gt;//openjena.org/repo-dev&amp;lt;/url&amp;gt;
&lt;/span&gt;			&amp;lt;releases&amp;gt;
				&amp;lt;enabled&amp;gt;&lt;span class="code-keyword"&gt;false&lt;/span&gt;&amp;lt;/enabled&amp;gt;
			&amp;lt;/releases&amp;gt;
			&amp;lt;snapshots&amp;gt;
				&amp;lt;enabled&amp;gt;&lt;span class="code-keyword"&gt;false&lt;/span&gt;&amp;lt;/enabled&amp;gt;
			&amp;lt;/snapshots&amp;gt;
		&amp;lt;/repository&amp;gt;
	&amp;lt;/repositories&amp;gt;
&amp;lt;/profile&amp;gt;
&lt;/pre&gt;
&lt;/div&gt;&lt;/div&gt;

&lt;p&gt;I argue that this should be handled automatically by Maven and there's no need for user to do this manually, in addition to the trouble/skills needed to diagnose the problem, even when you know the workaround: there could be a bunch of those hidden in transitive dependencies!&lt;/p&gt;

&lt;p&gt;This is exactly why we have checksum validation so let's put it to good use. And besides, the corrupt website returns &lt;tt&gt;text/html&lt;/tt&gt; for both POM and JAR URLs, so it should be enough to discard them immediately.&lt;/p&gt;</comment>
                            <comment id="15114567" author="schulte77" created="Sun, 24 Jan 2016 22:18:06 +0000">&lt;p&gt;The repository should be fixed and return 404. Disabling that repository the way described above is the way to go, really. You can do that in a corporate parent POM as well. Your build log indicates you are using a lot of different repositories.&lt;/p&gt;

&lt;div class="code panel" style="border-width: 1px;"&gt;&lt;div class="codeContent panelContent"&gt;
&lt;pre class="code-java"&gt;[INFO] Downloading: https:&lt;span class="code-comment"&gt;//repository-soluvas.forge.cloudbees.com/release/com/hp/hpl/jena/iri/0.8/iri-0.8.pom
&lt;/span&gt;[INFO] Downloading: http:&lt;span class="code-comment"&gt;//repo.cloudbees.com/content/groups/&lt;span class="code-keyword"&gt;public&lt;/span&gt;/com/hp/hpl/jena/iri/0.8/iri-0.8.pom
&lt;/span&gt;[INFO] Downloading: http:&lt;span class="code-comment"&gt;//nexus.bippo.co.id/nexus/content/groups/&lt;span class="code-keyword"&gt;public&lt;/span&gt;/com/hp/hpl/jena/iri/0.8/iri-0.8.pom
&lt;/span&gt;[INFO] Downloading: http:&lt;span class="code-comment"&gt;//jasperreports.sourceforge.net/maven2/com/hp/hpl/jena/iri/0.8/iri-0.8.pom
&lt;/span&gt;[INFO] Downloading: http:&lt;span class="code-comment"&gt;//jaspersoft.artifactoryonline.com/jaspersoft/third-party-ce-artifacts/com/hp/hpl/jena/iri/0.8/iri-0.8.pom
&lt;/span&gt;[INFO] Downloading: http:&lt;span class="code-comment"&gt;//morphia.googlecode.com/svn/mavenrepo/com/hp/hpl/jena/iri/0.8/iri-0.8.pom
&lt;/span&gt;[INFO] Downloading: http:&lt;span class="code-comment"&gt;//repo.typesafe.com/typesafe/releases/com/hp/hpl/jena/iri/0.8/iri-0.8.pom
&lt;/span&gt;[INFO] Downloading: http:&lt;span class="code-comment"&gt;//m2.neo4j.org/content/repositories/releases/com/hp/hpl/jena/iri/0.8/iri-0.8.pom
&lt;/span&gt;[INFO] Downloading: http:&lt;span class="code-comment"&gt;//repo.spring.io/milestone/com/hp/hpl/jena/iri/0.8/iri-0.8.pom
&lt;/span&gt;[INFO] Downloading: http:&lt;span class="code-comment"&gt;//openjena.org/repo/com/hp/hpl/jena/iri/0.8/iri-0.8.pom&lt;/span&gt;
&lt;/pre&gt;
&lt;/div&gt;&lt;/div&gt;

&lt;p&gt;Sooner or later you will need a repository manager in front of that so that you can control exactly what comes from where. This will also speed up builds significantly. If any of those repositories contain redundant artifacts, you are in trouble.&lt;/p&gt;</comment>
                            <comment id="15114573" author="schulte77" created="Sun, 24 Jan 2016 22:21:30 +0000">&lt;p&gt;Closing this as the issue exists since day one and there is no way to  fix broken repositories in Maven properly. Either disable broken repositories in the POM or the Maven settings or use a repository manager.&lt;/p&gt;</comment>
                    </comments>
                <issuelinks>
                            <issuelinktype id="10030">
                    <name>Reference</name>
                                                                <inwardlinks description="is related to">
                                        <issuelink>
            <issuekey id="12796777">MNG-4309</issuekey>
        </issuelink>
            <issuelink>
            <issuekey id="12797201">MNG-5300</issuekey>
        </issuelink>
                            </inwardlinks>
                                    </issuelinktype>
                    </issuelinks>
                <attachments>
                    </attachments>
                <subtasks>
                    </subtasks>
                <customfields>
                                                                                                                                                                                                                                                                                                                                                                                                                                                                                                                                                                                                                                                                                                                    <customfield id="customfield_12314020" key="com.atlassian.jira.plugins.jira-development-integration-plugin:devsummary">
                        <customfieldname>Development</customfieldname>
                        <customfieldvalues>
                            
                        </customfieldvalues>
                    </customfield>
                                                                                                                        <customfield id="customfield_12313422" key="com.atlassian.jirafisheyeplugin:jobcheckbox">
                        <customfieldname>Enable Automatic Patch Review</customfieldname>
                        <customfieldvalues>
                            <customfieldvalue>false</customfieldvalue>

                        </customfieldvalues>
                    </customfield>
                                                                                                                                                                                                                                                                                                                                                                                                                                                                                                                                                                                                                    <customfield id="customfield_12310420" key="com.pyxis.greenhopper.jira:gh-global-rank">
                        <customfieldname>Global Rank</customfieldname>
                        <customfieldvalues>
                            <customfieldvalue>9223372036854775807</customfieldvalue>
                        </customfieldvalues>
                    </customfield>
                                                                                                                                                                                                                                                                                                                                                                                                                                                                        <customfield id="customfield_12311820" key="com.pyxis.greenhopper.jira:gh-lexo-rank">
                        <customfieldname>Rank</customfieldname>
                        <customfieldvalues>
                            <customfieldvalue>0|i2rs53:</customfieldvalue>

                        </customfieldvalues>
                    </customfield>
                                                                <customfield id="customfield_12310920" key="com.pyxis.greenhopper.jira:gh-global-rank">
                        <customfieldname>Rank (Obsolete)</customfieldname>
                        <customfieldvalues>
                            <customfieldvalue>9223372036854775807</customfieldvalue>
                        </customfieldvalues>
                    </customfield>
                                                                                                                                                                                                                                                                                                                                                                                                                                                                                                                                                                                                                                                                                                                                                                                            </customfields>
    </item>


</channel>
</rss>