<rss version="0.92">
    <channel>
        <title>ASF JIRA</title>
        <link>https://issues.apache.org/jira/issues/?jql=project+%3D+MNG+and+type+%3D+bug+and+%28status+%3D+RESOLVED+or+status+%3D+closed%29</link>
        <description>An XML representation of a search request</description>
                <language>en-uk</language>
                        <issue start="0" end="1000" total="3303" />
                <build-info>
            <version>8.20.7</version>
            <build-number>820007</build-number>
            <build-date>16-03-2022</build-date>
        </build-info>

<item>
            <title>[MNG-5454] cvc-complex-type.3.2.2: Attribute 'combine.self' is not allowed to appear in element 'executions'.</title>
                <link>https://issues.apache.org/jira/browse/MNG-5454</link>
                <project id="12316922" key="MNG">Maven</project>
                    <description>&lt;p&gt;This generate an error:&lt;br/&gt;
&amp;lt;plugin&amp;gt;&lt;br/&gt;
						&amp;lt;artifactId&amp;gt;maven-antrun-plugin&amp;lt;/artifactId&amp;gt;&lt;br/&gt;
						&amp;lt;executions combine.self="override" &amp;gt;&lt;br/&gt;
							&amp;lt;execution&amp;gt;&lt;br/&gt;
								&amp;lt;id&amp;gt;default-cli&amp;lt;/id&amp;gt;&lt;br/&gt;
								&amp;lt;goals&amp;gt;&lt;br/&gt;
									&amp;lt;goal&amp;gt;run&amp;lt;/goal&amp;gt;&lt;br/&gt;
								&amp;lt;/goals&amp;gt;&lt;br/&gt;
								&amp;lt;configuration&amp;gt;&lt;br/&gt;
									&amp;lt;tasks&amp;gt;&lt;br/&gt;
										&amp;lt;delete dir="${tomcat.home}/webapps/ROOT" /&amp;gt;&lt;br/&gt;
										&amp;lt;delete dir="${tomcat.home}/webapps/rest" /&amp;gt;&lt;br/&gt;
										&amp;lt;delete dir="${tomcat.home}/webapps/solr" /&amp;gt;&lt;br/&gt;
									&amp;lt;/tasks&amp;gt;&lt;br/&gt;
								&amp;lt;/configuration&amp;gt;&lt;br/&gt;
							&amp;lt;/execution&amp;gt;&lt;br/&gt;
						&amp;lt;/executions&amp;gt;&lt;br/&gt;
					&amp;lt;/plugin&amp;gt;&lt;/p&gt;</description>
                <environment>springsource3.2.0_with_Juno3.8.2</environment>
        <key id="12797445">MNG-5454</key>
            <summary>cvc-complex-type.3.2.2: Attribute 'combine.self' is not allowed to appear in element 'executions'.</summary>
                <type id="1" iconUrl="https://issues.apache.org/jira/secure/viewavatar?size=xsmall&amp;avatarId=21133&amp;avatarType=issuetype">Bug</type>
                                            <priority id="3" iconUrl="https://issues.apache.org/jira/images/icons/priorities/major.svg">Major</priority>
                        <status id="6" iconUrl="https://issues.apache.org/jira/images/icons/statuses/closed.png" description="The issue is considered finished, the resolution is correct. Issues which are not closed can be reopened.">Closed</status>
                    <statusCategory id="3" key="done" colorName="green" />
                                    <resolution id="8">Not A Problem</resolution>
                                        <assignee username="rfscholte">Robert Scholte</assignee>
                                    <reporter username="sebtardif">Sebastien Tardif</reporter>
                        <labels>
                    </labels>
                <created>Mon, 18 Mar 2013 12:24:17 +0000</created>
                <updated>Fri, 14 Oct 2016 08:58:59 +0000</updated>
                            <resolved>Thu, 9 Jan 2014 16:51:18 +0000</resolved>
                                    <version>3.0.4</version>
                                                    <component>POM</component>
                        <due />
                            <votes>0</votes>
                                    <watches>7</watches>
                                                                <comments>
                            <comment id="14417951" author="sebtardif" created="Mon, 18 Mar 2013 12:25:32 +0000">&lt;p&gt;The problem started when upgrading from Spring Source IDE 3.1.x to 3.2.0.&lt;/p&gt;</comment>
                            <comment id="14421280" author="mhall" created="Wed, 1 May 2013 21:17:17 +0000">&lt;p&gt;Running into the same issue in mvn 3.0.3:&lt;/p&gt;

&lt;div class="code panel" style="border-width: 1px;"&gt;&lt;div class="codeContent panelContent"&gt;
&lt;pre class="code-xml"&gt;    &lt;span class="code-tag"&gt;&amp;lt;build&amp;gt;&lt;/span&gt;
	   	&lt;span class="code-tag"&gt;&amp;lt;finalName&amp;gt;&lt;/span&gt;caservice&lt;span class="code-tag"&gt;&amp;lt;/finalName&amp;gt;&lt;/span&gt;
		&lt;span class="code-tag"&gt;&amp;lt;plugins&amp;gt;&lt;/span&gt;
			&lt;span class="code-tag"&gt;&amp;lt;plugin&amp;gt;&lt;/span&gt;
				&lt;span class="code-tag"&gt;&amp;lt;groupId&amp;gt;&lt;/span&gt;org.apache.maven.plugins&lt;span class="code-tag"&gt;&amp;lt;/groupId&amp;gt;&lt;/span&gt;
				&lt;span class="code-tag"&gt;&amp;lt;artifactId&amp;gt;&lt;/span&gt;maven-war-plugin&lt;span class="code-tag"&gt;&amp;lt;/artifactId&amp;gt;&lt;/span&gt;
				&lt;span class="code-tag"&gt;&lt;span class="code-comment"&gt;&amp;lt;!--Override the parent configuration of excluding WEB-INF/lib/*.jar --&amp;gt;&lt;/span&gt;&lt;/span&gt;	
				&lt;span class="code-tag"&gt;&amp;lt;configuration combine.self=&lt;span class="code-quote"&gt;"override"&lt;/span&gt;&amp;gt;&lt;/span&gt;
				    &lt;span class="code-tag"&gt;&amp;lt;warName&amp;gt;&lt;/span&gt;caservice&lt;span class="code-tag"&gt;&amp;lt;/warName&amp;gt;&lt;/span&gt;
				&lt;span class="code-tag"&gt;&amp;lt;/configuration&amp;gt;&lt;/span&gt;
			&lt;span class="code-tag"&gt;&amp;lt;/plugin&amp;gt;&lt;/span&gt;
		&lt;span class="code-tag"&gt;&amp;lt;/plugins&amp;gt;&lt;/span&gt;
    &lt;span class="code-tag"&gt;&amp;lt;/build&amp;gt;&lt;/span&gt;
&lt;/pre&gt;
&lt;/div&gt;&lt;/div&gt;

&lt;p&gt;So Maven's usage of POMs in &lt;a href="http://maven.apache.org/pom.html" class="external-link" target="_blank" rel="nofollow noopener"&gt;http://maven.apache.org/pom.html&lt;/a&gt; does not match what's described in it's own POM Schema, as the XSD &lt;a href="http://maven.apache.org/xsd/maven-4.0.0.xsd" class="external-link" target="_blank" rel="nofollow noopener"&gt;http://maven.apache.org/xsd/maven-4.0.0.xsd&lt;/a&gt; does not contain the word combine at all.&lt;/p&gt;

&lt;p&gt;Matthew.&lt;/p&gt;</comment>
                            <comment id="14418136" author="olamy" created="Thu, 2 May 2013 07:35:11 +0000">&lt;p&gt;AFAIK this is supported only in configuration element.&lt;br/&gt;
Looks to be more an issue with Spring Source IDE which has probably now a more strict validation ?&lt;br/&gt;
The main question is: does it work or not with Maven cli ? &lt;img class="emoticon" src="https://issues.apache.org/jira/images/icons/emoticons/smile.png" height="16" width="16" align="absmiddle" alt="" border="0"/&gt;&lt;/p&gt;</comment>
                            <comment id="14421289" author="mhall" created="Tue, 2 Jul 2013 18:51:29 +0000">&lt;p&gt;The code works perfectly fine in Maven CLI on a configuration element of a build, and fixes the issue we encountered. So I think the error is in the XML schema itself.&lt;/p&gt;</comment>
                            <comment id="14418414" author="rfscholte" created="Thu, 9 Jan 2014 16:51:18 +0000">&lt;p&gt;See also &lt;a href="http://blog.sonatype.com/2011/01/maven-how-to-merging-plugin-configuration-in-complex-projects/" class="external-link" target="_blank" rel="nofollow noopener"&gt;http://blog.sonatype.com/2011/01/maven-how-to-merging-plugin-configuration-in-complex-projects/&lt;/a&gt;&lt;/p&gt;</comment>
                            <comment id="14421308" author="mhall" created="Thu, 9 Jan 2014 21:01:48 +0000">&lt;p&gt;Why are you closing it as "Not a Bug" with no explanation why it is not a bug?&lt;/p&gt;

&lt;p&gt;The XML schema does not specify that "combine.*" attributes are allowed, and using them causes a schema validation failure.&lt;/p&gt;

&lt;p&gt;This is a bug in Maven's XML schema for POMs.&lt;/p&gt;</comment>
                            <comment id="14418361" author="rfscholte" created="Sat, 11 Jan 2014 05:17:56 +0000">&lt;div class="code panel" style="border-width: 1px;"&gt;&lt;div class="codeHeader panelHeader" style="border-bottom-width: 1px;"&gt;&lt;b&gt;&lt;a href="http://maven.apache.org/xsd/maven-4.0.0.xsd" class="external-link" target="_blank" rel="nofollow noopener"&gt;http://maven.apache.org/xsd/maven-4.0.0.xsd&lt;/a&gt;&lt;/b&gt;&lt;/div&gt;&lt;div class="codeContent panelContent"&gt;
&lt;pre class="code-xml"&gt;...
&lt;span class="code-tag"&gt;&amp;lt;xs:element name=&lt;span class="code-quote"&gt;"configuration"&lt;/span&gt; minOccurs=&lt;span class="code-quote"&gt;"0"&lt;/span&gt;&amp;gt;&lt;/span&gt;
  &lt;span class="code-tag"&gt;&amp;lt;xs:annotation&amp;gt;&lt;/span&gt;
    &lt;span class="code-tag"&gt;&amp;lt;xs:documentation source=&lt;span class="code-quote"&gt;"version"&lt;/span&gt;&amp;gt;&lt;/span&gt;4.0.0&lt;span class="code-tag"&gt;&amp;lt;/xs:documentation&amp;gt;&lt;/span&gt;
    &lt;span class="code-tag"&gt;&amp;lt;xs:documentation source=&lt;span class="code-quote"&gt;"description"&lt;/span&gt;&amp;gt;&lt;/span&gt;The configuration of the reporting plugin.&lt;span class="code-tag"&gt;&amp;lt;/xs:documentation&amp;gt;&lt;/span&gt;
  &lt;span class="code-tag"&gt;&amp;lt;/xs:annotation&amp;gt;&lt;/span&gt;
  &lt;span class="code-tag"&gt;&amp;lt;xs:complexType&amp;gt;&lt;/span&gt;
    &lt;span class="code-tag"&gt;&amp;lt;xs:sequence&amp;gt;&lt;/span&gt;
      &lt;span class="code-tag"&gt;&amp;lt;xs:any minOccurs=&lt;span class="code-quote"&gt;"0"&lt;/span&gt; maxOccurs=&lt;span class="code-quote"&gt;"unbounded"&lt;/span&gt; processContents=&lt;span class="code-quote"&gt;"skip"&lt;/span&gt;/&amp;gt;&lt;/span&gt;
    &lt;span class="code-tag"&gt;&amp;lt;/xs:sequence&amp;gt;&lt;/span&gt;
  &lt;span class="code-tag"&gt;&amp;lt;/xs:complexType&amp;gt;&lt;/span&gt;
&lt;span class="code-tag"&gt;&amp;lt;/xs:element&amp;gt;&lt;/span&gt;
...
&lt;/pre&gt;
&lt;/div&gt;&lt;/div&gt;

&lt;p&gt;The title of this issue refers to executions. The 'combine.self' can never be used on this element, only within the configuration element(read the article of my previous comment). As you can see in the xsd snippet, what goes between the configuration-tag can be anything, as long as it is valid XML. &lt;/p&gt;</comment>
                            <comment id="15574707" author="highbrainer" created="Fri, 14 Oct 2016 08:58:59 +0000">&lt;p&gt;&lt;a href="https://issues.apache.org/jira/secure/ViewProfile.jspa?name=rfscholte" class="user-hover" rel="rfscholte"&gt;rfscholte&lt;/a&gt; I think the xsd extract you are providing states that &amp;lt;configuration/&amp;gt; can contain any &lt;b&gt;element&lt;/b&gt; but no attribute ... but combine.self is an &lt;em&gt;attribute&lt;/em&gt; !&lt;br/&gt;
So I think the xsd is missing the attribute definition!&lt;/p&gt;</comment>
                    </comments>
                    <attachments>
                    </attachments>
                <subtasks>
                    </subtasks>
                <customfields>
                                                                                                                                                                                                                                                                                                                                                                                                                                                                                                                                                                                                                                                                                                                    <customfield id="customfield_12314020" key="com.atlassian.jira.plugins.jira-development-integration-plugin:devsummary">
                        <customfieldname>Development</customfieldname>
                        <customfieldvalues>
                            
                        </customfieldvalues>
                    </customfield>
                                                                                                                        <customfield id="customfield_12313422" key="com.atlassian.jirafisheyeplugin:jobcheckbox">
                        <customfieldname>Enable Automatic Patch Review</customfieldname>
                        <customfieldvalues>
                            <customfieldvalue>false</customfieldvalue>

                        </customfieldvalues>
                    </customfield>
                                                                                                                                                                                                                                                                                                                                                                                                                                                                                                                                                                                                                    <customfield id="customfield_12310420" key="com.pyxis.greenhopper.jira:gh-global-rank">
                        <customfieldname>Global Rank</customfieldname>
                        <customfieldvalues>
                            <customfieldvalue>9223372036854775807</customfieldvalue>
                        </customfieldvalues>
                    </customfield>
                                                                                                                                                                                                                                                                                                                                                                                                                                                                        <customfield id="customfield_12311820" key="com.pyxis.greenhopper.jira:gh-lexo-rank">
                        <customfieldname>Rank</customfieldname>
                        <customfieldvalues>
                            <customfieldvalue>0|i28q1b:</customfieldvalue>

                        </customfieldvalues>
                    </customfield>
                                                                <customfield id="customfield_12310920" key="com.pyxis.greenhopper.jira:gh-global-rank">
                        <customfieldname>Rank (Obsolete)</customfieldname>
                        <customfieldvalues>
                            <customfieldvalue>9223372036854775807</customfieldvalue>
                        </customfieldvalues>
                    </customfield>
                                                                                                                                                                                                                                                                                                                                                                                                                                                                                                                                                                                                                                                                                                                                                                                            </customfields>
    </item>


</channel>
</rss>