<rss version="0.92">
    <channel>
        <title>ASF JIRA</title>
        <link>https://issues.apache.org/jira/issues/?jql=project+%3D+MNG+and+type+%3D+bug+and+%28status+%3D+RESOLVED+or+status+%3D+closed%29</link>
        <description>An XML representation of a search request</description>
                <language>en-uk</language>
                        <issue start="0" end="1000" total="3303" />
                <build-info>
            <version>8.20.7</version>
            <build-number>820007</build-number>
            <build-date>16-03-2022</build-date>
        </build-info>

<item>
            <title>[MNG-5138] Dependency conflicts are extremely opaque</title>
                <link>https://issues.apache.org/jira/browse/MNG-5138</link>
                <project id="12316922" key="MNG">Maven</project>
                    <description>&lt;p&gt;When you get conflicts between versions of dependencies - mostly transitive, and mostly when using ranges - it is extremely hard to see where the conflicts are coming from.&lt;/p&gt;

&lt;p&gt;With Maven 2.2, you could use the -X argument to get extra information, and it was possible to see where versions were detected and where conflicts were coming from. This is no longer the case with Maven 3, probably due to the use of Aether.&lt;/p&gt;

&lt;p&gt;In the attached tar ball, there are three projects ('first', 'second' and 'third'), each generated using the maven:archetype plugin.&lt;/p&gt;

&lt;p&gt;'first' depends on commons-lang:commons-lang:&lt;span class="error"&gt;&amp;#91;2.5&amp;#93;&lt;/span&gt;&lt;/p&gt;

&lt;p&gt;'second' depends on commons-lang:commons-lang:&lt;span class="error"&gt;&amp;#91;2.6&amp;#93;&lt;/span&gt;&lt;/p&gt;

&lt;p&gt;'third' depends on both 'first' and 'second'.&lt;/p&gt;

&lt;p&gt;When you do 'mvn clean install' on 'third', you get the following output:&lt;/p&gt;


&lt;p&gt;$ mvn clean install&lt;br/&gt;
&lt;span class="error"&gt;&amp;#91;INFO&amp;#93;&lt;/span&gt; Scanning for projects...&lt;br/&gt;
&lt;span class="error"&gt;&amp;#91;INFO&amp;#93;&lt;/span&gt;                                                                         &lt;br/&gt;
&lt;span class="error"&gt;&amp;#91;INFO&amp;#93;&lt;/span&gt; ------------------------------------------------------------------------&lt;br/&gt;
&lt;span class="error"&gt;&amp;#91;INFO&amp;#93;&lt;/span&gt; Building third 1.0-SNAPSHOT&lt;br/&gt;
&lt;span class="error"&gt;&amp;#91;INFO&amp;#93;&lt;/span&gt; ------------------------------------------------------------------------&lt;br/&gt;
&lt;span class="error"&gt;&amp;#91;INFO&amp;#93;&lt;/span&gt; ------------------------------------------------------------------------&lt;br/&gt;
&lt;span class="error"&gt;&amp;#91;INFO&amp;#93;&lt;/span&gt; BUILD FAILURE&lt;br/&gt;
&lt;span class="error"&gt;&amp;#91;INFO&amp;#93;&lt;/span&gt; ------------------------------------------------------------------------&lt;br/&gt;
&lt;span class="error"&gt;&amp;#91;INFO&amp;#93;&lt;/span&gt; Total time: 0.825s&lt;br/&gt;
&lt;span class="error"&gt;&amp;#91;INFO&amp;#93;&lt;/span&gt; Finished at: Tue Jul 26 21:59:46 EST 2011&lt;br/&gt;
&lt;span class="error"&gt;&amp;#91;INFO&amp;#93;&lt;/span&gt; Final Memory: 3M/81M&lt;br/&gt;
&lt;span class="error"&gt;&amp;#91;INFO&amp;#93;&lt;/span&gt; ------------------------------------------------------------------------&lt;br/&gt;
&lt;span class="error"&gt;&amp;#91;ERROR&amp;#93;&lt;/span&gt; Failed to execute goal on project third: Could not resolve dependencies for project net.twasink:third:jar:1.0-SNAPSHOT: Failed to collect dependencies for &lt;span class="error"&gt;&amp;#91;net.twasink:first:jar:1.0-SNAPSHOT (compile), net.twasink:second:jar:1.0-SNAPSHOT (compile), junit:junit:jar:3.8.1 (test)&amp;#93;&lt;/span&gt;: Could not resolve version conflict for &lt;span class="error"&gt;&amp;#91;commons-lang:commons-lang::jar&amp;#93;&lt;/span&gt; with requested versions &lt;span class="error"&gt;&amp;#91;2.6,2.6&amp;#93;&lt;/span&gt;, &lt;span class="error"&gt;&amp;#91;2.5,2.5&amp;#93;&lt;/span&gt; -&amp;gt; &lt;span class="error"&gt;&amp;#91;Help 1&amp;#93;&lt;/span&gt;&lt;br/&gt;
&lt;span class="error"&gt;&amp;#91;ERROR&amp;#93;&lt;/span&gt; &lt;br/&gt;
&lt;span class="error"&gt;&amp;#91;ERROR&amp;#93;&lt;/span&gt; To see the full stack trace of the errors, re-run Maven with the -e switch.&lt;br/&gt;
&lt;span class="error"&gt;&amp;#91;ERROR&amp;#93;&lt;/span&gt; Re-run Maven using the -X switch to enable full debug logging.&lt;br/&gt;
&lt;span class="error"&gt;&amp;#91;ERROR&amp;#93;&lt;/span&gt; &lt;br/&gt;
&lt;span class="error"&gt;&amp;#91;ERROR&amp;#93;&lt;/span&gt; For more information about the errors and possible solutions, please read the following articles:&lt;br/&gt;
&lt;span class="error"&gt;&amp;#91;ERROR&amp;#93;&lt;/span&gt; &lt;span class="error"&gt;&amp;#91;Help 1&amp;#93;&lt;/span&gt; &lt;a href="http://cwiki.apache.org/confluence/display/MAVEN/DependencyResolutionException" class="external-link" target="_blank" rel="nofollow noopener"&gt;http://cwiki.apache.org/confluence/display/MAVEN/DependencyResolutionException&lt;/a&gt;&lt;/p&gt;


&lt;p&gt;Using -X and -e gives you stack traces but no more meaningful information.&lt;/p&gt;

&lt;p&gt;Ideally, the normal output should indicate the transitive paths - e.g. that commons-lang:2.5 is being brought in by 'first' and 2.6 by 'second'. Failing that, the debug output could log the transitive paths, as Maven 2.2 did. While this is an obviously simple and contrived example, real-world projects using ranges can get a lot more complex.&lt;/p&gt;

&lt;p&gt;Alternatively, if there is a way from the Maven CLI to switch on logging for Aether, that might help as well.&lt;/p&gt;</description>
                <environment />
        <key id="12797515">MNG-5138</key>
            <summary>Dependency conflicts are extremely opaque</summary>
                <type id="1" iconUrl="https://issues.apache.org/jira/secure/viewavatar?size=xsmall&amp;avatarId=21133&amp;avatarType=issuetype">Bug</type>
                                            <priority id="3" iconUrl="https://issues.apache.org/jira/images/icons/priorities/major.svg">Major</priority>
                        <status id="6" iconUrl="https://issues.apache.org/jira/images/icons/statuses/closed.png" description="The issue is considered finished, the resolution is correct. Issues which are not closed can be reopened.">Closed</status>
                    <statusCategory id="3" key="done" colorName="green" />
                                    <resolution id="4">Incomplete</resolution>
                                        <assignee username="-1">Unassigned</assignee>
                                    <reporter username="robertdw">Robert Watkins</reporter>
                        <labels>
                    </labels>
                <created>Tue, 26 Jul 2011 07:03:37 +0000</created>
                <updated>Wed, 22 Jan 2014 20:32:07 +0000</updated>
                            <resolved>Wed, 22 Jan 2014 20:32:07 +0000</resolved>
                                    <version>3.0.3</version>
                                                    <component>Dependencies</component>
                        <due />
                            <votes>0</votes>
                                    <watches>3</watches>
                                                                <comments>
                            <comment id="14417299" author="bentmann" created="Tue, 26 Jul 2011 07:12:44 +0000">&lt;p&gt;After updating your mvn distro to use &lt;tt&gt;aether-&amp;#42;-1.12.jar&lt;/tt&gt;'s, you will find it provide the requested information:&lt;/p&gt;
&lt;div class="preformatted panel" style="border-width: 1px;"&gt;&lt;div class="preformattedContent panelContent"&gt;
&lt;pre&gt;[ERROR] Failed to execute goal on project third:
Could not resolve dependencies for project net.twasink:third:jar:1.0-SNAPSHOT:
Failed to collect dependencies for [net.twasink:first:jar:1.0-SNAPSHOT (compile), net.twasink:second:jar:1.0-SNAPSHOT (compile), junit:junit:jar:3.8.1 (test)]:
Could not resolve version conflict among [net.twasink:first:jar:1.0-SNAPSHOT -&amp;gt; commons-lang:commons-lang:jar:[2.5,2.5], net.twasink:second:jar:1.0-SNAPSHOT -&amp;gt; commons-lang:commons-lang:jar:[2.6,2.6]]
&lt;/pre&gt;
&lt;/div&gt;&lt;/div&gt;</comment>
                            <comment id="14421180" author="robertdw" created="Tue, 26 Jul 2011 07:16:51 +0000">&lt;p&gt;Oooh - nice. That begs the question: how do I update Maven to aether-*-1.12? Plugin management?&lt;/p&gt;</comment>
                            <comment id="14417233" author="bentmann" created="Tue, 26 Jul 2011 07:21:22 +0000">&lt;p&gt;Update the JARs in &amp;lt;maven-home&amp;gt;/lib.&lt;/p&gt;</comment>
                            <comment id="14421197" author="robertdw" created="Tue, 26 Jul 2011 07:28:57 +0000">&lt;p&gt;I can confirm that updating the aether libs fixes this. However, I also see that apparently there is a controversy about using aether-1.12.&lt;/p&gt;

&lt;p&gt;So I guess this needs to stay open until that gets resolved. Is there a bug for the aether version by itself that could be added to this as a dependency?&lt;/p&gt;</comment>
                            <comment id="14417269" author="bentmann" created="Tue, 26 Jul 2011 07:33:37 +0000">&lt;p&gt;&lt;a href="https://issues.sonatype.org/browse/AETHER-94" class="external-link" target="_blank" rel="nofollow noopener"&gt;https://issues.sonatype.org/browse/AETHER-94&lt;/a&gt;&lt;/p&gt;</comment>
                            <comment id="14421190" author="robertdw" created="Tue, 26 Jul 2011 07:35:48 +0000">&lt;p&gt;I meant: Is there an issue for updating the version of Aether bundled into Maven?&lt;/p&gt;

&lt;p&gt;Thanks for the fast responses, btw.&lt;/p&gt;</comment>
                            <comment id="14417189" author="bentmann" created="Tue, 26 Jul 2011 07:39:28 +0000">&lt;p&gt;No.&lt;/p&gt;</comment>
                            <comment id="14418577" author="jvanzyl" created="Wed, 22 Jan 2014 20:23:21 +0000">&lt;p&gt;Please refer to &lt;a href="https://cwiki.apache.org/confluence/display/MAVEN/The+Great+JIRA+Cleanup+of+2014" class="external-link" target="_blank" rel="nofollow noopener"&gt;https://cwiki.apache.org/confluence/display/MAVEN/The+Great+JIRA+Cleanup+of+2014&lt;/a&gt;&lt;/p&gt;</comment>
                            <comment id="14419192" author="jvanzyl" created="Wed, 22 Jan 2014 20:32:07 +0000">&lt;p&gt;Please refer to &lt;a href="https://cwiki.apache.org/confluence/display/MAVEN/The+Great+JIRA+Cleanup+of+2014" class="external-link" target="_blank" rel="nofollow noopener"&gt;https://cwiki.apache.org/confluence/display/MAVEN/The+Great+JIRA+Cleanup+of+2014&lt;/a&gt; if you're wondering why this issue was closed out.&lt;/p&gt;</comment>
                    </comments>
                    <attachments>
                            <attachment id="12713225" name="maven_dep_conflict.tgz" size="1772" author="" created="Tue, 26 Jul 2011 07:03:38 +0000" />
                    </attachments>
                <subtasks>
                    </subtasks>
                <customfields>
                                                                                                                                                                                                                                                                                                                                                                                                                                                                                                                                                                                                                                                                                                                    <customfield id="customfield_12314020" key="com.atlassian.jira.plugins.jira-development-integration-plugin:devsummary">
                        <customfieldname>Development</customfieldname>
                        <customfieldvalues>
                            
                        </customfieldvalues>
                    </customfield>
                                                                                                                        <customfield id="customfield_12313422" key="com.atlassian.jirafisheyeplugin:jobcheckbox">
                        <customfieldname>Enable Automatic Patch Review</customfieldname>
                        <customfieldvalues>
                            <customfieldvalue>false</customfieldvalue>

                        </customfieldvalues>
                    </customfield>
                                                                                                                                                                                                                                                                                                                                                                                                                                                                                                                                                                                                                    <customfield id="customfield_12310420" key="com.pyxis.greenhopper.jira:gh-global-rank">
                        <customfieldname>Global Rank</customfieldname>
                        <customfieldvalues>
                            <customfieldvalue>9223372036854775807</customfieldvalue>
                        </customfieldvalues>
                    </customfield>
                                                                                                                                                                                                                                                                                                                                                                                                                                                                        <customfield id="customfield_12311820" key="com.pyxis.greenhopper.jira:gh-lexo-rank">
                        <customfieldname>Rank</customfieldname>
                        <customfieldvalues>
                            <customfieldvalue>0|i291y7:</customfieldvalue>

                        </customfieldvalues>
                    </customfield>
                                                                <customfield id="customfield_12310920" key="com.pyxis.greenhopper.jira:gh-global-rank">
                        <customfieldname>Rank (Obsolete)</customfieldname>
                        <customfieldvalues>
                            <customfieldvalue>9223372036854775807</customfieldvalue>
                        </customfieldvalues>
                    </customfield>
                                                                                                                                                                                                                                                                                                                                                                                                                                                                                                                                                                                                                                                                                                                                                                                            </customfields>
    </item>


</channel>
</rss>