<rss version="0.92">
    <channel>
        <title>ASF JIRA</title>
        <link>https://issues.apache.org/jira/issues/?jql=project+%3D+MNG+and+type+%3D+bug+and+%28status+%3D+RESOLVED+or+status+%3D+closed%29</link>
        <description>An XML representation of a search request</description>
                <language>en-uk</language>
                        <issue start="0" end="1000" total="3303" />
                <build-info>
            <version>8.20.7</version>
            <build-number>820007</build-number>
            <build-date>16-03-2022</build-date>
        </build-info>

<item>
            <title>[MNG-5735] Repositories are ignored in profile dependencies init</title>
                <link>https://issues.apache.org/jira/browse/MNG-5735</link>
                <project id="12316922" key="MNG">Maven</project>
                    <description>&lt;p&gt;Configured repositories are ignored in profiles.&lt;br/&gt;
After cleaning repo (created by 3.x version) I noticed that rubygems deps used in my profile are not being downloaded by Maven.&lt;/p&gt;

&lt;p&gt;In log I can see repo being used in main part of the pom (general deps) and skipped in profile deps init part.&lt;/p&gt;

&lt;p&gt;Repository missing for profile deps init:&lt;br/&gt;
&lt;a href="http://rubygems-proxy.torquebox.org/releases" class="external-link" target="_blank" rel="nofollow noopener"&gt;http://rubygems-proxy.torquebox.org/releases&lt;/a&gt;&lt;/p&gt;

&lt;p&gt;&lt;span class="error"&gt;&amp;#91;DEBUG&amp;#93;&lt;/span&gt; Dependency collection stats: &lt;/p&gt;
{ConflictMarker.analyzeTime=0, ConflictMarker.markTime=0, ConflictMarker.nodeCount=83, ConflictIdSorter.graphTime=0, ConflictIdSorter.topsortTime=0, ConflictIdSorter.conflictIdCount=36, ConflictIdSorter.conflictIdCycleCount=0, ConflictResolver.totalTime=3, ConflictResolver.conflictItemCount=81, DefaultDependencyCollector.collectTime=654, DefaultDependencyCollector.transformTime=3}
&lt;p&gt;&lt;span class="error"&gt;&amp;#91;DEBUG&amp;#93;&lt;/span&gt; de.saumya.mojo:gem-maven-plugin:jar:1.0.2:&lt;br/&gt;
&lt;span class="error"&gt;&amp;#91;DEBUG&amp;#93;&lt;/span&gt;    rubygems:compass:gem:1.0.1:runtime&lt;br/&gt;
&lt;span class="error"&gt;&amp;#91;DEBUG&amp;#93;&lt;/span&gt;    rubygems:sass:gem:3.4.1:runtime&lt;br/&gt;
&lt;span class="error"&gt;&amp;#91;DEBUG&amp;#93;&lt;/span&gt;    rubygems:chunky_png:gem:1.3.1:runtime&lt;br/&gt;
&lt;span class="error"&gt;&amp;#91;DEBUG&amp;#93;&lt;/span&gt;    rubygems:fssm:gem:0.2.10:runtime&lt;br/&gt;
&lt;span class="error"&gt;&amp;#91;DEBUG&amp;#93;&lt;/span&gt;    de.saumya.mojo:jruby-maven-plugin:jar:1.0.2:compile&lt;br/&gt;
&lt;span class="error"&gt;&amp;#91;DEBUG&amp;#93;&lt;/span&gt;       de.saumya.mojo:ruby-tools:jar:1.0.2:compile&lt;br/&gt;
&lt;span class="error"&gt;&amp;#91;DEBUG&amp;#93;&lt;/span&gt;          ant:ant:jar:1.6.5:compile&lt;br/&gt;
&lt;span class="error"&gt;&amp;#91;DEBUG&amp;#93;&lt;/span&gt;          org.codehaus.plexus:plexus-archiver:jar:1.2:compile&lt;br/&gt;
.....&lt;br/&gt;
&lt;span class="error"&gt;&amp;#91;DEBUG&amp;#93;&lt;/span&gt; Using connector WagonRepositoryConnector with priority 0.0 for &lt;a href="http://repo.maven.apache.org/maven2" class="external-link" target="_blank" rel="nofollow noopener"&gt;http://repo.maven.apache.org/maven2&lt;/a&gt;&lt;br/&gt;
Downloading: &lt;a href="http://repo.maven.apache.org/maven2/rubygems/compass/1.0.1/compass-1.0.1.gem" class="external-link" target="_blank" rel="nofollow noopener"&gt;http://repo.maven.apache.org/maven2/rubygems/compass/1.0.1/compass-1.0.1.gem&lt;/a&gt;&lt;br/&gt;
Downloading: &lt;a href="http://repo.maven.apache.org/maven2/rubygems/sass/3.4.1/sass-3.4.1.gem" class="external-link" target="_blank" rel="nofollow noopener"&gt;http://repo.maven.apache.org/maven2/rubygems/sass/3.4.1/sass-3.4.1.gem&lt;/a&gt;&lt;br/&gt;
Downloading: &lt;a href="http://repo.maven.apache.org/maven2/rubygems/chunky_png/1.3.1/chunky_png-1.3.1.gem" class="external-link" target="_blank" rel="nofollow noopener"&gt;http://repo.maven.apache.org/maven2/rubygems/chunky_png/1.3.1/chunky_png-1.3.1.gem&lt;/a&gt;&lt;br/&gt;
Downloading: &lt;a href="http://repo.maven.apache.org/maven2/rubygems/fssm/0.2.10/fssm-0.2.10.gem" class="external-link" target="_blank" rel="nofollow noopener"&gt;http://repo.maven.apache.org/maven2/rubygems/fssm/0.2.10/fssm-0.2.10.gem&lt;/a&gt;&lt;/p&gt;
</description>
                <environment>Ubuntu</environment>
        <key id="12797274">MNG-5735</key>
            <summary>Repositories are ignored in profile dependencies init</summary>
                <type id="1" iconUrl="https://issues.apache.org/jira/secure/viewavatar?size=xsmall&amp;avatarId=21133&amp;avatarType=issuetype">Bug</type>
                                            <priority id="3" iconUrl="https://issues.apache.org/jira/images/icons/priorities/major.svg">Major</priority>
                        <status id="6" iconUrl="https://issues.apache.org/jira/images/icons/statuses/closed.png" description="The issue is considered finished, the resolution is correct. Issues which are not closed can be reopened.">Closed</status>
                    <statusCategory id="3" key="done" colorName="green" />
                                    <resolution id="10000">Auto Closed</resolution>
                                        <assignee username="-1">Unassigned</assignee>
                                    <reporter username="gosatin">Stanislav Makarenko</reporter>
                        <labels>
                    </labels>
                <created>Fri, 12 Dec 2014 15:52:15 +0000</created>
                <updated>Fri, 16 Mar 2018 22:42:08 +0000</updated>
                            <resolved>Fri, 16 Mar 2018 22:42:08 +0000</resolved>
                                    <version>3.2.1</version>
                                                    <component>Artifacts and Repositories</component>
                    <component>Profiles</component>
                        <due />
                            <votes>0</votes>
                                    <watches>2</watches>
                                                                <comments>
                            <comment id="16403016" author="michael-o" created="Fri, 16 Mar 2018 22:42:08 +0000">&lt;p&gt;This issue has been auto closed because it has been inactive for a long period of time. If you think this issue still applies, retest your problem with the most recent version of Maven and the affected component, reopen and post your results.&lt;/p&gt;</comment>
                    </comments>
                    <attachments>
                            <attachment id="12713434" name="output.txt" size="946398" author="gosatin" created="Fri, 12 Dec 2014 15:52:15 +0000" />
                    </attachments>
                <subtasks>
                    </subtasks>
                <customfields>
                                                                                                                                                                                                                                                                                                                                                                                                                                                                                                                                                                                                                                                                                                                    <customfield id="customfield_12314020" key="com.atlassian.jira.plugins.jira-development-integration-plugin:devsummary">
                        <customfieldname>Development</customfieldname>
                        <customfieldvalues>
                            
                        </customfieldvalues>
                    </customfield>
                                                                                                                        <customfield id="customfield_12313422" key="com.atlassian.jirafisheyeplugin:jobcheckbox">
                        <customfieldname>Enable Automatic Patch Review</customfieldname>
                        <customfieldvalues>
                            <customfieldvalue>false</customfieldvalue>

                        </customfieldvalues>
                    </customfield>
                                                                                                                                                                                                                                                                                                                                                                                                                                                                                                                                                                                                                    <customfield id="customfield_12310420" key="com.pyxis.greenhopper.jira:gh-global-rank">
                        <customfieldname>Global Rank</customfieldname>
                        <customfieldvalues>
                            <customfieldvalue>9223372036854775807</customfieldvalue>
                        </customfieldvalues>
                    </customfield>
                                                                                                                                                                                                                                                                                                                                                                                                                                                                        <customfield id="customfield_12311820" key="com.pyxis.greenhopper.jira:gh-lexo-rank">
                        <customfieldname>Rank</customfieldname>
                        <customfieldvalues>
                            <customfieldvalue>0|i28vtz:</customfieldvalue>

                        </customfieldvalues>
                    </customfield>
                                                                <customfield id="customfield_12310920" key="com.pyxis.greenhopper.jira:gh-global-rank">
                        <customfieldname>Rank (Obsolete)</customfieldname>
                        <customfieldvalues>
                            <customfieldvalue>9223372036854775807</customfieldvalue>
                        </customfieldvalues>
                    </customfield>
                                                                                                                                                                                                                                                                                                                                                                                                                                                                                                                                                                                                                                                                                                                                                                                            </customfields>
    </item>


</channel>
</rss>