<rss version="0.92">
    <channel>
        <title>ASF JIRA</title>
        <link>https://issues.apache.org/jira/issues/?jql=project+%3D+MNG+and+type+%3D+bug+and+%28status+%3D+RESOLVED+or+status+%3D+closed%29</link>
        <description>An XML representation of a search request</description>
                <language>en-uk</language>
                        <issue start="0" end="1000" total="3303" />
                <build-info>
            <version>8.20.7</version>
            <build-number>820007</build-number>
            <build-date>16-03-2022</build-date>
        </build-info>

<item>
            <title>[MNG-5166] settings.xml boolean values not be honored</title>
                <link>https://issues.apache.org/jira/browse/MNG-5166</link>
                <project id="12316922" key="MNG">Maven</project>
                    <description>&lt;div class="preformatted panel" style="border-width: 1px;"&gt;&lt;div class="preformattedContent panelContent"&gt;
&lt;pre&gt;$ svn co http://svn.apache.org/repos/asf/maven/maven-3/trunk

$ LOCAL_REPO=`mktemp -d`

$ # this should fail as the local repo is empty

$ mvn -o -Dmaven.repo.local=$LOCAL_REPO validate 

$ GLOBAL_SETTINGS=` \
   mvn -o -X -Dmaven.repo.local=$LOCAL_REPO validate |\
   sed -n 's/\[DEBUG\] Reading global settings from \(.*\)/\1/p'` &amp;amp;&amp;amp;\
  LOCAL_SETTINGS=` \
   mvn -o -X -Dmaven.repo.local=$LOCAL_REPO validate |\
   sed -n 's/\[DEBUG\] Reading user settings from \(.*\)/\1/p'` &amp;amp;&amp;amp;\
  rm -f "$LOCAL_SETTINGS"

$ $EDITOR "$GLOBAL_SETTINGS" # set offline to true

$ # this will work but should fail since the repo is empty and the settings.xml says offline

$ rm -rf $LOCAL_REPO &amp;amp;&amp;amp; mkdir -p $LOCAL_REPO &amp;amp;&amp;amp; mvn -Dmaven.repo.local=$LOCAL_REPO validate 

$ mkdir -p "`dirname "$LOCAL_SETTINGS"`" &amp;amp;&amp;amp; echo cp "$GLOBAL_SETTINGS" "$LOCAL_SETTINGS"

$ # now that the user's settings.xml is the same as the system, it should fail again as it is offline

$ rm -rf $LOCAL_REPO &amp;amp;&amp;amp; mkdir -p $LOCAL_REPO &amp;amp;&amp;amp; mvn -Dmaven.repo.local=$LOCAL_REPO validate 
&lt;/pre&gt;
&lt;/div&gt;&lt;/div&gt;</description>
                <environment>windows xp 64 bit cygwin sun/oracle jdk 1.6 64 bit&lt;br/&gt;
&lt;br/&gt;
java version &amp;quot;1.6.0_26&amp;quot;&lt;br/&gt;
Java(TM) SE Runtime Environment (build 1.6.0_26-b03)&lt;br/&gt;
Java HotSpot(TM) 64-Bit Server VM (build 20.1-b02, mixed mode)&lt;br/&gt;
CYGWIN_NT-5.2-WOW64 black 1.7.9(0.237/5/3) 2011-03-29 10:10 i686 Cygwin&lt;br/&gt;
Microsoft Windows [Version 5.2.3790]&lt;br/&gt;
&lt;br/&gt;
</environment>
        <key id="12797169">MNG-5166</key>
            <summary>settings.xml boolean values not be honored</summary>
                <type id="1" iconUrl="https://issues.apache.org/jira/secure/viewavatar?size=xsmall&amp;avatarId=21133&amp;avatarType=issuetype">Bug</type>
                                            <priority id="2" iconUrl="https://issues.apache.org/jira/images/icons/priorities/critical.svg">Critical</priority>
                        <status id="6" iconUrl="https://issues.apache.org/jira/images/icons/statuses/closed.png" description="The issue is considered finished, the resolution is correct. Issues which are not closed can be reopened.">Closed</status>
                    <statusCategory id="3" key="done" colorName="green" />
                                    <resolution id="4">Incomplete</resolution>
                                        <assignee username="-1">Unassigned</assignee>
                                    <reporter username="jpyeron">Jason Pyeron</reporter>
                        <labels>
                    </labels>
                <created>Fri, 26 Aug 2011 08:04:04 +0000</created>
                <updated>Wed, 22 Jan 2014 20:32:00 +0000</updated>
                            <resolved>Wed, 22 Jan 2014 20:32:00 +0000</resolved>
                                    <version>3.0.3</version>
                    <version>3.0.4</version>
                                                    <component>Settings</component>
                        <due />
                            <votes>1</votes>
                                    <watches>3</watches>
                                                                <comments>
                            <comment id="14417407" author="jpyeron" created="Mon, 12 Sep 2011 13:19:04 +0000">&lt;p&gt;Seems that the XML processor is not handling the xml in a preserving way. It is loosing tags with default values and leading / trailing whitespace of tag values&lt;/p&gt;</comment>
                            <comment id="14418656" author="jvanzyl" created="Wed, 22 Jan 2014 20:23:11 +0000">&lt;p&gt;Please refer to &lt;a href="https://cwiki.apache.org/confluence/display/MAVEN/The+Great+JIRA+Cleanup+of+2014" class="external-link" target="_blank" rel="nofollow noopener"&gt;https://cwiki.apache.org/confluence/display/MAVEN/The+Great+JIRA+Cleanup+of+2014&lt;/a&gt;&lt;/p&gt;</comment>
                            <comment id="14419106" author="jvanzyl" created="Wed, 22 Jan 2014 20:32:00 +0000">&lt;p&gt;Please refer to &lt;a href="https://cwiki.apache.org/confluence/display/MAVEN/The+Great+JIRA+Cleanup+of+2014" class="external-link" target="_blank" rel="nofollow noopener"&gt;https://cwiki.apache.org/confluence/display/MAVEN/The+Great+JIRA+Cleanup+of+2014&lt;/a&gt; if you're wondering why this issue was closed out.&lt;/p&gt;</comment>
                    </comments>
                <issuelinks>
                            <issuelinktype id="12310260">
                    <name>Related</name>
                                                                <inwardlinks description="is related to">
                                        <issuelink>
            <issuekey id="12797368">MNG-5380</issuekey>
        </issuelink>
                            </inwardlinks>
                                    </issuelinktype>
                    </issuelinks>
                <attachments>
                    </attachments>
                <subtasks>
                    </subtasks>
                <customfields>
                                                                                                                                                                                                                                                                                                                                                                                                                                                                                                                                                                                                                                                                                                                    <customfield id="customfield_12314020" key="com.atlassian.jira.plugins.jira-development-integration-plugin:devsummary">
                        <customfieldname>Development</customfieldname>
                        <customfieldvalues>
                            
                        </customfieldvalues>
                    </customfield>
                                                                                                                        <customfield id="customfield_12313422" key="com.atlassian.jirafisheyeplugin:jobcheckbox">
                        <customfieldname>Enable Automatic Patch Review</customfieldname>
                        <customfieldvalues>
                            <customfieldvalue>false</customfieldvalue>

                        </customfieldvalues>
                    </customfield>
                                                                                                                                                                                                                                                                                                                                                                                                                                                                                                                                                                                                                    <customfield id="customfield_12310420" key="com.pyxis.greenhopper.jira:gh-global-rank">
                        <customfieldname>Global Rank</customfieldname>
                        <customfieldvalues>
                            <customfieldvalue>9223372036854775807</customfieldvalue>
                        </customfieldvalues>
                    </customfield>
                                                                                                                                                                                                                                                                                                                                                                                                                                                                        <customfield id="customfield_12311820" key="com.pyxis.greenhopper.jira:gh-lexo-rank">
                        <customfieldname>Rank</customfieldname>
                        <customfieldvalues>
                            <customfieldvalue>0|i28xqn:</customfieldvalue>

                        </customfieldvalues>
                    </customfield>
                                                                <customfield id="customfield_12310920" key="com.pyxis.greenhopper.jira:gh-global-rank">
                        <customfieldname>Rank (Obsolete)</customfieldname>
                        <customfieldvalues>
                            <customfieldvalue>9223372036854775807</customfieldvalue>
                        </customfieldvalues>
                    </customfield>
                                                                                                                                                                                                                                                                                                                                                                                                                                                                                                                                                                                                                                                                                                                                                                                            </customfields>
    </item>


</channel>
</rss>