<rss version="0.92">
    <channel>
        <title>ASF JIRA</title>
        <link>https://issues.apache.org/jira/issues/?jql=project+%3D+MNG+and+type+%3D+bug+and+%28status+%3D+RESOLVED+or+status+%3D+closed%29</link>
        <description>An XML representation of a search request</description>
                <language>en-uk</language>
                        <issue start="0" end="1000" total="3303" />
                <build-info>
            <version>8.20.7</version>
            <build-number>820007</build-number>
            <build-date>16-03-2022</build-date>
        </build-info>

<item>
            <title>[MNG-5315] Artifact resolution sporadically fails in parallel builds</title>
                <link>https://issues.apache.org/jira/browse/MNG-5315</link>
                <project id="12316922" key="MNG">Maven</project>
                    <description>&lt;p&gt;Artifact resolution can fail during the parallel build if it was downloaded during the same session.&lt;/p&gt;

&lt;p&gt;Scenario:&lt;/p&gt;

&lt;p&gt;1) Delete the whole Maven local repository.&lt;br/&gt;
2) Run build "mvn compile -T1.5C"&lt;br/&gt;
3) Build fails (see log extracts below)&lt;br/&gt;
4) If I run build again, it succeeds.&lt;/p&gt;

&lt;p&gt;It seems like the problem is due to two thread trying to resolve same artifact concurrently. This problem never happens once I have all dependencies cached in the local repository.&lt;/p&gt;

&lt;p&gt;Extracts from the log output:&lt;/p&gt;

&lt;div class="preformatted panel" style="border-width: 1px;"&gt;&lt;div class="preformattedContent panelContent"&gt;
&lt;pre&gt;Downloading: http://nexus/content/repositories/thirdparty/com/googlecode/guava-osgi/guava-osgi/11.0.0/guava-osgi-11.0.0.jar 12444/13937 KB ...
...
[DEBUG] Skipped remote update check for commons-cli:commons-cli:jar:1.2, already updated during this session.
[DEBUG] Skipped remote update check for com.googlecode.guava-osgi:guava-osgi:jar:11.0.0, already updated during this session.
[DEBUG] Skipped remote update check for org.slf4j:slf4j-api:jar:1.6.4, already updated during this session.
[DEBUG] Skipped remote update check for org.slf4j:slf4j-jdk14:jar:1.6.4, already updated during this session.
...
[ERROR] Failed to execute goal on project util: Could not resolve dependencies for project com.guidewire.pl:util:bundle:1.0-SNAPSHOT: The following artifacts could not be resolved: commons-cli:commons-cli:jar:1.2, com.googlecode.guava-osgi:guava-osgi:jar:11.0.0, org.slf4j:slf4j-api:jar:1.6.4, org.slf4j:slf4j-jdk14:jar:1.6.4: Failure to find commons-cli:commons-cli:jar:1.2 in http://nexus/content/repositories/thirdparty was cached in the local repository, resolution will not be reattempted until the update interval of gw.thirdparty has elapsed or updates are forced -&amp;gt; [Help 1]
org.apache.maven.lifecycle.LifecycleExecutionException: Failed to execute goal on project util: Could not resolve dependencies for project com.guidewire.pl:util:bundle:1.0-SNAPSHOT: The following artifacts could not be resolved: commons-cli:commons-cli:jar:1.2, com.googlecode.guava-osgi:guava-osgi:jar:11.0.0, org.slf4j:slf4j-api:jar:1.6.4, org.slf4j:slf4j-jdk14:jar:1.6.4: Failure to find commons-cli:commons-cli:jar:1.2 in http://nexus/content/repositories/thirdparty was cached in the local repository, resolution will not be reattempted until the update interval of gw.thirdparty has elapsed or updates are forced
        at org.apache.maven.lifecycle.internal.LifecycleDependencyResolver.getDependencies(LifecycleDependencyResolver.java:210)
        at org.apache.maven.lifecycle.internal.LifecycleDependencyResolver.resolveProjectDependencies(LifecycleDependencyResolver.java:117)
        at org.apache.maven.lifecycle.internal.MojoExecutor.ensureDependenciesAreResolved(MojoExecutor.java:258)
        at org.apache.maven.lifecycle.internal.MojoExecutor.execute(MojoExecutor.java:201)
        at org.apache.maven.lifecycle.internal.MojoExecutor.execute(MojoExecutor.java:153)
        at org.apache.maven.lifecycle.internal.MojoExecutor.execute(MojoExecutor.java:145)
        at org.apache.maven.lifecycle.internal.LifecycleModuleBuilder.buildProject(LifecycleModuleBuilder.java:84)
        at org.apache.maven.lifecycle.internal.LifecycleThreadedBuilder$1.call(LifecycleThreadedBuilder.java:167)
        at org.apache.maven.lifecycle.internal.LifecycleThreadedBuilder$1.call(LifecycleThreadedBuilder.java:163)
        at java.util.concurrent.FutureTask$Sync.innerRun(FutureTask.java:303)
        at java.util.concurrent.FutureTask.run(FutureTask.java:138)
        at java.util.concurrent.Executors$RunnableAdapter.call(Executors.java:441)
        at java.util.concurrent.FutureTask$Sync.innerRun(FutureTask.java:303)
        at java.util.concurrent.FutureTask.run(FutureTask.java:138)
        at java.util.concurrent.ThreadPoolExecutor$Worker.runTask(ThreadPoolExecutor.java:886)
        at java.util.concurrent.ThreadPoolExecutor$Worker.run(ThreadPoolExecutor.java:908)
        at java.lang.Thread.run(Thread.java:662)
Caused by: org.apache.maven.project.DependencyResolutionException: Could not resolve dependencies for project com.guidewire.pl:util:bundle:1.0-SNAPSHOT: The following artifacts could not be resolved: commons-cli:commons-cli:jar:1.2, com.googlecode.guava-osgi:guava-osgi:jar:11.0.0, org.slf4j:slf4j-api:jar:1.6.4, org.slf4j:slf4j-jdk14:jar:1.6.4: Failure to find commons-cli:commons-cli:jar:1.2 in http://nexus/content/repositories/thirdparty was cached in the local repository, resolution will not be reattempted until the update interval of gw.thirdparty has elapsed or updates are forced
        at org.apache.maven.project.DefaultProjectDependenciesResolver.resolve(DefaultProjectDependenciesResolver.java:189)
        at org.apache.maven.lifecycle.internal.LifecycleDependencyResolver.getDependencies(LifecycleDependencyResolver.java:185)
        ... 16 more
Caused by: org.sonatype.aether.resolution.DependencyResolutionException: The following artifacts could not be resolved: commons-cli:commons-cli:jar:1.2, com.googlecode.guava-osgi:guava-osgi:jar:11.0.0, org.slf4j:slf4j-api:jar:1.6.4, org.slf4j:slf4j-jdk14:jar:1.6.4: Failure to find commons-cli:commons-cli:jar:1.2 in http://nexus/content/repositories/thirdparty was cached in the local repository, resolution will not be reattempted until the update interval of gw.thirdparty has elapsed or updates are forced
        at org.sonatype.aether.impl.internal.DefaultRepositorySystem.resolveDependencies(DefaultRepositorySystem.java:375)
        at org.apache.maven.project.DefaultProjectDependenciesResolver.resolve(DefaultProjectDependenciesResolver.java:183)
        ... 17 more
Caused by: org.sonatype.aether.resolution.ArtifactResolutionException: The following artifacts could not be resolved: commons-cli:commons-cli:jar:1.2, com.googlecode.guava-osgi:guava-osgi:jar:11.0.0, org.slf4j:slf4j-api:jar:1.6.4, org.slf4j:slf4j-jdk14:jar:1.6.4: Failure to find commons-cli:commons-cli:jar:1.2 in http://nexus/content/repositories/thirdparty was cached in the local repository, resolution will not be reattempted until the update interval of gw.thirdparty has elapsed or updates are forced
        at org.sonatype.aether.impl.internal.DefaultArtifactResolver.resolve(DefaultArtifactResolver.java:538)
        at org.sonatype.aether.impl.internal.DefaultArtifactResolver.resolveArtifacts(DefaultArtifactResolver.java:216)
        at org.sonatype.aether.impl.internal.DefaultRepositorySystem.resolveDependencies(DefaultRepositorySystem.java:358)
        ... 18 more
Caused by: org.sonatype.aether.transfer.ArtifactNotFoundException: Failure to find commons-cli:commons-cli:jar:1.2 in http://nexus/content/repositories/thirdparty was cached in the local repository, resolution will not be reattempted until the update interval of gw.thirdparty has elapsed or updates are forced
        at org.sonatype.aether.impl.internal.DefaultUpdateCheckManager.newException(DefaultUpdateCheckManager.java:230)
        at org.sonatype.aether.impl.internal.DefaultUpdateCheckManager.checkArtifact(DefaultUpdateCheckManager.java:176)
        at org.sonatype.aether.impl.internal.DefaultArtifactResolver.resolve(DefaultArtifactResolver.java:427)
        ... 20 more

&lt;/pre&gt;
&lt;/div&gt;&lt;/div&gt;</description>
                <environment />
        <key id="12796885">MNG-5315</key>
            <summary>Artifact resolution sporadically fails in parallel builds</summary>
                <type id="1" iconUrl="https://issues.apache.org/jira/secure/viewavatar?size=xsmall&amp;avatarId=21133&amp;avatarType=issuetype">Bug</type>
                                            <priority id="4" iconUrl="https://issues.apache.org/jira/images/icons/priorities/minor.svg">Minor</priority>
                        <status id="6" iconUrl="https://issues.apache.org/jira/images/icons/statuses/closed.png" description="The issue is considered finished, the resolution is correct. Issues which are not closed can be reopened.">Closed</status>
                    <statusCategory id="3" key="done" colorName="green" />
                                    <resolution id="1">Fixed</resolution>
                                        <assignee username="michael-o">Michael Osipov</assignee>
                                    <reporter username="wfrag">Ivan Dubrov</reporter>
                        <labels>
                    </labels>
                <created>Tue, 17 Jul 2012 18:10:05 +0000</created>
                <updated>Sat, 26 Jun 2021 21:50:04 +0000</updated>
                            <resolved>Fri, 9 Oct 2020 18:38:40 +0000</resolved>
                                    <version>3.0.4</version>
                                    <fixVersion>3.8.2</fixVersion>
                    <fixVersion>4.0.0-alpha-1</fixVersion>
                    <fixVersion>4.0.0</fixVersion>
                                    <component>Artifacts and Repositories</component>
                        <due />
                            <votes>22</votes>
                                    <watches>35</watches>
                                                                <comments>
                            <comment id="14421221" author="kutzi@gmx.de" created="Fri, 2 Nov 2012 04:36:05 +0000">&lt;p&gt;We're seeing similar errors in our CI environment (Jenkins) quite frequently - i.e. several times a day.&lt;/p&gt;

&lt;p&gt;This causes major manual effort to determine the cause of the failure, restart the build and wait&lt;/p&gt;</comment>
                            <comment id="14418157" author="sandymcp" created="Thu, 30 May 2013 09:25:26 +0000">&lt;p&gt;We're also seeing this using Teamcity and Nexus. Which repository are you guys using? Could the root problem be Nexus related? Would appear that maven does not find the dependency in Nexus. We have a couple of Nexus repositories which are being searched. &lt;/p&gt;</comment>
                            <comment id="14418200" author="wfrag" created="Thu, 30 May 2013 11:12:45 +0000">&lt;p&gt;No, it's not repository related. The issue never happens in a single-threaded build. It looks like it happens due to the race-condition between two threads trying to download the same artifact at the same time. Also, even though build is failed the dependency is actually downloaded into the local repository (so you can see it there after the build fails).&lt;/p&gt;

&lt;p&gt;Something like (just speculating):&lt;/p&gt;

&lt;p&gt;1) first thread looks into the local repository, nothing there, goes to the remote repository&lt;br/&gt;
2) first thread downloads remote dependency, but does not update _maven.repositories yet.&lt;br/&gt;
3) second thread looks into the local repository, sees the dependency, but _maven.repositories does not contain remote repository id!&lt;br/&gt;
4) second thread fails with "Could not resolve dependencies", since it thinks dependency is not available from the remote repository.&lt;br/&gt;
5) first thread updates _maven.repositories. Next time build is invoked, dependency is used from the local repository.&lt;/p&gt;</comment>
                            <comment id="14418225" author="sandymcp" created="Fri, 7 Jun 2013 14:20:30 +0000">&lt;p&gt;After a few false starts I found a plausible solution. &lt;/p&gt;

&lt;p&gt;I Patched to only allow one thread at a time to do dependency resolution. I tried to do this with finer granularity (per artifact) but failed miserably due to the program structure. However the performance gain we have achieved in the builds we were targeting was one order of magnitude!&lt;/p&gt;

&lt;div class="code panel" style="border-width: 1px;"&gt;&lt;div class="codeContent panelContent"&gt;
&lt;pre class="code-java"&gt;DefaultProjectDependenciesResolver

    &lt;span class="code-keyword"&gt;public&lt;/span&gt; DependencyResolutionResult resolve(
            DependencyResolutionRequest request)
            &lt;span class="code-keyword"&gt;throws&lt;/span&gt; DependencyResolutionException {
        &lt;span class="code-object"&gt;long&lt;/span&gt; start = &lt;span class="code-object"&gt;System&lt;/span&gt;.currentTimeMillis();
        &lt;span class="code-object"&gt;System&lt;/span&gt;.out.println(&lt;span class="code-quote"&gt;"0 **** locking "&lt;/span&gt;+DefaultProjectDependenciesResolver.class);
        &lt;span class="code-keyword"&gt;synchronized&lt;/span&gt; (DefaultProjectDependenciesResolver.class) {
            &lt;span class="code-object"&gt;System&lt;/span&gt;.out.println((&lt;span class="code-object"&gt;System&lt;/span&gt;.currentTimeMillis()-start)+&lt;span class="code-quote"&gt;" **** locked "&lt;/span&gt;+DefaultProjectDependenciesResolver.class);
            RequestTrace trace = RequestTrace.newChild(&lt;span class="code-keyword"&gt;null&lt;/span&gt;, request);
.
.
.
.
.
            &lt;span class="code-object"&gt;System&lt;/span&gt;.out.println((&lt;span class="code-object"&gt;System&lt;/span&gt;.currentTimeMillis()-start)+&lt;span class="code-quote"&gt;" **** unlocked "&lt;/span&gt;+DefaultProjectDependenciesResolver.class);
            &lt;span class="code-keyword"&gt;return&lt;/span&gt; result;
        }
&lt;/pre&gt;
&lt;/div&gt;&lt;/div&gt;

&lt;p&gt;Results are now&lt;/p&gt;

&lt;p&gt;No failures so far. Massive speed improvements on larger builds with similar dependencies:&lt;/p&gt;

&lt;p&gt;serial: 10-11m &lt;br/&gt;
-T 1C  1.5m&lt;br/&gt;
-T 2C 1.25m&lt;br/&gt;
-T 3C nearly 1m&lt;/p&gt;</comment>
                            <comment id="14421288" author="kutzi@gmx.de" created="Thu, 25 Jul 2013 03:57:35 +0000">&lt;p&gt;Sandy, this sounds great - when will it be available in a release?&lt;/p&gt;

&lt;p&gt;BTW: did I understand you correctly: you made it single-threaded and it became faster?&lt;/p&gt;</comment>
                            <comment id="14418141" author="sandymcp" created="Thu, 25 Jul 2013 13:40:43 +0000">&lt;p&gt;Making the parallel builds work gave us the performance increase. Only dependency resolution is restricted to one thread at a time, due to some race condition, which I didn't attempt to analyse in depth.&lt;/p&gt;

&lt;p&gt;I don't know when it will be in a release, I am not part of the maven developers group. It is however straightforward to patch maven by downloading the source and adding the synchronize where I did.&lt;/p&gt;</comment>
                            <comment id="14418142" author="karthik85_4u" created="Sun, 28 Jul 2013 13:52:59 +0000">&lt;p&gt;Please fix this issue as well &lt;a href="https://issues.apache.org/jira/browse/MNG-5252" title="Cannot build modules in Maven 3" class="issue-link" data-issue-key="MNG-5252"&gt;&lt;del&gt;MNG-5252&lt;/del&gt;&lt;/a&gt;. This is related to &lt;a href="https://issues.apache.org/jira/browse/MNG-5315" title="Artifact resolution sporadically fails in parallel builds" class="issue-link" data-issue-key="MNG-5315"&gt;&lt;del&gt;MNG-5315&lt;/del&gt;&lt;/a&gt;&lt;/p&gt;</comment>
                            <comment id="14418206" author="krosenvold" created="Mon, 29 Jul 2013 00:29:22 +0000">&lt;p&gt;Can you please re-test with maven 3.1.0 ? The root cause of this issue may be fixed there.&lt;/p&gt;</comment>
                            <comment id="14418113" author="sandymcp" created="Mon, 29 Jul 2013 02:16:11 +0000">&lt;p&gt;My first fix was with a 3.1-SNAPSHOT from the beginning of June. I then went back and patched 3.0.5 as we didn't want to use a snapshot. The 3.1-SNAPSHOT I checked out a version from June 2 21:32:45 (last committer Arnaud Heritier). This was definitely still broken.&lt;/p&gt;</comment>
                            <comment id="14418166" author="salsa" created="Tue, 3 Sep 2013 06:49:30 +0000">&lt;p&gt;Thanks a lot Sandy for your solution.&lt;/p&gt;

&lt;p&gt;We used to suffer from this very same problem on a daily basis. I applied your patch to both maven 3.0.5 and 3.1.0. Now, after one month and about 3000 builds later, not a single build has failed for this problem anymore. Perfect.&lt;/p&gt;</comment>
                            <comment id="14418341" author="evanchsa" created="Fri, 11 Oct 2013 18:01:25 +0000">&lt;p&gt;Simple synchronization as proposed in this issue against 3.1.2-SNAPSHOT&lt;/p&gt;</comment>
                            <comment id="14418260" author="evanchsa" created="Fri, 11 Oct 2013 18:24:36 +0000">&lt;p&gt;Patch suitable for the 3.0.x branch&lt;/p&gt;</comment>
                            <comment id="14418288" author="evanchsa" created="Fri, 11 Oct 2013 20:47:03 +0000">&lt;p&gt;Alternatively one can create a custom Component that adds this without modifying maven-core. Here is an example against 3.1.2-SNAPSHOT and a 3.0.x:&lt;/p&gt;

&lt;p&gt; &lt;a href="https://github.com/evanchsa/maven-parallel-resolver.git" class="external-link" target="_blank" rel="nofollow noopener"&gt;https://github.com/evanchsa/maven-parallel-resolver.git&lt;/a&gt;&lt;/p&gt;</comment>
                            <comment id="14421316" author="mahoutqa" created="Tue, 18 Feb 2014 16:18:58 +0000">&lt;p&gt;&lt;a href="https://builds.apache.org/job/Hama-trunk/274/console" class="external-link" target="_blank" rel="nofollow noopener"&gt;https://builds.apache.org/job/Hama-trunk/274/console&lt;/a&gt;&lt;/p&gt;

&lt;p&gt;Is this the same issue?&lt;/p&gt;
&lt;hr /&gt;

&lt;p&gt;Oh, sorry. I've changed version of rat plugin.&lt;/p&gt;</comment>
                            <comment id="14420192" author="windchess" created="Thu, 26 Mar 2015 08:10:14 +0000">&lt;p&gt;This issue is marked with priority: minor&lt;/p&gt;

&lt;p&gt;This is not a minor issue. We are using Maven in a large enterprise project.&lt;br/&gt;
The project takes one third the time to build using parallel builds (which is the reason for having parallel builds). &lt;br/&gt;
But intermittent failures every other day are not acceptable as it requires manual intervention.&lt;/p&gt;</comment>
                            <comment id="14420186" author="jvanzyl" created="Thu, 26 Mar 2015 09:10:02 +0000">&lt;p&gt;If you are on a reasonably newer version of Maven you can try: &lt;a href="http://takari.io/book/30-team-maven.html#concurrent-safe-local-repository" class="external-link" target="_blank" rel="nofollow noopener"&gt;http://takari.io/book/30-team-maven.html#concurrent-safe-local-repository&lt;/a&gt;&lt;/p&gt;

&lt;p&gt;Or you can now use it as a core extension with Maven 3.3.1: &lt;a href="http://takari.io/2015/03/19/core-extensions.html" class="external-link" target="_blank" rel="nofollow noopener"&gt;http://takari.io/2015/03/19/core-extensions.html&lt;/a&gt;&lt;/p&gt;</comment>
                            <comment id="14652236" author="caarlos0" created="Mon, 3 Aug 2015 18:39:36 +0000">&lt;p&gt;Happens here too... very annoying BTW&lt;/p&gt;</comment>
                            <comment id="14681663" author="heymjo" created="Tue, 11 Aug 2015 11:31:27 +0000">&lt;p&gt;I added the takari libs into our maven 3.2.5 install as suggested above but it did not fix the problem. I have a build that consistently fails with -T1C option so it's easy to test any other solution you may have.&lt;/p&gt;</comment>
                            <comment id="14681665" author="hannes.kogler@ntsretail.com" created="Tue, 11 Aug 2015 11:32:40 +0000">&lt;p&gt;Dear Sir or Madam,&lt;/p&gt;

&lt;p&gt;Thank you for your message. I am out of the office at the moment and will be back on Monday, 17th. August 2015.&lt;br/&gt;
I will reply to your e-mail as soon as possible when I return.&lt;/p&gt;

&lt;p&gt;Please note that I will have limited access to my e-mail and your message will not be forwarded automatically.&lt;/p&gt;

&lt;p&gt;For urgent issues may I refer you to my colleagues Michael Weichselbaumer (MWE) and Ronald Angerer (RAN).&lt;/p&gt;

&lt;p&gt;Best regards&lt;/p&gt;

&lt;p&gt;Hannes Kogler&lt;br/&gt;
Software Engineer&lt;/p&gt;

&lt;p&gt;Registered Office | NTS New Technology Systems GmbH&lt;br/&gt;
Doernbacherstra&#223;e 126 | 4073 Wilhering | Austria&lt;br/&gt;
FN155693k | ATU42651803 | Court of Jurisdiction Linz&lt;/p&gt;
</comment>
                            <comment id="14681682" author="evanchsa" created="Tue, 11 Aug 2015 11:47:52 +0000">&lt;p&gt;I'm not sure that the Takari libs work for Maven 3.2.x.&lt;/p&gt;

&lt;p&gt;The Takari libs + Maven 3.3.x are an improvement but parallel builds will still fail. This is due to certain projects having their classpath corrupted. Successful builds have the correct classpath (obviously); unsuccessful builds will have an empty classpath.&lt;/p&gt;</comment>
                            <comment id="14681728" author="jvanzyl" created="Tue, 11 Aug 2015 12:29:42 +0000">&lt;p&gt;If you can reproduce it in a test project I can do something about it. The concurrent connector was originally created for a customer with 800 jobs in Jenkins sharing the same local repository and for this case it worked. I don't have any other solutions and I can't guess and make things for you to try. It could be the plugins you're using or some other configuration but if I, myself, cannot reproduce it there's nothing I can do to help you.&lt;/p&gt;</comment>
                            <comment id="14681733" author="jvanzyl" created="Tue, 11 Aug 2015 12:32:29 +0000">&lt;p&gt;I have some work that involves concurrent/distributed builds so I'm likely to take a look in the coming months but I'm happy to look sooner if you can make a build that exhibits the issue. Or if you look at the test cases for the connector and can make something fail I'll have something to work with. That's not a guarantee I have time to fix it but that's the minimum requirement for me to even try to do something about it.&lt;/p&gt;</comment>
                            <comment id="15883132" author="lngtmg" created="Fri, 24 Feb 2017 17:17:54 +0000">&lt;p&gt;really annoying thing &lt;img class="emoticon" src="https://issues.apache.org/jira/images/icons/emoticons/sad.png" height="16" width="16" align="absmiddle" alt="" border="0"/&gt;&lt;/p&gt;</comment>
                            <comment id="15938123" author="micheljung" created="Thu, 23 Mar 2017 11:19:31 +0000">&lt;p&gt;Yes, we run our release build on an empty local repository, and this issue prevents us from running parallel builds as they fail every now and then.&lt;/p&gt;</comment>
                            <comment id="16038928" author="btiernay" created="Tue, 6 Jun 2017 13:57:09 +0000">&lt;p&gt;&lt;a href="https://issues.apache.org/jira/secure/ViewProfile.jspa?name=hboutemy" class="user-hover" rel="hboutemy"&gt;hboutemy&lt;/a&gt; Is this still an open issue or was this fixed as a consequence of &lt;a href="https://issues.apache.org/jira/browse/MNG-6110" class="external-link" rel="nofollow"&gt;MNG-6110&lt;/a&gt; and can now be closed?&lt;/p&gt;</comment>
                            <comment id="16053273" author="ayud@mail.ru" created="Sun, 18 Jun 2017 18:10:35 +0000">&lt;p&gt;A build using 3.5.0 did not fail for me, while 3.2 had always been failing when the local repo was clean. Windows 7, 12 threads, 8 CPU cores. &lt;/p&gt;</comment>
                            <comment id="16737976" author="tuk" created="Wed, 9 Jan 2019 08:54:19 +0000">&lt;p&gt;3.5.0 is working fine for me for the past 1 year.&lt;/p&gt;</comment>
                            <comment id="16738065" author="salsa" created="Wed, 9 Jan 2019 10:10:41 +0000">&lt;p&gt;I can confirm that the recent Maven versions have worked fine for me also. Perhaps it was 3.3.9 that was stable already.&lt;/p&gt;</comment>
                            <comment id="16738134" author="ayud@mail.ru" created="Wed, 9 Jan 2019 11:38:23 +0000">&lt;p&gt;Just 2 weeks ago I saw 3.3.9 concurrent build downloading same arrtifact (dependency POM) concurrently and corrupting it in the local repo as a result. Have not seen this on some of the more recent versions. &lt;/p&gt;</comment>
                            <comment id="16741654" author="slachiewicz" created="Sun, 13 Jan 2019 20:59:50 +0000">&lt;p&gt;Close because it is no longer seen by users with the latest Maven versions.&lt;/p&gt;</comment>
                            <comment id="17127787" author="michael-o" created="Sun, 7 Jun 2020 22:09:21 +0000">&lt;p&gt;Read my description on the issue: &lt;a href="https://issues.apache.org/jira/browse/MRESOLVER-114?focusedCommentId=17127769&amp;amp;page=com.atlassian.jira.plugin.system.issuetabpanels:comment-tabpanel#comment-17127769" class="external-link" rel="nofollow"&gt;https://issues.apache.org/jira/browse/MRESOLVER-114?focusedCommentId=17127769&amp;amp;page=com.atlassian.jira.plugin.system.issuetabpanels:comment-tabpanel#comment-17127769&lt;/a&gt;&lt;/p&gt;</comment>
                            <comment id="17148096" author="michael-o" created="Mon, 29 Jun 2020 19:40:00 +0000">&lt;p&gt;Please test a new, global locking approach with &lt;a href="https://issues.apache.org/jira/browse/MRESOLVER-123" title="Provide a global locking sync context by default" class="issue-link" data-issue-key="MRESOLVER-123"&gt;&lt;del&gt;MRESOLVER-123&lt;/del&gt;&lt;/a&gt;. It is suited for concurrent access in &lt;b&gt;one&lt;/b&gt; VM.&lt;/p&gt;</comment>
                            <comment id="17178878" author="michael-o" created="Mon, 17 Aug 2020 09:51:10 +0000">&lt;p&gt;&lt;a href="https://issues.apache.org/jira/browse/MRESOLVER-131" title="Introduce a Redisson-based SyncContextFactory" class="issue-link" data-issue-key="MRESOLVER-131"&gt;&lt;del&gt;MRESOLVER-131&lt;/del&gt;&lt;/a&gt; introduces a fully new, multi-JVM concurrent approach based on Redis. Try it from here: &lt;a href="https://github.com/apache/maven-resolver/tree/MRESOLVER-131" class="external-link" target="_blank" rel="nofollow noopener"&gt;https://github.com/apache/maven-resolver/tree/MRESOLVER-131&lt;/a&gt;. Read it from here: &lt;a href="https://maven.apache.org/resolver-archives/resolver-LATEST/maven-resolver-synccontext-redisson/index.html" class="external-link" target="_blank" rel="nofollow noopener"&gt;https://maven.apache.org/resolver-archives/resolver-LATEST/maven-resolver-synccontext-redisson/index.html&lt;/a&gt;&lt;/p&gt;</comment>
                            <comment id="17211276" author="michael-o" created="Fri, 9 Oct 2020 18:38:40 +0000">&lt;p&gt;Use any of the two new sync contexts to solve this concurrency issue.&lt;/p&gt;</comment>
                            <comment id="17370084" author="michael-o" created="Sat, 26 Jun 2021 21:49:58 +0000">&lt;p&gt;Maven Resolver 1.6.2 will be available with Maven 3.8.2 so this has been addressed in 3.8.x too.&lt;/p&gt;</comment>
                    </comments>
                <issuelinks>
                            <issuelinktype id="12310460">
                    <name>Child-Issue</name>
                                                                <inwardlinks description="is a child of">
                                        <issuelink>
            <issuekey id="12796487">MNG-2802</issuekey>
        </issuelink>
                            </inwardlinks>
                                    </issuelinktype>
                            <issuelinktype id="12310560">
                    <name>Problem/Incident</name>
                                                                <inwardlinks description="is caused by">
                                        <issuelink>
            <issuekey id="13269577">MRESOLVER-114</issuekey>
        </issuelink>
                            </inwardlinks>
                                    </issuelinktype>
                            <issuelinktype id="12310260">
                    <name>Related</name>
                                                                <inwardlinks description="is related to">
                                        <issuelink>
            <issuekey id="12795748">MNG-4706</issuekey>
        </issuelink>
                            </inwardlinks>
                                    </issuelinktype>
                            <issuelinktype id="12310040">
                    <name>Required</name>
                                            <outwardlinks description="requires">
                                        <issuelink>
            <issuekey id="13334686">MNG-6996</issuekey>
        </issuelink>
                            </outwardlinks>
                                                        </issuelinktype>
                    </issuelinks>
                <attachments>
                            <attachment id="12713236" name="MNG-5315-3.0.x.patch" size="11509" author="evanchsa" created="Fri, 11 Oct 2013 18:24:36 +0000" />
                            <attachment id="12713390" name="MNG-5315-3.1.2-SNAPSHOT.patch" size="12423" author="evanchsa" created="Fri, 11 Oct 2013 18:01:25 +0000" />
                    </attachments>
                <subtasks>
                    </subtasks>
                <customfields>
                                                                                                                                                                                                                                                                                                                                                                                                                                                                                                                                                                                                                                                                                                                    <customfield id="customfield_12314020" key="com.atlassian.jira.plugins.jira-development-integration-plugin:devsummary">
                        <customfieldname>Development</customfieldname>
                        <customfieldvalues>
                            
                        </customfieldvalues>
                    </customfield>
                                                                                                                        <customfield id="customfield_12313422" key="com.atlassian.jirafisheyeplugin:jobcheckbox">
                        <customfieldname>Enable Automatic Patch Review</customfieldname>
                        <customfieldvalues>
                            <customfieldvalue>false</customfieldvalue>

                        </customfieldvalues>
                    </customfield>
                                                                                                                                                                                                                                                                                                                                                                                                                                                                                                                                                                                                                    <customfield id="customfield_12310420" key="com.pyxis.greenhopper.jira:gh-global-rank">
                        <customfieldname>Global Rank</customfieldname>
                        <customfieldvalues>
                            <customfieldvalue>9223372036854775807</customfieldvalue>
                        </customfieldvalues>
                    </customfield>
                                                                                                                                                                                                                                                                                                                                                                                                                                                                        <customfield id="customfield_12311820" key="com.pyxis.greenhopper.jira:gh-lexo-rank">
                        <customfieldname>Rank</customfieldname>
                        <customfieldvalues>
                            <customfieldvalue>0|i28wnr:</customfieldvalue>

                        </customfieldvalues>
                    </customfield>
                                                                <customfield id="customfield_12310920" key="com.pyxis.greenhopper.jira:gh-global-rank">
                        <customfieldname>Rank (Obsolete)</customfieldname>
                        <customfieldvalues>
                            <customfieldvalue>9223372036854775807</customfieldvalue>
                        </customfieldvalues>
                    </customfield>
                                                                                                                                                                                                                                                                                                                                                                                                                                                                                                                                                                                                                                                                                                                                                                                            </customfields>
    </item>


</channel>
</rss>