<rss version="0.92">
    <channel>
        <title>ASF JIRA</title>
        <link>https://issues.apache.org/jira/issues/?jql=project+%3D+MNG+and+type+%3D+bug+and+%28status+%3D+RESOLVED+or+status+%3D+closed%29</link>
        <description>An XML representation of a search request</description>
                <language>en-uk</language>
                        <issue start="0" end="1000" total="3303" />
                <build-info>
            <version>8.20.7</version>
            <build-number>820007</build-number>
            <build-date>16-03-2022</build-date>
        </build-info>

<item>
            <title>[MNG-5704] Resource Processing: Change to included files?</title>
                <link>https://issues.apache.org/jira/browse/MNG-5704</link>
                <project id="12316922" key="MNG">Maven</project>
                    <description>&lt;p&gt;Until a few weeks ago, I used our profiles with just directory instructions. This seems to have stopped working. Today I encountered a post about the very same Issue on stackoverflow - my answer to explicitly include the files seems to have resolved the Issue.&lt;/p&gt;

&lt;p&gt;For reference: &lt;br/&gt;
&lt;a href="http://stackoverflow.com/questions/26497522/maven-3-2-3-fails-to-import-resources-correctly" class="external-link" target="_blank" rel="nofollow noopener"&gt;http://stackoverflow.com/questions/26497522/maven-3-2-3-fails-to-import-resources-correctly&lt;/a&gt;&lt;/p&gt;

&lt;p&gt;So the question that arises: Is this a bug or a (undocumented) feature / change?&lt;/p&gt;

&lt;p&gt;&amp;#8212;&lt;/p&gt;

&lt;p&gt;When providing a profile like&lt;/p&gt;

&lt;div class="code panel" style="border-width: 1px;"&gt;&lt;div class="codeContent panelContent"&gt;
&lt;pre class="code-java"&gt;&amp;lt;profile&amp;gt;
        &amp;lt;id&amp;gt;dev&amp;lt;/id&amp;gt;
        &amp;lt;build&amp;gt;
            &amp;lt;resources&amp;gt;
                &amp;lt;resource&amp;gt;
                    &amp;lt;directory&amp;gt;src/main/config/local&amp;lt;/directory&amp;gt;
                &amp;lt;/resource&amp;gt;
            &amp;lt;/resources&amp;gt;
        &amp;lt;/build&amp;gt;
    &amp;lt;/profile&amp;gt;
&lt;/pre&gt;
&lt;/div&gt;&lt;/div&gt;

&lt;p&gt;Maven will not correctly process all the elements inside that folder, unless an explicit &lt;b&gt;include&lt;/b&gt; instruction has been given.&lt;/p&gt;

&lt;p&gt;I encountered this Issue along with &lt;b&gt;filtering&lt;/b&gt; resources, but the above linked post shows the same problem (and solution) even without filtering of resources.&lt;/p&gt;

&lt;p&gt;Side&lt;/p&gt;</description>
                <environment />
        <key id="12796374">MNG-5704</key>
            <summary>Resource Processing: Change to included files?</summary>
                <type id="1" iconUrl="https://issues.apache.org/jira/secure/viewavatar?size=xsmall&amp;avatarId=21133&amp;avatarType=issuetype">Bug</type>
                                            <priority id="4" iconUrl="https://issues.apache.org/jira/images/icons/priorities/minor.svg">Minor</priority>
                        <status id="6" iconUrl="https://issues.apache.org/jira/images/icons/statuses/closed.png" description="The issue is considered finished, the resolution is correct. Issues which are not closed can be reopened.">Closed</status>
                    <statusCategory id="3" key="done" colorName="green" />
                                    <resolution id="10000">Auto Closed</resolution>
                                        <assignee username="-1">Unassigned</assignee>
                                    <reporter username="dognose">dog nose</reporter>
                        <labels>
                    </labels>
                <created>Tue, 21 Oct 2014 18:18:05 +0000</created>
                <updated>Fri, 16 Mar 2018 22:42:22 +0000</updated>
                            <resolved>Fri, 16 Mar 2018 22:42:22 +0000</resolved>
                                    <version>3.2.3</version>
                                                    <component>Bootstrap &amp;amp; Build</component>
                        <due />
                            <votes>0</votes>
                                    <watches>2</watches>
                                                                <comments>
                            <comment id="14420002" author="dognose" created="Tue, 21 Oct 2014 18:33:22 +0000">&lt;p&gt;Unconfirmed Sidenode: It seems that only &lt;b&gt;building from the command prompt&lt;/b&gt; fails - eclipse was able to build the project correctly, when directly deploying to the (Wildfly-8.1)-Server added.&lt;/p&gt;

&lt;p&gt;We have been able to reproduce this for 3 different profiles: Command line fails (&lt;b&gt;mvn -f &lt;span class="error"&gt;&amp;#91;pathToPom&amp;#93;&lt;/span&gt; clean install -P &lt;span class="error"&gt;&amp;#91;profilename&amp;#93;&lt;/span&gt;&lt;/b&gt;), eclipse suceeds. (I don't know if Eclipse uses a dedicated, internal version of Maven)&lt;/p&gt;

&lt;p&gt;This is kind of a &lt;b&gt;second hand&lt;/b&gt; information &lt;img class="emoticon" src="https://issues.apache.org/jira/images/icons/emoticons/smile.png" height="16" width="16" align="absmiddle" alt="" border="0"/&gt;&lt;/p&gt;</comment>
                            <comment id="16403032" author="michael-o" created="Fri, 16 Mar 2018 22:42:22 +0000">&lt;p&gt;This issue has been auto closed because it has been inactive for a long period of time. If you think this issue still applies, retest your problem with the most recent version of Maven and the affected component, reopen and post your results.&lt;/p&gt;</comment>
                    </comments>
                    <attachments>
                    </attachments>
                <subtasks>
                    </subtasks>
                <customfields>
                                                                                                                                                                                                                                                                                                                                                                                                                                                                                                                                                                                                                                                                                                                    <customfield id="customfield_12314020" key="com.atlassian.jira.plugins.jira-development-integration-plugin:devsummary">
                        <customfieldname>Development</customfieldname>
                        <customfieldvalues>
                            
                        </customfieldvalues>
                    </customfield>
                                                                                                                        <customfield id="customfield_12313422" key="com.atlassian.jirafisheyeplugin:jobcheckbox">
                        <customfieldname>Enable Automatic Patch Review</customfieldname>
                        <customfieldvalues>
                            <customfieldvalue>false</customfieldvalue>

                        </customfieldvalues>
                    </customfield>
                                                                                                                                                                                                                                                                                                                                                                                                                                                                                                                                                                                                                    <customfield id="customfield_12310420" key="com.pyxis.greenhopper.jira:gh-global-rank">
                        <customfieldname>Global Rank</customfieldname>
                        <customfieldvalues>
                            <customfieldvalue>9223372036854775807</customfieldvalue>
                        </customfieldvalues>
                    </customfield>
                                                                                                                                                                                                                                                                                                                                                                                                                                                                        <customfield id="customfield_12311820" key="com.pyxis.greenhopper.jira:gh-lexo-rank">
                        <customfieldname>Rank</customfieldname>
                        <customfieldvalues>
                            <customfieldvalue>0|i298g7:</customfieldvalue>

                        </customfieldvalues>
                    </customfield>
                                                                <customfield id="customfield_12310920" key="com.pyxis.greenhopper.jira:gh-global-rank">
                        <customfieldname>Rank (Obsolete)</customfieldname>
                        <customfieldvalues>
                            <customfieldvalue>9223372036854775807</customfieldvalue>
                        </customfieldvalues>
                    </customfield>
                                                                                                                                                                                                                                                                                                                                                                                                                                                                                                                                                                                                                                                                                                                                                                                            </customfields>
    </item>


</channel>
</rss>