<rss version="0.92">
    <channel>
        <title>ASF JIRA</title>
        <link>https://issues.apache.org/jira/issues/?jql=project+%3D+MNG+and+type+%3D+bug+and+%28status+%3D+RESOLVED+or+status+%3D+closed%29</link>
        <description>An XML representation of a search request</description>
                <language>en-uk</language>
                        <issue start="0" end="1000" total="3303" />
                <build-info>
            <version>8.20.7</version>
            <build-number>820007</build-number>
            <build-date>16-03-2022</build-date>
        </build-info>

<item>
            <title>[MNG-5072] Wrong warning if you use multiple scopes for one dependency</title>
                <link>https://issues.apache.org/jira/browse/MNG-5072</link>
                <project id="12316922" key="MNG">Maven</project>
                    <description>&lt;p&gt;Example POM:&lt;/p&gt;

&lt;p&gt;&amp;lt;project xmlns="http://maven.apache.org/POM/4.0.0" xmlns:xsi="http://www.w3.org/2001/XMLSchema-instance"&lt;br/&gt;
	xsi:schemaLocation="http://maven.apache.org/POM/4.0.0 &lt;a href="http://maven.apache.org/xsd/maven-4.0.0.xsd" class="external-link" target="_blank" rel="nofollow noopener"&gt;http://maven.apache.org/xsd/maven-4.0.0.xsd&lt;/a&gt;"&amp;gt;&lt;br/&gt;
	&amp;lt;modelVersion&amp;gt;4.0.0&amp;lt;/modelVersion&amp;gt;&lt;br/&gt;
	&amp;lt;groupId&amp;gt;org.kreyssel.maven.multiscopebug&amp;lt;/groupId&amp;gt;&lt;br/&gt;
	&amp;lt;artifactId&amp;gt;multiscopebug&amp;lt;/artifactId&amp;gt;&lt;br/&gt;
	&amp;lt;version&amp;gt;0.0.1-SNAPSHOT&amp;lt;/version&amp;gt;&lt;/p&gt;

&lt;p&gt;	&amp;lt;dependencies&amp;gt;&lt;br/&gt;
		&amp;lt;dependency&amp;gt;&lt;br/&gt;
			&amp;lt;groupId&amp;gt;junit&amp;lt;/groupId&amp;gt;&lt;br/&gt;
			&amp;lt;artifactId&amp;gt;junit&amp;lt;/artifactId&amp;gt;&lt;br/&gt;
			&amp;lt;version&amp;gt;4.8.1&amp;lt;/version&amp;gt;&lt;br/&gt;
			&amp;lt;scope&amp;gt;test,runtime&amp;lt;/scope&amp;gt;&lt;br/&gt;
		&amp;lt;/dependency&amp;gt;&lt;br/&gt;
	&amp;lt;/dependencies&amp;gt;&lt;br/&gt;
&amp;lt;/project&amp;gt;&lt;/p&gt;

&lt;p&gt;If you use multiple scope for a dependencies you get a warning like:&lt;/p&gt;

&lt;p&gt;&lt;span class="error"&gt;&amp;#91;WARNING&amp;#93;&lt;/span&gt; Some problems were encountered while building the effective model for&lt;br/&gt;
org.kreyssel.maven.multirepos:multirepos-parent:jar:0.0.1-SNAPSHOT&lt;br/&gt;
&lt;span class="error"&gt;&amp;#91;WARNING&amp;#93;&lt;/span&gt; 'dependencies.dependency.scope' for junit:junit:jar must be one of [pr&lt;br/&gt;
ovided, compile, runtime, test, system] but is 'test,runtime'. @ line 13, column&lt;br/&gt;
 11&lt;/p&gt;

&lt;p&gt;Please change it. Thanks.&lt;/p&gt;</description>
                <environment />
        <key id="12794624">MNG-5072</key>
            <summary>Wrong warning if you use multiple scopes for one dependency</summary>
                <type id="1" iconUrl="https://issues.apache.org/jira/secure/viewavatar?size=xsmall&amp;avatarId=21133&amp;avatarType=issuetype">Bug</type>
                                            <priority id="3" iconUrl="https://issues.apache.org/jira/images/icons/priorities/major.svg">Major</priority>
                        <status id="6" iconUrl="https://issues.apache.org/jira/images/icons/statuses/closed.png" description="The issue is considered finished, the resolution is correct. Issues which are not closed can be reopened.">Closed</status>
                    <statusCategory id="3" key="done" colorName="green" />
                                    <resolution id="8">Not A Problem</resolution>
                                        <assignee username="bentmann">Benjamin Bentmann</assignee>
                                    <reporter username="azgard">Conny Krey&#223;el</reporter>
                        <labels>
                    </labels>
                <created>Wed, 20 Apr 2011 10:26:34 +0000</created>
                <updated>Thu, 21 Apr 2011 03:07:13 +0000</updated>
                            <resolved>Wed, 20 Apr 2011 10:30:58 +0000</resolved>
                                    <version>3.0.3</version>
                                                    <component>Dependencies</component>
                        <due />
                            <votes>0</votes>
                                    <watches>1</watches>
                                                                <comments>
                            <comment id="14417156" author="bentmann" created="Wed, 20 Apr 2011 10:30:58 +0000">&lt;p&gt;A dependency can have one and only one scope, the comma-separated syntax you showed is wrong and the warning is appropriate.&lt;/p&gt;</comment>
                            <comment id="14421183" author="azgard" created="Thu, 21 Apr 2011 01:05:43 +0000">&lt;p&gt;Thanks Benjamin, you right.&lt;/p&gt;

&lt;p&gt;But if its wrong syntax, should it not be an error and maven should stop the build. What scope did maven use in this case?&lt;/p&gt;</comment>
                            <comment id="14417192" author="bentmann" created="Thu, 21 Apr 2011 03:07:13 +0000">&lt;blockquote&gt;&lt;p&gt;should it not be an error and maven should stop the build.&lt;/p&gt;&lt;/blockquote&gt;
&lt;p&gt;See &lt;a href="https://issues.apache.org/jira/browse/MNG-3991" title="POM validator allows &amp;lt;scope&amp;gt;optional&amp;lt;/scope&amp;gt; but it is not valid." class="issue-link" data-issue-key="MNG-3991"&gt;&lt;del&gt;MNG-3991&lt;/del&gt;&lt;/a&gt;.&lt;/p&gt;
&lt;blockquote&gt;&lt;p&gt;What scope did maven use in this case?&lt;/p&gt;&lt;/blockquote&gt;
&lt;p&gt;I leave this as an excersice to you, mostly because I don't like stating the behavior which others might then pick up as being by design while it's really an undefined gray zone.&lt;/p&gt;</comment>
                    </comments>
                    <attachments>
                    </attachments>
                <subtasks>
                    </subtasks>
                <customfields>
                                                                                                                                                                                                                                                                                                                                                                                                                                                                                                                                                                                                                                                                                                                    <customfield id="customfield_12314020" key="com.atlassian.jira.plugins.jira-development-integration-plugin:devsummary">
                        <customfieldname>Development</customfieldname>
                        <customfieldvalues>
                            
                        </customfieldvalues>
                    </customfield>
                                                                                                                        <customfield id="customfield_12313422" key="com.atlassian.jirafisheyeplugin:jobcheckbox">
                        <customfieldname>Enable Automatic Patch Review</customfieldname>
                        <customfieldvalues>
                            <customfieldvalue>false</customfieldvalue>

                        </customfieldvalues>
                    </customfield>
                                                                                                                                                                                                                                                                                                                                                                                                                                                                                                                                                                                                                    <customfield id="customfield_12310420" key="com.pyxis.greenhopper.jira:gh-global-rank">
                        <customfieldname>Global Rank</customfieldname>
                        <customfieldvalues>
                            <customfieldvalue>9223372036854775807</customfieldvalue>
                        </customfieldvalues>
                    </customfield>
                                                                                                                                                                                                                                                                                                                                                                                                                                                                        <customfield id="customfield_12311820" key="com.pyxis.greenhopper.jira:gh-lexo-rank">
                        <customfieldname>Rank</customfieldname>
                        <customfieldvalues>
                            <customfieldvalue>0|i28r07:</customfieldvalue>

                        </customfieldvalues>
                    </customfield>
                                                                <customfield id="customfield_12310920" key="com.pyxis.greenhopper.jira:gh-global-rank">
                        <customfieldname>Rank (Obsolete)</customfieldname>
                        <customfieldvalues>
                            <customfieldvalue>9223372036854775807</customfieldvalue>
                        </customfieldvalues>
                    </customfield>
                                                                                                                                                                                                                                                                                                                                                                                                                                                                                                                                                                                                                                                                                                        <customfield id="customfield_12312220" key="com.atlassian.jira.plugin.system.customfieldtypes:radiobuttons">
                        <customfieldname>Testcase included</customfieldname>
                        <customfieldvalues>
                                <customfieldvalue key="11060">Yes</customfieldvalue>

                        </customfieldvalues>
                    </customfield>
                                                                                                                        </customfields>
    </item>


</channel>
</rss>