<rss version="0.92">
    <channel>
        <title>ASF JIRA</title>
        <link>https://issues.apache.org/jira/issues/?jql=project+%3D+MNG+and+type+%3D+bug+and+%28status+%3D+RESOLVED+or+status+%3D+closed%29</link>
        <description>An XML representation of a search request</description>
                <language>en-uk</language>
                        <issue start="0" end="1000" total="3303" />
                <build-info>
            <version>8.20.7</version>
            <build-number>820007</build-number>
            <build-date>16-03-2022</build-date>
        </build-info>

<item>
            <title>[MNG-5494] Add a license file that corresponds to each GAV in the distribution</title>
                <link>https://issues.apache.org/jira/browse/MNG-5494</link>
                <project id="12316922" key="MNG">Maven</project>
                    <description>&lt;p&gt;Right now we are not collecting the licenses for each binary artifact in the distribution. We tentatively decided that we will create a license file per artifact and include that in the distribution.&lt;/p&gt;</description>
                <environment />
        <key id="12796231">MNG-5494</key>
            <summary>Add a license file that corresponds to each GAV in the distribution</summary>
                <type id="1" iconUrl="https://issues.apache.org/jira/secure/viewavatar?size=xsmall&amp;avatarId=21133&amp;avatarType=issuetype">Bug</type>
                                            <priority id="3" iconUrl="https://issues.apache.org/jira/images/icons/priorities/major.svg">Major</priority>
                        <status id="6" iconUrl="https://issues.apache.org/jira/images/icons/statuses/closed.png" description="The issue is considered finished, the resolution is correct. Issues which are not closed can be reopened.">Closed</status>
                    <statusCategory id="3" key="done" colorName="green" />
                                    <resolution id="1">Fixed</resolution>
                                        <assignee username="jvanzyl">Jason van Zyl</assignee>
                                    <reporter username="jvanzyl">Jason van Zyl</reporter>
                        <labels>
                    </labels>
                <created>Sat, 13 Jul 2013 07:50:25 +0000</created>
                <updated>Sun, 16 Sep 2018 16:31:47 +0000</updated>
                            <resolved>Mon, 10 Feb 2014 10:17:34 +0000</resolved>
                                    <version>3.1.0</version>
                                    <fixVersion>3.2.1</fixVersion>
                                        <due />
                            <votes>1</votes>
                                    <watches>4</watches>
                                                                <comments>
                            <comment id="14418183" author="tchemit" created="Sat, 13 Jul 2013 07:58:35 +0000">&lt;p&gt;In the license-maven-plugin (at codehaus) We have a goal for this purpose download-license (&lt;a href="http://mojo.codehaus.org/license-maven-plugin/download-licenses-mojo.html" class="external-link" target="_blank" rel="nofollow noopener"&gt;http://mojo.codehaus.org/license-maven-plugin/download-licenses-mojo.html&lt;/a&gt;).&lt;/p&gt;

&lt;p&gt;Perhaps should we use a shared code ?&lt;/p&gt;</comment>
                            <comment id="14418296" author="jvanzyl" created="Sat, 18 Jan 2014 10:32:46 +0000">&lt;p&gt;What is producing the .license files currently. I don't find them particularly useful as you can't easily read the license text because it's in html, and it's not easily openable in a browser because of the non-standard extension. Either we should make them text files, or if we're going to leave them as html give them an html extension. Also it would be nice to move them into a separate directory as to not pollute the lib dir.&lt;/p&gt;</comment>
                            <comment id="14419304" author="jvanzyl" created="Mon, 10 Feb 2014 10:17:35 +0000">&lt;p&gt;The generated files appear good enough and while I don't particularly like them being placed in the lib directory I don't care enough right now to change it.&lt;/p&gt;</comment>
                            <comment id="16616760" author="hboutemy" created="Sun, 16 Sep 2018 14:59:00 +0000">&lt;p&gt;&lt;a href="https://gitbox.apache.org/repos/asf?p=maven.git;a=commit;h=b4dc8931f2cc7b56302df78c03a7db57211cd3a7" class="external-link" target="_blank" rel="nofollow noopener"&gt;https://gitbox.apache.org/repos/asf?p=maven.git;a=commit;h=b4dc8931f2cc7b56302df78c03a7db57211cd3a7&lt;/a&gt;&lt;br/&gt;
&lt;a href="https://gitbox.apache.org/repos/asf?p=maven.git;a=commit;h=380dc43a7abb6878962e4c133bd9c02e4330dd23" class="external-link" target="_blank" rel="nofollow noopener"&gt;https://gitbox.apache.org/repos/asf?p=maven.git;a=commit;h=380dc43a7abb6878962e4c133bd9c02e4330dd23&lt;/a&gt;&lt;/p&gt;</comment>
                    </comments>
                <issuelinks>
                            <issuelinktype id="12310560">
                    <name>Problem/Incident</name>
                                            <outwardlinks description="causes">
                                        <issuelink>
            <issuekey id="13138159">MNG-6358</issuekey>
        </issuelink>
            <issuelink>
            <issuekey id="13160958">MNG-6414</issuekey>
        </issuelink>
                            </outwardlinks>
                                                        </issuelinktype>
                            <issuelinktype id="10030">
                    <name>Reference</name>
                                                                <inwardlinks description="is related to">
                                        <issuelink>
            <issuekey id="13003217">MNG-6480</issuekey>
        </issuelink>
                            </inwardlinks>
                                    </issuelinktype>
                    </issuelinks>
                <attachments>
                    </attachments>
                <subtasks>
                    </subtasks>
                <customfields>
                                                                                                                                                                                                                                                                                                                                                                                                                                                                                                                                                                                                                                                                                                                    <customfield id="customfield_12314020" key="com.atlassian.jira.plugins.jira-development-integration-plugin:devsummary">
                        <customfieldname>Development</customfieldname>
                        <customfieldvalues>
                            
                        </customfieldvalues>
                    </customfield>
                                                                                                                        <customfield id="customfield_12313422" key="com.atlassian.jirafisheyeplugin:jobcheckbox">
                        <customfieldname>Enable Automatic Patch Review</customfieldname>
                        <customfieldvalues>
                            <customfieldvalue>false</customfieldvalue>

                        </customfieldvalues>
                    </customfield>
                                                                                                                                                                                                                                                                                                                                                                                                                                                                                                                                                                                                                    <customfield id="customfield_12310420" key="com.pyxis.greenhopper.jira:gh-global-rank">
                        <customfieldname>Global Rank</customfieldname>
                        <customfieldvalues>
                            <customfieldvalue>9223372036854775807</customfieldvalue>
                        </customfieldvalues>
                    </customfield>
                                                                                                                                                                                                                                                                                                                                                                                                                                                                        <customfield id="customfield_12311820" key="com.pyxis.greenhopper.jira:gh-lexo-rank">
                        <customfieldname>Rank</customfieldname>
                        <customfieldvalues>
                            <customfieldvalue>0|i2930f:</customfieldvalue>

                        </customfieldvalues>
                    </customfield>
                                                                <customfield id="customfield_12310920" key="com.pyxis.greenhopper.jira:gh-global-rank">
                        <customfieldname>Rank (Obsolete)</customfieldname>
                        <customfieldvalues>
                            <customfieldvalue>9223372036854775807</customfieldvalue>
                        </customfieldvalues>
                    </customfield>
                                                                                                                                                                                                                                                                                                                                                                                                                                                                                                                                                                                                                                                                                                                                                                                            </customfields>
    </item>


</channel>
</rss>