<rss version="0.92">
    <channel>
        <title>ASF JIRA</title>
        <link>https://issues.apache.org/jira/issues/?jql=project+%3D+MNG+and+type+%3D+bug+and+%28status+%3D+RESOLVED+or+status+%3D+closed%29</link>
        <description>An XML representation of a search request</description>
                <language>en-uk</language>
                        <issue start="0" end="1000" total="3303" />
                <build-info>
            <version>8.20.7</version>
            <build-number>820007</build-number>
            <build-date>16-03-2022</build-date>
        </build-info>

<item>
            <title>[MNG-5489] Startup doesn't fail gracefully if shell CWD is in non-existent dir.</title>
                <link>https://issues.apache.org/jira/browse/MNG-5489</link>
                <project id="12316922" key="MNG">Maven</project>
                    <description>&lt;p&gt;A sequence of commands which ends up executing maven from a formerly existing dir produces the error below.&lt;/p&gt;

&lt;div class="code panel" style="border-width: 1px;"&gt;&lt;div class="codeContent panelContent"&gt;
&lt;pre class="code-java"&gt;cd target/classes
mvn clean  ## From other console
mvn build
&lt;/pre&gt;
&lt;/div&gt;&lt;/div&gt;

&lt;div class="code panel" style="border-width: 1px;"&gt;&lt;div class="codeContent panelContent"&gt;
&lt;pre class="code-java"&gt;ondra@lenovo:~/work/AS/Migration/git-repo/target/as-dist$ mvn deploy -DskipTests
shell-init: error retrieving current directory: getcwd: cannot access parent directories: No such file or directory                                                                                                                                          
pwd: error retrieving current directory: getcwd: cannot access parent directories: No such file or directory                                                                                                                                                 
pwd: error retrieving current directory: getcwd: cannot access parent directories: No such file or directory                                                                                                                                                 
chdir: error retrieving current directory: getcwd: cannot access parent directories: No such file or directory                                                                                                                                               
chdir: error retrieving current directory: getcwd: cannot access parent directories: No such file or directory                                                                                                                                               
                                                                                                                                                                                                                                                             
malloc: ../../bash/builtins/../../bash/builtins/cd.def:501: assertion botched                                                                                                                                                                                
free: start and end chunk sizes differ                                                                                                                                                                                                                       
Aborting...Aborted (core dumped)                                                                       &lt;/pre&gt;
&lt;/div&gt;&lt;/div&gt;  </description>
                <environment />
        <key id="12796224">MNG-5489</key>
            <summary>Startup doesn't fail gracefully if shell CWD is in non-existent dir.</summary>
                <type id="1" iconUrl="https://issues.apache.org/jira/secure/viewavatar?size=xsmall&amp;avatarId=21133&amp;avatarType=issuetype">Bug</type>
                                            <priority id="3" iconUrl="https://issues.apache.org/jira/images/icons/priorities/major.svg">Major</priority>
                        <status id="6" iconUrl="https://issues.apache.org/jira/images/icons/statuses/closed.png" description="The issue is considered finished, the resolution is correct. Issues which are not closed can be reopened.">Closed</status>
                    <statusCategory id="3" key="done" colorName="green" />
                                    <resolution id="5">Cannot Reproduce</resolution>
                                        <assignee username="-1">Unassigned</assignee>
                                    <reporter username="pekarna">Ondra &#381;i&#382;ka</reporter>
                        <labels>
                    </labels>
                <created>Sat, 29 Jun 2013 01:27:38 +0000</created>
                <updated>Thu, 23 Jan 2014 11:45:38 +0000</updated>
                            <resolved>Thu, 23 Jan 2014 11:45:38 +0000</resolved>
                                    <version>3.0.4</version>
                                                    <component>Bootstrap &amp;amp; Build</component>
                    <component>Command Line</component>
                        <due />
                            <votes>0</votes>
                                    <watches>2</watches>
                                                                        <attachments>
                    </attachments>
                <subtasks>
                    </subtasks>
                <customfields>
                                                                                                                                                                                                                                                                                                                                                                                                                                                                                                                                                                                                                                                                                                                    <customfield id="customfield_12314020" key="com.atlassian.jira.plugins.jira-development-integration-plugin:devsummary">
                        <customfieldname>Development</customfieldname>
                        <customfieldvalues>
                            
                        </customfieldvalues>
                    </customfield>
                                                                                                                        <customfield id="customfield_12313422" key="com.atlassian.jirafisheyeplugin:jobcheckbox">
                        <customfieldname>Enable Automatic Patch Review</customfieldname>
                        <customfieldvalues>
                            <customfieldvalue>false</customfieldvalue>

                        </customfieldvalues>
                    </customfield>
                                                                                                                                                                                                                                                                                                                                                                                                                                                                                                                                                                                                                    <customfield id="customfield_12310420" key="com.pyxis.greenhopper.jira:gh-global-rank">
                        <customfieldname>Global Rank</customfieldname>
                        <customfieldvalues>
                            <customfieldvalue>9223372036854775807</customfieldvalue>
                        </customfieldvalues>
                    </customfield>
                                                                                                                                                                                                                                                                                                                                                                                                                                                                        <customfield id="customfield_12311820" key="com.pyxis.greenhopper.jira:gh-lexo-rank">
                        <customfieldname>Rank</customfieldname>
                        <customfieldvalues>
                            <customfieldvalue>0|i291mv:</customfieldvalue>

                        </customfieldvalues>
                    </customfield>
                                                                <customfield id="customfield_12310920" key="com.pyxis.greenhopper.jira:gh-global-rank">
                        <customfieldname>Rank (Obsolete)</customfieldname>
                        <customfieldvalues>
                            <customfieldvalue>9223372036854775807</customfieldvalue>
                        </customfieldvalues>
                    </customfield>
                                                                                                                                                                                                                                                                                                                                                                                                                                                                                                                                                                                                                                                                                                                                                                                            </customfields>
    </item>


</channel>
</rss>