<rss version="0.92">
    <channel>
        <title>ASF JIRA</title>
        <link>https://issues.apache.org/jira/issues/?jql=project+%3D+MNG+and+type+%3D+bug+and+%28status+%3D+RESOLVED+or+status+%3D+closed%29</link>
        <description>An XML representation of a search request</description>
                <language>en-uk</language>
                        <issue start="0" end="1000" total="3303" />
                <build-info>
            <version>8.20.7</version>
            <build-number>820007</build-number>
            <build-date>16-03-2022</build-date>
        </build-info>

<item>
            <title>[MNG-5784] SO question regarding replacing name tag with ${project.parent.name} does not work in multi module builds.</title>
                <link>https://issues.apache.org/jira/browse/MNG-5784</link>
                <project id="12316922" key="MNG">Maven</project>
                    <description>&lt;p&gt;Based on the following stackoverflow question: &lt;a href="http://stackoverflow.com/questions/29013184/maven-support-for-property-substitution-in-project-name" class="external-link" target="_blank" rel="nofollow noopener"&gt;http://stackoverflow.com/questions/29013184/maven-support-for-property-substitution-in-project-name&lt;/a&gt;&lt;br/&gt;
The described behaviour looks wrong to me. &lt;/p&gt;

&lt;p&gt;The question is: Is it bug?&lt;/p&gt;

&lt;p&gt;Copied content from SO:&lt;/p&gt;

&lt;p&gt;In a multi module project, I want to reuse the project name from the parent pom as part of the project name for each module. The only info I have managed to find says that property substitution is not allowed in /project/(groupId|artifactId|version), which suggests that it is allowed in /project/name.&lt;/p&gt;

&lt;p&gt;I have tried setting /project/name to `${project.parent.name} - Some Module` in the pom for a sub module, but it seems that this property is only substituted selectively: sometimes the literal string `${project.parent.name} - Some Module` is used, sometimes the substitution works.&lt;/p&gt;

&lt;p&gt;In the reactor summary, for example, the literal string is used:&lt;/p&gt;

&lt;div class="code panel" style="border-width: 1px;"&gt;&lt;div class="codeContent panelContent"&gt;
&lt;pre class="code-java"&gt;    [INFO] ------------------------------------------------------------------------
    [INFO] Reactor Summary:
    [INFO]
    [INFO] Glorious Parent .................................... SUCCESS [  0.016 s]
    [INFO] ${project.parent.name} - Some Module ............... SUCCESS [  2.482 s]
    [INFO] ------------------------------------------------------------------------
    [INFO] BUILD SUCCESS
    [INFO] ------------------------------------------------------------------------
&lt;/pre&gt;
&lt;/div&gt;&lt;/div&gt;

&lt;p&gt;Same thing for the archiver when creating a manifest file using `&amp;lt;addDefaultSpecificationEntries&amp;gt;` or `&amp;lt;addDefaultImplementationEntries&amp;gt;`.&lt;/p&gt;

&lt;p&gt;However, if I manually add manifest entries, the substitution happens:&lt;/p&gt;

&lt;div class="code panel" style="border-width: 1px;"&gt;&lt;div class="codeContent panelContent"&gt;
&lt;pre class="code-java"&gt;    &amp;lt;manifestEntries&amp;gt;
        &amp;lt;Project-Name&amp;gt;${project.name}&amp;lt;/Project-Name&amp;gt;
    &amp;lt;/manifestEntries&amp;gt;
&lt;/pre&gt;
&lt;/div&gt;&lt;/div&gt;

&lt;p&gt;Results in `Project-Name: Glorious Parent - Some Module`&lt;/p&gt;

&lt;p&gt;Is there any way to know when or where the substitution will happen, or - preferrably - to make it happen everywhere, all the time?&lt;/p&gt;

&lt;p&gt;*&lt;b&gt;Example pom.xml: (parent)&lt;/b&gt;*&lt;/p&gt;

&lt;div class="code panel" style="border-width: 1px;"&gt;&lt;div class="codeContent panelContent"&gt;
&lt;pre class="code-java"&gt;    &amp;lt;?xml version=&lt;span class="code-quote"&gt;"1.0"&lt;/span&gt; encoding=&lt;span class="code-quote"&gt;"UTF-8"&lt;/span&gt;?&amp;gt;
    &amp;lt;project xmlns=&lt;span class="code-quote"&gt;"http:&lt;span class="code-comment"&gt;//maven.apache.org/POM/4.0.0"&lt;/span&gt; xmlns:xsi=&lt;span class="code-quote"&gt;"http://www.w3.org/2001/XMLSchema-instance"&lt;/span&gt; xsi:schemaLocation=&lt;span class="code-quote"&gt;"http://maven.apache.org/POM/4.0.0 http://maven.apache.org/maven-v4_0_0.xsd"&lt;/span&gt;&amp;gt;
&lt;/span&gt;    	&amp;lt;modelVersion&amp;gt;4.0.0&amp;lt;/modelVersion&amp;gt;
    	
    	&amp;lt;groupId&amp;gt;dummy-group-id&amp;lt;/groupId&amp;gt;
    	&amp;lt;artifactId&amp;gt;dummy-parent&amp;lt;/artifactId&amp;gt;
    	&amp;lt;version&amp;gt;1.0&amp;lt;/version&amp;gt;
    	&amp;lt;packaging&amp;gt;pom&amp;lt;/packaging&amp;gt;
    	&amp;lt;name&amp;gt;Glorious Parent&amp;lt;/name&amp;gt;
    	
    	&amp;lt;properties&amp;gt;
    		&amp;lt;project.build.sourceEncoding&amp;gt;UTF-8&amp;lt;/project.build.sourceEncoding&amp;gt;
    	&amp;lt;/properties&amp;gt;
    
      &amp;lt;modules&amp;gt;
        &amp;lt;module&amp;gt;child&amp;lt;/module&amp;gt;
      &amp;lt;/modules&amp;gt;
    &amp;lt;/project&amp;gt;
&lt;/pre&gt;
&lt;/div&gt;&lt;/div&gt;

&lt;p&gt;*&lt;b&gt;Example child/pom.xml: (module)&lt;/b&gt;*&lt;/p&gt;

&lt;div class="code panel" style="border-width: 1px;"&gt;&lt;div class="codeContent panelContent"&gt;
&lt;pre class="code-java"&gt;    &amp;lt;?xml version=&lt;span class="code-quote"&gt;"1.0"&lt;/span&gt; encoding=&lt;span class="code-quote"&gt;"UTF-8"&lt;/span&gt;?&amp;gt;
    &amp;lt;project xmlns=&lt;span class="code-quote"&gt;"http:&lt;span class="code-comment"&gt;//maven.apache.org/POM/4.0.0"&lt;/span&gt; xmlns:xsi=&lt;span class="code-quote"&gt;"http://www.w3.org/2001/XMLSchema-instance"&lt;/span&gt; xsi:schemaLocation=&lt;span class="code-quote"&gt;"http://maven.apache.org/POM/4.0.0 http://maven.apache.org/maven-v4_0_0.xsd"&lt;/span&gt;&amp;gt;
&lt;/span&gt;    	&amp;lt;modelVersion&amp;gt;4.0.0&amp;lt;/modelVersion&amp;gt;
    	
    	&amp;lt;parent&amp;gt;
    		&amp;lt;groupId&amp;gt;dummy-group-id&amp;lt;/groupId&amp;gt;
    		&amp;lt;artifactId&amp;gt;dummy-parent&amp;lt;/artifactId&amp;gt;
    		&amp;lt;version&amp;gt;1.0&amp;lt;/version&amp;gt;
    	&amp;lt;/parent&amp;gt;
    
    	&amp;lt;artifactId&amp;gt;dummy-test-artifact&amp;lt;/artifactId&amp;gt;
    	&amp;lt;name&amp;gt;${project.parent.name} - Some Module&amp;lt;/name&amp;gt;
    
    	&amp;lt;build&amp;gt;
    		&amp;lt;plugins&amp;gt;
    			&amp;lt;plugin&amp;gt;
    				&amp;lt;groupId&amp;gt;org.apache.maven.plugins&amp;lt;/groupId&amp;gt;
    				&amp;lt;artifactId&amp;gt;maven-jar-plugin&amp;lt;/artifactId&amp;gt;
    				&amp;lt;version&amp;gt;2.6&amp;lt;/version&amp;gt;
    				&amp;lt;configuration&amp;gt;
    					&amp;lt;archive&amp;gt;
    						&amp;lt;manifest&amp;gt;
    							&amp;lt;addDefaultSpecificationEntries&amp;gt;&lt;span class="code-keyword"&gt;true&lt;/span&gt;&amp;lt;/addDefaultSpecificationEntries&amp;gt;
    							&amp;lt;addDefaultImplementationEntries&amp;gt;&lt;span class="code-keyword"&gt;true&lt;/span&gt;&amp;lt;/addDefaultImplementationEntries&amp;gt;
    						&amp;lt;/manifest&amp;gt;
    						&amp;lt;manifestEntries&amp;gt;
    							&amp;lt;Project-Name&amp;gt;${project.name}&amp;lt;/Project-Name&amp;gt;
    						&amp;lt;/manifestEntries&amp;gt;
    					&amp;lt;/archive&amp;gt;
    				&amp;lt;/configuration&amp;gt;
    			&amp;lt;/plugin&amp;gt;
    		&amp;lt;/plugins&amp;gt;
    	&amp;lt;/build&amp;gt;
    	
    &amp;lt;/project&amp;gt;
&lt;/pre&gt;
&lt;/div&gt;&lt;/div&gt;

&lt;p&gt;*&lt;b&gt;Resulting manifest:&lt;/b&gt;*&lt;/p&gt;

&lt;div class="code panel" style="border-width: 1px;"&gt;&lt;div class="codeContent panelContent"&gt;
&lt;pre class="code-java"&gt;    Manifest-Version: 1.0
    Implementation-Title: ${project.parent.name} - Some Module
    Project-Name: Glorious Parent - Some Module
    Implementation-Version: 1.0
    Archiver-Version: Plexus Archiver
    Built-By: developer
    Specification-Title: ${project.parent.name} - Some Module
    Implementation-Vendor-Id: dummy-group-id
    Created-By: Apache Maven 3.2.5
    Build-Jdk: 1.8.0_31
    Specification-Version: 1.0
&lt;/pre&gt;
&lt;/div&gt;&lt;/div&gt;

&lt;p&gt;*&lt;b&gt;File structure:&lt;/b&gt;*&lt;/p&gt;

&lt;p&gt;    myproject/&lt;br/&gt;
      pom.xml&lt;br/&gt;
      child/&lt;br/&gt;
        pom.xml&lt;/p&gt;

&lt;p&gt;*&lt;b&gt;Maven version:&lt;/b&gt;* 3.2.5&lt;/p&gt;



</description>
                <environment />
        <key id="12796296">MNG-5784</key>
            <summary>SO question regarding replacing name tag with ${project.parent.name} does not work in multi module builds.</summary>
                <type id="1" iconUrl="https://issues.apache.org/jira/secure/viewavatar?size=xsmall&amp;avatarId=21133&amp;avatarType=issuetype">Bug</type>
                                            <priority id="4" iconUrl="https://issues.apache.org/jira/images/icons/priorities/minor.svg">Minor</priority>
                        <status id="6" iconUrl="https://issues.apache.org/jira/images/icons/statuses/closed.png" description="The issue is considered finished, the resolution is correct. Issues which are not closed can be reopened.">Closed</status>
                    <statusCategory id="3" key="done" colorName="green" />
                                    <resolution id="8">Not A Problem</resolution>
                                        <assignee username="schulte77">Christian Schulte</assignee>
                                    <reporter username="khmarbaise">Karl Heinz Marbaise</reporter>
                        <labels>
                    </labels>
                <created>Thu, 12 Mar 2015 11:12:39 +0000</created>
                <updated>Sat, 12 Nov 2016 18:33:15 +0000</updated>
                            <resolved>Wed, 24 Feb 2016 23:15:01 +0000</resolved>
                                                                    <component>Inheritance and Interpolation</component>
                        <due />
                            <votes>1</votes>
                                    <watches>4</watches>
                                                                <comments>
                            <comment id="15166306" author="schulte77" created="Wed, 24 Feb 2016 23:15:02 +0000">&lt;p&gt;The example is using an incorrect property name &lt;tt&gt;project.parent.name&lt;/tt&gt;. There is no &lt;tt&gt;&amp;lt;name&amp;gt;&lt;/tt&gt; element in the &lt;tt&gt;&amp;lt;parent&amp;gt;&lt;/tt&gt; declaration. Only those elements can be referenced.&lt;/p&gt;</comment>
                            <comment id="15166861" author="hboutemy" created="Thu, 25 Feb 2016 07:33:46 +0000">&lt;p&gt;just have a look at POM model &lt;a href="http://maven.apache.org/ref/3-LATEST/maven-model/maven.html" class="external-link" target="_blank" rel="nofollow noopener"&gt;http://maven.apache.org/ref/3-LATEST/maven-model/maven.html&lt;/a&gt;&lt;br/&gt;
&lt;tt&gt;project.parent&lt;/tt&gt; is not the parent project, like the &lt;tt&gt;project.parent.name&lt;/tt&gt; suggests, but it represents the &lt;tt&gt;&amp;lt;parent&amp;gt;&lt;/tt&gt; pom.xml element&lt;/p&gt;

&lt;p&gt;I suppose we could change the model builder algorithm &lt;a href="http://maven.apache.org/ref/3-LATEST/maven-model-builder/" class="external-link" target="_blank" rel="nofollow noopener"&gt;http://maven.apache.org/ref/3-LATEST/maven-model-builder/&lt;/a&gt; to have parent project available as something like &lt;tt&gt;project.parent.project&lt;/tt&gt; in the inheritance assembly: don't know if there is a side effet I don't imagine yet...&lt;/p&gt;</comment>
                    </comments>
                <issuelinks>
                            <issuelinktype id="10030">
                    <name>Reference</name>
                                            <outwardlinks description="relates to">
                                        <issuelink>
            <issuekey id="12803406">MPH-85</issuekey>
        </issuelink>
                            </outwardlinks>
                                                        </issuelinktype>
                    </issuelinks>
                <attachments>
                    </attachments>
                <subtasks>
                    </subtasks>
                <customfields>
                                                                                                                                                                                                                                                                                                                                                                                                                                                                                                                                                                                                                                                                                                                    <customfield id="customfield_12314020" key="com.atlassian.jira.plugins.jira-development-integration-plugin:devsummary">
                        <customfieldname>Development</customfieldname>
                        <customfieldvalues>
                            
                        </customfieldvalues>
                    </customfield>
                                                                                                                        <customfield id="customfield_12313422" key="com.atlassian.jirafisheyeplugin:jobcheckbox">
                        <customfieldname>Enable Automatic Patch Review</customfieldname>
                        <customfieldvalues>
                            <customfieldvalue>false</customfieldvalue>

                        </customfieldvalues>
                    </customfield>
                                                                                                                                                                                                                                                                                                                                                                                                                                                                                                                                                                                                                    <customfield id="customfield_12310420" key="com.pyxis.greenhopper.jira:gh-global-rank">
                        <customfieldname>Global Rank</customfieldname>
                        <customfieldvalues>
                            <customfieldvalue>9223372036854775807</customfieldvalue>
                        </customfieldvalues>
                    </customfield>
                                                                                                                                                                                                                                                                                                                                                                                                                                                                        <customfield id="customfield_12311820" key="com.pyxis.greenhopper.jira:gh-lexo-rank">
                        <customfieldname>Rank</customfieldname>
                        <customfieldvalues>
                            <customfieldvalue>0|i28oev:</customfieldvalue>

                        </customfieldvalues>
                    </customfield>
                                                                <customfield id="customfield_12310920" key="com.pyxis.greenhopper.jira:gh-global-rank">
                        <customfieldname>Rank (Obsolete)</customfieldname>
                        <customfieldvalues>
                            <customfieldvalue>9223372036854775807</customfieldvalue>
                        </customfieldvalues>
                    </customfield>
                                                                                                                                                                                                                                                                                                                                                                                                                                                                                                                                                                                                                                                                                                                                                                                            </customfields>
    </item>


</channel>
</rss>