<rss version="0.92">
    <channel>
        <title>ASF JIRA</title>
        <link>https://issues.apache.org/jira/issues/?jql=project+%3D+MNG+and+type+%3D+bug+and+%28status+%3D+RESOLVED+or+status+%3D+closed%29</link>
        <description>An XML representation of a search request</description>
                <language>en-uk</language>
                        <issue start="0" end="1000" total="3303" />
                <build-info>
            <version>8.20.7</version>
            <build-number>820007</build-number>
            <build-date>16-03-2022</build-date>
        </build-info>

<item>
            <title>[MNG-5225] The default version of the maven-site-plugin as defined in the site-lifecycle must be 3.x</title>
                <link>https://issues.apache.org/jira/browse/MNG-5225</link>
                <project id="12316922" key="MNG">Maven</project>
                    <description>&lt;p&gt;&lt;a href="http://svn.apache.org/viewvc/maven/maven-3/trunk/maven-core/src/main/resources/META-INF/plexus/components.xml?view=markup#l116" class="external-link" target="_blank" rel="nofollow noopener"&gt;http://svn.apache.org/viewvc/maven/maven-3/trunk/maven-core/src/main/resources/META-INF/plexus/components.xml?view=markup#l116&lt;/a&gt;&lt;/p&gt;

&lt;p&gt;The version still refers to 2.0.1, which it not compatible with Maven3&lt;/p&gt;</description>
                <environment />
        <key id="12793087">MNG-5225</key>
            <summary>The default version of the maven-site-plugin as defined in the site-lifecycle must be 3.x</summary>
                <type id="1" iconUrl="https://issues.apache.org/jira/secure/viewavatar?size=xsmall&amp;avatarId=21133&amp;avatarType=issuetype">Bug</type>
                                            <priority id="3" iconUrl="https://issues.apache.org/jira/images/icons/priorities/major.svg">Major</priority>
                        <status id="6" iconUrl="https://issues.apache.org/jira/images/icons/statuses/closed.png" description="The issue is considered finished, the resolution is correct. Issues which are not closed can be reopened.">Closed</status>
                    <statusCategory id="3" key="done" colorName="green" />
                                    <resolution id="1">Fixed</resolution>
                                        <assignee username="olamy">Olivier Lamy</assignee>
                                    <reporter username="rfscholte">Robert Scholte</reporter>
                        <labels>
                    </labels>
                <created>Wed, 4 Jan 2012 14:57:59 +0000</created>
                <updated>Fri, 6 Jan 2012 02:17:55 +0000</updated>
                            <resolved>Wed, 4 Jan 2012 15:16:06 +0000</resolved>
                                    <version>3.0.3</version>
                                    <fixVersion>3.0.4</fixVersion>
                                    <component>Plugins and Lifecycle</component>
                        <due />
                            <votes>0</votes>
                                    <watches>1</watches>
                                                                <comments>
                            <comment id="14417458" author="olamy" created="Wed, 4 Jan 2012 15:10:31 +0000">&lt;p&gt;3.0.4RC branch rev 1227325.&lt;/p&gt;</comment>
                            <comment id="14417579" author="olamy" created="Wed, 4 Jan 2012 15:16:06 +0000">&lt;p&gt;merged in trunk r1227327&lt;/p&gt;</comment>
                            <comment id="14417602" author="afloom" created="Fri, 6 Jan 2012 01:19:55 +0000">&lt;p&gt;This is a duplicate of &lt;a href="https://issues.apache.org/jira/browse/MNG-5221" title="Default version of m-site-p does not work (no reports)" class="issue-link" data-issue-key="MNG-5221"&gt;&lt;del&gt;MNG-5221&lt;/del&gt;&lt;/a&gt;.&lt;/p&gt;</comment>
                    </comments>
                <issuelinks>
                            <issuelinktype id="12310000">
                    <name>Duplicate</name>
                                                                <inwardlinks description="is duplicated by">
                                        <issuelink>
            <issuekey id="12793314">MNG-5221</issuekey>
        </issuelink>
                            </inwardlinks>
                                    </issuelinktype>
                    </issuelinks>
                <attachments>
                    </attachments>
                <subtasks>
                    </subtasks>
                <customfields>
                                                                                                                                                                                                                                                                                                                                                                                                                                                                                                                                                                                                                                                                                                                    <customfield id="customfield_12314020" key="com.atlassian.jira.plugins.jira-development-integration-plugin:devsummary">
                        <customfieldname>Development</customfieldname>
                        <customfieldvalues>
                            
                        </customfieldvalues>
                    </customfield>
                                                                                                                        <customfield id="customfield_12313422" key="com.atlassian.jirafisheyeplugin:jobcheckbox">
                        <customfieldname>Enable Automatic Patch Review</customfieldname>
                        <customfieldvalues>
                            <customfieldvalue>false</customfieldvalue>

                        </customfieldvalues>
                    </customfield>
                                                                                                                                                                                                                                                                                                                                                                                                                                                                                                                                                                                                                    <customfield id="customfield_12310420" key="com.pyxis.greenhopper.jira:gh-global-rank">
                        <customfieldname>Global Rank</customfieldname>
                        <customfieldvalues>
                            <customfieldvalue>9223372036854775807</customfieldvalue>
                        </customfieldvalues>
                    </customfield>
                                                                                                                                                                                                                                                                                                                                                                                                                                                                        <customfield id="customfield_12311820" key="com.pyxis.greenhopper.jira:gh-lexo-rank">
                        <customfieldname>Rank</customfieldname>
                        <customfieldvalues>
                            <customfieldvalue>0|i297xj:</customfieldvalue>

                        </customfieldvalues>
                    </customfield>
                                                                <customfield id="customfield_12310920" key="com.pyxis.greenhopper.jira:gh-global-rank">
                        <customfieldname>Rank (Obsolete)</customfieldname>
                        <customfieldvalues>
                            <customfieldvalue>9223372036854775807</customfieldvalue>
                        </customfieldvalues>
                    </customfield>
                                                                                                                                                                                                                                                                                                                                                                                                                                                                                                                                                                                                                                                                                                                                                                                            </customfields>
    </item>


</channel>
</rss>