<rss version="0.92">
    <channel>
        <title>ASF JIRA</title>
        <link>https://issues.apache.org/jira/issues/?jql=project+%3D+MNG+and+type+%3D+bug+and+%28status+%3D+RESOLVED+or+status+%3D+closed%29</link>
        <description>An XML representation of a search request</description>
                <language>en-uk</language>
                        <issue start="0" end="1000" total="3303" />
                <build-info>
            <version>8.20.7</version>
            <build-number>820007</build-number>
            <build-date>16-03-2022</build-date>
        </build-info>

<item>
            <title>[MNG-5813] Make MAVEN_OPTS env variable with mvnDebug correctly</title>
                <link>https://issues.apache.org/jira/browse/MNG-5813</link>
                <project id="12316922" key="MNG">Maven</project>
                    <description>&lt;p&gt;Corresponding PR: &lt;a href="https://github.com/apache/maven/pull/44" class="external-link" target="_blank" rel="nofollow noopener"&gt;https://github.com/apache/maven/pull/44&lt;/a&gt;&lt;/p&gt;</description>
                <environment />
        <key id="12825574">MNG-5813</key>
            <summary>Make MAVEN_OPTS env variable with mvnDebug correctly</summary>
                <type id="1" iconUrl="https://issues.apache.org/jira/secure/viewavatar?size=xsmall&amp;avatarId=21133&amp;avatarType=issuetype">Bug</type>
                                            <priority id="3" iconUrl="https://issues.apache.org/jira/images/icons/priorities/major.svg">Major</priority>
                        <status id="6" iconUrl="https://issues.apache.org/jira/images/icons/statuses/closed.png" description="The issue is considered finished, the resolution is correct. Issues which are not closed can be reopened.">Closed</status>
                    <statusCategory id="3" key="done" colorName="green" />
                                    <resolution id="1">Fixed</resolution>
                                        <assignee username="agudian">Andreas Gudian</assignee>
                                    <reporter username="jvanzyl">Jason van Zyl</reporter>
                        <labels>
                    </labels>
                <created>Tue, 28 Apr 2015 16:04:38 +0000</created>
                <updated>Sat, 28 Mar 2020 14:59:10 +0000</updated>
                            <resolved>Sat, 27 Jun 2015 15:44:46 +0000</resolved>
                                    <version>3.3.1</version>
                                    <fixVersion>3.3.9</fixVersion>
                                        <due />
                            <votes>1</votes>
                                    <watches>6</watches>
                                                                <comments>
                            <comment id="14517290" author="githubbot" created="Tue, 28 Apr 2015 16:04:55 +0000">&lt;p&gt;Github user jvanzyl commented on the pull request:&lt;/p&gt;

&lt;p&gt;    &lt;a href="https://github.com/apache/maven/pull/44#issuecomment-97120279" class="external-link" target="_blank" rel="nofollow noopener"&gt;https://github.com/apache/maven/pull/44#issuecomment-97120279&lt;/a&gt;&lt;/p&gt;

&lt;p&gt;    &lt;a href="https://issues.apache.org/jira/browse/MNG-5813" class="external-link" rel="nofollow"&gt;https://issues.apache.org/jira/browse/MNG-5813&lt;/a&gt;&lt;/p&gt;</comment>
                            <comment id="14517502" author="githubbot" created="Tue, 28 Apr 2015 17:36:17 +0000">&lt;p&gt;Github user pcollaog commented on the pull request:&lt;/p&gt;

&lt;p&gt;    &lt;a href="https://github.com/apache/maven/pull/44#issuecomment-97145798" class="external-link" target="_blank" rel="nofollow noopener"&gt;https://github.com/apache/maven/pull/44#issuecomment-97145798&lt;/a&gt;&lt;/p&gt;

&lt;p&gt;    Great.. thanks for create the jira issue &lt;img class="emoticon" src="https://issues.apache.org/jira/images/icons/emoticons/wink.png" height="16" width="16" align="absmiddle" alt="" border="0"/&gt;&lt;/p&gt;



&lt;p&gt;    On Tue, Apr 28, 2015 at 1:04 PM, Jason van Zyl &amp;lt;notifications@github.com&amp;gt;&lt;br/&gt;
    wrote:&lt;/p&gt;

&lt;p&gt;    &amp;gt; &lt;a href="https://issues.apache.org/jira/browse/MNG-5813" class="external-link" rel="nofollow"&gt;https://issues.apache.org/jira/browse/MNG-5813&lt;/a&gt;&lt;br/&gt;
    &amp;gt;&lt;br/&gt;
    &amp;gt; &#8212;&lt;br/&gt;
    &amp;gt; Reply to this email directly or view it on GitHub&lt;br/&gt;
    &amp;gt; &amp;lt;&lt;a href="https://github.com/apache/maven/pull/44#issuecomment-97120279" class="external-link" target="_blank" rel="nofollow noopener"&gt;https://github.com/apache/maven/pull/44#issuecomment-97120279&lt;/a&gt;&amp;gt;.&lt;br/&gt;
    &amp;gt;&lt;/p&gt;



&lt;p&gt;    &amp;#8211; &lt;br/&gt;
    Francisco Collao G&#225;rate&lt;br/&gt;
    LinuxUser #363300&lt;br/&gt;
    &lt;a href="http://blog.pcollaog.cl" class="external-link" target="_blank" rel="nofollow noopener"&gt;http://blog.pcollaog.cl&lt;/a&gt;&lt;/p&gt;
</comment>
                            <comment id="14517554" author="pcollaog" created="Tue, 28 Apr 2015 18:10:44 +0000">&lt;p&gt;More info about this issue: &lt;/p&gt;

&lt;p&gt;&lt;a href="http://blog.soebes.de/blog/2015/03/17/apache-maven-3-dot-3-1-features/#comment-1947464703" class="external-link" target="_blank" rel="nofollow noopener"&gt;http://blog.soebes.de/blog/2015/03/17/apache-maven-3-dot-3-1-features/#comment-1947464703&lt;/a&gt;&lt;/p&gt;</comment>
                            <comment id="14532617" author="pcollaog" created="Thu, 7 May 2015 13:34:32 +0000">&lt;p&gt;Any news about this fix or any plans to repair this bug?&lt;/p&gt;</comment>
                            <comment id="14604188" author="agudian" created="Sat, 27 Jun 2015 15:03:46 +0000">&lt;p&gt;I'll take over and and do it the same way as it is done in the windows-scripts.&lt;/p&gt;</comment>
                            <comment id="14604209" author="agudian" created="Sat, 27 Jun 2015 15:44:46 +0000">&lt;p&gt;Done.&lt;/p&gt;

&lt;p&gt;&lt;a href="https://issues.apache.org/jira/secure/ViewProfile.jspa?name=pcollaog" class="user-hover" rel="pcollaog"&gt;pcollaog&lt;/a&gt;, thanks a lot for taking the initiative with your pull-request and for pinging back to us! I ended up using a different solution (the one that's more aligned with how it works in the .cmd scripts). Would you please close your pull-request on GitHub?&lt;/p&gt;</comment>
                            <comment id="14604210" author="hudson" created="Sat, 27 Jun 2015 15:47:47 +0000">&lt;p&gt;SUCCESS: Integrated in maven-3.x #1088 (See &lt;a href="https://builds.apache.org/job/maven-3.x/1088/" class="external-link" target="_blank" rel="nofollow noopener"&gt;https://builds.apache.org/job/maven-3.x/1088/&lt;/a&gt;)&lt;br/&gt;
&lt;a href="https://issues.apache.org/jira/browse/MNG-5813" title="Make MAVEN_OPTS env variable with mvnDebug correctly" class="issue-link" data-issue-key="MNG-5813"&gt;&lt;del&gt;MNG-5813&lt;/del&gt;&lt;/a&gt; pass debug-opts from mvnDebug to mvn script in the additional env-variable MAVEN_DEBUG_OPTS to not interfere with user-specified MAVEN_OPTS (e.g. when read from .mavenrc). (agudian: rev f104ef88507bb8b03c9cfe183c9cd6791305e4f7)&lt;/p&gt;
&lt;ul&gt;
	&lt;li&gt;apache-maven/src/bin/mvnDebug&lt;/li&gt;
	&lt;li&gt;apache-maven/src/bin/mvn&lt;/li&gt;
&lt;/ul&gt;
</comment>
                            <comment id="14604874" author="pcollaog" created="Sun, 28 Jun 2015 20:06:48 +0000">&lt;p&gt;I test the new solution and if it will fine I'll close the PR on GitHub.&lt;/p&gt;</comment>
                            <comment id="14604895" author="pcollaog" created="Sun, 28 Jun 2015 20:26:06 +0000">&lt;p&gt;Works!&lt;/p&gt;</comment>
                            <comment id="14604896" author="githubbot" created="Sun, 28 Jun 2015 20:27:21 +0000">&lt;p&gt;Github user pcollaog commented on the pull request:&lt;/p&gt;

&lt;p&gt;    &lt;a href="https://github.com/apache/maven/pull/44#issuecomment-116327806" class="external-link" target="_blank" rel="nofollow noopener"&gt;https://github.com/apache/maven/pull/44#issuecomment-116327806&lt;/a&gt;&lt;/p&gt;

&lt;p&gt;    Close: &lt;a href="https://issues.apache.org/jira/browse/MNG-5813" class="external-link" rel="nofollow"&gt;https://issues.apache.org/jira/browse/MNG-5813&lt;/a&gt;&lt;/p&gt;</comment>
                            <comment id="17069601" author="hudson" created="Sat, 28 Mar 2020 14:59:10 +0000">&lt;p&gt;Build failed in Jenkins: Maven TLP &#187; maven-studies &#187; maven-metrics #4&lt;/p&gt;

&lt;p&gt;See &lt;a href="https://builds.apache.org/job/maven-box/job/maven-studies/job/maven-metrics/4/" class="external-link" target="_blank" rel="nofollow noopener"&gt;https://builds.apache.org/job/maven-box/job/maven-studies/job/maven-metrics/4/&lt;/a&gt;&lt;/p&gt;</comment>
                    </comments>
                    <attachments>
                    </attachments>
                <subtasks>
                    </subtasks>
                <customfields>
                                                                                                                                                                                                                                                                                                                                                                                                                                                                                                                                                                                                                                                                                                                    <customfield id="customfield_12314020" key="com.atlassian.jira.plugins.jira-development-integration-plugin:devsummary">
                        <customfieldname>Development</customfieldname>
                        <customfieldvalues>
                            
                        </customfieldvalues>
                    </customfield>
                                                                                                                        <customfield id="customfield_12313422" key="com.atlassian.jirafisheyeplugin:jobcheckbox">
                        <customfieldname>Enable Automatic Patch Review</customfieldname>
                        <customfieldvalues>
                            <customfieldvalue>false</customfieldvalue>

                        </customfieldvalues>
                    </customfield>
                                                                                                                                                                                                                                                                                                                                                                                                                                                                                                                                                                                                                    <customfield id="customfield_12310420" key="com.pyxis.greenhopper.jira:gh-global-rank">
                        <customfieldname>Global Rank</customfieldname>
                        <customfieldvalues>
                            <customfieldvalue>9223372036854775807</customfieldvalue>
                        </customfieldvalues>
                    </customfield>
                                                                                                                                                                                                                                                                                                                                                                                                                                                                        <customfield id="customfield_12311820" key="com.pyxis.greenhopper.jira:gh-lexo-rank">
                        <customfieldname>Rank</customfieldname>
                        <customfieldvalues>
                            <customfieldvalue>0|i2e0of:</customfieldvalue>

                        </customfieldvalues>
                    </customfield>
                                                                <customfield id="customfield_12310920" key="com.pyxis.greenhopper.jira:gh-global-rank">
                        <customfieldname>Rank (Obsolete)</customfieldname>
                        <customfieldvalues>
                            <customfieldvalue>9223372036854775807</customfieldvalue>
                        </customfieldvalues>
                    </customfield>
                                                                                                                                                                                                                                                                                                                                                                                                                                                                                                                                                                                                                                                                                                                                                                                            </customfields>
    </item>


</channel>
</rss>