<rss version="0.92">
    <channel>
        <title>ASF JIRA</title>
        <link>https://issues.apache.org/jira/issues/?jql=project+%3D+MNG+and+type+%3D+bug+and+%28status+%3D+RESOLVED+or+status+%3D+closed%29</link>
        <description>An XML representation of a search request</description>
                <language>en-uk</language>
                        <issue start="0" end="1000" total="3303" />
                <build-info>
            <version>8.20.7</version>
            <build-number>820007</build-number>
            <build-date>16-03-2022</build-date>
        </build-info>

<item>
            <title>[MNG-5947] dependencyManagement import section does not resolve dependencies using "nearest" definition</title>
                <link>https://issues.apache.org/jira/browse/MNG-5947</link>
                <project id="12316922" key="MNG">Maven</project>
                    <description>&lt;p&gt;While resolving dependencies for dependencyManagement version of a particular dependency is determined using "first match", not "nearest" definition.&lt;/p&gt;

&lt;p&gt;Assuming that we have:&lt;/p&gt;
&lt;ul&gt;
	&lt;li&gt;parent:3.2.1:pom with commons-collections:3.2.1 in dependencyManagement&lt;/li&gt;
	&lt;li&gt;parent:3.2.2:pom with commons-collections:3.2.2 in dependencyManagement&lt;/li&gt;
	&lt;li&gt;imported:1.0:pom with dependencyManagement importing parent:3.21&lt;/li&gt;
	&lt;li&gt;final:1.0:pom with dependencyManagement importing imported:1.0 and parent:3.2.2&lt;/li&gt;
&lt;/ul&gt;


&lt;p&gt;then dependency version for commons-collections in the final POM is set to 3.2.1 (as import 1.0 / parent 3.2.1 is first match), not 3.2.2 which is nearer (one level of import vs. two levels for 3.2.1).&lt;/p&gt;</description>
                <environment />
        <key id="12921578">MNG-5947</key>
            <summary>dependencyManagement import section does not resolve dependencies using "nearest" definition</summary>
                <type id="1" iconUrl="https://issues.apache.org/jira/secure/viewavatar?size=xsmall&amp;avatarId=21133&amp;avatarType=issuetype">Bug</type>
                                            <priority id="3" iconUrl="https://issues.apache.org/jira/images/icons/priorities/major.svg">Major</priority>
                        <status id="6" iconUrl="https://issues.apache.org/jira/images/icons/statuses/closed.png" description="The issue is considered finished, the resolution is correct. Issues which are not closed can be reopened.">Closed</status>
                    <statusCategory id="3" key="done" colorName="green" />
                                    <resolution id="3">Duplicate</resolution>
                                        <assignee username="-1">Unassigned</assignee>
                                    <reporter username="akacme">Micha&#322; Kowalcze</reporter>
                        <labels>
                    </labels>
                <created>Mon, 14 Dec 2015 07:04:33 +0000</created>
                <updated>Wed, 29 Jun 2016 02:26:44 +0000</updated>
                            <resolved>Wed, 29 Jun 2016 02:26:44 +0000</resolved>
                                    <version>3.3.3</version>
                                                    <component>Dependencies</component>
                        <due />
                            <votes>0</votes>
                                    <watches>5</watches>
                                                                <comments>
                            <comment id="15055558" author="akacme" created="Mon, 14 Dec 2015 07:15:46 +0000">&lt;p&gt;Archive with POM files showing problem. Contains .sh file that installs POMs and show dependency tree of the final POM.&lt;/p&gt;</comment>
                            <comment id="15055584" author="githubbot" created="Mon, 14 Dec 2015 07:46:29 +0000">&lt;p&gt;GitHub user akacme opened a pull request:&lt;/p&gt;

&lt;p&gt;    &lt;a href="https://github.com/apache/maven/pull/73" class="external-link" target="_blank" rel="nofollow noopener"&gt;https://github.com/apache/maven/pull/73&lt;/a&gt;&lt;/p&gt;

&lt;p&gt;    &lt;a href="https://issues.apache.org/jira/browse/MNG-5947" title="dependencyManagement import section does not resolve dependencies using &amp;quot;nearest&amp;quot; definition" class="issue-link" data-issue-key="MNG-5947"&gt;&lt;del&gt;MNG-5947&lt;/del&gt;&lt;/a&gt; dependencyManagement import section does not resolve dependencies using "nearest" definition&lt;/p&gt;

&lt;p&gt;    dependencies using "nearest" definition&lt;/p&gt;

&lt;p&gt;    o DepenencyManagement model updated to contain declared dependencies &lt;br/&gt;
      and imported dependency managements&lt;br/&gt;
    o DefaultModelBuilder responsible for filling updated&lt;br/&gt;
      DependencyManagement model&lt;br/&gt;
    o DefaultDepenendcyManagementImporter uses graph of dependencyManagement&lt;br/&gt;
      imports to properly find depth of a dependency in a tree and use&lt;br/&gt;
      "nearest" version (instead of first match)&lt;/p&gt;

&lt;p&gt;You can merge this pull request into a Git repository by running:&lt;/p&gt;

&lt;p&gt;    $ git pull &lt;a href="https://github.com/akacme/maven" class="external-link" target="_blank" rel="nofollow noopener"&gt;https://github.com/akacme/maven&lt;/a&gt; &lt;a href="https://issues.apache.org/jira/browse/MNG-5947" title="dependencyManagement import section does not resolve dependencies using &amp;quot;nearest&amp;quot; definition" class="issue-link" data-issue-key="MNG-5947"&gt;&lt;del&gt;MNG-5947&lt;/del&gt;&lt;/a&gt;&lt;/p&gt;

&lt;p&gt;Alternatively you can review and apply these changes as the patch at:&lt;/p&gt;

&lt;p&gt;    &lt;a href="https://github.com/apache/maven/pull/73.patch" class="external-link" target="_blank" rel="nofollow noopener"&gt;https://github.com/apache/maven/pull/73.patch&lt;/a&gt;&lt;/p&gt;

&lt;p&gt;To close this pull request, make a commit to your master/trunk branch&lt;br/&gt;
with (at least) the following in the commit message:&lt;/p&gt;

&lt;p&gt;    This closes #73&lt;/p&gt;

&lt;hr /&gt;
&lt;p&gt;commit 71c7195e130c73d9e67fd5d55b4f963499951781&lt;br/&gt;
Author: Michal Kowalcze &amp;lt;michal.kowalcze@smart4aviation.aero&amp;gt;&lt;br/&gt;
Date:   2015-12-14T07:19:33Z&lt;/p&gt;

&lt;p&gt;    &lt;a href="https://issues.apache.org/jira/browse/MNG-5947" title="dependencyManagement import section does not resolve dependencies using &amp;quot;nearest&amp;quot; definition" class="issue-link" data-issue-key="MNG-5947"&gt;&lt;del&gt;MNG-5947&lt;/del&gt;&lt;/a&gt; dependencyManagement import section does not resolve&lt;br/&gt;
    dependencies using "nearest" definition&lt;/p&gt;

&lt;p&gt;    o DepenencyManagement model updated to contain declared dependencies &lt;br/&gt;
      and imported dependency managements&lt;br/&gt;
    o DefaultModelBuilder responsible for filling updated&lt;br/&gt;
      DependencyManagement model&lt;br/&gt;
    o DefaultDepenendcyManagementImporter uses graph of dependencyManagement&lt;br/&gt;
      imports to properly find depth of a dependency in a tree and use&lt;br/&gt;
      "nearest" version (instead of first match)&lt;/p&gt;

&lt;hr /&gt;</comment>
                            <comment id="15055591" author="githubbot" created="Mon, 14 Dec 2015 07:53:49 +0000">&lt;p&gt;Github user akacme closed the pull request at:&lt;/p&gt;

&lt;p&gt;    &lt;a href="https://github.com/apache/maven/pull/73" class="external-link" target="_blank" rel="nofollow noopener"&gt;https://github.com/apache/maven/pull/73&lt;/a&gt;&lt;/p&gt;</comment>
                            <comment id="15055598" author="githubbot" created="Mon, 14 Dec 2015 07:58:43 +0000">&lt;p&gt;GitHub user akacme opened a pull request:&lt;/p&gt;

&lt;p&gt;    &lt;a href="https://github.com/apache/maven/pull/74" class="external-link" target="_blank" rel="nofollow noopener"&gt;https://github.com/apache/maven/pull/74&lt;/a&gt;&lt;/p&gt;

&lt;p&gt;    &lt;a href="https://issues.apache.org/jira/browse/MNG-5947" title="dependencyManagement import section does not resolve dependencies using &amp;quot;nearest&amp;quot; definition" class="issue-link" data-issue-key="MNG-5947"&gt;&lt;del&gt;MNG-5947&lt;/del&gt;&lt;/a&gt; dependencyManagement import section does not resolve dependencies using "nearest" definition&lt;/p&gt;

&lt;p&gt;    o DepenencyManagement model updated to contain declared dependencies&lt;br/&gt;
      and imported dependency managements&lt;br/&gt;
    o DefaultModelBuilder responsible for filling updated&lt;br/&gt;
      DependencyManagement model&lt;br/&gt;
    o DefaultDepenendcyManagementImporter uses graph of dependencyManagement&lt;br/&gt;
      imports to properly find depth of a dependency in a tree and use&lt;br/&gt;
      "nearest" version (instead of first match)&lt;/p&gt;

&lt;p&gt;You can merge this pull request into a Git repository by running:&lt;/p&gt;

&lt;p&gt;    $ git pull &lt;a href="https://github.com/akacme/maven" class="external-link" target="_blank" rel="nofollow noopener"&gt;https://github.com/akacme/maven&lt;/a&gt; &lt;a href="https://issues.apache.org/jira/browse/MNG-5947" title="dependencyManagement import section does not resolve dependencies using &amp;quot;nearest&amp;quot; definition" class="issue-link" data-issue-key="MNG-5947"&gt;&lt;del&gt;MNG-5947&lt;/del&gt;&lt;/a&gt;-fix&lt;/p&gt;

&lt;p&gt;Alternatively you can review and apply these changes as the patch at:&lt;/p&gt;

&lt;p&gt;    &lt;a href="https://github.com/apache/maven/pull/74.patch" class="external-link" target="_blank" rel="nofollow noopener"&gt;https://github.com/apache/maven/pull/74.patch&lt;/a&gt;&lt;/p&gt;

&lt;p&gt;To close this pull request, make a commit to your master/trunk branch&lt;br/&gt;
with (at least) the following in the commit message:&lt;/p&gt;

&lt;p&gt;    This closes #74&lt;/p&gt;

&lt;hr /&gt;
&lt;p&gt;commit 43e905229c9a046d4e601f697a71d616c35f0a6c&lt;br/&gt;
Author: Michal Kowalcze &amp;lt;michal.kowalcze@gmail.com&amp;gt;&lt;br/&gt;
Date:   2015-12-14T07:19:33Z&lt;/p&gt;

&lt;p&gt;    &lt;a href="https://issues.apache.org/jira/browse/MNG-5947" title="dependencyManagement import section does not resolve dependencies using &amp;quot;nearest&amp;quot; definition" class="issue-link" data-issue-key="MNG-5947"&gt;&lt;del&gt;MNG-5947&lt;/del&gt;&lt;/a&gt; dependencyManagement import section does not resolve&lt;br/&gt;
    dependencies using "nearest" definition&lt;/p&gt;

&lt;p&gt;    o DepenencyManagement model updated to contain declared dependencies&lt;br/&gt;
      and imported dependency managements&lt;br/&gt;
    o DefaultModelBuilder responsible for filling updated&lt;br/&gt;
      DependencyManagement model&lt;br/&gt;
    o DefaultDepenendcyManagementImporter uses graph of dependencyManagement&lt;br/&gt;
      imports to properly find depth of a dependency in a tree and use&lt;br/&gt;
      "nearest" version (instead of first match)&lt;/p&gt;

&lt;hr /&gt;</comment>
                            <comment id="15076560" author="githubbot" created="Sat, 2 Jan 2016 16:10:32 +0000">&lt;p&gt;Github user michael-o commented on the pull request:&lt;/p&gt;

&lt;p&gt;    &lt;a href="https://github.com/apache/maven/pull/74#issuecomment-168402507" class="external-link" target="_blank" rel="nofollow noopener"&gt;https://github.com/apache/maven/pull/74#issuecomment-168402507&lt;/a&gt;&lt;/p&gt;

&lt;p&gt;    You are using Java 8 features which we can't accept. Java 7 only. The model is changed. I would opt-in for that not before Maven 4.&lt;/p&gt;</comment>
                            <comment id="15076566" author="githubbot" created="Sat, 2 Jan 2016 16:15:37 +0000">&lt;p&gt;Github user akacme commented on the pull request:&lt;/p&gt;

&lt;p&gt;    &lt;a href="https://github.com/apache/maven/pull/74#issuecomment-168403276" class="external-link" target="_blank" rel="nofollow noopener"&gt;https://github.com/apache/maven/pull/74#issuecomment-168403276&lt;/a&gt;&lt;/p&gt;

&lt;p&gt;    Code has been compiled using Java 7. Model has been enhanced to store graph of imports in dependency management section - I can rewrite it to store it elsewhere, but such solution is not elegant and requires more changes to API.&lt;/p&gt;</comment>
                            <comment id="15076580" author="githubbot" created="Sat, 2 Jan 2016 16:34:13 +0000">&lt;p&gt;Github user akacme commented on the pull request:&lt;/p&gt;

&lt;p&gt;    &lt;a href="https://github.com/apache/maven/pull/74#issuecomment-168404937" class="external-link" target="_blank" rel="nofollow noopener"&gt;https://github.com/apache/maven/pull/74#issuecomment-168404937&lt;/a&gt;&lt;/p&gt;

&lt;p&gt;    In other words - will it go to Maven 3.x when there is no modification to the model itself?&lt;/p&gt;</comment>
                            <comment id="15076582" author="githubbot" created="Sat, 2 Jan 2016 16:39:35 +0000">&lt;p&gt;Github user michael-o commented on the pull request:&lt;/p&gt;

&lt;p&gt;    &lt;a href="https://github.com/apache/maven/pull/74#issuecomment-168405448" class="external-link" target="_blank" rel="nofollow noopener"&gt;https://github.com/apache/maven/pull/74#issuecomment-168405448&lt;/a&gt;&lt;/p&gt;

&lt;p&gt;    Now I see, the `Optional&#180; comes from Guava and not from Java. I think the likelyhood is higher w/o a model change.&lt;/p&gt;</comment>
                            <comment id="15080477" author="githubbot" created="Sun, 3 Jan 2016 17:20:09 +0000">&lt;p&gt;Github user akacme commented on the pull request:&lt;/p&gt;

&lt;p&gt;    &lt;a href="https://github.com/apache/maven/pull/74#issuecomment-168519406" class="external-link" target="_blank" rel="nofollow noopener"&gt;https://github.com/apache/maven/pull/74#issuecomment-168519406&lt;/a&gt;&lt;/p&gt;

&lt;p&gt;    I've introduced DependencyManagementGraph object to store and compute "distance" for dependencyManagement section - so there is no change to the model itself. Signature of DependencyManagementImporter.importManagement is changed to pass this graph as argument.&lt;/p&gt;</comment>
                            <comment id="15080513" author="githubbot" created="Sun, 3 Jan 2016 19:36:09 +0000">&lt;p&gt;Github user jvanzyl commented on the pull request:&lt;/p&gt;

&lt;p&gt;    &lt;a href="https://github.com/apache/maven/pull/74#issuecomment-168534190" class="external-link" target="_blank" rel="nofollow noopener"&gt;https://github.com/apache/maven/pull/74#issuecomment-168534190&lt;/a&gt;&lt;/p&gt;

&lt;p&gt;    General rule of thumb is that a change in resolution will definitely not go in if it changes the default behaviour within a minor version. First smoke test is making sure the ITs pass, second smoke test is that I run it against 40-50 projects I use as a sampling. So at least make sure the core integration tests pass. If it does change resolution within a minor version then it needs to be activated consciously on the users part. If this is deemed an improvement it can become something activated by default in 4.x possibly.&lt;/p&gt;

&lt;p&gt;    For better or worse the way Maven resolves dependencies currently is how it works for everyone. Making changes to this and possibly selecting different versions of dependencies based on different rules can potentially break a lot of people.&lt;/p&gt;</comment>
                            <comment id="15080541" author="githubbot" created="Sun, 3 Jan 2016 21:56:25 +0000">&lt;p&gt;Github user akacme commented on the pull request:&lt;/p&gt;

&lt;p&gt;    &lt;a href="https://github.com/apache/maven/pull/74#issuecomment-168543843" class="external-link" target="_blank" rel="nofollow noopener"&gt;https://github.com/apache/maven/pull/74#issuecomment-168543843&lt;/a&gt;&lt;/p&gt;

&lt;p&gt;    Perhaps a POM property with predefined name could activate this behaviour in 3.x? In this way it can be set on a per-project basis as well as global (with properties injected via settings.xml).&lt;/p&gt;

&lt;p&gt;    In case when a change of DependencyManagement model is allowed (4.x?) - this might be better approach in the long run as this info can be reused in the maven dependency plugin (to show where managed version comes from) and perhaps will allow to introduce pluggable dependency resolution strategy (nearest-match, newest-version, etc.) in both dependency and dependencyManagement sections.&lt;/p&gt;
</comment>
                            <comment id="15080624" author="githubbot" created="Mon, 4 Jan 2016 02:11:46 +0000">&lt;p&gt;Github user jvanzyl commented on the pull request:&lt;/p&gt;

&lt;p&gt;    &lt;a href="https://github.com/apache/maven/pull/74#issuecomment-168565897" class="external-link" target="_blank" rel="nofollow noopener"&gt;https://github.com/apache/maven/pull/74#issuecomment-168565897&lt;/a&gt;&lt;/p&gt;

&lt;p&gt;    POM property, CLI property override, or we might want to start collecting these provisional changes in a special maven plugin configuration section for activating proposed features in Maven 4.x that 3.x users can try at their convenience. There are quite a few things stacking up so I think a plugin configuration can act as a feature toggle of sorts so that we don't affect existing users but easily allow the adventurous to try things out.&lt;/p&gt;</comment>
                            <comment id="15081506" author="githubbot" created="Mon, 4 Jan 2016 18:13:46 +0000">&lt;p&gt;Github user akacme commented on the pull request:&lt;/p&gt;

&lt;p&gt;    &lt;a href="https://github.com/apache/maven/pull/74#issuecomment-168756278" class="external-link" target="_blank" rel="nofollow noopener"&gt;https://github.com/apache/maven/pull/74#issuecomment-168756278&lt;/a&gt;&lt;/p&gt;

&lt;p&gt;    I've added POM-property-based configuration. Based on my current skill level embedding configuration somewhere else would require change in dependencies section for maven-model-builder, which I'm afraid to do (let alone creating a separate project). I'll implement more elegant solution if you point me in the right direction.&lt;/p&gt;</comment>
                            <comment id="15163811" author="schulte77" created="Wed, 24 Feb 2016 21:08:44 +0000">&lt;p&gt;Please take a look at &lt;a href="https://issues.apache.org/jira/browse/MNG-5971" title="Imported dependencies should be available to inheritance processing" class="issue-link" data-issue-key="MNG-5971"&gt;MNG-5971&lt;/a&gt;. There are people relying on the "first declaration wins strategy". They explicitly asked me to restore this behaviour.&lt;/p&gt;</comment>
                            <comment id="15354396" author="schulte77" created="Wed, 29 Jun 2016 02:26:44 +0000">&lt;p&gt;Can you please test this issue still exists in a recent 3.4.0-SNAPSHOT. I think the changes done for &lt;a href="https://issues.apache.org/jira/browse/MNG-5971" title="Imported dependencies should be available to inheritance processing" class="issue-link" data-issue-key="MNG-5971"&gt;MNG-5971&lt;/a&gt; also solve this issue. If this issue still exists, please re-open.&lt;/p&gt;</comment>
                    </comments>
                <issuelinks>
                            <issuelinktype id="12310000">
                    <name>Duplicate</name>
                                            <outwardlinks description="duplicates">
                                        <issuelink>
            <issuekey id="12935914">MNG-5971</issuekey>
        </issuelink>
                            </outwardlinks>
                                                        </issuelinktype>
                            <issuelinktype id="10030">
                    <name>Reference</name>
                                                                <inwardlinks description="is related to">
                                        <issuelink>
            <issuekey id="12935914">MNG-5971</issuekey>
        </issuelink>
                            </inwardlinks>
                                    </issuelinktype>
                    </issuelinks>
                <attachments>
                            <attachment id="12777419" name="MNG-5947-poms.tgz" size="707" author="akacme" created="Mon, 14 Dec 2015 07:15:46 +0000" />
                    </attachments>
                <subtasks>
                    </subtasks>
                <customfields>
                                                                                                                                                                                                                                                                                                                                                                                                                                                                                                                                                                                                                                                                                                                    <customfield id="customfield_12314020" key="com.atlassian.jira.plugins.jira-development-integration-plugin:devsummary">
                        <customfieldname>Development</customfieldname>
                        <customfieldvalues>
                            
                        </customfieldvalues>
                    </customfield>
                                                                                                                        <customfield id="customfield_12313422" key="com.atlassian.jirafisheyeplugin:jobcheckbox">
                        <customfieldname>Enable Automatic Patch Review</customfieldname>
                        <customfieldvalues>
                            <customfieldvalue>false</customfieldvalue>

                        </customfieldvalues>
                    </customfield>
                                                                                                                                                                                                                                                                                                                                                                                                                                                                                                                                                                                                                    <customfield id="customfield_12310420" key="com.pyxis.greenhopper.jira:gh-global-rank">
                        <customfieldname>Global Rank</customfieldname>
                        <customfieldvalues>
                            <customfieldvalue>9223372036854775807</customfieldvalue>
                        </customfieldvalues>
                    </customfield>
                                                                                                                                                                                                                                                                                                                                                                                                                                                                        <customfield id="customfield_12311820" key="com.pyxis.greenhopper.jira:gh-lexo-rank">
                        <customfieldname>Rank</customfieldname>
                        <customfieldvalues>
                            <customfieldvalue>0|i2pucv:</customfieldvalue>

                        </customfieldvalues>
                    </customfield>
                                                                <customfield id="customfield_12310920" key="com.pyxis.greenhopper.jira:gh-global-rank">
                        <customfieldname>Rank (Obsolete)</customfieldname>
                        <customfieldvalues>
                            <customfieldvalue>9223372036854775807</customfieldvalue>
                        </customfieldvalues>
                    </customfield>
                                                                                                                                                                                                                                                                                                                                                                                                                                                                                                                                                                                                                                                                                                                                                                                            </customfields>
    </item>


</channel>
</rss>