<rss version="0.92">
    <channel>
        <title>ASF JIRA</title>
        <link>https://issues.apache.org/jira/issues/?jql=project+%3D+MNG+and+type+%3D+bug+and+%28status+%3D+RESOLVED+or+status+%3D+closed%29</link>
        <description>An XML representation of a search request</description>
                <language>en-uk</language>
                        <issue start="0" end="1000" total="3303" />
                <build-info>
            <version>8.20.7</version>
            <build-number>820007</build-number>
            <build-date>16-03-2022</build-date>
        </build-info>

<item>
            <title>[MNG-5449] Conflicting dependencies and NoClassDefFoundError</title>
                <link>https://issues.apache.org/jira/browse/MNG-5449</link>
                <project id="12316922" key="MNG">Maven</project>
                    <description>&lt;h3&gt;&lt;a name="Overview"&gt;&lt;/a&gt;Overview&lt;/h3&gt;

&lt;p&gt;I have conflicting transitive dependencies that lead to a runtime &lt;tt&gt;NoClassDefFoundError&lt;/tt&gt; without any warning. &lt;/p&gt;

&lt;h3&gt;&lt;a name="Details"&gt;&lt;/a&gt;Details&lt;/h3&gt;

&lt;p&gt;I have a project whose transitive dependencies include two versions of &lt;tt&gt;org.apache.maven/maven-artifact&lt;/tt&gt;, 3.0.4 and 2.2.1.&lt;/p&gt;

&lt;div class="code panel" style="border-width: 1px;"&gt;&lt;div class="codeHeader panelHeader" style="border-bottom-width: 1px;"&gt;&lt;b&gt;pom.xml&lt;/b&gt;&lt;/div&gt;&lt;div class="codeContent panelContent"&gt;
&lt;pre class="code-xml"&gt;&lt;span class="code-tag"&gt;&amp;lt;project xmlns=&lt;span class="code-quote"&gt;"http://maven.apache.org/POM/4.0.0"&lt;/span&gt; &lt;span class="code-keyword"&gt;xmlns:xsi&lt;/span&gt;=&lt;span class="code-quote"&gt;"http://www.w3.org/2001/XMLSchema-instance"&lt;/span&gt; xsi:schemaLocation=&lt;span class="code-quote"&gt;"http://maven.apache.org/POM/4.0.0 http://maven.apache.org/xsd/maven-4.0.0.xsd"&lt;/span&gt;&amp;gt;&lt;/span&gt;
  &lt;span class="code-tag"&gt;&amp;lt;modelVersion&amp;gt;&lt;/span&gt;4.0.0&lt;span class="code-tag"&gt;&amp;lt;/modelVersion&amp;gt;&lt;/span&gt;
  &lt;span class="code-tag"&gt;&amp;lt;groupId&amp;gt;&lt;/span&gt;demo&lt;span class="code-tag"&gt;&amp;lt;/groupId&amp;gt;&lt;/span&gt;
  &lt;span class="code-tag"&gt;&amp;lt;artifactId&amp;gt;&lt;/span&gt;demo&lt;span class="code-tag"&gt;&amp;lt;/artifactId&amp;gt;&lt;/span&gt;
  &lt;span class="code-tag"&gt;&amp;lt;version&amp;gt;&lt;/span&gt;0.0.1-SNAPSHOT&lt;span class="code-tag"&gt;&amp;lt;/version&amp;gt;&lt;/span&gt;
  &lt;span class="code-tag"&gt;&amp;lt;name&amp;gt;&lt;/span&gt;demo&lt;span class="code-tag"&gt;&amp;lt;/name&amp;gt;&lt;/span&gt;
  &lt;span class="code-tag"&gt;&amp;lt;dependencies&amp;gt;&lt;/span&gt;
  	&lt;span class="code-tag"&gt;&amp;lt;dependency&amp;gt;&lt;/span&gt;
  		&lt;span class="code-tag"&gt;&amp;lt;groupId&amp;gt;&lt;/span&gt;org.antlr&lt;span class="code-tag"&gt;&amp;lt;/groupId&amp;gt;&lt;/span&gt;
  		&lt;span class="code-tag"&gt;&amp;lt;artifactId&amp;gt;&lt;/span&gt;antlr4-maven-plugin&lt;span class="code-tag"&gt;&amp;lt;/artifactId&amp;gt;&lt;/span&gt;
  		&lt;span class="code-tag"&gt;&amp;lt;version&amp;gt;&lt;/span&gt;4.0&lt;span class="code-tag"&gt;&amp;lt;/version&amp;gt;&lt;/span&gt;
  		&lt;span class="code-tag"&gt;&amp;lt;type&amp;gt;&lt;/span&gt;maven-plugin&lt;span class="code-tag"&gt;&amp;lt;/type&amp;gt;&lt;/span&gt;
  	&lt;span class="code-tag"&gt;&amp;lt;/dependency&amp;gt;&lt;/span&gt;&lt;span class="code-tag"&gt;&amp;lt;dependency&amp;gt;&lt;/span&gt;
  		&lt;span class="code-tag"&gt;&amp;lt;groupId&amp;gt;&lt;/span&gt;org.apache.maven.plugin-tools&lt;span class="code-tag"&gt;&amp;lt;/groupId&amp;gt;&lt;/span&gt;
  		&lt;span class="code-tag"&gt;&amp;lt;artifactId&amp;gt;&lt;/span&gt;maven-plugin-tools-generators&lt;span class="code-tag"&gt;&amp;lt;/artifactId&amp;gt;&lt;/span&gt;
  		&lt;span class="code-tag"&gt;&amp;lt;version&amp;gt;&lt;/span&gt;3.2&lt;span class="code-tag"&gt;&amp;lt;/version&amp;gt;&lt;/span&gt;
  	&lt;span class="code-tag"&gt;&amp;lt;/dependency&amp;gt;&lt;/span&gt;
  &lt;span class="code-tag"&gt;&amp;lt;/dependencies&amp;gt;&lt;/span&gt;
&lt;span class="code-tag"&gt;&amp;lt;/project&amp;gt;&lt;/span&gt;
&lt;/pre&gt;
&lt;/div&gt;&lt;/div&gt;

&lt;p&gt;These artifacts have conflicting transitive dependencies:&lt;/p&gt;

&lt;div class="code panel" style="border-width: 1px;"&gt;&lt;div class="codeContent panelContent"&gt;
&lt;pre class="code-java"&gt;$ mvn dependency:tree -Dverbose -Dincludes=org.apache.maven:maven-artifact
[INFO] demo:demo:jar:0.0.1-SNAPSHOT
[INFO] +- org.antlr:antlr4-maven-plugin:maven-plugin:4.0:compile
[INFO] |  +- org.apache.maven:maven-plugin-api:jar:3.0.4:compile
[INFO] |  |  \- org.apache.maven:maven-artifact:jar:3.0.4:compile
[INFO] |  \- org.apache.maven:maven-project:jar:2.2.1:compile
[INFO] |     +- org.apache.maven:maven-artifact-manager:jar:2.2.1:compile
[INFO] |     |  \- (org.apache.maven:maven-artifact:jar:2.2.1:compile - omitted &lt;span class="code-keyword"&gt;for&lt;/span&gt; conflict with 3.0.4)
[INFO] |     \- (org.apache.maven:maven-artifact:jar:2.2.1:compile - omitted &lt;span class="code-keyword"&gt;for&lt;/span&gt; conflict with 3.0.4)
[INFO] \- org.apache.maven.plugin-tools:maven-plugin-tools-generators:jar:3.2:compile
[INFO]    +- org.apache.maven.plugin-tools:maven-plugin-tools-api:jar:3.2:compile
[INFO]    |  \- (org.apache.maven:maven-artifact:jar:2.2.1:compile - omitted &lt;span class="code-keyword"&gt;for&lt;/span&gt; conflict with 3.0.4)
[INFO]    \- org.apache.maven:maven-plugin-descriptor:jar:2.2.1:compile
[INFO]       \- (org.apache.maven:maven-artifact:jar:2.2.1:compile - omitted &lt;span class="code-keyword"&gt;for&lt;/span&gt; conflict with 3.0.4)
&lt;/pre&gt;
&lt;/div&gt;&lt;/div&gt;

&lt;p&gt;Here's some simple code importing a class from one of the direct dependencies:&lt;/p&gt;

&lt;div class="code panel" style="border-width: 1px;"&gt;&lt;div class="codeHeader panelHeader" style="border-bottom-width: 1px;"&gt;&lt;b&gt;Main.java&lt;/b&gt;&lt;/div&gt;&lt;div class="codeContent panelContent"&gt;
&lt;pre class="code-java"&gt;&lt;span class="code-keyword"&gt;package&lt;/span&gt; demo;
&lt;span class="code-keyword"&gt;import&lt;/span&gt; org.apache.maven.tools.plugin.generator.GeneratorUtils;

&lt;span class="code-keyword"&gt;public&lt;/span&gt; &lt;span class="code-keyword"&gt;class &lt;/span&gt;Main {
	&lt;span class="code-keyword"&gt;public&lt;/span&gt; &lt;span class="code-keyword"&gt;static&lt;/span&gt; void main(&lt;span class="code-object"&gt;String&lt;/span&gt;[] args) {
		&lt;span class="code-object"&gt;System&lt;/span&gt;.out.println(GeneratorUtils.toText(&lt;span class="code-quote"&gt;"{@code demo}"&lt;/span&gt;));
	}
}
&lt;/pre&gt;
&lt;/div&gt;&lt;/div&gt;

&lt;p&gt;When run, it gives the following traceback:&lt;/p&gt;

&lt;div class="code panel" style="border-width: 1px;"&gt;&lt;div class="codeContent panelContent"&gt;
&lt;pre class="code-java"&gt;Exception in thread &lt;span class="code-quote"&gt;"main"&lt;/span&gt; java.lang.NoClassDefFoundError: org/apache/maven/artifact/DependencyResolutionRequiredException
	at demo.Main.main(Main.java:6)
Caused by: java.lang.ClassNotFoundException: org.apache.maven.artifact.DependencyResolutionRequiredException
	at java.net.URLClassLoader$1.run(URLClassLoader.java:202)
	at java.security.AccessController.doPrivileged(Native Method)
	at java.net.URLClassLoader.findClass(URLClassLoader.java:190)
	at java.lang.&lt;span class="code-object"&gt;ClassLoader&lt;/span&gt;.loadClass(&lt;span class="code-object"&gt;ClassLoader&lt;/span&gt;.java:306)
	at sun.misc.Launcher$AppClassLoader.loadClass(Launcher.java:301)
	at java.lang.&lt;span class="code-object"&gt;ClassLoader&lt;/span&gt;.loadClass(&lt;span class="code-object"&gt;ClassLoader&lt;/span&gt;.java:247)
	... 1 more
&lt;/pre&gt;
&lt;/div&gt;&lt;/div&gt;

&lt;p&gt;It turns out that &lt;tt&gt;DependencyResolutionRequiredException&lt;/tt&gt; is present in maven-artifact 2.x, but not in 3.x.&lt;/p&gt;

&lt;p&gt;Given the above, I would have expected a warning of some kind about the conflicting transitive dependencies if they can't be resolved automatically.&lt;/p&gt;</description>
                <environment>Apache Maven 3.0.4 (r1232337; 2012-01-17 00:44:56-0800)&lt;br/&gt;
Java version: 1.6.0_37, vendor: Apple Inc.&lt;br/&gt;
Default locale: en_US, platform encoding: MacRoman&lt;br/&gt;
OS name: &amp;quot;mac os x&amp;quot;, version: &amp;quot;10.6.8&amp;quot;, arch: &amp;quot;x86_64&amp;quot;, family: &amp;quot;mac&amp;quot;&lt;br/&gt;
</environment>
        <key id="12796187">MNG-5449</key>
            <summary>Conflicting dependencies and NoClassDefFoundError</summary>
                <type id="1" iconUrl="https://issues.apache.org/jira/secure/viewavatar?size=xsmall&amp;avatarId=21133&amp;avatarType=issuetype">Bug</type>
                                            <priority id="3" iconUrl="https://issues.apache.org/jira/images/icons/priorities/major.svg">Major</priority>
                        <status id="6" iconUrl="https://issues.apache.org/jira/images/icons/statuses/closed.png" description="The issue is considered finished, the resolution is correct. Issues which are not closed can be reopened.">Closed</status>
                    <statusCategory id="3" key="done" colorName="green" />
                                    <resolution id="2">Won't Fix</resolution>
                                        <assignee username="-1">Unassigned</assignee>
                                    <reporter username="lipsitt">Daniel Lipsitt</reporter>
                        <labels>
                    </labels>
                <created>Sun, 10 Mar 2013 23:02:05 +0000</created>
                <updated>Thu, 23 Jan 2014 12:55:20 +0000</updated>
                            <resolved>Thu, 23 Jan 2014 12:55:19 +0000</resolved>
                                    <version>3.0.4</version>
                                                    <component>Artifacts and Repositories</component>
                    <component>Dependencies</component>
                        <due />
                            <votes>0</votes>
                                    <watches>3</watches>
                                                                <comments>
                            <comment id="14419365" author="jvanzyl" created="Thu, 23 Jan 2014 12:55:20 +0000">&lt;p&gt;We're done trying to retain compatibility between 2.x and 3.x at this point.&lt;/p&gt;</comment>
                    </comments>
                    <attachments>
                    </attachments>
                <subtasks>
                    </subtasks>
                <customfields>
                                                                                                                                                                                                                                                                                                                                                                                                                                                                                                                                                                                                                                                                                                                    <customfield id="customfield_12314020" key="com.atlassian.jira.plugins.jira-development-integration-plugin:devsummary">
                        <customfieldname>Development</customfieldname>
                        <customfieldvalues>
                            
                        </customfieldvalues>
                    </customfield>
                                                                                                                        <customfield id="customfield_12313422" key="com.atlassian.jirafisheyeplugin:jobcheckbox">
                        <customfieldname>Enable Automatic Patch Review</customfieldname>
                        <customfieldvalues>
                            <customfieldvalue>false</customfieldvalue>

                        </customfieldvalues>
                    </customfield>
                                                                                                                                                                                                                                                                                                                                                                                                                                                                                                                                                                                                                    <customfield id="customfield_12310420" key="com.pyxis.greenhopper.jira:gh-global-rank">
                        <customfieldname>Global Rank</customfieldname>
                        <customfieldvalues>
                            <customfieldvalue>9223372036854775807</customfieldvalue>
                        </customfieldvalues>
                    </customfield>
                                                                                                                                                                                                                                                                                                                                                                                                                                                                        <customfield id="customfield_12311820" key="com.pyxis.greenhopper.jira:gh-lexo-rank">
                        <customfieldname>Rank</customfieldname>
                        <customfieldvalues>
                            <customfieldvalue>0|i28tn3:</customfieldvalue>

                        </customfieldvalues>
                    </customfield>
                                                                <customfield id="customfield_12310920" key="com.pyxis.greenhopper.jira:gh-global-rank">
                        <customfieldname>Rank (Obsolete)</customfieldname>
                        <customfieldvalues>
                            <customfieldvalue>9223372036854775807</customfieldvalue>
                        </customfieldvalues>
                    </customfield>
                                                                                                                                                                                                                                                                                                                                                                                                                                                                                                                                                                                                                                                                                                                                                                                            </customfields>
    </item>


</channel>
</rss>