<rss version="0.92">
    <channel>
        <title>ASF JIRA</title>
        <link>https://issues.apache.org/jira/issues/?jql=project+%3D+MNG+and+type+%3D+bug+and+%28status+%3D+RESOLVED+or+status+%3D+closed%29</link>
        <description>An XML representation of a search request</description>
                <language>en-uk</language>
                        <issue start="0" end="1000" total="3303" />
                <build-info>
            <version>8.20.7</version>
            <build-number>820007</build-number>
            <build-date>16-03-2022</build-date>
        </build-info>

<item>
            <title>[MNG-5806] Inconsistent resolution of parent.relativePath with symlinks</title>
                <link>https://issues.apache.org/jira/browse/MNG-5806</link>
                <project id="12316922" key="MNG">Maven</project>
                    <description>&lt;p&gt;Suppose a reactor pom.xml, R, specifies that it has a child module, C.&lt;br/&gt;
Suppose that C exists but not is actually located at some other, unrelated path to R (not one directory deeper than R).&lt;br/&gt;
Suppose that the working directory for R contains a symlink, S (which looks like C), with the same name as C, pointing at the directory containing C.&lt;br/&gt;
Suppose that C specifies a parent P and provides a relativePath at which to find P.&lt;br/&gt;
Suppose that P exists at the specified relative path.&lt;/p&gt;

&lt;p&gt;Then, when a user `mvn clean install` while R is in the working directory, then Maven will state that P does not exist, and it will display the wrong path to P: the value it will list will be the value that could be computed using string manipulation based on the location of R, the name of C, and the relativePath to P, without first resolving the symlink that is C.&lt;/p&gt;</description>
                <environment>Ubuntu</environment>
        <key id="12822112">MNG-5806</key>
            <summary>Inconsistent resolution of parent.relativePath with symlinks</summary>
                <type id="1" iconUrl="https://issues.apache.org/jira/secure/viewavatar?size=xsmall&amp;avatarId=21133&amp;avatarType=issuetype">Bug</type>
                                            <priority id="3" iconUrl="https://issues.apache.org/jira/images/icons/priorities/major.svg">Major</priority>
                        <status id="6" iconUrl="https://issues.apache.org/jira/images/icons/statuses/closed.png" description="The issue is considered finished, the resolution is correct. Issues which are not closed can be reopened.">Closed</status>
                    <statusCategory id="3" key="done" colorName="green" />
                                    <resolution id="8">Not A Problem</resolution>
                                        <assignee username="-1">Unassigned</assignee>
                                    <reporter username="mathjeff">Jeffry Gaston</reporter>
                        <labels>
                    </labels>
                <created>Sat, 18 Apr 2015 23:25:55 +0000</created>
                <updated>Fri, 15 Oct 2021 13:12:31 +0000</updated>
                            <resolved>Wed, 3 Apr 2019 20:19:05 +0000</resolved>
                                    <version>3.3.1</version>
                    <version>3.3.2</version>
                                                    <component>Dependencies</component>
                        <due />
                            <votes>1</votes>
                                    <watches>6</watches>
                                    <timeoriginalestimate seconds="3600">1h</timeoriginalestimate>
                            <timeestimate seconds="3000">50m</timeestimate>
                            <timespent seconds="600">10m</timespent>
                                <comments>
                            <comment id="14501628" author="mathjeff" created="Sat, 18 Apr 2015 23:27:06 +0000">&lt;p&gt;Unzip maven-relativePath-symlink-error.zip and run test.sh to observe the error&lt;/p&gt;</comment>
                            <comment id="14501629" author="githubbot" created="Sat, 18 Apr 2015 23:31:09 +0000">&lt;p&gt;GitHub user mathjeff opened a pull request:&lt;/p&gt;

&lt;p&gt;    &lt;a href="https://github.com/apache/maven/pull/42" class="external-link" target="_blank" rel="nofollow noopener"&gt;https://github.com/apache/maven/pull/42&lt;/a&gt;&lt;/p&gt;

&lt;p&gt;    &lt;a href="https://issues.apache.org/jira/browse/MNG-5806" title="Inconsistent resolution of parent.relativePath with symlinks" class="issue-link" data-issue-key="MNG-5806"&gt;&lt;del&gt;MNG-5806&lt;/del&gt;&lt;/a&gt;. Fixing the finding of a child's parent pom.xml that is specifi...&lt;/p&gt;

&lt;p&gt;    ...ed by relativePath when a reactor specifies the child by symlink&lt;/p&gt;

&lt;p&gt;You can merge this pull request into a Git repository by running:&lt;/p&gt;

&lt;p&gt;    $ git pull &lt;a href="https://github.com/mathjeff/maven" class="external-link" target="_blank" rel="nofollow noopener"&gt;https://github.com/mathjeff/maven&lt;/a&gt; master&lt;/p&gt;

&lt;p&gt;Alternatively you can review and apply these changes as the patch at:&lt;/p&gt;

&lt;p&gt;    &lt;a href="https://github.com/apache/maven/pull/42.patch" class="external-link" target="_blank" rel="nofollow noopener"&gt;https://github.com/apache/maven/pull/42.patch&lt;/a&gt;&lt;/p&gt;

&lt;p&gt;To close this pull request, make a commit to your master/trunk branch&lt;br/&gt;
with (at least) the following in the commit message:&lt;/p&gt;

&lt;p&gt;    This closes #42&lt;/p&gt;

&lt;hr /&gt;
&lt;p&gt;commit c816f8bddca66d703dce3fb44556ec0bc6492407&lt;br/&gt;
Author: Jeffry Gaston &amp;lt;gastoj3@gmail.com&amp;gt;&lt;br/&gt;
Date:   2015-04-18T23:02:43Z&lt;/p&gt;

&lt;p&gt;    &lt;a href="https://issues.apache.org/jira/browse/MNG-5806" title="Inconsistent resolution of parent.relativePath with symlinks" class="issue-link" data-issue-key="MNG-5806"&gt;&lt;del&gt;MNG-5806&lt;/del&gt;&lt;/a&gt;. Fixing the finding of a child's parent pom.xml that is specified by relativePath when a reactor specifies the child by symlink&lt;/p&gt;

&lt;hr /&gt;</comment>
                            <comment id="14501631" author="mathjeff" created="Sat, 18 Apr 2015 23:32:58 +0000">&lt;p&gt;Also interesting is that if the parent pom, P, doesn't exist on disk at the specified location, then Maven 3.3.2 looks in the Maven repository (whereas if it exists in the specified location, then it tries to find it there but then doesn't)&lt;/p&gt;</comment>
                            <comment id="14501632" author="mathjeff" created="Sat, 18 Apr 2015 23:33:50 +0000">&lt;p&gt;It was working in Maven 3.0.5 up until commit 9b58a3cfdccd4f7998f3f1d39a8687858248f76d on Fri Mar 1 09:19:22 2013 -0500.&lt;/p&gt;</comment>
                            <comment id="16730495" author="michael-o" created="Fri, 28 Dec 2018 23:12:27 +0000">&lt;p&gt;This test does not pass for me:&lt;/p&gt;

&lt;div class="preformatted panel" style="border-width: 1px;"&gt;&lt;div class="preformattedContent panelContent"&gt;
&lt;pre&gt;[mosipov@mika-ion ~/Projekte/maven-relativePath-symlink-error]$ ./test.sh
This test passes with Maven 3.0.5 and fails in Maven 3.3.2
Apache Maven 3.0.5 (r01de14724cdef164cd33c7c8c2fe155faf9602da; 2013-02-19 14:51:28+0100)
Maven home: /usr/local/share/java/maven3
Java version: 1.8.0_192, vendor: Oracle Corporation
Java home: /usr/local/openjdk8/jre
Default locale: de_DE, platform encoding: UTF-8
OS name: "freebsd", version: "11.2-release-p7", arch: "i386", family: "unix"
[INFO] Scanning for projects...
[ERROR] The build could not read 1 project -&amp;gt; [Help 1]
[ERROR]
[ERROR]   The project com.vecna.sample:grandchild:1-SNAPSHOT (/usr/home/mosipov/Projekte/maven-relativePath-symlink-error/child2/grandchild/greatgrandchild/pom.xml) has 1 error
[ERROR]     Non-resolvable parent POM: Could not find artifact com.vecna.sample:uncle:pom:1-SNAPSHOT and 'parent.relativePath' points at wrong local POM @ line 10, column 11 -&amp;gt; [Help 2]
[ERROR]
[ERROR] To see the full stack trace of the errors, re-run Maven with the -e switch.
[ERROR] Re-run Maven using the -X switch to enable full debug logging.
[ERROR]
[ERROR] For more information about the errors and possible solutions, please read the following articles:
[ERROR] [Help 1] http://cwiki.apache.org/confluence/display/MAVEN/ProjectBuildingException
[ERROR] [Help 2] http://cwiki.apache.org/confluence/display/MAVEN/UnresolvableModelException
[mosipov@mika-ion ~/Projekte/maven-relativePath-symlink-error]$
&lt;/pre&gt;
&lt;/div&gt;&lt;/div&gt;

&lt;p&gt;for&lt;/p&gt;

&lt;div class="preformatted panel" style="border-width: 1px;"&gt;&lt;div class="preformattedContent panelContent"&gt;
&lt;pre&gt;[mosipov@mika-ion ~/Projekte/maven-relativePath-symlink-error]$ tree -lpug
.
&#9500;&#9472;&#9472; [drwxr-xr-x mosipov  mosipov ]  child1
&#9474;&#160;&#160; &#9492;&#9472;&#9472; [drwxr-xr-x mosipov  mosipov ]  grandchild
&#9474;&#160;&#160;     &#9492;&#9472;&#9472; [-rw-r--r-- mosipov  mosipov ]  pom.xml
&#9500;&#9472;&#9472; [drwxr-xr-x mosipov  mosipov ]  child2
&#9474;&#160;&#160; &#9500;&#9472;&#9472; [drwxr-xr-x mosipov  mosipov ]  grandchild
&#9474;&#160;&#160; &#9474;&#160;&#160; &#9500;&#9472;&#9472; [lrwxr-xr-x mosipov  mosipov ]  greatgrandchild -&amp;gt; /home/mosipov/Projekte/maven-relativePath-symlink-error/child1/grandchild  [recursive, not followed]
&#9474;&#160;&#160; &#9474;&#160;&#160; &#9492;&#9472;&#9472; [-rw-r--r-- mosipov  mosipov ]  pom.xml
&#9474;&#160;&#160; &#9492;&#9472;&#9472; [-rw-r--r-- mosipov  mosipov ]  pom.xml
&#9500;&#9472;&#9472; [-rwxr-xr-x mosipov  mosipov ]  test.sh
&#9492;&#9472;&#9472; [drwxr-xr-x mosipov  mosipov ]  uncle
    &#9492;&#9472;&#9472; [-rw-r--r-- mosipov  mosipov ]  pom.xml

6 directories, 5 files
&lt;/pre&gt;
&lt;/div&gt;&lt;/div&gt;</comment>
                            <comment id="16743094" author="mathjeff" created="Tue, 15 Jan 2019 14:18:56 +0000">&lt;p&gt;Hi&lt;/p&gt;

&lt;p&gt;We ended up implementing a workaround (described in &lt;a href="https://github.com/apache/maven/pull/42#commitcomment-13252866" class="external-link" target="_blank" rel="nofollow noopener"&gt;https://github.com/apache/maven/pull/42#commitcomment-13252866&lt;/a&gt;&#160;) for this issue and I've since moved on to another company.&lt;/p&gt;

&lt;p&gt;So, I'm just as happy for this issue to be closed as no longer important.&lt;/p&gt;</comment>
                            <comment id="17429277" author="evgenye" created="Fri, 15 Oct 2021 13:12:31 +0000">&lt;p&gt;This issue still remains in Maven 3.8.3&lt;/p&gt;</comment>
                    </comments>
                    <attachments>
                            <attachment id="12726405" name="maven-relativePath-symlink-error.zip" size="4544" author="mathjeff" created="Sat, 18 Apr 2015 23:27:06 +0000" />
                    </attachments>
                <subtasks>
                    </subtasks>
                <customfields>
                                                                                                                                                                                                                                                                                                                                                                                                                                                                                                                                                                                                                                                                                                                    <customfield id="customfield_12314020" key="com.atlassian.jira.plugins.jira-development-integration-plugin:devsummary">
                        <customfieldname>Development</customfieldname>
                        <customfieldvalues>
                            
                        </customfieldvalues>
                    </customfield>
                                                                                                                        <customfield id="customfield_12313422" key="com.atlassian.jirafisheyeplugin:jobcheckbox">
                        <customfieldname>Enable Automatic Patch Review</customfieldname>
                        <customfieldvalues>
                            <customfieldvalue>false</customfieldvalue>

                        </customfieldvalues>
                    </customfield>
                                                                                                                                                                                                                                                                                                                                                        <customfield id="customfield_12310250" key="com.atlassian.jira.plugin.system.customfieldtypes:multicheckboxes">
                        <customfieldname>Flags</customfieldname>
                        <customfieldvalues>
                                <customfieldvalue key="10430">Patch</customfieldvalue>
    
                        </customfieldvalues>
                    </customfield>
                                                                                                                                                                                                                                                                                                <customfield id="customfield_12310420" key="com.pyxis.greenhopper.jira:gh-global-rank">
                        <customfieldname>Global Rank</customfieldname>
                        <customfieldvalues>
                            <customfieldvalue>9223372036854775807</customfieldvalue>
                        </customfieldvalues>
                    </customfield>
                                                                                                                                                                                                                                                                                                                                                                                                                                                                        <customfield id="customfield_12311820" key="com.pyxis.greenhopper.jira:gh-lexo-rank">
                        <customfieldname>Rank</customfieldname>
                        <customfieldvalues>
                            <customfieldvalue>0|i2dfzj:</customfieldvalue>

                        </customfieldvalues>
                    </customfield>
                                                                <customfield id="customfield_12310920" key="com.pyxis.greenhopper.jira:gh-global-rank">
                        <customfieldname>Rank (Obsolete)</customfieldname>
                        <customfieldvalues>
                            <customfieldvalue>9223372036854775807</customfieldvalue>
                        </customfieldvalues>
                    </customfield>
                                                                                                                                                                                                                                                                                                                                                                                                                                                                                                                                                                                                                                                                                                                                                                                            </customfields>
    </item>


</channel>
</rss>