<rss version="0.92">
    <channel>
        <title>ASF JIRA</title>
        <link>https://issues.apache.org/jira/issues/?jql=project+%3D+MNG+and+type+%3D+bug+and+%28status+%3D+RESOLVED+or+status+%3D+closed%29</link>
        <description>An XML representation of a search request</description>
                <language>en-uk</language>
                        <issue start="0" end="1000" total="3303" />
                <build-info>
            <version>8.20.7</version>
            <build-number>820007</build-number>
            <build-date>16-03-2022</build-date>
        </build-info>

<item>
            <title>[MNG-5769] Maven is ignoring dependencyManagement for transitive dependencies</title>
                <link>https://issues.apache.org/jira/browse/MNG-5769</link>
                <project id="12316922" key="MNG">Maven</project>
                    <description>&lt;p&gt;Assume that an arbitrary dep-A has a dependencyManagement redefining the version of a transitive dependency (com.github.jnr:jffi). &lt;/p&gt;

&lt;p&gt;Its dependency:tree looks fine:&lt;/p&gt;
&lt;div class="preformatted panel" style="border-width: 1px;"&gt;&lt;div class="preformattedContent panelContent"&gt;
&lt;pre&gt;test-deps/dep-A $ mvn3.2.5 org.apache.maven.plugins:maven-dependency-plugin:2.10:tree
...
[INFO] com.test.deps:depA:jar:1.0-SNAPSHOT
[INFO] \- com.github.jnr:jnr-ffi:jar:1.0.3:compile
[INFO]    +- com.github.jnr:jffi:jar:1.2.7:compile
[INFO]    +- com.github.jnr:jffi:jar:native:1.2.7:runtime    
[INFO]    +- org.ow2.asm:asm:jar:4.0:compile
[INFO]    +- org.ow2.asm:asm-commons:jar:4.0:compile
[INFO]    +- org.ow2.asm:asm-analysis:jar:4.0:compile
[INFO]    +- org.ow2.asm:asm-tree:jar:4.0:compile
[INFO]    +- org.ow2.asm:asm-util:jar:4.0:compile
[INFO]    \- com.github.jnr:jnr-x86asm:jar:1.0.2:compile (version selected from constraint [1.0.2,))
&lt;/pre&gt;
&lt;/div&gt;&lt;/div&gt;


&lt;p&gt;But when including dep-A as a compile dependency of proj-B, the dependencyManagement is ignored:&lt;/p&gt;
&lt;div class="preformatted panel" style="border-width: 1px;"&gt;&lt;div class="preformattedContent panelContent"&gt;
&lt;pre&gt;test-deps/proj-B $ mvn3.2.5 org.apache.maven.plugins:maven-dependency-plugin:2.10:tree
...
[INFO] com.test.deps:projb:jar:2.0-SNAPSHOT
[INFO] \- com.test.deps:depA:jar:1.0-SNAPSHOT:compile
[INFO]    \- com.github.jnr:jnr-ffi:jar:1.0.3:compile
[INFO]       +- com.github.jnr:jffi:jar:1.2.8-SNAPSHOT:compile (version selected from constraint [1.2.1,1.3.0))
[INFO]       +- com.github.jnr:jffi:jar:native:1.2.8-SNAPSHOT:runtime (version selected from constraint [1.2.1,1.3.0))
[INFO]       +- org.ow2.asm:asm:jar:4.0:compile
[INFO]       +- org.ow2.asm:asm-commons:jar:4.0:compile
[INFO]       +- org.ow2.asm:asm-analysis:jar:4.0:compile
[INFO]       +- org.ow2.asm:asm-tree:jar:4.0:compile
[INFO]       +- org.ow2.asm:asm-util:jar:4.0:compile
[INFO]       \- com.github.jnr:jnr-x86asm:jar:1.0.2:compile (version selected from constraint [1.0.2,))
&lt;/pre&gt;
&lt;/div&gt;&lt;/div&gt;

&lt;p&gt;I would expect both projects to have the same versions of the dependencies. &lt;/p&gt;</description>
                <environment />
        <key id="12796376">MNG-5769</key>
            <summary>Maven is ignoring dependencyManagement for transitive dependencies</summary>
                <type id="1" iconUrl="https://issues.apache.org/jira/secure/viewavatar?size=xsmall&amp;avatarId=21133&amp;avatarType=issuetype">Bug</type>
                                            <priority id="3" iconUrl="https://issues.apache.org/jira/images/icons/priorities/major.svg">Major</priority>
                        <status id="6" iconUrl="https://issues.apache.org/jira/images/icons/statuses/closed.png" description="The issue is considered finished, the resolution is correct. Issues which are not closed can be reopened.">Closed</status>
                    <statusCategory id="3" key="done" colorName="green" />
                                    <resolution id="3">Duplicate</resolution>
                                        <assignee username="schulte77">Christian Schulte</assignee>
                                    <reporter username="cintiadr">Cintia DR</reporter>
                        <labels>
                    </labels>
                <created>Thu, 19 Feb 2015 22:27:15 +0000</created>
                <updated>Fri, 24 Jun 2016 01:11:55 +0000</updated>
                            <resolved>Fri, 24 Jun 2016 01:11:55 +0000</resolved>
                                    <version>3.2.5</version>
                                                    <component>Dependencies</component>
                        <due />
                            <votes>0</votes>
                                    <watches>2</watches>
                                                                <comments>
                            <comment id="14420140" author="cintiadr" created="Thu, 19 Feb 2015 22:28:29 +0000">&lt;p&gt;The workaround we're going to use is use 'exclusion' (and re-add the dependencies) instead of defining it in the dependencyManagement. &lt;/p&gt;</comment>
                    </comments>
                <issuelinks>
                            <issuelinktype id="12310000">
                    <name>Duplicate</name>
                                            <outwardlinks description="duplicates">
                                        <issuelink>
            <issuekey id="12796388">MNG-5761</issuekey>
        </issuelink>
                            </outwardlinks>
                                                        </issuelinktype>
                    </issuelinks>
                <attachments>
                            <attachment id="12713287" name="test-deps.tar.gz" size="2058" author="cintiadr" created="Thu, 19 Feb 2015 22:27:15 +0000" />
                    </attachments>
                <subtasks>
                    </subtasks>
                <customfields>
                                                                                                                                                                                                                                                                                                                                                                                                                                                                                                                                                                                                                                                                                                                    <customfield id="customfield_12314020" key="com.atlassian.jira.plugins.jira-development-integration-plugin:devsummary">
                        <customfieldname>Development</customfieldname>
                        <customfieldvalues>
                            
                        </customfieldvalues>
                    </customfield>
                                                                                                                        <customfield id="customfield_12313422" key="com.atlassian.jirafisheyeplugin:jobcheckbox">
                        <customfieldname>Enable Automatic Patch Review</customfieldname>
                        <customfieldvalues>
                            <customfieldvalue>false</customfieldvalue>

                        </customfieldvalues>
                    </customfield>
                                                                                                                                                                                                                                                                                                                                                                                                                                                                                                                                                                                                                    <customfield id="customfield_12310420" key="com.pyxis.greenhopper.jira:gh-global-rank">
                        <customfieldname>Global Rank</customfieldname>
                        <customfieldvalues>
                            <customfieldvalue>9223372036854775807</customfieldvalue>
                        </customfieldvalues>
                    </customfield>
                                                                                                                                                                                                                                                                                                                                                                                                                                                                        <customfield id="customfield_12311820" key="com.pyxis.greenhopper.jira:gh-lexo-rank">
                        <customfieldname>Rank</customfieldname>
                        <customfieldvalues>
                            <customfieldvalue>0|i29d3b:</customfieldvalue>

                        </customfieldvalues>
                    </customfield>
                                                                <customfield id="customfield_12310920" key="com.pyxis.greenhopper.jira:gh-global-rank">
                        <customfieldname>Rank (Obsolete)</customfieldname>
                        <customfieldvalues>
                            <customfieldvalue>9223372036854775807</customfieldvalue>
                        </customfieldvalues>
                    </customfield>
                                                                                                                                                                                                                                                                                                                                                                                                                                                                                                                                                                                                                                                                                                        <customfield id="customfield_12312220" key="com.atlassian.jira.plugin.system.customfieldtypes:radiobuttons">
                        <customfieldname>Testcase included</customfieldname>
                        <customfieldvalues>
                                <customfieldvalue key="11060">Yes</customfieldvalue>

                        </customfieldvalues>
                    </customfield>
                                                                                                                        </customfields>
    </item>


</channel>
</rss>