<rss version="0.92">
    <channel>
        <title>ASF JIRA</title>
        <link>https://issues.apache.org/jira/issues/?jql=project+%3D+MNG+and+type+%3D+bug+and+%28status+%3D+RESOLVED+or+status+%3D+closed%29</link>
        <description>An XML representation of a search request</description>
                <language>en-uk</language>
                        <issue start="0" end="1000" total="3303" />
                <build-info>
            <version>8.20.7</version>
            <build-number>820007</build-number>
            <build-date>16-03-2022</build-date>
        </build-info>

<item>
            <title>[MNG-5235] Profiles not activated according to property values</title>
                <link>https://issues.apache.org/jira/browse/MNG-5235</link>
                <project id="12316922" key="MNG">Maven</project>
                    <description>&lt;p&gt;I am trying to activate profiles according to properties defined in the pom.xml. Unfortunately, the profiles are never activated, no matter what value is set for the defined property. I double-checked my pom.xml with existing documentation.&lt;/p&gt;

&lt;p&gt;The attached example contains two profiles who echo the property value. These are never displayed in the output. However, documentation says a profile should be invoked if the activation section property values are met.&lt;/p&gt;

&lt;p&gt;There is also something unclear in the existing documentation. Is it possible to enable multiple profiles with properties in a single run or is only one profile selected at most in a single run?&lt;/p&gt;

</description>
                <environment>Windows 7</environment>
        <key id="12796056">MNG-5235</key>
            <summary>Profiles not activated according to property values</summary>
                <type id="1" iconUrl="https://issues.apache.org/jira/secure/viewavatar?size=xsmall&amp;avatarId=21133&amp;avatarType=issuetype">Bug</type>
                                            <priority id="3" iconUrl="https://issues.apache.org/jira/images/icons/priorities/major.svg">Major</priority>
                        <status id="6" iconUrl="https://issues.apache.org/jira/images/icons/statuses/closed.png" description="The issue is considered finished, the resolution is correct. Issues which are not closed can be reopened.">Closed</status>
                    <statusCategory id="3" key="done" colorName="green" />
                                    <resolution id="8">Not A Problem</resolution>
                                        <assignee username="-1">Unassigned</assignee>
                                    <reporter username="jverstry">J&#233;r&#244;me Verstrynge</reporter>
                        <labels>
                    </labels>
                <created>Sun, 29 Jan 2012 18:22:16 +0000</created>
                <updated>Mon, 30 Jan 2012 04:16:28 +0000</updated>
                            <resolved>Mon, 30 Jan 2012 04:16:28 +0000</resolved>
                                    <version>3.0.3</version>
                                                    <component>Profiles</component>
                        <due />
                            <votes>0</votes>
                                    <watches>2</watches>
                                                                <comments>
                            <comment id="14417595" author="jverstry" created="Sun, 29 Jan 2012 18:25:11 +0000">&lt;p&gt;The pom.xml contains &amp;lt;activeByDefault&amp;gt;false&amp;lt;/activeByDefault&amp;gt; statements I forgot to remove. &lt;/p&gt;</comment>
                            <comment id="14417475" author="joehni" created="Mon, 30 Jan 2012 01:42:02 +0000">&lt;p&gt;This is by design. Properties are explicitly not mentioned in &lt;a href="http://maven.apache.org/guides/introduction/introduction-to-profiles.html" class="external-link" target="_blank" rel="nofollow noopener"&gt;How can a profile be triggered? How does this vary according to the type of profile being used?&lt;/a&gt;. Profiles are the first thing evaluated &lt;b&gt;before&lt;/b&gt; anything else to determine the effective POM.&lt;/p&gt;</comment>
                            <comment id="14417460" author="jverstry" created="Mon, 30 Jan 2012 04:16:07 +0000">&lt;p&gt;Ok, thanks, that was not clear to me... I'll close the incident.&lt;/p&gt;</comment>
                    </comments>
                    <attachments>
                            <attachment id="12712751" name="pom.xml" size="3841" author="jverstry" created="Sun, 29 Jan 2012 18:22:17 +0000" />
                    </attachments>
                <subtasks>
                    </subtasks>
                <customfields>
                                                                                                                                                                                                                                                                                                                                                                                                                                                                                                                                                                                                                                                                                                                    <customfield id="customfield_12314020" key="com.atlassian.jira.plugins.jira-development-integration-plugin:devsummary">
                        <customfieldname>Development</customfieldname>
                        <customfieldvalues>
                            
                        </customfieldvalues>
                    </customfield>
                                                                                                                        <customfield id="customfield_12313422" key="com.atlassian.jirafisheyeplugin:jobcheckbox">
                        <customfieldname>Enable Automatic Patch Review</customfieldname>
                        <customfieldvalues>
                            <customfieldvalue>false</customfieldvalue>

                        </customfieldvalues>
                    </customfield>
                                                                                                                                                                                                                                                                                                                                                                                                                                                                                                                                                                                                                    <customfield id="customfield_12310420" key="com.pyxis.greenhopper.jira:gh-global-rank">
                        <customfieldname>Global Rank</customfieldname>
                        <customfieldvalues>
                            <customfieldvalue>9223372036854775807</customfieldvalue>
                        </customfieldvalues>
                    </customfield>
                                                                                                                                                                                                                                                                                                                                                                                                                                                                        <customfield id="customfield_12311820" key="com.pyxis.greenhopper.jira:gh-lexo-rank">
                        <customfieldname>Rank</customfieldname>
                        <customfieldvalues>
                            <customfieldvalue>0|i29947:</customfieldvalue>

                        </customfieldvalues>
                    </customfield>
                                                                <customfield id="customfield_12310920" key="com.pyxis.greenhopper.jira:gh-global-rank">
                        <customfieldname>Rank (Obsolete)</customfieldname>
                        <customfieldvalues>
                            <customfieldvalue>9223372036854775807</customfieldvalue>
                        </customfieldvalues>
                    </customfield>
                                                                                                                                                                                                                                                                                                                                                                                                                                                                                                                                                                                                                                                                                                                                                                                            </customfields>
    </item>


</channel>
</rss>