<rss version="0.92">
    <channel>
        <title>ASF JIRA</title>
        <link>https://issues.apache.org/jira/issues/?jql=project+%3D+MNG+and+type+%3D+bug+and+%28status+%3D+RESOLVED+or+status+%3D+closed%29</link>
        <description>An XML representation of a search request</description>
                <language>en-uk</language>
                        <issue start="0" end="1000" total="3303" />
                <build-info>
            <version>8.20.7</version>
            <build-number>820007</build-number>
            <build-date>16-03-2022</build-date>
        </build-info>

<item>
            <title>[MNG-5648] Regression of MNG-5176, DST in effect is ignored</title>
                <link>https://issues.apache.org/jira/browse/MNG-5648</link>
                <project id="12316922" key="MNG">Maven</project>
                    <description>&lt;p&gt;When TZ offset is calculated, DST is completely ignored cause &lt;tt&gt;TimeZone#getRawOffset&lt;/tt&gt; does not take DST into account.&lt;/p&gt;</description>
                <environment />
        <key id="12796307">MNG-5648</key>
            <summary>Regression of MNG-5176, DST in effect is ignored</summary>
                <type id="1" iconUrl="https://issues.apache.org/jira/secure/viewavatar?size=xsmall&amp;avatarId=21133&amp;avatarType=issuetype">Bug</type>
                                            <priority id="3" iconUrl="https://issues.apache.org/jira/images/icons/priorities/major.svg">Major</priority>
                        <status id="6" iconUrl="https://issues.apache.org/jira/images/icons/statuses/closed.png" description="The issue is considered finished, the resolution is correct. Issues which are not closed can be reopened.">Closed</status>
                    <statusCategory id="3" key="done" colorName="green" />
                                    <resolution id="1">Fixed</resolution>
                                        <assignee username="michael-o">Michael Osipov</assignee>
                                    <reporter username="michael-o">Michael Osipov</reporter>
                        <labels>
                    </labels>
                <created>Sun, 15 Jun 2014 11:49:17 +0000</created>
                <updated>Sat, 28 Mar 2020 14:57:57 +0000</updated>
                            <resolved>Sun, 15 Jun 2014 12:00:13 +0000</resolved>
                                    <version>3.2.1</version>
                                    <fixVersion>3.2.2</fixVersion>
                                    <component>Command Line</component>
                        <due />
                            <votes>0</votes>
                                    <watches>3</watches>
                                                                <comments>
                            <comment id="14419665" author="michael-o" created="Sun, 15 Jun 2014 12:00:14 +0000">&lt;p&gt;Fixed with 5c78a8d2faa99398b2a8170fd3cf804ae0385e94.&lt;/p&gt;</comment>
                            <comment id="17069534" author="hudson" created="Sat, 28 Mar 2020 14:57:57 +0000">&lt;p&gt;Build failed in Jenkins: Maven TLP &#187; maven-studies &#187; maven-metrics #4&lt;/p&gt;

&lt;p&gt;See &lt;a href="https://builds.apache.org/job/maven-box/job/maven-studies/job/maven-metrics/4/" class="external-link" target="_blank" rel="nofollow noopener"&gt;https://builds.apache.org/job/maven-box/job/maven-studies/job/maven-metrics/4/&lt;/a&gt;&lt;/p&gt;</comment>
                    </comments>
                <issuelinks>
                            <issuelinktype id="12310260">
                    <name>Related</name>
                                                                <inwardlinks description="is related to">
                                        <issuelink>
            <issuekey id="12796466">MNG-5176</issuekey>
        </issuelink>
                            </inwardlinks>
                                    </issuelinktype>
                    </issuelinks>
                <attachments>
                    </attachments>
                <subtasks>
                    </subtasks>
                <customfields>
                                                                                                                                                                                                                                                                                                                                                                                                                                                                                                                                                                                                                                                                                                                    <customfield id="customfield_12314020" key="com.atlassian.jira.plugins.jira-development-integration-plugin:devsummary">
                        <customfieldname>Development</customfieldname>
                        <customfieldvalues>
                            
                        </customfieldvalues>
                    </customfield>
                                                                                                                        <customfield id="customfield_12313422" key="com.atlassian.jirafisheyeplugin:jobcheckbox">
                        <customfieldname>Enable Automatic Patch Review</customfieldname>
                        <customfieldvalues>
                            <customfieldvalue>false</customfieldvalue>

                        </customfieldvalues>
                    </customfield>
                                                                                                                                                                                                                                                                                                                                                                                                                                                                                                                                                                                                                    <customfield id="customfield_12310420" key="com.pyxis.greenhopper.jira:gh-global-rank">
                        <customfieldname>Global Rank</customfieldname>
                        <customfieldvalues>
                            <customfieldvalue>9223372036854775807</customfieldvalue>
                        </customfieldvalues>
                    </customfield>
                                                                                                                                                                                                                                                                                                                                                                                                                                                                        <customfield id="customfield_12311820" key="com.pyxis.greenhopper.jira:gh-lexo-rank">
                        <customfieldname>Rank</customfieldname>
                        <customfieldvalues>
                            <customfieldvalue>0|i293zb:</customfieldvalue>

                        </customfieldvalues>
                    </customfield>
                                                                <customfield id="customfield_12310920" key="com.pyxis.greenhopper.jira:gh-global-rank">
                        <customfieldname>Rank (Obsolete)</customfieldname>
                        <customfieldvalues>
                            <customfieldvalue>9223372036854775807</customfieldvalue>
                        </customfieldvalues>
                    </customfield>
                                                                                                                                                                                                                                                                                                                                                                                                                                                                                                                                                                                                                                                                                                                                                                                            </customfields>
    </item>


</channel>
</rss>