<rss version="0.92">
    <channel>
        <title>ASF JIRA</title>
        <link>https://issues.apache.org/jira/issues/?jql=project+%3D+MNG+and+type+%3D+bug+and+%28status+%3D+RESOLVED+or+status+%3D+closed%29</link>
        <description>An XML representation of a search request</description>
                <language>en-uk</language>
                        <issue start="0" end="1000" total="3303" />
                <build-info>
            <version>8.20.7</version>
            <build-number>820007</build-number>
            <build-date>16-03-2022</build-date>
        </build-info>

<item>
            <title>[MNG-5845] when in maven mojo, ClassNotFoundException slf4j-api `MessageFormatter` class</title>
                <link>https://issues.apache.org/jira/browse/MNG-5845</link>
                <project id="12316922" key="MNG">Maven</project>
                    <description>&lt;p&gt;&lt;b&gt;my code is&lt;/b&gt;&lt;/p&gt;

&lt;div class="code panel" style="border-width: 1px;"&gt;&lt;div class="codeContent panelContent"&gt;
&lt;pre class="code-java"&gt;@Mojo(name = &lt;span class="code-quote"&gt;"hello"&lt;/span&gt;,requiresProject = &lt;span class="code-keyword"&gt;false&lt;/span&gt;)
&lt;span class="code-keyword"&gt;public&lt;/span&gt; &lt;span class="code-keyword"&gt;class &lt;/span&gt;HelloWorldMojo &lt;span class="code-keyword"&gt;extends&lt;/span&gt; AbstractMojo{

    @Override
    &lt;span class="code-keyword"&gt;public&lt;/span&gt; void execute() &lt;span class="code-keyword"&gt;throws&lt;/span&gt; MojoExecutionException,MojoFailureException{
        &lt;span class="code-object"&gt;String&lt;/span&gt;[] argStrings = { &lt;span class="code-quote"&gt;"Hello world"&lt;/span&gt; };
        FormattingTuple formattingTuple = MessageFormatter.arrayFormat(&lt;span class="code-quote"&gt;"{}"&lt;/span&gt;, argStrings);
        getLog().info(formattingTuple.getMessage());
    }
}
&lt;/pre&gt;
&lt;/div&gt;&lt;/div&gt;


&lt;p&gt;&lt;b&gt;when i run my plugins , show me result:&lt;/b&gt;&lt;/p&gt;

&lt;div class="code panel" style="border-width: 1px;"&gt;&lt;div class="codeContent panelContent"&gt;
&lt;pre class="code-java"&gt;Caused by: java.lang.NoClassDefFoundError: org/slf4j/helpers/MessageFormatter
	at com.feilong.core.log.Slf4jUtil.formatMessage(Slf4jUtil.java:77)
	at com.feilong.project.train.mojo.BaseFlowMojo.getFolderPath(BaseFlowMojo.java:72)
	at com.feilong.project.train.mojo.InvitationMojo.handleExecute(InvitationMojo.java:89)
	at com.feilong.project.train.mojo.BaseFlowMojo.execute(BaseFlowMojo.java:111)
	at org.apache.maven.plugin.DefaultBuildPluginManager.executeMojo(DefaultBuildPluginManager.java:134)
	... 21 more
Caused by: java.lang.ClassNotFoundException: org.slf4j.helpers.MessageFormatter
	at org.codehaus.plexus.classworlds.strategy.SelfFirstStrategy.loadClass(SelfFirstStrategy.java:50)
	at org.codehaus.plexus.classworlds.realm.ClassRealm.unsynchronizedLoadClass(ClassRealm.java:271)
	at org.codehaus.plexus.classworlds.realm.ClassRealm.loadClass(ClassRealm.java:247)
	at org.codehaus.plexus.classworlds.realm.ClassRealm.loadClass(ClassRealm.java:239)
	... 26 more
&lt;/pre&gt;
&lt;/div&gt;&lt;/div&gt;

&lt;p&gt;&lt;b&gt;And from the log (run with -X), i see that :&lt;/b&gt;&lt;/p&gt;

&lt;div class="code panel" style="border-width: 1px;"&gt;&lt;div class="codeContent panelContent"&gt;
&lt;pre class="code-java"&gt;Apache Maven 3.3.3 (7994120775791599e205a5524ec3e0dfe41d4a06; 2015-04-22T19:57:37+08:00)
Maven home: D:\FeiLong Soft\Essential\Development\apache-maven-3.3.3\bin\..
Java version: 1.8.0_11, vendor: Oracle Corporation
Java home: D:\Program Files\Java\jdk1.8.0_11\jre
Default locale: zh_CN, platform encoding: GBK
OS name: &lt;span class="code-quote"&gt;"windows 7"&lt;/span&gt;, version: &lt;span class="code-quote"&gt;"6.1"&lt;/span&gt;, arch: &lt;span class="code-quote"&gt;"x86"&lt;/span&gt;, family: &lt;span class="code-quote"&gt;"dos"&lt;/span&gt;
[DEBUG] Created &lt;span class="code-keyword"&gt;new&lt;/span&gt; &lt;span class="code-keyword"&gt;class &lt;/span&gt;realm maven.api
[DEBUG] Importing foreign packages into &lt;span class="code-keyword"&gt;class &lt;/span&gt;realm maven.api
[DEBUG]   Imported: javax.enterprise.inject.* &amp;lt; plexus.core
[DEBUG]   Imported: javax.enterprise.util.* &amp;lt; plexus.core
[DEBUG]   Imported: javax.inject.* &amp;lt; plexus.core
[DEBUG]   Imported: org.apache.maven.* &amp;lt; plexus.core
[DEBUG]   Imported: org.apache.maven.artifact &amp;lt; plexus.core
[DEBUG]   Imported: org.apache.maven.classrealm &amp;lt; plexus.core
[DEBUG]   Imported: org.apache.maven.cli &amp;lt; plexus.core
[DEBUG]   Imported: org.apache.maven.configuration &amp;lt; plexus.core
[DEBUG]   Imported: org.apache.maven.exception &amp;lt; plexus.core
[DEBUG]   Imported: org.apache.maven.execution &amp;lt; plexus.core
[DEBUG]   Imported: org.apache.maven.execution.scope &amp;lt; plexus.core
[DEBUG]   Imported: org.apache.maven.lifecycle &amp;lt; plexus.core
[DEBUG]   Imported: org.apache.maven.model &amp;lt; plexus.core
[DEBUG]   Imported: org.apache.maven.monitor &amp;lt; plexus.core
[DEBUG]   Imported: org.apache.maven.plugin &amp;lt; plexus.core
[DEBUG]   Imported: org.apache.maven.profiles &amp;lt; plexus.core
[DEBUG]   Imported: org.apache.maven.project &amp;lt; plexus.core
[DEBUG]   Imported: org.apache.maven.reporting &amp;lt; plexus.core
[DEBUG]   Imported: org.apache.maven.repository &amp;lt; plexus.core
[DEBUG]   Imported: org.apache.maven.rtinfo &amp;lt; plexus.core
[DEBUG]   Imported: org.apache.maven.settings &amp;lt; plexus.core
[DEBUG]   Imported: org.apache.maven.toolchain &amp;lt; plexus.core
[DEBUG]   Imported: org.apache.maven.usability &amp;lt; plexus.core
[DEBUG]   Imported: org.apache.maven.wagon.* &amp;lt; plexus.core
[DEBUG]   Imported: org.apache.maven.wagon.authentication &amp;lt; plexus.core
[DEBUG]   Imported: org.apache.maven.wagon.authorization &amp;lt; plexus.core
[DEBUG]   Imported: org.apache.maven.wagon.events &amp;lt; plexus.core
[DEBUG]   Imported: org.apache.maven.wagon.observers &amp;lt; plexus.core
[DEBUG]   Imported: org.apache.maven.wagon.proxy &amp;lt; plexus.core
[DEBUG]   Imported: org.apache.maven.wagon.repository &amp;lt; plexus.core
[DEBUG]   Imported: org.apache.maven.wagon.resource &amp;lt; plexus.core
[DEBUG]   Imported: org.codehaus.classworlds &amp;lt; plexus.core
[DEBUG]   Imported: org.codehaus.plexus.* &amp;lt; plexus.core
[DEBUG]   Imported: org.codehaus.plexus.classworlds &amp;lt; plexus.core
[DEBUG]   Imported: org.codehaus.plexus.component &amp;lt; plexus.core
[DEBUG]   Imported: org.codehaus.plexus.configuration &amp;lt; plexus.core
[DEBUG]   Imported: org.codehaus.plexus.container &amp;lt; plexus.core
[DEBUG]   Imported: org.codehaus.plexus.context &amp;lt; plexus.core
[DEBUG]   Imported: org.codehaus.plexus.lifecycle &amp;lt; plexus.core
[DEBUG]   Imported: org.codehaus.plexus.logging &amp;lt; plexus.core
[DEBUG]   Imported: org.codehaus.plexus.personality &amp;lt; plexus.core
[DEBUG]   Imported: org.codehaus.plexus.util.xml.Xpp3Dom &amp;lt; plexus.core
[DEBUG]   Imported: org.codehaus.plexus.util.xml.pull.XmlPullParser &amp;lt; plexus.core
[DEBUG]   Imported: org.codehaus.plexus.util.xml.pull.XmlPullParserException &amp;lt; plexus.core
[DEBUG]   Imported: org.codehaus.plexus.util.xml.pull.XmlSerializer &amp;lt; plexus.core
[DEBUG]   Imported: org.eclipse.aether.* &amp;lt; plexus.core
[DEBUG]   Imported: org.eclipse.aether.artifact &amp;lt; plexus.core
[DEBUG]   Imported: org.eclipse.aether.collection &amp;lt; plexus.core
[DEBUG]   Imported: org.eclipse.aether.deployment &amp;lt; plexus.core
[DEBUG]   Imported: org.eclipse.aether.graph &amp;lt; plexus.core
[DEBUG]   Imported: org.eclipse.aether.impl &amp;lt; plexus.core
[DEBUG]   Imported: org.eclipse.aether.installation &amp;lt; plexus.core
[DEBUG]   Imported: org.eclipse.aether.internal.impl &amp;lt; plexus.core
[DEBUG]   Imported: org.eclipse.aether.metadata &amp;lt; plexus.core
[DEBUG]   Imported: org.eclipse.aether.repository &amp;lt; plexus.core
[DEBUG]   Imported: org.eclipse.aether.resolution &amp;lt; plexus.core
[DEBUG]   Imported: org.eclipse.aether.spi &amp;lt; plexus.core
[DEBUG]   Imported: org.eclipse.aether.transfer &amp;lt; plexus.core
[DEBUG]   Imported: org.eclipse.aether.version &amp;lt; plexus.core
[DEBUG]   Imported: org.slf4j.* &amp;lt; plexus.core
[DEBUG]   Imported: org.slf4j.spi.* &amp;lt; plexus.core
[DEBUG] Populating &lt;span class="code-keyword"&gt;class &lt;/span&gt;realm maven.api
[INFO] Error stacktraces are turned on.
[DEBUG] Reading global settings from D:\FeiLong Soft\Essential\Development\apache-maven-3.3.3\bin\..\conf\settings.xml
[DEBUG] Reading user settings from C:\Users\feilong\.m2\settings.xml
[DEBUG] Reading global toolchains from D:\FeiLong Soft\Essential\Development\apache-maven-3.3.3\bin\..\conf\toolchains.xml
[DEBUG] Reading user toolchains from C:\Users\feilong\.m2\toolchains.xml
[DEBUG] Using local repository at D:\FeiLong Soft\Essential\Development\repository
[DEBUG] Using manager EnhancedLocalRepositoryManager with priority 10.0 &lt;span class="code-keyword"&gt;for&lt;/span&gt; D:\FeiLong Soft\Essential\Development\repository
[INFO] Scanning &lt;span class="code-keyword"&gt;for&lt;/span&gt; projects...
[DEBUG] Extension realms &lt;span class="code-keyword"&gt;for&lt;/span&gt; project org.apache.maven:standalone-pom:pom:1: (none)
[DEBUG] Looking up lifecyle mappings &lt;span class="code-keyword"&gt;for&lt;/span&gt; packaging pom from ClassRealm[plexus.core, parent: &lt;span class="code-keyword"&gt;null&lt;/span&gt;]
[DEBUG] Skipped remote request &lt;span class="code-keyword"&gt;for&lt;/span&gt; com.feilong.maven.plugins:feilong-training-plugin:1.2.1-SNAPSHOT/maven-metadata.xml, locally installed metadata up-to-date.
[DEBUG] Skipped remote request &lt;span class="code-keyword"&gt;for&lt;/span&gt; com.feilong.maven.plugins:feilong-training-plugin:1.2.1-SNAPSHOT/maven-metadata.xml, locally installed metadata up-to-date.
[DEBUG] Skipped remote request &lt;span class="code-keyword"&gt;for&lt;/span&gt; com.feilong.platform:parent:1.2.1-SNAPSHOT/maven-metadata.xml, locally installed metadata up-to-date.
[DEBUG] === REACTOR BUILD PLAN ================================================
[DEBUG] Project: org.apache.maven:standalone-pom:pom:1
[DEBUG] Tasks:   [com.feilong.maven.plugins:feilong-training-plugin:1.2.1-SNAPSHOT:invitation]
[DEBUG] Style:   Aggregating
[DEBUG] =======================================================================
[INFO]                                                                         
[INFO] ------------------------------------------------------------------------
[INFO] Building Maven Stub Project (No POM) 1
[INFO] ------------------------------------------------------------------------
[DEBUG] Lifecycle &lt;span class="code-keyword"&gt;default&lt;/span&gt; -&amp;gt; [validate, initialize, generate-sources, process-sources, generate-resources, process-resources, compile, process-classes, generate-test-sources, process-test-sources, generate-test-resources, process-test-resources, test-compile, process-test-classes, test, prepare-&lt;span class="code-keyword"&gt;package&lt;/span&gt;, &lt;span class="code-keyword"&gt;package&lt;/span&gt;, pre-integration-test, integration-test, post-integration-test, verify, install, deploy]
[DEBUG] Lifecycle clean -&amp;gt; [pre-clean, clean, post-clean]
[DEBUG] Lifecycle site -&amp;gt; [pre-site, site, post-site, site-deploy]
[DEBUG] === PROJECT BUILD PLAN ================================================
[DEBUG] Project:       org.apache.maven:standalone-pom:1
[DEBUG] Dependencies (collect): []
[DEBUG] Dependencies (resolve): [compile+runtime]
[DEBUG] Repositories (dependencies): [central (http:&lt;span class="code-comment"&gt;//search.maven.org/remotecontent?filepath=, &lt;span class="code-keyword"&gt;default&lt;/span&gt;, releases+snapshots)]
&lt;/span&gt;[DEBUG] Repositories (plugins)     : [maven-plugin (http:&lt;span class="code-comment"&gt;//search.maven.org/remotecontent?filepath=, &lt;span class="code-keyword"&gt;default&lt;/span&gt;, releases+snapshots), central (https://repo.maven.apache.org/maven2, &lt;span class="code-keyword"&gt;default&lt;/span&gt;, releases)]
&lt;/span&gt;[DEBUG] -----------------------------------------------------------------------
[DEBUG] Goal:          com.feilong.maven.plugins:feilong-training-plugin:1.2.1-SNAPSHOT:invitation (&lt;span class="code-keyword"&gt;default&lt;/span&gt;-cli)
[DEBUG] Style:         Regular
[DEBUG] Configuration: &amp;lt;?xml version=&lt;span class="code-quote"&gt;"1.0"&lt;/span&gt; encoding=&lt;span class="code-quote"&gt;"UTF-8"&lt;/span&gt;?&amp;gt;
&amp;lt;configuration/&amp;gt;
[DEBUG] =======================================================================
[DEBUG] Dependency collection stats: {ConflictMarker.analyzeTime=0, ConflictMarker.markTime=0, ConflictMarker.nodeCount=1, ConflictIdSorter.graphTime=1, ConflictIdSorter.topsortTime=0, ConflictIdSorter.conflictIdCount=0, ConflictIdSorter.conflictIdCycleCount=0, ConflictResolver.totalTime=2, ConflictResolver.conflictItemCount=0, DefaultDependencyCollector.collectTime=0, DefaultDependencyCollector.transformTime=5}
[DEBUG] org.apache.maven:standalone-pom:pom:1
[INFO] 
[INFO] --- feilong-training-plugin:1.2.1-SNAPSHOT:invitation (&lt;span class="code-keyword"&gt;default&lt;/span&gt;-cli) @ standalone-pom ---
[DEBUG] Dependency collection stats: {ConflictMarker.analyzeTime=2, ConflictMarker.markTime=0, ConflictMarker.nodeCount=176, ConflictIdSorter.graphTime=1, ConflictIdSorter.topsortTime=0, ConflictIdSorter.conflictIdCount=84, ConflictIdSorter.conflictIdCycleCount=0, ConflictResolver.totalTime=9, ConflictResolver.conflictItemCount=163, DefaultDependencyCollector.collectTime=418, DefaultDependencyCollector.transformTime=12}
[DEBUG] com.feilong.maven.plugins:feilong-training-plugin:jar:1.2.1-SNAPSHOT:
[DEBUG]    org.apache.maven:maven-core:jar:3.3.3:compile
[DEBUG]       org.apache.maven:maven-model:jar:3.3.3:compile
[DEBUG]       org.apache.maven:maven-settings:jar:3.3.3:compile
[DEBUG]       org.apache.maven:maven-settings-builder:jar:3.3.3:compile
[DEBUG]          org.apache.maven:maven-builder-support:jar:3.3.3:compile
[DEBUG]       org.apache.maven:maven-repository-metadata:jar:3.3.3:compile
[DEBUG]       org.apache.maven:maven-artifact:jar:3.3.3:compile
[DEBUG]       org.apache.maven:maven-model-builder:jar:3.3.3:compile
[DEBUG]          com.google.guava:guava:jar:18.0:compile
[DEBUG]       org.apache.maven:maven-aether-provider:jar:3.3.3:compile
[DEBUG]          org.eclipse.aether:aether-spi:jar:1.0.2.v20150114:compile
[DEBUG]       org.eclipse.aether:aether-impl:jar:1.0.2.v20150114:compile
[DEBUG]       org.eclipse.aether:aether-api:jar:1.0.2.v20150114:compile
[DEBUG]       org.eclipse.aether:aether-util:jar:1.0.2.v20150114:compile
[DEBUG]       org.eclipse.sisu:org.eclipse.sisu.plexus:jar:0.3.0:compile
[DEBUG]          javax.enterprise:cdi-api:jar:1.0:compile
[DEBUG]             javax.annotation:jsr250-api:jar:1.0:compile
[DEBUG]          org.eclipse.sisu:org.eclipse.sisu.inject:jar:0.3.0:compile
[DEBUG]       org.sonatype.sisu:sisu-guice:jar:no_aop:3.2.5:compile
[DEBUG]          javax.inject:javax.inject:jar:1:compile
[DEBUG]          aopalliance:aopalliance:jar:1.0:compile
[DEBUG]       org.codehaus.plexus:plexus-interpolation:jar:1.21:compile
[DEBUG]       org.codehaus.plexus:plexus-classworlds:jar:2.5.2:compile
[DEBUG]       org.codehaus.plexus:plexus-component-annotations:jar:1.5.5:compile
[DEBUG]       org.sonatype.plexus:plexus-sec-dispatcher:jar:1.3:compile
[DEBUG]          org.sonatype.plexus:plexus-cipher:jar:1.4:compile
[DEBUG]    org.apache.maven:maven-plugin-api:jar:3.3.3:compile
[DEBUG]    org.codehaus.plexus:plexus-container-&lt;span class="code-keyword"&gt;default&lt;/span&gt;:jar:1.6:compile
[DEBUG]       org.apache.xbean:xbean-reflect:jar:3.7:compile
[DEBUG]       com.google.collections:google-collections:jar:1.0:compile
[DEBUG]    org.codehaus.plexus:plexus-interactivity-api:jar:1.0-alpha-6:compile
[DEBUG]       org.codehaus.plexus:plexus-component-api:jar:1.0-alpha-16:compile
[DEBUG]          junit:junit:jar:4.12:test
[DEBUG]             org.hamcrest:hamcrest-core:jar:1.3:test
[DEBUG]    org.codehaus.plexus:plexus-utils:jar:3.0.22:compile
[DEBUG]    com.feilong.project:feilong-train:jar:1.2.1-SNAPSHOT:compile
[DEBUG]       com.feilong.office:feilong-office-excel:jar:1.2.1-SNAPSHOT:compile
[DEBUG]          com.feilong.platform:feilong-servlet:jar:1.2.1-SNAPSHOT:compile
[DEBUG]             javax.servlet:jstl:jar:1.2:compile
[DEBUG]          org.apache.poi:poi:jar:3.11:compile
[DEBUG]             commons-codec:commons-codec:jar:1.9:compile
[DEBUG]          org.apache.poi:poi-ooxml:jar:3.11:compile
[DEBUG]          org.apache.poi:poi-ooxml-schemas:jar:3.11:compile
[DEBUG]             org.apache.xmlbeans:xmlbeans:jar:2.6.0:compile
[DEBUG]                stax:stax-api:jar:1.0.1:compile
[DEBUG]          loxia2:loxia2-support:jar:2.5.2:compile
[DEBUG]             org.aspectj:aspectjweaver:jar:1.6.8:compile
[DEBUG]             ognl:ognl:jar:2.7.3:compile
[DEBUG]                jboss:javassist:jar:3.7.ga:compile
[DEBUG]          commons-digester:commons-digester:jar:2.1:compile
[DEBUG]       com.feilong.chart:feilong-chart-core:jar:1.2.1-SNAPSHOT:compile
[DEBUG]       com.feilong.chart:feilong-chart-amcharts:jar:1.2.1-SNAPSHOT:compile
[DEBUG]       com.feilong.platform.tools:feilong-tools-ant:jar:1.2.1-SNAPSHOT:compile
[DEBUG]          org.apache.ant:ant:jar:1.9.4:compile
[DEBUG]             org.apache.ant:ant-launcher:jar:1.9.4:compile
[DEBUG]       com.feilong.platform.tools:feilong-tools-mail:jar:1.2.1-SNAPSHOT:compile
[DEBUG]          com.sun.mail:javax.mail:jar:1.5.2:compile
[DEBUG]             javax.activation:activation:jar:1.1:compile
[DEBUG]       com.feilong.platform.tools:feilong-tools-velocity:jar:1.2.1-SNAPSHOT:compile
[DEBUG]          org.apache.velocity:velocity:jar:1.7:compile
[DEBUG]          org.apache.velocity:velocity-tools:jar:2.0:compile
[DEBUG]             commons-chain:commons-chain:jar:1.1:compile
[DEBUG]             commons-validator:commons-validator:jar:1.3.1:compile
[DEBUG]             dom4j:dom4j:jar:1.6.1:compile
[DEBUG]                xml-apis:xml-apis:jar:1.4.01:compile
[DEBUG]             oro:oro:jar:2.0.8:compile
[DEBUG]       com.feilong.platform:feilong-core:jar:1.2.1-SNAPSHOT:compile
[DEBUG]          commons-lang:commons-lang:jar:2.6:compile
[DEBUG]          org.apache.commons:commons-lang3:jar:3.4:compile
[DEBUG]          commons-beanutils:commons-beanutils:jar:1.9.2:compile
[DEBUG]          commons-logging:commons-logging:jar:1.2:compile
[DEBUG]          commons-collections:commons-collections:jar:3.2.1:compile
[DEBUG]          commons-io:commons-io:jar:2.4:compile
[DEBUG]          net.sf.json-lib:json-lib:jar:jdk15:2.4:compile
[DEBUG]             net.sf.ezmorph:ezmorph:jar:1.0.6:compile
[DEBUG]    com.feilong.data:feilong-data-redis:jar:1.2.1-SNAPSHOT:compile
[DEBUG]       redis.clients:jedis:jar:2.6.2:compile
[DEBUG]          org.apache.commons:commons-pool2:jar:2.0:compile
[DEBUG]    com.feilong.platform.tools:feilong-tools-jsoup:jar:1.2.1-SNAPSHOT:compile
[DEBUG]       org.jsoup:jsoup:jar:1.7.3:compile
[DEBUG]    ch.qos.logback:logback-core:jar:1.1.3:compile
[DEBUG]    ch.qos.logback:logback-classic:jar:1.1.3:compile
{color:red} 
[DEBUG]    org.slf4j:slf4j-api:jar:1.7.12:compile
{color}
[DEBUG] Created &lt;span class="code-keyword"&gt;new&lt;/span&gt; &lt;span class="code-keyword"&gt;class &lt;/span&gt;realm plugin&amp;gt;com.feilong.maven.plugins:feilong-training-plugin:1.2.1-SNAPSHOT
[DEBUG] Importing foreign packages into &lt;span class="code-keyword"&gt;class &lt;/span&gt;realm plugin&amp;gt;com.feilong.maven.plugins:feilong-training-plugin:1.2.1-SNAPSHOT
[DEBUG]   Imported:  &amp;lt; maven.api
[DEBUG] Populating &lt;span class="code-keyword"&gt;class &lt;/span&gt;realm plugin&amp;gt;com.feilong.maven.plugins:feilong-training-plugin:1.2.1-SNAPSHOT
[DEBUG]   Included: com.feilong.maven.plugins:feilong-training-plugin:jar:1.2.1-SNAPSHOT
[DEBUG]   Included: org.apache.maven:maven-builder-support:jar:3.3.3
[DEBUG]   Included: com.google.guava:guava:jar:18.0
[DEBUG]   Included: org.eclipse.aether:aether-util:jar:1.0.2.v20150114
[DEBUG]   Included: javax.enterprise:cdi-api:jar:1.0
[DEBUG]   Included: javax.annotation:jsr250-api:jar:1.0
[DEBUG]   Included: org.eclipse.sisu:org.eclipse.sisu.inject:jar:0.3.0
[DEBUG]   Included: org.sonatype.sisu:sisu-guice:jar:no_aop:3.2.5
[DEBUG]   Included: aopalliance:aopalliance:jar:1.0
[DEBUG]   Included: org.codehaus.plexus:plexus-interpolation:jar:1.21
[DEBUG]   Included: org.codehaus.plexus:plexus-component-annotations:jar:1.5.5
[DEBUG]   Included: org.sonatype.plexus:plexus-sec-dispatcher:jar:1.3
[DEBUG]   Included: org.sonatype.plexus:plexus-cipher:jar:1.4
[DEBUG]   Included: org.apache.xbean:xbean-reflect:jar:3.7
[DEBUG]   Included: com.google.collections:google-collections:jar:1.0
[DEBUG]   Included: org.codehaus.plexus:plexus-interactivity-api:jar:1.0-alpha-6
[DEBUG]   Included: org.codehaus.plexus:plexus-utils:jar:3.0.22
[DEBUG]   Included: com.feilong.project:feilong-train:jar:1.2.1-SNAPSHOT
[DEBUG]   Included: com.feilong.office:feilong-office-excel:jar:1.2.1-SNAPSHOT
[DEBUG]   Included: com.feilong.platform:feilong-servlet:jar:1.2.1-SNAPSHOT
[DEBUG]   Included: javax.servlet:jstl:jar:1.2
[DEBUG]   Included: org.apache.poi:poi:jar:3.11
[DEBUG]   Included: commons-codec:commons-codec:jar:1.9
[DEBUG]   Included: org.apache.poi:poi-ooxml:jar:3.11
[DEBUG]   Included: org.apache.poi:poi-ooxml-schemas:jar:3.11
[DEBUG]   Included: org.apache.xmlbeans:xmlbeans:jar:2.6.0
[DEBUG]   Included: stax:stax-api:jar:1.0.1
[DEBUG]   Included: loxia2:loxia2-support:jar:2.5.2
[DEBUG]   Included: org.aspectj:aspectjweaver:jar:1.6.8
[DEBUG]   Included: ognl:ognl:jar:2.7.3
[DEBUG]   Included: jboss:javassist:jar:3.7.ga
[DEBUG]   Included: commons-digester:commons-digester:jar:2.1
[DEBUG]   Included: com.feilong.chart:feilong-chart-core:jar:1.2.1-SNAPSHOT
[DEBUG]   Included: com.feilong.chart:feilong-chart-amcharts:jar:1.2.1-SNAPSHOT
[DEBUG]   Included: com.feilong.platform.tools:feilong-tools-ant:jar:1.2.1-SNAPSHOT
[DEBUG]   Included: org.apache.ant:ant:jar:1.9.4
[DEBUG]   Included: org.apache.ant:ant-launcher:jar:1.9.4
[DEBUG]   Included: com.feilong.platform.tools:feilong-tools-mail:jar:1.2.1-SNAPSHOT
[DEBUG]   Included: com.sun.mail:javax.mail:jar:1.5.2
[DEBUG]   Included: javax.activation:activation:jar:1.1
[DEBUG]   Included: com.feilong.platform.tools:feilong-tools-velocity:jar:1.2.1-SNAPSHOT
[DEBUG]   Included: org.apache.velocity:velocity:jar:1.7
[DEBUG]   Included: org.apache.velocity:velocity-tools:jar:2.0
[DEBUG]   Included: commons-chain:commons-chain:jar:1.1
[DEBUG]   Included: commons-validator:commons-validator:jar:1.3.1
[DEBUG]   Included: dom4j:dom4j:jar:1.6.1
[DEBUG]   Included: xml-apis:xml-apis:jar:1.4.01
[DEBUG]   Included: oro:oro:jar:2.0.8
[DEBUG]   Included: com.feilong.platform:feilong-core:jar:1.2.1-SNAPSHOT
[DEBUG]   Included: commons-lang:commons-lang:jar:2.6
[DEBUG]   Included: org.apache.commons:commons-lang3:jar:3.4
[DEBUG]   Included: commons-beanutils:commons-beanutils:jar:1.9.2
[DEBUG]   Included: commons-logging:commons-logging:jar:1.2
[DEBUG]   Included: commons-collections:commons-collections:jar:3.2.1
[DEBUG]   Included: commons-io:commons-io:jar:2.4
[DEBUG]   Included: net.sf.json-lib:json-lib:jar:jdk15:2.4
[DEBUG]   Included: net.sf.ezmorph:ezmorph:jar:1.0.6
[DEBUG]   Included: com.feilong.data:feilong-data-redis:jar:1.2.1-SNAPSHOT
[DEBUG]   Included: redis.clients:jedis:jar:2.6.2
[DEBUG]   Included: org.apache.commons:commons-pool2:jar:2.0
[DEBUG]   Included: com.feilong.platform.tools:feilong-tools-jsoup:jar:1.2.1-SNAPSHOT
[DEBUG]   Included: org.jsoup:jsoup:jar:1.7.3
[DEBUG]   Included: ch.qos.logback:logback-core:jar:1.1.3
[DEBUG]   Included: ch.qos.logback:logback-classic:jar:1.1.3 
&lt;/pre&gt;
&lt;/div&gt;&lt;/div&gt;


&lt;p&gt;*and i also see that,  in  maven  "META-INF/maven/extension.xml" file ,&lt;br/&gt;
 here is slf4j  exportedArtifact config:*&lt;/p&gt;
&lt;div class="code panel" style="border-width: 1px;"&gt;&lt;div class="codeContent panelContent"&gt;
&lt;pre class="code-java"&gt;    &amp;lt;exportedArtifact&amp;gt;org.slf4j:slf4j-api&amp;lt;/exportedArtifact&amp;gt;
&lt;/pre&gt;
&lt;/div&gt;&lt;/div&gt;


&lt;p&gt;&lt;b&gt;and in org.apache.maven.classrealm.DefaultClassRealmManager.isProvidedArtifact(Artifact)   line 167 , has code validator&lt;/b&gt;&lt;/p&gt;

&lt;div class="code panel" style="border-width: 1px;"&gt;&lt;div class="codeContent panelContent"&gt;
&lt;pre class="code-java"&gt;&lt;span class="code-keyword"&gt;if&lt;/span&gt; ( artifacts != &lt;span class="code-keyword"&gt;null&lt;/span&gt; )
        {
            &lt;span class="code-keyword"&gt;for&lt;/span&gt; ( Artifact artifact : artifacts )
            {
                &lt;span class="code-keyword"&gt;if&lt;/span&gt; ( !isProvidedArtifact( artifact ) )
                {
                    artifactIds.add( getId( artifact ) );
                    &lt;span class="code-keyword"&gt;if&lt;/span&gt; ( artifact.getFile() != &lt;span class="code-keyword"&gt;null&lt;/span&gt; )
                    {
                        constituents.add( &lt;span class="code-keyword"&gt;new&lt;/span&gt; ArtifactClassRealmConstituent( artifact ) );
                    }
                }
            }
        }

&lt;/pre&gt;
&lt;/div&gt;&lt;/div&gt;
&lt;p&gt;......&lt;/p&gt;


&lt;p&gt;&lt;b&gt;why in my plugins, can not use MessageFormatter?&lt;/b&gt;&lt;/p&gt;</description>
                <environment>window7;&lt;br/&gt;
maven 3.3.3;&lt;br/&gt;
&lt;br/&gt;
my custom maven plugin  dependencies&lt;br/&gt;
&lt;br/&gt;
&lt;br/&gt;
&amp;lt;dependencies&amp;gt;&lt;br/&gt;
&lt;br/&gt;
		&amp;lt;!----&amp;gt;&lt;br/&gt;
		&amp;lt;dependency&amp;gt;&lt;br/&gt;
			&amp;lt;groupId&amp;gt;org.apache.maven&amp;lt;/groupId&amp;gt;&lt;br/&gt;
			&amp;lt;artifactId&amp;gt;maven-core&amp;lt;/artifactId&amp;gt;&lt;br/&gt;
			&amp;lt;version&amp;gt;3.3.3&amp;lt;/version&amp;gt;&lt;br/&gt;
		&amp;lt;/dependency&amp;gt;&lt;br/&gt;
&lt;br/&gt;
		&amp;lt;dependency&amp;gt;&lt;br/&gt;
			&amp;lt;groupId&amp;gt;org.apache.maven&amp;lt;/groupId&amp;gt;&lt;br/&gt;
			&amp;lt;artifactId&amp;gt;maven-plugin-api&amp;lt;/artifactId&amp;gt;&lt;br/&gt;
			&amp;lt;version&amp;gt;3.3.3&amp;lt;/version&amp;gt;&lt;br/&gt;
		&amp;lt;/dependency&amp;gt;&lt;br/&gt;
&lt;br/&gt;
		&amp;lt;!-- dependencies to annotations --&amp;gt;&lt;br/&gt;
		&amp;lt;dependency&amp;gt;&lt;br/&gt;
			&amp;lt;groupId&amp;gt;org.apache.maven.plugin-tools&amp;lt;/groupId&amp;gt;&lt;br/&gt;
			&amp;lt;artifactId&amp;gt;maven-plugin-annotations&amp;lt;/artifactId&amp;gt;&lt;br/&gt;
			&amp;lt;version&amp;gt;3.4&amp;lt;/version&amp;gt;&lt;br/&gt;
			&amp;lt;scope&amp;gt;provided&amp;lt;/scope&amp;gt;&lt;br/&gt;
		&amp;lt;/dependency&amp;gt;&lt;br/&gt;
		&amp;lt;!-- plexus --&amp;gt;&lt;br/&gt;
		&amp;lt;dependency&amp;gt;&lt;br/&gt;
			&amp;lt;groupId&amp;gt;org.codehaus.plexus&amp;lt;/groupId&amp;gt;&lt;br/&gt;
			&amp;lt;artifactId&amp;gt;plexus-component-annotations&amp;lt;/artifactId&amp;gt;&lt;br/&gt;
			&amp;lt;version&amp;gt;1.6&amp;lt;/version&amp;gt;&lt;br/&gt;
			&amp;lt;scope&amp;gt;provided&amp;lt;/scope&amp;gt;&lt;br/&gt;
		&amp;lt;/dependency&amp;gt;&lt;br/&gt;
&lt;br/&gt;
		&amp;lt;dependency&amp;gt;&lt;br/&gt;
			&amp;lt;groupId&amp;gt;org.codehaus.plexus&amp;lt;/groupId&amp;gt;&lt;br/&gt;
			&amp;lt;artifactId&amp;gt;plexus-container-default&amp;lt;/artifactId&amp;gt;&lt;br/&gt;
			&amp;lt;version&amp;gt;1.6&amp;lt;/version&amp;gt;&lt;br/&gt;
		&amp;lt;/dependency&amp;gt;&lt;br/&gt;
		&amp;lt;dependency&amp;gt;&lt;br/&gt;
			&amp;lt;groupId&amp;gt;org.codehaus.plexus&amp;lt;/groupId&amp;gt;&lt;br/&gt;
			&amp;lt;artifactId&amp;gt;plexus-interactivity-api&amp;lt;/artifactId&amp;gt;&lt;br/&gt;
			&amp;lt;version&amp;gt;1.0-alpha-6&amp;lt;/version&amp;gt;&lt;br/&gt;
			&amp;lt;exclusions&amp;gt;&lt;br/&gt;
				&amp;lt;exclusion&amp;gt;&lt;br/&gt;
					&amp;lt;groupId&amp;gt;plexus&amp;lt;/groupId&amp;gt;&lt;br/&gt;
					&amp;lt;artifactId&amp;gt;plexus-utils&amp;lt;/artifactId&amp;gt;&lt;br/&gt;
				&amp;lt;/exclusion&amp;gt;&lt;br/&gt;
			&amp;lt;/exclusions&amp;gt;&lt;br/&gt;
		&amp;lt;/dependency&amp;gt;&lt;br/&gt;
		&amp;lt;dependency&amp;gt;&lt;br/&gt;
			&amp;lt;groupId&amp;gt;org.codehaus.plexus&amp;lt;/groupId&amp;gt;&lt;br/&gt;
			&amp;lt;artifactId&amp;gt;plexus-utils&amp;lt;/artifactId&amp;gt;&lt;br/&gt;
			&amp;lt;version&amp;gt;3.0.22&amp;lt;/version&amp;gt;&lt;br/&gt;
		&amp;lt;/dependency&amp;gt;&lt;br/&gt;
&lt;br/&gt;
		&amp;lt;dependency&amp;gt;&lt;br/&gt;
			&amp;lt;groupId&amp;gt;org.apache.maven.plugin-testing&amp;lt;/groupId&amp;gt;&lt;br/&gt;
			&amp;lt;artifactId&amp;gt;maven-plugin-testing-harness&amp;lt;/artifactId&amp;gt;&lt;br/&gt;
			&amp;lt;version&amp;gt;3.3.0&amp;lt;/version&amp;gt;&lt;br/&gt;
			&amp;lt;scope&amp;gt;test&amp;lt;/scope&amp;gt;&lt;br/&gt;
		&amp;lt;/dependency&amp;gt;&lt;br/&gt;
&amp;nbsp;&amp;nbsp;&amp;nbsp;&amp;nbsp;&amp;nbsp;&amp;nbsp;&amp;lt;dependency&amp;gt;&lt;br/&gt;
&amp;nbsp;&amp;nbsp;&amp;nbsp;&amp;nbsp;&amp;nbsp;&amp;nbsp;&amp;nbsp;&amp;nbsp;&amp;lt;groupId&amp;gt;org.slf4j&amp;lt;/groupId&amp;gt;&lt;br/&gt;
&amp;nbsp;&amp;nbsp;&amp;nbsp;&amp;nbsp;&amp;nbsp;&amp;nbsp;&amp;nbsp;&amp;nbsp;&amp;lt;artifactId&amp;gt;slf4j-api&amp;lt;/artifactId&amp;gt;&lt;br/&gt;
&amp;nbsp;&amp;nbsp;&amp;nbsp;&amp;nbsp;&amp;nbsp;&amp;nbsp;&amp;nbsp;&amp;nbsp;&amp;lt;version&amp;gt;1.7.12&amp;lt;/version&amp;gt;&lt;br/&gt;
&amp;nbsp;&amp;nbsp;&amp;nbsp;&amp;nbsp;&amp;nbsp;&amp;nbsp;&amp;lt;/dependency&amp;gt;&lt;br/&gt;
&amp;nbsp;&amp;nbsp;&amp;nbsp;&amp;nbsp;&amp;nbsp;&amp;nbsp;&amp;lt;dependency&amp;gt;&lt;br/&gt;
&amp;nbsp;&amp;nbsp;&amp;nbsp;&amp;nbsp;&amp;nbsp;&amp;nbsp;&amp;nbsp;&amp;nbsp;&amp;lt;groupId&amp;gt;org.slf4j&amp;lt;/groupId&amp;gt;&lt;br/&gt;
&amp;nbsp;&amp;nbsp;&amp;nbsp;&amp;nbsp;&amp;nbsp;&amp;nbsp;&amp;nbsp;&amp;nbsp;&amp;lt;artifactId&amp;gt;slf4j-log4j12&amp;lt;/artifactId&amp;gt;&lt;br/&gt;
&amp;nbsp;&amp;nbsp;&amp;nbsp;&amp;nbsp;&amp;nbsp;&amp;nbsp;&amp;nbsp;&amp;nbsp;&amp;lt;version&amp;gt;1.7.12&amp;lt;/version&amp;gt;&lt;br/&gt;
&amp;nbsp;&amp;nbsp;&amp;nbsp;&amp;nbsp;&amp;nbsp;&amp;nbsp;&amp;lt;/dependency&amp;gt;&lt;br/&gt;
&lt;br/&gt;
&amp;lt;/dependencies&amp;gt;</environment>
        <key id="12839425">MNG-5845</key>
            <summary>when in maven mojo, ClassNotFoundException slf4j-api `MessageFormatter` class</summary>
                <type id="1" iconUrl="https://issues.apache.org/jira/secure/viewavatar?size=xsmall&amp;avatarId=21133&amp;avatarType=issuetype">Bug</type>
                                            <priority id="3" iconUrl="https://issues.apache.org/jira/images/icons/priorities/major.svg">Major</priority>
                        <status id="6" iconUrl="https://issues.apache.org/jira/images/icons/statuses/closed.png" description="The issue is considered finished, the resolution is correct. Issues which are not closed can be reopened.">Closed</status>
                    <statusCategory id="3" key="done" colorName="green" />
                                    <resolution id="3">Duplicate</resolution>
                                        <assignee username="aheritier">Arnaud Heritier</assignee>
                                    <reporter username="feilong">feilong</reporter>
                        <labels>
                            <label>maven</label>
                    </labels>
                <created>Sun, 21 Jun 2015 17:26:00 +0000</created>
                <updated>Sat, 28 Mar 2020 14:59:29 +0000</updated>
                            <resolved>Sun, 4 Oct 2015 12:29:21 +0000</resolved>
                                    <version>3.3.3</version>
                                                    <component>Class Loading</component>
                        <due />
                            <votes>0</votes>
                                    <watches>5</watches>
                                    <timeoriginalestimate seconds="14400">4h</timeoriginalestimate>
                            <timeestimate seconds="14400">4h</timeestimate>
                                        <comments>
                            <comment id="14600378" author="thesnoozer" created="Wed, 24 Jun 2015 23:36:51 +0000">&lt;p&gt;This issue sounds to be a similar problem: &lt;a href="https://issues.apache.org/jira/browse/MNG-5787" class="external-link" rel="nofollow"&gt;https://issues.apache.org/jira/browse/MNG-5787&lt;/a&gt;&lt;br/&gt;
The main problems seems to be a class loading issue wit maven 3.3.3.&lt;/p&gt;

&lt;p&gt;Can you try to run your project with 3.3.2 and see if it still breaks?&lt;/p&gt;</comment>
                            <comment id="14604287" author="feilong" created="Sat, 27 Jun 2015 18:01:19 +0000">&lt;p&gt;maybe similar with &lt;a href="https://issues.apache.org/jira/browse/MNG-5842" class="external-link" rel="nofollow"&gt;https://issues.apache.org/jira/browse/MNG-5842&lt;/a&gt;&lt;/p&gt;</comment>
                            <comment id="14941189" author="aheritier" created="Fri, 2 Oct 2015 14:25:22 +0000">&lt;p&gt;Reported as &lt;a href="https://issues.apache.org/jira/browse/MNG-5842" title="java.lang.NoClassDefFoundError: org/slf4j/helpers/MessageFormatter with jetty plugin" class="issue-link" data-issue-key="MNG-5842"&gt;&lt;del&gt;MNG-5842&lt;/del&gt;&lt;/a&gt;, and &lt;a href="https://issues.apache.org/jira/browse/MNG-5787" title="Moving from Maven 3.0.5 to 3.3.3 breaks plugins with some dependencies on the class path" class="issue-link" data-issue-key="MNG-5787"&gt;&lt;del&gt;MNG-5787&lt;/del&gt;&lt;/a&gt;. The problem comes from the fact that we are exporting the slf4j-api artefact, thus plugins cannot use their own version but we forgot to export the content of the package org/slf4j/helpers. Thus the `java.lang.ClassNotFoundException: org.slf4j.helpers.MessageFormatter`&lt;/p&gt;</comment>
                            <comment id="14942654" author="hudson" created="Sun, 4 Oct 2015 12:34:02 +0000">&lt;p&gt;SUCCESS: Integrated in maven-3.x #1125 (See &lt;a href="https://builds.apache.org/job/maven-3.x/1125/" class="external-link" target="_blank" rel="nofollow noopener"&gt;https://builds.apache.org/job/maven-3.x/1125/&lt;/a&gt;)&lt;br/&gt;
&lt;a href="https://issues.apache.org/jira/browse/MNG-5787" title="Moving from Maven 3.0.5 to 3.3.3 breaks plugins with some dependencies on the class path" class="issue-link" data-issue-key="MNG-5787"&gt;&lt;del&gt;MNG-5787&lt;/del&gt;&lt;/a&gt;,&lt;a href="https://issues.apache.org/jira/browse/MNG-5842" title="java.lang.NoClassDefFoundError: org/slf4j/helpers/MessageFormatter with jetty plugin" class="issue-link" data-issue-key="MNG-5842"&gt;&lt;del&gt;MNG-5842&lt;/del&gt;&lt;/a&gt;,&lt;a href="https://issues.apache.org/jira/browse/MNG-5845" title="when in maven mojo, ClassNotFoundException slf4j-api `MessageFormatter` class" class="issue-link" data-issue-key="MNG-5845"&gt;&lt;del&gt;MNG-5845&lt;/del&gt;&lt;/a&gt;: Add missing org.slf4j.helpers.* export which (aheritier: rev dfed29cc664f0e8f2f06278ff70d3037caf147f0)&lt;/p&gt;
&lt;ul&gt;
	&lt;li&gt;maven-core/src/main/resources/META-INF/maven/extension.xml&lt;/li&gt;
&lt;/ul&gt;
</comment>
                            <comment id="17069617" author="hudson" created="Sat, 28 Mar 2020 14:59:29 +0000">&lt;p&gt;Build failed in Jenkins: Maven TLP &#187; maven-studies &#187; maven-metrics #4&lt;/p&gt;

&lt;p&gt;See &lt;a href="https://builds.apache.org/job/maven-box/job/maven-studies/job/maven-metrics/4/" class="external-link" target="_blank" rel="nofollow noopener"&gt;https://builds.apache.org/job/maven-box/job/maven-studies/job/maven-metrics/4/&lt;/a&gt;&lt;/p&gt;</comment>
                    </comments>
                <issuelinks>
                            <issuelinktype id="12310000">
                    <name>Duplicate</name>
                                            <outwardlinks description="duplicates">
                                        <issuelink>
            <issuekey id="12796402">MNG-5787</issuekey>
        </issuelink>
            <issuelink>
            <issuekey id="12837814">MNG-5842</issuekey>
        </issuelink>
                            </outwardlinks>
                                                        </issuelinktype>
                    </issuelinks>
                <attachments>
                    </attachments>
                <subtasks>
                    </subtasks>
                <customfields>
                                                                                                                                                                                                                                                                                                                                                                                                                                                                                                                                                                                                                                                                                                                    <customfield id="customfield_12314020" key="com.atlassian.jira.plugins.jira-development-integration-plugin:devsummary">
                        <customfieldname>Development</customfieldname>
                        <customfieldvalues>
                            
                        </customfieldvalues>
                    </customfield>
                                                                                                                        <customfield id="customfield_12313422" key="com.atlassian.jirafisheyeplugin:jobcheckbox">
                        <customfieldname>Enable Automatic Patch Review</customfieldname>
                        <customfieldvalues>
                            <customfieldvalue>false</customfieldvalue>

                        </customfieldvalues>
                    </customfield>
                                                                                                                                                                                                                                                                                                                                                        <customfield id="customfield_12310250" key="com.atlassian.jira.plugin.system.customfieldtypes:multicheckboxes">
                        <customfieldname>Flags</customfieldname>
                        <customfieldvalues>
                                <customfieldvalue key="10431">Important</customfieldvalue>
    
                        </customfieldvalues>
                    </customfield>
                                                                                                                                                                                                                                                                                                <customfield id="customfield_12310420" key="com.pyxis.greenhopper.jira:gh-global-rank">
                        <customfieldname>Global Rank</customfieldname>
                        <customfieldvalues>
                            <customfieldvalue>9223372036854775807</customfieldvalue>
                        </customfieldvalues>
                    </customfield>
                                                                                                                                                                                                                                                                                                                                                                                                                                                                        <customfield id="customfield_12311820" key="com.pyxis.greenhopper.jira:gh-lexo-rank">
                        <customfieldname>Rank</customfieldname>
                        <customfieldvalues>
                            <customfieldvalue>0|i2gbdj:</customfieldvalue>

                        </customfieldvalues>
                    </customfield>
                                                                <customfield id="customfield_12310920" key="com.pyxis.greenhopper.jira:gh-global-rank">
                        <customfieldname>Rank (Obsolete)</customfieldname>
                        <customfieldvalues>
                            <customfieldvalue>9223372036854775807</customfieldvalue>
                        </customfieldvalues>
                    </customfield>
                                                                                                                                                                                                                                                                                                                                                                                                                                                                                                                                                                                                                                                                                                                                                                                            </customfields>
    </item>


</channel>
</rss>