<rss version="0.92">
    <channel>
        <title>ASF JIRA</title>
        <link>https://issues.apache.org/jira/issues/?jql=project+%3D+MNG+and+type+%3D+bug+and+%28status+%3D+RESOLVED+or+status+%3D+closed%29</link>
        <description>An XML representation of a search request</description>
                <language>en-uk</language>
                        <issue start="0" end="1000" total="3303" />
                <build-info>
            <version>8.20.7</version>
            <build-number>820007</build-number>
            <build-date>16-03-2022</build-date>
        </build-info>

<item>
            <title>[MNG-5986] XML validators flag errors on poms that declare plugin configurations using the 'combine.self' attribute because the maven-4.0.0 XSD does not declare this attribute.</title>
                <link>https://issues.apache.org/jira/browse/MNG-5986</link>
                <project id="12316922" key="MNG">Maven</project>
                    <description>&lt;p&gt;Maven recognizes an attribute 'combine.self' on the 'configuration' element within plugin declarations within a POM ('configuration' elements within and outside 'execution' elements). However, an XML validator flags use of this attribute as an error. Which is correct, because published XSD &lt;a href="http://maven.apache.org/xsd/maven-4.0.0.xsd" class="external-link" target="_blank" rel="nofollow noopener"&gt;http://maven.apache.org/xsd/maven-4.0.0.xsd&lt;/a&gt; does not declare 'combine.self' as an attribute of 'configuration'.&lt;/p&gt;

&lt;p&gt;Current declaration of the configuration element:&lt;/p&gt;

&lt;div class="code panel" style="border-width: 1px;"&gt;&lt;div class="codeContent panelContent"&gt;
&lt;pre class="code-xml"&gt;
      &lt;span class="code-tag"&gt;&amp;lt;xs:element name=&lt;span class="code-quote"&gt;"configuration"&lt;/span&gt; minOccurs=&lt;span class="code-quote"&gt;"0"&lt;/span&gt;&amp;gt;&lt;/span&gt;
        &lt;span class="code-tag"&gt;&amp;lt;xs:annotation&amp;gt;&lt;/span&gt;
          &lt;span class="code-tag"&gt;&amp;lt;xs:documentation source=&lt;span class="code-quote"&gt;"version"&lt;/span&gt;&amp;gt;&lt;/span&gt;4.0.0&lt;span class="code-tag"&gt;&amp;lt;/xs:documentation&amp;gt;&lt;/span&gt;
          &lt;span class="code-tag"&gt;&amp;lt;xs:documentation source=&lt;span class="code-quote"&gt;"description"&lt;/span&gt;&amp;gt;&lt;/span&gt;The configuration of the reporting plugin.&lt;span class="code-tag"&gt;&amp;lt;/xs:documentation&amp;gt;&lt;/span&gt;
        &lt;span class="code-tag"&gt;&amp;lt;/xs:annotation&amp;gt;&lt;/span&gt;
        &lt;span class="code-tag"&gt;&amp;lt;xs:complexType&amp;gt;&lt;/span&gt;
          &lt;span class="code-tag"&gt;&amp;lt;xs:sequence&amp;gt;&lt;/span&gt;
            &lt;span class="code-tag"&gt;&amp;lt;xs:any minOccurs=&lt;span class="code-quote"&gt;"0"&lt;/span&gt; maxOccurs=&lt;span class="code-quote"&gt;"unbounded"&lt;/span&gt; processContents=&lt;span class="code-quote"&gt;"skip"&lt;/span&gt;/&amp;gt;&lt;/span&gt;
          &lt;span class="code-tag"&gt;&amp;lt;/xs:sequence&amp;gt;&lt;/span&gt;
        &lt;span class="code-tag"&gt;&amp;lt;/xs:complexType&amp;gt;&lt;/span&gt;
      &lt;span class="code-tag"&gt;&amp;lt;/xs:element&amp;gt;&lt;/span&gt;&lt;/pre&gt;
&lt;/div&gt;&lt;/div&gt;

&lt;p&gt;Simple fix:&lt;/p&gt;

&lt;div class="code panel" style="border-width: 1px;"&gt;&lt;div class="codeContent panelContent"&gt;
&lt;pre class="code-xml"&gt;
      &lt;span class="code-tag"&gt;&amp;lt;xs:element name=&lt;span class="code-quote"&gt;"configuration"&lt;/span&gt; minOccurs=&lt;span class="code-quote"&gt;"0"&lt;/span&gt;&amp;gt;&lt;/span&gt;
        &lt;span class="code-tag"&gt;&amp;lt;xs:annotation&amp;gt;&lt;/span&gt;
          &lt;span class="code-tag"&gt;&amp;lt;xs:documentation source=&lt;span class="code-quote"&gt;"version"&lt;/span&gt;&amp;gt;&lt;/span&gt;0.0.0+&lt;span class="code-tag"&gt;&amp;lt;/xs:documentation&amp;gt;&lt;/span&gt;
        &lt;span class="code-tag"&gt;&amp;lt;/xs:annotation&amp;gt;&lt;/span&gt;
        &lt;span class="code-tag"&gt;&amp;lt;xs:complexType&amp;gt;&lt;/span&gt;
          &lt;span class="code-tag"&gt;&amp;lt;xs:sequence&amp;gt;&lt;/span&gt;
            &lt;span class="code-tag"&gt;&amp;lt;xs:any minOccurs=&lt;span class="code-quote"&gt;"0"&lt;/span&gt; maxOccurs=&lt;span class="code-quote"&gt;"unbounded"&lt;/span&gt; processContents=&lt;span class="code-quote"&gt;"skip"&lt;/span&gt;/&amp;gt;&lt;/span&gt;
          &lt;span class="code-tag"&gt;&amp;lt;/xs:sequence&amp;gt;&lt;/span&gt;
          &lt;span class="code-tag"&gt;&amp;lt;xs:attribute name=&lt;span class="code-quote"&gt;"combine.self"&lt;/span&gt; type=&lt;span class="code-quote"&gt;"xs:string"&lt;/span&gt; use=&lt;span class="code-quote"&gt;"optional"&lt;/span&gt;/&amp;gt;&lt;/span&gt;
        &lt;span class="code-tag"&gt;&amp;lt;/xs:complexType&amp;gt;&lt;/span&gt;
      &lt;span class="code-tag"&gt;&amp;lt;/xs:element&amp;gt;&lt;/span&gt;&lt;/pre&gt;
&lt;/div&gt;&lt;/div&gt;</description>
                <environment>All</environment>
        <key id="12945303">MNG-5986</key>
            <summary>XML validators flag errors on poms that declare plugin configurations using the 'combine.self' attribute because the maven-4.0.0 XSD does not declare this attribute.</summary>
                <type id="1" iconUrl="https://issues.apache.org/jira/secure/viewavatar?size=xsmall&amp;avatarId=21133&amp;avatarType=issuetype">Bug</type>
                                            <priority id="4" iconUrl="https://issues.apache.org/jira/images/icons/priorities/minor.svg">Minor</priority>
                        <status id="6" iconUrl="https://issues.apache.org/jira/images/icons/statuses/closed.png" description="The issue is considered finished, the resolution is correct. Issues which are not closed can be reopened.">Closed</status>
                    <statusCategory id="3" key="done" colorName="green" />
                                    <resolution id="2">Won't Fix</resolution>
                                        <assignee username="-1">Unassigned</assignee>
                                    <reporter username="bentels">Ben Tels</reporter>
                        <labels>
                    </labels>
                <created>Sun, 28 Feb 2016 22:27:20 +0000</created>
                <updated>Wed, 1 Jan 2020 13:40:00 +0000</updated>
                            <resolved>Wed, 1 Jan 2020 13:40:00 +0000</resolved>
                                    <version>3.3.3</version>
                                                    <component>POM</component>
                        <due />
                            <votes>1</votes>
                                    <watches>5</watches>
                                                                <comments>
                            <comment id="15757944" author="michael-o" created="Sun, 18 Dec 2016 01:09:51 +0000">&lt;p&gt;The fix won't work because the schema is generated by Plexus Modello. See &lt;a href="https://codehaus-plexus.github.io/modello/modello.html" class="external-link" target="_blank" rel="nofollow noopener"&gt;https://codehaus-plexus.github.io/modello/modello.html&lt;/a&gt; and &lt;tt&gt;maven.mdo&lt;/tt&gt; in the Maven Git repo.&lt;/p&gt;</comment>
                            <comment id="17002525" author="elharo" created="Mon, 23 Dec 2019 22:42:54 +0000">&lt;p&gt;What rules do we have for changing the schema outside of a major release? &lt;/p&gt;</comment>
                            <comment id="17003716" author="rfscholte" created="Thu, 26 Dec 2019 18:05:47 +0000">&lt;p&gt;True, internally configuration and all its sub-elemements are XPP3Dom instances, all aware of these magic attributes.&lt;br/&gt;
However, I don't think there's a real usecase where these attributes on the roottag are useful, but I might be wrong.&lt;br/&gt;
And even if we fix this, there are more attributres in play, not just combine.self.&lt;/p&gt;

&lt;p&gt;Regarding changing scheme's, we've added some attributes in the past. Even such small innocent changes turned out to be quite problematic, so I'd prefer to keep it as it is.&lt;/p&gt;

</comment>
                    </comments>
                    <attachments>
                    </attachments>
                <subtasks>
                    </subtasks>
                <customfields>
                                                                                                                                                                                                                                                                                                                                                                                                                                                                                                                                                                                                                                                                                                                    <customfield id="customfield_12314020" key="com.atlassian.jira.plugins.jira-development-integration-plugin:devsummary">
                        <customfieldname>Development</customfieldname>
                        <customfieldvalues>
                            
                        </customfieldvalues>
                    </customfield>
                                                                                                                        <customfield id="customfield_12313422" key="com.atlassian.jirafisheyeplugin:jobcheckbox">
                        <customfieldname>Enable Automatic Patch Review</customfieldname>
                        <customfieldvalues>
                            <customfieldvalue>false</customfieldvalue>

                        </customfieldvalues>
                    </customfield>
                                                                                                                                                                                                                                                                                                                                                                                                                                                                                                                                                                                                                    <customfield id="customfield_12310420" key="com.pyxis.greenhopper.jira:gh-global-rank">
                        <customfieldname>Global Rank</customfieldname>
                        <customfieldvalues>
                            <customfieldvalue>9223372036854775807</customfieldvalue>
                        </customfieldvalues>
                    </customfield>
                                                                                                                                                                                                                                                                                                                                                                                                                                                                        <customfield id="customfield_12311820" key="com.pyxis.greenhopper.jira:gh-lexo-rank">
                        <customfieldname>Rank</customfieldname>
                        <customfieldvalues>
                            <customfieldvalue>0|i2tvwf:</customfieldvalue>

                        </customfieldvalues>
                    </customfield>
                                                                <customfield id="customfield_12310920" key="com.pyxis.greenhopper.jira:gh-global-rank">
                        <customfieldname>Rank (Obsolete)</customfieldname>
                        <customfieldvalues>
                            <customfieldvalue>9223372036854775807</customfieldvalue>
                        </customfieldvalues>
                    </customfield>
                                                                                                                                                                                                                                                                                                                                                                                                                                                                                                                                                                                                                                                                                                                                                                                            </customfields>
    </item>


</channel>
</rss>