<rss version="0.92">
    <channel>
        <title>ASF JIRA</title>
        <link>https://issues.apache.org/jira/issues/?jql=project+%3D+MNG+and+type+%3D+bug+and+%28status+%3D+RESOLVED+or+status+%3D+closed%29</link>
        <description>An XML representation of a search request</description>
                <language>en-uk</language>
                        <issue start="0" end="1000" total="3303" />
                <build-info>
            <version>8.20.7</version>
            <build-number>820007</build-number>
            <build-date>16-03-2022</build-date>
        </build-info>

<item>
            <title>[MNG-5303] Maven can't download plateform dependent snapshot artifacts</title>
                <link>https://issues.apache.org/jira/browse/MNG-5303</link>
                <project id="12316922" key="MNG">Maven</project>
                    <description>&lt;p&gt;It might be a misconception of what Maven should do, it might as well be a known limitation, but anyway, here is what I observe.&lt;/p&gt;

&lt;p&gt;I have a maven projet (pom type) with attached artifacts which classifiers contain the name of the os. For instance:&lt;br/&gt;
myGroupId:myArtifactId:zip:x86-windows:1.0-SNAPSHOT&lt;br/&gt;
myGroupId:myArtifactId:zip:x86-linux:1.0-SNAPSHOT&lt;/p&gt;

&lt;p&gt;Those attached zip artifacts (containing DLL and SO files) are built separatly (based on profiles) on a Windows and a Linux machine. Deployment is also performed in two steps: the x86-linux on the Linux machine, and the x86-windows on the Windows machine (not at the same exact time of course). &lt;br/&gt;
This issues a different snapshot timestamp for each one in Archiva.&lt;/p&gt;

&lt;p&gt;The problem arises when I try to download (from another project having a dependency on myGroupId:myArtifactId:zip:x86-linux:1.0-SNAPSHOT) the first one deployed (let's say Linux): the latest snapshot timestamp "wins" (basically the Windows one, that was deployed after the Linux one) but there is not attached x86-linux artifact for this (Windows) timestamp. So Maven fails and tells me that I should deploy the x86-linux artifact with the Windows timestamp.&lt;/p&gt;

</description>
                <environment />
        <key id="12796104">MNG-5303</key>
            <summary>Maven can't download plateform dependent snapshot artifacts</summary>
                <type id="1" iconUrl="https://issues.apache.org/jira/secure/viewavatar?size=xsmall&amp;avatarId=21133&amp;avatarType=issuetype">Bug</type>
                                            <priority id="3" iconUrl="https://issues.apache.org/jira/images/icons/priorities/major.svg">Major</priority>
                        <status id="6" iconUrl="https://issues.apache.org/jira/images/icons/statuses/closed.png" description="The issue is considered finished, the resolution is correct. Issues which are not closed can be reopened.">Closed</status>
                    <statusCategory id="3" key="done" colorName="green" />
                                    <resolution id="4">Incomplete</resolution>
                                        <assignee username="-1">Unassigned</assignee>
                                    <reporter username="bfreuden">Bruno Freudensprung</reporter>
                        <labels>
                    </labels>
                <created>Tue, 26 Jun 2012 10:19:13 +0000</created>
                <updated>Wed, 22 Jan 2014 20:31:38 +0000</updated>
                            <resolved>Wed, 22 Jan 2014 20:31:38 +0000</resolved>
                                    <version>3.0.4</version>
                                                    <component>Dependencies</component>
                        <due />
                            <votes>0</votes>
                                    <watches>3</watches>
                                                                <comments>
                            <comment id="14418564" author="jvanzyl" created="Wed, 22 Jan 2014 20:23:00 +0000">&lt;p&gt;Please refer to &lt;a href="https://cwiki.apache.org/confluence/display/MAVEN/The+Great+JIRA+Cleanup+of+2014" class="external-link" target="_blank" rel="nofollow noopener"&gt;https://cwiki.apache.org/confluence/display/MAVEN/The+Great+JIRA+Cleanup+of+2014&lt;/a&gt;&lt;/p&gt;</comment>
                            <comment id="14418959" author="jvanzyl" created="Wed, 22 Jan 2014 20:31:38 +0000">&lt;p&gt;Please refer to &lt;a href="https://cwiki.apache.org/confluence/display/MAVEN/The+Great+JIRA+Cleanup+of+2014" class="external-link" target="_blank" rel="nofollow noopener"&gt;https://cwiki.apache.org/confluence/display/MAVEN/The+Great+JIRA+Cleanup+of+2014&lt;/a&gt; if you're wondering why this issue was closed out.&lt;/p&gt;</comment>
                    </comments>
                    <attachments>
                    </attachments>
                <subtasks>
                    </subtasks>
                <customfields>
                                                                                                                                                                                                                                                                                                                                                                                                                                                                                                                                                                                                                                                                                                                    <customfield id="customfield_12314020" key="com.atlassian.jira.plugins.jira-development-integration-plugin:devsummary">
                        <customfieldname>Development</customfieldname>
                        <customfieldvalues>
                            
                        </customfieldvalues>
                    </customfield>
                                                                                                                        <customfield id="customfield_12313422" key="com.atlassian.jirafisheyeplugin:jobcheckbox">
                        <customfieldname>Enable Automatic Patch Review</customfieldname>
                        <customfieldvalues>
                            <customfieldvalue>false</customfieldvalue>

                        </customfieldvalues>
                    </customfield>
                                                                                                                                                                                                                                                                                                                                                                                                                                                                                                                                                                                                                    <customfield id="customfield_12310420" key="com.pyxis.greenhopper.jira:gh-global-rank">
                        <customfieldname>Global Rank</customfieldname>
                        <customfieldvalues>
                            <customfieldvalue>9223372036854775807</customfieldvalue>
                        </customfieldvalues>
                    </customfield>
                                                                                                                                                                                                                                                                                                                                                                                                                                                                        <customfield id="customfield_12311820" key="com.pyxis.greenhopper.jira:gh-lexo-rank">
                        <customfieldname>Rank</customfieldname>
                        <customfieldvalues>
                            <customfieldvalue>0|i291nj:</customfieldvalue>

                        </customfieldvalues>
                    </customfield>
                                                                <customfield id="customfield_12310920" key="com.pyxis.greenhopper.jira:gh-global-rank">
                        <customfieldname>Rank (Obsolete)</customfieldname>
                        <customfieldvalues>
                            <customfieldvalue>9223372036854775807</customfieldvalue>
                        </customfieldvalues>
                    </customfield>
                                                                                                                                                                                                                                                                                                                                                                                                                                                                                                                                                                                                                                                                                                                                                                                            </customfields>
    </item>


</channel>
</rss>