<rss version="0.92">
    <channel>
        <title>ASF JIRA</title>
        <link>https://issues.apache.org/jira/issues/?jql=project+%3D+MNG+and+type+%3D+bug+and+%28status+%3D+RESOLVED+or+status+%3D+closed%29</link>
        <description>An XML representation of a search request</description>
                <language>en-uk</language>
                        <issue start="0" end="1000" total="3303" />
                <build-info>
            <version>8.20.7</version>
            <build-number>820007</build-number>
            <build-date>16-03-2022</build-date>
        </build-info>

<item>
            <title>[MNG-5868] Adding serval times the same artifact via MavenProjectHelper (attachArtifact) keep adding to the List duplicate artifacts</title>
                <link>https://issues.apache.org/jira/browse/MNG-5868</link>
                <project id="12316922" key="MNG">Maven</project>
                    <description>&lt;p&gt;During the check of an issue &lt;a href="https://issues.apache.org/jira/browse/MSHADE-195" title="createSourcesJar with source:jar-no-fork causes sources.jar to be deployed twice, causing the build to fail" class="issue-link" data-issue-key="MSHADE-195"&gt;&lt;del&gt;MSHADE-195&lt;/del&gt;&lt;/a&gt; i stumbled over several things...&lt;/p&gt;

&lt;p&gt;If you take a look here and the log output excerpt:&lt;/p&gt;

&lt;div class="preformatted panel" style="border-width: 1px;"&gt;&lt;div class="preformattedContent panelContent"&gt;
&lt;pre&gt;INFO] Minimized 2341 -&amp;gt; 1293
[INFO] Minimized 3282 -&amp;gt; 2234
[INFO] Replacing original artifact with shaded artifact.
[INFO] Replacing /Users/kama/ws-git/apache/mshade/mshade-195/target/MSHADE-195-example-1-SNAPSHOT.jar with /Users/kama/ws-git/apache/mshade/mshade-195/target/MSHADE-195-example-1-SNAPSHOT-shaded.jar
[INFO] Replacing original source artifact with shaded source artifact.
[INFO] Replacing /Users/kama/ws-git/apache/mshade/mshade-195/target/MSHADE-195-example-1-SNAPSHOT-sources.jar with /Users/kama/ws-git/apache/mshade/mshade-195/target/MSHADE-195-example-1-SNAPSHOT-shaded-sources.jar
[INFO] Dependency-reduced POM written at: /Users/kama/ws-git/apache/mshade/mshade-195/dependency-reduced-pom.xml
[INFO]
[INFO] --- maven-install-plugin:2.5.2:install (default-install) @ MSHADE-195-example ---
[INFO] Installing /Users/kama/ws-git/apache/mshade/mshade-195/target/MSHADE-195-example-1-SNAPSHOT.jar to /Users/kama/.m2/repository/com/example/MSHADE-195-example/1-SNAPSHOT/MSHADE-195-example-1-SNAPSHOT.jar
[INFO] Installing /Users/kama/ws-git/apache/mshade/mshade-195/dependency-reduced-pom.xml to /Users/kama/.m2/repository/com/example/MSHADE-195-example/1-SNAPSHOT/MSHADE-195-example-1-SNAPSHOT.pom
[INFO] Installing /Users/kama/ws-git/apache/mshade/mshade-195/target/MSHADE-195-example-1-SNAPSHOT-sources.jar to /Users/kama/.m2/repository/com/example/MSHADE-195-example/1-SNAPSHOT/MSHADE-195-example-1-SNAPSHOT-sources.jar
[INFO] Installing /Users/kama/ws-git/apache/mshade/mshade-195/target/MSHADE-195-example-1-SNAPSHOT-sources.jar to /Users/kama/.m2/repository/com/example/MSHADE-195-example/1-SNAPSHOT/MSHADE-195-example-1-SNAPSHOT-sources.jar
[INFO] 
&lt;/pre&gt;
&lt;/div&gt;&lt;/div&gt;

&lt;p&gt;Install plugin tries to install two identical artifacts which will work for maven-install-plugin but would fail a deploy to repository manager (for releases) etc.&lt;/p&gt;

&lt;p&gt;So after diving into the problem i found the following code in maven-core (MavenProject.java):&lt;/p&gt;

&lt;div class="code panel" style="border-width: 1px;"&gt;&lt;div class="codeContent panelContent"&gt;
&lt;pre class="code-java"&gt;    /**
     * Add or replace an artifact. This method is now deprecated. Use the @{MavenProjectHelper} to attach artifacts to a
     * project. In spite of the &lt;span class="code-quote"&gt;'&lt;span class="code-keyword"&gt;throws&lt;/span&gt;'&lt;/span&gt; declaration on &lt;span class="code-keyword"&gt;this&lt;/span&gt; API, &lt;span class="code-keyword"&gt;this&lt;/span&gt; method has never thrown an exception since Maven
     * 3.0.x. Historically, it logged and ignored a second addition of the same g/a/v/c/t. Now it replaces the file &lt;span class="code-keyword"&gt;for&lt;/span&gt;
     * the artifact, so that plugins (e.g. shade) can change the pathname of the file &lt;span class="code-keyword"&gt;for&lt;/span&gt; a particular set of
     * coordinates.
     *
     * @param artifact the artifact to add or replace.
     * @&lt;span class="code-keyword"&gt;throws&lt;/span&gt; DuplicateArtifactAttachmentException
     */
    &lt;span class="code-keyword"&gt;public&lt;/span&gt; void addAttachedArtifact( Artifact artifact )
        &lt;span class="code-keyword"&gt;throws&lt;/span&gt; DuplicateArtifactAttachmentException
    {
        getAttachedArtifacts().add( artifact );
    }

    &lt;span class="code-keyword"&gt;public&lt;/span&gt; List&amp;lt;Artifact&amp;gt; getAttachedArtifacts()
    {
        &lt;span class="code-keyword"&gt;if&lt;/span&gt; ( attachedArtifacts == &lt;span class="code-keyword"&gt;null&lt;/span&gt; )
        {
            attachedArtifacts = &lt;span class="code-keyword"&gt;new&lt;/span&gt; ArrayList&amp;lt;&amp;gt;();
        }
        &lt;span class="code-keyword"&gt;return&lt;/span&gt; attachedArtifacts;
    }
&lt;/pre&gt;
&lt;/div&gt;&lt;/div&gt;
&lt;p&gt;So taking a look into MavenProjectHelper.java and the implementation (DefaultMavenProjectHelper.java).&lt;/p&gt;

&lt;div class="code panel" style="border-width: 1px;"&gt;&lt;div class="codeContent panelContent"&gt;
&lt;pre class="code-java"&gt;    /**
     * Add an attached artifact or replace the file &lt;span class="code-keyword"&gt;for&lt;/span&gt; an existing artifact.
     *
     * @see MavenProject#addAttachedArtifact(org.apache.maven.artifact.Artifact)
     * @param project project reference.
     * @param artifact artifact to add or replace.
     */
    &lt;span class="code-keyword"&gt;public&lt;/span&gt; void attachArtifact( MavenProject project, Artifact artifact )
    {
        project.addAttachedArtifact( artifact );
    }
&lt;/pre&gt;
&lt;/div&gt;&lt;/div&gt;

&lt;p&gt;which means that there is not check if an artifacts is already attached.&lt;/p&gt;
</description>
                <environment />
        <key id="12853691">MNG-5868</key>
            <summary>Adding serval times the same artifact via MavenProjectHelper (attachArtifact) keep adding to the List duplicate artifacts</summary>
                <type id="1" iconUrl="https://issues.apache.org/jira/secure/viewavatar?size=xsmall&amp;avatarId=21133&amp;avatarType=issuetype">Bug</type>
                                            <priority id="3" iconUrl="https://issues.apache.org/jira/images/icons/priorities/major.svg">Major</priority>
                        <status id="6" iconUrl="https://issues.apache.org/jira/images/icons/statuses/closed.png" description="The issue is considered finished, the resolution is correct. Issues which are not closed can be reopened.">Closed</status>
                    <statusCategory id="3" key="done" colorName="green" />
                                    <resolution id="1">Fixed</resolution>
                                        <assignee username="olamy">Olivier Lamy</assignee>
                                    <reporter username="khmarbaise">Karl Heinz Marbaise</reporter>
                        <labels>
                    </labels>
                <created>Sun, 9 Aug 2015 13:18:43 +0000</created>
                <updated>Sun, 24 Apr 2022 08:08:34 +0000</updated>
                            <resolved>Thu, 4 Jun 2020 02:38:44 +0000</resolved>
                                    <version>3.2.3</version>
                                    <fixVersion>3.8.2</fixVersion>
                    <fixVersion>4.0.0-alpha-1</fixVersion>
                    <fixVersion>4.0.0</fixVersion>
                                    <component>Core</component>
                        <due />
                            <votes>5</votes>
                                    <watches>19</watches>
                                                                <comments>
                            <comment id="15062846" author="schulte77" created="Thu, 17 Dec 2015 21:23:04 +0000">&lt;p&gt;Can someone explain what is the correct behaviour here? The Javadoc comment for 'MavenProject.addAttachedArtifact' and 'MavenProjectHelper.attachArtifact()' is not consistent to what the code does. For example:&lt;/p&gt;

&lt;p&gt;MavenProject.addAttachedArtifact:&lt;/p&gt;

&lt;div class="code panel" style="border-width: 1px;"&gt;&lt;div class="codeContent panelContent"&gt;
&lt;pre class="code-java"&gt;    /**
     * Add or replace an artifact. This method is now deprecated. Use the @{MavenProjectHelper} to attach artifacts to a
     * project. In spite of the &lt;span class="code-quote"&gt;'&lt;span class="code-keyword"&gt;throws&lt;/span&gt;'&lt;/span&gt; declaration on &lt;span class="code-keyword"&gt;this&lt;/span&gt; API, &lt;span class="code-keyword"&gt;this&lt;/span&gt; method has never thrown an exception since Maven
     * 3.0.x. Historically, it logged and ignored a second addition of the same g/a/v/c/t. Now it replaces the file &lt;span class="code-keyword"&gt;for&lt;/span&gt;
     * the artifact, so that plugins (e.g. shade) can change the pathname of the file &lt;span class="code-keyword"&gt;for&lt;/span&gt; a particular set of
     * coordinates.
     *
     * @param artifact the artifact to add or replace.
     * @&lt;span class="code-keyword"&gt;throws&lt;/span&gt; DuplicateArtifactAttachmentException
     */
&lt;/pre&gt;
&lt;/div&gt;&lt;/div&gt;

&lt;p&gt;DefaultMavenProjectHelper.attachArtifact(MavenProject,Artifact):&lt;/p&gt;

&lt;div class="code panel" style="border-width: 1px;"&gt;&lt;div class="codeContent panelContent"&gt;
&lt;pre class="code-java"&gt;    /**
     * Add an attached artifact or replace the file &lt;span class="code-keyword"&gt;for&lt;/span&gt; an existing artifact.
     *
     * @see MavenProject#addAttachedArtifact(org.apache.maven.artifact.Artifact)
     * @param project project reference.
     * @param artifact artifact to add or replace.
     */
&lt;/pre&gt;
&lt;/div&gt;&lt;/div&gt;

&lt;p&gt;The code does not replace anything. It just adds the artifact to the list. How to solve this issue? Should the methods be updated to match the documentation, or is the documentation wrong?&lt;/p&gt;</comment>
                            <comment id="15062954" author="schulte77" created="Thu, 17 Dec 2015 22:15:58 +0000">&lt;p&gt;@Karl Heinz Marbaise: Are you sure the list of affected versions is corrent? I think the issue got introduced by &lt;a href="https://git-wip-us.apache.org/repos/asf?p=maven.git;a=commit;h=6cf9320942c34bc68205425ab696b1712ace9ba4" class="external-link" target="_blank" rel="nofollow noopener"&gt;this commit&lt;/a&gt;. So only Maven &amp;gt; 3.2.2 should be affected.&lt;/p&gt;
</comment>
                            <comment id="15063034" author="hudson" created="Thu, 17 Dec 2015 23:03:53 +0000">&lt;p&gt;SUCCESS: Integrated in maven-3.x #1172 (See &lt;a href="https://builds.apache.org/job/maven-3.x/1172/" class="external-link" target="_blank" rel="nofollow noopener"&gt;https://builds.apache.org/job/maven-3.x/1172/&lt;/a&gt;)&lt;br/&gt;
&lt;a href="https://issues.apache.org/jira/browse/MNG-5868" title="Adding serval times the same artifact via MavenProjectHelper (attachArtifact) keep adding to the List duplicate artifacts" class="issue-link" data-issue-key="MNG-5868"&gt;&lt;del&gt;MNG-5868&lt;/del&gt;&lt;/a&gt; Adding serval times the same artifact via MavenProjectHelper (schulte: rev 020e35816f184c10c3f87f103336fed4516f7af6)&lt;/p&gt;
&lt;ul&gt;
	&lt;li&gt;maven-core/src/main/java/org/apache/maven/project/DefaultMavenProjectHelper.java&lt;/li&gt;
	&lt;li&gt;maven-core/src/main/java/org/apache/maven/project/MavenProject.java&lt;/li&gt;
	&lt;li&gt;maven-core/src/main/java/org/apache/maven/project/MavenProjectHelper.java&lt;/li&gt;
&lt;/ul&gt;
</comment>
                            <comment id="15063132" author="hudson" created="Fri, 18 Dec 2015 00:02:59 +0000">&lt;p&gt;SUCCESS: Integrated in maven-3.x #1174 (See &lt;a href="https://builds.apache.org/job/maven-3.x/1174/" class="external-link" target="_blank" rel="nofollow noopener"&gt;https://builds.apache.org/job/maven-3.x/1174/&lt;/a&gt;)&lt;br/&gt;
Revert "&lt;a href="https://issues.apache.org/jira/browse/MNG-5868" title="Adding serval times the same artifact via MavenProjectHelper (attachArtifact) keep adding to the List duplicate artifacts" class="issue-link" data-issue-key="MNG-5868"&gt;&lt;del&gt;MNG-5868&lt;/del&gt;&lt;/a&gt; Adding serval times the same artifact via (schulte: rev 536350f5c5960e6c639305acde79e3fc81a91dd4)&lt;/p&gt;
&lt;ul&gt;
	&lt;li&gt;maven-core/src/main/java/org/apache/maven/project/MavenProjectHelper.java&lt;/li&gt;
	&lt;li&gt;maven-core/src/main/java/org/apache/maven/project/MavenProject.java&lt;/li&gt;
	&lt;li&gt;maven-core/src/main/java/org/apache/maven/project/DefaultMavenProjectHelper.java&lt;br/&gt;
&lt;a href="https://issues.apache.org/jira/browse/MNG-5868" title="Adding serval times the same artifact via MavenProjectHelper (attachArtifact) keep adding to the List duplicate artifacts" class="issue-link" data-issue-key="MNG-5868"&gt;&lt;del&gt;MNG-5868&lt;/del&gt;&lt;/a&gt; Adding serval times the same artifact via MavenProjectHelper (schulte: rev 5f048234ff44dbf70fcad9f17834c64866f452e1)&lt;/li&gt;
	&lt;li&gt;maven-core/src/main/java/org/apache/maven/project/MavenProject.java&lt;/li&gt;
	&lt;li&gt;maven-core/src/main/java/org/apache/maven/project/DefaultMavenProjectHelper.java&lt;/li&gt;
&lt;/ul&gt;
</comment>
                            <comment id="15063981" author="jrmihalick" created="Fri, 18 Dec 2015 14:13:59 +0000">&lt;p&gt;As I mentioned on &lt;a href="https://issues.apache.org/jira/browse/MNG-5939" title="Problem doing release when sources are generate as well" class="issue-link" data-issue-key="MNG-5939"&gt;&lt;del&gt;MNG-5939&lt;/del&gt;&lt;/a&gt;, I confirmed that the problem does not occur on Maven 3.2.1 (I didn't have access to 3.2.2).  It definitely occurs on 3.2.3.&lt;/p&gt;</comment>
                            <comment id="15064015" author="jrmihalick" created="Fri, 18 Dec 2015 14:41:36 +0000">&lt;p&gt;&lt;a href="https://issues.apache.org/jira/secure/ViewProfile.jspa?name=schulte77" class="user-hover" rel="schulte77"&gt;schulte77&lt;/a&gt;, so was there any change made?  It looks like commit 020e35816f184c10c3f87f103336fed4516f7af6 made a change, then that change was backed out by 5f048234ff44dbf70fcad9f17834c64866f452e1? We are unable to deploy artifacts to our nexus repository via the Maven release plugin without the workarounds discussed in &lt;a href="https://issues.apache.org/jira/browse/MNG-5939" title="Problem doing release when sources are generate as well" class="issue-link" data-issue-key="MNG-5939"&gt;&lt;del&gt;MNG-5939&lt;/del&gt;&lt;/a&gt;.&lt;/p&gt;</comment>
                            <comment id="15064172" author="schulte77" created="Fri, 18 Dec 2015 16:38:55 +0000">&lt;p&gt;Pre 3.2.3 behaviour got restored in commit &lt;a href="https://git-wip-us.apache.org/repos/asf?p=maven.git;a=commitdiff;h=5f048234ff44dbf70fcad9f17834c64866f452e1" class="external-link" target="_blank" rel="nofollow noopener"&gt;5f048234ff44dbf70fcad9f17834c64866f452e1&lt;/a&gt;&lt;/p&gt;</comment>
                            <comment id="15064807" author="jrmihalick" created="Fri, 18 Dec 2015 21:38:09 +0000">&lt;p&gt;Ok, thank you.  I built maven from the latest 3.4.0-SNAPSHOT and I can confirm that the problem I was having when deploying artifacts to Nexus using the release plugin did not occur when building my project using maven 3.4.0-SNAPSHOT.  Nice job.&lt;/p&gt;</comment>
                            <comment id="15064901" author="hudson" created="Fri, 18 Dec 2015 22:48:11 +0000">&lt;p&gt;SUCCESS: Integrated in maven-3.x #1176 (See &lt;a href="https://builds.apache.org/job/maven-3.x/1176/" class="external-link" target="_blank" rel="nofollow noopener"&gt;https://builds.apache.org/job/maven-3.x/1176/&lt;/a&gt;)&lt;br/&gt;
&lt;a href="https://issues.apache.org/jira/browse/MNG-5868" title="Adding serval times the same artifact via MavenProjectHelper (attachArtifact) keep adding to the List duplicate artifacts" class="issue-link" data-issue-key="MNG-5868"&gt;&lt;del&gt;MNG-5868&lt;/del&gt;&lt;/a&gt; Adding serval times the same artifact via MavenProjectHelper (schulte: rev dc7b41455499e7f6b58fbbd054721455552f052c)&lt;/p&gt;
&lt;ul&gt;
	&lt;li&gt;maven-core/src/main/java/org/apache/maven/project/DefaultMavenProjectHelper.java&lt;/li&gt;
&lt;/ul&gt;
</comment>
                            <comment id="15067811" author="khmarbaise" created="Tue, 22 Dec 2015 09:21:35 +0000">&lt;p&gt;Hi,&lt;br/&gt;
i have created a example project which shows the behaviour has not being changed for all Maven versions (3.0.5, 3.1.1, 3.2.5, 3.3.9 and current on git master)..&lt;br/&gt;
&lt;a href="https://github.com/khmarbaise/mshade/tree/master/mshade-195" class="external-link" target="_blank" rel="nofollow noopener"&gt;https://github.com/khmarbaise/mshade/tree/master/mshade-195&lt;/a&gt;&lt;/p&gt;

&lt;p&gt;In the project there are also checked in the log files that i have produced to see what is happening...&lt;br/&gt;
So either this issue is not solved or the root cause is something different...&lt;/p&gt;</comment>
                            <comment id="15068904" author="schulte77" created="Tue, 22 Dec 2015 23:27:26 +0000">&lt;p&gt;This is not a Maven core issue.  The 'maven-sources-plugin' attaches the source artifact with type 'java-source' and the 'maven-shade-plugin' attaches the source artifact with type 'jar'. That really are two different artifacts. The 'maven-shade-plugin' needs to use the same type as the 'maven-source-plugin' does.&lt;/p&gt;

&lt;p&gt;'AbstractSourceJarMojo.java':&lt;/p&gt;

&lt;div class="code panel" style="border-width: 1px;"&gt;&lt;div class="codeContent panelContent"&gt;
&lt;pre class="code-java"&gt;/**
 * @&lt;span class="code-keyword"&gt;return&lt;/span&gt; The type {@code java-source}
 */
&lt;span class="code-keyword"&gt;protected&lt;/span&gt; &lt;span class="code-object"&gt;String&lt;/span&gt; getType()
{
    &lt;span class="code-keyword"&gt;return&lt;/span&gt; &lt;span class="code-quote"&gt;"java-source"&lt;/span&gt;;
}

...

&lt;span class="code-keyword"&gt;if&lt;/span&gt; ( attach )
{
  projectHelper.attachArtifact( project, getType(), getClassifier(), outputFile );
}
&lt;/pre&gt;
&lt;/div&gt;&lt;/div&gt;

&lt;p&gt;'ShadeMojo.jar':&lt;/p&gt;

&lt;div class="code panel" style="border-width: 1px;"&gt;&lt;div class="codeContent panelContent"&gt;
&lt;pre class="code-java"&gt;&lt;span class="code-keyword"&gt;if&lt;/span&gt; ( createSourcesJar )
{
  projectHelper.attachArtifact( project, &lt;span class="code-quote"&gt;"jar"&lt;/span&gt;, shadedClassifierName + &lt;span class="code-quote"&gt;"-sources"&lt;/span&gt;, sourcesJar );
}

...

projectHelper.attachArtifact( project, &lt;span class="code-quote"&gt;"jar"&lt;/span&gt;, &lt;span class="code-quote"&gt;"sources"&lt;/span&gt;, shadedSources );
&lt;/pre&gt;
&lt;/div&gt;&lt;/div&gt;

&lt;p&gt;This needs to be changed to read 'java-source' instead of 'jar'. You can easily set a breakpoint at 'MavenProject.addAttachedArtifact' and see what is going on yourself.&lt;/p&gt;</comment>
                            <comment id="15811240" author="stephenc" created="Mon, 9 Jan 2017 09:55:54 +0000">&lt;p&gt;Maven 3.4.0 has been dropped. See &lt;a href="https://mail-archives.apache.org/mod_mbox/maven-dev/201701.mbox/%3CCA%2BnPnMx-e7kGYy3Hp87v8hLGdhp1q%3DtKLx_6QuZ4kGUqHEBGcw%40mail.gmail.com%3E" class="external-link" target="_blank" rel="nofollow noopener"&gt;this thread&lt;/a&gt; for more details.&lt;/p&gt;

&lt;p&gt;This issue will need to be re-scheduled for a Maven release in the (hopefully near) future.&lt;/p&gt;</comment>
                            <comment id="15936467" author="knutsiem" created="Wed, 22 Mar 2017 14:57:47 +0000">&lt;p&gt;&lt;a href="https://issues.apache.org/jira/secure/ViewProfile.jspa?name=schulte77" class="user-hover" rel="schulte77"&gt;schulte77&lt;/a&gt;, when you say "this is not a Maven core issue" I assume you're referring to Maven Shade Plugin's use of  "java-source" as source artifact type vs "jar" in Maven Source Plugin. Commit &lt;a href="https://git-wip-us.apache.org/repos/asf?p=maven.git;a=commitdiff;h=5f048234ff44dbf70fcad9f17834c64866f452e1" class="external-link" target="_blank" rel="nofollow noopener"&gt;5f048234ff44dbf70fcad9f17834c64866f452e1&lt;/a&gt; or something to that effect &lt;em&gt;is&lt;/em&gt; coming to 3.5.1, right?&lt;/p&gt;

&lt;div class="preformatted panel" style="border-width: 1px;"&gt;&lt;div class="preformattedHeader panelHeader" style="border-bottom-width: 1px;"&gt;&lt;b&gt;Commit 5f048234ff44dbf70fcad9f17834c64866f452e1&lt;/b&gt;&lt;/div&gt;&lt;div class="preformattedContent panelContent"&gt;
&lt;pre&gt;[MNG-5868] Adding serval times the same artifact via MavenProjectHelper (attachArtifact) does not produce a failure

o Updated to restore the behaviour consensus had been
  reached in MNG-5387.
o Kept 'MavenProject.getAttachedArtifacts' to return an
  unmodifiable list.
&lt;/pre&gt;
&lt;/div&gt;&lt;/div&gt;</comment>
                            <comment id="15939431" author="schulte77" created="Thu, 23 Mar 2017 23:27:28 +0000">&lt;p&gt;&lt;a href="https://issues.apache.org/jira/secure/ViewProfile.jspa?name=khmarbaise" class="user-hover" rel="khmarbaise"&gt;khmarbaise&lt;/a&gt; will be working on this issue in the future. My initial attempt was to simply throw an exception whenever an existing artifact is attached again. That is what &lt;a href="https://issues.apache.org/jira/secure/ViewProfile.jspa?name=khmarbaise" class="user-hover" rel="khmarbaise"&gt;khmarbaise&lt;/a&gt; had in mind as well. After doing this I discovered quite a few issues in JIRA and just restored that behaviour. I cannot tell what the final solution will be.&lt;/p&gt;</comment>
                            <comment id="16145432" author="stephenc" created="Tue, 29 Aug 2017 14:58:27 +0000">&lt;p&gt;Noting for the record, I do not believe that attaching the same artifact coordinates multiple times should ever produce a failure, as such I view the issue title as incorrect.&lt;/p&gt;

&lt;p&gt;This issue seems to be around attaching artifacts using different coordinates but which map to the same effective coordinate.&lt;/p&gt;

&lt;p&gt;If you have a custom artifact resolver, the type that an artifact ends up being deployed as may not be the same as the type with which it was attached, hence the simple map that stores the attached artifacts is unaware of the potential duplicates and consequently we end up with two artifacts for the same path. Harmless for the install plugin, and harmless for the deploy plugin when redeployment of artifacts is permitted by the remote repository, but a lot of repositories prevent artifact redeployment and the result is a break for them.&lt;/p&gt;

&lt;p&gt;Could probably decompose this into two issues:&lt;/p&gt;

&lt;p&gt;1. The shade plugin should be consistent with the javadoc and sources plugins in how it attaches javadoc and sources artifacts&lt;/p&gt;

&lt;p&gt;2. &lt;b&gt;Either&lt;/b&gt; the deploy plugin should dedup the effective list and only deploy the last artifact for any target path &lt;b&gt;or&lt;/b&gt; core should dedup the artifacts list when attaching artifacts.&lt;/p&gt;

&lt;p&gt;At no stage should attaching an artifact trigger a build failure IMHO&lt;/p&gt;</comment>
                            <comment id="16762643" author="ckohle" created="Thu, 7 Feb 2019 13:02:46 +0000">&lt;p&gt;Please note that this also happens with the maven jar plugin when deploying a test jar.&lt;/p&gt;</comment>
                            <comment id="16762666" author="khmarbaise" created="Thu, 7 Feb 2019 13:27:31 +0000">&lt;p&gt;&lt;a href="https://issues.apache.org/jira/secure/ViewProfile.jspa?name=ckohle" class="user-hover" rel="ckohle"&gt;ckohle&lt;/a&gt; If this happens with test-jar I assume you have defined an execution block ?&lt;/p&gt;</comment>
                            <comment id="16762701" author="ckohle" created="Thu, 7 Feb 2019 14:09:03 +0000">&lt;p&gt;Yes,&#160; I'm using an execution block with phase: package goal: test-jar.&#160; Please note that version 3.2.2 of maven works as expected.&lt;/p&gt;</comment>
                            <comment id="17070146" author="hudson" created="Sat, 28 Mar 2020 23:17:50 +0000">&lt;p&gt;Build succeeded in Jenkins: Maven TLP &#187; maven &#187; &lt;a href="https://issues.apache.org/jira/browse/MNG-5868" title="Adding serval times the same artifact via MavenProjectHelper (attachArtifact) keep adding to the List duplicate artifacts" class="issue-link" data-issue-key="MNG-5868"&gt;&lt;del&gt;MNG-5868&lt;/del&gt;&lt;/a&gt; #51&lt;/p&gt;

&lt;p&gt;See &lt;a href="https://builds.apache.org/job/maven-box/job/maven/job/MNG-5868/51/" class="external-link" target="_blank" rel="nofollow noopener"&gt;https://builds.apache.org/job/maven-box/job/maven/job/MNG-5868/51/&lt;/a&gt;&lt;/p&gt;</comment>
                            <comment id="17083658" author="chrislott" created="Tue, 14 Apr 2020 22:34:23 +0000">&lt;p&gt;I don't mean to rub salt into wounds, but this has been open for almost 5 years now. I see a fix version of 3.7.0-candidate posted here, does that mean there's hope?&lt;/p&gt;</comment>
                            <comment id="17252511" author="michael-o" created="Sun, 20 Dec 2020 20:18:02 +0000">&lt;p&gt;This has been addressed in:&lt;/p&gt;
&lt;div class="preformatted panel" style="border-width: 1px;"&gt;&lt;div class="preformattedContent panelContent"&gt;
&lt;pre&gt;$ git log --grep=MNG-5868
commit bc9e7eb687be7cec8916d03a43ebe07b79cc7562
Author: olivier lamy &amp;lt;olamy@apache.org&amp;gt;
Date:   2020-06-01T04:21:13+02:00

    [MNG-5868] No duplicate artifacts in attached artifacts
    if attached artifacts already contains the artifact remove it and add the new one

    Signed-off-by: olivier lamy &amp;lt;olamy@apache.org&amp;gt;

commit 295c205a65b20a9ce53e73ce58f1dd1744b8b542
Author: olivier lamy &amp;lt;olamy@apache.org&amp;gt;
Date:   2020-06-01T04:21:13+02:00

    [MNG-5868] No duplicate artifacts in attached artifacts
    if attached artifacts already contains the artifact remove it and add the new one

    Signed-off-by: olivier lamy &amp;lt;olamy@apache.org&amp;gt;
&lt;/pre&gt;
&lt;/div&gt;&lt;/div&gt;</comment>
                            <comment id="17293568" author="vmassol" created="Tue, 2 Mar 2021 09:44:59 +0000">&lt;p&gt;&lt;a href="https://issues.apache.org/jira/secure/ViewProfile.jspa?name=olamy" class="user-hover" rel="olamy"&gt;olamy&lt;/a&gt; thanks for the fix. Any problem in backporting it to a 3.6.4 version (since 4.0.0 is not out yet and it may take a while before it is)?&lt;/p&gt;</comment>
                            <comment id="17293585" author="michael-o" created="Tue, 2 Mar 2021 10:07:52 +0000">&lt;p&gt;&lt;a href="https://issues.apache.org/jira/secure/ViewProfile.jspa?name=vmassol" class="user-hover" rel="vmassol"&gt;vmassol&lt;/a&gt;, there are tentative plans for 3.6.4 or 3.7.0. We will go through the issue list in 4.0.0 and decide which changes we will backport. I am open to bugfixes and non breaking changes unless the list of issues hits a high two-figure number.&lt;/p&gt;</comment>
                            <comment id="17293677" author="vmassol" created="Tue, 2 Mar 2021 12:58:27 +0000">&lt;p&gt;&lt;a href="https://issues.apache.org/jira/secure/ViewProfile.jspa?name=michael-o" class="user-hover" rel="michael-o"&gt;michael-o&lt;/a&gt; thanks for the reply. This issue could be a good candidate for a 3.6.4 since it's a regression (the worst of bugs &lt;img class="emoticon" src="https://issues.apache.org/jira/images/icons/emoticons/wink.png" height="16" width="16" align="absmiddle" alt="" border="0"/&gt;).&lt;/p&gt;</comment>
                            <comment id="17294002" author="olamy" created="Tue, 2 Mar 2021 21:38:43 +0000">&lt;p&gt;oh yes definitely +1 to have this in 3.6.4 as it's such pain to deploy the same file multiple time.....&lt;/p&gt;</comment>
                            <comment id="17294389" author="vmassol" created="Wed, 3 Mar 2021 08:57:31 +0000">&lt;p&gt;&lt;a href="https://issues.apache.org/jira/secure/ViewProfile.jspa?name=olamy" class="user-hover" rel="olamy"&gt;olamy&lt;/a&gt; Thanks. For us it evens fails our releases since Nexus doesn't accept the duplicate source artifact upload (except when going through staging but that's a pro nexus feature).&lt;/p&gt;</comment>
                            <comment id="17294412" author="michael-o" created="Wed, 3 Mar 2021 09:16:18 +0000">&lt;p&gt;&lt;a href="https://issues.apache.org/jira/secure/ViewProfile.jspa?name=vmassol" class="user-hover" rel="vmassol"&gt;vmassol&lt;/a&gt;, can you mean while apply this patch to maven-3.6.x branch locally and work with that in your environment?&lt;/p&gt;</comment>
                            <comment id="17294418" author="vmassol" created="Wed, 3 Mar 2021 09:22:55 +0000">&lt;p&gt;&lt;a href="https://issues.apache.org/jira/secure/ViewProfile.jspa?name=michael-o" class="user-hover" rel="michael-o"&gt;michael-o&lt;/a&gt; I'm actually not the one who has had the problem. It's some external contributor to some xwiki extension. So it's a bit more complex: I'd need to build maven for them, and ask them to reproduce. It's doable ofc but not immediate.&lt;/p&gt;</comment>
                            <comment id="17294424" author="olamy" created="Wed, 3 Mar 2021 09:44:46 +0000">&lt;p&gt;&lt;a href="https://issues.apache.org/jira/secure/ViewProfile.jspa?name=michael-o" class="user-hover" rel="michael-o"&gt;michael-o&lt;/a&gt;&#160;I'm more than happy to cherry-pick on 3.6.x branch. But do I have to understand we now have some extra over complicated procedure now? &lt;img class="emoticon" src="https://issues.apache.org/jira/images/icons/emoticons/smile.png" height="16" width="16" align="absmiddle" alt="" border="0"/&gt;&#160;&lt;/p&gt;</comment>
                            <comment id="17294926" author="olamy" created="Thu, 4 Mar 2021 01:37:05 +0000">&lt;p&gt;I have cherry to&#160;maven-3.6.x branch&lt;/p&gt;

&lt;p&gt;&lt;a href="https://issues.apache.org/jira/secure/ViewProfile.jspa?name=michael-o" class="user-hover" rel="michael-o"&gt;michael-o&lt;/a&gt;&#160;do you have any idea why this log history is such a big mess??&#160;&lt;/p&gt;

&lt;p&gt;&#160;&lt;/p&gt;
&lt;div class="code panel" style="border-width: 1px;"&gt;&lt;div class="codeContent panelContent"&gt;
&lt;pre class="code-java"&gt;
$ git log --grep=MNG-5868
commit bc9e7eb687be7cec8916d03a43ebe07b79cc7562
Author: olivier lamy &amp;lt;olamy@apache.org&amp;gt;
Date:   2020-06-01T04:21:13+02:00

    [MNG-5868] No duplicate artifacts in attached artifacts
    &lt;span class="code-keyword"&gt;if&lt;/span&gt; attached artifacts already contains the artifact remove it and add the &lt;span class="code-keyword"&gt;new&lt;/span&gt; one

    Signed-off-by: olivier lamy &amp;lt;olamy@apache.org&amp;gt;

commit 295c205a65b20a9ce53e73ce58f1dd1744b8b542
Author: olivier lamy &amp;lt;olamy@apache.org&amp;gt;
Date:   2020-06-01T04:21:13+02:00

    [MNG-5868] No duplicate artifacts in attached artifacts
    &lt;span class="code-keyword"&gt;if&lt;/span&gt; attached artifacts already contains the artifact remove it and add the &lt;span class="code-keyword"&gt;new&lt;/span&gt; one

    Signed-off-by: olivier lamy &amp;lt;olamy@apache.org&amp;gt; &lt;/pre&gt;
&lt;/div&gt;&lt;/div&gt;
&lt;p&gt;&#160;&lt;/p&gt;</comment>
                            <comment id="17294941" author="hudson" created="Thu, 4 Mar 2021 02:17:51 +0000">&lt;p&gt;Build failed in Jenkins: Maven &#187; Maven TLP &#187; maven &#187; maven-3.6.x #2&lt;/p&gt;

&lt;p&gt;See &lt;a href="https://ci-builds.apache.org/job/Maven/job/maven-box/job/maven/job/maven-3.6.x/2/" class="external-link" target="_blank" rel="nofollow noopener"&gt;https://ci-builds.apache.org/job/Maven/job/maven-box/job/maven/job/maven-3.6.x/2/&lt;/a&gt;&lt;/p&gt;</comment>
                            <comment id="17295050" author="michael-o" created="Thu, 4 Mar 2021 07:18:54 +0000">&lt;p&gt;Why did you change the fix version? 3.6.3 is wrong.&lt;/p&gt;</comment>
                            <comment id="17295070" author="olamy" created="Thu, 4 Mar 2021 07:56:56 +0000">&lt;p&gt;&lt;a href="https://issues.apache.org/jira/secure/ViewProfile.jspa?name=michael-o" class="user-hover" rel="michael-o"&gt;michael-o&lt;/a&gt;&#160;oops fixed&lt;/p&gt;</comment>
                            <comment id="17296544" author="michael-o" created="Sat, 6 Mar 2021 13:22:56 +0000">&lt;p&gt;Thanks, LGTM now.&lt;/p&gt;</comment>
                            <comment id="17329278" author="jonesbusy" created="Thu, 22 Apr 2021 16:59:37 +0000">&lt;p&gt;Hi,&lt;/p&gt;

&lt;p&gt;It seems this issue also happen with Maven 3.8.1. Any plan to have it available for 3.8.2 ?&lt;/p&gt;

&lt;p&gt;Regards,&lt;/p&gt;</comment>
                            <comment id="17369937" author="michael-o" created="Sat, 26 Jun 2021 19:09:12 +0000">&lt;p&gt;Fixed with &lt;a href="https://gitbox.apache.org/repos/asf?p=maven.git;a=commit;h=66a43813770cd7dee9eb1ed0372e3f784ba0c541" class="external-link" target="_blank" rel="nofollow noopener"&gt;66a43813770cd7dee9eb1ed0372e3f784ba0c541&lt;/a&gt; for &lt;tt&gt;maven-3.8.x&lt;/tt&gt; branch.&lt;/p&gt;</comment>
                            <comment id="17369942" author="hudson" created="Sat, 26 Jun 2021 19:52:48 +0000">&lt;p&gt;Build failed in Jenkins: Maven &#187; Maven TLP &#187; maven &#187; maven-3.8.x #15&lt;/p&gt;

&lt;p&gt;See &lt;a href="https://ci-builds.apache.org/job/Maven/job/maven-box/job/maven/job/maven-3.8.x/15/" class="external-link" target="_blank" rel="nofollow noopener"&gt;https://ci-builds.apache.org/job/Maven/job/maven-box/job/maven/job/maven-3.8.x/15/&lt;/a&gt;&lt;/p&gt;</comment>
                            <comment id="17370129" author="hudson" created="Sat, 26 Jun 2021 23:12:58 +0000">&lt;p&gt;Build succeeded in Jenkins: Maven &#187; Maven TLP &#187; maven &#187; master #174&lt;/p&gt;

&lt;p&gt;See &lt;a href="https://ci-builds.apache.org/job/Maven/job/maven-box/job/maven/job/master/174/" class="external-link" target="_blank" rel="nofollow noopener"&gt;https://ci-builds.apache.org/job/Maven/job/maven-box/job/maven/job/master/174/&lt;/a&gt;&lt;/p&gt;</comment>
                            <comment id="17370852" author="hudson" created="Mon, 28 Jun 2021 21:17:15 +0000">&lt;p&gt;Build unstable in Jenkins: Maven &#187; Maven TLP &#187; maven &#187; &lt;a href="https://issues.apache.org/jira/browse/MNG-7032" title="Option -B still showing formatting when used with --version" class="issue-link" data-issue-key="MNG-7032"&gt;&lt;del&gt;MNG-7032&lt;/del&gt;&lt;/a&gt;_versioncolours #15&lt;/p&gt;

&lt;p&gt;See &lt;a href="https://ci-builds.apache.org/job/Maven/job/maven-box/job/maven/job/MNG-7032_versioncolours/15/" class="external-link" target="_blank" rel="nofollow noopener"&gt;https://ci-builds.apache.org/job/Maven/job/maven-box/job/maven/job/MNG-7032_versioncolours/15/&lt;/a&gt;&lt;/p&gt;</comment>
                            <comment id="17370854" author="hudson" created="Mon, 28 Jun 2021 21:20:51 +0000">&lt;p&gt;Build succeeded in Jenkins: Maven &#187; Maven TLP &#187; maven &#187; tar.xz-distros #2&lt;/p&gt;

&lt;p&gt;See &lt;a href="https://ci-builds.apache.org/job/Maven/job/maven-box/job/maven/job/tar.xz-distros/2/" class="external-link" target="_blank" rel="nofollow noopener"&gt;https://ci-builds.apache.org/job/Maven/job/maven-box/job/maven/job/tar.xz-distros/2/&lt;/a&gt;&lt;/p&gt;</comment>
                            <comment id="17370856" author="hudson" created="Mon, 28 Jun 2021 21:26:11 +0000">&lt;p&gt;Build succeeded in Jenkins: Maven &#187; Maven TLP &#187; maven &#187; ver #6&lt;/p&gt;

&lt;p&gt;See &lt;a href="https://ci-builds.apache.org/job/Maven/job/maven-box/job/maven/job/ver/6/" class="external-link" target="_blank" rel="nofollow noopener"&gt;https://ci-builds.apache.org/job/Maven/job/maven-box/job/maven/job/ver/6/&lt;/a&gt;&lt;/p&gt;</comment>
                            <comment id="17370863" author="hudson" created="Mon, 28 Jun 2021 21:33:21 +0000">&lt;p&gt;Build unstable in Jenkins: Maven &#187; Maven TLP &#187; maven &#187; &lt;a href="https://issues.apache.org/jira/browse/MNG-7063" title="Infinite loop using Shade plugin and JUnit 5 dependency" class="issue-link" data-issue-key="MNG-7063"&gt;&lt;del&gt;MNG-7063&lt;/del&gt;&lt;/a&gt; #10&lt;/p&gt;

&lt;p&gt;See &lt;a href="https://ci-builds.apache.org/job/Maven/job/maven-box/job/maven/job/MNG-7063/10/" class="external-link" target="_blank" rel="nofollow noopener"&gt;https://ci-builds.apache.org/job/Maven/job/maven-box/job/maven/job/MNG-7063/10/&lt;/a&gt;&lt;/p&gt;</comment>
                            <comment id="17370867" author="hudson" created="Mon, 28 Jun 2021 21:37:37 +0000">&lt;p&gt;Build unstable in Jenkins: Maven &#187; Maven TLP &#187; maven &#187; &lt;a href="https://issues.apache.org/jira/browse/MNG-7166" title="DefaultModelNormalizer remove compat code" class="issue-link" data-issue-key="MNG-7166"&gt;MNG-7166&lt;/a&gt; #2&lt;/p&gt;

&lt;p&gt;See &lt;a href="https://ci-builds.apache.org/job/Maven/job/maven-box/job/maven/job/MNG-7166/2/" class="external-link" target="_blank" rel="nofollow noopener"&gt;https://ci-builds.apache.org/job/Maven/job/maven-box/job/maven/job/MNG-7166/2/&lt;/a&gt;&lt;/p&gt;</comment>
                            <comment id="17370871" author="hudson" created="Mon, 28 Jun 2021 21:48:39 +0000">&lt;p&gt;Build unstable in Jenkins: Maven &#187; Maven TLP &#187; maven &#187; &lt;a href="https://issues.apache.org/jira/browse/MNG-6471" title="Parallel builder should use  the module name as thread name" class="issue-link" data-issue-key="MNG-6471"&gt;&lt;del&gt;MNG-6471&lt;/del&gt;&lt;/a&gt; #11&lt;/p&gt;

&lt;p&gt;See &lt;a href="https://ci-builds.apache.org/job/Maven/job/maven-box/job/maven/job/MNG-6471/11/" class="external-link" target="_blank" rel="nofollow noopener"&gt;https://ci-builds.apache.org/job/Maven/job/maven-box/job/maven/job/MNG-6471/11/&lt;/a&gt;&lt;/p&gt;</comment>
                            <comment id="17370873" author="hudson" created="Mon, 28 Jun 2021 21:48:57 +0000">&lt;p&gt;Build unstable in Jenkins: Maven &#187; Maven TLP &#187; maven &#187; &lt;a href="https://issues.apache.org/jira/browse/MNG-7122" title="Require specific Maven compatibility version for plugins" class="issue-link" data-issue-key="MNG-7122"&gt;MNG-7122&lt;/a&gt; #8&lt;/p&gt;

&lt;p&gt;See &lt;a href="https://ci-builds.apache.org/job/Maven/job/maven-box/job/maven/job/MNG-7122/8/" class="external-link" target="_blank" rel="nofollow noopener"&gt;https://ci-builds.apache.org/job/Maven/job/maven-box/job/maven/job/MNG-7122/8/&lt;/a&gt;&lt;/p&gt;</comment>
                            <comment id="17370875" author="hudson" created="Mon, 28 Jun 2021 21:54:00 +0000">&lt;p&gt;Build unstable in Jenkins: Maven &#187; Maven TLP &#187; maven &#187; &lt;a href="https://issues.apache.org/jira/browse/MNG-4645" title="Move Central repo definition out of Maven&amp;#39;s jars so it can be more easily changed" class="issue-link" data-issue-key="MNG-4645"&gt;MNG-4645&lt;/a&gt; #16&lt;/p&gt;

&lt;p&gt;See &lt;a href="https://ci-builds.apache.org/job/Maven/job/maven-box/job/maven/job/MNG-4645/16/" class="external-link" target="_blank" rel="nofollow noopener"&gt;https://ci-builds.apache.org/job/Maven/job/maven-box/job/maven/job/MNG-4645/16/&lt;/a&gt;&lt;/p&gt;</comment>
                            <comment id="17370884" author="hudson" created="Mon, 28 Jun 2021 22:10:46 +0000">&lt;p&gt;Build unstable in Jenkins: Maven &#187; Maven TLP &#187; maven &#187; &lt;a href="https://issues.apache.org/jira/browse/MNG-7173" title="MavenResolverModule is broken/incomplete" class="issue-link" data-issue-key="MNG-7173"&gt;MNG-7173&lt;/a&gt;-resolver-guice-module #2&lt;/p&gt;

&lt;p&gt;See &lt;a href="https://ci-builds.apache.org/job/Maven/job/maven-box/job/maven/job/MNG-7173-resolver-guice-module/2/" class="external-link" target="_blank" rel="nofollow noopener"&gt;https://ci-builds.apache.org/job/Maven/job/maven-box/job/maven/job/MNG-7173-resolver-guice-module/2/&lt;/a&gt;&lt;/p&gt;</comment>
                            <comment id="17370886" author="hudson" created="Mon, 28 Jun 2021 22:21:28 +0000">&lt;p&gt;Build unstable in Jenkins: Maven &#187; Maven TLP &#187; maven &#187; &lt;a href="https://issues.apache.org/jira/browse/MNG-6727" title="Using version range in parent and CI Friendly Version fails" class="issue-link" data-issue-key="MNG-6727"&gt;&lt;del&gt;MNG-6727&lt;/del&gt;&lt;/a&gt; #11&lt;/p&gt;

&lt;p&gt;See &lt;a href="https://ci-builds.apache.org/job/Maven/job/maven-box/job/maven/job/MNG-6727/11/" class="external-link" target="_blank" rel="nofollow noopener"&gt;https://ci-builds.apache.org/job/Maven/job/maven-box/job/maven/job/MNG-6727/11/&lt;/a&gt;&lt;/p&gt;</comment>
                            <comment id="17370888" author="hudson" created="Mon, 28 Jun 2021 22:25:39 +0000">&lt;p&gt;Build unstable in Jenkins: Maven &#187; Maven TLP &#187; maven &#187; &lt;a href="https://issues.apache.org/jira/browse/MNG-4645" title="Move Central repo definition out of Maven&amp;#39;s jars so it can be more easily changed" class="issue-link" data-issue-key="MNG-4645"&gt;MNG-4645&lt;/a&gt;+&lt;a href="https://issues.apache.org/jira/browse/MNG-6772" title="Super POM overwrites remapped central repository in nested dependencyManagement import POMs" class="issue-link" data-issue-key="MNG-6772"&gt;MNG-6772&lt;/a&gt; #12&lt;/p&gt;

&lt;p&gt;See &lt;a href="https://ci-builds.apache.org/job/Maven/job/maven-box/job/maven/job/MNG-4645+MNG-6772/12/" class="external-link" target="_blank" rel="nofollow noopener"&gt;https://ci-builds.apache.org/job/Maven/job/maven-box/job/maven/job/MNG-4645+MNG-6772/12/&lt;/a&gt;&lt;/p&gt;</comment>
                            <comment id="17370925" author="hudson" created="Mon, 28 Jun 2021 22:46:28 +0000">&lt;p&gt;Build unstable in Jenkins: Maven &#187; Maven TLP &#187; maven &#187; MODELTESTS_IMPROVEMENT #26&lt;/p&gt;

&lt;p&gt;See &lt;a href="https://ci-builds.apache.org/job/Maven/job/maven-box/job/maven/job/MODELTESTS_IMPROVEMENT/26/" class="external-link" target="_blank" rel="nofollow noopener"&gt;https://ci-builds.apache.org/job/Maven/job/maven-box/job/maven/job/MODELTESTS_IMPROVEMENT/26/&lt;/a&gt;&lt;/p&gt;</comment>
                            <comment id="17370938" author="hudson" created="Mon, 28 Jun 2021 23:10:21 +0000">&lt;p&gt;Build unstable in Jenkins: Maven &#187; Maven TLP &#187; maven &#187; &lt;a href="https://issues.apache.org/jira/browse/MNG-6932" title="NullPointerException if no Package is defined for the current class" class="issue-link" data-issue-key="MNG-6932"&gt;MRESOLVER-94&lt;/a&gt; #25&lt;/p&gt;

&lt;p&gt;See &lt;a href="https://ci-builds.apache.org/job/Maven/job/maven-box/job/maven/job/MRESOLVER-94/25/" class="external-link" target="_blank" rel="nofollow noopener"&gt;https://ci-builds.apache.org/job/Maven/job/maven-box/job/maven/job/MRESOLVER-94/25/&lt;/a&gt;&lt;/p&gt;</comment>
                            <comment id="17370942" author="hudson" created="Mon, 28 Jun 2021 23:22:47 +0000">&lt;p&gt;Build unstable in Jenkins: Maven &#187; Maven TLP &#187; maven &#187; &lt;a href="https://issues.apache.org/jira/browse/MNG-6889" title="Mark command line option --legacy-local-repository as deprecated" class="issue-link" data-issue-key="MNG-6889"&gt;MNG-6889&lt;/a&gt; #25&lt;/p&gt;

&lt;p&gt;See &lt;a href="https://ci-builds.apache.org/job/Maven/job/maven-box/job/maven/job/MNG-6889/25/" class="external-link" target="_blank" rel="nofollow noopener"&gt;https://ci-builds.apache.org/job/Maven/job/maven-box/job/maven/job/MNG-6889/25/&lt;/a&gt;&lt;/p&gt;</comment>
                            <comment id="17370946" author="hudson" created="Mon, 28 Jun 2021 23:29:47 +0000">&lt;p&gt;Build unstable in Jenkins: Maven &#187; Maven TLP &#187; maven &#187; &lt;a href="https://issues.apache.org/jira/browse/MNG-6829" title="Remove commons-lang3 dependency" class="issue-link" data-issue-key="MNG-6829"&gt;MNG-6829&lt;/a&gt; #25&lt;/p&gt;

&lt;p&gt;See &lt;a href="https://ci-builds.apache.org/job/Maven/job/maven-box/job/maven/job/MNG-6829/25/" class="external-link" target="_blank" rel="nofollow noopener"&gt;https://ci-builds.apache.org/job/Maven/job/maven-box/job/maven/job/MNG-6829/25/&lt;/a&gt;&lt;/p&gt;</comment>
                            <comment id="17370959" author="hudson" created="Mon, 28 Jun 2021 23:59:01 +0000">&lt;p&gt;Build unstable in Jenkins: Maven &#187; Maven TLP &#187; maven &#187; mng-5668-poc #25&lt;/p&gt;

&lt;p&gt;See &lt;a href="https://ci-builds.apache.org/job/Maven/job/maven-box/job/maven/job/mng-5668-poc/25/" class="external-link" target="_blank" rel="nofollow noopener"&gt;https://ci-builds.apache.org/job/Maven/job/maven-box/job/maven/job/mng-5668-poc/25/&lt;/a&gt;&lt;/p&gt;</comment>
                            <comment id="17370961" author="hudson" created="Tue, 29 Jun 2021 00:05:14 +0000">&lt;p&gt;Build unstable in Jenkins: Maven &#187; Maven TLP &#187; maven &#187; &lt;a href="https://issues.apache.org/jira/browse/MNG-5567" title="Zip files are not included in classpaths at all" class="issue-link" data-issue-key="MNG-5567"&gt;MNG-5567&lt;/a&gt; #25&lt;/p&gt;

&lt;p&gt;See &lt;a href="https://ci-builds.apache.org/job/Maven/job/maven-box/job/maven/job/MNG-5567/25/" class="external-link" target="_blank" rel="nofollow noopener"&gt;https://ci-builds.apache.org/job/Maven/job/maven-box/job/maven/job/MNG-5567/25/&lt;/a&gt;&lt;/p&gt;</comment>
                            <comment id="17371314" author="hudson" created="Tue, 29 Jun 2021 12:00:15 +0000">&lt;p&gt;Build unstable in Jenkins: Maven &#187; Maven TLP &#187; maven-studies &#187; maven-metrics #24&lt;/p&gt;

&lt;p&gt;See &lt;a href="https://ci-builds.apache.org/job/Maven/job/maven-box/job/maven-studies/job/maven-metrics/24/" class="external-link" target="_blank" rel="nofollow noopener"&gt;https://ci-builds.apache.org/job/Maven/job/maven-box/job/maven-studies/job/maven-metrics/24/&lt;/a&gt;&lt;/p&gt;</comment>
                            <comment id="17378756" author="hudson" created="Sun, 11 Jul 2021 19:21:13 +0000">&lt;p&gt;Build succeeded in Jenkins: Maven &#187; Maven TLP &#187; maven &#187; &lt;a href="https://issues.apache.org/jira/browse/MNG-7177" title="Upgrade Maven Shared Utils to 3.3.4" class="issue-link" data-issue-key="MNG-7177"&gt;&lt;del&gt;MNG-7177&lt;/del&gt;&lt;/a&gt; #3&lt;/p&gt;

&lt;p&gt;See &lt;a href="https://ci-builds.apache.org/job/Maven/job/maven-box/job/maven/job/MNG-7177/3/" class="external-link" target="_blank" rel="nofollow noopener"&gt;https://ci-builds.apache.org/job/Maven/job/maven-box/job/maven/job/MNG-7177/3/&lt;/a&gt;&lt;/p&gt;</comment>
                            <comment id="17426868" author="hudson" created="Sun, 10 Oct 2021 19:26:47 +0000">&lt;p&gt;Build unstable in Jenkins: Maven &#187; Maven TLP &#187; maven &#187; &lt;a href="https://issues.apache.org/jira/browse/MNG-7020" title="Remove Maven 2 WagonExcluder backward compat code" class="issue-link" data-issue-key="MNG-7020"&gt;MNG-7020&lt;/a&gt; #23&lt;/p&gt;

&lt;p&gt;See &lt;a href="https://ci-maven.apache.org/job/Maven/job/maven-box/job/maven/job/MNG-7020/23/" class="external-link" target="_blank" rel="nofollow noopener"&gt;https://ci-maven.apache.org/job/Maven/job/maven-box/job/maven/job/MNG-7020/23/&lt;/a&gt;&lt;/p&gt;</comment>
                            <comment id="17527012" author="hudson" created="Sun, 24 Apr 2022 08:08:34 +0000">&lt;p&gt;Build failed in Jenkins: Maven &#187; Maven TLP &#187; maven &#187; &lt;a href="https://issues.apache.org/jira/browse/MNG-7457" title="Warn about deprecated plugin Mojo" class="issue-link" data-issue-key="MNG-7457"&gt;&lt;del&gt;MNG-7457&lt;/del&gt;&lt;/a&gt; #2&lt;/p&gt;

&lt;p&gt;See &lt;a href="https://ci-maven.apache.org/job/Maven/job/maven-box/job/maven/job/MNG-7457/2/" class="external-link" target="_blank" rel="nofollow noopener"&gt;https://ci-maven.apache.org/job/Maven/job/maven-box/job/maven/job/MNG-7457/2/&lt;/a&gt;&lt;/p&gt;</comment>
                    </comments>
                <issuelinks>
                            <issuelinktype id="12310660">
                    <name>Completes</name>
                                            <outwardlinks description="fixes">
                                        <issuelink>
            <issuekey id="13224705">MDEPLOY-254</issuekey>
        </issuelink>
            <issuelink>
            <issuekey id="13234167">MINSTALL-159</issuekey>
        </issuelink>
                            </outwardlinks>
                                                        </issuelinktype>
                            <issuelinktype id="12310000">
                    <name>Duplicate</name>
                                                                <inwardlinks description="is duplicated by">
                                        <issuelink>
            <issuekey id="12796163">MNG-5387</issuekey>
        </issuelink>
            <issuelink>
            <issuekey id="12916372">MNG-5939</issuekey>
        </issuelink>
            <issuelink>
            <issuekey id="13234169">MSHARED-820</issuekey>
        </issuelink>
                            </inwardlinks>
                                    </issuelinktype>
                            <issuelinktype id="10030">
                    <name>Reference</name>
                                            <outwardlinks description="relates to">
                                        <issuelink>
            <issuekey id="12796163">MNG-5387</issuekey>
        </issuelink>
                            </outwardlinks>
                                                                <inwardlinks description="is related to">
                                        <issuelink>
            <issuekey id="12838151">MSHADE-195</issuekey>
        </issuelink>
            <issuelink>
            <issuekey id="12796166">MNG-5384</issuekey>
        </issuelink>
                            </inwardlinks>
                                    </issuelinktype>
                            <issuelinktype id="12310050">
                    <name>Regression</name>
                                            <outwardlinks description="breaks">
                                        <issuelink>
            <issuekey id="13408080">MNG-7316</issuekey>
        </issuelink>
                            </outwardlinks>
                                                        </issuelinktype>
                    </issuelinks>
                <attachments>
                    </attachments>
                <subtasks>
                    </subtasks>
                <customfields>
                                                                                                                                                                                                                                                                                                                                                                                                                                                                                                                                                                                                                                                                                                                    <customfield id="customfield_12314020" key="com.atlassian.jira.plugins.jira-development-integration-plugin:devsummary">
                        <customfieldname>Development</customfieldname>
                        <customfieldvalues>
                            
                        </customfieldvalues>
                    </customfield>
                                                                                                                        <customfield id="customfield_12313422" key="com.atlassian.jirafisheyeplugin:jobcheckbox">
                        <customfieldname>Enable Automatic Patch Review</customfieldname>
                        <customfieldvalues>
                            <customfieldvalue>false</customfieldvalue>

                        </customfieldvalues>
                    </customfield>
                                                                                                                                                                                                                                                                                                                                                                                                                                                                                                                                                                                                                    <customfield id="customfield_12310420" key="com.pyxis.greenhopper.jira:gh-global-rank">
                        <customfieldname>Global Rank</customfieldname>
                        <customfieldvalues>
                            <customfieldvalue>9223372036854775807</customfieldvalue>
                        </customfieldvalues>
                    </customfield>
                                                                                                                                                                                                                                                                                                                                                                                                                                                                        <customfield id="customfield_12311820" key="com.pyxis.greenhopper.jira:gh-lexo-rank">
                        <customfieldname>Rank</customfieldname>
                        <customfieldvalues>
                            <customfieldvalue>0|i2iiav:</customfieldvalue>

                        </customfieldvalues>
                    </customfield>
                                                                <customfield id="customfield_12310920" key="com.pyxis.greenhopper.jira:gh-global-rank">
                        <customfieldname>Rank (Obsolete)</customfieldname>
                        <customfieldvalues>
                            <customfieldvalue>9223372036854775807</customfieldvalue>
                        </customfieldvalues>
                    </customfield>
                                                                                                                                                                                                                                                                                                                                                                                                                                                                                                                                                                                                                                                                                                                                                                                            </customfields>
    </item>


</channel>
</rss>