<rss version="0.92">
    <channel>
        <title>ASF JIRA</title>
        <link>https://issues.apache.org/jira/issues/?jql=project+%3D+MNG+and+type+%3D+bug+and+%28status+%3D+RESOLVED+or+status+%3D+closed%29</link>
        <description>An XML representation of a search request</description>
                <language>en-uk</language>
                        <issue start="0" end="1000" total="3303" />
                <build-info>
            <version>8.20.7</version>
            <build-number>820007</build-number>
            <build-date>16-03-2022</build-date>
        </build-info>

<item>
            <title>[MNG-5831] NoClassDefFoundError: org/apache/commons/cli/ParseException</title>
                <link>https://issues.apache.org/jira/browse/MNG-5831</link>
                <project id="12316922" key="MNG">Maven</project>
                    <description>&lt;p&gt;C:\&amp;gt;java -version&lt;br/&gt;
java version "1.6.0_45"&lt;br/&gt;
Java(TM) SE Runtime Environment (build 1.6.0_45-b06)&lt;br/&gt;
Java HotSpot(TM) 64-Bit Server VM (build 20.45-b01, mixed mode)&lt;/p&gt;

&lt;p&gt;C:\&amp;gt;mvn -v&lt;br/&gt;
Exception in thread "main" java.lang.NoClassDefFoundError: org/apache/commons/cli/ParseException&lt;br/&gt;
        at java.lang.Class.getDeclaredMethods0(Native Method)&lt;br/&gt;
        at java.lang.Class.privateGetDeclaredMethods(Class.java:2436)&lt;br/&gt;
        at java.lang.Class.getMethod0(Class.java:2679)&lt;br/&gt;
        at java.lang.Class.getMethod(Class.java:1605)&lt;br/&gt;
        at org.codehaus.plexus.classworlds.launcher.Launcher.getEnhancedMainMethod(Launcher.java:172)&lt;br/&gt;
        at org.codehaus.plexus.classworlds.launcher.Launcher.launchEnhanced(Launcher.java:268)&lt;br/&gt;
        at org.codehaus.plexus.classworlds.launcher.Launcher.launch(Launcher.java:229)&lt;br/&gt;
        at org.codehaus.plexus.classworlds.launcher.Launcher.mainWithExitCode(Launcher.java:415)&lt;br/&gt;
        at org.codehaus.plexus.classworlds.launcher.Launcher.main(Launcher.java:356)&lt;br/&gt;
Caused by: java.lang.ClassNotFoundException: org.apache.commons.cli.ParseException&lt;br/&gt;
        at org.codehaus.plexus.classworlds.strategy.SelfFirstStrategy.loadClass(SelfFirstStrategy.java:50)&lt;br/&gt;
        at org.codehaus.plexus.classworlds.realm.ClassRealm.unsynchronizedLoadClass(ClassRealm.java:271)&lt;br/&gt;
        at org.codehaus.plexus.classworlds.realm.ClassRealm.loadClass(ClassRealm.java:254)&lt;br/&gt;
        at org.codehaus.plexus.classworlds.realm.ClassRealm.loadClass(ClassRealm.java:239)&lt;br/&gt;
        ... 9 more&lt;br/&gt;
C:\&amp;gt;set |findstr M2&lt;br/&gt;
M2=C:\cc\apache-maven-3.2.5&lt;/p&gt;</description>
                <environment>OS Name:                   Microsoft Windows 7 Enterprise&lt;br/&gt;
OS Version:                6.1.7601 Service Pack 1 Build 7601&lt;br/&gt;
&lt;br/&gt;
java version &amp;quot;1.6.0_45&amp;quot;&lt;br/&gt;
Java(TM) SE Runtime Environment (build 1.6.0_45-b06)&lt;br/&gt;
Java HotSpot(TM) 64-Bit Server VM (build 20.45-b01, mixed mode)&lt;br/&gt;
&lt;br/&gt;
apache-maven-3.2.5</environment>
        <key id="12832615">MNG-5831</key>
            <summary>NoClassDefFoundError: org/apache/commons/cli/ParseException</summary>
                <type id="1" iconUrl="https://issues.apache.org/jira/secure/viewavatar?size=xsmall&amp;avatarId=21133&amp;avatarType=issuetype">Bug</type>
                                            <priority id="3" iconUrl="https://issues.apache.org/jira/images/icons/priorities/major.svg">Major</priority>
                        <status id="6" iconUrl="https://issues.apache.org/jira/images/icons/statuses/closed.png" description="The issue is considered finished, the resolution is correct. Issues which are not closed can be reopened.">Closed</status>
                    <statusCategory id="3" key="done" colorName="green" />
                                    <resolution id="8">Not A Problem</resolution>
                                        <assignee username="-1">Unassigned</assignee>
                                    <reporter username="cfly">FeiCao</reporter>
                        <labels>
                    </labels>
                <created>Tue, 26 May 2015 05:08:31 +0000</created>
                <updated>Wed, 6 Jan 2016 19:32:14 +0000</updated>
                            <resolved>Wed, 27 May 2015 07:07:18 +0000</resolved>
                                    <version>3.2.5</version>
                                                    <component>Bootstrap &amp;amp; Build</component>
                    <component>Command Line</component>
                        <due />
                            <votes>0</votes>
                                    <watches>3</watches>
                                                                <comments>
                            <comment id="14559480" author="michael-o" created="Tue, 26 May 2015 17:50:39 +0000">&lt;p&gt;Did you try a newer version of Maven?&lt;/p&gt;</comment>
                            <comment id="14560296" author="cfly" created="Wed, 27 May 2015 02:10:44 +0000">&lt;p&gt;Same env&lt;br/&gt;
jdk1.8.0_45 + apache-maven-3.3.3  OK&lt;br/&gt;
jdk1.6.0_45 + apache-maven-3.2.3  OK&lt;/p&gt;</comment>
                            <comment id="14560473" author="michael-o" created="Wed, 27 May 2015 06:10:48 +0000">&lt;p&gt;Please take a look at you installation directory, &lt;tt&gt;lib&lt;/tt&gt;, &lt;tt&gt;commons-cli-1.2.jar&lt;/tt&gt; should be there. If not, something is wrong. Download the tarball and verify the SHA-1 sum.&lt;/p&gt;</comment>
                            <comment id="14560533" author="cfly" created="Wed, 27 May 2015 07:05:52 +0000">&lt;p&gt;I downlaod again &lt;span class="error"&gt;&amp;#91;apache-maven-3.2.5-bin.zip&amp;#93;&lt;/span&gt;.&lt;br/&gt;
Now it's work fine.&lt;/p&gt;

&lt;p&gt;C:\&amp;gt;mvn -v&lt;br/&gt;
Apache Maven 3.2.5 (12a6b3acb947671f09b81f49094c53f426d8cea1; 2014-12-15T01:29:23+08:00)&lt;br/&gt;
Maven home: C:\cc\apache-maven-3.2.5\bin\..&lt;br/&gt;
Java version: 1.6.0_45, vendor: Sun Microsystems Inc.&lt;br/&gt;
Java home: C:\cc\jdk1.6.0_45\jre&lt;br/&gt;
Default locale: en_US, platform encoding: Cp1252&lt;br/&gt;
OS name: "windows 7", version: "6.1", arch: "amd64", family: "windows"&lt;/p&gt;

&lt;p&gt;Sorry,&lt;br/&gt;
Not bug, it's my fault.&lt;br/&gt;
Thank you very much.&lt;/p&gt;</comment>
                            <comment id="14560538" author="cfly" created="Wed, 27 May 2015 07:07:19 +0000">&lt;p&gt;Sorry,&lt;br/&gt;
Not bug, it's my fault.&lt;/p&gt;</comment>
                    </comments>
                    <attachments>
                    </attachments>
                <subtasks>
                    </subtasks>
                <customfields>
                                                                                                                                                                                                                                                                                                                                                                                                                                                                                                                                                                                                                                                                                                                    <customfield id="customfield_12314020" key="com.atlassian.jira.plugins.jira-development-integration-plugin:devsummary">
                        <customfieldname>Development</customfieldname>
                        <customfieldvalues>
                            
                        </customfieldvalues>
                    </customfield>
                                                                                                                        <customfield id="customfield_12313422" key="com.atlassian.jirafisheyeplugin:jobcheckbox">
                        <customfieldname>Enable Automatic Patch Review</customfieldname>
                        <customfieldvalues>
                            <customfieldvalue>false</customfieldvalue>

                        </customfieldvalues>
                    </customfield>
                                                                                                                                                                                                                                                                                                                                                                                                                                                                                                                                                                                                                    <customfield id="customfield_12310420" key="com.pyxis.greenhopper.jira:gh-global-rank">
                        <customfieldname>Global Rank</customfieldname>
                        <customfieldvalues>
                            <customfieldvalue>9223372036854775807</customfieldvalue>
                        </customfieldvalues>
                    </customfield>
                                                                                                                                                                                                                                                                                                                                                                                                                                                                        <customfield id="customfield_12311820" key="com.pyxis.greenhopper.jira:gh-lexo-rank">
                        <customfieldname>Rank</customfieldname>
                        <customfieldvalues>
                            <customfieldvalue>0|i2f6lj:</customfieldvalue>

                        </customfieldvalues>
                    </customfield>
                                                                <customfield id="customfield_12310920" key="com.pyxis.greenhopper.jira:gh-global-rank">
                        <customfieldname>Rank (Obsolete)</customfieldname>
                        <customfieldvalues>
                            <customfieldvalue>9223372036854775807</customfieldvalue>
                        </customfieldvalues>
                    </customfield>
                                                                                                                                                                                                                                                                                                                                                                                                                                                                                                                                                                                                                                                                                                                                                                                            </customfields>
    </item>


</channel>
</rss>