<rss version="0.92">
    <channel>
        <title>ASF JIRA</title>
        <link>https://issues.apache.org/jira/issues/?jql=project+%3D+MNG+and+type+%3D+bug+and+%28status+%3D+RESOLVED+or+status+%3D+closed%29</link>
        <description>An XML representation of a search request</description>
                <language>en-uk</language>
                        <issue start="0" end="1000" total="3303" />
                <build-info>
            <version>8.20.7</version>
            <build-number>820007</build-number>
            <build-date>16-03-2022</build-date>
        </build-info>

<item>
            <title>[MNG-5145] Optional compile dependencies being resolved by test dependencies</title>
                <link>https://issues.apache.org/jira/browse/MNG-5145</link>
                <project id="12316922" key="MNG">Maven</project>
                    <description>&lt;p&gt;Optional compile-time dependencies are being resolved (in WAR projects, at least) into the packaged artifact.&lt;/p&gt;

&lt;p&gt;There has been a regression since Maven 2.2.1 in regards to resolving optional dependencies.&lt;/p&gt;

&lt;p&gt;In the attached pom (which builds a WAR), there are two dependencies:&lt;/p&gt;
&lt;ul&gt;
	&lt;li&gt;org.springframework:spring-core:2.5.6 - at compile scope&lt;/li&gt;
	&lt;li&gt;org.dbunit:dbunit:2.3.0 - at test scope.&lt;/li&gt;
&lt;/ul&gt;



&lt;p&gt;The dependency tree looks like this:&lt;/p&gt;

&lt;div class="preformatted panel" style="border-width: 1px;"&gt;&lt;div class="preformattedContent panelContent"&gt;
&lt;pre&gt;net.twasink:webapp:war:1.0
+- org.springframework:spring-core:jar:2.5.6:compile
|  \- commons-logging:commons-logging:jar:1.1.1:compile
\- org.dbunit:dbunit:jar:2.3.0:test
   +- junit:junit:jar:3.8.2:test
   +- junit-addons:junit-addons:jar:1.4:test
   |  +- xerces:xercesImpl:jar:2.6.2:test
   |  \- xerces:xmlParserAPIs:jar:2.6.2:test
   +- org.apache.poi:poi:jar:3.1-FINAL:test
   |  \- log4j:log4j:jar:1.2.13:test
   +- commons-collections:commons-collections:jar:3.1:test
   +- commons-lang:commons-lang:jar:2.1:test
   +- org.slf4j:slf4j-api:jar:1.4.3:test
   \- org.slf4j:slf4j-nop:jar:1.4.3:test
&lt;/pre&gt;
&lt;/div&gt;&lt;/div&gt;

&lt;p&gt;Note that &lt;tt&gt;log4j:log4j:1.2.13&lt;/tt&gt; is a &lt;tt&gt;test&lt;/tt&gt; dependency. However, when you do &lt;tt&gt;'mvn package'&lt;/tt&gt;, and inspect the resulting WAR file, it includes &lt;tt&gt;log4j&lt;/tt&gt;!&lt;/p&gt;

&lt;p&gt;The problem appears to be that &lt;tt&gt;commons-logging&lt;/tt&gt; (a compile dependency brought in by &lt;tt&gt;spring-core&lt;/tt&gt;) declares &lt;tt&gt;log4j&lt;/tt&gt; as an &lt;em&gt;optional&lt;/em&gt; &lt;tt&gt;compile&lt;/tt&gt; dependency. This is clashing with the test dependency brought in transitively by &lt;tt&gt;dbunit&lt;/tt&gt;.&lt;/p&gt;

&lt;p&gt;To make it worse, this is still brought in if you add an explicit exclusion of &lt;tt&gt;log4j&lt;/tt&gt; to &lt;tt&gt;spring-core&lt;/tt&gt;.&lt;/p&gt;

&lt;p&gt;Maven 2.2.1 did not bring in the &lt;tt&gt;log4j&lt;/tt&gt; JAR - this is a regression under Maven 3.0.3&lt;/p&gt;</description>
                <environment />
        <key id="12797191">MNG-5145</key>
            <summary>Optional compile dependencies being resolved by test dependencies</summary>
                <type id="1" iconUrl="https://issues.apache.org/jira/secure/viewavatar?size=xsmall&amp;avatarId=21133&amp;avatarType=issuetype">Bug</type>
                                            <priority id="2" iconUrl="https://issues.apache.org/jira/images/icons/priorities/critical.svg">Critical</priority>
                        <status id="6" iconUrl="https://issues.apache.org/jira/images/icons/statuses/closed.png" description="The issue is considered finished, the resolution is correct. Issues which are not closed can be reopened.">Closed</status>
                    <statusCategory id="3" key="done" colorName="green" />
                                    <resolution id="1">Fixed</resolution>
                                        <assignee username="rfscholte">Robert Scholte</assignee>
                                    <reporter username="robertdw">Robert Watkins</reporter>
                        <labels>
                    </labels>
                <created>Mon, 1 Aug 2011 00:05:17 +0000</created>
                <updated>Wed, 21 Jan 2015 13:26:57 +0000</updated>
                            <resolved>Wed, 21 Jan 2015 13:26:57 +0000</resolved>
                                    <version>3.0.3</version>
                                    <fixVersion>3.1.0</fixVersion>
                                    <component>Dependencies</component>
                        <due />
                            <votes>2</votes>
                                    <watches>4</watches>
                                                                <comments>
                            <comment id="14417238" author="bentmann" created="Mon, 1 Aug 2011 04:06:22 +0000">&lt;p&gt;Part of the issue is &lt;tt&gt;commons-logging:1.1&lt;/tt&gt;, declaring &lt;tt&gt;commons-logging:1.1.1&lt;/tt&gt; in &lt;tt&gt;&amp;lt;dependencyManagement&amp;gt;&lt;/tt&gt; can be used to workaround the bug.&lt;/p&gt;</comment>
                            <comment id="14417350" author="robertdw" created="Mon, 1 Aug 2011 05:13:13 +0000">&lt;p&gt;As shown in the dependency tree, this is already using commongs-logging:1.1.1&lt;/p&gt;

&lt;p&gt;AFAIK, commons-logging:1.1.1 is doing the right thing by declaring the dependency on log4j optional. Certainly the attached pom worked correctly under Maven 2.2.&lt;/p&gt;</comment>
                            <comment id="14417274" author="robertdw" created="Mon, 1 Aug 2011 06:34:23 +0000">&lt;p&gt;Ah - this appears to be related to &lt;a href="http://jira.codehaus.org/browse/MNG-5056" class="external-link" target="_blank" rel="nofollow noopener"&gt;http://jira.codehaus.org/browse/MNG-5056&lt;/a&gt;. Similar behaviour, anyway.&lt;/p&gt;</comment>
                            <comment id="14420097" author="rfscholte" created="Wed, 21 Jan 2015 13:26:57 +0000">&lt;p&gt;I've tested it with 3.1.0 and newer. Now it is correct. I think this was fixed thanks to &lt;a href="https://issues.apache.org/jira/browse/MNG-5354" title="Integrate Eclipse Aether 0.9.0.M2" class="issue-link" data-issue-key="MNG-5354"&gt;&lt;del&gt;MNG-5354&lt;/del&gt;&lt;/a&gt;.&lt;/p&gt;</comment>
                    </comments>
                <issuelinks>
                            <issuelinktype id="12310260">
                    <name>Related</name>
                                            <outwardlinks description="relates to">
                                        <issuelink>
            <issuekey id="12797180">MNG-5188</issuekey>
        </issuelink>
                            </outwardlinks>
                                                        </issuelinktype>
                    </issuelinks>
                <attachments>
                            <attachment id="12713159" name="pom.xml" size="906" author="robertdw" created="Mon, 1 Aug 2011 00:05:17 +0000" />
                    </attachments>
                <subtasks>
                    </subtasks>
                <customfields>
                                                                                                                                                                                                                                                                                                                                                                                                                                                                                                                                                                                                                                                                                                                    <customfield id="customfield_12314020" key="com.atlassian.jira.plugins.jira-development-integration-plugin:devsummary">
                        <customfieldname>Development</customfieldname>
                        <customfieldvalues>
                            
                        </customfieldvalues>
                    </customfield>
                                                                                                                        <customfield id="customfield_12313422" key="com.atlassian.jirafisheyeplugin:jobcheckbox">
                        <customfieldname>Enable Automatic Patch Review</customfieldname>
                        <customfieldvalues>
                            <customfieldvalue>false</customfieldvalue>

                        </customfieldvalues>
                    </customfield>
                                                                                                                                                                                                                                                                                                                                                                                                                                                                                                                                                                                                                    <customfield id="customfield_12310420" key="com.pyxis.greenhopper.jira:gh-global-rank">
                        <customfieldname>Global Rank</customfieldname>
                        <customfieldvalues>
                            <customfieldvalue>9223372036854775807</customfieldvalue>
                        </customfieldvalues>
                    </customfield>
                                                                                                                                                                                                                                                                                                                                                                                                                                                                        <customfield id="customfield_12311820" key="com.pyxis.greenhopper.jira:gh-lexo-rank">
                        <customfieldname>Rank</customfieldname>
                        <customfieldvalues>
                            <customfieldvalue>0|i29bnb:</customfieldvalue>

                        </customfieldvalues>
                    </customfield>
                                                                <customfield id="customfield_12310920" key="com.pyxis.greenhopper.jira:gh-global-rank">
                        <customfieldname>Rank (Obsolete)</customfieldname>
                        <customfieldvalues>
                            <customfieldvalue>9223372036854775807</customfieldvalue>
                        </customfieldvalues>
                    </customfield>
                                                                                                                                                                                                                                                                                                                                                                                                                                                                                                                                                                                                                                                                                                                                                                                            </customfields>
    </item>


</channel>
</rss>