<rss version="0.92">
    <channel>
        <title>ASF JIRA</title>
        <link>https://issues.apache.org/jira/issues/?jql=project+%3D+MNG+and+type+%3D+bug+and+%28status+%3D+RESOLVED+or+status+%3D+closed%29</link>
        <description>An XML representation of a search request</description>
                <language>en-uk</language>
                        <issue start="0" end="1000" total="3303" />
                <build-info>
            <version>8.20.7</version>
            <build-number>820007</build-number>
            <build-date>16-03-2022</build-date>
        </build-info>

<item>
            <title>[MNG-5914] ${project.parent.version} is being resolved to ${project.version} when used inside dependencyManagement section</title>
                <link>https://issues.apache.org/jira/browse/MNG-5914</link>
                <project id="12316922" key="MNG">Maven</project>
                    <description>&lt;div class="code panel" style="border-width: 1px;"&gt;&lt;div class="codeContent panelContent"&gt;
&lt;pre class="code-java"&gt;&amp;lt;?xml version=&lt;span class="code-quote"&gt;"1.0"&lt;/span&gt; encoding=&lt;span class="code-quote"&gt;"UTF-8"&lt;/span&gt;?&amp;gt;
&amp;lt;project xmlns=&lt;span class="code-quote"&gt;"http:&lt;span class="code-comment"&gt;//maven.apache.org/POM/4.0.0"&lt;/span&gt; xmlns:xsi=&lt;span class="code-quote"&gt;"http://www.w3.org/2001/XMLSchema-instance"&lt;/span&gt;
&lt;/span&gt;         xsi:schemaLocation=&lt;span class="code-quote"&gt;"http:&lt;span class="code-comment"&gt;//maven.apache.org/POM/4.0.0 http://maven.apache.org/xsd/maven-4.0.0.xsd"&lt;/span&gt;&amp;gt;
&lt;/span&gt;    &amp;lt;modelVersion&amp;gt;4.0.0&amp;lt;/modelVersion&amp;gt;

    &amp;lt;parent&amp;gt;
        &amp;lt;groupId&amp;gt;com.company.project&amp;lt;/groupId&amp;gt;
        &amp;lt;artifactId&amp;gt;apps&amp;lt;/artifactId&amp;gt;
        &amp;lt;version&amp;gt;x.y.0-SNAPSHOT&amp;lt;/version&amp;gt;
    &amp;lt;/parent&amp;gt;

    &amp;lt;properties&amp;gt;
        &amp;lt;subm.version&amp;gt;${project.parent.version}&amp;lt;/subm.version&amp;gt;
    &amp;lt;/properties&amp;gt;

    &amp;lt;artifactId&amp;gt;submodule&amp;lt;/artifactId&amp;gt;
    &amp;lt;groupId&amp;gt;com.company.project.submodule&amp;lt;/groupId&amp;gt;
    &amp;lt;version&amp;gt;1.0.0-SNAPSHOT&amp;lt;/version&amp;gt;
    &amp;lt;packaging&amp;gt;pom&amp;lt;/packaging&amp;gt;
    &amp;lt;name&amp;gt;Submodule :: POM&amp;lt;/name&amp;gt;

    &amp;lt;dependencyManagement&amp;gt;
        &amp;lt;dependencies&amp;gt;
            &amp;lt;dependency&amp;gt;
                &amp;lt;groupId&amp;gt;com.company.project&amp;lt;/groupId&amp;gt;
                &amp;lt;artifactId&amp;gt;dependency-bom&amp;lt;/artifactId&amp;gt;
                &amp;lt;version&amp;gt;${subm.version}&amp;lt;/version&amp;gt;
                &amp;lt;type&amp;gt;pom&amp;lt;/type&amp;gt;
                &amp;lt;scope&amp;gt;&lt;span class="code-keyword"&gt;import&lt;/span&gt;&amp;lt;/scope&amp;gt;
            &amp;lt;/dependency&amp;gt;
        &amp;lt;/dependencies&amp;gt;
    &amp;lt;/dependencyManagement&amp;gt;
&amp;lt;/project&amp;gt;
&lt;/pre&gt;
&lt;/div&gt;&lt;/div&gt;

&lt;p&gt;Above configuration produces following log&lt;/p&gt;
&lt;div class="preformatted panel" style="border-width: 1px;"&gt;&lt;div class="preformattedContent panelContent"&gt;
&lt;pre&gt;Non-resolvable import POM: Failure to find com.company.project:dependency-bom:pom:1.0.0-SNAPSHOT in http://maven.company.com/content/repositories/all_repos was cached in the local repository, resolution will not be reattempted until the update interval of company.all_repos has elapsed or updates are forced
&lt;/pre&gt;
&lt;/div&gt;&lt;/div&gt;

&lt;p&gt;When I change &lt;tt&gt;subm.version&lt;/tt&gt; property, to ie. 9.9.9 literal, then I get&lt;/p&gt;
&lt;div class="preformatted panel" style="border-width: 1px;"&gt;&lt;div class="preformattedContent panelContent"&gt;
&lt;pre&gt; Non-resolvable import POM: Could not find artifact com.company.sp:dependency-bom:pom:9.9.9 in company.all_repos (http://maven.company.com/content/repositories/all_repos)
&lt;/pre&gt;
&lt;/div&gt;&lt;/div&gt;

&lt;p&gt;However, if I change &lt;tt&gt;subm.version&lt;/tt&gt; property to parent module version literal, which is "x.y.0-SNAPSHOT", then everything works fine. &lt;/p&gt;</description>
                <environment>Windows 7, java 1.8.0_60-b27</environment>
        <key id="12906480">MNG-5914</key>
            <summary>${project.parent.version} is being resolved to ${project.version} when used inside dependencyManagement section</summary>
                <type id="1" iconUrl="https://issues.apache.org/jira/secure/viewavatar?size=xsmall&amp;avatarId=21133&amp;avatarType=issuetype">Bug</type>
                                            <priority id="4" iconUrl="https://issues.apache.org/jira/images/icons/priorities/minor.svg">Minor</priority>
                        <status id="6" iconUrl="https://issues.apache.org/jira/images/icons/statuses/closed.png" description="The issue is considered finished, the resolution is correct. Issues which are not closed can be reopened.">Closed</status>
                    <statusCategory id="3" key="done" colorName="green" />
                                    <resolution id="5">Cannot Reproduce</resolution>
                                        <assignee username="-1">Unassigned</assignee>
                                    <reporter username="PiotrDusik">Piotr Dusik</reporter>
                        <labels>
                    </labels>
                <created>Wed, 21 Oct 2015 09:41:26 +0000</created>
                <updated>Wed, 17 Feb 2016 11:59:04 +0000</updated>
                            <resolved>Wed, 17 Feb 2016 11:59:04 +0000</resolved>
                                    <version>3.3.3</version>
                                                        <due />
                            <votes>1</votes>
                                    <watches>4</watches>
                                                                <comments>
                            <comment id="15128910" author="schulte77" created="Tue, 2 Feb 2016 19:59:10 +0000">&lt;p&gt;Can you please provide a self-contained example project.&lt;/p&gt;

&lt;div class="code panel" style="border-width: 1px;"&gt;&lt;div class="codeContent panelContent"&gt;
&lt;pre class="code-java"&gt;[FATAL] Non-resolvable parent POM &lt;span class="code-keyword"&gt;for&lt;/span&gt; com.company.project.submodule:submodule:1.0.0-SNAPSHOT: Could not find artifact com.company.project:apps:pom:x.y.0-SNAPSHOT and &lt;span class="code-quote"&gt;'parent.relativePath'&lt;/span&gt; points at wrong local POM @ line 6, column 13
&lt;/pre&gt;
&lt;/div&gt;&lt;/div&gt;</comment>
                    </comments>
                    <attachments>
                    </attachments>
                <subtasks>
                    </subtasks>
                <customfields>
                                                                                                                                                                                                                                                                                                                                                                                                                                                                                                                                                                                                                                                                                                                    <customfield id="customfield_12314020" key="com.atlassian.jira.plugins.jira-development-integration-plugin:devsummary">
                        <customfieldname>Development</customfieldname>
                        <customfieldvalues>
                            
                        </customfieldvalues>
                    </customfield>
                                                                                                                        <customfield id="customfield_12313422" key="com.atlassian.jirafisheyeplugin:jobcheckbox">
                        <customfieldname>Enable Automatic Patch Review</customfieldname>
                        <customfieldvalues>
                            <customfieldvalue>false</customfieldvalue>

                        </customfieldvalues>
                    </customfield>
                                                                                                                                                                                                                                                                                                                                                                                                                                                                                                                                                                                                                    <customfield id="customfield_12310420" key="com.pyxis.greenhopper.jira:gh-global-rank">
                        <customfieldname>Global Rank</customfieldname>
                        <customfieldvalues>
                            <customfieldvalue>9223372036854775807</customfieldvalue>
                        </customfieldvalues>
                    </customfield>
                                                                                                                                                                                                                                                                                                                                                                                                                                                                        <customfield id="customfield_12311820" key="com.pyxis.greenhopper.jira:gh-lexo-rank">
                        <customfieldname>Rank</customfieldname>
                        <customfieldvalues>
                            <customfieldvalue>0|i2na13:</customfieldvalue>

                        </customfieldvalues>
                    </customfield>
                                                                <customfield id="customfield_12310920" key="com.pyxis.greenhopper.jira:gh-global-rank">
                        <customfieldname>Rank (Obsolete)</customfieldname>
                        <customfieldvalues>
                            <customfieldvalue>9223372036854775807</customfieldvalue>
                        </customfieldvalues>
                    </customfield>
                                                                                                                                                                                                                                                                                                                                                                                                                                                                                                                                                                                                                                                                                                                                                                                            </customfields>
    </item>


</channel>
</rss>