<rss version="0.92">
    <channel>
        <title>ASF JIRA</title>
        <link>https://issues.apache.org/jira/issues/?jql=project+%3D+MNG+and+type+%3D+bug+and+%28status+%3D+RESOLVED+or+status+%3D+closed%29</link>
        <description>An XML representation of a search request</description>
                <language>en-uk</language>
                        <issue start="0" end="1000" total="3303" />
                <build-info>
            <version>8.20.7</version>
            <build-number>820007</build-number>
            <build-date>16-03-2022</build-date>
        </build-info>

<item>
            <title>[MNG-5817] Maven 3.3, gradle-maven-plugin fails missing class org/slf4j/impl/NewMojoLogger</title>
                <link>https://issues.apache.org/jira/browse/MNG-5817</link>
                <project id="12316922" key="MNG">Maven</project>
                    <description>&lt;p&gt;This works with 3.2.5, but fails with 3.3.1 and 3.3.3.&lt;/p&gt;

&lt;p&gt;Error output including stacktrace below.&lt;/p&gt;

&lt;div class="preformatted panel" style="border-width: 1px;"&gt;&lt;div class="preformattedContent panelContent"&gt;
&lt;pre&gt;[INFO] Error stacktraces are turned on.
[INFO] Scanning for projects...
[INFO]
[INFO] ------------------------------------------------------------------------
[INFO] Building platform.prodenv 7.3.0.0-SNAPSHOT
[INFO] ------------------------------------------------------------------------
[INFO]
[INFO] --- maven-clean-plugin:2.5:clean (default-clean) @ platform.prodenv ---
[INFO]
[INFO] --- gradle-maven-plugin:1.0.5:invoke (clean) @ platform.prodenv ---
[INFO] ------------------------------------------------------------------------
[INFO] BUILD FAILURE
[INFO] ------------------------------------------------------------------------
[INFO] Total time: 0.441 s
[INFO] Finished at: 2015-04-29T13:58:11-05:00
[INFO] Final Memory: 10M/310M
[INFO] ------------------------------------------------------------------------
[ERROR] Failed to execute goal org.fortasoft:gradle-maven-plugin:1.0.5:invoke (clean) on project platform.prodenv: Execution clean of goal org.fortasoft:gradle-maven-plugin:1.0.5:invoke failed: A required class was missing while executing org.fortasoft:gradle-maven-plugin:1.0.5:invoke: org/slf4j/impl/NewMojoLogger
[ERROR] -----------------------------------------------------
[ERROR] realm =    plugin&amp;gt;org.fortasoft:gradle-maven-plugin:1.0.5
[ERROR] strategy = org.codehaus.plexus.classworlds.strategy.SelfFirstStrategy
[ERROR] urls[0] = file:/Users/jdivine/.m2/repository/org/fortasoft/gradle-maven-plugin/1.0.5/gradle-maven-plugin-1.0.5.jar
[ERROR] urls[1] = file:/Users/jdivine/.m2/repository/org/gradle/gradle-tooling-api/1.6/gradle-tooling-api-1.6.jar
[ERROR] urls[2] = file:/Users/jdivine/.m2/repository/org/codehaus/groovy/groovy-all/2.0.6/groovy-all-2.0.6.jar
[ERROR] urls[3] = file:/Users/jdivine/.m2/repository/org/codehaus/plexus/plexus-utils/1.1/plexus-utils-1.1.jar
[ERROR] Number of foreign imports: 1
[ERROR] import: Entry[import  from realm ClassRealm[maven.api, parent: null]]
[ERROR]
[ERROR] -----------------------------------------------------
[ERROR] -&amp;gt; [Help 1]
org.apache.maven.lifecycle.LifecycleExecutionException: Failed to execute goal org.fortasoft:gradle-maven-plugin:1.0.5:invoke (clean) on project platform.prodenv: Execution clean of goal org.fortasoft:gradle-maven-plugin:1.0.5:invoke failed: A required class was missing while executing org.fortasoft:gradle-maven-plugin:1.0.5:invoke: org/slf4j/impl/NewMojoLogger
-----------------------------------------------------
realm =    plugin&amp;gt;org.fortasoft:gradle-maven-plugin:1.0.5
strategy = org.codehaus.plexus.classworlds.strategy.SelfFirstStrategy
urls[0] = file:/Users/jdivine/.m2/repository/org/fortasoft/gradle-maven-plugin/1.0.5/gradle-maven-plugin-1.0.5.jar
urls[1] = file:/Users/jdivine/.m2/repository/org/gradle/gradle-tooling-api/1.6/gradle-tooling-api-1.6.jar
urls[2] = file:/Users/jdivine/.m2/repository/org/codehaus/groovy/groovy-all/2.0.6/groovy-all-2.0.6.jar
urls[3] = file:/Users/jdivine/.m2/repository/org/codehaus/plexus/plexus-utils/1.1/plexus-utils-1.1.jar
Number of foreign imports: 1
import: Entry[import  from realm ClassRealm[maven.api, parent: null]]

-----------------------------------------------------

	at org.apache.maven.lifecycle.internal.MojoExecutor.execute(MojoExecutor.java:224)
	at org.apache.maven.lifecycle.internal.MojoExecutor.execute(MojoExecutor.java:153)
	at org.apache.maven.lifecycle.internal.MojoExecutor.execute(MojoExecutor.java:145)
	at org.apache.maven.lifecycle.internal.LifecycleModuleBuilder.buildProject(LifecycleModuleBuilder.java:116)
	at org.apache.maven.lifecycle.internal.LifecycleModuleBuilder.buildProject(LifecycleModuleBuilder.java:80)
	at org.apache.maven.lifecycle.internal.builder.singlethreaded.SingleThreadedBuilder.build(SingleThreadedBuilder.java:51)
	at org.apache.maven.lifecycle.internal.LifecycleStarter.execute(LifecycleStarter.java:128)
	at org.apache.maven.DefaultMaven.doExecute(DefaultMaven.java:307)
	at org.apache.maven.DefaultMaven.doExecute(DefaultMaven.java:193)
	at org.apache.maven.DefaultMaven.execute(DefaultMaven.java:106)
	at org.apache.maven.cli.MavenCli.execute(MavenCli.java:862)
	at org.apache.maven.cli.MavenCli.doMain(MavenCli.java:286)
	at org.apache.maven.cli.MavenCli.main(MavenCli.java:197)
	at sun.reflect.NativeMethodAccessorImpl.invoke0(Native Method)
	at sun.reflect.NativeMethodAccessorImpl.invoke(NativeMethodAccessorImpl.java:57)
	at sun.reflect.DelegatingMethodAccessorImpl.invoke(DelegatingMethodAccessorImpl.java:43)
	at java.lang.reflect.Method.invoke(Method.java:606)
	at org.codehaus.plexus.classworlds.launcher.Launcher.launchEnhanced(Launcher.java:289)
	at org.codehaus.plexus.classworlds.launcher.Launcher.launch(Launcher.java:229)
	at org.codehaus.plexus.classworlds.launcher.Launcher.mainWithExitCode(Launcher.java:415)
	at org.codehaus.plexus.classworlds.launcher.Launcher.main(Launcher.java:356)
Caused by: org.apache.maven.plugin.PluginExecutionException: Execution clean of goal org.fortasoft:gradle-maven-plugin:1.0.5:invoke failed: A required class was missing while executing org.fortasoft:gradle-maven-plugin:1.0.5:invoke: org/slf4j/impl/NewMojoLogger
-----------------------------------------------------
realm =    plugin&amp;gt;org.fortasoft:gradle-maven-plugin:1.0.5
strategy = org.codehaus.plexus.classworlds.strategy.SelfFirstStrategy
urls[0] = file:/Users/jdivine/.m2/repository/org/fortasoft/gradle-maven-plugin/1.0.5/gradle-maven-plugin-1.0.5.jar
urls[1] = file:/Users/jdivine/.m2/repository/org/gradle/gradle-tooling-api/1.6/gradle-tooling-api-1.6.jar
urls[2] = file:/Users/jdivine/.m2/repository/org/codehaus/groovy/groovy-all/2.0.6/groovy-all-2.0.6.jar
urls[3] = file:/Users/jdivine/.m2/repository/org/codehaus/plexus/plexus-utils/1.1/plexus-utils-1.1.jar
Number of foreign imports: 1
import: Entry[import  from realm ClassRealm[maven.api, parent: null]]

-----------------------------------------------------

	at org.apache.maven.plugin.DefaultBuildPluginManager.executeMojo(DefaultBuildPluginManager.java:168)
	at org.apache.maven.lifecycle.internal.MojoExecutor.execute(MojoExecutor.java:208)
	... 20 more
Caused by: org.apache.maven.plugin.PluginContainerException: A required class was missing while executing org.fortasoft:gradle-maven-plugin:1.0.5:invoke: org/slf4j/impl/NewMojoLogger
-----------------------------------------------------
realm =    plugin&amp;gt;org.fortasoft:gradle-maven-plugin:1.0.5
strategy = org.codehaus.plexus.classworlds.strategy.SelfFirstStrategy
urls[0] = file:/Users/jdivine/.m2/repository/org/fortasoft/gradle-maven-plugin/1.0.5/gradle-maven-plugin-1.0.5.jar
urls[1] = file:/Users/jdivine/.m2/repository/org/gradle/gradle-tooling-api/1.6/gradle-tooling-api-1.6.jar
urls[2] = file:/Users/jdivine/.m2/repository/org/codehaus/groovy/groovy-all/2.0.6/groovy-all-2.0.6.jar
urls[3] = file:/Users/jdivine/.m2/repository/org/codehaus/plexus/plexus-utils/1.1/plexus-utils-1.1.jar
Number of foreign imports: 1
import: Entry[import  from realm ClassRealm[maven.api, parent: null]]

-----------------------------------------------------

	at org.apache.maven.plugin.DefaultBuildPluginManager.executeMojo(DefaultBuildPluginManager.java:166)
	... 21 more
Caused by: java.lang.NoClassDefFoundError: org/slf4j/impl/NewMojoLogger
	at org.fortasoft.maven.plugin.gradle.GradleMojo.execute(GradleMojo.java:275)
	at org.apache.maven.plugin.DefaultBuildPluginManager.executeMojo(DefaultBuildPluginManager.java:134)
	... 21 more
[ERROR]
[ERROR] Re-run Maven using the -X switch to enable full debug logging.
[ERROR]
[ERROR] For more information about the errors and possible solutions, please read the following articles:
[ERROR] [Help 1] http://cwiki.apache.org/confluence/display/MAVEN/PluginContainerException
&lt;/pre&gt;
&lt;/div&gt;&lt;/div&gt;</description>
                <environment />
        <key id="12826062">MNG-5817</key>
            <summary>Maven 3.3, gradle-maven-plugin fails missing class org/slf4j/impl/NewMojoLogger</summary>
                <type id="1" iconUrl="https://issues.apache.org/jira/secure/viewavatar?size=xsmall&amp;avatarId=21133&amp;avatarType=issuetype">Bug</type>
                                            <priority id="3" iconUrl="https://issues.apache.org/jira/images/icons/priorities/major.svg">Major</priority>
                        <status id="6" iconUrl="https://issues.apache.org/jira/images/icons/statuses/closed.png" description="The issue is considered finished, the resolution is correct. Issues which are not closed can be reopened.">Closed</status>
                    <statusCategory id="3" key="done" colorName="green" />
                                    <resolution id="2">Won't Fix</resolution>
                                        <assignee username="-1">Unassigned</assignee>
                                    <reporter username="jdivine">Jim Divine</reporter>
                        <labels>
                    </labels>
                <created>Wed, 29 Apr 2015 19:03:23 +0000</created>
                <updated>Fri, 4 Jan 2019 21:43:09 +0000</updated>
                            <resolved>Fri, 4 Jan 2019 21:43:09 +0000</resolved>
                                    <version>3.3.1</version>
                    <version>3.3.3</version>
                                                    <component>Class Loading</component>
                        <due />
                            <votes>2</votes>
                                    <watches>8</watches>
                                                                <comments>
                            <comment id="14966713" author="amil" created="Wed, 21 Oct 2015 12:13:17 +0000">&lt;p&gt;Same error here (maven 3.3.3 and gradle-maven-plugin 1.0.5 on osx).&lt;/p&gt;</comment>
                            <comment id="15168163" author="schulte77" created="Fri, 26 Feb 2016 00:19:21 +0000">&lt;p&gt;Can you please test this issue also exists in a recent &lt;a href="https://builds.apache.org/view/All/job/maven-3.3-release-status-build/" class="external-link" target="_blank" rel="nofollow noopener"&gt;3.4.0-SNAPSHOT&lt;/a&gt;? Thanks.&lt;/p&gt;</comment>
                            <comment id="16734598" author="slachiewicz" created="Fri, 4 Jan 2019 21:41:38 +0000">&lt;p&gt;This issue has been auto closed because it has been inactive for a long period of time. If you think this issue still applies, retest your problem with the most recent version of Maven and the affected component, reopen and post your results.&lt;/p&gt;</comment>
                    </comments>
                <issuelinks>
                            <issuelinktype id="10030">
                    <name>Reference</name>
                                                                <inwardlinks description="is related to">
                                        <issuelink>
            <issuekey id="12797281">MNG-5783</issuekey>
        </issuelink>
            <issuelink>
            <issuekey id="12970339">MNG-6024</issuekey>
        </issuelink>
                            </inwardlinks>
                                    </issuelinktype>
                    </issuelinks>
                <attachments>
                    </attachments>
                <subtasks>
                    </subtasks>
                <customfields>
                                                                                                                                                                                                                                                                                                                                                                                                                                                                                                                                                                                                                                                                                                                    <customfield id="customfield_12314020" key="com.atlassian.jira.plugins.jira-development-integration-plugin:devsummary">
                        <customfieldname>Development</customfieldname>
                        <customfieldvalues>
                            
                        </customfieldvalues>
                    </customfield>
                                                                                                                        <customfield id="customfield_12313422" key="com.atlassian.jirafisheyeplugin:jobcheckbox">
                        <customfieldname>Enable Automatic Patch Review</customfieldname>
                        <customfieldvalues>
                            <customfieldvalue>false</customfieldvalue>

                        </customfieldvalues>
                    </customfield>
                                                                                                                                                                                                                                                                                                                                                                                                                                                                                                                                                                                                                    <customfield id="customfield_12310420" key="com.pyxis.greenhopper.jira:gh-global-rank">
                        <customfieldname>Global Rank</customfieldname>
                        <customfieldvalues>
                            <customfieldvalue>9223372036854775807</customfieldvalue>
                        </customfieldvalues>
                    </customfield>
                                                                                                                                                                                                                                                                                                                                                                                                                                                                        <customfield id="customfield_12311820" key="com.pyxis.greenhopper.jira:gh-lexo-rank">
                        <customfieldname>Rank</customfieldname>
                        <customfieldvalues>
                            <customfieldvalue>0|i2e3lz:</customfieldvalue>

                        </customfieldvalues>
                    </customfield>
                                                                <customfield id="customfield_12310920" key="com.pyxis.greenhopper.jira:gh-global-rank">
                        <customfieldname>Rank (Obsolete)</customfieldname>
                        <customfieldvalues>
                            <customfieldvalue>9223372036854775807</customfieldvalue>
                        </customfieldvalues>
                    </customfield>
                                                                                                                                                                                                                                                                                                                                                                                                                                                                                                                                                                                                                                                                                                                                                                                            </customfields>
    </item>


</channel>
</rss>