<rss version="0.92">
    <channel>
        <title>ASF JIRA</title>
        <link>https://issues.apache.org/jira/issues/?jql=project+%3D+MNG+and+type+%3D+bug+and+%28status+%3D+RESOLVED+or+status+%3D+closed%29</link>
        <description>An XML representation of a search request</description>
                <language>en-uk</language>
                        <issue start="0" end="1000" total="3303" />
                <build-info>
            <version>8.20.7</version>
            <build-number>820007</build-number>
            <build-date>16-03-2022</build-date>
        </build-info>

<item>
            <title>[MNG-5590] ${basedir} and ${project.basedir} do not behave the same on file-based profile activation</title>
                <link>https://issues.apache.org/jira/browse/MNG-5590</link>
                <project id="12316922" key="MNG">Maven</project>
                    <description>&lt;p&gt;According to &lt;a href="http://maven.apache.org/ref/3.1.1/maven-model-builder/" class="external-link" target="_blank" rel="nofollow noopener"&gt;http://maven.apache.org/ref/3.1.1/maven-model-builder/&lt;/a&gt;, the ${basedir} property is deprecated and replaced by ${project.basedir}. However the two are not the same. Consider the attached pom. &lt;/p&gt;

&lt;p&gt;When using ${basedir}/pom.xml in profile activation, running "help:active-profiles" will list &lt;/p&gt;

&lt;ul class="alternate" type="square"&gt;
	&lt;li&gt;profile-test (source: pom)&lt;/li&gt;
&lt;/ul&gt;


&lt;p&gt;When using ${project.basedir}/pom.xml, it will not list the profile as activated.&lt;/p&gt;

&lt;p&gt;It seems that the ${project.&amp;lt;xxx&amp;gt;} properties get set after profile activation and evaluation (which makes sense because the profiles might affect these values), but profile activation requires them to be set before that has happened. &lt;/p&gt;
</description>
                <environment />
        <key id="12796269">MNG-5590</key>
            <summary>${basedir} and ${project.basedir} do not behave the same on file-based profile activation</summary>
                <type id="1" iconUrl="https://issues.apache.org/jira/secure/viewavatar?size=xsmall&amp;avatarId=21133&amp;avatarType=issuetype">Bug</type>
                                            <priority id="3" iconUrl="https://issues.apache.org/jira/images/icons/priorities/major.svg">Major</priority>
                        <status id="6" iconUrl="https://issues.apache.org/jira/images/icons/statuses/closed.png" description="The issue is considered finished, the resolution is correct. Issues which are not closed can be reopened.">Closed</status>
                    <statusCategory id="3" key="done" colorName="green" />
                                    <resolution id="1">Fixed</resolution>
                                        <assignee username="hboutemy">Herve Boutemy</assignee>
                                    <reporter username="hgschmie">Henning Schmiedehausen</reporter>
                        <labels>
                    </labels>
                <created>Fri, 14 Feb 2014 22:23:16 +0000</created>
                <updated>Thu, 6 Jan 2022 17:29:52 +0000</updated>
                            <resolved>Sun, 23 Mar 2014 10:38:02 +0000</resolved>
                                    <version>3.0.5</version>
                    <version>3.1.1</version>
                    <version>3.2.1</version>
                                    <fixVersion>3.2.2</fixVersion>
                                        <due />
                            <votes>0</votes>
                                    <watches>4</watches>
                                                                <comments>
                            <comment id="14419253" author="hgschmie" created="Fri, 14 Feb 2014 22:24:05 +0000">&lt;p&gt;pom with profile activation.&lt;/p&gt;</comment>
                            <comment id="14419472" author="hboutemy" created="Sun, 23 Mar 2014 10:38:02 +0000">&lt;p&gt;documentation improved in &lt;a href="http://git-wip-us.apache.org/repos/asf/maven/commit/3c7744a9" class="external-link" target="_blank" rel="nofollow noopener"&gt;3c7744a9&lt;/a&gt;&lt;/p&gt;</comment>
                            <comment id="17069512" author="hudson" created="Sat, 28 Mar 2020 14:57:30 +0000">&lt;p&gt;Build failed in Jenkins: Maven TLP &#187; maven-studies &#187; maven-metrics #4&lt;/p&gt;

&lt;p&gt;See &lt;a href="https://builds.apache.org/job/maven-box/job/maven-studies/job/maven-metrics/4/" class="external-link" target="_blank" rel="nofollow noopener"&gt;https://builds.apache.org/job/maven-box/job/maven-studies/job/maven-metrics/4/&lt;/a&gt;&lt;/p&gt;</comment>
                    </comments>
                <issuelinks>
                            <issuelinktype id="12310000">
                    <name>Duplicate</name>
                                            <outwardlinks description="duplicates">
                                        <issuelink>
            <issuekey id="12796967">MNG-5516</issuekey>
        </issuelink>
                            </outwardlinks>
                                                        </issuelinktype>
                            <issuelinktype id="12310260">
                    <name>Related</name>
                                            <outwardlinks description="relates to">
                                        <issuelink>
            <issuekey id="12796179">MNG-5608</issuekey>
        </issuelink>
                            </outwardlinks>
                                                        </issuelinktype>
                    </issuelinks>
                <attachments>
                            <attachment id="12713126" name="pom.xml" size="659" author="hgschmie" created="Fri, 14 Feb 2014 22:24:05 +0000" />
                    </attachments>
                <subtasks>
                    </subtasks>
                <customfields>
                                                                                                                                                                                                                                                                                                                                                                                                                                                                                                                                                                                                                                                                                                                    <customfield id="customfield_12314020" key="com.atlassian.jira.plugins.jira-development-integration-plugin:devsummary">
                        <customfieldname>Development</customfieldname>
                        <customfieldvalues>
                            
                        </customfieldvalues>
                    </customfield>
                                                                                                                        <customfield id="customfield_12313422" key="com.atlassian.jirafisheyeplugin:jobcheckbox">
                        <customfieldname>Enable Automatic Patch Review</customfieldname>
                        <customfieldvalues>
                            <customfieldvalue>false</customfieldvalue>

                        </customfieldvalues>
                    </customfield>
                                                                                                                                                                                                                                                                                                                                                                                                                                                                                                                                                                                                                    <customfield id="customfield_12310420" key="com.pyxis.greenhopper.jira:gh-global-rank">
                        <customfieldname>Global Rank</customfieldname>
                        <customfieldvalues>
                            <customfieldvalue>9223372036854775807</customfieldvalue>
                        </customfieldvalues>
                    </customfield>
                                                                                                                                                                                                                                                                                                                                                                                                                                                                        <customfield id="customfield_12311820" key="com.pyxis.greenhopper.jira:gh-lexo-rank">
                        <customfieldname>Rank</customfieldname>
                        <customfieldvalues>
                            <customfieldvalue>0|i28tbz:</customfieldvalue>

                        </customfieldvalues>
                    </customfield>
                                                                <customfield id="customfield_12310920" key="com.pyxis.greenhopper.jira:gh-global-rank">
                        <customfieldname>Rank (Obsolete)</customfieldname>
                        <customfieldvalues>
                            <customfieldvalue>9223372036854775807</customfieldvalue>
                        </customfieldvalues>
                    </customfield>
                                                                                                                                                                                                                                                                                                                                                                                                                                                                                                                                                                                                                                                                                                                                                                                            </customfields>
    </item>


</channel>
</rss>