<rss version="0.92">
    <channel>
        <title>ASF JIRA</title>
        <link>https://issues.apache.org/jira/issues/?jql=project+%3D+MNG+and+type+%3D+bug+and+%28status+%3D+RESOLVED+or+status+%3D+closed%29</link>
        <description>An XML representation of a search request</description>
                <language>en-uk</language>
                        <issue start="0" end="1000" total="3303" />
                <build-info>
            <version>8.20.7</version>
            <build-number>820007</build-number>
            <build-date>16-03-2022</build-date>
        </build-info>

<item>
            <title>[MNG-5415] Duplicate dependency with property causes the build to fail</title>
                <link>https://issues.apache.org/jira/browse/MNG-5415</link>
                <project id="12316922" key="MNG">Maven</project>
                    <description>&lt;p&gt;The following excerpt from a &lt;em&gt;pom.xml&lt;/em&gt; file causes just about any maven command (e.g. &lt;tt&gt;mvn package&lt;/tt&gt;) to fail with the error &lt;em&gt;'dependencies.dependency.version' for junit:junit:jar is missing&lt;/em&gt;:&lt;/p&gt;

&lt;div class="code panel" style="border-width: 1px;"&gt;&lt;div class="codeContent panelContent"&gt;
&lt;pre class="code-java"&gt;&amp;lt;properties&amp;gt;
    &amp;lt;my.type&amp;gt;jar&amp;lt;/my.type&amp;gt;
    &amp;lt;my.other.type&amp;gt;jar&amp;lt;/my.other.type&amp;gt;
&amp;lt;/properties&amp;gt;

&amp;lt;dependencyManagement&amp;gt;
    &amp;lt;dependencies&amp;gt;
        &amp;lt;dependency&amp;gt;
            &amp;lt;groupId&amp;gt;junit&amp;lt;/groupId&amp;gt;
            &amp;lt;artifactId&amp;gt;junit&amp;lt;/artifactId&amp;gt;
            &amp;lt;version&amp;gt;4.10&amp;lt;/version&amp;gt;
            &amp;lt;type&amp;gt;${my.type}&amp;lt;/type&amp;gt;
        &amp;lt;/dependency&amp;gt;
        &amp;lt;dependency&amp;gt;
            &amp;lt;artifactId&amp;gt;junit&amp;lt;/artifactId&amp;gt;
            &amp;lt;groupId&amp;gt;junit&amp;lt;/groupId&amp;gt;
            &amp;lt;version&amp;gt;4.10&amp;lt;/version&amp;gt;
            &amp;lt;type&amp;gt;${my.other.type}&amp;lt;/type&amp;gt;
        &amp;lt;/dependency&amp;gt;
    &amp;lt;/dependencies&amp;gt;
&amp;lt;/dependencyManagement&amp;gt;

&amp;lt;dependencies&amp;gt;
    &amp;lt;dependency&amp;gt;
        &amp;lt;artifactId&amp;gt;junit&amp;lt;/artifactId&amp;gt;
        &amp;lt;groupId&amp;gt;junit&amp;lt;/groupId&amp;gt;
        &amp;lt;type&amp;gt;${my.type}&amp;lt;/type&amp;gt;
    &amp;lt;/dependency&amp;gt;
    &amp;lt;dependency&amp;gt;
        &amp;lt;artifactId&amp;gt;junit&amp;lt;/artifactId&amp;gt;
        &amp;lt;groupId&amp;gt;junit&amp;lt;/groupId&amp;gt;
        &amp;lt;type&amp;gt;${my.other.type}&amp;lt;/type&amp;gt;
        &amp;lt;optional&amp;gt;&lt;span class="code-keyword"&gt;true&lt;/span&gt;&amp;lt;/optional&amp;gt;
    &amp;lt;/dependency&amp;gt;
&amp;lt;/dependencies&amp;gt;
&lt;/pre&gt;
&lt;/div&gt;&lt;/div&gt;

&lt;p&gt;If the string &lt;em&gt;jar&lt;/em&gt; is used instead of the properties, the build succeeds with warnings.&lt;/p&gt;

&lt;p&gt;A SSCCE is attached. Running the command &lt;tt&gt;mvn validate&lt;/tt&gt; inside the &lt;em&gt;my-app&lt;/em&gt;-folder should show the symptom.&lt;/p&gt;</description>
                <environment>$ mvn -version&lt;br/&gt;
Apache Maven 3.0.3 (r1075438; 2011-02-28 18:31:09+0100)&lt;br/&gt;
Maven home: /usr/share/maven&lt;br/&gt;
Java version: 1.7.0_09, vendor: Oracle Corporation&lt;br/&gt;
Java home: /Library/Java/JavaVirtualMachines/jdk1.7.0_09.jdk/Contents/Home/jre&lt;br/&gt;
Default locale: en_US, platform encoding: UTF-8&lt;br/&gt;
OS name: &amp;quot;mac os x&amp;quot;, version: &amp;quot;10.8.2&amp;quot;, arch: &amp;quot;x86_64&amp;quot;, family: &amp;quot;mac&amp;quot;</environment>
        <key id="12796122">MNG-5415</key>
            <summary>Duplicate dependency with property causes the build to fail</summary>
                <type id="1" iconUrl="https://issues.apache.org/jira/secure/viewavatar?size=xsmall&amp;avatarId=21133&amp;avatarType=issuetype">Bug</type>
                                            <priority id="3" iconUrl="https://issues.apache.org/jira/images/icons/priorities/major.svg">Major</priority>
                        <status id="6" iconUrl="https://issues.apache.org/jira/images/icons/statuses/closed.png" description="The issue is considered finished, the resolution is correct. Issues which are not closed can be reopened.">Closed</status>
                    <statusCategory id="3" key="done" colorName="green" />
                                    <resolution id="2">Won't Fix</resolution>
                                        <assignee username="-1">Unassigned</assignee>
                                    <reporter username="tkill">Tarje Killingberg</reporter>
                        <labels>
                            <label>close-pending</label>
                    </labels>
                <created>Thu, 20 Dec 2012 06:12:06 +0000</created>
                <updated>Mon, 23 Dec 2019 11:46:27 +0000</updated>
                            <resolved>Mon, 23 Dec 2019 11:46:22 +0000</resolved>
                                    <version>3.0.3</version>
                    <version>3.0.4</version>
                                                    <component>Plugins and Lifecycle</component>
                        <due />
                            <votes>0</votes>
                                    <watches>3</watches>
                                                                <comments>
                            <comment id="14418124" author="tkill" created="Wed, 22 May 2013 04:24:51 +0000">&lt;p&gt;Issue is also present in 3.0.5 and 2.2.1.&lt;/p&gt;</comment>
                            <comment id="14952053" author="michael-o" created="Sat, 10 Oct 2015 20:57:53 +0000">&lt;p&gt;I have tested this with 3.3.7-SNAPSHOT and here are my results: During the build, the POM is read, validator runs, interpolation is applied and dependencies are merged. The actually problem is that if you have &lt;tt&gt;$&amp;#x7b;my.type&amp;#x7d;&lt;/tt&gt;, the validator operates on a static model. Passes this through interpolation and models are merged. Now during that all dependencies pass through a map where the key is &lt;tt&gt;groupId:artifactId:type:classifier&lt;/tt&gt; &lt;tt&gt;optional&lt;/tt&gt; is not relevant. Since both deps have the same key, the last one wins and the first has no version set. You lose. If you use literals, both dependencies are merged because they have the same IDs (&lt;tt&gt;mergeDuplicates&lt;/tt&gt;). You lose too.&lt;/p&gt;

&lt;p&gt;You have found a corner case. What do you expect to happen here? &lt;tt&gt;optional&lt;/tt&gt; does not qualify the dependency itself.&lt;/p&gt;</comment>
                            <comment id="17002224" author="elharo" created="Mon, 23 Dec 2019 11:46:22 +0000">&lt;p&gt;sounds like we can't fix this one&lt;/p&gt;</comment>
                    </comments>
                    <attachments>
                            <attachment id="12712755" name="my-app.zip" size="3611" author="tkill" created="Thu, 20 Dec 2012 06:12:06 +0000" />
                    </attachments>
                <subtasks>
                    </subtasks>
                <customfields>
                                                                                                                                                                                                                                                                                                                                                                                                                                                                                                                                                                                                                                                                                                                    <customfield id="customfield_12314020" key="com.atlassian.jira.plugins.jira-development-integration-plugin:devsummary">
                        <customfieldname>Development</customfieldname>
                        <customfieldvalues>
                            
                        </customfieldvalues>
                    </customfield>
                                                                                                                        <customfield id="customfield_12313422" key="com.atlassian.jirafisheyeplugin:jobcheckbox">
                        <customfieldname>Enable Automatic Patch Review</customfieldname>
                        <customfieldvalues>
                            <customfieldvalue>false</customfieldvalue>

                        </customfieldvalues>
                    </customfield>
                                                                                                                                                                                                                                                                                                                                                                                                                                                                                                                                                                                                                    <customfield id="customfield_12310420" key="com.pyxis.greenhopper.jira:gh-global-rank">
                        <customfieldname>Global Rank</customfieldname>
                        <customfieldvalues>
                            <customfieldvalue>9223372036854775807</customfieldvalue>
                        </customfieldvalues>
                    </customfield>
                                                                                                                                                                                                                                                                                                                                                                                                                                                                        <customfield id="customfield_12311820" key="com.pyxis.greenhopper.jira:gh-lexo-rank">
                        <customfieldname>Rank</customfieldname>
                        <customfieldvalues>
                            <customfieldvalue>0|i29cnr:</customfieldvalue>

                        </customfieldvalues>
                    </customfield>
                                                                <customfield id="customfield_12310920" key="com.pyxis.greenhopper.jira:gh-global-rank">
                        <customfieldname>Rank (Obsolete)</customfieldname>
                        <customfieldvalues>
                            <customfieldvalue>9223372036854775807</customfieldvalue>
                        </customfieldvalues>
                    </customfield>
                                                                                                                                                                                                                                                                                                                                                                                                                                                                                                                                                                                                                                                                                                                                                                                            </customfields>
    </item>


</channel>
</rss>