<rss version="0.92">
    <channel>
        <title>ASF JIRA</title>
        <link>https://issues.apache.org/jira/issues/?jql=project+%3D+MNG+and+type+%3D+bug+and+%28status+%3D+RESOLVED+or+status+%3D+closed%29</link>
        <description>An XML representation of a search request</description>
                <language>en-uk</language>
                        <issue start="0" end="1000" total="3303" />
                <build-info>
            <version>8.20.7</version>
            <build-number>820007</build-number>
            <build-date>16-03-2022</build-date>
        </build-info>

<item>
            <title>[MNG-5856] property profile activation fails for non-uppercase env.someThing</title>
                <link>https://issues.apache.org/jira/browse/MNG-5856</link>
                <project id="12316922" key="MNG">Maven</project>
                    <description>&lt;p&gt;I have three profiles. The first, no-ci, is activeByDefault. The other two are bamboo activated by property env.bamboo_buildNumber and jenkins activated by eng.BUILD_NUMBER.  The jenkins profile activates as expected, but bamboo will not activate in either git bash or cmd. Docs suggest Maven normalizes the property name to all uppercase on Windows, but this is apparently not happening. I have tried all-upper, -lower, and mixed case.&lt;/p&gt;

&lt;p&gt;I am using the profiles to configure m-jar-p manifest entries to include build names and numbers, as if they're all in the main configuration, the manifest will include empty keys for whichever build system wasn't used, which might be another bug. Archiver docs suggest missing properties are ignored, but that apparently doesn't extend to unset environment variables.&lt;/p&gt;</description>
                <environment>Windows 7, affects both cmd and git 1.9.5 bash</environment>
        <key id="12844771">MNG-5856</key>
            <summary>property profile activation fails for non-uppercase env.someThing</summary>
                <type id="1" iconUrl="https://issues.apache.org/jira/secure/viewavatar?size=xsmall&amp;avatarId=21133&amp;avatarType=issuetype">Bug</type>
                                            <priority id="3" iconUrl="https://issues.apache.org/jira/images/icons/priorities/major.svg">Major</priority>
                        <status id="6" iconUrl="https://issues.apache.org/jira/images/icons/statuses/closed.png" description="The issue is considered finished, the resolution is correct. Issues which are not closed can be reopened.">Closed</status>
                    <statusCategory id="3" key="done" colorName="green" />
                                    <resolution id="4">Incomplete</resolution>
                                        <assignee username="-1">Unassigned</assignee>
                                    <reporter username="petteyg359">Gordon Pettey</reporter>
                        <labels>
                    </labels>
                <created>Mon, 13 Jul 2015 20:07:59 +0000</created>
                <updated>Wed, 3 Apr 2019 20:18:45 +0000</updated>
                            <resolved>Wed, 3 Apr 2019 20:18:45 +0000</resolved>
                                    <version>3.2.5</version>
                                                        <due />
                            <votes>0</votes>
                                    <watches>3</watches>
                                                                <comments>
                            <comment id="16521572" author="michael-o" created="Sun, 24 Jun 2018 18:46:28 +0000">&lt;p&gt;Is this one still valid? Can you provide a sample project? &lt;/p&gt;</comment>
                            <comment id="16809216" author="michael-o" created="Wed, 3 Apr 2019 20:18:45 +0000">&lt;p&gt;No feedback received.&lt;/p&gt;</comment>
                    </comments>
                    <attachments>
                    </attachments>
                <subtasks>
                    </subtasks>
                <customfields>
                                                                                                                                                                                                                                                                                                                                                                                                                                                                                                                                                                                                                                                                                                                    <customfield id="customfield_12314020" key="com.atlassian.jira.plugins.jira-development-integration-plugin:devsummary">
                        <customfieldname>Development</customfieldname>
                        <customfieldvalues>
                            
                        </customfieldvalues>
                    </customfield>
                                                                                                                        <customfield id="customfield_12313422" key="com.atlassian.jirafisheyeplugin:jobcheckbox">
                        <customfieldname>Enable Automatic Patch Review</customfieldname>
                        <customfieldvalues>
                            <customfieldvalue>false</customfieldvalue>

                        </customfieldvalues>
                    </customfield>
                                                                                                                                                                                                                                                                                                                                                                                                                                                                                                                                                                                                                    <customfield id="customfield_12310420" key="com.pyxis.greenhopper.jira:gh-global-rank">
                        <customfieldname>Global Rank</customfieldname>
                        <customfieldvalues>
                            <customfieldvalue>9223372036854775807</customfieldvalue>
                        </customfieldvalues>
                    </customfield>
                                                                                                                                                                                                                                                                                                                                                                                                                                                                        <customfield id="customfield_12311820" key="com.pyxis.greenhopper.jira:gh-lexo-rank">
                        <customfieldname>Rank</customfieldname>
                        <customfieldvalues>
                            <customfieldvalue>0|i2h7a7:</customfieldvalue>

                        </customfieldvalues>
                    </customfield>
                                                                <customfield id="customfield_12310920" key="com.pyxis.greenhopper.jira:gh-global-rank">
                        <customfieldname>Rank (Obsolete)</customfieldname>
                        <customfieldvalues>
                            <customfieldvalue>9223372036854775807</customfieldvalue>
                        </customfieldvalues>
                    </customfield>
                                                                                                                                                                                                                                                                                                                                                                                                                                                                                                                                                                                                                                                                                                                                                                                            </customfields>
    </item>


</channel>
</rss>