<rss version="0.92">
    <channel>
        <title>ASF JIRA</title>
        <link>https://issues.apache.org/jira/issues/?jql=project+%3D+MNG+and+type+%3D+bug+and+%28status+%3D+RESOLVED+or+status+%3D+closed%29</link>
        <description>An XML representation of a search request</description>
                <language>en-uk</language>
                        <issue start="0" end="1000" total="3303" />
                <build-info>
            <version>8.20.7</version>
            <build-number>820007</build-number>
            <build-date>16-03-2022</build-date>
        </build-info>

<item>
            <title>[MNG-5495] API incompatibility causes Swagger Maven Plugin (and others) to fail under Maven 3.1.0</title>
                <link>https://issues.apache.org/jira/browse/MNG-5495</link>
                <project id="12316922" key="MNG">Maven</project>
                    <description>&lt;div class="code panel" style="border-width: 1px;"&gt;&lt;div class="codeContent panelContent"&gt;
&lt;pre class="code-java"&gt;ERROR] Failed to execute goal com.github.kongchen:swagger-maven-plugin:1.1.1:generate (&lt;span class="code-keyword"&gt;default&lt;/span&gt;) on project maestro-webapp: An API incompatibility was encountered during configuration of mojo com.github.kongchen:swagger-maven-plugin:1.1.1:generate: java.lang.NoSuchMethodError: org.codehaus.plexus.component.configurator.converters.special.ClassRealmConverter.&amp;lt;init&amp;gt;(Lorg/codehaus/classworlds/ClassRealm;)V
[ERROR] -----------------------------------------------------
[ERROR] realm =    plugin&amp;gt;com.github.kongchen:swagger-maven-plugin:1.1.1
[ERROR] strategy = org.codehaus.plexus.classworlds.strategy.SelfFirstStrategy
[ERROR] urls[0] = file:/Users/brett/.m2/repository/com/github/kongchen/swagger-maven-plugin/1.1.1/swagger-maven-plugin-1.1.1.jar
[ERROR] urls[1] = file:/Users/brett/.m2/repository/org/codehaus/plexus/plexus-utils/1.5.15/plexus-utils-1.5.15.jar
&lt;/pre&gt;
&lt;/div&gt;&lt;/div&gt;</description>
                <environment />
        <key id="12796242">MNG-5495</key>
            <summary>API incompatibility causes Swagger Maven Plugin (and others) to fail under Maven 3.1.0</summary>
                <type id="1" iconUrl="https://issues.apache.org/jira/secure/viewavatar?size=xsmall&amp;avatarId=21133&amp;avatarType=issuetype">Bug</type>
                                            <priority id="3" iconUrl="https://issues.apache.org/jira/images/icons/priorities/major.svg">Major</priority>
                        <status id="6" iconUrl="https://issues.apache.org/jira/images/icons/statuses/closed.png" description="The issue is considered finished, the resolution is correct. Issues which are not closed can be reopened.">Closed</status>
                    <statusCategory id="3" key="done" colorName="green" />
                                    <resolution id="1">Fixed</resolution>
                                        <assignee username="jvanzyl">Jason van Zyl</assignee>
                                    <reporter username="brettporter">Brett Porter</reporter>
                        <labels>
                    </labels>
                <created>Thu, 18 Jul 2013 08:43:16 +0000</created>
                <updated>Tue, 7 Apr 2015 12:24:36 +0000</updated>
                            <resolved>Sun, 28 Jul 2013 11:02:43 +0000</resolved>
                                    <version>3.1.0</version>
                                    <fixVersion>3.1.1</fixVersion>
                                        <due />
                            <votes>0</votes>
                                    <watches>5</watches>
                                                                <comments>
                            <comment id="14418253" author="mcculls" created="Thu, 25 Jul 2013 18:51:55 +0000">&lt;p&gt;I've staged milestone 5 of Eclipse-Sisu which contains the fix for this issue:&lt;/p&gt;

&lt;p&gt;   &lt;a href="https://oss.sonatype.org/content/repositories/orgeclipsesisu-1010/org/eclipse/sisu/org.eclipse.sisu.plexus/0.0.0.M5/" class="external-link" target="_blank" rel="nofollow noopener"&gt;https://oss.sonatype.org/content/repositories/orgeclipsesisu-1010/org/eclipse/sisu/org.eclipse.sisu.plexus/0.0.0.M5/&lt;/a&gt;&lt;br/&gt;
   &lt;a href="https://oss.sonatype.org/content/repositories/orgeclipsesisu-1008/org/eclipse/sisu/org.eclipse.sisu.inject/0.0.0.M5/" class="external-link" target="_blank" rel="nofollow noopener"&gt;https://oss.sonatype.org/content/repositories/orgeclipsesisu-1008/org/eclipse/sisu/org.eclipse.sisu.inject/0.0.0.M5/&lt;/a&gt;&lt;/p&gt;

&lt;p&gt;PS. if anyone happens to be using the old Sonatype-Sisu APIs they might also like to try the staged 2.4.2 release:&lt;/p&gt;

&lt;p&gt;   &lt;a href="https://repository.sonatype.org/content/repositories/sonatype_org-1021/org/sonatype/sisu/sisu-inject-plexus/2.4.2/" class="external-link" target="_blank" rel="nofollow noopener"&gt;https://repository.sonatype.org/content/repositories/sonatype_org-1021/org/sonatype/sisu/sisu-inject-plexus/2.4.2/&lt;/a&gt;&lt;br/&gt;
   &lt;a href="https://repository.sonatype.org/content/repositories/sonatype_org-1021/org/sonatype/sisu/sisu-inject-bean/2.4.2/" class="external-link" target="_blank" rel="nofollow noopener"&gt;https://repository.sonatype.org/content/repositories/sonatype_org-1021/org/sonatype/sisu/sisu-inject-bean/2.4.2/&lt;/a&gt;&lt;/p&gt;

&lt;p&gt;this now delegates to Eclipse-Sisu - only a subset of the API is supported, but it should cover all known use-cases.&lt;/p&gt;

&lt;p&gt;Let me know if you spot any problems (sisu-users@eclipse.org) otherwise I'll push this to Central later tomorrow.&lt;/p&gt;</comment>
                            <comment id="14418110" author="jvanzyl" created="Fri, 26 Jul 2013 20:16:03 +0000">&lt;p&gt;Sisu 0.0.0.M5 has been applied to master. Brett, let me know if the issue persists.&lt;/p&gt;</comment>
                            <comment id="14418161" author="hboutemy" created="Sat, 27 Jul 2013 07:06:30 +0000">&lt;p&gt;done in &lt;a href="http://git-wip-us.apache.org/repos/asf/maven/commit/06095041" class="external-link" target="_blank" rel="nofollow noopener"&gt;06095041&lt;/a&gt;&lt;/p&gt;</comment>
                            <comment id="14418218" author="jvanzyl" created="Sun, 28 Jul 2013 11:02:10 +0000">&lt;p&gt;This sample project: &lt;a href="https://github.com/kongchen/swagger-maven-plugin" class="external-link" target="_blank" rel="nofollow noopener"&gt;https://github.com/kongchen/swagger-maven-plugin&lt;/a&gt;&lt;/p&gt;

&lt;p&gt;Now runs correctly under 3.1.1-SNAPSHOT so I consider this issue resolved:&lt;/p&gt;

&lt;p&gt;&amp;lt;code&amp;gt;&lt;br/&gt;
bash-3.2$ mvn clean package&lt;br/&gt;
&lt;span class="error"&gt;&amp;#91;INFO&amp;#93;&lt;/span&gt; Scanning for projects...&lt;br/&gt;
&lt;span class="error"&gt;&amp;#91;INFO&amp;#93;&lt;/span&gt;                                                                         &lt;br/&gt;
&lt;span class="error"&gt;&amp;#91;INFO&amp;#93;&lt;/span&gt; ------------------------------------------------------------------------&lt;br/&gt;
&lt;span class="error"&gt;&amp;#91;INFO&amp;#93;&lt;/span&gt; Building swagger-maven-example 1.0-SNAPSHOT&lt;br/&gt;
&lt;span class="error"&gt;&amp;#91;INFO&amp;#93;&lt;/span&gt; ------------------------------------------------------------------------&lt;br/&gt;
&lt;span class="error"&gt;&amp;#91;INFO&amp;#93;&lt;/span&gt; &lt;br/&gt;
&lt;span class="error"&gt;&amp;#91;INFO&amp;#93;&lt;/span&gt; &amp;#8212; maven-clean-plugin:2.5:clean (default-clean) @ swagger-maven-example &amp;#8212;&lt;br/&gt;
&lt;span class="error"&gt;&amp;#91;INFO&amp;#93;&lt;/span&gt; Deleting /private/tmp/swagger-maven-example/target&lt;br/&gt;
&lt;span class="error"&gt;&amp;#91;INFO&amp;#93;&lt;/span&gt; &lt;br/&gt;
&lt;span class="error"&gt;&amp;#91;INFO&amp;#93;&lt;/span&gt; &amp;#8212; maven-resources-plugin:2.6:resources (default-resources) @ swagger-maven-example &amp;#8212;&lt;br/&gt;
&lt;span class="error"&gt;&amp;#91;WARNING&amp;#93;&lt;/span&gt; Using platform encoding (UTF-8 actually) to copy filtered resources, i.e. build is platform dependent!&lt;br/&gt;
&lt;span class="error"&gt;&amp;#91;INFO&amp;#93;&lt;/span&gt; skip non existing resourceDirectory /private/tmp/swagger-maven-example/src/main/resources&lt;br/&gt;
&lt;span class="error"&gt;&amp;#91;INFO&amp;#93;&lt;/span&gt; &lt;br/&gt;
&lt;span class="error"&gt;&amp;#91;INFO&amp;#93;&lt;/span&gt; &amp;#8212; maven-compiler-plugin:2.3.2:compile (default-compile) @ swagger-maven-example &amp;#8212;&lt;br/&gt;
&lt;span class="error"&gt;&amp;#91;WARNING&amp;#93;&lt;/span&gt; File encoding has not been set, using platform encoding UTF-8, i.e. build is platform dependent!&lt;br/&gt;
&lt;span class="error"&gt;&amp;#91;INFO&amp;#93;&lt;/span&gt; Compiling 5 source files to /private/tmp/swagger-maven-example/target/classes&lt;br/&gt;
&lt;span class="error"&gt;&amp;#91;INFO&amp;#93;&lt;/span&gt; &lt;br/&gt;
&lt;span class="error"&gt;&amp;#91;INFO&amp;#93;&lt;/span&gt; &amp;#8212; maven-antrun-plugin:1.7:run (default) @ swagger-maven-example &amp;#8212;&lt;br/&gt;
&lt;span class="error"&gt;&amp;#91;INFO&amp;#93;&lt;/span&gt; Executing tasks&lt;/p&gt;

&lt;p&gt;get markdown.mustache:&lt;br/&gt;
      &lt;span class="error"&gt;&amp;#91;get&amp;#93;&lt;/span&gt; Getting: &lt;a href="https://raw.github.com/kongchen/api-doc-template/master/v1.1/markdown.mustache" class="external-link" target="_blank" rel="nofollow noopener"&gt;https://raw.github.com/kongchen/api-doc-template/master/v1.1/markdown.mustache&lt;/a&gt;&lt;br/&gt;
      &lt;span class="error"&gt;&amp;#91;get&amp;#93;&lt;/span&gt; To: /private/tmp/swagger-maven-example/markdown.mustache&lt;br/&gt;
&lt;span class="error"&gt;&amp;#91;INFO&amp;#93;&lt;/span&gt; Executed tasks&lt;br/&gt;
&lt;span class="error"&gt;&amp;#91;INFO&amp;#93;&lt;/span&gt; &lt;br/&gt;
&lt;span class="error"&gt;&amp;#91;INFO&amp;#93;&lt;/span&gt; &amp;#8212; swagger-maven-plugin:1.1:generate (default) @ swagger-maven-example &amp;#8212;&lt;br/&gt;
&lt;span class="error"&gt;&amp;#91;INFO&amp;#93;&lt;/span&gt; Reflections took 49 ms to scan 1 urls, producing 3 keys and 9 values &lt;br/&gt;
&lt;span class="error"&gt;&amp;#91;INFO&amp;#93;&lt;/span&gt; Class com.foo.bar.model.Garage is not annotated with a @XmlRootElement annotation, using Garage&lt;br/&gt;
&lt;span class="error"&gt;&amp;#91;INFO&amp;#93;&lt;/span&gt; Class com.foo.bar.model.Garage is not annotated with a @XmlRootElement annotation, using Garage&lt;br/&gt;
&lt;span class="error"&gt;&amp;#91;INFO&amp;#93;&lt;/span&gt; Class com.foo.bar.model.Garage is not annotated with a @XmlRootElement annotation, using Garage&lt;br/&gt;
&lt;span class="error"&gt;&amp;#91;INFO&amp;#93;&lt;/span&gt; Detect Resource:com.foo.bar.api.garage.GarageResourceV1&lt;br/&gt;
&lt;span class="error"&gt;&amp;#91;INFO&amp;#93;&lt;/span&gt; Class com.foo.bar.model.Car is not annotated with a @XmlRootElement annotation, using Car&lt;br/&gt;
&lt;span class="error"&gt;&amp;#91;INFO&amp;#93;&lt;/span&gt; Class com.foo.bar.model.Car is not annotated with a @XmlRootElement annotation, using Car&lt;br/&gt;
&lt;span class="error"&gt;&amp;#91;ERROR&amp;#93;&lt;/span&gt; Unable to load class float&lt;br/&gt;
&lt;span class="error"&gt;&amp;#91;ERROR&amp;#93;&lt;/span&gt; Unable to resolve class float&lt;br/&gt;
&lt;span class="error"&gt;&amp;#91;INFO&amp;#93;&lt;/span&gt; Class com.foo.bar.model.Car is not annotated with a @XmlRootElement annotation, using Car&lt;br/&gt;
&lt;span class="error"&gt;&amp;#91;INFO&amp;#93;&lt;/span&gt; Detect Resource:com.foo.bar.api.car.CarResourceV1&lt;br/&gt;
&lt;span class="error"&gt;&amp;#91;INFO&amp;#93;&lt;/span&gt; Class com.foo.bar.model.Car is not annotated with a @XmlRootElement annotation, using Car&lt;br/&gt;
&lt;span class="error"&gt;&amp;#91;INFO&amp;#93;&lt;/span&gt; Class com.foo.bar.model.Car is not annotated with a @XmlRootElement annotation, using Car&lt;br/&gt;
&lt;span class="error"&gt;&amp;#91;ERROR&amp;#93;&lt;/span&gt; Unable to resolve class float&lt;br/&gt;
&lt;span class="error"&gt;&amp;#91;INFO&amp;#93;&lt;/span&gt; Detect Resource:com.foo.bar.api.car.CarResourceV2&lt;br/&gt;
&lt;span class="error"&gt;&amp;#91;INFO&amp;#93;&lt;/span&gt; Writing doc to generated/strapdown.html...&lt;br/&gt;
&lt;span class="error"&gt;&amp;#91;INFO&amp;#93;&lt;/span&gt; Done!&lt;br/&gt;
&lt;span class="error"&gt;&amp;#91;INFO&amp;#93;&lt;/span&gt; &lt;br/&gt;
&lt;span class="error"&gt;&amp;#91;INFO&amp;#93;&lt;/span&gt; &amp;#8212; maven-resources-plugin:2.6:testResources (default-testResources) @ swagger-maven-example &amp;#8212;&lt;br/&gt;
&lt;span class="error"&gt;&amp;#91;WARNING&amp;#93;&lt;/span&gt; Using platform encoding (UTF-8 actually) to copy filtered resources, i.e. build is platform dependent!&lt;br/&gt;
&lt;span class="error"&gt;&amp;#91;INFO&amp;#93;&lt;/span&gt; skip non existing resourceDirectory /private/tmp/swagger-maven-example/src/test/resources&lt;br/&gt;
&lt;span class="error"&gt;&amp;#91;INFO&amp;#93;&lt;/span&gt; &lt;br/&gt;
&lt;span class="error"&gt;&amp;#91;INFO&amp;#93;&lt;/span&gt; &amp;#8212; maven-compiler-plugin:2.3.2:testCompile (default-testCompile) @ swagger-maven-example &amp;#8212;&lt;br/&gt;
&lt;span class="error"&gt;&amp;#91;INFO&amp;#93;&lt;/span&gt; No sources to compile&lt;br/&gt;
&lt;span class="error"&gt;&amp;#91;INFO&amp;#93;&lt;/span&gt; &lt;br/&gt;
&lt;span class="error"&gt;&amp;#91;INFO&amp;#93;&lt;/span&gt; &amp;#8212; maven-surefire-plugin:2.12.4:test (default-test) @ swagger-maven-example &amp;#8212;&lt;br/&gt;
&lt;span class="error"&gt;&amp;#91;INFO&amp;#93;&lt;/span&gt; No tests to run.&lt;br/&gt;
&lt;span class="error"&gt;&amp;#91;INFO&amp;#93;&lt;/span&gt; &lt;br/&gt;
&lt;span class="error"&gt;&amp;#91;INFO&amp;#93;&lt;/span&gt; &amp;#8212; maven-jar-plugin:2.4:jar (default-jar) @ swagger-maven-example &amp;#8212;&lt;br/&gt;
&lt;span class="error"&gt;&amp;#91;INFO&amp;#93;&lt;/span&gt; Building jar: /private/tmp/swagger-maven-example/target/swagger-maven-example-1.0-SNAPSHOT.jar&lt;br/&gt;
&lt;span class="error"&gt;&amp;#91;INFO&amp;#93;&lt;/span&gt; ------------------------------------------------------------------------&lt;br/&gt;
&lt;span class="error"&gt;&amp;#91;INFO&amp;#93;&lt;/span&gt; BUILD SUCCESS&lt;br/&gt;
&lt;span class="error"&gt;&amp;#91;INFO&amp;#93;&lt;/span&gt; ------------------------------------------------------------------------&lt;br/&gt;
&lt;span class="error"&gt;&amp;#91;INFO&amp;#93;&lt;/span&gt; Total time: 4.251s&lt;br/&gt;
&lt;span class="error"&gt;&amp;#91;INFO&amp;#93;&lt;/span&gt; Finished at: Sun Jul 28 12:00:52 EDT 2013&lt;br/&gt;
&lt;span class="error"&gt;&amp;#91;INFO&amp;#93;&lt;/span&gt; Final Memory: 28M/335M&lt;br/&gt;
&lt;span class="error"&gt;&amp;#91;INFO&amp;#93;&lt;/span&gt; ------------------------------------------------------------------------&lt;br/&gt;
&amp;lt;/code&amp;gt;&lt;/p&gt;</comment>
                            <comment id="14418254" author="brettporter" created="Sun, 28 Jul 2013 19:48:01 +0000">&lt;p&gt;Yep, works for me too.&lt;/p&gt;</comment>
                            <comment id="14418240" author="jvanzyl" created="Sun, 28 Jul 2013 20:02:30 +0000">&lt;p&gt;Cool.&lt;/p&gt;</comment>
                    </comments>
                    <attachments>
                    </attachments>
                <subtasks>
                    </subtasks>
                <customfields>
                                                                                                                                                                                                                                                                                                                                                                                                                                                                                                                                                                                                                                                                                                                    <customfield id="customfield_12314020" key="com.atlassian.jira.plugins.jira-development-integration-plugin:devsummary">
                        <customfieldname>Development</customfieldname>
                        <customfieldvalues>
                            
                        </customfieldvalues>
                    </customfield>
                                                                                                                        <customfield id="customfield_12313422" key="com.atlassian.jirafisheyeplugin:jobcheckbox">
                        <customfieldname>Enable Automatic Patch Review</customfieldname>
                        <customfieldvalues>
                            <customfieldvalue>false</customfieldvalue>

                        </customfieldvalues>
                    </customfield>
                                                                                                                                                                                                                                                                                                                                                                                                                                                                                                                                                                                                                    <customfield id="customfield_12310420" key="com.pyxis.greenhopper.jira:gh-global-rank">
                        <customfieldname>Global Rank</customfieldname>
                        <customfieldvalues>
                            <customfieldvalue>9223372036854775807</customfieldvalue>
                        </customfieldvalues>
                    </customfield>
                                                                                                                                                                                                                                                                                                                                                                                                                                                                        <customfield id="customfield_12311820" key="com.pyxis.greenhopper.jira:gh-lexo-rank">
                        <customfieldname>Rank</customfieldname>
                        <customfieldvalues>
                            <customfieldvalue>0|i29c3j:</customfieldvalue>

                        </customfieldvalues>
                    </customfield>
                                                                <customfield id="customfield_12310920" key="com.pyxis.greenhopper.jira:gh-global-rank">
                        <customfieldname>Rank (Obsolete)</customfieldname>
                        <customfieldvalues>
                            <customfieldvalue>9223372036854775807</customfieldvalue>
                        </customfieldvalues>
                    </customfield>
                                                                                                                                                                                                                                                                                                                                                                                                                                                                                                                                                                                                                                                                                                                                                                                            </customfields>
    </item>


</channel>
</rss>