<rss version="0.92">
    <channel>
        <title>ASF JIRA</title>
        <link>https://issues.apache.org/jira/issues/?jql=project+%3D+MNG+and+type+%3D+bug+and+%28status+%3D+RESOLVED+or+status+%3D+closed%29</link>
        <description>An XML representation of a search request</description>
                <language>en-uk</language>
                        <issue start="0" end="1000" total="3303" />
                <build-info>
            <version>8.20.7</version>
            <build-number>820007</build-number>
            <build-date>16-03-2022</build-date>
        </build-info>

<item>
            <title>[MNG-5439] Resolved 1.02 when declared [1.2.0]</title>
                <link>https://issues.apache.org/jira/browse/MNG-5439</link>
                <project id="12316922" key="MNG">Maven</project>
                    <description>&lt;p&gt;I have following versions in Archiva, artifact type is ear:&lt;br/&gt;
...&lt;br/&gt;
      &amp;lt;version&amp;gt;1.2.0&amp;lt;/version&amp;gt;&lt;br/&gt;
      &amp;lt;version&amp;gt;1.02&amp;lt;/version&amp;gt;&lt;br/&gt;
      &amp;lt;version&amp;gt;1.2.1-SNAPSHOT&amp;lt;/version&amp;gt;&lt;br/&gt;
...&lt;/p&gt;

&lt;p&gt;The Installer's pom have dependency on this artifact:&lt;br/&gt;
      &amp;lt;version&amp;gt;&lt;span class="error"&gt;&amp;#91;1.2.0&amp;#93;&lt;/span&gt;&amp;lt;/version&amp;gt;&lt;/p&gt;

&lt;p&gt;But Maven 3.0.4 (same with 3.0.3) downloads a very old version 1.02 instead of 1.2.0. &lt;/p&gt;

&lt;p&gt;When I change the dependency to &amp;lt;version&amp;gt;1.2.0&amp;lt;/version&amp;gt;, Maven downloads the correct version of artifact 1.2.0.&lt;/p&gt;

&lt;p&gt;I think maven resolves &lt;span class="error"&gt;&amp;#91;1.2.0&amp;#93;&lt;/span&gt; as a range, parses it as numbers and numerically 1.2.0 might be considered the same as 1.2. &lt;br/&gt;
This is incorrect, because version should be considered as a part of artifact ID and I exactly declared which version I need - note that &lt;span class="error"&gt;&amp;#91;1.2.0&amp;#93;&lt;/span&gt; is not a range, but the most strict version dependency.&lt;/p&gt;

&lt;p&gt;Workaround 1: Old versions have nonstandard versioning. They should be removed from repository or renamed (f.e. 1.02 to 1.0.2). &lt;br/&gt;
Workaround 2: Change the artifact version to 2.0.0 or artifactId.&lt;/p&gt;</description>
                <environment>Linux</environment>
        <key id="12797221">MNG-5439</key>
            <summary>Resolved 1.02 when declared [1.2.0]</summary>
                <type id="1" iconUrl="https://issues.apache.org/jira/secure/viewavatar?size=xsmall&amp;avatarId=21133&amp;avatarType=issuetype">Bug</type>
                                            <priority id="5" iconUrl="https://issues.apache.org/jira/images/icons/priorities/trivial.svg">Trivial</priority>
                        <status id="6" iconUrl="https://issues.apache.org/jira/images/icons/statuses/closed.png" description="The issue is considered finished, the resolution is correct. Issues which are not closed can be reopened.">Closed</status>
                    <statusCategory id="3" key="done" colorName="green" />
                                    <resolution id="5">Cannot Reproduce</resolution>
                                        <assignee username="-1">Unassigned</assignee>
                                    <reporter username="dmatej">David Mat&#283;j&#269;ek</reporter>
                        <labels>
                    </labels>
                <created>Fri, 22 Feb 2013 13:37:00 +0000</created>
                <updated>Sun, 19 Jan 2014 21:27:18 +0000</updated>
                            <resolved>Sun, 19 Jan 2014 21:27:18 +0000</resolved>
                                    <version>3.0.3</version>
                    <version>3.0.4</version>
                                                    <component>Dependencies</component>
                        <due />
                            <votes>0</votes>
                                    <watches>3</watches>
                                                                        <attachments>
                    </attachments>
                <subtasks>
                    </subtasks>
                <customfields>
                                                                                                                                                                                                                                                                                                                                                                                                                                                                                                                                                                                                                                                                                                                    <customfield id="customfield_12314020" key="com.atlassian.jira.plugins.jira-development-integration-plugin:devsummary">
                        <customfieldname>Development</customfieldname>
                        <customfieldvalues>
                            
                        </customfieldvalues>
                    </customfield>
                                                                                                                        <customfield id="customfield_12313422" key="com.atlassian.jirafisheyeplugin:jobcheckbox">
                        <customfieldname>Enable Automatic Patch Review</customfieldname>
                        <customfieldvalues>
                            <customfieldvalue>false</customfieldvalue>

                        </customfieldvalues>
                    </customfield>
                                                                                                                                                                                                                                                                                                                                                                                                                                                                                                                                                                                                                    <customfield id="customfield_12310420" key="com.pyxis.greenhopper.jira:gh-global-rank">
                        <customfieldname>Global Rank</customfieldname>
                        <customfieldvalues>
                            <customfieldvalue>9223372036854775807</customfieldvalue>
                        </customfieldvalues>
                    </customfield>
                                                                                                                                                                                                                                                                                                                                                                                                                                                                        <customfield id="customfield_12311820" key="com.pyxis.greenhopper.jira:gh-lexo-rank">
                        <customfieldname>Rank</customfieldname>
                        <customfieldvalues>
                            <customfieldvalue>0|i297jb:</customfieldvalue>

                        </customfieldvalues>
                    </customfield>
                                                                <customfield id="customfield_12310920" key="com.pyxis.greenhopper.jira:gh-global-rank">
                        <customfieldname>Rank (Obsolete)</customfieldname>
                        <customfieldvalues>
                            <customfieldvalue>9223372036854775807</customfieldvalue>
                        </customfieldvalues>
                    </customfield>
                                                                                                                                                                                                                                                                                                                                                                                                                                                                                                                                                                                                                                                                                                                                                                                            </customfields>
    </item>


</channel>
</rss>