<rss version="0.92">
    <channel>
        <title>ASF JIRA</title>
        <link>https://issues.apache.org/jira/issues/?jql=project+%3D+MNG+and+type+%3D+bug+and+%28status+%3D+RESOLVED+or+status+%3D+closed%29</link>
        <description>An XML representation of a search request</description>
                <language>en-uk</language>
                        <issue start="0" end="1000" total="3303" />
                <build-info>
            <version>8.20.7</version>
            <build-number>820007</build-number>
            <build-date>16-03-2022</build-date>
        </build-info>

<item>
            <title>[MNG-5210] I cannot compile mixing modules and dependencies</title>
                <link>https://issues.apache.org/jira/browse/MNG-5210</link>
                <project id="12316922" key="MNG">Maven</project>
                    <description>&lt;p&gt;I have three two simple projects: &lt;/p&gt;

&lt;p&gt;&amp;lt;project xmlns="http://maven.apache.org/POM/4.0.0" xmlns:xsi="http://www.w3.org/2001/XMLSchema-instance" &lt;br/&gt;
  xsi:schemaLocation="http://maven.apache.org/POM/4.0.0 &lt;a href="http://maven.apache.org/xsd/maven-4.0.0.xsd" class="external-link" target="_blank" rel="nofollow noopener"&gt;http://maven.apache.org/xsd/maven-4.0.0.xsd&lt;/a&gt;"&amp;gt; &lt;br/&gt;
  &amp;lt;parent&amp;gt; &lt;br/&gt;
    &amp;lt;groupId&amp;gt;prova&amp;lt;/groupId&amp;gt; &lt;br/&gt;
    &amp;lt;artifactId&amp;gt;Mioframework&amp;lt;/artifactId&amp;gt; &lt;br/&gt;
    &amp;lt;version&amp;gt;0.4.0-SNAPSHOT&amp;lt;/version&amp;gt; &lt;br/&gt;
    &amp;lt;relativePath&amp;gt;../pom.xml&amp;lt;/relativePath&amp;gt; &lt;br/&gt;
  &amp;lt;/parent&amp;gt; &lt;br/&gt;
  &amp;lt;modelVersion&amp;gt;4.0.0&amp;lt;/modelVersion&amp;gt; &lt;/p&gt;

&lt;p&gt;  &amp;lt;artifactId&amp;gt;my-mioprogetto&amp;lt;/artifactId&amp;gt; &lt;br/&gt;
  &amp;lt;name&amp;gt;Mio progetto&amp;lt;/name&amp;gt; &lt;/p&gt;

&lt;p&gt;  &amp;lt;dependencies&amp;gt; &lt;br/&gt;
    &amp;lt;!-- Internal dependencies --&amp;gt; &lt;br/&gt;
    &amp;lt;dependency&amp;gt; &lt;br/&gt;
      &amp;lt;groupId&amp;gt;${project.groupId}&amp;lt;/groupId&amp;gt; &lt;br/&gt;
      &amp;lt;artifactId&amp;gt;my-mioprogetto2&amp;lt;/artifactId&amp;gt; &lt;br/&gt;
      &amp;lt;version&amp;gt;${project.version}&amp;lt;/version&amp;gt; &lt;br/&gt;
    &amp;lt;/dependency&amp;gt; &lt;br/&gt;
  &amp;lt;/dependencies&amp;gt; &lt;br/&gt;
&amp;lt;/project&amp;gt; &lt;/p&gt;



&lt;p&gt;&amp;lt;project xmlns="http://maven.apache.org/POM/4.0.0" xmlns:xsi="http://www.w3.org/2001/XMLSchema-instance" &lt;br/&gt;
  xsi:schemaLocation="http://maven.apache.org/POM/4.0.0 &lt;a href="http://maven.apache.org/xsd/maven-4.0.0.xsd" class="external-link" target="_blank" rel="nofollow noopener"&gt;http://maven.apache.org/xsd/maven-4.0.0.xsd&lt;/a&gt;"&amp;gt; &lt;br/&gt;
  &amp;lt;parent&amp;gt; &lt;br/&gt;
    &amp;lt;groupId&amp;gt;prova&amp;lt;/groupId&amp;gt; &lt;br/&gt;
    &amp;lt;artifactId&amp;gt;Mioframework&amp;lt;/artifactId&amp;gt; &lt;br/&gt;
    &amp;lt;version&amp;gt;0.4.0-SNAPSHOT&amp;lt;/version&amp;gt; &lt;br/&gt;
    &amp;lt;relativePath&amp;gt;../pom.xml&amp;lt;/relativePath&amp;gt; &lt;br/&gt;
  &amp;lt;/parent&amp;gt; &lt;br/&gt;
  &amp;lt;modelVersion&amp;gt;4.0.0&amp;lt;/modelVersion&amp;gt; &lt;/p&gt;

&lt;p&gt;  &amp;lt;artifactId&amp;gt;my-mioprogetto2&amp;lt;/artifactId&amp;gt; &lt;br/&gt;
  &amp;lt;name&amp;gt;Mio progetto 2&amp;lt;/name&amp;gt; &lt;/p&gt;

&lt;p&gt;&amp;lt;/project&amp;gt; &lt;/p&gt;



&lt;p&gt;and one parent project: &lt;/p&gt;


&lt;p&gt;&amp;lt;project xmlns="http://maven.apache.org/POM/4.0.0" xmlns:xsi="http://www.w3.org/2001/XMLSchema-instance" &lt;br/&gt;
  xsi:schemaLocation="http://maven.apache.org/POM/4.0.0 &lt;a href="http://maven.apache.org/xsd/maven-4.0.0.xsd" class="external-link" target="_blank" rel="nofollow noopener"&gt;http://maven.apache.org/xsd/maven-4.0.0.xsd&lt;/a&gt;"&amp;gt; &lt;/p&gt;

&lt;p&gt;  &amp;lt;modelVersion&amp;gt;4.0.0&amp;lt;/modelVersion&amp;gt; &lt;/p&gt;

&lt;p&gt;  &amp;lt;groupId&amp;gt;prova&amp;lt;/groupId&amp;gt; &lt;br/&gt;
  &amp;lt;artifactId&amp;gt;Mioframework&amp;lt;/artifactId&amp;gt; &lt;br/&gt;
  &amp;lt;version&amp;gt;0.4.0-SNAPSHOT&amp;lt;/version&amp;gt; &lt;/p&gt;

&lt;p&gt;  &amp;lt;name&amp;gt;Mioframework&amp;lt;/name&amp;gt; &lt;br/&gt;
  &amp;lt;packaging&amp;gt;pom&amp;lt;/packaging&amp;gt; &lt;/p&gt;

&lt;p&gt;  &amp;lt;modules&amp;gt; &lt;br/&gt;
    &amp;lt;module&amp;gt;mioprogetto&amp;lt;/module&amp;gt; &lt;br/&gt;
    &amp;lt;module&amp;gt;mioprogetto2&amp;lt;/module&amp;gt; &lt;br/&gt;
  &amp;lt;/modules&amp;gt; &lt;br/&gt;
&amp;lt;/project&amp;gt; &lt;/p&gt;


&lt;p&gt;mioprogetto as mioprogetto2 as dependency. Mioframework has the two projects as modules. &lt;/p&gt;

&lt;p&gt;If I compile mioframework I have no problems. &lt;/p&gt;

&lt;p&gt;If I compile only mioprogetto2 I have no problems. &lt;/p&gt;

&lt;p&gt;If I compile only mioprogetto I have problems because the dependency is not matched. Here the error: &lt;/p&gt;

&lt;p&gt;&lt;span class="error"&gt;&amp;#91;ERROR&amp;#93;&lt;/span&gt; Failed to execute goal on project my-mioprogetto: Could not resolve dependencies for project prova:my-mioprogetto:jar:0.4.0-SNAPSHOT: Could not find artifact prova:my-mioprogetto2:jar:0.4.0-SNAPSHOT in myrepo-xxxxxxx (&lt;a href="http://repository.xxxxxxxxx" class="external-link" target="_blank" rel="nofollow noopener"&gt;http://repository.xxxxxxxxx&lt;/a&gt;) -&amp;gt; &lt;span class="error"&gt;&amp;#91;Help 1&amp;#93;&lt;/span&gt; &lt;/p&gt;


&lt;p&gt;I attach the complete example test&lt;/p&gt;</description>
                <environment>maven 3.0.3</environment>
        <key id="12797516">MNG-5210</key>
            <summary>I cannot compile mixing modules and dependencies</summary>
                <type id="1" iconUrl="https://issues.apache.org/jira/secure/viewavatar?size=xsmall&amp;avatarId=21133&amp;avatarType=issuetype">Bug</type>
                                            <priority id="3" iconUrl="https://issues.apache.org/jira/images/icons/priorities/major.svg">Major</priority>
                        <status id="6" iconUrl="https://issues.apache.org/jira/images/icons/statuses/closed.png" description="The issue is considered finished, the resolution is correct. Issues which are not closed can be reopened.">Closed</status>
                    <statusCategory id="3" key="done" colorName="green" />
                                    <resolution id="4">Incomplete</resolution>
                                        <assignee username="-1">Unassigned</assignee>
                                    <reporter username="luca.stancaqpiano">Luca Stancapiano</reporter>
                        <labels>
                    </labels>
                <created>Mon, 5 Dec 2011 03:54:25 +0000</created>
                <updated>Wed, 22 Jan 2014 20:31:56 +0000</updated>
                            <resolved>Wed, 22 Jan 2014 20:31:56 +0000</resolved>
                                    <version>3.0.3</version>
                                                    <component>Dependencies</component>
                        <due />
                            <votes>0</votes>
                                    <watches>2</watches>
                                                                <comments>
                            <comment id="14418742" author="jvanzyl" created="Wed, 22 Jan 2014 20:23:33 +0000">&lt;p&gt;Please refer to &lt;a href="https://cwiki.apache.org/confluence/display/MAVEN/The+Great+JIRA+Cleanup+of+2014" class="external-link" target="_blank" rel="nofollow noopener"&gt;https://cwiki.apache.org/confluence/display/MAVEN/The+Great+JIRA+Cleanup+of+2014&lt;/a&gt;&lt;/p&gt;</comment>
                            <comment id="14419034" author="jvanzyl" created="Wed, 22 Jan 2014 20:31:56 +0000">&lt;p&gt;Please refer to &lt;a href="https://cwiki.apache.org/confluence/display/MAVEN/The+Great+JIRA+Cleanup+of+2014" class="external-link" target="_blank" rel="nofollow noopener"&gt;https://cwiki.apache.org/confluence/display/MAVEN/The+Great+JIRA+Cleanup+of+2014&lt;/a&gt; if you're wondering why this issue was closed out.&lt;/p&gt;</comment>
                    </comments>
                    <attachments>
                            <attachment id="12713349" name="exampletest.zip" size="4523" author="luca.stancapiano" created="Mon, 5 Dec 2011 03:54:25 +0000" />
                    </attachments>
                <subtasks>
                    </subtasks>
                <customfields>
                                                                                                                                                                                                                                                                                                                                                                                                                                                                                                                                                                                                                                                                                                                    <customfield id="customfield_12314020" key="com.atlassian.jira.plugins.jira-development-integration-plugin:devsummary">
                        <customfieldname>Development</customfieldname>
                        <customfieldvalues>
                            
                        </customfieldvalues>
                    </customfield>
                                                                                                                        <customfield id="customfield_12313422" key="com.atlassian.jirafisheyeplugin:jobcheckbox">
                        <customfieldname>Enable Automatic Patch Review</customfieldname>
                        <customfieldvalues>
                            <customfieldvalue>false</customfieldvalue>

                        </customfieldvalues>
                    </customfield>
                                                                                                                                                                                                                                                                                                                                                                                                                                                                                                                                                                                                                    <customfield id="customfield_12310420" key="com.pyxis.greenhopper.jira:gh-global-rank">
                        <customfieldname>Global Rank</customfieldname>
                        <customfieldvalues>
                            <customfieldvalue>9223372036854775807</customfieldvalue>
                        </customfieldvalues>
                    </customfield>
                                                                                                                                                                                                                                                                                                                                                                                                                                                                        <customfield id="customfield_12311820" key="com.pyxis.greenhopper.jira:gh-lexo-rank">
                        <customfieldname>Rank</customfieldname>
                        <customfieldvalues>
                            <customfieldvalue>0|i297bj:</customfieldvalue>

                        </customfieldvalues>
                    </customfield>
                                                                <customfield id="customfield_12310920" key="com.pyxis.greenhopper.jira:gh-global-rank">
                        <customfieldname>Rank (Obsolete)</customfieldname>
                        <customfieldvalues>
                            <customfieldvalue>9223372036854775807</customfieldvalue>
                        </customfieldvalues>
                    </customfield>
                                                                                                                                                                                                                                                                                                                                                                                                                                                                                                                                                                                                                                                                                                                                                                                            </customfields>
    </item>


</channel>
</rss>