<rss version="0.92">
    <channel>
        <title>ASF JIRA</title>
        <link>https://issues.apache.org/jira/issues/?jql=project+%3D+NET+AND+type+%3D+bug+and+%28status+%3D+RESOLVED+or+status+%3D+closed%29</link>
        <description>An XML representation of a search request</description>
                <language>en-uk</language>
                        <issue start="0" end="464" total="464" />
                <build-info>
            <version>8.20.7</version>
            <build-number>820007</build-number>
            <build-date>16-03-2022</build-date>
        </build-info>

<item>
            <title>[NET-296] java.net.SocketException: Operation timed out error while entering Passive mode</title>
                <link>https://issues.apache.org/jira/browse/NET-296</link>
                <project id="12310487" key="NET">Commons Net</project>
                    <description>&lt;p&gt;Hi,&lt;/p&gt;

&lt;p&gt;I am getting the following error while trying to connect to the FTP (Explicit).&lt;/p&gt;

&lt;p&gt;java.net.SocketException: Operation timed out: connect:could be due to invalid address.&lt;/p&gt;

&lt;p&gt;I am facing this error when i am running the code from the client machine which is in different domain...If i run the same code in the domain where ftp exists..it works fine without any issue...below is my code and the trace log....Pls help.&lt;/p&gt;


&lt;p&gt;FTPSClient client = new FTPSClient("TLS",false);&lt;br/&gt;
	client.addProtocolCommandListener(new PrintCommandListener(new PrintWriter(System.out)));&lt;br/&gt;
	boolean _ftp_login = false;&lt;/p&gt;

&lt;p&gt;        try {&lt;br/&gt;
            String[] hname = ftpurl.split("//");&lt;br/&gt;
            client.setAuthValue("TLS");&lt;br/&gt;
            client.setRemoteVerificationEnabled(false);&lt;/p&gt;

&lt;p&gt;	    client.connect("ftp.kotaklifeinsurance.com",22);&lt;/p&gt;

&lt;p&gt;            int reply = client.getReplyCode();&lt;br/&gt;
            client.execPBSZ(0);            &lt;br/&gt;
            client.execPROT("P");&lt;/p&gt;

&lt;p&gt;            if (!FTPReply.isPositiveCompletion(reply)) &lt;/p&gt;
{
                client.disconnect();
                System.out.println("openFTPClient(): FTP server refused connection.");
                throw new Exception("FTP server refused connection.");
            }
&lt;p&gt; else {&lt;br/&gt;
                try &lt;/p&gt;
{
                    _ftp_login = client.login(userID, password);
                }
&lt;p&gt; catch (Exception e) &lt;/p&gt;
{
                    throw e;
                }

&lt;p&gt;                if (_ftp_login) {&lt;/p&gt;

&lt;p&gt;                    client.enterLocalPassiveMode();&lt;/p&gt;

&lt;p&gt;                    if (client.printWorkingDirectory() == null)&lt;br/&gt;
                        throw new Exception("Current working directory returned is null");&lt;/p&gt;

&lt;p&gt;                    client.changeWorkingDirectory("/XYZ/");&lt;/p&gt;

&lt;p&gt;		    fis = new FileInputStream(localfile);&lt;br/&gt;
  		    ins = (InputStream)fis;&lt;/p&gt;

&lt;p&gt;		    boolean flag = client.storeFile(filename,ins);&lt;br/&gt;
		    System.out.println("File saved to FTP : "+flag);&lt;/p&gt;


&lt;p&gt;Error Trace : &lt;/p&gt;

&lt;p&gt;220 Unauthorized Access Prohibited.&lt;br/&gt;
AUTH TLS&lt;br/&gt;
234 AUTH command ok. Expecting TLS Negotiation.&lt;br/&gt;
PBSZ 0&lt;br/&gt;
200 PBSZ command successful.&lt;br/&gt;
PROT P&lt;br/&gt;
200 PROT command successful.&lt;br/&gt;
USER userid&lt;br/&gt;
331 Password required for userid.&lt;br/&gt;
PASS password&lt;br/&gt;
230 User logged in.&lt;br/&gt;
PWD&lt;br/&gt;
257 "/" is current directory.&lt;br/&gt;
CWD /XYZ/&lt;br/&gt;
250 CWD command successful.&lt;br/&gt;
PWD&lt;br/&gt;
257 "/XYZ" is current directory.&lt;br/&gt;
TYPE A&lt;br/&gt;
200 Type set to A.&lt;br/&gt;
MODE I&lt;br/&gt;
501 'MODE I': parameter not understood.&lt;br/&gt;
STRU F&lt;br/&gt;
200 STRU F ok.&lt;br/&gt;
PASV&lt;br/&gt;
227 Entering Passive Mode (192,168,201,220,195,108).&lt;br/&gt;
java.net.SocketException: Operation timed out: connect:could be due to invalid address&lt;br/&gt;
	at java.net.PlainSocketImpl.socketConnect(Native Method)&lt;br/&gt;
	at java.net.PlainSocketImpl.doConnect(PlainSocketImpl.java:331)&lt;br/&gt;
	at java.net.PlainSocketImpl.connectToAddress(PlainSocketImpl.java:196)&lt;br/&gt;
	at java.net.PlainSocketImpl.connect(PlainSocketImpl.java:183)&lt;br/&gt;
	at java.net.Socket.connect(Socket.java:478)&lt;br/&gt;
	at java.net.Socket.connect(Socket.java:428)&lt;br/&gt;
	at java.net.Socket.&amp;lt;init&amp;gt;(Socket.java:335)&lt;br/&gt;
	at java.net.Socket.&amp;lt;init&amp;gt;(Socket.java:150)&lt;br/&gt;
	at com.ibm.jsse.bs.&amp;lt;init&amp;gt;(Unknown Source)&lt;br/&gt;
	at com.ibm.jsse.JSSESocketFactory.createSocket(Unknown Source)&lt;br/&gt;
	at org.apache.commons.net.ftp.FTPSSocketFactory.createSocket(FTPSSocketFactory.java:48)&lt;br/&gt;
	at org.apache.commons.net.ftp.FTPClient.&lt;em&gt;openDataConnection&lt;/em&gt;(FTPClient.java:502)&lt;br/&gt;
	at org.apache.commons.net.ftp.FTPSClient.&lt;em&gt;openDataConnection&lt;/em&gt;(FTPSClient.java:494)&lt;br/&gt;
	at org.apache.commons.net.ftp.FTPClient.__storeFile(FTPClient.java:374)&lt;br/&gt;
	at org.apache.commons.net.ftp.FTPClient.storeFile(FTPClient.java:1379)&lt;/p&gt;</description>
                <environment>&lt;p&gt;Windows XP, JDK 1.5.0_15, commons-net-2.0-jdk14.jar&lt;/p&gt;</environment>
        <key id="12437457">NET-296</key>
            <summary>java.net.SocketException: Operation timed out error while entering Passive mode</summary>
                <type id="1" iconUrl="https://issues.apache.org/jira/secure/viewavatar?size=xsmall&amp;avatarId=21133&amp;avatarType=issuetype">Bug</type>
                                            <priority id="1" iconUrl="https://issues.apache.org/jira/images/icons/priorities/blocker.svg">Blocker</priority>
                        <status id="6" iconUrl="https://issues.apache.org/jira/images/icons/statuses/closed.png" description="The issue is considered finished, the resolution is correct. Issues which are not closed can be reopened.">Closed</status>
                    <statusCategory id="3" key="done" colorName="green" />
                                    <resolution id="3">Duplicate</resolution>
                                        <assignee username="-1">Unassigned</assignee>
                                    <reporter username="ksharisomayaji">Hariprasad K S</reporter>
                        <labels>
                    </labels>
                <created>Wed, 7 Oct 2009 05:34:45 +0000</created>
                <updated>Wed, 29 Feb 2012 20:33:45 +0000</updated>
                            <resolved>Sat, 5 Mar 2011 00:54:02 +0000</resolved>
                                    <version>2.0</version>
                                                        <due />
                            <votes>0</votes>
                                    <watches>1</watches>
                                                                <comments>
                            <comment id="12763954" author="ksharisomayaji" created="Fri, 9 Oct 2009 10:18:04 +0000">&lt;p&gt;Pls help&lt;/p&gt;</comment>
                            <comment id="12842554" author="rwinston@eircom.net" created="Mon, 8 Mar 2010 06:10:55 +0000">&lt;p&gt;This is almost certainly an internal network issue...the clue is in the stack trace. I cant reproduce successfully.&lt;/p&gt;</comment>
                            <comment id="12857472" author="fatima" created="Thu, 15 Apr 2010 18:29:50 +0000">&lt;p&gt;Were you able to resolve this. I'm having the same issue. I am able to connect to Secured FTP through an FTP utility from machine. But I am am gettiign error with ethe following code, when ran from the same machine.&lt;br/&gt;
I have commons-net-2.0.jar&lt;br/&gt;
Here is my code.&lt;/p&gt;

&lt;p&gt;import org.apache.commons.net.ftp.FTPSClient;&lt;/p&gt;

&lt;p&gt;FTPSClient ftps;&lt;/p&gt;

&lt;p&gt;ftps = new FTPSClient("SFTP/SSH",false);  //not sure whether I should give true or flase,, anyways neither worked&lt;/p&gt;

&lt;p&gt; ftps.addProtocolCommandListener(new PrintCommandListener(new PrintWriter(System.out)));&lt;/p&gt;

&lt;p&gt;            try&lt;br/&gt;
            {&lt;br/&gt;
               int reply;&lt;/p&gt;

&lt;p&gt;                ftps.connect(&amp;lt;server ip address&amp;gt;,22);&lt;br/&gt;
....&lt;br/&gt;
}&lt;br/&gt;
I am gettting the following error&lt;br/&gt;
Could not connect to server.&lt;br/&gt;
java.net.ConnectException: Connection timed out: connect&lt;br/&gt;
	at java.net.PlainSocketImpl.socketConnect(Native Method)&lt;br/&gt;
	at java.net.PlainSocketImpl.doConnect(PlainSocketImpl.java:333)&lt;br/&gt;
	at java.net.PlainSocketImpl.connectToAddress(PlainSocketImpl.java:195)&lt;br/&gt;
	at java.net.PlainSocketImpl.connect(PlainSocketImpl.java:182)&lt;br/&gt;
	at java.net.SocksSocketImpl.connect(SocksSocketImpl.java:366)&lt;br/&gt;
	at java.net.Socket.connect(Socket.java:507)&lt;br/&gt;
	at org.apache.commons.net.SocketClient.connect(SocketClient.java:176)&lt;br/&gt;
	at sample.FTPSExample.main(FTPSExample.java:82)&lt;br/&gt;
Process exited with exit code 1.&lt;/p&gt;


</comment>
                            <comment id="13002854" author="danieldamon" created="Fri, 4 Mar 2011 22:40:12 +0000">&lt;p&gt;I am also seeing the problem.  While I can get a connection, I cannot transfer data. I can use a commercial offering to do so.&lt;/p&gt;

&lt;p&gt;I believe the problem occurs when the FTP server is behind a firewall. When it responds to the PASV command, it gives it's address, not the firewall address.&lt;/p&gt;

&lt;p&gt;If the FTPClient responds to that address, of course it will fail. &lt;/p&gt;

&lt;p&gt;Something like this probably needs to happen: The FTPClient tries to open at the given address.  If it does not work, try the original address with the given port.&lt;/p&gt;</comment>
                            <comment id="13002889" author="sebb@apache.org" created="Sat, 5 Mar 2011 00:49:57 +0000">&lt;p&gt;I see. Sounds like a good plan. &lt;br/&gt;
A local address such as in the reply:&lt;/p&gt;

&lt;p&gt;227 Entering Passive Mode (192,168,201,220,195,108)&lt;/p&gt;

&lt;p&gt;may actually be valid if the original address was local.&lt;br/&gt;
But can a local address ever be valid if the original address was not local? I suspect not.&lt;/p&gt;

&lt;p&gt;In which case, there is no need for the code to try connecting, it can just use the original address + reply port. (or if original was local, continue as usual).&lt;/p&gt;

&lt;p&gt;==&lt;/p&gt;

&lt;p&gt;I assume the server you are connecting to is not publicly accessible?&lt;br/&gt;
Would you be able to help with testing any changes?&lt;/p&gt;</comment>
                            <comment id="13002892" author="sebb@apache.org" created="Sat, 5 Mar 2011 00:54:02 +0000">&lt;p&gt;I see you have opened &lt;a href="https://issues.apache.org/jira/browse/NET-363" title="Can&amp;#39;t connect to a server behind firewall in passive mode" class="issue-link" data-issue-key="NET-363"&gt;&lt;del&gt;NET-363&lt;/del&gt;&lt;/a&gt;, so closing this as a duplicate&lt;/p&gt;</comment>
                    </comments>
                <issuelinks>
                            <issuelinktype id="12310000">
                    <name>Duplicate</name>
                                            <outwardlinks description="duplicates">
                                        <issuelink>
            <issuekey id="12500485">NET-363</issuekey>
        </issuelink>
                            </outwardlinks>
                                                        </issuelinktype>
                    </issuelinks>
                <attachments>
                    </attachments>
                <subtasks>
                    </subtasks>
                <customfields>
                                                                                                                                                                                                                                                                                                                                                                                                                                                                                                                                                                                                                                                                                                                    <customfield id="customfield_12314020" key="com.atlassian.jira.plugins.jira-development-integration-plugin:devsummary">
                        <customfieldname>Development</customfieldname>
                        <customfieldvalues>
                            
                        </customfieldvalues>
                    </customfield>
                                                                                                                        <customfield id="customfield_12313422" key="com.atlassian.jirafisheyeplugin:jobcheckbox">
                        <customfieldname>Enable Automatic Patch Review</customfieldname>
                        <customfieldvalues>
                            <customfieldvalue>false</customfieldvalue>

                        </customfieldvalues>
                    </customfield>
                                                                                                                                                                                                                                                                                                                                                                                                                                                                                                                                                                                                                                                <customfield id="customfield_12310420" key="com.pyxis.greenhopper.jira:gh-global-rank">
                        <customfieldname>Global Rank</customfieldname>
                        <customfieldvalues>
                            <customfieldvalue>154595</customfieldvalue>
                        </customfieldvalues>
                    </customfield>
                                                                                                                                                                                                                                                                                                                                                                                                                                                                        <customfield id="customfield_12311820" key="com.pyxis.greenhopper.jira:gh-lexo-rank">
                        <customfieldname>Rank</customfieldname>
                        <customfieldvalues>
                            <customfieldvalue>0|i0ybfb:</customfieldvalue>

                        </customfieldvalues>
                    </customfield>
                                                                <customfield id="customfield_12310920" key="com.pyxis.greenhopper.jira:gh-global-rank">
                        <customfieldname>Rank (Obsolete)</customfieldname>
                        <customfieldvalues>
                            <customfieldvalue>198320</customfieldvalue>
                        </customfieldvalues>
                    </customfield>
                                                                                                                                                                                                                                                                                                                                                                                                                                                                                                                                                                                                                                                                                                                                                                                            </customfields>
    </item>


</channel>
</rss>