<rss version="0.92">
    <channel>
        <title>ASF JIRA</title>
        <link>https://issues.apache.org/jira/issues/?jql=project+%3D+NET+AND+type+%3D+bug+and+%28status+%3D+RESOLVED+or+status+%3D+closed%29</link>
        <description>An XML representation of a search request</description>
                <language>en-uk</language>
                        <issue start="0" end="464" total="464" />
                <build-info>
            <version>8.20.7</version>
            <build-number>820007</build-number>
            <build-date>16-03-2022</build-date>
        </build-info>

<item>
            <title>[NET-260] SubnetUtils.SubnetInfo.isInRange(...) returns incorrect values</title>
                <link>https://issues.apache.org/jira/browse/NET-260</link>
                <project id="12310487" key="NET">Commons Net</project>
                    <description>&lt;p&gt;SubnetUtils class handles IP addresses as int (which in Java is signed).&lt;br/&gt;
isInRange() method does not take this into account:&lt;/p&gt;
&lt;div class="code panel" style="border-width: 1px;"&gt;&lt;div class="codeContent panelContent"&gt;
&lt;pre class="code-java"&gt;&lt;span class="code-keyword"&gt;private&lt;/span&gt; &lt;span class="code-object"&gt;boolean&lt;/span&gt; isInRange(&lt;span class="code-object"&gt;int&lt;/span&gt; address) {
    &lt;span class="code-keyword"&gt;return&lt;/span&gt; ((address-low()) &amp;lt;= (high()-low()));
}
&lt;/pre&gt;
&lt;/div&gt;&lt;/div&gt;

&lt;p&gt;In following code snippet isInRange() returns true, when clearly 120.0.0.0 is outside the range: 192.168.12.0 - 192.168.13.255&lt;br/&gt;
(see &lt;a href="http://compnetworking.about.com/od/workingwithipaddresses/a/cidr_notation.htm" class="external-link" target="_blank" rel="nofollow noopener"&gt;http://compnetworking.about.com/od/workingwithipaddresses/a/cidr_notation.htm&lt;/a&gt;)&lt;/p&gt;
&lt;div class="code panel" style="border-width: 1px;"&gt;&lt;div class="codeContent panelContent"&gt;
&lt;pre class="code-java"&gt;&lt;span class="code-object"&gt;String&lt;/span&gt; cidrNotation = &lt;span class="code-quote"&gt;"192.168.12.0/23"&lt;/span&gt;;
SubnetUtils.SubnetInfo info = &lt;span class="code-keyword"&gt;new&lt;/span&gt; SubnetUtils(cidrNotation).getInfo();
assertFalse(info.isInRange(&lt;span class="code-quote"&gt;"120.0.0.0"&lt;/span&gt;)); &lt;span class="code-comment"&gt;// fails&lt;/span&gt;
&lt;/pre&gt;
&lt;/div&gt;&lt;/div&gt;</description>
                <environment />
        <key id="12416526">NET-260</key>
            <summary>SubnetUtils.SubnetInfo.isInRange(...) returns incorrect values</summary>
                <type id="1" iconUrl="https://issues.apache.org/jira/secure/viewavatar?size=xsmall&amp;avatarId=21133&amp;avatarType=issuetype">Bug</type>
                                            <priority id="3" iconUrl="https://issues.apache.org/jira/images/icons/priorities/major.svg">Major</priority>
                        <status id="6" iconUrl="https://issues.apache.org/jira/images/icons/statuses/closed.png" description="The issue is considered finished, the resolution is correct. Issues which are not closed can be reopened.">Closed</status>
                    <statusCategory id="3" key="done" colorName="green" />
                                    <resolution id="3">Duplicate</resolution>
                                        <assignee username="-1">Unassigned</assignee>
                                    <reporter username="drone">Andris Rauda</reporter>
                        <labels>
                    </labels>
                <created>Tue, 10 Mar 2009 12:54:39 +0000</created>
                <updated>Fri, 15 Oct 2010 09:20:15 +0000</updated>
                            <resolved>Tue, 10 Mar 2009 14:18:32 +0000</resolved>
                                    <version>2.0</version>
                                    <fixVersion>2.2</fixVersion>
                                        <due />
                            <votes>0</votes>
                                    <watches>1</watches>
                                                                <comments>
                            <comment id="12680471" author="drone" created="Tue, 10 Mar 2009 14:18:32 +0000">&lt;p&gt;Same as &lt;a href="https://issues.apache.org/jira/browse/NET-236" title="method SubnetUtils.SubnetInfo.isInRange(addr) returns incorrect result" class="issue-link" data-issue-key="NET-236"&gt;&lt;del&gt;NET-236&lt;/del&gt;&lt;/a&gt;&lt;/p&gt;</comment>
                    </comments>
                <issuelinks>
                            <issuelinktype id="12310000">
                    <name>Duplicate</name>
                                            <outwardlinks description="duplicates">
                                        <issuelink>
            <issuekey id="12407423">NET-236</issuekey>
        </issuelink>
                            </outwardlinks>
                                                        </issuelinktype>
                    </issuelinks>
                <attachments>
                    </attachments>
                <subtasks>
                    </subtasks>
                <customfields>
                                                                                                                                                                                                                                                                                                                                                                                                                                                                                                                                                                                                                                                                                                                    <customfield id="customfield_12314020" key="com.atlassian.jira.plugins.jira-development-integration-plugin:devsummary">
                        <customfieldname>Development</customfieldname>
                        <customfieldvalues>
                            
                        </customfieldvalues>
                    </customfield>
                                                                                                                        <customfield id="customfield_12313422" key="com.atlassian.jirafisheyeplugin:jobcheckbox">
                        <customfieldname>Enable Automatic Patch Review</customfieldname>
                        <customfieldvalues>
                            <customfieldvalue>false</customfieldvalue>

                        </customfieldvalues>
                    </customfield>
                                                                                                                                                                                                                                                                                                                                                                                                                                                                                                                                                                                                                                                <customfield id="customfield_12310420" key="com.pyxis.greenhopper.jira:gh-global-rank">
                        <customfieldname>Global Rank</customfieldname>
                        <customfieldvalues>
                            <customfieldvalue>154572</customfieldvalue>
                        </customfieldvalues>
                    </customfield>
                                                                                                                                                                                                                                                                                                                                                                                                                                                                        <customfield id="customfield_12311820" key="com.pyxis.greenhopper.jira:gh-lexo-rank">
                        <customfieldname>Rank</customfieldname>
                        <customfieldvalues>
                            <customfieldvalue>0|i0kva7:</customfieldvalue>

                        </customfieldvalues>
                    </customfield>
                                                                <customfield id="customfield_12310920" key="com.pyxis.greenhopper.jira:gh-global-rank">
                        <customfieldname>Rank (Obsolete)</customfieldname>
                        <customfieldvalues>
                            <customfieldvalue>119886</customfieldvalue>
                        </customfieldvalues>
                    </customfield>
                                                                                                                                                                                                                                                                                                                                                                                                                                                                                                                                                                                                                                                                                                                                                                                            </customfields>
    </item>


</channel>
</rss>