<rss version="0.92">
    <channel>
        <title>ASF JIRA</title>
        <link>https://issues.apache.org/jira/issues/?jql=project+%3D+NET+AND+type+%3D+bug+and+%28status+%3D+RESOLVED+or+status+%3D+closed%29</link>
        <description>An XML representation of a search request</description>
                <language>en-uk</language>
                        <issue start="0" end="464" total="464" />
                <build-info>
            <version>8.20.7</version>
            <build-number>820007</build-number>
            <build-date>16-03-2022</build-date>
        </build-info>

<item>
            <title>[NET-65] [net] program hangs while trying to delete a file on a remote FTP Server after downloading same</title>
                <link>https://issues.apache.org/jira/browse/NET-65</link>
                <project id="12310487" key="NET">Commons Net</project>
                    <description>&lt;p&gt;I am using the commons-net-1.1.0.jar to perform FTP related activities. The &lt;br/&gt;
process I am doing is as follows:&lt;/p&gt;

&lt;p&gt;1. Logon to the remote FTP Server running on Solaris (which is behind a &lt;br/&gt;
firewall)&lt;br/&gt;
2. Download a file&lt;br/&gt;
3. Delete the remote file after successful download&lt;/p&gt;

&lt;p&gt;But here I am facing a problem, once the file is downloaded, it does not get &lt;br/&gt;
deleted in the remote FTP server and the program hangs. An interrupted IO &lt;br/&gt;
Exception is being thrown and the program just hangs. &lt;/p&gt;

&lt;p&gt;Any suggestions will be appreciated&lt;/p&gt;</description>
                <environment>&lt;p&gt;Operating System: other&lt;br/&gt;
Platform: Other&lt;/p&gt;</environment>
        <key id="12342933">NET-65</key>
            <summary>[net] program hangs while trying to delete a file on a remote FTP Server after downloading same</summary>
                <type id="1" iconUrl="https://issues.apache.org/jira/secure/viewavatar?size=xsmall&amp;avatarId=21133&amp;avatarType=issuetype">Bug</type>
                                            <priority id="3" iconUrl="https://issues.apache.org/jira/images/icons/priorities/major.svg">Major</priority>
                        <status id="6" iconUrl="https://issues.apache.org/jira/images/icons/statuses/closed.png" description="The issue is considered finished, the resolution is correct. Issues which are not closed can be reopened.">Closed</status>
                    <statusCategory id="3" key="done" colorName="green" />
                                    <resolution id="1">Fixed</resolution>
                                        <assignee username="-1">Unassigned</assignee>
                                    <reporter username="m_siddu@yahoo.com">Siddique</reporter>
                        <labels>
                    </labels>
                <created>Tue, 21 Feb 2006 18:12:38 +0000</created>
                <updated>Wed, 20 Dec 2006 10:56:02 +0000</updated>
                            <resolved>Wed, 20 Dec 2006 10:56:02 +0000</resolved>
                                    <version>1.1</version>
                                    <fixVersion>2.0</fixVersion>
                                        <due />
                            <votes>0</votes>
                                    <watches>0</watches>
                                                                <comments>
                            <comment id="12411493" author="dfs@apache.org" created="Thu, 23 Feb 2006 03:28:57 +0000">&lt;p&gt;Please provide sample code (i.e., a complete working example with a main() that&lt;br/&gt;
can be compiled and executed) that reproduces the problem.  It sounds like&lt;br/&gt;
you're using retrieveFileStream without calling completePendingCommand. &lt;br/&gt;
However, assuming the issue is not caused by a misuse of the API, before&lt;br/&gt;
investigating further, please upgrade to the latest version of commons-net so we&lt;br/&gt;
do not spend time hunting a problem that has already been fixed.&lt;/p&gt;</comment>
                            <comment id="12411494" author="m_siddu@yahoo.com" created="Thu, 23 Feb 2006 13:43:36 +0000">&lt;p&gt;(In reply to comment #1)&lt;br/&gt;
&amp;gt; Please provide sample code (i.e., a complete working example with a main() &lt;br/&gt;
that&lt;br/&gt;
&amp;gt; can be compiled and executed) that reproduces the problem.  It sounds like&lt;br/&gt;
&amp;gt; you're using retrieveFileStream without calling completePendingCommand. &lt;br/&gt;
&amp;gt; However, assuming the issue is not caused by a misuse of the API, before&lt;br/&gt;
&amp;gt; investigating further, please upgrade to the latest version of commons-net so &lt;br/&gt;
we&lt;br/&gt;
&amp;gt; do not spend time hunting a problem that has already been fixed.&lt;/p&gt;


&lt;p&gt;Well, I have managed to identify the point at which the InterruptedIOException &lt;br/&gt;
is thrown. This occurs in the run() method of the TelnetInputStream class, &lt;br/&gt;
which inturn calls the __read() method. It appears that for some reason when &lt;br/&gt;
there is no response from the remote FTP Server (on Solaris), the thread dies &lt;br/&gt;
and the program just hangs. I have had a look at the latest commons-net, the &lt;br/&gt;
only change I see in that a new runtime exception has been caught. Not sure if &lt;br/&gt;
this will suffice the problem. Do let me know if there is any workaround for &lt;br/&gt;
this problem.&lt;/p&gt;
</comment>
                            <comment id="12411495" author="dfs@apache.org" created="Fri, 24 Feb 2006 04:31:47 +0000">&lt;p&gt;Without a sample that reproduces the problem there is no way to investigate&lt;br/&gt;
further.  All I can suggest is to try Bruno D'Avanzo's setReaderThread(false).&lt;br/&gt;
&lt;a href="http://jakarta.apache.org/commons/net/api/org/apache/commons/net/telnet/TelnetClient.html#setReaderThread(boolean" class="external-link" target="_blank" rel="nofollow noopener"&gt;http://jakarta.apache.org/commons/net/api/org/apache/commons/net/telnet/TelnetClient.html#setReaderThread(boolean&lt;/a&gt;)&lt;br/&gt;
I have no idea if it is related to the situation or not because I cannot&lt;br/&gt;
reproduce the problem.&lt;/p&gt;</comment>
                            <comment id="12411496" author="m_siddu@yahoo.com" created="Thu, 2 Mar 2006 18:35:09 +0000">&lt;p&gt;I am getting a SocketTimeoutException in the run method of the &lt;br/&gt;
TelnetInputStream class. I have set socket timeout to 30000, but when I &lt;br/&gt;
increased it to 120000, I did not the exception. Any suggestions in this regard?&lt;/p&gt;</comment>
                            <comment id="12459893" author="rwinston@eircom.net" created="Wed, 20 Dec 2006 10:56:02 +0000">&lt;p&gt;This is also related to the TelnetClient threading issue, which is fixed in 2.0.&lt;/p&gt;</comment>
                    </comments>
                    <attachments>
                    </attachments>
                <subtasks>
                    </subtasks>
                <customfields>
                                                                                                                                                                                                                                                                                                                                                                                                                                                                                                                                                                                                    <customfield id="customfield_10010" key="com.atlassian.jira.plugin.system.customfieldtypes:importid">
                        <customfieldname>Bugzilla Id</customfieldname>
                        <customfieldvalues>
                            <customfieldvalue>38730</customfieldvalue>
                        </customfieldvalues>
                    </customfield>
                                                                                                                                                    <customfield id="customfield_12314020" key="com.atlassian.jira.plugins.jira-development-integration-plugin:devsummary">
                        <customfieldname>Development</customfieldname>
                        <customfieldvalues>
                            
                        </customfieldvalues>
                    </customfield>
                                                                                                                        <customfield id="customfield_12313422" key="com.atlassian.jirafisheyeplugin:jobcheckbox">
                        <customfieldname>Enable Automatic Patch Review</customfieldname>
                        <customfieldvalues>
                            <customfieldvalue>false</customfieldvalue>

                        </customfieldvalues>
                    </customfield>
                                                                                                                                                                                                                                                                                                                                                                                                                                                                                                                                                                                                                                                <customfield id="customfield_12310420" key="com.pyxis.greenhopper.jira:gh-global-rank">
                        <customfieldname>Global Rank</customfieldname>
                        <customfieldvalues>
                            <customfieldvalue>87706</customfieldvalue>
                        </customfieldvalues>
                    </customfield>
                                                                                                                                                                                                                                                                                                                                                                                                                                                                        <customfield id="customfield_12311820" key="com.pyxis.greenhopper.jira:gh-lexo-rank">
                        <customfieldname>Rank</customfieldname>
                        <customfieldvalues>
                            <customfieldvalue>0|i0y6o7:</customfieldvalue>

                        </customfieldvalues>
                    </customfield>
                                                                <customfield id="customfield_12310920" key="com.pyxis.greenhopper.jira:gh-global-rank">
                        <customfieldname>Rank (Obsolete)</customfieldname>
                        <customfieldvalues>
                            <customfieldvalue>197550</customfieldvalue>
                        </customfieldvalues>
                    </customfield>
                                                                                                                                                                                                                                                                                                                                                                                                                                                                                                                                                                                                                                                                                                                                                                                            </customfields>
    </item>


</channel>
</rss>