<rss version="0.92">
    <channel>
        <title>ASF JIRA</title>
        <link>https://issues.apache.org/jira/issues/?jql=project+%3D+NET+AND+type+%3D+bug+and+%28status+%3D+RESOLVED+or+status+%3D+closed%29</link>
        <description>An XML representation of a search request</description>
                <language>en-uk</language>
                        <issue start="0" end="464" total="464" />
                <build-info>
            <version>8.20.7</version>
            <build-number>820007</build-number>
            <build-date>16-03-2022</build-date>
        </build-info>

<item>
            <title>[NET-105] [net] FTP Parsing off in Net Components for ACL</title>
                <link>https://issues.apache.org/jira/browse/NET-105</link>
                <project id="12310487" key="NET">Commons Net</project>
                    <description>&lt;p&gt;If a directory has a access control list tied to it, when a directory listing is&lt;br/&gt;
spit out, a plus is appended onto the end of the permissions.  This causes&lt;br/&gt;
parsing of the file fails.  Below are two patches that solves this.  The first&lt;br/&gt;
is for the test file under&lt;br/&gt;
/net/trunk/src/test/org/apache/commons/net/ftp/parser/.  The second is the&lt;br/&gt;
actual parser that is under /net/trunk/src/java/org/apache/commons/net/ftp/parser.&lt;/p&gt;


&lt;p&gt;Index: UnixFTPEntryParserTest.java&lt;br/&gt;
===================================================================&lt;br/&gt;
&amp;#8212; UnixFTPEntryParserTest.java	(revision 155093)&lt;br/&gt;
+++ UnixFTPEntryParserTest.java	(working copy)&lt;br/&gt;
@@ -24,7 +24,7 @@&lt;/p&gt;

&lt;p&gt; /**&lt;/p&gt;
&lt;ul&gt;
	&lt;li&gt;@author &amp;lt;a href="mailto:scohen@apache.org"&amp;gt;Steve Cohen&amp;lt;/a&amp;gt;&lt;/li&gt;
&lt;/ul&gt;
&lt;ul class="alternate" type="square"&gt;
	&lt;li&gt;* @version $Id: UnixFTPEntryParserTest.java,v 1.15 2004/09/14 01:47:17 scohen&lt;br/&gt;
Exp $&lt;br/&gt;
+ * @version $Id$&lt;br/&gt;
  */&lt;br/&gt;
 public class UnixFTPEntryParserTest extends FTPParseTestFramework&lt;br/&gt;
 {&lt;br/&gt;
@@ -45,6 +45,7 @@&lt;/li&gt;
&lt;/ul&gt;


&lt;p&gt;     private static final String[] goodsamples =&lt;br/&gt;
     &lt;/p&gt;
{
+
         "-rw-r--r--   1 500      500            21 Aug  8 14:14 JB3-TES1.gz",
         "-rwxr-xr-x   2 root     root         4096 Mar  2 15:13 zxbox",
         "drwxr-xr-x   2 root     root         4096 Aug 24  2001 zxjdbc",
@@ -70,6 +71,8 @@
         "-rwSr-Sr--   1 500      500             0 Mar 25 08:22 testSuid",
 		"-rwsr-sr--   1 500      500             0 Mar 25 08:23 testSuidExec",
 		"-rwsr-sr--   1 500      500             0 Mar 25 0:23 testSuidExec2",
+        "drwxrwx---+ 23 500     500    0 Jan 10 13:09 testACL",
+
 		"-rw-r--r--   1 1        3518644 May 25 12:12 std"
     }
&lt;p&gt;;&lt;/p&gt;


&lt;p&gt;Index: UnixFTPEntryParser.java&lt;br/&gt;
===================================================================&lt;br/&gt;
&amp;#8212; UnixFTPEntryParser.java	(revision 155093)&lt;br/&gt;
+++ UnixFTPEntryParser.java	(working copy)&lt;br/&gt;
@@ -26,7 +26,7 @@&lt;/p&gt;
&lt;ul&gt;
	&lt;li&gt;This class is based on the logic of Daniel Savarese's&lt;/li&gt;
	&lt;li&gt;DefaultFTPListParser, but adapted to use regular expressions and to fit the&lt;/li&gt;
	&lt;li&gt;new FTPFileEntryParser interface.&lt;/li&gt;
&lt;/ul&gt;
&lt;ul class="alternate" type="square"&gt;
	&lt;li&gt;* @version $Id: UnixFTPEntryParser.java,v 1.21 2005/01/02 03:17:50 scohen Exp $&lt;br/&gt;
+ * @version $Id$&lt;/li&gt;
&lt;/ul&gt;
&lt;ul&gt;
	&lt;li&gt;@see org.apache.commons.net.ftp.FTPFileEntryParser FTPFileEntryParser (for&lt;br/&gt;
usage instructions)&lt;br/&gt;
  */&lt;br/&gt;
 public class UnixFTPEntryParser extends ConfigurableFTPFileEntryParserImpl&lt;br/&gt;
@@ -65,7 +65,7 @@&lt;br/&gt;
      */&lt;br/&gt;
     private static final String REGEX =&lt;br/&gt;
         "(&lt;span class="error"&gt;&amp;#91;bcdlfmpSs-&amp;#93;&lt;/span&gt;)"&lt;/li&gt;
&lt;/ul&gt;
&lt;ul class="alternate" type="square"&gt;
	&lt;li&gt;+&lt;br/&gt;
"(((r|&lt;del&gt;)(w|&lt;/del&gt;)(&lt;span class="error"&gt;&amp;#91;xsStTL-&amp;#93;&lt;/span&gt;))((r|&lt;del&gt;)(w|&lt;/del&gt;)(&lt;span class="error"&gt;&amp;#91;xsStTL-&amp;#93;&lt;/span&gt;))((r|&lt;del&gt;)(w|&lt;/del&gt;)(&lt;span class="error"&gt;&amp;#91;xsStTL-&amp;#93;&lt;/span&gt;)))&lt;br class="atl-forced-newline" /&gt;s+"&lt;br/&gt;
+        +&lt;br/&gt;
"(((r|&lt;del&gt;)(w|&lt;/del&gt;)(&lt;span class="error"&gt;&amp;#91;xsStTL-&amp;#93;&lt;/span&gt;))((r|&lt;del&gt;)(w|&lt;/del&gt;)(&lt;span class="error"&gt;&amp;#91;xsStTL-&amp;#93;&lt;/span&gt;))((r|&lt;del&gt;)(w|&lt;/del&gt;)(&lt;span class="error"&gt;&amp;#91;xsStTL-&amp;#93;&lt;/span&gt;)))\\+?&lt;br class="atl-forced-newline" /&gt;s+"&lt;br/&gt;
         + "(\\d+)&lt;br class="atl-forced-newline" /&gt;s+"&lt;br/&gt;
         + "(\\S+)&lt;br class="atl-forced-newline" /&gt;s+"&lt;br/&gt;
         + "(?&lt;img class="emoticon" src="https://issues.apache.org/jira/images/icons/emoticons/sad.png" height="16" width="16" align="absmiddle" alt="" border="0"/&gt;\\S+)&lt;br class="atl-forced-newline" /&gt;s+)?"&lt;/li&gt;
&lt;/ul&gt;
</description>
                <environment>&lt;p&gt;Operating System: Windows XP&lt;br/&gt;
Platform: PC&lt;/p&gt;</environment>
        <key id="12342109">NET-105</key>
            <summary>[net] FTP Parsing off in Net Components for ACL</summary>
                <type id="1" iconUrl="https://issues.apache.org/jira/secure/viewavatar?size=xsmall&amp;avatarId=21133&amp;avatarType=issuetype">Bug</type>
                                            <priority id="3" iconUrl="https://issues.apache.org/jira/images/icons/priorities/major.svg">Major</priority>
                        <status id="6" iconUrl="https://issues.apache.org/jira/images/icons/statuses/closed.png" description="The issue is considered finished, the resolution is correct. Issues which are not closed can be reopened.">Closed</status>
                    <statusCategory id="3" key="done" colorName="green" />
                                    <resolution id="1">Fixed</resolution>
                                        <assignee username="-1">Unassigned</assignee>
                                    <reporter username="robertalasch@yahoo.com">Robert Lasch</reporter>
                        <labels>
                    </labels>
                <created>Sat, 12 Mar 2005 07:37:41 +0000</created>
                <updated>Thu, 20 Sep 2007 05:31:16 +0000</updated>
                            <resolved>Thu, 20 Sep 2007 05:31:16 +0000</resolved>
                                    <version>Nightly Builds</version>
                                                        <due />
                            <votes>0</votes>
                                    <watches>0</watches>
                                                                <comments>
                            <comment id="12408876" author="rwinston@eircom.net" created="Fri, 15 Apr 2005 23:08:31 +0000">&lt;p&gt;Applied patch. Thanks.&lt;/p&gt;</comment>
                    </comments>
                    <attachments>
                    </attachments>
                <subtasks>
                    </subtasks>
                <customfields>
                                                                                                                                                                                                                                                                                                                                                                                                                                                                                                                                                                                                    <customfield id="customfield_10010" key="com.atlassian.jira.plugin.system.customfieldtypes:importid">
                        <customfieldname>Bugzilla Id</customfieldname>
                        <customfieldvalues>
                            <customfieldvalue>33972</customfieldvalue>
                        </customfieldvalues>
                    </customfield>
                                                                                                                                                    <customfield id="customfield_12314020" key="com.atlassian.jira.plugins.jira-development-integration-plugin:devsummary">
                        <customfieldname>Development</customfieldname>
                        <customfieldvalues>
                            
                        </customfieldvalues>
                    </customfield>
                                                                                                                        <customfield id="customfield_12313422" key="com.atlassian.jirafisheyeplugin:jobcheckbox">
                        <customfieldname>Enable Automatic Patch Review</customfieldname>
                        <customfieldvalues>
                            <customfieldvalue>false</customfieldvalue>

                        </customfieldvalues>
                    </customfield>
                                                                                                                                                                                                                                                                                                                                                                                                                                                                                                                                                                                                                                                <customfield id="customfield_12310420" key="com.pyxis.greenhopper.jira:gh-global-rank">
                        <customfieldname>Global Rank</customfieldname>
                        <customfieldvalues>
                            <customfieldvalue>154442</customfieldvalue>
                        </customfieldvalues>
                    </customfield>
                                                                                                                                                                                                                                                                                                                                                                                                                                                                        <customfield id="customfield_12311820" key="com.pyxis.greenhopper.jira:gh-lexo-rank">
                        <customfieldname>Rank</customfieldname>
                        <customfieldvalues>
                            <customfieldvalue>0|i0lpgf:</customfieldvalue>

                        </customfieldvalues>
                    </customfield>
                                                                <customfield id="customfield_12310920" key="com.pyxis.greenhopper.jira:gh-global-rank">
                        <customfieldname>Rank (Obsolete)</customfieldname>
                        <customfieldvalues>
                            <customfieldvalue>124775</customfieldvalue>
                        </customfieldvalues>
                    </customfield>
                                                                                                                                                                                                                                                                                                                                                                                                                                                                                                                                                                                                                                                                                                                                                                                            </customfields>
    </item>


</channel>
</rss>