<rss version="0.92">
    <channel>
        <title>ASF JIRA</title>
        <link>https://issues.apache.org/jira/issues/?jql=project+%3D+NET+AND+type+%3D+bug+and+%28status+%3D+RESOLVED+or+status+%3D+closed%29</link>
        <description>An XML representation of a search request</description>
                <language>en-uk</language>
                        <issue start="0" end="464" total="464" />
                <build-info>
            <version>8.20.7</version>
            <build-number>820007</build-number>
            <build-date>16-03-2022</build-date>
        </build-info>

<item>
            <title>[NET-190] [FTP Client] Not listing files with 'invalid' date</title>
                <link>https://issues.apache.org/jira/browse/NET-190</link>
                <project id="12310487" key="NET">Commons Net</project>
                    <description>&lt;p&gt;When trying to list files in a FTP directory with two files returns 0 FileObjects.&lt;/p&gt;

&lt;p&gt;With another FTP client.... response is:&lt;br/&gt;
ftp&amp;gt; ls&lt;br/&gt;
227 Entering Passive Mode (212,163,35,155,160,40)&lt;br/&gt;
150 Conexi&#243;n de datos aceptada&lt;br/&gt;
&lt;del&gt;rw-r&lt;/del&gt;&lt;del&gt;r&lt;/del&gt;-    1 0        0             222 Feb 29 09:47 AYC01R&lt;br/&gt;
&lt;del&gt;rw-r&lt;/del&gt;&lt;del&gt;r&lt;/del&gt;-    1 0        0             688 Feb 29 03:04 AYC02R&lt;br/&gt;
226-Options: -l &lt;br/&gt;
226 2 ocurrencias en total&lt;/p&gt;

&lt;p&gt;... so there are two files with date "FEBRUARY 29" (2008 is a leap year)&lt;/p&gt;

&lt;p&gt;When listing files with Jakarta Commons VFS over Jakarta Commons NET it returns 0 files.&lt;/p&gt;

&lt;p&gt;I revised Commons Net source and I found in 'org.apache.commons.net.ftp.parser.UnixFTPEntryParser' the following code:&lt;br/&gt;
            try&lt;/p&gt;
            {
                file.setTimestamp(super.parseTimestamp(datestr));
            }
&lt;p&gt;            catch (ParseException e)&lt;/p&gt;
            {
            	return null;  // this is a parsing failure too.
            }

&lt;p&gt;So I guess maybe the timestamp parser is throwing a ParseException (perhaps it's guessing a incorrect year) and in this case is returning NULL so the calling class is ignoring these files with 'Feb 29' date.&lt;/p&gt;

&lt;p&gt;I think this behaviour is incorrect and must be fixed. If date is considered invalid it would throw an exception,... not simply ignore the file.&lt;/p&gt;</description>
                <environment>&lt;p&gt;FTP Gateway: Response:	331-httpiproxy2 FTP server (Version 1.9.2.4 - 2005/01/11 13:03:28) ready.&lt;br/&gt;
FTP Server: Response:	215 UNIX Type: L8&lt;br/&gt;
FTP Client: Jakarta Commons VFS over Jakarta Commons NET&lt;/p&gt;</environment>
        <key id="12389869">NET-190</key>
            <summary>[FTP Client] Not listing files with 'invalid' date</summary>
                <type id="1" iconUrl="https://issues.apache.org/jira/secure/viewavatar?size=xsmall&amp;avatarId=21133&amp;avatarType=issuetype">Bug</type>
                                            <priority id="3" iconUrl="https://issues.apache.org/jira/images/icons/priorities/major.svg">Major</priority>
                        <status id="6" iconUrl="https://issues.apache.org/jira/images/icons/statuses/closed.png" description="The issue is considered finished, the resolution is correct. Issues which are not closed can be reopened.">Closed</status>
                    <statusCategory id="3" key="done" colorName="green" />
                                    <resolution id="3">Duplicate</resolution>
                                        <assignee username="-1">Unassigned</assignee>
                                    <reporter username="diego.souto">Diego Souto</reporter>
                        <labels>
                    </labels>
                <created>Fri, 29 Feb 2008 13:09:42 +0000</created>
                <updated>Sat, 1 Mar 2008 15:16:28 +0000</updated>
                            <resolved>Sat, 1 Mar 2008 12:07:59 +0000</resolved>
                                    <version>1.4</version>
                                                        <due />
                            <votes>0</votes>
                                    <watches>3</watches>
                                    <timeoriginalestimate seconds="10800">3h</timeoriginalestimate>
                            <timeestimate seconds="10800">3h</timeestimate>
                                        <comments>
                            <comment id="12573749" author="timfooy" created="Fri, 29 Feb 2008 14:03:53 +0000">&lt;p&gt;Seems highly related to &lt;a href="https://issues.apache.org/jira/browse/NET-188" title="FTPClient#listFiles returns null element when file&amp;#39;s timestamp is &amp;quot;02/29&amp;quot;" class="issue-link" data-issue-key="NET-188"&gt;&lt;del&gt;NET-188&lt;/del&gt;&lt;/a&gt;.&lt;/p&gt;</comment>
                            <comment id="12573903" author="bladerunner" created="Fri, 29 Feb 2008 19:03:35 +0000">&lt;p&gt;I just entered to submit the same issue. In my opinion, the solution must be to add the year field before the first parse, instead of doing this after successful parsing (which is done now). The reason for this problem is the stupid behaviour of all unix systems, to omit the year, when displaying dates in the "nearest" past (I don't know the limit). Unfortunately even the ftp servers do the same.&lt;/p&gt;

&lt;p&gt;It would be very nice, if someone could fix this issue shortly, because we programmed a JobScheduler on base of commons.net, and so at the moment this program is not able to get any file from a directory containing a file from Feb 29 because of the null elements in the FtpFile array (okay, this could be fixed by skipping the nulls, but of course we need also to get the files from this date).&lt;/p&gt;

&lt;p&gt;Thanks in advance&lt;/p&gt;

&lt;p&gt;W. Pasche, Sabre Travel Networks&lt;/p&gt;</comment>
                            <comment id="12573935" author="wpoziombka" created="Fri, 29 Feb 2008 20:24:45 +0000">&lt;p&gt;I've drilled in and the problem is that the timestamp parsing code depends on SimpleDateFormat with leniency disabled.  That does not parse the date e.g., "Feb 29 17:46".&lt;/p&gt;

&lt;p&gt;			ParsePosition pp = new ParsePosition(0);&lt;br/&gt;
			SimpleDateFormat format = new SimpleDateFormat("MMM d HH:mm");&lt;br/&gt;
			format.setLenient(false);&lt;br/&gt;
			Date date = format.parse("Feb 29 17:46", pp);&lt;/p&gt;

&lt;p&gt;Yields null.  This should probably be a little smarter about how it parsed timestamps.  One should append the year to the recent date before parsing with SimpleDateFormat.  For instance, &lt;/p&gt;

&lt;p&gt;			Calendar c = Calendar.getInstance();			&lt;br/&gt;
			ParsePosition pp = new ParsePosition(0);&lt;br/&gt;
			SimpleDateFormat recentWithYear = new SimpleDateFormat("MMM d HH:mmyyyy");&lt;br/&gt;
			format.setLenient(false);&lt;br/&gt;
			Date date = recentWithYear.parse("Feb 29 17:46" + c.get(Calendar.YEAR), pp);&lt;/p&gt;

&lt;p&gt;produces the correct date.  &lt;/p&gt;</comment>
                    </comments>
                <issuelinks>
                            <issuelinktype id="12310000">
                    <name>Duplicate</name>
                                            <outwardlinks description="duplicates">
                                        <issuelink>
            <issuekey id="12389468">NET-188</issuekey>
        </issuelink>
                            </outwardlinks>
                                                        </issuelinktype>
                    </issuelinks>
                <attachments>
                    </attachments>
                <subtasks>
                    </subtasks>
                <customfields>
                                                                                                                                                                                                                                                                                                                                                                                                                                                                                                                                                                                                                                                                                                                    <customfield id="customfield_12314020" key="com.atlassian.jira.plugins.jira-development-integration-plugin:devsummary">
                        <customfieldname>Development</customfieldname>
                        <customfieldvalues>
                            
                        </customfieldvalues>
                    </customfield>
                                                                                                                        <customfield id="customfield_12313422" key="com.atlassian.jirafisheyeplugin:jobcheckbox">
                        <customfieldname>Enable Automatic Patch Review</customfieldname>
                        <customfieldvalues>
                            <customfieldvalue>false</customfieldvalue>

                        </customfieldvalues>
                    </customfield>
                                                                                                                                                                                                                                                                                                                                                                                                                                                                                                                                                                                                                                                <customfield id="customfield_12310420" key="com.pyxis.greenhopper.jira:gh-global-rank">
                        <customfieldname>Global Rank</customfieldname>
                        <customfieldvalues>
                            <customfieldvalue>154522</customfieldvalue>
                        </customfieldvalues>
                    </customfield>
                                                                                                                                                                                                                                                                                                                                                                                                                                                                        <customfield id="customfield_12311820" key="com.pyxis.greenhopper.jira:gh-lexo-rank">
                        <customfieldname>Rank</customfieldname>
                        <customfieldvalues>
                            <customfieldvalue>0|i0ybm7:</customfieldvalue>

                        </customfieldvalues>
                    </customfield>
                                                                <customfield id="customfield_12310920" key="com.pyxis.greenhopper.jira:gh-global-rank">
                        <customfieldname>Rank (Obsolete)</customfieldname>
                        <customfieldvalues>
                            <customfieldvalue>198351</customfieldvalue>
                        </customfieldvalues>
                    </customfield>
                                                                                                                                                                                                                                                                                                                                                                                                                                                                                                                                                                                                                                                                                                                                                                                            </customfields>
    </item>


</channel>
</rss>