<rss version="0.92">
    <channel>
        <title>ASF JIRA</title>
        <link>https://issues.apache.org/jira/issues/?jql=project+%3D+NET+AND+type+%3D+bug+and+%28status+%3D+RESOLVED+or+status+%3D+closed%29</link>
        <description>An XML representation of a search request</description>
                <language>en-uk</language>
                        <issue start="0" end="464" total="464" />
                <build-info>
            <version>8.20.7</version>
            <build-number>820007</build-number>
            <build-date>16-03-2022</build-date>
        </build-info>

<item>
            <title>[NET-201] UnixFTPEntryParser does not handle character/block special devices properly</title>
                <link>https://issues.apache.org/jira/browse/NET-201</link>
                <project id="12310487" key="NET">Commons Net</project>
                    <description>&lt;p&gt;The following is a valid entry from a FreeBSD system:&lt;/p&gt;

&lt;p&gt;      crw-r-----  1 root      kmem        0,  27 Jan 30 11:42 kmem&lt;/p&gt;

&lt;p&gt;This causes a parse error, because the regular expression does not allow for the major and minor device numbers.&lt;/p&gt;</description>
                <environment />
        <key id="12390609">NET-201</key>
            <summary>UnixFTPEntryParser does not handle character/block special devices properly</summary>
                <type id="1" iconUrl="https://issues.apache.org/jira/secure/viewavatar?size=xsmall&amp;avatarId=21133&amp;avatarType=issuetype">Bug</type>
                                            <priority id="3" iconUrl="https://issues.apache.org/jira/images/icons/priorities/major.svg">Major</priority>
                        <status id="6" iconUrl="https://issues.apache.org/jira/images/icons/statuses/closed.png" description="The issue is considered finished, the resolution is correct. Issues which are not closed can be reopened.">Closed</status>
                    <statusCategory id="3" key="done" colorName="green" />
                                    <resolution id="1">Fixed</resolution>
                                        <assignee username="-1">Unassigned</assignee>
                                    <reporter username="sebb">Sebb</reporter>
                        <labels>
                    </labels>
                <created>Sun, 9 Mar 2008 20:20:59 +0000</created>
                <updated>Sun, 16 Mar 2008 21:46:14 +0000</updated>
                            <resolved>Sun, 16 Mar 2008 20:18:52 +0000</resolved>
                                                    <fixVersion>1.5</fixVersion>
                    <fixVersion>2.0</fixVersion>
                                        <due />
                            <votes>1</votes>
                                    <watches>1</watches>
                                                                <comments>
                            <comment id="12579189" author="moberhuber" created="Sun, 16 Mar 2008 13:21:06 +0000">&lt;p&gt;We found the same issue on a Solaris server a while back, and resorted to a workaround of not showing the file (because we reckoned that users cannot do much with a character special device anyways).&lt;/p&gt;

&lt;p&gt;The point is that Commons Net throws a parse exception, because it expects a single number ("size") where it finds the device numbers ("0, 27"). What we did is catch the exception and ignore the file. See &lt;a href="https://bugs.eclipse.org/bugs/show_bug.cgi?id=197105" class="external-link" target="_blank" rel="nofollow noopener"&gt;https://bugs.eclipse.org/bugs/show_bug.cgi?id=197105&lt;/a&gt;&lt;/p&gt;

&lt;p&gt;A possible fix should be in UnixFTPEntryParser.java line 94, replace&lt;br/&gt;
        + "(\\d+)&lt;br class="atl-forced-newline" /&gt;s+"  &lt;br/&gt;
by&lt;br/&gt;
        + "(\\d+(?:,\\s*\\d+)?)&lt;br class="atl-forced-newline" /&gt;s+"&lt;/p&gt;

&lt;p&gt;This will result in a valid FTPFile with size=0 and valid raw listing attached. I do not think that it is worth changing the FTPFile API to have separate fields for the major and minor numbers.&lt;/p&gt;</comment>
                            <comment id="12579190" author="moberhuber" created="Sun, 16 Mar 2008 13:40:23 +0000">&lt;p&gt;Attached patch + unittests.&lt;br/&gt;
May I vote for this to be applied for the upcoming 1.5 release?&lt;/p&gt;</comment>
                            <comment id="12579241" author="rwinston@eircom.net" created="Sun, 16 Mar 2008 20:03:15 +0000">&lt;p&gt;Martin&lt;/p&gt;

&lt;p&gt;That sounds reasonable to me  - I'll apply to 1.5 and 2.0 now and then we can verify and test. &lt;/p&gt;</comment>
                            <comment id="12579246" author="rwinston@eircom.net" created="Sun, 16 Mar 2008 20:18:52 +0000">&lt;p&gt;Applied.&lt;/p&gt;</comment>
                            <comment id="12579266" author="sebb@apache.org" created="Sun, 16 Mar 2008 21:46:14 +0000">&lt;p&gt;Seems to be similar to &lt;a href="https://issues.apache.org/jira/browse/NET-25" title="[net] Unix parser does not handle special files." class="issue-link" data-issue-key="NET-25"&gt;&lt;del&gt;NET-25&lt;/del&gt;&lt;/a&gt;&lt;/p&gt;</comment>
                    </comments>
                <issuelinks>
                            <issuelinktype id="10030">
                    <name>Reference</name>
                                                                <inwardlinks description="is related to">
                                        <issuelink>
            <issuekey id="12341526">NET-25</issuekey>
        </issuelink>
                            </inwardlinks>
                                    </issuelinktype>
                    </issuelinks>
                <attachments>
                            <attachment id="12377996" name="FTPParse_specialDevices.patch" size="1825" author="moberhuber" created="Sun, 16 Mar 2008 13:40:23 +0000" />
                    </attachments>
                <subtasks>
                    </subtasks>
                <customfields>
                                                                                                                                                                                                                                                                                                                                                                                                                                                                                                                                                                                                                                                                                                                    <customfield id="customfield_12314020" key="com.atlassian.jira.plugins.jira-development-integration-plugin:devsummary">
                        <customfieldname>Development</customfieldname>
                        <customfieldvalues>
                            
                        </customfieldvalues>
                    </customfield>
                                                                                                                        <customfield id="customfield_12313422" key="com.atlassian.jirafisheyeplugin:jobcheckbox">
                        <customfieldname>Enable Automatic Patch Review</customfieldname>
                        <customfieldvalues>
                            <customfieldvalue>false</customfieldvalue>

                        </customfieldvalues>
                    </customfield>
                                                                                                                                                                                                                                                                                                                                                                                                                                                                                                                                                                                                                                                <customfield id="customfield_12310420" key="com.pyxis.greenhopper.jira:gh-global-rank">
                        <customfieldname>Global Rank</customfieldname>
                        <customfieldvalues>
                            <customfieldvalue>154531</customfieldvalue>
                        </customfieldvalues>
                    </customfield>
                                                                                                                                                                                                                                                                                                                                                                                                                                                                        <customfield id="customfield_12311820" key="com.pyxis.greenhopper.jira:gh-lexo-rank">
                        <customfieldname>Rank</customfieldname>
                        <customfieldvalues>
                            <customfieldvalue>0|i0y9un:</customfieldvalue>

                        </customfieldvalues>
                    </customfield>
                                                                <customfield id="customfield_12310920" key="com.pyxis.greenhopper.jira:gh-global-rank">
                        <customfieldname>Rank (Obsolete)</customfieldname>
                        <customfieldvalues>
                            <customfieldvalue>198065</customfieldvalue>
                        </customfieldvalues>
                    </customfield>
                                                                                                                                                                                                                                                                                                                                                                                                                                                                                                                                                                                                                                                                                                                                                                                            </customfields>
    </item>


</channel>
</rss>