<rss version="0.92">
    <channel>
        <title>ASF JIRA</title>
        <link>https://issues.apache.org/jira/issues/?jql=project+%3D+NET+AND+type+%3D+bug+and+%28status+%3D+RESOLVED+or+status+%3D+closed%29</link>
        <description>An XML representation of a search request</description>
                <language>en-uk</language>
                        <issue start="0" end="464" total="464" />
                <build-info>
            <version>8.20.7</version>
            <build-number>820007</build-number>
            <build-date>16-03-2022</build-date>
        </build-info>

<item>
            <title>[NET-505] User specified bufferSize reset to default when FTPClient is disconnected or reinitialized resulting in performance degradation</title>
                <link>https://issues.apache.org/jira/browse/NET-505</link>
                <project id="12310487" key="NET">Commons Net</project>
                    <description>&lt;p&gt;The _&lt;em&gt;bufferSize member variable is reset in the __initDefaults() method. This method is called from the FTPClient's constructor, _connectAction&lt;/em&gt;, reinitialize, and disconnect. This can happen when the FTPClient is re-used after the remote server closes a session due to a timeout, for example. &lt;/p&gt;

&lt;p&gt;If the bufferSize is set by the user via the setBufferSize() method, the value is lost when the buffer size is reset. Since the default buffer size controls the amount read from the input stream and written to the output stream, and is so low by default (1024B as defined by Util.DEFAULT_BUFFER_SIZE) the performance of FTPClient drops dramatically.&lt;/p&gt;

&lt;p&gt;The recommendation would be to initialize __bufferSize to zero when it is declared and then remove the assignment in __initDefaults().&lt;/p&gt;</description>
                <environment />
        <key id="12637192">NET-505</key>
            <summary>User specified bufferSize reset to default when FTPClient is disconnected or reinitialized resulting in performance degradation</summary>
                <type id="1" iconUrl="https://issues.apache.org/jira/secure/viewavatar?size=xsmall&amp;avatarId=21133&amp;avatarType=issuetype">Bug</type>
                                            <priority id="3" iconUrl="https://issues.apache.org/jira/images/icons/priorities/major.svg">Major</priority>
                        <status id="6" iconUrl="https://issues.apache.org/jira/images/icons/statuses/closed.png" description="The issue is considered finished, the resolution is correct. Issues which are not closed can be reopened.">Closed</status>
                    <statusCategory id="3" key="done" colorName="green" />
                                    <resolution id="1">Fixed</resolution>
                                        <assignee username="-1">Unassigned</assignee>
                                    <reporter username="keriisan">Sean Kelley</reporter>
                        <labels>
                    </labels>
                <created>Fri, 15 Mar 2013 13:07:49 +0000</created>
                <updated>Wed, 12 Jun 2013 21:09:52 +0000</updated>
                            <resolved>Thu, 6 Jun 2013 09:04:17 +0000</resolved>
                                    <version>3.2</version>
                                    <fixVersion>3.3</fixVersion>
                                    <component>FTP</component>
                        <due />
                            <votes>0</votes>
                                    <watches>1</watches>
                                                                <comments>
                            <comment id="13676858" author="sebb@apache.org" created="Thu, 6 Jun 2013 09:04:17 +0000">&lt;p&gt;URL: &lt;a href="http://svn.apache.org/r1490203" class="external-link" target="_blank" rel="nofollow noopener"&gt;http://svn.apache.org/r1490203&lt;/a&gt;&lt;br/&gt;
Log:&lt;br/&gt;
&lt;a href="https://issues.apache.org/jira/browse/NET-505" title="User specified bufferSize reset to default when FTPClient is disconnected or reinitialized resulting in performance degradation" class="issue-link" data-issue-key="NET-505"&gt;&lt;del&gt;NET-505&lt;/del&gt;&lt;/a&gt; User specified bufferSize reset to default when FTPClient is disconnected or reinitialized resulting in performance degradation.&lt;/p&gt;

&lt;p&gt;Modified:&lt;br/&gt;
    commons/proper/net/trunk/src/changes/changes.xml&lt;br/&gt;
    commons/proper/net/trunk/src/main/java/org/apache/commons/net/ftp/FTPClient.java&lt;/p&gt;</comment>
                    </comments>
                    <attachments>
                    </attachments>
                <subtasks>
                    </subtasks>
                <customfields>
                                                                                                                                                                                                                                                                                                                                                                                                                                                                                                                                                                                                                                                                                                                    <customfield id="customfield_12314020" key="com.atlassian.jira.plugins.jira-development-integration-plugin:devsummary">
                        <customfieldname>Development</customfieldname>
                        <customfieldvalues>
                            
                        </customfieldvalues>
                    </customfield>
                                                                                                                        <customfield id="customfield_12313422" key="com.atlassian.jirafisheyeplugin:jobcheckbox">
                        <customfieldname>Enable Automatic Patch Review</customfieldname>
                        <customfieldvalues>
                            <customfieldvalue>false</customfieldvalue>

                        </customfieldvalues>
                    </customfield>
                                                                                                                                                                                                                                                                                                                                                                                                                                                                                                                                                                                                                                                <customfield id="customfield_12310420" key="com.pyxis.greenhopper.jira:gh-global-rank">
                        <customfieldname>Global Rank</customfieldname>
                        <customfieldvalues>
                            <customfieldvalue>317684</customfieldvalue>
                        </customfieldvalues>
                    </customfield>
                                                                                                                                                                                                                                                                                                                                                                                                                                                                        <customfield id="customfield_12311820" key="com.pyxis.greenhopper.jira:gh-lexo-rank">
                        <customfieldname>Rank</customfieldname>
                        <customfieldvalues>
                            <customfieldvalue>0|i1iten:</customfieldvalue>

                        </customfieldvalues>
                    </customfield>
                                                                <customfield id="customfield_12310920" key="com.pyxis.greenhopper.jira:gh-global-rank">
                        <customfieldname>Rank (Obsolete)</customfieldname>
                        <customfieldvalues>
                            <customfieldvalue>318025</customfieldvalue>
                        </customfieldvalues>
                    </customfield>
                                                                                                                                                                                                                                                                                                                                                                                                                                                                                                                                                                                                                                                                                                                                                                                            </customfields>
    </item>


</channel>
</rss>