<rss version="0.92">
    <channel>
        <title>ASF JIRA</title>
        <link>https://issues.apache.org/jira/issues/?jql=project+%3D+NET+AND+type+%3D+bug+and+%28status+%3D+RESOLVED+or+status+%3D+closed%29</link>
        <description>An XML representation of a search request</description>
                <language>en-uk</language>
                        <issue start="0" end="464" total="464" />
                <build-info>
            <version>8.20.7</version>
            <build-number>820007</build-number>
            <build-date>16-03-2022</build-date>
        </build-info>

<item>
            <title>[NET-111] [net] The telnet client is leaving the connection even after calling the disconnect properly.</title>
                <link>https://issues.apache.org/jira/browse/NET-111</link>
                <project id="12310487" key="NET">Commons Net</project>
                    <description>&lt;p&gt;The TelnetClient module of commons/net is leaving the connection on the server &lt;br/&gt;
open even after the disconnect() is called properly. This is happening only on &lt;br/&gt;
Linux but not on solaris. I am using redhat Linux 8.0 on Intel xeon. Kernel &lt;br/&gt;
version 2.4.20-20.8smp.&lt;/p&gt;

&lt;p&gt;Temporarly we are sending exit to the telnet shell, which is clearing the &lt;br/&gt;
connection, but causing the null pointer exception.&lt;/p&gt;

&lt;p&gt;==========================&lt;br/&gt;
login: java.lang.NullPointerException&lt;br/&gt;
        at java.io.BufferedInputStream.read(BufferedInputStream.java:208)&lt;br/&gt;
        at java.io.FilterInputStream.read(FilterInputStream.java:69)&lt;br/&gt;
        at java.io.PushbackInputStream.read(PushbackInputStream.java:123)&lt;br/&gt;
        at org.apache.commons.net.io.FromNetASCIIInputStream.__read&lt;br/&gt;
(FromNetASCIIInputStream.java:114)&lt;br/&gt;
        at org.apache.commons.net.io.FromNetASCIIInputStream.read&lt;br/&gt;
(FromNetASCIIInputStream.java:209)&lt;br/&gt;
        at java.io.BufferedInputStream.fill(BufferedInputStream.java:186)&lt;br/&gt;
        at java.io.BufferedInputStream.read(BufferedInputStream.java:204)&lt;br/&gt;
        at org.apache.commons.net.telnet.TelnetInputStream.__read&lt;br/&gt;
(TelnetInputStream.java:140)&lt;br/&gt;
        at org.apache.commons.net.telnet.TelnetInputStream.run&lt;br/&gt;
(TelnetInputStream.java:464)&lt;br/&gt;
        at java.lang.Thread.run(Thread.java:484)&lt;br/&gt;
=================================================================&lt;/p&gt;

&lt;p&gt;Please help on this. This problem is there in 1.0.0. Recenly we downloaded &lt;br/&gt;
1.1.0. this new version also has the same problem on linux. I am not sure, &lt;br/&gt;
this bug is related to linux or commons-net.&lt;/p&gt;

&lt;p&gt;Thank you for your help&lt;br/&gt;
Krishnarao.&lt;br/&gt;
knandipati@s-square.net&lt;/p&gt;</description>
                <environment>&lt;p&gt;Operating System: Linux&lt;br/&gt;
Platform: Other&lt;/p&gt;</environment>
        <key id="12341086">NET-111</key>
            <summary>[net] The telnet client is leaving the connection even after calling the disconnect properly.</summary>
                <type id="1" iconUrl="https://issues.apache.org/jira/secure/viewavatar?size=xsmall&amp;avatarId=21133&amp;avatarType=issuetype">Bug</type>
                                            <priority id="3" iconUrl="https://issues.apache.org/jira/images/icons/priorities/major.svg">Major</priority>
                        <status id="6" iconUrl="https://issues.apache.org/jira/images/icons/statuses/closed.png" description="The issue is considered finished, the resolution is correct. Issues which are not closed can be reopened.">Closed</status>
                    <statusCategory id="3" key="done" colorName="green" />
                                    <resolution id="5">Cannot Reproduce</resolution>
                                        <assignee username="-1">Unassigned</assignee>
                                    <reporter username="knandipati@s-square.net">Krishnarao</reporter>
                        <labels>
                    </labels>
                <created>Mon, 10 Nov 2003 05:42:00 +0000</created>
                <updated>Sun, 22 Mar 2009 19:14:42 +0000</updated>
                            <resolved>Sun, 22 Mar 2009 19:14:42 +0000</resolved>
                                    <version>1.1</version>
                                                        <due />
                            <votes>0</votes>
                                    <watches>0</watches>
                                                                <comments>
                            <comment id="12405434" author="scohen@apache.org" created="Sun, 18 Jan 2004 06:40:22 +0000">&lt;p&gt;Under what JDK is this happening?&lt;/p&gt;</comment>
                            <comment id="12405435" author="knandipati@s-square.net" created="Sun, 18 Jan 2004 14:01:05 +0000">&lt;p&gt;We are using JDK 1.3.1_03  on Red Hat Linux.&lt;/p&gt;</comment>
                            <comment id="12405436" author="scohen@apache.org" created="Sat, 26 Jun 2004 12:09:03 +0000">&lt;p&gt;reopen after 1.2.2 release&lt;/p&gt;</comment>
                    </comments>
                    <attachments>
                    </attachments>
                <subtasks>
                    </subtasks>
                <customfields>
                                                                                                                                                                                                                                                                                                                                                                                                                                                                                                                                                                                                    <customfield id="customfield_10010" key="com.atlassian.jira.plugin.system.customfieldtypes:importid">
                        <customfieldname>Bugzilla Id</customfieldname>
                        <customfieldvalues>
                            <customfieldvalue>24539</customfieldvalue>
                        </customfieldvalues>
                    </customfield>
                                                                                                                                                    <customfield id="customfield_12314020" key="com.atlassian.jira.plugins.jira-development-integration-plugin:devsummary">
                        <customfieldname>Development</customfieldname>
                        <customfieldvalues>
                            
                        </customfieldvalues>
                    </customfield>
                                                                                                                        <customfield id="customfield_12313422" key="com.atlassian.jirafisheyeplugin:jobcheckbox">
                        <customfieldname>Enable Automatic Patch Review</customfieldname>
                        <customfieldvalues>
                            <customfieldvalue>false</customfieldvalue>

                        </customfieldvalues>
                    </customfield>
                                                                                                                                                                                                                                                                                                                                                                                                                                                                                                                                                                                                                                                <customfield id="customfield_12310420" key="com.pyxis.greenhopper.jira:gh-global-rank">
                        <customfieldname>Global Rank</customfieldname>
                        <customfieldvalues>
                            <customfieldvalue>154448</customfieldvalue>
                        </customfieldvalues>
                    </customfield>
                                                                                                                                                                                                                                                                                                                                                                                                                                                                        <customfield id="customfield_12311820" key="com.pyxis.greenhopper.jira:gh-lexo-rank">
                        <customfieldname>Rank</customfieldname>
                        <customfieldvalues>
                            <customfieldvalue>0|i0ychr:</customfieldvalue>

                        </customfieldvalues>
                    </customfield>
                                                                <customfield id="customfield_12310920" key="com.pyxis.greenhopper.jira:gh-global-rank">
                        <customfieldname>Rank (Obsolete)</customfieldname>
                        <customfieldvalues>
                            <customfieldvalue>198493</customfieldvalue>
                        </customfieldvalues>
                    </customfield>
                                                                                                                                                                                                                                                                                                                                                                                                                                                                                                                                                                                                                                                                                                                                                                                            </customfields>
    </item>


</channel>
</rss>