<rss version="0.92">
    <channel>
        <title>ASF JIRA</title>
        <link>https://issues.apache.org/jira/issues/?jql=project+%3D+NET+AND+type+%3D+bug+and+%28status+%3D+RESOLVED+or+status+%3D+closed%29</link>
        <description>An XML representation of a search request</description>
                <language>en-uk</language>
                        <issue start="0" end="464" total="464" />
                <build-info>
            <version>8.20.7</version>
            <build-number>820007</build-number>
            <build-date>16-03-2022</build-date>
        </build-info>

<item>
            <title>[NET-208] TelnetInputStream swallows interruptedexception as IOException</title>
                <link>https://issues.apache.org/jira/browse/NET-208</link>
                <project id="12310487" key="NET">Commons Net</project>
                    <description>&lt;p&gt;The TelnetInputStream catches InterruptedException in the read() method (line 342) and throws a new IOException without wrapping the InterruptedException. This means that the fact that the read() method was interrupted can hardly be distinguished from any other IOException.&lt;/p&gt;

&lt;p&gt;I use thread interruption as a cancellation mechanism for a thread that uses the TelnetInputStream to read data.&lt;/p&gt;

&lt;p&gt;The read method is not allowed to throw InterruptedException, so I propose to fix it by at least wrapping the underlying InterruptedException:&lt;/p&gt;

&lt;p&gt;catch (InterruptedException e)&lt;br/&gt;
{&lt;br/&gt;
    throw new IOException("Fatal thread interruption during read.", e);&lt;br/&gt;
}&lt;/p&gt;</description>
                <environment />
        <key id="12392322">NET-208</key>
            <summary>TelnetInputStream swallows interruptedexception as IOException</summary>
                <type id="1" iconUrl="https://issues.apache.org/jira/secure/viewavatar?size=xsmall&amp;avatarId=21133&amp;avatarType=issuetype">Bug</type>
                                            <priority id="3" iconUrl="https://issues.apache.org/jira/images/icons/priorities/major.svg">Major</priority>
                        <status id="6" iconUrl="https://issues.apache.org/jira/images/icons/statuses/closed.png" description="The issue is considered finished, the resolution is correct. Issues which are not closed can be reopened.">Closed</status>
                    <statusCategory id="3" key="done" colorName="green" />
                                    <resolution id="1">Fixed</resolution>
                                        <assignee username="-1">Unassigned</assignee>
                                    <reporter username="jvb">Jan Van Besien</reporter>
                        <labels>
                    </labels>
                <created>Wed, 26 Mar 2008 09:14:02 +0000</created>
                <updated>Fri, 16 May 2008 23:19:15 +0000</updated>
                            <resolved>Fri, 16 May 2008 21:35:07 +0000</resolved>
                                    <version>1.4</version>
                                    <fixVersion>1.5</fixVersion>
                    <fixVersion>2.0</fixVersion>
                                        <due />
                            <votes>0</votes>
                                    <watches>0</watches>
                                                                <comments>
                            <comment id="12582212" author="joehni" created="Wed, 26 Mar 2008 09:51:04 +0000">&lt;p&gt;Maybe it is a better choice to throw an java.io.InterruptedIOException instead. Such an exception might be thrown anyway (depending on the platform in use).&lt;/p&gt;</comment>
                            <comment id="12582240" author="jvb" created="Wed, 26 Mar 2008 11:03:42 +0000">&lt;p&gt;I agree, InterruptedIOException would be better.&lt;/p&gt;</comment>
                            <comment id="12597463" author="sebb@apache.org" created="Fri, 16 May 2008 13:03:13 +0000">&lt;p&gt;The bug was raised against 1.4 - so the fix version should include 1.5, no?&lt;/p&gt;</comment>
                            <comment id="12597609" author="rwinston@eircom.net" created="Fri, 16 May 2008 20:53:15 +0000">&lt;p&gt;Hi Sebb&lt;/p&gt;

&lt;p&gt;Indeed it should - I just tentatively wanted to make sure that IIOE was present pre JDK-1.5, which I didnt have the opportunity to check at the time. Looks like its been there since the beginning!&lt;/p&gt;</comment>
                            <comment id="12597653" author="sebb@apache.org" created="Fri, 16 May 2008 23:19:15 +0000">&lt;p&gt;Applied to 2.0 as well:&lt;/p&gt;

&lt;p&gt;URL: &lt;a href="http://svn.apache.org/viewvc?rev=657247&amp;amp;view=rev" class="external-link" target="_blank" rel="nofollow noopener"&gt;http://svn.apache.org/viewvc?rev=657247&amp;amp;view=rev&lt;/a&gt;&lt;br/&gt;
Log:&lt;br/&gt;
&lt;a href="https://issues.apache.org/jira/browse/NET-208" title="TelnetInputStream swallows interruptedexception as IOException" class="issue-link" data-issue-key="NET-208"&gt;&lt;del&gt;NET-208&lt;/del&gt;&lt;/a&gt; - TelnetInputStream swallows interruptedException as IOException&lt;br/&gt;
&lt;span class="error"&gt;&amp;#91;Copy of r657221&amp;#93;&lt;/span&gt;&lt;/p&gt;</comment>
                    </comments>
                    <attachments>
                    </attachments>
                <subtasks>
                    </subtasks>
                <customfields>
                                                                                                                                                                                                                                                                                                                                                                                                                                                                                                                                                                                                                                                                                                                    <customfield id="customfield_12314020" key="com.atlassian.jira.plugins.jira-development-integration-plugin:devsummary">
                        <customfieldname>Development</customfieldname>
                        <customfieldvalues>
                            
                        </customfieldvalues>
                    </customfield>
                                                                                                                        <customfield id="customfield_12313422" key="com.atlassian.jirafisheyeplugin:jobcheckbox">
                        <customfieldname>Enable Automatic Patch Review</customfieldname>
                        <customfieldvalues>
                            <customfieldvalue>false</customfieldvalue>

                        </customfieldvalues>
                    </customfield>
                                                                                                                                                                                                                                                                                                                                                                                                                                                                                                                                                                                                                                                <customfield id="customfield_12310420" key="com.pyxis.greenhopper.jira:gh-global-rank">
                        <customfieldname>Global Rank</customfieldname>
                        <customfieldvalues>
                            <customfieldvalue>154537</customfieldvalue>
                        </customfieldvalues>
                    </customfield>
                                                                                                                                                                                                                                                                                                                                                                                                                                                                        <customfield id="customfield_12311820" key="com.pyxis.greenhopper.jira:gh-lexo-rank">
                        <customfieldname>Rank</customfieldname>
                        <customfieldvalues>
                            <customfieldvalue>0|i0kudr:</customfieldvalue>

                        </customfieldvalues>
                    </customfield>
                                                                <customfield id="customfield_12310920" key="com.pyxis.greenhopper.jira:gh-global-rank">
                        <customfieldname>Rank (Obsolete)</customfieldname>
                        <customfieldvalues>
                            <customfieldvalue>119740</customfieldvalue>
                        </customfieldvalues>
                    </customfield>
                                                                                                                                                                                                                                                                                                                                                                                                                                                                                                                                                                                                                                                                                                                                                                                            </customfields>
    </item>


</channel>
</rss>