<rss version="0.92">
    <channel>
        <title>ASF JIRA</title>
        <link>https://issues.apache.org/jira/issues/?jql=project+%3D+NET+AND+type+%3D+bug+and+%28status+%3D+RESOLVED+or+status+%3D+closed%29</link>
        <description>An XML representation of a search request</description>
                <language>en-uk</language>
                        <issue start="0" end="464" total="464" />
                <build-info>
            <version>8.20.7</version>
            <build-number>820007</build-number>
            <build-date>16-03-2022</build-date>
        </build-info>

<item>
            <title>[NET-193] FTP throw NullPointerException when enountering 02-29-2008 (leap year bug)</title>
                <link>https://issues.apache.org/jira/browse/NET-193</link>
                <project id="12310487" key="NET">Commons Net</project>
                    <description>&lt;p&gt;ant FTP task blowing up when parsing directories containing ANY items dated (created/modified) February 29 2008.&lt;/p&gt;

&lt;p&gt;There may be a workaround using defaultDateFormatConfig or recentDateFormatConfig - but I didn't find it (actually by messing with some of the ftp attributes my build finally stopped throwing NullPointerExceptions, but refused to list or get any files!!  Always came back with 0 files found)&lt;/p&gt;

&lt;p&gt;Not sure the date format used by Windows FTP server - One thing I am sure of:  tasks that once worked stopped working on Friday - it took all weekend and most of today to figure it out.  By updating files and folders, magically ftp task begins working agains and I slowly begin regain my sanity &lt;/p&gt;

&lt;p&gt;Here's the exception:&lt;br/&gt;
D:\builds\build.xml:23: java.lang.NullPointerException&lt;br/&gt;
        at org.apache.tools.ant.dispatch.DispatchUtils.execute(DispatchUtils.java:115)&lt;br/&gt;
        at org.apache.tools.ant.Task.perform(Task.java:348)&lt;br/&gt;
        at org.apache.tools.ant.Target.execute(Target.java:357)&lt;br/&gt;
        at org.apache.tools.ant.Target.performTasks(Target.java:385)&lt;br/&gt;
        at org.apache.tools.ant.Project.executeSortedTargets(Project.java:1329)&lt;br/&gt;
        at org.apache.tools.ant.Project.executeTarget(Project.java:1298)&lt;br/&gt;
        at org.apache.tools.ant.helper.DefaultExecutor.executeTargets(DefaultExecutor.java:41)&lt;br/&gt;
        at org.apache.tools.ant.Project.executeTargets(Project.java:1181)&lt;br/&gt;
        at org.apache.tools.ant.Main.runBuild(Main.java:698)&lt;br/&gt;
        at org.apache.tools.ant.Main.startAnt(Main.java:199)&lt;br/&gt;
        at org.apache.tools.ant.launch.Launcher.run(Launcher.java:257)&lt;br/&gt;
        at org.apache.tools.ant.launch.Launcher.main(Launcher.java:104)&lt;br/&gt;
Caused by: java.lang.NullPointerException&lt;br/&gt;
        at org.apache.tools.ant.taskdefs.optional.net.FTP$FTPDirectoryScanner.scandir(FTP.java:374)&lt;br/&gt;
        at org.apache.tools.ant.taskdefs.optional.net.FTP$FTPDirectoryScanner.accountForIncludedDir(FTP.java:459)&lt;br/&gt;
        at org.apache.tools.ant.taskdefs.optional.net.FTP$FTPDirectoryScanner.scandir(FTP.java:383)&lt;br/&gt;
        at org.apache.tools.ant.taskdefs.optional.net.FTP$FTPDirectoryScanner.checkIncludePatterns(FTP.java:270)&lt;br/&gt;
        at org.apache.tools.ant.taskdefs.optional.net.FTP$FTPDirectoryScanner.scan(FTP.java:233)&lt;br/&gt;
        at org.apache.tools.ant.taskdefs.optional.net.FTP.transferFiles(FTP.java:1570)&lt;br/&gt;
        at org.apache.tools.ant.taskdefs.optional.net.FTP.transferFiles(FTP.java:1683)&lt;br/&gt;
        at org.apache.tools.ant.taskdefs.optional.net.FTP.execute(FTP.java:2373)&lt;br/&gt;
        at org.apache.tools.ant.UnknownElement.execute(UnknownElement.java:288)&lt;br/&gt;
        at sun.reflect.NativeMethodAccessorImpl.invoke0(Native Method)&lt;br/&gt;
        at sun.reflect.NativeMethodAccessorImpl.invoke(NativeMethodAccessorImpl.java:39)&lt;br/&gt;
        at sun.reflect.DelegatingMethodAccessorImpl.invoke(DelegatingMethodAccessorImpl.java:25)&lt;br/&gt;
        at java.lang.reflect.Method.invoke(Method.java:597)&lt;br/&gt;
        at org.apache.tools.ant.dispatch.DispatchUtils.execute(DispatchUtils.java:105)&lt;br/&gt;
        ... 11 more&lt;br/&gt;
&amp;#8212; Nested Exception &amp;#8212;&lt;br/&gt;
java.lang.NullPointerException&lt;br/&gt;
        at org.apache.tools.ant.taskdefs.optional.net.FTP$FTPDirectoryScanner.scandir(FTP.java:374)&lt;br/&gt;
        at org.apache.tools.ant.taskdefs.optional.net.FTP$FTPDirectoryScanner.accountForIncludedDir(FTP.java:459)&lt;br/&gt;
        at org.apache.tools.ant.taskdefs.optional.net.FTP$FTPDirectoryScanner.scandir(FTP.java:383)&lt;br/&gt;
        at org.apache.tools.ant.taskdefs.optional.net.FTP$FTPDirectoryScanner.checkIncludePatterns(FTP.java:270)&lt;br/&gt;
        at org.apache.tools.ant.taskdefs.optional.net.FTP$FTPDirectoryScanner.scan(FTP.java:233)&lt;br/&gt;
        at org.apache.tools.ant.taskdefs.optional.net.FTP.transferFiles(FTP.java:1570)&lt;br/&gt;
        at org.apache.tools.ant.taskdefs.optional.net.FTP.transferFiles(FTP.java:1683)&lt;br/&gt;
        at org.apache.tools.ant.taskdefs.optional.net.FTP.execute(FTP.java:2373)&lt;br/&gt;
        at org.apache.tools.ant.UnknownElement.execute(UnknownElement.java:288)&lt;br/&gt;
        at sun.reflect.NativeMethodAccessorImpl.invoke0(Native Method)&lt;br/&gt;
        at sun.reflect.NativeMethodAccessorImpl.invoke(NativeMethodAccessorImpl.java:39)&lt;br/&gt;
        at sun.reflect.DelegatingMethodAccessorImpl.invoke(DelegatingMethodAccessorImpl.java:25)&lt;br/&gt;
        at java.lang.reflect.Method.invoke(Method.java:597)&lt;br/&gt;
        at org.apache.tools.ant.dispatch.DispatchUtils.execute(DispatchUtils.java:105)&lt;br/&gt;
        at org.apache.tools.ant.Task.perform(Task.java:348)&lt;br/&gt;
        at org.apache.tools.ant.Target.execute(Target.java:357)&lt;br/&gt;
        at org.apache.tools.ant.Target.performTasks(Target.java:385)&lt;br/&gt;
        at org.apache.tools.ant.Project.executeSortedTargets(Project.java:1329)&lt;br/&gt;
        at org.apache.tools.ant.Project.executeTarget(Project.java:1298)&lt;br/&gt;
        at org.apache.tools.ant.helper.DefaultExecutor.executeTargets(DefaultExecutor.java:41)&lt;br/&gt;
        at org.apache.tools.ant.Project.executeTargets(Project.java:1181)&lt;br/&gt;
        at org.apache.tools.ant.Main.runBuild(Main.java:698)&lt;br/&gt;
        at org.apache.tools.ant.Main.startAnt(Main.java:199)&lt;br/&gt;
        at org.apache.tools.ant.launch.Launcher.run(Launcher.java:257)&lt;br/&gt;
        at org.apache.tools.ant.launch.Launcher.main(Launcher.java:104)&lt;/p&gt;</description>
                <environment>&lt;p&gt;Ant 1.7 &lt;br/&gt;
commons-net-1.4.1&lt;br/&gt;
java 1.6.0_01&lt;br/&gt;
Windows 2003 (build machine)&lt;br/&gt;
Windows 2003 FTP server&lt;/p&gt;</environment>
        <key id="12390098">NET-193</key>
            <summary>FTP throw NullPointerException when enountering 02-29-2008 (leap year bug)</summary>
                <type id="1" iconUrl="https://issues.apache.org/jira/secure/viewavatar?size=xsmall&amp;avatarId=21133&amp;avatarType=issuetype">Bug</type>
                                            <priority id="3" iconUrl="https://issues.apache.org/jira/images/icons/priorities/major.svg">Major</priority>
                        <status id="6" iconUrl="https://issues.apache.org/jira/images/icons/statuses/closed.png" description="The issue is considered finished, the resolution is correct. Issues which are not closed can be reopened.">Closed</status>
                    <statusCategory id="3" key="done" colorName="green" />
                                    <resolution id="1">Fixed</resolution>
                                        <assignee username="-1">Unassigned</assignee>
                                    <reporter username="jburtram">j burtram</reporter>
                        <labels>
                    </labels>
                <created>Mon, 3 Mar 2008 22:56:16 +0000</created>
                <updated>Sat, 8 Mar 2008 19:50:45 +0000</updated>
                            <resolved>Sat, 8 Mar 2008 19:50:45 +0000</resolved>
                                    <version>1.4</version>
                                    <fixVersion>1.5</fixVersion>
                    <fixVersion>2.0</fixVersion>
                                        <due />
                            <votes>2</votes>
                                    <watches>0</watches>
                                                                    <issuelinks>
                            <issuelinktype id="12310000">
                    <name>Duplicate</name>
                                            <outwardlinks description="duplicates">
                                        <issuelink>
            <issuekey id="12389468">NET-188</issuekey>
        </issuelink>
                            </outwardlinks>
                                                        </issuelinktype>
                    </issuelinks>
                <attachments>
                    </attachments>
                <subtasks>
                    </subtasks>
                <customfields>
                                                                                                                                                                                                                                                                                                                                                                                                                                                                                                                                                                                                                                                                                                                    <customfield id="customfield_12314020" key="com.atlassian.jira.plugins.jira-development-integration-plugin:devsummary">
                        <customfieldname>Development</customfieldname>
                        <customfieldvalues>
                            
                        </customfieldvalues>
                    </customfield>
                                                                                                                        <customfield id="customfield_12313422" key="com.atlassian.jirafisheyeplugin:jobcheckbox">
                        <customfieldname>Enable Automatic Patch Review</customfieldname>
                        <customfieldvalues>
                            <customfieldvalue>false</customfieldvalue>

                        </customfieldvalues>
                    </customfield>
                                                                                                                                                                                                                                                                                                                                                                                                                                                                                                                                                                                                                                                <customfield id="customfield_12310420" key="com.pyxis.greenhopper.jira:gh-global-rank">
                        <customfieldname>Global Rank</customfieldname>
                        <customfieldvalues>
                            <customfieldvalue>154525</customfieldvalue>
                        </customfieldvalues>
                    </customfield>
                                                                                                                                                                                                                                                                                                                                                                                                                                                                        <customfield id="customfield_12311820" key="com.pyxis.greenhopper.jira:gh-lexo-rank">
                        <customfieldname>Rank</customfieldname>
                        <customfieldvalues>
                            <customfieldvalue>0|i0y9u7:</customfieldvalue>

                        </customfieldvalues>
                    </customfield>
                                                                <customfield id="customfield_12310920" key="com.pyxis.greenhopper.jira:gh-global-rank">
                        <customfieldname>Rank (Obsolete)</customfieldname>
                        <customfieldvalues>
                            <customfieldvalue>198063</customfieldvalue>
                        </customfieldvalues>
                    </customfield>
                                                                                                                                                                                                                                                                                                                                                                                                                                                                                                                                                                                                                                                                                                                                                                                            </customfields>
    </item>


</channel>
</rss>