<rss version="0.92">
    <channel>
        <title>ASF JIRA</title>
        <link>https://issues.apache.org/jira/issues/?jql=project+%3D+NET+AND+type+%3D+bug+and+%28status+%3D+RESOLVED+or+status+%3D+closed%29</link>
        <description>An XML representation of a search request</description>
                <language>en-uk</language>
                        <issue start="0" end="464" total="464" />
                <build-info>
            <version>8.20.7</version>
            <build-number>820007</build-number>
            <build-date>16-03-2022</build-date>
        </build-info>

<item>
            <title>[NET-5] [net] FTP Parser will fail with localized directory listings</title>
                <link>https://issues.apache.org/jira/browse/NET-5</link>
                <project id="12310487" key="NET">Commons Net</project>
                    <description>&lt;p&gt;Various parsers in the org.apache.commons.net.ftp.parser package assume english abbreviations for &lt;br/&gt;
months; such as &lt;br/&gt;
    private static final String MONTHS =&lt;br/&gt;
	"(Jan|Feb|Mar|Apr|May|Jun|Jul|Aug|Sep|Oct|Nov|Dec)";&lt;/p&gt;

&lt;p&gt;However, some server return localized versions of the above such as Okt for October in German.&lt;/p&gt;</description>
                <environment>&lt;p&gt;Operating System: All&lt;br/&gt;
Platform: All&lt;/p&gt;</environment>
        <key id="12341921">NET-5</key>
            <summary>[net] FTP Parser will fail with localized directory listings</summary>
                <type id="1" iconUrl="https://issues.apache.org/jira/secure/viewavatar?size=xsmall&amp;avatarId=21133&amp;avatarType=issuetype">Bug</type>
                                            <priority id="3" iconUrl="https://issues.apache.org/jira/images/icons/priorities/major.svg">Major</priority>
                        <status id="6" iconUrl="https://issues.apache.org/jira/images/icons/statuses/closed.png" description="The issue is considered finished, the resolution is correct. Issues which are not closed can be reopened.">Closed</status>
                    <statusCategory id="3" key="done" colorName="green" />
                                    <resolution id="1">Fixed</resolution>
                                        <assignee username="-1">Unassigned</assignee>
                                    <reporter username="dkocher@sudo.ch">David Kocher</reporter>
                        <labels>
                    </labels>
                <created>Tue, 7 Dec 2004 23:51:10 +0000</created>
                <updated>Thu, 20 Sep 2007 05:31:02 +0000</updated>
                            <resolved>Thu, 20 Sep 2007 05:31:02 +0000</resolved>
                                                                        <due />
                            <votes>0</votes>
                                    <watches>0</watches>
                                                                <comments>
                            <comment id="12408252" author="rwinston@eircom.net" created="Wed, 8 Dec 2004 16:38:21 +0000">&lt;p&gt;This is an issue that has come up a few times before. Apart from the month&lt;br/&gt;
naming issue, there are other issues that can occur with l10n, like date&lt;br/&gt;
formatting, etc. This is something that will be tackled for the next version of&lt;br/&gt;
Commons::Net (1.4)&lt;/p&gt;</comment>
                            <comment id="12408253" author="rwinston@eircom.net" created="Tue, 14 Dec 2004 00:44:51 +0000">&lt;ul&gt;
	&lt;li&gt;
	&lt;ul&gt;
		&lt;li&gt;
		&lt;ul&gt;
			&lt;li&gt;&lt;a href="https://issues.apache.org/jira/browse/NET-32" title="[net] Date localization" class="issue-link" data-issue-key="NET-32"&gt;&lt;del&gt;COM-1792&lt;/del&gt;&lt;/a&gt; has been marked as a duplicate of this bug. ***&lt;/li&gt;
		&lt;/ul&gt;
		&lt;/li&gt;
	&lt;/ul&gt;
	&lt;/li&gt;
&lt;/ul&gt;
</comment>
                            <comment id="12408254" author="scohen@apache.org" created="Mon, 3 Jan 2005 01:05:55 +0000">&lt;p&gt;I have just uploaded new functionality that makes it possible to get around&lt;br/&gt;
these limitations.  Documentation on their use is in the javadocs of the new&lt;br/&gt;
file org.apache.commons.net.ftp.FTPClientConfig.java.&lt;/p&gt;

&lt;p&gt;These enhancements badly need real-world testing.  If anyone can supply the URLs&lt;br/&gt;
of publicly accessible FTP sites that use non-English languages, date formats,&lt;br/&gt;
or time zones, please let us know and we will do this testing.&lt;/p&gt;</comment>
                    </comments>
                    <attachments>
                    </attachments>
                <subtasks>
                    </subtasks>
                <customfields>
                                                                                                                                                                                                                                                                                                                                                                                                                                                                                                                                                                                                    <customfield id="customfield_10010" key="com.atlassian.jira.plugin.system.customfieldtypes:importid">
                        <customfieldname>Bugzilla Id</customfieldname>
                        <customfieldvalues>
                            <customfieldvalue>32565</customfieldvalue>
                        </customfieldvalues>
                    </customfield>
                                                                                                                                                    <customfield id="customfield_12314020" key="com.atlassian.jira.plugins.jira-development-integration-plugin:devsummary">
                        <customfieldname>Development</customfieldname>
                        <customfieldvalues>
                            
                        </customfieldvalues>
                    </customfield>
                                                                                                                        <customfield id="customfield_12313422" key="com.atlassian.jirafisheyeplugin:jobcheckbox">
                        <customfieldname>Enable Automatic Patch Review</customfieldname>
                        <customfieldvalues>
                            <customfieldvalue>false</customfieldvalue>

                        </customfieldvalues>
                    </customfield>
                                                                                                                                                                                                                                                                                                                                                                                                                                                                                                                                                                                                                                                <customfield id="customfield_12310420" key="com.pyxis.greenhopper.jira:gh-global-rank">
                        <customfieldname>Global Rank</customfieldname>
                        <customfieldvalues>
                            <customfieldvalue>154346</customfieldvalue>
                        </customfieldvalues>
                    </customfield>
                                                                                                                                                                                                                                                                                                                                                                                                                                                                        <customfield id="customfield_12311820" key="com.pyxis.greenhopper.jira:gh-lexo-rank">
                        <customfieldname>Rank</customfieldname>
                        <customfieldvalues>
                            <customfieldvalue>0|i0lpqn:</customfieldvalue>

                        </customfieldvalues>
                    </customfield>
                                                                <customfield id="customfield_12310920" key="com.pyxis.greenhopper.jira:gh-global-rank">
                        <customfieldname>Rank (Obsolete)</customfieldname>
                        <customfieldvalues>
                            <customfieldvalue>124821</customfieldvalue>
                        </customfieldvalues>
                    </customfield>
                                                                                                                                                                                                                                                                                                                                                                                                                                                                                                                                                                                                                                                                                                                                                                                            </customfields>
    </item>


</channel>
</rss>