<rss version="0.92">
    <channel>
        <title>ASF JIRA</title>
        <link>https://issues.apache.org/jira/issues/?jql=project+%3D+NET+AND+type+%3D+bug+and+%28status+%3D+RESOLVED+or+status+%3D+closed%29</link>
        <description>An XML representation of a search request</description>
                <language>en-uk</language>
                        <issue start="0" end="464" total="464" />
                <build-info>
            <version>8.20.7</version>
            <build-number>820007</build-number>
            <build-date>16-03-2022</build-date>
        </build-info>

<item>
            <title>[NET-679] SubnetUtils.SubnetInfo doesn't represent lowAddress and highAddress.</title>
                <link>https://issues.apache.org/jira/browse/NET-679</link>
                <project id="12310487" key="NET">Commons Net</project>
                    <description>&lt;p&gt;&#160;&lt;/p&gt;

&lt;p&gt;This is my test case.&lt;/p&gt;

&lt;p&gt;CIDR '10.213.160.0/16' should be contain 10.213.0.0 and 10,213.255.255, but shouldn't.&lt;/p&gt;

&lt;p&gt;&#160;&lt;/p&gt;

&lt;p&gt;&#160;&lt;/p&gt;

&lt;p&gt;&#160;&lt;/p&gt;
&lt;div class="code panel" style="border-width: 1px;"&gt;&lt;div class="codeContent panelContent"&gt;
&lt;pre class="code-java"&gt;
&lt;span class="code-comment"&gt;// &#53076;&#46300; &#51088;&#47532; &#54364;&#49884;&#51088;
&lt;/span&gt;@Test
void when16bitIsGiven_thenReturnTrue() {
    &lt;span class="code-comment"&gt;// GIVEN
&lt;/span&gt;    &lt;span class="code-keyword"&gt;final&lt;/span&gt; &lt;span class="code-object"&gt;String&lt;/span&gt; CIDR = &lt;span class="code-quote"&gt;"10.213.160.0/16"&lt;/span&gt;;
    SubnetInfo subnetInfo = &lt;span class="code-keyword"&gt;new&lt;/span&gt; SubnetUtils(CIDR).getInfo();

    &lt;span class="code-keyword"&gt;final&lt;/span&gt; &lt;span class="code-object"&gt;String&lt;/span&gt;[] givenIPs = {&lt;span class="code-quote"&gt;"10.213.0.0"&lt;/span&gt;, &lt;span class="code-quote"&gt;"10.213.160.0"&lt;/span&gt;, &lt;span class="code-quote"&gt;"10.213.255.255"&lt;/span&gt;};

    &lt;span class="code-comment"&gt;// WHEN and THEN
&lt;/span&gt;    assertThat(subnetInfo.getLowAddress()).isEqualTo(givenIPs[0]);
    assertThat(subnetInfo.getHighAddress()).isEqualTo(givenIPs[2]);

    Stream.of(givenIPs).forEach(ip -&amp;gt; {
        assertThat(subnetInfo.isInRange(ip)).isTrue();
    });
}
&lt;/pre&gt;
&lt;/div&gt;&lt;/div&gt;
&lt;p&gt;&#160;&lt;/p&gt;

&lt;p&gt;&#160;&lt;/p&gt;
&lt;div class="panel" style="border-width: 1px;"&gt;&lt;div class="panelContent"&gt;
&lt;p&gt;&lt;br/&gt;
CIDR to IP Range&lt;/p&gt;
&lt;/div&gt;&lt;/div&gt;
&lt;div class="panel" style="border-width: 1px;"&gt;&lt;div class="panelContent"&gt;
&lt;h3&gt;&lt;a name="Result"&gt;&lt;/a&gt;Result&lt;/h3&gt;
&lt;div class='table-wrap'&gt;
&lt;table class='confluenceTable'&gt;&lt;tbody&gt;
&lt;tr&gt;
&lt;th class='confluenceTh'&gt;CIDR Range&lt;/th&gt;
&lt;td class='confluenceTd'&gt;10.213.160.0/16&lt;/td&gt;
&lt;/tr&gt;
&lt;tr&gt;
&lt;th class='confluenceTh'&gt;Netmask&lt;/th&gt;
&lt;td class='confluenceTd'&gt;255.255.0.0&lt;/td&gt;
&lt;/tr&gt;
&lt;tr&gt;
&lt;th class='confluenceTh'&gt;Wildcard Bits&lt;/th&gt;
&lt;td class='confluenceTd'&gt;0.0.255.255&lt;/td&gt;
&lt;/tr&gt;
&lt;tr&gt;
&lt;th class='confluenceTh'&gt;First IP&lt;/th&gt;
&lt;td class='confluenceTd'&gt;10.213.0.0&lt;/td&gt;
&lt;/tr&gt;
&lt;tr&gt;
&lt;th class='confluenceTh'&gt;Last IP&lt;/th&gt;
&lt;td class='confluenceTd'&gt;10.213.255.255&lt;/td&gt;
&lt;/tr&gt;
&lt;tr&gt;
&lt;th class='confluenceTh'&gt;Total Host&lt;/th&gt;
&lt;td class='confluenceTd'&gt;65536&lt;/td&gt;
&lt;/tr&gt;
&lt;/tbody&gt;&lt;/table&gt;
&lt;/div&gt;
&lt;/div&gt;&lt;/div&gt;
&lt;p&gt;&#160;&lt;/p&gt;

&lt;p&gt;I think we should care about 'SubnetInfo.low' and 'SubnetInfo.high'.&lt;/p&gt;
&lt;div class="code panel" style="border-width: 1px;"&gt;&lt;div class="codeContent panelContent"&gt;
&lt;pre class="code-java"&gt;
&lt;span class="code-comment"&gt;// &#53076;&#46300; &#51088;&#47532; &#54364;&#49884;&#51088;
&lt;/span&gt;    &lt;span class="code-keyword"&gt;public&lt;/span&gt; &lt;span class="code-keyword"&gt;final&lt;/span&gt; &lt;span class="code-keyword"&gt;class &lt;/span&gt;SubnetInfo {        ...
        &lt;span class="code-keyword"&gt;private&lt;/span&gt; &lt;span class="code-object"&gt;int&lt;/span&gt; low() {
            &lt;span class="code-keyword"&gt;return&lt;/span&gt; (isInclusiveHostCount() ? network() :
                broadcastLong() - networkLong() &amp;gt; 1 ? network() + 1 : 0);
        }        &lt;span class="code-keyword"&gt;private&lt;/span&gt; &lt;span class="code-object"&gt;int&lt;/span&gt; high() {
            &lt;span class="code-keyword"&gt;return&lt;/span&gt; (isInclusiveHostCount() ? broadcast() :
                broadcastLong() - networkLong() &amp;gt; 1 ? broadcast() -1  : 0);
        }        &lt;span class="code-keyword"&gt;public&lt;/span&gt; &lt;span class="code-object"&gt;boolean&lt;/span&gt; isInRange(&lt;span class="code-object"&gt;int&lt;/span&gt; address) {
            &lt;span class="code-object"&gt;long&lt;/span&gt; addLong = address &amp;amp; UNSIGNED_INT_MASK;
            &lt;span class="code-object"&gt;long&lt;/span&gt; lowLong = low() &amp;amp; UNSIGNED_INT_MASK;
            &lt;span class="code-object"&gt;long&lt;/span&gt; highLong = high() &amp;amp; UNSIGNED_INT_MASK;
            &lt;span class="code-keyword"&gt;return&lt;/span&gt; addLong &amp;gt;= lowLong &amp;amp;&amp;amp; addLong &amp;lt;= highLong;
        }
       ...
    }
&lt;/pre&gt;
&lt;/div&gt;&lt;/div&gt;</description>
                <environment>&lt;p&gt;JDK 1.8&lt;/p&gt;

&lt;p&gt;Gradle&lt;/p&gt;

&lt;p&gt;MacOS Mojave&lt;/p&gt;</environment>
        <key id="13285812">NET-679</key>
            <summary>SubnetUtils.SubnetInfo doesn't represent lowAddress and highAddress.</summary>
                <type id="1" iconUrl="https://issues.apache.org/jira/secure/viewavatar?size=xsmall&amp;avatarId=21133&amp;avatarType=issuetype">Bug</type>
                                            <priority id="2" iconUrl="https://issues.apache.org/jira/images/icons/priorities/critical.svg">Critical</priority>
                        <status id="5" iconUrl="https://issues.apache.org/jira/images/icons/statuses/resolved.png" description="A resolution has been taken, and it is awaiting verification by reporter. From here issues are either reopened, or are closed.">Resolved</status>
                    <statusCategory id="3" key="done" colorName="green" />
                                    <resolution id="3">Duplicate</resolution>
                                        <assignee username="-1">Unassigned</assignee>
                                    <reporter username="sshplendid">SeHun Shin</reporter>
                        <labels>
                    </labels>
                <created>Mon, 17 Feb 2020 16:26:10 +0000</created>
                <updated>Tue, 23 Jun 2020 16:09:08 +0000</updated>
                            <resolved>Tue, 23 Jun 2020 16:09:08 +0000</resolved>
                                    <version>3.6</version>
                                                        <due />
                            <votes>0</votes>
                                    <watches>1</watches>
                                                                    <issuelinks>
                            <issuelinktype id="12310000">
                    <name>Duplicate</name>
                                            <outwardlinks description="duplicates">
                                        <issuelink>
            <issuekey id="13270420">NET-675</issuekey>
        </issuelink>
                            </outwardlinks>
                                                        </issuelinktype>
                    </issuelinks>
                <attachments>
                    </attachments>
                <subtasks>
                    </subtasks>
                <customfields>
                                                                                                                                                                                                                                                                                                                                                                                                                                                                                                                                                                                                                                                                                                                    <customfield id="customfield_12314020" key="com.atlassian.jira.plugins.jira-development-integration-plugin:devsummary">
                        <customfieldname>Development</customfieldname>
                        <customfieldvalues>
                            
                        </customfieldvalues>
                    </customfield>
                                                                                                                        <customfield id="customfield_12313422" key="com.atlassian.jirafisheyeplugin:jobcheckbox">
                        <customfieldname>Enable Automatic Patch Review</customfieldname>
                        <customfieldvalues>
                            <customfieldvalue>false</customfieldvalue>

                        </customfieldvalues>
                    </customfield>
                                                                                                                                                                                                                                                                                                                                                                                                                                                                                                                                                                                                                                                <customfield id="customfield_12310420" key="com.pyxis.greenhopper.jira:gh-global-rank">
                        <customfieldname>Global Rank</customfieldname>
                        <customfieldvalues>
                            <customfieldvalue>9223372036854775807</customfieldvalue>
                        </customfieldvalues>
                    </customfield>
                                                                                                                                                                                                                                                                                                                                                                                                                                                                        <customfield id="customfield_12311820" key="com.pyxis.greenhopper.jira:gh-lexo-rank">
                        <customfieldname>Rank</customfieldname>
                        <customfieldvalues>
                            <customfieldvalue>0|z0bl0o:</customfieldvalue>

                        </customfieldvalues>
                    </customfield>
                                                                <customfield id="customfield_12310920" key="com.pyxis.greenhopper.jira:gh-global-rank">
                        <customfieldname>Rank (Obsolete)</customfieldname>
                        <customfieldvalues>
                            <customfieldvalue>9223372036854775807</customfieldvalue>
                        </customfieldvalues>
                    </customfield>
                                                                                                                                                                                                                                                                                                                                                                                                                                                                                                                                                                                                                                                                                                                                                                                            </customfields>
    </item>


</channel>
</rss>