<rss version="0.92">
    <channel>
        <title>ASF JIRA</title>
        <link>https://issues.apache.org/jira/issues/?jql=project+%3D+NET+AND+type+%3D+bug+and+%28status+%3D+RESOLVED+or+status+%3D+closed%29</link>
        <description>An XML representation of a search request</description>
                <language>en-uk</language>
                        <issue start="0" end="464" total="464" />
                <build-info>
            <version>8.20.7</version>
            <build-number>820007</build-number>
            <build-date>16-03-2022</build-date>
        </build-info>

<item>
            <title>[NET-670] Apache Commons Net ftpClient.java changeWorkingDirectory() Function CRLF Injection Remote Command Execution</title>
                <link>https://issues.apache.org/jira/browse/NET-670</link>
                <project id="12310487" key="NET">Commons Net</project>
                    <description>&lt;p&gt;Per BlackDuck Hub&#160;VulnDB 171100&lt;/p&gt;

&lt;p&gt;Apache Commons Net contains a flaw in the changeWorkingDirectory() function in ftpClient.java that is triggered as user-supplied input is not properly sanitized. This may allow a remote attacker to use a newline character in a specially crafted string to execute arbitrary commands.&lt;/p&gt;

&lt;p&gt;&#160;&lt;/p&gt;

&lt;p&gt;&#160;&lt;/p&gt;</description>
                <environment />
        <key id="13233587">NET-670</key>
            <summary>Apache Commons Net ftpClient.java changeWorkingDirectory() Function CRLF Injection Remote Command Execution</summary>
                <type id="1" iconUrl="https://issues.apache.org/jira/secure/viewavatar?size=xsmall&amp;avatarId=21133&amp;avatarType=issuetype">Bug</type>
                                            <priority id="2" iconUrl="https://issues.apache.org/jira/images/icons/priorities/critical.svg">Critical</priority>
                        <status id="6" iconUrl="https://issues.apache.org/jira/images/icons/statuses/closed.png" description="The issue is considered finished, the resolution is correct. Issues which are not closed can be reopened.">Closed</status>
                    <statusCategory id="3" key="done" colorName="green" />
                                    <resolution id="10004">Not A Bug</resolution>
                                        <assignee username="-1">Unassigned</assignee>
                                    <reporter username="hurstd">David Hurst</reporter>
                        <labels>
                            <label>patch</label>
                    </labels>
                <created>Wed, 15 May 2019 20:11:58 +0000</created>
                <updated>Thu, 6 Aug 2020 12:25:23 +0000</updated>
                            <resolved>Sun, 16 Jun 2019 23:02:42 +0000</resolved>
                                    <version>3.6</version>
                                                    <component>FTP</component>
                        <due />
                            <votes>0</votes>
                                    <watches>1</watches>
                                                                <comments>
                            <comment id="16865195" author="sebb@apache.org" created="Sun, 16 Jun 2019 23:01:52 +0000">&lt;p&gt;NET is intended as a low-level interface to various internet protocols.&lt;/p&gt;

&lt;p&gt;The caller application must validate user input before calling NET methods.&lt;/p&gt;</comment>
                    </comments>
                    <attachments>
                    </attachments>
                <subtasks>
                    </subtasks>
                <customfields>
                                                                                                                                                                                                                                                                                                                                                                                                                                                                                                                                                                                                                                                                                                                    <customfield id="customfield_12314020" key="com.atlassian.jira.plugins.jira-development-integration-plugin:devsummary">
                        <customfieldname>Development</customfieldname>
                        <customfieldvalues>
                            
                        </customfieldvalues>
                    </customfield>
                                                                                                                        <customfield id="customfield_12313422" key="com.atlassian.jirafisheyeplugin:jobcheckbox">
                        <customfieldname>Enable Automatic Patch Review</customfieldname>
                        <customfieldvalues>
                            <customfieldvalue>false</customfieldvalue>

                        </customfieldvalues>
                    </customfield>
                                                                                                                                                                                                                                                                    <customfield id="customfield_12311024" key="com.atlassian.jira.plugin.system.customfieldtypes:textfield">
                        <customfieldname>External issue ID</customfieldname>
                        <customfieldvalues>
                            <customfieldvalue>BlackDuck Hub&amp;#xA0;VulnDB 171100</customfieldvalue>

                        </customfieldvalues>
                    </customfield>
                                                                                                                                                    <customfield id="customfield_12310250" key="com.atlassian.jira.plugin.system.customfieldtypes:multicheckboxes">
                        <customfieldname>Flags</customfieldname>
                        <customfieldvalues>
                                <customfieldvalue key="10430">Patch</customfieldvalue>
    <customfieldvalue key="10431">Important</customfieldvalue>
    
                        </customfieldvalues>
                    </customfield>
                                                                                                                                                                                                                                                                                                <customfield id="customfield_12310420" key="com.pyxis.greenhopper.jira:gh-global-rank">
                        <customfieldname>Global Rank</customfieldname>
                        <customfieldvalues>
                            <customfieldvalue>9223372036854775807</customfieldvalue>
                        </customfieldvalues>
                    </customfield>
                                                                                                                                                                                                                                                                                                                                                                                                                                                                        <customfield id="customfield_12311820" key="com.pyxis.greenhopper.jira:gh-lexo-rank">
                        <customfieldname>Rank</customfieldname>
                        <customfieldvalues>
                            <customfieldvalue>0|z02qeo:</customfieldvalue>

                        </customfieldvalues>
                    </customfield>
                                                                <customfield id="customfield_12310920" key="com.pyxis.greenhopper.jira:gh-global-rank">
                        <customfieldname>Rank (Obsolete)</customfieldname>
                        <customfieldvalues>
                            <customfieldvalue>9223372036854775807</customfieldvalue>
                        </customfieldvalues>
                    </customfield>
                                                                                                                                                                                                                                                                                                                                                                                                                                                                                                                                                                                                                                                                                                                                                                                            </customfields>
    </item>


</channel>
</rss>