<rss version="0.92">
    <channel>
        <title>ASF JIRA</title>
        <link>https://issues.apache.org/jira/issues/?jql=project+%3D+NET+AND+type+%3D+bug+and+%28status+%3D+RESOLVED+or+status+%3D+closed%29</link>
        <description>An XML representation of a search request</description>
                <language>en-uk</language>
                        <issue start="0" end="464" total="464" />
                <build-info>
            <version>8.20.7</version>
            <build-number>820007</build-number>
            <build-date>16-03-2022</build-date>
        </build-info>

<item>
            <title>[NET-458] MVSFTPEntryParser.parseSimpleEntry - ArrayIndexOutOfBoundsException</title>
                <link>https://issues.apache.org/jira/browse/NET-458</link>
                <project id="12310487" key="NET">Commons Net</project>
                    <description>&lt;p&gt;Line 360 in MVSFTPEntryParser.parseSimpleEntry :&lt;/p&gt;

&lt;p&gt;    String name = entry.split(" ")&lt;span class="error"&gt;&amp;#91;0&amp;#93;&lt;/span&gt;;&lt;/p&gt;

&lt;p&gt;gives an ArrayIndexOutOfBoundsException: 0&lt;/p&gt;

&lt;p&gt;It appears to be caused by a partitioned dataset whose members only contain names. No other details (creation date, file type etc).&lt;/p&gt;

&lt;p&gt;This is the method, if it helps:&lt;/p&gt;

&lt;div class="code panel" style="border-width: 1px;"&gt;&lt;div class="codeContent panelContent"&gt;
&lt;pre class="code-java"&gt;&lt;span class="code-keyword"&gt;private&lt;/span&gt; &lt;span class="code-object"&gt;boolean&lt;/span&gt; parseSimpleEntry(FTPFile file, &lt;span class="code-object"&gt;String&lt;/span&gt; entry) {
    &lt;span class="code-keyword"&gt;if&lt;/span&gt; (entry != &lt;span class="code-keyword"&gt;null&lt;/span&gt; &amp;amp;&amp;amp; entry.length() &amp;gt; 0) {
        file.setRawListing(entry);
        &lt;span class="code-object"&gt;String&lt;/span&gt; name = entry.split(&lt;span class="code-quote"&gt;" "&lt;/span&gt;)[0];           &lt;span class="code-comment"&gt;// &amp;lt;--- error occurs here
&lt;/span&gt;        file.setName(name);
        file.setType(FTPFile.FILE_TYPE);
        &lt;span class="code-keyword"&gt;return&lt;/span&gt; &lt;span class="code-keyword"&gt;true&lt;/span&gt;;
    }
    &lt;span class="code-keyword"&gt;return&lt;/span&gt; &lt;span class="code-keyword"&gt;false&lt;/span&gt;;
}
&lt;/pre&gt;
&lt;/div&gt;&lt;/div&gt;</description>
                <environment>&lt;p&gt;zOS&lt;/p&gt;</environment>
        <key id="12550809">NET-458</key>
            <summary>MVSFTPEntryParser.parseSimpleEntry - ArrayIndexOutOfBoundsException</summary>
                <type id="1" iconUrl="https://issues.apache.org/jira/secure/viewavatar?size=xsmall&amp;avatarId=21133&amp;avatarType=issuetype">Bug</type>
                                            <priority id="3" iconUrl="https://issues.apache.org/jira/images/icons/priorities/major.svg">Major</priority>
                        <status id="6" iconUrl="https://issues.apache.org/jira/images/icons/statuses/closed.png" description="The issue is considered finished, the resolution is correct. Issues which are not closed can be reopened.">Closed</status>
                    <statusCategory id="3" key="done" colorName="green" />
                                    <resolution id="1">Fixed</resolution>
                                        <assignee username="-1">Unassigned</assignee>
                                    <reporter username="dmolony">Denis Molony</reporter>
                        <labels>
                    </labels>
                <created>Fri, 13 Apr 2012 10:38:08 +0000</created>
                <updated>Wed, 17 Apr 2013 19:59:13 +0000</updated>
                            <resolved>Fri, 13 Apr 2012 11:20:19 +0000</resolved>
                                    <version>3.0.1</version>
                    <version>3.1</version>
                                    <fixVersion>3.2</fixVersion>
                                    <component>FTP</component>
                        <due />
                            <votes>0</votes>
                                    <watches>0</watches>
                                                                <comments>
                            <comment id="13253282" author="sebb@apache.org" created="Fri, 13 Apr 2012 11:06:56 +0000">&lt;p&gt;Fix layout&lt;/p&gt;</comment>
                            <comment id="13253283" author="sebb@apache.org" created="Fri, 13 Apr 2012 11:07:57 +0000">&lt;p&gt;Looks like the problem is caused by trying to split a string containing only space(s)&lt;/p&gt;</comment>
                            <comment id="13253285" author="dmolony" created="Fri, 13 Apr 2012 11:12:10 +0000">&lt;p&gt;The PDS contains many members, but all of them appear to have unreadable names (unprintable characters?). There is no other member information available, so that part of the string is definitely blank.&lt;/p&gt;</comment>
                            <comment id="13253288" author="sebb@apache.org" created="Fri, 13 Apr 2012 11:20:19 +0000">&lt;p&gt;Thanks for the report. Fixed in SVN, and a new SNAPSHOT has been uploaded to the ASF snapshots repo &lt;span class="error"&gt;&amp;#91;1&amp;#93;&lt;/span&gt;.&lt;/p&gt;

&lt;p&gt;&lt;span class="error"&gt;&amp;#91;1&amp;#93;&lt;/span&gt; &lt;a href="http://repository.apache.org/snapshots/" class="external-link" target="_blank" rel="nofollow noopener"&gt;http://repository.apache.org/snapshots/&lt;/a&gt;&lt;/p&gt;</comment>
                            <comment id="13253294" author="dmolony" created="Fri, 13 Apr 2012 11:35:09 +0000">&lt;p&gt;Thanks, that fixed it.&lt;/p&gt;</comment>
                    </comments>
                    <attachments>
                    </attachments>
                <subtasks>
                    </subtasks>
                <customfields>
                                                                                                                                                                                                                                                                                                                                                                                                                                                                                                                                                                                                                                                                                                                    <customfield id="customfield_12314020" key="com.atlassian.jira.plugins.jira-development-integration-plugin:devsummary">
                        <customfieldname>Development</customfieldname>
                        <customfieldvalues>
                            
                        </customfieldvalues>
                    </customfield>
                                                                                                                        <customfield id="customfield_12313422" key="com.atlassian.jirafisheyeplugin:jobcheckbox">
                        <customfieldname>Enable Automatic Patch Review</customfieldname>
                        <customfieldvalues>
                            <customfieldvalue>false</customfieldvalue>

                        </customfieldvalues>
                    </customfield>
                                                                                                                                                                                                                                                                                                                                                                                                                                                                                                                                                                                                                                                <customfield id="customfield_12310420" key="com.pyxis.greenhopper.jira:gh-global-rank">
                        <customfieldname>Global Rank</customfieldname>
                        <customfieldvalues>
                            <customfieldvalue>235673</customfieldvalue>
                        </customfieldvalues>
                    </customfield>
                                                                                                                                                                                                                                                                                                                                                                                                                                                                        <customfield id="customfield_12311820" key="com.pyxis.greenhopper.jira:gh-lexo-rank">
                        <customfieldname>Rank</customfieldname>
                        <customfieldvalues>
                            <customfieldvalue>0|i0lpf3:</customfieldvalue>

                        </customfieldvalues>
                    </customfield>
                                                                <customfield id="customfield_12310920" key="com.pyxis.greenhopper.jira:gh-global-rank">
                        <customfieldname>Rank (Obsolete)</customfieldname>
                        <customfieldvalues>
                            <customfieldvalue>124769</customfieldvalue>
                        </customfieldvalues>
                    </customfield>
                                                                                                                                                                                                                                                                                                                                                                                                                                                                                                                                                                                                                                                                                                                                                                                            </customfields>
    </item>


</channel>
</rss>