<rss version="0.92">
    <channel>
        <title>ASF JIRA</title>
        <link>https://issues.apache.org/jira/issues/?jql=project+%3D+NET+AND+type+%3D+bug+and+%28status+%3D+RESOLVED+or+status+%3D+closed%29</link>
        <description>An XML representation of a search request</description>
                <language>en-uk</language>
                        <issue start="0" end="464" total="464" />
                <build-info>
            <version>8.20.7</version>
            <build-number>820007</build-number>
            <build-date>16-03-2022</build-date>
        </build-info>

<item>
            <title>[NET-150] Line terminator "/r/n" not properly traced in TelnetClient SpyStream</title>
                <link>https://issues.apache.org/jira/browse/NET-150</link>
                <project id="12310487" key="NET">Commons Net</project>
                    <description>&lt;p&gt;Line terminator "/r/n" isn't properly traced in TelnetClient SpyStream &lt;br/&gt;
[ see TelnetClient.registerSpyStream(OutputStream  spystream) ].&lt;br/&gt;
Actually, it's traced as:&lt;br/&gt;
"\n\r"&lt;/p&gt;

&lt;p&gt;Suggested PATCH:&lt;/p&gt;

&lt;p&gt;Modify the method &lt;br/&gt;
        _spyRead(int ch) &lt;br/&gt;
in class &lt;br/&gt;
        org.apache.commons.net.telnet.Telnet &lt;br/&gt;
(from wich TelnetClient inherits):&lt;/p&gt;

&lt;p&gt;    void _spyRead(int ch)&lt;br/&gt;
    {&lt;br/&gt;
        if (spyStream != null)&lt;br/&gt;
        {&lt;br/&gt;
            try&lt;br/&gt;
            {&lt;br/&gt;
                if (ch != (int) '\r')&lt;br/&gt;
                {&lt;br/&gt;
                	// ======Giancarlo Barresi PATCH START====&lt;br/&gt;
                    spyStream.write(ch);&lt;br/&gt;
                    // END =================================&lt;/p&gt;

&lt;p&gt;	if (ch == (int) '\n')&lt;/p&gt;
                    {
                        spyStream.write((int) '\r');
                    }
&lt;p&gt;	// START PREVIOUS VERSION ******************************&lt;br/&gt;
	// spyStream.write(ch);&lt;br/&gt;
	// END *************************************************&lt;/p&gt;

&lt;p&gt;	spyStream.flush();&lt;br/&gt;
                }&lt;br/&gt;
            }&lt;br/&gt;
            catch (Exception e)&lt;/p&gt;
            {
                spyStream = null;
            }
&lt;p&gt;        }&lt;br/&gt;
    }&lt;/p&gt;</description>
                <environment>&lt;p&gt;All&lt;/p&gt;</environment>
        <key id="12361337">NET-150</key>
            <summary>Line terminator "/r/n" not properly traced in TelnetClient SpyStream</summary>
                <type id="1" iconUrl="https://issues.apache.org/jira/secure/viewavatar?size=xsmall&amp;avatarId=21133&amp;avatarType=issuetype">Bug</type>
                                            <priority id="4" iconUrl="https://issues.apache.org/jira/images/icons/priorities/minor.svg">Minor</priority>
                        <status id="6" iconUrl="https://issues.apache.org/jira/images/icons/statuses/closed.png" description="The issue is considered finished, the resolution is correct. Issues which are not closed can be reopened.">Closed</status>
                    <statusCategory id="3" key="done" colorName="green" />
                                    <resolution id="1">Fixed</resolution>
                                        <assignee username="-1">Unassigned</assignee>
                                    <reporter username="giancarlo barresi">Giancarlo Barresi</reporter>
                        <labels>
                    </labels>
                <created>Fri, 26 Jan 2007 16:40:31 +0000</created>
                <updated>Thu, 20 Sep 2007 05:31:23 +0000</updated>
                            <resolved>Fri, 26 Jan 2007 16:42:04 +0000</resolved>
                                    <version>1.4</version>
                                    <fixVersion>1.4</fixVersion>
                                        <due />
                            <votes>0</votes>
                                    <watches>1</watches>
                                                                <comments>
                            <comment id="12467856" author="giancarlo barresi" created="Fri, 26 Jan 2007 16:42:04 +0000">&lt;p&gt;Suggested PATCH: &lt;/p&gt;

&lt;p&gt;Modify the method &lt;br/&gt;
        _spyRead(int ch) &lt;br/&gt;
in class &lt;br/&gt;
        org.apache.commons.net.telnet.Telnet &lt;br/&gt;
(from wich TelnetClient inherits): &lt;/p&gt;

&lt;p&gt;    void _spyRead(int ch) &lt;br/&gt;
    { &lt;br/&gt;
        if (spyStream != null) &lt;br/&gt;
        { &lt;br/&gt;
            try &lt;br/&gt;
            { &lt;br/&gt;
                if (ch != (int) '\r') &lt;br/&gt;
                { &lt;br/&gt;
                 // ======Giancarlo Barresi PATCH START==== &lt;br/&gt;
                    spyStream.write(ch); &lt;br/&gt;
                    // END ================================= &lt;/p&gt;

&lt;p&gt;if (ch == (int) '\n') &lt;/p&gt;
                    { 
                        spyStream.write((int) '\r'); 
                    } 
&lt;p&gt;// START PREVIOUS VERSION ****************************** &lt;br/&gt;
// spyStream.write(ch); &lt;br/&gt;
// END ************************************************* &lt;/p&gt;

&lt;p&gt;spyStream.flush(); &lt;br/&gt;
                } &lt;br/&gt;
            } &lt;br/&gt;
            catch (Exception e) &lt;/p&gt;
            { 
                spyStream = null; 
            } 
&lt;p&gt;        } &lt;br/&gt;
    }&lt;/p&gt;</comment>
                    </comments>
                    <attachments>
                    </attachments>
                <subtasks>
                    </subtasks>
                <customfields>
                                                                                                                                                                                                                                                                                                                                                                                                                                                                                                                                                                                                                                                                                                                    <customfield id="customfield_12314020" key="com.atlassian.jira.plugins.jira-development-integration-plugin:devsummary">
                        <customfieldname>Development</customfieldname>
                        <customfieldvalues>
                            
                        </customfieldvalues>
                    </customfield>
                                                                                                                        <customfield id="customfield_12313422" key="com.atlassian.jirafisheyeplugin:jobcheckbox">
                        <customfieldname>Enable Automatic Patch Review</customfieldname>
                        <customfieldvalues>
                            <customfieldvalue>false</customfieldvalue>

                        </customfieldvalues>
                    </customfield>
                                                                                                                                                                                                                                                                                                                                                                                                                                                                                                                                                                                                                                                <customfield id="customfield_12310420" key="com.pyxis.greenhopper.jira:gh-global-rank">
                        <customfieldname>Global Rank</customfieldname>
                        <customfieldvalues>
                            <customfieldvalue>154487</customfieldvalue>
                        </customfieldvalues>
                    </customfield>
                                                                                                                                                                                                                                                                                                                                                                                                                                                                        <customfield id="customfield_12311820" key="com.pyxis.greenhopper.jira:gh-lexo-rank">
                        <customfieldname>Rank</customfieldname>
                        <customfieldvalues>
                            <customfieldvalue>0|i0yaf3:</customfieldvalue>

                        </customfieldvalues>
                    </customfield>
                                                                <customfield id="customfield_12310920" key="com.pyxis.greenhopper.jira:gh-global-rank">
                        <customfieldname>Rank (Obsolete)</customfieldname>
                        <customfieldvalues>
                            <customfieldvalue>198157</customfieldvalue>
                        </customfieldvalues>
                    </customfield>
                                                                                                                                                                                                                                                                                                                                                                                                                                                                                                                                                                                                                                                                                                                                                                                            </customfields>
    </item>


</channel>
</rss>