<rss version="0.92">
    <channel>
        <title>ASF JIRA</title>
        <link>https://issues.apache.org/jira/issues/?jql=project+%3D+NET+AND+type+%3D+bug+and+%28status+%3D+RESOLVED+or+status+%3D+closed%29</link>
        <description>An XML representation of a search request</description>
                <language>en-uk</language>
                        <issue start="0" end="464" total="464" />
                <build-info>
            <version>8.20.7</version>
            <build-number>820007</build-number>
            <build-date>16-03-2022</build-date>
        </build-info>

<item>
            <title>[NET-469] Erroneous "No route to host" on upload failure</title>
                <link>https://issues.apache.org/jira/browse/NET-469</link>
                <project id="12310487" key="NET">Commons Net</project>
                    <description>&lt;p&gt;The example code at &lt;/p&gt;

&lt;p&gt;&lt;a href="http://commons.apache.org/net/examples/ftp/FTPClientExample.java" class="external-link" target="_blank" rel="nofollow noopener"&gt;http://commons.apache.org/net/examples/ftp/FTPClientExample.java&lt;/a&gt;&lt;/p&gt;

&lt;p&gt;...fails to store a file in a remote server with:&lt;/p&gt;

&lt;p&gt;java TestConnection -s 91.231.###.## ###### ******** file.csv file.csv&lt;/p&gt;

&lt;p&gt;{{&lt;br/&gt;
220 Unauthorized access prohibited!&lt;br/&gt;
Connected to 91.231.###.## on 21&lt;br/&gt;
USER *******&lt;br/&gt;
331 Password required for ######.&lt;br/&gt;
PASS *******&lt;br/&gt;
230 User logged in.&lt;br/&gt;
SYST&lt;br/&gt;
215 Windows_NT&lt;br/&gt;
Remote system is Windows_NT&lt;br/&gt;
PASV&lt;br/&gt;
227 Entering Passive Mode (85,88,142,160,117,69).&lt;br/&gt;
java.net.NoRouteToHostException: No route to host&lt;br/&gt;
	at java.net.PlainSocketImpl.socketConnect(Native Method)&lt;br/&gt;
	at java.net.PlainSocketImpl.doConnect(PlainSocketImpl.java:351)&lt;br/&gt;
	at java.net.PlainSocketImpl.connectToAddress(PlainSocketImpl.java:213)&lt;br/&gt;
	at java.net.PlainSocketImpl.connect(PlainSocketImpl.java:200)&lt;br/&gt;
	at java.net.SocksSocketImpl.connect(SocksSocketImpl.java:366)&lt;br/&gt;
	at java.net.Socket.connect(Socket.java:529)&lt;br/&gt;
	at org.apache.commons.net.ftp.FTPClient.&lt;em&gt;openDataConnection&lt;/em&gt;(FTPClient.java:762)&lt;br/&gt;
	at org.apache.commons.net.ftp.FTPClient._storeFile(FTPClient.java:565)&lt;br/&gt;
	at org.apache.commons.net.ftp.FTPClient.__storeFile(FTPClient.java:557)&lt;br/&gt;
	at org.apache.commons.net.ftp.FTPClient.storeFile(FTPClient.java:1795)&lt;br/&gt;
	at pt.knowledgeworks.emsa.mssim.scenario.TestConnection.main(TestConnection.java:285)&lt;br/&gt;
}}&lt;/p&gt;

&lt;p&gt;Tcpdump in attachment. I'm no tcp expert to tell what's wrong with the dump. Ping, traceroute and other ftp clients work without problems. Standard command-line ftp managed to upload a file with no problems.&lt;/p&gt;

&lt;p&gt;Originally discovered via wagon-ftp (mvn deploy).&lt;/p&gt;

&lt;p&gt;Thanks in advance.&lt;/p&gt;</description>
                <environment>&lt;p&gt;Java(TM) SE Runtime Environment (build 1.6.0_31-b04) Java HotSpot(TM) 64-Bit Server VM (build 20.6-b01, mixed mode)&lt;/p&gt;

&lt;p&gt;Linux 2.6.39-gentoo-r3 #6 SMP PREEMPT Thu Dec 8 19:34:57 WET 2011 x86_64 Intel(R) Core(TM) i5-2410M CPU @ 2.30GHz GenuineIntel GNU/Linux&lt;/p&gt;</environment>
        <key id="12560187">NET-469</key>
            <summary>Erroneous "No route to host" on upload failure</summary>
                <type id="1" iconUrl="https://issues.apache.org/jira/secure/viewavatar?size=xsmall&amp;avatarId=21133&amp;avatarType=issuetype">Bug</type>
                                            <priority id="3" iconUrl="https://issues.apache.org/jira/images/icons/priorities/major.svg">Major</priority>
                        <status id="6" iconUrl="https://issues.apache.org/jira/images/icons/statuses/closed.png" description="The issue is considered finished, the resolution is correct. Issues which are not closed can be reopened.">Closed</status>
                    <statusCategory id="3" key="done" colorName="green" />
                                    <resolution id="8">Not A Problem</resolution>
                                        <assignee username="-1">Unassigned</assignee>
                                    <reporter username="vlfig">Vasco Figueira</reporter>
                        <labels>
                    </labels>
                <created>Mon, 11 Jun 2012 15:50:07 +0000</created>
                <updated>Tue, 12 Jun 2012 11:06:47 +0000</updated>
                            <resolved>Tue, 12 Jun 2012 11:06:47 +0000</resolved>
                                    <version>3.1</version>
                                                    <component>FTP</component>
                        <due />
                            <votes>0</votes>
                                    <watches>1</watches>
                                    <timeoriginalestimate seconds="0">0h</timeoriginalestimate>
                            <timeestimate seconds="0">0h</timeestimate>
                                        <comments>
                            <comment id="13292850" author="vlfig" created="Mon, 11 Jun 2012 15:52:06 +0000">&lt;p&gt;The tcp dump.&lt;/p&gt;</comment>
                            <comment id="13292869" author="sebb@apache.org" created="Mon, 11 Jun 2012 16:40:26 +0000">&lt;p&gt;The response to PASV is&lt;/p&gt;

&lt;blockquote&gt;&lt;p&gt;227 Entering Passive Mode (85,88,142,160,117,69)&lt;/p&gt;&lt;/blockquote&gt;

&lt;p&gt;This means that the server is listening on the IP address 85.88.142.160 at the port 117*256+69 = 30021.&lt;/p&gt;

&lt;p&gt;That is the address that NET is trying to reach, and the one for which no route is found.&lt;/p&gt;

&lt;p&gt;The response does not seem right, because the server is at 91.231.x.x&lt;/p&gt;

&lt;p&gt;Try pinging 85.88.142.160 from your client host.&lt;/p&gt;

&lt;p&gt;By the way, the TCP dump appears to be truncated, the PASV reply in particular is incomplete.&lt;/p&gt;

&lt;p&gt;Can you provide dumps for both NET and command-line FTP for comparison?&lt;/p&gt;</comment>
                            <comment id="13293509" author="vlfig" created="Tue, 12 Jun 2012 11:06:46 +0000">&lt;p&gt;The command-line client was working because it was not entering passive mode. If we force it to passive fails with the exact same error message.&lt;/p&gt;

&lt;p&gt;Do tell me in case the tcpdump for the command-line passive-mode client is of any use for you.&lt;/p&gt;

&lt;p&gt;Thank you for your response. Site admins have been informed. Closing the issue&lt;/p&gt;
</comment>
                    </comments>
                    <attachments>
                            <attachment id="12531686" name="dump.txt" size="10791" author="vlfig" created="Mon, 11 Jun 2012 15:52:06 +0000" />
                    </attachments>
                <subtasks>
                    </subtasks>
                <customfields>
                                                                                                                                                                                                                                                                                                                                                                                                                                                                                                                                                                                                                                                                                                                    <customfield id="customfield_12314020" key="com.atlassian.jira.plugins.jira-development-integration-plugin:devsummary">
                        <customfieldname>Development</customfieldname>
                        <customfieldvalues>
                            
                        </customfieldvalues>
                    </customfield>
                                                                                                                        <customfield id="customfield_12313422" key="com.atlassian.jirafisheyeplugin:jobcheckbox">
                        <customfieldname>Enable Automatic Patch Review</customfieldname>
                        <customfieldvalues>
                            <customfieldvalue>false</customfieldvalue>

                        </customfieldvalues>
                    </customfield>
                                                                                                                                                                                                                                                                                                                                                                                                                                                                                                                                                                                                                                                <customfield id="customfield_12310420" key="com.pyxis.greenhopper.jira:gh-global-rank">
                        <customfieldname>Global Rank</customfieldname>
                        <customfieldvalues>
                            <customfieldvalue>294601</customfieldvalue>
                        </customfieldvalues>
                    </customfield>
                                                                                                                                                                                                                                                                                                                                                                                                                                                                        <customfield id="customfield_12311820" key="com.pyxis.greenhopper.jira:gh-lexo-rank">
                        <customfieldname>Rank</customfieldname>
                        <customfieldvalues>
                            <customfieldvalue>0|i0ycpj:</customfieldvalue>

                        </customfieldvalues>
                    </customfield>
                                                                <customfield id="customfield_12310920" key="com.pyxis.greenhopper.jira:gh-global-rank">
                        <customfieldname>Rank (Obsolete)</customfieldname>
                        <customfieldvalues>
                            <customfieldvalue>198528</customfieldvalue>
                        </customfieldvalues>
                    </customfield>
                                                                                                                                                                                                                                                                                                                                                                                                                                                                                                                                                                                                                                                                                                                                                                                            </customfields>
    </item>


</channel>
</rss>