<rss version="0.92">
    <channel>
        <title>ASF JIRA</title>
        <link>https://issues.apache.org/jira/issues/?jql=project+%3D+NET+AND+type+%3D+bug+and+%28status+%3D+RESOLVED+or+status+%3D+closed%29</link>
        <description>An XML representation of a search request</description>
                <language>en-uk</language>
                        <issue start="0" end="464" total="464" />
                <build-info>
            <version>8.20.7</version>
            <build-number>820007</build-number>
            <build-date>16-03-2022</build-date>
        </build-info>

<item>
            <title>[NET-42] [net] Offset and resume not working...</title>
                <link>https://issues.apache.org/jira/browse/NET-42</link>
                <project id="12310487" key="NET">Commons Net</project>
                    <description>&lt;p&gt;When setting the restart offset : setRestartOffset(long offset) one would &lt;br/&gt;
expect that when resuming storing the same file on the server, it will restart &lt;br/&gt;
from that offset and not from beggining.&lt;/p&gt;

&lt;p&gt;I made the follwoing change (-&lt;del&gt;&amp;gt;&amp;gt;&amp;lt;&amp;lt;&lt;/del&gt;-) in the org.apache.commons.net.io.Util &lt;br/&gt;
class&lt;/p&gt;

&lt;p&gt;public static final long copyStream(long offset, source,...&lt;/p&gt;

&lt;p&gt;...&lt;br/&gt;
		try {&lt;br/&gt;
			-&lt;del&gt;&amp;gt;&amp;gt; source.skip(offset); &amp;lt;&amp;lt;&lt;/del&gt;-&lt;br/&gt;
			while ((bytes = source.read(buffer)) != -1) {&lt;br/&gt;
...&lt;/p&gt;

&lt;p&gt;This change allows to skip the bytes until the offset mark.&lt;/p&gt;

&lt;p&gt;In the main code there is of course a need to set :&lt;br/&gt;
	      ftpClient.setRestartOffset(dest_file_size);&lt;br/&gt;
	      output = ftp.storeFileStream("filename");&lt;/p&gt;

&lt;p&gt;dest_file_size was calculated using the following code as I haven't found a &lt;br/&gt;
method return the size of the file:&lt;/p&gt;

&lt;p&gt;	static long getSize(FTPFile[] ftpFiles, String filename){&lt;br/&gt;
		for(int i=0; i&amp;lt;ftpFiles.length;i++){&lt;br/&gt;
			if (ftpFiles&lt;span class="error"&gt;&amp;#91;i&amp;#93;&lt;/span&gt;.getName().equalsIgnoreCase(filename))&lt;/p&gt;
{
				return ftpFiles[i].getSize();
			}
&lt;p&gt;		}&lt;br/&gt;
		return -1;&lt;br/&gt;
	}&lt;/p&gt;

&lt;p&gt;where ftpFiles = ftpClient.initiateListParsing().getFiles(); &lt;/p&gt;

&lt;p&gt;What do you think??&lt;/p&gt;</description>
                <environment>&lt;p&gt;Operating System: other&lt;br/&gt;
Platform: All&lt;/p&gt;</environment>
        <key id="12342992">NET-42</key>
            <summary>[net] Offset and resume not working...</summary>
                <type id="1" iconUrl="https://issues.apache.org/jira/secure/viewavatar?size=xsmall&amp;avatarId=21133&amp;avatarType=issuetype">Bug</type>
                                            <priority id="3" iconUrl="https://issues.apache.org/jira/images/icons/priorities/major.svg">Major</priority>
                        <status id="6" iconUrl="https://issues.apache.org/jira/images/icons/statuses/closed.png" description="The issue is considered finished, the resolution is correct. Issues which are not closed can be reopened.">Closed</status>
                    <statusCategory id="3" key="done" colorName="green" />
                                    <resolution id="2">Won't Fix</resolution>
                                        <assignee username="-1">Unassigned</assignee>
                                    <reporter username="marc.aymar@nice.fi">Marc</reporter>
                        <labels>
                    </labels>
                <created>Thu, 23 Mar 2006 18:01:57 +0000</created>
                <updated>Wed, 29 Feb 2012 20:33:46 +0000</updated>
                            <resolved>Sat, 26 Feb 2011 14:53:16 +0000</resolved>
                                    <version>1.4</version>
                                                    <component>FTP</component>
                        <due />
                            <votes>0</votes>
                                    <watches>0</watches>
                                                                <comments>
                            <comment id="12411648" author="martinc" created="Fri, 24 Mar 2006 00:20:23 +0000">&lt;p&gt;This looks like a Commons Net issue. It's definitely not Commons FileUpload.&lt;/p&gt;</comment>
                            <comment id="12999790" author="sebb@apache.org" created="Sat, 26 Feb 2011 14:53:16 +0000">&lt;p&gt;The NET API requires the client application to provide the InputStream, which should be positioned appropriately.&lt;/p&gt;</comment>
                    </comments>
                    <attachments>
                    </attachments>
                <subtasks>
                    </subtasks>
                <customfields>
                                                                                                                                                                                                                                                                                                                                                                                                                                                                                                                                                                                                    <customfield id="customfield_10010" key="com.atlassian.jira.plugin.system.customfieldtypes:importid">
                        <customfieldname>Bugzilla Id</customfieldname>
                        <customfieldvalues>
                            <customfieldvalue>39076</customfieldvalue>
                        </customfieldvalues>
                    </customfield>
                                                                                                                                                    <customfield id="customfield_12314020" key="com.atlassian.jira.plugins.jira-development-integration-plugin:devsummary">
                        <customfieldname>Development</customfieldname>
                        <customfieldvalues>
                            
                        </customfieldvalues>
                    </customfield>
                                                                                                                        <customfield id="customfield_12313422" key="com.atlassian.jirafisheyeplugin:jobcheckbox">
                        <customfieldname>Enable Automatic Patch Review</customfieldname>
                        <customfieldvalues>
                            <customfieldvalue>false</customfieldvalue>

                        </customfieldvalues>
                    </customfield>
                                                                                                                                                                                                                                                                                                                                                                                                                                                                                                                                                                                                                                                <customfield id="customfield_12310420" key="com.pyxis.greenhopper.jira:gh-global-rank">
                        <customfieldname>Global Rank</customfieldname>
                        <customfieldvalues>
                            <customfieldvalue>154382</customfieldvalue>
                        </customfieldvalues>
                    </customfield>
                                                                                                                                                                                                                                                                                                                                                                                                                                                                        <customfield id="customfield_12311820" key="com.pyxis.greenhopper.jira:gh-lexo-rank">
                        <customfieldname>Rank</customfieldname>
                        <customfieldvalues>
                            <customfieldvalue>0|i0yb5j:</customfieldvalue>

                        </customfieldvalues>
                    </customfield>
                                                                <customfield id="customfield_12310920" key="com.pyxis.greenhopper.jira:gh-global-rank">
                        <customfieldname>Rank (Obsolete)</customfieldname>
                        <customfieldvalues>
                            <customfieldvalue>198276</customfieldvalue>
                        </customfieldvalues>
                    </customfield>
                                                                                                                                                                                                                                                                                                                                                                                                                                                                                                                                                                                                                                                                                                                                                                                            </customfields>
    </item>


</channel>
</rss>