<rss version="0.92">
    <channel>
        <title>ASF JIRA</title>
        <link>https://issues.apache.org/jira/issues/?jql=project+%3D+NET+AND+type+%3D+bug+and+%28status+%3D+RESOLVED+or+status+%3D+closed%29</link>
        <description>An XML representation of a search request</description>
                <language>en-uk</language>
                        <issue start="0" end="464" total="464" />
                <build-info>
            <version>8.20.7</version>
            <build-number>820007</build-number>
            <build-date>16-03-2022</build-date>
        </build-info>

<item>
            <title>[NET-284] problem with TelnetClient.setSoTimeout() : not the proper behaviour</title>
                <link>https://issues.apache.org/jira/browse/NET-284</link>
                <project id="12310487" key="NET">Commons Net</project>
                    <description>&lt;p&gt;Hi all,&lt;br/&gt;
Correct me if I'm wrong but I think that the telnetClient is not handling properly timeouts.&lt;/p&gt;

&lt;p&gt;Just look at this junit testCase : &lt;/p&gt;

&lt;div class="code panel" style="border-width: 1px;"&gt;&lt;div class="codeContent panelContent"&gt;
&lt;pre class="code-java"&gt;&lt;span class="code-keyword"&gt;import&lt;/span&gt; java.io.BufferedReader;
&lt;span class="code-keyword"&gt;import&lt;/span&gt; java.io.IOException;
&lt;span class="code-keyword"&gt;import&lt;/span&gt; java.io.InputStreamReader;
&lt;span class="code-keyword"&gt;import&lt;/span&gt; java.io.PrintWriter;
&lt;span class="code-keyword"&gt;import&lt;/span&gt; java.net.SocketException;
&lt;span class="code-keyword"&gt;import&lt;/span&gt; java.net.SocketTimeoutException;

&lt;span class="code-keyword"&gt;import&lt;/span&gt; junit.framework.TestCase;
&lt;span class="code-keyword"&gt;import&lt;/span&gt; org.apache.commons.net.telnet.*;

&lt;span class="code-keyword"&gt;import&lt;/span&gt; org.junit.Test;

&lt;span class="code-keyword"&gt;public&lt;/span&gt; &lt;span class="code-keyword"&gt;class &lt;/span&gt;TelnetClientTest &lt;span class="code-keyword"&gt;extends&lt;/span&gt; TestCase {
	&lt;span class="code-keyword"&gt;private&lt;/span&gt; TelnetClient telnetClient;
	&lt;span class="code-keyword"&gt;private&lt;/span&gt; BufferedReader in= &lt;span class="code-keyword"&gt;null&lt;/span&gt;;
	&lt;span class="code-keyword"&gt;private&lt;/span&gt; PrintWriter out= &lt;span class="code-keyword"&gt;null&lt;/span&gt;;
	
	@Test
	&lt;span class="code-keyword"&gt;public&lt;/span&gt; void testSetSoTimeout() {
		
		telnetClient = &lt;span class="code-keyword"&gt;new&lt;/span&gt; TelnetClient();
		
		/*
		 * FIRST SCRIPT
		 */
		&lt;span class="code-keyword"&gt;try&lt;/span&gt; {
			telnetClient.connect(&lt;span class="code-quote"&gt;"192.168.0.95"&lt;/span&gt;, 23);
		} &lt;span class="code-keyword"&gt;catch&lt;/span&gt; (SocketException e) {
			e.printStackTrace();
			&lt;span class="code-keyword"&gt;this&lt;/span&gt;.disconnect();
			fail(&lt;span class="code-quote"&gt;"Error connect"&lt;/span&gt;);
		} &lt;span class="code-keyword"&gt;catch&lt;/span&gt; (IOException e) {
			e.printStackTrace();
			&lt;span class="code-keyword"&gt;this&lt;/span&gt;.disconnect();
			fail(&lt;span class="code-quote"&gt;"Error connect"&lt;/span&gt;);
		}
		assertTrue (&lt;span class="code-quote"&gt;"telnet client not connected"&lt;/span&gt;, telnetClient.isConnected());
		
		in = &lt;span class="code-keyword"&gt;new&lt;/span&gt; BufferedReader(&lt;span class="code-keyword"&gt;new&lt;/span&gt; InputStreamReader(telnetClient.getInputStream()));
		out = &lt;span class="code-keyword"&gt;new&lt;/span&gt; PrintWriter(telnetClient.getOutputStream());
		&lt;span class="code-object"&gt;String&lt;/span&gt; mes = &lt;span class="code-keyword"&gt;null&lt;/span&gt;;
		
		&lt;span class="code-comment"&gt;// LOGIN
&lt;/span&gt;		mes = getMessageFromTelnetServer(300);
		assertNotNull(&lt;span class="code-quote"&gt;"mes is &lt;span class="code-keyword"&gt;null&lt;/span&gt;"&lt;/span&gt;, mes);
		assertTrue(&lt;span class="code-quote"&gt;"Pas de prompt login"&lt;/span&gt;, mes.endsWith(&lt;span class="code-quote"&gt;"login: "&lt;/span&gt;));
		out.println(&lt;span class="code-quote"&gt;"root"&lt;/span&gt;);
		out.flush();
		
		&lt;span class="code-comment"&gt;// PASSWORD
&lt;/span&gt;		mes = getMessageFromTelnetServer(300);
		assertNotNull(&lt;span class="code-quote"&gt;"mes is &lt;span class="code-keyword"&gt;null&lt;/span&gt;"&lt;/span&gt;, mes);
		assertTrue(&lt;span class="code-quote"&gt;"Pas de prompt password"&lt;/span&gt;, mes.endsWith(&lt;span class="code-quote"&gt;"Password: "&lt;/span&gt;));
		out.println(&lt;span class="code-quote"&gt;"rootpwd"&lt;/span&gt;);
		out.flush();
		
		&lt;span class="code-comment"&gt;// PROMPT
&lt;/span&gt;		mes = getMessageFromTelnetServer(300);
		assertNotNull(&lt;span class="code-quote"&gt;"mes is &lt;span class="code-keyword"&gt;null&lt;/span&gt;"&lt;/span&gt;, mes);
		assertTrue(&lt;span class="code-quote"&gt;"no prompt"&lt;/span&gt;, mes.endsWith(&lt;span class="code-quote"&gt;"$ "&lt;/span&gt;));
		
		&lt;span class="code-comment"&gt;// SEND PWD
&lt;/span&gt;		out.println(&lt;span class="code-quote"&gt;"pwd"&lt;/span&gt;);
		out.flush();
		
		&lt;span class="code-comment"&gt;// WAIT A LITTLE BIT TOO MUCH
&lt;/span&gt;		&lt;span class="code-keyword"&gt;try&lt;/span&gt; {
			&lt;span class="code-object"&gt;Thread&lt;/span&gt;.sleep(1000);
		} &lt;span class="code-keyword"&gt;catch&lt;/span&gt;(InterruptedException e) {
		}
		
		&lt;span class="code-comment"&gt;// READ RESULT OF PWD
&lt;/span&gt;		mes = getMessageFromTelnetServer(300);
		
		&lt;span class="code-comment"&gt;// READ AGAIN ... YES !
&lt;/span&gt;		&lt;span class="code-object"&gt;String&lt;/span&gt; mes2 = getMessageFromTelnetServer(300);
		
		&lt;span class="code-comment"&gt;// CRASH HERE
&lt;/span&gt;		assertTrue(&lt;span class="code-quote"&gt;"no result to pwd"&lt;/span&gt;, mes.endsWith(&lt;span class="code-quote"&gt;"$ "&lt;/span&gt;));
		
		&lt;span class="code-comment"&gt;// AND HERE
&lt;/span&gt;		assertEquals(&lt;span class="code-quote"&gt;"should be empty but we get result of pwd"&lt;/span&gt;, "" , mes2);
		
		&lt;span class="code-keyword"&gt;this&lt;/span&gt;.disconnect();	
		
	}
	
	&lt;span class="code-keyword"&gt;private&lt;/span&gt; void disconnect() {
		&lt;span class="code-keyword"&gt;try&lt;/span&gt; {
			telnetClient.disconnect();
		} &lt;span class="code-keyword"&gt;catch&lt;/span&gt; (IOException e) {}
	}
	
	&lt;span class="code-keyword"&gt;private&lt;/span&gt; &lt;span class="code-object"&gt;String&lt;/span&gt; getMessageFromTelnetServer(&lt;span class="code-object"&gt;int&lt;/span&gt; timeout) {
		&lt;span class="code-object"&gt;int&lt;/span&gt; numberOfBytes = 0;
		&lt;span class="code-object"&gt;char&lt;/span&gt;[] msgChar = &lt;span class="code-keyword"&gt;new&lt;/span&gt; &lt;span class="code-object"&gt;char&lt;/span&gt;[2000];
		
		&lt;span class="code-keyword"&gt;try&lt;/span&gt; {
			telnetClient.setSoTimeout(timeout);
		} &lt;span class="code-keyword"&gt;catch&lt;/span&gt; (Exception e) {
			&lt;span class="code-keyword"&gt;return&lt;/span&gt; "";
		}
		
		&lt;span class="code-object"&gt;String&lt;/span&gt; res = "";
		read_loop:
		&lt;span class="code-keyword"&gt;while&lt;/span&gt; (numberOfBytes &amp;gt;= 0) {
			&lt;span class="code-keyword"&gt;try&lt;/span&gt; {
				numberOfBytes = in.read(msgChar, 0, msgChar.length);
			} &lt;span class="code-keyword"&gt;catch&lt;/span&gt; (SocketTimeoutException e) {
				&lt;span class="code-keyword"&gt;break&lt;/span&gt; read_loop;
			} &lt;span class="code-keyword"&gt;catch&lt;/span&gt; (IOException e) {
				e.printStackTrace();
				&lt;span class="code-keyword"&gt;break&lt;/span&gt; read_loop;
			}
			res = res + &lt;span class="code-object"&gt;String&lt;/span&gt;.copyValueOf(msgChar, 0, numberOfBytes);
		}
		&lt;span class="code-keyword"&gt;return&lt;/span&gt; res;
	}

}
&lt;/pre&gt;
&lt;/div&gt;&lt;/div&gt;</description>
                <environment>&lt;p&gt;Windows XP, Sun JRE 6&lt;/p&gt;</environment>
        <key id="12428792">NET-284</key>
            <summary>problem with TelnetClient.setSoTimeout() : not the proper behaviour</summary>
                <type id="1" iconUrl="https://issues.apache.org/jira/secure/viewavatar?size=xsmall&amp;avatarId=21133&amp;avatarType=issuetype">Bug</type>
                                            <priority id="3" iconUrl="https://issues.apache.org/jira/images/icons/priorities/major.svg">Major</priority>
                        <status id="6" iconUrl="https://issues.apache.org/jira/images/icons/statuses/closed.png" description="The issue is considered finished, the resolution is correct. Issues which are not closed can be reopened.">Closed</status>
                    <statusCategory id="3" key="done" colorName="green" />
                                    <resolution id="6">Invalid</resolution>
                                        <assignee username="-1">Unassigned</assignee>
                                    <reporter username="dalou">dalouuu</reporter>
                        <labels>
                    </labels>
                <created>Wed, 24 Jun 2009 16:59:13 +0000</created>
                <updated>Wed, 2 Mar 2011 20:55:42 +0000</updated>
                            <resolved>Wed, 2 Mar 2011 20:55:35 +0000</resolved>
                                    <version>2.0</version>
                                                    <component>Telnet</component>
                        <due />
                            <votes>0</votes>
                                    <watches>0</watches>
                                                                <comments>
                            <comment id="13001626" author="sebb@apache.org" created="Wed, 2 Mar 2011 20:55:35 +0000">&lt;p&gt;setSoTimeout calls java.net.Socket.setSoTimeout(int timeout) which only affects how long a read operation will take.&lt;/p&gt;</comment>
                    </comments>
                    <attachments>
                    </attachments>
                <subtasks>
                    </subtasks>
                <customfields>
                                                                                                                                                                                                                                                                                                                                                                                                                                                                                                                                                                                                                                                                                                                    <customfield id="customfield_12314020" key="com.atlassian.jira.plugins.jira-development-integration-plugin:devsummary">
                        <customfieldname>Development</customfieldname>
                        <customfieldvalues>
                            
                        </customfieldvalues>
                    </customfield>
                                                                                                                        <customfield id="customfield_12313422" key="com.atlassian.jirafisheyeplugin:jobcheckbox">
                        <customfieldname>Enable Automatic Patch Review</customfieldname>
                        <customfieldvalues>
                            <customfieldvalue>false</customfieldvalue>

                        </customfieldvalues>
                    </customfield>
                                                                                                                                                                                                                                                                                                                                                                                                                                                                                                                                                                                                                                                <customfield id="customfield_12310420" key="com.pyxis.greenhopper.jira:gh-global-rank">
                        <customfieldname>Global Rank</customfieldname>
                        <customfieldvalues>
                            <customfieldvalue>154586</customfieldvalue>
                        </customfieldvalues>
                    </customfield>
                                                                                                                                                                                                                                                                                                                                                                                                                                                                        <customfield id="customfield_12311820" key="com.pyxis.greenhopper.jira:gh-lexo-rank">
                        <customfieldname>Rank</customfieldname>
                        <customfieldvalues>
                            <customfieldvalue>0|i0ybs7:</customfieldvalue>

                        </customfieldvalues>
                    </customfield>
                                                                <customfield id="customfield_12310920" key="com.pyxis.greenhopper.jira:gh-global-rank">
                        <customfieldname>Rank (Obsolete)</customfieldname>
                        <customfieldvalues>
                            <customfieldvalue>198378</customfieldvalue>
                        </customfieldvalues>
                    </customfield>
                                                                                                                                                                                                                                                                                                                                                                                                                                                                                                                                                                                                                                                                                                                                                                                            </customfields>
    </item>


</channel>
</rss>