<rss version="0.92">
    <channel>
        <title>ASF JIRA</title>
        <link>https://issues.apache.org/jira/issues/?jql=project+%3D+NET+AND+type+%3D+bug+and+%28status+%3D+RESOLVED+or+status+%3D+closed%29</link>
        <description>An XML representation of a search request</description>
                <language>en-uk</language>
                        <issue start="0" end="464" total="464" />
                <build-info>
            <version>8.20.7</version>
            <build-number>820007</build-number>
            <build-date>16-03-2022</build-date>
        </build-info>

<item>
            <title>[NET-498] Retrieving files from AS400 FTP systems returns null timestamps in FTPFile.getTimestamp</title>
                <link>https://issues.apache.org/jira/browse/NET-498</link>
                <project id="12310487" key="NET">Commons Net</project>
                    <description>&lt;p&gt;We are trying to list files from AS400 systems and retrieve the timestamps from these files using the following code:&lt;/p&gt;

&lt;div class="code panel" style="border-width: 1px;"&gt;&lt;div class="codeContent panelContent"&gt;
&lt;pre class="code-java"&gt;&lt;span class="code-keyword"&gt;import&lt;/span&gt; java.io.FileInputStream;
&lt;span class="code-keyword"&gt;import&lt;/span&gt; java.io.FileOutputStream;
&lt;span class="code-keyword"&gt;import&lt;/span&gt; java.io.IOException;
&lt;span class="code-keyword"&gt;import&lt;/span&gt; java.io.InputStream;
&lt;span class="code-keyword"&gt;import&lt;/span&gt; java.io.OutputStream;
&lt;span class="code-keyword"&gt;import&lt;/span&gt; java.io.PrintWriter;
&lt;span class="code-keyword"&gt;import&lt;/span&gt; java.net.InetAddress;
&lt;span class="code-keyword"&gt;import&lt;/span&gt; java.net.UnknownHostException;

&lt;span class="code-keyword"&gt;import&lt;/span&gt; org.apache.commons.net.PrintCommandListener;
&lt;span class="code-keyword"&gt;import&lt;/span&gt; org.apache.commons.net.ftp.FTP;
&lt;span class="code-keyword"&gt;import&lt;/span&gt; org.apache.commons.net.ftp.FTPClient;
&lt;span class="code-keyword"&gt;import&lt;/span&gt; org.apache.commons.net.ftp.FTPHTTPClient;
&lt;span class="code-keyword"&gt;import&lt;/span&gt; org.apache.commons.net.ftp.FTPClientConfig;
&lt;span class="code-keyword"&gt;import&lt;/span&gt; org.apache.commons.net.ftp.FTPConnectionClosedException;
&lt;span class="code-keyword"&gt;import&lt;/span&gt; org.apache.commons.net.ftp.FTPFile;
&lt;span class="code-keyword"&gt;import&lt;/span&gt; org.apache.commons.net.ftp.FTPReply;
&lt;span class="code-keyword"&gt;import&lt;/span&gt; org.apache.commons.net.ftp.FTPSClient;
&lt;span class="code-keyword"&gt;import&lt;/span&gt; org.apache.commons.net.io.CopyStreamEvent;
&lt;span class="code-keyword"&gt;import&lt;/span&gt; org.apache.commons.net.io.CopyStreamListener;
&lt;span class="code-keyword"&gt;import&lt;/span&gt; org.apache.commons.net.util.TrustManagerUtils;

&lt;span class="code-keyword"&gt;public&lt;/span&gt; &lt;span class="code-keyword"&gt;final&lt;/span&gt; &lt;span class="code-keyword"&gt;class &lt;/span&gt;FTPAccess {
	&lt;span class="code-keyword"&gt;private&lt;/span&gt; &lt;span class="code-object"&gt;String&lt;/span&gt; server;
	&lt;span class="code-keyword"&gt;private&lt;/span&gt; &lt;span class="code-object"&gt;String&lt;/span&gt; username;
	&lt;span class="code-keyword"&gt;private&lt;/span&gt; &lt;span class="code-object"&gt;String&lt;/span&gt; password;
	&lt;span class="code-keyword"&gt;private&lt;/span&gt; &lt;span class="code-object"&gt;String&lt;/span&gt; path ;

	&lt;span class="code-keyword"&gt;public&lt;/span&gt; &lt;span class="code-object"&gt;String&lt;/span&gt; getPath() {
		&lt;span class="code-keyword"&gt;return&lt;/span&gt; path;
	}
	&lt;span class="code-keyword"&gt;public&lt;/span&gt; void setPath(&lt;span class="code-object"&gt;String&lt;/span&gt; path) {
		&lt;span class="code-keyword"&gt;this&lt;/span&gt;.path = path;
	}
	&lt;span class="code-keyword"&gt;public&lt;/span&gt; &lt;span class="code-keyword"&gt;static&lt;/span&gt; void main(&lt;span class="code-object"&gt;String&lt;/span&gt;[] args) &lt;span class="code-keyword"&gt;throws&lt;/span&gt; UnknownHostException {
		FTPAccess ftpAccess = &lt;span class="code-keyword"&gt;new&lt;/span&gt; FTPAccess();
		ftpAccess.setServer(&lt;span class="code-quote"&gt;"X.X.X.X"&lt;/span&gt;);
		ftpAccess.setUsername(&lt;span class="code-quote"&gt;"XXXXXX"&lt;/span&gt;);
		ftpAccess.setPassword(XXXXXXX");
		ftpAccess.setPath(&lt;span class="code-quote"&gt;"/reports"&lt;/span&gt;);
		ftpAccess.getFile();
	}
	&lt;span class="code-keyword"&gt;public&lt;/span&gt; void getFile() &lt;span class="code-keyword"&gt;throws&lt;/span&gt; UnknownHostException {
		
		FTPClient ftpClient = &lt;span class="code-keyword"&gt;new&lt;/span&gt; FTPClient();
		
		&lt;span class="code-keyword"&gt;try&lt;/span&gt; {
			InetAddress serveIPAddress = InetAddress.getByName(server);
			ftpClient.setPassiveLocalIPAddress(serveIPAddress);
			ftpClient.connect(serveIPAddress);
			&lt;span class="code-object"&gt;System&lt;/span&gt;.out.println(&lt;span class="code-quote"&gt;"Connected to "&lt;/span&gt; + server + &lt;span class="code-quote"&gt;"."&lt;/span&gt;);

			&lt;span class="code-object"&gt;int&lt;/span&gt; reply = ftpClient.getReplyCode();
			&lt;span class="code-keyword"&gt;if&lt;/span&gt; (!FTPReply.isPositiveCompletion(reply)) {
				&lt;span class="code-object"&gt;System&lt;/span&gt;.err.println(&lt;span class="code-quote"&gt;"FTP server refused connection."&lt;/span&gt;);
				&lt;span class="code-object"&gt;System&lt;/span&gt;.err.println(ftpClient.getReplyString());
				ftpClient.disconnect();
			} &lt;span class="code-keyword"&gt;else&lt;/span&gt; {
			}

			&lt;span class="code-keyword"&gt;if&lt;/span&gt; (!ftpClient.login(username, password)) {
				&lt;span class="code-object"&gt;System&lt;/span&gt;.out.println(ftpClient.getReplyString());
				ftpClient.logout();
			} &lt;span class="code-keyword"&gt;else&lt;/span&gt;{
				diplayContent(ftpClient, path);

			}

		} &lt;span class="code-keyword"&gt;catch&lt;/span&gt; (IOException e) {
			&lt;span class="code-keyword"&gt;if&lt;/span&gt; (ftpClient.isConnected()) {
				&lt;span class="code-keyword"&gt;try&lt;/span&gt; {
					ftpClient.disconnect();
				} &lt;span class="code-keyword"&gt;catch&lt;/span&gt; (IOException ioException) {
					&lt;span class="code-comment"&gt;// &lt;span class="code-keyword"&gt;do&lt;/span&gt; nothing
&lt;/span&gt;				}
			}
			&lt;span class="code-object"&gt;System&lt;/span&gt;.err.println(&lt;span class="code-quote"&gt;"Could not connect to server."&lt;/span&gt;);
			&lt;span class="code-comment"&gt;// e.printStackTrace();
&lt;/span&gt;			&lt;span class="code-object"&gt;System&lt;/span&gt;.exit(1);
		}

		&lt;span class="code-comment"&gt;// } &lt;span class="code-keyword"&gt;catch&lt;/span&gt; (FTPConnectionClosedException e) {
&lt;/span&gt;		&lt;span class="code-comment"&gt;// error = &lt;span class="code-keyword"&gt;true&lt;/span&gt;;
&lt;/span&gt;		&lt;span class="code-comment"&gt;// &lt;span class="code-object"&gt;System&lt;/span&gt;.err.println(&lt;span class="code-quote"&gt;"Server closed connection."&lt;/span&gt;);
&lt;/span&gt;		&lt;span class="code-comment"&gt;// e.printStackTrace();
&lt;/span&gt;		&lt;span class="code-comment"&gt;// } &lt;span class="code-keyword"&gt;catch&lt;/span&gt; (IOException e) {
&lt;/span&gt;		&lt;span class="code-comment"&gt;// error = &lt;span class="code-keyword"&gt;true&lt;/span&gt;;
&lt;/span&gt;		&lt;span class="code-comment"&gt;// e.printStackTrace();
&lt;/span&gt;		&lt;span class="code-comment"&gt;// } &lt;span class="code-keyword"&gt;finally&lt;/span&gt; {
&lt;/span&gt;		&lt;span class="code-comment"&gt;// &lt;span class="code-keyword"&gt;if&lt;/span&gt; (ftp.isConnected()) {
&lt;/span&gt;		&lt;span class="code-comment"&gt;// &lt;span class="code-keyword"&gt;try&lt;/span&gt; {
&lt;/span&gt;		&lt;span class="code-comment"&gt;// ftp.disconnect();
&lt;/span&gt;		&lt;span class="code-comment"&gt;// } &lt;span class="code-keyword"&gt;catch&lt;/span&gt; (IOException f) {
&lt;/span&gt;		&lt;span class="code-comment"&gt;// // &lt;span class="code-keyword"&gt;do&lt;/span&gt; nothing
&lt;/span&gt;		&lt;span class="code-comment"&gt;// }
&lt;/span&gt;		&lt;span class="code-comment"&gt;// }
&lt;/span&gt;		&lt;span class="code-comment"&gt;// }
&lt;/span&gt;
	} &lt;span class="code-comment"&gt;// end main
&lt;/span&gt;
	&lt;span class="code-keyword"&gt;public&lt;/span&gt; &lt;span class="code-object"&gt;String&lt;/span&gt; getServer() {
		&lt;span class="code-keyword"&gt;return&lt;/span&gt; server;
	}

	&lt;span class="code-keyword"&gt;public&lt;/span&gt; void setServer(&lt;span class="code-object"&gt;String&lt;/span&gt; server) {
		&lt;span class="code-keyword"&gt;this&lt;/span&gt;.server = server;
	}

	&lt;span class="code-keyword"&gt;public&lt;/span&gt; &lt;span class="code-object"&gt;String&lt;/span&gt; getUsername() {
		&lt;span class="code-keyword"&gt;return&lt;/span&gt; username;
	}

	&lt;span class="code-keyword"&gt;public&lt;/span&gt; void setUsername(&lt;span class="code-object"&gt;String&lt;/span&gt; username) {
		&lt;span class="code-keyword"&gt;this&lt;/span&gt;.username = username;
	}

	&lt;span class="code-keyword"&gt;public&lt;/span&gt; &lt;span class="code-object"&gt;String&lt;/span&gt; getPassword() {
		&lt;span class="code-keyword"&gt;return&lt;/span&gt; password;
	}

	&lt;span class="code-keyword"&gt;public&lt;/span&gt; void setPassword(&lt;span class="code-object"&gt;String&lt;/span&gt; password) {
		&lt;span class="code-keyword"&gt;this&lt;/span&gt;.password = password;
	}
	
	&lt;span class="code-keyword"&gt;public&lt;/span&gt; void diplayContent(FTPClient ftpClient, &lt;span class="code-object"&gt;String&lt;/span&gt; path) &lt;span class="code-keyword"&gt;throws&lt;/span&gt; IOException {
		&lt;span class="code-object"&gt;System&lt;/span&gt;.out.println(path);
		&lt;span class="code-keyword"&gt;for&lt;/span&gt; (FTPFile ftpFile : ftpClient.listFiles(path)) {
			&lt;span class="code-keyword"&gt;if&lt;/span&gt;(ftpFile.isDirectory() ){
				diplayContent(ftpClient, path+&lt;span class="code-quote"&gt;"/"&lt;/span&gt;+ftpFile.getName());
			} &lt;span class="code-keyword"&gt;else&lt;/span&gt;{
				&lt;span class="code-object"&gt;System&lt;/span&gt;.out.println(path+&lt;span class="code-quote"&gt;"/"&lt;/span&gt;+ftpFile.getName());
				&lt;span class="code-object"&gt;System&lt;/span&gt;.out.println(ftpFile.getTimestamp());
			}
		}
		
	}

}
&lt;/pre&gt;
&lt;/div&gt;&lt;/div&gt;

&lt;p&gt;The LIST command which is used internally in the FTPClient retrieves the timestamps successfully. However after parsing the FTPFile has a null value for the timestamp field.&lt;/p&gt;

&lt;p&gt;The null value is returned just when a user place the file in the AS400 usint the NetServer Servivice. This is used to share foldes between windows network and the AS/400&lt;/p&gt;

&lt;p&gt;Please help us fix this problem. It is not critical to us.&lt;/p&gt;</description>
                <environment>&lt;p&gt;Commons Net 3.2&lt;br/&gt;
FTP System: AS400 systems&lt;br/&gt;
I5/OS Version 5 Release 4 Modification 0&lt;/p&gt;</environment>
        <key id="12630432">NET-498</key>
            <summary>Retrieving files from AS400 FTP systems returns null timestamps in FTPFile.getTimestamp</summary>
                <type id="1" iconUrl="https://issues.apache.org/jira/secure/viewavatar?size=xsmall&amp;avatarId=21133&amp;avatarType=issuetype">Bug</type>
                                            <priority id="4" iconUrl="https://issues.apache.org/jira/images/icons/priorities/minor.svg">Minor</priority>
                        <status id="6" iconUrl="https://issues.apache.org/jira/images/icons/statuses/closed.png" description="The issue is considered finished, the resolution is correct. Issues which are not closed can be reopened.">Closed</status>
                    <statusCategory id="3" key="done" colorName="green" />
                                    <resolution id="4">Incomplete</resolution>
                                        <assignee username="-1">Unassigned</assignee>
                                    <reporter username="slehiman">Marco Slehiman</reporter>
                        <labels>
                    </labels>
                <created>Fri, 1 Feb 2013 20:07:19 +0000</created>
                <updated>Thu, 21 May 2015 03:03:13 +0000</updated>
                            <resolved>Wed, 17 Apr 2013 22:22:07 +0000</resolved>
                                    <version>3.2</version>
                                                    <component>FTP</component>
                        <due />
                            <votes>0</votes>
                                    <watches>1</watches>
                                                                <comments>
                            <comment id="13569101" author="sebb@apache.org" created="Fri, 1 Feb 2013 21:22:25 +0000">&lt;p&gt;What happens if you try using the NET example app below ?&lt;/p&gt;

&lt;p&gt;java -jar commons-net-examples-3.2.jar FTPClientExample -l X.X.X.X &amp;lt;username&amp;gt; &amp;lt;password&amp;gt; /reports&lt;/p&gt;

&lt;p&gt;This should list the commands followed by the directory listing.&lt;/p&gt;

&lt;p&gt;Each file is listed twice, once in raw mode and once as a formatted string derived from the parsed data.&lt;/p&gt;

&lt;p&gt;You can also use FTPFile.getRawListing() in your application.&lt;/p&gt;</comment>
                    </comments>
                <issuelinks>
                            <issuelinktype id="10020">
                    <name>Cloners</name>
                                                                <inwardlinks description="is cloned by">
                                        <issuelink>
            <issuekey id="12831590">NET-573</issuekey>
        </issuelink>
                            </inwardlinks>
                                    </issuelinktype>
                    </issuelinks>
                <attachments>
                    </attachments>
                <subtasks>
                    </subtasks>
                <customfields>
                                                                                                                                                                                                                                                                                                                                                                                                                                                                                                                                                                                                                                                                                                                    <customfield id="customfield_12314020" key="com.atlassian.jira.plugins.jira-development-integration-plugin:devsummary">
                        <customfieldname>Development</customfieldname>
                        <customfieldvalues>
                            
                        </customfieldvalues>
                    </customfield>
                                                                                                                        <customfield id="customfield_12313422" key="com.atlassian.jirafisheyeplugin:jobcheckbox">
                        <customfieldname>Enable Automatic Patch Review</customfieldname>
                        <customfieldvalues>
                            <customfieldvalue>false</customfieldvalue>

                        </customfieldvalues>
                    </customfield>
                                                                                                                                                                                                                                                                                                                                                                                                                                                                                                                                                                                                                                                <customfield id="customfield_12310420" key="com.pyxis.greenhopper.jira:gh-global-rank">
                        <customfieldname>Global Rank</customfieldname>
                        <customfieldvalues>
                            <customfieldvalue>310926</customfieldvalue>
                        </customfieldvalues>
                    </customfield>
                                                                                                                                                                                                                                                                                                                                                                                                                                                                        <customfield id="customfield_12311820" key="com.pyxis.greenhopper.jira:gh-lexo-rank">
                        <customfieldname>Rank</customfieldname>
                        <customfieldvalues>
                            <customfieldvalue>0|i1hnq7:</customfieldvalue>

                        </customfieldvalues>
                    </customfield>
                                                                <customfield id="customfield_12310920" key="com.pyxis.greenhopper.jira:gh-global-rank">
                        <customfieldname>Rank (Obsolete)</customfieldname>
                        <customfieldvalues>
                            <customfieldvalue>311271</customfieldvalue>
                        </customfieldvalues>
                    </customfield>
                                                                                                                                                                                                                                                                                                                                                                                                                                                                                                                                                                                                                                                                                                                                                                                            </customfields>
    </item>


</channel>
</rss>