<rss version="0.92">
    <channel>
        <title>ASF JIRA</title>
        <link>https://issues.apache.org/jira/issues/?jql=project+%3D+NET+AND+type+%3D+bug+and+%28status+%3D+RESOLVED+or+status+%3D+closed%29</link>
        <description>An XML representation of a search request</description>
                <language>en-uk</language>
                        <issue start="0" end="464" total="464" />
                <build-info>
            <version>8.20.7</version>
            <build-number>820007</build-number>
            <build-date>16-03-2022</build-date>
        </build-info>

<item>
            <title>[NET-15] [net] Time out waiting for response on Mac OS 8.6/9.2 (classic)</title>
                <link>https://issues.apache.org/jira/browse/NET-15</link>
                <project id="12310487" key="NET">Commons Net</project>
                    <description>&lt;p&gt;Problem posted by Rob Ross on JavaRanch:&lt;br/&gt;
I have a simple ftp applet written that works on Windows and Mac OS X but I&lt;br/&gt;
can't get it to work with MRJ 2.2.5 (OS 8.6/9.2 (classic) which uses JVM 1.1.8 ).&lt;/p&gt;

&lt;p&gt;It times out waiting for a response from the server during the connection attempt. &lt;/p&gt;

&lt;p&gt;Followup posted by Rob Ross on JavaRanch:&lt;br/&gt;
It seems that there's a bug in the Commons-Net library and it's not doing the&lt;br/&gt;
right thing on the Mac with respect to its line seperator. On the Mac it's just&lt;br/&gt;
a \r, whereas on Windows it's \r\n.&lt;/p&gt;

&lt;p&gt;Someplace in the telnet client object there's some assumption being made that is&lt;br/&gt;
not valid on the Mac platform.&lt;/p&gt;

&lt;p&gt;I just changed the line.seperator System property at program startup to be \r\n&lt;br/&gt;
and now my ftp client works.&lt;/p&gt;

&lt;p&gt;See complete thread at&lt;br/&gt;
&lt;a href="http://saloon.javaranch.com/cgi-bin/ubb/ultimatebb.cgi?ubb=get_topic&amp;amp;f=64&amp;amp;t=000358" class="external-link" target="_blank" rel="nofollow noopener"&gt;http://saloon.javaranch.com/cgi-bin/ubb/ultimatebb.cgi?ubb=get_topic&amp;amp;f=64&amp;amp;t=000358&lt;/a&gt;&lt;/p&gt;</description>
                <environment>&lt;p&gt;Operating System: All&lt;br/&gt;
Platform: Macintosh&lt;/p&gt;</environment>
        <key id="12340756">NET-15</key>
            <summary>[net] Time out waiting for response on Mac OS 8.6/9.2 (classic)</summary>
                <type id="1" iconUrl="https://issues.apache.org/jira/secure/viewavatar?size=xsmall&amp;avatarId=21133&amp;avatarType=issuetype">Bug</type>
                                            <priority id="3" iconUrl="https://issues.apache.org/jira/images/icons/priorities/major.svg">Major</priority>
                        <status id="6" iconUrl="https://issues.apache.org/jira/images/icons/statuses/closed.png" description="The issue is considered finished, the resolution is correct. Issues which are not closed can be reopened.">Closed</status>
                    <statusCategory id="3" key="done" colorName="green" />
                                    <resolution id="2">Won't Fix</resolution>
                                        <assignee username="-1">Unassigned</assignee>
                                    <reporter username="chris@javaranch.com">Chris Mathews</reporter>
                        <labels>
                    </labels>
                <created>Thu, 5 Jun 2003 08:11:03 +0000</created>
                <updated>Thu, 20 Sep 2007 05:31:04 +0000</updated>
                            <resolved>Thu, 20 Sep 2007 05:31:04 +0000</resolved>
                                                                        <due />
                            <votes>0</votes>
                                    <watches>0</watches>
                                                                <comments>
                            <comment id="12404360" author="scohen@apache.org" created="Sun, 18 Jan 2004 06:39:08 +0000">&lt;p&gt;I can see the place in org.apache.commons.net.io.FromNetASCIIInputStream where&lt;br/&gt;
the file separator system property makes a difference, but glancing at the code&lt;br/&gt;
there does not immediately suggest any reason for this not to work.&lt;/p&gt;

&lt;p&gt;I checked the java APIs for BufferedReader.readLine() which is at the core of&lt;br/&gt;
FTP list parsing but this method sees a new line whenever it sees \r, \n, or \r\n.&lt;br/&gt;
Possibly there's a problem with the way this method was written in this ancient JDK.&lt;/p&gt;

&lt;p&gt;We should definitely resolve this but it won't be in time for 1.2.0.&lt;/p&gt;</comment>
                            <comment id="12404361" author="scohen@apache.org" created="Sat, 26 Jun 2004 12:09:45 +0000">&lt;p&gt;reopen after 1.2.2 release&lt;/p&gt;</comment>
                            <comment id="12404362" author="rwinston@eircom.net" created="Fri, 15 Apr 2005 23:23:40 +0000">&lt;p&gt;No updates on this issue since 2003 - seems to be an old JDK bug. Closing.&lt;/p&gt;</comment>
                    </comments>
                    <attachments>
                    </attachments>
                <subtasks>
                    </subtasks>
                <customfields>
                                                                                                                                                                                                                                                                                                                                                                                                                                                                                                                                                                                                    <customfield id="customfield_10010" key="com.atlassian.jira.plugin.system.customfieldtypes:importid">
                        <customfieldname>Bugzilla Id</customfieldname>
                        <customfieldvalues>
                            <customfieldvalue>20489</customfieldvalue>
                        </customfieldvalues>
                    </customfield>
                                                                                                                                                    <customfield id="customfield_12314020" key="com.atlassian.jira.plugins.jira-development-integration-plugin:devsummary">
                        <customfieldname>Development</customfieldname>
                        <customfieldvalues>
                            
                        </customfieldvalues>
                    </customfield>
                                                                                                                        <customfield id="customfield_12313422" key="com.atlassian.jirafisheyeplugin:jobcheckbox">
                        <customfieldname>Enable Automatic Patch Review</customfieldname>
                        <customfieldvalues>
                            <customfieldvalue>false</customfieldvalue>

                        </customfieldvalues>
                    </customfield>
                                                                                                                                                                                                                                                                                                                                                                                                                                                                                                                                                                                                                                                <customfield id="customfield_12310420" key="com.pyxis.greenhopper.jira:gh-global-rank">
                        <customfieldname>Global Rank</customfieldname>
                        <customfieldvalues>
                            <customfieldvalue>154356</customfieldvalue>
                        </customfieldvalues>
                    </customfield>
                                                                                                                                                                                                                                                                                                                                                                                                                                                                        <customfield id="customfield_12311820" key="com.pyxis.greenhopper.jira:gh-lexo-rank">
                        <customfieldname>Rank</customfieldname>
                        <customfieldvalues>
                            <customfieldvalue>0|i0yb7b:</customfieldvalue>

                        </customfieldvalues>
                    </customfield>
                                                                <customfield id="customfield_12310920" key="com.pyxis.greenhopper.jira:gh-global-rank">
                        <customfieldname>Rank (Obsolete)</customfieldname>
                        <customfieldvalues>
                            <customfieldvalue>198284</customfieldvalue>
                        </customfieldvalues>
                    </customfield>
                                                                                                                                                                                                                                                                                                                                                                                                                                                                                                                                                                                                                                                                                                                                                                                            </customfields>
    </item>


</channel>
</rss>