<rss version="0.92">
    <channel>
        <title>ASF JIRA</title>
        <link>https://issues.apache.org/jira/issues/?jql=project+%3D+NET+AND+type+%3D+bug+and+%28status+%3D+RESOLVED+or+status+%3D+closed%29</link>
        <description>An XML representation of a search request</description>
                <language>en-uk</language>
                        <issue start="0" end="464" total="464" />
                <build-info>
            <version>8.20.7</version>
            <build-number>820007</build-number>
            <build-date>16-03-2022</build-date>
        </build-info>

<item>
            <title>[NET-98] SMTP won't work under non-ASCII platforms</title>
                <link>https://issues.apache.org/jira/browse/NET-98</link>
                <project id="12310487" key="NET">Commons Net</project>
                    <description>&lt;p&gt;The SMTP code doesn't work on EBCDIC platforms (like IBM os/390) because it &lt;br/&gt;
sends the commands in the default platform encoding instead of forcing it to be &lt;br/&gt;
ASCII.&lt;/p&gt;

&lt;p&gt;I've tested it with an application running on OS/390 trying to do SMTP with a &lt;br/&gt;
Domino server also running on OS/390 and it doesn't work because the server &lt;br/&gt;
expects ASCII encoding even if it is running on an EBCDIC platform.&lt;/p&gt;

&lt;p&gt;It is specified in the SMTP protocol that the commands/responses must be &lt;br/&gt;
encoded in ASCII.&lt;/p&gt;

&lt;p&gt;I've made it work locally by changing the calls to open the input/output &lt;br/&gt;
streams in the com.oroinc.net.smtp.SMTP.&lt;em&gt;connectAction&lt;/em&gt;() method by using the &lt;br/&gt;
respective constructors accepting an encoding as the second parameter and by &lt;br/&gt;
specifying this encoding to be "Cp850".  The code changes still works on a &lt;br/&gt;
Win2K platform.&lt;/p&gt;

&lt;p&gt;I suspect there might be other platforms and/or other protocols that are &lt;br/&gt;
affected.&lt;/p&gt;</description>
                <environment>&lt;p&gt;Operating System: other&lt;br/&gt;
Platform: Other&lt;/p&gt;</environment>
        <key id="12340923">NET-98</key>
            <summary>SMTP won't work under non-ASCII platforms</summary>
                <type id="1" iconUrl="https://issues.apache.org/jira/secure/viewavatar?size=xsmall&amp;avatarId=21133&amp;avatarType=issuetype">Bug</type>
                                            <priority id="1" iconUrl="https://issues.apache.org/jira/images/icons/priorities/blocker.svg">Blocker</priority>
                        <status id="6" iconUrl="https://issues.apache.org/jira/images/icons/statuses/closed.png" description="The issue is considered finished, the resolution is correct. Issues which are not closed can be reopened.">Closed</status>
                    <statusCategory id="3" key="done" colorName="green" />
                                    <resolution id="1">Fixed</resolution>
                                        <assignee username="-1">Unassigned</assignee>
                                    <reporter username="fasselin@ca.ibm.com">fasselin</reporter>
                        <labels>
                    </labels>
                <created>Fri, 22 Aug 2003 20:24:08 +0000</created>
                <updated>Thu, 18 May 2006 02:48:54 +0000</updated>
                            <resolved>Thu, 18 May 2006 02:48:54 +0000</resolved>
                                                                        <due />
                            <votes>1</votes>
                                    <watches>0</watches>
                                                                <comments>
                            <comment id="12404916" author="dfs@apache.org" created="Tue, 26 Aug 2003 12:48:28 +0000">&lt;p&gt;I changed SMTP and other classes (POP3, NNTP, FTP) to use an 8-bit US-ASCII&lt;br/&gt;
superset (ISO-8859-1) for protocol communication.  Please verify the fix&lt;br/&gt;
works for you and I will close out the report and mark it as resolved.&lt;br/&gt;
Thank you very much for bringing this issue to light.&lt;/p&gt;</comment>
                            <comment id="12404917" author="fasselin@ca.ibm.com" created="Tue, 26 Aug 2003 19:18:42 +0000">&lt;p&gt;I've testing the changes running the new STMP code on a Win2K PC and also on &lt;br/&gt;
OS/390 (both talking to a Domino server running on OS/390) and it works.&lt;/p&gt;

&lt;p&gt;Thanks for the quick fix.&lt;/p&gt;</comment>
                            <comment id="12412238" author="bayard" created="Thu, 18 May 2006 02:48:54 +0000">&lt;p&gt;Housekeeping due to oddities in the migration.&lt;/p&gt;</comment>
                    </comments>
                    <attachments>
                    </attachments>
                <subtasks>
                    </subtasks>
                <customfields>
                                                                                                                                                                                                                                                                                                                                                                                                                                                                                                                                                                                                    <customfield id="customfield_10010" key="com.atlassian.jira.plugin.system.customfieldtypes:importid">
                        <customfieldname>Bugzilla Id</customfieldname>
                        <customfieldvalues>
                            <customfieldvalue>22656</customfieldvalue>
                        </customfieldvalues>
                    </customfield>
                                                                                                                                                    <customfield id="customfield_12314020" key="com.atlassian.jira.plugins.jira-development-integration-plugin:devsummary">
                        <customfieldname>Development</customfieldname>
                        <customfieldvalues>
                            
                        </customfieldvalues>
                    </customfield>
                                                                                                                        <customfield id="customfield_12313422" key="com.atlassian.jirafisheyeplugin:jobcheckbox">
                        <customfieldname>Enable Automatic Patch Review</customfieldname>
                        <customfieldvalues>
                            <customfieldvalue>false</customfieldvalue>

                        </customfieldvalues>
                    </customfield>
                                                                                                                                                                                                                                                                                                                                                                                                                                                                                                                                                                                                                                                <customfield id="customfield_12310420" key="com.pyxis.greenhopper.jira:gh-global-rank">
                        <customfieldname>Global Rank</customfieldname>
                        <customfieldvalues>
                            <customfieldvalue>154435</customfieldvalue>
                        </customfieldvalues>
                    </customfield>
                                                                                                                                                                                                                                                                                                                                                                                                                                                                        <customfield id="customfield_12311820" key="com.pyxis.greenhopper.jira:gh-lexo-rank">
                        <customfieldname>Rank</customfieldname>
                        <customfieldvalues>
                            <customfieldvalue>0|i0lphj:</customfieldvalue>

                        </customfieldvalues>
                    </customfield>
                                                                <customfield id="customfield_12310920" key="com.pyxis.greenhopper.jira:gh-global-rank">
                        <customfieldname>Rank (Obsolete)</customfieldname>
                        <customfieldvalues>
                            <customfieldvalue>124780</customfieldvalue>
                        </customfieldvalues>
                    </customfield>
                                                                                                                                                                                                                                                                                                                                                                                                                                                                                                                                                                                                                                                                                                                                                                                            </customfields>
    </item>


</channel>
</rss>