<rss version="0.92">
    <channel>
        <title>ASF JIRA</title>
        <link>https://issues.apache.org/jira/issues/?jql=project+%3D+NET+AND+type+%3D+bug+and+%28status+%3D+RESOLVED+or+status+%3D+closed%29</link>
        <description>An XML representation of a search request</description>
                <language>en-uk</language>
                        <issue start="0" end="464" total="464" />
                <build-info>
            <version>8.20.7</version>
            <build-number>820007</build-number>
            <build-date>16-03-2022</build-date>
        </build-info>

<item>
            <title>[NET-298] Article numbers should be treated as LONG instead of INT in NNTP</title>
                <link>https://issues.apache.org/jira/browse/NET-298</link>
                <project id="12310487" key="NET">Commons Net</project>
                    <description>&lt;p&gt;When getting list of newsgroups, articles number are beyond int limit :&lt;br/&gt;
here is server's reply about alt.binaries.boneless (one of the biggest of alt.binaries hierarchy) :&lt;/p&gt;

&lt;p&gt;alt.binaries.boneless 2705422467 1662764743 y&lt;/p&gt;

&lt;p&gt;As article number if often used, that's a lot of minor changes.&lt;/p&gt;
</description>
                <environment />
        <key id="12440129">NET-298</key>
            <summary>Article numbers should be treated as LONG instead of INT in NNTP</summary>
                <type id="1" iconUrl="https://issues.apache.org/jira/secure/viewavatar?size=xsmall&amp;avatarId=21133&amp;avatarType=issuetype">Bug</type>
                                            <priority id="4" iconUrl="https://issues.apache.org/jira/images/icons/priorities/minor.svg">Minor</priority>
                        <status id="6" iconUrl="https://issues.apache.org/jira/images/icons/statuses/closed.png" description="The issue is considered finished, the resolution is correct. Issues which are not closed can be reopened.">Closed</status>
                    <statusCategory id="3" key="done" colorName="green" />
                                    <resolution id="3">Duplicate</resolution>
                                        <assignee username="-1">Unassigned</assignee>
                                    <reporter username="jojolalpin">jojo lalpin</reporter>
                        <labels>
                    </labels>
                <created>Sun, 8 Nov 2009 08:28:18 +0000</created>
                <updated>Sat, 4 Jun 2011 19:26:27 +0000</updated>
                            <resolved>Thu, 10 Mar 2011 02:14:12 +0000</resolved>
                                    <version>2.0</version>
                    <version>2.2</version>
                                    <fixVersion>3.0</fixVersion>
                                        <due />
                            <votes>0</votes>
                                    <watches>0</watches>
                                                                <comments>
                            <comment id="12774749" author="jojolalpin" created="Sun, 8 Nov 2009 09:36:04 +0000">&lt;p&gt;Please find nntp files modified and a text file with all modifications done by file.&lt;/p&gt;

&lt;p&gt;Modifications are : &lt;br/&gt;
	Change variables related to article number and article count type from int to long&lt;br/&gt;
	Functions : &lt;br/&gt;
		Integer.toString() in Long.toString()&lt;br/&gt;
		Integer.parseInt() in Long.parseLong()&lt;/p&gt;

&lt;p&gt;Modified files are : &lt;/p&gt;

&lt;p&gt;	Article.java&lt;br/&gt;
	ArticlePointer.java&lt;br/&gt;
	NewsgroupInfo.java&lt;br/&gt;
	NNTP.java&lt;br/&gt;
	NNTPClient.java&lt;/p&gt;

&lt;p&gt;It seems to work, at least newsgroup listing is ok now.&lt;/p&gt;


</comment>
                            <comment id="12842552" author="rwinston@eircom.net" created="Mon, 8 Mar 2010 05:51:09 +0000">&lt;p&gt;fixed in svn&lt;/p&gt;</comment>
                            <comment id="12884648" author="gjoseph" created="Fri, 2 Jul 2010 11:41:21 +0000">&lt;p&gt;&lt;a href="https://issues.apache.org/jira/browse/NET-276" title="NNTPClient has problems with group listings for large groups." class="issue-link" data-issue-key="NET-276"&gt;&lt;del&gt;NET-276&lt;/del&gt;&lt;/a&gt; fixed a couple of those issues for 2.1, but there are still some problems with 2.1: client.selectArticle() for example, still takes an int parameter; I understand that this issue here hopefully fixed the rest of it - any chance of this getting pushed as a release any time soon ?&lt;/p&gt;</comment>
                            <comment id="13003586" author="sebb@apache.org" created="Mon, 7 Mar 2011 20:52:04 +0000">&lt;p&gt;Not really fixed yet, as the previous comment says&lt;/p&gt;</comment>
                            <comment id="13003590" author="sebb@apache.org" created="Mon, 7 Mar 2011 20:53:26 +0000">&lt;p&gt;Note that changing the counts etc from int to long is an API change, so could not be done in a 2.x release.&lt;/p&gt;</comment>
                    </comments>
                <issuelinks>
                            <issuelinktype id="12310000">
                    <name>Duplicate</name>
                                            <outwardlinks description="duplicates">
                                        <issuelink>
            <issuekey id="12424460">NET-276</issuekey>
        </issuelink>
                            </outwardlinks>
                                                        </issuelinktype>
                    </issuelinks>
                <attachments>
                            <attachment id="12424295" name="nntp_modifications.zip" size="33321" author="jojolalpin" created="Sun, 8 Nov 2009 09:36:04 +0000" />
                    </attachments>
                <subtasks>
                    </subtasks>
                <customfields>
                                                                                                                                                                                                                                                                                                                                                                                                                                                                                                                                                                                                                                                                                                                    <customfield id="customfield_12314020" key="com.atlassian.jira.plugins.jira-development-integration-plugin:devsummary">
                        <customfieldname>Development</customfieldname>
                        <customfieldvalues>
                            
                        </customfieldvalues>
                    </customfield>
                                                                                                                        <customfield id="customfield_12313422" key="com.atlassian.jirafisheyeplugin:jobcheckbox">
                        <customfieldname>Enable Automatic Patch Review</customfieldname>
                        <customfieldvalues>
                            <customfieldvalue>false</customfieldvalue>

                        </customfieldvalues>
                    </customfield>
                                                                                                                                                                                                                                                                                                                                                                                                                                                                                                                                                                                                                                                <customfield id="customfield_12310420" key="com.pyxis.greenhopper.jira:gh-global-rank">
                        <customfieldname>Global Rank</customfieldname>
                        <customfieldvalues>
                            <customfieldvalue>72056</customfieldvalue>
                        </customfieldvalues>
                    </customfield>
                                                                                                                                                                                                                                                                                                                                                                                                                                                                        <customfield id="customfield_12311820" key="com.pyxis.greenhopper.jira:gh-lexo-rank">
                        <customfieldname>Rank</customfieldname>
                        <customfieldvalues>
                            <customfieldvalue>0|i0ybp3:</customfieldvalue>

                        </customfieldvalues>
                    </customfield>
                                                                <customfield id="customfield_12310920" key="com.pyxis.greenhopper.jira:gh-global-rank">
                        <customfieldname>Rank (Obsolete)</customfieldname>
                        <customfieldvalues>
                            <customfieldvalue>198364</customfieldvalue>
                        </customfieldvalues>
                    </customfield>
                                                                                                                                                                                                                                                                                                                                                                                                                                                                                                                                                                                                                                                                                                                                                                                            </customfields>
    </item>


</channel>
</rss>