<rss version="0.92">
    <channel>
        <title>ASF JIRA</title>
        <link>https://issues.apache.org/jira/issues/?jql=project+%3D+NET+AND+type+%3D+bug+and+%28status+%3D+RESOLVED+or+status+%3D+closed%29</link>
        <description>An XML representation of a search request</description>
                <language>en-uk</language>
                        <issue start="0" end="464" total="464" />
                <build-info>
            <version>8.20.7</version>
            <build-number>820007</build-number>
            <build-date>16-03-2022</build-date>
        </build-info>

<item>
            <title>[NET-423] FTPClient.storeFile might fail when ControlKeepAliveTimeout is set</title>
                <link>https://issues.apache.org/jira/browse/NET-423</link>
                <project id="12310487" key="NET">Commons Net</project>
                    <description>&lt;p&gt;When setting ControlKeepAliveTimeout. FTPClient.__storeFile might fail when waiting for ack on ControlConnection.&lt;/p&gt;

&lt;p&gt;Current code:&lt;/p&gt;
&lt;div class="preformatted panel" style="border-width: 1px;"&gt;&lt;div class="preformattedContent panelContent"&gt;
&lt;pre&gt;        // Get the transfer response
        boolean ok = completePendingCommand();
        if (csl != null) {
            csl.cleanUp(); // fetch any outstanding keepalive replies
        }
&lt;/pre&gt;
&lt;/div&gt;&lt;/div&gt;
&lt;p&gt;While CSL is active, the ControlConnection timeout is set to 1 sec., if using default. This timeout value doesn't leave much room in terms of network/end point latency.&lt;/p&gt;

&lt;p&gt;Replacing the code fragment above with the following fragment probably solves the problem (If proper ControlConnection timeout value is set):&lt;/p&gt;
&lt;div class="preformatted panel" style="border-width: 1px;"&gt;&lt;div class="preformattedContent panelContent"&gt;
&lt;pre&gt;        if (csl != null) {
            csl.cleanUp(); // fetch any outstanding keepalive replies
        }
        // Get the transfer response
        boolean ok = completePendingCommand();
&lt;/pre&gt;
&lt;/div&gt;&lt;/div&gt;

&lt;p&gt;One workaround is to set ControlKeepAliveReplyTimeout to a higher value.&lt;/p&gt;</description>
                <environment />
        <key id="12524628">NET-423</key>
            <summary>FTPClient.storeFile might fail when ControlKeepAliveTimeout is set</summary>
                <type id="1" iconUrl="https://issues.apache.org/jira/secure/viewavatar?size=xsmall&amp;avatarId=21133&amp;avatarType=issuetype">Bug</type>
                                            <priority id="4" iconUrl="https://issues.apache.org/jira/images/icons/priorities/minor.svg">Minor</priority>
                        <status id="6" iconUrl="https://issues.apache.org/jira/images/icons/statuses/closed.png" description="The issue is considered finished, the resolution is correct. Issues which are not closed can be reopened.">Closed</status>
                    <statusCategory id="3" key="done" colorName="green" />
                                    <resolution id="1">Fixed</resolution>
                                        <assignee username="-1">Unassigned</assignee>
                                    <reporter username="jenskoch">Jens Koch</reporter>
                        <labels>
                    </labels>
                <created>Mon, 26 Sep 2011 12:44:33 +0000</created>
                <updated>Wed, 29 Feb 2012 20:35:55 +0000</updated>
                            <resolved>Thu, 5 Jan 2012 22:04:58 +0000</resolved>
                                    <version>3.0.1</version>
                                    <fixVersion>3.1</fixVersion>
                                    <component>FTP</component>
                        <due />
                            <votes>0</votes>
                                    <watches>0</watches>
                                                                <comments>
                            <comment id="13180875" author="sebb@apache.org" created="Thu, 5 Jan 2012 22:04:58 +0000">&lt;p&gt;Same fix applies to retrieveFile method.&lt;/p&gt;</comment>
                            <comment id="13214050" author="garydgregory" created="Wed, 22 Feb 2012 22:22:32 +0000">&lt;p&gt;Fix typo in ticket tile.&lt;/p&gt;</comment>
                    </comments>
                    <attachments>
                    </attachments>
                <subtasks>
                    </subtasks>
                <customfields>
                                                                                                                                                                                                                                                                                                                                                                                                                                                                                                                                                                                                                                                                                                                    <customfield id="customfield_12314020" key="com.atlassian.jira.plugins.jira-development-integration-plugin:devsummary">
                        <customfieldname>Development</customfieldname>
                        <customfieldvalues>
                            
                        </customfieldvalues>
                    </customfield>
                                                                                                                        <customfield id="customfield_12313422" key="com.atlassian.jirafisheyeplugin:jobcheckbox">
                        <customfieldname>Enable Automatic Patch Review</customfieldname>
                        <customfieldvalues>
                            <customfieldvalue>false</customfieldvalue>

                        </customfieldvalues>
                    </customfield>
                                                                                                                                                                                                                                                                                                                                                                                                                                                                                                                                                                                                                                                <customfield id="customfield_12310420" key="com.pyxis.greenhopper.jira:gh-global-rank">
                        <customfieldname>Global Rank</customfieldname>
                        <customfieldvalues>
                            <customfieldvalue>3302</customfieldvalue>
                        </customfieldvalues>
                    </customfield>
                                                                                                                                                                                                                                                                                                                                                                                                                                                                        <customfield id="customfield_12311820" key="com.pyxis.greenhopper.jira:gh-lexo-rank">
                        <customfieldname>Rank</customfieldname>
                        <customfieldvalues>
                            <customfieldvalue>0|i0j0of:</customfieldvalue>

                        </customfieldvalues>
                    </customfield>
                                                                <customfield id="customfield_12310920" key="com.pyxis.greenhopper.jira:gh-global-rank">
                        <customfieldname>Rank (Obsolete)</customfieldname>
                        <customfieldvalues>
                            <customfieldvalue>109038</customfieldvalue>
                        </customfieldvalues>
                    </customfield>
                                                                                                                                                                                                                                                                                                                                                                                                                                                                                                                                                                                                                                                                                                                                                                                            </customfields>
    </item>


</channel>
</rss>