<rss version="0.92">
    <channel>
        <title>ASF JIRA</title>
        <link>https://issues.apache.org/jira/issues/?jql=project+%3D+NET+AND+type+%3D+bug+and+%28status+%3D+RESOLVED+or+status+%3D+closed%29</link>
        <description>An XML representation of a search request</description>
                <language>en-uk</language>
                        <issue start="0" end="464" total="464" />
                <build-info>
            <version>8.20.7</version>
            <build-number>820007</build-number>
            <build-date>16-03-2022</build-date>
        </build-info>

<item>
            <title>[NET-673] IMAPClient.APPEND does not always calculate the correct length</title>
                <link>https://issues.apache.org/jira/browse/NET-673</link>
                <project id="12310487" key="NET">Commons Net</project>
                    <description>&lt;p&gt;The APPEND command requires the length of the body.&lt;/p&gt;

&lt;p&gt;This is the number of bytes on the wire, not the number of characters in the String.&lt;/p&gt;</description>
                <environment />
        <key id="13258656">NET-673</key>
            <summary>IMAPClient.APPEND does not always calculate the correct length</summary>
                <type id="1" iconUrl="https://issues.apache.org/jira/secure/viewavatar?size=xsmall&amp;avatarId=21133&amp;avatarType=issuetype">Bug</type>
                                            <priority id="3" iconUrl="https://issues.apache.org/jira/images/icons/priorities/major.svg">Major</priority>
                        <status id="5" iconUrl="https://issues.apache.org/jira/images/icons/statuses/resolved.png" description="A resolution has been taken, and it is awaiting verification by reporter. From here issues are either reopened, or are closed.">Resolved</status>
                    <statusCategory id="3" key="done" colorName="green" />
                                    <resolution id="1">Fixed</resolution>
                                        <assignee username="-1">Unassigned</assignee>
                                    <reporter username="sebb">Sebb</reporter>
                        <labels>
                    </labels>
                <created>Tue, 24 Sep 2019 21:55:17 +0000</created>
                <updated>Tue, 24 Sep 2019 22:10:34 +0000</updated>
                            <resolved>Tue, 24 Sep 2019 22:10:34 +0000</resolved>
                                                                    <component>IMAP</component>
                        <due />
                            <votes>0</votes>
                                    <watches>0</watches>
                                                                <comments>
                            <comment id="16937224" author="sebb@apache.org" created="Tue, 24 Sep 2019 22:10:34 +0000">&lt;p&gt;commit 33d23d6b6a3201cc3ffe2eb16a0e8a1a4a4b4c8a&lt;/p&gt;

&lt;p&gt;    &lt;a href="https://issues.apache.org/jira/browse/NET-673" title="IMAPClient.APPEND does not always calculate the correct length" class="issue-link" data-issue-key="NET-673"&gt;&lt;del&gt;NET-673&lt;/del&gt;&lt;/a&gt; IMAPClient.APPEND does not always calculate the correct length&lt;br/&gt;
&amp;#8212;&lt;br/&gt;
 src/changes/changes.xml                                   | 3 +++&lt;br/&gt;
 src/main/java/org/apache/commons/net/imap/IMAPClient.java | 4 ++--&lt;br/&gt;
 2 files changed, 5 insertions&lt;img class="emoticon" src="https://issues.apache.org/jira/images/icons/emoticons/add.png" height="16" width="16" align="absmiddle" alt="" border="0"/&gt;, 2 deletions&lt;img class="emoticon" src="https://issues.apache.org/jira/images/icons/emoticons/forbidden.png" height="16" width="16" align="absmiddle" alt="" border="0"/&gt;&lt;/p&gt;</comment>
                    </comments>
                    <attachments>
                    </attachments>
                <subtasks>
                    </subtasks>
                <customfields>
                                                                                                                                                                                                                                                                                                                                                                                                                                                                                                                                                                                                                                                                                                                    <customfield id="customfield_12314020" key="com.atlassian.jira.plugins.jira-development-integration-plugin:devsummary">
                        <customfieldname>Development</customfieldname>
                        <customfieldvalues>
                            
                        </customfieldvalues>
                    </customfield>
                                                                                                                        <customfield id="customfield_12313422" key="com.atlassian.jirafisheyeplugin:jobcheckbox">
                        <customfieldname>Enable Automatic Patch Review</customfieldname>
                        <customfieldvalues>
                            <customfieldvalue>false</customfieldvalue>

                        </customfieldvalues>
                    </customfield>
                                                                                                                                                                                                                                                                                                                                                                                                                                                                                                                                                                                                                                                <customfield id="customfield_12310420" key="com.pyxis.greenhopper.jira:gh-global-rank">
                        <customfieldname>Global Rank</customfieldname>
                        <customfieldvalues>
                            <customfieldvalue>9223372036854775807</customfieldvalue>
                        </customfieldvalues>
                    </customfield>
                                                                                                                                                                                                                                                                                                                                                                                                                                                                        <customfield id="customfield_12311820" key="com.pyxis.greenhopper.jira:gh-lexo-rank">
                        <customfieldname>Rank</customfieldname>
                        <customfieldvalues>
                            <customfieldvalue>0|z06zbk:</customfieldvalue>

                        </customfieldvalues>
                    </customfield>
                                                                <customfield id="customfield_12310920" key="com.pyxis.greenhopper.jira:gh-global-rank">
                        <customfieldname>Rank (Obsolete)</customfieldname>
                        <customfieldvalues>
                            <customfieldvalue>9223372036854775807</customfieldvalue>
                        </customfieldvalues>
                    </customfield>
                                                                                                                                                                                                                                                                                                                                                                                                                                                                                                                                                                                                                                                                                                                                                                                            </customfields>
    </item>


</channel>
</rss>