<rss version="0.92">
    <channel>
        <title>ASF JIRA</title>
        <link>https://issues.apache.org/jira/issues/?jql=project+%3D+NET+AND+type+%3D+bug+and+%28status+%3D+RESOLVED+or+status+%3D+closed%29</link>
        <description>An XML representation of a search request</description>
                <language>en-uk</language>
                        <issue start="0" end="464" total="464" />
                <build-info>
            <version>8.20.7</version>
            <build-number>820007</build-number>
            <build-date>16-03-2022</build-date>
        </build-info>

<item>
            <title>[NET-265] UnixFTPEntryParser fails to parse entry in certain conditions</title>
                <link>https://issues.apache.org/jira/browse/NET-265</link>
                <project id="12310487" key="NET">Commons Net</project>
                    <description>&lt;p&gt;The UnixFTPEntryParser fails to parse following entry:&lt;br/&gt;
&lt;del&gt;rw-r&lt;/del&gt;&lt;del&gt;r&lt;/del&gt;-   1 ftpuser  ftpusers 12414535 Mar 17 11:07 test 1999 abc.pdf&lt;/p&gt;

&lt;p&gt;Because of the fact that the group name may contain spaces, it is extended in this case to "ftpusers 12414535 Mar".&lt;br/&gt;
This happens because there is only one space between the group name an the file size (occurs (in my case) if the file size has eight or more digits). Additionally the file name contains spaces and the "second part" of the file name is a number. (Seems to be an odd case, but obviously it sometimes emerges.)&lt;/p&gt;

&lt;p&gt;The problem does not occur if a numeric date is used ("2008-03-19"). So I made the regex for the standard date ("Mar 19") more specific in a way that the month may only contain characters (&lt;span class="error"&gt;&amp;#91;a-zA-Z&amp;#93;&lt;/span&gt;). Right now all non-whitespace characters are allowed (\S). The patch is attached.&lt;/p&gt;</description>
                <environment />
        <key id="12417264">NET-265</key>
            <summary>UnixFTPEntryParser fails to parse entry in certain conditions</summary>
                <type id="1" iconUrl="https://issues.apache.org/jira/secure/viewavatar?size=xsmall&amp;avatarId=21133&amp;avatarType=issuetype">Bug</type>
                                            <priority id="3" iconUrl="https://issues.apache.org/jira/images/icons/priorities/major.svg">Major</priority>
                        <status id="6" iconUrl="https://issues.apache.org/jira/images/icons/statuses/closed.png" description="The issue is considered finished, the resolution is correct. Issues which are not closed can be reopened.">Closed</status>
                    <statusCategory id="3" key="done" colorName="green" />
                                    <resolution id="1">Fixed</resolution>
                                        <assignee username="-1">Unassigned</assignee>
                                    <reporter username="trivial.pursuit">Thilo Ognibeni</reporter>
                        <labels>
                    </labels>
                <created>Thu, 19 Mar 2009 09:59:35 +0000</created>
                <updated>Fri, 15 Oct 2010 09:20:24 +0000</updated>
                            <resolved>Thu, 19 Mar 2009 22:01:11 +0000</resolved>
                                    <version>2.0</version>
                                    <fixVersion>2.2</fixVersion>
                                        <due />
                            <votes>0</votes>
                                    <watches>0</watches>
                                                                <comments>
                            <comment id="12683404" author="trivial.pursuit" created="Thu, 19 Mar 2009 10:01:55 +0000">&lt;p&gt;Patch and test case for the bug.&lt;/p&gt;</comment>
                            <comment id="12683640" author="rwinston@eircom.net" created="Thu, 19 Mar 2009 22:01:11 +0000">&lt;p&gt;Patch applied. Obscure case, thanks for spotting and fixing, Thilo!&lt;/p&gt;</comment>
                    </comments>
                    <attachments>
                            <attachment id="12402561" name="UnixParser.patch" size="603" author="trivial.pursuit" created="Thu, 19 Mar 2009 10:01:55 +0000" />
                            <attachment id="12402562" name="UnixParserTest.patch" size="1002" author="trivial.pursuit" created="Thu, 19 Mar 2009 10:01:55 +0000" />
                    </attachments>
                <subtasks>
                    </subtasks>
                <customfields>
                                                                                                                                                                                                                                                                                                                                                                                                                                                                                                                                                                                                                                                                                                                    <customfield id="customfield_12314020" key="com.atlassian.jira.plugins.jira-development-integration-plugin:devsummary">
                        <customfieldname>Development</customfieldname>
                        <customfieldvalues>
                            
                        </customfieldvalues>
                    </customfield>
                                                                                                                        <customfield id="customfield_12313422" key="com.atlassian.jirafisheyeplugin:jobcheckbox">
                        <customfieldname>Enable Automatic Patch Review</customfieldname>
                        <customfieldvalues>
                            <customfieldvalue>false</customfieldvalue>

                        </customfieldvalues>
                    </customfield>
                                                                                                                                                                                                                                                                                                                                                                                                                                                                                                                                                                                                                                                <customfield id="customfield_12310420" key="com.pyxis.greenhopper.jira:gh-global-rank">
                        <customfieldname>Global Rank</customfieldname>
                        <customfieldvalues>
                            <customfieldvalue>154575</customfieldvalue>
                        </customfieldvalues>
                    </customfield>
                                                                                                                                                                                                                                                                                                                                                                                                                                                                        <customfield id="customfield_12311820" key="com.pyxis.greenhopper.jira:gh-lexo-rank">
                        <customfieldname>Rank</customfieldname>
                        <customfieldvalues>
                            <customfieldvalue>0|i0kv9z:</customfieldvalue>

                        </customfieldvalues>
                    </customfield>
                                                                <customfield id="customfield_12310920" key="com.pyxis.greenhopper.jira:gh-global-rank">
                        <customfieldname>Rank (Obsolete)</customfieldname>
                        <customfieldvalues>
                            <customfieldvalue>119885</customfieldvalue>
                        </customfieldvalues>
                    </customfield>
                                                                                                                                                                                                                                                                                                                                                                                                                                                                                                                                                                                                                                                                                                                                                                                            </customfields>
    </item>


</channel>
</rss>