<rss version="0.92">
    <channel>
        <title>ASF JIRA</title>
        <link>https://issues.apache.org/jira/issues/?jql=project+%3D+NET+AND+type+%3D+bug+and+%28status+%3D+RESOLVED+or+status+%3D+closed%29</link>
        <description>An XML representation of a search request</description>
                <language>en-uk</language>
                        <issue start="0" end="464" total="464" />
                <build-info>
            <version>8.20.7</version>
            <build-number>820007</build-number>
            <build-date>16-03-2022</build-date>
        </build-info>

<item>
            <title>[NET-36] [net] PATCH] FTP and FTPClient changes</title>
                <link>https://issues.apache.org/jira/browse/NET-36</link>
                <project id="12310487" key="NET">Commons Net</project>
                    <description>&lt;p&gt;I've included 3 patch files for changes I've made to the FTP andFTPClient&lt;br/&gt;
classes in the commons-net package.&lt;/p&gt;

&lt;p&gt;The first patch is for the FTP class making it extend SocketClientinstead of&lt;br/&gt;
TelnetClient. I noticed that the behavior of theTelnetClient's input stream&lt;br/&gt;
reader thread was effectively ignoring thesocket's SOTimeout causing reads to&lt;br/&gt;
hang forever if the server decidednot to respond to a client request at all.&lt;br/&gt;
This should also answer oneof the goals from the TODO list:&lt;/p&gt;

&lt;p&gt;"Divorce FTPClient from TelnetClient, getting rid of the TelnetClientthreads&lt;br/&gt;
which cause problems on some platforms (e.g., MacOS)."&lt;/p&gt;

&lt;p&gt;The second patch is for an FTPTest unit test. I've covered most of thebasic&lt;br/&gt;
methods (connect(), disconnect(), sendCommand(), getReplyCode(),etc). Ignored&lt;br/&gt;
for now are the convenience methods since they all callsendCommand() underneath.&lt;br/&gt;
Part of the FTPTest class is a DummyFTPServerinner class which is used to&lt;br/&gt;
communicate to the test FTP class - don'tknow if that would be useful elsewhere&lt;br/&gt;
(maybe part of FTPClient unittests), so you might consider making it a utility&lt;br/&gt;
class for other unittests.&lt;/p&gt;

&lt;p&gt;Finally I've attached a patch for minor changes to FTPClient:&lt;/p&gt;
&lt;ul class="alternate" type="square"&gt;
	&lt;li&gt;changed __storeFile() from private to protected so that it can beused by&lt;br/&gt;
classes that extend FTPClient&lt;/li&gt;
&lt;/ul&gt;


&lt;ul class="alternate" type="square"&gt;
	&lt;li&gt;added __storeFile(String, String) method - so that the commands itaccepts are&lt;br/&gt;
not limited to what's found in FTPCommand. Note: the__storeFile(int, String)&lt;br/&gt;
method now calls the __storeFile(String,String) method.&lt;/li&gt;
&lt;/ul&gt;


&lt;ul class="alternate" type="square"&gt;
	&lt;li&gt;added &lt;em&gt;openDataConnection&lt;/em&gt;(String, String) method - so that thecommands it&lt;br/&gt;
accepts are not limited to what's found in FTPCommand. Note:the&lt;br/&gt;
&lt;em&gt;openDataConnection&lt;/em&gt;(int, String) method now calls&lt;br/&gt;
the_openDataConnection_(String, String) method.&lt;/li&gt;
&lt;/ul&gt;


&lt;p&gt;Hopefully you'll find the changes agreeable and will incorporate theminto the&lt;br/&gt;
code base.&lt;/p&gt;</description>
                <environment>&lt;p&gt;Operating System: other&lt;br/&gt;
Platform: Other&lt;/p&gt;</environment>
        <key id="12341677">NET-36</key>
            <summary>[net] PATCH] FTP and FTPClient changes</summary>
                <type id="1" iconUrl="https://issues.apache.org/jira/secure/viewavatar?size=xsmall&amp;avatarId=21133&amp;avatarType=issuetype">Bug</type>
                                            <priority id="3" iconUrl="https://issues.apache.org/jira/images/icons/priorities/major.svg">Major</priority>
                        <status id="6" iconUrl="https://issues.apache.org/jira/images/icons/statuses/closed.png" description="The issue is considered finished, the resolution is correct. Issues which are not closed can be reopened.">Closed</status>
                    <statusCategory id="3" key="done" colorName="green" />
                                    <resolution id="1">Fixed</resolution>
                                        <assignee username="-1">Unassigned</assignee>
                                    <reporter username="jhindsley@providerlink.com">Joseph Hindsley</reporter>
                        <labels>
                    </labels>
                <created>Wed, 1 Sep 2004 02:25:26 +0000</created>
                <updated>Sat, 8 Mar 2008 19:38:50 +0000</updated>
                            <resolved>Sat, 8 Mar 2008 19:38:50 +0000</resolved>
                                    <version>1.2</version>
                                    <fixVersion>2.0</fixVersion>
                                        <due />
                            <votes>1</votes>
                                    <watches>0</watches>
                                                                <comments>
                            <comment id="12407407" author="jhindsley@providerlink.com" created="Wed, 1 Sep 2004 02:26:23 +0000">&lt;p&gt;Created an attachment (id=12581)&lt;br/&gt;
FTP.java.patch.txt&lt;/p&gt;</comment>
                            <comment id="12407408" author="jhindsley@providerlink.com" created="Wed, 1 Sep 2004 02:26:46 +0000">&lt;p&gt;Created an attachment (id=12582)&lt;br/&gt;
FTPTest.java.patch.txt&lt;/p&gt;</comment>
                            <comment id="12407409" author="jhindsley@providerlink.com" created="Wed, 1 Sep 2004 02:27:11 +0000">&lt;p&gt;Created an attachment (id=12583)&lt;br/&gt;
FTPTest.java.patch.txt&lt;/p&gt;</comment>
                            <comment id="12407410" author="jhindsley@providerlink.com" created="Wed, 1 Sep 2004 02:28:34 +0000">&lt;p&gt;Created an attachment (id=12584)&lt;br/&gt;
FTPClient.java.patch.txt&lt;/p&gt;</comment>
                            <comment id="12407411" author="jhindsley@providerlink.com" created="Wed, 1 Sep 2004 02:29:17 +0000">&lt;p&gt;Sorry about the double FTPTest.java.patch.txt submission.&lt;/p&gt;</comment>
                            <comment id="12407412" author="rwinston@eircom.net" created="Fri, 15 Apr 2005 23:14:57 +0000">&lt;p&gt;Sorry Joseph, what I actually meant to do was mark this as LATER. I think you&lt;br/&gt;
have some good ideas in here, and will be taking a better look when I get some time.&lt;/p&gt;</comment>
                            <comment id="12528982" author="bayard" created="Thu, 20 Sep 2007 05:25:23 +0000">&lt;p&gt;Reopening - this was a Bugzilla LATER.&lt;/p&gt;</comment>
                    </comments>
                    <attachments>
                            <attachment id="12333089" name="ASF.LICENSE.NOT.GRANTED--FTP.java.patch.txt" size="7340" author="jhindsley@providerlink.com" created="Wed, 1 Sep 2004 02:26:23 +0000" />
                            <attachment id="12333092" name="ASF.LICENSE.NOT.GRANTED--FTPClient.java.patch.txt" size="2343" author="jhindsley@providerlink.com" created="Wed, 1 Sep 2004 02:28:34 +0000" />
                            <attachment id="12333091" name="ASF.LICENSE.NOT.GRANTED--FTPTest.java.patch.txt" size="90822" author="jhindsley@providerlink.com" created="Wed, 1 Sep 2004 02:27:11 +0000" />
                            <attachment id="12333090" name="ASF.LICENSE.NOT.GRANTED--FTPTest.java.patch.txt" size="90822" author="jhindsley@providerlink.com" created="Wed, 1 Sep 2004 02:26:46 +0000" />
                    </attachments>
                <subtasks>
                    </subtasks>
                <customfields>
                                                                                                                                                                                                                                                                                                                                                                                                                                                                                                                                                                                                    <customfield id="customfield_10010" key="com.atlassian.jira.plugin.system.customfieldtypes:importid">
                        <customfieldname>Bugzilla Id</customfieldname>
                        <customfieldvalues>
                            <customfieldvalue>30970</customfieldvalue>
                        </customfieldvalues>
                    </customfield>
                                                                                                                                                    <customfield id="customfield_12314020" key="com.atlassian.jira.plugins.jira-development-integration-plugin:devsummary">
                        <customfieldname>Development</customfieldname>
                        <customfieldvalues>
                            
                        </customfieldvalues>
                    </customfield>
                                                                                                                        <customfield id="customfield_12313422" key="com.atlassian.jirafisheyeplugin:jobcheckbox">
                        <customfieldname>Enable Automatic Patch Review</customfieldname>
                        <customfieldvalues>
                            <customfieldvalue>false</customfieldvalue>

                        </customfieldvalues>
                    </customfield>
                                                                                                                                                                                                                                                                                                                                                                                                                                                                                                                                                                                                                                                <customfield id="customfield_12310420" key="com.pyxis.greenhopper.jira:gh-global-rank">
                        <customfieldname>Global Rank</customfieldname>
                        <customfieldvalues>
                            <customfieldvalue>154376</customfieldvalue>
                        </customfieldvalues>
                    </customfield>
                                                                                                                                                                                                                                                                                                                                                                                                                                                                        <customfield id="customfield_12311820" key="com.pyxis.greenhopper.jira:gh-lexo-rank">
                        <customfieldname>Rank</customfieldname>
                        <customfieldvalues>
                            <customfieldvalue>0|i0y85r:</customfieldvalue>

                        </customfieldvalues>
                    </customfield>
                                                                <customfield id="customfield_12310920" key="com.pyxis.greenhopper.jira:gh-global-rank">
                        <customfieldname>Rank (Obsolete)</customfieldname>
                        <customfieldvalues>
                            <customfieldvalue>197791</customfieldvalue>
                        </customfieldvalues>
                    </customfield>
                                                                                                                                                                                                                                                                                                                                                                                                                                                                                                                                                                                                                                                                                                                                                                                            </customfields>
    </item>


</channel>
</rss>