<rss version="0.92">
    <channel>
        <title>ASF JIRA</title>
        <link>https://issues.apache.org/jira/issues/?jql=project+%3D+NET+AND+type+%3D+bug+and+%28status+%3D+RESOLVED+or+status+%3D+closed%29</link>
        <description>An XML representation of a search request</description>
                <language>en-uk</language>
                        <issue start="0" end="464" total="464" />
                <build-info>
            <version>8.20.7</version>
            <build-number>820007</build-number>
            <build-date>16-03-2022</build-date>
        </build-info>

<item>
            <title>[NET-349] FTPClient.listFiles() returns a file entry containing a new line character only up to the new line character</title>
                <link>https://issues.apache.org/jira/browse/NET-349</link>
                <project id="12310487" key="NET">Commons Net</project>
                    <description>&lt;p&gt;Create 3 files&lt;br/&gt;
File with new lines:&lt;br/&gt;
echo &amp;gt; 'test&lt;br/&gt;
line1&lt;br/&gt;
line2&lt;br/&gt;
line3.txt'&lt;/p&gt;

&lt;p&gt;2 files without:&lt;br/&gt;
echo &amp;gt; test1&lt;br/&gt;
echo &amp;gt; testz&lt;/p&gt;

&lt;p&gt;connect via ftpclient to the server containing these files, switch to that  directory and call listFiles().&lt;br/&gt;
The file with new lines will return as test and trailing components of the path will be missing.&lt;/p&gt;

&lt;p&gt;FTPFileEntryParserImpl.readNextEntry() is using BufferedReader.readLine() to identify the end of the entry. May be some other approach is needed to identify the end of the entry, since file names with new lines although undesired, are actually valid in unix environments.&lt;/p&gt;</description>
                <environment>&lt;p&gt;Linux localhost 2.6.9-22.ELsmp #1 SMP Mon Sep 19 18:32:14 EDT 2005 i686 i686 i386 GNU/Linux&lt;br/&gt;
RedHat Enterprise Linux&lt;/p&gt;</environment>
        <key id="12494985">NET-349</key>
            <summary>FTPClient.listFiles() returns a file entry containing a new line character only up to the new line character</summary>
                <type id="1" iconUrl="https://issues.apache.org/jira/secure/viewavatar?size=xsmall&amp;avatarId=21133&amp;avatarType=issuetype">Bug</type>
                                            <priority id="4" iconUrl="https://issues.apache.org/jira/images/icons/priorities/minor.svg">Minor</priority>
                        <status id="6" iconUrl="https://issues.apache.org/jira/images/icons/statuses/closed.png" description="The issue is considered finished, the resolution is correct. Issues which are not closed can be reopened.">Closed</status>
                    <statusCategory id="3" key="done" colorName="green" />
                                    <resolution id="2">Won't Fix</resolution>
                                        <assignee username="-1">Unassigned</assignee>
                                    <reporter username="maxf">Max</reporter>
                        <labels>
                    </labels>
                <created>Fri, 7 Jan 2011 20:34:08 +0000</created>
                <updated>Wed, 17 Apr 2013 19:55:44 +0000</updated>
                            <resolved>Fri, 5 Oct 2012 18:46:41 +0000</resolved>
                                    <version>2.2</version>
                                                    <component>FTP</component>
                        <due />
                            <votes>0</votes>
                                    <watches>0</watches>
                                                                <comments>
                            <comment id="12980291" author="maxf" created="Tue, 11 Jan 2011 19:43:57 +0000">&lt;p&gt;One solution:&lt;/p&gt;

&lt;p&gt;Modify UnixFTPEntryParser.java:&lt;/p&gt;

&lt;p&gt;     private static final String REGEX =&lt;br/&gt;
"&lt;ins&gt;(?s)&lt;/ins&gt;(&lt;span class="error"&gt;&amp;#91;bcdelfmpSs-&amp;#93;&lt;/span&gt;)"&lt;/p&gt;


&lt;p&gt;Modify FTPFileEntryParserImpl.java:&lt;/p&gt;

&lt;p&gt;     public String readNextEntry(BufferedReader reader) throws IOException&lt;br/&gt;
     {&lt;br/&gt;
&lt;del&gt;return reader.readLine();&lt;/del&gt;&lt;br/&gt;
&lt;ins&gt;String entry = reader.readLine();&lt;/ins&gt;&lt;br/&gt;
&lt;ins&gt;String line = null;&lt;/ins&gt;&lt;br/&gt;
&lt;ins&gt;do&lt;/ins&gt;&lt;br/&gt;
&lt;ins&gt;{&lt;/ins&gt;&lt;br/&gt;
&lt;ins&gt;reader.mark(256);&lt;/ins&gt;&lt;br/&gt;
&lt;ins&gt;line = reader.readLine();&lt;/ins&gt;&lt;br/&gt;
&lt;ins&gt;if(line == null || line.equals("") || matches(line))&lt;/ins&gt;&lt;br/&gt;
&lt;ins&gt;{&lt;/ins&gt;&lt;br/&gt;
&lt;ins&gt;reader.reset();&lt;/ins&gt;&lt;br/&gt;
&lt;ins&gt;line = null;&lt;/ins&gt;&lt;br/&gt;
&lt;ins&gt;break;&lt;/ins&gt;&lt;br/&gt;
&lt;ins&gt;}&lt;/ins&gt;&lt;br/&gt;
&lt;ins&gt;else&lt;/ins&gt;&lt;br/&gt;
&lt;ins&gt;{&lt;/ins&gt;&lt;br/&gt;
&lt;ins&gt;entry += "\n"+line;&lt;/ins&gt;&lt;br/&gt;
&lt;ins&gt;}&lt;/ins&gt;&lt;br/&gt;
&lt;ins&gt;} while(StringUtils.isNotBlank(line));&lt;/ins&gt;&lt;br/&gt;
&lt;ins&gt;return entry;&lt;/ins&gt;&lt;br/&gt;
    }&lt;/p&gt;

&lt;p&gt;In this case listing comes through just fine. Deletion however is not possible, since servers do not support deletion of file names with special characters.&lt;/p&gt;</comment>
                            <comment id="13470546" author="sebb@apache.org" created="Fri, 5 Oct 2012 18:46:41 +0000">&lt;p&gt;Impossible to fix this in general.&lt;/p&gt;

&lt;p&gt;For example, the following listing appears to show 3 files:&lt;/p&gt;

&lt;div class="preformatted panel" style="border-width: 1px;"&gt;&lt;div class="preformattedContent panelContent"&gt;
&lt;pre&gt;drwxrwxr-x    2 user     user            4 Oct  5 18:39 .
drwx--x--x   35 user     user          174 Oct  5 18:28 ..
-rw-rw-r--    1 user     user            1 Oct  5 18:35 test1.txt
-rw-rw-r--    1 user     user            1 Oct  5 18:38 test2.txt
-rw-rw-r--    1 user     user            1 Oct  5 18:35 test3.txt
&lt;/pre&gt;
&lt;/div&gt;&lt;/div&gt;

&lt;p&gt;However, in fact there are only 2, as there is an NL in the name after 'test2.txt'.&lt;/p&gt;</comment>
                    </comments>
                    <attachments>
                    </attachments>
                <subtasks>
                    </subtasks>
                <customfields>
                                                                                                                                                                                                                                                                                                                                                                                                                                                                                                                                                                                                                                                                                                                    <customfield id="customfield_12314020" key="com.atlassian.jira.plugins.jira-development-integration-plugin:devsummary">
                        <customfieldname>Development</customfieldname>
                        <customfieldvalues>
                            
                        </customfieldvalues>
                    </customfield>
                                                                                                                        <customfield id="customfield_12313422" key="com.atlassian.jirafisheyeplugin:jobcheckbox">
                        <customfieldname>Enable Automatic Patch Review</customfieldname>
                        <customfieldvalues>
                            <customfieldvalue>false</customfieldvalue>

                        </customfieldvalues>
                    </customfield>
                                                                                                                                                                                                                                                                                                                                                                                                                                                                                                                                                                                                                                                <customfield id="customfield_12310420" key="com.pyxis.greenhopper.jira:gh-global-rank">
                        <customfieldname>Global Rank</customfieldname>
                        <customfieldvalues>
                            <customfieldvalue>154620</customfieldvalue>
                        </customfieldvalues>
                    </customfield>
                                                                                                                                                                                                                                                                                                                                                                                                                                                                        <customfield id="customfield_12311820" key="com.pyxis.greenhopper.jira:gh-lexo-rank">
                        <customfieldname>Rank</customfieldname>
                        <customfieldvalues>
                            <customfieldvalue>0|i05fi7:</customfieldvalue>

                        </customfieldvalues>
                    </customfield>
                                                                <customfield id="customfield_12310920" key="com.pyxis.greenhopper.jira:gh-global-rank">
                        <customfieldname>Rank (Obsolete)</customfieldname>
                        <customfieldvalues>
                            <customfieldvalue>29609</customfieldvalue>
                        </customfieldvalues>
                    </customfield>
                                                                                                                                                                                                                                                                                                                                                                                                                                                                                                                                                                                                                                                                                                                                                                                            </customfields>
    </item>


</channel>
</rss>