<rss version="0.92">
    <channel>
        <title>ASF JIRA</title>
        <link>https://issues.apache.org/jira/issues/?jql=project+%3D+NET+AND+type+%3D+bug+and+%28status+%3D+RESOLVED+or+status+%3D+closed%29</link>
        <description>An XML representation of a search request</description>
                <language>en-uk</language>
                        <issue start="0" end="464" total="464" />
                <build-info>
            <version>8.20.7</version>
            <build-number>820007</build-number>
            <build-date>16-03-2022</build-date>
        </build-info>

<item>
            <title>[NET-302] FTP: initiateListParsing should not cache entryParser</title>
                <link>https://issues.apache.org/jira/browse/NET-302</link>
                <project id="12310487" key="NET">Commons Net</project>
                    <description>&lt;p&gt;if you use initiateListParsing with a  FTPFileEntryParser  this code can fail:&lt;/p&gt;

&lt;p&gt;FTPClient.listFiles()&lt;/p&gt;

&lt;p&gt;ftp.initiateListParsing(parserKey, ...&lt;/p&gt;

&lt;p&gt;It seems that the listFiles() already set a parser, that gets cached and the parser in the initiateListParsing gets ignored.&lt;/p&gt;

&lt;p&gt;For z/OS you can use ftp for file transfer and for submitting jobs, in the second case you'd want another parser than for the first call.&lt;br/&gt;
c.f. &lt;a href="http://www.ibm.com/developerworks/systems/library/es-zosbatchjavav/index.html" class="external-link" target="_blank" rel="nofollow noopener"&gt;http://www.ibm.com/developerworks/systems/library/es-zosbatchjavav/index.html&lt;/a&gt;&lt;/p&gt;</description>
                <environment>&lt;p&gt;z/OS based ftp server&lt;/p&gt;</environment>
        <key id="12442433">NET-302</key>
            <summary>FTP: initiateListParsing should not cache entryParser</summary>
                <type id="1" iconUrl="https://issues.apache.org/jira/secure/viewavatar?size=xsmall&amp;avatarId=21133&amp;avatarType=issuetype">Bug</type>
                                            <priority id="3" iconUrl="https://issues.apache.org/jira/images/icons/priorities/major.svg">Major</priority>
                        <status id="6" iconUrl="https://issues.apache.org/jira/images/icons/statuses/closed.png" description="The issue is considered finished, the resolution is correct. Issues which are not closed can be reopened.">Closed</status>
                    <statusCategory id="3" key="done" colorName="green" />
                                    <resolution id="1">Fixed</resolution>
                                        <assignee username="-1">Unassigned</assignee>
                                    <reporter username="weberjn">J&#252;rgen Weber</reporter>
                        <labels>
                    </labels>
                <created>Fri, 4 Dec 2009 10:11:29 +0000</created>
                <updated>Sat, 4 Jun 2011 19:25:17 +0000</updated>
                            <resolved>Tue, 11 May 2010 00:39:47 +0000</resolved>
                                    <version>2.0</version>
                                    <fixVersion>2.2</fixVersion>
                                        <due />
                            <votes>0</votes>
                                    <watches>0</watches>
                                                                        <attachments>
                    </attachments>
                <subtasks>
                    </subtasks>
                <customfields>
                                                                                                                                                                                                                                                                                                                                                                                                                                                                                                                                                                                                                                                                                                                    <customfield id="customfield_12314020" key="com.atlassian.jira.plugins.jira-development-integration-plugin:devsummary">
                        <customfieldname>Development</customfieldname>
                        <customfieldvalues>
                            
                        </customfieldvalues>
                    </customfield>
                                                                                                                        <customfield id="customfield_12313422" key="com.atlassian.jirafisheyeplugin:jobcheckbox">
                        <customfieldname>Enable Automatic Patch Review</customfieldname>
                        <customfieldvalues>
                            <customfieldvalue>false</customfieldvalue>

                        </customfieldvalues>
                    </customfield>
                                                                                                                                                                                                                                                                                                                                                                                                                                                                                                                                                                                                                                                <customfield id="customfield_12310420" key="com.pyxis.greenhopper.jira:gh-global-rank">
                        <customfieldname>Global Rank</customfieldname>
                        <customfieldvalues>
                            <customfieldvalue>72082</customfieldvalue>
                        </customfieldvalues>
                    </customfield>
                                                                                                                                                                                                                                                                                                                                                                                                                                                                        <customfield id="customfield_12311820" key="com.pyxis.greenhopper.jira:gh-lexo-rank">
                        <customfieldname>Rank</customfieldname>
                        <customfieldvalues>
                            <customfieldvalue>0|i0l3uv:</customfieldvalue>

                        </customfieldvalues>
                    </customfield>
                                                                <customfield id="customfield_12310920" key="com.pyxis.greenhopper.jira:gh-global-rank">
                        <customfieldname>Rank (Obsolete)</customfieldname>
                        <customfieldvalues>
                            <customfieldvalue>121275</customfieldvalue>
                        </customfieldvalues>
                    </customfield>
                                                                                                                                                                                                                                                                                                                                                                                                                                                                                                                                                                                                                                                                                                                                                                                            </customfields>
    </item>


</channel>
</rss>