<rss version="0.92">
    <channel>
        <title>ASF JIRA</title>
        <link>https://issues.apache.org/jira/issues/?jql=project+%3D+NET+AND+type+%3D+bug+and+%28status+%3D+RESOLVED+or+status+%3D+closed%29</link>
        <description>An XML representation of a search request</description>
                <language>en-uk</language>
                        <issue start="0" end="464" total="464" />
                <build-info>
            <version>8.20.7</version>
            <build-number>820007</build-number>
            <build-date>16-03-2022</build-date>
        </build-info>

<item>
            <title>[NET-585] Cannot store file by ftpclient in "ISO-8859-1" for chinese words "&#29702;.doc" or "&#29702;&#20998;&#20876;.doc"</title>
                <link>https://issues.apache.org/jira/browse/NET-585</link>
                <project id="12310487" key="NET">Commons Net</project>
                    <description>&lt;p&gt;I use commons-net package to build a project " send files to a ftp server provide by windows"&lt;br/&gt;
and the code look like this:&lt;/p&gt;
&lt;div class="code panel" style="border-width: 1px;"&gt;&lt;div class="codeContent panelContent"&gt;
&lt;pre class="code-java"&gt;&lt;span class="code-keyword"&gt;public&lt;/span&gt; &lt;span class="code-keyword"&gt;static&lt;/span&gt; void UploadFile(&lt;span class="code-object"&gt;String&lt;/span&gt; localBaseDir, &lt;span class="code-object"&gt;String&lt;/span&gt; remoteBaseDir,
                                  &lt;span class="code-object"&gt;String&lt;/span&gt; fileName) &lt;span class="code-keyword"&gt;throws&lt;/span&gt; Exception
    {
    	&lt;span class="code-object"&gt;System&lt;/span&gt;.out.println(&lt;span class="code-quote"&gt;"--------------------------------------------------"&lt;/span&gt;);
        InputStream localIn = &lt;span class="code-keyword"&gt;null&lt;/span&gt;;
        FTPClient ftp = ConnectFtpServer();
        &lt;span class="code-keyword"&gt;try&lt;/span&gt;
        {
        	&lt;span class="code-object"&gt;System&lt;/span&gt;.out.println(&lt;span class="code-quote"&gt;"localBaseDir:"&lt;/span&gt; + localBaseDir);
        	&lt;span class="code-object"&gt;System&lt;/span&gt;.out.println(&lt;span class="code-quote"&gt;"remoteBaseDir:"&lt;/span&gt; + remoteBaseDir);
        	&lt;span class="code-object"&gt;System&lt;/span&gt;.out.println(&lt;span class="code-quote"&gt;"fileName:"&lt;/span&gt; + fileName);
        	&lt;span class="code-object"&gt;System&lt;/span&gt;.out.println(&lt;span class="code-quote"&gt;"encoding:"&lt;/span&gt; + &lt;span class="code-object"&gt;System&lt;/span&gt;.getProperties().get(&lt;span class="code-quote"&gt;"file.encoding"&lt;/span&gt;));
        	&lt;span class="code-object"&gt;System&lt;/span&gt;.out.println(&lt;span class="code-quote"&gt;"&lt;span class="code-keyword"&gt;new&lt;/span&gt; &lt;span class="code-object"&gt;String&lt;/span&gt;:"&lt;/span&gt; + &lt;span class="code-keyword"&gt;new&lt;/span&gt; &lt;span class="code-object"&gt;String&lt;/span&gt;(fileName.getBytes((&lt;span class="code-object"&gt;String&lt;/span&gt;)&lt;span class="code-object"&gt;System&lt;/span&gt;.getProperties().get(&lt;span class="code-quote"&gt;"file.encoding"&lt;/span&gt;)),&lt;span class="code-quote"&gt;"ISO-8859-1"&lt;/span&gt;));
            File localFile = &lt;span class="code-keyword"&gt;new&lt;/span&gt; File(localBaseDir
                                      );
            &lt;span class="code-object"&gt;System&lt;/span&gt;.out.println(&lt;span class="code-quote"&gt;"isexist="&lt;/span&gt;+localFile.exists());
            localIn = &lt;span class="code-keyword"&gt;new&lt;/span&gt; BufferedInputStream(&lt;span class="code-keyword"&gt;new&lt;/span&gt; FileInputStream(localFile));

            &lt;span class="code-object"&gt;String&lt;/span&gt; romoteFileName = remoteBaseDir + fileName;
            &lt;span class="code-comment"&gt;// ftp.makeDirectory(&lt;span class="code-keyword"&gt;new&lt;/span&gt;
&lt;/span&gt;            &lt;span class="code-comment"&gt;// &lt;span class="code-object"&gt;String&lt;/span&gt;(remoteBaseDir.getBytes(&lt;span class="code-quote"&gt;"GBK"&lt;/span&gt;),&lt;span class="code-quote"&gt;"ISO-8859-1"&lt;/span&gt;));
&lt;/span&gt;            &lt;span class="code-comment"&gt;//&lt;span class="code-object"&gt;System&lt;/span&gt;.out.println(&lt;span class="code-quote"&gt;"makeDirectory:"&lt;/span&gt;+ftp.makeDirectory(remoteBaseDir) );
&lt;/span&gt;            ftpCreateDirectoryTree(ftp,remoteBaseDir);
            &lt;span class="code-object"&gt;System&lt;/span&gt;.out.println(&lt;span class="code-quote"&gt;"changeWorkingDirectory:"&lt;/span&gt;+ftp.changeWorkingDirectory(remoteBaseDir));
            ftp.setFileType(FTPClient.BINARY_FILE_TYPE);
            ftp.enterLocalPassiveMode();
            ftp.setControlEncoding((&lt;span class="code-object"&gt;String&lt;/span&gt;)&lt;span class="code-object"&gt;System&lt;/span&gt;.getProperties().get(&lt;span class="code-quote"&gt;"file.encoding"&lt;/span&gt;));
            &lt;span class="code-comment"&gt;// &lt;span class="code-object"&gt;boolean&lt;/span&gt; result = ftp.storeFile(romoteFileName, localIn);
&lt;/span&gt;            &lt;span class="code-object"&gt;boolean&lt;/span&gt; result = ftp.storeFile(
            		remoteBaseDir+&lt;span class="code-keyword"&gt;new&lt;/span&gt; &lt;span class="code-object"&gt;String&lt;/span&gt;(fileName.getBytes((&lt;span class="code-object"&gt;String&lt;/span&gt;)&lt;span class="code-object"&gt;System&lt;/span&gt;.getProperties().get(&lt;span class="code-quote"&gt;"file.encoding"&lt;/span&gt;)),&lt;span class="code-quote"&gt;"ISO-8859-1"&lt;/span&gt;),
                                 localIn);
            &lt;span class="code-object"&gt;System&lt;/span&gt;.out.println(&lt;span class="code-quote"&gt;"result="&lt;/span&gt;+result);
            &lt;span class="code-keyword"&gt;if&lt;/span&gt; (!result)
            {
                logger.log(&lt;span class="code-quote"&gt;"&#25991;&#20214;&#19978;&#20256;&#22791;&#20221;&#22833;&#36133;"&lt;/span&gt;);
                &lt;span class="code-keyword"&gt;throw&lt;/span&gt; &lt;span class="code-keyword"&gt;new&lt;/span&gt; Exception(&lt;span class="code-quote"&gt;"&#25991;&#20214;&#19978;&#20256;&#22791;&#20221;&#22833;&#36133;!"&lt;/span&gt;);
            }
            
            &lt;span class="code-object"&gt;System&lt;/span&gt;.out.println(&lt;span class="code-quote"&gt;"--------------------------------------------------"&lt;/span&gt;);
        }
        &lt;span class="code-keyword"&gt;catch&lt;/span&gt; (Exception ex)
        {
            logger.log(&lt;span class="code-quote"&gt;"UploadFile&#24322;&#24120;"&lt;/span&gt; + ex.getMessage());
        }
        &lt;span class="code-keyword"&gt;finally&lt;/span&gt;
        {
            &lt;span class="code-keyword"&gt;try&lt;/span&gt;
            {
                &lt;span class="code-keyword"&gt;if&lt;/span&gt; (localIn != &lt;span class="code-keyword"&gt;null&lt;/span&gt;)
                {
                    localIn.close();
                    DisconnectFtpServer(ftp);
                }
            }
            &lt;span class="code-keyword"&gt;catch&lt;/span&gt; (IOException ex2)
            {
                logger.log(&lt;span class="code-quote"&gt;"UploadFile close &#24322;&#24120;"&lt;/span&gt; + ex2.getMessage());
            }
        }
    }
&lt;/pre&gt;
&lt;/div&gt;&lt;/div&gt;
&lt;p&gt;and I try to fix this problems by use different encoding ,but I failed.&lt;br/&gt;
by setting enterLocalPassiveMode&lt;br/&gt;
setControlEncoding&lt;br/&gt;
different string encoding .&lt;/p&gt;

&lt;p&gt;I tried all above this and failed. &lt;/p&gt;</description>
                <environment>&lt;p&gt;1.WebSphere Application Server    7.0.0.19&lt;br/&gt;
2.Redhat Linux 5.8&lt;br/&gt;
3.jdk 1.6 64bit&lt;/p&gt;</environment>
        <key id="12923287">NET-585</key>
            <summary>Cannot store file by ftpclient in "ISO-8859-1" for chinese words "&#29702;.doc" or "&#29702;&#20998;&#20876;.doc"</summary>
                <type id="1" iconUrl="https://issues.apache.org/jira/secure/viewavatar?size=xsmall&amp;avatarId=21133&amp;avatarType=issuetype">Bug</type>
                                            <priority id="3" iconUrl="https://issues.apache.org/jira/images/icons/priorities/major.svg">Major</priority>
                        <status id="5" iconUrl="https://issues.apache.org/jira/images/icons/statuses/resolved.png" description="A resolution has been taken, and it is awaiting verification by reporter. From here issues are either reopened, or are closed.">Resolved</status>
                    <statusCategory id="3" key="done" colorName="green" />
                                    <resolution id="6">Invalid</resolution>
                                        <assignee username="-1">Unassigned</assignee>
                                    <reporter username="kk580kk">HuangJie</reporter>
                        <labels>
                    </labels>
                <created>Sun, 20 Dec 2015 14:17:14 +0000</created>
                <updated>Tue, 7 Feb 2017 23:57:49 +0000</updated>
                            <resolved>Tue, 7 Feb 2017 23:57:49 +0000</resolved>
                                    <version>3.4</version>
                                                    <component>FTP</component>
                        <due />
                            <votes>0</votes>
                                    <watches>1</watches>
                                                                <comments>
                            <comment id="15086805" author="sebb@apache.org" created="Thu, 7 Jan 2016 05:00:03 +0000">&lt;p&gt;What error message do you get?&lt;/p&gt;</comment>
                            <comment id="15086819" author="kk580kk" created="Thu, 7 Jan 2016 05:15:43 +0000">&lt;p&gt;I cant not store a file to ftp server with chinese file name.&lt;/p&gt;</comment>
                            <comment id="15086830" author="sebb@apache.org" created="Thu, 7 Jan 2016 05:25:01 +0000">&lt;p&gt;What is the exact error message (e.g. stack trace) your app produces?&lt;/p&gt;</comment>
                            <comment id="15857061" author="sebb@apache.org" created="Tue, 7 Feb 2017 23:57:49 +0000">&lt;p&gt;ISO-8859-1 only supports some western Latin-derived languages.&lt;/p&gt;

&lt;p&gt;It does not support Chinese characters.&lt;/p&gt;</comment>
                    </comments>
                    <attachments>
                    </attachments>
                <subtasks>
                    </subtasks>
                <customfields>
                                                                                                                                                                                                                                                                                                                                                                                                                                                                                                                                                                                                                                                                                                                    <customfield id="customfield_12314020" key="com.atlassian.jira.plugins.jira-development-integration-plugin:devsummary">
                        <customfieldname>Development</customfieldname>
                        <customfieldvalues>
                            
                        </customfieldvalues>
                    </customfield>
                                                                                                                        <customfield id="customfield_12313422" key="com.atlassian.jirafisheyeplugin:jobcheckbox">
                        <customfieldname>Enable Automatic Patch Review</customfieldname>
                        <customfieldvalues>
                            <customfieldvalue>false</customfieldvalue>

                        </customfieldvalues>
                    </customfield>
                                                                                                                                                                                                                                                                                                                                                                                                                                                                                                                                                                                                                                                <customfield id="customfield_12310420" key="com.pyxis.greenhopper.jira:gh-global-rank">
                        <customfieldname>Global Rank</customfieldname>
                        <customfieldvalues>
                            <customfieldvalue>9223372036854775807</customfieldvalue>
                        </customfieldvalues>
                    </customfield>
                                                                                                                                                                                                                                                                                                                                                                                                                                                                        <customfield id="customfield_12311820" key="com.pyxis.greenhopper.jira:gh-lexo-rank">
                        <customfieldname>Rank</customfieldname>
                        <customfieldvalues>
                            <customfieldvalue>0|i2q4vr:</customfieldvalue>

                        </customfieldvalues>
                    </customfield>
                                                                <customfield id="customfield_12310920" key="com.pyxis.greenhopper.jira:gh-global-rank">
                        <customfieldname>Rank (Obsolete)</customfieldname>
                        <customfieldvalues>
                            <customfieldvalue>9223372036854775807</customfieldvalue>
                        </customfieldvalues>
                    </customfield>
                                                                                                                                                                                                                                                                                                                                                                                                                                                                                                                                                                                                                                                                                                                                                                                            </customfields>
    </item>


</channel>
</rss>