<rss version="0.92">
    <channel>
        <title>ASF JIRA</title>
        <link>https://issues.apache.org/jira/issues/?jql=project+%3D+NET+AND+type+%3D+bug+and+%28status+%3D+RESOLVED+or+status+%3D+closed%29</link>
        <description>An XML representation of a search request</description>
                <language>en-uk</language>
                        <issue start="0" end="464" total="464" />
                <build-info>
            <version>8.20.7</version>
            <build-number>820007</build-number>
            <build-date>16-03-2022</build-date>
        </build-info>

<item>
            <title>[NET-401] FTP class uses BufferedReader for control channel, which does not follow the standard</title>
                <link>https://issues.apache.org/jira/browse/NET-401</link>
                <project id="12310487" key="NET">Commons Net</project>
                    <description>&lt;p&gt;The FTP class uses BufferedReader for wrapping the control channel, and uses its readLine() for getting responses from the server.&lt;/p&gt;

&lt;p&gt;The FTP protocol requires CRLF at the end of lines, but Bufferedreader#readLine() also allows bare CR and LF terminators, which could potentially be included in a server reply.&lt;/p&gt;</description>
                <environment />
        <key id="12503390">NET-401</key>
            <summary>FTP class uses BufferedReader for control channel, which does not follow the standard</summary>
                <type id="1" iconUrl="https://issues.apache.org/jira/secure/viewavatar?size=xsmall&amp;avatarId=21133&amp;avatarType=issuetype">Bug</type>
                                            <priority id="3" iconUrl="https://issues.apache.org/jira/images/icons/priorities/major.svg">Major</priority>
                        <status id="6" iconUrl="https://issues.apache.org/jira/images/icons/statuses/closed.png" description="The issue is considered finished, the resolution is correct. Issues which are not closed can be reopened.">Closed</status>
                    <statusCategory id="3" key="done" colorName="green" />
                                    <resolution id="1">Fixed</resolution>
                                        <assignee username="-1">Unassigned</assignee>
                                    <reporter username="sebb">Sebb</reporter>
                        <labels>
                    </labels>
                <created>Tue, 5 Apr 2011 11:18:09 +0000</created>
                <updated>Tue, 28 Feb 2017 17:41:28 +0000</updated>
                            <resolved>Tue, 5 Apr 2011 21:54:38 +0000</resolved>
                                    <version>2.2</version>
                                    <fixVersion>3.0</fixVersion>
                                    <component>FTP</component>
                        <due />
                            <votes>0</votes>
                                    <watches>2</watches>
                                                                <comments>
                            <comment id="13016143" author="sebb@apache.org" created="Tue, 5 Apr 2011 21:54:38 +0000">&lt;p&gt;Changed to use CRLFLineReader&lt;/p&gt;</comment>
                            <comment id="15888531" author="unsta" created="Tue, 28 Feb 2017 17:41:28 +0000">&lt;p&gt;Currently running into an issue with the CRLFLineReader hanging up or reading too far when processing a banner that has a mix of CR/LF and just LF in it from a Cisco Ironport WSA appliance.&lt;/p&gt;

&lt;p&gt;Sometimes the reader goes to far and picks up a null, and other times (with a different banner config) it doesn't go far enough and hangs indefinitely.&lt;/p&gt;

&lt;p&gt;Is there a RFC documented somewhere on line termination for FTP, and banners in particular? I plan on opening an issue on this with supporting data, but just wanted to start at the source.&lt;/p&gt;</comment>
                    </comments>
                <issuelinks>
                            <issuelinktype id="10020">
                    <name>Cloners</name>
                                                                <inwardlinks description="is cloned by">
                                        <issuelink>
            <issuekey id="12503463">NET-402</issuekey>
        </issuelink>
                            </inwardlinks>
                                    </issuelinktype>
                    </issuelinks>
                <attachments>
                    </attachments>
                <subtasks>
                    </subtasks>
                <customfields>
                                                                                                                                                                                                                                                                                                                                                                                                                                                                                                                                                                                                                                                                                                                    <customfield id="customfield_12314020" key="com.atlassian.jira.plugins.jira-development-integration-plugin:devsummary">
                        <customfieldname>Development</customfieldname>
                        <customfieldvalues>
                            
                        </customfieldvalues>
                    </customfield>
                                                                                                                        <customfield id="customfield_12313422" key="com.atlassian.jirafisheyeplugin:jobcheckbox">
                        <customfieldname>Enable Automatic Patch Review</customfieldname>
                        <customfieldvalues>
                            <customfieldvalue>false</customfieldvalue>

                        </customfieldvalues>
                    </customfield>
                                                                                                                                                                                                                                                                                                                                                                                                                                                                                                                                                                                                                                                <customfield id="customfield_12310420" key="com.pyxis.greenhopper.jira:gh-global-rank">
                        <customfieldname>Global Rank</customfieldname>
                        <customfieldvalues>
                            <customfieldvalue>72054</customfieldvalue>
                        </customfieldvalues>
                    </customfield>
                                                                                                                                                                                                                                                                                                                                                                                                                                                                        <customfield id="customfield_12311820" key="com.pyxis.greenhopper.jira:gh-lexo-rank">
                        <customfieldname>Rank</customfieldname>
                        <customfieldvalues>
                            <customfieldvalue>0|i0kv1r:</customfieldvalue>

                        </customfieldvalues>
                    </customfield>
                                                                <customfield id="customfield_12310920" key="com.pyxis.greenhopper.jira:gh-global-rank">
                        <customfieldname>Rank (Obsolete)</customfieldname>
                        <customfieldvalues>
                            <customfieldvalue>119848</customfieldvalue>
                        </customfieldvalues>
                    </customfield>
                                                                                                                                                                                                                                                                                                                                                                                                                                                                                                                                                                                                                                                                                                                                                                                            </customfields>
    </item>


</channel>
</rss>