<rss version="0.92">
    <channel>
        <title>ASF JIRA</title>
        <link>https://issues.apache.org/jira/issues/?jql=project+%3D+NET+AND+type+%3D+bug+and+%28status+%3D+RESOLVED+or+status+%3D+closed%29</link>
        <description>An XML representation of a search request</description>
                <language>en-uk</language>
                        <issue start="0" end="464" total="464" />
                <build-info>
            <version>8.20.7</version>
            <build-number>820007</build-number>
            <build-date>16-03-2022</build-date>
        </build-info>

<item>
            <title>[NET-555] Support required for 3pp FTP client for java application</title>
                <link>https://issues.apache.org/jira/browse/NET-555</link>
                <project id="12310487" key="NET">Commons Net</project>
                    <description>&lt;p&gt;One of our product is using "Jakarta Commons Net Ftp 2.2 (apache) " 3pp FTP client for java application.&lt;/p&gt;

&lt;p&gt;But we are facing an issue with this 3pp ftp client when time stamp is being fetched for the files. It is returning 1 month and five and half hour old time than the original one.&lt;/p&gt;

&lt;p&gt;Could you please let us know whether this is a known issue in version 2.2.&lt;/p&gt;

&lt;p&gt;And also please let us know whether it is resolved in the later version of the product.&lt;/p&gt;</description>
                <environment />
        <key id="12743742">NET-555</key>
            <summary>Support required for 3pp FTP client for java application</summary>
                <type id="1" iconUrl="https://issues.apache.org/jira/secure/viewavatar?size=xsmall&amp;avatarId=21133&amp;avatarType=issuetype">Bug</type>
                                            <priority id="3" iconUrl="https://issues.apache.org/jira/images/icons/priorities/major.svg">Major</priority>
                        <status id="5" iconUrl="https://issues.apache.org/jira/images/icons/statuses/resolved.png" description="A resolution has been taken, and it is awaiting verification by reporter. From here issues are either reopened, or are closed.">Resolved</status>
                    <statusCategory id="3" key="done" colorName="green" />
                                    <resolution id="5">Cannot Reproduce</resolution>
                                        <assignee username="-1">Unassigned</assignee>
                                    <reporter username="vramana786">V RAMANA REDDY</reporter>
                        <labels>
                    </labels>
                <created>Wed, 24 Sep 2014 08:49:30 +0000</created>
                <updated>Wed, 7 Jan 2015 16:13:35 +0000</updated>
                            <resolved>Wed, 7 Jan 2015 16:13:35 +0000</resolved>
                                    <version>2.2</version>
                                                    <component>FTP</component>
                        <due />
                            <votes>0</votes>
                                    <watches>2</watches>
                                                                <comments>
                            <comment id="14147965" author="sebb@apache.org" created="Thu, 25 Sep 2014 17:02:06 +0000">&lt;p&gt;Version 2.2 is no longer supported.&lt;/p&gt;

&lt;p&gt;It's not clear what the problem is here, and without a test case it's impossible to say whether the problem is present in the current release or not.&lt;/p&gt;</comment>
                            <comment id="14148716" author="vramana786" created="Fri, 26 Sep 2014 04:16:28 +0000">&lt;p&gt;Hi Sebb,&lt;/p&gt;

&lt;p&gt;Thanks a lot.&lt;/p&gt;

&lt;p&gt;Our test case is to connect to a target server location and delete files which are older than 30 minutes.&lt;/p&gt;

&lt;p&gt;root@amazon&amp;gt; ls -lrt&lt;br/&gt;
total 17496&lt;br/&gt;
&lt;del&gt;rw-r&lt;/del&gt;&lt;del&gt;r&lt;/del&gt;-   1 root     root     4464128 Mar 31 10:24 ROPCRFILE-0000000003&lt;br/&gt;
&lt;del&gt;rw-r&lt;/del&gt;&lt;del&gt;r&lt;/del&gt;-   1 root     root     4464128 Apr 21 11:24 ROPCRFILE-0000000004&lt;br/&gt;
-rwxr-xr-x   1 root     root         512 Sep 21 11:24 ROPCRFILE-0000000222&lt;br/&gt;
&lt;del&gt;rw-r&lt;/del&gt;&lt;del&gt;r&lt;/del&gt;-   1 root     root       11264 Sep 26 08:16 ROPCRFILE-0000000223&lt;/p&gt;

&lt;p&gt;From the 'ls -ltr' ouput , the dates of creation of the files are visible.&lt;/p&gt;


&lt;p&gt;But when we are printing the FTPFile object retrived from listFiles of FTPClient ,the timestamp displayed is 1 month and 5.30 hrs older than the actual timestamp of the file.&lt;/p&gt;

&lt;p&gt;	FTPClient m_client=new FTPClient();&lt;br/&gt;
	                .&lt;br/&gt;
	                .&lt;br/&gt;
	                .&lt;br/&gt;
	final FTPFile[] files = m_client.listFiles(path);&lt;br/&gt;
      for (int i = 0; i &amp;lt; files.length; i++) {&lt;br/&gt;
        if (files&lt;span class="error"&gt;&amp;#91;i&amp;#93;&lt;/span&gt; != null &amp;amp;&amp;amp; !files&lt;span class="error"&gt;&amp;#91;i&amp;#93;&lt;/span&gt;.isDirectory()) &lt;/p&gt;
{
		 System.out.println("File Object is " + files[i]);
		 ....
		}
&lt;p&gt;	}&lt;/p&gt;

&lt;p&gt;	Output :&lt;/p&gt;

&lt;p&gt;    File Object is 31-02-14  04:54AM              4464128 ROPCRFILE-0000000003&lt;br/&gt;
    File Object is 21-03-14  05:54AM              4464128 ROPCRFILE-0000000004&lt;br/&gt;
    File Object is 21-08-14  05:54AM                  512 ROPCRFILE-0000000222&lt;br/&gt;
    File Object is 26-08-14  02:46AM                11264 ROPCRFILE-0000000223&lt;/p&gt;

&lt;p&gt;Also another issue observed is that for the file "ROPCRFILE-0000000003" , date is March 31 but in code the object returns 1 month old date modifying the same to February 31 which is an invalid date resulting in the getTimeStamp method of FTPFile returning NULL.&lt;/p&gt;

&lt;p&gt;Due to this erroneous timestamp , deletion of files are not happening as expected.&lt;/p&gt;

&lt;p&gt;Could you please help us in this regard by letting us know whether it got resolved in the later versions?&lt;/p&gt;

&lt;p&gt;Best Regards,&lt;br/&gt;
Ramana&lt;/p&gt;</comment>
                            <comment id="14148731" author="b.eckenfels" created="Fri, 26 Sep 2014 04:28:15 +0000">&lt;p&gt;It is probably faster if you try it yourself by upgrading the lib. We dont have your test environment.&lt;/p&gt;

&lt;p&gt;What is SYST reporting for that FTP Server? What is your (local) locale? Do you use defaultDateFormatString?&lt;/p&gt;</comment>
                            <comment id="14151406" author="vramana786" created="Mon, 29 Sep 2014 06:30:12 +0000">&lt;p&gt;Hi Bernd,&lt;/p&gt;

&lt;p&gt;SYST is windows (SYST_NT) on the target server.&lt;br/&gt;
Our server is unix.&lt;br/&gt;
We are using defaultDateFormatString as "conf.setDefaultDateFormatStr("dd-MM-yy HH:mma");"&lt;/p&gt;

&lt;p&gt;Best Regards,&lt;br/&gt;
Ramana&lt;/p&gt;</comment>
                            <comment id="14151592" author="sebb@apache.org" created="Mon, 29 Sep 2014 11:17:24 +0000">&lt;p&gt;What happens when you try using the current version of NET?&lt;/p&gt;</comment>
                            <comment id="14267805" author="sebb@apache.org" created="Wed, 7 Jan 2015 16:13:35 +0000">&lt;p&gt;If the FTP server supports MLSD you should use one of the &lt;tt&gt;mListDir&lt;/tt&gt; methods instead. MLSD returns timestamps in UTC.&lt;/p&gt;</comment>
                    </comments>
                    <attachments>
                    </attachments>
                <subtasks>
                    </subtasks>
                <customfields>
                                                                                                                                                                                                                                                                                                                                                                                                                                                                                                                                                                                                                                                                                                                    <customfield id="customfield_12314020" key="com.atlassian.jira.plugins.jira-development-integration-plugin:devsummary">
                        <customfieldname>Development</customfieldname>
                        <customfieldvalues>
                            
                        </customfieldvalues>
                    </customfield>
                                                                                                                        <customfield id="customfield_12313422" key="com.atlassian.jirafisheyeplugin:jobcheckbox">
                        <customfieldname>Enable Automatic Patch Review</customfieldname>
                        <customfieldvalues>
                            <customfieldvalue>false</customfieldvalue>

                        </customfieldvalues>
                    </customfield>
                                                                                                                                                                                                                                                                                                                                                                                                                                                                                                                                                                                                                                                <customfield id="customfield_12310420" key="com.pyxis.greenhopper.jira:gh-global-rank">
                        <customfieldname>Global Rank</customfieldname>
                        <customfieldvalues>
                            <customfieldvalue>9223372036854775807</customfieldvalue>
                        </customfieldvalues>
                    </customfield>
                                                                                                                                                                                                                                                                                                                                                                                                                                                                        <customfield id="customfield_12311820" key="com.pyxis.greenhopper.jira:gh-lexo-rank">
                        <customfieldname>Rank</customfieldname>
                        <customfieldvalues>
                            <customfieldvalue>0|i20fjj:</customfieldvalue>

                        </customfieldvalues>
                    </customfield>
                                                                <customfield id="customfield_12310920" key="com.pyxis.greenhopper.jira:gh-global-rank">
                        <customfieldname>Rank (Obsolete)</customfieldname>
                        <customfieldvalues>
                            <customfieldvalue>9223372036854775807</customfieldvalue>
                        </customfieldvalues>
                    </customfield>
                                                                                                                                                                                                                                                                                                                                                                                                                                                                                                                                                                                                                                                                                                                                                                                            </customfields>
    </item>


</channel>
</rss>