<rss version="0.92">
    <channel>
        <title>ASF JIRA</title>
        <link>https://issues.apache.org/jira/issues/?jql=project+%3D+NET+AND+type+%3D+bug+and+%28status+%3D+RESOLVED+or+status+%3D+closed%29</link>
        <description>An XML representation of a search request</description>
                <language>en-uk</language>
                        <issue start="0" end="464" total="464" />
                <build-info>
            <version>8.20.7</version>
            <build-number>820007</build-number>
            <build-date>16-03-2022</build-date>
        </build-info>

<item>
            <title>[NET-167] FTPClient.storeFile returns false in case the file is being transferred to some Windows machine</title>
                <link>https://issues.apache.org/jira/browse/NET-167</link>
                <project id="12310487" key="NET">Commons Net</project>
                    <description>&lt;p&gt;The method works perfectly in case I am transferring the file to a Linux/Unix machine. However if I am transferring a file to a windows machine the storeFile method returns false.&lt;br/&gt;
The code snippet:&lt;br/&gt;
File local = new File(localFile);&lt;br/&gt;
if (local.exists()){&lt;br/&gt;
          in = new FileInputStream(local);&lt;br/&gt;
          if (ftpSession.storeFile(remoteFile, in)) &lt;/p&gt;
{
                      System.out.println("file transferred");
             }
&lt;p&gt;             else&lt;/p&gt;
{
                      System.out.println("file cannot be transferred");
             }
&lt;p&gt;}&lt;/p&gt;

&lt;p&gt;The remoteFile and the the local fileName are correct. Still the storeFile method is returning false.&lt;/p&gt;</description>
                <environment>&lt;p&gt;Operating System: Windows&lt;/p&gt;</environment>
        <key id="12375028">NET-167</key>
            <summary>FTPClient.storeFile returns false in case the file is being transferred to some Windows machine</summary>
                <type id="1" iconUrl="https://issues.apache.org/jira/secure/viewavatar?size=xsmall&amp;avatarId=21133&amp;avatarType=issuetype">Bug</type>
                                            <priority id="2" iconUrl="https://issues.apache.org/jira/images/icons/priorities/critical.svg">Critical</priority>
                        <status id="6" iconUrl="https://issues.apache.org/jira/images/icons/statuses/closed.png" description="The issue is considered finished, the resolution is correct. Issues which are not closed can be reopened.">Closed</status>
                    <statusCategory id="3" key="done" colorName="green" />
                                    <resolution id="5">Cannot Reproduce</resolution>
                                        <assignee username="-1">Unassigned</assignee>
                                    <reporter username="shashi2309">shashidhar gaurav misra</reporter>
                        <labels>
                    </labels>
                <created>Tue, 31 Jul 2007 09:15:04 +0000</created>
                <updated>Sun, 17 Feb 2008 23:56:59 +0000</updated>
                            <resolved>Sun, 17 Feb 2008 23:56:59 +0000</resolved>
                                    <version>1.4</version>
                                    <fixVersion>1.5</fixVersion>
                                        <due />
                            <votes>0</votes>
                                    <watches>1</watches>
                                                                <comments>
                            <comment id="12526755" author="moberhuber" created="Wed, 12 Sep 2007 12:05:05 +0000">&lt;p&gt;What is the remote file name in your case?&lt;br/&gt;
What FTP server are you running on the Remote?&lt;br/&gt;
Can you send a console log of the FTP session:&lt;br/&gt;
    ftpClient.registerSpyStream(System.err);&lt;/p&gt;

&lt;p&gt;We're transferring files to various Windows FTP servers without problems with Commons Net 1.4.1 in the Eclipse DSDP-TM Project, see &lt;a href="http://www.eclipse.org/dsdp/tm/" class="external-link" target="_blank" rel="nofollow noopener"&gt;http://www.eclipse.org/dsdp/tm/&lt;/a&gt; &lt;br/&gt;
So far, we have transferred files correctly but only seen issues with various servers interpreting the Windows file system in different ways. The variants of pathes that the servers like, are&lt;br/&gt;
    C:\path\to\remote&lt;br/&gt;
    C:/path/to/remote&lt;br/&gt;
    /C:/path/to/remote&lt;br/&gt;
    /C/path/to/remote&lt;br/&gt;
also, some servers might be configured to not allow access outside the configured home directory, so they might fail with absolute path names (but allow relative ones).&lt;/p&gt;</comment>
                            <comment id="12569762" author="rwinston@eircom.net" created="Sun, 17 Feb 2008 23:56:59 +0000">&lt;p&gt;Need more detail&lt;/p&gt;</comment>
                    </comments>
                    <attachments>
                    </attachments>
                <subtasks>
                    </subtasks>
                <customfields>
                                                                                                                                                                                                                                                                                                                                                                                                                                                                                                                                                                                                                                                                                                                    <customfield id="customfield_12314020" key="com.atlassian.jira.plugins.jira-development-integration-plugin:devsummary">
                        <customfieldname>Development</customfieldname>
                        <customfieldvalues>
                            
                        </customfieldvalues>
                    </customfield>
                                                                                                                        <customfield id="customfield_12313422" key="com.atlassian.jirafisheyeplugin:jobcheckbox">
                        <customfieldname>Enable Automatic Patch Review</customfieldname>
                        <customfieldvalues>
                            <customfieldvalue>false</customfieldvalue>

                        </customfieldvalues>
                    </customfield>
                                                                                                                                                                                                                                                                                                                                                                                                                                                                                                                                                                                                                                                <customfield id="customfield_12310420" key="com.pyxis.greenhopper.jira:gh-global-rank">
                        <customfieldname>Global Rank</customfieldname>
                        <customfieldvalues>
                            <customfieldvalue>154501</customfieldvalue>
                        </customfieldvalues>
                    </customfield>
                                                                                                                                                                                                                                                                                                                                                                                                                                                                        <customfield id="customfield_12311820" key="com.pyxis.greenhopper.jira:gh-lexo-rank">
                        <customfieldname>Rank</customfieldname>
                        <customfieldvalues>
                            <customfieldvalue>0|i0ycbz:</customfieldvalue>

                        </customfieldvalues>
                    </customfield>
                                                                <customfield id="customfield_12310920" key="com.pyxis.greenhopper.jira:gh-global-rank">
                        <customfieldname>Rank (Obsolete)</customfieldname>
                        <customfieldvalues>
                            <customfieldvalue>198467</customfieldvalue>
                        </customfieldvalues>
                    </customfield>
                                                                                                                                                                                                                                                                                                                                                                                                                                                                                                                                                                                                                                                                                                                                                                                            </customfields>
    </item>


</channel>
</rss>