<rss version="0.92">
    <channel>
        <title>ASF JIRA</title>
        <link>https://issues.apache.org/jira/issues/?jql=project+%3D+NET+AND+type+%3D+bug+and+%28status+%3D+RESOLVED+or+status+%3D+closed%29</link>
        <description>An XML representation of a search request</description>
                <language>en-uk</language>
                        <issue start="0" end="464" total="464" />
                <build-info>
            <version>8.20.7</version>
            <build-number>820007</build-number>
            <build-date>16-03-2022</build-date>
        </build-info>

<item>
            <title>[NET-250] DefaultFTPFileEntryParserFactory Does not work with Netware FTP server returning "NETWARE TYPE: L8"</title>
                <link>https://issues.apache.org/jira/browse/NET-250</link>
                <project id="12310487" key="NET">Commons Net</project>
                    <description>&lt;p&gt;We have just being trying to upgrade from the old NetComponents-1.3.8 to the new apache commons-net-2.0  The only thing we really needed to do is to change some imports and our project compiled.&lt;/p&gt;

&lt;p&gt;The problem is that listFiles does not work any more with our netware ftp server! I have done some debugging and found that the problem is when creating a FTPFileEntryParser from the class DefaultFTPFileEntryParserFactory it returns a Unix entry parser due the code:&lt;/p&gt;

&lt;div class="code panel" style="border-width: 1px;"&gt;&lt;div class="codeContent panelContent"&gt;
&lt;pre class="code-java"&gt;            &lt;span class="code-keyword"&gt;if&lt;/span&gt; ((ukey.indexOf(FTPClientConfig.SYST_UNIX) &amp;gt;= 0) 
	            		|| (ukey.indexOf(FTPClientConfig.SYST_L8) &amp;gt;= 0))
	            {
	                parser = createUnixFTPEntryParser();
	            }
&lt;/pre&gt;
&lt;/div&gt;&lt;/div&gt;

&lt;p&gt;I understand that the SYST_L8 is used to identify that the system is unknown and so per default takes the UNIX server, however our FTP server returns "NETWARE TYPE: L8" and should really be identified as a netware server. maybe this L8 test could be done at the end of these massive if, else statements?&lt;/p&gt;

&lt;p&gt;In the meanwhile i have created by own FTPFileEntryParserFactory which does this and it works. The question is, is it a bug and should this change also be done in the commons?&lt;/p&gt;</description>
                <environment />
        <key id="12410966">NET-250</key>
            <summary>DefaultFTPFileEntryParserFactory Does not work with Netware FTP server returning "NETWARE TYPE: L8"</summary>
                <type id="1" iconUrl="https://issues.apache.org/jira/secure/viewavatar?size=xsmall&amp;avatarId=21133&amp;avatarType=issuetype">Bug</type>
                                            <priority id="3" iconUrl="https://issues.apache.org/jira/images/icons/priorities/major.svg">Major</priority>
                        <status id="6" iconUrl="https://issues.apache.org/jira/images/icons/statuses/closed.png" description="The issue is considered finished, the resolution is correct. Issues which are not closed can be reopened.">Closed</status>
                    <statusCategory id="3" key="done" colorName="green" />
                                    <resolution id="1">Fixed</resolution>
                                        <assignee username="-1">Unassigned</assignee>
                                    <reporter username="codefiddler">James Hayes</reporter>
                        <labels>
                    </labels>
                <created>Thu, 18 Dec 2008 13:07:26 +0000</created>
                <updated>Fri, 15 Oct 2010 09:20:39 +0000</updated>
                            <resolved>Thu, 5 Feb 2009 00:26:15 +0000</resolved>
                                                    <fixVersion>2.2</fixVersion>
                                        <due />
                            <votes>0</votes>
                                    <watches>1</watches>
                                                                <comments>
                            <comment id="12666004" author="jukkaz" created="Wed, 21 Jan 2009 23:18:19 +0000">&lt;p&gt;This was filed as &lt;a href="https://issues.apache.org/jira/browse/NET-250" title="DefaultFTPFileEntryParserFactory Does not work with Netware FTP server returning &amp;quot;NETWARE TYPE: L8&amp;quot;" class="issue-link" data-issue-key="NET-250"&gt;&lt;del&gt;IO-188&lt;/del&gt;&lt;/a&gt;, but I moved this to &lt;a href="https://issues.apache.org/jira/browse/NET-250" title="DefaultFTPFileEntryParserFactory Does not work with Netware FTP server returning &amp;quot;NETWARE TYPE: L8&amp;quot;" class="issue-link" data-issue-key="NET-250"&gt;&lt;del&gt;NET-250&lt;/del&gt;&lt;/a&gt; since this is apparently a commons-net issue.&lt;/p&gt;</comment>
                            <comment id="12666478" author="rwinston@eircom.net" created="Fri, 23 Jan 2009 10:59:45 +0000">&lt;p&gt;Hi&lt;/p&gt;

&lt;p&gt;You are correct - this should be alleviated by changing the order of the comparisons. I will move the L8 check to the end, which should allow more specific cases to be picked up first.&lt;/p&gt;</comment>
                            <comment id="12670579" author="rwinston@eircom.net" created="Thu, 5 Feb 2009 00:26:15 +0000">&lt;p&gt;Fixed.&lt;/p&gt;</comment>
                    </comments>
                    <attachments>
                    </attachments>
                <subtasks>
                    </subtasks>
                <customfields>
                                                                                                                                                                                                                                                                                                                                                                                                                                                                                                                                                                                                                                                                                                                    <customfield id="customfield_12314020" key="com.atlassian.jira.plugins.jira-development-integration-plugin:devsummary">
                        <customfieldname>Development</customfieldname>
                        <customfieldvalues>
                            
                        </customfieldvalues>
                    </customfield>
                                                                                                                        <customfield id="customfield_12313422" key="com.atlassian.jirafisheyeplugin:jobcheckbox">
                        <customfieldname>Enable Automatic Patch Review</customfieldname>
                        <customfieldvalues>
                            <customfieldvalue>false</customfieldvalue>

                        </customfieldvalues>
                    </customfield>
                                                                                                                                                                                                                                                                                                                                                                                                                                                                                                                                                                                                                                                <customfield id="customfield_12310420" key="com.pyxis.greenhopper.jira:gh-global-rank">
                        <customfieldname>Global Rank</customfieldname>
                        <customfieldvalues>
                            <customfieldvalue>154565</customfieldvalue>
                        </customfieldvalues>
                    </customfield>
                                                                                                                                                                                                                                                                                                                                                                                                                                                                        <customfield id="customfield_12311820" key="com.pyxis.greenhopper.jira:gh-lexo-rank">
                        <customfieldname>Rank</customfieldname>
                        <customfieldvalues>
                            <customfieldvalue>0|i0l3zb:</customfieldvalue>

                        </customfieldvalues>
                    </customfield>
                                                                <customfield id="customfield_12310920" key="com.pyxis.greenhopper.jira:gh-global-rank">
                        <customfieldname>Rank (Obsolete)</customfieldname>
                        <customfieldvalues>
                            <customfieldvalue>121295</customfieldvalue>
                        </customfieldvalues>
                    </customfield>
                                                                                                                                                                                                                                                                                                                                                                                                                                                                                                                                                                                                                                                                                                                                                                                            </customfields>
    </item>


</channel>
</rss>