<rss version="0.92">
    <channel>
        <title>ASF JIRA</title>
        <link>https://issues.apache.org/jira/issues/?jql=project+%3D+NET+AND+type+%3D+bug+and+%28status+%3D+RESOLVED+or+status+%3D+closed%29</link>
        <description>An XML representation of a search request</description>
                <language>en-uk</language>
                        <issue start="0" end="464" total="464" />
                <build-info>
            <version>8.20.7</version>
            <build-number>820007</build-number>
            <build-date>16-03-2022</build-date>
        </build-info>

<item>
            <title>[NET-3] [net][PATCH] TelnetInputStream.read sometimes hangs if reader thread is disabled</title>
                <link>https://issues.apache.org/jira/browse/NET-3</link>
                <project id="12310487" key="NET">Commons Net</project>
                    <description>&lt;p&gt;I'm trying to use TelnetClient with the reader thread disabled because I don't &lt;br/&gt;
want socket timeouts to fire during planned periods of inactivity (&lt;a href="https://issues.apache.org/jira/browse/NET-30" title="FTPClient deals badly with adverse network conditions" class="issue-link" data-issue-key="NET-30"&gt;&lt;del&gt;COM-1554&lt;/del&gt;&lt;/a&gt;).&lt;/p&gt;

&lt;p&gt;But when the thread is disabled, I'm finding that TelnetInputStream.read &lt;br/&gt;
occassionally hangs when I try to read output from the server.&lt;br/&gt;
The problem appears to be the first while loop in __processChar, which looks &lt;br/&gt;
like this:&lt;/p&gt;

&lt;p&gt;synchronized (__queue)&lt;br/&gt;
{&lt;br/&gt;
  while (__bytesAvailable &amp;gt;= __queue.length - 1)&lt;br/&gt;
  {&lt;br/&gt;
    if(__threaded)&lt;br/&gt;
    {&lt;br/&gt;
      __queue.notify();&lt;br/&gt;
      try&lt;/p&gt;
      {
        __queue.wait();
      }
&lt;p&gt;      catch (InterruptedException e)&lt;/p&gt;
      {
        throw e;
      }
&lt;p&gt;    }&lt;br/&gt;
  ...&lt;br/&gt;
}&lt;/p&gt;

&lt;p&gt;If you get into this loop and the threaded flag is false, you are stuck &lt;br/&gt;
forever. That's what's happening in my case. If I suspend the thread, I can &lt;br/&gt;
see that (_&lt;em&gt;bytesAvailable) is 2048 and (&lt;/em&gt;_queue.length -&lt;br/&gt;
1) is also 2048, so it's an infinite loop.&lt;/p&gt;

&lt;p&gt;I'm not sure what triggers this, but it seems to happen most often when there &lt;br/&gt;
is a pause in server output or a pause before I initiate the next read.&lt;/p&gt;</description>
                <environment>&lt;p&gt;Operating System: Windows XP&lt;br/&gt;
Platform: PC&lt;/p&gt;</environment>
        <key id="12342928">NET-3</key>
            <summary>[net][PATCH] TelnetInputStream.read sometimes hangs if reader thread is disabled</summary>
                <type id="1" iconUrl="https://issues.apache.org/jira/secure/viewavatar?size=xsmall&amp;avatarId=21133&amp;avatarType=issuetype">Bug</type>
                                            <priority id="3" iconUrl="https://issues.apache.org/jira/images/icons/priorities/major.svg">Major</priority>
                        <status id="6" iconUrl="https://issues.apache.org/jira/images/icons/statuses/closed.png" description="The issue is considered finished, the resolution is correct. Issues which are not closed can be reopened.">Closed</status>
                    <statusCategory id="3" key="done" colorName="green" />
                                    <resolution id="1">Fixed</resolution>
                                        <assignee username="-1">Unassigned</assignee>
                                    <reporter username="rhasselbaum@alumni.ithaca.edu">Rob Hasselbaum</reporter>
                        <labels>
                    </labels>
                <created>Fri, 17 Feb 2006 07:47:23 +0000</created>
                <updated>Thu, 20 Sep 2007 05:24:32 +0000</updated>
                            <resolved>Thu, 20 Sep 2007 05:24:32 +0000</resolved>
                                                                        <due />
                            <votes>2</votes>
                                    <watches>3</watches>
                                                                <comments>
                            <comment id="12411478" author="rhasselbaum@alumni.ithaca.edu" created="Fri, 17 Feb 2006 23:52:29 +0000">&lt;p&gt;Note that the code snippet in the description is missing the closing brace of &lt;br/&gt;
the "while" loop. It occurs right after the "if(__threaded)" block.&lt;/p&gt;</comment>
                            <comment id="12411479" author="dfs@apache.org" created="Fri, 24 Feb 2006 04:44:48 +0000">&lt;p&gt;I tried adding Bruno D'Avanzo to the cc list unsuccessfully as this appears to&lt;br/&gt;
be related to code he wrote and he may know better why it's written the way it&lt;br/&gt;
is. He may have gone inactive.  I'll try to find his non-apache.org email&lt;br/&gt;
address. Unfortunately, I don't have enough spare cycles right now to&lt;br/&gt;
investigate this &lt;img class="emoticon" src="https://issues.apache.org/jira/images/icons/emoticons/sad.png" height="16" width="16" align="absmiddle" alt="" border="0"/&gt;&lt;/p&gt;</comment>
                            <comment id="12411480" author="m_siddu@yahoo.com" created="Thu, 2 Mar 2006 18:48:53 +0000">&lt;p&gt;I too have experienced the same problem... any solutions for this?&lt;/p&gt;</comment>
                            <comment id="12411481" author="rhasselbaum@alumni.ithaca.edu" created="Tue, 7 Mar 2006 03:12:31 +0000">&lt;p&gt;Does anyone have knowledge of this code?&lt;/p&gt;

&lt;p&gt;I am willing to put time into a patch, but the documentation for the class is &lt;br/&gt;
VERY sparse. I'm afraid I'll just end up breaking it more.&lt;/p&gt;</comment>
                            <comment id="12411482" author="rhasselbaum@alumni.ithaca.edu" created="Thu, 16 Mar 2006 06:17:34 +0000">&lt;p&gt;Created an attachment (id=17905)&lt;br/&gt;
Proposed patch for hanging read bug&lt;/p&gt;</comment>
                            <comment id="12411483" author="rhasselbaum@alumni.ithaca.edu" created="Thu, 16 Mar 2006 06:44:38 +0000">&lt;p&gt;I believe what's happening is the buffer (queue) fills up and there is still&lt;br/&gt;
more data to be read from the socket. When this happens in threaded mode, the&lt;br/&gt;
reader thread waits in __processChar, giving the consumer thread a chance to&lt;br/&gt;
drain the buffer. That seems to work fine.&lt;/p&gt;

&lt;p&gt;When threaded mode is disabled, however, we need to stop collecting data from&lt;br/&gt;
the socket and return some of what we have so far to the caller. In other words,&lt;br/&gt;
we shouldn't read any more from the socket or call __processChar unless there is&lt;br/&gt;
still room left in the queue to hold new data.&lt;/p&gt;

&lt;p&gt;I've submitted a patch that I think fixes the problem. But since I'm unfamiliar&lt;br/&gt;
with this code (and this is my first Commons contribution), please take a close&lt;br/&gt;
look! &lt;/p&gt;

&lt;p&gt;Basically, what I've done is add a check in read() to the while loop that was&lt;br/&gt;
adding data to the queue for non-threaded mode. If the queue is full, the loop&lt;br/&gt;
will terminate now. I also added a safety check to the code in __processChar&lt;br/&gt;
that will throw an IllegalStateException if it is called in non-threaded mode&lt;br/&gt;
and the queue is full. That should never happen.&lt;/p&gt;

&lt;p&gt;All unit tests pass, and the new code prevented hangs in my ad hoc tests. I&lt;br/&gt;
tested it by submitting a command via Telnet to a host that causes it to respond&lt;br/&gt;
with a lot of data (e.g. "cat somebigtextfile.txt"). Then I put the client&lt;br/&gt;
thread to sleep for a few seconds before trying to read any of the response.&lt;br/&gt;
This consistently caused a hang with the old code, but not with the patch.&lt;/p&gt;</comment>
                            <comment id="12411484" author="dfs@apache.org" created="Sun, 23 Apr 2006 23:59:06 +0000">&lt;p&gt;Applied patch.  Thanks Rob.&lt;/p&gt;</comment>
                            <comment id="12526756" author="moberhuber" created="Wed, 12 Sep 2007 12:07:09 +0000">&lt;p&gt;It looks like this patch has been applied for an "1.4.x" version of Commons Net,&lt;br/&gt;
but I cannot find such a released version anywhere.&lt;/p&gt;

&lt;p&gt;How can I get a version of Commons Net that's compatible with 1.4.1 but has the patch?&lt;br/&gt;
Are there any plans for releasing 1.4.2 or 1.5?&lt;br/&gt;
FYI, at Eclipse DSDP-TM (&lt;a href="http://www.eclipse.org/dsdp/tm" class="external-link" target="_blank" rel="nofollow noopener"&gt;http://www.eclipse.org/dsdp/tm&lt;/a&gt;) we're tracking this as&lt;br/&gt;
&lt;a href="https://bugs.eclipse.org/bugs/show_bug.cgi?id=202758" class="external-link" target="_blank" rel="nofollow noopener"&gt;https://bugs.eclipse.org/bugs/show_bug.cgi?id=202758&lt;/a&gt;&lt;/p&gt;</comment>
                            <comment id="12528956" author="erabe" created="Thu, 20 Sep 2007 00:20:02 +0000">&lt;p&gt;It also appears to be possible to run into this bug in threaded mode.  It is possible for the close method to set the threaded state to false while the reader is still active.  Under these circumstances the same infinite loop is invoked.  I am also curious when the next build will be happening so I can see if the patch fixes this situation as well.&lt;/p&gt;</comment>
                            <comment id="12528978" author="rwinston@eircom.net" created="Thu, 20 Sep 2007 05:11:07 +0000">&lt;p&gt;You can try the prerelease at&lt;/p&gt;

&lt;p&gt;&lt;a href="http://people.apache.org/~rwinston/commons-net-2.0/" class="external-link" target="_blank" rel="nofollow noopener"&gt;http://people.apache.org/~rwinston/commons-net-2.0/&lt;/a&gt;&lt;/p&gt;</comment>
                            <comment id="12528979" author="bayard" created="Thu, 20 Sep 2007 05:24:32 +0000">&lt;p&gt;Reclosing so it gets marked as Fixed. Jira migration bug.&lt;/p&gt;</comment>
                    </comments>
                    <attachments>
                            <attachment id="12334036" name="ASF.LICENSE.NOT.GRANTED--hanging_read_fix.patch" size="1741" author="rhasselbaum@alumni.ithaca.edu" created="Thu, 16 Mar 2006 06:17:34 +0000" />
                    </attachments>
                <subtasks>
                    </subtasks>
                <customfields>
                                                                                                                                                                                                                                                                                                                                                                                                                                                                                                                                                                                                    <customfield id="customfield_10010" key="com.atlassian.jira.plugin.system.customfieldtypes:importid">
                        <customfieldname>Bugzilla Id</customfieldname>
                        <customfieldvalues>
                            <customfieldvalue>38688</customfieldvalue>
                        </customfieldvalues>
                    </customfield>
                                                                                                                                                    <customfield id="customfield_12314020" key="com.atlassian.jira.plugins.jira-development-integration-plugin:devsummary">
                        <customfieldname>Development</customfieldname>
                        <customfieldvalues>
                            
                        </customfieldvalues>
                    </customfield>
                                                                                                                        <customfield id="customfield_12313422" key="com.atlassian.jirafisheyeplugin:jobcheckbox">
                        <customfieldname>Enable Automatic Patch Review</customfieldname>
                        <customfieldvalues>
                            <customfieldvalue>false</customfieldvalue>

                        </customfieldvalues>
                    </customfield>
                                                                                                                                                                                                                                                                                                                                                                                                                                                                                                                                                                                                                                                <customfield id="customfield_12310420" key="com.pyxis.greenhopper.jira:gh-global-rank">
                        <customfieldname>Global Rank</customfieldname>
                        <customfieldvalues>
                            <customfieldvalue>154344</customfieldvalue>
                        </customfieldvalues>
                    </customfield>
                                                                                                                                                                                                                                                                                                                                                                                                                                                                        <customfield id="customfield_12311820" key="com.pyxis.greenhopper.jira:gh-lexo-rank">
                        <customfieldname>Rank</customfieldname>
                        <customfieldvalues>
                            <customfieldvalue>0|i0lpqv:</customfieldvalue>

                        </customfieldvalues>
                    </customfield>
                                                                <customfield id="customfield_12310920" key="com.pyxis.greenhopper.jira:gh-global-rank">
                        <customfieldname>Rank (Obsolete)</customfieldname>
                        <customfieldvalues>
                            <customfieldvalue>124822</customfieldvalue>
                        </customfieldvalues>
                    </customfield>
                                                                                                                                                                                                                                                                                                                                                                                                                                                                                                                                                                                                                                                                                                                                                                                            </customfields>
    </item>


</channel>
</rss>