<rss version="0.92">
    <channel>
        <title>ASF JIRA</title>
        <link>https://issues.apache.org/jira/issues/?jql=project+%3D+NET+AND+type+%3D+bug+and+%28status+%3D+RESOLVED+or+status+%3D+closed%29</link>
        <description>An XML representation of a search request</description>
                <language>en-uk</language>
                        <issue start="0" end="464" total="464" />
                <build-info>
            <version>8.20.7</version>
            <build-number>820007</build-number>
            <build-date>16-03-2022</build-date>
        </build-info>

<item>
            <title>[NET-614] IMAP fails to quote/encode mailbox names</title>
                <link>https://issues.apache.org/jira/browse/NET-614</link>
                <project id="12310487" key="NET">Commons Net</project>
                    <description>&lt;p&gt;Mailbox names need to be quoted if they contain spaces or double-quote.&lt;/p&gt;

&lt;p&gt;If they contain non-ASCII characters then they also need to be encoded &lt;span class="error"&gt;&amp;#91;1&amp;#93;&lt;/span&gt;&lt;/p&gt;

&lt;p&gt;There may be other parameters that are not being encoded/quoted correctly.&lt;/p&gt;

&lt;p&gt;&lt;span class="error"&gt;&amp;#91;1&amp;#93;&lt;/span&gt; &lt;a href="https://tools.ietf.org/html/rfc3501#section-5.1.3" class="external-link" target="_blank" rel="nofollow noopener"&gt;https://tools.ietf.org/html/rfc3501#section-5.1.3&lt;/a&gt;&lt;/p&gt;</description>
                <environment />
        <key id="13042604">NET-614</key>
            <summary>IMAP fails to quote/encode mailbox names</summary>
                <type id="1" iconUrl="https://issues.apache.org/jira/secure/viewavatar?size=xsmall&amp;avatarId=21133&amp;avatarType=issuetype">Bug</type>
                                            <priority id="3" iconUrl="https://issues.apache.org/jira/images/icons/priorities/major.svg">Major</priority>
                        <status id="5" iconUrl="https://issues.apache.org/jira/images/icons/statuses/resolved.png" description="A resolution has been taken, and it is awaiting verification by reporter. From here issues are either reopened, or are closed.">Resolved</status>
                    <statusCategory id="3" key="done" colorName="green" />
                                    <resolution id="1">Fixed</resolution>
                                        <assignee username="-1">Unassigned</assignee>
                                    <reporter username="sebb">Sebb</reporter>
                        <labels>
                    </labels>
                <created>Mon, 13 Feb 2017 16:27:16 +0000</created>
                <updated>Fri, 5 Oct 2018 19:40:52 +0000</updated>
                            <resolved>Fri, 5 Oct 2018 19:40:52 +0000</resolved>
                                    <version>3.6</version>
                                                    <component>IMAP</component>
                        <due />
                            <votes>0</votes>
                                    <watches>0</watches>
                                                                <comments>
                            <comment id="15866184" author="sebb@apache.org" created="Tue, 14 Feb 2017 17:28:21 +0000">&lt;p&gt;Also note that double-quotes and backslash need to be escaped in quoted strings. &lt;span class="error"&gt;&amp;#91;2&amp;#93;&lt;/span&gt;&lt;/p&gt;

&lt;p&gt;Care must be taken when fixing this to avoid breaking applications that don't expect NET to adjust the parameter, and which therefore do the quoting/encoding themselves.&lt;/p&gt;

&lt;p&gt;The simplest might be to provide a separate method for processing the mailbox name which applications need to call before passing the name to a method that takes a mailbox name parameter.&lt;/p&gt;

&lt;p&gt;However this would be awkard to use, so the code can perhaps be updated to do the processing automatically, at least common cases.&lt;/p&gt;

&lt;p&gt;If the input string is not enclosed in quotes, then clearly it has not been quoted, and so it is safe to do so if neccesary.&lt;br/&gt;
Likewise if the input contains non-ASCII characters it cannot have been encoded.&lt;/p&gt;

&lt;p&gt;However in general it's not possible to determine if a string has been encoded and/or quoted.&lt;br/&gt;
This is because the process of quoting and encoding generates a string which passes the tests for a valid mailbox name.&lt;/p&gt;

&lt;p&gt;&lt;span class="error"&gt;&amp;#91;2&amp;#93;&lt;/span&gt; &lt;a href="https://tools.ietf.org/html/rfc2683#section-3.4.2" class="external-link" target="_blank" rel="nofollow noopener"&gt;https://tools.ietf.org/html/rfc2683#section-3.4.2&lt;/a&gt;&lt;/p&gt;</comment>
                            <comment id="16640263" author="sebb@apache.org" created="Fri, 5 Oct 2018 19:40:52 +0000">&lt;p&gt;URL: &lt;a href="http://svn.apache.org/viewvc?rev=1842969&amp;amp;view=rev" class="external-link" target="_blank" rel="nofollow noopener"&gt;http://svn.apache.org/viewvc?rev=1842969&amp;amp;view=rev&lt;/a&gt;&lt;br/&gt;
Log:&lt;br/&gt;
&lt;a href="https://issues.apache.org/jira/browse/NET-614" title="IMAP fails to quote/encode mailbox names" class="issue-link" data-issue-key="NET-614"&gt;&lt;del&gt;NET-614&lt;/del&gt;&lt;/a&gt; IMAP fails to quote/encode mailbox names...&lt;/p&gt;

&lt;p&gt;URL: &lt;a href="http://svn.apache.org/viewvc?rev=1842972&amp;amp;view=rev" class="external-link" target="_blank" rel="nofollow noopener"&gt;http://svn.apache.org/viewvc?rev=1842972&amp;amp;view=rev&lt;/a&gt;&lt;br/&gt;
Log:&lt;br/&gt;
&lt;a href="https://issues.apache.org/jira/browse/NET-614" title="IMAP fails to quote/encode mailbox names" class="issue-link" data-issue-key="NET-614"&gt;&lt;del&gt;NET-614&lt;/del&gt;&lt;/a&gt; IMAP fails to quote/encode mailbox names&lt;br/&gt;
More commands with mailbox name parameters&lt;/p&gt;</comment>
                    </comments>
                <issuelinks>
                            <issuelinktype id="10030">
                    <name>Reference</name>
                                                                <inwardlinks description="is related to">
                                        <issuelink>
            <issuekey id="13043371">NET-615</issuekey>
        </issuelink>
                            </inwardlinks>
                                    </issuelinktype>
                    </issuelinks>
                <attachments>
                    </attachments>
                <subtasks>
                    </subtasks>
                <customfields>
                                                                                                                                                                                                                                                                                                                                                                                                                                                                                                                                                                                                                                                                                                                    <customfield id="customfield_12314020" key="com.atlassian.jira.plugins.jira-development-integration-plugin:devsummary">
                        <customfieldname>Development</customfieldname>
                        <customfieldvalues>
                            
                        </customfieldvalues>
                    </customfield>
                                                                                                                        <customfield id="customfield_12313422" key="com.atlassian.jirafisheyeplugin:jobcheckbox">
                        <customfieldname>Enable Automatic Patch Review</customfieldname>
                        <customfieldvalues>
                            <customfieldvalue>false</customfieldvalue>

                        </customfieldvalues>
                    </customfield>
                                                                                                                                                                                                                                                                                                                                                                                                                                                                                                                                                                                                                                                <customfield id="customfield_12310420" key="com.pyxis.greenhopper.jira:gh-global-rank">
                        <customfieldname>Global Rank</customfieldname>
                        <customfieldvalues>
                            <customfieldvalue>9223372036854775807</customfieldvalue>
                        </customfieldvalues>
                    </customfield>
                                                                                                                                                                                                                                                                                                                                                                                                                                                                        <customfield id="customfield_12311820" key="com.pyxis.greenhopper.jira:gh-lexo-rank">
                        <customfieldname>Rank</customfieldname>
                        <customfieldvalues>
                            <customfieldvalue>0|i3a027:</customfieldvalue>

                        </customfieldvalues>
                    </customfield>
                                                                <customfield id="customfield_12310920" key="com.pyxis.greenhopper.jira:gh-global-rank">
                        <customfieldname>Rank (Obsolete)</customfieldname>
                        <customfieldvalues>
                            <customfieldvalue>9223372036854775807</customfieldvalue>
                        </customfieldvalues>
                    </customfield>
                                                                                                                                                                                                                                                                                                                                                                                                                                                                                                                                                                                                                                                                                                                                                                                            </customfields>
    </item>


</channel>
</rss>