<rss version="0.92">
    <channel>
        <title>ASF JIRA</title>
        <link>https://issues.apache.org/jira/issues/?jql=project+%3D+NET+AND+type+%3D+bug+and+%28status+%3D+RESOLVED+or+status+%3D+closed%29</link>
        <description>An XML representation of a search request</description>
                <language>en-uk</language>
                        <issue start="0" end="464" total="464" />
                <build-info>
            <version>8.20.7</version>
            <build-number>820007</build-number>
            <build-date>16-03-2022</build-date>
        </build-info>

<item>
            <title>[NET-618] System Information Leak in ftp parser</title>
                <link>https://issues.apache.org/jira/browse/NET-618</link>
                <project id="12310487" key="NET">Commons Net</project>
                    <description>&lt;p&gt;Exception is printed to console in src/main/java/org/apache/commons/net/ftp/parser/MVSFTPEntryParser.java which can leak system information:&lt;/p&gt;
&lt;div class="code panel" style="border-width: 1px;"&gt;&lt;div class="codeContent panelContent"&gt;
&lt;pre class="code-java"&gt;    &lt;span class="code-keyword"&gt;private&lt;/span&gt; &lt;span class="code-object"&gt;boolean&lt;/span&gt; parseMemberList(FTPFile file, &lt;span class="code-object"&gt;String&lt;/span&gt; entry) {
        &lt;span class="code-keyword"&gt;if&lt;/span&gt; (matches(entry)) {
            file.setRawListing(entry);
            &lt;span class="code-object"&gt;String&lt;/span&gt; name = group(1);
            &lt;span class="code-object"&gt;String&lt;/span&gt; datestr = group(2) + &lt;span class="code-quote"&gt;" "&lt;/span&gt; + group(3);
            file.setName(name);
            file.setType(FTPFile.FILE_TYPE);
            &lt;span class="code-keyword"&gt;try&lt;/span&gt; {
                file.setTimestamp(&lt;span class="code-keyword"&gt;super&lt;/span&gt;.parseTimestamp(datestr));
            } &lt;span class="code-keyword"&gt;catch&lt;/span&gt; (ParseException e) {
                e.printStackTrace();
                &lt;span class="code-comment"&gt;// just ignore parsing errors.
&lt;/span&gt;                &lt;span class="code-comment"&gt;// TODO check &lt;span class="code-keyword"&gt;this&lt;/span&gt; is ok
&lt;/span&gt;                &lt;span class="code-keyword"&gt;return&lt;/span&gt; &lt;span class="code-keyword"&gt;false&lt;/span&gt;; &lt;span class="code-comment"&gt;// &lt;span class="code-keyword"&gt;this&lt;/span&gt; is a parsing failure too.
&lt;/span&gt;            }
            &lt;span class="code-keyword"&gt;return&lt;/span&gt; &lt;span class="code-keyword"&gt;true&lt;/span&gt;;
        }

        &lt;span class="code-keyword"&gt;return&lt;/span&gt; &lt;span class="code-keyword"&gt;false&lt;/span&gt;;
    }
&lt;/pre&gt;
&lt;/div&gt;&lt;/div&gt;
</description>
                <environment />
        <key id="13046980">NET-618</key>
            <summary>System Information Leak in ftp parser</summary>
                <type id="1" iconUrl="https://issues.apache.org/jira/secure/viewavatar?size=xsmall&amp;avatarId=21133&amp;avatarType=issuetype">Bug</type>
                                            <priority id="4" iconUrl="https://issues.apache.org/jira/images/icons/priorities/minor.svg">Minor</priority>
                        <status id="6" iconUrl="https://issues.apache.org/jira/images/icons/statuses/closed.png" description="The issue is considered finished, the resolution is correct. Issues which are not closed can be reopened.">Closed</status>
                    <statusCategory id="3" key="done" colorName="green" />
                                    <resolution id="1">Fixed</resolution>
                                        <assignee username="-1">Unassigned</assignee>
                                    <reporter username="dkwakkel">Donald Kwakkel</reporter>
                        <labels>
                    </labels>
                <created>Tue, 28 Feb 2017 14:00:26 +0000</created>
                <updated>Thu, 6 Aug 2020 12:27:24 +0000</updated>
                            <resolved>Tue, 28 Feb 2017 21:22:14 +0000</resolved>
                                    <version>3.6</version>
                                    <fixVersion>3.7</fixVersion>
                                    <component>FTP</component>
                        <due />
                            <votes>0</votes>
                                    <watches>1</watches>
                                                                <comments>
                            <comment id="15888889" author="sebb@apache.org" created="Tue, 28 Feb 2017 21:22:14 +0000">&lt;p&gt;Thanks for the report - probably left-over debug&lt;/p&gt;

&lt;p&gt;URL: &lt;a href="http://svn.apache.org/viewvc?rev=1784819&amp;amp;view=rev" class="external-link" target="_blank" rel="nofollow noopener"&gt;http://svn.apache.org/viewvc?rev=1784819&amp;amp;view=rev&lt;/a&gt;&lt;br/&gt;
Log:&lt;br/&gt;
&lt;a href="https://issues.apache.org/jira/browse/NET-618" title="System Information Leak in ftp parser" class="issue-link" data-issue-key="NET-618"&gt;&lt;del&gt;NET-618&lt;/del&gt;&lt;/a&gt; System Information Leak in ftp parser&lt;/p&gt;

&lt;p&gt;Modified:&lt;br/&gt;
    commons/proper/net/trunk/src/changes/changes.xml&lt;br/&gt;
    commons/proper/net/trunk/src/main/java/org/apache/commons/net/ftp/parser/MVSFTPEntryParser.java&lt;/p&gt;</comment>
                    </comments>
                    <attachments>
                    </attachments>
                <subtasks>
                    </subtasks>
                <customfields>
                                                                                                                                                                                                                                                                                                                                                                                                                                                                                                                                                                                                                                                                                                                    <customfield id="customfield_12314020" key="com.atlassian.jira.plugins.jira-development-integration-plugin:devsummary">
                        <customfieldname>Development</customfieldname>
                        <customfieldvalues>
                            
                        </customfieldvalues>
                    </customfield>
                                                                                                                        <customfield id="customfield_12313422" key="com.atlassian.jirafisheyeplugin:jobcheckbox">
                        <customfieldname>Enable Automatic Patch Review</customfieldname>
                        <customfieldvalues>
                            <customfieldvalue>false</customfieldvalue>

                        </customfieldvalues>
                    </customfield>
                                                                                                                                                                                                                                                                                                                                                                                                                                                                                                                                                                                                                                                <customfield id="customfield_12310420" key="com.pyxis.greenhopper.jira:gh-global-rank">
                        <customfieldname>Global Rank</customfieldname>
                        <customfieldvalues>
                            <customfieldvalue>9223372036854775807</customfieldvalue>
                        </customfieldvalues>
                    </customfield>
                                                                                                                                                                                                                                                                                                                                                                                                                                                                        <customfield id="customfield_12311820" key="com.pyxis.greenhopper.jira:gh-lexo-rank">
                        <customfieldname>Rank</customfieldname>
                        <customfieldvalues>
                            <customfieldvalue>0|i3aqf3:</customfieldvalue>

                        </customfieldvalues>
                    </customfield>
                                                                <customfield id="customfield_12310920" key="com.pyxis.greenhopper.jira:gh-global-rank">
                        <customfieldname>Rank (Obsolete)</customfieldname>
                        <customfieldvalues>
                            <customfieldvalue>9223372036854775807</customfieldvalue>
                        </customfieldvalues>
                    </customfield>
                                                                                                                                                                                                                                                                                                                                                                                                                                                                                                                                                                                                                                                                                                                                                                                            </customfields>
    </item>


</channel>
</rss>