<rss version="0.92">
    <channel>
        <title>ASF JIRA</title>
        <link>https://issues.apache.org/jira/issues/?jql=project+%3D+NET+AND+type+%3D+bug+and+%28status+%3D+RESOLVED+or+status+%3D+closed%29</link>
        <description>An XML representation of a search request</description>
                <language>en-uk</language>
                        <issue start="0" end="464" total="464" />
                <build-info>
            <version>8.20.7</version>
            <build-number>820007</build-number>
            <build-date>16-03-2022</build-date>
        </build-info>

<item>
            <title>[NET-87] FTP task cannot get files containing spaces in their name</title>
                <link>https://issues.apache.org/jira/browse/NET-87</link>
                <project id="12310487" key="NET">Commons Net</project>
                    <description>&lt;p&gt;FTP Server is running Windows 2000 Server using IIS with UNIX Directory Style&lt;br/&gt;
Listings.&lt;/p&gt;

&lt;p&gt;Tested clients are Windows XP Professional (Service Pack 1) and Red Hat&lt;br/&gt;
Enterprise Linux ES 3.0.&lt;/p&gt;

&lt;p&gt;Here is a copy of the FTP task.&lt;/p&gt;

&lt;p&gt;&amp;lt;ftp server="${ftp.server}" userid="${ftp.user.name}"&lt;br/&gt;
password="${ftp.user.password}" remotedir="${data.dir.remote}" action="get"&lt;br/&gt;
depends="yes" ignoreNoncriticalErrors="yes" skipFailedTransfers="yes"&lt;br/&gt;
preservelastmodified="yes"&amp;gt;&lt;br/&gt;
 &amp;lt;fileset dir="${data.dir.local}"&amp;gt;&lt;br/&gt;
  &amp;lt;include name="Raster/ComponentTest/TestData/Format/**"/&amp;gt;&lt;br/&gt;
 &amp;lt;/fileset&amp;gt;&lt;br/&gt;
&amp;lt;/ftp&amp;gt;&lt;/p&gt;

&lt;p&gt;Below is a copy of the Build Exception output (using JBuilder 8 and the Ant&lt;br/&gt;
1.6.1 libraries).&lt;/p&gt;

&lt;p&gt;BUILD FAILED&lt;br/&gt;
\\Tashi\twebunix1\scripts\updateFromQALab_Server.xml:13: could not date test&lt;br/&gt;
remote file: 550 Raster/ComponentTest/TestData/Format/image2/Copy: The system&lt;br/&gt;
cannot find the file specified. &lt;br/&gt;
	at org.apache.tools.ant.taskdefs.optional.net.FTP.isUpToDate(FTP.java:1580)&lt;br/&gt;
	at org.apache.tools.ant.taskdefs.optional.net.FTP.getFile(FTP.java:1782)&lt;br/&gt;
	at org.apache.tools.ant.taskdefs.optional.net.FTP.transferFiles(FTP.java:1339)&lt;br/&gt;
	at org.apache.tools.ant.taskdefs.optional.net.FTP.transferFiles(FTP.java:1388)&lt;br/&gt;
	at org.apache.tools.ant.taskdefs.optional.net.FTP.execute(FTP.java:2016)&lt;br/&gt;
	at org.apache.tools.ant.UnknownElement.execute(UnknownElement.java:269)&lt;br/&gt;
	at org.apache.tools.ant.Task.perform(Task.java:364)&lt;br/&gt;
	at org.apache.tools.ant.Target.execute(Target.java:301)&lt;br/&gt;
	at org.apache.tools.ant.Target.performTasks(Target.java:328)&lt;br/&gt;
	at org.apache.tools.ant.Project.executeTarget(Project.java:1215)&lt;br/&gt;
	at org.apache.tools.ant.Project.executeTargets(Project.java:1063)&lt;br/&gt;
	at org.apache.tools.ant.Main.runBuild(Main.java:632)&lt;br/&gt;
	at org.apache.tools.ant.Main.startAnt(Main.java:183)&lt;br/&gt;
	at org.apache.tools.ant.Main.start(Main.java:147)&lt;br/&gt;
	at org.apache.tools.ant.Main.main(Main.java:230)&lt;/p&gt;

&lt;p&gt;Below is a copy of the output using built-in ftp clients.&lt;/p&gt;

&lt;p&gt;ftp&amp;gt; ls -l&lt;br/&gt;
200 PORT command successful.&lt;br/&gt;
150 Opening ASCII mode data connection for /bin/ls.&lt;br/&gt;
-r-xr-xr-x   1 owner    group            8245 May 14  3:08 Band_1.xml&lt;br/&gt;
-r-xr-xr-x   1 owner    group            8192 Oct 25  2002 Copy of&lt;br/&gt;
tif1_1n_ui_landcgi.tif.xml&lt;br/&gt;
226 Transfer complete.&lt;br/&gt;
ftp: 6152 bytes received in 0.00Seconds 6152000.00Kbytes/sec.&lt;/p&gt;</description>
                <environment>&lt;p&gt;Operating System: All&lt;br/&gt;
Platform: All&lt;/p&gt;</environment>
        <key id="12340197">NET-87</key>
            <summary>FTP task cannot get files containing spaces in their name</summary>
                <type id="1" iconUrl="https://issues.apache.org/jira/secure/viewavatar?size=xsmall&amp;avatarId=21133&amp;avatarType=issuetype">Bug</type>
                                            <priority id="3" iconUrl="https://issues.apache.org/jira/images/icons/priorities/major.svg">Major</priority>
                        <status id="6" iconUrl="https://issues.apache.org/jira/images/icons/statuses/closed.png" description="The issue is considered finished, the resolution is correct. Issues which are not closed can be reopened.">Closed</status>
                    <statusCategory id="3" key="done" colorName="green" />
                                    <resolution id="1">Fixed</resolution>
                                        <assignee username="-1">Unassigned</assignee>
                                    <reporter username="jknight@esri.com">Jason Knight</reporter>
                        <labels>
                    </labels>
                <created>Sat, 15 May 2004 02:07:28 +0000</created>
                <updated>Thu, 20 Sep 2007 05:31:14 +0000</updated>
                            <resolved>Thu, 20 Sep 2007 05:31:14 +0000</resolved>
                                                                        <due />
                            <votes>0</votes>
                                    <watches>0</watches>
                                                                <comments>
                            <comment id="12402577" author="scohen@apache.org" created="Sat, 15 May 2004 06:33:16 +0000">&lt;p&gt;This should be redirected against commons-net, which the Ant Task uses.&lt;br/&gt;
Although I am not sure how we might resolve this.  &lt;/p&gt;

&lt;p&gt;By the way, although you're running against an NT server, your listing shows the&lt;br/&gt;
server is behaving like a Unix FTP server (presumably through the DIRSTYLE&lt;br/&gt;
setting).  However, it doesn't matter.  As written, neither parser will&lt;br/&gt;
recognize anything after the first space.  Before fixing this I would like to do&lt;br/&gt;
more research in order to determine if there are any FTP servers in use that put&lt;br/&gt;
other stuff that is not part of the name after the name in the listing.  The&lt;br/&gt;
regex for the UnixFTPEntryParser allows for that possibility.&lt;/p&gt;</comment>
                            <comment id="12402578" author="johan" created="Tue, 15 Jun 2004 16:53:12 +0000">&lt;p&gt;I am experiencing similar problem running Cerberus 2.2b3 - in my case the server &lt;br/&gt;
is reporting: UNIX Type: L8&lt;/p&gt;

&lt;p&gt;The directory listing contains spaces in the group attributes of the files, &lt;br/&gt;
which seems to break the UNIX parser.&lt;/p&gt;

&lt;p&gt;Sample fto output:&lt;/p&gt;

&lt;p&gt;drw-rw-rw-   1 jlindqui Domain Users    0 Jun 15  2004 .&lt;br/&gt;
drw-rw-rw-   1 Administ Administrators  0 Jun 15  2004 ..&lt;br/&gt;
&lt;del&gt;rw-rw-rw&lt;/del&gt;   1 jlindqui Domai    52667424 Feb 20 15:54 install.bin&lt;br/&gt;
drw-rw-rw-   1 jlindqui Domain Users    0 Apr 02  2004 java-webservices-test&lt;/p&gt;</comment>
                            <comment id="12402579" author="scohen@apache.org" created="Sat, 26 Jun 2004 08:43:38 +0000">&lt;p&gt;Please log as a separate defect the issue with spaces in the group name.  This&lt;br/&gt;
is a different issue.&lt;/p&gt;</comment>
                            <comment id="12402580" author="scohen@apache.org" created="Sat, 26 Jun 2004 12:04:53 +0000">&lt;p&gt;reopen after 1.2.2 release&lt;/p&gt;</comment>
                            <comment id="12402581" author="rwinston@eircom.net" created="Fri, 24 Sep 2004 19:33:53 +0000">&lt;p&gt;Steve,&lt;/p&gt;

&lt;p&gt;has this issue been fixed? I've been playing with the NTFTPEntryParserTest, and&lt;br/&gt;
it can parse lines like:&lt;/p&gt;

&lt;p&gt;-r-xr-xr-x   1 owner    group            8192 Oct 25  2002 Copy of&lt;br/&gt;
tif1_1n_ui_landcgi.tif.xml&lt;/p&gt;


&lt;p&gt;and return the proper filename.&lt;/p&gt;</comment>
                            <comment id="12402582" author="scohen@apache.org" created="Sat, 25 Sep 2004 10:23:25 +0000">&lt;p&gt;To the best of my recollection this defect was fixed.  But I'd want to investigate a bit more &lt;br/&gt;
before I definitely say so. &lt;/p&gt;</comment>
                            <comment id="12402583" author="rwinston@eircom.net" created="Tue, 23 Nov 2004 21:46:53 +0000">&lt;p&gt;Just did a re-test to confirm that his has indeed been fixed.&lt;/p&gt;</comment>
                            <comment id="12402584" author="yathish_81@yahoo.co.in" created="Tue, 23 Nov 2004 22:22:41 +0000">&lt;p&gt;(In reply to comment #7)&lt;br/&gt;
&amp;gt; Just did a re-test to confirm that his has indeed been fixed.&lt;/p&gt;

&lt;p&gt;Are you sure if pathnames separated by spaces are given then it fails to get &lt;br/&gt;
the directory and file listing.&lt;br/&gt;
For example:&lt;br/&gt;
/ftp/ftp crawler/abc.txt is the file in the ftpserver.&lt;/p&gt;

&lt;p&gt;when you give FTPFile[] files=ftp.listFiles("/ftp/ftp crawler/");&lt;/p&gt;

&lt;p&gt;only /ftp/ftp is recognised it fails to recognise afer the space.&lt;/p&gt;

&lt;p&gt;If this has been rectified then please specify where.&lt;/p&gt;
</comment>
                            <comment id="12402585" author="rwinston@eircom.net" created="Tue, 23 Nov 2004 23:27:57 +0000">&lt;p&gt;HI Yathish,&lt;/p&gt;

&lt;p&gt;I was running the test case against the sample output given in the bug&lt;br/&gt;
description. In order to test your case, can I have some sample FTP server&lt;br/&gt;
output, including attributes, date info, etc. so I can incorporate it into the&lt;br/&gt;
test case. The bug you are referring to should be registered as a separate bug -&lt;br/&gt;
can you file  one?&lt;/p&gt;</comment>
                            <comment id="12402586" author="yathish_81@yahoo.co.in" created="Wed, 24 Nov 2004 12:35:50 +0000">&lt;p&gt;If there are spaces in given the pathname then it is not possible to get the &lt;br/&gt;
directory or file listing in that path.&lt;br/&gt;
For example:&lt;br/&gt;
/ftp/ftpcrawl server/xyz.txt is the pathname then if we do&lt;/p&gt;

&lt;p&gt;Ftpfile[] files=ftp.listfiles("/ftp/ftpcrawl server/");&lt;/p&gt;

&lt;p&gt;Then the pathname /ftp/ftpcrawl is recognised and hence it fails to list &lt;br/&gt;
xyz.txt file.Here "ftpcrawl server" is the name of the folder.&lt;/p&gt;</comment>
                            <comment id="12402587" author="rwinston@eircom.net" created="Wed, 24 Nov 2004 18:21:28 +0000">&lt;p&gt;I'll change this back to fixed since the specific issue that yathish is&lt;br/&gt;
experiencing has been filed in a separate bug.&lt;/p&gt;</comment>
                            <comment id="12402588" author="jvadrevu@mvalent.com" created="Sat, 10 Sep 2005 02:39:42 +0000">&lt;p&gt;I am seeing this issue with Commons net 1.3.4. It is either regressed since this&lt;br/&gt;
fix or the other bug is still open. Can you provide the bug details?&lt;/p&gt;

&lt;p&gt;Is there a workaround for this?&lt;/p&gt;</comment>
                    </comments>
                    <attachments>
                    </attachments>
                <subtasks>
                    </subtasks>
                <customfields>
                                                                                                                                                                                                                                                                                                                                                                                                                                                                                                                                                                                                    <customfield id="customfield_10010" key="com.atlassian.jira.plugin.system.customfieldtypes:importid">
                        <customfieldname>Bugzilla Id</customfieldname>
                        <customfieldvalues>
                            <customfieldvalue>28987</customfieldvalue>
                        </customfieldvalues>
                    </customfield>
                                                                                                                                                    <customfield id="customfield_12314020" key="com.atlassian.jira.plugins.jira-development-integration-plugin:devsummary">
                        <customfieldname>Development</customfieldname>
                        <customfieldvalues>
                            
                        </customfieldvalues>
                    </customfield>
                                                                                                                        <customfield id="customfield_12313422" key="com.atlassian.jirafisheyeplugin:jobcheckbox">
                        <customfieldname>Enable Automatic Patch Review</customfieldname>
                        <customfieldvalues>
                            <customfieldvalue>false</customfieldvalue>

                        </customfieldvalues>
                    </customfield>
                                                                                                                                                                                                                                                                                                                                                                                                                                                                                                                                                                                                                                                <customfield id="customfield_12310420" key="com.pyxis.greenhopper.jira:gh-global-rank">
                        <customfieldname>Global Rank</customfieldname>
                        <customfieldvalues>
                            <customfieldvalue>154425</customfieldvalue>
                        </customfieldvalues>
                    </customfield>
                                                                                                                                                                                                                                                                                                                                                                                                                                                                        <customfield id="customfield_12311820" key="com.pyxis.greenhopper.jira:gh-lexo-rank">
                        <customfieldname>Rank</customfieldname>
                        <customfieldvalues>
                            <customfieldvalue>0|i0lpiv:</customfieldvalue>

                        </customfieldvalues>
                    </customfield>
                                                                <customfield id="customfield_12310920" key="com.pyxis.greenhopper.jira:gh-global-rank">
                        <customfieldname>Rank (Obsolete)</customfieldname>
                        <customfieldvalues>
                            <customfieldvalue>124786</customfieldvalue>
                        </customfieldvalues>
                    </customfield>
                                                                                                                                                                                                                                                                                                                                                                                                                                                                                                                                                                                                                                                                                                                                                                                            </customfields>
    </item>


</channel>
</rss>