<rss version="0.92">
    <channel>
        <title>ASF JIRA</title>
        <link>https://issues.apache.org/jira/issues/?jql=project+%3D+NET+AND+type+%3D+bug+and+%28status+%3D+RESOLVED+or+status+%3D+closed%29</link>
        <description>An XML representation of a search request</description>
                <language>en-uk</language>
                        <issue start="0" end="464" total="464" />
                <build-info>
            <version>8.20.7</version>
            <build-number>820007</build-number>
            <build-date>16-03-2022</build-date>
        </build-info>

<item>
            <title>[NET-501] Race Condition on TelnetClient.disconnect() and TelnetInputStream.run() . java.lang.IllegalStateException: Queue is full! Cannot process another character.</title>
                <link>https://issues.apache.org/jira/browse/NET-501</link>
                <project id="12310487" key="NET">Commons Net</project>
                    <description>&lt;p&gt;I'm getting the following exception while disconnecting a threaded (readerThread=true) TelnetClient connection. &lt;/p&gt;

&lt;div class="code panel" style="border-width: 1px;"&gt;&lt;div class="codeContent panelContent"&gt;
&lt;pre class="code-java"&gt;Exception in thread &lt;span class="code-quote"&gt;"&lt;span class="code-object"&gt;Thread&lt;/span&gt;-160"&lt;/span&gt; java.lang.IllegalStateException: Queue is full! Cannot process another character. 
	at org.apache.commons.net.telnet.TelnetInputStream.__processChar(TelnetInputStream.java:339)
	at org.apache.commons.net.telnet.TelnetInputStream.run(TelnetInputStream.java:647)
	at java.lang.&lt;span class="code-object"&gt;Thread&lt;/span&gt;.run(&lt;span class="code-object"&gt;Thread&lt;/span&gt;.java:722)
&lt;/pre&gt;
&lt;/div&gt;&lt;/div&gt;

&lt;p&gt;I noticed that when TelnetClient.disconnect() is called the attribute _&lt;em&gt;threaded is set to false while the thread in the TelnetInputStream.run() method could call TelnetInputStream().&lt;/em&gt;_processChar(...) throwing IllegalStateException&lt;/p&gt;


&lt;p&gt;This is a test program to reproduce the issue&lt;/p&gt;

&lt;div class="code panel" style="border-width: 1px;"&gt;&lt;div class="codeContent panelContent"&gt;
&lt;pre class="code-java"&gt;&lt;span class="code-keyword"&gt;public&lt;/span&gt; &lt;span class="code-keyword"&gt;class &lt;/span&gt;TestTelnetClient &lt;span class="code-keyword"&gt;implements&lt;/span&gt; &lt;span class="code-object"&gt;Runnable&lt;/span&gt; {

	/**
	 * @param args
	 */
	&lt;span class="code-keyword"&gt;public&lt;/span&gt; &lt;span class="code-keyword"&gt;static&lt;/span&gt; void main(&lt;span class="code-object"&gt;String&lt;/span&gt;[] args) {
		ArrayList&amp;lt;&lt;span class="code-object"&gt;Thread&lt;/span&gt;&amp;gt; workers = &lt;span class="code-keyword"&gt;new&lt;/span&gt; ArrayList&amp;lt;&lt;span class="code-object"&gt;Thread&lt;/span&gt;&amp;gt;();
		&lt;span class="code-keyword"&gt;for&lt;/span&gt;( &lt;span class="code-object"&gt;int&lt;/span&gt; i=0; i&amp;lt;1000; ++i){
			&lt;span class="code-object"&gt;Thread&lt;/span&gt; t = &lt;span class="code-keyword"&gt;new&lt;/span&gt; &lt;span class="code-object"&gt;Thread&lt;/span&gt; ( &lt;span class="code-keyword"&gt;new&lt;/span&gt; TestTelnetClient() );
			t.start();
			workers.add(t);
		}
		&lt;span class="code-keyword"&gt;for&lt;/span&gt; (&lt;span class="code-object"&gt;Thread&lt;/span&gt; t : workers ) {			
			&lt;span class="code-keyword"&gt;try&lt;/span&gt; {
				t.join();			
			} &lt;span class="code-keyword"&gt;catch&lt;/span&gt; (InterruptedException e) {
				e.printStackTrace();
			}
		}			

	}

	@Override
	&lt;span class="code-keyword"&gt;public&lt;/span&gt; void run() {
		&lt;span class="code-object"&gt;System&lt;/span&gt;.out.println(&lt;span class="code-quote"&gt;"Starting thread..."&lt;/span&gt;);
		TelnetClient tc = &lt;span class="code-keyword"&gt;new&lt;/span&gt; TelnetClient();
&lt;span class="code-comment"&gt;//		tc.setReaderThread(&lt;span class="code-keyword"&gt;false&lt;/span&gt;);
&lt;/span&gt;		&lt;span class="code-keyword"&gt;try&lt;/span&gt; {
			tc.connect(&lt;span class="code-quote"&gt;"localhost"&lt;/span&gt;, 23);
			tc.setSoTimeout(1000);
			InputStream in = tc.getInputStream();
			&lt;span class="code-object"&gt;int&lt;/span&gt; ch;
			in.read();
		} &lt;span class="code-keyword"&gt;catch&lt;/span&gt; (SocketException e) {
			e.printStackTrace();
		} &lt;span class="code-keyword"&gt;catch&lt;/span&gt; (IOException e) {
			e.printStackTrace();
		} &lt;span class="code-keyword"&gt;finally&lt;/span&gt; {
			&lt;span class="code-object"&gt;System&lt;/span&gt;.out.println(&lt;span class="code-quote"&gt;"Disconnecting..."&lt;/span&gt;);
			&lt;span class="code-keyword"&gt;try&lt;/span&gt; {
				tc.disconnect();
			} &lt;span class="code-keyword"&gt;catch&lt;/span&gt; (IOException e) {
				&lt;span class="code-comment"&gt;// TODO Auto-generated &lt;span class="code-keyword"&gt;catch&lt;/span&gt; block
&lt;/span&gt;				e.printStackTrace();
			}
		}
		
	}

}
&lt;/pre&gt;
&lt;/div&gt;&lt;/div&gt;

&lt;p&gt;A telnet server (telnetd) is required. I also modified the initial banner ( /etc/issue.net ) with a lot of characters to get a better chance to receive information while calling disconnect.&lt;/p&gt;</description>
                <environment>&lt;p&gt;Ubuntu 12.04 64 bits x86&lt;/p&gt;</environment>
        <key id="12631346">NET-501</key>
            <summary>Race Condition on TelnetClient.disconnect() and TelnetInputStream.run() . java.lang.IllegalStateException: Queue is full! Cannot process another character.</summary>
                <type id="1" iconUrl="https://issues.apache.org/jira/secure/viewavatar?size=xsmall&amp;avatarId=21133&amp;avatarType=issuetype">Bug</type>
                                            <priority id="4" iconUrl="https://issues.apache.org/jira/images/icons/priorities/minor.svg">Minor</priority>
                        <status id="6" iconUrl="https://issues.apache.org/jira/images/icons/statuses/closed.png" description="The issue is considered finished, the resolution is correct. Issues which are not closed can be reopened.">Closed</status>
                    <statusCategory id="3" key="done" colorName="green" />
                                    <resolution id="1">Fixed</resolution>
                                        <assignee username="-1">Unassigned</assignee>
                                    <reporter username="jlastiri">Juli&#225;n Lastiri</reporter>
                        <labels>
                    </labels>
                <created>Thu, 7 Feb 2013 22:07:28 +0000</created>
                <updated>Wed, 12 Jun 2013 21:09:52 +0000</updated>
                            <resolved>Thu, 6 Jun 2013 11:33:38 +0000</resolved>
                                    <version>3.2</version>
                                    <fixVersion>3.3</fixVersion>
                                    <component>Telnet</component>
                        <due />
                            <votes>0</votes>
                                    <watches>1</watches>
                                                                <comments>
                            <comment id="13676924" author="sebb@apache.org" created="Thu, 6 Jun 2013 11:33:38 +0000">&lt;p&gt;Thanks for the report; fix applied to SVN:&lt;/p&gt;

&lt;p&gt;URL: &lt;a href="http://svn.apache.org/r1490241" class="external-link" target="_blank" rel="nofollow noopener"&gt;http://svn.apache.org/r1490241&lt;/a&gt;&lt;br/&gt;
Log:&lt;br/&gt;
&lt;a href="https://issues.apache.org/jira/browse/NET-501" title="Race Condition on TelnetClient.disconnect() and TelnetInputStream.run() . java.lang.IllegalStateException: Queue is full! Cannot process another character." class="issue-link" data-issue-key="NET-501"&gt;&lt;del&gt;NET-501&lt;/del&gt;&lt;/a&gt; Race Condition on TelnetClient.disconnect() and TelnetInputStream.run()&lt;/p&gt;

&lt;p&gt;Modified:&lt;br/&gt;
    commons/proper/net/trunk/src/changes/changes.xml&lt;br/&gt;
    commons/proper/net/trunk/src/main/java/org/apache/commons/net/telnet/TelnetInputStream.java&lt;/p&gt;</comment>
                    </comments>
                    <attachments>
                    </attachments>
                <subtasks>
                    </subtasks>
                <customfields>
                                                                                                                                                                                                                                                                                                                                                                                                                                                                                                                                                                                                                                                                                                                    <customfield id="customfield_12314020" key="com.atlassian.jira.plugins.jira-development-integration-plugin:devsummary">
                        <customfieldname>Development</customfieldname>
                        <customfieldvalues>
                            
                        </customfieldvalues>
                    </customfield>
                                                                                                                        <customfield id="customfield_12313422" key="com.atlassian.jirafisheyeplugin:jobcheckbox">
                        <customfieldname>Enable Automatic Patch Review</customfieldname>
                        <customfieldvalues>
                            <customfieldvalue>false</customfieldvalue>

                        </customfieldvalues>
                    </customfield>
                                                                                                                                                                                                                                                                                                                                                                                                                                                                                                                                                                                                                                                <customfield id="customfield_12310420" key="com.pyxis.greenhopper.jira:gh-global-rank">
                        <customfieldname>Global Rank</customfieldname>
                        <customfieldvalues>
                            <customfieldvalue>311842</customfieldvalue>
                        </customfieldvalues>
                    </customfield>
                                                                                                                                                                                                                                                                                                                                                                                                                                                                        <customfield id="customfield_12311820" key="com.pyxis.greenhopper.jira:gh-lexo-rank">
                        <customfieldname>Rank</customfieldname>
                        <customfieldvalues>
                            <customfieldvalue>0|i1htdz:</customfieldvalue>

                        </customfieldvalues>
                    </customfield>
                                                                <customfield id="customfield_12310920" key="com.pyxis.greenhopper.jira:gh-global-rank">
                        <customfieldname>Rank (Obsolete)</customfieldname>
                        <customfieldvalues>
                            <customfieldvalue>312188</customfieldvalue>
                        </customfieldvalues>
                    </customfield>
                                                                                                                                                                                                                                                                                                                                                                                                                                                                                                                                                                                                                                                                                                                                                                                            </customfields>
    </item>


</channel>
</rss>