<rss version="0.92">
    <channel>
        <title>ASF JIRA</title>
        <link>https://issues.apache.org/jira/issues/?jql=project+%3D+NET+AND+type+%3D+bug+and+%28status+%3D+RESOLVED+or+status+%3D+closed%29</link>
        <description>An XML representation of a search request</description>
                <language>en-uk</language>
                        <issue start="0" end="464" total="464" />
                <build-info>
            <version>8.20.7</version>
            <build-number>820007</build-number>
            <build-date>16-03-2022</build-date>
        </build-info>

<item>
            <title>[NET-91] commons.net.FTPClient hangs on disconnect or logout</title>
                <link>https://issues.apache.org/jira/browse/NET-91</link>
                <project id="12310487" key="NET">Commons Net</project>
                    <description>&lt;p&gt;By repetitively calling &lt;/p&gt;

&lt;p&gt;        try { &lt;/p&gt;

&lt;p&gt;            // connect and login to the FTP server&lt;br/&gt;
            ftpc.connect(getPropertyFromEnv("FTP_SERVER"));&lt;/p&gt;

&lt;p&gt;            ftpc.login(getPropertyFromEnv("USERNAME"), getPropertyFromEnv&lt;br/&gt;
("PASSWORD"));   //technically we may have to break this into 2 blocks see &lt;br/&gt;
examples&lt;/p&gt;

&lt;p&gt;            // After connection attempt, check the reply code to verify success.&lt;br/&gt;
            reply = ftpc.getReplyCode();&lt;br/&gt;
            response = ftpc.getReplyString();&lt;/p&gt;

&lt;p&gt;            if(!FTPReply.isPositiveCompletion(reply)) &lt;/p&gt;
{
                System.err.println("FTP server refused connection or login.");
                killFTP(ftpc);
                ftpc = null;
            }
&lt;p&gt;        } catch(IOException e) &lt;/p&gt;
{
            System.err.println("Can't connect or login to server, reply 
= "+reply+ " response = " + response);
            killFTP(ftpc);
            ftpc = null;
        }


&lt;p&gt;and then&lt;/p&gt;

&lt;p&gt;        if (ftpc.isConnected()) {&lt;br/&gt;
            try &lt;/p&gt;
{
                ftpc.logout();
            }
&lt;p&gt; catch (Exception e) &lt;/p&gt;
{ // do nothing 
                System.out.println("Exception in ftpc.logout()");
            }
&lt;p&gt;            try &lt;/p&gt;
{
                ftpc.disconnect();
            }
&lt;p&gt; catch (Exception e) &lt;/p&gt;
{ // do nothing 
                System.out.println("Exception in ftpc.disconnect()");
            }
&lt;p&gt;        }&lt;/p&gt;

&lt;p&gt;one of the two bottom calls hangs and I'm assuming that it's in an infinite&lt;br/&gt;
loop waiting for something that the server isn't sending.  We try and hook to&lt;br/&gt;
a Linux FTP server, and Windows FTP server and 99.99 % of the time it works, &lt;br/&gt;
but every once in a while, it hangs and we have to kill the FTP daemon.  After &lt;br/&gt;
doing that everything works again!!!&lt;/p&gt;</description>
                <environment>&lt;p&gt;Operating System: All&lt;br/&gt;
Platform: PC&lt;/p&gt;</environment>
        <key id="12340554">NET-91</key>
            <summary>commons.net.FTPClient hangs on disconnect or logout</summary>
                <type id="1" iconUrl="https://issues.apache.org/jira/secure/viewavatar?size=xsmall&amp;avatarId=21133&amp;avatarType=issuetype">Bug</type>
                                            <priority id="3" iconUrl="https://issues.apache.org/jira/images/icons/priorities/major.svg">Major</priority>
                        <status id="6" iconUrl="https://issues.apache.org/jira/images/icons/statuses/closed.png" description="The issue is considered finished, the resolution is correct. Issues which are not closed can be reopened.">Closed</status>
                    <statusCategory id="3" key="done" colorName="green" />
                                    <resolution id="1">Fixed</resolution>
                                        <assignee username="-1">Unassigned</assignee>
                                    <reporter username="jmayo@sd.seabase.com">Joe</reporter>
                        <labels>
                    </labels>
                <created>Fri, 14 Feb 2003 07:37:16 +0000</created>
                <updated>Thu, 20 Sep 2007 05:24:53 +0000</updated>
                            <resolved>Thu, 20 Sep 2007 05:24:53 +0000</resolved>
                                    <version>1.4</version>
                                                        <due />
                            <votes>4</votes>
                                    <watches>1</watches>
                                                                <comments>
                            <comment id="12403638" author="dfs@apache.org" created="Sun, 20 Apr 2003 03:57:38 +0000">&lt;p&gt;I can't reproduce this problem, but I think we should leave this issue&lt;br/&gt;
open until we either remove the dependence of FTPClient on TelnetClient&lt;br/&gt;
or reimplement TelnetClient to not use threads now that the java.nio&lt;br/&gt;
package is available (although java.nio is buggy on Linux).&lt;/p&gt;</comment>
                            <comment id="12403639" author="symphonic00@hotmail.com" created="Fri, 8 Aug 2003 23:33:30 +0000">&lt;p&gt;We have seen a very similar issue in our environment.  After some preliminary &lt;br/&gt;
testing, the fixes to TelnetInputStream seemed to have resolved the issue.&lt;/p&gt;</comment>
                            <comment id="12403640" author="dfs@apache.org" created="Tue, 12 Aug 2003 09:56:23 +0000">&lt;p&gt;Changing status to FIXED because we have at least one confirmation that the issue &lt;br/&gt;
appears to have been resolved.&lt;/p&gt;</comment>
                            <comment id="12461987" author="mcampelo" created="Wed, 3 Jan 2007 16:13:19 +0000">&lt;p&gt;It is easy to reproduce this issue.&lt;/p&gt;

&lt;p&gt;While you are transmitting a file to the FTP server, disconnect your FTP Server from the network.&lt;/p&gt;

&lt;p&gt;It will generate the CopyStreamException after around 9 minutes which I believe is the default timeout.&lt;/p&gt;

&lt;p&gt;At this moment, if you try to logout from the FTP Server, your java code will stay in deadlock and will never end.&lt;/p&gt;

&lt;p&gt;I already tried to test if the ftp is connected using the isConnected method but it always returns true.&lt;/p&gt;</comment>
                            <comment id="12528980" author="bayard" created="Thu, 20 Sep 2007 05:24:53 +0000">&lt;p&gt;Reclosing so it gets marked as Fixed. Jira migration bug.&lt;/p&gt;</comment>
                    </comments>
                <issuelinks>
                            <issuelinktype id="10030">
                    <name>Reference</name>
                                                                <inwardlinks description="is related to">
                                        <issuelink>
            <issuekey id="12357122">NET-145</issuekey>
        </issuelink>
                            </inwardlinks>
                                    </issuelinktype>
                    </issuelinks>
                <attachments>
                    </attachments>
                <subtasks>
                    </subtasks>
                <customfields>
                                                                                                                                                                                                                                                                                                                                                                                                                                                                                                                                                                                                    <customfield id="customfield_10010" key="com.atlassian.jira.plugin.system.customfieldtypes:importid">
                        <customfieldname>Bugzilla Id</customfieldname>
                        <customfieldvalues>
                            <customfieldvalue>17066</customfieldvalue>
                        </customfieldvalues>
                    </customfield>
                                                                                                                                                    <customfield id="customfield_12314020" key="com.atlassian.jira.plugins.jira-development-integration-plugin:devsummary">
                        <customfieldname>Development</customfieldname>
                        <customfieldvalues>
                            
                        </customfieldvalues>
                    </customfield>
                                                                                                                        <customfield id="customfield_12313422" key="com.atlassian.jirafisheyeplugin:jobcheckbox">
                        <customfieldname>Enable Automatic Patch Review</customfieldname>
                        <customfieldvalues>
                            <customfieldvalue>false</customfieldvalue>

                        </customfieldvalues>
                    </customfield>
                                                                                                                                                                                                                                                                                                                                                                                                                                                                                                                                                                                                                                                <customfield id="customfield_12310420" key="com.pyxis.greenhopper.jira:gh-global-rank">
                        <customfieldname>Global Rank</customfieldname>
                        <customfieldvalues>
                            <customfieldvalue>154428</customfieldvalue>
                        </customfieldvalues>
                    </customfield>
                                                                                                                                                                                                                                                                                                                                                                                                                                                                        <customfield id="customfield_12311820" key="com.pyxis.greenhopper.jira:gh-lexo-rank">
                        <customfieldname>Rank</customfieldname>
                        <customfieldvalues>
                            <customfieldvalue>0|i0lpif:</customfieldvalue>

                        </customfieldvalues>
                    </customfield>
                                                                <customfield id="customfield_12310920" key="com.pyxis.greenhopper.jira:gh-global-rank">
                        <customfieldname>Rank (Obsolete)</customfieldname>
                        <customfieldvalues>
                            <customfieldvalue>124784</customfieldvalue>
                        </customfieldvalues>
                    </customfield>
                                                                                                                                                                                                                                                                                                                                                                                                                                                                                                                                                                                                                                                                                                                                                                                            </customfields>
    </item>


</channel>
</rss>