<rss version="0.92">
    <channel>
        <title>ASF JIRA</title>
        <link>https://issues.apache.org/jira/issues/?jql=project+%3D+NET+AND+type+%3D+bug+and+%28status+%3D+RESOLVED+or+status+%3D+closed%29</link>
        <description>An XML representation of a search request</description>
                <language>en-uk</language>
                        <issue start="0" end="464" total="464" />
                <build-info>
            <version>8.20.7</version>
            <build-number>820007</build-number>
            <build-date>16-03-2022</build-date>
        </build-info>

<item>
            <title>[NET-559] mismatch between timestamp and timezone</title>
                <link>https://issues.apache.org/jira/browse/NET-559</link>
                <project id="12310487" key="NET">Commons Net</project>
                    <description>&lt;p&gt;Using FTPClient.java, FTPFile.java,FTPListParseEngine.java  from commons-net-3.2.jar  to access the files on the ftp server(Linux machine) located in EET timezone. After accessing the files if  I try to see the time zone and time stamp of the file,timestamp is shown in UTC format but timezone is shown as timezone of the place where file is being accessed .&lt;/p&gt;

&lt;p&gt;Expected was that both should have been in EET format.&lt;/p&gt;

&lt;p&gt;Example:&lt;br/&gt;
Suppose a file sample.txt on FTP server (in EET zone) is created at 11/27/2014 8:28:20 AM.&lt;/p&gt;


&lt;p&gt;While accessing the file(in EET time zone) using jar mentioned above ,FTPFile.java's getTimestamp method will return time as   11/27/2014 6:28:20 AM EET.&lt;/p&gt;

&lt;p&gt;Instead it should have been 11/27/2014 8:28:20 AM EET.&lt;/p&gt;

&lt;p&gt;Thanks.&lt;/p&gt;</description>
                <environment />
        <key id="12758494">NET-559</key>
            <summary>mismatch between timestamp and timezone</summary>
                <type id="1" iconUrl="https://issues.apache.org/jira/secure/viewavatar?size=xsmall&amp;avatarId=21133&amp;avatarType=issuetype">Bug</type>
                                            <priority id="3" iconUrl="https://issues.apache.org/jira/images/icons/priorities/major.svg">Major</priority>
                        <status id="6" iconUrl="https://issues.apache.org/jira/images/icons/statuses/closed.png" description="The issue is considered finished, the resolution is correct. Issues which are not closed can be reopened.">Closed</status>
                    <statusCategory id="3" key="done" colorName="green" />
                                    <resolution id="8">Not A Problem</resolution>
                                        <assignee username="-1">Unassigned</assignee>
                                    <reporter username="pprasadniet">Pappu Prasad</reporter>
                        <labels>
                    </labels>
                <created>Sun, 30 Nov 2014 12:48:36 +0000</created>
                <updated>Sun, 30 Nov 2014 18:13:43 +0000</updated>
                            <resolved>Sun, 30 Nov 2014 18:07:39 +0000</resolved>
                                                                        <due />
                            <votes>0</votes>
                                    <watches>0</watches>
                                                                <comments>
                            <comment id="14229182" author="sebb@apache.org" created="Sun, 30 Nov 2014 18:07:39 +0000">&lt;p&gt;JIRA is not a support forum.&lt;br/&gt;
Please subscribe to the user list and ask there.&lt;/p&gt;</comment>
                            <comment id="14229185" author="pprasadniet" created="Sun, 30 Nov 2014 18:13:43 +0000">&lt;p&gt;Ok.Thanks a lot for the info.&lt;/p&gt;</comment>
                    </comments>
                    <attachments>
                    </attachments>
                <subtasks>
                    </subtasks>
                <customfields>
                                                                                                                                                                                                                                                                                                                                                                                                                                                                                                                                                                                                                                                                                                                    <customfield id="customfield_12314020" key="com.atlassian.jira.plugins.jira-development-integration-plugin:devsummary">
                        <customfieldname>Development</customfieldname>
                        <customfieldvalues>
                            
                        </customfieldvalues>
                    </customfield>
                                                                                                                        <customfield id="customfield_12313422" key="com.atlassian.jirafisheyeplugin:jobcheckbox">
                        <customfieldname>Enable Automatic Patch Review</customfieldname>
                        <customfieldvalues>
                            <customfieldvalue>false</customfieldvalue>

                        </customfieldvalues>
                    </customfield>
                                                                                                                                                                                                                                                                                                                                                                                                                                                                                                                                                                                                                                                <customfield id="customfield_12310420" key="com.pyxis.greenhopper.jira:gh-global-rank">
                        <customfieldname>Global Rank</customfieldname>
                        <customfieldvalues>
                            <customfieldvalue>9223372036854775807</customfieldvalue>
                        </customfieldvalues>
                    </customfield>
                                                                                                                                                                                                                                                                                                                                                                                                                                                                        <customfield id="customfield_12311820" key="com.pyxis.greenhopper.jira:gh-lexo-rank">
                        <customfieldname>Rank</customfieldname>
                        <customfieldvalues>
                            <customfieldvalue>0|i22wan:</customfieldvalue>

                        </customfieldvalues>
                    </customfield>
                                                                <customfield id="customfield_12310920" key="com.pyxis.greenhopper.jira:gh-global-rank">
                        <customfieldname>Rank (Obsolete)</customfieldname>
                        <customfieldvalues>
                            <customfieldvalue>9223372036854775807</customfieldvalue>
                        </customfieldvalues>
                    </customfield>
                                                                                                                                                                                                                                                                                                                                                                                                                                                                                                                                                                                                                                                                                                                                                                                            </customfields>
    </item>


</channel>
</rss>