<rss version="0.92">
    <channel>
        <title>ASF JIRA</title>
        <link>https://issues.apache.org/jira/issues/?jql=project+%3D+NET+AND+type+%3D+bug+and+%28status+%3D+RESOLVED+or+status+%3D+closed%29</link>
        <description>An XML representation of a search request</description>
                <language>en-uk</language>
                        <issue start="0" end="464" total="464" />
                <build-info>
            <version>8.20.7</version>
            <build-number>820007</build-number>
            <build-date>16-03-2022</build-date>
        </build-info>

<item>
            <title>[NET-173] Duplicate IAC when sending a IAC using TelnetClient.getOutputStream()</title>
                <link>https://issues.apache.org/jira/browse/NET-173</link>
                <project id="12310487" key="NET">Commons Net</project>
                    <description>&lt;p&gt;TelnetOutputStream.java appears to have a bug that if we send a IAC to the stream returned by TelnetClient.getOutputStream() we get duplicate IAC commands to the telnet server.&lt;/p&gt;

&lt;p&gt;I looked through the code and I think I have found the reason.&lt;/p&gt;

&lt;p&gt;Line 82-85 appears to just send two IAC commands.&lt;br/&gt;
82                  case TelnetCommand.IAC:&lt;br/&gt;
83                      __client._sendByte(TelnetCommand.IAC);&lt;br/&gt;
84                      __client._sendByte(TelnetCommand.IAC);&lt;br/&gt;
85                      break;&lt;/p&gt;

&lt;p&gt;Line 91-95 appears to send the original character (which is a IAC) and a IAC thus producing two IACs in the stream.&lt;br/&gt;
91              else if (ch == TelnetCommand.IAC)&lt;br/&gt;
92              &lt;/p&gt;
{
93                  __client._sendByte(ch);
94                  __client._sendByte(TelnetCommand.IAC);
95              }&lt;br/&gt;
&lt;br/&gt;
&lt;br/&gt;
&lt;br/&gt;
50      public void write(int ch) throws IOException&lt;br/&gt;
51      {&lt;br/&gt;
52  &lt;br/&gt;
53          synchronized (__client)&lt;br/&gt;
54          {&lt;br/&gt;
55              ch &amp;amp;= 0xff;&lt;br/&gt;
56  &lt;br/&gt;
57              if (__client._requestedWont(TelnetOption.BINARY))&lt;br/&gt;
58              {&lt;br/&gt;
59                  if (__lastWasCR)&lt;br/&gt;
60                  {&lt;br/&gt;
61                      if (__convertCRtoCRLF)this&lt;br/&gt;
62                      {&lt;br/&gt;
63                          __client._sendByte('\n');&lt;br/&gt;
64                          if (ch == '\n')&lt;br/&gt;
65                          {
66                              __lastWasCR = false;
67                              return ;
68                          }&lt;br/&gt;
69                      }&lt;br/&gt;
70                      else if (ch != '\n')&lt;br/&gt;
71                          __client._sendByte('\0');&lt;br/&gt;
72                  }&lt;br/&gt;
73  &lt;br/&gt;
74                  __lastWasCR = false;&lt;br/&gt;
75  &lt;br/&gt;
76                  switch (ch)&lt;br/&gt;
77                  {
78                  case '\r':
79                      __client._sendByte('\r');
80                      __lastWasCR = true;
81                      break;
82                  case TelnetCommand.IAC:
83                      __client._sendByte(TelnetCommand.IAC);
84                      __client._sendByte(TelnetCommand.IAC);
85                      break;
86                  default:
87                      __client._sendByte(ch);
88                      break;
89                  }&lt;br/&gt;
90              }&lt;br/&gt;
91              else if (ch == TelnetCommand.IAC)&lt;br/&gt;
92              {93                  __client._sendByte(ch);94                  __client._sendByte(TelnetCommand.IAC);95              }
&lt;p&gt;96              else&lt;br/&gt;
97                  __client._sendByte(ch);&lt;br/&gt;
98          }&lt;br/&gt;
99      }&lt;/p&gt;</description>
                <environment>&lt;p&gt;Linux &lt;/p&gt;</environment>
        <key id="12382020">NET-173</key>
            <summary>Duplicate IAC when sending a IAC using TelnetClient.getOutputStream()</summary>
                <type id="1" iconUrl="https://issues.apache.org/jira/secure/viewavatar?size=xsmall&amp;avatarId=21133&amp;avatarType=issuetype">Bug</type>
                                            <priority id="1" iconUrl="https://issues.apache.org/jira/images/icons/priorities/blocker.svg">Blocker</priority>
                        <status id="6" iconUrl="https://issues.apache.org/jira/images/icons/statuses/closed.png" description="The issue is considered finished, the resolution is correct. Issues which are not closed can be reopened.">Closed</status>
                    <statusCategory id="3" key="done" colorName="green" />
                                    <resolution id="8">Not A Problem</resolution>
                                        <assignee username="-1">Unassigned</assignee>
                                    <reporter username="scottburch">Scott Burch</reporter>
                        <labels>
                    </labels>
                <created>Wed, 7 Nov 2007 16:37:28 +0000</created>
                <updated>Fri, 12 Dec 2014 17:17:42 +0000</updated>
                            <resolved>Fri, 12 Dec 2014 17:17:33 +0000</resolved>
                                    <version>1.4</version>
                                                        <due />
                            <votes>0</votes>
                                    <watches>0</watches>
                                                                <comments>
                            <comment id="12572412" author="rwinston@eircom.net" created="Tue, 26 Feb 2008 10:49:31 +0000">&lt;p&gt;Can you supply a patch for this?&lt;/p&gt;</comment>
                            <comment id="12597535" author="sebb@apache.org" created="Fri, 16 May 2008 16:26:57 +0000">&lt;p&gt;Surely the IAC character is used as an escape character and a command introducer?&lt;/p&gt;

&lt;p&gt;So I think it needs to be duplicated.&lt;/p&gt;</comment>
                            <comment id="12597536" author="sebb@apache.org" created="Fri, 16 May 2008 16:28:12 +0000">&lt;p&gt;&lt;a href="https://issues.apache.org/jira/browse/NET-89" title="[net] TelnetClient broken for binary transmissions + solution" class="issue-link" data-issue-key="NET-89"&gt;&lt;del&gt;NET-89&lt;/del&gt;&lt;/a&gt; points out that duplicated IACs need to be treated as IAC.&lt;/p&gt;</comment>
                            <comment id="12597539" author="scottburch" created="Fri, 16 May 2008 16:33:05 +0000">&lt;p&gt;That is not a very good work around because then it will not work with terminals that conform to the standards.  Breaking the standards on both ends is not a solution.  I had problems talking to a mini computer not running this stack. &lt;/p&gt;

&lt;p&gt;The best solution is to fix this so that it sends the right commands to match the RFC.&lt;/p&gt;
</comment>
                            <comment id="12597550" author="sebb@apache.org" created="Fri, 16 May 2008 17:15:07 +0000">&lt;p&gt;AFAIK, the Telnet standard is RFC854: &lt;a href="http://www.ietf.org/rfc/rfc854.txt" class="external-link" target="_blank" rel="nofollow noopener"&gt;http://www.ietf.org/rfc/rfc854.txt&lt;/a&gt;.&lt;/p&gt;

&lt;p&gt;This says in section "TELNET COMMAND STRUCTURE" top of page 14:&lt;/p&gt;

&lt;blockquote&gt;
&lt;p&gt;   inefficiency, of "escaping" the data bytes into the stream.  With the&lt;br/&gt;
   current set-up, only the IAC need be doubled to be sent as data, and&lt;br/&gt;
   the other 255 codes may be passed transparently."&lt;/p&gt;&lt;/blockquote&gt;

&lt;p&gt;This is presumably the reason for the doubling seen in TelnetOutputStream.java&lt;/p&gt;</comment>
                            <comment id="12597553" author="scottburch" created="Fri, 16 May 2008 17:33:08 +0000">&lt;p&gt;Thank you for sending that.&lt;/p&gt;

&lt;p&gt;Now, I think I know where the confusion is.  What I was trying to do was send a command.  I think what that part of the RFC was talking about was escaping 0xFF characters.&lt;/p&gt;

&lt;p&gt;What I could not find was a way to send a command because (if I remember right) the stacks were hard wired together and could not be broken apart.&lt;/p&gt;

&lt;p&gt;So, what I tried to do was send a IAC-COMMAND and what was coming out was IAC-IAC-COMMAND which the other end recognized as a IAC-0xFF substituting the second IAC for command.  Then getting my COMMAND as data&lt;/p&gt;

&lt;p&gt;I could not find a way around this, so we went with a different library.&lt;/p&gt;
</comment>
                            <comment id="12597555" author="sebb@apache.org" created="Fri, 16 May 2008 17:49:31 +0000">&lt;p&gt;So can this issue be closed?&lt;/p&gt;</comment>
                            <comment id="12597557" author="scottburch" created="Fri, 16 May 2008 18:06:30 +0000">&lt;p&gt;If sending commands is not part of the library.  Then yes.  I now understand why my first assumption was wrong.&lt;/p&gt;

&lt;p&gt;Unless you know of a way to send a command that I could not find.&lt;/p&gt;</comment>
                            <comment id="13001836" author="sebb@apache.org" created="Thu, 3 Mar 2011 02:45:05 +0000">&lt;p&gt;Note that TelnetClient#sendSubNegotiation(int []) can be used to send an IAC SB n n n IAC SE sequence, but currently there is no way to send other IAC commands.&lt;/p&gt;</comment>
                            <comment id="13001837" author="sebb@apache.org" created="Thu, 3 Mar 2011 02:48:34 +0000">&lt;p&gt;Also one can send options when opening a connection (via a TelnetOptionHandler), and there is TelnetClient#sendAYT(long).&lt;/p&gt;</comment>
                    </comments>
                <issuelinks>
                            <issuelinktype id="10030">
                    <name>Reference</name>
                                                                <inwardlinks description="is related to">
                                        <issuelink>
            <issuekey id="12342225">NET-89</issuekey>
        </issuelink>
            <issuelink>
            <issuekey id="12500266">NET-361</issuekey>
        </issuelink>
                            </inwardlinks>
                                    </issuelinktype>
                    </issuelinks>
                <attachments>
                    </attachments>
                <subtasks>
                    </subtasks>
                <customfields>
                                                                                                                                                                                                                                                                                                                                                                                                                                                                                                                                                                                                                                                                                                                    <customfield id="customfield_12314020" key="com.atlassian.jira.plugins.jira-development-integration-plugin:devsummary">
                        <customfieldname>Development</customfieldname>
                        <customfieldvalues>
                            
                        </customfieldvalues>
                    </customfield>
                                                                                                                        <customfield id="customfield_12313422" key="com.atlassian.jirafisheyeplugin:jobcheckbox">
                        <customfieldname>Enable Automatic Patch Review</customfieldname>
                        <customfieldvalues>
                            <customfieldvalue>false</customfieldvalue>

                        </customfieldvalues>
                    </customfield>
                                                                                                                                                                                                                                                                                                                                                                                                                                                                                                                                                                                                                                                <customfield id="customfield_12310420" key="com.pyxis.greenhopper.jira:gh-global-rank">
                        <customfieldname>Global Rank</customfieldname>
                        <customfieldvalues>
                            <customfieldvalue>154507</customfieldvalue>
                        </customfieldvalues>
                    </customfield>
                                                                                                                                                                                                                                                                                                                                                                                                                                                                        <customfield id="customfield_12311820" key="com.pyxis.greenhopper.jira:gh-lexo-rank">
                        <customfieldname>Rank</customfieldname>
                        <customfieldvalues>
                            <customfieldvalue>0|i0lpfr:</customfieldvalue>

                        </customfieldvalues>
                    </customfield>
                                                                <customfield id="customfield_12310920" key="com.pyxis.greenhopper.jira:gh-global-rank">
                        <customfieldname>Rank (Obsolete)</customfieldname>
                        <customfieldvalues>
                            <customfieldvalue>124772</customfieldvalue>
                        </customfieldvalues>
                    </customfield>
                                                                                                                                                                                                                                                                                                                                                                                                                                                                                                                                                                                                                                                                                                                                                                                            </customfields>
    </item>


</channel>
</rss>