<rss version="0.92">
    <channel>
        <title>ASF JIRA</title>
        <link>https://issues.apache.org/jira/issues/?jql=project+%3D+NET+AND+type+%3D+bug+and+%28status+%3D+RESOLVED+or+status+%3D+closed%29</link>
        <description>An XML representation of a search request</description>
                <language>en-uk</language>
                        <issue start="0" end="464" total="464" />
                <build-info>
            <version>8.20.7</version>
            <build-number>820007</build-number>
            <build-date>16-03-2022</build-date>
        </build-info>

<item>
            <title>[NET-99] [net] MVSFTPEntryParser.java only halfway implemented</title>
                <link>https://issues.apache.org/jira/browse/NET-99</link>
                <project id="12310487" key="NET">Commons Net</project>
                    <description>&lt;p&gt;I have been chasing some bugs when using the ant ftp task, and some problems&lt;br/&gt;
stem from the parsing of the result of the ftp list command.&lt;/p&gt;

&lt;p&gt;The file structure of MVS is not a hierarchical filesystem, but it has a&lt;br/&gt;
directory concept known as partition organized datasets. These can be compared&lt;br/&gt;
to a single level directory.&lt;/p&gt;

&lt;p&gt;The current parser does not take these into account.&lt;/p&gt;</description>
                <environment>&lt;p&gt;Operating System: other&lt;br/&gt;
Platform: Other&lt;/p&gt;</environment>
        <key id="12342993">NET-99</key>
            <summary>[net] MVSFTPEntryParser.java only halfway implemented</summary>
                <type id="1" iconUrl="https://issues.apache.org/jira/secure/viewavatar?size=xsmall&amp;avatarId=21133&amp;avatarType=issuetype">Bug</type>
                                            <priority id="3" iconUrl="https://issues.apache.org/jira/images/icons/priorities/major.svg">Major</priority>
                        <status id="6" iconUrl="https://issues.apache.org/jira/images/icons/statuses/closed.png" description="The issue is considered finished, the resolution is correct. Issues which are not closed can be reopened.">Closed</status>
                    <statusCategory id="3" key="done" colorName="green" />
                                    <resolution id="1">Fixed</resolution>
                                        <assignee username="-1">Unassigned</assignee>
                                    <reporter username="henrik.sorensen@balcab.ch">henrik sorensen</reporter>
                        <labels>
                    </labels>
                <created>Mon, 27 Mar 2006 05:15:08 +0000</created>
                <updated>Wed, 6 Dec 2006 09:45:51 +0000</updated>
                            <resolved>Wed, 6 Dec 2006 09:45:52 +0000</resolved>
                                                                        <due />
                            <votes>1</votes>
                                    <watches>0</watches>
                                                                <comments>
                            <comment id="12411649" author="henrik.sorensen@balcab.ch" created="Mon, 27 Mar 2006 05:16:58 +0000">&lt;p&gt;Created an attachment (id=17989)&lt;br/&gt;
MVSFTPEntryParser.java replacement&lt;/p&gt;

&lt;p&gt;for review, note there is a lot of debug info, and further note, I am not &lt;br/&gt;
really a java programmer but are willing to learn, so just shoot on whatever &lt;br/&gt;
is moving ...&lt;/p&gt;</comment>
                            <comment id="12411650" author="henrik.sorensen@balcab.ch" created="Mon, 27 Mar 2006 13:04:46 +0000">&lt;p&gt;added &lt;span class="error"&gt;&amp;#91;net&amp;#93;&lt;/span&gt; to summary, and keyword PatchAvailable&lt;/p&gt;</comment>
                            <comment id="12411651" author="scohen@apache.org" created="Tue, 28 Mar 2006 10:22:34 +0000">&lt;p&gt;You are quite correct.  I remember thinking the same thing when this code was&lt;br/&gt;
submitted.  However, it filled the needs of the original author and was better&lt;br/&gt;
than nothing.  &lt;/p&gt;

&lt;p&gt;None of the committers has access to an MVS system or any knowledge of it, as&lt;br/&gt;
you apparently do.  And so, the bottom line is, we humbly request you, in the&lt;br/&gt;
spirit of Open Source, to contribute a fully implemented parser, since you have&lt;br/&gt;
the expertise.  We'll be happy to commit such a contribution if you submit it,&lt;br/&gt;
and help you get it done if you aren't familiar with the process.&lt;/p&gt;
</comment>
                            <comment id="12411652" author="henrik.sorensen@balcab.ch" created="Wed, 29 Mar 2006 04:53:13 +0000">&lt;p&gt;thanks for taking this into consideration.&lt;br/&gt;
I am more than willing to get this committed, so what is the process ?&lt;/p&gt;

&lt;p&gt;Must the copyright be assigned to Apache.org, and is so what are the paper work&lt;br/&gt;
needed for this ?&lt;/p&gt;

&lt;p&gt;For the code ...&lt;br/&gt;
Since I do not use the Regex for the file name parsing, which xxxxFtpParserImpl&lt;br/&gt;
should be extended ?&lt;/p&gt;</comment>
                            <comment id="12411653" author="scohen@apache.org" created="Fri, 31 Mar 2006 11:48:09 +0000">&lt;p&gt;To answer your question, I guess your choices are&lt;/p&gt;

&lt;p&gt;1.  Redo your code to use Regular Expressions and inherit from&lt;br/&gt;
ConfigurableFTPFileEntryParserImpl which would be my recommendation.&lt;/p&gt;

&lt;p&gt;2.  If really don't want to use regex or it's impossible to write the parser&lt;br/&gt;
this way (i can't tell from your patch), then you should probably inherit from&lt;br/&gt;
FTPFileEntryParserImpl &lt;/p&gt;

&lt;p&gt;As far as copyright goes, just start with what's in MVSFTPEntryParser.java.  You&lt;br/&gt;
can change every line of code after that if you like.&lt;/p&gt;

&lt;p&gt;However, it looks like you still have some work to do.  Your code, I see, still&lt;br/&gt;
has TODOs in it.  If you're going to change the parser implementation, let's get&lt;br/&gt;
as complete an implementation as you can.  &lt;/p&gt;

&lt;p&gt;Out of curiosity, would you mind also explaining for our benefit what these ZOS&lt;br/&gt;
and PDS things are?  Comments might be a good place to do that.  This OS is much&lt;br/&gt;
different from many of the others we handle.&lt;/p&gt;

&lt;p&gt;Finally, don't forget the JUnit tests.  Please do not submit your patch until&lt;br/&gt;
all existing tests pass.  And please add more tests that exercise the new&lt;br/&gt;
functionalities you are adding.&lt;/p&gt;
</comment>
                            <comment id="12411654" author="henrik.sorensen@balcab.ch" created="Thu, 6 Apr 2006 02:36:15 +0000">&lt;p&gt;this is my current comments in my working version of MVSFTPEntryParser.java. &lt;/p&gt;

&lt;p&gt;try to read it and let know if it is understandable. &lt;/p&gt;

&lt;p&gt;/* &lt;/p&gt;
&lt;ul&gt;
	&lt;li&gt;Very brief and imcomplete description of the zOS/MVS-filesystem.&lt;/li&gt;
	&lt;li&gt;(Note: "zOS" is the operating system on the mainframe,&lt;/li&gt;
	&lt;li&gt;and is the new name for MVS)&lt;/li&gt;
	&lt;li&gt;&lt;/li&gt;
	&lt;li&gt;The filesystem on the mainframe does not have hierarchal structure as&lt;/li&gt;
	&lt;li&gt;for example the unix filesystem.&lt;/li&gt;
	&lt;li&gt;For a more comprehensive description, please refer to the IBM manuals&lt;/li&gt;
	&lt;li&gt;@LINK:www.ibm....&lt;/li&gt;
	&lt;li&gt;&lt;/li&gt;
	&lt;li&gt;Dataset names&lt;/li&gt;
	&lt;li&gt;=============&lt;/li&gt;
	&lt;li&gt;&lt;/li&gt;
	&lt;li&gt;A dataset name consist of a number of qualifiers separated by '.',&lt;/li&gt;
	&lt;li&gt;each qualifier can be at most 8 characters, and the total length&lt;/li&gt;
	&lt;li&gt;of a dataset can be max 44 characters including the dots.&lt;/li&gt;
	&lt;li&gt;&lt;/li&gt;
	&lt;li&gt;&lt;/li&gt;
	&lt;li&gt;Dataset organisation&lt;/li&gt;
	&lt;li&gt;====================&lt;/li&gt;
	&lt;li&gt;&lt;/li&gt;
	&lt;li&gt;A dataset represents a piece of storage allocated on one or more disks.&lt;/li&gt;
	&lt;li&gt;The structure of the storage is described with the field dataset&lt;br/&gt;
organinsation (DSORG). &lt;/li&gt;
	&lt;li&gt;There are a number of dataset organisations, but only two are usable for FTP&lt;br/&gt;
transfer. &lt;/li&gt;
	&lt;li&gt;&lt;/li&gt;
	&lt;li&gt;DSORG:&lt;/li&gt;
	&lt;li&gt;PS: sequential, or flat file&lt;/li&gt;
	&lt;li&gt;PO: partitioned dataset&lt;/li&gt;
	&lt;li&gt;PO-E: extended partitioned dataset&lt;/li&gt;
	&lt;li&gt;&lt;/li&gt;
	&lt;li&gt;The PS file is just a flat file, as you would find it on the unix&lt;/li&gt;
	&lt;li&gt;file system.&lt;/li&gt;
	&lt;li&gt;&lt;/li&gt;
	&lt;li&gt;The PO and PO-E files, can be compared to a single level directory&lt;br/&gt;
structure. &lt;/li&gt;
	&lt;li&gt;A PO file consist of a number of dataset members, or files if you&lt;/li&gt;
	&lt;li&gt;will. It is possible to CD into the file, and to retrieve the&lt;/li&gt;
	&lt;li&gt;individual members.&lt;/li&gt;
	&lt;li&gt;&lt;/li&gt;
	&lt;li&gt;&lt;/li&gt;
	&lt;li&gt;Dataset record format&lt;/li&gt;
	&lt;li&gt;=====================&lt;/li&gt;
	&lt;li&gt;&lt;/li&gt;
	&lt;li&gt;The physical layout of the dataset is described on the dataset itself.&lt;/li&gt;
	&lt;li&gt;There are a number of record formats (RECFM), but just a few is relavant for&lt;/li&gt;
	&lt;li&gt;the FTP transfer.&lt;/li&gt;
	&lt;li&gt;&lt;/li&gt;
	&lt;li&gt;Any one beginning with either F or V can safely used by FTP transfer.&lt;/li&gt;
	&lt;li&gt;All others should only be used with great care.&lt;/li&gt;
	&lt;li&gt;F means a fixed number of records per allocated storage, and V means a&lt;br/&gt;
variable  &lt;/li&gt;
	&lt;li&gt;number of records.&lt;/li&gt;
	&lt;li&gt;&lt;/li&gt;
	&lt;li&gt;&lt;/li&gt;
	&lt;li&gt;Other notes&lt;/li&gt;
	&lt;li&gt;===========&lt;/li&gt;
	&lt;li&gt;&lt;/li&gt;
	&lt;li&gt;The file system supports automatically backup and retrieval of datasets. If&lt;br/&gt;
a &lt;/li&gt;
	&lt;li&gt;file is backed up, the ftp LIST command will return:&lt;/li&gt;
	&lt;li&gt;ARCIVE Not Direct Access Device                KJ.IOP998.ERROR.PL.UNITTEST&lt;/li&gt;
	&lt;li&gt;&lt;/li&gt;
	&lt;li&gt;&lt;/li&gt;
	&lt;li&gt;Implementation notes&lt;/li&gt;
	&lt;li&gt;====================&lt;/li&gt;
	&lt;li&gt;&lt;/li&gt;
	&lt;li&gt;Only datasets that have dsorg PS, PO or PO-E and have recfm&lt;/li&gt;
	&lt;li&gt;beginning with F or V, is fully parsed.&lt;/li&gt;
	&lt;li&gt;&lt;/li&gt;
	&lt;li&gt;The following fields in FTPFile is used:&lt;/li&gt;
	&lt;li&gt;FTPFile.Rawlisting: Always set.&lt;/li&gt;
	&lt;li&gt;FTPFile.Type: DIRECTORY_TYPE or FILE_TYPE or UNKNOWN or null&lt;/li&gt;
	&lt;li&gt;FTPFile.Name: name or null&lt;/li&gt;
	&lt;li&gt;FTPFile.Timestamp: create time or null&lt;/li&gt;
	&lt;li&gt;&lt;p&gt; */ &lt;/p&gt;&lt;/li&gt;
&lt;/ul&gt;




&lt;p&gt;/* Format of ZOS/MVS file list: &lt;/p&gt;
&lt;ul&gt;
	&lt;li&gt;0    1         2      3    4    5      6     7    8     9&lt;/li&gt;
	&lt;li&gt;Volume Unit    Referred Ext Used Recfm Lrecl BlkSz Dsorg Dsname&lt;/li&gt;
	&lt;li&gt;B10142 3390   2006/03/20  2   31  F       80    80  PS  MDI.OKL.WORK&lt;/li&gt;
	&lt;li&gt;ARCIVE Not Direct Access Device                 KJ.IOP998.ERROR.PL.UNITTEST&lt;/li&gt;
	&lt;li&gt;B1N231 3390   2006/03/20  1   15  VB     256 27998  PO   PLU&lt;/li&gt;
	&lt;li&gt;B1N231 3390   2006/03/20  1   15  VB     256 27998  PO-E PLB&lt;/li&gt;
	&lt;li&gt;&lt;p&gt; */ &lt;br/&gt;
 /* ----------------------------------- &lt;/p&gt;&lt;/li&gt;
	&lt;li&gt;&lt;span class="error"&gt;&amp;#91;0&amp;#93;&lt;/span&gt; Volume&lt;/li&gt;
	&lt;li&gt;&lt;span class="error"&gt;&amp;#91;1&amp;#93;&lt;/span&gt; Unit&lt;/li&gt;
	&lt;li&gt;&lt;span class="error"&gt;&amp;#91;2&amp;#93;&lt;/span&gt; Referred&lt;/li&gt;
	&lt;li&gt;&lt;span class="error"&gt;&amp;#91;3&amp;#93;&lt;/span&gt; Ext: number of extents&lt;/li&gt;
	&lt;li&gt;&lt;span class="error"&gt;&amp;#91;4&amp;#93;&lt;/span&gt; Used&lt;/li&gt;
	&lt;li&gt;&lt;span class="error"&gt;&amp;#91;5&amp;#93;&lt;/span&gt; Recfm: Record format&lt;/li&gt;
	&lt;li&gt;&lt;span class="error"&gt;&amp;#91;6&amp;#93;&lt;/span&gt; Lrecl: Logical record length&lt;/li&gt;
	&lt;li&gt;&lt;span class="error"&gt;&amp;#91;7&amp;#93;&lt;/span&gt; BlkSz: Block size&lt;/li&gt;
	&lt;li&gt;&lt;span class="error"&gt;&amp;#91;8&amp;#93;&lt;/span&gt; Dsorg: Dataset organisation. Many exists but only support: PS, PO, PO-E&lt;/li&gt;
	&lt;li&gt;&lt;span class="error"&gt;&amp;#91;9&amp;#93;&lt;/span&gt; Dsname: Dataset name&lt;/li&gt;
	&lt;li&gt;&lt;/li&gt;
	&lt;li&gt;Note: When volume is ARCIVE, it means the dataset is stored somewhere in&lt;/li&gt;
	&lt;li&gt;a tape archive. These entries is currently not supported by this&lt;/li&gt;
	&lt;li&gt;parser. A null value is returned.&lt;/li&gt;
	&lt;li&gt;&lt;/li&gt;
	&lt;li&gt;&lt;p&gt;  */ &lt;br/&gt;
// dsorg last two tokens describe file: &lt;br/&gt;
// 'PS': sequential file &lt;br/&gt;
// 'PO': partioned dataset PDS &lt;br/&gt;
// 'PO-E': PDS Library &lt;br/&gt;
// '  ': unknown, probably archived. &lt;/p&gt;&lt;/li&gt;
&lt;/ul&gt;


&lt;p&gt;/* &lt;/p&gt;
&lt;ul&gt;
	&lt;li&gt;Format of a PDS:&lt;/li&gt;
	&lt;li&gt;0         1        2          3        4     5     6      7    8&lt;/li&gt;
	&lt;li&gt;Name      VV.MM   Created       Changed      Size  Init   Mod   Id&lt;/li&gt;
	&lt;li&gt;TBSHELF   01.03 2002/09/12 2002/10/11 09:37    11    11     0 KIL001&lt;/li&gt;
	&lt;li&gt;TBTOOL    01.12 2002/09/12 2004/11/26 19:54    51    28     0 KIL001&lt;/li&gt;
	&lt;li&gt;&lt;p&gt; */ &lt;br/&gt;
/* &lt;/p&gt;&lt;/li&gt;
	&lt;li&gt;&lt;span class="error"&gt;&amp;#91;0&amp;#93;&lt;/span&gt; Name&lt;/li&gt;
	&lt;li&gt;&lt;span class="error"&gt;&amp;#91;1&amp;#93;&lt;/span&gt; VV.MM: Version . modification&lt;/li&gt;
	&lt;li&gt;&lt;span class="error"&gt;&amp;#91;2&amp;#93;&lt;/span&gt; Created: yyyy / MM / dd&lt;/li&gt;
	&lt;li&gt;&lt;span class="error"&gt;&amp;#91;3,4&amp;#93;&lt;/span&gt; Changed: yyyy / MM / dd  HH:mm&lt;/li&gt;
	&lt;li&gt;&lt;span class="error"&gt;&amp;#91;5&amp;#93;&lt;/span&gt; Size: number of lines&lt;/li&gt;
	&lt;li&gt;&lt;span class="error"&gt;&amp;#91;6&amp;#93;&lt;/span&gt; Init: number of lines when first created&lt;/li&gt;
	&lt;li&gt;&lt;span class="error"&gt;&amp;#91;7&amp;#93;&lt;/span&gt; Mod: number of modified lines a last save&lt;/li&gt;
	&lt;li&gt;&lt;span class="error"&gt;&amp;#91;8&amp;#93;&lt;/span&gt; Id: User id for last update&lt;/li&gt;
	&lt;li&gt;&lt;p&gt; */ &lt;/p&gt;&lt;/li&gt;
&lt;/ul&gt;

</comment>
                            <comment id="12411655" author="henrik.sorensen@balcab.ch" created="Fri, 7 Apr 2006 19:17:43 +0000">&lt;p&gt;Created an attachment (id=18038)&lt;br/&gt;
MVSFTPEntryParser.java replacement v2.&lt;/p&gt;

&lt;p&gt;this is a much cleaned up version of the MVSFTP parser.&lt;br/&gt;
TODO:&lt;/p&gt;
&lt;ul class="alternate" type="square"&gt;
	&lt;li&gt;make it configurable&lt;/li&gt;
	&lt;li&gt;figure out how to report errors&lt;/li&gt;
&lt;/ul&gt;
</comment>
                            <comment id="12411656" author="scohen@apache.org" created="Sun, 9 Apr 2006 00:16:09 +0000">&lt;p&gt;Thanks very much for your comments on this OS.  They help me to finally&lt;br/&gt;
understand what it is we are working with here.&lt;/p&gt;


&lt;p&gt;OK, here's what I think we'll do.  I just noticed upthread your "I am not a java&lt;br/&gt;
programmer" which explains why you're not using the regex thing, and a few other&lt;br/&gt;
things I'd wondered about that a java programmer might know about but you may&lt;br/&gt;
not.  I wouldn't expect you to write JUnit tests for example as a non-java&lt;br/&gt;
programmer. &lt;/p&gt;

&lt;p&gt;Let me have a whack at what you have done.  Now that I understand the code, I&lt;br/&gt;
can probably find the best way to fit it into our system.  Then I'll send it&lt;br/&gt;
back to you for testing, and we'll work collaboratively.  Does that sound okay&lt;br/&gt;
to you?&lt;/p&gt;</comment>
                            <comment id="12411657" author="scohen@apache.org" created="Sun, 9 Apr 2006 06:44:25 +0000">&lt;p&gt;henrik - one thing I notice in your code compared with the previous - in the&lt;br/&gt;
"FILELIST" mode, according to the guy who contributed the previous code, the&lt;br/&gt;
"date" field is a "Date Last Accessed" and therefore not suitable for the&lt;br/&gt;
timestamp field of FTPFile which assumes "Date Modified" semantics (for example&lt;br/&gt;
the FTP tasks of Ant will use this for "newer" comparisons.  Do you know if he&lt;br/&gt;
was right?&lt;/p&gt;</comment>
                            <comment id="12411658" author="scohen@apache.org" created="Mon, 10 Apr 2006 04:13:13 +0000">&lt;p&gt;Created an attachment (id=18048)&lt;br/&gt;
Candidate replacement 3 - from Steve Cohen&lt;/p&gt;

&lt;p&gt;henrik - please have a look at this file.  I believe it does basically the same&lt;br/&gt;
thing as yours albeit in a much different way.	We use&lt;br/&gt;
CompositeFileEntryParser, which delegates to two internal classes, one for the&lt;br/&gt;
"Memberlist" and one for the "FileList".  Anything else is rejected.  It uses&lt;br/&gt;
regexes, which, once you get over the hump, add clarity to the process.&lt;/p&gt;

&lt;p&gt;I don't want to commit this until you have had a chance to test it in your&lt;br/&gt;
environment.  Also, this breaks existing JUnit tests which, in my opinion,&lt;br/&gt;
weren't very robust anyway.  If you understand JUnit, please have a look and&lt;br/&gt;
see what you can do.  If you don't understand JUnit, could you please attach&lt;br/&gt;
lists of good and bad listings that we can work into a test?&lt;/p&gt;

&lt;p&gt;As per earlier note, this FileList parser doesn't do anything with the date,&lt;br/&gt;
which I believe has "last access" semantics, not "last modified" semantics,&lt;br/&gt;
which is what we need for the date to be of value.&lt;/p&gt;

&lt;p&gt;Please send me your comments, and thanks for your contributions, without which&lt;br/&gt;
mine would not have been possible.&lt;/p&gt;</comment>
                            <comment id="12411659" author="scohen@apache.org" created="Mon, 10 Apr 2006 05:40:39 +0000">&lt;p&gt;Created an attachment (id=18049)&lt;br/&gt;
Candidate replacement 4 - from Steve Cohen&lt;/p&gt;

&lt;p&gt;Yet another attachment.  I realized I could do some testing, and the previous&lt;br/&gt;
patch failed.  This one does better.&lt;/p&gt;

&lt;p&gt;henrik - please note that the way you were doing it, and the way my previous&lt;br/&gt;
attachment was doing it violated the agreed-upon semantics of these parsers -&lt;br/&gt;
when an entry cannot be parsed, null must be returned, NOT an FTPFile with only&lt;br/&gt;
the rawListing field filled in.  We had this argument a few years back and&lt;br/&gt;
while neither way is perfect, it was felt that this way had the fewest&lt;br/&gt;
problems.  It is better to be consistent here, than to try to give the caller&lt;br/&gt;
as much information as possible, which will undoubtedly trip someone up&lt;br/&gt;
somewhere.&lt;/p&gt;</comment>
                            <comment id="12411660" author="henrik.sorensen@balcab.ch" created="Sun, 16 Apr 2006 03:08:10 +0000">&lt;ul class="alternate" type="square"&gt;
	&lt;li&gt;steve,&lt;/li&gt;
&lt;/ul&gt;


&lt;p&gt;thanks for spring cleaning of my code. I will soon try it, and let you know&lt;br/&gt;
about the results.&lt;br/&gt;
Consider me a complete 'junit' illiterate. What do I need to do ?&lt;/p&gt;

&lt;p&gt;Exactly how is the MvsFilelist and MvsMemberlist classes choosen ?&lt;br/&gt;
By trial and error, aka the first parser that does not return null ?&lt;br/&gt;
The problem is that there are at least one more list type beside the two&lt;br/&gt;
mentioned, and more might come.&lt;br/&gt;
The header that is removed in the preparse method is IMO the most reliable way&lt;br/&gt;
to detect which kind of list is coming.&lt;/p&gt;

&lt;p&gt;In the MvsMemberlistFTPEntryParser, you have&lt;br/&gt;
        try&lt;/p&gt;
	        {
	            file.setTimestamp(super.parseTimestamp(datestr));
	        }
&lt;p&gt;	        catch (ParseException e)&lt;/p&gt;
	        {
	        	return null;  // this is a parsing failure too.
	        }
&lt;p&gt;if the date information cannot parse, just set the field to null. There are a&lt;br/&gt;
number of reasons as to why the date cannot parse. It can be blank, or the FTP&lt;br/&gt;
is setup to simply not to return this information.&lt;/p&gt;

&lt;p&gt;Further, in MvsFilelistFTPEntryParser, two comments.&lt;br/&gt;
First the original observation regarding 'referred date' is correct. &lt;br/&gt;
It is a shame the referred date is returned by the ftp LIST command, since it is&lt;br/&gt;
pretty useless, at least for FTP, so it should be kept as null.&lt;/p&gt;

&lt;p&gt;Second, in parseFTPEntry, don't be cheap with the if statements:&lt;br/&gt;
use &lt;br/&gt;
if ("PS".equals(dsorg)) file.setType(FTPFile.FILE_TYPE);&lt;br/&gt;
else if ("PO".equals(dsorg) || "PO-E".equals(dsorg))&lt;br/&gt;
file.setType(FTPFile.DIRECTORY_TYPE);&lt;br/&gt;
else return null;&lt;/p&gt;

&lt;p&gt;it is a matter of style of course, but I doubt this extra if statement costs&lt;br/&gt;
anything.&lt;/p&gt;

&lt;p&gt;Lastly.&lt;br/&gt;
Detection of zOS server&lt;br/&gt;
-----------------------&lt;br/&gt;
Strictly speaking to the check when to use the MVS parser at all, it is not&lt;br/&gt;
enough to check the result of the SYST ftp command. &lt;br/&gt;
Even when the SYST ftp command returns&lt;br/&gt;
'MVS is the operating system of this server. FTP Server is running on z/OS.'&lt;br/&gt;
the server supports two dataset modes.&lt;br/&gt;
The classical unix style and the mentioned zOS filesystem.&lt;br/&gt;
The correct way to check which is active, is to check the first character of the&lt;br/&gt;
PWD ftp command. If it is "/" then use a standard unix parser, and if "'",&lt;br/&gt;
(single quote) then use the MVS parser. &lt;br/&gt;
I am clueless as to where to put this information, but it could probably be done&lt;br/&gt;
with the getDefaultConfiguration method.&lt;br/&gt;
Btw, I would prefer to change the name MVS to new name zOS, but this is probably&lt;br/&gt;
a larger change. Maybe keep the existing parser using the MVS name and mark it&lt;br/&gt;
deprecated, and create a new class using the ZOS name?&lt;/p&gt;

&lt;p&gt;The null issue&lt;br/&gt;
--------------&lt;br/&gt;
If the convention is to return null for unparsed entries then so be it. But how&lt;br/&gt;
the caller can use this null entry is a mystery to me. At least with the&lt;br/&gt;
rawlisting filled, the caller have some chance of at least providing some hints&lt;br/&gt;
to the expected null-pointer exceptions.&lt;/p&gt;</comment>
                            <comment id="12411661" author="scohen@apache.org" created="Tue, 18 Apr 2006 10:00:21 +0000">&lt;p&gt;(In reply to comment #12)&lt;/p&gt;

&lt;p&gt;My comments are inline. &lt;/p&gt;

&lt;p&gt;&amp;gt; - steve,&lt;br/&gt;
&amp;gt; &lt;br/&gt;
&amp;gt; thanks for spring cleaning of my code. I will soon try it, and let you know&lt;br/&gt;
&amp;gt; about the results.&lt;br/&gt;
&amp;gt; Consider me a complete 'junit' illiterate. What do I need to do ?&lt;br/&gt;
&amp;gt; &lt;br/&gt;
&amp;gt; Exactly how is the MvsFilelist and MvsMemberlist classes choosen ?&lt;br/&gt;
&amp;gt; By trial and error, aka the first parser that does not return null ?&lt;/p&gt;

&lt;p&gt;Yes, that is correct.&lt;/p&gt;

&lt;p&gt;&amp;gt; The problem is that there are at least one more list type beside the two&lt;br/&gt;
&amp;gt; mentioned, and more might come.&lt;/p&gt;

&lt;p&gt;Can we get parsers for those?  Is that what you mean by "might come"?&lt;/p&gt;


&lt;p&gt;&amp;gt; The header that is removed in the preparse method is IMO the most reliable way&lt;br/&gt;
&amp;gt; to detect which kind of list is coming.&lt;/p&gt;

&lt;p&gt;You may be right.  I thought about that and thought that this way was most&lt;br/&gt;
faithful to the "Composite" parser concept, but I haven't really made a final&lt;br/&gt;
decision on that yet.  &lt;/p&gt;


&lt;p&gt;&amp;gt; &lt;br/&gt;
&amp;gt; In the MvsMemberlistFTPEntryParser, you have&lt;br/&gt;
&amp;gt;         try&lt;br/&gt;
&amp;gt; 	        &lt;/p&gt;
{
&amp;gt; 	            file.setTimestamp(super.parseTimestamp(datestr));
&amp;gt; 	        }
&lt;p&gt;&amp;gt; 	        catch (ParseException e)&lt;br/&gt;
&amp;gt; 	        &lt;/p&gt;
{
&amp;gt; 	        	return null;  // this is a parsing failure too.
&amp;gt; 	        }
&lt;p&gt;&amp;gt; if the date information cannot parse, just set the field to null. There are a&lt;br/&gt;
&amp;gt; number of reasons as to why the date cannot parse. It can be blank, or the FTP&lt;br/&gt;
&amp;gt; is setup to simply not to return this information.&lt;/p&gt;

&lt;p&gt;Why would the date SOMETIMES be blank.  A system like that violates the usual&lt;br/&gt;
assumptions that these systems behave in a deterministic way.  (I can understand&lt;br/&gt;
if it's a switch that is sometimes turned off.  In your experience, is that very&lt;br/&gt;
common?)&lt;/p&gt;

&lt;p&gt;&amp;gt; &lt;br/&gt;
&amp;gt; Further, in MvsFilelistFTPEntryParser, two comments.&lt;br/&gt;
&amp;gt; First the original observation regarding 'referred date' is correct. &lt;br/&gt;
&amp;gt; It is a shame the referred date is returned by the ftp LIST command, since it is&lt;br/&gt;
&amp;gt; pretty useless, at least for FTP, so it should be kept as null.&lt;br/&gt;
&amp;gt; &lt;br/&gt;
&amp;gt; Second, in parseFTPEntry, don't be cheap with the if statements:&lt;br/&gt;
&amp;gt; use &lt;br/&gt;
&amp;gt; if ("PS".equals(dsorg)) file.setType(FTPFile.FILE_TYPE);&lt;br/&gt;
&amp;gt; else if ("PO".equals(dsorg) || "PO-E".equals(dsorg))&lt;br/&gt;
&amp;gt; file.setType(FTPFile.DIRECTORY_TYPE);&lt;br/&gt;
&amp;gt; else return null;&lt;br/&gt;
&amp;gt; &lt;br/&gt;
&amp;gt; it is a matter of style of course, but I doubt this extra if statement costs&lt;br/&gt;
&amp;gt; anything.&lt;/p&gt;

&lt;p&gt;You're right.&lt;/p&gt;

&lt;p&gt;&amp;gt; &lt;br/&gt;
&amp;gt; Lastly.&lt;br/&gt;
&amp;gt; Detection of zOS server&lt;br/&gt;
&amp;gt; -----------------------&lt;br/&gt;
&amp;gt; Strictly speaking to the check when to use the MVS parser at all, it is not&lt;br/&gt;
&amp;gt; enough to check the result of the SYST ftp command. &lt;br/&gt;
&amp;gt; Even when the SYST ftp command returns&lt;br/&gt;
&amp;gt; 'MVS is the operating system of this server. FTP Server is running on z/OS.'&lt;br/&gt;
&amp;gt; the server supports two dataset modes.&lt;br/&gt;
&amp;gt; The classical unix style and the mentioned zOS filesystem.&lt;br/&gt;
&amp;gt; The correct way to check which is active, is to check the first character of the&lt;br/&gt;
&amp;gt; PWD ftp command. If it is "/" then use a standard unix parser, and if "'",&lt;br/&gt;
&amp;gt; (single quote) then use the MVS parser. &lt;/p&gt;

&lt;p&gt;This sounds like useful information.  We could extend the composite pattern and&lt;br/&gt;
put a UNIX parser into the list.  This is more like the original uses of the&lt;br/&gt;
Composite parser, in which Windows fTP servers are sometimes set up to list in&lt;br/&gt;
unix format.&lt;/p&gt;

&lt;p&gt;&amp;gt; I am clueless as to where to put this information, but it could probably be done&lt;br/&gt;
&amp;gt; with the getDefaultConfiguration method.&lt;br/&gt;
&amp;gt; Btw, I would prefer to change the name MVS to new name zOS, but this is probably&lt;br/&gt;
&amp;gt; a larger change. Maybe keep the existing parser using the MVS name and mark it&lt;br/&gt;
&amp;gt; deprecated, and create a new class using the ZOS name?&lt;/p&gt;

&lt;p&gt;That is a possibility.&lt;br/&gt;
&amp;gt; &lt;br/&gt;
&amp;gt; The null issue&lt;br/&gt;
&amp;gt; --------------&lt;br/&gt;
&amp;gt; If the convention is to return null for unparsed entries then so be it. But how&lt;br/&gt;
&amp;gt; the caller can use this null entry is a mystery to me. At least with the&lt;br/&gt;
&amp;gt; rawlisting filled, the caller have some chance of at least providing some hints&lt;br/&gt;
&amp;gt; to the expected null-pointer exceptions.&lt;br/&gt;
&amp;gt; &lt;/p&gt;
</comment>
                            <comment id="12411662" author="henrik.sorensen@balcab.ch" created="Sat, 22 Apr 2006 01:34:59 +0000">&lt;p&gt;Created an attachment (id=18148)&lt;br/&gt;
Candidate replacement 5 - from Henrik Sorensen&lt;/p&gt;

&lt;p&gt;Using the regex from the candidate repl 4, I have a version that now works, and&lt;br/&gt;
which also supports the unix file as well.&lt;/p&gt;

&lt;p&gt;I choose to use preParse to detect which type of list is comming.&lt;/p&gt;

&lt;p&gt;The problem with candiate 4, was the two REGEX is actually not mutually&lt;br/&gt;
exclusive.&lt;/p&gt;

&lt;p&gt;I had to add a new method to RegexFTPEntryParserImpl:&lt;br/&gt;
    public boolean changeRegex(String regex)&lt;br/&gt;
    {&lt;br/&gt;
	try&lt;/p&gt;
	{
	    _matcher_ = new Perl5Matcher();
	    pattern   = new Perl5Compiler().compile(regex);
	}
&lt;p&gt;	catch (MalformedPatternException e)&lt;/p&gt;
	{
	    throw new IllegalArgumentException (
	       "Unparseable regex supplied:  " + regex);
	}

&lt;p&gt;	return pattern!=null;&lt;br/&gt;
    }&lt;/p&gt;

&lt;p&gt;and invoke the method from the constructor:&lt;br/&gt;
    public RegexFTPFileEntryParserImpl(String regex)&lt;/p&gt;
    {
	super();
	changeRegex(regex);
    }

&lt;p&gt;Looking forward to your comments.&lt;/p&gt;</comment>
                            <comment id="12411663" author="henrik.sorensen@balcab.ch" created="Sat, 22 Apr 2006 01:49:59 +0000">&lt;p&gt;(In reply to comment #13)&lt;br/&gt;
&amp;gt; (In reply to comment #12)&lt;br/&gt;
&amp;gt; &lt;br/&gt;
&amp;gt; My comments are inline. &lt;br/&gt;
mine too&lt;br/&gt;
&amp;gt; &amp;gt; Exactly how is the MvsFilelist and MvsMemberlist classes choosen ?&lt;br/&gt;
&amp;gt; &amp;gt; By trial and error, aka the first parser that does not return null ?&lt;br/&gt;
&amp;gt; &lt;br/&gt;
&amp;gt; Yes, that is correct.&lt;br/&gt;
but I cannot see how this can possible work.&lt;br/&gt;
If for example the first entry on the file list is one of the unsupported types,&lt;br/&gt;
the MvsFilelist parser returns null, and the MvsMemberlist is invoked?!?&lt;br/&gt;
I have uploaded a candidate replacement 5, that uses preparse to detect which&lt;br/&gt;
list is coming.&lt;br/&gt;
&amp;gt; &lt;br/&gt;
&amp;gt; &amp;gt; The problem is that there are at least one more list type beside the two&lt;br/&gt;
&amp;gt; &amp;gt; mentioned, and more might come.&lt;br/&gt;
&amp;gt; &lt;br/&gt;
&amp;gt; Can we get parsers for those?  &lt;br/&gt;
well, the datasets are not relevant for FTP transfer, so I think not.&lt;/p&gt;

&lt;p&gt;&amp;gt;Is that what you mean by "might come"?&lt;br/&gt;
well IBM is still developing the mainframe, and a new version is just around the&lt;br/&gt;
corner&lt;img class="emoticon" src="https://issues.apache.org/jira/images/icons/emoticons/smile.png" height="16" width="16" align="absmiddle" alt="" border="0"/&gt;&lt;br/&gt;
&amp;gt; &amp;gt; &lt;br/&gt;
&amp;gt; &amp;gt; In the MvsMemberlistFTPEntryParser, you have&lt;br/&gt;
...&lt;br/&gt;
&amp;gt; &amp;gt; number of reasons as to why the date cannot parse. It can be blank, or the FTP&lt;br/&gt;
&amp;gt; &amp;gt; is setup to simply not to return this information.&lt;br/&gt;
&amp;gt; &lt;br/&gt;
&amp;gt; Why would the date SOMETIMES be blank.  &lt;br/&gt;
sometimes blank for the same member means always blank for this member.&lt;br/&gt;
Why it is like this is a longer story, but the short version is that it is&lt;br/&gt;
possible to created the member without any other information than the member name.&lt;/p&gt;

&lt;p&gt;&amp;gt; A system like that violates the usual&lt;br/&gt;
&amp;gt; assumptions that these systems behave in a deterministic way.  (I can understand&lt;br/&gt;
&amp;gt; if it's a switch that is sometimes turned off.  In your experience, is that very&lt;br/&gt;
&amp;gt; common?)&lt;br/&gt;
not very common, but still possible.&lt;/p&gt;

&lt;p&gt;&amp;gt; &amp;gt; The null issue&lt;br/&gt;
&amp;gt; &amp;gt; --------------&lt;br/&gt;
&amp;gt; &amp;gt; If the convention is to return null for unparsed entries then so be it. But how&lt;br/&gt;
&amp;gt; &amp;gt; the caller can use this null entry is a mystery to me. &lt;br/&gt;
you didn't comment on this.&lt;/p&gt;

&lt;p&gt;In the ant FTP.java in package org.apache.tools.ant.taskdefs.optional.net, does&lt;br/&gt;
not handle the null entries at all. I have a fix working by me, that I will try&lt;br/&gt;
to push to the ant guys.&lt;/p&gt;
</comment>
                            <comment id="12411664" author="henrik.sorensen@balcab.ch" created="Thu, 27 Apr 2006 04:02:29 +0000">&lt;p&gt;It seems these two bugs will be solved with the suggested replacement as well&lt;/p&gt;

&lt;p&gt;ASF Bugzilla &lt;a href="https://issues.apache.org/jira/browse/NET-39" title="[net] Solution for ant ftp fails with Nullpointerexception when a symlink is evaluated in method checkRemoteSensitivity in FTP.java for a z/OS ftp server" class="issue-link" data-issue-key="NET-39"&gt;&lt;del&gt;COM-2341&lt;/del&gt;&lt;/a&gt;&lt;br/&gt;
ASF Bugzilla &lt;a href="https://issues.apache.org/jira/browse/NET-77" title="[net] MVSFTPEntryParser setRawListing" class="issue-link" data-issue-key="NET-77"&gt;&lt;del&gt;COM-2338&lt;/del&gt;&lt;/a&gt;&lt;/p&gt;

&lt;p&gt;except the unix regex must to extended with an 'e' link type.&lt;/p&gt;</comment>
                            <comment id="12431040" author="henrik" created="Mon, 28 Aug 2006 19:28:15 +0000">&lt;p&gt;Latest version of the MVS Ftp parser.&lt;br/&gt;
This version supports parsing of the following dataset organisations:&lt;br/&gt;
PS: sequential files&lt;br/&gt;
PO: partitioned files (single level direcory)&lt;br/&gt;
PO-E:partitioned files (single level direcory)&lt;/p&gt;

&lt;p&gt;and the following record formats beginning with&lt;br/&gt;
V: Variable length records&lt;br/&gt;
F: Fixed length records&lt;/p&gt;

&lt;p&gt;The files system is described in details within the source code.&lt;/p&gt;

&lt;p&gt;Further a parser for the JES subsystem level one has been added. (JES: Job entry Subsystem (scheduler))&lt;/p&gt;</comment>
                            <comment id="12431682" author="henrik" created="Wed, 30 Aug 2006 20:42:32 +0000">&lt;p&gt;With these two changes the JUNIT tests now completes.&lt;br/&gt;
I had to hack a bit in the FTPParseTestFramework.java, to make it work with multiple good samples testsets.&lt;/p&gt;</comment>
                            <comment id="12432122" author="henrik" created="Fri, 1 Sep 2006 11:33:30 +0000">&lt;p&gt;The MVSFTPEntryParser now supports JES Interface Level 1 and 2.&lt;br/&gt;
The JUNIT test cases have been updated accordingly.&lt;/p&gt;

&lt;p&gt;Have fun&lt;br/&gt;
Henrik&lt;/p&gt;</comment>
                            <comment id="12455946" author="rwinston@eircom.net" created="Wed, 6 Dec 2006 09:45:51 +0000">&lt;p&gt;Fixed in 2.0&lt;/p&gt;</comment>
                    </comments>
                    <attachments>
                            <attachment id="12334085" name="ASF.LICENSE.NOT.GRANTED--MVSFTPEntryParser.java" size="13231" author="henrik.sorensen@balcab.ch" created="Sat, 22 Apr 2006 01:34:59 +0000" />
                            <attachment id="12334084" name="ASF.LICENSE.NOT.GRANTED--MVSFTPEntryParser.java" size="9108" author="scohen@apache.org" created="Mon, 10 Apr 2006 05:40:39 +0000" />
                            <attachment id="12334083" name="ASF.LICENSE.NOT.GRANTED--MVSFTPEntryParser.java" size="9718" author="scohen@apache.org" created="Mon, 10 Apr 2006 04:13:13 +0000" />
                            <attachment id="12334082" name="ASF.LICENSE.NOT.GRANTED--MVSFTPEntryParser.java" size="14140" author="henrik.sorensen@balcab.ch" created="Fri, 7 Apr 2006 19:17:43 +0000" />
                            <attachment id="12334081" name="ASF.LICENSE.NOT.GRANTED--MVSFTPEntryParser.java" size="7393" author="henrik.sorensen@balcab.ch" created="Mon, 27 Mar 2006 05:16:58 +0000" />
                            <attachment id="12340032" name="FTPParseTestFramework.java" size="4913" author="henrik" created="Fri, 1 Sep 2006 11:33:30 +0000" />
                            <attachment id="12339899" name="FTPParseTestFramework.java" size="4754" author="henrik" created="Wed, 30 Aug 2006 20:42:32 +0000" />
                            <attachment id="12340033" name="MVSFTPEntryParser.java" size="20299" author="henrik" created="Fri, 1 Sep 2006 11:33:30 +0000" />
                            <attachment id="12339712" name="MVSFTPEntryParser.java" size="18823" author="henrik" created="Mon, 28 Aug 2006 19:28:15 +0000" />
                            <attachment id="12340034" name="MVSFTPEntryParserTest.java" size="8107" author="henrik" created="Fri, 1 Sep 2006 11:33:30 +0000" />
                            <attachment id="12339900" name="MVSFTPEntryParserTest.java" size="6325" author="henrik" created="Wed, 30 Aug 2006 20:42:32 +0000" />
                            <attachment id="12339713" name="RegexFTPFileEntryParserImpl.java" size="4850" author="henrik" created="Mon, 28 Aug 2006 19:28:15 +0000" />
                    </attachments>
                <subtasks>
                    </subtasks>
                <customfields>
                                                                                                                                                                                                                                                                                                                                                                                                                                                                                                                                                                                                    <customfield id="customfield_10010" key="com.atlassian.jira.plugin.system.customfieldtypes:importid">
                        <customfieldname>Bugzilla Id</customfieldname>
                        <customfieldvalues>
                            <customfieldvalue>39109</customfieldvalue>
                        </customfieldvalues>
                    </customfield>
                                                                                                                                                    <customfield id="customfield_12314020" key="com.atlassian.jira.plugins.jira-development-integration-plugin:devsummary">
                        <customfieldname>Development</customfieldname>
                        <customfieldvalues>
                            
                        </customfieldvalues>
                    </customfield>
                                                                                                                        <customfield id="customfield_12313422" key="com.atlassian.jirafisheyeplugin:jobcheckbox">
                        <customfieldname>Enable Automatic Patch Review</customfieldname>
                        <customfieldvalues>
                            <customfieldvalue>false</customfieldvalue>

                        </customfieldvalues>
                    </customfield>
                                                                                                                                                                                                                                                                                                                                                                                                                                                                                                                                                                                                                                                <customfield id="customfield_12310420" key="com.pyxis.greenhopper.jira:gh-global-rank">
                        <customfieldname>Global Rank</customfieldname>
                        <customfieldvalues>
                            <customfieldvalue>154436</customfieldvalue>
                        </customfieldvalues>
                    </customfield>
                                                                                                                                                                                                                                                                                                                                                                                                                                                                        <customfield id="customfield_12311820" key="com.pyxis.greenhopper.jira:gh-lexo-rank">
                        <customfieldname>Rank</customfieldname>
                        <customfieldvalues>
                            <customfieldvalue>0|i0lphb:</customfieldvalue>

                        </customfieldvalues>
                    </customfield>
                                                                <customfield id="customfield_12310920" key="com.pyxis.greenhopper.jira:gh-global-rank">
                        <customfieldname>Rank (Obsolete)</customfieldname>
                        <customfieldvalues>
                            <customfieldvalue>124779</customfieldvalue>
                        </customfieldvalues>
                    </customfield>
                                                                                                                                                                                                                                                                                                                                                                                                                                                                                                                                                                                                                                                                                                                                                                                            </customfields>
    </item>


</channel>
</rss>