<rss version="0.92">
    <channel>
        <title>ASF JIRA</title>
        <link>https://issues.apache.org/jira/issues/?jql=project+%3D+NET+AND+type+%3D+bug+and+%28status+%3D+RESOLVED+or+status+%3D+closed%29</link>
        <description>An XML representation of a search request</description>
                <language>en-uk</language>
                        <issue start="0" end="464" total="464" />
                <build-info>
            <version>8.20.7</version>
            <build-number>820007</build-number>
            <build-date>16-03-2022</build-date>
        </build-info>

<item>
            <title>[NET-301] NullPointerException in method SocketClient.getLocalAddress()</title>
                <link>https://issues.apache.org/jira/browse/NET-301</link>
                <project id="12310487" key="NET">Commons Net</project>
                    <description>&lt;p&gt;Hello,&lt;/p&gt;

&lt;p&gt;I'm new with Java (well, I have develop some programs, but not so hard....until now) and I'm trying to create an applet which can open an ftp connection from the client side to the server one, and download several files (I don't know if it's the best way to do what I want, but as far as I have read in internet, this is the most common and easy method used by many people).&lt;/p&gt;

&lt;p&gt;The problem is about the FTPClient class:&lt;br/&gt;
I am able to connect, logon, set transfer mode, change the working directory, list the names of the directory...but when I try to perform a simple call to the  "retrieveFile (remote, local)" method, I'm getting a NullPointerException (the call to that method is done after clicking on a download button):&lt;/p&gt;

&lt;p&gt;Exception in thread "AWT-EventQueue-2" java.lang.NullPointerException&lt;br/&gt;
	at org.apache.commons.net.SocketClient.getLocalAddress(SocketClient.java:441)&lt;br/&gt;
	at org.apache.commons.net.ftp.FTPClient.&lt;em&gt;openDataConnection&lt;/em&gt;(FTPClient.java:447)&lt;br/&gt;
	at org.apache.commons.net.ftp.FTPClient.retrieveFile(FTPClient.java:1257)&lt;br/&gt;
	at Applet1.jButton1_actionPerformed(Applet1.java:229)&lt;br/&gt;
	at Applet1.access$100(Applet1.java:21)&lt;br/&gt;
	at Applet1$3.actionPerformed(Applet1.java:95)&lt;br/&gt;
	at javax.swing.AbstractButton.fireActionPerformed(Unknown Source)&lt;br/&gt;
	at javax.swing.AbstractButton$Handler.actionPerformed(Unknown Source)&lt;br/&gt;
	at javax.swing.DefaultButtonModel.fireActionPerformed(Unknown Source)&lt;br/&gt;
	at javax.swing.DefaultButtonModel.setPressed(Unknown Source)&lt;br/&gt;
	at javax.swing.plaf.basic.BasicButtonListener.mouseReleased(Unknown Source)&lt;br/&gt;
	at java.awt.Component.processMouseEvent(Unknown Source)&lt;br/&gt;
	at javax.swing.JComponent.processMouseEvent(Unknown Source)&lt;br/&gt;
	at java.awt.Component.processEvent(Unknown Source)&lt;br/&gt;
	at java.awt.Container.processEvent(Unknown Source)&lt;br/&gt;
	at java.awt.Component.dispatchEventImpl(Unknown Source)&lt;br/&gt;
	at java.awt.Container.dispatchEventImpl(Unknown Source)&lt;br/&gt;
	at java.awt.Component.dispatchEvent(Unknown Source)&lt;br/&gt;
	at java.awt.LightweightDispatcher.retargetMouseEvent(Unknown Source)&lt;br/&gt;
	at java.awt.LightweightDispatcher.processMouseEvent(Unknown Source)&lt;br/&gt;
	at java.awt.LightweightDispatcher.dispatchEvent(Unknown Source)&lt;br/&gt;
	at java.awt.Container.dispatchEventImpl(Unknown Source)&lt;br/&gt;
	at java.awt.Component.dispatchEvent(Unknown Source)&lt;br/&gt;
	at java.awt.EventQueue.dispatchEvent(Unknown Source)&lt;br/&gt;
	at java.awt.EventDispatchThread.pumpOneEventForFilters(Unknown Source)&lt;br/&gt;
	at java.awt.EventDispatchThread.pumpEventsForFilter(Unknown Source)&lt;br/&gt;
	at java.awt.EventDispatchThread.pumpEventsForHierarchy(Unknown Source)&lt;br/&gt;
	at java.awt.EventDispatchThread.pumpEvents(Unknown Source)&lt;br/&gt;
	at java.awt.EventDispatchThread.pumpEvents(Unknown Source)&lt;br/&gt;
	at java.awt.EventDispatchThread.run(Unknown Source)&lt;/p&gt;


&lt;p&gt;And the code is very simple:&lt;/p&gt;

&lt;p&gt;String reply;    		&lt;br/&gt;
boolean success;&lt;br/&gt;
String path = new String ("PATH_TO_REMOTE_FILE");&lt;/p&gt;

&lt;p&gt;try&lt;br/&gt;
{&lt;br/&gt;
fich_local = new File (jTextField1.getText () + "/Local_file.txt");&lt;br/&gt;
local_file = new FileOutputStream (fich_local);&lt;br/&gt;
String remote_file = new String (path + "/Remote_file.txt");&lt;/p&gt;

&lt;p&gt;ftp.connect("SERVER");&lt;br/&gt;
reply = ftp.getReplyString();&lt;br/&gt;
System.out.println(reply);&lt;/p&gt;

&lt;p&gt;ftp.login("USER","PASS");&lt;br/&gt;
reply = ftp.getReplyString();&lt;br/&gt;
System.out.println(reply);&lt;/p&gt;

&lt;p&gt;ftp.setFileType(FTP.ASCII_FILE_TYPE);&lt;br/&gt;
reply = ftp.getReplyString();&lt;br/&gt;
System.out.println(reply);&lt;/p&gt;

&lt;p&gt;ftp.changeWorkingDirectory(path);&lt;br/&gt;
reply = ftp.getReplyString();&lt;br/&gt;
System.out.println(reply);&lt;/p&gt;

&lt;p&gt;reply = ftp.printWorkingDirectory();&lt;br/&gt;
System.out.println(reply);&lt;/p&gt;

&lt;p&gt;success = ftp.retrieveFile(remote_file,  local_file);&lt;br/&gt;
System.out.println("Status: " + success + " &amp;#8211; Remote File: " + remote_file + " &amp;#8211; Local File: " + fich_local.getAbsolutePath ());&lt;br/&gt;
}&lt;br/&gt;
catch (FileNotFoundException fnfe)&lt;br/&gt;
{&lt;br/&gt;
	fnfe.printStackTrace ();&lt;br/&gt;
}&lt;br/&gt;
catch (IOException ioe) &lt;br/&gt;
{					&lt;br/&gt;
       	ioe.printStackTrace ();&lt;br/&gt;
}&lt;br/&gt;
catch (Exception e)&lt;br/&gt;
{&lt;br/&gt;
	e.printStackTrace ();&lt;br/&gt;
}&lt;/p&gt;

&lt;p&gt;The remote server, directory and file whithin is included the "Remote_file.txt" exists, and the print line shows all this info if I catch the "NullPointerException" (also shows a "false" when calling to the success variable).&lt;br/&gt;
I have googled a lot (and still googling), but found almost nothing useful and I would appreciate a lot any help (also if you need additional info, please let me know).&lt;br/&gt;
Thanks in advance&lt;/p&gt;</description>
                <environment>&lt;p&gt;Sun SPARC Ultra-5, Solaris 8&lt;br/&gt;
java version "1.3.1_10"&lt;br/&gt;
Java(TM) 2 Runtime Environment, Standard Edition (build 1.3.1_10-b03)&lt;br/&gt;
Java HotSpot(TM) Client VM (build 1.3.1_10-b03, mixed mode)&lt;/p&gt;</environment>
        <key id="12441694">NET-301</key>
            <summary>NullPointerException in method SocketClient.getLocalAddress()</summary>
                <type id="1" iconUrl="https://issues.apache.org/jira/secure/viewavatar?size=xsmall&amp;avatarId=21133&amp;avatarType=issuetype">Bug</type>
                                            <priority id="3" iconUrl="https://issues.apache.org/jira/images/icons/priorities/major.svg">Major</priority>
                        <status id="6" iconUrl="https://issues.apache.org/jira/images/icons/statuses/closed.png" description="The issue is considered finished, the resolution is correct. Issues which are not closed can be reopened.">Closed</status>
                    <statusCategory id="3" key="done" colorName="green" />
                                    <resolution id="4">Incomplete</resolution>
                                        <assignee username="-1">Unassigned</assignee>
                                    <reporter username="hecoo">Hector</reporter>
                        <labels>
                    </labels>
                <created>Wed, 25 Nov 2009 17:28:30 +0000</created>
                <updated>Mon, 8 Mar 2010 09:44:32 +0000</updated>
                            <resolved>Mon, 8 Mar 2010 09:44:32 +0000</resolved>
                                    <version>2.0</version>
                                                        <due />
                            <votes>0</votes>
                                    <watches>1</watches>
                                    <timeoriginalestimate seconds="1296000">360h</timeoriginalestimate>
                            <timeestimate seconds="1296000">360h</timeestimate>
                                        <comments>
                            <comment id="12792758" author="scottyadam" created="Sat, 19 Dec 2009 02:16:09 +0000">&lt;p&gt;IS THIS gonna be resolved?? what is the status?&lt;/p&gt;</comment>
                            <comment id="12793104" author="hecoo" created="Mon, 21 Dec 2009 07:47:36 +0000">&lt;p&gt;No, it is not resolved yet, but due to I was in a hurry I had to change the way to do it, forgetting java applets.&lt;/p&gt;

&lt;p&gt;So if you consider it is appropiate to close this issue, I don't mind. Don't worry.&lt;/p&gt;</comment>
                            <comment id="12842605" author="rwinston@eircom.net" created="Mon, 8 Mar 2010 09:44:32 +0000">&lt;p&gt;Need more info for this I'm afraid&lt;/p&gt;</comment>
                    </comments>
                    <attachments>
                    </attachments>
                <subtasks>
                    </subtasks>
                <customfields>
                                                                                                                                                                                                                                                                                                                                                                                                                                                                                                                                                                                                                                                                                                                    <customfield id="customfield_12314020" key="com.atlassian.jira.plugins.jira-development-integration-plugin:devsummary">
                        <customfieldname>Development</customfieldname>
                        <customfieldvalues>
                            
                        </customfieldvalues>
                    </customfield>
                                                                                                                        <customfield id="customfield_12313422" key="com.atlassian.jirafisheyeplugin:jobcheckbox">
                        <customfieldname>Enable Automatic Patch Review</customfieldname>
                        <customfieldvalues>
                            <customfieldvalue>false</customfieldvalue>

                        </customfieldvalues>
                    </customfield>
                                                                                                                                                                                                                                                                                                                                                                                                                                                                                                                                                                                                                                                <customfield id="customfield_12310420" key="com.pyxis.greenhopper.jira:gh-global-rank">
                        <customfieldname>Global Rank</customfieldname>
                        <customfieldvalues>
                            <customfieldvalue>154599</customfieldvalue>
                        </customfieldvalues>
                    </customfield>
                                                                                                                                                                                                                                                                                                                                                                                                                                                                        <customfield id="customfield_12311820" key="com.pyxis.greenhopper.jira:gh-lexo-rank">
                        <customfieldname>Rank</customfieldname>
                        <customfieldvalues>
                            <customfieldvalue>0|i0yca7:</customfieldvalue>

                        </customfieldvalues>
                    </customfield>
                                                                <customfield id="customfield_12310920" key="com.pyxis.greenhopper.jira:gh-global-rank">
                        <customfieldname>Rank (Obsolete)</customfieldname>
                        <customfieldvalues>
                            <customfieldvalue>198459</customfieldvalue>
                        </customfieldvalues>
                    </customfield>
                                                                                                                                                                                                                                                                                                                                                                                                                                                                                                                                                                                                                                                                                                                                                                                            </customfields>
    </item>


</channel>
</rss>