<rss version="0.92">
    <channel>
        <title>ASF JIRA</title>
        <link>https://issues.apache.org/jira/issues/?jql=project+%3D+NET+AND+type+%3D+bug+and+%28status+%3D+RESOLVED+or+status+%3D+closed%29</link>
        <description>An XML representation of a search request</description>
                <language>en-uk</language>
                        <issue start="0" end="464" total="464" />
                <build-info>
            <version>8.20.7</version>
            <build-number>820007</build-number>
            <build-date>16-03-2022</build-date>
        </build-info>

<item>
            <title>[NET-486] FtpClient 3.0.1 - SocketTimeoutException - Read Timed out</title>
                <link>https://issues.apache.org/jira/browse/NET-486</link>
                <project id="12310487" key="NET">Commons Net</project>
                    <description>&lt;p&gt;In a random intervals, we receive the following error while transferring the file to a FTP server. Have implemented control keep alive mechanism with timeout of 120 seconds. Issue is the file has been transferred successfuly but still getting this exception. What is the cause and how to avoid it?&lt;/p&gt;

&lt;p&gt;java.net.SocketTimeoutException: Read timed out&lt;br/&gt;
	at java.net.SocketInputStream.socketRead0(Native Method)&lt;br/&gt;
	at java.net.SocketInputStream.read(SocketInputStream.java:129)&lt;br/&gt;
	at sun.nio.cs.StreamDecoder.readBytes(StreamDecoder.java:264)&lt;br/&gt;
	at sun.nio.cs.StreamDecoder.implRead(StreamDecoder.java:306)&lt;br/&gt;
	at sun.nio.cs.StreamDecoder.read(StreamDecoder.java:158)&lt;br/&gt;
	at java.io.InputStreamReader.read(InputStreamReader.java:167)&lt;br/&gt;
	at java.io.BufferedReader.fill(BufferedReader.java:136)&lt;br/&gt;
	at java.io.BufferedReader.read(BufferedReader.java:157)&lt;br/&gt;
	at org.apache.commons.net.io.CRLFLineReader.readLine(CRLFLineReader.java:58)&lt;br/&gt;
	at org.apache.commons.net.ftp.FTP.__getReply(FTP.java:310)&lt;br/&gt;
	at org.apache.commons.net.ftp.FTP.__getReply(FTP.java:290)&lt;br/&gt;
	at org.apache.commons.net.ftp.FTP.getReply(FTP.java:632)&lt;br/&gt;
	at org.apache.commons.net.ftp.FTPClient.completePendingCommand(FTPClient.java:1561)&lt;br/&gt;
	at org.apache.commons.net.ftp.FTPClient.__storeFile(FTPClient.java:581)&lt;br/&gt;
	at org.apache.commons.net.ftp.FTPClient.storeFile(FTPClient.java:1704)&lt;/p&gt;</description>
                <environment />
        <key id="12611329">NET-486</key>
            <summary>FtpClient 3.0.1 - SocketTimeoutException - Read Timed out</summary>
                <type id="1" iconUrl="https://issues.apache.org/jira/secure/viewavatar?size=xsmall&amp;avatarId=21133&amp;avatarType=issuetype">Bug</type>
                                            <priority id="2" iconUrl="https://issues.apache.org/jira/images/icons/priorities/critical.svg">Critical</priority>
                        <status id="6" iconUrl="https://issues.apache.org/jira/images/icons/statuses/closed.png" description="The issue is considered finished, the resolution is correct. Issues which are not closed can be reopened.">Closed</status>
                    <statusCategory id="3" key="done" colorName="green" />
                                    <resolution id="6">Invalid</resolution>
                                        <assignee username="-1">Unassigned</assignee>
                                    <reporter username="vijayansm">vijayan</reporter>
                        <labels>
                    </labels>
                <created>Thu, 11 Oct 2012 11:28:27 +0000</created>
                <updated>Fri, 7 Aug 2015 15:48:04 +0000</updated>
                            <resolved>Thu, 11 Oct 2012 11:44:58 +0000</resolved>
                                    <version>3.0.1</version>
                                                    <component>FTP</component>
                        <due />
                            <votes>0</votes>
                                    <watches>3</watches>
                                                                <comments>
                            <comment id="13474051" author="sebb@apache.org" created="Thu, 11 Oct 2012 11:44:58 +0000">&lt;p&gt;JIRA is not a support forum.&lt;/p&gt;

&lt;p&gt;Please subscribe to the Commons User list and ask there&lt;/p&gt;</comment>
                            <comment id="13551410" author="aijain28" created="Fri, 11 Jan 2013 19:06:35 +0000">&lt;p&gt;Hi Vijayan,&lt;/p&gt;

&lt;p&gt;I have been facing exactly the same problem. Intermittent "Read timed out" exceptions during FTP. I am FTPing from a java app to mainframe. Were you able to find a solution to this problem?&lt;/p&gt;

&lt;p&gt;Thanks,&lt;br/&gt;
Aparna&lt;/p&gt;</comment>
                            <comment id="14662007" author="rempe1" created="Fri, 7 Aug 2015 15:48:04 +0000">&lt;p&gt;Aparna, did you find a solutions? We're seeing the exact same thing, too.&lt;/p&gt;

&lt;p&gt;java.net.SocketTimeoutException: Read timed out&lt;br/&gt;
	at java.net.SocketInputStream.socketRead0(Native Method)&lt;br/&gt;
	at java.net.SocketInputStream.read(SocketInputStream.java:152)&lt;br/&gt;
	at java.net.SocketInputStream.read(SocketInputStream.java:122)&lt;br/&gt;
	at sun.nio.cs.StreamDecoder.readBytes(StreamDecoder.java:283)&lt;br/&gt;
	at sun.nio.cs.StreamDecoder.implRead(StreamDecoder.java:325)&lt;br/&gt;
	at sun.nio.cs.StreamDecoder.read(StreamDecoder.java:177)&lt;br/&gt;
	at java.io.InputStreamReader.read(InputStreamReader.java:184)&lt;br/&gt;
	at java.io.BufferedReader.fill(BufferedReader.java:154)&lt;br/&gt;
	at java.io.BufferedReader.readLine(BufferedReader.java:317)&lt;br/&gt;
	at java.io.BufferedReader.readLine(BufferedReader.java:382)&lt;br/&gt;
	at org.apache.commons.net.ftp.FTPFileEntryParserImpl.readNextEntry(FTPFileEntryParserImpl.java:53)&lt;br/&gt;
	at org.apache.commons.net.ftp.FTPListParseEngine.readStream(FTPListParseEngine.java:152)&lt;br/&gt;
	at org.apache.commons.net.ftp.FTPListParseEngine.readServerList(FTPListParseEngine.java:100)&lt;br/&gt;
	at org.apache.commons.net.ftp.FTPClient.initiateListParsing(FTPClient.java:2303)&lt;br/&gt;
	at org.apache.commons.net.ftp.FTPClient.initiateListParsing(FTPClient.java:2269)&lt;br/&gt;
	at org.apache.commons.net.ftp.FTPClient.initiateListParsing(FTPClient.java:2189)&lt;br/&gt;
	at org.apache.commons.net.ftp.FTPClient.initiateListParsing(FTPClient.java:2132)&lt;/p&gt;</comment>
                    </comments>
                    <attachments>
                    </attachments>
                <subtasks>
                    </subtasks>
                <customfields>
                                                                                                                                                                                                                                                                                                                                                                                                                                                                                                                                                                                                                                                                                                                    <customfield id="customfield_12314020" key="com.atlassian.jira.plugins.jira-development-integration-plugin:devsummary">
                        <customfieldname>Development</customfieldname>
                        <customfieldvalues>
                            
                        </customfieldvalues>
                    </customfield>
                                                                                                                        <customfield id="customfield_12313422" key="com.atlassian.jirafisheyeplugin:jobcheckbox">
                        <customfieldname>Enable Automatic Patch Review</customfieldname>
                        <customfieldvalues>
                            <customfieldvalue>false</customfieldvalue>

                        </customfieldvalues>
                    </customfield>
                                                                                                                                                                                                                                                                                                                                                                                                                                                                                                                                                                                                                                                <customfield id="customfield_12310420" key="com.pyxis.greenhopper.jira:gh-global-rank">
                        <customfieldname>Global Rank</customfieldname>
                        <customfieldvalues>
                            <customfieldvalue>247311</customfieldvalue>
                        </customfieldvalues>
                    </customfield>
                                                                                                                                                                                                                                                                                                                                                                                                                                                                        <customfield id="customfield_12311820" key="com.pyxis.greenhopper.jira:gh-lexo-rank">
                        <customfieldname>Rank</customfieldname>
                        <customfieldvalues>
                            <customfieldvalue>0|i089t3:</customfieldvalue>

                        </customfieldvalues>
                    </customfield>
                                                                <customfield id="customfield_12310920" key="com.pyxis.greenhopper.jira:gh-global-rank">
                        <customfieldname>Rank (Obsolete)</customfieldname>
                        <customfieldvalues>
                            <customfieldvalue>46188</customfieldvalue>
                        </customfieldvalues>
                    </customfield>
                                                                                                                                                                                                                                                                                                                                                                                                                                                                                                                                                                                                                                                                                                                                                                                            </customfields>
    </item>


</channel>
</rss>