<rss version="0.92">
    <channel>
        <title>ASF JIRA</title>
        <link>https://issues.apache.org/jira/issues/?jql=project+%3D+NET+AND+type+%3D+bug+and+%28status+%3D+RESOLVED+or+status+%3D+closed%29</link>
        <description>An XML representation of a search request</description>
                <language>en-uk</language>
                        <issue start="0" end="464" total="464" />
                <build-info>
            <version>8.20.7</version>
            <build-number>820007</build-number>
            <build-date>16-03-2022</build-date>
        </build-info>

<item>
            <title>[NET-574] FTPClient.mlistFile returns null timestamps in FTPFile.getTimestamp</title>
                <link>https://issues.apache.org/jira/browse/NET-574</link>
                <project id="12310487" key="NET">Commons Net</project>
                    <description>&lt;p&gt;In FTPClient mlistFile("test.txt") :&lt;/p&gt;
&lt;div class="code panel" style="border-style: solid;border-width: 1px;"&gt;&lt;div class="codeHeader panelHeader" style="border-bottom-width: 1px;border-bottom-style: solid;"&gt;&lt;b&gt;FTPClient.java&lt;/b&gt;&lt;/div&gt;&lt;div class="codeContent panelContent"&gt;
&lt;pre class="code-java"&gt;    &lt;span class="code-keyword"&gt;public&lt;/span&gt; FTPFile mlistFile(&lt;span class="code-object"&gt;String&lt;/span&gt; pathname) &lt;span class="code-keyword"&gt;throws&lt;/span&gt; IOException
    {
        &lt;span class="code-object"&gt;boolean&lt;/span&gt; success = FTPReply.isPositiveCompletion(sendCommand(FTPCmd.MLST, pathname));
        &lt;span class="code-keyword"&gt;if&lt;/span&gt; (success){
            &lt;span class="code-object"&gt;String&lt;/span&gt; entry = getReplyStrings()[1].substring(1); &lt;span class="code-comment"&gt;// skip leading space &lt;span class="code-keyword"&gt;for&lt;/span&gt; parser
&lt;/span&gt;            &lt;span class="code-keyword"&gt;return&lt;/span&gt; MLSxEntryParser.parseEntry(entry);
        } &lt;span class="code-keyword"&gt;else&lt;/span&gt; {
            &lt;span class="code-keyword"&gt;return&lt;/span&gt; &lt;span class="code-keyword"&gt;null&lt;/span&gt;;
        }
    }
&lt;/pre&gt;
&lt;/div&gt;&lt;/div&gt;
&lt;p&gt;getReplyStrings() return :&lt;br/&gt;
250-Start of list for test.txt&lt;br/&gt;
250-modify=20150616133640;perm=adfrw;size=83752220;type=file;unique=23U8FE039C;UNIX.group=32;UNIX.mode=0644;UNIX.owner=2005; /data/test.txt&lt;br/&gt;
250 End of list&lt;br/&gt;
So getReplyStrings()&lt;span class="error"&gt;&amp;#91;1&amp;#93;&lt;/span&gt;.substring(1) return &lt;br/&gt;
50-modify=20150616133640;perm=adfrw;size=83752220;type=file;unique=23U8FE039C;UNIX.group=32;UNIX.mode=0644;UNIX.owner=2005; /data/test.txt&lt;/p&gt;

&lt;div class="code panel" style="border-style: solid;border-width: 1px;"&gt;&lt;div class="codeHeader panelHeader" style="border-bottom-width: 1px;border-bottom-style: solid;"&gt;&lt;b&gt;MLSxEntryParser.java&lt;/b&gt;&lt;/div&gt;&lt;div class="codeContent panelContent"&gt;
&lt;pre class="code-java"&gt;&lt;span class="code-keyword"&gt;public&lt;/span&gt; FTPFile parseFTPEntry(&lt;span class="code-object"&gt;String&lt;/span&gt; entry) {
        &lt;span class="code-object"&gt;String&lt;/span&gt; parts[] = entry.split(&lt;span class="code-quote"&gt;" "&lt;/span&gt;,2); &lt;span class="code-comment"&gt;// Path may contain space
&lt;/span&gt;        &lt;span class="code-keyword"&gt;if&lt;/span&gt; (parts.length != 2) {
            &lt;span class="code-keyword"&gt;return&lt;/span&gt; &lt;span class="code-keyword"&gt;null&lt;/span&gt;;
        }
        FTPFile file = &lt;span class="code-keyword"&gt;new&lt;/span&gt; FTPFile();
        file.setRawListing(entry);
        file.setName(parts[1]);
        &lt;span class="code-object"&gt;String&lt;/span&gt;[] facts = parts[0].split(&lt;span class="code-quote"&gt;";"&lt;/span&gt;);
        &lt;span class="code-object"&gt;boolean&lt;/span&gt; hasUnixMode = parts[0].toLowerCase(Locale.ENGLISH).contains(&lt;span class="code-quote"&gt;"unix.mode="&lt;/span&gt;);
        &lt;span class="code-keyword"&gt;for&lt;/span&gt;(&lt;span class="code-object"&gt;String&lt;/span&gt; fact : facts) {
            &lt;span class="code-object"&gt;String&lt;/span&gt; []factparts = fact.split(&lt;span class="code-quote"&gt;"="&lt;/span&gt;);
&lt;span class="code-comment"&gt;// Sample missing permission
&lt;/span&gt;&lt;span class="code-comment"&gt;// drwx------   2 mirror   mirror       4096 Mar 13  2010 subversion
&lt;/span&gt;&lt;span class="code-comment"&gt;// modify=20100313224553;perm=;type=dir;unique=811U282598;UNIX.group=500;UNIX.mode=0700;UNIX.owner=500; subversion
&lt;/span&gt;            &lt;span class="code-keyword"&gt;if&lt;/span&gt; (factparts.length != 2) {
                &lt;span class="code-keyword"&gt;continue&lt;/span&gt;; &lt;span class="code-comment"&gt;// nothing to &lt;span class="code-keyword"&gt;do&lt;/span&gt; here
&lt;/span&gt;            }
            &lt;span class="code-object"&gt;String&lt;/span&gt; factname = factparts[0].toLowerCase(Locale.ENGLISH);
            &lt;span class="code-object"&gt;String&lt;/span&gt; factvalue = factparts[1];
            &lt;span class="code-object"&gt;String&lt;/span&gt; valueLowerCase = factvalue.toLowerCase(Locale.ENGLISH);
            &lt;span class="code-keyword"&gt;if&lt;/span&gt; (&lt;span class="code-quote"&gt;"size"&lt;/span&gt;.equals(factname)) {
                file.setSize(&lt;span class="code-object"&gt;Long&lt;/span&gt;.parseLong(factvalue));
            }
            &lt;span class="code-keyword"&gt;else&lt;/span&gt; &lt;span class="code-keyword"&gt;if&lt;/span&gt; (&lt;span class="code-quote"&gt;"sizd"&lt;/span&gt;.equals(factname)) { &lt;span class="code-comment"&gt;// Directory size
&lt;/span&gt;                file.setSize(&lt;span class="code-object"&gt;Long&lt;/span&gt;.parseLong(factvalue));
            }
            &lt;span class="code-keyword"&gt;else&lt;/span&gt; &lt;span class="code-keyword"&gt;if&lt;/span&gt; (&lt;span class="code-quote"&gt;"modify"&lt;/span&gt;.equals(factname)) {
(...)
&lt;/pre&gt;
&lt;/div&gt;&lt;/div&gt;
&lt;p&gt;50-modify not correspond to modify, so the parser not find the date&lt;/p&gt;

&lt;p&gt;Possible patch :&lt;/p&gt;
&lt;div class="code panel" style="border-style: solid;border-width: 1px;"&gt;&lt;div class="codeHeader panelHeader" style="border-bottom-width: 1px;border-bottom-style: solid;"&gt;&lt;b&gt;FTPClient.java&lt;/b&gt;&lt;/div&gt;&lt;div class="codeContent panelContent"&gt;
&lt;pre class="code-java"&gt;    &lt;span class="code-keyword"&gt;public&lt;/span&gt; FTPFile mlistFile(&lt;span class="code-object"&gt;String&lt;/span&gt; pathname) &lt;span class="code-keyword"&gt;throws&lt;/span&gt; IOException
    {
        &lt;span class="code-object"&gt;boolean&lt;/span&gt; success = FTPReply.isPositiveCompletion(sendCommand(FTPCmd.MLST, pathname));
        &lt;span class="code-keyword"&gt;if&lt;/span&gt; (success){
            &lt;span class="code-object"&gt;String&lt;/span&gt; entry = getReplyStrings()[1].substring(4); &lt;span class="code-comment"&gt;// skip leading 
&lt;/span&gt;(...)
&lt;/pre&gt;
&lt;/div&gt;&lt;/div&gt;</description>
                <environment>&lt;p&gt;On Debian linux with proftpd server&lt;/p&gt;</environment>
        <key id="12838771">NET-574</key>
            <summary>FTPClient.mlistFile returns null timestamps in FTPFile.getTimestamp</summary>
                <type id="1" iconUrl="https://issues.apache.org/jira/secure/viewavatar?size=xsmall&amp;avatarId=21133&amp;avatarType=issuetype">Bug</type>
                                            <priority id="3" iconUrl="https://issues.apache.org/jira/images/icons/priorities/major.svg">Major</priority>
                        <status id="6" iconUrl="https://issues.apache.org/jira/images/icons/statuses/closed.png" description="The issue is considered finished, the resolution is correct. Issues which are not closed can be reopened.">Closed</status>
                    <statusCategory id="3" key="done" colorName="green" />
                                    <resolution id="6">Invalid</resolution>
                                        <assignee username="-1">Unassigned</assignee>
                                    <reporter username="nleclerc78">Nicolas Leclerc</reporter>
                        <labels>
                    </labels>
                <created>Thu, 18 Jun 2015 11:57:59 +0000</created>
                <updated>Thu, 18 Jun 2015 22:17:36 +0000</updated>
                            <resolved>Thu, 18 Jun 2015 13:16:53 +0000</resolved>
                                    <version>3.3</version>
                                                    <component>FTP</component>
                        <due />
                            <votes>0</votes>
                                    <watches>1</watches>
                                                                <comments>
                            <comment id="14591762" author="sebb@apache.org" created="Thu, 18 Jun 2015 13:16:54 +0000">&lt;p&gt;The correct response to a MLST request is as follows:&lt;/p&gt;

&lt;div class="preformatted panel" style="border-width: 1px;"&gt;&lt;div class="preformattedContent panelContent"&gt;
&lt;pre&gt;250-Start of list for test.txt
 modify=20150616133640;perm=adfrw;size=83752220;type=file;unique=23U8FE039C;UNIX.group=32;UNIX.mode=0644;UNIX.owner=2005; /data/test.txt
250 End of list
&lt;/pre&gt;
&lt;/div&gt;&lt;/div&gt;

&lt;p&gt;i.e. the second line should start with a single space.&lt;/p&gt;

&lt;p&gt;See &lt;a href="https://tools.ietf.org/html/rfc3659#section-7.2" class="external-link" target="_blank" rel="nofollow noopener"&gt;https://tools.ietf.org/html/rfc3659#section-7.2&lt;/a&gt;&lt;/p&gt;

&lt;p&gt;It looks to me as though the server is not following the RFC.&lt;/p&gt;</comment>
                            <comment id="14591786" author="sebb@apache.org" created="Thu, 18 Jun 2015 13:35:36 +0000">&lt;p&gt;Note: I just tried connecting to ibiblio.org; it responds:&lt;/p&gt;

&lt;div class="preformatted panel" style="border-width: 1px;"&gt;&lt;div class="preformattedContent panelContent"&gt;
&lt;pre&gt;220 ProFTPD Server
Connected to ibiblio.org on 21
...
MLST
250-Start of list for /
 modify=20110406221708;perm=fle;type=cdir;unique=13U40;UNIX.group=0;UNIX.mode=0755;UNIX.owner=0; /
250 End of list
&lt;/pre&gt;
&lt;/div&gt;&lt;/div&gt;

&lt;p&gt;So the ProFTPD server can return correctly formatted output. I don't know why it is failing in your case.&lt;/p&gt;

&lt;p&gt;Note that you can use the examples jar as follows to send an MLST request:&lt;/p&gt;

&lt;div class="preformatted panel" style="border-width: 1px;"&gt;&lt;div class="preformattedContent panelContent"&gt;
&lt;pre&gt;java -jar commons-net-examples-3.3.jar FTPClientExample -t host username password path
&lt;/pre&gt;
&lt;/div&gt;&lt;/div&gt;

&lt;p&gt;The examples jar must be in the same folder as the main NET jar.&lt;/p&gt;

&lt;p&gt;&lt;a href="http://commons.apache.org/proper/commons-net/#Examples" class="external-link" target="_blank" rel="nofollow noopener"&gt;http://commons.apache.org/proper/commons-net/#Examples&lt;/a&gt;&lt;/p&gt;</comment>
                            <comment id="14592347" author="nleclerc78" created="Thu, 18 Jun 2015 19:08:16 +0000">&lt;p&gt;Strange :&lt;/p&gt;
&lt;div class="preformatted panel" style="border-width: 1px;"&gt;&lt;div class="preformattedContent panelContent"&gt;
&lt;pre&gt;$ java -jar commons-net-examples-3.3.jar FTPClientExample -t xxxx.yyyy.fr mylogin passwd data
220 ProFTPD 1.3.4a Server (xxxx) [::ffff:10.10.10.10]
Connected to xxxx.yyyy.fr on 21
USER *******
331 Password required for mylogin
PASS *******
230 User mylogin logged in
SYST
215 UNIX Type: L8
Remote system is UNIX Type: L8
TYPE A
200 Type set to A
MLST data
250-Start of list for data
250-modify=20150616154133;perm=flcdmpe;type=dir;unique=20U8FE0390;UNIX.group=32;UNIX.mode=02755;UNIX.owner=2005; /data
250 End of list
drwxr-xr-x    0 32       2005           -1 /data
NOOP
200 NOOP command successful
QUIT
221 Goodbye.
&lt;/pre&gt;
&lt;/div&gt;&lt;/div&gt;</comment>
                    </comments>
                    <attachments>
                    </attachments>
                <subtasks>
                    </subtasks>
                <customfields>
                                                                                                                                                                                                                                                                                                                                                                                                                                                                                                                                                                                                                                                                                                                    <customfield id="customfield_12314020" key="com.atlassian.jira.plugins.jira-development-integration-plugin:devsummary">
                        <customfieldname>Development</customfieldname>
                        <customfieldvalues>
                            
                        </customfieldvalues>
                    </customfield>
                                                                                                                        <customfield id="customfield_12313422" key="com.atlassian.jirafisheyeplugin:jobcheckbox">
                        <customfieldname>Enable Automatic Patch Review</customfieldname>
                        <customfieldvalues>
                            <customfieldvalue>false</customfieldvalue>

                        </customfieldvalues>
                    </customfield>
                                                                                                                                                                                                                                                                                                                                                                                    <customfield id="customfield_12310250" key="com.atlassian.jira.plugin.system.customfieldtypes:multicheckboxes">
                        <customfieldname>Flags</customfieldname>
                        <customfieldvalues>
                                <customfieldvalue key="10430">Patch</customfieldvalue>
    
                        </customfieldvalues>
                    </customfield>
                                                                                                                                                                                                                                                                                                <customfield id="customfield_12310420" key="com.pyxis.greenhopper.jira:gh-global-rank">
                        <customfieldname>Global Rank</customfieldname>
                        <customfieldvalues>
                            <customfieldvalue>9223372036854775807</customfieldvalue>
                        </customfieldvalues>
                    </customfield>
                                                                                                                                                                                                                                                                                                                                                                                                                                                                        <customfield id="customfield_12311820" key="com.pyxis.greenhopper.jira:gh-lexo-rank">
                        <customfieldname>Rank</customfieldname>
                        <customfieldvalues>
                            <customfieldvalue>0|i2g7ef:</customfieldvalue>

                        </customfieldvalues>
                    </customfield>
                                                                <customfield id="customfield_12310920" key="com.pyxis.greenhopper.jira:gh-global-rank">
                        <customfieldname>Rank (Obsolete)</customfieldname>
                        <customfieldvalues>
                            <customfieldvalue>9223372036854775807</customfieldvalue>
                        </customfieldvalues>
                    </customfield>
                                                                                                                                                                                                                                                                                                                                                                                                                                                                                                                                                                                                                                                                                                                                                                                            </customfields>
    </item>


</channel>
</rss>