<rss version="0.92">
    <channel>
        <title>ASF JIRA</title>
        <link>https://issues.apache.org/jira/issues/?jql=project+%3D+NET+AND+type+%3D+bug+and+%28status+%3D+RESOLVED+or+status+%3D+closed%29</link>
        <description>An XML representation of a search request</description>
                <language>en-uk</language>
                        <issue start="0" end="464" total="464" />
                <build-info>
            <version>8.20.7</version>
            <build-number>820007</build-number>
            <build-date>16-03-2022</build-date>
        </build-info>

<item>
            <title>[NET-572] Delay of around 5-6 seconds during SFTP Client file transfer using "storeFile" method of SFTP Client</title>
                <link>https://issues.apache.org/jira/browse/NET-572</link>
                <project id="12310487" key="NET">Commons Net</project>
                    <description>&lt;p&gt;For transffering files over SFTP channel the below code snippet is being used - &lt;br/&gt;
---------------------------------------------------------------------------------------------&lt;br/&gt;
      File lLocalFile = new File(pLocalFilename);&lt;br/&gt;
      FileInputStream ip = new FileInputStream(lLocalFile);&lt;br/&gt;
      boolean lResult = ftp.storeFile(pRemoteFilename, ip);&lt;br/&gt;
      ip.close(); &lt;br/&gt;
---------------------------------------------------------------------------------------------&lt;br/&gt;
As per the code, The new SFTP channel is being established and then after around 2-3 mins, when trying to transfer a file from local to remote we can observed that the "storeFile" method is taking around 5-6 seconds to respond, and after that the lResult output is being received as "0" from the storeFile() method and the file transfer is getting failed. &lt;br/&gt;
There is a timer for checking the FTP channels/FTP clients by "NOOP" operation command in every 1 second.&lt;br/&gt;
But by closing and re-establishing the SFTP connection, then within a second the same file is getting transferred successfully. But again the same problem happened on the same connection after just 2-3 mins.&lt;/p&gt;

&lt;p&gt;There is another thread in the code part where from the same remote the code is reading and transferring file to local system by polling every 1 seconds successfully using SFTP connection. the code part for reading files - &lt;br/&gt;
File lLocalFile = new File(pLocalFilename);&lt;br/&gt;
        FileOutputStream op = null;&lt;br/&gt;
        try &lt;/p&gt;
{
        	op = new FileOutputStream(lLocalFile);
        	return ftp.retrieveFile(pRemoteFilename, op);

        }
&lt;p&gt; finally {&lt;br/&gt;
            if (op != null) &lt;/p&gt;
{
                op.close();			
	    }
&lt;p&gt;        }&lt;br/&gt;
Please can you help us to identify what is the problem for the SFTP connection that not allowing the File to be transferred from Local to Remote and the storefile method takes 5-6 seconds to responding. But just establishing the new connection, the file transferred but again the same problem happens for the same channel connection.&lt;/p&gt;</description>
                <environment>&lt;p&gt;Solaris 10&lt;/p&gt;</environment>
        <key id="12829809">NET-572</key>
            <summary>Delay of around 5-6 seconds during SFTP Client file transfer using "storeFile" method of SFTP Client</summary>
                <type id="1" iconUrl="https://issues.apache.org/jira/secure/viewavatar?size=xsmall&amp;avatarId=21133&amp;avatarType=issuetype">Bug</type>
                                            <priority id="3" iconUrl="https://issues.apache.org/jira/images/icons/priorities/major.svg">Major</priority>
                        <status id="5" iconUrl="https://issues.apache.org/jira/images/icons/statuses/resolved.png" description="A resolution has been taken, and it is awaiting verification by reporter. From here issues are either reopened, or are closed.">Resolved</status>
                    <statusCategory id="3" key="done" colorName="green" />
                                    <resolution id="5">Cannot Reproduce</resolution>
                                        <assignee username="-1">Unassigned</assignee>
                                    <reporter username="Sudipta.Panda">Sudipta Panda</reporter>
                        <labels>
                    </labels>
                <created>Thu, 14 May 2015 09:34:26 +0000</created>
                <updated>Wed, 8 Feb 2017 00:21:25 +0000</updated>
                            <resolved>Wed, 8 Feb 2017 00:21:25 +0000</resolved>
                                    <version>3.0.1</version>
                                                    <component>FTP</component>
                        <due />
                            <votes>0</votes>
                                    <watches>1</watches>
                                                                <comments>
                            <comment id="15857094" author="sebb@apache.org" created="Wed, 8 Feb 2017 00:21:25 +0000">&lt;p&gt;If this is still occurring with 3.5 please re-open with a suitable test case&lt;/p&gt;</comment>
                    </comments>
                    <attachments>
                    </attachments>
                <subtasks>
                    </subtasks>
                <customfields>
                                                                                                                                                                                                                                                                                                                                                                                                                                                                                                                                                                                                                                                                                                                    <customfield id="customfield_12314020" key="com.atlassian.jira.plugins.jira-development-integration-plugin:devsummary">
                        <customfieldname>Development</customfieldname>
                        <customfieldvalues>
                            
                        </customfieldvalues>
                    </customfield>
                                                                                                                        <customfield id="customfield_12313422" key="com.atlassian.jirafisheyeplugin:jobcheckbox">
                        <customfieldname>Enable Automatic Patch Review</customfieldname>
                        <customfieldvalues>
                            <customfieldvalue>false</customfieldvalue>

                        </customfieldvalues>
                    </customfield>
                                                                                                                                                                                                                                                                                                                                                                                                                                                                                                                                                                                                                                                <customfield id="customfield_12310420" key="com.pyxis.greenhopper.jira:gh-global-rank">
                        <customfieldname>Global Rank</customfieldname>
                        <customfieldvalues>
                            <customfieldvalue>9223372036854775807</customfieldvalue>
                        </customfieldvalues>
                    </customfield>
                                                                                                                                                                                                                                                                                                                                                                                                                                                                        <customfield id="customfield_12311820" key="com.pyxis.greenhopper.jira:gh-lexo-rank">
                        <customfieldname>Rank</customfieldname>
                        <customfieldvalues>
                            <customfieldvalue>0|i2eq0n:</customfieldvalue>

                        </customfieldvalues>
                    </customfield>
                                                                <customfield id="customfield_12310920" key="com.pyxis.greenhopper.jira:gh-global-rank">
                        <customfieldname>Rank (Obsolete)</customfieldname>
                        <customfieldvalues>
                            <customfieldvalue>9223372036854775807</customfieldvalue>
                        </customfieldvalues>
                    </customfield>
                                                                                                                                                                                                                                                                                                                                                                                                                                                                                                                                                                                                                                                                                                                                                                                            </customfields>
    </item>


</channel>
</rss>