<rss version="0.92">
    <channel>
        <title>ASF JIRA</title>
        <link>https://issues.apache.org/jira/issues/?jql=project+%3D+NET+AND+type+%3D+bug+and+%28status+%3D+RESOLVED+or+status+%3D+closed%29</link>
        <description>An XML representation of a search request</description>
                <language>en-uk</language>
                        <issue start="0" end="464" total="464" />
                <build-info>
            <version>8.20.7</version>
            <build-number>820007</build-number>
            <build-date>16-03-2022</build-date>
        </build-info>

<item>
            <title>[NET-509] AuthenticatingSMTPClient needs a constructor with the isImplicit argument for SSL</title>
                <link>https://issues.apache.org/jira/browse/NET-509</link>
                <project id="12310487" key="NET">Commons Net</project>
                    <description>&lt;p&gt;AuthenticatingSMTPClient extends SMTPSClient but does not have a constructor with the isImplicit argument.&lt;br/&gt;
Because of this we can not connect to a SSL SMTP server that requires authentication.&lt;br/&gt;
According to the SMTPSClient javadoc :&lt;/p&gt;
&lt;blockquote&gt;
&lt;p&gt;In explicit mode (the default), SSL/TLS&lt;/p&gt;
&lt;ul&gt;
	&lt;li&gt;negotiation starts when the user calls execTLS() and the server accepts the command.&lt;/li&gt;
&lt;/ul&gt;


&lt;p&gt; Implicit usage:&lt;br/&gt;
               SMTPSClient c = new SMTPSClient(true);&lt;br/&gt;
               c.connect("127.0.0.1", 465);&lt;br/&gt;
 Explicit usage:&lt;br/&gt;
               SMTPSClient c = new SMTPSClient();&lt;br/&gt;
               c.connect("127.0.0.1", 25);&lt;br/&gt;
               if (c.execTLS()) &lt;/p&gt;
&lt;div class="error"&gt;&lt;span class="error"&gt;Unknown macro: { /rest of the commands here/ }&lt;/span&gt; &lt;/div&gt;
&lt;/blockquote&gt; 
&lt;p&gt;So all in all, we could think this is not important to have a constructor without the isImplicit argument, since we can go the c.execTLS() way.&lt;br/&gt;
But here is what happens when you use the explicit usage with AuthenticatingSMTPClient and a SSL connection (works fine with STARTTLS btw) : when you call connect(), SMTP.__getReply() is eventually called, and line 196 :&lt;/p&gt;
&lt;div class="code panel" style="border-width: 1px;"&gt;&lt;div class="codeContent panelContent"&gt;
&lt;pre class="code-java"&gt;        &lt;span class="code-object"&gt;String&lt;/span&gt; line = _reader.readLine();
&lt;/pre&gt;
&lt;/div&gt;&lt;/div&gt;
&lt;p&gt;is waiting for the SMTP server to reply... BUT the smtp client did not yet initiate the SSL connection; so we just wait for the timeout to occur (since the server won't reply anything before the SSL connection is initialized).&lt;br/&gt;
And if we try to call execTls() before connect(), we get a NPE because the writer is not set yet.&lt;/p&gt;

&lt;p&gt;I have attached a simple patch to make AuthenticatingSMTPClient works with SSL connections (again it works fine with STARTTLS already)&lt;/p&gt;</description>
                <environment>&lt;p&gt;all&lt;/p&gt;</environment>
        <key id="12651745">NET-509</key>
            <summary>AuthenticatingSMTPClient needs a constructor with the isImplicit argument for SSL</summary>
                <type id="1" iconUrl="https://issues.apache.org/jira/secure/viewavatar?size=xsmall&amp;avatarId=21133&amp;avatarType=issuetype">Bug</type>
                                            <priority id="3" iconUrl="https://issues.apache.org/jira/images/icons/priorities/major.svg">Major</priority>
                        <status id="6" iconUrl="https://issues.apache.org/jira/images/icons/statuses/closed.png" description="The issue is considered finished, the resolution is correct. Issues which are not closed can be reopened.">Closed</status>
                    <statusCategory id="3" key="done" colorName="green" />
                                    <resolution id="1">Fixed</resolution>
                                        <assignee username="-1">Unassigned</assignee>
                                    <reporter username="anthony.dahanne">Anthony Dahanne</reporter>
                        <labels>
                            <label>patch</label>
                    </labels>
                <created>Fri, 7 Jun 2013 17:38:08 +0000</created>
                <updated>Wed, 12 Jun 2013 21:09:52 +0000</updated>
                            <resolved>Fri, 7 Jun 2013 22:04:38 +0000</resolved>
                                                    <fixVersion>3.3</fixVersion>
                                    <component>SMTP</component>
                        <due />
                            <votes>0</votes>
                                    <watches>2</watches>
                                    <timeoriginalestimate seconds="1800">0.5h</timeoriginalestimate>
                            <timeestimate seconds="1800">0.5h</timeestimate>
                                        <comments>
                            <comment id="13678496" author="sebb@apache.org" created="Fri, 7 Jun 2013 22:04:38 +0000">&lt;p&gt;Thanks for the patch; applied with minor tweaks (e.g. restored original order of imports).&lt;/p&gt;

&lt;p&gt;URL: &lt;a href="http://svn.apache.org/r1490850" class="external-link" target="_blank" rel="nofollow noopener"&gt;http://svn.apache.org/r1490850&lt;/a&gt;&lt;br/&gt;
Log:&lt;br/&gt;
&lt;a href="https://issues.apache.org/jira/browse/NET-509" title="AuthenticatingSMTPClient needs a constructor with the isImplicit argument for SSL" class="issue-link" data-issue-key="NET-509"&gt;&lt;del&gt;NET-509&lt;/del&gt;&lt;/a&gt; AuthenticatingSMTPClient needs a constructor with the isImplicit argument for SSL&lt;/p&gt;

&lt;p&gt;Modified:&lt;br/&gt;
    commons/proper/net/trunk/src/changes/changes.xml&lt;br/&gt;
    commons/proper/net/trunk/src/main/java/org/apache/commons/net/smtp/AuthenticatingSMTPClient.java&lt;/p&gt;</comment>
                            <comment id="13679550" author="anthony.dahanne" created="Mon, 10 Jun 2013 14:45:47 +0000">&lt;p&gt;Hello Sebb,&lt;br/&gt;
thanks for applying the patch; I just had a look at &lt;a href="https://repository.apache.org/content/groups/snapshots/commons-net/commons-net/3.3-SNAPSHOT/" class="external-link" target="_blank" rel="nofollow noopener"&gt;https://repository.apache.org/content/groups/snapshots/commons-net/commons-net/3.3-SNAPSHOT/&lt;/a&gt; to get the latest build, but it is empty.&lt;br/&gt;
Is there a place to get the latest snapshots ? if not, when is the release (3.3) due for ?&lt;br/&gt;
thanks again&lt;/p&gt;</comment>
                            <comment id="13679566" author="britter" created="Mon, 10 Jun 2013 15:04:43 +0000">&lt;p&gt;We are currently voting for release 3.3 of NET &lt;span class="error"&gt;&amp;#91;1&amp;#93;&lt;/span&gt;. Feel free to try the RC out yourself and post any concerns you have to the dev ML.&lt;/p&gt;

&lt;p&gt;Regards,&lt;br/&gt;
Benedikt&lt;/p&gt;

&lt;p&gt;&lt;span class="error"&gt;&amp;#91;1&amp;#93;&lt;/span&gt; &lt;a href="http://markmail.org/message/ybdfnaao2ot4xpyr" class="external-link" target="_blank" rel="nofollow noopener"&gt;http://markmail.org/message/ybdfnaao2ot4xpyr&lt;/a&gt;&lt;/p&gt;</comment>
                    </comments>
                    <attachments>
                            <attachment id="12586753" name="NET-509____AuthenticatingSMTPClient_needs_a_constructor_with_the_isImplicit_argument_for_S.patch" size="2429" author="anthony.dahanne" created="Fri, 7 Jun 2013 17:39:28 +0000" />
                    </attachments>
                <subtasks>
                    </subtasks>
                <customfields>
                                                                                                                                                                                                                                                                                                                                                                                                                                                                                                                                                                                                                                                                                                                    <customfield id="customfield_12314020" key="com.atlassian.jira.plugins.jira-development-integration-plugin:devsummary">
                        <customfieldname>Development</customfieldname>
                        <customfieldvalues>
                            
                        </customfieldvalues>
                    </customfield>
                                                                                                                        <customfield id="customfield_12313422" key="com.atlassian.jirafisheyeplugin:jobcheckbox">
                        <customfieldname>Enable Automatic Patch Review</customfieldname>
                        <customfieldvalues>
                            <customfieldvalue>false</customfieldvalue>

                        </customfieldvalues>
                    </customfield>
                                                                                                                                                                                                                                                                                                                                                                                                                                                                                                                                                                                                                                                <customfield id="customfield_12310420" key="com.pyxis.greenhopper.jira:gh-global-rank">
                        <customfieldname>Global Rank</customfieldname>
                        <customfieldvalues>
                            <customfieldvalue>332070</customfieldvalue>
                        </customfieldvalues>
                    </customfield>
                                                                                                                                                                                                                                                                                                                                                                                                                                                                        <customfield id="customfield_12311820" key="com.pyxis.greenhopper.jira:gh-lexo-rank">
                        <customfieldname>Rank</customfieldname>
                        <customfieldvalues>
                            <customfieldvalue>0|i1labb:</customfieldvalue>

                        </customfieldvalues>
                    </customfield>
                                                                <customfield id="customfield_12310920" key="com.pyxis.greenhopper.jira:gh-global-rank">
                        <customfieldname>Rank (Obsolete)</customfieldname>
                        <customfieldvalues>
                            <customfieldvalue>332399</customfieldvalue>
                        </customfieldvalues>
                    </customfield>
                                                                                                                                                                                                                                                                                                                                                                                                                                                                                                                                                                                                                                                                                                                                                                                            </customfields>
    </item>


</channel>
</rss>