<rss version="0.92">
    <channel>
        <title>ASF JIRA</title>
        <link>https://issues.apache.org/jira/issues/?jql=project+%3D+NET+AND+type+%3D+bug+and+%28status+%3D+RESOLVED+or+status+%3D+closed%29</link>
        <description>An XML representation of a search request</description>
                <language>en-uk</language>
                        <issue start="0" end="464" total="464" />
                <build-info>
            <version>8.20.7</version>
            <build-number>820007</build-number>
            <build-date>16-03-2022</build-date>
        </build-info>

<item>
            <title>[NET-577] Fails to parse FEAT response from Gene6 FTP server</title>
                <link>https://issues.apache.org/jira/browse/NET-577</link>
                <project id="12310487" key="NET">Commons Net</project>
                    <description>&lt;p&gt;This is probably rather a bug in the server implementation, but anyway.&lt;br/&gt;
The response from a Microsoft FTP Service I'm trying to work with looks like that:&lt;/p&gt;
&lt;div class="preformatted panel" style="border-width: 1px;"&gt;&lt;div class="preformattedContent panelContent"&gt;
&lt;pre&gt;211-FEAT
    SIZE
    MDTM
211 END
&lt;/pre&gt;
&lt;/div&gt;&lt;/div&gt;
&lt;p&gt;So, after parsing the response, the entries in the features map are {{  SIZE}} and {{  MDTM}}.&lt;br/&gt;
While it doesn't adhere to the RFC (there's supposed to be a single leading space for each feature), it should be possible to work around that kind of broken response.&lt;/p&gt;</description>
                <environment />
        <key id="12841679">NET-577</key>
            <summary>Fails to parse FEAT response from Gene6 FTP server</summary>
                <type id="1" iconUrl="https://issues.apache.org/jira/secure/viewavatar?size=xsmall&amp;avatarId=21133&amp;avatarType=issuetype">Bug</type>
                                            <priority id="3" iconUrl="https://issues.apache.org/jira/images/icons/priorities/major.svg">Major</priority>
                        <status id="5" iconUrl="https://issues.apache.org/jira/images/icons/statuses/resolved.png" description="A resolution has been taken, and it is awaiting verification by reporter. From here issues are either reopened, or are closed.">Resolved</status>
                    <statusCategory id="3" key="done" colorName="green" />
                                    <resolution id="2">Won't Fix</resolution>
                                        <assignee username="-1">Unassigned</assignee>
                                    <reporter username="jkemnade">Jochen Kemnade</reporter>
                        <labels>
                    </labels>
                <created>Tue, 30 Jun 2015 12:16:02 +0000</created>
                <updated>Sun, 23 Aug 2015 21:37:49 +0000</updated>
                            <resolved>Sun, 23 Aug 2015 21:37:49 +0000</resolved>
                                    <version>3.3</version>
                                                    <component>FTP</component>
                        <due />
                            <votes>0</votes>
                                    <watches>1</watches>
                                                                <comments>
                            <comment id="14613264" author="sebb@apache.org" created="Fri, 3 Jul 2015 15:56:19 +0000">&lt;p&gt;It would of course be possible to allow for multiple leading spaces.&lt;br/&gt;
However this is definitely a violation of the RFC, so it seems wrong to do so.&lt;/p&gt;

&lt;p&gt;What do other FTP clients do?&lt;/p&gt;</comment>
                            <comment id="14614213" author="sebb@apache.org" created="Sun, 5 Jul 2015 10:49:39 +0000">&lt;p&gt;Also, what is the FTP server software? Version etc?&lt;/p&gt;</comment>
                            <comment id="14614215" author="sebb@apache.org" created="Sun, 5 Jul 2015 10:51:58 +0000">&lt;p&gt;Relevant RFC&lt;/p&gt;

&lt;p&gt;&lt;a href="https://tools.ietf.org/html/rfc2389#section-3.2" class="external-link" target="_blank" rel="nofollow noopener"&gt;https://tools.ietf.org/html/rfc2389#section-3.2&lt;/a&gt;&lt;/p&gt;</comment>
                            <comment id="14620284" author="jkemnade" created="Thu, 9 Jul 2015 10:28:06 +0000">&lt;p&gt;It's a Gene6 FTP server 3.9.0 (Build 2) (www.g6ftpserver.com). I haven't checked whether the current version also behaves like that. And yes, the behavior is wrong according to the RFC.&lt;/p&gt;</comment>
                    </comments>
                    <attachments>
                    </attachments>
                <subtasks>
                    </subtasks>
                <customfields>
                                                                                                                                                                                                                                                                                                                                                                                                                                                                                                                                                                                                                                                                                                                    <customfield id="customfield_12314020" key="com.atlassian.jira.plugins.jira-development-integration-plugin:devsummary">
                        <customfieldname>Development</customfieldname>
                        <customfieldvalues>
                            
                        </customfieldvalues>
                    </customfield>
                                                                                                                        <customfield id="customfield_12313422" key="com.atlassian.jirafisheyeplugin:jobcheckbox">
                        <customfieldname>Enable Automatic Patch Review</customfieldname>
                        <customfieldvalues>
                            <customfieldvalue>false</customfieldvalue>

                        </customfieldvalues>
                    </customfield>
                                                                                                                                                                                                                                                                                                                                                                                                                                                                                                                                                                                                                                                <customfield id="customfield_12310420" key="com.pyxis.greenhopper.jira:gh-global-rank">
                        <customfieldname>Global Rank</customfieldname>
                        <customfieldvalues>
                            <customfieldvalue>9223372036854775807</customfieldvalue>
                        </customfieldvalues>
                    </customfield>
                                                                                                                                                                                                                                                                                                                                                                                                                                                                        <customfield id="customfield_12311820" key="com.pyxis.greenhopper.jira:gh-lexo-rank">
                        <customfieldname>Rank</customfieldname>
                        <customfieldvalues>
                            <customfieldvalue>0|i2gon3:</customfieldvalue>

                        </customfieldvalues>
                    </customfield>
                                                                <customfield id="customfield_12310920" key="com.pyxis.greenhopper.jira:gh-global-rank">
                        <customfieldname>Rank (Obsolete)</customfieldname>
                        <customfieldvalues>
                            <customfieldvalue>9223372036854775807</customfieldvalue>
                        </customfieldvalues>
                    </customfield>
                                                                                                                                                                                                                                                                                                                                                                                                                                                                                                                                                                                                                                                                                                                                                                                            </customfields>
    </item>


</channel>
</rss>