<rss version="0.92">
    <channel>
        <title>ASF JIRA</title>
        <link>https://issues.apache.org/jira/issues/?jql=project+%3D+NET+AND+type+%3D+bug+and+%28status+%3D+RESOLVED+or+status+%3D+closed%29</link>
        <description>An XML representation of a search request</description>
                <language>en-uk</language>
                        <issue start="0" end="464" total="464" />
                <build-info>
            <version>8.20.7</version>
            <build-number>820007</build-number>
            <build-date>16-03-2022</build-date>
        </build-info>

<item>
            <title>[NET-387] TelnetClient use of FromNetASCIIInputStream and ToNetASCIIOutputStream breaks binary mode on non-Windows platforms</title>
                <link>https://issues.apache.org/jira/browse/NET-387</link>
                <project id="12310487" key="NET">Commons Net</project>
                    <description>&lt;p&gt;I am trying to use the telnet client in conjunction with the telnet BINARY option.&lt;/p&gt;

&lt;p&gt;However, the commons-net telnet client has ASCII line-ending conversion hard-coded into it! The result is that even in BINARY mode, any occurrence of CR-LF is replaced by your platform's default line ending sequence. So unless you happen to be running Windows, BINARY mode is screwed up. How ironic.&lt;/p&gt;

&lt;p&gt;The attached patch works for me: it seems like this line ending conversion that it's doing is not the job of this library. The telnet protocol has CRLF line endings by definition so this is what any user of this client should expect. If the user of this library wants platform-specific line endings then they can wrap their input in a &lt;tt&gt;java.io.LineNumberReader&lt;/tt&gt;.&lt;/p&gt;</description>
                <environment />
        <key id="12502064">NET-387</key>
            <summary>TelnetClient use of FromNetASCIIInputStream and ToNetASCIIOutputStream breaks binary mode on non-Windows platforms</summary>
                <type id="1" iconUrl="https://issues.apache.org/jira/secure/viewavatar?size=xsmall&amp;avatarId=21133&amp;avatarType=issuetype">Bug</type>
                                            <priority id="3" iconUrl="https://issues.apache.org/jira/images/icons/priorities/major.svg">Major</priority>
                        <status id="6" iconUrl="https://issues.apache.org/jira/images/icons/statuses/closed.png" description="The issue is considered finished, the resolution is correct. Issues which are not closed can be reopened.">Closed</status>
                    <statusCategory id="3" key="done" colorName="green" />
                                    <resolution id="1">Fixed</resolution>
                                        <assignee username="-1">Unassigned</assignee>
                                    <reporter username="archie172">Archie Cobbs</reporter>
                        <labels>
                    </labels>
                <created>Tue, 22 Mar 2011 16:58:57 +0000</created>
                <updated>Sat, 4 Jun 2011 19:26:26 +0000</updated>
                            <resolved>Tue, 22 Mar 2011 17:16:35 +0000</resolved>
                                    <version>2.2</version>
                                    <fixVersion>3.0</fixVersion>
                                    <component>Telnet</component>
                        <due />
                            <votes>0</votes>
                                    <watches>0</watches>
                                    <timeoriginalestimate seconds="300">5m</timeoriginalestimate>
                            <timeestimate seconds="300">5m</timeestimate>
                                            <issuelinks>
                            <issuelinktype id="12310000">
                    <name>Duplicate</name>
                                            <outwardlinks description="duplicates">
                                        <issuelink>
            <issuekey id="12342225">NET-89</issuekey>
        </issuelink>
                            </outwardlinks>
                                                        </issuelinktype>
                    </issuelinks>
                <attachments>
                            <attachment id="12474309" name="crlf-bugfix.txt" size="1191" author="archie172" created="Tue, 22 Mar 2011 16:59:31 +0000" />
                    </attachments>
                <subtasks>
                    </subtasks>
                <customfields>
                                                                                                                                                                                                                                                                                                                                                                                                                                                                                                                                                                                                                                                                                                                    <customfield id="customfield_12314020" key="com.atlassian.jira.plugins.jira-development-integration-plugin:devsummary">
                        <customfieldname>Development</customfieldname>
                        <customfieldvalues>
                            
                        </customfieldvalues>
                    </customfield>
                                                                                                                        <customfield id="customfield_12313422" key="com.atlassian.jirafisheyeplugin:jobcheckbox">
                        <customfieldname>Enable Automatic Patch Review</customfieldname>
                        <customfieldvalues>
                            <customfieldvalue>false</customfieldvalue>

                        </customfieldvalues>
                    </customfield>
                                                                                                                                                                                                                                                                                                                                                                                                                                                                                                                                                                                                                                                <customfield id="customfield_12310420" key="com.pyxis.greenhopper.jira:gh-global-rank">
                        <customfieldname>Global Rank</customfieldname>
                        <customfieldvalues>
                            <customfieldvalue>72063</customfieldvalue>
                        </customfieldvalues>
                    </customfield>
                                                                                                                                                                                                                                                                                                                                                                                                                                                                        <customfield id="customfield_12311820" key="com.pyxis.greenhopper.jira:gh-lexo-rank">
                        <customfieldname>Rank</customfieldname>
                        <customfieldvalues>
                            <customfieldvalue>0|i0y8xb:</customfieldvalue>

                        </customfieldvalues>
                    </customfield>
                                                                <customfield id="customfield_12310920" key="com.pyxis.greenhopper.jira:gh-global-rank">
                        <customfieldname>Rank (Obsolete)</customfieldname>
                        <customfieldvalues>
                            <customfieldvalue>197915</customfieldvalue>
                        </customfieldvalues>
                    </customfield>
                                                                                                                                                                                                                                                                                                                                                                                                                                                                                                                                                                                                                                                                                                                                                                                            </customfields>
    </item>


</channel>
</rss>