<rss version="0.92">
    <channel>
        <title>ASF JIRA</title>
        <link>https://issues.apache.org/jira/issues/?jql=project+%3D+NET+AND+type+%3D+bug+and+%28status+%3D+RESOLVED+or+status+%3D+closed%29</link>
        <description>An XML representation of a search request</description>
                <language>en-uk</language>
                        <issue start="0" end="464" total="464" />
                <build-info>
            <version>8.20.7</version>
            <build-number>820007</build-number>
            <build-date>16-03-2022</build-date>
        </build-info>

<item>
            <title>[NET-420] Retrieving files from AS400 FTP systems returns null timestamps in FTPFile.getTimestamp</title>
                <link>https://issues.apache.org/jira/browse/NET-420</link>
                <project id="12310487" key="NET">Commons Net</project>
                    <description>&lt;p&gt;We are trying to list files from AS400 systems and retrieve the timestamps from these files using the following code:&lt;/p&gt;

&lt;p&gt;FTPClientConfig conf = new FTPClientConfig(FTPClientConfig.SYST_AS400);&lt;br/&gt;
conf.setDefaultDateFormatStr("MM/dd/yy HH:mm:ss");&lt;br/&gt;
ftpClient.configure(conf); &lt;br/&gt;
ftpClient.connect(hostName);&lt;br/&gt;
FTPFile[] file = ftpClient.listFiles(remoteFileName);&lt;br/&gt;
Calendar timeStamp = files&lt;span class="error"&gt;&amp;#91;0&amp;#93;&lt;/span&gt;.getTimestamp();&lt;/p&gt;

&lt;p&gt;timeStamp returned is always null.&lt;br/&gt;
I have also tried various setting other parsers.. but that also does not work:&lt;br/&gt;
FTPListParseEngine engine = ftpClient.initiateListParsing("org.apache.commons.net.ftp.parser.OS400FTPEntryParser",remoteFileName);&lt;br/&gt;
FTPFile[] files = engine.getNext(25);  &lt;/p&gt;

&lt;p&gt;The LIST command which is used internally in the FTPClient retrieves the timestamps successfully. However after parsing the FTPFile has a null value for the timestamp field.&lt;/p&gt;

&lt;p&gt;I tried the latest commons net 3.0.1 and the problem still exists.&lt;/p&gt;

&lt;p&gt;Please help us fix this problem. It is critical to us.&lt;/p&gt;</description>
                <environment>&lt;p&gt;Commons Net 2.0&lt;br/&gt;
FTP System: AS400 systems&lt;/p&gt;</environment>
        <key id="12520104">NET-420</key>
            <summary>Retrieving files from AS400 FTP systems returns null timestamps in FTPFile.getTimestamp</summary>
                <type id="1" iconUrl="https://issues.apache.org/jira/secure/viewavatar?size=xsmall&amp;avatarId=21133&amp;avatarType=issuetype">Bug</type>
                                            <priority id="4" iconUrl="https://issues.apache.org/jira/images/icons/priorities/minor.svg">Minor</priority>
                        <status id="6" iconUrl="https://issues.apache.org/jira/images/icons/statuses/closed.png" description="The issue is considered finished, the resolution is correct. Issues which are not closed can be reopened.">Closed</status>
                    <statusCategory id="3" key="done" colorName="green" />
                                    <resolution id="6">Invalid</resolution>
                                        <assignee username="-1">Unassigned</assignee>
                                    <reporter username="ramyar">Ramya Rajendiran</reporter>
                        <labels>
                    </labels>
                <created>Thu, 25 Aug 2011 12:33:50 +0000</created>
                <updated>Fri, 1 Feb 2013 20:17:01 +0000</updated>
                            <resolved>Thu, 5 Jan 2012 22:06:52 +0000</resolved>
                                    <version>2.0</version>
                    <version>3.0.1</version>
                                                    <component>FTP</component>
                        <due />
                            <votes>0</votes>
                                    <watches>0</watches>
                                                                <comments>
                            <comment id="13091494" author="sebb@apache.org" created="Fri, 26 Aug 2011 01:18:48 +0000">&lt;p&gt;Can you provide access to an AS400 FTP server for testing purposes?&lt;/p&gt;

&lt;p&gt;If not, please at least provide a full listing as returned by the LIST command.&lt;/p&gt;</comment>
                            <comment id="13091536" author="ramyar" created="Fri, 26 Aug 2011 02:55:24 +0000">&lt;p&gt;Sorry that I can not provide an AS400 system.It is inside our intranet.&lt;br/&gt;
This is the raw listing of the file. Ithas no contents.&lt;/p&gt;

&lt;p&gt;-rwxrwxrwx   1 RAMYARAJ 0             22 Aug 25 22:31 file.txt&lt;/p&gt;

&lt;p&gt;Thanks!&lt;/p&gt;</comment>
                            <comment id="13093790" author="sebb@apache.org" created="Tue, 30 Aug 2011 15:01:56 +0000">&lt;p&gt;Your code is using:&lt;/p&gt;

&lt;blockquote&gt;&lt;p&gt;conf.setDefaultDateFormatStr("MM/dd/yy HH:mm:ss");&lt;/p&gt;&lt;/blockquote&gt;

&lt;p&gt;yet the list looks like the following:&lt;/p&gt;

&lt;blockquote&gt;&lt;p&gt;-rwxrwxrwx 1 RAMYARAJ 0 22 Aug 25 22:31 file.txt&lt;/p&gt;&lt;/blockquote&gt;

&lt;p&gt;It's not surprising that the entries are not being parsed.&lt;/p&gt;

&lt;p&gt;Try using a date format string that corresponds with the listing output, for example:&lt;/p&gt;

&lt;div class="code panel" style="border-width: 1px;"&gt;&lt;div class="codeContent panelContent"&gt;
&lt;pre class="code-java"&gt;conf.setDefaultDateFormatStr(&lt;span class="code-quote"&gt;"dd MMM yy HH:mm:ss"&lt;/span&gt;);
&lt;/pre&gt;
&lt;/div&gt;&lt;/div&gt;</comment>
                            <comment id="13180879" author="sebb@apache.org" created="Thu, 5 Jan 2012 22:06:52 +0000">&lt;p&gt;Appears to be user error.&lt;/p&gt;

&lt;p&gt;Please re-open with full details if not.&lt;/p&gt;</comment>
                    </comments>
                    <attachments>
                    </attachments>
                <subtasks>
                    </subtasks>
                <customfields>
                                                                                                                                                                                                                                                                                                                                                                                                                                                                                                                                                                                                                                                                                                                    <customfield id="customfield_12314020" key="com.atlassian.jira.plugins.jira-development-integration-plugin:devsummary">
                        <customfieldname>Development</customfieldname>
                        <customfieldvalues>
                            
                        </customfieldvalues>
                    </customfield>
                                                                                                                        <customfield id="customfield_12313422" key="com.atlassian.jirafisheyeplugin:jobcheckbox">
                        <customfieldname>Enable Automatic Patch Review</customfieldname>
                        <customfieldvalues>
                            <customfieldvalue>false</customfieldvalue>

                        </customfieldvalues>
                    </customfield>
                                                                                                                                                                                                                                                                                                                                                                                                                                                                                                                                                                                                                                                <customfield id="customfield_12310420" key="com.pyxis.greenhopper.jira:gh-global-rank">
                        <customfieldname>Global Rank</customfieldname>
                        <customfieldvalues>
                            <customfieldvalue>63114</customfieldvalue>
                        </customfieldvalues>
                    </customfield>
                                                                                                                                                                                                                                                                                                                                                                                                                                                                        <customfield id="customfield_12311820" key="com.pyxis.greenhopper.jira:gh-lexo-rank">
                        <customfieldname>Rank</customfieldname>
                        <customfieldvalues>
                            <customfieldvalue>0|i0ybxz:</customfieldvalue>

                        </customfieldvalues>
                    </customfield>
                                                                <customfield id="customfield_12310920" key="com.pyxis.greenhopper.jira:gh-global-rank">
                        <customfieldname>Rank (Obsolete)</customfieldname>
                        <customfieldvalues>
                            <customfieldvalue>198404</customfieldvalue>
                        </customfieldvalues>
                    </customfield>
                                                                                                                                                                                                                                                                                                                                                                                                                                                                                                                                                                                                                                                                                                                                                                                            </customfields>
    </item>


</channel>
</rss>