<rss version="0.92">
    <channel>
        <title>ASF JIRA</title>
        <link>https://issues.apache.org/jira/issues/?jql=project+%3D+NET+AND+type+%3D+bug+and+%28status+%3D+RESOLVED+or+status+%3D+closed%29</link>
        <description>An XML representation of a search request</description>
                <language>en-uk</language>
                        <issue start="0" end="464" total="464" />
                <build-info>
            <version>8.20.7</version>
            <build-number>820007</build-number>
            <build-date>16-03-2022</build-date>
        </build-info>

<item>
            <title>[NET-185] Possible NPE in Threader.java</title>
                <link>https://issues.apache.org/jira/browse/NET-185</link>
                <project id="12310487" key="NET">Commons Net</project>
                    <description>&lt;p&gt;In Threader.gatherSubjects, it appears to be possible for tail.next = c.child; to be null &lt;span class="error"&gt;&amp;#91;line 356&amp;#93;&lt;/span&gt;:&lt;/p&gt;

&lt;p&gt;	349	 if (old.threadable == null &amp;amp;&amp;amp; c.threadable == null) {&lt;br/&gt;
	350		// both dummies - merge them&lt;br/&gt;
	351		ThreadContainer tail;&lt;br/&gt;
	352		for (tail = old.child;&lt;br/&gt;
	353		tail != null &amp;amp;&amp;amp; tail.next != null;&lt;br/&gt;
	354		tail = tail.next);&lt;br/&gt;
	355	&lt;br/&gt;
	356		tail.next = c.child;&lt;/p&gt;

&lt;p&gt;It also seems kind of pointless, given that the subsequent line immediately resets tail to c.child. Perhaps the ; is not intended there?&lt;/p&gt;</description>
                <environment>&lt;p&gt;Fortify&lt;/p&gt;</environment>
        <key id="12388895">NET-185</key>
            <summary>Possible NPE in Threader.java</summary>
                <type id="1" iconUrl="https://issues.apache.org/jira/secure/viewavatar?size=xsmall&amp;avatarId=21133&amp;avatarType=issuetype">Bug</type>
                                            <priority id="4" iconUrl="https://issues.apache.org/jira/images/icons/priorities/minor.svg">Minor</priority>
                        <status id="6" iconUrl="https://issues.apache.org/jira/images/icons/statuses/closed.png" description="The issue is considered finished, the resolution is correct. Issues which are not closed can be reopened.">Closed</status>
                    <statusCategory id="3" key="done" colorName="green" />
                                    <resolution id="1">Fixed</resolution>
                                        <assignee username="-1">Unassigned</assignee>
                                    <reporter username="bayard">Henri Yandell</reporter>
                        <labels>
                    </labels>
                <created>Mon, 18 Feb 2008 02:04:50 +0000</created>
                <updated>Sat, 4 Jun 2011 19:26:37 +0000</updated>
                            <resolved>Tue, 8 Mar 2011 23:35:32 +0000</resolved>
                                                    <fixVersion>3.0</fixVersion>
                                    <component>NNTP</component>
                        <due />
                            <votes>0</votes>
                                    <watches>0</watches>
                                                                <comments>
                            <comment id="12571080" author="bayard" created="Thu, 21 Feb 2008 15:45:29 +0000">&lt;p&gt;Why closed as "Later" and not left open without a fix version?&lt;/p&gt;

&lt;p&gt;Once something is closed I'm not convinced people will notice the issues again.&lt;/p&gt;</comment>
                            <comment id="12571150" author="rwinston@eircom.net" created="Thu, 21 Feb 2008 19:11:12 +0000">&lt;p&gt;Henri&lt;/p&gt;

&lt;p&gt;You're right. I'll mark this against the next version so it doesn't get forgotten. Thanks!&lt;/p&gt;</comment>
                            <comment id="12571288" author="bayard" created="Fri, 22 Feb 2008 06:45:16 +0000">&lt;p&gt;Still confused &lt;img class="emoticon" src="https://issues.apache.org/jira/images/icons/emoticons/smile.png" height="16" width="16" align="absmiddle" alt="" border="0"/&gt; Why resolved and not just left open?&lt;/p&gt;</comment>
                            <comment id="12586968" author="sebb@apache.org" created="Tue, 8 Apr 2008 21:32:04 +0000">&lt;p&gt;Not yet resolved, so re-opening&lt;/p&gt;</comment>
                            <comment id="12688162" author="rwinston@eircom.net" created="Sun, 22 Mar 2009 19:10:51 +0000">&lt;ul&gt;
	&lt;li&gt;c shouldnt be null (its in the iteration condition)&lt;/li&gt;
	&lt;li&gt;tail is &lt;em&gt;not&lt;/em&gt; set: it is tail.next. The loop is a simple linked-list iterator.&lt;/li&gt;
&lt;/ul&gt;
</comment>
                            <comment id="12688188" author="sebb@apache.org" created="Mon, 23 Mar 2009 00:17:05 +0000">&lt;p&gt;The for loop can exit with tail == null if old.child == null.&lt;/p&gt;</comment>
                            <comment id="13004285" author="sebb@apache.org" created="Tue, 8 Mar 2011 23:35:32 +0000">&lt;p&gt;Added a check just in case&lt;/p&gt;</comment>
                    </comments>
                    <attachments>
                    </attachments>
                <subtasks>
                    </subtasks>
                <customfields>
                                                                                                                                                                                                                                                                                                                                                                                                                                                                                                                                                                                                                                                                                                                    <customfield id="customfield_12314020" key="com.atlassian.jira.plugins.jira-development-integration-plugin:devsummary">
                        <customfieldname>Development</customfieldname>
                        <customfieldvalues>
                            
                        </customfieldvalues>
                    </customfield>
                                                                                                                        <customfield id="customfield_12313422" key="com.atlassian.jirafisheyeplugin:jobcheckbox">
                        <customfieldname>Enable Automatic Patch Review</customfieldname>
                        <customfieldvalues>
                            <customfieldvalue>false</customfieldvalue>

                        </customfieldvalues>
                    </customfield>
                                                                                                                                                                                                                                                                                                                                                                                                                                                                                                                                                                                                                                                <customfield id="customfield_12310420" key="com.pyxis.greenhopper.jira:gh-global-rank">
                        <customfieldname>Global Rank</customfieldname>
                        <customfieldvalues>
                            <customfieldvalue>71998</customfieldvalue>
                        </customfieldvalues>
                    </customfield>
                                                                                                                                                                                                                                                                                                                                                                                                                                                                        <customfield id="customfield_12311820" key="com.pyxis.greenhopper.jira:gh-lexo-rank">
                        <customfieldname>Rank</customfieldname>
                        <customfieldvalues>
                            <customfieldvalue>0|i0kuk7:</customfieldvalue>

                        </customfieldvalues>
                    </customfield>
                                                                <customfield id="customfield_12310920" key="com.pyxis.greenhopper.jira:gh-global-rank">
                        <customfieldname>Rank (Obsolete)</customfieldname>
                        <customfieldvalues>
                            <customfieldvalue>119769</customfieldvalue>
                        </customfieldvalues>
                    </customfield>
                                                                                                                                                                                                                                                                                                                                                                                                                                                                                                                                                                                                                                                                                                                                                                                            </customfields>
    </item>


</channel>
</rss>