<rss version="0.92">
    <channel>
        <title>ASF JIRA</title>
        <link>https://issues.apache.org/jira/issues/?jql=project+%3D+NET+AND+type+%3D+bug+and+%28status+%3D+RESOLVED+or+status+%3D+closed%29</link>
        <description>An XML representation of a search request</description>
                <language>en-uk</language>
                        <issue start="0" end="464" total="464" />
                <build-info>
            <version>8.20.7</version>
            <build-number>820007</build-number>
            <build-date>16-03-2022</build-date>
        </build-info>

<item>
            <title>[NET-221] Javaoc for new classes in 2.0 should have @since 2.0</title>
                <link>https://issues.apache.org/jira/browse/NET-221</link>
                <project id="12310487" key="NET">Commons Net</project>
                    <description>&lt;p&gt;It would be helpful to identify the classes that are new to 2.0&lt;/p&gt;</description>
                <environment />
        <key id="12396329">NET-221</key>
            <summary>Javaoc for new classes in 2.0 should have @since 2.0</summary>
                <type id="1" iconUrl="https://issues.apache.org/jira/secure/viewavatar?size=xsmall&amp;avatarId=21133&amp;avatarType=issuetype">Bug</type>
                                            <priority id="4" iconUrl="https://issues.apache.org/jira/images/icons/priorities/minor.svg">Minor</priority>
                        <status id="6" iconUrl="https://issues.apache.org/jira/images/icons/statuses/closed.png" description="The issue is considered finished, the resolution is correct. Issues which are not closed can be reopened.">Closed</status>
                    <statusCategory id="3" key="done" colorName="green" />
                                    <resolution id="1">Fixed</resolution>
                                        <assignee username="-1">Unassigned</assignee>
                                    <reporter username="sebb">Sebb</reporter>
                        <labels>
                    </labels>
                <created>Mon, 19 May 2008 16:19:48 +0000</created>
                <updated>Wed, 25 Jun 2008 10:49:21 +0000</updated>
                            <resolved>Wed, 25 Jun 2008 10:49:21 +0000</resolved>
                                    <version>1.5</version>
                    <version>2.0</version>
                                                        <due />
                            <votes>0</votes>
                                    <watches>0</watches>
                                                                <comments>
                            <comment id="12598106" author="niallp" created="Mon, 19 May 2008 21:35:23 +0000">&lt;p&gt;Added for both the trunk / Net 1.5 and branch / Net 2.0:&lt;/p&gt;

&lt;p&gt;&lt;a href="http://svn.apache.org/viewvc?view=rev&amp;amp;revision=657989" class="external-link" target="_blank" rel="nofollow noopener"&gt;http://svn.apache.org/viewvc?view=rev&amp;amp;revision=657989&lt;/a&gt;&lt;br/&gt;
&lt;a href="http://svn.apache.org/viewvc?view=rev&amp;amp;revision=657990" class="external-link" target="_blank" rel="nofollow noopener"&gt;http://svn.apache.org/viewvc?view=rev&amp;amp;revision=657990&lt;/a&gt;&lt;/p&gt;</comment>
                            <comment id="12598107" author="sebb@apache.org" created="Mon, 19 May 2008 21:43:51 +0000">&lt;p&gt;Thanks!&lt;/p&gt;</comment>
                    </comments>
                    <attachments>
                    </attachments>
                <subtasks>
                    </subtasks>
                <customfields>
                                                                                                                                                                                                                                                                                                                                                                                                                                                                                                                                                                                                                                                                                                                    <customfield id="customfield_12314020" key="com.atlassian.jira.plugins.jira-development-integration-plugin:devsummary">
                        <customfieldname>Development</customfieldname>
                        <customfieldvalues>
                            
                        </customfieldvalues>
                    </customfield>
                                                                                                                        <customfield id="customfield_12313422" key="com.atlassian.jirafisheyeplugin:jobcheckbox">
                        <customfieldname>Enable Automatic Patch Review</customfieldname>
                        <customfieldvalues>
                            <customfieldvalue>false</customfieldvalue>

                        </customfieldvalues>
                    </customfield>
                                                                                                                                                                                                                                                                                                                                                                                                                                                                                                                                                                                                                                                <customfield id="customfield_12310420" key="com.pyxis.greenhopper.jira:gh-global-rank">
                        <customfieldname>Global Rank</customfieldname>
                        <customfieldvalues>
                            <customfieldvalue>154545</customfieldvalue>
                        </customfieldvalues>
                    </customfield>
                                                                                                                                                                                                                                                                                                                                                                                                                                                                        <customfield id="customfield_12311820" key="com.pyxis.greenhopper.jira:gh-lexo-rank">
                        <customfieldname>Rank</customfieldname>
                        <customfieldvalues>
                            <customfieldvalue>0|i0lpfb:</customfieldvalue>

                        </customfieldvalues>
                    </customfield>
                                                                <customfield id="customfield_12310920" key="com.pyxis.greenhopper.jira:gh-global-rank">
                        <customfieldname>Rank (Obsolete)</customfieldname>
                        <customfieldvalues>
                            <customfieldvalue>124770</customfieldvalue>
                        </customfieldvalues>
                    </customfield>
                                                                                                                                                                                                                                                                                                                                                                                                                                                                                                                                                                                                                                                                                                                                                                                            </customfields>
    </item>


</channel>
</rss>