<rss version="0.92">
    <channel>
        <title>ASF JIRA</title>
        <link>https://issues.apache.org/jira/issues/?jql=project+%3D+NET+AND+type+%3D+bug+and+%28status+%3D+RESOLVED+or+status+%3D+closed%29</link>
        <description>An XML representation of a search request</description>
                <language>en-uk</language>
                        <issue start="0" end="464" total="464" />
                <build-info>
            <version>8.20.7</version>
            <build-number>820007</build-number>
            <build-date>16-03-2022</build-date>
        </build-info>

<item>
            <title>[NET-29] ftp.parser.NTFTPEntryParser doesn't recognize numerical named directory</title>
                <link>https://issues.apache.org/jira/browse/NET-29</link>
                <project id="12310487" key="NET">Commons Net</project>
                    <description>&lt;p&gt;On Windows2k's built-in FTP server, FtpClient.listFiles() doesn't list &lt;br/&gt;
numerical named directories like '1994'.&lt;/p&gt;

&lt;p&gt;Here is a quick fix:&lt;/p&gt;

&lt;p&gt;&amp;#8212; NTFTPEntryParser.java.orig	Thu Oct 23 10:13:00 2003&lt;br/&gt;
+++ NTFTPEntryParser.java	Thu Apr 15 17:23:58 2004&lt;br/&gt;
@@ -162,7 +162,7 @@&lt;/p&gt;
             {
                 return (null);
             }
&lt;ul class="alternate" type="square"&gt;
	&lt;li&gt;f.setName(name);&lt;br/&gt;
+&lt;br/&gt;
             //convert all the calendar stuff to ints&lt;br/&gt;
             int month = new Integer(mo).intValue() - 1;&lt;br/&gt;
             int day = new Integer(da).intValue();&lt;br/&gt;
@@ -198,6 +198,14 @@
             &lt;div class="error"&gt;&lt;span class="error"&gt;Unknown macro: {                 f.setType(FTPFile.DIRECTORY_TYPE);                 f.setSize(0);+                if (null != size)+                {
+                    f.setName(size+name);
+                }+                else+                {
+                    f.setName(name);
+                }                 }&lt;/span&gt; &lt;/div&gt;
&lt;p&gt;             else&lt;/p&gt;
             &lt;div class="error"&gt;&lt;span class="error"&gt;Unknown macro: {@@ -206,6 +214,7 @@                 {
                     f.setSize(new Integer(size).intValue());
                 }+                f.setName(name);             }&lt;/span&gt; &lt;/div&gt;
&lt;p&gt;             return (f);&lt;br/&gt;
         }&lt;/p&gt;&lt;/li&gt;
&lt;/ul&gt;
</description>
                <environment>&lt;p&gt;Operating System: All&lt;br/&gt;
Platform: PC&lt;/p&gt;</environment>
        <key id="12341404">NET-29</key>
            <summary>ftp.parser.NTFTPEntryParser doesn't recognize numerical named directory</summary>
                <type id="1" iconUrl="https://issues.apache.org/jira/secure/viewavatar?size=xsmall&amp;avatarId=21133&amp;avatarType=issuetype">Bug</type>
                                            <priority id="3" iconUrl="https://issues.apache.org/jira/images/icons/priorities/major.svg">Major</priority>
                        <status id="6" iconUrl="https://issues.apache.org/jira/images/icons/statuses/closed.png" description="The issue is considered finished, the resolution is correct. Issues which are not closed can be reopened.">Closed</status>
                    <statusCategory id="3" key="done" colorName="green" />
                                    <resolution id="3">Duplicate</resolution>
                                        <assignee username="-1">Unassigned</assignee>
                                    <reporter username="cpp@vip.163.com">Charles Liu</reporter>
                        <labels>
                    </labels>
                <created>Thu, 15 Apr 2004 16:39:03 +0000</created>
                <updated>Thu, 20 Sep 2007 05:31:06 +0000</updated>
                            <resolved>Thu, 20 Sep 2007 05:31:06 +0000</resolved>
                                    <version>1.1</version>
                                                        <due />
                            <votes>0</votes>
                                    <watches>0</watches>
                                                                <comments>
                            <comment id="12406471" author="scohen@apache.org" created="Fri, 16 Apr 2004 09:12:03 +0000">&lt;p&gt;Can you please provide a sample entry that fails with the current code?  I&lt;br/&gt;
refactored the test code, using this entry&lt;/p&gt;

&lt;p&gt;12-03-96  06:38AM       &amp;lt;DIR&amp;gt;          123456&lt;/p&gt;

&lt;p&gt;and I find that the existing code handles it correctly.&lt;/p&gt;

&lt;p&gt;See the test method NTFTPEntryParserTest.testParseFieldsOnDirectory() in the&lt;br/&gt;
latest cvs code.&lt;/p&gt;

&lt;p&gt;Or better yet, send a patch to the test that shows how it fails.&lt;/p&gt;

&lt;p&gt;Thanks.&lt;/p&gt;</comment>
                            <comment id="12406472" author="cpp@vip.163.com" created="Fri, 16 Apr 2004 13:54:54 +0000">&lt;p&gt;So this is fixed in the cvs, for &lt;a href="https://issues.apache.org/jira/browse/NET-106" title="Parsing error" class="issue-link" data-issue-key="NET-106"&gt;&lt;del&gt;COM-584&lt;/del&gt;&lt;/a&gt; (NT directories with name beginning &lt;br/&gt;
with number).  Sorry for my ignorance.&lt;/p&gt;</comment>
                            <comment id="12406473" author="scohen@apache.org" created="Fri, 16 Apr 2004 17:52:03 +0000">&lt;p&gt;No problem, Mr. Liu.  Sorry for MY ignorance for not remembering this fix.  Thanks for pointing &lt;br/&gt;
out that this is a duplicate. &lt;/p&gt;

&lt;p&gt;reopening so I can mark it correctly as a duplicate. &lt;/p&gt;</comment>
                            <comment id="12406474" author="scohen@apache.org" created="Fri, 16 Apr 2004 17:52:45 +0000">

&lt;ul&gt;
	&lt;li&gt;
	&lt;ul&gt;
		&lt;li&gt;
		&lt;ul&gt;
			&lt;li&gt;This bug has been marked as a duplicate of 20259 ***&lt;/li&gt;
		&lt;/ul&gt;
		&lt;/li&gt;
	&lt;/ul&gt;
	&lt;/li&gt;
&lt;/ul&gt;
</comment>
                    </comments>
                    <attachments>
                    </attachments>
                <subtasks>
                    </subtasks>
                <customfields>
                                                                                                                                                                                                                                                                                                                                                                                                                                                                                                                                                                                                    <customfield id="customfield_10010" key="com.atlassian.jira.plugin.system.customfieldtypes:importid">
                        <customfieldname>Bugzilla Id</customfieldname>
                        <customfieldvalues>
                            <customfieldvalue>28406</customfieldvalue>
                        </customfieldvalues>
                    </customfield>
                                                                                                                                                    <customfield id="customfield_12314020" key="com.atlassian.jira.plugins.jira-development-integration-plugin:devsummary">
                        <customfieldname>Development</customfieldname>
                        <customfieldvalues>
                            
                        </customfieldvalues>
                    </customfield>
                                                                                                                        <customfield id="customfield_12313422" key="com.atlassian.jirafisheyeplugin:jobcheckbox">
                        <customfieldname>Enable Automatic Patch Review</customfieldname>
                        <customfieldvalues>
                            <customfieldvalue>false</customfieldvalue>

                        </customfieldvalues>
                    </customfield>
                                                                                                                                                                                                                                                                                                                                                                                                                                                                                                                                                                                                                                                <customfield id="customfield_12310420" key="com.pyxis.greenhopper.jira:gh-global-rank">
                        <customfieldname>Global Rank</customfieldname>
                        <customfieldvalues>
                            <customfieldvalue>154369</customfieldvalue>
                        </customfieldvalues>
                    </customfield>
                                                                                                                                                                                                                                                                                                                                                                                                                                                                        <customfield id="customfield_12311820" key="com.pyxis.greenhopper.jira:gh-lexo-rank">
                        <customfieldname>Rank</customfieldname>
                        <customfieldvalues>
                            <customfieldvalue>0|i0ybjb:</customfieldvalue>

                        </customfieldvalues>
                    </customfield>
                                                                <customfield id="customfield_12310920" key="com.pyxis.greenhopper.jira:gh-global-rank">
                        <customfieldname>Rank (Obsolete)</customfieldname>
                        <customfieldvalues>
                            <customfieldvalue>198338</customfieldvalue>
                        </customfieldvalues>
                    </customfield>
                                                                                                                                                                                                                                                                                                                                                                                                                                                                                                                                                                                                                                                                                                                                                                                            </customfields>
    </item>


</channel>
</rss>