<rss version="0.92">
    <channel>
        <title>ASF JIRA</title>
        <link>https://issues.apache.org/jira/issues/?jql=project+%3D+NET+AND+type+%3D+bug+and+%28status+%3D+RESOLVED+or+status+%3D+closed%29</link>
        <description>An XML representation of a search request</description>
                <language>en-uk</language>
                        <issue start="0" end="464" total="464" />
                <build-info>
            <version>8.20.7</version>
            <build-number>820007</build-number>
            <build-date>16-03-2022</build-date>
        </build-info>

<item>
            <title>[NET-33] [net] __openDataConnection does not close ServerSocket after server.accept() timesout</title>
                <link>https://issues.apache.org/jira/browse/NET-33</link>
                <project id="12310487" key="NET">Commons Net</project>
                    <description>&lt;p&gt;In org.apache.commons.net.ftp.FTPClient&lt;br/&gt;
in method "protected Socket &lt;em&gt;openDataConnection&lt;/em&gt;(int command, String arg) throws&lt;br/&gt;
IOException" after server.accept() times out, it leaves the socket open in&lt;br/&gt;
listening mode and just progates the exception. It should close the socket&lt;br/&gt;
before propogating the exception.&lt;/p&gt;

&lt;p&gt;            // For now, let's just use the data timeout value for waiting for&lt;br/&gt;
            // the data connection.  It may be desirable to let this be a&lt;br/&gt;
            // separately configurable value.  In any case, we really want&lt;br/&gt;
            // to allow preventing the accept from blocking indefinitely.&lt;br/&gt;
            if (__dataTimeout &amp;gt;= 0)&lt;br/&gt;
                server.setSoTimeout(__dataTimeout);&lt;br/&gt;
            try&lt;/p&gt;
{
            socket = server.accept();
            }
&lt;p&gt;catch(SocketTimeoutException ste)&lt;/p&gt;
{
            server.close(); 
            throw ste;
            }
&lt;p&gt;            server.close();&lt;br/&gt;
        }&lt;br/&gt;
        else&lt;br/&gt;
        { .....&lt;br/&gt;
.....&lt;/p&gt;</description>
                <environment>&lt;p&gt;Operating System: other&lt;br/&gt;
Platform: All&lt;/p&gt;</environment>
        <key id="12342872">NET-33</key>
            <summary>[net] __openDataConnection does not close ServerSocket after server.accept() timesout</summary>
                <type id="1" iconUrl="https://issues.apache.org/jira/secure/viewavatar?size=xsmall&amp;avatarId=21133&amp;avatarType=issuetype">Bug</type>
                                            <priority id="3" iconUrl="https://issues.apache.org/jira/images/icons/priorities/major.svg">Major</priority>
                        <status id="6" iconUrl="https://issues.apache.org/jira/images/icons/statuses/closed.png" description="The issue is considered finished, the resolution is correct. Issues which are not closed can be reopened.">Closed</status>
                    <statusCategory id="3" key="done" colorName="green" />
                                    <resolution id="1">Fixed</resolution>
                                        <assignee username="-1">Unassigned</assignee>
                                    <reporter username="dhillon_tegbir@hotmail.com">Tegbir Singh DHILLON</reporter>
                        <labels>
                    </labels>
                <created>Wed, 25 Jan 2006 21:58:31 +0000</created>
                <updated>Thu, 20 Sep 2007 05:31:07 +0000</updated>
                            <resolved>Thu, 20 Sep 2007 05:31:07 +0000</resolved>
                                                                        <due />
                            <votes>0</votes>
                                    <watches>0</watches>
                                                                <comments>
                            <comment id="12411325" author="rwinston@eircom.net" created="Sun, 29 Jan 2006 02:52:57 +0000">&lt;p&gt;Added a catch-and-rethrow that closes the ServerSocket before rethrowing.&lt;/p&gt;</comment>
                    </comments>
                    <attachments>
                    </attachments>
                <subtasks>
                    </subtasks>
                <customfields>
                                                                                                                                                                                                                                                                                                                                                                                                                                                                                                                                                                                                    <customfield id="customfield_10010" key="com.atlassian.jira.plugin.system.customfieldtypes:importid">
                        <customfieldname>Bugzilla Id</customfieldname>
                        <customfieldvalues>
                            <customfieldvalue>38381</customfieldvalue>
                        </customfieldvalues>
                    </customfield>
                                                                                                                                                    <customfield id="customfield_12314020" key="com.atlassian.jira.plugins.jira-development-integration-plugin:devsummary">
                        <customfieldname>Development</customfieldname>
                        <customfieldvalues>
                            
                        </customfieldvalues>
                    </customfield>
                                                                                                                        <customfield id="customfield_12313422" key="com.atlassian.jirafisheyeplugin:jobcheckbox">
                        <customfieldname>Enable Automatic Patch Review</customfieldname>
                        <customfieldvalues>
                            <customfieldvalue>false</customfieldvalue>

                        </customfieldvalues>
                    </customfield>
                                                                                                                                                                                                                                                                                                                                                                                                                                                                                                                                                                                                                                                <customfield id="customfield_12310420" key="com.pyxis.greenhopper.jira:gh-global-rank">
                        <customfieldname>Global Rank</customfieldname>
                        <customfieldvalues>
                            <customfieldvalue>154373</customfieldvalue>
                        </customfieldvalues>
                    </customfield>
                                                                                                                                                                                                                                                                                                                                                                                                                                                                        <customfield id="customfield_12311820" key="com.pyxis.greenhopper.jira:gh-lexo-rank">
                        <customfieldname>Rank</customfieldname>
                        <customfieldvalues>
                            <customfieldvalue>0|i0lpnr:</customfieldvalue>

                        </customfieldvalues>
                    </customfield>
                                                                <customfield id="customfield_12310920" key="com.pyxis.greenhopper.jira:gh-global-rank">
                        <customfieldname>Rank (Obsolete)</customfieldname>
                        <customfieldvalues>
                            <customfieldvalue>124808</customfieldvalue>
                        </customfieldvalues>
                    </customfield>
                                                                                                                                                                                                                                                                                                                                                                                                                                                                                                                                                                                                                                                                                                                                                                                            </customfields>
    </item>


</channel>
</rss>