<rss version="0.92">
    <channel>
        <title>ASF JIRA</title>
        <link>https://issues.apache.org/jira/issues/?jql=project+%3D+NET+AND+type+%3D+bug+and+%28status+%3D+RESOLVED+or+status+%3D+closed%29</link>
        <description>An XML representation of a search request</description>
                <language>en-uk</language>
                        <issue start="0" end="464" total="464" />
                <build-info>
            <version>8.20.7</version>
            <build-number>820007</build-number>
            <build-date>16-03-2022</build-date>
        </build-info>

<item>
            <title>[NET-571] Hang on running 'setFileTransferMode(FTP.BLOCK_TRANSFER_MODE)' against IIS ftp server on Windows</title>
                <link>https://issues.apache.org/jira/browse/NET-571</link>
                <project id="12310487" key="NET">Commons Net</project>
                    <description>&lt;p&gt;The test codes is:&lt;/p&gt;
&lt;div class="code panel" style="border-width: 1px;"&gt;&lt;div class="codeContent panelContent"&gt;
&lt;pre class="code-java"&gt;FTPClient client = &lt;span class="code-keyword"&gt;null&lt;/span&gt;;
client = &lt;span class="code-keyword"&gt;new&lt;/span&gt; FTPClient();
client.connect(host, port);
&lt;span class="code-object"&gt;int&lt;/span&gt; reply = client.getReplyCode();
&lt;span class="code-keyword"&gt;if&lt;/span&gt; (client.login(user, password)) {
    	          client.setFileTransferMode(FTP.BLOCK_TRANSFER_MODE);
		  client.setFileType(FTP.BINARY_FILE_TYPE);
		  client.setBufferSize(DEFAULT_BUFFER_SIZE);
... ...
}
&lt;/pre&gt;
&lt;/div&gt;&lt;/div&gt;

&lt;p&gt;It passed against FileZilla FTP server installed on Windows7, but it will hang on the line 'client.setFileTransferMode(FTP.BLOCK_TRANSFER_MODE);' against IIS ftp server installed on the same Window7 OS.&lt;/p&gt;</description>
                <environment />
        <key id="12828739">NET-571</key>
            <summary>Hang on running 'setFileTransferMode(FTP.BLOCK_TRANSFER_MODE)' against IIS ftp server on Windows</summary>
                <type id="1" iconUrl="https://issues.apache.org/jira/secure/viewavatar?size=xsmall&amp;avatarId=21133&amp;avatarType=issuetype">Bug</type>
                                            <priority id="3" iconUrl="https://issues.apache.org/jira/images/icons/priorities/major.svg">Major</priority>
                        <status id="5" iconUrl="https://issues.apache.org/jira/images/icons/statuses/resolved.png" description="A resolution has been taken, and it is awaiting verification by reporter. From here issues are either reopened, or are closed.">Resolved</status>
                    <statusCategory id="3" key="done" colorName="green" />
                                    <resolution id="5">Cannot Reproduce</resolution>
                                        <assignee username="-1">Unassigned</assignee>
                                    <reporter username="sam liu">sam liu</reporter>
                        <labels>
                    </labels>
                <created>Mon, 11 May 2015 06:45:52 +0000</created>
                <updated>Tue, 7 Feb 2017 16:39:27 +0000</updated>
                            <resolved>Tue, 7 Feb 2017 16:39:27 +0000</resolved>
                                                                    <component>FTP</component>
                        <due />
                            <votes>0</votes>
                                    <watches>2</watches>
                                                                <comments>
                            <comment id="15720186" author="nexus7tha" created="Sun, 4 Dec 2016 16:12:08 +0000">&lt;p&gt;Could not reproduce with IIS FTP/Windows 7&lt;/p&gt;

&lt;p&gt;Log:&lt;/p&gt;
&lt;blockquote&gt;
&lt;p&gt;&lt;font color="red"&gt;220 Microsoft FTP Service&lt;/font&gt;&lt;br/&gt;
USER usr1&lt;br/&gt;
&lt;font color="red"&gt;331 Password required for usr1.&lt;/font&gt;&lt;br/&gt;
PASS pwd1&lt;br/&gt;
&lt;font color="red"&gt;230 User logged in.&lt;/font&gt;&lt;br/&gt;
MODE B&lt;br/&gt;
&lt;font color="red"&gt;200 Mode B ok.&lt;/font&gt;&lt;br/&gt;
TYPE I&lt;br/&gt;
&lt;font color="red"&gt;200 Type set to I.&lt;/font&gt;&lt;/p&gt;&lt;/blockquote&gt;</comment>
                    </comments>
                    <attachments>
                    </attachments>
                <subtasks>
                    </subtasks>
                <customfields>
                                                                                                                                                                                                                                                                                                                                                                                                                                                                                                                                                                                                                                                                                                                    <customfield id="customfield_12314020" key="com.atlassian.jira.plugins.jira-development-integration-plugin:devsummary">
                        <customfieldname>Development</customfieldname>
                        <customfieldvalues>
                            
                        </customfieldvalues>
                    </customfield>
                                                                                                                        <customfield id="customfield_12313422" key="com.atlassian.jirafisheyeplugin:jobcheckbox">
                        <customfieldname>Enable Automatic Patch Review</customfieldname>
                        <customfieldvalues>
                            <customfieldvalue>false</customfieldvalue>

                        </customfieldvalues>
                    </customfield>
                                                                                                                                                                                                                                                                                                                                                                                                                                                                                                                                                                                                                                                <customfield id="customfield_12310420" key="com.pyxis.greenhopper.jira:gh-global-rank">
                        <customfieldname>Global Rank</customfieldname>
                        <customfieldvalues>
                            <customfieldvalue>9223372036854775807</customfieldvalue>
                        </customfieldvalues>
                    </customfield>
                                                                                                                                                                                                                                                                                                                                                                                                                                                                        <customfield id="customfield_12311820" key="com.pyxis.greenhopper.jira:gh-lexo-rank">
                        <customfieldname>Rank</customfieldname>
                        <customfieldvalues>
                            <customfieldvalue>0|i2ejlz:</customfieldvalue>

                        </customfieldvalues>
                    </customfield>
                                                                <customfield id="customfield_12310920" key="com.pyxis.greenhopper.jira:gh-global-rank">
                        <customfieldname>Rank (Obsolete)</customfieldname>
                        <customfieldvalues>
                            <customfieldvalue>9223372036854775807</customfieldvalue>
                        </customfieldvalues>
                    </customfield>
                                                                                                                                                                                                                                                                                                                                                                                                                                                                                                                                                                                                                                                                                                                                                                                            </customfields>
    </item>


</channel>
</rss>