<rss version="0.92">
    <channel>
        <title>ASF JIRA</title>
        <link>https://issues.apache.org/jira/issues/?jql=project+%3D+NET+AND+type+%3D+bug+and+%28status+%3D+RESOLVED+or+status+%3D+closed%29</link>
        <description>An XML representation of a search request</description>
                <language>en-uk</language>
                        <issue start="0" end="464" total="464" />
                <build-info>
            <version>8.20.7</version>
            <build-number>820007</build-number>
            <build-date>16-03-2022</build-date>
        </build-info>

<item>
            <title>[NET-59] [net] NullpointerException on FTPClient.disconnect() if an Exception occured while FTPClient.connect</title>
                <link>https://issues.apache.org/jira/browse/NET-59</link>
                <project id="12310487" key="NET">Commons Net</project>
                    <description>&lt;p&gt;Hello,&lt;/p&gt;

&lt;p&gt;think this bug is the same (or at least similiar) to the following one:&lt;br/&gt;
&lt;a href="http://issues.apache.org/bugzilla/show_bug.cgi?id=26296" class="external-link" target="_blank" rel="nofollow noopener"&gt;http://issues.apache.org/bugzilla/show_bug.cgi?id=26296&lt;/a&gt;&lt;br/&gt;
but since I was not sure, I opened it as a seperate report.&lt;/p&gt;

&lt;p&gt;Versions affected: commons-net-1.2.2, think also commons-net-1.4.0&lt;/p&gt;

&lt;p&gt;Problem: If an exception occures while FTPClient.connect() is running, a call to &lt;br/&gt;
FTPClient.disconnect() in a finally-block might throw a NullPointerException.&lt;br/&gt;
I am pretty shure, that this might cause some Threads so keep alive, also they &lt;br/&gt;
cannot be interrupted anymore.&lt;/p&gt;

&lt;p&gt;Reason: This happens since TelnetClient.disconnect() does not check whether the &lt;br/&gt;
Streams (__input and __ouput) it tries to close are NULL or not.&lt;br/&gt;
Normally it is sufficent to check FTPClient.isConnected(), but if a exceptions &lt;br/&gt;
is thrown after SocketClient._&lt;em&gt;connectAction&lt;/em&gt; has been excecuted, SocketClient.&lt;br/&gt;
&lt;em&gt;isConnected&lt;/em&gt; is set to true, so the check will indicate that the connection is &lt;br/&gt;
alive.&lt;/p&gt;

&lt;p&gt;Christian&lt;/p&gt;</description>
                <environment>&lt;p&gt;Operating System: All&lt;br/&gt;
Platform: Other&lt;/p&gt;</environment>
        <key id="12342280">NET-59</key>
            <summary>[net] NullpointerException on FTPClient.disconnect() if an Exception occured while FTPClient.connect</summary>
                <type id="1" iconUrl="https://issues.apache.org/jira/secure/viewavatar?size=xsmall&amp;avatarId=21133&amp;avatarType=issuetype">Bug</type>
                                            <priority id="3" iconUrl="https://issues.apache.org/jira/images/icons/priorities/major.svg">Major</priority>
                        <status id="6" iconUrl="https://issues.apache.org/jira/images/icons/statuses/closed.png" description="The issue is considered finished, the resolution is correct. Issues which are not closed can be reopened.">Closed</status>
                    <statusCategory id="3" key="done" colorName="green" />
                                    <resolution id="1">Fixed</resolution>
                                        <assignee username="-1">Unassigned</assignee>
                                    <reporter username="christian.hufgard@gmx.de">Christian Hufgard</reporter>
                        <labels>
                    </labels>
                <created>Thu, 2 Jun 2005 21:41:05 +0000</created>
                <updated>Wed, 20 Dec 2006 11:01:44 +0000</updated>
                            <resolved>Wed, 20 Dec 2006 11:01:44 +0000</resolved>
                                    <version>1.2</version>
                                    <fixVersion>2.0</fixVersion>
                                        <due />
                            <votes>0</votes>
                                    <watches>0</watches>
                                                                <comments>
                            <comment id="12459895" author="rwinston@eircom.net" created="Wed, 20 Dec 2006 11:01:44 +0000">&lt;p&gt;Added null check in TelnetClient&lt;/p&gt;</comment>
                    </comments>
                    <attachments>
                    </attachments>
                <subtasks>
                    </subtasks>
                <customfields>
                                                                                                                                                                                                                                                                                                                                                                                                                                                                                                                                                                                                    <customfield id="customfield_10010" key="com.atlassian.jira.plugin.system.customfieldtypes:importid">
                        <customfieldname>Bugzilla Id</customfieldname>
                        <customfieldvalues>
                            <customfieldvalue>35185</customfieldvalue>
                        </customfieldvalues>
                    </customfield>
                                                                                                                                                    <customfield id="customfield_12314020" key="com.atlassian.jira.plugins.jira-development-integration-plugin:devsummary">
                        <customfieldname>Development</customfieldname>
                        <customfieldvalues>
                            
                        </customfieldvalues>
                    </customfield>
                                                                                                                        <customfield id="customfield_12313422" key="com.atlassian.jirafisheyeplugin:jobcheckbox">
                        <customfieldname>Enable Automatic Patch Review</customfieldname>
                        <customfieldvalues>
                            <customfieldvalue>false</customfieldvalue>

                        </customfieldvalues>
                    </customfield>
                                                                                                                                                                                                                                                                                                                                                                                                                                                                                                                                                                                                                                                <customfield id="customfield_12310420" key="com.pyxis.greenhopper.jira:gh-global-rank">
                        <customfieldname>Global Rank</customfieldname>
                        <customfieldvalues>
                            <customfieldvalue>154399</customfieldvalue>
                        </customfieldvalues>
                    </customfield>
                                                                                                                                                                                                                                                                                                                                                                                                                                                                        <customfield id="customfield_12311820" key="com.pyxis.greenhopper.jira:gh-lexo-rank">
                        <customfieldname>Rank</customfieldname>
                        <customfieldvalues>
                            <customfieldvalue>0|i0y6rb:</customfieldvalue>

                        </customfieldvalues>
                    </customfield>
                                                                <customfield id="customfield_12310920" key="com.pyxis.greenhopper.jira:gh-global-rank">
                        <customfieldname>Rank (Obsolete)</customfieldname>
                        <customfieldvalues>
                            <customfieldvalue>197564</customfieldvalue>
                        </customfieldvalues>
                    </customfield>
                                                                                                                                                                                                                                                                                                                                                                                                                                                                                                                                                                                                                                                                                                                                                                                            </customfields>
    </item>


</channel>
</rss>