<rss version="0.92">
    <channel>
        <title>ASF JIRA</title>
        <link>https://issues.apache.org/jira/issues/?jql=project+%3D+NET+AND+type+%3D+bug+and+%28status+%3D+RESOLVED+or+status+%3D+closed%29</link>
        <description>An XML representation of a search request</description>
                <language>en-uk</language>
                        <issue start="0" end="464" total="464" />
                <build-info>
            <version>8.20.7</version>
            <build-number>820007</build-number>
            <build-date>16-03-2022</build-date>
        </build-info>

<item>
            <title>[NET-270] Incorrect error handling in method initiateListParsing of FTPClient</title>
                <link>https://issues.apache.org/jira/browse/NET-270</link>
                <project id="12310487" key="NET">Commons Net</project>
                    <description>&lt;p&gt;In method initiateListParsing of FTPClient, errors when opening the data connection are not correctly handled.&lt;br/&gt;
This leads to ignore message delivered by the server and further operation with the FTPClient instance are not valid.&lt;/p&gt;

&lt;p&gt;As an example, considere the attached unit test. When such an error is met, using the &lt;em&gt;sendNoOp&lt;/em&gt; command returns false.&lt;br/&gt;
Here is an output of the test:&lt;/p&gt;
&lt;div class="preformatted panel" style="border-width: 1px;"&gt;&lt;div class="preformattedContent panelContent"&gt;
&lt;pre&gt;F:\dev\jakarta\&amp;gt;run org.apache.commons.vfs.provider.ftp.FTPClientUnitTest 10.0.0.x 21 /GILLES/source usr pass 5500
Ignoring error when creating client at iteration: 1152
Error at iteration: 1155
java.net.SocketTimeoutException: Accept timed out
        at java.net.PlainSocketImpl.socketAccept(Native Method)
        at java.net.PlainSocketImpl.accept(PlainSocketImpl.java:384)
        at java.net.ServerSocket.implAccept(ServerSocket.java:450)
        at java.net.ServerSocket.accept(ServerSocket.java:421)
        at org.apache.commons.net.ftp.FTPClient._openDataConnection_(FTPClient.java:489)
        at org.apache.commons.net.ftp.FTPClient.initiateListParsing(FTPClient.java:2296)
        at org.apache.commons.net.ftp.FTPClient.initiateListParsing(FTPClient.java:2269)
        at org.apache.commons.net.ftp.FTPClient.listFiles(FTPClient.java:2046)
        at org.apache.commons.vfs.provider.ftp.FTPClientUnitTest.testConnectTimeoutInList(FTPClientUnitTest.java:70)
        at org.apache.commons.vfs.provider.ftp.FTPClientUnitTest.main(FTPClientUnitTest.java:110)
Exception in thread "main" junit.framework.AssertionFailedError: NOOP failed at iteration 1155
        at junit.framework.Assert.fail(Assert.java:47)
        at junit.framework.Assert.assertTrue(Assert.java:20)
        at org.apache.commons.vfs.provider.ftp.FTPClientUnitTest.testConnectTimeoutInList(FTPClientUnitTest.java:75)
        at org.apache.commons.vfs.provider.ftp.FTPClientUnitTest.main(FTPClientUnitTest.java:110)
&lt;/pre&gt;
&lt;/div&gt;&lt;/div&gt;</description>
                <environment>&lt;p&gt;XP - java version "1.5.0_09" - FileZilla server 0.9.30beta&lt;/p&gt;</environment>
        <key id="12422373">NET-270</key>
            <summary>Incorrect error handling in method initiateListParsing of FTPClient</summary>
                <type id="1" iconUrl="https://issues.apache.org/jira/secure/viewavatar?size=xsmall&amp;avatarId=21133&amp;avatarType=issuetype">Bug</type>
                                            <priority id="3" iconUrl="https://issues.apache.org/jira/images/icons/priorities/major.svg">Major</priority>
                        <status id="6" iconUrl="https://issues.apache.org/jira/images/icons/statuses/closed.png" description="The issue is considered finished, the resolution is correct. Issues which are not closed can be reopened.">Closed</status>
                    <statusCategory id="3" key="done" colorName="green" />
                                    <resolution id="1">Fixed</resolution>
                                        <assignee username="-1">Unassigned</assignee>
                                    <reporter username="gillouxgaillard@wanadoo.fr">Gilles Gaillard</reporter>
                        <labels>
                    </labels>
                <created>Wed, 8 Apr 2009 14:42:39 +0000</created>
                <updated>Sat, 4 Jun 2011 19:26:25 +0000</updated>
                            <resolved>Wed, 2 Mar 2011 21:45:37 +0000</resolved>
                                    <version>2.0</version>
                                    <fixVersion>3.0</fixVersion>
                                    <component>FTP</component>
                        <due />
                            <votes>0</votes>
                                    <watches>1</watches>
                                    <timeoriginalestimate seconds="86400">24h</timeoriginalestimate>
                            <timeestimate seconds="86400">24h</timeestimate>
                                        <comments>
                            <comment id="12697044" author="gillouxgaillard@wanadoo.fr" created="Wed, 8 Apr 2009 14:44:31 +0000">&lt;p&gt;Attached unit test showing the issue&lt;/p&gt;</comment>
                            <comment id="12697098" author="gillouxgaillard@wanadoo.fr" created="Wed, 8 Apr 2009 16:57:28 +0000">&lt;p&gt;The reason why &lt;tt&gt;sendNoOp&lt;/tt&gt; returns false is that &lt;tt&gt;completePendingCommand&lt;/tt&gt; was not called because of the socket exception.&lt;/p&gt;

&lt;p&gt;The consequence is that any further usages of the FTPClient instance lead to inconsistent server message. At call &lt;em&gt;n&lt;/em&gt;, the client reads the server response for the call &lt;em&gt;n - 1&lt;/em&gt;&lt;/p&gt;</comment>
                            <comment id="13001685" author="sebb@apache.org" created="Wed, 2 Mar 2011 21:45:37 +0000">&lt;p&gt;Fixed by calling Util.closeQuietly(socket); instead of socket.close() in private FTPListParseEngine initiateListParsing&lt;/p&gt;</comment>
                    </comments>
                    <attachments>
                            <attachment id="12404969" name="FTPClientUnitTest.java" size="2511" author="gillouxgaillard@wanadoo.fr" created="Wed, 8 Apr 2009 14:44:31 +0000" />
                    </attachments>
                <subtasks>
                    </subtasks>
                <customfields>
                                                                                                                                                                                                                                                                                                                                                                                                                                                                                                                                                                                                                                                                                                                    <customfield id="customfield_12314020" key="com.atlassian.jira.plugins.jira-development-integration-plugin:devsummary">
                        <customfieldname>Development</customfieldname>
                        <customfieldvalues>
                            
                        </customfieldvalues>
                    </customfield>
                                                                                                                        <customfield id="customfield_12313422" key="com.atlassian.jirafisheyeplugin:jobcheckbox">
                        <customfieldname>Enable Automatic Patch Review</customfieldname>
                        <customfieldvalues>
                            <customfieldvalue>false</customfieldvalue>

                        </customfieldvalues>
                    </customfield>
                                                                                                                                                                                                                                                                                                                                                                                                                                                                                                                                                                                                                                                <customfield id="customfield_12310420" key="com.pyxis.greenhopper.jira:gh-global-rank">
                        <customfieldname>Global Rank</customfieldname>
                        <customfieldvalues>
                            <customfieldvalue>72073</customfieldvalue>
                        </customfieldvalues>
                    </customfield>
                                                                                                                                                                                                                                                                                                                                                                                                                                                                        <customfield id="customfield_12311820" key="com.pyxis.greenhopper.jira:gh-lexo-rank">
                        <customfieldname>Rank</customfieldname>
                        <customfieldvalues>
                            <customfieldvalue>0|i0l0m7:</customfieldvalue>

                        </customfieldvalues>
                    </customfield>
                                                                <customfield id="customfield_12310920" key="com.pyxis.greenhopper.jira:gh-global-rank">
                        <customfieldname>Rank (Obsolete)</customfieldname>
                        <customfieldvalues>
                            <customfieldvalue>120750</customfieldvalue>
                        </customfieldvalues>
                    </customfield>
                                                                                                                                                                                                                                                                                                                                                                                                                                                                                                                                                                                                                                                                                                                                                                                            </customfields>
    </item>


</channel>
</rss>