<rss version="0.92">
    <channel>
        <title>ASF JIRA</title>
        <link>https://issues.apache.org/jira/issues/?jql=project+%3D+NET+AND+type+%3D+bug+and+%28status+%3D+RESOLVED+or+status+%3D+closed%29</link>
        <description>An XML representation of a search request</description>
                <language>en-uk</language>
                        <issue start="0" end="464" total="464" />
                <build-info>
            <version>8.20.7</version>
            <build-number>820007</build-number>
            <build-date>16-03-2022</build-date>
        </build-info>

<item>
            <title>[NET-605] FTPSClient forces IP in SubjectAlternativeNames field for server certificate validation instead of hostname</title>
                <link>https://issues.apache.org/jira/browse/NET-605</link>
                <project id="12310487" key="NET">Commons Net</project>
                    <description>&lt;p&gt;We have an FTP Server with a signed certificate, with both CN and SAN DNS entries set to the respective hostname of the machine.&lt;/p&gt;

&lt;p&gt;When attempting to connect using FTPSClient, we get java.security.cert.CertificateException: No subject alternative names matching IP address x.x.x.x found. The FTPSClient appears to resolve the IP address and pass that through the SSLSocket where it eventually raises the exception.&lt;/p&gt;

&lt;p&gt;While we initially encountered the error against our internal FTP server, we have confirmed the same issue against a public FTP server. &lt;a href="ftps://demo:password@test.rebex.net" class="external-link" target="_blank" rel="nofollow noopener"&gt;ftps://demo:password@test.rebex.net&lt;/a&gt;.&lt;/p&gt;</description>
                <environment />
        <key id="13027445">NET-605</key>
            <summary>FTPSClient forces IP in SubjectAlternativeNames field for server certificate validation instead of hostname</summary>
                <type id="1" iconUrl="https://issues.apache.org/jira/secure/viewavatar?size=xsmall&amp;avatarId=21133&amp;avatarType=issuetype">Bug</type>
                                            <priority id="3" iconUrl="https://issues.apache.org/jira/images/icons/priorities/major.svg">Major</priority>
                        <status id="6" iconUrl="https://issues.apache.org/jira/images/icons/statuses/closed.png" description="The issue is considered finished, the resolution is correct. Issues which are not closed can be reopened.">Closed</status>
                    <statusCategory id="3" key="done" colorName="green" />
                                    <resolution id="10003">Resolved</resolution>
                                        <assignee username="-1">Unassigned</assignee>
                                    <reporter username="adam.lynam.dwp">Adam Lynam</reporter>
                        <labels>
                    </labels>
                <created>Mon, 12 Dec 2016 13:17:04 +0000</created>
                <updated>Wed, 1 Mar 2017 15:49:53 +0000</updated>
                            <resolved>Wed, 1 Mar 2017 15:49:45 +0000</resolved>
                                    <version>3.5</version>
                                                    <component>FTP</component>
                        <due />
                            <votes>0</votes>
                                    <watches>1</watches>
                                                                <comments>
                            <comment id="15741865" author="adam.lynam.dwp" created="Mon, 12 Dec 2016 13:18:14 +0000">&lt;p&gt;This was likely introduced by the patch in this issue: &lt;a href="https://issues.apache.org/jira/browse/NET-579" class="external-link" rel="nofollow"&gt;https://issues.apache.org/jira/browse/NET-579&lt;/a&gt;&lt;/p&gt;</comment>
                            <comment id="15741883" author="adam.lynam.dwp" created="Mon, 12 Dec 2016 13:26:27 +0000">&lt;p&gt;The answer to this is probably setting the original hostname, instead of the IP (held in the host variable), when creating the SSLSocket inside FTPSClient on line 268:&lt;/p&gt;

&lt;p&gt;SSLSocket socket =&lt;br/&gt;
            (SSLSocket) ssf.createSocket(&lt;em&gt;socket&lt;/em&gt;, host, port, false);&lt;/p&gt;

&lt;p&gt;I am not sure what other impact this might have though.&lt;/p&gt;</comment>
                            <comment id="15856709" author="sebb@apache.org" created="Tue, 7 Feb 2017 20:18:42 +0000">&lt;p&gt;What is the code that you are using? Simplest possible exampe please.&lt;/p&gt;</comment>
                            <comment id="15890067" author="adam.lynam.dwp" created="Wed, 1 Mar 2017 12:26:22 +0000">&lt;div class="code panel" style="border-style: solid;border-width: 1px;"&gt;&lt;div class="codeHeader panelHeader" style="border-bottom-width: 1px;border-bottom-style: solid;"&gt;&lt;b&gt;FTPSClientIPRequiredExample.java&lt;/b&gt;&lt;/div&gt;&lt;div class="codeContent panelContent"&gt;
&lt;pre class="code-java"&gt;&lt;span class="code-keyword"&gt;import&lt;/span&gt; org.apache.commons.net.ftp.FTPSClient;

&lt;span class="code-keyword"&gt;import&lt;/span&gt; java.io.IOException;

&lt;span class="code-keyword"&gt;public&lt;/span&gt; &lt;span class="code-keyword"&gt;class &lt;/span&gt;FTPSClientIPRequiredExample {
    &lt;span class="code-keyword"&gt;private&lt;/span&gt; &lt;span class="code-keyword"&gt;static&lt;/span&gt; &lt;span class="code-keyword"&gt;final&lt;/span&gt; &lt;span class="code-object"&gt;boolean&lt;/span&gt; IS_IMPLICIT = &lt;span class="code-keyword"&gt;true&lt;/span&gt;;
    &lt;span class="code-keyword"&gt;private&lt;/span&gt; &lt;span class="code-keyword"&gt;static&lt;/span&gt; &lt;span class="code-keyword"&gt;final&lt;/span&gt; &lt;span class="code-object"&gt;String&lt;/span&gt; SERVER_ADDRESS = &lt;span class="code-quote"&gt;"test.rebex.net"&lt;/span&gt;;
    &lt;span class="code-keyword"&gt;private&lt;/span&gt; &lt;span class="code-keyword"&gt;static&lt;/span&gt; &lt;span class="code-keyword"&gt;final&lt;/span&gt; &lt;span class="code-object"&gt;int&lt;/span&gt; DEFAULT_FTPS_PORT = 990;

    &lt;span class="code-keyword"&gt;public&lt;/span&gt; &lt;span class="code-keyword"&gt;static&lt;/span&gt; void main(&lt;span class="code-object"&gt;String&lt;/span&gt;[] args) &lt;span class="code-keyword"&gt;throws&lt;/span&gt; IOException {
        FTPSClient client = &lt;span class="code-keyword"&gt;new&lt;/span&gt; FTPSClient(IS_IMPLICIT);
        client.setEndpointCheckingEnabled(&lt;span class="code-keyword"&gt;true&lt;/span&gt;);
        client.connect(SERVER_ADDRESS, DEFAULT_FTPS_PORT);
    }
}
&lt;/pre&gt;
&lt;/div&gt;&lt;/div&gt;</comment>
                            <comment id="15890068" author="adam.lynam.dwp" created="Wed, 1 Mar 2017 12:27:16 +0000">&lt;p&gt;The above gives me:&lt;/p&gt;

&lt;p&gt;Exception in thread "main" javax.net.ssl.SSLHandshakeException: java.security.cert.CertificateException: No subject alternative names matching IP address 195.144.107.198 found&lt;br/&gt;
	at sun.security.ssl.Alerts.getSSLException(Alerts.java:192)&lt;br/&gt;
	at sun.security.ssl.SSLSocketImpl.fatal(SSLSocketImpl.java:1949)&lt;br/&gt;
	at sun.security.ssl.Handshaker.fatalSE(Handshaker.java:302)&lt;br/&gt;
	at sun.security.ssl.Handshaker.fatalSE(Handshaker.java:296)&lt;br/&gt;
	at sun.security.ssl.ClientHandshaker.serverCertificate(ClientHandshaker.java:1514)&lt;br/&gt;
	at sun.security.ssl.ClientHandshaker.processMessage(ClientHandshaker.java:216)&lt;br/&gt;
	at sun.security.ssl.Handshaker.processLoop(Handshaker.java:1026)&lt;br/&gt;
	at sun.security.ssl.Handshaker.process_record(Handshaker.java:961)&lt;br/&gt;
	at sun.security.ssl.SSLSocketImpl.readRecord(SSLSocketImpl.java:1062)&lt;br/&gt;
	at sun.security.ssl.SSLSocketImpl.performInitialHandshake(SSLSocketImpl.java:1375)&lt;br/&gt;
	at sun.security.ssl.SSLSocketImpl.startHandshake(SSLSocketImpl.java:1403)&lt;br/&gt;
	at sun.security.ssl.SSLSocketImpl.startHandshake(SSLSocketImpl.java:1387)&lt;br/&gt;
	at org.apache.commons.net.ftp.FTPSClient.sslNegotiation(FTPSClient.java:289)&lt;br/&gt;
	at org.apache.commons.net.ftp.FTPSClient.&lt;em&gt;connectAction&lt;/em&gt;(FTPSClient.java:220)&lt;br/&gt;
	at org.apache.commons.net.SocketClient.connect(SocketClient.java:189)&lt;br/&gt;
	at org.apache.commons.net.SocketClient.connect(SocketClient.java:209)&lt;br/&gt;
	at FTPSClientIPRequiredExample.main(FTPSClientIPRequiredExample.java:13)&lt;br/&gt;
	at sun.reflect.NativeMethodAccessorImpl.invoke0(Native Method)&lt;br/&gt;
	at sun.reflect.NativeMethodAccessorImpl.invoke(NativeMethodAccessorImpl.java:62)&lt;br/&gt;
	at sun.reflect.DelegatingMethodAccessorImpl.invoke(DelegatingMethodAccessorImpl.java:43)&lt;br/&gt;
	at java.lang.reflect.Method.invoke(Method.java:498)&lt;br/&gt;
	at com.intellij.rt.execution.application.AppMain.main(AppMain.java:147)&lt;br/&gt;
Caused by: java.security.cert.CertificateException: No subject alternative names matching IP address 195.144.107.198 found&lt;br/&gt;
	at sun.security.util.HostnameChecker.matchIP(HostnameChecker.java:167)&lt;br/&gt;
	at sun.security.util.HostnameChecker.match(HostnameChecker.java:93)&lt;br/&gt;
	at sun.security.ssl.X509TrustManagerImpl.checkIdentity(X509TrustManagerImpl.java:455)&lt;br/&gt;
	at sun.security.ssl.AbstractTrustManagerWrapper.checkAdditionalTrust(SSLContextImpl.java:1018)&lt;br/&gt;
	at sun.security.ssl.AbstractTrustManagerWrapper.checkServerTrusted(SSLContextImpl.java:985)&lt;br/&gt;
	at sun.security.ssl.ClientHandshaker.serverCertificate(ClientHandshaker.java:1496)&lt;br/&gt;
	... 17 more&lt;/p&gt;

&lt;p&gt;Process finished with exit code 1&lt;/p&gt;</comment>
                            <comment id="15890152" author="sebb@apache.org" created="Wed, 1 Mar 2017 13:24:05 +0000">&lt;p&gt;Works OK for me using NET trunk code, which is basically the same as 3.6 at present.&lt;br/&gt;
Have you tried using 3.6?&lt;/p&gt;</comment>
                            <comment id="15890404" author="adam.lynam.dwp" created="Wed, 1 Mar 2017 15:40:26 +0000">&lt;p&gt;&lt;a href="https://issues.apache.org/jira/secure/ViewProfile.jspa?name=sebb%40apache.org" class="user-hover" rel="sebb@apache.org"&gt;sebb@apache.org&lt;/a&gt; nice, that does seem to have fixed it!&lt;/p&gt;

&lt;p&gt;Shall I mark the Bug as closed?&lt;/p&gt;</comment>
                    </comments>
                    <attachments>
                    </attachments>
                <subtasks>
                    </subtasks>
                <customfields>
                                                                                                                                                                                                                                                                                                                                                                                                                                                                                                                                                                                                                                                                                                                    <customfield id="customfield_12314020" key="com.atlassian.jira.plugins.jira-development-integration-plugin:devsummary">
                        <customfieldname>Development</customfieldname>
                        <customfieldvalues>
                            
                        </customfieldvalues>
                    </customfield>
                                                                                                                        <customfield id="customfield_12313422" key="com.atlassian.jirafisheyeplugin:jobcheckbox">
                        <customfieldname>Enable Automatic Patch Review</customfieldname>
                        <customfieldvalues>
                            <customfieldvalue>false</customfieldvalue>

                        </customfieldvalues>
                    </customfield>
                                                                                                                                                                                                                                                                                                                                                                                                                                                                                                                                                                                                                                                <customfield id="customfield_12310420" key="com.pyxis.greenhopper.jira:gh-global-rank">
                        <customfieldname>Global Rank</customfieldname>
                        <customfieldvalues>
                            <customfieldvalue>9223372036854775807</customfieldvalue>
                        </customfieldvalues>
                    </customfield>
                                                                                                                                                                                                                                                                                                                                                                                                                                                                        <customfield id="customfield_12311820" key="com.pyxis.greenhopper.jira:gh-lexo-rank">
                        <customfieldname>Rank</customfieldname>
                        <customfieldvalues>
                            <customfieldvalue>0|i37hbb:</customfieldvalue>

                        </customfieldvalues>
                    </customfield>
                                                                <customfield id="customfield_12310920" key="com.pyxis.greenhopper.jira:gh-global-rank">
                        <customfieldname>Rank (Obsolete)</customfieldname>
                        <customfieldvalues>
                            <customfieldvalue>9223372036854775807</customfieldvalue>
                        </customfieldvalues>
                    </customfield>
                                                                                                                                                                                                                                                                                                                                                                                                                                                                                                                                                                                                                                                                                                                                                                                            </customfields>
    </item>


</channel>
</rss>