<rss version="0.92">
    <channel>
        <title>ASF JIRA</title>
        <link>https://issues.apache.org/jira/issues/?jql=project+%3D+NET+AND+type+%3D+bug+and+%28status+%3D+RESOLVED+or+status+%3D+closed%29</link>
        <description>An XML representation of a search request</description>
                <language>en-uk</language>
                        <issue start="0" end="464" total="464" />
                <build-info>
            <version>8.20.7</version>
            <build-number>820007</build-number>
            <build-date>16-03-2022</build-date>
        </build-info>

<item>
            <title>[NET-506] TelnetInputStream blocks ReaderThread while trying to notify TelnetInputListner</title>
                <link>https://issues.apache.org/jira/browse/NET-506</link>
                <project id="12310487" key="NET">Commons Net</project>
                    <description>&lt;p&gt;As it's said in javadoc for the method registerInputListener of the class TelnetClient, "incoming bytes are being added to the internal buffer asynchronously". But it seems to be not so. In reality, the call of the method telnetInputAvailable of TelnetInputListner in ReaderThread blocks it and we are always able to read just 1 byte of data from stream.&lt;/p&gt;

&lt;p&gt;I'm not pretty sure, whether it's a bug or I have to do something by my self in my implementation of TelnetInputLister in case I want to get more then 1 byte at one read from stream?&lt;/p&gt;</description>
                <environment />
        <key id="12640739">NET-506</key>
            <summary>TelnetInputStream blocks ReaderThread while trying to notify TelnetInputListner</summary>
                <type id="1" iconUrl="https://issues.apache.org/jira/secure/viewavatar?size=xsmall&amp;avatarId=21133&amp;avatarType=issuetype">Bug</type>
                                            <priority id="4" iconUrl="https://issues.apache.org/jira/images/icons/priorities/minor.svg">Minor</priority>
                        <status id="5" iconUrl="https://issues.apache.org/jira/images/icons/statuses/resolved.png" description="A resolution has been taken, and it is awaiting verification by reporter. From here issues are either reopened, or are closed.">Resolved</status>
                    <statusCategory id="3" key="done" colorName="green" />
                                    <resolution id="5">Cannot Reproduce</resolution>
                                        <assignee username="-1">Unassigned</assignee>
                                    <reporter username="edenevair">Stanislav K.</reporter>
                        <labels>
                    </labels>
                <created>Thu, 4 Apr 2013 10:24:11 +0000</created>
                <updated>Thu, 9 Feb 2017 23:39:06 +0000</updated>
                            <resolved>Thu, 9 Feb 2017 23:39:06 +0000</resolved>
                                    <version>3.2</version>
                                                    <component>Telnet</component>
                        <due />
                            <votes>0</votes>
                                    <watches>1</watches>
                                                                        <attachments>
                    </attachments>
                <subtasks>
                    </subtasks>
                <customfields>
                                                                                                                                                                                                                                                                                                                                                                                                                                                                                                                                                                                                                                                                                                                    <customfield id="customfield_12314020" key="com.atlassian.jira.plugins.jira-development-integration-plugin:devsummary">
                        <customfieldname>Development</customfieldname>
                        <customfieldvalues>
                            
                        </customfieldvalues>
                    </customfield>
                                                                                                                        <customfield id="customfield_12313422" key="com.atlassian.jirafisheyeplugin:jobcheckbox">
                        <customfieldname>Enable Automatic Patch Review</customfieldname>
                        <customfieldvalues>
                            <customfieldvalue>false</customfieldvalue>

                        </customfieldvalues>
                    </customfield>
                                                                                                                                                                                                                                                                                                                                                                                                                                                                                                                                                                                                                                                <customfield id="customfield_12310420" key="com.pyxis.greenhopper.jira:gh-global-rank">
                        <customfieldname>Global Rank</customfieldname>
                        <customfieldvalues>
                            <customfieldvalue>321198</customfieldvalue>
                        </customfieldvalues>
                    </customfield>
                                                                                                                                                                                                                                                                                                                                                                                                                                                                        <customfield id="customfield_12311820" key="com.pyxis.greenhopper.jira:gh-lexo-rank">
                        <customfieldname>Rank</customfieldname>
                        <customfieldvalues>
                            <customfieldvalue>0|i1jf4f:</customfieldvalue>

                        </customfieldvalues>
                    </customfield>
                                                                <customfield id="customfield_12310920" key="com.pyxis.greenhopper.jira:gh-global-rank">
                        <customfieldname>Rank (Obsolete)</customfieldname>
                        <customfieldvalues>
                            <customfieldvalue>321543</customfieldvalue>
                        </customfieldvalues>
                    </customfield>
                                                                                                                                                                                                                                                                                                                                                                                                                                                                                                                                                                                                                                                                                                                                                                                            </customfields>
    </item>


</channel>
</rss>