<rss version="0.92">
    <channel>
        <title>ASF JIRA</title>
        <link>https://issues.apache.org/jira/issues/?jql=project+%3D+NET+AND+type+%3D+bug+and+%28status+%3D+RESOLVED+or+status+%3D+closed%29</link>
        <description>An XML representation of a search request</description>
                <language>en-uk</language>
                        <issue start="0" end="464" total="464" />
                <build-info>
            <version>8.20.7</version>
            <build-number>820007</build-number>
            <build-date>16-03-2022</build-date>
        </build-info>

<item>
            <title>[NET-257] FTP.getReplyStrings() returns array of null Strings</title>
                <link>https://issues.apache.org/jira/browse/NET-257</link>
                <project id="12310487" key="NET">Commons Net</project>
                    <description>&lt;p&gt;The 2.0 implementation of FTP.getReplyStrings() returns an array of null Strings instead of the actual reply text. Here is the current method:&lt;/p&gt;

&lt;p&gt;&lt;tt&gt;String[] lines;&lt;/tt&gt;&lt;br/&gt;
&lt;tt&gt;lines = new String&lt;span class="error"&gt;&amp;#91;_replyLines.size()&amp;#93;&lt;/span&gt;;&lt;/tt&gt;&lt;br/&gt;
&lt;tt&gt;_replyLines.addAll(Arrays.asList(lines));&lt;/tt&gt;&lt;br/&gt;
&lt;tt&gt;return lines;&lt;/tt&gt;&lt;/p&gt;

&lt;p&gt;I believe the correction is to replace the above code with something like:&lt;/p&gt;

&lt;p&gt;&lt;tt&gt;return _replyLines.toArray(new String&lt;span class="error"&gt;&amp;#91;0&amp;#93;&lt;/span&gt;);&lt;/tt&gt;&lt;/p&gt;</description>
                <environment>&lt;p&gt;Win XP, JRE 1.5&lt;/p&gt;</environment>
        <key id="12415017">NET-257</key>
            <summary>FTP.getReplyStrings() returns array of null Strings</summary>
                <type id="1" iconUrl="https://issues.apache.org/jira/secure/viewavatar?size=xsmall&amp;avatarId=21133&amp;avatarType=issuetype">Bug</type>
                                            <priority id="3" iconUrl="https://issues.apache.org/jira/images/icons/priorities/major.svg">Major</priority>
                        <status id="6" iconUrl="https://issues.apache.org/jira/images/icons/statuses/closed.png" description="The issue is considered finished, the resolution is correct. Issues which are not closed can be reopened.">Closed</status>
                    <statusCategory id="3" key="done" colorName="green" />
                                    <resolution id="1">Fixed</resolution>
                                        <assignee username="-1">Unassigned</assignee>
                                    <reporter username="robwunderlich">Rob Wunderlich</reporter>
                        <labels>
                    </labels>
                <created>Wed, 18 Feb 2009 06:29:55 +0000</created>
                <updated>Fri, 15 Oct 2010 09:20:15 +0000</updated>
                            <resolved>Thu, 19 Feb 2009 17:12:01 +0000</resolved>
                                    <version>2.0</version>
                                    <fixVersion>2.2</fixVersion>
                                        <due />
                            <votes>0</votes>
                                    <watches>1</watches>
                                                                <comments>
                            <comment id="12675044" author="rwinston@eircom.net" created="Thu, 19 Feb 2009 17:12:01 +0000">&lt;p&gt;Thanks Rob. Doesnt look like this would have every worked correctly. Fixed in svn.&lt;/p&gt;</comment>
                    </comments>
                    <attachments>
                    </attachments>
                <subtasks>
                    </subtasks>
                <customfields>
                                                                                                                                                                                                                                                                                                                                                                                                                                                                                                                                                                                                                                                                                                                    <customfield id="customfield_12314020" key="com.atlassian.jira.plugins.jira-development-integration-plugin:devsummary">
                        <customfieldname>Development</customfieldname>
                        <customfieldvalues>
                            
                        </customfieldvalues>
                    </customfield>
                                                                                                                        <customfield id="customfield_12313422" key="com.atlassian.jirafisheyeplugin:jobcheckbox">
                        <customfieldname>Enable Automatic Patch Review</customfieldname>
                        <customfieldvalues>
                            <customfieldvalue>false</customfieldvalue>

                        </customfieldvalues>
                    </customfield>
                                                                                                                                                                                                                                                                                                                                                                                                                                                                                                                                                                                                                                                <customfield id="customfield_12310420" key="com.pyxis.greenhopper.jira:gh-global-rank">
                        <customfieldname>Global Rank</customfieldname>
                        <customfieldvalues>
                            <customfieldvalue>154570</customfieldvalue>
                        </customfieldvalues>
                    </customfield>
                                                                                                                                                                                                                                                                                                                                                                                                                                                                        <customfield id="customfield_12311820" key="com.pyxis.greenhopper.jira:gh-lexo-rank">
                        <customfieldname>Rank</customfieldname>
                        <customfieldvalues>
                            <customfieldvalue>0|i0kugf:</customfieldvalue>

                        </customfieldvalues>
                    </customfield>
                                                                <customfield id="customfield_12310920" key="com.pyxis.greenhopper.jira:gh-global-rank">
                        <customfieldname>Rank (Obsolete)</customfieldname>
                        <customfieldvalues>
                            <customfieldvalue>119752</customfieldvalue>
                        </customfieldvalues>
                    </customfield>
                                                                                                                                                                                                                                                                                                                                                                                                                                                                                                                                                                                                                                                                                                                                                                                            </customfields>
    </item>


</channel>
</rss>