<rss version="0.92">
    <channel>
        <title>ASF JIRA</title>
        <link>https://issues.apache.org/jira/issues/?jql=project+%3D+NET+AND+type+%3D+bug+and+%28status+%3D+RESOLVED+or+status+%3D+closed%29</link>
        <description>An XML representation of a search request</description>
                <language>en-uk</language>
                        <issue start="0" end="464" total="464" />
                <build-info>
            <version>8.20.7</version>
            <build-number>820007</build-number>
            <build-date>16-03-2022</build-date>
        </build-info>

<item>
            <title>[NET-71] [net][PATCH] "MVS is the operating system of this server. FTP Server is running on z/OS."</title>
                <link>https://issues.apache.org/jira/browse/NET-71</link>
                <project id="12310487" key="NET">Commons Net</project>
                    <description>&lt;p&gt;Jeff Nadler created the original fix to this issue and I wrote the test case.  I&lt;br/&gt;
will post the patch directly.&lt;/p&gt;</description>
                <environment>&lt;p&gt;Operating System: All&lt;br/&gt;
Platform: All&lt;/p&gt;</environment>
        <key id="12342167">NET-71</key>
            <summary>[net][PATCH] "MVS is the operating system of this server. FTP Server is running on z/OS."</summary>
                <type id="1" iconUrl="https://issues.apache.org/jira/secure/viewavatar?size=xsmall&amp;avatarId=21133&amp;avatarType=issuetype">Bug</type>
                                            <priority id="3" iconUrl="https://issues.apache.org/jira/images/icons/priorities/major.svg">Major</priority>
                        <status id="6" iconUrl="https://issues.apache.org/jira/images/icons/statuses/closed.png" description="The issue is considered finished, the resolution is correct. Issues which are not closed can be reopened.">Closed</status>
                    <statusCategory id="3" key="done" colorName="green" />
                                    <resolution id="1">Fixed</resolution>
                                        <assignee username="-1">Unassigned</assignee>
                                    <reporter username="wnoto@openfinance.com">William Noto</reporter>
                        <labels>
                    </labels>
                <created>Fri, 8 Apr 2005 05:33:39 +0000</created>
                <updated>Thu, 20 Sep 2007 05:31:11 +0000</updated>
                            <resolved>Thu, 20 Sep 2007 05:31:11 +0000</resolved>
                                    <version>Nightly Builds</version>
                                                        <due />
                            <votes>0</votes>
                                    <watches>0</watches>
                                                                <comments>
                            <comment id="12409055" author="wnoto@openfinance.com" created="Fri, 8 Apr 2005 05:34:27 +0000">&lt;p&gt;Created an attachment (id=14649)&lt;br/&gt;
This fixes the MVS FTP issue.&lt;/p&gt;</comment>
                            <comment id="12409056" author="wnoto@openfinance.com" created="Fri, 8 Apr 2005 06:38:52 +0000">&lt;p&gt;The attached patch fixes this.&lt;/p&gt;</comment>
                            <comment id="12409057" author="scohen@apache.org" created="Fri, 8 Apr 2005 10:23:16 +0000">&lt;p&gt;This bug cannot be marked as fixed - your code has not yet been accepted into&lt;br/&gt;
the commons-net project yet.  However, I see no problem in its being accepted,&lt;br/&gt;
and when it is, this bug can close.&lt;/p&gt;</comment>
                            <comment id="12409058" author="scohen@apache.org" created="Sat, 9 Apr 2005 03:51:11 +0000">&lt;p&gt;Now it can be called "fixed".  I have committed your new parser to SVN and it is&lt;br/&gt;
part of the project.  Thank you both for your excellent contributions.  This is&lt;br/&gt;
how Open Source is supposed to work.  &lt;/p&gt;

&lt;p&gt;I made a couple of minor changes to your code so that it might fit better into&lt;br/&gt;
the hierarchy.  I made your parser class a subclass of&lt;br/&gt;
ConfigurableFTPFileEntryParserImpl (which may not have been around at the time&lt;br/&gt;
you originally wrote this) and I made your test class a subclass of&lt;br/&gt;
FTPParseTestFramework which is more appropriate than the original&lt;br/&gt;
CompositeFTPParseTestFramework (the latter is for parsers that are "polymorphic"&lt;/p&gt;
&lt;ul class="alternate" type="square"&gt;
	&lt;li&gt;for example, NT's parser which can be configured either in the native NT&lt;br/&gt;
format or the UNIX format).&lt;/li&gt;
&lt;/ul&gt;


&lt;p&gt;You guys might want to submit more patches if and when you get a chance, if you&lt;br/&gt;
learn any more about how timestamps and directories are handled.&lt;/p&gt;

&lt;p&gt;Again, thanks.&lt;/p&gt;</comment>
                            <comment id="12409059" author="scohen@apache.org" created="Mon, 18 Apr 2005 06:09:35 +0000">&lt;ul&gt;
	&lt;li&gt;
	&lt;ul&gt;
		&lt;li&gt;
		&lt;ul&gt;
			&lt;li&gt;&lt;a href="https://issues.apache.org/jira/browse/NET-116" title="[net] Add functionality to retrieve files from mainframe" class="issue-link" data-issue-key="NET-116"&gt;&lt;del&gt;COM-1438&lt;/del&gt;&lt;/a&gt; has been marked as a duplicate of this bug. ***&lt;/li&gt;
		&lt;/ul&gt;
		&lt;/li&gt;
	&lt;/ul&gt;
	&lt;/li&gt;
&lt;/ul&gt;
</comment>
                    </comments>
                    <attachments>
                            <attachment id="12333447" name="ASF.LICENSE.NOT.GRANTED--commons-net-MVSFTPEntryParser-patch.txt" size="10953" author="wnoto@openfinance.com" created="Fri, 8 Apr 2005 05:34:27 +0000" />
                    </attachments>
                <subtasks>
                    </subtasks>
                <customfields>
                                                                                                                                                                                                                                                                                                                                                                                                                                                                                                                                                                                                    <customfield id="customfield_10010" key="com.atlassian.jira.plugin.system.customfieldtypes:importid">
                        <customfieldname>Bugzilla Id</customfieldname>
                        <customfieldvalues>
                            <customfieldvalue>34360</customfieldvalue>
                        </customfieldvalues>
                    </customfield>
                                                                                                                                                    <customfield id="customfield_12314020" key="com.atlassian.jira.plugins.jira-development-integration-plugin:devsummary">
                        <customfieldname>Development</customfieldname>
                        <customfieldvalues>
                            
                        </customfieldvalues>
                    </customfield>
                                                                                                                        <customfield id="customfield_12313422" key="com.atlassian.jirafisheyeplugin:jobcheckbox">
                        <customfieldname>Enable Automatic Patch Review</customfieldname>
                        <customfieldvalues>
                            <customfieldvalue>false</customfieldvalue>

                        </customfieldvalues>
                    </customfield>
                                                                                                                                                                                                                                                                                                                                                                                                                                                                                                                                                                                                                                                <customfield id="customfield_12310420" key="com.pyxis.greenhopper.jira:gh-global-rank">
                        <customfieldname>Global Rank</customfieldname>
                        <customfieldvalues>
                            <customfieldvalue>154410</customfieldvalue>
                        </customfieldvalues>
                    </customfield>
                                                                                                                                                                                                                                                                                                                                                                                                                                                                        <customfield id="customfield_12311820" key="com.pyxis.greenhopper.jira:gh-lexo-rank">
                        <customfieldname>Rank</customfieldname>
                        <customfieldvalues>
                            <customfieldvalue>0|i0lpkf:</customfieldvalue>

                        </customfieldvalues>
                    </customfield>
                                                                <customfield id="customfield_12310920" key="com.pyxis.greenhopper.jira:gh-global-rank">
                        <customfieldname>Rank (Obsolete)</customfieldname>
                        <customfieldvalues>
                            <customfieldvalue>124793</customfieldvalue>
                        </customfieldvalues>
                    </customfield>
                                                                                                                                                                                                                                                                                                                                                                                                                                                                                                                                                                                                                                                                                                                                                                                            </customfields>
    </item>


</channel>
</rss>