<rss version="0.92">
    <channel>
        <title>ASF JIRA</title>
        <link>https://issues.apache.org/jira/issues/?jql=project+%3D+NET+AND+type+%3D+bug+and+%28status+%3D+RESOLVED+or+status+%3D+closed%29</link>
        <description>An XML representation of a search request</description>
                <language>en-uk</language>
                        <issue start="0" end="464" total="464" />
                <build-info>
            <version>8.20.7</version>
            <build-number>820007</build-number>
            <build-date>16-03-2022</build-date>
        </build-info>

<item>
            <title>[NET-97] [net] org.apache.commons.net.nntp.Article.getReferences() throws ClassCastException</title>
                <link>https://issues.apache.org/jira/browse/NET-97</link>
                <project id="12310487" key="NET">Commons Net</project>
                    <description>&lt;p&gt;Hello,&lt;/p&gt;

&lt;p&gt;org.apache.commons.net.nntp.Article.getReferences()throws a ClassCastException &lt;br/&gt;
if there exist references (added by addReference).&lt;/p&gt;

&lt;p&gt;return (String[]) list.toArray(); contains an unsupported cast operation&lt;br/&gt;
 Object[] -&amp;gt; String[]&lt;/p&gt;

&lt;p&gt;Secondly:&lt;/p&gt;

&lt;p&gt;int terminator = references.toString().indexOf(':');&lt;br/&gt;
StringTokenizer st =&lt;br/&gt;
new StringTokenizer(references.substring( terminator), "\t");&lt;/p&gt;

&lt;p&gt;lets the first reference start with ":" which is not expected.&lt;/p&gt;

&lt;p&gt;best Regards,&lt;br/&gt;
  Oliver.&lt;/p&gt;</description>
                <environment>&lt;p&gt;Operating System: All&lt;br/&gt;
Platform: All&lt;/p&gt;</environment>
        <key id="12342873">NET-97</key>
            <summary>[net] org.apache.commons.net.nntp.Article.getReferences() throws ClassCastException</summary>
                <type id="1" iconUrl="https://issues.apache.org/jira/secure/viewavatar?size=xsmall&amp;avatarId=21133&amp;avatarType=issuetype">Bug</type>
                                            <priority id="3" iconUrl="https://issues.apache.org/jira/images/icons/priorities/major.svg">Major</priority>
                        <status id="6" iconUrl="https://issues.apache.org/jira/images/icons/statuses/closed.png" description="The issue is considered finished, the resolution is correct. Issues which are not closed can be reopened.">Closed</status>
                    <statusCategory id="3" key="done" colorName="green" />
                                    <resolution id="1">Fixed</resolution>
                                        <assignee username="-1">Unassigned</assignee>
                                    <reporter username="oliver.randschau@web.de">Oliver Randschau</reporter>
                        <labels>
                    </labels>
                <created>Thu, 26 Jan 2006 20:03:02 +0000</created>
                <updated>Thu, 3 Jan 2008 19:39:33 +0000</updated>
                            <resolved>Thu, 3 Jan 2008 19:39:33 +0000</resolved>
                                                                        <due />
                            <votes>0</votes>
                                    <watches>1</watches>
                                                                <comments>
                            <comment id="12411326" author="rwinston@eircom.net" created="Sat, 28 Jan 2006 23:16:18 +0000">&lt;p&gt;Thanks for the info. I have fixed the condition that caused the Exception.&lt;/p&gt;</comment>
                            <comment id="12555651" author="ktoole" created="Thu, 3 Jan 2008 19:39:33 +0000">&lt;p&gt;the 1.4.1 release still appears to have this issue with the unsupported cast.  What version contains this fix?&lt;/p&gt;</comment>
                    </comments>
                    <attachments>
                    </attachments>
                <subtasks>
                    </subtasks>
                <customfields>
                                                                                                                                                                                                                                                                                                                                                                                                                                                                                                                                                                                                    <customfield id="customfield_10010" key="com.atlassian.jira.plugin.system.customfieldtypes:importid">
                        <customfieldname>Bugzilla Id</customfieldname>
                        <customfieldvalues>
                            <customfieldvalue>38400</customfieldvalue>
                        </customfieldvalues>
                    </customfield>
                                                                                                                                                    <customfield id="customfield_12314020" key="com.atlassian.jira.plugins.jira-development-integration-plugin:devsummary">
                        <customfieldname>Development</customfieldname>
                        <customfieldvalues>
                            
                        </customfieldvalues>
                    </customfield>
                                                                                                                        <customfield id="customfield_12313422" key="com.atlassian.jirafisheyeplugin:jobcheckbox">
                        <customfieldname>Enable Automatic Patch Review</customfieldname>
                        <customfieldvalues>
                            <customfieldvalue>false</customfieldvalue>

                        </customfieldvalues>
                    </customfield>
                                                                                                                                                                                                                                                                                                                                                                                                                                                                                                                                                                                                                                                <customfield id="customfield_12310420" key="com.pyxis.greenhopper.jira:gh-global-rank">
                        <customfieldname>Global Rank</customfieldname>
                        <customfieldvalues>
                            <customfieldvalue>154434</customfieldvalue>
                        </customfieldvalues>
                    </customfield>
                                                                                                                                                                                                                                                                                                                                                                                                                                                                        <customfield id="customfield_12311820" key="com.pyxis.greenhopper.jira:gh-lexo-rank">
                        <customfieldname>Rank</customfieldname>
                        <customfieldvalues>
                            <customfieldvalue>0|i0lphr:</customfieldvalue>

                        </customfieldvalues>
                    </customfield>
                                                                <customfield id="customfield_12310920" key="com.pyxis.greenhopper.jira:gh-global-rank">
                        <customfieldname>Rank (Obsolete)</customfieldname>
                        <customfieldvalues>
                            <customfieldvalue>124781</customfieldvalue>
                        </customfieldvalues>
                    </customfield>
                                                                                                                                                                                                                                                                                                                                                                                                                                                                                                                                                                                                                                                                                                                                                                                            </customfields>
    </item>


</channel>
</rss>