<rss version="0.92">
    <channel>
        <title>ASF JIRA</title>
        <link>https://issues.apache.org/jira/issues/?jql=project+%3D+NET+AND+type+%3D+bug+and+%28status+%3D+RESOLVED+or+status+%3D+closed%29</link>
        <description>An XML representation of a search request</description>
                <language>en-uk</language>
                        <issue start="0" end="464" total="464" />
                <build-info>
            <version>8.20.7</version>
            <build-number>820007</build-number>
            <build-date>16-03-2022</build-date>
        </build-info>

<item>
            <title>[NET-306] SubnetUtils.SubnetInfo.isInRange is BRAINDEAD (a.k.a. FUBAR)</title>
                <link>https://issues.apache.org/jira/browse/NET-306</link>
                <project id="12310487" key="NET">Commons Net</project>
                    <description>&lt;p&gt;org.apache.commons.net.utils.SubnetUtils.SubnetInfo.isInRange() is totally broken.  It utterly ignores the fact that integer address values might be, um....negative?!&lt;/p&gt;

&lt;p&gt;            SubnetUtils subnetUtils = new SubnetUtils("66.249.71.0/24");&lt;br/&gt;
            SubnetUtils.SubnetInfo subnetInfo = subnetUtils.getInfo();&lt;br/&gt;
            String ip = "213.139.63.227";&lt;br/&gt;
            if (subnetInfo.isInRange(ip)) &lt;/p&gt;
{
                System.out.println("YES, " + ip + " is in the range: " + subnetInfo.getCidrSignature());
            }
&lt;p&gt;            else &lt;/p&gt;
{
                System.out.println("NO, " + ip + " is not in the range: " + subnetInfo.getCidrSignature());
            }


&lt;p&gt;YES, 213.139.63.227 is in the range: 66.249.71.0/24&lt;/p&gt;

&lt;p&gt;?!?! WTF !?!?!&lt;/p&gt;

&lt;p&gt;This is the culprit in SubnetUtils.java:&lt;/p&gt;

&lt;p&gt;        private boolean isInRange(int address)      &lt;/p&gt;
{ return ((address-low()) &amp;lt;= (high()-low())); }

&lt;p&gt;The integer values in the test case above are:&lt;/p&gt;

&lt;p&gt;66.249.71.1 = 1123632897&lt;br/&gt;
66.249.71.254 = 1123633150&lt;br/&gt;
213.139.63.227 = -712294429&lt;/p&gt;

&lt;p&gt;So...you can see the issue (I hope).  Please fix this by changing isInRange() to check if the given value is truly &lt;b&gt;BETWEEN&lt;/b&gt; high and low values.&lt;/p&gt;

&lt;p&gt;Thank you!!&lt;/p&gt;</description>
                <environment />
        <key id="12445236">NET-306</key>
            <summary>SubnetUtils.SubnetInfo.isInRange is BRAINDEAD (a.k.a. FUBAR)</summary>
                <type id="1" iconUrl="https://issues.apache.org/jira/secure/viewavatar?size=xsmall&amp;avatarId=21133&amp;avatarType=issuetype">Bug</type>
                                            <priority id="2" iconUrl="https://issues.apache.org/jira/images/icons/priorities/critical.svg">Critical</priority>
                        <status id="6" iconUrl="https://issues.apache.org/jira/images/icons/statuses/closed.png" description="The issue is considered finished, the resolution is correct. Issues which are not closed can be reopened.">Closed</status>
                    <statusCategory id="3" key="done" colorName="green" />
                                    <resolution id="1">Fixed</resolution>
                                        <assignee username="-1">Unassigned</assignee>
                                    <reporter username="dcheckoway">Dan Checkoway</reporter>
                        <labels>
                    </labels>
                <created>Mon, 11 Jan 2010 23:43:36 +0000</created>
                <updated>Sat, 4 Jun 2011 19:24:32 +0000</updated>
                            <resolved>Mon, 7 Mar 2011 20:56:05 +0000</resolved>
                                    <version>1.4</version>
                                    <fixVersion>2.0</fixVersion>
                                        <due />
                            <votes>0</votes>
                                    <watches>0</watches>
                                                                <comments>
                            <comment id="12842551" author="rwinston@eircom.net" created="Mon, 8 Mar 2010 05:49:29 +0000">&lt;p&gt;evidently the reporter is braindead (aka fubar). fixed in svn for ages&lt;/p&gt;</comment>
                            <comment id="12842562" author="dcheckoway" created="Mon, 8 Mar 2010 07:35:51 +0000">&lt;p&gt;Rory, can you please help me find a build that includes the fix?  Not sure what "ages" means, but I poked around on &lt;a href="http://commons.apache.org/net/" class="external-link" target="_blank" rel="nofollow noopener"&gt;http://commons.apache.org/net/&lt;/a&gt; and wasn't able to find much...the nightly builds link on this page is broken: &lt;a href="http://commons.apache.org/net/download.html" class="external-link" target="_blank" rel="nofollow noopener"&gt;http://commons.apache.org/net/download.html&lt;/a&gt;&lt;/p&gt;

&lt;p&gt;I also found it odd that the svn tree for commons-net doesn't even have a "utils" package (just util, which doesn't contain SubnetUtils).  &lt;a href="http://svn.apache.org/viewvc/commons/proper/net/trunk/src/java/org/apache/commons/net/" class="external-link" target="_blank" rel="nofollow noopener"&gt;http://svn.apache.org/viewvc/commons/proper/net/trunk/src/java/org/apache/commons/net/&lt;/a&gt;&lt;/p&gt;

&lt;p&gt;Man, I'm in the twilight zone here or something.  I haven't felt so braindead when trying to find other commons subprojects... &lt;img class="emoticon" src="https://issues.apache.org/jira/images/icons/emoticons/smile.png" height="16" width="16" align="absmiddle" alt="" border="0"/&gt;&lt;/p&gt;

&lt;p&gt;Anyway, maybe you can toss me a clue and help me find &lt;b&gt;some&lt;/b&gt; sort of build or svn tree that has the code &lt;b&gt;and&lt;/b&gt; the fix.  All I could find was the 2.0 release of source, which doesn't have the fix.&lt;/p&gt;</comment>
                            <comment id="12843026" author="rwinston@eircom.net" created="Tue, 9 Mar 2010 12:33:11 +0000">&lt;p&gt;Dan&lt;/p&gt;

&lt;p&gt;Sure. Try &lt;/p&gt;

&lt;p&gt;&lt;a href="http://svn.apache.org/viewvc/commons/proper/net/branches/NET_2_0/?sortby=date" class="external-link" target="_blank" rel="nofollow noopener"&gt;http://svn.apache.org/viewvc/commons/proper/net/branches/NET_2_0/?sortby=date&lt;/a&gt;&lt;/p&gt;

&lt;p&gt;This branch (NET_2_0) will be moved to trunk after the next release.&lt;/p&gt;</comment>
                            <comment id="13003593" author="sebb@apache.org" created="Mon, 7 Mar 2011 20:55:14 +0000">&lt;p&gt;Fix versions&lt;/p&gt;</comment>
                    </comments>
                    <attachments>
                    </attachments>
                <subtasks>
                    </subtasks>
                <customfields>
                                                                                                                                                                                                                                                                                                                                                                                                                                                                                                                                                                                                                                                                                                                    <customfield id="customfield_12314020" key="com.atlassian.jira.plugins.jira-development-integration-plugin:devsummary">
                        <customfieldname>Development</customfieldname>
                        <customfieldvalues>
                            
                        </customfieldvalues>
                    </customfield>
                                                                                                                        <customfield id="customfield_12313422" key="com.atlassian.jirafisheyeplugin:jobcheckbox">
                        <customfieldname>Enable Automatic Patch Review</customfieldname>
                        <customfieldvalues>
                            <customfieldvalue>false</customfieldvalue>

                        </customfieldvalues>
                    </customfield>
                                                                                                                                                                                                                                                                                                                                                                                                                                                                                                                                                                                                                                                <customfield id="customfield_12310420" key="com.pyxis.greenhopper.jira:gh-global-rank">
                        <customfieldname>Global Rank</customfieldname>
                        <customfieldvalues>
                            <customfieldvalue>72099</customfieldvalue>
                        </customfieldvalues>
                    </customfield>
                                                                                                                                                                                                                                                                                                                                                                                                                                                                        <customfield id="customfield_12311820" key="com.pyxis.greenhopper.jira:gh-lexo-rank">
                        <customfieldname>Rank</customfieldname>
                        <customfieldvalues>
                            <customfieldvalue>0|i0y6db:</customfieldvalue>

                        </customfieldvalues>
                    </customfield>
                                                                <customfield id="customfield_12310920" key="com.pyxis.greenhopper.jira:gh-global-rank">
                        <customfieldname>Rank (Obsolete)</customfieldname>
                        <customfieldvalues>
                            <customfieldvalue>197501</customfieldvalue>
                        </customfieldvalues>
                    </customfield>
                                                                                                                                                                                                                                                                                                                                                                                                                                                                                                                                                                                                                                                                                                                                                                                            </customfields>
    </item>


</channel>
</rss>