<rss version="0.92">
    <channel>
        <title>ASF JIRA</title>
        <link>https://issues.apache.org/jira/issues/?jql=project+%3D+NET+AND+type+%3D+bug+and+%28status+%3D+RESOLVED+or+status+%3D+closed%29</link>
        <description>An XML representation of a search request</description>
                <language>en-uk</language>
                        <issue start="0" end="464" total="464" />
                <build-info>
            <version>8.20.7</version>
            <build-number>820007</build-number>
            <build-date>16-03-2022</build-date>
        </build-info>

<item>
            <title>[NET-113] Broken javadoc link in ..net.ftp.FTP</title>
                <link>https://issues.apache.org/jira/browse/NET-113</link>
                <project id="12310487" key="NET">Commons Net</project>
                    <description>&lt;p&gt;From the introductory comments in org.apache.commons.net.ftp.FTP, the link &lt;br/&gt;
to "FTPClient" in the second paragraph is broken.&lt;/p&gt;</description>
                <environment>&lt;p&gt;Operating System: All&lt;br/&gt;
Platform: All&lt;/p&gt;</environment>
        <key id="12341479">NET-113</key>
            <summary>Broken javadoc link in ..net.ftp.FTP</summary>
                <type id="1" iconUrl="https://issues.apache.org/jira/secure/viewavatar?size=xsmall&amp;avatarId=21133&amp;avatarType=issuetype">Bug</type>
                                            <priority id="4" iconUrl="https://issues.apache.org/jira/images/icons/priorities/minor.svg">Minor</priority>
                        <status id="6" iconUrl="https://issues.apache.org/jira/images/icons/statuses/closed.png" description="The issue is considered finished, the resolution is correct. Issues which are not closed can be reopened.">Closed</status>
                    <statusCategory id="3" key="done" colorName="green" />
                                    <resolution id="1">Fixed</resolution>
                                        <assignee username="-1">Unassigned</assignee>
                                    <reporter username="tmalaher@netstart.com">Tom Malaher</reporter>
                        <labels>
                    </labels>
                <created>Wed, 26 May 2004 22:17:21 +0000</created>
                <updated>Thu, 20 Sep 2007 05:31:18 +0000</updated>
                            <resolved>Thu, 20 Sep 2007 05:31:18 +0000</resolved>
                                    <version>1.2</version>
                                                        <due />
                            <votes>0</votes>
                                    <watches>0</watches>
                                                                <comments>
                            <comment id="12406686" author="scohen@apache.org" created="Sat, 26 Jun 2004 08:56:19 +0000">&lt;p&gt;YIKES!  &lt;/p&gt;

&lt;p&gt;There are broken links all over the javadocs.  Most if not all of the links in&lt;br/&gt;
the text part of the javadocs appear to be incorrect.  The ones generated by the&lt;br/&gt;
Javadoc process itself appear correct.&lt;/p&gt;</comment>
                            <comment id="12406687" author="scohen@apache.org" created="Sat, 26 Jun 2004 12:04:34 +0000">&lt;p&gt;reopen after 1.2.2 release&lt;/p&gt;</comment>
                            <comment id="12406688" author="scohen@apache.org" created="Tue, 29 Jun 2004 17:58:53 +0000">&lt;p&gt;by Daniel Savarese, who writes: &lt;/p&gt;

&lt;p&gt;Before there was ever a link tag, JDK 1.1 javadoc generated files of the &lt;br/&gt;
form packagename.classname.html  The only way to reference them was directly. &lt;br/&gt;
Somewhere in the migration process from NetComponents to Commons Net, the &lt;br/&gt;
links must have been overlooked, but got the org.apache.commons.net in &lt;br/&gt;
them from a substitution to fix up the package names.  It should be easy &lt;br/&gt;
enough to do a &lt;br/&gt;
find src/ -name "*.java" -print | xargs \ &lt;br/&gt;
  perl -pi -e 's/&amp;lt;a\s+href="(&lt;span class="error"&gt;&amp;#91;^&amp;quot;&amp;#93;&lt;/span&gt;+)\.html"&amp;gt;/&lt;/p&gt;
{\@link $1}
&lt;p&gt;/g' \ &lt;br/&gt;
           -e 's/&amp;lt;a\s+href="(&lt;span class="error"&gt;&amp;#91;^&amp;quot;&amp;#93;&lt;/span&gt;&lt;ins&gt;)\.html(#&lt;span class="error"&gt;&amp;#91;^&amp;quot;&amp;#93;&lt;/span&gt;&lt;/ins&gt;)"&amp;gt;/&lt;/p&gt;
{\@link $1$2}
&lt;p&gt;/g' &lt;br/&gt;
to fix most of it up.  The substitution expressions are off the top of my &lt;br/&gt;
head and surely need tweaking; they also generate fully qualified class names. &lt;br/&gt;
If you want, I can fix it up. &lt;/p&gt;</comment>
                    </comments>
                    <attachments>
                    </attachments>
                <subtasks>
                    </subtasks>
                <customfields>
                                                                                                                                                                                                                                                                                                                                                                                                                                                                                                                                                                                                    <customfield id="customfield_10010" key="com.atlassian.jira.plugin.system.customfieldtypes:importid">
                        <customfieldname>Bugzilla Id</customfieldname>
                        <customfieldvalues>
                            <customfieldvalue>29230</customfieldvalue>
                        </customfieldvalues>
                    </customfield>
                                                                                                                                                    <customfield id="customfield_12314020" key="com.atlassian.jira.plugins.jira-development-integration-plugin:devsummary">
                        <customfieldname>Development</customfieldname>
                        <customfieldvalues>
                            
                        </customfieldvalues>
                    </customfield>
                                                                                                                        <customfield id="customfield_12313422" key="com.atlassian.jirafisheyeplugin:jobcheckbox">
                        <customfieldname>Enable Automatic Patch Review</customfieldname>
                        <customfieldvalues>
                            <customfieldvalue>false</customfieldvalue>

                        </customfieldvalues>
                    </customfield>
                                                                                                                                                                                                                                                                                                                                                                                                                                                                                                                                                                                                                                                <customfield id="customfield_12310420" key="com.pyxis.greenhopper.jira:gh-global-rank">
                        <customfieldname>Global Rank</customfieldname>
                        <customfieldvalues>
                            <customfieldvalue>154450</customfieldvalue>
                        </customfieldvalues>
                    </customfield>
                                                                                                                                                                                                                                                                                                                                                                                                                                                                        <customfield id="customfield_12311820" key="com.pyxis.greenhopper.jira:gh-lexo-rank">
                        <customfieldname>Rank</customfieldname>
                        <customfieldvalues>
                            <customfieldvalue>0|i0lpfz:</customfieldvalue>

                        </customfieldvalues>
                    </customfield>
                                                                <customfield id="customfield_12310920" key="com.pyxis.greenhopper.jira:gh-global-rank">
                        <customfieldname>Rank (Obsolete)</customfieldname>
                        <customfieldvalues>
                            <customfieldvalue>124773</customfieldvalue>
                        </customfieldvalues>
                    </customfield>
                                                                                                                                                                                                                                                                                                                                                                                                                                                                                                                                                                                                                                                                                                                                                                                            </customfields>
    </item>


</channel>
</rss>