<rss version="0.92">
    <channel>
        <title>ASF JIRA</title>
        <link>https://issues.apache.org/jira/issues/?jql=project+%3D+NET+AND+type+%3D+bug+and+%28status+%3D+RESOLVED+or+status+%3D+closed%29</link>
        <description>An XML representation of a search request</description>
                <language>en-uk</language>
                        <issue start="0" end="464" total="464" />
                <build-info>
            <version>8.20.7</version>
            <build-number>820007</build-number>
            <build-date>16-03-2022</build-date>
        </build-info>

<item>
            <title>[NET-568] Order of client configuration and connection is ambiguous</title>
                <link>https://issues.apache.org/jira/browse/NET-568</link>
                <project id="12310487" key="NET">Commons Net</project>
                    <description>&lt;p&gt;Hey,&lt;/p&gt;

&lt;p&gt;according to the FTPClientExample client should be first configured and set and connection made afterwards. But if I do this :&lt;/p&gt;

&lt;div class="code panel" style="border-width: 1px;"&gt;&lt;div class="codeHeader panelHeader" style="border-bottom-width: 1px;"&gt;&lt;b&gt;FTPClient.java&lt;/b&gt;&lt;/div&gt;&lt;div class="codeContent panelContent"&gt;
&lt;pre class="code-java"&gt;      FTPClient c = &lt;span class="code-keyword"&gt;new&lt;/span&gt; FTPClient()
      customConf(c)
      val config = &lt;span class="code-keyword"&gt;new&lt;/span&gt; FTPClientConfig(&lt;span class="code-quote"&gt;"UNIX"&lt;/span&gt;)
      config.setUnparseableEntries(&lt;span class="code-keyword"&gt;true&lt;/span&gt;)
      c.configure(config)
      c.enterLocalPassiveMode() &lt;span class="code-comment"&gt;// required, otherwise firewall issues happen
&lt;/span&gt;      c.setDefaultTimeout(conf.ftpTimeout)
      c.addProtocolCommandListener(&lt;span class="code-keyword"&gt;new&lt;/span&gt; PrintCommandListener(&lt;span class="code-keyword"&gt;new&lt;/span&gt; PrintWriter(&lt;span class="code-object"&gt;System&lt;/span&gt;.out), &lt;span class="code-keyword"&gt;true&lt;/span&gt;))
      c.connect(conf.ftpHost)
&lt;/pre&gt;
&lt;/div&gt;&lt;/div&gt;

&lt;p&gt;Then it basically ends up this way : &lt;/p&gt;
&lt;div class="code panel" style="border-width: 1px;"&gt;&lt;div class="codeContent panelContent"&gt;
&lt;pre class="code-java"&gt;230 Anonymous access granted, restrictions apply
PORT 192,168,1,100,177,38
500 Illegal PORT command
&lt;/pre&gt;
&lt;/div&gt;&lt;/div&gt;

&lt;p&gt;But if I call connect() before all the client setting including enterLocalPassiveMode, then it works as expected. &lt;/p&gt;
&lt;div class="code panel" style="border-width: 1px;"&gt;&lt;div class="codeContent panelContent"&gt;
&lt;pre class="code-java"&gt;230 Anonymous access granted, restrictions apply
PASV
227 Entering Passive Mode (80,251,0,59,175,235).
RETR welcome.msg
150 Opening ASCII mode data connection &lt;span class="code-keyword"&gt;for&lt;/span&gt; welcome.msg (321 bytes)
226 Transfer complete
PASV
227 Entering Passive Mode (80,251,0,59,167,178).
RETR welcome.msg
150 Opening ASCII mode data connection &lt;span class="code-keyword"&gt;for&lt;/span&gt; welcome.msg (321 bytes)
226 Transfer complete
PASV
227 Entering Passive Mode (80,251,0,59,174,58).
RETR welcome.msg
150 Opening ASCII mode data connection &lt;span class="code-keyword"&gt;for&lt;/span&gt; welcome.msg (321 bytes)
226 Transfer complete
&lt;/pre&gt;
&lt;/div&gt;&lt;/div&gt;

&lt;p&gt;But in the FTPClientExample the connect() occurs at the end.&lt;/p&gt;

&lt;p&gt;It is thread-safe, running within a single thread... What is going on here?&lt;/p&gt;</description>
                <environment>&lt;p&gt;linux, java 7&lt;/p&gt;</environment>
        <key id="12771985">NET-568</key>
            <summary>Order of client configuration and connection is ambiguous</summary>
                <type id="1" iconUrl="https://issues.apache.org/jira/secure/viewavatar?size=xsmall&amp;avatarId=21133&amp;avatarType=issuetype">Bug</type>
                                            <priority id="3" iconUrl="https://issues.apache.org/jira/images/icons/priorities/major.svg">Major</priority>
                        <status id="5" iconUrl="https://issues.apache.org/jira/images/icons/statuses/resolved.png" description="A resolution has been taken, and it is awaiting verification by reporter. From here issues are either reopened, or are closed.">Resolved</status>
                    <statusCategory id="3" key="done" colorName="green" />
                                    <resolution id="8">Not A Problem</resolution>
                                        <assignee username="-1">Unassigned</assignee>
                                    <reporter username="vychtrle">Joseph Vychtrle</reporter>
                        <labels>
                    </labels>
                <created>Tue, 3 Feb 2015 09:40:45 +0000</created>
                <updated>Thu, 12 Feb 2015 20:35:08 +0000</updated>
                            <resolved>Thu, 12 Feb 2015 20:35:08 +0000</resolved>
                                    <version>3.3</version>
                                                    <component>FTP</component>
                        <due />
                            <votes>0</votes>
                                    <watches>1</watches>
                                                                <comments>
                            <comment id="14318937" author="sebb@apache.org" created="Thu, 12 Feb 2015 20:34:54 +0000">&lt;p&gt;The FTPClientExample code includes an example of calling enterLocalPassiveMode &lt;span class="error"&gt;&amp;#91;1&amp;#93;&lt;/span&gt;&lt;/p&gt;

&lt;p&gt;This is done AFTER the connect &lt;span class="error"&gt;&amp;#91;2&amp;#93;&lt;/span&gt; has occurred.&lt;/p&gt;

&lt;p&gt;Also the Javadoc for enterLocalPassiveMode &lt;span class="error"&gt;&amp;#91;3&amp;#93;&lt;/span&gt; says that connect resets the mode.&lt;/p&gt;

&lt;p&gt;The code is working as documented.&lt;/p&gt;

&lt;p&gt;&lt;span class="error"&gt;&amp;#91;1&amp;#93;&lt;/span&gt; &lt;a href="http://commons.apache.org/proper/commons-net/xref/examples/ftp/FTPClientExample.html#324" class="external-link" target="_blank" rel="nofollow noopener"&gt;http://commons.apache.org/proper/commons-net/xref/examples/ftp/FTPClientExample.html#324&lt;/a&gt;&lt;br/&gt;
&lt;span class="error"&gt;&amp;#91;2&amp;#93;&lt;/span&gt; &lt;a href="http://commons.apache.org/proper/commons-net/xref/examples/ftp/FTPClientExample.html#263" class="external-link" target="_blank" rel="nofollow noopener"&gt;http://commons.apache.org/proper/commons-net/xref/examples/ftp/FTPClientExample.html#263&lt;/a&gt;&lt;br/&gt;
&lt;span class="error"&gt;&amp;#91;3&amp;#93;&lt;/span&gt; &lt;a href="http://commons.apache.org/proper/commons-net/javadocs/api-3.3/org/apache/commons/net/ftp/FTPClient.html#enterLocalPassiveMode(" class="external-link" target="_blank" rel="nofollow noopener"&gt;http://commons.apache.org/proper/commons-net/javadocs/api-3.3/org/apache/commons/net/ftp/FTPClient.html#enterLocalPassiveMode(&lt;/a&gt;)&lt;/p&gt;</comment>
                    </comments>
                    <attachments>
                    </attachments>
                <subtasks>
                    </subtasks>
                <customfields>
                                                                                                                                                                                                                                                                                                                                                                                                                                                                                                                                                                                                                                                                                                                    <customfield id="customfield_12314020" key="com.atlassian.jira.plugins.jira-development-integration-plugin:devsummary">
                        <customfieldname>Development</customfieldname>
                        <customfieldvalues>
                            
                        </customfieldvalues>
                    </customfield>
                                                                                                                        <customfield id="customfield_12313422" key="com.atlassian.jirafisheyeplugin:jobcheckbox">
                        <customfieldname>Enable Automatic Patch Review</customfieldname>
                        <customfieldvalues>
                            <customfieldvalue>false</customfieldvalue>

                        </customfieldvalues>
                    </customfield>
                                                                                                                                                                                                                                                                                                                                                                                                                                                                                                                                                                                                                                                <customfield id="customfield_12310420" key="com.pyxis.greenhopper.jira:gh-global-rank">
                        <customfieldname>Global Rank</customfieldname>
                        <customfieldvalues>
                            <customfieldvalue>9223372036854775807</customfieldvalue>
                        </customfieldvalues>
                    </customfield>
                                                                                                                                                                                                                                                                                                                                                                                                                                                                        <customfield id="customfield_12311820" key="com.pyxis.greenhopper.jira:gh-lexo-rank">
                        <customfieldname>Rank</customfieldname>
                        <customfieldvalues>
                            <customfieldvalue>0|i2548n:</customfieldvalue>

                        </customfieldvalues>
                    </customfield>
                                                                <customfield id="customfield_12310920" key="com.pyxis.greenhopper.jira:gh-global-rank">
                        <customfieldname>Rank (Obsolete)</customfieldname>
                        <customfieldvalues>
                            <customfieldvalue>9223372036854775807</customfieldvalue>
                        </customfieldvalues>
                    </customfield>
                                                                                                                                                                                                                                                                                                                                                                                                                                                                                                                                                                                                                                                                                                                                                                                            </customfields>
    </item>


</channel>
</rss>