<rss version="0.92">
    <channel>
        <title>ASF JIRA</title>
        <link>https://issues.apache.org/jira/issues/?jql=project+%3D+NET+AND+type+%3D+bug+and+%28status+%3D+RESOLVED+or+status+%3D+closed%29</link>
        <description>An XML representation of a search request</description>
                <language>en-uk</language>
                        <issue start="0" end="464" total="464" />
                <build-info>
            <version>8.20.7</version>
            <build-number>820007</build-number>
            <build-date>16-03-2022</build-date>
        </build-info>

<item>
            <title>[NET-57] [net] How to implement FTPS extending FTPClient, from a diferente package...</title>
                <link>https://issues.apache.org/jira/browse/NET-57</link>
                <project id="12310487" key="NET">Commons Net</project>
                    <description>&lt;p&gt;Hi everybody, I'm Jose from Spain.&lt;/p&gt;

&lt;p&gt;I make an implement of FTPS: using&lt;br/&gt;
&lt;a href="http://sourceforge.net/projects/ufsc" class="external-link" target="_blank" rel="nofollow noopener"&gt;http://sourceforge.net/projects/ufsc&lt;/a&gt; implementation (which use a new&lt;br/&gt;
class, created by UFSC, org.apache.commons.net.ftp.FtpsClient that&lt;br/&gt;
extends org.apache.commons.net.ftp.FTPClient), with some minor&lt;br/&gt;
modification to adapt Java 1.3 and solve some fix with PASV transfer&lt;br/&gt;
(modification and fix, that i comunicate to the author).&lt;/p&gt;

&lt;p&gt;I try to build FtpsClient under diferent packege, then i found that&lt;br/&gt;
couldn't do it because, in org.apache.commons.net.ftp.FTP the&lt;br/&gt;
variables&lt;/p&gt;

&lt;p&gt;BufferedReader _controlInput;&lt;br/&gt;
BufferedWriter _controlOutput;&lt;/p&gt;

&lt;p&gt;were declare with packege visibility, and FtpsClient use this, to&lt;br/&gt;
implement securety&lt;br/&gt;
connection to SSLSocket. Something like this:&lt;/p&gt;

&lt;p&gt;this._controlInput = new BufferedReader(new&lt;br/&gt;
InputStreamReader(socket.getInputStream(), getControlEncoding()));&lt;br/&gt;
this._controlOutput = new BufferedWriter(new&lt;br/&gt;
OutputStreamWriter(socket.getOutputStream(), getControlEncoding()));&lt;/p&gt;

&lt;p&gt;Because of this, FtpsClient, in UFSC, is under org.apache.commons.net.ftp.&lt;/p&gt;

&lt;p&gt;Then the solution I adopt, was copy (and minor modify) FTPClient and&lt;br/&gt;
FTP from org.apache.commons.net.ftp in my own package, and extends&lt;br/&gt;
FtpsClient, from my own FTPClient, to make it in a difetent pakage...&lt;/p&gt;

&lt;p&gt;And my suggestion is: It could be possible, for future version, declare&lt;br/&gt;
protected, for simplify the extension of api, to implement FTPS, or other future&lt;br/&gt;
protocol... in diferent package...?&lt;/p&gt;

&lt;p&gt;as well, could by a setter, for this variables, to assing then the socket stream...&lt;/p&gt;

&lt;p&gt;Thanks to all.&lt;/p&gt;</description>
                <environment>&lt;p&gt;Operating System: All&lt;br/&gt;
Platform: All&lt;/p&gt;</environment>
        <key id="12342862">NET-57</key>
            <summary>[net] How to implement FTPS extending FTPClient, from a diferente package...</summary>
                <type id="1" iconUrl="https://issues.apache.org/jira/secure/viewavatar?size=xsmall&amp;avatarId=21133&amp;avatarType=issuetype">Bug</type>
                                            <priority id="3" iconUrl="https://issues.apache.org/jira/images/icons/priorities/major.svg">Major</priority>
                        <status id="6" iconUrl="https://issues.apache.org/jira/images/icons/statuses/closed.png" description="The issue is considered finished, the resolution is correct. Issues which are not closed can be reopened.">Closed</status>
                    <statusCategory id="3" key="done" colorName="green" />
                                    <resolution id="1">Fixed</resolution>
                                        <assignee username="-1">Unassigned</assignee>
                                    <reporter username="josejuan.montiel@gmail.com">Jose Juan Montiel</reporter>
                        <labels>
                    </labels>
                <created>Thu, 19 Jan 2006 00:00:09 +0000</created>
                <updated>Tue, 16 May 2006 12:06:06 +0000</updated>
                            <resolved>Tue, 16 May 2006 12:06:06 +0000</resolved>
                                    <version>1.4</version>
                                                        <due />
                            <votes>0</votes>
                                    <watches>0</watches>
                                                                <comments>
                            <comment id="12411270" author="scohen@apache.org" created="Thu, 19 Jan 2006 10:59:33 +0000">&lt;p&gt;What do you think of this, Daniel?  Is there a good reason NOT to make these&lt;br/&gt;
data members protected or provide setters/getters for them?&lt;/p&gt;

&lt;p&gt;An alternative idea, if Jose is willing, might be for Jose to make local&lt;br/&gt;
modifications and then, once he's gotten his FTPSClient working, submit it as a&lt;br/&gt;
patch to be added to commons-net.&lt;/p&gt;
</comment>
                            <comment id="12411271" author="josejuan.montiel@gmail.com" created="Fri, 20 Jan 2006 07:31:26 +0000">&lt;p&gt;Created an attachment (id=17460)&lt;br/&gt;
Patch to solve the problem of extension FTP to other protocol...&lt;/p&gt;

&lt;p&gt;This is the patch that make the variables, protected, this is the only thing i&lt;br/&gt;
need, to extends FTPClient to FTPSClient, in other package...&lt;/p&gt;</comment>
                            <comment id="12411272" author="josejuan.montiel@gmail.com" created="Fri, 20 Jan 2006 07:33:48 +0000">&lt;p&gt;(In reply to comment #1)&lt;br/&gt;
&amp;gt; What do you think of this, Daniel?  Is there a good reason NOT to make these&lt;br/&gt;
&amp;gt; data members protected or provide setters/getters for them?&lt;br/&gt;
&amp;gt; &lt;br/&gt;
&amp;gt; An alternative idea, if Jose is willing, might be for Jose to make local&lt;br/&gt;
&amp;gt; modifications and then, once he's gotten his FTPSClient working, submit it as a&lt;br/&gt;
&amp;gt; patch to be added to commons-net.&lt;/p&gt;

&lt;p&gt;I submit the patch. &lt;br/&gt;
Thanks for your time and attention.&lt;/p&gt;</comment>
                            <comment id="12411273" author="scohen@apache.org" created="Fri, 20 Jan 2006 09:55:25 +0000">&lt;p&gt;Jose, you misunderstood me.  I was asking if you would be willing to submit your&lt;br/&gt;
FTPSClient as a patch.  It would have been a nice extension to commons-net if it&lt;br/&gt;
worked out.  &lt;/p&gt;

&lt;p&gt;But I should have read your submission more carefully.  I didn't realize that&lt;br/&gt;
UFSC was another open source project.  I don't know what the licensing issues&lt;br/&gt;
would be, but it's likely to be a nightmare.&lt;/p&gt;

&lt;p&gt;So, back to you, Daniel.  Do you have any objections to Jose's patch.&lt;/p&gt;



</comment>
                            <comment id="12411274" author="dfs@apache.org" created="Fri, 20 Jan 2006 10:29:43 +0000">&lt;p&gt;I made the change, but added documentation.&lt;/p&gt;</comment>
                            <comment id="12411275" author="scohen@apache.org" created="Fri, 20 Jan 2006 11:21:04 +0000">&lt;p&gt;(In reply to comment #5)&lt;br/&gt;
&amp;gt; I made the change, but added documentation.&lt;/p&gt;

&lt;p&gt;I read your documentation but it raises a question.  Are you meaning to suggest&lt;br/&gt;
that the RIGHT way to do this is to overwrite &lt;em&gt;connectAction&lt;/em&gt;()?&lt;/p&gt;</comment>
                            <comment id="12411276" author="josejuan.montiel@gmail.com" created="Fri, 20 Jan 2006 19:29:04 +0000">&lt;p&gt;(In reply to comment #6)&lt;br/&gt;
&amp;gt; (In reply to comment #5)&lt;br/&gt;
&amp;gt; &amp;gt; I made the change, but added documentation.&lt;br/&gt;
&amp;gt; &lt;br/&gt;
&amp;gt; I read your documentation but it raises a question.  Are you meaning to suggest&lt;br/&gt;
&amp;gt; that the RIGHT way to do this is to overwrite &lt;em&gt;connectAction&lt;/em&gt;()?&lt;br/&gt;
&amp;gt; &lt;/p&gt;

&lt;p&gt;(In reply to comment #6)&lt;br/&gt;
&amp;gt; (In reply to comment #5)&lt;br/&gt;
&amp;gt; &amp;gt; I made the change, but added documentation.&lt;br/&gt;
&amp;gt; &lt;br/&gt;
&amp;gt; I read your documentation but it raises a question.  Are you meaning to suggest&lt;br/&gt;
&amp;gt; that the RIGHT way to do this is to overwrite &lt;em&gt;connectAction&lt;/em&gt;()?&lt;br/&gt;
&amp;gt; &lt;/p&gt;

&lt;p&gt;Hi, i write to Paul Ferraro, the developer of UFSC and suggest that he could&lt;br/&gt;
change its licence from LGPL to APACHE, in this way i could apply the patch,&lt;br/&gt;
with my modifications of his code. I'm waiting his anwers.&lt;/p&gt;

&lt;p&gt;FTPS its very similar to FTP, the most significant diferences are:&lt;br/&gt;
javax.net.ssl.SSLSocket, certificates, and after connect sends AUTH SSL, that&lt;br/&gt;
negotiates the secure method connection, and handshake... his implementation,&lt;br/&gt;
don't overwrite, only use the variables, to assing them "ssl streams" of the SSl&lt;br/&gt;
socket.&lt;/p&gt;

&lt;p&gt;I'll tell you, when he responds me.&lt;/p&gt;</comment>
                            <comment id="12411277" author="scohen@apache.org" created="Fri, 20 Jan 2006 22:31:07 +0000">&lt;p&gt;(In reply to comment #7)&lt;br/&gt;
 my modifications of his code. I'm waiting his anwers.&lt;br/&gt;
&amp;gt; &lt;br/&gt;
&amp;gt; FTPS its very similar to FTP, the most significant diferences are:&lt;br/&gt;
&amp;gt; javax.net.ssl.SSLSocket, certificates, and after connect sends AUTH SSL, that&lt;br/&gt;
&amp;gt; negotiates the secure method connection, and handshake... his implementation,&lt;br/&gt;
&amp;gt; don't overwrite, only use the variables, to assing them "ssl streams" of the SSl&lt;br/&gt;
&amp;gt; socket.&lt;br/&gt;
&amp;gt; &lt;br/&gt;
&amp;gt; I'll tell you, when he responds me.&lt;/p&gt;

&lt;p&gt;So if you didn't need to change these variables, all you really needed was a&lt;br/&gt;
getter method.  Daniel, maybe that would be a better solution?  I don't imagine&lt;br/&gt;
you're too comfortable with exposing stuff that begins and ends with underscores?&lt;/p&gt;

&lt;p&gt;Jose, it would be great if we could bring FTPS into commons-net.&lt;/p&gt;
</comment>
                            <comment id="12411278" author="dfs@apache.org" created="Sat, 21 Jan 2006 04:05:58 +0000">&lt;p&gt;(In reply to comment #6)&lt;br/&gt;
&amp;gt; I read your documentation but it raises a question.  Are you meaning to suggest&lt;br/&gt;
&amp;gt; that the RIGHT way to do this is to overwrite &lt;em&gt;connectAction&lt;/em&gt;()?&lt;/p&gt;

&lt;p&gt;I was only trying to indicate where and how the variable was assigned in the&lt;br/&gt;
FTP class so that there would be no surprises to someone using the protected&lt;br/&gt;
variables.&lt;/p&gt;</comment>
                            <comment id="12411279" author="dfs@apache.org" created="Sat, 21 Jan 2006 04:19:03 +0000">&lt;p&gt;(In reply to comment #8)&lt;br/&gt;
&amp;gt; So if you didn't need to change these variables, all you really needed was a&lt;br/&gt;
&amp;gt; getter method.  Daniel, maybe that would be a better solution?  I don't imagine&lt;br/&gt;
&amp;gt; you're too comfortable with exposing stuff that begins and ends with underscores?&lt;/p&gt;

&lt;p&gt;Since the underlying SocketClient stream members are already protected,&lt;br/&gt;
I couldn't see how making the FTP reader wrappers protected would be&lt;br/&gt;
dangerous.  Until now, there hadn't been a need to expose that bit outside&lt;br/&gt;
of the package. As far as the underscores go, I was just trying to remain&lt;br/&gt;
consistent with the variable naming convention originally used in that code.&lt;br/&gt;
For better or for worse, protected members were distinguished by leading and&lt;br/&gt;
trailing underscores.&lt;/p&gt;

&lt;p&gt;At any rate, I don't have any strong feelings about the matter.  In general,&lt;br/&gt;
if someone using the library needs to specialize its behavior through&lt;br/&gt;
inheritance, I figure it's evidence the need should be accommodated as long&lt;br/&gt;
as there isn't some other way of meeting the need (e.g., aggregation).&lt;/p&gt;</comment>
                            <comment id="12411280" author="josejuan.montiel@gmail.com" created="Mon, 23 Jan 2006 03:09:48 +0000">&lt;p&gt;Created an attachment (id=17483)&lt;br/&gt;
Patch that make __fileType protected in FTPClient.&lt;/p&gt;

&lt;p&gt;The implements of FTPSClient, need that __fileType be protected, because, need&lt;br/&gt;
to overwrite retrieveFile, and in this method, depend on filetype, its recieve&lt;br/&gt;
in adecuate way.&lt;/p&gt;</comment>
                            <comment id="12411281" author="josejuan.montiel@gmail.com" created="Mon, 23 Jan 2006 03:14:55 +0000">&lt;p&gt;Created an attachment (id=17484)&lt;br/&gt;
Implementation of FTPSClient.&lt;/p&gt;

&lt;p&gt;Paul Ferraro change the license of his proyecto to Apache License V2.0. Then I&lt;br/&gt;
submit the 3 class that implements FTPSClient, and fourth class, ftps, that use&lt;br/&gt;
this implementation.&lt;/p&gt;</comment>
                            <comment id="12411282" author="scohen@apache.org" created="Mon, 23 Jan 2006 07:27:54 +0000">&lt;p&gt;(In reply to comment #12)&lt;br/&gt;
&amp;gt; Created an attachment (id=17484) &lt;span class="error"&gt;&amp;#91;edit&amp;#93;&lt;/span&gt;&lt;br/&gt;
&amp;gt; Implementation of FTPSClient.&lt;br/&gt;
&amp;gt; &lt;br/&gt;
&amp;gt; Paul Ferraro change the license of his proyecto to Apache License V2.0. Then I&lt;br/&gt;
&amp;gt; submit the 3 class that implements FTPSClient, and fourth class, ftps, that use&lt;br/&gt;
&amp;gt; this implementation.&lt;/p&gt;

&lt;p&gt;Thank you, Jose and Paul.  I have a few questions about the submission.&lt;/p&gt;

&lt;p&gt;1.  You are importing com.sun.net.ssl.X509TrustManagern and&lt;br/&gt;
com.sun.net.ssl.SSLContext.  Are these allowable imports under the terms of the&lt;br/&gt;
Apache License?  I don't know the answer, it is a question.  We have been&lt;br/&gt;
recently hit with licensing questions and I don't want to go through this again&lt;br/&gt;
without checking first.&lt;/p&gt;

&lt;p&gt;2.  Does this import require importing any additional libraries, or is this&lt;br/&gt;
class included in a J2SDK library.  If so, which version?&lt;/p&gt;

&lt;p&gt;3.  FTPSClient overrides the retrieveFile() method from FTPClient.  I am not an&lt;br/&gt;
expert in FTPS but shouldn't similar overrides be provided for storeFile(),&lt;br/&gt;
deleteFile()?  How about listFiles() and listNames()?  Can you point us to a&lt;br/&gt;
definition of the FTPS protocol that defines what is required?&lt;/p&gt;

&lt;p&gt;4.  Assuming all the above are answered, we would like some JUnit tests to be&lt;br/&gt;
created for the new classes.  The present tests can serve as a model for you.&lt;/p&gt;

&lt;p&gt;5.  Finally, the files need to have the Apache License.&lt;/p&gt;

&lt;p&gt;Please do not take this the wrong way.  I am being very demanding and legalistic&lt;br/&gt;
here, because I know that the Jakarta project is being closely watched from some&lt;br/&gt;
quarters, but I very much want this to go forward if at all possible.&lt;/p&gt;

&lt;p&gt;I also think that this is not the place for this discussion to be continued. &lt;br/&gt;
Now that we are on to legal as well as coding issues, the discussion should move&lt;br/&gt;
back to the commons-dev mailing list, which is where I am moving it.&lt;/p&gt;


</comment>
                            <comment id="12411283" author="ishigami@victokai.co.jp" created="Mon, 23 Jan 2006 21:11:32 +0000">&lt;p&gt;I checked his patches and read RFC2228, RFC4217 and some internet web sites.&lt;br/&gt;
It would be great if following things are done for the future work of FTPS.&lt;/p&gt;

&lt;p&gt;1) implicit mode.&lt;br/&gt;
   There is the two mode of FTPS to connect it securely. (implicit/explicit)&lt;br/&gt;
   It is implemented only the explicit mode.&lt;/p&gt;

&lt;p&gt;2) It can not specify multiple keystores and/or trustmanagers.&lt;br/&gt;
   I want to use multiple keystores and/or trustmanagers.&lt;/p&gt;

&lt;p&gt;3) The password to access KeyStore can not change.&lt;br/&gt;
   I think that this lacks security.&lt;/p&gt;

&lt;p&gt;4) It can not change the data connection security level(PROT command).&lt;/p&gt;

&lt;p&gt;5) It can not change the protected data bufferes(PBSZ command).&lt;/p&gt;

&lt;p&gt;6) The X509TrustManager should be made by implements&lt;br/&gt;
   javax.net.ssl.X509TrustManager. But, X509TrustManager interface is a part&lt;br/&gt;
   of JSSE, so there are not included in JDK1.3. The JSSE was introduced&lt;br/&gt;
   since JDK1.4 by default.&lt;/p&gt;

&lt;p&gt;(In reply to comment #8)&lt;br/&gt;
&amp;gt; (In reply to comment #7)&lt;br/&gt;
&amp;gt;  my modifications of his code. I'm waiting his anwers.&lt;br/&gt;
&amp;gt; &amp;gt; &lt;br/&gt;
&amp;gt; &amp;gt; FTPS its very similar to FTP, the most significant diferences are:&lt;br/&gt;
&amp;gt; &amp;gt; javax.net.ssl.SSLSocket, certificates, and after connect sends AUTH SSL, that&lt;br/&gt;
&amp;gt; &amp;gt; negotiates the secure method connection, and handshake... his implementation,&lt;br/&gt;
&amp;gt; &amp;gt; don't overwrite, only use the variables, to assing them "ssl streams" of the SSl&lt;br/&gt;
&amp;gt; &amp;gt; socket.&lt;br/&gt;
&amp;gt; &amp;gt; &lt;br/&gt;
&amp;gt; &amp;gt; I'll tell you, when he responds me.&lt;br/&gt;
&amp;gt; &lt;br/&gt;
&amp;gt; So if you didn't need to change these variables, all you really needed was a&lt;br/&gt;
&amp;gt; getter method.  Daniel, maybe that would be a better solution?  I don't imagine&lt;br/&gt;
&amp;gt; you're too comfortable with exposing stuff that begins and ends with underscores?&lt;br/&gt;
&amp;gt; &lt;br/&gt;
&amp;gt; Jose, it would be great if we could bring FTPS into commons-net.&lt;br/&gt;
&amp;gt; &lt;br/&gt;
&amp;gt; &lt;/p&gt;
</comment>
                            <comment id="12411284" author="josejuan.montiel@gmail.com" created="Mon, 23 Jan 2006 21:37:48 +0000">&lt;p&gt;Created an attachment (id=17488)&lt;br/&gt;
Implementation of FTPSClient.&lt;/p&gt;

&lt;p&gt;Added the commented modification...&lt;/p&gt;</comment>
                            <comment id="12411285" author="josejuan.montiel@gmail.com" created="Mon, 23 Jan 2006 21:49:20 +0000">&lt;p&gt;(In reply to comment #13)&lt;br/&gt;
&amp;gt; 1.  You are importing com.sun.net.ssl.X509TrustManagern and&lt;br/&gt;
&amp;gt; com.sun.net.ssl.SSLContext.  Are these allowable imports under the terms of the&lt;br/&gt;
&amp;gt; Apache License?  I don't know the answer, it is a question.  We have been&lt;br/&gt;
&amp;gt; recently hit with licensing questions and I don't want to go through this again&lt;br/&gt;
&amp;gt; without checking first.&lt;/p&gt;

&lt;p&gt;I really don't know about legal, this import its into JSSE&lt;br/&gt;
(&lt;a href="http://java.sun.com/products/jsse/LICENSE.html" class="external-link" target="_blank" rel="nofollow noopener"&gt;http://java.sun.com/products/jsse/LICENSE.html&lt;/a&gt;), because i want use ftps, with&lt;br/&gt;
JDK 1.3, but... there is a correspondent Java 1.4 classes for com.sun.net...&lt;/p&gt;

&lt;p&gt;&amp;gt; 2.  Does this import require importing any additional libraries, or is this&lt;br/&gt;
&amp;gt; class included in a J2SDK library.  If so, which version?&lt;/p&gt;

&lt;p&gt;This import require Java 1.3 &amp;amp; JSSE.&lt;/p&gt;

&lt;p&gt;&amp;gt; 3.  FTPSClient overrides the retrieveFile() method from FTPClient.  I am not an&lt;br/&gt;
&amp;gt; expert in FTPS but shouldn't similar overrides be provided for storeFile(),&lt;br/&gt;
&amp;gt; deleteFile()?  How about listFiles() and listNames()?  Can you point us to a&lt;br/&gt;
&amp;gt; definition of the FTPS protocol that defines what is required?&lt;/p&gt;

&lt;p&gt;Now, following the paul advice, now only overwrite &lt;em&gt;openDataConnection&lt;/em&gt;&lt;/p&gt;

&lt;p&gt;&amp;gt; 4.  Assuming all the above are answered, we would like some JUnit tests to be&lt;br/&gt;
&amp;gt; created for the new classes.  The present tests can serve as a model for you.&lt;/p&gt;

&lt;p&gt;I attach one junit, to test, with a "local ftps server" of the "junit machine".&lt;/p&gt;

&lt;p&gt;&amp;gt; 5.  Finally, the files need to have the Apache License.&lt;/p&gt;

&lt;p&gt;Add.&lt;/p&gt;

&lt;p&gt;&amp;gt; Please do not take this the wrong way.  I am being very demanding and legalistic&lt;br/&gt;
&amp;gt; here, because I know that the Jakarta project is being closely watched from some&lt;br/&gt;
&amp;gt; quarters, but I very much want this to go forward if at all possible.&lt;br/&gt;
&amp;gt; &lt;br/&gt;
&amp;gt; I also think that this is not the place for this discussion to be continued. &lt;br/&gt;
&amp;gt; Now that we are on to legal as well as coding issues, the discussion should move&lt;br/&gt;
&amp;gt; back to the commons-dev mailing list, which is where I am moving it.&lt;/p&gt;

&lt;p&gt;Don't worry... and thanks for all.&lt;/p&gt;</comment>
                            <comment id="12411286" author="josejuan.montiel@gmail.com" created="Mon, 23 Jan 2006 21:52:40 +0000">&lt;p&gt;(In reply to comment #14)&lt;br/&gt;
&amp;gt; I checked his patches and read RFC2228, RFC4217 and some internet web sites.&lt;br/&gt;
&amp;gt; It would be great if following things are done for the future work of FTPS.&lt;br/&gt;
&amp;gt; &lt;br/&gt;
&amp;gt; 1) implicit mode.&lt;br/&gt;
&amp;gt;    There is the two mode of FTPS to connect it securely. (implicit/explicit)&lt;br/&gt;
&amp;gt;    It is implemented only the explicit mode.&lt;/p&gt;

&lt;p&gt;For future work...&lt;/p&gt;

&lt;p&gt;&amp;gt; 2) It can not specify multiple keystores and/or trustmanagers.&lt;br/&gt;
&amp;gt;    I want to use multiple keystores and/or trustmanagers.&lt;/p&gt;

&lt;p&gt;It was implemented in code of 2006-01-22 19:14.&lt;/p&gt;

&lt;p&gt;&amp;gt; 3) The password to access KeyStore can not change.&lt;br/&gt;
&amp;gt;    I think that this lacks security.&lt;/p&gt;

&lt;p&gt;Implemented now.&lt;/p&gt;

&lt;p&gt;&amp;gt; 4) It can not change the data connection security level(PROT command).&lt;/p&gt;

&lt;p&gt;Implemented now.&lt;/p&gt;

&lt;p&gt;&amp;gt; 5) It can not change the protected data bufferes(PBSZ command).&lt;/p&gt;

&lt;p&gt;Implemented now.&lt;/p&gt;

&lt;p&gt;&amp;gt; 6) The X509TrustManager should be made by implements&lt;br/&gt;
&amp;gt;    javax.net.ssl.X509TrustManager. But, X509TrustManager interface is a part&lt;br/&gt;
&amp;gt;    of JSSE, so there are not included in JDK1.3. The JSSE was introduced&lt;br/&gt;
&amp;gt;    since JDK1.4 by default.&lt;/p&gt;

&lt;p&gt;I need that ftps works with JDK1.3, and dont mind import JSSE...&lt;/p&gt;

&lt;p&gt;Thanks for all your comment.&lt;/p&gt;</comment>
                            <comment id="12411287" author="scohen@apache.org" created="Tue, 24 Jan 2006 08:54:28 +0000">&lt;p&gt;TO: EVERYONE&lt;/p&gt;

&lt;p&gt;PLEASE LET'S NOT HAVE ANY MORE DISCUSSIONS RELATED TO THE POSSIBLE ADDITION OF&lt;br/&gt;
FTPS FUNCTIONALITY TO COMMONS-NET AS COMMENTS ON THIS BUG.  &lt;/p&gt;

&lt;p&gt;This bug is now closed.  Comments related to the lively discussion of adding&lt;br/&gt;
FTPS to commons-net should be made on the commons-dev mailing list:&lt;br/&gt;
commons-dev@jakarta.apache.org. &lt;/p&gt;</comment>
                    </comments>
                    <attachments>
                            <attachment id="12333992" name="ASF.LICENSE.NOT.GRANTED--ftps.zip" size="8280" author="josejuan.montiel@gmail.com" created="Mon, 23 Jan 2006 21:37:48 +0000" />
                            <attachment id="12333991" name="ASF.LICENSE.NOT.GRANTED--ftps.zip" size="5237" author="josejuan.montiel@gmail.com" created="Mon, 23 Jan 2006 03:14:55 +0000" />
                            <attachment id="12333990" name="ASF.LICENSE.NOT.GRANTED--patch.txt" size="940" author="josejuan.montiel@gmail.com" created="Mon, 23 Jan 2006 03:09:48 +0000" />
                            <attachment id="12333989" name="ASF.LICENSE.NOT.GRANTED--patch.txt" size="646" author="josejuan.montiel@gmail.com" created="Fri, 20 Jan 2006 07:31:26 +0000" />
                    </attachments>
                <subtasks>
                    </subtasks>
                <customfields>
                                                                                                                                                                                                                                                                                                                                                                                                                                                                                                                                                                                                    <customfield id="customfield_10010" key="com.atlassian.jira.plugin.system.customfieldtypes:importid">
                        <customfieldname>Bugzilla Id</customfieldname>
                        <customfieldvalues>
                            <customfieldvalue>38309</customfieldvalue>
                        </customfieldvalues>
                    </customfield>
                                                                                                                                                    <customfield id="customfield_12314020" key="com.atlassian.jira.plugins.jira-development-integration-plugin:devsummary">
                        <customfieldname>Development</customfieldname>
                        <customfieldvalues>
                            
                        </customfieldvalues>
                    </customfield>
                                                                                                                        <customfield id="customfield_12313422" key="com.atlassian.jirafisheyeplugin:jobcheckbox">
                        <customfieldname>Enable Automatic Patch Review</customfieldname>
                        <customfieldvalues>
                            <customfieldvalue>false</customfieldvalue>

                        </customfieldvalues>
                    </customfield>
                                                                                                                                                                                                                                                                                                                                                                                                                                                                                                                                                                                                                                                <customfield id="customfield_12310420" key="com.pyxis.greenhopper.jira:gh-global-rank">
                        <customfieldname>Global Rank</customfieldname>
                        <customfieldvalues>
                            <customfieldvalue>154397</customfieldvalue>
                        </customfieldvalues>
                    </customfield>
                                                                                                                                                                                                                                                                                                                                                                                                                                                                        <customfield id="customfield_12311820" key="com.pyxis.greenhopper.jira:gh-lexo-rank">
                        <customfieldname>Rank</customfieldname>
                        <customfieldvalues>
                            <customfieldvalue>0|i0lplr:</customfieldvalue>

                        </customfieldvalues>
                    </customfield>
                                                                <customfield id="customfield_12310920" key="com.pyxis.greenhopper.jira:gh-global-rank">
                        <customfieldname>Rank (Obsolete)</customfieldname>
                        <customfieldvalues>
                            <customfieldvalue>124799</customfieldvalue>
                        </customfieldvalues>
                    </customfield>
                                                                                                                                                                                                                                                                                                                                                                                                                                                                                                                                                                                                                                                                                                                                                                                            </customfields>
    </item>


</channel>
</rss>