<rss version="0.92">
    <channel>
        <title>ASF JIRA</title>
        <link>https://issues.apache.org/jira/issues/?jql=project+%3D+NET+AND+type+%3D+bug+and+%28status+%3D+RESOLVED+or+status+%3D+closed%29</link>
        <description>An XML representation of a search request</description>
                <language>en-uk</language>
                        <issue start="0" end="464" total="464" />
                <build-info>
            <version>8.20.7</version>
            <build-number>820007</build-number>
            <build-date>16-03-2022</build-date>
        </build-info>

<item>
            <title>[NET-688] FTPSClient converts hostname to IP, making hostname verification difficult</title>
                <link>https://issues.apache.org/jira/browse/NET-688</link>
                <project id="12310487" key="NET">Commons Net</project>
                    <description>&lt;p&gt;Related to &lt;a href="https://issues.apache.org/jira/browse/NET-593" title="HostnameVerifier is called with ip addess instead of the provided hostname" class="issue-link" data-issue-key="NET-593"&gt;&lt;del&gt;NET-593&lt;/del&gt;&lt;/a&gt;, FTPS converts the provided hostname into an IP address before attempting the connection.&lt;/p&gt;

&lt;p&gt;&#160;&lt;/p&gt;

&lt;p&gt;This means that a registered hostname verifier gets passed the IP address, instead of the hostname, and is likely to fail.&lt;/p&gt;

&lt;p&gt;&#160;&lt;/p&gt;

&lt;p&gt;I believe the issue is in FTPSClient.java, in sslNegotiation.&lt;/p&gt;

&lt;p&gt;&#160;&lt;/p&gt;

&lt;p&gt;at line 294 we call the hostnameverifier, but using&#160;socket.getInetAddress().getHostAddress() - this will return us the IP address of the socket. The certificate presented by the server will almost certainly not have the IP address as a valid name and therefore hostname verification will likely fail.&lt;/p&gt;

&lt;p&gt;&#160;&lt;/p&gt;

&lt;p&gt;We ought to use the hostname the user provided, if possible.&lt;/p&gt;</description>
                <environment />
        <key id="13328968">NET-688</key>
            <summary>FTPSClient converts hostname to IP, making hostname verification difficult</summary>
                <type id="1" iconUrl="https://issues.apache.org/jira/secure/viewavatar?size=xsmall&amp;avatarId=21133&amp;avatarType=issuetype">Bug</type>
                                            <priority id="3" iconUrl="https://issues.apache.org/jira/images/icons/priorities/major.svg">Major</priority>
                        <status id="5" iconUrl="https://issues.apache.org/jira/images/icons/statuses/resolved.png" description="A resolution has been taken, and it is awaiting verification by reporter. From here issues are either reopened, or are closed.">Resolved</status>
                    <statusCategory id="3" key="done" colorName="green" />
                                    <resolution id="1">Fixed</resolution>
                                        <assignee username="-1">Unassigned</assignee>
                                    <reporter username="davenice">Dave Nice</reporter>
                        <labels>
                    </labels>
                <created>Wed, 23 Sep 2020 10:16:37 +0000</created>
                <updated>Thu, 29 Oct 2020 00:32:59 +0000</updated>
                            <resolved>Thu, 29 Oct 2020 00:32:59 +0000</resolved>
                                    <version>3.7</version>
                                    <fixVersion>3.7.2</fixVersion>
                                    <component>FTP</component>
                        <due />
                            <votes>0</votes>
                                    <watches>3</watches>
                                                                <comments>
                            <comment id="17201015" author="garydgregory" created="Wed, 23 Sep 2020 18:07:42 +0000">&lt;p&gt;May you provide a PR with a test on GitHub? You can expand on or create a new test based on the existing &lt;tt&gt;FTPSClientTest&lt;/tt&gt;.&lt;/p&gt;</comment>
                            <comment id="17210349" author="ck1962" created="Thu, 8 Oct 2020 17:42:02 +0000">&lt;p&gt;&lt;a href="https://issues.apache.org/jira/secure/ViewProfile.jspa?name=davenice" class="user-hover" rel="davenice"&gt;davenice&lt;/a&gt; Can you check if &lt;a href="https://issues.apache.org/jira/browse/NET-689" title="Hostname is not set on the SSLSocket causing isEndpointCheckingEnabled to fail" class="issue-link" data-issue-key="NET-689"&gt;&lt;del&gt;NET-689&lt;/del&gt;&lt;/a&gt; solved it in &lt;del&gt;3.7.2-SNAPSHOT&lt;/del&gt;&#160; master?&lt;/p&gt;</comment>
                            <comment id="17210364" author="garydgregory" created="Thu, 8 Oct 2020 17:58:59 +0000">&lt;p&gt;Let me push a fresh snapshot first...&lt;/p&gt;</comment>
                            <comment id="17210376" author="ck1962" created="Thu, 8 Oct 2020 18:20:50 +0000">&lt;p&gt;Fixed it &lt;img class="emoticon" src="https://issues.apache.org/jira/images/icons/emoticons/wink.png" height="16" width="16" align="absmiddle" alt="" border="0"/&gt;&lt;/p&gt;

&lt;p&gt;a) thought snapshot was on CI&lt;/p&gt;

&lt;p&gt;b) never meant the snapshot, it was a brain-fart. Sorry &lt;a href="https://issues.apache.org/jira/secure/ViewProfile.jspa?name=ggregory" class="user-hover" rel="ggregory"&gt;ggregory&lt;/a&gt;&lt;/p&gt;</comment>
                            <comment id="17210377" author="garydgregory" created="Thu, 8 Oct 2020 18:23:10 +0000">&lt;p&gt;Uploaded to https: &lt;a href="https://repository.apache.org/content/repositories/snapshots/" class="external-link" target="_blank" rel="nofollow noopener"&gt;https://repository.apache.org/content/repositories/snapshots/&lt;/a&gt;&lt;/p&gt;</comment>
                            <comment id="17216800" author="davenice" created="Mon, 19 Oct 2020 15:07:21 +0000">&lt;p&gt;Hey - yes I think that fixes this issue based on testing a recent snapshot of 3.7.2.&lt;/p&gt;

&lt;p&gt;&#160;&lt;/p&gt;

&lt;p&gt;Thank you very much &lt;img class="emoticon" src="https://issues.apache.org/jira/images/icons/emoticons/smile.png" height="16" width="16" align="absmiddle" alt="" border="0"/&gt;&lt;/p&gt;</comment>
                    </comments>
                    <attachments>
                    </attachments>
                <subtasks>
                    </subtasks>
                <customfields>
                                                                                                                                                                                                                                                                                                                                                                                                                                                                                                                                                                                                                                                                                                                    <customfield id="customfield_12314020" key="com.atlassian.jira.plugins.jira-development-integration-plugin:devsummary">
                        <customfieldname>Development</customfieldname>
                        <customfieldvalues>
                            
                        </customfieldvalues>
                    </customfield>
                                                                                                                        <customfield id="customfield_12313422" key="com.atlassian.jirafisheyeplugin:jobcheckbox">
                        <customfieldname>Enable Automatic Patch Review</customfieldname>
                        <customfieldvalues>
                            <customfieldvalue>false</customfieldvalue>

                        </customfieldvalues>
                    </customfield>
                                                                                                                                                                                                                                                                                                                                                                                                                                                                                                                                                                                                                                                <customfield id="customfield_12310420" key="com.pyxis.greenhopper.jira:gh-global-rank">
                        <customfieldname>Global Rank</customfieldname>
                        <customfieldvalues>
                            <customfieldvalue>9223372036854775807</customfieldvalue>
                        </customfieldvalues>
                    </customfield>
                                                                                                                                                                                                                                                                                                                                                                                                                                                                        <customfield id="customfield_12311820" key="com.pyxis.greenhopper.jira:gh-lexo-rank">
                        <customfieldname>Rank</customfieldname>
                        <customfieldvalues>
                            <customfieldvalue>0|z0iucg:</customfieldvalue>

                        </customfieldvalues>
                    </customfield>
                                                                <customfield id="customfield_12310920" key="com.pyxis.greenhopper.jira:gh-global-rank">
                        <customfieldname>Rank (Obsolete)</customfieldname>
                        <customfieldvalues>
                            <customfieldvalue>9223372036854775807</customfieldvalue>
                        </customfieldvalues>
                    </customfield>
                                                                                                                                                                                                                                                                                                                                                                                                                                                                                                                                                                                                                                                                                                                                                                                            </customfields>
    </item>


</channel>
</rss>