<rss version="0.92">
    <channel>
        <title>ASF JIRA</title>
        <link>https://issues.apache.org/jira/issues/?jql=project+%3D+NET+AND+type+%3D+bug+and+%28status+%3D+RESOLVED+or+status+%3D+closed%29</link>
        <description>An XML representation of a search request</description>
                <language>en-uk</language>
                        <issue start="0" end="464" total="464" />
                <build-info>
            <version>8.20.7</version>
            <build-number>820007</build-number>
            <build-date>16-03-2022</build-date>
        </build-info>

<item>
            <title>[NET-541] Can't disable echo option</title>
                <link>https://issues.apache.org/jira/browse/NET-541</link>
                <project id="12310487" key="NET">Commons Net</project>
                    <description>&lt;p&gt;Using the Telnet client example provided in the examples, when I connect to one of my local server, it is echoing the data back. &lt;/p&gt;

&lt;p&gt;For instance, I am trying to connect some &amp;lt;ip_address&amp;gt;, Usually from the server, I get the following response,&lt;/p&gt;

&lt;p&gt;User Access Verification&lt;/p&gt;

&lt;p&gt;Username : USER1&lt;/p&gt;

&lt;p&gt;When I enter this username, the same one is echoed back as,&lt;/p&gt;

&lt;p&gt;Username : USER1 USER1&lt;br/&gt;
Password: &lt;/p&gt;

&lt;p&gt;I tried in all ways by taking support from stackoverflow but no luck.&lt;/p&gt;

&lt;p&gt;Seriously some one have a look at this issue. &lt;/p&gt;

&lt;p&gt;Thanks,&lt;br/&gt;
RK&lt;/p&gt;</description>
                <environment>&lt;p&gt;OS -Windows 7 &lt;br/&gt;
SDK - Java 7&lt;/p&gt;</environment>
        <key id="12715175">NET-541</key>
            <summary>Can't disable echo option</summary>
                <type id="1" iconUrl="https://issues.apache.org/jira/secure/viewavatar?size=xsmall&amp;avatarId=21133&amp;avatarType=issuetype">Bug</type>
                                            <priority id="3" iconUrl="https://issues.apache.org/jira/images/icons/priorities/major.svg">Major</priority>
                        <status id="5" iconUrl="https://issues.apache.org/jira/images/icons/statuses/resolved.png" description="A resolution has been taken, and it is awaiting verification by reporter. From here issues are either reopened, or are closed.">Resolved</status>
                    <statusCategory id="3" key="done" colorName="green" />
                                    <resolution id="8">Not A Problem</resolution>
                                        <assignee username="-1">Unassigned</assignee>
                                    <reporter username="guntuka.ramakrishna">Rama Krishna Guntuka</reporter>
                        <labels>
                    </labels>
                <created>Mon, 19 May 2014 13:39:47 +0000</created>
                <updated>Fri, 23 May 2014 16:34:57 +0000</updated>
                            <resolved>Fri, 23 May 2014 16:34:57 +0000</resolved>
                                    <version>3.3</version>
                                                    <component>Telnet</component>
                        <due />
                            <votes>0</votes>
                                    <watches>1</watches>
                                                                <comments>
                            <comment id="14007330" author="sebb@apache.org" created="Fri, 23 May 2014 16:34:57 +0000">&lt;p&gt;JIRA is not a support forum.&lt;/p&gt;

&lt;p&gt;Please subscribe to the Commons User list and ask there.&lt;/p&gt;

&lt;p&gt;But first please have a look a the TelnetClientExample.java code&lt;/p&gt;</comment>
                    </comments>
                    <attachments>
                    </attachments>
                <subtasks>
                    </subtasks>
                <customfields>
                                                                                                                                                                                                                                                                                                                                                                                                                                                                                                                                                                                                                                                                                                                    <customfield id="customfield_12314020" key="com.atlassian.jira.plugins.jira-development-integration-plugin:devsummary">
                        <customfieldname>Development</customfieldname>
                        <customfieldvalues>
                            
                        </customfieldvalues>
                    </customfield>
                                                                                                                        <customfield id="customfield_12313422" key="com.atlassian.jirafisheyeplugin:jobcheckbox">
                        <customfieldname>Enable Automatic Patch Review</customfieldname>
                        <customfieldvalues>
                            <customfieldvalue>false</customfieldvalue>

                        </customfieldvalues>
                    </customfield>
                                                                                                                                                                                                                                                                                                                                                                                                                                                                                                                                                                                                                                                <customfield id="customfield_12310420" key="com.pyxis.greenhopper.jira:gh-global-rank">
                        <customfieldname>Global Rank</customfieldname>
                        <customfieldvalues>
                            <customfieldvalue>393461</customfieldvalue>
                        </customfieldvalues>
                    </customfield>
                                                                                                                                                                                                                                                                                                                                                                                                                                                                        <customfield id="customfield_12311820" key="com.pyxis.greenhopper.jira:gh-lexo-rank">
                        <customfieldname>Rank</customfieldname>
                        <customfieldvalues>
                            <customfieldvalue>0|i1vr3z:</customfieldvalue>

                        </customfieldvalues>
                    </customfield>
                                                                <customfield id="customfield_12310920" key="com.pyxis.greenhopper.jira:gh-global-rank">
                        <customfieldname>Rank (Obsolete)</customfieldname>
                        <customfieldvalues>
                            <customfieldvalue>393623</customfieldvalue>
                        </customfieldvalues>
                    </customfield>
                                                                                                                                                                                                                                                                                                                                                                                                                                                                                                                                                                                                                                                                                                                                                                                            </customfields>
    </item>


</channel>
</rss>