<rss version="0.92">
    <channel>
        <title>ASF JIRA</title>
        <link>https://issues.apache.org/jira/issues/?jql=project+%3D+NET+AND+type+%3D+bug+and+%28status+%3D+RESOLVED+or+status+%3D+closed%29</link>
        <description>An XML representation of a search request</description>
                <language>en-uk</language>
                        <issue start="0" end="464" total="464" />
                <build-info>
            <version>8.20.7</version>
            <build-number>820007</build-number>
            <build-date>16-03-2022</build-date>
        </build-info>

<item>
            <title>[NET-519] Apache Commons Net 3.3 has a performance issue</title>
                <link>https://issues.apache.org/jira/browse/NET-519</link>
                <project id="12310487" key="NET">Commons Net</project>
                    <description>&lt;p&gt;We use Apache Commons Net FTP 3.1. That version had a bug for transferring files with size 0 that was resolved in Apache Commons 3.2.&lt;br/&gt;
Apache Commons 3.2 and 3.3 however both have a performance problem for files that do not have a size of 0.&lt;/p&gt;

&lt;p&gt;For example a 30MB file using 3.1 takes approximately 40 seconds on our system from point A to point B. &lt;br/&gt;
Using Apache 3.3, the same file takes 2 minutes and 5 seconds. &lt;br/&gt;
Using Apache 3.2, the same file took over 4 minutes. &lt;br/&gt;
This is not acceptable. &lt;/p&gt;

&lt;p&gt;If there are any workarounds, we would like to know. If not this is a major bug. &lt;/p&gt;</description>
                <environment>&lt;p&gt;Windows 7&lt;/p&gt;</environment>
        <key id="12680654">NET-519</key>
            <summary>Apache Commons Net 3.3 has a performance issue</summary>
                <type id="1" iconUrl="https://issues.apache.org/jira/secure/viewavatar?size=xsmall&amp;avatarId=21133&amp;avatarType=issuetype">Bug</type>
                                            <priority id="3" iconUrl="https://issues.apache.org/jira/images/icons/priorities/major.svg">Major</priority>
                        <status id="6" iconUrl="https://issues.apache.org/jira/images/icons/statuses/closed.png" description="The issue is considered finished, the resolution is correct. Issues which are not closed can be reopened.">Closed</status>
                    <statusCategory id="3" key="done" colorName="green" />
                                    <resolution id="1">Fixed</resolution>
                                        <assignee username="-1">Unassigned</assignee>
                                    <reporter username="Bambmam2">Bambi Edgar Mota</reporter>
                        <labels>
                    </labels>
                <created>Fri, 22 Nov 2013 00:58:28 +0000</created>
                <updated>Thu, 26 Nov 2015 16:34:48 +0000</updated>
                            <resolved>Fri, 6 Dec 2013 22:21:02 +0000</resolved>
                                    <version>3.2</version>
                    <version>3.3</version>
                                    <fixVersion>3.4</fixVersion>
                                    <component>FTP</component>
                        <due />
                            <votes>0</votes>
                                    <watches>2</watches>
                                                                <comments>
                            <comment id="13829545" author="garydgregory" created="Fri, 22 Nov 2013 01:23:25 +0000">&lt;p&gt;Hello,&lt;/p&gt;

&lt;p&gt;Your report is pretty vague. Can you provide a test case to show us how you use the API? This would let us all run the same code and see how performance differs from version to version. Are you sure network latency is not an issue? A good test would be to have it all running on the same machine or on machines "next" to each other on the same LAN.&lt;/p&gt;

&lt;p&gt;Gary&lt;/p&gt;</comment>
                            <comment id="13829756" author="tn" created="Fri, 22 Nov 2013 07:32:50 +0000">&lt;p&gt;This is most likely related to this issue.&lt;br/&gt;
There reports on the user ml that there is still a slowdown in 3.3 compared to the 3.1 version.&lt;/p&gt;</comment>
                            <comment id="13841357" author="bambmam2" created="Fri, 6 Dec 2013 15:39:08 +0000">&lt;p&gt;The commons-net-3.4-20130923.012224-9.jar located under the &lt;a href="https://repository.apache.org/content/groups/snapshots/commons-net/commons-net/3.4-SNAPSHOT/" class="external-link" target="_blank" rel="nofollow noopener"&gt;https://repository.apache.org/content/groups/snapshots/commons-net/commons-net/3.4-SNAPSHOT/&lt;/a&gt;&lt;br/&gt;
directoy seems to resolve the performance problem. Rebuilding our application with the 3.4 snapshot the download time is the same as it was in 3.1 version. &lt;br/&gt;
Is there a planned date when will the 3.4 version be released?&lt;/p&gt;</comment>
                            <comment id="13841443" author="sebb@apache.org" created="Fri, 6 Dec 2013 17:20:39 +0000">&lt;p&gt;Thanks!&lt;br/&gt;
This is very useful to know, and was one of the issues that needed to be resolved for the next release.&lt;/p&gt;</comment>
                            <comment id="14365444" author="bambmam2" created="Tue, 17 Mar 2015 16:32:38 +0000">&lt;p&gt;Has there been any progress on when the next release will be?&lt;/p&gt;</comment>
                    </comments>
                <issuelinks>
                            <issuelinktype id="12310000">
                    <name>Duplicate</name>
                                                                <inwardlinks description="is duplicated by">
                                        <issuelink>
            <issuekey id="12732582">NET-550</issuekey>
        </issuelink>
                            </inwardlinks>
                                    </issuelinktype>
                            <issuelinktype id="10030">
                    <name>Reference</name>
                                                                <inwardlinks description="is related to">
                                        <issuelink>
            <issuekey id="12556266">NET-465</issuekey>
        </issuelink>
                            </inwardlinks>
                                    </issuelinktype>
                    </issuelinks>
                <attachments>
                    </attachments>
                <subtasks>
                    </subtasks>
                <customfields>
                                                                                                                                                                                                                                                                                                                                                                                                                                                                                                                                                                                                                                                                                                                    <customfield id="customfield_12314020" key="com.atlassian.jira.plugins.jira-development-integration-plugin:devsummary">
                        <customfieldname>Development</customfieldname>
                        <customfieldvalues>
                            
                        </customfieldvalues>
                    </customfield>
                                                                                                                        <customfield id="customfield_12313422" key="com.atlassian.jirafisheyeplugin:jobcheckbox">
                        <customfieldname>Enable Automatic Patch Review</customfieldname>
                        <customfieldvalues>
                            <customfieldvalue>false</customfieldvalue>

                        </customfieldvalues>
                    </customfield>
                                                                                                                                                                                                                                                                                                                                                                                                                                                                                                                                                                                                                                                <customfield id="customfield_12310420" key="com.pyxis.greenhopper.jira:gh-global-rank">
                        <customfieldname>Global Rank</customfieldname>
                        <customfieldvalues>
                            <customfieldvalue>359919</customfieldvalue>
                        </customfieldvalues>
                    </customfield>
                                                                                                                                                                                                                                                                                                                                                                                                                                                                        <customfield id="customfield_12311820" key="com.pyxis.greenhopper.jira:gh-lexo-rank">
                        <customfieldname>Rank</customfieldname>
                        <customfieldvalues>
                            <customfieldvalue>0|i1q1nb:</customfieldvalue>

                        </customfieldvalues>
                    </customfield>
                                                                <customfield id="customfield_12310920" key="com.pyxis.greenhopper.jira:gh-global-rank">
                        <customfieldname>Rank (Obsolete)</customfieldname>
                        <customfieldvalues>
                            <customfieldvalue>360218</customfieldvalue>
                        </customfieldvalues>
                    </customfield>
                                                                                                                                                                                                                                                                                                                                                                                                                                                                                                                                                                                                                                                                                                                                                                                            </customfields>
    </item>


</channel>
</rss>