<rss version="0.92">
    <channel>
        <title>ASF JIRA</title>
        <link>https://issues.apache.org/jira/issues/?jql=project+%3D+NET+AND+type+%3D+bug+and+%28status+%3D+RESOLVED+or+status+%3D+closed%29</link>
        <description>An XML representation of a search request</description>
                <language>en-uk</language>
                        <issue start="0" end="464" total="464" />
                <build-info>
            <version>8.20.7</version>
            <build-number>820007</build-number>
            <build-date>16-03-2022</build-date>
        </build-info>

<item>
            <title>[NET-684] Most images aren't downloaded completely from an FTP server</title>
                <link>https://issues.apache.org/jira/browse/NET-684</link>
                <project id="12310487" key="NET">Commons Net</project>
                    <description>&lt;p&gt;Downloading images from an FTP server succeeds but the resulting images are incomplete (black/transparent parts at the bottom) or faulty (wrong colors/visual artifacts) most of the time.&lt;/p&gt;

&lt;p&gt;&#160;&lt;/p&gt;

&lt;p&gt;You can find examples and full code in &lt;a href="http://mail-archives.apache.org/mod_mbox/commons-user/202005.mbox/%3C000b01d6341c%246a66f7f0%243f34e7d0%24%40simutech.at%3E" class="external-link" target="_blank" rel="nofollow noopener"&gt;this&lt;/a&gt; mailing list thread.&lt;/p&gt;</description>
                <environment>&lt;p&gt;Win 10, Java 8, Android Studio 3.6.1, target Android SDK=27&lt;/p&gt;</environment>
        <key id="13309411">NET-684</key>
            <summary>Most images aren't downloaded completely from an FTP server</summary>
                <type id="1" iconUrl="https://issues.apache.org/jira/secure/viewavatar?size=xsmall&amp;avatarId=21133&amp;avatarType=issuetype">Bug</type>
                                            <priority id="3" iconUrl="https://issues.apache.org/jira/images/icons/priorities/major.svg">Major</priority>
                        <status id="5" iconUrl="https://issues.apache.org/jira/images/icons/statuses/resolved.png" description="A resolution has been taken, and it is awaiting verification by reporter. From here issues are either reopened, or are closed.">Resolved</status>
                    <statusCategory id="3" key="done" colorName="green" />
                                    <resolution id="5">Cannot Reproduce</resolution>
                                        <assignee username="-1">Unassigned</assignee>
                                    <reporter username="JRRR">JRRR</reporter>
                        <labels>
                    </labels>
                <created>Thu, 4 Jun 2020 09:49:59 +0000</created>
                <updated>Mon, 29 Jun 2020 08:17:42 +0000</updated>
                            <resolved>Fri, 26 Jun 2020 17:35:05 +0000</resolved>
                                    <version>3.6</version>
                                                    <component>FTP</component>
                        <due />
                            <votes>0</votes>
                                    <watches>1</watches>
                                                                <comments>
                            <comment id="17143074" author="sebb@apache.org" created="Tue, 23 Jun 2020 16:14:28 +0000">&lt;p&gt;It's not easy to extract the code from the mail thread.&lt;br/&gt;
Please attach the source as an attachment.&lt;/p&gt;

&lt;p&gt;The code should be tested against a public server.&lt;/p&gt;</comment>
                            <comment id="17144763" author="jrrr" created="Thu, 25 Jun 2020 08:54:15 +0000">&lt;p&gt;I uploaded the code.&lt;/p&gt;

&lt;p&gt;There's only a single public FTP server I can test it with (&lt;a href="https://dlptest.com/ftp-test/" class="external-link" target="_blank" rel="nofollow noopener"&gt;DLP Test&lt;/a&gt;) as the others I've found either instantly delete uploaded files again or simply block file upload but even this one deletes uploaded files after 30 minutes. That's why I can't run any long tests but so far the downloaded files have all been okay. Most of the testing I've done with two different FTP servers in the same network: A Windows 10 one (images are affected more often) and a Linux one (images are still affected but less often) and the problem occurs with both. Uploading/downloading the files to/from them with an app like Filezilla works fine.&lt;/p&gt;</comment>
                            <comment id="17146531" author="sebb@apache.org" created="Fri, 26 Jun 2020 17:34:53 +0000">&lt;p&gt;It took me quite a while to convert that code into a standalone test, but AFAICT that code works fine against NET 3.6 and macOS.&lt;/p&gt;</comment>
                            <comment id="17147606" author="jrrr" created="Mon, 29 Jun 2020 08:15:38 +0000">&lt;p&gt;This problem isn't resolved, it's still happening. Sometimes it might take multiple tries (it doesn't seem to happen to really, really small images, e.g. 12kb ones) but eventually there'll be files that are corrupt.&lt;/p&gt;

&lt;p&gt;I don't use macOS. I created an Android app (run on Windows, also tested on an actual Android device) that downloads files from a Windows server or a Linux server in the same network and there are almost always files that are affected. I don't know why but the tests with DLP Test have been successful so far but, like I said, there's no guarantee that it'll always work with that one because I can't run any longer, proper tests if files are being deleted after 30 minutes.&lt;/p&gt;

&lt;p&gt;Btw, it also affects text files (tested with 13mb ones) but those are usually only missing a single byte (rarely more) and it happens less often, that's why I didn't notice it straight away.&lt;/p&gt;

&lt;p&gt;So can you please re-open the issue.&lt;/p&gt;</comment>
                    </comments>
                    <attachments>
                            <attachment id="13006409" name="DownloadProblem.java" size="2741" author="JRRR" created="Thu, 25 Jun 2020 08:38:25 +0000" />
                    </attachments>
                <subtasks>
                    </subtasks>
                <customfields>
                                                                                                                                                                                                                                                                                                                                                                                                                                                                                                                                                                                                                                                                                                                    <customfield id="customfield_12314020" key="com.atlassian.jira.plugins.jira-development-integration-plugin:devsummary">
                        <customfieldname>Development</customfieldname>
                        <customfieldvalues>
                            
                        </customfieldvalues>
                    </customfield>
                                                                                                                        <customfield id="customfield_12313422" key="com.atlassian.jirafisheyeplugin:jobcheckbox">
                        <customfieldname>Enable Automatic Patch Review</customfieldname>
                        <customfieldvalues>
                            <customfieldvalue>false</customfieldvalue>

                        </customfieldvalues>
                    </customfield>
                                                                                                                                                                                                                                                                                                                                                                                                                                                                                                                                                                                                                                                <customfield id="customfield_12310420" key="com.pyxis.greenhopper.jira:gh-global-rank">
                        <customfieldname>Global Rank</customfieldname>
                        <customfieldvalues>
                            <customfieldvalue>9223372036854775807</customfieldvalue>
                        </customfieldvalues>
                    </customfield>
                                                                                                                                                                                                                                                                                                                                                                                                                                                                        <customfield id="customfield_12311820" key="com.pyxis.greenhopper.jira:gh-lexo-rank">
                        <customfieldname>Rank</customfieldname>
                        <customfieldvalues>
                            <customfieldvalue>0|z0fi4o:</customfieldvalue>

                        </customfieldvalues>
                    </customfield>
                                                                <customfield id="customfield_12310920" key="com.pyxis.greenhopper.jira:gh-global-rank">
                        <customfieldname>Rank (Obsolete)</customfieldname>
                        <customfieldvalues>
                            <customfieldvalue>9223372036854775807</customfieldvalue>
                        </customfieldvalues>
                    </customfield>
                                                                                                                                                                                                                                                                                                                                                                                                                                                                                                                                                                                                                                                                                                                                                                                            </customfields>
    </item>


</channel>
</rss>