<rss version="0.92">
    <channel>
        <title>ASF JIRA</title>
        <link>https://issues.apache.org/jira/issues/?jql=project+%3D+NET+AND+type+%3D+bug+and+%28status+%3D+RESOLVED+or+status+%3D+closed%29</link>
        <description>An XML representation of a search request</description>
                <language>en-uk</language>
                        <issue start="0" end="464" total="464" />
                <build-info>
            <version>8.20.7</version>
            <build-number>820007</build-number>
            <build-date>16-03-2022</build-date>
        </build-info>

<item>
            <title>[NET-417] org.apache.commons.net.ftpFTPClient, file will not be totally transferred.</title>
                <link>https://issues.apache.org/jira/browse/NET-417</link>
                <project id="12310487" key="NET">Commons Net</project>
                    <description>&lt;p&gt;If I use this ftp.storeFile(f.getName(), stream)  to transfer file to the FTP Server. After the function returned the file will be partially sent. &lt;br/&gt;
E.g. If the file has 1025 bytes, only 1024 bytes will be sent while if the file has 2050 bytes, only 2048 bytes will be sent.&lt;br/&gt;
That's because the default buffer size is 1024, each time 1024 bytes of file content will be sent to the FTP server. But stream.flush() is not called at the end of each transfer. Finally, socket stream to FTP server will be closed before the &lt;br/&gt;
last transmission and the last frame of data, which may be less than 1024, will be left unsent.&lt;/p&gt;

&lt;p&gt;My way of fixing this BUG: Change the content of method FtpClient.__storeFile(), change the last parameter for calling Util.copyStream() to 'true'.&lt;/p&gt;</description>
                <environment>&lt;p&gt;Windows XP FTPClient program sending file to Windows 2003 IIS FTP Server&lt;/p&gt;</environment>
        <key id="12510275">NET-417</key>
            <summary>org.apache.commons.net.ftpFTPClient, file will not be totally transferred.</summary>
                <type id="1" iconUrl="https://issues.apache.org/jira/secure/viewavatar?size=xsmall&amp;avatarId=21133&amp;avatarType=issuetype">Bug</type>
                                            <priority id="3" iconUrl="https://issues.apache.org/jira/images/icons/priorities/major.svg">Major</priority>
                        <status id="6" iconUrl="https://issues.apache.org/jira/images/icons/statuses/closed.png" description="The issue is considered finished, the resolution is correct. Issues which are not closed can be reopened.">Closed</status>
                    <statusCategory id="3" key="done" colorName="green" />
                                    <resolution id="3">Duplicate</resolution>
                                        <assignee username="-1">Unassigned</assignee>
                                    <reporter username="pilgrim_yang">tom yang</reporter>
                        <labels>
                    </labels>
                <created>Tue, 14 Jun 2011 06:39:20 +0000</created>
                <updated>Wed, 15 Jun 2011 08:17:39 +0000</updated>
                            <resolved>Wed, 15 Jun 2011 08:17:33 +0000</resolved>
                                    <version>3.0</version>
                                                    <component>FTP</component>
                        <due />
                            <votes>0</votes>
                                    <watches>1</watches>
                                    <timeoriginalestimate seconds="3600">1h</timeoriginalestimate>
                            <timeestimate seconds="3600">1h</timeestimate>
                                        <comments>
                            <comment id="13049240" author="sebb@apache.org" created="Tue, 14 Jun 2011 15:35:13 +0000">&lt;p&gt;Are you sure you are using version 3.0.1?&lt;/p&gt;

&lt;p&gt;The problem you describe was present in 3.0, but was fixed in 3.0.1, see &lt;a href="https://issues.apache.org/jira/browse/NET-409" title="FTPClient truncates file (storeFile method)" class="issue-link" data-issue-key="NET-409"&gt;&lt;del&gt;NET-409&lt;/del&gt;&lt;/a&gt;.&lt;/p&gt;</comment>
                            <comment id="13049542" author="pilgrim_yang" created="Wed, 15 Jun 2011 00:20:17 +0000">&lt;p&gt;Confirmed. Sorry, I've made a mistake. My version is 3.0 but not 3.0.1. &lt;/p&gt;</comment>
                            <comment id="13049556" author="pilgrim_yang" created="Wed, 15 Jun 2011 01:06:40 +0000">&lt;p&gt;My newest test proves that this problem has been fixed in 3.0.1. Thanks&lt;/p&gt;</comment>
                    </comments>
                <issuelinks>
                            <issuelinktype id="12310000">
                    <name>Duplicate</name>
                                            <outwardlinks description="duplicates">
                                        <issuelink>
            <issuekey id="12507914">NET-409</issuekey>
        </issuelink>
                            </outwardlinks>
                                                        </issuelinktype>
                    </issuelinks>
                <attachments>
                    </attachments>
                <subtasks>
                    </subtasks>
                <customfields>
                                                                                                                                                                                                                                                                                                                                                                                                                                                                                                                                                                                                                                                                                                                    <customfield id="customfield_12314020" key="com.atlassian.jira.plugins.jira-development-integration-plugin:devsummary">
                        <customfieldname>Development</customfieldname>
                        <customfieldvalues>
                            
                        </customfieldvalues>
                    </customfield>
                                                                                                                        <customfield id="customfield_12313422" key="com.atlassian.jirafisheyeplugin:jobcheckbox">
                        <customfieldname>Enable Automatic Patch Review</customfieldname>
                        <customfieldvalues>
                            <customfieldvalue>false</customfieldvalue>

                        </customfieldvalues>
                    </customfield>
                                                                                                                                                                                                                                                                                                                                                                                                                                                                                                                                                                                                                                                <customfield id="customfield_12310420" key="com.pyxis.greenhopper.jira:gh-global-rank">
                        <customfieldname>Global Rank</customfieldname>
                        <customfieldvalues>
                            <customfieldvalue>71219</customfieldvalue>
                        </customfieldvalues>
                    </customfield>
                                                                                                                                                                                                                                                                                                                                                                                                                                                                        <customfield id="customfield_12311820" key="com.pyxis.greenhopper.jira:gh-lexo-rank">
                        <customfieldname>Rank</customfieldname>
                        <customfieldvalues>
                            <customfieldvalue>0|i0ybmv:</customfieldvalue>

                        </customfieldvalues>
                    </customfield>
                                                                <customfield id="customfield_12310920" key="com.pyxis.greenhopper.jira:gh-global-rank">
                        <customfieldname>Rank (Obsolete)</customfieldname>
                        <customfieldvalues>
                            <customfieldvalue>198354</customfieldvalue>
                        </customfieldvalues>
                    </customfield>
                                                                                                                                                                                                                                                                                                                                                                                                                                                                                                                                                                                                                                                                                                                                                                                            </customfields>
    </item>


</channel>
</rss>