<rss version="0.92">
    <channel>
        <title>ASF JIRA</title>
        <link>https://issues.apache.org/jira/issues/?jql=project+%3D+NET+AND+type+%3D+bug+and+%28status+%3D+RESOLVED+or+status+%3D+closed%29</link>
        <description>An XML representation of a search request</description>
                <language>en-uk</language>
                        <issue start="0" end="464" total="464" />
                <build-info>
            <version>8.20.7</version>
            <build-number>820007</build-number>
            <build-date>16-03-2022</build-date>
        </build-info>

<item>
            <title>[NET-140] FTPClient listFiles returns incorrect timestamp on freshly uploaded file but corrects itself after about 15 minutes</title>
                <link>https://issues.apache.org/jira/browse/NET-140</link>
                <project id="12310487" key="NET">Commons Net</project>
                    <description>&lt;p&gt;This is an odd one:&lt;/p&gt;

&lt;p&gt;We upload GPS data each hour to a public site using FTPClient. Every 24 hours we check for files older than 60 days using listFiles and getting the timestamps do decide if we want to delete older files.&lt;/p&gt;

&lt;p&gt;When we list the files, the most recently uploaded files have a time stamp exactly one year too old. After about 15 minutes, it seems to correct itself and eventually displays the correct timestamp.&lt;/p&gt;

&lt;p&gt;During this time while FTPFile.getTimestamp is giving the incorrect timestamp, browsing the folder with a web browser, a commercial FTP client, or actually checking the file info in a shell shows the correct timestamp (i.e. does not seem to be a problem on the remote site)&lt;/p&gt;

&lt;p&gt;commons-net-1.4.1 (as well as commons-net-20060901) exhibits this behavior.&lt;/p&gt;

&lt;p&gt;commons-net-1.3.0 works properly&lt;/p&gt;

&lt;p&gt;I did a little investigating, and it seems to happen with every file written to the remote directory each hour, and the incorrect timestamp will be returned using listFiles for about 15 minutes... and then it corrects itself.&lt;/p&gt;</description>
                <environment>&lt;p&gt;Windows local client site, Linux remote server site&lt;/p&gt;</environment>
        <key id="12349130">NET-140</key>
            <summary>FTPClient listFiles returns incorrect timestamp on freshly uploaded file but corrects itself after about 15 minutes</summary>
                <type id="1" iconUrl="https://issues.apache.org/jira/secure/viewavatar?size=xsmall&amp;avatarId=21133&amp;avatarType=issuetype">Bug</type>
                                            <priority id="3" iconUrl="https://issues.apache.org/jira/images/icons/priorities/major.svg">Major</priority>
                        <status id="6" iconUrl="https://issues.apache.org/jira/images/icons/statuses/closed.png" description="The issue is considered finished, the resolution is correct. Issues which are not closed can be reopened.">Closed</status>
                    <statusCategory id="3" key="done" colorName="green" />
                                    <resolution id="1">Fixed</resolution>
                                        <assignee username="-1">Unassigned</assignee>
                                    <reporter username="bgiel">Bill Giel</reporter>
                        <labels>
                    </labels>
                <created>Sat, 2 Sep 2006 20:53:28 +0000</created>
                <updated>Thu, 2 Apr 2009 02:15:29 +0000</updated>
                            <resolved>Mon, 4 Jun 2007 13:04:03 +0000</resolved>
                                    <version>1.4</version>
                                    <fixVersion>2.0</fixVersion>
                                        <due />
                            <votes>0</votes>
                                    <watches>1</watches>
                                                                <comments>
                            <comment id="12432307" author="rwinston@eircom.net" created="Sat, 2 Sep 2006 22:00:07 +0000">&lt;p&gt;Bill&lt;/p&gt;

&lt;p&gt;Would you be able to provide some raw listings of files that exhibit this behaviour? I think this is related to a previous issue regarding date handling and old/new date formats. &lt;/p&gt;</comment>
                            <comment id="12442215" author="bgiel" created="Sat, 14 Oct 2006 02:46:04 +0000">
&lt;p&gt;   [[ Old comment, sent by email on Sun, 03 Sep 2006 01:29:31 -0400 ]]&lt;/p&gt;

&lt;p&gt;I may not have made it clear, the only machine that corrects itself is &lt;br/&gt;
the Sphera Linux machine. I have a feeling that there is a process &lt;br/&gt;
running there that causes this behavior. The timestamps do not correct &lt;br/&gt;
themselves on the RedHat9 machine.&lt;/p&gt;

&lt;p&gt;Bill&lt;/p&gt;


&lt;p&gt;&amp;#8211; &lt;br/&gt;
William Giel, LS&lt;br/&gt;
======================&lt;br/&gt;
Rocco V. D'Andrea, Inc.&lt;br/&gt;
PO Box 549 / Six Neil Lane&lt;br/&gt;
Riverside, CT 06460&lt;br/&gt;
203-637-1779 (Voice)&lt;br/&gt;
203-637-1770 (Fax)&lt;br/&gt;
bgiel@rvdi.com&lt;br/&gt;
www.rvdi.com&lt;/p&gt;</comment>
                            <comment id="12442214" author="bgiel" created="Sat, 14 Oct 2006 02:46:04 +0000">
&lt;p&gt;   [[ Old comment, sent by email on Sun, 03 Sep 2006 01:22:07 -0400 ]]&lt;/p&gt;

&lt;p&gt;Thanks for the quick reply, Rory.&lt;/p&gt;

&lt;p&gt;See the attached, which contains a small test source and some results &lt;br/&gt;
for a few different sites. A couple of sites worked well, but a couple &lt;br/&gt;
do not. Unfortunately for me, my public site is one that does not work. &lt;br/&gt;
(But commons-net-1.3.0 works for all, so I'll be using that for now.)&lt;/p&gt;

&lt;p&gt;Let me know if you need more info, I'll try my best to get what you need.&lt;/p&gt;

&lt;p&gt;Regards,&lt;/p&gt;

&lt;p&gt;Bill&lt;/p&gt;


&lt;p&gt;&amp;#8211; &lt;br/&gt;
William Giel, LS&lt;br/&gt;
======================&lt;br/&gt;
Rocco V. D'Andrea, Inc.&lt;br/&gt;
PO Box 549 / Six Neil Lane&lt;br/&gt;
Riverside, CT 06460&lt;br/&gt;
203-637-1779 (Voice)&lt;br/&gt;
203-637-1770 (Fax)&lt;br/&gt;
bgiel@rvdi.com&lt;br/&gt;
www.rvdi.com&lt;/p&gt;

&lt;p&gt;&lt;span class="error"&gt;&amp;#91;demime 1.01d removed an attachment of type application/x-zip-compressed which had a name of timestamp-issue.zip&amp;#93;&lt;/span&gt;&lt;/p&gt;</comment>
                            <comment id="12442216" author="bgiel" created="Sat, 14 Oct 2006 02:46:05 +0000">
&lt;p&gt;   [[ Old comment, sent by email on Sun, 03 Sep 2006 16:11:57 -0400 ]]&lt;/p&gt;

&lt;p&gt;Some more info... Sphera VDS Linux mentioned previously, ftpd is version &lt;br/&gt;
wu-2.6.2(1).&lt;/p&gt;

&lt;p&gt;That did not have a problem on the Sun machine, but it does have a &lt;br/&gt;
problem on the Sphera Linux machine.&lt;/p&gt;


&lt;p&gt;&amp;#8211; &lt;br/&gt;
William Giel, LS&lt;br/&gt;
======================&lt;br/&gt;
Rocco V. D'Andrea, Inc.&lt;br/&gt;
PO Box 549 / Six Neil Lane&lt;br/&gt;
Riverside, CT 06460&lt;br/&gt;
203-637-1779 (Voice)&lt;br/&gt;
203-637-1770 (Fax)&lt;br/&gt;
bgiel@rvdi.com&lt;br/&gt;
www.rvdi.com&lt;/p&gt;</comment>
                            <comment id="12500684" author="julien.ayme@gmail.com" created="Fri, 1 Jun 2007 11:47:12 +0000">&lt;p&gt;Isn't this issue related to the issue &amp;lt;a href="https://issues.apache.org/jira/browse/NET-159"&amp;gt;&lt;a href="https://issues.apache.org/jira/browse/NET-159" title="FTPFile.getTimestamp() is off by one year" class="issue-link" data-issue-key="NET-159"&gt;&lt;del&gt;NET-159&lt;/del&gt;&lt;/a&gt; &amp;lt;/a&amp;gt; ?&lt;/p&gt;</comment>
                            <comment id="12501201" author="rwinston@eircom.net" created="Mon, 4 Jun 2007 13:04:02 +0000">&lt;p&gt;The only reason I can see that the timestamp will be out of sync for 15 minutes and then ok is if the FTP server sends  a different timestamp for files that are older than 15 minutes. This will result in the above behaviour. &lt;/p&gt;

&lt;p&gt;I have implemented a workaround for this problem - by calling FTPClient::setDateRollbackPermitted(false), the rollback by 1year should not occur for these situations.&lt;/p&gt;

&lt;p&gt;Any issues, feel free to reopen.&lt;/p&gt;</comment>
                            <comment id="12694427" author="yicfu" created="Wed, 1 Apr 2009 09:02:45 +0000">&lt;p&gt;Hi&lt;/p&gt;

&lt;p&gt;I still see this timestamp-display-incorrect issue even when using commons-net-2.0.jar.&lt;br/&gt;
Any newly uploaded file in year 2009 will be displayed as year 2008, and on the next day, it will display as year 2009 correctly.&lt;/p&gt;

&lt;p&gt;I've read articles about issue &lt;a href="https://issues.apache.org/jira/browse/NET-140" title="FTPClient listFiles returns incorrect timestamp on freshly uploaded file but corrects itself after about 15 minutes" class="issue-link" data-issue-key="NET-140"&gt;&lt;del&gt;NET-140&lt;/del&gt;&lt;/a&gt; and related &lt;a href="https://issues.apache.org/jira/browse/NET-159" title="FTPFile.getTimestamp() is off by one year" class="issue-link" data-issue-key="NET-159"&gt;&lt;del&gt;NET-159&lt;/del&gt;&lt;/a&gt;, it seems that this issue has already been fixed? I've tried the following code segments and it seems to have been resolved, just wonder if this is the official way to handle this issue.&lt;/p&gt;

&lt;p&gt;        FTPClientConfig conf = new FTPClientConfig(FTPClientConfig.SYST_UNIX);&lt;br/&gt;
        conf.setLenientFutureDates(true);        &lt;br/&gt;
        this.ftp.configure(conf);&lt;/p&gt;
</comment>
                            <comment id="12694758" author="rwinston@eircom.net" created="Wed, 1 Apr 2009 21:28:10 +0000">&lt;p&gt;Hi James&lt;/p&gt;

&lt;p&gt;Could you provide some examples of the files in question  (i.e. would you be able to provide the raw output from an FTP listing)?&lt;/p&gt;</comment>
                            <comment id="12694857" author="sebb@apache.org" created="Thu, 2 Apr 2009 01:23:10 +0000">&lt;p&gt;IIRC, Commons NET has to use the local system time to determine what to do with file listings that have no year information.&lt;/p&gt;

&lt;p&gt;So it would also be useful to know whether the client and ftp server times are in synch. or not - and which is ahead - and also the timezones on the two systems.&lt;/p&gt;</comment>
                            <comment id="12694869" author="yicfu" created="Thu, 2 Apr 2009 02:15:29 +0000">&lt;p&gt;Hi Rory and Sebb, thanks for the reply!&lt;/p&gt;

&lt;p&gt;To Rory:&lt;br/&gt;
Here's the raw output from ftp server corresponding to the file that I just uploaded:&lt;/p&gt;

&lt;p&gt;&lt;del&gt;rw-r&lt;/del&gt;&lt;del&gt;r&lt;/del&gt;-    1 182390   eng2        91184 Apr  2 10:06 0C5F8D76F819BF060A791469835B1BF0.commons-net-ftp-2.0.jar&lt;/p&gt;

&lt;p&gt;If not using following code segments, I got display year 2008; if used, go correct year 2009.&lt;/p&gt;

&lt;p&gt;FTPClientConfig conf = new FTPClientConfig(FTPClientConfig.SYST_UNIX);&lt;br/&gt;
conf.setLenientFutureDates(true); &lt;br/&gt;
this.ftp.configure(conf);&lt;/p&gt;


&lt;p&gt;To Sebb:&lt;br/&gt;
The timezone of client and ftp server are both GMT. I've both tried to set the time on client side to be ahead of server time and behind server time, but seems the same. All need to setLenientFutureDates(true) to make it display correctly.&lt;/p&gt;
</comment>
                    </comments>
                <issuelinks>
                            <issuelinktype id="10030">
                    <name>Reference</name>
                                            <outwardlinks description="relates to">
                                        <issuelink>
            <issuekey id="12368233">NET-159</issuekey>
        </issuelink>
                            </outwardlinks>
                                                        </issuelinktype>
                    </issuelinks>
                <attachments>
                    </attachments>
                <subtasks>
                    </subtasks>
                <customfields>
                                                                                                                                                                                                                                                                                                                                                                                                                                                                                                                                                                                                                                                                                                                    <customfield id="customfield_12314020" key="com.atlassian.jira.plugins.jira-development-integration-plugin:devsummary">
                        <customfieldname>Development</customfieldname>
                        <customfieldvalues>
                            
                        </customfieldvalues>
                    </customfield>
                                                                                                                        <customfield id="customfield_12313422" key="com.atlassian.jirafisheyeplugin:jobcheckbox">
                        <customfieldname>Enable Automatic Patch Review</customfieldname>
                        <customfieldvalues>
                            <customfieldvalue>false</customfieldvalue>

                        </customfieldvalues>
                    </customfield>
                                                                                                                                                                                                                                                                                                                                                                                                                                                                                                                                                                                                                                                <customfield id="customfield_12310420" key="com.pyxis.greenhopper.jira:gh-global-rank">
                        <customfieldname>Global Rank</customfieldname>
                        <customfieldvalues>
                            <customfieldvalue>154477</customfieldvalue>
                        </customfieldvalues>
                    </customfield>
                                                                                                                                                                                                                                                                                                                                                                                                                                                                        <customfield id="customfield_12311820" key="com.pyxis.greenhopper.jira:gh-lexo-rank">
                        <customfieldname>Rank</customfieldname>
                        <customfieldvalues>
                            <customfieldvalue>0|i0y9pz:</customfieldvalue>

                        </customfieldvalues>
                    </customfield>
                                                                <customfield id="customfield_12310920" key="com.pyxis.greenhopper.jira:gh-global-rank">
                        <customfieldname>Rank (Obsolete)</customfieldname>
                        <customfieldvalues>
                            <customfieldvalue>198044</customfieldvalue>
                        </customfieldvalues>
                    </customfield>
                                                                                                                                                                                                                                                                                                                                                                                                                                                                                                                                                                                                                                                                                                                                                                                            </customfields>
    </item>


</channel>
</rss>