<rss version="0.92">
    <channel>
        <title>ASF JIRA</title>
        <link>https://issues.apache.org/jira/issues/?jql=project+%3D+NET+AND+type+%3D+bug+and+%28status+%3D+RESOLVED+or+status+%3D+closed%29</link>
        <description>An XML representation of a search request</description>
                <language>en-uk</language>
                        <issue start="0" end="464" total="464" />
                <build-info>
            <version>8.20.7</version>
            <build-number>820007</build-number>
            <build-date>16-03-2022</build-date>
        </build-info>

<item>
            <title>[NET-560] FTPFile.getTimestamp() does not give precise time</title>
                <link>https://issues.apache.org/jira/browse/NET-560</link>
                <project id="12310487" key="NET">Commons Net</project>
                    <description>&lt;p&gt;FTPFile.getTimestamp() does not give precise time upto seconds and milliseconds.  For example, the modification time of a file on the ftp server is 2014-12-05 16:28:45.41 but this function gives a calendar object which when converted to timestamp is equivalent to 2014-12-05 16:28:00.0. The seconds and milliseconds information is lost.&lt;/p&gt;</description>
                <environment>&lt;p&gt;Linus, CentOS&lt;/p&gt;</environment>
        <key id="12759666">NET-560</key>
            <summary>FTPFile.getTimestamp() does not give precise time</summary>
                <type id="1" iconUrl="https://issues.apache.org/jira/secure/viewavatar?size=xsmall&amp;avatarId=21133&amp;avatarType=issuetype">Bug</type>
                                            <priority id="3" iconUrl="https://issues.apache.org/jira/images/icons/priorities/major.svg">Major</priority>
                        <status id="6" iconUrl="https://issues.apache.org/jira/images/icons/statuses/closed.png" description="The issue is considered finished, the resolution is correct. Issues which are not closed can be reopened.">Closed</status>
                    <statusCategory id="3" key="done" colorName="green" />
                                    <resolution id="8">Not A Problem</resolution>
                                        <assignee username="-1">Unassigned</assignee>
                                    <reporter username="dhirajpraj">dhiraj prajapati</reporter>
                        <labels>
                    </labels>
                <created>Fri, 5 Dec 2014 13:28:16 +0000</created>
                <updated>Wed, 10 Dec 2014 12:17:20 +0000</updated>
                            <resolved>Mon, 8 Dec 2014 22:43:20 +0000</resolved>
                                    <version>3.3</version>
                                                    <component>FTP</component>
                        <due />
                            <votes>0</votes>
                                    <watches>1</watches>
                                                                <comments>
                            <comment id="14235817" author="sebb@apache.org" created="Fri, 5 Dec 2014 18:07:19 +0000">&lt;p&gt;What code did you use to get the listing?&lt;/p&gt;

&lt;p&gt;FTPClient#listFiles uses the LIST command to fetch the details; this does not normally return anything more precise than minutes.&lt;/p&gt;

&lt;p&gt;You may have better luck with the mlistDir method which uses MLSD; however not all servers support it.&lt;br/&gt;
MLSD should return seconds, but may not return milliseconds.&lt;br/&gt;
Also some servers don't return user and group information&lt;/p&gt;

&lt;p&gt;Use an FTP command line client to check.&lt;/p&gt;</comment>
                            <comment id="14237517" author="dhirajpraj" created="Mon, 8 Dec 2014 06:39:47 +0000">&lt;p&gt;Yes, I am using listFiles to list the files. The server does not support MLSD. Can we configure the server to support MLSD? Or is there any other alternative?&lt;/p&gt;</comment>
                            <comment id="14238593" author="sebb@apache.org" created="Mon, 8 Dec 2014 22:43:20 +0000">&lt;p&gt;JIRA is not a discussion forum, and there is no NET bug here.&lt;/p&gt;

&lt;p&gt;Please subscribe to the Commons user list and ask there.&lt;/p&gt;</comment>
                            <comment id="14241009" author="sebb@apache.org" created="Wed, 10 Dec 2014 12:17:20 +0000">&lt;p&gt;Note: another possible option is MDTM / getModificationTime()&lt;br/&gt;
This is fairly widely supported and is supposed to return the time in GMT/UTC.&lt;br/&gt;
It only applies to a single file and does not list directory contents.&lt;/p&gt;</comment>
                    </comments>
                    <attachments>
                    </attachments>
                <subtasks>
                    </subtasks>
                <customfields>
                                                                                                                                                                                                                                                                                                                                                                                                                                                                                                                                                                                                                                                                                                                    <customfield id="customfield_12314020" key="com.atlassian.jira.plugins.jira-development-integration-plugin:devsummary">
                        <customfieldname>Development</customfieldname>
                        <customfieldvalues>
                            
                        </customfieldvalues>
                    </customfield>
                                                                                                                        <customfield id="customfield_12313422" key="com.atlassian.jirafisheyeplugin:jobcheckbox">
                        <customfieldname>Enable Automatic Patch Review</customfieldname>
                        <customfieldvalues>
                            <customfieldvalue>false</customfieldvalue>

                        </customfieldvalues>
                    </customfield>
                                                                                                                                                                                                                                                                                                                                                                                                                                                                                                                                                                                                                                                <customfield id="customfield_12310420" key="com.pyxis.greenhopper.jira:gh-global-rank">
                        <customfieldname>Global Rank</customfieldname>
                        <customfieldvalues>
                            <customfieldvalue>9223372036854775807</customfieldvalue>
                        </customfieldvalues>
                    </customfield>
                                                                                                                                                                                                                                                                                                                                                                                                                                                                        <customfield id="customfield_12311820" key="com.pyxis.greenhopper.jira:gh-lexo-rank">
                        <customfieldname>Rank</customfieldname>
                        <customfieldvalues>
                            <customfieldvalue>0|i233hr:</customfieldvalue>

                        </customfieldvalues>
                    </customfield>
                                                                <customfield id="customfield_12310920" key="com.pyxis.greenhopper.jira:gh-global-rank">
                        <customfieldname>Rank (Obsolete)</customfieldname>
                        <customfieldvalues>
                            <customfieldvalue>9223372036854775807</customfieldvalue>
                        </customfieldvalues>
                    </customfield>
                                                                                                                                                                                                                                                                                                                                                                                                                                                                                                                                                                                                                                                                                                                                                                                            </customfields>
    </item>


</channel>
</rss>