<rss version="0.92">
    <channel>
        <title>ASF JIRA</title>
        <link>https://issues.apache.org/jira/issues/?jql=project+%3D+NET+AND+type+%3D+bug+and+%28status+%3D+RESOLVED+or+status+%3D+closed%29</link>
        <description>An XML representation of a search request</description>
                <language>en-uk</language>
                        <issue start="0" end="464" total="464" />
                <build-info>
            <version>8.20.7</version>
            <build-number>820007</build-number>
            <build-date>16-03-2022</build-date>
        </build-info>

<item>
            <title>[NET-30] FTPClient deals badly with adverse network conditions</title>
                <link>https://issues.apache.org/jira/browse/NET-30</link>
                <project id="12310487" key="NET">Commons Net</project>
                    <description>&lt;p&gt;We are attempting to use the FTPClient included in commons-net 1.2.2 to write &lt;br/&gt;
an application which has to deal with various outages: &lt;/p&gt;
&lt;ul class="alternate" type="square"&gt;
	&lt;li&gt;connection closed by server, without 421 warning&lt;/li&gt;
	&lt;li&gt;connection frozen&lt;/li&gt;
	&lt;li&gt;server temporarily unreachable&lt;/li&gt;
	&lt;li&gt;...&lt;/li&gt;
&lt;/ul&gt;


&lt;p&gt;However, it appears that in most of these cases, FTPClient becomes easily &lt;br/&gt;
confused: &lt;/p&gt;
&lt;ul class="alternate" type="square"&gt;
	&lt;li&gt;If the connection is closed without warning, FTPClient doesn't notice at&lt;br/&gt;
first: ftp.isConnected() still returns true. However, when attempting to use &lt;br/&gt;
such a closed connection, we do get the correct exception &lt;br/&gt;
(FTPConnectionClosedException), at least most of the time (occasionnally we do &lt;br/&gt;
get various SocketExceptions instead) &lt;/li&gt;
	&lt;li&gt;If the ftp server doesn't respond in time, FTPClient hangs forever, even&lt;br/&gt;
after the ftp server responds eventually &lt;/li&gt;
	&lt;li&gt;If setSoTimeout is set, and if the server doesn't respond, the following&lt;br/&gt;
behaviour happens: 
	&lt;ul&gt;
		&lt;li&gt;if the server becomes responsive again before the timeout happens, the&lt;br/&gt;
client hangs until the timeout then receives SocketTimeoutException exception. &lt;br/&gt;
We would prefer if the client just continued normally (as the server did &lt;br/&gt;
respond before timeout) &lt;/li&gt;
		&lt;li&gt;if on the other hand the server does not become responsive when the timeout&lt;br/&gt;
happens, the client won't get any exception when timeout expires. Instead it &lt;br/&gt;
will just hang. As soon as the server gets responsive again (i.e. &lt;em&gt;after&lt;/em&gt; the &lt;br/&gt;
timeout had expired), the client immediately get the exception. We would prefer &lt;br/&gt;
if the client got the exception at the timeout, rather than long afterwards.&lt;/li&gt;
	&lt;/ul&gt;
	&lt;/li&gt;
&lt;/ul&gt;
</description>
                <environment>&lt;p&gt;Operating System: Linux&lt;br/&gt;
Platform: PC&lt;/p&gt;</environment>
        <key id="12341706">NET-30</key>
            <summary>FTPClient deals badly with adverse network conditions</summary>
                <type id="1" iconUrl="https://issues.apache.org/jira/secure/viewavatar?size=xsmall&amp;avatarId=21133&amp;avatarType=issuetype">Bug</type>
                                            <priority id="3" iconUrl="https://issues.apache.org/jira/images/icons/priorities/major.svg">Major</priority>
                        <status id="6" iconUrl="https://issues.apache.org/jira/images/icons/statuses/closed.png" description="The issue is considered finished, the resolution is correct. Issues which are not closed can be reopened.">Closed</status>
                    <statusCategory id="3" key="done" colorName="green" />
                                    <resolution id="1">Fixed</resolution>
                                        <assignee username="-1">Unassigned</assignee>
                                    <reporter username="apache@misc.lka.org.lu">Alain Knaff</reporter>
                        <labels>
                    </labels>
                <created>Wed, 8 Sep 2004 23:18:28 +0000</created>
                <updated>Thu, 20 Sep 2007 05:25:04 +0000</updated>
                            <resolved>Thu, 20 Sep 2007 05:25:04 +0000</resolved>
                                                                        <due />
                            <votes>2</votes>
                                    <watches>0</watches>
                                                                <comments>
                            <comment id="12407503" author="apache@misc.lka.org.lu" created="Thu, 9 Sep 2004 22:25:26 +0000">&lt;p&gt;Some small corrections: &lt;/p&gt;
&lt;ul class="alternate" type="square"&gt;
	&lt;li&gt;Problem number 2 and 3 ("hang" if ftp server responds slowly, badly timed&lt;br/&gt;
SocketTimeout exceptions) was actually due to an artifact of vsftpd that we &lt;br/&gt;
used for testing. Please disregard these item, sorry for the confusion. &lt;/li&gt;
&lt;/ul&gt;


&lt;p&gt;However the following point still stands: &lt;br/&gt;
1. ftp.isConnected() does not notice that connection has been closed &lt;/p&gt;

&lt;p&gt;Additionnally, there are 2 new points: &lt;/p&gt;

&lt;p&gt;4. The timeout set by setSoTimeout misfires if the &lt;em&gt;client&lt;/em&gt; hasn't submitted a &lt;br/&gt;
request for a while. Probably some internal thread is waiting permanently for &lt;br/&gt;
server "responses" even if the client didn't send the server anything to &lt;br/&gt;
respond to. IMHO, timeout should only be triggered if an &lt;em&gt;expected&lt;/em&gt; response &lt;br/&gt;
doesn't come. &lt;br/&gt;
5. There apparently is no way of setting a timeout for the initial connection &lt;br/&gt;
request. Even setDefaultTimeout doesn't work for completely that purpose, as &lt;br/&gt;
can be easily checked by attempting to connect to an unreachable IP address. &lt;/p&gt;
</comment>
                            <comment id="12407504" author="apache@misc.lka.org.lu" created="Fri, 10 Sep 2004 00:22:47 +0000">&lt;p&gt;One additional note: &lt;/p&gt;

&lt;p&gt;Point #4 (misfiring of soTimeout if client is idle) can be avoided by calling &lt;br/&gt;
ftpclient.setReaderThread(false). Might be appropriate though to mention this &lt;br/&gt;
in the javadoc, in the description of setSoTimeout() and setDefaultTimeout() &lt;/p&gt;
</comment>
                            <comment id="12407505" author="dfs@apache.org" created="Fri, 10 Sep 2004 01:29:22 +0000">&lt;p&gt;Regarding 1, isConnected is not supposed to notice if a connection has&lt;br/&gt;
terminated abnormally.  It is intended that one catch an exception in&lt;br/&gt;
such a case.&lt;/p&gt;

&lt;p&gt;4. The socket timeout is exactly that.  If there's no activity on a socket&lt;br/&gt;
for a given amount of time, it times out.  The timeout happens in the&lt;br/&gt;
TCP stack and java sets both SO_SNDTIMEO and SO_RCVTIMEO.&lt;/p&gt;

&lt;p&gt;5. setDefaultTimeout is merely the socket timeout to set after a connection&lt;br/&gt;
is established.  There is no support for connection timeouts prior to J2SE 1.4,&lt;br/&gt;
but Commons Net 1.2 is supposed to be J2SE 1.2 compatbile.  If you want to&lt;br/&gt;
set a connection timeout, you can create a socket factory as described in:&lt;br/&gt;
&lt;a href="http://www.mail-archive.com/commons-user@jakarta.apache.org/msg07716.html" class="external-link" target="_blank" rel="nofollow noopener"&gt;http://www.mail-archive.com/commons-user@jakarta.apache.org/msg07716.html&lt;/a&gt;&lt;/p&gt;
</comment>
                            <comment id="12407506" author="dfs@apache.org" created="Fri, 10 Sep 2004 01:37:48 +0000">&lt;p&gt;Re: setReaderThread&lt;br/&gt;
I didn't know we had such a method.  It looks like it was added here:&lt;br/&gt;
&lt;a href="http://cvs.apache.org/viewcvs.cgi/jakarta-commons/net/src/java/org/apache/commons/net/telnet/TelnetClient.java?rev=1.9&amp;amp;view=markup" class="external-link" target="_blank" rel="nofollow noopener"&gt;http://cvs.apache.org/viewcvs.cgi/jakarta-commons/net/src/java/org/apache/commons/net/telnet/TelnetClient.java?rev=1.9&amp;amp;view=markup&lt;/a&gt;&lt;/p&gt;

&lt;p&gt;Other than adding documentation to FTPClient about this, it sounds like&lt;br/&gt;
like there isn't any other action to take on this report???&lt;/p&gt;</comment>
                            <comment id="12407507" author="apache@misc.lka.org.lu" created="Fri, 10 Sep 2004 03:22:16 +0000">&lt;p&gt;Indeed, if point #1 (ftp.isConnected()) is the intended behavior, and if #5 &lt;br/&gt;
(connect timeout) cannot be addressed in JDK 1.2, then the only action left is &lt;br/&gt;
indeed #4, i.e. a documentation fix. &lt;/p&gt;

&lt;p&gt;Or maybe, it could be fixed in the code by testing __readIsWaiting in &lt;br/&gt;
TelnetInputStream.run():  if __readIsWaiting is not set when the &lt;br/&gt;
InterruptedIOException occurs, just loop around without storing it into &lt;br/&gt;
_&lt;em&gt;ioException. That way it would work both in __threaded and non-&lt;/em&gt;_threaded &lt;br/&gt;
mode. The difficulty however for such a fix would be the border cases, such as &lt;br/&gt;
for example the situation where a user-level read() happens when the timeout &lt;br/&gt;
is already half expired, leaving only half to go. Maybe something could be &lt;br/&gt;
done by recording the start times of run's read() and of the user-level &lt;br/&gt;
read(), and dynamically adjusting the soTimeout? &lt;/p&gt;
</comment>
                            <comment id="12407508" author="dfs@apache.org" created="Fri, 10 Sep 2004 04:45:32 +0000">&lt;p&gt;The root of the problem is the nasty telnet code.  As I indicated on&lt;br/&gt;
commons-dev in response to a related issue:&lt;br/&gt;
  I think the long term solution&lt;br/&gt;
  should be to branch, leaving the 1.2 series as J2SE 1.2 and 1.3 compatible,&lt;br/&gt;
  and reimplement telnet using selectable I/O in a single thread on the&lt;br/&gt;
  head branch; or start a new 2.0 branch either as a branch or in the&lt;br/&gt;
  sandbox as commons-net2, since everything would have to be overhauled&lt;br/&gt;
  once we start using java.nio.&lt;br/&gt;
Basically, I think we're seeing enough user demand that we should contemplate&lt;br/&gt;
the move to J2SE 1.4, even if we have to maintain two separate branches&lt;br/&gt;
(although I prefer the commons-net2 approach).  I think we've taken&lt;br/&gt;
incremental patching as far as we can.&lt;/p&gt;

&lt;p&gt;On a separate note, the whole isConnected behavior issue needs to be&lt;br/&gt;
sorted out in a 2.0 version.  There has been enough of an expectation&lt;br/&gt;
from users as far as FTPClient is concerned for it to report the&lt;br/&gt;
current state of the underlying socket.  Previous to J2SE 1.4, it&lt;br/&gt;
was not possible to to test that state.  But Socket.isConnected&lt;br/&gt;
and SocketChannel.isConnected were added in J2SE 1.4, so that is&lt;br/&gt;
what a future SocketClient.isConnected should return.  Keep in mind&lt;br/&gt;
that you should be able to subclass FTPClient and override isConnected&lt;br/&gt;
if you're using J2SE 1.4 to return Socket.isConnected (I think).&lt;/p&gt;</comment>
                            <comment id="12407509" author="rwinston@eircom.net" created="Fri, 24 Sep 2004 19:12:09 +0000">&lt;p&gt;I inserted a a short note and a link in the Javadoc to this thread. Will close&lt;br/&gt;
for now.&lt;/p&gt;</comment>
                            <comment id="12528981" author="bayard" created="Thu, 20 Sep 2007 05:25:04 +0000">&lt;p&gt;Reclosing so it gets marked as Fixed. Jira migration bug.&lt;/p&gt;</comment>
                    </comments>
                    <attachments>
                    </attachments>
                <subtasks>
                    </subtasks>
                <customfields>
                                                                                                                                                                                                                                                                                                                                                                                                                                                                                                                                                                                                    <customfield id="customfield_10010" key="com.atlassian.jira.plugin.system.customfieldtypes:importid">
                        <customfieldname>Bugzilla Id</customfieldname>
                        <customfieldvalues>
                            <customfieldvalue>31122</customfieldvalue>
                        </customfieldvalues>
                    </customfield>
                                                                                                                                                    <customfield id="customfield_12314020" key="com.atlassian.jira.plugins.jira-development-integration-plugin:devsummary">
                        <customfieldname>Development</customfieldname>
                        <customfieldvalues>
                            
                        </customfieldvalues>
                    </customfield>
                                                                                                                        <customfield id="customfield_12313422" key="com.atlassian.jirafisheyeplugin:jobcheckbox">
                        <customfieldname>Enable Automatic Patch Review</customfieldname>
                        <customfieldvalues>
                            <customfieldvalue>false</customfieldvalue>

                        </customfieldvalues>
                    </customfield>
                                                                                                                                                                                                                                                                                                                                                                                                                                                                                                                                                                                                                                                <customfield id="customfield_12310420" key="com.pyxis.greenhopper.jira:gh-global-rank">
                        <customfieldname>Global Rank</customfieldname>
                        <customfieldvalues>
                            <customfieldvalue>154370</customfieldvalue>
                        </customfieldvalues>
                    </customfield>
                                                                                                                                                                                                                                                                                                                                                                                                                                                                        <customfield id="customfield_12311820" key="com.pyxis.greenhopper.jira:gh-lexo-rank">
                        <customfieldname>Rank</customfieldname>
                        <customfieldvalues>
                            <customfieldvalue>0|i0lpnz:</customfieldvalue>

                        </customfieldvalues>
                    </customfield>
                                                                <customfield id="customfield_12310920" key="com.pyxis.greenhopper.jira:gh-global-rank">
                        <customfieldname>Rank (Obsolete)</customfieldname>
                        <customfieldvalues>
                            <customfieldvalue>124809</customfieldvalue>
                        </customfieldvalues>
                    </customfield>
                                                                                                                                                                                                                                                                                                                                                                                                                                                                                                                                                                                                                                                                                                                                                                                            </customfields>
    </item>


</channel>
</rss>