<rss version="0.92">
    <channel>
        <title>ASF JIRA</title>
        <link>https://issues.apache.org/jira/issues/?jql=project+%3D+NET+AND+type+%3D+bug+and+%28status+%3D+RESOLVED+or+status+%3D+closed%29</link>
        <description>An XML representation of a search request</description>
                <language>en-uk</language>
                        <issue start="0" end="464" total="464" />
                <build-info>
            <version>8.20.7</version>
            <build-number>820007</build-number>
            <build-date>16-03-2022</build-date>
        </build-info>

<item>
            <title>[NET-327] "Unconnected sockets not implemented" when using FTPSClient</title>
                <link>https://issues.apache.org/jira/browse/NET-327</link>
                <project id="12310487" key="NET">Commons Net</project>
                    <description>&lt;p&gt;I'm using Apache Camel as an integration platform. Specifically, at the moment, I depend on the ftp/ftps/sftp support in the camel-ftp component. Under the hood Camel uses Commons Net for ftp and ftps support.&lt;/p&gt;

&lt;p&gt;Recently, the camel-ftp component was enhanced (on my request) with the possibility to use a secure data channel. This is accomplished by using the execProt() (and execPsbz()) method in class FTPSClient.&lt;/p&gt;

&lt;p&gt;However, later on (in case Camel needs to reconnect), one of the connect() methods in the base class to FTPSClient is called. Unfortunately all the connect methods first create an unconnected socket and then tries to connect it. The connection factory now associated with the FTPSClient then throws an exception stating: "Unconnected sockets not implemented".&lt;/p&gt;

&lt;p&gt;It seems like the FTPSClient does not support "re-connect" once it has entered secure communications mode.&lt;/p&gt;

&lt;p&gt;See also: &lt;a href="http://www.mail-archive.com/user@commons.apache.org/msg04933.html" class="external-link" target="_blank" rel="nofollow noopener"&gt;http://www.mail-archive.com/user@commons.apache.org/msg04933.html&lt;/a&gt;&lt;br/&gt;
and &lt;a href="http://www.mail-archive.com/users@camel.apache.org/msg08732.html" class="external-link" target="_blank" rel="nofollow noopener"&gt;http://www.mail-archive.com/users@camel.apache.org/msg08732.html&lt;/a&gt;&lt;/p&gt;</description>
                <environment>&lt;p&gt;Windows XP SP3, Java 1.6.0_18, Apache Karaf 1.6.0&lt;/p&gt;</environment>
        <key id="12467461">NET-327</key>
            <summary>"Unconnected sockets not implemented" when using FTPSClient</summary>
                <type id="1" iconUrl="https://issues.apache.org/jira/secure/viewavatar?size=xsmall&amp;avatarId=21133&amp;avatarType=issuetype">Bug</type>
                                            <priority id="3" iconUrl="https://issues.apache.org/jira/images/icons/priorities/major.svg">Major</priority>
                        <status id="6" iconUrl="https://issues.apache.org/jira/images/icons/statuses/closed.png" description="The issue is considered finished, the resolution is correct. Issues which are not closed can be reopened.">Closed</status>
                    <statusCategory id="3" key="done" colorName="green" />
                                    <resolution id="1">Fixed</resolution>
                                        <assignee username="-1">Unassigned</assignee>
                                    <reporter username="rodehav">Bengt Rodehav</reporter>
                        <labels>
                    </labels>
                <created>Mon, 21 Jun 2010 06:48:43 +0000</created>
                <updated>Sat, 4 Jun 2011 19:26:27 +0000</updated>
                            <resolved>Thu, 10 Mar 2011 16:40:38 +0000</resolved>
                                    <version>2.0</version>
                                    <fixVersion>3.0</fixVersion>
                                    <component>FTP</component>
                        <due />
                            <votes>0</votes>
                                    <watches>1</watches>
                                                                <comments>
                            <comment id="13005133" author="bogdro" created="Thu, 10 Mar 2011 16:19:01 +0000">&lt;p&gt;A code sample would be nice. But I've managed to do my own: executing the sequence "connect, execPROT(P), login, disconnect" twice on the same client instance causes the error. My patch fixes this issue - it overrides the disconnect() method of FTPClient in FTPSClient to re-set the SocketFactories (null is allowed, because the SocketClient knows how to deal with it). Thanks goes to Bengt Rodehav (&lt;a href="http://www.mail-archive.com/user@commons.apache.org/msg04935.html" class="external-link" target="_blank" rel="nofollow noopener"&gt;http://www.mail-archive.com/user@commons.apache.org/msg04935.html&lt;/a&gt;) for pointing this out.&lt;/p&gt;</comment>
                            <comment id="13005143" author="sebb@apache.org" created="Thu, 10 Mar 2011 16:40:38 +0000">&lt;p&gt;Thanks again.&lt;/p&gt;

&lt;p&gt;Solution looks good, committed to SVN.&lt;/p&gt;</comment>
                            <comment id="13005563" author="rodehav" created="Fri, 11 Mar 2011 09:14:12 +0000">&lt;p&gt;Thanks a lot Bogdan for fixing this. I will notify the guys at Apache Camel. Do you know when the fix will be included in a release? It says it will be included in version 3.0 but for when is that version scheduled?&lt;/p&gt;</comment>
                            <comment id="13005693" author="bogdro" created="Fri, 11 Mar 2011 16:07:27 +0000">&lt;p&gt;Bengt: yes, notify others and check if this fixes your problem (not just the sequence of commands that I've found). About the release date: I'm not a project developer or leader, ask them. Version 3.0, however, is marked as the "ssh release", so it may be not too soon, unfortunately. On the other hand, bugfixing gained some speed recently, so the project isn't standing in one point.&lt;/p&gt;</comment>
                    </comments>
                    <attachments>
                            <attachment id="12473280" name="ftps-reconn.diff" size="767" author="bogdro" created="Thu, 10 Mar 2011 16:19:01 +0000" />
                    </attachments>
                <subtasks>
                    </subtasks>
                <customfields>
                                                                                                                                                                                                                                                                                                                                                                                                                                                                                                                                                                                                                                                                                                                    <customfield id="customfield_12314020" key="com.atlassian.jira.plugins.jira-development-integration-plugin:devsummary">
                        <customfieldname>Development</customfieldname>
                        <customfieldvalues>
                            
                        </customfieldvalues>
                    </customfield>
                                                                                                                        <customfield id="customfield_12313422" key="com.atlassian.jirafisheyeplugin:jobcheckbox">
                        <customfieldname>Enable Automatic Patch Review</customfieldname>
                        <customfieldvalues>
                            <customfieldvalue>false</customfieldvalue>

                        </customfieldvalues>
                    </customfield>
                                                                                                                                                                                                                                                                                                                                                                                                                                                                                                                                                                                                                                                <customfield id="customfield_12310420" key="com.pyxis.greenhopper.jira:gh-global-rank">
                        <customfieldname>Global Rank</customfieldname>
                        <customfieldvalues>
                            <customfieldvalue>72060</customfieldvalue>
                        </customfieldvalues>
                    </customfield>
                                                                                                                                                                                                                                                                                                                                                                                                                                                                        <customfield id="customfield_12311820" key="com.pyxis.greenhopper.jira:gh-lexo-rank">
                        <customfieldname>Rank</customfieldname>
                        <customfieldvalues>
                            <customfieldvalue>0|i0kubb:</customfieldvalue>

                        </customfieldvalues>
                    </customfield>
                                                                <customfield id="customfield_12310920" key="com.pyxis.greenhopper.jira:gh-global-rank">
                        <customfieldname>Rank (Obsolete)</customfieldname>
                        <customfieldvalues>
                            <customfieldvalue>119729</customfieldvalue>
                        </customfieldvalues>
                    </customfield>
                                                                                                                                                                                                                                                                                                                                                                                                                                                                                                                                                                                                                                                                                                                                                                                            </customfields>
    </item>


</channel>
</rss>