<rss version="0.92">
    <channel>
        <title>ASF JIRA</title>
        <link>https://issues.apache.org/jira/issues/?jql=project+%3D+NET+AND+type+%3D+bug+and+%28status+%3D+RESOLVED+or+status+%3D+closed%29</link>
        <description>An XML representation of a search request</description>
                <language>en-uk</language>
                        <issue start="0" end="464" total="464" />
                <build-info>
            <version>8.20.7</version>
            <build-number>820007</build-number>
            <build-date>16-03-2022</build-date>
        </build-info>

<item>
            <title>[NET-77] [net] MVSFTPEntryParser setRawListing</title>
                <link>https://issues.apache.org/jira/browse/NET-77</link>
                <project id="12310487" key="NET">Commons Net</project>
                    <description>&lt;p&gt;The MVSFTPEntryParser is not setting the raw listing in the FTPFile that it&lt;br/&gt;
creates. The toString on FTPFile returns this value which causes a NPE when&lt;br/&gt;
trying to list files via ant.&lt;/p&gt;

&lt;p&gt;Also it is creating an FTPFile for the header ("Volume Unit...") that it&lt;br/&gt;
receives from the host. This also causes a problem with the list function in ant&lt;br/&gt;
because it receives 2 entries when requesting a listing for 1 file. Ant&lt;br/&gt;
(probably wrongfully) is just taking the first entry in the array that it&lt;br/&gt;
receives back so you never get your file names.&lt;/p&gt;

&lt;p&gt;The following code is how I got it to work...&lt;/p&gt;

&lt;p&gt;    private static final String HEADER = "Volume Unit    Referred Ext Used Recfm&lt;br/&gt;
Lrecl BlkSz Dsorg Dsname";&lt;/p&gt;

&lt;p&gt;   ...&lt;/p&gt;

&lt;p&gt;    public FTPFile parseFTPEntry(String entry)&lt;br/&gt;
    {       &lt;br/&gt;
        FTPFile f = null;&lt;br/&gt;
        if (matches(entry) &amp;amp;&amp;amp; !entry.trim().equals(HEADER))          &lt;/p&gt;
        {
            f = new FTPFile();
            String dataSetName = group(2);
            f.setType(FTPFile.FILE_TYPE);
            f.setName(dataSetName);
            f.setRawListing(entry);
            return (f);
        }
&lt;p&gt;        return null;&lt;br/&gt;
    }&lt;/p&gt;</description>
                <environment>&lt;p&gt;Operating System: Windows 2000&lt;br/&gt;
Platform: PC&lt;/p&gt;</environment>
        <key id="12342490">NET-77</key>
            <summary>[net] MVSFTPEntryParser setRawListing</summary>
                <type id="1" iconUrl="https://issues.apache.org/jira/secure/viewavatar?size=xsmall&amp;avatarId=21133&amp;avatarType=issuetype">Bug</type>
                                            <priority id="3" iconUrl="https://issues.apache.org/jira/images/icons/priorities/major.svg">Major</priority>
                        <status id="6" iconUrl="https://issues.apache.org/jira/images/icons/statuses/closed.png" description="The issue is considered finished, the resolution is correct. Issues which are not closed can be reopened.">Closed</status>
                    <statusCategory id="3" key="done" colorName="green" />
                                    <resolution id="1">Fixed</resolution>
                                        <assignee username="-1">Unassigned</assignee>
                                    <reporter username="dholst@shazam.net">Darrin Holst</reporter>
                        <labels>
                    </labels>
                <created>Thu, 18 Aug 2005 23:21:05 +0000</created>
                <updated>Tue, 19 Feb 2008 22:33:32 +0000</updated>
                            <resolved>Tue, 19 Feb 2008 22:33:32 +0000</resolved>
                                    <version>1.4</version>
                                    <fixVersion>2.0</fixVersion>
                                        <due />
                            <votes>0</votes>
                                    <watches>0</watches>
                                                                <comments>
                            <comment id="12570485" author="rwinston@eircom.net" created="Tue, 19 Feb 2008 22:33:32 +0000">&lt;p&gt;This parser has been rewritten for 2.0&lt;/p&gt;</comment>
                    </comments>
                    <attachments>
                    </attachments>
                <subtasks>
                    </subtasks>
                <customfields>
                                                                                                                                                                                                                                                                                                                                                                                                                                                                                                                                                                                                    <customfield id="customfield_10010" key="com.atlassian.jira.plugin.system.customfieldtypes:importid">
                        <customfieldname>Bugzilla Id</customfieldname>
                        <customfieldvalues>
                            <customfieldvalue>36249</customfieldvalue>
                        </customfieldvalues>
                    </customfield>
                                                                                                                                                    <customfield id="customfield_12314020" key="com.atlassian.jira.plugins.jira-development-integration-plugin:devsummary">
                        <customfieldname>Development</customfieldname>
                        <customfieldvalues>
                            
                        </customfieldvalues>
                    </customfield>
                                                                                                                        <customfield id="customfield_12313422" key="com.atlassian.jirafisheyeplugin:jobcheckbox">
                        <customfieldname>Enable Automatic Patch Review</customfieldname>
                        <customfieldvalues>
                            <customfieldvalue>false</customfieldvalue>

                        </customfieldvalues>
                    </customfield>
                                                                                                                                                                                                                                                                                                                                                                                                                                                                                                                                                                                                                                                <customfield id="customfield_12310420" key="com.pyxis.greenhopper.jira:gh-global-rank">
                        <customfieldname>Global Rank</customfieldname>
                        <customfieldvalues>
                            <customfieldvalue>154415</customfieldvalue>
                        </customfieldvalues>
                    </customfield>
                                                                                                                                                                                                                                                                                                                                                                                                                                                                        <customfield id="customfield_12311820" key="com.pyxis.greenhopper.jira:gh-lexo-rank">
                        <customfieldname>Rank</customfieldname>
                        <customfieldvalues>
                            <customfieldvalue>0|i0y80f:</customfieldvalue>

                        </customfieldvalues>
                    </customfield>
                                                                <customfield id="customfield_12310920" key="com.pyxis.greenhopper.jira:gh-global-rank">
                        <customfieldname>Rank (Obsolete)</customfieldname>
                        <customfieldvalues>
                            <customfieldvalue>197767</customfieldvalue>
                        </customfieldvalues>
                    </customfield>
                                                                                                                                                                                                                                                                                                                                                                                                                                                                                                                                                                                                                                                                                                                                                                                            </customfields>
    </item>


</channel>
</rss>