<rss version="0.92">
    <channel>
        <title>ASF JIRA</title>
        <link>https://issues.apache.org/jira/issues/?jql=project+%3D+NET+AND+type+%3D+bug+and+%28status+%3D+RESOLVED+or+status+%3D+closed%29</link>
        <description>An XML representation of a search request</description>
                <language>en-uk</language>
                        <issue start="0" end="464" total="464" />
                <build-info>
            <version>8.20.7</version>
            <build-number>820007</build-number>
            <build-date>16-03-2022</build-date>
        </build-info>

<item>
            <title>[NET-294] UnixFTPEntryParser fails to parse some entries</title>
                <link>https://issues.apache.org/jira/browse/NET-294</link>
                <project id="12310487" key="NET">Commons Net</project>
                    <description>&lt;p&gt;The regex does match the entry but the resulting groups are wrong for exemple, with&lt;/p&gt;
&lt;div class="code panel" style="border-width: 1px;"&gt;&lt;div class="codeContent panelContent"&gt;
&lt;pre class="code-java"&gt;-rwxrwx---   1 ftp      ftp-admin 816026400 Oct  5  2008 bloplab 7 cd1.img
&lt;/pre&gt;
&lt;/div&gt;&lt;/div&gt;
&lt;p&gt;the unix group name group will match "ftp-admin 816026400 Oct" file size group will match "5" first date group will match "2008 bloplab" then the year group will match "7" and the file name group will match "cd1.img"&lt;br/&gt;
in this listing :&lt;/p&gt;
&lt;div class="code panel" style="border-width: 1px;"&gt;&lt;div class="codeContent panelContent"&gt;
&lt;pre class="code-java"&gt;-rwxrwx---   1 ftp      ftp-admin      771 Oct  5  2008 bloplab 7 cd1.ccd
-rwxrwx---   1 ftp      ftp-admin       76 Oct  5  2008 bloplab 7 cd1.cue
-rwxrwx---   1 ftp      ftp-admin 816026400 Oct  5  2008 bloplab 7 cd1.img
-rwxrwx---   1 ftp      ftp-admin 33307200 Oct  5  2008 bloplab 7 cd1.sub
-rwxrwx---   1 ftp      ftp-admin      772 Oct  5  2008 bloplab 7 cd2.ccd
-rwxrwx---   1 ftp      ftp-admin       76 Oct  5  2008 bloplab 7 cd2.cue
-rwxrwx---   1 ftp      ftp-admin 413902608 Oct  5  2008 bloplab 7 cd2.img
-rwxrwx---   1 ftp      ftp-admin 16893984 Oct  5  2008 bloplab 7 cd2.sub
&lt;/pre&gt;
&lt;/div&gt;&lt;/div&gt;
&lt;p&gt;the 4 entries in which groupname and file size are only separated by one space wont be parsed properly, the others work&lt;/p&gt;</description>
                <environment />
        <key id="12435511">NET-294</key>
            <summary>UnixFTPEntryParser fails to parse some entries</summary>
                <type id="1" iconUrl="https://issues.apache.org/jira/secure/viewavatar?size=xsmall&amp;avatarId=21133&amp;avatarType=issuetype">Bug</type>
                                            <priority id="3" iconUrl="https://issues.apache.org/jira/images/icons/priorities/major.svg">Major</priority>
                        <status id="6" iconUrl="https://issues.apache.org/jira/images/icons/statuses/closed.png" description="The issue is considered finished, the resolution is correct. Issues which are not closed can be reopened.">Closed</status>
                    <statusCategory id="3" key="done" colorName="green" />
                                    <resolution id="1">Fixed</resolution>
                                        <assignee username="-1">Unassigned</assignee>
                                    <reporter username="gilwooden">Gilles Duboscq</reporter>
                        <labels>
                    </labels>
                <created>Sat, 12 Sep 2009 17:16:29 +0000</created>
                <updated>Sat, 4 Jun 2011 19:25:15 +0000</updated>
                            <resolved>Mon, 14 Sep 2009 00:36:59 +0000</resolved>
                                    <version>2.0</version>
                                    <fixVersion>2.2</fixVersion>
                                        <due />
                            <votes>0</votes>
                                    <watches>0</watches>
                                                                <comments>
                            <comment id="12754685" author="sebb@apache.org" created="Sun, 13 Sep 2009 12:36:56 +0000">&lt;p&gt;Add markup to ensure spaces are preserved in the listings&lt;/p&gt;</comment>
                            <comment id="12754687" author="sebb@apache.org" created="Sun, 13 Sep 2009 12:50:29 +0000">&lt;p&gt;Perhaps this could be solved by being stricter about the date formats that are allowed, e.g. insisting on a 4 digit year and 3 character month.&lt;/p&gt;</comment>
                            <comment id="12754693" author="gilwooden" created="Sun, 13 Sep 2009 13:20:29 +0000">&lt;p&gt;Indeed, enforcing a 3 char month and a 1 or 2 char day seem to go through all present JUnit tests and works with the case i submitted. See patch&lt;/p&gt;</comment>
                            <comment id="12754793" author="sebb@apache.org" created="Mon, 14 Sep 2009 00:19:08 +0000">&lt;p&gt;Thanks for the patch; added some unit tests and applied to 2.0 branch in:&lt;/p&gt;

&lt;p&gt;URL: &lt;a href="http://svn.apache.org/viewvc?rev=814446&amp;amp;view=rev" class="external-link" target="_blank" rel="nofollow noopener"&gt;http://svn.apache.org/viewvc?rev=814446&amp;amp;view=rev&lt;/a&gt;&lt;br/&gt;
Log:&lt;br/&gt;
&lt;a href="https://issues.apache.org/jira/browse/NET-294" title="UnixFTPEntryParser fails to parse some entries" class="issue-link" data-issue-key="NET-294"&gt;&lt;del&gt;NET-294&lt;/del&gt;&lt;/a&gt; UnixFTPEntryParser fails to parse some entries&lt;/p&gt;</comment>
                            <comment id="12754804" author="sebb@apache.org" created="Mon, 14 Sep 2009 00:36:59 +0000">&lt;p&gt;Same fix applied to trunk:&lt;/p&gt;

&lt;p&gt;URL: &lt;a href="http://svn.apache.org/viewvc?rev=814451&amp;amp;view=rev" class="external-link" target="_blank" rel="nofollow noopener"&gt;http://svn.apache.org/viewvc?rev=814451&amp;amp;view=rev&lt;/a&gt;&lt;br/&gt;
Log:&lt;br/&gt;
&lt;a href="https://issues.apache.org/jira/browse/NET-294" title="UnixFTPEntryParser fails to parse some entries" class="issue-link" data-issue-key="NET-294"&gt;&lt;del&gt;NET-294&lt;/del&gt;&lt;/a&gt; UnixFTPEntryParser fails to parse some entries&lt;/p&gt;</comment>
                    </comments>
                    <attachments>
                            <attachment id="12419419" name="UnixFTPEntryParser.java.patch" size="721" author="gilwooden" created="Sun, 13 Sep 2009 13:20:29 +0000" />
                    </attachments>
                <subtasks>
                    </subtasks>
                <customfields>
                                                                                                                                                                                                                                                                                                                                                                                                                                                                                                                                                                                                                                                                                                                    <customfield id="customfield_12314020" key="com.atlassian.jira.plugins.jira-development-integration-plugin:devsummary">
                        <customfieldname>Development</customfieldname>
                        <customfieldvalues>
                            
                        </customfieldvalues>
                    </customfield>
                                                                                                                        <customfield id="customfield_12313422" key="com.atlassian.jirafisheyeplugin:jobcheckbox">
                        <customfieldname>Enable Automatic Patch Review</customfieldname>
                        <customfieldvalues>
                            <customfieldvalue>false</customfieldvalue>

                        </customfieldvalues>
                    </customfield>
                                                                                                                                                                                                                                                                                                                                                                                                                                                                                                                                                                                                                                                <customfield id="customfield_12310420" key="com.pyxis.greenhopper.jira:gh-global-rank">
                        <customfieldname>Global Rank</customfieldname>
                        <customfieldvalues>
                            <customfieldvalue>72090</customfieldvalue>
                        </customfieldvalues>
                    </customfield>
                                                                                                                                                                                                                                                                                                                                                                                                                                                                        <customfield id="customfield_12311820" key="com.pyxis.greenhopper.jira:gh-lexo-rank">
                        <customfieldname>Rank</customfieldname>
                        <customfieldvalues>
                            <customfieldvalue>0|i0kutz:</customfieldvalue>

                        </customfieldvalues>
                    </customfield>
                                                                <customfield id="customfield_12310920" key="com.pyxis.greenhopper.jira:gh-global-rank">
                        <customfieldname>Rank (Obsolete)</customfieldname>
                        <customfieldvalues>
                            <customfieldvalue>119813</customfieldvalue>
                        </customfieldvalues>
                    </customfield>
                                                                                                                                                                                                                                                                                                                                                                                                                                                                                                                                                                                                                                                                                                                                                                                            </customfields>
    </item>


</channel>
</rss>