<rss version="0.92">
    <channel>
        <title>ASF JIRA</title>
        <link>https://issues.apache.org/jira/issues/?jql=project+%3D+NET+AND+type+%3D+bug+and+%28status+%3D+RESOLVED+or+status+%3D+closed%29</link>
        <description>An XML representation of a search request</description>
                <language>en-uk</language>
                        <issue start="0" end="464" total="464" />
                <build-info>
            <version>8.20.7</version>
            <build-number>820007</build-number>
            <build-date>16-03-2022</build-date>
        </build-info>

<item>
            <title>[NET-445] The method listFiles in FTPClient can not list these files which upload to FTP Server in Feb, 29 2012</title>
                <link>https://issues.apache.org/jira/browse/NET-445</link>
                <project id="12310487" key="NET">Commons Net</project>
                    <description>&lt;p&gt;Before Feb, 29 2012, the method listFiles() in FTPClient.class can list all files in FTP Server. But today, for any file which be uploaded to FTP Server in Feb, 29 2012, this API can not list these files. When I change the date of FTP Server(it is not Feb, 29 2012), this API can list all files in FTP Server also. &lt;/p&gt;</description>
                <environment />
        <key id="12544594">NET-445</key>
            <summary>The method listFiles in FTPClient can not list these files which upload to FTP Server in Feb, 29 2012</summary>
                <type id="1" iconUrl="https://issues.apache.org/jira/secure/viewavatar?size=xsmall&amp;avatarId=21133&amp;avatarType=issuetype">Bug</type>
                                            <priority id="3" iconUrl="https://issues.apache.org/jira/images/icons/priorities/major.svg">Major</priority>
                        <status id="6" iconUrl="https://issues.apache.org/jira/images/icons/statuses/closed.png" description="The issue is considered finished, the resolution is correct. Issues which are not closed can be reopened.">Closed</status>
                    <statusCategory id="3" key="done" colorName="green" />
                                    <resolution id="1">Fixed</resolution>
                                        <assignee username="-1">Unassigned</assignee>
                                    <reporter username="grandhkm">keming.hu</reporter>
                        <labels>
                    </labels>
                <created>Wed, 29 Feb 2012 11:55:49 +0000</created>
                <updated>Wed, 17 Apr 2013 19:57:38 +0000</updated>
                            <resolved>Sat, 14 Jul 2012 14:01:14 +0000</resolved>
                                    <version>3.0.1</version>
                                    <fixVersion>3.1</fixVersion>
                                    <component>FTP</component>
                        <due />
                            <votes>1</votes>
                                    <watches>1</watches>
                                                                <comments>
                            <comment id="13219204" author="sebb@apache.org" created="Wed, 29 Feb 2012 13:51:13 +0000">&lt;p&gt;NET uses SimpleDateFormat to parse short dates; however this does not work properly for Feb 29.&lt;br/&gt;
The current work-round fails for leap-years.&lt;/p&gt;

&lt;p&gt;&lt;span class="error"&gt;&amp;#91;Later&amp;#93;&lt;/span&gt; the problem with SimpleDateFormat is that it assumes the year is 1970 - which was not a leap year.&lt;br/&gt;
The workround is to append the current year to the short date before parsing.&lt;br/&gt;
This works fine if the current year is a leap year, as is true of 2012.&lt;br/&gt;
However, if the ftp server continues to display short dates after the end of 2012, the work-round will fail at the start of 2013.&lt;br/&gt;
Many ftp servers only display short dates for +/- 6 months; such servers will switch to long format dates for Feb 29 before the end of 2012, so won't be affected.&lt;/p&gt;</comment>
                            <comment id="13219244" author="sebb@apache.org" created="Wed, 29 Feb 2012 14:35:21 +0000">&lt;p&gt;Snapshots are regularly published - no guarantees!&lt;/p&gt;

&lt;p&gt;&lt;a href="https://repository.apache.org/content/groups/snapshots/commons-net/commons-net/3.2-SNAPSHOT/" class="external-link" target="_blank" rel="nofollow noopener"&gt;https://repository.apache.org/content/groups/snapshots/commons-net/commons-net/3.2-SNAPSHOT/&lt;/a&gt;&lt;/p&gt;

&lt;p&gt;It might be worth trying the latest one - commons-net-3.2-20120229.013133-18 - as some fixes were made recently that relate to leap year issues.&lt;/p&gt;</comment>
                            <comment id="13219371" author="dseki" created="Wed, 29 Feb 2012 18:00:57 +0000">&lt;p&gt;We had this problem today. I used the code from &lt;a href="https://issues.apache.org/jira/browse/NET-188" title="FTPClient#listFiles returns null element when file&amp;#39;s timestamp is &amp;quot;02/29&amp;quot;" class="issue-link" data-issue-key="NET-188"&gt;&lt;del&gt;NET-188&lt;/del&gt;&lt;/a&gt; and found out that the problem exists on versions 1.4.0 and 1.4.1. Checked versions 1.3.0, 2.0, 3.0 and 3.0.1 and the problem did not happen.&lt;/p&gt;

&lt;p&gt;Initially we suspected the version packaged in the application (1.3.0) but latter we found out the application server used version 1.4.1 and that it was being used before in the classpath. Make sure you are using the version you packaged.&lt;/p&gt;

&lt;p&gt;Btw, I tested different JVM's: Sun 1.5, Sun 1.6 and BEA 1.5.&lt;/p&gt;</comment>
                            <comment id="13219379" author="sebb@apache.org" created="Wed, 29 Feb 2012 18:17:16 +0000">&lt;p&gt;Note: the example ftp class can be used to test as follows:&lt;/p&gt;

&lt;div class="code panel" style="border-width: 1px;"&gt;&lt;div class="codeContent panelContent"&gt;
&lt;pre class="code-java"&gt;set CLASSPATH=commons-net-examples-3.1.jar;commons-net-3.1.jar
java examples/ftp/FTPClientExample -l host[:port] username password [directory]
&lt;/pre&gt;
&lt;/div&gt;&lt;/div&gt;</comment>
                            <comment id="13223634" author="jin023" created="Tue, 6 Mar 2012 20:34:08 +0000">&lt;p&gt;Just encountered this in production using version commons-net.1.4.1.jar Is this being addressed on the latest release ?&lt;br/&gt;
Thanks!&lt;/p&gt;</comment>
                            <comment id="13223647" author="sebb@apache.org" created="Tue, 6 Mar 2012 20:49:55 +0000">&lt;p&gt;Have you tried 3.1?&lt;/p&gt;

&lt;p&gt;I think the problem mentioned in my earlier comment only applies when the server date is not a leap year.&lt;br/&gt;
This is confirmed by the comment from Danilo.&lt;/p&gt;</comment>
                            <comment id="13235299" author="grandhkm" created="Thu, 22 Mar 2012 02:49:26 +0000">&lt;p&gt;In my project, I make sure to use commons-net-3.0.1.jar. For these files which were uploaded to FTP server in Feb,29 2012,the method of listFiles can obtain these files in the jar package&lt;/p&gt;</comment>
                    </comments>
                    <attachments>
                    </attachments>
                <subtasks>
                    </subtasks>
                <customfields>
                                                                                                                                                                                                                                                                                                                                                                                                                                                                                                                                                                                                                                                                                                                    <customfield id="customfield_12314020" key="com.atlassian.jira.plugins.jira-development-integration-plugin:devsummary">
                        <customfieldname>Development</customfieldname>
                        <customfieldvalues>
                            
                        </customfieldvalues>
                    </customfield>
                                                                                                                        <customfield id="customfield_12313422" key="com.atlassian.jirafisheyeplugin:jobcheckbox">
                        <customfieldname>Enable Automatic Patch Review</customfieldname>
                        <customfieldvalues>
                            <customfieldvalue>false</customfieldvalue>

                        </customfieldvalues>
                    </customfield>
                                                                                                                                                                                                                                                                                                                                                                                                                                                                                                                                                                                                                                                <customfield id="customfield_12310420" key="com.pyxis.greenhopper.jira:gh-global-rank">
                        <customfieldname>Global Rank</customfieldname>
                        <customfieldvalues>
                            <customfieldvalue>229780</customfieldvalue>
                        </customfieldvalues>
                    </customfield>
                                                                                                                                                                                                                                                                                                                                                                                                                                                                        <customfield id="customfield_12311820" key="com.pyxis.greenhopper.jira:gh-lexo-rank">
                        <customfieldname>Rank</customfieldname>
                        <customfieldvalues>
                            <customfieldvalue>0|i0j0lj:</customfieldvalue>

                        </customfieldvalues>
                    </customfield>
                                                                <customfield id="customfield_12310920" key="com.pyxis.greenhopper.jira:gh-global-rank">
                        <customfieldname>Rank (Obsolete)</customfieldname>
                        <customfieldvalues>
                            <customfieldvalue>109025</customfieldvalue>
                        </customfieldvalues>
                    </customfield>
                                                                                                                                                                                                                                                                                                                                                                                                                                                                                                                                                                                                                                                                                                                                                                                            </customfields>
    </item>


</channel>
</rss>