<rss version="0.92">
    <channel>
        <title>ASF JIRA</title>
        <link>https://issues.apache.org/jira/issues/?jql=project+%3D+NET+AND+type+%3D+bug+and+%28status+%3D+RESOLVED+or+status+%3D+closed%29</link>
        <description>An XML representation of a search request</description>
                <language>en-uk</language>
                        <issue start="0" end="464" total="464" />
                <build-info>
            <version>8.20.7</version>
            <build-number>820007</build-number>
            <build-date>16-03-2022</build-date>
        </build-info>

<item>
            <title>[NET-580] SMTPClient.sendSimpleMessage() silently ignores failed recipients</title>
                <link>https://issues.apache.org/jira/browse/NET-580</link>
                <project id="12310487" key="NET">Commons Net</project>
                    <description>&lt;p&gt;When SMTPClient.sendSimpleMessage() is used to send a message to multiple recipients, it ignores a failure to add a recipient as long as there is at least one successful recipient. This undocumented behaviour is unusual given that the API does not indicate which recipients were successful.&lt;/p&gt;</description>
                <environment />
        <key id="12858209">NET-580</key>
            <summary>SMTPClient.sendSimpleMessage() silently ignores failed recipients</summary>
                <type id="1" iconUrl="https://issues.apache.org/jira/secure/viewavatar?size=xsmall&amp;avatarId=21133&amp;avatarType=issuetype">Bug</type>
                                            <priority id="3" iconUrl="https://issues.apache.org/jira/images/icons/priorities/major.svg">Major</priority>
                        <status id="5" iconUrl="https://issues.apache.org/jira/images/icons/statuses/resolved.png" description="A resolution has been taken, and it is awaiting verification by reporter. From here issues are either reopened, or are closed.">Resolved</status>
                    <statusCategory id="3" key="done" colorName="green" />
                                    <resolution id="1">Fixed</resolution>
                                        <assignee username="-1">Unassigned</assignee>
                                    <reporter username="simonarlott">Simon Arlott</reporter>
                        <labels>
                    </labels>
                <created>Mon, 24 Aug 2015 06:50:21 +0000</created>
                <updated>Fri, 15 Apr 2016 19:14:34 +0000</updated>
                            <resolved>Fri, 15 Apr 2016 19:14:34 +0000</resolved>
                                    <version>3.3</version>
                                    <fixVersion>3.4</fixVersion>
                                    <component>SMTP</component>
                        <due />
                            <votes>0</votes>
                                    <watches>1</watches>
                                    <timeoriginalestimate seconds="3600">1h</timeoriginalestimate>
                            <timeestimate seconds="3600">1h</timeestimate>
                                        <comments>
                            <comment id="14708871" author="simonarlott" created="Mon, 24 Aug 2015 06:52:12 +0000">&lt;p&gt;Patch to return false if any recipient fails attached.&lt;/p&gt;</comment>
                            <comment id="14709016" author="sebb@apache.org" created="Mon, 24 Aug 2015 09:38:11 +0000">&lt;p&gt;Thanks for the patch.&lt;br/&gt;
I'm not sure it's safe to change the behaviour like this after so long (it has been like this since before 2.0)&lt;/p&gt;

&lt;p&gt;However it obviously makes sense to document the current behaviour.&lt;br/&gt;
And it would perhaps make sense to add a new method to support the new behaviour, though I'm not sure what failures are possible (apart from syntax errors in the email address).&lt;/p&gt;

</comment>
                            <comment id="14709078" author="sebb@apache.org" created="Mon, 24 Aug 2015 10:30:33 +0000">&lt;p&gt;URL: &lt;a href="http://svn.apache.org/r1697351" class="external-link" target="_blank" rel="nofollow noopener"&gt;http://svn.apache.org/r1697351&lt;/a&gt;&lt;br/&gt;
Log:&lt;br/&gt;
&lt;a href="https://issues.apache.org/jira/browse/NET-580" title="SMTPClient.sendSimpleMessage() silently ignores failed recipients" class="issue-link" data-issue-key="NET-580"&gt;&lt;del&gt;NET-580&lt;/del&gt;&lt;/a&gt; SMTPClient.sendSimpleMessage() silently ignores failed recipients&lt;br/&gt;
Update Javadoc&lt;/p&gt;

&lt;p&gt;Modified:&lt;br/&gt;
    commons/proper/net/trunk/src/changes/changes.xml&lt;br/&gt;
    commons/proper/net/trunk/src/main/java/org/apache/commons/net/smtp/SMTPClient.java&lt;/p&gt;</comment>
                            <comment id="15243438" author="sebb@apache.org" created="Fri, 15 Apr 2016 19:14:34 +0000">&lt;p&gt;It's an easy work-round so won't create the new method&lt;/p&gt;</comment>
                    </comments>
                    <attachments>
                            <attachment id="12751979" name="NET-580.patch" size="910" author="simonarlott" created="Mon, 24 Aug 2015 06:52:12 +0000" />
                    </attachments>
                <subtasks>
                    </subtasks>
                <customfields>
                                                                                                                                                                                                                                                                                                                                                                                                                                                                                                                                                                                                                                                                                                                    <customfield id="customfield_12314020" key="com.atlassian.jira.plugins.jira-development-integration-plugin:devsummary">
                        <customfieldname>Development</customfieldname>
                        <customfieldvalues>
                            
                        </customfieldvalues>
                    </customfield>
                                                                                                                        <customfield id="customfield_12313422" key="com.atlassian.jirafisheyeplugin:jobcheckbox">
                        <customfieldname>Enable Automatic Patch Review</customfieldname>
                        <customfieldvalues>
                            <customfieldvalue>false</customfieldvalue>

                        </customfieldvalues>
                    </customfield>
                                                                                                                                                                                                                                                                                                                                                                                    <customfield id="customfield_12310250" key="com.atlassian.jira.plugin.system.customfieldtypes:multicheckboxes">
                        <customfieldname>Flags</customfieldname>
                        <customfieldvalues>
                                <customfieldvalue key="10430">Patch</customfieldvalue>
    
                        </customfieldvalues>
                    </customfield>
                                                                                                                                                                                                                                                                                                <customfield id="customfield_12310420" key="com.pyxis.greenhopper.jira:gh-global-rank">
                        <customfieldname>Global Rank</customfieldname>
                        <customfieldvalues>
                            <customfieldvalue>9223372036854775807</customfieldvalue>
                        </customfieldvalues>
                    </customfield>
                                                                                                                                                                                                                                                                                                                                                                                                                                                                        <customfield id="customfield_12311820" key="com.pyxis.greenhopper.jira:gh-lexo-rank">
                        <customfieldname>Rank</customfieldname>
                        <customfieldvalues>
                            <customfieldvalue>0|i2j9rr:</customfieldvalue>

                        </customfieldvalues>
                    </customfield>
                                                                <customfield id="customfield_12310920" key="com.pyxis.greenhopper.jira:gh-global-rank">
                        <customfieldname>Rank (Obsolete)</customfieldname>
                        <customfieldvalues>
                            <customfieldvalue>9223372036854775807</customfieldvalue>
                        </customfieldvalues>
                    </customfield>
                                                                                                                                                                                                                                                                                                                                                                                                                                                                                                                                                                                                                                                                                                                                                                                            </customfields>
    </item>


</channel>
</rss>