<rss version="0.92">
    <channel>
        <title>ASF JIRA</title>
        <link>https://issues.apache.org/jira/issues/?jql=project+%3D+NET+AND+type+%3D+bug+and+%28status+%3D+RESOLVED+or+status+%3D+closed%29</link>
        <description>An XML representation of a search request</description>
                <language>en-uk</language>
                        <issue start="0" end="464" total="464" />
                <build-info>
            <version>8.20.7</version>
            <build-number>820007</build-number>
            <build-date>16-03-2022</build-date>
        </build-info>

<item>
            <title>[NET-249] FtpClient hangs 20 minutes in FTPClient.completePendingCommand from retrieveFile or listFiles</title>
                <link>https://issues.apache.org/jira/browse/NET-249</link>
                <project id="12310487" key="NET">Commons Net</project>
                    <description>&lt;p&gt;I have a Ftp Client with several connections in multi-thread that connects to a remote Ftp Server to list files and download new ones.&lt;/p&gt;

&lt;p&gt;After 3 minutes of runtime, I get a 20-minute timeout for all running Ftp connections.&lt;/p&gt;

&lt;p&gt;Here are the logs for 1 thread :&lt;/p&gt;
&lt;div class="preformatted panel" style="border-width: 1px;"&gt;&lt;div class="preformattedContent panelContent"&gt;
&lt;pre&gt;20090114 142216 (Command Sent Message): PASV
20090114 142216 (Reply Received Message): 227 Entering Passive Mode (10,250,10,116,224,172)
20090114 142216 (Command Sent Message): LIST /Dir1/Dir2/Dir3
20090114 142216 (Reply Received Message): 150 Opening BINARY mode data connection for /bin/ls.
20090114 142216 (Reply Received Message): 226 Transfer complete.
20090114 142216 (Command Sent Message): PASV
20090114 142216 (Reply Received Message): 227 Entering Passive Mode (10,250,10,116,138,240)
20090114 142216 (Command Sent Message): RETR /Dir1/Dir2/Dir3/File1
20090114 142216 (Reply Received Message): 150 Opening BINARY mode data connection for /Dir1/Dir2/Dir3/File1 (12364 bytes).
*** 20 minutes without any message ***
20090114 144216 (Reply Received Message): 426 Data connection: Interrupted system call.
20090114 144216 (Command Sent Message): PASV
20090114 144216 (Reply Received Message): 227 Entering Passive Mode (10,250,10,116,109,169)
20090114 144216 (Command Sent Message): RETR /Dir1/Dir2/Dir3/File1
20090114 144216 (Reply Received Message): 150 Opening BINARY mode data connection for /Dir1/Dir2/Dir3/File2 (12387 bytes).
20090114 144216 (Reply Received Message): 226 Transfer complete.
&lt;/pre&gt;
&lt;/div&gt;&lt;/div&gt;

&lt;p&gt;Here are the logs for another thread :&lt;/p&gt;
&lt;div class="preformatted panel" style="border-width: 1px;"&gt;&lt;div class="preformattedContent panelContent"&gt;
&lt;pre&gt;20090114 142216 (Command Sent Message): PASV
20090114 142216 (Reply Received Message): 227 Entering Passive Mode (10,250,10,116,174,233)
20090114 142216 (Command Sent Message): RETR /DirA/DirB/DirC/FileA
20090114 142216 (Reply Received Message): 150 Opening BINARY mode data connection for /DirA/DirB/DirC/FileA (14209 bytes).
20090114 142216 (Reply Received Message): 226 Transfer complete.
20090114 142216 (Command Sent Message): PASV
20090114 142216 (Reply Received Message): 227 Entering Passive Mode (10,250,10,116,202,81)
20090114 142216 (Command Sent Message): LIST /DirA/DirB/DirD
20090114 142216 (Reply Received Message): 150 Opening BINARY mode data connection for /bin/ls.
*** 20 minutes without any message ***
20090114 144216 (Reply Received Message): 426 Data connection: Interrupted system call.
20090114 144216 (Command Sent Message): PASV
20090114 144216 (Reply Received Message): 227 Entering Passive Mode (10,250,10,116,11,16)
20090114 144216 (Command Sent Message): RETR /DirA/DirB/DirD/FileB
20090114 144216 (Reply Received Message): 150 Opening BINARY mode data connection for /DirA/DirB/DirD/FileB (14145 bytes).
&lt;/pre&gt;
&lt;/div&gt;&lt;/div&gt;

&lt;p&gt;So it happens during LIST or during RETR command.&lt;/p&gt;

&lt;p&gt;The issue is always reproducible when connecting to this Ftp server.&lt;/p&gt;

&lt;p&gt;What is the meaning of the error message "426 Data connection: Interrupted system call." ?&lt;/p&gt;


&lt;p&gt;Here are the stack-traces where the FtpClient is blocked during 20 minutes.&lt;/p&gt;

&lt;p&gt;For 1st connection :&lt;/p&gt;
&lt;div class="preformatted panel" style="border-width: 1px;"&gt;&lt;div class="preformattedContent panelContent"&gt;
&lt;pre&gt;Stack 30 - Wed Jan 14 14:40:00 CET 2009
"FTPMediationTask" prio=3 tid=0x00aac800 nid=0x156 runnable [0x6877e000..0x6877fb70]
   java.lang.Thread.State: RUNNABLE
	at java.net.SocketInputStream.socketRead0(Native Method)
	at java.net.SocketInputStream.read(SocketInputStream.java:129)
	at sun.nio.cs.StreamDecoder.readBytes(StreamDecoder.java:264)
	at sun.nio.cs.StreamDecoder.implRead(StreamDecoder.java:306)
	at sun.nio.cs.StreamDecoder.read(StreamDecoder.java:158)
	- locked &amp;lt;0x8fc23880&amp;gt; (a java.io.InputStreamReader)
	at java.io.InputStreamReader.read(InputStreamReader.java:167)
	at java.io.BufferedReader.fill(BufferedReader.java:136)
	at java.io.BufferedReader.readLine(BufferedReader.java:299)
	- locked &amp;lt;0x8fc23880&amp;gt; (a java.io.InputStreamReader)
	at java.io.BufferedReader.readLine(BufferedReader.java:362)
	at org.apache.commons.net.ftp.FTP.__getReply(FTP.java:294)
	at org.apache.commons.net.ftp.FTP.getReply(FTP.java:619)
	at org.apache.commons.net.ftp.FTPClient.completePendingCommand(FTPClient.java:1244)
	at org.apache.commons.net.ftp.FTPClient.initiateListParsing(FTPClient.java:2309)
	at org.apache.commons.net.ftp.FTPClient.initiateListParsing(FTPClient.java:2269)
	at org.apache.commons.net.ftp.FTPClient.listFiles(FTPClient.java:2046)
[...]
	at java.util.concurrent.ThreadPoolExecutor$Worker.runTask(ThreadPoolExecutor.java:885)
	at java.util.concurrent.ThreadPoolExecutor$Worker.run(ThreadPoolExecutor.java:907)
	at java.lang.Thread.run(Thread.java:619)
&lt;/pre&gt;
&lt;/div&gt;&lt;/div&gt;

&lt;p&gt;And for the second connection :&lt;/p&gt;
&lt;div class="preformatted panel" style="border-width: 1px;"&gt;&lt;div class="preformattedContent panelContent"&gt;
&lt;pre&gt;Stack 27 - Wed Jan 14 14:37:00 CET 2009
"FTPMediationTask" prio=3 tid=0x0140b800 nid=0xe7 runnable [0x6967e000..0x6967f8f0]
   java.lang.Thread.State: RUNNABLE
	at java.net.SocketInputStream.socketRead0(Native Method)
	at java.net.SocketInputStream.read(SocketInputStream.java:129)
	at sun.nio.cs.StreamDecoder.readBytes(StreamDecoder.java:264)
	at sun.nio.cs.StreamDecoder.implRead(StreamDecoder.java:306)
	at sun.nio.cs.StreamDecoder.read(StreamDecoder.java:158)
	- locked &amp;lt;0x7ea6cd20&amp;gt; (a java.io.InputStreamReader)
	at java.io.InputStreamReader.read(InputStreamReader.java:167)
	at java.io.BufferedReader.fill(BufferedReader.java:136)
	at java.io.BufferedReader.readLine(BufferedReader.java:299)
	- locked &amp;lt;0x7ea6cd20&amp;gt; (a java.io.InputStreamReader)
	at java.io.BufferedReader.readLine(BufferedReader.java:362)
	at org.apache.commons.net.ftp.FTP.__getReply(FTP.java:294)
	at org.apache.commons.net.ftp.FTP.getReply(FTP.java:619)
	at org.apache.commons.net.ftp.FTPClient.completePendingCommand(FTPClient.java:1244)
	at org.apache.commons.net.ftp.FTPClient.retrieveFile(FTPClient.java:1301)
[...]
	at java.util.concurrent.ThreadPoolExecutor$Worker.runTask(ThreadPoolExecutor.java:885)
	at java.util.concurrent.ThreadPoolExecutor$Worker.run(ThreadPoolExecutor.java:907)
	at java.lang.Thread.run(Thread.java:619)
&lt;/pre&gt;
&lt;/div&gt;&lt;/div&gt;

&lt;p&gt;The issue originally happened on commons-net 1.4, but I have upgraded to 2.0, and the issue is still there.&lt;/p&gt;


&lt;p&gt;Here is the normal configuration :&lt;br/&gt;
Client1 connects to FtpServer to download files -&amp;gt; No issue&lt;br/&gt;
Client2 connects to FtpServer to download files -&amp;gt; 20-min timeout issue&lt;br/&gt;
(Client1 and Client2 are 2 different servers)&lt;/p&gt;

&lt;p&gt;But when I try : Client2 connects to Client1 (instead of FtpServer) to download files -&amp;gt; No issue&lt;/p&gt;

&lt;p&gt;Please help me find out a workaround or tell me if this is a bug in commons-net, or on remote FtpServer (but this would be strange, because Client1 has no issue)&lt;/p&gt;

&lt;p&gt;Thanks in advance&lt;/p&gt;</description>
                <environment>&lt;p&gt;Client and Server running on Solaris 9&lt;/p&gt;</environment>
        <key id="12412388">NET-249</key>
            <summary>FtpClient hangs 20 minutes in FTPClient.completePendingCommand from retrieveFile or listFiles</summary>
                <type id="1" iconUrl="https://issues.apache.org/jira/secure/viewavatar?size=xsmall&amp;avatarId=21133&amp;avatarType=issuetype">Bug</type>
                                            <priority id="3" iconUrl="https://issues.apache.org/jira/images/icons/priorities/major.svg">Major</priority>
                        <status id="6" iconUrl="https://issues.apache.org/jira/images/icons/statuses/closed.png" description="The issue is considered finished, the resolution is correct. Issues which are not closed can be reopened.">Closed</status>
                    <statusCategory id="3" key="done" colorName="green" />
                                    <resolution id="5">Cannot Reproduce</resolution>
                                        <assignee username="-1">Unassigned</assignee>
                                    <reporter username="davidt">David Tavoularis</reporter>
                        <labels>
                    </labels>
                <created>Wed, 14 Jan 2009 16:38:04 +0000</created>
                <updated>Sun, 18 Sep 2011 11:24:44 +0000</updated>
                            <resolved>Sun, 18 Sep 2011 11:24:44 +0000</resolved>
                                    <version>1.4</version>
                    <version>2.0</version>
                                                    <component>FTP</component>
                        <due />
                            <votes>2</votes>
                                    <watches>0</watches>
                                                                <comments>
                            <comment id="12695518" author="gillouxgaillard@wanadoo.fr" created="Fri, 3 Apr 2009 17:56:44 +0000">&lt;ul class="alternate" type="square"&gt;
	&lt;li&gt;If you use 2.0, you should, set timeouts for connections and transfers.&lt;/li&gt;
	&lt;li&gt;if you are polling the FTP server, you should also keep open the FTP sessions and reuse them (and not close them asap, only close them after some timeout period if they are not reused).&lt;/li&gt;
&lt;/ul&gt;

</comment>
                            <comment id="13009530" author="sebb@apache.org" created="Tue, 22 Mar 2011 03:07:08 +0000">&lt;p&gt;Fix formatting&lt;/p&gt;</comment>
                            <comment id="13107411" author="bogdro" created="Sun, 18 Sep 2011 10:43:14 +0000">&lt;p&gt;Perhaps timing and synchronization plays a role here? Try the ftp-synchro.diff patch from &lt;a href="https://issues.apache.org/jira/browse/NET-419" title="Not possible to call FTPClient.abort() method correctly" class="issue-link" data-issue-key="NET-419"&gt;NET-419&lt;/a&gt; and let us know.&lt;/p&gt;</comment>
                            <comment id="13107415" author="davidt" created="Sun, 18 Sep 2011 11:24:44 +0000">&lt;p&gt;Our customer moved to SFTP, which seems more reliable, so I can no longer provide feedback on this issue. I prefer to close it. Thanks anyway for your help.&lt;/p&gt;</comment>
                    </comments>
                    <attachments>
                    </attachments>
                <subtasks>
                    </subtasks>
                <customfields>
                                                                                                                                                                                                                                                                                                                                                                                                                                                                                                                                                                                                                                                                                                                    <customfield id="customfield_12314020" key="com.atlassian.jira.plugins.jira-development-integration-plugin:devsummary">
                        <customfieldname>Development</customfieldname>
                        <customfieldvalues>
                            
                        </customfieldvalues>
                    </customfield>
                                                                                                                        <customfield id="customfield_12313422" key="com.atlassian.jirafisheyeplugin:jobcheckbox">
                        <customfieldname>Enable Automatic Patch Review</customfieldname>
                        <customfieldvalues>
                            <customfieldvalue>false</customfieldvalue>

                        </customfieldvalues>
                    </customfield>
                                                                                                                                                                                                                                                                                                                                                                                                                                                                                                                                                                                                                                                <customfield id="customfield_12310420" key="com.pyxis.greenhopper.jira:gh-global-rank">
                        <customfieldname>Global Rank</customfieldname>
                        <customfieldvalues>
                            <customfieldvalue>60279</customfieldvalue>
                        </customfieldvalues>
                    </customfield>
                                                                                                                                                                                                                                                                                                                                                                                                                                                                        <customfield id="customfield_12311820" key="com.pyxis.greenhopper.jira:gh-lexo-rank">
                        <customfieldname>Rank</customfieldname>
                        <customfieldvalues>
                            <customfieldvalue>0|i0ycjj:</customfieldvalue>

                        </customfieldvalues>
                    </customfield>
                                                                <customfield id="customfield_12310920" key="com.pyxis.greenhopper.jira:gh-global-rank">
                        <customfieldname>Rank (Obsolete)</customfieldname>
                        <customfieldvalues>
                            <customfieldvalue>198501</customfieldvalue>
                        </customfieldvalues>
                    </customfield>
                                                                                                                                                                                                                                                                                                                                                                                                                                                                                                                                                                                                                                                                                                                                                                                            </customfields>
    </item>


</channel>
</rss>