<rss version="0.92">
    <channel>
        <title>ASF JIRA</title>
        <link>https://issues.apache.org/jira/issues/?jql=project+%3D+NET+AND+type+%3D+bug+and+%28status+%3D+RESOLVED+or+status+%3D+closed%29</link>
        <description>An XML representation of a search request</description>
                <language>en-uk</language>
                        <issue start="0" end="464" total="464" />
                <build-info>
            <version>8.20.7</version>
            <build-number>820007</build-number>
            <build-date>16-03-2022</build-date>
        </build-info>

<item>
            <title>[NET-12] [net] FTPClient.retrieveFile() results in 0 byte files</title>
                <link>https://issues.apache.org/jira/browse/NET-12</link>
                <project id="12310487" key="NET">Commons Net</project>
                    <description>&lt;p&gt;FTPClient's retrieveFile() always returns false and results in 0 byte files&lt;br/&gt;
FTPClient's completePendingCommand() always never returns when uncommented out&lt;br/&gt;
Attempted client on Win2000 and Server on HPUX 11&lt;img class="emoticon" src="https://issues.apache.org/jira/images/icons/emoticons/help_16.png" height="16" width="16" align="absmiddle" alt="" border="0"/&gt;, also client and server &lt;br/&gt;
both on HPUX.&lt;/p&gt;

&lt;p&gt;/lib contains commons-net-1.4.0.jar and jakarta-oro-2.0.8.jar.&lt;/p&gt;

&lt;p&gt;Thanks,&lt;br/&gt;
Steve&lt;/p&gt;

&lt;p&gt;Relative Source Code:&lt;/p&gt;

&lt;p&gt;import org.apache.commons.net.ftp.*;&lt;/p&gt;

&lt;p&gt;import java.io.BufferedInputStream;&lt;br/&gt;
import java.io.BufferedOutputStream;&lt;br/&gt;
import java.io.File;&lt;br/&gt;
import java.io.FileOutputStream;&lt;br/&gt;
import java.io.PrintWriter;&lt;br/&gt;
import java.rmi.dgc.VMID;&lt;br/&gt;
import java.text.DateFormat;&lt;br/&gt;
import java.util.Calendar;&lt;br/&gt;
import java.util.GregorianCalendar;&lt;br/&gt;
import java.util.Date;&lt;br/&gt;
import java.util.zip.ZipEntry;&lt;br/&gt;
import java.util.zip.ZipOutputStream;&lt;/p&gt;

&lt;p&gt;	private void get(Calendar criteriaDateTime) throws Exception {&lt;/p&gt;

&lt;p&gt;    	FTPClient ftp = null;&lt;br/&gt;
    	FTPFile[] serverFiles = null;&lt;br/&gt;
    	boolean isLoggedIn = false;&lt;br/&gt;
		Exception exception = null;&lt;/p&gt;

&lt;p&gt;		Date serverFileDate;&lt;/p&gt;

&lt;p&gt;		try {&lt;br/&gt;
	    	// Connect and logon to FTP Server&lt;br/&gt;
			ftp = new FTPClient();&lt;br/&gt;
			ftp.connect(server);&lt;br/&gt;
			isLoggedIn = ftp.login(userId, password);&lt;br/&gt;
			if (!FTPReply.isPositiveCompletion(ftp.getReplyCode()))&lt;/p&gt;
{
				throw new Exception("FTP server refused 
connection.");
			}
&lt;p&gt;			Logger.log("ftp post-login reply: " + ftp.getReplyString&lt;br/&gt;
());&lt;/p&gt;

&lt;p&gt;			// Use passive mode assuming we are behind a firewall.&lt;br/&gt;
			ftp.enterLocalPassiveMode();&lt;br/&gt;
			// default to binary transfer&lt;br/&gt;
			ftp.setFileType(FTP.BINARY_FILE_TYPE);&lt;/p&gt;

&lt;p&gt;			Logger.log("ftp status: " + ftp.getStatus());&lt;/p&gt;

&lt;p&gt;			// get list of files in FTP server directory&lt;br/&gt;
			FTPListParseEngine engine = ftp.initiateListParsing&lt;br/&gt;
(serverDirectory);&lt;/p&gt;

&lt;p&gt;		    if(engine.hasNext()) {&lt;br/&gt;
		    	serverFiles = engine.getFiles();&lt;br/&gt;
				Logger.log("Number of files in server &lt;br/&gt;
directory: " + serverFiles.length);&lt;/p&gt;

&lt;p&gt;				// what if the file is removed by another &lt;br/&gt;
process?&lt;/p&gt;

&lt;p&gt;				for (int i = 0; i &amp;lt; serverFiles.length; i++) {&lt;/p&gt;

&lt;p&gt;					if(serverFiles&lt;span class="error"&gt;&amp;#91;i&amp;#93;&lt;/span&gt;.isFile()){&lt;br/&gt;
						serverFileDate = serverFiles&lt;br/&gt;
&lt;span class="error"&gt;&amp;#91;i&amp;#93;&lt;/span&gt;.getTimestamp().getTime();&lt;/p&gt;

&lt;p&gt;						// select files form the server &lt;br/&gt;
if file attributes have not changed in x seconds&lt;br/&gt;
						if (serverFileDate.compareTo&lt;br/&gt;
(criteriaDateTime.getTime()) &amp;lt;= 0) {&lt;br/&gt;
							if(isZipClientFile)&lt;/p&gt;
{
								doFtpZip(ftp, 
serverFiles[i]);
							}
&lt;p&gt;							else&lt;/p&gt;
{
								doFtpOnly(ftp, 
serverFiles[i]);
							}

&lt;p&gt;							// delete server file &lt;br/&gt;
if requested&lt;br/&gt;
							if(isDeleteServerFile)&lt;/p&gt;
{
								ftp.deleteFile
(serverFiles[i].getName());
							}
&lt;p&gt;						}&lt;br/&gt;
					}&lt;br/&gt;
				}&lt;br/&gt;
		    }&lt;/p&gt;

&lt;p&gt;		} catch (Exception e) &lt;/p&gt;
{
            Logger.handleError(this.getClass().getName(), "get", e);
			exception = e;
		}
&lt;p&gt;		finally{&lt;br/&gt;
			// Logout and disconnect from the FTP Server &lt;br/&gt;
			if(ftp != null)&lt;/p&gt;
{
				if(isLoggedIn)
					ftp.logout();
				if(ftp.isConnected())
					ftp.disconnect();
			}
&lt;p&gt;		}&lt;br/&gt;
		if(exception != null)&lt;/p&gt;
{
			throw exception;
		}&lt;br/&gt;
	}&lt;br/&gt;
&lt;br/&gt;
	private void doFtpOnly(FTPClient ftp, FTPFile serverFile) throws &lt;br/&gt;
Exception {&lt;br/&gt;
&lt;br/&gt;
		DateFormat df = DateFormat.getDateInstance(DateFormat.SHORT);&lt;br/&gt;
		int count;&lt;br/&gt;
		byte data[] = new byte&lt;span class="error"&gt;&amp;#91;BUFFER&amp;#93;&lt;/span&gt;;&lt;br/&gt;
		FileOutputStream fos = null;&lt;br/&gt;
		Exception exception = null;&lt;br/&gt;
&lt;br/&gt;
		try{&lt;br/&gt;
			Logger.log("FTP Download: " +&lt;br/&gt;
					serverFile.getName() +&lt;br/&gt;
					" with timestamp " +&lt;br/&gt;
					df.format(serverFile.getTimestamp&lt;br/&gt;
().getTime()));&lt;br/&gt;
			&lt;br/&gt;
			fos = new FileOutputStream(&lt;br/&gt;
					clientDirectory +&lt;br/&gt;
					File.separator +&lt;br/&gt;
					serverFile.getName());&lt;br/&gt;
			&lt;br/&gt;
			// stream the ftp contents into an inputstream&lt;br/&gt;
			// this always returns false&lt;br/&gt;
			if(!ftp.retrieveFile(serverFile.getName(), fos)){
				// throw new Exception("false return from 
ftp.retrieveFile()");
				Logger.log("false return from ftp.retrieveFile
()");
			}&lt;br/&gt;
			/*  this command freezes every time when running on &lt;br/&gt;
Windows */&lt;br/&gt;
			Logger.log("to ftp.completePendingCommand()");&lt;br/&gt;
			if(!ftp.completePendingCommand()){
				throw new Exception("completePendingCommand() 
returned false");
			}&lt;br/&gt;
			Logger.log("did ftp.completePendingCommand()");&lt;br/&gt;
		}&lt;br/&gt;
		catch(Exception e){
            Logger.handleError(this.getClass().getName(), "doFtpOnly", e);
			exception = e;
		}&lt;br/&gt;
		finally{
			// close input stream
			if(fos != null)
				fos.close();
			Logger.log("FTP end");
		}&lt;br/&gt;
		if(exception != null){			throw exception;		}
&lt;p&gt;	}&lt;/p&gt;</description>
                <environment>&lt;p&gt;Operating System: HP-UX&lt;br/&gt;
Platform: HP&lt;/p&gt;</environment>
        <key id="12342291">NET-12</key>
            <summary>[net] FTPClient.retrieveFile() results in 0 byte files</summary>
                <type id="1" iconUrl="https://issues.apache.org/jira/secure/viewavatar?size=xsmall&amp;avatarId=21133&amp;avatarType=issuetype">Bug</type>
                                            <priority id="3" iconUrl="https://issues.apache.org/jira/images/icons/priorities/major.svg">Major</priority>
                        <status id="6" iconUrl="https://issues.apache.org/jira/images/icons/statuses/closed.png" description="The issue is considered finished, the resolution is correct. Issues which are not closed can be reopened.">Closed</status>
                    <statusCategory id="3" key="done" colorName="green" />
                                    <resolution id="4">Incomplete</resolution>
                                        <assignee username="-1">Unassigned</assignee>
                                    <reporter username="steven.levander@infores.com">Steven LeVander</reporter>
                        <labels>
                    </labels>
                <created>Wed, 8 Jun 2005 11:03:21 +0000</created>
                <updated>Thu, 20 Sep 2007 05:31:03 +0000</updated>
                            <resolved>Sun, 27 Aug 2006 14:22:31 +0000</resolved>
                                    <version>1.4</version>
                                                        <due />
                            <votes>0</votes>
                                    <watches>0</watches>
                                                                <comments>
                            <comment id="12409510" author="scohen@apache.org" created="Wed, 8 Jun 2005 20:21:36 +0000">&lt;p&gt;Why are you calling completePendingCommand()?  That call is already being made&lt;br/&gt;
from within retrieveFile(), where it is apparently returning false.  But we need&lt;br/&gt;
to find out why.  So instead of this:&lt;/p&gt;

&lt;p&gt;logger.log("false return from ftp.retrieveFile()");&lt;/p&gt;

&lt;p&gt;try&lt;/p&gt;

&lt;p&gt;logger.log("false return from ftp.retrieveFile() - code " + ftp.getReplyCode());&lt;/p&gt;

&lt;p&gt;to see what is going on under the covers.&lt;/p&gt;

&lt;p&gt;How do I know this is getting called?  After all, there is an early return from&lt;br/&gt;
the retrieveFile() function.  How do I know we're not returning there?  Because&lt;br/&gt;
a directory entry is being created on your local file system.&lt;/p&gt;



</comment>
                            <comment id="12409511" author="steven.levander@infores.com" created="Thu, 9 Jun 2005 03:25:19 +0000">&lt;p&gt;Removed completePendingCommand() snippet.&lt;br/&gt;
Added ftp.getReplyCode() to log output at ftp.retrieveFile().&lt;br/&gt;
Compiled and ran under jdk 1.4.2.&lt;br/&gt;
Test is for Windows 2000 client and HP-UX server.&lt;br/&gt;
Here is the log output:&lt;/p&gt;

&lt;p&gt;&amp;lt;log&amp;gt;2005-06-08 14:11:41 Starting GET deamon&amp;lt;/log&amp;gt;&lt;br/&gt;
&amp;lt;log&amp;gt;2005-06-08 14:11:56 ftp post-login reply: 230 User tsstl logged in.&lt;br/&gt;
&amp;lt;/log&amp;gt;&lt;br/&gt;
&amp;lt;log&amp;gt;2005-06-08 14:11:56 ftp status: 211-condor.infores.com FTP server status:&lt;br/&gt;
     Revision 1.1 Version wuftpd-2.6.1 Tue Jul 15 07:42:07 GMT 2003&lt;br/&gt;
     Connected to ::ffff:10.25.13.168 (::ffff:10.25.13.168)&lt;br/&gt;
     Logged in as tsstl&lt;br/&gt;
     Commands and data are sent in a non-secure manner     TYPE: Image; &lt;br/&gt;
STRUcture: File; transfer MODE: Stream&lt;br/&gt;
     No data connection&lt;br/&gt;
     0 data bytes received in 0 files&lt;br/&gt;
     0 data bytes transmitted in 0 files&lt;br/&gt;
     0 data bytes total in 0 files&lt;br/&gt;
     39 traffic bytes received in 0 transfers&lt;br/&gt;
     605 traffic bytes transmitted in 0 transfers&lt;br/&gt;
     693 traffic bytes total in 0 transfers&lt;br/&gt;
211 End of status&lt;br/&gt;
&amp;lt;/log&amp;gt;&lt;br/&gt;
&amp;lt;log&amp;gt;2005-06-08 14:11:58 Number of files in server directory: 12&amp;lt;/log&amp;gt;&lt;br/&gt;
&amp;lt;log&amp;gt;2005-06-08 14:12:01 FTP Download: SegBasketCnt.inc with timestamp &lt;br/&gt;
6/6/05&amp;lt;/log&amp;gt;&lt;br/&gt;
&amp;lt;log&amp;gt;2005-06-08 14:12:08 false return from ftp.retrieveFile() - replyCode &lt;br/&gt;
550&amp;lt;/log&amp;gt;&lt;br/&gt;
...&lt;span class="error"&gt;&amp;#91;each of remaining 11 files get the same replyCode&amp;#93;&lt;/span&gt;&lt;br/&gt;
&amp;lt;log&amp;gt;2005-06-08 14:12:40 FTP end&amp;lt;/log&amp;gt;&lt;br/&gt;
&amp;lt;log&amp;gt;2005-06-08 14:15:32 Stopping GET deamon&amp;lt;/log&amp;gt;&lt;br/&gt;
return code: 0&lt;/p&gt;

&lt;p&gt;Steve&lt;/p&gt;</comment>
                            <comment id="12409512" author="steven.levander@infores.com" created="Thu, 9 Jun 2005 03:51:33 +0000">&lt;p&gt;reply code 550 is perplexing.  I can use the same params from a manual ftp &lt;br/&gt;
session...&lt;/p&gt;

&lt;p&gt;Steve&lt;/p&gt;</comment>
                            <comment id="12409513" author="scohen@apache.org" created="Thu, 9 Jun 2005 10:17:55 +0000">&lt;p&gt;Are you positive your username and password are the same in the manual ftp&lt;br/&gt;
session, and the commons-net ftp session? &lt;/p&gt;

&lt;p&gt;550 means something like&lt;br/&gt;
"Requested action not taken. File unavailable (e.g., file not found, no&lt;br/&gt;
access)."  So that does suggest a permissions problem, although it's difficult&lt;br/&gt;
to understand why your manual session succeeds.&lt;/p&gt;

&lt;p&gt;So the only solution is more debugging.&lt;/p&gt;

&lt;p&gt;Try this at the top of your try block in doFtpOnly():&lt;br/&gt;
logger.log(serverFile.getRawListing());&lt;/p&gt;

&lt;p&gt;This will show you the raw file listing that you would have seen running the ls&lt;br/&gt;
command in a manual session.  Look at the file permissions.  Does this offer any&lt;br/&gt;
clues?&lt;/p&gt;



</comment>
                            <comment id="12409514" author="steven.levander@infores.com" created="Thu, 9 Jun 2005 11:26:36 +0000">&lt;p&gt;So, it's not always a code problem, is it?  Perhaps this is case here.  The &lt;br/&gt;
word from one of our ftp experts: "ftp reads only from terminal input as &lt;br/&gt;
security feature... need to use .netrc and .rhosts files in Unix home directory &lt;br/&gt;
with access via chmod only for the user...".  Is this type of thing possible &lt;br/&gt;
only from a unix shell script, or can this be accomplished by the Commons Net &lt;br/&gt;
library also?  (I know the info is a little fuzzy...)   Steve&lt;/p&gt;</comment>
                            <comment id="12409515" author="scohen@apache.org" created="Thu, 9 Jun 2005 20:24:21 +0000">&lt;p&gt;Yes, there's something going on on the server, and your code, with the exception&lt;br/&gt;
of the unneeded completePendingCommand() call looks okay.  By the way, did&lt;br/&gt;
getting rid of that remove the hang problem?&lt;/p&gt;

&lt;p&gt;Now we're talking about ftp server setup, which is outside my area of expertise,&lt;br/&gt;
and not something one can easily change on the client side, where commons-net&lt;br/&gt;
lives.  Nor does it account for why you're able to retrieve via an ftp program,&lt;br/&gt;
still a mystery to me.  As for "reading from terminal input as a security&lt;br/&gt;
measure" feel free to have a look at the source for the "guts" of commons-net&lt;br/&gt;
ftp (the classes FTP and TelnetClient, on which FTPClient is based) and you will&lt;br/&gt;
see that it is in fact programmed to look to the server as a terminal looks. &lt;br/&gt;
Commons-net ftp is widely used, for example in the &amp;lt;ftp&amp;gt; task of Ant and should&lt;br/&gt;
be able to handle what you've got here.&lt;/p&gt;

&lt;p&gt;I would still like you to try my previous suggestion about logging the raw&lt;br/&gt;
listing so we can see what's really going on here.  I still believe it may be a&lt;br/&gt;
permissions problem.  And to be absolutely sure, you haven't answered this yet,&lt;br/&gt;
are you using the same login parameters in the manual system as with commons-net?&lt;/p&gt;
</comment>
                            <comment id="12430862" author="rwinston@eircom.net" created="Sun, 27 Aug 2006 14:22:31 +0000">&lt;p&gt;This issue would require more info to decide whether it is an actual bug or not.&lt;/p&gt;</comment>
                            <comment id="12528144" author="pablo22_00" created="Mon, 17 Sep 2007 20:23:35 +0000">&lt;p&gt;I've got the exact same issue.&lt;/p&gt;

&lt;p&gt;I'm sure the connection is established because I get a list of files. I've read somewhere else that it can be fixed by using JRE 1.4 (I'm using JRE 1.5).&lt;/p&gt;

&lt;p&gt;I'm using commons-net-1.4.1.jar, but I've also tried commons-net-20070730, commons-net-1.4.0 and commons-net-1.3.0 with no luck.&lt;/p&gt;</comment>
                            <comment id="12528154" author="rwinston@eircom.net" created="Mon, 17 Sep 2007 21:09:36 +0000">&lt;p&gt;Pablo&lt;/p&gt;

&lt;p&gt;Can you provide a raw listing of server output? Otherwise, its pretty difficult to guess what the problem is.&lt;/p&gt;

&lt;p&gt;Also, have you tried commons-net 2.0 RC2?&lt;/p&gt;</comment>
                            <comment id="12528386" author="pablo22_00" created="Tue, 18 Sep 2007 14:04:28 +0000">&lt;p&gt;Rory&lt;/p&gt;

&lt;p&gt;I'm using it in a desktop application so there's no server output. &lt;/p&gt;

&lt;p&gt;I'm not sure what output I could get for you. So, please be more specific.&lt;/p&gt;

&lt;p&gt;Regarding commons-net 2.0... what's the URL for downloading it?&lt;/p&gt;</comment>
                            <comment id="12528387" author="pablo22_00" created="Tue, 18 Sep 2007 14:08:12 +0000">&lt;p&gt;One thing, before calling retrieveFile() I have a getStatus() call.&lt;/p&gt;

&lt;p&gt;The output is this one:&lt;br/&gt;
211-xxxxxxx.com FTP server status:&lt;br/&gt;
     Version 4.1 Thu Dec 7 16:20:00 CST 2006&lt;br/&gt;
     Connected to 9.18.126.91 (::ffff:9.18.126.91)&lt;br/&gt;
     Logged in as xxxxxx&lt;/p&gt;

&lt;p&gt;     No data connection&lt;/p&gt;

&lt;p&gt;211 End of Status&lt;/p&gt;



&lt;p&gt;Is it normal to get a "No data connection" there?&lt;/p&gt;</comment>
                            <comment id="12528748" author="pablo22_00" created="Wed, 19 Sep 2007 12:55:15 +0000">&lt;p&gt;Rory,&lt;/p&gt;

&lt;p&gt;By reading the code I think the problem might be with either:&lt;br/&gt;
if ((socket = &lt;em&gt;openDataConnection&lt;/em&gt;(FTPCommand.RETR, remote)) == null)&lt;br/&gt;
            return false;&lt;/p&gt;

&lt;p&gt;or the last line that says:&lt;br/&gt;
        return completePendingCommand();&lt;/p&gt;


&lt;p&gt;I'm connected to the internet through a proxy server. Do you think that might be a problem? I remind you that I can login to the server the problem is that it creats empty files on my computer. I can get the full list of files on server too. &lt;/p&gt;

&lt;p&gt;Any ideas?&lt;/p&gt;</comment>
                            <comment id="12528767" author="pablo22_00" created="Wed, 19 Sep 2007 13:45:18 +0000">&lt;p&gt;Rory,&lt;/p&gt;

&lt;p&gt;The issue seems to be solved.&lt;/p&gt;

&lt;p&gt;This is what I did. First of all, I printed the value returned by getReplyCode().&lt;/p&gt;

&lt;p&gt;So, the value that the server was returning was 550.&lt;/p&gt;

&lt;p&gt;This meant that I was trying to get a file that didn't exist.&lt;/p&gt;

&lt;p&gt;Solution:&lt;br/&gt;
Correct the path to the file in the server when doing retrieveFile().&lt;br/&gt;
retrieveFile() MUST receive the FULL path to the file. For example: /home/my_username/some_folder/my_file.txt&lt;/p&gt;

&lt;p&gt;Maybe this should be clarified in the documentation.&lt;/p&gt;

&lt;p&gt;Thanks anyway, Rory!&lt;/p&gt;</comment>
                    </comments>
                    <attachments>
                    </attachments>
                <subtasks>
                    </subtasks>
                <customfields>
                                                                                                                                                                                                                                                                                                                                                                                                                                                                                                                                                                                                    <customfield id="customfield_10010" key="com.atlassian.jira.plugin.system.customfieldtypes:importid">
                        <customfieldname>Bugzilla Id</customfieldname>
                        <customfieldvalues>
                            <customfieldvalue>35260</customfieldvalue>
                        </customfieldvalues>
                    </customfield>
                                                                                                                                                    <customfield id="customfield_12314020" key="com.atlassian.jira.plugins.jira-development-integration-plugin:devsummary">
                        <customfieldname>Development</customfieldname>
                        <customfieldvalues>
                            
                        </customfieldvalues>
                    </customfield>
                                                                                                                        <customfield id="customfield_12313422" key="com.atlassian.jirafisheyeplugin:jobcheckbox">
                        <customfieldname>Enable Automatic Patch Review</customfieldname>
                        <customfieldvalues>
                            <customfieldvalue>false</customfieldvalue>

                        </customfieldvalues>
                    </customfield>
                                                                                                                                                                                                                                                                                                                                                                                                                                                                                                                                                                                                                                                <customfield id="customfield_12310420" key="com.pyxis.greenhopper.jira:gh-global-rank">
                        <customfieldname>Global Rank</customfieldname>
                        <customfieldvalues>
                            <customfieldvalue>154353</customfieldvalue>
                        </customfieldvalues>
                    </customfield>
                                                                                                                                                                                                                                                                                                                                                                                                                                                                        <customfield id="customfield_12311820" key="com.pyxis.greenhopper.jira:gh-lexo-rank">
                        <customfieldname>Rank</customfieldname>
                        <customfieldvalues>
                            <customfieldvalue>0|i0yc4f:</customfieldvalue>

                        </customfieldvalues>
                    </customfield>
                                                                <customfield id="customfield_12310920" key="com.pyxis.greenhopper.jira:gh-global-rank">
                        <customfieldname>Rank (Obsolete)</customfieldname>
                        <customfieldvalues>
                            <customfieldvalue>198433</customfieldvalue>
                        </customfieldvalues>
                    </customfield>
                                                                                                                                                                                                                                                                                                                                                                                                                                                                                                                                                                                                                                                                                                                                                                                            </customfields>
    </item>


</channel>
</rss>