<rss version="0.92">
    <channel>
        <title>ASF JIRA</title>
        <link>https://issues.apache.org/jira/issues/?jql=project+%3D+NET+AND+type+%3D+bug+and+%28status+%3D+RESOLVED+or+status+%3D+closed%29</link>
        <description>An XML representation of a search request</description>
                <language>en-uk</language>
                        <issue start="0" end="464" total="464" />
                <build-info>
            <version>8.20.7</version>
            <build-number>820007</build-number>
            <build-date>16-03-2022</build-date>
        </build-info>

<item>
            <title>[NET-588] FTPClient.setPassiveNatWorkaround assumes host is outside site local range</title>
                <link>https://issues.apache.org/jira/browse/NET-588</link>
                <project id="12310487" key="NET">Commons Net</project>
                    <description>&lt;p&gt;We have a NAT firewall between two "site local" 10.x networks. The effect is that the FTP library tries to make data connections to the wrong host because the passive NAT workaround doesn't operate if the FTP connection is made to a "site local" private address and the host returned in the PASV reply is also "site local".&lt;/p&gt;

&lt;p&gt;I see that Damon Dan references pretty much the exact issue within bug &lt;a href="https://issues.apache.org/jira/browse/NET-363" title="Can&amp;#39;t connect to a server behind firewall in passive mode" class="issue-link" data-issue-key="NET-363"&gt;&lt;del&gt;NET-363&lt;/del&gt;&lt;/a&gt; when the workaround was originally introduced.&lt;/p&gt;

&lt;p&gt;Users with "site local" networks would be quite at liberty to subnet within the network, I guess, to suit their administrative needs, so this seems like a valid issue.&lt;/p&gt;

&lt;p&gt;Options I can see:&lt;br/&gt;
1) Include a way of forcing the workaround in place&lt;br/&gt;
2) Remove the selectivity around rewriting the host only if the PASV reply is "site local" and original host isn't... Issue here is around a server that has multiple endpoints for data connections?&lt;br/&gt;
3) Allow the user to specify their own data host via API&lt;br/&gt;
4) Check for whether the PASV reply address is in a different subnet to the original host we connected to and apply the workaround if so&lt;/p&gt;

&lt;p&gt;I haven't yet identified a workaround within the current code!&lt;/p&gt;</description>
                <environment />
        <key id="12945508">NET-588</key>
            <summary>FTPClient.setPassiveNatWorkaround assumes host is outside site local range</summary>
                <type id="1" iconUrl="https://issues.apache.org/jira/secure/viewavatar?size=xsmall&amp;avatarId=21133&amp;avatarType=issuetype">Bug</type>
                                            <priority id="3" iconUrl="https://issues.apache.org/jira/images/icons/priorities/major.svg">Major</priority>
                        <status id="6" iconUrl="https://issues.apache.org/jira/images/icons/statuses/closed.png" description="The issue is considered finished, the resolution is correct. Issues which are not closed can be reopened.">Closed</status>
                    <statusCategory id="3" key="done" colorName="green" />
                                    <resolution id="1">Fixed</resolution>
                                        <assignee username="-1">Unassigned</assignee>
                                    <reporter username="davenice">Dave Nice</reporter>
                        <labels>
                    </labels>
                <created>Mon, 29 Feb 2016 16:20:21 +0000</created>
                <updated>Tue, 14 Feb 2017 22:22:37 +0000</updated>
                            <resolved>Tue, 7 Feb 2017 20:05:00 +0000</resolved>
                                    <version>3.1</version>
                    <version>3.3</version>
                    <version>3.4</version>
                                    <fixVersion>3.6</fixVersion>
                                    <component>FTP</component>
                        <due />
                            <votes>0</votes>
                                    <watches>2</watches>
                                                                <comments>
                            <comment id="15721254" author="nexus7tha" created="Mon, 5 Dec 2016 05:09:19 +0000">&lt;p&gt;I've just created a pull request at &lt;a href="https://github.com/apache/commons-net/pull/5" class="external-link" target="_blank" rel="nofollow noopener"&gt;https://github.com/apache/commons-net/pull/5&lt;/a&gt;&lt;br/&gt;
The change will allow overwriting PASV reply address by implementing method  "String resolve(String hostname) "&lt;/p&gt;</comment>
                            <comment id="15792962" author="nexus7tha" created="Mon, 2 Jan 2017 14:34:03 +0000">&lt;p&gt;Can someone help to review the fix? Thanks.&lt;/p&gt;</comment>
                            <comment id="15856689" author="sebb@apache.org" created="Tue, 7 Feb 2017 20:05:00 +0000">&lt;p&gt;Thanks for the report and the PR.&lt;br/&gt;
Applied:&lt;/p&gt;

&lt;p&gt;URL: &lt;a href="http://svn.apache.org/viewvc?rev=1782074&amp;amp;view=rev" class="external-link" target="_blank" rel="nofollow noopener"&gt;http://svn.apache.org/viewvc?rev=1782074&amp;amp;view=rev&lt;/a&gt;&lt;br/&gt;
Log:&lt;br/&gt;
&lt;a href="https://issues.apache.org/jira/browse/NET-588" title="FTPClient.setPassiveNatWorkaround assumes host is outside site local range" class="issue-link" data-issue-key="NET-588"&gt;&lt;del&gt;NET-588&lt;/del&gt;&lt;/a&gt; FTPClient.setPassiveNatWorkaround assumes host is outside site local range&lt;/p&gt;

&lt;p&gt;Modified:&lt;br/&gt;
    commons/proper/net/trunk/src/changes/changes.xml&lt;br/&gt;
    commons/proper/net/trunk/src/main/java/org/apache/commons/net/ftp/FTPClient.java&lt;br/&gt;
    commons/proper/net/trunk/src/test/java/org/apache/commons/net/ftp/FTPClientTest.java&lt;/p&gt;</comment>
                    </comments>
                    <attachments>
                    </attachments>
                <subtasks>
                    </subtasks>
                <customfields>
                                                                                                                                                                                                                                                                                                                                                                                                                                                                                                                                                                                                                                                                                                                    <customfield id="customfield_12314020" key="com.atlassian.jira.plugins.jira-development-integration-plugin:devsummary">
                        <customfieldname>Development</customfieldname>
                        <customfieldvalues>
                            
                        </customfieldvalues>
                    </customfield>
                                                                                                                        <customfield id="customfield_12313422" key="com.atlassian.jirafisheyeplugin:jobcheckbox">
                        <customfieldname>Enable Automatic Patch Review</customfieldname>
                        <customfieldvalues>
                            <customfieldvalue>false</customfieldvalue>

                        </customfieldvalues>
                    </customfield>
                                                                                                                                                                                                                                                                                                                                                                                                                                                                                                                                                                                                                                                <customfield id="customfield_12310420" key="com.pyxis.greenhopper.jira:gh-global-rank">
                        <customfieldname>Global Rank</customfieldname>
                        <customfieldvalues>
                            <customfieldvalue>9223372036854775807</customfieldvalue>
                        </customfieldvalues>
                    </customfield>
                                                                                                                                                                                                                                                                                                                                                                                                                                                                        <customfield id="customfield_12311820" key="com.pyxis.greenhopper.jira:gh-lexo-rank">
                        <customfieldname>Rank</customfieldname>
                        <customfieldvalues>
                            <customfieldvalue>0|i2tx5z:</customfieldvalue>

                        </customfieldvalues>
                    </customfield>
                                                                <customfield id="customfield_12310920" key="com.pyxis.greenhopper.jira:gh-global-rank">
                        <customfieldname>Rank (Obsolete)</customfieldname>
                        <customfieldvalues>
                            <customfieldvalue>9223372036854775807</customfieldvalue>
                        </customfieldvalues>
                    </customfield>
                                                                                                                                                                                                                                                                                                                                                                                                                                                                                                                                                                                                                                                                                                                                                                                            </customfields>
    </item>


</channel>
</rss>