<rss version="0.92">
    <channel>
        <title>ASF JIRA</title>
        <link>https://issues.apache.org/jira/issues/?jql=project+%3D+NET+AND+type+%3D+bug+and+%28status+%3D+RESOLVED+or+status+%3D+closed%29</link>
        <description>An XML representation of a search request</description>
                <language>en-uk</language>
                        <issue start="0" end="464" total="464" />
                <build-info>
            <version>8.20.7</version>
            <build-number>820007</build-number>
            <build-date>16-03-2022</build-date>
        </build-info>

<item>
            <title>[NET-216] KeyManager and TrustManager not used for data socket</title>
                <link>https://issues.apache.org/jira/browse/NET-216</link>
                <project id="12310487" key="NET">Commons Net</project>
                    <description>&lt;p&gt;When setting the KeyManager and TrustManager for FtpsClient, it will not be used for the data connection. In addition, the current code eats an exception and just dumps it to stderr. &lt;/p&gt;</description>
                <environment />
        <key id="12394763">NET-216</key>
            <summary>KeyManager and TrustManager not used for data socket</summary>
                <type id="1" iconUrl="https://issues.apache.org/jira/secure/viewavatar?size=xsmall&amp;avatarId=21133&amp;avatarType=issuetype">Bug</type>
                                            <priority id="3" iconUrl="https://issues.apache.org/jira/images/icons/priorities/major.svg">Major</priority>
                        <status id="6" iconUrl="https://issues.apache.org/jira/images/icons/statuses/closed.png" description="The issue is considered finished, the resolution is correct. Issues which are not closed can be reopened.">Closed</status>
                    <statusCategory id="3" key="done" colorName="green" />
                                    <resolution id="1">Fixed</resolution>
                                        <assignee username="-1">Unassigned</assignee>
                                    <reporter username="niklas">Niklas Therning</reporter>
                        <labels>
                    </labels>
                <created>Fri, 25 Apr 2008 06:47:04 +0000</created>
                <updated>Sun, 27 Apr 2008 22:06:23 +0000</updated>
                            <resolved>Sun, 27 Apr 2008 22:06:23 +0000</resolved>
                                    <version>2.0</version>
                                    <fixVersion>2.0</fixVersion>
                                        <due />
                            <votes>0</votes>
                                    <watches>1</watches>
                                                                <comments>
                            <comment id="12592289" author="niklas" created="Fri, 25 Apr 2008 06:47:57 +0000">&lt;p&gt;Attaching patch for this issue&lt;/p&gt;</comment>
                            <comment id="12592357" author="grimsell" created="Fri, 25 Apr 2008 12:15:55 +0000">&lt;p&gt;Same as Niklas patch but will compile on jdk 1.5.&lt;/p&gt;</comment>
                            <comment id="12592685" author="rwinston@eircom.net" created="Sun, 27 Apr 2008 22:06:23 +0000">&lt;p&gt;Patch applied. Thanks.&lt;/p&gt;</comment>
                    </comments>
                    <attachments>
                            <attachment id="12380927" name="NET-216-jdk1.5.patch" size="3132" author="grimsell" created="Fri, 25 Apr 2008 12:15:55 +0000" />
                            <attachment id="12380898" name="NET-216.patch" size="2977" author="niklas" created="Fri, 25 Apr 2008 06:47:56 +0000" />
                    </attachments>
                <subtasks>
                    </subtasks>
                <customfields>
                                                                                                                                                                                                                                                                                                                                                                                                                                                                                                                                                                                                                                                                                                                    <customfield id="customfield_12314020" key="com.atlassian.jira.plugins.jira-development-integration-plugin:devsummary">
                        <customfieldname>Development</customfieldname>
                        <customfieldvalues>
                            
                        </customfieldvalues>
                    </customfield>
                                                                                                                        <customfield id="customfield_12313422" key="com.atlassian.jirafisheyeplugin:jobcheckbox">
                        <customfieldname>Enable Automatic Patch Review</customfieldname>
                        <customfieldvalues>
                            <customfieldvalue>false</customfieldvalue>

                        </customfieldvalues>
                    </customfield>
                                                                                                                                                                                                                                                                                                                                                                                                                                                                                                                                                                                                                                                <customfield id="customfield_12310420" key="com.pyxis.greenhopper.jira:gh-global-rank">
                        <customfieldname>Global Rank</customfieldname>
                        <customfieldvalues>
                            <customfieldvalue>154542</customfieldvalue>
                        </customfieldvalues>
                    </customfield>
                                                                                                                                                                                                                                                                                                                                                                                                                                                                        <customfield id="customfield_12311820" key="com.pyxis.greenhopper.jira:gh-lexo-rank">
                        <customfieldname>Rank</customfieldname>
                        <customfieldvalues>
                            <customfieldvalue>0|i0y9r3:</customfieldvalue>

                        </customfieldvalues>
                    </customfield>
                                                                <customfield id="customfield_12310920" key="com.pyxis.greenhopper.jira:gh-global-rank">
                        <customfieldname>Rank (Obsolete)</customfieldname>
                        <customfieldvalues>
                            <customfieldvalue>198049</customfieldvalue>
                        </customfieldvalues>
                    </customfield>
                                                                                                                                                                                                                                                                                                                                                                                                                                                                                                                                                                                                                                                                                                                                                                                            </customfields>
    </item>


</channel>
</rss>