<rss version="0.92">
    <channel>
        <title>ASF JIRA</title>
        <link>https://issues.apache.org/jira/issues/?jql=project+%3D+NET+AND+type+%3D+bug+and+%28status+%3D+RESOLVED+or+status+%3D+closed%29</link>
        <description>An XML representation of a search request</description>
                <language>en-uk</language>
                        <issue start="0" end="464" total="464" />
                <build-info>
            <version>8.20.7</version>
            <build-number>820007</build-number>
            <build-date>16-03-2022</build-date>
        </build-info>

<item>
            <title>[NET-514] IMAP APPEND multiple issues in IMapClient</title>
                <link>https://issues.apache.org/jira/browse/NET-514</link>
                <project id="12310487" key="NET">Commons Net</project>
                    <description>&lt;p&gt;There are multiple issues in the way APPEND is handled in IMapClient.&lt;/p&gt;

&lt;p&gt;1) According to RFC3501 &lt;span class="error"&gt;&amp;#91;1&amp;#93;&lt;/span&gt; the date-time field in an APPEND command is enclosed in double quotes. The code currently uses { } which is incorrect&lt;/p&gt;

&lt;p&gt;2) The APPEND command has the following arguments &lt;span class="error"&gt;&amp;#91;2&amp;#93;&lt;/span&gt;:&lt;/p&gt;

&lt;p&gt;Arguments:  mailbox name&lt;br/&gt;
           OPTIONAL flag parenthesized list&lt;br/&gt;
           OPTIONAL date/time string&lt;br/&gt;
           message literal&lt;/p&gt;

&lt;p&gt;However, the existing methods don't support the message literal; there needs to be a method that supports the message literal. The existing methods should be deprecated as they serve no purpose.&lt;/p&gt;

&lt;p&gt;&lt;span class="error"&gt;&amp;#91;1&amp;#93;&lt;/span&gt; &lt;a href="http://tools.ietf.org/html/rfc3501#page-85" class="external-link" target="_blank" rel="nofollow noopener"&gt;http://tools.ietf.org/html/rfc3501#page-85&lt;/a&gt;&lt;br/&gt;
&lt;span class="error"&gt;&amp;#91;2&amp;#93;&lt;/span&gt; &lt;a href="http://tools.ietf.org/html/rfc3501#section-6.3.11" class="external-link" target="_blank" rel="nofollow noopener"&gt;http://tools.ietf.org/html/rfc3501#section-6.3.11&lt;/a&gt;&lt;/p&gt;</description>
                <environment />
        <key id="12660823">NET-514</key>
            <summary>IMAP APPEND multiple issues in IMapClient</summary>
                <type id="1" iconUrl="https://issues.apache.org/jira/secure/viewavatar?size=xsmall&amp;avatarId=21133&amp;avatarType=issuetype">Bug</type>
                                            <priority id="3" iconUrl="https://issues.apache.org/jira/images/icons/priorities/major.svg">Major</priority>
                        <status id="6" iconUrl="https://issues.apache.org/jira/images/icons/statuses/closed.png" description="The issue is considered finished, the resolution is correct. Issues which are not closed can be reopened.">Closed</status>
                    <statusCategory id="3" key="done" colorName="green" />
                                    <resolution id="1">Fixed</resolution>
                                        <assignee username="-1">Unassigned</assignee>
                                    <reporter username="sebb">Sebb</reporter>
                        <labels>
                    </labels>
                <created>Wed, 31 Jul 2013 00:03:58 +0000</created>
                <updated>Thu, 26 Nov 2015 16:34:49 +0000</updated>
                            <resolved>Wed, 31 Jul 2013 00:43:29 +0000</resolved>
                                    <version>3.3</version>
                                    <fixVersion>3.4</fixVersion>
                                        <due />
                            <votes>0</votes>
                                    <watches>0</watches>
                                                                <comments>
                            <comment id="13724677" author="sebb@apache.org" created="Wed, 31 Jul 2013 00:43:29 +0000">&lt;p&gt;URL: &lt;a href="http://svn.apache.org/r1508693" class="external-link" target="_blank" rel="nofollow noopener"&gt;http://svn.apache.org/r1508693&lt;/a&gt;&lt;br/&gt;
Log:&lt;br/&gt;
&lt;a href="https://issues.apache.org/jira/browse/NET-514" title="IMAP APPEND multiple issues in IMapClient" class="issue-link" data-issue-key="NET-514"&gt;&lt;del&gt;NET-514&lt;/del&gt;&lt;/a&gt; IMAP APPEND multiple issues in IMapClient.&lt;br/&gt;
Deprecated unusable append methods.&lt;br/&gt;
Added new append method, as well as example IMapImportMbox class to make use of it.&lt;/p&gt;

&lt;p&gt;Added:&lt;br/&gt;
    commons/proper/net/trunk/src/main/java/examples/mail/IMAPImportMbox.java   (with props)&lt;br/&gt;
Modified:&lt;br/&gt;
    commons/proper/net/trunk/src/changes/changes.xml&lt;br/&gt;
    commons/proper/net/trunk/src/main/java/org/apache/commons/net/imap/IMAPClient.java&lt;/p&gt;</comment>
                    </comments>
                    <attachments>
                    </attachments>
                <subtasks>
                    </subtasks>
                <customfields>
                                                                                                                                                                                                                                                                                                                                                                                                                                                                                                                                                                                                                                                                                                                    <customfield id="customfield_12314020" key="com.atlassian.jira.plugins.jira-development-integration-plugin:devsummary">
                        <customfieldname>Development</customfieldname>
                        <customfieldvalues>
                            
                        </customfieldvalues>
                    </customfield>
                                                                                                                        <customfield id="customfield_12313422" key="com.atlassian.jirafisheyeplugin:jobcheckbox">
                        <customfieldname>Enable Automatic Patch Review</customfieldname>
                        <customfieldvalues>
                            <customfieldvalue>false</customfieldvalue>

                        </customfieldvalues>
                    </customfield>
                                                                                                                                                                                                                                                                                                                                                                                                                                                                                                                                                                                                                                                <customfield id="customfield_12310420" key="com.pyxis.greenhopper.jira:gh-global-rank">
                        <customfieldname>Global Rank</customfieldname>
                        <customfieldvalues>
                            <customfieldvalue>341012</customfieldvalue>
                        </customfieldvalues>
                    </customfield>
                                                                                                                                                                                                                                                                                                                                                                                                                                                                        <customfield id="customfield_12311820" key="com.pyxis.greenhopper.jira:gh-lexo-rank">
                        <customfieldname>Rank</customfieldname>
                        <customfieldvalues>
                            <customfieldvalue>0|i1mtbz:</customfieldvalue>

                        </customfieldvalues>
                    </customfield>
                                                                <customfield id="customfield_12310920" key="com.pyxis.greenhopper.jira:gh-global-rank">
                        <customfieldname>Rank (Obsolete)</customfieldname>
                        <customfieldvalues>
                            <customfieldvalue>341330</customfieldvalue>
                        </customfieldvalues>
                    </customfield>
                                                                                                                                                                                                                                                                                                                                                                                                                                                                                                                                                                                                                                                                                                                                                                                            </customfields>
    </item>


</channel>
</rss>