<rss version="0.92">
    <channel>
        <title>ASF JIRA</title>
        <link>https://issues.apache.org/jira/issues/?jql=project+%3D+NET+AND+type+%3D+bug+and+%28status+%3D+RESOLVED+or+status+%3D+closed%29</link>
        <description>An XML representation of a search request</description>
                <language>en-uk</language>
                        <issue start="0" end="464" total="464" />
                <build-info>
            <version>8.20.7</version>
            <build-number>820007</build-number>
            <build-date>16-03-2022</build-date>
        </build-info>

<item>
            <title>[NET-184] FtpClient.listFiles truncates directory name beginning with a number</title>
                <link>https://issues.apache.org/jira/browse/NET-184</link>
                <project id="12310487" key="NET">Commons Net</project>
                    <description>&lt;p&gt;I used FtpClient.listFiles() to get a listing of all files in the current working directory on a remote Windows server.  If a remote directory begins with a number followed by a space and more text (e.g., 2008 Rates) the name returned by FTPFile.getName() has the leading number truncated (so '2008 Rates' would be 'Rates').  Examining the value returned by FTPFile.toString() or getRawListing() both show the full file name, but the name returned by getName() is truncated.&lt;/p&gt;

&lt;p&gt;If the directory begins with a number and is not followed by a space (e.g., 2008_Rates) the correct name is returned by getName().  If there is a number after the test (like'Rates for 2008') the correct name is returned by getName().&lt;/p&gt;

&lt;p&gt;Files do not appear to be affected by this.  The getName() function returns the correct name regardless of  the position of a number or the white space aorund it.&lt;/p&gt;
</description>
                <environment>&lt;p&gt;Local is Unix (AIX), remote is Windows &lt;/p&gt;</environment>
        <key id="12388707">NET-184</key>
            <summary>FtpClient.listFiles truncates directory name beginning with a number</summary>
                <type id="1" iconUrl="https://issues.apache.org/jira/secure/viewavatar?size=xsmall&amp;avatarId=21133&amp;avatarType=issuetype">Bug</type>
                                            <priority id="3" iconUrl="https://issues.apache.org/jira/images/icons/priorities/major.svg">Major</priority>
                        <status id="6" iconUrl="https://issues.apache.org/jira/images/icons/statuses/closed.png" description="The issue is considered finished, the resolution is correct. Issues which are not closed can be reopened.">Closed</status>
                    <statusCategory id="3" key="done" colorName="green" />
                                    <resolution id="1">Fixed</resolution>
                                        <assignee username="-1">Unassigned</assignee>
                                    <reporter username="ironstar">Tom Caruso</reporter>
                        <labels>
                    </labels>
                <created>Thu, 14 Feb 2008 19:59:40 +0000</created>
                <updated>Tue, 19 Feb 2008 21:30:19 +0000</updated>
                            <resolved>Tue, 19 Feb 2008 21:30:19 +0000</resolved>
                                    <version>1.4</version>
                                    <fixVersion>2.0</fixVersion>
                                        <due />
                            <votes>0</votes>
                                    <watches>0</watches>
                                                                <comments>
                            <comment id="12570456" author="rwinston@eircom.net" created="Tue, 19 Feb 2008 21:30:19 +0000">&lt;p&gt;This has been fixed in 2.0. &lt;/p&gt;</comment>
                    </comments>
                    <attachments>
                    </attachments>
                <subtasks>
                    </subtasks>
                <customfields>
                                                                                                                                                                                                                                                                                                                                                                                                                                                                                                                                                                                                                                                                                                                    <customfield id="customfield_12314020" key="com.atlassian.jira.plugins.jira-development-integration-plugin:devsummary">
                        <customfieldname>Development</customfieldname>
                        <customfieldvalues>
                            
                        </customfieldvalues>
                    </customfield>
                                                                                                                        <customfield id="customfield_12313422" key="com.atlassian.jirafisheyeplugin:jobcheckbox">
                        <customfieldname>Enable Automatic Patch Review</customfieldname>
                        <customfieldvalues>
                            <customfieldvalue>false</customfieldvalue>

                        </customfieldvalues>
                    </customfield>
                                                                                                                                                                                                                                                                                                                                                                                                                                                                                                                                                                                                                                                <customfield id="customfield_12310420" key="com.pyxis.greenhopper.jira:gh-global-rank">
                        <customfieldname>Global Rank</customfieldname>
                        <customfieldvalues>
                            <customfieldvalue>154517</customfieldvalue>
                        </customfieldvalues>
                    </customfield>
                                                                                                                                                                                                                                                                                                                                                                                                                                                                        <customfield id="customfield_12311820" key="com.pyxis.greenhopper.jira:gh-lexo-rank">
                        <customfieldname>Rank</customfieldname>
                        <customfieldvalues>
                            <customfieldvalue>0|i0y6w7:</customfieldvalue>

                        </customfieldvalues>
                    </customfield>
                                                                <customfield id="customfield_12310920" key="com.pyxis.greenhopper.jira:gh-global-rank">
                        <customfieldname>Rank (Obsolete)</customfieldname>
                        <customfieldvalues>
                            <customfieldvalue>197586</customfieldvalue>
                        </customfieldvalues>
                    </customfield>
                                                                                                                                                                                                                                                                                                                                                                                                                                                                                                                                                                                                                                                                                                                                                                                            </customfields>
    </item>


</channel>
</rss>