<rss version="0.92">
    <channel>
        <title>ASF JIRA</title>
        <link>https://issues.apache.org/jira/issues/?jql=project+%3D+NET+AND+type+%3D+bug+and+%28status+%3D+RESOLVED+or+status+%3D+closed%29</link>
        <description>An XML representation of a search request</description>
                <language>en-uk</language>
                        <issue start="0" end="464" total="464" />
                <build-info>
            <version>8.20.7</version>
            <build-number>820007</build-number>
            <build-date>16-03-2022</build-date>
        </build-info>

<item>
            <title>[NET-601] IMAPClient.select cannot select mailbox in some cases with &#230;&#248;&#229;, spaces and sub-folders</title>
                <link>https://issues.apache.org/jira/browse/NET-601</link>
                <project id="12310487" key="NET">Commons Net</project>
                    <description>&lt;p&gt;Partial response from LIST:&lt;/p&gt;

&lt;div class="code panel" style="border-width: 1px;"&gt;&lt;div class="codeContent panelContent"&gt;
&lt;pre class="code-java"&gt;AAAB LIST  &lt;span class="code-quote"&gt;"" "&lt;/span&gt;*"
* LIST (\HasNoChildren) &lt;span class="code-quote"&gt;"\\"&lt;/span&gt; &lt;span class="code-quote"&gt;"Backup log"&lt;/span&gt;
* LIST (\Noinferiors \HasNoChildren) &lt;span class="code-quote"&gt;"\\"&lt;/span&gt; Inbox
* LIST (\HasNoChildren) &lt;span class="code-quote"&gt;"\\"&lt;/span&gt; M&amp;amp;APg-ter
* LIST (\HasChildren) &lt;span class="code-quote"&gt;"\\"&lt;/span&gt; Presis
* LIST (\HasNoChildren) &lt;span class="code-quote"&gt;"\\"&lt;/span&gt; {24}
Presis\Bod&amp;amp;APg- Industri
* LIST (\HasNoChildren) &lt;span class="code-quote"&gt;"\\"&lt;/span&gt; {11}
Presis\Done
* LIST (\HasNoChildren) &lt;span class="code-quote"&gt;"\\"&lt;/span&gt; {15}
Presis\id filer
&lt;/pre&gt;
&lt;/div&gt;&lt;/div&gt;

&lt;p&gt;Trying to select Presis\Bod&#248; Industri fails like this&lt;br/&gt;
AAAB SELECT "Presis\Bod&amp;amp;APg- Industri"&lt;br/&gt;
AAAB NO SELECT failure, cannot select mailbox: Folder not found in IMAP name space&lt;/p&gt;

&lt;p&gt;And trying to select Presis\id filer fails like this&lt;br/&gt;
AAAB SELECT "Presis\id filer"&lt;br/&gt;
AAAB NO SELECT failure, cannot select mailbox: Folder not found in IMAP name space&lt;/p&gt;

&lt;p&gt;So far it seems like select fails when folder has more than one:&lt;/p&gt;
&lt;ul&gt;
	&lt;li&gt;none US-ASCII&lt;/li&gt;
	&lt;li&gt;space&lt;/li&gt;
	&lt;li&gt;sub-folder separator&lt;/li&gt;
&lt;/ul&gt;
</description>
                <environment>&lt;p&gt;eclipse on ubuntu workstation and ibm domino server on ubuntu server. Connecting to IMAP on an IBM Domino server.&lt;/p&gt;</environment>
        <key id="12999168">NET-601</key>
            <summary>IMAPClient.select cannot select mailbox in some cases with &#230;&#248;&#229;, spaces and sub-folders</summary>
                <type id="1" iconUrl="https://issues.apache.org/jira/secure/viewavatar?size=xsmall&amp;avatarId=21133&amp;avatarType=issuetype">Bug</type>
                                            <priority id="3" iconUrl="https://issues.apache.org/jira/images/icons/priorities/major.svg">Major</priority>
                        <status id="5" iconUrl="https://issues.apache.org/jira/images/icons/statuses/resolved.png" description="A resolution has been taken, and it is awaiting verification by reporter. From here issues are either reopened, or are closed.">Resolved</status>
                    <statusCategory id="3" key="done" colorName="green" />
                                    <resolution id="10008">Information Provided</resolution>
                                        <assignee username="-1">Unassigned</assignee>
                                    <reporter username="yggdrasild">Johnny Haugen S&#248;rg&#229;rd</reporter>
                        <labels>
                    </labels>
                <created>Tue, 23 Aug 2016 09:53:30 +0000</created>
                <updated>Fri, 19 Jun 2020 22:44:44 +0000</updated>
                            <resolved>Fri, 19 Jun 2020 22:44:44 +0000</resolved>
                                    <version>3.5</version>
                                                    <component>IMAP</component>
                        <due />
                            <votes>0</votes>
                                    <watches>1</watches>
                                                                <comments>
                            <comment id="15439704" author="sebb@apache.org" created="Fri, 26 Aug 2016 20:01:12 +0000">&lt;p&gt;Can you provide sample code which exhibits the problem?&lt;/p&gt;

&lt;p&gt;Encoding issues are tricky to test and fix because they depend on exactly how the program is coded.&lt;/p&gt;</comment>
                            <comment id="15443518" author="yggdrasild" created="Sun, 28 Aug 2016 14:12:53 +0000">&lt;p&gt;Sebb - Here's test-code&lt;/p&gt;

&lt;p&gt;Comments: &lt;/p&gt;
&lt;ul&gt;
	&lt;li&gt;the config is up and running, so it can be used for testing purposes.&lt;/li&gt;
	&lt;li&gt;problematic folders have been created.&lt;/li&gt;
	&lt;li&gt;In production BASE64MailboxEncoder and BASE64MailboxDecoder from javamail have been used to encode and decode foldernames.&lt;/li&gt;
	&lt;li&gt;The test routine:&lt;/li&gt;
&lt;/ul&gt;
&lt;ul class="alternate" type="square"&gt;
	&lt;li&gt;logs on,&lt;/li&gt;
	&lt;li&gt;gets the list of folders&lt;/li&gt;
	&lt;li&gt;tries to select some folders using the encoder&lt;/li&gt;
	&lt;li&gt;finally tries to select all the folders as returned from LIST&lt;/li&gt;
&lt;/ul&gt;


&lt;p&gt;The formatting on web seems weird, so source is also attached.&lt;/p&gt;

&lt;div class="code panel" style="border-width: 1px;"&gt;&lt;div class="codeContent panelContent"&gt;
&lt;pre class="code-java"&gt;&lt;span class="code-keyword"&gt;public&lt;/span&gt; &lt;span class="code-keyword"&gt;static&lt;/span&gt; void test(){
	&lt;span class="code-comment"&gt;// config
&lt;/span&gt;	&lt;span class="code-object"&gt;String&lt;/span&gt; host = &lt;span class="code-quote"&gt;"munin02.prpr.no"&lt;/span&gt;;
	&lt;span class="code-object"&gt;String&lt;/span&gt; user = &lt;span class="code-quote"&gt;"tte"&lt;/span&gt;;
	&lt;span class="code-object"&gt;String&lt;/span&gt; password = &lt;span class="code-quote"&gt;"g6o623ds"&lt;/span&gt;;
	&lt;span class="code-comment"&gt;// login
&lt;/span&gt;	AuthenticatingIMAPClient imapClient = &lt;span class="code-keyword"&gt;new&lt;/span&gt; AuthenticatingIMAPClient(&lt;span class="code-comment"&gt;/*getProtocol(), */&lt;/span&gt;&lt;span class="code-keyword"&gt;true&lt;/span&gt;);		&lt;span class="code-comment"&gt;// implicit
&lt;/span&gt;	&lt;span class="code-comment"&gt;// listener -&amp;gt; &lt;span class="code-object"&gt;System&lt;/span&gt;.out
&lt;/span&gt;	&lt;span class="code-keyword"&gt;final&lt;/span&gt; PrintCommandListener listener = &lt;span class="code-keyword"&gt;new&lt;/span&gt; PrintCommandListener(&lt;span class="code-object"&gt;System&lt;/span&gt;.out, &lt;span class="code-keyword"&gt;true&lt;/span&gt;) {
		@Override
		&lt;span class="code-keyword"&gt;public&lt;/span&gt; void protocolReplyReceived(ProtocolCommandEvent event) {

			&lt;span class="code-keyword"&gt;if&lt;/span&gt; (event.getReplyCode() != IMAPReply.PARTIAL){ &lt;span class="code-comment"&gt;// This is dealt with by the chunk listener
&lt;/span&gt;				&lt;span class="code-keyword"&gt;super&lt;/span&gt;.protocolReplyReceived(event);
			}
		}
	};
	imapClient.addProtocolCommandListener(listener);
	&lt;span class="code-keyword"&gt;try&lt;/span&gt; {
		imapClient.connect(host);
		&lt;span class="code-comment"&gt;// Try oauth = e.g. gmail 
&lt;/span&gt;		((AuthenticatingIMAPClient) imapClient).authenticate(AuthenticatingIMAPClient.AUTH_METHOD.PLAIN, user, password);
	} &lt;span class="code-keyword"&gt;catch&lt;/span&gt; (IOException | InvalidKeyException | NoSuchAlgorithmException | InvalidKeySpecException e) {
		out(&lt;span class="code-quote"&gt;"Error.connect: "&lt;/span&gt; + e.getMessage());
		&lt;span class="code-keyword"&gt;throw&lt;/span&gt; &lt;span class="code-keyword"&gt;new&lt;/span&gt; RuntimeException(&lt;span class="code-quote"&gt;"Could not connect to server. "&lt;/span&gt; + e.getMessage(), e);
	}
	&lt;span class="code-comment"&gt;// get Folders
&lt;/span&gt;	&lt;span class="code-object"&gt;String&lt;/span&gt;[] folders = getFoldersAsArray(imapClient);

	&lt;span class="code-comment"&gt;// &lt;span class="code-keyword"&gt;try&lt;/span&gt; selected folders
&lt;/span&gt;	testFolder(imapClient, &lt;span class="code-quote"&gt;"Backup log"&lt;/span&gt;, &lt;span class="code-keyword"&gt;true&lt;/span&gt;);				&lt;span class="code-comment"&gt;// ok
&lt;/span&gt;	testFolder(imapClient, &lt;span class="code-quote"&gt;"M&#248;ter"&lt;/span&gt;, &lt;span class="code-keyword"&gt;true&lt;/span&gt;);					&lt;span class="code-comment"&gt;// ok
&lt;/span&gt;	testFolder(imapClient, &lt;span class="code-quote"&gt;"Presis\\Bank2"&lt;/span&gt;, &lt;span class="code-keyword"&gt;true&lt;/span&gt;);			&lt;span class="code-comment"&gt;// ok
&lt;/span&gt;	testFolder(imapClient, &lt;span class="code-quote"&gt;"Presis\\Bod&#248; Industri"&lt;/span&gt;, &lt;span class="code-keyword"&gt;true&lt;/span&gt;);
	testFolder(imapClient, &lt;span class="code-quote"&gt;"Presis\\Done"&lt;/span&gt;, &lt;span class="code-keyword"&gt;true&lt;/span&gt;);			&lt;span class="code-comment"&gt;// ok
&lt;/span&gt;	testFolder(imapClient, &lt;span class="code-quote"&gt;"Presis\\id filer"&lt;/span&gt;, &lt;span class="code-keyword"&gt;true&lt;/span&gt;);
	testFolder(imapClient, &lt;span class="code-quote"&gt;"Sendte elementer"&lt;/span&gt;, &lt;span class="code-keyword"&gt;true&lt;/span&gt;);		&lt;span class="code-comment"&gt;// ok
&lt;/span&gt;	
	&lt;span class="code-comment"&gt;// &lt;span class="code-keyword"&gt;try&lt;/span&gt; all folders
&lt;/span&gt;	&lt;span class="code-keyword"&gt;for&lt;/span&gt;(&lt;span class="code-object"&gt;String&lt;/span&gt; folder: folders){
		testFolder(imapClient, folder, &lt;span class="code-keyword"&gt;false&lt;/span&gt;);
	}
}
&lt;span class="code-keyword"&gt;private&lt;/span&gt; &lt;span class="code-keyword"&gt;static&lt;/span&gt; void testFolder(AuthenticatingIMAPClient imapClient, &lt;span class="code-object"&gt;String&lt;/span&gt; folder, &lt;span class="code-object"&gt;boolean&lt;/span&gt; convertFoldername){
&lt;span class="code-comment"&gt;// select folder
&lt;/span&gt;	&lt;span class="code-keyword"&gt;try&lt;/span&gt; {
		&lt;span class="code-object"&gt;String&lt;/span&gt; fName = convertFoldername ? BASE64MailboxEncoder.encode(folder) : folder.trim();
		&lt;span class="code-keyword"&gt;if&lt;/span&gt; (((!fName.equals(folder)) || (fName.contains(&lt;span class="code-quote"&gt;" "&lt;/span&gt;))) &amp;amp;&amp;amp; (!fName.startsWith(&lt;span class="code-quote"&gt;"\"&lt;/span&gt;")) ) {
			fName = &lt;span class="code-quote"&gt;"\"&lt;/span&gt;&lt;span class="code-quote"&gt;" + fName + "&lt;/span&gt;\"";
		}
		out(&lt;span class="code-quote"&gt;"imapFoldername: "&lt;/span&gt; + folder + &lt;span class="code-quote"&gt;" -&amp;gt; "&lt;/span&gt; + fName);

		out(folder  + &lt;span class="code-quote"&gt;": "&lt;/span&gt; + &lt;span class="code-object"&gt;String&lt;/span&gt;.valueOf(imapClient.select(fName)));

	} &lt;span class="code-keyword"&gt;catch&lt;/span&gt; (NumberFormatException | IOException e) {
		&lt;span class="code-comment"&gt;// TODO Auto-generated &lt;span class="code-keyword"&gt;catch&lt;/span&gt; block
&lt;/span&gt;		e.printStackTrace();
	}

}
&lt;span class="code-keyword"&gt;private&lt;/span&gt; &lt;span class="code-keyword"&gt;static&lt;/span&gt; &lt;span class="code-object"&gt;String&lt;/span&gt;[] getFoldersAsArray(AuthenticatingIMAPClient imapClient) {
	&lt;span class="code-object"&gt;String&lt;/span&gt;[] result = &lt;span class="code-keyword"&gt;null&lt;/span&gt;;
	&lt;span class="code-keyword"&gt;try&lt;/span&gt; {
			imapClient.sendCommand(&lt;span class="code-quote"&gt;"LIST \"&lt;/span&gt;\&lt;span class="code-quote"&gt;" \"&lt;/span&gt;*\"");
			&lt;span class="code-object"&gt;String&lt;/span&gt;[] folders = imapClient.getReplyStrings();
			List&amp;lt;&lt;span class="code-object"&gt;String&lt;/span&gt;&amp;gt; folderList = &lt;span class="code-keyword"&gt;new&lt;/span&gt; ArrayList&amp;lt;&lt;span class="code-object"&gt;String&lt;/span&gt;&amp;gt;();
			&lt;span class="code-object"&gt;boolean&lt;/span&gt; acceptNext = &lt;span class="code-keyword"&gt;false&lt;/span&gt;;;
			&lt;span class="code-keyword"&gt;for&lt;/span&gt; (&lt;span class="code-object"&gt;int&lt;/span&gt; i = 0; i &amp;lt; folders.length; i++) {
				out(folders[i]);
				&lt;span class="code-object"&gt;String&lt;/span&gt; line = folders[i];
				&lt;span class="code-keyword"&gt;if&lt;/span&gt; (! acceptNext) {
					&lt;span class="code-keyword"&gt;if&lt;/span&gt; (line.startsWith(&lt;span class="code-quote"&gt;"* LIST"&lt;/span&gt;)) {
						&lt;span class="code-object"&gt;int&lt;/span&gt; delTo = line.indexOf(&lt;span class="code-quote"&gt;"\"&lt;/span&gt;\\\\\"");	&lt;span class="code-comment"&gt;// domino format
&lt;/span&gt;						&lt;span class="code-object"&gt;int&lt;/span&gt; delCount = 5;
						&lt;span class="code-keyword"&gt;if&lt;/span&gt; (delTo == -1) {
							delTo = line.indexOf(&lt;span class="code-quote"&gt;"\"&lt;/span&gt;/\"");		&lt;span class="code-comment"&gt;// microsoft format
&lt;/span&gt;							delCount = 4;
						}
						&lt;span class="code-keyword"&gt;if&lt;/span&gt; (delTo &amp;gt; 0) {
							line = line.substring(delTo + delCount);
						} &lt;span class="code-keyword"&gt;else&lt;/span&gt; {
						}
						&lt;span class="code-keyword"&gt;if&lt;/span&gt; (line.startsWith(&lt;span class="code-quote"&gt;"{"&lt;/span&gt;) &amp;amp;&amp;amp; (line.endsWith(&lt;span class="code-quote"&gt;"}"&lt;/span&gt;))) {
							acceptNext = &lt;span class="code-keyword"&gt;true&lt;/span&gt;;
							line = "";
						}
					} &lt;span class="code-keyword"&gt;else&lt;/span&gt; &lt;span class="code-keyword"&gt;if&lt;/span&gt; (line.indexOf(&lt;span class="code-quote"&gt;"OK LIST"&lt;/span&gt;) &amp;gt; 0) {
						line = "";
					}
				}
				&lt;span class="code-keyword"&gt;if&lt;/span&gt; (! line.isEmpty()) {
&lt;span class="code-comment"&gt;//						line = BASE64MailboxDecoder.decode(line);
&lt;/span&gt;					folderList.add(line);
					acceptNext = &lt;span class="code-keyword"&gt;false&lt;/span&gt;;
				}
			}
			result = folderList.toArray(&lt;span class="code-keyword"&gt;new&lt;/span&gt; &lt;span class="code-object"&gt;String&lt;/span&gt;[0]);
	} &lt;span class="code-keyword"&gt;catch&lt;/span&gt; (IOException | RuntimeException e) {
		e.printStackTrace();
	}		
	&lt;span class="code-keyword"&gt;return&lt;/span&gt; result;
}
&lt;/pre&gt;
&lt;/div&gt;&lt;/div&gt;</comment>
                            <comment id="15860384" author="sebb@apache.org" created="Thu, 9 Feb 2017 23:28:46 +0000">&lt;p&gt;Sorry, only just got around to running the code.&lt;br/&gt;
Could not connect to the demo.&lt;/p&gt;</comment>
                            <comment id="15860945" author="yggdrasild" created="Fri, 10 Feb 2017 09:01:18 +0000">&lt;p&gt;Tested the code this morning. Connected ok.&lt;/p&gt;

&lt;p&gt;My guess is that this has to do with certificates installed in cacerts. This server uses startssl. On Ubuntu I run:&lt;/p&gt;

&lt;p&gt;sudo keytool -import -file /etc/ssl/certs/StartCom_Certification_Authority.pem -keystore $JAVA_HOME/jre/lib/security/cacerts&lt;/p&gt;

&lt;p&gt;If you run on windows I have attached a batch-file and the certificate. It expects JAVA_HOME to be defined.&lt;/p&gt;</comment>
                            <comment id="15863687" author="sebb@apache.org" created="Mon, 13 Feb 2017 13:42:18 +0000">&lt;p&gt;Thanks, I have managed to login now.&lt;/p&gt;

&lt;p&gt;I had to use Java 1.7 as well as add the cert (I added that locally, and defined javax.net.ssl.trustStore as I don't want to change the default Java store)&lt;/p&gt;</comment>
                            <comment id="15863795" author="sebb@apache.org" created="Mon, 13 Feb 2017 15:03:20 +0000">&lt;p&gt;I can reproduce the problems.&lt;/p&gt;

&lt;p&gt;There does not seem to be a sub-folder with a non-ascii name and with no space - would it be possible to set one up?&lt;/p&gt;</comment>
                            <comment id="15863883" author="sebb@apache.org" created="Mon, 13 Feb 2017 16:10:28 +0000">&lt;p&gt;I don't get the same problem when using IMAP with Yahoo. I've not tried non-ASCII, but spaces in sub-folders work fine.&lt;br/&gt;
Likewise with GMail, though that is not true IMAP.&lt;/p&gt;</comment>
                            <comment id="15864032" author="yggdrasild" created="Mon, 13 Feb 2017 17:31:00 +0000">&lt;p&gt;Have create 2 subfolders:&lt;br/&gt;
Presis&lt;br class="atl-forced-newline" /&gt;asciiOnly&lt;br/&gt;
Presis&lt;br class="atl-forced-newline" /&gt;ascii subfolder with spaces&lt;/p&gt;

&lt;p&gt;Sorry, that I didn't test against other servers. Have tested against outlook.com. Seems to work without any flaws.&lt;/p&gt;

&lt;p&gt;The server with issues runs IBM Domino. I will configure server, add some more debug-information, and see if it will shed some light to the problem.&lt;/p&gt;</comment>
                            <comment id="15864064" author="yggdrasild" created="Mon, 13 Feb 2017 17:46:05 +0000">&lt;p&gt;Even at highest debug-verbose level there was no information at the server log when failing to select a folder.&lt;/p&gt;</comment>
                            <comment id="15864208" author="yggdrasild" created="Mon, 13 Feb 2017 18:54:49 +0000">&lt;p&gt;Configured Thunderbird to maximum verbose level. (since it works).&lt;/p&gt;

&lt;p&gt;Looking at the log I found that in some cases the transferred foldername used &lt;br class="atl-forced-newline" /&gt; as folder -  subfolder separator. In other cases Thunderbird transferred \\\\ as folder - subfolder separator. So rewriting folder-select routine seems to work:&lt;/p&gt;

&lt;div class="code panel" style="border-width: 1px;"&gt;&lt;div class="codeContent panelContent"&gt;
&lt;pre class="code-java"&gt;&lt;span class="code-keyword"&gt;if&lt;/span&gt; (!imapClient.select(fName)){
	fName = fName.replace(&lt;span class="code-quote"&gt;"\\"&lt;/span&gt;, &lt;span class="code-quote"&gt;"\\\\"&lt;/span&gt;);
	imapClient.select(fName));
} 
&lt;/pre&gt;
&lt;/div&gt;&lt;/div&gt;</comment>
                            <comment id="15865507" author="sebb@apache.org" created="Tue, 14 Feb 2017 10:03:33 +0000">&lt;p&gt;It looks as though Domino wants backslashes to be doubled if they are in a quoted string.&lt;/p&gt;

&lt;div class="code panel" style="border-width: 1px;"&gt;&lt;div class="codeContent panelContent"&gt;
&lt;pre class="code-java"&gt;Presis\Done - works
&lt;span class="code-quote"&gt;"Precis\Done"&lt;/span&gt; - fails
&lt;span class="code-quote"&gt;"Presis\\Done"&lt;/span&gt; - works
&lt;/pre&gt;
&lt;/div&gt;&lt;/div&gt;

&lt;p&gt;(Of course in Java you have to double-up the backslashes in strings)&lt;/p&gt;

&lt;p&gt;This may be a bug in IBM Domino - it certainly seems odd to have to do this.&lt;br/&gt;
However Thunderbird obviously does it; this could either be a specific workround for Domino, or maybe it really is a requirement of the IMAP standard.&lt;br/&gt;
It would be useful to know which.&lt;/p&gt;

&lt;p&gt;In the meantime it is of course possible to work round the issue in user code.&lt;/p&gt;</comment>
                            <comment id="15865541" author="sebb@apache.org" created="Tue, 14 Feb 2017 10:29:19 +0000">&lt;p&gt;I think I have found the reference:&lt;/p&gt;

&lt;p&gt;&lt;a href="https://tools.ietf.org/html/rfc2683#section-3.4.2" class="external-link" target="_blank" rel="nofollow noopener"&gt;https://tools.ietf.org/html/rfc2683#section-3.4.2&lt;/a&gt;&lt;/p&gt;

&lt;p&gt;In which case, Domino is correct.&lt;br/&gt;
The problems do not arise with GMail and Yahoo because they use / as the folder separator.&lt;/p&gt;</comment>
                            <comment id="15865656" author="yggdrasild" created="Tue, 14 Feb 2017 11:54:36 +0000">&lt;p&gt;Tried rewriting the selectFolder in my mail-object:&lt;/p&gt;

&lt;div class="code panel" style="border-width: 1px;"&gt;&lt;div class="codeContent panelContent"&gt;
&lt;pre class="code-java"&gt;&lt;span class="code-comment"&gt;// encode foldername without quotes
&lt;/span&gt;&lt;span class="code-object"&gt;String&lt;/span&gt; fName = BASE64MailboxEncoder.encode(StringFormatNO.removeQuotes(getFolderName()));
&lt;span class="code-comment"&gt;// escape quotes and \\
&lt;/span&gt;fName = fName.replace(&lt;span class="code-quote"&gt;"\"&lt;/span&gt;&lt;span class="code-quote"&gt;", "&lt;/span&gt;\\\&lt;span class="code-quote"&gt;"").replace("&lt;/span&gt;\\&lt;span class="code-quote"&gt;", "&lt;/span&gt;\\\\");
&lt;span class="code-comment"&gt;// add quotes
&lt;/span&gt;fName = &lt;span class="code-quote"&gt;"\"&lt;/span&gt;&lt;span class="code-quote"&gt;" + fName + "&lt;/span&gt;\"";

result = imapClient.select(fName);
&lt;/pre&gt;
&lt;/div&gt;&lt;/div&gt;

&lt;p&gt;Works with the samples tested. i.e both with/without spaces and with/without &#230;&#248;&#229;.&lt;/p&gt;</comment>
                            <comment id="15865962" author="sebb@apache.org" created="Tue, 14 Feb 2017 15:30:50 +0000">&lt;p&gt;Good to know.&lt;/p&gt;

&lt;p&gt;Regarding the test code: as far as I know, you don't need to enclose mailbox names in quotes unless they contain a space.&lt;/p&gt;

&lt;p&gt;For example, this works:&lt;/p&gt;

&lt;div class="code panel" style="border-width: 1px;"&gt;&lt;div class="codeContent panelContent"&gt;
&lt;pre class="code-java"&gt;AAAB SELECT M&amp;amp;APg-ter
&lt;/pre&gt;
&lt;/div&gt;&lt;/div&gt;

&lt;p&gt;However, it does seem to be necessary to quote-wrap names containing double-quotes.&lt;/p&gt;

&lt;p&gt;As you suggest in the previous comment, one way to simplify the code is to always quote the mailbox name.&lt;/p&gt;

&lt;p&gt;However, both the following are valid mailbox names:&lt;/p&gt;

&lt;p&gt;Unquoted&lt;br/&gt;
"Quoted"&lt;/p&gt;

&lt;p&gt;So in general it's not possible to determine whether or not a string representing a mailbox name has already been quoted.&lt;br/&gt;
The application must keep track of the quoted status separately.&lt;/p&gt;</comment>
                    </comments>
                    <attachments>
                            <attachment id="12852022" name="import_startssl_to_javahome.windows.zip" size="2243" author="yggdrasild" created="Fri, 10 Feb 2017 09:01:49 +0000" />
                            <attachment id="12825906" name="testCommonsNetIMAPselect.java" size="3515" author="yggdrasild" created="Sun, 28 Aug 2016 14:16:59 +0000" />
                    </attachments>
                <subtasks>
                    </subtasks>
                <customfields>
                                                                                                                                                                                                                                                                                                                                                                                                                                                                                                                                                                                                                                                                                                                    <customfield id="customfield_12314020" key="com.atlassian.jira.plugins.jira-development-integration-plugin:devsummary">
                        <customfieldname>Development</customfieldname>
                        <customfieldvalues>
                            
                        </customfieldvalues>
                    </customfield>
                                                                                                                        <customfield id="customfield_12313422" key="com.atlassian.jirafisheyeplugin:jobcheckbox">
                        <customfieldname>Enable Automatic Patch Review</customfieldname>
                        <customfieldvalues>
                            <customfieldvalue>false</customfieldvalue>

                        </customfieldvalues>
                    </customfield>
                                                                                                                                                                                                                                                                                                                                                                                                                                                                                                                                                                                                                                                <customfield id="customfield_12310420" key="com.pyxis.greenhopper.jira:gh-global-rank">
                        <customfieldname>Global Rank</customfieldname>
                        <customfieldvalues>
                            <customfieldvalue>9223372036854775807</customfieldvalue>
                        </customfieldvalues>
                    </customfield>
                                                                                                                                                                                                                                                                                                                                                                                                                                                                        <customfield id="customfield_12311820" key="com.pyxis.greenhopper.jira:gh-lexo-rank">
                        <customfieldname>Rank</customfieldname>
                        <customfieldvalues>
                            <customfieldvalue>0|i32n2f:</customfieldvalue>

                        </customfieldvalues>
                    </customfield>
                                                                <customfield id="customfield_12310920" key="com.pyxis.greenhopper.jira:gh-global-rank">
                        <customfieldname>Rank (Obsolete)</customfieldname>
                        <customfieldvalues>
                            <customfieldvalue>9223372036854775807</customfieldvalue>
                        </customfieldvalues>
                    </customfield>
                                                                                                                                                                                                                                                                                                                                                                                                                                                                                                                                                                                                                                                                                                                                                                                            </customfields>
    </item>


</channel>
</rss>