<rss version="0.92">
    <channel>
        <title>ASF JIRA</title>
        <link>https://issues.apache.org/jira/issues/?jql=project+%3D+NET+AND+type+%3D+bug+and+%28status+%3D+RESOLVED+or+status+%3D+closed%29</link>
        <description>An XML representation of a search request</description>
                <language>en-uk</language>
                        <issue start="0" end="464" total="464" />
                <build-info>
            <version>8.20.7</version>
            <build-number>820007</build-number>
            <build-date>16-03-2022</build-date>
        </build-info>

<item>
            <title>[NET-39] [net] Solution for ant ftp fails with Nullpointerexception when a symlink is evaluated in method checkRemoteSensitivity in FTP.java for a z/OS ftp server</title>
                <link>https://issues.apache.org/jira/browse/NET-39</link>
                <project id="12310487" key="NET">Commons Net</project>
                    <description>&lt;p&gt;The following code is trying to download a file from a z/OS FTP server:&lt;br/&gt;
&amp;lt;ftp action="get" server="${server}" userid="${userid}" password="${password}"&lt;br/&gt;
remotedir="/usr/lpp/ims/imsjava91"&amp;gt;&lt;br/&gt;
  &amp;lt;fileset dir="C:\temp"&amp;gt;&lt;br/&gt;
    &amp;lt;include name="imsjava.jar"/&amp;gt;&lt;br/&gt;
  &amp;lt;/fileset&amp;gt;&lt;br/&gt;
&amp;lt;/ftp&amp;gt;&lt;/p&gt;

&lt;p&gt;The directory in my case also contains symlinks to non Unix File Systems. For&lt;br/&gt;
those symlinks somehow the FTP classes are not able to obtain file information,&lt;br/&gt;
e.g. the following listing prints String target and array&lt;span class="error"&gt;&amp;#91;pcounter&amp;#93;&lt;/span&gt; from method&lt;br/&gt;
checkRemoteSensitivity in org/apache/tools/ant/taskdefs/optional/net/FTP.java:&lt;/p&gt;

&lt;p&gt;      &lt;span class="error"&gt;&amp;#91;ftp&amp;#93;&lt;/span&gt; getting files&lt;br/&gt;
      &lt;span class="error"&gt;&amp;#91;ftp&amp;#93;&lt;/span&gt; ibm drwxr-xr-x   2 OMVSKERN SYS1        8192 Feb 14  2005 IBM&lt;br/&gt;
      &lt;span class="error"&gt;&amp;#91;ftp&amp;#93;&lt;/span&gt; ibm &lt;del&gt;rw-r&lt;/del&gt;&lt;del&gt;r&lt;/del&gt;-   2 OMVSKERN SYS1        1963 Feb 14  2005 README&lt;br/&gt;
      &lt;span class="error"&gt;&amp;#91;ftp&amp;#93;&lt;/span&gt; ibm drwxr-xr-x   3 OMVSKERN SYS1        8192 Feb 14  2005 cics&lt;br/&gt;
      &lt;span class="error"&gt;&amp;#91;ftp&amp;#93;&lt;/span&gt; ibm drwxr-xr-x   4 OMVSKERN SYS1        8192 Jun 16 13:50 dlimodel&lt;br/&gt;
      &lt;span class="error"&gt;&amp;#91;ftp&amp;#93;&lt;/span&gt; ibm &lt;del&gt;rw-r&lt;/del&gt;&lt;del&gt;r&lt;/del&gt;-   2 OMVSKERN SYS1      267217 Jun 16 13:50 imsjava.ja&lt;br/&gt;
r&lt;br/&gt;
      &lt;span class="error"&gt;&amp;#91;ftp&amp;#93;&lt;/span&gt; ibm &lt;del&gt;rw-r&lt;/del&gt;&lt;del&gt;r&lt;/del&gt;-   2 OMVSKERN SYS1        5545 Jun 16 13:50 imsjava91.&lt;br/&gt;
rar&lt;br/&gt;
      &lt;span class="error"&gt;&amp;#91;ftp&amp;#93;&lt;/span&gt; ibm drwxr-xr-x   3 OMVSKERN SYS1        8192 Feb 14  2005 lib&lt;br/&gt;
      &lt;span class="error"&gt;&amp;#91;ftp&amp;#93;&lt;/span&gt; ibm null&lt;/p&gt;

&lt;p&gt;In FTP.java at line 536 it is not checked if array&lt;span class="error"&gt;&amp;#91;pcounter&amp;#93;&lt;/span&gt; is null.&lt;/p&gt;

&lt;p&gt;Commons-net is at 1.4.0. Apache Ant version is 1.6.2 compiled on July 16 2004. I&lt;br/&gt;
did not try to research the cause in the code, why the file information is null.&lt;br/&gt;
For me I added an if clause around lines 536-538 to check if array&lt;span class="error"&gt;&amp;#91;pcounter&amp;#93;&lt;/span&gt; is&lt;br/&gt;
null and this worked great.&lt;/p&gt;

&lt;p&gt;So I replaced lines:&lt;br/&gt;
                              if (array&lt;span class="error"&gt;&amp;#91;pcounter&amp;#93;&lt;/span&gt;.getName().equals(target) &amp;amp;&amp;amp;&lt;br/&gt;
pcounter != icounter) &lt;/p&gt;
{
                                candidateFound = false;
                              }&lt;br/&gt;
&lt;br/&gt;
with:&lt;br/&gt;
                           if (array&lt;span class="error"&gt;&amp;#91;pcounter&amp;#93;&lt;/span&gt; != null) {&lt;br/&gt;
                              if (array&lt;span class="error"&gt;&amp;#91;pcounter&amp;#93;&lt;/span&gt;.getName().equals(target) &amp;amp;&amp;amp;&lt;br/&gt;
pcounter != icounter) {                                candidateFound = false;                              }
&lt;p&gt;                           }&lt;/p&gt;

&lt;p&gt;I would highly appreciate to add that code to Ant, otherwise my customers will&lt;br/&gt;
not be able to use any Ant version for some z/OS directories.&lt;br/&gt;
Thank you in advance.&lt;/p&gt;</description>
                <environment>&lt;p&gt;Operating System: Windows 2000&lt;br/&gt;
Platform: PC&lt;/p&gt;</environment>
        <key id="12342493">NET-39</key>
            <summary>[net] Solution for ant ftp fails with Nullpointerexception when a symlink is evaluated in method checkRemoteSensitivity in FTP.java for a z/OS ftp server</summary>
                <type id="1" iconUrl="https://issues.apache.org/jira/secure/viewavatar?size=xsmall&amp;avatarId=21133&amp;avatarType=issuetype">Bug</type>
                                            <priority id="3" iconUrl="https://issues.apache.org/jira/images/icons/priorities/major.svg">Major</priority>
                        <status id="6" iconUrl="https://issues.apache.org/jira/images/icons/statuses/closed.png" description="The issue is considered finished, the resolution is correct. Issues which are not closed can be reopened.">Closed</status>
                    <statusCategory id="3" key="done" colorName="green" />
                                    <resolution id="1">Fixed</resolution>
                                        <assignee username="-1">Unassigned</assignee>
                                    <reporter username="denisgaebler@netscape.net">Denis Gaebler</reporter>
                        <labels>
                    </labels>
                <created>Fri, 19 Aug 2005 04:22:21 +0000</created>
                <updated>Thu, 20 Sep 2007 05:31:07 +0000</updated>
                            <resolved>Sun, 27 Aug 2006 17:05:37 +0000</resolved>
                                    <version>1.4</version>
                                    <fixVersion>2.0</fixVersion>
                                        <due />
                            <votes>0</votes>
                                    <watches>0</watches>
                                                                <comments>
                            <comment id="12410192" author="denisgaebler@netscape.net" created="Fri, 19 Aug 2005 04:40:29 +0000">&lt;p&gt;Created an attachment (id=16103)&lt;br/&gt;
diff file for the solution&lt;/p&gt;

&lt;p&gt;It should be easy to forward fit this solution for newer versions of FTP.java&lt;/p&gt;</comment>
                            <comment id="12410193" author="stevel@apache.org" created="Fri, 19 Aug 2005 18:12:37 +0000">&lt;p&gt;1. please try against CVS_HEAD or Ant1.6.5 and verify that the problem is still&lt;br/&gt;
there. I suspect it is, but, we need to be sure, and diffs against latest code&lt;br/&gt;
are easier to apply.&lt;/p&gt;

&lt;p&gt;2, the patch hides a symptom, not the underlying cause, and we should fix it&lt;br/&gt;
properly. Assuming the defect is in this code (now moved a bit down the files)&lt;/p&gt;

&lt;p&gt;            for (int icounter = 0; icounter &amp;lt; array.length; icounter++) {&lt;br/&gt;
                if (array&lt;span class="error"&gt;&amp;#91;icounter&amp;#93;&lt;/span&gt;.isDirectory()) {&lt;br/&gt;
                    if (!array&lt;span class="error"&gt;&amp;#91;icounter&amp;#93;&lt;/span&gt;.getName().equals(".")&lt;br/&gt;
                        &amp;amp;&amp;amp; !array&lt;span class="error"&gt;&amp;#91;icounter&amp;#93;&lt;/span&gt;.getName().equals("..")) {&lt;br/&gt;
                        candidateFound = true;&lt;br/&gt;
                        target = fiddleName(array&lt;span class="error"&gt;&amp;#91;icounter&amp;#93;&lt;/span&gt;.getName());&lt;br/&gt;
                        getProject().log("will try to cd to "&lt;br/&gt;
                            + target + " where a directory called " +&lt;br/&gt;
array&lt;span class="error"&gt;&amp;#91;icounter&amp;#93;&lt;/span&gt;.getName()&lt;br/&gt;
                            + " exists", Project.MSG_DEBUG);&lt;br/&gt;
                        for (int pcounter = 0; pcounter &amp;lt; array.length;&lt;br/&gt;
pcounter++) {&lt;br/&gt;
                            if (array&lt;span class="error"&gt;&amp;#91;pcounter&amp;#93;&lt;/span&gt;.getName().equals(target) &amp;amp;&amp;amp;&lt;br/&gt;
pcounter != icounter) &lt;/p&gt;
{
                                candidateFound = false;
                            }
&lt;p&gt;                        }&lt;br/&gt;
                        if (candidateFound) &lt;/p&gt;
{
                            break;
                        }
&lt;p&gt;                    }&lt;br/&gt;
                }&lt;br/&gt;
            }&lt;/p&gt;

&lt;p&gt;then we are iterating twice through the array. the outer loop needs to handle&lt;br/&gt;
nullness too, or we should strip null pointers out earlier. &lt;/p&gt;</comment>
                            <comment id="12410194" author="denisgaebler@netscape.net" created="Fri, 19 Aug 2005 21:10:04 +0000">&lt;p&gt;(In reply to comment #2)&lt;br/&gt;
Hi Steve,&lt;/p&gt;

&lt;p&gt;the array&lt;span class="error"&gt;&amp;#91;icounter&amp;#93;&lt;/span&gt;.isDirectory() for some reason returns always true, even if&lt;br/&gt;
array&lt;span class="error"&gt;&amp;#91;icounter&amp;#93;&lt;/span&gt; is null and although the files are no directory. &lt;/p&gt;

&lt;p&gt;Buildfile: build.xml&lt;/p&gt;

&lt;p&gt;all:&lt;br/&gt;
      &lt;span class="error"&gt;&amp;#91;ftp&amp;#93;&lt;/span&gt; getting files&lt;br/&gt;
      &lt;span class="error"&gt;&amp;#91;ftp&amp;#93;&lt;/span&gt; isdirectory: true array: drwxr-xr-x   2 OMVSKERN SYS1        8192&lt;br/&gt;
Feb 14  2005 IBM&lt;br/&gt;
      &lt;span class="error"&gt;&amp;#91;ftp&amp;#93;&lt;/span&gt; isdirectory: true array: &lt;del&gt;rw-r&lt;/del&gt;&lt;del&gt;r&lt;/del&gt;-   2 OMVSKERN SYS1        1963&lt;br/&gt;
Feb 14  2005 README&lt;br/&gt;
      &lt;span class="error"&gt;&amp;#91;ftp&amp;#93;&lt;/span&gt; isdirectory: true array: drwxr-xr-x   3 OMVSKERN SYS1        8192&lt;br/&gt;
Feb 14  2005 cics&lt;br/&gt;
      &lt;span class="error"&gt;&amp;#91;ftp&amp;#93;&lt;/span&gt; isdirectory: true array: drwxr-xr-x   4 OMVSKERN SYS1        8192&lt;br/&gt;
Jun 16 13:50 dlimodel&lt;br/&gt;
      &lt;span class="error"&gt;&amp;#91;ftp&amp;#93;&lt;/span&gt; isdirectory: true array: &lt;del&gt;rw-r&lt;/del&gt;&lt;del&gt;r&lt;/del&gt;-   2 OMVSKERN SYS1      267217&lt;br/&gt;
Jun 16 13:50 imsjava.jar&lt;br/&gt;
      &lt;span class="error"&gt;&amp;#91;ftp&amp;#93;&lt;/span&gt; isdirectory: true array: &lt;del&gt;rw-r&lt;/del&gt;&lt;del&gt;r&lt;/del&gt;-   2 OMVSKERN SYS1        5545&lt;br/&gt;
Jun 16 13:50 imsjava91.rar&lt;br/&gt;
      &lt;span class="error"&gt;&amp;#91;ftp&amp;#93;&lt;/span&gt; isdirectory: true array: drwxr-xr-x   3 OMVSKERN SYS1        8192&lt;br/&gt;
Feb 14  2005 lib&lt;br/&gt;
      &lt;span class="error"&gt;&amp;#91;ftp&amp;#93;&lt;/span&gt; isdirectory: true array: null&lt;br/&gt;
      &lt;span class="error"&gt;&amp;#91;ftp&amp;#93;&lt;/span&gt; isdirectory: true array: drwxr-xr-x   8 OMVSKERN SYS1        8192&lt;br/&gt;
Jul 20 19:23 samples&lt;br/&gt;
      &lt;span class="error"&gt;&amp;#91;ftp&amp;#93;&lt;/span&gt; isdirectory: true array: &lt;del&gt;rw-r&lt;/del&gt;&lt;del&gt;r&lt;/del&gt;-   1 OMVSKERN SYS1       87809&lt;br/&gt;
Sep 24  2004 samples.jar&lt;/p&gt;

&lt;p&gt;In addition, you are right. For my current directory it's luck, that the&lt;br/&gt;
NullPointerException does not occur in the outer loop.&lt;/p&gt;

&lt;p&gt;The root error seams to be in commons net classes, since with a wu-ftp server&lt;br/&gt;
the isdirectory() method works correct and only returns true for directories.&lt;br/&gt;
I'll try to find the cause of the array being null in case of a symbolic link in&lt;br/&gt;
the z/OS directory.&lt;/p&gt;</comment>
                            <comment id="12410195" author="stevel@apache.org" created="Fri, 19 Aug 2005 21:53:52 +0000">&lt;p&gt;Maybe isDirectory() is final and the JVM is not checking things. &lt;/p&gt;

&lt;p&gt;If this is a recurrent problem, the best tactic would be to strip null fields&lt;br/&gt;
from the array. And/Or we track it down to commons-net problem and have them fix&lt;br/&gt;
it. Best to do both, to deal with older versions of the c-net stack.&lt;/p&gt;</comment>
                            <comment id="12410196" author="denisgaebler@netscape.net" created="Sat, 20 Aug 2005 04:45:10 +0000">&lt;p&gt;(In reply to comment #4)&lt;br/&gt;
I found the error in commons-net UnixFTPEntryParser.java&lt;br/&gt;
This class is unable to handle the external symlink permission bit in z/OS which&lt;br/&gt;
is e. &lt;br/&gt;
erwxrwxrwx   1 OMVSKERN SYS1           7 Feb 14  2005 libJavTDLI.so -&amp;gt; DFSCLIB&lt;br/&gt;
The regular expression which is defined there is not able to handle the e which&lt;br/&gt;
leeds to skip all processing and return a null FTPFile Object.&lt;/p&gt;

&lt;p&gt;I don't know, if you think it is still required to catch null entries. I try to&lt;br/&gt;
change the UnixFTPEntryParser.java to work.&lt;br/&gt;
Please let me know, if I should create a bug for the commons-net classes.&lt;/p&gt;</comment>
                            <comment id="12410197" author="denisgaebler@netscape.net" created="Sat, 20 Aug 2005 04:47:59 +0000">&lt;p&gt;Here is the description of the e bit from the z/OS Unix System Services Manual:&lt;/p&gt;

&lt;p&gt; -e&lt;br/&gt;
    Specifies that the link created by ln be an external link. One purpose for&lt;br/&gt;
creating an external link is to create a mount point that an NFS client can use&lt;br/&gt;
to access a data set through the DFSMS/MVS&#174; Network File System feature. The&lt;br/&gt;
normal content of an external link is a name that refers to an object outside&lt;br/&gt;
the hierarchical file system, such as a data set. The data set that the&lt;br/&gt;
DFSMS/MVS Network File System feature uses can be any type of MVS data set. For&lt;br/&gt;
a partitioned data set, however, you specify a fully qualified name in all caps.&lt;br/&gt;
For example:&lt;/p&gt;

&lt;p&gt;          ln -e NOLL.PLIB.PGMA /u/noll/plib/pgma&lt;/p&gt;

&lt;p&gt;    External links can also be used to map an HFS file name to a PDS or PDSE&lt;br/&gt;
member name for an executable load module. An example of how you would define&lt;br/&gt;
the external link is:&lt;/p&gt;

&lt;p&gt;          ln -e MYPGM /u/smorg/mylongpgmname&lt;/p&gt;</comment>
                            <comment id="12410198" author="denisgaebler@netscape.net" created="Sat, 20 Aug 2005 05:20:14 +0000">&lt;p&gt;Created an attachment (id=16118)&lt;br/&gt;
diff for UnixFTPEntryParser for commons-net-src-20050819&lt;/p&gt;

&lt;p&gt;It adds support for the z/OS external link bit e, which is so far not included&lt;br/&gt;
in the Regular Expression REGEX and sets the type for e to&lt;br/&gt;
FTPFile.SYMBOLIC_LINK_TYPE.&lt;br/&gt;
Its the org.apache.commons.net.ftp.parser.UnixFTPEntryParser and not the ftp2&lt;br/&gt;
one&lt;/p&gt;</comment>
                            <comment id="12410199" author="scohen@apache.org" created="Thu, 24 Nov 2005 11:13:46 +0000">&lt;p&gt;Pardon my ignorance, but I don't know very much about z/OS.  I do know something&lt;br/&gt;
about commons-net and the ftp parsers.&lt;/p&gt;

&lt;p&gt;Is this external link bit "e" something that is z/OS specific or do other&lt;br/&gt;
flavors of unix support it?  Would this break the parser on non-z/OS systems?&lt;/p&gt;

&lt;p&gt;Are there other differences between z/OS and regular unix FTP servers that we&lt;br/&gt;
need to take account of?&lt;/p&gt;

&lt;p&gt;Where I'm going with this is:&lt;/p&gt;

&lt;p&gt;Would it be better to accept this patch or to create an independent parser for&lt;br/&gt;
z/OS?  To help answer this question, here's another:&lt;/p&gt;

&lt;p&gt;When connecting to a z/OS FTP server, what does the SYST ftp command return?&lt;/p&gt;

&lt;p&gt;Sorry to take so long in answering, but would like to have these questions&lt;br/&gt;
answered before I jump one way or the other.&lt;/p&gt;</comment>
                            <comment id="12410200" author="denisgaebler@netscape.net" created="Tue, 11 Apr 2006 23:57:55 +0000">&lt;p&gt;(In reply to comment #8)&lt;br/&gt;
Hi Steve,&lt;/p&gt;

&lt;p&gt;sorry for the delay, I did not get an email for your update. We have been using&lt;br/&gt;
a modified version so far, but that is not really an ultimate solution.&lt;br/&gt;
For the first question, the e flag is something specific to z/OS since its to&lt;br/&gt;
only way to define links from the HFS UNIX file system to the traditional z/OS&lt;br/&gt;
filesystems which are called Datasets (sequential or partitioned).&lt;br/&gt;
I don't know of any other Unix that uses the e flag. Don't know if it is&lt;br/&gt;
specified somewhere else.&lt;/p&gt;

&lt;p&gt;I think it is better to have a parser for z/OS FTP Server, here is the SYST Output:&lt;br/&gt;
220-FTPD1 IBM FTP CS V1R7 at FLEXES.DFW.IBM.COM, 16:34:51 on 2006-04-11.&lt;br/&gt;
220 Connection will close if idle for more than 5 minutes.&lt;br/&gt;
Name (flexes.ehningen.de.ibm.com:gaebler):&lt;br/&gt;
331 Send password please.&lt;br/&gt;
Password:&lt;br/&gt;
230 GAEBLER is logged on.  Working directory is "GAEBLER.".&lt;br/&gt;
Remote system type is MVS.&lt;br/&gt;
ftp&amp;gt; syst&lt;br/&gt;
215 MVS is the operating system of this server. FTP Server is running on z/OS.&lt;br/&gt;
ftp&amp;gt;&lt;/p&gt;

&lt;p&gt;Hope that helps, Denis.&lt;/p&gt;</comment>
                            <comment id="12430876" author="rwinston@eircom.net" created="Sun, 27 Aug 2006 17:05:37 +0000">&lt;p&gt;Added to 2.0 branch&lt;/p&gt;</comment>
                    </comments>
                    <attachments>
                            <attachment id="12333739" name="ASF.LICENSE.NOT.GRANTED--FTP.diffs" size="887" author="denisgaebler@netscape.net" created="Fri, 19 Aug 2005 04:40:29 +0000" />
                            <attachment id="12333740" name="ASF.LICENSE.NOT.GRANTED--UnixFTPEntryParser.diffs" size="879" author="denisgaebler@netscape.net" created="Sat, 20 Aug 2005 05:20:14 +0000" />
                    </attachments>
                <subtasks>
                    </subtasks>
                <customfields>
                                                                                                                                                                                                                                                                                                                                                                                                                                                                                                                                                                                                    <customfield id="customfield_10010" key="com.atlassian.jira.plugin.system.customfieldtypes:importid">
                        <customfieldname>Bugzilla Id</customfieldname>
                        <customfieldvalues>
                            <customfieldvalue>36258</customfieldvalue>
                        </customfieldvalues>
                    </customfield>
                                                                                                                                                    <customfield id="customfield_12314020" key="com.atlassian.jira.plugins.jira-development-integration-plugin:devsummary">
                        <customfieldname>Development</customfieldname>
                        <customfieldvalues>
                            
                        </customfieldvalues>
                    </customfield>
                                                                                                                        <customfield id="customfield_12313422" key="com.atlassian.jirafisheyeplugin:jobcheckbox">
                        <customfieldname>Enable Automatic Patch Review</customfieldname>
                        <customfieldvalues>
                            <customfieldvalue>false</customfieldvalue>

                        </customfieldvalues>
                    </customfield>
                                                                                                                                                                                                                                                                                                                                                                                                                                                                                                                                                                                                                                                <customfield id="customfield_12310420" key="com.pyxis.greenhopper.jira:gh-global-rank">
                        <customfieldname>Global Rank</customfieldname>
                        <customfieldvalues>
                            <customfieldvalue>154379</customfieldvalue>
                        </customfieldvalues>
                    </customfield>
                                                                                                                                                                                                                                                                                                                                                                                                                                                                        <customfield id="customfield_12311820" key="com.pyxis.greenhopper.jira:gh-lexo-rank">
                        <customfieldname>Rank</customfieldname>
                        <customfieldvalues>
                            <customfieldvalue>0|i0kupr:</customfieldvalue>

                        </customfieldvalues>
                    </customfield>
                                                                <customfield id="customfield_12310920" key="com.pyxis.greenhopper.jira:gh-global-rank">
                        <customfieldname>Rank (Obsolete)</customfieldname>
                        <customfieldvalues>
                            <customfieldvalue>119794</customfieldvalue>
                        </customfieldvalues>
                    </customfield>
                                                                                                                                                                                                                                                                                                                                                                                                                                                                                                                                                                                                                                                                                                                                                                                            </customfields>
    </item>


</channel>
</rss>