<rss version="0.92">
    <channel>
        <title>ASF JIRA</title>
        <link>https://issues.apache.org/jira/issues/?jql=project+%3D+NET+AND+type+%3D+bug+and+%28status+%3D+RESOLVED+or+status+%3D+closed%29</link>
        <description>An XML representation of a search request</description>
                <language>en-uk</language>
                        <issue start="0" end="464" total="464" />
                <build-info>
            <version>8.20.7</version>
            <build-number>820007</build-number>
            <build-date>16-03-2022</build-date>
        </build-info>

<item>
            <title>[NET-581] SimpleSMTPHeader fails to supply the required Date: header</title>
                <link>https://issues.apache.org/jira/browse/NET-581</link>
                <project id="12310487" key="NET">Commons Net</project>
                    <description>&lt;p&gt;According to RFC 5322 &lt;span class="error"&gt;&amp;#91;1&amp;#93;&lt;/span&gt; (previously 2822, 822) the message headers MUST include both the From: and Date: (orig-date) fields.&lt;/p&gt;

&lt;p&gt;However this is not provided by SimpleSMTPHeader#toString()&lt;/p&gt;

&lt;p&gt;The code should be amended to generate this if the user has not supplied a Date: header.&lt;/p&gt;

&lt;p&gt;&lt;span class="error"&gt;&amp;#91;1&amp;#93;&lt;/span&gt; &lt;a href="https://tools.ietf.org/html/rfc5322#section-3.6" class="external-link" target="_blank" rel="nofollow noopener"&gt;https://tools.ietf.org/html/rfc5322#section-3.6&lt;/a&gt;&lt;/p&gt;</description>
                <environment />
        <key id="12858281">NET-581</key>
            <summary>SimpleSMTPHeader fails to supply the required Date: header</summary>
                <type id="1" iconUrl="https://issues.apache.org/jira/secure/viewavatar?size=xsmall&amp;avatarId=21133&amp;avatarType=issuetype">Bug</type>
                                            <priority id="3" iconUrl="https://issues.apache.org/jira/images/icons/priorities/major.svg">Major</priority>
                        <status id="6" iconUrl="https://issues.apache.org/jira/images/icons/statuses/closed.png" description="The issue is considered finished, the resolution is correct. Issues which are not closed can be reopened.">Closed</status>
                    <statusCategory id="3" key="done" colorName="green" />
                                    <resolution id="1">Fixed</resolution>
                                        <assignee username="-1">Unassigned</assignee>
                                    <reporter username="sebb">Sebb</reporter>
                        <labels>
                    </labels>
                <created>Mon, 24 Aug 2015 12:27:41 +0000</created>
                <updated>Thu, 26 Nov 2015 16:34:44 +0000</updated>
                            <resolved>Mon, 24 Aug 2015 14:22:02 +0000</resolved>
                                                    <fixVersion>3.4</fixVersion>
                                        <due />
                            <votes>0</votes>
                                    <watches>0</watches>
                                                                <comments>
                            <comment id="14709361" author="sebb@apache.org" created="Mon, 24 Aug 2015 14:22:02 +0000">&lt;p&gt;URL: &lt;a href="http://svn.apache.org/r1697406" class="external-link" target="_blank" rel="nofollow noopener"&gt;http://svn.apache.org/r1697406&lt;/a&gt;&lt;br/&gt;
Log:&lt;br/&gt;
&lt;a href="https://issues.apache.org/jira/browse/NET-581" title="SimpleSMTPHeader fails to supply the required Date: header" class="issue-link" data-issue-key="NET-581"&gt;&lt;del&gt;NET-581&lt;/del&gt;&lt;/a&gt; SimpleSMTPHeader fails to supply the required Date: header&lt;/p&gt;

&lt;p&gt;Modified:&lt;br/&gt;
    commons/proper/net/trunk/src/changes/changes.xml&lt;br/&gt;
    commons/proper/net/trunk/src/main/java/org/apache/commons/net/smtp/SimpleSMTPHeader.java&lt;br/&gt;
    commons/proper/net/trunk/src/test/java/org/apache/commons/net/smtp/SimpleSMTPHeaderTestCase.java&lt;/p&gt;</comment>
                    </comments>
                    <attachments>
                    </attachments>
                <subtasks>
                    </subtasks>
                <customfields>
                                                                                                                                                                                                                                                                                                                                                                                                                                                                                                                                                                                                                                                                                                                    <customfield id="customfield_12314020" key="com.atlassian.jira.plugins.jira-development-integration-plugin:devsummary">
                        <customfieldname>Development</customfieldname>
                        <customfieldvalues>
                            
                        </customfieldvalues>
                    </customfield>
                                                                                                                        <customfield id="customfield_12313422" key="com.atlassian.jirafisheyeplugin:jobcheckbox">
                        <customfieldname>Enable Automatic Patch Review</customfieldname>
                        <customfieldvalues>
                            <customfieldvalue>false</customfieldvalue>

                        </customfieldvalues>
                    </customfield>
                                                                                                                                                                                                                                                                                                                                                                                                                                                                                                                                                                                                                                                <customfield id="customfield_12310420" key="com.pyxis.greenhopper.jira:gh-global-rank">
                        <customfieldname>Global Rank</customfieldname>
                        <customfieldvalues>
                            <customfieldvalue>9223372036854775807</customfieldvalue>
                        </customfieldvalues>
                    </customfield>
                                                                                                                                                                                                                                                                                                                                                                                                                                                                        <customfield id="customfield_12311820" key="com.pyxis.greenhopper.jira:gh-lexo-rank">
                        <customfieldname>Rank</customfieldname>
                        <customfieldvalues>
                            <customfieldvalue>0|i2ja7j:</customfieldvalue>

                        </customfieldvalues>
                    </customfield>
                                                                <customfield id="customfield_12310920" key="com.pyxis.greenhopper.jira:gh-global-rank">
                        <customfieldname>Rank (Obsolete)</customfieldname>
                        <customfieldvalues>
                            <customfieldvalue>9223372036854775807</customfieldvalue>
                        </customfieldvalues>
                    </customfield>
                                                                                                                                                                                                                                                                                                                                                                                                                                                                                                                                                                                                                                                                                                                                                                                            </customfields>
    </item>


</channel>
</rss>