<rss version="0.92">
    <channel>
        <title>ASF JIRA</title>
        <link>https://issues.apache.org/jira/issues/?jql=project+%3D+NET+AND+type+%3D+bug+and+%28status+%3D+RESOLVED+or+status+%3D+closed%29</link>
        <description>An XML representation of a search request</description>
                <language>en-uk</language>
                        <issue start="0" end="464" total="464" />
                <build-info>
            <version>8.20.7</version>
            <build-number>820007</build-number>
            <build-date>16-03-2022</build-date>
        </build-info>

<item>
            <title>[NET-602] Failure to parse times from SYST_L8 systems that report as "WINDOWS Type: L8"</title>
                <link>https://issues.apache.org/jira/browse/NET-602</link>
                <project id="12310487" key="NET">Commons Net</project>
                    <description>&lt;p&gt;When getting file entries from a Type: L8 system running on a Windows server the code cannot extract the timestamp of the file correctly (it returns null).&lt;/p&gt;

&lt;p&gt;The entry format returned by the server is as follows:&lt;br/&gt;
-rwxrwxrwx    1 user     group             2490 Sep    7 2016 file.txt&lt;/p&gt;

&lt;p&gt;The reason for this appears to be a bug in the way the DefaultFTPFileEntryParserFactory constructs the CompositeFileEntryParser (createNTFTPEntryParser method), as when it passes the config object through to the NTFTPEntryParser first, the config passed through is updated with the Default timestamp format for Windows FTP servers "MM-dd-yy hh:mma", and then when the same config object is passed to the UnixFTPEntryParser it picks up this default and tries to use it instead of what it should be which is "MMM d yyyy".&lt;/p&gt;

&lt;p&gt;Not sure when this bug was introduced but it is at least present in 3.3 and 3.5.&lt;/p&gt;

&lt;p&gt;The problem may also be present for the createOS400FTPEntryParser, though I have not confirmed this.&lt;/p&gt;

&lt;p&gt;Potential Solution:&lt;br/&gt;
When passing the config through to the parsers for each part of the CompositeFileEntryParser they should be using a clone of the original to avoid this kind of cross-contamination between different parser types.&lt;/p&gt;</description>
                <environment>&lt;p&gt;Windows Type: L8 FTP servers&lt;/p&gt;</environment>
        <key id="13003735">NET-602</key>
            <summary>Failure to parse times from SYST_L8 systems that report as "WINDOWS Type: L8"</summary>
                <type id="1" iconUrl="https://issues.apache.org/jira/secure/viewavatar?size=xsmall&amp;avatarId=21133&amp;avatarType=issuetype">Bug</type>
                                            <priority id="3" iconUrl="https://issues.apache.org/jira/images/icons/priorities/major.svg">Major</priority>
                        <status id="6" iconUrl="https://issues.apache.org/jira/images/icons/statuses/closed.png" description="The issue is considered finished, the resolution is correct. Issues which are not closed can be reopened.">Closed</status>
                    <statusCategory id="3" key="done" colorName="green" />
                                    <resolution id="1">Fixed</resolution>
                                        <assignee username="-1">Unassigned</assignee>
                                    <reporter username="rossb">Ross Burton</reporter>
                        <labels>
                    </labels>
                <created>Fri, 9 Sep 2016 02:32:45 +0000</created>
                <updated>Tue, 14 Feb 2017 22:22:36 +0000</updated>
                            <resolved>Tue, 7 Feb 2017 23:24:33 +0000</resolved>
                                    <version>3.3</version>
                    <version>3.5</version>
                                    <fixVersion>3.6</fixVersion>
                                    <component>FTP</component>
                        <due />
                            <votes>0</votes>
                                    <watches>1</watches>
                                                                <comments>
                            <comment id="15857019" author="sebb@apache.org" created="Tue, 7 Feb 2017 23:24:34 +0000">&lt;p&gt;URL: &lt;a href="http://svn.apache.org/viewvc?rev=1782089&amp;amp;view=rev" class="external-link" target="_blank" rel="nofollow noopener"&gt;http://svn.apache.org/viewvc?rev=1782089&amp;amp;view=rev&lt;/a&gt;&lt;br/&gt;
Log:&lt;br/&gt;
&lt;a href="https://issues.apache.org/jira/browse/NET-602" title="Failure to parse times from SYST_L8 systems that report as &amp;quot;WINDOWS Type: L8&amp;quot;" class="issue-link" data-issue-key="NET-602"&gt;&lt;del&gt;NET-602&lt;/del&gt;&lt;/a&gt; Failure to parse times from SYST_L8 systems that report as "WINDOWS Type: L8"&lt;/p&gt;

&lt;p&gt;Modified:&lt;br/&gt;
    commons/proper/net/trunk/src/changes/changes.xml&lt;br/&gt;
    commons/proper/net/trunk/src/main/java/org/apache/commons/net/ftp/FTPClientConfig.java&lt;br/&gt;
    commons/proper/net/trunk/src/main/java/org/apache/commons/net/ftp/parser/DefaultFTPFileEntryParserFactory.java&lt;/p&gt;</comment>
                    </comments>
                    <attachments>
                    </attachments>
                <subtasks>
                    </subtasks>
                <customfields>
                                                                                                                                                                                                                                                                                                                                                                                                                                                                                                                                                                                                                                                                                                                    <customfield id="customfield_12314020" key="com.atlassian.jira.plugins.jira-development-integration-plugin:devsummary">
                        <customfieldname>Development</customfieldname>
                        <customfieldvalues>
                            
                        </customfieldvalues>
                    </customfield>
                                                                                                                        <customfield id="customfield_12313422" key="com.atlassian.jirafisheyeplugin:jobcheckbox">
                        <customfieldname>Enable Automatic Patch Review</customfieldname>
                        <customfieldvalues>
                            <customfieldvalue>false</customfieldvalue>

                        </customfieldvalues>
                    </customfield>
                                                                                                                                                                                                                                                                                                                                                                                                                                                                                                                                                                                                                                                <customfield id="customfield_12310420" key="com.pyxis.greenhopper.jira:gh-global-rank">
                        <customfieldname>Global Rank</customfieldname>
                        <customfieldvalues>
                            <customfieldvalue>9223372036854775807</customfieldvalue>
                        </customfieldvalues>
                    </customfield>
                                                                                                                                                                                                                                                                                                                                                                                                                                                                        <customfield id="customfield_12311820" key="com.pyxis.greenhopper.jira:gh-lexo-rank">
                        <customfieldname>Rank</customfieldname>
                        <customfieldvalues>
                            <customfieldvalue>0|i33f7j:</customfieldvalue>

                        </customfieldvalues>
                    </customfield>
                                                                <customfield id="customfield_12310920" key="com.pyxis.greenhopper.jira:gh-global-rank">
                        <customfieldname>Rank (Obsolete)</customfieldname>
                        <customfieldvalues>
                            <customfieldvalue>9223372036854775807</customfieldvalue>
                        </customfieldvalues>
                    </customfield>
                                                                                                                                                                                                                                                                                                                                                                                                                                                                                                                                                                                                                                                                                                                                                                                            </customfields>
    </item>


</channel>
</rss>