<rss version="0.92">
    <channel>
        <title>ASF JIRA</title>
        <link>https://issues.apache.org/jira/issues/?jql=project+%3D+NET+AND+type+%3D+bug+and+%28status+%3D+RESOLVED+or+status+%3D+closed%29</link>
        <description>An XML representation of a search request</description>
                <language>en-uk</language>
                        <issue start="0" end="464" total="464" />
                <build-info>
            <version>8.20.7</version>
            <build-number>820007</build-number>
            <build-date>16-03-2022</build-date>
        </build-info>

<item>
            <title>[NET-447] Commons-net version 2.0 jar unable to download files of time stamp 29th February. </title>
                <link>https://issues.apache.org/jira/browse/NET-447</link>
                <project id="12310487" key="NET">Commons Net</project>
                    <description>&lt;p&gt;When FTP Client of commons-net.jar (version 2.0) tries to get the list of files on FTP server then for the files of time stamp date 29th Feb 2012 it returns null value and in turn throws Null pointer Exception. &lt;/p&gt;

&lt;p&gt;Because the files are read in date viz sequence, thus it reads the file names correctly till 28th Feb but as soon as it gets a file of time-stamp date 29th it throws Null Pointer Exception and all the files after that are not read.&lt;/p&gt;

&lt;p&gt;Also its been mentioned in the case mentioned at following url that this issue has been resolved in version 1.5 :&lt;/p&gt;

&lt;p&gt;&lt;a href="https://issues.apache.org/jira/browse/NET-188" class="external-link" rel="nofollow"&gt;https://issues.apache.org/jira/browse/NET-188&lt;/a&gt;&lt;/p&gt;

&lt;p&gt;Thus ideally such solution would have been included in all later versions. We would require a patch to resolve this.&lt;/p&gt;

&lt;p&gt;Also for your information we are using Wicket frame work. Do you forsee any Jar conflict with commons-net version 2.0 in such scenario.&lt;/p&gt;

&lt;p&gt;We are also attaching the Exceptions trace as follows:&lt;/p&gt;

&lt;p&gt;ERROR &lt;span class="error"&gt;&amp;#91;01 Mar 2012 13:37:33&amp;#93;&lt;/span&gt; com.nordea.npdb.datafeed.sp.timertasks.DataFeedSpUsStockReportFtpImpl.execute(DataFeedSpUsStockReportFtpImpl.java:48) : Timer_DataFeedSpUsStockReportFtp &lt;span class="error"&gt;&amp;#91;FAILED&amp;#93;&lt;/span&gt;&lt;br/&gt;
java.lang.NullPointerException&lt;br/&gt;
	at com.nordea.npdb.bl.facade.DataFeedServiceImpl.saveFtpFetcherFiles(DataFeedServiceImpl.java:108)&lt;span class="error"&gt;&amp;#91;NPDB-core-0-SNAPSHOT.jar:&amp;#93;&lt;/span&gt;&lt;br/&gt;
	at sun.reflect.NativeMethodAccessorImpl.invoke0(Native Method)&lt;span class="error"&gt;&amp;#91;:1.6.0_24&amp;#93;&lt;/span&gt;&lt;br/&gt;
	at sun.reflect.NativeMethodAccessorImpl.invoke(NativeMethodAccessorImpl.java:39)&lt;span class="error"&gt;&amp;#91;:1.6.0_24&amp;#93;&lt;/span&gt;&lt;br/&gt;
	at sun.reflect.DelegatingMethodAccessorImpl.invoke(DelegatingMethodAccessorImpl.java:25)&lt;span class="error"&gt;&amp;#91;:1.6.0_24&amp;#93;&lt;/span&gt;&lt;br/&gt;
	at java.lang.reflect.Method.invoke(Method.java:597)&lt;span class="error"&gt;&amp;#91;:1.6.0_24&amp;#93;&lt;/span&gt;&lt;br/&gt;
	at org.springframework.aop.support.AopUtils.invokeJoinpointUsingReflection(AopUtils.java:309)&lt;span class="error"&gt;&amp;#91;spring-aop-3.0.3.RELEASE.jar:3.0.3.RELEASE&amp;#93;&lt;/span&gt;&lt;br/&gt;
	at org.springframework.aop.framework.ReflectiveMethodInvocation.invokeJoinpoint(ReflectiveMethodInvocation.java:183)&lt;span class="error"&gt;&amp;#91;spring-aop-3.0.3.RELEASE.jar:3.0.3.RELEASE&amp;#93;&lt;/span&gt;&lt;br/&gt;
	at org.springframework.aop.framework.ReflectiveMethodInvocation.proceed(ReflectiveMethodInvocation.java:150)&lt;span class="error"&gt;&amp;#91;spring-aop-3.0.3.RELEASE.jar:3.0.3.RELEASE&amp;#93;&lt;/span&gt;&lt;br/&gt;
	at org.springframework.transaction.interceptor.TransactionInterceptor.invoke(TransactionInterceptor.java:110)&lt;span class="error"&gt;&amp;#91;spring-tx-3.0.3.RELEASE.jar:3.0.3.RELEASE&amp;#93;&lt;/span&gt;&lt;br/&gt;
	at org.springframework.aop.framework.ReflectiveMethodInvocation.proceed(ReflectiveMethodInvocation.java:172)&lt;span class="error"&gt;&amp;#91;spring-aop-3.0.3.RELEASE.jar:3.0.3.RELEASE&amp;#93;&lt;/span&gt;&lt;br/&gt;
	at org.springframework.aop.framework.JdkDynamicAopProxy.invoke(JdkDynamicAopProxy.java:202)&lt;span class="error"&gt;&amp;#91;spring-aop-3.0.3.RELEASE.jar:3.0.3.RELEASE&amp;#93;&lt;/span&gt;&lt;br/&gt;
	at $Proxy105.saveFtpFetcherFiles(Unknown Source)&lt;span class="error"&gt;&amp;#91;:&amp;#93;&lt;/span&gt;&lt;br/&gt;
	at com.nordea.npdb.datafeed.sp.timertasks.DataFeedSpUsStockReportFtpImpl.execute(DataFeedSpUsStockReportFtpImpl.java:32)&lt;span class="error"&gt;&amp;#91;NPDB-core-0-SNAPSHOT.jar:&amp;#93;&lt;/span&gt;&lt;br/&gt;
	at com.nordea.npdb.infrastructure.batch.OldBatchJob.execute(OldBatchJob.java:12)&lt;span class="error"&gt;&amp;#91;NPDB-core-0-SNAPSHOT.jar:&amp;#93;&lt;/span&gt;&lt;br/&gt;
	at org.springframework.batch.core.step.tasklet.TaskletStep$ChunkTransactionCallback.doInTransaction(TaskletStep.java:386)&lt;span class="error"&gt;&amp;#91;spring-batch-core-2.1.7.RELEASE.jar:&amp;#93;&lt;/span&gt;&lt;br/&gt;
	at org.springframework.transaction.support.TransactionTemplate.execute(TransactionTemplate.java:130)&lt;span class="error"&gt;&amp;#91;spring-tx-3.0.3.RELEASE.jar:3.0.3.RELEASE&amp;#93;&lt;/span&gt;&lt;br/&gt;
	at org.springframework.batch.core.step.tasklet.TaskletStep$2.doInChunkContext(TaskletStep.java:264)&lt;span class="error"&gt;&amp;#91;spring-batch-core-2.1.7.RELEASE.jar:&amp;#93;&lt;/span&gt;&lt;br/&gt;
	at org.springframework.batch.core.scope.context.StepContextRepeatCallback.doInIteration(StepContextRepeatCallback.java:76)&lt;span class="error"&gt;&amp;#91;spring-batch-core-2.1.7.RELEASE.jar:&amp;#93;&lt;/span&gt;&lt;br/&gt;
	at org.springframework.batch.repeat.support.RepeatTemplate.getNextResult(RepeatTemplate.java:367)&lt;span class="error"&gt;&amp;#91;spring-batch-infrastructure-2.1.7.RELEASE.jar:&amp;#93;&lt;/span&gt;&lt;br/&gt;
	at org.springframework.batch.repeat.support.RepeatTemplate.executeInternal(RepeatTemplate.java:214)&lt;span class="error"&gt;&amp;#91;spring-batch-infrastructure-2.1.7.RELEASE.jar:&amp;#93;&lt;/span&gt;&lt;br/&gt;
	at org.springframework.batch.repeat.support.RepeatTemplate.iterate(RepeatTemplate.java:143)&lt;span class="error"&gt;&amp;#91;spring-batch-infrastructure-2.1.7.RELEASE.jar:&amp;#93;&lt;/span&gt;&lt;br/&gt;
	at org.springframework.batch.core.step.tasklet.TaskletStep.doExecute(TaskletStep.java:250)&lt;span class="error"&gt;&amp;#91;spring-batch-core-2.1.7.RELEASE.jar:&amp;#93;&lt;/span&gt;&lt;br/&gt;
	at org.springframework.batch.core.step.AbstractStep.execute(AbstractStep.java:195)&lt;span class="error"&gt;&amp;#91;spring-batch-core-2.1.7.RELEASE.jar:&amp;#93;&lt;/span&gt;&lt;br/&gt;
	at org.springframework.batch.core.job.SimpleStepHandler.handleStep(SimpleStepHandler.java:135)&lt;span class="error"&gt;&amp;#91;spring-batch-core-2.1.7.RELEASE.jar:&amp;#93;&lt;/span&gt;&lt;br/&gt;
	at org.springframework.batch.core.job.flow.JobFlowExecutor.executeStep(JobFlowExecutor.java:61)&lt;span class="error"&gt;&amp;#91;spring-batch-core-2.1.7.RELEASE.jar:&amp;#93;&lt;/span&gt;&lt;br/&gt;
	at org.springframework.batch.core.job.flow.support.state.StepState.handle(StepState.java:60)&lt;span class="error"&gt;&amp;#91;spring-batch-core-2.1.7.RELEASE.jar:&amp;#93;&lt;/span&gt;&lt;br/&gt;
	at org.springframework.batch.core.job.flow.support.SimpleFlow.resume(SimpleFlow.java:144)&lt;span class="error"&gt;&amp;#91;spring-batch-core-2.1.7.RELEASE.jar:&amp;#93;&lt;/span&gt;&lt;br/&gt;
	at org.springframework.batch.core.job.flow.support.SimpleFlow.start(SimpleFlow.java:124)&lt;span class="error"&gt;&amp;#91;spring-batch-core-2.1.7.RELEASE.jar:&amp;#93;&lt;/span&gt;&lt;br/&gt;
	at org.springframework.batch.core.job.flow.FlowJob.doExecute(FlowJob.java:135)&lt;span class="error"&gt;&amp;#91;spring-batch-core-2.1.7.RELEASE.jar:&amp;#93;&lt;/span&gt;&lt;br/&gt;
	at org.springframework.batch.core.job.AbstractJob.execute(AbstractJob.java:281)&lt;span class="error"&gt;&amp;#91;spring-batch-core-2.1.7.RELEASE.jar:&amp;#93;&lt;/span&gt;&lt;br/&gt;
	at com.nordea.npdb.infrastructure.batch.NpdbJobLauncherImpl$2.run(NpdbJobLauncherImpl.java:116)&lt;span class="error"&gt;&amp;#91;NPDB-core-0-SNAPSHOT.jar:&amp;#93;&lt;/span&gt;&lt;br/&gt;
	at org.springframework.core.task.SyncTaskExecutor.execute(SyncTaskExecutor.java:48)&lt;span class="error"&gt;&amp;#91;spring-core-3.0.3.RELEASE.jar:3.0.3.RELEASE&amp;#93;&lt;/span&gt;&lt;br/&gt;
	at com.nordea.npdb.infrastructure.batch.NpdbJobLauncherImpl.run(NpdbJobLauncherImpl.java:110)&lt;span class="error"&gt;&amp;#91;NPDB-core-0-SNAPSHOT.jar:&amp;#93;&lt;/span&gt;&lt;br/&gt;
	at com.nordea.npdb.infrastructure.batch.BatchFacadeImpl.runJobUsingCurrentThread(BatchFacadeImpl.java:83)&lt;span class="error"&gt;&amp;#91;NPDB-core-0-SNAPSHOT.jar:&amp;#93;&lt;/span&gt;&lt;br/&gt;
	at sun.reflect.NativeMethodAccessorImpl.invoke0(Native Method)&lt;span class="error"&gt;&amp;#91;:1.6.0_24&amp;#93;&lt;/span&gt;&lt;br/&gt;
	at sun.reflect.NativeMethodAccessorImpl.invoke(NativeMethodAccessorImpl.java:39)&lt;span class="error"&gt;&amp;#91;:1.6.0_24&amp;#93;&lt;/span&gt;&lt;br/&gt;
	at sun.reflect.DelegatingMethodAccessorImpl.invoke(DelegatingMethodAccessorImpl.java:25)&lt;span class="error"&gt;&amp;#91;:1.6.0_24&amp;#93;&lt;/span&gt;&lt;br/&gt;
	at java.lang.reflect.Method.invoke(Method.java:597)&lt;span class="error"&gt;&amp;#91;:1.6.0_24&amp;#93;&lt;/span&gt;&lt;br/&gt;
	at org.springframework.aop.support.AopUtils.invokeJoinpointUsingReflection(AopUtils.java:309)&lt;span class="error"&gt;&amp;#91;spring-aop-3.0.3.RELEASE.jar:3.0.3.RELEASE&amp;#93;&lt;/span&gt;&lt;br/&gt;
	at org.springframework.aop.framework.JdkDynamicAopProxy.invoke(JdkDynamicAopProxy.java:196)&lt;span class="error"&gt;&amp;#91;spring-aop-3.0.3.RELEASE.jar:3.0.3.RELEASE&amp;#93;&lt;/span&gt;&lt;br/&gt;
	at $Proxy136.runJobUsingCurrentThread(Unknown Source)&lt;span class="error"&gt;&amp;#91;:&amp;#93;&lt;/span&gt;&lt;br/&gt;
	at com.nordea.npdb.infrastructure.scheduler.SchedulerServiceImpl$SchedulerThread$1.doWithinTimingWithoutResult(SchedulerServiceImpl.java:509)&lt;span class="error"&gt;&amp;#91;NPDB-core-0-SNAPSHOT.jar:&amp;#93;&lt;/span&gt;&lt;br/&gt;
	at com.nordea.pubdb.timer.TimingCallbackWithoutResult.doWithinTiming(TimingCallbackWithoutResult.java:6)&lt;span class="error"&gt;&amp;#91;NPDB-core-0-SNAPSHOT.jar:&amp;#93;&lt;/span&gt;&lt;br/&gt;
	at com.nordea.pubdb.timer.TimingTemplateImpl.execute(TimingTemplateImpl.java:105)&lt;span class="error"&gt;&amp;#91;NPDB-core-0-SNAPSHOT.jar:&amp;#93;&lt;/span&gt;&lt;br/&gt;
	at com.nordea.npdb.infrastructure.scheduler.SchedulerServiceImpl$SchedulerThread.run(SchedulerServiceImpl.java:502)&lt;span class="error"&gt;&amp;#91;NPDB-core-0-SNAPSHOT.jar:&amp;#93;&lt;/span&gt;&lt;br/&gt;
ERROR &lt;span class="error"&gt;&amp;#91;01 Mar 2012 13:37:38&amp;#93;&lt;/span&gt; org.springframework.batch.core.step.AbstractStep.execute(AbstractStep.java:212) : Encountered an error executing the step&lt;br/&gt;
java.lang.RuntimeException: Timer_DataFeedSpUsStockReportFtp &lt;span class="error"&gt;&amp;#91;FAILED&amp;#93;&lt;/span&gt;&lt;br/&gt;
	at com.nordea.npdb.datafeed.sp.timertasks.DataFeedSpUsStockReportFtpImpl.execute(DataFeedSpUsStockReportFtpImpl.java:49)&lt;span class="error"&gt;&amp;#91;NPDB-core-0-SNAPSHOT.jar:&amp;#93;&lt;/span&gt;&lt;br/&gt;
	at com.nordea.npdb.infrastructure.batch.OldBatchJob.execute(OldBatchJob.java:12)&lt;span class="error"&gt;&amp;#91;NPDB-core-0-SNAPSHOT.jar:&amp;#93;&lt;/span&gt;&lt;br/&gt;
	at org.springframework.batch.core.step.tasklet.TaskletStep$ChunkTransactionCallback.doInTransaction(TaskletStep.java:386)&lt;span class="error"&gt;&amp;#91;spring-batch-core-2.1.7.RELEASE.jar:&amp;#93;&lt;/span&gt;&lt;br/&gt;
	at org.springframework.transaction.support.TransactionTemplate.execute(TransactionTemplate.java:130)&lt;span class="error"&gt;&amp;#91;spring-tx-3.0.3.RELEASE.jar:3.0.3.RELEASE&amp;#93;&lt;/span&gt;&lt;br/&gt;
	at org.springframework.batch.core.step.tasklet.TaskletStep$2.doInChunkContext(TaskletStep.java:264)&lt;span class="error"&gt;&amp;#91;spring-batch-core-2.1.7.RELEASE.jar:&amp;#93;&lt;/span&gt;&lt;br/&gt;
	at org.springframework.batch.core.scope.context.StepContextRepeatCallback.doInIteration(StepContextRepeatCallback.java:76)&lt;span class="error"&gt;&amp;#91;spring-batch-core-2.1.7.RELEASE.jar:&amp;#93;&lt;/span&gt;&lt;br/&gt;
	at org.springframework.batch.repeat.support.RepeatTemplate.getNextResult(RepeatTemplate.java:367)&lt;span class="error"&gt;&amp;#91;spring-batch-infrastructure-2.1.7.RELEASE.jar:&amp;#93;&lt;/span&gt;&lt;br/&gt;
	at org.springframework.batch.repeat.support.RepeatTemplate.executeInternal(RepeatTemplate.java:214)&lt;span class="error"&gt;&amp;#91;spring-batch-infrastructure-2.1.7.RELEASE.jar:&amp;#93;&lt;/span&gt;&lt;br/&gt;
	at org.springframework.batch.repeat.support.RepeatTemplate.iterate(RepeatTemplate.java:143)&lt;span class="error"&gt;&amp;#91;spring-batch-infrastructure-2.1.7.RELEASE.jar:&amp;#93;&lt;/span&gt;&lt;br/&gt;
	at org.springframework.batch.core.step.tasklet.TaskletStep.doExecute(TaskletStep.java:250)&lt;span class="error"&gt;&amp;#91;spring-batch-core-2.1.7.RELEASE.jar:&amp;#93;&lt;/span&gt;&lt;br/&gt;
	at org.springframework.batch.core.step.AbstractStep.execute(AbstractStep.java:195)&lt;span class="error"&gt;&amp;#91;spring-batch-core-2.1.7.RELEASE.jar:&amp;#93;&lt;/span&gt;&lt;br/&gt;
	at org.springframework.batch.core.job.SimpleStepHandler.handleStep(SimpleStepHandler.java:135)&lt;span class="error"&gt;&amp;#91;spring-batch-core-2.1.7.RELEASE.jar:&amp;#93;&lt;/span&gt;&lt;br/&gt;
	at org.springframework.batch.core.job.flow.JobFlowExecutor.executeStep(JobFlowExecutor.java:61)&lt;span class="error"&gt;&amp;#91;spring-batch-core-2.1.7.RELEASE.jar:&amp;#93;&lt;/span&gt;&lt;br/&gt;
	at org.springframework.batch.core.job.flow.support.state.StepState.handle(StepState.java:60)&lt;span class="error"&gt;&amp;#91;spring-batch-core-2.1.7.RELEASE.jar:&amp;#93;&lt;/span&gt;&lt;br/&gt;
	at org.springframework.batch.core.job.flow.support.SimpleFlow.resume(SimpleFlow.java:144)&lt;span class="error"&gt;&amp;#91;spring-batch-core-2.1.7.RELEASE.jar:&amp;#93;&lt;/span&gt;&lt;br/&gt;
	at org.springframework.batch.core.job.flow.support.SimpleFlow.start(SimpleFlow.java:124)&lt;span class="error"&gt;&amp;#91;spring-batch-core-2.1.7.RELEASE.jar:&amp;#93;&lt;/span&gt;&lt;br/&gt;
	at org.springframework.batch.core.job.flow.FlowJob.doExecute(FlowJob.java:135)&lt;span class="error"&gt;&amp;#91;spring-batch-core-2.1.7.RELEASE.jar:&amp;#93;&lt;/span&gt;&lt;br/&gt;
	at org.springframework.batch.core.job.AbstractJob.execute(AbstractJob.java:281)&lt;span class="error"&gt;&amp;#91;spring-batch-core-2.1.7.RELEASE.jar:&amp;#93;&lt;/span&gt;&lt;br/&gt;
	at com.nordea.npdb.infrastructure.batch.NpdbJobLauncherImpl$2.run(NpdbJobLauncherImpl.java:116)&lt;span class="error"&gt;&amp;#91;NPDB-core-0-SNAPSHOT.jar:&amp;#93;&lt;/span&gt;&lt;br/&gt;
	at org.springframework.core.task.SyncTaskExecutor.execute(SyncTaskExecutor.java:48)&lt;span class="error"&gt;&amp;#91;spring-core-3.0.3.RELEASE.jar:3.0.3.RELEASE&amp;#93;&lt;/span&gt;&lt;br/&gt;
	at com.nordea.npdb.infrastructure.batch.NpdbJobLauncherImpl.run(NpdbJobLauncherImpl.java:110)&lt;span class="error"&gt;&amp;#91;NPDB-core-0-SNAPSHOT.jar:&amp;#93;&lt;/span&gt;&lt;br/&gt;
	at com.nordea.npdb.infrastructure.batch.BatchFacadeImpl.runJobUsingCurrentThread(BatchFacadeImpl.java:83)&lt;span class="error"&gt;&amp;#91;NPDB-core-0-SNAPSHOT.jar:&amp;#93;&lt;/span&gt;&lt;br/&gt;
	at sun.reflect.NativeMethodAccessorImpl.invoke0(Native Method)&lt;span class="error"&gt;&amp;#91;:1.6.0_24&amp;#93;&lt;/span&gt;&lt;br/&gt;
	at sun.reflect.NativeMethodAccessorImpl.invoke(NativeMethodAccessorImpl.java:39)&lt;span class="error"&gt;&amp;#91;:1.6.0_24&amp;#93;&lt;/span&gt;&lt;br/&gt;
	at sun.reflect.DelegatingMethodAccessorImpl.invoke(DelegatingMethodAccessorImpl.java:25)&lt;span class="error"&gt;&amp;#91;:1.6.0_24&amp;#93;&lt;/span&gt;&lt;br/&gt;
	at java.lang.reflect.Method.invoke(Method.java:597)&lt;span class="error"&gt;&amp;#91;:1.6.0_24&amp;#93;&lt;/span&gt;&lt;br/&gt;
	at org.springframework.aop.support.AopUtils.invokeJoinpointUsingReflection(AopUtils.java:309)&lt;span class="error"&gt;&amp;#91;spring-aop-3.0.3.RELEASE.jar:3.0.3.RELEASE&amp;#93;&lt;/span&gt;&lt;br/&gt;
	at org.springframework.aop.framework.JdkDynamicAopProxy.invoke(JdkDynamicAopProxy.java:196)&lt;span class="error"&gt;&amp;#91;spring-aop-3.0.3.RELEASE.jar:3.0.3.RELEASE&amp;#93;&lt;/span&gt;&lt;br/&gt;
	at $Proxy136.runJobUsingCurrentThread(Unknown Source)&lt;span class="error"&gt;&amp;#91;:&amp;#93;&lt;/span&gt;&lt;br/&gt;
	at com.nordea.npdb.infrastructure.scheduler.SchedulerServiceImpl$SchedulerThread$1.doWithinTimingWithoutResult(SchedulerServiceImpl.java:509)&lt;span class="error"&gt;&amp;#91;NPDB-core-0-SNAPSHOT.jar:&amp;#93;&lt;/span&gt;&lt;br/&gt;
	at com.nordea.pubdb.timer.TimingCallbackWithoutResult.doWithinTiming(TimingCallbackWithoutResult.java:6)&lt;span class="error"&gt;&amp;#91;NPDB-core-0-SNAPSHOT.jar:&amp;#93;&lt;/span&gt;&lt;br/&gt;
	at com.nordea.pubdb.timer.TimingTemplateImpl.execute(TimingTemplateImpl.java:105)&lt;span class="error"&gt;&amp;#91;NPDB-core-0-SNAPSHOT.jar:&amp;#93;&lt;/span&gt;&lt;br/&gt;
	at com.nordea.npdb.infrastructure.scheduler.SchedulerServiceImpl$SchedulerThread.run(SchedulerServiceImpl.java:502)&lt;span class="error"&gt;&amp;#91;NPDB-core-0-SNAPSHOT.jar:&amp;#93;&lt;/span&gt;&lt;/p&gt;</description>
                <environment>&lt;p&gt;Windows Server 2003. &lt;/p&gt;</environment>
        <key id="12544893">NET-447</key>
            <summary>Commons-net version 2.0 jar unable to download files of time stamp 29th February. </summary>
                <type id="1" iconUrl="https://issues.apache.org/jira/secure/viewavatar?size=xsmall&amp;avatarId=21133&amp;avatarType=issuetype">Bug</type>
                                            <priority id="3" iconUrl="https://issues.apache.org/jira/images/icons/priorities/major.svg">Major</priority>
                        <status id="6" iconUrl="https://issues.apache.org/jira/images/icons/statuses/closed.png" description="The issue is considered finished, the resolution is correct. Issues which are not closed can be reopened.">Closed</status>
                    <statusCategory id="3" key="done" colorName="green" />
                                    <resolution id="5">Cannot Reproduce</resolution>
                                        <assignee username="-1">Unassigned</assignee>
                                    <reporter username="beaken.jeevesh">Jeevesh Mishra</reporter>
                        <labels>
                            <label>patch</label>
                    </labels>
                <created>Fri, 2 Mar 2012 07:12:17 +0000</created>
                <updated>Wed, 17 Apr 2013 19:55:43 +0000</updated>
                            <resolved>Fri, 23 Mar 2012 17:59:49 +0000</resolved>
                                    <version>2.0</version>
                                    <fixVersion>2.0</fixVersion>
                                    <component>FTP</component>
                        <due />
                            <votes>0</votes>
                                    <watches>0</watches>
                                    <timeoriginalestimate seconds="4694400">1,304h</timeoriginalestimate>
                            <timeestimate seconds="4694400">1,304h</timeestimate>
                                        <comments>
                            <comment id="13221064" author="sebb@apache.org" created="Fri, 2 Mar 2012 17:11:14 +0000">&lt;p&gt;Have you tried with the current release, which is 3.1? Should be a drop-in replacement for 2.0.&lt;/p&gt;

&lt;p&gt;2.0 is very out of date.&lt;/p&gt;</comment>
                            <comment id="13236854" author="sebb@apache.org" created="Fri, 23 Mar 2012 17:59:49 +0000">&lt;p&gt;No response, assuming fixed by current release&lt;/p&gt;</comment>
                    </comments>
                    <attachments>
                    </attachments>
                <subtasks>
                    </subtasks>
                <customfields>
                                                                                                                                                                                                                                                                                                                                                                                                                                                                                                                                                                                                                                                                                                                    <customfield id="customfield_12314020" key="com.atlassian.jira.plugins.jira-development-integration-plugin:devsummary">
                        <customfieldname>Development</customfieldname>
                        <customfieldvalues>
                            
                        </customfieldvalues>
                    </customfield>
                                                                                                                        <customfield id="customfield_12313422" key="com.atlassian.jirafisheyeplugin:jobcheckbox">
                        <customfieldname>Enable Automatic Patch Review</customfieldname>
                        <customfieldvalues>
                            <customfieldvalue>false</customfieldvalue>

                        </customfieldvalues>
                    </customfield>
                                                                                                                                                                                                                                                                                                                                                                                                                                                                                                                                                                                                                                                <customfield id="customfield_12310420" key="com.pyxis.greenhopper.jira:gh-global-rank">
                        <customfieldname>Global Rank</customfieldname>
                        <customfieldvalues>
                            <customfieldvalue>230079</customfieldvalue>
                        </customfieldvalues>
                    </customfield>
                                                                                                                                                                                                                                                                                                                                                                                                                                                                        <customfield id="customfield_12311820" key="com.pyxis.greenhopper.jira:gh-lexo-rank">
                        <customfieldname>Rank</customfieldname>
                        <customfieldvalues>
                            <customfieldvalue>0|i0rsl3:</customfieldvalue>

                        </customfieldvalues>
                    </customfield>
                                                                <customfield id="customfield_12310920" key="com.pyxis.greenhopper.jira:gh-global-rank">
                        <customfieldname>Rank (Obsolete)</customfieldname>
                        <customfieldvalues>
                            <customfieldvalue>160275</customfieldvalue>
                        </customfieldvalues>
                    </customfield>
                                                                                                                                                                                                                                                                                                                                                                                                                                                                                                                                                                                                                                                                                                                                                                                            </customfields>
    </item>


</channel>
</rss>