<rss version="0.92">
    <channel>
        <title>ASF JIRA</title>
        <link>https://issues.apache.org/jira/issues/?jql=project+%3D+NET+AND+type+%3D+bug+and+%28status+%3D+RESOLVED+or+status+%3D+closed%29</link>
        <description>An XML representation of a search request</description>
                <language>en-uk</language>
                        <issue start="0" end="464" total="464" />
                <build-info>
            <version>8.20.7</version>
            <build-number>820007</build-number>
            <build-date>16-03-2022</build-date>
        </build-info>

<item>
            <title>[NET-454] paths with spaces result in inaccurate file information</title>
                <link>https://issues.apache.org/jira/browse/NET-454</link>
                <project id="12310487" key="NET">Commons Net</project>
                    <description>&lt;p&gt;Calling FTPClient.listFiles(String pathname) results in an inaccurate file list being returned. The following test illustrates the issue:&lt;/p&gt;

&lt;div class="code panel" style="border-width: 1px;"&gt;&lt;div class="codeContent panelContent"&gt;
&lt;pre class="code-java"&gt;    @Test
    &lt;span class="code-keyword"&gt;public&lt;/span&gt; void remoteListFilesFailure() &lt;span class="code-keyword"&gt;throws&lt;/span&gt; Exception {

        FTPClient client = &lt;span class="code-keyword"&gt;new&lt;/span&gt; FTPClient();

        client.connect(REMOTE_SERVER);
        client.enterLocalPassiveMode();
        client.login(REMOTE_USERNAME, REMOTE_PASSWORD);
        client.setFileType(FTP.BINARY_FILE_TYPE);

        &lt;span class="code-object"&gt;int&lt;/span&gt; reply = client.getReplyCode();
        &lt;span class="code-keyword"&gt;if&lt;/span&gt; (!FTPReply.isPositiveCompletion(reply)) {
            client.disconnect();
            log.error(&lt;span class="code-quote"&gt;"FTP server refused connection. reply="&lt;/span&gt; + reply);
        }

        FTPFile[] rootFiles = client.listFiles(&lt;span class="code-quote"&gt;"78/1295213/0/476312ca9c653ffc6cc8fb6e1649dae6/ModComp PO # 1054.pdf"&lt;/span&gt;);
        Assert.assertEquals(1, rootFiles.length); &lt;span class="code-comment"&gt;// &amp;lt;-- fails with rootFiles.length = 0
&lt;/span&gt;    }
&lt;/pre&gt;
&lt;/div&gt;&lt;/div&gt;</description>
                <environment>&lt;p&gt;Mac OS X 10.7.3, FTP server is Pure-FTPd on Linux CentOS 5&lt;/p&gt;</environment>
        <key id="12546867">NET-454</key>
            <summary>paths with spaces result in inaccurate file information</summary>
                <type id="1" iconUrl="https://issues.apache.org/jira/secure/viewavatar?size=xsmall&amp;avatarId=21133&amp;avatarType=issuetype">Bug</type>
                                            <priority id="3" iconUrl="https://issues.apache.org/jira/images/icons/priorities/major.svg">Major</priority>
                        <status id="6" iconUrl="https://issues.apache.org/jira/images/icons/statuses/closed.png" description="The issue is considered finished, the resolution is correct. Issues which are not closed can be reopened.">Closed</status>
                    <statusCategory id="3" key="done" colorName="green" />
                                    <resolution id="8">Not A Problem</resolution>
                                        <assignee username="-1">Unassigned</assignee>
                                    <reporter username="digitalsanctum">Shane Witbeck</reporter>
                        <labels>
                            <label>ftp</label>
                            <label>path</label>
                    </labels>
                <created>Sat, 17 Mar 2012 00:33:32 +0000</created>
                <updated>Wed, 17 Apr 2013 19:55:45 +0000</updated>
                            <resolved>Sat, 17 Mar 2012 18:56:59 +0000</resolved>
                                    <version>3.0.1</version>
                    <version>3.1</version>
                                                    <component>FTP</component>
                        <due />
                            <votes>0</votes>
                                    <watches>1</watches>
                                                                <comments>
                            <comment id="13231798" author="sebb@apache.org" created="Sat, 17 Mar 2012 01:53:10 +0000">&lt;p&gt;What are the file names on the server?&lt;/p&gt;</comment>
                            <comment id="13231801" author="sebb@apache.org" created="Sat, 17 Mar 2012 02:05:43 +0000">&lt;p&gt;Also, can you perform the listing using command-line FTP ?&lt;/p&gt;</comment>
                            <comment id="13231820" author="sebb@apache.org" created="Sat, 17 Mar 2012 03:10:54 +0000">&lt;p&gt;What happens if you try:&lt;/p&gt;

&lt;div class="code panel" style="border-width: 1px;"&gt;&lt;div class="codeContent panelContent"&gt;
&lt;pre class="code-java"&gt;client.listFiles(&lt;span class="code-quote"&gt;"78/1295213/0/476312ca9c653ffc6cc8fb6e1649dae6/"&lt;/span&gt;);
&lt;/pre&gt;
&lt;/div&gt;&lt;/div&gt;

&lt;p&gt;I tried setting up an identical test, and everything works OK for me:&lt;/p&gt;

&lt;div class="code panel" style="border-width: 1px;"&gt;&lt;div class="codeContent panelContent"&gt;
&lt;pre class="code-java"&gt;set classpath=commons-net-examples-3.1.jar;commons-net-3.1.jar
java examples/ftp/FTPClientExample -l host user password &lt;span class="code-quote"&gt;"78/1295213/0/476312ca9c653ffc6cc8fb6e1649dae6/ModComp PO # 1054.pdf"&lt;/span&gt;
...
215 UNIX Type: Apache FtpServer
Remote system is UNIX Type: Apache FtpServer
PASV
227 Entering Passive Mode (127,0,0,1,18,81)
LIST 78/1295213/0/476312ca9c653ffc6cc8fb6e1649dae6/ModComp PO # 1054.pdf
150 File status okay; about to open data connection.
226 Closing data connection.
-rw-------   1 user group            0 Mar 17 02:47 ModComp PO # 1054.pdf
-rw-------    1 group    user            0 2012-03-17 02:47:00 GMT  ModComp PO # 1054.pdf
NOOP
200 Command NOOP okay.
QUIT
221 Goodbye.
&lt;/pre&gt;
&lt;/div&gt;&lt;/div&gt;</comment>
                            <comment id="13231980" author="digitalsanctum" created="Sat, 17 Mar 2012 14:09:58 +0000">&lt;p&gt;Hi Sebb. The problematic names all have spaces. I've tried other combinations of file names which work fine but spaces are the issue. I'm attaching more tests to illustrate. Below is the output of the command-line:&lt;/p&gt;

&lt;div class="code panel" style="border-width: 1px;"&gt;&lt;div class="codeContent panelContent"&gt;
&lt;pre class="code-java"&gt;ftp&amp;gt; ls 78/1295213/0/476312ca9c653ffc6cc8fb6e1649dae6/
227 Entering Passive Mode (10,6,125,100,127,91)
150 Accepted data connection
drwxr-xr-x    2 8517     8517           73 Mar 16 13:32 .
drwxr-xr-x    2 8517     8517           73 Mar 16 13:32 ..
-rw-r--r--    1 8517     8517        16939 Nov 30  2010 ModComp PO # 1054.pdf
-rw-r--r--    1 8517     8517        16939 Mar 16 13:28 ModComp PO.pdf
-rw-r--r--    1 8517     8517        16939 Mar 16 13:27 sdf sdf.pdf
226-Options: -a -l 
226 5 matches total
ftp&amp;gt; ls 78/1295213/0/476312ca9c653ffc6cc8fb6e1649dae6/ModComp PO #1054.pdf
usage: ls [remote-path [local-file]]
ftp&amp;gt; 
&lt;/pre&gt;
&lt;/div&gt;&lt;/div&gt;

&lt;p&gt;This all points to a specific issue with Pure-FTPd since I'm not able to reproduce locally using the embedded Apache FTP server. &lt;/p&gt;

&lt;p&gt;Given all of this, what would be a good workaround for the remote host issue of not gracefully handling spaces?&lt;/p&gt;
</comment>
                            <comment id="13232018" author="sebb@apache.org" created="Sat, 17 Mar 2012 17:14:40 +0000">&lt;blockquote&gt;&lt;p&gt;ftp&amp;gt; ls 78/1295213/0/476312ca9c653ffc6cc8fb6e1649dae6/ModComp PO #1054.pdf&lt;/p&gt;&lt;/blockquote&gt;
&lt;blockquote&gt;&lt;p&gt;usage: ls [remote-path &lt;span class="error"&gt;&amp;#91;local-file&amp;#93;&lt;/span&gt;]&lt;/p&gt;&lt;/blockquote&gt;

&lt;p&gt;That's a feature of the command-line client; it's expecting an optional second parameter.&lt;br/&gt;
You need to quote the remote-path, for example:&lt;/p&gt;

&lt;div class="code panel" style="border-width: 1px;"&gt;&lt;div class="codeContent panelContent"&gt;
&lt;pre class="code-java"&gt;ls &lt;span class="code-quote"&gt;"78/1295213/0/476312ca9c653ffc6cc8fb6e1649dae6/ModComp PO #1054.pdf"&lt;/span&gt;
&lt;/pre&gt;
&lt;/div&gt;&lt;/div&gt;

&lt;p&gt;Works for me with Apache FTP server.&lt;/p&gt;

&lt;p&gt;Try it with Pure-FTPd.&lt;/p&gt;

&lt;p&gt;I think this is a bug in Pure-FTPd.&lt;br/&gt;
As far as I am aware, the LIST command only supports a single parameter which is the path.&lt;br/&gt;
Try enclosing the path in double-quotes in your test case.&lt;/p&gt;</comment>
                            <comment id="13232036" author="digitalsanctum" created="Sat, 17 Mar 2012 18:36:18 +0000">&lt;p&gt;Yeah, as I said this doesn't seem to be an issue with Apache FTP server. I did try enclosing the path in double quotes as well as single quotes in my test case and got the same result.&lt;/p&gt;

&lt;p&gt;Do you have more information on the suspected bug in Pure-FTPd? I've done some googling with respect to Pure-FTPd and whitespace in the path but didn't find anything conclusive. &lt;/p&gt;

&lt;p&gt;This seems like a use case that would be pretty common and wondering what other people are doing as a workaround for dealing with whitespace in the paths. I guess people are changing the working directory, then calling list with "." or no args?&lt;/p&gt;

&lt;p&gt;Thanks for your guidance.&lt;/p&gt;</comment>
                            <comment id="13232042" author="sebb@apache.org" created="Sat, 17 Mar 2012 18:56:59 +0000">&lt;p&gt;Not a problem in NET; JIRA is not a support forum.&lt;/p&gt;

&lt;p&gt;If you want further advice, please subscribe to the Commons User mailing list and ask there.&lt;/p&gt;</comment>
                    </comments>
                    <attachments>
                            <attachment id="12518792" name="FTPClientTest.java" size="5011" author="digitalsanctum" created="Sat, 17 Mar 2012 14:10:31 +0000" />
                    </attachments>
                <subtasks>
                    </subtasks>
                <customfields>
                                                                                                                                                                                                                                                                                                                                                                                                                                                                                                                                                                                                                                                                                                                    <customfield id="customfield_12314020" key="com.atlassian.jira.plugins.jira-development-integration-plugin:devsummary">
                        <customfieldname>Development</customfieldname>
                        <customfieldvalues>
                            
                        </customfieldvalues>
                    </customfield>
                                                                                                                        <customfield id="customfield_12313422" key="com.atlassian.jirafisheyeplugin:jobcheckbox">
                        <customfieldname>Enable Automatic Patch Review</customfieldname>
                        <customfieldvalues>
                            <customfieldvalue>false</customfieldvalue>

                        </customfieldvalues>
                    </customfield>
                                                                                                                                                                                                                                                                                                                                                                                                                                                                                                                                                                                                                                                <customfield id="customfield_12310420" key="com.pyxis.greenhopper.jira:gh-global-rank">
                        <customfieldname>Global Rank</customfieldname>
                        <customfieldvalues>
                            <customfieldvalue>232025</customfieldvalue>
                        </customfieldvalues>
                    </customfield>
                                                                                                                                                                                                                                                                                                                                                                                                                                                                        <customfield id="customfield_12311820" key="com.pyxis.greenhopper.jira:gh-lexo-rank">
                        <customfieldname>Rank</customfieldname>
                        <customfieldvalues>
                            <customfieldvalue>0|i0y5zj:</customfieldvalue>

                        </customfieldvalues>
                    </customfield>
                                                                <customfield id="customfield_12310920" key="com.pyxis.greenhopper.jira:gh-global-rank">
                        <customfieldname>Rank (Obsolete)</customfieldname>
                        <customfieldvalues>
                            <customfieldvalue>197439</customfieldvalue>
                        </customfieldvalues>
                    </customfield>
                                                                                                                                                                                                                                                                                                                                                                                                                                                                                                                                                                                                                                                                                                                                                                                            </customfields>
    </item>


</channel>
</rss>