<rss version="0.92">
    <channel>
        <title>ASF JIRA</title>
        <link>https://issues.apache.org/jira/issues/?jql=project+%3D+NET+AND+type+%3D+bug+and+%28status+%3D+RESOLVED+or+status+%3D+closed%29</link>
        <description>An XML representation of a search request</description>
                <language>en-uk</language>
                        <issue start="0" end="464" total="464" />
                <build-info>
            <version>8.20.7</version>
            <build-number>820007</build-number>
            <build-date>16-03-2022</build-date>
        </build-info>

<item>
            <title>[NET-533] FTPClient unable to handle a recursive listing</title>
                <link>https://issues.apache.org/jira/browse/NET-533</link>
                <project id="12310487" key="NET">Commons Net</project>
                    <description>&lt;p&gt;The expression (ftpClient .listFiles ("-lR")) &lt;br/&gt;
evaluates to (FTPFile [] &lt;/p&gt;
{ "a", "b/", "a"  }
&lt;p&gt;) &lt;br/&gt;
rather than (FTPFile [] &lt;/p&gt;
{ "a", "b/", "b/a"  }
&lt;p&gt;).&lt;/p&gt;</description>
                <environment>&lt;p&gt;Android 4.0.4&lt;/p&gt;</environment>
        <key id="12706773">NET-533</key>
            <summary>FTPClient unable to handle a recursive listing</summary>
                <type id="1" iconUrl="https://issues.apache.org/jira/secure/viewavatar?size=xsmall&amp;avatarId=21133&amp;avatarType=issuetype">Bug</type>
                                            <priority id="3" iconUrl="https://issues.apache.org/jira/images/icons/priorities/major.svg">Major</priority>
                        <status id="6" iconUrl="https://issues.apache.org/jira/images/icons/statuses/closed.png" description="The issue is considered finished, the resolution is correct. Issues which are not closed can be reopened.">Closed</status>
                    <statusCategory id="3" key="done" colorName="green" />
                                    <resolution id="8">Not A Problem</resolution>
                                        <assignee username="-1">Unassigned</assignee>
                                    <reporter username="yecril71pl">Christopher Yeleighton</reporter>
                        <labels>
                    </labels>
                <created>Sat, 5 Apr 2014 06:12:14 +0000</created>
                <updated>Tue, 2 Dec 2014 08:36:17 +0000</updated>
                            <resolved>Mon, 1 Dec 2014 00:54:33 +0000</resolved>
                                    <version>3.3</version>
                                                    <component>FTP</component>
                        <due />
                            <votes>0</votes>
                                    <watches>1</watches>
                                                                <comments>
                            <comment id="14229311" author="sebb@apache.org" created="Mon, 1 Dec 2014 00:54:33 +0000">&lt;p&gt;As far as I am aware, FTP is not guaranteed to support any qualifiers for the LS command.&lt;/p&gt;

&lt;p&gt;If a particular server does respond to the recursive qualifier, then NET will only show the file names as returned by the server.&lt;/p&gt;</comment>
                            <comment id="14230639" author="yecril71pl" created="Mon, 1 Dec 2014 22:59:51 +0000">&lt;p&gt;And this is exactly the problem.  Your decision is inappropriate.&lt;/p&gt;</comment>
                            <comment id="14230640" author="yecril71pl" created="Mon, 1 Dec 2014 23:01:45 +0000">&lt;p&gt;I would like to explain that the server returns two kinds of lines: file lines and path lines.  It is possible to reconstruct the paths of files using the path lines and return them instead of bare names.&lt;/p&gt;</comment>
                            <comment id="14230646" author="yecril71pl" created="Mon, 1 Dec 2014 23:03:16 +0000">&lt;p&gt;For the time being, I have solved the problem by sniffing on the text as it is processed and generating the file list myself.  But a systematic solution to the problem would be better of course.&lt;/p&gt;</comment>
                            <comment id="14230857" author="sebb@apache.org" created="Tue, 2 Dec 2014 02:29:47 +0000">&lt;p&gt;Do any command-line FTP clients offer the same functionality?&lt;/p&gt;

&lt;p&gt;At best, this is a feature request - it is definitely not a bug - but I think it is out of scope for NET.&lt;/p&gt;</comment>
                            <comment id="14231178" author="yecril71pl" created="Tue, 2 Dec 2014 08:36:17 +0000">&lt;p&gt;CLI FTP clients do not return a list of files, they return a stream of text.  How the text is formatted is up to the server.&lt;/p&gt;</comment>
                    </comments>
                    <attachments>
                    </attachments>
                <subtasks>
                    </subtasks>
                <customfields>
                                                                                                                                                                                                                                                                                                                                                                                                                                                                                                                                                                                                                                                                                                                    <customfield id="customfield_12314020" key="com.atlassian.jira.plugins.jira-development-integration-plugin:devsummary">
                        <customfieldname>Development</customfieldname>
                        <customfieldvalues>
                            
                        </customfieldvalues>
                    </customfield>
                                                                                                                        <customfield id="customfield_12313422" key="com.atlassian.jirafisheyeplugin:jobcheckbox">
                        <customfieldname>Enable Automatic Patch Review</customfieldname>
                        <customfieldvalues>
                            <customfieldvalue>false</customfieldvalue>

                        </customfieldvalues>
                    </customfield>
                                                                                                                                                                                                                                                                                                                                                                                                                                                                                                                                                                                                                                                <customfield id="customfield_12310420" key="com.pyxis.greenhopper.jira:gh-global-rank">
                        <customfieldname>Global Rank</customfieldname>
                        <customfieldvalues>
                            <customfieldvalue>385096</customfieldvalue>
                        </customfieldvalues>
                    </customfield>
                                                                                                                                                                                                                                                                                                                                                                                                                                                                        <customfield id="customfield_12311820" key="com.pyxis.greenhopper.jira:gh-lexo-rank">
                        <customfieldname>Rank</customfieldname>
                        <customfieldvalues>
                            <customfieldvalue>0|i1ucbz:</customfieldvalue>

                        </customfieldvalues>
                    </customfield>
                                                                <customfield id="customfield_12310920" key="com.pyxis.greenhopper.jira:gh-global-rank">
                        <customfieldname>Rank (Obsolete)</customfieldname>
                        <customfieldvalues>
                            <customfieldvalue>385363</customfieldvalue>
                        </customfieldvalues>
                    </customfield>
                                                                                                                                                                                                                                                                                                                                                                                                                                                                                                                                                                                                                                                                                                                                                                                            </customfields>
    </item>


</channel>
</rss>