<rss version="0.92">
    <channel>
        <title>ASF JIRA</title>
        <link>https://issues.apache.org/jira/issues/?jql=project+%3D+NET+AND+type+%3D+bug+and+%28status+%3D+RESOLVED+or+status+%3D+closed%29</link>
        <description>An XML representation of a search request</description>
                <language>en-uk</language>
                        <issue start="0" end="464" total="464" />
                <build-info>
            <version>8.20.7</version>
            <build-number>820007</build-number>
            <build-date>16-03-2022</build-date>
        </build-info>

<item>
            <title>[NET-238] RCommandClient wrongly attempts to use local socket with priviledged port (specifically &gt;511 &amp;&amp; &lt;1024)</title>
                <link>https://issues.apache.org/jira/browse/NET-238</link>
                <project id="12310487" key="NET">Commons Net</project>
                    <description>&lt;p&gt;I see a few instances of this around:&lt;/p&gt;

&lt;p&gt;        int localPort;&lt;/p&gt;

&lt;p&gt;        localPort = MAX_CLIENT_PORT;&lt;/p&gt;

&lt;p&gt;        for (localPort = MAX_CLIENT_PORT; localPort &amp;gt;= MIN_CLIENT_PORT; --localPort)&lt;br/&gt;
        {&lt;br/&gt;
            try&lt;/p&gt;
            {
                _socket_ =
                    _socketFactory_.createSocket(host, port, localAddr, localPort);
            }
&lt;p&gt;            catch (SocketException e)&lt;/p&gt;
            {
                continue;
            }
&lt;p&gt;            break;&lt;br/&gt;
        }&lt;/p&gt;

&lt;p&gt;        if (localPort &amp;lt; MIN_CLIENT_PORT)&lt;br/&gt;
            throw new BindException("All ports in use or insufficient permssion.");&lt;/p&gt;

&lt;p&gt;Yet, this seems to be an error. I can manually issue the rlogin command on my shell and everything just works. After doing it directly from my shell, a netstat -a reveals that I'm using an unpriviledged port on my client side.... why is RCommandClient attempting to use a priviledged port??&lt;/p&gt;</description>
                <environment>&lt;p&gt;Linux x86_64, Eclipse 3.4, commons-net-2.0&lt;/p&gt;</environment>
        <key id="12407808">NET-238</key>
            <summary>RCommandClient wrongly attempts to use local socket with priviledged port (specifically &gt;511 &amp;&amp; &lt;1024)</summary>
                <type id="1" iconUrl="https://issues.apache.org/jira/secure/viewavatar?size=xsmall&amp;avatarId=21133&amp;avatarType=issuetype">Bug</type>
                                            <priority id="3" iconUrl="https://issues.apache.org/jira/images/icons/priorities/major.svg">Major</priority>
                        <status id="6" iconUrl="https://issues.apache.org/jira/images/icons/statuses/closed.png" description="The issue is considered finished, the resolution is correct. Issues which are not closed can be reopened.">Closed</status>
                    <statusCategory id="3" key="done" colorName="green" />
                                    <resolution id="6">Invalid</resolution>
                                        <assignee username="-1">Unassigned</assignee>
                                    <reporter username="jieryn">jieryn</reporter>
                        <labels>
                    </labels>
                <created>Tue, 4 Nov 2008 19:57:25 +0000</created>
                <updated>Wed, 29 Feb 2012 20:33:47 +0000</updated>
                            <resolved>Tue, 4 Nov 2008 20:28:08 +0000</resolved>
                                    <version>2.0</version>
                                                        <due />
                            <votes>0</votes>
                                    <watches>0</watches>
                                                                <comments>
                            <comment id="12645059" author="jieryn" created="Tue, 4 Nov 2008 20:00:37 +0000">&lt;p&gt;Actually, correct that - I see that my source address port is 1023. Sorry, I read the wrong line from netstat -a.&lt;/p&gt;

&lt;p&gt;However, I am still not able to connect with the commons-net RLoginCommand client.&lt;/p&gt;</comment>
                            <comment id="12645069" author="sebb@apache.org" created="Tue, 4 Nov 2008 20:27:41 +0000">&lt;p&gt;The Javadoc for the class includes the following:&lt;/p&gt;

&lt;blockquote&gt;
&lt;p&gt;The only additional measure for establishing trust is that all client connections must originate from a port between 512 and 1023. Consequently, there is an upper limit to the number of rcmd connections that can be running simultaneously. The required ports are reserved ports on Unix systems, and can only be bound by a process running with root permissions (to accomplish this rsh, rlogin, and related commands usualy have the suid bit set). Therefore, on a Unix system, you will only be able to successfully use the RCommandClient class if the process runs as root. However, there is no such restriction on Windows95 and some other systems.&lt;/p&gt;&lt;/blockquote&gt;</comment>
                    </comments>
                    <attachments>
                    </attachments>
                <subtasks>
                    </subtasks>
                <customfields>
                                                                                                                                                                                                                                                                                                                                                                                                                                                                                                                                                                                                                                                                                                                    <customfield id="customfield_12314020" key="com.atlassian.jira.plugins.jira-development-integration-plugin:devsummary">
                        <customfieldname>Development</customfieldname>
                        <customfieldvalues>
                            
                        </customfieldvalues>
                    </customfield>
                                                                                                                        <customfield id="customfield_12313422" key="com.atlassian.jirafisheyeplugin:jobcheckbox">
                        <customfieldname>Enable Automatic Patch Review</customfieldname>
                        <customfieldvalues>
                            <customfieldvalue>false</customfieldvalue>

                        </customfieldvalues>
                    </customfield>
                                                                                                                                                                                                                                                                                                                                                                                                                                                                                                                                                                                                                                                <customfield id="customfield_12310420" key="com.pyxis.greenhopper.jira:gh-global-rank">
                        <customfieldname>Global Rank</customfieldname>
                        <customfieldvalues>
                            <customfieldvalue>154555</customfieldvalue>
                        </customfieldvalues>
                    </customfield>
                                                                                                                                                                                                                                                                                                                                                                                                                                                                        <customfield id="customfield_12311820" key="com.pyxis.greenhopper.jira:gh-lexo-rank">
                        <customfieldname>Rank</customfieldname>
                        <customfieldvalues>
                            <customfieldvalue>0|i0ybtj:</customfieldvalue>

                        </customfieldvalues>
                    </customfield>
                                                                <customfield id="customfield_12310920" key="com.pyxis.greenhopper.jira:gh-global-rank">
                        <customfieldname>Rank (Obsolete)</customfieldname>
                        <customfieldvalues>
                            <customfieldvalue>198384</customfieldvalue>
                        </customfieldvalues>
                    </customfield>
                                                                                                                                                                                                                                                                                                                                                                                                                                                                                                                                                                                                                                                                                                                                                                                            </customfields>
    </item>


</channel>
</rss>