<rss version="0.92">
    <channel>
        <title>ASF JIRA</title>
        <link>https://issues.apache.org/jira/issues/?jql=project+%3D+NET+AND+type+%3D+bug+and+%28status+%3D+RESOLVED+or+status+%3D+closed%29</link>
        <description>An XML representation of a search request</description>
                <language>en-uk</language>
                        <issue start="0" end="464" total="464" />
                <build-info>
            <version>8.20.7</version>
            <build-number>820007</build-number>
            <build-date>16-03-2022</build-date>
        </build-info>

<item>
            <title>[NET-168] NullPointerException in TelnetClient.disconnect() while being connected</title>
                <link>https://issues.apache.org/jira/browse/NET-168</link>
                <project id="12310487" key="NET">Commons Net</project>
                    <description>&lt;p&gt;java.lang.NullPointerException&lt;br/&gt;
org.apache.commons.net.telnet.TelnetClient.disconnect(TelnetClient.java:125)&lt;br/&gt;
org.apache.commons.net.ftp.FTP.disconnect(FTP.java:397)&lt;br/&gt;
org.apache.commons.net.ftp.FTPClient.disconnect(FTPClient.java:590)&lt;/p&gt;

&lt;p&gt;This exception occurs when trying to invoke myFTPClient.disconnect() method, when ftpclient hangs for a long time and dont want to connect...&lt;/p&gt;</description>
                <environment>&lt;p&gt;Debian GNU/Linux, FedoraCore, RedHat&lt;/p&gt;</environment>
        <key id="12376627">NET-168</key>
            <summary>NullPointerException in TelnetClient.disconnect() while being connected</summary>
                <type id="1" iconUrl="https://issues.apache.org/jira/secure/viewavatar?size=xsmall&amp;avatarId=21133&amp;avatarType=issuetype">Bug</type>
                                            <priority id="3" iconUrl="https://issues.apache.org/jira/images/icons/priorities/major.svg">Major</priority>
                        <status id="6" iconUrl="https://issues.apache.org/jira/images/icons/statuses/closed.png" description="The issue is considered finished, the resolution is correct. Issues which are not closed can be reopened.">Closed</status>
                    <statusCategory id="3" key="done" colorName="green" />
                                    <resolution id="6">Invalid</resolution>
                                        <assignee username="-1">Unassigned</assignee>
                                    <reporter username="eximius">Kamil</reporter>
                        <labels>
                    </labels>
                <created>Wed, 22 Aug 2007 20:07:10 +0000</created>
                <updated>Sat, 8 Mar 2008 19:58:00 +0000</updated>
                            <resolved>Sat, 8 Mar 2008 19:58:00 +0000</resolved>
                                    <version>1.4</version>
                                                        <due />
                            <votes>0</votes>
                                    <watches>1</watches>
                                                                <comments>
                            <comment id="12522917" author="nbeyer" created="Mon, 27 Aug 2007 01:20:55 +0000">&lt;p&gt;Do you have a code example or test case that can recreate this behavior? Can you provide any more context to what you're doing when this happens?&lt;/p&gt;

&lt;p&gt;Are you accessing an instance of TelnetClient, FTP or FTPClient from multiple threads? If so, are you protecting it appropriately?&lt;/p&gt;</comment>
                            <comment id="12522951" author="eximius" created="Mon, 27 Aug 2007 08:31:32 +0000">&lt;p&gt;yes, i do.&lt;br/&gt;
Here is class which is using FTPClient:&lt;br/&gt;
public class FtpTester{&lt;br/&gt;
	private FTPClient ftpCon=null;&lt;br/&gt;
	public void testHandler(String host,long timeout,Authentication auth) {&lt;br/&gt;
		long startTime = 0;&lt;br/&gt;
		long totalTime = 0;&lt;br/&gt;
		long startDownloadTime = 0;&lt;br/&gt;
		long totalDownloadTime = 0;&lt;br/&gt;
		String res = "";&lt;br/&gt;
		int resp=0;&lt;/p&gt;

&lt;p&gt;		String exception=null;&lt;/p&gt;

&lt;p&gt;		try {&lt;br/&gt;
			ftpCon=new FTPClient();&lt;br/&gt;
			startTime = System.currentTimeMillis();&lt;br/&gt;
			ftpCon.setDefaultTimeout((int) timeout);&lt;br/&gt;
			ftpCon.connect(host,21);&lt;/p&gt;

&lt;p&gt;			String user=null;&lt;br/&gt;
			String pass=null;&lt;br/&gt;
			if(auth!=null)&lt;/p&gt;
{
				user=auth.getUsername();
				pass=auth.getPassword();
			}
&lt;p&gt;			if(user!=null &amp;amp;&amp;amp; pass!=null)&lt;/p&gt;
{
				ftpCon.user(user);
				ftpCon.pass(pass);
			}
&lt;p&gt;			else&lt;/p&gt;
{
				ftpCon.user("anonymous");
				ftpCon.pass("");
			}
&lt;p&gt;			startDownloadTime = System.currentTimeMillis();&lt;br/&gt;
			res=ftpCon.getReplyString();&lt;br/&gt;
			resp= ftpCon.getReplyCode();&lt;br/&gt;
			totalDownloadTime = System.currentTimeMillis()-startDownloadTime;&lt;br/&gt;
			totalTime = System.currentTimeMillis()-startTime;&lt;/p&gt;

&lt;p&gt;		}catch (Exception e) &lt;/p&gt;
{
			e.printStackTrace();
                        exception=e.getMessage();
		}
&lt;p&gt;finally{&lt;br/&gt;
			try {&lt;br/&gt;
				if(ftpCon!=null &amp;amp;&amp;amp; ftpCon.isConnected())&lt;/p&gt;
{
					//ftpCon.logout();
					ftpCon.disconnect(); //HERE occured an Exception
				}
&lt;p&gt;			} catch (IOException e) {&lt;br/&gt;
			}&lt;br/&gt;
		}&lt;br/&gt;
	}&lt;br/&gt;
	public void interrupt() {//used in different thread if connection hangs for a long time&lt;br/&gt;
		try {&lt;br/&gt;
			if(ftpCon!=null&amp;amp;&amp;amp; ftpCon.isConnected())&lt;/p&gt;
{
				ftpCon.disconnect();
			}
&lt;p&gt;		} catch (IOException e) {&lt;br/&gt;
		}&lt;br/&gt;
	}&lt;br/&gt;
}&lt;/p&gt;

&lt;p&gt;It's not so common - it happens once a week maybe, but it's strange.&lt;br/&gt;
While this exception happens - as you see - i'm disconnecting FTPClient.&lt;br/&gt;
It's a server, so in other threads i have Http connections running, but it shouldn't matter. Server connects to ftp do some connection tests. It's running all the time.&lt;br/&gt;
I Hope that it would help. &lt;br/&gt;
Regards&lt;/p&gt;

&lt;p&gt;---- Wiadomo&#347;&#263; Oryginalna ----&lt;br/&gt;
Od: "Nathan Beyer (JIRA)" &amp;lt;jira@apache.org&amp;gt;&lt;br/&gt;
Do: eximius@o2.pl&lt;br/&gt;
Data: 27 sierpnia 2007 3:21&lt;br/&gt;
Temat: &lt;span class="error"&gt;&amp;#91;jira&amp;#93;&lt;/span&gt; Commented: (&lt;a href="https://issues.apache.org/jira/browse/NET-168" title="NullPointerException in TelnetClient.disconnect() while being connected" class="issue-link" data-issue-key="NET-168"&gt;&lt;del&gt;NET-168&lt;/del&gt;&lt;/a&gt;) NullPointerException in  TelnetClient.disconnect() while being connected&lt;/p&gt;

</comment>
                            <comment id="12523150" author="nbeyer" created="Tue, 28 Aug 2007 03:53:33 +0000">&lt;p&gt;Based on that code snippet, I would say that you have a concurrency issue. It's even presenting as a concurrency issue - it happens rarely and sporadically.&lt;/p&gt;

&lt;p&gt;FTPClient is not thread safe, you can't invoke methods on it concurrently, which your code appears to be doing. The 'testHandler' and 'interrupt' method are being invoked on two different threads, correct? If you want to maintain the FTPClient as a instance variable, you'll have to synchronize access to it; only one thread can be interacting with it at a time. Note, access to the field itself must be synchronized as well, but you can generally do this with the same lock. Are you reusing instances of FTPClient amongst different threads?&lt;/p&gt;

&lt;p&gt;To get a better understanding of what's happening, I would suggest putting some tracing in this class to see when, how many times and on what thread the methods are getting invoked. I think you'll be surprised as to what you see.&lt;/p&gt;</comment>
                            <comment id="12539808" author="eximius" created="Sat, 3 Nov 2007 05:42:11 +0000">&lt;p&gt;You mean, that i connot invoke disconnect() method from another thread?? It's a little bit strange since it is no problem for java Socket to invoke close() method in that way...&lt;/p&gt;

&lt;p&gt;Regards&lt;/p&gt;

&lt;p&gt;---- Wiadomo&#347;&#263; Oryginalna ----&lt;br/&gt;
Od: "Nathan Beyer (JIRA)" &amp;lt;jira@apache.org&amp;gt;&lt;br/&gt;
Do: eximius@o2.pl&lt;br/&gt;
Data: 28 sierpnia 2007 5:55&lt;br/&gt;
Temat: &lt;span class="error"&gt;&amp;#91;jira&amp;#93;&lt;/span&gt; Commented: (&lt;a href="https://issues.apache.org/jira/browse/NET-168" title="NullPointerException in TelnetClient.disconnect() while being connected" class="issue-link" data-issue-key="NET-168"&gt;&lt;del&gt;NET-168&lt;/del&gt;&lt;/a&gt;) NullPointerException in  TelnetClient.disconnect() while being connected&lt;/p&gt;

</comment>
                            <comment id="12539981" author="nbeyer" created="Sat, 3 Nov 2007 20:05:33 +0000">&lt;p&gt;You can call disconnect from another thread, but you must do so exclusive of any other interaction on the FTPClient instance. You must synchronize access. You may be able to do this sort of thing with java.net.Socket, but it likely has some form of internal synchronization to protect things; however, there's no mention of this in the javadoc, so I wouldn't make any assumptions about that.&lt;/p&gt;

&lt;p&gt;In any case, what you'll want to do is something like this.&lt;/p&gt;

&lt;p&gt;// create a final lock object to synchronize access to the 'ftpCon' field&lt;br/&gt;
private FTPClient ftpCon = null;&lt;br/&gt;
private final Object ftpConLock = new Object();&lt;/p&gt;

&lt;p&gt;public void testHandler() {&lt;br/&gt;
    ...&lt;br/&gt;
    // synchronize every access to the field&lt;br/&gt;
    synchronized(ftpConLock) &lt;/p&gt;
{
        ftpCon = new FTPClient();
        ...
    }
&lt;p&gt;   ...&lt;br/&gt;
}&lt;/p&gt;

&lt;p&gt;public void interrupt() {&lt;br/&gt;
   synchronized(ftpConLock) {&lt;br/&gt;
      if (ftpCon != null &amp;amp;&amp;amp; ftpCon.isConnected()) &lt;/p&gt;
{
         ftpCon.disconnect();
      }
&lt;p&gt;   }&lt;br/&gt;
}&lt;/p&gt;</comment>
                            <comment id="12576601" author="rwinston@eircom.net" created="Sat, 8 Mar 2008 19:58:00 +0000">&lt;p&gt;Looks like a concurrency issue, unless shown to be otherwise.&lt;/p&gt;</comment>
                    </comments>
                    <attachments>
                    </attachments>
                <subtasks>
                    </subtasks>
                <customfields>
                                                                                                                                                                                                                                                                                                                                                                                                                                                                                                                                                                                                                                                                                                                    <customfield id="customfield_12314020" key="com.atlassian.jira.plugins.jira-development-integration-plugin:devsummary">
                        <customfieldname>Development</customfieldname>
                        <customfieldvalues>
                            
                        </customfieldvalues>
                    </customfield>
                                                                                                                        <customfield id="customfield_12313422" key="com.atlassian.jirafisheyeplugin:jobcheckbox">
                        <customfieldname>Enable Automatic Patch Review</customfieldname>
                        <customfieldvalues>
                            <customfieldvalue>false</customfieldvalue>

                        </customfieldvalues>
                    </customfield>
                                                                                                                                                                                                                                                                                                                                                                                                                                                                                                                                                                                                                                                <customfield id="customfield_12310420" key="com.pyxis.greenhopper.jira:gh-global-rank">
                        <customfieldname>Global Rank</customfieldname>
                        <customfieldvalues>
                            <customfieldvalue>154502</customfieldvalue>
                        </customfieldvalues>
                    </customfield>
                                                                                                                                                                                                                                                                                                                                                                                                                                                                        <customfield id="customfield_12311820" key="com.pyxis.greenhopper.jira:gh-lexo-rank">
                        <customfieldname>Rank</customfieldname>
                        <customfieldvalues>
                            <customfieldvalue>0|i0ybvb:</customfieldvalue>

                        </customfieldvalues>
                    </customfield>
                                                                <customfield id="customfield_12310920" key="com.pyxis.greenhopper.jira:gh-global-rank">
                        <customfieldname>Rank (Obsolete)</customfieldname>
                        <customfieldvalues>
                            <customfieldvalue>198392</customfieldvalue>
                        </customfieldvalues>
                    </customfield>
                                                                                                                                                                                                                                                                                                                                                                                                                                                                                                                                                                                                                                                                                                                                                                                            </customfields>
    </item>


</channel>
</rss>