<rss version="0.92">
    <channel>
        <title>ASF JIRA</title>
        <link>https://issues.apache.org/jira/issues/?jql=project+%3D+NET+AND+type+%3D+bug+and+%28status+%3D+RESOLVED+or+status+%3D+closed%29</link>
        <description>An XML representation of a search request</description>
                <language>en-uk</language>
                        <issue start="0" end="464" total="464" />
                <build-info>
            <version>8.20.7</version>
            <build-number>820007</build-number>
            <build-date>16-03-2022</build-date>
        </build-info>

<item>
            <title>[NET-104] [net] POP3Client ProtocolCommandListener protocolReplyReceived method event.getMessage() is empty/blank</title>
                <link>https://issues.apache.org/jira/browse/NET-104</link>
                <project id="12310487" key="NET">Commons Net</project>
                    <description>&lt;p&gt;Using POP3Client.addProtocolCommandListener, when the listener's&lt;br/&gt;
protocolReplyReceived method is called with a ProtocolCommandEvent object, the&lt;br/&gt;
getMessage() method of this object returns a blank string. It should return the&lt;br/&gt;
reply string. Caused by POP3.__getReply() calling the listener before it has&lt;br/&gt;
saved the reply string in _replyLines.&lt;/p&gt;

&lt;p&gt;Pseudocode example:&lt;/p&gt;

&lt;p&gt;public class TestPOP3 implements ProtocolCommandLister &lt;br/&gt;
{&lt;br/&gt;
	public void connect()&lt;/p&gt;
	{
				POP3Client client = new POP3Client();
				client.addProtocolCommandListener(this);
				client.connect(emailServer);
				client.login(emailUsername, emailPassword);
				client.disconnect();
	}
&lt;p&gt;	public void protocolCommandSent(ProtocolCommandEvent vent)&lt;/p&gt;
	{
		log.debug("&amp;gt;" + event.getMessage());
	}
&lt;p&gt;	public void protocolReplyReceived(ProtocolCommandEvent vent)&lt;/p&gt;
	{
		// bug: event.getMessage() is always an empty string ere
		log.debug("&amp;lt;" + event.getMessage());
	}
&lt;p&gt;}&lt;/p&gt;</description>
                <environment>&lt;p&gt;Operating System: All&lt;br/&gt;
Platform: All&lt;/p&gt;</environment>
        <key id="12342129">NET-104</key>
            <summary>[net] POP3Client ProtocolCommandListener protocolReplyReceived method event.getMessage() is empty/blank</summary>
                <type id="1" iconUrl="https://issues.apache.org/jira/secure/viewavatar?size=xsmall&amp;avatarId=21133&amp;avatarType=issuetype">Bug</type>
                                            <priority id="3" iconUrl="https://issues.apache.org/jira/images/icons/priorities/major.svg">Major</priority>
                        <status id="6" iconUrl="https://issues.apache.org/jira/images/icons/statuses/closed.png" description="The issue is considered finished, the resolution is correct. Issues which are not closed can be reopened.">Closed</status>
                    <statusCategory id="3" key="done" colorName="green" />
                                    <resolution id="1">Fixed</resolution>
                                        <assignee username="-1">Unassigned</assignee>
                                    <reporter username="sammy_c@lineone.net">Dave Cee</reporter>
                        <labels>
                    </labels>
                <created>Wed, 23 Mar 2005 01:51:45 +0000</created>
                <updated>Thu, 20 Sep 2007 05:31:16 +0000</updated>
                            <resolved>Thu, 20 Sep 2007 05:31:16 +0000</resolved>
                                    <version>Nightly Builds</version>
                                                        <due />
                            <votes>0</votes>
                                    <watches>0</watches>
                                                                <comments>
                            <comment id="12408947" author="sammy_c@lineone.net" created="Wed, 23 Mar 2005 01:54:32 +0000">&lt;p&gt;Created an attachment (id=14536)&lt;br/&gt;
Suggested patch for POP3.java, diff on 1.3.0 source&lt;/p&gt;</comment>
                            <comment id="12408948" author="sammy_c@lineone.net" created="Wed, 23 Mar 2005 01:57:02 +0000">&lt;p&gt;(From update of attachment 14536)&lt;br/&gt;
&amp;gt;--- POP3.java	2005-03-22 16:39:31.974738700 +0000&lt;br/&gt;
&amp;gt;+++ POP3.java	2005-03-22 16:41:29.273405900 +0000&lt;br/&gt;
&amp;gt;@@ -124,11 +124,11 @@&lt;br/&gt;
&amp;gt;             MalformedServerReplyException(&lt;br/&gt;
&amp;gt;                 "Received invalid POP3 protocol response from server.");&lt;br/&gt;
&amp;gt;&lt;br/&gt;
&amp;gt;-        if (&lt;em&gt;commandSupport&lt;/em&gt;.getListenerCount() &amp;gt; 0)&lt;br/&gt;
&amp;gt;-            &lt;em&gt;commandSupport&lt;/em&gt;.fireReplyReceived(_replyCode, getReplyString());&lt;br/&gt;
&amp;gt;-&lt;br/&gt;
&amp;gt;         _replyLines.addElement(line);&lt;br/&gt;
&amp;gt;         _lastReplyLine = line;&lt;br/&gt;
&amp;gt;+&lt;br/&gt;
&amp;gt;+        if (&lt;em&gt;commandSupport&lt;/em&gt;.getListenerCount() &amp;gt; 0)&lt;br/&gt;
&amp;gt;+            &lt;em&gt;commandSupport&lt;/em&gt;.fireReplyReceived(_replyCode, getReplyString());&lt;br/&gt;
&amp;gt;     }&lt;br/&gt;
&amp;gt;&lt;/p&gt;</comment>
                            <comment id="12408949" author="sammy_c@lineone.net" created="Wed, 23 Mar 2005 01:58:22 +0000">&lt;p&gt;(From update of attachment 14536)&lt;br/&gt;
&amp;gt;--- POP3.java	2005-03-22 16:39:31.974738700 +0000&lt;br/&gt;
&amp;gt;+++ POP3.java	2005-03-22 16:41:29.273405900 +0000&lt;br/&gt;
&amp;gt;@@ -124,11 +124,11 @@&lt;br/&gt;
&amp;gt;             MalformedServerReplyException(&lt;br/&gt;
&amp;gt;                 "Received invalid POP3 protocol response from server.");&lt;br/&gt;
&amp;gt;&lt;br/&gt;
&amp;gt;-        if (&lt;em&gt;commandSupport&lt;/em&gt;.getListenerCount() &amp;gt; 0)&lt;br/&gt;
&amp;gt;-            &lt;em&gt;commandSupport&lt;/em&gt;.fireReplyReceived(_replyCode, getReplyString());&lt;br/&gt;
&amp;gt;-&lt;br/&gt;
&amp;gt;         _replyLines.addElement(line);&lt;br/&gt;
&amp;gt;         _lastReplyLine = line;&lt;br/&gt;
&amp;gt;+&lt;br/&gt;
&amp;gt;+        if (&lt;em&gt;commandSupport&lt;/em&gt;.getListenerCount() &amp;gt; 0)&lt;br/&gt;
&amp;gt;+            &lt;em&gt;commandSupport&lt;/em&gt;.fireReplyReceived(_replyCode, getReplyString());&lt;br/&gt;
&amp;gt;     }&lt;br/&gt;
&amp;gt;&lt;/p&gt;</comment>
                            <comment id="12408950" author="sammy_c@lineone.net" created="Wed, 23 Mar 2005 02:02:59 +0000">&lt;p&gt;Sorry, I'm a Bugzilla newbie, ignore the comments about the edits of the patch file.&lt;/p&gt;</comment>
                            <comment id="12408951" author="dfs@apache.org" created="Wed, 23 Mar 2005 04:43:14 +0000">&lt;p&gt;Thanks.  I applied the fix.  Please verify before closing.&lt;/p&gt;</comment>
                    </comments>
                    <attachments>
                            <attachment id="12333423" name="ASF.LICENSE.NOT.GRANTED--patch.txt" size="504" author="sammy_c@lineone.net" created="Wed, 23 Mar 2005 01:54:32 +0000" />
                    </attachments>
                <subtasks>
                    </subtasks>
                <customfields>
                                                                                                                                                                                                                                                                                                                                                                                                                                                                                                                                                                                                    <customfield id="customfield_10010" key="com.atlassian.jira.plugin.system.customfieldtypes:importid">
                        <customfieldname>Bugzilla Id</customfieldname>
                        <customfieldvalues>
                            <customfieldvalue>34133</customfieldvalue>
                        </customfieldvalues>
                    </customfield>
                                                                                                                                                    <customfield id="customfield_12314020" key="com.atlassian.jira.plugins.jira-development-integration-plugin:devsummary">
                        <customfieldname>Development</customfieldname>
                        <customfieldvalues>
                            
                        </customfieldvalues>
                    </customfield>
                                                                                                                        <customfield id="customfield_12313422" key="com.atlassian.jirafisheyeplugin:jobcheckbox">
                        <customfieldname>Enable Automatic Patch Review</customfieldname>
                        <customfieldvalues>
                            <customfieldvalue>false</customfieldvalue>

                        </customfieldvalues>
                    </customfield>
                                                                                                                                                                                                                                                                                                                                                                                                                                                                                                                                                                                                                                                <customfield id="customfield_12310420" key="com.pyxis.greenhopper.jira:gh-global-rank">
                        <customfieldname>Global Rank</customfieldname>
                        <customfieldvalues>
                            <customfieldvalue>154441</customfieldvalue>
                        </customfieldvalues>
                    </customfield>
                                                                                                                                                                                                                                                                                                                                                                                                                                                                        <customfield id="customfield_12311820" key="com.pyxis.greenhopper.jira:gh-lexo-rank">
                        <customfieldname>Rank</customfieldname>
                        <customfieldvalues>
                            <customfieldvalue>0|i0lpgn:</customfieldvalue>

                        </customfieldvalues>
                    </customfield>
                                                                <customfield id="customfield_12310920" key="com.pyxis.greenhopper.jira:gh-global-rank">
                        <customfieldname>Rank (Obsolete)</customfieldname>
                        <customfieldvalues>
                            <customfieldvalue>124776</customfieldvalue>
                        </customfieldvalues>
                    </customfield>
                                                                                                                                                                                                                                                                                                                                                                                                                                                                                                                                                                                                                                                                                                                                                                                            </customfields>
    </item>


</channel>
</rss>