<rss version="0.92">
    <channel>
        <title>ASF JIRA</title>
        <link>https://issues.apache.org/jira/issues/?jql=project+%3D+NET+AND+type+%3D+bug+and+%28status+%3D+RESOLVED+or+status+%3D+closed%29</link>
        <description>An XML representation of a search request</description>
                <language>en-uk</language>
                        <issue start="0" end="464" total="464" />
                <build-info>
            <version>8.20.7</version>
            <build-number>820007</build-number>
            <build-date>16-03-2022</build-date>
        </build-info>

<item>
            <title>[NET-678] VMS ftp LIST parsing results in empty file list</title>
                <link>https://issues.apache.org/jira/browse/NET-678</link>
                <project id="12310487" key="NET">Commons Net</project>
                    <description>&lt;p&gt;VMS ftp LIST parsing results in empty list when "size / allocated" part is missing slash and allocated value. I am not sure if there is any specification on that subject to make clear if this is a valid server output or not, however MultiNet FTP Server Process V5.1(16) does this reply, for example:&lt;/p&gt;

&lt;p&gt;&#160;&lt;/p&gt;

&lt;p&gt;FILE123.DAT;1&lt;br/&gt;
 64 4-MAR-2019 00:04 &lt;span class="error"&gt;&amp;#91;USR,USRGROUP&amp;#93;&lt;/span&gt; (RWED,RWED,RWED,R)&lt;br/&gt;
 FILE456.DAT;1&lt;br/&gt;
 102 28-APR-2013 23:12 &lt;span class="error"&gt;&amp;#91;USR,USRGROUP&amp;#93;&lt;/span&gt; (RWED,RWED,RWED,R)}}&lt;/p&gt;

&lt;p&gt;&#160;&lt;/p&gt;

&lt;p&gt;&lt;tt&gt;No files would be returned from by FTPClient#listFiles(String path)&lt;/tt&gt;&lt;/p&gt;</description>
                <environment />
        <key id="13285772">NET-678</key>
            <summary>VMS ftp LIST parsing results in empty file list</summary>
                <type id="1" iconUrl="https://issues.apache.org/jira/secure/viewavatar?size=xsmall&amp;avatarId=21133&amp;avatarType=issuetype">Bug</type>
                                            <priority id="4" iconUrl="https://issues.apache.org/jira/images/icons/priorities/minor.svg">Minor</priority>
                        <status id="6" iconUrl="https://issues.apache.org/jira/images/icons/statuses/closed.png" description="The issue is considered finished, the resolution is correct. Issues which are not closed can be reopened.">Closed</status>
                    <statusCategory id="3" key="done" colorName="green" />
                                    <resolution id="1">Fixed</resolution>
                                        <assignee username="-1">Unassigned</assignee>
                                    <reporter username="bravehorsie">Roman Grigoriadi</reporter>
                        <labels>
                    </labels>
                <created>Mon, 17 Feb 2020 12:30:59 +0000</created>
                <updated>Thu, 6 Aug 2020 12:27:32 +0000</updated>
                            <resolved>Fri, 19 Jun 2020 23:00:02 +0000</resolved>
                                    <version>3.6</version>
                                    <fixVersion>3.7</fixVersion>
                                    <component>FTP</component>
                        <due />
                            <votes>0</votes>
                                    <watches>1</watches>
                                                                <comments>
                            <comment id="17038314" author="bravehorsie" created="Mon, 17 Feb 2020 12:31:59 +0000">&lt;p&gt;A PR is attached to fix this issue:&lt;/p&gt;

&lt;p&gt;&lt;a href="https://github.com/apache/commons-net/pull/47" class="external-link" target="_blank" rel="nofollow noopener"&gt;https://github.com/apache/commons-net/pull/47&lt;/a&gt;&lt;/p&gt;</comment>
                            <comment id="17140882" author="sebb@apache.org" created="Fri, 19 Jun 2020 23:00:02 +0000">&lt;p&gt;Fixed in &lt;font color="#222222"&gt;2f9d5639fcc66a240f86bfd6b05048&lt;/font&gt;&lt;font color="#222222"&gt;696672bdd6&lt;/font&gt;&lt;/p&gt;</comment>
                    </comments>
                    <attachments>
                    </attachments>
                <subtasks>
                    </subtasks>
                <customfields>
                                                                                                                                                                                                                                                                                                                                                                                                                                                                                                                                                                                                                                                                                                                    <customfield id="customfield_12314020" key="com.atlassian.jira.plugins.jira-development-integration-plugin:devsummary">
                        <customfieldname>Development</customfieldname>
                        <customfieldvalues>
                            
                        </customfieldvalues>
                    </customfield>
                                                                                                                        <customfield id="customfield_12313422" key="com.atlassian.jirafisheyeplugin:jobcheckbox">
                        <customfieldname>Enable Automatic Patch Review</customfieldname>
                        <customfieldvalues>
                            <customfieldvalue>false</customfieldvalue>

                        </customfieldvalues>
                    </customfield>
                                                                                                                                                                                                                                                                                                                                                                                                                                                                                                                                                                                                                                                <customfield id="customfield_12310420" key="com.pyxis.greenhopper.jira:gh-global-rank">
                        <customfieldname>Global Rank</customfieldname>
                        <customfieldvalues>
                            <customfieldvalue>9223372036854775807</customfieldvalue>
                        </customfieldvalues>
                    </customfield>
                                                                                                                                                                                                                                                                                                                                                                                                                                                                        <customfield id="customfield_12311820" key="com.pyxis.greenhopper.jira:gh-lexo-rank">
                        <customfieldname>Rank</customfieldname>
                        <customfieldvalues>
                            <customfieldvalue>0|z0bkrs:</customfieldvalue>

                        </customfieldvalues>
                    </customfield>
                                                                <customfield id="customfield_12310920" key="com.pyxis.greenhopper.jira:gh-global-rank">
                        <customfieldname>Rank (Obsolete)</customfieldname>
                        <customfieldvalues>
                            <customfieldvalue>9223372036854775807</customfieldvalue>
                        </customfieldvalues>
                    </customfield>
                                                                                                                                                                                                                                                                                                                                                                                                                                                                                                                                                                                                                                                                                                                                                                                            </customfields>
    </item>


</channel>
</rss>