<rss version="0.92">
    <channel>
        <title>ASF JIRA</title>
        <link>https://issues.apache.org/jira/issues/?jql=project+%3D+NET+AND+type+%3D+bug+and+%28status+%3D+RESOLVED+or+status+%3D+closed%29</link>
        <description>An XML representation of a search request</description>
                <language>en-uk</language>
                        <issue start="0" end="464" total="464" />
                <build-info>
            <version>8.20.7</version>
            <build-number>820007</build-number>
            <build-date>16-03-2022</build-date>
        </build-info>

<item>
            <title>[NET-56] [net] Nullpointer exception after using parseFTPEntry in FTPFileEntryParser</title>
                <link>https://issues.apache.org/jira/browse/NET-56</link>
                <project id="12310487" key="NET">Commons Net</project>
                    <description>&lt;p&gt;Performing an FTP get action on HP-UX can result in a null pointer exception. &lt;br/&gt;
This occurs when getFiles() calls this.parser.parseFTPEntry(entry) in &lt;br/&gt;
FTPListParseEngine and returns an FTPFile[] array that includes null values. &lt;br/&gt;
This can occur when the files on HP-UX have for example the following &lt;br/&gt;
characteristics:&lt;br/&gt;
&lt;del&gt;rw&lt;/del&gt;------   1 svcpeova   TEAM-OVA-CC4300800 Dec  7 09:35 sdserver-4.5-sp.depot&lt;/p&gt;

&lt;p&gt;As you can see there is no space between the group name and file size, and &lt;br/&gt;
that is exactly where the parseFTPEntry method fails. In this method &lt;br/&gt;
apparently the file characteristics is retrieved and checked, but for some &lt;br/&gt;
reason it appears to rely on spaces to differentiate between the various &lt;br/&gt;
characteristics. Because there is no space between the group name and the file &lt;br/&gt;
size, the method returns a null which ultimately causes a null pointer &lt;br/&gt;
exception when trying to get this file via FTP.&lt;/p&gt;

&lt;p&gt;After changing the group of the file the problem no longer occurs:&lt;br/&gt;
&lt;del&gt;rw&lt;/del&gt;------   1 svcpeova   users      4300800 Dec  7 09:35 sdserver-4.5-sp.depot&lt;/p&gt;</description>
                <environment>&lt;p&gt;Operating System: HP-UX&lt;br/&gt;
Platform: HP&lt;/p&gt;</environment>
        <key id="12341924">NET-56</key>
            <summary>[net] Nullpointer exception after using parseFTPEntry in FTPFileEntryParser</summary>
                <type id="1" iconUrl="https://issues.apache.org/jira/secure/viewavatar?size=xsmall&amp;avatarId=21133&amp;avatarType=issuetype">Bug</type>
                                            <priority id="3" iconUrl="https://issues.apache.org/jira/images/icons/priorities/major.svg">Major</priority>
                        <status id="6" iconUrl="https://issues.apache.org/jira/images/icons/statuses/closed.png" description="The issue is considered finished, the resolution is correct. Issues which are not closed can be reopened.">Closed</status>
                    <statusCategory id="3" key="done" colorName="green" />
                                    <resolution id="4">Incomplete</resolution>
                                        <assignee username="-1">Unassigned</assignee>
                                    <reporter username="david.vanheusden@hp.com">David van Heusden</reporter>
                        <labels>
                    </labels>
                <created>Wed, 8 Dec 2004 15:51:59 +0000</created>
                <updated>Thu, 20 Sep 2007 05:31:10 +0000</updated>
                            <resolved>Sun, 27 Aug 2006 14:13:41 +0000</resolved>
                                    <version>1.4</version>
                                                        <due />
                            <votes>0</votes>
                                    <watches>0</watches>
                                                                <comments>
                            <comment id="12408281" author="scohen@apache.org" created="Tue, 31 May 2005 03:24:33 +0000">&lt;p&gt;Hmm.  Are group names restricted to letters only?  If not, how would one tell&lt;br/&gt;
where one began and the other ended?  Does HP-UX restrict the group name to a&lt;br/&gt;
maximum length?  If so, and if this is a particularity of HPUX, we could&lt;br/&gt;
consider a separate parser.  I wonder why we haven't seen this more frequently.&lt;br/&gt;
 Do some FTP servers force a space while others don't?&lt;/p&gt;

&lt;p&gt;Anyway, moving this one to Jakarta-Commons-Net which is the only place where&lt;br/&gt;
this can possibly get fixed.&lt;/p&gt;</comment>
                            <comment id="12430860" author="rwinston@eircom.net" created="Sun, 27 Aug 2006 14:13:41 +0000">&lt;p&gt;Need more info &lt;/p&gt;</comment>
                    </comments>
                    <attachments>
                    </attachments>
                <subtasks>
                    </subtasks>
                <customfields>
                                                                                                                                                                                                                                                                                                                                                                                                                                                                                                                                                                                                    <customfield id="customfield_10010" key="com.atlassian.jira.plugin.system.customfieldtypes:importid">
                        <customfieldname>Bugzilla Id</customfieldname>
                        <customfieldvalues>
                            <customfieldvalue>32579</customfieldvalue>
                        </customfieldvalues>
                    </customfield>
                                                                                                                                                    <customfield id="customfield_12314020" key="com.atlassian.jira.plugins.jira-development-integration-plugin:devsummary">
                        <customfieldname>Development</customfieldname>
                        <customfieldvalues>
                            
                        </customfieldvalues>
                    </customfield>
                                                                                                                        <customfield id="customfield_12313422" key="com.atlassian.jirafisheyeplugin:jobcheckbox">
                        <customfieldname>Enable Automatic Patch Review</customfieldname>
                        <customfieldvalues>
                            <customfieldvalue>false</customfieldvalue>

                        </customfieldvalues>
                    </customfield>
                                                                                                                                                                                                                                                                                                                                                                                                                                                                                                                                                                                                                                                <customfield id="customfield_12310420" key="com.pyxis.greenhopper.jira:gh-global-rank">
                        <customfieldname>Global Rank</customfieldname>
                        <customfieldvalues>
                            <customfieldvalue>154396</customfieldvalue>
                        </customfieldvalues>
                    </customfield>
                                                                                                                                                                                                                                                                                                                                                                                                                                                                        <customfield id="customfield_12311820" key="com.pyxis.greenhopper.jira:gh-lexo-rank">
                        <customfieldname>Rank</customfieldname>
                        <customfieldvalues>
                            <customfieldvalue>0|i0yc7j:</customfieldvalue>

                        </customfieldvalues>
                    </customfield>
                                                                <customfield id="customfield_12310920" key="com.pyxis.greenhopper.jira:gh-global-rank">
                        <customfieldname>Rank (Obsolete)</customfieldname>
                        <customfieldvalues>
                            <customfieldvalue>198447</customfieldvalue>
                        </customfieldvalues>
                    </customfield>
                                                                                                                                                                                                                                                                                                                                                                                                                                                                                                                                                                                                                                                                                                                                                                                            </customfields>
    </item>


</channel>
</rss>