<rss version="0.92">
    <channel>
        <title>ASF JIRA</title>
        <link>https://issues.apache.org/jira/issues/?jql=project+%3D+NET+AND+type+%3D+bug+and+%28status+%3D+RESOLVED+or+status+%3D+closed%29</link>
        <description>An XML representation of a search request</description>
                <language>en-uk</language>
                        <issue start="0" end="464" total="464" />
                <build-info>
            <version>8.20.7</version>
            <build-number>820007</build-number>
            <build-date>16-03-2022</build-date>
        </build-info>

<item>
            <title>[NET-569] apache commons net FTPHTTP client not able to conect to ftp server</title>
                <link>https://issues.apache.org/jira/browse/NET-569</link>
                <project id="12310487" key="NET">Commons Net</project>
                    <description>&lt;p&gt;if i will do &lt;br/&gt;
FTPClient ftp = new FTPClient();&lt;br/&gt;
ftp.connect("FtpserverName", port(21));&lt;br/&gt;
ftp.Login("*****&lt;b&gt;","&lt;/b&gt;***");&lt;/p&gt;


&lt;p&gt;i am able to connect but if i will do&lt;/p&gt;

&lt;p&gt;Ftpclient ftp = FTPHTTPclient("proxyName", "port", "userId", "Pass");&lt;br/&gt;
ftp.connect("FtpserverName", port(21));&lt;br/&gt;
ftp.Login("*****&lt;b&gt;","&lt;/b&gt;***");&lt;/p&gt;

&lt;p&gt;i am getting &lt;/p&gt;

&lt;p&gt;java.io.IOException: Could not connect to tovms3.fr.eu.airbus.corp&lt;br/&gt;
	at org.apache.commons.net.ftp.FTPHTTPClient.connect(FTPHTTPClient.java:93)&lt;br/&gt;
	at com.ftp.ftpClient.FTPClientExample.main(FTPClientExample.java:148)&lt;br/&gt;
Caused by: java.lang.RuntimeException: Parameter supplied to Base64 encode is not a byte[]&lt;br/&gt;
	at org.apache.commons.net.util.Base64.encode(Base64.java:885)&lt;br/&gt;
	at org.apache.commons.net.ftp.FTPHTTPClient.tunnelHandshake(FTPHTTPClient.java:107)&lt;br/&gt;
	at org.apache.commons.net.ftp.FTPHTTPClient.connect(FTPHTTPClient.java:90)&lt;br/&gt;
	... 1 more&lt;/p&gt;</description>
                <environment>&lt;p&gt;java 7 , windows 7&lt;/p&gt;</environment>
        <key id="12782224">NET-569</key>
            <summary>apache commons net FTPHTTP client not able to conect to ftp server</summary>
                <type id="1" iconUrl="https://issues.apache.org/jira/secure/viewavatar?size=xsmall&amp;avatarId=21133&amp;avatarType=issuetype">Bug</type>
                                            <priority id="3" iconUrl="https://issues.apache.org/jira/images/icons/priorities/major.svg">Major</priority>
                        <status id="5" iconUrl="https://issues.apache.org/jira/images/icons/statuses/resolved.png" description="A resolution has been taken, and it is awaiting verification by reporter. From here issues are either reopened, or are closed.">Resolved</status>
                    <statusCategory id="3" key="done" colorName="green" />
                                    <resolution id="10101">Abandoned</resolution>
                                        <assignee username="-1">Unassigned</assignee>
                                    <reporter username="amit7391">amit kumar</reporter>
                        <labels>
                            <label>features</label>
                    </labels>
                <created>Mon, 16 Mar 2015 15:04:25 +0000</created>
                <updated>Fri, 19 Jun 2020 23:22:02 +0000</updated>
                            <resolved>Fri, 19 Jun 2020 23:22:02 +0000</resolved>
                                    <version>3.0.1</version>
                    <version>3.3</version>
                                                    <component>FTP</component>
                        <due />
                            <votes>0</votes>
                                    <watches>0</watches>
                                    <timeoriginalestimate seconds="86400">24h</timeoriginalestimate>
                            <timeestimate seconds="86400">24h</timeestimate>
                                        <comments>
                            <comment id="14363363" author="amit7391" created="Mon, 16 Mar 2015 15:41:06 +0000">&lt;p&gt;now i am able to connect i used Inet4address&lt;br/&gt;
but if i will try to list directories&lt;br/&gt;
i will get below error&lt;/p&gt;

&lt;p&gt;java.net.ConnectException: connect: Address is invalid on local machine, or port is not valid on remote machine&lt;br/&gt;
	at java.net.PlainSocketImpl.socketConnect(Native Method)&lt;br/&gt;
	at java.net.PlainSocketImpl.doConnect(Unknown Source)&lt;br/&gt;
	at java.net.PlainSocketImpl.connectToAddress(Unknown Source)&lt;br/&gt;
	at java.net.PlainSocketImpl.connect(Unknown Source)&lt;br/&gt;
	at java.net.SocksSocketImpl.connect(Unknown Source)&lt;br/&gt;
	at java.net.Socket.connect(Unknown Source)&lt;br/&gt;
	at java.net.Socket.connect(Unknown Source)&lt;br/&gt;
	at java.net.Socket.&amp;lt;init&amp;gt;(Unknown Source)&lt;br/&gt;
	at java.net.Socket.&amp;lt;init&amp;gt;(Unknown Source)&lt;br/&gt;
	at org.apache.commons.net.ftp.FTPHTTPClient.&lt;em&gt;openDataConnection&lt;/em&gt;(FTPHTTPClient.java:71)&lt;br/&gt;
	at org.apache.commons.net.ftp.FTPClient.initiateListParsing(FTPClient.java:2990)&lt;br/&gt;
	at org.apache.commons.net.ftp.FTPClient.initiateListParsing(FTPClient.java:2965)&lt;br/&gt;
	at org.apache.commons.net.ftp.FTPClient.listFiles(FTPClient.java:2685)&lt;br/&gt;
	at org.apache.commons.net.ftp.FTPClient.listDirectories(FTPClient.java:2769)&lt;br/&gt;
	at org.apache.commons.net.ftp.FTPClient.listDirectories(FTPClient.java:2728)&lt;br/&gt;
	at com.ftp.ftpClient.FTPClientExample.main(FTPClientExample.java:156)&lt;/p&gt;

&lt;p&gt;please help me out with this&lt;/p&gt;</comment>
                            <comment id="17140887" author="sebb@apache.org" created="Fri, 19 Jun 2020 23:22:02 +0000">&lt;p&gt;Hopefully fixed by more recent versions&lt;/p&gt;</comment>
                    </comments>
                    <attachments>
                    </attachments>
                <subtasks>
                    </subtasks>
                <customfields>
                                                                                                                                                                                                                                                                                                                                                                                                                                                                                                                                                                                                                                                                                                                    <customfield id="customfield_12314020" key="com.atlassian.jira.plugins.jira-development-integration-plugin:devsummary">
                        <customfieldname>Development</customfieldname>
                        <customfieldvalues>
                            
                        </customfieldvalues>
                    </customfield>
                                                                                                                        <customfield id="customfield_12313422" key="com.atlassian.jirafisheyeplugin:jobcheckbox">
                        <customfieldname>Enable Automatic Patch Review</customfieldname>
                        <customfieldvalues>
                            <customfieldvalue>false</customfieldvalue>

                        </customfieldvalues>
                    </customfield>
                                                                                                                                                                                                                                                                                                                                                                                                                                                                                                                                                                                                                                                <customfield id="customfield_12310420" key="com.pyxis.greenhopper.jira:gh-global-rank">
                        <customfieldname>Global Rank</customfieldname>
                        <customfieldvalues>
                            <customfieldvalue>9223372036854775807</customfieldvalue>
                        </customfieldvalues>
                    </customfield>
                                                                                                                                                                                                                                                                                                                                                                                                                                                                        <customfield id="customfield_12311820" key="com.pyxis.greenhopper.jira:gh-lexo-rank">
                        <customfieldname>Rank</customfieldname>
                        <customfieldvalues>
                            <customfieldvalue>0|i26t6v:</customfieldvalue>

                        </customfieldvalues>
                    </customfield>
                                                                <customfield id="customfield_12310920" key="com.pyxis.greenhopper.jira:gh-global-rank">
                        <customfieldname>Rank (Obsolete)</customfieldname>
                        <customfieldvalues>
                            <customfieldvalue>9223372036854775807</customfieldvalue>
                        </customfieldvalues>
                    </customfield>
                                                                                                                                                                                                                                                                                                                                                                                                                                                                                                                                                                                                                                                                                                                                                                                            </customfields>
    </item>


</channel>
</rss>