<rss version="0.92">
    <channel>
        <title>ASF JIRA</title>
        <link>https://issues.apache.org/jira/issues/?jql=project+%3D+NET+AND+type+%3D+bug+and+%28status+%3D+RESOLVED+or+status+%3D+closed%29</link>
        <description>An XML representation of a search request</description>
                <language>en-uk</language>
                        <issue start="0" end="464" total="464" />
                <build-info>
            <version>8.20.7</version>
            <build-number>820007</build-number>
            <build-date>16-03-2022</build-date>
        </build-info>

<item>
            <title>[NET-567] commons-net-3.0.1.jar not listing file from solaris FTP server</title>
                <link>https://issues.apache.org/jira/browse/NET-567</link>
                <project id="12310487" key="NET">Commons Net</project>
                    <description>&lt;p&gt;When using commons-net-3.0.1.jar file on Linux server to list the files from Solaris10(Japanese Language) server then it is not listing files whereas when using commons-net-2.0.jar to list the files then it is listing.&lt;/p&gt;</description>
                <environment>&lt;p&gt;Linux server&lt;br/&gt;
Solaris(Japanese lang) FTP server &lt;/p&gt;</environment>
        <key id="12765064">NET-567</key>
            <summary>commons-net-3.0.1.jar not listing file from solaris FTP server</summary>
                <type id="1" iconUrl="https://issues.apache.org/jira/secure/viewavatar?size=xsmall&amp;avatarId=21133&amp;avatarType=issuetype">Bug</type>
                                            <priority id="3" iconUrl="https://issues.apache.org/jira/images/icons/priorities/major.svg">Major</priority>
                        <status id="5" iconUrl="https://issues.apache.org/jira/images/icons/statuses/resolved.png" description="A resolution has been taken, and it is awaiting verification by reporter. From here issues are either reopened, or are closed.">Resolved</status>
                    <statusCategory id="3" key="done" colorName="green" />
                                    <resolution id="5">Cannot Reproduce</resolution>
                                        <assignee username="-1">Unassigned</assignee>
                                    <reporter username="Kaif Akbar">Kaif Akbar</reporter>
                        <labels>
                            <label>features</label>
                    </labels>
                <created>Tue, 6 Jan 2015 07:14:54 +0000</created>
                <updated>Fri, 3 Jul 2015 16:37:54 +0000</updated>
                            <resolved>Fri, 3 Jul 2015 16:37:54 +0000</resolved>
                                    <version>3.0.1</version>
                                                    <component>FTP</component>
                        <due />
                            <votes>0</votes>
                                    <watches>1</watches>
                                    <timeoriginalestimate seconds="86400">24h</timeoriginalestimate>
                            <timeestimate seconds="86400">24h</timeestimate>
                                        <comments>
                            <comment id="14266039" author="sebb@apache.org" created="Tue, 6 Jan 2015 12:32:06 +0000">&lt;p&gt;Version 3.0.1 is old. Please try 3.3.&lt;/p&gt;</comment>
                            <comment id="14290869" author="Kaif Akbar" created="Sat, 24 Jan 2015 23:09:25 +0000">&lt;p&gt;Version 3.3 is also giving the same issue. It looks, version 2.0 is having some of additional classes etc which is working positively with version 2.0. Kindly fix it soon.&lt;/p&gt;</comment>
                            <comment id="14318906" author="sebb@apache.org" created="Thu, 12 Feb 2015 20:13:14 +0000">&lt;p&gt;What is the code that you are using?&lt;/p&gt;

&lt;p&gt;Have you tried using the example FTP Client?&lt;br/&gt;
Ensure you have commons-net-3.3-examples.jar and commons-net-3.3.jar in the current directory.&lt;br/&gt;
Then issue the following command:&lt;/p&gt;

&lt;div class="code panel" style="border-width: 1px;"&gt;&lt;div class="codeContent panelContent"&gt;
&lt;pre class="code-java"&gt;# anonymous login:
java -jar commons-net-3.3-examples.jar FTPClientExample -A -l &amp;lt;hostname&amp;gt; [path]
or
java -jar commons-net-3.3-examples.jar FTPClientExample -l &amp;lt;hostname&amp;gt; &amp;lt;username&amp;gt; &amp;lt;password&amp;gt; [path]
&lt;/pre&gt;
&lt;/div&gt;&lt;/div&gt;

&lt;p&gt;For example (using one of the ASF ftp mirror servers)&lt;/p&gt;

&lt;div class="code panel" style="border-width: 1px;"&gt;&lt;div class="codeContent panelContent"&gt;
&lt;pre class="code-java"&gt;java -jar commons-net-3.3-examples.jar FTPClientExample -A -l ftp.meisei-u.ac.jp mirror/apache/dist/commons/net/
&lt;/pre&gt;
&lt;/div&gt;&lt;/div&gt;

&lt;p&gt;I get the following output:&lt;/p&gt;

&lt;div class="preformatted panel" style="border-width: 1px;"&gt;&lt;div class="preformattedContent panelContent"&gt;
&lt;pre&gt;220 alice.hino.meisei-u.ac.jp FTP server (Version 6.00LS) ready.
Connected to ftp.meisei-u.ac.jp on 21
USER *******
331 Guest login ok, send your email address as password.
PASS *******
230 Guest login ok, access restrictions apply.
SYST
215 UNIX Type: L8 Version: BSD-199506
Remote system is UNIX Type: L8 Version: BSD-199506
TYPE A
200 Type set to A.
PASV
227 Entering Passive Mode ...
LIST mirror/apache/dist/commons/net/binaries
150 Opening ASCII mode data connection for '/bin/ls'.
226 Transfer complete.
lrwxrwxrwx  1 9997  9997       14 Dec 30 15:32 HEADER.html -&amp;gt; ../HEADER.html
lrwxrwxrwx    1 9997     9997           14 2014-12-30 15:32:00 GMT  HEADER.html
lrwxrwxrwx  1 9997  9997       14 Dec 30 15:32 README.html -&amp;gt; ../README.html
lrwxrwxrwx    1 9997     9997           14 2014-12-30 15:32:00 GMT  README.html
-rw-rw-r--  1 9997  9997   614579 Mar  4  2013 commons-net-1.4.1.tar.gz
-rw-rw-r--    1 9997     9997       614579 2013-03-04 00:00:00 GMT  commons-net-1.4.1.tar.gz
-rw-rw-r--  1 9997  9997  1187615 Mar  4  2013 commons-net-1.4.1.zip
-rw-rw-r--    1 9997     9997      1187615 2013-03-04 00:00:00 GMT  commons-net-1.4.1.zip
-rw-rw-r--  1 9997  9997  1895074 Jun 12  2013 commons-net-3.3-bin.tar.gz
-rw-rw-r--    1 9997     9997      1895074 2013-06-12 00:00:00 BST  commons-net-3.3-bin.tar.gz
-rw-rw-r--  1 9997  9997  2810258 Jun 12  2013 commons-net-3.3-bin.zip
-rw-rw-r--    1 9997     9997      2810258 2013-06-12 00:00:00 BST  commons-net-3.3-bin.zip
NOOP
200 NOOP command successful.
QUIT
221 Goodbye.
&lt;/pre&gt;
&lt;/div&gt;&lt;/div&gt;

&lt;p&gt;These commands should list the files.&lt;br/&gt;
If not please update this issue with the results.&lt;/p&gt;</comment>
                            <comment id="14613300" author="sebb@apache.org" created="Fri, 3 Jul 2015 16:37:54 +0000">&lt;p&gt;Without further details (or a login to the server) there's not a lot we can do.&lt;/p&gt;

&lt;p&gt;Re-open if you can provide more details.&lt;/p&gt;</comment>
                    </comments>
                    <attachments>
                    </attachments>
                <subtasks>
                    </subtasks>
                <customfields>
                                                                                                                                                                                                                                                                                                                                                                                                                                                                                                                                                                                                                                                                                                                    <customfield id="customfield_12314020" key="com.atlassian.jira.plugins.jira-development-integration-plugin:devsummary">
                        <customfieldname>Development</customfieldname>
                        <customfieldvalues>
                            
                        </customfieldvalues>
                    </customfield>
                                                                                                                        <customfield id="customfield_12313422" key="com.atlassian.jirafisheyeplugin:jobcheckbox">
                        <customfieldname>Enable Automatic Patch Review</customfieldname>
                        <customfieldvalues>
                            <customfieldvalue>false</customfieldvalue>

                        </customfieldvalues>
                    </customfield>
                                                                                                                                                                                                                                                                                                                                                                                                                                                                                                                                                                                                                                                <customfield id="customfield_12310420" key="com.pyxis.greenhopper.jira:gh-global-rank">
                        <customfieldname>Global Rank</customfieldname>
                        <customfieldvalues>
                            <customfieldvalue>9223372036854775807</customfieldvalue>
                        </customfieldvalues>
                    </customfield>
                                                                                                                                                                                                                                                                                                                                                                                                                                                                        <customfield id="customfield_12311820" key="com.pyxis.greenhopper.jira:gh-lexo-rank">
                        <customfieldname>Rank</customfieldname>
                        <customfieldvalues>
                            <customfieldvalue>0|i23zbb:</customfieldvalue>

                        </customfieldvalues>
                    </customfield>
                                                                <customfield id="customfield_12310920" key="com.pyxis.greenhopper.jira:gh-global-rank">
                        <customfieldname>Rank (Obsolete)</customfieldname>
                        <customfieldvalues>
                            <customfieldvalue>9223372036854775807</customfieldvalue>
                        </customfieldvalues>
                    </customfield>
                                                                                                                                                                                                                                                                                                                                                                                                                                                                                                                                                                                                                                                                                                                                                                                            </customfields>
    </item>


</channel>
</rss>