<rss version="0.92">
    <channel>
        <title>ASF JIRA</title>
        <link>https://issues.apache.org/jira/issues/?jql=project+%3D+NET+AND+type+%3D+bug+and+%28status+%3D+RESOLVED+or+status+%3D+closed%29</link>
        <description>An XML representation of a search request</description>
                <language>en-uk</language>
                        <issue start="0" end="464" total="464" />
                <build-info>
            <version>8.20.7</version>
            <build-number>820007</build-number>
            <build-date>16-03-2022</build-date>
        </build-info>

<item>
            <title>[NET-213] Unsafe code in FromNetASCIIInputStream.java</title>
                <link>https://issues.apache.org/jira/browse/NET-213</link>
                <project id="12310487" key="NET">Commons Net</project>
                    <description>&lt;p&gt;The constructors in FromNetASCIIInputStream.java assign a value to a static field:&lt;/p&gt;

&lt;p&gt;_lineSeparatorBytes = _lineSeparator.getBytes(encoding);&lt;/p&gt;

&lt;p&gt;This is not thread-safe, indeed it is thread-hostile if the value can ever be different for different encodings.&lt;br/&gt;
(Two different instances wanting to use two different values of the same static field)&lt;/p&gt;

&lt;p&gt;The field should be initialised in the static initialiser (and should probably be made final as a hint not to change it - though this won't stop the contents being changed).&lt;/p&gt;

</description>
                <environment />
        <key id="12393390">NET-213</key>
            <summary>Unsafe code in FromNetASCIIInputStream.java</summary>
                <type id="1" iconUrl="https://issues.apache.org/jira/secure/viewavatar?size=xsmall&amp;avatarId=21133&amp;avatarType=issuetype">Bug</type>
                                            <priority id="3" iconUrl="https://issues.apache.org/jira/images/icons/priorities/major.svg">Major</priority>
                        <status id="6" iconUrl="https://issues.apache.org/jira/images/icons/statuses/closed.png" description="The issue is considered finished, the resolution is correct. Issues which are not closed can be reopened.">Closed</status>
                    <statusCategory id="3" key="done" colorName="green" />
                                    <resolution id="1">Fixed</resolution>
                                        <assignee username="-1">Unassigned</assignee>
                                    <reporter username="sebb">Sebb</reporter>
                        <labels>
                    </labels>
                <created>Tue, 8 Apr 2008 10:20:30 +0000</created>
                <updated>Sat, 4 Jun 2011 19:24:31 +0000</updated>
                            <resolved>Tue, 8 Apr 2008 16:45:26 +0000</resolved>
                                                    <fixVersion>2.0</fixVersion>
                                        <due />
                            <votes>0</votes>
                                    <watches>0</watches>
                                                                <comments>
                            <comment id="12586744" author="sebb@apache.org" created="Tue, 8 Apr 2008 10:31:06 +0000">&lt;p&gt;Just noticed another problem: the contructor uses the length of the field _lineSeparatorBytes &lt;b&gt;before&lt;/b&gt; assigning to it.&lt;/p&gt;

&lt;p&gt;I think it's highly unlikely that the line separator value will ever require different bytes in different encodings.&lt;br/&gt;
However, if it does, then using a static field is not the correct way to communicate the value to the FromNetASCIIOutputStream class.&lt;/p&gt;</comment>
                            <comment id="12586874" author="sebb@apache.org" created="Tue, 8 Apr 2008 16:36:36 +0000">&lt;p&gt;Does not apply to 1.5&lt;/p&gt;</comment>
                            <comment id="12586878" author="sebb@apache.org" created="Tue, 8 Apr 2008 16:45:08 +0000">&lt;p&gt;Reverted the code back to the way that 1.5 does it.&lt;/p&gt;

&lt;p&gt;&lt;a href="http://svn.apache.org/viewvc?rev=645995&amp;amp;view=rev" class="external-link" target="_blank" rel="nofollow noopener"&gt;http://svn.apache.org/viewvc?rev=645995&amp;amp;view=rev&lt;/a&gt;&lt;/p&gt;</comment>
                    </comments>
                    <attachments>
                    </attachments>
                <subtasks>
                    </subtasks>
                <customfields>
                                                                                                                                                                                                                                                                                                                                                                                                                                                                                                                                                                                                                                                                                                                    <customfield id="customfield_12314020" key="com.atlassian.jira.plugins.jira-development-integration-plugin:devsummary">
                        <customfieldname>Development</customfieldname>
                        <customfieldvalues>
                            
                        </customfieldvalues>
                    </customfield>
                                                                                                                        <customfield id="customfield_12313422" key="com.atlassian.jirafisheyeplugin:jobcheckbox">
                        <customfieldname>Enable Automatic Patch Review</customfieldname>
                        <customfieldvalues>
                            <customfieldvalue>false</customfieldvalue>

                        </customfieldvalues>
                    </customfield>
                                                                                                                                                                                                                                                                                                                                                                                                                                                                                                                                                                                                                                                <customfield id="customfield_12310420" key="com.pyxis.greenhopper.jira:gh-global-rank">
                        <customfieldname>Global Rank</customfieldname>
                        <customfieldvalues>
                            <customfieldvalue>72106</customfieldvalue>
                        </customfieldvalues>
                    </customfield>
                                                                                                                                                                                                                                                                                                                                                                                                                                                                        <customfield id="customfield_12311820" key="com.pyxis.greenhopper.jira:gh-lexo-rank">
                        <customfieldname>Rank</customfieldname>
                        <customfieldvalues>
                            <customfieldvalue>0|i0y98f:</customfieldvalue>

                        </customfieldvalues>
                    </customfield>
                                                                <customfield id="customfield_12310920" key="com.pyxis.greenhopper.jira:gh-global-rank">
                        <customfieldname>Rank (Obsolete)</customfieldname>
                        <customfieldvalues>
                            <customfieldvalue>197965</customfieldvalue>
                        </customfieldvalues>
                    </customfield>
                                                                                                                                                                                                                                                                                                                                                                                                                                                                                                                                                                                                                                                                                                                                                                                            </customfields>
    </item>


</channel>
</rss>