<rss version="0.92">
    <channel>
        <title>ASF JIRA</title>
        <link>https://issues.apache.org/jira/issues/?jql=project+%3D+NET+AND+type+%3D+bug+and+%28status+%3D+RESOLVED+or+status+%3D+closed%29</link>
        <description>An XML representation of a search request</description>
                <language>en-uk</language>
                        <issue start="0" end="464" total="464" />
                <build-info>
            <version>8.20.7</version>
            <build-number>820007</build-number>
            <build-date>16-03-2022</build-date>
        </build-info>

<item>
            <title>[NET-60] commons-net 1.2 incompatible with JDK &lt; 1.4</title>
                <link>https://issues.apache.org/jira/browse/NET-60</link>
                <project id="12310487" key="NET">Commons Net</project>
                    <description>&lt;p&gt;&amp;lt;raghu.changlaveedu@bt.com&amp;gt;&lt;br/&gt;
&amp;gt; I got this error when using JDK 1.3.1_09&lt;br/&gt;
&amp;gt; version.&lt;br/&gt;
&amp;gt;&lt;br/&gt;
&amp;gt; java.lang.IllegalAccessError: try to access method&lt;br/&gt;
&amp;gt; java.util.Calendar.getTimeInMillis()J from class &lt;br/&gt;
&amp;gt; org.apache.commons.net.ftp.parser.NTFTPEntryParser&lt;/p&gt;

&lt;p&gt;"Edelson, Justin" &amp;lt;Justin.Edelson@mtvi.com&amp;gt;:&lt;br/&gt;
&amp;gt;However, net 1.2 won't compile against anything prior to 1.4 (I'm&lt;br/&gt;
&amp;gt;working with 1.3.1) because&lt;br/&gt;
&amp;gt;org.apache.commons.net.ftp.parser.NTFTPEntryParser tries to call&lt;br/&gt;
&amp;gt;Calendar.getTimeInMillis() on line 132, which prior to 1.4 was a&lt;br/&gt;
&amp;gt;protected method.&lt;/p&gt;</description>
                <environment>&lt;p&gt;Operating System: All&lt;br/&gt;
Platform: All&lt;/p&gt;</environment>
        <key id="12341432">NET-60</key>
            <summary>commons-net 1.2 incompatible with JDK &lt; 1.4</summary>
                <type id="1" iconUrl="https://issues.apache.org/jira/secure/viewavatar?size=xsmall&amp;avatarId=21133&amp;avatarType=issuetype">Bug</type>
                                            <priority id="2" iconUrl="https://issues.apache.org/jira/images/icons/priorities/critical.svg">Critical</priority>
                        <status id="6" iconUrl="https://issues.apache.org/jira/images/icons/statuses/closed.png" description="The issue is considered finished, the resolution is correct. Issues which are not closed can be reopened.">Closed</status>
                    <statusCategory id="3" key="done" colorName="green" />
                                    <resolution id="1">Fixed</resolution>
                                        <assignee username="-1">Unassigned</assignee>
                                    <reporter username="scohen@apache.org">Steve Cohen</reporter>
                        <labels>
                    </labels>
                <created>Wed, 5 May 2004 05:41:17 +0000</created>
                <updated>Thu, 20 Sep 2007 05:31:10 +0000</updated>
                            <resolved>Thu, 20 Sep 2007 05:31:10 +0000</resolved>
                                    <version>1.2</version>
                                                        <due />
                            <votes>0</votes>
                                    <watches>0</watches>
                                                                <comments>
                            <comment id="12406545" author="scohen@apache.org" created="Wed, 5 May 2004 05:43:17 +0000">&lt;p&gt;Additionally, I discover that TelnetClientTest.java does not compile under 1.2.&lt;/p&gt;</comment>
                            <comment id="12406546" author="scohen@apache.org" created="Wed, 5 May 2004 05:45:25 +0000">&lt;p&gt;checked in fix&lt;/p&gt;</comment>
                            <comment id="12406547" author="scohen@apache.org" created="Sat, 26 Jun 2004 09:10:51 +0000">&lt;ul&gt;
	&lt;li&gt;
	&lt;ul&gt;
		&lt;li&gt;
		&lt;ul&gt;
			&lt;li&gt;&lt;a href="https://issues.apache.org/jira/browse/NET-112" title="java.lang.IllegalAccessError is thrown when trying MS FTP." class="issue-link" data-issue-key="NET-112"&gt;&lt;del&gt;COM-1281&lt;/del&gt;&lt;/a&gt; has been marked as a duplicate of this bug. ***&lt;/li&gt;
		&lt;/ul&gt;
		&lt;/li&gt;
	&lt;/ul&gt;
	&lt;/li&gt;
&lt;/ul&gt;
</comment>
                    </comments>
                    <attachments>
                    </attachments>
                <subtasks>
                    </subtasks>
                <customfields>
                                                                                                                                                                                                                                                                                                                                                                                                                                                                                                                                                                                                    <customfield id="customfield_10010" key="com.atlassian.jira.plugin.system.customfieldtypes:importid">
                        <customfieldname>Bugzilla Id</customfieldname>
                        <customfieldvalues>
                            <customfieldvalue>28775</customfieldvalue>
                        </customfieldvalues>
                    </customfield>
                                                                                                                                                    <customfield id="customfield_12314020" key="com.atlassian.jira.plugins.jira-development-integration-plugin:devsummary">
                        <customfieldname>Development</customfieldname>
                        <customfieldvalues>
                            
                        </customfieldvalues>
                    </customfield>
                                                                                                                        <customfield id="customfield_12313422" key="com.atlassian.jirafisheyeplugin:jobcheckbox">
                        <customfieldname>Enable Automatic Patch Review</customfieldname>
                        <customfieldvalues>
                            <customfieldvalue>false</customfieldvalue>

                        </customfieldvalues>
                    </customfield>
                                                                                                                                                                                                                                                                                                                                                                                                                                                                                                                                                                                                                                                <customfield id="customfield_12310420" key="com.pyxis.greenhopper.jira:gh-global-rank">
                        <customfieldname>Global Rank</customfieldname>
                        <customfieldvalues>
                            <customfieldvalue>154400</customfieldvalue>
                        </customfieldvalues>
                    </customfield>
                                                                                                                                                                                                                                                                                                                                                                                                                                                                        <customfield id="customfield_12311820" key="com.pyxis.greenhopper.jira:gh-lexo-rank">
                        <customfieldname>Rank</customfieldname>
                        <customfieldvalues>
                            <customfieldvalue>0|i0lplj:</customfieldvalue>

                        </customfieldvalues>
                    </customfield>
                                                                <customfield id="customfield_12310920" key="com.pyxis.greenhopper.jira:gh-global-rank">
                        <customfieldname>Rank (Obsolete)</customfieldname>
                        <customfieldvalues>
                            <customfieldvalue>124798</customfieldvalue>
                        </customfieldvalues>
                    </customfield>
                                                                                                                                                                                                                                                                                                                                                                                                                                                                                                                                                                                                                                                                                                                                                                                            </customfields>
    </item>


</channel>
</rss>