<rss version="0.92">
    <channel>
        <title>ASF JIRA</title>
        <link>https://issues.apache.org/jira/issues/?jql=project+%3D+NET+AND+type+%3D+bug+and+%28status+%3D+RESOLVED+or+status+%3D+closed%29</link>
        <description>An XML representation of a search request</description>
                <language>en-uk</language>
                        <issue start="0" end="464" total="464" />
                <build-info>
            <version>8.20.7</version>
            <build-number>820007</build-number>
            <build-date>16-03-2022</build-date>
        </build-info>

<item>
            <title>[NET-37] [net] listFiles() doesn't return anything if ftp server is configured in french</title>
                <link>https://issues.apache.org/jira/browse/NET-37</link>
                <project id="12310487" key="NET">Commons Net</project>
                    <description>&lt;p&gt;the FTPClient.listFiles() method returns an empty FTPFile[] array if the FTP&lt;br/&gt;
server is localized in french. The output of an "ls -l" command is not the same&lt;br/&gt;
as in english&lt;/p&gt;

&lt;p&gt;french =&amp;gt; drwxrwxrwx   5 user      group             256 27 jul 14:48 toto&lt;br/&gt;
english =&amp;gt; drwxrwxrwx   5 user      group             256 Jul 27 14:48 toto&lt;/p&gt;

&lt;p&gt;The parser gets confused because of the date not being displayed in the same way&lt;br/&gt;
("27 jul" vs "Jul 27")&lt;/p&gt;</description>
                <environment>&lt;p&gt;Operating System: other&lt;br/&gt;
Platform: Other&lt;/p&gt;</environment>
        <key id="12342413">NET-37</key>
            <summary>[net] listFiles() doesn't return anything if ftp server is configured in french</summary>
                <type id="1" iconUrl="https://issues.apache.org/jira/secure/viewavatar?size=xsmall&amp;avatarId=21133&amp;avatarType=issuetype">Bug</type>
                                            <priority id="3" iconUrl="https://issues.apache.org/jira/images/icons/priorities/major.svg">Major</priority>
                        <status id="6" iconUrl="https://issues.apache.org/jira/images/icons/statuses/closed.png" description="The issue is considered finished, the resolution is correct. Issues which are not closed can be reopened.">Closed</status>
                    <statusCategory id="3" key="done" colorName="green" />
                                    <resolution id="1">Fixed</resolution>
                                        <assignee username="-1">Unassigned</assignee>
                                    <reporter username="redshadowstar@yahoo.com">redshadowstar</reporter>
                        <labels>
                    </labels>
                <created>Thu, 28 Jul 2005 18:42:38 +0000</created>
                <updated>Thu, 20 Sep 2007 05:31:07 +0000</updated>
                            <resolved>Thu, 20 Sep 2007 05:31:07 +0000</resolved>
                                                                        <due />
                            <votes>0</votes>
                                    <watches>0</watches>
                                                                <comments>
                            <comment id="12409931" author="scohen@apache.org" created="Fri, 29 Jul 2005 11:07:46 +0000">&lt;p&gt;You don't specify your version.  If you aren't using the latest version, 1.4.0,&lt;br/&gt;
please get it.  If you are using 1.4.0, please see the documentation around the&lt;br/&gt;
class FTPClientConfig which offers a fix for your situation.  (You do have to do&lt;br/&gt;
a little extra work before calling listFiles, but you can now handle this,&lt;br/&gt;
whereas before you could not).&lt;/p&gt;</comment>
                            <comment id="12409932" author="redshadowstar@yahoo.com" created="Fri, 29 Jul 2005 16:06:34 +0000">
&lt;p&gt;(In reply to comment #1)&lt;br/&gt;
&amp;gt; You don't specify your version.  If you aren't using the latest version, 1.4.0,&lt;br/&gt;
&amp;gt; please get it.  If you are using 1.4.0, please see the documentation around the&lt;br/&gt;
&amp;gt; class FTPClientConfig which offers a fix for your situation.  (You do have to do&lt;br/&gt;
&amp;gt; a little extra work before calling listFiles, but you can now handle this,&lt;br/&gt;
&amp;gt; whereas before you could not).&lt;/p&gt;

&lt;p&gt;Ok I'll have a look at that (I'm currently using 1.4.0). Thanks !&lt;/p&gt;</comment>
                            <comment id="12409933" author="redshadowstar@yahoo.com" created="Fri, 29 Jul 2005 19:20:54 +0000">&lt;p&gt;Ok it works now (couldn't use the FTPClientConfig.setLanguageCode("fr") though,&lt;br/&gt;
because our FTP server is showing "jul" for July instead of "jui" as declared in&lt;br/&gt;
FTPClientConfig :&lt;/p&gt;

&lt;p&gt;// some don't&lt;br/&gt;
LANGUAGE_CODE_MAP.put("fr","jan|f\u00e9v|mar|avr|mai|jun|jui|ao\u00fb|sep|oct|nov|d\u00e9c");&lt;br/&gt;
 //french&lt;/p&gt;</comment>
                            <comment id="12409934" author="scohen@apache.org" created="Sat, 30 Jul 2005 11:29:00 +0000">&lt;p&gt;Thanks for letting me know how it came out.  I assume you had to "roll your own"&lt;br/&gt;
month names string.  I would like to have made it more convenient but it seems&lt;br/&gt;
that this whole business of localized month names on ftp servers is rapidly&lt;br/&gt;
dying out.  I did a bit of research and never could find any publicly accessible&lt;br/&gt;
ftp sites that coded month names in any language other than English, regardless&lt;br/&gt;
of what language the site used in its text messages.  I assume that your site is&lt;br/&gt;
not publicly accessible either.  Please let me know if that is not the case.  &lt;/p&gt;

&lt;p&gt;I'd recode the "standard" French month names to what you found to be the case,&lt;br/&gt;
but you are the very first user whose report I've heard.  I have no idea whether&lt;br/&gt;
your situation is more "standard".  The problem is there are no standards here,&lt;br/&gt;
which is why I made it so flexible.  By the way, out of curiosity where is this&lt;br/&gt;
ftp site: France, Quebec, some other place?&lt;/p&gt;</comment>
                            <comment id="12409935" author="redshadowstar@yahoo.com" created="Mon, 1 Aug 2005 16:56:51 +0000">&lt;p&gt;You're right, I had to use my own name strings to make it work.&lt;br/&gt;
The server is in France, but it's not publicly accessible. For what I know (I'm&lt;br/&gt;
not an administrator on the machine hosting the server), the FTP is the one&lt;br/&gt;
shipped with AIX 5.2 (5.2.0.0) and it shows as "Version 4.1 Tue Jul 6 21:20:07&lt;br/&gt;
CDT 2004" upon login. Here's the output of a "locale -a" :&lt;br/&gt;
C&lt;br/&gt;
POSIX&lt;br/&gt;
fr_FR.IBM-1252@euro&lt;br/&gt;
fr_FR.IBM-1252&lt;br/&gt;
fr_FR.IBM-1252@preeuro&lt;br/&gt;
fr_FR.8859-15&lt;br/&gt;
fr_FR.8859-15@preeuro&lt;br/&gt;
fr_FR.ISO8859-1&lt;br/&gt;
fr_FR.8859-15@euro&lt;br/&gt;
fr_FR&lt;/p&gt;

&lt;p&gt;As you said, hard to find any standard when it comes to language...&lt;/p&gt;</comment>
                    </comments>
                    <attachments>
                    </attachments>
                <subtasks>
                    </subtasks>
                <customfields>
                                                                                                                                                                                                                                                                                                                                                                                                                                                                                                                                                                                                    <customfield id="customfield_10010" key="com.atlassian.jira.plugin.system.customfieldtypes:importid">
                        <customfieldname>Bugzilla Id</customfieldname>
                        <customfieldvalues>
                            <customfieldvalue>35912</customfieldvalue>
                        </customfieldvalues>
                    </customfield>
                                                                                                                                                    <customfield id="customfield_12314020" key="com.atlassian.jira.plugins.jira-development-integration-plugin:devsummary">
                        <customfieldname>Development</customfieldname>
                        <customfieldvalues>
                            
                        </customfieldvalues>
                    </customfield>
                                                                                                                        <customfield id="customfield_12313422" key="com.atlassian.jirafisheyeplugin:jobcheckbox">
                        <customfieldname>Enable Automatic Patch Review</customfieldname>
                        <customfieldvalues>
                            <customfieldvalue>false</customfieldvalue>

                        </customfieldvalues>
                    </customfield>
                                                                                                                                                                                                                                                                                                                                                                                                                                                                                                                                                                                                                                                <customfield id="customfield_12310420" key="com.pyxis.greenhopper.jira:gh-global-rank">
                        <customfieldname>Global Rank</customfieldname>
                        <customfieldvalues>
                            <customfieldvalue>154377</customfieldvalue>
                        </customfieldvalues>
                    </customfield>
                                                                                                                                                                                                                                                                                                                                                                                                                                                                        <customfield id="customfield_12311820" key="com.pyxis.greenhopper.jira:gh-lexo-rank">
                        <customfieldname>Rank</customfieldname>
                        <customfieldvalues>
                            <customfieldvalue>0|i0lpnj:</customfieldvalue>

                        </customfieldvalues>
                    </customfield>
                                                                <customfield id="customfield_12310920" key="com.pyxis.greenhopper.jira:gh-global-rank">
                        <customfieldname>Rank (Obsolete)</customfieldname>
                        <customfieldvalues>
                            <customfieldvalue>124807</customfieldvalue>
                        </customfieldvalues>
                    </customfield>
                                                                                                                                                                                                                                                                                                                                                                                                                                                                                                                                                                                                                                                                                                                                                                                            </customfields>
    </item>


</channel>
</rss>