<rss version="0.92">
    <channel>
        <title>ASF JIRA</title>
        <link>https://issues.apache.org/jira/issues/?jql=project+%3D+NET+AND+type+%3D+bug+and+%28status+%3D+RESOLVED+or+status+%3D+closed%29</link>
        <description>An XML representation of a search request</description>
                <language>en-uk</language>
                        <issue start="0" end="464" total="464" />
                <build-info>
            <version>8.20.7</version>
            <build-number>820007</build-number>
            <build-date>16-03-2022</build-date>
        </build-info>

<item>
            <title>[NET-83] [net] FTP timestamp: year recognition</title>
                <link>https://issues.apache.org/jira/browse/NET-83</link>
                <project id="12310487" key="NET">Commons Net</project>
                    <description>&lt;p&gt;org.apache.commons.net.ftp.parser.FTPTimestampParserImpl&lt;/p&gt;

&lt;p&gt;public Calendar parseTimestamp(String timestampStr)&lt;br/&gt;
      :&lt;br/&gt;
    if (working.after(now)) &lt;/p&gt;
{
        working.add(Calendar.YEAR, -1);
    }&lt;br/&gt;
&lt;br/&gt;
If system date of the remote machine is ahead of local machine, the code above&lt;br/&gt;
does not work well. For example, when the system date of local machine is five&lt;br/&gt;
minutes later than date of file at the remote machine, it is recognized as the&lt;br/&gt;
file a year ago.&lt;br/&gt;
&lt;br/&gt;
  LOCAL SYSDATE:Jun/02/2005 14:00&lt;br/&gt;
  File TimeStamp&lt;br/&gt;
    Jun/02 14:05 -&lt;del&gt;recognized as&lt;/del&gt;-&amp;gt; Jun/02/2004 14:05&lt;br/&gt;
&lt;br/&gt;
The date format is switched after six months, so I think that the code above&lt;br/&gt;
shuold be changed as following:&lt;br/&gt;
&lt;br/&gt;
    //    s  m  h  d half-year&lt;br/&gt;
    // 1000*60*60*24*183=15811200000ms&lt;br/&gt;
    long wkt = working.getTimeInMillis();&lt;br/&gt;
    long nwt = now.getTimeInMillis();&lt;br/&gt;
    if (wkt &amp;gt; (nwt+15811200000L)) {        working.add(Calendar.YEAR, -1);    }</description>
                <environment>&lt;p&gt;Operating System: All&lt;br/&gt;
Platform: All&lt;/p&gt;</environment>
        <key id="12342278">NET-83</key>
            <summary>[net] FTP timestamp: year recognition</summary>
                <type id="1" iconUrl="https://issues.apache.org/jira/secure/viewavatar?size=xsmall&amp;avatarId=21133&amp;avatarType=issuetype">Bug</type>
                                            <priority id="3" iconUrl="https://issues.apache.org/jira/images/icons/priorities/major.svg">Major</priority>
                        <status id="6" iconUrl="https://issues.apache.org/jira/images/icons/statuses/closed.png" description="The issue is considered finished, the resolution is correct. Issues which are not closed can be reopened.">Closed</status>
                    <statusCategory id="3" key="done" colorName="green" />
                                    <resolution id="1">Fixed</resolution>
                                        <assignee username="-1">Unassigned</assignee>
                                    <reporter username="ishigami@victokai.co.jp">Satoshi Ishigami</reporter>
                        <labels>
                    </labels>
                <created>Thu, 2 Jun 2005 17:26:24 +0000</created>
                <updated>Sun, 9 Mar 2008 22:58:48 +0000</updated>
                            <resolved>Sun, 9 Mar 2008 22:58:48 +0000</resolved>
                                    <version>1.4</version>
                                                        <due />
                            <votes>0</votes>
                                    <watches>0</watches>
                                                                <comments>
                            <comment id="12409470" author="scohen@apache.org" created="Sat, 4 Jun 2005 08:02:22 +0000">&lt;p&gt;Synchronize your machines if you're dealing in intervals this fine!&lt;/p&gt;

&lt;p&gt;How do you KNOW "the date format is switched after six months"?  Is that the way&lt;br/&gt;
your server does it?  The problem with FTP is that there is NO standard on these&lt;br/&gt;
matters.  On the other hand if you DO have some authoritative statement of what&lt;br/&gt;
you're saying, I'd love to see it.  Please send it.&lt;/p&gt;

&lt;p&gt;Or, if timezone differences are the reason for your discrepancy, 1.4.0 offers a&lt;br/&gt;
way to handle it.  It's in the documentation.  See FTPClientConfig.&lt;/p&gt;</comment>
                            <comment id="12409471" author="scohen@apache.org" created="Sat, 4 Jun 2005 09:28:21 +0000">&lt;p&gt;On further review &amp;#8211; you're right - or mostly so!&lt;/p&gt;

&lt;p&gt;I checked a few popular FTP servers (including several Apache mirrors) and all&lt;br/&gt;
seem to follow your pattern.  They show the year after six months.&lt;/p&gt;

&lt;p&gt;Then I looked back at earlier versions of our code.&lt;/p&gt;

&lt;p&gt;Prior to the introduction of&lt;br/&gt;
org.apache.commons.net.ftp.parser.FTPTimestampParserImpl, the default&lt;br/&gt;
implementation simply compared months.  If the month on the timestamp was&lt;br/&gt;
greater than the current month, it must be last year.  That was the test.  It&lt;br/&gt;
eliminates most "slop".  I suppose it might fail when the current time is Jan 31&lt;br/&gt;
23:59:59 and file timestamp is Feb 1 00:00, but it basically gave the right&lt;br/&gt;
results except in these edge cases.&lt;/p&gt;

&lt;p&gt;The new code "improved" things by delegating to java.util.Date's "simple"&lt;br/&gt;
after() method but made matters worse in the "slop" case.&lt;/p&gt;

&lt;p&gt;Your suggestion probably works best of all, but I'm still a little bothered by&lt;br/&gt;
the six month thing.  Suppose there is an FTP server that displays the time for&lt;br/&gt;
all files less than a year old - which is what the old code, written by Daniel&lt;br/&gt;
Savarese, seems to imply.  Then your code breaks there.&lt;/p&gt;

&lt;p&gt;Perhaps Daniel might like to chime in on how he remembers this?&lt;/p&gt;</comment>
                            <comment id="12409472" author="dfs@apache.org" created="Sun, 5 Jun 2005 11:58:42 +0000">&lt;p&gt;I think sometimes the year would be missing for &lt;br/&gt;
  6 months ago &amp;lt; date &amp;lt; 12 months ago&lt;br/&gt;
but I can't be sure.  I dug up an archive of the original oroinc.com&lt;br/&gt;
CVS repository and looked through the log comments but couldn't come&lt;br/&gt;
up with anything definitive.  The looser test may have simply been&lt;br/&gt;
defensive programming. 1997 was oh so long ago.&lt;/p&gt;</comment>
                            <comment id="12409473" author="scohen@apache.org" created="Sun, 5 Jun 2005 21:23:44 +0000">&lt;p&gt;OK - we're in uncharted waters here and I am not entirely sure what is the right&lt;br/&gt;
thing to do.&lt;/p&gt;

&lt;p&gt;Daniel Savarese, the original author of this code base does not remember the&lt;br/&gt;
reasons for his original code which was more tolerant but not completely so of&lt;br/&gt;
the client and server clocks being out of synch.&lt;/p&gt;

&lt;p&gt;The current implementation is more "accurate" but at the cost of being&lt;br/&gt;
completely intolerant of "slop".&lt;/p&gt;

&lt;p&gt;I could for example, without too much trouble, recode this so that any server&lt;br/&gt;
timestamps that appear to be more than one day in the future be considered last&lt;br/&gt;
year.  That would handle this for all timezones in the world as well as slop,&lt;br/&gt;
and it may be the most faithful rendition of what appears to be Daniel's&lt;br/&gt;
original intent.  But I'm still uncomfortable introducing inaccuracies to&lt;br/&gt;
account for slop, unless I can be reasonably sure it's harmless.&lt;/p&gt;

&lt;p&gt;Mr. Ishigami: I need more information from you.&lt;br/&gt;
1)  Can you tell me your exact use case?  Are you having this problem because&lt;br/&gt;
a) the clocks are out of synch and you could fix the problem&lt;br/&gt;
b) the clocks are out of synch but you can't do anything about it beacuse the&lt;br/&gt;
server is out of your control?&lt;br/&gt;
c) the server is in a different time zone from the client which you could handle&lt;br/&gt;
by using FTPClientConfig?&lt;/p&gt;

&lt;p&gt;2)  Please indicate whether you have any information other than observation that&lt;br/&gt;
says that the rollover from MMM dd HH:mm to MMM dd yyyy display occurs when a&lt;br/&gt;
file becomes six months old.&lt;/p&gt;

&lt;p&gt;Parenthetically, I'll note that this whole business is a powerful argument in&lt;br/&gt;
favor of those FTP servers, such as the one that Neeme Praks indicates is now&lt;br/&gt;
standard on Debian GNU Linux (not to mention Windows), which display all&lt;br/&gt;
timestamps as yyyy-MM-dd HH:mm, instead of making us guess.&lt;/p&gt;


















</comment>
                            <comment id="12409474" author="scohen@apache.org" created="Sun, 5 Jun 2005 21:30:06 +0000">&lt;p&gt;(In reply to comment #4)&lt;/p&gt;

&lt;p&gt;&amp;gt; Parenthetically, I'll note that this whole business is a powerful argument in&lt;br/&gt;
&amp;gt; favor of those FTP servers, such as the one that Neeme Praks indicates is now&lt;br/&gt;
&amp;gt; standard on Debian GNU Linux (not to mention Windows), which display all&lt;br/&gt;
&amp;gt; timestamps as yyyy-MM-dd HH:mm, instead of making us guess.&lt;/p&gt;

&lt;p&gt;Out of curiosity, I took a look at some of Debian's FTP mirrors and it appears&lt;br/&gt;
they do not use their numeric format yet.&lt;/p&gt;
</comment>
                            <comment id="12409475" author="scohen@apache.org" created="Mon, 6 Jun 2005 05:45:09 +0000">&lt;p&gt;(In reply to comment #4)&lt;br/&gt;
&amp;gt;&amp;gt; The current implementation is more "accurate" but at the cost of being&lt;br/&gt;
&amp;gt; completely intolerant of "slop".&lt;br/&gt;
&amp;gt; &lt;br/&gt;
&amp;gt; I could for example, without too much trouble, recode this so that any server&lt;br/&gt;
&amp;gt; timestamps that appear to be more than one day in the future be considered last&lt;br/&gt;
&amp;gt; year.  &lt;/p&gt;

&lt;p&gt;I have had a go at testing this idea.  It breaks our JUnit tests, but that's&lt;br/&gt;
just because the JUnit tests were written with a "no-slop" approach.  Since I'm&lt;br/&gt;
having trouble deciding whether it's a good thing or a bad thing to allow for&lt;br/&gt;
"slop", maybe that's a sign that we need a "slop-mode" option in FTPClientConfig&lt;br/&gt;
(probably named differently)?  Perhaps something similar to how&lt;br/&gt;
SimpleDateFormat.isLenient() exists because one size does not fit all?&lt;/p&gt;</comment>
                            <comment id="12409476" author="ishigami@victokai.co.jp" created="Mon, 6 Jun 2005 21:11:26 +0000">&lt;p&gt;&amp;gt; 1)  Can you tell me your exact use case?  Are you having this problem because&lt;br/&gt;
&amp;gt; a) the clocks are out of synch and you could fix the problem&lt;br/&gt;
&amp;gt; b) the clocks are out of synch but you can't do anything about it beacuse the&lt;br/&gt;
&amp;gt; server is out of your control?&lt;br/&gt;
&amp;gt; c) the server is in a different time zone from the client which you could handle&lt;br/&gt;
&amp;gt; by using FTPClientConfig?&lt;/p&gt;

&lt;p&gt;b)&lt;/p&gt;

&lt;p&gt;In my case, two servers are running on same time zone and the clocks are out of&lt;br/&gt;
synch.&lt;/p&gt;

&lt;p&gt;I use the Commons Net for the purpose of B2B. In case of intranet, several&lt;br/&gt;
servers can synchronize clocks, for instance, by using time server. On the other&lt;br/&gt;
hand, in case of B2B (or internet), clocks are out of synch because each server&lt;br/&gt;
is controled under each organization. All organizations do not always do&lt;br/&gt;
synchronization. This says some server is out of my control.&lt;/p&gt;

&lt;p&gt;This problem is reporductable as following for my case:&lt;/p&gt;

&lt;p&gt; Server A=14:00 Server B=14:05&lt;br/&gt;
 1) create file on Server B (timestamp is 14:05)&lt;br/&gt;
 2) connect from Sercer A to Server B and execute LIST.&lt;/p&gt;

&lt;p&gt;I tried to quick-fix this problem to described code. But, I thought that this is&lt;br/&gt;
not only my problem, so I reported.&lt;/p&gt;


&lt;p&gt;&amp;gt; 2)  Please indicate whether you have any information other than observation&lt;br/&gt;
&amp;gt; that says that the rollover from MMM dd HH:mm to MMM dd yyyy display occurs&lt;br/&gt;
&amp;gt; when a file becomes six months old.&lt;/p&gt;

&lt;p&gt;Six month came from my observation. I do not have further information.&lt;br/&gt;
I check in my environments:&lt;/p&gt;

&lt;p&gt;  Solaris 9    FTP Server                     rollover six months.&lt;br/&gt;
  HP-UX 11.11  FTP server (Version 1.1.214.4) rollover six months.&lt;br/&gt;
  Tru64 UNIX   FTP server (Version 5.60)      rollover six months.&lt;br/&gt;
  RHL, ES3     vsFTPd 1.2.0                   rollover six months.&lt;br/&gt;
  Win2003      Microsoft FTP Service          rollover by year?&lt;/p&gt;

&lt;p&gt;I think that the problem is how long local server can accept when timestamp of&lt;br/&gt;
file on remote server is ahead of system date of local server: For a day, a week,&lt;br/&gt;
a month or a year?&lt;/p&gt;

&lt;p&gt;My suggestion is six months becase of observation above.&lt;/p&gt;</comment>
                            <comment id="12409477" author="dfs@apache.org" created="Tue, 7 Jun 2005 04:44:19 +0000">&lt;p&gt;(In reply to comment #6)&lt;br/&gt;
&amp;gt; having trouble deciding whether it's a good thing or a bad thing to allow for&lt;br/&gt;
&amp;gt; "slop", maybe that's a sign that we need a "slop-mode" option in FTPClientConfig&lt;br/&gt;
&amp;gt; (probably named differently)?  Perhaps something similar to how&lt;br/&gt;
&amp;gt; SimpleDateFormat.isLenient() exists because one size does not fit all?&lt;/p&gt;

&lt;p&gt;That sounds like a good compromise.  Every time we've tried to impose&lt;br/&gt;
a single way to handle this sort of thing, we always seem to get bitten&lt;br/&gt;
by some special case (curse FTP and its unspecified listing output! &lt;img class="emoticon" src="https://issues.apache.org/jira/images/icons/emoticons/smile.png" height="16" width="16" align="absmiddle" alt="" border="0"/&gt;.&lt;br/&gt;
Letting the API user decide if he wants a looser "slop"-handling&lt;br/&gt;
interpretation of dates provides sufficient flexibility&lt;br/&gt;
for programmers to work around special cases without forcing the API&lt;br/&gt;
to be all-knowing.&lt;/p&gt;</comment>
                            <comment id="12409478" author="scohen@apache.org" created="Tue, 7 Jun 2005 08:20:42 +0000">&lt;p&gt;A new method, FTPClientConfig.setLenientFutureDates() allows a "slop" factor of&lt;br/&gt;
one day, which sounds like it will fit with your use case.&lt;/p&gt;

&lt;p&gt;You'll have to get source from CVS or use nightly builds until this is released.&lt;/p&gt;</comment>
                    </comments>
                <issuelinks>
                            <issuelinktype id="10030">
                    <name>Reference</name>
                                            <outwardlinks description="relates to">
                                        <issuelink>
            <issuekey id="12389468">NET-188</issuekey>
        </issuelink>
                            </outwardlinks>
                                                        </issuelinktype>
                    </issuelinks>
                <attachments>
                    </attachments>
                <subtasks>
                    </subtasks>
                <customfields>
                                                                                                                                                                                                                                                                                                                                                                                                                                                                                                                                                                                                    <customfield id="customfield_10010" key="com.atlassian.jira.plugin.system.customfieldtypes:importid">
                        <customfieldname>Bugzilla Id</customfieldname>
                        <customfieldvalues>
                            <customfieldvalue>35181</customfieldvalue>
                        </customfieldvalues>
                    </customfield>
                                                                                                                                                    <customfield id="customfield_12314020" key="com.atlassian.jira.plugins.jira-development-integration-plugin:devsummary">
                        <customfieldname>Development</customfieldname>
                        <customfieldvalues>
                            
                        </customfieldvalues>
                    </customfield>
                                                                                                                        <customfield id="customfield_12313422" key="com.atlassian.jirafisheyeplugin:jobcheckbox">
                        <customfieldname>Enable Automatic Patch Review</customfieldname>
                        <customfieldvalues>
                            <customfieldvalue>false</customfieldvalue>

                        </customfieldvalues>
                    </customfield>
                                                                                                                                                                                                                                                                                                                                                                                                                                                                                                                                                                                                                                                <customfield id="customfield_12310420" key="com.pyxis.greenhopper.jira:gh-global-rank">
                        <customfieldname>Global Rank</customfieldname>
                        <customfieldvalues>
                            <customfieldvalue>154421</customfieldvalue>
                        </customfieldvalues>
                    </customfield>
                                                                                                                                                                                                                                                                                                                                                                                                                                                                        <customfield id="customfield_12311820" key="com.pyxis.greenhopper.jira:gh-lexo-rank">
                        <customfieldname>Rank</customfieldname>
                        <customfieldvalues>
                            <customfieldvalue>0|i0lpj3:</customfieldvalue>

                        </customfieldvalues>
                    </customfield>
                                                                <customfield id="customfield_12310920" key="com.pyxis.greenhopper.jira:gh-global-rank">
                        <customfieldname>Rank (Obsolete)</customfieldname>
                        <customfieldvalues>
                            <customfieldvalue>124787</customfieldvalue>
                        </customfieldvalues>
                    </customfield>
                                                                                                                                                                                                                                                                                                                                                                                                                                                                                                                                                                                                                                                                                                                                                                                            </customfields>
    </item>


</channel>
</rss>