<rss version="0.92">
    <channel>
        <title>ASF JIRA</title>
        <link>https://issues.apache.org/jira/issues/?jql=project+%3D+NET+AND+type+%3D+bug+and+%28status+%3D+RESOLVED+or+status+%3D+closed%29</link>
        <description>An XML representation of a search request</description>
                <language>en-uk</language>
                        <issue start="0" end="464" total="464" />
                <build-info>
            <version>8.20.7</version>
            <build-number>820007</build-number>
            <build-date>16-03-2022</build-date>
        </build-info>

<item>
            <title>[NET-41] ftp transfer resume not working with passive mode.</title>
                <link>https://issues.apache.org/jira/browse/NET-41</link>
                <project id="12310487" key="NET">Commons Net</project>
                    <description>&lt;p&gt;subject says it all: I think you just omitted the following code in &lt;br/&gt;
ftpclient.java:&lt;/p&gt;

&lt;p&gt;instead of:&lt;br/&gt;
            socket = &lt;em&gt;socketFactory&lt;/em&gt;.createSocket(__passiveHost, __passivePort);&lt;/p&gt;

&lt;p&gt;            if (!FTPReply.isPositivePreliminary(sendCommand(command, arg)))&lt;/p&gt;
            {
                socket.close();
                return null;
            }&lt;br/&gt;
&lt;br/&gt;
should read:&lt;br/&gt;
&lt;br/&gt;
            socket = &lt;em&gt;socketFactory&lt;/em&gt;.createSocket(__passiveHost, __passivePort);&lt;br/&gt;
&lt;br/&gt;
            if ((_&lt;em&gt;restartOffset &amp;gt; 0) &amp;amp;&amp;amp; !restart(&lt;/em&gt;_restartOffset))&lt;br/&gt;
            {                socket.close();                return null;            }

&lt;p&gt;            if (!FTPReply.isPositivePreliminary(sendCommand(command, arg)))&lt;/p&gt;
            {
                socket.close();
                return null;
            }


&lt;p&gt;That is, you just forgot a simple clause (which I adapted from the active mode &lt;br/&gt;
code).  I tested it (basically) and it works.&lt;br/&gt;
hope this helps your excellent project.&lt;/p&gt;</description>
                <environment>&lt;p&gt;Operating System: All&lt;br/&gt;
Platform: All&lt;/p&gt;</environment>
        <key id="12340868">NET-41</key>
            <summary>ftp transfer resume not working with passive mode.</summary>
                <type id="1" iconUrl="https://issues.apache.org/jira/secure/viewavatar?size=xsmall&amp;avatarId=21133&amp;avatarType=issuetype">Bug</type>
                                            <priority id="3" iconUrl="https://issues.apache.org/jira/images/icons/priorities/major.svg">Major</priority>
                        <status id="6" iconUrl="https://issues.apache.org/jira/images/icons/statuses/closed.png" description="The issue is considered finished, the resolution is correct. Issues which are not closed can be reopened.">Closed</status>
                    <statusCategory id="3" key="done" colorName="green" />
                                    <resolution id="1">Fixed</resolution>
                                        <assignee username="-1">Unassigned</assignee>
                                    <reporter username="poitypoity@hotmail.com">poitypoity@hotmail.com</reporter>
                        <labels>
                    </labels>
                <created>Wed, 23 Jul 2003 05:26:03 +0000</created>
                <updated>Thu, 20 Sep 2007 05:31:08 +0000</updated>
                            <resolved>Thu, 20 Sep 2007 05:31:08 +0000</resolved>
                                    <version>1.0</version>
                                                        <due />
                            <votes>0</votes>
                                    <watches>0</watches>
                                                                <comments>
                            <comment id="12404744" author="dfs@apache.org" created="Wed, 23 Jul 2003 20:44:27 +0000">&lt;p&gt;Report looks valid.  I applied the appropriate changes.&lt;/p&gt;</comment>
                    </comments>
                    <attachments>
                    </attachments>
                <subtasks>
                    </subtasks>
                <customfields>
                                                                                                                                                                                                                                                                                                                                                                                                                                                                                                                                                                                                    <customfield id="customfield_10010" key="com.atlassian.jira.plugin.system.customfieldtypes:importid">
                        <customfieldname>Bugzilla Id</customfieldname>
                        <customfieldvalues>
                            <customfieldvalue>21815</customfieldvalue>
                        </customfieldvalues>
                    </customfield>
                                                                                                                                                    <customfield id="customfield_12314020" key="com.atlassian.jira.plugins.jira-development-integration-plugin:devsummary">
                        <customfieldname>Development</customfieldname>
                        <customfieldvalues>
                            
                        </customfieldvalues>
                    </customfield>
                                                                                                                        <customfield id="customfield_12313422" key="com.atlassian.jirafisheyeplugin:jobcheckbox">
                        <customfieldname>Enable Automatic Patch Review</customfieldname>
                        <customfieldvalues>
                            <customfieldvalue>false</customfieldvalue>

                        </customfieldvalues>
                    </customfield>
                                                                                                                                                                                                                                                                                                                                                                                                                                                                                                                                                                                                                                                <customfield id="customfield_12310420" key="com.pyxis.greenhopper.jira:gh-global-rank">
                        <customfieldname>Global Rank</customfieldname>
                        <customfieldvalues>
                            <customfieldvalue>154381</customfieldvalue>
                        </customfieldvalues>
                    </customfield>
                                                                                                                                                                                                                                                                                                                                                                                                                                                                        <customfield id="customfield_12311820" key="com.pyxis.greenhopper.jira:gh-lexo-rank">
                        <customfieldname>Rank</customfieldname>
                        <customfieldvalues>
                            <customfieldvalue>0|i0lpnb:</customfieldvalue>

                        </customfieldvalues>
                    </customfield>
                                                                <customfield id="customfield_12310920" key="com.pyxis.greenhopper.jira:gh-global-rank">
                        <customfieldname>Rank (Obsolete)</customfieldname>
                        <customfieldvalues>
                            <customfieldvalue>124806</customfieldvalue>
                        </customfieldvalues>
                    </customfield>
                                                                                                                                                                                                                                                                                                                                                                                                                                                                                                                                                                                                                                                                                                                                                                                            </customfields>
    </item>


</channel>
</rss>