<rss version="0.92">
    <channel>
        <title>ASF JIRA</title>
        <link>https://issues.apache.org/jira/issues/?jql=project+%3D+NET+AND+type+%3D+bug+and+%28status+%3D+RESOLVED+or+status+%3D+closed%29</link>
        <description>An XML representation of a search request</description>
                <language>en-uk</language>
                        <issue start="0" end="464" total="464" />
                <build-info>
            <version>8.20.7</version>
            <build-number>820007</build-number>
            <build-date>16-03-2022</build-date>
        </build-info>

<item>
            <title>[NET-532] NPE in nntp.Threader.thread() when all messages  in a derived thread are missing.</title>
                <link>https://issues.apache.org/jira/browse/NET-532</link>
                <project id="12310487" key="NET">Commons Net</project>
                    <description>&lt;p&gt;I'm threading emails using the References: header. When I've got an incomplete set of messages (in this specific case, it's from one of the C++ standards committee lists) such that I'm missing an entire thread, I get exceptions like this:&lt;/p&gt;

&lt;div class="preformatted panel" style="border-width: 1px;"&gt;&lt;div class="preformattedContent panelContent"&gt;
&lt;pre&gt;Exception in thread "main" java.lang.NullPointerException
     at org.apache.commons.net.nntp.Threader.gatherSubjects(Threader.java:342)
     at org.apache.commons.net.nntp.Threader.thread(Threader.java:81)
     at org.apache.commons.net.nntp.Threader.thread(Threader.java:47)
&lt;/pre&gt;
&lt;/div&gt;&lt;/div&gt;

&lt;p&gt;What happens is that the graph returned by findRootSet() at line 71 will look something like&lt;/p&gt;

&lt;div class="preformatted panel" style="border-width: 1px;"&gt;&lt;div class="preformattedContent panelContent"&gt;
&lt;pre&gt;     ...
     &amp;lt;ThreadContainer A with Threadable&amp;gt;
         ...
     &amp;lt;ThreadContainer B without Threadable&amp;gt;
         &amp;lt;ThreadContainer ... without Threadable&amp;gt;
             &amp;lt;ThreadContainer ... without Threadable&amp;gt;
             &amp;lt;ThreadContainer ... without Threadable&amp;gt;
         &amp;lt;ThreadContainer ... without Threadable&amp;gt;
             &amp;lt;ThreadContainer ... without Threadable&amp;gt;
                 &amp;lt;ThreadContainer ... without Threadable&amp;gt;
     &amp;lt;ThreadContainer C with Threadable&amp;gt;
         ...
     ...
&lt;/pre&gt;
&lt;/div&gt;&lt;/div&gt;

&lt;p&gt;And, after pruneEmptyContainers() has had its way with things on line 75, the graph will be&lt;/p&gt;

&lt;div class="preformatted panel" style="border-width: 1px;"&gt;&lt;div class="preformattedContent panelContent"&gt;
&lt;pre&gt;     ...
     &amp;lt;ThreadContainer A with Threadable&amp;gt;
         ...
     &amp;lt;ThreadContainer B without Threadable&amp;gt;
     &amp;lt;ThreadContainer C with Threadable&amp;gt;
         ...
     ...
&lt;/pre&gt;
&lt;/div&gt;&lt;/div&gt;

&lt;p&gt;when it should be&lt;/p&gt;

&lt;div class="preformatted panel" style="border-width: 1px;"&gt;&lt;div class="preformattedContent panelContent"&gt;
&lt;pre&gt;     ...
     &amp;lt;ThreadContainer A with Threadable&amp;gt;
         ...
     &amp;lt;ThreadContainer C with Threadable&amp;gt;
         ...
     ...
&lt;/pre&gt;
&lt;/div&gt;&lt;/div&gt;

&lt;p&gt;I.e., ThreadContainer B should be eliminated entirely.&lt;/p&gt;

&lt;p&gt;As it is, with ThreadContainer B present, but not containing any children or a Threadable, gatherSubjects() chokes.&lt;/p&gt;</description>
                <environment />
        <key id="12706443">NET-532</key>
            <summary>NPE in nntp.Threader.thread() when all messages  in a derived thread are missing.</summary>
                <type id="1" iconUrl="https://issues.apache.org/jira/secure/viewavatar?size=xsmall&amp;avatarId=21133&amp;avatarType=issuetype">Bug</type>
                                            <priority id="3" iconUrl="https://issues.apache.org/jira/images/icons/priorities/major.svg">Major</priority>
                        <status id="5" iconUrl="https://issues.apache.org/jira/images/icons/statuses/resolved.png" description="A resolution has been taken, and it is awaiting verification by reporter. From here issues are either reopened, or are closed.">Resolved</status>
                    <statusCategory id="3" key="done" colorName="green" />
                                    <resolution id="5">Cannot Reproduce</resolution>
                                        <assignee username="-1">Unassigned</assignee>
                                    <reporter username="clonezone">Elliot Shank</reporter>
                        <labels>
                    </labels>
                <created>Thu, 3 Apr 2014 15:26:55 +0000</created>
                <updated>Mon, 1 Dec 2014 00:40:54 +0000</updated>
                            <resolved>Mon, 1 Dec 2014 00:40:54 +0000</resolved>
                                    <version>3.0</version>
                    <version>3.3</version>
                                                    <component>NNTP</component>
                        <due />
                            <votes>0</votes>
                                    <watches>1</watches>
                                                                <comments>
                            <comment id="13958889" author="clonezone" created="Thu, 3 Apr 2014 15:30:24 +0000">&lt;p&gt;Patch against current trunk that fixes my issue.&lt;/p&gt;

&lt;p&gt;Rather than only pruning a completely empty node, it prunes nodes that have no Threadable on the node or any of its children.&lt;/p&gt;</comment>
                            <comment id="13958899" author="sebb@apache.org" created="Thu, 3 Apr 2014 15:49:51 +0000">&lt;p&gt;Thanks for the patch.&lt;/p&gt;

&lt;p&gt;Can you provide details of the news group and some threads that exhibit the problem please?&lt;/p&gt;</comment>
                            <comment id="13958919" author="clonezone" created="Thu, 3 Apr 2014 16:15:34 +0000">&lt;p&gt;Specifically, it&#8217;s the list c++std-ext.accu.org. For one specific thread, I've got the following 18 messages:&lt;/p&gt;

&lt;p&gt;Date: Fri, 18 Oct 2013 11:14:21 -0500&lt;br/&gt;
From: Gabriel Dos Reis &amp;lt;gdr@axiomatics.org&amp;gt;&lt;br/&gt;
Message-ID: &amp;lt;878uxqr1ya.fsf_-_@euclid.axiomatics.org&amp;gt;&lt;br/&gt;
References:&lt;br/&gt;
&amp;lt;CANh-dXkxpwcgnCYP_tfvH0yXb6__mKbZfbcNoPeyUNZ_arv1SA@mail.gmail.com&amp;gt;&lt;br/&gt;
Subject: &lt;span class="error"&gt;&amp;#91;c++std-ext-14555&amp;#93;&lt;/span&gt; Sized integer types and char bits&lt;/p&gt;

&lt;p&gt;Date: Fri, 18 Oct 2013 19:26:25 +0300&lt;br/&gt;
From: Ville Voutilainen &amp;lt;ville.voutilainen@gmail.com&amp;gt;&lt;br/&gt;
Message-ID:&lt;br/&gt;
&amp;lt;CAFk2RUaiDj-Fu_QVktwZBp-S-Kkr2DfBsJ+dLQNdTp6qZ7SKHQ@mail.gmail.com&amp;gt;&lt;br/&gt;
References:&lt;br/&gt;
&amp;lt;CANh-dXkxpwcgnCYP_tfvH0yXb6__mKbZfbcNoPeyUNZ_arv1SA@mail.gmail.com&amp;gt;&lt;br/&gt;
Subject: &lt;span class="error"&gt;&amp;#91;c++std-ext-14556&amp;#93;&lt;/span&gt; Re: &lt;span class="error"&gt;&amp;#91;ub&amp;#93;&lt;/span&gt; Sized integer types and char bits&lt;/p&gt;

&lt;p&gt;Date: Fri, 18 Oct 2013 19:05:41 +0000&lt;br/&gt;
From: "Stephan T. Lavavej" &amp;lt;stl@exchange.microsoft.com&amp;gt;&lt;br/&gt;
Message-ID:&lt;br/&gt;
&amp;lt;b189ea5c75d242a5b795bb524b2ea810@SN2PR03MB093.namprd03.prod.outlook.com&amp;gt;&lt;br/&gt;
References:&lt;br/&gt;
&amp;lt;CANh-dXkxpwcgnCYP_tfvH0yXb6__mKbZfbcNoPeyUNZ_arv1SA@mail.gmail.com&amp;gt;&lt;br/&gt;
Subject: &lt;span class="error"&gt;&amp;#91;c++std-ext-14557&amp;#93;&lt;/span&gt; Re: Sized integer types and char bits&lt;/p&gt;

&lt;p&gt;Date: Fri, 18 Oct 2013 12:54:38 -0700&lt;br/&gt;
From: Matt Austern &amp;lt;austern@google.com&amp;gt;&lt;br/&gt;
Message-ID:&lt;br/&gt;
&amp;lt;CAGuJnYd7bULjKn1TCpX0_hWsQ2PhuNEw8zypunS0Ty8wztSO_g@mail.gmail.com&amp;gt;&lt;br/&gt;
References:&lt;br/&gt;
&amp;lt;CANh-dXkxpwcgnCYP_tfvH0yXb6__mKbZfbcNoPeyUNZ_arv1SA@mail.gmail.com&amp;gt;&lt;br/&gt;
Subject: &lt;span class="error"&gt;&amp;#91;c++std-ext-14558&amp;#93;&lt;/span&gt; Re: &lt;span class="error"&gt;&amp;#91;ub&amp;#93;&lt;/span&gt; Sized integer types and char bits&lt;/p&gt;

&lt;p&gt;Date: Fri, 18 Oct 2013 20:22:30 +0000&lt;br/&gt;
From: Gabriel Dos Reis &amp;lt;gdr@microsoft.com&amp;gt;&lt;br/&gt;
Message-ID:&lt;br/&gt;
&amp;lt;394d2a6c4d524ea49607aabbe8fc2f37@DM2PR03MB304.namprd03.prod.outlook.com&amp;gt;&lt;br/&gt;
References:&lt;br/&gt;
&amp;lt;CANh-dXkxpwcgnCYP_tfvH0yXb6__mKbZfbcNoPeyUNZ_arv1SA@mail.gmail.com&amp;gt;&lt;br/&gt;
Subject: &lt;span class="error"&gt;&amp;#91;c++std-ext-14559&amp;#93;&lt;/span&gt; Re: &lt;span class="error"&gt;&amp;#91;ub&amp;#93;&lt;/span&gt; Sized integer types and char bits&lt;/p&gt;

&lt;p&gt;Date: Fri, 18 Oct 2013 16:32:21 -0400&lt;br/&gt;
From: John Spicer &amp;lt;jhs@edg.com&amp;gt;&lt;br/&gt;
Message-ID: &amp;lt;BD55E214-3752-45E0-AE06-D453C9F18862@edg.com&amp;gt;&lt;br/&gt;
References:&lt;br/&gt;
&amp;lt;CANh-dXkxpwcgnCYP_tfvH0yXb6__mKbZfbcNoPeyUNZ_arv1SA@mail.gmail.com&amp;gt;&lt;br/&gt;
Subject: &lt;span class="error"&gt;&amp;#91;c++std-ext-14560&amp;#93;&lt;/span&gt; Re: &lt;span class="error"&gt;&amp;#91;ub&amp;#93;&lt;/span&gt; Sized integer types and char bits&lt;/p&gt;

&lt;p&gt;Date: Fri, 18 Oct 2013 20:37:09 +0000&lt;br/&gt;
From: Gabriel Dos Reis &amp;lt;gdr@microsoft.com&amp;gt;&lt;br/&gt;
Message-ID:&lt;br/&gt;
&amp;lt;cad3f73261094d738dc5b98f13eb4618@DM2PR03MB304.namprd03.prod.outlook.com&amp;gt;&lt;br/&gt;
References:&lt;br/&gt;
&amp;lt;CANh-dXkxpwcgnCYP_tfvH0yXb6__mKbZfbcNoPeyUNZ_arv1SA@mail.gmail.com&amp;gt;&lt;br/&gt;
Subject: &lt;span class="error"&gt;&amp;#91;c++std-ext-14561&amp;#93;&lt;/span&gt; Re: Sized integer types and char bits&lt;/p&gt;

&lt;p&gt;Date: Fri, 18 Oct 2013 20:15:57 -0700&lt;br/&gt;
From: Lawrence Crowl &amp;lt;Lawrence@Crowl.org&amp;gt;&lt;br/&gt;
Message-ID:&lt;br/&gt;
&amp;lt;CAA+UVZTx+ZDBdQ2USFn+D=SNQ-OLrGbRG3NxUBisY6SMYF17fg@mail.gmail.com&amp;gt;&lt;br/&gt;
References:&lt;br/&gt;
&amp;lt;CANh-dXkxpwcgnCYP_tfvH0yXb6__mKbZfbcNoPeyUNZ_arv1SA@mail.gmail.com&amp;gt;&lt;br/&gt;
Subject: &lt;span class="error"&gt;&amp;#91;c++std-ext-14563&amp;#93;&lt;/span&gt; Re: Sized integer types and char bits&lt;/p&gt;

&lt;p&gt;Date: Fri, 18 Oct 2013 20:19:31 -0700&lt;br/&gt;
From: Lawrence Crowl &amp;lt;Lawrence@Crowl.org&amp;gt;&lt;br/&gt;
Message-ID:&lt;br/&gt;
&amp;lt;CAA+UVZRVo-Wr9g2dONCOxiVe9XDsqF2T0vAd-Qzy_HgZy7jvbw@mail.gmail.com&amp;gt;&lt;br/&gt;
References:&lt;br/&gt;
&amp;lt;CANh-dXkxpwcgnCYP_tfvH0yXb6__mKbZfbcNoPeyUNZ_arv1SA@mail.gmail.com&amp;gt;&lt;br/&gt;
Subject: &lt;span class="error"&gt;&amp;#91;c++std-ext-14564&amp;#93;&lt;/span&gt; Re: &lt;span class="error"&gt;&amp;#91;ub&amp;#93;&lt;/span&gt; Sized integer types and char bits&lt;/p&gt;

&lt;p&gt;Date: Sat, 19 Oct 2013 08:37:03 +0200&lt;br/&gt;
From: =?UTF-8?B?SW9uIEdhenRhw7FhZ2E=?= &amp;lt;igaztanaga@gmail.com&amp;gt;&lt;br/&gt;
Message-ID: &amp;lt;5262288F.2070107@gmail.com&amp;gt;&lt;br/&gt;
References:&lt;br/&gt;
&amp;lt;CANh-dXkxpwcgnCYP_tfvH0yXb6__mKbZfbcNoPeyUNZ_arv1SA@mail.gmail.com&amp;gt;&lt;br/&gt;
 &amp;lt;CAGg_6+Mz-bo2rs-RLnQgXoBKz1Hv17u7WkR924voatb7doHF8w@mail.gmail.com&amp;gt;&lt;br/&gt;
 &amp;lt;CA+jCFLvCLODV59vyv_R6-vwHN5HXFs1mm0rRAc-PFJvh4bxhOg@mail.gmail.com&amp;gt;&lt;br/&gt;
 &amp;lt;CAGg_6+NRXp_anbvmZnkunEdLcrrNH1xT+ssj7NiNAmyGYGJXAQ@mail.gmail.com&amp;gt;&lt;br/&gt;
 &amp;lt;CANh-dXm8PNWHBJ49GV9vu3OdRB1MHC+XJY=JAy8PVyUe9=1c6w@mail.gmail.com&amp;gt;&lt;br/&gt;
 &amp;lt;c7ee95de94e94f6db9ad38edef4fa3a8@BY2PR03MB091.namprd03.prod.outlook.com&amp;gt;  &amp;lt;4faee2ff47524ee1b37d0852ed530987@BN1PR03MB107.namprd03.prod.outlook.com&amp;gt;  &amp;lt;87ob6m37qj.fsf@euclid.axiomatics.org&amp;gt;  &amp;lt;37b63d23d2a045dd8ae24fa06f893ebc@BN1PR03MB107.namprd03.prod.outlook.com&amp;gt;  &amp;lt;878uxqr1ya.fsf_-_@euclid.axiomatics.org&amp;gt;  &amp;lt;b189ea5c75d242a5b795bb524b2ea810@SN2PR03MB093.namprd03.prod.outlook.com&amp;gt;  &amp;lt;CAGuJnYd7bULjKn1TCpX0_hWsQ2PhuNEw8zypunS0Ty8wztSO_g@mail.gmail.com&amp;gt;  &amp;lt;394d2a6c4d524ea49607aabbe8fc2f37@DM2PR03MB304.namprd03.prod.outlook.com&amp;gt;  &amp;lt;BD55E214-3752-45E0-AE06-D453C9F18862@edg.com&amp;gt; &amp;lt;CAA+UVZRVo-Wr9g2dONCOxiVe9XDsqF2T0vAd-Qzy_HgZy7jvbw@mail.gmail.com&amp;gt;&lt;br/&gt;
Subject: &lt;span class="error"&gt;&amp;#91;c++std-ext-14565&amp;#93;&lt;/span&gt; Re: &lt;span class="error"&gt;&amp;#91;ub&amp;#93;&lt;/span&gt; Sized integer types and char bits&lt;/p&gt;

&lt;p&gt;Date: Sat, 19 Oct 2013 02:03:47 -0500&lt;br/&gt;
From: Gabriel Dos Reis &amp;lt;gdr@axiomatics.org&amp;gt;&lt;br/&gt;
Message-ID: &amp;lt;87r4bh7ne4.fsf@euclid.axiomatics.org&amp;gt;&lt;br/&gt;
References:&lt;br/&gt;
&amp;lt;CANh-dXkxpwcgnCYP_tfvH0yXb6__mKbZfbcNoPeyUNZ_arv1SA@mail.gmail.com&amp;gt;&lt;br/&gt;
Subject: &lt;span class="error"&gt;&amp;#91;c++std-ext-14566&amp;#93;&lt;/span&gt; Re: &lt;span class="error"&gt;&amp;#91;ub&amp;#93;&lt;/span&gt; Sized integer types and char bits&lt;/p&gt;

&lt;p&gt;Date: Sat, 19 Oct 2013 10:02:14 +0200&lt;br/&gt;
From: Jean-Marc Bourguet &amp;lt;jm@bourguet.org&amp;gt;&lt;br/&gt;
Message-ID: &amp;lt;52623C86.5070004@bourguet.org&amp;gt;&lt;br/&gt;
References:&lt;br/&gt;
&amp;lt;CANh-dXkxpwcgnCYP_tfvH0yXb6__mKbZfbcNoPeyUNZ_arv1SA@mail.gmail.com&amp;gt;&lt;br/&gt;
&amp;lt;CAGg_6+Mz-bo2rs-RLnQgXoBKz1Hv17u7WkR924voatb7doHF8w@mail.gmail.com&amp;gt;&lt;br/&gt;
&amp;lt;CA+jCFLvCLODV59vyv_R6-vwHN5HXFs1mm0rRAc-PFJvh4bxhOg@mail.gmail.com&amp;gt;&lt;br/&gt;
&amp;lt;CAGg_6+NRXp_anbvmZnkunEdLcrrNH1xT+ssj7NiNAmyGYGJXAQ@mail.gmail.com&amp;gt;&lt;br/&gt;
&amp;lt;CANh-dXm8PNWHBJ49GV9vu3OdRB1MHC+XJY=JAy8PVyUe9=1c6w@mail.gmail.com&amp;gt;&lt;br/&gt;
&amp;lt;c7ee95de94e94f6db9ad38edef4fa3a8@BY2PR03MB091.namprd03.prod.outlook.com&amp;gt; &amp;lt;4faee2ff47524ee1b37d0852ed530987@BN1PR03MB107.namprd03.prod.outlook.com&amp;gt;&lt;br/&gt;
&amp;lt;87ob6m37qj.fsf@euclid.axiomatics.org&amp;gt;&lt;br/&gt;
&amp;lt;37b63d23d2a045dd8ae24fa06f893ebc@BN1PR03MB107.namprd03.prod.outlook.com&amp;gt; &amp;lt;878uxqr1ya.fsf_-_@euclid.axiomatics.org&amp;gt;&lt;br/&gt;
&amp;lt;b189ea5c75d242a5b795bb524b2ea810@SN2PR03MB093.namprd03.prod.outlook.com&amp;gt; &amp;lt;CAGuJnYd7bULjKn1TCpX0_hWsQ2PhuNEw8zypunS0Ty8wztSO_g@mail.gmail.com&amp;gt;&lt;br/&gt;
&amp;lt;394d2a6c4d524ea49607aabbe8fc2f37@DM2PR03MB304.namprd03.prod.outlook.com&amp;gt; &amp;lt;BD55E214-3752-45E0-AE06-D453C9F18862@edg.com&amp;gt;&lt;br/&gt;
&amp;lt;CAA+UVZRVo-Wr9g2dONCOxiVe9XDsqF2T0vAd-Qzy_HgZy7jvbw@mail.gmail.co&lt;br/&gt;
Subject: &lt;span class="error"&gt;&amp;#91;c++std-ext-14567&amp;#93;&lt;/span&gt; Re: &lt;span class="error"&gt;&amp;#91;ub&amp;#93;&lt;/span&gt; Sized integer types and char bits&lt;/p&gt;

&lt;p&gt;Date: Sat, 19 Oct 2013 21:37:31 +0000&lt;br/&gt;
From: Herb Sutter &amp;lt;hsutter@microsoft.com&amp;gt;&lt;br/&gt;
Message-ID:&lt;br/&gt;
&amp;lt;dae22e95c446444a8b3c8d7c54c8bfc8@BN1PR03MB107.namprd03.prod.outlook.com&amp;gt;&lt;br/&gt;
References:&lt;br/&gt;
&amp;lt;CANh-dXkxpwcgnCYP_tfvH0yXb6__mKbZfbcNoPeyUNZ_arv1SA@mail.gmail.com&amp;gt;&lt;br/&gt;
Subject: &lt;span class="error"&gt;&amp;#91;c++std-ext-14568&amp;#93;&lt;/span&gt; Re: &lt;span class="error"&gt;&amp;#91;ub&amp;#93;&lt;/span&gt; Sized integer types and char bits&lt;/p&gt;

&lt;p&gt;Date: Sat, 19 Oct 2013 23:51:06 -0400&lt;br/&gt;
From: Jason Merrill &amp;lt;jason@redhat.com&amp;gt;&lt;br/&gt;
Message-ID: &amp;lt;5263532A.7040208@redhat.com&amp;gt;&lt;br/&gt;
References:&lt;br/&gt;
&amp;lt;CANh-dXkxpwcgnCYP_tfvH0yXb6__mKbZfbcNoPeyUNZ_arv1SA@mail.gmail.com&amp;gt;&lt;br/&gt;
 &amp;lt;8fdbbcb040164f1f97a25e609fc549b2@DM2PR03MB304.namprd03.prod.outlook.com&amp;gt;  &amp;lt;CA+jCFLt5o_TmO9tnSMr3b=w3ZCdVayAkBcd3mpU4jq-AEFSjDw@mail.gmail.com&amp;gt;  &amp;lt;CAGg_6+Mz-bo2rs-RLnQgXoBKz1Hv17u7WkR924voatb7doHF8w@mail.gmail.com&amp;gt;  &amp;lt;CA+jCFLvCLODV59vyv_R6-vwHN5HXFs1mm0rRAc-PFJvh4bxhOg@mail.gmail.com&amp;gt;  &amp;lt;CAGg_6+NRXp_anbvmZnkunEdLcrrNH1xT+ssj7NiNAmyGYGJXAQ@mail.gmail.com&amp;gt;  &amp;lt;CANh-dXm8PNWHBJ49GV9vu3OdRB1MHC+XJY=JAy8PVyUe9=1c6w@mail.gmail.com&amp;gt;  &amp;lt;c7ee95de94e94f6db9ad38edef4fa3a8@BY2PR03MB091.namprd03.prod.outlook.com&amp;gt;  &amp;lt;4faee2ff47524ee1b37d0852ed530987@BN1PR03MB107.namprd03.prod.outlook.com&amp;gt;  &amp;lt;87ob6m37qj.fsf@euclid.axiomatics.org&amp;gt;  &amp;lt;37b63d23d2a045dd8ae24fa06f893ebc@BN1PR03MB107.namprd03.prod.outlook.com&amp;gt;  &amp;lt;878uxqr1ya.fsf_-_@euclid.axiomatics.org&amp;gt;  &amp;lt;b189ea5c75d242a5b795bb524b2ea810@SN2PR03MB093.namprd03.prod.outlook.com&amp;gt; &amp;lt;CAA+UVZTx+ZDBdQ2USFn+D=SNQ-OLrGbRG3NxUBisY6SMYF17fg@mail.gmail.com&amp;gt;&lt;br/&gt;
Subject: &lt;span class="error"&gt;&amp;#91;c++std-ext-14569&amp;#93;&lt;/span&gt; Re: &lt;span class="error"&gt;&amp;#91;ub&amp;#93;&lt;/span&gt; Re: Sized integer types and char bits&lt;/p&gt;

&lt;p&gt;Date: Sun, 20 Oct 2013 13:18:10 +0200&lt;br/&gt;
From: =?windows-1252?Q?Ion_Gazta=F1aga?= &amp;lt;igaztanaga@gmail.com&amp;gt;&lt;br/&gt;
Message-ID: &amp;lt;5263BBF2.7070103@gmail.com&amp;gt;&lt;br/&gt;
References:&lt;br/&gt;
&amp;lt;CANh-dXkxpwcgnCYP_tfvH0yXb6__mKbZfbcNoPeyUNZ_arv1SA@mail.gmail.com&amp;gt;&lt;br/&gt;
 &amp;lt;CAGg_6+NRXp_anbvmZnkunEdLcrrNH1xT+ssj7NiNAmyGYGJXAQ@mail.gmail.com&amp;gt;&lt;br/&gt;
 &amp;lt;CANh-dXm8PNWHBJ49GV9vu3OdRB1MHC+XJY=JAy8PVyUe9=1c6w@mail.gmail.com&amp;gt;&lt;br/&gt;
 &amp;lt;c7ee95de94e94f6db9ad38edef4fa3a8@BY2PR03MB091.namprd03.prod.outlook.com&amp;gt;  &amp;lt;4faee2ff47524ee1b37d0852ed530987@BN1PR03MB107.namprd03.prod.outlook.com&amp;gt;  &amp;lt;87ob6m37qj.fsf@euclid.axiomatics.org&amp;gt;  &amp;lt;37b63d23d2a045dd8ae24fa06f893ebc@BN1PR03MB107.namprd03.prod.outlook.com&amp;gt;  &amp;lt;878uxqr1ya.fsf_-_@euclid.axiomatics.org&amp;gt;  &amp;lt;b189ea5c75d242a5b795bb524b2ea810@SN2PR03MB093.namprd03.prod.outlook.com&amp;gt;  &amp;lt;CAGuJnYd7bULjKn1TCpX0_hWsQ2PhuNEw8zypunS0Ty8wztSO_g@mail.gmail.com&amp;gt;  &amp;lt;394d2a6c4d524ea49607aabbe8fc2f37@DM2PR03MB304.namprd03.prod.outlook.com&amp;gt;  &amp;lt;BD55E214-3752-45E0-AE06-D453C9F18862@edg.com&amp;gt;  &amp;lt;CAA+UVZRVo-Wr9g2dONCOxiVe9XDsqF2T0vAd-Qzy_HgZy7jvbw@mail.gmail.com&amp;gt;  &amp;lt;5262288F.2070107@gmail.com&amp;gt; &amp;lt;dae22e95c446444a8b3c8d7c54c8bfc8@BN1PR03MB107.namprd03.prod.outlook.com&amp;gt;&lt;br/&gt;
Subject: &lt;span class="error"&gt;&amp;#91;c++std-ext-14570&amp;#93;&lt;/span&gt; Re: &lt;span class="error"&gt;&amp;#91;ub&amp;#93;&lt;/span&gt; Sized integer types and char bits&lt;/p&gt;

&lt;p&gt;Date: Mon, 21 Oct 2013 16:22:38 +0000&lt;br/&gt;
From: Herb Sutter &amp;lt;hsutter@microsoft.com&amp;gt;&lt;br/&gt;
Message-ID:&lt;br/&gt;
&amp;lt;084fdfce6dda46cc99edea348b28b1d9@BN1PR03MB107.namprd03.prod.outlook.com&amp;gt;&lt;br/&gt;
References:&lt;br/&gt;
&amp;lt;CANh-dXkxpwcgnCYP_tfvH0yXb6__mKbZfbcNoPeyUNZ_arv1SA@mail.gmail.com&amp;gt;&lt;br/&gt;
Subject: &lt;span class="error"&gt;&amp;#91;c++std-ext-14577&amp;#93;&lt;/span&gt; Re: &lt;span class="error"&gt;&amp;#91;ub&amp;#93;&lt;/span&gt; Sized integer types and char bits&lt;/p&gt;

&lt;p&gt;Date: Thu, 24 Oct 2013 15:40:47 -0700&lt;br/&gt;
From: Richard Smith &amp;lt;richardsmith@google.com&amp;gt;&lt;br/&gt;
Message-ID:&lt;br/&gt;
&amp;lt;CAGL0aWeP8Ku=4B66xss4QMLJUXKxE9sMiPG7Pfvm3rorxQG-Fg@mail.gmail.com&amp;gt;&lt;br/&gt;
References:&lt;br/&gt;
&amp;lt;CANh-dXkxpwcgnCYP_tfvH0yXb6__mKbZfbcNoPeyUNZ_arv1SA@mail.gmail.com&amp;gt;&lt;br/&gt;
Subject: &lt;span class="error"&gt;&amp;#91;c++std-ext-14587&amp;#93;&lt;/span&gt; Re: &lt;span class="error"&gt;&amp;#91;ub&amp;#93;&lt;/span&gt; Re: Sized integer types and char bits&lt;/p&gt;

&lt;p&gt;Date: Thu, 24 Oct 2013 22:50:30 +0000&lt;br/&gt;
From: Gabriel Dos Reis &amp;lt;gdr@microsoft.com&amp;gt;&lt;br/&gt;
Message-ID:&lt;br/&gt;
&amp;lt;4ed19f87c10c46b28c6a8514583d3354@DM2PR03MB304.namprd03.prod.outlook.com&amp;gt;&lt;br/&gt;
References:&lt;br/&gt;
&amp;lt;CANh-dXkxpwcgnCYP_tfvH0yXb6__mKbZfbcNoPeyUNZ_arv1SA@mail.gmail.com&amp;gt;&lt;br/&gt;
Subject: &lt;span class="error"&gt;&amp;#91;c++std-ext-14589&amp;#93;&lt;/span&gt; Re: &lt;span class="error"&gt;&amp;#91;ub&amp;#93;&lt;/span&gt; Re: Sized integer types and char bits&lt;/p&gt;</comment>
                            <comment id="13958974" author="sebb@apache.org" created="Thu, 3 Apr 2014 17:03:32 +0000">&lt;p&gt;Thanks!&lt;br/&gt;
However I am having problems finding a news server that carries the group. Is there a public on you know of?&lt;/p&gt;</comment>
                            <comment id="13959061" author="clonezone" created="Thu, 3 Apr 2014 18:23:47 +0000">&lt;p&gt;threader-3.3-debug.patch is a patch against the v3.3 tag that dumps the message graph prior to and after pruning and that will indicate the node that is about to cause an NPE in gatherSubjects(). Note that this uses some Unicode characters, so you can't look at this in an editor that can't handle UTF-8.&lt;/p&gt;

&lt;p&gt;messages-referencing-CANh-dXkxpwcgnCYP_tfvH0yXb6__mKbZfbcNoPeyUNZ_arv1SA@mail.gmail.com.tar.gz contains the 18 messages (with some slightly sanitized headers).&lt;/p&gt;

&lt;p&gt;When I run over this set of messages, I get the following:&lt;/p&gt;

&lt;div class="preformatted panel" style="border-width: 1px;"&gt;&lt;div class="preformattedContent panelContent"&gt;
&lt;pre&gt;Pre-prune: &#171;504820309 - &#8249;root&#8250;: no message, even on child&#187;
Pre-prune: |   &#171;1954527713 - &#8249;references: CANh-dXkxpwcgnCYP_tfvH0yXb6__mKbZfbcNoPeyUNZ_arv1SA@mail.gmail.com&amp;gt;	&amp;lt;8fdbbcb040164f1f97a25e609fc549b2@DM2PR03MB304.namprd03.prod.outlook.com&amp;gt;	&amp;lt;CA+jCFLt5o_TmO9tnSMr3b=w3ZCdVayAkBcd3mpU4jq-AEFSjDw@mail.gmail.com&amp;gt;	&amp;lt;CAGg_6+Mz-bo2rs-RLnQgXoBKz1Hv17u7WkR924voatb7doHF8w@mail.gmail.com&amp;gt;	&amp;lt;CA+jCFLvCLODV59vyv_R6-vwHN5HXFs1mm0rRAc-PFJvh4bxhOg@mail.gmail.com&amp;gt;	&amp;lt;CAGg_6+NRXp_anbvmZnkunEdLcrrNH1xT+ssj7NiNAmyGYGJXAQ@mail.gmail.com&amp;gt;	&amp;lt;CANh-dXm8PNWHBJ49GV9vu3OdRB1MHC+XJY=JAy8PVyUe9=1c6w@mail.gmail.com&amp;gt;	&amp;lt;c7ee95de94e94f6db9ad38edef4fa3a8@BY2PR03MB091.namprd03.prod.outlook.com&amp;gt;	&amp;lt;4faee2ff47524ee1b37d0852ed530987@BN1PR03MB107.namprd03.prod.outlook.com&amp;gt;	&amp;lt;87ob6m37qj.fsf@euclid.axiomatics.org&amp;gt;	&amp;lt;37b63d23d2a045dd8ae24fa06f893ebc@BN1PR03MB107.namprd03.prod.outlook.com&amp;gt;	&amp;lt;878uxqr1ya.fsf_-_@euclid.axiomatics.org&amp;gt;	&amp;lt;b189ea5c75d242a5b795bb524b2ea810@SN2PR03MB093.namprd03.prod.outlook.com&amp;gt;	&amp;lt;CAA+UVZTx+ZDBdQ2USFn+D=SNQ-OLrGbRG3NxUBisY6SMYF17fg@mail.gmail.com&amp;gt;	&amp;lt;5263532A.7040208@redhat.com&#8250;: no message&#187;
Pre-prune: |   |   [c++std-ext-14587] Re: [ub] Re: Sized integer types and char bits (&#8249;references: CAGL0aWeP8Ku=4B66xss4QMLJUXKxE9sMiPG7Pfvm3rorxQG-Fg@mail.gmail.com&#8250;)
Pre-prune: |   |   |   [c++std-ext-14589] Re: [ub] Re: Sized integer types and char bits (4ed19f87c10c46b28c6a8514583d3354@DM2PR03MB304.namprd03.prod.outlook.com)
Pre-prune: |   &#171;1837407879 - &#8249;references: CANh-dXkxpwcgnCYP_tfvH0yXb6__mKbZfbcNoPeyUNZ_arv1SA@mail.gmail.com&amp;gt;	&amp;lt;048653ed07b04544bc3f6183592e1b79@DM2PR03MB304.namprd03.prod.outlook.com&amp;gt;	&amp;lt;CAGg_6+O_+DugEN-5UTZbXm8ecz+N=reOrox9w5rsxEYw+YBBEQ@mail.gmail.com&amp;gt;	&amp;lt;389e2109e5094aaf88703287e9d9b52b@DM2PR03MB304.namprd03.prod.outlook.com&amp;gt;	&amp;lt;CAGg_6+O7-Qco_08CNLn=Sgg=hSuqokmknUqnMUxt+YgmqkRSBg@mail.gmail.com&amp;gt;	&amp;lt;87fvs890bq.fsf@euclid.axiomatics.org&amp;gt;	&amp;lt;CAGg_6+M8qRYjmHXxTaHW9QEVaiYr7oRZ2=99uQnd0zTGo9Wapg@mail.gmail.com&amp;gt;	&amp;lt;87fvs81tb9.fsf@euclid.axiomatics.org&amp;gt;	&amp;lt;CAGg_6+NG-vgNn-bSO6d_V9G+_JYLkr6iho0DtVZbN=ivEoqYPw@mail.gmail.com&amp;gt;	&amp;lt;bbb97395cde546348bb7fa90d8ac27ea@DM2PR03MB304.namprd03.prod.outlook.com&amp;gt;	&amp;lt;CAGg_6+OLzJ2DgOpbAieDssv-06CSfWc227t0L8yRPCYzi0KFhA@mail.gmail.com&amp;gt;	&amp;lt;8fdbbcb040164f1f97a25e609fc549b2@DM2PR03MB304.namprd03.prod.outlook.com&amp;gt;	&amp;lt;CA+jCFLt5o_TmO9tnSMr3b=w3ZCdVayAkBcd3mpU4jq-AEFSjDw@mail.gmail.com&amp;gt;	&amp;lt;CAGg_6+Mz-bo2rs-RLnQgXoBKz1Hv17u7WkR924voatb7doHF8w@mail.gmail.com&amp;gt;	&amp;lt;CA+jCFLvCLODV59vyv_R6-vwHN5HXFs1mm0rRAc-PFJvh4bxhOg@mail.gmail.com&amp;gt;	&amp;lt;CAGg_6+NRXp_anbvmZnkunEdLcrrNH1xT+ssj7NiNAmyGYGJXAQ@mail.gmail.com&amp;gt;	&amp;lt;CANh-dXm8PNWHBJ49GV9vu3OdRB1MHC+XJY=JAy8PVyUe9=1c6w@mail.gmail.com&amp;gt;	&amp;lt;c7ee95de94e94f6db9ad38edef4fa3a8@BY2PR03MB091.namprd03.prod.outlook.com&amp;gt;	&amp;lt;4faee2ff47524ee1b37d0852ed530987@BN1PR03MB107.namprd03.prod.outlook.com&amp;gt;	&amp;lt;87ob6m37qj.fsf@euclid.axiomatics.org&amp;gt;	&amp;lt;37b63d23d2a045dd8ae24fa06f893ebc@BN1PR03MB107.namprd03.prod.outlook.com&#8250;: no message&#187;
Pre-prune: |   |   [c++std-ext-14555] Sized integer types and char bits (&#8249;references: 878uxqr1ya.fsf_-_@euclid.axiomatics.org&#8250;)
Pre-prune: |   |   |   [c++std-ext-14557] Re: Sized integer types and char bits (&#8249;references: b189ea5c75d242a5b795bb524b2ea810@SN2PR03MB093.namprd03.prod.outlook.com&#8250;)
Pre-prune: |   |   |   |   [c++std-ext-14561] Re: Sized integer types and char bits (cad3f73261094d738dc5b98f13eb4618@DM2PR03MB304.namprd03.prod.outlook.com)
Pre-prune: |   &#171;499378493 - &#8249;references: CANh-dXkxpwcgnCYP_tfvH0yXb6__mKbZfbcNoPeyUNZ_arv1SA@mail.gmail.com&amp;gt;	&amp;lt;8fdbbcb040164f1f97a25e609fc549b2@DM2PR03MB304.namprd03.prod.outlook.com&amp;gt;	&amp;lt;CA+jCFLt5o_TmO9tnSMr3b=w3ZCdVayAkBcd3mpU4jq-AEFSjDw@mail.gmail.com&amp;gt;	&amp;lt;CAGg_6+Mz-bo2rs-RLnQgXoBKz1Hv17u7WkR924voatb7doHF8w@mail.gmail.com&amp;gt;	&amp;lt;CA+jCFLvCLODV59vyv_R6-vwHN5HXFs1mm0rRAc-PFJvh4bxhOg@mail.gmail.com&amp;gt;	&amp;lt;CAGg_6+NRXp_anbvmZnkunEdLcrrNH1xT+ssj7NiNAmyGYGJXAQ@mail.gmail.com&amp;gt;	&amp;lt;CANh-dXm8PNWHBJ49GV9vu3OdRB1MHC+XJY=JAy8PVyUe9=1c6w@mail.gmail.com&amp;gt;	&amp;lt;c7ee95de94e94f6db9ad38edef4fa3a8@BY2PR03MB091.namprd03.prod.outlook.com&amp;gt;	&amp;lt;4faee2ff47524ee1b37d0852ed530987@BN1PR03MB107.namprd03.prod.outlook.com&amp;gt;	&amp;lt;87ob6m37qj.fsf@euclid.axiomatics.org&amp;gt;	&amp;lt;37b63d23d2a045dd8ae24fa06f893ebc@BN1PR03MB107.namprd03.prod.outlook.com&amp;gt;	&amp;lt;878uxqr1ya.fsf_-_@euclid.axiomatics.org&amp;gt;	&amp;lt;b189ea5c75d242a5b795bb524b2ea810@SN2PR03MB093.namprd03.prod.outlook.com&#8250;: no message and no child&#187;
Pre-prune: |   &#171;688239375 - &#8249;references: CANh-dXkxpwcgnCYP_tfvH0yXb6__mKbZfbcNoPeyUNZ_arv1SA@mail.gmail.com&amp;gt;	&amp;lt;CAGg_6+Mz-bo2rs-RLnQgXoBKz1Hv17u7WkR924voatb7doHF8w@mail.gmail.com&amp;gt;	&amp;lt;CA+jCFLvCLODV59vyv_R6-vwHN5HXFs1mm0rRAc-PFJvh4bxhOg@mail.gmail.com&amp;gt;	&amp;lt;CAGg_6+NRXp_anbvmZnkunEdLcrrNH1xT+ssj7NiNAmyGYGJXAQ@mail.gmail.com&amp;gt;	&amp;lt;CANh-dXm8PNWHBJ49GV9vu3OdRB1MHC+XJY=JAy8PVyUe9=1c6w@mail.gmail.com&amp;gt;	&amp;lt;c7ee95de94e94f6db9ad38edef4fa3a8@BY2PR03MB091.namprd03.prod.outlook.com&amp;gt;	&amp;lt;4faee2ff47524ee1b37d0852ed530987@BN1PR03MB107.namprd03.prod.outlook.com&amp;gt;	&amp;lt;87ob6m37qj.fsf@euclid.axiomatics.org&amp;gt;	&amp;lt;37b63d23d2a045dd8ae24fa06f893ebc@BN1PR03MB107.namprd03.prod.outlook.com&amp;gt;	&amp;lt;878uxqr1ya.fsf_-_@euclid.axiomatics.org&amp;gt;	&amp;lt;b189ea5c75d242a5b795bb524b2ea810@SN2PR03MB093.namprd03.prod.outlook.com&amp;gt;	&amp;lt;CAGuJnYd7bULjKn1TCpX0_hWsQ2PhuNEw8zypunS0Ty8wztSO_g@mail.gmail.com&amp;gt;	&amp;lt;394d2a6c4d524ea49607aabbe8fc2f37@DM2PR03MB304.namprd03.prod.outlook.com&amp;gt;	&amp;lt;BD55E214-3752-45E0-AE06-D453C9F18862@edg.com&amp;gt;	&amp;lt;CAA+UVZRVo-Wr9g2dONCOxiVe9XDsqF2T0vAd-Qzy_HgZy7jvbw@mail.gmail.com&#8250;: no message and no child&#187;
Pre-prune: |   &#171;892252883 - &#8249;references: CANh-dXkxpwcgnCYP_tfvH0yXb6__mKbZfbcNoPeyUNZ_arv1SA@mail.gmail.com&amp;gt;	&amp;lt;CAGg_6+NRXp_anbvmZnkunEdLcrrNH1xT+ssj7NiNAmyGYGJXAQ@mail.gmail.com&amp;gt;	&amp;lt;CANh-dXm8PNWHBJ49GV9vu3OdRB1MHC+XJY=JAy8PVyUe9=1c6w@mail.gmail.com&amp;gt;	&amp;lt;c7ee95de94e94f6db9ad38edef4fa3a8@BY2PR03MB091.namprd03.prod.outlook.com&amp;gt;	&amp;lt;4faee2ff47524ee1b37d0852ed530987@BN1PR03MB107.namprd03.prod.outlook.com&amp;gt;	&amp;lt;87ob6m37qj.fsf@euclid.axiomatics.org&amp;gt;	&amp;lt;37b63d23d2a045dd8ae24fa06f893ebc@BN1PR03MB107.namprd03.prod.outlook.com&amp;gt;	&amp;lt;878uxqr1ya.fsf_-_@euclid.axiomatics.org&amp;gt;	&amp;lt;b189ea5c75d242a5b795bb524b2ea810@SN2PR03MB093.namprd03.prod.outlook.com&amp;gt;	&amp;lt;CAGuJnYd7bULjKn1TCpX0_hWsQ2PhuNEw8zypunS0Ty8wztSO_g@mail.gmail.com&amp;gt;	&amp;lt;394d2a6c4d524ea49607aabbe8fc2f37@DM2PR03MB304.namprd03.prod.outlook.com&amp;gt;	&amp;lt;BD55E214-3752-45E0-AE06-D453C9F18862@edg.com&amp;gt;	&amp;lt;CAA+UVZRVo-Wr9g2dONCOxiVe9XDsqF2T0vAd-Qzy_HgZy7jvbw@mail.gmail.com&amp;gt;	&amp;lt;5262288F.2070107@gmail.com&#8250;: no message and no child&#187;
Pre-prune: |   &#171;215897580 - &#8249;references: CANh-dXkxpwcgnCYP_tfvH0yXb6__mKbZfbcNoPeyUNZ_arv1SA@mail.gmail.com&amp;gt;	&amp;lt;048653ed07b04544bc3f6183592e1b79@DM2PR03MB304.namprd03.prod.outlook.com&amp;gt;	&amp;lt;CAGg_6+O_+DugEN-5UTZbXm8ecz+N=reOrox9w5rsxEYw+YBBEQ@mail.gmail.com&amp;gt;	&amp;lt;389e2109e5094aaf88703287e9d9b52b@DM2PR03MB304.namprd03.prod.outlook.com&amp;gt;	&amp;lt;CAGg_6+O7-Qco_08CNLn=Sgg=hSuqokmknUqnMUxt+YgmqkRSBg@mail.gmail.com&amp;gt;	&amp;lt;87fvs890bq.fsf@euclid.axiomatics.org&amp;gt;	&amp;lt;CAGg_6+M8qRYjmHXxTaHW9QEVaiYr7oRZ2=99uQnd0zTGo9Wapg@mail.gmail.com&amp;gt;	&amp;lt;87fvs81tb9.fsf@euclid.axiomatics.org&amp;gt;	&amp;lt;CAGg_6+NG-vgNn-bSO6d_V9G+_JYLkr6iho0DtVZbN=ivEoqYPw@mail.gmail.com&amp;gt;	&amp;lt;bbb97395cde546348bb7fa90d8ac27ea@DM2PR03MB304.namprd03.prod.outlook.com&amp;gt;	&amp;lt;CAGg_6+OLzJ2DgOpbAieDssv-06CSfWc227t0L8yRPCYzi0KFhA@mail.gmail.com&amp;gt;	&amp;lt;8fdbbcb040164f1f97a25e609fc549b2@DM2PR03MB304.namprd03.prod.outlook.com&amp;gt;	&amp;lt;CA+jCFLt5o_TmO9tnSMr3b=w3ZCdVayAkBcd3mpU4jq-AEFSjDw@mail.gmail.com&amp;gt;	&amp;lt;CAGg_6+Mz-bo2rs-RLnQgXoBKz1Hv17u7WkR924voatb7doHF8w@mail.gmail.com&amp;gt;	&amp;lt;CA+jCFLvCLODV59vyv_R6-vwHN5HXFs1mm0rRAc-PFJvh4bxhOg@mail.gmail.com&amp;gt;	&amp;lt;CAGg_6+NRXp_anbvmZnkunEdLcrrNH1xT+ssj7NiNAmyGYGJXAQ@mail.gmail.com&amp;gt;	&amp;lt;CANh-dXm8PNWHBJ49GV9vu3OdRB1MHC+XJY=JAy8PVyUe9=1c6w@mail.gmail.com&amp;gt;	&amp;lt;c7ee95de94e94f6db9ad38edef4fa3a8@BY2PR03MB091.namprd03.prod.outlook.com&amp;gt;	&amp;lt;4faee2ff47524ee1b37d0852ed530987@BN1PR03MB107.namprd03.prod.outlook.com&amp;gt;	&amp;lt;87ob6m37qj.fsf@euclid.axiomatics.org&amp;gt;	&amp;lt;37b63d23d2a045dd8ae24fa06f893ebc@BN1PR03MB107.namprd03.prod.outlook.com&amp;gt;	&amp;lt;878uxqr1ya.fsf_-_@euclid.axiomatics.org&#8250;: no message&#187;
Pre-prune: |   |   [c++std-ext-14556] Re: [ub] Sized integer types and char bits (CAFk2RUaiDj-Fu_QVktwZBp-S-Kkr2DfBsJ+dLQNdTp6qZ7SKHQ@mail.gmail.com)
Pre-prune: |   &#171;1490747277 - &#8249;references: CANh-dXkxpwcgnCYP_tfvH0yXb6__mKbZfbcNoPeyUNZ_arv1SA@mail.gmail.com&amp;gt;	&amp;lt;048653ed07b04544bc3f6183592e1b79@DM2PR03MB304.namprd03.prod.outlook.com&amp;gt;	&amp;lt;CAGg_6+O_+DugEN-5UTZbXm8ecz+N=reOrox9w5rsxEYw+YBBEQ@mail.gmail.com&amp;gt;	&amp;lt;389e2109e5094aaf88703287e9d9b52b@DM2PR03MB304.namprd03.prod.outlook.com&amp;gt;	&amp;lt;CAGg_6+O7-Qco_08CNLn=Sgg=hSuqokmknUqnMUxt+YgmqkRSBg@mail.gmail.com&amp;gt;	&amp;lt;87fvs890bq.fsf@euclid.axiomatics.org&amp;gt;	&amp;lt;CAGg_6+M8qRYjmHXxTaHW9QEVaiYr7oRZ2=99uQnd0zTGo9Wapg@mail.gmail.com&amp;gt;	&amp;lt;87fvs81tb9.fsf@euclid.axiomatics.org&amp;gt;	&amp;lt;CAGg_6+NG-vgNn-bSO6d_V9G+_JYLkr6iho0DtVZbN=ivEoqYPw@mail.gmail.com&amp;gt;	&amp;lt;bbb97395cde546348bb7fa90d8ac27ea@DM2PR03MB304.namprd03.prod.outlook.com&amp;gt;	&amp;lt;CAGg_6+OLzJ2DgOpbAieDssv-06CSfWc227t0L8yRPCYzi0KFhA@mail.gmail.com&amp;gt;	&amp;lt;8fdbbcb040164f1f97a25e609fc549b2@DM2PR03MB304.namprd03.prod.outlook.com&amp;gt;	&amp;lt;CA+jCFLt5o_TmO9tnSMr3b=w3ZCdVayAkBcd3mpU4jq-AEFSjDw@mail.gmail.com&amp;gt;	&amp;lt;CAGg_6+Mz-bo2rs-RLnQgXoBKz1Hv17u7WkR924voatb7doHF8w@mail.gmail.com&amp;gt;	&amp;lt;CA+jCFLvCLODV59vyv_R6-vwHN5HXFs1mm0rRAc-PFJvh4bxhOg@mail.gmail.com&amp;gt;	&amp;lt;CAGg_6+NRXp_anbvmZnkunEdLcrrNH1xT+ssj7NiNAmyGYGJXAQ@mail.gmail.com&amp;gt;	&amp;lt;CANh-dXm8PNWHBJ49GV9vu3OdRB1MHC+XJY=JAy8PVyUe9=1c6w@mail.gmail.com&amp;gt;	&amp;lt;c7ee95de94e94f6db9ad38edef4fa3a8@BY2PR03MB091.namprd03.prod.outlook.com&amp;gt;	&amp;lt;4faee2ff47524ee1b37d0852ed530987@BN1PR03MB107.namprd03.prod.outlook.com&amp;gt;	&amp;lt;87ob6m37qj.fsf@euclid.axiomatics.org&amp;gt;	&amp;lt;37b63d23d2a045dd8ae24fa06f893ebc@BN1PR03MB107.namprd03.prod.outlook.com&amp;gt;	&amp;lt;878uxqr1ya.fsf_-_@euclid.axiomatics.org&amp;gt;	&amp;lt;b189ea5c75d242a5b795bb524b2ea810@SN2PR03MB093.namprd03.prod.outlook.com&#8250;: no message&#187;
Pre-prune: |   |   [c++std-ext-14558] Re: [ub] Sized integer types and char bits (&#8249;references: CAGuJnYd7bULjKn1TCpX0_hWsQ2PhuNEw8zypunS0Ty8wztSO_g@mail.gmail.com&#8250;)
Pre-prune: |   |   |   [c++std-ext-14559] Re: [ub] Sized integer types and char bits (&#8249;references: 394d2a6c4d524ea49607aabbe8fc2f37@DM2PR03MB304.namprd03.prod.outlook.com&#8250;)
Pre-prune: |   |   |   |   [c++std-ext-14560] Re: [ub] Sized integer types and char bits (&#8249;references: BD55E214-3752-45E0-AE06-D453C9F18862@edg.com&#8250;)
Pre-prune: |   |   |   |   |   &#171;297774990 - &#8249;references: CAA+UVZRVo-Wr9g2dONCOxiVe9XDsqF2T0vAd-Qzy_HgZy7jvbw@mail.gmail.co&#8250;: no message, even on child&#187;
Pre-prune: |   |   |   |   |   |   &#171;1067359420 - &#8249;references: m&#8250;: no message&#187;
Pre-prune: |   |   |   |   |   |   |   [c++std-ext-14567] Re: [ub] Sized integer types and char bits (52623C86.5070004@bourguet.org)
Pre-prune: |   |   [c++std-ext-14563] Re: Sized integer types and char bits (CAA+UVZTx+ZDBdQ2USFn+D=SNQ-OLrGbRG3NxUBisY6SMYF17fg@mail.gmail.com)
Pre-prune: |   |   |   [c++std-ext-14569] Re: [ub] Re: Sized integer types and char bits (5263532A.7040208@redhat.com)
Pre-prune: |   &#171;1178868549 - &#8249;references: CANh-dXkxpwcgnCYP_tfvH0yXb6__mKbZfbcNoPeyUNZ_arv1SA@mail.gmail.com&#8250;: no message, even on child&#187;
Pre-prune: |   |   &#171;559575821 - &#8249;references: 048653ed07b04544bc3f6183592e1b79@DM2PR03MB304.namprd03.prod.outlook.com&#8250;: no message, even on child&#187;
Pre-prune: |   |   |   &#171;959933334 - &#8249;references: CAGg_6+O_+DugEN-5UTZbXm8ecz+N=reOrox9w5rsxEYw+YBBEQ@mail.gmail.com&#8250;: no message, even on child&#187;
Pre-prune: |   |   |   |   &#171;1702388274 - &#8249;references: 389e2109e5094aaf88703287e9d9b52b@DM2PR03MB304.namprd03.prod.outlook.com&#8250;: no message, even on child&#187;
Pre-prune: |   |   |   |   |   &#171;1115092137 - &#8249;references: CAGg_6+O7-Qco_08CNLn=Sgg=hSuqokmknUqnMUxt+YgmqkRSBg@mail.gmail.com&#8250;: no message, even on child&#187;
Pre-prune: |   |   |   |   |   |   &#171;263759190 - &#8249;references: 87fvs890bq.fsf@euclid.axiomatics.org&#8250;: no message, even on child&#187;
Pre-prune: |   |   |   |   |   |   |   &#171;594458922 - &#8249;references: CAGg_6+M8qRYjmHXxTaHW9QEVaiYr7oRZ2=99uQnd0zTGo9Wapg@mail.gmail.com&#8250;: no message, even on child&#187;
Pre-prune: |   |   |   |   |   |   |   |   &#171;977176210 - &#8249;references: 87fvs81tb9.fsf@euclid.axiomatics.org&#8250;: no message, even on child&#187;
Pre-prune: |   |   |   |   |   |   |   |   |   &#171;1593112861 - &#8249;references: CAGg_6+NG-vgNn-bSO6d_V9G+_JYLkr6iho0DtVZbN=ivEoqYPw@mail.gmail.com&#8250;: no message, even on child&#187;
Pre-prune: |   |   |   |   |   |   |   |   |   |   &#171;621744031 - &#8249;references: bbb97395cde546348bb7fa90d8ac27ea@DM2PR03MB304.namprd03.prod.outlook.com&#8250;: no message, even on child&#187;
Pre-prune: |   |   |   |   |   |   |   |   |   |   |   &#171;2143986362 - &#8249;references: CAGg_6+OLzJ2DgOpbAieDssv-06CSfWc227t0L8yRPCYzi0KFhA@mail.gmail.com&#8250;: no message, even on child&#187;
Pre-prune: |   |   |   |   |   |   |   |   |   |   |   |   &#171;1350673121 - &#8249;references: 8fdbbcb040164f1f97a25e609fc549b2@DM2PR03MB304.namprd03.prod.outlook.com&#8250;: no message, even on child&#187;
Pre-prune: |   |   |   |   |   |   |   |   |   |   |   |   |   &#171;1860995857 - &#8249;references: CA+jCFLt5o_TmO9tnSMr3b=w3ZCdVayAkBcd3mpU4jq-AEFSjDw@mail.gmail.com&#8250;: no message and no child&#187;
Pre-prune: |   |   &#171;1805533691 - &#8249;references: CAGg_6+Mz-bo2rs-RLnQgXoBKz1Hv17u7WkR924voatb7doHF8w@mail.gmail.com&#8250;: no message, even on child&#187;
Pre-prune: |   |   |   &#171;1660812527 - &#8249;references: CA+jCFLvCLODV59vyv_R6-vwHN5HXFs1mm0rRAc-PFJvh4bxhOg@mail.gmail.com&#8250;: no message, even on child&#187;
Pre-prune: |   |   |   |   &#171;283697583 - &#8249;references: CAGg_6+NRXp_anbvmZnkunEdLcrrNH1xT+ssj7NiNAmyGYGJXAQ@mail.gmail.com&#8250;: no message, even on child&#187;
Pre-prune: |   |   |   |   |   &#171;691581141 - &#8249;references: CANh-dXm8PNWHBJ49GV9vu3OdRB1MHC+XJY=JAy8PVyUe9=1c6w@mail.gmail.com&#8250;: no message, even on child&#187;
Pre-prune: |   |   |   |   |   |   &#171;1222739223 - &#8249;references: c7ee95de94e94f6db9ad38edef4fa3a8@BY2PR03MB091.namprd03.prod.outlook.com&#8250;: no message, even on child&#187;
Pre-prune: |   |   |   |   |   |   |   &#171;1307102818 - &#8249;references: 4faee2ff47524ee1b37d0852ed530987@BN1PR03MB107.namprd03.prod.outlook.com&#8250;: no message, even on child&#187;
Pre-prune: |   |   |   |   |   |   |   |   &#171;1866836963 - &#8249;references: 87ob6m37qj.fsf@euclid.axiomatics.org&#8250;: no message, even on child&#187;
Pre-prune: |   |   |   |   |   |   |   |   |   &#171;1192754471 - &#8249;references: 37b63d23d2a045dd8ae24fa06f893ebc@BN1PR03MB107.namprd03.prod.outlook.com&#8250;: no message and no child&#187;
Pre-prune: |   &#171;2012032999 - &#8249;references: CANh-dXkxpwcgnCYP_tfvH0yXb6__mKbZfbcNoPeyUNZ_arv1SA@mail.gmail.com&amp;gt;	&amp;lt;CAGg_6+Mz-bo2rs-RLnQgXoBKz1Hv17u7WkR924voatb7doHF8w@mail.gmail.com&amp;gt;	&amp;lt;CA+jCFLvCLODV59vyv_R6-vwHN5HXFs1mm0rRAc-PFJvh4bxhOg@mail.gmail.com&amp;gt;	&amp;lt;CAGg_6+NRXp_anbvmZnkunEdLcrrNH1xT+ssj7NiNAmyGYGJXAQ@mail.gmail.com&amp;gt;	&amp;lt;CANh-dXm8PNWHBJ49GV9vu3OdRB1MHC+XJY=JAy8PVyUe9=1c6w@mail.gmail.com&amp;gt;	&amp;lt;c7ee95de94e94f6db9ad38edef4fa3a8@BY2PR03MB091.namprd03.prod.outlook.com&amp;gt;	&amp;lt;4faee2ff47524ee1b37d0852ed530987@BN1PR03MB107.namprd03.prod.outlook.com&amp;gt;	&amp;lt;87ob6m37qj.fsf@euclid.axiomatics.org&amp;gt;	&amp;lt;37b63d23d2a045dd8ae24fa06f893ebc@BN1PR03MB107.namprd03.prod.outlook.com&amp;gt;	&amp;lt;878uxqr1ya.fsf_-_@euclid.axiomatics.org&amp;gt;	&amp;lt;b189ea5c75d242a5b795bb524b2ea810@SN2PR03MB093.namprd03.prod.outlook.com&amp;gt;	&amp;lt;CAGuJnYd7bULjKn1TCpX0_hWsQ2PhuNEw8zypunS0Ty8wztSO_g@mail.gmail.com&amp;gt;	&amp;lt;394d2a6c4d524ea49607aabbe8fc2f37@DM2PR03MB304.namprd03.prod.outlook.com&amp;gt;	&amp;lt;BD55E214-3752-45E0-AE06-D453C9F18862@edg.com&#8250;: no message and no child&#187;
Pre-prune: |   &#171;1961108531 - &#8249;references: CANh-dXkxpwcgnCYP_tfvH0yXb6__mKbZfbcNoPeyUNZ_arv1SA@mail.gmail.com&amp;gt;	&amp;lt;CAGg_6+NRXp_anbvmZnkunEdLcrrNH1xT+ssj7NiNAmyGYGJXAQ@mail.gmail.com&amp;gt;	&amp;lt;CANh-dXm8PNWHBJ49GV9vu3OdRB1MHC+XJY=JAy8PVyUe9=1c6w@mail.gmail.com&amp;gt;	&amp;lt;c7ee95de94e94f6db9ad38edef4fa3a8@BY2PR03MB091.namprd03.prod.outlook.com&amp;gt;	&amp;lt;4faee2ff47524ee1b37d0852ed530987@BN1PR03MB107.namprd03.prod.outlook.com&amp;gt;	&amp;lt;87ob6m37qj.fsf@euclid.axiomatics.org&amp;gt;	&amp;lt;37b63d23d2a045dd8ae24fa06f893ebc@BN1PR03MB107.namprd03.prod.outlook.com&amp;gt;	&amp;lt;878uxqr1ya.fsf_-_@euclid.axiomatics.org&amp;gt;	&amp;lt;b189ea5c75d242a5b795bb524b2ea810@SN2PR03MB093.namprd03.prod.outlook.com&amp;gt;	&amp;lt;CAGuJnYd7bULjKn1TCpX0_hWsQ2PhuNEw8zypunS0Ty8wztSO_g@mail.gmail.com&amp;gt;	&amp;lt;394d2a6c4d524ea49607aabbe8fc2f37@DM2PR03MB304.namprd03.prod.outlook.com&amp;gt;	&amp;lt;BD55E214-3752-45E0-AE06-D453C9F18862@edg.com&amp;gt;	&amp;lt;CAA+UVZRVo-Wr9g2dONCOxiVe9XDsqF2T0vAd-Qzy_HgZy7jvbw@mail.gmail.com&amp;gt;	&amp;lt;5262288F.2070107@gmail.com&amp;gt;	&amp;lt;dae22e95c446444a8b3c8d7c54c8bfc8@BN1PR03MB107.namprd03.prod.outlook.com&#8250;: no message and no child&#187;
Pre-prune: |   &#171;772066361 - &#8249;references: CANh-dXkxpwcgnCYP_tfvH0yXb6__mKbZfbcNoPeyUNZ_arv1SA@mail.gmail.com&amp;gt;	&amp;lt;CAGg_6+Mz-bo2rs-RLnQgXoBKz1Hv17u7WkR924voatb7doHF8w@mail.gmail.com&amp;gt;	&amp;lt;CA+jCFLvCLODV59vyv_R6-vwHN5HXFs1mm0rRAc-PFJvh4bxhOg@mail.gmail.com&amp;gt;	&amp;lt;CAGg_6+NRXp_anbvmZnkunEdLcrrNH1xT+ssj7NiNAmyGYGJXAQ@mail.gmail.com&amp;gt;	&amp;lt;CANh-dXm8PNWHBJ49GV9vu3OdRB1MHC+XJY=JAy8PVyUe9=1c6w@mail.gmail.com&amp;gt;	&amp;lt;c7ee95de94e94f6db9ad38edef4fa3a8@BY2PR03MB091.namprd03.prod.outlook.com&amp;gt;	&amp;lt;4faee2ff47524ee1b37d0852ed530987@BN1PR03MB107.namprd03.prod.outlook.com&amp;gt;	&amp;lt;87ob6m37qj.fsf@euclid.axiomatics.org&amp;gt;	&amp;lt;37b63d23d2a045dd8ae24fa06f893ebc@BN1PR03MB107.namprd03.prod.outlook.com&amp;gt;	&amp;lt;878uxqr1ya.fsf_-_@euclid.axiomatics.org&amp;gt;	&amp;lt;b189ea5c75d242a5b795bb524b2ea810@SN2PR03MB093.namprd03.prod.outlook.com&amp;gt;	&amp;lt;CAGuJnYd7bULjKn1TCpX0_hWsQ2PhuNEw8zypunS0Ty8wztSO_g@mail.gmail.com&amp;gt;	&amp;lt;394d2a6c4d524ea49607aabbe8fc2f37@DM2PR03MB304.namprd03.prod.outlook.com&amp;gt;	&amp;lt;BD55E214-3752-45E0-AE06-D453C9F18862@edg.com&amp;gt;	&amp;lt;CAA+UVZRVo-Wr9g2dONCOxiVe9XDsqF2T0vAd-Qzy_HgZy7jvbw@mail.gmail.com&amp;gt;	&amp;lt;5262288F.2070107@gmail.com&#8250;: no message&#187;
Pre-prune: |   |   [c++std-ext-14566] Re: [ub] Sized integer types and char bits (87r4bh7ne4.fsf@euclid.axiomatics.org)
Pre-prune: |   &#171;1023134153 - &#8249;references: CANh-dXkxpwcgnCYP_tfvH0yXb6__mKbZfbcNoPeyUNZ_arv1SA@mail.gmail.com&amp;gt;	&amp;lt;048653ed07b04544bc3f6183592e1b79@DM2PR03MB304.namprd03.prod.outlook.com&amp;gt;	&amp;lt;CAGg_6+O_+DugEN-5UTZbXm8ecz+N=reOrox9w5rsxEYw+YBBEQ@mail.gmail.com&amp;gt;	&amp;lt;389e2109e5094aaf88703287e9d9b52b@DM2PR03MB304.namprd03.prod.outlook.com&amp;gt;	&amp;lt;CAGg_6+O7-Qco_08CNLn=Sgg=hSuqokmknUqnMUxt+YgmqkRSBg@mail.gmail.com&amp;gt;	&amp;lt;87fvs890bq.fsf@euclid.axiomatics.org&amp;gt;	&amp;lt;CAGg_6+M8qRYjmHXxTaHW9QEVaiYr7oRZ2=99uQnd0zTGo9Wapg@mail.gmail.com&amp;gt;	&amp;lt;87fvs81tb9.fsf@euclid.axiomatics.org&amp;gt;	&amp;lt;CAGg_6+NG-vgNn-bSO6d_V9G+_JYLkr6iho0DtVZbN=ivEoqYPw@mail.gmail.com&amp;gt;	&amp;lt;bbb97395cde546348bb7fa90d8ac27ea@DM2PR03MB304.namprd03.prod.outlook.com&amp;gt;	&amp;lt;CAGg_6+OLzJ2DgOpbAieDssv-06CSfWc227t0L8yRPCYzi0KFhA@mail.gmail.com&amp;gt;	&amp;lt;8fdbbcb040164f1f97a25e609fc549b2@DM2PR03MB304.namprd03.prod.outlook.com&amp;gt;	&amp;lt;CA+jCFLt5o_TmO9tnSMr3b=w3ZCdVayAkBcd3mpU4jq-AEFSjDw@mail.gmail.com&amp;gt;	&amp;lt;CAGg_6+Mz-bo2rs-RLnQgXoBKz1Hv17u7WkR924voatb7doHF8w@mail.gmail.com&amp;gt;	&amp;lt;CA+jCFLvCLODV59vyv_R6-vwHN5HXFs1mm0rRAc-PFJvh4bxhOg@mail.gmail.com&amp;gt;	&amp;lt;CAGg_6+NRXp_anbvmZnkunEdLcrrNH1xT+ssj7NiNAmyGYGJXAQ@mail.gmail.com&amp;gt;	&amp;lt;CANh-dXm8PNWHBJ49GV9vu3OdRB1MHC+XJY=JAy8PVyUe9=1c6w@mail.gmail.com&amp;gt;	&amp;lt;c7ee95de94e94f6db9ad38edef4fa3a8@BY2PR03MB091.namprd03.prod.outlook.com&amp;gt;	&amp;lt;4faee2ff47524ee1b37d0852ed530987@BN1PR03MB107.namprd03.prod.outlook.com&amp;gt;	&amp;lt;87ob6m37qj.fsf@euclid.axiomatics.org&amp;gt;	&amp;lt;37b63d23d2a045dd8ae24fa06f893ebc@BN1PR03MB107.namprd03.prod.outlook.com&amp;gt;	&amp;lt;878uxqr1ya.fsf_-_@euclid.axiomatics.org&amp;gt;	&amp;lt;b189ea5c75d242a5b795bb524b2ea810@SN2PR03MB093.namprd03.prod.outlook.com&amp;gt;	&amp;lt;CAGuJnYd7bULjKn1TCpX0_hWsQ2PhuNEw8zypunS0Ty8wztSO_g@mail.gmail.com&amp;gt;	&amp;lt;394d2a6c4d524ea49607aabbe8fc2f37@DM2PR03MB304.namprd03.prod.outlook.com&amp;gt;	&amp;lt;BD55E214-3752-45E0-AE06-D453C9F18862@edg.com&#8250;: no message&#187;
Pre-prune: |   |   [c++std-ext-14564] Re: [ub] Sized integer types and char bits (CAA+UVZRVo-Wr9g2dONCOxiVe9XDsqF2T0vAd-Qzy_HgZy7jvbw@mail.gmail.com)
Pre-prune: |   |   |   [c++std-ext-14565] Re: [ub] Sized integer types and char bits (&#8249;references: 5262288F.2070107@gmail.com&#8250;)
Pre-prune: |   |   |   |   [c++std-ext-14568] Re: [ub] Sized integer types and char bits (&#8249;references: dae22e95c446444a8b3c8d7c54c8bfc8@BN1PR03MB107.namprd03.prod.outlook.com&#8250;)
Pre-prune: |   |   |   |   |   [c++std-ext-14570] Re: [ub] Sized integer types and char bits (5263BBF2.7070103@gmail.com)
Pre-prune: |   |   |   |   |   |   [c++std-ext-14577] Re: [ub] Sized integer types and char bits (084fdfce6dda46cc99edea348b28b1d9@BN1PR03MB107.namprd03.prod.outlook.com)
Post-prune:&#171;504820309 - &#8249;root&#8250;: no message&#187;
Post-prune:|   [c++std-ext-14587] Re: [ub] Re: Sized integer types and char bits (&#8249;references: CAGL0aWeP8Ku=4B66xss4QMLJUXKxE9sMiPG7Pfvm3rorxQG-Fg@mail.gmail.com&#8250;)
Post-prune:|   |   [c++std-ext-14589] Re: [ub] Re: Sized integer types and char bits (4ed19f87c10c46b28c6a8514583d3354@DM2PR03MB304.namprd03.prod.outlook.com)
Post-prune:|   [c++std-ext-14555] Sized integer types and char bits (&#8249;references: 878uxqr1ya.fsf_-_@euclid.axiomatics.org&#8250;)
Post-prune:|   |   [c++std-ext-14557] Re: Sized integer types and char bits (&#8249;references: b189ea5c75d242a5b795bb524b2ea810@SN2PR03MB093.namprd03.prod.outlook.com&#8250;)
Post-prune:|   |   |   [c++std-ext-14561] Re: Sized integer types and char bits (cad3f73261094d738dc5b98f13eb4618@DM2PR03MB304.namprd03.prod.outlook.com)
Post-prune:|   [c++std-ext-14556] Re: [ub] Sized integer types and char bits (CAFk2RUaiDj-Fu_QVktwZBp-S-Kkr2DfBsJ+dLQNdTp6qZ7SKHQ@mail.gmail.com)
Post-prune:|   &#171;1490747277 - &#8249;references: CANh-dXkxpwcgnCYP_tfvH0yXb6__mKbZfbcNoPeyUNZ_arv1SA@mail.gmail.com&amp;gt;	&amp;lt;048653ed07b04544bc3f6183592e1b79@DM2PR03MB304.namprd03.prod.outlook.com&amp;gt;	&amp;lt;CAGg_6+O_+DugEN-5UTZbXm8ecz+N=reOrox9w5rsxEYw+YBBEQ@mail.gmail.com&amp;gt;	&amp;lt;389e2109e5094aaf88703287e9d9b52b@DM2PR03MB304.namprd03.prod.outlook.com&amp;gt;	&amp;lt;CAGg_6+O7-Qco_08CNLn=Sgg=hSuqokmknUqnMUxt+YgmqkRSBg@mail.gmail.com&amp;gt;	&amp;lt;87fvs890bq.fsf@euclid.axiomatics.org&amp;gt;	&amp;lt;CAGg_6+M8qRYjmHXxTaHW9QEVaiYr7oRZ2=99uQnd0zTGo9Wapg@mail.gmail.com&amp;gt;	&amp;lt;87fvs81tb9.fsf@euclid.axiomatics.org&amp;gt;	&amp;lt;CAGg_6+NG-vgNn-bSO6d_V9G+_JYLkr6iho0DtVZbN=ivEoqYPw@mail.gmail.com&amp;gt;	&amp;lt;bbb97395cde546348bb7fa90d8ac27ea@DM2PR03MB304.namprd03.prod.outlook.com&amp;gt;	&amp;lt;CAGg_6+OLzJ2DgOpbAieDssv-06CSfWc227t0L8yRPCYzi0KFhA@mail.gmail.com&amp;gt;	&amp;lt;8fdbbcb040164f1f97a25e609fc549b2@DM2PR03MB304.namprd03.prod.outlook.com&amp;gt;	&amp;lt;CA+jCFLt5o_TmO9tnSMr3b=w3ZCdVayAkBcd3mpU4jq-AEFSjDw@mail.gmail.com&amp;gt;	&amp;lt;CAGg_6+Mz-bo2rs-RLnQgXoBKz1Hv17u7WkR924voatb7doHF8w@mail.gmail.com&amp;gt;	&amp;lt;CA+jCFLvCLODV59vyv_R6-vwHN5HXFs1mm0rRAc-PFJvh4bxhOg@mail.gmail.com&amp;gt;	&amp;lt;CAGg_6+NRXp_anbvmZnkunEdLcrrNH1xT+ssj7NiNAmyGYGJXAQ@mail.gmail.com&amp;gt;	&amp;lt;CANh-dXm8PNWHBJ49GV9vu3OdRB1MHC+XJY=JAy8PVyUe9=1c6w@mail.gmail.com&amp;gt;	&amp;lt;c7ee95de94e94f6db9ad38edef4fa3a8@BY2PR03MB091.namprd03.prod.outlook.com&amp;gt;	&amp;lt;4faee2ff47524ee1b37d0852ed530987@BN1PR03MB107.namprd03.prod.outlook.com&amp;gt;	&amp;lt;87ob6m37qj.fsf@euclid.axiomatics.org&amp;gt;	&amp;lt;37b63d23d2a045dd8ae24fa06f893ebc@BN1PR03MB107.namprd03.prod.outlook.com&amp;gt;	&amp;lt;878uxqr1ya.fsf_-_@euclid.axiomatics.org&amp;gt;	&amp;lt;b189ea5c75d242a5b795bb524b2ea810@SN2PR03MB093.namprd03.prod.outlook.com&#8250;: no message&#187;
Post-prune:|   |   [c++std-ext-14558] Re: [ub] Sized integer types and char bits (&#8249;references: CAGuJnYd7bULjKn1TCpX0_hWsQ2PhuNEw8zypunS0Ty8wztSO_g@mail.gmail.com&#8250;)
Post-prune:|   |   |   [c++std-ext-14559] Re: [ub] Sized integer types and char bits (&#8249;references: 394d2a6c4d524ea49607aabbe8fc2f37@DM2PR03MB304.namprd03.prod.outlook.com&#8250;)
Post-prune:|   |   |   |   [c++std-ext-14560] Re: [ub] Sized integer types and char bits (&#8249;references: BD55E214-3752-45E0-AE06-D453C9F18862@edg.com&#8250;)
Post-prune:|   |   |   |   |   [c++std-ext-14567] Re: [ub] Sized integer types and char bits (52623C86.5070004@bourguet.org)
Post-prune:|   |   [c++std-ext-14563] Re: Sized integer types and char bits (CAA+UVZTx+ZDBdQ2USFn+D=SNQ-OLrGbRG3NxUBisY6SMYF17fg@mail.gmail.com)
Post-prune:|   |   |   [c++std-ext-14569] Re: [ub] Re: Sized integer types and char bits (5263532A.7040208@redhat.com)
Post-prune:|   &#171;1178868549 - &#8249;references: CANh-dXkxpwcgnCYP_tfvH0yXb6__mKbZfbcNoPeyUNZ_arv1SA@mail.gmail.com&#8250;: no message and no child&#187;
Post-prune:|   [c++std-ext-14566] Re: [ub] Sized integer types and char bits (87r4bh7ne4.fsf@euclid.axiomatics.org)
Post-prune:|   [c++std-ext-14564] Re: [ub] Sized integer types and char bits (CAA+UVZRVo-Wr9g2dONCOxiVe9XDsqF2T0vAd-Qzy_HgZy7jvbw@mail.gmail.com)
Post-prune:|   |   [c++std-ext-14565] Re: [ub] Sized integer types and char bits (&#8249;references: 5262288F.2070107@gmail.com&#8250;)
Post-prune:|   |   |   [c++std-ext-14568] Re: [ub] Sized integer types and char bits (&#8249;references: dae22e95c446444a8b3c8d7c54c8bfc8@BN1PR03MB107.namprd03.prod.outlook.com&#8250;)
Post-prune:|   |   |   |   [c++std-ext-14570] Re: [ub] Sized integer types and char bits (5263BBF2.7070103@gmail.com)
Post-prune:|   |   |   |   |   [c++std-ext-14577] Re: [ub] Sized integer types and char bits (084fdfce6dda46cc99edea348b28b1d9@BN1PR03MB107.namprd03.prod.outlook.com)
About to blow up on &#8249;references: CANh-dXkxpwcgnCYP_tfvH0yXb6__mKbZfbcNoPeyUNZ_arv1SA@mail.gmail.com&#8250;!!!
Exception in thread "main" java.lang.NullPointerException
	at org.apache.commons.net.nntp.Threader.gatherSubjects(Threader.java:319)
	at org.apache.commons.net.nntp.Threader.thread(Threader.java:80)
	at org.apache.commons.net.nntp.Threader.thread(Threader.java:47)
	at [redacted]
&lt;/pre&gt;
&lt;/div&gt;&lt;/div&gt;</comment>
                            <comment id="13970181" author="sebb@apache.org" created="Tue, 15 Apr 2014 23:17:17 +0000">&lt;p&gt;I'm not getting the NPE with your test data.&lt;/p&gt;

&lt;p&gt;It would be a lot easier to test against a real NNTP server - is there a public one which carries this news-group?&lt;/p&gt;

&lt;p&gt;Or if not, can you provide the XOVER response for the messages in question?&lt;/p&gt;</comment>
                            <comment id="13970304" author="clonezone" created="Wed, 16 Apr 2014 01:16:40 +0000">&lt;p&gt;These are not being read via NNTP. These are emails being read from the local filesystem. The threading is being done via the IDs in the References: headers.&lt;/p&gt;</comment>
                            <comment id="13970353" author="sebb@apache.org" created="Wed, 16 Apr 2014 02:15:23 +0000">&lt;p&gt;I realise that, but as already noted I cannot reproduce the NPE with your test data.&lt;/p&gt;

&lt;p&gt;I tried with both the tar.gz attachment and the header-only listing in the comments (BTW, one reference is truncated in the comments).&lt;/p&gt;

&lt;p&gt;Can you provide a complete test case that fails?&lt;/p&gt;

&lt;p&gt;Note that the class was originally designed for use with NNTP, in particular XOVER responses.&lt;br/&gt;
It would be useful to know if these responses can trigger the bug, or if the response is adjusted to remove any missing threads so the problem does not occur.&lt;/p&gt;</comment>
                            <comment id="14229309" author="sebb@apache.org" created="Mon, 1 Dec 2014 00:40:54 +0000">&lt;p&gt;If you can provide a test case that reproduces the error, please attach it an reopen.&lt;/p&gt;</comment>
                    </comments>
                    <attachments>
                            <attachment id="12638534" name="messages-referencing-CANh-dXkxpwcgnCYP_tfvH0yXb6__mKbZfbcNoPeyUNZ_arv1SA@mail.gmail.com.tar.gz" size="35026" author="clonezone" created="Thu, 3 Apr 2014 18:23:47 +0000" />
                            <attachment id="12638533" name="threader-3.3-debug.patch" size="4375" author="clonezone" created="Thu, 3 Apr 2014 18:23:47 +0000" />
                            <attachment id="12638495" name="threader.patch" size="1607" author="clonezone" created="Thu, 3 Apr 2014 15:30:24 +0000" />
                    </attachments>
                <subtasks>
                    </subtasks>
                <customfields>
                                                                                                                                                                                                                                                                                                                                                                                                                                                                                                                                                                                                                                                                                                                    <customfield id="customfield_12314020" key="com.atlassian.jira.plugins.jira-development-integration-plugin:devsummary">
                        <customfieldname>Development</customfieldname>
                        <customfieldvalues>
                            
                        </customfieldvalues>
                    </customfield>
                                                                                                                        <customfield id="customfield_12313422" key="com.atlassian.jirafisheyeplugin:jobcheckbox">
                        <customfieldname>Enable Automatic Patch Review</customfieldname>
                        <customfieldvalues>
                            <customfieldvalue>false</customfieldvalue>

                        </customfieldvalues>
                    </customfield>
                                                                                                                                                                                                                                                                                                                                                                                                                                                                                                                                                                                                                                                <customfield id="customfield_12310420" key="com.pyxis.greenhopper.jira:gh-global-rank">
                        <customfieldname>Global Rank</customfieldname>
                        <customfieldvalues>
                            <customfieldvalue>384766</customfieldvalue>
                        </customfieldvalues>
                    </customfield>
                                                                                                                                                                                                                                                                                                                                                                                                                                                                        <customfield id="customfield_12311820" key="com.pyxis.greenhopper.jira:gh-lexo-rank">
                        <customfieldname>Rank</customfieldname>
                        <customfieldvalues>
                            <customfieldvalue>0|i1uaav:</customfieldvalue>

                        </customfieldvalues>
                    </customfield>
                                                                <customfield id="customfield_12310920" key="com.pyxis.greenhopper.jira:gh-global-rank">
                        <customfieldname>Rank (Obsolete)</customfieldname>
                        <customfieldvalues>
                            <customfieldvalue>385033</customfieldvalue>
                        </customfieldvalues>
                    </customfield>
                                                                                                                                                                                                                                                                                                                                                                                                                                                                                                                                                                                                                                                                                                                                                                                            </customfields>
    </item>


</channel>
</rss>