<rss version="0.92">
    <channel>
        <title>ASF JIRA</title>
        <link>https://issues.apache.org/jira/issues/?jql=project+%3D+NET+AND+type+%3D+bug+and+%28status+%3D+RESOLVED+or+status+%3D+closed%29</link>
        <description>An XML representation of a search request</description>
                <language>en-uk</language>
                        <issue start="0" end="464" total="464" />
                <build-info>
            <version>8.20.7</version>
            <build-number>820007</build-number>
            <build-date>16-03-2022</build-date>
        </build-info>

<item>
            <title>[NET-160] FTP Client API Hangs - Attached Scenario.</title>
                <link>https://issues.apache.org/jira/browse/NET-160</link>
                <project id="12310487" key="NET">Commons Net</project>
                    <description>&lt;p&gt;FTP client hangs with the following error.   Here is the truss output. The client hangs indefinitely and no work is being done other than this error when you truss the process.  I use Java 1.5 to run this.  We wrote a long-running ftp daemon and this happens after 20-23 hours of continuous running.&lt;/p&gt;

&lt;p&gt;Here is the code to pull files from the ftp server. This one lists files that are received after this particular "incal" time (currently it lists but the intention is to implement an incremental download).  We initially thought doing periodic noop would keep the client alive by sending dummy commands to the server. But we found this probelm still occurs.&lt;/p&gt;

&lt;p&gt;public void ListIncrementalFiles (String directory, Calendar incal)&lt;br/&gt;
	{&lt;br/&gt;
		try &lt;br/&gt;
		{&lt;br/&gt;
			FTPFile[] files = listFiles(directory);&lt;/p&gt;

&lt;p&gt;			int total_files = 0;&lt;/p&gt;

&lt;p&gt;			System.out.println("FileName\tFileSize\t\tDate Time Stamp");&lt;br/&gt;
			for (int i = 0; i &amp;lt; files.length; i++)&lt;br/&gt;
			{&lt;/p&gt;

&lt;p&gt;					FTPFile file = files&lt;span class="error"&gt;&amp;#91;i&amp;#93;&lt;/span&gt;;&lt;br/&gt;
					if ((i % 1000) == 0)&lt;/p&gt;
					{
						System.out.println("noop occurred at this instance---&amp;gt; " + i + "\n");
						noop();
					}

&lt;p&gt;					if (file.isFile())&lt;br/&gt;
					{&lt;br/&gt;
						Calendar c = file.getTimestamp();&lt;/p&gt;

&lt;p&gt;						if (c.after(incal) || c.equals(incal))&lt;/p&gt;
						{
								
								System.out.println(file.getName() + "\t" + file.getSize() + "\t\t" + c.getTime());
								total_files++;
						}
&lt;p&gt;					 }&lt;/p&gt;


&lt;p&gt;			}&lt;br/&gt;
			System.out.println("Total Files in the listing ----&amp;gt; " + total_files);&lt;br/&gt;
		} &lt;br/&gt;
		catch (Exception e)&lt;/p&gt;
		{
			System.out.println("FTP Getfiles exception occured");
			e.printStackTrace();
		}

&lt;p&gt;	}&lt;/p&gt;

&lt;p&gt;--------------------------------------------------------------------------------------------------------------------------------&lt;del&gt;Truss output begins&lt;/del&gt;-------------------------------------------------------&lt;br/&gt;
/14:	pollsys(0x00000000, 0, 0xB3F7FC10, 0x00000000)	= 0&lt;br/&gt;
/14:	pollsys(0x00000000, 0, 0xB3F7FC10, 0x00000000)	= 0&lt;br/&gt;
/14:	pollsys(0x00000000, 0, 0xB3F7FC10, 0x00000000)	= 0&lt;br/&gt;
/14:	pollsys(0x00000000, 0, 0xB3F7FC10, 0x00000000)	= 0&lt;br/&gt;
/14:	pollsys(0x00000000, 0, 0xB3F7FC10, 0x00000000)	= 0&lt;br/&gt;
/14:	pollsys(0x00000000, 0, 0xB3F7FC10, 0x00000000)	= 0&lt;br/&gt;
/14:	pollsys(0x00000000, 0, 0xB3F7FC10, 0x00000000)	= 0&lt;br/&gt;
/14:	pollsys(0x00000000, 0, 0xB3F7FC10, 0x00000000)	= 0&lt;br/&gt;
/6:	lwp_cond_wait(0x00035F08, 0x00035EF0, 0xB477FBE0, 0) Err#62 ETIME&lt;br/&gt;
/14:	pollsys(0x00000000, 0, 0xB3F7FC10, 0x00000000)	= 0&lt;br/&gt;
/14:	pollsys(0x00000000, 0, 0xB3F7FC10, 0x00000000)	= 0&lt;br/&gt;
/14:	pollsys(0x00000000, 0, 0xB3F7FC10, 0x00000000)	= 0&lt;br/&gt;
/14:	pollsys(0x00000000, 0, 0xB3F7FC10, 0x00000000)	= 0&lt;br/&gt;
/14:	pollsys(0x00000000, 0, 0xB3F7FC10, 0x00000000)	= 0&lt;br/&gt;
/14:	pollsys(0x00000000, 0, 0xB3F7FC10, 0x00000000)	= 0&lt;br/&gt;
/14:	pollsys(0x00000000, 0, 0xB3F7FC10, 0x00000000)	= 0&lt;br/&gt;
/14:	pollsys(0x00000000, 0, 0xB3F7FC10, 0x00000000)	= 0&lt;br/&gt;
/14:	pollsys(0x00000000, 0, 0xB3F7FC10, 0x00000000)	= 0&lt;br/&gt;
/9:	lwp_park(0x00000000, 0)		(sleeping...)&lt;br/&gt;
/3:	lwp_cond_wait(0x000B77C0, 0x000B77A8, 0x00000000, 0) (sleeping...)&lt;br/&gt;
/8:	lwp_cond_wait(0x0014A908, 0x0014A8F0, 0x00000000, 0) (sleeping...)&lt;br/&gt;
/10:	lwp_cond_wait(0x000366E8, 0x000366D0, 0x00000000, 0) (sleeping...)&lt;br/&gt;
/1:	pollsys(0x00000000, 0, 0xFFBFEB60, 0x00000000) (sleeping...)&lt;br/&gt;
/11:	lwp_cond_wait(0x00036778, 0x00036760, 0x00000000, 0) (sleeping...)&lt;br/&gt;
/4:	lwp_cond_wait(0x000B77C0, 0x000B77A8, 0x00000000, 0) (sleeping...)&lt;br/&gt;
/12:	lwp_cond_wait(0x00036778, 0x00036760, 0x00000000, 0) (sleeping...)&lt;br/&gt;
/2:	lwp_cond_wait(0x000B77C0, 0x000B77A8, 0x00000000, 0) (sleeping...)&lt;br/&gt;
/7:	lwp_cond_wait(0x00149F98, 0x00149F80, 0x00000000, 0) (sleeping...)&lt;br/&gt;
/5:	lwp_cond_wait(0x000B77C0, 0x000B77A8, 0x00000000, 0) (sleeping...)&lt;br/&gt;
/13:	lwp_cond_wait(0x00034958, 0x00034940, 0x00000000, 0) (sleeping...)&lt;br/&gt;
/14:	pollsys(0x00000000, 0, 0xB3F7FC10, 0x00000000)	= 0&lt;br/&gt;
/14:	pollsys(0x00000000, 0, 0xB3F7FC10, 0x00000000)	= 0&lt;br/&gt;
/14:	pollsys(0x00000000, 0, 0xB3F7FC10, 0x00000000)	= 0&lt;br/&gt;
/14:	pollsys(0x00000000, 0, 0xB3F7FC10, 0x00000000)	= 0&lt;br/&gt;
/14:	pollsys(0x00000000, 0, 0xB3F7FC10, 0x00000000)	= 0&lt;br/&gt;
/14:	pollsys(0x00000000, 0, 0xB3F7FC10, 0x00000000)	= 0&lt;br/&gt;
/14:	pollsys(0x00000000, 0, 0xB3F7FC10, 0x00000000)	= 0&lt;br/&gt;
/14:	pollsys(0x00000000, 0, 0xB3F7FC10, 0x00000000)	= 0&lt;br/&gt;
/6:	lwp_cond_wait(0x00035F08, 0x00035EF0, 0xB477FBE0, 0) Err#62 ETIME&lt;br/&gt;
/14:	pollsys(0x00000000, 0, 0xB3F7FC10, 0x00000000)	= 0&lt;br/&gt;
/14:	pollsys(0x00000000, 0, 0xB3F7FC10, 0x00000000)	= 0&lt;br/&gt;
/14:	pollsys(0x00000000, 0, 0xB3F7FC10, 0x00000000)	= 0&lt;br/&gt;
/14:	pollsys(0x00000000, 0, 0xB3F7FC10, 0x00000000)	= 0&lt;br/&gt;
/14:	pollsys(0x00000000, 0, 0xB3F7FC10, 0x00000000)	= 0&lt;br/&gt;
/14:	pollsys(0x00000000, 0, 0xB3F7FC10, 0x00000000)	= 0&lt;br/&gt;
/14:	pollsys(0x00000000, 0, 0xB3F7FC10, 0x00000000)	= 0&lt;br/&gt;
/14:	pollsys(0x00000000, 0, 0xB3F7FC10, 0x00000000)	= 0&lt;br/&gt;
/14:	pollsys(0x00000000, 0, 0xB3F7FC10, 0x00000000)	= 0&lt;br/&gt;
/14:	pollsys(0x00000000, 0, 0xB3F7FC10, 0x00000000)	= 0&lt;br/&gt;
/14:	pollsys(0x00000000, 0, 0xB3F7FC10, 0x00000000)	= 0&lt;br/&gt;
/14:	pollsys(0x00000000, 0, 0xB3F7FC10, 0x00000000)	= 0&lt;br/&gt;
/14:	pollsys(0x00000000, 0, 0xB3F7FC10, 0x00000000)	= 0&lt;br/&gt;
/14:	pollsys(0x00000000, 0, 0xB3F7FC10, 0x00000000)	= 0&lt;br/&gt;
/14:	pollsys(0x00000000, 0, 0xB3F7FC10, 0x00000000)	= 0&lt;br/&gt;
/14:	pollsys(0x00000000, 0, 0xB3F7FC10, 0x00000000)	= 0&lt;br/&gt;
/14:	pollsys(0x00000000, 0, 0xB3F7FC10, 0x00000000)	= 0&lt;br/&gt;
/6:	lwp_cond_wait(0x00035F08, 0x00035EF0, 0xB477FBE0, 0) Err#62 ETIME&lt;br/&gt;
/14:	pollsys(0x00000000, 0, 0xB3F7FC10, 0x00000000)	= 0&lt;br/&gt;
/14:	pollsys(0x00000000, 0, 0xB3F7FC10, 0x00000000)	= 0&lt;br/&gt;
/14:	pollsys(0x00000000, 0, 0xB3F7FC10, 0x00000000)	= 0&lt;br/&gt;
/14:	pollsys(0x00000000, 0, 0xB3F7FC10, 0x00000000)	= 0&lt;br/&gt;
/14:	pollsys(0x00000000, 0, 0xB3F7FC10, 0x00000000)	= 0&lt;br/&gt;
/14:	pollsys(0x00000000, 0, 0xB3F7FC10, 0x00000000)	= 0&lt;br/&gt;
/14:	pollsys(0x00000000, 0, 0xB3F7FC10, 0x00000000)	= 0&lt;br/&gt;
/14:	pollsys(0x00000000, 0, 0xB3F7FC10, 0x00000000)	= 0&lt;br/&gt;
/14:	pollsys(0x00000000, 0, 0xB3F7FC10, 0x00000000)	= 0&lt;br/&gt;
/14:	pollsys(0x00000000, 0, 0xB3F7FC10, 0x00000000)	= 0&lt;br/&gt;
/14:	pollsys(0x00000000, 0, 0xB3F7FC10, 0x00000000)	= 0&lt;br/&gt;
/14:	pollsys(0x00000000, 0, 0xB3F7FC10, 0x00000000)	= 0&lt;br/&gt;
/14:	pollsys(0x00000000, 0, 0xB3F7FC10, 0x00000000)	= 0&lt;br/&gt;
/14:	pollsys(0x00000000, 0, 0xB3F7FC10, 0x00000000)	= 0&lt;br/&gt;
/14:	pollsys(0x00000000, 0, 0xB3F7FC10, 0x00000000)	= 0&lt;br/&gt;
/14:	pollsys(0x00000000, 0, 0xB3F7FC10, 0x00000000)	= 0&lt;br/&gt;
/14:	pollsys(0x00000000, 0, 0xB3F7FC10, 0x00000000)	= 0&lt;br/&gt;
/6:	lwp_cond_wait(0x00035F08, 0x00035EF0, 0xB477FBE0, 0) Err#62 ETIME&lt;br/&gt;
/14:	pollsys(0x00000000, 0, 0xB3F7FC10, 0x00000000)	= 0&lt;br/&gt;
/14:	pollsys(0x00000000, 0, 0xB3F7FC10, 0x00000000)	= 0&lt;br/&gt;
/14:	pollsys(0x00000000, 0, 0xB3F7FC10, 0x00000000)	= 0&lt;br/&gt;
/14:	pollsys(0x00000000, 0, 0xB3F7FC10, 0x00000000)	= 0&lt;br/&gt;
/14:	pollsys(0x00000000, 0, 0xB3F7FC10, 0x00000000)	= 0&lt;br/&gt;
/14:	pollsys(0x00000000, 0, 0xB3F7FC10, 0x00000000)	= 0&lt;br/&gt;
/14:	pollsys(0x00000000, 0, 0xB3F7FC10, 0x00000000)	= 0&lt;br/&gt;
/14:	pollsys(0x00000000, 0, 0xB3F7FC10, 0x00000000)	= 0&lt;br/&gt;
/14:	pollsys(0x00000000, 0, 0xB3F7FC10, 0x00000000)	= 0&lt;br/&gt;
/14:	pollsys(0x00000000, 0, 0xB3F7FC10, 0x00000000)	= 0&lt;br/&gt;
/14:	pollsys(0x00000000, 0, 0xB3F7FC10, 0x00000000)	= 0&lt;br/&gt;
/14:	pollsys(0x00000000, 0, 0xB3F7FC10, 0x00000000)	= 0&lt;br/&gt;
/14:	pollsys(0x00000000, 0, 0xB3F7FC10, 0x00000000)	= 0&lt;br/&gt;
/14:	pollsys(0x00000000, 0, 0xB3F7FC10, 0x00000000)	= 0&lt;br/&gt;
/14:	pollsys(0x00000000, 0, 0xB3F7FC10, 0x00000000)	= 0&lt;br/&gt;
/14:	pollsys(0x00000000, 0, 0xB3F7FC10, 0x00000000)	= 0&lt;br/&gt;
/14:	pollsys(0x00000000, 0, 0xB3F7FC10, 0x00000000)	= 0&lt;br/&gt;
/6:	lwp_cond_wait(0x00035F08, 0x00035EF0, 0xB477FBE0, 0) Err#62 ETIME&lt;br/&gt;
/14:	pollsys(0x00000000, 0, 0xB3F7FC10, 0x00000000)	= 0&lt;br/&gt;
/14:	pollsys(0x00000000, 0, 0xB3F7FC10, 0x00000000)	= 0&lt;br/&gt;
/14:	pollsys(0x00000000, 0, 0xB3F7FC10, 0x00000000)	= 0&lt;br/&gt;
/14:	pollsys(0x00000000, 0, 0xB3F7FC10, 0x00000000)	= 0&lt;br/&gt;
/14:	pollsys(0x00000000, 0, 0xB3F7FC10, 0x00000000)	= 0&lt;br/&gt;
/14:	pollsys(0x00000000, 0, 0xB3F7FC10, 0x00000000)	= 0&lt;br/&gt;
/14:	pollsys(0x00000000, 0, 0xB3F7FC10, 0x00000000)	= 0&lt;br/&gt;
/14:	pollsys(0x00000000, 0, 0xB3F7FC10, 0x00000000)	= 0&lt;br/&gt;
/14:	pollsys(0x00000000, 0, 0xB3F7FC10, 0x00000000)	= 0&lt;br/&gt;
/14:	pollsys(0x00000000, 0, 0xB3F7FC10, 0x00000000)	= 0&lt;br/&gt;
/14:	pollsys(0x00000000, 0, 0xB3F7FC10, 0x00000000)	= 0&lt;br/&gt;
/14:	pollsys(0x00000000, 0, 0xB3F7FC10, 0x00000000)	= 0&lt;br/&gt;
/14:	pollsys(0x00000000, 0, 0xB3F7FC10, 0x00000000)	= 0&lt;br/&gt;
/14:	pollsys(0x00000000, 0, 0xB3F7FC10, 0x00000000)	= 0&lt;br/&gt;
/14:	pollsys(0x00000000, 0, 0xB3F7FC10, 0x00000000)	= 0&lt;br/&gt;
/14:	pollsys(0x00000000, 0, 0xB3F7FC10, 0x00000000)	= 0&lt;br/&gt;
/14:	pollsys(0x00000000, 0, 0xB3F7FC10, 0x00000000)	= 0&lt;br/&gt;
/6:	lwp_cond_wait(0x00035F08, 0x00035EF0, 0xB477FBE0, 0) Err#62 ETIME&lt;br/&gt;
/14:	pollsys(0x00000000, 0, 0xB3F7FC10, 0x00000000)	= 0&lt;br/&gt;
/14:	pollsys(0x00000000, 0, 0xB3F7FC10, 0x00000000)	= 0&lt;br/&gt;
/14:	pollsys(0x00000000, 0, 0xB3F7FC10, 0x00000000)	= 0&lt;br/&gt;
/14:	pollsys(0x00000000, 0, 0xB3F7FC10, 0x00000000)	= 0&lt;br/&gt;
/14:	pollsys(0x00000000, 0, 0xB3F7FC10, 0x00000000)	= 0&lt;br/&gt;
/14:	pollsys(0x00000000, 0, 0xB3F7FC10, 0x00000000)	= 0&lt;br/&gt;
/14:	pollsys(0x00000000, 0, 0xB3F7FC10, 0x00000000)	= 0&lt;br/&gt;
/14:	pollsys(0x00000000, 0, 0xB3F7FC10, 0x00000000)	= 0&lt;br/&gt;
/14:	pollsys(0x00000000, 0, 0xB3F7FC10, 0x00000000)	= 0&lt;br/&gt;
/14:	pollsys(0x00000000, 0, 0xB3F7FC10, 0x00000000)	= 0&lt;br/&gt;
/14:	pollsys(0x00000000, 0, 0xB3F7FC10, 0x00000000)	= 0&lt;br/&gt;
/14:	pollsys(0x00000000, 0, 0xB3F7FC10, 0x00000000)	= 0&lt;br/&gt;
/14:	pollsys(0x00000000, 0, 0xB3F7FC10, 0x00000000)	= 0&lt;br/&gt;
/14:	pollsys(0x00000000, 0, 0xB3F7FC10, 0x00000000)	= 0&lt;br/&gt;
/14:	pollsys(0x00000000, 0, 0xB3F7FC10, 0x00000000)	= 0&lt;br/&gt;
/14:	pollsys(0x00000000, 0, 0xB3F7FC10, 0x00000000)	= 0&lt;br/&gt;
/6:	lwp_cond_wait(0x00035F08, 0x00035EF0, 0xB477FBE0, 0) Err#62 ETIME&lt;br/&gt;
/14:	pollsys(0x00000000, 0, 0xB3F7FC10, 0x00000000)	= 0&lt;br/&gt;
/14:	pollsys(0x00000000, 0, 0xB3F7FC10, 0x00000000)	= 0&lt;br/&gt;
/14:	pollsys(0x00000000, 0, 0xB3F7FC10, 0x00000000)	= 0&lt;br/&gt;
/14:	pollsys(0x00000000, 0, 0xB3F7FC10, 0x00000000)	= 0&lt;br/&gt;
/14:	pollsys(0x00000000, 0, 0xB3F7FC10, 0x00000000)	= 0&lt;br/&gt;
/14:	pollsys(0x00000000, 0, 0xB3F7FC10, 0x00000000)	= 0&lt;br/&gt;
/14:	pollsys(0x00000000, 0, 0xB3F7FC10, 0x00000000)	= 0&lt;br/&gt;
/14:	pollsys(0x00000000, 0, 0xB3F7FC10, 0x00000000)	= 0&lt;br/&gt;
/14:	pollsys(0x00000000, 0, 0xB3F7FC10, 0x00000000)	= 0&lt;br/&gt;
/14:	pollsys(0x00000000, 0, 0xB3F7FC10, 0x00000000)	= 0&lt;br/&gt;
/14:	pollsys(0x00000000, 0, 0xB3F7FC10, 0x00000000)	= 0&lt;br/&gt;
/14:	pollsys(0x00000000, 0, 0xB3F7FC10, 0x00000000)	= 0&lt;br/&gt;
/14:	pollsys(0x00000000, 0, 0xB3F7FC10, 0x00000000)	= 0&lt;br/&gt;
/14:	pollsys(0x00000000, 0, 0xB3F7FC10, 0x00000000)	= 0&lt;br/&gt;
-----------------------------------------------------------------------------------------&lt;del&gt;Truss output ends&lt;/del&gt;------------------------------------------------------------------------------------------&lt;/p&gt;</description>
                <environment>&lt;p&gt;Suse Enterprise Linux 9.0, Intel&lt;/p&gt;</environment>
        <key id="12368933">NET-160</key>
            <summary>FTP Client API Hangs - Attached Scenario.</summary>
                <type id="1" iconUrl="https://issues.apache.org/jira/secure/viewavatar?size=xsmall&amp;avatarId=21133&amp;avatarType=issuetype">Bug</type>
                                            <priority id="3" iconUrl="https://issues.apache.org/jira/images/icons/priorities/major.svg">Major</priority>
                        <status id="6" iconUrl="https://issues.apache.org/jira/images/icons/statuses/closed.png" description="The issue is considered finished, the resolution is correct. Issues which are not closed can be reopened.">Closed</status>
                    <statusCategory id="3" key="done" colorName="green" />
                                    <resolution id="5">Cannot Reproduce</resolution>
                                        <assignee username="-1">Unassigned</assignee>
                                    <reporter username="lvenkataraman">Lvenkataraman</reporter>
                        <labels>
                    </labels>
                <created>Wed, 9 May 2007 15:01:59 +0000</created>
                <updated>Wed, 29 Feb 2012 20:33:50 +0000</updated>
                            <resolved>Mon, 4 Apr 2011 00:46:09 +0000</resolved>
                                    <version>1.4</version>
                                                    <component>FTP</component>
                        <due />
                            <votes>4</votes>
                                    <watches>6</watches>
                                                                <comments>
                            <comment id="12494517" author="rwinston@eircom.net" created="Wed, 9 May 2007 15:56:14 +0000">&lt;p&gt;Hi&lt;/p&gt;

&lt;p&gt;There are known issues where &lt;span class="error"&gt;&amp;#91;net&amp;#93;&lt;/span&gt; 1.4 and previous versions will hang  - can you try it with this version and see if you have the same problem?&lt;/p&gt;

&lt;p&gt;&lt;a href="http://people.apache.org/~rwinston/commons-net-2.0/commons-net-ftp-2.0.0-SNAPSHOT.jar" class="external-link" target="_blank" rel="nofollow noopener"&gt;http://people.apache.org/~rwinston/commons-net-2.0/commons-net-ftp-2.0.0-SNAPSHOT.jar&lt;/a&gt;&lt;/p&gt;</comment>
                            <comment id="12499681" author="lvenkataraman@verizon.net" created="Tue, 29 May 2007 04:34:16 +0000">&lt;p&gt;I will try this tommorow.  I will report back in couple of days as this &lt;br/&gt;
problem occurs after 2-3 days of continuous run.&lt;/p&gt;

&lt;p&gt;Thanks&lt;/p&gt;</comment>
                            <comment id="12499682" author="lvenkataraman@verizon.net" created="Tue, 29 May 2007 04:34:17 +0000" />
                            <comment id="12503250" author="lvenkataraman" created="Mon, 11 Jun 2007 00:14:18 +0000">&lt;p&gt;I tried running this.  The problem still persists.  It is repeatable even after applying commons-net-ftp-2.0.0-SNAPSHOT.jar file.&lt;/p&gt;

&lt;p&gt;I am running with sun JVM 1.5 version.&lt;/p&gt;

&lt;p&gt;Any clue?&lt;/p&gt;</comment>
                            <comment id="12503293" author="rwinston@eircom.net" created="Mon, 11 Jun 2007 06:10:20 +0000">&lt;p&gt;Hi&lt;/p&gt;

&lt;p&gt;Can you attach a thread dump? This would be more useful than truss output if you can get it. &lt;/p&gt;</comment>
                            <comment id="12537502" author="dann" created="Thu, 25 Oct 2007 05:50:57 +0000">&lt;p&gt;Hi,&lt;br/&gt;
I would be interested in revisiting this issue as I appear to have a very similar issue occurring.  The code I am writing is designed to constantly poll a series of ftp servers and download files of interest as they are discovered.  The issue I have been having is that on roughly a 24 hour basis, the process will hang for no apparent reason.  One difference with my issue is that the clients are running on Windows and are connecting to a Microsoft FTP server.  I have listed two separate stack traces for the issue below; as you can see the issue occurs on different calls to FTPClient, but seems to consistently break in the socketAccept method.  It's also worth noting that this was run using 1.4.1 version of the library, however I tried a 2.0 snapshot and it also hung.&lt;/p&gt;

&lt;p&gt;  &lt;span class="error"&gt;&amp;#91;1&amp;#93;&lt;/span&gt; java.net.PlainSocketImpl.socketAccept (native method)&lt;br/&gt;
  &lt;span class="error"&gt;&amp;#91;2&amp;#93;&lt;/span&gt; java.net.PlainSocketImpl.accept (null)&lt;br/&gt;
  &lt;span class="error"&gt;&amp;#91;3&amp;#93;&lt;/span&gt; java.net.ServerSocket.implAccept (null)&lt;br/&gt;
  &lt;span class="error"&gt;&amp;#91;4&amp;#93;&lt;/span&gt; java.net.ServerSocket.accept (null)&lt;br/&gt;
  &lt;span class="error"&gt;&amp;#91;5&amp;#93;&lt;/span&gt; org.apache.commons.net.ftp.FTPClient.&lt;em&gt;openDataConnection&lt;/em&gt; (FTPClient.java:502)&lt;br/&gt;
  &lt;span class="error"&gt;&amp;#91;6&amp;#93;&lt;/span&gt; org.apache.commons.net.ftp.FTPClient.retrieveFile (FTPClient.java:1,285)&lt;/p&gt;

&lt;p&gt;  &lt;span class="error"&gt;&amp;#91;1&amp;#93;&lt;/span&gt; java.net.PlainSocketImpl.socketAccept (native method)&lt;br/&gt;
  &lt;span class="error"&gt;&amp;#91;2&amp;#93;&lt;/span&gt; java.net.PlainSocketImpl.accept (null)&lt;br/&gt;
  &lt;span class="error"&gt;&amp;#91;3&amp;#93;&lt;/span&gt; java.net.ServerSocket.implAccept (null)&lt;br/&gt;
  &lt;span class="error"&gt;&amp;#91;4&amp;#93;&lt;/span&gt; java.net.ServerSocket.accept (null)&lt;br/&gt;
  &lt;span class="error"&gt;&amp;#91;5&amp;#93;&lt;/span&gt; org.apache.commons.net.ftp.FTPClient.&lt;em&gt;openDataConnection&lt;/em&gt; (FTPClient.java:502)&lt;br/&gt;
  &lt;span class="error"&gt;&amp;#91;6&amp;#93;&lt;/span&gt; org.apache.commons.net.ftp.FTPClient.initiateListParsing (FTPClient.java:2,390)&lt;br/&gt;
  &lt;span class="error"&gt;&amp;#91;7&amp;#93;&lt;/span&gt; org.apache.commons.net.ftp.FTPClient.initiateListParsing (FTPClient.java:2,364)&lt;br/&gt;
  &lt;span class="error"&gt;&amp;#91;8&amp;#93;&lt;/span&gt; org.apache.commons.net.ftp.FTPClient.listFiles (FTPClient.java:2,141)&lt;/p&gt;

&lt;p&gt;Thanks in advance for any advice,&lt;br/&gt;
Dan&lt;/p&gt;</comment>
                            <comment id="12554132" author="hchar" created="Sat, 22 Dec 2007 15:34:42 +0000">&lt;p&gt;&amp;gt;The code I am writing is designed to constantly poll a series of ftp servers &lt;br/&gt;
&amp;gt;and download files of interest as they are discovered.&lt;/p&gt;

&lt;p&gt;Do you construct a new instance of FTPClient every time you poll the ftp servers and download files, or do you reuse the same instance ?&lt;/p&gt;</comment>
                            <comment id="12571790" author="davehatesbugs" created="Sat, 23 Feb 2008 22:32:06 +0000">&lt;p&gt;I am seeing this issue now with a fair amount of regularity with 1.4.&lt;br/&gt;
I am attempting to use the same FTP client to download 50K files, one after another, using retrieveFile(string, outputstream).  After about 860 or so files, the client often hangs reading from the socket.  I will experiment with re-creating every 100 files or so, but that adds extra login time as well.&lt;br/&gt;
Removing all the details, the code is simply:&lt;/p&gt;

&lt;p&gt;            ftpClient = new FTPClient();&lt;br/&gt;
            ftpClient.connect(ftpServerName);&lt;br/&gt;
            ftpClient.login(ftpServerLogin, ftpServerPassword);&lt;/p&gt;

&lt;p&gt;            for (int i = 0; i &amp;lt; lstContentPaths.size(); i++) &lt;/p&gt;
{
                    archivePathFile = (String) lstContentPaths.get(i);
                    outputStream = new FileOutputStream(archivePathFile);
                    boolean bResult = ftpClient.retrieveFile(ftpServerDocRootDir + "/" + remotePath, outputStream);
                    outputStream.close();
                    outputStream = null;
             }</comment>
                            <comment id="12571815" author="hchar" created="Sun, 24 Feb 2008 00:44:01 +0000">&lt;p&gt;&amp;gt;I am attempting to use the same FTP client...&lt;/p&gt;

&lt;p&gt;From empirical observation, I recommend NOT using the same FTP client but creating a new instance each time.  So far with a new-instance-each-time strategy I haven't experience one single issue in production.&lt;/p&gt;</comment>
                            <comment id="12571964" author="davehatesbugs" created="Sun, 24 Feb 2008 21:33:38 +0000">&lt;p&gt;	  socketRead0():-1, SocketInputStream.java&lt;br/&gt;
	  read():129, SocketInputStream.java&lt;br/&gt;
	  fill():218, BufferedInputStream.java&lt;br/&gt;
	  read1():256, BufferedInputStream.java&lt;br/&gt;
	  read():313, BufferedInputStream.java&lt;br/&gt;
	  read():111, FilterInputStream.java&lt;br/&gt;
	  read():161, PushbackInputStream.java&lt;br/&gt;
	  read():168, FromNetASCIIInputStream.java&lt;br/&gt;
	  read():134, FromNetASCIIInputStream.java&lt;br/&gt;
	  copyStream():98, Util.java&lt;br/&gt;
	  retrieveFile():1295, FTPClient.java&lt;/p&gt;




&lt;p&gt;I reset the FtpClient every 100 files and only got a little further.  But this type of solution is just a guess and doesn't go to the root cause.  Also, logging in an extra 50K times adds considerarable traffic, and cpu overhead to validate.&lt;/p&gt;

&lt;p&gt;Having done some digging, it would &lt;b&gt;appear&lt;/b&gt; that this is a CRNL vs CR issue.  Searching on Sun's java site also shows some insight into common FTP problems like this.&lt;/p&gt;
</comment>
                            <comment id="12572777" author="davehatesbugs" created="Wed, 27 Feb 2008 03:57:20 +0000">&lt;p&gt;&amp;gt; So far with a new-instance-each-time strategy I haven't experience one single issue in production.&lt;/p&gt;

&lt;p&gt;So you can list files, but not download them all. I would call that a serious production issue.&lt;/p&gt;</comment>
                            <comment id="12572825" author="hchar" created="Wed, 27 Feb 2008 08:32:37 +0000">&lt;p&gt;&amp;gt;So you can list files, but not download them all. &lt;/p&gt;

&lt;p&gt;Not sure how you come to this view.  I have no problem either listing or downloading files in production with the new-instance-each-time strategy.  No issue so far.  Or maybe I am just lucky ?&lt;/p&gt;
</comment>
                            <comment id="12572840" author="rwinston@eircom.net" created="Wed, 27 Feb 2008 09:15:43 +0000">&lt;p&gt;Do you guys see this issue with the pre-release snapshot?&lt;/p&gt;

&lt;p&gt;&lt;a href="http://people.apache.org/~rwinston/commons-net-2.0/commons-net-ftp-2.0.0-SNAPSHOT.jar" class="external-link" target="_blank" rel="nofollow noopener"&gt;http://people.apache.org/~rwinston/commons-net-2.0/commons-net-ftp-2.0.0-SNAPSHOT.jar&lt;/a&gt;&lt;/p&gt;</comment>
                            <comment id="12572862" author="rwinston@eircom.net" created="Wed, 27 Feb 2008 10:44:07 +0000">&lt;p&gt;Sorry guys, i missed the previous comments saying that you had tried the 2.0 snapshot.&lt;/p&gt;
</comment>
                            <comment id="12599841" author="ebchage" created="Mon, 26 May 2008 13:49:17 +0000">&lt;p&gt;Hi.&lt;/p&gt;

&lt;p&gt;Have you tried to set setSoTimeout() with something as workaround?&lt;br/&gt;
Maybe setDataTimeout is better. This must be the response from server timeout, or?&lt;/p&gt;

&lt;p&gt;This values are defult 0. I assume that 0 is forever.&lt;/p&gt;</comment>
                            <comment id="12604644" author="guyr" created="Thu, 12 Jun 2008 21:14:02 +0000">&lt;p&gt;I found this issue because I encountered a problem when the server drops it's interface. We are experiencing this problem in our network. To simulate, I'm running a server in VirtualBox. Once a client initiates a file transfer using ftpCiient.retrieveFile, I disconnect the interface via VirtualBox.&lt;/p&gt;

&lt;p&gt;Regardless of what I setSoTimeout() to, the client hangs forever in this scenario.&lt;/p&gt;

&lt;p&gt;Following Harry's suggestion, I tried setDataTimeout(). That seems to properly detect the loss of the server connection:&lt;/p&gt;

&lt;p&gt;org.apache.commons.net.io.CopyStreamException: IOException caught while copying.&lt;br/&gt;
        at org.apache.commons.net.io.Util.copyStream(Util.java:127)&lt;br/&gt;
        at org.apache.commons.net.ftp.FTPClient.retrieveFile(FTPClient.java:1295&lt;/p&gt;

&lt;p&gt;I'm confused, however, that the loss of the server connection didn't produce some sort of basic socket or IO exception. Obviously, since I killed the server interface, all socket connections to the server have been lost. Just hanging on retrieveFile() forever seems to be blatantly the wrong thing to do. This actually seems like an issue for the basic socket implementation more than it does for the Common Net layer.&lt;/p&gt;</comment>
                            <comment id="12605199" author="thuang" created="Mon, 16 Jun 2008 06:20:00 +0000">&lt;p&gt;I have this same problem when trying to get the file listing from the remote server.  The remote directory contains ~200 files.  I am using the 2.0.0-SNAPSHOT, and the PrintCommandListener dumps the server command as below&lt;/p&gt;

&lt;p&gt;...&lt;br/&gt;
SYST&lt;br/&gt;
215 UNIX Type: L8&lt;br/&gt;
PORT 128,149,132,95,165,106&lt;br/&gt;
200 PORT command successful. Consider using PASV.&lt;br/&gt;
LIST&lt;br/&gt;
150 Here comes the directory listing.&lt;br/&gt;
&amp;lt;&amp;lt; hangs &amp;gt;&amp;gt;&lt;/p&gt;

&lt;p&gt;The remote server is a Linux host and I am running my client on a Linux machine as well.  What is strange about this is the problem only happens when I try running against this particular remote FTP server.  The same client program worked fine when running against my other FTP servers.&lt;/p&gt;

&lt;p&gt;Here is the stacktrace after setting setSoTimeout(30000)&lt;br/&gt;
200 PORT command successful. Consider using PASV.&lt;br/&gt;
LIST&lt;br/&gt;
java.net.SocketTimeoutException: Read timed out&lt;br/&gt;
	at java.net.SocketInputStream.socketRead0(Native Method)&lt;br/&gt;
	at java.net.SocketInputStream.read(SocketInputStream.java:129)&lt;br/&gt;
	at sun.nio.cs.StreamDecoder$CharsetSD.readBytes(StreamDecoder.java:411)&lt;br/&gt;
	at sun.nio.cs.StreamDecoder$CharsetSD.implRead(StreamDecoder.java:453)&lt;br/&gt;
	at sun.nio.cs.StreamDecoder.read(StreamDecoder.java:183)&lt;br/&gt;
	at java.io.InputStreamReader.read(InputStreamReader.java:167)&lt;br/&gt;
	at java.io.BufferedReader.fill(BufferedReader.java:136)&lt;br/&gt;
	at java.io.BufferedReader.readLine(BufferedReader.java:299)&lt;br/&gt;
	at java.io.BufferedReader.readLine(BufferedReader.java:362)&lt;br/&gt;
	at org.apache.commons.net.ftp.FTP.__getReply(FTP.java:294)&lt;br/&gt;
	at org.apache.commons.net.ftp.FTP.sendCommand(FTP.java:490)&lt;br/&gt;
	at org.apache.commons.net.ftp.FTP.sendCommand(FTP.java:534)&lt;br/&gt;
	at org.apache.commons.net.ftp.FTPClient.&lt;em&gt;openDataConnection&lt;/em&gt;(FTPClient.java:476)&lt;br/&gt;
	at org.apache.commons.net.ftp.FTPClient.initiateListParsing(FTPClient.java:2296)&lt;br/&gt;
	at org.apache.commons.net.ftp.FTPClient.initiateListParsing(FTPClient.java:2269)&lt;br/&gt;
	at org.apache.commons.net.ftp.FTPClient.listFiles(FTPClient.java:2046)&lt;br/&gt;
	at org.apache.commons.net.ftp.FTPClient.listFiles(FTPClient.java:2093)&lt;br/&gt;
	at Test.getDataFiles(Test.java:33)&lt;br/&gt;
	at Test.main(Test.java:59)&lt;/p&gt;

</comment>
                            <comment id="12605268" author="sebb@apache.org" created="Mon, 16 Jun 2008 11:54:04 +0000">&lt;p&gt;The message in the log output says:&lt;/p&gt;

&lt;p&gt;200 PORT command successful. Consider using PASV.&lt;/p&gt;

&lt;p&gt;Have you tried testing having called &lt;b&gt;enterLocalPassiveMode()&lt;/b&gt; ?&lt;/p&gt;</comment>
                            <comment id="12656669" author="themusicgod1" created="Mon, 15 Dec 2008 17:33:14 +0000">&lt;p&gt;There may be multiple points where hanging can occur, but it seems like a lot of them share a common characteristic, described somewhat by Guy Rouillier in this thread.&lt;/p&gt;

&lt;p&gt;For some of these hangs it looks like from within copyStream(), the InputStream source is blocking and not being refilled. The fact that it's blocking at at java.net.SocketInputStream.socketRead0(Native Method) is just a symptom of this level's not knowing that the InputStream is not available for reading. It's easy to simulate, too; merely unplug your network cable during a read. A connect() will rightly detect that there's nothing there to connect to, but while read(), 95% of the time seems to block indefinitely, even when setSoTimeout() and other set*Timeout()s are used.&lt;/p&gt;

&lt;p&gt;As far as copyStream() is concerned, You can actually detect when it blocks, but there's a problem with that in that it sometimes blocks and then waits, and then after a short period(ms) source is refilled. One way to get around this in realistic situations is to have another Timeout&amp;#42;&amp;#42;&amp;#42;; this one from within Util itself, or probably better yet, encapsulate Util in a FTPClient specific Util that has this extra bit of baggage for these situations&amp;#42;. It seems to work&amp;#42;&amp;#42;, but only for some aspects of this problem&amp;#42;&amp;#42;&amp;#42;&amp;#42;. It'll at least give you an CopyStreamException, which for critical applications is a lot better than infinite waits on a nonexistent input streams caused by noncritical network error.&lt;/p&gt;

&lt;p&gt;Also notable for Sebb, who suggested using PASV mode:&lt;br/&gt;
Thread &lt;span class="error"&gt;&amp;#91;main&amp;#93;&lt;/span&gt; (Suspended)&lt;br/&gt;
SocketInputStream.socketRead0(FileDescriptor, byte[], int, int, int) line: not available &lt;span class="error"&gt;&amp;#91;native method&amp;#93;&lt;/span&gt;&lt;br/&gt;
SocketInputStream.read(byte[], int, int) line: 129&lt;br/&gt;
StreamDecoder.readBytes() line: 264 &lt;span class="error"&gt;&amp;#91;local variables unavailable&amp;#93;&lt;/span&gt;&lt;br/&gt;
StreamDecoder.implRead(char[], int, int) line: 306&lt;br/&gt;
StreamDecoder.read(char[], int, int) line: 158&lt;br/&gt;
InputStreamReader.read(char[], int, int) line: 167&lt;br/&gt;
BufferedReader.fill() line: 136 &lt;span class="error"&gt;&amp;#91;local variables unavailable&amp;#93;&lt;/span&gt;&lt;br/&gt;
BufferedReader.readLine(boolean) line: 299&lt;br/&gt;
BufferedReader.readLine() line: 362 &lt;span class="error"&gt;&amp;#91;local variables unavailable&amp;#93;&lt;/span&gt;&lt;br/&gt;
FTPClient(FTP).__getReply() line: 294&lt;br/&gt;
FTPClient(FTP).sendCommand(String, String) line: 490&lt;br/&gt;
FTPClient(FTP).sendCommand(int, String) line: 534&lt;br/&gt;
FTPClient(FTP).sendCommand(int) line: 583&lt;br/&gt;
FTPClient(FTP).pasv() line: 882&lt;br/&gt;
FTPClient.&lt;em&gt;openDataConnection&lt;/em&gt;(int, String) line: 497&lt;br/&gt;
FTPClient.retrieveFile(String, OutputStream) line: 1276&lt;br/&gt;
FTPStation.getZile(String, String, int, String, String, int) line: 160&lt;/p&gt;

&lt;p&gt;ie...these hangs can occur &lt;b&gt;going into&lt;/b&gt; PASV mode. Same root cause, I suspect: __getReply() is being called and its result is not being given to it, so it waits. Forever. Instead of at least throwing an Exception.&lt;/p&gt;

&lt;p&gt;To perhaps rephrase(after a weekend to think about it); what seems to be happening, all over the FTPClient code, is any time a read is made to a stream before it is filled ends up being an infinite block. And this can happen. For example, in FTPClient's __getReply(). If a call is made to __getReply() before the server actually replies, __getReply() blocks indefinitely. Even if the server actually does reply a millisecond or so after the indefinite blocking begins.&lt;/p&gt;

&lt;p&gt;&lt;b&gt;edit&lt;/b&gt;: oh I might want to point out that I'm on ubuntu 8.10/sun java 5-6 (u10)/filezilla server/passive mode&lt;/p&gt;

&lt;p&gt;&amp;#42; I'm a fairly new java programmer so maybe this is not optimal.&lt;br/&gt;
&amp;#42;&amp;#42; I'll attatch my updated Util class to this thread.&lt;br/&gt;
&amp;#42;&amp;#42;&amp;#42; Someone pointed out that this is basically making setSoTimeout work. Not sure what to do about this&lt;br/&gt;
&amp;#42;&amp;#42;&amp;#42;&amp;#42; albeit the most common, the actual downloading of files. Uploading/connecting/disconnecting/other not really impacted&lt;/p&gt;
</comment>
                            <comment id="12656672" author="themusicgod1" created="Mon, 15 Dec 2008 17:38:38 +0000">&lt;p&gt;This is the old Util + some code to make sure it does not block indefinitely for no good reason in Util.copyStream(InputStream,OutputStream,int,CopyStreamListener,boolean).  Similar things will have to occur in all other aspects of the code where contact is made with the FTP server OR setSoTimeout() will have to be made to work better OR some other change will have to be made to address this issue in a different way.&lt;/p&gt;</comment>
                            <comment id="12656677" author="themusicgod1" created="Mon, 15 Dec 2008 18:10:49 +0000">&lt;p&gt;I should also make comment that these hangs are much more prevalent when using the source instead of the jar.&lt;/p&gt;</comment>
                            <comment id="12656750" author="themusicgod1" created="Mon, 15 Dec 2008 21:02:31 +0000">&lt;p&gt;&lt;b&gt;Some&lt;/b&gt; of the issues in my case were from two FTP Servers running at the same time by the looks of it--server side issues.  However some of the more root issues are still valid;  if there's no server response by the time certain things ( __reply() ) are executed, they still block indefinitely, although setSoTimeout seems to work better in my case for these things now.&lt;/p&gt;</comment>
                            <comment id="12660086" author="themusicgod1" created="Wed, 31 Dec 2008 15:39:19 +0000">&lt;p&gt;This is the second half of what I changed to make things work.  I'm not 100% entirely sure that this follows the letter of the API, since a process may block for reasons unrelated to the problems discussed in this thread(and in doing so will trigger this modified __getReply() function to throw an exception)---but the exception is easily caught and it &lt;b&gt;does&lt;/b&gt; throw an exception when otherwise unrecoverable problems do occur.  At the cost of a tighter coupling between clients and class FTP, class FTP becomes more robust.&lt;/p&gt;</comment>
                            <comment id="12771944" author="sddoubt" created="Fri, 30 Oct 2009 13:46:35 +0000">&lt;p&gt;I am using commons-net 1.1 and am facing an issue similar to the one mentioned in this thread.&lt;/p&gt;

&lt;p&gt;Trace:&lt;/p&gt;

&lt;p&gt;java.net.SocketTimeoutException: Read timed out&lt;br/&gt;
	at java.net.SocketInputStream.socketRead0(Native Method)&lt;br/&gt;
	at java.net.SocketInputStream.read(SocketInputStream.java(Compiled Code))&lt;br/&gt;
	at java.net.SocketInputStream.read(SocketInputStream.java(Compiled Code))&lt;br/&gt;
	at sun.nio.cs.StreamDecoder$ConverterSD.implRead(StreamDecoder.java(Compiled Code))&lt;br/&gt;
	at sun.nio.cs.StreamDecoder.read(StreamDecoder.java(Compiled Code))&lt;br/&gt;
	at java.io.InputStreamReader.read(InputStreamReader.java(Compiled Code))&lt;br/&gt;
	at java.io.BufferedReader.fill(BufferedReader.java(Compiled Code))&lt;br/&gt;
	at java.io.BufferedReader.readLine(BufferedReader.java(Compiled Code))&lt;br/&gt;
	at java.io.BufferedReader.readLine(BufferedReader.java(Inlined Compiled Code))&lt;br/&gt;
	at org.apache.commons.net.ftp.DefaultFTPFileListParser.parseFileList(DefaultFTPFileListParser.java(Compiled Code))&lt;br/&gt;
	at org.apache.commons.net.ftp.FTPClient.listFiles(FTPClient.java(Compiled Code))&lt;br/&gt;
	at org.apache.commons.net.ftp.FTPClient.listFiles(FTPClient.java(Inlined Compiled Code))&lt;br/&gt;
	at org.apache.commons.net.ftp.FTPClient.listFiles(FTPClient.java(Inlined Compiled Code))&lt;/p&gt;

&lt;p&gt;during listFiles method call.&lt;/p&gt;

&lt;p&gt;I want to know if this bug may be related to the one discussed in this thread.&lt;br/&gt;
Has been fixed in any later version.&lt;br/&gt;
Also, if not what workaround can be used to avoid this issue?&lt;/p&gt;

&lt;p&gt;Thanks for ur help on this.&lt;/p&gt;</comment>
                            <comment id="13015253" author="sebb@apache.org" created="Mon, 4 Apr 2011 00:46:09 +0000">&lt;p&gt;If this still occurs on 2.2 or later, please re-open&lt;/p&gt;</comment>
                            <comment id="13016614" author="srotblatt" created="Wed, 6 Apr 2011 23:48:53 +0000">&lt;p&gt;I am using Java 1.6 and commons.net 2.2 and I am also seeing this issue.  I get a CopyStreamException when I am attempting to retrieve the contents of a file on an FTP server.  It doesn't always happen.  &lt;/p&gt;

&lt;p&gt;	at org.apache.commons.net.io.Util.copyStream(Util.java:129)&lt;br/&gt;
	at org.apache.commons.net.ftp.FTPClient.retrieveFile(FTPClient.java:1452)&lt;/p&gt;

&lt;p&gt;Both the client code and the ftp server on running on Linux.  If there are any work-arounds, please let me know.&lt;/p&gt;</comment>
                            <comment id="13016636" author="sebb@apache.org" created="Thu, 7 Apr 2011 00:56:40 +0000">&lt;p&gt;What is the &lt;b&gt;exact&lt;/b&gt; exception message?&lt;br/&gt;
What is the server software?&lt;/p&gt;</comment>
                            <comment id="13017162" author="srotblatt" created="Thu, 7 Apr 2011 21:39:00 +0000">&lt;p&gt;In our case the FTP Server is Vsftpd version 2.0.5. running on Redhat 5.2.  The client is running JDK 1.5 on Linux.  I am calling the retrieveFile method when I get the CopyStreamException.  I am going to add more debug statements to my code to see if I can get more details on the exception that is occurring other than the CopystreamException that is occurring in the Util class.&lt;/p&gt;</comment>
                            <comment id="13017165" author="sebb@apache.org" created="Thu, 7 Apr 2011 21:41:18 +0000">&lt;p&gt;What is the &lt;b&gt;exact&lt;/b&gt; exception message?&lt;/p&gt;</comment>
                            <comment id="13018618" author="sebb@apache.org" created="Mon, 11 Apr 2011 22:59:00 +0000">&lt;p&gt;Without the exact error message it is impossible to proceed.&lt;/p&gt;</comment>
                            <comment id="13022934" author="srotblatt" created="Thu, 21 Apr 2011 21:51:37 +0000">&lt;p&gt;I am still waiting to get the log file from the customer that should have the full stack trace in it.&lt;/p&gt;</comment>
                            <comment id="13028112" author="thomasvst" created="Tue, 3 May 2011 08:58:33 +0000">&lt;p&gt;I'm facing the same problem with version 2.2. &lt;br/&gt;
What information do you need to help solving the problem ? &lt;/p&gt;</comment>
                            <comment id="13028140" author="sebb@apache.org" created="Tue, 3 May 2011 10:21:19 +0000">&lt;p&gt;Best would be a test case that exhibits the problem.&lt;/p&gt;

&lt;p&gt;Also client and server logs, including full stack traces where appropriate.&lt;/p&gt;

&lt;p&gt;Thread dump of the Net application when it hangs.&lt;/p&gt;

&lt;p&gt;Details of client and server software (Net and Java versions, ftp server version and OS).&lt;/p&gt;</comment>
                            <comment id="13029869" author="sebb@apache.org" created="Fri, 6 May 2011 09:56:42 +0000">&lt;p&gt;Note that you can use the FTPClient.setDataTimeout(int timeout) method to protect against servers that stall.&lt;/p&gt;</comment>
                            <comment id="13030699" author="thomasvst" created="Mon, 9 May 2011 12:10:22 +0000">&lt;p&gt;Indeed, setDataTimeout(int timeout) seems to fix the problem. &lt;/p&gt;</comment>
                            <comment id="13030829" author="sebb@apache.org" created="Mon, 9 May 2011 17:42:13 +0000">&lt;p&gt;OK, thanks for letting us know.&lt;/p&gt;</comment>
                    </comments>
                    <attachments>
                            <attachment id="12396106" name="Util.java" size="15964" author="themusicgod1" created="Mon, 15 Dec 2008 17:38:38 +0000" />
                            <attachment id="12396970" name="__getReply" size="3261" author="themusicgod1" created="Wed, 31 Dec 2008 15:39:18 +0000" />
                    </attachments>
                <subtasks>
                    </subtasks>
                <customfields>
                                                                                                                                                                                                                                                                                                                                                                                                                                                                                                                                                                                                                                                                                                                    <customfield id="customfield_12314020" key="com.atlassian.jira.plugins.jira-development-integration-plugin:devsummary">
                        <customfieldname>Development</customfieldname>
                        <customfieldvalues>
                            
                        </customfieldvalues>
                    </customfield>
                                                                                                                        <customfield id="customfield_12313422" key="com.atlassian.jirafisheyeplugin:jobcheckbox">
                        <customfieldname>Enable Automatic Patch Review</customfieldname>
                        <customfieldvalues>
                            <customfieldvalue>false</customfieldvalue>

                        </customfieldvalues>
                    </customfield>
                                                                                                                                                                                                                                                                                                                                                                                                                                                                                                                                                                                                                                                <customfield id="customfield_12310420" key="com.pyxis.greenhopper.jira:gh-global-rank">
                        <customfieldname>Global Rank</customfieldname>
                        <customfieldvalues>
                            <customfieldvalue>154495</customfieldvalue>
                        </customfieldvalues>
                    </customfield>
                                                                                                                                                                                                                                                                                                                                                                                                                                                                        <customfield id="customfield_12311820" key="com.pyxis.greenhopper.jira:gh-lexo-rank">
                        <customfieldname>Rank</customfieldname>
                        <customfieldvalues>
                            <customfieldvalue>0|i0yccn:</customfieldvalue>

                        </customfieldvalues>
                    </customfield>
                                                                <customfield id="customfield_12310920" key="com.pyxis.greenhopper.jira:gh-global-rank">
                        <customfieldname>Rank (Obsolete)</customfieldname>
                        <customfieldvalues>
                            <customfieldvalue>198470</customfieldvalue>
                        </customfieldvalues>
                    </customfield>
                                                                                                                                                                                                                                                                                                                                                                                                                                                                                                                                                                                                                                                                                                                                                                                            </customfields>
    </item>


</channel>
</rss>