<rss version="0.92">
    <channel>
        <title>ASF JIRA</title>
        <link>https://issues.apache.org/jira/issues/?jql=project+%3D+NET+AND+type+%3D+bug+and+%28status+%3D+RESOLVED+or+status+%3D+closed%29</link>
        <description>An XML representation of a search request</description>
                <language>en-uk</language>
                        <issue start="0" end="464" total="464" />
                <build-info>
            <version>8.20.7</version>
            <build-number>820007</build-number>
            <build-date>16-03-2022</build-date>
        </build-info>

<item>
            <title>[NET-325] FTPSClient does not support pure-ftpd - data connection issues</title>
                <link>https://issues.apache.org/jira/browse/NET-325</link>
                <project id="12310487" key="NET">Commons Net</project>
                    <description>&lt;p&gt;I do not dare attempt to declare who is right or not.  However given the popularity of pure-ftpd, FTPSClient should support it.&lt;/p&gt;

&lt;p&gt;It seems pure-ftpd expects the SSL handshake before sending the 150 reply to command (e.g., LIST).&lt;/p&gt;

&lt;p&gt;So it seems that it expects:&lt;/p&gt;

&lt;p&gt;&amp;gt; PASV | PORT&lt;br/&gt;
&amp;lt; 227 etc.&lt;br/&gt;
&amp;gt; LIST&lt;br/&gt;
&amp;gt; handshake&lt;br/&gt;
&amp;lt; 150&lt;br/&gt;
...&lt;br/&gt;
&amp;lt; 226&lt;/p&gt;

&lt;p&gt;In Commons Net ftp does the following with the expectation that after the connection is accepted that the server will reply with a 150 ... reply.  However, pure-ftpd does not.  It only sends the 150 after the handshake is complete.  It means that the Socket read times out waiting for the 150.&lt;/p&gt;

&lt;p&gt;&amp;gt; PASV | PORT&lt;br/&gt;
&amp;lt; 227&lt;br/&gt;
&amp;gt; LIST&lt;br/&gt;
&amp;lt; 150&lt;br/&gt;
&amp;gt; handshake&lt;br/&gt;
...&lt;br/&gt;
&amp;lt; 226&lt;/p&gt;

&lt;p&gt;I have patched 2.1 (which includes the &lt;a href="https://issues.apache.org/jira/browse/NET-313" title="FTP: EPRT fails + EPRT/EPSV issues" class="issue-link" data-issue-key="NET-313"&gt;&lt;del&gt;NET-313&lt;/del&gt;&lt;/a&gt; changes) to support pure-ftpd.  &lt;/p&gt;</description>
                <environment>&lt;p&gt;Solaris 10, Windows 2003/XP, Linux (variety).  &lt;/p&gt;

&lt;p&gt;pure-ftpd (1.0.29) running on Linux&lt;/p&gt;</environment>
        <key id="12466009">NET-325</key>
            <summary>FTPSClient does not support pure-ftpd - data connection issues</summary>
                <type id="1" iconUrl="https://issues.apache.org/jira/secure/viewavatar?size=xsmall&amp;avatarId=21133&amp;avatarType=issuetype">Bug</type>
                                            <priority id="3" iconUrl="https://issues.apache.org/jira/images/icons/priorities/major.svg">Major</priority>
                        <status id="6" iconUrl="https://issues.apache.org/jira/images/icons/statuses/closed.png" description="The issue is considered finished, the resolution is correct. Issues which are not closed can be reopened.">Closed</status>
                    <statusCategory id="3" key="done" colorName="green" />
                                    <resolution id="5">Cannot Reproduce</resolution>
                                        <assignee username="-1">Unassigned</assignee>
                                    <reporter username="wpoziombka">Wade Poziombka</reporter>
                        <labels>
                    </labels>
                <created>Wed, 2 Jun 2010 22:22:10 +0000</created>
                <updated>Wed, 29 Feb 2012 20:33:49 +0000</updated>
                            <resolved>Wed, 6 Apr 2011 16:10:18 +0000</resolved>
                                    <version>2.0</version>
                                                    <component>FTP</component>
                        <due />
                            <votes>0</votes>
                                    <watches>1</watches>
                                                                <comments>
                            <comment id="12874836" author="wpoziombka" created="Wed, 2 Jun 2010 22:36:06 +0000">&lt;p&gt;Here is the patch file for my changes.  They do include the changes made in &lt;a href="https://issues.apache.org/jira/browse/NET-313" title="FTP: EPRT fails + EPRT/EPSV issues" class="issue-link" data-issue-key="NET-313"&gt;&lt;del&gt;NET-313&lt;/del&gt;&lt;/a&gt;.&lt;/p&gt;

&lt;p&gt;This patch changes the way &lt;em&gt;openDataConnection&lt;/em&gt; works to send the command without waiting for a reply.  Then doing the handshake and finally receiving the preliminary reply .  &lt;/p&gt;

&lt;p&gt;It also allows FTPClient to support extension commands without having to explicitly add them to the FTPCommand.  For example MLSD, MLST etc.  Several methods have been modified and a few new ones added:&lt;/p&gt;

&lt;p&gt;FTP.sendCommanNoWait(String cmd, String arg);&lt;/p&gt;

&lt;p&gt;FTPClient:&lt;br/&gt;
protected Socket &lt;em&gt;openDataConnection&lt;/em&gt;(String command, String arg) throws IOException&lt;br/&gt;
protected void dataConnectionHandshake(final Socket socket) throws IOException&lt;br/&gt;
public int sendCommand(String cmd, String cmdArgs, InputStream input) throws IOException&lt;br/&gt;
public int sendCommand(String cmd, String cmdArgs, OutputStream output) throws IOException&lt;/p&gt;

&lt;p&gt;FTPSClient&lt;br/&gt;
Override of protected void dataConnectionHandshake(final Socket socket) throws IOException&lt;br/&gt;
Remove (delete) override of _openDataConnection(int, String) as not needed in favor of dataConnectionHandshake method which occurs in middle of the data connection process.&lt;/p&gt;

&lt;p&gt;I hope you will give my changes due consideration and include them in 2.1 if possible.  I make every attempt to use libraries such as Apache Commons Net without altering them but could not do so in this case without basically copying the entire code set.&lt;/p&gt;

&lt;p&gt;Please contact me if you have questions of find issue with any of my modifications.&lt;/p&gt;</comment>
                            <comment id="12876320" author="wpoziombka" created="Mon, 7 Jun 2010 17:25:13 +0000">&lt;p&gt;Updated patch... fixed small regression issue with using soTimeout instead of _&lt;em&gt;dataTimeout in the _openDataConnection&lt;/em&gt; method.&lt;/p&gt;</comment>
                            <comment id="13016418" author="sebb@apache.org" created="Wed, 6 Apr 2011 16:10:18 +0000">&lt;p&gt;Current FTPSClient works fine with pure-ftpd in explicit TLS mode.&lt;/p&gt;

&lt;p&gt;Sample command line used:&lt;/p&gt;

&lt;div class="code panel" style="border-width: 1px;"&gt;&lt;div class="codeContent panelContent"&gt;
&lt;pre class="code-java"&gt;java examples.ftp.FTPClientExample -l -p TLS -T valid hostname username password
&lt;/pre&gt;
&lt;/div&gt;&lt;/div&gt;

&lt;p&gt;If this does not work, please re-open with further details&lt;/p&gt;</comment>
                    </comments>
                    <attachments>
                            <attachment id="12446502" name="commons-net-2.1-ftp.patch" size="19524" author="wpoziombka" created="Mon, 7 Jun 2010 17:25:13 +0000" />
                    </attachments>
                <subtasks>
                    </subtasks>
                <customfields>
                                                                                                                                                                                                                                                                                                                                                                                                                                                                                                                                                                                                                                                                                                                    <customfield id="customfield_12314020" key="com.atlassian.jira.plugins.jira-development-integration-plugin:devsummary">
                        <customfieldname>Development</customfieldname>
                        <customfieldvalues>
                            
                        </customfieldvalues>
                    </customfield>
                                                                                                                        <customfield id="customfield_12313422" key="com.atlassian.jirafisheyeplugin:jobcheckbox">
                        <customfieldname>Enable Automatic Patch Review</customfieldname>
                        <customfieldvalues>
                            <customfieldvalue>false</customfieldvalue>

                        </customfieldvalues>
                    </customfield>
                                                                                                                                                                                                                                                                                                                                                                                                                                                                                                                                                                                                                                                <customfield id="customfield_12310420" key="com.pyxis.greenhopper.jira:gh-global-rank">
                        <customfieldname>Global Rank</customfieldname>
                        <customfieldvalues>
                            <customfieldvalue>154615</customfieldvalue>
                        </customfieldvalues>
                    </customfield>
                                                                                                                                                                                                                                                                                                                                                                                                                                                                        <customfield id="customfield_12311820" key="com.pyxis.greenhopper.jira:gh-lexo-rank">
                        <customfieldname>Rank</customfieldname>
                        <customfieldvalues>
                            <customfieldvalue>0|i0yclr:</customfieldvalue>

                        </customfieldvalues>
                    </customfield>
                                                                <customfield id="customfield_12310920" key="com.pyxis.greenhopper.jira:gh-global-rank">
                        <customfieldname>Rank (Obsolete)</customfieldname>
                        <customfieldvalues>
                            <customfieldvalue>198511</customfieldvalue>
                        </customfieldvalues>
                    </customfield>
                                                                                                                                                                                                                                                                                                                                                                                                                                                                                                                                                                                                                                                                                                                                                                                            </customfields>
    </item>


</channel>
</rss>