<rss version="0.92">
    <channel>
        <title>ASF JIRA</title>
        <link>https://issues.apache.org/jira/issues/?jql=project+%3D+NET+AND+type+%3D+bug+and+%28status+%3D+RESOLVED+or+status+%3D+closed%29</link>
        <description>An XML representation of a search request</description>
                <language>en-uk</language>
                        <issue start="0" end="464" total="464" />
                <build-info>
            <version>8.20.7</version>
            <build-number>820007</build-number>
            <build-date>16-03-2022</build-date>
        </build-info>

<item>
            <title>[NET-231] ParserInitializationException for a couple of server types (AS/400 and UNKNOWN Type: L8)</title>
                <link>https://issues.apache.org/jira/browse/NET-231</link>
                <project id="12310487" key="NET">Commons Net</project>
                    <description>&lt;p&gt;Was getting an error when connecting to one of our vendor file servers that was returning "215 UNKNOWN Type: L8" for a SYST command.&lt;/p&gt;

&lt;p&gt;The DefaultFTPFileEntryParserFactory does a toUpperCase on the key, which was then being compared to the constant SYST_L8.&lt;/p&gt;

&lt;p&gt;That constant was "Type: L8", so it could never match.&lt;/p&gt;

&lt;p&gt;Also some systems respond as "AS/400" instead of "OS/400", so added the check for that string.&lt;/p&gt;

&lt;p&gt;Patch below and attached for 1.5, see issue &lt;a href="https://issues.apache.org/jira/browse/NET-320" title="Allow TFTPServer.java to bind to a specific network adapter" class="issue-link" data-issue-key="NET-320"&gt;&lt;del&gt;NET-320&lt;/del&gt;&lt;/a&gt; for patch for 2.0&lt;/p&gt;

&lt;ol&gt;
	&lt;li&gt;This patch file was generated by NetBeans IDE&lt;/li&gt;
	&lt;li&gt;Following Index: paths are relative to: C:\Documents and Settings\robw\My Documents\NetBeansProjects\trunk&lt;/li&gt;
	&lt;li&gt;This patch can be applied using context Tools: Patch action on respective folder.&lt;/li&gt;
	&lt;li&gt;It uses platform neutral UTF-8 encoding and \n newlines.&lt;/li&gt;
	&lt;li&gt;Above lines and this line are ignored by the patching process.&lt;br/&gt;
Index: src/java/org/apache/commons/net/ftp/FTPClientConfig.java
	&lt;ul class="alternate" type="square"&gt;
		&lt;li&gt;
		&lt;ul class="alternate" type="square"&gt;
			&lt;li&gt;src/java/org/apache/commons/net/ftp/FTPClientConfig.java Base (BASE)&lt;br/&gt;
+++ src/java/org/apache/commons/net/ftp/FTPClientConfig.java Locally Modified (Based On LOCAL)&lt;br/&gt;
@@ -171,7 +171,13 @@&lt;br/&gt;
      */&lt;br/&gt;
     public static final String SYST_OS400 = "OS/400";&lt;/li&gt;
		&lt;/ul&gt;
		&lt;/li&gt;
	&lt;/ul&gt;
	&lt;/li&gt;
&lt;/ol&gt;


&lt;p&gt;+&lt;br/&gt;
     /**&lt;br/&gt;
+     * Alternate SYST value for an AS/400 system.&lt;br/&gt;
+     */&lt;br/&gt;
+    public static final String SYST_AS400 = "AS/400";&lt;br/&gt;
+&lt;br/&gt;
+    /**&lt;/p&gt;
&lt;ul&gt;
	&lt;li&gt;Identifier by which an MVS-based ftp server is known throughout&lt;/li&gt;
	&lt;li&gt;the commons-net ftp system.&lt;br/&gt;
      */&lt;br/&gt;
@@ -185,7 +191,7 @@&lt;br/&gt;
      *&lt;/li&gt;
	&lt;li&gt;@since 1.5&lt;br/&gt;
      */&lt;/li&gt;
&lt;/ul&gt;
&lt;ul class="alternate" type="square"&gt;
	&lt;li&gt;public static final String SYST_L8 = "Type: L8";&lt;br/&gt;
+    public static final String SYST_L8 = "TYPE: L8";&lt;/li&gt;
&lt;/ul&gt;


&lt;p&gt;     /**&lt;/p&gt;
&lt;ul&gt;
	&lt;li&gt;Identifier by which an Netware-based ftp server is known throughout&lt;br/&gt;
Index: src/java/org/apache/commons/net/ftp/parser/DefaultFTPFileEntryParserFactory.java
	&lt;ul class="alternate" type="square"&gt;
		&lt;li&gt;
		&lt;ul class="alternate" type="square"&gt;
			&lt;li&gt;src/java/org/apache/commons/net/ftp/parser/DefaultFTPFileEntryParserFactory.java Base (BASE)&lt;br/&gt;
+++ src/java/org/apache/commons/net/ftp/parser/DefaultFTPFileEntryParserFactory.java Locally Modified (Based On LOCAL)&lt;br/&gt;
@@ -109,7 +109,8 @@
                 {
                     parser = createOS2FTPEntryParser();
                 }&lt;/li&gt;
		&lt;/ul&gt;
		&lt;/li&gt;
	&lt;/ul&gt;
	&lt;/li&gt;
&lt;/ul&gt;
&lt;ul class="alternate" type="square"&gt;
	&lt;li&gt;else if (ukey.indexOf(FTPClientConfig.SYST_OS400) &amp;gt;= 0)&lt;br/&gt;
+                else if ((ukey.indexOf(FTPClientConfig.SYST_OS400) &amp;gt;= 0)&lt;br/&gt;
+                    || (ukey.indexOf(FTPClientConfig.SYST_AS400) &amp;gt;= 0))
                 {
                     parser = createOS400FTPEntryParser();
                 }
&lt;p&gt;Index: src/test/org/apache/commons/net/ftp/parser/DefaultFTPFileEntryParserFactoryTest.java&lt;/p&gt;
	&lt;ul class="alternate" type="square"&gt;
		&lt;li&gt;
		&lt;ul class="alternate" type="square"&gt;
			&lt;li&gt;src/test/org/apache/commons/net/ftp/parser/DefaultFTPFileEntryParserFactoryTest.java Base (BASE)&lt;br/&gt;
+++ src/test/org/apache/commons/net/ftp/parser/DefaultFTPFileEntryParserFactoryTest.java Locally Modified (Based On LOCAL)&lt;br/&gt;
@@ -62,6 +62,15 @@&lt;br/&gt;
         parser = factory.createFileEntryParser("OS/400");&lt;br/&gt;
         assertTrue(parser instanceof CompositeFileEntryParser);&lt;/li&gt;
		&lt;/ul&gt;
		&lt;/li&gt;
	&lt;/ul&gt;
	&lt;/li&gt;
&lt;/ul&gt;


&lt;p&gt;+        parser = factory.createFileEntryParser("AS/400");&lt;br/&gt;
+        assertTrue(parser instanceof CompositeFileEntryParser);&lt;br/&gt;
+&lt;br/&gt;
+        // Added test to make sure it handles the Unix systems that were&lt;br/&gt;
+        // compiled with OS as "UNKNOWN". This test validates that the&lt;br/&gt;
+        // check is case-insensitive.&lt;br/&gt;
+        parser = factory.createFileEntryParser("UNKNOWN Type: L8");&lt;br/&gt;
+&lt;br/&gt;
+&lt;br/&gt;
         try {&lt;br/&gt;
             parser = factory.createFileEntryParser("OS2FTPFileEntryParser");&lt;br/&gt;
             fail("Exception should have been thrown. \"OS2FTPFileEntryParser\" is not a recognized key");&lt;/p&gt;</description>
                <environment />
        <key id="12402011">NET-231</key>
            <summary>ParserInitializationException for a couple of server types (AS/400 and UNKNOWN Type: L8)</summary>
                <type id="1" iconUrl="https://issues.apache.org/jira/secure/viewavatar?size=xsmall&amp;avatarId=21133&amp;avatarType=issuetype">Bug</type>
                                            <priority id="4" iconUrl="https://issues.apache.org/jira/images/icons/priorities/minor.svg">Minor</priority>
                        <status id="6" iconUrl="https://issues.apache.org/jira/images/icons/statuses/closed.png" description="The issue is considered finished, the resolution is correct. Issues which are not closed can be reopened.">Closed</status>
                    <statusCategory id="3" key="done" colorName="green" />
                                    <resolution id="1">Fixed</resolution>
                                        <assignee username="-1">Unassigned</assignee>
                                    <reporter username="rob@accuweaver.com">Rob Weaver</reporter>
                        <labels>
                    </labels>
                <created>Fri, 8 Aug 2008 15:41:00 +0000</created>
                <updated>Wed, 29 Feb 2012 20:34:50 +0000</updated>
                            <resolved>Tue, 1 Nov 2011 14:47:13 +0000</resolved>
                                    <version>1.4</version>
                                    <fixVersion>1.5</fixVersion>
                                        <due />
                            <votes>0</votes>
                                    <watches>0</watches>
                                                                <comments>
                            <comment id="12620959" author="rob@accuweaver.com" created="Fri, 8 Aug 2008 15:41:45 +0000">&lt;p&gt;Patch for version 1.5. See &lt;a href="https://issues.apache.org/jira/browse/NET-230" title="ParserInitializationException when connecting to a Unix FTP server" class="issue-link" data-issue-key="NET-230"&gt;&lt;del&gt;NET-230&lt;/del&gt;&lt;/a&gt; for patch for 2.0&lt;/p&gt;</comment>
                            <comment id="12622957" author="sebb@apache.org" created="Fri, 15 Aug 2008 18:17:55 +0000">&lt;p&gt;URL: &lt;a href="http://svn.apache.org/viewvc?rev=686304&amp;amp;view=rev" class="external-link" target="_blank" rel="nofollow noopener"&gt;http://svn.apache.org/viewvc?rev=686304&amp;amp;view=rev&lt;/a&gt;&lt;br/&gt;
Log:&lt;br/&gt;
&lt;a href="https://issues.apache.org/jira/browse/NET-230" title="ParserInitializationException when connecting to a Unix FTP server" class="issue-link" data-issue-key="NET-230"&gt;&lt;del&gt;NET-230&lt;/del&gt;&lt;/a&gt; - ParserInitializationException when connecting to a Unix FTP server: comparison string must be upper case. Also added check for AS/4000 == OS/400&lt;/p&gt;

&lt;p&gt;Thanks for the patch&lt;/p&gt;</comment>
                    </comments>
                    <attachments>
                            <attachment id="12387830" name="type_l8_1.5.patch" size="3037" author="rob@accuweaver.com" created="Fri, 8 Aug 2008 15:41:45 +0000" />
                    </attachments>
                <subtasks>
                    </subtasks>
                <customfields>
                                                                                                                                                                                                                                                                                                                                                                                                                                                                                                                                                                                                                                                                                                                    <customfield id="customfield_12314020" key="com.atlassian.jira.plugins.jira-development-integration-plugin:devsummary">
                        <customfieldname>Development</customfieldname>
                        <customfieldvalues>
                            
                        </customfieldvalues>
                    </customfield>
                                                                                                                        <customfield id="customfield_12313422" key="com.atlassian.jirafisheyeplugin:jobcheckbox">
                        <customfieldname>Enable Automatic Patch Review</customfieldname>
                        <customfieldvalues>
                            <customfieldvalue>false</customfieldvalue>

                        </customfieldvalues>
                    </customfield>
                                                                                                                                                                                                                                                                                                                                                                                                                                                                                                                                                                                                                                                <customfield id="customfield_12310420" key="com.pyxis.greenhopper.jira:gh-global-rank">
                        <customfieldname>Global Rank</customfieldname>
                        <customfieldvalues>
                            <customfieldvalue>71994</customfieldvalue>
                        </customfieldvalues>
                    </customfield>
                                                                                                                                                                                                                                                                                                                                                                                                                                                                        <customfield id="customfield_12311820" key="com.pyxis.greenhopper.jira:gh-lexo-rank">
                        <customfieldname>Rank</customfieldname>
                        <customfieldvalues>
                            <customfieldvalue>0|i0yacv:</customfieldvalue>

                        </customfieldvalues>
                    </customfield>
                                                                <customfield id="customfield_12310920" key="com.pyxis.greenhopper.jira:gh-global-rank">
                        <customfieldname>Rank (Obsolete)</customfieldname>
                        <customfieldvalues>
                            <customfieldvalue>198147</customfieldvalue>
                        </customfieldvalues>
                    </customfield>
                                                                                                                                                                                                                                                                                                                                                                                                                                                                                                                                                                                                                                                                                                                                                                                            </customfields>
    </item>


</channel>
</rss>