<rss version="0.92">
    <channel>
        <title>ASF JIRA</title>
        <link>https://issues.apache.org/jira/issues/?jql=project+%3D+NET+AND+type+%3D+bug+and+%28status+%3D+RESOLVED+or+status+%3D+closed%29</link>
        <description>An XML representation of a search request</description>
                <language>en-uk</language>
                        <issue start="0" end="464" total="464" />
                <build-info>
            <version>8.20.7</version>
            <build-number>820007</build-number>
            <build-date>16-03-2022</build-date>
        </build-info>

<item>
            <title>[NET-224] NullPointerException if in ftp-directory are files with creation date Feb 29 current year (Problem of leap year)</title>
                <link>https://issues.apache.org/jira/browse/NET-224</link>
                <project id="12310487" key="NET">Commons Net</project>
                    <description>&lt;p&gt;1) Ant code:&lt;/p&gt;

&lt;p&gt;        &amp;lt;ftp action="get"&lt;br/&gt;
            server="${ftp.server}"&lt;br/&gt;
            userid="${ftp.user}"&lt;br/&gt;
            password="${ftp.password}"&lt;br/&gt;
            remotedir="${ftp.dir}"&lt;br/&gt;
            verbose="yes"&lt;br/&gt;
            depends="yes"&amp;gt;&lt;br/&gt;
            &amp;lt;fileset dir="${lib}"&amp;gt;&lt;br/&gt;
                &amp;lt;include name="*.jar"/&amp;gt;&lt;br/&gt;
            &amp;lt;/fileset&amp;gt;&lt;br/&gt;
        &amp;lt;/ftp&amp;gt;&lt;/p&gt;

&lt;p&gt;NullPointerException if in ${ftp.dir} are files with creation date Feb 29 current year&lt;/p&gt;

&lt;p&gt;2) Caused:&lt;br/&gt;
   Incorrect parse creation date Feb 29 current year&lt;/p&gt;

&lt;p&gt;For java 1.5/1.6:&lt;br/&gt;
   Example 1:&lt;br/&gt;
        SimpleDateFormat sdf = new SimpleDateFormat("MMM d yy");&lt;br/&gt;
        sdf.setLenient(false);&lt;br/&gt;
        System.out.println("date=" + sdf.parse("Feb 29 12:14"));&lt;/p&gt;

&lt;p&gt;      Result:&lt;br/&gt;
         date=null;&lt;/p&gt;

&lt;p&gt;  If doesn't use command sdf.setLenient(false) then result: date = Sun Mar 01 12:14:00 EET 1970&lt;/p&gt;

&lt;p&gt;For java 1.4:&lt;br/&gt;
    Result  always  "date=Sun Mar 01 12:14:00 EET 1970", because for java 1.4 doesn't throw error NullPointerException&lt;/p&gt;


&lt;p&gt;3) Sources:&lt;/p&gt;

&lt;p&gt;File: commons-net-1.4.1\src\java\org\apache\commons\net\ftp\parser\FTPTimestampParserImpl.java &lt;/p&gt;

&lt;p&gt;Caused  in function (line 225: this.recentDateFormat.setLenient(false);  ): &lt;/p&gt;

&lt;p&gt;	public void configure(FTPClientConfig config) {&lt;br/&gt;
                   ....&lt;/p&gt;

&lt;p&gt;		String recentFormatString = config.getRecentDateFormatStr();&lt;br/&gt;
		if (recentFormatString == null) &lt;/p&gt;
{
		    this.recentDateFormat = null;
		}
&lt;p&gt; else &lt;/p&gt;
{
			this.recentDateFormat = new SimpleDateFormat(recentFormatString, dfs);
			this.recentDateFormat.setLenient(false); 
		}
&lt;p&gt;               ....&lt;br/&gt;
           }&lt;/p&gt;



&lt;p&gt;4) StackTrace:&lt;/p&gt;

&lt;p&gt;java.lang.NullPointerException&lt;br/&gt;
        at org.apache.tools.ant.dispatch.DispatchUtils.execute(DispatchUtils.java:115)&lt;br/&gt;
        at org.apache.tools.ant.Task.perform(Task.java:348)&lt;br/&gt;
        at org.apache.tools.ant.Target.execute(Target.java:357)&lt;br/&gt;
        at org.apache.tools.ant.Target.performTasks(Target.java:385)&lt;br/&gt;
        at org.apache.tools.ant.Project.executeSortedTargets(Project.java:1329)&lt;br/&gt;
        at org.apache.tools.ant.Project.executeTarget(Project.java:1298)&lt;br/&gt;
        at org.apache.tools.ant.helper.DefaultExecutor.executeTargets(DefaultExecutor.java:41)&lt;br/&gt;
        at org.apache.tools.ant.Project.executeTargets(Project.java:1181)&lt;br/&gt;
        at org.apache.tools.ant.Main.runBuild(Main.java:698)&lt;br/&gt;
        at org.apache.tools.ant.Main.startAnt(Main.java:199)&lt;br/&gt;
        at org.apache.tools.ant.launch.Launcher.run(Launcher.java:257)&lt;br/&gt;
        at org.apache.tools.ant.launch.Launcher.main(Launcher.java:104)&lt;br/&gt;
Caused by: java.lang.NullPointerException&lt;br/&gt;
        at org.apache.tools.ant.taskdefs.optional.net.FTP$FTPDirectoryScanner.checkRemoteSensitivity(FTP.java:583)&lt;br/&gt;
        at org.apache.tools.ant.taskdefs.optional.net.FTP$FTPDirectoryScanner.forceRemoteSensitivityCheck(FTP.java:552)&lt;br/&gt;
        at org.apache.tools.ant.taskdefs.optional.net.FTP$FTPDirectoryScanner.scan(FTP.java:231)&lt;br/&gt;
        at org.apache.tools.ant.taskdefs.optional.net.FTP.transferFiles(FTP.java:1570)&lt;br/&gt;
        at org.apache.tools.ant.taskdefs.optional.net.FTP.transferFiles(FTP.java:1683)&lt;br/&gt;
        at org.apache.tools.ant.taskdefs.optional.net.FTP.execute(FTP.java:2373)&lt;br/&gt;
        at org.apache.tools.ant.UnknownElement.execute(UnknownElement.java:288)&lt;br/&gt;
        at sun.reflect.NativeMethodAccessorImpl.invoke0(Native Method)&lt;br/&gt;
        at sun.reflect.NativeMethodAccessorImpl.invoke(NativeMethodAccessorImpl.java:39)&lt;br/&gt;
        at sun.reflect.DelegatingMethodAccessorImpl.invoke(DelegatingMethodAccessorImpl.java:25)&lt;br/&gt;
        at java.lang.reflect.Method.invoke(Method.java:585)&lt;br/&gt;
        at org.apache.tools.ant.dispatch.DispatchUtils.execute(DispatchUtils.java:105)&lt;br/&gt;
        ... 11 more&lt;br/&gt;
&amp;#8212; Nested Exception &amp;#8212;&lt;br/&gt;
java.lang.NullPointerException&lt;br/&gt;
        at org.apache.tools.ant.taskdefs.optional.net.FTP$FTPDirectoryScanner.checkRemoteSensitivity(FTP.java:583)&lt;br/&gt;
        at org.apache.tools.ant.taskdefs.optional.net.FTP$FTPDirectoryScanner.forceRemoteSensitivityCheck(FTP.java:552)&lt;br/&gt;
        at org.apache.tools.ant.taskdefs.optional.net.FTP$FTPDirectoryScanner.scan(FTP.java:231)&lt;br/&gt;
        at org.apache.tools.ant.taskdefs.optional.net.FTP.transferFiles(FTP.java:1570)&lt;br/&gt;
        at org.apache.tools.ant.taskdefs.optional.net.FTP.transferFiles(FTP.java:1683)&lt;br/&gt;
        at org.apache.tools.ant.taskdefs.optional.net.FTP.execute(FTP.java:2373)&lt;br/&gt;
        at org.apache.tools.ant.UnknownElement.execute(UnknownElement.java:288)&lt;br/&gt;
        at sun.reflect.NativeMethodAccessorImpl.invoke0(Native Method)&lt;br/&gt;
        at sun.reflect.NativeMethodAccessorImpl.invoke(NativeMethodAccessorImpl.java:39)&lt;br/&gt;
        at sun.reflect.DelegatingMethodAccessorImpl.invoke(DelegatingMethodAccessorImpl.java:25)&lt;br/&gt;
        at java.lang.reflect.Method.invoke(Method.java:585)&lt;br/&gt;
        at org.apache.tools.ant.dispatch.DispatchUtils.execute(DispatchUtils.java:105)&lt;br/&gt;
        at org.apache.tools.ant.Task.perform(Task.java:348)&lt;br/&gt;
        at org.apache.tools.ant.Target.execute(Target.java:357)&lt;br/&gt;
        at org.apache.tools.ant.Target.performTasks(Target.java:385)&lt;br/&gt;
        at org.apache.tools.ant.Project.executeSortedTargets(Project.java:1329)&lt;br/&gt;
        at org.apache.tools.ant.Project.executeTarget(Project.java:1298)&lt;br/&gt;
        at org.apache.tools.ant.helper.DefaultExecutor.executeTargets(DefaultExecutor.java:41)&lt;br/&gt;
        at org.apache.tools.ant.Project.executeTargets(Project.java:1181)&lt;br/&gt;
        at org.apache.tools.ant.Main.runBuild(Main.java:698)&lt;br/&gt;
        at org.apache.tools.ant.Main.startAnt(Main.java:199)&lt;br/&gt;
        at org.apache.tools.ant.launch.Launcher.run(Launcher.java:257)&lt;br/&gt;
        at org.apache.tools.ant.launch.Launcher.main(Launcher.java:104)&lt;/p&gt;</description>
                <environment>&lt;p&gt;Java 1.5/1.6&lt;/p&gt;</environment>
        <key id="12399076">NET-224</key>
            <summary>NullPointerException if in ftp-directory are files with creation date Feb 29 current year (Problem of leap year)</summary>
                <type id="1" iconUrl="https://issues.apache.org/jira/secure/viewavatar?size=xsmall&amp;avatarId=21133&amp;avatarType=issuetype">Bug</type>
                                            <priority id="3" iconUrl="https://issues.apache.org/jira/images/icons/priorities/major.svg">Major</priority>
                        <status id="6" iconUrl="https://issues.apache.org/jira/images/icons/statuses/closed.png" description="The issue is considered finished, the resolution is correct. Issues which are not closed can be reopened.">Closed</status>
                    <statusCategory id="3" key="done" colorName="green" />
                                    <resolution id="1">Fixed</resolution>
                                        <assignee username="-1">Unassigned</assignee>
                                    <reporter username="alexandr">Alexander</reporter>
                        <labels>
                    </labels>
                <created>Thu, 26 Jun 2008 09:47:29 +0000</created>
                <updated>Mon, 1 Dec 2008 11:02:21 +0000</updated>
                            <resolved>Mon, 1 Dec 2008 11:02:21 +0000</resolved>
                                    <version>1.4</version>
                                    <fixVersion>1.5</fixVersion>
                    <fixVersion>2.0</fixVersion>
                                        <due />
                            <votes>0</votes>
                                    <watches>0</watches>
                                                                <comments>
                            <comment id="12608371" author="niallp" created="Thu, 26 Jun 2008 09:55:33 +0000">&lt;p&gt;This looks like a duplicate of &lt;a href="https://issues.apache.org/jira/browse/NET-188" title="FTPClient#listFiles returns null element when file&amp;#39;s timestamp is &amp;quot;02/29&amp;quot;" class="issue-link" data-issue-key="NET-188"&gt;&lt;del&gt;NET-188&lt;/del&gt;&lt;/a&gt;&lt;/p&gt;</comment>
                            <comment id="12651965" author="rwinston@eircom.net" created="Mon, 1 Dec 2008 11:02:21 +0000">&lt;p&gt;This is really an Ant issue - however the underlying cause was fixed a while back (see the threads on &lt;span class="error"&gt;&amp;#91;net&amp;#93;&lt;/span&gt; leap year parsing).&lt;/p&gt;</comment>
                    </comments>
                <issuelinks>
                            <issuelinktype id="12310000">
                    <name>Duplicate</name>
                                            <outwardlinks description="duplicates">
                                        <issuelink>
            <issuekey id="12389468">NET-188</issuekey>
        </issuelink>
                            </outwardlinks>
                                                        </issuelinktype>
                    </issuelinks>
                <attachments>
                    </attachments>
                <subtasks>
                    </subtasks>
                <customfields>
                                                                                                                                                                                                                                                                                                                                                                                                                                                                                                                                                                                                                                                                                                                    <customfield id="customfield_12314020" key="com.atlassian.jira.plugins.jira-development-integration-plugin:devsummary">
                        <customfieldname>Development</customfieldname>
                        <customfieldvalues>
                            
                        </customfieldvalues>
                    </customfield>
                                                                                                                        <customfield id="customfield_12313422" key="com.atlassian.jirafisheyeplugin:jobcheckbox">
                        <customfieldname>Enable Automatic Patch Review</customfieldname>
                        <customfieldvalues>
                            <customfieldvalue>false</customfieldvalue>

                        </customfieldvalues>
                    </customfield>
                                                                                                                                                                                                                                                                                                                                                                                                                                                                                                                                                                                                                                                <customfield id="customfield_12310420" key="com.pyxis.greenhopper.jira:gh-global-rank">
                        <customfieldname>Global Rank</customfieldname>
                        <customfieldvalues>
                            <customfieldvalue>154547</customfieldvalue>
                        </customfieldvalues>
                    </customfield>
                                                                                                                                                                                                                                                                                                                                                                                                                                                                        <customfield id="customfield_12311820" key="com.pyxis.greenhopper.jira:gh-lexo-rank">
                        <customfieldname>Rank</customfieldname>
                        <customfieldvalues>
                            <customfieldvalue>0|i0y8j3:</customfieldvalue>

                        </customfieldvalues>
                    </customfield>
                                                                <customfield id="customfield_12310920" key="com.pyxis.greenhopper.jira:gh-global-rank">
                        <customfieldname>Rank (Obsolete)</customfieldname>
                        <customfieldvalues>
                            <customfieldvalue>197851</customfieldvalue>
                        </customfieldvalues>
                    </customfield>
                                                                                                                                                                                                                                                                                                                                                                                                                                                                                                                                                                                                                                                                                                                                                                                            </customfields>
    </item>


</channel>
</rss>