<rss version="0.92">
    <channel>
        <title>ASF JIRA</title>
        <link>https://issues.apache.org/jira/issues/?jql=project+%3D+NET+AND+type+%3D+bug+and+%28status+%3D+RESOLVED+or+status+%3D+closed%29</link>
        <description>An XML representation of a search request</description>
                <language>en-uk</language>
                        <issue start="0" end="464" total="464" />
                <build-info>
            <version>8.20.7</version>
            <build-number>820007</build-number>
            <build-date>16-03-2022</build-date>
        </build-info>

<item>
            <title>[NET-300] FTPClient.listFiles() throws NullPointerException if listHiddenFiles is TRUE</title>
                <link>https://issues.apache.org/jira/browse/NET-300</link>
                <project id="12310487" key="NET">Commons Net</project>
                    <description>&lt;p&gt;When listHiddenFiles is TRUE FTPClient.getListArguments() code determines the length of pathname parameter to create the appropriate StringBuffer (FtpClient.java:2319).&lt;br/&gt;
Still pathname may merely be null if I call FTPClient.listFiles() - the one without params&lt;/p&gt;</description>
                <environment />
        <key id="12441370">NET-300</key>
            <summary>FTPClient.listFiles() throws NullPointerException if listHiddenFiles is TRUE</summary>
                <type id="1" iconUrl="https://issues.apache.org/jira/secure/viewavatar?size=xsmall&amp;avatarId=21133&amp;avatarType=issuetype">Bug</type>
                                            <priority id="3" iconUrl="https://issues.apache.org/jira/images/icons/priorities/major.svg">Major</priority>
                        <status id="6" iconUrl="https://issues.apache.org/jira/images/icons/statuses/closed.png" description="The issue is considered finished, the resolution is correct. Issues which are not closed can be reopened.">Closed</status>
                    <statusCategory id="3" key="done" colorName="green" />
                                    <resolution id="1">Fixed</resolution>
                                        <assignee username="-1">Unassigned</assignee>
                                    <reporter username="ksafonov">Kirill Safonov</reporter>
                        <labels>
                    </labels>
                <created>Sat, 21 Nov 2009 16:01:00 +0000</created>
                <updated>Fri, 15 Oct 2010 09:20:43 +0000</updated>
                            <resolved>Mon, 8 Mar 2010 06:15:01 +0000</resolved>
                                    <version>2.0</version>
                                    <fixVersion>2.2</fixVersion>
                                        <due />
                            <votes>0</votes>
                                    <watches>0</watches>
                                                                <comments>
                            <comment id="12781002" author="ksafonov" created="Sat, 21 Nov 2009 16:32:28 +0000">&lt;p&gt;patch attached&lt;/p&gt;</comment>
                            <comment id="12842555" author="rwinston@eircom.net" created="Mon, 8 Mar 2010 06:15:01 +0000">&lt;p&gt;Fixed. Thanks KIrill&lt;/p&gt;</comment>
                    </comments>
                    <attachments>
                            <attachment id="12425727" name="NET-300.patch" size="844" author="ksafonov" created="Sat, 21 Nov 2009 16:32:28 +0000" />
                    </attachments>
                <subtasks>
                    </subtasks>
                <customfields>
                                                                                                                                                                                                                                                                                                                                                                                                                                                                                                                                                                                                                                                                                                                    <customfield id="customfield_12314020" key="com.atlassian.jira.plugins.jira-development-integration-plugin:devsummary">
                        <customfieldname>Development</customfieldname>
                        <customfieldvalues>
                            
                        </customfieldvalues>
                    </customfield>
                                                                                                                        <customfield id="customfield_12313422" key="com.atlassian.jirafisheyeplugin:jobcheckbox">
                        <customfieldname>Enable Automatic Patch Review</customfieldname>
                        <customfieldvalues>
                            <customfieldvalue>false</customfieldvalue>

                        </customfieldvalues>
                    </customfield>
                                                                                                                                                                                                                                                                                                                                                                                                                                                                                                                                                                                                                                                <customfield id="customfield_12310420" key="com.pyxis.greenhopper.jira:gh-global-rank">
                        <customfieldname>Global Rank</customfieldname>
                        <customfieldvalues>
                            <customfieldvalue>154598</customfieldvalue>
                        </customfieldvalues>
                    </customfield>
                                                                                                                                                                                                                                                                                                                                                                                                                                                                        <customfield id="customfield_12311820" key="com.pyxis.greenhopper.jira:gh-lexo-rank">
                        <customfieldname>Rank</customfieldname>
                        <customfieldvalues>
                            <customfieldvalue>0|i0y893:</customfieldvalue>

                        </customfieldvalues>
                    </customfield>
                                                                <customfield id="customfield_12310920" key="com.pyxis.greenhopper.jira:gh-global-rank">
                        <customfieldname>Rank (Obsolete)</customfieldname>
                        <customfieldvalues>
                            <customfieldvalue>197806</customfieldvalue>
                        </customfieldvalues>
                    </customfield>
                                                                                                                                                                                                                                                                                                                                                                                                                                                                                                                                                                                                                                                                                                                                                                                            </customfields>
    </item>


</channel>
</rss>