<rss version="0.92">
    <channel>
        <title>ASF JIRA</title>
        <link>https://issues.apache.org/jira/issues/?jql=project+%3D+NET+AND+type+%3D+bug+and+%28status+%3D+RESOLVED+or+status+%3D+closed%29</link>
        <description>An XML representation of a search request</description>
                <language>en-uk</language>
                        <issue start="0" end="464" total="464" />
                <build-info>
            <version>8.20.7</version>
            <build-number>820007</build-number>
            <build-date>16-03-2022</build-date>
        </build-info>

<item>
            <title>[NET-342] Calling retrieveFileStream(fileName) before listFiles() causes ParserInitializationException</title>
                <link>https://issues.apache.org/jira/browse/NET-342</link>
                <project id="12310487" key="NET">Commons Net</project>
                    <description>&lt;p&gt;When calling FtpClient.retrieveFileStream(fileName) before FtpClient.listFiles() an org.apache.commons.net.ftp.parser.ParserInitializationException is thrown, giving the message: Unknown parser type: &lt;span class="error"&gt;&amp;#91;last console output&amp;#93;&lt;/span&gt;&lt;/p&gt;

&lt;p&gt;Works:&lt;br/&gt;
FTPFile[] ftpFiles = client.listFiles();&lt;br/&gt;
InputStream is = client.retrieveFileStream("./test.txt");&lt;/p&gt;

&lt;p&gt;Works:&lt;br/&gt;
client.pwd();&lt;br/&gt;
FTPFile[] ftpFiles = client.listFiles();&lt;br/&gt;
InputStream is = client.retrieveFileStream("./test.txt");&lt;/p&gt;

&lt;p&gt;Does not work:&lt;br/&gt;
InputStream is = client.retrieveFileStream("./test.txt");&lt;br/&gt;
client.pwd();&lt;br/&gt;
FTPFile[] ftpFiles = client.listFiles();&lt;/p&gt;

&lt;p&gt;Output:&lt;br/&gt;
org.apache.commons.net.ftp.parser.ParserInitializationException: Unknown parser type: "/" is the current directory&lt;/p&gt;</description>
                <environment />
        <key id="12480337">NET-342</key>
            <summary>Calling retrieveFileStream(fileName) before listFiles() causes ParserInitializationException</summary>
                <type id="1" iconUrl="https://issues.apache.org/jira/secure/viewavatar?size=xsmall&amp;avatarId=21133&amp;avatarType=issuetype">Bug</type>
                                            <priority id="3" iconUrl="https://issues.apache.org/jira/images/icons/priorities/major.svg">Major</priority>
                        <status id="6" iconUrl="https://issues.apache.org/jira/images/icons/statuses/closed.png" description="The issue is considered finished, the resolution is correct. Issues which are not closed can be reopened.">Closed</status>
                    <statusCategory id="3" key="done" colorName="green" />
                                    <resolution id="6">Invalid</resolution>
                                        <assignee username="-1">Unassigned</assignee>
                                    <reporter username="crizztlcoder">L K</reporter>
                        <labels>
                    </labels>
                <created>Thu, 18 Nov 2010 14:20:48 +0000</created>
                <updated>Wed, 29 Feb 2012 20:33:49 +0000</updated>
                            <resolved>Sat, 26 Feb 2011 03:17:32 +0000</resolved>
                                    <version>2.0</version>
                                                    <component>FTP</component>
                        <due />
                            <votes>0</votes>
                                    <watches>1</watches>
                                                                <comments>
                            <comment id="12991468" author="bogdro" created="Mon, 7 Feb 2011 16:59:36 +0000">&lt;p&gt;This is the way it should be. You have not read the documentation and you haven't called client.completePendingCommand() after the file transfer. This didn't flush the server replies and messed up the server reply queue in the client.&lt;/p&gt;</comment>
                            <comment id="12999703" author="sebb@apache.org" created="Sat, 26 Feb 2011 03:17:32 +0000">&lt;p&gt;As the comment says, this is to be expected.&lt;/p&gt;</comment>
                    </comments>
                    <attachments>
                    </attachments>
                <subtasks>
                    </subtasks>
                <customfields>
                                                                                                                                                                                                                                                                                                                                                                                                                                                                                                                                                                                                                                                                                                                    <customfield id="customfield_12314020" key="com.atlassian.jira.plugins.jira-development-integration-plugin:devsummary">
                        <customfieldname>Development</customfieldname>
                        <customfieldvalues>
                            
                        </customfieldvalues>
                    </customfield>
                                                                                                                        <customfield id="customfield_12313422" key="com.atlassian.jirafisheyeplugin:jobcheckbox">
                        <customfieldname>Enable Automatic Patch Review</customfieldname>
                        <customfieldvalues>
                            <customfieldvalue>false</customfieldvalue>

                        </customfieldvalues>
                    </customfield>
                                                                                                                                                                                                                                                                                                                                                                                                                                                                                                                                                                                                                                                <customfield id="customfield_12310420" key="com.pyxis.greenhopper.jira:gh-global-rank">
                        <customfieldname>Global Rank</customfieldname>
                        <customfieldvalues>
                            <customfieldvalue>154618</customfieldvalue>
                        </customfieldvalues>
                    </customfield>
                                                                                                                                                                                                                                                                                                                                                                                                                                                                        <customfield id="customfield_12311820" key="com.pyxis.greenhopper.jira:gh-lexo-rank">
                        <customfieldname>Rank</customfieldname>
                        <customfieldvalues>
                            <customfieldvalue>0|i0ybqf:</customfieldvalue>

                        </customfieldvalues>
                    </customfield>
                                                                <customfield id="customfield_12310920" key="com.pyxis.greenhopper.jira:gh-global-rank">
                        <customfieldname>Rank (Obsolete)</customfieldname>
                        <customfieldvalues>
                            <customfieldvalue>198370</customfieldvalue>
                        </customfieldvalues>
                    </customfield>
                                                                                                                                                                                                                                                                                                                                                                                                                                                                                                                                                                                                                                                                                                                                                                                            </customfields>
    </item>


</channel>
</rss>