<rss version="0.92">
    <channel>
        <title>ASF JIRA</title>
        <link>https://issues.apache.org/jira/issues/?jql=project+%3D+NET+AND+type+%3D+bug+and+%28status+%3D+RESOLVED+or+status+%3D+closed%29</link>
        <description>An XML representation of a search request</description>
                <language>en-uk</language>
                        <issue start="0" end="464" total="464" />
                <build-info>
            <version>8.20.7</version>
            <build-number>820007</build-number>
            <build-date>16-03-2022</build-date>
        </build-info>

<item>
            <title>[NET-206] Turkish 'i' problem and ParserInitializationException: Unknown parser type: Windows_NT</title>
                <link>https://issues.apache.org/jira/browse/NET-206</link>
                <project id="12310487" key="NET">Commons Net</project>
                    <description>&lt;p&gt;When default locale of a JVM is set to tr_TR with the UTF-8 encoding the following error is seen when connecting to windows ftp server:&lt;br/&gt;
...&lt;br/&gt;
at org.apache.commons.net.ftp.parser.ParserInitializationException: Unknown parser type: Windows_NT&lt;br/&gt;
at org.apache.commons.net.ftp.parser.DefaultFTPFileEntryParserFactory.createFileEntryParser(DefaultFTPFileEntryParserFactory.java:118)&lt;br/&gt;
at org.apache.commons.net.ftp.FTPClient.initiateListParsing(FTPClient.java:2358)&lt;br/&gt;
at org.apache.commons.net.ftp.FTPClient.listFiles(FTPClient.java:2141)&lt;br/&gt;
at org.apache.commons.net.ftp.FTPClient.listFiles(FTPClient.java:2188)&lt;br/&gt;
...&lt;/p&gt;</description>
                <environment>&lt;p&gt;Linux, JRE1.5&lt;/p&gt;</environment>
        <key id="12391616">NET-206</key>
            <summary>Turkish 'i' problem and ParserInitializationException: Unknown parser type: Windows_NT</summary>
                <type id="1" iconUrl="https://issues.apache.org/jira/secure/viewavatar?size=xsmall&amp;avatarId=21133&amp;avatarType=issuetype">Bug</type>
                                            <priority id="3" iconUrl="https://issues.apache.org/jira/images/icons/priorities/major.svg">Major</priority>
                        <status id="6" iconUrl="https://issues.apache.org/jira/images/icons/statuses/closed.png" description="The issue is considered finished, the resolution is correct. Issues which are not closed can be reopened.">Closed</status>
                    <statusCategory id="3" key="done" colorName="green" />
                                    <resolution id="1">Fixed</resolution>
                                        <assignee username="-1">Unassigned</assignee>
                                    <reporter username="bodik">Bohdan Bobylak</reporter>
                        <labels>
                    </labels>
                <created>Mon, 17 Mar 2008 12:47:24 +0000</created>
                <updated>Fri, 16 May 2008 09:20:43 +0000</updated>
                            <resolved>Fri, 16 May 2008 09:20:43 +0000</resolved>
                                    <version>1.4</version>
                                    <fixVersion>1.5</fixVersion>
                    <fixVersion>2.0</fixVersion>
                                        <due />
                            <votes>0</votes>
                                    <watches>0</watches>
                                                                <comments>
                            <comment id="12579421" author="bodik" created="Mon, 17 Mar 2008 12:51:08 +0000">&lt;p&gt;Patch that fixies the issue.&lt;/p&gt;</comment>
                            <comment id="12579437" author="sebb@apache.org" created="Mon, 17 Mar 2008 13:22:37 +0000">&lt;p&gt;This will also affect the 2.0 code.&lt;/p&gt;

&lt;p&gt;Are there any other Locale-dependent calls which assume an English Locale?  e.g. toLowerCase()&lt;/p&gt;

&lt;p&gt;It looks like String.equalsIgnoreCase() does not use Locales.&lt;/p&gt;</comment>
                            <comment id="12586193" author="sebb@apache.org" created="Sun, 6 Apr 2008 22:38:31 +0000">&lt;p&gt;Patch applied to trunk:&lt;br/&gt;
    &lt;a href="http://svn.apache.org/viewvc?rev=645320&amp;amp;view=rev" class="external-link" target="_blank" rel="nofollow noopener"&gt;http://svn.apache.org/viewvc?rev=645320&amp;amp;view=rev&lt;/a&gt;&lt;br/&gt;
and &lt;br/&gt;
net 2.0 branch:  &lt;br/&gt;
   &lt;a href="http://svn.apache.org/viewvc?rev=645321&amp;amp;view=rev" class="external-link" target="_blank" rel="nofollow noopener"&gt;http://svn.apache.org/viewvc?rev=645321&amp;amp;view=rev&lt;/a&gt;&lt;/p&gt;
</comment>
                    </comments>
                    <attachments>
                            <attachment id="12378032" name="DefaultFTPFileEntryParserFactory.patch" size="720" author="bodik" created="Mon, 17 Mar 2008 12:51:08 +0000" />
                    </attachments>
                <subtasks>
                    </subtasks>
                <customfields>
                                                                                                                                                                                                                                                                                                                                                                                                                                                                                                                                                                                                                                                                                                                    <customfield id="customfield_12314020" key="com.atlassian.jira.plugins.jira-development-integration-plugin:devsummary">
                        <customfieldname>Development</customfieldname>
                        <customfieldvalues>
                            
                        </customfieldvalues>
                    </customfield>
                                                                                                                        <customfield id="customfield_12313422" key="com.atlassian.jirafisheyeplugin:jobcheckbox">
                        <customfieldname>Enable Automatic Patch Review</customfieldname>
                        <customfieldvalues>
                            <customfieldvalue>false</customfieldvalue>

                        </customfieldvalues>
                    </customfield>
                                                                                                                                                                                                                                                                                                                                                                                                                                                                                                                                                                                                                                                <customfield id="customfield_12310420" key="com.pyxis.greenhopper.jira:gh-global-rank">
                        <customfieldname>Global Rank</customfieldname>
                        <customfieldvalues>
                            <customfieldvalue>154535</customfieldvalue>
                        </customfieldvalues>
                    </customfield>
                                                                                                                                                                                                                                                                                                                                                                                                                                                                        <customfield id="customfield_12311820" key="com.pyxis.greenhopper.jira:gh-lexo-rank">
                        <customfieldname>Rank</customfieldname>
                        <customfieldvalues>
                            <customfieldvalue>0|i0y7x3:</customfieldvalue>

                        </customfieldvalues>
                    </customfield>
                                                                <customfield id="customfield_12310920" key="com.pyxis.greenhopper.jira:gh-global-rank">
                        <customfieldname>Rank (Obsolete)</customfieldname>
                        <customfieldvalues>
                            <customfieldvalue>197752</customfieldvalue>
                        </customfieldvalues>
                    </customfield>
                                                                                                                                                                                                                                                                                                                                                                                                                                                                                                                                                                                                                                                                                                                                                                                            </customfields>
    </item>


</channel>
</rss>