<rss version="0.92">
    <channel>
        <title>ASF JIRA</title>
        <link>https://issues.apache.org/jira/issues/?jql=project+%3D+NET+AND+type+%3D+bug+and+%28status+%3D+RESOLVED+or+status+%3D+closed%29</link>
        <description>An XML representation of a search request</description>
                <language>en-uk</language>
                        <issue start="0" end="464" total="464" />
                <build-info>
            <version>8.20.7</version>
            <build-number>820007</build-number>
            <build-date>16-03-2022</build-date>
        </build-info>

<item>
            <title>[NET-479] After upgrade from JRE 1.6 Update 27 to Update 29 (and up till Update 35), cannot logon using FTPS</title>
                <link>https://issues.apache.org/jira/browse/NET-479</link>
                <project id="12310487" key="NET">Commons Net</project>
                    <description>&lt;p&gt;Using the following code works with JRE Update 27 but not with JRE Update 29 and later (neither Update 30 nor Update 35 work - and there was no Update 28).&lt;/p&gt;

&lt;div class="preformatted panel" style="border-width: 1px;"&gt;&lt;div class="preformattedContent panelContent"&gt;
&lt;pre&gt;final FTPSClient ftpsClient = new FTPSClient("TLS", true);

ftpsClient.connect("test.ftps.xxxx.com", 6366);
final int replyCode = ftpsClient.getReplyCode();
if (!FTPReply.isPositiveCompletion(replyCode)) {
    throw new RuntimeException();
}
ftpsClient.enterLocalPassiveMode();
if (!ftpsClient.login("user", "pass")) {
   throw new RuntimeException("Cannot logon");
}
&lt;/pre&gt;
&lt;/div&gt;&lt;/div&gt;


&lt;p&gt;With update 29 I receive the exception 'Cannot logon".&lt;br/&gt;
I have tried to determine what has changed between the two releases and it seems there have been some changes to TLS - these are the release notes - with links to the security advisory:&lt;br/&gt;
&lt;a href="http://www.oracle.com/technetwork/java/javase/6u29-relnotes-507960.html" class="external-link" target="_blank" rel="nofollow noopener"&gt;http://www.oracle.com/technetwork/java/javase/6u29-relnotes-507960.html&lt;/a&gt;&lt;/p&gt;


&lt;p&gt;Update 27 and 29 can be found here:&lt;br/&gt;
&lt;a href="http://www.oracle.com/technetwork/java/javasebusiness/downloads/java-archive-downloads-javase6-419409.html#jdk-6u27-oth-JPR" class="external-link" target="_blank" rel="nofollow noopener"&gt;http://www.oracle.com/technetwork/java/javasebusiness/downloads/java-archive-downloads-javase6-419409.html#jdk-6u27-oth-JPR&lt;/a&gt;&lt;/p&gt;


&lt;p&gt;I also tried this (I can attach the debug output but it didn't seem to differ significantly between the successful and failed attempts)&lt;/p&gt;

&lt;div class="preformatted panel" style="border-width: 1px;"&gt;&lt;div class="preformattedContent panelContent"&gt;
&lt;pre&gt;System.setProperty("javax.net.debug", "ssl");
System.setProperty("sun.security.ssl.allowUnsafeRenegotiation", "true");
System.setProperty("sun.security.ssl.allowLegacyHelloMessages" , "true");
&lt;/pre&gt;
&lt;/div&gt;&lt;/div&gt;

&lt;p&gt;Unfortunately I do not have any detailed information on the FTPS server I am connecting to (it is a Bank's test server).&lt;br/&gt;
Any help would be appreciated.&lt;/p&gt;</description>
                <environment />
        <key id="12606062">NET-479</key>
            <summary>After upgrade from JRE 1.6 Update 27 to Update 29 (and up till Update 35), cannot logon using FTPS</summary>
                <type id="1" iconUrl="https://issues.apache.org/jira/secure/viewavatar?size=xsmall&amp;avatarId=21133&amp;avatarType=issuetype">Bug</type>
                                            <priority id="3" iconUrl="https://issues.apache.org/jira/images/icons/priorities/major.svg">Major</priority>
                        <status id="6" iconUrl="https://issues.apache.org/jira/images/icons/statuses/closed.png" description="The issue is considered finished, the resolution is correct. Issues which are not closed can be reopened.">Closed</status>
                    <statusCategory id="3" key="done" colorName="green" />
                                    <resolution id="8">Not A Problem</resolution>
                                        <assignee username="-1">Unassigned</assignee>
                                    <reporter username="mjeffrey@email.com">Mark Jeffrey</reporter>
                        <labels>
                    </labels>
                <created>Tue, 4 Sep 2012 11:49:51 +0000</created>
                <updated>Wed, 17 Apr 2013 19:55:44 +0000</updated>
                            <resolved>Fri, 5 Oct 2012 18:14:00 +0000</resolved>
                                    <version>3.1</version>
                                                    <component>FTP</component>
                        <due />
                            <votes>0</votes>
                                    <watches>1</watches>
                                                                <comments>
                            <comment id="13447663" author="mjeffrey@email.com" created="Tue, 4 Sep 2012 12:54:41 +0000">&lt;p&gt;I have an update. I have tried to reproduce this locally using FileZilla server (FTPS) but it did not exhibit the same behaviour (it worked correctly with Update 26 and 29). This seems to indicate that it is something special in the bank's FTPS server (I will try to find more details of it).&lt;/p&gt;</comment>
                            <comment id="13447728" author="mjeffrey@email.com" created="Tue, 4 Sep 2012 14:44:14 +0000">&lt;p&gt;Ok some more info and a workaround.&lt;/p&gt;

&lt;p&gt;It seems to be related to this: &lt;a href="http://bugs.sun.com/bugdatabase/view_bug.do?bug_id=7103725" class="external-link" target="_blank" rel="nofollow noopener"&gt;http://bugs.sun.com/bugdatabase/view_bug.do?bug_id=7103725&lt;/a&gt;&lt;br/&gt;
Similar reported here&lt;br/&gt;
&lt;a href="http://bugs.sun.com/bugdatabase/view_bug.do?bug_id=7105007" class="external-link" target="_blank" rel="nofollow noopener"&gt;http://bugs.sun.com/bugdatabase/view_bug.do?bug_id=7105007&lt;/a&gt;&lt;/p&gt;

&lt;p&gt;Contrary to what these bugs state, for me it is not fixed in Update 30 or Update 35. &lt;/p&gt;

&lt;p&gt;This seems to be a workaround for the problem:&lt;br/&gt;
System.setProperty("jsse.enableCBCProtection", "false");&lt;/p&gt;


</comment>
                            <comment id="13447729" author="mjeffrey@email.com" created="Tue, 4 Sep 2012 14:49:23 +0000">&lt;p&gt;If you want to close it, feel free, but if I find more information I'll post it. &lt;/p&gt;</comment>
                    </comments>
                    <attachments>
                    </attachments>
                <subtasks>
                    </subtasks>
                <customfields>
                                                                                                                                                                                                                                                                                                                                                                                                                                                                                                                                                                                                                                                                                                                    <customfield id="customfield_12314020" key="com.atlassian.jira.plugins.jira-development-integration-plugin:devsummary">
                        <customfieldname>Development</customfieldname>
                        <customfieldvalues>
                            
                        </customfieldvalues>
                    </customfield>
                                                                                                                        <customfield id="customfield_12313422" key="com.atlassian.jirafisheyeplugin:jobcheckbox">
                        <customfieldname>Enable Automatic Patch Review</customfieldname>
                        <customfieldvalues>
                            <customfieldvalue>false</customfieldvalue>

                        </customfieldvalues>
                    </customfield>
                                                                                                                                                                                                                                                                                                                                                                                                                                                                                                                                                                                                                                                <customfield id="customfield_12310420" key="com.pyxis.greenhopper.jira:gh-global-rank">
                        <customfieldname>Global Rank</customfieldname>
                        <customfieldvalues>
                            <customfieldvalue>244050</customfieldvalue>
                        </customfieldvalues>
                    </customfield>
                                                                                                                                                                                                                                                                                                                                                                                                                                                                        <customfield id="customfield_12311820" key="com.pyxis.greenhopper.jira:gh-lexo-rank">
                        <customfieldname>Rank</customfieldname>
                        <customfieldvalues>
                            <customfieldvalue>0|i05fjr:</customfieldvalue>

                        </customfieldvalues>
                    </customfield>
                                                                <customfield id="customfield_12310920" key="com.pyxis.greenhopper.jira:gh-global-rank">
                        <customfieldname>Rank (Obsolete)</customfieldname>
                        <customfieldvalues>
                            <customfieldvalue>29616</customfieldvalue>
                        </customfieldvalues>
                    </customfield>
                                                                                                                                                                                                                                                                                                                                                                                                                                                                                                                                                                                                                                                                                                                                                                                            </customfields>
    </item>


</channel>
</rss>