<rss version="0.92">
    <channel>
        <title>ASF JIRA</title>
        <link>https://issues.apache.org/jira/issues/?jql=project+%3D+NET+AND+type+%3D+bug+and+%28status+%3D+RESOLVED+or+status+%3D+closed%29</link>
        <description>An XML representation of a search request</description>
                <language>en-uk</language>
                        <issue start="0" end="464" total="464" />
                <build-info>
            <version>8.20.7</version>
            <build-number>820007</build-number>
            <build-date>16-03-2022</build-date>
        </build-info>

<item>
            <title>[NET-16] [net] UnixFTPEntryParser fails to parse Cygwin proftpd output when group names contain spaces</title>
                <link>https://issues.apache.org/jira/browse/NET-16</link>
                <project id="12310487" key="NET">Commons Net</project>
                    <description>&lt;p&gt;Running proftpd under Cygwin on Windows XP reports itself as UNIX-type server&lt;br/&gt;
using the "system" command:&lt;/p&gt;

&lt;p&gt;ftp&amp;gt; system&lt;br/&gt;
215 UNIX Type: L8&lt;/p&gt;

&lt;p&gt;Unfortunately Windows allows spaces in group names, so UnixFTPEntryParser fails&lt;br/&gt;
to parse directory output like the following:&lt;/p&gt;

&lt;p&gt;ftp&amp;gt; dir&lt;br/&gt;
200 PORT command successful&lt;br/&gt;
150 Opening ASCII mode data connection for file list&lt;br/&gt;
&lt;del&gt;rw-r&lt;/del&gt;&lt;del&gt;r&lt;/del&gt;-   1 dkilzer  Domain Users        0 Feb 13 17:20 foo.001&lt;br/&gt;
&lt;del&gt;rw-r&lt;/del&gt;&lt;del&gt;r&lt;/del&gt;-   1 dkilzer  Domain Users        0 Feb 13 17:35 foo.002&lt;br/&gt;
226 Transfer complete.&lt;/p&gt;

&lt;p&gt;The expected behavior is that it will find two files listed.&lt;/p&gt;

&lt;p&gt;The actual behavior is that it reports no files in the directory.&lt;/p&gt;</description>
                <environment>&lt;p&gt;Operating System: Windows XP&lt;br/&gt;
Platform: PC&lt;/p&gt;</environment>
        <key id="12342907">NET-16</key>
            <summary>[net] UnixFTPEntryParser fails to parse Cygwin proftpd output when group names contain spaces</summary>
                <type id="1" iconUrl="https://issues.apache.org/jira/secure/viewavatar?size=xsmall&amp;avatarId=21133&amp;avatarType=issuetype">Bug</type>
                                            <priority id="3" iconUrl="https://issues.apache.org/jira/images/icons/priorities/major.svg">Major</priority>
                        <status id="6" iconUrl="https://issues.apache.org/jira/images/icons/statuses/closed.png" description="The issue is considered finished, the resolution is correct. Issues which are not closed can be reopened.">Closed</status>
                    <statusCategory id="3" key="done" colorName="green" />
                                    <resolution id="1">Fixed</resolution>
                                        <assignee username="-1">Unassigned</assignee>
                                    <reporter username="ddkilzer@kilzer.net">David D. Kilzer</reporter>
                        <labels>
                    </labels>
                <created>Tue, 14 Feb 2006 02:47:28 +0000</created>
                <updated>Thu, 20 Sep 2007 05:31:04 +0000</updated>
                            <resolved>Thu, 20 Sep 2007 05:31:04 +0000</resolved>
                                                                        <due />
                            <votes>0</votes>
                                    <watches>0</watches>
                                                                <comments>
                            <comment id="12411420" author="ddkilzer@kilzer.net" created="Tue, 14 Feb 2006 02:48:28 +0000">&lt;p&gt;Note that this issue was found on commons-net-1.4.1.&lt;/p&gt;</comment>
                            <comment id="12411421" author="ddkilzer@kilzer.net" created="Tue, 14 Feb 2006 03:02:27 +0000">&lt;p&gt;Created an attachment (id=17679)&lt;br/&gt;
Patch v1&lt;/p&gt;

&lt;p&gt;This patch fixes the parsing issue for me with proftpd on Cygwin.  The group&lt;br/&gt;
name is recognized as "Domain Users" and all other fields appear to be&lt;br/&gt;
populated correctly.&lt;/p&gt;</comment>
                            <comment id="12411422" author="scohen@apache.org" created="Tue, 14 Feb 2006 11:15:01 +0000">&lt;p&gt;Thanks, that's a good patch.  I had my doubts it would pass the JUnit tests, but&lt;br/&gt;
except for a test that specifically disallowed spaces in group names (which I&lt;br/&gt;
can no longer see a good reason for), it passes all existing tests plus a couple&lt;br/&gt;
more I ginned up.  I will commit this soon.&lt;/p&gt;</comment>
                            <comment id="12411423" author="scohen@apache.org" created="Tue, 14 Feb 2006 21:01:24 +0000">&lt;p&gt;Code committed.&lt;/p&gt;</comment>
                    </comments>
                    <attachments>
                            <attachment id="12334026" name="ASF.LICENSE.NOT.GRANTED--commons-net-1.4.1-fix-unix-parser-for-cygwin-proftpd.diff" size="652" author="ddkilzer@kilzer.net" created="Tue, 14 Feb 2006 03:02:27 +0000" />
                    </attachments>
                <subtasks>
                    </subtasks>
                <customfields>
                                                                                                                                                                                                                                                                                                                                                                                                                                                                                                                                                                                                    <customfield id="customfield_10010" key="com.atlassian.jira.plugin.system.customfieldtypes:importid">
                        <customfieldname>Bugzilla Id</customfieldname>
                        <customfieldvalues>
                            <customfieldvalue>38634</customfieldvalue>
                        </customfieldvalues>
                    </customfield>
                                                                                                                                                    <customfield id="customfield_12314020" key="com.atlassian.jira.plugins.jira-development-integration-plugin:devsummary">
                        <customfieldname>Development</customfieldname>
                        <customfieldvalues>
                            
                        </customfieldvalues>
                    </customfield>
                                                                                                                        <customfield id="customfield_12313422" key="com.atlassian.jirafisheyeplugin:jobcheckbox">
                        <customfieldname>Enable Automatic Patch Review</customfieldname>
                        <customfieldvalues>
                            <customfieldvalue>false</customfieldvalue>

                        </customfieldvalues>
                    </customfield>
                                                                                                                                                                                                                                                                                                                                                                                                                                                                                                                                                                                                                                                <customfield id="customfield_12310420" key="com.pyxis.greenhopper.jira:gh-global-rank">
                        <customfieldname>Global Rank</customfieldname>
                        <customfieldvalues>
                            <customfieldvalue>154357</customfieldvalue>
                        </customfieldvalues>
                    </customfield>
                                                                                                                                                                                                                                                                                                                                                                                                                                                                        <customfield id="customfield_12311820" key="com.pyxis.greenhopper.jira:gh-lexo-rank">
                        <customfieldname>Rank</customfieldname>
                        <customfieldvalues>
                            <customfieldvalue>0|i0lppb:</customfieldvalue>

                        </customfieldvalues>
                    </customfield>
                                                                <customfield id="customfield_12310920" key="com.pyxis.greenhopper.jira:gh-global-rank">
                        <customfieldname>Rank (Obsolete)</customfieldname>
                        <customfieldvalues>
                            <customfieldvalue>124815</customfieldvalue>
                        </customfieldvalues>
                    </customfield>
                                                                                                                                                                                                                                                                                                                                                                                                                                                                                                                                                                                                                                                                                                                                                                                            </customfields>
    </item>


</channel>
</rss>