<rss version="0.92">
    <channel>
        <title>ASF JIRA</title>
        <link>https://issues.apache.org/jira/issues/?jql=project+%3D+NET+AND+type+%3D+bug+and+%28status+%3D+RESOLVED+or+status+%3D+closed%29</link>
        <description>An XML representation of a search request</description>
                <language>en-uk</language>
                        <issue start="0" end="464" total="464" />
                <build-info>
            <version>8.20.7</version>
            <build-number>820007</build-number>
            <build-date>16-03-2022</build-date>
        </build-info>

<item>
            <title>[NET-149] when i am connecting to FTPServer it is throwing Truncated server reply:</title>
                <link>https://issues.apache.org/jira/browse/NET-149</link>
                <project id="12310487" key="NET">Commons Net</project>
                    <description>&lt;p&gt;Configure a Microsoft IIS FTP Server on windows 2003 server or xp  to have a multiline Banner Message: Default FTP Site Properties, Messages tab, Banner field.&lt;br/&gt;
Fill the Banner filed with data and at the end of the data give 2 or more new lines(just press enter 2 or more times) and say Apply and OK.&lt;/p&gt;

&lt;p&gt;FTPClient fp = new FTPClient();&lt;br/&gt;
fp.connect("localhost");&lt;br/&gt;
fp.login("anonymous","");&lt;/p&gt;

&lt;p&gt;Just perform above operations, the client program will throw exception at the time of login.&lt;/p&gt;

</description>
                <environment>&lt;p&gt;windows 2003 server(IIS version 6.0) or windows xp&lt;/p&gt;</environment>
        <key id="12360602">NET-149</key>
            <summary>when i am connecting to FTPServer it is throwing Truncated server reply:</summary>
                <type id="1" iconUrl="https://issues.apache.org/jira/secure/viewavatar?size=xsmall&amp;avatarId=21133&amp;avatarType=issuetype">Bug</type>
                                            <priority id="3" iconUrl="https://issues.apache.org/jira/images/icons/priorities/major.svg">Major</priority>
                        <status id="6" iconUrl="https://issues.apache.org/jira/images/icons/statuses/closed.png" description="The issue is considered finished, the resolution is correct. Issues which are not closed can be reopened.">Closed</status>
                    <statusCategory id="3" key="done" colorName="green" />
                                    <resolution id="5">Cannot Reproduce</resolution>
                                        <assignee username="-1">Unassigned</assignee>
                                    <reporter username="chandu603">chandrasekhar reddy</reporter>
                        <labels>
                    </labels>
                <created>Tue, 16 Jan 2007 16:43:20 +0000</created>
                <updated>Sat, 8 Mar 2008 20:04:47 +0000</updated>
                            <resolved>Sat, 8 Mar 2008 20:04:47 +0000</resolved>
                                    <version>1.4</version>
                                                        <due />
                            <votes>1</votes>
                                    <watches>0</watches>
                                                                <comments>
                            <comment id="12465204" author="chandu603" created="Tue, 16 Jan 2007 16:45:31 +0000">&lt;p&gt;this issue can be reprodusable with all versions&lt;/p&gt;</comment>
                    </comments>
                    <attachments>
                    </attachments>
                <subtasks>
                    </subtasks>
                <customfields>
                                                                                                                                                                                                                                                                                                                                                                                                                                                                                                                                                                                                                                                                                                                    <customfield id="customfield_12314020" key="com.atlassian.jira.plugins.jira-development-integration-plugin:devsummary">
                        <customfieldname>Development</customfieldname>
                        <customfieldvalues>
                            
                        </customfieldvalues>
                    </customfield>
                                                                                                                        <customfield id="customfield_12313422" key="com.atlassian.jirafisheyeplugin:jobcheckbox">
                        <customfieldname>Enable Automatic Patch Review</customfieldname>
                        <customfieldvalues>
                            <customfieldvalue>false</customfieldvalue>

                        </customfieldvalues>
                    </customfield>
                                                                                                                                                                                                                                                                                                                                                                                                                                                                                                                                                                                                                                                <customfield id="customfield_12310420" key="com.pyxis.greenhopper.jira:gh-global-rank">
                        <customfieldname>Global Rank</customfieldname>
                        <customfieldvalues>
                            <customfieldvalue>154486</customfieldvalue>
                        </customfieldvalues>
                    </customfield>
                                                                                                                                                                                                                                                                                                                                                                                                                                                                        <customfield id="customfield_12311820" key="com.pyxis.greenhopper.jira:gh-lexo-rank">
                        <customfieldname>Rank</customfieldname>
                        <customfieldvalues>
                            <customfieldvalue>0|i0ycfz:</customfieldvalue>

                        </customfieldvalues>
                    </customfield>
                                                                <customfield id="customfield_12310920" key="com.pyxis.greenhopper.jira:gh-global-rank">
                        <customfieldname>Rank (Obsolete)</customfieldname>
                        <customfieldvalues>
                            <customfieldvalue>198485</customfieldvalue>
                        </customfieldvalues>
                    </customfield>
                                                                                                                                                                                                                                                                                                                                                                                                                                                                                                                                                                                                                                                                                                                                                                                            </customfields>
    </item>


</channel>
</rss>