<rss version="0.92">
    <channel>
        <title>ASF JIRA</title>
        <link>https://issues.apache.org/jira/issues/?jql=project+%3D+NET+AND+type+%3D+bug+and+%28status+%3D+RESOLVED+or+status+%3D+closed%29</link>
        <description>An XML representation of a search request</description>
                <language>en-uk</language>
                        <issue start="0" end="464" total="464" />
                <build-info>
            <version>8.20.7</version>
            <build-number>820007</build-number>
            <build-date>16-03-2022</build-date>
        </build-info>

<item>
            <title>[NET-145] Deadlock in TelnetInputStream</title>
                <link>https://issues.apache.org/jira/browse/NET-145</link>
                <project id="12310487" key="NET">Commons Net</project>
                    <description>&lt;p&gt;"Sometimes" single threads of our application (each thread transfering data from ftp servers) get locked forever. When monitoring our tool with JConsole, I can see that such a thread usually hangs at org.apache.commons.net.telnet.TelnetInputStream, line 339.&lt;/p&gt;

&lt;p&gt;This line contains the statement &lt;br/&gt;
__queue.wait();&lt;/p&gt;

&lt;p&gt;Unfortunately I haven't found a way to reproduce this issue, it just happens about once a day (while running 24 hours and transfering about 50000 files).&lt;/p&gt;

&lt;p&gt;As a quick and dirty workaround: What do you think about replacing this line with something like&lt;br/&gt;
long startTime = System.currentTimeMillis();&lt;br/&gt;
__queue.wait(60000);&lt;br/&gt;
if ((System.currentTimeMillis() - startTime) &amp;gt; 55000) {&lt;br/&gt;
    throw new InterruptedException("Unknown strange and nasty blocker detected");&lt;br/&gt;
} &lt;/p&gt;

&lt;p&gt;So at least it would not just block the thread.&lt;/p&gt;</description>
                <environment>&lt;p&gt;Heavy mutlithreaded environment using Jakarta VFS (which uses Commons Net) for ftp file transfers&lt;/p&gt;</environment>
        <key id="12357122">NET-145</key>
            <summary>Deadlock in TelnetInputStream</summary>
                <type id="1" iconUrl="https://issues.apache.org/jira/secure/viewavatar?size=xsmall&amp;avatarId=21133&amp;avatarType=issuetype">Bug</type>
                                            <priority id="3" iconUrl="https://issues.apache.org/jira/images/icons/priorities/major.svg">Major</priority>
                        <status id="6" iconUrl="https://issues.apache.org/jira/images/icons/statuses/closed.png" description="The issue is considered finished, the resolution is correct. Issues which are not closed can be reopened.">Closed</status>
                    <statusCategory id="3" key="done" colorName="green" />
                                    <resolution id="1">Fixed</resolution>
                                        <assignee username="-1">Unassigned</assignee>
                                    <reporter username="snowbird">Norbert Seekircher</reporter>
                        <labels>
                    </labels>
                <created>Tue, 28 Nov 2006 13:40:22 +0000</created>
                <updated>Wed, 3 Jan 2007 16:16:05 +0000</updated>
                            <resolved>Wed, 20 Dec 2006 10:53:06 +0000</resolved>
                                    <version>1.4</version>
                                    <fixVersion>2.0</fixVersion>
                                        <due />
                            <votes>0</votes>
                                    <watches>2</watches>
                                                                <comments>
                            <comment id="12453993" author="rwinston@eircom.net" created="Tue, 28 Nov 2006 16:19:15 +0000">&lt;p&gt;Norbert&lt;/p&gt;

&lt;p&gt;This should be fixed in the snapshot of commons-net-2.0, although this requires JDK 1.5+. If you are in a position to test this, it would be great if you can verify if it works or not:&lt;/p&gt;

&lt;p&gt;&lt;a href="http://people.apache.org/~rwinston/commons-net-2.0/commons-net-ftp-2.0.0-SNAPSHOT.jar" class="external-link" target="_blank" rel="nofollow noopener"&gt;http://people.apache.org/~rwinston/commons-net-2.0/commons-net-ftp-2.0.0-SNAPSHOT.jar&lt;/a&gt;&lt;/p&gt;</comment>
                            <comment id="12454907" author="snowbird" created="Fri, 1 Dec 2006 13:58:49 +0000">&lt;p&gt;Thanks Rory,&lt;/p&gt;

&lt;p&gt;we will test this build and report back&lt;/p&gt;</comment>
                            <comment id="12459890" author="rwinston@eircom.net" created="Wed, 20 Dec 2006 10:53:06 +0000">&lt;p&gt;This issue is fixed in 2.0.&lt;/p&gt;</comment>
                            <comment id="12461984" author="mcampelo" created="Wed, 3 Jan 2007 16:05:32 +0000">&lt;p&gt;This deadlock happens when you lost the connection with the FTP server and tries to send a logout () command.&lt;/p&gt;

&lt;p&gt;Find below the thead dump from a Solaris box:&lt;/p&gt;

&lt;p&gt;Full thread dump Java HotSpot(TM) Client VM (1.4.2_08-b03 mixed mode):&lt;/p&gt;

&lt;p&gt;"Thread-0" daemon prio=6 tid=0x001cbf18 nid=0x9 runnable &lt;span class="error"&gt;&amp;#91;f9a7f000..f9a7fc30&amp;#93;&lt;/span&gt;&lt;br/&gt;
        at java.net.SocketInputStream.socketRead0(Native Method)&lt;br/&gt;
        at java.net.SocketInputStream.read(SocketInputStream.java:129)&lt;br/&gt;
        at java.io.BufferedInputStream.fill(BufferedInputStream.java:183)&lt;br/&gt;
        at java.io.BufferedInputStream.read(BufferedInputStream.java:201)&lt;/p&gt;
&lt;ul class="alternate" type="square"&gt;
	&lt;li&gt;locked &amp;lt;0xf1845a20&amp;gt; (a java.io.BufferedInputStream)&lt;br/&gt;
        at java.io.FilterInputStream.read(FilterInputStream.java:66)&lt;br/&gt;
        at java.io.PushbackInputStream.read(PushbackInputStream.java:120)&lt;br/&gt;
        at org.apache.commons.net.io.FromNetASCIIInputStream.__read(FromNetASCIIInputStream.java:75)&lt;br/&gt;
        at org.apache.commons.net.io.FromNetASCIIInputStream.read(FromNetASCIIInputStream.java:170)&lt;br/&gt;
        at java.io.BufferedInputStream.fill(BufferedInputStream.java:183)&lt;br/&gt;
        at java.io.BufferedInputStream.read(BufferedInputStream.java:201)&lt;/li&gt;
	&lt;li&gt;locked &amp;lt;0xf1846988&amp;gt; (a org.apache.commons.net.telnet.TelnetInputStream)&lt;br/&gt;
        at org.apache.commons.net.telnet.TelnetInputStream.__read(TelnetInputStream.java:114)&lt;br/&gt;
        at org.apache.commons.net.telnet.TelnetInputStream.run(TelnetInputStream.java:535)&lt;br/&gt;
        at java.lang.Thread.run(Thread.java:534)&lt;/li&gt;
&lt;/ul&gt;


&lt;p&gt;"Signal Dispatcher" daemon prio=10 tid=0x000cddc0 nid=0x6 waiting on condition &lt;span class="error"&gt;&amp;#91;0..0&amp;#93;&lt;/span&gt;&lt;/p&gt;

&lt;p&gt;"Finalizer" daemon prio=8 tid=0x000c7d68 nid=0x4 in Object.wait() &lt;span class="error"&gt;&amp;#91;fc77f000..fc77fc30&amp;#93;&lt;/span&gt;&lt;br/&gt;
        at java.lang.Object.wait(Native Method)&lt;/p&gt;
&lt;ul class="alternate" type="square"&gt;
	&lt;li&gt;waiting on &amp;lt;0xf1f437a8&amp;gt; (a java.lang.ref.ReferenceQueue$Lock)&lt;br/&gt;
        at java.lang.ref.ReferenceQueue.remove(ReferenceQueue.java:111)&lt;/li&gt;
	&lt;li&gt;locked &amp;lt;0xf1f437a8&amp;gt; (a java.lang.ref.ReferenceQueue$Lock)&lt;br/&gt;
        at java.lang.ref.ReferenceQueue.remove(ReferenceQueue.java:127)&lt;br/&gt;
        at java.lang.ref.Finalizer$FinalizerThread.run(Finalizer.java:159)&lt;/li&gt;
&lt;/ul&gt;


&lt;p&gt;"Reference Handler" daemon prio=10 tid=0x000c72e8 nid=0x3 in Object.wait() &lt;span class="error"&gt;&amp;#91;fe27f000..fe27fc30&amp;#93;&lt;/span&gt;&lt;br/&gt;
        at java.lang.Object.wait(Native Method)&lt;/p&gt;
&lt;ul class="alternate" type="square"&gt;
	&lt;li&gt;waiting on &amp;lt;0xf1f43810&amp;gt; (a java.lang.ref.Reference$Lock)&lt;br/&gt;
        at java.lang.Object.wait(Object.java:429)&lt;br/&gt;
        at java.lang.ref.Reference$ReferenceHandler.run(Reference.java:115)&lt;/li&gt;
	&lt;li&gt;locked &amp;lt;0xf1f43810&amp;gt; (a java.lang.ref.Reference$Lock)&lt;/li&gt;
&lt;/ul&gt;


&lt;p&gt;"main" prio=5 tid=0x000356b8 nid=0x1 in Object.wait() &lt;span class="error"&gt;&amp;#91;ffbfe000..ffbff164&amp;#93;&lt;/span&gt;&lt;br/&gt;
        at java.lang.Object.wait(Native Method)&lt;/p&gt;
&lt;ul class="alternate" type="square"&gt;
	&lt;li&gt;waiting on &amp;lt;0xf18475f8&amp;gt; (a [I)&lt;br/&gt;
        at java.lang.Object.wait(Object.java:429)&lt;br/&gt;
        at org.apache.commons.net.telnet.TelnetInputStream.read(TelnetInputStream.java:339)&lt;/li&gt;
	&lt;li&gt;locked &amp;lt;0xf18475f8&amp;gt; (a [I)&lt;br/&gt;
        at org.apache.commons.net.telnet.TelnetInputStream.read(TelnetInputStream.java:466)&lt;br/&gt;
        at java.io.BufferedInputStream.read1(BufferedInputStream.java:220)&lt;br/&gt;
        at java.io.BufferedInputStream.read(BufferedInputStream.java:277)&lt;/li&gt;
	&lt;li&gt;locked &amp;lt;0xf1849700&amp;gt; (a java.io.BufferedInputStream)&lt;br/&gt;
        at sun.nio.cs.StreamDecoder$CharsetSD.readBytes(StreamDecoder.java:408)&lt;br/&gt;
        at sun.nio.cs.StreamDecoder$CharsetSD.implRead(StreamDecoder.java:450)&lt;br/&gt;
        at sun.nio.cs.StreamDecoder.read(StreamDecoder.java:182)&lt;/li&gt;
	&lt;li&gt;locked &amp;lt;0xf184a0c0&amp;gt; (a java.io.InputStreamReader)&lt;br/&gt;
        at java.io.InputStreamReader.read(InputStreamReader.java:167)&lt;br/&gt;
        at java.io.BufferedReader.fill(BufferedReader.java:136)&lt;br/&gt;
        at java.io.BufferedReader.readLine(BufferedReader.java:299)&lt;/li&gt;
	&lt;li&gt;locked &amp;lt;0xf184a0c0&amp;gt; (a java.io.InputStreamReader)&lt;br/&gt;
        at java.io.BufferedReader.readLine(BufferedReader.java:362)&lt;br/&gt;
        at org.apache.commons.net.ftp.FTP.__getReply(FTP.java:264)&lt;br/&gt;
        at org.apache.commons.net.ftp.FTP.sendCommand(FTP.java:460)&lt;br/&gt;
        at org.apache.commons.net.ftp.FTP.sendCommand(FTP.java:520)&lt;br/&gt;
        at org.apache.commons.net.ftp.FTP.sendCommand(FTP.java:569)&lt;br/&gt;
        at org.apache.commons.net.ftp.FTP.quit(FTP.java:781)&lt;br/&gt;
        at org.apache.commons.net.ftp.FTPClient.logout(FTPClient.java:706)&lt;br/&gt;
        at com.nokia.ci.nwg.util.ftp.FTPHandler.disconnect(FTPHandler.java:318)&lt;br/&gt;
        at com.nokia.ci.nwg.CDRTransmitter.doPerformControl(CDRTransmitter.java:71)&lt;br/&gt;
        at com.nokia.ci.nwg.CDRProcessor.doProccessCDRs(CDRProcessor.java:59)&lt;br/&gt;
        at com.nokia.ci.nwg.CDRProcessor.main(CDRProcessor.java:85)&lt;/li&gt;
&lt;/ul&gt;


&lt;p&gt;"VM Thread" prio=5 tid=0x000c64a0 nid=0x2 runnable&lt;/p&gt;

&lt;p&gt;"VM Periodic Task Thread" prio=10 tid=0x000d0c20 nid=0x8 waiting on condition&lt;br/&gt;
"Suspend Checker Thread" prio=10 tid=0x000cd488 nid=0x5 runnable&lt;/p&gt;</comment>
                    </comments>
                <issuelinks>
                            <issuelinktype id="10030">
                    <name>Reference</name>
                                            <outwardlinks description="relates to">
                                        <issuelink>
            <issuekey id="12340554">NET-91</issuekey>
        </issuelink>
                            </outwardlinks>
                                                        </issuelinktype>
                    </issuelinks>
                <attachments>
                    </attachments>
                <subtasks>
                    </subtasks>
                <customfields>
                                                                                                                                                                                                                                                                                                                                                                                                                                                                                                                                                                                                                                                                                                                    <customfield id="customfield_12314020" key="com.atlassian.jira.plugins.jira-development-integration-plugin:devsummary">
                        <customfieldname>Development</customfieldname>
                        <customfieldvalues>
                            
                        </customfieldvalues>
                    </customfield>
                                                                                                                        <customfield id="customfield_12313422" key="com.atlassian.jirafisheyeplugin:jobcheckbox">
                        <customfieldname>Enable Automatic Patch Review</customfieldname>
                        <customfieldvalues>
                            <customfieldvalue>false</customfieldvalue>

                        </customfieldvalues>
                    </customfield>
                                                                                                                                                                                                                                                                                                                                                                                                                                                                                                                                                                                                                                                <customfield id="customfield_12310420" key="com.pyxis.greenhopper.jira:gh-global-rank">
                        <customfieldname>Global Rank</customfieldname>
                        <customfieldvalues>
                            <customfieldvalue>154482</customfieldvalue>
                        </customfieldvalues>
                    </customfield>
                                                                                                                                                                                                                                                                                                                                                                                                                                                                        <customfield id="customfield_12311820" key="com.pyxis.greenhopper.jira:gh-lexo-rank">
                        <customfieldname>Rank</customfieldname>
                        <customfieldvalues>
                            <customfieldvalue>0|i0y9sn:</customfieldvalue>

                        </customfieldvalues>
                    </customfield>
                                                                <customfield id="customfield_12310920" key="com.pyxis.greenhopper.jira:gh-global-rank">
                        <customfieldname>Rank (Obsolete)</customfieldname>
                        <customfieldvalues>
                            <customfieldvalue>198056</customfieldvalue>
                        </customfieldvalues>
                    </customfield>
                                                                                                                                                                                                                                                                                                                                                                                                                                                                                                                                                                                                                                                                                                                                                                                            </customfields>
    </item>


</channel>
</rss>