<rss version="0.92">
    <channel>
        <title>ASF JIRA</title>
        <link>https://issues.apache.org/jira/issues/?jql=project+%3D+NET+AND+type+%3D+bug+and+%28status+%3D+RESOLVED+or+status+%3D+closed%29</link>
        <description>An XML representation of a search request</description>
                <language>en-uk</language>
                        <issue start="0" end="464" total="464" />
                <build-info>
            <version>8.20.7</version>
            <build-number>820007</build-number>
            <build-date>16-03-2022</build-date>
        </build-info>

<item>
            <title>[NET-412] Apache Commons TFTP implementation subject to Sorcerer's Apprentice Syndrome</title>
                <link>https://issues.apache.org/jira/browse/NET-412</link>
                <project id="12310487" key="NET">Commons Net</project>
                    <description>&lt;p&gt;This is regarding the org.apache.commons.net.tftp.TFTPClient class.&lt;/p&gt;

&lt;p&gt;In the sendFile() method, when a duplicate TFTP ACK is received, the "if (lastBlock == block)" section of code fails and control moves to the "else" statement. The else block checks to see if the ACK is for the previous DATA packet, and if so, sends control back to the _sendPacket label where the DATA packet is resent.&lt;/p&gt;

&lt;p&gt;This is in direct violation of Sorcerer's Apprentice Syndrome as defined in RFC 1123 section 4.2.3.1:&lt;/p&gt;

&lt;p&gt;"the sender (i.e., the side originating the DATA packets) must never resend the current DATA packet on receipt of a duplicate ACK"&lt;/p&gt;

&lt;p&gt;The proper else block would look something like this:&lt;/p&gt;

&lt;div class="preformatted panel" style="border-width: 1px;"&gt;&lt;div class="preformattedContent panelContent"&gt;
&lt;pre&gt;{
    continue _receivePacket;
}
&lt;/pre&gt;
&lt;/div&gt;&lt;/div&gt;

&lt;p&gt;This enables the client to ignore the duplicated ACK and listen for ACK+1. If ACK+1 never comes in, the listener should timeout and attempt to resend the current data packet. As described in &lt;a href="https://issues.apache.org/jira/browse/NET-410" title="Apache Commons TFTP does not handle RFC 783 retransmits." class="issue-link" data-issue-key="NET-410"&gt;&lt;del&gt;NET-410&lt;/del&gt;&lt;/a&gt;, the TFTP client also does not properly handle re-transmits either. It is recommended that this issue and &lt;a href="https://issues.apache.org/jira/browse/NET-410" title="Apache Commons TFTP does not handle RFC 783 retransmits." class="issue-link" data-issue-key="NET-410"&gt;&lt;del&gt;NET-410&lt;/del&gt;&lt;/a&gt; be implemented in tandem.&lt;/p&gt;


</description>
                <environment>&lt;p&gt;Java 6 patch 20&lt;/p&gt;</environment>
        <key id="12508611">NET-412</key>
            <summary>Apache Commons TFTP implementation subject to Sorcerer's Apprentice Syndrome</summary>
                <type id="1" iconUrl="https://issues.apache.org/jira/secure/viewavatar?size=xsmall&amp;avatarId=21133&amp;avatarType=issuetype">Bug</type>
                                            <priority id="2" iconUrl="https://issues.apache.org/jira/images/icons/priorities/critical.svg">Critical</priority>
                        <status id="6" iconUrl="https://issues.apache.org/jira/images/icons/statuses/closed.png" description="The issue is considered finished, the resolution is correct. Issues which are not closed can be reopened.">Closed</status>
                    <statusCategory id="3" key="done" colorName="green" />
                                    <resolution id="1">Fixed</resolution>
                                        <assignee username="-1">Unassigned</assignee>
                                    <reporter username="chuckwolber">Chuck Wolber</reporter>
                        <labels>
                    </labels>
                <created>Sat, 28 May 2011 03:42:10 +0000</created>
                <updated>Wed, 29 Feb 2012 20:35:53 +0000</updated>
                            <resolved>Tue, 10 Jan 2012 19:27:05 +0000</resolved>
                                    <version>2.2</version>
                    <version>3.0</version>
                                    <fixVersion>3.1</fixVersion>
                                    <component>TFTP</component>
                        <due />
                            <votes>0</votes>
                                    <watches>0</watches>
                                                                        <attachments>
                    </attachments>
                <subtasks>
                    </subtasks>
                <customfields>
                                                                                                                                                                                                                                                                                                                                                                                                                                                                                                                                                                                                                                                                                                                    <customfield id="customfield_12314020" key="com.atlassian.jira.plugins.jira-development-integration-plugin:devsummary">
                        <customfieldname>Development</customfieldname>
                        <customfieldvalues>
                            
                        </customfieldvalues>
                    </customfield>
                                                                                                                        <customfield id="customfield_12313422" key="com.atlassian.jirafisheyeplugin:jobcheckbox">
                        <customfieldname>Enable Automatic Patch Review</customfieldname>
                        <customfieldvalues>
                            <customfieldvalue>false</customfieldvalue>

                        </customfieldvalues>
                    </customfield>
                                                                                                                                                                                                                                                                                                                                                                                                                                                                                                                                                                                                                                                <customfield id="customfield_12310420" key="com.pyxis.greenhopper.jira:gh-global-rank">
                        <customfieldname>Global Rank</customfieldname>
                        <customfieldvalues>
                            <customfieldvalue>154631</customfieldvalue>
                        </customfieldvalues>
                    </customfield>
                                                                                                                                                                                                                                                                                                                                                                                                                                                                        <customfield id="customfield_12311820" key="com.pyxis.greenhopper.jira:gh-lexo-rank">
                        <customfieldname>Rank</customfieldname>
                        <customfieldvalues>
                            <customfieldvalue>0|i0j0pj:</customfieldvalue>

                        </customfieldvalues>
                    </customfield>
                                                                <customfield id="customfield_12310920" key="com.pyxis.greenhopper.jira:gh-global-rank">
                        <customfieldname>Rank (Obsolete)</customfieldname>
                        <customfieldvalues>
                            <customfieldvalue>109043</customfieldvalue>
                        </customfieldvalues>
                    </customfield>
                                                                                                                                                                                                                                                                                                                                                                                                                                                                                                                                                                                                                                                                                                                                                                                            </customfields>
    </item>


</channel>
</rss>