<rss version="0.92">
    <channel>
        <title>ASF JIRA</title>
        <link>https://issues.apache.org/jira/issues/?jql=project+%3D+NET+AND+type+%3D+bug+and+%28status+%3D+RESOLVED+or+status+%3D+closed%29</link>
        <description>An XML representation of a search request</description>
                <language>en-uk</language>
                        <issue start="0" end="464" total="464" />
                <build-info>
            <version>8.20.7</version>
            <build-number>820007</build-number>
            <build-date>16-03-2022</build-date>
        </build-info>

<item>
            <title>[NET-247] NullPointerException after connect() in FTPClient</title>
                <link>https://issues.apache.org/jira/browse/NET-247</link>
                <project id="12310487" key="NET">Commons Net</project>
                    <description>&lt;p&gt;ftpClient = new FtpClient();&lt;br/&gt;
ftpClient.connect("ftp.mozilla.org", Integer.parseInt(textPort.getText()));&lt;br/&gt;
System.out.print(ftpClient.getReplyString()); //returns null&lt;br/&gt;
System.out.print(ftpClient.getReplyCode()); //returns 0&lt;br/&gt;
ftpClient.login("anonymous", "blah@blah.ch"); //NullPointerException&lt;/p&gt;

&lt;p&gt;when i use these values in lftp i get:&lt;br/&gt;
oli@lucymobile:~$ lftp &lt;br/&gt;
lftp :~&amp;gt; open ftp.mozilla.org&lt;br/&gt;
lftp ftp.mozilla.org:~&amp;gt; USER anonymous blah@blah.ch&lt;br/&gt;
lftp anonymous@ftp.mozilla.org:~&amp;gt; ls&lt;br/&gt;
&lt;del&gt;rw-r&lt;/del&gt;&lt;del&gt;r&lt;/del&gt;-    1 ftp      ftp           528 Nov 01  2007 README&lt;br/&gt;
&lt;del&gt;rw-r&lt;/del&gt;&lt;del&gt;r&lt;/del&gt;-    1 ftp      ftp           560 Sep 28  2007 index.html&lt;br/&gt;
drwxr-xr-x   33 ftp      ftp          4096 Aug 12 04:00 pub&lt;br/&gt;
/* same happens when i try  with my application to connect to localhost (vsftpd):&lt;br/&gt;
Sun Dec 28 11:44:32 2008 &lt;span class="error"&gt;&amp;#91;pid 12840&amp;#93;&lt;/span&gt; CONNECT: Client "127.0.0.1"&lt;br/&gt;
then it stops logging because the application returns the exception */&lt;/p&gt;

&lt;p&gt;the complete output of the application:&lt;br/&gt;
Exception in thread "AWT-EventQueue-0" java.lang.NullPointerException&lt;br/&gt;
        at org.apache.commons.net.ftp.FTP.sendCommand(FTP.java:471)&lt;br/&gt;
        at org.apache.commons.net.ftp.FTP.sendCommand(FTP.java:534)&lt;br/&gt;
        at wicked.FtpClient.user(FtpClient.java:74)&lt;br/&gt;
        at wicked.FtpClient.login(FtpClient.java:58)&lt;br/&gt;
        at wicked.MainWindow.buttonTestFTPServerActionPerformed(MainWindow.java:887)&lt;br/&gt;
        at wicked.MainWindow.access$1300(MainWindow.java:35)&lt;br/&gt;
        at wicked.MainWindow$14.actionPerformed(MainWindow.java:417)&lt;br/&gt;
        at javax.swing.AbstractButton.fireActionPerformed(AbstractButton.java:2012)&lt;br/&gt;
        at javax.swing.AbstractButton$Handler.actionPerformed(AbstractButton.java:2335)&lt;br/&gt;
        at javax.swing.DefaultButtonModel.fireActionPerformed(DefaultButtonModel.java:404)&lt;br/&gt;
        at javax.swing.DefaultButtonModel.setPressed(DefaultButtonModel.java:259)&lt;br/&gt;
        at javax.swing.plaf.basic.BasicButtonListener.mouseReleased(BasicButtonListener.java:253)&lt;br/&gt;
        at java.awt.Component.processMouseEvent(Component.java:6108)&lt;br/&gt;
        at javax.swing.JComponent.processMouseEvent(JComponent.java:3276)&lt;br/&gt;
        at java.awt.Component.processEvent(Component.java:5873)&lt;br/&gt;
        at java.awt.Container.processEvent(Container.java:2105)&lt;br/&gt;
        at java.awt.Component.dispatchEventImpl(Component.java:4469)&lt;br/&gt;
        at java.awt.Container.dispatchEventImpl(Container.java:2163)&lt;br/&gt;
        at java.awt.Component.dispatchEvent(Component.java:4295)&lt;br/&gt;
        at java.awt.LightweightDispatcher.retargetMouseEvent(Container.java:4461)&lt;br/&gt;
        at java.awt.LightweightDispatcher.processMouseEvent(Container.java:4125)&lt;br/&gt;
        at java.awt.LightweightDispatcher.dispatchEvent(Container.java:4055)&lt;br/&gt;
        at java.awt.Container.dispatchEventImpl(Container.java:2149)&lt;br/&gt;
        at java.awt.Window.dispatchEventImpl(Window.java:2478)&lt;br/&gt;
        at java.awt.Component.dispatchEvent(Component.java:4295)&lt;br/&gt;
        at java.awt.EventQueue.dispatchEvent(EventQueue.java:604)&lt;br/&gt;
        at java.awt.EventDispatchThread.pumpOneEventForFilters(EventDispatchThread.java:275)&lt;br/&gt;
        at java.awt.EventDispatchThread.pumpEventsForFilter(EventDispatchThread.java:200)&lt;br/&gt;
        at java.awt.EventDispatchThread.pumpEventsForHierarchy(EventDispatchThread.java:190)&lt;br/&gt;
        at java.awt.EventDispatchThread.pumpEvents(EventDispatchThread.java:185)&lt;br/&gt;
        at java.awt.EventDispatchThread.pumpEvents(EventDispatchThread.java:177)&lt;br/&gt;
        at java.awt.EventDispatchThread.run(EventDispatchThread.java:138)&lt;/p&gt;</description>
                <environment>&lt;p&gt;Linux lucymobile 2.6.28-3-generic #4-Ubuntu SMP Fri Dec 12 22:48:15 UTC 2008 i686 GNU/Linux&lt;br/&gt;
Netbeans IDE 6.5&lt;br/&gt;
java version "1.6.0_0"&lt;br/&gt;
IcedTea6 1.4 (6b14-0ubuntu4) Runtime Environment (build 1.6.0_0-b14)&lt;br/&gt;
OpenJDK Server VM (build 14.0-b08, mixed mode)&lt;/p&gt;</environment>
        <key id="12411374">NET-247</key>
            <summary>NullPointerException after connect() in FTPClient</summary>
                <type id="1" iconUrl="https://issues.apache.org/jira/secure/viewavatar?size=xsmall&amp;avatarId=21133&amp;avatarType=issuetype">Bug</type>
                                            <priority id="3" iconUrl="https://issues.apache.org/jira/images/icons/priorities/major.svg">Major</priority>
                        <status id="6" iconUrl="https://issues.apache.org/jira/images/icons/statuses/closed.png" description="The issue is considered finished, the resolution is correct. Issues which are not closed can be reopened.">Closed</status>
                    <statusCategory id="3" key="done" colorName="green" />
                                    <resolution id="6">Invalid</resolution>
                                        <assignee username="-1">Unassigned</assignee>
                                    <reporter username="olze">asdf asdf</reporter>
                        <labels>
                    </labels>
                <created>Sun, 28 Dec 2008 11:22:52 +0000</created>
                <updated>Sun, 28 Dec 2008 11:27:58 +0000</updated>
                            <resolved>Sun, 28 Dec 2008 11:27:58 +0000</resolved>
                                    <version>2.0</version>
                                                        <due />
                            <votes>0</votes>
                                    <watches>0</watches>
                                                                <comments>
                            <comment id="12659432" author="olze" created="Sun, 28 Dec 2008 11:27:58 +0000">&lt;p&gt;I just noticed that it works when i use FTPClient instead of FtpClient - FtpClient is my own class - which does actually nothing:&lt;/p&gt;

&lt;p&gt;public class FtpClient extends FTPClient&lt;br/&gt;
{&lt;/p&gt;

&lt;p&gt;}&lt;/p&gt;

&lt;p&gt;i will look at it whats wrong there.&lt;br/&gt;
sorry for disturbing&lt;/p&gt;</comment>
                    </comments>
                    <attachments>
                    </attachments>
                <subtasks>
                    </subtasks>
                <customfields>
                                                                                                                                                                                                                                                                                                                                                                                                                                                                                                                                                                                                                                                                                                                    <customfield id="customfield_12314020" key="com.atlassian.jira.plugins.jira-development-integration-plugin:devsummary">
                        <customfieldname>Development</customfieldname>
                        <customfieldvalues>
                            
                        </customfieldvalues>
                    </customfield>
                                                                                                                        <customfield id="customfield_12313422" key="com.atlassian.jirafisheyeplugin:jobcheckbox">
                        <customfieldname>Enable Automatic Patch Review</customfieldname>
                        <customfieldvalues>
                            <customfieldvalue>false</customfieldvalue>

                        </customfieldvalues>
                    </customfield>
                                                                                                                                                                                                                                                                                                                                                                                                                                                                                                                                                                                                                                                <customfield id="customfield_12310420" key="com.pyxis.greenhopper.jira:gh-global-rank">
                        <customfieldname>Global Rank</customfieldname>
                        <customfieldvalues>
                            <customfieldvalue>154563</customfieldvalue>
                        </customfieldvalues>
                    </customfield>
                                                                                                                                                                                                                                                                                                                                                                                                                                                                        <customfield id="customfield_12311820" key="com.pyxis.greenhopper.jira:gh-lexo-rank">
                        <customfieldname>Rank</customfieldname>
                        <customfieldvalues>
                            <customfieldvalue>0|i0ybuv:</customfieldvalue>

                        </customfieldvalues>
                    </customfield>
                                                                <customfield id="customfield_12310920" key="com.pyxis.greenhopper.jira:gh-global-rank">
                        <customfieldname>Rank (Obsolete)</customfieldname>
                        <customfieldvalues>
                            <customfieldvalue>198390</customfieldvalue>
                        </customfieldvalues>
                    </customfield>
                                                                                                                                                                                                                                                                                                                                                                                                                                                                                                                                                                                                                                                                                                                                                                                            </customfields>
    </item>


</channel>
</rss>