<rss version="0.92">
    <channel>
        <title>ASF JIRA</title>
        <link>https://issues.apache.org/jira/issues/?jql=project+%3D+NET+AND+type+%3D+bug+and+%28status+%3D+RESOLVED+or+status+%3D+closed%29</link>
        <description>An XML representation of a search request</description>
                <language>en-uk</language>
                        <issue start="0" end="464" total="464" />
                <build-info>
            <version>8.20.7</version>
            <build-number>820007</build-number>
            <build-date>16-03-2022</build-date>
        </build-info>

<item>
            <title>[NET-233] TFTPClient.sendFile doesn't work in binary mode</title>
                <link>https://issues.apache.org/jira/browse/NET-233</link>
                <project id="12310487" key="NET">Commons Net</project>
                    <description>&lt;p&gt;The TFTPClient class won't send a file in binary mode.&lt;/p&gt;

&lt;p&gt;To reproduce:&lt;/p&gt;

&lt;p&gt;1. Compile examples.tftp&lt;br/&gt;
2. java -cp &amp;lt;classpath&amp;gt; examples.tftp -s -b 192.168.35.239 virt_shell.sh.gz virt_shell.sh.gz&lt;/p&gt;

&lt;p&gt;tftp program ends without error.&lt;/p&gt;

&lt;p&gt;The file virt_shell.sh.gz shows up on the destination host, but has zero bytes.  The following messages are generated by tftpd (which has the -v option turned on).&lt;/p&gt;

&lt;p&gt;Sep  9 10:59:08 balexander-dev-env in.tftpd&lt;span class="error"&gt;&amp;#91;3266&amp;#93;&lt;/span&gt;: WRQ from 192.168.35.55 filename virt_shell.sh.gz&lt;br/&gt;
Sep  9 10:59:09 balexander-dev-env in.tftpd&lt;span class="error"&gt;&amp;#91;3266&amp;#93;&lt;/span&gt;: tftpd: read: Connection refused&lt;/p&gt;

</description>
                <environment>&lt;p&gt;&lt;span class="error"&gt;&amp;#91;root@balexander-dev-env tftpd&amp;#93;&lt;/span&gt;# uname -a&lt;br/&gt;
Linux balexander-dev-env 2.6.9-34.ELsmp #1 SMP Thu Mar 9 06:23:23 GMT 2006 x86_64 x86_64 x86_64 GNU/Linux&lt;/p&gt;</environment>
        <key id="12404265">NET-233</key>
            <summary>TFTPClient.sendFile doesn't work in binary mode</summary>
                <type id="1" iconUrl="https://issues.apache.org/jira/secure/viewavatar?size=xsmall&amp;avatarId=21133&amp;avatarType=issuetype">Bug</type>
                                            <priority id="3" iconUrl="https://issues.apache.org/jira/images/icons/priorities/major.svg">Major</priority>
                        <status id="6" iconUrl="https://issues.apache.org/jira/images/icons/statuses/closed.png" description="The issue is considered finished, the resolution is correct. Issues which are not closed can be reopened.">Closed</status>
                    <statusCategory id="3" key="done" colorName="green" />
                                    <resolution id="5">Cannot Reproduce</resolution>
                                        <assignee username="-1">Unassigned</assignee>
                                    <reporter username="billahome">Bill Alexander</reporter>
                        <labels>
                    </labels>
                <created>Fri, 12 Sep 2008 17:25:20 +0000</created>
                <updated>Mon, 1 Dec 2008 12:26:58 +0000</updated>
                            <resolved>Mon, 1 Dec 2008 12:26:58 +0000</resolved>
                                    <version>1.4</version>
                                                        <due />
                            <votes>0</votes>
                                    <watches>0</watches>
                                                                <comments>
                            <comment id="12641663" author="rwinston@eircom.net" created="Tue, 21 Oct 2008 23:38:35 +0000">&lt;p&gt;Can you try with the 2.0 release?&lt;/p&gt;</comment>
                            <comment id="12651984" author="rwinston@eircom.net" created="Mon, 1 Dec 2008 12:26:58 +0000">&lt;p&gt;I have tried this locally, and cannot reproduce with 1.5 (HEAD) or 2.0. &lt;/p&gt;

&lt;p&gt;Can you try with 2.0?&lt;/p&gt;</comment>
                    </comments>
                    <attachments>
                    </attachments>
                <subtasks>
                    </subtasks>
                <customfields>
                                                                                                                                                                                                                                                                                                                                                                                                                                                                                                                                                                                                                                                                                                                    <customfield id="customfield_12314020" key="com.atlassian.jira.plugins.jira-development-integration-plugin:devsummary">
                        <customfieldname>Development</customfieldname>
                        <customfieldvalues>
                            
                        </customfieldvalues>
                    </customfield>
                                                                                                                        <customfield id="customfield_12313422" key="com.atlassian.jirafisheyeplugin:jobcheckbox">
                        <customfieldname>Enable Automatic Patch Review</customfieldname>
                        <customfieldvalues>
                            <customfieldvalue>false</customfieldvalue>

                        </customfieldvalues>
                    </customfield>
                                                                                                                                                                                                                                                                                                                                                                                                                                                                                                                                                                                                                                                <customfield id="customfield_12310420" key="com.pyxis.greenhopper.jira:gh-global-rank">
                        <customfieldname>Global Rank</customfieldname>
                        <customfieldvalues>
                            <customfieldvalue>154551</customfieldvalue>
                        </customfieldvalues>
                    </customfield>
                                                                                                                                                                                                                                                                                                                                                                                                                                                                        <customfield id="customfield_12311820" key="com.pyxis.greenhopper.jira:gh-lexo-rank">
                        <customfieldname>Rank</customfieldname>
                        <customfieldvalues>
                            <customfieldvalue>0|i0ycgf:</customfieldvalue>

                        </customfieldvalues>
                    </customfield>
                                                                <customfield id="customfield_12310920" key="com.pyxis.greenhopper.jira:gh-global-rank">
                        <customfieldname>Rank (Obsolete)</customfieldname>
                        <customfieldvalues>
                            <customfieldvalue>198487</customfieldvalue>
                        </customfieldvalues>
                    </customfield>
                                                                                                                                                                                                                                                                                                                                                                                                                                                                                                                                                                                                                                                                                                                                                                                            </customfields>
    </item>


</channel>
</rss>