<!-- 
RSS generated by JIRA (6.3.4#6332-sha1:51bc225ef474afe3128b2f66878477f322397b16) at Sat Dec 03 22:56:32 UTC 2016

It is possible to restrict the fields that are returned in this document by specifying the 'field' parameter in your request.
For example, to request only the issue key and summary add field=key&field=summary to the URL of your request.
For example:
https://issues.apache.org/jira/si/jira.issueviews:issue-xml/HIVE-1161/HIVE-1161.xml?field=key&amp;field=summary
-->
<rss version="0.92" >
<channel>
    <title>ASF JIRA</title>
    <link>https://issues.apache.org/jira</link>
    <description>This file is an XML representation of an issue</description>
    <language>en-uk</language>    <build-info>
        <version>6.3.4</version>
        <build-number>6332</build-number>
        <build-date>15-08-2014</build-date>
    </build-info>

<item>
            <title>[HIVE-1161] Hive Replication</title>
                <link>https://issues.apache.org/jira/browse/HIVE-1161</link>
                <project id="12310843" key="HIVE">Hive</project>
                    <description>&lt;p&gt;Users may want to replicate data between two distinct hadoop clusters or two hive warehouses on the same cluster.&lt;/p&gt;

&lt;p&gt;Users may want to replicate entire catalogs or possibly on a table by table basis. Should this process be batch driven or a be a full time running application? What are some practical requirements, what are the limitations?&lt;/p&gt;

&lt;p&gt;Comments?&lt;/p&gt;</description>
                <environment></environment>
        <key id="12456153">HIVE-1161</key>
            <summary>Hive Replication</summary>
                <type id="2" iconUrl="https://issues.apache.org/jira/images/icons/issuetypes/newfeature.png">New Feature</type>
                                            <priority id="4" iconUrl="https://issues.apache.org/jira/images/icons/priorities/minor.png">Minor</priority>
                        <status id="5" iconUrl="https://issues.apache.org/jira/images/icons/statuses/resolved.png" description="A resolution has been taken, and it is awaiting verification by reporter. From here issues are either reopened, or are closed.">Resolved</status>
                    <statusCategory id="3" key="done" colorName="green"/>
                                    <resolution id="3">Duplicate</resolution>
                                        <assignee username="shailesh_pilare">SHAILESH PILARE</assignee>
                                    <reporter username="appodictic">Edward Capriolo</reporter>
                        <labels>
                    </labels>
                <created>Fri, 12 Feb 2010 16:12:22 +0000</created>
                <updated>Tue, 28 Apr 2015 02:38:02 +0000</updated>
                            <resolved>Tue, 28 Apr 2015 02:38:02 +0000</resolved>
                                                                    <component>Contrib</component>
                        <due></due>
                            <votes>2</votes>
                                    <watches>8</watches>
                                                                <comments>
                            <comment id="12837565" author="cwsteinbach" created="Wed, 24 Feb 2010 01:31:01 +0000"  >&lt;p&gt;I hear that the folks at Facebook already have a system in production&lt;br/&gt;
that does something similar to what Ed described above. Can someone&lt;br/&gt;
from the FB team offer more details?&lt;/p&gt;</comment>
                            <comment id="13608323" author="pengfeng" created="Wed, 20 Mar 2013 22:21:54 +0000"  >&lt;p&gt;Is anyone planning to work on this issue? We plan to provide the replication between two clusters on the partition level, i.e., given a source cluster and a target cluster, we can specify a table and the tool would sync all the updated partitions from the source cluster to the target cluster, and create the table on the target cluster if it doesn&apos;t already exist.&lt;/p&gt;

&lt;p&gt;I saw the comments from Namit (&lt;a href=&quot;http://grokbase.com/t/hive/user/102br2zfae/best-way-to-move-hive-tables-data-from-one-hadoop-cluster-to-another&quot; class=&quot;external-link&quot; rel=&quot;nofollow&quot;&gt;http://grokbase.com/t/hive/user/102br2zfae/best-way-to-move-hive-tables-data-from-one-hadoop-cluster-to-another&lt;/a&gt;) and am wondering if this is something already done somewhere and if it can be shared.&lt;/p&gt;</comment>
                            <comment id="14353320" author="shailesh_pilare" created="Mon, 9 Mar 2015 18:19:28 +0000"  >&lt;p&gt;I would like to work on this issue, could you please assign it to me .&lt;br/&gt;
We have been exploring Apache Falcon to do this which would come with its own baggage and trying to see whether hive itself can provide this feature .&lt;/p&gt;</comment>
                            <comment id="14353344" author="ashutoshc" created="Mon, 9 Mar 2015 18:29:01 +0000"  >&lt;p&gt;&lt;a href=&quot;https://issues.apache.org/jira/secure/ViewProfile.jspa?name=shailesh_pilare&quot; class=&quot;user-hover&quot; rel=&quot;shailesh_pilare&quot;&gt;SHAILESH PILARE&lt;/a&gt; Assigned the issue to you. It will be nice if you can share your design doc, so others can fathom approach you are taking to tackle this issue.&lt;/p&gt;</comment>
                            <comment id="14353377" author="shailesh_pilare" created="Mon, 9 Mar 2015 18:45:58 +0000"  >&lt;p&gt;Ahutosh,&lt;br/&gt;
Currently i am working on best feasible approach, out of Two available approaches&lt;br/&gt;
a) Use  Hive Import/Export along with Distcp with some background auditing in default DB .&lt;br/&gt;
b) Using Distcp for data and  Database replication for metastore  transfer .&lt;br/&gt;
After successful completion of POC  i would update the design doc .&lt;/p&gt;</comment>
                            <comment id="14353569" author="sushanth" created="Mon, 9 Mar 2015 20:47:15 +0000"  >&lt;p&gt;Hi,&lt;/p&gt;

&lt;p&gt;I&apos;ve (along with &lt;a href=&quot;https://issues.apache.org/jira/secure/ViewProfile.jspa?name=alangates&quot; class=&quot;user-hover&quot; rel=&quot;alangates&quot;&gt;Alan Gates&lt;/a&gt;) actually been working on this along with some engineers ( &lt;a href=&quot;https://issues.apache.org/jira/secure/ViewProfile.jspa?name=bvellanki&quot; class=&quot;user-hover&quot; rel=&quot;bvellanki&quot;&gt;Balu Vellanki&lt;/a&gt;, &lt;a href=&quot;https://issues.apache.org/jira/secure/ViewProfile.jspa?name=sowmyaramesh&quot; class=&quot;user-hover&quot; rel=&quot;sowmyaramesh&quot;&gt;Sowmya Ramesh&lt;/a&gt; &amp;amp; &lt;a href=&quot;https://issues.apache.org/jira/secure/ViewProfile.jspa?name=peeyushb&quot; class=&quot;user-hover&quot; rel=&quot;peeyushb&quot;&gt;Peeyush Bishnoi&lt;/a&gt; ) working on Falcon for the last couple of months, and I have a proof of concept working between us that I&apos;m in the process of uploading as patches to apache. The original umbrella jira I filed for this was in &lt;a href=&quot;https://issues.apache.org/jira/browse/HIVE-7973&quot; class=&quot;external-link&quot; rel=&quot;nofollow&quot;&gt;https://issues.apache.org/jira/browse/HIVE-7973&lt;/a&gt; , but that info is a bit outdated since. Over the next couple of weeks, I&apos;ll file jiras for all the additional work that we&apos;ve done under that.&lt;/p&gt;

&lt;p&gt;The basic idea behind that replication scheme is very similar to the one detailed above - we have a notion of Events that get triggered each time any metadata action happens (code for this is already checked in to apache trunk : see &lt;a href=&quot;https://issues.apache.org/jira/browse/HIVE-9174&quot; title=&quot;Enable queuing of HCatalog notification events in metastore DB&quot; class=&quot;issue-link&quot; data-issue-key=&quot;HIVE-9174&quot;&gt;&lt;del&gt;HIVE-9174&lt;/del&gt;&lt;/a&gt;, &lt;a href=&quot;https://issues.apache.org/jira/browse/HIVE-9321&quot; title=&quot;Notification message size can be arbitrarily long, DbNotificationListener limits to 1024&quot; class=&quot;issue-link&quot; data-issue-key=&quot;HIVE-9321&quot;&gt;&lt;del&gt;HIVE-9321&lt;/del&gt;&lt;/a&gt;, &lt;a href=&quot;https://issues.apache.org/jira/browse/HIVE-9175&quot; title=&quot;Add alters to list of events handled by NotificationListener&quot; class=&quot;issue-link&quot; data-issue-key=&quot;HIVE-9175&quot;&gt;&lt;del&gt;HIVE-9175&lt;/del&gt;&lt;/a&gt;, &lt;a href=&quot;https://issues.apache.org/jira/browse/HIVE-9184&quot; title=&quot;Modify HCatClient to support new notification methods in HiveMetaStoreClient&quot; class=&quot;issue-link&quot; data-issue-key=&quot;HIVE-9184&quot;&gt;&lt;del&gt;HIVE-9184&lt;/del&gt;&lt;/a&gt;, &lt;a href=&quot;https://issues.apache.org/jira/browse/HIVE-9271&quot; title=&quot;Add ability for client to request metastore to fire an event&quot; class=&quot;issue-link&quot; data-issue-key=&quot;HIVE-9271&quot;&gt;&lt;del&gt;HIVE-9271&lt;/del&gt;&lt;/a&gt;, &lt;a href=&quot;https://issues.apache.org/jira/browse/HIVE-9273&quot; title=&quot;Add option to fire metastore event on insert&quot; class=&quot;issue-link&quot; data-issue-key=&quot;HIVE-9273&quot;&gt;&lt;del&gt;HIVE-9273&lt;/del&gt;&lt;/a&gt;, &lt;a href=&quot;https://issues.apache.org/jira/browse/HIVE-9501&quot; title=&quot;DbNotificationListener doesn&amp;#39;t include dbname in create database notification and does not include tablename in create table notification&quot; class=&quot;issue-link&quot; data-issue-key=&quot;HIVE-9501&quot;&gt;&lt;del&gt;HIVE-9501&lt;/del&gt;&lt;/a&gt;, &lt;a href=&quot;https://issues.apache.org/jira/browse/HIVE-9550&quot; title=&quot;ObjectStore.getNextNotification() can return events inside NotificationEventResponse as null which conflicts with its thrift &amp;quot;required&amp;quot; tag&quot; class=&quot;issue-link&quot; data-issue-key=&quot;HIVE-9550&quot;&gt;&lt;del&gt;HIVE-9550&lt;/del&gt;&lt;/a&gt;, &lt;a href=&quot;https://issues.apache.org/jira/browse/HIVE-9359&quot; title=&quot;Export of a large table causes OOM in Metastore and Client&quot; class=&quot;issue-link&quot; data-issue-key=&quot;HIVE-9359&quot;&gt;&lt;del&gt;HIVE-9359&lt;/del&gt;&lt;/a&gt; )&lt;/p&gt;

&lt;p&gt;Once we have our events, we have a library that converts those into ReplicationTasks, which encapsulate what is needed to be done in the source warehouse and the destination warehouse to replicate the event, and what needs distcp-ing.&lt;/p&gt;

&lt;p&gt;Then, there are changes to EXPORT &amp;amp; IMPORT to tag additional information in the dump that shows that this is for replication, and to keep track of state at the destination side, so that older events (if replayed) do not trash newer information. In conjunction, there was a necessary change to DROPs as well to make sure they followed a &quot;DROP IF OLDER&quot; kind of semantic.&lt;/p&gt;

&lt;p&gt;Ultimately, there was a fair amount of integration and testing from Falcon&apos;s side to make sure that the whole system worked end-to-end. So far, our proof of concept is working well enough to contribute now.&lt;/p&gt;</comment>
                            <comment id="14516040" author="sushanth" created="Tue, 28 Apr 2015 00:31:40 +0000"  >&lt;p&gt;Hi, FYI, most of &lt;a href=&quot;https://issues.apache.org/jira/browse/HIVE-7973&quot; title=&quot;Hive Replication Support&quot; class=&quot;issue-link&quot; data-issue-key=&quot;HIVE-7973&quot;&gt;HIVE-7973&lt;/a&gt; is now committed and will be part of the upcoming hive 1.2 release.&lt;/p&gt;

&lt;p&gt;&lt;a href=&quot;https://issues.apache.org/jira/secure/ViewProfile.jspa?name=ashutoshc&quot; class=&quot;user-hover&quot; rel=&quot;ashutoshc&quot;&gt;Ashutosh Chauhan&lt;/a&gt;, any opinions on what should be done with this jira?&lt;/p&gt;</comment>
                            <comment id="14516066" author="ashutoshc" created="Tue, 28 Apr 2015 00:44:47 +0000"  >&lt;p&gt;I think this can be resolved as fix, since feature is largely gonna be available in 1.2. Any future feature request or bug report can be raised in follow-up jiras.&lt;/p&gt;</comment>
                    </comments>
                <issuelinks>
                            <issuelinktype id="12310000">
                    <name>Duplicate</name>
                                                                <inwardlinks description="is duplicated by">
                                        <issuelink>
            <issuekey id="12738989">HIVE-7973</issuekey>
        </issuelink>
                            </inwardlinks>
                                    </issuelinktype>
                    </issuelinks>
                <attachments>
                    </attachments>
                <subtasks>
                    </subtasks>
                <customfields>
                                                <customfield id="customfield_12310310" key="com.atlassian.jira.toolkit:attachments">
                        <customfieldname>Attachment count</customfieldname>
                        <customfieldvalues>
                            <customfieldvalue>0.0</customfieldvalue>
                        </customfieldvalues>
                    </customfield>
                                                                                                                                                                                                                                                                                                                                                                                                                                                                                                                                <customfield id="customfield_12310220" key="com.atlassian.jira.ext.charting:firstresponsedate">
                        <customfieldname>Date of First Response</customfieldname>
                        <customfieldvalues>
                            <customfieldvalue>Wed, 24 Feb 2010 01:31:01 +0000</customfieldvalue>

                        </customfieldvalues>
                    </customfield>
                                                                                                                                                                                                                                                                                                                                                                                                                                            <customfield id="customfield_12310420" key="com.pyxis.greenhopper.jira:gh-global-rank">
                        <customfieldname>Global Rank</customfieldname>
                        <customfieldvalues>
                            <customfieldvalue>42606</customfieldvalue>
                        </customfieldvalues>
                    </customfield>
                                                                                                                                                    <customfield id="customfield_12312521" key="com.atlassian.jira.toolkit:LastCommentDate">
                        <customfieldname>Last public comment date</customfieldname>
                        <customfieldvalues>
                            1 year, 31 weeks, 4 days ago
                        </customfieldvalues>
                    </customfield>
                                                                                            <customfield id="customfield_12311820" key="com.pyxis.greenhopper.jira:gh-lexo-rank">
                        <customfieldname>Rank</customfieldname>
                        <customfieldvalues>
                            <customfieldvalue>0|i0ldpj:</customfieldvalue>

                        </customfieldvalues>
                    </customfield>
                                                                <customfield id="customfield_12310920" key="com.pyxis.greenhopper.jira:gh-global-rank">
                        <customfieldname>Rank (Obsolete)</customfieldname>
                        <customfieldvalues>
                            <customfieldvalue>122871</customfieldvalue>
                        </customfieldvalues>
                    </customfield>
                                                                                                                                                                                                                                                                                                                            <customfield id="customfield_12310222" key="com.atlassian.jira.ext.charting:timeinstatus">
                        <customfieldname>Time in Status</customfieldname>
                        <customfieldvalues>
                            
                        </customfieldvalues>
                    </customfield>
                                                                                                                        </customfields>
    </item>
</channel>
</rss>