<!-- 
RSS generated by JIRA (6.3.4#6332-sha1:51bc225ef474afe3128b2f66878477f322397b16) at Sun Dec 04 00:15:05 UTC 2016

It is possible to restrict the fields that are returned in this document by specifying the 'field' parameter in your request.
For example, to request only the issue key and summary add field=key&field=summary to the URL of your request.
For example:
https://issues.apache.org/jira/si/jira.issueviews:issue-xml/HIVE-11920/HIVE-11920.xml?field=key&amp;field=summary
-->
<rss version="0.92" >
<channel>
    <title>ASF JIRA</title>
    <link>https://issues.apache.org/jira</link>
    <description>This file is an XML representation of an issue</description>
    <language>en-uk</language>    <build-info>
        <version>6.3.4</version>
        <build-number>6332</build-number>
        <build-date>15-08-2014</build-date>
    </build-info>

<item>
            <title>[HIVE-11920] ADD JAR failing with URL schemes other than file/ivy/hdfs</title>
                <link>https://issues.apache.org/jira/browse/HIVE-11920</link>
                <project id="12310843" key="HIVE">Hive</project>
                    <description>&lt;p&gt;Example stack trace below. It looks like this was introduced by &lt;a href=&quot;https://issues.apache.org/jira/browse/HIVE-9664&quot; title=&quot;Hive &amp;quot;add jar&amp;quot; command should be able to download and add jars from a repository&quot; class=&quot;issue-link&quot; data-issue-key=&quot;HIVE-9664&quot;&gt;&lt;del&gt;HIVE-9664&lt;/del&gt;&lt;/a&gt;.&lt;/p&gt;

&lt;div class=&quot;preformatted panel&quot; style=&quot;border-width: 1px;&quot;&gt;&lt;div class=&quot;preformattedContent panelContent&quot;&gt;
&lt;pre&gt;015-09-16 19:53:16,502 ERROR [main]: SessionState (SessionState.java:printError(960)) - invalid url: wasb:///tmp/hive-udfs-0.1.jar, expecting ( file | hdfs | ivy)  as url scheme.
java.lang.RuntimeException: invalid url: wasb:///tmp/hive-udfs-0.1.jar, expecting ( file | hdfs | ivy)  as url scheme.
        at org.apache.hadoop.hive.ql.session.SessionState.getURLType(SessionState.java:1230)
        at org.apache.hadoop.hive.ql.session.SessionState.resolveAndDownload(SessionState.java:1237)
        at org.apache.hadoop.hive.ql.session.SessionState.add_resources(SessionState.java:1163)
        at org.apache.hadoop.hive.ql.session.SessionState.add_resources(SessionState.java:1149)
        at org.apache.hadoop.hive.ql.exec.FunctionTask.addFunctionResources(FunctionTask.java:301)
        at org.apache.hadoop.hive.ql.exec.Registry.registerToSessionRegistry(Registry.java:453)
        at org.apache.hadoop.hive.ql.exec.Registry.registerPermanentFunction(Registry.java:200)
        at org.apache.hadoop.hive.ql.exec.FunctionRegistry.registerPermanentFunction(FunctionRegistry.java:1495)
        at org.apache.hadoop.hive.ql.exec.FunctionTask.createPermanentFunction(FunctionTask.java:136)
        at org.apache.hadoop.hive.ql.exec.FunctionTask.execute(FunctionTask.java:75)
        at org.apache.hadoop.hive.ql.exec.Task.executeTask(Task.java:160)
        at org.apache.hadoop.hive.ql.exec.TaskRunner.runSequential(TaskRunner.java:89)
        at org.apache.hadoop.hive.ql.Driver.launchTask(Driver.java:1655)
        at org.apache.hadoop.hive.ql.Driver.execute(Driver.java:1414)
        at org.apache.hadoop.hive.ql.Driver.runInternal(Driver.java:1195)
        at org.apache.hadoop.hive.ql.Driver.run(Driver.java:1059)
        at org.apache.hadoop.hive.ql.Driver.run(Driver.java:1049)
        at org.apache.hadoop.hive.cli.CliDriver.processLocalCmd(CliDriver.java:213)
        at org.apache.hadoop.hive.cli.CliDriver.processCmd(CliDriver.java:165)
        at org.apache.hadoop.hive.cli.CliDriver.processLine(CliDriver.java:376)
        at org.apache.hadoop.hive.cli.CliDriver.executeDriver(CliDriver.java:736)
        at org.apache.hadoop.hive.cli.CliDriver.run(CliDriver.java:681)
        at org.apache.hadoop.hive.cli.CliDriver.main(CliDriver.java:621)
        at sun.reflect.NativeMethodAccessorImpl.invoke0(Native Method)
        at sun.reflect.NativeMethodAccessorImpl.invoke(NativeMethodAccessorImpl.java:57)
        at sun.reflect.DelegatingMethodAccessorImpl.invoke(DelegatingMethodAccessorImpl.java:43)
        at java.lang.reflect.Method.invoke(Method.java:606)
        at org.apache.hadoop.util.RunJar.run(RunJar.java:221)
        at org.apache.hadoop.util.RunJar.main(RunJar.java:136)
&lt;/pre&gt;
&lt;/div&gt;&lt;/div&gt;</description>
                <environment></environment>
        <key id="12895577">HIVE-11920</key>
            <summary>ADD JAR failing with URL schemes other than file/ivy/hdfs</summary>
                <type id="1" iconUrl="https://issues.apache.org/jira/images/icons/issuetypes/bug.png">Bug</type>
                                            <priority id="3" iconUrl="https://issues.apache.org/jira/images/icons/priorities/major.png">Major</priority>
                        <status id="6" iconUrl="https://issues.apache.org/jira/images/icons/statuses/closed.png" description="The issue is considered finished, the resolution is correct. Issues which are closed can be reopened.">Closed</status>
                    <statusCategory id="3" key="done" colorName="green"/>
                                    <resolution id="1">Fixed</resolution>
                                        <assignee username="jdere">Jason Dere</assignee>
                                    <reporter username="jdere">Jason Dere</reporter>
                        <labels>
                    </labels>
                <created>Tue, 22 Sep 2015 20:39:28 +0000</created>
                <updated>Tue, 16 Feb 2016 23:50:43 +0000</updated>
                            <resolved>Wed, 30 Sep 2015 18:45:29 +0000</resolved>
                                    <version>1.2.0</version>
                                    <fixVersion>1.3.0</fixVersion>
                    <fixVersion>2.0.0</fixVersion>
                                        <due></due>
                            <votes>0</votes>
                                    <watches>3</watches>
                                                                <comments>
                            <comment id="14903399" author="jdere" created="Tue, 22 Sep 2015 20:41:57 +0000"  >&lt;p&gt;Attaching fix plus qfile test. The qfile test passes on branch-0.14 code, so this  is a regression.&lt;/p&gt;</comment>
                            <comment id="14904867" author="hiveqa" created="Wed, 23 Sep 2015 17:28:54 +0000"  >

&lt;p&gt;&lt;font color=&quot;red&quot;&gt;Overall&lt;/font&gt;: -1 at least one tests failed&lt;/p&gt;

&lt;p&gt;Here are the results of testing the latest attachment:&lt;br/&gt;
&lt;a href=&quot;https://issues.apache.org/jira/secure/attachment/12761724/HIVE-11920.1.patch&quot; class=&quot;external-link&quot; rel=&quot;nofollow&quot;&gt;https://issues.apache.org/jira/secure/attachment/12761724/HIVE-11920.1.patch&lt;/a&gt;&lt;/p&gt;

&lt;p&gt;&lt;font color=&quot;red&quot;&gt;ERROR:&lt;/font&gt; -1 due to 4 failed/errored test(s), 9579 tests executed&lt;br/&gt;
&lt;b&gt;Failed tests:&lt;/b&gt;&lt;/p&gt;
&lt;div class=&quot;preformatted panel&quot; style=&quot;border-width: 1px;&quot;&gt;&lt;div class=&quot;preformattedContent panelContent&quot;&gt;
&lt;pre&gt;org.apache.hadoop.hive.cli.TestCliDriver.testCliDriver_vector_groupby_reduce
org.apache.hadoop.hive.cli.TestMiniTezCliDriver.testCliDriver_vector_groupby_reduce
org.apache.hive.hcatalog.api.TestHCatClient.testTableSchemaPropagation
org.apache.hive.hcatalog.streaming.TestStreaming.testInterleavedTransactionBatchCommits
&lt;/pre&gt;
&lt;/div&gt;&lt;/div&gt;

&lt;p&gt;Test results: &lt;a href=&quot;http://ec2-174-129-184-35.compute-1.amazonaws.com/jenkins/job/PreCommit-HIVE-TRUNK-Build/5387/testReport&quot; class=&quot;external-link&quot; rel=&quot;nofollow&quot;&gt;http://ec2-174-129-184-35.compute-1.amazonaws.com/jenkins/job/PreCommit-HIVE-TRUNK-Build/5387/testReport&lt;/a&gt;&lt;br/&gt;
Console output: &lt;a href=&quot;http://ec2-174-129-184-35.compute-1.amazonaws.com/jenkins/job/PreCommit-HIVE-TRUNK-Build/5387/console&quot; class=&quot;external-link&quot; rel=&quot;nofollow&quot;&gt;http://ec2-174-129-184-35.compute-1.amazonaws.com/jenkins/job/PreCommit-HIVE-TRUNK-Build/5387/console&lt;/a&gt;&lt;br/&gt;
Test logs: &lt;a href=&quot;http://ec2-174-129-184-35.compute-1.amazonaws.com/logs/PreCommit-HIVE-TRUNK-Build-5387/&quot; class=&quot;external-link&quot; rel=&quot;nofollow&quot;&gt;http://ec2-174-129-184-35.compute-1.amazonaws.com/logs/PreCommit-HIVE-TRUNK-Build-5387/&lt;/a&gt;&lt;/p&gt;

&lt;p&gt;Messages:&lt;/p&gt;
&lt;div class=&quot;preformatted panel&quot; style=&quot;border-width: 1px;&quot;&gt;&lt;div class=&quot;preformattedContent panelContent&quot;&gt;
&lt;pre&gt;Executing org.apache.hive.ptest.execution.PrepPhase
Executing org.apache.hive.ptest.execution.ExecutionPhase
Executing org.apache.hive.ptest.execution.ReportingPhase
Tests exited with: TestsFailedException: 4 tests failed
&lt;/pre&gt;
&lt;/div&gt;&lt;/div&gt;

&lt;p&gt;This message is automatically generated.&lt;/p&gt;

&lt;p&gt;ATTACHMENT ID: 12761724 - PreCommit-HIVE-TRUNK-Build&lt;/p&gt;</comment>
                            <comment id="14935828" author="hsubramaniyan" created="Tue, 29 Sep 2015 20:44:13 +0000"  >&lt;p&gt;ltgm +1&lt;/p&gt;</comment>
                            <comment id="14938258" author="jdere" created="Wed, 30 Sep 2015 18:45:29 +0000"  >&lt;p&gt;committed to master/branch-1&lt;/p&gt;</comment>
                    </comments>
                <issuelinks>
                            <issuelinktype id="12310000">
                    <name>Duplicate</name>
                                            <outwardlinks description="duplicates">
                                        <issuelink>
            <issuekey id="12873090">HIVE-11850</issuekey>
        </issuelink>
                            </outwardlinks>
                                                        </issuelinktype>
                            <issuelinktype id="10030">
                    <name>Reference</name>
                                                                <inwardlinks description="is related to">
                                        <issuelink>
            <issuekey id="12774427">HIVE-9664</issuekey>
        </issuelink>
                            </inwardlinks>
                                    </issuelinktype>
                    </issuelinks>
                <attachments>
                            <attachment id="12761724" name="HIVE-11920.1.patch" size="3010" author="jdere" created="Tue, 22 Sep 2015 20:41:57 +0000"/>
                    </attachments>
                <subtasks>
                    </subtasks>
                <customfields>
                                                <customfield id="customfield_12310310" key="com.atlassian.jira.toolkit:attachments">
                        <customfieldname>Attachment count</customfieldname>
                        <customfieldvalues>
                            <customfieldvalue>1.0</customfieldvalue>
                        </customfieldvalues>
                    </customfield>
                                                                                                                                                                                                                                                                                                                                                                                                                                                                                                                                <customfield id="customfield_12310220" key="com.atlassian.jira.ext.charting:firstresponsedate">
                        <customfieldname>Date of First Response</customfieldname>
                        <customfieldvalues>
                            <customfieldvalue>Wed, 23 Sep 2015 17:28:54 +0000</customfieldvalue>

                        </customfieldvalues>
                    </customfield>
                                                                                                                                                                                                                                                                                                                                                                                                                                            <customfield id="customfield_12310420" key="com.pyxis.greenhopper.jira:gh-global-rank">
                        <customfieldname>Global Rank</customfieldname>
                        <customfieldvalues>
                            <customfieldvalue>9223372036854775807</customfieldvalue>
                        </customfieldvalues>
                    </customfield>
                                                                                                                                                    <customfield id="customfield_12312521" key="com.atlassian.jira.toolkit:LastCommentDate">
                        <customfieldname>Last public comment date</customfieldname>
                        <customfieldvalues>
                            1 year, 9 weeks, 3 days ago
                        </customfieldvalues>
                    </customfield>
                                                                                            <customfield id="customfield_12311820" key="com.pyxis.greenhopper.jira:gh-lexo-rank">
                        <customfieldname>Rank</customfieldname>
                        <customfieldvalues>
                            <customfieldvalue>0|i2lfaf:</customfieldvalue>

                        </customfieldvalues>
                    </customfield>
                                                                <customfield id="customfield_12310920" key="com.pyxis.greenhopper.jira:gh-global-rank">
                        <customfieldname>Rank (Obsolete)</customfieldname>
                        <customfieldvalues>
                            <customfieldvalue>9223372036854775807</customfieldvalue>
                        </customfieldvalues>
                    </customfield>
                                                                                                                                                                                                                                                                                                                            <customfield id="customfield_12310222" key="com.atlassian.jira.ext.charting:timeinstatus">
                        <customfieldname>Time in Status</customfieldname>
                        <customfieldvalues>
                            
                        </customfieldvalues>
                    </customfield>
                                                                                                                        </customfields>
    </item>
</channel>
</rss>