<!-- 
RSS generated by JIRA (6.3.4#6332-sha1:51bc225ef474afe3128b2f66878477f322397b16) at Sat Dec 03 22:45:47 UTC 2016

It is possible to restrict the fields that are returned in this document by specifying the 'field' parameter in your request.
For example, to request only the issue key and summary add field=key&field=summary to the URL of your request.
For example:
https://issues.apache.org/jira/si/jira.issueviews:issue-xml/HIVE-10054/HIVE-10054.xml?field=key&amp;field=summary
-->
<rss version="0.92" >
<channel>
    <title>ASF JIRA</title>
    <link>https://issues.apache.org/jira</link>
    <description>This file is an XML representation of an issue</description>
    <language>en-uk</language>    <build-info>
        <version>6.3.4</version>
        <build-number>6332</build-number>
        <build-date>15-08-2014</build-date>
    </build-info>

<item>
            <title>[HIVE-10054] Clean up ETypeConverter since Parquet supports timestamp type already</title>
                <link>https://issues.apache.org/jira/browse/HIVE-10054</link>
                <project id="12310843" key="HIVE">Hive</project>
                    <description></description>
                <environment></environment>
        <key id="12784732">HIVE-10054</key>
            <summary>Clean up ETypeConverter since Parquet supports timestamp type already</summary>
                <type id="7" iconUrl="https://issues.apache.org/jira/images/icons/issuetypes/subtask_alternate.png">Sub-task</type>
                            <parent id="12741673">HIVE-8120</parent>
                                    <priority id="3" iconUrl="https://issues.apache.org/jira/images/icons/priorities/major.png">Major</priority>
                        <status id="5" iconUrl="https://issues.apache.org/jira/images/icons/statuses/resolved.png" description="A resolution has been taken, and it is awaiting verification by reporter. From here issues are either reopened, or are closed.">Resolved</status>
                    <statusCategory id="3" key="done" colorName="green"/>
                                    <resolution id="3">Duplicate</resolution>
                                        <assignee username="Ferd">Ferdinand Xu</assignee>
                                    <reporter username="Ferd">Ferdinand Xu</reporter>
                        <labels>
                    </labels>
                <created>Mon, 23 Mar 2015 03:52:06 +0000</created>
                <updated>Wed, 13 May 2015 22:06:42 +0000</updated>
                            <resolved>Wed, 13 May 2015 22:06:42 +0000</resolved>
                                                                        <due></due>
                            <votes>0</votes>
                                    <watches>3</watches>
                                                                <comments>
                            <comment id="14375408" author="ferd" created="Mon, 23 Mar 2015 05:13:09 +0000"  >&lt;p&gt;&lt;a href=&quot;https://issues.apache.org/jira/secure/ViewProfile.jspa?name=szehon&quot; class=&quot;user-hover&quot; rel=&quot;szehon&quot;&gt;Szehon Ho&lt;/a&gt;, can you help review this patch? Thank you!&lt;/p&gt;</comment>
                            <comment id="14375457" author="hiveqa" created="Mon, 23 Mar 2015 06:40:48 +0000"  >

&lt;p&gt;&lt;font color=&quot;green&quot;&gt;Overall&lt;/font&gt;: +1 all checks pass&lt;/p&gt;

&lt;p&gt;Here are the results of testing the latest attachment:&lt;br/&gt;
&lt;a href=&quot;https://issues.apache.org/jira/secure/attachment/12706451/HIVE-10054.patch&quot; class=&quot;external-link&quot; rel=&quot;nofollow&quot;&gt;https://issues.apache.org/jira/secure/attachment/12706451/HIVE-10054.patch&lt;/a&gt;&lt;/p&gt;

&lt;p&gt;&lt;font color=&quot;green&quot;&gt;SUCCESS:&lt;/font&gt; +1 7818 tests passed&lt;/p&gt;

&lt;p&gt;Test results: &lt;a href=&quot;http://ec2-174-129-184-35.compute-1.amazonaws.com/jenkins/job/PreCommit-HIVE-TRUNK-Build/3112/testReport&quot; class=&quot;external-link&quot; rel=&quot;nofollow&quot;&gt;http://ec2-174-129-184-35.compute-1.amazonaws.com/jenkins/job/PreCommit-HIVE-TRUNK-Build/3112/testReport&lt;/a&gt;&lt;br/&gt;
Console output: &lt;a href=&quot;http://ec2-174-129-184-35.compute-1.amazonaws.com/jenkins/job/PreCommit-HIVE-TRUNK-Build/3112/console&quot; class=&quot;external-link&quot; rel=&quot;nofollow&quot;&gt;http://ec2-174-129-184-35.compute-1.amazonaws.com/jenkins/job/PreCommit-HIVE-TRUNK-Build/3112/console&lt;/a&gt;&lt;br/&gt;
Test logs: &lt;a href=&quot;http://ec2-174-129-184-35.compute-1.amazonaws.com/logs/PreCommit-HIVE-TRUNK-Build-3112/&quot; class=&quot;external-link&quot; rel=&quot;nofollow&quot;&gt;http://ec2-174-129-184-35.compute-1.amazonaws.com/logs/PreCommit-HIVE-TRUNK-Build-3112/&lt;/a&gt;&lt;/p&gt;

&lt;p&gt;Messages:&lt;/p&gt;
&lt;div class=&quot;preformatted panel&quot; style=&quot;border-width: 1px;&quot;&gt;&lt;div class=&quot;preformattedContent panelContent&quot;&gt;
&lt;pre&gt;Executing org.apache.hive.ptest.execution.PrepPhase
Executing org.apache.hive.ptest.execution.ExecutionPhase
Executing org.apache.hive.ptest.execution.ReportingPhase
&lt;/pre&gt;
&lt;/div&gt;&lt;/div&gt;

&lt;p&gt;This message is automatically generated.&lt;/p&gt;

&lt;p&gt;ATTACHMENT ID: 12706451 - PreCommit-HIVE-TRUNK-Build&lt;/p&gt;</comment>
                            <comment id="14375992" author="spena" created="Mon, 23 Mar 2015 14:48:54 +0000"  >&lt;p&gt;Hi &lt;a href=&quot;https://issues.apache.org/jira/secure/ViewProfile.jspa?name=Ferd&quot; class=&quot;user-hover&quot; rel=&quot;Ferd&quot;&gt;Ferdinand Xu&lt;/a&gt;&lt;/p&gt;

&lt;p&gt;How is this change related to parquet timestamp support? &lt;br/&gt;
I see the only change was to remove ETypeConverter.&lt;/p&gt;</comment>
                            <comment id="14376337" author="szehon" created="Mon, 23 Mar 2015 18:28:10 +0000"  >&lt;p&gt;Yea, I think &lt;a href=&quot;https://issues.apache.org/jira/secure/ViewProfile.jspa?name=rdblue&quot; class=&quot;user-hover&quot; rel=&quot;rdblue&quot;&gt;Ryan Blue&lt;/a&gt; had told me that once parquet support timestamp, we dont need to associate it with Int96 that is there in the if block, thats what this was about.  &lt;/p&gt;

&lt;p&gt;&apos;Timestamp&apos; type would apparently be some sort of annotation.  But we need to think about backward compatibility too if we make the change, I havent had too much time to think about it.&lt;/p&gt;</comment>
                            <comment id="14379112" author="ferd" created="Wed, 25 Mar 2015 01:29:26 +0000"  >&lt;p&gt;Thanks &lt;a href=&quot;https://issues.apache.org/jira/secure/ViewProfile.jspa?name=szehon&quot; class=&quot;user-hover&quot; rel=&quot;szehon&quot;&gt;Szehon Ho&lt;/a&gt; and &lt;a href=&quot;https://issues.apache.org/jira/secure/ViewProfile.jspa?name=frespios&quot; class=&quot;user-hover&quot; rel=&quot;frespios&quot;&gt;FABIAN SERGIO RODRIGUEZ LUNA&lt;/a&gt; for your review. &lt;br/&gt;
Hi &lt;a href=&quot;https://issues.apache.org/jira/secure/ViewProfile.jspa?name=rdblue&quot; class=&quot;user-hover&quot; rel=&quot;rdblue&quot;&gt;Ryan Blue&lt;/a&gt;, can we disassociate timestamp type with Int96 regarding to the backward compatibility?&lt;/p&gt;</comment>
                            <comment id="14379385" author="hiveqa" created="Wed, 25 Mar 2015 06:43:46 +0000"  >

&lt;p&gt;&lt;font color=&quot;red&quot;&gt;Overall&lt;/font&gt;: -1 at least one tests failed&lt;/p&gt;

&lt;p&gt;Here are the results of testing the latest attachment:&lt;br/&gt;
&lt;a href=&quot;https://issues.apache.org/jira/secure/attachment/12707093/HIVE-10054.1.patch&quot; class=&quot;external-link&quot; rel=&quot;nofollow&quot;&gt;https://issues.apache.org/jira/secure/attachment/12707093/HIVE-10054.1.patch&lt;/a&gt;&lt;/p&gt;

&lt;p&gt;&lt;font color=&quot;red&quot;&gt;ERROR:&lt;/font&gt; -1 due to 48 failed/errored test(s), 8337 tests executed&lt;br/&gt;
&lt;b&gt;Failed tests:&lt;/b&gt;&lt;/p&gt;
&lt;div class=&quot;preformatted panel&quot; style=&quot;border-width: 1px;&quot;&gt;&lt;div class=&quot;preformattedContent panelContent&quot;&gt;
&lt;pre&gt;org.apache.hadoop.hive.cli.TestCliDriver.testCliDriver_parquet_array_null_element
org.apache.hadoop.hive.cli.TestCliDriver.testCliDriver_parquet_array_of_multi_field_struct
org.apache.hadoop.hive.cli.TestCliDriver.testCliDriver_parquet_array_of_optional_elements
org.apache.hadoop.hive.cli.TestCliDriver.testCliDriver_parquet_array_of_required_elements
org.apache.hadoop.hive.cli.TestCliDriver.testCliDriver_parquet_array_of_single_field_struct
org.apache.hadoop.hive.cli.TestCliDriver.testCliDriver_parquet_array_of_structs
org.apache.hadoop.hive.cli.TestCliDriver.testCliDriver_parquet_array_of_unannotated_groups
org.apache.hadoop.hive.cli.TestCliDriver.testCliDriver_parquet_array_of_unannotated_primitives
org.apache.hadoop.hive.cli.TestCliDriver.testCliDriver_parquet_avro_array_of_primitives
org.apache.hadoop.hive.cli.TestCliDriver.testCliDriver_parquet_avro_array_of_single_field_struct
org.apache.hadoop.hive.cli.TestCliDriver.testCliDriver_parquet_columnar
org.apache.hadoop.hive.cli.TestCliDriver.testCliDriver_parquet_create
org.apache.hadoop.hive.cli.TestCliDriver.testCliDriver_parquet_ctas
org.apache.hadoop.hive.cli.TestCliDriver.testCliDriver_parquet_decimal
org.apache.hadoop.hive.cli.TestCliDriver.testCliDriver_parquet_decimal1
org.apache.hadoop.hive.cli.TestCliDriver.testCliDriver_parquet_join
org.apache.hadoop.hive.cli.TestCliDriver.testCliDriver_parquet_map_null
org.apache.hadoop.hive.cli.TestCliDriver.testCliDriver_parquet_map_of_arrays_of_ints
org.apache.hadoop.hive.cli.TestCliDriver.testCliDriver_parquet_map_of_maps
org.apache.hadoop.hive.cli.TestCliDriver.testCliDriver_parquet_mixed_case
org.apache.hadoop.hive.cli.TestCliDriver.testCliDriver_parquet_nested_complex
org.apache.hadoop.hive.cli.TestCliDriver.testCliDriver_parquet_partitioned
org.apache.hadoop.hive.cli.TestCliDriver.testCliDriver_parquet_read_backward_compatible_files
org.apache.hadoop.hive.cli.TestCliDriver.testCliDriver_parquet_thrift_array_of_primitives
org.apache.hadoop.hive.cli.TestCliDriver.testCliDriver_parquet_thrift_array_of_single_field_struct
org.apache.hadoop.hive.cli.TestCliDriver.testCliDriver_parquet_types
org.apache.hadoop.hive.cli.TestCliDriver.testCliDriver_udaf_percentile_approx_23
org.apache.hadoop.hive.cli.TestCliDriver.testCliDriver_vectorized_parquet
org.apache.hadoop.hive.cli.TestMiniTezCliDriver.testCliDriver_vectorized_parquet
org.apache.hadoop.hive.cli.TestSparkCliDriver.testCliDriver_parquet_join
org.apache.hadoop.hive.ql.io.parquet.TestArrayCompatibility.testAmbiguousSingleFieldGroupInList
org.apache.hadoop.hive.ql.io.parquet.TestArrayCompatibility.testAvroPrimitiveInList
org.apache.hadoop.hive.ql.io.parquet.TestArrayCompatibility.testAvroSingleFieldGroupInList
org.apache.hadoop.hive.ql.io.parquet.TestArrayCompatibility.testHiveRequiredGroupInList
org.apache.hadoop.hive.ql.io.parquet.TestArrayCompatibility.testMultiFieldGroupInList
org.apache.hadoop.hive.ql.io.parquet.TestArrayCompatibility.testNewOptionalGroupInList
org.apache.hadoop.hive.ql.io.parquet.TestArrayCompatibility.testNewRequiredGroupInList
org.apache.hadoop.hive.ql.io.parquet.TestArrayCompatibility.testThriftPrimitiveInList
org.apache.hadoop.hive.ql.io.parquet.TestArrayCompatibility.testThriftSingleFieldGroupInList
org.apache.hadoop.hive.ql.io.parquet.TestArrayCompatibility.testUnannotatedListOfGroups
org.apache.hadoop.hive.ql.io.parquet.TestArrayCompatibility.testUnannotatedListOfPrimitives
org.apache.hadoop.hive.ql.io.parquet.TestMapStructures.testDoubleMapWithStructValue
org.apache.hadoop.hive.ql.io.parquet.TestMapStructures.testMapWithComplexKey
org.apache.hadoop.hive.ql.io.parquet.TestMapStructures.testNestedMap
org.apache.hadoop.hive.ql.io.parquet.TestMapStructures.testStringMapOfOptionalArray
org.apache.hadoop.hive.ql.io.parquet.TestMapStructures.testStringMapOfOptionalIntArray
org.apache.hadoop.hive.ql.io.parquet.TestMapStructures.testStringMapOptionalPrimitive
org.apache.hadoop.hive.ql.io.parquet.TestMapStructures.testStringMapRequiredPrimitive
&lt;/pre&gt;
&lt;/div&gt;&lt;/div&gt;

&lt;p&gt;Test results: &lt;a href=&quot;http://ec2-174-129-184-35.compute-1.amazonaws.com/jenkins/job/PreCommit-HIVE-TRUNK-Build/3142/testReport&quot; class=&quot;external-link&quot; rel=&quot;nofollow&quot;&gt;http://ec2-174-129-184-35.compute-1.amazonaws.com/jenkins/job/PreCommit-HIVE-TRUNK-Build/3142/testReport&lt;/a&gt;&lt;br/&gt;
Console output: &lt;a href=&quot;http://ec2-174-129-184-35.compute-1.amazonaws.com/jenkins/job/PreCommit-HIVE-TRUNK-Build/3142/console&quot; class=&quot;external-link&quot; rel=&quot;nofollow&quot;&gt;http://ec2-174-129-184-35.compute-1.amazonaws.com/jenkins/job/PreCommit-HIVE-TRUNK-Build/3142/console&lt;/a&gt;&lt;br/&gt;
Test logs: &lt;a href=&quot;http://ec2-174-129-184-35.compute-1.amazonaws.com/logs/PreCommit-HIVE-TRUNK-Build-3142/&quot; class=&quot;external-link&quot; rel=&quot;nofollow&quot;&gt;http://ec2-174-129-184-35.compute-1.amazonaws.com/logs/PreCommit-HIVE-TRUNK-Build-3142/&lt;/a&gt;&lt;/p&gt;

&lt;p&gt;Messages:&lt;/p&gt;
&lt;div class=&quot;preformatted panel&quot; style=&quot;border-width: 1px;&quot;&gt;&lt;div class=&quot;preformattedContent panelContent&quot;&gt;
&lt;pre&gt;Executing org.apache.hive.ptest.execution.PrepPhase
Executing org.apache.hive.ptest.execution.ExecutionPhase
Executing org.apache.hive.ptest.execution.ReportingPhase
Tests exited with: TestsFailedException: 48 tests failed
&lt;/pre&gt;
&lt;/div&gt;&lt;/div&gt;

&lt;p&gt;This message is automatically generated.&lt;/p&gt;

&lt;p&gt;ATTACHMENT ID: 12707093 - PreCommit-HIVE-TRUNK-Build&lt;/p&gt;</comment>
                            <comment id="14542822" author="spena" created="Wed, 13 May 2015 22:06:04 +0000"  >&lt;p&gt;&lt;a href=&quot;https://issues.apache.org/jira/secure/ViewProfile.jspa?name=Ferd&quot; class=&quot;user-hover&quot; rel=&quot;Ferd&quot;&gt;Ferdinand Xu&lt;/a&gt; There is a duplicated patch for this on &lt;a href=&quot;https://issues.apache.org/jira/browse/HIVE-10642&quot; title=&quot;Update Timestamp type mapping to Parquet &quot; class=&quot;issue-link&quot; data-issue-key=&quot;HIVE-10642&quot;&gt;HIVE-10642&lt;/a&gt;. &lt;br/&gt;
We should be compatible with older files that still uses INT96 for timestamp. The patch on &lt;a href=&quot;https://issues.apache.org/jira/browse/HIVE-10642&quot; title=&quot;Update Timestamp type mapping to Parquet &quot; class=&quot;issue-link&quot; data-issue-key=&quot;HIVE-10642&quot;&gt;HIVE-10642&lt;/a&gt; addresses that, and also supports the new TIMESTAMP_MILLIS.&lt;/p&gt;

&lt;p&gt;I will set this as duplicate. &lt;/p&gt;</comment>
                    </comments>
                <issuelinks>
                            <issuelinktype id="12310000">
                    <name>Duplicate</name>
                                                                <inwardlinks description="is duplicated by">
                                        <issuelink>
            <issuekey id="12827952">HIVE-10642</issuekey>
        </issuelink>
                            </inwardlinks>
                                    </issuelinktype>
                    </issuelinks>
                <attachments>
                            <attachment id="12707093" name="HIVE-10054.1.patch" size="1086" author="Ferd" created="Wed, 25 Mar 2015 01:04:44 +0000"/>
                            <attachment id="12706451" name="HIVE-10054.patch" size="1053" author="Ferd" created="Mon, 23 Mar 2015 05:13:09 +0000"/>
                    </attachments>
                <subtasks>
                    </subtasks>
                <customfields>
                                                <customfield id="customfield_12310310" key="com.atlassian.jira.toolkit:attachments">
                        <customfieldname>Attachment count</customfieldname>
                        <customfieldvalues>
                            <customfieldvalue>2.0</customfieldvalue>
                        </customfieldvalues>
                    </customfield>
                                                                                                                                                                                                                                                                                                                                                                                                                                                                                                                                <customfield id="customfield_12310220" key="com.atlassian.jira.ext.charting:firstresponsedate">
                        <customfieldname>Date of First Response</customfieldname>
                        <customfieldvalues>
                            <customfieldvalue>Mon, 23 Mar 2015 06:40:48 +0000</customfieldvalue>

                        </customfieldvalues>
                    </customfield>
                                                                                                                                                                                                                                                                                                                                                                                                                                            <customfield id="customfield_12310420" key="com.pyxis.greenhopper.jira:gh-global-rank">
                        <customfieldname>Global Rank</customfieldname>
                        <customfieldvalues>
                            <customfieldvalue>9223372036854775807</customfieldvalue>
                        </customfieldvalues>
                    </customfield>
                                                                                                                                                    <customfield id="customfield_12312521" key="com.atlassian.jira.toolkit:LastCommentDate">
                        <customfieldname>Last public comment date</customfieldname>
                        <customfieldvalues>
                            1 year, 29 weeks, 3 days ago
                        </customfieldvalues>
                    </customfield>
                                                                                            <customfield id="customfield_12311820" key="com.pyxis.greenhopper.jira:gh-lexo-rank">
                        <customfieldname>Rank</customfieldname>
                        <customfieldvalues>
                            <customfieldvalue>0|i277lr:</customfieldvalue>

                        </customfieldvalues>
                    </customfield>
                                                                <customfield id="customfield_12310920" key="com.pyxis.greenhopper.jira:gh-global-rank">
                        <customfieldname>Rank (Obsolete)</customfieldname>
                        <customfieldvalues>
                            <customfieldvalue>9223372036854775807</customfieldvalue>
                        </customfieldvalues>
                    </customfield>
                                                                                                                                                                                                                                                                                                                            <customfield id="customfield_12310222" key="com.atlassian.jira.ext.charting:timeinstatus">
                        <customfieldname>Time in Status</customfieldname>
                        <customfieldvalues>
                            
                        </customfieldvalues>
                    </customfield>
                                                                                                                        </customfields>
    </item>
</channel>
</rss>