<!-- 
RSS generated by JIRA (6.3.4#6332-sha1:51bc225ef474afe3128b2f66878477f322397b16) at Sat Dec 03 23:29:23 UTC 2016

It is possible to restrict the fields that are returned in this document by specifying the 'field' parameter in your request.
For example, to request only the issue key and summary add field=key&field=summary to the URL of your request.
For example:
https://issues.apache.org/jira/si/jira.issueviews:issue-xml/HIVE-1263/HIVE-1263.xml?field=key&amp;field=summary
-->
<rss version="0.92" >
<channel>
    <title>ASF JIRA</title>
    <link>https://issues.apache.org/jira</link>
    <description>This file is an XML representation of an issue</description>
    <language>en-uk</language>    <build-info>
        <version>6.3.4</version>
        <build-number>6332</build-number>
        <build-date>15-08-2014</build-date>
    </build-info>

<item>
            <title>[HIVE-1263] Is it time for INSERT APPEND?</title>
                <link>https://issues.apache.org/jira/browse/HIVE-1263</link>
                <project id="12310843" key="HIVE">Hive</project>
                    <description>&lt;p&gt;It seems to me that for someone who did not want to wipe an existing table but just wanted to add rows to it, that an INSERT APPEND may be desirable. I would expect that the mechanism by which this would take place is the whole normal mapreduce step as if an OVERWRITE were taking place, but the end result would be adding files to the hdfs directory rather than wiping the directory and replacing it with a new one.&lt;/p&gt;

&lt;p&gt;Or failing that, INSERT APPEND could be syntactic sugar for an INSERT OVERWRITE on the same table, but with the SELECT statement replaced with the user-specified SELECT and UNION ALL&apos;d on select * for the existing table...which is my current workaround, but seems like an inelegant query.&lt;/p&gt;</description>
                <environment></environment>
        <key id="12459769">HIVE-1263</key>
            <summary>Is it time for INSERT APPEND?</summary>
                <type id="2" iconUrl="https://issues.apache.org/jira/images/icons/issuetypes/newfeature.png">New Feature</type>
                                            <priority id="3" iconUrl="https://issues.apache.org/jira/images/icons/priorities/major.png">Major</priority>
                        <status id="5" iconUrl="https://issues.apache.org/jira/images/icons/statuses/resolved.png" description="A resolution has been taken, and it is awaiting verification by reporter. From here issues are either reopened, or are closed.">Resolved</status>
                    <statusCategory id="3" key="done" colorName="green"/>
                                    <resolution id="3">Duplicate</resolution>
                                        <assignee username="-1">Unassigned</assignee>
                                    <reporter username="akramer">Adam Kramer</reporter>
                        <labels>
                    </labels>
                <created>Sat, 20 Mar 2010 21:58:27 +0000</created>
                <updated>Fri, 24 Feb 2012 20:51:43 +0000</updated>
                            <resolved>Fri, 8 Apr 2011 18:24:43 +0000</resolved>
                                                                        <due></due>
                            <votes>0</votes>
                                    <watches>5</watches>
                                                                <comments>
                            <comment id="12873361" author="hammer" created="Sun, 30 May 2010 03:04:18 +0000"  >&lt;p&gt;Seems like a dupe of &lt;a href=&quot;https://issues.apache.org/jira/browse/HIVE-306&quot; title=&quot;Support &amp;quot;INSERT [INTO] destination&amp;quot;&quot; class=&quot;issue-link&quot; data-issue-key=&quot;HIVE-306&quot;&gt;&lt;del&gt;HIVE-306&lt;/del&gt;&lt;/a&gt;; should one of these be closed?&lt;/p&gt;</comment>
                            <comment id="13017584" author="akramer" created="Fri, 8 Apr 2011 18:24:08 +0000"  >&lt;p&gt;Closing in favor of &lt;a href=&quot;https://issues.apache.org/jira/browse/HIVE-306&quot; title=&quot;Support &amp;quot;INSERT [INTO] destination&amp;quot;&quot; class=&quot;issue-link&quot; data-issue-key=&quot;HIVE-306&quot;&gt;&lt;del&gt;HIVE-306&lt;/del&gt;&lt;/a&gt;&lt;/p&gt;</comment>
                            <comment id="13017585" author="akramer" created="Fri, 8 Apr 2011 18:24:43 +0000"  >&lt;p&gt;Hive-306&lt;/p&gt;</comment>
                    </comments>
                <issuelinks>
                            <issuelinktype id="12310000">
                    <name>Duplicate</name>
                                            <outwardlinks description="duplicates">
                                        <issuelink>
            <issuekey id="12415536">HIVE-306</issuekey>
        </issuelink>
                            </outwardlinks>
                                                        </issuelinktype>
                            <issuelinktype id="10030">
                    <name>Reference</name>
                                                                <inwardlinks description="is related to">
                                        <issuelink>
            <issuekey id="12433882">HIVE-787</issuekey>
        </issuelink>
                            </inwardlinks>
                                    </issuelinktype>
                    </issuelinks>
                <attachments>
                    </attachments>
                <subtasks>
                    </subtasks>
                <customfields>
                                                <customfield id="customfield_12310310" key="com.atlassian.jira.toolkit:attachments">
                        <customfieldname>Attachment count</customfieldname>
                        <customfieldvalues>
                            <customfieldvalue>0.0</customfieldvalue>
                        </customfieldvalues>
                    </customfield>
                                                                                                                                                                                                                                                                                                                                                                                                                                                                                                                                <customfield id="customfield_12310220" key="com.atlassian.jira.ext.charting:firstresponsedate">
                        <customfieldname>Date of First Response</customfieldname>
                        <customfieldvalues>
                            <customfieldvalue>Sun, 30 May 2010 03:04:18 +0000</customfieldvalue>

                        </customfieldvalues>
                    </customfield>
                                                                                                                                                                                                                                                                                                                                                                                                                                            <customfield id="customfield_12310420" key="com.pyxis.greenhopper.jira:gh-global-rank">
                        <customfieldname>Global Rank</customfieldname>
                        <customfieldvalues>
                            <customfieldvalue>73008</customfieldvalue>
                        </customfieldvalues>
                    </customfield>
                                                                                                                                                    <customfield id="customfield_12312521" key="com.atlassian.jira.toolkit:LastCommentDate">
                        <customfieldname>Last public comment date</customfieldname>
                        <customfieldvalues>
                            5 years, 35 weeks, 1 day ago
                        </customfieldvalues>
                    </customfield>
                                                                                            <customfield id="customfield_12311820" key="com.pyxis.greenhopper.jira:gh-lexo-rank">
                        <customfieldname>Rank</customfieldname>
                        <customfieldvalues>
                            <customfieldvalue>0|i0le7r:</customfieldvalue>

                        </customfieldvalues>
                    </customfield>
                                                                <customfield id="customfield_12310920" key="com.pyxis.greenhopper.jira:gh-global-rank">
                        <customfieldname>Rank (Obsolete)</customfieldname>
                        <customfieldvalues>
                            <customfieldvalue>122953</customfieldvalue>
                        </customfieldvalues>
                    </customfield>
                                                                                                                                                                                                                                                                                                                            <customfield id="customfield_12310222" key="com.atlassian.jira.ext.charting:timeinstatus">
                        <customfieldname>Time in Status</customfieldname>
                        <customfieldvalues>
                            
                        </customfieldvalues>
                    </customfield>
                                                                                                                        </customfields>
    </item>
</channel>
</rss>