<!-- 
RSS generated by JIRA (6.3.4#6332-sha1:51bc225ef474afe3128b2f66878477f322397b16) at Fri Dec 02 11:45:54 UTC 2016

It is possible to restrict the fields that are returned in this document by specifying the 'field' parameter in your request.
For example, to request only the issue key and summary add field=key&field=summary to the URL of your request.
For example:
https://issues.apache.org/jira/si/jira.issueviews:issue-xml/HIVE-12406/HIVE-12406.xml?field=key&amp;field=summary
-->
<rss version="0.92" >
<channel>
    <title>ASF JIRA</title>
    <link>https://issues.apache.org/jira</link>
    <description>This file is an XML representation of an issue</description>
    <language>en-uk</language>    <build-info>
        <version>6.3.4</version>
        <build-number>6332</build-number>
        <build-date>15-08-2014</build-date>
    </build-info>

<item>
            <title>[HIVE-12406] HIVE-9500 introduced incompatible change to LazySimpleSerDe public interface</title>
                <link>https://issues.apache.org/jira/browse/HIVE-12406</link>
                <project id="12310843" key="HIVE">Hive</project>
                    <description>&lt;p&gt;In the process of fixing &lt;a href=&quot;https://issues.apache.org/jira/browse/HIVE-9500&quot; title=&quot;Support nested structs over 24 levels.&quot; class=&quot;issue-link&quot; data-issue-key=&quot;HIVE-9500&quot;&gt;&lt;del&gt;HIVE-9500&lt;/del&gt;&lt;/a&gt;, an incompatibility was introduced that will break 3rd party code that relies on LazySimpleSerde. In &lt;a href=&quot;https://issues.apache.org/jira/browse/HIVE-9500&quot; title=&quot;Support nested structs over 24 levels.&quot; class=&quot;issue-link&quot; data-issue-key=&quot;HIVE-9500&quot;&gt;&lt;del&gt;HIVE-9500&lt;/del&gt;&lt;/a&gt;, the nested class SerDeParamaters was removed and the method LazySimpleSerDe.initSerdeParms was also removed. They were replaced by a standalone class LazySerDeParameters.&lt;/p&gt;

&lt;p&gt;Since this has already been released, I don&apos;t think we should revert the change since that would mean breaking compatibility again. Instead, the best approach would be to support both interfaces, if possible. &lt;/p&gt;</description>
                <environment></environment>
        <key id="12912742">HIVE-12406</key>
            <summary>HIVE-9500 introduced incompatible change to LazySimpleSerDe public interface</summary>
                <type id="1" iconUrl="https://issues.apache.org/jira/images/icons/issuetypes/bug.png">Bug</type>
                                            <priority id="1" iconUrl="https://issues.apache.org/jira/images/icons/priorities/blocker.png">Blocker</priority>
                        <status id="6" iconUrl="https://issues.apache.org/jira/images/icons/statuses/closed.png" description="The issue is considered finished, the resolution is correct. Issues which are closed can be reopened.">Closed</status>
                    <statusCategory id="3" key="done" colorName="green"/>
                                    <resolution id="1">Fixed</resolution>
                                        <assignee username="aihuaxu">Aihua Xu</assignee>
                                    <reporter username="lskuff">Lenni Kuff</reporter>
                        <labels>
                    </labels>
                <created>Fri, 13 Nov 2015 07:39:39 +0000</created>
                <updated>Tue, 16 Feb 2016 23:52:45 +0000</updated>
                            <resolved>Mon, 23 Nov 2015 20:47:35 +0000</resolved>
                                    <version>1.2.0</version>
                                    <fixVersion>1.3.0</fixVersion>
                    <fixVersion>2.0.0</fixVersion>
                                    <component>Serializers/Deserializers</component>
                        <due></due>
                            <votes>0</votes>
                                    <watches>6</watches>
                                                                <comments>
                            <comment id="15009426" author="aihuaxu" created="Tue, 17 Nov 2015 20:22:11 +0000"  >&lt;p&gt;Attached the patch which added deprecated inner class and initSerDeParams() back.&lt;/p&gt;</comment>
                            <comment id="15018448" author="szehon" created="Fri, 20 Nov 2015 18:16:17 +0000"  >&lt;p&gt;+1 lgtm.  Minor suggestion is to annotate the new class with public and stability interfaces to make it clear-er in future.&lt;/p&gt;</comment>
                            <comment id="15018519" author="aihuaxu" created="Fri, 20 Nov 2015 18:55:58 +0000"  >&lt;p&gt;Thanks &lt;a href=&quot;https://issues.apache.org/jira/secure/ViewProfile.jspa?name=szehon&quot; class=&quot;user-hover&quot; rel=&quot;szehon&quot;&gt;Szehon Ho&lt;/a&gt; for reviewing. I attached the new patch to address the comments.&lt;/p&gt;</comment>
                            <comment id="15018599" author="szehon" created="Fri, 20 Nov 2015 19:27:30 +0000"  >&lt;p&gt;Thanks Aihua!  Do you think LazySimpleSerDe also need the annotations (the method is on there) ?&lt;/p&gt;</comment>
                            <comment id="15018694" author="szehon" created="Fri, 20 Nov 2015 20:12:57 +0000"  >&lt;p&gt;+1 thanks!&lt;/p&gt;</comment>
                            <comment id="15019155" author="hiveqa" created="Sat, 21 Nov 2015 00:14:56 +0000"  >

&lt;p&gt;Here are the results of testing the latest attachment:&lt;br/&gt;
&lt;a href=&quot;https://issues.apache.org/jira/secure/attachment/12773587/HIVE-12406.2.patch&quot; class=&quot;external-link&quot; rel=&quot;nofollow&quot;&gt;https://issues.apache.org/jira/secure/attachment/12773587/HIVE-12406.2.patch&lt;/a&gt;&lt;/p&gt;

&lt;p&gt;&lt;font color=&quot;green&quot;&gt;SUCCESS:&lt;/font&gt; +1 due to 1 test(s) being added or modified.&lt;/p&gt;

&lt;p&gt;&lt;font color=&quot;red&quot;&gt;ERROR:&lt;/font&gt; -1 due to 5 failed/errored test(s), 9832 tests executed&lt;br/&gt;
&lt;b&gt;Failed tests:&lt;/b&gt;&lt;/p&gt;
&lt;div class=&quot;preformatted panel&quot; style=&quot;border-width: 1px;&quot;&gt;&lt;div class=&quot;preformattedContent panelContent&quot;&gt;
&lt;pre&gt;TestHWISessionManager - did not produce a TEST-*.xml file
TestMiniLlapCliDriver - did not produce a TEST-*.xml file
org.apache.hadoop.hive.cli.TestCliDriver.testCliDriver_udaf_histogram_numeric
org.apache.hadoop.hive.cli.TestNegativeCliDriver.testNegativeCliDriver_authorization_uri_import
org.apache.hive.jdbc.TestSSL.testSSLVersion
&lt;/pre&gt;
&lt;/div&gt;&lt;/div&gt;

&lt;p&gt;Test results: &lt;a href=&quot;http://ec2-174-129-184-35.compute-1.amazonaws.com/jenkins/job/PreCommit-HIVE-TRUNK-Build/6085/testReport&quot; class=&quot;external-link&quot; rel=&quot;nofollow&quot;&gt;http://ec2-174-129-184-35.compute-1.amazonaws.com/jenkins/job/PreCommit-HIVE-TRUNK-Build/6085/testReport&lt;/a&gt;&lt;br/&gt;
Console output: &lt;a href=&quot;http://ec2-174-129-184-35.compute-1.amazonaws.com/jenkins/job/PreCommit-HIVE-TRUNK-Build/6085/console&quot; class=&quot;external-link&quot; rel=&quot;nofollow&quot;&gt;http://ec2-174-129-184-35.compute-1.amazonaws.com/jenkins/job/PreCommit-HIVE-TRUNK-Build/6085/console&lt;/a&gt;&lt;br/&gt;
Test logs: &lt;a href=&quot;http://ec2-174-129-184-35.compute-1.amazonaws.com/logs/PreCommit-HIVE-TRUNK-Build-6085/&quot; class=&quot;external-link&quot; rel=&quot;nofollow&quot;&gt;http://ec2-174-129-184-35.compute-1.amazonaws.com/logs/PreCommit-HIVE-TRUNK-Build-6085/&lt;/a&gt;&lt;/p&gt;

&lt;p&gt;Messages:&lt;/p&gt;
&lt;div class=&quot;preformatted panel&quot; style=&quot;border-width: 1px;&quot;&gt;&lt;div class=&quot;preformattedContent panelContent&quot;&gt;
&lt;pre&gt;Executing org.apache.hive.ptest.execution.TestCheckPhase
Executing org.apache.hive.ptest.execution.PrepPhase
Executing org.apache.hive.ptest.execution.ExecutionPhase
Executing org.apache.hive.ptest.execution.ReportingPhase
Tests exited with: TestsFailedException: 5 tests failed
&lt;/pre&gt;
&lt;/div&gt;&lt;/div&gt;

&lt;p&gt;This message is automatically generated.&lt;/p&gt;

&lt;p&gt;ATTACHMENT ID: 12773587 - PreCommit-HIVE-TRUNK-Build&lt;/p&gt;</comment>
                            <comment id="15020673" author="aihuaxu" created="Sat, 21 Nov 2015 20:29:57 +0000"  >&lt;p&gt;Seems the tests are not related.&lt;/p&gt;</comment>
                            <comment id="15020676" author="aihuaxu" created="Sat, 21 Nov 2015 20:31:23 +0000"  >&lt;p&gt;&lt;a href=&quot;https://issues.apache.org/jira/secure/ViewProfile.jspa?name=szehon&quot; class=&quot;user-hover&quot; rel=&quot;szehon&quot;&gt;Szehon Ho&lt;/a&gt; We should only commit the patch to branch-1, not to master branch since it&apos;s OK to break in 2.0.0 version, right? &lt;/p&gt;</comment>
                            <comment id="15022833" author="aihuaxu" created="Mon, 23 Nov 2015 19:39:16 +0000"  >&lt;p&gt;Talked to Szehon offline. I will commit both branches and then worry about removing the deprecated interface later.&lt;/p&gt;</comment>
                            <comment id="15023031" author="aihuaxu" created="Mon, 23 Nov 2015 20:47:54 +0000"  >&lt;p&gt;Committed to branch-1 and master. Thanks Szehon for reviewing the code.&lt;/p&gt;</comment>
                    </comments>
                <issuelinks>
                            <issuelinktype id="10030">
                    <name>Reference</name>
                                            <outwardlinks description="relates to">
                                        <issuelink>
            <issuekey id="12770754">HIVE-9500</issuekey>
        </issuelink>
                            </outwardlinks>
                                                        </issuelinktype>
                    </issuelinks>
                <attachments>
                            <attachment id="12773587" name="HIVE-12406.2.patch" size="9368" author="aihuaxu" created="Fri, 20 Nov 2015 20:11:37 +0000"/>
                            <attachment id="12772820" name="HIVE-12406.patch" size="7561" author="aihuaxu" created="Tue, 17 Nov 2015 20:20:31 +0000"/>
                    </attachments>
                <subtasks>
                    </subtasks>
                <customfields>
                                                <customfield id="customfield_12310310" key="com.atlassian.jira.toolkit:attachments">
                        <customfieldname>Attachment count</customfieldname>
                        <customfieldvalues>
                            <customfieldvalue>2.0</customfieldvalue>
                        </customfieldvalues>
                    </customfield>
                                                                                                                                                                                                                                                                                                                                                                                                                                                                                                                                <customfield id="customfield_12310220" key="com.atlassian.jira.ext.charting:firstresponsedate">
                        <customfieldname>Date of First Response</customfieldname>
                        <customfieldvalues>
                            <customfieldvalue>Tue, 17 Nov 2015 20:22:11 +0000</customfieldvalue>

                        </customfieldvalues>
                    </customfield>
                                                                                                                                                                                                                                                                                                                                                                                                                                            <customfield id="customfield_12310420" key="com.pyxis.greenhopper.jira:gh-global-rank">
                        <customfieldname>Global Rank</customfieldname>
                        <customfieldvalues>
                            <customfieldvalue>9223372036854775807</customfieldvalue>
                        </customfieldvalues>
                    </customfield>
                                                                                                                                                    <customfield id="customfield_12312521" key="com.atlassian.jira.toolkit:LastCommentDate">
                        <customfieldname>Last public comment date</customfieldname>
                        <customfieldvalues>
                            1 year, 1 week, 3 days ago
                        </customfieldvalues>
                    </customfield>
                                                                                            <customfield id="customfield_12311820" key="com.pyxis.greenhopper.jira:gh-lexo-rank">
                        <customfieldname>Rank</customfieldname>
                        <customfieldvalues>
                            <customfieldvalue>0|i2ocfj:</customfieldvalue>

                        </customfieldvalues>
                    </customfield>
                                                                <customfield id="customfield_12310920" key="com.pyxis.greenhopper.jira:gh-global-rank">
                        <customfieldname>Rank (Obsolete)</customfieldname>
                        <customfieldvalues>
                            <customfieldvalue>9223372036854775807</customfieldvalue>
                        </customfieldvalues>
                    </customfield>
                                                                                                                                                                                                                                                                                                                            <customfield id="customfield_12310222" key="com.atlassian.jira.ext.charting:timeinstatus">
                        <customfieldname>Time in Status</customfieldname>
                        <customfieldvalues>
                            
                        </customfieldvalues>
                    </customfield>
                                                                                                                        </customfields>
    </item>
</channel>
</rss>