<!-- 
RSS generated by JIRA (6.3.4#6332-sha1:51bc225ef474afe3128b2f66878477f322397b16) at Sun Dec 04 00:19:09 UTC 2016

It is possible to restrict the fields that are returned in this document by specifying the 'field' parameter in your request.
For example, to request only the issue key and summary add field=key&field=summary to the URL of your request.
For example:
https://issues.apache.org/jira/si/jira.issueviews:issue-xml/HIVE-10677/HIVE-10677.xml?field=key&amp;field=summary
-->
<rss version="0.92" >
<channel>
    <title>ASF JIRA</title>
    <link>https://issues.apache.org/jira</link>
    <description>This file is an XML representation of an issue</description>
    <language>en-uk</language>    <build-info>
        <version>6.3.4</version>
        <build-number>6332</build-number>
        <build-date>15-08-2014</build-date>
    </build-info>

<item>
            <title>[HIVE-10677] hive.exec.parallel=true has problem when it is used for analyze table column stats</title>
                <link>https://issues.apache.org/jira/browse/HIVE-10677</link>
                <project id="12310843" key="HIVE">Hive</project>
                    <description>&lt;p&gt;To reproduce it, in q tests.&lt;/p&gt;
&lt;div class=&quot;code panel&quot; style=&quot;border-width: 1px;&quot;&gt;&lt;div class=&quot;codeContent panelContent&quot;&gt;
&lt;pre class=&quot;code-java&quot;&gt;
hive&amp;gt; set hive.exec.parallel;
hive.exec.parallel=&lt;span class=&quot;code-keyword&quot;&gt;true&lt;/span&gt;
hive&amp;gt; analyze table src compute statistics &lt;span class=&quot;code-keyword&quot;&gt;for&lt;/span&gt; columns;
FAILED: Execution Error, &lt;span class=&quot;code-keyword&quot;&gt;return&lt;/span&gt; code 1 from org.apache.hadoop.hive.ql.exec.ColumnStatsTask
java.lang.RuntimeException: Error caching map.xml: java.io.IOException: java.lang.InterruptedException
	at org.apache.hadoop.hive.ql.exec.Utilities.setBaseWork(Utilities.java:747)
	at org.apache.hadoop.hive.ql.exec.Utilities.setMapWork(Utilities.java:682)
	at org.apache.hadoop.hive.ql.exec.Utilities.setMapRedWork(Utilities.java:674)
	at org.apache.hadoop.hive.ql.exec.mr.ExecDriver.execute(ExecDriver.java:375)
	at org.apache.hadoop.hive.ql.exec.mr.MapRedTask.execute(MapRedTask.java:137)
	at org.apache.hadoop.hive.ql.exec.Task.executeTask(Task.java:160)
	at org.apache.hadoop.hive.ql.exec.TaskRunner.runSequential(TaskRunner.java:88)
	at org.apache.hadoop.hive.ql.exec.TaskRunner.run(TaskRunner.java:75)
Caused by: java.io.IOException: java.lang.InterruptedException
	at org.apache.hadoop.util.Shell.runCommand(Shell.java:541)
	at org.apache.hadoop.util.Shell.run(Shell.java:455)
	at org.apache.hadoop.util.Shell$ShellCommandExecutor.execute(Shell.java:702)
	at org.apache.hadoop.util.Shell.execCommand(Shell.java:791)
	at org.apache.hadoop.util.Shell.execCommand(Shell.java:774)
	at org.apache.hadoop.fs.RawLocalFileSystem.setPermission(RawLocalFileSystem.java:646)
	at org.apache.hadoop.fs.FilterFileSystem.setPermission(FilterFileSystem.java:472)
	at org.apache.hadoop.fs.ChecksumFileSystem.create(ChecksumFileSystem.java:460)
	at org.apache.hadoop.fs.ChecksumFileSystem.create(ChecksumFileSystem.java:426)
	at org.apache.hadoop.fs.FileSystem.create(FileSystem.java:906)
	at org.apache.hadoop.fs.FileSystem.create(FileSystem.java:887)
	at org.apache.hadoop.fs.FileSystem.create(FileSystem.java:784)
	at org.apache.hadoop.fs.FileSystem.create(FileSystem.java:773)
	at org.apache.hadoop.hive.ql.exec.Utilities.setBaseWork(Utilities.java:715)
	... 7 more
hive&amp;gt; Job Submission failed with exception &apos;java.lang.RuntimeException(Error caching map.xml: java.io.IOException: java.lang.InterruptedException)&apos;
&lt;/pre&gt;
&lt;/div&gt;&lt;/div&gt;</description>
                <environment></environment>
        <key id="12829021">HIVE-10677</key>
            <summary>hive.exec.parallel=true has problem when it is used for analyze table column stats</summary>
                <type id="1" iconUrl="https://issues.apache.org/jira/images/icons/issuetypes/bug.png">Bug</type>
                                            <priority id="3" iconUrl="https://issues.apache.org/jira/images/icons/priorities/major.png">Major</priority>
                        <status id="5" iconUrl="https://issues.apache.org/jira/images/icons/statuses/resolved.png" description="A resolution has been taken, and it is awaiting verification by reporter. From here issues are either reopened, or are closed.">Resolved</status>
                    <statusCategory id="3" key="done" colorName="green"/>
                                    <resolution id="1">Fixed</resolution>
                                        <assignee username="pxiong">Pengcheng Xiong</assignee>
                                    <reporter username="pxiong">Pengcheng Xiong</reporter>
                        <labels>
                    </labels>
                <created>Tue, 12 May 2015 00:13:04 +0000</created>
                <updated>Mon, 22 Jun 2015 07:39:08 +0000</updated>
                            <resolved>Sat, 23 May 2015 19:36:37 +0000</resolved>
                                    <version>0.12.0</version>
                    <version>0.13.0</version>
                    <version>0.14.0</version>
                    <version>1.0.0</version>
                    <version>1.2.0</version>
                    <version>1.1.0</version>
                                    <fixVersion>1.2.1</fixVersion>
                                        <due></due>
                            <votes>0</votes>
                                    <watches>3</watches>
                                                                <comments>
                            <comment id="14551310" author="pxiong" created="Tue, 19 May 2015 21:58:06 +0000"  >&lt;p&gt;&lt;a href=&quot;https://issues.apache.org/jira/secure/ViewProfile.jspa?name=ashutoshc&quot; class=&quot;user-hover&quot; rel=&quot;ashutoshc&quot;&gt;Ashutosh Chauhan&lt;/a&gt; and &lt;a href=&quot;https://issues.apache.org/jira/secure/ViewProfile.jspa?name=jpullokkaran&quot; class=&quot;user-hover&quot; rel=&quot;jpullokkaran&quot;&gt;Laljo John Pullokkaran&lt;/a&gt;, could you please review the patch? Thanks.&lt;/p&gt;</comment>
                            <comment id="14551398" author="ashutoshc" created="Tue, 19 May 2015 22:53:20 +0000"  >&lt;p&gt;+1&lt;/p&gt;</comment>
                            <comment id="14551930" author="hiveqa" created="Wed, 20 May 2015 07:22:15 +0000"  >

&lt;p&gt;&lt;font color=&quot;red&quot;&gt;Overall&lt;/font&gt;: -1 at least one tests failed&lt;/p&gt;

&lt;p&gt;Here are the results of testing the latest attachment:&lt;br/&gt;
&lt;a href=&quot;https://issues.apache.org/jira/secure/attachment/12733964/HIVE-10677.01.patch&quot; class=&quot;external-link&quot; rel=&quot;nofollow&quot;&gt;https://issues.apache.org/jira/secure/attachment/12733964/HIVE-10677.01.patch&lt;/a&gt;&lt;/p&gt;

&lt;p&gt;&lt;font color=&quot;red&quot;&gt;ERROR:&lt;/font&gt; -1 due to 7 failed/errored test(s), 8953 tests executed&lt;br/&gt;
&lt;b&gt;Failed tests:&lt;/b&gt;&lt;/p&gt;
&lt;div class=&quot;preformatted panel&quot; style=&quot;border-width: 1px;&quot;&gt;&lt;div class=&quot;preformattedContent panelContent&quot;&gt;
&lt;pre&gt;org.apache.hadoop.hive.cli.TestCliDriver.testCliDriver_columnstats_partlvl
org.apache.hadoop.hive.cli.TestCliDriver.testCliDriver_columnstats_partlvl_dp
org.apache.hadoop.hive.cli.TestCliDriver.testCliDriver_columnstats_tbllvl
org.apache.hadoop.hive.cli.TestCliDriver.testCliDriver_compute_stats_date
org.apache.hadoop.hive.cli.TestCliDriver.testCliDriver_display_colstats_tbllvl
org.apache.hadoop.hive.cli.TestCliDriver.testCliDriver_temp_table_display_colstats_tbllvl
org.apache.hadoop.hive.cli.TestEncryptedHDFSCliDriver.testCliDriver_encryption_insert_partition_static
&lt;/pre&gt;
&lt;/div&gt;&lt;/div&gt;

&lt;p&gt;Test results: &lt;a href=&quot;http://ec2-174-129-184-35.compute-1.amazonaws.com/jenkins/job/PreCommit-HIVE-TRUNK-Build/3953/testReport&quot; class=&quot;external-link&quot; rel=&quot;nofollow&quot;&gt;http://ec2-174-129-184-35.compute-1.amazonaws.com/jenkins/job/PreCommit-HIVE-TRUNK-Build/3953/testReport&lt;/a&gt;&lt;br/&gt;
Console output: &lt;a href=&quot;http://ec2-174-129-184-35.compute-1.amazonaws.com/jenkins/job/PreCommit-HIVE-TRUNK-Build/3953/console&quot; class=&quot;external-link&quot; rel=&quot;nofollow&quot;&gt;http://ec2-174-129-184-35.compute-1.amazonaws.com/jenkins/job/PreCommit-HIVE-TRUNK-Build/3953/console&lt;/a&gt;&lt;br/&gt;
Test logs: &lt;a href=&quot;http://ec2-174-129-184-35.compute-1.amazonaws.com/logs/PreCommit-HIVE-TRUNK-Build-3953/&quot; class=&quot;external-link&quot; rel=&quot;nofollow&quot;&gt;http://ec2-174-129-184-35.compute-1.amazonaws.com/logs/PreCommit-HIVE-TRUNK-Build-3953/&lt;/a&gt;&lt;/p&gt;

&lt;p&gt;Messages:&lt;/p&gt;
&lt;div class=&quot;preformatted panel&quot; style=&quot;border-width: 1px;&quot;&gt;&lt;div class=&quot;preformattedContent panelContent&quot;&gt;
&lt;pre&gt;Executing org.apache.hive.ptest.execution.PrepPhase
Executing org.apache.hive.ptest.execution.ExecutionPhase
Executing org.apache.hive.ptest.execution.ReportingPhase
Tests exited with: TestsFailedException: 7 tests failed
&lt;/pre&gt;
&lt;/div&gt;&lt;/div&gt;

&lt;p&gt;This message is automatically generated.&lt;/p&gt;

&lt;p&gt;ATTACHMENT ID: 12733964 - PreCommit-HIVE-TRUNK-Build&lt;/p&gt;</comment>
                            <comment id="14555519" author="hiveqa" created="Fri, 22 May 2015 03:30:12 +0000"  >

&lt;p&gt;&lt;font color=&quot;red&quot;&gt;Overall&lt;/font&gt;: -1 at least one tests failed&lt;/p&gt;

&lt;p&gt;Here are the results of testing the latest attachment:&lt;br/&gt;
&lt;a href=&quot;https://issues.apache.org/jira/secure/attachment/12734637/HIVE-10677.02.patch&quot; class=&quot;external-link&quot; rel=&quot;nofollow&quot;&gt;https://issues.apache.org/jira/secure/attachment/12734637/HIVE-10677.02.patch&lt;/a&gt;&lt;/p&gt;

&lt;p&gt;&lt;font color=&quot;red&quot;&gt;ERROR:&lt;/font&gt; -1 due to 1 failed/errored test(s), 8968 tests executed&lt;br/&gt;
&lt;b&gt;Failed tests:&lt;/b&gt;&lt;/p&gt;
&lt;div class=&quot;preformatted panel&quot; style=&quot;border-width: 1px;&quot;&gt;&lt;div class=&quot;preformattedContent panelContent&quot;&gt;
&lt;pre&gt;org.apache.hadoop.hive.cli.TestEncryptedHDFSCliDriver.testCliDriver_encryption_insert_partition_static
&lt;/pre&gt;
&lt;/div&gt;&lt;/div&gt;

&lt;p&gt;Test results: &lt;a href=&quot;http://ec2-174-129-184-35.compute-1.amazonaws.com/jenkins/job/PreCommit-HIVE-TRUNK-Build/3994/testReport&quot; class=&quot;external-link&quot; rel=&quot;nofollow&quot;&gt;http://ec2-174-129-184-35.compute-1.amazonaws.com/jenkins/job/PreCommit-HIVE-TRUNK-Build/3994/testReport&lt;/a&gt;&lt;br/&gt;
Console output: &lt;a href=&quot;http://ec2-174-129-184-35.compute-1.amazonaws.com/jenkins/job/PreCommit-HIVE-TRUNK-Build/3994/console&quot; class=&quot;external-link&quot; rel=&quot;nofollow&quot;&gt;http://ec2-174-129-184-35.compute-1.amazonaws.com/jenkins/job/PreCommit-HIVE-TRUNK-Build/3994/console&lt;/a&gt;&lt;br/&gt;
Test logs: &lt;a href=&quot;http://ec2-174-129-184-35.compute-1.amazonaws.com/logs/PreCommit-HIVE-TRUNK-Build-3994/&quot; class=&quot;external-link&quot; rel=&quot;nofollow&quot;&gt;http://ec2-174-129-184-35.compute-1.amazonaws.com/logs/PreCommit-HIVE-TRUNK-Build-3994/&lt;/a&gt;&lt;/p&gt;

&lt;p&gt;Messages:&lt;/p&gt;
&lt;div class=&quot;preformatted panel&quot; style=&quot;border-width: 1px;&quot;&gt;&lt;div class=&quot;preformattedContent panelContent&quot;&gt;
&lt;pre&gt;Executing org.apache.hive.ptest.execution.PrepPhase
Executing org.apache.hive.ptest.execution.ExecutionPhase
Executing org.apache.hive.ptest.execution.ReportingPhase
Tests exited with: TestsFailedException: 1 tests failed
&lt;/pre&gt;
&lt;/div&gt;&lt;/div&gt;

&lt;p&gt;This message is automatically generated.&lt;/p&gt;

&lt;p&gt;ATTACHMENT ID: 12734637 - PreCommit-HIVE-TRUNK-Build&lt;/p&gt;</comment>
                            <comment id="14555525" author="pxiong" created="Fri, 22 May 2015 03:41:47 +0000"  >&lt;p&gt;&lt;a href=&quot;https://issues.apache.org/jira/secure/ViewProfile.jspa?name=ashutoshc&quot; class=&quot;user-hover&quot; rel=&quot;ashutoshc&quot;&gt;Ashutosh Chauhan&lt;/a&gt; and &lt;a href=&quot;https://issues.apache.org/jira/secure/ViewProfile.jspa?name=jpullokkaran&quot; class=&quot;user-hover&quot; rel=&quot;jpullokkaran&quot;&gt;Laljo John Pullokkaran&lt;/a&gt;, the test failure is unrelated and i think the patch is ready to go. Thanks.&lt;/p&gt;</comment>
                            <comment id="14557492" author="ashutoshc" created="Sat, 23 May 2015 19:36:38 +0000"  >&lt;p&gt;Pushed to master &amp;amp; branch-1.2 Thanks, Pengcheng!&lt;/p&gt;</comment>
                    </comments>
                <issuelinks>
                            <issuelinktype id="12310000">
                    <name>Duplicate</name>
                                                                <inwardlinks description="is duplicated by">
                                        <issuelink>
            <issuekey id="12839474">HIVE-11069</issuekey>
        </issuelink>
                            </inwardlinks>
                                    </issuelinktype>
                            <issuelinktype id="10030">
                    <name>Reference</name>
                                                                <inwardlinks description="is related to">
                                        <issuelink>
            <issuekey id="12822412">HIVE-10404</issuekey>
        </issuelink>
                            </inwardlinks>
                                    </issuelinktype>
                    </issuelinks>
                <attachments>
                            <attachment id="12733964" name="HIVE-10677.01.patch" size="3687" author="pxiong" created="Tue, 19 May 2015 21:57:32 +0000"/>
                            <attachment id="12734637" name="HIVE-10677.02.patch" size="11676" author="pxiong" created="Thu, 21 May 2015 20:29:23 +0000"/>
                    </attachments>
                <subtasks>
                    </subtasks>
                <customfields>
                                                <customfield id="customfield_12310310" key="com.atlassian.jira.toolkit:attachments">
                        <customfieldname>Attachment count</customfieldname>
                        <customfieldvalues>
                            <customfieldvalue>2.0</customfieldvalue>
                        </customfieldvalues>
                    </customfield>
                                                                                                                                                                                                                                                                                                                                                                                                                                                                                                                                <customfield id="customfield_12310220" key="com.atlassian.jira.ext.charting:firstresponsedate">
                        <customfieldname>Date of First Response</customfieldname>
                        <customfieldvalues>
                            <customfieldvalue>Tue, 19 May 2015 22:53:20 +0000</customfieldvalue>

                        </customfieldvalues>
                    </customfield>
                                                                                                                                                                                                                                                                                                                                                                                                                                            <customfield id="customfield_12310420" key="com.pyxis.greenhopper.jira:gh-global-rank">
                        <customfieldname>Global Rank</customfieldname>
                        <customfieldvalues>
                            <customfieldvalue>9223372036854775807</customfieldvalue>
                        </customfieldvalues>
                    </customfield>
                                                                                                                                                    <customfield id="customfield_12312521" key="com.atlassian.jira.toolkit:LastCommentDate">
                        <customfieldname>Last public comment date</customfieldname>
                        <customfieldvalues>
                            1 year, 28 weeks ago
                        </customfieldvalues>
                    </customfield>
                                                                                            <customfield id="customfield_12311820" key="com.pyxis.greenhopper.jira:gh-lexo-rank">
                        <customfieldname>Rank</customfieldname>
                        <customfieldvalues>
                            <customfieldvalue>0|i2elbb:</customfieldvalue>

                        </customfieldvalues>
                    </customfield>
                                                                <customfield id="customfield_12310920" key="com.pyxis.greenhopper.jira:gh-global-rank">
                        <customfieldname>Rank (Obsolete)</customfieldname>
                        <customfieldvalues>
                            <customfieldvalue>9223372036854775807</customfieldvalue>
                        </customfieldvalues>
                    </customfield>
                                                                                                                                                                                                                                                                                                                            <customfield id="customfield_12310222" key="com.atlassian.jira.ext.charting:timeinstatus">
                        <customfieldname>Time in Status</customfieldname>
                        <customfieldvalues>
                            
                        </customfieldvalues>
                    </customfield>
                                                                                                                        </customfields>
    </item>
</channel>
</rss>