<!-- 
RSS generated by JIRA (6.3.4#6332-sha1:51bc225ef474afe3128b2f66878477f322397b16) at Sat Dec 03 00:39:30 UTC 2016

It is possible to restrict the fields that are returned in this document by specifying the 'field' parameter in your request.
For example, to request only the issue key and summary add field=key&field=summary to the URL of your request.
For example:
https://issues.apache.org/jira/si/jira.issueviews:issue-xml/HIVE-1088/HIVE-1088.xml?field=key&amp;field=summary
-->
<rss version="0.92" >
<channel>
    <title>ASF JIRA</title>
    <link>https://issues.apache.org/jira</link>
    <description>This file is an XML representation of an issue</description>
    <language>en-uk</language>    <build-info>
        <version>6.3.4</version>
        <build-number>6332</build-number>
        <build-date>15-08-2014</build-date>
    </build-info>

<item>
            <title>[HIVE-1088] RCFile RecordReader&apos;s first split will read duplicate rows if the split end is &lt; the first SYNC mark</title>
                <link>https://issues.apache.org/jira/browse/HIVE-1088</link>
                <project id="12310843" key="HIVE">Hive</project>
                    <description></description>
                <environment></environment>
        <key id="12446431">HIVE-1088</key>
            <summary>RCFile RecordReader&apos;s first split will read duplicate rows if the split end is &lt; the first SYNC mark</summary>
                <type id="1" iconUrl="https://issues.apache.org/jira/images/icons/issuetypes/bug.png">Bug</type>
                                            <priority id="1" iconUrl="https://issues.apache.org/jira/images/icons/priorities/blocker.png">Blocker</priority>
                        <status id="6" iconUrl="https://issues.apache.org/jira/images/icons/statuses/closed.png" description="The issue is considered finished, the resolution is correct. Issues which are closed can be reopened.">Closed</status>
                    <statusCategory id="3" key="done" colorName="green"/>
                                    <resolution id="1">Fixed</resolution>
                                        <assignee username="he yongqiang">He Yongqiang</assignee>
                                    <reporter username="he yongqiang">He Yongqiang</reporter>
                        <labels>
                    </labels>
                <created>Sat, 23 Jan 2010 19:59:40 +0000</created>
                <updated>Sat, 17 Dec 2011 00:06:03 +0000</updated>
                            <resolved>Tue, 26 Jan 2010 07:39:18 +0000</resolved>
                                                    <fixVersion>0.5.0</fixVersion>
                                    <component>Serializers/Deserializers</component>
                        <due></due>
                            <votes>0</votes>
                                    <watches>0</watches>
                                                                <comments>
                            <comment id="12804389" author="namit" created="Mon, 25 Jan 2010 05:51:36 +0000"  >&lt;p&gt;Can you add a test for this ?&lt;/p&gt;

&lt;p&gt;Also, do you think it is a good idea to convert a subset of tests to use rcfile ?&lt;/p&gt;</comment>
                            <comment id="12804434" author="he yongqiang" created="Mon, 25 Jan 2010 07:58:36 +0000"  >&lt;p&gt;Will add a testcase. &lt;/p&gt;

&lt;p&gt;&amp;gt;&amp;gt;Also, do you think it is a good idea to convert a subset of tests to use rcfile ?&lt;br/&gt;
Yes. We may need to do this soon or later, and right now is a good time. It maybe better if we do this in a separate jira.&lt;br/&gt;
What others think? &lt;/p&gt;</comment>
                            <comment id="12804473" author="he yongqiang" created="Mon, 25 Jan 2010 09:55:38 +0000"  >&lt;p&gt;Added a testcase in the patch for trunk. (hive-rcfile-reader-trunk.2.patch)&lt;/p&gt;</comment>
                            <comment id="12804632" author="nzhang" created="Mon, 25 Jan 2010 18:23:07 +0000"  >&lt;p&gt;Yongqiang, I noticed you have added a unit test in TestRCFile.java. Is it possible to add a unit test as .q file? The benefit of doing this is that TestRCFile just test one code path for particular functions. If we change the code path later in the real execution engine, we may not cover the error case, but a .q file will  be more likely to catch the caes.&lt;/p&gt;</comment>
                            <comment id="12804639" author="nzhang" created="Mon, 25 Jan 2010 18:35:44 +0000"  >&lt;p&gt;Another suggestion: in RCFileRecordReader.java, next(LongWritable, BytesRefArrayWritable) shares many common code with next(LongWritable). Can you refactor this function to something like:&lt;/p&gt;

&lt;p&gt;public boolean next(LongWritable key, ByteRefArrayWritable value) &lt;br/&gt;
  throws IOException {&lt;br/&gt;
more = next(key);&lt;br/&gt;
if ( more ) &lt;/p&gt;
{
  in.getCurrentRow(value);
}
&lt;p&gt;return more;&lt;br/&gt;
}&lt;/p&gt;

&lt;p&gt;This will always keep the logic consistent for the two next() functions.&lt;/p&gt;</comment>
                            <comment id="12804810" author="he yongqiang" created="Tue, 26 Jan 2010 00:17:31 +0000"  >&lt;p&gt;Attached 2 patches. hive-1088-branch0.5-2010-1-25.patch is for branch 0.5, and hive-1088-trunk-2010-1-25.patch is for trunk code.&lt;/p&gt;</comment>
                            <comment id="12804853" author="nzhang" created="Tue, 26 Jan 2010 02:04:23 +0000"  >&lt;p&gt;+1. Looks good. Will commit if tests pass.&lt;/p&gt;</comment>
                            <comment id="12804929" author="nzhang" created="Tue, 26 Jan 2010 07:39:18 +0000"  >&lt;p&gt;Committed to 0.5.0 and trunk (0.6.0).  Thanks Yongqiang!&lt;/p&gt;</comment>
                    </comments>
                    <attachments>
                            <attachment id="12431395" name="hive-1088-branch0.5-2010-1-25.2.patch" size="7593" author="he yongqiang" created="Tue, 26 Jan 2010 01:37:14 +0000"/>
                            <attachment id="12431384" name="hive-1088-branch0.5-2010-1-25.patch" size="32820" author="he yongqiang" created="Tue, 26 Jan 2010 00:17:31 +0000"/>
                            <attachment id="12431396" name="hive-1088-trunk-2010-1-25.2.patch" size="7427" author="he yongqiang" created="Tue, 26 Jan 2010 01:37:14 +0000"/>
                            <attachment id="12431385" name="hive-1088-trunk-2010-1-25.patch" size="7805" author="he yongqiang" created="Tue, 26 Jan 2010 00:17:31 +0000"/>
                            <attachment id="12431220" name="hive-rcfile-reader-branch-0.5.patch" size="3639" author="he yongqiang" created="Sat, 23 Jan 2010 20:00:05 +0000"/>
                            <attachment id="12431298" name="hive-rcfile-reader-trunk.2.patch" size="5899" author="he yongqiang" created="Mon, 25 Jan 2010 09:55:38 +0000"/>
                            <attachment id="12431221" name="hive-rcfile-reader-trunk.patch" size="2955" author="he yongqiang" created="Sat, 23 Jan 2010 20:00:05 +0000"/>
                    </attachments>
                <subtasks>
                    </subtasks>
                <customfields>
                                                <customfield id="customfield_12310310" key="com.atlassian.jira.toolkit:attachments">
                        <customfieldname>Attachment count</customfieldname>
                        <customfieldvalues>
                            <customfieldvalue>7.0</customfieldvalue>
                        </customfieldvalues>
                    </customfield>
                                                                                                                                                                                                                                                                                                                                                                                                                                                                                                                                <customfield id="customfield_12310220" key="com.atlassian.jira.ext.charting:firstresponsedate">
                        <customfieldname>Date of First Response</customfieldname>
                        <customfieldvalues>
                            <customfieldvalue>Mon, 25 Jan 2010 05:51:36 +0000</customfieldvalue>

                        </customfieldvalues>
                    </customfield>
                                                                                                                                                                                                                                                                                                                                                                                                                                            <customfield id="customfield_12310420" key="com.pyxis.greenhopper.jira:gh-global-rank">
                        <customfieldname>Global Rank</customfieldname>
                        <customfieldvalues>
                            <customfieldvalue>73113</customfieldvalue>
                        </customfieldvalues>
                    </customfield>
                                                                                                                                                    <customfield id="customfield_12312521" key="com.atlassian.jira.toolkit:LastCommentDate">
                        <customfieldname>Last public comment date</customfieldname>
                        <customfieldvalues>
                            6 years, 45 weeks, 3 days ago
                        </customfieldvalues>
                    </customfield>
                                                                                            <customfield id="customfield_12311820" key="com.pyxis.greenhopper.jira:gh-lexo-rank">
                        <customfieldname>Rank</customfieldname>
                        <customfieldvalues>
                            <customfieldvalue>0|i0ldbr:</customfieldvalue>

                        </customfieldvalues>
                    </customfield>
                                                                <customfield id="customfield_12310920" key="com.pyxis.greenhopper.jira:gh-global-rank">
                        <customfieldname>Rank (Obsolete)</customfieldname>
                        <customfieldvalues>
                            <customfieldvalue>122809</customfieldvalue>
                        </customfieldvalues>
                    </customfield>
                                                                                                                                                                                                                                                                                                                            <customfield id="customfield_12310222" key="com.atlassian.jira.ext.charting:timeinstatus">
                        <customfieldname>Time in Status</customfieldname>
                        <customfieldvalues>
                            
                        </customfieldvalues>
                    </customfield>
                                                                                                                        </customfields>
    </item>
</channel>
</rss>