<!-- 
RSS generated by JIRA (6.3.4#6332-sha1:51bc225ef474afe3128b2f66878477f322397b16) at Sun Dec 04 00:27:38 UTC 2016

It is possible to restrict the fields that are returned in this document by specifying the 'field' parameter in your request.
For example, to request only the issue key and summary add field=key&field=summary to the URL of your request.
For example:
https://issues.apache.org/jira/si/jira.issueviews:issue-xml/HIVE-11498/HIVE-11498.xml?field=key&amp;field=summary
-->
<rss version="0.92" >
<channel>
    <title>ASF JIRA</title>
    <link>https://issues.apache.org/jira</link>
    <description>This file is an XML representation of an issue</description>
    <language>en-uk</language>    <build-info>
        <version>6.3.4</version>
        <build-number>6332</build-number>
        <build-date>15-08-2014</build-date>
    </build-info>

<item>
            <title>[HIVE-11498] HIVE Authorization v2 should not check permission for dummy entity</title>
                <link>https://issues.apache.org/jira/browse/HIVE-11498</link>
                <project id="12310843" key="HIVE">Hive</project>
                    <description>&lt;p&gt;The queries like &lt;tt&gt;SELECT 1+1;&lt;/tt&gt;, The target table and database will set to &lt;tt&gt;_dummy_database&lt;/tt&gt; &lt;tt&gt;_dummy_table&lt;/tt&gt;, authorization should skip these kinds of databases or tables.&lt;/p&gt;

&lt;p&gt;For authz v1. it has skip them.&lt;/p&gt;

&lt;p&gt;eg1. &lt;a href=&quot;https://github.com/apache/hive/blob/master/ql/src/java/org/apache/hadoop/hive/ql/Driver.java#L600&quot; class=&quot;external-link&quot; rel=&quot;nofollow&quot;&gt;Source code at github&lt;/a&gt;&lt;/p&gt;
&lt;div class=&quot;preformatted panel&quot; style=&quot;border-width: 1px;&quot;&gt;&lt;div class=&quot;preformattedContent panelContent&quot;&gt;
&lt;pre&gt;for (WriteEntity write : outputs) {
        if (write.isDummy() || write.isPathType()) {
          continue;
        }
&lt;/pre&gt;
&lt;/div&gt;&lt;/div&gt;

&lt;p&gt;eg2. &lt;a href=&quot;https://github.com/apache/hive/blob/master/ql/src/java/org/apache/hadoop/hive/ql/Driver.java#L633&quot; class=&quot;external-link&quot; rel=&quot;nofollow&quot;&gt;Source code at github&lt;/a&gt;&lt;/p&gt;
&lt;div class=&quot;preformatted panel&quot; style=&quot;border-width: 1px;&quot;&gt;&lt;div class=&quot;preformattedContent panelContent&quot;&gt;
&lt;pre&gt;for (ReadEntity read : inputs) {
        if (read.isDummy() || read.isPathType()) {
          continue;
        }
       ...
        }
&lt;/pre&gt;
&lt;/div&gt;&lt;/div&gt;

&lt;p&gt;...&lt;/p&gt;

&lt;p&gt;This patch will fix authz v2.&lt;/p&gt;</description>
                <environment></environment>
        <key id="12852878">HIVE-11498</key>
            <summary>HIVE Authorization v2 should not check permission for dummy entity</summary>
                <type id="1" iconUrl="https://issues.apache.org/jira/images/icons/issuetypes/bug.png">Bug</type>
                                            <priority id="3" iconUrl="https://issues.apache.org/jira/images/icons/priorities/major.png">Major</priority>
                        <status id="6" iconUrl="https://issues.apache.org/jira/images/icons/statuses/closed.png" description="The issue is considered finished, the resolution is correct. Issues which are closed can be reopened.">Closed</status>
                    <statusCategory id="3" key="done" colorName="green"/>
                                    <resolution id="1">Fixed</resolution>
                                        <assignee username="dapengsun">Dapeng Sun</assignee>
                                    <reporter username="dapengsun">Dapeng Sun</reporter>
                        <labels>
                    </labels>
                <created>Fri, 7 Aug 2015 05:03:41 +0000</created>
                <updated>Tue, 16 Feb 2016 23:51:46 +0000</updated>
                            <resolved>Tue, 11 Aug 2015 03:31:28 +0000</resolved>
                                    <version>1.2.0</version>
                    <version>1.3.0</version>
                    <version>2.0.0</version>
                                    <fixVersion>1.3.0</fixVersion>
                    <fixVersion>1.2.1</fixVersion>
                    <fixVersion>2.0.0</fixVersion>
                                    <component>Authorization</component>
                        <due></due>
                            <votes>0</votes>
                                    <watches>3</watches>
                                                                <comments>
                            <comment id="14661515" author="dongc" created="Fri, 7 Aug 2015 08:41:51 +0000"  >&lt;p&gt;&lt;a href=&quot;https://issues.apache.org/jira/secure/ViewProfile.jspa?name=dapengsun&quot; class=&quot;user-hover&quot; rel=&quot;dapengsun&quot;&gt;Dapeng Sun&lt;/a&gt;, thanks for the patch.&lt;/p&gt;

&lt;p&gt;LGTM, pending tests.&lt;/p&gt;

&lt;p&gt;&lt;a href=&quot;https://issues.apache.org/jira/secure/ViewProfile.jspa?name=thejas&quot; class=&quot;user-hover&quot; rel=&quot;thejas&quot;&gt;Thejas M Nair&lt;/a&gt; would you like to take a look at this change about auth v2, and further comments? Thanks.&lt;/p&gt;</comment>
                            <comment id="14662456" author="thejas" created="Fri, 7 Aug 2015 21:07:18 +0000"  >&lt;p&gt;+1 &lt;br/&gt;
Thanks for the patch &lt;a href=&quot;https://issues.apache.org/jira/secure/ViewProfile.jspa?name=dapengsun&quot; class=&quot;user-hover&quot; rel=&quot;dapengsun&quot;&gt;Dapeng Sun&lt;/a&gt;&lt;br/&gt;
Thanks for pointing me to this change &lt;a href=&quot;https://issues.apache.org/jira/secure/ViewProfile.jspa?name=dongc&quot; class=&quot;user-hover&quot; rel=&quot;dongc&quot;&gt;Dong Chen&lt;/a&gt;&lt;/p&gt;</comment>
                            <comment id="14663067" author="hiveqa" created="Sat, 8 Aug 2015 16:59:17 +0000"  >

&lt;p&gt;&lt;font color=&quot;red&quot;&gt;Overall&lt;/font&gt;: -1 at least one tests failed&lt;/p&gt;

&lt;p&gt;Here are the results of testing the latest attachment:&lt;br/&gt;
&lt;a href=&quot;https://issues.apache.org/jira/secure/attachment/12749206/HIVE-11498.003.patch&quot; class=&quot;external-link&quot; rel=&quot;nofollow&quot;&gt;https://issues.apache.org/jira/secure/attachment/12749206/HIVE-11498.003.patch&lt;/a&gt;&lt;/p&gt;

&lt;p&gt;&lt;font color=&quot;red&quot;&gt;ERROR:&lt;/font&gt; -1 due to 1 failed/errored test(s), 9344 tests executed&lt;br/&gt;
&lt;b&gt;Failed tests:&lt;/b&gt;&lt;/p&gt;
&lt;div class=&quot;preformatted panel&quot; style=&quot;border-width: 1px;&quot;&gt;&lt;div class=&quot;preformattedContent panelContent&quot;&gt;
&lt;pre&gt;org.apache.hive.hcatalog.streaming.TestStreaming.testTransactionBatchEmptyCommit
&lt;/pre&gt;
&lt;/div&gt;&lt;/div&gt;

&lt;p&gt;Test results: &lt;a href=&quot;http://ec2-174-129-184-35.compute-1.amazonaws.com/jenkins/job/PreCommit-HIVE-TRUNK-Build/4874/testReport&quot; class=&quot;external-link&quot; rel=&quot;nofollow&quot;&gt;http://ec2-174-129-184-35.compute-1.amazonaws.com/jenkins/job/PreCommit-HIVE-TRUNK-Build/4874/testReport&lt;/a&gt;&lt;br/&gt;
Console output: &lt;a href=&quot;http://ec2-174-129-184-35.compute-1.amazonaws.com/jenkins/job/PreCommit-HIVE-TRUNK-Build/4874/console&quot; class=&quot;external-link&quot; rel=&quot;nofollow&quot;&gt;http://ec2-174-129-184-35.compute-1.amazonaws.com/jenkins/job/PreCommit-HIVE-TRUNK-Build/4874/console&lt;/a&gt;&lt;br/&gt;
Test logs: &lt;a href=&quot;http://ec2-174-129-184-35.compute-1.amazonaws.com/logs/PreCommit-HIVE-TRUNK-Build-4874/&quot; class=&quot;external-link&quot; rel=&quot;nofollow&quot;&gt;http://ec2-174-129-184-35.compute-1.amazonaws.com/logs/PreCommit-HIVE-TRUNK-Build-4874/&lt;/a&gt;&lt;/p&gt;

&lt;p&gt;Messages:&lt;/p&gt;
&lt;div class=&quot;preformatted panel&quot; style=&quot;border-width: 1px;&quot;&gt;&lt;div class=&quot;preformattedContent panelContent&quot;&gt;
&lt;pre&gt;Executing org.apache.hive.ptest.execution.PrepPhase
Executing org.apache.hive.ptest.execution.ExecutionPhase
Executing org.apache.hive.ptest.execution.ReportingPhase
Tests exited with: TestsFailedException: 1 tests failed
&lt;/pre&gt;
&lt;/div&gt;&lt;/div&gt;

&lt;p&gt;This message is automatically generated.&lt;/p&gt;

&lt;p&gt;ATTACHMENT ID: 12749206 - PreCommit-HIVE-TRUNK-Build&lt;/p&gt;</comment>
                            <comment id="14681180" author="dongc" created="Tue, 11 Aug 2015 03:33:09 +0000"  >&lt;p&gt;&lt;a href=&quot;https://issues.apache.org/jira/secure/ViewProfile.jspa?name=dapengsun&quot; class=&quot;user-hover&quot; rel=&quot;dapengsun&quot;&gt;Dapeng Sun&lt;/a&gt; Thanks for your contribution! I have commit this to master, branch-1, and branch-1.2.&lt;/p&gt;</comment>
                            <comment id="14681187" author="dongc" created="Tue, 11 Aug 2015 03:42:19 +0000"  >&lt;p&gt;Thanks for your review on this patch! &lt;a href=&quot;https://issues.apache.org/jira/secure/ViewProfile.jspa?name=thejas&quot; class=&quot;user-hover&quot; rel=&quot;thejas&quot;&gt;Thejas M Nair&lt;/a&gt;&lt;/p&gt;</comment>
                            <comment id="14681190" author="dapengsun" created="Tue, 11 Aug 2015 03:43:50 +0000"  >&lt;p&gt;Thank &lt;a href=&quot;https://issues.apache.org/jira/secure/ViewProfile.jspa?name=thejas&quot; class=&quot;user-hover&quot; rel=&quot;thejas&quot;&gt;Thejas M Nair&lt;/a&gt; and &lt;a href=&quot;https://issues.apache.org/jira/secure/ViewProfile.jspa?name=dongc&quot; class=&quot;user-hover&quot; rel=&quot;dongc&quot;&gt;Dong Chen&lt;/a&gt; for your review.&lt;/p&gt;</comment>
                    </comments>
                <issuelinks>
                            <issuelinktype id="12310000">
                    <name>Duplicate</name>
                                            <outwardlinks description="duplicates">
                                        <issuelink>
            <issuekey id="12827601">HIVE-10625</issuekey>
        </issuelink>
                            </outwardlinks>
                                                        </issuelinktype>
                    </issuelinks>
                <attachments>
                            <attachment id="12749198" name="HIVE-11498.001.patch" size="2987" author="dapengsun" created="Fri, 7 Aug 2015 05:04:56 +0000"/>
                            <attachment id="12749205" name="HIVE-11498.002.patch" size="2334" author="dapengsun" created="Fri, 7 Aug 2015 06:30:30 +0000"/>
                            <attachment id="12749206" name="HIVE-11498.003.patch" size="2336" author="dapengsun" created="Fri, 7 Aug 2015 06:31:48 +0000"/>
                    </attachments>
                <subtasks>
                    </subtasks>
                <customfields>
                                                <customfield id="customfield_12310310" key="com.atlassian.jira.toolkit:attachments">
                        <customfieldname>Attachment count</customfieldname>
                        <customfieldvalues>
                            <customfieldvalue>3.0</customfieldvalue>
                        </customfieldvalues>
                    </customfield>
                                                                                                                                                                                                                                                                                                                                                                                                                                                                                                                                <customfield id="customfield_12310220" key="com.atlassian.jira.ext.charting:firstresponsedate">
                        <customfieldname>Date of First Response</customfieldname>
                        <customfieldvalues>
                            <customfieldvalue>Fri, 7 Aug 2015 08:41:51 +0000</customfieldvalue>

                        </customfieldvalues>
                    </customfield>
                                                                                                                                                                                                                                                                                                                                                                                                                                            <customfield id="customfield_12310420" key="com.pyxis.greenhopper.jira:gh-global-rank">
                        <customfieldname>Global Rank</customfieldname>
                        <customfieldvalues>
                            <customfieldvalue>9223372036854775807</customfieldvalue>
                        </customfieldvalues>
                    </customfield>
                                                                                                                                                    <customfield id="customfield_12312521" key="com.atlassian.jira.toolkit:LastCommentDate">
                        <customfieldname>Last public comment date</customfieldname>
                        <customfieldvalues>
                            1 year, 16 weeks, 4 days ago
                        </customfieldvalues>
                    </customfield>
                                                                                            <customfield id="customfield_12311820" key="com.pyxis.greenhopper.jira:gh-lexo-rank">
                        <customfieldname>Rank</customfieldname>
                        <customfieldvalues>
                            <customfieldvalue>0|i2igen:</customfieldvalue>

                        </customfieldvalues>
                    </customfield>
                                                                <customfield id="customfield_12310920" key="com.pyxis.greenhopper.jira:gh-global-rank">
                        <customfieldname>Rank (Obsolete)</customfieldname>
                        <customfieldvalues>
                            <customfieldvalue>9223372036854775807</customfieldvalue>
                        </customfieldvalues>
                    </customfield>
                                                                                                                                                                                                                                                                                                                            <customfield id="customfield_12310222" key="com.atlassian.jira.ext.charting:timeinstatus">
                        <customfieldname>Time in Status</customfieldname>
                        <customfieldvalues>
                            
                        </customfieldvalues>
                    </customfield>
                                                                                                                        </customfields>
    </item>
</channel>
</rss>