<!-- 
RSS generated by JIRA (6.3.4#6332-sha1:51bc225ef474afe3128b2f66878477f322397b16) at Sat Dec 03 22:26:11 UTC 2016

It is possible to restrict the fields that are returned in this document by specifying the 'field' parameter in your request.
For example, to request only the issue key and summary add field=key&field=summary to the URL of your request.
For example:
https://issues.apache.org/jira/si/jira.issueviews:issue-xml/HIVE-10448/HIVE-10448.xml?field=key&amp;field=summary
-->
<rss version="0.92" >
<channel>
    <title>ASF JIRA</title>
    <link>https://issues.apache.org/jira</link>
    <description>This file is an XML representation of an issue</description>
    <language>en-uk</language>    <build-info>
        <version>6.3.4</version>
        <build-number>6332</build-number>
        <build-date>15-08-2014</build-date>
    </build-info>

<item>
            <title>[HIVE-10448] LLAP: Consider replacing BytesBytesMultiHashMap with new fast hash table code of Native Vector Map Join</title>
                <link>https://issues.apache.org/jira/browse/HIVE-10448</link>
                <project id="12310843" key="HIVE">Hive</project>
                    <description>&lt;p&gt;&lt;a href=&quot;https://issues.apache.org/jira/secure/ViewProfile.jspa?name=sershe&quot; class=&quot;user-hover&quot; rel=&quot;sershe&quot;&gt;Sergey Shelukhin&lt;/a&gt; observed that the new fast hash table code developed for Native Vector Map Join uses many of the same concepts as BytesBytesMultiHashMap can could be considered a v2 replacement for it.&lt;/p&gt;</description>
                <environment></environment>
        <key id="12823184">HIVE-10448</key>
            <summary>LLAP: Consider replacing BytesBytesMultiHashMap with new fast hash table code of Native Vector Map Join</summary>
                <type id="7" iconUrl="https://issues.apache.org/jira/images/icons/issuetypes/subtask_alternate.png">Sub-task</type>
                            <parent id="12738189">HIVE-7926</parent>
                                    <priority id="3" iconUrl="https://issues.apache.org/jira/images/icons/priorities/major.png">Major</priority>
                        <status id="5" iconUrl="https://issues.apache.org/jira/images/icons/statuses/resolved.png" description="A resolution has been taken, and it is awaiting verification by reporter. From here issues are either reopened, or are closed.">Resolved</status>
                    <statusCategory id="3" key="done" colorName="green"/>
                                    <resolution id="3">Duplicate</resolution>
                                        <assignee username="mmccline">Matt McCline</assignee>
                                    <reporter username="mmccline">Matt McCline</reporter>
                        <labels>
                    </labels>
                <created>Wed, 22 Apr 2015 21:58:50 +0000</created>
                <updated>Mon, 16 May 2016 18:21:32 +0000</updated>
                            <resolved>Sat, 14 May 2016 11:20:36 +0000</resolved>
                                                                        <due></due>
                            <votes>0</votes>
                                    <watches>3</watches>
                                                                <comments>
                            <comment id="15283526" author="mmccline" created="Sat, 14 May 2016 11:20:36 +0000"  >&lt;p&gt;&lt;a href=&quot;https://issues.apache.org/jira/browse/HIVE-9824&quot; title=&quot;LLAP: Native Vectorization of Map Join&quot; class=&quot;issue-link&quot; data-issue-key=&quot;HIVE-9824&quot;&gt;&lt;del&gt;HIVE-9824&lt;/del&gt;&lt;/a&gt; : LLAP: Native Vectorization of Map Join&lt;/p&gt;</comment>
                            <comment id="15284990" author="sershe" created="Mon, 16 May 2016 18:21:32 +0000"  >&lt;p&gt;The intent of this JIRA was to remove BytesBytes completely... is that covered by &lt;a href=&quot;https://issues.apache.org/jira/browse/HIVE-9824&quot; title=&quot;LLAP: Native Vectorization of Map Join&quot; class=&quot;issue-link&quot; data-issue-key=&quot;HIVE-9824&quot;&gt;&lt;del&gt;HIVE-9824&lt;/del&gt;&lt;/a&gt;?&lt;/p&gt;</comment>
                    </comments>
                    <attachments>
                    </attachments>
                <subtasks>
                    </subtasks>
                <customfields>
                                                <customfield id="customfield_12310310" key="com.atlassian.jira.toolkit:attachments">
                        <customfieldname>Attachment count</customfieldname>
                        <customfieldvalues>
                            <customfieldvalue>0.0</customfieldvalue>
                        </customfieldvalues>
                    </customfield>
                                                                                                                                                                                                                                                                                                                                                                                                                                                                                                                                <customfield id="customfield_12310220" key="com.atlassian.jira.ext.charting:firstresponsedate">
                        <customfieldname>Date of First Response</customfieldname>
                        <customfieldvalues>
                            <customfieldvalue>Mon, 16 May 2016 18:21:32 +0000</customfieldvalue>

                        </customfieldvalues>
                    </customfield>
                                                                                                                                                                                                                                                                                                                                                                                                                                            <customfield id="customfield_12310420" key="com.pyxis.greenhopper.jira:gh-global-rank">
                        <customfieldname>Global Rank</customfieldname>
                        <customfieldvalues>
                            <customfieldvalue>9223372036854775807</customfieldvalue>
                        </customfieldvalues>
                    </customfield>
                                                                                                                                                    <customfield id="customfield_12312521" key="com.atlassian.jira.toolkit:LastCommentDate">
                        <customfieldname>Last public comment date</customfieldname>
                        <customfieldvalues>
                            28 weeks, 5 days ago
                        </customfieldvalues>
                    </customfield>
                                                                                            <customfield id="customfield_12311820" key="com.pyxis.greenhopper.jira:gh-lexo-rank">
                        <customfieldname>Rank</customfieldname>
                        <customfieldvalues>
                            <customfieldvalue>0|i2dmjz:</customfieldvalue>

                        </customfieldvalues>
                    </customfield>
                                                                <customfield id="customfield_12310920" key="com.pyxis.greenhopper.jira:gh-global-rank">
                        <customfieldname>Rank (Obsolete)</customfieldname>
                        <customfieldvalues>
                            <customfieldvalue>9223372036854775807</customfieldvalue>
                        </customfieldvalues>
                    </customfield>
                                                                                                                                                                                                                                                                                                                            <customfield id="customfield_12310222" key="com.atlassian.jira.ext.charting:timeinstatus">
                        <customfieldname>Time in Status</customfieldname>
                        <customfieldvalues>
                            
                        </customfieldvalues>
                    </customfield>
                                                                                                                        </customfields>
    </item>
</channel>
</rss>