<!-- 
RSS generated by JIRA (6.3.4#6332-sha1:51bc225ef474afe3128b2f66878477f322397b16) at Fri Dec 02 23:41:57 UTC 2016

It is possible to restrict the fields that are returned in this document by specifying the 'field' parameter in your request.
For example, to request only the issue key and summary add field=key&field=summary to the URL of your request.
For example:
https://issues.apache.org/jira/si/jira.issueviews:issue-xml/HIVE-12/HIVE-12.xml?field=key&amp;field=summary
-->
<rss version="0.92" >
<channel>
    <title>ASF JIRA</title>
    <link>https://issues.apache.org/jira</link>
    <description>This file is an XML representation of an issue</description>
    <language>en-uk</language>    <build-info>
        <version>6.3.4</version>
        <build-number>6332</build-number>
        <build-date>15-08-2014</build-date>
    </build-info>

<item>
            <title>[HIVE-12] Point users to hive-users@publists.facebook.com instead of athusoo@facebok.com in the README</title>
                <link>https://issues.apache.org/jira/browse/HIVE-12</link>
                <project id="12310843" key="HIVE">Hive</project>
                    <description>&lt;p&gt;Now that Hive has an externally available mailing, we should point users to it in the README instead of directly to Ashish.&lt;/p&gt;</description>
                <environment></environment>
        <key id="12407490">HIVE-12</key>
            <summary>Point users to hive-users@publists.facebook.com instead of athusoo@facebok.com in the README</summary>
                <type id="1" iconUrl="https://issues.apache.org/jira/images/icons/issuetypes/bug.png">Bug</type>
                                            <priority id="3" iconUrl="https://issues.apache.org/jira/images/icons/priorities/major.png">Major</priority>
                        <status id="6" iconUrl="https://issues.apache.org/jira/images/icons/statuses/closed.png" description="The issue is considered finished, the resolution is correct. Issues which are closed can be reopened.">Closed</status>
                    <statusCategory id="3" key="done" colorName="green"/>
                                    <resolution id="1">Fixed</resolution>
                                        <assignee username="athusoo">Ashish Thusoo</assignee>
                                    <reporter username="hammer">Jeff Hammerbacher</reporter>
                        <labels>
                    </labels>
                <created>Thu, 30 Oct 2008 06:05:36 +0000</created>
                <updated>Sat, 17 Dec 2011 00:08:26 +0000</updated>
                            <resolved>Tue, 18 Nov 2008 19:17:43 +0000</resolved>
                                                    <fixVersion>0.3.0</fixVersion>
                                    <component>Documentation</component>
                        <due></due>
                            <votes>0</votes>
                                    <watches>3</watches>
                                                                <comments>
                            <comment id="12644047" author="owen.omalley" created="Thu, 30 Oct 2008 17:29:41 +0000"  >&lt;p&gt;Actually, you might as well start using the new hive email lists at Apache:&lt;/p&gt;

&lt;p&gt;hive-&lt;/p&gt;
{user,dev,commits}
&lt;p&gt;@hadoop.apache.org&lt;/p&gt;</comment>
                            <comment id="12644813" author="athusoo" created="Mon, 3 Nov 2008 21:30:43 +0000"  >&lt;p&gt;Thanks Owen. Didn&apos;t know that this was already setup. We will start using the new email soon.&lt;/p&gt;

&lt;p&gt;Ashish&lt;/p&gt;</comment>
                            <comment id="12647308" author="athusoo" created="Thu, 13 Nov 2008 14:49:01 +0000"  >&lt;p&gt;Fixed the references to mailing lists in README.&lt;/p&gt;</comment>
                            <comment id="12647310" author="athusoo" created="Thu, 13 Nov 2008 14:50:04 +0000"  >&lt;p&gt;submitted patch.&lt;/p&gt;</comment>
                            <comment id="12648710" author="dhruba" created="Tue, 18 Nov 2008 19:17:43 +0000"  >&lt;p&gt;I just committed this. Thanks Ashish!&lt;/p&gt;</comment>
                    </comments>
                    <attachments>
                            <attachment id="12393872" name="patch-12.txt" size="1375" author="athusoo" created="Thu, 13 Nov 2008 14:49:01 +0000"/>
                    </attachments>
                <subtasks>
                    </subtasks>
                <customfields>
                                                <customfield id="customfield_12310310" key="com.atlassian.jira.toolkit:attachments">
                        <customfieldname>Attachment count</customfieldname>
                        <customfieldvalues>
                            <customfieldvalue>1.0</customfieldvalue>
                        </customfieldvalues>
                    </customfield>
                                                                                                                                                                                                                                                                                                                                                                                                                                                                                                                                <customfield id="customfield_12310220" key="com.atlassian.jira.ext.charting:firstresponsedate">
                        <customfieldname>Date of First Response</customfieldname>
                        <customfieldvalues>
                            <customfieldvalue>Thu, 30 Oct 2008 17:29:41 +0000</customfieldvalue>

                        </customfieldvalues>
                    </customfield>
                                                                                                                                                                                                                                                                                                                                                                                                                                            <customfield id="customfield_12310420" key="com.pyxis.greenhopper.jira:gh-global-rank">
                        <customfieldname>Global Rank</customfieldname>
                        <customfieldvalues>
                            <customfieldvalue>73835</customfieldvalue>
                        </customfieldvalues>
                    </customfield>
                                                                <customfield id="customfield_12310191" key="com.atlassian.jira.plugin.system.customfieldtypes:multicheckboxes">
                        <customfieldname>Hadoop Flags</customfieldname>
                        <customfieldvalues>
                                <customfieldvalue key="10343"><![CDATA[Reviewed]]></customfieldvalue>
    
                        </customfieldvalues>
                    </customfield>
                                                                                                                        <customfield id="customfield_12312521" key="com.atlassian.jira.toolkit:LastCommentDate">
                        <customfieldname>Last public comment date</customfieldname>
                        <customfieldvalues>
                            8 years, 3 weeks, 3 days ago
                        </customfieldvalues>
                    </customfield>
                                                                                            <customfield id="customfield_12311820" key="com.pyxis.greenhopper.jira:gh-lexo-rank">
                        <customfieldname>Rank</customfieldname>
                        <customfieldvalues>
                            <customfieldvalue>0|i0iv6f:</customfieldvalue>

                        </customfieldvalues>
                    </customfield>
                                                                <customfield id="customfield_12310920" key="com.pyxis.greenhopper.jira:gh-global-rank">
                        <customfieldname>Rank (Obsolete)</customfieldname>
                        <customfieldvalues>
                            <customfieldvalue>108145</customfieldvalue>
                        </customfieldvalues>
                    </customfield>
                                                                                                                                                                                                                                                                                                                            <customfield id="customfield_12310222" key="com.atlassian.jira.ext.charting:timeinstatus">
                        <customfieldname>Time in Status</customfieldname>
                        <customfieldvalues>
                            
                        </customfieldvalues>
                    </customfield>
                                                                                                                        </customfields>
    </item>
</channel>
</rss>