<!-- 
RSS generated by JIRA (6.3.4#6332-sha1:51bc225ef474afe3128b2f66878477f322397b16) at Sat Dec 03 00:31:41 UTC 2016

It is possible to restrict the fields that are returned in this document by specifying the 'field' parameter in your request.
For example, to request only the issue key and summary add field=key&field=summary to the URL of your request.
For example:
https://issues.apache.org/jira/si/jira.issueviews:issue-xml/HIVE-1218/HIVE-1218.xml?field=key&amp;field=summary
-->
<rss version="0.92" >
<channel>
    <title>ASF JIRA</title>
    <link>https://issues.apache.org/jira</link>
    <description>This file is an XML representation of an issue</description>
    <language>en-uk</language>    <build-info>
        <version>6.3.4</version>
        <build-number>6332</build-number>
        <build-date>15-08-2014</build-date>
    </build-info>

<item>
            <title>[HIVE-1218] CREATE TABLE t LIKE some_view should create a new empty base table, but instead creates a copy of view</title>
                <link>https://issues.apache.org/jira/browse/HIVE-1218</link>
                <project id="12310843" key="HIVE">Hive</project>
                    <description>&lt;p&gt;I think it should copy only the column definitions from the view metadata.  Currently it is copying the entire descriptor, resulting in a new view instead of a new base table.&lt;/p&gt;</description>
                <environment></environment>
        <key id="12458597">HIVE-1218</key>
            <summary>CREATE TABLE t LIKE some_view should create a new empty base table, but instead creates a copy of view</summary>
                <type id="1" iconUrl="https://issues.apache.org/jira/images/icons/issuetypes/bug.png">Bug</type>
                                            <priority id="3" iconUrl="https://issues.apache.org/jira/images/icons/priorities/major.png">Major</priority>
                        <status id="6" iconUrl="https://issues.apache.org/jira/images/icons/statuses/closed.png" description="The issue is considered finished, the resolution is correct. Issues which are closed can be reopened.">Closed</status>
                    <statusCategory id="3" key="done" colorName="green"/>
                                    <resolution id="1">Fixed</resolution>
                                        <assignee username="charleschen">Charles Chen</assignee>
                                    <reporter username="jvs">John Sichi</reporter>
                        <labels>
                    </labels>
                <created>Tue, 9 Mar 2010 23:23:31 +0000</created>
                <updated>Fri, 16 Dec 2011 23:56:48 +0000</updated>
                            <resolved>Mon, 18 Jul 2011 19:01:15 +0000</resolved>
                                    <version>0.7.0</version>
                                    <fixVersion>0.8.0</fixVersion>
                                    <component>Query Processor</component>
                        <due></due>
                            <votes>0</votes>
                                    <watches>1</watches>
                                                                <comments>
                            <comment id="13062199" author="jiraposter@reviews.apache.org" created="Fri, 8 Jul 2011 21:37:16 +0000"  >
&lt;p&gt;-----------------------------------------------------------&lt;br/&gt;
This is an automatically generated e-mail. To reply, visit:&lt;br/&gt;
&lt;a href=&quot;https://reviews.apache.org/r/1057/&quot; class=&quot;external-link&quot; rel=&quot;nofollow&quot;&gt;https://reviews.apache.org/r/1057/&lt;/a&gt;&lt;br/&gt;
-----------------------------------------------------------&lt;/p&gt;

&lt;p&gt;Review request for hive.&lt;/p&gt;


&lt;p&gt;Summary&lt;br/&gt;
-------&lt;/p&gt;

&lt;p&gt;&lt;a href=&quot;https://issues.apache.org/jira/browse/HIVE-1218&quot; class=&quot;external-link&quot; rel=&quot;nofollow&quot;&gt;https://issues.apache.org/jira/browse/HIVE-1218&lt;/a&gt;&lt;/p&gt;


&lt;p&gt;This addresses bug &lt;a href=&quot;https://issues.apache.org/jira/browse/HIVE-1218&quot; title=&quot;CREATE TABLE t LIKE some_view should create a new empty base table, but instead creates a copy of view&quot; class=&quot;issue-link&quot; data-issue-key=&quot;HIVE-1218&quot;&gt;&lt;del&gt;HIVE-1218&lt;/del&gt;&lt;/a&gt;.&lt;br/&gt;
    &lt;a href=&quot;https://issues.apache.org/jira/browse/HIVE-1218&quot; class=&quot;external-link&quot; rel=&quot;nofollow&quot;&gt;https://issues.apache.org/jira/browse/HIVE-1218&lt;/a&gt;&lt;/p&gt;


&lt;p&gt;Diffs&lt;/p&gt;
&lt;hr /&gt;

&lt;p&gt;  &lt;a href=&quot;http://svn.apache.org/repos/asf/hive/trunk/ql/src/java/org/apache/hadoop/hive/ql/exec/DDLTask.java&quot; class=&quot;external-link&quot; rel=&quot;nofollow&quot;&gt;http://svn.apache.org/repos/asf/hive/trunk/ql/src/java/org/apache/hadoop/hive/ql/exec/DDLTask.java&lt;/a&gt; 1144394 &lt;br/&gt;
  &lt;a href=&quot;http://svn.apache.org/repos/asf/hive/trunk/ql/src/java/org/apache/hadoop/hive/ql/parse/SemanticAnalyzer.java&quot; class=&quot;external-link&quot; rel=&quot;nofollow&quot;&gt;http://svn.apache.org/repos/asf/hive/trunk/ql/src/java/org/apache/hadoop/hive/ql/parse/SemanticAnalyzer.java&lt;/a&gt; 1144394 &lt;br/&gt;
  &lt;a href=&quot;http://svn.apache.org/repos/asf/hive/trunk/ql/src/java/org/apache/hadoop/hive/ql/plan/CreateTableLikeDesc.java&quot; class=&quot;external-link&quot; rel=&quot;nofollow&quot;&gt;http://svn.apache.org/repos/asf/hive/trunk/ql/src/java/org/apache/hadoop/hive/ql/plan/CreateTableLikeDesc.java&lt;/a&gt; 1144394 &lt;br/&gt;
  &lt;a href=&quot;http://svn.apache.org/repos/asf/hive/trunk/ql/src/test/queries/clientpositive/create_like_view.q&quot; class=&quot;external-link&quot; rel=&quot;nofollow&quot;&gt;http://svn.apache.org/repos/asf/hive/trunk/ql/src/test/queries/clientpositive/create_like_view.q&lt;/a&gt; PRE-CREATION &lt;br/&gt;
  &lt;a href=&quot;http://svn.apache.org/repos/asf/hive/trunk/ql/src/test/results/clientpositive/create_like_view.q.out&quot; class=&quot;external-link&quot; rel=&quot;nofollow&quot;&gt;http://svn.apache.org/repos/asf/hive/trunk/ql/src/test/results/clientpositive/create_like_view.q.out&lt;/a&gt; PRE-CREATION &lt;/p&gt;

&lt;p&gt;Diff: &lt;a href=&quot;https://reviews.apache.org/r/1057/diff&quot; class=&quot;external-link&quot; rel=&quot;nofollow&quot;&gt;https://reviews.apache.org/r/1057/diff&lt;/a&gt;&lt;/p&gt;


&lt;p&gt;Testing&lt;br/&gt;
-------&lt;/p&gt;

&lt;p&gt;Seems to work&lt;/p&gt;


&lt;p&gt;Thanks,&lt;/p&gt;

&lt;p&gt;Charles&lt;/p&gt;
</comment>
                            <comment id="13063574" author="jiraposter@reviews.apache.org" created="Mon, 11 Jul 2011 22:06:59 +0000"  >
&lt;p&gt;-----------------------------------------------------------&lt;br/&gt;
This is an automatically generated e-mail. To reply, visit:&lt;br/&gt;
&lt;a href=&quot;https://reviews.apache.org/r/1057/&quot; class=&quot;external-link&quot; rel=&quot;nofollow&quot;&gt;https://reviews.apache.org/r/1057/&lt;/a&gt;&lt;br/&gt;
-----------------------------------------------------------&lt;/p&gt;

&lt;p&gt;(Updated 2011-07-11 22:06:40.671325)&lt;/p&gt;


&lt;p&gt;Review request for hive.&lt;/p&gt;


&lt;p&gt;Summary (updated)&lt;br/&gt;
-------&lt;/p&gt;

&lt;p&gt;&lt;a href=&quot;https://issues.apache.org/jira/browse/HIVE-1218&quot; class=&quot;external-link&quot; rel=&quot;nofollow&quot;&gt;https://issues.apache.org/jira/browse/HIVE-1218&lt;/a&gt;&lt;/p&gt;


&lt;p&gt;This addresses bug &lt;a href=&quot;https://issues.apache.org/jira/browse/HIVE-1218&quot; title=&quot;CREATE TABLE t LIKE some_view should create a new empty base table, but instead creates a copy of view&quot; class=&quot;issue-link&quot; data-issue-key=&quot;HIVE-1218&quot;&gt;&lt;del&gt;HIVE-1218&lt;/del&gt;&lt;/a&gt;.&lt;br/&gt;
    &lt;a href=&quot;https://issues.apache.org/jira/browse/HIVE-1218&quot; class=&quot;external-link&quot; rel=&quot;nofollow&quot;&gt;https://issues.apache.org/jira/browse/HIVE-1218&lt;/a&gt;&lt;/p&gt;


&lt;p&gt;Diffs (updated)&lt;/p&gt;
&lt;hr /&gt;

&lt;p&gt;  &lt;a href=&quot;http://svn.apache.org/repos/asf/hive/trunk/ql/src/java/org/apache/hadoop/hive/ql/exec/DDLTask.java&quot; class=&quot;external-link&quot; rel=&quot;nofollow&quot;&gt;http://svn.apache.org/repos/asf/hive/trunk/ql/src/java/org/apache/hadoop/hive/ql/exec/DDLTask.java&lt;/a&gt; 1145292 &lt;br/&gt;
  &lt;a href=&quot;http://svn.apache.org/repos/asf/hive/trunk/ql/src/java/org/apache/hadoop/hive/ql/metadata/Table.java&quot; class=&quot;external-link&quot; rel=&quot;nofollow&quot;&gt;http://svn.apache.org/repos/asf/hive/trunk/ql/src/java/org/apache/hadoop/hive/ql/metadata/Table.java&lt;/a&gt; 1145292 &lt;br/&gt;
  &lt;a href=&quot;http://svn.apache.org/repos/asf/hive/trunk/ql/src/java/org/apache/hadoop/hive/ql/parse/SemanticAnalyzer.java&quot; class=&quot;external-link&quot; rel=&quot;nofollow&quot;&gt;http://svn.apache.org/repos/asf/hive/trunk/ql/src/java/org/apache/hadoop/hive/ql/parse/SemanticAnalyzer.java&lt;/a&gt; 1145292 &lt;br/&gt;
  &lt;a href=&quot;http://svn.apache.org/repos/asf/hive/trunk/ql/src/java/org/apache/hadoop/hive/ql/plan/CreateTableLikeDesc.java&quot; class=&quot;external-link&quot; rel=&quot;nofollow&quot;&gt;http://svn.apache.org/repos/asf/hive/trunk/ql/src/java/org/apache/hadoop/hive/ql/plan/CreateTableLikeDesc.java&lt;/a&gt; 1145292 &lt;br/&gt;
  &lt;a href=&quot;http://svn.apache.org/repos/asf/hive/trunk/ql/src/test/queries/clientpositive/create_like_view.q&quot; class=&quot;external-link&quot; rel=&quot;nofollow&quot;&gt;http://svn.apache.org/repos/asf/hive/trunk/ql/src/test/queries/clientpositive/create_like_view.q&lt;/a&gt; PRE-CREATION &lt;br/&gt;
  &lt;a href=&quot;http://svn.apache.org/repos/asf/hive/trunk/ql/src/test/results/clientpositive/create_like_view.q.out&quot; class=&quot;external-link&quot; rel=&quot;nofollow&quot;&gt;http://svn.apache.org/repos/asf/hive/trunk/ql/src/test/results/clientpositive/create_like_view.q.out&lt;/a&gt; PRE-CREATION &lt;/p&gt;

&lt;p&gt;Diff: &lt;a href=&quot;https://reviews.apache.org/r/1057/diff&quot; class=&quot;external-link&quot; rel=&quot;nofollow&quot;&gt;https://reviews.apache.org/r/1057/diff&lt;/a&gt;&lt;/p&gt;


&lt;p&gt;Testing (updated)&lt;br/&gt;
-------&lt;/p&gt;


&lt;p&gt;Thanks,&lt;/p&gt;

&lt;p&gt;Charles&lt;/p&gt;
</comment>
                            <comment id="13064137" author="jiraposter@reviews.apache.org" created="Tue, 12 Jul 2011 21:07:00 +0000"  >
&lt;p&gt;-----------------------------------------------------------&lt;br/&gt;
This is an automatically generated e-mail. To reply, visit:&lt;br/&gt;
&lt;a href=&quot;https://reviews.apache.org/r/1057/#review1039&quot; class=&quot;external-link&quot; rel=&quot;nofollow&quot;&gt;https://reviews.apache.org/r/1057/#review1039&lt;/a&gt;&lt;br/&gt;
-----------------------------------------------------------&lt;/p&gt;



&lt;p&gt;&lt;a href=&quot;http://svn.apache.org/repos/asf/hive/trunk/ql/src/java/org/apache/hadoop/hive/ql/exec/DDLTask.java&quot; class=&quot;external-link&quot; rel=&quot;nofollow&quot;&gt;http://svn.apache.org/repos/asf/hive/trunk/ql/src/java/org/apache/hadoop/hive/ql/exec/DDLTask.java&lt;/a&gt;&lt;br/&gt;
&amp;lt;&lt;a href=&quot;https://reviews.apache.org/r/1057/#comment2112&quot; class=&quot;external-link&quot; rel=&quot;nofollow&quot;&gt;https://reviews.apache.org/r/1057/#comment2112&lt;/a&gt;&amp;gt;&lt;/p&gt;

&lt;p&gt;    indentation?&lt;/p&gt;



&lt;p&gt;&lt;a href=&quot;http://svn.apache.org/repos/asf/hive/trunk/ql/src/test/queries/clientpositive/create_like_view.q&quot; class=&quot;external-link&quot; rel=&quot;nofollow&quot;&gt;http://svn.apache.org/repos/asf/hive/trunk/ql/src/test/queries/clientpositive/create_like_view.q&lt;/a&gt;&lt;br/&gt;
&amp;lt;&lt;a href=&quot;https://reviews.apache.org/r/1057/#comment2115&quot; class=&quot;external-link&quot; rel=&quot;nofollow&quot;&gt;https://reviews.apache.org/r/1057/#comment2115&lt;/a&gt;&amp;gt;&lt;/p&gt;

&lt;p&gt;    Can you include a testcase for a partitioned view?  I don&apos;t see a codepath for that (we agreed the new table should come out with the same partition columns as the view).&lt;/p&gt;

&lt;p&gt;    Also add a testcase for create externa table like base_table since you fixed a bug in that existing codepath.  You can put that in create_like.q since it doesn&apos;t have anything to do with views.&lt;/p&gt;



&lt;p&gt;&lt;a href=&quot;http://svn.apache.org/repos/asf/hive/trunk/ql/src/test/queries/clientpositive/create_like_view.q&quot; class=&quot;external-link&quot; rel=&quot;nofollow&quot;&gt;http://svn.apache.org/repos/asf/hive/trunk/ql/src/test/queries/clientpositive/create_like_view.q&lt;/a&gt;&lt;br/&gt;
&amp;lt;&lt;a href=&quot;https://reviews.apache.org/r/1057/#comment2116&quot; class=&quot;external-link&quot; rel=&quot;nofollow&quot;&gt;https://reviews.apache.org/r/1057/#comment2116&lt;/a&gt;&amp;gt;&lt;/p&gt;

&lt;p&gt;    Add order by on these queries for determinism.&lt;/p&gt;


&lt;ul class=&quot;alternate&quot; type=&quot;square&quot;&gt;
	&lt;li&gt;John&lt;/li&gt;
&lt;/ul&gt;



&lt;p&gt;On 2011-07-11 22:06:40, Charles Chen wrote:&lt;/p&gt;
&lt;blockquote&gt;&lt;p&gt;&lt;/p&gt;&lt;/blockquote&gt;
&lt;blockquote&gt;&lt;p&gt;-----------------------------------------------------------&lt;/p&gt;&lt;/blockquote&gt;
&lt;blockquote&gt;&lt;p&gt;This is an automatically generated e-mail. To reply, visit:&lt;/p&gt;&lt;/blockquote&gt;
&lt;blockquote&gt;&lt;p&gt;&lt;a href=&quot;https://reviews.apache.org/r/1057/&quot; class=&quot;external-link&quot; rel=&quot;nofollow&quot;&gt;https://reviews.apache.org/r/1057/&lt;/a&gt;&lt;/p&gt;&lt;/blockquote&gt;
&lt;blockquote&gt;&lt;p&gt;-----------------------------------------------------------&lt;/p&gt;&lt;/blockquote&gt;
&lt;blockquote&gt;&lt;p&gt;&lt;/p&gt;&lt;/blockquote&gt;
&lt;blockquote&gt;&lt;p&gt;(Updated 2011-07-11 22:06:40)&lt;/p&gt;&lt;/blockquote&gt;
&lt;blockquote&gt;&lt;p&gt;&lt;/p&gt;&lt;/blockquote&gt;
&lt;blockquote&gt;&lt;p&gt;&lt;/p&gt;&lt;/blockquote&gt;
&lt;blockquote&gt;&lt;p&gt;Review request for hive.&lt;/p&gt;&lt;/blockquote&gt;
&lt;blockquote&gt;&lt;p&gt;&lt;/p&gt;&lt;/blockquote&gt;
&lt;blockquote&gt;&lt;p&gt;&lt;/p&gt;&lt;/blockquote&gt;
&lt;blockquote&gt;&lt;p&gt;Summary&lt;/p&gt;&lt;/blockquote&gt;
&lt;blockquote&gt;&lt;p&gt;-------&lt;/p&gt;&lt;/blockquote&gt;
&lt;blockquote&gt;&lt;p&gt;&lt;/p&gt;&lt;/blockquote&gt;
&lt;blockquote&gt;&lt;p&gt;&lt;a href=&quot;https://issues.apache.org/jira/browse/HIVE-1218&quot; class=&quot;external-link&quot; rel=&quot;nofollow&quot;&gt;https://issues.apache.org/jira/browse/HIVE-1218&lt;/a&gt;&lt;/p&gt;&lt;/blockquote&gt;
&lt;blockquote&gt;&lt;p&gt;&lt;/p&gt;&lt;/blockquote&gt;
&lt;blockquote&gt;&lt;p&gt;&lt;/p&gt;&lt;/blockquote&gt;
&lt;blockquote&gt;&lt;p&gt;This addresses bug &lt;a href=&quot;https://issues.apache.org/jira/browse/HIVE-1218&quot; title=&quot;CREATE TABLE t LIKE some_view should create a new empty base table, but instead creates a copy of view&quot; class=&quot;issue-link&quot; data-issue-key=&quot;HIVE-1218&quot;&gt;&lt;del&gt;HIVE-1218&lt;/del&gt;&lt;/a&gt;.&lt;/p&gt;&lt;/blockquote&gt;
&lt;blockquote&gt;&lt;p&gt;&lt;a href=&quot;https://issues.apache.org/jira/browse/HIVE-1218&quot; class=&quot;external-link&quot; rel=&quot;nofollow&quot;&gt;https://issues.apache.org/jira/browse/HIVE-1218&lt;/a&gt;&lt;/p&gt;&lt;/blockquote&gt;
&lt;blockquote&gt;&lt;p&gt;&lt;/p&gt;&lt;/blockquote&gt;
&lt;blockquote&gt;&lt;p&gt;&lt;/p&gt;&lt;/blockquote&gt;
&lt;blockquote&gt;&lt;p&gt;Diffs&lt;/p&gt;&lt;/blockquote&gt;
&lt;blockquote&gt;&lt;p&gt;-----&lt;/p&gt;&lt;/blockquote&gt;
&lt;blockquote&gt;&lt;p&gt;&lt;/p&gt;&lt;/blockquote&gt;
&lt;blockquote&gt;&lt;p&gt;&lt;a href=&quot;http://svn.apache.org/repos/asf/hive/trunk/ql/src/java/org/apache/hadoop/hive/ql/exec/DDLTask.java&quot; class=&quot;external-link&quot; rel=&quot;nofollow&quot;&gt;http://svn.apache.org/repos/asf/hive/trunk/ql/src/java/org/apache/hadoop/hive/ql/exec/DDLTask.java&lt;/a&gt; 1145292 &lt;/p&gt;&lt;/blockquote&gt;
&lt;blockquote&gt;&lt;p&gt;&lt;a href=&quot;http://svn.apache.org/repos/asf/hive/trunk/ql/src/java/org/apache/hadoop/hive/ql/metadata/Table.java&quot; class=&quot;external-link&quot; rel=&quot;nofollow&quot;&gt;http://svn.apache.org/repos/asf/hive/trunk/ql/src/java/org/apache/hadoop/hive/ql/metadata/Table.java&lt;/a&gt; 1145292 &lt;/p&gt;&lt;/blockquote&gt;
&lt;blockquote&gt;&lt;p&gt;&lt;a href=&quot;http://svn.apache.org/repos/asf/hive/trunk/ql/src/java/org/apache/hadoop/hive/ql/parse/SemanticAnalyzer.java&quot; class=&quot;external-link&quot; rel=&quot;nofollow&quot;&gt;http://svn.apache.org/repos/asf/hive/trunk/ql/src/java/org/apache/hadoop/hive/ql/parse/SemanticAnalyzer.java&lt;/a&gt; 1145292 &lt;/p&gt;&lt;/blockquote&gt;
&lt;blockquote&gt;&lt;p&gt;&lt;a href=&quot;http://svn.apache.org/repos/asf/hive/trunk/ql/src/java/org/apache/hadoop/hive/ql/plan/CreateTableLikeDesc.java&quot; class=&quot;external-link&quot; rel=&quot;nofollow&quot;&gt;http://svn.apache.org/repos/asf/hive/trunk/ql/src/java/org/apache/hadoop/hive/ql/plan/CreateTableLikeDesc.java&lt;/a&gt; 1145292 &lt;/p&gt;&lt;/blockquote&gt;
&lt;blockquote&gt;&lt;p&gt;&lt;a href=&quot;http://svn.apache.org/repos/asf/hive/trunk/ql/src/test/queries/clientpositive/create_like_view.q&quot; class=&quot;external-link&quot; rel=&quot;nofollow&quot;&gt;http://svn.apache.org/repos/asf/hive/trunk/ql/src/test/queries/clientpositive/create_like_view.q&lt;/a&gt; PRE-CREATION &lt;/p&gt;&lt;/blockquote&gt;
&lt;blockquote&gt;&lt;p&gt;&lt;a href=&quot;http://svn.apache.org/repos/asf/hive/trunk/ql/src/test/results/clientpositive/create_like_view.q.out&quot; class=&quot;external-link&quot; rel=&quot;nofollow&quot;&gt;http://svn.apache.org/repos/asf/hive/trunk/ql/src/test/results/clientpositive/create_like_view.q.out&lt;/a&gt; PRE-CREATION &lt;/p&gt;&lt;/blockquote&gt;
&lt;blockquote&gt;&lt;p&gt;&lt;/p&gt;&lt;/blockquote&gt;
&lt;blockquote&gt;&lt;p&gt;Diff: &lt;a href=&quot;https://reviews.apache.org/r/1057/diff&quot; class=&quot;external-link&quot; rel=&quot;nofollow&quot;&gt;https://reviews.apache.org/r/1057/diff&lt;/a&gt;&lt;/p&gt;&lt;/blockquote&gt;
&lt;blockquote&gt;&lt;p&gt;&lt;/p&gt;&lt;/blockquote&gt;
&lt;blockquote&gt;&lt;p&gt;&lt;/p&gt;&lt;/blockquote&gt;
&lt;blockquote&gt;&lt;p&gt;Testing&lt;/p&gt;&lt;/blockquote&gt;
&lt;blockquote&gt;&lt;p&gt;-------&lt;/p&gt;&lt;/blockquote&gt;
&lt;blockquote&gt;&lt;p&gt;&lt;/p&gt;&lt;/blockquote&gt;
&lt;blockquote&gt;&lt;p&gt;&lt;/p&gt;&lt;/blockquote&gt;
&lt;blockquote&gt;&lt;p&gt;Thanks,&lt;/p&gt;&lt;/blockquote&gt;
&lt;blockquote&gt;&lt;p&gt;&lt;/p&gt;&lt;/blockquote&gt;
&lt;blockquote&gt;&lt;p&gt;Charles&lt;/p&gt;&lt;/blockquote&gt;
&lt;blockquote&gt;&lt;p&gt;&lt;/p&gt;&lt;/blockquote&gt;
&lt;blockquote&gt;&lt;p&gt;&lt;/p&gt;&lt;/blockquote&gt;
</comment>
                            <comment id="13064229" author="jiraposter@reviews.apache.org" created="Tue, 12 Jul 2011 23:19:00 +0000"  >
&lt;p&gt;-----------------------------------------------------------&lt;br/&gt;
This is an automatically generated e-mail. To reply, visit:&lt;br/&gt;
&lt;a href=&quot;https://reviews.apache.org/r/1057/&quot; class=&quot;external-link&quot; rel=&quot;nofollow&quot;&gt;https://reviews.apache.org/r/1057/&lt;/a&gt;&lt;br/&gt;
-----------------------------------------------------------&lt;/p&gt;

&lt;p&gt;(Updated 2011-07-12 23:17:38.731527)&lt;/p&gt;


&lt;p&gt;Review request for hive.&lt;/p&gt;


&lt;p&gt;Changes&lt;br/&gt;
-------&lt;/p&gt;

&lt;p&gt;Fixed changes in comments&lt;/p&gt;


&lt;p&gt;Summary&lt;br/&gt;
-------&lt;/p&gt;

&lt;p&gt;&lt;a href=&quot;https://issues.apache.org/jira/browse/HIVE-1218&quot; class=&quot;external-link&quot; rel=&quot;nofollow&quot;&gt;https://issues.apache.org/jira/browse/HIVE-1218&lt;/a&gt;&lt;/p&gt;


&lt;p&gt;This addresses bug &lt;a href=&quot;https://issues.apache.org/jira/browse/HIVE-1218&quot; title=&quot;CREATE TABLE t LIKE some_view should create a new empty base table, but instead creates a copy of view&quot; class=&quot;issue-link&quot; data-issue-key=&quot;HIVE-1218&quot;&gt;&lt;del&gt;HIVE-1218&lt;/del&gt;&lt;/a&gt;.&lt;br/&gt;
    &lt;a href=&quot;https://issues.apache.org/jira/browse/HIVE-1218&quot; class=&quot;external-link&quot; rel=&quot;nofollow&quot;&gt;https://issues.apache.org/jira/browse/HIVE-1218&lt;/a&gt;&lt;/p&gt;


&lt;p&gt;Diffs (updated)&lt;/p&gt;
&lt;hr /&gt;

&lt;p&gt;  &lt;a href=&quot;http://svn.apache.org/repos/asf/hive/trunk/ql/src/java/org/apache/hadoop/hive/ql/exec/DDLTask.java&quot; class=&quot;external-link&quot; rel=&quot;nofollow&quot;&gt;http://svn.apache.org/repos/asf/hive/trunk/ql/src/java/org/apache/hadoop/hive/ql/exec/DDLTask.java&lt;/a&gt; 1145801 &lt;br/&gt;
  &lt;a href=&quot;http://svn.apache.org/repos/asf/hive/trunk/ql/src/java/org/apache/hadoop/hive/ql/parse/SemanticAnalyzer.java&quot; class=&quot;external-link&quot; rel=&quot;nofollow&quot;&gt;http://svn.apache.org/repos/asf/hive/trunk/ql/src/java/org/apache/hadoop/hive/ql/parse/SemanticAnalyzer.java&lt;/a&gt; 1145801 &lt;br/&gt;
  &lt;a href=&quot;http://svn.apache.org/repos/asf/hive/trunk/ql/src/java/org/apache/hadoop/hive/ql/plan/CreateTableLikeDesc.java&quot; class=&quot;external-link&quot; rel=&quot;nofollow&quot;&gt;http://svn.apache.org/repos/asf/hive/trunk/ql/src/java/org/apache/hadoop/hive/ql/plan/CreateTableLikeDesc.java&lt;/a&gt; 1145801 &lt;br/&gt;
  &lt;a href=&quot;http://svn.apache.org/repos/asf/hive/trunk/ql/src/test/queries/clientpositive/create_like.q&quot; class=&quot;external-link&quot; rel=&quot;nofollow&quot;&gt;http://svn.apache.org/repos/asf/hive/trunk/ql/src/test/queries/clientpositive/create_like.q&lt;/a&gt; 1145801 &lt;br/&gt;
  &lt;a href=&quot;http://svn.apache.org/repos/asf/hive/trunk/ql/src/test/results/clientpositive/create_like.q.out&quot; class=&quot;external-link&quot; rel=&quot;nofollow&quot;&gt;http://svn.apache.org/repos/asf/hive/trunk/ql/src/test/results/clientpositive/create_like.q.out&lt;/a&gt; 1145801 &lt;/p&gt;

&lt;p&gt;Diff: &lt;a href=&quot;https://reviews.apache.org/r/1057/diff&quot; class=&quot;external-link&quot; rel=&quot;nofollow&quot;&gt;https://reviews.apache.org/r/1057/diff&lt;/a&gt;&lt;/p&gt;


&lt;p&gt;Testing (updated)&lt;br/&gt;
-------&lt;/p&gt;

&lt;p&gt;Running tests&lt;/p&gt;


&lt;p&gt;Thanks,&lt;/p&gt;

&lt;p&gt;Charles&lt;/p&gt;
</comment>
                            <comment id="13064952" author="jiraposter@reviews.apache.org" created="Wed, 13 Jul 2011 23:34:59 +0000"  >
&lt;p&gt;-----------------------------------------------------------&lt;br/&gt;
This is an automatically generated e-mail. To reply, visit:&lt;br/&gt;
&lt;a href=&quot;https://reviews.apache.org/r/1057/&quot; class=&quot;external-link&quot; rel=&quot;nofollow&quot;&gt;https://reviews.apache.org/r/1057/&lt;/a&gt;&lt;br/&gt;
-----------------------------------------------------------&lt;/p&gt;

&lt;p&gt;(Updated 2011-07-13 23:34:26.247370)&lt;/p&gt;


&lt;p&gt;Review request for hive.&lt;/p&gt;


&lt;p&gt;Changes&lt;br/&gt;
-------&lt;/p&gt;

&lt;p&gt;Unit tests passed&lt;/p&gt;


&lt;p&gt;Summary&lt;br/&gt;
-------&lt;/p&gt;

&lt;p&gt;&lt;a href=&quot;https://issues.apache.org/jira/browse/HIVE-1218&quot; class=&quot;external-link&quot; rel=&quot;nofollow&quot;&gt;https://issues.apache.org/jira/browse/HIVE-1218&lt;/a&gt;&lt;/p&gt;


&lt;p&gt;This addresses bug &lt;a href=&quot;https://issues.apache.org/jira/browse/HIVE-1218&quot; title=&quot;CREATE TABLE t LIKE some_view should create a new empty base table, but instead creates a copy of view&quot; class=&quot;issue-link&quot; data-issue-key=&quot;HIVE-1218&quot;&gt;&lt;del&gt;HIVE-1218&lt;/del&gt;&lt;/a&gt;.&lt;br/&gt;
    &lt;a href=&quot;https://issues.apache.org/jira/browse/HIVE-1218&quot; class=&quot;external-link&quot; rel=&quot;nofollow&quot;&gt;https://issues.apache.org/jira/browse/HIVE-1218&lt;/a&gt;&lt;/p&gt;


&lt;p&gt;Diffs&lt;/p&gt;
&lt;hr /&gt;

&lt;p&gt;  &lt;a href=&quot;http://svn.apache.org/repos/asf/hive/trunk/ql/src/java/org/apache/hadoop/hive/ql/exec/DDLTask.java&quot; class=&quot;external-link&quot; rel=&quot;nofollow&quot;&gt;http://svn.apache.org/repos/asf/hive/trunk/ql/src/java/org/apache/hadoop/hive/ql/exec/DDLTask.java&lt;/a&gt; 1145801 &lt;br/&gt;
  &lt;a href=&quot;http://svn.apache.org/repos/asf/hive/trunk/ql/src/java/org/apache/hadoop/hive/ql/parse/SemanticAnalyzer.java&quot; class=&quot;external-link&quot; rel=&quot;nofollow&quot;&gt;http://svn.apache.org/repos/asf/hive/trunk/ql/src/java/org/apache/hadoop/hive/ql/parse/SemanticAnalyzer.java&lt;/a&gt; 1145801 &lt;br/&gt;
  &lt;a href=&quot;http://svn.apache.org/repos/asf/hive/trunk/ql/src/java/org/apache/hadoop/hive/ql/plan/CreateTableLikeDesc.java&quot; class=&quot;external-link&quot; rel=&quot;nofollow&quot;&gt;http://svn.apache.org/repos/asf/hive/trunk/ql/src/java/org/apache/hadoop/hive/ql/plan/CreateTableLikeDesc.java&lt;/a&gt; 1145801 &lt;br/&gt;
  &lt;a href=&quot;http://svn.apache.org/repos/asf/hive/trunk/ql/src/test/queries/clientpositive/create_like.q&quot; class=&quot;external-link&quot; rel=&quot;nofollow&quot;&gt;http://svn.apache.org/repos/asf/hive/trunk/ql/src/test/queries/clientpositive/create_like.q&lt;/a&gt; 1145801 &lt;br/&gt;
  &lt;a href=&quot;http://svn.apache.org/repos/asf/hive/trunk/ql/src/test/results/clientpositive/create_like.q.out&quot; class=&quot;external-link&quot; rel=&quot;nofollow&quot;&gt;http://svn.apache.org/repos/asf/hive/trunk/ql/src/test/results/clientpositive/create_like.q.out&lt;/a&gt; 1145801 &lt;/p&gt;

&lt;p&gt;Diff: &lt;a href=&quot;https://reviews.apache.org/r/1057/diff&quot; class=&quot;external-link&quot; rel=&quot;nofollow&quot;&gt;https://reviews.apache.org/r/1057/diff&lt;/a&gt;&lt;/p&gt;


&lt;p&gt;Testing (updated)&lt;br/&gt;
-------&lt;/p&gt;

&lt;p&gt;Unit tests passed&lt;/p&gt;


&lt;p&gt;Thanks,&lt;/p&gt;

&lt;p&gt;Charles&lt;/p&gt;
</comment>
                            <comment id="13065459" author="jiraposter@reviews.apache.org" created="Thu, 14 Jul 2011 18:56:00 +0000"  >
&lt;p&gt;-----------------------------------------------------------&lt;br/&gt;
This is an automatically generated e-mail. To reply, visit:&lt;br/&gt;
&lt;a href=&quot;https://reviews.apache.org/r/1057/&quot; class=&quot;external-link&quot; rel=&quot;nofollow&quot;&gt;https://reviews.apache.org/r/1057/&lt;/a&gt;&lt;br/&gt;
-----------------------------------------------------------&lt;/p&gt;

&lt;p&gt;(Updated 2011-07-14 18:54:32.868981)&lt;/p&gt;


&lt;p&gt;Review request for hive.&lt;/p&gt;


&lt;p&gt;Changes&lt;br/&gt;
-------&lt;/p&gt;

&lt;p&gt;Fixed dropped unit test&lt;/p&gt;


&lt;p&gt;Summary&lt;br/&gt;
-------&lt;/p&gt;

&lt;p&gt;&lt;a href=&quot;https://issues.apache.org/jira/browse/HIVE-1218&quot; class=&quot;external-link&quot; rel=&quot;nofollow&quot;&gt;https://issues.apache.org/jira/browse/HIVE-1218&lt;/a&gt;&lt;/p&gt;


&lt;p&gt;This addresses bug &lt;a href=&quot;https://issues.apache.org/jira/browse/HIVE-1218&quot; title=&quot;CREATE TABLE t LIKE some_view should create a new empty base table, but instead creates a copy of view&quot; class=&quot;issue-link&quot; data-issue-key=&quot;HIVE-1218&quot;&gt;&lt;del&gt;HIVE-1218&lt;/del&gt;&lt;/a&gt;.&lt;br/&gt;
    &lt;a href=&quot;https://issues.apache.org/jira/browse/HIVE-1218&quot; class=&quot;external-link&quot; rel=&quot;nofollow&quot;&gt;https://issues.apache.org/jira/browse/HIVE-1218&lt;/a&gt;&lt;/p&gt;


&lt;p&gt;Diffs (updated)&lt;/p&gt;
&lt;hr /&gt;

&lt;p&gt;  &lt;a href=&quot;http://svn.apache.org/repos/asf/hive/trunk/ql/src/java/org/apache/hadoop/hive/ql/exec/DDLTask.java&quot; class=&quot;external-link&quot; rel=&quot;nofollow&quot;&gt;http://svn.apache.org/repos/asf/hive/trunk/ql/src/java/org/apache/hadoop/hive/ql/exec/DDLTask.java&lt;/a&gt; 1146841 &lt;br/&gt;
  &lt;a href=&quot;http://svn.apache.org/repos/asf/hive/trunk/ql/src/java/org/apache/hadoop/hive/ql/parse/SemanticAnalyzer.java&quot; class=&quot;external-link&quot; rel=&quot;nofollow&quot;&gt;http://svn.apache.org/repos/asf/hive/trunk/ql/src/java/org/apache/hadoop/hive/ql/parse/SemanticAnalyzer.java&lt;/a&gt; 1146841 &lt;br/&gt;
  &lt;a href=&quot;http://svn.apache.org/repos/asf/hive/trunk/ql/src/java/org/apache/hadoop/hive/ql/plan/CreateTableLikeDesc.java&quot; class=&quot;external-link&quot; rel=&quot;nofollow&quot;&gt;http://svn.apache.org/repos/asf/hive/trunk/ql/src/java/org/apache/hadoop/hive/ql/plan/CreateTableLikeDesc.java&lt;/a&gt; 1146841 &lt;br/&gt;
  &lt;a href=&quot;http://svn.apache.org/repos/asf/hive/trunk/ql/src/test/queries/clientpositive/create_like.q&quot; class=&quot;external-link&quot; rel=&quot;nofollow&quot;&gt;http://svn.apache.org/repos/asf/hive/trunk/ql/src/test/queries/clientpositive/create_like.q&lt;/a&gt; 1146841 &lt;br/&gt;
  &lt;a href=&quot;http://svn.apache.org/repos/asf/hive/trunk/ql/src/test/queries/clientpositive/create_like_view.q&quot; class=&quot;external-link&quot; rel=&quot;nofollow&quot;&gt;http://svn.apache.org/repos/asf/hive/trunk/ql/src/test/queries/clientpositive/create_like_view.q&lt;/a&gt; PRE-CREATION &lt;br/&gt;
  &lt;a href=&quot;http://svn.apache.org/repos/asf/hive/trunk/ql/src/test/results/clientpositive/create_like.q.out&quot; class=&quot;external-link&quot; rel=&quot;nofollow&quot;&gt;http://svn.apache.org/repos/asf/hive/trunk/ql/src/test/results/clientpositive/create_like.q.out&lt;/a&gt; 1146841 &lt;br/&gt;
  &lt;a href=&quot;http://svn.apache.org/repos/asf/hive/trunk/ql/src/test/results/clientpositive/create_like_view.q.out&quot; class=&quot;external-link&quot; rel=&quot;nofollow&quot;&gt;http://svn.apache.org/repos/asf/hive/trunk/ql/src/test/results/clientpositive/create_like_view.q.out&lt;/a&gt; PRE-CREATION &lt;/p&gt;

&lt;p&gt;Diff: &lt;a href=&quot;https://reviews.apache.org/r/1057/diff&quot; class=&quot;external-link&quot; rel=&quot;nofollow&quot;&gt;https://reviews.apache.org/r/1057/diff&lt;/a&gt;&lt;/p&gt;


&lt;p&gt;Testing&lt;br/&gt;
-------&lt;/p&gt;

&lt;p&gt;Unit tests passed&lt;/p&gt;


&lt;p&gt;Thanks,&lt;/p&gt;

&lt;p&gt;Charles&lt;/p&gt;
</comment>
                            <comment id="13065506" author="jvs" created="Thu, 14 Jul 2011 20:00:37 +0000"  >&lt;p&gt;Added some comments on review board.&lt;/p&gt;</comment>
                            <comment id="13065507" author="jiraposter@reviews.apache.org" created="Thu, 14 Jul 2011 20:00:59 +0000"  >
&lt;p&gt;-----------------------------------------------------------&lt;br/&gt;
This is an automatically generated e-mail. To reply, visit:&lt;br/&gt;
&lt;a href=&quot;https://reviews.apache.org/r/1057/#review1062&quot; class=&quot;external-link&quot; rel=&quot;nofollow&quot;&gt;https://reviews.apache.org/r/1057/#review1062&lt;/a&gt;&lt;br/&gt;
-----------------------------------------------------------&lt;/p&gt;



&lt;p&gt;&lt;a href=&quot;http://svn.apache.org/repos/asf/hive/trunk/ql/src/test/queries/clientpositive/create_like.q&quot; class=&quot;external-link&quot; rel=&quot;nofollow&quot;&gt;http://svn.apache.org/repos/asf/hive/trunk/ql/src/test/queries/clientpositive/create_like.q&lt;/a&gt;&lt;br/&gt;
&amp;lt;&lt;a href=&quot;https://reviews.apache.org/r/1057/#comment2134&quot; class=&quot;external-link&quot; rel=&quot;nofollow&quot;&gt;https://reviews.apache.org/r/1057/#comment2134&lt;/a&gt;&amp;gt;&lt;/p&gt;

&lt;p&gt;    Why are you doing DESCRIBE FORMATTED twice for these tables?&lt;/p&gt;



&lt;p&gt;&lt;a href=&quot;http://svn.apache.org/repos/asf/hive/trunk/ql/src/test/results/clientpositive/create_like.q.out&quot; class=&quot;external-link&quot; rel=&quot;nofollow&quot;&gt;http://svn.apache.org/repos/asf/hive/trunk/ql/src/test/results/clientpositive/create_like.q.out&lt;/a&gt;&lt;br/&gt;
&amp;lt;&lt;a href=&quot;https://reviews.apache.org/r/1057/#comment2135&quot; class=&quot;external-link&quot; rel=&quot;nofollow&quot;&gt;https://reviews.apache.org/r/1057/#comment2135&lt;/a&gt;&amp;gt;&lt;/p&gt;

&lt;p&gt;    Shouldn&apos;t this be EXTERNAL_TABLE?&lt;/p&gt;


&lt;ul class=&quot;alternate&quot; type=&quot;square&quot;&gt;
	&lt;li&gt;John&lt;/li&gt;
&lt;/ul&gt;



&lt;p&gt;On 2011-07-14 18:54:32, Charles Chen wrote:&lt;/p&gt;
&lt;blockquote&gt;&lt;p&gt;&lt;/p&gt;&lt;/blockquote&gt;
&lt;blockquote&gt;&lt;p&gt;-----------------------------------------------------------&lt;/p&gt;&lt;/blockquote&gt;
&lt;blockquote&gt;&lt;p&gt;This is an automatically generated e-mail. To reply, visit:&lt;/p&gt;&lt;/blockquote&gt;
&lt;blockquote&gt;&lt;p&gt;&lt;a href=&quot;https://reviews.apache.org/r/1057/&quot; class=&quot;external-link&quot; rel=&quot;nofollow&quot;&gt;https://reviews.apache.org/r/1057/&lt;/a&gt;&lt;/p&gt;&lt;/blockquote&gt;
&lt;blockquote&gt;&lt;p&gt;-----------------------------------------------------------&lt;/p&gt;&lt;/blockquote&gt;
&lt;blockquote&gt;&lt;p&gt;&lt;/p&gt;&lt;/blockquote&gt;
&lt;blockquote&gt;&lt;p&gt;(Updated 2011-07-14 18:54:32)&lt;/p&gt;&lt;/blockquote&gt;
&lt;blockquote&gt;&lt;p&gt;&lt;/p&gt;&lt;/blockquote&gt;
&lt;blockquote&gt;&lt;p&gt;&lt;/p&gt;&lt;/blockquote&gt;
&lt;blockquote&gt;&lt;p&gt;Review request for hive.&lt;/p&gt;&lt;/blockquote&gt;
&lt;blockquote&gt;&lt;p&gt;&lt;/p&gt;&lt;/blockquote&gt;
&lt;blockquote&gt;&lt;p&gt;&lt;/p&gt;&lt;/blockquote&gt;
&lt;blockquote&gt;&lt;p&gt;Summary&lt;/p&gt;&lt;/blockquote&gt;
&lt;blockquote&gt;&lt;p&gt;-------&lt;/p&gt;&lt;/blockquote&gt;
&lt;blockquote&gt;&lt;p&gt;&lt;/p&gt;&lt;/blockquote&gt;
&lt;blockquote&gt;&lt;p&gt;&lt;a href=&quot;https://issues.apache.org/jira/browse/HIVE-1218&quot; class=&quot;external-link&quot; rel=&quot;nofollow&quot;&gt;https://issues.apache.org/jira/browse/HIVE-1218&lt;/a&gt;&lt;/p&gt;&lt;/blockquote&gt;
&lt;blockquote&gt;&lt;p&gt;&lt;/p&gt;&lt;/blockquote&gt;
&lt;blockquote&gt;&lt;p&gt;&lt;/p&gt;&lt;/blockquote&gt;
&lt;blockquote&gt;&lt;p&gt;This addresses bug &lt;a href=&quot;https://issues.apache.org/jira/browse/HIVE-1218&quot; title=&quot;CREATE TABLE t LIKE some_view should create a new empty base table, but instead creates a copy of view&quot; class=&quot;issue-link&quot; data-issue-key=&quot;HIVE-1218&quot;&gt;&lt;del&gt;HIVE-1218&lt;/del&gt;&lt;/a&gt;.&lt;/p&gt;&lt;/blockquote&gt;
&lt;blockquote&gt;&lt;p&gt;&lt;a href=&quot;https://issues.apache.org/jira/browse/HIVE-1218&quot; class=&quot;external-link&quot; rel=&quot;nofollow&quot;&gt;https://issues.apache.org/jira/browse/HIVE-1218&lt;/a&gt;&lt;/p&gt;&lt;/blockquote&gt;
&lt;blockquote&gt;&lt;p&gt;&lt;/p&gt;&lt;/blockquote&gt;
&lt;blockquote&gt;&lt;p&gt;&lt;/p&gt;&lt;/blockquote&gt;
&lt;blockquote&gt;&lt;p&gt;Diffs&lt;/p&gt;&lt;/blockquote&gt;
&lt;blockquote&gt;&lt;p&gt;-----&lt;/p&gt;&lt;/blockquote&gt;
&lt;blockquote&gt;&lt;p&gt;&lt;/p&gt;&lt;/blockquote&gt;
&lt;blockquote&gt;&lt;p&gt;&lt;a href=&quot;http://svn.apache.org/repos/asf/hive/trunk/ql/src/java/org/apache/hadoop/hive/ql/exec/DDLTask.java&quot; class=&quot;external-link&quot; rel=&quot;nofollow&quot;&gt;http://svn.apache.org/repos/asf/hive/trunk/ql/src/java/org/apache/hadoop/hive/ql/exec/DDLTask.java&lt;/a&gt; 1146841 &lt;/p&gt;&lt;/blockquote&gt;
&lt;blockquote&gt;&lt;p&gt;&lt;a href=&quot;http://svn.apache.org/repos/asf/hive/trunk/ql/src/java/org/apache/hadoop/hive/ql/parse/SemanticAnalyzer.java&quot; class=&quot;external-link&quot; rel=&quot;nofollow&quot;&gt;http://svn.apache.org/repos/asf/hive/trunk/ql/src/java/org/apache/hadoop/hive/ql/parse/SemanticAnalyzer.java&lt;/a&gt; 1146841 &lt;/p&gt;&lt;/blockquote&gt;
&lt;blockquote&gt;&lt;p&gt;&lt;a href=&quot;http://svn.apache.org/repos/asf/hive/trunk/ql/src/java/org/apache/hadoop/hive/ql/plan/CreateTableLikeDesc.java&quot; class=&quot;external-link&quot; rel=&quot;nofollow&quot;&gt;http://svn.apache.org/repos/asf/hive/trunk/ql/src/java/org/apache/hadoop/hive/ql/plan/CreateTableLikeDesc.java&lt;/a&gt; 1146841 &lt;/p&gt;&lt;/blockquote&gt;
&lt;blockquote&gt;&lt;p&gt;&lt;a href=&quot;http://svn.apache.org/repos/asf/hive/trunk/ql/src/test/queries/clientpositive/create_like.q&quot; class=&quot;external-link&quot; rel=&quot;nofollow&quot;&gt;http://svn.apache.org/repos/asf/hive/trunk/ql/src/test/queries/clientpositive/create_like.q&lt;/a&gt; 1146841 &lt;/p&gt;&lt;/blockquote&gt;
&lt;blockquote&gt;&lt;p&gt;&lt;a href=&quot;http://svn.apache.org/repos/asf/hive/trunk/ql/src/test/queries/clientpositive/create_like_view.q&quot; class=&quot;external-link&quot; rel=&quot;nofollow&quot;&gt;http://svn.apache.org/repos/asf/hive/trunk/ql/src/test/queries/clientpositive/create_like_view.q&lt;/a&gt; PRE-CREATION &lt;/p&gt;&lt;/blockquote&gt;
&lt;blockquote&gt;&lt;p&gt;&lt;a href=&quot;http://svn.apache.org/repos/asf/hive/trunk/ql/src/test/results/clientpositive/create_like.q.out&quot; class=&quot;external-link&quot; rel=&quot;nofollow&quot;&gt;http://svn.apache.org/repos/asf/hive/trunk/ql/src/test/results/clientpositive/create_like.q.out&lt;/a&gt; 1146841 &lt;/p&gt;&lt;/blockquote&gt;
&lt;blockquote&gt;&lt;p&gt;&lt;a href=&quot;http://svn.apache.org/repos/asf/hive/trunk/ql/src/test/results/clientpositive/create_like_view.q.out&quot; class=&quot;external-link&quot; rel=&quot;nofollow&quot;&gt;http://svn.apache.org/repos/asf/hive/trunk/ql/src/test/results/clientpositive/create_like_view.q.out&lt;/a&gt; PRE-CREATION &lt;/p&gt;&lt;/blockquote&gt;
&lt;blockquote&gt;&lt;p&gt;&lt;/p&gt;&lt;/blockquote&gt;
&lt;blockquote&gt;&lt;p&gt;Diff: &lt;a href=&quot;https://reviews.apache.org/r/1057/diff&quot; class=&quot;external-link&quot; rel=&quot;nofollow&quot;&gt;https://reviews.apache.org/r/1057/diff&lt;/a&gt;&lt;/p&gt;&lt;/blockquote&gt;
&lt;blockquote&gt;&lt;p&gt;&lt;/p&gt;&lt;/blockquote&gt;
&lt;blockquote&gt;&lt;p&gt;&lt;/p&gt;&lt;/blockquote&gt;
&lt;blockquote&gt;&lt;p&gt;Testing&lt;/p&gt;&lt;/blockquote&gt;
&lt;blockquote&gt;&lt;p&gt;-------&lt;/p&gt;&lt;/blockquote&gt;
&lt;blockquote&gt;&lt;p&gt;&lt;/p&gt;&lt;/blockquote&gt;
&lt;blockquote&gt;&lt;p&gt;Unit tests passed&lt;/p&gt;&lt;/blockquote&gt;
&lt;blockquote&gt;&lt;p&gt;&lt;/p&gt;&lt;/blockquote&gt;
&lt;blockquote&gt;&lt;p&gt;&lt;/p&gt;&lt;/blockquote&gt;
&lt;blockquote&gt;&lt;p&gt;Thanks,&lt;/p&gt;&lt;/blockquote&gt;
&lt;blockquote&gt;&lt;p&gt;&lt;/p&gt;&lt;/blockquote&gt;
&lt;blockquote&gt;&lt;p&gt;Charles&lt;/p&gt;&lt;/blockquote&gt;
&lt;blockquote&gt;&lt;p&gt;&lt;/p&gt;&lt;/blockquote&gt;
&lt;blockquote&gt;&lt;p&gt;&lt;/p&gt;&lt;/blockquote&gt;
</comment>
                            <comment id="13065549" author="jiraposter@reviews.apache.org" created="Thu, 14 Jul 2011 21:29:00 +0000"  >
&lt;p&gt;-----------------------------------------------------------&lt;br/&gt;
This is an automatically generated e-mail. To reply, visit:&lt;br/&gt;
&lt;a href=&quot;https://reviews.apache.org/r/1057/&quot; class=&quot;external-link&quot; rel=&quot;nofollow&quot;&gt;https://reviews.apache.org/r/1057/&lt;/a&gt;&lt;br/&gt;
-----------------------------------------------------------&lt;/p&gt;

&lt;p&gt;(Updated 2011-07-14 21:28:29.944878)&lt;/p&gt;


&lt;p&gt;Review request for hive.&lt;/p&gt;


&lt;p&gt;Changes&lt;br/&gt;
-------&lt;/p&gt;

&lt;p&gt;Fix CREATE EXTERNAL TABLE LIKE table&lt;/p&gt;


&lt;p&gt;Summary&lt;br/&gt;
-------&lt;/p&gt;

&lt;p&gt;&lt;a href=&quot;https://issues.apache.org/jira/browse/HIVE-1218&quot; class=&quot;external-link&quot; rel=&quot;nofollow&quot;&gt;https://issues.apache.org/jira/browse/HIVE-1218&lt;/a&gt;&lt;/p&gt;


&lt;p&gt;This addresses bug &lt;a href=&quot;https://issues.apache.org/jira/browse/HIVE-1218&quot; title=&quot;CREATE TABLE t LIKE some_view should create a new empty base table, but instead creates a copy of view&quot; class=&quot;issue-link&quot; data-issue-key=&quot;HIVE-1218&quot;&gt;&lt;del&gt;HIVE-1218&lt;/del&gt;&lt;/a&gt;.&lt;br/&gt;
    &lt;a href=&quot;https://issues.apache.org/jira/browse/HIVE-1218&quot; class=&quot;external-link&quot; rel=&quot;nofollow&quot;&gt;https://issues.apache.org/jira/browse/HIVE-1218&lt;/a&gt;&lt;/p&gt;


&lt;p&gt;Diffs (updated)&lt;/p&gt;
&lt;hr /&gt;

&lt;p&gt;  &lt;a href=&quot;http://svn.apache.org/repos/asf/hive/trunk/ql/src/java/org/apache/hadoop/hive/ql/parse/SemanticAnalyzer.java&quot; class=&quot;external-link&quot; rel=&quot;nofollow&quot;&gt;http://svn.apache.org/repos/asf/hive/trunk/ql/src/java/org/apache/hadoop/hive/ql/parse/SemanticAnalyzer.java&lt;/a&gt; 1146883 &lt;br/&gt;
  &lt;a href=&quot;http://svn.apache.org/repos/asf/hive/trunk/ql/src/java/org/apache/hadoop/hive/ql/plan/CreateTableLikeDesc.java&quot; class=&quot;external-link&quot; rel=&quot;nofollow&quot;&gt;http://svn.apache.org/repos/asf/hive/trunk/ql/src/java/org/apache/hadoop/hive/ql/plan/CreateTableLikeDesc.java&lt;/a&gt; 1146883 &lt;br/&gt;
  &lt;a href=&quot;http://svn.apache.org/repos/asf/hive/trunk/ql/src/test/queries/clientpositive/create_like.q&quot; class=&quot;external-link&quot; rel=&quot;nofollow&quot;&gt;http://svn.apache.org/repos/asf/hive/trunk/ql/src/test/queries/clientpositive/create_like.q&lt;/a&gt; 1146883 &lt;br/&gt;
  &lt;a href=&quot;http://svn.apache.org/repos/asf/hive/trunk/ql/src/test/results/clientpositive/create_like.q.out&quot; class=&quot;external-link&quot; rel=&quot;nofollow&quot;&gt;http://svn.apache.org/repos/asf/hive/trunk/ql/src/test/results/clientpositive/create_like.q.out&lt;/a&gt; 1146883 &lt;br/&gt;
  &lt;a href=&quot;http://svn.apache.org/repos/asf/hive/trunk/ql/src/java/org/apache/hadoop/hive/ql/exec/DDLTask.java&quot; class=&quot;external-link&quot; rel=&quot;nofollow&quot;&gt;http://svn.apache.org/repos/asf/hive/trunk/ql/src/java/org/apache/hadoop/hive/ql/exec/DDLTask.java&lt;/a&gt; 1146883 &lt;/p&gt;

&lt;p&gt;Diff: &lt;a href=&quot;https://reviews.apache.org/r/1057/diff&quot; class=&quot;external-link&quot; rel=&quot;nofollow&quot;&gt;https://reviews.apache.org/r/1057/diff&lt;/a&gt;&lt;/p&gt;


&lt;p&gt;Testing&lt;br/&gt;
-------&lt;/p&gt;

&lt;p&gt;Unit tests passed&lt;/p&gt;


&lt;p&gt;Thanks,&lt;/p&gt;

&lt;p&gt;Charles&lt;/p&gt;
</comment>
                            <comment id="13065561" author="jvs" created="Thu, 14 Jul 2011 21:58:26 +0000"  >&lt;p&gt;+1.  Will commit when tests pass.&lt;/p&gt;</comment>
                            <comment id="13065564" author="jiraposter@reviews.apache.org" created="Thu, 14 Jul 2011 22:11:59 +0000"  >
&lt;p&gt;-----------------------------------------------------------&lt;br/&gt;
This is an automatically generated e-mail. To reply, visit:&lt;br/&gt;
&lt;a href=&quot;https://reviews.apache.org/r/1057/&quot; class=&quot;external-link&quot; rel=&quot;nofollow&quot;&gt;https://reviews.apache.org/r/1057/&lt;/a&gt;&lt;br/&gt;
-----------------------------------------------------------&lt;/p&gt;

&lt;p&gt;(Updated 2011-07-14 22:11:41.745504)&lt;/p&gt;


&lt;p&gt;Review request for hive.&lt;/p&gt;


&lt;p&gt;Changes&lt;br/&gt;
-------&lt;/p&gt;

&lt;p&gt;whoops dropped create_like_view.q&lt;/p&gt;


&lt;p&gt;Summary&lt;br/&gt;
-------&lt;/p&gt;

&lt;p&gt;&lt;a href=&quot;https://issues.apache.org/jira/browse/HIVE-1218&quot; class=&quot;external-link&quot; rel=&quot;nofollow&quot;&gt;https://issues.apache.org/jira/browse/HIVE-1218&lt;/a&gt;&lt;/p&gt;


&lt;p&gt;This addresses bug &lt;a href=&quot;https://issues.apache.org/jira/browse/HIVE-1218&quot; title=&quot;CREATE TABLE t LIKE some_view should create a new empty base table, but instead creates a copy of view&quot; class=&quot;issue-link&quot; data-issue-key=&quot;HIVE-1218&quot;&gt;&lt;del&gt;HIVE-1218&lt;/del&gt;&lt;/a&gt;.&lt;br/&gt;
    &lt;a href=&quot;https://issues.apache.org/jira/browse/HIVE-1218&quot; class=&quot;external-link&quot; rel=&quot;nofollow&quot;&gt;https://issues.apache.org/jira/browse/HIVE-1218&lt;/a&gt;&lt;/p&gt;


&lt;p&gt;Diffs (updated)&lt;/p&gt;
&lt;hr /&gt;

&lt;p&gt;  &lt;a href=&quot;http://svn.apache.org/repos/asf/hive/trunk/ql/src/test/results/clientpositive/create_like_view.q.out&quot; class=&quot;external-link&quot; rel=&quot;nofollow&quot;&gt;http://svn.apache.org/repos/asf/hive/trunk/ql/src/test/results/clientpositive/create_like_view.q.out&lt;/a&gt; PRE-CREATION &lt;br/&gt;
  &lt;a href=&quot;http://svn.apache.org/repos/asf/hive/trunk/ql/src/test/results/clientpositive/create_like.q.out&quot; class=&quot;external-link&quot; rel=&quot;nofollow&quot;&gt;http://svn.apache.org/repos/asf/hive/trunk/ql/src/test/results/clientpositive/create_like.q.out&lt;/a&gt; 1146883 &lt;br/&gt;
  &lt;a href=&quot;http://svn.apache.org/repos/asf/hive/trunk/ql/src/java/org/apache/hadoop/hive/ql/exec/DDLTask.java&quot; class=&quot;external-link&quot; rel=&quot;nofollow&quot;&gt;http://svn.apache.org/repos/asf/hive/trunk/ql/src/java/org/apache/hadoop/hive/ql/exec/DDLTask.java&lt;/a&gt; 1146883 &lt;br/&gt;
  &lt;a href=&quot;http://svn.apache.org/repos/asf/hive/trunk/ql/src/java/org/apache/hadoop/hive/ql/parse/SemanticAnalyzer.java&quot; class=&quot;external-link&quot; rel=&quot;nofollow&quot;&gt;http://svn.apache.org/repos/asf/hive/trunk/ql/src/java/org/apache/hadoop/hive/ql/parse/SemanticAnalyzer.java&lt;/a&gt; 1146883 &lt;br/&gt;
  &lt;a href=&quot;http://svn.apache.org/repos/asf/hive/trunk/ql/src/java/org/apache/hadoop/hive/ql/plan/CreateTableLikeDesc.java&quot; class=&quot;external-link&quot; rel=&quot;nofollow&quot;&gt;http://svn.apache.org/repos/asf/hive/trunk/ql/src/java/org/apache/hadoop/hive/ql/plan/CreateTableLikeDesc.java&lt;/a&gt; 1146883 &lt;br/&gt;
  &lt;a href=&quot;http://svn.apache.org/repos/asf/hive/trunk/ql/src/test/queries/clientpositive/create_like.q&quot; class=&quot;external-link&quot; rel=&quot;nofollow&quot;&gt;http://svn.apache.org/repos/asf/hive/trunk/ql/src/test/queries/clientpositive/create_like.q&lt;/a&gt; 1146883 &lt;br/&gt;
  &lt;a href=&quot;http://svn.apache.org/repos/asf/hive/trunk/ql/src/test/queries/clientpositive/create_like_view.q&quot; class=&quot;external-link&quot; rel=&quot;nofollow&quot;&gt;http://svn.apache.org/repos/asf/hive/trunk/ql/src/test/queries/clientpositive/create_like_view.q&lt;/a&gt; PRE-CREATION &lt;/p&gt;

&lt;p&gt;Diff: &lt;a href=&quot;https://reviews.apache.org/r/1057/diff&quot; class=&quot;external-link&quot; rel=&quot;nofollow&quot;&gt;https://reviews.apache.org/r/1057/diff&lt;/a&gt;&lt;/p&gt;


&lt;p&gt;Testing&lt;br/&gt;
-------&lt;/p&gt;

&lt;p&gt;Unit tests passed&lt;/p&gt;


&lt;p&gt;Thanks,&lt;/p&gt;

&lt;p&gt;Charles&lt;/p&gt;
</comment>
                            <comment id="13066144" author="jvs" created="Fri, 15 Jul 2011 19:17:56 +0000"  >&lt;p&gt;Some tests failed due to the explicit addition of the EXTERNAL property in some cases.&lt;/p&gt;</comment>
                            <comment id="13066219" author="jiraposter@reviews.apache.org" created="Fri, 15 Jul 2011 21:25:00 +0000"  >
&lt;p&gt;-----------------------------------------------------------&lt;br/&gt;
This is an automatically generated e-mail. To reply, visit:&lt;br/&gt;
&lt;a href=&quot;https://reviews.apache.org/r/1057/&quot; class=&quot;external-link&quot; rel=&quot;nofollow&quot;&gt;https://reviews.apache.org/r/1057/&lt;/a&gt;&lt;br/&gt;
-----------------------------------------------------------&lt;/p&gt;

&lt;p&gt;(Updated 2011-07-15 21:23:11.221099)&lt;/p&gt;


&lt;p&gt;Review request for hive.&lt;/p&gt;


&lt;p&gt;Changes&lt;br/&gt;
-------&lt;/p&gt;

&lt;p&gt;Remove &quot;EXTERNAL&quot; parameter for not-external tables, reset owner and creation time.&lt;/p&gt;


&lt;p&gt;Summary&lt;br/&gt;
-------&lt;/p&gt;

&lt;p&gt;&lt;a href=&quot;https://issues.apache.org/jira/browse/HIVE-1218&quot; class=&quot;external-link&quot; rel=&quot;nofollow&quot;&gt;https://issues.apache.org/jira/browse/HIVE-1218&lt;/a&gt;&lt;/p&gt;


&lt;p&gt;This addresses bug &lt;a href=&quot;https://issues.apache.org/jira/browse/HIVE-1218&quot; title=&quot;CREATE TABLE t LIKE some_view should create a new empty base table, but instead creates a copy of view&quot; class=&quot;issue-link&quot; data-issue-key=&quot;HIVE-1218&quot;&gt;&lt;del&gt;HIVE-1218&lt;/del&gt;&lt;/a&gt;.&lt;br/&gt;
    &lt;a href=&quot;https://issues.apache.org/jira/browse/HIVE-1218&quot; class=&quot;external-link&quot; rel=&quot;nofollow&quot;&gt;https://issues.apache.org/jira/browse/HIVE-1218&lt;/a&gt;&lt;/p&gt;


&lt;p&gt;Diffs (updated)&lt;/p&gt;
&lt;hr /&gt;

&lt;p&gt;  &lt;a href=&quot;http://svn.apache.org/repos/asf/hive/trunk/ql/src/java/org/apache/hadoop/hive/ql/exec/DDLTask.java&quot; class=&quot;external-link&quot; rel=&quot;nofollow&quot;&gt;http://svn.apache.org/repos/asf/hive/trunk/ql/src/java/org/apache/hadoop/hive/ql/exec/DDLTask.java&lt;/a&gt; 1146883 &lt;br/&gt;
  &lt;a href=&quot;http://svn.apache.org/repos/asf/hive/trunk/ql/src/java/org/apache/hadoop/hive/ql/parse/SemanticAnalyzer.java&quot; class=&quot;external-link&quot; rel=&quot;nofollow&quot;&gt;http://svn.apache.org/repos/asf/hive/trunk/ql/src/java/org/apache/hadoop/hive/ql/parse/SemanticAnalyzer.java&lt;/a&gt; 1146883 &lt;br/&gt;
  &lt;a href=&quot;http://svn.apache.org/repos/asf/hive/trunk/ql/src/java/org/apache/hadoop/hive/ql/plan/CreateTableLikeDesc.java&quot; class=&quot;external-link&quot; rel=&quot;nofollow&quot;&gt;http://svn.apache.org/repos/asf/hive/trunk/ql/src/java/org/apache/hadoop/hive/ql/plan/CreateTableLikeDesc.java&lt;/a&gt; 1146883 &lt;br/&gt;
  &lt;a href=&quot;http://svn.apache.org/repos/asf/hive/trunk/ql/src/test/queries/clientpositive/create_like.q&quot; class=&quot;external-link&quot; rel=&quot;nofollow&quot;&gt;http://svn.apache.org/repos/asf/hive/trunk/ql/src/test/queries/clientpositive/create_like.q&lt;/a&gt; 1146883 &lt;br/&gt;
  &lt;a href=&quot;http://svn.apache.org/repos/asf/hive/trunk/ql/src/test/queries/clientpositive/create_like_view.q&quot; class=&quot;external-link&quot; rel=&quot;nofollow&quot;&gt;http://svn.apache.org/repos/asf/hive/trunk/ql/src/test/queries/clientpositive/create_like_view.q&lt;/a&gt; PRE-CREATION &lt;br/&gt;
  &lt;a href=&quot;http://svn.apache.org/repos/asf/hive/trunk/ql/src/test/results/clientpositive/create_like.q.out&quot; class=&quot;external-link&quot; rel=&quot;nofollow&quot;&gt;http://svn.apache.org/repos/asf/hive/trunk/ql/src/test/results/clientpositive/create_like.q.out&lt;/a&gt; 1146883 &lt;br/&gt;
  &lt;a href=&quot;http://svn.apache.org/repos/asf/hive/trunk/ql/src/test/results/clientpositive/create_like_view.q.out&quot; class=&quot;external-link&quot; rel=&quot;nofollow&quot;&gt;http://svn.apache.org/repos/asf/hive/trunk/ql/src/test/results/clientpositive/create_like_view.q.out&lt;/a&gt; PRE-CREATION &lt;/p&gt;

&lt;p&gt;Diff: &lt;a href=&quot;https://reviews.apache.org/r/1057/diff&quot; class=&quot;external-link&quot; rel=&quot;nofollow&quot;&gt;https://reviews.apache.org/r/1057/diff&lt;/a&gt;&lt;/p&gt;


&lt;p&gt;Testing&lt;br/&gt;
-------&lt;/p&gt;

&lt;p&gt;Unit tests passed&lt;/p&gt;


&lt;p&gt;Thanks,&lt;/p&gt;

&lt;p&gt;Charles&lt;/p&gt;
</comment>
                            <comment id="13066298" author="jiraposter@reviews.apache.org" created="Fri, 15 Jul 2011 23:23:59 +0000"  >
&lt;p&gt;-----------------------------------------------------------&lt;br/&gt;
This is an automatically generated e-mail. To reply, visit:&lt;br/&gt;
&lt;a href=&quot;https://reviews.apache.org/r/1057/&quot; class=&quot;external-link&quot; rel=&quot;nofollow&quot;&gt;https://reviews.apache.org/r/1057/&lt;/a&gt;&lt;br/&gt;
-----------------------------------------------------------&lt;/p&gt;

&lt;p&gt;(Updated 2011-07-15 23:23:25.099707)&lt;/p&gt;


&lt;p&gt;Review request for hive.&lt;/p&gt;


&lt;p&gt;Summary&lt;br/&gt;
-------&lt;/p&gt;

&lt;p&gt;&lt;a href=&quot;https://issues.apache.org/jira/browse/HIVE-1218&quot; class=&quot;external-link&quot; rel=&quot;nofollow&quot;&gt;https://issues.apache.org/jira/browse/HIVE-1218&lt;/a&gt;&lt;/p&gt;


&lt;p&gt;This addresses bug &lt;a href=&quot;https://issues.apache.org/jira/browse/HIVE-1218&quot; title=&quot;CREATE TABLE t LIKE some_view should create a new empty base table, but instead creates a copy of view&quot; class=&quot;issue-link&quot; data-issue-key=&quot;HIVE-1218&quot;&gt;&lt;del&gt;HIVE-1218&lt;/del&gt;&lt;/a&gt;.&lt;br/&gt;
    &lt;a href=&quot;https://issues.apache.org/jira/browse/HIVE-1218&quot; class=&quot;external-link&quot; rel=&quot;nofollow&quot;&gt;https://issues.apache.org/jira/browse/HIVE-1218&lt;/a&gt;&lt;/p&gt;


&lt;p&gt;Diffs (updated)&lt;/p&gt;
&lt;hr /&gt;

&lt;p&gt;  &lt;a href=&quot;http://svn.apache.org/repos/asf/hive/trunk/ql/src/java/org/apache/hadoop/hive/ql/exec/DDLTask.java&quot; class=&quot;external-link&quot; rel=&quot;nofollow&quot;&gt;http://svn.apache.org/repos/asf/hive/trunk/ql/src/java/org/apache/hadoop/hive/ql/exec/DDLTask.java&lt;/a&gt; 1146883 &lt;br/&gt;
  &lt;a href=&quot;http://svn.apache.org/repos/asf/hive/trunk/ql/src/java/org/apache/hadoop/hive/ql/parse/SemanticAnalyzer.java&quot; class=&quot;external-link&quot; rel=&quot;nofollow&quot;&gt;http://svn.apache.org/repos/asf/hive/trunk/ql/src/java/org/apache/hadoop/hive/ql/parse/SemanticAnalyzer.java&lt;/a&gt; 1146883 &lt;br/&gt;
  &lt;a href=&quot;http://svn.apache.org/repos/asf/hive/trunk/ql/src/java/org/apache/hadoop/hive/ql/plan/CreateTableLikeDesc.java&quot; class=&quot;external-link&quot; rel=&quot;nofollow&quot;&gt;http://svn.apache.org/repos/asf/hive/trunk/ql/src/java/org/apache/hadoop/hive/ql/plan/CreateTableLikeDesc.java&lt;/a&gt; 1146883 &lt;br/&gt;
  &lt;a href=&quot;http://svn.apache.org/repos/asf/hive/trunk/ql/src/test/queries/clientpositive/create_like.q&quot; class=&quot;external-link&quot; rel=&quot;nofollow&quot;&gt;http://svn.apache.org/repos/asf/hive/trunk/ql/src/test/queries/clientpositive/create_like.q&lt;/a&gt; 1146883 &lt;br/&gt;
  &lt;a href=&quot;http://svn.apache.org/repos/asf/hive/trunk/ql/src/test/queries/clientpositive/create_like_view.q&quot; class=&quot;external-link&quot; rel=&quot;nofollow&quot;&gt;http://svn.apache.org/repos/asf/hive/trunk/ql/src/test/queries/clientpositive/create_like_view.q&lt;/a&gt; PRE-CREATION &lt;br/&gt;
  &lt;a href=&quot;http://svn.apache.org/repos/asf/hive/trunk/ql/src/test/results/clientpositive/create_like.q.out&quot; class=&quot;external-link&quot; rel=&quot;nofollow&quot;&gt;http://svn.apache.org/repos/asf/hive/trunk/ql/src/test/results/clientpositive/create_like.q.out&lt;/a&gt; 1146883 &lt;br/&gt;
  &lt;a href=&quot;http://svn.apache.org/repos/asf/hive/trunk/ql/src/test/results/clientpositive/create_like_view.q.out&quot; class=&quot;external-link&quot; rel=&quot;nofollow&quot;&gt;http://svn.apache.org/repos/asf/hive/trunk/ql/src/test/results/clientpositive/create_like_view.q.out&lt;/a&gt; PRE-CREATION &lt;/p&gt;

&lt;p&gt;Diff: &lt;a href=&quot;https://reviews.apache.org/r/1057/diff&quot; class=&quot;external-link&quot; rel=&quot;nofollow&quot;&gt;https://reviews.apache.org/r/1057/diff&lt;/a&gt;&lt;/p&gt;


&lt;p&gt;Testing&lt;br/&gt;
-------&lt;/p&gt;

&lt;p&gt;Unit tests passed&lt;/p&gt;


&lt;p&gt;Thanks,&lt;/p&gt;

&lt;p&gt;Charles&lt;/p&gt;
</comment>
                            <comment id="13066550" author="jiraposter@reviews.apache.org" created="Sat, 16 Jul 2011 22:51:59 +0000"  >
&lt;p&gt;-----------------------------------------------------------&lt;br/&gt;
This is an automatically generated e-mail. To reply, visit:&lt;br/&gt;
&lt;a href=&quot;https://reviews.apache.org/r/1057/&quot; class=&quot;external-link&quot; rel=&quot;nofollow&quot;&gt;https://reviews.apache.org/r/1057/&lt;/a&gt;&lt;br/&gt;
-----------------------------------------------------------&lt;/p&gt;

&lt;p&gt;(Updated 2011-07-16 22:51:22.078393)&lt;/p&gt;


&lt;p&gt;Review request for hive.&lt;/p&gt;


&lt;p&gt;Changes&lt;br/&gt;
-------&lt;/p&gt;

&lt;p&gt;Regenerated unit tests that had EXTERNAL : FALSE&lt;/p&gt;


&lt;p&gt;Summary&lt;br/&gt;
-------&lt;/p&gt;

&lt;p&gt;&lt;a href=&quot;https://issues.apache.org/jira/browse/HIVE-1218&quot; class=&quot;external-link&quot; rel=&quot;nofollow&quot;&gt;https://issues.apache.org/jira/browse/HIVE-1218&lt;/a&gt;&lt;/p&gt;


&lt;p&gt;This addresses bug &lt;a href=&quot;https://issues.apache.org/jira/browse/HIVE-1218&quot; title=&quot;CREATE TABLE t LIKE some_view should create a new empty base table, but instead creates a copy of view&quot; class=&quot;issue-link&quot; data-issue-key=&quot;HIVE-1218&quot;&gt;&lt;del&gt;HIVE-1218&lt;/del&gt;&lt;/a&gt;.&lt;br/&gt;
    &lt;a href=&quot;https://issues.apache.org/jira/browse/HIVE-1218&quot; class=&quot;external-link&quot; rel=&quot;nofollow&quot;&gt;https://issues.apache.org/jira/browse/HIVE-1218&lt;/a&gt;&lt;/p&gt;


&lt;p&gt;Diffs (updated)&lt;/p&gt;
&lt;hr /&gt;

&lt;p&gt;  &lt;a href=&quot;http://svn.apache.org/repos/asf/hive/trunk/ql/src/java/org/apache/hadoop/hive/ql/exec/DDLTask.java&quot; class=&quot;external-link&quot; rel=&quot;nofollow&quot;&gt;http://svn.apache.org/repos/asf/hive/trunk/ql/src/java/org/apache/hadoop/hive/ql/exec/DDLTask.java&lt;/a&gt; 1146883 &lt;br/&gt;
  &lt;a href=&quot;http://svn.apache.org/repos/asf/hive/trunk/ql/src/java/org/apache/hadoop/hive/ql/parse/SemanticAnalyzer.java&quot; class=&quot;external-link&quot; rel=&quot;nofollow&quot;&gt;http://svn.apache.org/repos/asf/hive/trunk/ql/src/java/org/apache/hadoop/hive/ql/parse/SemanticAnalyzer.java&lt;/a&gt; 1146883 &lt;br/&gt;
  &lt;a href=&quot;http://svn.apache.org/repos/asf/hive/trunk/ql/src/java/org/apache/hadoop/hive/ql/plan/CreateTableLikeDesc.java&quot; class=&quot;external-link&quot; rel=&quot;nofollow&quot;&gt;http://svn.apache.org/repos/asf/hive/trunk/ql/src/java/org/apache/hadoop/hive/ql/plan/CreateTableLikeDesc.java&lt;/a&gt; 1146883 &lt;br/&gt;
  &lt;a href=&quot;http://svn.apache.org/repos/asf/hive/trunk/ql/src/test/queries/clientpositive/create_like.q&quot; class=&quot;external-link&quot; rel=&quot;nofollow&quot;&gt;http://svn.apache.org/repos/asf/hive/trunk/ql/src/test/queries/clientpositive/create_like.q&lt;/a&gt; 1146883 &lt;br/&gt;
  &lt;a href=&quot;http://svn.apache.org/repos/asf/hive/trunk/ql/src/test/queries/clientpositive/create_like_view.q&quot; class=&quot;external-link&quot; rel=&quot;nofollow&quot;&gt;http://svn.apache.org/repos/asf/hive/trunk/ql/src/test/queries/clientpositive/create_like_view.q&lt;/a&gt; PRE-CREATION &lt;br/&gt;
  &lt;a href=&quot;http://svn.apache.org/repos/asf/hive/trunk/ql/src/test/results/clientpositive/create_like.q.out&quot; class=&quot;external-link&quot; rel=&quot;nofollow&quot;&gt;http://svn.apache.org/repos/asf/hive/trunk/ql/src/test/results/clientpositive/create_like.q.out&lt;/a&gt; 1146883 &lt;br/&gt;
  &lt;a href=&quot;http://svn.apache.org/repos/asf/hive/trunk/ql/src/test/results/clientpositive/create_like_view.q.out&quot; class=&quot;external-link&quot; rel=&quot;nofollow&quot;&gt;http://svn.apache.org/repos/asf/hive/trunk/ql/src/test/results/clientpositive/create_like_view.q.out&lt;/a&gt; PRE-CREATION &lt;/p&gt;

&lt;p&gt;Diff: &lt;a href=&quot;https://reviews.apache.org/r/1057/diff&quot; class=&quot;external-link&quot; rel=&quot;nofollow&quot;&gt;https://reviews.apache.org/r/1057/diff&lt;/a&gt;&lt;/p&gt;


&lt;p&gt;Testing&lt;br/&gt;
-------&lt;/p&gt;

&lt;p&gt;Unit tests passed&lt;/p&gt;


&lt;p&gt;Thanks,&lt;/p&gt;

&lt;p&gt;Charles&lt;/p&gt;
</comment>
                            <comment id="13067159" author="jiraposter@reviews.apache.org" created="Mon, 18 Jul 2011 17:23:00 +0000"  >
&lt;p&gt;-----------------------------------------------------------&lt;br/&gt;
This is an automatically generated e-mail. To reply, visit:&lt;br/&gt;
&lt;a href=&quot;https://reviews.apache.org/r/1057/#review1096&quot; class=&quot;external-link&quot; rel=&quot;nofollow&quot;&gt;https://reviews.apache.org/r/1057/#review1096&lt;/a&gt;&lt;br/&gt;
-----------------------------------------------------------&lt;/p&gt;


&lt;p&gt;r9 passes unit tests&lt;/p&gt;

&lt;ul class=&quot;alternate&quot; type=&quot;square&quot;&gt;
	&lt;li&gt;Charles&lt;/li&gt;
&lt;/ul&gt;



&lt;p&gt;On 2011-07-16 22:51:22, Charles Chen wrote:&lt;/p&gt;
&lt;blockquote&gt;&lt;p&gt;&lt;/p&gt;&lt;/blockquote&gt;
&lt;blockquote&gt;&lt;p&gt;-----------------------------------------------------------&lt;/p&gt;&lt;/blockquote&gt;
&lt;blockquote&gt;&lt;p&gt;This is an automatically generated e-mail. To reply, visit:&lt;/p&gt;&lt;/blockquote&gt;
&lt;blockquote&gt;&lt;p&gt;&lt;a href=&quot;https://reviews.apache.org/r/1057/&quot; class=&quot;external-link&quot; rel=&quot;nofollow&quot;&gt;https://reviews.apache.org/r/1057/&lt;/a&gt;&lt;/p&gt;&lt;/blockquote&gt;
&lt;blockquote&gt;&lt;p&gt;-----------------------------------------------------------&lt;/p&gt;&lt;/blockquote&gt;
&lt;blockquote&gt;&lt;p&gt;&lt;/p&gt;&lt;/blockquote&gt;
&lt;blockquote&gt;&lt;p&gt;(Updated 2011-07-16 22:51:22)&lt;/p&gt;&lt;/blockquote&gt;
&lt;blockquote&gt;&lt;p&gt;&lt;/p&gt;&lt;/blockquote&gt;
&lt;blockquote&gt;&lt;p&gt;&lt;/p&gt;&lt;/blockquote&gt;
&lt;blockquote&gt;&lt;p&gt;Review request for hive.&lt;/p&gt;&lt;/blockquote&gt;
&lt;blockquote&gt;&lt;p&gt;&lt;/p&gt;&lt;/blockquote&gt;
&lt;blockquote&gt;&lt;p&gt;&lt;/p&gt;&lt;/blockquote&gt;
&lt;blockquote&gt;&lt;p&gt;Summary&lt;/p&gt;&lt;/blockquote&gt;
&lt;blockquote&gt;&lt;p&gt;-------&lt;/p&gt;&lt;/blockquote&gt;
&lt;blockquote&gt;&lt;p&gt;&lt;/p&gt;&lt;/blockquote&gt;
&lt;blockquote&gt;&lt;p&gt;&lt;a href=&quot;https://issues.apache.org/jira/browse/HIVE-1218&quot; class=&quot;external-link&quot; rel=&quot;nofollow&quot;&gt;https://issues.apache.org/jira/browse/HIVE-1218&lt;/a&gt;&lt;/p&gt;&lt;/blockquote&gt;
&lt;blockquote&gt;&lt;p&gt;&lt;/p&gt;&lt;/blockquote&gt;
&lt;blockquote&gt;&lt;p&gt;&lt;/p&gt;&lt;/blockquote&gt;
&lt;blockquote&gt;&lt;p&gt;This addresses bug &lt;a href=&quot;https://issues.apache.org/jira/browse/HIVE-1218&quot; title=&quot;CREATE TABLE t LIKE some_view should create a new empty base table, but instead creates a copy of view&quot; class=&quot;issue-link&quot; data-issue-key=&quot;HIVE-1218&quot;&gt;&lt;del&gt;HIVE-1218&lt;/del&gt;&lt;/a&gt;.&lt;/p&gt;&lt;/blockquote&gt;
&lt;blockquote&gt;&lt;p&gt;&lt;a href=&quot;https://issues.apache.org/jira/browse/HIVE-1218&quot; class=&quot;external-link&quot; rel=&quot;nofollow&quot;&gt;https://issues.apache.org/jira/browse/HIVE-1218&lt;/a&gt;&lt;/p&gt;&lt;/blockquote&gt;
&lt;blockquote&gt;&lt;p&gt;&lt;/p&gt;&lt;/blockquote&gt;
&lt;blockquote&gt;&lt;p&gt;&lt;/p&gt;&lt;/blockquote&gt;
&lt;blockquote&gt;&lt;p&gt;Diffs&lt;/p&gt;&lt;/blockquote&gt;
&lt;blockquote&gt;&lt;p&gt;-----&lt;/p&gt;&lt;/blockquote&gt;
&lt;blockquote&gt;&lt;p&gt;&lt;/p&gt;&lt;/blockquote&gt;
&lt;blockquote&gt;&lt;p&gt;&lt;a href=&quot;http://svn.apache.org/repos/asf/hive/trunk/ql/src/java/org/apache/hadoop/hive/ql/exec/DDLTask.java&quot; class=&quot;external-link&quot; rel=&quot;nofollow&quot;&gt;http://svn.apache.org/repos/asf/hive/trunk/ql/src/java/org/apache/hadoop/hive/ql/exec/DDLTask.java&lt;/a&gt; 1146883 &lt;/p&gt;&lt;/blockquote&gt;
&lt;blockquote&gt;&lt;p&gt;&lt;a href=&quot;http://svn.apache.org/repos/asf/hive/trunk/ql/src/java/org/apache/hadoop/hive/ql/parse/SemanticAnalyzer.java&quot; class=&quot;external-link&quot; rel=&quot;nofollow&quot;&gt;http://svn.apache.org/repos/asf/hive/trunk/ql/src/java/org/apache/hadoop/hive/ql/parse/SemanticAnalyzer.java&lt;/a&gt; 1146883 &lt;/p&gt;&lt;/blockquote&gt;
&lt;blockquote&gt;&lt;p&gt;&lt;a href=&quot;http://svn.apache.org/repos/asf/hive/trunk/ql/src/java/org/apache/hadoop/hive/ql/plan/CreateTableLikeDesc.java&quot; class=&quot;external-link&quot; rel=&quot;nofollow&quot;&gt;http://svn.apache.org/repos/asf/hive/trunk/ql/src/java/org/apache/hadoop/hive/ql/plan/CreateTableLikeDesc.java&lt;/a&gt; 1146883 &lt;/p&gt;&lt;/blockquote&gt;
&lt;blockquote&gt;&lt;p&gt;&lt;a href=&quot;http://svn.apache.org/repos/asf/hive/trunk/ql/src/test/queries/clientpositive/create_like.q&quot; class=&quot;external-link&quot; rel=&quot;nofollow&quot;&gt;http://svn.apache.org/repos/asf/hive/trunk/ql/src/test/queries/clientpositive/create_like.q&lt;/a&gt; 1146883 &lt;/p&gt;&lt;/blockquote&gt;
&lt;blockquote&gt;&lt;p&gt;&lt;a href=&quot;http://svn.apache.org/repos/asf/hive/trunk/ql/src/test/queries/clientpositive/create_like_view.q&quot; class=&quot;external-link&quot; rel=&quot;nofollow&quot;&gt;http://svn.apache.org/repos/asf/hive/trunk/ql/src/test/queries/clientpositive/create_like_view.q&lt;/a&gt; PRE-CREATION &lt;/p&gt;&lt;/blockquote&gt;
&lt;blockquote&gt;&lt;p&gt;&lt;a href=&quot;http://svn.apache.org/repos/asf/hive/trunk/ql/src/test/results/clientpositive/create_like.q.out&quot; class=&quot;external-link&quot; rel=&quot;nofollow&quot;&gt;http://svn.apache.org/repos/asf/hive/trunk/ql/src/test/results/clientpositive/create_like.q.out&lt;/a&gt; 1146883 &lt;/p&gt;&lt;/blockquote&gt;
&lt;blockquote&gt;&lt;p&gt;&lt;a href=&quot;http://svn.apache.org/repos/asf/hive/trunk/ql/src/test/results/clientpositive/create_like_view.q.out&quot; class=&quot;external-link&quot; rel=&quot;nofollow&quot;&gt;http://svn.apache.org/repos/asf/hive/trunk/ql/src/test/results/clientpositive/create_like_view.q.out&lt;/a&gt; PRE-CREATION &lt;/p&gt;&lt;/blockquote&gt;
&lt;blockquote&gt;&lt;p&gt;&lt;/p&gt;&lt;/blockquote&gt;
&lt;blockquote&gt;&lt;p&gt;Diff: &lt;a href=&quot;https://reviews.apache.org/r/1057/diff&quot; class=&quot;external-link&quot; rel=&quot;nofollow&quot;&gt;https://reviews.apache.org/r/1057/diff&lt;/a&gt;&lt;/p&gt;&lt;/blockquote&gt;
&lt;blockquote&gt;&lt;p&gt;&lt;/p&gt;&lt;/blockquote&gt;
&lt;blockquote&gt;&lt;p&gt;&lt;/p&gt;&lt;/blockquote&gt;
&lt;blockquote&gt;&lt;p&gt;Testing&lt;/p&gt;&lt;/blockquote&gt;
&lt;blockquote&gt;&lt;p&gt;-------&lt;/p&gt;&lt;/blockquote&gt;
&lt;blockquote&gt;&lt;p&gt;&lt;/p&gt;&lt;/blockquote&gt;
&lt;blockquote&gt;&lt;p&gt;Unit tests passed&lt;/p&gt;&lt;/blockquote&gt;
&lt;blockquote&gt;&lt;p&gt;&lt;/p&gt;&lt;/blockquote&gt;
&lt;blockquote&gt;&lt;p&gt;&lt;/p&gt;&lt;/blockquote&gt;
&lt;blockquote&gt;&lt;p&gt;Thanks,&lt;/p&gt;&lt;/blockquote&gt;
&lt;blockquote&gt;&lt;p&gt;&lt;/p&gt;&lt;/blockquote&gt;
&lt;blockquote&gt;&lt;p&gt;Charles&lt;/p&gt;&lt;/blockquote&gt;
&lt;blockquote&gt;&lt;p&gt;&lt;/p&gt;&lt;/blockquote&gt;
&lt;blockquote&gt;&lt;p&gt;&lt;/p&gt;&lt;/blockquote&gt;
</comment>
                            <comment id="13067218" author="jvs" created="Mon, 18 Jul 2011 19:01:15 +0000"  >&lt;p&gt;Committed.  Thanks Charles!&lt;/p&gt;</comment>
                            <comment id="13067394" author="hudson" created="Mon, 18 Jul 2011 23:40:07 +0000"  >&lt;p&gt;Integrated in Hive-trunk-h0.21 #833 (See &lt;a href=&quot;https://builds.apache.org/job/Hive-trunk-h0.21/833/&quot; class=&quot;external-link&quot; rel=&quot;nofollow&quot;&gt;https://builds.apache.org/job/Hive-trunk-h0.21/833/&lt;/a&gt;)&lt;br/&gt;
    &lt;a href=&quot;https://issues.apache.org/jira/browse/HIVE-1218&quot; title=&quot;CREATE TABLE t LIKE some_view should create a new empty base table, but instead creates a copy of view&quot; class=&quot;issue-link&quot; data-issue-key=&quot;HIVE-1218&quot;&gt;&lt;del&gt;HIVE-1218&lt;/del&gt;&lt;/a&gt;. CREATE TABLE t LIKE some_view should create a new empty base table,&lt;br/&gt;
but instead creates a copy of view&lt;br/&gt;
(Charles Chen via jvs)&lt;/p&gt;

&lt;p&gt;jvs : &lt;a href=&quot;http://svn.apache.org/viewcvs.cgi/?root=Apache-SVN&amp;amp;view=rev&amp;amp;rev=1148005&quot; class=&quot;external-link&quot; rel=&quot;nofollow&quot;&gt;http://svn.apache.org/viewcvs.cgi/?root=Apache-SVN&amp;amp;view=rev&amp;amp;rev=1148005&lt;/a&gt;&lt;br/&gt;
Files : &lt;/p&gt;
&lt;ul&gt;
	&lt;li&gt;/hive/trunk/ql/src/test/queries/clientpositive/create_like.q&lt;/li&gt;
	&lt;li&gt;/hive/trunk/ql/src/test/results/clientpositive/create_like.q.out&lt;/li&gt;
	&lt;li&gt;/hive/trunk/ql/src/test/results/clientpositive/create_like_view.q.out&lt;/li&gt;
	&lt;li&gt;/hive/trunk/ql/src/java/org/apache/hadoop/hive/ql/parse/SemanticAnalyzer.java&lt;/li&gt;
	&lt;li&gt;/hive/trunk/ql/src/test/queries/clientpositive/create_like_view.q&lt;/li&gt;
	&lt;li&gt;/hive/trunk/ql/src/java/org/apache/hadoop/hive/ql/plan/CreateTableLikeDesc.java&lt;/li&gt;
	&lt;li&gt;/hive/trunk/ql/src/java/org/apache/hadoop/hive/ql/exec/DDLTask.java&lt;/li&gt;
&lt;/ul&gt;
</comment>
                            <comment id="13072084" author="jvs" created="Wed, 27 Jul 2011 22:54:38 +0000"  >&lt;p&gt;Can you fill in the release note field with the behavior change?  Click the Edit button to see it.&lt;/p&gt;</comment>
                    </comments>
                <issuelinks>
                            <issuelinktype id="10032">
                    <name>Blocker</name>
                                            <outwardlinks description="blocks">
                                        <issuelink>
            <issuekey id="12513054">HIVE-2268</issuekey>
        </issuelink>
                            </outwardlinks>
                                                        </issuelinktype>
                            <issuelinktype id="10030">
                    <name>Reference</name>
                                            <outwardlinks description="relates to">
                                        <issuelink>
            <issuekey id="12503051">HIVE-2086</issuekey>
        </issuelink>
            <issuelink>
            <issuekey id="12442500">HIVE-972</issuekey>
        </issuelink>
                            </outwardlinks>
                                                        </issuelinktype>
                    </issuelinks>
                <attachments>
                            <attachment id="12485791" name="HIVE-1218v0.patch" size="17464" author="charleschen" created="Fri, 8 Jul 2011 22:23:01 +0000"/>
                            <attachment id="12486386" name="HIVE-1218v2.patch" size="23490" author="charleschen" created="Wed, 13 Jul 2011 23:35:50 +0000"/>
                            <attachment id="12486491" name="HIVE-1218v3.patch" size="42031" author="charleschen" created="Thu, 14 Jul 2011 18:55:26 +0000"/>
                            <attachment id="12486517" name="HIVE-1218v4.patch" size="19478" author="charleschen" created="Thu, 14 Jul 2011 22:00:31 +0000"/>
                            <attachment id="12486519" name="HIVE-1218v5.patch" size="38019" author="charleschen" created="Thu, 14 Jul 2011 22:12:08 +0000"/>
                            <attachment id="12486685" name="HIVE-1218v6.patch" size="38059" author="charleschen" created="Fri, 15 Jul 2011 21:23:37 +0000"/>
                            <attachment id="12486699" name="HIVE-1218v7.patch" size="37994" author="charleschen" created="Fri, 15 Jul 2011 23:23:34 +0000"/>
                            <attachment id="12486740" name="HIVE-1218v8.patch" size="37858" author="charleschen" created="Sat, 16 Jul 2011 22:51:41 +0000"/>
                    </attachments>
                <subtasks>
                    </subtasks>
                <customfields>
                                                <customfield id="customfield_12310310" key="com.atlassian.jira.toolkit:attachments">
                        <customfieldname>Attachment count</customfieldname>
                        <customfieldvalues>
                            <customfieldvalue>8.0</customfieldvalue>
                        </customfieldvalues>
                    </customfield>
                                                                                                                                                                                                                                                                                                                                                                                                                                                                                                                                <customfield id="customfield_12310220" key="com.atlassian.jira.ext.charting:firstresponsedate">
                        <customfieldname>Date of First Response</customfieldname>
                        <customfieldvalues>
                            <customfieldvalue>Fri, 8 Jul 2011 21:37:16 +0000</customfieldvalue>

                        </customfieldvalues>
                    </customfield>
                                                                                                                                                                                                                                                                                                                                                                                                                                            <customfield id="customfield_12310420" key="com.pyxis.greenhopper.jira:gh-global-rank">
                        <customfieldname>Global Rank</customfieldname>
                        <customfieldvalues>
                            <customfieldvalue>65641</customfieldvalue>
                        </customfieldvalues>
                    </customfield>
                                                                <customfield id="customfield_12310191" key="com.atlassian.jira.plugin.system.customfieldtypes:multicheckboxes">
                        <customfieldname>Hadoop Flags</customfieldname>
                        <customfieldvalues>
                                <customfieldvalue key="10343"><![CDATA[Reviewed]]></customfieldvalue>
    
                        </customfieldvalues>
                    </customfield>
                                                                                                                        <customfield id="customfield_12312521" key="com.atlassian.jira.toolkit:LastCommentDate">
                        <customfieldname>Last public comment date</customfieldname>
                        <customfieldvalues>
                            5 years, 19 weeks, 2 days ago
                        </customfieldvalues>
                    </customfield>
                                                                                            <customfield id="customfield_12311820" key="com.pyxis.greenhopper.jira:gh-lexo-rank">
                        <customfieldname>Rank</customfieldname>
                        <customfieldvalues>
                            <customfieldvalue>0|i0le1j:</customfieldvalue>

                        </customfieldvalues>
                    </customfield>
                                                                <customfield id="customfield_12310920" key="com.pyxis.greenhopper.jira:gh-global-rank">
                        <customfieldname>Rank (Obsolete)</customfieldname>
                        <customfieldvalues>
                            <customfieldvalue>122925</customfieldvalue>
                        </customfieldvalues>
                    </customfield>
                                                                <customfield id="customfield_12310192" key="com.atlassian.jira.plugin.system.customfieldtypes:textarea">
                        <customfieldname>Release Note</customfieldname>
                        <customfieldvalues>
                            <customfieldvalue>In 0.8.0, CREATE TABLE LIKE view_name creates a table by adopting the schema of view_name (fields and partition columns) using defaults for serde and file formats.  Before 0.8.0, CREATE TABLE LIKE view_name would make a copy of the view.</customfieldvalue>

                        </customfieldvalues>
                    </customfield>
                                                                                                                                                                                                                                                                                                <customfield id="customfield_12310222" key="com.atlassian.jira.ext.charting:timeinstatus">
                        <customfieldname>Time in Status</customfieldname>
                        <customfieldvalues>
                            
                        </customfieldvalues>
                    </customfield>
                                                                                                                        </customfields>
    </item>
</channel>
</rss>