<!-- 
RSS generated by JIRA (6.3.4#6332-sha1:51bc225ef474afe3128b2f66878477f322397b16) at Sat Dec 03 00:13:39 UTC 2016

It is possible to restrict the fields that are returned in this document by specifying the 'field' parameter in your request.
For example, to request only the issue key and summary add field=key&field=summary to the URL of your request.
For example:
https://issues.apache.org/jira/si/jira.issueviews:issue-xml/HIVE-1167/HIVE-1167.xml?field=key&amp;field=summary
-->
<rss version="0.92" >
<channel>
    <title>ASF JIRA</title>
    <link>https://issues.apache.org/jira</link>
    <description>This file is an XML representation of an issue</description>
    <language>en-uk</language>    <build-info>
        <version>6.3.4</version>
        <build-number>6332</build-number>
        <build-date>15-08-2014</build-date>
    </build-info>

<item>
            <title>[HIVE-1167] Use TreeMap instead of Property to make explain extended deterministic</title>
                <link>https://issues.apache.org/jira/browse/HIVE-1167</link>
                <project id="12310843" key="HIVE">Hive</project>
                    <description>&lt;p&gt;In some places in the code, we are using Properties class in &quot;explain extended&quot;.&lt;/p&gt;

&lt;p&gt;This makes the order of the lines in the &quot;explain extended&quot; undeterministic because Properties are based on Hashtable class.&lt;/p&gt;

&lt;p&gt;We should add another function to show the properties in sorted order.&lt;/p&gt;</description>
                <environment></environment>
        <key id="12456210">HIVE-1167</key>
            <summary>Use TreeMap instead of Property to make explain extended deterministic</summary>
                <type id="1" iconUrl="https://issues.apache.org/jira/images/icons/issuetypes/bug.png">Bug</type>
                                            <priority id="3" iconUrl="https://issues.apache.org/jira/images/icons/priorities/major.png">Major</priority>
                        <status id="6" iconUrl="https://issues.apache.org/jira/images/icons/statuses/closed.png" description="The issue is considered finished, the resolution is correct. Issues which are closed can be reopened.">Closed</status>
                    <statusCategory id="3" key="done" colorName="green"/>
                                    <resolution id="1">Fixed</resolution>
                                        <assignee username="zshao">Zheng Shao</assignee>
                                    <reporter username="zshao">Zheng Shao</reporter>
                        <labels>
                    </labels>
                <created>Sat, 13 Feb 2010 01:50:15 +0000</created>
                <updated>Sat, 17 Dec 2011 00:03:59 +0000</updated>
                            <resolved>Sun, 14 Feb 2010 02:32:25 +0000</resolved>
                                    <version>0.6.0</version>
                                    <fixVersion>0.6.0</fixVersion>
                                        <due></due>
                            <votes>0</votes>
                                    <watches>0</watches>
                                                                <comments>
                            <comment id="12833336" author="zshao" created="Sat, 13 Feb 2010 07:13:21 +0000"  >&lt;p&gt;&lt;a href=&quot;https://issues.apache.org/jira/browse/HIVE-1167&quot; title=&quot;Use TreeMap instead of Property to make explain extended deterministic&quot; class=&quot;issue-link&quot; data-issue-key=&quot;HIVE-1167&quot;&gt;&lt;del&gt;HIVE-1167&lt;/del&gt;&lt;/a&gt;.1.code.patch is the code change for review.&lt;br/&gt;
&lt;a href=&quot;https://issues.apache.org/jira/browse/HIVE-1167&quot; title=&quot;Use TreeMap instead of Property to make explain extended deterministic&quot; class=&quot;issue-link&quot; data-issue-key=&quot;HIVE-1167&quot;&gt;&lt;del&gt;HIVE-1167&lt;/del&gt;&lt;/a&gt;.1.tests.patch is the change of the test results.&lt;/p&gt;</comment>
                            <comment id="12833339" author="zshao" created="Sat, 13 Feb 2010 07:18:39 +0000"  >&lt;p&gt;This is required for &lt;a href=&quot;https://issues.apache.org/jira/browse/HIVE-1117&quot; title=&quot;Make QueryPlan serializable&quot; class=&quot;issue-link&quot; data-issue-key=&quot;HIVE-1117&quot;&gt;&lt;del&gt;HIVE-1117&lt;/del&gt;&lt;/a&gt; to work. We want to make sure the QueryPlan object after serialization/deserialization loop are still the &quot;same&quot; as it was before, when comparing the &quot;explain extended&quot; results.&lt;/p&gt;</comment>
                            <comment id="12833346" author="nzhang" created="Sat, 13 Feb 2010 08:20:37 +0000"  >&lt;p&gt;Looks good. Will commit if tests pass. &lt;/p&gt;</comment>
                            <comment id="12833412" author="nzhang" created="Sat, 13 Feb 2010 17:06:31 +0000"  >&lt;p&gt;Zheng, it failed on TestContribCliDriver and TestContribNegativeCliDriver (both are serde_regex.q). Can you take a look?&lt;/p&gt;</comment>
                            <comment id="12833474" author="zshao" created="Sat, 13 Feb 2010 23:49:31 +0000"  >&lt;p&gt;Sorry, I forgot to add the contrib test changes.&lt;/p&gt;

&lt;p&gt;Ning, can you apply all these 3 patches together?&lt;/p&gt;</comment>
                            <comment id="12833492" author="nzhang" created="Sun, 14 Feb 2010 02:32:25 +0000"  >&lt;p&gt;Committed. Thanks Zheng!&lt;/p&gt;</comment>
                    </comments>
                <issuelinks>
                            <issuelinktype id="10032">
                    <name>Blocker</name>
                                            <outwardlinks description="blocks">
                                        <issuelink>
            <issuekey id="12446964">HIVE-1117</issuekey>
        </issuelink>
                            </outwardlinks>
                                                        </issuelinktype>
                    </issuelinks>
                <attachments>
                            <attachment id="12435764" name="HIVE-1167.1.code.patch" size="826" author="zshao" created="Sat, 13 Feb 2010 07:13:20 +0000"/>
                            <attachment id="12435790" name="HIVE-1167.1.contrib.tests.patch" size="3030" author="zshao" created="Sat, 13 Feb 2010 23:49:31 +0000"/>
                            <attachment id="12435765" name="HIVE-1167.1.tests.patch" size="1055741" author="zshao" created="Sat, 13 Feb 2010 07:13:21 +0000"/>
                    </attachments>
                <subtasks>
                    </subtasks>
                <customfields>
                                                <customfield id="customfield_12310310" key="com.atlassian.jira.toolkit:attachments">
                        <customfieldname>Attachment count</customfieldname>
                        <customfieldvalues>
                            <customfieldvalue>3.0</customfieldvalue>
                        </customfieldvalues>
                    </customfield>
                                                                                                                                                                                                                                                                                                                                                                                                                                                                                                                                <customfield id="customfield_12310220" key="com.atlassian.jira.ext.charting:firstresponsedate">
                        <customfieldname>Date of First Response</customfieldname>
                        <customfieldvalues>
                            <customfieldvalue>Sat, 13 Feb 2010 08:20:37 +0000</customfieldvalue>

                        </customfieldvalues>
                    </customfield>
                                                                                                                                                                                                                                                                                                                                                                                                                                            <customfield id="customfield_12310420" key="com.pyxis.greenhopper.jira:gh-global-rank">
                        <customfieldname>Global Rank</customfieldname>
                        <customfieldvalues>
                            <customfieldvalue>73057</customfieldvalue>
                        </customfieldvalues>
                    </customfield>
                                                                                                                                                    <customfield id="customfield_12312521" key="com.atlassian.jira.toolkit:LastCommentDate">
                        <customfieldname>Last public comment date</customfieldname>
                        <customfieldvalues>
                            6 years, 42 weeks, 5 days ago
                        </customfieldvalues>
                    </customfield>
                                                                                            <customfield id="customfield_12311820" key="com.pyxis.greenhopper.jira:gh-lexo-rank">
                        <customfieldname>Rank</customfieldname>
                        <customfieldvalues>
                            <customfieldvalue>0|i0ldqv:</customfieldvalue>

                        </customfieldvalues>
                    </customfield>
                                                                <customfield id="customfield_12310920" key="com.pyxis.greenhopper.jira:gh-global-rank">
                        <customfieldname>Rank (Obsolete)</customfieldname>
                        <customfieldvalues>
                            <customfieldvalue>122877</customfieldvalue>
                        </customfieldvalues>
                    </customfield>
                                                                                                                                                                                                                                                                                                                            <customfield id="customfield_12310222" key="com.atlassian.jira.ext.charting:timeinstatus">
                        <customfieldname>Time in Status</customfieldname>
                        <customfieldvalues>
                            
                        </customfieldvalues>
                    </customfield>
                                                                                                                        </customfields>
    </item>
</channel>
</rss>