<!-- 
RSS generated by JIRA (6.3.4#6332-sha1:51bc225ef474afe3128b2f66878477f322397b16) at Fri Dec 02 11:44:02 UTC 2016

It is possible to restrict the fields that are returned in this document by specifying the 'field' parameter in your request.
For example, to request only the issue key and summary add field=key&field=summary to the URL of your request.
For example:
https://issues.apache.org/jira/si/jira.issueviews:issue-xml/HIVE-12684/HIVE-12684.xml?field=key&amp;field=summary
-->
<rss version="0.92" >
<channel>
    <title>ASF JIRA</title>
    <link>https://issues.apache.org/jira</link>
    <description>This file is an XML representation of an issue</description>
    <language>en-uk</language>    <build-info>
        <version>6.3.4</version>
        <build-number>6332</build-number>
        <build-date>15-08-2014</build-date>
    </build-info>

<item>
            <title>[HIVE-12684] NPE in stats annotation when all values in decimal column are NULLs</title>
                <link>https://issues.apache.org/jira/browse/HIVE-12684</link>
                <project id="12310843" key="HIVE">Hive</project>
                    <description>&lt;p&gt;When all column values are null for a decimal column and when column stats exists. AnnotateWithStatistics optimization can throw NPE. Following is the exception trace&lt;/p&gt;

&lt;div class=&quot;code panel&quot; style=&quot;border-width: 1px;&quot;&gt;&lt;div class=&quot;codeContent panelContent&quot;&gt;
&lt;pre class=&quot;code-java&quot;&gt;
java.lang.NullPointerException
        at org.apache.hadoop.hive.ql.stats.StatsUtils.getColStatistics(StatsUtils.java:712)
        at org.apache.hadoop.hive.ql.stats.StatsUtils.convertColStats(StatsUtils.java:764)
        at org.apache.hadoop.hive.ql.stats.StatsUtils.getTableColumnStats(StatsUtils.java:750)
        at org.apache.hadoop.hive.ql.stats.StatsUtils.collectStatistics(StatsUtils.java:197)
        at org.apache.hadoop.hive.ql.stats.StatsUtils.collectStatistics(StatsUtils.java:143)
        at org.apache.hadoop.hive.ql.stats.StatsUtils.collectStatistics(StatsUtils.java:131)
        at org.apache.hadoop.hive.ql.optimizer.stats.annotation.StatsRulesProcFactory$TableScanStatsRule.process(StatsRulesProcFactory.java:114)
        at org.apache.hadoop.hive.ql.lib.DefaultRuleDispatcher.dispatch(DefaultRuleDispatcher.java:90)
        at org.apache.hadoop.hive.ql.lib.DefaultGraphWalker.dispatchAndReturn(DefaultGraphWalker.java:105)
        at org.apache.hadoop.hive.ql.lib.DefaultGraphWalker.dispatch(DefaultGraphWalker.java:89)
        at org.apache.hadoop.hive.ql.lib.LevelOrderWalker.walk(LevelOrderWalker.java:143)
        at org.apache.hadoop.hive.ql.lib.LevelOrderWalker.startWalking(LevelOrderWalker.java:122)
        at org.apache.hadoop.hive.ql.optimizer.stats.annotation.AnnotateWithStatistics.transform(AnnotateWithStatistics.java:78)
        at org.apache.hadoop.hive.ql.optimizer.Optimizer.optimize(Optimizer.java:228)
        at org.apache.hadoop.hive.ql.parse.SemanticAnalyzer.analyzeInternal(SemanticAnalyzer.java:10156)
        at org.apache.hadoop.hive.ql.parse.CalcitePlanner.analyzeInternal(CalcitePlanner.java:225)
        at org.apache.hadoop.hive.ql.parse.BaseSemanticAnalyzer.analyze(BaseSemanticAnalyzer.java:237)
        at org.apache.hadoop.hive.ql.parse.ExplainSemanticAnalyzer.analyzeInternal(ExplainSemanticAnalyzer.java:74)
        at org.apache.hadoop.hive.ql.parse.BaseSemanticAnalyzer.analyze(BaseSemanticAnalyzer.java:237)

&lt;/pre&gt;
&lt;/div&gt;&lt;/div&gt;</description>
                <environment></environment>
        <key id="12922194">HIVE-12684</key>
            <summary>NPE in stats annotation when all values in decimal column are NULLs</summary>
                <type id="1" iconUrl="https://issues.apache.org/jira/images/icons/issuetypes/bug.png">Bug</type>
                                            <priority id="3" iconUrl="https://issues.apache.org/jira/images/icons/priorities/major.png">Major</priority>
                        <status id="6" iconUrl="https://issues.apache.org/jira/images/icons/statuses/closed.png" description="The issue is considered finished, the resolution is correct. Issues which are closed can be reopened.">Closed</status>
                    <statusCategory id="3" key="done" colorName="green"/>
                                    <resolution id="1">Fixed</resolution>
                                        <assignee username="prasanth_j">Prasanth Jayachandran</assignee>
                                    <reporter username="prasanth_j">Prasanth Jayachandran</reporter>
                        <labels>
                    </labels>
                <created>Wed, 16 Dec 2015 00:06:08 +0000</created>
                <updated>Tue, 16 Feb 2016 23:52:19 +0000</updated>
                            <resolved>Thu, 17 Dec 2015 20:11:03 +0000</resolved>
                                    <version>1.3.0</version>
                    <version>2.0.0</version>
                    <version>2.1.0</version>
                                    <fixVersion>1.3.0</fixVersion>
                    <fixVersion>2.0.0</fixVersion>
                                    <component>Statistics</component>
                        <due></due>
                            <votes>0</votes>
                                    <watches>3</watches>
                                                                <comments>
                            <comment id="15059161" author="prasanth_j" created="Wed, 16 Dec 2015 00:09:31 +0000"  >&lt;p&gt;&lt;a href=&quot;https://issues.apache.org/jira/secure/ViewProfile.jspa?name=ashutoshc&quot; class=&quot;user-hover&quot; rel=&quot;ashutoshc&quot;&gt;Ashutosh Chauhan&lt;/a&gt;/&lt;a href=&quot;https://issues.apache.org/jira/secure/ViewProfile.jspa?name=pxiong&quot; class=&quot;user-hover&quot; rel=&quot;pxiong&quot;&gt;Pengcheng Xiong&lt;/a&gt; Can someone please review this patch?&lt;/p&gt;</comment>
                            <comment id="15059345" author="prasanth_j" created="Wed, 16 Dec 2015 02:01:46 +0000"  >&lt;p&gt;Without the import reordering. &lt;/p&gt;</comment>
                            <comment id="15059558" author="pxiong" created="Wed, 16 Dec 2015 06:13:20 +0000"  >&lt;p&gt;&lt;a href=&quot;https://issues.apache.org/jira/secure/ViewProfile.jspa?name=prasanth_j&quot; class=&quot;user-hover&quot; rel=&quot;prasanth_j&quot;&gt;Prasanth Jayachandran&lt;/a&gt;, L724 &lt;/p&gt;
&lt;div class=&quot;code panel&quot; style=&quot;border-width: 1px;&quot;&gt;&lt;div class=&quot;codeContent panelContent&quot;&gt;
&lt;pre class=&quot;code-java&quot;&gt;
BigDecimal minVal = &lt;span class=&quot;code-keyword&quot;&gt;null&lt;/span&gt;;
&lt;/pre&gt;
&lt;/div&gt;&lt;/div&gt;
&lt;p&gt;Then &lt;br/&gt;
L729&lt;/p&gt;
&lt;div class=&quot;code panel&quot; style=&quot;border-width: 1px;&quot;&gt;&lt;div class=&quot;codeContent panelContent&quot;&gt;
&lt;pre class=&quot;code-java&quot;&gt;
&lt;span class=&quot;code-keyword&quot;&gt;if&lt;/span&gt; (minVal != &lt;span class=&quot;code-keyword&quot;&gt;null&lt;/span&gt; &amp;amp;&amp;amp; maxVal != &lt;span class=&quot;code-keyword&quot;&gt;null&lt;/span&gt;)
&lt;/pre&gt;
&lt;/div&gt;&lt;/div&gt;
&lt;p&gt;will never be true.&lt;/p&gt;</comment>
                            <comment id="15059580" author="prasanth_j" created="Wed, 16 Dec 2015 06:29:30 +0000"  >&lt;p&gt;&lt;a href=&quot;https://issues.apache.org/jira/secure/ViewProfile.jspa?name=pxiong&quot; class=&quot;user-hover&quot; rel=&quot;pxiong&quot;&gt;Pengcheng Xiong&lt;/a&gt; you are right! good catch. Fixed it in patch 3.&lt;/p&gt;</comment>
                            <comment id="15059629" author="pxiong" created="Wed, 16 Dec 2015 07:29:27 +0000"  >&lt;p&gt;Just a small typo maxHiveDev-&amp;gt;maxHiveDec&lt;br/&gt;
LGTM +1 pending QA run.&lt;/p&gt;</comment>
                            <comment id="15059641" author="prasanth_j" created="Wed, 16 Dec 2015 07:35:13 +0000"  >&lt;p&gt;Fixed typo.&lt;/p&gt;</comment>
                            <comment id="15061444" author="prasanth_j" created="Thu, 17 Dec 2015 04:30:40 +0000"  >&lt;p&gt;Reuploading for precommit tests.&lt;/p&gt;</comment>
                            <comment id="15062246" author="hiveqa" created="Thu, 17 Dec 2015 16:07:36 +0000"  >

&lt;p&gt;Here are the results of testing the latest attachment:&lt;br/&gt;
&lt;a href=&quot;https://issues.apache.org/jira/secure/attachment/12778173/HIVE-12684.3.patch&quot; class=&quot;external-link&quot; rel=&quot;nofollow&quot;&gt;https://issues.apache.org/jira/secure/attachment/12778173/HIVE-12684.3.patch&lt;/a&gt;&lt;/p&gt;

&lt;p&gt;&lt;font color=&quot;green&quot;&gt;SUCCESS:&lt;/font&gt; +1 due to 1 test(s) being added or modified.&lt;/p&gt;

&lt;p&gt;&lt;font color=&quot;red&quot;&gt;ERROR:&lt;/font&gt; -1 due to 16 failed/errored test(s), 9965 tests executed&lt;br/&gt;
&lt;b&gt;Failed tests:&lt;/b&gt;&lt;/p&gt;
&lt;div class=&quot;preformatted panel&quot; style=&quot;border-width: 1px;&quot;&gt;&lt;div class=&quot;preformattedContent panelContent&quot;&gt;
&lt;pre&gt;TestHWISessionManager - did not produce a TEST-*.xml file
org.apache.hadoop.hive.cli.TestCliDriver.testCliDriver_order2
org.apache.hadoop.hive.cli.TestCliDriver.testCliDriver_union9
org.apache.hadoop.hive.cli.TestEncryptedHDFSCliDriver.testCliDriver_encryption_insert_partition_dynamic
org.apache.hadoop.hive.cli.TestNegativeCliDriver.testNegativeCliDriver_authorization_uri_import
org.apache.hadoop.hive.ql.exec.spark.session.TestSparkSessionManagerImpl.testMultiSessionMultipleUse
org.apache.hadoop.hive.ql.exec.spark.session.TestSparkSessionManagerImpl.testSingleSessionMultipleUse
org.apache.hive.jdbc.TestSSL.testSSLVersion
org.apache.hive.spark.client.TestSparkClient.testAddJarsAndFiles
org.apache.hive.spark.client.TestSparkClient.testCounters
org.apache.hive.spark.client.TestSparkClient.testErrorJob
org.apache.hive.spark.client.TestSparkClient.testJobSubmission
org.apache.hive.spark.client.TestSparkClient.testMetricsCollection
org.apache.hive.spark.client.TestSparkClient.testRemoteClient
org.apache.hive.spark.client.TestSparkClient.testSimpleSparkJob
org.apache.hive.spark.client.TestSparkClient.testSyncRpc
&lt;/pre&gt;
&lt;/div&gt;&lt;/div&gt;

&lt;p&gt;Test results: &lt;a href=&quot;http://ec2-174-129-184-35.compute-1.amazonaws.com/jenkins/job/PreCommit-HIVE-TRUNK-Build/6382/testReport&quot; class=&quot;external-link&quot; rel=&quot;nofollow&quot;&gt;http://ec2-174-129-184-35.compute-1.amazonaws.com/jenkins/job/PreCommit-HIVE-TRUNK-Build/6382/testReport&lt;/a&gt;&lt;br/&gt;
Console output: &lt;a href=&quot;http://ec2-174-129-184-35.compute-1.amazonaws.com/jenkins/job/PreCommit-HIVE-TRUNK-Build/6382/console&quot; class=&quot;external-link&quot; rel=&quot;nofollow&quot;&gt;http://ec2-174-129-184-35.compute-1.amazonaws.com/jenkins/job/PreCommit-HIVE-TRUNK-Build/6382/console&lt;/a&gt;&lt;br/&gt;
Test logs: &lt;a href=&quot;http://ec2-174-129-184-35.compute-1.amazonaws.com/logs/PreCommit-HIVE-TRUNK-Build-6382/&quot; class=&quot;external-link&quot; rel=&quot;nofollow&quot;&gt;http://ec2-174-129-184-35.compute-1.amazonaws.com/logs/PreCommit-HIVE-TRUNK-Build-6382/&lt;/a&gt;&lt;/p&gt;

&lt;p&gt;Messages:&lt;/p&gt;
&lt;div class=&quot;preformatted panel&quot; style=&quot;border-width: 1px;&quot;&gt;&lt;div class=&quot;preformattedContent panelContent&quot;&gt;
&lt;pre&gt;Executing org.apache.hive.ptest.execution.TestCheckPhase
Executing org.apache.hive.ptest.execution.PrepPhase
Executing org.apache.hive.ptest.execution.ExecutionPhase
Executing org.apache.hive.ptest.execution.ReportingPhase
Tests exited with: TestsFailedException: 16 tests failed
&lt;/pre&gt;
&lt;/div&gt;&lt;/div&gt;

&lt;p&gt;This message is automatically generated.&lt;/p&gt;

&lt;p&gt;ATTACHMENT ID: 12778173 - PreCommit-HIVE-TRUNK-Build&lt;/p&gt;</comment>
                            <comment id="15062631" author="prasanth_j" created="Thu, 17 Dec 2015 19:33:04 +0000"  >&lt;p&gt;I uploaded the wrong patch with type fix before.&lt;/p&gt;</comment>
                            <comment id="15062708" author="prasanth_j" created="Thu, 17 Dec 2015 20:11:03 +0000"  >&lt;p&gt;Committed to all branches.&lt;/p&gt;</comment>
                            <comment id="15071231" author="lefty@hortonworks.com" created="Thu, 24 Dec 2015 20:33:15 +0000"  >&lt;p&gt;&lt;a href=&quot;https://issues.apache.org/jira/secure/ViewProfile.jspa?name=prasanth_j&quot; class=&quot;user-hover&quot; rel=&quot;prasanth_j&quot;&gt;Prasanth Jayachandran&lt;/a&gt;,  you committed this to branch-1.0 which is for release 1.0.2, not 1.3.0.  For 1.3.0 you want branch-1.&lt;/p&gt;</comment>
                            <comment id="15071257" author="prasanth_j" created="Thu, 24 Dec 2015 21:26:55 +0000"  >&lt;p&gt;Thanks &lt;a href=&quot;https://issues.apache.org/jira/secure/ViewProfile.jspa?name=leftylev&quot; class=&quot;user-hover&quot; rel=&quot;leftylev&quot;&gt;Lefty Leverenz&lt;/a&gt;! I just cherrypicked the commit to branch-1. &lt;/p&gt;</comment>
                    </comments>
                    <attachments>
                            <attachment id="12777866" name="HIVE-12684.1.patch" size="9309" author="prasanth_j" created="Wed, 16 Dec 2015 00:09:09 +0000"/>
                            <attachment id="12777897" name="HIVE-12684.2.patch" size="7625" author="prasanth_j" created="Wed, 16 Dec 2015 02:01:46 +0000"/>
                            <attachment id="12778315" name="HIVE-12684.3.patch" size="7812" author="prasanth_j" created="Thu, 17 Dec 2015 19:33:04 +0000"/>
                    </attachments>
                <subtasks>
                    </subtasks>
                <customfields>
                                                <customfield id="customfield_12310310" key="com.atlassian.jira.toolkit:attachments">
                        <customfieldname>Attachment count</customfieldname>
                        <customfieldvalues>
                            <customfieldvalue>3.0</customfieldvalue>
                        </customfieldvalues>
                    </customfield>
                                                                                                                                                                                                                                                                                                                                                                                                                                                                                                                                <customfield id="customfield_12310220" key="com.atlassian.jira.ext.charting:firstresponsedate">
                        <customfieldname>Date of First Response</customfieldname>
                        <customfieldvalues>
                            <customfieldvalue>Wed, 16 Dec 2015 06:13:20 +0000</customfieldvalue>

                        </customfieldvalues>
                    </customfield>
                                                                                                                                                                                                                                                                                                                                                                                                                                            <customfield id="customfield_12310420" key="com.pyxis.greenhopper.jira:gh-global-rank">
                        <customfieldname>Global Rank</customfieldname>
                        <customfieldvalues>
                            <customfieldvalue>9223372036854775807</customfieldvalue>
                        </customfieldvalues>
                    </customfield>
                                                                                                                                                    <customfield id="customfield_12312521" key="com.atlassian.jira.toolkit:LastCommentDate">
                        <customfieldname>Last public comment date</customfieldname>
                        <customfieldvalues>
                            49 weeks ago
                        </customfieldvalues>
                    </customfield>
                                                                                            <customfield id="customfield_12311820" key="com.pyxis.greenhopper.jira:gh-lexo-rank">
                        <customfieldname>Rank</customfieldname>
                        <customfieldvalues>
                            <customfieldvalue>0|i2py53:</customfieldvalue>

                        </customfieldvalues>
                    </customfield>
                                                                <customfield id="customfield_12310920" key="com.pyxis.greenhopper.jira:gh-global-rank">
                        <customfieldname>Rank (Obsolete)</customfieldname>
                        <customfieldvalues>
                            <customfieldvalue>9223372036854775807</customfieldvalue>
                        </customfieldvalues>
                    </customfield>
                                                                                                                                                                                                                                                                    <customfield id="customfield_12310320" key="com.atlassian.jira.plugin.system.customfieldtypes:multiversion">
                        <customfieldname>Target Version/s</customfieldname>
                        <customfieldvalues>
                                <customfieldvalue>12332154</customfieldvalue>
    <customfieldvalue>12332641</customfieldvalue>
    
                        </customfieldvalues>
                    </customfield>
                                                                                            <customfield id="customfield_12310222" key="com.atlassian.jira.ext.charting:timeinstatus">
                        <customfieldname>Time in Status</customfieldname>
                        <customfieldvalues>
                            
                        </customfieldvalues>
                    </customfield>
                                                                                                                        </customfields>
    </item>
</channel>
</rss>