<!-- 
RSS generated by JIRA (6.3.4#6332-sha1:51bc225ef474afe3128b2f66878477f322397b16) at Sat Dec 03 22:30:22 UTC 2016

It is possible to restrict the fields that are returned in this document by specifying the 'field' parameter in your request.
For example, to request only the issue key and summary add field=key&field=summary to the URL of your request.
For example:
https://issues.apache.org/jira/si/jira.issueviews:issue-xml/HIVE-11034/HIVE-11034.xml?field=key&amp;field=summary
-->
<rss version="0.92" >
<channel>
    <title>ASF JIRA</title>
    <link>https://issues.apache.org/jira</link>
    <description>This file is an XML representation of an issue</description>
    <language>en-uk</language>    <build-info>
        <version>6.3.4</version>
        <build-number>6332</build-number>
        <build-date>15-08-2014</build-date>
    </build-info>

<item>
            <title>[HIVE-11034] Joining multiple tables producing different results with different order of join</title>
                <link>https://issues.apache.org/jira/browse/HIVE-11034</link>
                <project id="12310843" key="HIVE">Hive</project>
                    <description>&lt;div class=&quot;panel&quot; style=&quot;border-width: 1px;&quot;&gt;&lt;div class=&quot;panelContent&quot;&gt;
&lt;p&gt;Join between tables with different join columns from main table yielding wrong results in hive. &lt;br/&gt;
Changing the order of the joins between main table and other tables is producing different results.&lt;/p&gt;
&lt;/div&gt;&lt;/div&gt;

&lt;p&gt;Please see below for the steps to reproduce the issue:&lt;/p&gt;

&lt;p&gt;1. Create tables as follows:&lt;br/&gt;
    create table p(ck string, email string);&lt;br/&gt;
    create table a1(ck string, flag string);&lt;br/&gt;
    create table a2(email string, flag string);&lt;br/&gt;
    create table a3(ck string, flag string);&lt;/p&gt;

&lt;p&gt;2. Load data into the tables as follows:&lt;br/&gt;
    P&lt;/p&gt;
&lt;table class=&apos;confluenceTable&apos;&gt;&lt;tbody&gt;
&lt;tr&gt;
&lt;th class=&apos;confluenceTh&apos;&gt;ck&lt;/th&gt;
&lt;th class=&apos;confluenceTh&apos;&gt;email&lt;/th&gt;
&lt;/tr&gt;
&lt;tr&gt;
&lt;td class=&apos;confluenceTd&apos;&gt;10&lt;/td&gt;
&lt;td class=&apos;confluenceTd&apos;&gt;e10&lt;/td&gt;
&lt;/tr&gt;
&lt;tr&gt;
&lt;td class=&apos;confluenceTd&apos;&gt;20&lt;/td&gt;
&lt;td class=&apos;confluenceTd&apos;&gt;e20&lt;/td&gt;
&lt;/tr&gt;
&lt;tr&gt;
&lt;td class=&apos;confluenceTd&apos;&gt;30&lt;/td&gt;
&lt;td class=&apos;confluenceTd&apos;&gt;e30&lt;/td&gt;
&lt;/tr&gt;
&lt;tr&gt;
&lt;td class=&apos;confluenceTd&apos;&gt;40&lt;/td&gt;
&lt;td class=&apos;confluenceTd&apos;&gt;e40&lt;/td&gt;
&lt;/tr&gt;
&lt;/tbody&gt;&lt;/table&gt;


&lt;p&gt;    A1&lt;/p&gt;
&lt;table class=&apos;confluenceTable&apos;&gt;&lt;tbody&gt;
&lt;tr&gt;
&lt;th class=&apos;confluenceTh&apos;&gt;ck&lt;/th&gt;
&lt;th class=&apos;confluenceTh&apos;&gt;flag&lt;/th&gt;
&lt;/tr&gt;
&lt;tr&gt;
&lt;td class=&apos;confluenceTd&apos;&gt;10&lt;/td&gt;
&lt;td class=&apos;confluenceTd&apos;&gt;N&lt;/td&gt;
&lt;/tr&gt;
&lt;tr&gt;
&lt;td class=&apos;confluenceTd&apos;&gt;20&lt;/td&gt;
&lt;td class=&apos;confluenceTd&apos;&gt;Y&lt;/td&gt;
&lt;/tr&gt;
&lt;tr&gt;
&lt;td class=&apos;confluenceTd&apos;&gt;30&lt;/td&gt;
&lt;td class=&apos;confluenceTd&apos;&gt;Y&lt;/td&gt;
&lt;/tr&gt;
&lt;tr&gt;
&lt;td class=&apos;confluenceTd&apos;&gt;40&lt;/td&gt;
&lt;td class=&apos;confluenceTd&apos;&gt;Y&lt;/td&gt;
&lt;/tr&gt;
&lt;/tbody&gt;&lt;/table&gt;


&lt;p&gt;    A2&lt;/p&gt;
&lt;table class=&apos;confluenceTable&apos;&gt;&lt;tbody&gt;
&lt;tr&gt;
&lt;th class=&apos;confluenceTh&apos;&gt;email&lt;/th&gt;
&lt;th class=&apos;confluenceTh&apos;&gt;flag&lt;/th&gt;
&lt;/tr&gt;
&lt;tr&gt;
&lt;td class=&apos;confluenceTd&apos;&gt;e10&lt;/td&gt;
&lt;td class=&apos;confluenceTd&apos;&gt;Y&lt;/td&gt;
&lt;/tr&gt;
&lt;tr&gt;
&lt;td class=&apos;confluenceTd&apos;&gt;e20&lt;/td&gt;
&lt;td class=&apos;confluenceTd&apos;&gt;N&lt;/td&gt;
&lt;/tr&gt;
&lt;tr&gt;
&lt;td class=&apos;confluenceTd&apos;&gt;e30&lt;/td&gt;
&lt;td class=&apos;confluenceTd&apos;&gt;Y&lt;/td&gt;
&lt;/tr&gt;
&lt;tr&gt;
&lt;td class=&apos;confluenceTd&apos;&gt;e40&lt;/td&gt;
&lt;td class=&apos;confluenceTd&apos;&gt;Y&lt;/td&gt;
&lt;/tr&gt;
&lt;/tbody&gt;&lt;/table&gt;


&lt;p&gt;    A3&lt;/p&gt;
&lt;table class=&apos;confluenceTable&apos;&gt;&lt;tbody&gt;
&lt;tr&gt;
&lt;th class=&apos;confluenceTh&apos;&gt;ck&lt;/th&gt;
&lt;th class=&apos;confluenceTh&apos;&gt;flag&lt;/th&gt;
&lt;/tr&gt;
&lt;tr&gt;
&lt;td class=&apos;confluenceTd&apos;&gt;10&lt;/td&gt;
&lt;td class=&apos;confluenceTd&apos;&gt;Y&lt;/td&gt;
&lt;/tr&gt;
&lt;tr&gt;
&lt;td class=&apos;confluenceTd&apos;&gt;20&lt;/td&gt;
&lt;td class=&apos;confluenceTd&apos;&gt;Y&lt;/td&gt;
&lt;/tr&gt;
&lt;tr&gt;
&lt;td class=&apos;confluenceTd&apos;&gt;30&lt;/td&gt;
&lt;td class=&apos;confluenceTd&apos;&gt;N&lt;/td&gt;
&lt;/tr&gt;
&lt;tr&gt;
&lt;td class=&apos;confluenceTd&apos;&gt;40&lt;/td&gt;
&lt;td class=&apos;confluenceTd&apos;&gt;Y&lt;/td&gt;
&lt;/tr&gt;
&lt;/tbody&gt;&lt;/table&gt;


&lt;p&gt; 3. Good query:&lt;/p&gt;
&lt;div class=&quot;panel&quot; style=&quot;border-width: 1px;&quot;&gt;&lt;div class=&quot;panelContent&quot;&gt;
&lt;p&gt;select p.ck &lt;br/&gt;
from p &lt;br/&gt;
left outer join a1 on p.ck = a1.ck &lt;br/&gt;
left outer join a3 on p.ck = a3.ck &lt;br/&gt;
left outer join a2 on p.email = a2.email &lt;br/&gt;
where a1.flag = &apos;Y&apos;&lt;br/&gt;
  and a3.flag = &apos;Y&apos;&lt;br/&gt;
  and a2.flag = &apos;Y&apos;&lt;br/&gt;
;&lt;/p&gt;
&lt;/div&gt;&lt;/div&gt;

&lt;p&gt;and results are&lt;br/&gt;
  40&lt;/p&gt;

&lt;p&gt;4. Bad query&lt;/p&gt;
&lt;div class=&quot;panel&quot; style=&quot;border-width: 1px;&quot;&gt;&lt;div class=&quot;panelContent&quot;&gt;
&lt;p&gt;select p.ck &lt;br/&gt;
from p &lt;br/&gt;
left outer join a1 on p.ck = a1.ck &lt;br/&gt;
left outer join a2 on p.email = a2.email &lt;br/&gt;
left outer join a3 on p.ck = a3.ck &lt;br/&gt;
where a1.flag = &apos;Y&apos;&lt;br/&gt;
  and a2.flag = &apos;Y&apos;&lt;br/&gt;
  and a3.flag = &apos;Y&apos;&lt;br/&gt;
;&lt;/p&gt;
&lt;/div&gt;&lt;/div&gt;

&lt;p&gt; Producing results as:&lt;br/&gt;
 30&lt;br/&gt;
 40&lt;/p&gt;

</description>
                <environment>&lt;p&gt;Linux 2.6.32-279.19.1.el6.x86_64&lt;/p&gt;</environment>
        <key id="12838367">HIVE-11034</key>
            <summary>Joining multiple tables producing different results with different order of join</summary>
                <type id="1" iconUrl="https://issues.apache.org/jira/images/icons/issuetypes/bug.png">Bug</type>
                                            <priority id="2" iconUrl="https://issues.apache.org/jira/images/icons/priorities/critical.png">Critical</priority>
                        <status id="5" iconUrl="https://issues.apache.org/jira/images/icons/statuses/resolved.png" description="A resolution has been taken, and it is awaiting verification by reporter. From here issues are either reopened, or are closed.">Resolved</status>
                    <statusCategory id="3" key="done" colorName="green"/>
                                    <resolution id="3">Duplicate</resolution>
                                        <assignee username="-1">Unassigned</assignee>
                                    <reporter username="spindi">Srini Pindi</reporter>
                        <labels>
                    </labels>
                <created>Wed, 17 Jun 2015 02:42:20 +0000</created>
                <updated>Fri, 19 Jun 2015 18:34:50 +0000</updated>
                            <resolved>Fri, 19 Jun 2015 18:34:50 +0000</resolved>
                                    <version>0.13.0</version>
                                                    <component>Query Processor</component>
                        <due>Sat, 20 Jun 2015 00:00:00 +0000</due>
                            <votes>0</votes>
                                    <watches>4</watches>
                                                                <comments>
                            <comment id="14589214" author="spindi" created="Wed, 17 Jun 2015 02:48:27 +0000"  >&lt;p&gt;Please see attachments for test data and query info.&lt;/p&gt;</comment>
                            <comment id="14590258" author="jpullokkaran" created="Wed, 17 Jun 2015 18:21:51 +0000"  >&lt;p&gt;It could be &lt;a href=&quot;https://issues.apache.org/jira/browse/HIVE-10841&quot; title=&quot;[WHERE col is not null] does not work sometimes for queries with many JOIN statements&quot; class=&quot;issue-link&quot; data-issue-key=&quot;HIVE-10841&quot;&gt;&lt;del&gt;HIVE-10841&lt;/del&gt;&lt;/a&gt; this is already fixed in 1.0, 1.2.1, 1.3. &lt;/p&gt;</comment>
                            <comment id="14593756" author="xuefuz" created="Fri, 19 Jun 2015 18:34:50 +0000"  >&lt;p&gt;I close this as a dupe. However, please feel free to reopen if the problem persists.&lt;/p&gt;</comment>
                    </comments>
                <issuelinks>
                            <issuelinktype id="12310000">
                    <name>Duplicate</name>
                                            <outwardlinks description="duplicates">
                                        <issuelink>
            <issuekey id="12833234">HIVE-10841</issuekey>
        </issuelink>
                            </outwardlinks>
                                                        </issuelinktype>
                    </issuelinks>
                <attachments>
                    </attachments>
                <subtasks>
                    </subtasks>
                <customfields>
                                                <customfield id="customfield_12310310" key="com.atlassian.jira.toolkit:attachments">
                        <customfieldname>Attachment count</customfieldname>
                        <customfieldvalues>
                            <customfieldvalue>0.0</customfieldvalue>
                        </customfieldvalues>
                    </customfield>
                                                                                                                                                                                                                                                                                                                                                                                                                                                                                                                                <customfield id="customfield_12310220" key="com.atlassian.jira.ext.charting:firstresponsedate">
                        <customfieldname>Date of First Response</customfieldname>
                        <customfieldvalues>
                            <customfieldvalue>Wed, 17 Jun 2015 18:21:51 +0000</customfieldvalue>

                        </customfieldvalues>
                    </customfield>
                                                                                                                                                                                                                                                                                                                                                                                                                                            <customfield id="customfield_12310420" key="com.pyxis.greenhopper.jira:gh-global-rank">
                        <customfieldname>Global Rank</customfieldname>
                        <customfieldvalues>
                            <customfieldvalue>9223372036854775807</customfieldvalue>
                        </customfieldvalues>
                    </customfield>
                                                                                                                                                    <customfield id="customfield_12312521" key="com.atlassian.jira.toolkit:LastCommentDate">
                        <customfieldname>Last public comment date</customfieldname>
                        <customfieldvalues>
                            1 year, 24 weeks, 1 day ago
                        </customfieldvalues>
                    </customfield>
                                                                                            <customfield id="customfield_12311820" key="com.pyxis.greenhopper.jira:gh-lexo-rank">
                        <customfieldname>Rank</customfieldname>
                        <customfieldvalues>
                            <customfieldvalue>0|i2g4y7:</customfieldvalue>

                        </customfieldvalues>
                    </customfield>
                                                                <customfield id="customfield_12310920" key="com.pyxis.greenhopper.jira:gh-global-rank">
                        <customfieldname>Rank (Obsolete)</customfieldname>
                        <customfieldvalues>
                            <customfieldvalue>9223372036854775807</customfieldvalue>
                        </customfieldvalues>
                    </customfield>
                                                                                                                                                                                                                                                                                                                            <customfield id="customfield_12310222" key="com.atlassian.jira.ext.charting:timeinstatus">
                        <customfieldname>Time in Status</customfieldname>
                        <customfieldvalues>
                            
                        </customfieldvalues>
                    </customfield>
                                                                                                                        </customfields>
    </item>
</channel>
</rss>