<!-- 
RSS generated by JIRA (6.3.4#6332-sha1:51bc225ef474afe3128b2f66878477f322397b16) at Fri Dec 02 11:27:57 UTC 2016

It is possible to restrict the fields that are returned in this document by specifying the 'field' parameter in your request.
For example, to request only the issue key and summary add field=key&field=summary to the URL of your request.
For example:
https://issues.apache.org/jira/si/jira.issueviews:issue-xml/HIVE-12533/HIVE-12533.xml?field=key&amp;field=summary
-->
<rss version="0.92" >
<channel>
    <title>ASF JIRA</title>
    <link>https://issues.apache.org/jira</link>
    <description>This file is an XML representation of an issue</description>
    <language>en-uk</language>    <build-info>
        <version>6.3.4</version>
        <build-number>6332</build-number>
        <build-date>15-08-2014</build-date>
    </build-info>

<item>
            <title>[HIVE-12533] Unexpected NULL in map join small table</title>
                <link>https://issues.apache.org/jira/browse/HIVE-12533</link>
                <project id="12310843" key="HIVE">Hive</project>
                    <description>&lt;div class=&quot;preformatted panel&quot; style=&quot;border-width: 1px;&quot;&gt;&lt;div class=&quot;preformattedContent panelContent&quot;&gt;
&lt;pre&gt;Caused by: org.apache.hadoop.hive.ql.metadata.HiveException: org.apache.hadoop.hive.ql.metadata.HiveException: Unexpected NULL in map join small table
        at org.apache.hadoop.hive.ql.exec.vector.mapjoin.fast.VectorMapJoinFastHashTableLoader.load(VectorMapJoinFastHashTableLoader.java:110)
        at org.apache.hadoop.hive.ql.exec.MapJoinOperator.loadHashTable(MapJoinOperator.java:293)
        at org.apache.hadoop.hive.ql.exec.MapJoinOperator$1.call(MapJoinOperator.java:174)
        at org.apache.hadoop.hive.ql.exec.MapJoinOperator$1.call(MapJoinOperator.java:170)
        at org.apache.hadoop.hive.ql.exec.tez.LlapObjectCache.retrieve(LlapObjectCache.java:104)
        ... 5 more
Caused by: org.apache.hadoop.hive.ql.metadata.HiveException: Unexpected NULL in map join small table
        at org.apache.hadoop.hive.ql.exec.vector.mapjoin.fast.VectorMapJoinFastLongHashTable.putRow(VectorMapJoinFastLongHashTable.java:88)
        at org.apache.hadoop.hive.ql.exec.vector.mapjoin.fast.VectorMapJoinFastTableContainer.putRow(VectorMapJoinFastTableContainer.java:182)
        at org.apache.hadoop.hive.ql.exec.vector.mapjoin.fast.VectorMapJoinFastHashTableLoader.load(VectorMapJoinFastHashTableLoader.java:97)
        ... 9 more
&lt;/pre&gt;
&lt;/div&gt;&lt;/div&gt;

&lt;p&gt;\cc &lt;a href=&quot;https://issues.apache.org/jira/secure/ViewProfile.jspa?name=gopalv&quot; class=&quot;user-hover&quot; rel=&quot;gopalv&quot;&gt;Gopal V&lt;/a&gt;&lt;/p&gt;</description>
                <environment></environment>
        <key id="12916530">HIVE-12533</key>
            <summary>Unexpected NULL in map join small table</summary>
                <type id="1" iconUrl="https://issues.apache.org/jira/images/icons/issuetypes/bug.png">Bug</type>
                                            <priority id="3" iconUrl="https://issues.apache.org/jira/images/icons/priorities/major.png">Major</priority>
                        <status id="5" iconUrl="https://issues.apache.org/jira/images/icons/statuses/resolved.png" description="A resolution has been taken, and it is awaiting verification by reporter. From here issues are either reopened, or are closed.">Resolved</status>
                    <statusCategory id="3" key="done" colorName="green"/>
                                    <resolution id="3">Duplicate</resolution>
                                        <assignee username="-1">Unassigned</assignee>
                                    <reporter username="rajesh.balamohan">Rajesh Balamohan</reporter>
                        <labels>
                    </labels>
                <created>Fri, 27 Nov 2015 02:53:09 +0000</created>
                <updated>Mon, 30 Nov 2015 07:49:35 +0000</updated>
                            <resolved>Sun, 29 Nov 2015 22:36:00 +0000</resolved>
                                                                    <component>Hive</component>
                        <due></due>
                            <votes>0</votes>
                                    <watches>2</watches>
                                                                <comments>
                            <comment id="15030507" author="damien.carol" created="Sat, 28 Nov 2015 13:29:22 +0000"  >&lt;p&gt;What version ? &lt;a href=&quot;https://issues.apache.org/jira/secure/ViewProfile.jspa?name=rajesh.balamohan&quot; class=&quot;user-hover&quot; rel=&quot;rajesh.balamohan&quot;&gt;Rajesh Balamohan&lt;/a&gt;&lt;/p&gt;</comment>
                            <comment id="15031197" author="rajesh.balamohan" created="Sun, 29 Nov 2015 22:36:00 +0000"  >&lt;p&gt;&lt;a href=&quot;https://issues.apache.org/jira/secure/ViewProfile.jspa?name=damien.carol&quot; class=&quot;user-hover&quot; rel=&quot;damien.carol&quot;&gt;Damien Carol&lt;/a&gt; - This was in master branch.&lt;/p&gt;

&lt;p&gt;Closing this as it is a duplicate of &lt;a href=&quot;https://issues.apache.org/jira/browse/HIVE-12399&quot; title=&quot;Native Vector MapJoin can encounter  &amp;quot;Null key not expected in MapJoin&amp;quot; and &amp;quot;Unexpected NULL in map join small table&amp;quot; exceptions&quot; class=&quot;issue-link&quot; data-issue-key=&quot;HIVE-12399&quot;&gt;&lt;del&gt;HIVE-12399&lt;/del&gt;&lt;/a&gt;.&lt;/p&gt;</comment>
                    </comments>
                <issuelinks>
                            <issuelinktype id="12310000">
                    <name>Duplicate</name>
                                            <outwardlinks description="duplicates">
                                        <issuelink>
            <issuekey id="12912625">HIVE-12399</issuekey>
        </issuelink>
                            </outwardlinks>
                                                        </issuelinktype>
                    </issuelinks>
                <attachments>
                    </attachments>
                <subtasks>
                    </subtasks>
                <customfields>
                                                <customfield id="customfield_12310310" key="com.atlassian.jira.toolkit:attachments">
                        <customfieldname>Attachment count</customfieldname>
                        <customfieldvalues>
                            <customfieldvalue>0.0</customfieldvalue>
                        </customfieldvalues>
                    </customfield>
                                                                                                                                                                                                                                                                                                                                                                                                                                                                                                                                <customfield id="customfield_12310220" key="com.atlassian.jira.ext.charting:firstresponsedate">
                        <customfieldname>Date of First Response</customfieldname>
                        <customfieldvalues>
                            <customfieldvalue>Sat, 28 Nov 2015 13:29:22 +0000</customfieldvalue>

                        </customfieldvalues>
                    </customfield>
                                                                                                                                                                                                                                                                                                                                                                                                                                            <customfield id="customfield_12310420" key="com.pyxis.greenhopper.jira:gh-global-rank">
                        <customfieldname>Global Rank</customfieldname>
                        <customfieldvalues>
                            <customfieldvalue>9223372036854775807</customfieldvalue>
                        </customfieldvalues>
                    </customfield>
                                                                                                                                                    <customfield id="customfield_12312521" key="com.atlassian.jira.toolkit:LastCommentDate">
                        <customfieldname>Last public comment date</customfieldname>
                        <customfieldvalues>
                            1 year, 4 days ago
                        </customfieldvalues>
                    </customfield>
                                                                                            <customfield id="customfield_12311820" key="com.pyxis.greenhopper.jira:gh-lexo-rank">
                        <customfieldname>Rank</customfieldname>
                        <customfieldvalues>
                            <customfieldvalue>0|i2ozr3:</customfieldvalue>

                        </customfieldvalues>
                    </customfield>
                                                                <customfield id="customfield_12310920" key="com.pyxis.greenhopper.jira:gh-global-rank">
                        <customfieldname>Rank (Obsolete)</customfieldname>
                        <customfieldvalues>
                            <customfieldvalue>9223372036854775807</customfieldvalue>
                        </customfieldvalues>
                    </customfield>
                                                                                                                                                                                                                                                                                                                            <customfield id="customfield_12310222" key="com.atlassian.jira.ext.charting:timeinstatus">
                        <customfieldname>Time in Status</customfieldname>
                        <customfieldvalues>
                            
                        </customfieldvalues>
                    </customfield>
                                                                                                                        </customfields>
    </item>
</channel>
</rss>