<!-- 
RSS generated by JIRA (6.3.4#6332-sha1:51bc225ef474afe3128b2f66878477f322397b16) at Fri Dec 02 05:01:11 UTC 2016

It is possible to restrict the fields that are returned in this document by specifying the 'field' parameter in your request.
For example, to request only the issue key and summary add field=key&field=summary to the URL of your request.
For example:
https://issues.apache.org/jira/si/jira.issueviews:issue-xml/HIVE-12268/HIVE-12268.xml?field=key&amp;field=summary
-->
<rss version="0.92" >
<channel>
    <title>ASF JIRA</title>
    <link>https://issues.apache.org/jira</link>
    <description>This file is an XML representation of an issue</description>
    <language>en-uk</language>    <build-info>
        <version>6.3.4</version>
        <build-number>6332</build-number>
        <build-date>15-08-2014</build-date>
    </build-info>

<item>
            <title>[HIVE-12268] Context leaks deleteOnExit paths</title>
                <link>https://issues.apache.org/jira/browse/HIVE-12268</link>
                <project id="12310843" key="HIVE">Hive</project>
                    <description>&lt;p&gt;Long running HS2 saves lots of paths in the FileSystem&apos;s deleteOnExit map. We should remove those paths already removed.&lt;/p&gt;</description>
                <environment></environment>
        <key id="12908063">HIVE-12268</key>
            <summary>Context leaks deleteOnExit paths</summary>
                <type id="1" iconUrl="https://issues.apache.org/jira/images/icons/issuetypes/bug.png">Bug</type>
                                            <priority id="4" iconUrl="https://issues.apache.org/jira/images/icons/priorities/minor.png">Minor</priority>
                        <status id="6" iconUrl="https://issues.apache.org/jira/images/icons/statuses/closed.png" description="The issue is considered finished, the resolution is correct. Issues which are closed can be reopened.">Closed</status>
                    <statusCategory id="3" key="done" colorName="green"/>
                                    <resolution id="1">Fixed</resolution>
                                        <assignee username="jxiang">Jimmy Xiang</assignee>
                                    <reporter username="jxiang">Jimmy Xiang</reporter>
                        <labels>
                    </labels>
                <created>Mon, 26 Oct 2015 23:24:26 +0000</created>
                <updated>Tue, 16 Feb 2016 23:51:32 +0000</updated>
                            <resolved>Wed, 28 Oct 2015 15:08:07 +0000</resolved>
                                                    <fixVersion>1.3.0</fixVersion>
                    <fixVersion>2.0.0</fixVersion>
                                        <due></due>
                            <votes>0</votes>
                                    <watches>4</watches>
                                                                <comments>
                            <comment id="14975406" author="xuefuz" created="Tue, 27 Oct 2015 00:15:17 +0000"  >&lt;p&gt;Dupe of &lt;a href=&quot;https://issues.apache.org/jira/browse/HIVE-11768&quot; title=&quot;java.io.DeleteOnExitHook leaks memory on long running Hive Server2 Instances&quot; class=&quot;issue-link&quot; data-issue-key=&quot;HIVE-11768&quot;&gt;&lt;del&gt;HIVE-11768&lt;/del&gt;&lt;/a&gt;?&lt;/p&gt;</comment>
                            <comment id="14975475" author="jxiang" created="Tue, 27 Oct 2015 01:18:51 +0000"  >&lt;p&gt;I checked &lt;a href=&quot;https://issues.apache.org/jira/browse/HIVE-11768&quot; title=&quot;java.io.DeleteOnExitHook leaks memory on long running Hive Server2 Instances&quot; class=&quot;issue-link&quot; data-issue-key=&quot;HIVE-11768&quot;&gt;&lt;del&gt;HIVE-11768&lt;/del&gt;&lt;/a&gt; before filing this one. This one is about the staging folders. &lt;a href=&quot;https://issues.apache.org/jira/browse/HIVE-11768&quot; title=&quot;java.io.DeleteOnExitHook leaks memory on long running Hive Server2 Instances&quot; class=&quot;issue-link&quot; data-issue-key=&quot;HIVE-11768&quot;&gt;&lt;del&gt;HIVE-11768&lt;/del&gt;&lt;/a&gt; is about the temp file in SessionState.&lt;/p&gt;</comment>
                            <comment id="14975522" author="xuefuz" created="Tue, 27 Oct 2015 01:44:09 +0000"  >&lt;p&gt;Okay. Makes sense.&lt;/p&gt;</comment>
                            <comment id="14976695" author="hiveqa" created="Tue, 27 Oct 2015 16:41:33 +0000"  >

&lt;p&gt;Here are the results of testing the latest attachment:&lt;br/&gt;
&lt;a href=&quot;https://issues.apache.org/jira/secure/attachment/12768856/HIVE-12268.1.patch&quot; class=&quot;external-link&quot; rel=&quot;nofollow&quot;&gt;https://issues.apache.org/jira/secure/attachment/12768856/HIVE-12268.1.patch&lt;/a&gt;&lt;/p&gt;

&lt;p&gt;&lt;font color=&quot;red&quot;&gt;ERROR:&lt;/font&gt; -1 due to no test(s) being added or modified.&lt;/p&gt;

&lt;p&gt;&lt;font color=&quot;red&quot;&gt;ERROR:&lt;/font&gt; -1 due to 3 failed/errored test(s), 9710 tests executed&lt;br/&gt;
&lt;b&gt;Failed tests:&lt;/b&gt;&lt;/p&gt;
&lt;div class=&quot;preformatted panel&quot; style=&quot;border-width: 1px;&quot;&gt;&lt;div class=&quot;preformattedContent panelContent&quot;&gt;
&lt;pre&gt;org.apache.hadoop.hive.hwi.TestHWISessionManager.testHiveDriver
org.apache.hadoop.hive.ql.io.orc.TestJsonFileDump.testJsonDump
org.apache.hive.jdbc.TestSSL.testSSLVersion
&lt;/pre&gt;
&lt;/div&gt;&lt;/div&gt;

&lt;p&gt;Test results: &lt;a href=&quot;http://ec2-174-129-184-35.compute-1.amazonaws.com/jenkins/job/PreCommit-HIVE-TRUNK-Build/5813/testReport&quot; class=&quot;external-link&quot; rel=&quot;nofollow&quot;&gt;http://ec2-174-129-184-35.compute-1.amazonaws.com/jenkins/job/PreCommit-HIVE-TRUNK-Build/5813/testReport&lt;/a&gt;&lt;br/&gt;
Console output: &lt;a href=&quot;http://ec2-174-129-184-35.compute-1.amazonaws.com/jenkins/job/PreCommit-HIVE-TRUNK-Build/5813/console&quot; class=&quot;external-link&quot; rel=&quot;nofollow&quot;&gt;http://ec2-174-129-184-35.compute-1.amazonaws.com/jenkins/job/PreCommit-HIVE-TRUNK-Build/5813/console&lt;/a&gt;&lt;br/&gt;
Test logs: &lt;a href=&quot;http://ec2-174-129-184-35.compute-1.amazonaws.com/logs/PreCommit-HIVE-TRUNK-Build-5813/&quot; class=&quot;external-link&quot; rel=&quot;nofollow&quot;&gt;http://ec2-174-129-184-35.compute-1.amazonaws.com/logs/PreCommit-HIVE-TRUNK-Build-5813/&lt;/a&gt;&lt;/p&gt;

&lt;p&gt;Messages:&lt;/p&gt;
&lt;div class=&quot;preformatted panel&quot; style=&quot;border-width: 1px;&quot;&gt;&lt;div class=&quot;preformattedContent panelContent&quot;&gt;
&lt;pre&gt;Executing org.apache.hive.ptest.execution.TestCheckPhase
Executing org.apache.hive.ptest.execution.PrepPhase
Executing org.apache.hive.ptest.execution.ExecutionPhase
Executing org.apache.hive.ptest.execution.ReportingPhase
Tests exited with: TestsFailedException: 3 tests failed
&lt;/pre&gt;
&lt;/div&gt;&lt;/div&gt;

&lt;p&gt;This message is automatically generated.&lt;/p&gt;

&lt;p&gt;ATTACHMENT ID: 12768856 - PreCommit-HIVE-TRUNK-Build&lt;/p&gt;</comment>
                            <comment id="14976884" author="szehon" created="Tue, 27 Oct 2015 18:19:01 +0000"  >&lt;p&gt;Simple fix, +1&lt;/p&gt;</comment>
                            <comment id="14978570" author="jxiang" created="Wed, 28 Oct 2015 15:08:07 +0000"  >&lt;p&gt;Integrated into trunk. Thanks Szehon for the review.&lt;/p&gt;</comment>
                            <comment id="15001508" author="sershe" created="Thu, 12 Nov 2015 02:12:10 +0000"  >&lt;p&gt;Should this issue be backported to branch-1? It looks like a bug.&lt;/p&gt;</comment>
                            <comment id="15003270" author="jxiang" created="Fri, 13 Nov 2015 00:12:51 +0000"  >&lt;p&gt;Yes, pushed the patch to branch-1.&lt;/p&gt;</comment>
                    </comments>
                    <attachments>
                            <attachment id="12768856" name="HIVE-12268.1.patch" size="712" author="jxiang" created="Mon, 26 Oct 2015 23:27:33 +0000"/>
                    </attachments>
                <subtasks>
                    </subtasks>
                <customfields>
                                                <customfield id="customfield_12310310" key="com.atlassian.jira.toolkit:attachments">
                        <customfieldname>Attachment count</customfieldname>
                        <customfieldvalues>
                            <customfieldvalue>1.0</customfieldvalue>
                        </customfieldvalues>
                    </customfield>
                                                                                                                                                                                                                                                                                                                                                                                                                                                                                                                                <customfield id="customfield_12310220" key="com.atlassian.jira.ext.charting:firstresponsedate">
                        <customfieldname>Date of First Response</customfieldname>
                        <customfieldvalues>
                            <customfieldvalue>Tue, 27 Oct 2015 00:15:17 +0000</customfieldvalue>

                        </customfieldvalues>
                    </customfield>
                                                                                                                                                                                                                                                                                                                                                                                                                                            <customfield id="customfield_12310420" key="com.pyxis.greenhopper.jira:gh-global-rank">
                        <customfieldname>Global Rank</customfieldname>
                        <customfieldvalues>
                            <customfieldvalue>9223372036854775807</customfieldvalue>
                        </customfieldvalues>
                    </customfield>
                                                                <customfield id="customfield_12310191" key="com.atlassian.jira.plugin.system.customfieldtypes:multicheckboxes">
                        <customfieldname>Hadoop Flags</customfieldname>
                        <customfieldvalues>
                                <customfieldvalue key="10343"><![CDATA[Reviewed]]></customfieldvalue>
    
                        </customfieldvalues>
                    </customfield>
                                                                                                                        <customfield id="customfield_12312521" key="com.atlassian.jira.toolkit:LastCommentDate">
                        <customfieldname>Last public comment date</customfieldname>
                        <customfieldvalues>
                            1 year, 3 weeks ago
                        </customfieldvalues>
                    </customfield>
                                                                                            <customfield id="customfield_12311820" key="com.pyxis.greenhopper.jira:gh-lexo-rank">
                        <customfieldname>Rank</customfieldname>
                        <customfieldvalues>
                            <customfieldvalue>0|i2njqv:</customfieldvalue>

                        </customfieldvalues>
                    </customfield>
                                                                <customfield id="customfield_12310920" key="com.pyxis.greenhopper.jira:gh-global-rank">
                        <customfieldname>Rank (Obsolete)</customfieldname>
                        <customfieldvalues>
                            <customfieldvalue>9223372036854775807</customfieldvalue>
                        </customfieldvalues>
                    </customfield>
                                                                                                                                                                                                                                                                    <customfield id="customfield_12310320" key="com.atlassian.jira.plugin.system.customfieldtypes:multiversion">
                        <customfieldname>Target Version/s</customfieldname>
                        <customfieldvalues>
                                <customfieldvalue>12332154</customfieldvalue>
    
                        </customfieldvalues>
                    </customfield>
                                                                                            <customfield id="customfield_12310222" key="com.atlassian.jira.ext.charting:timeinstatus">
                        <customfieldname>Time in Status</customfieldname>
                        <customfieldvalues>
                            
                        </customfieldvalues>
                    </customfield>
                                                                                                                        </customfields>
    </item>
</channel>
</rss>