<!-- 
RSS generated by JIRA (6.3.4#6332-sha1:51bc225ef474afe3128b2f66878477f322397b16) at Fri Dec 02 06:06:37 UTC 2016

It is possible to restrict the fields that are returned in this document by specifying the 'field' parameter in your request.
For example, to request only the issue key and summary add field=key&field=summary to the URL of your request.
For example:
https://issues.apache.org/jira/si/jira.issueviews:issue-xml/HIVE-12378/HIVE-12378.xml?field=key&amp;field=summary
-->
<rss version="0.92" >
<channel>
    <title>ASF JIRA</title>
    <link>https://issues.apache.org/jira</link>
    <description>This file is an XML representation of an issue</description>
    <language>en-uk</language>    <build-info>
        <version>6.3.4</version>
        <build-number>6332</build-number>
        <build-date>15-08-2014</build-date>
    </build-info>

<item>
            <title>[HIVE-12378] Exception on HBaseSerDe.serialize binary field</title>
                <link>https://issues.apache.org/jira/browse/HIVE-12378</link>
                <project id="12310843" key="HIVE">Hive</project>
                    <description>&lt;p&gt;An issue was reproduced with the binary typed HBase columns in Hive:&lt;/p&gt;

&lt;p&gt;It works fine as below:&lt;br/&gt;
CREATE TABLE test9 (key int, val string)&lt;br/&gt;
STORED BY &apos;org.apache.hadoop.hive.hbase.HBaseStorageHandler&apos;&lt;br/&gt;
WITH SERDEPROPERTIES (&lt;br/&gt;
&quot;hbase.columns.mapping&quot; = &quot;:key,cf:val#b&quot;&lt;br/&gt;
);&lt;br/&gt;
insert into test9 values(1,&quot;hello&quot;);&lt;/p&gt;

&lt;p&gt;But when string type is changed to binary as:&lt;br/&gt;
CREATE TABLE test2 (key int, val binary)&lt;br/&gt;
STORED BY &apos;org.apache.hadoop.hive.hbase.HBaseStorageHandler&apos;&lt;br/&gt;
WITH SERDEPROPERTIES (&lt;br/&gt;
&quot;hbase.columns.mapping&quot; = &quot;:key,cf:val#b&quot;&lt;br/&gt;
);&lt;br/&gt;
insert into table test2 values(1, &apos;hello&apos;);&lt;/p&gt;

&lt;p&gt;The following exception is thrown:&lt;br/&gt;
Caused by: org.apache.hadoop.hive.ql.metadata.HiveException: Hive Runtime Error while processing row &lt;/p&gt;
{&quot;tmp_values_col1&quot;:&quot;1&quot;,&quot;tmp_values_col2&quot;:&quot;hello&quot;}
&lt;p&gt;...&lt;br/&gt;
Caused by: java.lang.RuntimeException: Hive internal error.&lt;br/&gt;
at org.apache.hadoop.hive.serde2.lazy.LazyUtils.writePrimitive(LazyUtils.java:322)&lt;br/&gt;
at org.apache.hadoop.hive.hbase.HBaseRowSerializer.serialize(HBaseRowSerializer.java:220)&lt;br/&gt;
at org.apache.hadoop.hive.hbase.HBaseRowSerializer.serializeField(HBaseRowSerializer.java:194)&lt;br/&gt;
at org.apache.hadoop.hive.hbase.HBaseRowSerializer.serialize(HBaseRowSerializer.java:118)&lt;br/&gt;
at org.apache.hadoop.hive.hbase.HBaseSerDe.serialize(HBaseSerDe.java:282)&lt;br/&gt;
... 16 more&lt;/p&gt;

&lt;p&gt;We should support hive binary type column for hbase.&lt;/p&gt;</description>
                <environment></environment>
        <key id="12911970">HIVE-12378</key>
            <summary>Exception on HBaseSerDe.serialize binary field</summary>
                <type id="1" iconUrl="https://issues.apache.org/jira/images/icons/issuetypes/bug.png">Bug</type>
                                            <priority id="3" iconUrl="https://issues.apache.org/jira/images/icons/priorities/major.png">Major</priority>
                        <status id="6" iconUrl="https://issues.apache.org/jira/images/icons/statuses/closed.png" description="The issue is considered finished, the resolution is correct. Issues which are closed can be reopened.">Closed</status>
                    <statusCategory id="3" key="done" colorName="green"/>
                                    <resolution id="1">Fixed</resolution>
                                        <assignee username="ychena">Yongzhi Chen</assignee>
                                    <reporter username="ychena">Yongzhi Chen</reporter>
                        <labels>
                    </labels>
                <created>Tue, 10 Nov 2015 20:15:34 +0000</created>
                <updated>Tue, 16 Feb 2016 23:50:07 +0000</updated>
                            <resolved>Mon, 16 Nov 2015 17:03:23 +0000</resolved>
                                    <version>1.0.0</version>
                    <version>1.1.0</version>
                    <version>2.0.0</version>
                                    <fixVersion>1.3.0</fixVersion>
                    <fixVersion>2.0.0</fixVersion>
                                    <component>HBase Handler</component>
                    <component>Serializers/Deserializers</component>
                        <due></due>
                            <votes>0</votes>
                                    <watches>2</watches>
                                                                <comments>
                            <comment id="15002301" author="ychena" created="Thu, 12 Nov 2015 16:04:32 +0000"  >&lt;p&gt;Support LazyBinary can be initialized from data from binary format and can be written to binary storage directly. &lt;/p&gt;</comment>
                            <comment id="15003198" author="hiveqa" created="Thu, 12 Nov 2015 23:32:42 +0000"  >

&lt;p&gt;Here are the results of testing the latest attachment:&lt;br/&gt;
&lt;a href=&quot;https://issues.apache.org/jira/secure/attachment/12771987/HIVE-12378.1.patch&quot; class=&quot;external-link&quot; rel=&quot;nofollow&quot;&gt;https://issues.apache.org/jira/secure/attachment/12771987/HIVE-12378.1.patch&lt;/a&gt;&lt;/p&gt;

&lt;p&gt;&lt;font color=&quot;green&quot;&gt;SUCCESS:&lt;/font&gt; +1 due to 1 test(s) being added or modified.&lt;/p&gt;

&lt;p&gt;&lt;font color=&quot;red&quot;&gt;ERROR:&lt;/font&gt; -1 due to 4 failed/errored test(s), 9782 tests executed&lt;br/&gt;
&lt;b&gt;Failed tests:&lt;/b&gt;&lt;/p&gt;
&lt;div class=&quot;preformatted panel&quot; style=&quot;border-width: 1px;&quot;&gt;&lt;div class=&quot;preformattedContent panelContent&quot;&gt;
&lt;pre&gt;org.apache.hadoop.hive.cli.TestCliDriver.testCliDriver_cbo_rp_annotate_stats_groupby
org.apache.hadoop.hive.cli.TestNegativeCliDriver.testNegativeCliDriver_authorization_uri_import
org.apache.hadoop.hive.hwi.TestHWISessionManager.testHiveDriver
org.apache.hive.jdbc.TestSSL.testSSLVersion
&lt;/pre&gt;
&lt;/div&gt;&lt;/div&gt;

&lt;p&gt;Test results: &lt;a href=&quot;http://ec2-174-129-184-35.compute-1.amazonaws.com/jenkins/job/PreCommit-HIVE-TRUNK-Build/6017/testReport&quot; class=&quot;external-link&quot; rel=&quot;nofollow&quot;&gt;http://ec2-174-129-184-35.compute-1.amazonaws.com/jenkins/job/PreCommit-HIVE-TRUNK-Build/6017/testReport&lt;/a&gt;&lt;br/&gt;
Console output: &lt;a href=&quot;http://ec2-174-129-184-35.compute-1.amazonaws.com/jenkins/job/PreCommit-HIVE-TRUNK-Build/6017/console&quot; class=&quot;external-link&quot; rel=&quot;nofollow&quot;&gt;http://ec2-174-129-184-35.compute-1.amazonaws.com/jenkins/job/PreCommit-HIVE-TRUNK-Build/6017/console&lt;/a&gt;&lt;br/&gt;
Test logs: &lt;a href=&quot;http://ec2-174-129-184-35.compute-1.amazonaws.com/logs/PreCommit-HIVE-TRUNK-Build-6017/&quot; class=&quot;external-link&quot; rel=&quot;nofollow&quot;&gt;http://ec2-174-129-184-35.compute-1.amazonaws.com/logs/PreCommit-HIVE-TRUNK-Build-6017/&lt;/a&gt;&lt;/p&gt;

&lt;p&gt;Messages:&lt;/p&gt;
&lt;div class=&quot;preformatted panel&quot; style=&quot;border-width: 1px;&quot;&gt;&lt;div class=&quot;preformattedContent panelContent&quot;&gt;
&lt;pre&gt;Executing org.apache.hive.ptest.execution.TestCheckPhase
Executing org.apache.hive.ptest.execution.PrepPhase
Executing org.apache.hive.ptest.execution.ExecutionPhase
Executing org.apache.hive.ptest.execution.ReportingPhase
Tests exited with: TestsFailedException: 4 tests failed
&lt;/pre&gt;
&lt;/div&gt;&lt;/div&gt;

&lt;p&gt;This message is automatically generated.&lt;/p&gt;

&lt;p&gt;ATTACHMENT ID: 12771987 - PreCommit-HIVE-TRUNK-Build&lt;/p&gt;</comment>
                            <comment id="15003519" author="ychena" created="Fri, 13 Nov 2015 03:56:54 +0000"  >&lt;p&gt;The failures are not related. &lt;/p&gt;</comment>
                            <comment id="15004013" author="ychena" created="Fri, 13 Nov 2015 14:02:59 +0000"  >&lt;p&gt;&lt;a href=&quot;https://issues.apache.org/jira/secure/ViewProfile.jspa?name=jxiang&quot; class=&quot;user-hover&quot; rel=&quot;jxiang&quot;&gt;Jimmy Xiang&lt;/a&gt;, &lt;a href=&quot;https://issues.apache.org/jira/secure/ViewProfile.jspa?name=csun&quot; class=&quot;user-hover&quot; rel=&quot;csun&quot;&gt;Chao Sun&lt;/a&gt;, Could you review the code? Thanks.&lt;/p&gt;</comment>
                            <comment id="15004314" author="jxiang" created="Fri, 13 Nov 2015 17:10:49 +0000"  >&lt;p&gt;Binary field can&apos;t be null? What will happen with insert into table testhbaseb values(2, NULL)?&lt;/p&gt;</comment>
                            <comment id="15004409" author="ychena" created="Fri, 13 Nov 2015 18:07:27 +0000"  >&lt;p&gt;Binary can not be null. This is consistent with other data types for hive hbase tables, for example if I tried to insert into test9 values (5, NULL); test9 second column is string; or test1(second column is int)  I got similar exception:&lt;/p&gt;
&lt;div class=&quot;preformatted panel&quot; style=&quot;border-width: 1px;&quot;&gt;&lt;div class=&quot;preformattedContent panelContent&quot;&gt;
&lt;pre&gt;URL:
  http://ychencdh57-1.vpc.cloudera.com:8088/taskdetails.jsp?jobid=job_1447108763205_0022&amp;amp;tipid=task_1447108763205_0022_m_000000
-----
Diagnostic Messages for this Task:
Error: java.lang.RuntimeException: org.apache.hadoop.hive.ql.metadata.HiveException: Hive Runtime Error while processing row {&quot;tmp_values_col1&quot;:&quot;5&quot;,&quot;tmp_values_col2&quot;:null}
	at org.apache.hadoop.hive.ql.exec.mr.ExecMapper.map(ExecMapper.java:179)
	at org.apache.hadoop.mapred.MapRunner.run(MapRunner.java:54)
	at org.apache.hadoop.mapred.MapTask.runOldMapper(MapTask.java:453)
	at org.apache.hadoop.mapred.MapTask.run(MapTask.java:343)
	at org.apache.hadoop.mapred.YarnChild$2.run(YarnChild.java:164)
	at java.security.AccessController.doPrivileged(Native Method)
	at javax.security.auth.Subject.doAs(Subject.java:415)
	at org.apache.hadoop.security.UserGroupInformation.doAs(UserGroupInformation.java:1671)
	at org.apache.hadoop.mapred.YarnChild.main(YarnChild.java:158)
Caused by: org.apache.hadoop.hive.ql.metadata.HiveException: Hive Runtime Error while processing row {&quot;tmp_values_col1&quot;:&quot;5&quot;,&quot;tmp_values_col2&quot;:null}
	at org.apache.hadoop.hive.ql.exec.MapOperator.process(MapOperator.java:507)
	at org.apache.hadoop.hive.ql.exec.mr.ExecMapper.map(ExecMapper.java:170)
	... 8 more
Caused by: java.lang.IllegalArgumentException: No columns to insert
	at org.apache.hadoop.hbase.client.HTable.validatePut(HTable.java:1561)
	at org.apache.hadoop.hbase.client.BufferedMutatorImpl.validatePut(BufferedMutatorImpl.java:147)
	at org.apache.hadoop.hbase.client.BufferedMutatorImpl.doMutate(BufferedMutatorImpl.java:134)
	at org.apache.hadoop.hbase.client.BufferedMutatorImpl.mutate(BufferedMutatorImpl.java:98)
	at org.apache.hadoop.hbase.client.HTable.put(HTable.java:1105)
	at org.apache.hadoop.hive.hbase.HiveHBaseTableOutputFormat$MyRecordWriter.write(HiveHBaseTableOutputFormat.java:146)
	at org.apache.hadoop.hive.hbase.HiveHBaseTableOutputFormat$MyRecordWriter.write(HiveHBaseTableOutputFormat.java:117)
	at org.apache.hadoop.hive.ql.io.HivePassThroughRecordWriter.write(HivePassThroughRecordWriter.java:40)
	at org.apache.hadoop.hive.ql.exec.FileSinkOperator.processOp(FileSinkOperator.java:695)
	at org.apache.hadoop.hive.ql.exec.Operator.forward(Operator.java:815)
	at org.apache.hadoop.hive.ql.exec.SelectOperator.processOp(SelectOperator.java:84)
	at org.apache.hadoop.hive.ql.exec.Operator.forward(Operator.java:815)
	at org.apache.hadoop.hive.ql.exec.TableScanOperator.processOp(TableScanOperator.java:95)
	at org.apache.hadoop.hive.ql.exec.MapOperator$MapOpCtx.forward(MapOperator.java:157)
	at org.apache.hadoop.hive.ql.exec.MapOperator.process(MapOperator.java:497)
	... 9 more

&lt;/pre&gt;
&lt;/div&gt;&lt;/div&gt;

&lt;p&gt;following code is added because  I want LazyBioBinary is consistent LazyBinary.&lt;br/&gt;
In the LazyBinary.init method, it calls super.init(bytes, start, length) which is the LazyObject.init and it is the same code as following:&lt;/p&gt;
&lt;div class=&quot;preformatted panel&quot; style=&quot;border-width: 1px;&quot;&gt;&lt;div class=&quot;preformattedContent panelContent&quot;&gt;
&lt;pre&gt;    if (bytes == null) {
      throw new RuntimeException(&quot;bytes cannot be null!&quot;);
    }
    this.isNull = false;
&lt;/pre&gt;
&lt;/div&gt;&lt;/div&gt;



</comment>
                            <comment id="15004801" author="jxiang" created="Fri, 13 Nov 2015 22:10:59 +0000"  >&lt;p&gt;Cool. Thanks for the explanation. +1&lt;/p&gt;</comment>
                            <comment id="15006926" author="ychena" created="Mon, 16 Nov 2015 17:03:23 +0000"  >&lt;p&gt;Thanks &lt;a href=&quot;https://issues.apache.org/jira/secure/ViewProfile.jspa?name=jxiang&quot; class=&quot;user-hover&quot; rel=&quot;jxiang&quot;&gt;Jimmy Xiang&lt;/a&gt; for reviewing the patch. I pushed the fix into master and branch-1&lt;/p&gt;</comment>
                    </comments>
                    <attachments>
                            <attachment id="12771987" name="HIVE-12378.1.patch" size="8124" author="ychena" created="Thu, 12 Nov 2015 15:59:49 +0000"/>
                    </attachments>
                <subtasks>
                    </subtasks>
                <customfields>
                                                <customfield id="customfield_12310310" key="com.atlassian.jira.toolkit:attachments">
                        <customfieldname>Attachment count</customfieldname>
                        <customfieldvalues>
                            <customfieldvalue>1.0</customfieldvalue>
                        </customfieldvalues>
                    </customfield>
                                                                                                                                                                                                                                                                                                                                                                                                                                                                                                                                <customfield id="customfield_12310220" key="com.atlassian.jira.ext.charting:firstresponsedate">
                        <customfieldname>Date of First Response</customfieldname>
                        <customfieldvalues>
                            <customfieldvalue>Thu, 12 Nov 2015 23:32:42 +0000</customfieldvalue>

                        </customfieldvalues>
                    </customfield>
                                                                                                                                                                                                                                                                                                                                                                                                                                            <customfield id="customfield_12310420" key="com.pyxis.greenhopper.jira:gh-global-rank">
                        <customfieldname>Global Rank</customfieldname>
                        <customfieldvalues>
                            <customfieldvalue>9223372036854775807</customfieldvalue>
                        </customfieldvalues>
                    </customfield>
                                                                                                                                                    <customfield id="customfield_12312521" key="com.atlassian.jira.toolkit:LastCommentDate">
                        <customfieldname>Last public comment date</customfieldname>
                        <customfieldvalues>
                            1 year, 2 weeks, 3 days ago
                        </customfieldvalues>
                    </customfield>
                                                                                            <customfield id="customfield_12311820" key="com.pyxis.greenhopper.jira:gh-lexo-rank">
                        <customfieldname>Rank</customfieldname>
                        <customfieldvalues>
                            <customfieldvalue>0|i2o7pb:</customfieldvalue>

                        </customfieldvalues>
                    </customfield>
                                                                <customfield id="customfield_12310920" key="com.pyxis.greenhopper.jira:gh-global-rank">
                        <customfieldname>Rank (Obsolete)</customfieldname>
                        <customfieldvalues>
                            <customfieldvalue>9223372036854775807</customfieldvalue>
                        </customfieldvalues>
                    </customfield>
                                                                                                                                                                                                                                                                                                                            <customfield id="customfield_12310222" key="com.atlassian.jira.ext.charting:timeinstatus">
                        <customfieldname>Time in Status</customfieldname>
                        <customfieldvalues>
                            
                        </customfieldvalues>
                    </customfield>
                                                                                                                        </customfields>
    </item>
</channel>
</rss>