<!-- 
RSS generated by JIRA (6.3.4#6332-sha1:51bc225ef474afe3128b2f66878477f322397b16) at Sat Dec 03 00:01:14 UTC 2016

It is possible to restrict the fields that are returned in this document by specifying the 'field' parameter in your request.
For example, to request only the issue key and summary add field=key&field=summary to the URL of your request.
For example:
https://issues.apache.org/jira/si/jira.issueviews:issue-xml/HIVE-1195/HIVE-1195.xml?field=key&amp;field=summary
-->
<rss version="0.92" >
<channel>
    <title>ASF JIRA</title>
    <link>https://issues.apache.org/jira</link>
    <description>This file is an XML representation of an issue</description>
    <language>en-uk</language>    <build-info>
        <version>6.3.4</version>
        <build-number>6332</build-number>
        <build-date>15-08-2014</build-date>
    </build-info>

<item>
            <title>[HIVE-1195] Increase ObjectInspector[] length on demand</title>
                <link>https://issues.apache.org/jira/browse/HIVE-1195</link>
                <project id="12310843" key="HIVE">Hive</project>
                    <description>&lt;div class=&quot;code panel&quot; style=&quot;border-width: 1px;&quot;&gt;&lt;div class=&quot;codeContent panelContent&quot;&gt;
&lt;pre class=&quot;code-java&quot;&gt;
Operator.java
  &lt;span class=&quot;code-keyword&quot;&gt;protected&lt;/span&gt; &lt;span class=&quot;code-keyword&quot;&gt;transient&lt;/span&gt; ObjectInspector[] inputObjInspectors = &lt;span class=&quot;code-keyword&quot;&gt;new&lt;/span&gt; ObjectInspector[&lt;span class=&quot;code-object&quot;&gt;Short&lt;/span&gt;.MAX_VALUE];
&lt;/pre&gt;
&lt;/div&gt;&lt;/div&gt;

&lt;p&gt;An array of 32K elements takes 256KB memory under 64-bit Java.&lt;br/&gt;
We are seeing hive client going out of memory because of that.&lt;/p&gt;</description>
                <environment></environment>
        <key id="12457361">HIVE-1195</key>
            <summary>Increase ObjectInspector[] length on demand</summary>
                <type id="1" iconUrl="https://issues.apache.org/jira/images/icons/issuetypes/bug.png">Bug</type>
                                            <priority id="3" iconUrl="https://issues.apache.org/jira/images/icons/priorities/major.png">Major</priority>
                        <status id="6" iconUrl="https://issues.apache.org/jira/images/icons/statuses/closed.png" description="The issue is considered finished, the resolution is correct. Issues which are closed can be reopened.">Closed</status>
                    <statusCategory id="3" key="done" colorName="green"/>
                                    <resolution id="1">Fixed</resolution>
                                        <assignee username="zshao">Zheng Shao</assignee>
                                    <reporter username="zshao">Zheng Shao</reporter>
                        <labels>
                    </labels>
                <created>Wed, 24 Feb 2010 23:06:34 +0000</created>
                <updated>Sat, 17 Dec 2011 00:03:43 +0000</updated>
                            <resolved>Thu, 25 Feb 2010 04:57:56 +0000</resolved>
                                    <version>0.5.0</version>
                    <version>0.6.0</version>
                                    <fixVersion>0.6.0</fixVersion>
                                    <component>Serializers/Deserializers</component>
                        <due></due>
                            <votes>0</votes>
                                    <watches>0</watches>
                                                                <comments>
                            <comment id="12838080" author="nzhang" created="Wed, 24 Feb 2010 23:21:58 +0000"  >&lt;p&gt;+1 Will commit after tests. &lt;/p&gt;</comment>
                            <comment id="12838088" author="nzhang" created="Wed, 24 Feb 2010 23:32:01 +0000"  >&lt;p&gt;Uploading a patch for branch 0.5. Zheng, can you double check?&lt;/p&gt;</comment>
                            <comment id="12838110" author="zshao" created="Thu, 25 Feb 2010 00:25:52 +0000"  >&lt;p&gt;Fixed an obvious bug which caused unit test failures.&lt;/p&gt;</comment>
                            <comment id="12838112" author="nzhang" created="Thu, 25 Feb 2010 00:27:05 +0000"  >&lt;p&gt;Zheng, join26.q , join_map_ppr.q , union16.q, union9.q, failed on trunk. Can you take a look?&lt;/p&gt;</comment>
                            <comment id="12838114" author="nzhang" created="Thu, 25 Feb 2010 00:28:58 +0000"  >&lt;p&gt;Cool. I&apos;ll take the new patches to test. &lt;/p&gt;</comment>
                            <comment id="12838189" author="nzhang" created="Thu, 25 Feb 2010 04:57:56 +0000"  >&lt;p&gt;Committed to 0.5.1 and trunk. Thanks Zheng!&lt;/p&gt;</comment>
                    </comments>
                    <attachments>
                            <attachment id="12436926" name="HIVE-1195-branch-0.5.patch" size="1293" author="nzhang" created="Wed, 24 Feb 2010 23:32:01 +0000"/>
                            <attachment id="12436920" name="HIVE-1195.1.patch" size="1293" author="zshao" created="Wed, 24 Feb 2010 23:08:12 +0000"/>
                            <attachment id="12436935" name="HIVE-1195.2.branch-0.5.patch" size="1399" author="zshao" created="Thu, 25 Feb 2010 00:25:52 +0000"/>
                            <attachment id="12436936" name="HIVE-1195.2.patch" size="1399" author="zshao" created="Thu, 25 Feb 2010 00:25:52 +0000"/>
                    </attachments>
                <subtasks>
                    </subtasks>
                <customfields>
                                                <customfield id="customfield_12310310" key="com.atlassian.jira.toolkit:attachments">
                        <customfieldname>Attachment count</customfieldname>
                        <customfieldvalues>
                            <customfieldvalue>4.0</customfieldvalue>
                        </customfieldvalues>
                    </customfield>
                                                                                                                                                                                                                                                                                                                                                                                                                                                                                                                                <customfield id="customfield_12310220" key="com.atlassian.jira.ext.charting:firstresponsedate">
                        <customfieldname>Date of First Response</customfieldname>
                        <customfieldvalues>
                            <customfieldvalue>Wed, 24 Feb 2010 23:21:58 +0000</customfieldvalue>

                        </customfieldvalues>
                    </customfield>
                                                                                                                                                                                                                                                                                                                                                                                                                                            <customfield id="customfield_12310420" key="com.pyxis.greenhopper.jira:gh-global-rank">
                        <customfieldname>Global Rank</customfieldname>
                        <customfieldvalues>
                            <customfieldvalue>73039</customfieldvalue>
                        </customfieldvalues>
                    </customfield>
                                                                                                                                                    <customfield id="customfield_12312521" key="com.atlassian.jira.toolkit:LastCommentDate">
                        <customfieldname>Last public comment date</customfieldname>
                        <customfieldvalues>
                            6 years, 41 weeks, 1 day ago
                        </customfieldvalues>
                    </customfield>
                                                                                            <customfield id="customfield_12311820" key="com.pyxis.greenhopper.jira:gh-lexo-rank">
                        <customfieldname>Rank</customfieldname>
                        <customfieldvalues>
                            <customfieldvalue>0|i0ldwn:</customfieldvalue>

                        </customfieldvalues>
                    </customfield>
                                                                <customfield id="customfield_12310920" key="com.pyxis.greenhopper.jira:gh-global-rank">
                        <customfieldname>Rank (Obsolete)</customfieldname>
                        <customfieldvalues>
                            <customfieldvalue>122903</customfieldvalue>
                        </customfieldvalues>
                    </customfield>
                                                                                                                                                                                                                                                                                                                            <customfield id="customfield_12310222" key="com.atlassian.jira.ext.charting:timeinstatus">
                        <customfieldname>Time in Status</customfieldname>
                        <customfieldvalues>
                            
                        </customfieldvalues>
                    </customfield>
                                                                                                                        </customfields>
    </item>
</channel>
</rss>