<!-- 
RSS generated by JIRA (6.3.4#6332-sha1:51bc225ef474afe3128b2f66878477f322397b16) at Fri Dec 02 11:30:55 UTC 2016

It is possible to restrict the fields that are returned in this document by specifying the 'field' parameter in your request.
For example, to request only the issue key and summary add field=key&field=summary to the URL of your request.
For example:
https://issues.apache.org/jira/si/jira.issueviews:issue-xml/HIVE-12610/HIVE-12610.xml?field=key&amp;field=summary
-->
<rss version="0.92" >
<channel>
    <title>ASF JIRA</title>
    <link>https://issues.apache.org/jira</link>
    <description>This file is an XML representation of an issue</description>
    <language>en-uk</language>    <build-info>
        <version>6.3.4</version>
        <build-number>6332</build-number>
        <build-date>15-08-2014</build-date>
    </build-info>

<item>
            <title>[HIVE-12610] Hybrid Grace Hash Join should fail task faster if processing first batch fails, instead of continuing processing the rest</title>
                <link>https://issues.apache.org/jira/browse/HIVE-12610</link>
                <project id="12310843" key="HIVE">Hive</project>
                    <description>&lt;p&gt;During processing the spilled partitions, if there&apos;s any fatal error, such as Kryo exception, then we should exit early, instead of moving on to process the rest of spilled partitions.&lt;/p&gt;</description>
                <environment></environment>
        <key id="12919875">HIVE-12610</key>
            <summary>Hybrid Grace Hash Join should fail task faster if processing first batch fails, instead of continuing processing the rest</summary>
                <type id="1" iconUrl="https://issues.apache.org/jira/images/icons/issuetypes/bug.png">Bug</type>
                                            <priority id="3" iconUrl="https://issues.apache.org/jira/images/icons/priorities/major.png">Major</priority>
                        <status id="6" iconUrl="https://issues.apache.org/jira/images/icons/statuses/closed.png" description="The issue is considered finished, the resolution is correct. Issues which are closed can be reopened.">Closed</status>
                    <statusCategory id="3" key="done" colorName="green"/>
                                    <resolution id="1">Fixed</resolution>
                                        <assignee username="wzheng">Wei Zheng</assignee>
                                    <reporter username="wzheng">Wei Zheng</reporter>
                        <labels>
                    </labels>
                <created>Mon, 7 Dec 2015 22:52:18 +0000</created>
                <updated>Thu, 2 Jun 2016 10:17:21 +0000</updated>
                            <resolved>Thu, 17 Dec 2015 00:51:25 +0000</resolved>
                                    <version>1.2.1</version>
                                    <fixVersion>2.0.0</fixVersion>
                                    <component>Hive</component>
                        <due></due>
                            <votes>0</votes>
                                    <watches>2</watches>
                                                                <comments>
                            <comment id="15049451" author="hiveqa" created="Wed, 9 Dec 2015 22:04:42 +0000"  >

&lt;p&gt;Here are the results of testing the latest attachment:&lt;br/&gt;
&lt;a href=&quot;https://issues.apache.org/jira/secure/attachment/12776437/HIVE-12610.1.patch&quot; class=&quot;external-link&quot; rel=&quot;nofollow&quot;&gt;https://issues.apache.org/jira/secure/attachment/12776437/HIVE-12610.1.patch&lt;/a&gt;&lt;/p&gt;

&lt;p&gt;&lt;font color=&quot;red&quot;&gt;ERROR:&lt;/font&gt; -1 due to no test(s) being added or modified.&lt;/p&gt;

&lt;p&gt;&lt;font color=&quot;red&quot;&gt;ERROR:&lt;/font&gt; -1 due to 15 failed/errored test(s), 9867 tests executed&lt;br/&gt;
&lt;b&gt;Failed tests:&lt;/b&gt;&lt;/p&gt;
&lt;div class=&quot;preformatted panel&quot; style=&quot;border-width: 1px;&quot;&gt;&lt;div class=&quot;preformattedContent panelContent&quot;&gt;
&lt;pre&gt;TestContribNegativeCliDriver - did not produce a TEST-*.xml file
TestHWISessionManager - did not produce a TEST-*.xml file
TestMiniTezCliDriver-vector_distinct_2.q-load_dyn_part2.q-join1.q-and-12-more - did not produce a TEST-*.xml file
org.apache.hadoop.hive.cli.TestCliDriver.testCliDriver_cbo_udf_max
org.apache.hadoop.hive.cli.TestCliDriver.testCliDriver_order2
org.apache.hadoop.hive.cli.TestEncryptedHDFSCliDriver.testCliDriver_encryption_insert_partition_dynamic
org.apache.hadoop.hive.cli.TestMiniLlapCliDriver.testCliDriver_dynamic_partition_pruning
org.apache.hadoop.hive.cli.TestMiniLlapCliDriver.testCliDriver_vectorized_dynamic_partition_pruning
org.apache.hadoop.hive.cli.TestMiniTezCliDriver.org.apache.hadoop.hive.cli.TestMiniTezCliDriver
org.apache.hadoop.hive.cli.TestMiniTezCliDriver.testCliDriver_mergejoin
org.apache.hadoop.hive.cli.TestMiniTezCliDriver.testCliDriver_schema_evol_text_nonvec_mapwork_part
org.apache.hadoop.hive.cli.TestNegativeCliDriver.testNegativeCliDriver_authorization_uri_import
org.apache.hadoop.hive.metastore.TestHiveMetaStorePartitionSpecs.testGetPartitionSpecs_WithAndWithoutPartitionGrouping
org.apache.hive.jdbc.TestSSL.testSSLVersion
org.apache.hive.jdbc.miniHS2.TestHs2Metrics.testMetrics
&lt;/pre&gt;
&lt;/div&gt;&lt;/div&gt;

&lt;p&gt;Test results: &lt;a href=&quot;http://ec2-174-129-184-35.compute-1.amazonaws.com/jenkins/job/PreCommit-HIVE-TRUNK-Build/6295/testReport&quot; class=&quot;external-link&quot; rel=&quot;nofollow&quot;&gt;http://ec2-174-129-184-35.compute-1.amazonaws.com/jenkins/job/PreCommit-HIVE-TRUNK-Build/6295/testReport&lt;/a&gt;&lt;br/&gt;
Console output: &lt;a href=&quot;http://ec2-174-129-184-35.compute-1.amazonaws.com/jenkins/job/PreCommit-HIVE-TRUNK-Build/6295/console&quot; class=&quot;external-link&quot; rel=&quot;nofollow&quot;&gt;http://ec2-174-129-184-35.compute-1.amazonaws.com/jenkins/job/PreCommit-HIVE-TRUNK-Build/6295/console&lt;/a&gt;&lt;br/&gt;
Test logs: &lt;a href=&quot;http://ec2-174-129-184-35.compute-1.amazonaws.com/logs/PreCommit-HIVE-TRUNK-Build-6295/&quot; class=&quot;external-link&quot; rel=&quot;nofollow&quot;&gt;http://ec2-174-129-184-35.compute-1.amazonaws.com/logs/PreCommit-HIVE-TRUNK-Build-6295/&lt;/a&gt;&lt;/p&gt;

&lt;p&gt;Messages:&lt;/p&gt;
&lt;div class=&quot;preformatted panel&quot; style=&quot;border-width: 1px;&quot;&gt;&lt;div class=&quot;preformattedContent panelContent&quot;&gt;
&lt;pre&gt;Executing org.apache.hive.ptest.execution.TestCheckPhase
Executing org.apache.hive.ptest.execution.PrepPhase
Executing org.apache.hive.ptest.execution.ExecutionPhase
Executing org.apache.hive.ptest.execution.ReportingPhase
Tests exited with: TestsFailedException: 15 tests failed
&lt;/pre&gt;
&lt;/div&gt;&lt;/div&gt;

&lt;p&gt;This message is automatically generated.&lt;/p&gt;

&lt;p&gt;ATTACHMENT ID: 12776437 - PreCommit-HIVE-TRUNK-Build&lt;/p&gt;</comment>
                            <comment id="15049496" author="wzheng" created="Wed, 9 Dec 2015 22:34:33 +0000"  >&lt;p&gt;Test failures are irrelevant.&lt;/p&gt;

&lt;p&gt;&lt;a href=&quot;https://issues.apache.org/jira/secure/ViewProfile.jspa?name=vikram.dixit&quot; class=&quot;user-hover&quot; rel=&quot;vikram.dixit&quot;&gt;Vikram Dixit K&lt;/a&gt; Can you take a look?&lt;/p&gt;</comment>
                            <comment id="15049514" author="vikram.dixit" created="Wed, 9 Dec 2015 22:41:38 +0000"  >&lt;p&gt;+1 LGTM. nit: Maybe you want to add a log to say that you are clearing the container for which pos in the clean up method.&lt;/p&gt;</comment>
                            <comment id="15049529" author="wzheng" created="Wed, 9 Dec 2015 22:48:23 +0000"  >&lt;p&gt;OK, thanks for advice.&lt;/p&gt;</comment>
                            <comment id="15051910" author="hiveqa" created="Fri, 11 Dec 2015 00:19:53 +0000"  >

&lt;p&gt;Here are the results of testing the latest attachment:&lt;br/&gt;
&lt;a href=&quot;https://issues.apache.org/jira/secure/attachment/12776660/HIVE-12610.2.patch&quot; class=&quot;external-link&quot; rel=&quot;nofollow&quot;&gt;https://issues.apache.org/jira/secure/attachment/12776660/HIVE-12610.2.patch&lt;/a&gt;&lt;/p&gt;

&lt;p&gt;&lt;font color=&quot;red&quot;&gt;ERROR:&lt;/font&gt; -1 due to no test(s) being added or modified.&lt;/p&gt;

&lt;p&gt;&lt;font color=&quot;red&quot;&gt;ERROR:&lt;/font&gt; -1 due to 12 failed/errored test(s), 9891 tests executed&lt;br/&gt;
&lt;b&gt;Failed tests:&lt;/b&gt;&lt;/p&gt;
&lt;div class=&quot;preformatted panel&quot; style=&quot;border-width: 1px;&quot;&gt;&lt;div class=&quot;preformattedContent panelContent&quot;&gt;
&lt;pre&gt;TestHWISessionManager - did not produce a TEST-*.xml file
org.apache.hadoop.hive.cli.TestCliDriver.testCliDriver_cbo_udf_max
org.apache.hadoop.hive.cli.TestCliDriver.testCliDriver_order2
org.apache.hadoop.hive.cli.TestCliDriver.testCliDriver_union9
org.apache.hadoop.hive.cli.TestEncryptedHDFSCliDriver.testCliDriver_encryption_insert_partition_dynamic
org.apache.hadoop.hive.cli.TestMiniLlapCliDriver.testCliDriver_dynamic_partition_pruning
org.apache.hadoop.hive.cli.TestMiniLlapCliDriver.testCliDriver_vectorized_dynamic_partition_pruning
org.apache.hadoop.hive.cli.TestMiniTezCliDriver.testCliDriver_mergejoin
org.apache.hadoop.hive.cli.TestNegativeCliDriver.testNegativeCliDriver_authorization_uri_import
org.apache.hadoop.hive.metastore.TestHiveMetaStorePartitionSpecs.testGetPartitionSpecs_WithAndWithoutPartitionGrouping
org.apache.hive.jdbc.TestSSL.testSSLVersion
org.apache.hive.jdbc.miniHS2.TestHs2Metrics.testMetrics
&lt;/pre&gt;
&lt;/div&gt;&lt;/div&gt;

&lt;p&gt;Test results: &lt;a href=&quot;http://ec2-174-129-184-35.compute-1.amazonaws.com/jenkins/job/PreCommit-HIVE-TRUNK-Build/6310/testReport&quot; class=&quot;external-link&quot; rel=&quot;nofollow&quot;&gt;http://ec2-174-129-184-35.compute-1.amazonaws.com/jenkins/job/PreCommit-HIVE-TRUNK-Build/6310/testReport&lt;/a&gt;&lt;br/&gt;
Console output: &lt;a href=&quot;http://ec2-174-129-184-35.compute-1.amazonaws.com/jenkins/job/PreCommit-HIVE-TRUNK-Build/6310/console&quot; class=&quot;external-link&quot; rel=&quot;nofollow&quot;&gt;http://ec2-174-129-184-35.compute-1.amazonaws.com/jenkins/job/PreCommit-HIVE-TRUNK-Build/6310/console&lt;/a&gt;&lt;br/&gt;
Test logs: &lt;a href=&quot;http://ec2-174-129-184-35.compute-1.amazonaws.com/logs/PreCommit-HIVE-TRUNK-Build-6310/&quot; class=&quot;external-link&quot; rel=&quot;nofollow&quot;&gt;http://ec2-174-129-184-35.compute-1.amazonaws.com/logs/PreCommit-HIVE-TRUNK-Build-6310/&lt;/a&gt;&lt;/p&gt;

&lt;p&gt;Messages:&lt;/p&gt;
&lt;div class=&quot;preformatted panel&quot; style=&quot;border-width: 1px;&quot;&gt;&lt;div class=&quot;preformattedContent panelContent&quot;&gt;
&lt;pre&gt;Executing org.apache.hive.ptest.execution.TestCheckPhase
Executing org.apache.hive.ptest.execution.PrepPhase
Executing org.apache.hive.ptest.execution.ExecutionPhase
Executing org.apache.hive.ptest.execution.ReportingPhase
Tests exited with: TestsFailedException: 12 tests failed
&lt;/pre&gt;
&lt;/div&gt;&lt;/div&gt;

&lt;p&gt;This message is automatically generated.&lt;/p&gt;

&lt;p&gt;ATTACHMENT ID: 12776660 - PreCommit-HIVE-TRUNK-Build&lt;/p&gt;</comment>
                            <comment id="15053433" author="wzheng" created="Fri, 11 Dec 2015 19:42:39 +0000"  >&lt;p&gt;branch-1 patch is attached.&lt;/p&gt;</comment>
                            <comment id="15061242" author="vikram.dixit" created="Thu, 17 Dec 2015 00:53:24 +0000"  >&lt;p&gt;Thanks Wei!&lt;/p&gt;</comment>
                    </comments>
                    <attachments>
                            <attachment id="12776437" name="HIVE-12610.1.patch" size="1822" author="wzheng" created="Tue, 8 Dec 2015 23:16:18 +0000"/>
                            <attachment id="12776660" name="HIVE-12610.2.patch" size="1888" author="wzheng" created="Wed, 9 Dec 2015 22:48:23 +0000"/>
                            <attachment id="12777163" name="HIVE-12610.branch-1.patch" size="1882" author="wzheng" created="Fri, 11 Dec 2015 19:42:39 +0000"/>
                    </attachments>
                <subtasks>
                    </subtasks>
                <customfields>
                                                <customfield id="customfield_12310310" key="com.atlassian.jira.toolkit:attachments">
                        <customfieldname>Attachment count</customfieldname>
                        <customfieldvalues>
                            <customfieldvalue>3.0</customfieldvalue>
                        </customfieldvalues>
                    </customfield>
                                                                                                                                                                                                                                                                                                                                                                                                                                                                                                                                <customfield id="customfield_12310220" key="com.atlassian.jira.ext.charting:firstresponsedate">
                        <customfieldname>Date of First Response</customfieldname>
                        <customfieldvalues>
                            <customfieldvalue>Wed, 9 Dec 2015 22:04:42 +0000</customfieldvalue>

                        </customfieldvalues>
                    </customfield>
                                                                                                                                                                                                                                                                                                                                                                                                                                            <customfield id="customfield_12310420" key="com.pyxis.greenhopper.jira:gh-global-rank">
                        <customfieldname>Global Rank</customfieldname>
                        <customfieldvalues>
                            <customfieldvalue>9223372036854775807</customfieldvalue>
                        </customfieldvalues>
                    </customfield>
                                                                                                                                                    <customfield id="customfield_12312521" key="com.atlassian.jira.toolkit:LastCommentDate">
                        <customfieldname>Last public comment date</customfieldname>
                        <customfieldvalues>
                            50 weeks, 1 day ago
                        </customfieldvalues>
                    </customfield>
                                                                                            <customfield id="customfield_12311820" key="com.pyxis.greenhopper.jira:gh-lexo-rank">
                        <customfieldname>Rank</customfieldname>
                        <customfieldvalues>
                            <customfieldvalue>0|i2pkdb:</customfieldvalue>

                        </customfieldvalues>
                    </customfield>
                                                                <customfield id="customfield_12310920" key="com.pyxis.greenhopper.jira:gh-global-rank">
                        <customfieldname>Rank (Obsolete)</customfieldname>
                        <customfieldvalues>
                            <customfieldvalue>9223372036854775807</customfieldvalue>
                        </customfieldvalues>
                    </customfield>
                                                                                                                                                                                                                                                                    <customfield id="customfield_12310320" key="com.atlassian.jira.plugin.system.customfieldtypes:multiversion">
                        <customfieldname>Target Version/s</customfieldname>
                        <customfieldvalues>
                                <customfieldvalue>12334255</customfieldvalue>
    
                        </customfieldvalues>
                    </customfield>
                                                                                            <customfield id="customfield_12310222" key="com.atlassian.jira.ext.charting:timeinstatus">
                        <customfieldname>Time in Status</customfieldname>
                        <customfieldvalues>
                            
                        </customfieldvalues>
                    </customfield>
                                                                                                                        </customfields>
    </item>
</channel>
</rss>