<!-- 
RSS generated by JIRA (6.3.4#6332-sha1:51bc225ef474afe3128b2f66878477f322397b16) at Fri Dec 02 05:05:41 UTC 2016

It is possible to restrict the fields that are returned in this document by specifying the 'field' parameter in your request.
For example, to request only the issue key and summary add field=key&field=summary to the URL of your request.
For example:
https://issues.apache.org/jira/si/jira.issueviews:issue-xml/HIVE-12363/HIVE-12363.xml?field=key&amp;field=summary
-->
<rss version="0.92" >
<channel>
    <title>ASF JIRA</title>
    <link>https://issues.apache.org/jira</link>
    <description>This file is an XML representation of an issue</description>
    <language>en-uk</language>    <build-info>
        <version>6.3.4</version>
        <build-number>6332</build-number>
        <build-date>15-08-2014</build-date>
    </build-info>

<item>
            <title>[HIVE-12363] Incorrect results with orc ppd across ORC versions</title>
                <link>https://issues.apache.org/jira/browse/HIVE-12363</link>
                <project id="12310843" key="HIVE">Hive</project>
                    <description>&lt;p&gt;Run vector_decimal_cast.q on tez cli driver.&lt;/p&gt;

&lt;p&gt;The issue is related to the ORC Timestamp column stats, which does not exist in all ORC files. &lt;/p&gt;

&lt;p&gt;When the timestamp column is missing stats, default to YES_NO_NULL instead of assuming the column is all nulls.&lt;/p&gt;</description>
                <environment></environment>
        <key id="12911261">HIVE-12363</key>
            <summary>Incorrect results with orc ppd across ORC versions</summary>
                <type id="1" iconUrl="https://issues.apache.org/jira/images/icons/issuetypes/bug.png">Bug</type>
                                            <priority id="3" iconUrl="https://issues.apache.org/jira/images/icons/priorities/major.png">Major</priority>
                        <status id="6" iconUrl="https://issues.apache.org/jira/images/icons/statuses/closed.png" description="The issue is considered finished, the resolution is correct. Issues which are closed can be reopened.">Closed</status>
                    <statusCategory id="3" key="done" colorName="green"/>
                                    <resolution id="1">Fixed</resolution>
                                        <assignee username="gopalv">Gopal V</assignee>
                                    <reporter username="ashutoshc">Ashutosh Chauhan</reporter>
                        <labels>
                    </labels>
                <created>Sat, 7 Nov 2015 01:29:03 +0000</created>
                <updated>Tue, 16 Feb 2016 23:50:55 +0000</updated>
                            <resolved>Wed, 11 Nov 2015 14:47:17 +0000</resolved>
                                    <version>1.3.0</version>
                    <version>2.0.0</version>
                                    <fixVersion>1.3.0</fixVersion>
                    <fixVersion>2.0.0</fixVersion>
                                        <due></due>
                            <votes>0</votes>
                                    <watches>3</watches>
                                                                <comments>
                            <comment id="14994850" author="ashutoshc" created="Sat, 7 Nov 2015 01:31:56 +0000"  >&lt;div class=&quot;code panel&quot; style=&quot;border-width: 1px;&quot;&gt;&lt;div class=&quot;codeContent panelContent&quot;&gt;
&lt;pre class=&quot;code-java&quot;&gt;
mvn test -Dtest=TestMiniTezCliDriver -Dtest.output.overwrite=&lt;span class=&quot;code-keyword&quot;&gt;true&lt;/span&gt; -Dqfile=vector_decimal_cast.q -Dhive.optimize.index.filter=&lt;span class=&quot;code-keyword&quot;&gt;true&lt;/span&gt;
&lt;/pre&gt;
&lt;/div&gt;&lt;/div&gt;
&lt;p&gt;and you get this in diffs:&lt;/p&gt;
&lt;div class=&quot;code panel&quot; style=&quot;border-width: 1px;&quot;&gt;&lt;div class=&quot;codeContent panelContent&quot;&gt;
&lt;pre class=&quot;code-java&quot;&gt;
Begin query: vector_decimal_cast.q
Running: diff -a /Users/ashutosh/workspace/eclipse-workspace/hive/itests/qtest/../../itests/qtest/target/qfile-results/clientpositive/vector_decimal_cast.q.out /Users/ashutosh/workspace/eclipse-workspace/hive/itests/qtest/../../ql/src/test/results/clientpositive/tez/vector_decimal_cast.q.out
15d14
&amp;lt;           filterExpr: (((cdouble is not &lt;span class=&quot;code-keyword&quot;&gt;null&lt;/span&gt; and cint is not &lt;span class=&quot;code-keyword&quot;&gt;null&lt;/span&gt;) and cboolean1 is not &lt;span class=&quot;code-keyword&quot;&gt;null&lt;/span&gt;) and ctimestamp1 is not &lt;span class=&quot;code-keyword&quot;&gt;null&lt;/span&gt;) (type: &lt;span class=&quot;code-object&quot;&gt;boolean&lt;/span&gt;)
32a32,41
&amp;gt; -13326.0	528534767	&lt;span class=&quot;code-keyword&quot;&gt;true&lt;/span&gt;	1969-12-31 15:59:46.674	-13326.0000000000	528534767.00000000000000	1.00	-13
&amp;gt; -15813.0	528534767	&lt;span class=&quot;code-keyword&quot;&gt;true&lt;/span&gt;	1969-12-31 15:59:55.787	-15813.0000000000	528534767.00000000000000	1.00	-4
&amp;gt; -9566.0	528534767	&lt;span class=&quot;code-keyword&quot;&gt;true&lt;/span&gt;	1969-12-31 15:59:44.187	-9566.0000000000	528534767.00000000000000	1.00	-16
&amp;gt; 15007.0	528534767	&lt;span class=&quot;code-keyword&quot;&gt;true&lt;/span&gt;	1969-12-31 15:59:50.434	15007.0000000000	528534767.00000000000000	1.00	-10
&amp;gt; 7021.0	528534767	&lt;span class=&quot;code-keyword&quot;&gt;true&lt;/span&gt;	1969-12-31 16:00:15.007	7021.0000000000	528534767.00000000000000	1.00	15
&amp;gt; 4963.0	528534767	&lt;span class=&quot;code-keyword&quot;&gt;true&lt;/span&gt;	1969-12-31 16:00:07.021	4963.0000000000	528534767.00000000000000	1.00	7
&amp;gt; -7824.0	528534767	&lt;span class=&quot;code-keyword&quot;&gt;true&lt;/span&gt;	1969-12-31 16:00:04.963	-7824.0000000000	528534767.00000000000000	1.00	5
&amp;gt; -15431.0	528534767	&lt;span class=&quot;code-keyword&quot;&gt;true&lt;/span&gt;	1969-12-31 15:59:52.176	-15431.0000000000	528534767.00000000000000	1.00	-8
&amp;gt; -15549.0	528534767	&lt;span class=&quot;code-keyword&quot;&gt;true&lt;/span&gt;	1969-12-31 15:59:44.569	-15549.0000000000	528534767.00000000000000	1.00	-15
&amp;gt; 5780.0	528534767	&lt;span class=&quot;code-keyword&quot;&gt;true&lt;/span&gt;	1969-12-31 15:59:44.451	5780.0000000000	528534767.00000000000000	1.00	-16
&lt;/pre&gt;
&lt;/div&gt;&lt;/div&gt;</comment>
                            <comment id="14995131" author="gopalv" created="Sat, 7 Nov 2015 09:11:53 +0000"  >&lt;p&gt;&lt;a href=&quot;https://issues.apache.org/jira/secure/ViewProfile.jspa?name=prasanth_j&quot; class=&quot;user-hover&quot; rel=&quot;prasanth_j&quot;&gt;Prasanth Jayachandran&lt;/a&gt;: Looks like ctimestamp1 column is the culprit here.&lt;/p&gt;</comment>
                            <comment id="14996029" author="gopalv" created="Mon, 9 Nov 2015 04:47:15 +0000"  >&lt;p&gt;&lt;a href=&quot;https://issues.apache.org/jira/secure/ViewProfile.jspa?name=prasanth_j&quot; class=&quot;user-hover&quot; rel=&quot;prasanth_j&quot;&gt;Prasanth Jayachandran&lt;/a&gt;: review?&lt;/p&gt;</comment>
                            <comment id="14999256" author="prasanth_j" created="Tue, 10 Nov 2015 20:13:38 +0000"  >&lt;p&gt;LGTM, +1.&lt;/p&gt;</comment>
                            <comment id="14999875" author="hiveqa" created="Wed, 11 Nov 2015 03:21:19 +0000"  >

&lt;p&gt;Here are the results of testing the latest attachment:&lt;br/&gt;
&lt;a href=&quot;https://issues.apache.org/jira/secure/attachment/12771280/HIVE-12363.1.patch&quot; class=&quot;external-link&quot; rel=&quot;nofollow&quot;&gt;https://issues.apache.org/jira/secure/attachment/12771280/HIVE-12363.1.patch&lt;/a&gt;&lt;/p&gt;

&lt;p&gt;&lt;font color=&quot;red&quot;&gt;ERROR:&lt;/font&gt; -1 due to no test(s) being added or modified.&lt;/p&gt;

&lt;p&gt;&lt;font color=&quot;red&quot;&gt;ERROR:&lt;/font&gt; -1 due to 4 failed/errored test(s), 9779 tests executed&lt;br/&gt;
&lt;b&gt;Failed tests:&lt;/b&gt;&lt;/p&gt;
&lt;div class=&quot;preformatted panel&quot; style=&quot;border-width: 1px;&quot;&gt;&lt;div class=&quot;preformattedContent panelContent&quot;&gt;
&lt;pre&gt;org.apache.hadoop.hive.cli.TestCliDriver.testCliDriver_cbo_rp_annotate_stats_groupby
org.apache.hadoop.hive.cli.TestNegativeCliDriver.testNegativeCliDriver_authorization_uri_import
org.apache.hadoop.hive.hwi.TestHWISessionManager.testHiveDriver
org.apache.hive.jdbc.TestSSL.testSSLVersion
&lt;/pre&gt;
&lt;/div&gt;&lt;/div&gt;

&lt;p&gt;Test results: &lt;a href=&quot;http://ec2-174-129-184-35.compute-1.amazonaws.com/jenkins/job/PreCommit-HIVE-TRUNK-Build/5989/testReport&quot; class=&quot;external-link&quot; rel=&quot;nofollow&quot;&gt;http://ec2-174-129-184-35.compute-1.amazonaws.com/jenkins/job/PreCommit-HIVE-TRUNK-Build/5989/testReport&lt;/a&gt;&lt;br/&gt;
Console output: &lt;a href=&quot;http://ec2-174-129-184-35.compute-1.amazonaws.com/jenkins/job/PreCommit-HIVE-TRUNK-Build/5989/console&quot; class=&quot;external-link&quot; rel=&quot;nofollow&quot;&gt;http://ec2-174-129-184-35.compute-1.amazonaws.com/jenkins/job/PreCommit-HIVE-TRUNK-Build/5989/console&lt;/a&gt;&lt;br/&gt;
Test logs: &lt;a href=&quot;http://ec2-174-129-184-35.compute-1.amazonaws.com/logs/PreCommit-HIVE-TRUNK-Build-5989/&quot; class=&quot;external-link&quot; rel=&quot;nofollow&quot;&gt;http://ec2-174-129-184-35.compute-1.amazonaws.com/logs/PreCommit-HIVE-TRUNK-Build-5989/&lt;/a&gt;&lt;/p&gt;

&lt;p&gt;Messages:&lt;/p&gt;
&lt;div class=&quot;preformatted panel&quot; style=&quot;border-width: 1px;&quot;&gt;&lt;div class=&quot;preformattedContent panelContent&quot;&gt;
&lt;pre&gt;Executing org.apache.hive.ptest.execution.TestCheckPhase
Executing org.apache.hive.ptest.execution.PrepPhase
Executing org.apache.hive.ptest.execution.ExecutionPhase
Executing org.apache.hive.ptest.execution.ReportingPhase
Tests exited with: TestsFailedException: 4 tests failed
&lt;/pre&gt;
&lt;/div&gt;&lt;/div&gt;

&lt;p&gt;This message is automatically generated.&lt;/p&gt;

&lt;p&gt;ATTACHMENT ID: 12771280 - PreCommit-HIVE-TRUNK-Build&lt;/p&gt;</comment>
                            <comment id="15000450" author="gopalv" created="Wed, 11 Nov 2015 14:47:17 +0000"  >&lt;p&gt;Test failures are unrelated.&lt;/p&gt;

&lt;p&gt;Committed to master &amp;amp; branch-1.&lt;/p&gt;</comment>
                    </comments>
                <issuelinks>
                            <issuelinktype id="12310040">
                    <name>Required</name>
                                                                <inwardlinks description="is required by">
                                        <issuelink>
            <issuekey id="12910500">HIVE-12342</issuekey>
        </issuelink>
                            </inwardlinks>
                                    </issuelinktype>
                    </issuelinks>
                <attachments>
                            <attachment id="12771280" name="HIVE-12363.1.patch" size="1191" author="gopalv" created="Mon, 9 Nov 2015 04:47:15 +0000"/>
                            <attachment id="12771756" name="HIVE-12363.branch-1.patch" size="1087" author="gopalv" created="Wed, 11 Nov 2015 14:46:32 +0000"/>
                    </attachments>
                <subtasks>
                    </subtasks>
                <customfields>
                                                <customfield id="customfield_12310310" key="com.atlassian.jira.toolkit:attachments">
                        <customfieldname>Attachment count</customfieldname>
                        <customfieldvalues>
                            <customfieldvalue>2.0</customfieldvalue>
                        </customfieldvalues>
                    </customfield>
                                                                                                                                                                                                                                                                                                                                                                                                                                                                                                                                <customfield id="customfield_12310220" key="com.atlassian.jira.ext.charting:firstresponsedate">
                        <customfieldname>Date of First Response</customfieldname>
                        <customfieldvalues>
                            <customfieldvalue>Sat, 7 Nov 2015 09:11:53 +0000</customfieldvalue>

                        </customfieldvalues>
                    </customfield>
                                                                                                                                                                                                                                                                                                                                                                                                                                            <customfield id="customfield_12310420" key="com.pyxis.greenhopper.jira:gh-global-rank">
                        <customfieldname>Global Rank</customfieldname>
                        <customfieldvalues>
                            <customfieldvalue>9223372036854775807</customfieldvalue>
                        </customfieldvalues>
                    </customfield>
                                                                                                                                                    <customfield id="customfield_12312521" key="com.atlassian.jira.toolkit:LastCommentDate">
                        <customfieldname>Last public comment date</customfieldname>
                        <customfieldvalues>
                            1 year, 3 weeks, 1 day ago
                        </customfieldvalues>
                    </customfield>
                                                                                            <customfield id="customfield_12311820" key="com.pyxis.greenhopper.jira:gh-lexo-rank">
                        <customfieldname>Rank</customfieldname>
                        <customfieldvalues>
                            <customfieldvalue>0|i2o3br:</customfieldvalue>

                        </customfieldvalues>
                    </customfield>
                                                                <customfield id="customfield_12310920" key="com.pyxis.greenhopper.jira:gh-global-rank">
                        <customfieldname>Rank (Obsolete)</customfieldname>
                        <customfieldvalues>
                            <customfieldvalue>9223372036854775807</customfieldvalue>
                        </customfieldvalues>
                    </customfield>
                                                                <customfield id="customfield_12310192" key="com.atlassian.jira.plugin.system.customfieldtypes:textarea">
                        <customfieldname>Release Note</customfieldname>
                        <customfieldvalues>
                            <customfieldvalue>&amp;quot;&lt;a href=&quot;https://issues.apache.org/jira/browse/HIVE-12363&quot; title=&quot;Incorrect results with orc ppd across ORC versions&quot; class=&quot;issue-link&quot; data-issue-key=&quot;HIVE-12363&quot;&gt;&lt;strike&gt;HIVE-12363&lt;/strike&gt;&lt;/a&gt;: Incorrect results with orc ppd across ORC versions (Gopal V, reviewed by Prasanth Jayachandran)&amp;quot;</customfieldvalue>

                        </customfieldvalues>
                    </customfield>
                                                                                                                                                                                                                                        <customfield id="customfield_12310320" key="com.atlassian.jira.plugin.system.customfieldtypes:multiversion">
                        <customfieldname>Target Version/s</customfieldname>
                        <customfieldvalues>
                                <customfieldvalue>12332154</customfieldvalue>
    <customfieldvalue>12332641</customfieldvalue>
    
                        </customfieldvalues>
                    </customfield>
                                                                                            <customfield id="customfield_12310222" key="com.atlassian.jira.ext.charting:timeinstatus">
                        <customfieldname>Time in Status</customfieldname>
                        <customfieldvalues>
                            
                        </customfieldvalues>
                    </customfield>
                                                                                                                        </customfields>
    </item>
</channel>
</rss>