<!-- 
RSS generated by JIRA (6.3.4#6332-sha1:51bc225ef474afe3128b2f66878477f322397b16) at Fri Dec 02 06:04:52 UTC 2016

It is possible to restrict the fields that are returned in this document by specifying the 'field' parameter in your request.
For example, to request only the issue key and summary add field=key&field=summary to the URL of your request.
For example:
https://issues.apache.org/jira/si/jira.issueviews:issue-xml/HIVE-12694/HIVE-12694.xml?field=key&amp;field=summary
-->
<rss version="0.92" >
<channel>
    <title>ASF JIRA</title>
    <link>https://issues.apache.org/jira</link>
    <description>This file is an XML representation of an issue</description>
    <language>en-uk</language>    <build-info>
        <version>6.3.4</version>
        <build-number>6332</build-number>
        <build-date>15-08-2014</build-date>
    </build-info>

<item>
            <title>[HIVE-12694] LLAP: Slider destroy semantics require force</title>
                <link>https://issues.apache.org/jira/browse/HIVE-12694</link>
                <project id="12310843" key="HIVE">Hive</project>
                    <description>&lt;div class=&quot;code panel&quot; style=&quot;border-width: 1px;&quot;&gt;&lt;div class=&quot;codeContent panelContent&quot;&gt;
&lt;pre class=&quot;code-java&quot;&gt;
2015-12-16 20:10:55,118 [main] ERROR main.ServiceLauncher - Destroy will permanently delete directories and registries. Reissue &lt;span class=&quot;code-keyword&quot;&gt;this&lt;/span&gt; command with the --force option &lt;span class=&quot;code-keyword&quot;&gt;if&lt;/span&gt; you want to proceed.
&lt;/pre&gt;
&lt;/div&gt;&lt;/div&gt;

&lt;p&gt;NO PRECOMMIT TESTS&lt;/p&gt;</description>
                <environment></environment>
        <key id="12922481">HIVE-12694</key>
            <summary>LLAP: Slider destroy semantics require force</summary>
                <type id="1" iconUrl="https://issues.apache.org/jira/images/icons/issuetypes/bug.png">Bug</type>
                                            <priority id="3" iconUrl="https://issues.apache.org/jira/images/icons/priorities/major.png">Major</priority>
                        <status id="6" iconUrl="https://issues.apache.org/jira/images/icons/statuses/closed.png" description="The issue is considered finished, the resolution is correct. Issues which are closed can be reopened.">Closed</status>
                    <statusCategory id="3" key="done" colorName="green"/>
                                    <resolution id="1">Fixed</resolution>
                                        <assignee username="gopalv">Gopal V</assignee>
                                    <reporter username="gopalv">Gopal V</reporter>
                        <labels>
                    </labels>
                <created>Wed, 16 Dec 2015 20:11:33 +0000</created>
                <updated>Tue, 16 Feb 2016 23:51:18 +0000</updated>
                            <resolved>Thu, 17 Dec 2015 21:16:40 +0000</resolved>
                                    <version>2.0.0</version>
                    <version>2.1.0</version>
                                    <fixVersion>2.0.0</fixVersion>
                                    <component>llap</component>
                        <due></due>
                            <votes>0</votes>
                                    <watches>3</watches>
                                                                <comments>
                            <comment id="15060761" author="vikram.dixit" created="Wed, 16 Dec 2015 20:18:30 +0000"  >&lt;p&gt;+1 LGTM.&lt;/p&gt;</comment>
                            <comment id="15062838" author="gopalv" created="Thu, 17 Dec 2015 21:16:40 +0000"  >&lt;p&gt;Committed to master&lt;/p&gt;</comment>
                            <comment id="15095344" author="sershe" created="Wed, 13 Jan 2016 00:55:03 +0000"  >&lt;p&gt;This breaks run.sh on older versions of slider that do not have --force.&lt;/p&gt;</comment>
                    </comments>
                    <attachments>
                            <attachment id="12778090" name="HIVE-12694.1.patch" size="541" author="gopalv" created="Wed, 16 Dec 2015 20:13:12 +0000"/>
                    </attachments>
                <subtasks>
                    </subtasks>
                <customfields>
                                                <customfield id="customfield_12310310" key="com.atlassian.jira.toolkit:attachments">
                        <customfieldname>Attachment count</customfieldname>
                        <customfieldvalues>
                            <customfieldvalue>1.0</customfieldvalue>
                        </customfieldvalues>
                    </customfield>
                                                                                                                                                                                                                                                                                                                                                                                                                                                                                                                                <customfield id="customfield_12310220" key="com.atlassian.jira.ext.charting:firstresponsedate">
                        <customfieldname>Date of First Response</customfieldname>
                        <customfieldvalues>
                            <customfieldvalue>Wed, 16 Dec 2015 20:18:30 +0000</customfieldvalue>

                        </customfieldvalues>
                    </customfield>
                                                                                                                                                                                                                                                                                                                                                                                                                                            <customfield id="customfield_12310420" key="com.pyxis.greenhopper.jira:gh-global-rank">
                        <customfieldname>Global Rank</customfieldname>
                        <customfieldvalues>
                            <customfieldvalue>9223372036854775807</customfieldvalue>
                        </customfieldvalues>
                    </customfield>
                                                                                                                                                    <customfield id="customfield_12312521" key="com.atlassian.jira.toolkit:LastCommentDate">
                        <customfieldname>Last public comment date</customfieldname>
                        <customfieldvalues>
                            46 weeks, 2 days ago
                        </customfieldvalues>
                    </customfield>
                                                                                            <customfield id="customfield_12311820" key="com.pyxis.greenhopper.jira:gh-lexo-rank">
                        <customfieldname>Rank</customfieldname>
                        <customfieldvalues>
                            <customfieldvalue>0|i2pzwv:</customfieldvalue>

                        </customfieldvalues>
                    </customfield>
                                                                <customfield id="customfield_12310920" key="com.pyxis.greenhopper.jira:gh-global-rank">
                        <customfieldname>Rank (Obsolete)</customfieldname>
                        <customfieldvalues>
                            <customfieldvalue>9223372036854775807</customfieldvalue>
                        </customfieldvalues>
                    </customfield>
                                                                <customfield id="customfield_12310192" key="com.atlassian.jira.plugin.system.customfieldtypes:textarea">
                        <customfieldname>Release Note</customfieldname>
                        <customfieldvalues>
                            <customfieldvalue>LLAP Slider registry cleanup requires destroy with --force</customfieldvalue>

                        </customfieldvalues>
                    </customfield>
                                                                                                                                                                                                                                        <customfield id="customfield_12310320" key="com.atlassian.jira.plugin.system.customfieldtypes:multiversion">
                        <customfieldname>Target Version/s</customfieldname>
                        <customfieldvalues>
                                <customfieldvalue>12332641</customfieldvalue>
    
                        </customfieldvalues>
                    </customfield>
                                                                                            <customfield id="customfield_12310222" key="com.atlassian.jira.ext.charting:timeinstatus">
                        <customfieldname>Time in Status</customfieldname>
                        <customfieldvalues>
                            
                        </customfieldvalues>
                    </customfield>
                                                                                                                        </customfields>
    </item>
</channel>
</rss>