<!-- 
RSS generated by JIRA (6.3.4#6332-sha1:51bc225ef474afe3128b2f66878477f322397b16) at Sat Dec 03 22:42:27 UTC 2016

It is possible to restrict the fields that are returned in this document by specifying the 'field' parameter in your request.
For example, to request only the issue key and summary add field=key&field=summary to the URL of your request.
For example:
https://issues.apache.org/jira/si/jira.issueviews:issue-xml/HIVE-12349/HIVE-12349.xml?field=key&amp;field=summary
-->
<rss version="0.92" >
<channel>
    <title>ASF JIRA</title>
    <link>https://issues.apache.org/jira</link>
    <description>This file is an XML representation of an issue</description>
    <language>en-uk</language>    <build-info>
        <version>6.3.4</version>
        <build-number>6332</build-number>
        <build-date>15-08-2014</build-date>
    </build-info>

<item>
            <title>[HIVE-12349] NPE in ORC SARG for IS NULL queries on Timestamp and Date columns</title>
                <link>https://issues.apache.org/jira/browse/HIVE-12349</link>
                <project id="12310843" key="HIVE">Hive</project>
                    <description>&lt;p&gt;IS NULL queries can trigger an NPE for timestamp and date columns. All column values per row group or stripe should be NULL to trigger this case. Following is the exception stack trace&lt;/p&gt;
&lt;div class=&quot;code panel&quot; style=&quot;border-width: 1px;&quot;&gt;&lt;div class=&quot;codeContent panelContent&quot;&gt;
&lt;pre class=&quot;code-java&quot;&gt;
Caused by: java.lang.NullPointerException 
at org.apache.hadoop.hive.ql.io.orc.ColumnStatisticsImpl$TimestampStatisticsImpl.getMinimum(ColumnStatisticsImpl.java:795) 
at org.apache.hadoop.hive.ql.io.orc.RecordReaderImpl.getMin(RecordReaderImpl.java:2343) 
at org.apache.hadoop.hive.ql.io.orc.RecordReaderImpl.evaluatePredicate(RecordReaderImpl.java:2366) 
at org.apache.hadoop.hive.ql.io.orc.RecordReaderImpl.pickRowGroups(RecordReaderImpl.java:2564) 
at org.apache.hadoop.hive.ql.io.orc.RecordReaderImpl.readStripe(RecordReaderImpl.java:2627) 
at org.apache.hadoop.hive.ql.io.orc.RecordReaderImpl.advanceStripe(RecordReaderImpl.java:3060) 
at org.apache.hadoop.hive.ql.io.orc.RecordReaderImpl.advanceToNextRow(RecordReaderImpl.java:3102) 
at org.apache.hadoop.hive.ql.io.orc.RecordReaderImpl.&amp;lt;init&amp;gt;(RecordReaderImpl.java:288) 
at org.apache.hadoop.hive.ql.io.orc.ReaderImpl.rowsOptions(ReaderImpl.java:534) 
at org.apache.hadoop.hive.ql.io.orc.OrcRawRecordMerger$ReaderPair.&amp;lt;init&amp;gt;(OrcRawRecordMerger.java:183) 
at org.apache.hadoop.hive.ql.io.orc.OrcRawRecordMerger$OriginalReaderPair.&amp;lt;init&amp;gt;(OrcRawRecordMerger.java:226) 
at org.apache.hadoop.hive.ql.io.orc.OrcRawRecordMerger.&amp;lt;init&amp;gt;(OrcRawRecordMerger.java:437) 
at org.apache.hadoop.hive.ql.io.orc.OrcInputFormat.getReader(OrcInputFormat.java:1141) 
at org.apache.hadoop.hive.ql.io.orc.OrcInputFormat.getRecordReader(OrcInputFormat.java:1039) 
at org.apache.hadoop.hive.ql.io.HiveInputFormat.getRecordReader(HiveInputFormat.java:246) 
... 26 more
&lt;/pre&gt;
&lt;/div&gt;&lt;/div&gt;</description>
                <environment></environment>
        <key id="12910834">HIVE-12349</key>
            <summary>NPE in ORC SARG for IS NULL queries on Timestamp and Date columns</summary>
                <type id="1" iconUrl="https://issues.apache.org/jira/images/icons/issuetypes/bug.png">Bug</type>
                                            <priority id="3" iconUrl="https://issues.apache.org/jira/images/icons/priorities/major.png">Major</priority>
                        <status id="6" iconUrl="https://issues.apache.org/jira/images/icons/statuses/closed.png" description="The issue is considered finished, the resolution is correct. Issues which are closed can be reopened.">Closed</status>
                    <statusCategory id="3" key="done" colorName="green"/>
                                    <resolution id="1">Fixed</resolution>
                                        <assignee username="prasanth_j">Prasanth Jayachandran</assignee>
                                    <reporter username="prasanth_j">Prasanth Jayachandran</reporter>
                        <labels>
                    </labels>
                <created>Thu, 5 Nov 2015 20:23:53 +0000</created>
                <updated>Tue, 16 Feb 2016 23:51:59 +0000</updated>
                            <resolved>Thu, 5 Nov 2015 20:27:21 +0000</resolved>
                                    <version>1.3.0</version>
                    <version>1.2.1</version>
                    <version>2.0.0</version>
                                    <fixVersion>1.3.0</fixVersion>
                    <fixVersion>2.0.0</fixVersion>
                                        <due></due>
                            <votes>0</votes>
                                    <watches>2</watches>
                                                                <comments>
                            <comment id="14992401" author="prasanth_j" created="Thu, 5 Nov 2015 20:27:21 +0000"  >&lt;p&gt;The fix for this issue is contained in &lt;a href=&quot;https://issues.apache.org/jira/browse/HIVE-10592&quot; title=&quot;ORC file dump in JSON format&quot; class=&quot;issue-link&quot; data-issue-key=&quot;HIVE-10592&quot;&gt;&lt;del&gt;HIVE-10592&lt;/del&gt;&lt;/a&gt; (changes to ColumnStatisticsImpl). This bug is created merely as a placeholder for stacktrace.&lt;/p&gt;</comment>
                            <comment id="15037708" author="harisekhon" created="Thu, 3 Dec 2015 11:58:22 +0000"  >&lt;p&gt;Any ideas on the timeline for Hive 1.3 release including this fix? This problem is currently affecting my users so we&apos;re eager to get a new release of Hive.&lt;/p&gt;

&lt;p&gt;Hortonworks HDP 2.4 is due to be released some time this or next month based on the bi-annual release schedule, would be good to get Hive 1.3 included in that release.&lt;/p&gt;</comment>
                    </comments>
                <issuelinks>
                            <issuelinktype id="12310060">
                    <name>Container</name>
                                                                <inwardlinks description="Is contained by">
                                        <issuelink>
            <issuekey id="12826872">HIVE-10592</issuekey>
        </issuelink>
                            </inwardlinks>
                                    </issuelinktype>
                    </issuelinks>
                <attachments>
                    </attachments>
                <subtasks>
                    </subtasks>
                <customfields>
                                                <customfield id="customfield_12310310" key="com.atlassian.jira.toolkit:attachments">
                        <customfieldname>Attachment count</customfieldname>
                        <customfieldvalues>
                            <customfieldvalue>0.0</customfieldvalue>
                        </customfieldvalues>
                    </customfield>
                                                                                                                                                                                                                                                                                                                                                                                                                                                                                                                                <customfield id="customfield_12310220" key="com.atlassian.jira.ext.charting:firstresponsedate">
                        <customfieldname>Date of First Response</customfieldname>
                        <customfieldvalues>
                            <customfieldvalue>Thu, 3 Dec 2015 11:58:22 +0000</customfieldvalue>

                        </customfieldvalues>
                    </customfield>
                                                                                                                                                                                                                                                                                                                                                                                                                                            <customfield id="customfield_12310420" key="com.pyxis.greenhopper.jira:gh-global-rank">
                        <customfieldname>Global Rank</customfieldname>
                        <customfieldvalues>
                            <customfieldvalue>9223372036854775807</customfieldvalue>
                        </customfieldvalues>
                    </customfield>
                                                                                                                                                    <customfield id="customfield_12312521" key="com.atlassian.jira.toolkit:LastCommentDate">
                        <customfieldname>Last public comment date</customfieldname>
                        <customfieldvalues>
                            1 year, 2 days ago
                        </customfieldvalues>
                    </customfield>
                                                                                            <customfield id="customfield_12311820" key="com.pyxis.greenhopper.jira:gh-lexo-rank">
                        <customfieldname>Rank</customfieldname>
                        <customfieldvalues>
                            <customfieldvalue>0|i2o0tz:</customfieldvalue>

                        </customfieldvalues>
                    </customfield>
                                                                <customfield id="customfield_12310920" key="com.pyxis.greenhopper.jira:gh-global-rank">
                        <customfieldname>Rank (Obsolete)</customfieldname>
                        <customfieldvalues>
                            <customfieldvalue>9223372036854775807</customfieldvalue>
                        </customfieldvalues>
                    </customfield>
                                                                                                                                                                                                                                                                    <customfield id="customfield_12310320" key="com.atlassian.jira.plugin.system.customfieldtypes:multiversion">
                        <customfieldname>Target Version/s</customfieldname>
                        <customfieldvalues>
                                <customfieldvalue>12332154</customfieldvalue>
    <customfieldvalue>12332641</customfieldvalue>
    
                        </customfieldvalues>
                    </customfield>
                                                                                            <customfield id="customfield_12310222" key="com.atlassian.jira.ext.charting:timeinstatus">
                        <customfieldname>Time in Status</customfieldname>
                        <customfieldvalues>
                            
                        </customfieldvalues>
                    </customfield>
                                                                                                                        </customfields>
    </item>
</channel>
</rss>