<!-- 
RSS generated by JIRA (6.3.4#6332-sha1:51bc225ef474afe3128b2f66878477f322397b16) at Sat Dec 03 23:14:05 UTC 2016

It is possible to restrict the fields that are returned in this document by specifying the 'field' parameter in your request.
For example, to request only the issue key and summary add field=key&field=summary to the URL of your request.
For example:
https://issues.apache.org/jira/si/jira.issueviews:issue-xml/HIVE-10322/HIVE-10322.xml?field=key&amp;field=summary
-->
<rss version="0.92" >
<channel>
    <title>ASF JIRA</title>
    <link>https://issues.apache.org/jira</link>
    <description>This file is an XML representation of an issue</description>
    <language>en-uk</language>    <build-info>
        <version>6.3.4</version>
        <build-number>6332</build-number>
        <build-date>15-08-2014</build-date>
    </build-info>

<item>
            <title>[HIVE-10322] TestJdbcWithMiniHS2.testNewConnectionConfiguration fails</title>
                <link>https://issues.apache.org/jira/browse/HIVE-10322</link>
                <project id="12310843" key="HIVE">Hive</project>
                    <description>&lt;p&gt;Fix test org.apache.hive.jdbc.TestJdbcWithMiniHS2.testNewConnectionConfiguration failed with following error:&lt;/p&gt;
&lt;div class=&quot;code panel&quot; style=&quot;border-width: 1px;&quot;&gt;&lt;div class=&quot;codeContent panelContent&quot;&gt;
&lt;pre class=&quot;code-java&quot;&gt;
org.apache.hive.service.cli.HiveSQLException: Failed to open &lt;span class=&quot;code-keyword&quot;&gt;new&lt;/span&gt; session: org.apache.hive.service.cli.HiveSQLException: java.lang.IllegalArgumentException: hive configuration hive.server2.thrift.http.max.worker.threads does not exists.
	at org.apache.hive.jdbc.Utils.verifySuccess(Utils.java:243)
	at org.apache.hive.jdbc.Utils.verifySuccess(Utils.java:234)
	at org.apache.hive.jdbc.HiveConnection.openSession(HiveConnection.java:513)
	at org.apache.hive.jdbc.HiveConnection.&amp;lt;init&amp;gt;(HiveConnection.java:188)
	at org.apache.hive.jdbc.HiveDriver.connect(HiveDriver.java:105)
	at java.sql.DriverManager.getConnection(DriverManager.java:571)
	at java.sql.DriverManager.getConnection(DriverManager.java:233)
	at org.apache.hive.jdbc.TestJdbcWithMiniHS2.testNewConnectionConfiguration(TestJdbcWithMiniHS2.java:275)
Caused by: org.apache.hive.service.cli.HiveSQLException: Failed to open &lt;span class=&quot;code-keyword&quot;&gt;new&lt;/span&gt; session: org.apache.hive.service.cli.HiveSQLException: java.lang.IllegalArgumentException: hive configuration hive.server2.thrift.http.max.worker.threads does not exists.
&lt;/pre&gt;
&lt;/div&gt;&lt;/div&gt;

&lt;p&gt;It seems related to &lt;a href=&quot;https://issues.apache.org/jira/browse/HIVE-10271&quot; title=&quot;remove hive.server2.thrift.http.min/max.worker.threads properties&quot; class=&quot;issue-link&quot; data-issue-key=&quot;HIVE-10271&quot;&gt;&lt;del&gt;HIVE-10271&lt;/del&gt;&lt;/a&gt;(remove hive.server2.thrift.http.min/max.worker.threads properties) &lt;/p&gt;</description>
                <environment></environment>
        <key id="12820609">HIVE-10322</key>
            <summary>TestJdbcWithMiniHS2.testNewConnectionConfiguration fails</summary>
                <type id="1" iconUrl="https://issues.apache.org/jira/images/icons/issuetypes/bug.png">Bug</type>
                                            <priority id="5" iconUrl="https://issues.apache.org/jira/images/icons/priorities/trivial.png">Trivial</priority>
                        <status id="5" iconUrl="https://issues.apache.org/jira/images/icons/statuses/resolved.png" description="A resolution has been taken, and it is awaiting verification by reporter. From here issues are either reopened, or are closed.">Resolved</status>
                    <statusCategory id="3" key="done" colorName="green"/>
                                    <resolution id="3">Duplicate</resolution>
                                        <assignee username="ctang.ma">Chaoyu Tang</assignee>
                                    <reporter username="ctang.ma">Chaoyu Tang</reporter>
                        <labels>
                    </labels>
                <created>Mon, 13 Apr 2015 19:07:10 +0000</created>
                <updated>Mon, 13 Apr 2015 20:34:56 +0000</updated>
                            <resolved>Mon, 13 Apr 2015 20:34:56 +0000</resolved>
                                    <version>1.2.0</version>
                                                    <component>Tests</component>
                        <due></due>
                            <votes>0</votes>
                                    <watches>3</watches>
                                                                <comments>
                            <comment id="14492916" author="ctang.ma" created="Mon, 13 Apr 2015 19:22:09 +0000"  >&lt;p&gt;&lt;a href=&quot;https://issues.apache.org/jira/secure/ViewProfile.jspa?name=thejas&quot; class=&quot;user-hover&quot; rel=&quot;thejas&quot;&gt;Thejas M Nair&lt;/a&gt;, &lt;a href=&quot;https://issues.apache.org/jira/secure/ViewProfile.jspa?name=hsubramaniyan&quot; class=&quot;user-hover&quot; rel=&quot;hsubramaniyan&quot;&gt;Hari Sankar Sivarama Subramaniyan&lt;/a&gt; and &lt;a href=&quot;https://issues.apache.org/jira/secure/ViewProfile.jspa?name=szehon&quot; class=&quot;user-hover&quot; rel=&quot;szehon&quot;&gt;Szehon Ho&lt;/a&gt;, could you take a look at the patch to fix the test. It is straightforward and just removes the not more available property. &lt;/p&gt;</comment>
                            <comment id="14493003" author="vgumashta" created="Mon, 13 Apr 2015 20:20:24 +0000"  >&lt;p&gt;+1&lt;/p&gt;</comment>
                            <comment id="14493008" author="hsubramaniyan" created="Mon, 13 Apr 2015 20:25:01 +0000"  >&lt;p&gt;&lt;a href=&quot;https://issues.apache.org/jira/browse/HIVE-10309&quot; title=&quot;TestJdbcWithMiniHS2.java broken because of the removal of hive.server2.thrift.http.max.worker.threads &quot; class=&quot;issue-link&quot; data-issue-key=&quot;HIVE-10309&quot;&gt;&lt;del&gt;HIVE-10309&lt;/del&gt;&lt;/a&gt; is the duplicate.&lt;/p&gt;</comment>
                            <comment id="14493027" author="vgumashta" created="Mon, 13 Apr 2015 20:34:37 +0000"  >&lt;p&gt;Thanks &lt;a href=&quot;https://issues.apache.org/jira/secure/ViewProfile.jspa?name=hsubramaniyan&quot; class=&quot;user-hover&quot; rel=&quot;hsubramaniyan&quot;&gt;Hari Sankar Sivarama Subramaniyan&lt;/a&gt;. In that case we&apos;ll stick to that since it was created before and has had a UT run. I&apos;ll close this as dup.&lt;/p&gt;</comment>
                    </comments>
                <issuelinks>
                            <issuelinktype id="12310000">
                    <name>Duplicate</name>
                                            <outwardlinks description="duplicates">
                                        <issuelink>
            <issuekey id="12820280">HIVE-10309</issuekey>
        </issuelink>
                            </outwardlinks>
                                                        </issuelinktype>
                    </issuelinks>
                <attachments>
                            <attachment id="12725022" name="HIVE-10322.patch" size="1406" author="ctang.ma" created="Mon, 13 Apr 2015 19:22:09 +0000"/>
                    </attachments>
                <subtasks>
                    </subtasks>
                <customfields>
                                                <customfield id="customfield_12310310" key="com.atlassian.jira.toolkit:attachments">
                        <customfieldname>Attachment count</customfieldname>
                        <customfieldvalues>
                            <customfieldvalue>1.0</customfieldvalue>
                        </customfieldvalues>
                    </customfield>
                                                                                                                                                                                                                                                                                                                                                                                                                                                                                                                                <customfield id="customfield_12310220" key="com.atlassian.jira.ext.charting:firstresponsedate">
                        <customfieldname>Date of First Response</customfieldname>
                        <customfieldvalues>
                            <customfieldvalue>Mon, 13 Apr 2015 20:20:24 +0000</customfieldvalue>

                        </customfieldvalues>
                    </customfield>
                                                                                                                                                                                                                                                                                                                                                                                                                                            <customfield id="customfield_12310420" key="com.pyxis.greenhopper.jira:gh-global-rank">
                        <customfieldname>Global Rank</customfieldname>
                        <customfieldvalues>
                            <customfieldvalue>9223372036854775807</customfieldvalue>
                        </customfieldvalues>
                    </customfield>
                                                                                                                                                    <customfield id="customfield_12312521" key="com.atlassian.jira.toolkit:LastCommentDate">
                        <customfieldname>Last public comment date</customfieldname>
                        <customfieldvalues>
                            1 year, 33 weeks, 5 days ago
                        </customfieldvalues>
                    </customfield>
                                                                                            <customfield id="customfield_12311820" key="com.pyxis.greenhopper.jira:gh-lexo-rank">
                        <customfieldname>Rank</customfieldname>
                        <customfieldvalues>
                            <customfieldvalue>0|i2d6yn:</customfieldvalue>

                        </customfieldvalues>
                    </customfield>
                                                                <customfield id="customfield_12310920" key="com.pyxis.greenhopper.jira:gh-global-rank">
                        <customfieldname>Rank (Obsolete)</customfieldname>
                        <customfieldvalues>
                            <customfieldvalue>9223372036854775807</customfieldvalue>
                        </customfieldvalues>
                    </customfield>
                                                                                                                                                                                                                                                                                                                            <customfield id="customfield_12310222" key="com.atlassian.jira.ext.charting:timeinstatus">
                        <customfieldname>Time in Status</customfieldname>
                        <customfieldvalues>
                            
                        </customfieldvalues>
                    </customfield>
                                                                                                                        </customfields>
    </item>
</channel>
</rss>