<!-- 
RSS generated by JIRA (6.3.4#6332-sha1:51bc225ef474afe3128b2f66878477f322397b16) at Fri Dec 02 11:42:58 UTC 2016

It is possible to restrict the fields that are returned in this document by specifying the 'field' parameter in your request.
For example, to request only the issue key and summary add field=key&field=summary to the URL of your request.
For example:
https://issues.apache.org/jira/si/jira.issueviews:issue-xml/HIVE-12646/HIVE-12646.xml?field=key&amp;field=summary
-->
<rss version="0.92" >
<channel>
    <title>ASF JIRA</title>
    <link>https://issues.apache.org/jira</link>
    <description>This file is an XML representation of an issue</description>
    <language>en-uk</language>    <build-info>
        <version>6.3.4</version>
        <build-number>6332</build-number>
        <build-date>15-08-2014</build-date>
    </build-info>

<item>
            <title>[HIVE-12646] beeline and HIVE CLI do not parse ; in quote properly</title>
                <link>https://issues.apache.org/jira/browse/HIVE-12646</link>
                <project id="12310843" key="HIVE">Hive</project>
                    <description>&lt;p&gt;Beeline and Cli have to escape ; in the quote while most other shell scripts need not. For example:&lt;br/&gt;
in Beeline:&lt;/p&gt;
&lt;div class=&quot;preformatted panel&quot; style=&quot;border-width: 1px;&quot;&gt;&lt;div class=&quot;preformattedContent panelContent&quot;&gt;
&lt;pre&gt;0: jdbc:hive2://localhost:10000&amp;gt; select &apos;;&apos; from tlb1;
select &apos;;&apos; from tlb1;
15/12/10 10:45:26 DEBUG TSaslTransport: writing data length: 115
15/12/10 10:45:26 DEBUG TSaslTransport: CLIENT: reading data length: 3403
Error: Error while compiling statement: FAILED: ParseException line 1:8 cannot recognize input near &apos;&amp;lt;EOF&amp;gt;&apos; &apos;&amp;lt;EOF&amp;gt;
&lt;/pre&gt;
&lt;/div&gt;&lt;/div&gt;
&lt;p&gt;while in mysql shell:&lt;/p&gt;
&lt;div class=&quot;preformatted panel&quot; style=&quot;border-width: 1px;&quot;&gt;&lt;div class=&quot;preformattedContent panelContent&quot;&gt;
&lt;pre&gt;mysql&amp;gt; SELECT CONCAT(&apos;;&apos;, &apos;foo&apos;) FROM test limit 3;
+--------------------+
| ;foo               |
| ;foo               |
| ;foo               |
+--------------------+
3 rows in set (0.00 sec)
&lt;/pre&gt;
&lt;/div&gt;&lt;/div&gt;</description>
                <environment></environment>
        <key id="12920860">HIVE-12646</key>
            <summary>beeline and HIVE CLI do not parse ; in quote properly</summary>
                <type id="1" iconUrl="https://issues.apache.org/jira/images/icons/issuetypes/bug.png">Bug</type>
                                            <priority id="3" iconUrl="https://issues.apache.org/jira/images/icons/priorities/major.png">Major</priority>
                        <status id="5" iconUrl="https://issues.apache.org/jira/images/icons/statuses/resolved.png" description="A resolution has been taken, and it is awaiting verification by reporter. From here issues are either reopened, or are closed.">Resolved</status>
                    <statusCategory id="3" key="done" colorName="green"/>
                                    <resolution id="1">Fixed</resolution>
                                        <assignee username="stakiar">Sahil Takiar</assignee>
                                    <reporter username="ychena">Yongzhi Chen</reporter>
                        <labels>
                    </labels>
                <created>Thu, 10 Dec 2015 19:25:36 +0000</created>
                <updated>Sat, 30 Jul 2016 08:26:42 +0000</updated>
                            <resolved>Mon, 25 Jul 2016 15:18:28 +0000</resolved>
                                                    <fixVersion>2.2.0</fixVersion>
                                    <component>CLI</component>
                    <component>Clients</component>
                        <due></due>
                            <votes>0</votes>
                                    <watches>8</watches>
                                                                <comments>
                            <comment id="15363038" author="stakiar" created="Tue, 5 Jul 2016 19:06:45 +0000"  >&lt;p&gt;&lt;a href=&quot;https://issues.apache.org/jira/secure/ViewProfile.jspa?name=ychena&quot; class=&quot;user-hover&quot; rel=&quot;ychena&quot;&gt;Yongzhi Chen&lt;/a&gt; I wanted to pick up working on this if that is ok with you. If you have any other insight into this issue that would also be very helpful.&lt;/p&gt;

&lt;p&gt;Thanks&lt;/p&gt;</comment>
                            <comment id="15363058" author="stakiar" created="Tue, 5 Jul 2016 19:20:26 +0000"  >&lt;p&gt;There seem to be a lot of JIRAs related to handling of semi-colons in the query strings. Here is a brief summary:&lt;/p&gt;

&lt;p&gt;&lt;a href=&quot;https://issues.apache.org/jira/browse/HIVE-11100&quot; title=&quot;Beeline should escape semi-colon in queries&quot; class=&quot;issue-link&quot; data-issue-key=&quot;HIVE-11100&quot;&gt;&lt;del&gt;HIVE-11100&lt;/del&gt;&lt;/a&gt; - added support for Beeline handling of escaped semi-colons - e.g. &lt;tt&gt;\;&lt;/tt&gt;&lt;br/&gt;
&lt;a href=&quot;https://issues.apache.org/jira/browse/HIVE-9877&quot; title=&quot;Beeline cannot run multiple statements in the same row&quot; class=&quot;issue-link&quot; data-issue-key=&quot;HIVE-9877&quot;&gt;&lt;del&gt;HIVE-9877&lt;/del&gt;&lt;/a&gt; - added support for Beeline handling of multiple queries in the same row, each terminated by a semi-colon&lt;br/&gt;
&lt;a href=&quot;https://issues.apache.org/jira/browse/HIVE-12259&quot; title=&quot;Command containing semicolon is broken in Beeline&quot; class=&quot;issue-link&quot; data-issue-key=&quot;HIVE-12259&quot;&gt;&lt;del&gt;HIVE-12259&lt;/del&gt;&lt;/a&gt; - added support for non-escaped semicolons in Beeline commands (e.g. !cmd)&lt;/p&gt;</comment>
                            <comment id="15363696" author="hiveqa" created="Wed, 6 Jul 2016 03:34:15 +0000"  >

&lt;p&gt;Here are the results of testing the latest attachment:&lt;br/&gt;
&lt;a href=&quot;https://issues.apache.org/jira/secure/attachment/12816307/HIVE-12646.patch&quot; class=&quot;external-link&quot; rel=&quot;nofollow&quot;&gt;https://issues.apache.org/jira/secure/attachment/12816307/HIVE-12646.patch&lt;/a&gt;&lt;/p&gt;

&lt;p&gt;&lt;font color=&quot;green&quot;&gt;SUCCESS:&lt;/font&gt; +1 due to 1 test(s) being added or modified.&lt;/p&gt;

&lt;p&gt;&lt;font color=&quot;red&quot;&gt;ERROR:&lt;/font&gt; -1 due to 24 failed/errored test(s), 10033 tests executed&lt;br/&gt;
&lt;b&gt;Failed tests:&lt;/b&gt;&lt;/p&gt;
&lt;div class=&quot;preformatted panel&quot; style=&quot;border-width: 1px;&quot;&gt;&lt;div class=&quot;preformattedContent panelContent&quot;&gt;
&lt;pre&gt;TestCliDriver-cbo_rp_join1.q-union_top_level.q-insert_update_delete.q-and-12-more - did not produce a TEST-*.xml file
TestCliDriver-create_func1.q-bucketmapjoin3.q-enforce_order.q-and-12-more - did not produce a TEST-*.xml file
TestCliDriver-encryption_join_with_different_encryption_keys.q-bucketcontext_3.q-udf_smallint.q-and-12-more - did not produce a TEST-*.xml file
TestCliDriver-groupby4.q-convert_enum_to_string.q-mapjoin_filter_on_outerjoin.q-and-12-more - did not produce a TEST-*.xml file
TestCliDriver-index_compact.q-merge_dynamic_partition2.q-cbo_rp_subq_exists.q-and-12-more - did not produce a TEST-*.xml file
TestCliDriver-nullscript.q-vector_char_mapjoin1.q-load_dyn_part3.q-and-12-more - did not produce a TEST-*.xml file
TestCliDriver-parquet_ppd_decimal.q-cluster.q-groupby_sort_6.q-and-12-more - did not produce a TEST-*.xml file
TestCliDriver-ptf_general_queries.q-unionDistinct_1.q-udf_version.q-and-12-more - did not produce a TEST-*.xml file
TestCliDriver-sample_islocalmode_hook_use_metadata.q-cbo_rp_semijoin.q-udf_when.q-and-12-more - did not produce a TEST-*.xml file
TestCliDriver-schema_evol_text_vec_mapwork_part_all_complex.q-metadataonly1.q-deleteAnalyze.q-and-12-more - did not produce a TEST-*.xml file
TestCliDriver-stats13.q-join_parse.q-sort_merge_join_desc_2.q-and-12-more - did not produce a TEST-*.xml file
TestCliDriver-stats_publisher_error_1.q-auto_join1.q-cast_to_int.q-and-12-more - did not produce a TEST-*.xml file
TestCliDriver-tez_joins_explain.q-rename_column.q-varchar_serde.q-and-12-more - did not produce a TEST-*.xml file
TestCliDriver-tez_smb_empty.q-char_2.q-udf_date_sub.q-and-12-more - did not produce a TEST-*.xml file
TestCliDriver-udf_locate.q-join32_lessSize.q-correlationoptimizer8.q-and-12-more - did not produce a TEST-*.xml file
TestCliDriver-vector_complex_join.q-interval_udf.q-udf_classloader_dynamic_dependency_resolution.q-and-12-more - did not produce a TEST-*.xml file
TestCliDriver-vector_distinct_2.q-cte_mat_1.q-update_after_multiple_inserts_special_characters.q-and-12-more - did not produce a TEST-*.xml file
TestCliDriver-vector_partition_diff_num_cols.q-stats2.q-union11.q-and-12-more - did not produce a TEST-*.xml file
org.apache.hadoop.hive.cli.TestCliDriver.testCliDriver_stats_list_bucket
org.apache.hadoop.hive.cli.TestCliDriver.testCliDriver_subquery_multiinsert
org.apache.hadoop.hive.cli.TestMiniLlapCliDriver.testCliDriver_vector_complex_all
org.apache.hadoop.hive.cli.TestMiniLlapCliDriver.testCliDriver_vector_complex_join
org.apache.hadoop.hive.llap.tezplugins.TestLlapTaskSchedulerService.testDelayedLocalityNodeCommErrorImmediateAllocation
org.apache.hive.beeline.cli.TestHiveCli.testInValidCmd
&lt;/pre&gt;
&lt;/div&gt;&lt;/div&gt;

&lt;p&gt;Test results: &lt;a href=&quot;https://builds.apache.org/job/PreCommit-HIVE-MASTER-Build/376/testReport&quot; class=&quot;external-link&quot; rel=&quot;nofollow&quot;&gt;https://builds.apache.org/job/PreCommit-HIVE-MASTER-Build/376/testReport&lt;/a&gt;&lt;br/&gt;
Console output: &lt;a href=&quot;https://builds.apache.org/job/PreCommit-HIVE-MASTER-Build/376/console&quot; class=&quot;external-link&quot; rel=&quot;nofollow&quot;&gt;https://builds.apache.org/job/PreCommit-HIVE-MASTER-Build/376/console&lt;/a&gt;&lt;br/&gt;
Test logs: &lt;a href=&quot;http://ec2-50-18-27-0.us-west-1.compute.amazonaws.com/logs/PreCommit-HIVE-MASTER-Build-376/&quot; class=&quot;external-link&quot; rel=&quot;nofollow&quot;&gt;http://ec2-50-18-27-0.us-west-1.compute.amazonaws.com/logs/PreCommit-HIVE-MASTER-Build-376/&lt;/a&gt;&lt;/p&gt;

&lt;p&gt;Messages:&lt;/p&gt;
&lt;div class=&quot;preformatted panel&quot; style=&quot;border-width: 1px;&quot;&gt;&lt;div class=&quot;preformattedContent panelContent&quot;&gt;
&lt;pre&gt;Executing org.apache.hive.ptest.execution.TestCheckPhase
Executing org.apache.hive.ptest.execution.PrepPhase
Executing org.apache.hive.ptest.execution.ExecutionPhase
Executing org.apache.hive.ptest.execution.ReportingPhase
Tests exited with: TestsFailedException: 24 tests failed
&lt;/pre&gt;
&lt;/div&gt;&lt;/div&gt;

&lt;p&gt;This message is automatically generated.&lt;/p&gt;

&lt;p&gt;ATTACHMENT ID: 12816307 - PreCommit-HIVE-MASTER-Build&lt;/p&gt;</comment>
                            <comment id="15365037" author="stakiar" created="Wed, 6 Jul 2016 20:36:39 +0000"  >&lt;p&gt;Seems &lt;tt&gt;TestHiveCli.testInValidCmd&lt;/tt&gt; was failing. There were some differences between how the original code split on the ; and how the new code iterated through the line and searched for a ;. These differences have been addressed and a new diff has been uploaded.&lt;/p&gt;</comment>
                            <comment id="15371121" author="stakiar" created="Mon, 11 Jul 2016 16:41:47 +0000"  >&lt;p&gt;Attached new patch to re-trigger Hive QA&lt;/p&gt;</comment>
                            <comment id="15372057" author="hiveqa" created="Tue, 12 Jul 2016 02:05:09 +0000"  >

&lt;p&gt;Here are the results of testing the latest attachment:&lt;br/&gt;
&lt;a href=&quot;https://issues.apache.org/jira/secure/attachment/12817193/HIVE-12646.3.patch&quot; class=&quot;external-link&quot; rel=&quot;nofollow&quot;&gt;https://issues.apache.org/jira/secure/attachment/12817193/HIVE-12646.3.patch&lt;/a&gt;&lt;/p&gt;

&lt;p&gt;&lt;font color=&quot;green&quot;&gt;SUCCESS:&lt;/font&gt; +1 due to 1 test(s) being added or modified.&lt;/p&gt;

&lt;p&gt;&lt;font color=&quot;red&quot;&gt;ERROR:&lt;/font&gt; -1 due to 8 failed/errored test(s), 10308 tests executed&lt;br/&gt;
&lt;b&gt;Failed tests:&lt;/b&gt;&lt;/p&gt;
&lt;div class=&quot;preformatted panel&quot; style=&quot;border-width: 1px;&quot;&gt;&lt;div class=&quot;preformattedContent panelContent&quot;&gt;
&lt;pre&gt;org.apache.hadoop.hive.cli.TestCliDriver.testCliDriver_acid_globallimit
org.apache.hadoop.hive.cli.TestCliDriver.testCliDriver_list_bucket_dml_13
org.apache.hadoop.hive.cli.TestCliDriver.testCliDriver_subquery_multiinsert
org.apache.hadoop.hive.cli.TestMiniLlapCliDriver.testCliDriver_vector_complex_all
org.apache.hadoop.hive.cli.TestMiniLlapCliDriver.testCliDriver_vector_complex_join
org.apache.hadoop.hive.cli.TestMiniTezCliDriver.testCliDriver_acid_globallimit
org.apache.hadoop.hive.cli.TestMinimrCliDriver.org.apache.hadoop.hive.cli.TestMinimrCliDriver
org.apache.hive.hcatalog.hbase.TestPigHBaseStorageHandler.org.apache.hive.hcatalog.hbase.TestPigHBaseStorageHandler
&lt;/pre&gt;
&lt;/div&gt;&lt;/div&gt;

&lt;p&gt;Test results: &lt;a href=&quot;https://builds.apache.org/job/PreCommit-HIVE-MASTER-Build/474/testReport&quot; class=&quot;external-link&quot; rel=&quot;nofollow&quot;&gt;https://builds.apache.org/job/PreCommit-HIVE-MASTER-Build/474/testReport&lt;/a&gt;&lt;br/&gt;
Console output: &lt;a href=&quot;https://builds.apache.org/job/PreCommit-HIVE-MASTER-Build/474/console&quot; class=&quot;external-link&quot; rel=&quot;nofollow&quot;&gt;https://builds.apache.org/job/PreCommit-HIVE-MASTER-Build/474/console&lt;/a&gt;&lt;br/&gt;
Test logs: &lt;a href=&quot;http://ec2-204-236-174-241.us-west-1.compute.amazonaws.com/logs/PreCommit-HIVE-MASTER-Build-474/&quot; class=&quot;external-link&quot; rel=&quot;nofollow&quot;&gt;http://ec2-204-236-174-241.us-west-1.compute.amazonaws.com/logs/PreCommit-HIVE-MASTER-Build-474/&lt;/a&gt;&lt;/p&gt;

&lt;p&gt;Messages:&lt;/p&gt;
&lt;div class=&quot;preformatted panel&quot; style=&quot;border-width: 1px;&quot;&gt;&lt;div class=&quot;preformattedContent panelContent&quot;&gt;
&lt;pre&gt;Executing org.apache.hive.ptest.execution.TestCheckPhase
Executing org.apache.hive.ptest.execution.PrepPhase
Executing org.apache.hive.ptest.execution.ExecutionPhase
Executing org.apache.hive.ptest.execution.ReportingPhase
Tests exited with: TestsFailedException: 8 tests failed
&lt;/pre&gt;
&lt;/div&gt;&lt;/div&gt;

&lt;p&gt;This message is automatically generated.&lt;/p&gt;

&lt;p&gt;ATTACHMENT ID: 12817193 - PreCommit-HIVE-MASTER-Build&lt;/p&gt;</comment>
                            <comment id="15372148" author="stakiar" created="Tue, 12 Jul 2016 04:09:17 +0000"  >&lt;p&gt;Test failures look unrelated.&lt;/p&gt;

&lt;p&gt;&lt;a href=&quot;https://issues.apache.org/jira/secure/ViewProfile.jspa?name=ychena&quot; class=&quot;user-hover&quot; rel=&quot;ychena&quot;&gt;Yongzhi Chen&lt;/a&gt;, &lt;a href=&quot;https://issues.apache.org/jira/secure/ViewProfile.jspa?name=spena&quot; class=&quot;user-hover&quot; rel=&quot;spena&quot;&gt;Sergio Pe&#241;a&lt;/a&gt; can you review?&lt;/p&gt;</comment>
                            <comment id="15384871" author="stakiar" created="Tue, 19 Jul 2016 21:17:11 +0000"  >&lt;p&gt;Updated patch to address review comments (details in RB).&lt;/p&gt;</comment>
                            <comment id="15387935" author="spena" created="Thu, 21 Jul 2016 15:55:53 +0000"  >&lt;p&gt;The patch looks good.&lt;br/&gt;
+1&lt;/p&gt;

&lt;p&gt;Let&apos;s wait for HiveQA to finish.&lt;/p&gt;</comment>
                            <comment id="15390257" author="stakiar" created="Fri, 22 Jul 2016 21:55:48 +0000"  >&lt;p&gt;Re-attaching patch to re-trigger Hive QA&lt;/p&gt;</comment>
                            <comment id="15391031" author="hiveqa" created="Sun, 24 Jul 2016 11:32:43 +0000"  >

&lt;p&gt;Here are the results of testing the latest attachment:&lt;br/&gt;
&lt;a href=&quot;https://issues.apache.org/jira/secure/attachment/12819728/HIVE-12646.5.patch&quot; class=&quot;external-link&quot; rel=&quot;nofollow&quot;&gt;https://issues.apache.org/jira/secure/attachment/12819728/HIVE-12646.5.patch&lt;/a&gt;&lt;/p&gt;

&lt;p&gt;&lt;font color=&quot;green&quot;&gt;SUCCESS:&lt;/font&gt; +1 due to 1 test(s) being added or modified.&lt;/p&gt;

&lt;p&gt;&lt;font color=&quot;red&quot;&gt;ERROR:&lt;/font&gt; -1 due to 8 failed/errored test(s), 10352 tests executed&lt;br/&gt;
&lt;b&gt;Failed tests:&lt;/b&gt;&lt;/p&gt;
&lt;div class=&quot;preformatted panel&quot; style=&quot;border-width: 1px;&quot;&gt;&lt;div class=&quot;preformattedContent panelContent&quot;&gt;
&lt;pre&gt;TestMsgBusConnection - did not produce a TEST-*.xml file
org.apache.hadoop.hive.cli.TestCliDriver.testCliDriver_acid_globallimit
org.apache.hadoop.hive.cli.TestCliDriver.testCliDriver_stats_list_bucket
org.apache.hadoop.hive.cli.TestCliDriver.testCliDriver_subquery_multiinsert
org.apache.hadoop.hive.cli.TestMiniTezCliDriver.testCliDriver_acid_globallimit
org.apache.hadoop.hive.llap.daemon.impl.TestLlapTokenChecker.testCheckPermissions
org.apache.hadoop.hive.llap.daemon.impl.TestLlapTokenChecker.testGetToken
org.apache.hadoop.hive.metastore.TestMetaStoreMetrics.testConnections
&lt;/pre&gt;
&lt;/div&gt;&lt;/div&gt;

&lt;p&gt;Test results: &lt;a href=&quot;https://builds.apache.org/job/PreCommit-HIVE-MASTER-Build/622/testReport&quot; class=&quot;external-link&quot; rel=&quot;nofollow&quot;&gt;https://builds.apache.org/job/PreCommit-HIVE-MASTER-Build/622/testReport&lt;/a&gt;&lt;br/&gt;
Console output: &lt;a href=&quot;https://builds.apache.org/job/PreCommit-HIVE-MASTER-Build/622/console&quot; class=&quot;external-link&quot; rel=&quot;nofollow&quot;&gt;https://builds.apache.org/job/PreCommit-HIVE-MASTER-Build/622/console&lt;/a&gt;&lt;br/&gt;
Test logs: &lt;a href=&quot;http://ec2-204-236-174-241.us-west-1.compute.amazonaws.com/logs/PreCommit-HIVE-MASTER-Build-622/&quot; class=&quot;external-link&quot; rel=&quot;nofollow&quot;&gt;http://ec2-204-236-174-241.us-west-1.compute.amazonaws.com/logs/PreCommit-HIVE-MASTER-Build-622/&lt;/a&gt;&lt;/p&gt;

&lt;p&gt;Messages:&lt;/p&gt;
&lt;div class=&quot;preformatted panel&quot; style=&quot;border-width: 1px;&quot;&gt;&lt;div class=&quot;preformattedContent panelContent&quot;&gt;
&lt;pre&gt;Executing org.apache.hive.ptest.execution.TestCheckPhase
Executing org.apache.hive.ptest.execution.PrepPhase
Executing org.apache.hive.ptest.execution.ExecutionPhase
Executing org.apache.hive.ptest.execution.ReportingPhase
Tests exited with: TestsFailedException: 8 tests failed
&lt;/pre&gt;
&lt;/div&gt;&lt;/div&gt;

&lt;p&gt;This message is automatically generated.&lt;/p&gt;

&lt;p&gt;ATTACHMENT ID: 12819728 - PreCommit-HIVE-MASTER-Build&lt;/p&gt;</comment>
                            <comment id="15392077" author="spena" created="Mon, 25 Jul 2016 15:18:28 +0000"  >&lt;p&gt;Thanks &lt;a href=&quot;https://issues.apache.org/jira/secure/ViewProfile.jspa?name=stakiar&quot; class=&quot;user-hover&quot; rel=&quot;stakiar&quot;&gt;Sahil Takiar&lt;/a&gt; for the patch.&lt;br/&gt;
I committed to master.&lt;/p&gt;</comment>
                            <comment id="15392217" author="stakiar" created="Mon, 25 Jul 2016 16:24:35 +0000"  >&lt;p&gt;Thanks Sergio!&lt;/p&gt;</comment>
                            <comment id="15398934" author="lefty@hortonworks.com" created="Fri, 29 Jul 2016 08:18:35 +0000"  >&lt;p&gt;Should this change be documented in the wiki?  If so, please add a TODOC2.2 label.&lt;/p&gt;

&lt;ul&gt;
	&lt;li&gt;&lt;a href=&quot;https://cwiki.apache.org/confluence/display/Hive/HiveServer2+Clients#HiveServer2Clients-Beeline&#8211;CommandLineShell&quot; class=&quot;external-link&quot; rel=&quot;nofollow&quot;&gt;Beeline &#8211; Command Line Shell &lt;/a&gt;&lt;/li&gt;
	&lt;li&gt;&lt;a href=&quot;https://cwiki.apache.org/confluence/display/Hive/LanguageManual+Cli&quot; class=&quot;external-link&quot; rel=&quot;nofollow&quot;&gt;Hive CLI &lt;/a&gt;&lt;/li&gt;
&lt;/ul&gt;
</comment>
                            <comment id="15399411" author="spena" created="Fri, 29 Jul 2016 14:30:51 +0000"  >&lt;p&gt;It does not need documentation. This fixes a bug with ; only.&lt;br/&gt;
Thanks for asking.&lt;/p&gt;</comment>
                            <comment id="15400543" author="lefty@hortonworks.com" created="Sat, 30 Jul 2016 08:26:42 +0000"  >&lt;p&gt;Okay, thanks Sergio.&lt;/p&gt;</comment>
                    </comments>
                <issuelinks>
                            <issuelinktype id="10030">
                    <name>Reference</name>
                                            <outwardlinks description="relates to">
                                        <issuelink>
            <issuekey id="12725359">HIVE-7348</issuekey>
        </issuelink>
                            </outwardlinks>
                                                                <inwardlinks description="is related to">
                                        <issuelink>
            <issuekey id="12840343">HIVE-11100</issuekey>
        </issuelink>
                            </inwardlinks>
                                    </issuelinktype>
                    </issuelinks>
                <attachments>
                            <attachment id="12816497" name="HIVE-12646.2.patch" size="4895" author="stakiar" created="Wed, 6 Jul 2016 20:34:24 +0000"/>
                            <attachment id="12817193" name="HIVE-12646.3.patch" size="4895" author="stakiar" created="Mon, 11 Jul 2016 16:41:28 +0000"/>
                            <attachment id="12818928" name="HIVE-12646.4.patch" size="6225" author="stakiar" created="Tue, 19 Jul 2016 21:17:11 +0000"/>
                            <attachment id="12819728" name="HIVE-12646.5.patch" size="6225" author="stakiar" created="Fri, 22 Jul 2016 21:55:48 +0000"/>
                            <attachment id="12816307" name="HIVE-12646.patch" size="4346" author="stakiar" created="Tue, 5 Jul 2016 21:13:30 +0000"/>
                    </attachments>
                <subtasks>
                    </subtasks>
                <customfields>
                                                <customfield id="customfield_12310310" key="com.atlassian.jira.toolkit:attachments">
                        <customfieldname>Attachment count</customfieldname>
                        <customfieldvalues>
                            <customfieldvalue>5.0</customfieldvalue>
                        </customfieldvalues>
                    </customfield>
                                                                                                                                                                                                                                                                                                                                                                                                                                                                                                                                <customfield id="customfield_12310220" key="com.atlassian.jira.ext.charting:firstresponsedate">
                        <customfieldname>Date of First Response</customfieldname>
                        <customfieldvalues>
                            <customfieldvalue>Tue, 5 Jul 2016 19:06:45 +0000</customfieldvalue>

                        </customfieldvalues>
                    </customfield>
                                                                                                                                                                                                                                                                                                                                                                                                                                            <customfield id="customfield_12310420" key="com.pyxis.greenhopper.jira:gh-global-rank">
                        <customfieldname>Global Rank</customfieldname>
                        <customfieldvalues>
                            <customfieldvalue>9223372036854775807</customfieldvalue>
                        </customfieldvalues>
                    </customfield>
                                                                                                                                                    <customfield id="customfield_12312521" key="com.atlassian.jira.toolkit:LastCommentDate">
                        <customfieldname>Last public comment date</customfieldname>
                        <customfieldvalues>
                            17 weeks, 6 days ago
                        </customfieldvalues>
                    </customfield>
                                                                                            <customfield id="customfield_12311820" key="com.pyxis.greenhopper.jira:gh-lexo-rank">
                        <customfieldname>Rank</customfieldname>
                        <customfieldvalues>
                            <customfieldvalue>0|i2pqg7:</customfieldvalue>

                        </customfieldvalues>
                    </customfield>
                                                                <customfield id="customfield_12310920" key="com.pyxis.greenhopper.jira:gh-global-rank">
                        <customfieldname>Rank (Obsolete)</customfieldname>
                        <customfieldvalues>
                            <customfieldvalue>9223372036854775807</customfieldvalue>
                        </customfieldvalues>
                    </customfield>
                                                                                                                                                                                                                                                                                                                            <customfield id="customfield_12310222" key="com.atlassian.jira.ext.charting:timeinstatus">
                        <customfieldname>Time in Status</customfieldname>
                        <customfieldvalues>
                            
                        </customfieldvalues>
                    </customfield>
                                                                                                                        </customfields>
    </item>
</channel>
</rss>