<!-- 
RSS generated by JIRA (6.3.4#6332-sha1:51bc225ef474afe3128b2f66878477f322397b16) at Sat Dec 03 22:31:39 UTC 2016

It is possible to restrict the fields that are returned in this document by specifying the 'field' parameter in your request.
For example, to request only the issue key and summary add field=key&field=summary to the URL of your request.
For example:
https://issues.apache.org/jira/si/jira.issueviews:issue-xml/HIVE-10635/HIVE-10635.xml?field=key&amp;field=summary
-->
<rss version="0.92" >
<channel>
    <title>ASF JIRA</title>
    <link>https://issues.apache.org/jira</link>
    <description>This file is an XML representation of an issue</description>
    <language>en-uk</language>    <build-info>
        <version>6.3.4</version>
        <build-number>6332</build-number>
        <build-date>15-08-2014</build-date>
    </build-info>

<item>
            <title>[HIVE-10635] Redo HIVE-7018 in a schematool compatible manner</title>
                <link>https://issues.apache.org/jira/browse/HIVE-10635</link>
                <project id="12310843" key="HIVE">Hive</project>
                    <description>&lt;p&gt;In &lt;a href=&quot;https://issues.apache.org/jira/browse/HIVE-10614&quot; title=&quot;schemaTool upgrade from 0.14.0 to 1.3.0 causes failure&quot; class=&quot;issue-link&quot; data-issue-key=&quot;HIVE-10614&quot;&gt;&lt;del&gt;HIVE-10614&lt;/del&gt;&lt;/a&gt;, we had to revert &lt;a href=&quot;https://issues.apache.org/jira/browse/HIVE-7018&quot; title=&quot;Table and Partition tables have column LINK_TARGET_ID in Mysql scripts but not others&quot; class=&quot;issue-link&quot; data-issue-key=&quot;HIVE-7018&quot;&gt;&lt;del&gt;HIVE-7018&lt;/del&gt;&lt;/a&gt; because it was not schematool compatible and it would prevent upgrade from 0.14.0 to 1.3.0 when run via schematool. We need to redo &lt;a href=&quot;https://issues.apache.org/jira/browse/HIVE-7018&quot; title=&quot;Table and Partition tables have column LINK_TARGET_ID in Mysql scripts but not others&quot; class=&quot;issue-link&quot; data-issue-key=&quot;HIVE-7018&quot;&gt;&lt;del&gt;HIVE-7018&lt;/del&gt;&lt;/a&gt; work once the script introduced for &lt;a href=&quot;https://issues.apache.org/jira/browse/HIVE-7018&quot; title=&quot;Table and Partition tables have column LINK_TARGET_ID in Mysql scripts but not others&quot; class=&quot;issue-link&quot; data-issue-key=&quot;HIVE-7018&quot;&gt;&lt;del&gt;HIVE-7018&lt;/del&gt;&lt;/a&gt; is schematool compliant.&lt;/p&gt;</description>
                <environment></environment>
        <key id="12827801">HIVE-10635</key>
            <summary>Redo HIVE-7018 in a schematool compatible manner</summary>
                <type id="1" iconUrl="https://issues.apache.org/jira/images/icons/issuetypes/bug.png">Bug</type>
                                            <priority id="3" iconUrl="https://issues.apache.org/jira/images/icons/priorities/major.png">Major</priority>
                        <status id="5" iconUrl="https://issues.apache.org/jira/images/icons/statuses/resolved.png" description="A resolution has been taken, and it is awaiting verification by reporter. From here issues are either reopened, or are closed.">Resolved</status>
                    <statusCategory id="3" key="done" colorName="green"/>
                                    <resolution id="3">Duplicate</resolution>
                                        <assignee username="-1">Unassigned</assignee>
                                    <reporter username="hsubramaniyan">Hari Sankar Sivarama Subramaniyan</reporter>
                        <labels>
                    </labels>
                <created>Wed, 6 May 2015 20:49:21 +0000</created>
                <updated>Wed, 6 May 2015 21:48:22 +0000</updated>
                            <resolved>Wed, 6 May 2015 21:48:22 +0000</resolved>
                                                                    <component>Metastore</component>
                        <due></due>
                            <votes>0</votes>
                                    <watches>2</watches>
                                                                <comments>
                            <comment id="14531499" author="thejas" created="Wed, 6 May 2015 21:48:22 +0000"  >&lt;p&gt;Closing this, will track in &lt;a href=&quot;https://issues.apache.org/jira/browse/HIVE-7018&quot; title=&quot;Table and Partition tables have column LINK_TARGET_ID in Mysql scripts but not others&quot; class=&quot;issue-link&quot; data-issue-key=&quot;HIVE-7018&quot;&gt;&lt;del&gt;HIVE-7018&lt;/del&gt;&lt;/a&gt; itself.&lt;/p&gt;</comment>
                    </comments>
                <issuelinks>
                            <issuelinktype id="10030">
                    <name>Reference</name>
                                            <outwardlinks description="relates to">
                                        <issuelink>
            <issuekey id="12827417">HIVE-10614</issuekey>
        </issuelink>
            <issuelink>
            <issuekey id="12712506">HIVE-7018</issuekey>
        </issuelink>
                            </outwardlinks>
                                                        </issuelinktype>
                    </issuelinks>
                <attachments>
                    </attachments>
                <subtasks>
                    </subtasks>
                <customfields>
                                                <customfield id="customfield_12310310" key="com.atlassian.jira.toolkit:attachments">
                        <customfieldname>Attachment count</customfieldname>
                        <customfieldvalues>
                            <customfieldvalue>0.0</customfieldvalue>
                        </customfieldvalues>
                    </customfield>
                                                                                                                                                                                                                                                                                                                                                                                                                                                                                                                                <customfield id="customfield_12310220" key="com.atlassian.jira.ext.charting:firstresponsedate">
                        <customfieldname>Date of First Response</customfieldname>
                        <customfieldvalues>
                            <customfieldvalue>Wed, 6 May 2015 21:48:22 +0000</customfieldvalue>

                        </customfieldvalues>
                    </customfield>
                                                                                                                                                                                                                                                                                                                                                                                                                                            <customfield id="customfield_12310420" key="com.pyxis.greenhopper.jira:gh-global-rank">
                        <customfieldname>Global Rank</customfieldname>
                        <customfieldvalues>
                            <customfieldvalue>9223372036854775807</customfieldvalue>
                        </customfieldvalues>
                    </customfield>
                                                                                                                                                    <customfield id="customfield_12312521" key="com.atlassian.jira.toolkit:LastCommentDate">
                        <customfieldname>Last public comment date</customfieldname>
                        <customfieldvalues>
                            1 year, 30 weeks, 3 days ago
                        </customfieldvalues>
                    </customfield>
                                                                                            <customfield id="customfield_12311820" key="com.pyxis.greenhopper.jira:gh-lexo-rank">
                        <customfieldname>Rank</customfieldname>
                        <customfieldvalues>
                            <customfieldvalue>0|i2edwf:</customfieldvalue>

                        </customfieldvalues>
                    </customfield>
                                                                <customfield id="customfield_12310920" key="com.pyxis.greenhopper.jira:gh-global-rank">
                        <customfieldname>Rank (Obsolete)</customfieldname>
                        <customfieldvalues>
                            <customfieldvalue>9223372036854775807</customfieldvalue>
                        </customfieldvalues>
                    </customfield>
                                                                                                                                                                                                                                                                                                                            <customfield id="customfield_12310222" key="com.atlassian.jira.ext.charting:timeinstatus">
                        <customfieldname>Time in Status</customfieldname>
                        <customfieldvalues>
                            
                        </customfieldvalues>
                    </customfield>
                                                                                                                        </customfields>
    </item>
</channel>
</rss>