<!-- 
RSS generated by JIRA (6.3.4#6332-sha1:51bc225ef474afe3128b2f66878477f322397b16) at Fri Dec 02 05:13:24 UTC 2016

It is possible to restrict the fields that are returned in this document by specifying the 'field' parameter in your request.
For example, to request only the issue key and summary add field=key&field=summary to the URL of your request.
For example:
https://issues.apache.org/jira/si/jira.issueviews:issue-xml/HIVE-12640/HIVE-12640.xml?field=key&amp;field=summary
-->
<rss version="0.92" >
<channel>
    <title>ASF JIRA</title>
    <link>https://issues.apache.org/jira</link>
    <description>This file is an XML representation of an issue</description>
    <language>en-uk</language>    <build-info>
        <version>6.3.4</version>
        <build-number>6332</build-number>
        <build-date>15-08-2014</build-date>
    </build-info>

<item>
            <title>[HIVE-12640] Allow StatsOptimizer to optimize the query for Constant GroupBy keys </title>
                <link>https://issues.apache.org/jira/browse/HIVE-12640</link>
                <project id="12310843" key="HIVE">Hive</project>
                    <description>&lt;div class=&quot;code panel&quot; style=&quot;border-width: 1px;&quot;&gt;&lt;div class=&quot;codeContent panelContent&quot;&gt;
&lt;pre class=&quot;code-java&quot;&gt;
hive&amp;gt; select count(&apos;1&apos;) from src group by &apos;1&apos;;
&lt;/pre&gt;
&lt;/div&gt;&lt;/div&gt;

&lt;p&gt;In the above query, while performing StatsOptimizer optimization we can safely ignore the group by on the constant key &apos;1&apos; since the above query will return the same result as &quot;select count(&apos;1&apos;) from src&quot;.&lt;/p&gt;

&lt;p&gt;Exception:&lt;br/&gt;
If src is empty, according to the SQL standard,&lt;/p&gt;
&lt;div class=&quot;code panel&quot; style=&quot;border-width: 1px;&quot;&gt;&lt;div class=&quot;codeContent panelContent&quot;&gt;
&lt;pre class=&quot;code-java&quot;&gt;
 select count(&apos;1&apos;) from src group by &apos;1&apos;
&lt;/pre&gt;
&lt;/div&gt;&lt;/div&gt;
&lt;p&gt;and&lt;/p&gt;
&lt;div class=&quot;code panel&quot; style=&quot;border-width: 1px;&quot;&gt;&lt;div class=&quot;codeContent panelContent&quot;&gt;
&lt;pre class=&quot;code-java&quot;&gt;
 select count(&apos;1&apos;) from src
&lt;/pre&gt;
&lt;/div&gt;&lt;/div&gt;

&lt;p&gt;should produce 1 and 0 rows respectively.&lt;/p&gt;</description>
                <environment></environment>
        <key id="12920567">HIVE-12640</key>
            <summary>Allow StatsOptimizer to optimize the query for Constant GroupBy keys </summary>
                <type id="1" iconUrl="https://issues.apache.org/jira/images/icons/issuetypes/bug.png">Bug</type>
                                            <priority id="3" iconUrl="https://issues.apache.org/jira/images/icons/priorities/major.png">Major</priority>
                        <status id="6" iconUrl="https://issues.apache.org/jira/images/icons/statuses/closed.png" description="The issue is considered finished, the resolution is correct. Issues which are closed can be reopened.">Closed</status>
                    <statusCategory id="3" key="done" colorName="green"/>
                                    <resolution id="1">Fixed</resolution>
                                        <assignee username="hsubramaniyan">Hari Sankar Sivarama Subramaniyan</assignee>
                                    <reporter username="hsubramaniyan">Hari Sankar Sivarama Subramaniyan</reporter>
                        <labels>
                    </labels>
                <created>Wed, 9 Dec 2015 22:13:04 +0000</created>
                <updated>Tue, 16 Feb 2016 23:53:13 +0000</updated>
                            <resolved>Wed, 13 Jan 2016 09:40:26 +0000</resolved>
                                                    <fixVersion>2.0.0</fixVersion>
                                        <due></due>
                            <votes>0</votes>
                                    <watches>2</watches>
                                                                <comments>
                            <comment id="15051560" author="hiveqa" created="Thu, 10 Dec 2015 20:05:07 +0000"  >

&lt;p&gt;Here are the results of testing the latest attachment:&lt;br/&gt;
&lt;a href=&quot;https://issues.apache.org/jira/secure/attachment/12776655/HIVE-12640.1.patch&quot; class=&quot;external-link&quot; rel=&quot;nofollow&quot;&gt;https://issues.apache.org/jira/secure/attachment/12776655/HIVE-12640.1.patch&lt;/a&gt;&lt;/p&gt;

&lt;p&gt;&lt;font color=&quot;green&quot;&gt;SUCCESS:&lt;/font&gt; +1 due to 1 test(s) being added or modified.&lt;/p&gt;

&lt;p&gt;&lt;font color=&quot;red&quot;&gt;ERROR:&lt;/font&gt; -1 due to 12 failed/errored test(s), 9887 tests executed&lt;br/&gt;
&lt;b&gt;Failed tests:&lt;/b&gt;&lt;/p&gt;
&lt;div class=&quot;preformatted panel&quot; style=&quot;border-width: 1px;&quot;&gt;&lt;div class=&quot;preformattedContent panelContent&quot;&gt;
&lt;pre&gt;TestHWISessionManager - did not produce a TEST-*.xml file
org.apache.hadoop.hive.cli.TestCliDriver.testCliDriver_cbo_udf_max
org.apache.hadoop.hive.cli.TestCliDriver.testCliDriver_order2
org.apache.hadoop.hive.cli.TestEncryptedHDFSCliDriver.testCliDriver_encryption_insert_partition_dynamic
org.apache.hadoop.hive.cli.TestMiniLlapCliDriver.testCliDriver_dynamic_partition_pruning
org.apache.hadoop.hive.cli.TestMiniLlapCliDriver.testCliDriver_vectorized_dynamic_partition_pruning
org.apache.hadoop.hive.cli.TestMiniTezCliDriver.testCliDriver_mergejoin
org.apache.hadoop.hive.cli.TestMiniTezCliDriver.testCliDriver_metadata_only_queries
org.apache.hadoop.hive.cli.TestNegativeCliDriver.testNegativeCliDriver_authorization_uri_import
org.apache.hadoop.hive.cli.TestSparkCliDriver.testCliDriver_metadata_only_queries
org.apache.hadoop.hive.metastore.TestHiveMetaStorePartitionSpecs.testGetPartitionSpecs_WithAndWithoutPartitionGrouping
org.apache.hive.jdbc.TestSSL.testSSLVersion
&lt;/pre&gt;
&lt;/div&gt;&lt;/div&gt;

&lt;p&gt;Test results: &lt;a href=&quot;http://ec2-174-129-184-35.compute-1.amazonaws.com/jenkins/job/PreCommit-HIVE-TRUNK-Build/6308/testReport&quot; class=&quot;external-link&quot; rel=&quot;nofollow&quot;&gt;http://ec2-174-129-184-35.compute-1.amazonaws.com/jenkins/job/PreCommit-HIVE-TRUNK-Build/6308/testReport&lt;/a&gt;&lt;br/&gt;
Console output: &lt;a href=&quot;http://ec2-174-129-184-35.compute-1.amazonaws.com/jenkins/job/PreCommit-HIVE-TRUNK-Build/6308/console&quot; class=&quot;external-link&quot; rel=&quot;nofollow&quot;&gt;http://ec2-174-129-184-35.compute-1.amazonaws.com/jenkins/job/PreCommit-HIVE-TRUNK-Build/6308/console&lt;/a&gt;&lt;br/&gt;
Test logs: &lt;a href=&quot;http://ec2-174-129-184-35.compute-1.amazonaws.com/logs/PreCommit-HIVE-TRUNK-Build-6308/&quot; class=&quot;external-link&quot; rel=&quot;nofollow&quot;&gt;http://ec2-174-129-184-35.compute-1.amazonaws.com/logs/PreCommit-HIVE-TRUNK-Build-6308/&lt;/a&gt;&lt;/p&gt;

&lt;p&gt;Messages:&lt;/p&gt;
&lt;div class=&quot;preformatted panel&quot; style=&quot;border-width: 1px;&quot;&gt;&lt;div class=&quot;preformattedContent panelContent&quot;&gt;
&lt;pre&gt;Executing org.apache.hive.ptest.execution.TestCheckPhase
Executing org.apache.hive.ptest.execution.PrepPhase
Executing org.apache.hive.ptest.execution.ExecutionPhase
Executing org.apache.hive.ptest.execution.ReportingPhase
Tests exited with: TestsFailedException: 12 tests failed
&lt;/pre&gt;
&lt;/div&gt;&lt;/div&gt;

&lt;p&gt;This message is automatically generated.&lt;/p&gt;

&lt;p&gt;ATTACHMENT ID: 12776655 - PreCommit-HIVE-TRUNK-Build&lt;/p&gt;</comment>
                            <comment id="15051586" author="julianhyde" created="Thu, 10 Dec 2015 20:22:47 +0000"  >&lt;p&gt;If &lt;tt&gt;src&lt;/tt&gt; is empty, according to the SQL standard, should &lt;/p&gt;
&lt;div class=&quot;code panel&quot; style=&quot;border-width: 1px;&quot;&gt;&lt;div class=&quot;codeContent panelContent&quot;&gt;
&lt;pre class=&quot;code-java&quot;&gt; select count(&apos;1&apos;) from src group by &apos;1&apos;&lt;/pre&gt;
&lt;/div&gt;&lt;/div&gt;
&lt;p&gt; and &lt;/p&gt;
&lt;div class=&quot;code panel&quot; style=&quot;border-width: 1px;&quot;&gt;&lt;div class=&quot;codeContent panelContent&quot;&gt;
&lt;pre class=&quot;code-java&quot;&gt; select count(&apos;1&apos;) from src&lt;/pre&gt;
&lt;/div&gt;&lt;/div&gt;
&lt;p&gt; return the same result? My understanding is that the first should return 1 row, the second 0 rows.&lt;/p&gt;</comment>
                            <comment id="15051646" author="hsubramaniyan" created="Thu, 10 Dec 2015 21:03:36 +0000"  >&lt;p&gt;&lt;a href=&quot;https://issues.apache.org/jira/secure/ViewProfile.jspa?name=julianhyde&quot; class=&quot;user-hover&quot; rel=&quot;julianhyde&quot;&gt;Julian Hyde&lt;/a&gt; Thanks , I have noted that as a condition to cover in the jira description.&lt;/p&gt;

&lt;p&gt;Thanks&lt;br/&gt;
Hari&lt;/p&gt;</comment>
                            <comment id="15056866" author="hiveqa" created="Mon, 14 Dec 2015 22:41:13 +0000"  >

&lt;p&gt;Here are the results of testing the latest attachment:&lt;br/&gt;
&lt;a href=&quot;https://issues.apache.org/jira/secure/attachment/12777529/HIVE-12640.2.patch&quot; class=&quot;external-link&quot; rel=&quot;nofollow&quot;&gt;https://issues.apache.org/jira/secure/attachment/12777529/HIVE-12640.2.patch&lt;/a&gt;&lt;/p&gt;

&lt;p&gt;&lt;font color=&quot;red&quot;&gt;ERROR:&lt;/font&gt; -1 due to no test(s) being added or modified.&lt;/p&gt;

&lt;p&gt;&lt;font color=&quot;red&quot;&gt;ERROR:&lt;/font&gt; -1 due to 912 failed/errored test(s), 9882 tests executed&lt;br/&gt;
&lt;b&gt;Failed tests:&lt;/b&gt;&lt;/p&gt;
&lt;div class=&quot;preformatted panel&quot; style=&quot;border-width: 1px;&quot;&gt;&lt;div class=&quot;preformattedContent panelContent&quot;&gt;
&lt;pre&gt;TestHWISessionManager - did not produce a TEST-*.xml file
TestMiniTezCliDriver-vector_partition_diff_num_cols.q-tez_joins_explain.q-vector_decimal_aggregate.q-and-12-more - did not produce a TEST-*.xml file
org.apache.hadoop.hive.cli.TestCliDriver.testCliDriver_acid_vectorization
org.apache.hadoop.hive.cli.TestCliDriver.testCliDriver_add_part_multiple
org.apache.hadoop.hive.cli.TestCliDriver.testCliDriver_allcolref_in_udf
org.apache.hadoop.hive.cli.TestCliDriver.testCliDriver_alter3
org.apache.hadoop.hive.cli.TestCliDriver.testCliDriver_alter5
org.apache.hadoop.hive.cli.TestCliDriver.testCliDriver_alter_char2
org.apache.hadoop.hive.cli.TestCliDriver.testCliDriver_alter_partition_change_col
org.apache.hadoop.hive.cli.TestCliDriver.testCliDriver_alter_partition_coltype
org.apache.hadoop.hive.cli.TestCliDriver.testCliDriver_alter_rename_partition
org.apache.hadoop.hive.cli.TestCliDriver.testCliDriver_alter_table_cascade
org.apache.hadoop.hive.cli.TestCliDriver.testCliDriver_alter_table_invalidate_column_stats
org.apache.hadoop.hive.cli.TestCliDriver.testCliDriver_alter_varchar2
org.apache.hadoop.hive.cli.TestCliDriver.testCliDriver_ambiguitycheck
org.apache.hadoop.hive.cli.TestCliDriver.testCliDriver_annotate_stats_filter
org.apache.hadoop.hive.cli.TestCliDriver.testCliDriver_annotate_stats_part
org.apache.hadoop.hive.cli.TestCliDriver.testCliDriver_annotate_stats_select
org.apache.hadoop.hive.cli.TestCliDriver.testCliDriver_archive_excludeHadoop20
org.apache.hadoop.hive.cli.TestCliDriver.testCliDriver_archive_multi
org.apache.hadoop.hive.cli.TestCliDriver.testCliDriver_authorization_1_sql_std
org.apache.hadoop.hive.cli.TestCliDriver.testCliDriver_authorization_admin_almighty2
org.apache.hadoop.hive.cli.TestCliDriver.testCliDriver_authorization_cli_nonsql
org.apache.hadoop.hive.cli.TestCliDriver.testCliDriver_authorization_update
org.apache.hadoop.hive.cli.TestCliDriver.testCliDriver_authorization_update_own_table
org.apache.hadoop.hive.cli.TestCliDriver.testCliDriver_auto_join14
org.apache.hadoop.hive.cli.TestCliDriver.testCliDriver_auto_join32
org.apache.hadoop.hive.cli.TestCliDriver.testCliDriver_auto_join8
org.apache.hadoop.hive.cli.TestCliDriver.testCliDriver_auto_join9
org.apache.hadoop.hive.cli.TestCliDriver.testCliDriver_auto_join_reordering_values
org.apache.hadoop.hive.cli.TestCliDriver.testCliDriver_autogen_colalias
org.apache.hadoop.hive.cli.TestCliDriver.testCliDriver_avro_partitioned
org.apache.hadoop.hive.cli.TestCliDriver.testCliDriver_avro_partitioned_native
org.apache.hadoop.hive.cli.TestCliDriver.testCliDriver_avro_schema_evolution_native
org.apache.hadoop.hive.cli.TestCliDriver.testCliDriver_avrocountemptytbl
org.apache.hadoop.hive.cli.TestCliDriver.testCliDriver_ba_table_udfs
org.apache.hadoop.hive.cli.TestCliDriver.testCliDriver_binary_constant
org.apache.hadoop.hive.cli.TestCliDriver.testCliDriver_bucket3
org.apache.hadoop.hive.cli.TestCliDriver.testCliDriver_bucket_groupby
org.apache.hadoop.hive.cli.TestCliDriver.testCliDriver_bucket_map_join_spark1
org.apache.hadoop.hive.cli.TestCliDriver.testCliDriver_bucket_map_join_spark2
org.apache.hadoop.hive.cli.TestCliDriver.testCliDriver_bucket_map_join_spark3
org.apache.hadoop.hive.cli.TestCliDriver.testCliDriver_bucketpruning1
org.apache.hadoop.hive.cli.TestCliDriver.testCliDriver_bucketsortoptimize_insert_1
org.apache.hadoop.hive.cli.TestCliDriver.testCliDriver_bucketsortoptimize_insert_2
org.apache.hadoop.hive.cli.TestCliDriver.testCliDriver_bucketsortoptimize_insert_3
org.apache.hadoop.hive.cli.TestCliDriver.testCliDriver_bucketsortoptimize_insert_4
org.apache.hadoop.hive.cli.TestCliDriver.testCliDriver_bucketsortoptimize_insert_5
org.apache.hadoop.hive.cli.TestCliDriver.testCliDriver_bucketsortoptimize_insert_6
org.apache.hadoop.hive.cli.TestCliDriver.testCliDriver_bucketsortoptimize_insert_7
org.apache.hadoop.hive.cli.TestCliDriver.testCliDriver_bucketsortoptimize_insert_8
org.apache.hadoop.hive.cli.TestCliDriver.testCliDriver_cast1
org.apache.hadoop.hive.cli.TestCliDriver.testCliDriver_cast_tinyint_to_double
org.apache.hadoop.hive.cli.TestCliDriver.testCliDriver_cast_to_int
org.apache.hadoop.hive.cli.TestCliDriver.testCliDriver_cbo_gby_empty
org.apache.hadoop.hive.cli.TestCliDriver.testCliDriver_cbo_join
org.apache.hadoop.hive.cli.TestCliDriver.testCliDriver_cbo_rp_cross_product_check_2
org.apache.hadoop.hive.cli.TestCliDriver.testCliDriver_cbo_rp_gby_empty
org.apache.hadoop.hive.cli.TestCliDriver.testCliDriver_cbo_rp_insert
org.apache.hadoop.hive.cli.TestCliDriver.testCliDriver_cbo_rp_join1
org.apache.hadoop.hive.cli.TestCliDriver.testCliDriver_cbo_rp_lineage2
org.apache.hadoop.hive.cli.TestCliDriver.testCliDriver_cbo_rp_simple_select
org.apache.hadoop.hive.cli.TestCliDriver.testCliDriver_cbo_rp_windowing_2
org.apache.hadoop.hive.cli.TestCliDriver.testCliDriver_cbo_simple_select
org.apache.hadoop.hive.cli.TestCliDriver.testCliDriver_cbo_stats
org.apache.hadoop.hive.cli.TestCliDriver.testCliDriver_cbo_subq_in
org.apache.hadoop.hive.cli.TestCliDriver.testCliDriver_cbo_subq_not_in
org.apache.hadoop.hive.cli.TestCliDriver.testCliDriver_cbo_views
org.apache.hadoop.hive.cli.TestCliDriver.testCliDriver_char_cast
org.apache.hadoop.hive.cli.TestCliDriver.testCliDriver_char_comparison
org.apache.hadoop.hive.cli.TestCliDriver.testCliDriver_char_udf1
org.apache.hadoop.hive.cli.TestCliDriver.testCliDriver_cluster
org.apache.hadoop.hive.cli.TestCliDriver.testCliDriver_colstats_all_nulls
org.apache.hadoop.hive.cli.TestCliDriver.testCliDriver_column_access_stats
org.apache.hadoop.hive.cli.TestCliDriver.testCliDriver_combine3
org.apache.hadoop.hive.cli.TestCliDriver.testCliDriver_compile_processor
org.apache.hadoop.hive.cli.TestCliDriver.testCliDriver_constantPropagateForSubQuery
org.apache.hadoop.hive.cli.TestCliDriver.testCliDriver_constprog1
org.apache.hadoop.hive.cli.TestCliDriver.testCliDriver_constprog2
org.apache.hadoop.hive.cli.TestCliDriver.testCliDriver_constprog_dp
org.apache.hadoop.hive.cli.TestCliDriver.testCliDriver_constprog_type
org.apache.hadoop.hive.cli.TestCliDriver.testCliDriver_correlationoptimizer11
org.apache.hadoop.hive.cli.TestCliDriver.testCliDriver_cp_sel
org.apache.hadoop.hive.cli.TestCliDriver.testCliDriver_create_big_view
org.apache.hadoop.hive.cli.TestCliDriver.testCliDriver_create_escape
org.apache.hadoop.hive.cli.TestCliDriver.testCliDriver_create_func1
org.apache.hadoop.hive.cli.TestCliDriver.testCliDriver_create_genericudf
org.apache.hadoop.hive.cli.TestCliDriver.testCliDriver_create_like
org.apache.hadoop.hive.cli.TestCliDriver.testCliDriver_create_like_view
org.apache.hadoop.hive.cli.TestCliDriver.testCliDriver_create_or_replace_view
org.apache.hadoop.hive.cli.TestCliDriver.testCliDriver_create_view
org.apache.hadoop.hive.cli.TestCliDriver.testCliDriver_create_view_partitioned
org.apache.hadoop.hive.cli.TestCliDriver.testCliDriver_cross_join
org.apache.hadoop.hive.cli.TestCliDriver.testCliDriver_cross_product_check_1
org.apache.hadoop.hive.cli.TestCliDriver.testCliDriver_cross_product_check_2
org.apache.hadoop.hive.cli.TestCliDriver.testCliDriver_crtseltbl_serdeprops
org.apache.hadoop.hive.cli.TestCliDriver.testCliDriver_ctas_date
org.apache.hadoop.hive.cli.TestCliDriver.testCliDriver_cte_1
org.apache.hadoop.hive.cli.TestCliDriver.testCliDriver_cte_2
org.apache.hadoop.hive.cli.TestCliDriver.testCliDriver_current_date_timestamp
org.apache.hadoop.hive.cli.TestCliDriver.testCliDriver_database
org.apache.hadoop.hive.cli.TestCliDriver.testCliDriver_date_1
org.apache.hadoop.hive.cli.TestCliDriver.testCliDriver_date_3
org.apache.hadoop.hive.cli.TestCliDriver.testCliDriver_date_4
org.apache.hadoop.hive.cli.TestCliDriver.testCliDriver_date_comparison
org.apache.hadoop.hive.cli.TestCliDriver.testCliDriver_date_udf
org.apache.hadoop.hive.cli.TestCliDriver.testCliDriver_decimal_1
org.apache.hadoop.hive.cli.TestCliDriver.testCliDriver_decimal_2
org.apache.hadoop.hive.cli.TestCliDriver.testCliDriver_decimal_3
org.apache.hadoop.hive.cli.TestCliDriver.testCliDriver_decimal_precision2
org.apache.hadoop.hive.cli.TestCliDriver.testCliDriver_decimal_udf2
org.apache.hadoop.hive.cli.TestCliDriver.testCliDriver_delete_whole_partition
org.apache.hadoop.hive.cli.TestCliDriver.testCliDriver_describe_formatted_view_partitioned
org.apache.hadoop.hive.cli.TestCliDriver.testCliDriver_describe_formatted_view_partitioned_json
org.apache.hadoop.hive.cli.TestCliDriver.testCliDriver_disallow_incompatible_type_change_off
org.apache.hadoop.hive.cli.TestCliDriver.testCliDriver_dynamic_partition_skip_default
org.apache.hadoop.hive.cli.TestCliDriver.testCliDriver_dynamic_rdd_cache
org.apache.hadoop.hive.cli.TestCliDriver.testCliDriver_dynpart_sort_opt_bucketing
org.apache.hadoop.hive.cli.TestCliDriver.testCliDriver_dynpart_sort_optimization2
org.apache.hadoop.hive.cli.TestCliDriver.testCliDriver_dynpart_sort_optimization_acid
org.apache.hadoop.hive.cli.TestCliDriver.testCliDriver_escape1
org.apache.hadoop.hive.cli.TestCliDriver.testCliDriver_escape2
org.apache.hadoop.hive.cli.TestCliDriver.testCliDriver_explain_dependency
org.apache.hadoop.hive.cli.TestCliDriver.testCliDriver_explain_dependency2
org.apache.hadoop.hive.cli.TestCliDriver.testCliDriver_explain_logical
org.apache.hadoop.hive.cli.TestCliDriver.testCliDriver_filter_cond_pushdown
org.apache.hadoop.hive.cli.TestCliDriver.testCliDriver_filter_join_breaktask
org.apache.hadoop.hive.cli.TestCliDriver.testCliDriver_filter_join_breaktask2
org.apache.hadoop.hive.cli.TestCliDriver.testCliDriver_filter_numeric
org.apache.hadoop.hive.cli.TestCliDriver.testCliDriver_fold_case
org.apache.hadoop.hive.cli.TestCliDriver.testCliDriver_fold_eq_with_case_when
org.apache.hadoop.hive.cli.TestCliDriver.testCliDriver_fold_when
org.apache.hadoop.hive.cli.TestCliDriver.testCliDriver_global_limit
org.apache.hadoop.hive.cli.TestCliDriver.testCliDriver_groupby_grouping_id3
org.apache.hadoop.hive.cli.TestCliDriver.testCliDriver_groupby_grouping_window
org.apache.hadoop.hive.cli.TestCliDriver.testCliDriver_groupby_sort_1_23
org.apache.hadoop.hive.cli.TestCliDriver.testCliDriver_groupby_sort_skew_1_23
org.apache.hadoop.hive.cli.TestCliDriver.testCliDriver_identity_project_remove_skip
org.apache.hadoop.hive.cli.TestCliDriver.testCliDriver_index_auto_empty
org.apache.hadoop.hive.cli.TestCliDriver.testCliDriver_index_auto_file_format
org.apache.hadoop.hive.cli.TestCliDriver.testCliDriver_index_auto_multiple
org.apache.hadoop.hive.cli.TestCliDriver.testCliDriver_index_auto_partitioned
org.apache.hadoop.hive.cli.TestCliDriver.testCliDriver_index_auto_unused
org.apache.hadoop.hive.cli.TestCliDriver.testCliDriver_index_auto_update
org.apache.hadoop.hive.cli.TestCliDriver.testCliDriver_index_bitmap
org.apache.hadoop.hive.cli.TestCliDriver.testCliDriver_index_bitmap1
org.apache.hadoop.hive.cli.TestCliDriver.testCliDriver_index_bitmap_auto_partitioned
org.apache.hadoop.hive.cli.TestCliDriver.testCliDriver_index_bitmap_rc
org.apache.hadoop.hive.cli.TestCliDriver.testCliDriver_index_compact
org.apache.hadoop.hive.cli.TestCliDriver.testCliDriver_index_compact_1
org.apache.hadoop.hive.cli.TestCliDriver.testCliDriver_index_compact_2
org.apache.hadoop.hive.cli.TestCliDriver.testCliDriver_index_compact_3
org.apache.hadoop.hive.cli.TestCliDriver.testCliDriver_index_compact_binary_search
org.apache.hadoop.hive.cli.TestCliDriver.testCliDriver_index_stale
org.apache.hadoop.hive.cli.TestCliDriver.testCliDriver_index_stale_partitioned
org.apache.hadoop.hive.cli.TestCliDriver.testCliDriver_infer_bucket_sort
org.apache.hadoop.hive.cli.TestCliDriver.testCliDriver_infer_const_type
org.apache.hadoop.hive.cli.TestCliDriver.testCliDriver_input23
org.apache.hadoop.hive.cli.TestCliDriver.testCliDriver_input25
org.apache.hadoop.hive.cli.TestCliDriver.testCliDriver_input26
org.apache.hadoop.hive.cli.TestCliDriver.testCliDriver_input28
org.apache.hadoop.hive.cli.TestCliDriver.testCliDriver_input39
org.apache.hadoop.hive.cli.TestCliDriver.testCliDriver_input40
org.apache.hadoop.hive.cli.TestCliDriver.testCliDriver_input42
org.apache.hadoop.hive.cli.TestCliDriver.testCliDriver_input49
org.apache.hadoop.hive.cli.TestCliDriver.testCliDriver_input6
org.apache.hadoop.hive.cli.TestCliDriver.testCliDriver_input7
org.apache.hadoop.hive.cli.TestCliDriver.testCliDriver_input8
org.apache.hadoop.hive.cli.TestCliDriver.testCliDriver_input9
org.apache.hadoop.hive.cli.TestCliDriver.testCliDriver_input_part0
org.apache.hadoop.hive.cli.TestCliDriver.testCliDriver_input_part1
org.apache.hadoop.hive.cli.TestCliDriver.testCliDriver_input_part10
org.apache.hadoop.hive.cli.TestCliDriver.testCliDriver_input_part2
org.apache.hadoop.hive.cli.TestCliDriver.testCliDriver_input_part3
org.apache.hadoop.hive.cli.TestCliDriver.testCliDriver_input_part4
org.apache.hadoop.hive.cli.TestCliDriver.testCliDriver_input_part5
org.apache.hadoop.hive.cli.TestCliDriver.testCliDriver_input_part6
org.apache.hadoop.hive.cli.TestCliDriver.testCliDriver_input_part7
org.apache.hadoop.hive.cli.TestCliDriver.testCliDriver_input_part8
org.apache.hadoop.hive.cli.TestCliDriver.testCliDriver_input_part9
org.apache.hadoop.hive.cli.TestCliDriver.testCliDriver_insert1
org.apache.hadoop.hive.cli.TestCliDriver.testCliDriver_insert_into1
org.apache.hadoop.hive.cli.TestCliDriver.testCliDriver_insert_into5
org.apache.hadoop.hive.cli.TestCliDriver.testCliDriver_insert_into_with_schema
org.apache.hadoop.hive.cli.TestCliDriver.testCliDriver_insert_into_with_schema2
org.apache.hadoop.hive.cli.TestCliDriver.testCliDriver_insert_overwrite_directory
org.apache.hadoop.hive.cli.TestCliDriver.testCliDriver_insert_update_delete
org.apache.hadoop.hive.cli.TestCliDriver.testCliDriver_insertexternal1
org.apache.hadoop.hive.cli.TestCliDriver.testCliDriver_interval_1
org.apache.hadoop.hive.cli.TestCliDriver.testCliDriver_interval_arithmetic
org.apache.hadoop.hive.cli.TestCliDriver.testCliDriver_interval_comparison
org.apache.hadoop.hive.cli.TestCliDriver.testCliDriver_interval_udf
org.apache.hadoop.hive.cli.TestCliDriver.testCliDriver_ivyDownload
org.apache.hadoop.hive.cli.TestCliDriver.testCliDriver_join14
org.apache.hadoop.hive.cli.TestCliDriver.testCliDriver_join26
org.apache.hadoop.hive.cli.TestCliDriver.testCliDriver_join28
org.apache.hadoop.hive.cli.TestCliDriver.testCliDriver_join32
org.apache.hadoop.hive.cli.TestCliDriver.testCliDriver_join32_lessSize
org.apache.hadoop.hive.cli.TestCliDriver.testCliDriver_join33
org.apache.hadoop.hive.cli.TestCliDriver.testCliDriver_join38
org.apache.hadoop.hive.cli.TestCliDriver.testCliDriver_join41
org.apache.hadoop.hive.cli.TestCliDriver.testCliDriver_join42
org.apache.hadoop.hive.cli.TestCliDriver.testCliDriver_join8
org.apache.hadoop.hive.cli.TestCliDriver.testCliDriver_join9
org.apache.hadoop.hive.cli.TestCliDriver.testCliDriver_join_cond_pushdown_1
org.apache.hadoop.hive.cli.TestCliDriver.testCliDriver_join_cond_pushdown_3
org.apache.hadoop.hive.cli.TestCliDriver.testCliDriver_join_cond_pushdown_unqual1
org.apache.hadoop.hive.cli.TestCliDriver.testCliDriver_join_cond_pushdown_unqual3
org.apache.hadoop.hive.cli.TestCliDriver.testCliDriver_join_filters_overlap
org.apache.hadoop.hive.cli.TestCliDriver.testCliDriver_join_literals
org.apache.hadoop.hive.cli.TestCliDriver.testCliDriver_join_nullsafe
org.apache.hadoop.hive.cli.TestCliDriver.testCliDriver_join_on_varchar
org.apache.hadoop.hive.cli.TestCliDriver.testCliDriver_join_view
org.apache.hadoop.hive.cli.TestCliDriver.testCliDriver_keyword_2
org.apache.hadoop.hive.cli.TestCliDriver.testCliDriver_lateral_view_onview
org.apache.hadoop.hive.cli.TestCliDriver.testCliDriver_lateral_view_ppd
org.apache.hadoop.hive.cli.TestCliDriver.testCliDriver_leadlag
org.apache.hadoop.hive.cli.TestCliDriver.testCliDriver_limit0
org.apache.hadoop.hive.cli.TestCliDriver.testCliDriver_limit_partition_metadataonly
org.apache.hadoop.hive.cli.TestCliDriver.testCliDriver_lineage2
org.apache.hadoop.hive.cli.TestCliDriver.testCliDriver_lineage3
org.apache.hadoop.hive.cli.TestCliDriver.testCliDriver_list_bucket_dml_1
org.apache.hadoop.hive.cli.TestCliDriver.testCliDriver_list_bucket_dml_11
org.apache.hadoop.hive.cli.TestCliDriver.testCliDriver_list_bucket_dml_12
org.apache.hadoop.hive.cli.TestCliDriver.testCliDriver_list_bucket_dml_13
org.apache.hadoop.hive.cli.TestCliDriver.testCliDriver_list_bucket_dml_14
org.apache.hadoop.hive.cli.TestCliDriver.testCliDriver_list_bucket_dml_2
org.apache.hadoop.hive.cli.TestCliDriver.testCliDriver_list_bucket_dml_3
org.apache.hadoop.hive.cli.TestCliDriver.testCliDriver_list_bucket_dml_4
org.apache.hadoop.hive.cli.TestCliDriver.testCliDriver_list_bucket_dml_5
org.apache.hadoop.hive.cli.TestCliDriver.testCliDriver_list_bucket_dml_6
org.apache.hadoop.hive.cli.TestCliDriver.testCliDriver_list_bucket_dml_7
org.apache.hadoop.hive.cli.TestCliDriver.testCliDriver_list_bucket_dml_8
org.apache.hadoop.hive.cli.TestCliDriver.testCliDriver_list_bucket_dml_9
org.apache.hadoop.hive.cli.TestCliDriver.testCliDriver_list_bucket_query_multiskew_1
org.apache.hadoop.hive.cli.TestCliDriver.testCliDriver_list_bucket_query_multiskew_2
org.apache.hadoop.hive.cli.TestCliDriver.testCliDriver_list_bucket_query_multiskew_3
org.apache.hadoop.hive.cli.TestCliDriver.testCliDriver_list_bucket_query_oneskew_1
org.apache.hadoop.hive.cli.TestCliDriver.testCliDriver_list_bucket_query_oneskew_2
org.apache.hadoop.hive.cli.TestCliDriver.testCliDriver_list_bucket_query_oneskew_3
org.apache.hadoop.hive.cli.TestCliDriver.testCliDriver_literal_decimal
org.apache.hadoop.hive.cli.TestCliDriver.testCliDriver_literal_double
org.apache.hadoop.hive.cli.TestCliDriver.testCliDriver_literal_ints
org.apache.hadoop.hive.cli.TestCliDriver.testCliDriver_literal_string
org.apache.hadoop.hive.cli.TestCliDriver.testCliDriver_llap_partitioned
org.apache.hadoop.hive.cli.TestCliDriver.testCliDriver_load_dyn_part11
org.apache.hadoop.hive.cli.TestCliDriver.testCliDriver_load_dyn_part14
org.apache.hadoop.hive.cli.TestCliDriver.testCliDriver_load_dyn_part2
org.apache.hadoop.hive.cli.TestCliDriver.testCliDriver_load_dyn_part4
org.apache.hadoop.hive.cli.TestCliDriver.testCliDriver_load_dyn_part5
org.apache.hadoop.hive.cli.TestCliDriver.testCliDriver_load_dyn_part6
org.apache.hadoop.hive.cli.TestCliDriver.testCliDriver_loadpart1
org.apache.hadoop.hive.cli.TestCliDriver.testCliDriver_loadpart2
org.apache.hadoop.hive.cli.TestCliDriver.testCliDriver_lock3
org.apache.hadoop.hive.cli.TestCliDriver.testCliDriver_lock4
org.apache.hadoop.hive.cli.TestCliDriver.testCliDriver_louter_join_ppr
org.apache.hadoop.hive.cli.TestCliDriver.testCliDriver_macro
org.apache.hadoop.hive.cli.TestCliDriver.testCliDriver_mapjoin_subquery
org.apache.hadoop.hive.cli.TestCliDriver.testCliDriver_mapjoin_test_outer
org.apache.hadoop.hive.cli.TestCliDriver.testCliDriver_merge4
org.apache.hadoop.hive.cli.TestCliDriver.testCliDriver_merge_dynamic_partition
org.apache.hadoop.hive.cli.TestCliDriver.testCliDriver_mergejoin
org.apache.hadoop.hive.cli.TestCliDriver.testCliDriver_metadataOnlyOptimizer
org.apache.hadoop.hive.cli.TestCliDriver.testCliDriver_metadata_only_queries
org.apache.hadoop.hive.cli.TestCliDriver.testCliDriver_mi
org.apache.hadoop.hive.cli.TestCliDriver.testCliDriver_multi_insert
org.apache.hadoop.hive.cli.TestCliDriver.testCliDriver_multi_insert_move_tasks_share_dependencies
org.apache.hadoop.hive.cli.TestCliDriver.testCliDriver_non_ascii_literal1
org.apache.hadoop.hive.cli.TestCliDriver.testCliDriver_non_ascii_literal2
org.apache.hadoop.hive.cli.TestCliDriver.testCliDriver_nonmr_fetch
org.apache.hadoop.hive.cli.TestCliDriver.testCliDriver_nonmr_fetch_threshold
org.apache.hadoop.hive.cli.TestCliDriver.testCliDriver_notable_alias1
org.apache.hadoop.hive.cli.TestCliDriver.testCliDriver_notable_alias2
org.apache.hadoop.hive.cli.TestCliDriver.testCliDriver_notable_alias3
org.apache.hadoop.hive.cli.TestCliDriver.testCliDriver_null_column
org.apache.hadoop.hive.cli.TestCliDriver.testCliDriver_num_op_type_conv
org.apache.hadoop.hive.cli.TestCliDriver.testCliDriver_ops_comparison
org.apache.hadoop.hive.cli.TestCliDriver.testCliDriver_orc_empty_files
org.apache.hadoop.hive.cli.TestCliDriver.testCliDriver_orc_empty_strings
org.apache.hadoop.hive.cli.TestCliDriver.testCliDriver_orc_llap
org.apache.hadoop.hive.cli.TestCliDriver.testCliDriver_orc_merge10
org.apache.hadoop.hive.cli.TestCliDriver.testCliDriver_orc_ppd_exception
org.apache.hadoop.hive.cli.TestCliDriver.testCliDriver_orc_ppd_is_null
org.apache.hadoop.hive.cli.TestCliDriver.testCliDriver_orc_ppd_str_conversion
org.apache.hadoop.hive.cli.TestCliDriver.testCliDriver_orc_predicate_pushdown
org.apache.hadoop.hive.cli.TestCliDriver.testCliDriver_orc_vectorization_ppd
org.apache.hadoop.hive.cli.TestCliDriver.testCliDriver_order2
org.apache.hadoop.hive.cli.TestCliDriver.testCliDriver_parquet_decimal
org.apache.hadoop.hive.cli.TestCliDriver.testCliDriver_parquet_mixed_case
org.apache.hadoop.hive.cli.TestCliDriver.testCliDriver_parquet_ppd_boolean
org.apache.hadoop.hive.cli.TestCliDriver.testCliDriver_parquet_ppd_char
org.apache.hadoop.hive.cli.TestCliDriver.testCliDriver_parquet_ppd_date
org.apache.hadoop.hive.cli.TestCliDriver.testCliDriver_parquet_ppd_partition
org.apache.hadoop.hive.cli.TestCliDriver.testCliDriver_parquet_ppd_timestamp
org.apache.hadoop.hive.cli.TestCliDriver.testCliDriver_parquet_predicate_pushdown
org.apache.hadoop.hive.cli.TestCliDriver.testCliDriver_partition_boolexpr
org.apache.hadoop.hive.cli.TestCliDriver.testCliDriver_partition_date
org.apache.hadoop.hive.cli.TestCliDriver.testCliDriver_partition_date2
org.apache.hadoop.hive.cli.TestCliDriver.testCliDriver_partition_decode_name
org.apache.hadoop.hive.cli.TestCliDriver.testCliDriver_partition_special_char
org.apache.hadoop.hive.cli.TestCliDriver.testCliDriver_partition_timestamp
org.apache.hadoop.hive.cli.TestCliDriver.testCliDriver_partition_timestamp2
org.apache.hadoop.hive.cli.TestCliDriver.testCliDriver_partition_type_check
org.apache.hadoop.hive.cli.TestCliDriver.testCliDriver_partition_type_in_plan
org.apache.hadoop.hive.cli.TestCliDriver.testCliDriver_partition_varchar1
org.apache.hadoop.hive.cli.TestCliDriver.testCliDriver_partition_wise_fileformat10
org.apache.hadoop.hive.cli.TestCliDriver.testCliDriver_partition_wise_fileformat11
org.apache.hadoop.hive.cli.TestCliDriver.testCliDriver_partition_wise_fileformat12
org.apache.hadoop.hive.cli.TestCliDriver.testCliDriver_partition_wise_fileformat15
org.apache.hadoop.hive.cli.TestCliDriver.testCliDriver_partition_wise_fileformat16
org.apache.hadoop.hive.cli.TestCliDriver.testCliDriver_pcr
org.apache.hadoop.hive.cli.TestCliDriver.testCliDriver_pcs
org.apache.hadoop.hive.cli.TestCliDriver.testCliDriver_pointlookup2
org.apache.hadoop.hive.cli.TestCliDriver.testCliDriver_pointlookup3
org.apache.hadoop.hive.cli.TestCliDriver.testCliDriver_ppd2
org.apache.hadoop.hive.cli.TestCliDriver.testCliDriver_ppd_clusterby
org.apache.hadoop.hive.cli.TestCliDriver.testCliDriver_ppd_constant_expr
org.apache.hadoop.hive.cli.TestCliDriver.testCliDriver_ppd_field_garbage
org.apache.hadoop.hive.cli.TestCliDriver.testCliDriver_ppd_join4
org.apache.hadoop.hive.cli.TestCliDriver.testCliDriver_ppd_join5
org.apache.hadoop.hive.cli.TestCliDriver.testCliDriver_ppd_repeated_alias
org.apache.hadoop.hive.cli.TestCliDriver.testCliDriver_ppd_udf_case
org.apache.hadoop.hive.cli.TestCliDriver.testCliDriver_ppd_udf_col
org.apache.hadoop.hive.cli.TestCliDriver.testCliDriver_ppd_union_view
org.apache.hadoop.hive.cli.TestCliDriver.testCliDriver_ppr_pushdown
org.apache.hadoop.hive.cli.TestCliDriver.testCliDriver_ppr_pushdown2
org.apache.hadoop.hive.cli.TestCliDriver.testCliDriver_ptf_general_queries
org.apache.hadoop.hive.cli.TestCliDriver.testCliDriver_ptf_matchpath
org.apache.hadoop.hive.cli.TestCliDriver.testCliDriver_query_result_fileformat
org.apache.hadoop.hive.cli.TestCliDriver.testCliDriver_quote1
org.apache.hadoop.hive.cli.TestCliDriver.testCliDriver_quote2
org.apache.hadoop.hive.cli.TestCliDriver.testCliDriver_quotedid_basic
org.apache.hadoop.hive.cli.TestCliDriver.testCliDriver_rand_partitionpruner2
org.apache.hadoop.hive.cli.TestCliDriver.testCliDriver_rand_partitionpruner3
org.apache.hadoop.hive.cli.TestCliDriver.testCliDriver_recursive_dir
org.apache.hadoop.hive.cli.TestCliDriver.testCliDriver_regex_col
org.apache.hadoop.hive.cli.TestCliDriver.testCliDriver_rename_external_partition_location
org.apache.hadoop.hive.cli.TestCliDriver.testCliDriver_router_join_ppr
org.apache.hadoop.hive.cli.TestCliDriver.testCliDriver_sample1
org.apache.hadoop.hive.cli.TestCliDriver.testCliDriver_sample8
org.apache.hadoop.hive.cli.TestCliDriver.testCliDriver_schema_evol_orc_acid_mapwork_part
org.apache.hadoop.hive.cli.TestCliDriver.testCliDriver_schema_evol_orc_acid_mapwork_table
org.apache.hadoop.hive.cli.TestCliDriver.testCliDriver_schema_evol_orc_acidvec_mapwork_part
org.apache.hadoop.hive.cli.TestCliDriver.testCliDriver_schema_evol_orc_acidvec_mapwork_table
org.apache.hadoop.hive.cli.TestCliDriver.testCliDriver_selectDistinctStar
org.apache.hadoop.hive.cli.TestCliDriver.testCliDriver_select_dummy_source
org.apache.hadoop.hive.cli.TestCliDriver.testCliDriver_semijoin2
org.apache.hadoop.hive.cli.TestCliDriver.testCliDriver_semijoin3
org.apache.hadoop.hive.cli.TestCliDriver.testCliDriver_set_processor_namespaces
org.apache.hadoop.hive.cli.TestCliDriver.testCliDriver_set_variable_sub
org.apache.hadoop.hive.cli.TestCliDriver.testCliDriver_smb_join_partition_key
org.apache.hadoop.hive.cli.TestCliDriver.testCliDriver_smb_mapjoin9
org.apache.hadoop.hive.cli.TestCliDriver.testCliDriver_smb_mapjoin_10
org.apache.hadoop.hive.cli.TestCliDriver.testCliDriver_smb_mapjoin_11
org.apache.hadoop.hive.cli.TestCliDriver.testCliDriver_smb_mapjoin_12
org.apache.hadoop.hive.cli.TestCliDriver.testCliDriver_smb_mapjoin_18
org.apache.hadoop.hive.cli.TestCliDriver.testCliDriver_smb_mapjoin_19
org.apache.hadoop.hive.cli.TestCliDriver.testCliDriver_smb_mapjoin_20
org.apache.hadoop.hive.cli.TestCliDriver.testCliDriver_smb_mapjoin_25
org.apache.hadoop.hive.cli.TestCliDriver.testCliDriver_special_character_in_tabnames_1
org.apache.hadoop.hive.cli.TestCliDriver.testCliDriver_stats10
org.apache.hadoop.hive.cli.TestCliDriver.testCliDriver_stats3
org.apache.hadoop.hive.cli.TestCliDriver.testCliDriver_stats_empty_dyn_part
org.apache.hadoop.hive.cli.TestCliDriver.testCliDriver_stats_empty_partition
org.apache.hadoop.hive.cli.TestCliDriver.testCliDriver_stats_ppr_all
org.apache.hadoop.hive.cli.TestCliDriver.testCliDriver_str_to_map
org.apache.hadoop.hive.cli.TestCliDriver.testCliDriver_subquery_in
org.apache.hadoop.hive.cli.TestCliDriver.testCliDriver_subquery_notin
org.apache.hadoop.hive.cli.TestCliDriver.testCliDriver_subquery_notin_having
org.apache.hadoop.hive.cli.TestCliDriver.testCliDriver_subquery_unqualcolumnrefs
org.apache.hadoop.hive.cli.TestCliDriver.testCliDriver_subquery_views
org.apache.hadoop.hive.cli.TestCliDriver.testCliDriver_table_access_keys_stats
org.apache.hadoop.hive.cli.TestCliDriver.testCliDriver_temp_table
org.apache.hadoop.hive.cli.TestCliDriver.testCliDriver_temp_table_precedence
org.apache.hadoop.hive.cli.TestCliDriver.testCliDriver_test_boolean_whereclause
org.apache.hadoop.hive.cli.TestCliDriver.testCliDriver_timestamp_1
org.apache.hadoop.hive.cli.TestCliDriver.testCliDriver_timestamp_2
org.apache.hadoop.hive.cli.TestCliDriver.testCliDriver_timestamp_3
org.apache.hadoop.hive.cli.TestCliDriver.testCliDriver_timestamp_comparison
org.apache.hadoop.hive.cli.TestCliDriver.testCliDriver_timestamp_lazy
org.apache.hadoop.hive.cli.TestCliDriver.testCliDriver_timestamp_literal
org.apache.hadoop.hive.cli.TestCliDriver.testCliDriver_timestamp_udf
org.apache.hadoop.hive.cli.TestCliDriver.testCliDriver_truncate_column
org.apache.hadoop.hive.cli.TestCliDriver.testCliDriver_truncate_column_list_bucket
org.apache.hadoop.hive.cli.TestCliDriver.testCliDriver_truncate_table
org.apache.hadoop.hive.cli.TestCliDriver.testCliDriver_type_cast_1
org.apache.hadoop.hive.cli.TestCliDriver.testCliDriver_type_conversions_1
org.apache.hadoop.hive.cli.TestCliDriver.testCliDriver_type_widening
org.apache.hadoop.hive.cli.TestCliDriver.testCliDriver_udf1
org.apache.hadoop.hive.cli.TestCliDriver.testCliDriver_udf2
org.apache.hadoop.hive.cli.TestCliDriver.testCliDriver_udf4
org.apache.hadoop.hive.cli.TestCliDriver.testCliDriver_udf5
org.apache.hadoop.hive.cli.TestCliDriver.testCliDriver_udf6
org.apache.hadoop.hive.cli.TestCliDriver.testCliDriver_udf7
org.apache.hadoop.hive.cli.TestCliDriver.testCliDriver_udf8
org.apache.hadoop.hive.cli.TestCliDriver.testCliDriver_udf9
org.apache.hadoop.hive.cli.TestCliDriver.testCliDriver_udf_10_trims
org.apache.hadoop.hive.cli.TestCliDriver.testCliDriver_udf_E
org.apache.hadoop.hive.cli.TestCliDriver.testCliDriver_udf_PI
org.apache.hadoop.hive.cli.TestCliDriver.testCliDriver_udf_abs
org.apache.hadoop.hive.cli.TestCliDriver.testCliDriver_udf_acos
org.apache.hadoop.hive.cli.TestCliDriver.testCliDriver_udf_add_months
org.apache.hadoop.hive.cli.TestCliDriver.testCliDriver_udf_aes_decrypt
org.apache.hadoop.hive.cli.TestCliDriver.testCliDriver_udf_aes_encrypt
org.apache.hadoop.hive.cli.TestCliDriver.testCliDriver_udf_ascii
org.apache.hadoop.hive.cli.TestCliDriver.testCliDriver_udf_asin
org.apache.hadoop.hive.cli.TestCliDriver.testCliDriver_udf_atan
org.apache.hadoop.hive.cli.TestCliDriver.testCliDriver_udf_bin
org.apache.hadoop.hive.cli.TestCliDriver.testCliDriver_udf_bitwise_shiftleft
org.apache.hadoop.hive.cli.TestCliDriver.testCliDriver_udf_bitwise_shiftright
org.apache.hadoop.hive.cli.TestCliDriver.testCliDriver_udf_bitwise_shiftrightunsigned
org.apache.hadoop.hive.cli.TestCliDriver.testCliDriver_udf_bround
org.apache.hadoop.hive.cli.TestCliDriver.testCliDriver_udf_case
org.apache.hadoop.hive.cli.TestCliDriver.testCliDriver_udf_cbrt
org.apache.hadoop.hive.cli.TestCliDriver.testCliDriver_udf_coalesce
org.apache.hadoop.hive.cli.TestCliDriver.testCliDriver_udf_compare_java_string
org.apache.hadoop.hive.cli.TestCliDriver.testCliDriver_udf_concat
org.apache.hadoop.hive.cli.TestCliDriver.testCliDriver_udf_concat_insert1
org.apache.hadoop.hive.cli.TestCliDriver.testCliDriver_udf_concat_insert2
org.apache.hadoop.hive.cli.TestCliDriver.testCliDriver_udf_concat_ws
org.apache.hadoop.hive.cli.TestCliDriver.testCliDriver_udf_conv
org.apache.hadoop.hive.cli.TestCliDriver.testCliDriver_udf_cos
org.apache.hadoop.hive.cli.TestCliDriver.testCliDriver_udf_crc32
org.apache.hadoop.hive.cli.TestCliDriver.testCliDriver_udf_current_database
org.apache.hadoop.hive.cli.TestCliDriver.testCliDriver_udf_current_user
org.apache.hadoop.hive.cli.TestCliDriver.testCliDriver_udf_date_add
org.apache.hadoop.hive.cli.TestCliDriver.testCliDriver_udf_date_format
org.apache.hadoop.hive.cli.TestCliDriver.testCliDriver_udf_date_sub
org.apache.hadoop.hive.cli.TestCliDriver.testCliDriver_udf_decode
org.apache.hadoop.hive.cli.TestCliDriver.testCliDriver_udf_degrees
org.apache.hadoop.hive.cli.TestCliDriver.testCliDriver_udf_div
org.apache.hadoop.hive.cli.TestCliDriver.testCliDriver_udf_divide
org.apache.hadoop.hive.cli.TestCliDriver.testCliDriver_udf_elt
org.apache.hadoop.hive.cli.TestCliDriver.testCliDriver_udf_equal
org.apache.hadoop.hive.cli.TestCliDriver.testCliDriver_udf_example_add
org.apache.hadoop.hive.cli.TestCliDriver.testCliDriver_udf_factorial
org.apache.hadoop.hive.cli.TestCliDriver.testCliDriver_udf_field
org.apache.hadoop.hive.cli.TestCliDriver.testCliDriver_udf_find_in_set
org.apache.hadoop.hive.cli.TestCliDriver.testCliDriver_udf_folder_constants
org.apache.hadoop.hive.cli.TestCliDriver.testCliDriver_udf_format_number
org.apache.hadoop.hive.cli.TestCliDriver.testCliDriver_udf_from_utc_timestamp
org.apache.hadoop.hive.cli.TestCliDriver.testCliDriver_udf_get_json_object
org.apache.hadoop.hive.cli.TestCliDriver.testCliDriver_udf_greaterthan
org.apache.hadoop.hive.cli.TestCliDriver.testCliDriver_udf_greaterthanorequal
org.apache.hadoop.hive.cli.TestCliDriver.testCliDriver_udf_greatest
org.apache.hadoop.hive.cli.TestCliDriver.testCliDriver_udf_hash
org.apache.hadoop.hive.cli.TestCliDriver.testCliDriver_udf_hex
org.apache.hadoop.hive.cli.TestCliDriver.testCliDriver_udf_hour
org.apache.hadoop.hive.cli.TestCliDriver.testCliDriver_udf_if
org.apache.hadoop.hive.cli.TestCliDriver.testCliDriver_udf_in
org.apache.hadoop.hive.cli.TestCliDriver.testCliDriver_udf_instr
org.apache.hadoop.hive.cli.TestCliDriver.testCliDriver_udf_isnull_isnotnull
org.apache.hadoop.hive.cli.TestCliDriver.testCliDriver_udf_last_day
org.apache.hadoop.hive.cli.TestCliDriver.testCliDriver_udf_least
org.apache.hadoop.hive.cli.TestCliDriver.testCliDriver_udf_lessthan
org.apache.hadoop.hive.cli.TestCliDriver.testCliDriver_udf_lessthanorequal
org.apache.hadoop.hive.cli.TestCliDriver.testCliDriver_udf_levenshtein
org.apache.hadoop.hive.cli.TestCliDriver.testCliDriver_udf_like
org.apache.hadoop.hive.cli.TestCliDriver.testCliDriver_udf_locate
org.apache.hadoop.hive.cli.TestCliDriver.testCliDriver_udf_logic_java_boolean
org.apache.hadoop.hive.cli.TestCliDriver.testCliDriver_udf_lower
org.apache.hadoop.hive.cli.TestCliDriver.testCliDriver_udf_lpad
org.apache.hadoop.hive.cli.TestCliDriver.testCliDriver_udf_md5
org.apache.hadoop.hive.cli.TestCliDriver.testCliDriver_udf_minute
org.apache.hadoop.hive.cli.TestCliDriver.testCliDriver_udf_months_between
org.apache.hadoop.hive.cli.TestCliDriver.testCliDriver_udf_negative
org.apache.hadoop.hive.cli.TestCliDriver.testCliDriver_udf_next_day
org.apache.hadoop.hive.cli.TestCliDriver.testCliDriver_udf_notop
org.apache.hadoop.hive.cli.TestCliDriver.testCliDriver_udf_nvl
org.apache.hadoop.hive.cli.TestCliDriver.testCliDriver_udf_parse_url
org.apache.hadoop.hive.cli.TestCliDriver.testCliDriver_udf_pmod
org.apache.hadoop.hive.cli.TestCliDriver.testCliDriver_udf_printf
org.apache.hadoop.hive.cli.TestCliDriver.testCliDriver_udf_quarter
org.apache.hadoop.hive.cli.TestCliDriver.testCliDriver_udf_radians
org.apache.hadoop.hive.cli.TestCliDriver.testCliDriver_udf_reflect2
org.apache.hadoop.hive.cli.TestCliDriver.testCliDriver_udf_regexp
org.apache.hadoop.hive.cli.TestCliDriver.testCliDriver_udf_repeat
org.apache.hadoop.hive.cli.TestCliDriver.testCliDriver_udf_round
org.apache.hadoop.hive.cli.TestCliDriver.testCliDriver_udf_round_2
org.apache.hadoop.hive.cli.TestCliDriver.testCliDriver_udf_round_3
org.apache.hadoop.hive.cli.TestCliDriver.testCliDriver_udf_rpad
org.apache.hadoop.hive.cli.TestCliDriver.testCliDriver_udf_second
org.apache.hadoop.hive.cli.TestCliDriver.testCliDriver_udf_sha1
org.apache.hadoop.hive.cli.TestCliDriver.testCliDriver_udf_sha2
org.apache.hadoop.hive.cli.TestCliDriver.testCliDriver_udf_sign
org.apache.hadoop.hive.cli.TestCliDriver.testCliDriver_udf_sin
org.apache.hadoop.hive.cli.TestCliDriver.testCliDriver_udf_size
org.apache.hadoop.hive.cli.TestCliDriver.testCliDriver_udf_soundex
org.apache.hadoop.hive.cli.TestCliDriver.testCliDriver_udf_space
org.apache.hadoop.hive.cli.TestCliDriver.testCliDriver_udf_struct
org.apache.hadoop.hive.cli.TestCliDriver.testCliDriver_udf_substr
org.apache.hadoop.hive.cli.TestCliDriver.testCliDriver_udf_substring_index
org.apache.hadoop.hive.cli.TestCliDriver.testCliDriver_udf_tan
org.apache.hadoop.hive.cli.TestCliDriver.testCliDriver_udf_to_boolean
org.apache.hadoop.hive.cli.TestCliDriver.testCliDriver_udf_to_byte
org.apache.hadoop.hive.cli.TestCliDriver.testCliDriver_udf_to_double
org.apache.hadoop.hive.cli.TestCliDriver.testCliDriver_udf_to_float
org.apache.hadoop.hive.cli.TestCliDriver.testCliDriver_udf_to_long
org.apache.hadoop.hive.cli.TestCliDriver.testCliDriver_udf_to_short
org.apache.hadoop.hive.cli.TestCliDriver.testCliDriver_udf_to_string
org.apache.hadoop.hive.cli.TestCliDriver.testCliDriver_udf_to_unix_timestamp
org.apache.hadoop.hive.cli.TestCliDriver.testCliDriver_udf_to_utc_timestamp
org.apache.hadoop.hive.cli.TestCliDriver.testCliDriver_udf_translate
org.apache.hadoop.hive.cli.TestCliDriver.testCliDriver_udf_trunc
org.apache.hadoop.hive.cli.TestCliDriver.testCliDriver_udf_unhex
org.apache.hadoop.hive.cli.TestCliDriver.testCliDriver_udf_unix_timestamp
org.apache.hadoop.hive.cli.TestCliDriver.testCliDriver_udf_weekofyear
org.apache.hadoop.hive.cli.TestCliDriver.testCliDriver_udf_when
org.apache.hadoop.hive.cli.TestCliDriver.testCliDriver_udf_xpath_boolean
org.apache.hadoop.hive.cli.TestCliDriver.testCliDriver_udf_xpath_double
org.apache.hadoop.hive.cli.TestCliDriver.testCliDriver_udf_xpath_float
org.apache.hadoop.hive.cli.TestCliDriver.testCliDriver_udf_xpath_int
org.apache.hadoop.hive.cli.TestCliDriver.testCliDriver_udf_xpath_long
org.apache.hadoop.hive.cli.TestCliDriver.testCliDriver_udf_xpath_short
org.apache.hadoop.hive.cli.TestCliDriver.testCliDriver_udf_xpath_string
org.apache.hadoop.hive.cli.TestCliDriver.testCliDriver_udtf_json_tuple
org.apache.hadoop.hive.cli.TestCliDriver.testCliDriver_udtf_parse_url_tuple
org.apache.hadoop.hive.cli.TestCliDriver.testCliDriver_udtf_stack
org.apache.hadoop.hive.cli.TestCliDriver.testCliDriver_union22
org.apache.hadoop.hive.cli.TestCliDriver.testCliDriver_union26
org.apache.hadoop.hive.cli.TestCliDriver.testCliDriver_union27
org.apache.hadoop.hive.cli.TestCliDriver.testCliDriver_union9
org.apache.hadoop.hive.cli.TestCliDriver.testCliDriver_unionDistinct_1
org.apache.hadoop.hive.cli.TestCliDriver.testCliDriver_union_date_trim
org.apache.hadoop.hive.cli.TestCliDriver.testCliDriver_union_fast_stats
org.apache.hadoop.hive.cli.TestCliDriver.testCliDriver_union_null
org.apache.hadoop.hive.cli.TestCliDriver.testCliDriver_union_ppr
org.apache.hadoop.hive.cli.TestCliDriver.testCliDriver_union_remove_15
org.apache.hadoop.hive.cli.TestCliDriver.testCliDriver_union_remove_16
org.apache.hadoop.hive.cli.TestCliDriver.testCliDriver_union_remove_17
org.apache.hadoop.hive.cli.TestCliDriver.testCliDriver_union_remove_18
org.apache.hadoop.hive.cli.TestCliDriver.testCliDriver_union_remove_25
org.apache.hadoop.hive.cli.TestCliDriver.testCliDriver_union_top_level
org.apache.hadoop.hive.cli.TestCliDriver.testCliDriver_union_view
org.apache.hadoop.hive.cli.TestCliDriver.testCliDriver_unionall_unbalancedppd
org.apache.hadoop.hive.cli.TestCliDriver.testCliDriver_update_after_multiple_inserts
org.apache.hadoop.hive.cli.TestCliDriver.testCliDriver_update_all_non_partitioned
org.apache.hadoop.hive.cli.TestCliDriver.testCliDriver_update_all_partitioned
org.apache.hadoop.hive.cli.TestCliDriver.testCliDriver_update_all_types
org.apache.hadoop.hive.cli.TestCliDriver.testCliDriver_update_orig_table
org.apache.hadoop.hive.cli.TestCliDriver.testCliDriver_update_tmp_table
org.apache.hadoop.hive.cli.TestCliDriver.testCliDriver_update_two_cols
org.apache.hadoop.hive.cli.TestCliDriver.testCliDriver_update_where_no_match
org.apache.hadoop.hive.cli.TestCliDriver.testCliDriver_update_where_non_partitioned
org.apache.hadoop.hive.cli.TestCliDriver.testCliDriver_update_where_partitioned
org.apache.hadoop.hive.cli.TestCliDriver.testCliDriver_varchar_cast
org.apache.hadoop.hive.cli.TestCliDriver.testCliDriver_varchar_comparison
org.apache.hadoop.hive.cli.TestCliDriver.testCliDriver_varchar_udf1
org.apache.hadoop.hive.cli.TestCliDriver.testCliDriver_vector_coalesce
org.apache.hadoop.hive.cli.TestCliDriver.testCliDriver_vector_date_1
org.apache.hadoop.hive.cli.TestCliDriver.testCliDriver_vector_decimal_1
org.apache.hadoop.hive.cli.TestCliDriver.testCliDriver_vector_decimal_2
org.apache.hadoop.hive.cli.TestCliDriver.testCliDriver_vector_decimal_3
org.apache.hadoop.hive.cli.TestCliDriver.testCliDriver_vector_decimal_round_2
org.apache.hadoop.hive.cli.TestCliDriver.testCliDriver_vector_decimal_udf2
org.apache.hadoop.hive.cli.TestCliDriver.testCliDriver_vector_elt
org.apache.hadoop.hive.cli.TestCliDriver.testCliDriver_vector_interval_1
org.apache.hadoop.hive.cli.TestCliDriver.testCliDriver_vector_interval_2
org.apache.hadoop.hive.cli.TestCliDriver.testCliDriver_vector_mapjoin_reduce
org.apache.hadoop.hive.cli.TestCliDriver.testCliDriver_vector_multi_insert
org.apache.hadoop.hive.cli.TestCliDriver.testCliDriver_vector_non_string_partition
org.apache.hadoop.hive.cli.TestCliDriver.testCliDriver_vector_null_projection
org.apache.hadoop.hive.cli.TestCliDriver.testCliDriver_vector_nvl
org.apache.hadoop.hive.cli.TestCliDriver.testCliDriver_vector_outer_join1
org.apache.hadoop.hive.cli.TestCliDriver.testCliDriver_vector_outer_join2
org.apache.hadoop.hive.cli.TestCliDriver.testCliDriver_vector_outer_join3
org.apache.hadoop.hive.cli.TestCliDriver.testCliDriver_vector_outer_join4
org.apache.hadoop.hive.cli.TestCliDriver.testCliDriver_vector_partition_diff_num_cols
org.apache.hadoop.hive.cli.TestCliDriver.testCliDriver_vectorization_short_regress
org.apache.hadoop.hive.cli.TestCliDriver.testCliDriver_vectorized_date_funcs
org.apache.hadoop.hive.cli.TestCliDriver.testCliDriver_vectorized_distinct_gby
org.apache.hadoop.hive.cli.TestCliDriver.testCliDriver_vectorized_parquet
org.apache.hadoop.hive.cli.TestCliDriver.testCliDriver_vectorized_timestamp_funcs
org.apache.hadoop.hive.cli.TestCliDriver.testCliDriver_windowing
org.apache.hadoop.hive.cli.TestCliDriver.testCliDriver_windowing_navfn
org.apache.hadoop.hive.cli.TestCliDriver.testCliDriver_windowing_rank
org.apache.hadoop.hive.cli.TestCliDriver.testCliDriver_windowing_streaming
org.apache.hadoop.hive.cli.TestContribCliDriver.testCliDriver_serde_typedbytes_null
org.apache.hadoop.hive.cli.TestContribCliDriver.testCliDriver_udf_example_add
org.apache.hadoop.hive.cli.TestContribCliDriver.testCliDriver_udf_example_format
org.apache.hadoop.hive.cli.TestEncryptedHDFSCliDriver.testCliDriver_encryption_insert_partition_dynamic
org.apache.hadoop.hive.cli.TestHBaseCliDriver.testCliDriver_external_table_ppd
org.apache.hadoop.hive.cli.TestHBaseCliDriver.testCliDriver_hbase_binary_map_queries
org.apache.hadoop.hive.cli.TestHBaseCliDriver.testCliDriver_hbase_binary_map_queries_prefix
org.apache.hadoop.hive.cli.TestHBaseCliDriver.testCliDriver_hbase_binary_storage_queries
org.apache.hadoop.hive.cli.TestHBaseCliDriver.testCliDriver_hbase_custom_key
org.apache.hadoop.hive.cli.TestHBaseCliDriver.testCliDriver_hbase_joins
org.apache.hadoop.hive.cli.TestHBaseCliDriver.testCliDriver_hbase_ppd_join
org.apache.hadoop.hive.cli.TestHBaseCliDriver.testCliDriver_hbase_pushdown
org.apache.hadoop.hive.cli.TestHBaseCliDriver.testCliDriver_hbase_single_sourced_multi_insert
org.apache.hadoop.hive.cli.TestHBaseCliDriver.testCliDriver_hbase_timestamp
org.apache.hadoop.hive.cli.TestHBaseCliDriver.testCliDriver_hbase_timestamp_format
org.apache.hadoop.hive.cli.TestHBaseCliDriver.testCliDriver_ppd_key_ranges
org.apache.hadoop.hive.cli.TestMiniLlapCliDriver.testCliDriver_bucket_map_join_tez1
org.apache.hadoop.hive.cli.TestMiniLlapCliDriver.testCliDriver_dynamic_partition_pruning
org.apache.hadoop.hive.cli.TestMiniLlapCliDriver.testCliDriver_dynamic_partition_pruning_2
org.apache.hadoop.hive.cli.TestMiniLlapCliDriver.testCliDriver_hybridgrace_hashjoin_1
org.apache.hadoop.hive.cli.TestMiniLlapCliDriver.testCliDriver_hybridgrace_hashjoin_2
org.apache.hadoop.hive.cli.TestMiniLlapCliDriver.testCliDriver_orc_ppd_basic
org.apache.hadoop.hive.cli.TestMiniLlapCliDriver.testCliDriver_tez_dml
org.apache.hadoop.hive.cli.TestMiniLlapCliDriver.testCliDriver_tez_schema_evolution
org.apache.hadoop.hive.cli.TestMiniLlapCliDriver.testCliDriver_tez_self_join
org.apache.hadoop.hive.cli.TestMiniLlapCliDriver.testCliDriver_tez_union_dynamic_partition
org.apache.hadoop.hive.cli.TestMiniLlapCliDriver.testCliDriver_vectorized_dynamic_partition_pruning
org.apache.hadoop.hive.cli.TestMiniSparkOnYarnCliDriver.testCliDriver_auto_sortmerge_join_16
org.apache.hadoop.hive.cli.TestMiniSparkOnYarnCliDriver.testCliDriver_bucketizedhiveinputformat
org.apache.hadoop.hive.cli.TestMiniSparkOnYarnCliDriver.testCliDriver_constprog_partitioner
org.apache.hadoop.hive.cli.TestMiniSparkOnYarnCliDriver.testCliDriver_index_bitmap3
org.apache.hadoop.hive.cli.TestMiniSparkOnYarnCliDriver.testCliDriver_index_bitmap_auto
org.apache.hadoop.hive.cli.TestMiniSparkOnYarnCliDriver.testCliDriver_infer_bucket_sort_bucketed_table
org.apache.hadoop.hive.cli.TestMiniSparkOnYarnCliDriver.testCliDriver_schemeAuthority
org.apache.hadoop.hive.cli.TestMiniSparkOnYarnCliDriver.testCliDriver_schemeAuthority2
org.apache.hadoop.hive.cli.TestMiniSparkOnYarnCliDriver.testCliDriver_vector_outer_join1
org.apache.hadoop.hive.cli.TestMiniSparkOnYarnCliDriver.testCliDriver_vector_outer_join2
org.apache.hadoop.hive.cli.TestMiniSparkOnYarnCliDriver.testCliDriver_vector_outer_join3
org.apache.hadoop.hive.cli.TestMiniSparkOnYarnCliDriver.testCliDriver_vector_outer_join4
org.apache.hadoop.hive.cli.TestMiniTezCliDriver.testCliDriver_auto_sortmerge_join_16
org.apache.hadoop.hive.cli.TestMiniTezCliDriver.testCliDriver_bucket3
org.apache.hadoop.hive.cli.TestMiniTezCliDriver.testCliDriver_bucket_map_join_tez1
org.apache.hadoop.hive.cli.TestMiniTezCliDriver.testCliDriver_cbo_gby_empty
org.apache.hadoop.hive.cli.TestMiniTezCliDriver.testCliDriver_cbo_join
org.apache.hadoop.hive.cli.TestMiniTezCliDriver.testCliDriver_cbo_simple_select
org.apache.hadoop.hive.cli.TestMiniTezCliDriver.testCliDriver_cbo_stats
org.apache.hadoop.hive.cli.TestMiniTezCliDriver.testCliDriver_cbo_subq_in
org.apache.hadoop.hive.cli.TestMiniTezCliDriver.testCliDriver_cbo_subq_not_in
org.apache.hadoop.hive.cli.TestMiniTezCliDriver.testCliDriver_cbo_views
org.apache.hadoop.hive.cli.TestMiniTezCliDriver.testCliDriver_cross_join
org.apache.hadoop.hive.cli.TestMiniTezCliDriver.testCliDriver_cross_product_check_1
org.apache.hadoop.hive.cli.TestMiniTezCliDriver.testCliDriver_cross_product_check_2
org.apache.hadoop.hive.cli.TestMiniTezCliDriver.testCliDriver_delete_whole_partition
org.apache.hadoop.hive.cli.TestMiniTezCliDriver.testCliDriver_dynamic_partition_pruning
org.apache.hadoop.hive.cli.TestMiniTezCliDriver.testCliDriver_dynamic_partition_pruning_2
org.apache.hadoop.hive.cli.TestMiniTezCliDriver.testCliDriver_dynpart_sort_optimization2
org.apache.hadoop.hive.cli.TestMiniTezCliDriver.testCliDriver_explainuser_1
org.apache.hadoop.hive.cli.TestMiniTezCliDriver.testCliDriver_explainuser_2
org.apache.hadoop.hive.cli.TestMiniTezCliDriver.testCliDriver_explainuser_3
org.apache.hadoop.hive.cli.TestMiniTezCliDriver.testCliDriver_filter_join_breaktask
org.apache.hadoop.hive.cli.TestMiniTezCliDriver.testCliDriver_filter_join_breaktask2
org.apache.hadoop.hive.cli.TestMiniTezCliDriver.testCliDriver_hybridgrace_hashjoin_2
org.apache.hadoop.hive.cli.TestMiniTezCliDriver.testCliDriver_insert_into1
org.apache.hadoop.hive.cli.TestMiniTezCliDriver.testCliDriver_insert_update_delete
org.apache.hadoop.hive.cli.TestMiniTezCliDriver.testCliDriver_join_nullsafe
org.apache.hadoop.hive.cli.TestMiniTezCliDriver.testCliDriver_load_dyn_part2
org.apache.hadoop.hive.cli.TestMiniTezCliDriver.testCliDriver_mergejoin
org.apache.hadoop.hive.cli.TestMiniTezCliDriver.testCliDriver_metadata_only_queries
org.apache.hadoop.hive.cli.TestMiniTezCliDriver.testCliDriver_nonmr_fetch_threshold
org.apache.hadoop.hive.cli.TestMiniTezCliDriver.testCliDriver_orc_merge10
org.apache.hadoop.hive.cli.TestMiniTezCliDriver.testCliDriver_orc_ppd_basic
org.apache.hadoop.hive.cli.TestMiniTezCliDriver.testCliDriver_orc_vectorization_ppd
org.apache.hadoop.hive.cli.TestMiniTezCliDriver.testCliDriver_ptf_matchpath
org.apache.hadoop.hive.cli.TestMiniTezCliDriver.testCliDriver_sample1
org.apache.hadoop.hive.cli.TestMiniTezCliDriver.testCliDriver_schema_evol_orc_acid_mapwork_part
org.apache.hadoop.hive.cli.TestMiniTezCliDriver.testCliDriver_schema_evol_orc_acid_mapwork_table
org.apache.hadoop.hive.cli.TestMiniTezCliDriver.testCliDriver_schema_evol_orc_acidvec_mapwork_part
org.apache.hadoop.hive.cli.TestMiniTezCliDriver.testCliDriver_schema_evol_orc_acidvec_mapwork_table
org.apache.hadoop.hive.cli.TestMiniTezCliDriver.testCliDriver_selectDistinctStar
org.apache.hadoop.hive.cli.TestMiniTezCliDriver.testCliDriver_select_dummy_source
org.apache.hadoop.hive.cli.TestMiniTezCliDriver.testCliDriver_subquery_in
org.apache.hadoop.hive.cli.TestMiniTezCliDriver.testCliDriver_temp_table
org.apache.hadoop.hive.cli.TestMiniTezCliDriver.testCliDriver_tez_dml
org.apache.hadoop.hive.cli.TestMiniTezCliDriver.testCliDriver_tez_schema_evolution
org.apache.hadoop.hive.cli.TestMiniTezCliDriver.testCliDriver_tez_self_join
org.apache.hadoop.hive.cli.TestMiniTezCliDriver.testCliDriver_tez_union_dynamic_partition
org.apache.hadoop.hive.cli.TestMiniTezCliDriver.testCliDriver_unionDistinct_1
org.apache.hadoop.hive.cli.TestMiniTezCliDriver.testCliDriver_union_fast_stats
org.apache.hadoop.hive.cli.TestMiniTezCliDriver.testCliDriver_update_after_multiple_inserts
org.apache.hadoop.hive.cli.TestMiniTezCliDriver.testCliDriver_update_all_non_partitioned
org.apache.hadoop.hive.cli.TestMiniTezCliDriver.testCliDriver_update_all_partitioned
org.apache.hadoop.hive.cli.TestMiniTezCliDriver.testCliDriver_update_all_types
org.apache.hadoop.hive.cli.TestMiniTezCliDriver.testCliDriver_update_orig_table
org.apache.hadoop.hive.cli.TestMiniTezCliDriver.testCliDriver_update_tmp_table
org.apache.hadoop.hive.cli.TestMiniTezCliDriver.testCliDriver_update_two_cols
org.apache.hadoop.hive.cli.TestMiniTezCliDriver.testCliDriver_update_where_no_match
org.apache.hadoop.hive.cli.TestMiniTezCliDriver.testCliDriver_update_where_non_partitioned
org.apache.hadoop.hive.cli.TestMiniTezCliDriver.testCliDriver_update_where_partitioned
org.apache.hadoop.hive.cli.TestMiniTezCliDriver.testCliDriver_vector_coalesce
org.apache.hadoop.hive.cli.TestMiniTezCliDriver.testCliDriver_vector_date_1
org.apache.hadoop.hive.cli.TestMiniTezCliDriver.testCliDriver_vector_decimal_1
org.apache.hadoop.hive.cli.TestMiniTezCliDriver.testCliDriver_vector_decimal_2
org.apache.hadoop.hive.cli.TestMiniTezCliDriver.testCliDriver_vector_decimal_round_2
org.apache.hadoop.hive.cli.TestMiniTezCliDriver.testCliDriver_vector_decimal_udf2
org.apache.hadoop.hive.cli.TestMiniTezCliDriver.testCliDriver_vector_elt
org.apache.hadoop.hive.cli.TestMiniTezCliDriver.testCliDriver_vector_interval_1
org.apache.hadoop.hive.cli.TestMiniTezCliDriver.testCliDriver_vector_interval_2
org.apache.hadoop.hive.cli.TestMiniTezCliDriver.testCliDriver_vector_mapjoin_reduce
org.apache.hadoop.hive.cli.TestMiniTezCliDriver.testCliDriver_vector_multi_insert
org.apache.hadoop.hive.cli.TestMiniTezCliDriver.testCliDriver_vector_non_string_partition
org.apache.hadoop.hive.cli.TestMiniTezCliDriver.testCliDriver_vector_null_projection
org.apache.hadoop.hive.cli.TestMiniTezCliDriver.testCliDriver_vector_nvl
org.apache.hadoop.hive.cli.TestMiniTezCliDriver.testCliDriver_vector_outer_join1
org.apache.hadoop.hive.cli.TestMiniTezCliDriver.testCliDriver_vector_outer_join2
org.apache.hadoop.hive.cli.TestMiniTezCliDriver.testCliDriver_vector_outer_join3
org.apache.hadoop.hive.cli.TestMiniTezCliDriver.testCliDriver_vector_outer_join4
org.apache.hadoop.hive.cli.TestMiniTezCliDriver.testCliDriver_vectorization_short_regress
org.apache.hadoop.hive.cli.TestMiniTezCliDriver.testCliDriver_vectorized_date_funcs
org.apache.hadoop.hive.cli.TestMiniTezCliDriver.testCliDriver_vectorized_distinct_gby
org.apache.hadoop.hive.cli.TestMiniTezCliDriver.testCliDriver_vectorized_dynamic_partition_pruning
org.apache.hadoop.hive.cli.TestMiniTezCliDriver.testCliDriver_vectorized_parquet
org.apache.hadoop.hive.cli.TestMiniTezCliDriver.testCliDriver_vectorized_timestamp_funcs
org.apache.hadoop.hive.cli.TestMinimrCliDriver.testCliDriver_auto_sortmerge_join_16
org.apache.hadoop.hive.cli.TestMinimrCliDriver.testCliDriver_bucketizedhiveinputformat
org.apache.hadoop.hive.cli.TestMinimrCliDriver.testCliDriver_constprog_partitioner
org.apache.hadoop.hive.cli.TestMinimrCliDriver.testCliDriver_exchgpartition2lel
org.apache.hadoop.hive.cli.TestMinimrCliDriver.testCliDriver_index_bitmap3
org.apache.hadoop.hive.cli.TestMinimrCliDriver.testCliDriver_index_bitmap_auto
org.apache.hadoop.hive.cli.TestMinimrCliDriver.testCliDriver_infer_bucket_sort_bucketed_table
org.apache.hadoop.hive.cli.TestMinimrCliDriver.testCliDriver_infer_bucket_sort_dyn_part
org.apache.hadoop.hive.cli.TestMinimrCliDriver.testCliDriver_schemeAuthority
org.apache.hadoop.hive.cli.TestMinimrCliDriver.testCliDriver_schemeAuthority2
org.apache.hadoop.hive.cli.TestMinimrCliDriver.testCliDriver_udf_using
org.apache.hadoop.hive.cli.TestNegativeCliDriver.testNegativeCliDriver_alter_view_as_select_with_partition
org.apache.hadoop.hive.cli.TestNegativeCliDriver.testNegativeCliDriver_alter_view_failure6
org.apache.hadoop.hive.cli.TestNegativeCliDriver.testNegativeCliDriver_archive_insert4
org.apache.hadoop.hive.cli.TestNegativeCliDriver.testNegativeCliDriver_authorization_update_noupdatepriv
org.apache.hadoop.hive.cli.TestNegativeCliDriver.testNegativeCliDriver_authorization_uri_import
org.apache.hadoop.hive.cli.TestNegativeCliDriver.testNegativeCliDriver_bucket_mapjoin_mismatch1
org.apache.hadoop.hive.cli.TestNegativeCliDriver.testNegativeCliDriver_create_or_replace_view1
org.apache.hadoop.hive.cli.TestNegativeCliDriver.testNegativeCliDriver_create_or_replace_view2
org.apache.hadoop.hive.cli.TestNegativeCliDriver.testNegativeCliDriver_disallow_incompatible_type_change_on1
org.apache.hadoop.hive.cli.TestNegativeCliDriver.testNegativeCliDriver_disallow_incompatible_type_change_on2
org.apache.hadoop.hive.cli.TestNegativeCliDriver.testNegativeCliDriver_dynamic_partitions_with_whitelist
org.apache.hadoop.hive.cli.TestNegativeCliDriver.testNegativeCliDriver_index_compact_entry_limit
org.apache.hadoop.hive.cli.TestNegativeCliDriver.testNegativeCliDriver_index_compact_size_limit
org.apache.hadoop.hive.cli.TestNegativeCliDriver.testNegativeCliDriver_input_part0_neg
org.apache.hadoop.hive.cli.TestNegativeCliDriver.testNegativeCliDriver_join28
org.apache.hadoop.hive.cli.TestNegativeCliDriver.testNegativeCliDriver_join32
org.apache.hadoop.hive.cli.TestNegativeCliDriver.testNegativeCliDriver_join_nonexistent_part
org.apache.hadoop.hive.cli.TestSparkCliDriver.testCliDriver_add_part_multiple
org.apache.hadoop.hive.cli.TestSparkCliDriver.testCliDriver_auto_join14
org.apache.hadoop.hive.cli.TestSparkCliDriver.testCliDriver_auto_join32
org.apache.hadoop.hive.cli.TestSparkCliDriver.testCliDriver_auto_join8
org.apache.hadoop.hive.cli.TestSparkCliDriver.testCliDriver_auto_join9
org.apache.hadoop.hive.cli.TestSparkCliDriver.testCliDriver_auto_join_reordering_values
org.apache.hadoop.hive.cli.TestSparkCliDriver.testCliDriver_auto_sortmerge_join_16
org.apache.hadoop.hive.cli.TestSparkCliDriver.testCliDriver_bucket3
org.apache.hadoop.hive.cli.TestSparkCliDriver.testCliDriver_bucket_map_join_spark1
org.apache.hadoop.hive.cli.TestSparkCliDriver.testCliDriver_bucket_map_join_spark2
org.apache.hadoop.hive.cli.TestSparkCliDriver.testCliDriver_bucket_map_join_spark3
org.apache.hadoop.hive.cli.TestSparkCliDriver.testCliDriver_bucket_map_join_tez1
org.apache.hadoop.hive.cli.TestSparkCliDriver.testCliDriver_bucketsortoptimize_insert_2
org.apache.hadoop.hive.cli.TestSparkCliDriver.testCliDriver_bucketsortoptimize_insert_4
org.apache.hadoop.hive.cli.TestSparkCliDriver.testCliDriver_bucketsortoptimize_insert_6
org.apache.hadoop.hive.cli.TestSparkCliDriver.testCliDriver_bucketsortoptimize_insert_7
org.apache.hadoop.hive.cli.TestSparkCliDriver.testCliDriver_bucketsortoptimize_insert_8
org.apache.hadoop.hive.cli.TestSparkCliDriver.testCliDriver_cbo_gby_empty
org.apache.hadoop.hive.cli.TestSparkCliDriver.testCliDriver_cbo_simple_select
org.apache.hadoop.hive.cli.TestSparkCliDriver.testCliDriver_cbo_stats
org.apache.hadoop.hive.cli.TestSparkCliDriver.testCliDriver_cbo_subq_in
org.apache.hadoop.hive.cli.TestSparkCliDriver.testCliDriver_cbo_subq_not_in
org.apache.hadoop.hive.cli.TestSparkCliDriver.testCliDriver_column_access_stats
org.apache.hadoop.hive.cli.TestSparkCliDriver.testCliDriver_cross_join
org.apache.hadoop.hive.cli.TestSparkCliDriver.testCliDriver_cross_product_check_1
org.apache.hadoop.hive.cli.TestSparkCliDriver.testCliDriver_cross_product_check_2
org.apache.hadoop.hive.cli.TestSparkCliDriver.testCliDriver_date_udf
org.apache.hadoop.hive.cli.TestSparkCliDriver.testCliDriver_dynamic_rdd_cache
org.apache.hadoop.hive.cli.TestSparkCliDriver.testCliDriver_filter_join_breaktask
org.apache.hadoop.hive.cli.TestSparkCliDriver.testCliDriver_filter_join_breaktask2
org.apache.hadoop.hive.cli.TestSparkCliDriver.testCliDriver_groupby_sort_1_23
org.apache.hadoop.hive.cli.TestSparkCliDriver.testCliDriver_groupby_sort_skew_1_23
org.apache.hadoop.hive.cli.TestSparkCliDriver.testCliDriver_identity_project_remove_skip
org.apache.hadoop.hive.cli.TestSparkCliDriver.testCliDriver_input_part2
org.apache.hadoop.hive.cli.TestSparkCliDriver.testCliDriver_insert1
org.apache.hadoop.hive.cli.TestSparkCliDriver.testCliDriver_insert_into1
org.apache.hadoop.hive.cli.TestSparkCliDriver.testCliDriver_join14
org.apache.hadoop.hive.cli.TestSparkCliDriver.testCliDriver_join26
org.apache.hadoop.hive.cli.TestSparkCliDriver.testCliDriver_join28
org.apache.hadoop.hive.cli.TestSparkCliDriver.testCliDriver_join32
org.apache.hadoop.hive.cli.TestSparkCliDriver.testCliDriver_join32_lessSize
org.apache.hadoop.hive.cli.TestSparkCliDriver.testCliDriver_join33
org.apache.hadoop.hive.cli.TestSparkCliDriver.testCliDriver_join38
org.apache.hadoop.hive.cli.TestSparkCliDriver.testCliDriver_join41
org.apache.hadoop.hive.cli.TestSparkCliDriver.testCliDriver_join8
org.apache.hadoop.hive.cli.TestSparkCliDriver.testCliDriver_join9
org.apache.hadoop.hive.cli.TestSparkCliDriver.testCliDriver_join_cond_pushdown_1
org.apache.hadoop.hive.cli.TestSparkCliDriver.testCliDriver_join_cond_pushdown_3
org.apache.hadoop.hive.cli.TestSparkCliDriver.testCliDriver_join_cond_pushdown_unqual1
org.apache.hadoop.hive.cli.TestSparkCliDriver.testCliDriver_join_cond_pushdown_unqual3
org.apache.hadoop.hive.cli.TestSparkCliDriver.testCliDriver_join_filters_overlap
org.apache.hadoop.hive.cli.TestSparkCliDriver.testCliDriver_join_literals
org.apache.hadoop.hive.cli.TestSparkCliDriver.testCliDriver_join_nullsafe
org.apache.hadoop.hive.cli.TestSparkCliDriver.testCliDriver_join_view
org.apache.hadoop.hive.cli.TestSparkCliDriver.testCliDriver_limit_partition_metadataonly
org.apache.hadoop.hive.cli.TestSparkCliDriver.testCliDriver_list_bucket_dml_2
org.apache.hadoop.hive.cli.TestSparkCliDriver.testCliDriver_load_dyn_part11
org.apache.hadoop.hive.cli.TestSparkCliDriver.testCliDriver_load_dyn_part14
org.apache.hadoop.hive.cli.TestSparkCliDriver.testCliDriver_load_dyn_part2
org.apache.hadoop.hive.cli.TestSparkCliDriver.testCliDriver_load_dyn_part4
org.apache.hadoop.hive.cli.TestSparkCliDriver.testCliDriver_load_dyn_part5
org.apache.hadoop.hive.cli.TestSparkCliDriver.testCliDriver_load_dyn_part6
org.apache.hadoop.hive.cli.TestSparkCliDriver.testCliDriver_louter_join_ppr
org.apache.hadoop.hive.cli.TestSparkCliDriver.testCliDriver_mapjoin_subquery
org.apache.hadoop.hive.cli.TestSparkCliDriver.testCliDriver_mapjoin_test_outer
org.apache.hadoop.hive.cli.TestSparkCliDriver.testCliDriver_metadata_only_queries
org.apache.hadoop.hive.cli.TestSparkCliDriver.testCliDriver_multi_insert
org.apache.hadoop.hive.cli.TestSparkCliDriver.testCliDriver_multi_insert_move_tasks_share_dependencies
org.apache.hadoop.hive.cli.TestSparkCliDriver.testCliDriver_pcr
org.apache.hadoop.hive.cli.TestSparkCliDriver.testCliDriver_ppd_join4
org.apache.hadoop.hive.cli.TestSparkCliDriver.testCliDriver_ppd_join5
org.apache.hadoop.hive.cli.TestSparkCliDriver.testCliDriver_ptf_general_queries
org.apache.hadoop.hive.cli.TestSparkCliDriver.testCliDriver_ptf_matchpath
org.apache.hadoop.hive.cli.TestSparkCliDriver.testCliDriver_router_join_ppr
org.apache.hadoop.hive.cli.TestSparkCliDriver.testCliDriver_sample1
org.apache.hadoop.hive.cli.TestSparkCliDriver.testCliDriver_sample8
org.apache.hadoop.hive.cli.TestSparkCliDriver.testCliDriver_smb_mapjoin_10
org.apache.hadoop.hive.cli.TestSparkCliDriver.testCliDriver_smb_mapjoin_11
org.apache.hadoop.hive.cli.TestSparkCliDriver.testCliDriver_smb_mapjoin_12
org.apache.hadoop.hive.cli.TestSparkCliDriver.testCliDriver_smb_mapjoin_18
org.apache.hadoop.hive.cli.TestSparkCliDriver.testCliDriver_smb_mapjoin_19
org.apache.hadoop.hive.cli.TestSparkCliDriver.testCliDriver_smb_mapjoin_20
org.apache.hadoop.hive.cli.TestSparkCliDriver.testCliDriver_smb_mapjoin_25
org.apache.hadoop.hive.cli.TestSparkCliDriver.testCliDriver_smb_mapjoin_8
org.apache.hadoop.hive.cli.TestSparkCliDriver.testCliDriver_stats10
org.apache.hadoop.hive.cli.TestSparkCliDriver.testCliDriver_stats3
org.apache.hadoop.hive.cli.TestSparkCliDriver.testCliDriver_subquery_in
org.apache.hadoop.hive.cli.TestSparkCliDriver.testCliDriver_table_access_keys_stats
org.apache.hadoop.hive.cli.TestSparkCliDriver.testCliDriver_temp_table
org.apache.hadoop.hive.cli.TestSparkCliDriver.testCliDriver_timestamp_1
org.apache.hadoop.hive.cli.TestSparkCliDriver.testCliDriver_timestamp_2
org.apache.hadoop.hive.cli.TestSparkCliDriver.testCliDriver_timestamp_3
org.apache.hadoop.hive.cli.TestSparkCliDriver.testCliDriver_timestamp_comparison
org.apache.hadoop.hive.cli.TestSparkCliDriver.testCliDriver_timestamp_lazy
org.apache.hadoop.hive.cli.TestSparkCliDriver.testCliDriver_timestamp_udf
org.apache.hadoop.hive.cli.TestSparkCliDriver.testCliDriver_udf_example_add
org.apache.hadoop.hive.cli.TestSparkCliDriver.testCliDriver_union22
org.apache.hadoop.hive.cli.TestSparkCliDriver.testCliDriver_union26
org.apache.hadoop.hive.cli.TestSparkCliDriver.testCliDriver_union27
org.apache.hadoop.hive.cli.TestSparkCliDriver.testCliDriver_union_date_trim
org.apache.hadoop.hive.cli.TestSparkCliDriver.testCliDriver_union_null
org.apache.hadoop.hive.cli.TestSparkCliDriver.testCliDriver_union_ppr
org.apache.hadoop.hive.cli.TestSparkCliDriver.testCliDriver_union_remove_15
org.apache.hadoop.hive.cli.TestSparkCliDriver.testCliDriver_union_remove_16
org.apache.hadoop.hive.cli.TestSparkCliDriver.testCliDriver_union_remove_17
org.apache.hadoop.hive.cli.TestSparkCliDriver.testCliDriver_union_remove_18
org.apache.hadoop.hive.cli.TestSparkCliDriver.testCliDriver_union_remove_25
org.apache.hadoop.hive.cli.TestSparkCliDriver.testCliDriver_union_top_level
org.apache.hadoop.hive.cli.TestSparkCliDriver.testCliDriver_union_view
org.apache.hadoop.hive.cli.TestSparkCliDriver.testCliDriver_vector_elt
org.apache.hadoop.hive.cli.TestSparkCliDriver.testCliDriver_vector_mapjoin_reduce
org.apache.hadoop.hive.cli.TestSparkCliDriver.testCliDriver_vectorization_short_regress
org.apache.hadoop.hive.cli.TestSparkCliDriver.testCliDriver_vectorized_timestamp_funcs
org.apache.hadoop.hive.cli.TestSparkCliDriver.testCliDriver_windowing
org.apache.hadoop.hive.metastore.hbase.TestHBaseMetastoreSql.partitionedTable
org.apache.hadoop.hive.ql.TestTxnCommands.testMultipleDelete
org.apache.hadoop.hive.ql.TestTxnCommands.testUpdateDeleteOfInserts
org.apache.hadoop.hive.ql.TestTxnCommands.testUpdateOfInserts
org.apache.hadoop.hive.ql.TestTxnCommands2.testDeleteIn
org.apache.hadoop.hive.ql.TestTxnCommands2.testInsertOverwriteWithSelfJoin
org.apache.hadoop.hive.ql.TestTxnCommands2.testOrcNoPPD
org.apache.hadoop.hive.ql.TestTxnCommands2.testOrcPPD
org.apache.hadoop.hive.ql.TestTxnCommands2.testUpdateMixedCase
org.apache.hadoop.hive.ql.exec.spark.session.TestSparkSessionManagerImpl.testMultiSessionMultipleUse
org.apache.hadoop.hive.ql.exec.spark.session.TestSparkSessionManagerImpl.testSingleSessionMultipleUse
org.apache.hadoop.hive.ql.hooks.TestHooks.testQueryRedactor
org.apache.hadoop.hive.ql.lockmgr.TestDbTxnManager2.lockConflictDbTable
org.apache.hadoop.hive.ql.lockmgr.TestDbTxnManager2.updateSelectUpdate
org.apache.hadoop.hive.ql.parse.TestUpdateDeleteSemanticAnalyzer.testDeleteOnePartition
org.apache.hadoop.hive.ql.parse.TestUpdateDeleteSemanticAnalyzer.testDeleteOnePartitionWhere
org.apache.hadoop.hive.ql.parse.TestUpdateDeleteSemanticAnalyzer.testUpdateAllNonPartitioned
org.apache.hadoop.hive.ql.parse.TestUpdateDeleteSemanticAnalyzer.testUpdateAllNonPartitionedWhere
org.apache.hadoop.hive.ql.parse.TestUpdateDeleteSemanticAnalyzer.testUpdateAllPartitioned
org.apache.hadoop.hive.ql.parse.TestUpdateDeleteSemanticAnalyzer.testUpdateAllPartitionedWhere
org.apache.hadoop.hive.ql.parse.TestUpdateDeleteSemanticAnalyzer.testUpdateOnePartition
org.apache.hadoop.hive.ql.parse.TestUpdateDeleteSemanticAnalyzer.testUpdateOnePartitionWhere
org.apache.hadoop.hive.ql.security.authorization.plugin.TestHiveAuthorizerCheckInvocation.testUpdateSomeColumnsUsed
org.apache.hadoop.hive.ql.security.authorization.plugin.TestHiveAuthorizerCheckInvocation.testUpdateSomeColumnsUsedExprInSet
org.apache.hadoop.hive.ql.txn.compactor.TestCompactor.dynamicPartitioningDelete
org.apache.hadoop.hive.ql.txn.compactor.TestCompactor.dynamicPartitioningUpdate
org.apache.hadoop.hive.ql.txn.compactor.TestCompactor.schemaEvolutionAddColDynamicPartitioningUpdate
org.apache.hive.beeline.TestBeeLineWithArgs.testCSV2OutputWithDoubleQuotes
org.apache.hive.beeline.TestBeeLineWithArgs.testCSVOutput
org.apache.hive.beeline.TestBeeLineWithArgs.testCSVOutputWithDoubleQuotes
org.apache.hive.beeline.TestBeeLineWithArgs.testDSVOutput
org.apache.hive.beeline.TestBeeLineWithArgs.testDSVOutputWithDoubleQuotes
org.apache.hive.beeline.TestBeeLineWithArgs.testNullDefault
org.apache.hive.beeline.TestBeeLineWithArgs.testNullEmpty
org.apache.hive.beeline.TestBeeLineWithArgs.testNullEmptyCmdArg
org.apache.hive.beeline.TestBeeLineWithArgs.testNullNonEmpty
org.apache.hive.beeline.TestBeeLineWithArgs.testTSV2Output
org.apache.hive.beeline.TestBeeLineWithArgs.testTSV2OutputWithDoubleQuotes
org.apache.hive.beeline.TestBeeLineWithArgs.testTSVOutput
org.apache.hive.beeline.TestBeeLineWithArgs.testTSVOutputWithDoubleQuotes
org.apache.hive.jdbc.TestJdbcDriver2.testBuiltInUDFCol
org.apache.hive.jdbc.TestJdbcDriver2.testDuplicateColumnNameOrder
org.apache.hive.jdbc.TestJdbcDriver2.testExplainStmt
org.apache.hive.jdbc.TestJdbcDriver2.testExprCol
org.apache.hive.jdbc.TestJdbcDriver2.testNullType
org.apache.hive.jdbc.TestJdbcDriver2.testPrepareSetDate
org.apache.hive.jdbc.TestJdbcDriver2.testPrepareSetTimestamp
org.apache.hive.jdbc.TestJdbcDriver2.testPrepareStatement
org.apache.hive.jdbc.TestJdbcDriver2.testResultSetMetaData
org.apache.hive.jdbc.TestJdbcWithLocalClusterSpark.testPermFunc
org.apache.hive.jdbc.TestJdbcWithLocalClusterSpark.testSparkQuery
org.apache.hive.jdbc.TestJdbcWithLocalClusterSpark.testTempTable
org.apache.hive.jdbc.TestJdbcWithMiniHS2.testAddJarDataNucleusUnCaching
org.apache.hive.jdbc.TestJdbcWithMiniHS2.testConcurrentStatements
org.apache.hive.jdbc.TestJdbcWithMiniHS2.testConnectionSchemaAPIs
org.apache.hive.jdbc.TestJdbcWithMiniHS2.testUdfBlackList
org.apache.hive.jdbc.TestJdbcWithMiniHS2.testUdfWhiteList
org.apache.hive.jdbc.TestJdbcWithMiniMr.testMrQuery
org.apache.hive.jdbc.TestJdbcWithMiniMr.testPermFunc
org.apache.hive.jdbc.TestJdbcWithMiniMr.testTempTable
org.apache.hive.jdbc.TestMultiSessionsHS2WithLocalClusterSpark.testSparkQuery
org.apache.hive.jdbc.TestSSL.testSSLVersion
org.apache.hive.jdbc.miniHS2.TestHiveServer2SessionTimeout.testConnection
org.apache.hive.spark.client.TestSparkClient.testAddJarsAndFiles
org.apache.hive.spark.client.TestSparkClient.testCounters
org.apache.hive.spark.client.TestSparkClient.testErrorJob
org.apache.hive.spark.client.TestSparkClient.testJobSubmission
org.apache.hive.spark.client.TestSparkClient.testMetricsCollection
org.apache.hive.spark.client.TestSparkClient.testRemoteClient
org.apache.hive.spark.client.TestSparkClient.testSimpleSparkJob
org.apache.hive.spark.client.TestSparkClient.testSyncRpc
&lt;/pre&gt;
&lt;/div&gt;&lt;/div&gt;

&lt;p&gt;Test results: &lt;a href=&quot;http://ec2-174-129-184-35.compute-1.amazonaws.com/jenkins/job/PreCommit-HIVE-TRUNK-Build/6350/testReport&quot; class=&quot;external-link&quot; rel=&quot;nofollow&quot;&gt;http://ec2-174-129-184-35.compute-1.amazonaws.com/jenkins/job/PreCommit-HIVE-TRUNK-Build/6350/testReport&lt;/a&gt;&lt;br/&gt;
Console output: &lt;a href=&quot;http://ec2-174-129-184-35.compute-1.amazonaws.com/jenkins/job/PreCommit-HIVE-TRUNK-Build/6350/console&quot; class=&quot;external-link&quot; rel=&quot;nofollow&quot;&gt;http://ec2-174-129-184-35.compute-1.amazonaws.com/jenkins/job/PreCommit-HIVE-TRUNK-Build/6350/console&lt;/a&gt;&lt;br/&gt;
Test logs: &lt;a href=&quot;http://ec2-174-129-184-35.compute-1.amazonaws.com/logs/PreCommit-HIVE-TRUNK-Build-6350/&quot; class=&quot;external-link&quot; rel=&quot;nofollow&quot;&gt;http://ec2-174-129-184-35.compute-1.amazonaws.com/logs/PreCommit-HIVE-TRUNK-Build-6350/&lt;/a&gt;&lt;/p&gt;

&lt;p&gt;Messages:&lt;/p&gt;
&lt;div class=&quot;preformatted panel&quot; style=&quot;border-width: 1px;&quot;&gt;&lt;div class=&quot;preformattedContent panelContent&quot;&gt;
&lt;pre&gt;Executing org.apache.hive.ptest.execution.TestCheckPhase
Executing org.apache.hive.ptest.execution.PrepPhase
Executing org.apache.hive.ptest.execution.ExecutionPhase
Executing org.apache.hive.ptest.execution.ReportingPhase
Tests exited with: TestsFailedException: 912 tests failed
&lt;/pre&gt;
&lt;/div&gt;&lt;/div&gt;

&lt;p&gt;This message is automatically generated.&lt;/p&gt;

&lt;p&gt;ATTACHMENT ID: 12777529 - PreCommit-HIVE-TRUNK-Build&lt;/p&gt;</comment>
                            <comment id="15093766" author="hiveqa" created="Tue, 12 Jan 2016 11:32:31 +0000"  >

&lt;p&gt;Here are the results of testing the latest attachment:&lt;br/&gt;
&lt;a href=&quot;https://issues.apache.org/jira/secure/attachment/12781666/HIVE-12640.3.patch&quot; class=&quot;external-link&quot; rel=&quot;nofollow&quot;&gt;https://issues.apache.org/jira/secure/attachment/12781666/HIVE-12640.3.patch&lt;/a&gt;&lt;/p&gt;

&lt;p&gt;&lt;font color=&quot;green&quot;&gt;SUCCESS:&lt;/font&gt; +1 due to 1 test(s) being added or modified.&lt;/p&gt;

&lt;p&gt;&lt;font color=&quot;red&quot;&gt;ERROR:&lt;/font&gt; -1 due to 11 failed/errored test(s), 9978 tests executed&lt;br/&gt;
&lt;b&gt;Failed tests:&lt;/b&gt;&lt;/p&gt;
&lt;div class=&quot;preformatted panel&quot; style=&quot;border-width: 1px;&quot;&gt;&lt;div class=&quot;preformattedContent panelContent&quot;&gt;
&lt;pre&gt;TestHWISessionManager - did not produce a TEST-*.xml file
TestMiniTezCliDriver-vectorized_parquet.q-orc_merge6.q-vector_outer_join0.q-and-12-more - did not produce a TEST-*.xml file
TestSparkCliDriver-timestamp_lazy.q-bucketsortoptimize_insert_4.q-date_udf.q-and-12-more - did not produce a TEST-*.xml file
org.apache.hadoop.hive.cli.TestMiniTezCliDriver.testCliDriver_metadata_only_queries
org.apache.hadoop.hive.cli.TestMiniTezCliDriver.testCliDriver_tez_union
org.apache.hadoop.hive.cli.TestNegativeCliDriver.testNegativeCliDriver_authorization_uri_import
org.apache.hadoop.hive.cli.TestSparkCliDriver.testCliDriver_metadata_only_queries
org.apache.hadoop.hive.ql.exec.spark.session.TestSparkSessionManagerImpl.testMultiSessionMultipleUse
org.apache.hadoop.hive.ql.exec.spark.session.TestSparkSessionManagerImpl.testSingleSessionMultipleUse
org.apache.hive.jdbc.TestMultiSessionsHS2WithLocalClusterSpark.testSparkQuery
org.apache.hive.jdbc.TestSSL.testSSLVersion
&lt;/pre&gt;
&lt;/div&gt;&lt;/div&gt;

&lt;p&gt;Test results: &lt;a href=&quot;http://ec2-174-129-184-35.compute-1.amazonaws.com/jenkins/job/PreCommit-HIVE-TRUNK-Build/6598/testReport&quot; class=&quot;external-link&quot; rel=&quot;nofollow&quot;&gt;http://ec2-174-129-184-35.compute-1.amazonaws.com/jenkins/job/PreCommit-HIVE-TRUNK-Build/6598/testReport&lt;/a&gt;&lt;br/&gt;
Console output: &lt;a href=&quot;http://ec2-174-129-184-35.compute-1.amazonaws.com/jenkins/job/PreCommit-HIVE-TRUNK-Build/6598/console&quot; class=&quot;external-link&quot; rel=&quot;nofollow&quot;&gt;http://ec2-174-129-184-35.compute-1.amazonaws.com/jenkins/job/PreCommit-HIVE-TRUNK-Build/6598/console&lt;/a&gt;&lt;br/&gt;
Test logs: &lt;a href=&quot;http://ec2-174-129-184-35.compute-1.amazonaws.com/logs/PreCommit-HIVE-TRUNK-Build-6598/&quot; class=&quot;external-link&quot; rel=&quot;nofollow&quot;&gt;http://ec2-174-129-184-35.compute-1.amazonaws.com/logs/PreCommit-HIVE-TRUNK-Build-6598/&lt;/a&gt;&lt;/p&gt;

&lt;p&gt;Messages:&lt;/p&gt;
&lt;div class=&quot;preformatted panel&quot; style=&quot;border-width: 1px;&quot;&gt;&lt;div class=&quot;preformattedContent panelContent&quot;&gt;
&lt;pre&gt;Executing org.apache.hive.ptest.execution.TestCheckPhase
Executing org.apache.hive.ptest.execution.PrepPhase
Executing org.apache.hive.ptest.execution.ExecutionPhase
Executing org.apache.hive.ptest.execution.ReportingPhase
Tests exited with: TestsFailedException: 11 tests failed
&lt;/pre&gt;
&lt;/div&gt;&lt;/div&gt;

&lt;p&gt;This message is automatically generated.&lt;/p&gt;

&lt;p&gt;ATTACHMENT ID: 12781666 - PreCommit-HIVE-TRUNK-Build&lt;/p&gt;</comment>
                            <comment id="15094886" author="hsubramaniyan" created="Tue, 12 Jan 2016 20:35:16 +0000"  >&lt;p&gt;The previous failures are golden file updates. cc-ing &lt;a href=&quot;https://issues.apache.org/jira/secure/ViewProfile.jspa?name=ashutoshc&quot; class=&quot;user-hover&quot; rel=&quot;ashutoshc&quot;&gt;Ashutosh Chauhan&lt;/a&gt; for reviewing the change.&lt;/p&gt;

&lt;p&gt;Thanks&lt;br/&gt;
Hari&lt;/p&gt;</comment>
                            <comment id="15095274" author="ashutoshc" created="Wed, 13 Jan 2016 00:12:53 +0000"  >&lt;p&gt;+1&lt;/p&gt;</comment>
                            <comment id="15095826" author="hiveqa" created="Wed, 13 Jan 2016 08:36:40 +0000"  >

&lt;p&gt;Here are the results of testing the latest attachment:&lt;br/&gt;
&lt;a href=&quot;https://issues.apache.org/jira/secure/attachment/12781914/HIVE-12640.4.patch&quot; class=&quot;external-link&quot; rel=&quot;nofollow&quot;&gt;https://issues.apache.org/jira/secure/attachment/12781914/HIVE-12640.4.patch&lt;/a&gt;&lt;/p&gt;

&lt;p&gt;&lt;font color=&quot;green&quot;&gt;SUCCESS:&lt;/font&gt; +1 due to 1 test(s) being added or modified.&lt;/p&gt;

&lt;p&gt;&lt;font color=&quot;red&quot;&gt;ERROR:&lt;/font&gt; -1 due to 11 failed/errored test(s), 9973 tests executed&lt;br/&gt;
&lt;b&gt;Failed tests:&lt;/b&gt;&lt;/p&gt;
&lt;div class=&quot;preformatted panel&quot; style=&quot;border-width: 1px;&quot;&gt;&lt;div class=&quot;preformattedContent panelContent&quot;&gt;
&lt;pre&gt;TestHWISessionManager - did not produce a TEST-*.xml file
TestMiniTezCliDriver-tez_bmj_schema_evolution.q-orc_merge5.q-vectorization_limit.q-and-12-more - did not produce a TEST-*.xml file
TestMiniTezCliDriver-vector_distinct_2.q-load_dyn_part2.q-join1.q-and-12-more - did not produce a TEST-*.xml file
TestSparkCliDriver-timestamp_lazy.q-bucketsortoptimize_insert_4.q-date_udf.q-and-12-more - did not produce a TEST-*.xml file
org.apache.hadoop.hive.cli.TestMiniTezCliDriver.testCliDriver_tez_union
org.apache.hadoop.hive.cli.TestNegativeCliDriver.testNegativeCliDriver_authorization_uri_import
org.apache.hadoop.hive.ql.exec.spark.session.TestSparkSessionManagerImpl.testMultiSessionMultipleUse
org.apache.hadoop.hive.ql.exec.spark.session.TestSparkSessionManagerImpl.testSingleSessionMultipleUse
org.apache.hive.jdbc.TestJdbcWithLocalClusterSpark.testSparkQuery
org.apache.hive.jdbc.TestJdbcWithLocalClusterSpark.testTempTable
org.apache.hive.jdbc.TestSSL.testSSLVersion
&lt;/pre&gt;
&lt;/div&gt;&lt;/div&gt;

&lt;p&gt;Test results: &lt;a href=&quot;http://ec2-174-129-184-35.compute-1.amazonaws.com/jenkins/job/PreCommit-HIVE-TRUNK-Build/6609/testReport&quot; class=&quot;external-link&quot; rel=&quot;nofollow&quot;&gt;http://ec2-174-129-184-35.compute-1.amazonaws.com/jenkins/job/PreCommit-HIVE-TRUNK-Build/6609/testReport&lt;/a&gt;&lt;br/&gt;
Console output: &lt;a href=&quot;http://ec2-174-129-184-35.compute-1.amazonaws.com/jenkins/job/PreCommit-HIVE-TRUNK-Build/6609/console&quot; class=&quot;external-link&quot; rel=&quot;nofollow&quot;&gt;http://ec2-174-129-184-35.compute-1.amazonaws.com/jenkins/job/PreCommit-HIVE-TRUNK-Build/6609/console&lt;/a&gt;&lt;br/&gt;
Test logs: &lt;a href=&quot;http://ec2-174-129-184-35.compute-1.amazonaws.com/logs/PreCommit-HIVE-TRUNK-Build-6609/&quot; class=&quot;external-link&quot; rel=&quot;nofollow&quot;&gt;http://ec2-174-129-184-35.compute-1.amazonaws.com/logs/PreCommit-HIVE-TRUNK-Build-6609/&lt;/a&gt;&lt;/p&gt;

&lt;p&gt;Messages:&lt;/p&gt;
&lt;div class=&quot;preformatted panel&quot; style=&quot;border-width: 1px;&quot;&gt;&lt;div class=&quot;preformattedContent panelContent&quot;&gt;
&lt;pre&gt;Executing org.apache.hive.ptest.execution.TestCheckPhase
Executing org.apache.hive.ptest.execution.PrepPhase
Executing org.apache.hive.ptest.execution.ExecutionPhase
Executing org.apache.hive.ptest.execution.ReportingPhase
Tests exited with: TestsFailedException: 11 tests failed
&lt;/pre&gt;
&lt;/div&gt;&lt;/div&gt;

&lt;p&gt;This message is automatically generated.&lt;/p&gt;

&lt;p&gt;ATTACHMENT ID: 12781914 - PreCommit-HIVE-TRUNK-Build&lt;/p&gt;</comment>
                            <comment id="15095870" author="hsubramaniyan" created="Wed, 13 Jan 2016 09:25:58 +0000"  >&lt;p&gt;The test failures are unrelated.&lt;/p&gt;</comment>
                            <comment id="15095883" author="hsubramaniyan" created="Wed, 13 Jan 2016 09:40:26 +0000"  >&lt;p&gt;Patch committed to branch-2.0, thanks to &lt;a href=&quot;https://issues.apache.org/jira/secure/ViewProfile.jspa?name=ashutoshc&quot; class=&quot;user-hover&quot; rel=&quot;ashutoshc&quot;&gt;Ashutosh Chauhan&lt;/a&gt; for the review.&lt;/p&gt;</comment>
                    </comments>
                <issuelinks>
                            <issuelinktype id="10030">
                    <name>Reference</name>
                                            <outwardlinks description="relates to">
                                        <issuelink>
            <issuekey id="12920868">CALCITE-1016</issuekey>
        </issuelink>
                            </outwardlinks>
                                                        </issuelinktype>
                    </issuelinks>
                <attachments>
                            <attachment id="12776655" name="HIVE-12640.1.patch" size="5133" author="hsubramaniyan" created="Wed, 9 Dec 2015 22:25:27 +0000"/>
                            <attachment id="12777529" name="HIVE-12640.2.patch" size="2269" author="hsubramaniyan" created="Mon, 14 Dec 2015 18:44:39 +0000"/>
                            <attachment id="12781666" name="HIVE-12640.3.patch" size="5080" author="hsubramaniyan" created="Mon, 11 Jan 2016 22:43:55 +0000"/>
                            <attachment id="12781914" name="HIVE-12640.4.patch" size="8838" author="hsubramaniyan" created="Tue, 12 Jan 2016 20:35:16 +0000"/>
                    </attachments>
                <subtasks>
                    </subtasks>
                <customfields>
                                                <customfield id="customfield_12310310" key="com.atlassian.jira.toolkit:attachments">
                        <customfieldname>Attachment count</customfieldname>
                        <customfieldvalues>
                            <customfieldvalue>4.0</customfieldvalue>
                        </customfieldvalues>
                    </customfield>
                                                                                                                                                                                                                                                                                                                                                                                                                                                                                                                                <customfield id="customfield_12310220" key="com.atlassian.jira.ext.charting:firstresponsedate">
                        <customfieldname>Date of First Response</customfieldname>
                        <customfieldvalues>
                            <customfieldvalue>Thu, 10 Dec 2015 20:05:07 +0000</customfieldvalue>

                        </customfieldvalues>
                    </customfield>
                                                                                                                                                                                                                                                                                                                                                                                                                                            <customfield id="customfield_12310420" key="com.pyxis.greenhopper.jira:gh-global-rank">
                        <customfieldname>Global Rank</customfieldname>
                        <customfieldvalues>
                            <customfieldvalue>9223372036854775807</customfieldvalue>
                        </customfieldvalues>
                    </customfield>
                                                                                                                                                    <customfield id="customfield_12312521" key="com.atlassian.jira.toolkit:LastCommentDate">
                        <customfieldname>Last public comment date</customfieldname>
                        <customfieldvalues>
                            46 weeks, 1 day ago
                        </customfieldvalues>
                    </customfield>
                                                                                            <customfield id="customfield_12311820" key="com.pyxis.greenhopper.jira:gh-lexo-rank">
                        <customfieldname>Rank</customfieldname>
                        <customfieldvalues>
                            <customfieldvalue>0|i2pon3:</customfieldvalue>

                        </customfieldvalues>
                    </customfield>
                                                                <customfield id="customfield_12310920" key="com.pyxis.greenhopper.jira:gh-global-rank">
                        <customfieldname>Rank (Obsolete)</customfieldname>
                        <customfieldvalues>
                            <customfieldvalue>9223372036854775807</customfieldvalue>
                        </customfieldvalues>
                    </customfield>
                                                                                                                                                                                                                                                                                                                            <customfield id="customfield_12310222" key="com.atlassian.jira.ext.charting:timeinstatus">
                        <customfieldname>Time in Status</customfieldname>
                        <customfieldvalues>
                            
                        </customfieldvalues>
                    </customfield>
                                                                                                                        </customfields>
    </item>
</channel>
</rss>