<!-- 
RSS generated by JIRA (6.3.4#6332-sha1:51bc225ef474afe3128b2f66878477f322397b16) at Fri Dec 02 05:15:55 UTC 2016

It is possible to restrict the fields that are returned in this document by specifying the 'field' parameter in your request.
For example, to request only the issue key and summary add field=key&field=summary to the URL of your request.
For example:
https://issues.apache.org/jira/si/jira.issueviews:issue-xml/HIVE-12312/HIVE-12312.xml?field=key&amp;field=summary
-->
<rss version="0.92" >
<channel>
    <title>ASF JIRA</title>
    <link>https://issues.apache.org/jira</link>
    <description>This file is an XML representation of an issue</description>
    <language>en-uk</language>    <build-info>
        <version>6.3.4</version>
        <build-number>6332</build-number>
        <build-date>15-08-2014</build-date>
    </build-info>

<item>
            <title>[HIVE-12312] Excessive logging in PPD code</title>
                <link>https://issues.apache.org/jira/browse/HIVE-12312</link>
                <project id="12310843" key="HIVE">Hive</project>
                    <description>&lt;p&gt;One of my very complex queries takes about 14 minutes to compile with PPD on. Profiling it I saw a lot of time spent in this stack which is called many many thousands of times.&lt;/p&gt;

&lt;div class=&quot;code panel&quot; style=&quot;border-width: 1px;&quot;&gt;&lt;div class=&quot;codeContent panelContent&quot;&gt;
&lt;pre class=&quot;code-java&quot;&gt;
java.lang.Throwable.getStackTraceElement(-2)
java.lang.Throwable.getOurStackTrace(827)
java.lang.Throwable.getStackTrace(816)
sun.reflect.GeneratedMethodAccessor5.invoke(-1)
sun.reflect.DelegatingMethodAccessorImpl.invoke(43)
java.lang.reflect.Method.invoke(497)
org.apache.log4j.spi.LocationInfo.&amp;lt;init&amp;gt;(139)
org.apache.log4j.spi.LoggingEvent.getLocationInformation(253)
org.apache.log4j.helpers.PatternParser$LocationPatternConverter.convert(500)
org.apache.log4j.helpers.PatternConverter.format(65)
org.apache.log4j.PatternLayout.format(506)
org.apache.log4j.WriterAppender.subAppend(310)
org.apache.log4j.DailyRollingFileAppender.subAppend(369)
org.apache.log4j.WriterAppender.append(162)
org.apache.log4j.AppenderSkeleton.doAppend(251)
org.apache.log4j.helpers.AppenderAttachableImpl.appendLoopOnAppenders(66)
org.apache.log4j.Category.callAppenders(206)
org.apache.log4j.Category.forcedLog(391)
org.apache.log4j.Category.log(856)
org.apache.commons.logging.impl.Log4JLogger.info(176)
org.apache.hadoop.hive.ql.ppd.OpProcFactory$DefaultPPD.logExpr(707)
org.apache.hadoop.hive.ql.ppd.OpProcFactory$DefaultPPD.mergeWithChildrenPred(752)
org.apache.hadoop.hive.ql.ppd.OpProcFactory$FilterPPD.process(437)
&lt;/pre&gt;
&lt;/div&gt;&lt;/div&gt;

&lt;p&gt;logExpr is set to log at INFO level, but I think DEBUG is more appropriate. When I set log level to debug I see &amp;gt; 20% speedup in compile time:&lt;/p&gt;

&lt;p&gt;Before:&lt;/p&gt;
&lt;div class=&quot;code panel&quot; style=&quot;border-width: 1px;&quot;&gt;&lt;div class=&quot;codeContent panelContent&quot;&gt;
&lt;pre class=&quot;code-java&quot;&gt;
real    14m47.972s
user    15m25.609s
sys    0m20.282s
&lt;/pre&gt;
&lt;/div&gt;&lt;/div&gt;

&lt;p&gt;After:&lt;/p&gt;
&lt;div class=&quot;code panel&quot; style=&quot;border-width: 1px;&quot;&gt;&lt;div class=&quot;codeContent panelContent&quot;&gt;
&lt;pre class=&quot;code-java&quot;&gt;
real    11m30.946s
user    12m10.870s
sys    0m7.320s
&lt;/pre&gt;
&lt;/div&gt;&lt;/div&gt;

&lt;p&gt;It looks like there&apos;s a lot of stuff in the PPD code that could be optimized, when I turn PPD off the query compiles in 2m 30s. But this seems like an easy and low risk win.&lt;/p&gt;</description>
                <environment></environment>
        <key id="12909469">HIVE-12312</key>
            <summary>Excessive logging in PPD code</summary>
                <type id="1" iconUrl="https://issues.apache.org/jira/images/icons/issuetypes/bug.png">Bug</type>
                                            <priority id="4" iconUrl="https://issues.apache.org/jira/images/icons/priorities/minor.png">Minor</priority>
                        <status id="6" iconUrl="https://issues.apache.org/jira/images/icons/statuses/closed.png" description="The issue is considered finished, the resolution is correct. Issues which are closed can be reopened.">Closed</status>
                    <statusCategory id="3" key="done" colorName="green"/>
                                    <resolution id="1">Fixed</resolution>
                                        <assignee username="cartershanklin">Carter Shanklin</assignee>
                                    <reporter username="cartershanklin">Carter Shanklin</reporter>
                        <labels>
                    </labels>
                <created>Sun, 1 Nov 2015 03:48:37 +0000</created>
                <updated>Tue, 16 Feb 2016 23:51:06 +0000</updated>
                            <resolved>Mon, 9 Nov 2015 18:27:46 +0000</resolved>
                                    <version>1.2.1</version>
                                    <fixVersion>2.0.0</fixVersion>
                                    <component>Hive</component>
                        <due></due>
                            <votes>0</votes>
                                    <watches>2</watches>
                                                                <comments>
                            <comment id="14990523" author="ashutoshc" created="Wed, 4 Nov 2015 21:57:06 +0000"  >&lt;p&gt;&lt;a href=&quot;https://issues.apache.org/jira/secure/ViewProfile.jspa?name=cartershanklin&quot; class=&quot;user-hover&quot; rel=&quot;cartershanklin&quot;&gt;Carter Shanklin&lt;/a&gt; Thanks for the patch. Patch needs to be name as per convention : &lt;a href=&quot;https://cwiki.apache.org/confluence/display/Hive/Hive+PreCommit+Patch+Testing&quot; class=&quot;external-link&quot; rel=&quot;nofollow&quot;&gt;https://cwiki.apache.org/confluence/display/Hive/Hive+PreCommit+Patch+Testing&lt;/a&gt; for Hive QA to trigger QA run on it.&lt;/p&gt;</comment>
                            <comment id="14992465" author="hiveqa" created="Thu, 5 Nov 2015 21:00:53 +0000"  >

&lt;p&gt;Here are the results of testing the latest attachment:&lt;br/&gt;
&lt;a href=&quot;https://issues.apache.org/jira/secure/attachment/12770815/HIVE-12312.1.patch&quot; class=&quot;external-link&quot; rel=&quot;nofollow&quot;&gt;https://issues.apache.org/jira/secure/attachment/12770815/HIVE-12312.1.patch&lt;/a&gt;&lt;/p&gt;

&lt;p&gt;&lt;font color=&quot;red&quot;&gt;ERROR:&lt;/font&gt; -1 due to build exiting with an error&lt;/p&gt;

&lt;p&gt;Test results: &lt;a href=&quot;http://ec2-174-129-184-35.compute-1.amazonaws.com/jenkins/job/PreCommit-HIVE-TRUNK-Build/5935/testReport&quot; class=&quot;external-link&quot; rel=&quot;nofollow&quot;&gt;http://ec2-174-129-184-35.compute-1.amazonaws.com/jenkins/job/PreCommit-HIVE-TRUNK-Build/5935/testReport&lt;/a&gt;&lt;br/&gt;
Console output: &lt;a href=&quot;http://ec2-174-129-184-35.compute-1.amazonaws.com/jenkins/job/PreCommit-HIVE-TRUNK-Build/5935/console&quot; class=&quot;external-link&quot; rel=&quot;nofollow&quot;&gt;http://ec2-174-129-184-35.compute-1.amazonaws.com/jenkins/job/PreCommit-HIVE-TRUNK-Build/5935/console&lt;/a&gt;&lt;br/&gt;
Test logs: &lt;a href=&quot;http://ec2-174-129-184-35.compute-1.amazonaws.com/logs/PreCommit-HIVE-TRUNK-Build-5935/&quot; class=&quot;external-link&quot; rel=&quot;nofollow&quot;&gt;http://ec2-174-129-184-35.compute-1.amazonaws.com/logs/PreCommit-HIVE-TRUNK-Build-5935/&lt;/a&gt;&lt;/p&gt;

&lt;p&gt;Messages:&lt;/p&gt;
&lt;div class=&quot;preformatted panel&quot; style=&quot;border-width: 1px;&quot;&gt;&lt;div class=&quot;preformattedContent panelContent&quot;&gt;
&lt;pre&gt;Executing org.apache.hive.ptest.execution.TestCheckPhase
Executing org.apache.hive.ptest.execution.PrepPhase
Tests exited with: NonZeroExitCodeException
Command &apos;bash /data/hive-ptest/working/scratch/source-prep.sh&apos; failed with exit status 1 and output &apos;+ [[ -n /usr/java/jdk1.7.0_45-cloudera ]]
+ export JAVA_HOME=/usr/java/jdk1.7.0_45-cloudera
+ JAVA_HOME=/usr/java/jdk1.7.0_45-cloudera
+ export PATH=/usr/java/jdk1.7.0_45-cloudera/bin/:/usr/java/jdk1.7.0_45-cloudera/bin:/usr/local/apache-maven-3.0.5/bin:/usr/local/apache-maven-3.0.5/bin:/usr/java/jdk1.7.0_45-cloudera/bin:/usr/local/apache-ant-1.9.1/bin:/usr/local/bin:/bin:/usr/bin:/usr/local/sbin:/usr/sbin:/sbin:/home/hiveptest/bin
+ PATH=/usr/java/jdk1.7.0_45-cloudera/bin/:/usr/java/jdk1.7.0_45-cloudera/bin:/usr/local/apache-maven-3.0.5/bin:/usr/local/apache-maven-3.0.5/bin:/usr/java/jdk1.7.0_45-cloudera/bin:/usr/local/apache-ant-1.9.1/bin:/usr/local/bin:/bin:/usr/bin:/usr/local/sbin:/usr/sbin:/sbin:/home/hiveptest/bin
+ export &apos;ANT_OPTS=-Xmx1g -XX:MaxPermSize=256m &apos;
+ ANT_OPTS=&apos;-Xmx1g -XX:MaxPermSize=256m &apos;
+ export &apos;M2_OPTS=-Xmx1g -XX:MaxPermSize=256m -Dhttp.proxyHost=localhost -Dhttp.proxyPort=3128&apos;
+ M2_OPTS=&apos;-Xmx1g -XX:MaxPermSize=256m -Dhttp.proxyHost=localhost -Dhttp.proxyPort=3128&apos;
+ cd /data/hive-ptest/working/
+ tee /data/hive-ptest/logs/PreCommit-HIVE-TRUNK-Build-5935/source-prep.txt
+ [[ false == \t\r\u\e ]]
+ mkdir -p maven ivy
+ [[ git = \s\v\n ]]
+ [[ git = \g\i\t ]]
+ [[ -z master ]]
+ [[ -d apache-github-source-source ]]
+ [[ ! -d apache-github-source-source/.git ]]
+ [[ ! -d apache-github-source-source ]]
+ cd apache-github-source-source
+ git fetch origin
From https://github.com/apache/hive
   33e818a..d4abd51  branch-1   -&amp;gt; origin/branch-1
   a46729b..d33ddef  master     -&amp;gt; origin/master
+ git reset --hard HEAD
HEAD is now at a46729b HIVE-12156: expanding view doesn&apos;t quote reserved keyword (Pengcheng Xiong, reviewed by Laljo John Pullokkaran)
+ git clean -f -d
Removing ql/src/test/queries/clientnegative/set_hiveconf_internal_variable0.q
Removing ql/src/test/queries/clientnegative/set_hiveconf_internal_variable1.q
Removing ql/src/test/results/clientnegative/set_hiveconf_internal_variable0.q.out
Removing ql/src/test/results/clientnegative/set_hiveconf_internal_variable1.q.out
+ git checkout master
Already on &apos;master&apos;
Your branch is behind &apos;origin/master&apos; by 1 commit, and can be fast-forwarded.
+ git reset --hard origin/master
HEAD is now at d33ddef HIVE-12340 : ExecDriver.execute() unnecessarily sets METASTOREPWD to HIVE (Hari Subramaniyan, reviewed by Sushanth Sowmyan)
+ git merge --ff-only origin/master
Already up-to-date.
+ git gc
+ patchCommandPath=/data/hive-ptest/working/scratch/smart-apply-patch.sh
+ patchFilePath=/data/hive-ptest/working/scratch/build.patch
+ [[ -f /data/hive-ptest/working/scratch/build.patch ]]
+ chmod +x /data/hive-ptest/working/scratch/smart-apply-patch.sh
+ /data/hive-ptest/working/scratch/smart-apply-patch.sh /data/hive-ptest/working/scratch/build.patch
The patch does not appear to apply with p0, p1, or p2
+ exit 1
&apos;
&lt;/pre&gt;
&lt;/div&gt;&lt;/div&gt;

&lt;p&gt;This message is automatically generated.&lt;/p&gt;

&lt;p&gt;ATTACHMENT ID: 12770815 - PreCommit-HIVE-TRUNK-Build&lt;/p&gt;</comment>
                            <comment id="14995362" author="ashutoshc" created="Sat, 7 Nov 2015 19:11:00 +0000"  >&lt;p&gt;Patch needs to be rebased on master.&lt;/p&gt;</comment>
                            <comment id="14995691" author="cartershanklin" created="Sun, 8 Nov 2015 16:10:15 +0000"  >&lt;p&gt;Rebased. Saw that Sergey changed this recently to make it more efficient but would still like to suggest debug level.&lt;/p&gt;</comment>
                            <comment id="14995742" author="hiveqa" created="Sun, 8 Nov 2015 18:24:02 +0000"  >

&lt;p&gt;Here are the results of testing the latest attachment:&lt;br/&gt;
&lt;a href=&quot;https://issues.apache.org/jira/secure/attachment/12771236/HIVE-12312.2.patch&quot; class=&quot;external-link&quot; rel=&quot;nofollow&quot;&gt;https://issues.apache.org/jira/secure/attachment/12771236/HIVE-12312.2.patch&lt;/a&gt;&lt;/p&gt;

&lt;p&gt;&lt;font color=&quot;red&quot;&gt;ERROR:&lt;/font&gt; -1 due to no test(s) being added or modified.&lt;/p&gt;

&lt;p&gt;&lt;font color=&quot;red&quot;&gt;ERROR:&lt;/font&gt; -1 due to 3 failed/errored test(s), 9777 tests executed&lt;br/&gt;
&lt;b&gt;Failed tests:&lt;/b&gt;&lt;/p&gt;
&lt;div class=&quot;preformatted panel&quot; style=&quot;border-width: 1px;&quot;&gt;&lt;div class=&quot;preformattedContent panelContent&quot;&gt;
&lt;pre&gt;org.apache.hadoop.hive.cli.TestNegativeCliDriver.testNegativeCliDriver_authorization_uri_import
org.apache.hadoop.hive.hwi.TestHWISessionManager.testHiveDriver
org.apache.hive.jdbc.TestSSL.testSSLVersion
&lt;/pre&gt;
&lt;/div&gt;&lt;/div&gt;

&lt;p&gt;Test results: &lt;a href=&quot;http://ec2-174-129-184-35.compute-1.amazonaws.com/jenkins/job/PreCommit-HIVE-TRUNK-Build/5965/testReport&quot; class=&quot;external-link&quot; rel=&quot;nofollow&quot;&gt;http://ec2-174-129-184-35.compute-1.amazonaws.com/jenkins/job/PreCommit-HIVE-TRUNK-Build/5965/testReport&lt;/a&gt;&lt;br/&gt;
Console output: &lt;a href=&quot;http://ec2-174-129-184-35.compute-1.amazonaws.com/jenkins/job/PreCommit-HIVE-TRUNK-Build/5965/console&quot; class=&quot;external-link&quot; rel=&quot;nofollow&quot;&gt;http://ec2-174-129-184-35.compute-1.amazonaws.com/jenkins/job/PreCommit-HIVE-TRUNK-Build/5965/console&lt;/a&gt;&lt;br/&gt;
Test logs: &lt;a href=&quot;http://ec2-174-129-184-35.compute-1.amazonaws.com/logs/PreCommit-HIVE-TRUNK-Build-5965/&quot; class=&quot;external-link&quot; rel=&quot;nofollow&quot;&gt;http://ec2-174-129-184-35.compute-1.amazonaws.com/logs/PreCommit-HIVE-TRUNK-Build-5965/&lt;/a&gt;&lt;/p&gt;

&lt;p&gt;Messages:&lt;/p&gt;
&lt;div class=&quot;preformatted panel&quot; style=&quot;border-width: 1px;&quot;&gt;&lt;div class=&quot;preformattedContent panelContent&quot;&gt;
&lt;pre&gt;Executing org.apache.hive.ptest.execution.TestCheckPhase
Executing org.apache.hive.ptest.execution.PrepPhase
Executing org.apache.hive.ptest.execution.ExecutionPhase
Executing org.apache.hive.ptest.execution.ReportingPhase
Tests exited with: TestsFailedException: 3 tests failed
&lt;/pre&gt;
&lt;/div&gt;&lt;/div&gt;

&lt;p&gt;This message is automatically generated.&lt;/p&gt;

&lt;p&gt;ATTACHMENT ID: 12771236 - PreCommit-HIVE-TRUNK-Build&lt;/p&gt;</comment>
                            <comment id="14995896" author="ashutoshc" created="Mon, 9 Nov 2015 00:46:47 +0000"  >&lt;p&gt;+1&lt;/p&gt;</comment>
                            <comment id="14997062" author="ashutoshc" created="Mon, 9 Nov 2015 18:27:46 +0000"  >&lt;p&gt;Pushed to master. Thanks, Carter!&lt;/p&gt;</comment>
                    </comments>
                    <attachments>
                            <attachment id="12770815" name="HIVE-12312.1.patch" size="1175" author="cartershanklin" created="Thu, 5 Nov 2015 15:38:43 +0000"/>
                            <attachment id="12771236" name="HIVE-12312.2.patch" size="1060" author="cartershanklin" created="Sun, 8 Nov 2015 16:10:34 +0000"/>
                    </attachments>
                <subtasks>
                    </subtasks>
                <customfields>
                                                <customfield id="customfield_12310310" key="com.atlassian.jira.toolkit:attachments">
                        <customfieldname>Attachment count</customfieldname>
                        <customfieldvalues>
                            <customfieldvalue>2.0</customfieldvalue>
                        </customfieldvalues>
                    </customfield>
                                                                                                                                                                                                                                                                                                                                                                                                                                                                                                                                <customfield id="customfield_12310220" key="com.atlassian.jira.ext.charting:firstresponsedate">
                        <customfieldname>Date of First Response</customfieldname>
                        <customfieldvalues>
                            <customfieldvalue>Wed, 4 Nov 2015 21:57:06 +0000</customfieldvalue>

                        </customfieldvalues>
                    </customfield>
                                                                                                                                                                                                                                                                                                                                                                                                                                            <customfield id="customfield_12310420" key="com.pyxis.greenhopper.jira:gh-global-rank">
                        <customfieldname>Global Rank</customfieldname>
                        <customfieldvalues>
                            <customfieldvalue>9223372036854775807</customfieldvalue>
                        </customfieldvalues>
                    </customfield>
                                                                                                                                                    <customfield id="customfield_12312521" key="com.atlassian.jira.toolkit:LastCommentDate">
                        <customfieldname>Last public comment date</customfieldname>
                        <customfieldvalues>
                            1 year, 3 weeks, 3 days ago
                        </customfieldvalues>
                    </customfield>
                                                                                            <customfield id="customfield_12311820" key="com.pyxis.greenhopper.jira:gh-lexo-rank">
                        <customfieldname>Rank</customfieldname>
                        <customfieldvalues>
                            <customfieldvalue>0|i2nsdb:</customfieldvalue>

                        </customfieldvalues>
                    </customfield>
                                                                <customfield id="customfield_12310920" key="com.pyxis.greenhopper.jira:gh-global-rank">
                        <customfieldname>Rank (Obsolete)</customfieldname>
                        <customfieldvalues>
                            <customfieldvalue>9223372036854775807</customfieldvalue>
                        </customfieldvalues>
                    </customfield>
                                                                                                                                                                                                                                                                                                                            <customfield id="customfield_12310222" key="com.atlassian.jira.ext.charting:timeinstatus">
                        <customfieldname>Time in Status</customfieldname>
                        <customfieldvalues>
                            
                        </customfieldvalues>
                    </customfield>
                                                                                                                        </customfields>
    </item>
</channel>
</rss>