<!-- 
RSS generated by JIRA (6.3.4#6332-sha1:51bc225ef474afe3128b2f66878477f322397b16) at Sat Dec 03 23:24:36 UTC 2016

It is possible to restrict the fields that are returned in this document by specifying the 'field' parameter in your request.
For example, to request only the issue key and summary add field=key&field=summary to the URL of your request.
For example:
https://issues.apache.org/jira/si/jira.issueviews:issue-xml/HIVE-1187/HIVE-1187.xml?field=key&amp;field=summary
-->
<rss version="0.92" >
<channel>
    <title>ASF JIRA</title>
    <link>https://issues.apache.org/jira</link>
    <description>This file is an XML representation of an issue</description>
    <language>en-uk</language>    <build-info>
        <version>6.3.4</version>
        <build-number>6332</build-number>
        <build-date>15-08-2014</build-date>
    </build-info>

<item>
            <title>[HIVE-1187] Implement ddldump utility for Hive Metastore</title>
                <link>https://issues.apache.org/jira/browse/HIVE-1187</link>
                <project id="12310843" key="HIVE">Hive</project>
                    <description>&lt;p&gt;Implement a ddldump utility for the Hive metastore that will generate the QL DDL necessary to recreate the state of the current metastore on another metastore instance.&lt;/p&gt;

&lt;p&gt;A major use case for this utility is migrating a metastore from one database to another database, e.g. from an embedded Derby instanced to a MySQL instance.&lt;/p&gt;

&lt;p&gt;The ddldump utility should support the following features:&lt;/p&gt;
&lt;ul&gt;
	&lt;li&gt;Ability to generate DDL for specific tables or all tables.&lt;/li&gt;
	&lt;li&gt;Ability to specify a table name prefix for the generated DDL, which will be useful for resolving table name conflicts.&lt;/li&gt;
&lt;/ul&gt;
</description>
                <environment></environment>
        <key id="12457032">HIVE-1187</key>
            <summary>Implement ddldump utility for Hive Metastore</summary>
                <type id="2" iconUrl="https://issues.apache.org/jira/images/icons/issuetypes/newfeature.png">New Feature</type>
                                            <priority id="3" iconUrl="https://issues.apache.org/jira/images/icons/priorities/major.png">Major</priority>
                        <status id="5" iconUrl="https://issues.apache.org/jira/images/icons/statuses/resolved.png" description="A resolution has been taken, and it is awaiting verification by reporter. From here issues are either reopened, or are closed.">Resolved</status>
                    <statusCategory id="3" key="done" colorName="green"/>
                                    <resolution id="3">Duplicate</resolution>
                                        <assignee username="cwsteinbach">Carl Steinbach</assignee>
                                    <reporter username="cwsteinbach">Carl Steinbach</reporter>
                        <labels>
                            <label>ddl</label>
                            <label>derby</label>
                            <label>metastore</label>
                            <label>migration</label>
                            <label>mysql</label>
                    </labels>
                <created>Mon, 22 Feb 2010 16:51:16 +0000</created>
                <updated>Fri, 18 Nov 2011 18:31:56 +0000</updated>
                            <resolved>Thu, 10 Jun 2010 16:49:14 +0000</resolved>
                                    <version>0.6.0</version>
                                                    <component>Metastore</component>
                        <due></due>
                            <votes>0</votes>
                                    <watches>2</watches>
                                                                <comments>
                            <comment id="12837048" author="appodictic" created="Tue, 23 Feb 2010 02:54:33 +0000"  >&lt;p&gt;Do you want to team up on:&lt;/p&gt;

&lt;p&gt;&lt;a href=&quot;https://issues.apache.org/jira/browse/HIVE-1161&quot; class=&quot;external-link&quot; rel=&quot;nofollow&quot;&gt;https://issues.apache.org/jira/browse/HIVE-1161&lt;/a&gt; ?&lt;/p&gt;</comment>
                            <comment id="12837563" author="cwsteinbach" created="Wed, 24 Feb 2010 01:28:30 +0000"  >&lt;p&gt;@Ed: I don&apos;t think there is much overlap between this enhancement and what is described in &lt;a href=&quot;https://issues.apache.org/jira/browse/HIVE-1161&quot; title=&quot;Hive Replication&quot; class=&quot;issue-link&quot; data-issue-key=&quot;HIVE-1161&quot;&gt;&lt;del&gt;HIVE-1161&lt;/del&gt;&lt;/a&gt;. I expect that &lt;a href=&quot;https://issues.apache.org/jira/browse/HIVE-1161&quot; title=&quot;Hive Replication&quot; class=&quot;issue-link&quot; data-issue-key=&quot;HIVE-1161&quot;&gt;&lt;del&gt;HIVE-1161&lt;/del&gt;&lt;/a&gt; will involve triggering the transfer of metadata over Thrift or JDBC from one metastore to another, or via an agent that accesses both metastores via the client APIs. Dumping DDL from one metastore and replaying it on another seems like a hacky way to synchronize/transmit metadata.&lt;/p&gt;</comment>
                            <comment id="12837583" author="appodictic" created="Wed, 24 Feb 2010 02:43:03 +0000"  >&lt;p&gt;+1 Having &apos;show create table&apos; XXXX&apos;   will be very useful. I always seem to lose those table definitions.&lt;/p&gt;</comment>
                            <comment id="13152286" author="ashutoshc" created="Thu, 17 Nov 2011 20:05:27 +0000"  >&lt;p&gt;@Carl,&lt;br/&gt;
Has this been implemented? I cannot find any docs for this feature. Its resolved as duplicate but the second issue referred is not resolved either.&lt;/p&gt;</comment>
                            <comment id="13153026" author="cwsteinbach" created="Fri, 18 Nov 2011 18:31:56 +0000"  >&lt;p&gt;@Ashutosh: No, I don&apos;t think this feature has been implemented. This ticket was resolved as a duplicate of &lt;a href=&quot;https://issues.apache.org/jira/browse/HIVE-967&quot; title=&quot;Implement &amp;quot;show create table&amp;quot;&quot; class=&quot;issue-link&quot; data-issue-key=&quot;HIVE-967&quot;&gt;&lt;del&gt;HIVE-967&lt;/del&gt;&lt;/a&gt;, but I don&apos;t think there has been any work on 967 since then.&lt;/p&gt;</comment>
                    </comments>
                <issuelinks>
                            <issuelinktype id="12310000">
                    <name>Duplicate</name>
                                            <outwardlinks description="duplicates">
                                        <issuelink>
            <issuekey id="12442255">HIVE-967</issuekey>
        </issuelink>
                            </outwardlinks>
                                                        </issuelinktype>
                    </issuelinks>
                <attachments>
                    </attachments>
                <subtasks>
                    </subtasks>
                <customfields>
                                                <customfield id="customfield_12310310" key="com.atlassian.jira.toolkit:attachments">
                        <customfieldname>Attachment count</customfieldname>
                        <customfieldvalues>
                            <customfieldvalue>0.0</customfieldvalue>
                        </customfieldvalues>
                    </customfield>
                                                                                                                                                                                                                                                                                                                                                                                                                                                                                                                                <customfield id="customfield_12310220" key="com.atlassian.jira.ext.charting:firstresponsedate">
                        <customfieldname>Date of First Response</customfieldname>
                        <customfieldvalues>
                            <customfieldvalue>Tue, 23 Feb 2010 02:54:33 +0000</customfieldvalue>

                        </customfieldvalues>
                    </customfield>
                                                                                                                                                                                                                                                                                                                                                                                                                                            <customfield id="customfield_12310420" key="com.pyxis.greenhopper.jira:gh-global-rank">
                        <customfieldname>Global Rank</customfieldname>
                        <customfieldvalues>
                            <customfieldvalue>73044</customfieldvalue>
                        </customfieldvalues>
                    </customfield>
                                                                                                                                                    <customfield id="customfield_12312521" key="com.atlassian.jira.toolkit:LastCommentDate">
                        <customfieldname>Last public comment date</customfieldname>
                        <customfieldvalues>
                            5 years, 3 weeks, 1 day ago
                        </customfieldvalues>
                    </customfield>
                                                                                            <customfield id="customfield_12311820" key="com.pyxis.greenhopper.jira:gh-lexo-rank">
                        <customfieldname>Rank</customfieldname>
                        <customfieldvalues>
                            <customfieldvalue>0|i0ldv3:</customfieldvalue>

                        </customfieldvalues>
                    </customfield>
                                                                <customfield id="customfield_12310920" key="com.pyxis.greenhopper.jira:gh-global-rank">
                        <customfieldname>Rank (Obsolete)</customfieldname>
                        <customfieldvalues>
                            <customfieldvalue>122896</customfieldvalue>
                        </customfieldvalues>
                    </customfield>
                                                                                                                                                                                                                                                                                                                            <customfield id="customfield_12310222" key="com.atlassian.jira.ext.charting:timeinstatus">
                        <customfieldname>Time in Status</customfieldname>
                        <customfieldvalues>
                            
                        </customfieldvalues>
                    </customfield>
                                                                                                                        </customfields>
    </item>
</channel>
</rss>