<!-- 
RSS generated by JIRA (6.3.4#6332-sha1:51bc225ef474afe3128b2f66878477f322397b16) at Fri Dec 02 11:50:19 UTC 2016

It is possible to restrict the fields that are returned in this document by specifying the 'field' parameter in your request.
For example, to request only the issue key and summary add field=key&field=summary to the URL of your request.
For example:
https://issues.apache.org/jira/si/jira.issueviews:issue-xml/HIVE-12625/HIVE-12625.xml?field=key&amp;field=summary
-->
<rss version="0.92" >
<channel>
    <title>ASF JIRA</title>
    <link>https://issues.apache.org/jira</link>
    <description>This file is an XML representation of an issue</description>
    <language>en-uk</language>    <build-info>
        <version>6.3.4</version>
        <build-number>6332</build-number>
        <build-date>15-08-2014</build-date>
    </build-info>

<item>
            <title>[HIVE-12625] Backport to branch-1 HIVE-11981 ORC Schema Evolution Issues (Vectorized, ACID, and Non-Vectorized)</title>
                <link>https://issues.apache.org/jira/browse/HIVE-12625</link>
                <project id="12310843" key="HIVE">Hive</project>
                    <description></description>
                <environment></environment>
        <key id="12920230">HIVE-12625</key>
            <summary>Backport to branch-1 HIVE-11981 ORC Schema Evolution Issues (Vectorized, ACID, and Non-Vectorized)</summary>
                <type id="1" iconUrl="https://issues.apache.org/jira/images/icons/issuetypes/bug.png">Bug</type>
                                            <priority id="2" iconUrl="https://issues.apache.org/jira/images/icons/priorities/critical.png">Critical</priority>
                        <status id="5" iconUrl="https://issues.apache.org/jira/images/icons/statuses/resolved.png" description="A resolution has been taken, and it is awaiting verification by reporter. From here issues are either reopened, or are closed.">Resolved</status>
                    <statusCategory id="3" key="done" colorName="green"/>
                                    <resolution id="1">Fixed</resolution>
                                        <assignee username="mmccline">Matt McCline</assignee>
                                    <reporter username="mmccline">Matt McCline</reporter>
                        <labels>
                            <label>TODOC1.3</label>
                    </labels>
                <created>Tue, 8 Dec 2015 23:02:48 +0000</created>
                <updated>Wed, 13 Jan 2016 02:33:14 +0000</updated>
                            <resolved>Tue, 12 Jan 2016 17:57:00 +0000</resolved>
                                                    <fixVersion>1.3.0</fixVersion>
                                    <component>ORC</component>
                        <due></due>
                            <votes>0</votes>
                                    <watches>5</watches>
                                                                <comments>
                            <comment id="15049453" author="hiveqa" created="Wed, 9 Dec 2015 22:05:27 +0000"  >

&lt;p&gt;Here are the results of testing the latest attachment:&lt;br/&gt;
&lt;a href=&quot;https://issues.apache.org/jira/secure/attachment/12776637/HIVE-12625.2-branch1.patch&quot; class=&quot;external-link&quot; rel=&quot;nofollow&quot;&gt;https://issues.apache.org/jira/secure/attachment/12776637/HIVE-12625.2-branch1.patch&lt;/a&gt;&lt;/p&gt;

&lt;p&gt;&lt;font color=&quot;red&quot;&gt;ERROR:&lt;/font&gt; -1 due to build exiting with an error&lt;/p&gt;

&lt;p&gt;Test results: &lt;a href=&quot;http://ec2-174-129-184-35.compute-1.amazonaws.com/jenkins/job/PreCommit-HIVE-BRANCH_1-Build/8/testReport&quot; class=&quot;external-link&quot; rel=&quot;nofollow&quot;&gt;http://ec2-174-129-184-35.compute-1.amazonaws.com/jenkins/job/PreCommit-HIVE-BRANCH_1-Build/8/testReport&lt;/a&gt;&lt;br/&gt;
Console output: &lt;a href=&quot;http://ec2-174-129-184-35.compute-1.amazonaws.com/jenkins/job/PreCommit-HIVE-BRANCH_1-Build/8/console&quot; class=&quot;external-link&quot; rel=&quot;nofollow&quot;&gt;http://ec2-174-129-184-35.compute-1.amazonaws.com/jenkins/job/PreCommit-HIVE-BRANCH_1-Build/8/console&lt;/a&gt;&lt;br/&gt;
Test logs: &lt;a href=&quot;http://ec2-174-129-184-35.compute-1.amazonaws.com/logs/PreCommit-HIVE-BRANCH_1-Build-8/&quot; class=&quot;external-link&quot; rel=&quot;nofollow&quot;&gt;http://ec2-174-129-184-35.compute-1.amazonaws.com/logs/PreCommit-HIVE-BRANCH_1-Build-8/&lt;/a&gt;&lt;/p&gt;

&lt;p&gt;Messages:&lt;/p&gt;
&lt;div class=&quot;preformatted panel&quot; style=&quot;border-width: 1px;&quot;&gt;&lt;div class=&quot;preformattedContent panelContent&quot;&gt;
&lt;pre&gt;Executing org.apache.hive.ptest.execution.TestCheckPhase
Executing org.apache.hive.ptest.execution.PrepPhase
Tests exited with: NonZeroExitCodeException
Command &apos;bash /data/hive-ptest/working/scratch/source-prep.sh&apos; failed with exit status 1 and output &apos;+ [[ -n /usr/java/jdk1.7.0_45-cloudera ]]
+ export JAVA_HOME=/usr/java/jdk1.7.0_45-cloudera
+ JAVA_HOME=/usr/java/jdk1.7.0_45-cloudera
+ export PATH=/usr/java/jdk1.7.0_45-cloudera/bin/:/usr/local/apache-maven-3.0.5/bin:/usr/java/jdk1.7.0_45-cloudera/bin:/usr/local/apache-ant-1.9.1/bin:/usr/local/bin:/bin:/usr/bin:/usr/local/sbin:/usr/sbin:/sbin:/home/hiveptest/bin
+ PATH=/usr/java/jdk1.7.0_45-cloudera/bin/:/usr/local/apache-maven-3.0.5/bin:/usr/java/jdk1.7.0_45-cloudera/bin:/usr/local/apache-ant-1.9.1/bin:/usr/local/bin:/bin:/usr/bin:/usr/local/sbin:/usr/sbin:/sbin:/home/hiveptest/bin
+ export &apos;ANT_OPTS=-Xmx1g -XX:MaxPermSize=256m &apos;
+ ANT_OPTS=&apos;-Xmx1g -XX:MaxPermSize=256m &apos;
+ export &apos;M2_OPTS=-Xmx1g -XX:MaxPermSize=256m -Dhttp.proxyHost=localhost -Dhttp.proxyPort=3128&apos;
+ M2_OPTS=&apos;-Xmx1g -XX:MaxPermSize=256m -Dhttp.proxyHost=localhost -Dhttp.proxyPort=3128&apos;
+ cd /data/hive-ptest/working/
+ tee /data/hive-ptest/logs/PreCommit-HIVE-BRANCH_1-Build-8/source-prep.txt
+ [[ false == \t\r\u\e ]]
+ mkdir -p maven ivy
+ [[ git = \s\v\n ]]
+ [[ git = \g\i\t ]]
+ [[ -z branch-1 ]]
+ [[ -d apache-github-branch1-source ]]
+ [[ ! -d apache-github-branch1-source/.git ]]
+ [[ ! -d apache-github-branch1-source ]]
+ cd apache-github-branch1-source
+ git fetch origin
From https://github.com/apache/hive
   07d341a..744d85b  branch-1   -&amp;gt; origin/branch-1
   63f0471..01bc86b  branch-1.2 -&amp;gt; origin/branch-1.2
 * [new branch]      branch-2.0 -&amp;gt; origin/branch-2.0
   df827b7..74e5c75  master     -&amp;gt; origin/master
   1a87bcc..9af0b27  spark      -&amp;gt; origin/spark
+ git reset --hard HEAD
HEAD is now at 07d341a HIVE-12551: Fix several kryo exceptions in branch-1 (Prasanth Jayachandran reviewed by Sergey Shelukhin)
+ git clean -f -d
+ git checkout branch-1
Already on &apos;branch-1&apos;
Your branch is behind &apos;origin/branch-1&apos; by 26 commits, and can be fast-forwarded.
+ git reset --hard origin/branch-1
HEAD is now at 744d85b HIVE-12585 - fix TxnHandler connection leak(Eugene Koifman, reviewd by Sergey Shelukhin)
+ git merge --ff-only origin/branch-1
Already up-to-date.
+ git gc
+ patchCommandPath=/data/hive-ptest/working/scratch/smart-apply-patch.sh
+ patchFilePath=/data/hive-ptest/working/scratch/build.patch
+ [[ -f /data/hive-ptest/working/scratch/build.patch ]]
+ chmod +x /data/hive-ptest/working/scratch/smart-apply-patch.sh
+ /data/hive-ptest/working/scratch/smart-apply-patch.sh /data/hive-ptest/working/scratch/build.patch
The patch does not appear to apply with p0, p1, or p2
+ exit 1
&apos;
&lt;/pre&gt;
&lt;/div&gt;&lt;/div&gt;

&lt;p&gt;This message is automatically generated.&lt;/p&gt;

&lt;p&gt;ATTACHMENT ID: 12776637 - PreCommit-HIVE-BRANCH_1-Build&lt;/p&gt;</comment>
                            <comment id="15050119" author="hiveqa" created="Thu, 10 Dec 2015 05:48:51 +0000"  >

&lt;p&gt;Here are the results of testing the latest attachment:&lt;br/&gt;
&lt;a href=&quot;https://issues.apache.org/jira/secure/attachment/12776694/HIVE-12625.3-branch1.patch&quot; class=&quot;external-link&quot; rel=&quot;nofollow&quot;&gt;https://issues.apache.org/jira/secure/attachment/12776694/HIVE-12625.3-branch1.patch&lt;/a&gt;&lt;/p&gt;

&lt;p&gt;&lt;font color=&quot;red&quot;&gt;ERROR:&lt;/font&gt; -1 due to no test(s) being added or modified.&lt;/p&gt;

&lt;p&gt;&lt;font color=&quot;red&quot;&gt;ERROR:&lt;/font&gt; -1 due to 53 failed/errored test(s), 9231 tests executed&lt;br/&gt;
&lt;b&gt;Failed tests:&lt;/b&gt;&lt;/p&gt;
&lt;div class=&quot;preformatted panel&quot; style=&quot;border-width: 1px;&quot;&gt;&lt;div class=&quot;preformattedContent panelContent&quot;&gt;
&lt;pre&gt;TestSparkCliDriver-groupby_map_ppr_multi_distinct.q-groupby10.q-timestamp_comparison.q-and-12-more - did not produce a TEST-*.xml file
TestSparkCliDriver-join_cond_pushdown_unqual4.q-vectorization_16.q-union_remove_1.q-and-12-more - did not produce a TEST-*.xml file
TestSparkCliDriver-table_access_keys_stats.q-groupby_complex_types.q-vectorization_10.q-and-12-more - did not produce a TEST-*.xml file
TestSparkCliDriver-vector_distinct_2.q-load_dyn_part2.q-join35.q-and-12-more - did not produce a TEST-*.xml file
org.apache.hadoop.hive.cli.TestCliDriver.testCliDriver_auto_join_filters
org.apache.hadoop.hive.cli.TestCliDriver.testCliDriver_auto_join_nulls
org.apache.hadoop.hive.cli.TestCliDriver.testCliDriver_avrocountemptytbl
org.apache.hadoop.hive.cli.TestCliDriver.testCliDriver_cross_join
org.apache.hadoop.hive.cli.TestCliDriver.testCliDriver_drop_database_removes_partition_dirs
org.apache.hadoop.hive.cli.TestCliDriver.testCliDriver_drop_table_removes_partition_dirs
org.apache.hadoop.hive.cli.TestCliDriver.testCliDriver_dynamic_rdd_cache
org.apache.hadoop.hive.cli.TestCliDriver.testCliDriver_groupby10
org.apache.hadoop.hive.cli.TestCliDriver.testCliDriver_groupby11
org.apache.hadoop.hive.cli.TestCliDriver.testCliDriver_groupby8
org.apache.hadoop.hive.cli.TestCliDriver.testCliDriver_join_filters
org.apache.hadoop.hive.cli.TestCliDriver.testCliDriver_join_merge_multi_expressions
org.apache.hadoop.hive.cli.TestCliDriver.testCliDriver_join_nulls
org.apache.hadoop.hive.cli.TestCliDriver.testCliDriver_orc_merge10
org.apache.hadoop.hive.cli.TestCliDriver.testCliDriver_parquet_mixed_partition_formats
org.apache.hadoop.hive.cli.TestCliDriver.testCliDriver_temp_table_gb1
org.apache.hadoop.hive.cli.TestCliDriver.testCliDriver_union_fast_stats
org.apache.hadoop.hive.cli.TestCliDriver.testCliDriver_vector_join_filters
org.apache.hadoop.hive.cli.TestCliDriver.testCliDriver_vector_join_nulls
org.apache.hadoop.hive.cli.TestEncryptedHDFSCliDriver.testCliDriver_encryption_drop_partition
org.apache.hadoop.hive.cli.TestEncryptedHDFSCliDriver.testCliDriver_encryption_with_trash
org.apache.hadoop.hive.cli.TestMiniSparkOnYarnCliDriver.testCliDriver_vector_inner_join
org.apache.hadoop.hive.cli.TestMiniSparkOnYarnCliDriver.testCliDriver_vector_outer_join1
org.apache.hadoop.hive.cli.TestMiniSparkOnYarnCliDriver.testCliDriver_vector_outer_join2
org.apache.hadoop.hive.cli.TestMiniSparkOnYarnCliDriver.testCliDriver_vector_outer_join4
org.apache.hadoop.hive.cli.TestMiniSparkOnYarnCliDriver.testCliDriver_vector_outer_join5
org.apache.hadoop.hive.cli.TestMiniTezCliDriver.testCliDriver_auto_join_filters
org.apache.hadoop.hive.cli.TestMiniTezCliDriver.testCliDriver_cross_join
org.apache.hadoop.hive.cli.TestMiniTezCliDriver.testCliDriver_groupby2
org.apache.hadoop.hive.cli.TestMiniTezCliDriver.testCliDriver_orc_merge10
org.apache.hadoop.hive.cli.TestMiniTezCliDriver.testCliDriver_tez_smb_empty
org.apache.hadoop.hive.cli.TestMiniTezCliDriver.testCliDriver_union_fast_stats
org.apache.hadoop.hive.cli.TestMiniTezCliDriver.testCliDriver_vector_join_filters
org.apache.hadoop.hive.cli.TestMiniTezCliDriver.testCliDriver_vector_join_nulls
org.apache.hadoop.hive.cli.TestMiniTezCliDriver.testCliDriver_vector_join_part_col_char
org.apache.hadoop.hive.cli.TestMinimrCliDriver.testCliDriver_groupby2
org.apache.hadoop.hive.cli.TestMinimrCliDriver.testCliDriver_index_bitmap3
org.apache.hadoop.hive.cli.TestMinimrCliDriver.testCliDriver_ql_rewrite_gbtoidx_cbo_2
org.apache.hadoop.hive.cli.TestMinimrCliDriver.testCliDriver_stats_counter_partitioned
org.apache.hadoop.hive.cli.TestNegativeCliDriver.testNegativeCliDriver_authorization_uri_import
org.apache.hadoop.hive.cli.TestSparkCliDriver.testCliDriver_auto_join_filters
org.apache.hadoop.hive.cli.TestSparkCliDriver.testCliDriver_auto_join_nulls
org.apache.hadoop.hive.cli.TestSparkCliDriver.testCliDriver_cross_join
org.apache.hadoop.hive.cli.TestSparkCliDriver.testCliDriver_dynamic_rdd_cache
org.apache.hadoop.hive.cli.TestSparkCliDriver.testCliDriver_load_dyn_part14
org.apache.hadoop.hive.cli.TestSparkCliDriver.testCliDriver_vector_count_distinct
org.apache.hadoop.hive.ql.TestMTQueries.testMTQueries1
org.apache.hive.hcatalog.api.TestHCatClient.testTableSchemaPropagation
org.apache.hive.jdbc.TestSSL.testSSLVersion
&lt;/pre&gt;
&lt;/div&gt;&lt;/div&gt;

&lt;p&gt;Test results: &lt;a href=&quot;http://ec2-174-129-184-35.compute-1.amazonaws.com/jenkins/job/PreCommit-HIVE-BRANCH_1-Build/9/testReport&quot; class=&quot;external-link&quot; rel=&quot;nofollow&quot;&gt;http://ec2-174-129-184-35.compute-1.amazonaws.com/jenkins/job/PreCommit-HIVE-BRANCH_1-Build/9/testReport&lt;/a&gt;&lt;br/&gt;
Console output: &lt;a href=&quot;http://ec2-174-129-184-35.compute-1.amazonaws.com/jenkins/job/PreCommit-HIVE-BRANCH_1-Build/9/console&quot; class=&quot;external-link&quot; rel=&quot;nofollow&quot;&gt;http://ec2-174-129-184-35.compute-1.amazonaws.com/jenkins/job/PreCommit-HIVE-BRANCH_1-Build/9/console&lt;/a&gt;&lt;br/&gt;
Test logs: &lt;a href=&quot;http://ec2-174-129-184-35.compute-1.amazonaws.com/logs/PreCommit-HIVE-BRANCH_1-Build-9/&quot; class=&quot;external-link&quot; rel=&quot;nofollow&quot;&gt;http://ec2-174-129-184-35.compute-1.amazonaws.com/logs/PreCommit-HIVE-BRANCH_1-Build-9/&lt;/a&gt;&lt;/p&gt;

&lt;p&gt;Messages:&lt;/p&gt;
&lt;div class=&quot;preformatted panel&quot; style=&quot;border-width: 1px;&quot;&gt;&lt;div class=&quot;preformattedContent panelContent&quot;&gt;
&lt;pre&gt;Executing org.apache.hive.ptest.execution.TestCheckPhase
Executing org.apache.hive.ptest.execution.PrepPhase
Executing org.apache.hive.ptest.execution.ExecutionPhase
Executing org.apache.hive.ptest.execution.ReportingPhase
Tests exited with: TestsFailedException: 53 tests failed
&lt;/pre&gt;
&lt;/div&gt;&lt;/div&gt;

&lt;p&gt;This message is automatically generated.&lt;/p&gt;

&lt;p&gt;ATTACHMENT ID: 12776694 - PreCommit-HIVE-BRANCH_1-Build&lt;/p&gt;</comment>
                            <comment id="15058049" author="hiveqa" created="Tue, 15 Dec 2015 13:30:16 +0000"  >

&lt;p&gt;Here are the results of testing the latest attachment:&lt;br/&gt;
&lt;a href=&quot;https://issues.apache.org/jira/secure/attachment/12777704/HIVE-12625.4-branch1.patch&quot; class=&quot;external-link&quot; rel=&quot;nofollow&quot;&gt;https://issues.apache.org/jira/secure/attachment/12777704/HIVE-12625.4-branch1.patch&lt;/a&gt;&lt;/p&gt;

&lt;p&gt;&lt;font color=&quot;red&quot;&gt;ERROR:&lt;/font&gt; -1 due to no test(s) being added or modified.&lt;/p&gt;

&lt;p&gt;&lt;font color=&quot;red&quot;&gt;ERROR:&lt;/font&gt; -1 due to 30 failed/errored test(s), 9233 tests executed&lt;br/&gt;
&lt;b&gt;Failed tests:&lt;/b&gt;&lt;/p&gt;
&lt;div class=&quot;preformatted panel&quot; style=&quot;border-width: 1px;&quot;&gt;&lt;div class=&quot;preformattedContent panelContent&quot;&gt;
&lt;pre&gt;TestSparkCliDriver-groupby_map_ppr_multi_distinct.q-groupby10.q-timestamp_comparison.q-and-12-more - did not produce a TEST-*.xml file
TestSparkCliDriver-join_cond_pushdown_unqual4.q-vectorization_16.q-union_remove_1.q-and-12-more - did not produce a TEST-*.xml file
TestSparkCliDriver-table_access_keys_stats.q-groupby_complex_types.q-vectorization_10.q-and-12-more - did not produce a TEST-*.xml file
TestSparkCliDriver-vector_distinct_2.q-load_dyn_part2.q-join35.q-and-12-more - did not produce a TEST-*.xml file
org.apache.hadoop.hive.cli.TestCliDriver.testCliDriver_drop_database_removes_partition_dirs
org.apache.hadoop.hive.cli.TestCliDriver.testCliDriver_drop_table_removes_partition_dirs
org.apache.hadoop.hive.cli.TestCliDriver.testCliDriver_groupby10
org.apache.hadoop.hive.cli.TestCliDriver.testCliDriver_groupby11
org.apache.hadoop.hive.cli.TestCliDriver.testCliDriver_groupby8
org.apache.hadoop.hive.cli.TestCliDriver.testCliDriver_temp_table_gb1
org.apache.hadoop.hive.cli.TestCliDriver.testCliDriver_union_fast_stats
org.apache.hadoop.hive.cli.TestCliDriver.testCliDriver_vector_join_filters
org.apache.hadoop.hive.cli.TestEncryptedHDFSCliDriver.testCliDriver_encryption_drop_partition
org.apache.hadoop.hive.cli.TestEncryptedHDFSCliDriver.testCliDriver_encryption_with_trash
org.apache.hadoop.hive.cli.TestMiniSparkOnYarnCliDriver.testCliDriver_vector_inner_join
org.apache.hadoop.hive.cli.TestMiniSparkOnYarnCliDriver.testCliDriver_vector_outer_join5
org.apache.hadoop.hive.cli.TestMiniTezCliDriver.testCliDriver_groupby2
org.apache.hadoop.hive.cli.TestMiniTezCliDriver.testCliDriver_tez_smb_empty
org.apache.hadoop.hive.cli.TestMinimrCliDriver.testCliDriver_groupby2
org.apache.hadoop.hive.cli.TestMinimrCliDriver.testCliDriver_ql_rewrite_gbtoidx_cbo_2
org.apache.hadoop.hive.cli.TestNegativeCliDriver.testNegativeCliDriver_authorization_uri_import
org.apache.hadoop.hive.cli.TestSparkCliDriver.testCliDriver_auto_join_filters
org.apache.hadoop.hive.cli.TestSparkCliDriver.testCliDriver_auto_join_nulls
org.apache.hadoop.hive.cli.TestSparkCliDriver.testCliDriver_cross_join
org.apache.hadoop.hive.cli.TestSparkCliDriver.testCliDriver_dynamic_rdd_cache
org.apache.hadoop.hive.cli.TestSparkCliDriver.testCliDriver_load_dyn_part14
org.apache.hadoop.hive.cli.TestSparkCliDriver.testCliDriver_vector_count_distinct
org.apache.hadoop.hive.ql.TestMTQueries.testMTQueries1
org.apache.hive.hcatalog.api.TestHCatClient.testTableSchemaPropagation
org.apache.hive.jdbc.TestSSL.testSSLVersion
&lt;/pre&gt;
&lt;/div&gt;&lt;/div&gt;

&lt;p&gt;Test results: &lt;a href=&quot;http://ec2-174-129-184-35.compute-1.amazonaws.com/jenkins/job/PreCommit-HIVE-BRANCH_1-Build/10/testReport&quot; class=&quot;external-link&quot; rel=&quot;nofollow&quot;&gt;http://ec2-174-129-184-35.compute-1.amazonaws.com/jenkins/job/PreCommit-HIVE-BRANCH_1-Build/10/testReport&lt;/a&gt;&lt;br/&gt;
Console output: &lt;a href=&quot;http://ec2-174-129-184-35.compute-1.amazonaws.com/jenkins/job/PreCommit-HIVE-BRANCH_1-Build/10/console&quot; class=&quot;external-link&quot; rel=&quot;nofollow&quot;&gt;http://ec2-174-129-184-35.compute-1.amazonaws.com/jenkins/job/PreCommit-HIVE-BRANCH_1-Build/10/console&lt;/a&gt;&lt;br/&gt;
Test logs: &lt;a href=&quot;http://ec2-174-129-184-35.compute-1.amazonaws.com/logs/PreCommit-HIVE-BRANCH_1-Build-10/&quot; class=&quot;external-link&quot; rel=&quot;nofollow&quot;&gt;http://ec2-174-129-184-35.compute-1.amazonaws.com/logs/PreCommit-HIVE-BRANCH_1-Build-10/&lt;/a&gt;&lt;/p&gt;

&lt;p&gt;Messages:&lt;/p&gt;
&lt;div class=&quot;preformatted panel&quot; style=&quot;border-width: 1px;&quot;&gt;&lt;div class=&quot;preformattedContent panelContent&quot;&gt;
&lt;pre&gt;Executing org.apache.hive.ptest.execution.TestCheckPhase
Executing org.apache.hive.ptest.execution.PrepPhase
Executing org.apache.hive.ptest.execution.ExecutionPhase
Executing org.apache.hive.ptest.execution.ReportingPhase
Tests exited with: TestsFailedException: 30 tests failed
&lt;/pre&gt;
&lt;/div&gt;&lt;/div&gt;

&lt;p&gt;This message is automatically generated.&lt;/p&gt;

&lt;p&gt;ATTACHMENT ID: 12777704 - PreCommit-HIVE-BRANCH_1-Build&lt;/p&gt;</comment>
                            <comment id="15074655" author="hiveqa" created="Wed, 30 Dec 2015 05:54:12 +0000"  >

&lt;p&gt;Here are the results of testing the latest attachment:&lt;br/&gt;
&lt;a href=&quot;https://issues.apache.org/jira/secure/attachment/12779885/HIVE-12625.5-branch1.patch&quot; class=&quot;external-link&quot; rel=&quot;nofollow&quot;&gt;https://issues.apache.org/jira/secure/attachment/12779885/HIVE-12625.5-branch1.patch&lt;/a&gt;&lt;/p&gt;

&lt;p&gt;&lt;font color=&quot;green&quot;&gt;SUCCESS:&lt;/font&gt; +1 due to 24 test(s) being added or modified.&lt;/p&gt;

&lt;p&gt;&lt;font color=&quot;red&quot;&gt;ERROR:&lt;/font&gt; -1 due to 59 failed/errored test(s), 9257 tests executed&lt;br/&gt;
&lt;b&gt;Failed tests:&lt;/b&gt;&lt;/p&gt;
&lt;div class=&quot;preformatted panel&quot; style=&quot;border-width: 1px;&quot;&gt;&lt;div class=&quot;preformattedContent panelContent&quot;&gt;
&lt;pre&gt;TestSparkCliDriver-groupby_map_ppr_multi_distinct.q-groupby10.q-timestamp_comparison.q-and-12-more - did not produce a TEST-*.xml file
TestSparkCliDriver-join_cond_pushdown_unqual4.q-vectorization_16.q-union_remove_1.q-and-12-more - did not produce a TEST-*.xml file
TestSparkCliDriver-stats13.q-join_casesensitive.q-join8.q-and-12-more - did not produce a TEST-*.xml file
TestSparkCliDriver-table_access_keys_stats.q-groupby_complex_types.q-vectorization_10.q-and-12-more - did not produce a TEST-*.xml file
TestSparkCliDriver-vector_distinct_2.q-load_dyn_part2.q-join35.q-and-12-more - did not produce a TEST-*.xml file
org.apache.hadoop.hive.cli.TestCliDriver.testCliDriver_auto_join_filters
org.apache.hadoop.hive.cli.TestCliDriver.testCliDriver_auto_join_nulls
org.apache.hadoop.hive.cli.TestCliDriver.testCliDriver_avrocountemptytbl
org.apache.hadoop.hive.cli.TestCliDriver.testCliDriver_cross_join
org.apache.hadoop.hive.cli.TestCliDriver.testCliDriver_decimal_stats
org.apache.hadoop.hive.cli.TestCliDriver.testCliDriver_drop_database_removes_partition_dirs
org.apache.hadoop.hive.cli.TestCliDriver.testCliDriver_drop_table_removes_partition_dirs
org.apache.hadoop.hive.cli.TestCliDriver.testCliDriver_dynamic_rdd_cache
org.apache.hadoop.hive.cli.TestCliDriver.testCliDriver_fold_eq_with_case_when
org.apache.hadoop.hive.cli.TestCliDriver.testCliDriver_groupby10
org.apache.hadoop.hive.cli.TestCliDriver.testCliDriver_groupby11
org.apache.hadoop.hive.cli.TestCliDriver.testCliDriver_groupby8
org.apache.hadoop.hive.cli.TestCliDriver.testCliDriver_join_filters
org.apache.hadoop.hive.cli.TestCliDriver.testCliDriver_join_merge_multi_expressions
org.apache.hadoop.hive.cli.TestCliDriver.testCliDriver_join_nulls
org.apache.hadoop.hive.cli.TestCliDriver.testCliDriver_orc_merge10
org.apache.hadoop.hive.cli.TestCliDriver.testCliDriver_parquet_mixed_partition_formats
org.apache.hadoop.hive.cli.TestCliDriver.testCliDriver_temp_table_gb1
org.apache.hadoop.hive.cli.TestCliDriver.testCliDriver_union_fast_stats
org.apache.hadoop.hive.cli.TestCliDriver.testCliDriver_vector_join_filters
org.apache.hadoop.hive.cli.TestCliDriver.testCliDriver_vector_join_nulls
org.apache.hadoop.hive.cli.TestEncryptedHDFSCliDriver.testCliDriver_encryption_drop_partition
org.apache.hadoop.hive.cli.TestEncryptedHDFSCliDriver.testCliDriver_encryption_with_trash
org.apache.hadoop.hive.cli.TestMiniSparkOnYarnCliDriver.testCliDriver_vector_inner_join
org.apache.hadoop.hive.cli.TestMiniSparkOnYarnCliDriver.testCliDriver_vector_outer_join1
org.apache.hadoop.hive.cli.TestMiniSparkOnYarnCliDriver.testCliDriver_vector_outer_join2
org.apache.hadoop.hive.cli.TestMiniSparkOnYarnCliDriver.testCliDriver_vector_outer_join4
org.apache.hadoop.hive.cli.TestMiniSparkOnYarnCliDriver.testCliDriver_vector_outer_join5
org.apache.hadoop.hive.cli.TestMiniTezCliDriver.testCliDriver_auto_join_filters
org.apache.hadoop.hive.cli.TestMiniTezCliDriver.testCliDriver_cross_join
org.apache.hadoop.hive.cli.TestMiniTezCliDriver.testCliDriver_dynamic_partition_pruning
org.apache.hadoop.hive.cli.TestMiniTezCliDriver.testCliDriver_groupby2
org.apache.hadoop.hive.cli.TestMiniTezCliDriver.testCliDriver_orc_merge10
org.apache.hadoop.hive.cli.TestMiniTezCliDriver.testCliDriver_tez_smb_empty
org.apache.hadoop.hive.cli.TestMiniTezCliDriver.testCliDriver_union_fast_stats
org.apache.hadoop.hive.cli.TestMiniTezCliDriver.testCliDriver_vector_join_filters
org.apache.hadoop.hive.cli.TestMiniTezCliDriver.testCliDriver_vector_join_nulls
org.apache.hadoop.hive.cli.TestMiniTezCliDriver.testCliDriver_vector_join_part_col_char
org.apache.hadoop.hive.cli.TestMiniTezCliDriver.testCliDriver_vectorized_dynamic_partition_pruning
org.apache.hadoop.hive.cli.TestMinimrCliDriver.testCliDriver_groupby2
org.apache.hadoop.hive.cli.TestMinimrCliDriver.testCliDriver_ql_rewrite_gbtoidx_cbo_2
org.apache.hadoop.hive.cli.TestNegativeCliDriver.testNegativeCliDriver_authorization_uri_import
org.apache.hadoop.hive.cli.TestSparkCliDriver.testCliDriver_auto_join_filters
org.apache.hadoop.hive.cli.TestSparkCliDriver.testCliDriver_auto_join_nulls
org.apache.hadoop.hive.cli.TestSparkCliDriver.testCliDriver_cross_join
org.apache.hadoop.hive.cli.TestSparkCliDriver.testCliDriver_dynamic_rdd_cache
org.apache.hadoop.hive.cli.TestSparkCliDriver.testCliDriver_vector_count_distinct
org.apache.hadoop.hive.ql.TestMTQueries.testMTQueries1
org.apache.hadoop.hive.ql.io.orc.TestInputOutputFormat.testCombinationInputFormat
org.apache.hadoop.hive.ql.io.orc.TestInputOutputFormat.testCombinationInputFormatWithAcid
org.apache.hadoop.hive.ql.io.orc.TestInputOutputFormat.testVectorizationWithAcid
org.apache.hadoop.hive.ql.io.orc.TestInputOutputFormat.testVectorizationWithBuckets
org.apache.hive.hcatalog.api.TestHCatClient.testTableSchemaPropagation
org.apache.hive.jdbc.TestSSL.testSSLVersion
&lt;/pre&gt;
&lt;/div&gt;&lt;/div&gt;

&lt;p&gt;Test results: &lt;a href=&quot;http://ec2-174-129-184-35.compute-1.amazonaws.com/jenkins/job/PreCommit-HIVE-BRANCH_1-Build/11/testReport&quot; class=&quot;external-link&quot; rel=&quot;nofollow&quot;&gt;http://ec2-174-129-184-35.compute-1.amazonaws.com/jenkins/job/PreCommit-HIVE-BRANCH_1-Build/11/testReport&lt;/a&gt;&lt;br/&gt;
Console output: &lt;a href=&quot;http://ec2-174-129-184-35.compute-1.amazonaws.com/jenkins/job/PreCommit-HIVE-BRANCH_1-Build/11/console&quot; class=&quot;external-link&quot; rel=&quot;nofollow&quot;&gt;http://ec2-174-129-184-35.compute-1.amazonaws.com/jenkins/job/PreCommit-HIVE-BRANCH_1-Build/11/console&lt;/a&gt;&lt;br/&gt;
Test logs: &lt;a href=&quot;http://ec2-174-129-184-35.compute-1.amazonaws.com/logs/PreCommit-HIVE-BRANCH_1-Build-11/&quot; class=&quot;external-link&quot; rel=&quot;nofollow&quot;&gt;http://ec2-174-129-184-35.compute-1.amazonaws.com/logs/PreCommit-HIVE-BRANCH_1-Build-11/&lt;/a&gt;&lt;/p&gt;

&lt;p&gt;Messages:&lt;/p&gt;
&lt;div class=&quot;preformatted panel&quot; style=&quot;border-width: 1px;&quot;&gt;&lt;div class=&quot;preformattedContent panelContent&quot;&gt;
&lt;pre&gt;Executing org.apache.hive.ptest.execution.TestCheckPhase
Executing org.apache.hive.ptest.execution.PrepPhase
Executing org.apache.hive.ptest.execution.ExecutionPhase
Executing org.apache.hive.ptest.execution.ReportingPhase
Tests exited with: TestsFailedException: 59 tests failed
&lt;/pre&gt;
&lt;/div&gt;&lt;/div&gt;

&lt;p&gt;This message is automatically generated.&lt;/p&gt;

&lt;p&gt;ATTACHMENT ID: 12779885 - PreCommit-HIVE-BRANCH_1-Build&lt;/p&gt;</comment>
                            <comment id="15082347" author="hiveqa" created="Tue, 5 Jan 2016 04:30:30 +0000"  >

&lt;p&gt;Here are the results of testing the latest attachment:&lt;br/&gt;
&lt;a href=&quot;https://issues.apache.org/jira/secure/attachment/12780185/HIVE-12625.6-branch1.patch&quot; class=&quot;external-link&quot; rel=&quot;nofollow&quot;&gt;https://issues.apache.org/jira/secure/attachment/12780185/HIVE-12625.6-branch1.patch&lt;/a&gt;&lt;/p&gt;

&lt;p&gt;&lt;font color=&quot;green&quot;&gt;SUCCESS:&lt;/font&gt; +1 due to 24 test(s) being added or modified.&lt;/p&gt;

&lt;p&gt;&lt;font color=&quot;red&quot;&gt;ERROR:&lt;/font&gt; -1 due to 31 failed/errored test(s), 9262 tests executed&lt;br/&gt;
&lt;b&gt;Failed tests:&lt;/b&gt;&lt;/p&gt;
&lt;div class=&quot;preformatted panel&quot; style=&quot;border-width: 1px;&quot;&gt;&lt;div class=&quot;preformattedContent panelContent&quot;&gt;
&lt;pre&gt;TestSparkCliDriver-groupby_map_ppr_multi_distinct.q-groupby10.q-timestamp_comparison.q-and-12-more - did not produce a TEST-*.xml file
TestSparkCliDriver-join_cond_pushdown_unqual4.q-vectorization_16.q-union_remove_1.q-and-12-more - did not produce a TEST-*.xml file
TestSparkCliDriver-stats13.q-join_casesensitive.q-join8.q-and-12-more - did not produce a TEST-*.xml file
TestSparkCliDriver-table_access_keys_stats.q-groupby_complex_types.q-vectorization_10.q-and-12-more - did not produce a TEST-*.xml file
TestSparkCliDriver-vector_distinct_2.q-load_dyn_part2.q-join35.q-and-12-more - did not produce a TEST-*.xml file
org.apache.hadoop.hive.cli.TestCliDriver.testCliDriver_drop_database_removes_partition_dirs
org.apache.hadoop.hive.cli.TestCliDriver.testCliDriver_drop_table_removes_partition_dirs
org.apache.hadoop.hive.cli.TestCliDriver.testCliDriver_groupby10
org.apache.hadoop.hive.cli.TestCliDriver.testCliDriver_groupby11
org.apache.hadoop.hive.cli.TestCliDriver.testCliDriver_groupby8
org.apache.hadoop.hive.cli.TestCliDriver.testCliDriver_temp_table_gb1
org.apache.hadoop.hive.cli.TestEncryptedHDFSCliDriver.testCliDriver_encryption_drop_partition
org.apache.hadoop.hive.cli.TestEncryptedHDFSCliDriver.testCliDriver_encryption_with_trash
org.apache.hadoop.hive.cli.TestMiniSparkOnYarnCliDriver.testCliDriver_vector_outer_join5
org.apache.hadoop.hive.cli.TestMiniTezCliDriver.testCliDriver_dynamic_partition_pruning
org.apache.hadoop.hive.cli.TestMiniTezCliDriver.testCliDriver_groupby2
org.apache.hadoop.hive.cli.TestMiniTezCliDriver.testCliDriver_tez_smb_empty
org.apache.hadoop.hive.cli.TestMiniTezCliDriver.testCliDriver_vector_join_part_col_char
org.apache.hadoop.hive.cli.TestMiniTezCliDriver.testCliDriver_vectorized_dynamic_partition_pruning
org.apache.hadoop.hive.cli.TestMinimrCliDriver.testCliDriver_groupby2
org.apache.hadoop.hive.cli.TestMinimrCliDriver.testCliDriver_index_bitmap_auto
org.apache.hadoop.hive.cli.TestMinimrCliDriver.testCliDriver_ql_rewrite_gbtoidx_cbo_2
org.apache.hadoop.hive.cli.TestNegativeCliDriver.testNegativeCliDriver_authorization_uri_import
org.apache.hadoop.hive.cli.TestSparkCliDriver.testCliDriver_dynamic_rdd_cache
org.apache.hadoop.hive.ql.TestMTQueries.testMTQueries1
org.apache.hadoop.hive.ql.io.orc.TestInputOutputFormat.testCombinationInputFormat
org.apache.hadoop.hive.ql.io.orc.TestInputOutputFormat.testCombinationInputFormatWithAcid
org.apache.hadoop.hive.ql.io.orc.TestInputOutputFormat.testVectorizationWithAcid
org.apache.hadoop.hive.ql.io.orc.TestInputOutputFormat.testVectorizationWithBuckets
org.apache.hive.hcatalog.api.TestHCatClient.testTableSchemaPropagation
org.apache.hive.jdbc.TestSSL.testSSLVersion
&lt;/pre&gt;
&lt;/div&gt;&lt;/div&gt;

&lt;p&gt;Test results: &lt;a href=&quot;http://ec2-174-129-184-35.compute-1.amazonaws.com/jenkins/job/PreCommit-HIVE-BRANCH_1-Build/13/testReport&quot; class=&quot;external-link&quot; rel=&quot;nofollow&quot;&gt;http://ec2-174-129-184-35.compute-1.amazonaws.com/jenkins/job/PreCommit-HIVE-BRANCH_1-Build/13/testReport&lt;/a&gt;&lt;br/&gt;
Console output: &lt;a href=&quot;http://ec2-174-129-184-35.compute-1.amazonaws.com/jenkins/job/PreCommit-HIVE-BRANCH_1-Build/13/console&quot; class=&quot;external-link&quot; rel=&quot;nofollow&quot;&gt;http://ec2-174-129-184-35.compute-1.amazonaws.com/jenkins/job/PreCommit-HIVE-BRANCH_1-Build/13/console&lt;/a&gt;&lt;br/&gt;
Test logs: &lt;a href=&quot;http://ec2-174-129-184-35.compute-1.amazonaws.com/logs/PreCommit-HIVE-BRANCH_1-Build-13/&quot; class=&quot;external-link&quot; rel=&quot;nofollow&quot;&gt;http://ec2-174-129-184-35.compute-1.amazonaws.com/logs/PreCommit-HIVE-BRANCH_1-Build-13/&lt;/a&gt;&lt;/p&gt;

&lt;p&gt;Messages:&lt;/p&gt;
&lt;div class=&quot;preformatted panel&quot; style=&quot;border-width: 1px;&quot;&gt;&lt;div class=&quot;preformattedContent panelContent&quot;&gt;
&lt;pre&gt;Executing org.apache.hive.ptest.execution.TestCheckPhase
Executing org.apache.hive.ptest.execution.PrepPhase
Executing org.apache.hive.ptest.execution.ExecutionPhase
Executing org.apache.hive.ptest.execution.ReportingPhase
Tests exited with: TestsFailedException: 31 tests failed
&lt;/pre&gt;
&lt;/div&gt;&lt;/div&gt;

&lt;p&gt;This message is automatically generated.&lt;/p&gt;

&lt;p&gt;ATTACHMENT ID: 12780185 - PreCommit-HIVE-BRANCH_1-Build&lt;/p&gt;</comment>
                            <comment id="15090083" author="hiveqa" created="Fri, 8 Jan 2016 22:33:49 +0000"  >

&lt;p&gt;Here are the results of testing the latest attachment:&lt;br/&gt;
&lt;a href=&quot;https://issues.apache.org/jira/secure/attachment/12781276/HIVE-12625.7-branch1.patch&quot; class=&quot;external-link&quot; rel=&quot;nofollow&quot;&gt;https://issues.apache.org/jira/secure/attachment/12781276/HIVE-12625.7-branch1.patch&lt;/a&gt;&lt;/p&gt;

&lt;p&gt;&lt;font color=&quot;green&quot;&gt;SUCCESS:&lt;/font&gt; +1 due to 24 test(s) being added or modified.&lt;/p&gt;

&lt;p&gt;&lt;font color=&quot;red&quot;&gt;ERROR:&lt;/font&gt; -1 due to 26 failed/errored test(s), 9262 tests executed&lt;br/&gt;
&lt;b&gt;Failed tests:&lt;/b&gt;&lt;/p&gt;
&lt;div class=&quot;preformatted panel&quot; style=&quot;border-width: 1px;&quot;&gt;&lt;div class=&quot;preformattedContent panelContent&quot;&gt;
&lt;pre&gt;TestSparkCliDriver-groupby_map_ppr_multi_distinct.q-groupby10.q-timestamp_comparison.q-and-12-more - did not produce a TEST-*.xml file
TestSparkCliDriver-join_cond_pushdown_unqual4.q-vectorization_16.q-union_remove_1.q-and-12-more - did not produce a TEST-*.xml file
TestSparkCliDriver-stats13.q-join_casesensitive.q-join8.q-and-12-more - did not produce a TEST-*.xml file
TestSparkCliDriver-table_access_keys_stats.q-groupby_complex_types.q-vectorization_10.q-and-12-more - did not produce a TEST-*.xml file
TestSparkCliDriver-vector_distinct_2.q-load_dyn_part2.q-join35.q-and-12-more - did not produce a TEST-*.xml file
org.apache.hadoop.hive.cli.TestCliDriver.testCliDriver_drop_database_removes_partition_dirs
org.apache.hadoop.hive.cli.TestCliDriver.testCliDriver_drop_table_removes_partition_dirs
org.apache.hadoop.hive.cli.TestCliDriver.testCliDriver_groupby10
org.apache.hadoop.hive.cli.TestCliDriver.testCliDriver_groupby11
org.apache.hadoop.hive.cli.TestCliDriver.testCliDriver_groupby8
org.apache.hadoop.hive.cli.TestCliDriver.testCliDriver_temp_table_gb1
org.apache.hadoop.hive.cli.TestEncryptedHDFSCliDriver.testCliDriver_encryption_drop_partition
org.apache.hadoop.hive.cli.TestEncryptedHDFSCliDriver.testCliDriver_encryption_with_trash
org.apache.hadoop.hive.cli.TestMiniSparkOnYarnCliDriver.testCliDriver_vector_outer_join5
org.apache.hadoop.hive.cli.TestMiniTezCliDriver.testCliDriver_dynamic_partition_pruning
org.apache.hadoop.hive.cli.TestMiniTezCliDriver.testCliDriver_groupby2
org.apache.hadoop.hive.cli.TestMiniTezCliDriver.testCliDriver_tez_smb_empty
org.apache.hadoop.hive.cli.TestMiniTezCliDriver.testCliDriver_vector_join_part_col_char
org.apache.hadoop.hive.cli.TestMiniTezCliDriver.testCliDriver_vectorized_dynamic_partition_pruning
org.apache.hadoop.hive.cli.TestMinimrCliDriver.testCliDriver_groupby2
org.apache.hadoop.hive.cli.TestMinimrCliDriver.testCliDriver_ql_rewrite_gbtoidx_cbo_2
org.apache.hadoop.hive.cli.TestNegativeCliDriver.testNegativeCliDriver_authorization_uri_import
org.apache.hadoop.hive.cli.TestSparkCliDriver.testCliDriver_dynamic_rdd_cache
org.apache.hadoop.hive.ql.TestMTQueries.testMTQueries1
org.apache.hive.hcatalog.api.TestHCatClient.testTableSchemaPropagation
org.apache.hive.jdbc.TestSSL.testSSLVersion
&lt;/pre&gt;
&lt;/div&gt;&lt;/div&gt;

&lt;p&gt;Test results: &lt;a href=&quot;http://ec2-174-129-184-35.compute-1.amazonaws.com/jenkins/job/PreCommit-HIVE-BRANCH_1-Build/15/testReport&quot; class=&quot;external-link&quot; rel=&quot;nofollow&quot;&gt;http://ec2-174-129-184-35.compute-1.amazonaws.com/jenkins/job/PreCommit-HIVE-BRANCH_1-Build/15/testReport&lt;/a&gt;&lt;br/&gt;
Console output: &lt;a href=&quot;http://ec2-174-129-184-35.compute-1.amazonaws.com/jenkins/job/PreCommit-HIVE-BRANCH_1-Build/15/console&quot; class=&quot;external-link&quot; rel=&quot;nofollow&quot;&gt;http://ec2-174-129-184-35.compute-1.amazonaws.com/jenkins/job/PreCommit-HIVE-BRANCH_1-Build/15/console&lt;/a&gt;&lt;br/&gt;
Test logs: &lt;a href=&quot;http://ec2-174-129-184-35.compute-1.amazonaws.com/logs/PreCommit-HIVE-BRANCH_1-Build-15/&quot; class=&quot;external-link&quot; rel=&quot;nofollow&quot;&gt;http://ec2-174-129-184-35.compute-1.amazonaws.com/logs/PreCommit-HIVE-BRANCH_1-Build-15/&lt;/a&gt;&lt;/p&gt;

&lt;p&gt;Messages:&lt;/p&gt;
&lt;div class=&quot;preformatted panel&quot; style=&quot;border-width: 1px;&quot;&gt;&lt;div class=&quot;preformattedContent panelContent&quot;&gt;
&lt;pre&gt;Executing org.apache.hive.ptest.execution.TestCheckPhase
Executing org.apache.hive.ptest.execution.PrepPhase
Executing org.apache.hive.ptest.execution.ExecutionPhase
Executing org.apache.hive.ptest.execution.ReportingPhase
Tests exited with: TestsFailedException: 26 tests failed
&lt;/pre&gt;
&lt;/div&gt;&lt;/div&gt;

&lt;p&gt;This message is automatically generated.&lt;/p&gt;

&lt;p&gt;ATTACHMENT ID: 12781276 - PreCommit-HIVE-BRANCH_1-Build&lt;/p&gt;</comment>
                            <comment id="15092696" author="sershe" created="Mon, 11 Jan 2016 21:20:07 +0000"  >&lt;p&gt;Can you post an RB? Also there are new test failures.&lt;/p&gt;</comment>
                            <comment id="15092940" author="mmccline" created="Mon, 11 Jan 2016 23:34:10 +0000"  >&lt;p&gt;The test failures are &lt;b&gt;all&lt;/b&gt; old ones that exist in branch-1 because people have backport stuff and haven&apos;t verified their Q files.&lt;/p&gt;</comment>
                            <comment id="15092957" author="sershe" created="Mon, 11 Jan 2016 23:52:52 +0000"  >&lt;p&gt;Heh. Wrt RB, I didn&apos;t realize patch was already reviewed. Does it require any additional attention? It seems like the original +1 should be sufficient, plus approval of the last&lt;img class=&quot;emoticon&quot; src=&quot;https://issues.apache.org/jira/images/icons/emoticons/help_16.gif&quot; height=&quot;16&quot; width=&quot;16&quot; align=&quot;absmiddle&quot; alt=&quot;&quot; border=&quot;0&quot;/&gt; branch-1 RM, maybe.&lt;/p&gt;

&lt;p&gt;+1 from my side.&lt;/p&gt;</comment>
                            <comment id="15093535" author="hiveqa" created="Tue, 12 Jan 2016 08:33:39 +0000"  >

&lt;p&gt;Here are the results of testing the latest attachment:&lt;br/&gt;
&lt;a href=&quot;https://issues.apache.org/jira/secure/attachment/12781735/HIVE-12625.8-branch1.patch&quot; class=&quot;external-link&quot; rel=&quot;nofollow&quot;&gt;https://issues.apache.org/jira/secure/attachment/12781735/HIVE-12625.8-branch1.patch&lt;/a&gt;&lt;/p&gt;

&lt;p&gt;&lt;font color=&quot;green&quot;&gt;SUCCESS:&lt;/font&gt; +1 due to 49 test(s) being added or modified.&lt;/p&gt;

&lt;p&gt;&lt;font color=&quot;red&quot;&gt;ERROR:&lt;/font&gt; -1 due to 42 failed/errored test(s), 9299 tests executed&lt;br/&gt;
&lt;b&gt;Failed tests:&lt;/b&gt;&lt;/p&gt;
&lt;div class=&quot;preformatted panel&quot; style=&quot;border-width: 1px;&quot;&gt;&lt;div class=&quot;preformattedContent panelContent&quot;&gt;
&lt;pre&gt;TestSparkCliDriver-groupby_map_ppr_multi_distinct.q-groupby10.q-timestamp_comparison.q-and-12-more - did not produce a TEST-*.xml file
TestSparkCliDriver-join_cond_pushdown_unqual4.q-vectorization_16.q-union_remove_1.q-and-12-more - did not produce a TEST-*.xml file
TestSparkCliDriver-stats13.q-join_casesensitive.q-join8.q-and-12-more - did not produce a TEST-*.xml file
TestSparkCliDriver-table_access_keys_stats.q-groupby_complex_types.q-vectorization_10.q-and-12-more - did not produce a TEST-*.xml file
TestSparkCliDriver-vector_distinct_2.q-load_dyn_part2.q-join35.q-and-12-more - did not produce a TEST-*.xml file
org.apache.hadoop.hive.cli.TestCliDriver.testCliDriver_drop_database_removes_partition_dirs
org.apache.hadoop.hive.cli.TestCliDriver.testCliDriver_drop_table_removes_partition_dirs
org.apache.hadoop.hive.cli.TestCliDriver.testCliDriver_groupby10
org.apache.hadoop.hive.cli.TestCliDriver.testCliDriver_groupby11
org.apache.hadoop.hive.cli.TestCliDriver.testCliDriver_groupby8
org.apache.hadoop.hive.cli.TestCliDriver.testCliDriver_temp_table_gb1
org.apache.hadoop.hive.cli.TestEncryptedHDFSCliDriver.testCliDriver_encryption_drop_partition
org.apache.hadoop.hive.cli.TestEncryptedHDFSCliDriver.testCliDriver_encryption_with_trash
org.apache.hadoop.hive.cli.TestMiniSparkOnYarnCliDriver.testCliDriver_vector_outer_join5
org.apache.hadoop.hive.cli.TestMiniTezCliDriver.testCliDriver_dynamic_partition_pruning
org.apache.hadoop.hive.cli.TestMiniTezCliDriver.testCliDriver_groupby2
org.apache.hadoop.hive.cli.TestMiniTezCliDriver.testCliDriver_tez_smb_empty
org.apache.hadoop.hive.cli.TestMiniTezCliDriver.testCliDriver_vector_join_part_col_char
org.apache.hadoop.hive.cli.TestMiniTezCliDriver.testCliDriver_vectorization_short_regress
org.apache.hadoop.hive.cli.TestMiniTezCliDriver.testCliDriver_vectorized_dynamic_partition_pruning
org.apache.hadoop.hive.cli.TestMinimrCliDriver.testCliDriver_groupby2
org.apache.hadoop.hive.cli.TestMinimrCliDriver.testCliDriver_ql_rewrite_gbtoidx_cbo_2
org.apache.hadoop.hive.cli.TestNegativeCliDriver.testNegativeCliDriver_authorization_uri_import
org.apache.hadoop.hive.cli.TestNegativeCliDriver.testNegativeCliDriver_schema_evol_orc_acid_mapwork_part
org.apache.hadoop.hive.cli.TestNegativeCliDriver.testNegativeCliDriver_schema_evol_orc_acid_mapwork_table
org.apache.hadoop.hive.cli.TestNegativeCliDriver.testNegativeCliDriver_schema_evol_orc_acidvec_mapwork_part
org.apache.hadoop.hive.cli.TestNegativeCliDriver.testNegativeCliDriver_schema_evol_orc_acidvec_mapwork_table
org.apache.hadoop.hive.cli.TestNegativeCliDriver.testNegativeCliDriver_schema_evol_orc_nonvec_fetchwork_part
org.apache.hadoop.hive.cli.TestNegativeCliDriver.testNegativeCliDriver_schema_evol_orc_nonvec_fetchwork_table
org.apache.hadoop.hive.cli.TestNegativeCliDriver.testNegativeCliDriver_schema_evol_orc_nonvec_mapwork_part
org.apache.hadoop.hive.cli.TestNegativeCliDriver.testNegativeCliDriver_schema_evol_orc_vec_mapwork_part
org.apache.hadoop.hive.cli.TestNegativeCliDriver.testNegativeCliDriver_schema_evol_text_fetchwork_table
org.apache.hadoop.hive.cli.TestNegativeCliDriver.testNegativeCliDriver_schema_evol_text_mapwork_table
org.apache.hadoop.hive.cli.TestNegativeCliDriver.testNegativeCliDriver_schema_evol_text_nonvec_fetchwork_part
org.apache.hadoop.hive.cli.TestNegativeCliDriver.testNegativeCliDriver_schema_evol_text_nonvec_fetchwork_table
org.apache.hadoop.hive.cli.TestNegativeCliDriver.testNegativeCliDriver_schema_evol_text_nonvec_mapwork_part
org.apache.hadoop.hive.cli.TestNegativeCliDriver.testNegativeCliDriver_schema_evol_text_nonvec_mapwork_table
org.apache.hadoop.hive.cli.TestSparkCliDriver.testCliDriver_dynamic_rdd_cache
org.apache.hadoop.hive.cli.TestSparkCliDriver.testCliDriver_vectorization_short_regress
org.apache.hadoop.hive.ql.TestMTQueries.testMTQueries1
org.apache.hive.hcatalog.api.TestHCatClient.testTableSchemaPropagation
org.apache.hive.jdbc.TestSSL.testSSLVersion
&lt;/pre&gt;
&lt;/div&gt;&lt;/div&gt;

&lt;p&gt;Test results: &lt;a href=&quot;http://ec2-174-129-184-35.compute-1.amazonaws.com/jenkins/job/PreCommit-HIVE-BRANCH_1-Build/16/testReport&quot; class=&quot;external-link&quot; rel=&quot;nofollow&quot;&gt;http://ec2-174-129-184-35.compute-1.amazonaws.com/jenkins/job/PreCommit-HIVE-BRANCH_1-Build/16/testReport&lt;/a&gt;&lt;br/&gt;
Console output: &lt;a href=&quot;http://ec2-174-129-184-35.compute-1.amazonaws.com/jenkins/job/PreCommit-HIVE-BRANCH_1-Build/16/console&quot; class=&quot;external-link&quot; rel=&quot;nofollow&quot;&gt;http://ec2-174-129-184-35.compute-1.amazonaws.com/jenkins/job/PreCommit-HIVE-BRANCH_1-Build/16/console&lt;/a&gt;&lt;br/&gt;
Test logs: &lt;a href=&quot;http://ec2-174-129-184-35.compute-1.amazonaws.com/logs/PreCommit-HIVE-BRANCH_1-Build-16/&quot; class=&quot;external-link&quot; rel=&quot;nofollow&quot;&gt;http://ec2-174-129-184-35.compute-1.amazonaws.com/logs/PreCommit-HIVE-BRANCH_1-Build-16/&lt;/a&gt;&lt;/p&gt;

&lt;p&gt;Messages:&lt;/p&gt;
&lt;div class=&quot;preformatted panel&quot; style=&quot;border-width: 1px;&quot;&gt;&lt;div class=&quot;preformattedContent panelContent&quot;&gt;
&lt;pre&gt;Executing org.apache.hive.ptest.execution.TestCheckPhase
Executing org.apache.hive.ptest.execution.PrepPhase
Executing org.apache.hive.ptest.execution.ExecutionPhase
Executing org.apache.hive.ptest.execution.ReportingPhase
Tests exited with: TestsFailedException: 42 tests failed
&lt;/pre&gt;
&lt;/div&gt;&lt;/div&gt;

&lt;p&gt;This message is automatically generated.&lt;/p&gt;

&lt;p&gt;ATTACHMENT ID: 12781735 - PreCommit-HIVE-BRANCH_1-Build&lt;/p&gt;</comment>
                            <comment id="15093967" author="hiveqa" created="Tue, 12 Jan 2016 14:37:32 +0000"  >

&lt;p&gt;Here are the results of testing the latest attachment:&lt;br/&gt;
&lt;a href=&quot;https://issues.apache.org/jira/secure/attachment/12781777/HIVE-12625.9-branch1.patch&quot; class=&quot;external-link&quot; rel=&quot;nofollow&quot;&gt;https://issues.apache.org/jira/secure/attachment/12781777/HIVE-12625.9-branch1.patch&lt;/a&gt;&lt;/p&gt;

&lt;p&gt;&lt;font color=&quot;green&quot;&gt;SUCCESS:&lt;/font&gt; +1 due to 48 test(s) being added or modified.&lt;/p&gt;

&lt;p&gt;&lt;font color=&quot;red&quot;&gt;ERROR:&lt;/font&gt; -1 due to 26 failed/errored test(s), 9285 tests executed&lt;br/&gt;
&lt;b&gt;Failed tests:&lt;/b&gt;&lt;/p&gt;
&lt;div class=&quot;preformatted panel&quot; style=&quot;border-width: 1px;&quot;&gt;&lt;div class=&quot;preformattedContent panelContent&quot;&gt;
&lt;pre&gt;TestSparkCliDriver-groupby_map_ppr_multi_distinct.q-groupby10.q-timestamp_comparison.q-and-12-more - did not produce a TEST-*.xml file
TestSparkCliDriver-join_cond_pushdown_unqual4.q-vectorization_16.q-union_remove_1.q-and-12-more - did not produce a TEST-*.xml file
TestSparkCliDriver-stats13.q-join_casesensitive.q-join8.q-and-12-more - did not produce a TEST-*.xml file
TestSparkCliDriver-table_access_keys_stats.q-groupby_complex_types.q-vectorization_10.q-and-12-more - did not produce a TEST-*.xml file
TestSparkCliDriver-vector_distinct_2.q-load_dyn_part2.q-join35.q-and-12-more - did not produce a TEST-*.xml file
org.apache.hadoop.hive.cli.TestCliDriver.testCliDriver_drop_database_removes_partition_dirs
org.apache.hadoop.hive.cli.TestCliDriver.testCliDriver_drop_table_removes_partition_dirs
org.apache.hadoop.hive.cli.TestCliDriver.testCliDriver_groupby10
org.apache.hadoop.hive.cli.TestCliDriver.testCliDriver_groupby11
org.apache.hadoop.hive.cli.TestCliDriver.testCliDriver_groupby8
org.apache.hadoop.hive.cli.TestCliDriver.testCliDriver_temp_table_gb1
org.apache.hadoop.hive.cli.TestEncryptedHDFSCliDriver.testCliDriver_encryption_drop_partition
org.apache.hadoop.hive.cli.TestEncryptedHDFSCliDriver.testCliDriver_encryption_with_trash
org.apache.hadoop.hive.cli.TestMiniSparkOnYarnCliDriver.testCliDriver_vector_outer_join5
org.apache.hadoop.hive.cli.TestMiniTezCliDriver.testCliDriver_dynamic_partition_pruning
org.apache.hadoop.hive.cli.TestMiniTezCliDriver.testCliDriver_groupby2
org.apache.hadoop.hive.cli.TestMiniTezCliDriver.testCliDriver_tez_smb_empty
org.apache.hadoop.hive.cli.TestMiniTezCliDriver.testCliDriver_vector_join_part_col_char
org.apache.hadoop.hive.cli.TestMiniTezCliDriver.testCliDriver_vectorized_dynamic_partition_pruning
org.apache.hadoop.hive.cli.TestMinimrCliDriver.testCliDriver_groupby2
org.apache.hadoop.hive.cli.TestMinimrCliDriver.testCliDriver_ql_rewrite_gbtoidx_cbo_2
org.apache.hadoop.hive.cli.TestNegativeCliDriver.testNegativeCliDriver_authorization_uri_import
org.apache.hadoop.hive.cli.TestSparkCliDriver.testCliDriver_dynamic_rdd_cache
org.apache.hadoop.hive.ql.TestMTQueries.testMTQueries1
org.apache.hive.hcatalog.api.TestHCatClient.testTableSchemaPropagation
org.apache.hive.jdbc.TestSSL.testSSLVersion
&lt;/pre&gt;
&lt;/div&gt;&lt;/div&gt;

&lt;p&gt;Test results: &lt;a href=&quot;http://ec2-174-129-184-35.compute-1.amazonaws.com/jenkins/job/PreCommit-HIVE-BRANCH_1-Build/17/testReport&quot; class=&quot;external-link&quot; rel=&quot;nofollow&quot;&gt;http://ec2-174-129-184-35.compute-1.amazonaws.com/jenkins/job/PreCommit-HIVE-BRANCH_1-Build/17/testReport&lt;/a&gt;&lt;br/&gt;
Console output: &lt;a href=&quot;http://ec2-174-129-184-35.compute-1.amazonaws.com/jenkins/job/PreCommit-HIVE-BRANCH_1-Build/17/console&quot; class=&quot;external-link&quot; rel=&quot;nofollow&quot;&gt;http://ec2-174-129-184-35.compute-1.amazonaws.com/jenkins/job/PreCommit-HIVE-BRANCH_1-Build/17/console&lt;/a&gt;&lt;br/&gt;
Test logs: &lt;a href=&quot;http://ec2-174-129-184-35.compute-1.amazonaws.com/logs/PreCommit-HIVE-BRANCH_1-Build-17/&quot; class=&quot;external-link&quot; rel=&quot;nofollow&quot;&gt;http://ec2-174-129-184-35.compute-1.amazonaws.com/logs/PreCommit-HIVE-BRANCH_1-Build-17/&lt;/a&gt;&lt;/p&gt;

&lt;p&gt;Messages:&lt;/p&gt;
&lt;div class=&quot;preformatted panel&quot; style=&quot;border-width: 1px;&quot;&gt;&lt;div class=&quot;preformattedContent panelContent&quot;&gt;
&lt;pre&gt;Executing org.apache.hive.ptest.execution.TestCheckPhase
Executing org.apache.hive.ptest.execution.PrepPhase
Executing org.apache.hive.ptest.execution.ExecutionPhase
Executing org.apache.hive.ptest.execution.ReportingPhase
Tests exited with: TestsFailedException: 26 tests failed
&lt;/pre&gt;
&lt;/div&gt;&lt;/div&gt;

&lt;p&gt;This message is automatically generated.&lt;/p&gt;

&lt;p&gt;ATTACHMENT ID: 12781777 - PreCommit-HIVE-BRANCH_1-Build&lt;/p&gt;</comment>
                            <comment id="15094070" author="mmccline" created="Tue, 12 Jan 2016 15:31:20 +0000"  >&lt;p&gt;No test failures are related.&lt;/p&gt;

&lt;p&gt;Ready to go into branch-1 as soon as &lt;a href=&quot;https://issues.apache.org/jira/browse/HIVE-12799&quot; title=&quot;Always use Schema Evolution for ACID&quot; class=&quot;issue-link&quot; data-issue-key=&quot;HIVE-12799&quot;&gt;&lt;del&gt;HIVE-12799&lt;/del&gt;&lt;/a&gt; commits.&lt;/p&gt;

&lt;p&gt;3 line Commit message needed:&lt;/p&gt;

&lt;div class=&quot;code panel&quot; style=&quot;border-width: 1px;&quot;&gt;&lt;div class=&quot;codeContent panelContent&quot;&gt;
&lt;pre class=&quot;code-java&quot;&gt;
Backport to branch-1 HIVE-11981 ORC Schema Evolution Issues (Vectorized, ACID, and Non-Vectorized)  (Matt McCline, reviewed by Prasanth J)
HIVE-12728: Apply DDL restrictions &lt;span class=&quot;code-keyword&quot;&gt;for&lt;/span&gt; ORC schema evolution (Prasanth Jayachandran reviewed by Matt McCline and Gunther Hagleitner)
HIVE-12799 Always use Schema Evolution &lt;span class=&quot;code-keyword&quot;&gt;for&lt;/span&gt; ACID (Matt McCline, reviewed by Sergey Shelukhin)
&lt;/pre&gt;
&lt;/div&gt;&lt;/div&gt;</comment>
                            <comment id="15094079" author="mmccline" created="Tue, 12 Jan 2016 15:33:24 +0000"  >&lt;p&gt;Actually:&lt;/p&gt;

&lt;div class=&quot;code panel&quot; style=&quot;border-width: 1px;&quot;&gt;&lt;div class=&quot;codeContent panelContent&quot;&gt;
&lt;pre class=&quot;code-java&quot;&gt;
HIVE-12625: Backport to branch-1 HIVE-11981 ORC Schema Evolution Issues (Vectorized, ACID, and Non-Vectorized)  (Matt McCline, reviewed by Prasanth J)
HIVE-12728: Apply DDL restrictions &lt;span class=&quot;code-keyword&quot;&gt;for&lt;/span&gt; ORC schema evolution (Prasanth Jayachandran reviewed by Matt McCline and Gunther Hagleitner)
HIVE-12799: Always use Schema Evolution &lt;span class=&quot;code-keyword&quot;&gt;for&lt;/span&gt; ACID (Matt McCline, reviewed by Sergey Shelukhin)
&lt;/pre&gt;
&lt;/div&gt;&lt;/div&gt;</comment>
                            <comment id="15094537" author="mmccline" created="Tue, 12 Jan 2016 19:07:40 +0000"  >&lt;p&gt;Committed to branch-1&lt;/p&gt;</comment>
                            <comment id="15095492" author="lefty@hortonworks.com" created="Wed, 13 Jan 2016 02:33:14 +0000"  >&lt;p&gt;Doc note:  This adds &lt;b&gt;hive.exec.schema.evolution&lt;/b&gt; with a default value of false in 1.3.0 and changes the parameter to true for ACID, which is not mentioned in the parameter description but should be documented in the wiki.  &lt;a href=&quot;https://issues.apache.org/jira/browse/HIVE-12799&quot; title=&quot;Always use Schema Evolution for ACID&quot; class=&quot;issue-link&quot; data-issue-key=&quot;HIVE-12799&quot;&gt;&lt;del&gt;HIVE-12799&lt;/del&gt;&lt;/a&gt; does the same for 2.1.0, and has a doc note that includes this commit to 1.3.0 (so this doc note is redundant).&lt;/p&gt;

&lt;ul&gt;
	&lt;li&gt;&lt;a href=&quot;https://cwiki.apache.org/confluence/display/Hive/Configuration+Properties#ConfigurationProperties-QueryandDDLExecution&quot; class=&quot;external-link&quot; rel=&quot;nofollow&quot;&gt;Hive Configuration Properties &amp;#8211; Query and DDL Execution &lt;/a&gt;&lt;/li&gt;
	&lt;li&gt;&lt;a href=&quot;https://cwiki.apache.org/confluence/display/Hive/Hive+Transactions#HiveTransactions-Configuration&quot; class=&quot;external-link&quot; rel=&quot;nofollow&quot;&gt;Hive Transactions &amp;#8211; Configuration &lt;/a&gt;&lt;/li&gt;
&lt;/ul&gt;


&lt;p&gt;&lt;b&gt;hive.exec.schema.evolution&lt;/b&gt; was introduced in 2.0.0 by &lt;a href=&quot;https://issues.apache.org/jira/browse/HIVE-11981&quot; title=&quot;ORC Schema Evolution Issues (Vectorized, ACID, and Non-Vectorized)&quot; class=&quot;issue-link&quot; data-issue-key=&quot;HIVE-11981&quot;&gt;&lt;del&gt;HIVE-11981&lt;/del&gt;&lt;/a&gt; with a default value of true.&lt;/p&gt;</comment>
                    </comments>
                <issuelinks>
                            <issuelinktype id="10030">
                    <name>Reference</name>
                                            <outwardlinks description="relates to">
                                        <issuelink>
            <issuekey id="12901127">HIVE-11981</issuekey>
        </issuelink>
            <issuelink>
            <issuekey id="12923673">HIVE-12728</issuekey>
        </issuelink>
            <issuelink>
            <issuekey id="12928268">HIVE-12799</issuekey>
        </issuelink>
                            </outwardlinks>
                                                        </issuelinktype>
                    </issuelinks>
                <attachments>
                            <attachment id="12776444" name="HIVE-12625.1-branch1.patch" size="2142" author="mmccline" created="Tue, 8 Dec 2015 23:59:05 +0000"/>
                            <attachment id="12776637" name="HIVE-12625.2-branch1.patch" size="2142" author="mmccline" created="Wed, 9 Dec 2015 21:31:00 +0000"/>
                            <attachment id="12776694" name="HIVE-12625.3-branch1.patch" size="1444" author="mmccline" created="Thu, 10 Dec 2015 01:42:43 +0000"/>
                            <attachment id="12777704" name="HIVE-12625.4-branch1.patch" size="63053" author="mmccline" created="Tue, 15 Dec 2015 09:25:27 +0000"/>
                            <attachment id="12779885" name="HIVE-12625.5-branch1.patch" size="1297026" author="mmccline" created="Wed, 30 Dec 2015 00:43:43 +0000"/>
                            <attachment id="12780185" name="HIVE-12625.6-branch1.patch" size="1297026" author="mmccline" created="Fri, 1 Jan 2016 09:59:02 +0000"/>
                            <attachment id="12781276" name="HIVE-12625.7-branch1.patch" size="1305780" author="mmccline" created="Fri, 8 Jan 2016 19:12:11 +0000"/>
                            <attachment id="12781735" name="HIVE-12625.8-branch1.patch" size="1433309" author="mmccline" created="Tue, 12 Jan 2016 05:09:37 +0000"/>
                            <attachment id="12781777" name="HIVE-12625.9-branch1.patch" size="1374952" author="mmccline" created="Tue, 12 Jan 2016 09:16:21 +0000"/>
                    </attachments>
                <subtasks>
                    </subtasks>
                <customfields>
                                                <customfield id="customfield_12310310" key="com.atlassian.jira.toolkit:attachments">
                        <customfieldname>Attachment count</customfieldname>
                        <customfieldvalues>
                            <customfieldvalue>9.0</customfieldvalue>
                        </customfieldvalues>
                    </customfield>
                                                                                                                                                                                                                                                                                                                                                                                                                                                                                                                                <customfield id="customfield_12310220" key="com.atlassian.jira.ext.charting:firstresponsedate">
                        <customfieldname>Date of First Response</customfieldname>
                        <customfieldvalues>
                            <customfieldvalue>Wed, 9 Dec 2015 22:05:27 +0000</customfieldvalue>

                        </customfieldvalues>
                    </customfield>
                                                                                                                                                                                                                                                                                                                                                                                                                                            <customfield id="customfield_12310420" key="com.pyxis.greenhopper.jira:gh-global-rank">
                        <customfieldname>Global Rank</customfieldname>
                        <customfieldvalues>
                            <customfieldvalue>9223372036854775807</customfieldvalue>
                        </customfieldvalues>
                    </customfield>
                                                                                                                                                    <customfield id="customfield_12312521" key="com.atlassian.jira.toolkit:LastCommentDate">
                        <customfieldname>Last public comment date</customfieldname>
                        <customfieldvalues>
                            46 weeks, 2 days ago
                        </customfieldvalues>
                    </customfield>
                                                                                            <customfield id="customfield_12311820" key="com.pyxis.greenhopper.jira:gh-lexo-rank">
                        <customfieldname>Rank</customfieldname>
                        <customfieldvalues>
                            <customfieldvalue>0|i2pmk7:</customfieldvalue>

                        </customfieldvalues>
                    </customfield>
                                                                <customfield id="customfield_12310920" key="com.pyxis.greenhopper.jira:gh-global-rank">
                        <customfieldname>Rank (Obsolete)</customfieldname>
                        <customfieldvalues>
                            <customfieldvalue>9223372036854775807</customfieldvalue>
                        </customfieldvalues>
                    </customfield>
                                                                                                                                                                                                                                                                                                                            <customfield id="customfield_12310222" key="com.atlassian.jira.ext.charting:timeinstatus">
                        <customfieldname>Time in Status</customfieldname>
                        <customfieldvalues>
                            
                        </customfieldvalues>
                    </customfield>
                                                                                                                        </customfields>
    </item>
</channel>
</rss>