<!-- 
RSS generated by JIRA (6.3.4#6332-sha1:51bc225ef474afe3128b2f66878477f322397b16) at Fri Dec 02 05:53:25 UTC 2016

It is possible to restrict the fields that are returned in this document by specifying the 'field' parameter in your request.
For example, to request only the issue key and summary add field=key&field=summary to the URL of your request.
For example:
https://issues.apache.org/jira/si/jira.issueviews:issue-xml/HIVE-12509/HIVE-12509.xml?field=key&amp;field=summary
-->
<rss version="0.92" >
<channel>
    <title>ASF JIRA</title>
    <link>https://issues.apache.org/jira</link>
    <description>This file is an XML representation of an issue</description>
    <language>en-uk</language>    <build-info>
        <version>6.3.4</version>
        <build-number>6332</build-number>
        <build-date>15-08-2014</build-date>
    </build-info>

<item>
            <title>[HIVE-12509] Regenerate q files after HIVE-12017 went in</title>
                <link>https://issues.apache.org/jira/browse/HIVE-12509</link>
                <project id="12310843" key="HIVE">Hive</project>
                    <description>&lt;p&gt;A few q files need to be updated, as they were not updated when &lt;a href=&quot;https://issues.apache.org/jira/browse/HIVE-12017&quot; title=&quot;Do not disable CBO by default when number of joins in a query is equal or less than 1&quot; class=&quot;issue-link&quot; data-issue-key=&quot;HIVE-12017&quot;&gt;&lt;del&gt;HIVE-12017&lt;/del&gt;&lt;/a&gt; went in.&lt;/p&gt;</description>
                <environment></environment>
        <key id="12915826">HIVE-12509</key>
            <summary>Regenerate q files after HIVE-12017 went in</summary>
                <type id="1" iconUrl="https://issues.apache.org/jira/images/icons/issuetypes/bug.png">Bug</type>
                                            <priority id="3" iconUrl="https://issues.apache.org/jira/images/icons/priorities/major.png">Major</priority>
                        <status id="6" iconUrl="https://issues.apache.org/jira/images/icons/statuses/closed.png" description="The issue is considered finished, the resolution is correct. Issues which are closed can be reopened.">Closed</status>
                    <statusCategory id="3" key="done" colorName="green"/>
                                    <resolution id="1">Fixed</resolution>
                                        <assignee username="jcamachorodriguez">Jesus Camacho Rodriguez</assignee>
                                    <reporter username="jcamachorodriguez">Jesus Camacho Rodriguez</reporter>
                        <labels>
                    </labels>
                <created>Tue, 24 Nov 2015 15:43:36 +0000</created>
                <updated>Tue, 16 Feb 2016 23:51:43 +0000</updated>
                            <resolved>Tue, 24 Nov 2015 16:15:53 +0000</resolved>
                                    <version>2.0.0</version>
                                    <fixVersion>2.0.0</fixVersion>
                                        <due></due>
                            <votes>0</votes>
                                    <watches>1</watches>
                                                                <comments>
                            <comment id="15024744" author="jcamachorodriguez" created="Tue, 24 Nov 2015 16:09:56 +0000"  >&lt;p&gt;&lt;a href=&quot;https://issues.apache.org/jira/secure/ViewProfile.jspa?name=ashutoshc&quot; class=&quot;user-hover&quot; rel=&quot;ashutoshc&quot;&gt;Ashutosh Chauhan&lt;/a&gt;, could you +1? It is just q file updates that I miss when I checked in &lt;a href=&quot;https://issues.apache.org/jira/browse/HIVE-12017&quot; title=&quot;Do not disable CBO by default when number of joins in a query is equal or less than 1&quot; class=&quot;issue-link&quot; data-issue-key=&quot;HIVE-12017&quot;&gt;&lt;del&gt;HIVE-12017&lt;/del&gt;&lt;/a&gt;. Thanks&lt;/p&gt;</comment>
                            <comment id="15024746" author="ashutoshc" created="Tue, 24 Nov 2015 16:11:14 +0000"  >&lt;p&gt;+1&lt;/p&gt;</comment>
                            <comment id="15024755" author="jcamachorodriguez" created="Tue, 24 Nov 2015 16:15:53 +0000"  >&lt;p&gt;Pushed to master, thanks!&lt;/p&gt;</comment>
                    </comments>
                <issuelinks>
                            <issuelinktype id="12310010">
                    <name>Incorporates</name>
                                                                <inwardlinks description="is part of">
                                        <issuelink>
            <issuekey id="12902146">HIVE-12017</issuekey>
        </issuelink>
                            </inwardlinks>
                                    </issuelinktype>
                    </issuelinks>
                <attachments>
                            <attachment id="12774090" name="HIVE-12509.patch" size="60207" author="jcamachorodriguez" created="Tue, 24 Nov 2015 16:09:56 +0000"/>
                    </attachments>
                <subtasks>
                    </subtasks>
                <customfields>
                                                <customfield id="customfield_12310310" key="com.atlassian.jira.toolkit:attachments">
                        <customfieldname>Attachment count</customfieldname>
                        <customfieldvalues>
                            <customfieldvalue>1.0</customfieldvalue>
                        </customfieldvalues>
                    </customfield>
                                                                                                                                                                                                                                                                                                                                                                                                                                                                                                                                <customfield id="customfield_12310220" key="com.atlassian.jira.ext.charting:firstresponsedate">
                        <customfieldname>Date of First Response</customfieldname>
                        <customfieldvalues>
                            <customfieldvalue>Tue, 24 Nov 2015 16:11:14 +0000</customfieldvalue>

                        </customfieldvalues>
                    </customfield>
                                                                                                                                                                                                                                                                                                                                                                                                                                            <customfield id="customfield_12310420" key="com.pyxis.greenhopper.jira:gh-global-rank">
                        <customfieldname>Global Rank</customfieldname>
                        <customfieldvalues>
                            <customfieldvalue>9223372036854775807</customfieldvalue>
                        </customfieldvalues>
                    </customfield>
                                                                                                                                                    <customfield id="customfield_12312521" key="com.atlassian.jira.toolkit:LastCommentDate">
                        <customfieldname>Last public comment date</customfieldname>
                        <customfieldvalues>
                            1 year, 1 week, 2 days ago
                        </customfieldvalues>
                    </customfield>
                                                                                            <customfield id="customfield_12311820" key="com.pyxis.greenhopper.jira:gh-lexo-rank">
                        <customfieldname>Rank</customfieldname>
                        <customfieldvalues>
                            <customfieldvalue>0|i2oven:</customfieldvalue>

                        </customfieldvalues>
                    </customfield>
                                                                <customfield id="customfield_12310920" key="com.pyxis.greenhopper.jira:gh-global-rank">
                        <customfieldname>Rank (Obsolete)</customfieldname>
                        <customfieldvalues>
                            <customfieldvalue>9223372036854775807</customfieldvalue>
                        </customfieldvalues>
                    </customfield>
                                                                                                                                                                                                                                                                    <customfield id="customfield_12310320" key="com.atlassian.jira.plugin.system.customfieldtypes:multiversion">
                        <customfieldname>Target Version/s</customfieldname>
                        <customfieldvalues>
                                <customfieldvalue>12332641</customfieldvalue>
    
                        </customfieldvalues>
                    </customfield>
                                                                                            <customfield id="customfield_12310222" key="com.atlassian.jira.ext.charting:timeinstatus">
                        <customfieldname>Time in Status</customfieldname>
                        <customfieldvalues>
                            
                        </customfieldvalues>
                    </customfield>
                                                                                                                        </customfields>
    </item>
</channel>
</rss>