<!-- 
RSS generated by JIRA (6.3.4#6332-sha1:51bc225ef474afe3128b2f66878477f322397b16) at Sat Dec 03 22:28:53 UTC 2016

It is possible to restrict the fields that are returned in this document by specifying the 'field' parameter in your request.
For example, to request only the issue key and summary add field=key&field=summary to the URL of your request.
For example:
https://issues.apache.org/jira/si/jira.issueviews:issue-xml/HIVE-12385/HIVE-12385.xml?field=key&amp;field=summary
-->
<rss version="0.92" >
<channel>
    <title>ASF JIRA</title>
    <link>https://issues.apache.org/jira</link>
    <description>This file is an XML representation of an issue</description>
    <language>en-uk</language>    <build-info>
        <version>6.3.4</version>
        <build-number>6332</build-number>
        <build-date>15-08-2014</build-date>
    </build-info>

<item>
            <title>[HIVE-12385] schematool failed on MySQL</title>
                <link>https://issues.apache.org/jira/browse/HIVE-12385</link>
                <project id="12310843" key="HIVE">Hive</project>
                    <description>&lt;p&gt;Run schematool and got the following error:&lt;/p&gt;

&lt;div class=&quot;preformatted panel&quot; style=&quot;border-width: 1px;&quot;&gt;&lt;div class=&quot;preformattedContent panelContent&quot;&gt;
&lt;pre&gt;CREATE TABLE IF NOT EXISTS `COLUMNS_V2` ( `CD_ID` bigint(20) NOT NULL, `COMMENT` varchar(256) CHARACTER SET latin1 COLLATE latin1_bin DEFAULT NULL, `COLUMN_NAME` varchar(1000) CHARACTER SET latin1 COLLATE latin1_bin NOT NULL, `TYPE_NAME` varchar(4000) DEFAULT NULL, `INTEGER_IDX` int(11) NOT NULL, PRIMARY KEY (`CD_ID`,`COLUMN_NAME`), KEY `COLUMNS_V2_N49` (`CD_ID`), CONSTRAINT `COLUMNS_V2_FK1` FOREIGN KEY (`CD_ID`) REFERENCES `CDS` (`CD_ID`) ) ENGINE=InnoDB DEFAULT CHARSET=latin1
Error: Specified key was too long; max key length is 767 bytes (state=42000,code=1071)
&lt;/pre&gt;
&lt;/div&gt;&lt;/div&gt;</description>
                <environment>&lt;p&gt;MySQL&lt;/p&gt;</environment>
        <key id="12912316">HIVE-12385</key>
            <summary>schematool failed on MySQL</summary>
                <type id="1" iconUrl="https://issues.apache.org/jira/images/icons/issuetypes/bug.png">Bug</type>
                                            <priority id="3" iconUrl="https://issues.apache.org/jira/images/icons/priorities/major.png">Major</priority>
                        <status id="6" iconUrl="https://issues.apache.org/jira/images/icons/statuses/closed.png" description="The issue is considered finished, the resolution is correct. Issues which are closed can be reopened.">Closed</status>
                    <statusCategory id="3" key="done" colorName="green"/>
                                    <resolution id="1">Fixed</resolution>
                                        <assignee username="sershe">Sergey Shelukhin</assignee>
                                    <reporter username="taksaito">Takahiko Saito</reporter>
                        <labels>
                    </labels>
                <created>Wed, 11 Nov 2015 22:04:44 +0000</created>
                <updated>Tue, 16 Feb 2016 23:51:36 +0000</updated>
                            <resolved>Thu, 12 Nov 2015 19:46:58 +0000</resolved>
                                    <version>2.0.0</version>
                                    <fixVersion>2.0.0</fixVersion>
                                        <due></due>
                            <votes>0</votes>
                                    <watches>4</watches>
                                                                <comments>
                            <comment id="15001240" author="sershe" created="Wed, 11 Nov 2015 22:24:11 +0000"  >&lt;p&gt;Please configure mysql to use innodb_file_format = BARRACUDA and global innodb_large_prefix = ON to work around this&lt;/p&gt;</comment>
                            <comment id="15001259" author="sershe" created="Wed, 11 Nov 2015 22:40:06 +0000"  >&lt;p&gt;Script does need to be modified&lt;/p&gt;</comment>
                            <comment id="15001387" author="sershe" created="Thu, 12 Nov 2015 00:18:20 +0000"  >&lt;p&gt;This modifies the name down to 767 characters which is a MySQL limit. Luckily we have not shipped this yet...&lt;/p&gt;</comment>
                            <comment id="15001389" author="sershe" created="Thu, 12 Nov 2015 00:19:07 +0000"  >&lt;p&gt;&lt;a href=&quot;https://issues.apache.org/jira/secure/ViewProfile.jspa?name=ashutoshc&quot; class=&quot;user-hover&quot; rel=&quot;ashutoshc&quot;&gt;Ashutosh Chauhan&lt;/a&gt; can you take a look? We could instead add ROW_FORMAT and refer to the above mysql settings, but it won&apos;t work for existing tables, so to reduce confusion I&apos;ve set it to 767.&lt;/p&gt;</comment>
                            <comment id="15001821" author="hiveqa" created="Thu, 12 Nov 2015 08:05:29 +0000"  >

&lt;p&gt;Here are the results of testing the latest attachment:&lt;br/&gt;
&lt;a href=&quot;https://issues.apache.org/jira/secure/attachment/12771871/HIVE-12385.patch&quot; class=&quot;external-link&quot; rel=&quot;nofollow&quot;&gt;https://issues.apache.org/jira/secure/attachment/12771871/HIVE-12385.patch&lt;/a&gt;&lt;/p&gt;

&lt;p&gt;&lt;font color=&quot;red&quot;&gt;ERROR:&lt;/font&gt; -1 due to no test(s) being added or modified.&lt;/p&gt;

&lt;p&gt;&lt;font color=&quot;red&quot;&gt;ERROR:&lt;/font&gt; -1 due to 4 failed/errored test(s), 9780 tests executed&lt;br/&gt;
&lt;b&gt;Failed tests:&lt;/b&gt;&lt;/p&gt;
&lt;div class=&quot;preformatted panel&quot; style=&quot;border-width: 1px;&quot;&gt;&lt;div class=&quot;preformattedContent panelContent&quot;&gt;
&lt;pre&gt;org.apache.hadoop.hive.cli.TestCliDriver.testCliDriver_cbo_rp_annotate_stats_groupby
org.apache.hadoop.hive.cli.TestNegativeCliDriver.testNegativeCliDriver_authorization_uri_import
org.apache.hadoop.hive.hwi.TestHWISessionManager.testHiveDriver
org.apache.hive.jdbc.TestSSL.testSSLVersion
&lt;/pre&gt;
&lt;/div&gt;&lt;/div&gt;

&lt;p&gt;Test results: &lt;a href=&quot;http://ec2-174-129-184-35.compute-1.amazonaws.com/jenkins/job/PreCommit-HIVE-TRUNK-Build/6008/testReport&quot; class=&quot;external-link&quot; rel=&quot;nofollow&quot;&gt;http://ec2-174-129-184-35.compute-1.amazonaws.com/jenkins/job/PreCommit-HIVE-TRUNK-Build/6008/testReport&lt;/a&gt;&lt;br/&gt;
Console output: &lt;a href=&quot;http://ec2-174-129-184-35.compute-1.amazonaws.com/jenkins/job/PreCommit-HIVE-TRUNK-Build/6008/console&quot; class=&quot;external-link&quot; rel=&quot;nofollow&quot;&gt;http://ec2-174-129-184-35.compute-1.amazonaws.com/jenkins/job/PreCommit-HIVE-TRUNK-Build/6008/console&lt;/a&gt;&lt;br/&gt;
Test logs: &lt;a href=&quot;http://ec2-174-129-184-35.compute-1.amazonaws.com/logs/PreCommit-HIVE-TRUNK-Build-6008/&quot; class=&quot;external-link&quot; rel=&quot;nofollow&quot;&gt;http://ec2-174-129-184-35.compute-1.amazonaws.com/logs/PreCommit-HIVE-TRUNK-Build-6008/&lt;/a&gt;&lt;/p&gt;

&lt;p&gt;Messages:&lt;/p&gt;
&lt;div class=&quot;preformatted panel&quot; style=&quot;border-width: 1px;&quot;&gt;&lt;div class=&quot;preformattedContent panelContent&quot;&gt;
&lt;pre&gt;Executing org.apache.hive.ptest.execution.TestCheckPhase
Executing org.apache.hive.ptest.execution.PrepPhase
Executing org.apache.hive.ptest.execution.ExecutionPhase
Executing org.apache.hive.ptest.execution.ReportingPhase
Tests exited with: TestsFailedException: 4 tests failed
&lt;/pre&gt;
&lt;/div&gt;&lt;/div&gt;

&lt;p&gt;This message is automatically generated.&lt;/p&gt;

&lt;p&gt;ATTACHMENT ID: 12771871 - PreCommit-HIVE-TRUNK-Build&lt;/p&gt;</comment>
                            <comment id="15002680" author="sershe" created="Thu, 12 Nov 2015 19:15:59 +0000"  >&lt;p&gt;Test failures are unrelated. &lt;a href=&quot;https://issues.apache.org/jira/secure/ViewProfile.jspa?name=ashutoshc&quot; class=&quot;user-hover&quot; rel=&quot;ashutoshc&quot;&gt;Ashutosh Chauhan&lt;/a&gt; &lt;a href=&quot;https://issues.apache.org/jira/secure/ViewProfile.jspa?name=thejas&quot; class=&quot;user-hover&quot; rel=&quot;thejas&quot;&gt;Thejas M Nair&lt;/a&gt; &lt;a href=&quot;https://issues.apache.org/jira/secure/ViewProfile.jspa?name=sushanth&quot; class=&quot;user-hover&quot; rel=&quot;sushanth&quot;&gt;Sushanth Sowmyan&lt;/a&gt; can you review?&lt;/p&gt;</comment>
                            <comment id="15002702" author="ashutoshc" created="Thu, 12 Nov 2015 19:22:47 +0000"  >&lt;p&gt;&lt;tt&gt;TYPE_NAME&lt;/tt&gt; is still varchar(4000) wont that suffer from same issue?&lt;/p&gt;</comment>
                            <comment id="15002710" author="sershe" created="Thu, 12 Nov 2015 19:25:15 +0000"  >&lt;p&gt;It&apos;s not part of the unique key&lt;/p&gt;</comment>
                            <comment id="15002731" author="ashutoshc" created="Thu, 12 Nov 2015 19:35:00 +0000"  >&lt;p&gt;Right. +1&lt;/p&gt;</comment>
                            <comment id="15002765" author="sershe" created="Thu, 12 Nov 2015 19:46:59 +0000"  >&lt;p&gt;Committed to master. The original patch was not committed to branch-1, so this is not needed either.&lt;/p&gt;</comment>
                            <comment id="15033786" author="timothy garza" created="Tue, 1 Dec 2015 14:45:15 +0000"  >&lt;p&gt;Does BARRACUDA support varchar(4000) as Primary Key either?&lt;/p&gt;</comment>
                    </comments>
                    <attachments>
                            <attachment id="12771871" name="HIVE-12385.patch" size="3221" author="sershe" created="Thu, 12 Nov 2015 00:18:20 +0000"/>
                    </attachments>
                <subtasks>
                    </subtasks>
                <customfields>
                                                <customfield id="customfield_12310310" key="com.atlassian.jira.toolkit:attachments">
                        <customfieldname>Attachment count</customfieldname>
                        <customfieldvalues>
                            <customfieldvalue>1.0</customfieldvalue>
                        </customfieldvalues>
                    </customfield>
                                                                                                                                                                                                                                                                                                                                                                                                                                                                                                                                <customfield id="customfield_12310220" key="com.atlassian.jira.ext.charting:firstresponsedate">
                        <customfieldname>Date of First Response</customfieldname>
                        <customfieldvalues>
                            <customfieldvalue>Wed, 11 Nov 2015 22:24:11 +0000</customfieldvalue>

                        </customfieldvalues>
                    </customfield>
                                                                                                                                                                                                                                                                                                                                                                                                                                            <customfield id="customfield_12310420" key="com.pyxis.greenhopper.jira:gh-global-rank">
                        <customfieldname>Global Rank</customfieldname>
                        <customfieldvalues>
                            <customfieldvalue>9223372036854775807</customfieldvalue>
                        </customfieldvalues>
                    </customfield>
                                                                                                                                                    <customfield id="customfield_12312521" key="com.atlassian.jira.toolkit:LastCommentDate">
                        <customfieldname>Last public comment date</customfieldname>
                        <customfieldvalues>
                            1 year, 4 days ago
                        </customfieldvalues>
                    </customfield>
                                                                                            <customfield id="customfield_12311820" key="com.pyxis.greenhopper.jira:gh-lexo-rank">
                        <customfieldname>Rank</customfieldname>
                        <customfieldvalues>
                            <customfieldvalue>0|i2o9u7:</customfieldvalue>

                        </customfieldvalues>
                    </customfield>
                                                                <customfield id="customfield_12310920" key="com.pyxis.greenhopper.jira:gh-global-rank">
                        <customfieldname>Rank (Obsolete)</customfieldname>
                        <customfieldvalues>
                            <customfieldvalue>9223372036854775807</customfieldvalue>
                        </customfieldvalues>
                    </customfield>
                                                                                                                                                                                                                                                                    <customfield id="customfield_12310320" key="com.atlassian.jira.plugin.system.customfieldtypes:multiversion">
                        <customfieldname>Target Version/s</customfieldname>
                        <customfieldvalues>
                                <customfieldvalue>12332641</customfieldvalue>
    
                        </customfieldvalues>
                    </customfield>
                                                                                            <customfield id="customfield_12310222" key="com.atlassian.jira.ext.charting:timeinstatus">
                        <customfieldname>Time in Status</customfieldname>
                        <customfieldvalues>
                            
                        </customfieldvalues>
                    </customfield>
                                                                                                                        </customfields>
    </item>
</channel>
</rss>