<!-- 
RSS generated by JIRA (6.3.4#6332-sha1:51bc225ef474afe3128b2f66878477f322397b16) at Fri Dec 02 23:38:43 UTC 2016

It is possible to restrict the fields that are returned in this document by specifying the 'field' parameter in your request.
For example, to request only the issue key and summary add field=key&field=summary to the URL of your request.
For example:
https://issues.apache.org/jira/si/jira.issueviews:issue-xml/HIVE-1030/HIVE-1030.xml?field=key&amp;field=summary
-->
<rss version="0.92" >
<channel>
    <title>ASF JIRA</title>
    <link>https://issues.apache.org/jira</link>
    <description>This file is an XML representation of an issue</description>
    <language>en-uk</language>    <build-info>
        <version>6.3.4</version>
        <build-number>6332</build-number>
        <build-date>15-08-2014</build-date>
    </build-info>

<item>
            <title>[HIVE-1030] Hive should use scratchDir instead of system temporary directory for storing plans</title>
                <link>https://issues.apache.org/jira/browse/HIVE-1030</link>
                <project id="12310843" key="HIVE">Hive</project>
                    <description>&lt;p&gt;Otherwise these plan files never get deleted.&lt;/p&gt;</description>
                <environment></environment>
        <key id="12444822">HIVE-1030</key>
            <summary>Hive should use scratchDir instead of system temporary directory for storing plans</summary>
                <type id="1" iconUrl="https://issues.apache.org/jira/images/icons/issuetypes/bug.png">Bug</type>
                                            <priority id="3" iconUrl="https://issues.apache.org/jira/images/icons/priorities/major.png">Major</priority>
                        <status id="6" iconUrl="https://issues.apache.org/jira/images/icons/statuses/closed.png" description="The issue is considered finished, the resolution is correct. Issues which are closed can be reopened.">Closed</status>
                    <statusCategory id="3" key="done" colorName="green"/>
                                    <resolution id="1">Fixed</resolution>
                                        <assignee username="zshao">Zheng Shao</assignee>
                                    <reporter username="zshao">Zheng Shao</reporter>
                        <labels>
                    </labels>
                <created>Wed, 6 Jan 2010 19:05:00 +0000</created>
                <updated>Sat, 17 Dec 2011 00:05:48 +0000</updated>
                            <resolved>Wed, 6 Jan 2010 21:43:37 +0000</resolved>
                                                    <fixVersion>0.5.0</fixVersion>
                                        <due></due>
                            <votes>0</votes>
                                    <watches>1</watches>
                                                                <comments>
                            <comment id="12797254" author="namit" created="Wed, 6 Jan 2010 19:13:04 +0000"  >&lt;p&gt;+1&lt;/p&gt;

&lt;p&gt;will commit if the tests pass&lt;/p&gt;</comment>
                            <comment id="12797288" author="nzhang" created="Wed, 6 Jan 2010 20:03:29 +0000"  >&lt;p&gt;Currently there are other places using File.createTempFile in the persistent data structures (HashMapWrapper and RowContainer). We have the File.deleteOnExit(true) set to ensure the temp file got deleted when the job is killed or normal exit. Is there any issue there as well? Should we also convert that to using ScratchDir?&lt;/p&gt;</comment>
                            <comment id="12797327" author="namit" created="Wed, 6 Jan 2010 21:43:37 +0000"  >&lt;p&gt;Committed. Thanks Zheng&lt;/p&gt;</comment>
                            <comment id="12797372" author="zshao" created="Wed, 6 Jan 2010 22:55:05 +0000"  >&lt;p&gt;Good catch Ning. Here is another place to fix (&lt;a href=&quot;https://issues.apache.org/jira/browse/HIVE-1030&quot; title=&quot;Hive should use scratchDir instead of system temporary directory for storing plans&quot; class=&quot;issue-link&quot; data-issue-key=&quot;HIVE-1030&quot;&gt;&lt;del&gt;HIVE-1030&lt;/del&gt;&lt;/a&gt;.2.patch).&lt;/p&gt;

&lt;p&gt;I guess HashMapWrapper runs in mapper or reducer.&lt;br/&gt;
It should be OK because in mapper/reducer, Hadoop automatically sets java.io.tmpdir according to &lt;a href=&quot;http://hadoop.apache.org/common/docs/r0.18.3/mapred_tutorial.html&quot; class=&quot;external-link&quot; rel=&quot;nofollow&quot;&gt;http://hadoop.apache.org/common/docs/r0.18.3/mapred_tutorial.html&lt;/a&gt;&lt;br/&gt;
And java.io.tmpdir is used in File.getTempDir.&lt;/p&gt;</comment>
                    </comments>
                    <attachments>
                            <attachment id="12429563" name="HIVE-1030.1.patch" size="877" author="zshao" created="Wed, 6 Jan 2010 19:08:47 +0000"/>
                            <attachment id="12429592" name="HIVE-1030.2.patch" size="1178" author="zshao" created="Wed, 6 Jan 2010 22:55:05 +0000"/>
                    </attachments>
                <subtasks>
                    </subtasks>
                <customfields>
                                                <customfield id="customfield_12310310" key="com.atlassian.jira.toolkit:attachments">
                        <customfieldname>Attachment count</customfieldname>
                        <customfieldvalues>
                            <customfieldvalue>2.0</customfieldvalue>
                        </customfieldvalues>
                    </customfield>
                                                                                                                                                                                                                                                                                                                                                                                                                                                                                                                                <customfield id="customfield_12310220" key="com.atlassian.jira.ext.charting:firstresponsedate">
                        <customfieldname>Date of First Response</customfieldname>
                        <customfieldvalues>
                            <customfieldvalue>Wed, 6 Jan 2010 19:13:04 +0000</customfieldvalue>

                        </customfieldvalues>
                    </customfield>
                                                                                                                                                                                                                                                                                                                                                                                                                                            <customfield id="customfield_12310420" key="com.pyxis.greenhopper.jira:gh-global-rank">
                        <customfieldname>Global Rank</customfieldname>
                        <customfieldvalues>
                            <customfieldvalue>73144</customfieldvalue>
                        </customfieldvalues>
                    </customfield>
                                                                <customfield id="customfield_12310191" key="com.atlassian.jira.plugin.system.customfieldtypes:multicheckboxes">
                        <customfieldname>Hadoop Flags</customfieldname>
                        <customfieldvalues>
                                <customfieldvalue key="10343"><![CDATA[Reviewed]]></customfieldvalue>
    
                        </customfieldvalues>
                    </customfield>
                                                                                                                        <customfield id="customfield_12312521" key="com.atlassian.jira.toolkit:LastCommentDate">
                        <customfieldname>Last public comment date</customfieldname>
                        <customfieldvalues>
                            6 years, 48 weeks, 2 days ago
                        </customfieldvalues>
                    </customfield>
                                                                                            <customfield id="customfield_12311820" key="com.pyxis.greenhopper.jira:gh-lexo-rank">
                        <customfieldname>Rank</customfieldname>
                        <customfieldvalues>
                            <customfieldvalue>0|i0ld1r:</customfieldvalue>

                        </customfieldvalues>
                    </customfield>
                                                                <customfield id="customfield_12310920" key="com.pyxis.greenhopper.jira:gh-global-rank">
                        <customfieldname>Rank (Obsolete)</customfieldname>
                        <customfieldvalues>
                            <customfieldvalue>122764</customfieldvalue>
                        </customfieldvalues>
                    </customfield>
                                                                                                                                                                                                                                                                                                                            <customfield id="customfield_12310222" key="com.atlassian.jira.ext.charting:timeinstatus">
                        <customfieldname>Time in Status</customfieldname>
                        <customfieldvalues>
                            
                        </customfieldvalues>
                    </customfield>
                                                                                                                        </customfields>
    </item>
</channel>
</rss>