<!-- 
RSS generated by JIRA (6.3.4#6332-sha1:51bc225ef474afe3128b2f66878477f322397b16) at Fri Dec 02 05:58:44 UTC 2016

It is possible to restrict the fields that are returned in this document by specifying the 'field' parameter in your request.
For example, to request only the issue key and summary add field=key&field=summary to the URL of your request.
For example:
https://issues.apache.org/jira/si/jira.issueviews:issue-xml/HIVE-12422/HIVE-12422.xml?field=key&amp;field=summary
-->
<rss version="0.92" >
<channel>
    <title>ASF JIRA</title>
    <link>https://issues.apache.org/jira</link>
    <description>This file is an XML representation of an issue</description>
    <language>en-uk</language>    <build-info>
        <version>6.3.4</version>
        <build-number>6332</build-number>
        <build-date>15-08-2014</build-date>
    </build-info>

<item>
            <title>[HIVE-12422] LLAP: add security to Web UI endpoint</title>
                <link>https://issues.apache.org/jira/browse/HIVE-12422</link>
                <project id="12310843" key="HIVE">Hive</project>
                    <description></description>
                <environment></environment>
        <key id="12913430">HIVE-12422</key>
            <summary>LLAP: add security to Web UI endpoint</summary>
                <type id="1" iconUrl="https://issues.apache.org/jira/images/icons/issuetypes/bug.png">Bug</type>
                                            <priority id="3" iconUrl="https://issues.apache.org/jira/images/icons/priorities/major.png">Major</priority>
                        <status id="6" iconUrl="https://issues.apache.org/jira/images/icons/statuses/closed.png" description="The issue is considered finished, the resolution is correct. Issues which are closed can be reopened.">Closed</status>
                    <statusCategory id="3" key="done" colorName="green"/>
                                    <resolution id="1">Fixed</resolution>
                                        <assignee username="sershe">Sergey Shelukhin</assignee>
                                    <reporter username="sershe">Sergey Shelukhin</reporter>
                        <labels>
                            <label>TODOC2.0</label>
                    </labels>
                <created>Mon, 16 Nov 2015 20:24:05 +0000</created>
                <updated>Thu, 2 Jun 2016 10:17:28 +0000</updated>
                            <resolved>Fri, 11 Dec 2015 23:53:01 +0000</resolved>
                                                    <fixVersion>2.0.0</fixVersion>
                                    <component>llap</component>
                        <due></due>
                            <votes>0</votes>
                                    <watches>4</watches>
                                                                <comments>
                            <comment id="15007684" author="sershe" created="Tue, 17 Nov 2015 00:26:16 +0000"  >&lt;p&gt;The patch is on top of &lt;a href=&quot;https://issues.apache.org/jira/browse/HIVE-12341&quot; title=&quot;LLAP: add security to daemon protocol endpoint (excluding shuffle)&quot; class=&quot;issue-link&quot; data-issue-key=&quot;HIVE-12341&quot;&gt;&lt;del&gt;HIVE-12341&lt;/del&gt;&lt;/a&gt;. The default option is to use the daemon keytab. In the setup with HTTP user, the keytab and other settings can be set in daemon config (filters, auth type, principal and keytab are the necessary minimum).&lt;/p&gt;</comment>
                            <comment id="15009726" author="sershe" created="Tue, 17 Nov 2015 22:31:44 +0000"  >&lt;p&gt;Update: SPNEGO calls are RM-specific and not necessary. One can either directly set the hadoop configs to enable authorization on the web app, or set the new config this patch adds.&lt;/p&gt;</comment>
                            <comment id="15047604" author="sseth" created="Tue, 8 Dec 2015 22:33:46 +0000"  >&lt;p&gt;+1. A follow up jira would be required to support ACLs, and potentially limiting data on the UI if any query specific information shows up.&lt;/p&gt;</comment>
                            <comment id="15049707" author="sershe" created="Thu, 10 Dec 2015 00:18:53 +0000"  >&lt;p&gt;Rebased the patch&lt;/p&gt;</comment>
                            <comment id="15052178" author="hiveqa" created="Fri, 11 Dec 2015 04:56:21 +0000"  >

&lt;p&gt;Here are the results of testing the latest attachment:&lt;br/&gt;
&lt;a href=&quot;https://issues.apache.org/jira/secure/attachment/12776677/HIVE-12422.02.patch&quot; class=&quot;external-link&quot; rel=&quot;nofollow&quot;&gt;https://issues.apache.org/jira/secure/attachment/12776677/HIVE-12422.02.patch&lt;/a&gt;&lt;/p&gt;

&lt;p&gt;&lt;font color=&quot;red&quot;&gt;ERROR:&lt;/font&gt; -1 due to no test(s) being added or modified.&lt;/p&gt;

&lt;p&gt;&lt;font color=&quot;red&quot;&gt;ERROR:&lt;/font&gt; -1 due to 13 failed/errored test(s), 9878 tests executed&lt;br/&gt;
&lt;b&gt;Failed tests:&lt;/b&gt;&lt;/p&gt;
&lt;div class=&quot;preformatted panel&quot; style=&quot;border-width: 1px;&quot;&gt;&lt;div class=&quot;preformattedContent panelContent&quot;&gt;
&lt;pre&gt;TestHWISessionManager - did not produce a TEST-*.xml file
TestSparkCliDriver-timestamp_lazy.q-bucketsortoptimize_insert_4.q-date_udf.q-and-12-more - did not produce a TEST-*.xml file
org.apache.hadoop.hive.cli.TestCliDriver.testCliDriver_cbo_udf_max
org.apache.hadoop.hive.cli.TestCliDriver.testCliDriver_order2
org.apache.hadoop.hive.cli.TestCliDriver.testCliDriver_union9
org.apache.hadoop.hive.cli.TestEncryptedHDFSCliDriver.testCliDriver_encryption_insert_partition_dynamic
org.apache.hadoop.hive.cli.TestMiniLlapCliDriver.testCliDriver_dynamic_partition_pruning
org.apache.hadoop.hive.cli.TestMiniLlapCliDriver.testCliDriver_vectorized_dynamic_partition_pruning
org.apache.hadoop.hive.cli.TestMiniTezCliDriver.testCliDriver_mergejoin
org.apache.hadoop.hive.cli.TestNegativeCliDriver.testNegativeCliDriver_authorization_uri_import
org.apache.hadoop.hive.metastore.TestHiveMetaStorePartitionSpecs.testGetPartitionSpecs_WithAndWithoutPartitionGrouping
org.apache.hive.jdbc.TestSSL.testSSLVersion
org.apache.hive.jdbc.miniHS2.TestHs2Metrics.testMetrics
&lt;/pre&gt;
&lt;/div&gt;&lt;/div&gt;

&lt;p&gt;Test results: &lt;a href=&quot;http://ec2-174-129-184-35.compute-1.amazonaws.com/jenkins/job/PreCommit-HIVE-TRUNK-Build/6312/testReport&quot; class=&quot;external-link&quot; rel=&quot;nofollow&quot;&gt;http://ec2-174-129-184-35.compute-1.amazonaws.com/jenkins/job/PreCommit-HIVE-TRUNK-Build/6312/testReport&lt;/a&gt;&lt;br/&gt;
Console output: &lt;a href=&quot;http://ec2-174-129-184-35.compute-1.amazonaws.com/jenkins/job/PreCommit-HIVE-TRUNK-Build/6312/console&quot; class=&quot;external-link&quot; rel=&quot;nofollow&quot;&gt;http://ec2-174-129-184-35.compute-1.amazonaws.com/jenkins/job/PreCommit-HIVE-TRUNK-Build/6312/console&lt;/a&gt;&lt;br/&gt;
Test logs: &lt;a href=&quot;http://ec2-174-129-184-35.compute-1.amazonaws.com/logs/PreCommit-HIVE-TRUNK-Build-6312/&quot; class=&quot;external-link&quot; rel=&quot;nofollow&quot;&gt;http://ec2-174-129-184-35.compute-1.amazonaws.com/logs/PreCommit-HIVE-TRUNK-Build-6312/&lt;/a&gt;&lt;/p&gt;

&lt;p&gt;Messages:&lt;/p&gt;
&lt;div class=&quot;preformatted panel&quot; style=&quot;border-width: 1px;&quot;&gt;&lt;div class=&quot;preformattedContent panelContent&quot;&gt;
&lt;pre&gt;Executing org.apache.hive.ptest.execution.TestCheckPhase
Executing org.apache.hive.ptest.execution.PrepPhase
Executing org.apache.hive.ptest.execution.ExecutionPhase
Executing org.apache.hive.ptest.execution.ReportingPhase
Tests exited with: TestsFailedException: 13 tests failed
&lt;/pre&gt;
&lt;/div&gt;&lt;/div&gt;

&lt;p&gt;This message is automatically generated.&lt;/p&gt;

&lt;p&gt;ATTACHMENT ID: 12776677 - PreCommit-HIVE-TRUNK-Build&lt;/p&gt;</comment>
                            <comment id="15053491" author="sershe" created="Fri, 11 Dec 2015 20:07:30 +0000"  >&lt;p&gt;Test failures are unrelated... some are unstable and some have age more than 1. &lt;/p&gt;</comment>
                            <comment id="15053812" author="sershe" created="Fri, 11 Dec 2015 23:53:01 +0000"  >&lt;p&gt;Committed.&lt;/p&gt;</comment>
                            <comment id="15082679" author="lefty@hortonworks.com" created="Tue, 5 Jan 2016 09:10:00 +0000"  >&lt;p&gt;Doc note:  This adds &lt;b&gt;hive.llap.auto.auth&lt;/b&gt; to HiveConf.java, so it needs to be documented for release 2.0.0 in a new LLAP section of Configuration Properties.  (Also see &lt;a href=&quot;https://issues.apache.org/jira/browse/HIVE-9850&quot; title=&quot;documentation for llap&quot; class=&quot;issue-link&quot; data-issue-key=&quot;HIVE-9850&quot;&gt;HIVE-9850&lt;/a&gt; and &lt;a href=&quot;https://issues.apache.org/jira/browse/HIVE-11908&quot; title=&quot;LLAP: Merge branch to hive-2.0&quot; class=&quot;issue-link&quot; data-issue-key=&quot;HIVE-11908&quot;&gt;&lt;del&gt;HIVE-11908&lt;/del&gt;&lt;/a&gt;.)&lt;/p&gt;

&lt;ul&gt;
	&lt;li&gt;&lt;a href=&quot;https://cwiki.apache.org/confluence/display/Hive/Configuration+Properties#ConfigurationProperties-HiveConfigurationProperties&quot; class=&quot;external-link&quot; rel=&quot;nofollow&quot;&gt;Hive Configuration Properties &lt;/a&gt;&lt;/li&gt;
&lt;/ul&gt;
</comment>
                            <comment id="15301526" author="lefty@hortonworks.com" created="Thu, 26 May 2016 04:51:01 +0000"  >&lt;p&gt;&lt;a href=&quot;https://issues.apache.org/jira/browse/HIVE-13800&quot; title=&quot;Disable auth enabled by default on LLAP UI for secure clusters&quot; class=&quot;issue-link&quot; data-issue-key=&quot;HIVE-13800&quot;&gt;&lt;del&gt;HIVE-13800&lt;/del&gt;&lt;/a&gt; changes the default value of &lt;b&gt;hive.llap.auto.auth&lt;/b&gt; to false in release 2.1.0.&lt;/p&gt;</comment>
                    </comments>
                <issuelinks>
                            <issuelinktype id="10030">
                    <name>Reference</name>
                                                                <inwardlinks description="is related to">
                                        <issuelink>
            <issuekey id="12910487">HIVE-12341</issuekey>
        </issuelink>
            <issuelink>
            <issuekey id="12971382">HIVE-13800</issuekey>
        </issuelink>
                            </inwardlinks>
                                    </issuelinktype>
                    </issuelinks>
                <attachments>
                            <attachment id="12772854" name="HIVE-12422.01.patch" size="4241" author="sershe" created="Tue, 17 Nov 2015 22:32:12 +0000"/>
                            <attachment id="12776677" name="HIVE-12422.02.patch" size="4033" author="sershe" created="Thu, 10 Dec 2015 00:18:53 +0000"/>
                            <attachment id="12772618" name="HIVE-12422.patch" size="4398" author="sershe" created="Tue, 17 Nov 2015 00:24:38 +0000"/>
                    </attachments>
                <subtasks>
                    </subtasks>
                <customfields>
                                                <customfield id="customfield_12310310" key="com.atlassian.jira.toolkit:attachments">
                        <customfieldname>Attachment count</customfieldname>
                        <customfieldvalues>
                            <customfieldvalue>3.0</customfieldvalue>
                        </customfieldvalues>
                    </customfield>
                                                                                                                                                                                                                                                                                                                                                                                                                                                                                                                                <customfield id="customfield_12310220" key="com.atlassian.jira.ext.charting:firstresponsedate">
                        <customfieldname>Date of First Response</customfieldname>
                        <customfieldvalues>
                            <customfieldvalue>Tue, 8 Dec 2015 22:33:46 +0000</customfieldvalue>

                        </customfieldvalues>
                    </customfield>
                                                                                                                                                                                                                                                                                                                                                                                                                                            <customfield id="customfield_12310420" key="com.pyxis.greenhopper.jira:gh-global-rank">
                        <customfieldname>Global Rank</customfieldname>
                        <customfieldvalues>
                            <customfieldvalue>9223372036854775807</customfieldvalue>
                        </customfieldvalues>
                    </customfield>
                                                                                                                                                    <customfield id="customfield_12312521" key="com.atlassian.jira.toolkit:LastCommentDate">
                        <customfieldname>Last public comment date</customfieldname>
                        <customfieldvalues>
                            27 weeks, 1 day ago
                        </customfieldvalues>
                    </customfield>
                                                                                            <customfield id="customfield_12311820" key="com.pyxis.greenhopper.jira:gh-lexo-rank">
                        <customfieldname>Rank</customfieldname>
                        <customfieldvalues>
                            <customfieldvalue>0|i2ognr:</customfieldvalue>

                        </customfieldvalues>
                    </customfield>
                                                                <customfield id="customfield_12310920" key="com.pyxis.greenhopper.jira:gh-global-rank">
                        <customfieldname>Rank (Obsolete)</customfieldname>
                        <customfieldvalues>
                            <customfieldvalue>9223372036854775807</customfieldvalue>
                        </customfieldvalues>
                    </customfield>
                                                                                                                                                                                                                                                                    <customfield id="customfield_12310320" key="com.atlassian.jira.plugin.system.customfieldtypes:multiversion">
                        <customfieldname>Target Version/s</customfieldname>
                        <customfieldvalues>
                                <customfieldvalue>12332641</customfieldvalue>
    
                        </customfieldvalues>
                    </customfield>
                                                                                            <customfield id="customfield_12310222" key="com.atlassian.jira.ext.charting:timeinstatus">
                        <customfieldname>Time in Status</customfieldname>
                        <customfieldvalues>
                            
                        </customfieldvalues>
                    </customfield>
                                                                                                                        </customfields>
    </item>
</channel>
</rss>