<!-- 
RSS generated by JIRA (6.3.4#6332-sha1:51bc225ef474afe3128b2f66878477f322397b16) at Fri Dec 02 23:41:07 UTC 2016

It is possible to restrict the fields that are returned in this document by specifying the 'field' parameter in your request.
For example, to request only the issue key and summary add field=key&field=summary to the URL of your request.
For example:
https://issues.apache.org/jira/si/jira.issueviews:issue-xml/HIVE-104/HIVE-104.xml?field=key&amp;field=summary
-->
<rss version="0.92" >
<channel>
    <title>ASF JIRA</title>
    <link>https://issues.apache.org/jira</link>
    <description>This file is an XML representation of an issue</description>
    <language>en-uk</language>    <build-info>
        <version>6.3.4</version>
        <build-number>6332</build-number>
        <build-date>15-08-2014</build-date>
    </build-info>

<item>
            <title>[HIVE-104] Tables with at least 1 non-string columns should use DynamicSerDe instead of MetadataTypedColumnsetSerDe</title>
                <link>https://issues.apache.org/jira/browse/HIVE-104</link>
                <project id="12310843" key="HIVE">Hive</project>
                    <description>&lt;p&gt;For example, create table TableA (cola int, colb string).&lt;/p&gt;

&lt;p&gt;The MetadataTypedColumnsetSerDe is not capable of producing int values.&lt;/p&gt;</description>
                <environment></environment>
        <key id="12409713">HIVE-104</key>
            <summary>Tables with at least 1 non-string columns should use DynamicSerDe instead of MetadataTypedColumnsetSerDe</summary>
                <type id="1" iconUrl="https://issues.apache.org/jira/images/icons/issuetypes/bug.png">Bug</type>
                                            <priority id="3" iconUrl="https://issues.apache.org/jira/images/icons/priorities/major.png">Major</priority>
                        <status id="6" iconUrl="https://issues.apache.org/jira/images/icons/statuses/closed.png" description="The issue is considered finished, the resolution is correct. Issues which are closed can be reopened.">Closed</status>
                    <statusCategory id="3" key="done" colorName="green"/>
                                    <resolution id="1">Fixed</resolution>
                                        <assignee username="zshao">Zheng Shao</assignee>
                                    <reporter username="zshao">Zheng Shao</reporter>
                        <labels>
                    </labels>
                <created>Wed, 3 Dec 2008 01:08:22 +0000</created>
                <updated>Sat, 17 Dec 2011 00:09:06 +0000</updated>
                            <resolved>Wed, 17 Dec 2008 11:00:28 +0000</resolved>
                                                    <fixVersion>0.3.0</fixVersion>
                                    <component>Query Processor</component>
                        <due></due>
                            <votes>0</votes>
                                    <watches>0</watches>
                                                                <comments>
                            <comment id="12652678" author="zshao" created="Wed, 3 Dec 2008 04:43:07 +0000"  >&lt;p&gt;The following test passes:&lt;/p&gt;

&lt;p&gt;ant test -Dtestcase=TestCliDriver -Dqfile=input_dynamicserde.q &lt;/p&gt;</comment>
                            <comment id="12652912" author="wyckoff" created="Wed, 3 Dec 2008 19:25:26 +0000"  >&lt;p&gt;should there not be a test case that creates one of these tables and then does a describe? otherwise, the code looks good.&lt;/p&gt;

</comment>
                            <comment id="12655101" author="zshao" created="Wed, 10 Dec 2008 05:36:18 +0000"  >&lt;p&gt;Added a test case.&lt;/p&gt;</comment>
                            <comment id="12655830" author="rsm" created="Fri, 12 Dec 2008 00:46:17 +0000"  >&lt;p&gt;+1&lt;/p&gt;

&lt;p&gt;looks good.&lt;/p&gt;</comment>
                            <comment id="12657309" author="zshao" created="Wed, 17 Dec 2008 08:05:40 +0000"  >&lt;p&gt;Fixed 2 small problem:&lt;/p&gt;

&lt;p&gt;1. groupByDesc&apos;s aggregation type &quot;unknown&quot; is changed to &quot;final&quot;&lt;br/&gt;
2. Fixed the type information in the output row resolver in SemanticAnalyzer.genGroupByPlanGroupByOperator()&lt;/p&gt;</comment>
                            <comment id="12657315" author="zshao" created="Wed, 17 Dec 2008 09:17:13 +0000"  >&lt;p&gt;Enabled returnNulls in TCTLSeparatedProtocol.java and fixed several bugs in it.&lt;/p&gt;</comment>
                            <comment id="12657327" author="zshao" created="Wed, 17 Dec 2008 09:59:10 +0000"  >&lt;p&gt;Fixed some more tests.&lt;/p&gt;</comment>
                            <comment id="12657329" author="zshao" created="Wed, 17 Dec 2008 10:02:18 +0000"  >&lt;p&gt;Fixed another test.&lt;/p&gt;</comment>
                            <comment id="12657344" author="zshao" created="Wed, 17 Dec 2008 11:00:05 +0000"  >&lt;p&gt;Committed revision 727337.&lt;/p&gt;</comment>
                            <comment id="12657345" author="zshao" created="Wed, 17 Dec 2008 11:00:28 +0000"  >&lt;p&gt;&lt;a href=&quot;https://issues.apache.org/jira/browse/HIVE-104&quot; title=&quot;Tables with at least 1 non-string columns should use DynamicSerDe instead of MetadataTypedColumnsetSerDe&quot; class=&quot;issue-link&quot; data-issue-key=&quot;HIVE-104&quot;&gt;&lt;del&gt;HIVE-104&lt;/del&gt;&lt;/a&gt;. Tables with at least 1 non-string columns to use DynamicSerDe.(zshao)&lt;/p&gt;</comment>
                    </comments>
                <issuelinks>
                            <issuelinktype id="10032">
                    <name>Blocker</name>
                                                                <inwardlinks description="is blocked by">
                                        <issuelink>
            <issuekey id="12408540">HIVE-64</issuekey>
        </issuelink>
                            </inwardlinks>
                                    </issuelinktype>
                    </issuelinks>
                <attachments>
                            <attachment id="12395159" name="HIVE-104-1.patch" size="2792" author="zshao" created="Wed, 3 Dec 2008 04:43:07 +0000"/>
                            <attachment id="12395718" name="HIVE-104-2.patch" size="5894" author="zshao" created="Wed, 10 Dec 2008 05:36:18 +0000"/>
                            <attachment id="12396292" name="HIVE-104-6.patch" size="216018" author="zshao" created="Wed, 17 Dec 2008 10:02:18 +0000"/>
                    </attachments>
                <subtasks>
                    </subtasks>
                <customfields>
                                                <customfield id="customfield_12310310" key="com.atlassian.jira.toolkit:attachments">
                        <customfieldname>Attachment count</customfieldname>
                        <customfieldvalues>
                            <customfieldvalue>3.0</customfieldvalue>
                        </customfieldvalues>
                    </customfield>
                                                                                                                                                                                                                                                                                                                                                                                                                                                                                                                                <customfield id="customfield_12310220" key="com.atlassian.jira.ext.charting:firstresponsedate">
                        <customfieldname>Date of First Response</customfieldname>
                        <customfieldvalues>
                            <customfieldvalue>Wed, 3 Dec 2008 19:25:26 +0000</customfieldvalue>

                        </customfieldvalues>
                    </customfield>
                                                                                                                                                                                                                                                                                                                                                                                                                                            <customfield id="customfield_12310420" key="com.pyxis.greenhopper.jira:gh-global-rank">
                        <customfieldname>Global Rank</customfieldname>
                        <customfieldvalues>
                            <customfieldvalue>73779</customfieldvalue>
                        </customfieldvalues>
                    </customfield>
                                                                <customfield id="customfield_12310191" key="com.atlassian.jira.plugin.system.customfieldtypes:multicheckboxes">
                        <customfieldname>Hadoop Flags</customfieldname>
                        <customfieldvalues>
                                <customfieldvalue key="10343"><![CDATA[Reviewed]]></customfieldvalue>
    
                        </customfieldvalues>
                    </customfield>
                                                                                                                        <customfield id="customfield_12312521" key="com.atlassian.jira.toolkit:LastCommentDate">
                        <customfieldname>Last public comment date</customfieldname>
                        <customfieldvalues>
                            7 years, 51 weeks, 2 days ago
                        </customfieldvalues>
                    </customfield>
                                                                                            <customfield id="customfield_12311820" key="com.pyxis.greenhopper.jira:gh-lexo-rank">
                        <customfieldname>Rank</customfieldname>
                        <customfieldvalues>
                            <customfieldvalue>0|i0l7vj:</customfieldvalue>

                        </customfieldvalues>
                    </customfield>
                                                                <customfield id="customfield_12310920" key="com.pyxis.greenhopper.jira:gh-global-rank">
                        <customfieldname>Rank (Obsolete)</customfieldname>
                        <customfieldvalues>
                            <customfieldvalue>121926</customfieldvalue>
                        </customfieldvalues>
                    </customfield>
                                                                                                                                                                                                                                                                                                                            <customfield id="customfield_12310222" key="com.atlassian.jira.ext.charting:timeinstatus">
                        <customfieldname>Time in Status</customfieldname>
                        <customfieldvalues>
                            
                        </customfieldvalues>
                    </customfield>
                                                                                                                        </customfields>
    </item>
</channel>
</rss>