<!-- 
RSS generated by JIRA (6.3.4#6332-sha1:51bc225ef474afe3128b2f66878477f322397b16) at Fri Dec 02 05:51:53 UTC 2016

It is possible to restrict the fields that are returned in this document by specifying the 'field' parameter in your request.
For example, to request only the issue key and summary add field=key&field=summary to the URL of your request.
For example:
https://issues.apache.org/jira/si/jira.issueviews:issue-xml/HIVE-12583/HIVE-12583.xml?field=key&amp;field=summary
-->
<rss version="0.92" >
<channel>
    <title>ASF JIRA</title>
    <link>https://issues.apache.org/jira</link>
    <description>This file is an XML representation of an issue</description>
    <language>en-uk</language>    <build-info>
        <version>6.3.4</version>
        <build-number>6332</build-number>
        <build-date>15-08-2014</build-date>
    </build-info>

<item>
            <title>[HIVE-12583] HS2 ShutdownHookManager holds extra of Driver instance </title>
                <link>https://issues.apache.org/jira/browse/HIVE-12583</link>
                <project id="12310843" key="HIVE">Hive</project>
                    <description>&lt;p&gt;&lt;a href=&quot;https://issues.apache.org/jira/browse/HIVE-12266&quot; title=&quot;When client exists abnormally, it doesn&amp;#39;t release ACID locks&quot; class=&quot;issue-link&quot; data-issue-key=&quot;HIVE-12266&quot;&gt;&lt;del&gt;HIVE-12266&lt;/del&gt;&lt;/a&gt; add a shutdown hook for every Driver instance to release the lock th session holds in case Driver does not exist elegantly. However, that holds all Driver instances and HS2 may run out of memory.&lt;/p&gt;</description>
                <environment></environment>
        <key id="12918103">HIVE-12583</key>
            <summary>HS2 ShutdownHookManager holds extra of Driver instance </summary>
                <type id="1" iconUrl="https://issues.apache.org/jira/images/icons/issuetypes/bug.png">Bug</type>
                                            <priority id="3" iconUrl="https://issues.apache.org/jira/images/icons/priorities/major.png">Major</priority>
                        <status id="6" iconUrl="https://issues.apache.org/jira/images/icons/statuses/closed.png" description="The issue is considered finished, the resolution is correct. Issues which are closed can be reopened.">Closed</status>
                    <statusCategory id="3" key="done" colorName="green"/>
                                    <resolution id="1">Fixed</resolution>
                                        <assignee username="daijy">Daniel Dai</assignee>
                                    <reporter username="daijy">Daniel Dai</reporter>
                        <labels>
                    </labels>
                <created>Thu, 3 Dec 2015 19:28:02 +0000</created>
                <updated>Wed, 6 Apr 2016 07:13:18 +0000</updated>
                            <resolved>Sun, 6 Dec 2015 01:45:36 +0000</resolved>
                                    <version>1.3.0</version>
                                    <fixVersion>1.3.0</fixVersion>
                    <fixVersion>2.0.0</fixVersion>
                                    <component>Locking</component>
                        <due></due>
                            <votes>0</votes>
                                    <watches>4</watches>
                                                                <comments>
                            <comment id="15038409" author="daijy" created="Thu, 3 Dec 2015 19:29:02 +0000"  >&lt;p&gt;The patch removes shutdown hook if the Driver exist normally. &lt;/p&gt;</comment>
                            <comment id="15038421" author="sershe" created="Thu, 3 Dec 2015 19:33:23 +0000"  >&lt;p&gt;1) Can it be in a separate try-catch so if the method prior fails, it still gets released?&lt;br/&gt;
2) Optional: is it easy to extract part of the driver (e.g. just extract the locks if they are all known or if the List is final in the ctx) in advance to pass to the hook, so it doesn&apos;t have to reference the entire driver?&lt;/p&gt;</comment>
                            <comment id="15038474" author="daijy" created="Thu, 3 Dec 2015 19:51:11 +0000"  >&lt;p&gt;1) Yes, it should not be inside the try-catch block. Attach a new patch.&lt;br/&gt;
2) The lock list is dynamically maintained inside Driver, it cannot be exacted out at the moment of adding to shutdown hook.&lt;/p&gt;</comment>
                            <comment id="15038483" author="sershe" created="Thu, 3 Dec 2015 19:55:05 +0000"  >&lt;p&gt;+1 pending tests&lt;/p&gt;</comment>
                            <comment id="15038545" author="thejas" created="Thu, 3 Dec 2015 20:30:34 +0000"  >&lt;p&gt;FYI &lt;a href=&quot;https://issues.apache.org/jira/secure/ViewProfile.jspa?name=wzheng&quot; class=&quot;user-hover&quot; rel=&quot;wzheng&quot;&gt;Wei Zheng&lt;/a&gt;&lt;/p&gt;</comment>
                            <comment id="15041586" author="hiveqa" created="Fri, 4 Dec 2015 14:08:33 +0000"  >

&lt;p&gt;Here are the results of testing the latest attachment:&lt;br/&gt;
&lt;a href=&quot;https://issues.apache.org/jira/secure/attachment/12775621/HIVE-12583.2.patch&quot; class=&quot;external-link&quot; rel=&quot;nofollow&quot;&gt;https://issues.apache.org/jira/secure/attachment/12775621/HIVE-12583.2.patch&lt;/a&gt;&lt;/p&gt;

&lt;p&gt;&lt;font color=&quot;red&quot;&gt;ERROR:&lt;/font&gt; -1 due to build exiting with an error&lt;/p&gt;

&lt;p&gt;Test results: &lt;a href=&quot;http://ec2-174-129-184-35.compute-1.amazonaws.com/jenkins/job/PreCommit-HIVE-TRUNK-Build/6235/testReport&quot; class=&quot;external-link&quot; rel=&quot;nofollow&quot;&gt;http://ec2-174-129-184-35.compute-1.amazonaws.com/jenkins/job/PreCommit-HIVE-TRUNK-Build/6235/testReport&lt;/a&gt;&lt;br/&gt;
Console output: &lt;a href=&quot;http://ec2-174-129-184-35.compute-1.amazonaws.com/jenkins/job/PreCommit-HIVE-TRUNK-Build/6235/console&quot; class=&quot;external-link&quot; rel=&quot;nofollow&quot;&gt;http://ec2-174-129-184-35.compute-1.amazonaws.com/jenkins/job/PreCommit-HIVE-TRUNK-Build/6235/console&lt;/a&gt;&lt;br/&gt;
Test logs: &lt;a href=&quot;http://ec2-174-129-184-35.compute-1.amazonaws.com/logs/PreCommit-HIVE-TRUNK-Build-6235/&quot; class=&quot;external-link&quot; rel=&quot;nofollow&quot;&gt;http://ec2-174-129-184-35.compute-1.amazonaws.com/logs/PreCommit-HIVE-TRUNK-Build-6235/&lt;/a&gt;&lt;/p&gt;

&lt;p&gt;Messages:&lt;/p&gt;
&lt;div class=&quot;preformatted panel&quot; style=&quot;border-width: 1px;&quot;&gt;&lt;div class=&quot;preformattedContent panelContent&quot;&gt;
&lt;pre&gt;Executing org.apache.hive.ptest.execution.TestCheckPhase
Executing org.apache.hive.ptest.execution.PrepPhase
Tests exited with: NonZeroExitCodeException
Command &apos;bash /data/hive-ptest/working/scratch/source-prep.sh&apos; failed with exit status 1 and output &apos;+ [[ -n /usr/java/jdk1.7.0_45-cloudera ]]
+ export JAVA_HOME=/usr/java/jdk1.7.0_45-cloudera
+ JAVA_HOME=/usr/java/jdk1.7.0_45-cloudera
+ export PATH=/usr/java/jdk1.7.0_45-cloudera/bin/:/usr/java/jdk1.7.0_45-cloudera/bin:/usr/local/apache-maven-3.0.5/bin:/usr/local/apache-maven-3.0.5/bin:/usr/java/jdk1.7.0_45-cloudera/bin:/usr/local/apache-ant-1.9.1/bin:/usr/local/bin:/bin:/usr/bin:/usr/local/sbin:/usr/sbin:/sbin:/home/hiveptest/bin
+ PATH=/usr/java/jdk1.7.0_45-cloudera/bin/:/usr/java/jdk1.7.0_45-cloudera/bin:/usr/local/apache-maven-3.0.5/bin:/usr/local/apache-maven-3.0.5/bin:/usr/java/jdk1.7.0_45-cloudera/bin:/usr/local/apache-ant-1.9.1/bin:/usr/local/bin:/bin:/usr/bin:/usr/local/sbin:/usr/sbin:/sbin:/home/hiveptest/bin
+ export &apos;ANT_OPTS=-Xmx1g -XX:MaxPermSize=256m &apos;
+ ANT_OPTS=&apos;-Xmx1g -XX:MaxPermSize=256m &apos;
+ export &apos;M2_OPTS=-Xmx1g -XX:MaxPermSize=256m -Dhttp.proxyHost=localhost -Dhttp.proxyPort=3128&apos;
+ M2_OPTS=&apos;-Xmx1g -XX:MaxPermSize=256m -Dhttp.proxyHost=localhost -Dhttp.proxyPort=3128&apos;
+ cd /data/hive-ptest/working/
+ tee /data/hive-ptest/logs/PreCommit-HIVE-TRUNK-Build-6235/source-prep.txt
+ [[ false == \t\r\u\e ]]
+ mkdir -p maven ivy
+ [[ git = \s\v\n ]]
+ [[ git = \g\i\t ]]
+ [[ -z master ]]
+ [[ -d apache-github-source-source ]]
+ [[ ! -d apache-github-source-source/.git ]]
+ [[ ! -d apache-github-source-source ]]
+ cd apache-github-source-source
+ git fetch origin
+ git reset --hard HEAD
HEAD is now at 22fc397 HIVE-12444 Global Limit optimization on ACID table without base directory may throw exception ADDENDUM (Wei Zheng via Eugene Koifman)
+ git clean -f -d
+ git checkout master
Already on &apos;master&apos;
+ git reset --hard origin/master
HEAD is now at 22fc397 HIVE-12444 Global Limit optimization on ACID table without base directory may throw exception ADDENDUM (Wei Zheng via Eugene Koifman)
+ git merge --ff-only origin/master
Already up-to-date.
+ git gc
+ patchCommandPath=/data/hive-ptest/working/scratch/smart-apply-patch.sh
+ patchFilePath=/data/hive-ptest/working/scratch/build.patch
+ [[ -f /data/hive-ptest/working/scratch/build.patch ]]
+ chmod +x /data/hive-ptest/working/scratch/smart-apply-patch.sh
+ /data/hive-ptest/working/scratch/smart-apply-patch.sh /data/hive-ptest/working/scratch/build.patch
The patch does not appear to apply with p0, p1, or p2
+ exit 1
&apos;
&lt;/pre&gt;
&lt;/div&gt;&lt;/div&gt;

&lt;p&gt;This message is automatically generated.&lt;/p&gt;

&lt;p&gt;ATTACHMENT ID: 12775621 - PreCommit-HIVE-TRUNK-Build&lt;/p&gt;</comment>
                            <comment id="15041763" author="thejas" created="Fri, 4 Dec 2015 16:54:37 +0000"  >&lt;p&gt;&lt;a href=&quot;https://issues.apache.org/jira/browse/HIVE-12583&quot; title=&quot;HS2 ShutdownHookManager holds extra of Driver instance &quot; class=&quot;issue-link&quot; data-issue-key=&quot;HIVE-12583&quot;&gt;&lt;del&gt;HIVE-12583&lt;/del&gt;&lt;/a&gt;.3.patch - rebased to master&lt;/p&gt;</comment>
                            <comment id="15043333" author="hiveqa" created="Sat, 5 Dec 2015 14:29:54 +0000"  >

&lt;p&gt;Here are the results of testing the latest attachment:&lt;br/&gt;
&lt;a href=&quot;https://issues.apache.org/jira/secure/attachment/12775799/HIVE-12583.3.patch&quot; class=&quot;external-link&quot; rel=&quot;nofollow&quot;&gt;https://issues.apache.org/jira/secure/attachment/12775799/HIVE-12583.3.patch&lt;/a&gt;&lt;/p&gt;

&lt;p&gt;&lt;font color=&quot;red&quot;&gt;ERROR:&lt;/font&gt; -1 due to no test(s) being added or modified.&lt;/p&gt;

&lt;p&gt;&lt;font color=&quot;red&quot;&gt;ERROR:&lt;/font&gt; -1 due to 8 failed/errored test(s), 9896 tests executed&lt;br/&gt;
&lt;b&gt;Failed tests:&lt;/b&gt;&lt;/p&gt;
&lt;div class=&quot;preformatted panel&quot; style=&quot;border-width: 1px;&quot;&gt;&lt;div class=&quot;preformattedContent panelContent&quot;&gt;
&lt;pre&gt;TestHWISessionManager - did not produce a TEST-*.xml file
org.apache.hadoop.hive.cli.TestCliDriver.testCliDriver_cbo_udf_max
org.apache.hadoop.hive.cli.TestMiniLlapCliDriver.testCliDriver_dynamic_partition_pruning
org.apache.hadoop.hive.cli.TestMiniLlapCliDriver.testCliDriver_vectorized_dynamic_partition_pruning
org.apache.hadoop.hive.cli.TestMiniTezCliDriver.testCliDriver_mergejoin
org.apache.hadoop.hive.cli.TestNegativeCliDriver.testNegativeCliDriver_authorization_uri_import
org.apache.hadoop.hive.metastore.TestHiveMetaStorePartitionSpecs.testGetPartitionSpecs_WithAndWithoutPartitionGrouping
org.apache.hive.jdbc.TestSSL.testSSLVersion
&lt;/pre&gt;
&lt;/div&gt;&lt;/div&gt;

&lt;p&gt;Test results: &lt;a href=&quot;http://ec2-174-129-184-35.compute-1.amazonaws.com/jenkins/job/PreCommit-HIVE-TRUNK-Build/6251/testReport&quot; class=&quot;external-link&quot; rel=&quot;nofollow&quot;&gt;http://ec2-174-129-184-35.compute-1.amazonaws.com/jenkins/job/PreCommit-HIVE-TRUNK-Build/6251/testReport&lt;/a&gt;&lt;br/&gt;
Console output: &lt;a href=&quot;http://ec2-174-129-184-35.compute-1.amazonaws.com/jenkins/job/PreCommit-HIVE-TRUNK-Build/6251/console&quot; class=&quot;external-link&quot; rel=&quot;nofollow&quot;&gt;http://ec2-174-129-184-35.compute-1.amazonaws.com/jenkins/job/PreCommit-HIVE-TRUNK-Build/6251/console&lt;/a&gt;&lt;br/&gt;
Test logs: &lt;a href=&quot;http://ec2-174-129-184-35.compute-1.amazonaws.com/logs/PreCommit-HIVE-TRUNK-Build-6251/&quot; class=&quot;external-link&quot; rel=&quot;nofollow&quot;&gt;http://ec2-174-129-184-35.compute-1.amazonaws.com/logs/PreCommit-HIVE-TRUNK-Build-6251/&lt;/a&gt;&lt;/p&gt;

&lt;p&gt;Messages:&lt;/p&gt;
&lt;div class=&quot;preformatted panel&quot; style=&quot;border-width: 1px;&quot;&gt;&lt;div class=&quot;preformattedContent panelContent&quot;&gt;
&lt;pre&gt;Executing org.apache.hive.ptest.execution.TestCheckPhase
Executing org.apache.hive.ptest.execution.PrepPhase
Executing org.apache.hive.ptest.execution.ExecutionPhase
Executing org.apache.hive.ptest.execution.ReportingPhase
Tests exited with: TestsFailedException: 8 tests failed
&lt;/pre&gt;
&lt;/div&gt;&lt;/div&gt;

&lt;p&gt;This message is automatically generated.&lt;/p&gt;

&lt;p&gt;ATTACHMENT ID: 12775799 - PreCommit-HIVE-TRUNK-Build&lt;/p&gt;</comment>
                            <comment id="15043642" author="daijy" created="Sun, 6 Dec 2015 01:45:36 +0000"  >&lt;p&gt;Patch committed to branch-1, master and branch-2.0.&lt;/p&gt;</comment>
                    </comments>
                <issuelinks>
                            <issuelinktype id="10030">
                    <name>Reference</name>
                                            <outwardlinks description="relates to">
                                        <issuelink>
            <issuekey id="12924111">HIVE-12741</issuekey>
        </issuelink>
                            </outwardlinks>
                                                                <inwardlinks description="is related to">
                                        <issuelink>
            <issuekey id="12908013">HIVE-12266</issuekey>
        </issuelink>
                            </inwardlinks>
                                    </issuelinktype>
                    </issuelinks>
                <attachments>
                            <attachment id="12775619" name="HIVE-12583.1.patch" size="2433" author="daijy" created="Thu, 3 Dec 2015 19:29:02 +0000"/>
                            <attachment id="12775621" name="HIVE-12583.2.patch" size="2303" author="daijy" created="Thu, 3 Dec 2015 19:51:11 +0000"/>
                            <attachment id="12775799" name="HIVE-12583.3.patch" size="2206" author="thejas" created="Fri, 4 Dec 2015 16:54:37 +0000"/>
                    </attachments>
                <subtasks>
                    </subtasks>
                <customfields>
                                                <customfield id="customfield_12310310" key="com.atlassian.jira.toolkit:attachments">
                        <customfieldname>Attachment count</customfieldname>
                        <customfieldvalues>
                            <customfieldvalue>3.0</customfieldvalue>
                        </customfieldvalues>
                    </customfield>
                                                                                                                                                                                                                                                                                                                                                                                                                                                                                                                                <customfield id="customfield_12310220" key="com.atlassian.jira.ext.charting:firstresponsedate">
                        <customfieldname>Date of First Response</customfieldname>
                        <customfieldvalues>
                            <customfieldvalue>Thu, 3 Dec 2015 19:33:23 +0000</customfieldvalue>

                        </customfieldvalues>
                    </customfield>
                                                                                                                                                                                                                                                                                                                                                                                                                                            <customfield id="customfield_12310420" key="com.pyxis.greenhopper.jira:gh-global-rank">
                        <customfieldname>Global Rank</customfieldname>
                        <customfieldvalues>
                            <customfieldvalue>9223372036854775807</customfieldvalue>
                        </customfieldvalues>
                    </customfield>
                                                                <customfield id="customfield_12310191" key="com.atlassian.jira.plugin.system.customfieldtypes:multicheckboxes">
                        <customfieldname>Hadoop Flags</customfieldname>
                        <customfieldvalues>
                                <customfieldvalue key="10343"><![CDATA[Reviewed]]></customfieldvalue>
    
                        </customfieldvalues>
                    </customfield>
                                                                                                                        <customfield id="customfield_12312521" key="com.atlassian.jira.toolkit:LastCommentDate">
                        <customfieldname>Last public comment date</customfieldname>
                        <customfieldvalues>
                            51 weeks, 5 days ago
                        </customfieldvalues>
                    </customfield>
                                                                                            <customfield id="customfield_12311820" key="com.pyxis.greenhopper.jira:gh-lexo-rank">
                        <customfieldname>Rank</customfieldname>
                        <customfieldvalues>
                            <customfieldvalue>0|i2p9g7:</customfieldvalue>

                        </customfieldvalues>
                    </customfield>
                                                                <customfield id="customfield_12310920" key="com.pyxis.greenhopper.jira:gh-global-rank">
                        <customfieldname>Rank (Obsolete)</customfieldname>
                        <customfieldvalues>
                            <customfieldvalue>9223372036854775807</customfieldvalue>
                        </customfieldvalues>
                    </customfield>
                                                                                                                                                                                                                                                                    <customfield id="customfield_12310320" key="com.atlassian.jira.plugin.system.customfieldtypes:multiversion">
                        <customfieldname>Target Version/s</customfieldname>
                        <customfieldvalues>
                                <customfieldvalue>12332154</customfieldvalue>
    <customfieldvalue>12332641</customfieldvalue>
    <customfieldvalue>12334255</customfieldvalue>
    
                        </customfieldvalues>
                    </customfield>
                                                                                            <customfield id="customfield_12310222" key="com.atlassian.jira.ext.charting:timeinstatus">
                        <customfieldname>Time in Status</customfieldname>
                        <customfieldvalues>
                            
                        </customfieldvalues>
                    </customfield>
                                                                                                                        </customfields>
    </item>
</channel>
</rss>