<!-- 
RSS generated by JIRA (6.3.4#6332-sha1:51bc225ef474afe3128b2f66878477f322397b16) at Sat Dec 03 00:14:21 UTC 2016

It is possible to restrict the fields that are returned in this document by specifying the 'field' parameter in your request.
For example, to request only the issue key and summary add field=key&field=summary to the URL of your request.
For example:
https://issues.apache.org/jira/si/jira.issueviews:issue-xml/HIVE-1056/HIVE-1056.xml?field=key&amp;field=summary
-->
<rss version="0.92" >
<channel>
    <title>ASF JIRA</title>
    <link>https://issues.apache.org/jira</link>
    <description>This file is an XML representation of an issue</description>
    <language>en-uk</language>    <build-info>
        <version>6.3.4</version>
        <build-number>6332</build-number>
        <build-date>15-08-2014</build-date>
    </build-info>

<item>
            <title>[HIVE-1056] Predicate push down does not work with UDTF&apos;s</title>
                <link>https://issues.apache.org/jira/browse/HIVE-1056</link>
                <project id="12310843" key="HIVE">Hive</project>
                    <description>&lt;p&gt;Predicate push down does not work with UDTF&apos;s in lateral views&lt;/p&gt;

&lt;div class=&quot;code panel&quot; style=&quot;border-width: 1px;&quot;&gt;&lt;div class=&quot;codeContent panelContent&quot;&gt;
&lt;pre class=&quot;code-java&quot;&gt;

hive&amp;gt; SELECT * FROM src LATERAL VIEW explode(array(1,2,3)) myTable AS k WHERE k=1;
FAILED: Unknown exception: &lt;span class=&quot;code-keyword&quot;&gt;null&lt;/span&gt;
hive&amp;gt;

&lt;/pre&gt;
&lt;/div&gt;&lt;/div&gt;</description>
                <environment></environment>
        <key id="12445708">HIVE-1056</key>
            <summary>Predicate push down does not work with UDTF&apos;s</summary>
                <type id="1" iconUrl="https://issues.apache.org/jira/images/icons/issuetypes/bug.png">Bug</type>
                                            <priority id="3" iconUrl="https://issues.apache.org/jira/images/icons/priorities/major.png">Major</priority>
                        <status id="6" iconUrl="https://issues.apache.org/jira/images/icons/statuses/closed.png" description="The issue is considered finished, the resolution is correct. Issues which are closed can be reopened.">Closed</status>
                    <statusCategory id="3" key="done" colorName="green"/>
                                    <resolution id="1">Fixed</resolution>
                                        <assignee username="pauly">Paul Yang</assignee>
                                    <reporter username="pauly">Paul Yang</reporter>
                        <labels>
                    </labels>
                <created>Sat, 16 Jan 2010 01:32:08 +0000</created>
                <updated>Sat, 17 Dec 2011 00:03:34 +0000</updated>
                            <resolved>Tue, 27 Jul 2010 03:09:34 +0000</resolved>
                                    <version>0.5.0</version>
                                    <fixVersion>0.6.0</fixVersion>
                                    <component>Query Processor</component>
                        <due></due>
                            <votes>1</votes>
                                    <watches>3</watches>
                                                                <comments>
                            <comment id="12855203" author="pauly" created="Thu, 8 Apr 2010 23:23:57 +0000"  >&lt;ul&gt;
	&lt;li&gt;Enables UDTF&apos;s to emit rows on close. Although this was disabled initially, it should be allowed. Without this, the test with lateral views on partitioned tables will fail.&lt;/li&gt;
	&lt;li&gt;Enables PPD for LV. To make pruning easier, a new operator (LateralViewForward) is placed at the head of every LV DAG. Otherwise, it is difficult for the pruner to handle the special case for LV&apos;s.&lt;/li&gt;
&lt;/ul&gt;
</comment>
                            <comment id="12856624" author="nzhang" created="Tue, 13 Apr 2010 21:20:15 +0000"  >&lt;p&gt;Will take a look.&lt;/p&gt;</comment>
                            <comment id="12879932" author="hbasereviewboard" created="Thu, 17 Jun 2010 21:16:25 +0000"  >&lt;p&gt;Message from: &quot;Carl Steinbach&quot; &amp;lt;carl@cloudera.com&amp;gt;&lt;/p&gt;

&lt;p&gt;-----------------------------------------------------------&lt;br/&gt;
This is an automatically generated e-mail. To reply, visit:&lt;br/&gt;
&lt;a href=&quot;http://review.hbase.org/r/198/&quot; class=&quot;external-link&quot; rel=&quot;nofollow&quot;&gt;http://review.hbase.org/r/198/&lt;/a&gt;&lt;br/&gt;
-----------------------------------------------------------&lt;/p&gt;

&lt;p&gt;Review request for Hive Developers.&lt;/p&gt;


&lt;p&gt;Summary&lt;br/&gt;
-------&lt;/p&gt;

&lt;p&gt;Review for patch &lt;a href=&quot;https://issues.apache.org/jira/secure/attachment/12441230/HIVE-1056.1.patch&quot; class=&quot;external-link&quot; rel=&quot;nofollow&quot;&gt;https://issues.apache.org/jira/secure/attachment/12441230/HIVE-1056.1.patch&lt;/a&gt;&lt;/p&gt;


&lt;p&gt;This addresses bug &lt;a href=&quot;https://issues.apache.org/jira/browse/HIVE-1056&quot; title=&quot;Predicate push down does not work with UDTF&amp;#39;s&quot; class=&quot;issue-link&quot; data-issue-key=&quot;HIVE-1056&quot;&gt;&lt;del&gt;HIVE-1056&lt;/del&gt;&lt;/a&gt;.&lt;br/&gt;
    &lt;a href=&quot;http://issues.apache.org/jira/browse/HIVE-1056&quot; class=&quot;external-link&quot; rel=&quot;nofollow&quot;&gt;http://issues.apache.org/jira/browse/HIVE-1056&lt;/a&gt;&lt;/p&gt;


&lt;p&gt;Diffs&lt;/p&gt;
&lt;hr /&gt;

&lt;p&gt;  contrib/src/java/org/apache/hadoop/hive/contrib/udtf/example/GenericUDTFCount2.java PRE-CREATION &lt;br/&gt;
  contrib/src/test/queries/clientpositive/udtf_output_on_close.q PRE-CREATION &lt;br/&gt;
  contrib/src/test/results/clientpositive/udtf_output_on_close.q.out PRE-CREATION &lt;br/&gt;
  ql/if/queryplan.thrift d387e8e &lt;br/&gt;
  ql/src/gen-javabean/org/apache/hadoop/hive/ql/plan/api/OperatorType.java 99d1f2d &lt;br/&gt;
  ql/src/gen-php/queryplan_types.php 334b4f8 &lt;br/&gt;
  ql/src/gen-py/queryplan/ttypes.py d228e68 &lt;br/&gt;
  ql/src/java/org/apache/hadoop/hive/ql/exec/LateralViewForwardOperator.java PRE-CREATION &lt;br/&gt;
  ql/src/java/org/apache/hadoop/hive/ql/exec/LateralViewJoinOperator.java 371a7ac &lt;br/&gt;
  ql/src/java/org/apache/hadoop/hive/ql/exec/OperatorFactory.java 03bd0bb &lt;br/&gt;
  ql/src/java/org/apache/hadoop/hive/ql/exec/UDTFOperator.java cab3057 &lt;br/&gt;
  ql/src/java/org/apache/hadoop/hive/ql/parse/SemanticAnalyzer.java a2f9dba &lt;br/&gt;
  ql/src/java/org/apache/hadoop/hive/ql/plan/LateralViewForwardDesc.java PRE-CREATION &lt;br/&gt;
  ql/src/java/org/apache/hadoop/hive/ql/ppd/OpProcFactory.java 6e1dfe4 &lt;br/&gt;
  ql/src/java/org/apache/hadoop/hive/ql/ppd/PredicatePushDown.java 19fe5f4 &lt;br/&gt;
  ql/src/test/queries/clientpositive/lateral_view_ppd.q PRE-CREATION &lt;br/&gt;
  ql/src/test/results/clientpositive/lateral_view.q.out 8931455 &lt;br/&gt;
  ql/src/test/results/clientpositive/lateral_view_ppd.q.out PRE-CREATION &lt;/p&gt;

&lt;p&gt;Diff: &lt;a href=&quot;http://review.hbase.org/r/198/diff&quot; class=&quot;external-link&quot; rel=&quot;nofollow&quot;&gt;http://review.hbase.org/r/198/diff&lt;/a&gt;&lt;/p&gt;


&lt;p&gt;Testing&lt;br/&gt;
-------&lt;/p&gt;


&lt;p&gt;Thanks,&lt;/p&gt;

&lt;p&gt;Carl&lt;/p&gt;

</comment>
                            <comment id="12887630" author="pauly" created="Tue, 13 Jul 2010 02:38:48 +0000"  >&lt;p&gt;Regenerated patch.&lt;/p&gt;</comment>
                            <comment id="12888125" author="pauly" created="Wed, 14 Jul 2010 00:18:05 +0000"  >&lt;p&gt;Regenerated again.&lt;/p&gt;</comment>
                            <comment id="12888130" author="pauly" created="Wed, 14 Jul 2010 00:36:59 +0000"  >&lt;p&gt;Added comment for LVF PPD rule.&lt;/p&gt;</comment>
                            <comment id="12888136" author="he yongqiang" created="Wed, 14 Jul 2010 00:54:39 +0000"  >&lt;p&gt;running tests now.&lt;/p&gt;</comment>
                            <comment id="12888156" author="he yongqiang" created="Wed, 14 Jul 2010 02:30:25 +0000"  >&lt;p&gt;Committed! Thanks Paul!&lt;/p&gt;</comment>
                            <comment id="12891294" author="cwsteinbach" created="Thu, 22 Jul 2010 19:26:36 +0000"  >&lt;p&gt;We should backport this to 0.6&lt;/p&gt;</comment>
                            <comment id="12891295" author="cwsteinbach" created="Thu, 22 Jul 2010 19:27:46 +0000"  >&lt;p&gt;Attaching patch for branch-0.6&lt;/p&gt;</comment>
                            <comment id="12892625" author="he yongqiang" created="Tue, 27 Jul 2010 03:09:34 +0000"  >&lt;p&gt;Committed to branch 0.6 together with &lt;a href=&quot;https://issues.apache.org/jira/browse/HIVE-1452&quot; title=&quot;Mapside join on non partitioned table with partitioned table causes error&quot; class=&quot;issue-link&quot; data-issue-key=&quot;HIVE-1452&quot;&gt;&lt;del&gt;HIVE-1452&lt;/del&gt;&lt;/a&gt;. Thanks Paul and Carl!&lt;/p&gt;</comment>
                            <comment id="12892627" author="he yongqiang" created="Tue, 27 Jul 2010 03:10:43 +0000"  >&lt;p&gt;typo: &lt;br/&gt;
&lt;a href=&quot;https://issues.apache.org/jira/browse/HIVE-1452&quot; title=&quot;Mapside join on non partitioned table with partitioned table causes error&quot; class=&quot;issue-link&quot; data-issue-key=&quot;HIVE-1452&quot;&gt;&lt;del&gt;HIVE-1452&lt;/del&gt;&lt;/a&gt; -&amp;gt;&lt;a href=&quot;https://issues.apache.org/jira/browse/HIVE-1455&quot; title=&quot;lateral view does not work with column pruning &quot; class=&quot;issue-link&quot; data-issue-key=&quot;HIVE-1455&quot;&gt;&lt;del&gt;HIVE-1455&lt;/del&gt;&lt;/a&gt;&lt;/p&gt;</comment>
                    </comments>
                    <attachments>
                            <attachment id="12450202" name="HIVE-1056-0.6.patch.txt" size="84896" author="cwsteinbach" created="Thu, 22 Jul 2010 19:27:46 +0000"/>
                            <attachment id="12441230" name="HIVE-1056.1.patch" size="79682" author="pauly" created="Thu, 8 Apr 2010 23:23:57 +0000"/>
                            <attachment id="12449314" name="HIVE-1056.2.patch" size="83421" author="pauly" created="Tue, 13 Jul 2010 02:38:48 +0000"/>
                            <attachment id="12449406" name="HIVE-1056.3.patch" size="83421" author="pauly" created="Wed, 14 Jul 2010 00:18:05 +0000"/>
                            <attachment id="12449408" name="HIVE-1056.4.patch" size="83712" author="pauly" created="Wed, 14 Jul 2010 00:36:59 +0000"/>
                    </attachments>
                <subtasks>
                    </subtasks>
                <customfields>
                                                <customfield id="customfield_12310310" key="com.atlassian.jira.toolkit:attachments">
                        <customfieldname>Attachment count</customfieldname>
                        <customfieldvalues>
                            <customfieldvalue>5.0</customfieldvalue>
                        </customfieldvalues>
                    </customfield>
                                                                                                                                                                                                                                                                                                                                                                                                                                                                                                                                <customfield id="customfield_12310220" key="com.atlassian.jira.ext.charting:firstresponsedate">
                        <customfieldname>Date of First Response</customfieldname>
                        <customfieldvalues>
                            <customfieldvalue>Tue, 13 Apr 2010 21:20:15 +0000</customfieldvalue>

                        </customfieldvalues>
                    </customfield>
                                                                                                                                                                                                                                                                                                                                                                                                                                            <customfield id="customfield_12310420" key="com.pyxis.greenhopper.jira:gh-global-rank">
                        <customfieldname>Global Rank</customfieldname>
                        <customfieldvalues>
                            <customfieldvalue>73128</customfieldvalue>
                        </customfieldvalues>
                    </customfield>
                                                                <customfield id="customfield_12310191" key="com.atlassian.jira.plugin.system.customfieldtypes:multicheckboxes">
                        <customfieldname>Hadoop Flags</customfieldname>
                        <customfieldvalues>
                                <customfieldvalue key="10343"><![CDATA[Reviewed]]></customfieldvalue>
    
                        </customfieldvalues>
                    </customfield>
                                                                                                                        <customfield id="customfield_12312521" key="com.atlassian.jira.toolkit:LastCommentDate">
                        <customfieldname>Last public comment date</customfieldname>
                        <customfieldvalues>
                            6 years, 19 weeks, 3 days ago
                        </customfieldvalues>
                    </customfield>
                                                                                            <customfield id="customfield_12311820" key="com.pyxis.greenhopper.jira:gh-lexo-rank">
                        <customfieldname>Rank</customfieldname>
                        <customfieldvalues>
                            <customfieldvalue>0|i0ld6f:</customfieldvalue>

                        </customfieldvalues>
                    </customfield>
                                                                <customfield id="customfield_12310920" key="com.pyxis.greenhopper.jira:gh-global-rank">
                        <customfieldname>Rank (Obsolete)</customfieldname>
                        <customfieldvalues>
                            <customfieldvalue>122785</customfieldvalue>
                        </customfieldvalues>
                    </customfield>
                                                                                                                                                                                                                                                                                                                            <customfield id="customfield_12310222" key="com.atlassian.jira.ext.charting:timeinstatus">
                        <customfieldname>Time in Status</customfieldname>
                        <customfieldvalues>
                            
                        </customfieldvalues>
                    </customfield>
                                                                                                                        </customfields>
    </item>
</channel>
</rss>