<!-- 
RSS generated by JIRA (6.3.4#6332-sha1:51bc225ef474afe3128b2f66878477f322397b16) at Sun Dec 04 00:11:53 UTC 2016

It is possible to restrict the fields that are returned in this document by specifying the 'field' parameter in your request.
For example, to request only the issue key and summary add field=key&field=summary to the URL of your request.
For example:
https://issues.apache.org/jira/si/jira.issueviews:issue-xml/HIVE-10089/HIVE-10089.xml?field=key&amp;field=summary
-->
<rss version="0.92" >
<channel>
    <title>ASF JIRA</title>
    <link>https://issues.apache.org/jira</link>
    <description>This file is an XML representation of an issue</description>
    <language>en-uk</language>    <build-info>
        <version>6.3.4</version>
        <build-number>6332</build-number>
        <build-date>15-08-2014</build-date>
    </build-info>

<item>
            <title>[HIVE-10089] RCFile: lateral view explode caused ConcurrentModificationException</title>
                <link>https://issues.apache.org/jira/browse/HIVE-10089</link>
                <project id="12310843" key="HIVE">Hive</project>
                    <description>&lt;p&gt;CREATE TABLE test_table123 (a INT, b MAP&amp;lt;STRING, STRING&amp;gt;) STORED AS RCFILE;&lt;/p&gt;

&lt;p&gt;INSERT OVERWRITE TABLE test_table123 SELECT 1, MAP(&quot;a1&quot;, &quot;b1&quot;, &quot;c1&quot;, &quot;d1&quot;) FROM src LIMIT 1;&lt;/p&gt;

&lt;p&gt;The following query will lead to ConcurrentModificationException&lt;/p&gt;

&lt;p&gt;SELECT * FROM (SELECT b FROM test_table123) t1 LATERAL VIEW explode(b) x AS b,c LIMIT 1;&lt;br/&gt;
Failed with exception java.io.IOException:java.util.ConcurrentModificationException&lt;/p&gt;</description>
                <environment></environment>
        <key id="12785642">HIVE-10089</key>
            <summary>RCFile: lateral view explode caused ConcurrentModificationException</summary>
                <type id="1" iconUrl="https://issues.apache.org/jira/images/icons/issuetypes/bug.png">Bug</type>
                                            <priority id="3" iconUrl="https://issues.apache.org/jira/images/icons/priorities/major.png">Major</priority>
                        <status id="1" iconUrl="https://issues.apache.org/jira/images/icons/statuses/open.png" description="The issue is open and ready for the assignee to start work on it.">Open</status>
                    <statusCategory id="2" key="new" colorName="blue-gray"/>
                                    <resolution id="-1">Unresolved</resolution>
                                        <assignee username="selinazh">Selina Zhang</assignee>
                                    <reporter username="selinazh">Selina Zhang</reporter>
                        <labels>
                    </labels>
                <created>Wed, 25 Mar 2015 18:41:31 +0000</created>
                <updated>Thu, 1 Oct 2015 15:29:47 +0000</updated>
                                            <version>1.2.0</version>
                                                        <due></due>
                            <votes>0</votes>
                                    <watches>1</watches>
                                                                <comments>
                            <comment id="14380511" author="selinazh" created="Wed, 25 Mar 2015 18:56:52 +0000"  >&lt;p&gt;Three conditions triggers this problem: 1. RCFIle (tested on ORC/AVRO/TEXT, all good) 2. map column and explode columns both included in projection list 3. map column has more than one entry. &lt;/p&gt;

&lt;p&gt;The reason &lt;a href=&quot;https://issues.apache.org/jira/browse/HIVE-2540&quot; title=&quot;LATERAL VIEW with EXPLODE produces ConcurrentModificationException&quot; class=&quot;issue-link&quot; data-issue-key=&quot;HIVE-2540&quot;&gt;&lt;del&gt;HIVE-2540&lt;/del&gt;&lt;/a&gt; does not fix this issue is because RCFile uses LazyBinaryMap and LazyBinaryArray, which are missing from the &lt;a href=&quot;https://issues.apache.org/jira/browse/HIVE-2540&quot; title=&quot;LATERAL VIEW with EXPLODE produces ConcurrentModificationException&quot; class=&quot;issue-link&quot; data-issue-key=&quot;HIVE-2540&quot;&gt;&lt;del&gt;HIVE-2540&lt;/del&gt;&lt;/a&gt; patch. &lt;/p&gt;</comment>
                            <comment id="14385217" author="hiveqa" created="Sat, 28 Mar 2015 09:59:42 +0000"  >

&lt;p&gt;&lt;font color=&quot;green&quot;&gt;Overall&lt;/font&gt;: +1 all checks pass&lt;/p&gt;

&lt;p&gt;Here are the results of testing the latest attachment:&lt;br/&gt;
&lt;a href=&quot;https://issues.apache.org/jira/secure/attachment/12707884/HIVE-10089.1.patch&quot; class=&quot;external-link&quot; rel=&quot;nofollow&quot;&gt;https://issues.apache.org/jira/secure/attachment/12707884/HIVE-10089.1.patch&lt;/a&gt;&lt;/p&gt;

&lt;p&gt;&lt;font color=&quot;green&quot;&gt;SUCCESS:&lt;/font&gt; +1 8679 tests passed&lt;/p&gt;

&lt;p&gt;Test results: &lt;a href=&quot;http://ec2-174-129-184-35.compute-1.amazonaws.com/jenkins/job/PreCommit-HIVE-TRUNK-Build/3192/testReport&quot; class=&quot;external-link&quot; rel=&quot;nofollow&quot;&gt;http://ec2-174-129-184-35.compute-1.amazonaws.com/jenkins/job/PreCommit-HIVE-TRUNK-Build/3192/testReport&lt;/a&gt;&lt;br/&gt;
Console output: &lt;a href=&quot;http://ec2-174-129-184-35.compute-1.amazonaws.com/jenkins/job/PreCommit-HIVE-TRUNK-Build/3192/console&quot; class=&quot;external-link&quot; rel=&quot;nofollow&quot;&gt;http://ec2-174-129-184-35.compute-1.amazonaws.com/jenkins/job/PreCommit-HIVE-TRUNK-Build/3192/console&lt;/a&gt;&lt;br/&gt;
Test logs: &lt;a href=&quot;http://ec2-174-129-184-35.compute-1.amazonaws.com/logs/PreCommit-HIVE-TRUNK-Build-3192/&quot; class=&quot;external-link&quot; rel=&quot;nofollow&quot;&gt;http://ec2-174-129-184-35.compute-1.amazonaws.com/logs/PreCommit-HIVE-TRUNK-Build-3192/&lt;/a&gt;&lt;/p&gt;

&lt;p&gt;Messages:&lt;/p&gt;
&lt;div class=&quot;preformatted panel&quot; style=&quot;border-width: 1px;&quot;&gt;&lt;div class=&quot;preformattedContent panelContent&quot;&gt;
&lt;pre&gt;Executing org.apache.hive.ptest.execution.PrepPhase
Executing org.apache.hive.ptest.execution.ExecutionPhase
Executing org.apache.hive.ptest.execution.ReportingPhase
&lt;/pre&gt;
&lt;/div&gt;&lt;/div&gt;

&lt;p&gt;This message is automatically generated.&lt;/p&gt;

&lt;p&gt;ATTACHMENT ID: 12707884 - PreCommit-HIVE-TRUNK-Build&lt;/p&gt;</comment>
                            <comment id="14939007" author="ashutoshc" created="Wed, 30 Sep 2015 22:51:43 +0000"  >&lt;p&gt;+1&lt;/p&gt;</comment>
                            <comment id="14939970" author="ashutoshc" created="Thu, 1 Oct 2015 15:29:47 +0000"  >&lt;p&gt;Actually I tried the query in description and it passed for me. &lt;a href=&quot;https://issues.apache.org/jira/secure/ViewProfile.jspa?name=selinazh&quot; class=&quot;user-hover&quot; rel=&quot;selinazh&quot;&gt;Selina Zhang&lt;/a&gt; If you have a test case which fails, can you please add that in your patch.&lt;/p&gt;</comment>
                    </comments>
                <issuelinks>
                            <issuelinktype id="12310060">
                    <name>Container</name>
                                            <outwardlinks description="contains">
                                        <issuelink>
            <issuekey id="12529703">HIVE-2540</issuekey>
        </issuelink>
                            </outwardlinks>
                                                        </issuelinktype>
                            <issuelinktype id="12310000">
                    <name>Duplicate</name>
                                            <outwardlinks description="duplicates">
                                        <issuelink>
            <issuekey id="12785640">HIVE-10088</issuekey>
        </issuelink>
                            </outwardlinks>
                                                        </issuelinktype>
                    </issuelinks>
                <attachments>
                            <attachment id="12707884" name="HIVE-10089.1.patch" size="800" author="selinazh" created="Fri, 27 Mar 2015 21:44:42 +0000"/>
                    </attachments>
                <subtasks>
                    </subtasks>
                <customfields>
                                                <customfield id="customfield_12310310" key="com.atlassian.jira.toolkit:attachments">
                        <customfieldname>Attachment count</customfieldname>
                        <customfieldvalues>
                            <customfieldvalue>1.0</customfieldvalue>
                        </customfieldvalues>
                    </customfield>
                                                                                                                                                                                                                                                                                                                                                                                                                                                                                                                                <customfield id="customfield_12310220" key="com.atlassian.jira.ext.charting:firstresponsedate">
                        <customfieldname>Date of First Response</customfieldname>
                        <customfieldvalues>
                            <customfieldvalue>Sat, 28 Mar 2015 09:59:42 +0000</customfieldvalue>

                        </customfieldvalues>
                    </customfield>
                                                                                                                                                                                                                                                                                                                                                                                                                                            <customfield id="customfield_12310420" key="com.pyxis.greenhopper.jira:gh-global-rank">
                        <customfieldname>Global Rank</customfieldname>
                        <customfieldvalues>
                            <customfieldvalue>9223372036854775807</customfieldvalue>
                        </customfieldvalues>
                    </customfield>
                                                                                                                                                    <customfield id="customfield_12312521" key="com.atlassian.jira.toolkit:LastCommentDate">
                        <customfieldname>Last public comment date</customfieldname>
                        <customfieldvalues>
                            1 year, 9 weeks, 2 days ago
                        </customfieldvalues>
                    </customfield>
                                                                                            <customfield id="customfield_12311820" key="com.pyxis.greenhopper.jira:gh-lexo-rank">
                        <customfieldname>Rank</customfieldname>
                        <customfieldvalues>
                            <customfieldvalue>0|i27cuv:</customfieldvalue>

                        </customfieldvalues>
                    </customfield>
                                                                <customfield id="customfield_12310920" key="com.pyxis.greenhopper.jira:gh-global-rank">
                        <customfieldname>Rank (Obsolete)</customfieldname>
                        <customfieldvalues>
                            <customfieldvalue>9223372036854775807</customfieldvalue>
                        </customfieldvalues>
                    </customfield>
                                                                                                                                                                                                                                                                                                                                                                                                                </customfields>
    </item>
</channel>
</rss>