<!-- 
RSS generated by JIRA (6.3.4#6332-sha1:51bc225ef474afe3128b2f66878477f322397b16) at Sun Dec 04 00:22:58 UTC 2016

It is possible to restrict the fields that are returned in this document by specifying the 'field' parameter in your request.
For example, to request only the issue key and summary add field=key&field=summary to the URL of your request.
For example:
https://issues.apache.org/jira/si/jira.issueviews:issue-xml/HIVE-11321/HIVE-11321.xml?field=key&amp;field=summary
-->
<rss version="0.92" >
<channel>
    <title>ASF JIRA</title>
    <link>https://issues.apache.org/jira</link>
    <description>This file is an XML representation of an issue</description>
    <language>en-uk</language>    <build-info>
        <version>6.3.4</version>
        <build-number>6332</build-number>
        <build-date>15-08-2014</build-date>
    </build-info>

<item>
            <title>[HIVE-11321] Move OrcFile.OrcTableProperties from OrcFile into OrcConf.</title>
                <link>https://issues.apache.org/jira/browse/HIVE-11321</link>
                <project id="12310843" key="HIVE">Hive</project>
                    <description>&lt;p&gt;We should pull all of the configuration/table property knobs into a single list.&lt;/p&gt;</description>
                <environment></environment>
        <key id="12846389">HIVE-11321</key>
            <summary>Move OrcFile.OrcTableProperties from OrcFile into OrcConf.</summary>
                <type id="7" iconUrl="https://issues.apache.org/jira/images/icons/issuetypes/subtask_alternate.png">Sub-task</type>
                            <parent id="12787181">HIVE-10171</parent>
                                    <priority id="3" iconUrl="https://issues.apache.org/jira/images/icons/priorities/major.png">Major</priority>
                        <status id="6" iconUrl="https://issues.apache.org/jira/images/icons/statuses/closed.png" description="The issue is considered finished, the resolution is correct. Issues which are closed can be reopened.">Closed</status>
                    <statusCategory id="3" key="done" colorName="green"/>
                                    <resolution id="1">Fixed</resolution>
                                        <assignee username="owen.omalley">Owen O&apos;Malley</assignee>
                                    <reporter username="owen.omalley">Owen O&apos;Malley</reporter>
                        <labels>
                    </labels>
                <created>Mon, 20 Jul 2015 22:46:42 +0000</created>
                <updated>Mon, 9 May 2016 23:42:17 +0000</updated>
                            <resolved>Tue, 28 Jul 2015 20:03:20 +0000</resolved>
                                                    <fixVersion>2.0.0</fixVersion>
                                        <due></due>
                            <votes>0</votes>
                                    <watches>5</watches>
                                                                <comments>
                            <comment id="14635957" author="owen.omalley" created="Tue, 21 Jul 2015 22:39:57 +0000"  >&lt;p&gt;This patch pulls all of the configuration knobs into OrcConf including all of the table properties.&lt;/p&gt;</comment>
                            <comment id="14635973" author="owen.omalley" created="Tue, 21 Jul 2015 22:47:04 +0000"  >&lt;p&gt;Sorry, I uploaded the wrong version of the patch.&lt;/p&gt;</comment>
                            <comment id="14635988" author="owen.omalley" created="Tue, 21 Jul 2015 23:04:58 +0000"  >&lt;p&gt;So the path looks like:&lt;/p&gt;
&lt;ul&gt;
	&lt;li&gt;table properties using the &quot;orc.*&quot; name&lt;/li&gt;
	&lt;li&gt;config using the &quot;orc.*&quot; name&lt;/li&gt;
	&lt;li&gt;config using the current &quot;hive.exec.ql.orc.*&quot; name&lt;/li&gt;
	&lt;li&gt;default&lt;/li&gt;
&lt;/ul&gt;
</comment>
                            <comment id="14638106" author="hiveqa" created="Thu, 23 Jul 2015 03:40:38 +0000"  >

&lt;p&gt;&lt;font color=&quot;red&quot;&gt;Overall&lt;/font&gt;: -1 at least one tests failed&lt;/p&gt;

&lt;p&gt;Here are the results of testing the latest attachment:&lt;br/&gt;
&lt;a href=&quot;https://issues.apache.org/jira/secure/attachment/12746435/HIVE-11321.patch&quot; class=&quot;external-link&quot; rel=&quot;nofollow&quot;&gt;https://issues.apache.org/jira/secure/attachment/12746435/HIVE-11321.patch&lt;/a&gt;&lt;/p&gt;

&lt;p&gt;&lt;font color=&quot;red&quot;&gt;ERROR:&lt;/font&gt; -1 due to 1 failed/errored test(s), 9253 tests executed&lt;br/&gt;
&lt;b&gt;Failed tests:&lt;/b&gt;&lt;/p&gt;
&lt;div class=&quot;preformatted panel&quot; style=&quot;border-width: 1px;&quot;&gt;&lt;div class=&quot;preformattedContent panelContent&quot;&gt;
&lt;pre&gt;TestSchedulerQueue - did not produce a TEST-*.xml file
&lt;/pre&gt;
&lt;/div&gt;&lt;/div&gt;

&lt;p&gt;Test results: &lt;a href=&quot;http://ec2-174-129-184-35.compute-1.amazonaws.com/jenkins/job/PreCommit-HIVE-TRUNK-Build/4697/testReport&quot; class=&quot;external-link&quot; rel=&quot;nofollow&quot;&gt;http://ec2-174-129-184-35.compute-1.amazonaws.com/jenkins/job/PreCommit-HIVE-TRUNK-Build/4697/testReport&lt;/a&gt;&lt;br/&gt;
Console output: &lt;a href=&quot;http://ec2-174-129-184-35.compute-1.amazonaws.com/jenkins/job/PreCommit-HIVE-TRUNK-Build/4697/console&quot; class=&quot;external-link&quot; rel=&quot;nofollow&quot;&gt;http://ec2-174-129-184-35.compute-1.amazonaws.com/jenkins/job/PreCommit-HIVE-TRUNK-Build/4697/console&lt;/a&gt;&lt;br/&gt;
Test logs: &lt;a href=&quot;http://ec2-174-129-184-35.compute-1.amazonaws.com/logs/PreCommit-HIVE-TRUNK-Build-4697/&quot; class=&quot;external-link&quot; rel=&quot;nofollow&quot;&gt;http://ec2-174-129-184-35.compute-1.amazonaws.com/logs/PreCommit-HIVE-TRUNK-Build-4697/&lt;/a&gt;&lt;/p&gt;

&lt;p&gt;Messages:&lt;/p&gt;
&lt;div class=&quot;preformatted panel&quot; style=&quot;border-width: 1px;&quot;&gt;&lt;div class=&quot;preformattedContent panelContent&quot;&gt;
&lt;pre&gt;Executing org.apache.hive.ptest.execution.PrepPhase
Executing org.apache.hive.ptest.execution.ExecutionPhase
Executing org.apache.hive.ptest.execution.ReportingPhase
Tests exited with: TestsFailedException: 1 tests failed
&lt;/pre&gt;
&lt;/div&gt;&lt;/div&gt;

&lt;p&gt;This message is automatically generated.&lt;/p&gt;

&lt;p&gt;ATTACHMENT ID: 12746435 - PreCommit-HIVE-TRUNK-Build&lt;/p&gt;</comment>
                            <comment id="14639127" author="prasanth_j" created="Thu, 23 Jul 2015 16:59:54 +0000"  >&lt;p&gt;LGTM, +1&lt;/p&gt;</comment>
                            <comment id="14644963" author="owen.omalley" created="Tue, 28 Jul 2015 20:03:20 +0000"  >&lt;p&gt;I just committed this. Thanks for the review, Prasanth.&lt;/p&gt;</comment>
                            <comment id="14645252" author="lefty@hortonworks.com" created="Wed, 29 Jul 2015 00:03:38 +0000"  >&lt;p&gt;Does this need any documentation?&lt;/p&gt;</comment>
                            <comment id="15001507" author="sershe" created="Thu, 12 Nov 2015 02:12:09 +0000"  >&lt;p&gt;Should this issue be backported to branch-1? It looks like a bug.&lt;/p&gt;</comment>
                            <comment id="15277331" author="sladymon" created="Mon, 9 May 2016 23:37:31 +0000"  >&lt;p&gt;&lt;a href=&quot;https://issues.apache.org/jira/secure/ViewProfile.jspa?name=owen.omalley&quot; class=&quot;user-hover&quot; rel=&quot;owen.omalley&quot;&gt;Owen O&apos;Malley&lt;/a&gt;, could you answer a few questions about this patch?  I&apos;d like to update the wiki with some more information from it:&lt;/p&gt;

&lt;p&gt;(1) Why are some of these table properties (ex. &lt;b&gt;orc.block.size&lt;/b&gt;) not listed in the &lt;a href=&quot;https://cwiki.apache.org/confluence/display/Hive/LanguageManual+ORC#LanguageManualORC-HiveQLSyntax&quot; class=&quot;external-link&quot; rel=&quot;nofollow&quot;&gt;HiveQL Syntax &lt;/a&gt; section? Should they be added?&lt;/p&gt;

&lt;p&gt;(2) Why are  some properties (&lt;b&gt;hive.orc.splits.include.file.footer, hive.orc.cache.stripe.details.size, hive.orc.compute.splits.num.threads, hive.exec.orc.split.strategy, hive.merge.orcfile.stripe.level&lt;/b&gt;) listed in the &lt;a href=&quot;https://cwiki.apache.org/confluence/display/Hive/Configuration+Properties#ConfigurationProperties-ORCFileFormat&quot; class=&quot;external-link&quot; rel=&quot;nofollow&quot;&gt;Configuration Properties &lt;/a&gt; section, but not in the HiveQL Syntax section? Should they be added?&lt;/p&gt;

&lt;p&gt;(3) For the properties that are in both OrcConf.java and HiveConf.java, is there a conflict if they are set to different values?&lt;/p&gt;</comment>
                    </comments>
                <issuelinks>
                            <issuelinktype id="12310000">
                    <name>Duplicate</name>
                                                                <inwardlinks description="is duplicated by">
                                        <issuelink>
            <issuekey id="12846360">HIVE-11318</issuekey>
        </issuelink>
                            </inwardlinks>
                                    </issuelinktype>
                            <issuelinktype id="10030">
                    <name>Reference</name>
                                                                <inwardlinks description="is related to">
                                        <issuelink>
            <issuekey id="12843560">HIVE-11210</issuekey>
        </issuelink>
                            </inwardlinks>
                                    </issuelinktype>
                    </issuelinks>
                <attachments>
                            <attachment id="12746435" name="HIVE-11321.patch" size="22863" author="owen.omalley" created="Tue, 21 Jul 2015 22:47:04 +0000"/>
                    </attachments>
                <subtasks>
                    </subtasks>
                <customfields>
                                                <customfield id="customfield_12310310" key="com.atlassian.jira.toolkit:attachments">
                        <customfieldname>Attachment count</customfieldname>
                        <customfieldvalues>
                            <customfieldvalue>1.0</customfieldvalue>
                        </customfieldvalues>
                    </customfield>
                                                                                                                                                                                                                                                                                                                                                                                                                                                                                                                                <customfield id="customfield_12310220" key="com.atlassian.jira.ext.charting:firstresponsedate">
                        <customfieldname>Date of First Response</customfieldname>
                        <customfieldvalues>
                            <customfieldvalue>Thu, 23 Jul 2015 03:40:38 +0000</customfieldvalue>

                        </customfieldvalues>
                    </customfield>
                                                                                                                                                                                                                                                                                                                                                                                                                                            <customfield id="customfield_12310420" key="com.pyxis.greenhopper.jira:gh-global-rank">
                        <customfieldname>Global Rank</customfieldname>
                        <customfieldvalues>
                            <customfieldvalue>9223372036854775807</customfieldvalue>
                        </customfieldvalues>
                    </customfield>
                                                                                                                                                    <customfield id="customfield_12312521" key="com.atlassian.jira.toolkit:LastCommentDate">
                        <customfieldname>Last public comment date</customfieldname>
                        <customfieldvalues>
                            29 weeks, 5 days ago
                        </customfieldvalues>
                    </customfield>
                                                                                            <customfield id="customfield_12311820" key="com.pyxis.greenhopper.jira:gh-lexo-rank">
                        <customfieldname>Rank</customfieldname>
                        <customfieldvalues>
                            <customfieldvalue>0|i2hgyn:</customfieldvalue>

                        </customfieldvalues>
                    </customfield>
                                                                <customfield id="customfield_12310920" key="com.pyxis.greenhopper.jira:gh-global-rank">
                        <customfieldname>Rank (Obsolete)</customfieldname>
                        <customfieldvalues>
                            <customfieldvalue>9223372036854775807</customfieldvalue>
                        </customfieldvalues>
                    </customfield>
                                                                                                                                                                                                                                                                    <customfield id="customfield_12310320" key="com.atlassian.jira.plugin.system.customfieldtypes:multiversion">
                        <customfieldname>Target Version/s</customfieldname>
                        <customfieldvalues>
                                <customfieldvalue>12332154</customfieldvalue>
    
                        </customfieldvalues>
                    </customfield>
                                                                                            <customfield id="customfield_12310222" key="com.atlassian.jira.ext.charting:timeinstatus">
                        <customfieldname>Time in Status</customfieldname>
                        <customfieldvalues>
                            
                        </customfieldvalues>
                    </customfield>
                                                                                                                        </customfields>
    </item>
</channel>
</rss>