<!-- 
RSS generated by JIRA (6.3.4#6332-sha1:51bc225ef474afe3128b2f66878477f322397b16) at Fri Dec 02 05:38:07 UTC 2016

It is possible to restrict the fields that are returned in this document by specifying the 'field' parameter in your request.
For example, to request only the issue key and summary add field=key&field=summary to the URL of your request.
For example:
https://issues.apache.org/jira/si/jira.issueviews:issue-xml/HIVE-12445/HIVE-12445.xml?field=key&amp;field=summary
-->
<rss version="0.92" >
<channel>
    <title>ASF JIRA</title>
    <link>https://issues.apache.org/jira</link>
    <description>This file is an XML representation of an issue</description>
    <language>en-uk</language>    <build-info>
        <version>6.3.4</version>
        <build-number>6332</build-number>
        <build-date>15-08-2014</build-date>
    </build-info>

<item>
            <title>[HIVE-12445] Tracking of completed dags is a slow memory leak</title>
                <link>https://issues.apache.org/jira/browse/HIVE-12445</link>
                <project id="12310843" key="HIVE">Hive</project>
                    <description>&lt;p&gt;LLAP daemons track completed DAGs, but never clean up these structures. This is primarily to disallow out of order executions. Evaluate whether that can be avoided - otherwise this structure needs to be cleaned up with a delay.&lt;/p&gt;</description>
                <environment></environment>
        <key id="12913920">HIVE-12445</key>
            <summary>Tracking of completed dags is a slow memory leak</summary>
                <type id="1" iconUrl="https://issues.apache.org/jira/images/icons/issuetypes/bug.png">Bug</type>
                                            <priority id="3" iconUrl="https://issues.apache.org/jira/images/icons/priorities/major.png">Major</priority>
                        <status id="6" iconUrl="https://issues.apache.org/jira/images/icons/statuses/closed.png" description="The issue is considered finished, the resolution is correct. Issues which are closed can be reopened.">Closed</status>
                    <statusCategory id="3" key="done" colorName="green"/>
                                    <resolution id="1">Fixed</resolution>
                                        <assignee username="sershe">Sergey Shelukhin</assignee>
                                    <reporter username="sseth">Siddharth Seth</reporter>
                        <labels>
                    </labels>
                <created>Tue, 17 Nov 2015 23:50:01 +0000</created>
                <updated>Thu, 2 Jun 2016 10:17:30 +0000</updated>
                            <resolved>Sat, 12 Dec 2015 00:07:28 +0000</resolved>
                                    <version>2.0.0</version>
                                    <fixVersion>2.0.0</fixVersion>
                                    <component>llap</component>
                        <due></due>
                            <votes>0</votes>
                                    <watches>2</watches>
                                                                <comments>
                            <comment id="15023677" author="sershe" created="Tue, 24 Nov 2015 03:05:07 +0000"  >&lt;p&gt;Rolled the cleaner into QueryTracker, added the callable to clean the map in an hour&lt;/p&gt;</comment>
                            <comment id="15028081" author="hiveqa" created="Thu, 26 Nov 2015 03:11:52 +0000"  >

&lt;p&gt;Here are the results of testing the latest attachment:&lt;br/&gt;
&lt;a href=&quot;https://issues.apache.org/jira/secure/attachment/12773973/HIVE-12445.patch&quot; class=&quot;external-link&quot; rel=&quot;nofollow&quot;&gt;https://issues.apache.org/jira/secure/attachment/12773973/HIVE-12445.patch&lt;/a&gt;&lt;/p&gt;

&lt;p&gt;&lt;font color=&quot;red&quot;&gt;ERROR:&lt;/font&gt; -1 due to no test(s) being added or modified.&lt;/p&gt;

&lt;p&gt;&lt;font color=&quot;red&quot;&gt;ERROR:&lt;/font&gt; -1 due to 4 failed/errored test(s), 9864 tests executed&lt;br/&gt;
&lt;b&gt;Failed tests:&lt;/b&gt;&lt;/p&gt;
&lt;div class=&quot;preformatted panel&quot; style=&quot;border-width: 1px;&quot;&gt;&lt;div class=&quot;preformattedContent panelContent&quot;&gt;
&lt;pre&gt;TestHWISessionManager - did not produce a TEST-*.xml file
org.apache.hadoop.hive.cli.TestNegativeCliDriver.testNegativeCliDriver_authorization_uri_import
org.apache.hive.jdbc.TestMultiSessionsHS2WithLocalClusterSpark.testSparkQuery
org.apache.hive.jdbc.TestSSL.testSSLVersion
&lt;/pre&gt;
&lt;/div&gt;&lt;/div&gt;

&lt;p&gt;Test results: &lt;a href=&quot;http://ec2-174-129-184-35.compute-1.amazonaws.com/jenkins/job/PreCommit-HIVE-TRUNK-Build/6129/testReport&quot; class=&quot;external-link&quot; rel=&quot;nofollow&quot;&gt;http://ec2-174-129-184-35.compute-1.amazonaws.com/jenkins/job/PreCommit-HIVE-TRUNK-Build/6129/testReport&lt;/a&gt;&lt;br/&gt;
Console output: &lt;a href=&quot;http://ec2-174-129-184-35.compute-1.amazonaws.com/jenkins/job/PreCommit-HIVE-TRUNK-Build/6129/console&quot; class=&quot;external-link&quot; rel=&quot;nofollow&quot;&gt;http://ec2-174-129-184-35.compute-1.amazonaws.com/jenkins/job/PreCommit-HIVE-TRUNK-Build/6129/console&lt;/a&gt;&lt;br/&gt;
Test logs: &lt;a href=&quot;http://ec2-174-129-184-35.compute-1.amazonaws.com/logs/PreCommit-HIVE-TRUNK-Build-6129/&quot; class=&quot;external-link&quot; rel=&quot;nofollow&quot;&gt;http://ec2-174-129-184-35.compute-1.amazonaws.com/logs/PreCommit-HIVE-TRUNK-Build-6129/&lt;/a&gt;&lt;/p&gt;

&lt;p&gt;Messages:&lt;/p&gt;
&lt;div class=&quot;preformatted panel&quot; style=&quot;border-width: 1px;&quot;&gt;&lt;div class=&quot;preformattedContent panelContent&quot;&gt;
&lt;pre&gt;Executing org.apache.hive.ptest.execution.TestCheckPhase
Executing org.apache.hive.ptest.execution.PrepPhase
Executing org.apache.hive.ptest.execution.ExecutionPhase
Executing org.apache.hive.ptest.execution.ReportingPhase
Tests exited with: TestsFailedException: 4 tests failed
&lt;/pre&gt;
&lt;/div&gt;&lt;/div&gt;

&lt;p&gt;This message is automatically generated.&lt;/p&gt;

&lt;p&gt;ATTACHMENT ID: 12773973 - PreCommit-HIVE-TRUNK-Build&lt;/p&gt;</comment>
                            <comment id="15035197" author="sershe" created="Wed, 2 Dec 2015 03:22:49 +0000"  >&lt;p&gt;&lt;a href=&quot;https://issues.apache.org/jira/secure/ViewProfile.jspa?name=sseth&quot; class=&quot;user-hover&quot; rel=&quot;sseth&quot;&gt;Siddharth Seth&lt;/a&gt; ping?&lt;/p&gt;</comment>
                            <comment id="15036922" author="sershe" created="Thu, 3 Dec 2015 00:12:49 +0000"  >&lt;p&gt;&lt;a href=&quot;https://issues.apache.org/jira/secure/ViewProfile.jspa?name=hagleitn&quot; class=&quot;user-hover&quot; rel=&quot;hagleitn&quot;&gt;Gunther Hagleitner&lt;/a&gt; &lt;a href=&quot;https://issues.apache.org/jira/secure/ViewProfile.jspa?name=vikram.dixit&quot; class=&quot;user-hover&quot; rel=&quot;vikram.dixit&quot;&gt;Vikram Dixit K&lt;/a&gt; maybe you guys can review?&lt;/p&gt;</comment>
                            <comment id="15051968" author="sseth" created="Fri, 11 Dec 2015 01:21:15 +0000"  >&lt;p&gt;+1. Looks good.&lt;/p&gt;</comment>
                            <comment id="15053829" author="sershe" created="Sat, 12 Dec 2015 00:07:28 +0000"  >&lt;p&gt;Rebased and committed to branches.&lt;/p&gt;</comment>
                    </comments>
                    <attachments>
                            <attachment id="12773973" name="HIVE-12445.patch" size="12834" author="sershe" created="Tue, 24 Nov 2015 03:05:07 +0000"/>
                    </attachments>
                <subtasks>
                    </subtasks>
                <customfields>
                                                <customfield id="customfield_12310310" key="com.atlassian.jira.toolkit:attachments">
                        <customfieldname>Attachment count</customfieldname>
                        <customfieldvalues>
                            <customfieldvalue>1.0</customfieldvalue>
                        </customfieldvalues>
                    </customfield>
                                                                                                                                                                                                                                                                                                                                                                                                                                                                                                                                <customfield id="customfield_12310220" key="com.atlassian.jira.ext.charting:firstresponsedate">
                        <customfieldname>Date of First Response</customfieldname>
                        <customfieldvalues>
                            <customfieldvalue>Tue, 24 Nov 2015 03:05:07 +0000</customfieldvalue>

                        </customfieldvalues>
                    </customfield>
                                                                                                                                                                                                                                                                                                                                                                                                                                            <customfield id="customfield_12310420" key="com.pyxis.greenhopper.jira:gh-global-rank">
                        <customfieldname>Global Rank</customfieldname>
                        <customfieldvalues>
                            <customfieldvalue>9223372036854775807</customfieldvalue>
                        </customfieldvalues>
                    </customfield>
                                                                                                                                                    <customfield id="customfield_12312521" key="com.atlassian.jira.toolkit:LastCommentDate">
                        <customfieldname>Last public comment date</customfieldname>
                        <customfieldvalues>
                            50 weeks, 6 days ago
                        </customfieldvalues>
                    </customfield>
                                                                                            <customfield id="customfield_12311820" key="com.pyxis.greenhopper.jira:gh-lexo-rank">
                        <customfieldname>Rank</customfieldname>
                        <customfieldvalues>
                            <customfieldvalue>0|i2ojnz:</customfieldvalue>

                        </customfieldvalues>
                    </customfield>
                                                                <customfield id="customfield_12310920" key="com.pyxis.greenhopper.jira:gh-global-rank">
                        <customfieldname>Rank (Obsolete)</customfieldname>
                        <customfieldvalues>
                            <customfieldvalue>9223372036854775807</customfieldvalue>
                        </customfieldvalues>
                    </customfield>
                                                                                                                                                                                                                                                                    <customfield id="customfield_12310320" key="com.atlassian.jira.plugin.system.customfieldtypes:multiversion">
                        <customfieldname>Target Version/s</customfieldname>
                        <customfieldvalues>
                                <customfieldvalue>12334255</customfieldvalue>
    
                        </customfieldvalues>
                    </customfield>
                                                                                            <customfield id="customfield_12310222" key="com.atlassian.jira.ext.charting:timeinstatus">
                        <customfieldname>Time in Status</customfieldname>
                        <customfieldvalues>
                            
                        </customfieldvalues>
                    </customfield>
                                                                                                                        </customfields>
    </item>
</channel>
</rss>