<!-- 
RSS generated by JIRA (6.3.4#6332-sha1:51bc225ef474afe3128b2f66878477f322397b16) at Sat Dec 03 22:43:01 UTC 2016

It is possible to restrict the fields that are returned in this document by specifying the 'field' parameter in your request.
For example, to request only the issue key and summary add field=key&field=summary to the URL of your request.
For example:
https://issues.apache.org/jira/si/jira.issueviews:issue-xml/HIVE-12296/HIVE-12296.xml?field=key&amp;field=summary
-->
<rss version="0.92" >
<channel>
    <title>ASF JIRA</title>
    <link>https://issues.apache.org/jira</link>
    <description>This file is an XML representation of an issue</description>
    <language>en-uk</language>    <build-info>
        <version>6.3.4</version>
        <build-number>6332</build-number>
        <build-date>15-08-2014</build-date>
    </build-info>

<item>
            <title>[HIVE-12296] ClassCastException when selecting constant in inner select</title>
                <link>https://issues.apache.org/jira/browse/HIVE-12296</link>
                <project id="12310843" key="HIVE">Hive</project>
                    <description>&lt;p&gt;Following query:&lt;/p&gt;

&lt;div class=&quot;preformatted panel&quot; style=&quot;border-width: 1px;&quot;&gt;&lt;div class=&quot;preformattedContent panelContent&quot;&gt;
&lt;pre&gt;SELECT
t1.bigint_col_3
FROM table_3 t1
WHERE
(t1.bigint_col_3) IN (SELECT
0.0 as decimal_col
FROM table_3)
&lt;/pre&gt;
&lt;/div&gt;&lt;/div&gt;

&lt;p&gt;produces an exception:&lt;/p&gt;
&lt;div class=&quot;preformatted panel&quot; style=&quot;border-width: 1px;&quot;&gt;&lt;div class=&quot;preformattedContent panelContent&quot;&gt;
&lt;pre&gt;java.lang.ClassCastException: org.apache.hadoop.hive.ql.plan.ExprNodeConstantDesc cannot be cast to org.apache.hadoop.hive.ql.plan.ExprNodeColumnDesc
	at org.apache.hadoop.hive.ql.parse.SemanticAnalyzer.insertSelectForSemijoin(SemanticAnalyzer.java:7581)
	at org.apache.hadoop.hive.ql.parse.SemanticAnalyzer.genJoinOperator(SemanticAnalyzer.java:7524)
	at org.apache.hadoop.hive.ql.parse.SemanticAnalyzer.genFilterPlan(SemanticAnalyzer.java:2782)
	at org.apache.hadoop.hive.ql.parse.SemanticAnalyzer.genBodyPlan(SemanticAnalyzer.java:8771)
	at org.apache.hadoop.hive.ql.parse.SemanticAnalyzer.genPlan(SemanticAnalyzer.java:9672)
	at org.apache.hadoop.hive.ql.parse.SemanticAnalyzer.genPlan(SemanticAnalyzer.java:9565)
	at org.apache.hadoop.hive.ql.parse.SemanticAnalyzer.genOPTree(SemanticAnalyzer.java:10057)
	at org.apache.hadoop.hive.ql.parse.CalcitePlanner.genOPTree(CalcitePlanner.java:336)
	at org.apache.hadoop.hive.ql.parse.SemanticAnalyzer.analyzeInternal(SemanticAnalyzer.java:10068)
	at org.apache.hadoop.hive.ql.parse.CalcitePlanner.analyzeInternal(CalcitePlanner.java:215)
	at org.apache.hadoop.hive.ql.parse.BaseSemanticAnalyzer.analyze(BaseSemanticAnalyzer.java:237)
	at org.apache.hadoop.hive.ql.Driver.compile(Driver.java:440)
	at org.apache.hadoop.hive.ql.Driver.compile(Driver.java:312)
	at org.apache.hadoop.hive.ql.Driver.compileInternal(Driver.java:1199)
	at org.apache.hadoop.hive.ql.Driver.runInternal(Driver.java:1252)
	at org.apache.hadoop.hive.ql.Driver.run(Driver.java:1124)
	at org.apache.hadoop.hive.ql.Driver.run(Driver.java:1112)
	at org.apache.hadoop.hive.cli.CliDriver.processLocalCmd(CliDriver.java:225)
	at org.apache.hadoop.hive.cli.CliDriver.processCmd(CliDriver.java:177)
	at org.apache.hadoop.hive.cli.CliDriver.processLine(CliDriver.java:387)
	at org.apache.hadoop.hive.cli.CliDriver.executeDriver(CliDriver.java:758)
	at org.apache.hadoop.hive.cli.CliDriver.run(CliDriver.java:703)
	at org.apache.hadoop.hive.cli.CliDriver.main(CliDriver.java:632)
	at sun.reflect.NativeMethodAccessorImpl.invoke0(Native Method)
	at sun.reflect.NativeMethodAccessorImpl.invoke(NativeMethodAccessorImpl.java:57)
	at sun.reflect.DelegatingMethodAccessorImpl.invoke(DelegatingMethodAccessorImpl.java:43)
	at java.lang.reflect.Method.invoke(Method.java:606)
	at org.apache.hadoop.util.RunJar.run(RunJar.java:221)
	at org.apache.hadoop.util.RunJar.main(RunJar.java:136)
&lt;/pre&gt;
&lt;/div&gt;&lt;/div&gt;</description>
                <environment></environment>
        <key id="12909030">HIVE-12296</key>
            <summary>ClassCastException when selecting constant in inner select</summary>
                <type id="1" iconUrl="https://issues.apache.org/jira/images/icons/issuetypes/bug.png">Bug</type>
                                            <priority id="3" iconUrl="https://issues.apache.org/jira/images/icons/priorities/major.png">Major</priority>
                        <status id="5" iconUrl="https://issues.apache.org/jira/images/icons/statuses/resolved.png" description="A resolution has been taken, and it is awaiting verification by reporter. From here issues are either reopened, or are closed.">Resolved</status>
                    <statusCategory id="3" key="done" colorName="green"/>
                                    <resolution id="3">Duplicate</resolution>
                                        <assignee username="-1">Unassigned</assignee>
                                    <reporter username="szehon">Szehon Ho</reporter>
                        <labels>
                    </labels>
                <created>Thu, 29 Oct 2015 20:52:32 +0000</created>
                <updated>Fri, 4 Dec 2015 16:34:36 +0000</updated>
                            <resolved>Fri, 4 Dec 2015 16:34:36 +0000</resolved>
                                                                    <component>Query Planning</component>
                        <due></due>
                            <votes>0</votes>
                                    <watches>3</watches>
                                                                <comments>
                            <comment id="14981652" author="szehon" created="Fri, 30 Oct 2015 00:40:28 +0000"  >&lt;p&gt;I am thinking instead of going through the traditional subquery path of rewriting this kind of subquery as left semijoin, that this can be just treated as:&lt;/p&gt;

&lt;div class=&quot;preformatted panel&quot; style=&quot;border-width: 1px;&quot;&gt;&lt;div class=&quot;preformattedContent panelContent&quot;&gt;
&lt;pre&gt;SELECT
t1.bigint_col_3
FROM table_3 t1
WHERE
(t1.bigint_col_3) IN (0.0)
&lt;/pre&gt;
&lt;/div&gt;&lt;/div&gt;

&lt;p&gt;That is turn the &quot;select 0.0...&quot; subquery of a constant, into a constant 0.0, without the select operator, for this edge case.&lt;/p&gt;

&lt;p&gt;I am kind of new to subquery, so just a thought.&lt;/p&gt;</comment>
                    </comments>
                <issuelinks>
                            <issuelinktype id="12310051">
                    <name>Supercedes</name>
                                                                <inwardlinks description="is superceded by">
                                        <issuelink>
            <issuekey id="12917817">HIVE-12578</issuekey>
        </issuelink>
                            </inwardlinks>
                                    </issuelinktype>
                    </issuelinks>
                <attachments>
                    </attachments>
                <subtasks>
                    </subtasks>
                <customfields>
                                                <customfield id="customfield_12310310" key="com.atlassian.jira.toolkit:attachments">
                        <customfieldname>Attachment count</customfieldname>
                        <customfieldvalues>
                            <customfieldvalue>0.0</customfieldvalue>
                        </customfieldvalues>
                    </customfield>
                                                                                                                                                                                                                                                                                                                                                                                                                                                                                                                                                                                                                                                                                                                                                                                                                                                                                                                                        <customfield id="customfield_12310420" key="com.pyxis.greenhopper.jira:gh-global-rank">
                        <customfieldname>Global Rank</customfieldname>
                        <customfieldvalues>
                            <customfieldvalue>9223372036854775807</customfieldvalue>
                        </customfieldvalues>
                    </customfield>
                                                                                                                                                    <customfield id="customfield_12312521" key="com.atlassian.jira.toolkit:LastCommentDate">
                        <customfieldname>Last public comment date</customfieldname>
                        <customfieldvalues>
                            1 year, 5 weeks, 1 day ago
                        </customfieldvalues>
                    </customfield>
                                                                                            <customfield id="customfield_12311820" key="com.pyxis.greenhopper.jira:gh-lexo-rank">
                        <customfieldname>Rank</customfieldname>
                        <customfieldvalues>
                            <customfieldvalue>0|i2npnr:</customfieldvalue>

                        </customfieldvalues>
                    </customfield>
                                                                <customfield id="customfield_12310920" key="com.pyxis.greenhopper.jira:gh-global-rank">
                        <customfieldname>Rank (Obsolete)</customfieldname>
                        <customfieldvalues>
                            <customfieldvalue>9223372036854775807</customfieldvalue>
                        </customfieldvalues>
                    </customfield>
                                                                                                                                                                                                                                                                                                                            <customfield id="customfield_12310222" key="com.atlassian.jira.ext.charting:timeinstatus">
                        <customfieldname>Time in Status</customfieldname>
                        <customfieldvalues>
                            
                        </customfieldvalues>
                    </customfield>
                                                                                                                        </customfields>
    </item>
</channel>
</rss>