<!-- 
RSS generated by JIRA (6.3.4#6332-sha1:51bc225ef474afe3128b2f66878477f322397b16) at Fri Dec 02 23:16:47 UTC 2016

It is possible to restrict the fields that are returned in this document by specifying the 'field' parameter in your request.
For example, to request only the issue key and summary add field=key&field=summary to the URL of your request.
For example:
https://issues.apache.org/jira/si/jira.issueviews:issue-xml/HIVE-1141/HIVE-1141.xml?field=key&amp;field=summary
-->
<rss version="0.92" >
<channel>
    <title>ASF JIRA</title>
    <link>https://issues.apache.org/jira</link>
    <description>This file is an XML representation of an issue</description>
    <language>en-uk</language>    <build-info>
        <version>6.3.4</version>
        <build-number>6332</build-number>
        <build-date>15-08-2014</build-date>
    </build-info>

<item>
            <title>[HIVE-1141] Remove recursive call in FetchOperator.getNextRow</title>
                <link>https://issues.apache.org/jira/browse/HIVE-1141</link>
                <project id="12310843" key="HIVE">Hive</project>
                    <description>&lt;p&gt;There is an unnecessary recursive getNextRow() call that caused stack overflow in some queries.&lt;br/&gt;
We should remove that recursive call.&lt;/p&gt;</description>
                <environment></environment>
        <key id="12455691">HIVE-1141</key>
            <summary>Remove recursive call in FetchOperator.getNextRow</summary>
                <type id="1" iconUrl="https://issues.apache.org/jira/images/icons/issuetypes/bug.png">Bug</type>
                                            <priority id="3" iconUrl="https://issues.apache.org/jira/images/icons/priorities/major.png">Major</priority>
                        <status id="6" iconUrl="https://issues.apache.org/jira/images/icons/statuses/closed.png" description="The issue is considered finished, the resolution is correct. Issues which are closed can be reopened.">Closed</status>
                    <statusCategory id="3" key="done" colorName="green"/>
                                    <resolution id="1">Fixed</resolution>
                                        <assignee username="zshao">Zheng Shao</assignee>
                                    <reporter username="zshao">Zheng Shao</reporter>
                        <labels>
                    </labels>
                <created>Mon, 8 Feb 2010 22:14:55 +0000</created>
                <updated>Sat, 17 Dec 2011 00:05:35 +0000</updated>
                            <resolved>Mon, 8 Feb 2010 23:24:31 +0000</resolved>
                                                    <fixVersion>0.5.0</fixVersion>
                                    <component>Query Processor</component>
                        <due></due>
                            <votes>0</votes>
                                    <watches>0</watches>
                                                                <comments>
                            <comment id="12831166" author="he yongqiang" created="Mon, 8 Feb 2010 22:33:17 +0000"  >&lt;p&gt;will test now.&lt;/p&gt;</comment>
                            <comment id="12831173" author="he yongqiang" created="Mon, 8 Feb 2010 22:45:03 +0000"  >&lt;p&gt;Zheng, does your change work with CombineFileInputFormat?&lt;/p&gt;</comment>
                            <comment id="12831182" author="he yongqiang" created="Mon, 8 Feb 2010 23:06:02 +0000"  >&lt;p&gt;Discussed with Zheng, this kind of recursive call will occur if all the files to fetch are empty.&lt;/p&gt;

&lt;p&gt;+1, will commit after test pass.&lt;/p&gt;</comment>
                            <comment id="12831190" author="he yongqiang" created="Mon, 8 Feb 2010 23:24:31 +0000"  >&lt;p&gt;Committed to trunk and branch-0.5. Thanks Zheng!&lt;/p&gt;</comment>
                    </comments>
                    <attachments>
                            <attachment id="12435215" name="HIVE-1141.1.branch-0.5.patch" size="1901" author="zshao" created="Mon, 8 Feb 2010 22:23:41 +0000"/>
                            <attachment id="12435216" name="HIVE-1141.1.patch" size="1880" author="zshao" created="Mon, 8 Feb 2010 22:23:41 +0000"/>
                    </attachments>
                <subtasks>
                    </subtasks>
                <customfields>
                                                <customfield id="customfield_12310310" key="com.atlassian.jira.toolkit:attachments">
                        <customfieldname>Attachment count</customfieldname>
                        <customfieldvalues>
                            <customfieldvalue>2.0</customfieldvalue>
                        </customfieldvalues>
                    </customfield>
                                                                                                                                                                                                                                                                                                                                                                                                                                                                                                                                <customfield id="customfield_12310220" key="com.atlassian.jira.ext.charting:firstresponsedate">
                        <customfieldname>Date of First Response</customfieldname>
                        <customfieldvalues>
                            <customfieldvalue>Mon, 8 Feb 2010 22:33:17 +0000</customfieldvalue>

                        </customfieldvalues>
                    </customfield>
                                                                                                                                                                                                                                                                                                                                                                                                                                            <customfield id="customfield_12310420" key="com.pyxis.greenhopper.jira:gh-global-rank">
                        <customfieldname>Global Rank</customfieldname>
                        <customfieldvalues>
                            <customfieldvalue>73072</customfieldvalue>
                        </customfieldvalues>
                    </customfield>
                                                                <customfield id="customfield_12310191" key="com.atlassian.jira.plugin.system.customfieldtypes:multicheckboxes">
                        <customfieldname>Hadoop Flags</customfieldname>
                        <customfieldvalues>
                                <customfieldvalue key="10343"><![CDATA[Reviewed]]></customfieldvalue>
    
                        </customfieldvalues>
                    </customfield>
                                                                                                                        <customfield id="customfield_12312521" key="com.atlassian.jira.toolkit:LastCommentDate">
                        <customfieldname>Last public comment date</customfieldname>
                        <customfieldvalues>
                            6 years, 43 weeks, 3 days ago
                        </customfieldvalues>
                    </customfield>
                                                                                            <customfield id="customfield_12311820" key="com.pyxis.greenhopper.jira:gh-lexo-rank">
                        <customfieldname>Rank</customfieldname>
                        <customfieldvalues>
                            <customfieldvalue>0|i0ldm7:</customfieldvalue>

                        </customfieldvalues>
                    </customfield>
                                                                <customfield id="customfield_12310920" key="com.pyxis.greenhopper.jira:gh-global-rank">
                        <customfieldname>Rank (Obsolete)</customfieldname>
                        <customfieldvalues>
                            <customfieldvalue>122856</customfieldvalue>
                        </customfieldvalues>
                    </customfield>
                                                                <customfield id="customfield_12310192" key="com.atlassian.jira.plugin.system.customfieldtypes:textarea">
                        <customfieldname>Release Note</customfieldname>
                        <customfieldvalues>
                            <customfieldvalue>Remove recursive call in FetchOperator.getNextRow</customfieldvalue>

                        </customfieldvalues>
                    </customfield>
                                                                                                                                                                                                                                                                                                <customfield id="customfield_12310222" key="com.atlassian.jira.ext.charting:timeinstatus">
                        <customfieldname>Time in Status</customfieldname>
                        <customfieldvalues>
                            
                        </customfieldvalues>
                    </customfield>
                                                                                                                        </customfields>
    </item>
</channel>
</rss>