<!-- 
RSS generated by JIRA (6.3.4#6332-sha1:51bc225ef474afe3128b2f66878477f322397b16) at Sat Dec 03 23:04:32 UTC 2016

It is possible to restrict the fields that are returned in this document by specifying the 'field' parameter in your request.
For example, to request only the issue key and summary add field=key&field=summary to the URL of your request.
For example:
https://issues.apache.org/jira/si/jira.issueviews:issue-xml/HIVE-1157/HIVE-1157.xml?field=key&amp;field=summary
-->
<rss version="0.92" >
<channel>
    <title>ASF JIRA</title>
    <link>https://issues.apache.org/jira</link>
    <description>This file is an XML representation of an issue</description>
    <language>en-uk</language>    <build-info>
        <version>6.3.4</version>
        <build-number>6332</build-number>
        <build-date>15-08-2014</build-date>
    </build-info>

<item>
            <title>[HIVE-1157] UDFs can&apos;t be loaded via &quot;add jar&quot; when jar is on HDFS</title>
                <link>https://issues.apache.org/jira/browse/HIVE-1157</link>
                <project id="12310843" key="HIVE">Hive</project>
                    <description>&lt;p&gt;As discussed on the mailing list, it would be nice if you could use UDFs that are on jars on HDFS.  The proposed implementation would be for &quot;add jar&quot; to recognize that the target file is on HDFS, copy it locally, and load it into the classpath.&lt;/p&gt;

&lt;blockquote&gt;
&lt;p&gt;Hi folks,&lt;/p&gt;

&lt;p&gt;I have a quick question about UDF support in Hive.  I&apos;m on the 0.5 branch.  Can you use a UDF where the jar which contains the function is on HDFS, and not on the local filesystem.  Specifically, the following does not seem to work:&lt;/p&gt;

&lt;ol&gt;
	&lt;li&gt;This is Hive 0.5, from svn&lt;br/&gt;
$bin/hive                                              &lt;br/&gt;
Hive history file=/tmp/philip/hive_job_log_philip_201002081541_370227273.txt&lt;br/&gt;
hive&amp;gt; add jar hdfs://localhost/FooTest.jar;                                                  &lt;br/&gt;
Added hdfs://localhost/FooTest.jar to class path&lt;br/&gt;
hive&amp;gt; create temporary function cube as &apos;com.cloudera.FooTestUDF&apos;;                    &lt;br/&gt;
FAILED: Execution Error, return code 1 from org.apache.hadoop.hive.ql.exec.FunctionTask&lt;/li&gt;
&lt;/ol&gt;


&lt;p&gt;Does this work for other people?  I could probably fix it by changing &quot;add jar&quot; to download remote jars locally, when necessary (to load them into the classpath), or update URLClassLoader (or whatever is underneath there) to read directly from HDFS, which seems a bit more fragile.  But I wanted to make sure that my interpretation of what&apos;s going on is right before I have at it.&lt;/p&gt;

&lt;p&gt;Thanks,&lt;/p&gt;

&lt;p&gt;&amp;#8211; Philip&lt;/p&gt;&lt;/blockquote&gt;

&lt;blockquote&gt;
&lt;p&gt;Yes that&apos;s correct. I prefer to download the jars in &quot;add jar&quot;.&lt;/p&gt;

&lt;p&gt;Zheng&lt;/p&gt;&lt;/blockquote&gt;</description>
                <environment></environment>
        <key id="12455979">HIVE-1157</key>
            <summary>UDFs can&apos;t be loaded via &quot;add jar&quot; when jar is on HDFS</summary>
                <type id="4" iconUrl="https://issues.apache.org/jira/images/icons/issuetypes/improvement.png">Improvement</type>
                                            <priority id="4" iconUrl="https://issues.apache.org/jira/images/icons/priorities/minor.png">Minor</priority>
                        <status id="5" iconUrl="https://issues.apache.org/jira/images/icons/statuses/resolved.png" description="A resolution has been taken, and it is awaiting verification by reporter. From here issues are either reopened, or are closed.">Resolved</status>
                    <statusCategory id="3" key="done" colorName="green"/>
                                    <resolution id="3">Duplicate</resolution>
                                        <assignee username="-1">Unassigned</assignee>
                                    <reporter username="philip">Philip Zeyliger</reporter>
                        <labels>
                    </labels>
                <created>Thu, 11 Feb 2010 02:19:58 +0000</created>
                <updated>Fri, 1 Oct 2010 18:53:47 +0000</updated>
                            <resolved>Fri, 1 Oct 2010 18:53:47 +0000</resolved>
                                                                    <component>Query Processor</component>
                        <due></due>
                            <votes>0</votes>
                                    <watches>4</watches>
                                                                <comments>
                            <comment id="12832381" author="appodictic" created="Thu, 11 Feb 2010 04:29:36 +0000"  >&lt;p&gt;Removing local file dependencies is much cleaner.&lt;/p&gt;</comment>
                            <comment id="12832389" author="philip" created="Thu, 11 Feb 2010 06:11:09 +0000"  >&lt;p&gt;Edward,&lt;/p&gt;

&lt;p&gt;I&apos;m not sure what you mean.&lt;/p&gt;

&lt;p&gt;&amp;#8211; Philip&lt;/p&gt;</comment>
                            <comment id="12832554" author="appodictic" created="Thu, 11 Feb 2010 16:42:15 +0000"  >&lt;p&gt;Sorry about that. I am not sure if I had an incomplete thought, or I cut half my message.&lt;/p&gt;

&lt;p&gt;In any case, I like your idea of bringing jars into HDFS. The fact that the jar file has to live on the local filesystem where the job is launched from is very constraining. You can not leverage your Distributed File System. The same can be said for SerDe&apos;s. Maybe these files should live on HDFS in the warehouse directory somehow.&lt;/p&gt;

&lt;p&gt;+1 on your thinking&lt;/p&gt;</comment>
                            <comment id="12840329" author="philip" created="Tue, 2 Mar 2010 21:10:14 +0000"  >&lt;p&gt;This patch changes SessionState.java to copy jar resources locally, if they&apos;re not local already.&lt;/p&gt;

&lt;p&gt;Because I had to manage additional per-resource state (namely, the location of the local copy, so that it can be cleaned up), I modified the ResourceType enum to be simply an enum, and now there is one ResourceHook object per resource, not per resource type.  I changed the container map to be an EnumMap.&lt;/p&gt;

&lt;p&gt;It turns out that you can&apos;t specify an HDFS path to &quot;-libjars&quot;, so I had to also modify ExecDriver.java to call a special method when it&apos;s getting jar resources.&lt;/p&gt;

&lt;p&gt;I would appreciate some guidance on how to test this best.  So far, I&apos;ve manually done the following steps:&lt;/p&gt;
&lt;div class=&quot;preformatted panel&quot; style=&quot;border-width: 1px;&quot;&gt;&lt;div class=&quot;preformattedContent panelContent&quot;&gt;
&lt;pre&gt;create table t (x int);
# Create a file with &quot;1\n2\n3\n&quot; as /tmp/a.
load data local inpath &apos;/tmp/a&apos; into table t;
add jar hdfs://localhost:8020/Test.jar;
create temporary function cube as &apos;org.apache.hive.test.CubeSampleUDF&apos;;  # I wrote this
select cube(x) from t;
&lt;/pre&gt;
&lt;/div&gt;&lt;/div&gt;
&lt;p&gt;What else would it be reasonable for me to do?  It looks like there&apos;s no DFS in the test environment.  I might be able to register an ad-hoc file system implementation of some sort or use mockito or some such...  What do you recommend?&lt;/p&gt;

&lt;p&gt;I&apos;m running the existing tests to make sure that I haven&apos;t broken anything.  These seem to take a while, so I&apos;ll report back.&lt;/p&gt;</comment>
                            <comment id="12840332" author="appodictic" created="Tue, 2 Mar 2010 21:31:28 +0000"  >&lt;p&gt;Very cool. I will take a look at this.&lt;/p&gt;

&lt;p&gt;Even though the Hive Test Cases are abstracted, I believe you can use the DFS/ MiniMRCluster. Since the hive class path inherits the Hadoop one. If i understand your problem you might be able to do this:&lt;/p&gt;

&lt;div class=&quot;preformatted panel&quot; style=&quot;border-width: 1px;&quot;&gt;&lt;div class=&quot;preformattedContent panelContent&quot;&gt;
&lt;pre&gt;dfs -put your.jar /wherever
add jar hdfs://localhost:8020/wherever/your.jar;
&lt;/pre&gt;
&lt;/div&gt;&lt;/div&gt;</comment>
                            <comment id="12841987" author="philip" created="Fri, 5 Mar 2010 19:40:57 +0000"  >&lt;p&gt;Has anyone had a chance to look at this?  Would appreciate the feedback!&lt;/p&gt;

&lt;p&gt;Thanks!&lt;/p&gt;</comment>
                            <comment id="12842013" author="appodictic" created="Fri, 5 Mar 2010 20:41:09 +0000"  >&lt;p&gt;Philip, I will apply test the code tonight. In the mean time I do not see a unit test .q file. &lt;/p&gt;

&lt;p&gt;Since the test target happens after the build target you can possibly bundle up CubeSampleUDF into a jar file and write a .q file &lt;/p&gt;

&lt;p&gt;Then you can put your test code in a .q file. You can take a look at :&lt;/p&gt;

&lt;p&gt;*contrib/src/test/queries/clientpositive/udf_example_add.q &lt;br/&gt;
*contrib/src/test/queries/clientpositive/dboutput.q&lt;/p&gt;

&lt;p&gt;These both show how to test a UDF that is not hard coded into the FunctionRegistry&lt;/p&gt;</comment>
                            <comment id="12846048" author="philip" created="Tue, 16 Mar 2010 18:16:41 +0000"  >&lt;p&gt;I&apos;ve uploaded a new patch with a bug fix (wasn&apos;t unregistering the jars correctly) and with a test.&lt;/p&gt;

&lt;p&gt;The test starts a MiniDFSCluster and runs add jar and delete jar explicitly, without using the &quot;.q&quot; framework.  I felt this was the best way to test just the new behavior.&lt;/p&gt;</comment>
                            <comment id="12848218" author="philip" created="Mon, 22 Mar 2010 17:33:06 +0000"  >&lt;p&gt;Anyone care to take a look?&lt;/p&gt;</comment>
                            <comment id="12848242" author="appodictic" created="Mon, 22 Mar 2010 17:57:09 +0000"  >&lt;p&gt;Looking at this now. One quick thing is you generated the patch from ql not from the trunk so you need to regenerate.&lt;/p&gt;</comment>
                            <comment id="12848261" author="appodictic" created="Mon, 22 Mar 2010 18:16:26 +0000"  >
&lt;div class=&quot;preformatted panel&quot; style=&quot;border-width: 1px;&quot;&gt;&lt;div class=&quot;preformattedContent panelContent&quot;&gt;
&lt;pre&gt;[edward@ec hive]$ ant -Dtestcase=TestAddJarFromHDFS test

&amp;lt;testcase classname=&quot;org.apache.hadoop.hive.ql.session.TestAddJarFromHDFS&quot; name=&quot;testAddJarFromHDFS&quot; time=&quot;6.73&quot;&amp;gt;
    &amp;lt;error type=&quot;java.lang.NullPointerException&quot;&amp;gt;java.lang.NullPointerException
	at org.apache.hadoop.hive.ql.session.SessionState$JarResourceHook.preHook(SessionState.java:391)
	at org.apache.hadoop.hive.ql.session.SessionState.add_resource(SessionState.java:474)
	at org.apache.hadoop.hive.ql.processors.AddResourceProcessor.run(AddResourceProcessor.java:52)
	at org.apache.hadoop.hive.cli.CliDriver.processCmd(CliDriver.java:173)
	at org.apache.hadoop.hive.ql.session.TestAddJarFromHDFS.testAddJarFromHDFS(TestAddJarFromHDFS.java:71)
	at sun.reflect.NativeMethodAccessorImpl.invoke0(Native Method)
	at sun.reflect.NativeMethodAccessorImpl.invoke(NativeMethodAccessorImpl.java:39)
	at sun.reflect.DelegatingMethodAccessorImpl.invoke(DelegatingMethodAccessorImpl.java:25)
	at java.lang.reflect.Method.invoke(Method.java:597)
	at junit.framework.TestCase.runTest(TestCase.java:154)
	at junit.framework.TestCase.runBare(TestCase.java:127)
	at junit.framework.TestResult$1.protect(TestResult.java:106)
	at junit.framework.TestResult.runProtected(TestResult.java:124)
	at junit.framework.TestResult.run(TestResult.java:109)
	at junit.framework.TestCase.run(TestCase.java:118)
	at junit.framework.TestSuite.runTest(TestSuite.java:208)
	at junit.framework.TestSuite.run(TestSuite.java:203)
	at org.apache.tools.ant.taskdefs.optional.junit.JUnitTestRunner.run(JUnitTestRunner.java:422)
	at org.apache.tools.ant.taskdefs.optional.junit.JUnitTestRunner.launch(JUnitTestRunner.java:931)
	at org.apache.tools.ant.taskdefs.optional.junit.JUnitTestRunner.main(JUnitTestRunner.java:785)
&amp;lt;/error&amp;gt;
  &amp;lt;/testcase&amp;gt;
  &amp;lt;system-out&amp;gt;&amp;lt;![CDATA[Starting DataNode 0 with dfs.data.dir: build/test/data/dfs/data/data1,build/test/data/dfs/data/data2
]]&amp;gt;&amp;lt;/system-out&amp;gt;
  &amp;lt;system-err&amp;gt;&amp;lt;![CDATA[Waiting for the Mini HDFS Cluster to start...
]]&amp;gt;&amp;lt;/system-err&amp;gt;
&amp;lt;/testsuite&amp;gt;
&lt;/pre&gt;
&lt;/div&gt;&lt;/div&gt;

&lt;div class=&quot;preformatted panel&quot; style=&quot;border-width: 1px;&quot;&gt;&lt;div class=&quot;preformattedContent panelContent&quot;&gt;
&lt;pre&gt;String jarURI = fs.getUri().toString() + &quot;/addJarFromHdfs.jar&quot;;
 int ret = cliDriver.processCmd(&quot;ADD JAR &quot; + jarURI);
&lt;/pre&gt;
&lt;/div&gt;&lt;/div&gt;

&lt;p&gt;This is a clean checkout and build. I will try to trace this down more.&lt;/p&gt;</comment>
                            <comment id="12848336" author="philip" created="Mon, 22 Mar 2010 21:07:44 +0000"  >&lt;p&gt;Ed,&lt;/p&gt;

&lt;p&gt;Indeed, I&apos;ve been able to reproduce that.  I traced it down to some bad error handling when scratch_dir doesn&apos;t exist.  The new patch creates a scratch dir if it doesn&apos;t already exist, and adds an if/else to make sure localFile.delete() isn&apos;t called if localFile is null.&lt;/p&gt;

&lt;p&gt;Sorry about that.  I&apos;m not sure whether something changed between when I created the patch and now on trunk to change how the scratchdir works, or if I had the scratch dir craeted by other tests in my local checkout.  Either way, this should fix it.&lt;/p&gt;

&lt;p&gt;Thanks!&lt;/p&gt;</comment>
                            <comment id="12848790" author="appodictic" created="Tue, 23 Mar 2010 16:38:04 +0000"  >&lt;p&gt;Phillip,&lt;/p&gt;

&lt;p&gt;1) You are generating your patch from the ql subdirectory. For the final commit you have to generate it from the build root.&lt;/p&gt;

&lt;p&gt;2) I tried this on a cluster with a local job tracker, and local (psudeo-distributed) running namenode and datanode. It did not run. I am attaching the output.&lt;/p&gt;</comment>
                            <comment id="12850628" author="philip" created="Sun, 28 Mar 2010 04:02:43 +0000"  >&lt;p&gt;Edward,&lt;/p&gt;

&lt;p&gt;I&apos;m having trouble reproducing the error you&apos;re seeing.&lt;/p&gt;

&lt;blockquote&gt;

&lt;p&gt;create temporary function geoip as &apos;com.jointhegrid.hive.udf.GenericUDFGeoIP&apos;;&lt;/p&gt;

&lt;p&gt;hive&amp;gt; select geoip(theIp ,&apos;COUNTRY_NAME&apos;, &apos;./GeoLiteCity.dat.gz&apos; ) from ip ; &lt;br/&gt;
java.lang.ClassNotFoundException: com.jointhegrid.hive.udf.GenericUDFGeoIP&lt;br/&gt;
Continuing ...&lt;/p&gt;&lt;/blockquote&gt;

&lt;p&gt;On my machine, if I create temporary function with a class name that doesn&apos;t exist, it fails.  So it makes no sense to me that &quot;create temporary function&quot; is succeeding, but then it&apos;s immediately not finding it.  Do you have any theories on what&apos;s going on?  Can you try to run it with debug on?&lt;/p&gt;

&lt;p&gt;Thanks!&lt;/p&gt;</comment>
                            <comment id="12902208" author="cwsteinbach" created="Wed, 25 Aug 2010 00:33:40 +0000"  >&lt;p&gt;Hi Philip, please rebase the patch and I will take a look. Thanks.&lt;/p&gt;</comment>
                            <comment id="12915362" author="philip" created="Mon, 27 Sep 2010 17:06:40 +0000"  >&lt;p&gt;Carl,&lt;/p&gt;

&lt;p&gt;I updated the patch to current trunk.&lt;/p&gt;</comment>
                            <comment id="12915384" author="cwsteinbach" created="Mon, 27 Sep 2010 17:38:39 +0000"  >&lt;p&gt;Attaching an updated version of Phil&apos;s patch that applies cleanly with -p0&lt;/p&gt;</comment>
                            <comment id="12915469" author="namit" created="Mon, 27 Sep 2010 20:39:58 +0000"  >&lt;p&gt;This is good to have - I will take a look&lt;/p&gt;</comment>
                            <comment id="12915619" author="namit" created="Tue, 28 Sep 2010 05:27:48 +0000"  >&lt;p&gt;The changes looked good, but I got the following error:&lt;/p&gt;

&lt;p&gt;    &lt;span class=&quot;error&quot;&gt;&amp;#91;junit&amp;#93;&lt;/span&gt; Begin query: alter1.q&lt;br/&gt;
    &lt;span class=&quot;error&quot;&gt;&amp;#91;junit&amp;#93;&lt;/span&gt; diff -a -I file: -I pfile: -I hdfs: -I /tmp/ -I invalidscheme: -I lastUpdateTime -I lastAccessTime -I &lt;span class=&quot;error&quot;&gt;&amp;#91;Oo&amp;#93;&lt;/span&gt;wner -I CreateTime -I LastAccessTime -I Location -I transient_lastDdlTime -I last_modified_ -I java.lang.RuntimeException -I at org -I at sun -I at java -I at junit -I Caused by: -I &lt;span class=&quot;error&quot;&gt;&amp;#91;.&amp;#93;&lt;/span&gt;&lt;span class=&quot;error&quot;&gt;&amp;#91;.&amp;#93;&lt;/span&gt;&lt;span class=&quot;error&quot;&gt;&amp;#91;.&amp;#93;&lt;/span&gt; &lt;span class=&quot;error&quot;&gt;&amp;#91;0-9&amp;#93;&lt;/span&gt;* more /data/users/njain/hive_commit2/hive_commit2/build/ql/test/logs/clientpositive/alter1.q.out /data/users/njain/hive_commit2/hive_commit2/ql/src/test/results/clientpositive/alter1.q.out&lt;br/&gt;
    &lt;span class=&quot;error&quot;&gt;&amp;#91;junit&amp;#93;&lt;/span&gt; 778d777&lt;br/&gt;
    &lt;span class=&quot;error&quot;&gt;&amp;#91;junit&amp;#93;&lt;/span&gt; &amp;lt; Resource ../data/files/TestSerDe.jar already added.&lt;/p&gt;


&lt;p&gt;Philip, can you take care of that ?&lt;/p&gt;</comment>
                            <comment id="12916956" author="philip" created="Fri, 1 Oct 2010 17:11:21 +0000"  >&lt;p&gt;Namit,&lt;/p&gt;

&lt;p&gt;Thanks for the review.  I&apos;ve fixed the test failures.  The one you pointed out was a missing log line from the results.  And there was a second one having to do with relative paths.&lt;/p&gt;

&lt;p&gt;Oddly enough, however, when I tried to bring the changes up to current trunk, it turned out that &lt;a href=&quot;https://issues.apache.org/jira/browse/HIVE-1624&quot; title=&quot;Patch to allows scripts in S3 location&quot; class=&quot;issue-link&quot; data-issue-key=&quot;HIVE-1624&quot;&gt;&lt;del&gt;HIVE-1624&lt;/del&gt;&lt;/a&gt; conflicted, and, when I looked at it, it turns out to supply the same feature as this patch.  I&apos;ll upload the fixed patch for posterity, but it looks like this issue is no longer necessary.&lt;/p&gt;

&lt;p&gt;&amp;#8211; Philip&lt;/p&gt;</comment>
                    </comments>
                <issuelinks>
                            <issuelinktype id="12310000">
                    <name>Duplicate</name>
                                            <outwardlinks description="duplicates">
                                        <issuelink>
            <issuekey id="12473631">HIVE-1624</issuekey>
        </issuelink>
                            </outwardlinks>
                                                        </issuelinktype>
                    </issuelinks>
                <attachments>
                            <attachment id="12439499" name="HIVE-1157.patch.v3.txt" size="16098" author="philip" created="Mon, 22 Mar 2010 21:07:44 +0000"/>
                            <attachment id="12455674" name="HIVE-1157.patch.v4.txt" size="16007" author="philip" created="Mon, 27 Sep 2010 17:06:39 +0000"/>
                            <attachment id="12455678" name="HIVE-1157.patch.v5.txt" size="15985" author="cwsteinbach" created="Mon, 27 Sep 2010 17:38:39 +0000"/>
                            <attachment id="12456138" name="HIVE-1157.patch.v6.txt" size="17064" author="philip" created="Fri, 1 Oct 2010 17:12:33 +0000"/>
                            <attachment id="12438945" name="HIVE-1157.v2.patch.txt" size="15927" author="philip" created="Tue, 16 Mar 2010 18:16:41 +0000"/>
                            <attachment id="12437645" name="hive-1157.patch.txt" size="11130" author="philip" created="Tue, 2 Mar 2010 21:10:13 +0000"/>
                            <attachment id="12439588" name="output.txt" size="12702" author="appodictic" created="Tue, 23 Mar 2010 16:39:12 +0000"/>
                    </attachments>
                <subtasks>
                    </subtasks>
                <customfields>
                                                <customfield id="customfield_12310310" key="com.atlassian.jira.toolkit:attachments">
                        <customfieldname>Attachment count</customfieldname>
                        <customfieldvalues>
                            <customfieldvalue>7.0</customfieldvalue>
                        </customfieldvalues>
                    </customfield>
                                                                                                                                                                                                                                                                                                                                                                                                                                                                                                                                <customfield id="customfield_12310220" key="com.atlassian.jira.ext.charting:firstresponsedate">
                        <customfieldname>Date of First Response</customfieldname>
                        <customfieldvalues>
                            <customfieldvalue>Thu, 11 Feb 2010 04:29:36 +0000</customfieldvalue>

                        </customfieldvalues>
                    </customfield>
                                                                                                                                                                                                                                                                                                                                                                                                                                            <customfield id="customfield_12310420" key="com.pyxis.greenhopper.jira:gh-global-rank">
                        <customfieldname>Global Rank</customfieldname>
                        <customfieldvalues>
                            <customfieldvalue>73061</customfieldvalue>
                        </customfieldvalues>
                    </customfield>
                                                                                                                                                    <customfield id="customfield_12312521" key="com.atlassian.jira.toolkit:LastCommentDate">
                        <customfieldname>Last public comment date</customfieldname>
                        <customfieldvalues>
                            6 years, 10 weeks, 1 day ago
                        </customfieldvalues>
                    </customfield>
                                                                                            <customfield id="customfield_12311820" key="com.pyxis.greenhopper.jira:gh-lexo-rank">
                        <customfieldname>Rank</customfieldname>
                        <customfieldvalues>
                            <customfieldvalue>0|i0ldp3:</customfieldvalue>

                        </customfieldvalues>
                    </customfield>
                                                                <customfield id="customfield_12310920" key="com.pyxis.greenhopper.jira:gh-global-rank">
                        <customfieldname>Rank (Obsolete)</customfieldname>
                        <customfieldvalues>
                            <customfieldvalue>122869</customfieldvalue>
                        </customfieldvalues>
                    </customfield>
                                                                                                                                                                                                                                                                                                                            <customfield id="customfield_12310222" key="com.atlassian.jira.ext.charting:timeinstatus">
                        <customfieldname>Time in Status</customfieldname>
                        <customfieldvalues>
                            
                        </customfieldvalues>
                    </customfield>
                                                                                                                        </customfields>
    </item>
</channel>
</rss>