<!-- 
RSS generated by JIRA (6.3.4#6332-sha1:51bc225ef474afe3128b2f66878477f322397b16) at Sat Dec 03 00:53:23 UTC 2016

It is possible to restrict the fields that are returned in this document by specifying the 'field' parameter in your request.
For example, to request only the issue key and summary add field=key&field=summary to the URL of your request.
For example:
https://issues.apache.org/jira/si/jira.issueviews:issue-xml/HIVE-1261/HIVE-1261.xml?field=key&amp;field=summary
-->
<rss version="0.92" >
<channel>
    <title>ASF JIRA</title>
    <link>https://issues.apache.org/jira</link>
    <description>This file is an XML representation of an issue</description>
    <language>en-uk</language>    <build-info>
        <version>6.3.4</version>
        <build-number>6332</build-number>
        <build-date>15-08-2014</build-date>
    </build-info>

<item>
            <title>[HIVE-1261] ql.metadata.Hive#close() should check for null metaStoreClient</title>
                <link>https://issues.apache.org/jira/browse/HIVE-1261</link>
                <project id="12310843" key="HIVE">Hive</project>
                    <description>&lt;p&gt;&lt;tt&gt;ql.metadata.Hive#close()&lt;/tt&gt; always does a &lt;tt&gt;metaStoreClient.close()&lt;/tt&gt;, even though it might be null.&lt;/p&gt;

&lt;p&gt;I&apos;d like to reuse the same thread for multiple queries from different users. Since it&apos;s a different user, &lt;tt&gt;HiveConf&lt;/tt&gt; has a new ugi. But it&apos;s not easy to get rid of (or update) the cached &lt;tt&gt;ql.metadata.Hive&lt;/tt&gt;. The cleanest way seems to be &lt;tt&gt;Hive.closeCurrent()&lt;/tt&gt;, which unfortunately doesn&apos;t check for the &lt;tt&gt;metaStoreClient&lt;/tt&gt; being &lt;tt&gt;null&lt;/tt&gt;.&lt;/p&gt;</description>
                <environment></environment>
        <key id="12459746">HIVE-1261</key>
            <summary>ql.metadata.Hive#close() should check for null metaStoreClient</summary>
                <type id="1" iconUrl="https://issues.apache.org/jira/images/icons/issuetypes/bug.png">Bug</type>
                                            <priority id="3" iconUrl="https://issues.apache.org/jira/images/icons/priorities/major.png">Major</priority>
                        <status id="6" iconUrl="https://issues.apache.org/jira/images/icons/statuses/closed.png" description="The issue is considered finished, the resolution is correct. Issues which are closed can be reopened.">Closed</status>
                    <statusCategory id="3" key="done" colorName="green"/>
                                    <resolution id="1">Fixed</resolution>
                                        <assignee username="bcwalrus">bc Wong</assignee>
                                    <reporter username="bcwalrus">bc Wong</reporter>
                        <labels>
                    </labels>
                <created>Sat, 20 Mar 2010 09:05:16 +0000</created>
                <updated>Sat, 17 Dec 2011 00:03:23 +0000</updated>
                            <resolved>Tue, 23 Mar 2010 18:48:03 +0000</resolved>
                                                    <fixVersion>0.6.0</fixVersion>
                                    <component>Query Processor</component>
                        <due></due>
                            <votes>0</votes>
                                    <watches>4</watches>
                                                                <comments>
                            <comment id="12847750" author="bcwalrus" created="Sat, 20 Mar 2010 09:11:04 +0000"  >&lt;p&gt;The new test in the patch would currently fail.&lt;/p&gt;</comment>
                            <comment id="12848345" author="bcwalrus" created="Mon, 22 Mar 2010 21:25:24 +0000"  >&lt;p&gt;Attaching &lt;a href=&quot;https://issues.apache.org/jira/browse/HIVE-1261&quot; title=&quot;ql.metadata.Hive#close() should check for null metaStoreClient&quot; class=&quot;issue-link&quot; data-issue-key=&quot;HIVE-1261&quot;&gt;&lt;del&gt;HIVE-1261&lt;/del&gt;&lt;/a&gt;-2.patch, which fixes some style issues.&lt;/p&gt;</comment>
                            <comment id="12848378" author="cwsteinbach" created="Mon, 22 Mar 2010 21:53:13 +0000"  >&lt;p&gt;+1 Looks good to me.&lt;/p&gt;</comment>
                            <comment id="12848824" author="namit" created="Tue, 23 Mar 2010 17:57:42 +0000"  >&lt;p&gt;will commit after the tests pass&lt;/p&gt;</comment>
                            <comment id="12848846" author="namit" created="Tue, 23 Mar 2010 18:48:03 +0000"  >&lt;p&gt;Committed. Thanks bc Wong&lt;/p&gt;</comment>
                    </comments>
                    <attachments>
                            <attachment id="12439359" name="HIVE-1261-1.patch" size="1369" author="bcwalrus" created="Sat, 20 Mar 2010 09:09:00 +0000"/>
                            <attachment id="12439505" name="HIVE-1261-2.patch" size="1389" author="bcwalrus" created="Mon, 22 Mar 2010 21:25:24 +0000"/>
                    </attachments>
                <subtasks>
                    </subtasks>
                <customfields>
                                                <customfield id="customfield_12310310" key="com.atlassian.jira.toolkit:attachments">
                        <customfieldname>Attachment count</customfieldname>
                        <customfieldvalues>
                            <customfieldvalue>2.0</customfieldvalue>
                        </customfieldvalues>
                    </customfield>
                                                                                                                                                                                                                                                                                                                                                                                                                                                                                                                                <customfield id="customfield_12310220" key="com.atlassian.jira.ext.charting:firstresponsedate">
                        <customfieldname>Date of First Response</customfieldname>
                        <customfieldvalues>
                            <customfieldvalue>Mon, 22 Mar 2010 21:53:13 +0000</customfieldvalue>

                        </customfieldvalues>
                    </customfield>
                                                                                                                                                                                                                                                                                                                                                                                                                                            <customfield id="customfield_12310420" key="com.pyxis.greenhopper.jira:gh-global-rank">
                        <customfieldname>Global Rank</customfieldname>
                        <customfieldvalues>
                            <customfieldvalue>73009</customfieldvalue>
                        </customfieldvalues>
                    </customfield>
                                                                <customfield id="customfield_12310191" key="com.atlassian.jira.plugin.system.customfieldtypes:multicheckboxes">
                        <customfieldname>Hadoop Flags</customfieldname>
                        <customfieldvalues>
                                <customfieldvalue key="10343"><![CDATA[Reviewed]]></customfieldvalue>
    
                        </customfieldvalues>
                    </customfield>
                                                                                                                        <customfield id="customfield_12312521" key="com.atlassian.jira.toolkit:LastCommentDate">
                        <customfieldname>Last public comment date</customfieldname>
                        <customfieldvalues>
                            6 years, 37 weeks, 3 days ago
                        </customfieldvalues>
                    </customfield>
                                                                                            <customfield id="customfield_12311820" key="com.pyxis.greenhopper.jira:gh-lexo-rank">
                        <customfieldname>Rank</customfieldname>
                        <customfieldvalues>
                            <customfieldvalue>0|i0le7j:</customfieldvalue>

                        </customfieldvalues>
                    </customfield>
                                                                <customfield id="customfield_12310920" key="com.pyxis.greenhopper.jira:gh-global-rank">
                        <customfieldname>Rank (Obsolete)</customfieldname>
                        <customfieldvalues>
                            <customfieldvalue>122952</customfieldvalue>
                        </customfieldvalues>
                    </customfield>
                                                                                                                                                                                                                                                                                                                            <customfield id="customfield_12310222" key="com.atlassian.jira.ext.charting:timeinstatus">
                        <customfieldname>Time in Status</customfieldname>
                        <customfieldvalues>
                            
                        </customfieldvalues>
                    </customfield>
                                                                                                                        </customfields>
    </item>
</channel>
</rss>