<!-- 
RSS generated by JIRA (6.3.4#6332-sha1:51bc225ef474afe3128b2f66878477f322397b16) at Fri Dec 02 06:28:18 UTC 2016

It is possible to restrict the fields that are returned in this document by specifying the 'field' parameter in your request.
For example, to request only the issue key and summary add field=key&field=summary to the URL of your request.
For example:
https://issues.apache.org/jira/si/jira.issueviews:issue-xml/HIVE-12498/HIVE-12498.xml?field=key&amp;field=summary
-->
<rss version="0.92" >
<channel>
    <title>ASF JIRA</title>
    <link>https://issues.apache.org/jira</link>
    <description>This file is an XML representation of an issue</description>
    <language>en-uk</language>    <build-info>
        <version>6.3.4</version>
        <build-number>6332</build-number>
        <build-date>15-08-2014</build-date>
    </build-info>

<item>
            <title>[HIVE-12498] ACID: Setting OrcRecordUpdater.OrcOptions.tableProperties() has no effect</title>
                <link>https://issues.apache.org/jira/browse/HIVE-12498</link>
                <project id="12310843" key="HIVE">Hive</project>
                    <description>&lt;p&gt;OrcRecordUpdater does not honor the  OrcRecordUpdater.OrcOptions.tableProperties()  setting.  &lt;br/&gt;
It would need to translate the specified tableProperties (as listed in OrcTableProperties enum)  to the properties that OrcWriter internally understands (listed in HiveConf.ConfVars).&lt;/p&gt;

&lt;p&gt;This is needed for multiple clients.. like Streaming API and Compactor.&lt;/p&gt;

&lt;div class=&quot;code panel&quot; style=&quot;border-width: 1px;&quot;&gt;&lt;div class=&quot;codeContent panelContent&quot;&gt;
&lt;pre class=&quot;code-java&quot;&gt;
    Properties orcTblProps = ..   &lt;span class=&quot;code-comment&quot;&gt;// get Orc Table Properties from MetaStore;
&lt;/span&gt;    AcidOutputFormat.Options updaterOptions =   &lt;span class=&quot;code-keyword&quot;&gt;new&lt;/span&gt; OrcRecordUpdater.OrcOptions(conf)
                                                     .inspector(..)
                                                     .bucket(..)
                                                     .minimumTransactionId(..)
                                                     .maximumTransactionId(..)
                                                     .tableProperties(orcTblProps); &lt;span class=&quot;code-comment&quot;&gt;// &amp;lt;&amp;lt;== 
&lt;/span&gt;    OrcOutputFormat orcOutput =   &lt;span class=&quot;code-keyword&quot;&gt;new&lt;/span&gt; ...
    orcOutput.getRecordUpdater(partitionPath, updaterOptions );

&lt;/pre&gt;
&lt;/div&gt;&lt;/div&gt;</description>
                <environment></environment>
        <key id="12915591">HIVE-12498</key>
            <summary>ACID: Setting OrcRecordUpdater.OrcOptions.tableProperties() has no effect</summary>
                <type id="1" iconUrl="https://issues.apache.org/jira/images/icons/issuetypes/bug.png">Bug</type>
                                            <priority id="3" iconUrl="https://issues.apache.org/jira/images/icons/priorities/major.png">Major</priority>
                        <status id="6" iconUrl="https://issues.apache.org/jira/images/icons/statuses/closed.png" description="The issue is considered finished, the resolution is correct. Issues which are closed can be reopened.">Closed</status>
                    <statusCategory id="3" key="done" colorName="green"/>
                                    <resolution id="1">Fixed</resolution>
                                        <assignee username="prasanth_j">Prasanth Jayachandran</assignee>
                                    <reporter username="prasanth_j">Prasanth Jayachandran</reporter>
                        <labels>
                            <label>ACID</label>
                            <label>ORC</label>
                    </labels>
                <created>Mon, 23 Nov 2015 21:33:00 +0000</created>
                <updated>Wed, 20 Apr 2016 23:12:47 +0000</updated>
                            <resolved>Wed, 25 Nov 2015 19:49:44 +0000</resolved>
                                    <version>1.3.0</version>
                    <version>2.0.0</version>
                                    <fixVersion>1.3.0</fixVersion>
                    <fixVersion>2.0.0</fixVersion>
                                        <due></due>
                            <votes>0</votes>
                                    <watches>2</watches>
                                                                <comments>
                            <comment id="15023130" author="prasanth_j" created="Mon, 23 Nov 2015 21:39:10 +0000"  >&lt;p&gt;&lt;a href=&quot;https://issues.apache.org/jira/secure/ViewProfile.jspa?name=ekoifman&quot; class=&quot;user-hover&quot; rel=&quot;ekoifman&quot;&gt;Eugene Koifman&lt;/a&gt;/&lt;a href=&quot;https://issues.apache.org/jira/secure/ViewProfile.jspa?name=alangates&quot; class=&quot;user-hover&quot; rel=&quot;alangates&quot;&gt;Alan Gates&lt;/a&gt; Can someone plz take a look at this small patch?&lt;/p&gt;</comment>
                            <comment id="15023556" author="ekoifman" created="Tue, 24 Nov 2015 01:33:59 +0000"  >&lt;p&gt;+1 pending tests&lt;/p&gt;</comment>
                            <comment id="15026243" author="prasanth_j" created="Wed, 25 Nov 2015 05:51:25 +0000"  >&lt;p&gt;Fixed test case to close file and use different file name.&lt;/p&gt;</comment>
                            <comment id="15026774" author="hiveqa" created="Wed, 25 Nov 2015 13:38:30 +0000"  >

&lt;p&gt;Here are the results of testing the latest attachment:&lt;br/&gt;
&lt;a href=&quot;https://issues.apache.org/jira/secure/attachment/12774271/HIVE-12498.2.patch&quot; class=&quot;external-link&quot; rel=&quot;nofollow&quot;&gt;https://issues.apache.org/jira/secure/attachment/12774271/HIVE-12498.2.patch&lt;/a&gt;&lt;/p&gt;

&lt;p&gt;&lt;font color=&quot;green&quot;&gt;SUCCESS:&lt;/font&gt; +1 due to 1 test(s) being added or modified.&lt;/p&gt;

&lt;p&gt;&lt;font color=&quot;red&quot;&gt;ERROR:&lt;/font&gt; -1 due to 27 failed/errored test(s), 9826 tests executed&lt;br/&gt;
&lt;b&gt;Failed tests:&lt;/b&gt;&lt;/p&gt;
&lt;div class=&quot;preformatted panel&quot; style=&quot;border-width: 1px;&quot;&gt;&lt;div class=&quot;preformattedContent panelContent&quot;&gt;
&lt;pre&gt;TestHWISessionManager - did not produce a TEST-*.xml file
TestMiniLlapCliDriver - did not produce a TEST-*.xml file
org.apache.hadoop.hive.cli.TestCliDriver.testCliDriver_insert_values_nonascii
org.apache.hadoop.hive.cli.TestCliDriver.testCliDriver_limit_join_transpose
org.apache.hadoop.hive.cli.TestCliDriver.testCliDriver_schema_evol_orc_acid_mapwork_part
org.apache.hadoop.hive.cli.TestCliDriver.testCliDriver_schema_evol_orc_acid_mapwork_table
org.apache.hadoop.hive.cli.TestCliDriver.testCliDriver_schema_evol_orc_acidvec_mapwork_part
org.apache.hadoop.hive.cli.TestCliDriver.testCliDriver_schema_evol_orc_acidvec_mapwork_table
org.apache.hadoop.hive.cli.TestCliDriver.testCliDriver_schema_evol_orc_nonvec_fetchwork_table
org.apache.hadoop.hive.cli.TestCliDriver.testCliDriver_schema_evol_orc_nonvec_mapwork_table
org.apache.hadoop.hive.cli.TestCliDriver.testCliDriver_schema_evol_orc_vec_mapwork_table
org.apache.hadoop.hive.cli.TestCliDriver.testCliDriver_schema_evol_text_fetchwork_table
org.apache.hadoop.hive.cli.TestCliDriver.testCliDriver_schema_evol_text_mapwork_table
org.apache.hadoop.hive.cli.TestCliDriver.testCliDriver_udaf_corr
org.apache.hadoop.hive.cli.TestHBaseCliDriver.testCliDriver_hbase_queries
org.apache.hadoop.hive.cli.TestMiniTezCliDriver.testCliDriver_schema_evol_orc_acid_mapwork_part
org.apache.hadoop.hive.cli.TestMiniTezCliDriver.testCliDriver_schema_evol_orc_acid_mapwork_table
org.apache.hadoop.hive.cli.TestMiniTezCliDriver.testCliDriver_schema_evol_orc_acidvec_mapwork_part
org.apache.hadoop.hive.cli.TestMiniTezCliDriver.testCliDriver_schema_evol_orc_acidvec_mapwork_table
org.apache.hadoop.hive.cli.TestMiniTezCliDriver.testCliDriver_schema_evol_orc_nonvec_fetchwork_table
org.apache.hadoop.hive.cli.TestMiniTezCliDriver.testCliDriver_schema_evol_orc_nonvec_mapwork_table
org.apache.hadoop.hive.cli.TestMiniTezCliDriver.testCliDriver_schema_evol_orc_vec_mapwork_table
org.apache.hadoop.hive.cli.TestMiniTezCliDriver.testCliDriver_schema_evol_text_fetchwork_table
org.apache.hadoop.hive.cli.TestMiniTezCliDriver.testCliDriver_schema_evol_text_mapwork_table
org.apache.hadoop.hive.cli.TestMiniTezCliDriver.testCliDriver_tez_dynpart_hashjoin_3
org.apache.hadoop.hive.cli.TestNegativeCliDriver.testNegativeCliDriver_authorization_uri_import
org.apache.hive.jdbc.TestSSL.testSSLVersion
&lt;/pre&gt;
&lt;/div&gt;&lt;/div&gt;

&lt;p&gt;Test results: &lt;a href=&quot;http://ec2-174-129-184-35.compute-1.amazonaws.com/jenkins/job/PreCommit-HIVE-TRUNK-Build/6123/testReport&quot; class=&quot;external-link&quot; rel=&quot;nofollow&quot;&gt;http://ec2-174-129-184-35.compute-1.amazonaws.com/jenkins/job/PreCommit-HIVE-TRUNK-Build/6123/testReport&lt;/a&gt;&lt;br/&gt;
Console output: &lt;a href=&quot;http://ec2-174-129-184-35.compute-1.amazonaws.com/jenkins/job/PreCommit-HIVE-TRUNK-Build/6123/console&quot; class=&quot;external-link&quot; rel=&quot;nofollow&quot;&gt;http://ec2-174-129-184-35.compute-1.amazonaws.com/jenkins/job/PreCommit-HIVE-TRUNK-Build/6123/console&lt;/a&gt;&lt;br/&gt;
Test logs: &lt;a href=&quot;http://ec2-174-129-184-35.compute-1.amazonaws.com/logs/PreCommit-HIVE-TRUNK-Build-6123/&quot; class=&quot;external-link&quot; rel=&quot;nofollow&quot;&gt;http://ec2-174-129-184-35.compute-1.amazonaws.com/logs/PreCommit-HIVE-TRUNK-Build-6123/&lt;/a&gt;&lt;/p&gt;

&lt;p&gt;Messages:&lt;/p&gt;
&lt;div class=&quot;preformatted panel&quot; style=&quot;border-width: 1px;&quot;&gt;&lt;div class=&quot;preformattedContent panelContent&quot;&gt;
&lt;pre&gt;Executing org.apache.hive.ptest.execution.TestCheckPhase
Executing org.apache.hive.ptest.execution.PrepPhase
Executing org.apache.hive.ptest.execution.ExecutionPhase
Executing org.apache.hive.ptest.execution.ReportingPhase
Tests exited with: TestsFailedException: 27 tests failed
&lt;/pre&gt;
&lt;/div&gt;&lt;/div&gt;

&lt;p&gt;This message is automatically generated.&lt;/p&gt;

&lt;p&gt;ATTACHMENT ID: 12774271 - PreCommit-HIVE-TRUNK-Build&lt;/p&gt;</comment>
                            <comment id="15027295" author="prasanth_j" created="Wed, 25 Nov 2015 18:05:12 +0000"  >&lt;p&gt;Test failures are not related to this patch. It happening in master as well. &lt;a href=&quot;https://issues.apache.org/jira/browse/HIVE-12520&quot; title=&quot;Fix schema_evol* tests on master&quot; class=&quot;issue-link&quot; data-issue-key=&quot;HIVE-12520&quot;&gt;&lt;del&gt;HIVE-12520&lt;/del&gt;&lt;/a&gt; addresses the test failures.&lt;/p&gt;</comment>
                            <comment id="15027452" author="prasanth_j" created="Wed, 25 Nov 2015 19:43:06 +0000"  >&lt;p&gt;branch-1 patch is little bit more involved as master underwent refactorings that made it easy to pass table properties to writer options. &lt;/p&gt;</comment>
                            <comment id="15027469" author="prasanth_j" created="Wed, 25 Nov 2015 19:49:44 +0000"  >&lt;p&gt;Committed to branch-1 and master&lt;/p&gt;</comment>
                    </comments>
                <issuelinks>
                            <issuelinktype id="10030">
                    <name>Reference</name>
                                                                <inwardlinks description="is related to">
                                        <issuelink>
            <issuekey id="12960517">HIVE-13563</issuekey>
        </issuelink>
                            </inwardlinks>
                                    </issuelinktype>
                    </issuelinks>
                <attachments>
                            <attachment id="12774405" name="HIVE-12498-branch-1.patch" size="9921" author="prasanth_j" created="Wed, 25 Nov 2015 19:43:06 +0000"/>
                            <attachment id="12773909" name="HIVE-12498.1.patch" size="3812" author="prasanth_j" created="Mon, 23 Nov 2015 21:38:00 +0000"/>
                            <attachment id="12774271" name="HIVE-12498.2.patch" size="3852" author="prasanth_j" created="Wed, 25 Nov 2015 05:51:25 +0000"/>
                    </attachments>
                <subtasks>
                    </subtasks>
                <customfields>
                                                <customfield id="customfield_12310310" key="com.atlassian.jira.toolkit:attachments">
                        <customfieldname>Attachment count</customfieldname>
                        <customfieldvalues>
                            <customfieldvalue>3.0</customfieldvalue>
                        </customfieldvalues>
                    </customfield>
                                                                                                                                                                                                                                                                                                                                                                                                                                                                                                                                <customfield id="customfield_12310220" key="com.atlassian.jira.ext.charting:firstresponsedate">
                        <customfieldname>Date of First Response</customfieldname>
                        <customfieldvalues>
                            <customfieldvalue>Tue, 24 Nov 2015 01:33:59 +0000</customfieldvalue>

                        </customfieldvalues>
                    </customfield>
                                                                                                                                                                                                                                                                                                                                                                                                                                            <customfield id="customfield_12310420" key="com.pyxis.greenhopper.jira:gh-global-rank">
                        <customfieldname>Global Rank</customfieldname>
                        <customfieldvalues>
                            <customfieldvalue>9223372036854775807</customfieldvalue>
                        </customfieldvalues>
                    </customfield>
                                                                                                                                                    <customfield id="customfield_12312521" key="com.atlassian.jira.toolkit:LastCommentDate">
                        <customfieldname>Last public comment date</customfieldname>
                        <customfieldvalues>
                            1 year, 1 week, 1 day ago
                        </customfieldvalues>
                    </customfield>
                                                                                            <customfield id="customfield_12311820" key="com.pyxis.greenhopper.jira:gh-lexo-rank">
                        <customfieldname>Rank</customfieldname>
                        <customfieldvalues>
                            <customfieldvalue>0|i2otyf:</customfieldvalue>

                        </customfieldvalues>
                    </customfield>
                                                                <customfield id="customfield_12310920" key="com.pyxis.greenhopper.jira:gh-global-rank">
                        <customfieldname>Rank (Obsolete)</customfieldname>
                        <customfieldvalues>
                            <customfieldvalue>9223372036854775807</customfieldvalue>
                        </customfieldvalues>
                    </customfield>
                                                                                                                                                                                                                                                                    <customfield id="customfield_12310320" key="com.atlassian.jira.plugin.system.customfieldtypes:multiversion">
                        <customfieldname>Target Version/s</customfieldname>
                        <customfieldvalues>
                                <customfieldvalue>12332154</customfieldvalue>
    <customfieldvalue>12332641</customfieldvalue>
    
                        </customfieldvalues>
                    </customfield>
                                                                                            <customfield id="customfield_12310222" key="com.atlassian.jira.ext.charting:timeinstatus">
                        <customfieldname>Time in Status</customfieldname>
                        <customfieldvalues>
                            
                        </customfieldvalues>
                    </customfield>
                                                                                                                        </customfields>
    </item>
</channel>
</rss>