<!-- 
RSS generated by JIRA (6.3.4#6332-sha1:51bc225ef474afe3128b2f66878477f322397b16) at Sat Dec 03 23:34:35 UTC 2016

It is possible to restrict the fields that are returned in this document by specifying the 'field' parameter in your request.
For example, to request only the issue key and summary add field=key&field=summary to the URL of your request.
For example:
https://issues.apache.org/jira/si/jira.issueviews:issue-xml/HIVE-12428/HIVE-12428.xml?field=key&amp;field=summary
-->
<rss version="0.92" >
<channel>
    <title>ASF JIRA</title>
    <link>https://issues.apache.org/jira</link>
    <description>This file is an XML representation of an issue</description>
    <language>en-uk</language>    <build-info>
        <version>6.3.4</version>
        <build-number>6332</build-number>
        <build-date>15-08-2014</build-date>
    </build-info>

<item>
            <title>[HIVE-12428] HiveServer2: Provide an option for HiveServer2 to stream serialized thrift results when they are available</title>
                <link>https://issues.apache.org/jira/browse/HIVE-12428</link>
                <project id="12310843" key="HIVE">Hive</project>
                    <description>&lt;p&gt;Once &lt;a href=&quot;https://issues.apache.org/jira/browse/HIVE-12049&quot; title=&quot;HiveServer2: Provide an option to write serialized thrift objects in final tasks&quot; class=&quot;issue-link&quot; data-issue-key=&quot;HIVE-12049&quot;&gt;&lt;del&gt;HIVE-12049&lt;/del&gt;&lt;/a&gt; is complete, we will have an option on HS2 side to avoid paying the deserialization penalty and simple stream batches of rows on the wire which the *DBC driver can appropriately interpret. This can be done by changing the FetchOperator such that when it has the thrift formatted row sets available, it uses the fastpath. For queries where tasks don&apos;t write thrift rowsets, the current implementation will suffice.&lt;/p&gt;</description>
                <environment></environment>
        <key id="12913495">HIVE-12428</key>
            <summary>HiveServer2: Provide an option for HiveServer2 to stream serialized thrift results when they are available</summary>
                <type id="7" iconUrl="https://issues.apache.org/jira/images/icons/issuetypes/subtask_alternate.png">Sub-task</type>
                            <parent id="12913494">HIVE-12427</parent>
                                    <priority id="3" iconUrl="https://issues.apache.org/jira/images/icons/priorities/major.png">Major</priority>
                        <status id="5" iconUrl="https://issues.apache.org/jira/images/icons/statuses/resolved.png" description="A resolution has been taken, and it is awaiting verification by reporter. From here issues are either reopened, or are closed.">Resolved</status>
                    <statusCategory id="3" key="done" colorName="green"/>
                                    <resolution id="3">Duplicate</resolution>
                                        <assignee username="vgumashta">Vaibhav Gumashta</assignee>
                                    <reporter username="vgumashta">Vaibhav Gumashta</reporter>
                        <labels>
                    </labels>
                <created>Mon, 16 Nov 2015 23:33:14 +0000</created>
                <updated>Fri, 22 Apr 2016 19:31:37 +0000</updated>
                            <resolved>Wed, 17 Feb 2016 10:07:32 +0000</resolved>
                                    <version>2.0.0</version>
                                                        <due></due>
                            <votes>0</votes>
                                    <watches>6</watches>
                                                                <comments>
                            <comment id="15150230" author="vgumashta" created="Wed, 17 Feb 2016 10:07:32 +0000"  >&lt;p&gt;We&apos;ve incorporated the required FetchTask changes in &lt;a href=&quot;https://issues.apache.org/jira/browse/HIVE-12049&quot; title=&quot;HiveServer2: Provide an option to write serialized thrift objects in final tasks&quot; class=&quot;issue-link&quot; data-issue-key=&quot;HIVE-12049&quot;&gt;&lt;del&gt;HIVE-12049&lt;/del&gt;&lt;/a&gt; for easier reviewing. Closing this as dup. &lt;/p&gt;</comment>
                    </comments>
                <issuelinks>
                            <issuelinktype id="10032">
                    <name>Blocker</name>
                                                                <inwardlinks description="is blocked by">
                                        <issuelink>
            <issuekey id="12902817">HIVE-12049</issuekey>
        </issuelink>
                            </inwardlinks>
                                    </issuelinktype>
                    </issuelinks>
                <attachments>
                    </attachments>
                <subtasks>
                    </subtasks>
                <customfields>
                                                <customfield id="customfield_12310310" key="com.atlassian.jira.toolkit:attachments">
                        <customfieldname>Attachment count</customfieldname>
                        <customfieldvalues>
                            <customfieldvalue>0.0</customfieldvalue>
                        </customfieldvalues>
                    </customfield>
                                                                                                                                                                                                                                                                                                                                                                                                                                                                                                                                                                                                                                                                                                                                                                                                                                                                                                                                        <customfield id="customfield_12310420" key="com.pyxis.greenhopper.jira:gh-global-rank">
                        <customfieldname>Global Rank</customfieldname>
                        <customfieldvalues>
                            <customfieldvalue>9223372036854775807</customfieldvalue>
                        </customfieldvalues>
                    </customfield>
                                                                                                                                                    <customfield id="customfield_12312521" key="com.atlassian.jira.toolkit:LastCommentDate">
                        <customfieldname>Last public comment date</customfieldname>
                        <customfieldvalues>
                            41 weeks, 3 days ago
                        </customfieldvalues>
                    </customfield>
                                                                                            <customfield id="customfield_12311820" key="com.pyxis.greenhopper.jira:gh-lexo-rank">
                        <customfieldname>Rank</customfieldname>
                        <customfieldvalues>
                            <customfieldvalue>0|i2oh27:</customfieldvalue>

                        </customfieldvalues>
                    </customfield>
                                                                <customfield id="customfield_12310920" key="com.pyxis.greenhopper.jira:gh-global-rank">
                        <customfieldname>Rank (Obsolete)</customfieldname>
                        <customfieldvalues>
                            <customfieldvalue>9223372036854775807</customfieldvalue>
                        </customfieldvalues>
                    </customfield>
                                                                                                                                                                                                                                                                                                                            <customfield id="customfield_12310222" key="com.atlassian.jira.ext.charting:timeinstatus">
                        <customfieldname>Time in Status</customfieldname>
                        <customfieldvalues>
                            
                        </customfieldvalues>
                    </customfield>
                                                                                                                        </customfields>
    </item>
</channel>
</rss>