<!-- 
RSS generated by JIRA (6.3.4#6332-sha1:51bc225ef474afe3128b2f66878477f322397b16) at Sat Dec 03 23:07:02 UTC 2016

It is possible to restrict the fields that are returned in this document by specifying the 'field' parameter in your request.
For example, to request only the issue key and summary add field=key&field=summary to the URL of your request.
For example:
https://issues.apache.org/jira/si/jira.issueviews:issue-xml/HIVE-10240/HIVE-10240.xml?field=key&amp;field=summary
-->
<rss version="0.92" >
<channel>
    <title>ASF JIRA</title>
    <link>https://issues.apache.org/jira</link>
    <description>This file is an XML representation of an issue</description>
    <language>en-uk</language>    <build-info>
        <version>6.3.4</version>
        <build-number>6332</build-number>
        <build-date>15-08-2014</build-date>
    </build-info>

<item>
            <title>[HIVE-10240] Patch HIVE-9473 breaks KERBEROS</title>
                <link>https://issues.apache.org/jira/browse/HIVE-10240</link>
                <project id="12310843" key="HIVE">Hive</project>
                    <description>&lt;p&gt;The patch from &lt;a href=&quot;https://issues.apache.org/jira/browse/HIVE-9473&quot; title=&quot;sql std auth should disallow built-in udfs that allow any java methods to be called&quot; class=&quot;issue-link&quot; data-issue-key=&quot;HIVE-9473&quot;&gt;&lt;del&gt;HIVE-9473&lt;/del&gt;&lt;/a&gt; introduces a regression. Hive-Server2 does not start properly any more for our config (more or less the bigtop environment)&lt;/p&gt;

&lt;p&gt;sql std auth enabled, enableDoAs disabled, tez enabled, kerberos enabled.&lt;/p&gt;

&lt;p&gt;Problem seems to be that the kerberos ticket is not present when hive-server2 tries first to access HDFS. When &lt;a href=&quot;https://issues.apache.org/jira/browse/HIVE-9473&quot; title=&quot;sql std auth should disallow built-in udfs that allow any java methods to be called&quot; class=&quot;issue-link&quot; data-issue-key=&quot;HIVE-9473&quot;&gt;&lt;del&gt;HIVE-9473&lt;/del&gt;&lt;/a&gt; is reverted getting the ticket is one of the first things hive-server2 does.&lt;/p&gt;


&lt;p&gt;Posting startup of vanilla hive-1.0.0 and startup of a hive-1.0.0 with this commit revoked, where hive-server2 correctly starts.&lt;/p&gt;
&lt;div class=&quot;code panel&quot; style=&quot;border-width: 1px;&quot;&gt;&lt;div class=&quot;codeContent panelContent&quot;&gt;
&lt;pre class=&quot;code-java&quot;&gt;
commit 35582c2065a6b90b003a656bdb3b0ff08b0c35b9
Author: Thejas Nair &amp;lt;thejas@apache.org&amp;gt;
Date:   Fri Jan 30 00:05:50 2015 +0000

    HIVE-9473 : sql std auth should disallow built-in udfs that allow any java methods to be called (Thejas Nair, reviewed by Jason Dere)
    
    git-svn-id: https:&lt;span class=&quot;code-comment&quot;&gt;//svn.apache.org/repos/asf/hive/branches/branch-1.0@1655891 13f79535-47bb-0310-9956-ffa450edef68&lt;/span&gt;
&lt;/pre&gt;
&lt;/div&gt;&lt;/div&gt;
&lt;p&gt;revoked.&lt;/p&gt;


&lt;p&gt;Startup of vanilla hive-1.0.0 hive-server2 &lt;/p&gt;
&lt;div class=&quot;code panel&quot; style=&quot;border-width: 1px;&quot;&gt;&lt;div class=&quot;codeContent panelContent&quot;&gt;
&lt;pre class=&quot;code-java&quot;&gt;
STARTUP_MSG:   build = git:&lt;span class=&quot;code-comment&quot;&gt;//os2-debian80/net/os2-debian80/fs1/olaf/bigtop/output/hive/hive-1.0.0 -r 813996292c9f966109f990127ddd5673cf813125; compiled by &apos;olaf&apos; on Tue Apr 7 09:33:01 CEST 2015
&lt;/span&gt;************************************************************/
2015-04-07 10:23:52,579 INFO  [main]: server.HiveServer2 (HiveServer2.java:startHiveServer2(292)) - Starting HiveServer2
2015-04-07 10:23:53,104 INFO  [main]: metastore.HiveMetaStore (HiveMetaStore.java:newRawStore(556)) - 0: Opening raw store with implemenation class:org.apache.hadoop.hive.metastore.ObjectStore
2015-04-07 10:23:53,135 INFO  [main]: metastore.ObjectStore (ObjectStore.java:initialize(264)) - ObjectStore, initialize called
2015-04-07 10:23:54,775 INFO  [main]: metastore.ObjectStore (ObjectStore.java:getPMF(345)) - Setting MetaStore object pin classes with hive.metastore.cache.pinobjtypes=&quot;Table,StorageDescriptor,SerDeInfo,Pa
rtition,Database,Type,FieldSchema,Order&quot;
2015-04-07 10:23:56,953 INFO  [main]: metastore.MetaStoreDirectSql (MetaStoreDirectSql.java:&amp;lt;init&amp;gt;(132)) - Using direct SQL, underlying DB is DERBY
2015-04-07 10:23:56,954 INFO  [main]: metastore.ObjectStore (ObjectStore.java:setConf(247)) - Initialized ObjectStore
2015-04-07 10:23:57,275 INFO  [main]: metastore.HiveMetaStore (HiveMetaStore.java:createDefaultRoles_core(630)) - Added admin role in metastore
2015-04-07 10:23:57,276 INFO  [main]: metastore.HiveMetaStore (HiveMetaStore.java:createDefaultRoles_core(639)) - Added &lt;span class=&quot;code-keyword&quot;&gt;public&lt;/span&gt; role in metastore
2015-04-07 10:23:58,241 WARN  [main]: ipc.Client (Client.java:run(675)) - Exception encountered &lt;span class=&quot;code-keyword&quot;&gt;while&lt;/span&gt; connecting to the server : javax.security.sasl.SaslException: GSS initiate failed [Caused by GSSException: No valid credentials provided (Mechanism level: Failed to find any Kerberos tgt)]
2015-04-07 10:23:58,248 WARN  [main]: ipc.Client (Client.java:run(675)) - Exception encountered &lt;span class=&quot;code-keyword&quot;&gt;while&lt;/span&gt; connecting to the server : javax.security.sasl.SaslException: GSS initiate failed [Caused by GSSException: No valid credentials provided (Mechanism level: Failed to find any Kerberos tgt)]
2015-04-07 10:23:58,249 INFO  [main]: retry.RetryInvocationHandler (RetryInvocationHandler.java:invoke(140)) - Exception &lt;span class=&quot;code-keyword&quot;&gt;while&lt;/span&gt; invoking getFileInfo of class ClientNamenodeProtocolTranslatorPB over node2.proto.bsi.de/192.168.100.22:8020 after 1 fail over attempts. Trying to fail over immediately.
java.io.IOException: Failed on local exception: java.io.IOException: javax.security.sasl.SaslException: GSS initiate failed [Caused by GSSException: No valid credentials provided (Mechanism level: Failed to find any Kerberos tgt)]; Host Details : local host is: &lt;span class=&quot;code-quote&quot;&gt;&quot;node2.proto.bsi.de/192.168.100.22&quot;&lt;/span&gt;; destination host is: &lt;span class=&quot;code-quote&quot;&gt;&quot;node2.proto.bsi.de&quot;&lt;/span&gt;:8020; 
        at org.apache.hadoop.net.NetUtils.wrapException(NetUtils.java:772)
        at org.apache.hadoop.ipc.Client.call(Client.java:1472)
        at org.apache.hadoop.ipc.Client.call(Client.java:1399)
        at org.apache.hadoop.ipc.ProtobufRpcEngine$Invoker.invoke(ProtobufRpcEngine.java:232)
        at com.sun.proxy.$Proxy14.getFileInfo(Unknown Source)
        at org.apache.hadoop.hdfs.protocolPB.ClientNamenodeProtocolTranslatorPB.getFileInfo(ClientNamenodeProtocolTranslatorPB.java:752)
        at sun.reflect.NativeMethodAccessorImpl.invoke0(Native Method)
        at sun.reflect.NativeMethodAccessorImpl.invoke(NativeMethodAccessorImpl.java:57)
        at sun.reflect.DelegatingMethodAccessorImpl.invoke(DelegatingMethodAccessorImpl.java:43)
        at java.lang.reflect.Method.invoke(Method.java:606)
        at org.apache.hadoop.io.retry.RetryInvocationHandler.invokeMethod(RetryInvocationHandler.java:187)
        at org.apache.hadoop.io.retry.RetryInvocationHandler.invoke(RetryInvocationHandler.java:102)
        at com.sun.proxy.$Proxy15.getFileInfo(Unknown Source)
        at org.apache.hadoop.hdfs.DFSClient.getFileInfo(DFSClient.java:1988)
        at org.apache.hadoop.hdfs.DistributedFileSystem$18.doCall(DistributedFileSystem.java:1118)
        at org.apache.hadoop.hdfs.DistributedFileSystem$18.doCall(DistributedFileSystem.java:1114)
        at org.apache.hadoop.fs.FileSystemLinkResolver.resolve(FileSystemLinkResolver.java:81)
        at org.apache.hadoop.hdfs.DistributedFileSystem.getFileStatus(DistributedFileSystem.java:1114)
        at org.apache.hadoop.fs.FileSystem.exists(FileSystem.java:1400)
        at org.apache.hadoop.hive.ql.session.SessionState.createRootHDFSDir(SessionState.java:520)
        at org.apache.hadoop.hive.ql.session.SessionState.createSessionDirs(SessionState.java:478)
        at org.apache.hadoop.hive.ql.session.SessionState.start(SessionState.java:430)
        at org.apache.hive.service.cli.CLIService.applyAuthorizationConfigPolicy(CLIService.java:123)
        at org.apache.hive.service.cli.CLIService.init(CLIService.java:81)
        at org.apache.hive.service.CompositeService.init(CompositeService.java:59)
        at org.apache.hive.service.server.HiveServer2.init(HiveServer2.java:89)
        at org.apache.hive.service.server.HiveServer2.startHiveServer2(HiveServer2.java:298)
        at org.apache.hive.service.server.HiveServer2.access$400(HiveServer2.java:65)
        at org.apache.hive.service.server.HiveServer2$StartOptionExecutor.execute(HiveServer2.java:508)
        at org.apache.hive.service.server.HiveServer2.main(HiveServer2.java:381)
        at sun.reflect.NativeMethodAccessorImpl.invoke0(Native Method)
        at sun.reflect.NativeMethodAccessorImpl.invoke(NativeMethodAccessorImpl.java:57)
        at sun.reflect.DelegatingMethodAccessorImpl.invoke(DelegatingMethodAccessorImpl.java:43)
        at java.lang.reflect.Method.invoke(Method.java:606)
        at org.apache.hadoop.util.RunJar.run(RunJar.java:221)
        at org.apache.hadoop.util.RunJar.main(RunJar.java:136)
Caused by: java.io.IOException: javax.security.sasl.SaslException: GSS initiate failed [Caused by GSSException: No valid credentials provided (Mechanism level: Failed to find any Kerberos tgt)]
        at org.apache.hadoop.ipc.Client$Connection$1.run(Client.java:680)
        at java.security.AccessController.doPrivileged(Native Method)
        at javax.security.auth.Subject.doAs(Subject.java:415)
&lt;/pre&gt;
&lt;/div&gt;&lt;/div&gt;

&lt;p&gt;And now startup log of reverted patch&lt;/p&gt;
&lt;div class=&quot;code panel&quot; style=&quot;border-width: 1px;&quot;&gt;&lt;div class=&quot;codeContent panelContent&quot;&gt;
&lt;pre class=&quot;code-java&quot;&gt;
2015-04-07 16:38:40,862 INFO  [main]: server.HiveServer2 (HiveServer2.java:startHiveServer2(292)) - Starting HiveServer2
2015-04-07 16:38:41,384 INFO  [main]: security.UserGroupInformation (UserGroupInformation.java:loginUserFromKeytab(938)) - Login successful &lt;span class=&quot;code-keyword&quot;&gt;for&lt;/span&gt; user hive/node2.proto.bsi.de@PROTO.BSI.DE using keytab file /etc/hive.keytab
2015-04-07 16:38:41,384 INFO  [main]: cli.CLIService (CLIService.java:init(100)) - SPNego httpUGI not created, spNegoPrincipal: , ketabFile: 
2015-04-07 16:38:42,044 INFO  [main]: metastore.HiveMetaStore (HiveMetaStore.java:newRawStore(556)) - 0: Opening raw store with implemenation class:org.apache.hadoop.hive.metastore.ObjectStore
2015-04-07 16:38:42,074 INFO  [main]: metastore.ObjectStore (ObjectStore.java:initialize(264)) - ObjectStore, initialize called
2015-04-07 16:38:44,682 INFO  [main]: metastore.ObjectStore (ObjectStore.java:getPMF(345)) - Setting MetaStore object pin classes with hive.metastore.cache.pinobjtypes=&lt;span class=&quot;code-quote&quot;&gt;&quot;Table,StorageDescriptor,SerDeInfo,Partition,Database,Type,FieldSchema,Order&quot;&lt;/span&gt;
2015-04-07 16:38:46,762 INFO  [main]: metastore.MetaStoreDirectSql (MetaStoreDirectSql.java:&amp;lt;init&amp;gt;(132)) - Using direct SQL, underlying DB is DERBY
2015-04-07 16:38:46,762 INFO  [main]: metastore.ObjectStore (ObjectStore.java:setConf(247)) - Initialized ObjectStore
2015-04-07 16:38:47,067 INFO  [main]: metastore.HiveMetaStore (HiveMetaStore.java:createDefaultRoles_core(630)) - Added admin role in metastore
2015-04-07 16:38:47,068 INFO  [main]: metastore.HiveMetaStore (HiveMetaStore.java:createDefaultRoles_core(639)) - Added &lt;span class=&quot;code-keyword&quot;&gt;public&lt;/span&gt; role in metastore
2015-04-07 16:38:48,101 INFO  [main]: session.SessionState (SessionState.java:createPath(558)) - Created local directory: /tmp/7a90155d-fbd9-4991-bce6-f583a9ef259f_resources
2015-04-07 16:38:48,111 INFO  [main]: session.SessionState (SessionState.java:createPath(558)) - Created HDFS directory: /tmp/hive/hive/7a90155d-fbd9-4991-bce6-f583a9ef259f
2015-04-07 16:38:48,113 INFO  [main]: session.SessionState (SessionState.java:createPath(558)) - Created local directory: /tmp/hive/7a90155d-fbd9-4991-bce6-f583a9ef259f
2015-04-07 16:38:48,118 INFO  [main]: session.SessionState (SessionState.java:createPath(558)) - Created HDFS directory: /tmp/hive/hive/7a90155d-fbd9-4991-bce6-f583a9ef259f/_tmp_space.db
2015-04-07 16:38:48,120 INFO  [main]: session.SessionState (SessionState.java:start(460)) - No Tez session required at &lt;span class=&quot;code-keyword&quot;&gt;this&lt;/span&gt; point. hive.execution.engine=mr.
2015-04-07 16:38:48,134 INFO  [main]: sqlstd.SQLStdHiveAccessController (SQLStdHiveAccessController.java:&amp;lt;init&amp;gt;(95)) - Created SQLStdHiveAccessController &lt;span class=&quot;code-keyword&quot;&gt;for&lt;/span&gt; session context : HiveAuthzSessionContext [sessionString=7a90155d-fbd9-4991-bce6-f583a9ef259f, clientType=HIVESERVER2]
2015-04-07 16:38:48,148 INFO  [main]: service.CompositeService (SessionManager.java:initOperationLogRootDir(148)) - Operation log root directory is created: /tmp/hive/operation_logs
2015-04-07 16:38:48,153 INFO  [main]: service.CompositeService (SessionManager.java:createBackgroundOperationPool(96)) - HiveServer2: Background operation thread pool size: 100
2015-04-07 16:38:48,153 INFO  [main]: service.CompositeService (SessionManager.java:createBackgroundOperationPool(98)) - HiveServer2: Background operation thread wait queue size: 100
2015-04-07 16:38:48,153 INFO  [main]: service.CompositeService (SessionManager.java:createBackgroundOperationPool(101)) - HiveServer2: Background operation thread keepalive time: 10 seconds
2015-04-07 16:38:48,157 INFO  [main]: service.AbstractService (AbstractService.java:init(89)) - Service:OperationManager is inited.
2015-04-07 16:38:48,157 INFO  [main]: service.AbstractService (AbstractService.java:init(89)) - Service:SessionManager is inited.
2015-04-07 16:38:48,157 INFO  [main]: service.AbstractService (AbstractService.java:init(89)) - Service:CLIService is inited.
2015-04-07 16:38:48,158 INFO  [main]: service.AbstractService (AbstractService.java:init(89)) - Service:ThriftBinaryCLIService is inited.
2015-04-07 16:38:48,158 INFO  [main]: service.AbstractService (AbstractService.java:init(89)) - Service:HiveServer2 is inited.
2015-04-07 16:38:48,158 INFO  [main]: service.AbstractService (AbstractService.java:start(104)) - Service:OperationManager is started.
2015-04-07 16:38:48,158 INFO  [main]: service.AbstractService (AbstractService.java:start(104)) - Service:SessionManager is started.
2015-04-07 16:38:48,158 INFO  [main]: service.AbstractService (AbstractService.java:start(104)) - Service:CLIService is started.
2015-04-07 16:38:48,161 INFO  [main]: metastore.ObjectStore (ObjectStore.java:initialize(264)) - ObjectStore, initialize called
2015-04-07 16:38:48,167 INFO  [main]: metastore.MetaStoreDirectSql (MetaStoreDirectSql.java:&amp;lt;init&amp;gt;(132)) - Using direct SQL, underlying DB is DERBY
2015-04-07 16:38:48,167 INFO  [main]: metastore.ObjectStore (ObjectStore.java:setConf(247)) - Initialized ObjectStore
2015-04-07 16:38:48,168 INFO  [main]: metastore.HiveMetaStore (HiveMetaStore.java:logInfo(713)) - 0: get_databases: &lt;span class=&quot;code-keyword&quot;&gt;default&lt;/span&gt;
2015-04-07 16:38:48,168 INFO  [main]: HiveMetaStore.audit (HiveMetaStore.java:logAuditEvent(339)) - ugi=hive/node2.proto.bsi.de@PROTO.BSI.DE    ip=unknown-ip-addr      cmd=get_databases: &lt;span class=&quot;code-keyword&quot;&gt;default&lt;/span&gt;      
2015-04-07 16:38:48,193 INFO  [main]: metastore.HiveMetaStore (HiveMetaStore.java:logInfo(713)) - 0: Shutting down the object store...
2015-04-07 16:38:48,193 INFO  [main]: HiveMetaStore.audit (HiveMetaStore.java:logAuditEvent(339)) - ugi=hive/node2.proto.bsi.de@PROTO.BSI.DE    ip=unknown-ip-addr      cmd=Shutting down the object store...   
2015-04-07 16:38:48,193 INFO  [main]: metastore.HiveMetaStore (HiveMetaStore.java:logInfo(713)) - 0: Metastore shutdown complete.
2015-04-07 16:38:48,194 INFO  [main]: HiveMetaStore.audit (HiveMetaStore.java:logAuditEvent(339)) - ugi=hive/node2.proto.bsi.de@PROTO.BSI.DE    ip=unknown-ip-addr      cmd=Metastore shutdown complete.
        
2015-04-07 16:38:48,194 INFO  [main]: service.AbstractService (AbstractService.java:start(104)) - Service:ThriftBinaryCLIService is started.
2015-04-07 16:38:48,194 INFO  [main]: service.AbstractService (AbstractService.java:start(104)) - Service:HiveServer2 is started.
&lt;/pre&gt;
&lt;/div&gt;&lt;/div&gt;</description>
                <environment></environment>
        <key id="12819018">HIVE-10240</key>
            <summary>Patch HIVE-9473 breaks KERBEROS</summary>
                <type id="1" iconUrl="https://issues.apache.org/jira/images/icons/issuetypes/bug.png">Bug</type>
                                            <priority id="3" iconUrl="https://issues.apache.org/jira/images/icons/priorities/major.png">Major</priority>
                        <status id="5" iconUrl="https://issues.apache.org/jira/images/icons/statuses/resolved.png" description="A resolution has been taken, and it is awaiting verification by reporter. From here issues are either reopened, or are closed.">Resolved</status>
                    <statusCategory id="3" key="done" colorName="green"/>
                                    <resolution id="3">Duplicate</resolution>
                                        <assignee username="vgumashta">Vaibhav Gumashta</assignee>
                                    <reporter username="oflebbe">Olaf Flebbe</reporter>
                        <labels>
                    </labels>
                <created>Tue, 7 Apr 2015 18:39:23 +0000</created>
                <updated>Fri, 22 May 2015 03:45:12 +0000</updated>
                            <resolved>Fri, 10 Apr 2015 00:23:03 +0000</resolved>
                                    <version>1.0.0</version>
                                                    <component>Authentication</component>
                    <component>HiveServer2</component>
                        <due></due>
                            <votes>0</votes>
                                    <watches>3</watches>
                                                                <comments>
                            <comment id="14483756" author="vgumashta" created="Tue, 7 Apr 2015 18:44:25 +0000"  >&lt;p&gt;I&apos;ll post a patch shortly.&lt;/p&gt;</comment>
                            <comment id="14483759" author="vgumashta" created="Tue, 7 Apr 2015 18:44:53 +0000"  >&lt;p&gt;cc &lt;a href=&quot;https://issues.apache.org/jira/secure/ViewProfile.jspa?name=thejas&quot; class=&quot;user-hover&quot; rel=&quot;thejas&quot;&gt;Thejas M Nair&lt;/a&gt;&lt;/p&gt;</comment>
                            <comment id="14488611" author="vgumashta" created="Fri, 10 Apr 2015 00:23:03 +0000"  >&lt;p&gt;Marking it as dup of &lt;a href=&quot;https://issues.apache.org/jira/browse/HIVE-9685&quot; title=&quot;CLIService should create SessionState after logging into kerberos&quot; class=&quot;issue-link&quot; data-issue-key=&quot;HIVE-9685&quot;&gt;&lt;del&gt;HIVE-9685&lt;/del&gt;&lt;/a&gt;. Will backport that to 1.0.1&lt;/p&gt;</comment>
                            <comment id="14489084" author="oflebbe" created="Fri, 10 Apr 2015 07:11:53 +0000"  >&lt;p&gt;&lt;a href=&quot;https://issues.apache.org/jira/secure/ViewProfile.jspa?name=vgumashta&quot; class=&quot;user-hover&quot; rel=&quot;vgumashta&quot;&gt;Vaibhav Gumashta&lt;/a&gt;: Thanks for digging out &lt;a href=&quot;https://issues.apache.org/jira/browse/HIVE-9685&quot; title=&quot;CLIService should create SessionState after logging into kerberos&quot; class=&quot;issue-link&quot; data-issue-key=&quot;HIVE-9685&quot;&gt;&lt;del&gt;HIVE-9685&lt;/del&gt;&lt;/a&gt;! &lt;/p&gt;</comment>
                    </comments>
                <issuelinks>
                            <issuelinktype id="12310000">
                    <name>Duplicate</name>
                                            <outwardlinks description="duplicates">
                                        <issuelink>
            <issuekey id="12774933">HIVE-9685</issuekey>
        </issuelink>
                            </outwardlinks>
                                                        </issuelinktype>
                            <issuelinktype id="10030">
                    <name>Reference</name>
                                                                <inwardlinks description="is related to">
                                        <issuelink>
            <issuekey id="12819031">BIGTOP-1808</issuekey>
        </issuelink>
                            </inwardlinks>
                                    </issuelinktype>
                    </issuelinks>
                <attachments>
                    </attachments>
                <subtasks>
                    </subtasks>
                <customfields>
                                                <customfield id="customfield_12310310" key="com.atlassian.jira.toolkit:attachments">
                        <customfieldname>Attachment count</customfieldname>
                        <customfieldvalues>
                            <customfieldvalue>0.0</customfieldvalue>
                        </customfieldvalues>
                    </customfield>
                                                                                                                                                                                                                                                                                                                                                                                                                                                                                                                                <customfield id="customfield_12310220" key="com.atlassian.jira.ext.charting:firstresponsedate">
                        <customfieldname>Date of First Response</customfieldname>
                        <customfieldvalues>
                            <customfieldvalue>Tue, 7 Apr 2015 18:44:25 +0000</customfieldvalue>

                        </customfieldvalues>
                    </customfield>
                                                                                                                                                                                                                                                                                                                                                                                                                                            <customfield id="customfield_12310420" key="com.pyxis.greenhopper.jira:gh-global-rank">
                        <customfieldname>Global Rank</customfieldname>
                        <customfieldvalues>
                            <customfieldvalue>9223372036854775807</customfieldvalue>
                        </customfieldvalues>
                    </customfield>
                                                                                                                                                    <customfield id="customfield_12312521" key="com.atlassian.jira.toolkit:LastCommentDate">
                        <customfieldname>Last public comment date</customfieldname>
                        <customfieldvalues>
                            1 year, 34 weeks, 1 day ago
                        </customfieldvalues>
                    </customfield>
                                                                                            <customfield id="customfield_12311820" key="com.pyxis.greenhopper.jira:gh-lexo-rank">
                        <customfieldname>Rank</customfieldname>
                        <customfieldvalues>
                            <customfieldvalue>0|i2cx9j:</customfieldvalue>

                        </customfieldvalues>
                    </customfield>
                                                                <customfield id="customfield_12310920" key="com.pyxis.greenhopper.jira:gh-global-rank">
                        <customfieldname>Rank (Obsolete)</customfieldname>
                        <customfieldvalues>
                            <customfieldvalue>9223372036854775807</customfieldvalue>
                        </customfieldvalues>
                    </customfield>
                                                                                                                                                                                                                                                                                                                            <customfield id="customfield_12310222" key="com.atlassian.jira.ext.charting:timeinstatus">
                        <customfieldname>Time in Status</customfieldname>
                        <customfieldvalues>
                            
                        </customfieldvalues>
                    </customfield>
                                                                                                                        </customfields>
    </item>
</channel>
</rss>