<!-- 
RSS generated by JIRA (6.3.4#6332-sha1:51bc225ef474afe3128b2f66878477f322397b16) at Fri Dec 02 11:44:32 UTC 2016

It is possible to restrict the fields that are returned in this document by specifying the 'field' parameter in your request.
For example, to request only the issue key and summary add field=key&field=summary to the URL of your request.
For example:
https://issues.apache.org/jira/si/jira.issueviews:issue-xml/HIVE-12404/HIVE-12404.xml?field=key&amp;field=summary
-->
<rss version="0.92" >
<channel>
    <title>ASF JIRA</title>
    <link>https://issues.apache.org/jira</link>
    <description>This file is an XML representation of an issue</description>
    <language>en-uk</language>    <build-info>
        <version>6.3.4</version>
        <build-number>6332</build-number>
        <build-date>15-08-2014</build-date>
    </build-info>

<item>
            <title>[HIVE-12404] Orc ppd throws exception if types don&apos;t match</title>
                <link>https://issues.apache.org/jira/browse/HIVE-12404</link>
                <project id="12310843" key="HIVE">Hive</project>
                    <description>&lt;p&gt;When type of constant value and column doesn&apos;t match, currently Hive throws up.&lt;/p&gt;
&lt;div class=&quot;code panel&quot; style=&quot;border-width: 1px;&quot;&gt;&lt;div class=&quot;codeContent panelContent&quot;&gt;
&lt;pre class=&quot;code-java&quot;&gt;
java.lang.IllegalArgumentException: Wrong value class java.lang.&lt;span class=&quot;code-object&quot;&gt;Integer&lt;/span&gt; &lt;span class=&quot;code-keyword&quot;&gt;for&lt;/span&gt; BOOLEAN.LESS_THAN_EQUALS leaf
        at org.apache.hadoop.hive.ql.io.sarg.SearchArgumentImpl$PredicateLeafImpl.&amp;lt;init&amp;gt;(SearchArgumentImpl.java:63)
        at org.apache.hadoop.hive.ql.io.sarg.SearchArgumentImpl$BuilderImpl.lessThanEquals(SearchArgumentImpl.java:304)
        at org.apache.hadoop.hive.ql.io.sarg.ConvertAstToSearchArg.createLeaf(ConvertAstToSearchArg.java:277)
        at org.apache.hadoop.hive.ql.io.sarg.ConvertAstToSearchArg.createLeaf(ConvertAstToSearchArg.java:326)
        at org.apache.hadoop.hive.ql.io.sarg.ConvertAstToSearchArg.parse(ConvertAstToSearchArg.java:386)
        at org.apache.hadoop.hive.ql.io.sarg.ConvertAstToSearchArg.addChildren(ConvertAstToSearchArg.java:331)
        at org.apache.hadoop.hive.ql.io.sarg.ConvertAstToSearchArg.parse(ConvertAstToSearchArg.java:370)
        at org.apache.hadoop.hive.ql.io.sarg.ConvertAstToSearchArg.addChildren(ConvertAstToSearchArg.java:331)
        at org.apache.hadoop.hive.ql.io.sarg.ConvertAstToSearchArg.parse(ConvertAstToSearchArg.java:366)
        at org.apache.hadoop.hive.ql.io.sarg.ConvertAstToSearchArg.&amp;lt;init&amp;gt;(ConvertAstToSearchArg.java:68)
        at org.apache.hadoop.hive.ql.io.sarg.ConvertAstToSearchArg.create(ConvertAstToSearchArg.java:417)
        at org.apache.hadoop.hive.ql.io.sarg.ConvertAstToSearchArg.createFromConf(ConvertAstToSearchArg.java:436)
        at org.apache.hadoop.hive.ql.io.orc.OrcInputFormat$Context.&amp;lt;init&amp;gt;(OrcInputFormat.java:484)
        at org.apache.hadoop.hive.ql.io.orc.OrcInputFormat.generateSplitsInfo(OrcInputFormat.java:1121)
        at org.apache.hadoop.hive.ql.io.orc.OrcInputFormat.getSplits(OrcInputFormat.java:1207)
        at org.apache.hadoop.hive.ql.io.HiveInputFormat.addSplitsForGroup(HiveInputFormat.java:369)
        at org.apache.hadoop.hive.ql.io.HiveInputFormat.getSplits(HiveInputFormat.java:481)
        at org.apache.hadoop.hive.ql.exec.tez.HiveSplitGenerator.initialize(HiveSplitGenerator.java:160)
&lt;/pre&gt;
&lt;/div&gt;&lt;/div&gt;</description>
                <environment></environment>
        <key id="12912730">HIVE-12404</key>
            <summary>Orc ppd throws exception if types don&apos;t match</summary>
                <type id="1" iconUrl="https://issues.apache.org/jira/images/icons/issuetypes/bug.png">Bug</type>
                                            <priority id="3" iconUrl="https://issues.apache.org/jira/images/icons/priorities/major.png">Major</priority>
                        <status id="6" iconUrl="https://issues.apache.org/jira/images/icons/statuses/closed.png" description="The issue is considered finished, the resolution is correct. Issues which are closed can be reopened.">Closed</status>
                    <statusCategory id="3" key="done" colorName="green"/>
                                    <resolution id="3">Duplicate</resolution>
                                        <assignee username="ashutoshc">Ashutosh Chauhan</assignee>
                                    <reporter username="ashutoshc">Ashutosh Chauhan</reporter>
                        <labels>
                    </labels>
                <created>Fri, 13 Nov 2015 06:17:32 +0000</created>
                <updated>Tue, 16 Feb 2016 23:51:13 +0000</updated>
                            <resolved>Mon, 21 Dec 2015 22:27:44 +0000</resolved>
                                    <version>2.0.0</version>
                                    <fixVersion>2.0.0</fixVersion>
                                    <component>ORC</component>
                        <due></due>
                            <votes>0</votes>
                                    <watches>1</watches>
                                                                <comments>
                            <comment id="15003613" author="gopalv" created="Fri, 13 Nov 2015 06:34:49 +0000"  >&lt;p&gt;This is probably a fix in the wrong layer, because the type promotion exists elsewhere in the codepath (i.e bigint &amp;gt; 1).&lt;/p&gt;

&lt;p&gt;What&apos;s the SQL meaning of &lt;/p&gt;

&lt;div class=&quot;code panel&quot; style=&quot;border-width: 1px;&quot;&gt;&lt;div class=&quot;codeContent panelContent&quot;&gt;
&lt;pre class=&quot;code-java&quot;&gt;
(cboolean1 &amp;lt; 0)
&lt;/pre&gt;
&lt;/div&gt;&lt;/div&gt;

&lt;p&gt;??&lt;/p&gt;</comment>
                            <comment id="15004173" author="ashutoshc" created="Fri, 13 Nov 2015 16:01:35 +0000"  >&lt;p&gt;Thats a valid argument. However, given that Hive has permitted these kind of operations historically, not supporting them for a particular file format will surprise user. Further, ORC already supports that as well, it throws exception only when a particular optimization is enabled. &lt;br/&gt;
IMHO, in presence of such questionable semantics ORC should be defensive and should turn off ppd (which is what this patch does) and let upper layer do the evaluation of condition.&lt;/p&gt;</comment>
                            <comment id="15004262" author="hiveqa" created="Fri, 13 Nov 2015 16:47:03 +0000"  >

&lt;p&gt;Here are the results of testing the latest attachment:&lt;br/&gt;
&lt;a href=&quot;https://issues.apache.org/jira/secure/attachment/12772123/HIVE-12404.patch&quot; class=&quot;external-link&quot; rel=&quot;nofollow&quot;&gt;https://issues.apache.org/jira/secure/attachment/12772123/HIVE-12404.patch&lt;/a&gt;&lt;/p&gt;

&lt;p&gt;&lt;font color=&quot;green&quot;&gt;SUCCESS:&lt;/font&gt; +1 due to 3 test(s) being added or modified.&lt;/p&gt;

&lt;p&gt;&lt;font color=&quot;red&quot;&gt;ERROR:&lt;/font&gt; -1 due to 12 failed/errored test(s), 9783 tests executed&lt;br/&gt;
&lt;b&gt;Failed tests:&lt;/b&gt;&lt;/p&gt;
&lt;div class=&quot;preformatted panel&quot; style=&quot;border-width: 1px;&quot;&gt;&lt;div class=&quot;preformattedContent panelContent&quot;&gt;
&lt;pre&gt;org.apache.hadoop.hive.cli.TestCliDriver.testCliDriver_cbo_rp_annotate_stats_groupby
org.apache.hadoop.hive.cli.TestCliDriver.testCliDriver_vectorization_0
org.apache.hadoop.hive.cli.TestCliDriver.testCliDriver_vectorization_13
org.apache.hadoop.hive.cli.TestCliDriver.testCliDriver_vectorization_short_regress
org.apache.hadoop.hive.cli.TestNegativeCliDriver.testNegativeCliDriver_authorization_uri_import
org.apache.hadoop.hive.cli.TestSparkCliDriver.testCliDriver_vectorization_0
org.apache.hadoop.hive.cli.TestSparkCliDriver.testCliDriver_vectorization_13
org.apache.hadoop.hive.cli.TestSparkCliDriver.testCliDriver_vectorization_short_regress
org.apache.hadoop.hive.hwi.TestHWISessionManager.testHiveDriver
org.apache.hadoop.hive.ql.io.sarg.TestSearchArgumentImpl.testBadLiteral
org.apache.hive.jdbc.TestJdbcWithMiniHS2.testConcurrentStatements
org.apache.hive.jdbc.TestSSL.testSSLVersion
&lt;/pre&gt;
&lt;/div&gt;&lt;/div&gt;

&lt;p&gt;Test results: &lt;a href=&quot;http://ec2-174-129-184-35.compute-1.amazonaws.com/jenkins/job/PreCommit-HIVE-TRUNK-Build/6028/testReport&quot; class=&quot;external-link&quot; rel=&quot;nofollow&quot;&gt;http://ec2-174-129-184-35.compute-1.amazonaws.com/jenkins/job/PreCommit-HIVE-TRUNK-Build/6028/testReport&lt;/a&gt;&lt;br/&gt;
Console output: &lt;a href=&quot;http://ec2-174-129-184-35.compute-1.amazonaws.com/jenkins/job/PreCommit-HIVE-TRUNK-Build/6028/console&quot; class=&quot;external-link&quot; rel=&quot;nofollow&quot;&gt;http://ec2-174-129-184-35.compute-1.amazonaws.com/jenkins/job/PreCommit-HIVE-TRUNK-Build/6028/console&lt;/a&gt;&lt;br/&gt;
Test logs: &lt;a href=&quot;http://ec2-174-129-184-35.compute-1.amazonaws.com/logs/PreCommit-HIVE-TRUNK-Build-6028/&quot; class=&quot;external-link&quot; rel=&quot;nofollow&quot;&gt;http://ec2-174-129-184-35.compute-1.amazonaws.com/logs/PreCommit-HIVE-TRUNK-Build-6028/&lt;/a&gt;&lt;/p&gt;

&lt;p&gt;Messages:&lt;/p&gt;
&lt;div class=&quot;preformatted panel&quot; style=&quot;border-width: 1px;&quot;&gt;&lt;div class=&quot;preformattedContent panelContent&quot;&gt;
&lt;pre&gt;Executing org.apache.hive.ptest.execution.TestCheckPhase
Executing org.apache.hive.ptest.execution.PrepPhase
Executing org.apache.hive.ptest.execution.ExecutionPhase
Executing org.apache.hive.ptest.execution.ReportingPhase
Tests exited with: TestsFailedException: 12 tests failed
&lt;/pre&gt;
&lt;/div&gt;&lt;/div&gt;

&lt;p&gt;This message is automatically generated.&lt;/p&gt;

&lt;p&gt;ATTACHMENT ID: 12772123 - PreCommit-HIVE-TRUNK-Build&lt;/p&gt;</comment>
                            <comment id="15005181" author="gopalv" created="Sat, 14 Nov 2015 06:04:45 +0000"  >&lt;p&gt;The semantics needs a fix, this is handled for some of the numeric types in TypeCheckProcFactory.&lt;/p&gt;

&lt;div class=&quot;code panel&quot; style=&quot;border-width: 1px;&quot;&gt;&lt;div class=&quot;codeContent panelContent&quot;&gt;
&lt;pre class=&quot;code-java&quot;&gt;
        &lt;span class=&quot;code-comment&quot;&gt;// Try to infer the type of the constant only &lt;span class=&quot;code-keyword&quot;&gt;if&lt;/span&gt; there are two
&lt;/span&gt;        &lt;span class=&quot;code-comment&quot;&gt;// nodes, one of them is column and the other is numeric &lt;span class=&quot;code-keyword&quot;&gt;const&lt;/span&gt;&lt;/span&gt;
&lt;/pre&gt;
&lt;/div&gt;&lt;/div&gt;

&lt;p&gt;That&apos;s the case which needs to inject an inference for Boolean.&lt;/p&gt;

&lt;blockquote&gt;&lt;p&gt;such questionable semantics ORC should be defensive and should turn off ppd&lt;/p&gt;&lt;/blockquote&gt;

&lt;p&gt;The value class equality is complex when you do something like &lt;tt&gt;cbyte &amp;gt; 0&lt;/tt&gt; or &lt;tt&gt;cbigint &amp;gt; 0&lt;/tt&gt;.&lt;/p&gt;

&lt;p&gt;This approach might be defensive, but to handle it optimally this patch needs to handle all the implicit inferences implemented for &lt;a href=&quot;https://issues.apache.org/jira/browse/HIVE-10286&quot; title=&quot;SARGs: Type Safety via PredicateLeaf.type&quot; class=&quot;issue-link&quot; data-issue-key=&quot;HIVE-10286&quot;&gt;&lt;del&gt;HIVE-10286&lt;/del&gt;&lt;/a&gt;.&lt;/p&gt;</comment>
                            <comment id="15019178" author="ashutoshc" created="Sat, 21 Nov 2015 00:27:19 +0000"  >&lt;p&gt;This is no longer an issue after &lt;a href=&quot;https://issues.apache.org/jira/browse/HIVE-12017&quot; title=&quot;Do not disable CBO by default when number of joins in a query is equal or less than 1&quot; class=&quot;issue-link&quot; data-issue-key=&quot;HIVE-12017&quot;&gt;&lt;del&gt;HIVE-12017&lt;/del&gt;&lt;/a&gt; which inserts casts as needed.&lt;/p&gt;</comment>
                            <comment id="15019193" author="ashutoshc" created="Sat, 21 Nov 2015 00:39:56 +0000"  >&lt;p&gt;This is still an issue.&lt;/p&gt;</comment>
                            <comment id="15067172" author="ashutoshc" created="Mon, 21 Dec 2015 22:27:44 +0000"  >&lt;p&gt;This got fixed as a side-effect of &lt;a href=&quot;https://issues.apache.org/jira/browse/HIVE-12596&quot; title=&quot;Delete timestamp row throws java.lang.IllegalArgumentException: Timestamp format must be yyyy-mm-dd hh:mm:ss[.fffffffff]&quot; class=&quot;issue-link&quot; data-issue-key=&quot;HIVE-12596&quot;&gt;&lt;del&gt;HIVE-12596&lt;/del&gt;&lt;/a&gt;&lt;/p&gt;</comment>
                    </comments>
                <issuelinks>
                            <issuelinktype id="10032">
                    <name>Blocker</name>
                                            <outwardlinks description="blocks">
                                        <issuelink>
            <issuekey id="12910500">HIVE-12342</issuekey>
        </issuelink>
                            </outwardlinks>
                                                        </issuelinktype>
                            <issuelinktype id="12310051">
                    <name>Supercedes</name>
                                                                <inwardlinks description="is superceded by">
                                        <issuelink>
            <issuekey id="12919067">HIVE-12596</issuekey>
        </issuelink>
                            </inwardlinks>
                                    </issuelinktype>
                    </issuelinks>
                <attachments>
                            <attachment id="12772123" name="HIVE-12404.patch" size="20736" author="ashutoshc" created="Fri, 13 Nov 2015 06:19:58 +0000"/>
                    </attachments>
                <subtasks>
                    </subtasks>
                <customfields>
                                                <customfield id="customfield_12310310" key="com.atlassian.jira.toolkit:attachments">
                        <customfieldname>Attachment count</customfieldname>
                        <customfieldvalues>
                            <customfieldvalue>1.0</customfieldvalue>
                        </customfieldvalues>
                    </customfield>
                                                                                                                                                                                                                                                                                                                                                                                                                                                                                                                                <customfield id="customfield_12310220" key="com.atlassian.jira.ext.charting:firstresponsedate">
                        <customfieldname>Date of First Response</customfieldname>
                        <customfieldvalues>
                            <customfieldvalue>Fri, 13 Nov 2015 06:34:49 +0000</customfieldvalue>

                        </customfieldvalues>
                    </customfield>
                                                                                                                                                                                                                                                                                                                                                                                                                                            <customfield id="customfield_12310420" key="com.pyxis.greenhopper.jira:gh-global-rank">
                        <customfieldname>Global Rank</customfieldname>
                        <customfieldvalues>
                            <customfieldvalue>9223372036854775807</customfieldvalue>
                        </customfieldvalues>
                    </customfield>
                                                                                                                                                    <customfield id="customfield_12312521" key="com.atlassian.jira.toolkit:LastCommentDate">
                        <customfieldname>Last public comment date</customfieldname>
                        <customfieldvalues>
                            49 weeks, 3 days ago
                        </customfieldvalues>
                    </customfield>
                                                                                            <customfield id="customfield_12311820" key="com.pyxis.greenhopper.jira:gh-lexo-rank">
                        <customfieldname>Rank</customfieldname>
                        <customfieldvalues>
                            <customfieldvalue>0|i2occv:</customfieldvalue>

                        </customfieldvalues>
                    </customfield>
                                                                <customfield id="customfield_12310920" key="com.pyxis.greenhopper.jira:gh-global-rank">
                        <customfieldname>Rank (Obsolete)</customfieldname>
                        <customfieldvalues>
                            <customfieldvalue>9223372036854775807</customfieldvalue>
                        </customfieldvalues>
                    </customfield>
                                                                                                                                                                                                                                                                                                                            <customfield id="customfield_12310222" key="com.atlassian.jira.ext.charting:timeinstatus">
                        <customfieldname>Time in Status</customfieldname>
                        <customfieldvalues>
                            
                        </customfieldvalues>
                    </customfield>
                                                                                                                        </customfields>
    </item>
</channel>
</rss>