<!-- 
RSS generated by JIRA (6.3.4#6332-sha1:51bc225ef474afe3128b2f66878477f322397b16) at Sat Dec 03 23:25:30 UTC 2016

It is possible to restrict the fields that are returned in this document by specifying the 'field' parameter in your request.
For example, to request only the issue key and summary add field=key&field=summary to the URL of your request.
For example:
https://issues.apache.org/jira/si/jira.issueviews:issue-xml/HIVE-11326/HIVE-11326.xml?field=key&amp;field=summary
-->
<rss version="0.92" >
<channel>
    <title>ASF JIRA</title>
    <link>https://issues.apache.org/jira</link>
    <description>This file is an XML representation of an issue</description>
    <language>en-uk</language>    <build-info>
        <version>6.3.4</version>
        <build-number>6332</build-number>
        <build-date>15-08-2014</build-date>
    </build-info>

<item>
            <title>[HIVE-11326] Parquet table: where clause with partition column fails</title>
                <link>https://issues.apache.org/jira/browse/HIVE-11326</link>
                <project id="12310843" key="HIVE">Hive</project>
                    <description>&lt;p&gt;Steps:&lt;br/&gt;
create table t1 (c1 int) partitioned by (part string) stored as parquet;&lt;br/&gt;
insert into table t1 partition (part=&apos;p1&apos;) values (1);&lt;br/&gt;
select * from t1 where part=&apos;p1&apos;;&lt;/p&gt;

&lt;p&gt;Error message:&lt;br/&gt;
Caused by: java.lang.IllegalArgumentException: Column &lt;span class=&quot;error&quot;&gt;&amp;#91;part&amp;#93;&lt;/span&gt; was not found in schema!&lt;br/&gt;
        at parquet.Preconditions.checkArgument(Preconditions.java:55)&lt;br/&gt;
        at parquet.filter2.predicate.SchemaCompatibilityValidator.getColumnDescriptor(SchemaCompatibilityValidator.java:190)&lt;br/&gt;
        at parquet.filter2.predicate.SchemaCompatibilityValidator.validateColumn(SchemaCompatibilityValidator.java:178)&lt;br/&gt;
        at parquet.filter2.predicate.SchemaCompatibilityValidator.validateColumnFilterPredicate(SchemaCompatibilityValidator.java:160)&lt;br/&gt;
        at parquet.filter2.predicate.SchemaCompatibilityValidator.visit(SchemaCompatibilityValidator.java:94)&lt;br/&gt;
        at parquet.filter2.predicate.SchemaCompatibilityValidator.visit(SchemaCompatibilityValidator.java:59)&lt;br/&gt;
        at parquet.filter2.predicate.Operators$Eq.accept(Operators.java:180)&lt;br/&gt;
        at parquet.filter2.predicate.SchemaCompatibilityValidator.validate(SchemaCompatibilityValidator.java:64)&lt;br/&gt;
        at parquet.filter2.compat.RowGroupFilter.visit(RowGroupFilter.java:59)&lt;br/&gt;
        at parquet.filter2.compat.RowGroupFilter.visit(RowGroupFilter.java:40)&lt;br/&gt;
        at parquet.filter2.compat.FilterCompat$FilterPredicateCompat.accept(FilterCompat.java:126)&lt;br/&gt;
        at parquet.filter2.compat.RowGroupFilter.filterRowGroups(RowGroupFilter.java:46)&lt;br/&gt;
        at org.apache.hadoop.hive.ql.io.parquet.read.ParquetRecordReaderWrapper.getSplit(ParquetRecordReaderWrapper.java:275)&lt;br/&gt;
        at org.apache.hadoop.hive.ql.io.parquet.read.ParquetRecordReaderWrapper.&amp;lt;init&amp;gt;(ParquetRecordReaderWrapper.java:99)&lt;br/&gt;
        at org.apache.hadoop.hive.ql.io.parquet.read.ParquetRecordReaderWrapper.&amp;lt;init&amp;gt;(ParquetRecordReaderWrapper.java:85)&lt;br/&gt;
        at org.apache.hadoop.hive.ql.io.parquet.MapredParquetInputFormat.getRecordReader(MapredParquetInputFormat.java:72)&lt;br/&gt;
        at org.apache.hadoop.hive.ql.io.CombineHiveRecordReader.&amp;lt;init&amp;gt;(CombineHiveRecordReader.java:67)&lt;/p&gt;

&lt;p&gt;Seems that problem was introduced with &lt;a href=&quot;https://issues.apache.org/jira/browse/HIVE-10252&quot; title=&quot;Make PPD work for Parquet in row group level&quot; class=&quot;issue-link&quot; data-issue-key=&quot;HIVE-10252&quot;&gt;&lt;del&gt;HIVE-10252&lt;/del&gt;&lt;/a&gt; (&lt;a href=&quot;https://issues.apache.org/jira/secure/ViewProfile.jspa?name=dongc&quot; class=&quot;user-hover&quot; rel=&quot;dongc&quot;&gt;Dong Chen&lt;/a&gt;). Filter can&apos;t contain any partition columns in case of Parquet table. &lt;br/&gt;
While searching for an existing JIRA, I found a similar problem reported for Spark - &lt;a href=&quot;https://issues.apache.org/jira/browse/SPARK-6554&quot; title=&quot;Cannot use partition columns in where clause when Parquet filter push-down is enabled&quot; class=&quot;issue-link&quot; data-issue-key=&quot;SPARK-6554&quot;&gt;&lt;del&gt;SPARK-6554&lt;/del&gt;&lt;/a&gt;&lt;/p&gt;

&lt;p&gt;I think the setFilter method should remove all predicates that reference partition columns before building the FilterPredicate object.&lt;/p&gt;</description>
                <environment></environment>
        <key id="12846446">HIVE-11326</key>
            <summary>Parquet table: where clause with partition column fails</summary>
                <type id="1" iconUrl="https://issues.apache.org/jira/images/icons/issuetypes/bug.png">Bug</type>
                                            <priority id="3" iconUrl="https://issues.apache.org/jira/images/icons/priorities/major.png">Major</priority>
                        <status id="5" iconUrl="https://issues.apache.org/jira/images/icons/statuses/resolved.png" description="A resolution has been taken, and it is awaiting verification by reporter. From here issues are either reopened, or are closed.">Resolved</status>
                    <statusCategory id="3" key="done" colorName="green"/>
                                    <resolution id="3">Duplicate</resolution>
                                        <assignee username="spena">Sergio Pe&#241;a</assignee>
                                    <reporter username="tfriedr">Thomas Friedrich</reporter>
                        <labels>
                            <label>parquet</label>
                    </labels>
                <created>Tue, 21 Jul 2015 07:14:42 +0000</created>
                <updated>Thu, 6 Aug 2015 15:23:23 +0000</updated>
                            <resolved>Thu, 6 Aug 2015 15:23:23 +0000</resolved>
                                    <version>1.2.0</version>
                    <version>1.2.1</version>
                                                    <component>Query Planning</component>
                        <due></due>
                            <votes>0</votes>
                                    <watches>3</watches>
                                                                <comments>
                            <comment id="14660160" author="spena" created="Thu, 6 Aug 2015 15:23:23 +0000"  >&lt;p&gt;Hi &lt;a href=&quot;https://issues.apache.org/jira/secure/ViewProfile.jspa?name=tfriedr&quot; class=&quot;user-hover&quot; rel=&quot;tfriedr&quot;&gt;Thomas Friedrich&lt;/a&gt;&lt;/p&gt;

&lt;p&gt;This issue has been fixed on &lt;a href=&quot;https://issues.apache.org/jira/browse/HIVE-11401&quot; title=&quot;Predicate push down does not work with Parquet when partitions are in the expression&quot; class=&quot;issue-link&quot; data-issue-key=&quot;HIVE-11401&quot;&gt;&lt;del&gt;HIVE-11401&lt;/del&gt;&lt;/a&gt;.&lt;/p&gt;</comment>
                    </comments>
                    <attachments>
                    </attachments>
                <subtasks>
                    </subtasks>
                <customfields>
                                                <customfield id="customfield_12310310" key="com.atlassian.jira.toolkit:attachments">
                        <customfieldname>Attachment count</customfieldname>
                        <customfieldvalues>
                            <customfieldvalue>0.0</customfieldvalue>
                        </customfieldvalues>
                    </customfield>
                                                                                                                                                                                                                                                                                                                                                                                                                                                                                                                                <customfield id="customfield_12310220" key="com.atlassian.jira.ext.charting:firstresponsedate">
                        <customfieldname>Date of First Response</customfieldname>
                        <customfieldvalues>
                            <customfieldvalue>Thu, 6 Aug 2015 15:23:23 +0000</customfieldvalue>

                        </customfieldvalues>
                    </customfield>
                                                                                                                                                                                                                                                                                                                                                                                                                                            <customfield id="customfield_12310420" key="com.pyxis.greenhopper.jira:gh-global-rank">
                        <customfieldname>Global Rank</customfieldname>
                        <customfieldvalues>
                            <customfieldvalue>9223372036854775807</customfieldvalue>
                        </customfieldvalues>
                    </customfield>
                                                                                                                                                    <customfield id="customfield_12312521" key="com.atlassian.jira.toolkit:LastCommentDate">
                        <customfieldname>Last public comment date</customfieldname>
                        <customfieldvalues>
                            1 year, 17 weeks, 2 days ago
                        </customfieldvalues>
                    </customfield>
                                                                                            <customfield id="customfield_12311820" key="com.pyxis.greenhopper.jira:gh-lexo-rank">
                        <customfieldname>Rank</customfieldname>
                        <customfieldvalues>
                            <customfieldvalue>0|i2hhan:</customfieldvalue>

                        </customfieldvalues>
                    </customfield>
                                                                <customfield id="customfield_12310920" key="com.pyxis.greenhopper.jira:gh-global-rank">
                        <customfieldname>Rank (Obsolete)</customfieldname>
                        <customfieldvalues>
                            <customfieldvalue>9223372036854775807</customfieldvalue>
                        </customfieldvalues>
                    </customfield>
                                                                                                                                                                                                                                                                                                                            <customfield id="customfield_12310222" key="com.atlassian.jira.ext.charting:timeinstatus">
                        <customfieldname>Time in Status</customfieldname>
                        <customfieldvalues>
                            
                        </customfieldvalues>
                    </customfield>
                                                                                                                        </customfields>
    </item>
</channel>
</rss>