<!-- 
RSS generated by JIRA (6.3.4#6332-sha1:51bc225ef474afe3128b2f66878477f322397b16) at Sat Dec 03 23:23:16 UTC 2016

It is possible to restrict the fields that are returned in this document by specifying the 'field' parameter in your request.
For example, to request only the issue key and summary add field=key&field=summary to the URL of your request.
For example:
https://issues.apache.org/jira/si/jira.issueviews:issue-xml/HIVE-10918/HIVE-10918.xml?field=key&amp;field=summary
-->
<rss version="0.92" >
<channel>
    <title>ASF JIRA</title>
    <link>https://issues.apache.org/jira</link>
    <description>This file is an XML representation of an issue</description>
    <language>en-uk</language>    <build-info>
        <version>6.3.4</version>
        <build-number>6332</build-number>
        <build-date>15-08-2014</build-date>
    </build-info>

<item>
            <title>[HIVE-10918] ORC fails to read table with a 38Gb ORC file</title>
                <link>https://issues.apache.org/jira/browse/HIVE-10918</link>
                <project id="12310843" key="HIVE">Hive</project>
                    <description>&lt;div class=&quot;code panel&quot; style=&quot;border-width: 1px;&quot;&gt;&lt;div class=&quot;codeContent panelContent&quot;&gt;
&lt;pre class=&quot;code-java&quot;&gt;

hive&amp;gt;  set mapreduce.input.fileinputformat.split.maxsize=1000000000000;
hive&amp;gt; set  mapreduce.input.fileinputformat.split.maxsize=1000000000000;
hive&amp;gt; alter table lineitem concatenate;
..
hive&amp;gt; dfs -ls /apps/hive/warehouse/tpch_orc_flat_1000.db/lineitem;
Found 12 items
-rwxr-xr-x   3 gopal supergroup 41368976599 2015-06-03 15:49 /apps/hive/warehouse/tpch_orc_flat_1000.db/lineitem/000000_0
-rwxr-xr-x   3 gopal supergroup 36226719673 2015-06-03 15:48 /apps/hive/warehouse/tpch_orc_flat_1000.db/lineitem/000001_0
-rwxr-xr-x   3 gopal supergroup 27544042018 2015-06-03 15:50 /apps/hive/warehouse/tpch_orc_flat_1000.db/lineitem/000002_0
-rwxr-xr-x   3 gopal supergroup 23147063608 2015-06-03 15:44 /apps/hive/warehouse/tpch_orc_flat_1000.db/lineitem/000003_0
-rwxr-xr-x   3 gopal supergroup 21079035936 2015-06-03 15:44 /apps/hive/warehouse/tpch_orc_flat_1000.db/lineitem/000004_0
-rwxr-xr-x   3 gopal supergroup 13813961419 2015-06-03 15:43 /apps/hive/warehouse/tpch_orc_flat_1000.db/lineitem/000005_0
-rwxr-xr-x   3 gopal supergroup  8155299977 2015-06-03 15:40 /apps/hive/warehouse/tpch_orc_flat_1000.db/lineitem/000006_0
-rwxr-xr-x   3 gopal supergroup  6264478613 2015-06-03 15:40 /apps/hive/warehouse/tpch_orc_flat_1000.db/lineitem/000007_0
-rwxr-xr-x   3 gopal supergroup  4653393054 2015-06-03 15:40 /apps/hive/warehouse/tpch_orc_flat_1000.db/lineitem/000008_0
-rwxr-xr-x   3 gopal supergroup  3621672928 2015-06-03 15:39 /apps/hive/warehouse/tpch_orc_flat_1000.db/lineitem/000009_0
-rwxr-xr-x   3 gopal supergroup  1460919310 2015-06-03 15:38 /apps/hive/warehouse/tpch_orc_flat_1000.db/lineitem/000010_0
-rwxr-xr-x   3 gopal supergroup   485129789 2015-06-03 15:38 /apps/hive/warehouse/tpch_orc_flat_1000.db/lineitem/000011_0
&lt;/pre&gt;
&lt;/div&gt;&lt;/div&gt;

&lt;p&gt;Errors without PPD&lt;/p&gt;

&lt;p&gt;Suspicions about ORC stripe padding and stream offsets in the stream information, when concatenating.&lt;/p&gt;

&lt;div class=&quot;code panel&quot; style=&quot;border-width: 1px;&quot;&gt;&lt;div class=&quot;codeContent panelContent&quot;&gt;
&lt;pre class=&quot;code-java&quot;&gt;
Caused by: java.io.EOFException: Read past end of RLE integer from compressed stream Stream &lt;span class=&quot;code-keyword&quot;&gt;for&lt;/span&gt; column 1 kind DATA position: 1608840 length: 1608840 range: 0 offset: 1608840 limit: 1608840 range 0 = 0 to 1608840 uncompressed: 36845 to 36845
        at org.apache.hadoop.hive.ql.io.orc.RunLengthIntegerReaderV2.readValues(RunLengthIntegerReaderV2.java:56)
        at org.apache.hadoop.hive.ql.io.orc.RunLengthIntegerReaderV2.next(RunLengthIntegerReaderV2.java:302)
        at org.apache.hadoop.hive.ql.io.orc.RunLengthIntegerReaderV2.nextVector(RunLengthIntegerReaderV2.java:346)
        at org.apache.hadoop.hive.ql.io.orc.TreeReaderFactory$LongTreeReader.nextVector(TreeReaderFactory.java:582)
        at org.apache.hadoop.hive.ql.io.orc.TreeReaderFactory$StructTreeReader.nextVector(TreeReaderFactory.java:2026)
        at org.apache.hadoop.hive.ql.io.orc.RecordReaderImpl.nextBatch(RecordReaderImpl.java:1070)
        ... 25 more
&lt;/pre&gt;
&lt;/div&gt;&lt;/div&gt;</description>
                <environment></environment>
        <key id="12835240">HIVE-10918</key>
            <summary>ORC fails to read table with a 38Gb ORC file</summary>
                <type id="1" iconUrl="https://issues.apache.org/jira/images/icons/issuetypes/bug.png">Bug</type>
                                            <priority id="3" iconUrl="https://issues.apache.org/jira/images/icons/priorities/major.png">Major</priority>
                        <status id="5" iconUrl="https://issues.apache.org/jira/images/icons/statuses/resolved.png" description="A resolution has been taken, and it is awaiting verification by reporter. From here issues are either reopened, or are closed.">Resolved</status>
                    <statusCategory id="3" key="done" colorName="green"/>
                                    <resolution id="3">Duplicate</resolution>
                                        <assignee username="-1">Unassigned</assignee>
                                    <reporter username="gopalv">Gopal V</reporter>
                        <labels>
                    </labels>
                <created>Wed, 3 Jun 2015 23:29:53 +0000</created>
                <updated>Wed, 3 Jun 2015 23:52:47 +0000</updated>
                            <resolved>Wed, 3 Jun 2015 23:52:47 +0000</resolved>
                                    <version>1.3.0</version>
                                                    <component>File Formats</component>
                        <due></due>
                            <votes>0</votes>
                                    <watches>1</watches>
                                                                    <issuelinks>
                            <issuelinktype id="12310000">
                    <name>Duplicate</name>
                                                                <inwardlinks description="is duplicated by">
                                        <issuelink>
            <issuekey id="12835237">HIVE-10915</issuekey>
        </issuelink>
                            </inwardlinks>
                                    </issuelinktype>
                    </issuelinks>
                <attachments>
                    </attachments>
                <subtasks>
                    </subtasks>
                <customfields>
                                                <customfield id="customfield_12310310" key="com.atlassian.jira.toolkit:attachments">
                        <customfieldname>Attachment count</customfieldname>
                        <customfieldvalues>
                            <customfieldvalue>0.0</customfieldvalue>
                        </customfieldvalues>
                    </customfield>
                                                                                                                                                                                                                                                                                                                                                                                                                                                                                                                                                                                                                                                                                                                                                                                                                                                                                                                                        <customfield id="customfield_12310420" key="com.pyxis.greenhopper.jira:gh-global-rank">
                        <customfieldname>Global Rank</customfieldname>
                        <customfieldvalues>
                            <customfieldvalue>9223372036854775807</customfieldvalue>
                        </customfieldvalues>
                    </customfield>
                                                                                                                                                    <customfield id="customfield_12312521" key="com.atlassian.jira.toolkit:LastCommentDate">
                        <customfieldname>Last public comment date</customfieldname>
                        <customfieldvalues>
                            1 year, 26 weeks, 2 days ago
                        </customfieldvalues>
                    </customfield>
                                                                                            <customfield id="customfield_12311820" key="com.pyxis.greenhopper.jira:gh-lexo-rank">
                        <customfieldname>Rank</customfieldname>
                        <customfieldvalues>
                            <customfieldvalue>0|i2flun:</customfieldvalue>

                        </customfieldvalues>
                    </customfield>
                                                                <customfield id="customfield_12310920" key="com.pyxis.greenhopper.jira:gh-global-rank">
                        <customfieldname>Rank (Obsolete)</customfieldname>
                        <customfieldvalues>
                            <customfieldvalue>9223372036854775807</customfieldvalue>
                        </customfieldvalues>
                    </customfield>
                                                                                                                                                                                                                                                                                                                            <customfield id="customfield_12310222" key="com.atlassian.jira.ext.charting:timeinstatus">
                        <customfieldname>Time in Status</customfieldname>
                        <customfieldvalues>
                            
                        </customfieldvalues>
                    </customfield>
                                                                                                                        </customfields>
    </item>
</channel>
</rss>