<!-- 
RSS generated by JIRA (6.3.4#6332-sha1:51bc225ef474afe3128b2f66878477f322397b16) at Fri Dec 02 06:18:13 UTC 2016

It is possible to restrict the fields that are returned in this document by specifying the 'field' parameter in your request.
For example, to request only the issue key and summary add field=key&field=summary to the URL of your request.
For example:
https://issues.apache.org/jira/si/jira.issueviews:issue-xml/HIVE-12332/HIVE-12332.xml?field=key&amp;field=summary
-->
<rss version="0.92" >
<channel>
    <title>ASF JIRA</title>
    <link>https://issues.apache.org/jira</link>
    <description>This file is an XML representation of an issue</description>
    <language>en-uk</language>    <build-info>
        <version>6.3.4</version>
        <build-number>6332</build-number>
        <build-date>15-08-2014</build-date>
    </build-info>

<item>
            <title>[HIVE-12332] BucketingSortingReduceSinkOptimizer throws IOB exception for duplicate columns</title>
                <link>https://issues.apache.org/jira/browse/HIVE-12332</link>
                <project id="12310843" key="HIVE">Hive</project>
                    <description>&lt;div class=&quot;code panel&quot; style=&quot;border-width: 1px;&quot;&gt;&lt;div class=&quot;codeContent panelContent&quot;&gt;
&lt;pre class=&quot;code-java&quot;&gt;
set hive.enforce.bucketing=&lt;span class=&quot;code-keyword&quot;&gt;true&lt;/span&gt;;
set hive.enforce.sorting=&lt;span class=&quot;code-keyword&quot;&gt;true&lt;/span&gt;;
CREATE TABLE temp1
(
    change &lt;span class=&quot;code-object&quot;&gt;int&lt;/span&gt; ,
    num &lt;span class=&quot;code-object&quot;&gt;int&lt;/span&gt;
)
CLUSTERED BY (num) SORTED BY (num) INTO 4 BUCKETS;

create table temp2
(  
  num &lt;span class=&quot;code-object&quot;&gt;int&lt;/span&gt;
);
explain 
INSERT OVERWRITE TABLE temp1
SELECT  num,  num
FROM temp2;
&lt;/pre&gt;
&lt;/div&gt;&lt;/div&gt;</description>
                <environment></environment>
        <key id="12910242">HIVE-12332</key>
            <summary>BucketingSortingReduceSinkOptimizer throws IOB exception for duplicate columns</summary>
                <type id="1" iconUrl="https://issues.apache.org/jira/images/icons/issuetypes/bug.png">Bug</type>
                                            <priority id="3" iconUrl="https://issues.apache.org/jira/images/icons/priorities/major.png">Major</priority>
                        <status id="6" iconUrl="https://issues.apache.org/jira/images/icons/statuses/closed.png" description="The issue is considered finished, the resolution is correct. Issues which are closed can be reopened.">Closed</status>
                    <statusCategory id="3" key="done" colorName="green"/>
                                    <resolution id="1">Fixed</resolution>
                                        <assignee username="ashutoshc">Ashutosh Chauhan</assignee>
                                    <reporter username="ashutoshc">Ashutosh Chauhan</reporter>
                        <labels>
                    </labels>
                <created>Wed, 4 Nov 2015 04:37:16 +0000</created>
                <updated>Tue, 16 Feb 2016 23:49:56 +0000</updated>
                            <resolved>Mon, 9 Nov 2015 01:05:05 +0000</resolved>
                                    <version>2.0.0</version>
                                    <fixVersion>2.0.0</fixVersion>
                                    <component>Logical Optimizer</component>
                        <due></due>
                            <votes>0</votes>
                                    <watches>2</watches>
                                                                <comments>
                            <comment id="14988860" author="ashutoshc" created="Wed, 4 Nov 2015 04:39:25 +0000"  >&lt;p&gt;Stack trace:&lt;/p&gt;
&lt;div class=&quot;code panel&quot; style=&quot;border-width: 1px;&quot;&gt;&lt;div class=&quot;codeContent panelContent&quot;&gt;
&lt;pre class=&quot;code-java&quot;&gt;
java.lang.IndexOutOfBoundsException: Index: 1, Size: 1
        at java.util.ArrayList.rangeCheck(ArrayList.java:635)
        at java.util.ArrayList.get(ArrayList.java:411)
        at org.apache.hadoop.hive.ql.optimizer.BucketingSortingReduceSinkOptimizer$BucketSortReduceSinkProcessor.process(BucketingSortingReduceSinkOptimizer.java:591)
        at org.apache.hadoop.hive.ql.lib.DefaultRuleDispatcher.dispatch(DefaultRuleDispatcher.java:90)
        at org.apache.hadoop.hive.ql.lib.DefaultGraphWalker.dispatchAndReturn(DefaultGraphWalker.java:105)
        at org.apache.hadoop.hive.ql.lib.DefaultGraphWalker.dispatch(DefaultGraphWalker.java:89)
        at org.apache.hadoop.hive.ql.lib.DefaultGraphWalker.walk(DefaultGraphWalker.java:158)
        at org.apache.hadoop.hive.ql.lib.DefaultGraphWalker.startWalking(DefaultGraphWalker.java:120)
        at org.apache.hadoop.hive.ql.optimizer.BucketingSortingReduceSinkOptimizer.transform(BucketingSortingReduceSinkOptimizer.java:99)
        at org.apache.hadoop.hive.ql.optimizer.Optimizer.optimize(Optimizer.java:220)
&lt;/pre&gt;
&lt;/div&gt;&lt;/div&gt;</comment>
                            <comment id="14993665" author="hiveqa" created="Fri, 6 Nov 2015 13:29:35 +0000"  >

&lt;p&gt;Here are the results of testing the latest attachment:&lt;br/&gt;
&lt;a href=&quot;https://issues.apache.org/jira/secure/attachment/12770934/HIVE-12332.patch&quot; class=&quot;external-link&quot; rel=&quot;nofollow&quot;&gt;https://issues.apache.org/jira/secure/attachment/12770934/HIVE-12332.patch&lt;/a&gt;&lt;/p&gt;

&lt;p&gt;&lt;font color=&quot;green&quot;&gt;SUCCESS:&lt;/font&gt; +1 due to 1 test(s) being added or modified.&lt;/p&gt;

&lt;p&gt;&lt;font color=&quot;red&quot;&gt;ERROR:&lt;/font&gt; -1 due to 21 failed/errored test(s), 9774 tests executed&lt;br/&gt;
&lt;b&gt;Failed tests:&lt;/b&gt;&lt;/p&gt;
&lt;div class=&quot;preformatted panel&quot; style=&quot;border-width: 1px;&quot;&gt;&lt;div class=&quot;preformattedContent panelContent&quot;&gt;
&lt;pre&gt;org.apache.hadoop.hive.cli.TestCliDriver.testCliDriver_bucketsortoptimize_insert_1
org.apache.hadoop.hive.cli.TestCliDriver.testCliDriver_bucketsortoptimize_insert_2
org.apache.hadoop.hive.cli.TestCliDriver.testCliDriver_bucketsortoptimize_insert_3
org.apache.hadoop.hive.cli.TestCliDriver.testCliDriver_bucketsortoptimize_insert_6
org.apache.hadoop.hive.cli.TestCliDriver.testCliDriver_bucketsortoptimize_insert_7
org.apache.hadoop.hive.cli.TestCliDriver.testCliDriver_bucketsortoptimize_insert_8
org.apache.hadoop.hive.cli.TestCliDriver.testCliDriver_index_auto_mult_tables_compact
org.apache.hadoop.hive.cli.TestCliDriver.testCliDriver_smb_mapjoin_18
org.apache.hadoop.hive.cli.TestCliDriver.testCliDriver_smb_mapjoin_19
org.apache.hadoop.hive.cli.TestCliDriver.testCliDriver_smb_mapjoin_20
org.apache.hadoop.hive.cli.TestCliDriver.testCliDriver_smb_mapjoin_21
org.apache.hadoop.hive.cli.TestCliDriver.testCliDriver_smb_mapjoin_22
org.apache.hadoop.hive.cli.TestHBaseCliDriver.testCliDriver_hbase_queries
org.apache.hadoop.hive.cli.TestNegativeCliDriver.testNegativeCliDriver_authorization_uri_import
org.apache.hadoop.hive.cli.TestSparkCliDriver.testCliDriver_smb_mapjoin_18
org.apache.hadoop.hive.cli.TestSparkCliDriver.testCliDriver_smb_mapjoin_19
org.apache.hadoop.hive.cli.TestSparkCliDriver.testCliDriver_smb_mapjoin_20
org.apache.hadoop.hive.cli.TestSparkCliDriver.testCliDriver_smb_mapjoin_21
org.apache.hadoop.hive.cli.TestSparkCliDriver.testCliDriver_smb_mapjoin_22
org.apache.hadoop.hive.hwi.TestHWISessionManager.testHiveDriver
org.apache.hive.jdbc.TestSSL.testSSLVersion
&lt;/pre&gt;
&lt;/div&gt;&lt;/div&gt;

&lt;p&gt;Test results: &lt;a href=&quot;http://ec2-174-129-184-35.compute-1.amazonaws.com/jenkins/job/PreCommit-HIVE-TRUNK-Build/5947/testReport&quot; class=&quot;external-link&quot; rel=&quot;nofollow&quot;&gt;http://ec2-174-129-184-35.compute-1.amazonaws.com/jenkins/job/PreCommit-HIVE-TRUNK-Build/5947/testReport&lt;/a&gt;&lt;br/&gt;
Console output: &lt;a href=&quot;http://ec2-174-129-184-35.compute-1.amazonaws.com/jenkins/job/PreCommit-HIVE-TRUNK-Build/5947/console&quot; class=&quot;external-link&quot; rel=&quot;nofollow&quot;&gt;http://ec2-174-129-184-35.compute-1.amazonaws.com/jenkins/job/PreCommit-HIVE-TRUNK-Build/5947/console&lt;/a&gt;&lt;br/&gt;
Test logs: &lt;a href=&quot;http://ec2-174-129-184-35.compute-1.amazonaws.com/logs/PreCommit-HIVE-TRUNK-Build-5947/&quot; class=&quot;external-link&quot; rel=&quot;nofollow&quot;&gt;http://ec2-174-129-184-35.compute-1.amazonaws.com/logs/PreCommit-HIVE-TRUNK-Build-5947/&lt;/a&gt;&lt;/p&gt;

&lt;p&gt;Messages:&lt;/p&gt;
&lt;div class=&quot;preformatted panel&quot; style=&quot;border-width: 1px;&quot;&gt;&lt;div class=&quot;preformattedContent panelContent&quot;&gt;
&lt;pre&gt;Executing org.apache.hive.ptest.execution.TestCheckPhase
Executing org.apache.hive.ptest.execution.PrepPhase
Executing org.apache.hive.ptest.execution.ExecutionPhase
Executing org.apache.hive.ptest.execution.ReportingPhase
Tests exited with: TestsFailedException: 21 tests failed
&lt;/pre&gt;
&lt;/div&gt;&lt;/div&gt;

&lt;p&gt;This message is automatically generated.&lt;/p&gt;

&lt;p&gt;ATTACHMENT ID: 12770934 - PreCommit-HIVE-TRUNK-Build&lt;/p&gt;</comment>
                            <comment id="14993981" author="ashutoshc" created="Fri, 6 Nov 2015 17:03:34 +0000"  >&lt;p&gt;&lt;a href=&quot;https://reviews.apache.org/r/40028/&quot; class=&quot;external-link&quot; rel=&quot;nofollow&quot;&gt;https://reviews.apache.org/r/40028/&lt;/a&gt;&lt;/p&gt;</comment>
                            <comment id="14994304" author="hiveqa" created="Fri, 6 Nov 2015 19:38:35 +0000"  >

&lt;p&gt;Here are the results of testing the latest attachment:&lt;br/&gt;
&lt;a href=&quot;https://issues.apache.org/jira/secure/attachment/12771052/HIVE-12332.patch&quot; class=&quot;external-link&quot; rel=&quot;nofollow&quot;&gt;https://issues.apache.org/jira/secure/attachment/12771052/HIVE-12332.patch&lt;/a&gt;&lt;/p&gt;

&lt;p&gt;&lt;font color=&quot;green&quot;&gt;SUCCESS:&lt;/font&gt; +1 due to 1 test(s) being added or modified.&lt;/p&gt;

&lt;p&gt;&lt;font color=&quot;red&quot;&gt;ERROR:&lt;/font&gt; -1 due to 5 failed/errored test(s), 9763 tests executed&lt;br/&gt;
&lt;b&gt;Failed tests:&lt;/b&gt;&lt;/p&gt;
&lt;div class=&quot;preformatted panel&quot; style=&quot;border-width: 1px;&quot;&gt;&lt;div class=&quot;preformattedContent panelContent&quot;&gt;
&lt;pre&gt;org.apache.hadoop.hive.cli.TestHBaseCliDriver.testCliDriver_hbase_queries
org.apache.hadoop.hive.cli.TestMiniTezCliDriver.initializationError
org.apache.hadoop.hive.cli.TestNegativeCliDriver.testNegativeCliDriver_authorization_uri_import
org.apache.hadoop.hive.hwi.TestHWISessionManager.testHiveDriver
org.apache.hive.jdbc.TestSSL.testSSLVersion
&lt;/pre&gt;
&lt;/div&gt;&lt;/div&gt;

&lt;p&gt;Test results: &lt;a href=&quot;http://ec2-174-129-184-35.compute-1.amazonaws.com/jenkins/job/PreCommit-HIVE-TRUNK-Build/5953/testReport&quot; class=&quot;external-link&quot; rel=&quot;nofollow&quot;&gt;http://ec2-174-129-184-35.compute-1.amazonaws.com/jenkins/job/PreCommit-HIVE-TRUNK-Build/5953/testReport&lt;/a&gt;&lt;br/&gt;
Console output: &lt;a href=&quot;http://ec2-174-129-184-35.compute-1.amazonaws.com/jenkins/job/PreCommit-HIVE-TRUNK-Build/5953/console&quot; class=&quot;external-link&quot; rel=&quot;nofollow&quot;&gt;http://ec2-174-129-184-35.compute-1.amazonaws.com/jenkins/job/PreCommit-HIVE-TRUNK-Build/5953/console&lt;/a&gt;&lt;br/&gt;
Test logs: &lt;a href=&quot;http://ec2-174-129-184-35.compute-1.amazonaws.com/logs/PreCommit-HIVE-TRUNK-Build-5953/&quot; class=&quot;external-link&quot; rel=&quot;nofollow&quot;&gt;http://ec2-174-129-184-35.compute-1.amazonaws.com/logs/PreCommit-HIVE-TRUNK-Build-5953/&lt;/a&gt;&lt;/p&gt;

&lt;p&gt;Messages:&lt;/p&gt;
&lt;div class=&quot;preformatted panel&quot; style=&quot;border-width: 1px;&quot;&gt;&lt;div class=&quot;preformattedContent panelContent&quot;&gt;
&lt;pre&gt;Executing org.apache.hive.ptest.execution.TestCheckPhase
Executing org.apache.hive.ptest.execution.PrepPhase
Executing org.apache.hive.ptest.execution.ExecutionPhase
Executing org.apache.hive.ptest.execution.ReportingPhase
Tests exited with: TestsFailedException: 5 tests failed
&lt;/pre&gt;
&lt;/div&gt;&lt;/div&gt;

&lt;p&gt;This message is automatically generated.&lt;/p&gt;

&lt;p&gt;ATTACHMENT ID: 12771052 - PreCommit-HIVE-TRUNK-Build&lt;/p&gt;</comment>
                            <comment id="14995593" author="jcamachorodriguez" created="Sun, 8 Nov 2015 10:52:09 +0000"  >&lt;p&gt;LGTM, +1&lt;/p&gt;

&lt;p&gt;&lt;a href=&quot;https://issues.apache.org/jira/secure/ViewProfile.jspa?name=ashutoshc&quot; class=&quot;user-hover&quot; rel=&quot;ashutoshc&quot;&gt;Ashutosh Chauhan&lt;/a&gt;, should it be backported?&lt;/p&gt;</comment>
                            <comment id="14995904" author="ashutoshc" created="Mon, 9 Nov 2015 01:05:05 +0000"  >&lt;p&gt;Likely. I will test to check if backport is needed.&lt;br/&gt;
Pushed to master.&lt;/p&gt;</comment>
                            <comment id="14996103" author="lefty@hortonworks.com" created="Mon, 9 Nov 2015 06:41:07 +0000"  >&lt;p&gt;Erratum:  The commit gives the wrong JIRA issue number but the right summary text &#8211; &quot;&lt;a href=&quot;https://issues.apache.org/jira/browse/HIVE-12232&quot; title=&quot;Create external table failed when enabled StorageBasedAuthorization&quot; class=&quot;issue-link&quot; data-issue-key=&quot;HIVE-12232&quot;&gt;&lt;del&gt;HIVE-12232&lt;/del&gt;&lt;/a&gt; : BucketingSortingReduceSinkOptimizer throws IOB exception for duplicate columns&quot;.&lt;/p&gt;

&lt;p&gt;It&apos;s commit 1efb92a8e5ba5aa662fc26a8bcaa5c972c18f7c6.&lt;/p&gt;

&lt;p&gt;&lt;a href=&quot;https://issues.apache.org/jira/secure/ViewProfile.jspa?name=ashutoshc&quot; class=&quot;user-hover&quot; rel=&quot;ashutoshc&quot;&gt;Ashutosh Chauhan&lt;/a&gt;, please update the errata.txt file (see &lt;a href=&quot;https://issues.apache.org/jira/browse/HIVE-11704&quot; title=&quot;Create errata.txt file&quot; class=&quot;issue-link&quot; data-issue-key=&quot;HIVE-11704&quot;&gt;&lt;del&gt;HIVE-11704&lt;/del&gt;&lt;/a&gt;).&lt;/p&gt;</comment>
                    </comments>
                    <attachments>
                            <attachment id="12771052" name="HIVE-12332.patch" size="6653" author="ashutoshc" created="Fri, 6 Nov 2015 16:58:40 +0000"/>
                            <attachment id="12770934" name="HIVE-12332.patch" size="6653" author="ashutoshc" created="Fri, 6 Nov 2015 02:27:54 +0000"/>
                    </attachments>
                <subtasks>
                    </subtasks>
                <customfields>
                                                <customfield id="customfield_12310310" key="com.atlassian.jira.toolkit:attachments">
                        <customfieldname>Attachment count</customfieldname>
                        <customfieldvalues>
                            <customfieldvalue>2.0</customfieldvalue>
                        </customfieldvalues>
                    </customfield>
                                                                                                                                                                                                                                                                                                                                                                                                                                                                                                                                <customfield id="customfield_12310220" key="com.atlassian.jira.ext.charting:firstresponsedate">
                        <customfieldname>Date of First Response</customfieldname>
                        <customfieldvalues>
                            <customfieldvalue>Fri, 6 Nov 2015 13:29:35 +0000</customfieldvalue>

                        </customfieldvalues>
                    </customfield>
                                                                                                                                                                                                                                                                                                                                                                                                                                            <customfield id="customfield_12310420" key="com.pyxis.greenhopper.jira:gh-global-rank">
                        <customfieldname>Global Rank</customfieldname>
                        <customfieldvalues>
                            <customfieldvalue>9223372036854775807</customfieldvalue>
                        </customfieldvalues>
                    </customfield>
                                                                                                                                                    <customfield id="customfield_12312521" key="com.atlassian.jira.toolkit:LastCommentDate">
                        <customfieldname>Last public comment date</customfieldname>
                        <customfieldvalues>
                            1 year, 3 weeks, 3 days ago
                        </customfieldvalues>
                    </customfield>
                                                                                            <customfield id="customfield_12311820" key="com.pyxis.greenhopper.jira:gh-lexo-rank">
                        <customfieldname>Rank</customfieldname>
                        <customfieldvalues>
                            <customfieldvalue>0|i2nx73:</customfieldvalue>

                        </customfieldvalues>
                    </customfield>
                                                                <customfield id="customfield_12310920" key="com.pyxis.greenhopper.jira:gh-global-rank">
                        <customfieldname>Rank (Obsolete)</customfieldname>
                        <customfieldvalues>
                            <customfieldvalue>9223372036854775807</customfieldvalue>
                        </customfieldvalues>
                    </customfield>
                                                                                                                                                                                                                                                                                                                            <customfield id="customfield_12310222" key="com.atlassian.jira.ext.charting:timeinstatus">
                        <customfieldname>Time in Status</customfieldname>
                        <customfieldvalues>
                            
                        </customfieldvalues>
                    </customfield>
                                                                                                                        </customfields>
    </item>
</channel>
</rss>