<!-- 
RSS generated by JIRA (6.3.4#6332-sha1:51bc225ef474afe3128b2f66878477f322397b16) at Fri Dec 02 06:15:35 UTC 2016

It is possible to restrict the fields that are returned in this document by specifying the 'field' parameter in your request.
For example, to request only the issue key and summary add field=key&field=summary to the URL of your request.
For example:
https://issues.apache.org/jira/si/jira.issueviews:issue-xml/HIVE-12208/HIVE-12208.xml?field=key&amp;field=summary
-->
<rss version="0.92" >
<channel>
    <title>ASF JIRA</title>
    <link>https://issues.apache.org/jira</link>
    <description>This file is an XML representation of an issue</description>
    <language>en-uk</language>    <build-info>
        <version>6.3.4</version>
        <build-number>6332</build-number>
        <build-date>15-08-2014</build-date>
    </build-info>

<item>
            <title>[HIVE-12208] Vectorized JOIN NPE on dynamically partitioned hash-join + map-join</title>
                <link>https://issues.apache.org/jira/browse/HIVE-12208</link>
                <project id="12310843" key="HIVE">Hive</project>
                    <description>&lt;p&gt;TPC-DS Q82 with reducer vectorized join optimizations&lt;/p&gt;

&lt;div class=&quot;code panel&quot; style=&quot;border-width: 1px;&quot;&gt;&lt;div class=&quot;codeContent panelContent&quot;&gt;
&lt;pre class=&quot;code-java&quot;&gt;
  Reducer 5 &amp;lt;- Map 1 (CUSTOM_SIMPLE_EDGE), Map 2 (CUSTOM_SIMPLE_EDGE), Map 3 (BROADCAST_EDGE), Map 4 (CUSTOM_SIMPLE_EDGE)
&lt;/pre&gt;
&lt;/div&gt;&lt;/div&gt;

&lt;div class=&quot;code panel&quot; style=&quot;border-width: 1px;&quot;&gt;&lt;div class=&quot;codeContent panelContent&quot;&gt;
&lt;pre class=&quot;code-java&quot;&gt;
set hive.optimize.dynamic.partition.hashjoin=&lt;span class=&quot;code-keyword&quot;&gt;true&lt;/span&gt;;
set hive.vectorized.execution.reduce.enabled=&lt;span class=&quot;code-keyword&quot;&gt;true&lt;/span&gt;;
set hive.mapjoin.hybridgrace.hashtable=&lt;span class=&quot;code-keyword&quot;&gt;false&lt;/span&gt;;

select  i_item_id
       ,i_item_desc
       ,i_current_price
 from item, inventory, date_dim, store_sales
 where i_current_price between 30 and 30+30
 and inv_item_sk = i_item_sk
 and d_date_sk=inv_date_sk
 and d_date between &apos;2002-05-30&apos; and &apos;2002-07-30&apos;
 and i_manufact_id in (437,129,727,663)
 and inv_quantity_on_hand between 100 and 500
 and ss_item_sk = i_item_sk
 group by i_item_id,i_item_desc,i_current_price
 order by i_item_id
 limit 100
&lt;/pre&gt;
&lt;/div&gt;&lt;/div&gt;

&lt;p&gt;possibly a trivial plan setup issue, since the NPE is pretty much immediate.&lt;/p&gt;

&lt;div class=&quot;code panel&quot; style=&quot;border-width: 1px;&quot;&gt;&lt;div class=&quot;codeContent panelContent&quot;&gt;
&lt;pre class=&quot;code-java&quot;&gt;
Caused by: org.apache.hadoop.hive.ql.metadata.HiveException: java.lang.NullPointerException
	at org.apache.hadoop.hive.ql.exec.vector.mapjoin.VectorMapJoinInnerLongOperator.process(VectorMapJoinInnerLongOperator.java:368)
	at org.apache.hadoop.hive.ql.exec.Operator.forward(Operator.java:852)
	at org.apache.hadoop.hive.ql.exec.vector.mapjoin.VectorMapJoinGenerateResultOperator.forwardBigTableBatch(VectorMapJoinGenerateResultOperator.java:603)
	at org.apache.hadoop.hive.ql.exec.vector.mapjoin.VectorMapJoinInnerLongOperator.process(VectorMapJoinInnerLongOperator.java:362)
	... 19 more
Caused by: java.lang.NullPointerException
	at org.apache.hadoop.hive.ql.exec.vector.mapjoin.VectorMapJoinInnerGenerateResultOperator.commonSetup(VectorMapJoinInnerGenerateResultOperator.java:112)
	at org.apache.hadoop.hive.ql.exec.vector.mapjoin.VectorMapJoinInnerLongOperator.process(VectorMapJoinInnerLongOperator.java:96)
	... 22 more
&lt;/pre&gt;
&lt;/div&gt;&lt;/div&gt;</description>
                <environment></environment>
        <key id="12905771">HIVE-12208</key>
            <summary>Vectorized JOIN NPE on dynamically partitioned hash-join + map-join</summary>
                <type id="1" iconUrl="https://issues.apache.org/jira/images/icons/issuetypes/bug.png">Bug</type>
                                            <priority id="3" iconUrl="https://issues.apache.org/jira/images/icons/priorities/major.png">Major</priority>
                        <status id="6" iconUrl="https://issues.apache.org/jira/images/icons/statuses/closed.png" description="The issue is considered finished, the resolution is correct. Issues which are closed can be reopened.">Closed</status>
                    <statusCategory id="3" key="done" colorName="green"/>
                                    <resolution id="1">Fixed</resolution>
                                        <assignee username="hagleitn">Gunther Hagleitner</assignee>
                                    <reporter username="gopalv">Gopal V</reporter>
                        <labels>
                    </labels>
                <created>Sun, 18 Oct 2015 07:10:26 +0000</created>
                <updated>Tue, 16 Feb 2016 23:52:56 +0000</updated>
                            <resolved>Wed, 11 Nov 2015 21:48:53 +0000</resolved>
                                    <version>2.0.0</version>
                                    <fixVersion>1.3.0</fixVersion>
                    <fixVersion>2.0.0</fixVersion>
                                    <component>Vectorization</component>
                        <due></due>
                            <votes>0</votes>
                                    <watches>5</watches>
                                                                <comments>
                            <comment id="14979246" author="gopalv" created="Wed, 28 Oct 2015 21:15:50 +0000"  >&lt;p&gt;The bug disappears when the broadcast mapjoin has been pushed out of the Reducer 5.&lt;/p&gt;

&lt;p&gt;This is only an error in a scenario where the hashtable is not built for each version of the plan - which never happens for 1 container Tez.&lt;/p&gt;</comment>
                            <comment id="14986328" author="mmccline" created="Tue, 3 Nov 2015 00:07:43 +0000"  >&lt;p&gt;Attached a patch that is a bug detector.  It adds default cases for the switch stmts that create the native vector map join classes.  And assert the hash table is not null.&lt;/p&gt;

&lt;p&gt;If this patch doesn&apos;t trigger, then the only other idea I have is I did have a problem with MapJoinBytesTableContainer.isSupportedKey rejecting using the MapJoinBytesTableContainer when I had already approved it for native vector map join.  But that should have resulted in a cast error.&lt;/p&gt;</comment>
                            <comment id="14986426" author="gopalv" created="Tue, 3 Nov 2015 01:08:31 +0000"  >&lt;p&gt;This bug has something to do with the cached hashtables, being reloaded during runtime - is not a direct issue with planning.&lt;/p&gt;</comment>
                            <comment id="14986472" author="sershe" created="Tue, 3 Nov 2015 01:39:06 +0000"  >&lt;p&gt;Wrong jira&lt;/p&gt;</comment>
                            <comment id="15000115" author="hagleitn" created="Wed, 11 Nov 2015 08:37:54 +0000"  >&lt;p&gt;&lt;a href=&quot;https://issues.apache.org/jira/secure/ViewProfile.jspa?name=mmccline&quot; class=&quot;user-hover&quot; rel=&quot;mmccline&quot;&gt;Matt McCline&lt;/a&gt; can you take a look?&lt;/p&gt;</comment>
                            <comment id="15000302" author="hiveqa" created="Wed, 11 Nov 2015 12:26:00 +0000"  >

&lt;p&gt;Here are the results of testing the latest attachment:&lt;br/&gt;
&lt;a href=&quot;https://issues.apache.org/jira/secure/attachment/12771683/HIVE-12208.2.patch&quot; class=&quot;external-link&quot; rel=&quot;nofollow&quot;&gt;https://issues.apache.org/jira/secure/attachment/12771683/HIVE-12208.2.patch&lt;/a&gt;&lt;/p&gt;

&lt;p&gt;&lt;font color=&quot;red&quot;&gt;ERROR:&lt;/font&gt; -1 due to no test(s) being added or modified.&lt;/p&gt;

&lt;p&gt;&lt;font color=&quot;red&quot;&gt;ERROR:&lt;/font&gt; -1 due to 4 failed/errored test(s), 9779 tests executed&lt;br/&gt;
&lt;b&gt;Failed tests:&lt;/b&gt;&lt;/p&gt;
&lt;div class=&quot;preformatted panel&quot; style=&quot;border-width: 1px;&quot;&gt;&lt;div class=&quot;preformattedContent panelContent&quot;&gt;
&lt;pre&gt;org.apache.hadoop.hive.cli.TestCliDriver.testCliDriver_cbo_rp_annotate_stats_groupby
org.apache.hadoop.hive.cli.TestNegativeCliDriver.testNegativeCliDriver_authorization_uri_import
org.apache.hadoop.hive.hwi.TestHWISessionManager.testHiveDriver
org.apache.hive.jdbc.TestSSL.testSSLVersion
&lt;/pre&gt;
&lt;/div&gt;&lt;/div&gt;

&lt;p&gt;Test results: &lt;a href=&quot;http://ec2-174-129-184-35.compute-1.amazonaws.com/jenkins/job/PreCommit-HIVE-TRUNK-Build/5996/testReport&quot; class=&quot;external-link&quot; rel=&quot;nofollow&quot;&gt;http://ec2-174-129-184-35.compute-1.amazonaws.com/jenkins/job/PreCommit-HIVE-TRUNK-Build/5996/testReport&lt;/a&gt;&lt;br/&gt;
Console output: &lt;a href=&quot;http://ec2-174-129-184-35.compute-1.amazonaws.com/jenkins/job/PreCommit-HIVE-TRUNK-Build/5996/console&quot; class=&quot;external-link&quot; rel=&quot;nofollow&quot;&gt;http://ec2-174-129-184-35.compute-1.amazonaws.com/jenkins/job/PreCommit-HIVE-TRUNK-Build/5996/console&lt;/a&gt;&lt;br/&gt;
Test logs: &lt;a href=&quot;http://ec2-174-129-184-35.compute-1.amazonaws.com/logs/PreCommit-HIVE-TRUNK-Build-5996/&quot; class=&quot;external-link&quot; rel=&quot;nofollow&quot;&gt;http://ec2-174-129-184-35.compute-1.amazonaws.com/logs/PreCommit-HIVE-TRUNK-Build-5996/&lt;/a&gt;&lt;/p&gt;

&lt;p&gt;Messages:&lt;/p&gt;
&lt;div class=&quot;preformatted panel&quot; style=&quot;border-width: 1px;&quot;&gt;&lt;div class=&quot;preformattedContent panelContent&quot;&gt;
&lt;pre&gt;Executing org.apache.hive.ptest.execution.TestCheckPhase
Executing org.apache.hive.ptest.execution.PrepPhase
Executing org.apache.hive.ptest.execution.ExecutionPhase
Executing org.apache.hive.ptest.execution.ReportingPhase
Tests exited with: TestsFailedException: 4 tests failed
&lt;/pre&gt;
&lt;/div&gt;&lt;/div&gt;

&lt;p&gt;This message is automatically generated.&lt;/p&gt;

&lt;p&gt;ATTACHMENT ID: 12771683 - PreCommit-HIVE-TRUNK-Build&lt;/p&gt;</comment>
                            <comment id="15000834" author="mmccline" created="Wed, 11 Nov 2015 18:16:39 +0000"  >&lt;p&gt;LGTM +1&lt;/p&gt;</comment>
                            <comment id="15001181" author="hagleitn" created="Wed, 11 Nov 2015 21:48:53 +0000"  >&lt;p&gt;Committed to master and branch-1&lt;/p&gt;</comment>
                    </comments>
                    <attachments>
                            <attachment id="12770201" name="HIVE-12208.01.patch" size="4933" author="mmccline" created="Tue, 3 Nov 2015 00:03:21 +0000"/>
                            <attachment id="12771683" name="HIVE-12208.2.patch" size="3553" author="hagleitn" created="Wed, 11 Nov 2015 02:52:30 +0000"/>
                            <attachment id="12769403" name="query82.txt" size="11462" author="gopalv" created="Wed, 28 Oct 2015 21:13:10 +0000"/>
                    </attachments>
                <subtasks>
                    </subtasks>
                <customfields>
                                                <customfield id="customfield_12310310" key="com.atlassian.jira.toolkit:attachments">
                        <customfieldname>Attachment count</customfieldname>
                        <customfieldvalues>
                            <customfieldvalue>3.0</customfieldvalue>
                        </customfieldvalues>
                    </customfield>
                                                                                                                                                                                                                                                                                                                                                                                                                                                                                                                                <customfield id="customfield_12310220" key="com.atlassian.jira.ext.charting:firstresponsedate">
                        <customfieldname>Date of First Response</customfieldname>
                        <customfieldvalues>
                            <customfieldvalue>Tue, 3 Nov 2015 00:07:43 +0000</customfieldvalue>

                        </customfieldvalues>
                    </customfield>
                                                                                                                                                                                                                                                                                                                                                                                                                                            <customfield id="customfield_12310420" key="com.pyxis.greenhopper.jira:gh-global-rank">
                        <customfieldname>Global Rank</customfieldname>
                        <customfieldvalues>
                            <customfieldvalue>9223372036854775807</customfieldvalue>
                        </customfieldvalues>
                    </customfield>
                                                                                                                                                    <customfield id="customfield_12312521" key="com.atlassian.jira.toolkit:LastCommentDate">
                        <customfieldname>Last public comment date</customfieldname>
                        <customfieldvalues>
                            1 year, 3 weeks, 1 day ago
                        </customfieldvalues>
                    </customfield>
                                                                                            <customfield id="customfield_12311820" key="com.pyxis.greenhopper.jira:gh-lexo-rank">
                        <customfieldname>Rank</customfieldname>
                        <customfieldvalues>
                            <customfieldvalue>0|i2n5rr:</customfieldvalue>

                        </customfieldvalues>
                    </customfield>
                                                                <customfield id="customfield_12310920" key="com.pyxis.greenhopper.jira:gh-global-rank">
                        <customfieldname>Rank (Obsolete)</customfieldname>
                        <customfieldvalues>
                            <customfieldvalue>9223372036854775807</customfieldvalue>
                        </customfieldvalues>
                    </customfield>
                                                                                                                                                                                                                                                                                                                            <customfield id="customfield_12310222" key="com.atlassian.jira.ext.charting:timeinstatus">
                        <customfieldname>Time in Status</customfieldname>
                        <customfieldvalues>
                            
                        </customfieldvalues>
                    </customfield>
                                                                                                                        </customfields>
    </item>
</channel>
</rss>