<!-- 
RSS generated by JIRA (6.3.4#6332-sha1:51bc225ef474afe3128b2f66878477f322397b16) at Sun Dec 04 00:16:34 UTC 2016

It is possible to restrict the fields that are returned in this document by specifying the 'field' parameter in your request.
For example, to request only the issue key and summary add field=key&field=summary to the URL of your request.
For example:
https://issues.apache.org/jira/si/jira.issueviews:issue-xml/HIVE-10059/HIVE-10059.xml?field=key&amp;field=summary
-->
<rss version="0.92" >
<channel>
    <title>ASF JIRA</title>
    <link>https://issues.apache.org/jira</link>
    <description>This file is an XML representation of an issue</description>
    <language>en-uk</language>    <build-info>
        <version>6.3.4</version>
        <build-number>6332</build-number>
        <build-date>15-08-2014</build-date>
    </build-info>

<item>
            <title>[HIVE-10059] Make udaf_percentile_approx_23.q test more stable</title>
                <link>https://issues.apache.org/jira/browse/HIVE-10059</link>
                <project id="12310843" key="HIVE">Hive</project>
                    <description>&lt;p&gt;I think the result of the test is not deterministic&lt;br/&gt;
Sometimes line 626 in the output shows 256.0 sometimes 255.5&lt;br/&gt;
Both results are correct because this UDAF returns approximate result.&lt;br/&gt;
Probably results in the range of 255-257 should be considered as correct&lt;/p&gt;
</description>
                <environment></environment>
        <key id="12784884">HIVE-10059</key>
            <summary>Make udaf_percentile_approx_23.q test more stable</summary>
                <type id="1" iconUrl="https://issues.apache.org/jira/images/icons/issuetypes/bug.png">Bug</type>
                                            <priority id="3" iconUrl="https://issues.apache.org/jira/images/icons/priorities/major.png">Major</priority>
                        <status id="6" iconUrl="https://issues.apache.org/jira/images/icons/statuses/closed.png" description="The issue is considered finished, the resolution is correct. Issues which are closed can be reopened.">Closed</status>
                    <statusCategory id="3" key="done" colorName="green"/>
                                    <resolution id="1">Fixed</resolution>
                                        <assignee username="apivovarov">Alexander Pivovarov</assignee>
                                    <reporter username="apivovarov">Alexander Pivovarov</reporter>
                        <labels>
                    </labels>
                <created>Mon, 23 Mar 2015 17:29:27 +0000</created>
                <updated>Mon, 18 May 2015 20:29:56 +0000</updated>
                            <resolved>Tue, 31 Mar 2015 17:42:23 +0000</resolved>
                                                    <fixVersion>1.2.0</fixVersion>
                                    <component>Tests</component>
                        <due></due>
                            <votes>0</votes>
                                    <watches>4</watches>
                                                                <comments>
                            <comment id="14376301" author="apivovarov" created="Mon, 23 Mar 2015 18:03:20 +0000"  >&lt;p&gt;patch #1&lt;/p&gt;</comment>
                            <comment id="14376596" author="hiveqa" created="Mon, 23 Mar 2015 20:43:35 +0000"  >

&lt;p&gt;&lt;font color=&quot;red&quot;&gt;Overall&lt;/font&gt;: -1 at least one tests failed&lt;/p&gt;

&lt;p&gt;Here are the results of testing the latest attachment:&lt;br/&gt;
&lt;a href=&quot;https://issues.apache.org/jira/secure/attachment/12706663/HIVE-10059.1.patch&quot; class=&quot;external-link&quot; rel=&quot;nofollow&quot;&gt;https://issues.apache.org/jira/secure/attachment/12706663/HIVE-10059.1.patch&lt;/a&gt;&lt;/p&gt;

&lt;p&gt;&lt;font color=&quot;red&quot;&gt;ERROR:&lt;/font&gt; -1 due to 1 failed/errored test(s), 7818 tests executed&lt;br/&gt;
&lt;b&gt;Failed tests:&lt;/b&gt;&lt;/p&gt;
&lt;div class=&quot;preformatted panel&quot; style=&quot;border-width: 1px;&quot;&gt;&lt;div class=&quot;preformattedContent panelContent&quot;&gt;
&lt;pre&gt;org.apache.hadoop.hive.metastore.txn.TestCompactionTxnHandler.testRevokeTimedOutWorkers
&lt;/pre&gt;
&lt;/div&gt;&lt;/div&gt;

&lt;p&gt;Test results: &lt;a href=&quot;http://ec2-174-129-184-35.compute-1.amazonaws.com/jenkins/job/PreCommit-HIVE-TRUNK-Build/3120/testReport&quot; class=&quot;external-link&quot; rel=&quot;nofollow&quot;&gt;http://ec2-174-129-184-35.compute-1.amazonaws.com/jenkins/job/PreCommit-HIVE-TRUNK-Build/3120/testReport&lt;/a&gt;&lt;br/&gt;
Console output: &lt;a href=&quot;http://ec2-174-129-184-35.compute-1.amazonaws.com/jenkins/job/PreCommit-HIVE-TRUNK-Build/3120/console&quot; class=&quot;external-link&quot; rel=&quot;nofollow&quot;&gt;http://ec2-174-129-184-35.compute-1.amazonaws.com/jenkins/job/PreCommit-HIVE-TRUNK-Build/3120/console&lt;/a&gt;&lt;br/&gt;
Test logs: &lt;a href=&quot;http://ec2-174-129-184-35.compute-1.amazonaws.com/logs/PreCommit-HIVE-TRUNK-Build-3120/&quot; class=&quot;external-link&quot; rel=&quot;nofollow&quot;&gt;http://ec2-174-129-184-35.compute-1.amazonaws.com/logs/PreCommit-HIVE-TRUNK-Build-3120/&lt;/a&gt;&lt;/p&gt;

&lt;p&gt;Messages:&lt;/p&gt;
&lt;div class=&quot;preformatted panel&quot; style=&quot;border-width: 1px;&quot;&gt;&lt;div class=&quot;preformattedContent panelContent&quot;&gt;
&lt;pre&gt;Executing org.apache.hive.ptest.execution.PrepPhase
Executing org.apache.hive.ptest.execution.ExecutionPhase
Executing org.apache.hive.ptest.execution.ReportingPhase
Tests exited with: TestsFailedException: 1 tests failed
&lt;/pre&gt;
&lt;/div&gt;&lt;/div&gt;

&lt;p&gt;This message is automatically generated.&lt;/p&gt;

&lt;p&gt;ATTACHMENT ID: 12706663 - PreCommit-HIVE-TRUNK-Build&lt;/p&gt;</comment>
                            <comment id="14377090" author="jdere" created="Tue, 24 Mar 2015 01:55:48 +0000"  >&lt;p&gt;Ideally it&apos;d be nice to know the reason for the intermittent failures.&lt;br/&gt;
I&apos;m going to give this a tentative +1 and keep this one open a few days&lt;/p&gt;</comment>
                            <comment id="14388916" author="jdere" created="Tue, 31 Mar 2015 17:42:23 +0000"  >&lt;p&gt;Committed to trunk&lt;/p&gt;</comment>
                            <comment id="14498359" author="aihuaxu" created="Thu, 16 Apr 2015 17:36:47 +0000"  >&lt;p&gt;There is a failure to have a different value.&lt;br/&gt;
&amp;lt; 342.0&lt;br/&gt;
&amp;#8212;&lt;br/&gt;
&amp;gt; 341.5&lt;/p&gt;</comment>
                            <comment id="14536878" author="apivovarov" created="Sat, 9 May 2015 20:32:02 +0000"  >&lt;p&gt;need to fix line 567 as well&lt;/p&gt;
&lt;div class=&quot;code panel&quot; style=&quot;border-width: 1px;&quot;&gt;&lt;div class=&quot;codeContent panelContent&quot;&gt;
&lt;pre class=&quot;code-java&quot;&gt;
Running: diff -a /home/hiveptest/54.159.254.207-hiveptest-2/apache-github-source-source/itests/qtest/../../itests/qtest/target/qfile-results/clientpositive/udaf_percentile_approx_23.q.out /home/hiveptest/54.159.254.207-hiveptest-2/apache-github-source-source/itests/qtest/../../ql/src/test/results/clientpositive/udaf_percentile_approx_23.q.out
567c567
&amp;lt; 342.0
---
&amp;gt; 341.5
&lt;/pre&gt;
&lt;/div&gt;&lt;/div&gt;</comment>
                            <comment id="14536881" author="apivovarov" created="Sat, 9 May 2015 20:36:43 +0000"  >&lt;p&gt;opened &lt;a href=&quot;https://issues.apache.org/jira/browse/HIVE-10665&quot; title=&quot;Continue to make udaf_percentile_approx_23.q test more stable&quot; class=&quot;issue-link&quot; data-issue-key=&quot;HIVE-10665&quot;&gt;&lt;del&gt;HIVE-10665&lt;/del&gt;&lt;/a&gt; to fix it&lt;/p&gt;</comment>
                            <comment id="14549002" author="sushanth" created="Mon, 18 May 2015 19:55:07 +0000"  >&lt;p&gt;This issue has been fixed and released as part of the 1.2.0 release. If you find an issue which seems to be related to this one, please create a new jira and link this one with new jira.&lt;/p&gt;</comment>
                            <comment id="14549159" author="apivovarov" created="Mon, 18 May 2015 20:29:56 +0000"  >&lt;p&gt;Can you look at &lt;a href=&quot;https://issues.apache.org/jira/browse/HIVE-10665&quot; title=&quot;Continue to make udaf_percentile_approx_23.q test more stable&quot; class=&quot;issue-link&quot; data-issue-key=&quot;HIVE-10665&quot;&gt;&lt;del&gt;HIVE-10665&lt;/del&gt;&lt;/a&gt; ?&lt;/p&gt;</comment>
                    </comments>
                <issuelinks>
                            <issuelinktype id="12310000">
                    <name>Duplicate</name>
                                            <outwardlinks description="duplicates">
                                        <issuelink>
            <issuekey id="12778924">HIVE-9833</issuekey>
        </issuelink>
                            </outwardlinks>
                                                                <inwardlinks description="is duplicated by">
                                        <issuelink>
            <issuekey id="12785893">HIVE-10096</issuekey>
        </issuelink>
                            </inwardlinks>
                                    </issuelinktype>
                            <issuelinktype id="10030">
                    <name>Reference</name>
                                                                <inwardlinks description="is related to">
                                        <issuelink>
            <issuekey id="12770152">HIVE-9468</issuekey>
        </issuelink>
            <issuelink>
            <issuekey id="12828620">HIVE-10665</issuekey>
        </issuelink>
                            </inwardlinks>
                                    </issuelinktype>
                    </issuelinks>
                <attachments>
                            <attachment id="12706663" name="HIVE-10059.1.patch" size="2558" author="apivovarov" created="Mon, 23 Mar 2015 18:03:20 +0000"/>
                    </attachments>
                <subtasks>
                    </subtasks>
                <customfields>
                                                <customfield id="customfield_12310310" key="com.atlassian.jira.toolkit:attachments">
                        <customfieldname>Attachment count</customfieldname>
                        <customfieldvalues>
                            <customfieldvalue>1.0</customfieldvalue>
                        </customfieldvalues>
                    </customfield>
                                                                                                                                                                                                                                                                                                                                                                                                                                                                                                                                <customfield id="customfield_12310220" key="com.atlassian.jira.ext.charting:firstresponsedate">
                        <customfieldname>Date of First Response</customfieldname>
                        <customfieldvalues>
                            <customfieldvalue>Mon, 23 Mar 2015 20:43:35 +0000</customfieldvalue>

                        </customfieldvalues>
                    </customfield>
                                                                                                                                                                                                                                                                                                                                                                                                                                            <customfield id="customfield_12310420" key="com.pyxis.greenhopper.jira:gh-global-rank">
                        <customfieldname>Global Rank</customfieldname>
                        <customfieldvalues>
                            <customfieldvalue>9223372036854775807</customfieldvalue>
                        </customfieldvalues>
                    </customfield>
                                                                                                                                                    <customfield id="customfield_12312521" key="com.atlassian.jira.toolkit:LastCommentDate">
                        <customfieldname>Last public comment date</customfieldname>
                        <customfieldvalues>
                            1 year, 28 weeks, 5 days ago
                        </customfieldvalues>
                    </customfield>
                                                                                            <customfield id="customfield_12311820" key="com.pyxis.greenhopper.jira:gh-lexo-rank">
                        <customfieldname>Rank</customfieldname>
                        <customfieldvalues>
                            <customfieldvalue>0|i278jb:</customfieldvalue>

                        </customfieldvalues>
                    </customfield>
                                                                <customfield id="customfield_12310920" key="com.pyxis.greenhopper.jira:gh-global-rank">
                        <customfieldname>Rank (Obsolete)</customfieldname>
                        <customfieldvalues>
                            <customfieldvalue>9223372036854775807</customfieldvalue>
                        </customfieldvalues>
                    </customfield>
                                                                                                                                                                                                                                                                                                                            <customfield id="customfield_12310222" key="com.atlassian.jira.ext.charting:timeinstatus">
                        <customfieldname>Time in Status</customfieldname>
                        <customfieldvalues>
                            
                        </customfieldvalues>
                    </customfield>
                                                                                                                        </customfields>
    </item>
</channel>
</rss>