<!-- 
RSS generated by JIRA (6.3.4#6332-sha1:51bc225ef474afe3128b2f66878477f322397b16) at Sat Dec 03 23:08:27 UTC 2016

It is possible to restrict the fields that are returned in this document by specifying the 'field' parameter in your request.
For example, to request only the issue key and summary add field=key&field=summary to the URL of your request.
For example:
https://issues.apache.org/jira/si/jira.issueviews:issue-xml/HIVE-11069/HIVE-11069.xml?field=key&amp;field=summary
-->
<rss version="0.92" >
<channel>
    <title>ASF JIRA</title>
    <link>https://issues.apache.org/jira</link>
    <description>This file is an XML representation of an issue</description>
    <language>en-uk</language>    <build-info>
        <version>6.3.4</version>
        <build-number>6332</build-number>
        <build-date>15-08-2014</build-date>
    </build-info>

<item>
            <title>[HIVE-11069] ColumnStatsTask doesn&apos;t work with hive.exec.parallel</title>
                <link>https://issues.apache.org/jira/browse/HIVE-11069</link>
                <project id="12310843" key="HIVE">Hive</project>
                    <description>&lt;p&gt;Try a simple query:&lt;/p&gt;

&lt;div class=&quot;code panel&quot; style=&quot;border-width: 1px;&quot;&gt;&lt;div class=&quot;codeContent panelContent&quot;&gt;
&lt;pre class=&quot;code-java&quot;&gt;
hive&amp;gt; set hive.exec.parallel=&lt;span class=&quot;code-keyword&quot;&gt;true&lt;/span&gt;;
hive&amp;gt; analyze table src compute statistics &lt;span class=&quot;code-keyword&quot;&gt;for&lt;/span&gt; columns;
&lt;/pre&gt;
&lt;/div&gt;&lt;/div&gt;

&lt;p&gt;It fails with errors similar to:&lt;/p&gt;

&lt;div class=&quot;code panel&quot; style=&quot;border-width: 1px;&quot;&gt;&lt;div class=&quot;codeContent panelContent&quot;&gt;
&lt;pre class=&quot;code-java&quot;&gt;
FAILED: Execution Error, &lt;span class=&quot;code-keyword&quot;&gt;return&lt;/span&gt; code 1 from org.apache.hadoop.hive.ql.exec.ColumnStatsTask
hive&amp;gt; java.lang.RuntimeException: Error caching map.xml: java.io.IOException: java.lang.InterruptedException
	at org.apache.hadoop.hive.ql.exec.Utilities.setBaseWork(Utilities.java:747)
	at org.apache.hadoop.hive.ql.exec.Utilities.setMapWork(Utilities.java:682)
	at org.apache.hadoop.hive.ql.exec.Utilities.setMapRedWork(Utilities.java:674)
	at org.apache.hadoop.hive.ql.exec.mr.ExecDriver.execute(ExecDriver.java:375)
	at org.apache.hadoop.hive.ql.exec.mr.MapRedTask.execute(MapRedTask.java:137)
	at org.apache.hadoop.hive.ql.exec.Task.executeTask(Task.java:160)
	at org.apache.hadoop.hive.ql.exec.TaskRunner.runSequential(TaskRunner.java:88)
	at org.apache.hadoop.hive.ql.exec.TaskRunner.run(TaskRunner.java:75)
Caused by: java.io.IOException: java.lang.InterruptedException
	at org.apache.hadoop.ipc.Client.call(Client.java:1450)
	at org.apache.hadoop.ipc.Client.call(Client.java:1402)
	at org.apache.hadoop.ipc.ProtobufRpcEngine$Invoker.invoke(ProtobufRpcEngine.java:232)
	at com.sun.proxy.$Proxy14.mkdirs(Unknown Source)
	at org.apache.hadoop.hdfs.protocolPB.ClientNamenodeProtocolTranslatorPB.mkdirs(ClientNamenodeProtocolTranslatorPB.java:539)
	at sun.reflect.NativeMethodAccessorImpl.invoke0(Native Method)
	at sun.reflect.NativeMethodAccessorImpl.invoke(NativeMethodAccessorImpl.java:57)
	at sun.reflect.DelegatingMethodAccessorImpl.invoke(DelegatingMethodAccessorImpl.java:43)
	at java.lang.reflect.Method.invoke(Method.java:606)
	at org.apache.hadoop.io.retry.RetryInvocationHandler.invokeMethod(RetryInvocationHandler.java:187)
	at org.apache.hadoop.io.retry.RetryInvocationHandler.invoke(RetryInvocationHandler.java:102)
	at com.sun.proxy.$Proxy15.mkdirs(Unknown Source)
	at org.apache.hadoop.hdfs.DFSClient.primitiveMkdir(DFSClient.java:2758)
	at org.apache.hadoop.hdfs.DFSClient.mkdirs(DFSClient.java:2729)
	at org.apache.hadoop.hdfs.DistributedFileSystem$17.doCall(DistributedFileSystem.java:870)
	at org.apache.hadoop.hdfs.DistributedFileSystem$17.doCall(DistributedFileSystem.java:866)
	at org.apache.hadoop.fs.FileSystemLinkResolver.resolve(FileSystemLinkResolver.java:81)
	at org.apache.hadoop.hdfs.DistributedFileSystem.mkdirsInternal(DistributedFileSystem.java:866)
	at org.apache.hadoop.hdfs.DistributedFileSystem.mkdirs(DistributedFileSystem.java:859)
	at org.apache.hadoop.fs.FileSystem.mkdirs(FileSystem.java:1954)
	at org.apache.hadoop.hive.ql.exec.Utilities.setPlanPath(Utilities.java:765)
	at org.apache.hadoop.hive.ql.exec.Utilities.setBaseWork(Utilities.java:691)
	... 7 more
Caused by: java.lang.InterruptedException
	at java.util.concurrent.FutureTask.awaitDone(FutureTask.java:400)
	at java.util.concurrent.FutureTask.get(FutureTask.java:187)
	at org.apache.hadoop.ipc.Client$Connection.sendRpcRequest(Client.java:1049)
	at org.apache.hadoop.ipc.Client.call(Client.java:1444)
	... 28 more
Job Submission failed with exception &apos;java.lang.RuntimeException(Error caching map.xml: java.io.IOException: java.lang.InterruptedException)&apos;
&lt;/pre&gt;
&lt;/div&gt;&lt;/div&gt;

&lt;p&gt;The problem is the Column Stats Task doesn&apos;t depend on the root task which causes errors. Here&apos;s the explain output:&lt;/p&gt;

&lt;div class=&quot;code panel&quot; style=&quot;border-width: 1px;&quot;&gt;&lt;div class=&quot;codeContent panelContent&quot;&gt;
&lt;pre class=&quot;code-java&quot;&gt;
hive&amp;gt; explain analyze table src compute statistics &lt;span class=&quot;code-keyword&quot;&gt;for&lt;/span&gt; columns;
OK
STAGE DEPENDENCIES:
  Stage-0 is a root stage
  Stage-1 is a root stage

STAGE PLANS:
  Stage: Stage-0
    Map Reduce
      Map Operator Tree:
          TableScan
            alias: src
            Select Operator
              expressions: key (type: string), value (type: string)
              outputColumnNames: key, value
              Group By Operator
                aggregations: compute_stats(key, 16), compute_stats(value, 16)
                mode: hash
                outputColumnNames: _col0, _col1
                Reduce Output Operator
                  sort order:
                  value expressions: _col0 (type: struct&amp;lt;columntype:string,maxlength:bigint,sumlength:bigint,count:bigint,countnulls:bigint,bitvector:string,numbitvectors:&lt;span class=&quot;code-object&quot;&gt;int&lt;/span&gt;&amp;gt;), _col1 (type: struct&amp;lt;columntype:string,maxlength:bigint,sumlength:bigint,count:bigint,countnulls:bigint,bitvector:string,numbitvectors:&lt;span class=&quot;code-object&quot;&gt;int&lt;/span&gt;&amp;gt;)
      Reduce Operator Tree:
        Group By Operator
          aggregations: compute_stats(VALUE._col0), compute_stats(VALUE._col1)
          mode: mergepartial
          outputColumnNames: _col0, _col1
          File Output Operator
            compressed: &lt;span class=&quot;code-keyword&quot;&gt;false&lt;/span&gt;
            table:
                input format: org.apache.hadoop.mapred.TextInputFormat
                output format: org.apache.hadoop.hive.ql.io.HiveIgnoreKeyTextOutputFormat
                serde: org.apache.hadoop.hive.serde2.lazy.LazySimpleSerDe

  Stage: Stage-1
    Column Stats Work
      Column Stats Desc:
          Columns: key, value
          Column Types: string, string
          Table: &lt;span class=&quot;code-keyword&quot;&gt;default&lt;/span&gt;.src

Time taken: 0.761 seconds, Fetched: 39 row(s)
&lt;/pre&gt;
&lt;/div&gt;&lt;/div&gt;

&lt;p&gt;For reference, here&apos;s the corresponding output in Hive 0.13:&lt;/p&gt;

&lt;div class=&quot;code panel&quot; style=&quot;border-width: 1px;&quot;&gt;&lt;div class=&quot;codeContent panelContent&quot;&gt;
&lt;pre class=&quot;code-java&quot;&gt;
hive&amp;gt; explain analyze table orders compute statistics &lt;span class=&quot;code-keyword&quot;&gt;for&lt;/span&gt; columns;
OK
STAGE DEPENDENCIES:
  Stage-0 is a root stage
  Stage-1 depends on stages: Stage-0

STAGE PLANS:
  Stage: Stage-0
    Map Reduce
      Map Operator Tree:
          TableScan
            alias: orders
            Statistics: Num rows: 0 Data size: 13310103552 Basic stats: PARTIAL Column stats: COMPLETE

  Stage: Stage-1
    Stats-Aggr Operator

Time taken: 2.142 seconds, Fetched: 15 row(s)
&lt;/pre&gt;
&lt;/div&gt;&lt;/div&gt;</description>
                <environment></environment>
        <key id="12839474">HIVE-11069</key>
            <summary>ColumnStatsTask doesn&apos;t work with hive.exec.parallel</summary>
                <type id="1" iconUrl="https://issues.apache.org/jira/images/icons/issuetypes/bug.png">Bug</type>
                                            <priority id="3" iconUrl="https://issues.apache.org/jira/images/icons/priorities/major.png">Major</priority>
                        <status id="5" iconUrl="https://issues.apache.org/jira/images/icons/statuses/resolved.png" description="A resolution has been taken, and it is awaiting verification by reporter. From here issues are either reopened, or are closed.">Resolved</status>
                    <statusCategory id="3" key="done" colorName="green"/>
                                    <resolution id="3">Duplicate</resolution>
                                        <assignee username="-1">Unassigned</assignee>
                                    <reporter username="rjainqb">Rajat Jain</reporter>
                        <labels>
                    </labels>
                <created>Mon, 22 Jun 2015 07:31:54 +0000</created>
                <updated>Mon, 22 Jun 2015 07:39:32 +0000</updated>
                            <resolved>Mon, 22 Jun 2015 07:39:32 +0000</resolved>
                                    <version>1.2.0</version>
                                                        <due></due>
                            <votes>0</votes>
                                    <watches>1</watches>
                                                                <comments>
                            <comment id="14595462" author="ashutoshc" created="Mon, 22 Jun 2015 07:35:31 +0000"  >&lt;p&gt;Dupe of &lt;a href=&quot;https://issues.apache.org/jira/browse/HIVE-10677&quot; title=&quot;hive.exec.parallel=true has problem when it is used for analyze table column stats&quot; class=&quot;issue-link&quot; data-issue-key=&quot;HIVE-10677&quot;&gt;&lt;del&gt;HIVE-10677&lt;/del&gt;&lt;/a&gt; ?&lt;/p&gt;</comment>
                            <comment id="14595463" author="rjainqb" created="Mon, 22 Jun 2015 07:38:38 +0000"  >&lt;p&gt;Indeed. Thanks.&lt;/p&gt;</comment>
                    </comments>
                <issuelinks>
                            <issuelinktype id="12310000">
                    <name>Duplicate</name>
                                            <outwardlinks description="duplicates">
                                        <issuelink>
            <issuekey id="12829021">HIVE-10677</issuekey>
        </issuelink>
                            </outwardlinks>
                                                        </issuelinktype>
                    </issuelinks>
                <attachments>
                    </attachments>
                <subtasks>
                    </subtasks>
                <customfields>
                                                <customfield id="customfield_12310310" key="com.atlassian.jira.toolkit:attachments">
                        <customfieldname>Attachment count</customfieldname>
                        <customfieldvalues>
                            <customfieldvalue>0.0</customfieldvalue>
                        </customfieldvalues>
                    </customfield>
                                                                                                                                                                                                                                                                                                                                                                                                                                                                                                                                <customfield id="customfield_12310220" key="com.atlassian.jira.ext.charting:firstresponsedate">
                        <customfieldname>Date of First Response</customfieldname>
                        <customfieldvalues>
                            <customfieldvalue>Mon, 22 Jun 2015 07:35:31 +0000</customfieldvalue>

                        </customfieldvalues>
                    </customfield>
                                                                                                                                                                                                                                                                                                                                                                                                                                            <customfield id="customfield_12310420" key="com.pyxis.greenhopper.jira:gh-global-rank">
                        <customfieldname>Global Rank</customfieldname>
                        <customfieldvalues>
                            <customfieldvalue>9223372036854775807</customfieldvalue>
                        </customfieldvalues>
                    </customfield>
                                                                                                                                                    <customfield id="customfield_12312521" key="com.atlassian.jira.toolkit:LastCommentDate">
                        <customfieldname>Last public comment date</customfieldname>
                        <customfieldvalues>
                            1 year, 23 weeks, 5 days ago
                        </customfieldvalues>
                    </customfield>
                                                                                            <customfield id="customfield_12311820" key="com.pyxis.greenhopper.jira:gh-lexo-rank">
                        <customfieldname>Rank</customfieldname>
                        <customfieldvalues>
                            <customfieldvalue>0|i2gbof:</customfieldvalue>

                        </customfieldvalues>
                    </customfield>
                                                                <customfield id="customfield_12310920" key="com.pyxis.greenhopper.jira:gh-global-rank">
                        <customfieldname>Rank (Obsolete)</customfieldname>
                        <customfieldvalues>
                            <customfieldvalue>9223372036854775807</customfieldvalue>
                        </customfieldvalues>
                    </customfield>
                                                                                                                                                                                                                                                                                                                            <customfield id="customfield_12310222" key="com.atlassian.jira.ext.charting:timeinstatus">
                        <customfieldname>Time in Status</customfieldname>
                        <customfieldvalues>
                            
                        </customfieldvalues>
                    </customfield>
                                                                                                                        </customfields>
    </item>
</channel>
</rss>