<!-- 
RSS generated by JIRA (6.3.4#6332-sha1:51bc225ef474afe3128b2f66878477f322397b16) at Fri Dec 02 05:13:04 UTC 2016

It is possible to restrict the fields that are returned in this document by specifying the 'field' parameter in your request.
For example, to request only the issue key and summary add field=key&field=summary to the URL of your request.
For example:
https://issues.apache.org/jira/si/jira.issueviews:issue-xml/HIVE-12645/HIVE-12645.xml?field=key&amp;field=summary
-->
<rss version="0.92" >
<channel>
    <title>ASF JIRA</title>
    <link>https://issues.apache.org/jira</link>
    <description>This file is an XML representation of an issue</description>
    <language>en-uk</language>    <build-info>
        <version>6.3.4</version>
        <build-number>6332</build-number>
        <build-date>15-08-2014</build-date>
    </build-info>

<item>
            <title>[HIVE-12645] ConstantPropagateProcCtx.resolve() should verify internal names in addition to alias to match 2 columns from different row schemas </title>
                <link>https://issues.apache.org/jira/browse/HIVE-12645</link>
                <project id="12310843" key="HIVE">Hive</project>
                    <description>&lt;p&gt;Currently, it seems that we look to match the ColumnInfo between the parent and the child rowschemas by calling rci = rs.getColumnInfo(tblAlias, alias) which might be a bit aggressive. i.e. we will lose opportunity to constant propogate even if the columns are the same but the alias in the rowschemas do not match. We need to introduce additional checks to see if the columns can be mapped to constants from parents.&lt;/p&gt;
</description>
                <environment></environment>
        <key id="12920859">HIVE-12645</key>
            <summary>ConstantPropagateProcCtx.resolve() should verify internal names in addition to alias to match 2 columns from different row schemas </summary>
                <type id="1" iconUrl="https://issues.apache.org/jira/images/icons/issuetypes/bug.png">Bug</type>
                                            <priority id="3" iconUrl="https://issues.apache.org/jira/images/icons/priorities/major.png">Major</priority>
                        <status id="6" iconUrl="https://issues.apache.org/jira/images/icons/statuses/closed.png" description="The issue is considered finished, the resolution is correct. Issues which are closed can be reopened.">Closed</status>
                    <statusCategory id="3" key="done" colorName="green"/>
                                    <resolution id="1">Fixed</resolution>
                                        <assignee username="hsubramaniyan">Hari Sankar Sivarama Subramaniyan</assignee>
                                    <reporter username="hsubramaniyan">Hari Sankar Sivarama Subramaniyan</reporter>
                        <labels>
                    </labels>
                <created>Thu, 10 Dec 2015 19:21:43 +0000</created>
                <updated>Tue, 16 Feb 2016 23:51:04 +0000</updated>
                            <resolved>Mon, 11 Jan 2016 22:39:19 +0000</resolved>
                                                    <fixVersion>2.0.0</fixVersion>
                                        <due></due>
                            <votes>0</votes>
                                    <watches>2</watches>
                                                                <comments>
                            <comment id="15067209" author="hiveqa" created="Mon, 21 Dec 2015 22:57:50 +0000"  >

&lt;p&gt;Here are the results of testing the latest attachment:&lt;br/&gt;
&lt;a href=&quot;https://issues.apache.org/jira/secure/attachment/12778876/HIVE-12645.1.patch&quot; class=&quot;external-link&quot; rel=&quot;nofollow&quot;&gt;https://issues.apache.org/jira/secure/attachment/12778876/HIVE-12645.1.patch&lt;/a&gt;&lt;/p&gt;

&lt;p&gt;&lt;font color=&quot;red&quot;&gt;ERROR:&lt;/font&gt; -1 due to no test(s) being added or modified.&lt;/p&gt;

&lt;p&gt;&lt;font color=&quot;red&quot;&gt;ERROR:&lt;/font&gt; -1 due to 33 failed/errored test(s), 9970 tests executed&lt;br/&gt;
&lt;b&gt;Failed tests:&lt;/b&gt;&lt;/p&gt;
&lt;div class=&quot;preformatted panel&quot; style=&quot;border-width: 1px;&quot;&gt;&lt;div class=&quot;preformattedContent panelContent&quot;&gt;
&lt;pre&gt;TestHWISessionManager - did not produce a TEST-*.xml file
org.apache.hadoop.hive.cli.TestCliDriver.testCliDriver_auto_join_stats2
org.apache.hadoop.hive.cli.TestCliDriver.testCliDriver_bucket_groupby
org.apache.hadoop.hive.cli.TestCliDriver.testCliDriver_cluster
org.apache.hadoop.hive.cli.TestCliDriver.testCliDriver_dynpart_sort_optimization2
org.apache.hadoop.hive.cli.TestCliDriver.testCliDriver_groupby_sort_1_23
org.apache.hadoop.hive.cli.TestCliDriver.testCliDriver_groupby_sort_skew_1_23
org.apache.hadoop.hive.cli.TestCliDriver.testCliDriver_ppd2
org.apache.hadoop.hive.cli.TestCliDriver.testCliDriver_ppd_clusterby
org.apache.hadoop.hive.cli.TestCliDriver.testCliDriver_vector_decimal_2
org.apache.hadoop.hive.cli.TestCliDriver.testCliDriver_vector_null_projection
org.apache.hadoop.hive.cli.TestCliDriver.testCliDriver_vectorized_distinct_gby
org.apache.hadoop.hive.cli.TestEncryptedHDFSCliDriver.testCliDriver_encryption_insert_partition_dynamic
org.apache.hadoop.hive.cli.TestMiniTezCliDriver.testCliDriver_dynpart_sort_optimization2
org.apache.hadoop.hive.cli.TestMiniTezCliDriver.testCliDriver_vector_decimal_2
org.apache.hadoop.hive.cli.TestMiniTezCliDriver.testCliDriver_vector_null_projection
org.apache.hadoop.hive.cli.TestMiniTezCliDriver.testCliDriver_vectorized_distinct_gby
org.apache.hadoop.hive.cli.TestNegativeCliDriver.testNegativeCliDriver_authorization_uri_import
org.apache.hadoop.hive.cli.TestNegativeCliDriver.testNegativeCliDriver_columnstats_partlvl_multiple_part_clause
org.apache.hadoop.hive.cli.TestSparkCliDriver.testCliDriver_groupby_sort_1_23
org.apache.hadoop.hive.cli.TestSparkCliDriver.testCliDriver_groupby_sort_skew_1_23
org.apache.hadoop.hive.ql.exec.spark.session.TestSparkSessionManagerImpl.testMultiSessionMultipleUse
org.apache.hadoop.hive.ql.exec.spark.session.TestSparkSessionManagerImpl.testSingleSessionMultipleUse
org.apache.hadoop.hive.ql.security.authorization.plugin.TestHiveOperationType.checkHiveOperationTypeMatch
org.apache.hive.jdbc.TestSSL.testSSLVersion
org.apache.hive.spark.client.TestSparkClient.testAddJarsAndFiles
org.apache.hive.spark.client.TestSparkClient.testCounters
org.apache.hive.spark.client.TestSparkClient.testErrorJob
org.apache.hive.spark.client.TestSparkClient.testJobSubmission
org.apache.hive.spark.client.TestSparkClient.testMetricsCollection
org.apache.hive.spark.client.TestSparkClient.testRemoteClient
org.apache.hive.spark.client.TestSparkClient.testSimpleSparkJob
org.apache.hive.spark.client.TestSparkClient.testSyncRpc
&lt;/pre&gt;
&lt;/div&gt;&lt;/div&gt;

&lt;p&gt;Test results: &lt;a href=&quot;http://ec2-174-129-184-35.compute-1.amazonaws.com/jenkins/job/PreCommit-HIVE-TRUNK-Build/6437/testReport&quot; class=&quot;external-link&quot; rel=&quot;nofollow&quot;&gt;http://ec2-174-129-184-35.compute-1.amazonaws.com/jenkins/job/PreCommit-HIVE-TRUNK-Build/6437/testReport&lt;/a&gt;&lt;br/&gt;
Console output: &lt;a href=&quot;http://ec2-174-129-184-35.compute-1.amazonaws.com/jenkins/job/PreCommit-HIVE-TRUNK-Build/6437/console&quot; class=&quot;external-link&quot; rel=&quot;nofollow&quot;&gt;http://ec2-174-129-184-35.compute-1.amazonaws.com/jenkins/job/PreCommit-HIVE-TRUNK-Build/6437/console&lt;/a&gt;&lt;br/&gt;
Test logs: &lt;a href=&quot;http://ec2-174-129-184-35.compute-1.amazonaws.com/logs/PreCommit-HIVE-TRUNK-Build-6437/&quot; class=&quot;external-link&quot; rel=&quot;nofollow&quot;&gt;http://ec2-174-129-184-35.compute-1.amazonaws.com/logs/PreCommit-HIVE-TRUNK-Build-6437/&lt;/a&gt;&lt;/p&gt;

&lt;p&gt;Messages:&lt;/p&gt;
&lt;div class=&quot;preformatted panel&quot; style=&quot;border-width: 1px;&quot;&gt;&lt;div class=&quot;preformattedContent panelContent&quot;&gt;
&lt;pre&gt;Executing org.apache.hive.ptest.execution.TestCheckPhase
Executing org.apache.hive.ptest.execution.PrepPhase
Executing org.apache.hive.ptest.execution.ExecutionPhase
Executing org.apache.hive.ptest.execution.ReportingPhase
Tests exited with: TestsFailedException: 33 tests failed
&lt;/pre&gt;
&lt;/div&gt;&lt;/div&gt;

&lt;p&gt;This message is automatically generated.&lt;/p&gt;

&lt;p&gt;ATTACHMENT ID: 12778876 - PreCommit-HIVE-TRUNK-Build&lt;/p&gt;</comment>
                            <comment id="15068639" author="hiveqa" created="Tue, 22 Dec 2015 19:50:55 +0000"  >

&lt;p&gt;Here are the results of testing the latest attachment:&lt;br/&gt;
&lt;a href=&quot;https://issues.apache.org/jira/secure/attachment/12778949/HIVE-12645.2.patch&quot; class=&quot;external-link&quot; rel=&quot;nofollow&quot;&gt;https://issues.apache.org/jira/secure/attachment/12778949/HIVE-12645.2.patch&lt;/a&gt;&lt;/p&gt;

&lt;p&gt;&lt;font color=&quot;red&quot;&gt;ERROR:&lt;/font&gt; -1 due to no test(s) being added or modified.&lt;/p&gt;

&lt;p&gt;&lt;font color=&quot;red&quot;&gt;ERROR:&lt;/font&gt; -1 due to 23 failed/errored test(s), 9972 tests executed&lt;br/&gt;
&lt;b&gt;Failed tests:&lt;/b&gt;&lt;/p&gt;
&lt;div class=&quot;preformatted panel&quot; style=&quot;border-width: 1px;&quot;&gt;&lt;div class=&quot;preformattedContent panelContent&quot;&gt;
&lt;pre&gt;TestHWISessionManager - did not produce a TEST-*.xml file
org.apache.hadoop.hive.cli.TestCliDriver.testCliDriver_auto_join_stats2
org.apache.hadoop.hive.cli.TestEncryptedHDFSCliDriver.testCliDriver_encryption_insert_partition_dynamic
org.apache.hadoop.hive.cli.TestMiniTezCliDriver.testCliDriver_dynpart_sort_optimization2
org.apache.hadoop.hive.cli.TestMiniTezCliDriver.testCliDriver_vector_null_projection
org.apache.hadoop.hive.cli.TestNegativeCliDriver.testNegativeCliDriver_authorization_uri_import
org.apache.hadoop.hive.cli.TestNegativeCliDriver.testNegativeCliDriver_columnstats_partlvl_multiple_part_clause
org.apache.hadoop.hive.cli.TestSparkCliDriver.testCliDriver_groupby_sort_1_23
org.apache.hadoop.hive.cli.TestSparkCliDriver.testCliDriver_groupby_sort_skew_1_23
org.apache.hadoop.hive.metastore.TestHiveMetaStorePartitionSpecs.testGetPartitionSpecs_WithAndWithoutPartitionGrouping
org.apache.hadoop.hive.ql.exec.spark.session.TestSparkSessionManagerImpl.testMultiSessionMultipleUse
org.apache.hadoop.hive.ql.exec.spark.session.TestSparkSessionManagerImpl.testSingleSessionMultipleUse
org.apache.hadoop.hive.ql.security.authorization.plugin.TestHiveOperationType.checkHiveOperationTypeMatch
org.apache.hive.hcatalog.hbase.TestPigHBaseStorageHandler.org.apache.hive.hcatalog.hbase.TestPigHBaseStorageHandler
org.apache.hive.jdbc.TestSSL.testSSLVersion
org.apache.hive.spark.client.TestSparkClient.testAddJarsAndFiles
org.apache.hive.spark.client.TestSparkClient.testCounters
org.apache.hive.spark.client.TestSparkClient.testErrorJob
org.apache.hive.spark.client.TestSparkClient.testJobSubmission
org.apache.hive.spark.client.TestSparkClient.testMetricsCollection
org.apache.hive.spark.client.TestSparkClient.testRemoteClient
org.apache.hive.spark.client.TestSparkClient.testSimpleSparkJob
org.apache.hive.spark.client.TestSparkClient.testSyncRpc
&lt;/pre&gt;
&lt;/div&gt;&lt;/div&gt;

&lt;p&gt;Test results: &lt;a href=&quot;http://ec2-174-129-184-35.compute-1.amazonaws.com/jenkins/job/PreCommit-HIVE-TRUNK-Build/6446/testReport&quot; class=&quot;external-link&quot; rel=&quot;nofollow&quot;&gt;http://ec2-174-129-184-35.compute-1.amazonaws.com/jenkins/job/PreCommit-HIVE-TRUNK-Build/6446/testReport&lt;/a&gt;&lt;br/&gt;
Console output: &lt;a href=&quot;http://ec2-174-129-184-35.compute-1.amazonaws.com/jenkins/job/PreCommit-HIVE-TRUNK-Build/6446/console&quot; class=&quot;external-link&quot; rel=&quot;nofollow&quot;&gt;http://ec2-174-129-184-35.compute-1.amazonaws.com/jenkins/job/PreCommit-HIVE-TRUNK-Build/6446/console&lt;/a&gt;&lt;br/&gt;
Test logs: &lt;a href=&quot;http://ec2-174-129-184-35.compute-1.amazonaws.com/logs/PreCommit-HIVE-TRUNK-Build-6446/&quot; class=&quot;external-link&quot; rel=&quot;nofollow&quot;&gt;http://ec2-174-129-184-35.compute-1.amazonaws.com/logs/PreCommit-HIVE-TRUNK-Build-6446/&lt;/a&gt;&lt;/p&gt;

&lt;p&gt;Messages:&lt;/p&gt;
&lt;div class=&quot;preformatted panel&quot; style=&quot;border-width: 1px;&quot;&gt;&lt;div class=&quot;preformattedContent panelContent&quot;&gt;
&lt;pre&gt;Executing org.apache.hive.ptest.execution.TestCheckPhase
Executing org.apache.hive.ptest.execution.PrepPhase
Executing org.apache.hive.ptest.execution.ExecutionPhase
Executing org.apache.hive.ptest.execution.ReportingPhase
Tests exited with: TestsFailedException: 23 tests failed
&lt;/pre&gt;
&lt;/div&gt;&lt;/div&gt;

&lt;p&gt;This message is automatically generated.&lt;/p&gt;

&lt;p&gt;ATTACHMENT ID: 12778949 - PreCommit-HIVE-TRUNK-Build&lt;/p&gt;</comment>
                            <comment id="15082699" author="hiveqa" created="Tue, 5 Jan 2016 09:24:05 +0000"  >

&lt;p&gt;Here are the results of testing the latest attachment:&lt;br/&gt;
&lt;a href=&quot;https://issues.apache.org/jira/secure/attachment/12780372/HIVE-12645.3.patch&quot; class=&quot;external-link&quot; rel=&quot;nofollow&quot;&gt;https://issues.apache.org/jira/secure/attachment/12780372/HIVE-12645.3.patch&lt;/a&gt;&lt;/p&gt;

&lt;p&gt;&lt;font color=&quot;red&quot;&gt;ERROR:&lt;/font&gt; -1 due to no test(s) being added or modified.&lt;/p&gt;

&lt;p&gt;&lt;font color=&quot;red&quot;&gt;ERROR:&lt;/font&gt; -1 due to 37 failed/errored test(s), 9995 tests executed&lt;br/&gt;
&lt;b&gt;Failed tests:&lt;/b&gt;&lt;/p&gt;
&lt;div class=&quot;preformatted panel&quot; style=&quot;border-width: 1px;&quot;&gt;&lt;div class=&quot;preformattedContent panelContent&quot;&gt;
&lt;pre&gt;TestHWISessionManager - did not produce a TEST-*.xml file
org.apache.hadoop.hive.cli.TestCliDriver.testCliDriver_dynamic_rdd_cache
org.apache.hadoop.hive.cli.TestCliDriver.testCliDriver_groupby_ppd
org.apache.hadoop.hive.cli.TestCliDriver.testCliDriver_list_bucket_query_oneskew_2
org.apache.hadoop.hive.cli.TestCliDriver.testCliDriver_order2
org.apache.hadoop.hive.cli.TestCliDriver.testCliDriver_partition_multilevels
org.apache.hadoop.hive.cli.TestCliDriver.testCliDriver_pcr
org.apache.hadoop.hive.cli.TestCliDriver.testCliDriver_quotedid_basic
org.apache.hadoop.hive.cli.TestCliDriver.testCliDriver_quotedid_partition
org.apache.hadoop.hive.cli.TestEncryptedHDFSCliDriver.testCliDriver_encryption_insert_partition_dynamic
org.apache.hadoop.hive.cli.TestMiniTezCliDriver.testCliDriver_dynpart_sort_optimization2
org.apache.hadoop.hive.cli.TestMiniTezCliDriver.testCliDriver_vector_null_projection
org.apache.hadoop.hive.cli.TestNegativeCliDriver.testNegativeCliDriver_authorization_uri_import
org.apache.hadoop.hive.cli.TestNegativeCliDriver.testNegativeCliDriver_columnstats_partlvl_multiple_part_clause
org.apache.hadoop.hive.cli.TestPerfCliDriver.testPerfCliDriver_query31
org.apache.hadoop.hive.cli.TestPerfCliDriver.testPerfCliDriver_query39
org.apache.hadoop.hive.cli.TestPerfCliDriver.testPerfCliDriver_query42
org.apache.hadoop.hive.cli.TestPerfCliDriver.testPerfCliDriver_query52
org.apache.hadoop.hive.cli.TestPerfCliDriver.testPerfCliDriver_query64
org.apache.hadoop.hive.cli.TestPerfCliDriver.testPerfCliDriver_query66
org.apache.hadoop.hive.cli.TestSparkCliDriver.testCliDriver_dynamic_rdd_cache
org.apache.hadoop.hive.cli.TestSparkCliDriver.testCliDriver_groupby_sort_1_23
org.apache.hadoop.hive.cli.TestSparkCliDriver.testCliDriver_groupby_sort_skew_1_23
org.apache.hadoop.hive.cli.TestSparkCliDriver.testCliDriver_pcr
org.apache.hadoop.hive.ql.exec.spark.session.TestSparkSessionManagerImpl.testMultiSessionMultipleUse
org.apache.hadoop.hive.ql.exec.spark.session.TestSparkSessionManagerImpl.testSingleSessionMultipleUse
org.apache.hadoop.hive.ql.security.authorization.plugin.TestHiveOperationType.checkHiveOperationTypeMatch
org.apache.hive.hcatalog.hbase.TestPigHBaseStorageHandler.org.apache.hive.hcatalog.hbase.TestPigHBaseStorageHandler
org.apache.hive.jdbc.TestSSL.testSSLVersion
org.apache.hive.spark.client.TestSparkClient.testAddJarsAndFiles
org.apache.hive.spark.client.TestSparkClient.testCounters
org.apache.hive.spark.client.TestSparkClient.testErrorJob
org.apache.hive.spark.client.TestSparkClient.testJobSubmission
org.apache.hive.spark.client.TestSparkClient.testMetricsCollection
org.apache.hive.spark.client.TestSparkClient.testRemoteClient
org.apache.hive.spark.client.TestSparkClient.testSimpleSparkJob
org.apache.hive.spark.client.TestSparkClient.testSyncRpc
&lt;/pre&gt;
&lt;/div&gt;&lt;/div&gt;

&lt;p&gt;Test results: &lt;a href=&quot;http://ec2-174-129-184-35.compute-1.amazonaws.com/jenkins/job/PreCommit-HIVE-TRUNK-Build/6513/testReport&quot; class=&quot;external-link&quot; rel=&quot;nofollow&quot;&gt;http://ec2-174-129-184-35.compute-1.amazonaws.com/jenkins/job/PreCommit-HIVE-TRUNK-Build/6513/testReport&lt;/a&gt;&lt;br/&gt;
Console output: &lt;a href=&quot;http://ec2-174-129-184-35.compute-1.amazonaws.com/jenkins/job/PreCommit-HIVE-TRUNK-Build/6513/console&quot; class=&quot;external-link&quot; rel=&quot;nofollow&quot;&gt;http://ec2-174-129-184-35.compute-1.amazonaws.com/jenkins/job/PreCommit-HIVE-TRUNK-Build/6513/console&lt;/a&gt;&lt;br/&gt;
Test logs: &lt;a href=&quot;http://ec2-174-129-184-35.compute-1.amazonaws.com/logs/PreCommit-HIVE-TRUNK-Build-6513/&quot; class=&quot;external-link&quot; rel=&quot;nofollow&quot;&gt;http://ec2-174-129-184-35.compute-1.amazonaws.com/logs/PreCommit-HIVE-TRUNK-Build-6513/&lt;/a&gt;&lt;/p&gt;

&lt;p&gt;Messages:&lt;/p&gt;
&lt;div class=&quot;preformatted panel&quot; style=&quot;border-width: 1px;&quot;&gt;&lt;div class=&quot;preformattedContent panelContent&quot;&gt;
&lt;pre&gt;Executing org.apache.hive.ptest.execution.TestCheckPhase
Executing org.apache.hive.ptest.execution.PrepPhase
Executing org.apache.hive.ptest.execution.ExecutionPhase
Executing org.apache.hive.ptest.execution.ReportingPhase
Tests exited with: TestsFailedException: 37 tests failed
&lt;/pre&gt;
&lt;/div&gt;&lt;/div&gt;

&lt;p&gt;This message is automatically generated.&lt;/p&gt;

&lt;p&gt;ATTACHMENT ID: 12780372 - PreCommit-HIVE-TRUNK-Build&lt;/p&gt;</comment>
                            <comment id="15083616" author="ashutoshc" created="Tue, 5 Jan 2016 19:31:37 +0000"  >&lt;ul&gt;
	&lt;li&gt;We are able to replace key columns in RS with constants (where applicable) which is good.&lt;/li&gt;
	&lt;li&gt;However, we were earlier able to prune constants from value columns, which we are seeming to loose now.&lt;/li&gt;
	&lt;li&gt;Can you check changes of &lt;tt&gt;dynpart_sort_optimization2.q&lt;/tt&gt; Here it seems we are losing one MR job, which may be opposite to what test case might be wanting to do. Because it might specifically trying to insert a job.&lt;/li&gt;
&lt;/ul&gt;
</comment>
                            <comment id="15086502" author="hsubramaniyan" created="Wed, 6 Jan 2016 23:36:25 +0000"  >&lt;p&gt;Updated golden files and addressed Ashutosh&apos;s comments.&lt;/p&gt;</comment>
                            <comment id="15086694" author="ashutoshc" created="Thu, 7 Jan 2016 02:34:52 +0000"  >&lt;p&gt;+1 pending tests&lt;/p&gt;</comment>
                            <comment id="15088365" author="hiveqa" created="Thu, 7 Jan 2016 23:17:35 +0000"  >

&lt;p&gt;Here are the results of testing the latest attachment:&lt;br/&gt;
&lt;a href=&quot;https://issues.apache.org/jira/secure/attachment/12780858/HIVE-12645.4.patch&quot; class=&quot;external-link&quot; rel=&quot;nofollow&quot;&gt;https://issues.apache.org/jira/secure/attachment/12780858/HIVE-12645.4.patch&lt;/a&gt;&lt;/p&gt;

&lt;p&gt;&lt;font color=&quot;red&quot;&gt;ERROR:&lt;/font&gt; -1 due to no test(s) being added or modified.&lt;/p&gt;

&lt;p&gt;&lt;font color=&quot;red&quot;&gt;ERROR:&lt;/font&gt; -1 due to 15 failed/errored test(s), 9997 tests executed&lt;br/&gt;
&lt;b&gt;Failed tests:&lt;/b&gt;&lt;/p&gt;
&lt;div class=&quot;preformatted panel&quot; style=&quot;border-width: 1px;&quot;&gt;&lt;div class=&quot;preformattedContent panelContent&quot;&gt;
&lt;pre&gt;TestHWISessionManager - did not produce a TEST-*.xml file
org.apache.hadoop.hive.cli.TestCliDriver.testCliDriver_reducesink_dedup
org.apache.hadoop.hive.cli.TestNegativeCliDriver.testNegativeCliDriver_authorization_uri_import
org.apache.hadoop.hive.ql.exec.spark.session.TestSparkSessionManagerImpl.testMultiSessionMultipleUse
org.apache.hadoop.hive.ql.exec.spark.session.TestSparkSessionManagerImpl.testSingleSessionMultipleUse
org.apache.hadoop.hive.ql.security.authorization.plugin.TestHiveOperationType.checkHiveOperationTypeMatch
org.apache.hive.jdbc.TestSSL.testSSLVersion
org.apache.hive.spark.client.TestSparkClient.testAddJarsAndFiles
org.apache.hive.spark.client.TestSparkClient.testCounters
org.apache.hive.spark.client.TestSparkClient.testErrorJob
org.apache.hive.spark.client.TestSparkClient.testJobSubmission
org.apache.hive.spark.client.TestSparkClient.testMetricsCollection
org.apache.hive.spark.client.TestSparkClient.testRemoteClient
org.apache.hive.spark.client.TestSparkClient.testSimpleSparkJob
org.apache.hive.spark.client.TestSparkClient.testSyncRpc
&lt;/pre&gt;
&lt;/div&gt;&lt;/div&gt;

&lt;p&gt;Test results: &lt;a href=&quot;http://ec2-174-129-184-35.compute-1.amazonaws.com/jenkins/job/PreCommit-HIVE-TRUNK-Build/6544/testReport&quot; class=&quot;external-link&quot; rel=&quot;nofollow&quot;&gt;http://ec2-174-129-184-35.compute-1.amazonaws.com/jenkins/job/PreCommit-HIVE-TRUNK-Build/6544/testReport&lt;/a&gt;&lt;br/&gt;
Console output: &lt;a href=&quot;http://ec2-174-129-184-35.compute-1.amazonaws.com/jenkins/job/PreCommit-HIVE-TRUNK-Build/6544/console&quot; class=&quot;external-link&quot; rel=&quot;nofollow&quot;&gt;http://ec2-174-129-184-35.compute-1.amazonaws.com/jenkins/job/PreCommit-HIVE-TRUNK-Build/6544/console&lt;/a&gt;&lt;br/&gt;
Test logs: &lt;a href=&quot;http://ec2-174-129-184-35.compute-1.amazonaws.com/logs/PreCommit-HIVE-TRUNK-Build-6544/&quot; class=&quot;external-link&quot; rel=&quot;nofollow&quot;&gt;http://ec2-174-129-184-35.compute-1.amazonaws.com/logs/PreCommit-HIVE-TRUNK-Build-6544/&lt;/a&gt;&lt;/p&gt;

&lt;p&gt;Messages:&lt;/p&gt;
&lt;div class=&quot;preformatted panel&quot; style=&quot;border-width: 1px;&quot;&gt;&lt;div class=&quot;preformattedContent panelContent&quot;&gt;
&lt;pre&gt;Executing org.apache.hive.ptest.execution.TestCheckPhase
Executing org.apache.hive.ptest.execution.PrepPhase
Executing org.apache.hive.ptest.execution.ExecutionPhase
Executing org.apache.hive.ptest.execution.ReportingPhase
Tests exited with: TestsFailedException: 15 tests failed
&lt;/pre&gt;
&lt;/div&gt;&lt;/div&gt;

&lt;p&gt;This message is automatically generated.&lt;/p&gt;

&lt;p&gt;ATTACHMENT ID: 12780858 - PreCommit-HIVE-TRUNK-Build&lt;/p&gt;</comment>
                            <comment id="15092833" author="hsubramaniyan" created="Mon, 11 Jan 2016 22:37:20 +0000"  >&lt;p&gt;The issue with reducesink_dedup is ordering issue. The rest of the failures are unrelated to the fix.&lt;/p&gt;</comment>
                            <comment id="15093418" author="lefty@hortonworks.com" created="Tue, 12 Jan 2016 06:52:37 +0000"  >&lt;p&gt;&lt;a href=&quot;https://issues.apache.org/jira/secure/ViewProfile.jspa?name=hsubramaniyan&quot; class=&quot;user-hover&quot; rel=&quot;hsubramaniyan&quot;&gt;Hari Sankar Sivarama Subramaniyan&lt;/a&gt;, this is marked as Fix Version/s 2.0.0 but the commit went to master, which will be 2.1.0.  I don&apos;t see any commit to branch-2.0 for 2.0.0.&lt;/p&gt;

&lt;p&gt;See commit 630d3e26d7889b7931b2f3ef70d30449fd7ca256.&lt;/p&gt;</comment>
                            <comment id="15093423" author="hsubramaniyan" created="Tue, 12 Jan 2016 06:54:48 +0000"  >&lt;p&gt;Hi &lt;a href=&quot;https://issues.apache.org/jira/secure/ViewProfile.jspa?name=leftylev&quot; class=&quot;user-hover&quot; rel=&quot;leftylev&quot;&gt;Lefty Leverenz&lt;/a&gt; There are a few merge conflicts on 2.0, I will commit them soon.&lt;/p&gt;
</comment>
                            <comment id="15093460" author="lefty@hortonworks.com" created="Tue, 12 Jan 2016 07:17:00 +0000"  >&lt;p&gt;Okay, thanks.&lt;/p&gt;</comment>
                            <comment id="15096888" author="hsubramaniyan" created="Wed, 13 Jan 2016 20:01:56 +0000"  >&lt;p&gt;&lt;a href=&quot;https://issues.apache.org/jira/browse/HIVE-12866&quot; title=&quot;Allow ReduceSinkDeDuplication to kick in when there are constant keys &quot; class=&quot;issue-link&quot; data-issue-key=&quot;HIVE-12866&quot;&gt;HIVE-12866&lt;/a&gt; is the follow up jira to lift constant key related restriction in ReduceSinkDeduplication optimization.&lt;/p&gt;</comment>
                    </comments>
                <issuelinks>
                            <issuelinktype id="10030">
                    <name>Reference</name>
                                                                <inwardlinks description="is related to">
                                        <issuelink>
            <issuekey id="12929930">HIVE-12866</issuekey>
        </issuelink>
                            </inwardlinks>
                                    </issuelinktype>
                    </issuelinks>
                <attachments>
                            <attachment id="12778876" name="HIVE-12645.1.patch" size="2382" author="hsubramaniyan" created="Mon, 21 Dec 2015 18:29:43 +0000"/>
                            <attachment id="12778949" name="HIVE-12645.2.patch" size="29929" author="hsubramaniyan" created="Tue, 22 Dec 2015 00:34:15 +0000"/>
                            <attachment id="12780372" name="HIVE-12645.3.patch" size="23764" author="hsubramaniyan" created="Mon, 4 Jan 2016 19:23:00 +0000"/>
                            <attachment id="12780858" name="HIVE-12645.4.patch" size="82867" author="hsubramaniyan" created="Wed, 6 Jan 2016 23:36:25 +0000"/>
                    </attachments>
                <subtasks>
                    </subtasks>
                <customfields>
                                                <customfield id="customfield_12310310" key="com.atlassian.jira.toolkit:attachments">
                        <customfieldname>Attachment count</customfieldname>
                        <customfieldvalues>
                            <customfieldvalue>4.0</customfieldvalue>
                        </customfieldvalues>
                    </customfield>
                                                                                                                                                                                                                                                                                                                                                                                                                                                                                                                                <customfield id="customfield_12310220" key="com.atlassian.jira.ext.charting:firstresponsedate">
                        <customfieldname>Date of First Response</customfieldname>
                        <customfieldvalues>
                            <customfieldvalue>Mon, 21 Dec 2015 22:57:50 +0000</customfieldvalue>

                        </customfieldvalues>
                    </customfield>
                                                                                                                                                                                                                                                                                                                                                                                                                                            <customfield id="customfield_12310420" key="com.pyxis.greenhopper.jira:gh-global-rank">
                        <customfieldname>Global Rank</customfieldname>
                        <customfieldvalues>
                            <customfieldvalue>9223372036854775807</customfieldvalue>
                        </customfieldvalues>
                    </customfield>
                                                                                                                                                    <customfield id="customfield_12312521" key="com.atlassian.jira.toolkit:LastCommentDate">
                        <customfieldname>Last public comment date</customfieldname>
                        <customfieldvalues>
                            46 weeks, 1 day ago
                        </customfieldvalues>
                    </customfield>
                                                                                            <customfield id="customfield_12311820" key="com.pyxis.greenhopper.jira:gh-lexo-rank">
                        <customfieldname>Rank</customfieldname>
                        <customfieldvalues>
                            <customfieldvalue>0|i2pqfz:</customfieldvalue>

                        </customfieldvalues>
                    </customfield>
                                                                <customfield id="customfield_12310920" key="com.pyxis.greenhopper.jira:gh-global-rank">
                        <customfieldname>Rank (Obsolete)</customfieldname>
                        <customfieldvalues>
                            <customfieldvalue>9223372036854775807</customfieldvalue>
                        </customfieldvalues>
                    </customfield>
                                                                                                                                                                                                                                                                                                                            <customfield id="customfield_12310222" key="com.atlassian.jira.ext.charting:timeinstatus">
                        <customfieldname>Time in Status</customfieldname>
                        <customfieldvalues>
                            
                        </customfieldvalues>
                    </customfield>
                                                                                                                        </customfields>
    </item>
</channel>
</rss>