<!-- 
RSS generated by JIRA (6.3.4#6332-sha1:51bc225ef474afe3128b2f66878477f322397b16) at Sun Dec 04 00:04:35 UTC 2016

It is possible to restrict the fields that are returned in this document by specifying the 'field' parameter in your request.
For example, to request only the issue key and summary add field=key&field=summary to the URL of your request.
For example:
https://issues.apache.org/jira/si/jira.issueviews:issue-xml/HIVE-10996/HIVE-10996.xml?field=key&amp;field=summary
-->
<rss version="0.92" >
<channel>
    <title>ASF JIRA</title>
    <link>https://issues.apache.org/jira</link>
    <description>This file is an XML representation of an issue</description>
    <language>en-uk</language>    <build-info>
        <version>6.3.4</version>
        <build-number>6332</build-number>
        <build-date>15-08-2014</build-date>
    </build-info>

<item>
            <title>[HIVE-10996] Aggregation / Projection over Multi-Join Inner Query producing incorrect results</title>
                <link>https://issues.apache.org/jira/browse/HIVE-10996</link>
                <project id="12310843" key="HIVE">Hive</project>
                    <description>&lt;p&gt;We see the following problem on 1.1.0 and 1.2.0 but not 0.13 which seems like a regression.&lt;/p&gt;

&lt;p&gt;The following query (Q1) produces no results:&lt;/p&gt;

&lt;div class=&quot;code panel&quot; style=&quot;border-width: 1px;&quot;&gt;&lt;div class=&quot;codeContent panelContent&quot;&gt;
&lt;pre class=&quot;code-java&quot;&gt;
select s
from (
  select last.*, action.st2, action.n
  from (
    select purchase.s, purchase.timestamp, max (mevt.timestamp) as last_stage_timestamp
    from (select * from purchase_history) purchase
    join (select * from cart_history) mevt
    on purchase.s = mevt.s
    where purchase.timestamp &amp;gt; mevt.timestamp
    group by purchase.s, purchase.timestamp
  ) last
  join (select * from events) action
  on last.s = action.s and last.last_stage_timestamp = action.timestamp
) list;

&lt;/pre&gt;
&lt;/div&gt;&lt;/div&gt;

&lt;p&gt;While this one (Q2) does produce results :&lt;/p&gt;


&lt;div class=&quot;code panel&quot; style=&quot;border-width: 1px;&quot;&gt;&lt;div class=&quot;codeContent panelContent&quot;&gt;
&lt;pre class=&quot;code-java&quot;&gt;
select *
from (
  select last.*, action.st2, action.n
  from (
    select purchase.s, purchase.timestamp, max (mevt.timestamp) as last_stage_timestamp
    from (select * from purchase_history) purchase
    join (select * from cart_history) mevt
    on purchase.s = mevt.s
    where purchase.timestamp &amp;gt; mevt.timestamp
    group by purchase.s, purchase.timestamp
  ) last
  join (select * from events) action
  on last.s = action.s and last.last_stage_timestamp = action.timestamp
) list;
1	21	20	Bob	1234
1	31	30	Bob	1234
3	51	50	Jeff	1234

&lt;/pre&gt;
&lt;/div&gt;&lt;/div&gt;


&lt;p&gt;The setup to test this is:&lt;/p&gt;

&lt;div class=&quot;code panel&quot; style=&quot;border-width: 1px;&quot;&gt;&lt;div class=&quot;codeContent panelContent&quot;&gt;
&lt;pre class=&quot;code-java&quot;&gt;
create table purchase_history (s string, product string, price &lt;span class=&quot;code-object&quot;&gt;double&lt;/span&gt;, timestamp &lt;span class=&quot;code-object&quot;&gt;int&lt;/span&gt;);
insert into purchase_history values (&apos;1&apos;, &apos;Belt&apos;, 20.00, 21);
insert into purchase_history values (&apos;1&apos;, &apos;Socks&apos;, 3.50, 31);
insert into purchase_history values (&apos;3&apos;, &apos;Belt&apos;, 20.00, 51);
insert into purchase_history values (&apos;4&apos;, &apos;Shirt&apos;, 15.50, 59);

create table cart_history (s string, cart_id &lt;span class=&quot;code-object&quot;&gt;int&lt;/span&gt;, timestamp &lt;span class=&quot;code-object&quot;&gt;int&lt;/span&gt;);
insert into cart_history values (&apos;1&apos;, 1, 10);
insert into cart_history values (&apos;1&apos;, 2, 20);
insert into cart_history values (&apos;1&apos;, 3, 30);
insert into cart_history values (&apos;1&apos;, 4, 40);
insert into cart_history values (&apos;3&apos;, 5, 50);
insert into cart_history values (&apos;4&apos;, 6, 60);

create table events (s string, st2 string, n &lt;span class=&quot;code-object&quot;&gt;int&lt;/span&gt;, timestamp &lt;span class=&quot;code-object&quot;&gt;int&lt;/span&gt;);
insert into events values (&apos;1&apos;, &apos;Bob&apos;, 1234, 20);
insert into events values (&apos;1&apos;, &apos;Bob&apos;, 1234, 30);
insert into events values (&apos;1&apos;, &apos;Bob&apos;, 1234, 25);
insert into events values (&apos;2&apos;, &apos;Sam&apos;, 1234, 30);
insert into events values (&apos;3&apos;, &apos;Jeff&apos;, 1234, 50);
insert into events values (&apos;4&apos;, &apos;Ted&apos;, 1234, 60);

&lt;/pre&gt;
&lt;/div&gt;&lt;/div&gt;

&lt;p&gt;I realize select * and select s are not all that interesting in this context but what lead us to this issue was select count(distinct s) was not returning results. The above queries are the simplified queries that produce the issue. &lt;/p&gt;

&lt;p&gt;I will note that if I convert the inner join to a table and select from that the issue does not appear.&lt;/p&gt;




&lt;p&gt;Update: Found that turning off  hive.optimize.remove.identity.project fixes this issue. This optimization was introduced in &lt;a href=&quot;https://issues.apache.org/jira/browse/HIVE-8435&quot; class=&quot;external-link&quot; rel=&quot;nofollow&quot;&gt;https://issues.apache.org/jira/browse/HIVE-8435&lt;/a&gt;&lt;/p&gt;</description>
                <environment></environment>
        <key id="12837557">HIVE-10996</key>
            <summary>Aggregation / Projection over Multi-Join Inner Query producing incorrect results</summary>
                <type id="1" iconUrl="https://issues.apache.org/jira/images/icons/issuetypes/bug.png">Bug</type>
                                            <priority id="2" iconUrl="https://issues.apache.org/jira/images/icons/priorities/critical.png">Critical</priority>
                        <status id="6" iconUrl="https://issues.apache.org/jira/images/icons/statuses/closed.png" description="The issue is considered finished, the resolution is correct. Issues which are closed can be reopened.">Closed</status>
                    <statusCategory id="3" key="done" colorName="green"/>
                                    <resolution id="1">Fixed</resolution>
                                        <assignee username="jcamachorodriguez">Jesus Camacho Rodriguez</assignee>
                                    <reporter username="gkowshik">Gautam Kowshik</reporter>
                        <labels>
                    </labels>
                <created>Sat, 13 Jun 2015 00:46:24 +0000</created>
                <updated>Tue, 16 Feb 2016 23:52:46 +0000</updated>
                            <resolved>Sat, 27 Jun 2015 22:22:21 +0000</resolved>
                                    <version>1.2.0</version>
                    <version>1.1.0</version>
                    <version>1.3.0</version>
                    <version>2.0.0</version>
                                    <fixVersion>1.1.1</fixVersion>
                    <fixVersion>2.0.0</fixVersion>
                    <fixVersion>1.2.2</fixVersion>
                                    <component>Query Planning</component>
                        <due></due>
                            <votes>1</votes>
                                    <watches>11</watches>
                                                                <comments>
                            <comment id="14584349" author="gkowshik" created="Sat, 13 Jun 2015 01:01:51 +0000"  >&lt;p&gt;Attached query plans of query with projection over inner query : Q1 and just inner query : Q2&lt;/p&gt;</comment>
                            <comment id="14586978" author="jpullokkaran" created="Mon, 15 Jun 2015 21:51:04 +0000"  >&lt;p&gt;&lt;a href=&quot;https://issues.apache.org/jira/secure/ViewProfile.jspa?name=jcamachorodriguez&quot; class=&quot;user-hover&quot; rel=&quot;jcamachorodriguez&quot;&gt;Jesus Camacho Rodriguez&lt;/a&gt; Could you take a look? seems like related to DT removal &lt;a href=&quot;https://issues.apache.org/jira/browse/HIVE-8435&quot; title=&quot;Add identity project remover optimization&quot; class=&quot;issue-link&quot; data-issue-key=&quot;HIVE-8435&quot;&gt;&lt;del&gt;HIVE-8435&lt;/del&gt;&lt;/a&gt;.&lt;/p&gt;</comment>
                            <comment id="14587114" author="jcamachorodriguez" created="Mon, 15 Jun 2015 23:13:07 +0000"  >&lt;p&gt;This seems to be fixed in &lt;a href=&quot;https://issues.apache.org/jira/browse/HIVE-9613&quot; title=&quot;Left join query plan outputs  wrong column when using subquery&quot; class=&quot;issue-link&quot; data-issue-key=&quot;HIVE-9613&quot;&gt;&lt;del&gt;HIVE-9613&lt;/del&gt;&lt;/a&gt;. The fix was backported to 1.0, but not to 1.1.&lt;/p&gt;

&lt;p&gt;&lt;a href=&quot;https://issues.apache.org/jira/secure/ViewProfile.jspa?name=hagleitn&quot; class=&quot;user-hover&quot; rel=&quot;hagleitn&quot;&gt;Gunther Hagleitner&lt;/a&gt;, &lt;a href=&quot;https://issues.apache.org/jira/secure/ViewProfile.jspa?name=brocknoland&quot; class=&quot;user-hover&quot; rel=&quot;brocknoland&quot;&gt;Brock Noland&lt;/a&gt;, could we backport &lt;a href=&quot;https://issues.apache.org/jira/browse/HIVE-9613&quot; title=&quot;Left join query plan outputs  wrong column when using subquery&quot; class=&quot;issue-link&quot; data-issue-key=&quot;HIVE-9613&quot;&gt;&lt;del&gt;HIVE-9613&lt;/del&gt;&lt;/a&gt; to 1.1 to solve this issue? Thanks&lt;/p&gt;</comment>
                            <comment id="14587171" author="jcamachorodriguez" created="Mon, 15 Jun 2015 23:57:11 +0000"  >&lt;p&gt;I can reproduce the problem in 1.2. Still investigating the issue...&lt;/p&gt;</comment>
                            <comment id="14589132" author="jcamachorodriguez" created="Wed, 17 Jun 2015 01:19:48 +0000"  >&lt;p&gt;Triggering a QA run.&lt;/p&gt;</comment>
                            <comment id="14589463" author="hiveqa" created="Wed, 17 Jun 2015 08:12:34 +0000"  >

&lt;p&gt;&lt;font color=&quot;red&quot;&gt;Overall&lt;/font&gt;: -1 at least one tests failed&lt;/p&gt;

&lt;p&gt;Here are the results of testing the latest attachment:&lt;br/&gt;
&lt;a href=&quot;https://issues.apache.org/jira/secure/attachment/12740012/HIVE-10996.patch&quot; class=&quot;external-link&quot; rel=&quot;nofollow&quot;&gt;https://issues.apache.org/jira/secure/attachment/12740012/HIVE-10996.patch&lt;/a&gt;&lt;/p&gt;

&lt;p&gt;&lt;font color=&quot;red&quot;&gt;ERROR:&lt;/font&gt; -1 due to 201 failed/errored test(s), 9009 tests executed&lt;br/&gt;
&lt;b&gt;Failed tests:&lt;/b&gt;&lt;/p&gt;
&lt;div class=&quot;preformatted panel&quot; style=&quot;border-width: 1px;&quot;&gt;&lt;div class=&quot;preformattedContent panelContent&quot;&gt;
&lt;pre&gt;org.apache.hadoop.hive.cli.TestCliDriver.testCliDriver_auto_join0
org.apache.hadoop.hive.cli.TestCliDriver.testCliDriver_auto_join13
org.apache.hadoop.hive.cli.TestCliDriver.testCliDriver_auto_join18
org.apache.hadoop.hive.cli.TestCliDriver.testCliDriver_auto_join18_multi_distinct
org.apache.hadoop.hive.cli.TestCliDriver.testCliDriver_auto_join22
org.apache.hadoop.hive.cli.TestCliDriver.testCliDriver_auto_join_without_localtask
org.apache.hadoop.hive.cli.TestCliDriver.testCliDriver_auto_smb_mapjoin_14
org.apache.hadoop.hive.cli.TestCliDriver.testCliDriver_auto_sortmerge_join_9
org.apache.hadoop.hive.cli.TestCliDriver.testCliDriver_cbo_rp_auto_join1
org.apache.hadoop.hive.cli.TestCliDriver.testCliDriver_cluster
org.apache.hadoop.hive.cli.TestCliDriver.testCliDriver_column_access_stats
org.apache.hadoop.hive.cli.TestCliDriver.testCliDriver_correlationoptimizer10
org.apache.hadoop.hive.cli.TestCliDriver.testCliDriver_correlationoptimizer14
org.apache.hadoop.hive.cli.TestCliDriver.testCliDriver_correlationoptimizer15
org.apache.hadoop.hive.cli.TestCliDriver.testCliDriver_correlationoptimizer2
org.apache.hadoop.hive.cli.TestCliDriver.testCliDriver_correlationoptimizer3
org.apache.hadoop.hive.cli.TestCliDriver.testCliDriver_correlationoptimizer5
org.apache.hadoop.hive.cli.TestCliDriver.testCliDriver_correlationoptimizer6
org.apache.hadoop.hive.cli.TestCliDriver.testCliDriver_correlationoptimizer7
org.apache.hadoop.hive.cli.TestCliDriver.testCliDriver_correlationoptimizer9
org.apache.hadoop.hive.cli.TestCliDriver.testCliDriver_cross_product_check_1
org.apache.hadoop.hive.cli.TestCliDriver.testCliDriver_cross_product_check_2
org.apache.hadoop.hive.cli.TestCliDriver.testCliDriver_dynpart_sort_opt_vectorization
org.apache.hadoop.hive.cli.TestCliDriver.testCliDriver_dynpart_sort_optimization
org.apache.hadoop.hive.cli.TestCliDriver.testCliDriver_explain_logical
org.apache.hadoop.hive.cli.TestCliDriver.testCliDriver_explain_rearrange
org.apache.hadoop.hive.cli.TestCliDriver.testCliDriver_groupby2_limit
org.apache.hadoop.hive.cli.TestCliDriver.testCliDriver_groupby7_noskew_multi_single_reducer
org.apache.hadoop.hive.cli.TestCliDriver.testCliDriver_groupby_complex_types_multi_single_reducer
org.apache.hadoop.hive.cli.TestCliDriver.testCliDriver_groupby_position
org.apache.hadoop.hive.cli.TestCliDriver.testCliDriver_groupby_sort_1_23
org.apache.hadoop.hive.cli.TestCliDriver.testCliDriver_groupby_sort_skew_1_23
org.apache.hadoop.hive.cli.TestCliDriver.testCliDriver_join0
org.apache.hadoop.hive.cli.TestCliDriver.testCliDriver_join13
org.apache.hadoop.hive.cli.TestCliDriver.testCliDriver_join18
org.apache.hadoop.hive.cli.TestCliDriver.testCliDriver_join18_multi_distinct
org.apache.hadoop.hive.cli.TestCliDriver.testCliDriver_join22
org.apache.hadoop.hive.cli.TestCliDriver.testCliDriver_join29
org.apache.hadoop.hive.cli.TestCliDriver.testCliDriver_join31
org.apache.hadoop.hive.cli.TestCliDriver.testCliDriver_join32
org.apache.hadoop.hive.cli.TestCliDriver.testCliDriver_join32_lessSize
org.apache.hadoop.hive.cli.TestCliDriver.testCliDriver_join33
org.apache.hadoop.hive.cli.TestCliDriver.testCliDriver_join_alt_syntax
org.apache.hadoop.hive.cli.TestCliDriver.testCliDriver_join_cond_pushdown_1
org.apache.hadoop.hive.cli.TestCliDriver.testCliDriver_join_cond_pushdown_2
org.apache.hadoop.hive.cli.TestCliDriver.testCliDriver_join_cond_pushdown_3
org.apache.hadoop.hive.cli.TestCliDriver.testCliDriver_join_cond_pushdown_4
org.apache.hadoop.hive.cli.TestCliDriver.testCliDriver_limit_pushdown
org.apache.hadoop.hive.cli.TestCliDriver.testCliDriver_metadataonly1
org.apache.hadoop.hive.cli.TestCliDriver.testCliDriver_multiMapJoin1
org.apache.hadoop.hive.cli.TestCliDriver.testCliDriver_multiMapJoin2
org.apache.hadoop.hive.cli.TestCliDriver.testCliDriver_multi_insert_mixed
org.apache.hadoop.hive.cli.TestCliDriver.testCliDriver_multi_insert_union_src
org.apache.hadoop.hive.cli.TestCliDriver.testCliDriver_multi_join_union
org.apache.hadoop.hive.cli.TestCliDriver.testCliDriver_nonblock_op_deduplicate
org.apache.hadoop.hive.cli.TestCliDriver.testCliDriver_parallel
org.apache.hadoop.hive.cli.TestCliDriver.testCliDriver_parallel_join0
org.apache.hadoop.hive.cli.TestCliDriver.testCliDriver_ppd2
org.apache.hadoop.hive.cli.TestCliDriver.testCliDriver_ppd_clusterby
org.apache.hadoop.hive.cli.TestCliDriver.testCliDriver_ppd_outer_join4
org.apache.hadoop.hive.cli.TestCliDriver.testCliDriver_ptf
org.apache.hadoop.hive.cli.TestCliDriver.testCliDriver_ptf_streaming
org.apache.hadoop.hive.cli.TestCliDriver.testCliDriver_reduce_deduplicate_extended
org.apache.hadoop.hive.cli.TestCliDriver.testCliDriver_runtime_skewjoin_mapjoin_spark
org.apache.hadoop.hive.cli.TestCliDriver.testCliDriver_sample10
org.apache.hadoop.hive.cli.TestCliDriver.testCliDriver_skewjoin_mapjoin5
org.apache.hadoop.hive.cli.TestCliDriver.testCliDriver_skewjoin_noskew
org.apache.hadoop.hive.cli.TestCliDriver.testCliDriver_skewjoinopt9
org.apache.hadoop.hive.cli.TestCliDriver.testCliDriver_smb_mapjoin_14
org.apache.hadoop.hive.cli.TestCliDriver.testCliDriver_subquery_exists_having
org.apache.hadoop.hive.cli.TestCliDriver.testCliDriver_subquery_in
org.apache.hadoop.hive.cli.TestCliDriver.testCliDriver_subquery_in_having
org.apache.hadoop.hive.cli.TestCliDriver.testCliDriver_subquery_notexists_having
org.apache.hadoop.hive.cli.TestCliDriver.testCliDriver_subquery_notin
org.apache.hadoop.hive.cli.TestCliDriver.testCliDriver_subquery_notin_having
org.apache.hadoop.hive.cli.TestCliDriver.testCliDriver_subquery_unqualcolumnrefs
org.apache.hadoop.hive.cli.TestCliDriver.testCliDriver_temp_table
org.apache.hadoop.hive.cli.TestCliDriver.testCliDriver_type_widening
org.apache.hadoop.hive.cli.TestCliDriver.testCliDriver_udtf_json_tuple
org.apache.hadoop.hive.cli.TestCliDriver.testCliDriver_union3
org.apache.hadoop.hive.cli.TestCliDriver.testCliDriver_union32
org.apache.hadoop.hive.cli.TestCliDriver.testCliDriver_union34
org.apache.hadoop.hive.cli.TestCliDriver.testCliDriver_unionDistinct_1
org.apache.hadoop.hive.cli.TestCliDriver.testCliDriver_vector_char_2
org.apache.hadoop.hive.cli.TestCliDriver.testCliDriver_vector_mapjoin_reduce
org.apache.hadoop.hive.cli.TestCliDriver.testCliDriver_vector_mr_diff_schema_alias
org.apache.hadoop.hive.cli.TestCliDriver.testCliDriver_vector_orderby_5
org.apache.hadoop.hive.cli.TestCliDriver.testCliDriver_vector_reduce_groupby_decimal
org.apache.hadoop.hive.cli.TestCliDriver.testCliDriver_vector_string_concat
org.apache.hadoop.hive.cli.TestCliDriver.testCliDriver_vectorization_0
org.apache.hadoop.hive.cli.TestCliDriver.testCliDriver_vectorization_limit
org.apache.hadoop.hive.cli.TestCliDriver.testCliDriver_vectorized_date_funcs
org.apache.hadoop.hive.cli.TestCliDriver.testCliDriver_vectorized_parquet_types
org.apache.hadoop.hive.cli.TestCliDriver.testCliDriver_vectorized_ptf
org.apache.hadoop.hive.cli.TestCliDriver.testCliDriver_vectorized_shufflejoin
org.apache.hadoop.hive.cli.TestContribCliDriver.testCliDriver_serde_typedbytes4
org.apache.hadoop.hive.cli.TestHBaseCliDriver.testCliDriver_hbase_queries
org.apache.hadoop.hive.cli.TestMiniSparkOnYarnCliDriver.testCliDriver_infer_bucket_sort_map_operators
org.apache.hadoop.hive.cli.TestMiniSparkOnYarnCliDriver.testCliDriver_ql_rewrite_gbtoidx
org.apache.hadoop.hive.cli.TestMiniSparkOnYarnCliDriver.testCliDriver_ql_rewrite_gbtoidx_cbo_1
org.apache.hadoop.hive.cli.TestMiniTezCliDriver.testCliDriver_auto_join0
org.apache.hadoop.hive.cli.TestMiniTezCliDriver.testCliDriver_auto_sortmerge_join_9
org.apache.hadoop.hive.cli.TestMiniTezCliDriver.testCliDriver_bucket_map_join_tez1
org.apache.hadoop.hive.cli.TestMiniTezCliDriver.testCliDriver_bucket_map_join_tez2
org.apache.hadoop.hive.cli.TestMiniTezCliDriver.testCliDriver_cross_product_check_1
org.apache.hadoop.hive.cli.TestMiniTezCliDriver.testCliDriver_cross_product_check_2
org.apache.hadoop.hive.cli.TestMiniTezCliDriver.testCliDriver_dynamic_partition_pruning_2
org.apache.hadoop.hive.cli.TestMiniTezCliDriver.testCliDriver_dynpart_sort_opt_vectorization
org.apache.hadoop.hive.cli.TestMiniTezCliDriver.testCliDriver_dynpart_sort_optimization
org.apache.hadoop.hive.cli.TestMiniTezCliDriver.testCliDriver_explainuser_1
org.apache.hadoop.hive.cli.TestMiniTezCliDriver.testCliDriver_explainuser_2
org.apache.hadoop.hive.cli.TestMiniTezCliDriver.testCliDriver_join0
org.apache.hadoop.hive.cli.TestMiniTezCliDriver.testCliDriver_limit_pushdown
org.apache.hadoop.hive.cli.TestMiniTezCliDriver.testCliDriver_metadataonly1
org.apache.hadoop.hive.cli.TestMiniTezCliDriver.testCliDriver_mrr
org.apache.hadoop.hive.cli.TestMiniTezCliDriver.testCliDriver_parallel
org.apache.hadoop.hive.cli.TestMiniTezCliDriver.testCliDriver_ptf
org.apache.hadoop.hive.cli.TestMiniTezCliDriver.testCliDriver_ptf_streaming
org.apache.hadoop.hive.cli.TestMiniTezCliDriver.testCliDriver_subquery_in
org.apache.hadoop.hive.cli.TestMiniTezCliDriver.testCliDriver_temp_table
org.apache.hadoop.hive.cli.TestMiniTezCliDriver.testCliDriver_tez_dml
org.apache.hadoop.hive.cli.TestMiniTezCliDriver.testCliDriver_tez_join_tests
org.apache.hadoop.hive.cli.TestMiniTezCliDriver.testCliDriver_tez_joins_explain
org.apache.hadoop.hive.cli.TestMiniTezCliDriver.testCliDriver_tez_union_group_by
org.apache.hadoop.hive.cli.TestMiniTezCliDriver.testCliDriver_union3
org.apache.hadoop.hive.cli.TestMiniTezCliDriver.testCliDriver_unionDistinct_1
org.apache.hadoop.hive.cli.TestMiniTezCliDriver.testCliDriver_vector_char_2
org.apache.hadoop.hive.cli.TestMiniTezCliDriver.testCliDriver_vector_mapjoin_reduce
org.apache.hadoop.hive.cli.TestMiniTezCliDriver.testCliDriver_vector_mr_diff_schema_alias
org.apache.hadoop.hive.cli.TestMiniTezCliDriver.testCliDriver_vector_orderby_5
org.apache.hadoop.hive.cli.TestMiniTezCliDriver.testCliDriver_vector_reduce_groupby_decimal
org.apache.hadoop.hive.cli.TestMiniTezCliDriver.testCliDriver_vector_string_concat
org.apache.hadoop.hive.cli.TestMiniTezCliDriver.testCliDriver_vectorization_0
org.apache.hadoop.hive.cli.TestMiniTezCliDriver.testCliDriver_vectorization_limit
org.apache.hadoop.hive.cli.TestMiniTezCliDriver.testCliDriver_vectorized_date_funcs
org.apache.hadoop.hive.cli.TestMiniTezCliDriver.testCliDriver_vectorized_ptf
org.apache.hadoop.hive.cli.TestMiniTezCliDriver.testCliDriver_vectorized_shufflejoin
org.apache.hadoop.hive.cli.TestMinimrCliDriver.testCliDriver_infer_bucket_sort_map_operators
org.apache.hadoop.hive.cli.TestMinimrCliDriver.testCliDriver_ql_rewrite_gbtoidx
org.apache.hadoop.hive.cli.TestMinimrCliDriver.testCliDriver_ql_rewrite_gbtoidx_cbo_1
org.apache.hadoop.hive.cli.TestMinimrCliDriver.testCliDriver_ql_rewrite_gbtoidx_cbo_2
org.apache.hadoop.hive.cli.TestSparkCliDriver.testCliDriver_auto_join0
org.apache.hadoop.hive.cli.TestSparkCliDriver.testCliDriver_auto_join13
org.apache.hadoop.hive.cli.TestSparkCliDriver.testCliDriver_auto_join18
org.apache.hadoop.hive.cli.TestSparkCliDriver.testCliDriver_auto_join18_multi_distinct
org.apache.hadoop.hive.cli.TestSparkCliDriver.testCliDriver_auto_join22
org.apache.hadoop.hive.cli.TestSparkCliDriver.testCliDriver_auto_join_without_localtask
org.apache.hadoop.hive.cli.TestSparkCliDriver.testCliDriver_auto_smb_mapjoin_14
org.apache.hadoop.hive.cli.TestSparkCliDriver.testCliDriver_auto_sortmerge_join_9
org.apache.hadoop.hive.cli.TestSparkCliDriver.testCliDriver_bucket_map_join_tez1
org.apache.hadoop.hive.cli.TestSparkCliDriver.testCliDriver_bucket_map_join_tez2
org.apache.hadoop.hive.cli.TestSparkCliDriver.testCliDriver_column_access_stats
org.apache.hadoop.hive.cli.TestSparkCliDriver.testCliDriver_cross_product_check_1
org.apache.hadoop.hive.cli.TestSparkCliDriver.testCliDriver_cross_product_check_2
org.apache.hadoop.hive.cli.TestSparkCliDriver.testCliDriver_groupby7_noskew_multi_single_reducer
org.apache.hadoop.hive.cli.TestSparkCliDriver.testCliDriver_groupby_complex_types_multi_single_reducer
org.apache.hadoop.hive.cli.TestSparkCliDriver.testCliDriver_groupby_position
org.apache.hadoop.hive.cli.TestSparkCliDriver.testCliDriver_groupby_sort_1_23
org.apache.hadoop.hive.cli.TestSparkCliDriver.testCliDriver_groupby_sort_skew_1_23
org.apache.hadoop.hive.cli.TestSparkCliDriver.testCliDriver_join0
org.apache.hadoop.hive.cli.TestSparkCliDriver.testCliDriver_join13
org.apache.hadoop.hive.cli.TestSparkCliDriver.testCliDriver_join18
org.apache.hadoop.hive.cli.TestSparkCliDriver.testCliDriver_join18_multi_distinct
org.apache.hadoop.hive.cli.TestSparkCliDriver.testCliDriver_join22
org.apache.hadoop.hive.cli.TestSparkCliDriver.testCliDriver_join28
org.apache.hadoop.hive.cli.TestSparkCliDriver.testCliDriver_join29
org.apache.hadoop.hive.cli.TestSparkCliDriver.testCliDriver_join31
org.apache.hadoop.hive.cli.TestSparkCliDriver.testCliDriver_join32
org.apache.hadoop.hive.cli.TestSparkCliDriver.testCliDriver_join32_lessSize
org.apache.hadoop.hive.cli.TestSparkCliDriver.testCliDriver_join33
org.apache.hadoop.hive.cli.TestSparkCliDriver.testCliDriver_join_alt_syntax
org.apache.hadoop.hive.cli.TestSparkCliDriver.testCliDriver_join_cond_pushdown_1
org.apache.hadoop.hive.cli.TestSparkCliDriver.testCliDriver_join_cond_pushdown_2
org.apache.hadoop.hive.cli.TestSparkCliDriver.testCliDriver_join_cond_pushdown_3
org.apache.hadoop.hive.cli.TestSparkCliDriver.testCliDriver_join_cond_pushdown_4
org.apache.hadoop.hive.cli.TestSparkCliDriver.testCliDriver_limit_pushdown
org.apache.hadoop.hive.cli.TestSparkCliDriver.testCliDriver_multi_insert_mixed
org.apache.hadoop.hive.cli.TestSparkCliDriver.testCliDriver_multi_join_union
org.apache.hadoop.hive.cli.TestSparkCliDriver.testCliDriver_parallel
org.apache.hadoop.hive.cli.TestSparkCliDriver.testCliDriver_parallel_join0
org.apache.hadoop.hive.cli.TestSparkCliDriver.testCliDriver_ppd_outer_join4
org.apache.hadoop.hive.cli.TestSparkCliDriver.testCliDriver_ptf
org.apache.hadoop.hive.cli.TestSparkCliDriver.testCliDriver_ptf_streaming
org.apache.hadoop.hive.cli.TestSparkCliDriver.testCliDriver_runtime_skewjoin_mapjoin_spark
org.apache.hadoop.hive.cli.TestSparkCliDriver.testCliDriver_sample10
org.apache.hadoop.hive.cli.TestSparkCliDriver.testCliDriver_skewjoin_noskew
org.apache.hadoop.hive.cli.TestSparkCliDriver.testCliDriver_skewjoinopt9
org.apache.hadoop.hive.cli.TestSparkCliDriver.testCliDriver_smb_mapjoin_14
org.apache.hadoop.hive.cli.TestSparkCliDriver.testCliDriver_subquery_in
org.apache.hadoop.hive.cli.TestSparkCliDriver.testCliDriver_temp_table
org.apache.hadoop.hive.cli.TestSparkCliDriver.testCliDriver_tez_join_tests
org.apache.hadoop.hive.cli.TestSparkCliDriver.testCliDriver_tez_joins_explain
org.apache.hadoop.hive.cli.TestSparkCliDriver.testCliDriver_union3
org.apache.hadoop.hive.cli.TestSparkCliDriver.testCliDriver_union32
org.apache.hadoop.hive.cli.TestSparkCliDriver.testCliDriver_union34
org.apache.hadoop.hive.cli.TestSparkCliDriver.testCliDriver_vector_mapjoin_reduce
org.apache.hadoop.hive.cli.TestSparkCliDriver.testCliDriver_vector_orderby_5
org.apache.hadoop.hive.cli.TestSparkCliDriver.testCliDriver_vector_string_concat
org.apache.hadoop.hive.cli.TestSparkCliDriver.testCliDriver_vectorization_0
org.apache.hadoop.hive.cli.TestSparkCliDriver.testCliDriver_vectorized_ptf
org.apache.hadoop.hive.cli.TestSparkCliDriver.testCliDriver_vectorized_shufflejoin
&lt;/pre&gt;
&lt;/div&gt;&lt;/div&gt;

&lt;p&gt;Test results: &lt;a href=&quot;http://ec2-174-129-184-35.compute-1.amazonaws.com/jenkins/job/PreCommit-HIVE-TRUNK-Build/4283/testReport&quot; class=&quot;external-link&quot; rel=&quot;nofollow&quot;&gt;http://ec2-174-129-184-35.compute-1.amazonaws.com/jenkins/job/PreCommit-HIVE-TRUNK-Build/4283/testReport&lt;/a&gt;&lt;br/&gt;
Console output: &lt;a href=&quot;http://ec2-174-129-184-35.compute-1.amazonaws.com/jenkins/job/PreCommit-HIVE-TRUNK-Build/4283/console&quot; class=&quot;external-link&quot; rel=&quot;nofollow&quot;&gt;http://ec2-174-129-184-35.compute-1.amazonaws.com/jenkins/job/PreCommit-HIVE-TRUNK-Build/4283/console&lt;/a&gt;&lt;br/&gt;
Test logs: &lt;a href=&quot;http://ec2-174-129-184-35.compute-1.amazonaws.com/logs/PreCommit-HIVE-TRUNK-Build-4283/&quot; class=&quot;external-link&quot; rel=&quot;nofollow&quot;&gt;http://ec2-174-129-184-35.compute-1.amazonaws.com/logs/PreCommit-HIVE-TRUNK-Build-4283/&lt;/a&gt;&lt;/p&gt;

&lt;p&gt;Messages:&lt;/p&gt;
&lt;div class=&quot;preformatted panel&quot; style=&quot;border-width: 1px;&quot;&gt;&lt;div class=&quot;preformattedContent panelContent&quot;&gt;
&lt;pre&gt;Executing org.apache.hive.ptest.execution.PrepPhase
Executing org.apache.hive.ptest.execution.ExecutionPhase
Executing org.apache.hive.ptest.execution.ReportingPhase
Tests exited with: TestsFailedException: 201 tests failed
&lt;/pre&gt;
&lt;/div&gt;&lt;/div&gt;

&lt;p&gt;This message is automatically generated.&lt;/p&gt;

&lt;p&gt;ATTACHMENT ID: 12740012 - PreCommit-HIVE-TRUNK-Build&lt;/p&gt;</comment>
                            <comment id="14592061" author="hiveqa" created="Thu, 18 Jun 2015 16:30:51 +0000"  >

&lt;p&gt;&lt;font color=&quot;red&quot;&gt;Overall&lt;/font&gt;: -1 at least one tests failed&lt;/p&gt;

&lt;p&gt;Here are the results of testing the latest attachment:&lt;br/&gt;
&lt;a href=&quot;https://issues.apache.org/jira/secure/attachment/12740328/HIVE-10996.01.patch&quot; class=&quot;external-link&quot; rel=&quot;nofollow&quot;&gt;https://issues.apache.org/jira/secure/attachment/12740328/HIVE-10996.01.patch&lt;/a&gt;&lt;/p&gt;

&lt;p&gt;&lt;font color=&quot;red&quot;&gt;ERROR:&lt;/font&gt; -1 due to 2 failed/errored test(s), 8996 tests executed&lt;br/&gt;
&lt;b&gt;Failed tests:&lt;/b&gt;&lt;/p&gt;
&lt;div class=&quot;preformatted panel&quot; style=&quot;border-width: 1px;&quot;&gt;&lt;div class=&quot;preformattedContent panelContent&quot;&gt;
&lt;pre&gt;TestCliDriver-enforce_order.q-bucketcontext_4.q-stats_publisher_error_1.q-and-12-more - did not produce a TEST-*.xml file
org.apache.hive.hcatalog.streaming.TestStreaming.testTransactionBatchCommit_Json
&lt;/pre&gt;
&lt;/div&gt;&lt;/div&gt;

&lt;p&gt;Test results: &lt;a href=&quot;http://ec2-174-129-184-35.compute-1.amazonaws.com/jenkins/job/PreCommit-HIVE-TRUNK-Build/4304/testReport&quot; class=&quot;external-link&quot; rel=&quot;nofollow&quot;&gt;http://ec2-174-129-184-35.compute-1.amazonaws.com/jenkins/job/PreCommit-HIVE-TRUNK-Build/4304/testReport&lt;/a&gt;&lt;br/&gt;
Console output: &lt;a href=&quot;http://ec2-174-129-184-35.compute-1.amazonaws.com/jenkins/job/PreCommit-HIVE-TRUNK-Build/4304/console&quot; class=&quot;external-link&quot; rel=&quot;nofollow&quot;&gt;http://ec2-174-129-184-35.compute-1.amazonaws.com/jenkins/job/PreCommit-HIVE-TRUNK-Build/4304/console&lt;/a&gt;&lt;br/&gt;
Test logs: &lt;a href=&quot;http://ec2-174-129-184-35.compute-1.amazonaws.com/logs/PreCommit-HIVE-TRUNK-Build-4304/&quot; class=&quot;external-link&quot; rel=&quot;nofollow&quot;&gt;http://ec2-174-129-184-35.compute-1.amazonaws.com/logs/PreCommit-HIVE-TRUNK-Build-4304/&lt;/a&gt;&lt;/p&gt;

&lt;p&gt;Messages:&lt;/p&gt;
&lt;div class=&quot;preformatted panel&quot; style=&quot;border-width: 1px;&quot;&gt;&lt;div class=&quot;preformattedContent panelContent&quot;&gt;
&lt;pre&gt;Executing org.apache.hive.ptest.execution.PrepPhase
Executing org.apache.hive.ptest.execution.ExecutionPhase
Executing org.apache.hive.ptest.execution.ReportingPhase
Tests exited with: TestsFailedException: 2 tests failed
&lt;/pre&gt;
&lt;/div&gt;&lt;/div&gt;

&lt;p&gt;This message is automatically generated.&lt;/p&gt;

&lt;p&gt;ATTACHMENT ID: 12740328 - PreCommit-HIVE-TRUNK-Build&lt;/p&gt;</comment>
                            <comment id="14592388" author="hiveqa" created="Thu, 18 Jun 2015 19:42:20 +0000"  >

&lt;p&gt;&lt;font color=&quot;red&quot;&gt;Overall&lt;/font&gt;: -1 at least one tests failed&lt;/p&gt;

&lt;p&gt;Here are the results of testing the latest attachment:&lt;br/&gt;
&lt;a href=&quot;https://issues.apache.org/jira/secure/attachment/12740417/HIVE-10996.02.patch&quot; class=&quot;external-link&quot; rel=&quot;nofollow&quot;&gt;https://issues.apache.org/jira/secure/attachment/12740417/HIVE-10996.02.patch&lt;/a&gt;&lt;/p&gt;

&lt;p&gt;&lt;font color=&quot;red&quot;&gt;ERROR:&lt;/font&gt; -1 due to 8 failed/errored test(s), 9011 tests executed&lt;br/&gt;
&lt;b&gt;Failed tests:&lt;/b&gt;&lt;/p&gt;
&lt;div class=&quot;preformatted panel&quot; style=&quot;border-width: 1px;&quot;&gt;&lt;div class=&quot;preformattedContent panelContent&quot;&gt;
&lt;pre&gt;org.apache.hadoop.hive.cli.TestCliDriver.testCliDriver_having
org.apache.hadoop.hive.cli.TestCliDriver.testCliDriver_subquery_in_having
org.apache.hadoop.hive.cli.TestCliDriver.testCliDriver_subquery_notin_having
org.apache.hadoop.hive.cli.TestCliDriver.testCliDriver_subquery_unqualcolumnrefs
org.apache.hadoop.hive.cli.TestMiniTezCliDriver.testCliDriver_explainuser_1
org.apache.hadoop.hive.cli.TestMiniTezCliDriver.testCliDriver_having
org.apache.hadoop.hive.cli.TestSparkCliDriver.testCliDriver_having
org.apache.hadoop.hive.cli.TestSparkCliDriver.testCliDriver_join28
&lt;/pre&gt;
&lt;/div&gt;&lt;/div&gt;

&lt;p&gt;Test results: &lt;a href=&quot;http://ec2-174-129-184-35.compute-1.amazonaws.com/jenkins/job/PreCommit-HIVE-TRUNK-Build/4308/testReport&quot; class=&quot;external-link&quot; rel=&quot;nofollow&quot;&gt;http://ec2-174-129-184-35.compute-1.amazonaws.com/jenkins/job/PreCommit-HIVE-TRUNK-Build/4308/testReport&lt;/a&gt;&lt;br/&gt;
Console output: &lt;a href=&quot;http://ec2-174-129-184-35.compute-1.amazonaws.com/jenkins/job/PreCommit-HIVE-TRUNK-Build/4308/console&quot; class=&quot;external-link&quot; rel=&quot;nofollow&quot;&gt;http://ec2-174-129-184-35.compute-1.amazonaws.com/jenkins/job/PreCommit-HIVE-TRUNK-Build/4308/console&lt;/a&gt;&lt;br/&gt;
Test logs: &lt;a href=&quot;http://ec2-174-129-184-35.compute-1.amazonaws.com/logs/PreCommit-HIVE-TRUNK-Build-4308/&quot; class=&quot;external-link&quot; rel=&quot;nofollow&quot;&gt;http://ec2-174-129-184-35.compute-1.amazonaws.com/logs/PreCommit-HIVE-TRUNK-Build-4308/&lt;/a&gt;&lt;/p&gt;

&lt;p&gt;Messages:&lt;/p&gt;
&lt;div class=&quot;preformatted panel&quot; style=&quot;border-width: 1px;&quot;&gt;&lt;div class=&quot;preformattedContent panelContent&quot;&gt;
&lt;pre&gt;Executing org.apache.hive.ptest.execution.PrepPhase
Executing org.apache.hive.ptest.execution.ExecutionPhase
Executing org.apache.hive.ptest.execution.ReportingPhase
Tests exited with: TestsFailedException: 8 tests failed
&lt;/pre&gt;
&lt;/div&gt;&lt;/div&gt;

&lt;p&gt;This message is automatically generated.&lt;/p&gt;

&lt;p&gt;ATTACHMENT ID: 12740417 - PreCommit-HIVE-TRUNK-Build&lt;/p&gt;</comment>
                            <comment id="14592630" author="jpullokkaran" created="Thu, 18 Jun 2015 22:09:25 +0000"  >&lt;p&gt;&lt;a href=&quot;https://issues.apache.org/jira/secure/ViewProfile.jspa?name=jcamachorodriguez&quot; class=&quot;user-hover&quot; rel=&quot;jcamachorodriguez&quot;&gt;Jesus Camacho Rodriguez&lt;/a&gt; How could GB child Filter have a different schema than GB?&lt;/p&gt;</comment>
                            <comment id="14592760" author="jcamachorodriguez" created="Fri, 19 Jun 2015 00:04:25 +0000"  >&lt;p&gt;&lt;a href=&quot;https://issues.apache.org/jira/secure/ViewProfile.jspa?name=jpullokkaran&quot; class=&quot;user-hover&quot; rel=&quot;jpullokkaran&quot;&gt;Laljo John Pullokkaran&lt;/a&gt;, the ColumnPruner creates this problem.&lt;br/&gt;
If you look at the code for pruning the Filter operator, it takes the new schema for the Filter from its child operator ; just for clarity, recall that when we talk about child in Hive, we are referring actually to the operator that consumes the output of the Filter operator. This may be right in some cases e.g. if the parent operator of the Filter is a Select; but it may be wrong too, e.g. if the child is a GB as in this case.&lt;/p&gt;</comment>
                            <comment id="14592840" author="jpullokkaran" created="Fri, 19 Jun 2015 01:24:31 +0000"  >&lt;p&gt;&lt;a href=&quot;https://issues.apache.org/jira/secure/ViewProfile.jspa?name=jcamachorodriguez&quot; class=&quot;user-hover&quot; rel=&quot;jcamachorodriguez&quot;&gt;Jesus Camacho Rodriguez&lt;/a&gt; I still don&apos;t see it.&lt;br/&gt;
Column Pruning has to look at cols used by child (consumer) to decide what cols to preserve.&lt;br/&gt;
I don&apos;t see an issue with filter pruning; apologies if i am missing the obvious.&lt;/p&gt;</comment>
                            <comment id="14592859" author="jcamachorodriguez" created="Fri, 19 Jun 2015 01:41:35 +0000"  >&lt;p&gt;I should have explained it better.&lt;/p&gt;

&lt;p&gt;Assume you have the following operators in a plan: &lt;tt&gt;... - GB - FIL - SEL - ...&lt;/tt&gt;&lt;br/&gt;
where, before ColumnPruner is applied, the schemas of the operators are: &lt;/p&gt;
&lt;div class=&quot;preformatted panel&quot; style=&quot;border-width: 1px;&quot;&gt;&lt;div class=&quot;preformattedContent panelContent&quot;&gt;
&lt;pre&gt;GB - (col0, col1, col2)
FIL - (col0, col1, col2)
SEL - (col1, col2)
&lt;/pre&gt;
&lt;/div&gt;&lt;/div&gt;

&lt;p&gt;ColumnPruner is applied topdown through the tree. As SEL only needs col1 and col2, the required columns for FIL are indeed col1 and col2.&lt;/p&gt;

&lt;p&gt;The problem is that ColumnPruner updates FIL schema without taking into account the operator that is below. Below the FIL operator, we have a GB operator, which should (and will) still produce tuples consisting of columns &lt;tt&gt;(col0, col1, col2)&lt;/tt&gt;. Thus, now there is a mismatch between the tuples in the FIL operator, which contain 3 columns, and the FIL operator schema, that consists of &lt;tt&gt;(col1, col2)&lt;/tt&gt;. The patch fixes this issue by introducing a SEL operator between the GB and FIL operators, so the plan becomes: &lt;tt&gt;... - GB - SEL - FIL - SEL - ...&lt;/tt&gt;&lt;/p&gt;</comment>
                            <comment id="14592861" author="jcamachorodriguez" created="Fri, 19 Jun 2015 01:43:34 +0000"  >&lt;p&gt;The schema of the operators in the new plan would be:&lt;/p&gt;

&lt;div class=&quot;preformatted panel&quot; style=&quot;border-width: 1px;&quot;&gt;&lt;div class=&quot;preformattedContent panelContent&quot;&gt;
&lt;pre&gt;GB - (col0, col1, col2)
SEL - (col1, col2)
FIL - (col1, col2)
SEL - (col1, col2)
&lt;/pre&gt;
&lt;/div&gt;&lt;/div&gt;</comment>
                            <comment id="14592862" author="jcamachorodriguez" created="Fri, 19 Jun 2015 01:43:41 +0000"  >&lt;p&gt;The schema of the operators in the new plan would be:&lt;/p&gt;

&lt;div class=&quot;preformatted panel&quot; style=&quot;border-width: 1px;&quot;&gt;&lt;div class=&quot;preformattedContent panelContent&quot;&gt;
&lt;pre&gt;GB - (col0, col1, col2)
SEL - (col1, col2)
FIL - (col1, col2)
SEL - (col1, col2)
&lt;/pre&gt;
&lt;/div&gt;&lt;/div&gt;</comment>
                            <comment id="14592864" author="jpullokkaran" created="Fri, 19 Jun 2015 01:47:24 +0000"  >&lt;p&gt;&lt;a href=&quot;https://issues.apache.org/jira/secure/ViewProfile.jspa?name=jcamachorodriguez&quot; class=&quot;user-hover&quot; rel=&quot;jcamachorodriguez&quot;&gt;Jesus Camacho Rodriguez&lt;/a&gt; OK that explains the problem.&lt;br/&gt;
However Introduction of DT to adjust for schema changes shouldn&apos;t be restricted to Filter.&lt;/p&gt;

&lt;p&gt;It could happen for other ops as well? Why the restriction to Fil?&lt;/p&gt;</comment>
                            <comment id="14592884" author="jpullokkaran" created="Fri, 19 Jun 2015 02:09:26 +0000"  >&lt;p&gt;Also Why does following pipeline produce wrong result?&lt;br/&gt;
GB - (col0, col1, col2)&lt;br/&gt;
FIL - (col1, col2)&lt;/p&gt;

&lt;p&gt;Child(FIL) should ignore &quot;col0&quot;.&lt;/p&gt;

&lt;p&gt;Is the result wrong because child is reading the wrong col?&lt;br/&gt;
If thats the case then it implies the input schema of child (FIL) and GB output col names didn&apos;t match.&lt;/p&gt;</comment>
                            <comment id="14592957" author="hiveqa" created="Fri, 19 Jun 2015 03:31:02 +0000"  >

&lt;p&gt;&lt;font color=&quot;red&quot;&gt;Overall&lt;/font&gt;: -1 at least one tests failed&lt;/p&gt;

&lt;p&gt;Here are the results of testing the latest attachment:&lt;br/&gt;
&lt;a href=&quot;https://issues.apache.org/jira/secure/attachment/12740526/HIVE-10996.03.patch&quot; class=&quot;external-link&quot; rel=&quot;nofollow&quot;&gt;https://issues.apache.org/jira/secure/attachment/12740526/HIVE-10996.03.patch&lt;/a&gt;&lt;/p&gt;

&lt;p&gt;&lt;font color=&quot;red&quot;&gt;ERROR:&lt;/font&gt; -1 due to 1 failed/errored test(s), 9011 tests executed&lt;br/&gt;
&lt;b&gt;Failed tests:&lt;/b&gt;&lt;/p&gt;
&lt;div class=&quot;preformatted panel&quot; style=&quot;border-width: 1px;&quot;&gt;&lt;div class=&quot;preformattedContent panelContent&quot;&gt;
&lt;pre&gt;org.apache.hadoop.hive.cli.TestSparkCliDriver.testCliDriver_having
&lt;/pre&gt;
&lt;/div&gt;&lt;/div&gt;

&lt;p&gt;Test results: &lt;a href=&quot;http://ec2-174-129-184-35.compute-1.amazonaws.com/jenkins/job/PreCommit-HIVE-TRUNK-Build/4315/testReport&quot; class=&quot;external-link&quot; rel=&quot;nofollow&quot;&gt;http://ec2-174-129-184-35.compute-1.amazonaws.com/jenkins/job/PreCommit-HIVE-TRUNK-Build/4315/testReport&lt;/a&gt;&lt;br/&gt;
Console output: &lt;a href=&quot;http://ec2-174-129-184-35.compute-1.amazonaws.com/jenkins/job/PreCommit-HIVE-TRUNK-Build/4315/console&quot; class=&quot;external-link&quot; rel=&quot;nofollow&quot;&gt;http://ec2-174-129-184-35.compute-1.amazonaws.com/jenkins/job/PreCommit-HIVE-TRUNK-Build/4315/console&lt;/a&gt;&lt;br/&gt;
Test logs: &lt;a href=&quot;http://ec2-174-129-184-35.compute-1.amazonaws.com/logs/PreCommit-HIVE-TRUNK-Build-4315/&quot; class=&quot;external-link&quot; rel=&quot;nofollow&quot;&gt;http://ec2-174-129-184-35.compute-1.amazonaws.com/logs/PreCommit-HIVE-TRUNK-Build-4315/&lt;/a&gt;&lt;/p&gt;

&lt;p&gt;Messages:&lt;/p&gt;
&lt;div class=&quot;preformatted panel&quot; style=&quot;border-width: 1px;&quot;&gt;&lt;div class=&quot;preformattedContent panelContent&quot;&gt;
&lt;pre&gt;Executing org.apache.hive.ptest.execution.PrepPhase
Executing org.apache.hive.ptest.execution.ExecutionPhase
Executing org.apache.hive.ptest.execution.ReportingPhase
Tests exited with: TestsFailedException: 1 tests failed
&lt;/pre&gt;
&lt;/div&gt;&lt;/div&gt;

&lt;p&gt;This message is automatically generated.&lt;/p&gt;

&lt;p&gt;ATTACHMENT ID: 12740526 - PreCommit-HIVE-TRUNK-Build&lt;/p&gt;</comment>
                            <comment id="14593260" author="jcamachorodriguez" created="Fri, 19 Jun 2015 09:32:59 +0000"  >&lt;p&gt;&lt;a href=&quot;https://issues.apache.org/jira/secure/ViewProfile.jspa?name=jpullokkaran&quot; class=&quot;user-hover&quot; rel=&quot;jpullokkaran&quot;&gt;Laljo John Pullokkaran&lt;/a&gt;, thanks for the comments.&lt;br/&gt;
1) you are right, the solution should not be tailored towards FIL operator only, as this could happen in other cases; I will change the patch accordingly,&lt;br/&gt;
2) the error is produced because the SEL operator above the FIL operator is removed by IdentityProjectRemoval optimization (as SEL and FIL have the same schema, this is what IdentityProjectRemoval is supposed to do). But actually that SEL operator was pruning columns out of the input tuples.&lt;br/&gt;
In the specific example provided in this case, after the SEL operator there is a JOIN operator, that was then joining on wrong columns and thus, not producing the right results.&lt;/p&gt;</comment>
                            <comment id="14593410" author="hiveqa" created="Fri, 19 Jun 2015 13:16:40 +0000"  >

&lt;p&gt;&lt;font color=&quot;red&quot;&gt;Overall&lt;/font&gt;: -1 at least one tests failed&lt;/p&gt;

&lt;p&gt;Here are the results of testing the latest attachment:&lt;br/&gt;
&lt;a href=&quot;https://issues.apache.org/jira/secure/attachment/12740625/HIVE-10996.04.patch&quot; class=&quot;external-link&quot; rel=&quot;nofollow&quot;&gt;https://issues.apache.org/jira/secure/attachment/12740625/HIVE-10996.04.patch&lt;/a&gt;&lt;/p&gt;

&lt;p&gt;&lt;font color=&quot;red&quot;&gt;ERROR:&lt;/font&gt; -1 due to 125 failed/errored test(s), 9011 tests executed&lt;br/&gt;
&lt;b&gt;Failed tests:&lt;/b&gt;&lt;/p&gt;
&lt;div class=&quot;preformatted panel&quot; style=&quot;border-width: 1px;&quot;&gt;&lt;div class=&quot;preformattedContent panelContent&quot;&gt;
&lt;pre&gt;org.apache.hadoop.hive.cli.TestCliDriver.testCliDriver_auto_join18
org.apache.hadoop.hive.cli.TestCliDriver.testCliDriver_auto_join18_multi_distinct
org.apache.hadoop.hive.cli.TestCliDriver.testCliDriver_auto_join32
org.apache.hadoop.hive.cli.TestCliDriver.testCliDriver_bucket_groupby
org.apache.hadoop.hive.cli.TestCliDriver.testCliDriver_cbo_gby
org.apache.hadoop.hive.cli.TestCliDriver.testCliDriver_cbo_limit
org.apache.hadoop.hive.cli.TestCliDriver.testCliDriver_cbo_semijoin
org.apache.hadoop.hive.cli.TestCliDriver.testCliDriver_cbo_udf_udaf
org.apache.hadoop.hive.cli.TestCliDriver.testCliDriver_cbo_views
org.apache.hadoop.hive.cli.TestCliDriver.testCliDriver_correlationoptimizer8
org.apache.hadoop.hive.cli.TestCliDriver.testCliDriver_count
org.apache.hadoop.hive.cli.TestCliDriver.testCliDriver_distinct_stats
org.apache.hadoop.hive.cli.TestCliDriver.testCliDriver_fold_eq_with_case_when
org.apache.hadoop.hive.cli.TestCliDriver.testCliDriver_groupby12
org.apache.hadoop.hive.cli.TestCliDriver.testCliDriver_groupby2_map
org.apache.hadoop.hive.cli.TestCliDriver.testCliDriver_groupby2_map_multi_distinct
org.apache.hadoop.hive.cli.TestCliDriver.testCliDriver_groupby2_map_skew
org.apache.hadoop.hive.cli.TestCliDriver.testCliDriver_groupby3_map
org.apache.hadoop.hive.cli.TestCliDriver.testCliDriver_groupby3_map_multi_distinct
org.apache.hadoop.hive.cli.TestCliDriver.testCliDriver_groupby3_map_skew
org.apache.hadoop.hive.cli.TestCliDriver.testCliDriver_groupby8_map_skew
org.apache.hadoop.hive.cli.TestCliDriver.testCliDriver_groupby9
org.apache.hadoop.hive.cli.TestCliDriver.testCliDriver_groupby_cube1
org.apache.hadoop.hive.cli.TestCliDriver.testCliDriver_groupby_distinct_samekey
org.apache.hadoop.hive.cli.TestCliDriver.testCliDriver_groupby_duplicate_key
org.apache.hadoop.hive.cli.TestCliDriver.testCliDriver_groupby_grouping_id2
org.apache.hadoop.hive.cli.TestCliDriver.testCliDriver_groupby_map_ppr
org.apache.hadoop.hive.cli.TestCliDriver.testCliDriver_groupby_map_ppr_multi_distinct
org.apache.hadoop.hive.cli.TestCliDriver.testCliDriver_groupby_multi_insert_common_distinct
org.apache.hadoop.hive.cli.TestCliDriver.testCliDriver_groupby_multi_single_reducer
org.apache.hadoop.hive.cli.TestCliDriver.testCliDriver_groupby_position
org.apache.hadoop.hive.cli.TestCliDriver.testCliDriver_groupby_rollup1
org.apache.hadoop.hive.cli.TestCliDriver.testCliDriver_groupby_sort_11
org.apache.hadoop.hive.cli.TestCliDriver.testCliDriver_groupby_sort_8
org.apache.hadoop.hive.cli.TestCliDriver.testCliDriver_infer_bucket_sort
org.apache.hadoop.hive.cli.TestCliDriver.testCliDriver_join18
org.apache.hadoop.hive.cli.TestCliDriver.testCliDriver_join18_multi_distinct
org.apache.hadoop.hive.cli.TestCliDriver.testCliDriver_lateral_view
org.apache.hadoop.hive.cli.TestCliDriver.testCliDriver_limit_pushdown
org.apache.hadoop.hive.cli.TestCliDriver.testCliDriver_mapjoin_mapjoin
org.apache.hadoop.hive.cli.TestCliDriver.testCliDriver_metadataOnlyOptimizer
org.apache.hadoop.hive.cli.TestCliDriver.testCliDriver_metadataonly1
org.apache.hadoop.hive.cli.TestCliDriver.testCliDriver_multiMapJoin1
org.apache.hadoop.hive.cli.TestCliDriver.testCliDriver_multi_insert_gby3
org.apache.hadoop.hive.cli.TestCliDriver.testCliDriver_multi_insert_lateral_view
org.apache.hadoop.hive.cli.TestCliDriver.testCliDriver_nullgroup4
org.apache.hadoop.hive.cli.TestCliDriver.testCliDriver_nullgroup4_multi_distinct
org.apache.hadoop.hive.cli.TestCliDriver.testCliDriver_optimize_nullscan
org.apache.hadoop.hive.cli.TestCliDriver.testCliDriver_reduce_deduplicate_extended
org.apache.hadoop.hive.cli.TestCliDriver.testCliDriver_semijoin
org.apache.hadoop.hive.cli.TestCliDriver.testCliDriver_subquery_multiinsert
org.apache.hadoop.hive.cli.TestCliDriver.testCliDriver_subquery_unqual_corr_expr
org.apache.hadoop.hive.cli.TestCliDriver.testCliDriver_table_access_keys_stats
org.apache.hadoop.hive.cli.TestCliDriver.testCliDriver_truncate_column_merge
org.apache.hadoop.hive.cli.TestCliDriver.testCliDriver_udf_count
org.apache.hadoop.hive.cli.TestCliDriver.testCliDriver_union17
org.apache.hadoop.hive.cli.TestCliDriver.testCliDriver_unionDistinct_1
org.apache.hadoop.hive.cli.TestCliDriver.testCliDriver_vector_count_distinct
org.apache.hadoop.hive.cli.TestCliDriver.testCliDriver_vector_groupby_reduce
org.apache.hadoop.hive.cli.TestCliDriver.testCliDriver_vector_join30
org.apache.hadoop.hive.cli.TestCliDriver.testCliDriver_vector_leftsemi_mapjoin
org.apache.hadoop.hive.cli.TestCliDriver.testCliDriver_vectorization_limit
org.apache.hadoop.hive.cli.TestCliDriver.testCliDriver_vectorized_distinct_gby
org.apache.hadoop.hive.cli.TestMiniSparkOnYarnCliDriver.testCliDriver_bucket5
org.apache.hadoop.hive.cli.TestMiniSparkOnYarnCliDriver.testCliDriver_infer_bucket_sort_reducers_power_two
org.apache.hadoop.hive.cli.TestMiniSparkOnYarnCliDriver.testCliDriver_ql_rewrite_gbtoidx
org.apache.hadoop.hive.cli.TestMiniSparkOnYarnCliDriver.testCliDriver_ql_rewrite_gbtoidx_cbo_1
org.apache.hadoop.hive.cli.TestMiniTezCliDriver.testCliDriver_cbo_gby
org.apache.hadoop.hive.cli.TestMiniTezCliDriver.testCliDriver_cbo_limit
org.apache.hadoop.hive.cli.TestMiniTezCliDriver.testCliDriver_cbo_semijoin
org.apache.hadoop.hive.cli.TestMiniTezCliDriver.testCliDriver_cbo_udf_udaf
org.apache.hadoop.hive.cli.TestMiniTezCliDriver.testCliDriver_cbo_views
org.apache.hadoop.hive.cli.TestMiniTezCliDriver.testCliDriver_count
org.apache.hadoop.hive.cli.TestMiniTezCliDriver.testCliDriver_dynamic_partition_pruning
org.apache.hadoop.hive.cli.TestMiniTezCliDriver.testCliDriver_explainuser_1
org.apache.hadoop.hive.cli.TestMiniTezCliDriver.testCliDriver_explainuser_2
org.apache.hadoop.hive.cli.TestMiniTezCliDriver.testCliDriver_limit_pushdown
org.apache.hadoop.hive.cli.TestMiniTezCliDriver.testCliDriver_mapjoin_mapjoin
org.apache.hadoop.hive.cli.TestMiniTezCliDriver.testCliDriver_metadataonly1
org.apache.hadoop.hive.cli.TestMiniTezCliDriver.testCliDriver_optimize_nullscan
org.apache.hadoop.hive.cli.TestMiniTezCliDriver.testCliDriver_tez_join_hash
org.apache.hadoop.hive.cli.TestMiniTezCliDriver.testCliDriver_tez_union_multiinsert
org.apache.hadoop.hive.cli.TestMiniTezCliDriver.testCliDriver_unionDistinct_1
org.apache.hadoop.hive.cli.TestMiniTezCliDriver.testCliDriver_vector_groupby_reduce
org.apache.hadoop.hive.cli.TestMiniTezCliDriver.testCliDriver_vector_leftsemi_mapjoin
org.apache.hadoop.hive.cli.TestMiniTezCliDriver.testCliDriver_vectorized_dynamic_partition_pruning
org.apache.hadoop.hive.cli.TestMinimrCliDriver.testCliDriver_bucket5
org.apache.hadoop.hive.cli.TestMinimrCliDriver.testCliDriver_infer_bucket_sort_reducers_power_two
org.apache.hadoop.hive.cli.TestMinimrCliDriver.testCliDriver_ql_rewrite_gbtoidx
org.apache.hadoop.hive.cli.TestMinimrCliDriver.testCliDriver_ql_rewrite_gbtoidx_cbo_1
org.apache.hadoop.hive.cli.TestMinimrCliDriver.testCliDriver_ql_rewrite_gbtoidx_cbo_2
org.apache.hadoop.hive.cli.TestSparkCliDriver.testCliDriver_auto_join18
org.apache.hadoop.hive.cli.TestSparkCliDriver.testCliDriver_auto_join18_multi_distinct
org.apache.hadoop.hive.cli.TestSparkCliDriver.testCliDriver_auto_join32
org.apache.hadoop.hive.cli.TestSparkCliDriver.testCliDriver_cbo_gby
org.apache.hadoop.hive.cli.TestSparkCliDriver.testCliDriver_cbo_limit
org.apache.hadoop.hive.cli.TestSparkCliDriver.testCliDriver_cbo_semijoin
org.apache.hadoop.hive.cli.TestSparkCliDriver.testCliDriver_cbo_udf_udaf
org.apache.hadoop.hive.cli.TestSparkCliDriver.testCliDriver_count
org.apache.hadoop.hive.cli.TestSparkCliDriver.testCliDriver_groupby3_map
org.apache.hadoop.hive.cli.TestSparkCliDriver.testCliDriver_groupby3_map_multi_distinct
org.apache.hadoop.hive.cli.TestSparkCliDriver.testCliDriver_groupby3_map_skew
org.apache.hadoop.hive.cli.TestSparkCliDriver.testCliDriver_groupby8_map_skew
org.apache.hadoop.hive.cli.TestSparkCliDriver.testCliDriver_groupby9
org.apache.hadoop.hive.cli.TestSparkCliDriver.testCliDriver_groupby_cube1
org.apache.hadoop.hive.cli.TestSparkCliDriver.testCliDriver_groupby_map_ppr
org.apache.hadoop.hive.cli.TestSparkCliDriver.testCliDriver_groupby_map_ppr_multi_distinct
org.apache.hadoop.hive.cli.TestSparkCliDriver.testCliDriver_groupby_multi_insert_common_distinct
org.apache.hadoop.hive.cli.TestSparkCliDriver.testCliDriver_groupby_multi_single_reducer
org.apache.hadoop.hive.cli.TestSparkCliDriver.testCliDriver_groupby_position
org.apache.hadoop.hive.cli.TestSparkCliDriver.testCliDriver_groupby_rollup1
org.apache.hadoop.hive.cli.TestSparkCliDriver.testCliDriver_having
org.apache.hadoop.hive.cli.TestSparkCliDriver.testCliDriver_join18
org.apache.hadoop.hive.cli.TestSparkCliDriver.testCliDriver_join18_multi_distinct
org.apache.hadoop.hive.cli.TestSparkCliDriver.testCliDriver_join28
org.apache.hadoop.hive.cli.TestSparkCliDriver.testCliDriver_limit_pushdown
org.apache.hadoop.hive.cli.TestSparkCliDriver.testCliDriver_mapjoin_mapjoin
org.apache.hadoop.hive.cli.TestSparkCliDriver.testCliDriver_multi_insert_gby3
org.apache.hadoop.hive.cli.TestSparkCliDriver.testCliDriver_multi_insert_lateral_view
org.apache.hadoop.hive.cli.TestSparkCliDriver.testCliDriver_optimize_nullscan
org.apache.hadoop.hive.cli.TestSparkCliDriver.testCliDriver_semijoin
org.apache.hadoop.hive.cli.TestSparkCliDriver.testCliDriver_subquery_multiinsert
org.apache.hadoop.hive.cli.TestSparkCliDriver.testCliDriver_table_access_keys_stats
org.apache.hadoop.hive.cli.TestSparkCliDriver.testCliDriver_union17
org.apache.hadoop.hive.cli.TestSparkCliDriver.testCliDriver_vector_count_distinct
&lt;/pre&gt;
&lt;/div&gt;&lt;/div&gt;

&lt;p&gt;Test results: &lt;a href=&quot;http://ec2-174-129-184-35.compute-1.amazonaws.com/jenkins/job/PreCommit-HIVE-TRUNK-Build/4320/testReport&quot; class=&quot;external-link&quot; rel=&quot;nofollow&quot;&gt;http://ec2-174-129-184-35.compute-1.amazonaws.com/jenkins/job/PreCommit-HIVE-TRUNK-Build/4320/testReport&lt;/a&gt;&lt;br/&gt;
Console output: &lt;a href=&quot;http://ec2-174-129-184-35.compute-1.amazonaws.com/jenkins/job/PreCommit-HIVE-TRUNK-Build/4320/console&quot; class=&quot;external-link&quot; rel=&quot;nofollow&quot;&gt;http://ec2-174-129-184-35.compute-1.amazonaws.com/jenkins/job/PreCommit-HIVE-TRUNK-Build/4320/console&lt;/a&gt;&lt;br/&gt;
Test logs: &lt;a href=&quot;http://ec2-174-129-184-35.compute-1.amazonaws.com/logs/PreCommit-HIVE-TRUNK-Build-4320/&quot; class=&quot;external-link&quot; rel=&quot;nofollow&quot;&gt;http://ec2-174-129-184-35.compute-1.amazonaws.com/logs/PreCommit-HIVE-TRUNK-Build-4320/&lt;/a&gt;&lt;/p&gt;

&lt;p&gt;Messages:&lt;/p&gt;
&lt;div class=&quot;preformatted panel&quot; style=&quot;border-width: 1px;&quot;&gt;&lt;div class=&quot;preformattedContent panelContent&quot;&gt;
&lt;pre&gt;Executing org.apache.hive.ptest.execution.PrepPhase
Executing org.apache.hive.ptest.execution.ExecutionPhase
Executing org.apache.hive.ptest.execution.ReportingPhase
Tests exited with: TestsFailedException: 125 tests failed
&lt;/pre&gt;
&lt;/div&gt;&lt;/div&gt;

&lt;p&gt;This message is automatically generated.&lt;/p&gt;

&lt;p&gt;ATTACHMENT ID: 12740625 - PreCommit-HIVE-TRUNK-Build&lt;/p&gt;</comment>
                            <comment id="14593595" author="hiveqa" created="Fri, 19 Jun 2015 16:29:05 +0000"  >

&lt;p&gt;&lt;font color=&quot;red&quot;&gt;Overall&lt;/font&gt;: -1 at least one tests failed&lt;/p&gt;

&lt;p&gt;Here are the results of testing the latest attachment:&lt;br/&gt;
&lt;a href=&quot;https://issues.apache.org/jira/secure/attachment/12740656/HIVE-10996.05.patch&quot; class=&quot;external-link&quot; rel=&quot;nofollow&quot;&gt;https://issues.apache.org/jira/secure/attachment/12740656/HIVE-10996.05.patch&lt;/a&gt;&lt;/p&gt;

&lt;p&gt;&lt;font color=&quot;red&quot;&gt;ERROR:&lt;/font&gt; -1 due to 2 failed/errored test(s), 9011 tests executed&lt;br/&gt;
&lt;b&gt;Failed tests:&lt;/b&gt;&lt;/p&gt;
&lt;div class=&quot;preformatted panel&quot; style=&quot;border-width: 1px;&quot;&gt;&lt;div class=&quot;preformattedContent panelContent&quot;&gt;
&lt;pre&gt;org.apache.hadoop.hive.cli.TestSparkCliDriver.testCliDriver_having
org.apache.hadoop.hive.cli.TestSparkCliDriver.testCliDriver_join28
&lt;/pre&gt;
&lt;/div&gt;&lt;/div&gt;

&lt;p&gt;Test results: &lt;a href=&quot;http://ec2-174-129-184-35.compute-1.amazonaws.com/jenkins/job/PreCommit-HIVE-TRUNK-Build/4321/testReport&quot; class=&quot;external-link&quot; rel=&quot;nofollow&quot;&gt;http://ec2-174-129-184-35.compute-1.amazonaws.com/jenkins/job/PreCommit-HIVE-TRUNK-Build/4321/testReport&lt;/a&gt;&lt;br/&gt;
Console output: &lt;a href=&quot;http://ec2-174-129-184-35.compute-1.amazonaws.com/jenkins/job/PreCommit-HIVE-TRUNK-Build/4321/console&quot; class=&quot;external-link&quot; rel=&quot;nofollow&quot;&gt;http://ec2-174-129-184-35.compute-1.amazonaws.com/jenkins/job/PreCommit-HIVE-TRUNK-Build/4321/console&lt;/a&gt;&lt;br/&gt;
Test logs: &lt;a href=&quot;http://ec2-174-129-184-35.compute-1.amazonaws.com/logs/PreCommit-HIVE-TRUNK-Build-4321/&quot; class=&quot;external-link&quot; rel=&quot;nofollow&quot;&gt;http://ec2-174-129-184-35.compute-1.amazonaws.com/logs/PreCommit-HIVE-TRUNK-Build-4321/&lt;/a&gt;&lt;/p&gt;

&lt;p&gt;Messages:&lt;/p&gt;
&lt;div class=&quot;preformatted panel&quot; style=&quot;border-width: 1px;&quot;&gt;&lt;div class=&quot;preformattedContent panelContent&quot;&gt;
&lt;pre&gt;Executing org.apache.hive.ptest.execution.PrepPhase
Executing org.apache.hive.ptest.execution.ExecutionPhase
Executing org.apache.hive.ptest.execution.ReportingPhase
Tests exited with: TestsFailedException: 2 tests failed
&lt;/pre&gt;
&lt;/div&gt;&lt;/div&gt;

&lt;p&gt;This message is automatically generated.&lt;/p&gt;

&lt;p&gt;ATTACHMENT ID: 12740656 - PreCommit-HIVE-TRUNK-Build&lt;/p&gt;</comment>
                            <comment id="14593636" author="jcamachorodriguez" created="Fri, 19 Jun 2015 17:00:20 +0000"  >&lt;p&gt;Updating q files.&lt;/p&gt;</comment>
                            <comment id="14594045" author="hiveqa" created="Fri, 19 Jun 2015 22:30:55 +0000"  >

&lt;p&gt;&lt;font color=&quot;red&quot;&gt;Overall&lt;/font&gt;: -1 at least one tests failed&lt;/p&gt;

&lt;p&gt;Here are the results of testing the latest attachment:&lt;br/&gt;
&lt;a href=&quot;https://issues.apache.org/jira/secure/attachment/12740684/HIVE-10996.06.patch&quot; class=&quot;external-link&quot; rel=&quot;nofollow&quot;&gt;https://issues.apache.org/jira/secure/attachment/12740684/HIVE-10996.06.patch&lt;/a&gt;&lt;/p&gt;

&lt;p&gt;&lt;font color=&quot;red&quot;&gt;ERROR:&lt;/font&gt; -1 due to 3 failed/errored test(s), 9011 tests executed&lt;br/&gt;
&lt;b&gt;Failed tests:&lt;/b&gt;&lt;/p&gt;
&lt;div class=&quot;preformatted panel&quot; style=&quot;border-width: 1px;&quot;&gt;&lt;div class=&quot;preformattedContent panelContent&quot;&gt;
&lt;pre&gt;org.apache.hadoop.hive.cli.TestMinimrCliDriver.testCliDriver_schemeAuthority
org.apache.hadoop.hive.cli.TestSparkCliDriver.testCliDriver_join28
org.apache.hive.jdbc.TestJdbcWithLocalClusterSpark.testTempTable
&lt;/pre&gt;
&lt;/div&gt;&lt;/div&gt;

&lt;p&gt;Test results: &lt;a href=&quot;http://ec2-174-129-184-35.compute-1.amazonaws.com/jenkins/job/PreCommit-HIVE-TRUNK-Build/4324/testReport&quot; class=&quot;external-link&quot; rel=&quot;nofollow&quot;&gt;http://ec2-174-129-184-35.compute-1.amazonaws.com/jenkins/job/PreCommit-HIVE-TRUNK-Build/4324/testReport&lt;/a&gt;&lt;br/&gt;
Console output: &lt;a href=&quot;http://ec2-174-129-184-35.compute-1.amazonaws.com/jenkins/job/PreCommit-HIVE-TRUNK-Build/4324/console&quot; class=&quot;external-link&quot; rel=&quot;nofollow&quot;&gt;http://ec2-174-129-184-35.compute-1.amazonaws.com/jenkins/job/PreCommit-HIVE-TRUNK-Build/4324/console&lt;/a&gt;&lt;br/&gt;
Test logs: &lt;a href=&quot;http://ec2-174-129-184-35.compute-1.amazonaws.com/logs/PreCommit-HIVE-TRUNK-Build-4324/&quot; class=&quot;external-link&quot; rel=&quot;nofollow&quot;&gt;http://ec2-174-129-184-35.compute-1.amazonaws.com/logs/PreCommit-HIVE-TRUNK-Build-4324/&lt;/a&gt;&lt;/p&gt;

&lt;p&gt;Messages:&lt;/p&gt;
&lt;div class=&quot;preformatted panel&quot; style=&quot;border-width: 1px;&quot;&gt;&lt;div class=&quot;preformattedContent panelContent&quot;&gt;
&lt;pre&gt;Executing org.apache.hive.ptest.execution.PrepPhase
Executing org.apache.hive.ptest.execution.ExecutionPhase
Executing org.apache.hive.ptest.execution.ReportingPhase
Tests exited with: TestsFailedException: 3 tests failed
&lt;/pre&gt;
&lt;/div&gt;&lt;/div&gt;

&lt;p&gt;This message is automatically generated.&lt;/p&gt;

&lt;p&gt;ATTACHMENT ID: 12740684 - PreCommit-HIVE-TRUNK-Build&lt;/p&gt;</comment>
                            <comment id="14594458" author="hiveqa" created="Sat, 20 Jun 2015 08:01:32 +0000"  >

&lt;p&gt;&lt;font color=&quot;red&quot;&gt;Overall&lt;/font&gt;: -1 at least one tests failed&lt;/p&gt;

&lt;p&gt;Here are the results of testing the latest attachment:&lt;br/&gt;
&lt;a href=&quot;https://issues.apache.org/jira/secure/attachment/12740753/HIVE-10996.07.patch&quot; class=&quot;external-link&quot; rel=&quot;nofollow&quot;&gt;https://issues.apache.org/jira/secure/attachment/12740753/HIVE-10996.07.patch&lt;/a&gt;&lt;/p&gt;

&lt;p&gt;&lt;font color=&quot;red&quot;&gt;ERROR:&lt;/font&gt; -1 due to 2 failed/errored test(s), 9009 tests executed&lt;br/&gt;
&lt;b&gt;Failed tests:&lt;/b&gt;&lt;/p&gt;
&lt;div class=&quot;preformatted panel&quot; style=&quot;border-width: 1px;&quot;&gt;&lt;div class=&quot;preformattedContent panelContent&quot;&gt;
&lt;pre&gt;TestCustomAuthentication - did not produce a TEST-*.xml file
org.apache.hive.hcatalog.hbase.TestPigHBaseStorageHandler.org.apache.hive.hcatalog.hbase.TestPigHBaseStorageHandler
&lt;/pre&gt;
&lt;/div&gt;&lt;/div&gt;

&lt;p&gt;Test results: &lt;a href=&quot;http://ec2-174-129-184-35.compute-1.amazonaws.com/jenkins/job/PreCommit-HIVE-TRUNK-Build/4331/testReport&quot; class=&quot;external-link&quot; rel=&quot;nofollow&quot;&gt;http://ec2-174-129-184-35.compute-1.amazonaws.com/jenkins/job/PreCommit-HIVE-TRUNK-Build/4331/testReport&lt;/a&gt;&lt;br/&gt;
Console output: &lt;a href=&quot;http://ec2-174-129-184-35.compute-1.amazonaws.com/jenkins/job/PreCommit-HIVE-TRUNK-Build/4331/console&quot; class=&quot;external-link&quot; rel=&quot;nofollow&quot;&gt;http://ec2-174-129-184-35.compute-1.amazonaws.com/jenkins/job/PreCommit-HIVE-TRUNK-Build/4331/console&lt;/a&gt;&lt;br/&gt;
Test logs: &lt;a href=&quot;http://ec2-174-129-184-35.compute-1.amazonaws.com/logs/PreCommit-HIVE-TRUNK-Build-4331/&quot; class=&quot;external-link&quot; rel=&quot;nofollow&quot;&gt;http://ec2-174-129-184-35.compute-1.amazonaws.com/logs/PreCommit-HIVE-TRUNK-Build-4331/&lt;/a&gt;&lt;/p&gt;

&lt;p&gt;Messages:&lt;/p&gt;
&lt;div class=&quot;preformatted panel&quot; style=&quot;border-width: 1px;&quot;&gt;&lt;div class=&quot;preformattedContent panelContent&quot;&gt;
&lt;pre&gt;Executing org.apache.hive.ptest.execution.PrepPhase
Executing org.apache.hive.ptest.execution.ExecutionPhase
Executing org.apache.hive.ptest.execution.ReportingPhase
Tests exited with: TestsFailedException: 2 tests failed
&lt;/pre&gt;
&lt;/div&gt;&lt;/div&gt;

&lt;p&gt;This message is automatically generated.&lt;/p&gt;

&lt;p&gt;ATTACHMENT ID: 12740753 - PreCommit-HIVE-TRUNK-Build&lt;/p&gt;</comment>
                            <comment id="14594797" author="hagleitn" created="Sat, 20 Jun 2015 20:44:31 +0000"  >&lt;p&gt;+1&lt;/p&gt;</comment>
                            <comment id="14594913" author="jpullokkaran" created="Sun, 21 Jun 2015 01:42:52 +0000"  >&lt;p&gt;&lt;a href=&quot;https://issues.apache.org/jira/secure/ViewProfile.jspa?name=jcamachorodriguez&quot; class=&quot;user-hover&quot; rel=&quot;jcamachorodriguez&quot;&gt;Jesus Camacho Rodriguez&lt;/a&gt; The check for child schema different than GB Schema needs refinement.&lt;br/&gt;
Logically if child is GB, Join (Map Join could happen i think in Hive&apos;s case) then adding child projs to new DT would be wrong.&lt;/p&gt;

&lt;p&gt;The check should be if all of child&apos;s input cols from this parent is less than GB output cols then add Select. Also only add restricted output cols from GB.&lt;/p&gt;</comment>
                            <comment id="14595095" author="jcamachorodriguez" created="Sun, 21 Jun 2015 16:00:24 +0000"  >&lt;p&gt;&lt;a href=&quot;https://issues.apache.org/jira/secure/ViewProfile.jspa?name=jpullokkaran&quot; class=&quot;user-hover&quot; rel=&quot;jpullokkaran&quot;&gt;Laljo John Pullokkaran&lt;/a&gt;, you are right, thanks for pointing that out.&lt;/p&gt;

&lt;p&gt;I uploaded a new patch that fixes this problem.&lt;/p&gt;</comment>
                            <comment id="14595151" author="hiveqa" created="Sun, 21 Jun 2015 18:11:53 +0000"  >

&lt;p&gt;&lt;font color=&quot;green&quot;&gt;Overall&lt;/font&gt;: +1 all checks pass&lt;/p&gt;

&lt;p&gt;Here are the results of testing the latest attachment:&lt;br/&gt;
&lt;a href=&quot;https://issues.apache.org/jira/secure/attachment/12740920/HIVE-10996.08.patch&quot; class=&quot;external-link&quot; rel=&quot;nofollow&quot;&gt;https://issues.apache.org/jira/secure/attachment/12740920/HIVE-10996.08.patch&lt;/a&gt;&lt;/p&gt;

&lt;p&gt;&lt;font color=&quot;green&quot;&gt;SUCCESS:&lt;/font&gt; +1 9013 tests passed&lt;/p&gt;

&lt;p&gt;Test results: &lt;a href=&quot;http://ec2-174-129-184-35.compute-1.amazonaws.com/jenkins/job/PreCommit-HIVE-TRUNK-Build/4334/testReport&quot; class=&quot;external-link&quot; rel=&quot;nofollow&quot;&gt;http://ec2-174-129-184-35.compute-1.amazonaws.com/jenkins/job/PreCommit-HIVE-TRUNK-Build/4334/testReport&lt;/a&gt;&lt;br/&gt;
Console output: &lt;a href=&quot;http://ec2-174-129-184-35.compute-1.amazonaws.com/jenkins/job/PreCommit-HIVE-TRUNK-Build/4334/console&quot; class=&quot;external-link&quot; rel=&quot;nofollow&quot;&gt;http://ec2-174-129-184-35.compute-1.amazonaws.com/jenkins/job/PreCommit-HIVE-TRUNK-Build/4334/console&lt;/a&gt;&lt;br/&gt;
Test logs: &lt;a href=&quot;http://ec2-174-129-184-35.compute-1.amazonaws.com/logs/PreCommit-HIVE-TRUNK-Build-4334/&quot; class=&quot;external-link&quot; rel=&quot;nofollow&quot;&gt;http://ec2-174-129-184-35.compute-1.amazonaws.com/logs/PreCommit-HIVE-TRUNK-Build-4334/&lt;/a&gt;&lt;/p&gt;

&lt;p&gt;Messages:&lt;/p&gt;
&lt;div class=&quot;preformatted panel&quot; style=&quot;border-width: 1px;&quot;&gt;&lt;div class=&quot;preformattedContent panelContent&quot;&gt;
&lt;pre&gt;Executing org.apache.hive.ptest.execution.PrepPhase
Executing org.apache.hive.ptest.execution.ExecutionPhase
Executing org.apache.hive.ptest.execution.ReportingPhase
&lt;/pre&gt;
&lt;/div&gt;&lt;/div&gt;

&lt;p&gt;This message is automatically generated.&lt;/p&gt;

&lt;p&gt;ATTACHMENT ID: 12740920 - PreCommit-HIVE-TRUNK-Build&lt;/p&gt;</comment>
                            <comment id="14596562" author="jpullokkaran" created="Mon, 22 Jun 2015 20:13:36 +0000"  >&lt;p&gt;Some more comments:&lt;br/&gt;
1. ql/src/java/org/apache/hadoop/hive/ql/optimizer/ColumnPrunerProcFactory.java&lt;br/&gt;
for (Operator&amp;lt;?&amp;gt; child : op.getChildOperators()) {&lt;br/&gt;
+        if (child instanceof SelectOperator || child instanceof ReduceSinkOperator) &lt;/p&gt;
{
+          continue;
+        }
&lt;p&gt;+        List&amp;lt;String&amp;gt; neededCols = cppCtx.genColLists(op, child);&lt;br/&gt;
+        if (neededCols.size() &amp;lt; op.getSchema().getSignature().size()) {&lt;br/&gt;
+          ArrayList&amp;lt;ExprNodeDesc&amp;gt; exprs = new ArrayList&amp;lt;ExprNodeDesc&amp;gt;();&lt;br/&gt;
+          ArrayList&amp;lt;String&amp;gt; outputs = new ArrayList&amp;lt;String&amp;gt;();&lt;br/&gt;
+          Map&amp;lt;String, ExprNodeDesc&amp;gt; colExprMap = new HashMap&amp;lt;String, ExprNodeDesc&amp;gt;();&lt;br/&gt;
+          ArrayList&amp;lt;ColumnInfo&amp;gt; outputRS = new ArrayList&amp;lt;ColumnInfo&amp;gt;();&lt;br/&gt;
+          for (String internalName : neededCols) {&lt;br/&gt;
+            ColumnInfo colInfo = op.getSchema().getColumnInfo(&lt;/p&gt;

&lt;p&gt;Should preserve the order of cols as it appears in GB&lt;/p&gt;

&lt;p&gt;2. Nit Pick: change name of OP to GBOP&lt;br/&gt;
3. Nit Pick: Change name of output to outputColNames&lt;/p&gt;</comment>
                            <comment id="14596729" author="jpullokkaran" created="Mon, 22 Jun 2015 21:55:05 +0000"  >&lt;p&gt;+1 Conditional on QA run.&lt;/p&gt;</comment>
                            <comment id="14596972" author="hiveqa" created="Tue, 23 Jun 2015 01:26:38 +0000"  >

&lt;p&gt;&lt;font color=&quot;red&quot;&gt;Overall&lt;/font&gt;: -1 at least one tests failed&lt;/p&gt;

&lt;p&gt;Here are the results of testing the latest attachment:&lt;br/&gt;
&lt;a href=&quot;https://issues.apache.org/jira/secure/attachment/12741134/HIVE-10996.09.patch&quot; class=&quot;external-link&quot; rel=&quot;nofollow&quot;&gt;https://issues.apache.org/jira/secure/attachment/12741134/HIVE-10996.09.patch&lt;/a&gt;&lt;/p&gt;

&lt;p&gt;&lt;font color=&quot;red&quot;&gt;ERROR:&lt;/font&gt; -1 due to 1 failed/errored test(s), 9014 tests executed&lt;br/&gt;
&lt;b&gt;Failed tests:&lt;/b&gt;&lt;/p&gt;
&lt;div class=&quot;preformatted panel&quot; style=&quot;border-width: 1px;&quot;&gt;&lt;div class=&quot;preformattedContent panelContent&quot;&gt;
&lt;pre&gt;org.apache.hadoop.hive.cli.TestSparkCliDriver.testCliDriver_join28
&lt;/pre&gt;
&lt;/div&gt;&lt;/div&gt;

&lt;p&gt;Test results: &lt;a href=&quot;http://ec2-174-129-184-35.compute-1.amazonaws.com/jenkins/job/PreCommit-HIVE-TRUNK-Build/4341/testReport&quot; class=&quot;external-link&quot; rel=&quot;nofollow&quot;&gt;http://ec2-174-129-184-35.compute-1.amazonaws.com/jenkins/job/PreCommit-HIVE-TRUNK-Build/4341/testReport&lt;/a&gt;&lt;br/&gt;
Console output: &lt;a href=&quot;http://ec2-174-129-184-35.compute-1.amazonaws.com/jenkins/job/PreCommit-HIVE-TRUNK-Build/4341/console&quot; class=&quot;external-link&quot; rel=&quot;nofollow&quot;&gt;http://ec2-174-129-184-35.compute-1.amazonaws.com/jenkins/job/PreCommit-HIVE-TRUNK-Build/4341/console&lt;/a&gt;&lt;br/&gt;
Test logs: &lt;a href=&quot;http://ec2-174-129-184-35.compute-1.amazonaws.com/logs/PreCommit-HIVE-TRUNK-Build-4341/&quot; class=&quot;external-link&quot; rel=&quot;nofollow&quot;&gt;http://ec2-174-129-184-35.compute-1.amazonaws.com/logs/PreCommit-HIVE-TRUNK-Build-4341/&lt;/a&gt;&lt;/p&gt;

&lt;p&gt;Messages:&lt;/p&gt;
&lt;div class=&quot;preformatted panel&quot; style=&quot;border-width: 1px;&quot;&gt;&lt;div class=&quot;preformattedContent panelContent&quot;&gt;
&lt;pre&gt;Executing org.apache.hive.ptest.execution.PrepPhase
Executing org.apache.hive.ptest.execution.ExecutionPhase
Executing org.apache.hive.ptest.execution.ReportingPhase
Tests exited with: TestsFailedException: 1 tests failed
&lt;/pre&gt;
&lt;/div&gt;&lt;/div&gt;

&lt;p&gt;This message is automatically generated.&lt;/p&gt;

&lt;p&gt;ATTACHMENT ID: 12741134 - PreCommit-HIVE-TRUNK-Build&lt;/p&gt;</comment>
                            <comment id="14598006" author="jcamachorodriguez" created="Tue, 23 Jun 2015 17:29:48 +0000"  >&lt;p&gt;&lt;a href=&quot;https://issues.apache.org/jira/secure/ViewProfile.jspa?name=jpullokkaran&quot; class=&quot;user-hover&quot; rel=&quot;jpullokkaran&quot;&gt;Laljo John Pullokkaran&lt;/a&gt;, fail is unrelated. It is ready to go in. Thanks&lt;/p&gt;</comment>
                            <comment id="14598128" author="jpullokkaran" created="Tue, 23 Jun 2015 18:27:52 +0000"  >&lt;p&gt;Committed to master, 1.2 branch.&lt;/p&gt;</comment>
                            <comment id="14598131" author="jpullokkaran" created="Tue, 23 Jun 2015 18:29:14 +0000"  >&lt;p&gt;&lt;a href=&quot;https://issues.apache.org/jira/secure/ViewProfile.jspa?name=jcamachorodriguez&quot; class=&quot;user-hover&quot; rel=&quot;jcamachorodriguez&quot;&gt;Jesus Camacho Rodriguez&lt;/a&gt;Patch needs to be modified for branch-1 &amp;amp; possibly for branch-1.0&lt;/p&gt;</comment>
                            <comment id="14598338" author="xuefuz" created="Tue, 23 Jun 2015 20:40:34 +0000"  >&lt;blockquote&gt;
&lt;p&gt;fail is unrelated. It is ready to go in. &lt;/p&gt;&lt;/blockquote&gt;
&lt;p&gt;&lt;a href=&quot;https://issues.apache.org/jira/secure/ViewProfile.jspa?name=jcamachorodriguez&quot; class=&quot;user-hover&quot; rel=&quot;jcamachorodriguez&quot;&gt;Jesus Camacho Rodriguez&lt;/a&gt;, Could you elaborate why you think that the test failure isn&apos;t related? I can clearly see there is a result diff generated by your patch for test org.apache.hadoop.hive.cli.TestSparkCliDriver.testCliDriver_join28.&lt;/p&gt;
&lt;div class=&quot;code panel&quot; style=&quot;border-width: 1px;&quot;&gt;&lt;div class=&quot;codeContent panelContent&quot;&gt;
&lt;pre class=&quot;code-java&quot;&gt;
173c173
&amp;lt; POSTHOOK: Lineage: dest_j1.key EXPRESSION [(src1)x.FieldSchema(name:key, type:string, comment:&lt;span class=&quot;code-keyword&quot;&gt;default&lt;/span&gt;), ]
---
&amp;gt; POSTHOOK: Lineage: dest_j1.key SIMPLE [(src1)x.FieldSchema(name:key, type:string, comment:&lt;span class=&quot;code-keyword&quot;&gt;default&lt;/span&gt;), ]
&lt;/pre&gt;
&lt;/div&gt;&lt;/div&gt;</comment>
                            <comment id="14598349" author="jcamachorodriguez" created="Tue, 23 Jun 2015 20:52:01 +0000"  >&lt;p&gt;&lt;a href=&quot;https://issues.apache.org/jira/secure/ViewProfile.jspa?name=xuefuz&quot; class=&quot;user-hover&quot; rel=&quot;xuefuz&quot;&gt;Xuefu Zhang&lt;/a&gt;, that test has been failing intermittently for last QA runs, not only those related to this patch:&lt;/p&gt;

&lt;div class=&quot;preformatted panel&quot; style=&quot;border-width: 1px;&quot;&gt;&lt;div class=&quot;preformattedContent panelContent&quot;&gt;
&lt;pre&gt;...
http://ec2-174-129-184-35.compute-1.amazonaws.com/jenkins/job/PreCommit-HIVE-TRUNK-Build/4309/testReport/
http://ec2-174-129-184-35.compute-1.amazonaws.com/jenkins/job/PreCommit-HIVE-TRUNK-Build/4313/testReport/
http://ec2-174-129-184-35.compute-1.amazonaws.com/jenkins/job/PreCommit-HIVE-TRUNK-Build/4317/testReport/
http://ec2-174-129-184-35.compute-1.amazonaws.com/jenkins/job/PreCommit-HIVE-TRUNK-Build/4321/testReport/
http://ec2-174-129-184-35.compute-1.amazonaws.com/jenkins/job/PreCommit-HIVE-TRUNK-Build/4324/testReport/
http://ec2-174-129-184-35.compute-1.amazonaws.com/jenkins/job/PreCommit-HIVE-TRUNK-Build/4332/testReport/
http://ec2-174-129-184-35.compute-1.amazonaws.com/jenkins/job/PreCommit-HIVE-TRUNK-Build/4336/testReport/
http://ec2-174-129-184-35.compute-1.amazonaws.com/jenkins/job/PreCommit-HIVE-TRUNK-Build/4337/testReport/
&lt;/pre&gt;
&lt;/div&gt;&lt;/div&gt;</comment>
                            <comment id="14598351" author="xuefuz" created="Tue, 23 Jun 2015 20:55:30 +0000"  >&lt;p&gt;Okay. Thanks for the explanation.&lt;/p&gt;</comment>
                            <comment id="14615273" author="jcamachorodriguez" created="Mon, 6 Jul 2015 16:27:22 +0000"  >&lt;p&gt;Pushed to 1.1 branch.&lt;/p&gt;</comment>
                    </comments>
                <issuelinks>
                            <issuelinktype id="12310000">
                    <name>Duplicate</name>
                                                                <inwardlinks description="is duplicated by">
                                        <issuelink>
            <issuekey id="12895688">HIVE-11931</issuekey>
        </issuelink>
                            </inwardlinks>
                                    </issuelinktype>
                            <issuelinktype id="10030">
                    <name>Reference</name>
                                            <outwardlinks description="relates to">
                                        <issuelink>
            <issuekey id="12839968">HIVE-11088</issuekey>
        </issuelink>
            <issuelink>
            <issuekey id="12839197">HIVE-11056</issuekey>
        </issuelink>
                            </outwardlinks>
                                                        </issuelinktype>
                    </issuelinks>
                <attachments>
                            <attachment id="12740328" name="HIVE-10996.01.patch" size="39418" author="jcamachorodriguez" created="Thu, 18 Jun 2015 07:47:57 +0000"/>
                            <attachment id="12740417" name="HIVE-10996.02.patch" size="40847" author="jcamachorodriguez" created="Thu, 18 Jun 2015 15:32:56 +0000"/>
                            <attachment id="12740526" name="HIVE-10996.03.patch" size="73734" author="jcamachorodriguez" created="Fri, 19 Jun 2015 00:05:44 +0000"/>
                            <attachment id="12740625" name="HIVE-10996.04.patch" size="73722" author="jcamachorodriguez" created="Fri, 19 Jun 2015 11:05:23 +0000"/>
                            <attachment id="12740656" name="HIVE-10996.05.patch" size="74497" author="jcamachorodriguez" created="Fri, 19 Jun 2015 14:24:18 +0000"/>
                            <attachment id="12740684" name="HIVE-10996.06.patch" size="77721" author="jcamachorodriguez" created="Fri, 19 Jun 2015 17:00:20 +0000"/>
                            <attachment id="12740753" name="HIVE-10996.07.patch" size="76902" author="jcamachorodriguez" created="Fri, 19 Jun 2015 23:03:02 +0000"/>
                            <attachment id="12740920" name="HIVE-10996.08.patch" size="78552" author="jcamachorodriguez" created="Sun, 21 Jun 2015 16:00:24 +0000"/>
                            <attachment id="12741134" name="HIVE-10996.09.patch" size="79449" author="jcamachorodriguez" created="Mon, 22 Jun 2015 21:28:05 +0000"/>
                            <attachment id="12740012" name="HIVE-10996.patch" size="44356" author="jcamachorodriguez" created="Wed, 17 Jun 2015 01:19:48 +0000"/>
                            <attachment id="12739385" name="explain_q1.txt" size="7342" author="gkowshik" created="Sat, 13 Jun 2015 01:01:51 +0000"/>
                            <attachment id="12739386" name="explain_q2.txt" size="7656" author="gkowshik" created="Sat, 13 Jun 2015 01:01:51 +0000"/>
                    </attachments>
                <subtasks>
                    </subtasks>
                <customfields>
                                                <customfield id="customfield_12310310" key="com.atlassian.jira.toolkit:attachments">
                        <customfieldname>Attachment count</customfieldname>
                        <customfieldvalues>
                            <customfieldvalue>12.0</customfieldvalue>
                        </customfieldvalues>
                    </customfield>
                                                                                                                                                                                                                                                                                                                                                                                                                                                                                                                                <customfield id="customfield_12310220" key="com.atlassian.jira.ext.charting:firstresponsedate">
                        <customfieldname>Date of First Response</customfieldname>
                        <customfieldvalues>
                            <customfieldvalue>Mon, 15 Jun 2015 21:51:04 +0000</customfieldvalue>

                        </customfieldvalues>
                    </customfield>
                                                                                                                                                                                                                                                                                                                                                                                                                                            <customfield id="customfield_12310420" key="com.pyxis.greenhopper.jira:gh-global-rank">
                        <customfieldname>Global Rank</customfieldname>
                        <customfieldvalues>
                            <customfieldvalue>9223372036854775807</customfieldvalue>
                        </customfieldvalues>
                    </customfield>
                                                                                                                                                    <customfield id="customfield_12312521" key="com.atlassian.jira.toolkit:LastCommentDate">
                        <customfieldname>Last public comment date</customfieldname>
                        <customfieldvalues>
                            1 year, 21 weeks, 5 days ago
                        </customfieldvalues>
                    </customfield>
                                                                                            <customfield id="customfield_12311820" key="com.pyxis.greenhopper.jira:gh-lexo-rank">
                        <customfieldname>Rank</customfieldname>
                        <customfieldvalues>
                            <customfieldvalue>0|i2g00n:</customfieldvalue>

                        </customfieldvalues>
                    </customfield>
                                                                <customfield id="customfield_12310920" key="com.pyxis.greenhopper.jira:gh-global-rank">
                        <customfieldname>Rank (Obsolete)</customfieldname>
                        <customfieldvalues>
                            <customfieldvalue>9223372036854775807</customfieldvalue>
                        </customfieldvalues>
                    </customfield>
                                                                                                                                                                                                                                                                                                                            <customfield id="customfield_12310222" key="com.atlassian.jira.ext.charting:timeinstatus">
                        <customfieldname>Time in Status</customfieldname>
                        <customfieldvalues>
                            
                        </customfieldvalues>
                    </customfield>
                                                                                                                        </customfields>
    </item>
</channel>
</rss>