<!-- 
RSS generated by JIRA (6.3.4#6332-sha1:51bc225ef474afe3128b2f66878477f322397b16) at Sat Dec 03 22:56:59 UTC 2016

It is possible to restrict the fields that are returned in this document by specifying the 'field' parameter in your request.
For example, to request only the issue key and summary add field=key&field=summary to the URL of your request.
For example:
https://issues.apache.org/jira/si/jira.issueviews:issue-xml/HIVE-12089/HIVE-12089.xml?field=key&amp;field=summary
-->
<rss version="0.92" >
<channel>
    <title>ASF JIRA</title>
    <link>https://issues.apache.org/jira</link>
    <description>This file is an XML representation of an issue</description>
    <language>en-uk</language>    <build-info>
        <version>6.3.4</version>
        <build-number>6332</build-number>
        <build-date>15-08-2014</build-date>
    </build-info>

<item>
            <title>[HIVE-12089] HiveException (Failed to close AbstractFileMergeOperator) occurs during loading data to ORC file, when hive.merge.sparkfiles is set to true. [Spark Branch]</title>
                <link>https://issues.apache.org/jira/browse/HIVE-12089</link>
                <project id="12310843" key="HIVE">Hive</project>
                    <description>&lt;p&gt;Component Version&#65306;&lt;br/&gt;
(1)Hive Spark Branch 70eeadd2f019dcb2e301690290c8807731eab7a1  +  Hive-11473 patch (&lt;a href=&quot;https://issues.apache.org/jira/browse/HIVE-11473&quot; title=&quot;Upgrade Spark dependency to 1.5 [Spark Branch]&quot; class=&quot;issue-link&quot; data-issue-key=&quot;HIVE-11473&quot;&gt;&lt;del&gt;HIVE-11473&lt;/del&gt;&lt;/a&gt;.3-spark.patch)  ---&amp;gt; This is to support Spark 1.5 for Hive on Spark&lt;br/&gt;
(2)Spark 1.5.1&lt;/p&gt;

&lt;p&gt;Case used:&lt;br/&gt;
Big-Bench  Data Load (load data from HDFS to Hive warehouse, scored as ORC format). The related HiveQL:&lt;/p&gt;

&lt;p&gt;DROP TABLE IF EXISTS customer_temporary;&lt;br/&gt;
CREATE EXTERNAL TABLE customer_temporary&lt;br/&gt;
  ( c_customer_sk             bigint              --not null&lt;br/&gt;
  , c_customer_id             string              --not null&lt;br/&gt;
  , c_current_cdemo_sk        bigint&lt;br/&gt;
  , c_current_hdemo_sk        bigint&lt;br/&gt;
  , c_current_addr_sk         bigint&lt;br/&gt;
  , c_first_shipto_date_sk    bigint&lt;br/&gt;
  , c_first_sales_date_sk     bigint&lt;br/&gt;
  , c_salutation              string&lt;br/&gt;
  , c_first_name              string&lt;br/&gt;
  , c_last_name               string&lt;br/&gt;
  , c_preferred_cust_flag     string&lt;br/&gt;
  , c_birth_day               int&lt;br/&gt;
  , c_birth_month             int&lt;br/&gt;
  , c_birth_year              int&lt;br/&gt;
  , c_birth_country           string&lt;br/&gt;
  , c_login                   string&lt;br/&gt;
  , c_email_address           string&lt;br/&gt;
  , c_last_review_date        string&lt;br/&gt;
  )&lt;br/&gt;
  ROW FORMAT DELIMITED FIELDS TERMINATED BY &apos;|&apos;&lt;br/&gt;
  STORED AS TEXTFILE LOCATION &apos;/user/root/benchmarks/bigbench_n1t/data/customer&apos;&lt;br/&gt;
;&lt;/p&gt;

&lt;p&gt;DROP TABLE IF EXISTS customer;&lt;br/&gt;
CREATE TABLE customer&lt;br/&gt;
STORED AS ORC&lt;br/&gt;
AS&lt;br/&gt;
SELECT * FROM customer_temporary&lt;br/&gt;
;&lt;/p&gt;

&lt;p&gt;Error/Exception Message:&lt;br/&gt;
15/10/12 14:28:38 INFO exec.Utilities: PLAN PATH = hdfs://bhx2:8020/tmp/hive/root/4e145415-d4ea-4751-9e16-ff31edb0c258/hive_2015-10-12_14-28-12_485_2093357701513622173-1/-mr-10005/d891fdec-eacc-4f66-8827-e2b650c24810/map.xml&lt;br/&gt;
15/10/12 14:28:38 INFO OrcFileMergeOperator: ORC merge file input path: hdfs://bhx2:8020/user/hive/warehouse/bigbench_n100g.db/.hive-staging_hive_2015-10-12_14-28-12_485_2093357701513622173-1/-ext-10003/000001_0&lt;br/&gt;
15/10/12 14:28:38 INFO OrcFileMergeOperator: Merged stripe from file hdfs://bhx2:8020/user/hive/warehouse/bigbench_n100g.db/.hive-staging_hive_2015-10-12_14-28-12_485_2093357701513622173-1/-ext-10003/000001_0 [ offset : 3 length: 10525754 row: 247500 ]&lt;br/&gt;
15/10/12 14:28:38 INFO spark.SparkMergeFileRecordHandler: Closing Merge Operator OFM&lt;br/&gt;
15/10/12 14:28:38 ERROR executor.Executor: Exception in task 1.0 in stage 1.0 (TID 4)&lt;br/&gt;
java.lang.RuntimeException: org.apache.hadoop.hive.ql.metadata.HiveException: Failed to close AbstractFileMergeOperator&lt;br/&gt;
	at org.apache.hadoop.hive.ql.exec.spark.SparkMergeFileRecordHandler.close(SparkMergeFileRecordHandler.java:115)&lt;br/&gt;
	at org.apache.hadoop.hive.ql.exec.spark.HiveMapFunctionResultList.closeRecordProcessor(HiveMapFunctionResultList.java:58)&lt;br/&gt;
	at org.apache.hadoop.hive.ql.exec.spark.HiveBaseFunctionResultList$ResultIterator.hasNext(HiveBaseFunctionResultList.java:106)&lt;br/&gt;
	at scala.collection.convert.Wrappers$JIteratorWrapper.hasNext(Wrappers.scala:41)&lt;br/&gt;
	at scala.collection.Iterator$class.foreach(Iterator.scala:727)&lt;br/&gt;
	at scala.collection.AbstractIterator.foreach(Iterator.scala:1157)&lt;br/&gt;
	at org.apache.spark.rdd.AsyncRDDActions$$anonfun$foreachAsync$1$$anonfun$apply$15.apply(AsyncRDDActions.scala:118)&lt;br/&gt;
	at org.apache.spark.rdd.AsyncRDDActions$$anonfun$foreachAsync$1$$anonfun$apply$15.apply(AsyncRDDActions.scala:118)&lt;br/&gt;
	at org.apache.spark.SparkContext$$anonfun$37.apply(SparkContext.scala:1984)&lt;br/&gt;
	at org.apache.spark.SparkContext$$anonfun$37.apply(SparkContext.scala:1984)&lt;br/&gt;
	at org.apache.spark.scheduler.ResultTask.runTask(ResultTask.scala:66)&lt;br/&gt;
	at org.apache.spark.scheduler.Task.run(Task.scala:88)&lt;br/&gt;
	at org.apache.spark.executor.Executor$TaskRunner.run(Executor.scala:214)&lt;br/&gt;
	at java.util.concurrent.ThreadPoolExecutor.runWorker(ThreadPoolExecutor.java:1145)&lt;br/&gt;
	at java.util.concurrent.ThreadPoolExecutor$Worker.run(ThreadPoolExecutor.java:615)&lt;br/&gt;
	at java.lang.Thread.run(Thread.java:745)&lt;br/&gt;
Caused by: org.apache.hadoop.hive.ql.metadata.HiveException: Failed to close AbstractFileMergeOperator&lt;br/&gt;
	at org.apache.hadoop.hive.ql.exec.AbstractFileMergeOperator.closeOp(AbstractFileMergeOperator.java:235)&lt;br/&gt;
	at org.apache.hadoop.hive.ql.exec.OrcFileMergeOperator.closeOp(OrcFileMergeOperator.java:236)&lt;br/&gt;
	at org.apache.hadoop.hive.ql.exec.spark.SparkMergeFileRecordHandler.close(SparkMergeFileRecordHandler.java:113)&lt;br/&gt;
	... 15 more&lt;br/&gt;
Caused by: java.io.IOException: Unable to rename hdfs://bhx2:8020/user/hive/warehouse/bigbench_n100g.db/.hive-staging_hive_2015-10-12_14-28-12_485_2093357701513622173-1/_task_tmp.-ext-10001/_tmp.000001_0 to hdfs://bhx2:8020/user/hive/warehouse/bigbench_n100g.db/.hive-staging_hive_2015-10-12_14-28-12_485_2093357701513622173-1/_tmp.-ext-10001/000001_0&lt;br/&gt;
	at org.apache.hadoop.hive.ql.exec.AbstractFileMergeOperator.closeOp(AbstractFileMergeOperator.java:208)&lt;br/&gt;
	... 17 more&lt;/p&gt;</description>
                <environment></environment>
        <key id="12904106">HIVE-12089</key>
            <summary>HiveException (Failed to close AbstractFileMergeOperator) occurs during loading data to ORC file, when hive.merge.sparkfiles is set to true. [Spark Branch]</summary>
                <type id="7" iconUrl="https://issues.apache.org/jira/images/icons/issuetypes/subtask_alternate.png">Sub-task</type>
                            <parent id="12723734">HIVE-7292</parent>
                                    <priority id="3" iconUrl="https://issues.apache.org/jira/images/icons/priorities/major.png">Major</priority>
                        <status id="5" iconUrl="https://issues.apache.org/jira/images/icons/statuses/resolved.png" description="A resolution has been taken, and it is awaiting verification by reporter. From here issues are either reopened, or are closed.">Resolved</status>
                    <statusCategory id="3" key="done" colorName="green"/>
                                    <resolution id="3">Duplicate</resolution>
                                        <assignee username="-1">Unassigned</assignee>
                                    <reporter username="xhao1">Xin Hao</reporter>
                        <labels>
                    </labels>
                <created>Mon, 12 Oct 2015 08:05:27 +0000</created>
                <updated>Mon, 12 Oct 2015 13:03:58 +0000</updated>
                            <resolved>Mon, 12 Oct 2015 13:03:58 +0000</resolved>
                                                                    <component>Spark</component>
                        <due></due>
                            <votes>0</votes>
                                    <watches>1</watches>
                                                                    <issuelinks>
                            <issuelinktype id="12310000">
                    <name>Duplicate</name>
                                            <outwardlinks description="duplicates">
                                        <issuelink>
            <issuekey id="12904109">HIVE-12091</issuekey>
        </issuelink>
                            </outwardlinks>
                                                        </issuelinktype>
                    </issuelinks>
                <attachments>
                    </attachments>
                <subtasks>
                    </subtasks>
                <customfields>
                                                <customfield id="customfield_12310310" key="com.atlassian.jira.toolkit:attachments">
                        <customfieldname>Attachment count</customfieldname>
                        <customfieldvalues>
                            <customfieldvalue>0.0</customfieldvalue>
                        </customfieldvalues>
                    </customfield>
                                                                                                                                                                                                                                                                                                                                                                                                                                                                                                                                                                                                                                                                                                                                                                                                                                                                                                                                        <customfield id="customfield_12310420" key="com.pyxis.greenhopper.jira:gh-global-rank">
                        <customfieldname>Global Rank</customfieldname>
                        <customfieldvalues>
                            <customfieldvalue>9223372036854775807</customfieldvalue>
                        </customfieldvalues>
                    </customfield>
                                                                                                                                                    <customfield id="customfield_12312521" key="com.atlassian.jira.toolkit:LastCommentDate">
                        <customfieldname>Last public comment date</customfieldname>
                        <customfieldvalues>
                            1 year, 7 weeks, 5 days ago
                        </customfieldvalues>
                    </customfield>
                                                                                            <customfield id="customfield_12311820" key="com.pyxis.greenhopper.jira:gh-lexo-rank">
                        <customfieldname>Rank</customfieldname>
                        <customfieldvalues>
                            <customfieldvalue>0|i2mvif:</customfieldvalue>

                        </customfieldvalues>
                    </customfield>
                                                                <customfield id="customfield_12310920" key="com.pyxis.greenhopper.jira:gh-global-rank">
                        <customfieldname>Rank (Obsolete)</customfieldname>
                        <customfieldvalues>
                            <customfieldvalue>9223372036854775807</customfieldvalue>
                        </customfieldvalues>
                    </customfield>
                                                                                                                                                                                                                                                                                                                            <customfield id="customfield_12310222" key="com.atlassian.jira.ext.charting:timeinstatus">
                        <customfieldname>Time in Status</customfieldname>
                        <customfieldvalues>
                            
                        </customfieldvalues>
                    </customfield>
                                                                                                                        </customfields>
    </item>
</channel>
</rss>