<!-- 
RSS generated by JIRA (6.3.4#6332-sha1:51bc225ef474afe3128b2f66878477f322397b16) at Fri Dec 02 11:24:24 UTC 2016

It is possible to restrict the fields that are returned in this document by specifying the 'field' parameter in your request.
For example, to request only the issue key and summary add field=key&field=summary to the URL of your request.
For example:
https://issues.apache.org/jira/si/jira.issueviews:issue-xml/HIVE-12432/HIVE-12432.xml?field=key&amp;field=summary
-->
<rss version="0.92" >
<channel>
    <title>ASF JIRA</title>
    <link>https://issues.apache.org/jira</link>
    <description>This file is an XML representation of an issue</description>
    <language>en-uk</language>    <build-info>
        <version>6.3.4</version>
        <build-number>6332</build-number>
        <build-date>15-08-2014</build-date>
    </build-info>

<item>
            <title>[HIVE-12432] Hive on Spark Counter &quot;RECORDS_OUT&quot; always  be zero</title>
                <link>https://issues.apache.org/jira/browse/HIVE-12432</link>
                <project id="12310843" key="HIVE">Hive</project>
                    <description>&lt;p&gt;A simple way to reproduce :&lt;br/&gt;
set hive.execution.engine=spark;&lt;br/&gt;
CREATE TABLE  test(id INT);&lt;br/&gt;
insert into test values (1) ,(2);&lt;/p&gt;</description>
                <environment></environment>
        <key id="12913607">HIVE-12432</key>
            <summary>Hive on Spark Counter &quot;RECORDS_OUT&quot; always  be zero</summary>
                <type id="1" iconUrl="https://issues.apache.org/jira/images/icons/issuetypes/bug.png">Bug</type>
                                            <priority id="3" iconUrl="https://issues.apache.org/jira/images/icons/priorities/major.png">Major</priority>
                        <status id="5" iconUrl="https://issues.apache.org/jira/images/icons/statuses/resolved.png" description="A resolution has been taken, and it is awaiting verification by reporter. From here issues are either reopened, or are closed.">Resolved</status>
                    <statusCategory id="3" key="done" colorName="green"/>
                                    <resolution id="3">Duplicate</resolution>
                                        <assignee username="-1">Unassigned</assignee>
                                    <reporter username="nemon">Nemon Lou</reporter>
                        <labels>
                    </labels>
                <created>Tue, 17 Nov 2015 09:28:18 +0000</created>
                <updated>Tue, 24 Nov 2015 01:04:15 +0000</updated>
                            <resolved>Tue, 24 Nov 2015 01:04:15 +0000</resolved>
                                    <version>1.2.1</version>
                                                    <component>Spark</component>
                    <component>Statistics</component>
                        <due></due>
                            <votes>0</votes>
                                    <watches>2</watches>
                                                                <comments>
                            <comment id="15008386" author="nemon" created="Tue, 17 Nov 2015 09:44:09 +0000"  >&lt;p&gt;Spark log shows that the counters for output has been ignored :&lt;/p&gt;
&lt;div class=&quot;code panel&quot; style=&quot;border-width: 1px;&quot;&gt;&lt;div class=&quot;codeContent panelContent&quot;&gt;
&lt;pre class=&quot;code-java&quot;&gt;
counter[HIVE, RECORDS_OUT_1_default.test] has not initialized before. | org.apache.hive.spark.counter.SparkCounters.increment(SparkCounters.java:81)
&lt;/pre&gt;
&lt;/div&gt;&lt;/div&gt;</comment>
                            <comment id="15022666" author="xuefuz" created="Mon, 23 Nov 2015 18:26:47 +0000"  >&lt;p&gt;&lt;a href=&quot;https://issues.apache.org/jira/secure/ViewProfile.jspa?name=nemon&quot; class=&quot;user-hover&quot; rel=&quot;nemon&quot;&gt;Nemon Lou&lt;/a&gt;, Thanks for reporting this. I&apos;m wondering if you plan to work on this. This also seems similar or related to &lt;a href=&quot;https://issues.apache.org/jira/browse/HIVE-12466&quot; title=&quot;SparkCounter not initialized error&quot; class=&quot;issue-link&quot; data-issue-key=&quot;HIVE-12466&quot;&gt;&lt;del&gt;HIVE-12466&lt;/del&gt;&lt;/a&gt;, which has some diagnosis info.&lt;/p&gt;</comment>
                            <comment id="15023519" author="nemon" created="Tue, 24 Nov 2015 01:03:24 +0000"  >&lt;p&gt;&lt;a href=&quot;https://issues.apache.org/jira/browse/HIVE-12466&quot; title=&quot;SparkCounter not initialized error&quot; class=&quot;issue-link&quot; data-issue-key=&quot;HIVE-12466&quot;&gt;&lt;del&gt;HIVE-12466&lt;/del&gt;&lt;/a&gt; is the same issue.I don&apos;t have a clear solution yet.So let hive on spark experts work on &lt;a href=&quot;https://issues.apache.org/jira/browse/HIVE-12466&quot; title=&quot;SparkCounter not initialized error&quot; class=&quot;issue-link&quot; data-issue-key=&quot;HIVE-12466&quot;&gt;&lt;del&gt;HIVE-12466&lt;/del&gt;&lt;/a&gt; and i will watch it.&lt;/p&gt;</comment>
                    </comments>
                <issuelinks>
                            <issuelinktype id="12310000">
                    <name>Duplicate</name>
                                                                <inwardlinks description="is duplicated by">
                                        <issuelink>
            <issuekey id="12914449">HIVE-12466</issuekey>
        </issuelink>
                            </inwardlinks>
                                    </issuelinktype>
                            <issuelinktype id="10030">
                    <name>Reference</name>
                                            <outwardlinks description="relates to">
                                        <issuelink>
            <issuekey id="12912046">HIVE-12382</issuekey>
        </issuelink>
                            </outwardlinks>
                                                        </issuelinktype>
                    </issuelinks>
                <attachments>
                    </attachments>
                <subtasks>
                    </subtasks>
                <customfields>
                                                <customfield id="customfield_12310310" key="com.atlassian.jira.toolkit:attachments">
                        <customfieldname>Attachment count</customfieldname>
                        <customfieldvalues>
                            <customfieldvalue>0.0</customfieldvalue>
                        </customfieldvalues>
                    </customfield>
                                                                                                                                                                                                                                                                                                                                                                                                                                                                                                                                <customfield id="customfield_12310220" key="com.atlassian.jira.ext.charting:firstresponsedate">
                        <customfieldname>Date of First Response</customfieldname>
                        <customfieldvalues>
                            <customfieldvalue>Mon, 23 Nov 2015 18:26:47 +0000</customfieldvalue>

                        </customfieldvalues>
                    </customfield>
                                                                                                                                                                                                                                                                                                                                                                                                                                            <customfield id="customfield_12310420" key="com.pyxis.greenhopper.jira:gh-global-rank">
                        <customfieldname>Global Rank</customfieldname>
                        <customfieldvalues>
                            <customfieldvalue>9223372036854775807</customfieldvalue>
                        </customfieldvalues>
                    </customfield>
                                                                                                                                                    <customfield id="customfield_12312521" key="com.atlassian.jira.toolkit:LastCommentDate">
                        <customfieldname>Last public comment date</customfieldname>
                        <customfieldvalues>
                            1 year, 1 week, 3 days ago
                        </customfieldvalues>
                    </customfield>
                                                                                            <customfield id="customfield_12311820" key="com.pyxis.greenhopper.jira:gh-lexo-rank">
                        <customfieldname>Rank</customfieldname>
                        <customfieldvalues>
                            <customfieldvalue>0|i2ohr3:</customfieldvalue>

                        </customfieldvalues>
                    </customfield>
                                                                <customfield id="customfield_12310920" key="com.pyxis.greenhopper.jira:gh-global-rank">
                        <customfieldname>Rank (Obsolete)</customfieldname>
                        <customfieldvalues>
                            <customfieldvalue>9223372036854775807</customfieldvalue>
                        </customfieldvalues>
                    </customfield>
                                                                                                                                                                                                                                                                                                                            <customfield id="customfield_12310222" key="com.atlassian.jira.ext.charting:timeinstatus">
                        <customfieldname>Time in Status</customfieldname>
                        <customfieldvalues>
                            
                        </customfieldvalues>
                    </customfield>
                                                                                                                        </customfields>
    </item>
</channel>
</rss>