<!-- 
RSS generated by JIRA (6.3.4#6332-sha1:51bc225ef474afe3128b2f66878477f322397b16) at Sun Dec 04 00:24:31 UTC 2016

It is possible to restrict the fields that are returned in this document by specifying the 'field' parameter in your request.
For example, to request only the issue key and summary add field=key&field=summary to the URL of your request.
For example:
https://issues.apache.org/jira/si/jira.issueviews:issue-xml/HIVE-11863/HIVE-11863.xml?field=key&amp;field=summary
-->
<rss version="0.92" >
<channel>
    <title>ASF JIRA</title>
    <link>https://issues.apache.org/jira</link>
    <description>This file is an XML representation of an issue</description>
    <language>en-uk</language>    <build-info>
        <version>6.3.4</version>
        <build-number>6332</build-number>
        <build-date>15-08-2014</build-date>
    </build-info>

<item>
            <title>[HIVE-11863] FS based stats collection generates wrong results for tez (for union queries)</title>
                <link>https://issues.apache.org/jira/browse/HIVE-11863</link>
                <project id="12310843" key="HIVE">Hive</project>
                    <description>&lt;p&gt;FS based stats collection is the default way to collect stats. However, there are some cases (involving unions) where it generates wrong results. Refer test case in &lt;a href=&quot;https://issues.apache.org/jira/browse/HIVE-11860&quot; title=&quot;StatsNoJobTask fails to collect fast stats when table have subdirectories&quot; class=&quot;issue-link&quot; data-issue-key=&quot;HIVE-11860&quot;&gt;&lt;del&gt;HIVE-11860&lt;/del&gt;&lt;/a&gt; and compare test cli driver results against tez results. Also it will be good to extend statsfs.q test case with union queries.&lt;/p&gt;</description>
                <environment></environment>
        <key id="12873211">HIVE-11863</key>
            <summary>FS based stats collection generates wrong results for tez (for union queries)</summary>
                <type id="1" iconUrl="https://issues.apache.org/jira/images/icons/issuetypes/bug.png">Bug</type>
                                            <priority id="3" iconUrl="https://issues.apache.org/jira/images/icons/priorities/major.png">Major</priority>
                        <status id="5" iconUrl="https://issues.apache.org/jira/images/icons/statuses/resolved.png" description="A resolution has been taken, and it is awaiting verification by reporter. From here issues are either reopened, or are closed.">Resolved</status>
                    <statusCategory id="3" key="done" colorName="green"/>
                                    <resolution id="1">Fixed</resolution>
                                        <assignee username="pxiong">Pengcheng Xiong</assignee>
                                    <reporter username="prasanth_j">Prasanth Jayachandran</reporter>
                        <labels>
                    </labels>
                <created>Thu, 17 Sep 2015 07:01:18 +0000</created>
                <updated>Sat, 16 Jul 2016 19:12:48 +0000</updated>
                            <resolved>Sat, 16 Jul 2016 19:12:39 +0000</resolved>
                                    <version>1.3.0</version>
                    <version>2.0.0</version>
                                    <fixVersion>2.2.0</fixVersion>
                                        <due></due>
                            <votes>0</votes>
                                    <watches>4</watches>
                                                                <comments>
                            <comment id="14791682" author="prasanth_j" created="Thu, 17 Sep 2015 07:03:09 +0000"  >&lt;p&gt;&lt;a href=&quot;https://issues.apache.org/jira/secure/ViewProfile.jspa?name=ashutoshc&quot; class=&quot;user-hover&quot; rel=&quot;ashutoshc&quot;&gt;Ashutosh Chauhan&lt;/a&gt; Is this a known issue?&lt;/p&gt;</comment>
                            <comment id="14791744" author="ashutoshc" created="Thu, 17 Sep 2015 07:58:04 +0000"  >&lt;p&gt;I am not aware of any such issue. Does this happen only on Tez and not on MR ?&lt;/p&gt;</comment>
                            <comment id="14804357" author="prasanth_j" created="Thu, 17 Sep 2015 19:53:53 +0000"  >&lt;p&gt;&lt;a href=&quot;https://issues.apache.org/jira/secure/ViewProfile.jspa?name=ashutoshc&quot; class=&quot;user-hover&quot; rel=&quot;ashutoshc&quot;&gt;Ashutosh Chauhan&lt;/a&gt; Yes. It happens only in Tez. I just checked MR and it works fine.&lt;/p&gt;</comment>
                            <comment id="15073269" author="pxiong" created="Mon, 28 Dec 2015 23:49:03 +0000"  >&lt;p&gt;to repro, set engine as tez&lt;/p&gt;
&lt;div class=&quot;code panel&quot; style=&quot;border-width: 1px;&quot;&gt;&lt;div class=&quot;codeContent panelContent&quot;&gt;
&lt;pre class=&quot;code-java&quot;&gt;
create table final_temp as select * from src union all select * from src1;
desc extended final_temp;
&lt;/pre&gt;
&lt;/div&gt;&lt;/div&gt;
&lt;p&gt;the results are&lt;/p&gt;
&lt;div class=&quot;code panel&quot; style=&quot;border-width: 1px;&quot;&gt;&lt;div class=&quot;codeContent panelContent&quot;&gt;
&lt;pre class=&quot;code-java&quot;&gt;
numRows=0, rawDataSize=0
&lt;/pre&gt;
&lt;/div&gt;&lt;/div&gt;</comment>
                            <comment id="15380896" author="ashutoshc" created="Sat, 16 Jul 2016 18:51:55 +0000"  >&lt;p&gt;&lt;a href=&quot;https://issues.apache.org/jira/secure/ViewProfile.jspa?name=pxiong&quot; class=&quot;user-hover&quot; rel=&quot;pxiong&quot;&gt;Pengcheng Xiong&lt;/a&gt; Can this be closed as dupe of &lt;a href=&quot;https://issues.apache.org/jira/browse/HIVE-14236&quot; title=&quot;CTAS with UNION ALL puts the wrong stats in Tez&quot; class=&quot;issue-link&quot; data-issue-key=&quot;HIVE-14236&quot;&gt;&lt;del&gt;HIVE-14236&lt;/del&gt;&lt;/a&gt; ?&lt;/p&gt;</comment>
                            <comment id="15380902" author="pxiong" created="Sat, 16 Jul 2016 19:12:40 +0000"  >&lt;p&gt;duplicate of &lt;a href=&quot;https://issues.apache.org/jira/browse/HIVE-14236&quot; title=&quot;CTAS with UNION ALL puts the wrong stats in Tez&quot; class=&quot;issue-link&quot; data-issue-key=&quot;HIVE-14236&quot;&gt;&lt;del&gt;HIVE-14236&lt;/del&gt;&lt;/a&gt;&lt;/p&gt;</comment>
                    </comments>
                <issuelinks>
                            <issuelinktype id="10032">
                    <name>Blocker</name>
                                            <outwardlinks description="blocks">
                                        <issuelink>
            <issuekey id="12873182">HIVE-11860</issuekey>
        </issuelink>
                            </outwardlinks>
                                                        </issuelinktype>
                            <issuelinktype id="12310000">
                    <name>Duplicate</name>
                                            <outwardlinks description="duplicates">
                                        <issuelink>
            <issuekey id="12989344">HIVE-14236</issuekey>
        </issuelink>
                            </outwardlinks>
                                                        </issuelinktype>
                            <issuelinktype id="10030">
                    <name>Reference</name>
                                            <outwardlinks description="relates to">
                                        <issuelink>
            <issuekey id="12903206">HIVE-12065</issuekey>
        </issuelink>
                            </outwardlinks>
                                                        </issuelinktype>
                    </issuelinks>
                <attachments>
                    </attachments>
                <subtasks>
                    </subtasks>
                <customfields>
                                                <customfield id="customfield_12310310" key="com.atlassian.jira.toolkit:attachments">
                        <customfieldname>Attachment count</customfieldname>
                        <customfieldvalues>
                            <customfieldvalue>0.0</customfieldvalue>
                        </customfieldvalues>
                    </customfield>
                                                                                                                                                                                                                                                                                                                                                                                                                                                                                                                                <customfield id="customfield_12310220" key="com.atlassian.jira.ext.charting:firstresponsedate">
                        <customfieldname>Date of First Response</customfieldname>
                        <customfieldvalues>
                            <customfieldvalue>Thu, 17 Sep 2015 07:58:04 +0000</customfieldvalue>

                        </customfieldvalues>
                    </customfield>
                                                                                                                                                                                                                                                                                                                                                                                                                                            <customfield id="customfield_12310420" key="com.pyxis.greenhopper.jira:gh-global-rank">
                        <customfieldname>Global Rank</customfieldname>
                        <customfieldvalues>
                            <customfieldvalue>9223372036854775807</customfieldvalue>
                        </customfieldvalues>
                    </customfield>
                                                                                                                                                    <customfield id="customfield_12312521" key="com.atlassian.jira.toolkit:LastCommentDate">
                        <customfieldname>Last public comment date</customfieldname>
                        <customfieldvalues>
                            20 weeks ago
                        </customfieldvalues>
                    </customfield>
                                                                                            <customfield id="customfield_12311820" key="com.pyxis.greenhopper.jira:gh-lexo-rank">
                        <customfieldname>Rank</customfieldname>
                        <customfieldvalues>
                            <customfieldvalue>0|i2kafj:</customfieldvalue>

                        </customfieldvalues>
                    </customfield>
                                                                <customfield id="customfield_12310920" key="com.pyxis.greenhopper.jira:gh-global-rank">
                        <customfieldname>Rank (Obsolete)</customfieldname>
                        <customfieldvalues>
                            <customfieldvalue>9223372036854775807</customfieldvalue>
                        </customfieldvalues>
                    </customfield>
                                                                                                                                                                                                                                                                                                                            <customfield id="customfield_12310222" key="com.atlassian.jira.ext.charting:timeinstatus">
                        <customfieldname>Time in Status</customfieldname>
                        <customfieldvalues>
                            
                        </customfieldvalues>
                    </customfield>
                                                                                                                        </customfields>
    </item>
</channel>
</rss>