<!-- 
RSS generated by JIRA (6.3.4#6332-sha1:51bc225ef474afe3128b2f66878477f322397b16) at Sat Dec 03 00:39:43 UTC 2016

It is possible to restrict the fields that are returned in this document by specifying the 'field' parameter in your request.
For example, to request only the issue key and summary add field=key&field=summary to the URL of your request.
For example:
https://issues.apache.org/jira/si/jira.issueviews:issue-xml/HIVE-1085/HIVE-1085.xml?field=key&amp;field=summary
-->
<rss version="0.92" >
<channel>
    <title>ASF JIRA</title>
    <link>https://issues.apache.org/jira</link>
    <description>This file is an XML representation of an issue</description>
    <language>en-uk</language>    <build-info>
        <version>6.3.4</version>
        <build-number>6332</build-number>
        <build-date>15-08-2014</build-date>
    </build-info>

<item>
            <title>[HIVE-1085] ColumnarSerde should not be the default Serde when user specified a fileformat using &apos;stored as&apos;.</title>
                <link>https://issues.apache.org/jira/browse/HIVE-1085</link>
                <project id="12310843" key="HIVE">Hive</project>
                    <description></description>
                <environment></environment>
        <key id="12446366">HIVE-1085</key>
            <summary>ColumnarSerde should not be the default Serde when user specified a fileformat using &apos;stored as&apos;.</summary>
                <type id="1" iconUrl="https://issues.apache.org/jira/images/icons/issuetypes/bug.png">Bug</type>
                                            <priority id="3" iconUrl="https://issues.apache.org/jira/images/icons/priorities/major.png">Major</priority>
                        <status id="6" iconUrl="https://issues.apache.org/jira/images/icons/statuses/closed.png" description="The issue is considered finished, the resolution is correct. Issues which are closed can be reopened.">Closed</status>
                    <statusCategory id="3" key="done" colorName="green"/>
                                    <resolution id="1">Fixed</resolution>
                                        <assignee username="he yongqiang">He Yongqiang</assignee>
                                    <reporter username="he yongqiang">He Yongqiang</reporter>
                        <labels>
                    </labels>
                <created>Fri, 22 Jan 2010 20:56:14 +0000</created>
                <updated>Sat, 17 Dec 2011 00:03:25 +0000</updated>
                            <resolved>Sat, 23 Jan 2010 01:22:01 +0000</resolved>
                                                    <fixVersion>0.6.0</fixVersion>
                                        <due></due>
                            <votes>0</votes>
                                    <watches>0</watches>
                                                                <comments>
                            <comment id="12803870" author="nzhang" created="Fri, 22 Jan 2010 21:05:19 +0000"  >&lt;p&gt;To elaborate, currently ColumnarSerDe is used if the hive.default.fileformat is set to RCFile. It should not ColumnarSerDe if the user specify a different storage format in DDL.&lt;/p&gt;</comment>
                            <comment id="12803908" author="he yongqiang" created="Fri, 22 Jan 2010 22:23:08 +0000"  >&lt;p&gt;hive-1085.2.patch integrates Ning&apos;s offline comments. hive-1085.2.patch is more clear for future change. &lt;/p&gt;</comment>
                            <comment id="12803913" author="nzhang" created="Fri, 22 Jan 2010 22:34:41 +0000"  >&lt;p&gt;+1&lt;/p&gt;

&lt;p&gt;looks good. Will commit once tests pass.&lt;/p&gt;</comment>
                            <comment id="12803985" author="nzhang" created="Sat, 23 Jan 2010 01:22:01 +0000"  >&lt;p&gt;Committed. Thanks Yongqiang!&lt;/p&gt;</comment>
                            <comment id="12845701" author="he yongqiang" created="Tue, 16 Mar 2010 04:29:08 +0000"  >&lt;p&gt;patch for branch-0.5&lt;/p&gt;</comment>
                            <comment id="12845718" author="nzhang" created="Tue, 16 Mar 2010 05:40:09 +0000"  >&lt;p&gt;committed to 0.5. Thanks Yongqiang!&lt;/p&gt;</comment>
                    </comments>
                    <attachments>
                            <attachment id="12438898" name="hive-1085-branch0.5.patch" size="11683" author="he yongqiang" created="Tue, 16 Mar 2010 04:29:08 +0000"/>
                            <attachment id="12431158" name="hive-1085.2.patch" size="11521" author="he yongqiang" created="Fri, 22 Jan 2010 22:23:08 +0000"/>
                            <attachment id="12431150" name="hive-1085.patch" size="11002" author="he yongqiang" created="Fri, 22 Jan 2010 21:47:55 +0000"/>
                    </attachments>
                <subtasks>
                    </subtasks>
                <customfields>
                                                <customfield id="customfield_12310310" key="com.atlassian.jira.toolkit:attachments">
                        <customfieldname>Attachment count</customfieldname>
                        <customfieldvalues>
                            <customfieldvalue>3.0</customfieldvalue>
                        </customfieldvalues>
                    </customfield>
                                                                                                                                                                                                                                                                                                                                                                                                                                                                                                                                <customfield id="customfield_12310220" key="com.atlassian.jira.ext.charting:firstresponsedate">
                        <customfieldname>Date of First Response</customfieldname>
                        <customfieldvalues>
                            <customfieldvalue>Fri, 22 Jan 2010 21:05:19 +0000</customfieldvalue>

                        </customfieldvalues>
                    </customfield>
                                                                                                                                                                                                                                                                                                                                                                                                                                            <customfield id="customfield_12310420" key="com.pyxis.greenhopper.jira:gh-global-rank">
                        <customfieldname>Global Rank</customfieldname>
                        <customfieldvalues>
                            <customfieldvalue>73116</customfieldvalue>
                        </customfieldvalues>
                    </customfield>
                                                                                                                                                    <customfield id="customfield_12312521" key="com.atlassian.jira.toolkit:LastCommentDate">
                        <customfieldname>Last public comment date</customfieldname>
                        <customfieldvalues>
                            6 years, 38 weeks, 3 days ago
                        </customfieldvalues>
                    </customfield>
                                                                                            <customfield id="customfield_12311820" key="com.pyxis.greenhopper.jira:gh-lexo-rank">
                        <customfieldname>Rank</customfieldname>
                        <customfieldvalues>
                            <customfieldvalue>0|i0ldb3:</customfieldvalue>

                        </customfieldvalues>
                    </customfield>
                                                                <customfield id="customfield_12310920" key="com.pyxis.greenhopper.jira:gh-global-rank">
                        <customfieldname>Rank (Obsolete)</customfieldname>
                        <customfieldvalues>
                            <customfieldvalue>122806</customfieldvalue>
                        </customfieldvalues>
                    </customfield>
                                                                                                                                                                                                                                                                                                                            <customfield id="customfield_12310222" key="com.atlassian.jira.ext.charting:timeinstatus">
                        <customfieldname>Time in Status</customfieldname>
                        <customfieldvalues>
                            
                        </customfieldvalues>
                    </customfield>
                                                                                                                        </customfields>
    </item>
</channel>
</rss>