<!-- 
RSS generated by JIRA (6.3.4#6332-sha1:51bc225ef474afe3128b2f66878477f322397b16) at Sun Dec 04 00:04:28 UTC 2016

It is possible to restrict the fields that are returned in this document by specifying the 'field' parameter in your request.
For example, to request only the issue key and summary add field=key&field=summary to the URL of your request.
For example:
https://issues.apache.org/jira/si/jira.issueviews:issue-xml/HIVE-10194/HIVE-10194.xml?field=key&amp;field=summary
-->
<rss version="0.92" >
<channel>
    <title>ASF JIRA</title>
    <link>https://issues.apache.org/jira</link>
    <description>This file is an XML representation of an issue</description>
    <language>en-uk</language>    <build-info>
        <version>6.3.4</version>
        <build-number>6332</build-number>
        <build-date>15-08-2014</build-date>
    </build-info>

<item>
            <title>[HIVE-10194] CBO (Calcite Return Path): Equi join followed by theta join produces a cross product</title>
                <link>https://issues.apache.org/jira/browse/HIVE-10194</link>
                <project id="12310843" key="HIVE">Hive</project>
                    <description>&lt;p&gt;Query &lt;/p&gt;
&lt;div class=&quot;code panel&quot; style=&quot;border-width: 1px;&quot;&gt;&lt;div class=&quot;codeContent panelContent&quot;&gt;
&lt;pre class=&quot;code-java&quot;&gt;
SELECT count(distinct ws_order_number) as order_count,
               sum(ws_ext_ship_cost) as total_shipping_cost,
               sum(ws_net_profit) as total_net_profit
FROM web_sales ws1
JOIN customer_address ca ON (ws1.ws_ship_addr_sk = ca.ca_address_sk)
JOIN web_site s ON (ws1.ws_web_site_sk = s.web_site_sk)
JOIN date_dim d ON (ws1.ws_ship_date_sk = d.d_date_sk)
LEFT SEMI JOIN (SELECT ws2.ws_order_number as ws_order_number
                               FROM web_sales ws2 JOIN web_sales ws3
                               ON (ws2.ws_order_number = ws3.ws_order_number)
                               WHERE ws2.ws_warehouse_sk &amp;lt;&amp;gt; ws3.ws_warehouse_sk
			) ws_wh1
ON (ws1.ws_order_number = ws_wh1.ws_order_number)
LEFT OUTER JOIN web_returns wr1 ON (ws1.ws_order_number = wr1.wr_order_number)
WHERE d.d_date between &apos;1999-05-01&apos; and &apos;1999-07-01&apos; and
               ca.ca_state = &apos;TX&apos; and
               s.web_company_name = &apos;pri&apos; and
               wr1.wr_order_number is &lt;span class=&quot;code-keyword&quot;&gt;null&lt;/span&gt;
limit 100
&lt;/pre&gt;
&lt;/div&gt;&lt;/div&gt;

&lt;p&gt;Plan&lt;/p&gt;
&lt;div class=&quot;code panel&quot; style=&quot;border-width: 1px;&quot;&gt;&lt;div class=&quot;codeContent panelContent&quot;&gt;
&lt;pre class=&quot;code-java&quot;&gt;
OK
Time taken: 0.23 seconds
Warning: Map Join MAPJOIN[83][bigTable=ws1] in task &apos;Map 2&apos; is a cross product
OK
STAGE DEPENDENCIES:
  Stage-1 is a root stage
  Stage-0 depends on stages: Stage-1

STAGE PLANS:
  Stage: Stage-1
    Tez
      Edges:
        Map 2 &amp;lt;- Map 1 (BROADCAST_EDGE)
        Map 8 &amp;lt;- Reducer 4 (BROADCAST_EDGE)
        Reducer 3 &amp;lt;- Map 2 (SIMPLE_EDGE), Map 5 (BROADCAST_EDGE), Map 6 (BROADCAST_EDGE), Map 7 (SIMPLE_EDGE)
        Reducer 4 &amp;lt;- Map 10 (SIMPLE_EDGE), Reducer 3 (SIMPLE_EDGE)
        Reducer 9 &amp;lt;- Map 8 (SIMPLE_EDGE)
      DagName: mmokhtar_20150402132417_1bc8688b-59a0-4909-82a4-b9d386065bbd:3
      Vertices:
        Map 1
            Map Operator Tree:
                TableScan
                  alias: ws1
                  filterExpr: (((ws_ship_addr_sk = ws_order_number) and (ws_ship_date_sk &amp;lt;&amp;gt; ws_web_site_sk)) and ws_ship_addr_sk is not &lt;span class=&quot;code-keyword&quot;&gt;null&lt;/span&gt;) (type: &lt;span class=&quot;code-object&quot;&gt;boolean&lt;/span&gt;)
                  Statistics: Num rows: 143966864 Data size: 33110363004 Basic stats: COMPLETE Column stats: COMPLETE
                  Filter Operator
                    predicate: (((ws_ship_addr_sk = ws_order_number) and (ws_ship_date_sk &amp;lt;&amp;gt; ws_web_site_sk)) and ws_ship_addr_sk is not &lt;span class=&quot;code-keyword&quot;&gt;null&lt;/span&gt;) (type: &lt;span class=&quot;code-object&quot;&gt;boolean&lt;/span&gt;)
                    Statistics: Num rows: 71974471 Data size: 1151483592 Basic stats: COMPLETE Column stats: COMPLETE
                    Select Operator
                      expressions: ws_ship_addr_sk (type: &lt;span class=&quot;code-object&quot;&gt;int&lt;/span&gt;)
                      outputColumnNames: _col1
                      Statistics: Num rows: 71974471 Data size: 287862044 Basic stats: COMPLETE Column stats: COMPLETE
                      Reduce Output Operator
                        sort order:
                        Statistics: Num rows: 71974471 Data size: 287862044 Basic stats: COMPLETE Column stats: COMPLETE
                        value expressions: _col1 (type: &lt;span class=&quot;code-object&quot;&gt;int&lt;/span&gt;)
            Execution mode: vectorized
        Map 10
            Map Operator Tree:
                TableScan
                  alias: wr1
                  Statistics: Num rows: 13749816 Data size: 2585240312 Basic stats: COMPLETE Column stats: COMPLETE
                  Reduce Output Operator
                    key expressions: wr_order_number (type: &lt;span class=&quot;code-object&quot;&gt;int&lt;/span&gt;)
                    sort order: +
                    Map-reduce partition columns: wr_order_number (type: &lt;span class=&quot;code-object&quot;&gt;int&lt;/span&gt;)
                    Statistics: Num rows: 13749816 Data size: 2585240312 Basic stats: COMPLETE Column stats: COMPLETE
            Execution mode: vectorized
        Map 2
            Map Operator Tree:
                TableScan
                  alias: ws1
                  Statistics: Num rows: 143966864 Data size: 33110363004 Basic stats: COMPLETE Column stats: COMPLETE
                  Map Join Operator
                    condition map:
                         Inner Join 0 to 1
                    keys:
                      0
                      1
                    outputColumnNames: _col1
                    input vertices:
                      0 Map 1
                    Statistics: Num rows: 5180969438964472 Data size: 20723877755857888 Basic stats: COMPLETE Column stats: COMPLETE
                    Select Operator
                      expressions: _col1 (type: &lt;span class=&quot;code-object&quot;&gt;int&lt;/span&gt;)
                      outputColumnNames: _col0
                      Statistics: Num rows: 5180969438964472 Data size: 20723877755857888 Basic stats: COMPLETE Column stats: COMPLETE
                      Group By Operator
                        keys: _col0 (type: &lt;span class=&quot;code-object&quot;&gt;int&lt;/span&gt;)
                        mode: hash
                        outputColumnNames: _col0
                        Statistics: Num rows: 73333928460636 Data size: 293335713842544 Basic stats: COMPLETE Column stats: COMPLETE
                        Reduce Output Operator
                          key expressions: _col0 (type: &lt;span class=&quot;code-object&quot;&gt;int&lt;/span&gt;)
                          sort order: +
                          Map-reduce partition columns: _col0 (type: &lt;span class=&quot;code-object&quot;&gt;int&lt;/span&gt;)
                          Statistics: Num rows: 73333928460636 Data size: 293335713842544 Basic stats: COMPLETE Column stats: COMPLETE
            Execution mode: vectorized
        Map 5
            Map Operator Tree:
                TableScan
                  alias: ca
                  filterExpr: ((ca_state = &apos;TX&apos;) and ca_address_sk is not &lt;span class=&quot;code-keyword&quot;&gt;null&lt;/span&gt;) (type: &lt;span class=&quot;code-object&quot;&gt;boolean&lt;/span&gt;)
                  Statistics: Num rows: 800000 Data size: 811903688 Basic stats: COMPLETE Column stats: COMPLETE
                  Filter Operator
                    predicate: ((ca_state = &apos;TX&apos;) and ca_address_sk is not &lt;span class=&quot;code-keyword&quot;&gt;null&lt;/span&gt;) (type: &lt;span class=&quot;code-object&quot;&gt;boolean&lt;/span&gt;)
                    Statistics: Num rows: 15686 Data size: 1411740 Basic stats: COMPLETE Column stats: COMPLETE
                    Select Operator
                      expressions: ca_address_sk (type: &lt;span class=&quot;code-object&quot;&gt;int&lt;/span&gt;)
                      outputColumnNames: _col0
                      Statistics: Num rows: 15686 Data size: 62744 Basic stats: COMPLETE Column stats: COMPLETE
                      Reduce Output Operator
                        key expressions: _col0 (type: &lt;span class=&quot;code-object&quot;&gt;int&lt;/span&gt;)
                        sort order: +
                        Map-reduce partition columns: _col0 (type: &lt;span class=&quot;code-object&quot;&gt;int&lt;/span&gt;)
                        Statistics: Num rows: 15686 Data size: 62744 Basic stats: COMPLETE Column stats: COMPLETE
            Execution mode: vectorized
        Map 6
            Map Operator Tree:
                TableScan
                  alias: d
                  filterExpr: (d_date BETWEEN &apos;1999-05-01&apos; AND &apos;1999-07-01&apos; and d_date_sk is not &lt;span class=&quot;code-keyword&quot;&gt;null&lt;/span&gt;) (type: &lt;span class=&quot;code-object&quot;&gt;boolean&lt;/span&gt;)
                  Statistics: Num rows: 73049 Data size: 81741831 Basic stats: COMPLETE Column stats: COMPLETE
                  Filter Operator
                    predicate: (d_date BETWEEN &apos;1999-05-01&apos; AND &apos;1999-07-01&apos; and d_date_sk is not &lt;span class=&quot;code-keyword&quot;&gt;null&lt;/span&gt;) (type: &lt;span class=&quot;code-object&quot;&gt;boolean&lt;/span&gt;)
                    Statistics: Num rows: 36524 Data size: 3579352 Basic stats: COMPLETE Column stats: COMPLETE
                    Select Operator
                      expressions: d_date_sk (type: &lt;span class=&quot;code-object&quot;&gt;int&lt;/span&gt;)
                      outputColumnNames: _col0
                      Statistics: Num rows: 36524 Data size: 146096 Basic stats: COMPLETE Column stats: COMPLETE
                      Reduce Output Operator
                        key expressions: _col0 (type: &lt;span class=&quot;code-object&quot;&gt;int&lt;/span&gt;)
                        sort order: +
                        Map-reduce partition columns: _col0 (type: &lt;span class=&quot;code-object&quot;&gt;int&lt;/span&gt;)
                        Statistics: Num rows: 36524 Data size: 146096 Basic stats: COMPLETE Column stats: COMPLETE
            Execution mode: vectorized
        Map 7
            Map Operator Tree:
                TableScan
                  alias: ws1
                  filterExpr: (((ws_order_number is not &lt;span class=&quot;code-keyword&quot;&gt;null&lt;/span&gt; and ws_ship_addr_sk is not &lt;span class=&quot;code-keyword&quot;&gt;null&lt;/span&gt;) and ws_ship_date_sk is not &lt;span class=&quot;code-keyword&quot;&gt;null&lt;/span&gt;) and ws_web_site_sk is not &lt;span class=&quot;code-keyword&quot;&gt;null&lt;/span&gt;) (type: &lt;span class=&quot;code-object&quot;&gt;boolean&lt;/span&gt;)
                  Statistics: Num rows: 143966864 Data size: 33110363004 Basic stats: COMPLETE Column stats: COMPLETE
                  Filter Operator
                    predicate: (((ws_order_number is not &lt;span class=&quot;code-keyword&quot;&gt;null&lt;/span&gt; and ws_ship_addr_sk is not &lt;span class=&quot;code-keyword&quot;&gt;null&lt;/span&gt;) and ws_ship_date_sk is not &lt;span class=&quot;code-keyword&quot;&gt;null&lt;/span&gt;) and ws_web_site_sk is not &lt;span class=&quot;code-keyword&quot;&gt;null&lt;/span&gt;) (type: &lt;span class=&quot;code-object&quot;&gt;boolean&lt;/span&gt;)
                    Statistics: Num rows: 143912892 Data size: 3453621540 Basic stats: COMPLETE Column stats: COMPLETE
                    Reduce Output Operator
                      key expressions: ws_order_number (type: &lt;span class=&quot;code-object&quot;&gt;int&lt;/span&gt;)
                      sort order: +
                      Map-reduce partition columns: ws_order_number (type: &lt;span class=&quot;code-object&quot;&gt;int&lt;/span&gt;)
                      Statistics: Num rows: 143912892 Data size: 3453621540 Basic stats: COMPLETE Column stats: COMPLETE
                      value expressions: ws_ship_date_sk (type: &lt;span class=&quot;code-object&quot;&gt;int&lt;/span&gt;), ws_ship_addr_sk (type: &lt;span class=&quot;code-object&quot;&gt;int&lt;/span&gt;), ws_web_site_sk (type: &lt;span class=&quot;code-object&quot;&gt;int&lt;/span&gt;), ws_ext_ship_cost (type: &lt;span class=&quot;code-object&quot;&gt;float&lt;/span&gt;), ws_net_profit (type: &lt;span class=&quot;code-object&quot;&gt;float&lt;/span&gt;)
            Execution mode: vectorized
        Map 8
            Map Operator Tree:
                TableScan
                  alias: s
                  filterExpr: ((web_company_name = &apos;pri&apos;) and web_site_sk is not &lt;span class=&quot;code-keyword&quot;&gt;null&lt;/span&gt;) (type: &lt;span class=&quot;code-object&quot;&gt;boolean&lt;/span&gt;)
                  Statistics: Num rows: 38 Data size: 70614 Basic stats: COMPLETE Column stats: COMPLETE
                  Filter Operator
                    predicate: ((web_company_name = &apos;pri&apos;) and web_site_sk is not &lt;span class=&quot;code-keyword&quot;&gt;null&lt;/span&gt;) (type: &lt;span class=&quot;code-object&quot;&gt;boolean&lt;/span&gt;)
                    Statistics: Num rows: 5 Data size: 460 Basic stats: COMPLETE Column stats: COMPLETE
                    Select Operator
                      expressions: web_site_sk (type: &lt;span class=&quot;code-object&quot;&gt;int&lt;/span&gt;)
                      outputColumnNames: _col0
                      Statistics: Num rows: 5 Data size: 20 Basic stats: COMPLETE Column stats: COMPLETE
                      Map Join Operator
                        condition map:
                             Inner Join 0 to 1
                        keys:
                          0 _col30 (type: &lt;span class=&quot;code-object&quot;&gt;int&lt;/span&gt;)
                          1 _col0 (type: &lt;span class=&quot;code-object&quot;&gt;int&lt;/span&gt;)
                        outputColumnNames: _col31, _col32, _col33
                        input vertices:
                          0 Reducer 4
                        Statistics: Num rows: 5 Data size: 22 Basic stats: COMPLETE Column stats: NONE
                        Select Operator
                          expressions: _col31 (type: &lt;span class=&quot;code-object&quot;&gt;int&lt;/span&gt;), _col32 (type: &lt;span class=&quot;code-object&quot;&gt;float&lt;/span&gt;), _col33 (type: &lt;span class=&quot;code-object&quot;&gt;float&lt;/span&gt;)
                          outputColumnNames: _col0, _col1, _col2
                          Statistics: Num rows: 5 Data size: 22 Basic stats: COMPLETE Column stats: NONE
                          Group By Operator
                            aggregations: count(DISTINCT _col0), sum(_col1), sum(_col2)
                            keys: _col0 (type: &lt;span class=&quot;code-object&quot;&gt;int&lt;/span&gt;)
                            mode: hash
                            outputColumnNames: _col0, _col1, _col2, _col3
                            Statistics: Num rows: 5 Data size: 22 Basic stats: COMPLETE Column stats: NONE
                            Reduce Output Operator
                              key expressions: _col0 (type: &lt;span class=&quot;code-object&quot;&gt;int&lt;/span&gt;)
                              sort order: +
                              Statistics: Num rows: 5 Data size: 22 Basic stats: COMPLETE Column stats: NONE
                              TopN Hash Memory Usage: 0.04
                              value expressions: _col2 (type: &lt;span class=&quot;code-object&quot;&gt;double&lt;/span&gt;), _col3 (type: &lt;span class=&quot;code-object&quot;&gt;double&lt;/span&gt;)
            Execution mode: vectorized
        Reducer 3
            Reduce Operator Tree:
              Merge Join Operator
                condition map:
                     Left Semi Join 0 to 1
                keys:
                  0 ws_order_number (type: &lt;span class=&quot;code-object&quot;&gt;int&lt;/span&gt;)
                  1 _col0 (type: &lt;span class=&quot;code-object&quot;&gt;int&lt;/span&gt;)
                outputColumnNames: _col2, _col11, _col13, _col17, _col28, _col33
                Statistics: Num rows: 718857633877870 Data size: 17252583213068880 Basic stats: COMPLETE Column stats: COMPLETE
                Map Join Operator
                  condition map:
                       Inner Join 0 to 1
                  keys:
                    0 _col11 (type: &lt;span class=&quot;code-object&quot;&gt;int&lt;/span&gt;)
                    1 _col0 (type: &lt;span class=&quot;code-object&quot;&gt;int&lt;/span&gt;)
                  outputColumnNames: _col2, _col13, _col17, _col28, _col33
                  input vertices:
                    1 Map 5
                  Statistics: Num rows: 14094999486464 Data size: 281899989729280 Basic stats: COMPLETE Column stats: COMPLETE
                  Map Join Operator
                    condition map:
                         Inner Join 0 to 1
                    keys:
                      0 _col2 (type: &lt;span class=&quot;code-object&quot;&gt;int&lt;/span&gt;)
                      1 _col0 (type: &lt;span class=&quot;code-object&quot;&gt;int&lt;/span&gt;)
                    outputColumnNames: _col13, _col17, _col28, _col33
                    input vertices:
                      1 Map 6
                    Statistics: Num rows: 7047403274240 Data size: 112758452387840 Basic stats: COMPLETE Column stats: COMPLETE
                    Select Operator
                      expressions: _col13 (type: &lt;span class=&quot;code-object&quot;&gt;int&lt;/span&gt;), _col17 (type: &lt;span class=&quot;code-object&quot;&gt;int&lt;/span&gt;), _col28 (type: &lt;span class=&quot;code-object&quot;&gt;float&lt;/span&gt;), _col33 (type: &lt;span class=&quot;code-object&quot;&gt;float&lt;/span&gt;)
                      outputColumnNames: _col2, _col3, _col4, _col5
                      Statistics: Num rows: 7047403274240 Data size: 112758452387840 Basic stats: COMPLETE Column stats: COMPLETE
                      Reduce Output Operator
                        key expressions: _col3 (type: &lt;span class=&quot;code-object&quot;&gt;int&lt;/span&gt;)
                        sort order: +
                        Map-reduce partition columns: _col3 (type: &lt;span class=&quot;code-object&quot;&gt;int&lt;/span&gt;)
                        Statistics: Num rows: 7047403274240 Data size: 112758452387840 Basic stats: COMPLETE Column stats: COMPLETE
                        value expressions: _col2 (type: &lt;span class=&quot;code-object&quot;&gt;int&lt;/span&gt;), _col4 (type: &lt;span class=&quot;code-object&quot;&gt;float&lt;/span&gt;), _col5 (type: &lt;span class=&quot;code-object&quot;&gt;float&lt;/span&gt;)
        Reducer 4
            Reduce Operator Tree:
              Merge Join Operator
                condition map:
                     Right Outer Join0 to 1
                keys:
                  0 wr_order_number (type: &lt;span class=&quot;code-object&quot;&gt;int&lt;/span&gt;)
                  1 _col3 (type: &lt;span class=&quot;code-object&quot;&gt;int&lt;/span&gt;)
                outputColumnNames: _col13, _col30, _col31, _col32, _col33
                Statistics: Num rows: 12100482980189 Data size: 242009659603780 Basic stats: COMPLETE Column stats: COMPLETE
                Filter Operator
                  predicate: _col13 is &lt;span class=&quot;code-keyword&quot;&gt;null&lt;/span&gt; (type: &lt;span class=&quot;code-object&quot;&gt;boolean&lt;/span&gt;)
                  Statistics: Num rows: 0 Data size: 0 Basic stats: NONE Column stats: COMPLETE
                  Reduce Output Operator
                    key expressions: _col30 (type: &lt;span class=&quot;code-object&quot;&gt;int&lt;/span&gt;)
                    sort order: +
                    Map-reduce partition columns: _col30 (type: &lt;span class=&quot;code-object&quot;&gt;int&lt;/span&gt;)
                    Statistics: Num rows: 0 Data size: 0 Basic stats: NONE Column stats: COMPLETE
                    value expressions: _col31 (type: &lt;span class=&quot;code-object&quot;&gt;int&lt;/span&gt;), _col32 (type: &lt;span class=&quot;code-object&quot;&gt;float&lt;/span&gt;), _col33 (type: &lt;span class=&quot;code-object&quot;&gt;float&lt;/span&gt;)
        Reducer 9
            Reduce Operator Tree:
              Group By Operator
                aggregations: count(DISTINCT KEY._col0:0._col0), sum(VALUE._col1), sum(VALUE._col2)
                mode: mergepartial
                outputColumnNames: _col0, _col1, _col2
                Statistics: Num rows: 1 Data size: 32 Basic stats: COMPLETE Column stats: NONE
                Limit
                  &lt;span class=&quot;code-object&quot;&gt;Number&lt;/span&gt; of rows: 100
                  Statistics: Num rows: 1 Data size: 32 Basic stats: COMPLETE Column stats: NONE
                  File Output Operator
                    compressed: &lt;span class=&quot;code-keyword&quot;&gt;false&lt;/span&gt;
                    Statistics: Num rows: 1 Data size: 32 Basic stats: COMPLETE Column stats: NONE
                    table:
                        input format: org.apache.hadoop.mapred.TextInputFormat
                        output format: org.apache.hadoop.hive.ql.io.HiveIgnoreKeyTextOutputFormat
                        serde: org.apache.hadoop.hive.serde2.lazy.LazySimpleSerDe

  Stage: Stage-0
    Fetch Operator
      limit: 100
      Processor Tree:
        ListSink
&lt;/pre&gt;
&lt;/div&gt;&lt;/div&gt;

&lt;p&gt;Logical plan &lt;/p&gt;
&lt;div class=&quot;code panel&quot; style=&quot;border-width: 1px;&quot;&gt;&lt;div class=&quot;codeContent panelContent&quot;&gt;
&lt;pre class=&quot;code-java&quot;&gt;
HiveSort(fetch=[100]): rowcount = 1.0, cumulative cost = {4.594004456323317E8 rows, 5.882012320482085E9 cpu, 9.353802456E12 io}, id = 1080
  HiveAggregate(group=[{}], agg#0=[count(DISTINCT $0)], agg#1=[sum($1)], agg#2=[sum($2)]): rowcount = 1.0, cumulative cost = {4.594004336323317E8 rows, 5.882012319482085E9 cpu, 9.353802456E12 io}, id = 1078
    HiveProject($f0=[$3], $f1=[$4], $f2=[$5]): rowcount = 464.4485504122314, cumulative cost = {4.594004336323317E8 rows, 5.882012319482085E9 cpu, 9.353802456E12 io}, id = 1076
      HiveFilter(condition=[isnull($12)]): rowcount = 464.4485504122314, cumulative cost = {4.594004336323317E8 rows, 5.882012319482085E9 cpu, 9.353802456E12 io}, id = 1074
        HiveProject(ws_ship_date_sk=[$1], ws_ship_addr_sk=[$2], ws_web_site_sk=[$3], ws_order_number=[$4], ws_ext_ship_cost=[$5], ws_net_profit=[$6], ca_address_sk=[$7], ca_state=[$8], web_site_sk=[$11], web_company_name=[$12], d_date_sk=[$9], d_date=[$10], wr_order_number=[$0]): rowcount = 1229395.3129411766, cumulative cost = {4.594004336323317E8 rows, 5.882012319482085E9 cpu, 9.353802456E12 io}, id = 1185
          HiveJoin(condition=[=($3, $11)], joinType=[&lt;span class=&quot;code-keyword&quot;&gt;inner&lt;/span&gt;], joinAlgorithm=[map_join], cost=[{1.3749818235294119E7 rows, 1.3749820470588237E7 cpu, 0.0 io}]): rowcount = 1229395.3129411766, cumulative cost = {4.594004336323317E8 rows, 5.882012319482085E9 cpu, 9.353802456E12 io}, id = 1183
            HiveJoin(condition=[=($4, $0)], joinType=[right], joinAlgorithm=[map_join], cost=[{1.3749817E7 rows, 2.7499633E7 cpu, 2.47496688E10 io}]): rowcount = 1.3749816E7, cumulative cost = {4.456506153970376E8 rows, 5.868262499011497E9 cpu, 9.353802456E12 io}, id = 1181
              HiveTableScan(table=[[tpcds_bin_orc_200.web_returns]]): rowcount = 1.3749816E7, cumulative cost = {0}, id = 974
              HiveJoin(condition=[=($0, $8)], joinType=[&lt;span class=&quot;code-keyword&quot;&gt;inner&lt;/span&gt;], joinAlgorithm=[map_join], cost=[{204.39703763146147 rows, 205.39703763146147 cpu, 0.0 io}]): rowcount = 1.0, cumulative cost = {4.319007983970376E8 rows, 5.840762866011497E9 cpu, 9.3290527872E12 io}, id = 1179
                HiveJoin(condition=[=($1, $6)], joinType=[&lt;span class=&quot;code-keyword&quot;&gt;inner&lt;/span&gt;], joinAlgorithm=[map_join], cost=[{1.43966865E8 rows, 1.43966866E8 cpu, 0.0 io}]): rowcount = 203.39703763146147, cumulative cost = {4.31900594E8 rows, 5.840762660614459E9 cpu, 9.3290527872E12 io}, id = 1110
                  SemiJoin(condition=[=($3, $6)], joinType=[&lt;span class=&quot;code-keyword&quot;&gt;inner&lt;/span&gt;]): rowcount = 1.43966864E8, cumulative cost = {2.87933729E8 rows, 5.696795794614459E9 cpu, 9.3290527872E12 io}, id = 1058
                    HiveTableScan(table=[[tpcds_bin_orc_200.web_sales]]): rowcount = 1.43966864E8, cumulative cost = {0}, id = 958
                    HiveProject(ws_order_number=[$1]): rowcount = 1.655760644524185E11, cumulative cost = {2.87933728E8 rows, 5.696795793614459E9 cpu, 9.3290527872E12 io}, id = 1056
                      HiveFilter(condition=[&amp;lt;&amp;gt;($0, $2)]): rowcount = 1.655760644524185E11, cumulative cost = {2.87933728E8 rows, 5.696795793614459E9 cpu, 9.3290527872E12 io}, id = 1054
                        HiveJoin(condition=[=($1, $3)], joinType=[&lt;span class=&quot;code-keyword&quot;&gt;inner&lt;/span&gt;], joinAlgorithm=[common_join], cost=[{2.87933728E8 rows, 5.696795793614459E9 cpu, 9.3290527872E12 io}]): rowcount = 1.6564734127740878E11, cumulative cost = {2.87933728E8 rows, 5.696795793614459E9 cpu, 9.3290527872E12 io}, id = 1103
                          HiveTableScan(table=[[tpcds_bin_orc_200.web_sales]]): rowcount = 1.43966864E8, cumulative cost = {0}, id = 958
                          HiveTableScan(table=[[tpcds_bin_orc_200.web_sales]]): rowcount = 1.43966864E8, cumulative cost = {0}, id = 958
                  HiveFilter(condition=[=($1, &apos;TX&apos;)]): rowcount = 1.0, cumulative cost = {0.0 rows, 0.0 cpu, 0.0 io}, id = 1060
                    HiveTableScan(table=[[tpcds_bin_orc_200.customer_address]]): rowcount = 800000.0, cumulative cost = {0}, id = 965
                HiveFilter(condition=[between(&lt;span class=&quot;code-keyword&quot;&gt;false&lt;/span&gt;, $1, &apos;1999-05-01&apos;, &apos;1999-07-01&apos;)]): rowcount = 1.0, cumulative cost = {0.0 rows, 0.0 cpu, 0.0 io}, id = 1068
                  HiveTableScan(table=[[tpcds_bin_orc_200.date_dim]]): rowcount = 73049.0, cumulative cost = {0}, id = 971
            HiveFilter(condition=[=($1, &apos;pri&apos;)]): rowcount = 2.235294117647059, cumulative cost = {0.0 rows, 0.0 cpu, 0.0 io}, id = 1064
              HiveTableScan(table=[[tpcds_bin_orc_200.web_site]]): rowcount = 38.0, cumulative cost = {0}, id = 968
&lt;/pre&gt;
&lt;/div&gt;&lt;/div&gt;</description>
                <environment></environment>
        <key id="12787745">HIVE-10194</key>
            <summary>CBO (Calcite Return Path): Equi join followed by theta join produces a cross product</summary>
                <type id="7" iconUrl="https://issues.apache.org/jira/images/icons/issuetypes/subtask_alternate.png">Sub-task</type>
                            <parent id="12762144">HIVE-9132</parent>
                                    <priority id="3" iconUrl="https://issues.apache.org/jira/images/icons/priorities/major.png">Major</priority>
                        <status id="1" iconUrl="https://issues.apache.org/jira/images/icons/statuses/open.png" description="The issue is open and ready for the assignee to start work on it.">Open</status>
                    <statusCategory id="2" key="new" colorName="blue-gray"/>
                                    <resolution id="-1">Unresolved</resolution>
                                        <assignee username="jpullokkaran">Laljo John Pullokkaran</assignee>
                                    <reporter username="mmokhtar">Mostafa Mokhtar</reporter>
                        <labels>
                    </labels>
                <created>Thu, 2 Apr 2015 17:34:53 +0000</created>
                <updated>Fri, 8 May 2015 22:26:16 +0000</updated>
                                                                            <component>CBO</component>
                        <due></due>
                            <votes>0</votes>
                                    <watches>2</watches>
                                                                <comments>
                            <comment id="14393043" author="mmokhtar" created="Thu, 2 Apr 2015 17:56:24 +0000"  >&lt;p&gt;&lt;a href=&quot;https://issues.apache.org/jira/secure/ViewProfile.jspa?name=jcamachorodriguez&quot; class=&quot;user-hover&quot; rel=&quot;jcamachorodriguez&quot;&gt;Jesus Camacho Rodriguez&lt;/a&gt; &lt;a href=&quot;https://issues.apache.org/jira/secure/ViewProfile.jspa?name=jpullokkaran&quot; class=&quot;user-hover&quot; rel=&quot;jpullokkaran&quot;&gt;Laljo John Pullokkaran&lt;/a&gt;&lt;br/&gt;
The query can be simplified to an equi join followed by theta join :&lt;/p&gt;

&lt;div class=&quot;code panel&quot; style=&quot;border-width: 1px;&quot;&gt;&lt;div class=&quot;codeContent panelContent&quot;&gt;
&lt;pre class=&quot;code-java&quot;&gt;
SELECT 
    ws2.ws_order_number as ws_order_number
FROM
    web_sales ws2
        JOIN
    web_sales ws3 ON (ws2.ws_order_number = ws3.ws_order_number)
        JOIN
    date_dim d ON (ws2.ws_ship_date_sk = d.d_date_sk)
WHERE
    ws2.ws_warehouse_sk &amp;lt;&amp;gt; ws3.ws_warehouse_sk
&lt;/pre&gt;
&lt;/div&gt;&lt;/div&gt;</comment>
                            <comment id="14535764" author="sushanth" created="Fri, 8 May 2015 22:26:16 +0000"  >&lt;p&gt;Removing fix version of 1.2.0 in preparation of release, since this is not a blocker for 1.2.0.&lt;/p&gt;</comment>
                    </comments>
                <issuelinks>
                            <issuelinktype id="12310000">
                    <name>Duplicate</name>
                                                                <inwardlinks description="is duplicated by">
                                        <issuelink>
            <issuekey id="12787742">HIVE-10193</issuekey>
        </issuelink>
                            </inwardlinks>
                                    </issuelinktype>
                    </issuelinks>
                <attachments>
                    </attachments>
                <subtasks>
                    </subtasks>
                <customfields>
                                                <customfield id="customfield_12310310" key="com.atlassian.jira.toolkit:attachments">
                        <customfieldname>Attachment count</customfieldname>
                        <customfieldvalues>
                            <customfieldvalue>0.0</customfieldvalue>
                        </customfieldvalues>
                    </customfield>
                                                                                                                                                                                                                                                                                                                                                                                                                                                                                                                                <customfield id="customfield_12310220" key="com.atlassian.jira.ext.charting:firstresponsedate">
                        <customfieldname>Date of First Response</customfieldname>
                        <customfieldvalues>
                            <customfieldvalue>Fri, 8 May 2015 22:26:16 +0000</customfieldvalue>

                        </customfieldvalues>
                    </customfield>
                                                                                                                                                                                                                                                                                                                                                                                                                                            <customfield id="customfield_12310420" key="com.pyxis.greenhopper.jira:gh-global-rank">
                        <customfieldname>Global Rank</customfieldname>
                        <customfieldvalues>
                            <customfieldvalue>9223372036854775807</customfieldvalue>
                        </customfieldvalues>
                    </customfield>
                                                                                                                                                    <customfield id="customfield_12312521" key="com.atlassian.jira.toolkit:LastCommentDate">
                        <customfieldname>Last public comment date</customfieldname>
                        <customfieldvalues>
                            1 year, 30 weeks, 1 day ago
                        </customfieldvalues>
                    </customfield>
                                                                                            <customfield id="customfield_12311820" key="com.pyxis.greenhopper.jira:gh-lexo-rank">
                        <customfieldname>Rank</customfieldname>
                        <customfieldvalues>
                            <customfieldvalue>0|i27ppj:</customfieldvalue>

                        </customfieldvalues>
                    </customfield>
                                                                <customfield id="customfield_12310920" key="com.pyxis.greenhopper.jira:gh-global-rank">
                        <customfieldname>Rank (Obsolete)</customfieldname>
                        <customfieldvalues>
                            <customfieldvalue>9223372036854775807</customfieldvalue>
                        </customfieldvalues>
                    </customfield>
                                                                                                                                                                                                                                                                                                                                                                                                                </customfields>
    </item>
</channel>
</rss>