<!-- 
RSS generated by JIRA (6.3.4#6332-sha1:51bc225ef474afe3128b2f66878477f322397b16) at Fri Dec 02 23:59:36 UTC 2016

It is possible to restrict the fields that are returned in this document by specifying the 'field' parameter in your request.
For example, to request only the issue key and summary add field=key&field=summary to the URL of your request.
For example:
https://issues.apache.org/jira/si/jira.issueviews:issue-xml/HIVE-111/HIVE-111.xml?field=key&amp;field=summary
-->
<rss version="0.92" >
<channel>
    <title>ASF JIRA</title>
    <link>https://issues.apache.org/jira</link>
    <description>This file is an XML representation of an issue</description>
    <language>en-uk</language>    <build-info>
        <version>6.3.4</version>
        <build-number>6332</build-number>
        <build-date>15-08-2014</build-date>
    </build-info>

<item>
            <title>[HIVE-111] join without a ON clause dies</title>
                <link>https://issues.apache.org/jira/browse/HIVE-111</link>
                <project id="12310843" key="HIVE">Hive</project>
                    <description>&lt;p&gt;join without a ON clause dies&lt;/p&gt;

&lt;p&gt;For eg: the following query:&lt;/p&gt;

&lt;p&gt;select x.* from x JOIN y&lt;/p&gt;

&lt;p&gt;results in a null pointer exception.&lt;/p&gt;

&lt;p&gt;It should be treated as a cartesian product&lt;/p&gt;</description>
                <environment></environment>
        <key id="12409849">HIVE-111</key>
            <summary>join without a ON clause dies</summary>
                <type id="1" iconUrl="https://issues.apache.org/jira/images/icons/issuetypes/bug.png">Bug</type>
                                            <priority id="3" iconUrl="https://issues.apache.org/jira/images/icons/priorities/major.png">Major</priority>
                        <status id="6" iconUrl="https://issues.apache.org/jira/images/icons/statuses/closed.png" description="The issue is considered finished, the resolution is correct. Issues which are closed can be reopened.">Closed</status>
                    <statusCategory id="3" key="done" colorName="green"/>
                                    <resolution id="1">Fixed</resolution>
                                        <assignee username="namit">Namit Jain</assignee>
                                    <reporter username="namit">Namit Jain</reporter>
                        <labels>
                    </labels>
                <created>Wed, 3 Dec 2008 22:32:47 +0000</created>
                <updated>Sat, 17 Dec 2011 00:08:55 +0000</updated>
                            <resolved>Sat, 6 Dec 2008 23:19:01 +0000</resolved>
                                                    <fixVersion>0.3.0</fixVersion>
                                    <component>Query Processor</component>
                        <due></due>
                            <votes>0</votes>
                                    <watches>0</watches>
                                                                <comments>
                            <comment id="12653073" author="namit" created="Thu, 4 Dec 2008 00:06:59 +0000"  >&lt;p&gt;    &lt;span class=&quot;error&quot;&gt;&amp;#91;junit&amp;#93;&lt;/span&gt; Running org.apache.hadoop.hive.metastore.TestTablePath&lt;br/&gt;
    &lt;span class=&quot;error&quot;&gt;&amp;#91;junit&amp;#93;&lt;/span&gt; Tests run: 1, Failures: 0, Errors: 0, Time elapsed: 0.039 sec&lt;br/&gt;
    &lt;span class=&quot;error&quot;&gt;&amp;#91;junit&amp;#93;&lt;/span&gt; Running org.apache.hadoop.hive.serde2.TestTCTLSeparatedProtocol&lt;br/&gt;
    &lt;span class=&quot;error&quot;&gt;&amp;#91;junit&amp;#93;&lt;/span&gt; Tests run: 5, Failures: 0, Errors: 0, Time elapsed: 0.188 sec&lt;br/&gt;
    &lt;span class=&quot;error&quot;&gt;&amp;#91;junit&amp;#93;&lt;/span&gt; Running org.apache.hadoop.hive.serde2.objectinspector.TestThriftObjectInspectors&lt;br/&gt;
    &lt;span class=&quot;error&quot;&gt;&amp;#91;junit&amp;#93;&lt;/span&gt; Tests run: 1, Failures: 0, Errors: 0, Time elapsed: 0.194 sec&lt;br/&gt;
    &lt;span class=&quot;error&quot;&gt;&amp;#91;junit&amp;#93;&lt;/span&gt; Running org.apache.hadoop.hive.serde.TestThriftSerDe&lt;br/&gt;
    &lt;span class=&quot;error&quot;&gt;&amp;#91;junit&amp;#93;&lt;/span&gt; Tests run: 4, Failures: 0, Errors: 0, Time elapsed: 0.023 sec&lt;br/&gt;
    &lt;span class=&quot;error&quot;&gt;&amp;#91;junit&amp;#93;&lt;/span&gt; Running org.apache.hadoop.hive.metastore.TestTruncate&lt;br/&gt;
    &lt;span class=&quot;error&quot;&gt;&amp;#91;junit&amp;#93;&lt;/span&gt; Tests run: 1, Failures: 0, Errors: 0, Time elapsed: 0.075 sec&lt;br/&gt;
    &lt;span class=&quot;error&quot;&gt;&amp;#91;junit&amp;#93;&lt;/span&gt; Running org.apache.hadoop.hive.serde2.objectinspector.TestUnionStructObjectInspecto\&lt;br/&gt;
r&lt;br/&gt;
    &lt;span class=&quot;error&quot;&gt;&amp;#91;junit&amp;#93;&lt;/span&gt; Tests run: 1, Failures: 0, Errors: 0, Time elapsed: 0.176 sec&lt;br/&gt;
Logs at /tmp/hivetest_6380&lt;br/&gt;
All tests passed!&lt;/p&gt;</comment>
                            <comment id="12653458" author="rsm" created="Thu, 4 Dec 2008 20:24:10 +0000"  >&lt;p&gt;you should also get rid of the assert at line 2349:     assert joinCond != null;&lt;/p&gt;

&lt;p&gt;In general looks like asserts are not being enabled. we have tons of asserts all over the code - but they may not be firing.&lt;/p&gt;</comment>
                            <comment id="12653542" author="namit" created="Thu, 4 Dec 2008 23:17:00 +0000"  >&lt;p&gt;removed the assert - will enable asserts in a separate patch&lt;/p&gt;</comment>
                            <comment id="12653604" author="rsm" created="Fri, 5 Dec 2008 03:11:01 +0000"  >&lt;p&gt;+1&lt;/p&gt;

&lt;p&gt;looks good.&lt;/p&gt;</comment>
                            <comment id="12653917" author="namit" created="Fri, 5 Dec 2008 20:10:02 +0000"  >&lt;p&gt;did a svn up and generated the patch again after resolving conflicts&lt;br/&gt;
Zheng, can you commit now ?&lt;/p&gt;</comment>
                            <comment id="12653943" author="zshao" created="Fri, 5 Dec 2008 22:13:07 +0000"  >&lt;p&gt;Just found that the output file is 6M? Can we make the test case output a bit smaller?&lt;br/&gt;
Otherwise the source tree will be growing too much unnecessarily.&lt;/p&gt;</comment>
                            <comment id="12653952" author="namit" created="Fri, 5 Dec 2008 22:42:00 +0000"  >&lt;p&gt;reduced the test and generated the patch again&lt;/p&gt;</comment>
                            <comment id="12654157" author="zshao" created="Sat, 6 Dec 2008 23:18:44 +0000"  >&lt;p&gt;Committed revision 724047.&lt;br/&gt;
Thanks Namit. Please update the internal svn with the reduced test case output.&lt;/p&gt;</comment>
                            <comment id="12654158" author="zshao" created="Sat, 6 Dec 2008 23:19:01 +0000"  >&lt;p&gt;&lt;a href=&quot;https://issues.apache.org/jira/browse/HIVE-111&quot; title=&quot;join without a ON clause dies&quot; class=&quot;issue-link&quot; data-issue-key=&quot;HIVE-111&quot;&gt;&lt;del&gt;HIVE-111&lt;/del&gt;&lt;/a&gt;. Support join without a ON clause. (Namit through zshao)&lt;/p&gt;</comment>
                    </comments>
                    <attachments>
                            <attachment id="12395237" name="patch.txt" size="6314972" author="namit" created="Thu, 4 Dec 2008 00:06:11 +0000"/>
                            <attachment id="12395348" name="patch1.txt" size="6315272" author="namit" created="Thu, 4 Dec 2008 23:16:01 +0000"/>
                            <attachment id="12395446" name="patch3.txt" size="6315306" author="namit" created="Fri, 5 Dec 2008 20:08:42 +0000"/>
                            <attachment id="12395453" name="patch4.txt" size="6355" author="namit" created="Fri, 5 Dec 2008 22:41:12 +0000"/>
                    </attachments>
                <subtasks>
                    </subtasks>
                <customfields>
                                                <customfield id="customfield_12310310" key="com.atlassian.jira.toolkit:attachments">
                        <customfieldname>Attachment count</customfieldname>
                        <customfieldvalues>
                            <customfieldvalue>4.0</customfieldvalue>
                        </customfieldvalues>
                    </customfield>
                                                                                                                                                                                                                                                                                                                                                                                                                                                                                                                                <customfield id="customfield_12310220" key="com.atlassian.jira.ext.charting:firstresponsedate">
                        <customfieldname>Date of First Response</customfieldname>
                        <customfieldvalues>
                            <customfieldvalue>Thu, 4 Dec 2008 20:24:10 +0000</customfieldvalue>

                        </customfieldvalues>
                    </customfield>
                                                                                                                                                                                                                                                                                                                                                                                                                                            <customfield id="customfield_12310420" key="com.pyxis.greenhopper.jira:gh-global-rank">
                        <customfieldname>Global Rank</customfieldname>
                        <customfieldvalues>
                            <customfieldvalue>73775</customfieldvalue>
                        </customfieldvalues>
                    </customfield>
                                                                <customfield id="customfield_12310191" key="com.atlassian.jira.plugin.system.customfieldtypes:multicheckboxes">
                        <customfieldname>Hadoop Flags</customfieldname>
                        <customfieldvalues>
                                <customfieldvalue key="10343"><![CDATA[Reviewed]]></customfieldvalue>
    
                        </customfieldvalues>
                    </customfield>
                                                                                                                        <customfield id="customfield_12312521" key="com.atlassian.jira.toolkit:LastCommentDate">
                        <customfieldname>Last public comment date</customfieldname>
                        <customfieldvalues>
                            8 years, 6 days ago
                        </customfieldvalues>
                    </customfield>
                                                                                            <customfield id="customfield_12311820" key="com.pyxis.greenhopper.jira:gh-lexo-rank">
                        <customfieldname>Rank</customfieldname>
                        <customfieldvalues>
                            <customfieldvalue>0|i0l7x3:</customfieldvalue>

                        </customfieldvalues>
                    </customfield>
                                                                <customfield id="customfield_12310920" key="com.pyxis.greenhopper.jira:gh-global-rank">
                        <customfieldname>Rank (Obsolete)</customfieldname>
                        <customfieldvalues>
                            <customfieldvalue>121933</customfieldvalue>
                        </customfieldvalues>
                    </customfield>
                                                                                                                                                                                                                                                                                                                            <customfield id="customfield_12310222" key="com.atlassian.jira.ext.charting:timeinstatus">
                        <customfieldname>Time in Status</customfieldname>
                        <customfieldvalues>
                            
                        </customfieldvalues>
                    </customfield>
                                                                                                                        </customfields>
    </item>
</channel>
</rss>