<!-- 
RSS generated by JIRA (6.3.4#6332-sha1:51bc225ef474afe3128b2f66878477f322397b16) at Fri Dec 02 04:50:32 UTC 2016

It is possible to restrict the fields that are returned in this document by specifying the 'field' parameter in your request.
For example, to request only the issue key and summary add field=key&field=summary to the URL of your request.
For example:
https://issues.apache.org/jira/si/jira.issueviews:issue-xml/HIVE-12282/HIVE-12282.xml?field=key&amp;field=summary
-->
<rss version="0.92" >
<channel>
    <title>ASF JIRA</title>
    <link>https://issues.apache.org/jira</link>
    <description>This file is an XML representation of an issue</description>
    <language>en-uk</language>    <build-info>
        <version>6.3.4</version>
        <build-number>6332</build-number>
        <build-date>15-08-2014</build-date>
    </build-info>

<item>
            <title>[HIVE-12282] beeline - update command printing in verbose mode</title>
                <link>https://issues.apache.org/jira/browse/HIVE-12282</link>
                <project id="12310843" key="HIVE">Hive</project>
                    <description>&lt;p&gt;In verbose mode, beeline prints the password used in commandline to STDERR. &lt;br/&gt;
This is not a good security practice. &lt;/p&gt;

&lt;p&gt;Issue is in BeeLine.java code -&lt;/p&gt;
&lt;div class=&quot;code panel&quot; style=&quot;border-width: 1px;&quot;&gt;&lt;div class=&quot;codeContent panelContent&quot;&gt;
&lt;pre class=&quot;code-java&quot;&gt;
    &lt;span class=&quot;code-keyword&quot;&gt;if&lt;/span&gt; (url != &lt;span class=&quot;code-keyword&quot;&gt;null&lt;/span&gt;) {
      &lt;span class=&quot;code-object&quot;&gt;String&lt;/span&gt; com = &lt;span class=&quot;code-quote&quot;&gt;&quot;!connect &quot;&lt;/span&gt;
          + url + &lt;span class=&quot;code-quote&quot;&gt;&quot; &quot;&lt;/span&gt;
          + (user == &lt;span class=&quot;code-keyword&quot;&gt;null&lt;/span&gt; || user.length() == 0 ? &lt;span class=&quot;code-quote&quot;&gt;&quot;&apos;&apos;&quot;&lt;/span&gt; : user) + &lt;span class=&quot;code-quote&quot;&gt;&quot; &quot;&lt;/span&gt;
          + (pass == &lt;span class=&quot;code-keyword&quot;&gt;null&lt;/span&gt; || pass.length() == 0 ? &lt;span class=&quot;code-quote&quot;&gt;&quot;&apos;&apos;&quot;&lt;/span&gt; : pass) + &lt;span class=&quot;code-quote&quot;&gt;&quot; &quot;&lt;/span&gt;
          + (driver == &lt;span class=&quot;code-keyword&quot;&gt;null&lt;/span&gt; ? &quot;&quot; : driver);
      debug(&lt;span class=&quot;code-quote&quot;&gt;&quot;issuing: &quot;&lt;/span&gt; + com);
      dispatch(com);
    }

&lt;/pre&gt;
&lt;/div&gt;&lt;/div&gt;</description>
                <environment></environment>
        <key id="12908417">HIVE-12282</key>
            <summary>beeline - update command printing in verbose mode</summary>
                <type id="1" iconUrl="https://issues.apache.org/jira/images/icons/issuetypes/bug.png">Bug</type>
                                            <priority id="3" iconUrl="https://issues.apache.org/jira/images/icons/priorities/major.png">Major</priority>
                        <status id="6" iconUrl="https://issues.apache.org/jira/images/icons/statuses/closed.png" description="The issue is considered finished, the resolution is correct. Issues which are closed can be reopened.">Closed</status>
                    <statusCategory id="3" key="done" colorName="green"/>
                                    <resolution id="1">Fixed</resolution>
                                        <assignee username="daijy">Daniel Dai</assignee>
                                    <reporter username="daijy">Daniel Dai</reporter>
                        <labels>
                    </labels>
                <created>Wed, 28 Oct 2015 01:05:05 +0000</created>
                <updated>Tue, 16 Feb 2016 23:52:15 +0000</updated>
                            <resolved>Thu, 29 Oct 2015 04:26:12 +0000</resolved>
                                                    <fixVersion>2.0.0</fixVersion>
                                    <component>Beeline</component>
                        <due></due>
                            <votes>0</votes>
                                    <watches>3</watches>
                                                                <comments>
                            <comment id="14977773" author="thejas" created="Wed, 28 Oct 2015 05:35:51 +0000"  >&lt;p&gt;Looks great, thanks for adding the test. However, I think &quot;stripped&quot; (instead of &quot;striped&quot;) is the right word here . cc &lt;a href=&quot;https://issues.apache.org/jira/secure/ViewProfile.jspa?name=leftylev&quot; class=&quot;user-hover&quot; rel=&quot;leftylev&quot;&gt;Lefty Leverenz&lt;/a&gt;&lt;br/&gt;
While you are at it, how about using a package private &apos;final string&apos; for the &quot;&lt;span class=&quot;error&quot;&gt;&amp;#91;passwd striped&amp;#93;&lt;/span&gt;&quot; string so that it can be referenced from the test case. (Just so that a change in string does not break the test).&lt;/p&gt;</comment>
                            <comment id="14977840" author="lefty@hortonworks.com" created="Wed, 28 Oct 2015 06:26:40 +0000"  >&lt;p&gt;Quite right, &lt;a href=&quot;https://issues.apache.org/jira/secure/ViewProfile.jspa?name=thejas&quot; class=&quot;user-hover&quot; rel=&quot;thejas&quot;&gt;Thejas M Nair&lt;/a&gt;, two instances of &quot;passwd striped&quot; should be &quot;passwd stripped&quot; &amp;#8211; if you ever get tired of coding, there&apos;s a bright future for you in tech writing.  (wink)&lt;/p&gt;</comment>
                            <comment id="14978864" author="daijy" created="Wed, 28 Oct 2015 17:41:50 +0000"  >&lt;p&gt;Thanks for capturing the typo. Updated.&lt;/p&gt;</comment>
                            <comment id="14978869" author="thejas" created="Wed, 28 Oct 2015 17:45:11 +0000"  >&lt;p&gt;+1&lt;/p&gt;</comment>
                            <comment id="14979674" author="hiveqa" created="Thu, 29 Oct 2015 02:25:23 +0000"  >

&lt;p&gt;Here are the results of testing the latest attachment:&lt;br/&gt;
&lt;a href=&quot;https://issues.apache.org/jira/secure/attachment/12769338/HIVE-12282.2.patch&quot; class=&quot;external-link&quot; rel=&quot;nofollow&quot;&gt;https://issues.apache.org/jira/secure/attachment/12769338/HIVE-12282.2.patch&lt;/a&gt;&lt;/p&gt;

&lt;p&gt;&lt;font color=&quot;green&quot;&gt;SUCCESS:&lt;/font&gt; +1 due to 1 test(s) being added or modified.&lt;/p&gt;

&lt;p&gt;&lt;font color=&quot;red&quot;&gt;ERROR:&lt;/font&gt; -1 due to 4 failed/errored test(s), 9716 tests executed&lt;br/&gt;
&lt;b&gt;Failed tests:&lt;/b&gt;&lt;/p&gt;
&lt;div class=&quot;preformatted panel&quot; style=&quot;border-width: 1px;&quot;&gt;&lt;div class=&quot;preformattedContent panelContent&quot;&gt;
&lt;pre&gt;TestHS2AuthzSessionContext - did not produce a TEST-*.xml file
TestMiniTezCliDriver-vectorization_16.q-mapjoin_mapjoin.q-groupby2.q-and-12-more - did not produce a TEST-*.xml file
org.apache.hadoop.hive.hwi.TestHWISessionManager.testHiveDriver
org.apache.hive.jdbc.TestSSL.testSSLVersion
&lt;/pre&gt;
&lt;/div&gt;&lt;/div&gt;

&lt;p&gt;Test results: &lt;a href=&quot;http://ec2-174-129-184-35.compute-1.amazonaws.com/jenkins/job/PreCommit-HIVE-TRUNK-Build/5836/testReport&quot; class=&quot;external-link&quot; rel=&quot;nofollow&quot;&gt;http://ec2-174-129-184-35.compute-1.amazonaws.com/jenkins/job/PreCommit-HIVE-TRUNK-Build/5836/testReport&lt;/a&gt;&lt;br/&gt;
Console output: &lt;a href=&quot;http://ec2-174-129-184-35.compute-1.amazonaws.com/jenkins/job/PreCommit-HIVE-TRUNK-Build/5836/console&quot; class=&quot;external-link&quot; rel=&quot;nofollow&quot;&gt;http://ec2-174-129-184-35.compute-1.amazonaws.com/jenkins/job/PreCommit-HIVE-TRUNK-Build/5836/console&lt;/a&gt;&lt;br/&gt;
Test logs: &lt;a href=&quot;http://ec2-174-129-184-35.compute-1.amazonaws.com/logs/PreCommit-HIVE-TRUNK-Build-5836/&quot; class=&quot;external-link&quot; rel=&quot;nofollow&quot;&gt;http://ec2-174-129-184-35.compute-1.amazonaws.com/logs/PreCommit-HIVE-TRUNK-Build-5836/&lt;/a&gt;&lt;/p&gt;

&lt;p&gt;Messages:&lt;/p&gt;
&lt;div class=&quot;preformatted panel&quot; style=&quot;border-width: 1px;&quot;&gt;&lt;div class=&quot;preformattedContent panelContent&quot;&gt;
&lt;pre&gt;Executing org.apache.hive.ptest.execution.TestCheckPhase
Executing org.apache.hive.ptest.execution.PrepPhase
Executing org.apache.hive.ptest.execution.ExecutionPhase
Executing org.apache.hive.ptest.execution.ReportingPhase
Tests exited with: TestsFailedException: 4 tests failed
&lt;/pre&gt;
&lt;/div&gt;&lt;/div&gt;

&lt;p&gt;This message is automatically generated.&lt;/p&gt;

&lt;p&gt;ATTACHMENT ID: 12769338 - PreCommit-HIVE-TRUNK-Build&lt;/p&gt;</comment>
                            <comment id="14979675" author="lefty@hortonworks.com" created="Thu, 29 Oct 2015 02:26:21 +0000"  >&lt;p&gt;+1 for the typo fix&lt;/p&gt;</comment>
                            <comment id="14979778" author="daijy" created="Thu, 29 Oct 2015 04:26:12 +0000"  >&lt;p&gt;Patch committed to master. Thanks Thejas, Lefty!&lt;/p&gt;</comment>
                    </comments>
                    <attachments>
                            <attachment id="12769174" name="HIVE-12282.1.patch" size="2921" author="daijy" created="Wed, 28 Oct 2015 01:13:46 +0000"/>
                            <attachment id="12769338" name="HIVE-12282.2.patch" size="3240" author="daijy" created="Wed, 28 Oct 2015 17:41:50 +0000"/>
                    </attachments>
                <subtasks>
                    </subtasks>
                <customfields>
                                                <customfield id="customfield_12310310" key="com.atlassian.jira.toolkit:attachments">
                        <customfieldname>Attachment count</customfieldname>
                        <customfieldvalues>
                            <customfieldvalue>2.0</customfieldvalue>
                        </customfieldvalues>
                    </customfield>
                                                                                                                                                                                                                                                                                                                                                                                                                                                                                                                                <customfield id="customfield_12310220" key="com.atlassian.jira.ext.charting:firstresponsedate">
                        <customfieldname>Date of First Response</customfieldname>
                        <customfieldvalues>
                            <customfieldvalue>Wed, 28 Oct 2015 05:35:51 +0000</customfieldvalue>

                        </customfieldvalues>
                    </customfield>
                                                                                                                                                                                                                                                                                                                                                                                                                                            <customfield id="customfield_12310420" key="com.pyxis.greenhopper.jira:gh-global-rank">
                        <customfieldname>Global Rank</customfieldname>
                        <customfieldvalues>
                            <customfieldvalue>9223372036854775807</customfieldvalue>
                        </customfieldvalues>
                    </customfield>
                                                                <customfield id="customfield_12310191" key="com.atlassian.jira.plugin.system.customfieldtypes:multicheckboxes">
                        <customfieldname>Hadoop Flags</customfieldname>
                        <customfieldvalues>
                                <customfieldvalue key="10343"><![CDATA[Reviewed]]></customfieldvalue>
    
                        </customfieldvalues>
                    </customfield>
                                                                                                                        <customfield id="customfield_12312521" key="com.atlassian.jira.toolkit:LastCommentDate">
                        <customfieldname>Last public comment date</customfieldname>
                        <customfieldvalues>
                            1 year, 5 weeks, 1 day ago
                        </customfieldvalues>
                    </customfield>
                                                                                            <customfield id="customfield_12311820" key="com.pyxis.greenhopper.jira:gh-lexo-rank">
                        <customfieldname>Rank</customfieldname>
                        <customfieldvalues>
                            <customfieldvalue>0|i2nlvr:</customfieldvalue>

                        </customfieldvalues>
                    </customfield>
                                                                <customfield id="customfield_12310920" key="com.pyxis.greenhopper.jira:gh-global-rank">
                        <customfieldname>Rank (Obsolete)</customfieldname>
                        <customfieldvalues>
                            <customfieldvalue>9223372036854775807</customfieldvalue>
                        </customfieldvalues>
                    </customfield>
                                                                                                                                                                                                                                                                                                                            <customfield id="customfield_12310222" key="com.atlassian.jira.ext.charting:timeinstatus">
                        <customfieldname>Time in Status</customfieldname>
                        <customfieldvalues>
                            
                        </customfieldvalues>
                    </customfield>
                                                                                                                        </customfields>
    </item>
</channel>
</rss>