<!-- 
RSS generated by JIRA (6.3.4#6332-sha1:51bc225ef474afe3128b2f66878477f322397b16) at Fri Dec 02 11:43:06 UTC 2016

It is possible to restrict the fields that are returned in this document by specifying the 'field' parameter in your request.
For example, to request only the issue key and summary add field=key&field=summary to the URL of your request.
For example:
https://issues.apache.org/jira/si/jira.issueviews:issue-xml/HIVE-12675/HIVE-12675.xml?field=key&amp;field=summary
-->
<rss version="0.92" >
<channel>
    <title>ASF JIRA</title>
    <link>https://issues.apache.org/jira</link>
    <description>This file is an XML representation of an issue</description>
    <language>en-uk</language>    <build-info>
        <version>6.3.4</version>
        <build-number>6332</build-number>
        <build-date>15-08-2014</build-date>
    </build-info>

<item>
            <title>[HIVE-12675] PerfLogger should log performance metrics at debug level</title>
                <link>https://issues.apache.org/jira/browse/HIVE-12675</link>
                <project id="12310843" key="HIVE">Hive</project>
                    <description>&lt;p&gt;As more and more subcomponents of Hive (Tez, Optimizer) etc are using PerfLogger to track the performance metrics, it will be more meaningful to set the PerfLogger logging level to DEBUG. Otherwise, we will print the performance metrics unnecessarily for each and every query if the underlying subcomponent does not control the PerfLogging via a parameter on its own.&lt;/p&gt;</description>
                <environment></environment>
        <key id="12921848">HIVE-12675</key>
            <summary>PerfLogger should log performance metrics at debug level</summary>
                <type id="1" iconUrl="https://issues.apache.org/jira/images/icons/issuetypes/bug.png">Bug</type>
                                            <priority id="3" iconUrl="https://issues.apache.org/jira/images/icons/priorities/major.png">Major</priority>
                        <status id="6" iconUrl="https://issues.apache.org/jira/images/icons/statuses/closed.png" description="The issue is considered finished, the resolution is correct. Issues which are closed can be reopened.">Closed</status>
                    <statusCategory id="3" key="done" colorName="green"/>
                                    <resolution id="1">Fixed</resolution>
                                        <assignee username="hsubramaniyan">Hari Sankar Sivarama Subramaniyan</assignee>
                                    <reporter username="hsubramaniyan">Hari Sankar Sivarama Subramaniyan</reporter>
                        <labels>
                    </labels>
                <created>Tue, 15 Dec 2015 01:56:16 +0000</created>
                <updated>Thu, 2 Jun 2016 10:17:25 +0000</updated>
                            <resolved>Thu, 17 Dec 2015 22:20:43 +0000</resolved>
                                                    <fixVersion>2.0.0</fixVersion>
                                        <due></due>
                            <votes>0</votes>
                                    <watches>4</watches>
                                                                <comments>
                            <comment id="15057206" author="hsubramaniyan" created="Tue, 15 Dec 2015 02:23:40 +0000"  >&lt;p&gt;cc-ing &lt;a href=&quot;https://issues.apache.org/jira/secure/ViewProfile.jspa?name=jpullokkaran&quot; class=&quot;user-hover&quot; rel=&quot;jpullokkaran&quot;&gt;Laljo John Pullokkaran&lt;/a&gt; and &lt;a href=&quot;https://issues.apache.org/jira/secure/ViewProfile.jspa?name=ashutoshc&quot; class=&quot;user-hover&quot; rel=&quot;ashutoshc&quot;&gt;Ashutosh Chauhan&lt;/a&gt; for review.&lt;/p&gt;</comment>
                            <comment id="15057213" author="sershe" created="Tue, 15 Dec 2015 02:31:19 +0000"  >&lt;p&gt;I don&apos;t know if this is a good idea. With DEBUG level, the amount of other logging will increase logging dramatically, which affects perf a lot with log4j.  Many people run clusters and WARN level because even INFO may be too much for perf.&lt;br/&gt;
Without crafting a special logging configuration, it would only be possible to see perflogger output when it&apos;s obscured by perf loss from DEBUG logging..&lt;/p&gt;</comment>
                            <comment id="15058825" author="hsubramaniyan" created="Tue, 15 Dec 2015 21:11:28 +0000"  >&lt;p&gt;&lt;a href=&quot;https://issues.apache.org/jira/secure/ViewProfile.jspa?name=sershe&quot; class=&quot;user-hover&quot; rel=&quot;sershe&quot;&gt;Sergey Shelukhin&lt;/a&gt; It would be possible to do the following from the user side if he/she needs the performance metrics :&lt;/p&gt;
&lt;div class=&quot;code panel&quot; style=&quot;border-width: 1px;&quot;&gt;&lt;div class=&quot;codeContent panelContent&quot;&gt;
&lt;pre class=&quot;code-java&quot;&gt;
log4j.logger.org.apache.hadoop.hive.ql.log.PerfLogger=DEBUG
&lt;/pre&gt;
&lt;/div&gt;&lt;/div&gt;

&lt;p&gt;This way you can make sure that we get DEBUG level logs only for PerfLogger and INFO level logs for others (assuming that hive.root.logger=INFO). I will update the documentation in &lt;a href=&quot;https://cwiki.apache.org/confluence/display/Hive/Configuration+Properties&quot; class=&quot;external-link&quot; rel=&quot;nofollow&quot;&gt;https://cwiki.apache.org/confluence/display/Hive/Configuration+Properties&lt;/a&gt; and &lt;a href=&quot;https://cwiki.apache.org/confluence/display/Hive/GettingStarted#GettingStarted-HiveLogging&quot; class=&quot;external-link&quot; rel=&quot;nofollow&quot;&gt;https://cwiki.apache.org/confluence/display/Hive/GettingStarted#GettingStarted-HiveLogging&lt;/a&gt; so that the user is aware of this. &lt;/p&gt;

&lt;p&gt;Thanks&lt;br/&gt;
Hari&lt;/p&gt;</comment>
                            <comment id="15059400" author="hiveqa" created="Wed, 16 Dec 2015 02:55:43 +0000"  >

&lt;p&gt;Here are the results of testing the latest attachment:&lt;br/&gt;
&lt;a href=&quot;https://issues.apache.org/jira/secure/attachment/12777650/HIVE-12675.1.patch&quot; class=&quot;external-link&quot; rel=&quot;nofollow&quot;&gt;https://issues.apache.org/jira/secure/attachment/12777650/HIVE-12675.1.patch&lt;/a&gt;&lt;/p&gt;

&lt;p&gt;&lt;font color=&quot;red&quot;&gt;ERROR:&lt;/font&gt; -1 due to no test(s) being added or modified.&lt;/p&gt;

&lt;p&gt;&lt;font color=&quot;red&quot;&gt;ERROR:&lt;/font&gt; -1 due to 17 failed/errored test(s), 9948 tests executed&lt;br/&gt;
&lt;b&gt;Failed tests:&lt;/b&gt;&lt;/p&gt;
&lt;div class=&quot;preformatted panel&quot; style=&quot;border-width: 1px;&quot;&gt;&lt;div class=&quot;preformattedContent panelContent&quot;&gt;
&lt;pre&gt;TestHWISessionManager - did not produce a TEST-*.xml file
TestSparkCliDriver-timestamp_lazy.q-bucketsortoptimize_insert_4.q-date_udf.q-and-12-more - did not produce a TEST-*.xml file
org.apache.hadoop.hive.cli.TestCliDriver.testCliDriver_order2
org.apache.hadoop.hive.cli.TestCliDriver.testCliDriver_union9
org.apache.hadoop.hive.cli.TestEncryptedHDFSCliDriver.testCliDriver_encryption_insert_partition_dynamic
org.apache.hadoop.hive.cli.TestNegativeCliDriver.testNegativeCliDriver_authorization_uri_import
org.apache.hadoop.hive.ql.exec.spark.session.TestSparkSessionManagerImpl.testMultiSessionMultipleUse
org.apache.hadoop.hive.ql.exec.spark.session.TestSparkSessionManagerImpl.testSingleSessionMultipleUse
org.apache.hive.jdbc.TestSSL.testSSLVersion
org.apache.hive.spark.client.TestSparkClient.testAddJarsAndFiles
org.apache.hive.spark.client.TestSparkClient.testCounters
org.apache.hive.spark.client.TestSparkClient.testErrorJob
org.apache.hive.spark.client.TestSparkClient.testJobSubmission
org.apache.hive.spark.client.TestSparkClient.testMetricsCollection
org.apache.hive.spark.client.TestSparkClient.testRemoteClient
org.apache.hive.spark.client.TestSparkClient.testSimpleSparkJob
org.apache.hive.spark.client.TestSparkClient.testSyncRpc
&lt;/pre&gt;
&lt;/div&gt;&lt;/div&gt;

&lt;p&gt;Test results: &lt;a href=&quot;http://ec2-174-129-184-35.compute-1.amazonaws.com/jenkins/job/PreCommit-HIVE-TRUNK-Build/6361/testReport&quot; class=&quot;external-link&quot; rel=&quot;nofollow&quot;&gt;http://ec2-174-129-184-35.compute-1.amazonaws.com/jenkins/job/PreCommit-HIVE-TRUNK-Build/6361/testReport&lt;/a&gt;&lt;br/&gt;
Console output: &lt;a href=&quot;http://ec2-174-129-184-35.compute-1.amazonaws.com/jenkins/job/PreCommit-HIVE-TRUNK-Build/6361/console&quot; class=&quot;external-link&quot; rel=&quot;nofollow&quot;&gt;http://ec2-174-129-184-35.compute-1.amazonaws.com/jenkins/job/PreCommit-HIVE-TRUNK-Build/6361/console&lt;/a&gt;&lt;br/&gt;
Test logs: &lt;a href=&quot;http://ec2-174-129-184-35.compute-1.amazonaws.com/logs/PreCommit-HIVE-TRUNK-Build-6361/&quot; class=&quot;external-link&quot; rel=&quot;nofollow&quot;&gt;http://ec2-174-129-184-35.compute-1.amazonaws.com/logs/PreCommit-HIVE-TRUNK-Build-6361/&lt;/a&gt;&lt;/p&gt;

&lt;p&gt;Messages:&lt;/p&gt;
&lt;div class=&quot;preformatted panel&quot; style=&quot;border-width: 1px;&quot;&gt;&lt;div class=&quot;preformattedContent panelContent&quot;&gt;
&lt;pre&gt;Executing org.apache.hive.ptest.execution.TestCheckPhase
Executing org.apache.hive.ptest.execution.PrepPhase
Executing org.apache.hive.ptest.execution.ExecutionPhase
Executing org.apache.hive.ptest.execution.ReportingPhase
Tests exited with: TestsFailedException: 17 tests failed
&lt;/pre&gt;
&lt;/div&gt;&lt;/div&gt;

&lt;p&gt;This message is automatically generated.&lt;/p&gt;

&lt;p&gt;ATTACHMENT ID: 12777650 - PreCommit-HIVE-TRUNK-Build&lt;/p&gt;</comment>
                            <comment id="15060886" author="jpullokkaran" created="Wed, 16 Dec 2015 21:14:34 +0000"  >&lt;p&gt;+1 conditional on clean QA run &amp;amp; adding documentation on perf logger log level.&lt;/p&gt;</comment>
                            <comment id="15062694" author="hsubramaniyan" created="Thu, 17 Dec 2015 20:05:41 +0000"  >&lt;p&gt;The test results are clean and the failures are not related to the patch.&lt;/p&gt;</comment>
                            <comment id="15062960" author="hsubramaniyan" created="Thu, 17 Dec 2015 22:20:13 +0000"  >&lt;p&gt;&lt;a href=&quot;https://cwiki.apache.org/confluence/display/Hive/GettingStarted#GettingStarted-HiveLogging&quot; class=&quot;external-link&quot; rel=&quot;nofollow&quot;&gt;https://cwiki.apache.org/confluence/display/Hive/GettingStarted#GettingStarted-HiveLogging&lt;/a&gt; has the new documentation.&lt;/p&gt;</comment>
                            <comment id="15062961" author="hsubramaniyan" created="Thu, 17 Dec 2015 22:20:43 +0000"  >&lt;p&gt;Patch committed to master. Thanks to &lt;a href=&quot;https://issues.apache.org/jira/secure/ViewProfile.jspa?name=jpullokkaran&quot; class=&quot;user-hover&quot; rel=&quot;jpullokkaran&quot;&gt;Laljo John Pullokkaran&lt;/a&gt; for the review.&lt;/p&gt;</comment>
                    </comments>
                    <attachments>
                            <attachment id="12777650" name="HIVE-12675.1.patch" size="3013" author="hsubramaniyan" created="Tue, 15 Dec 2015 02:23:40 +0000"/>
                    </attachments>
                <subtasks>
                    </subtasks>
                <customfields>
                                                <customfield id="customfield_12310310" key="com.atlassian.jira.toolkit:attachments">
                        <customfieldname>Attachment count</customfieldname>
                        <customfieldvalues>
                            <customfieldvalue>1.0</customfieldvalue>
                        </customfieldvalues>
                    </customfield>
                                                                                                                                                                                                                                                                                                                                                                                                                                                                                                                                <customfield id="customfield_12310220" key="com.atlassian.jira.ext.charting:firstresponsedate">
                        <customfieldname>Date of First Response</customfieldname>
                        <customfieldvalues>
                            <customfieldvalue>Tue, 15 Dec 2015 02:31:19 +0000</customfieldvalue>

                        </customfieldvalues>
                    </customfield>
                                                                                                                                                                                                                                                                                                                                                                                                                                            <customfield id="customfield_12310420" key="com.pyxis.greenhopper.jira:gh-global-rank">
                        <customfieldname>Global Rank</customfieldname>
                        <customfieldvalues>
                            <customfieldvalue>9223372036854775807</customfieldvalue>
                        </customfieldvalues>
                    </customfield>
                                                                                                                                                    <customfield id="customfield_12312521" key="com.atlassian.jira.toolkit:LastCommentDate">
                        <customfieldname>Last public comment date</customfieldname>
                        <customfieldvalues>
                            50 weeks ago
                        </customfieldvalues>
                    </customfield>
                                                                                            <customfield id="customfield_12311820" key="com.pyxis.greenhopper.jira:gh-lexo-rank">
                        <customfieldname>Rank</customfieldname>
                        <customfieldvalues>
                            <customfieldvalue>0|i2pw0f:</customfieldvalue>

                        </customfieldvalues>
                    </customfield>
                                                                <customfield id="customfield_12310920" key="com.pyxis.greenhopper.jira:gh-global-rank">
                        <customfieldname>Rank (Obsolete)</customfieldname>
                        <customfieldvalues>
                            <customfieldvalue>9223372036854775807</customfieldvalue>
                        </customfieldvalues>
                    </customfield>
                                                                                                                                                                                                                                                                                                                            <customfield id="customfield_12310222" key="com.atlassian.jira.ext.charting:timeinstatus">
                        <customfieldname>Time in Status</customfieldname>
                        <customfieldvalues>
                            
                        </customfieldvalues>
                    </customfield>
                                                                                                                        </customfields>
    </item>
</channel>
</rss>