<!-- 
RSS generated by JIRA (6.3.4#6332-sha1:51bc225ef474afe3128b2f66878477f322397b16) at Fri Dec 02 23:38:52 UTC 2016

It is possible to restrict the fields that are returned in this document by specifying the 'field' parameter in your request.
For example, to request only the issue key and summary add field=key&field=summary to the URL of your request.
For example:
https://issues.apache.org/jira/si/jira.issueviews:issue-xml/HIVE-1031/HIVE-1031.xml?field=key&amp;field=summary
-->
<rss version="0.92" >
<channel>
    <title>ASF JIRA</title>
    <link>https://issues.apache.org/jira</link>
    <description>This file is an XML representation of an issue</description>
    <language>en-uk</language>    <build-info>
        <version>6.3.4</version>
        <build-number>6332</build-number>
        <build-date>15-08-2014</build-date>
    </build-info>

<item>
            <title>[HIVE-1031] &quot;DESCRIBE FUNCTION array&quot; throws ParseException</title>
                <link>https://issues.apache.org/jira/browse/HIVE-1031</link>
                <project id="12310843" key="HIVE">Hive</project>
                    <description>&lt;div class=&quot;preformatted panel&quot; style=&quot;border-width: 1px;&quot;&gt;&lt;div class=&quot;preformattedContent panelContent&quot;&gt;
&lt;pre&gt;hive&amp;gt; describe function array;
describe function array;
FAILED: Parse Error: line 1:18 cannot recognize input &apos;array&apos; in describe statement

hive&amp;gt; describe function &apos;array&apos;;
describe function &apos;array&apos;;
OK
array(n0, n1...) - Creates an array with the given elements 
Time taken: 0.396 seconds
hive&amp;gt; describe function map;
describe function map;
FAILED: Parse Error: line 1:18 cannot recognize input &apos;map&apos; in describe statement

hive&amp;gt; describe function &apos;map&apos;;
describe function &apos;map&apos;;
OK
map(key0, value0, key1, value1...) - Creates a map with the given key/value pairs 
Time taken: 0.054 seconds
hive&amp;gt; describe function case;
describe function case;
FAILED: Parse Error: line 1:18 cannot recognize input &apos;case&apos; in describe statement

hive&amp;gt; describe function &apos;case&apos;;
describe function &apos;case&apos;;
OK
There is no documentation for function case
Time taken: 0.072 seconds

&lt;/pre&gt;
&lt;/div&gt;&lt;/div&gt;</description>
                <environment></environment>
        <key id="12444845">HIVE-1031</key>
            <summary>&quot;DESCRIBE FUNCTION array&quot; throws ParseException</summary>
                <type id="1" iconUrl="https://issues.apache.org/jira/images/icons/issuetypes/bug.png">Bug</type>
                                            <priority id="3" iconUrl="https://issues.apache.org/jira/images/icons/priorities/major.png">Major</priority>
                        <status id="6" iconUrl="https://issues.apache.org/jira/images/icons/statuses/closed.png" description="The issue is considered finished, the resolution is correct. Issues which are closed can be reopened.">Closed</status>
                    <statusCategory id="3" key="done" colorName="green"/>
                                    <resolution id="1">Fixed</resolution>
                                        <assignee username="cwsteinbach">Carl Steinbach</assignee>
                                    <reporter username="cwsteinbach">Carl Steinbach</reporter>
                        <labels>
                    </labels>
                <created>Wed, 6 Jan 2010 22:09:46 +0000</created>
                <updated>Sat, 17 Dec 2011 00:06:13 +0000</updated>
                            <resolved>Thu, 7 Jan 2010 21:41:44 +0000</resolved>
                                                    <fixVersion>0.5.0</fixVersion>
                                    <component>Query Processor</component>
                        <due></due>
                            <votes>0</votes>
                                    <watches>1</watches>
                                                                <comments>
                            <comment id="12797353" author="namit" created="Wed, 6 Jan 2010 22:18:59 +0000"  >&lt;p&gt;Seems to be a problem with reserved words.&lt;/p&gt;</comment>
                            <comment id="12797448" author="cwsteinbach" created="Thu, 7 Jan 2010 02:08:23 +0000"  >&lt;ul&gt;
	&lt;li&gt;Updated the list of &quot;sysFuncNames&quot; in the Hive grammar file.&lt;/li&gt;
&lt;/ul&gt;


&lt;div class=&quot;preformatted panel&quot; style=&quot;border-width: 1px;&quot;&gt;&lt;div class=&quot;preformattedContent panelContent&quot;&gt;
&lt;pre&gt;hive&amp;gt; describe function array;
describe function array;
OK
array(n0, n1...) - Creates an array with the given elements 
Time taken: 0.051 seconds
hive&amp;gt; describe function map;
describe function map;
OK
map(key0, value0, key1, value1...) - Creates a map with the given key/value pairs 
Time taken: 0.069 seconds
&lt;/pre&gt;
&lt;/div&gt;&lt;/div&gt;</comment>
                            <comment id="12797469" author="namit" created="Thu, 7 Jan 2010 02:59:09 +0000"  >&lt;p&gt;can you add a test or change the existing test to remove quotes ?&lt;/p&gt;</comment>
                            <comment id="12797488" author="cwsteinbach" created="Thu, 7 Jan 2010 03:32:02 +0000"  >&lt;p&gt;@Namit: difficult, because there is overlap between this and &lt;a href=&quot;https://issues.apache.org/jira/browse/HIVE-996&quot; title=&quot;&amp;quot;describe function&amp;quot; throws NPE when when called on UDTF or UDAF&quot; class=&quot;issue-link&quot; data-issue-key=&quot;HIVE-996&quot;&gt;&lt;del&gt;HIVE-996&lt;/del&gt;&lt;/a&gt;. Would you like me to role this change into &lt;a href=&quot;https://issues.apache.org/jira/browse/HIVE-996&quot; title=&quot;&amp;quot;describe function&amp;quot; throws NPE when when called on UDTF or UDAF&quot; class=&quot;issue-link&quot; data-issue-key=&quot;HIVE-996&quot;&gt;&lt;del&gt;HIVE-996&lt;/del&gt;&lt;/a&gt;?&lt;/p&gt;</comment>
                            <comment id="12797489" author="cwsteinbach" created="Thu, 7 Jan 2010 03:32:53 +0000"  >&lt;p&gt;Sorry, didn&apos;t realize that &lt;a href=&quot;https://issues.apache.org/jira/browse/HIVE-996&quot; title=&quot;&amp;quot;describe function&amp;quot; throws NPE when when called on UDTF or UDAF&quot; class=&quot;issue-link&quot; data-issue-key=&quot;HIVE-996&quot;&gt;&lt;del&gt;HIVE-996&lt;/del&gt;&lt;/a&gt; got committed. I will update the testcase.&lt;/p&gt;</comment>
                            <comment id="12797589" author="cwsteinbach" created="Thu, 7 Jan 2010 11:01:23 +0000"  >&lt;ul&gt;
	&lt;li&gt;Removed quotes from udf_case.q, udf_if.q, etc.&lt;/li&gt;
	&lt;li&gt;Consistent naming for UDF testcases.
	&lt;ul&gt;
		&lt;li&gt;One udf_xxx.q file for each entry in the output of &quot;show functions&quot;&lt;/li&gt;
	&lt;/ul&gt;
	&lt;/li&gt;
&lt;/ul&gt;


&lt;ul&gt;
	&lt;li&gt;Fix for &lt;a href=&quot;https://issues.apache.org/jira/browse/HIVE-899&quot; title=&quot;Allow &amp;#39;A != B&amp;#39; as well as  &amp;#39;A &amp;lt;&amp;gt; B&amp;#39;&quot; class=&quot;issue-link&quot; data-issue-key=&quot;HIVE-899&quot;&gt;&lt;del&gt;HIVE-899&lt;/del&gt;&lt;/a&gt;: Allow &apos;A != B&apos; in place of &apos;A &amp;lt;&amp;gt; B&apos;
	&lt;ul&gt;
		&lt;li&gt;Added != testcase to udf_notequal.q&lt;/li&gt;
	&lt;/ul&gt;
	&lt;/li&gt;
&lt;/ul&gt;


&lt;ul&gt;
	&lt;li&gt;Fix for &lt;a href=&quot;https://issues.apache.org/jira/browse/HIVE-997&quot; title=&quot;&amp;quot;describe function x&amp;quot; should list synonyms of x&quot; class=&quot;issue-link&quot; data-issue-key=&quot;HIVE-997&quot;&gt;&lt;del&gt;HIVE-997&lt;/del&gt;&lt;/a&gt;: &quot;describe function x&quot; should list synonyms of x
&lt;div class=&quot;preformatted panel&quot; style=&quot;border-width: 1px;&quot;&gt;&lt;div class=&quot;preformattedContent panelContent&quot;&gt;
&lt;pre&gt;hive&amp;gt; DESCRIBE FUNCTION std;
DESCRIBE FUNCTION std;
OK
std(x) - Returns the standard deviation of a set of numbers
Time taken: 0.1 seconds
hive&amp;gt; DESCRIBE FUNCTION EXTENDED std;
DESCRIBE FUNCTION EXTENDED std;
OK
std(x) - Returns the standard deviation of a set of numbers
Synonyms: stddev_pop, stddev
Time taken: 0.055 seconds
hive&amp;gt; DESCRIBE FUNCTION lower;
DESCRIBE FUNCTION lower;
OK
lower(str) - Returns str with all characters changed to lowercase
Time taken: 0.231 seconds
hive&amp;gt; DESCRIBE FUNCTION EXTENDED lower;
DESCRIBE FUNCTION EXTENDED lower;
OK
lower(str) - Returns str with all characters changed to lowercase
Synonyms: lcase
Example:
  &amp;gt; SELECT lower(&apos;Facebook&apos;) FROM src LIMIT 1;
  &apos;facebook&apos;
Time taken: 0.505 seconds
hive&amp;gt; 
&lt;/pre&gt;
&lt;/div&gt;&lt;/div&gt;&lt;/li&gt;
&lt;/ul&gt;
</comment>
                            <comment id="12797718" author="namit" created="Thu, 7 Jan 2010 18:10:36 +0000"  >&lt;p&gt;+1&lt;/p&gt;

&lt;p&gt;looks good - will commit if the tests pass&lt;/p&gt;</comment>
                            <comment id="12797797" author="namit" created="Thu, 7 Jan 2010 21:41:44 +0000"  >&lt;p&gt;Committed. Thanks Carl&lt;/p&gt;</comment>
                    </comments>
                    <attachments>
                            <attachment id="12429638" name="HIVE-1031.2.patch" size="296701" author="cwsteinbach" created="Thu, 7 Jan 2010 10:51:50 +0000"/>
                            <attachment id="12429612" name="HIVE-1031.patch" size="867" author="cwsteinbach" created="Thu, 7 Jan 2010 02:06:50 +0000"/>
                    </attachments>
                <subtasks>
                    </subtasks>
                <customfields>
                                                <customfield id="customfield_12310310" key="com.atlassian.jira.toolkit:attachments">
                        <customfieldname>Attachment count</customfieldname>
                        <customfieldvalues>
                            <customfieldvalue>2.0</customfieldvalue>
                        </customfieldvalues>
                    </customfield>
                                                                                                                                                                                                                                                                                                                                                                                                                                                                                                                                <customfield id="customfield_12310220" key="com.atlassian.jira.ext.charting:firstresponsedate">
                        <customfieldname>Date of First Response</customfieldname>
                        <customfieldvalues>
                            <customfieldvalue>Wed, 6 Jan 2010 22:18:59 +0000</customfieldvalue>

                        </customfieldvalues>
                    </customfield>
                                                                                                                                                                                                                                                                                                                                                                                                                                            <customfield id="customfield_12310420" key="com.pyxis.greenhopper.jira:gh-global-rank">
                        <customfieldname>Global Rank</customfieldname>
                        <customfieldvalues>
                            <customfieldvalue>621</customfieldvalue>
                        </customfieldvalues>
                    </customfield>
                                                                <customfield id="customfield_12310191" key="com.atlassian.jira.plugin.system.customfieldtypes:multicheckboxes">
                        <customfieldname>Hadoop Flags</customfieldname>
                        <customfieldvalues>
                                <customfieldvalue key="10343"><![CDATA[Reviewed]]></customfieldvalue>
    
                        </customfieldvalues>
                    </customfield>
                                                                                                                        <customfield id="customfield_12312521" key="com.atlassian.jira.toolkit:LastCommentDate">
                        <customfieldname>Last public comment date</customfieldname>
                        <customfieldvalues>
                            6 years, 48 weeks, 1 day ago
                        </customfieldvalues>
                    </customfield>
                                                                                            <customfield id="customfield_12311820" key="com.pyxis.greenhopper.jira:gh-lexo-rank">
                        <customfieldname>Rank</customfieldname>
                        <customfieldvalues>
                            <customfieldvalue>0|i0ld1z:</customfieldvalue>

                        </customfieldvalues>
                    </customfield>
                                                                <customfield id="customfield_12310920" key="com.pyxis.greenhopper.jira:gh-global-rank">
                        <customfieldname>Rank (Obsolete)</customfieldname>
                        <customfieldvalues>
                            <customfieldvalue>122765</customfieldvalue>
                        </customfieldvalues>
                    </customfield>
                                                                                                                                                                                                                                        <customfield id="customfield_12310230" key="com.atlassian.jira.plugin.system.customfieldtypes:textfield">
                        <customfieldname>Tags</customfieldname>
                        <customfieldvalues>
                            <customfieldvalue>describe function array map case parser</customfieldvalue>

                        </customfieldvalues>
                    </customfield>
                                                                                                                        <customfield id="customfield_12310222" key="com.atlassian.jira.ext.charting:timeinstatus">
                        <customfieldname>Time in Status</customfieldname>
                        <customfieldvalues>
                            
                        </customfieldvalues>
                    </customfield>
                                                                                                                        </customfields>
    </item>
</channel>
</rss>