<!-- 
RSS generated by JIRA (6.3.4#6332-sha1:51bc225ef474afe3128b2f66878477f322397b16) at Fri Dec 02 12:04:01 UTC 2016

It is possible to restrict the fields that are returned in this document by specifying the 'field' parameter in your request.
For example, to request only the issue key and summary add field=key&field=summary to the URL of your request.
For example:
https://issues.apache.org/jira/si/jira.issueviews:issue-xml/HIVE-12633/HIVE-12633.xml?field=key&amp;field=summary
-->
<rss version="0.92" >
<channel>
    <title>ASF JIRA</title>
    <link>https://issues.apache.org/jira</link>
    <description>This file is an XML representation of an issue</description>
    <language>en-uk</language>    <build-info>
        <version>6.3.4</version>
        <build-number>6332</build-number>
        <build-date>15-08-2014</build-date>
    </build-info>

<item>
            <title>[HIVE-12633] LLAP: package included serde jars</title>
                <link>https://issues.apache.org/jira/browse/HIVE-12633</link>
                <project id="12310843" key="HIVE">Hive</project>
                    <description>&lt;p&gt;Some SerDes like JSONSerde are not packaged with LLAP. One cannot localize jars on the daemon (due to security consideration if nothing else), so we should package them.&lt;/p&gt;</description>
                <environment></environment>
        <key id="12920528">HIVE-12633</key>
            <summary>LLAP: package included serde jars</summary>
                <type id="1" iconUrl="https://issues.apache.org/jira/images/icons/issuetypes/bug.png">Bug</type>
                                            <priority id="3" iconUrl="https://issues.apache.org/jira/images/icons/priorities/major.png">Major</priority>
                        <status id="6" iconUrl="https://issues.apache.org/jira/images/icons/statuses/closed.png" description="The issue is considered finished, the resolution is correct. Issues which are closed can be reopened.">Closed</status>
                    <statusCategory id="3" key="done" colorName="green"/>
                                    <resolution id="1">Fixed</resolution>
                                        <assignee username="sershe">Sergey Shelukhin</assignee>
                                    <reporter username="taksaito">Takahiko Saito</reporter>
                        <labels>
                    </labels>
                <created>Wed, 9 Dec 2015 19:48:31 +0000</created>
                <updated>Thu, 2 Jun 2016 10:17:27 +0000</updated>
                            <resolved>Fri, 18 Dec 2015 23:37:36 +0000</resolved>
                                    <version>2.0.0</version>
                    <version>2.1.0</version>
                                    <fixVersion>2.0.0</fixVersion>
                                    <component>llap</component>
                        <due></due>
                            <votes>0</votes>
                                    <watches>2</watches>
                                                                <comments>
                            <comment id="15049377" author="sershe" created="Wed, 9 Dec 2015 21:00:17 +0000"  >&lt;p&gt;The patch. &lt;a href=&quot;https://issues.apache.org/jira/secure/ViewProfile.jspa?name=hagleitn&quot; class=&quot;user-hover&quot; rel=&quot;hagleitn&quot;&gt;Gunther Hagleitner&lt;/a&gt; &lt;a href=&quot;https://issues.apache.org/jira/secure/ViewProfile.jspa?name=gopalv&quot; class=&quot;user-hover&quot; rel=&quot;gopalv&quot;&gt;Gopal V&lt;/a&gt; can you take a look?&lt;/p&gt;</comment>
                            <comment id="15050981" author="hiveqa" created="Thu, 10 Dec 2015 13:52:01 +0000"  >

&lt;p&gt;Here are the results of testing the latest attachment:&lt;br/&gt;
&lt;a href=&quot;https://issues.apache.org/jira/secure/attachment/12776629/HIVE-12633.patch&quot; class=&quot;external-link&quot; rel=&quot;nofollow&quot;&gt;https://issues.apache.org/jira/secure/attachment/12776629/HIVE-12633.patch&lt;/a&gt;&lt;/p&gt;

&lt;p&gt;&lt;font color=&quot;red&quot;&gt;ERROR:&lt;/font&gt; -1 due to build exiting with an error&lt;/p&gt;

&lt;p&gt;Test results: &lt;a href=&quot;http://ec2-174-129-184-35.compute-1.amazonaws.com/jenkins/job/PreCommit-HIVE-TRUNK-Build/6303/testReport&quot; class=&quot;external-link&quot; rel=&quot;nofollow&quot;&gt;http://ec2-174-129-184-35.compute-1.amazonaws.com/jenkins/job/PreCommit-HIVE-TRUNK-Build/6303/testReport&lt;/a&gt;&lt;br/&gt;
Console output: &lt;a href=&quot;http://ec2-174-129-184-35.compute-1.amazonaws.com/jenkins/job/PreCommit-HIVE-TRUNK-Build/6303/console&quot; class=&quot;external-link&quot; rel=&quot;nofollow&quot;&gt;http://ec2-174-129-184-35.compute-1.amazonaws.com/jenkins/job/PreCommit-HIVE-TRUNK-Build/6303/console&lt;/a&gt;&lt;br/&gt;
Test logs: &lt;a href=&quot;http://ec2-174-129-184-35.compute-1.amazonaws.com/logs/PreCommit-HIVE-TRUNK-Build-6303/&quot; class=&quot;external-link&quot; rel=&quot;nofollow&quot;&gt;http://ec2-174-129-184-35.compute-1.amazonaws.com/logs/PreCommit-HIVE-TRUNK-Build-6303/&lt;/a&gt;&lt;/p&gt;

&lt;p&gt;Messages:&lt;/p&gt;
&lt;div class=&quot;preformatted panel&quot; style=&quot;border-width: 1px;&quot;&gt;&lt;div class=&quot;preformattedContent panelContent&quot;&gt;
&lt;pre&gt;**** This message was trimmed, see log for full details ****
[INFO] --- maven-install-plugin:2.4:install (default-install) @ hive-hplsql ---
[INFO] Installing /data/hive-ptest/working/apache-github-source-source/hplsql/target/hive-hplsql-2.1.0-SNAPSHOT.jar to /data/hive-ptest/working/maven/org/apache/hive/hive-hplsql/2.1.0-SNAPSHOT/hive-hplsql-2.1.0-SNAPSHOT.jar
[INFO] Installing /data/hive-ptest/working/apache-github-source-source/hplsql/pom.xml to /data/hive-ptest/working/maven/org/apache/hive/hive-hplsql/2.1.0-SNAPSHOT/hive-hplsql-2.1.0-SNAPSHOT.pom
[INFO]                                                                         
[INFO] ------------------------------------------------------------------------
[INFO] Building Hive HWI 2.1.0-SNAPSHOT
[INFO] ------------------------------------------------------------------------
[INFO] 
[INFO] --- maven-clean-plugin:2.5:clean (default-clean) @ hive-hwi ---
[INFO] Deleting /data/hive-ptest/working/apache-github-source-source/hwi/target
[INFO] Deleting /data/hive-ptest/working/apache-github-source-source/hwi (includes = [datanucleus.log, derby.log], excludes = [])
[INFO] 
[INFO] --- maven-enforcer-plugin:1.3.1:enforce (enforce-no-snapshots) @ hive-hwi ---
[INFO] 
[INFO] --- maven-remote-resources-plugin:1.5:process (default) @ hive-hwi ---
[INFO] 
[INFO] --- maven-resources-plugin:2.6:resources (default-resources) @ hive-hwi ---
[INFO] Using &apos;UTF-8&apos; encoding to copy filtered resources.
[INFO] skip non existing resourceDirectory /data/hive-ptest/working/apache-github-source-source/hwi/src/main/resources
[INFO] Copying 3 resources
[INFO] 
[INFO] --- maven-antrun-plugin:1.7:run (define-classpath) @ hive-hwi ---
[INFO] Executing tasks

main:
[INFO] Executed tasks
[INFO] 
[INFO] --- maven-compiler-plugin:3.1:compile (default-compile) @ hive-hwi ---
[INFO] Compiling 6 source files to /data/hive-ptest/working/apache-github-source-source/hwi/target/classes
[INFO] 
[INFO] --- maven-resources-plugin:2.6:testResources (default-testResources) @ hive-hwi ---
[INFO] Using &apos;UTF-8&apos; encoding to copy filtered resources.
[INFO] skip non existing resourceDirectory /data/hive-ptest/working/apache-github-source-source/hwi/src/test/resources
[INFO] Copying 3 resources
[INFO] 
[INFO] --- maven-antrun-plugin:1.7:run (setup-test-dirs) @ hive-hwi ---
[INFO] Executing tasks

main:
    [mkdir] Created dir: /data/hive-ptest/working/apache-github-source-source/hwi/target/tmp
    [mkdir] Created dir: /data/hive-ptest/working/apache-github-source-source/hwi/target/warehouse
    [mkdir] Created dir: /data/hive-ptest/working/apache-github-source-source/hwi/target/tmp/conf
     [copy] Copying 14 files to /data/hive-ptest/working/apache-github-source-source/hwi/target/tmp/conf
[INFO] Executed tasks
[INFO] 
[INFO] --- maven-compiler-plugin:3.1:testCompile (default-testCompile) @ hive-hwi ---
[INFO] Compiling 2 source files to /data/hive-ptest/working/apache-github-source-source/hwi/target/test-classes
[INFO] 
[INFO] --- maven-surefire-plugin:2.16:test (default-test) @ hive-hwi ---
[INFO] Tests are skipped.
[INFO] 
[INFO] --- maven-jar-plugin:2.2:jar (default-jar) @ hive-hwi ---
[INFO] Building jar: /data/hive-ptest/working/apache-github-source-source/hwi/target/hive-hwi-2.1.0-SNAPSHOT.jar
[INFO] 
[INFO] --- maven-site-plugin:3.3:attach-descriptor (attach-descriptor) @ hive-hwi ---
[INFO] 
[INFO] --- maven-install-plugin:2.4:install (default-install) @ hive-hwi ---
[INFO] Installing /data/hive-ptest/working/apache-github-source-source/hwi/target/hive-hwi-2.1.0-SNAPSHOT.jar to /data/hive-ptest/working/maven/org/apache/hive/hive-hwi/2.1.0-SNAPSHOT/hive-hwi-2.1.0-SNAPSHOT.jar
[INFO] Installing /data/hive-ptest/working/apache-github-source-source/hwi/pom.xml to /data/hive-ptest/working/maven/org/apache/hive/hive-hwi/2.1.0-SNAPSHOT/hive-hwi-2.1.0-SNAPSHOT.pom
[INFO]                                                                         
[INFO] ------------------------------------------------------------------------
[INFO] Building Hive ODBC 2.1.0-SNAPSHOT
[INFO] ------------------------------------------------------------------------
[INFO] 
[INFO] --- maven-clean-plugin:2.5:clean (default-clean) @ hive-odbc ---
[INFO] Deleting /data/hive-ptest/working/apache-github-source-source/odbc/target
[INFO] Deleting /data/hive-ptest/working/apache-github-source-source/odbc (includes = [datanucleus.log, derby.log], excludes = [])
[INFO] 
[INFO] --- maven-enforcer-plugin:1.3.1:enforce (enforce-no-snapshots) @ hive-odbc ---
[INFO] 
[INFO] --- maven-remote-resources-plugin:1.5:process (default) @ hive-odbc ---
[INFO] 
[INFO] --- maven-antrun-plugin:1.7:run (define-classpath) @ hive-odbc ---
[INFO] Executing tasks

main:
[INFO] Executed tasks
[INFO] 
[INFO] --- maven-antrun-plugin:1.7:run (setup-test-dirs) @ hive-odbc ---
[INFO] Executing tasks

main:
    [mkdir] Created dir: /data/hive-ptest/working/apache-github-source-source/odbc/target/tmp
    [mkdir] Created dir: /data/hive-ptest/working/apache-github-source-source/odbc/target/warehouse
    [mkdir] Created dir: /data/hive-ptest/working/apache-github-source-source/odbc/target/tmp/conf
     [copy] Copying 14 files to /data/hive-ptest/working/apache-github-source-source/odbc/target/tmp/conf
[INFO] Executed tasks
[INFO] 
[INFO] --- maven-site-plugin:3.3:attach-descriptor (attach-descriptor) @ hive-odbc ---
[INFO] 
[INFO] --- maven-install-plugin:2.4:install (default-install) @ hive-odbc ---
[INFO] Installing /data/hive-ptest/working/apache-github-source-source/odbc/pom.xml to /data/hive-ptest/working/maven/org/apache/hive/hive-odbc/2.1.0-SNAPSHOT/hive-odbc-2.1.0-SNAPSHOT.pom
[INFO]                                                                         
[INFO] ------------------------------------------------------------------------
[INFO] Building Hive Llap Server 2.1.0-SNAPSHOT
[INFO] ------------------------------------------------------------------------
[INFO] 
[INFO] --- maven-clean-plugin:2.5:clean (default-clean) @ hive-llap-server ---
[INFO] Deleting /data/hive-ptest/working/apache-github-source-source/llap-server/target
[INFO] Deleting /data/hive-ptest/working/apache-github-source-source/llap-server (includes = [datanucleus.log, derby.log], excludes = [])
[INFO] 
[INFO] --- maven-enforcer-plugin:1.3.1:enforce (enforce-no-snapshots) @ hive-llap-server ---
[INFO] 
[INFO] --- build-helper-maven-plugin:1.8:add-source (add-source) @ hive-llap-server ---
[INFO] Source directory: /data/hive-ptest/working/apache-github-source-source/llap-server/src/gen/protobuf/gen-java added.
[INFO] Source directory: /data/hive-ptest/working/apache-github-source-source/llap-server/src/gen/thrift/gen-javabean added.
[INFO] 
[INFO] --- maven-remote-resources-plugin:1.5:process (default) @ hive-llap-server ---
[INFO] 
[INFO] --- maven-resources-plugin:2.6:resources (default-resources) @ hive-llap-server ---
[INFO] Using &apos;UTF-8&apos; encoding to copy filtered resources.
[INFO] Copying 4 resources
[INFO] Copying 3 resources
[INFO] 
[INFO] --- maven-antrun-plugin:1.7:run (define-classpath) @ hive-llap-server ---
[INFO] Executing tasks

main:
[INFO] Executed tasks
[INFO] 
[INFO] --- maven-compiler-plugin:3.1:compile (default-compile) @ hive-llap-server ---
[INFO] Compiling 100 source files to /data/hive-ptest/working/apache-github-source-source/llap-server/target/classes
[INFO] -------------------------------------------------------------
[WARNING] COMPILATION WARNING : 
[INFO] -------------------------------------------------------------
[WARNING] /data/hive-ptest/working/apache-github-source-source/llap-server/src/java/org/apache/hadoop/hive/llap/daemon/impl/TaskRunnerCallable.java: /data/hive-ptest/working/apache-github-source-source/llap-server/src/java/org/apache/hadoop/hive/llap/daemon/impl/TaskRunnerCallable.java uses or overrides a deprecated API.
[WARNING] /data/hive-ptest/working/apache-github-source-source/llap-server/src/java/org/apache/hadoop/hive/llap/daemon/impl/TaskRunnerCallable.java: Recompile with -Xlint:deprecation for details.
[WARNING] /data/hive-ptest/working/apache-github-source-source/llap-server/src/java/org/apache/hadoop/hive/llap/shufflehandler/DirWatcher.java: Some input files use unchecked or unsafe operations.
[WARNING] /data/hive-ptest/working/apache-github-source-source/llap-server/src/java/org/apache/hadoop/hive/llap/shufflehandler/DirWatcher.java: Recompile with -Xlint:unchecked for details.
[INFO] 4 warnings 
[INFO] -------------------------------------------------------------
[INFO] -------------------------------------------------------------
[ERROR] COMPILATION ERROR : 
[INFO] -------------------------------------------------------------
[ERROR] /data/hive-ptest/working/apache-github-source-source/llap-server/src/java/org/apache/hadoop/hive/llap/cli/LlapOptionsProcessor.java:[96,14] cannot find symbol
  symbol:   variable jar
  location: class org.apache.hadoop.hive.llap.cli.LlapOptionsProcessor.LlapOptions
[INFO] 1 error
[INFO] -------------------------------------------------------------
[INFO] ------------------------------------------------------------------------
[INFO] Reactor Summary:
[INFO] 
[INFO] Hive .............................................. SUCCESS [13.258s]
[INFO] Hive Shims Common ................................. SUCCESS [15.354s]
[INFO] Hive Shims 0.23 ................................... SUCCESS [13.013s]
[INFO] Hive Shims Scheduler .............................. SUCCESS [4.055s]
[INFO] Hive Shims ........................................ SUCCESS [2.530s]
[INFO] Hive Storage API .................................. SUCCESS [5.588s]
[INFO] Hive Common ....................................... SUCCESS [24.182s]
[INFO] Hive Serde ........................................ SUCCESS [15.354s]
[INFO] Hive Metastore .................................... SUCCESS [52.502s]
[INFO] Hive Ant Utilities ................................ SUCCESS [1.701s]
[INFO] Hive Llap Client .................................. SUCCESS [11.956s]
[INFO] Spark Remote Client ............................... SUCCESS [21.684s]
[INFO] Hive Query Language ............................... SUCCESS [2:28.392s]
[INFO] Hive Service ...................................... SUCCESS [9.649s]
[INFO] Hive Accumulo Handler ............................. SUCCESS [6.992s]
[INFO] Hive JDBC ......................................... SUCCESS [16.889s]
[INFO] Hive Beeline ...................................... SUCCESS [3.471s]
[INFO] Hive CLI .......................................... SUCCESS [2.353s]
[INFO] Hive Contrib ...................................... SUCCESS [2.025s]
[INFO] Hive HBase Handler ................................ SUCCESS [5.474s]
[INFO] Hive HCatalog ..................................... SUCCESS [0.815s]
[INFO] Hive HCatalog Core ................................ SUCCESS [4.434s]
[INFO] Hive HCatalog Pig Adapter ......................... SUCCESS [3.712s]
[INFO] Hive HCatalog Server Extensions ................... SUCCESS [2.966s]
[INFO] Hive HCatalog Webhcat Java Client ................. SUCCESS [2.734s]
[INFO] Hive HCatalog Webhcat ............................. SUCCESS [14.087s]
[INFO] Hive HCatalog Streaming ........................... SUCCESS [3.145s]
[INFO] Hive HPL/SQL ...................................... SUCCESS [17.394s]
[INFO] Hive HWI .......................................... SUCCESS [1.477s]
[INFO] Hive ODBC ......................................... SUCCESS [1.786s]
[INFO] Hive Llap Server .................................. FAILURE [6.019s]
[INFO] Hive Shims Aggregator ............................. SKIPPED
[INFO] Hive TestUtils .................................... SKIPPED
[INFO] Hive Packaging .................................... SKIPPED
[INFO] ------------------------------------------------------------------------
[INFO] BUILD FAILURE
[INFO] ------------------------------------------------------------------------
[INFO] Total time: 7:17.965s
[INFO] Finished at: Thu Dec 10 08:51:59 EST 2015
[INFO] Final Memory: 214M/1095M
[INFO] ------------------------------------------------------------------------
[WARNING] The requested profile &quot;hadoop-2&quot; could not be activated because it does not exist.
[ERROR] Failed to execute goal org.apache.maven.plugins:maven-compiler-plugin:3.1:compile (default-compile) on project hive-llap-server: Compilation failure
[ERROR] /data/hive-ptest/working/apache-github-source-source/llap-server/src/java/org/apache/hadoop/hive/llap/cli/LlapOptionsProcessor.java:[96,14] cannot find symbol
[ERROR] symbol:   variable jar
[ERROR] location: class org.apache.hadoop.hive.llap.cli.LlapOptionsProcessor.LlapOptions
[ERROR] -&amp;gt; [Help 1]
[ERROR] 
[ERROR] To see the full stack trace of the errors, re-run Maven with the -e switch.
[ERROR] Re-run Maven using the -X switch to enable full debug logging.
[ERROR] 
[ERROR] For more information about the errors and possible solutions, please read the following articles:
[ERROR] [Help 1] http://cwiki.apache.org/confluence/display/MAVEN/MojoFailureException
[ERROR] 
[ERROR] After correcting the problems, you can resume the build with the command
[ERROR]   mvn &amp;lt;goals&amp;gt; -rf :hive-llap-server
+ exit 1
&apos;
&lt;/pre&gt;
&lt;/div&gt;&lt;/div&gt;

&lt;p&gt;This message is automatically generated.&lt;/p&gt;

&lt;p&gt;ATTACHMENT ID: 12776629 - PreCommit-HIVE-TRUNK-Build&lt;/p&gt;</comment>
                            <comment id="15051612" author="sershe" created="Thu, 10 Dec 2015 20:38:03 +0000"  >&lt;p&gt;Fixed the typo. I probably deleted the symbol accidentally after building...&lt;/p&gt;</comment>
                            <comment id="15053875" author="sershe" created="Sat, 12 Dec 2015 00:55:23 +0000"  >&lt;p&gt;Same patch for HiveQA&lt;/p&gt;</comment>
                            <comment id="15054205" author="hiveqa" created="Sat, 12 Dec 2015 10:19:16 +0000"  >

&lt;p&gt;Here are the results of testing the latest attachment:&lt;br/&gt;
&lt;a href=&quot;https://issues.apache.org/jira/secure/attachment/12777219/HIVE-12633.02.patch&quot; class=&quot;external-link&quot; rel=&quot;nofollow&quot;&gt;https://issues.apache.org/jira/secure/attachment/12777219/HIVE-12633.02.patch&lt;/a&gt;&lt;/p&gt;

&lt;p&gt;&lt;font color=&quot;red&quot;&gt;ERROR:&lt;/font&gt; -1 due to no test(s) being added or modified.&lt;/p&gt;

&lt;p&gt;&lt;font color=&quot;red&quot;&gt;ERROR:&lt;/font&gt; -1 due to 21 failed/errored test(s), 9880 tests executed&lt;br/&gt;
&lt;b&gt;Failed tests:&lt;/b&gt;&lt;/p&gt;
&lt;div class=&quot;preformatted panel&quot; style=&quot;border-width: 1px;&quot;&gt;&lt;div class=&quot;preformattedContent panelContent&quot;&gt;
&lt;pre&gt;TestHWISessionManager - did not produce a TEST-*.xml file
TestSparkCliDriver-timestamp_lazy.q-bucketsortoptimize_insert_4.q-date_udf.q-and-12-more - did not produce a TEST-*.xml file
org.apache.hadoop.hive.cli.TestCliDriver.testCliDriver_cbo_udf_max
org.apache.hadoop.hive.cli.TestCliDriver.testCliDriver_order2
org.apache.hadoop.hive.cli.TestCliDriver.testCliDriver_union9
org.apache.hadoop.hive.cli.TestEncryptedHDFSCliDriver.testCliDriver_encryption_insert_partition_dynamic
org.apache.hadoop.hive.cli.TestHBaseCliDriver.testCliDriver_hbase_custom_key2
org.apache.hadoop.hive.cli.TestMiniLlapCliDriver.testCliDriver_dynamic_partition_pruning
org.apache.hadoop.hive.cli.TestMiniLlapCliDriver.testCliDriver_vectorized_dynamic_partition_pruning
org.apache.hadoop.hive.cli.TestMiniTezCliDriver.testCliDriver_mergejoin
org.apache.hadoop.hive.cli.TestNegativeCliDriver.testNegativeCliDriver_authorization_uri_import
org.apache.hadoop.hive.metastore.TestHiveMetaStorePartitionSpecs.testGetPartitionSpecs_WithAndWithoutPartitionGrouping
org.apache.hive.jdbc.TestSSL.testSSLVersion
org.apache.hive.spark.client.TestSparkClient.testAddJarsAndFiles
org.apache.hive.spark.client.TestSparkClient.testCounters
org.apache.hive.spark.client.TestSparkClient.testErrorJob
org.apache.hive.spark.client.TestSparkClient.testJobSubmission
org.apache.hive.spark.client.TestSparkClient.testMetricsCollection
org.apache.hive.spark.client.TestSparkClient.testRemoteClient
org.apache.hive.spark.client.TestSparkClient.testSimpleSparkJob
org.apache.hive.spark.client.TestSparkClient.testSyncRpc
&lt;/pre&gt;
&lt;/div&gt;&lt;/div&gt;

&lt;p&gt;Test results: &lt;a href=&quot;http://ec2-174-129-184-35.compute-1.amazonaws.com/jenkins/job/PreCommit-HIVE-TRUNK-Build/6328/testReport&quot; class=&quot;external-link&quot; rel=&quot;nofollow&quot;&gt;http://ec2-174-129-184-35.compute-1.amazonaws.com/jenkins/job/PreCommit-HIVE-TRUNK-Build/6328/testReport&lt;/a&gt;&lt;br/&gt;
Console output: &lt;a href=&quot;http://ec2-174-129-184-35.compute-1.amazonaws.com/jenkins/job/PreCommit-HIVE-TRUNK-Build/6328/console&quot; class=&quot;external-link&quot; rel=&quot;nofollow&quot;&gt;http://ec2-174-129-184-35.compute-1.amazonaws.com/jenkins/job/PreCommit-HIVE-TRUNK-Build/6328/console&lt;/a&gt;&lt;br/&gt;
Test logs: &lt;a href=&quot;http://ec2-174-129-184-35.compute-1.amazonaws.com/logs/PreCommit-HIVE-TRUNK-Build-6328/&quot; class=&quot;external-link&quot; rel=&quot;nofollow&quot;&gt;http://ec2-174-129-184-35.compute-1.amazonaws.com/logs/PreCommit-HIVE-TRUNK-Build-6328/&lt;/a&gt;&lt;/p&gt;

&lt;p&gt;Messages:&lt;/p&gt;
&lt;div class=&quot;preformatted panel&quot; style=&quot;border-width: 1px;&quot;&gt;&lt;div class=&quot;preformattedContent panelContent&quot;&gt;
&lt;pre&gt;Executing org.apache.hive.ptest.execution.TestCheckPhase
Executing org.apache.hive.ptest.execution.PrepPhase
Executing org.apache.hive.ptest.execution.ExecutionPhase
Executing org.apache.hive.ptest.execution.ReportingPhase
Tests exited with: TestsFailedException: 21 tests failed
&lt;/pre&gt;
&lt;/div&gt;&lt;/div&gt;

&lt;p&gt;This message is automatically generated.&lt;/p&gt;

&lt;p&gt;ATTACHMENT ID: 12777219 - PreCommit-HIVE-TRUNK-Build&lt;/p&gt;</comment>
                            <comment id="15057056" author="sershe" created="Tue, 15 Dec 2015 00:30:49 +0000"  >&lt;p&gt;&lt;a href=&quot;https://issues.apache.org/jira/secure/ViewProfile.jspa?name=vikram.dixit&quot; class=&quot;user-hover&quot; rel=&quot;vikram.dixit&quot;&gt;Vikram Dixit K&lt;/a&gt; can you take a look?&lt;/p&gt;</comment>
                            <comment id="15064786" author="gopalv" created="Fri, 18 Dec 2015 21:23:49 +0000"  >&lt;p&gt;&lt;a href=&quot;https://issues.apache.org/jira/secure/ViewProfile.jspa?name=sershe&quot; class=&quot;user-hover&quot; rel=&quot;sershe&quot;&gt;Sergey Shelukhin&lt;/a&gt;: making minor edits instead of review, is that ok?&lt;/p&gt;</comment>
                            <comment id="15064872" author="gopalv" created="Fri, 18 Dec 2015 22:20:46 +0000"  >&lt;p&gt;Changed the default aux classes to be always included and change the continue into a if &lt;img class=&quot;emoticon&quot; src=&quot;https://issues.apache.org/jira/images/icons/emoticons/warning.gif&quot; height=&quot;16&quot; width=&quot;16&quot; align=&quot;absmiddle&quot; alt=&quot;&quot; border=&quot;0&quot;/&gt;&lt;/p&gt;</comment>
                            <comment id="15064875" author="sershe" created="Fri, 18 Dec 2015 22:23:20 +0000"  >&lt;p&gt;Makes sense. Is that also a +1? &lt;img class=&quot;emoticon&quot; src=&quot;https://issues.apache.org/jira/images/icons/emoticons/smile.gif&quot; height=&quot;16&quot; width=&quot;16&quot; align=&quot;absmiddle&quot; alt=&quot;&quot; border=&quot;0&quot;/&gt;&lt;/p&gt;</comment>
                            <comment id="15064877" author="gopalv" created="Fri, 18 Dec 2015 22:25:00 +0000"  >&lt;p&gt;Yes, my seal of approval included (+1).&lt;/p&gt;</comment>
                            <comment id="15064971" author="sershe" created="Fri, 18 Dec 2015 23:37:36 +0000"  >&lt;p&gt;Committed.&lt;/p&gt;</comment>
                    </comments>
                    <attachments>
                            <attachment id="12776881" name="HIVE-12633.01.patch" size="5068" author="sershe" created="Thu, 10 Dec 2015 20:38:03 +0000"/>
                            <attachment id="12777219" name="HIVE-12633.02.patch" size="5068" author="sershe" created="Sat, 12 Dec 2015 00:55:23 +0000"/>
                            <attachment id="12778612" name="HIVE-12633.03.patch" size="5526" author="gopalv" created="Fri, 18 Dec 2015 22:20:16 +0000"/>
                            <attachment id="12776629" name="HIVE-12633.patch" size="5067" author="sershe" created="Wed, 9 Dec 2015 21:00:17 +0000"/>
                    </attachments>
                <subtasks>
                    </subtasks>
                <customfields>
                                                <customfield id="customfield_12310310" key="com.atlassian.jira.toolkit:attachments">
                        <customfieldname>Attachment count</customfieldname>
                        <customfieldvalues>
                            <customfieldvalue>4.0</customfieldvalue>
                        </customfieldvalues>
                    </customfield>
                                                                                                                                                                                                                                                                                                                                                                                                                                                                                                                                <customfield id="customfield_12310220" key="com.atlassian.jira.ext.charting:firstresponsedate">
                        <customfieldname>Date of First Response</customfieldname>
                        <customfieldvalues>
                            <customfieldvalue>Wed, 9 Dec 2015 21:00:17 +0000</customfieldvalue>

                        </customfieldvalues>
                    </customfield>
                                                                                                                                                                                                                                                                                                                                                                                                                                            <customfield id="customfield_12310420" key="com.pyxis.greenhopper.jira:gh-global-rank">
                        <customfieldname>Global Rank</customfieldname>
                        <customfieldvalues>
                            <customfieldvalue>9223372036854775807</customfieldvalue>
                        </customfieldvalues>
                    </customfield>
                                                                                                                                                    <customfield id="customfield_12312521" key="com.atlassian.jira.toolkit:LastCommentDate">
                        <customfieldname>Last public comment date</customfieldname>
                        <customfieldvalues>
                            49 weeks, 6 days ago
                        </customfieldvalues>
                    </customfield>
                                                                                            <customfield id="customfield_12311820" key="com.pyxis.greenhopper.jira:gh-lexo-rank">
                        <customfieldname>Rank</customfieldname>
                        <customfieldvalues>
                            <customfieldvalue>0|i2poef:</customfieldvalue>

                        </customfieldvalues>
                    </customfield>
                                                                <customfield id="customfield_12310920" key="com.pyxis.greenhopper.jira:gh-global-rank">
                        <customfieldname>Rank (Obsolete)</customfieldname>
                        <customfieldvalues>
                            <customfieldvalue>9223372036854775807</customfieldvalue>
                        </customfieldvalues>
                    </customfield>
                                                                                                                                                                                                                                                                                                                            <customfield id="customfield_12310222" key="com.atlassian.jira.ext.charting:timeinstatus">
                        <customfieldname>Time in Status</customfieldname>
                        <customfieldvalues>
                            
                        </customfieldvalues>
                    </customfield>
                                                                                                                        </customfields>
    </item>
</channel>
</rss>