<!-- 
RSS generated by JIRA (6.3.4#6332-sha1:51bc225ef474afe3128b2f66878477f322397b16) at Sat Dec 03 00:39:22 UTC 2016

It is possible to restrict the fields that are returned in this document by specifying the 'field' parameter in your request.
For example, to request only the issue key and summary add field=key&field=summary to the URL of your request.
For example:
https://issues.apache.org/jira/si/jira.issueviews:issue-xml/HIVE-1089/HIVE-1089.xml?field=key&amp;field=summary
-->
<rss version="0.92" >
<channel>
    <title>ASF JIRA</title>
    <link>https://issues.apache.org/jira</link>
    <description>This file is an XML representation of an issue</description>
    <language>en-uk</language>    <build-info>
        <version>6.3.4</version>
        <build-number>6332</build-number>
        <build-date>15-08-2014</build-date>
    </build-info>

<item>
            <title>[HIVE-1089] Intermittent test failure in groupby_bigdata.q</title>
                <link>https://issues.apache.org/jira/browse/HIVE-1089</link>
                <project id="12310843" key="HIVE">Hive</project>
                    <description>&lt;div class=&quot;code panel&quot; style=&quot;border-width: 1px;&quot;&gt;&lt;div class=&quot;codeContent panelContent&quot;&gt;
&lt;pre class=&quot;code-java&quot;&gt;
ant test -Dtestcase=TestCliDriver -Dqfile=groupby_bigdata.q
&lt;/pre&gt;
&lt;/div&gt;&lt;/div&gt;

&lt;p&gt;This sometimes fail with out-ot-memory exception in java.&lt;br/&gt;
We might want to tweak the default hash table size in map-side aggregation.&lt;/p&gt;</description>
                <environment></environment>
        <key id="12446479">HIVE-1089</key>
            <summary>Intermittent test failure in groupby_bigdata.q</summary>
                <type id="1" iconUrl="https://issues.apache.org/jira/images/icons/issuetypes/bug.png">Bug</type>
                                            <priority id="3" iconUrl="https://issues.apache.org/jira/images/icons/priorities/major.png">Major</priority>
                        <status id="5" iconUrl="https://issues.apache.org/jira/images/icons/statuses/resolved.png" description="A resolution has been taken, and it is awaiting verification by reporter. From here issues are either reopened, or are closed.">Resolved</status>
                    <statusCategory id="3" key="done" colorName="green"/>
                                    <resolution id="3">Duplicate</resolution>
                                        <assignee username="-1">Unassigned</assignee>
                                    <reporter username="zshao">Zheng Shao</reporter>
                        <labels>
                    </labels>
                <created>Sun, 24 Jan 2010 22:40:36 +0000</created>
                <updated>Tue, 26 Jan 2010 01:25:31 +0000</updated>
                            <resolved>Tue, 26 Jan 2010 01:25:31 +0000</resolved>
                                                                        <due></due>
                            <votes>0</votes>
                                    <watches>0</watches>
                                                                <comments>
                            <comment id="12804324" author="zshao" created="Sun, 24 Jan 2010 23:07:42 +0000"  >&lt;p&gt;Stack trace:&lt;/p&gt;
&lt;div class=&quot;code panel&quot; style=&quot;border-width: 1px;&quot;&gt;&lt;div class=&quot;codeContent panelContent&quot;&gt;
&lt;pre class=&quot;code-java&quot;&gt;
    [junit] Begin query: groupby_bigdata.q
    [junit] plan = /data/users/zshao/hadoop_hive/trunk/build/ql/scratchdir/plan59991.xml
    [junit] Exception in thread &lt;span class=&quot;code-quote&quot;&gt;&quot;&lt;span class=&quot;code-object&quot;&gt;Thread&lt;/span&gt;-10&quot;&lt;/span&gt; java.lang.OutOfMemoryError: Java heap space
    [junit] 	at java.lang.AbstractStringBuilder.&amp;lt;init&amp;gt;(AbstractStringBuilder.java:45)
    [junit] 	at java.lang.StringBuilder.&amp;lt;init&amp;gt;(StringBuilder.java:68)
    [junit] 	at java.lang.StackTraceElement.toString(StackTraceElement.java:157)
    [junit] 	at java.lang.&lt;span class=&quot;code-object&quot;&gt;String&lt;/span&gt;.valueOf(&lt;span class=&quot;code-object&quot;&gt;String&lt;/span&gt;.java:2827)
    [junit] 	at java.lang.StringBuilder.append(StringBuilder.java:115)
    [junit] 	at java.lang.Throwable.printStackTrace(Throwable.java:512)
    [junit] 	at org.apache.hadoop.util.StringUtils.stringifyException(StringUtils.java:51)
    [junit] 	at org.apache.hadoop.hive.ql.exec.ScriptOperator$StreamThread.run(ScriptOperator.java:561)
    [junit] java.lang.OutOfMemoryError: Java heap space
    [junit] 	at java.nio.ByteBuffer.wrap(ByteBuffer.java:350)
    [junit] 	at java.nio.ByteBuffer.wrap(ByteBuffer.java:373)
    [junit] 	at java.lang.StringCoding$StringEncoder.encode(StringCoding.java:237)
    [junit] 	at java.lang.StringCoding.encode(StringCoding.java:272)
    [junit] 	at java.lang.&lt;span class=&quot;code-object&quot;&gt;String&lt;/span&gt;.getBytes(&lt;span class=&quot;code-object&quot;&gt;String&lt;/span&gt;.java:947)
    [junit] 	at java.io.UnixFileSystem.getBooleanAttributes0(Native Method)
    [junit] 	at java.io.UnixFileSystem.getBooleanAttributes(UnixFileSystem.java:228)
    [junit] 	at java.io.File.exists(File.java:733)
    [junit] 	at org.apache.hadoop.fs.RawLocalFileSystem.getFileStatus(RawLocalFileSystem.java:399)
    [junit] 	at org.apache.hadoop.fs.FilterFileSystem.getFileStatus(FilterFileSystem.java:242)
    [junit] 	at org.apache.hadoop.fs.FileSystem.exists(FileSystem.java:600)
    [junit] 	at org.apache.hadoop.hive.ql.exec.Utilities.clearMapRedWork(Utilities.java:114)
    [junit] 	at org.apache.hadoop.hive.ql.exec.ExecDriver.execute(ExecDriver.java:680)
    [junit] 	at org.apache.hadoop.hive.ql.exec.ExecDriver.main(ExecDriver.java:936)
    [junit] 	at sun.reflect.NativeMethodAccessorImpl.invoke0(Native Method)
    [junit] 	at sun.reflect.NativeMethodAccessorImpl.invoke(NativeMethodAccessorImpl.java:39)
    [junit] 	at sun.reflect.DelegatingMethodAccessorImpl.invoke(DelegatingMethodAccessorImpl.java:25)
    [junit] 	at java.lang.reflect.Method.invoke(Method.java:597)
    [junit] 	at org.apache.hadoop.util.RunJar.main(RunJar.java:155)
    [junit] 	at org.apache.hadoop.mapred.JobShell.run(JobShell.java:194)
    [junit] 	at org.apache.hadoop.util.ToolRunner.run(ToolRunner.java:65)
    [junit] 	at org.apache.hadoop.util.ToolRunner.run(ToolRunner.java:79)
    [junit] 	at org.apache.hadoop.mapred.JobShell.main(JobShell.java:220)
    [junit] 
    [junit] Traceback (most recent call last):
    [junit]   File &lt;span class=&quot;code-quote&quot;&gt;&quot;../data/scripts/dumpdata_script.py&quot;&lt;/span&gt;, line 6, in &amp;lt;module&amp;gt;
    [junit]     print 20000 * i + k
    [junit] IOError: [Errno 32] Broken pipe
    [junit] org.apache.hadoop.hive.ql.metadata.HiveException: Hit error &lt;span class=&quot;code-keyword&quot;&gt;while&lt;/span&gt; closing ..
    [junit] 	at org.apache.hadoop.hive.ql.exec.ScriptOperator.close(ScriptOperator.java:444)
    [junit] 	at org.apache.hadoop.hive.ql.exec.Operator.close(Operator.java:512)
    [junit] 	at org.apache.hadoop.hive.ql.exec.Operator.close(Operator.java:512)
    [junit] 	at org.apache.hadoop.hive.ql.exec.Operator.close(Operator.java:512)
    [junit] 	at org.apache.hadoop.hive.ql.exec.Operator.close(Operator.java:512)
    [junit] 	at org.apache.hadoop.hive.ql.exec.Operator.close(Operator.java:512)
    [junit] 	at org.apache.hadoop.hive.ql.exec.ExecMapper.close(ExecMapper.java:228)
    [junit] 	at org.apache.hadoop.mapred.MapRunner.run(MapRunner.java:50)
    [junit] 	at org.apache.hadoop.mapred.MapTask.run(MapTask.java:219)
    [junit] 	at org.apache.hadoop.mapred.LocalJobRunner$Job.run(LocalJobRunner.java:157)
    [junit] org.apache.hadoop.hive.ql.metadata.HiveException: Hit error &lt;span class=&quot;code-keyword&quot;&gt;while&lt;/span&gt; closing ..
    [junit] 	at org.apache.hadoop.hive.ql.exec.ScriptOperator.close(ScriptOperator.java:444)
    [junit] 	at org.apache.hadoop.hive.ql.exec.Operator.close(Operator.java:512)
    [junit] 	at org.apache.hadoop.hive.ql.exec.Operator.close(Operator.java:512)
    [junit] 	at org.apache.hadoop.hive.ql.exec.Operator.close(Operator.java:512)
    [junit] 	at org.apache.hadoop.hive.ql.exec.Operator.close(Operator.java:512)
    [junit] 	at org.apache.hadoop.hive.ql.exec.Operator.close(Operator.java:512)
    [junit] 	at org.apache.hadoop.hive.ql.exec.ExecMapper.close(ExecMapper.java:228)
    [junit] 	at org.apache.hadoop.mapred.MapRunner.run(MapRunner.java:50)
    [junit] 	at org.apache.hadoop.mapred.MapTask.run(MapTask.java:219)
    [junit] 	at org.apache.hadoop.mapred.LocalJobRunner$Job.run(LocalJobRunner.java:157)
    [junit] org.apache.hadoop.hive.ql.metadata.HiveException: Hit error &lt;span class=&quot;code-keyword&quot;&gt;while&lt;/span&gt; closing ..
    [junit] 	at org.apache.hadoop.hive.ql.exec.ScriptOperator.close(ScriptOperator.java:444)
    [junit] 	at org.apache.hadoop.hive.ql.exec.Operator.close(Operator.java:512)
    [junit] 	at org.apache.hadoop.hive.ql.exec.Operator.close(Operator.java:512)
    [junit] 	at org.apache.hadoop.hive.ql.exec.Operator.close(Operator.java:512)
    [junit] 	at org.apache.hadoop.hive.ql.exec.Operator.close(Operator.java:512)
    [junit] 	at org.apache.hadoop.hive.ql.exec.Operator.close(Operator.java:512)
    [junit] 	at org.apache.hadoop.hive.ql.exec.ExecMapper.close(ExecMapper.java:228)
    [junit] 	at org.apache.hadoop.mapred.MapRunner.run(MapRunner.java:50)
    [junit] 	at org.apache.hadoop.mapred.MapTask.run(MapTask.java:219)
    [junit] 	at org.apache.hadoop.mapred.LocalJobRunner$Job.run(LocalJobRunner.java:157)
    [junit] org.apache.hadoop.hive.ql.metadata.HiveException: Hit error &lt;span class=&quot;code-keyword&quot;&gt;while&lt;/span&gt; closing ..
    [junit] 	at org.apache.hadoop.hive.ql.exec.ScriptOperator.close(ScriptOperator.java:444)
    [junit] 	at org.apache.hadoop.hive.ql.exec.Operator.close(Operator.java:512)
    [junit] 	at org.apache.hadoop.hive.ql.exec.Operator.close(Operator.java:512)
    [junit] 	at org.apache.hadoop.hive.ql.exec.Operator.close(Operator.java:512)
    [junit] 	at org.apache.hadoop.hive.ql.exec.Operator.close(Operator.java:512)
    [junit] 	at org.apache.hadoop.hive.ql.exec.Operator.close(Operator.java:512)
    [junit] 	at org.apache.hadoop.hive.ql.exec.ExecMapper.close(ExecMapper.java:228)
    [junit] 	at org.apache.hadoop.mapred.MapRunner.run(MapRunner.java:50)
    [junit] 	at org.apache.hadoop.mapred.MapTask.run(MapTask.java:219)
    [junit] 	at org.apache.hadoop.mapred.LocalJobRunner$Job.run(LocalJobRunner.java:157)
    [junit] org.apache.hadoop.hive.ql.metadata.HiveException: Hit error &lt;span class=&quot;code-keyword&quot;&gt;while&lt;/span&gt; closing ..
    [junit] 	at org.apache.hadoop.hive.ql.exec.ScriptOperator.close(ScriptOperator.java:444)
    [junit] 	at org.apache.hadoop.hive.ql.exec.Operator.close(Operator.java:512)
    [junit] 	at org.apache.hadoop.hive.ql.exec.Operator.close(Operator.java:512)
    [junit] 	at org.apache.hadoop.hive.ql.exec.Operator.close(Operator.java:512)
    [junit] 	at org.apache.hadoop.hive.ql.exec.Operator.close(Operator.java:512)
    [junit] 	at org.apache.hadoop.hive.ql.exec.Operator.close(Operator.java:512)
    [junit] 	at org.apache.hadoop.hive.ql.exec.ExecMapper.close(ExecMapper.java:228)
    [junit] 	at org.apache.hadoop.mapred.MapRunner.run(MapRunner.java:50)
    [junit] 	at org.apache.hadoop.mapred.MapTask.run(MapTask.java:219)
    [junit] 	at org.apache.hadoop.mapred.LocalJobRunner$Job.run(LocalJobRunner.java:157)
    [junit] Exception: Client Execution failed with error code = 9
    [junit] junit.framework.AssertionFailedError: Client Execution failed with error code = 9
    [junit] 	at junit.framework.Assert.fail(Assert.java:47)
    [junit] 	at org.apache.hadoop.hive.cli.TestCliDriver.testCliDriver_groupby_bigdata(TestCliDriver.java:3660)
    [junit] 	at sun.reflect.NativeMethodAccessorImpl.invoke0(Native Method)
    [junit] 	at sun.reflect.NativeMethodAccessorImpl.invoke(NativeMethodAccessorImpl.java:39)
    [junit] 	at sun.reflect.DelegatingMethodAccessorImpl.invoke(DelegatingMethodAccessorImpl.java:25)
    [junit] 	at java.lang.reflect.Method.invoke(Method.java:597)
    [junit] 	at junit.framework.TestCase.runTest(TestCase.java:154)
    [junit] 	at junit.framework.TestCase.runBare(TestCase.java:127)
    [junit] 	at junit.framework.TestResult$1.protect(TestResult.java:106)
    [junit] 	at junit.framework.TestResult.runProtected(TestResult.java:124)
    [junit] 	at junit.framework.TestResult.run(TestResult.java:109)
    [junit] 	at junit.framework.TestCase.run(TestCase.java:118)
    [junit] 	at junit.framework.TestSuite.runTest(TestSuite.java:208)
    [junit] 	at junit.framework.TestSuite.run(TestSuite.java:203)
    [junit] 	at org.apache.tools.ant.taskdefs.optional.junit.JUnitTestRunner.run(JUnitTestRunner.java:420)
    [junit] 	at org.apache.tools.ant.taskdefs.optional.junit.JUnitTestRunner.launch(JUnitTestRunner.java:911)
    [junit] 	at org.apache.tools.ant.taskdefs.optional.junit.JUnitTestRunner.main(JUnitTestRunner.java:768)
&lt;/pre&gt;
&lt;/div&gt;&lt;/div&gt;</comment>
                    </comments>
                <issuelinks>
                            <issuelinktype id="12310000">
                    <name>Duplicate</name>
                                                                <inwardlinks description="is duplicated by">
                                        <issuelink>
            <issuekey id="12446605">HIVE-1097</issuekey>
        </issuelink>
                            </inwardlinks>
                                    </issuelinktype>
                    </issuelinks>
                <attachments>
                    </attachments>
                <subtasks>
                    </subtasks>
                <customfields>
                                                <customfield id="customfield_12310310" key="com.atlassian.jira.toolkit:attachments">
                        <customfieldname>Attachment count</customfieldname>
                        <customfieldvalues>
                            <customfieldvalue>0.0</customfieldvalue>
                        </customfieldvalues>
                    </customfield>
                                                                                                                                                                                                                                                                                                                                                                                                                                                                                                                                                                                                                                                                                                                                                                                                                                                                                                                                        <customfield id="customfield_12310420" key="com.pyxis.greenhopper.jira:gh-global-rank">
                        <customfieldname>Global Rank</customfieldname>
                        <customfieldvalues>
                            <customfieldvalue>73112</customfieldvalue>
                        </customfieldvalues>
                    </customfield>
                                                                                                                                                    <customfield id="customfield_12312521" key="com.atlassian.jira.toolkit:LastCommentDate">
                        <customfieldname>Last public comment date</customfieldname>
                        <customfieldvalues>
                            6 years, 45 weeks, 5 days ago
                        </customfieldvalues>
                    </customfield>
                                                                                            <customfield id="customfield_12311820" key="com.pyxis.greenhopper.jira:gh-lexo-rank">
                        <customfieldname>Rank</customfieldname>
                        <customfieldvalues>
                            <customfieldvalue>0|i0ldbz:</customfieldvalue>

                        </customfieldvalues>
                    </customfield>
                                                                <customfield id="customfield_12310920" key="com.pyxis.greenhopper.jira:gh-global-rank">
                        <customfieldname>Rank (Obsolete)</customfieldname>
                        <customfieldvalues>
                            <customfieldvalue>122810</customfieldvalue>
                        </customfieldvalues>
                    </customfield>
                                                                                                                                                                                                                                                                                                                            <customfield id="customfield_12310222" key="com.atlassian.jira.ext.charting:timeinstatus">
                        <customfieldname>Time in Status</customfieldname>
                        <customfieldvalues>
                            
                        </customfieldvalues>
                    </customfield>
                                                                                                                        </customfields>
    </item>
</channel>
</rss>