<!-- 
RSS generated by JIRA (6.3.4#6332-sha1:51bc225ef474afe3128b2f66878477f322397b16) at Sat Dec 03 23:17:07 UTC 2016

It is possible to restrict the fields that are returned in this document by specifying the 'field' parameter in your request.
For example, to request only the issue key and summary add field=key&field=summary to the URL of your request.
For example:
https://issues.apache.org/jira/si/jira.issueviews:issue-xml/HIVE-12204/HIVE-12204.xml?field=key&amp;field=summary
-->
<rss version="0.92" >
<channel>
    <title>ASF JIRA</title>
    <link>https://issues.apache.org/jira</link>
    <description>This file is an XML representation of an issue</description>
    <language>en-uk</language>    <build-info>
        <version>6.3.4</version>
        <build-number>6332</build-number>
        <build-date>15-08-2014</build-date>
    </build-info>

<item>
            <title>[HIVE-12204] Tez queries stopped running with ApplicationNotRunningException</title>
                <link>https://issues.apache.org/jira/browse/HIVE-12204</link>
                <project id="12310843" key="HIVE">Hive</project>
                    <description>&lt;p&gt;In some error cases, if hive can no longer submit DAGs to tez, there is no use retrying to submit. We need to exit by throwing exception in this case.&lt;/p&gt;</description>
                <environment></environment>
        <key id="12905639">HIVE-12204</key>
            <summary>Tez queries stopped running with ApplicationNotRunningException</summary>
                <type id="1" iconUrl="https://issues.apache.org/jira/images/icons/issuetypes/bug.png">Bug</type>
                                            <priority id="3" iconUrl="https://issues.apache.org/jira/images/icons/priorities/major.png">Major</priority>
                        <status id="6" iconUrl="https://issues.apache.org/jira/images/icons/statuses/closed.png" description="The issue is considered finished, the resolution is correct. Issues which are closed can be reopened.">Closed</status>
                    <statusCategory id="3" key="done" colorName="green"/>
                                    <resolution id="1">Fixed</resolution>
                                        <assignee username="vikram.dixit">Vikram Dixit K</assignee>
                                    <reporter username="vikram.dixit">Vikram Dixit K</reporter>
                        <labels>
                    </labels>
                <created>Fri, 16 Oct 2015 21:09:47 +0000</created>
                <updated>Tue, 16 Feb 2016 23:52:18 +0000</updated>
                            <resolved>Thu, 22 Oct 2015 23:02:11 +0000</resolved>
                                    <version>1.0.1</version>
                    <version>1.2.1</version>
                    <version>2.0.0</version>
                                    <fixVersion>1.3.0</fixVersion>
                    <fixVersion>2.0.0</fixVersion>
                                    <component>Tez</component>
                        <due></due>
                            <votes>0</votes>
                                    <watches>2</watches>
                                                                <comments>
                            <comment id="14961404" author="sershe" created="Fri, 16 Oct 2015 21:46:24 +0000"  >&lt;div class=&quot;preformatted panel&quot; style=&quot;border-width: 1px;&quot;&gt;&lt;div class=&quot;preformattedContent panelContent&quot;&gt;
&lt;pre&gt;try {
+      throw new IOException(&quot;Try exception&quot;);
+    } catch (Exception e) {
+      LOG.info(&quot;Experienced exception: &quot; + e.getMessage() + &quot; stack trace: &quot;
+          + Arrays.toString(e.getStackTrace()));
+    }
&lt;/pre&gt;
&lt;/div&gt;&lt;/div&gt;
&lt;p&gt;what is this for?&lt;/p&gt;</comment>
                            <comment id="14961414" author="vikram.dixit" created="Fri, 16 Oct 2015 21:54:10 +0000"  >&lt;p&gt;I was testing how the log message looks when we convert the stack trace to a list of strings. Will remove it.&lt;/p&gt;</comment>
                            <comment id="14961424" author="sershe" created="Fri, 16 Oct 2015 22:00:12 +0000"  >&lt;p&gt;+1. The test doesn&apos;t test much...&lt;/p&gt;</comment>
                            <comment id="14961439" author="vikram.dixit" created="Fri, 16 Oct 2015 22:12:46 +0000"  >&lt;p&gt;Yes. There isn&apos;t much here actually. The destroy method is just a glorified stop regardless of whether it is a default session or not.&lt;/p&gt;</comment>
                            <comment id="14968440" author="hiveqa" created="Thu, 22 Oct 2015 03:24:11 +0000"  >

&lt;p&gt;Here are the results of testing the latest attachment:&lt;br/&gt;
&lt;a href=&quot;https://issues.apache.org/jira/secure/attachment/12767151/HIVE-12204.2.patch&quot; class=&quot;external-link&quot; rel=&quot;nofollow&quot;&gt;https://issues.apache.org/jira/secure/attachment/12767151/HIVE-12204.2.patch&lt;/a&gt;&lt;/p&gt;

&lt;p&gt;&lt;font color=&quot;green&quot;&gt;SUCCESS:&lt;/font&gt; +1 due to 1 test(s) being added or modified.&lt;/p&gt;

&lt;p&gt;&lt;font color=&quot;red&quot;&gt;ERROR:&lt;/font&gt; -1 due to 2 failed/errored test(s), 9699 tests executed&lt;br/&gt;
&lt;b&gt;Failed tests:&lt;/b&gt;&lt;/p&gt;
&lt;div class=&quot;preformatted panel&quot; style=&quot;border-width: 1px;&quot;&gt;&lt;div class=&quot;preformattedContent panelContent&quot;&gt;
&lt;pre&gt;org.apache.hive.hcatalog.api.TestHCatClient.testTableSchemaPropagation
org.apache.hive.jdbc.TestSSL.testSSLVersion
&lt;/pre&gt;
&lt;/div&gt;&lt;/div&gt;

&lt;p&gt;Test results: &lt;a href=&quot;http://ec2-174-129-184-35.compute-1.amazonaws.com/jenkins/job/PreCommit-HIVE-TRUNK-Build/5729/testReport&quot; class=&quot;external-link&quot; rel=&quot;nofollow&quot;&gt;http://ec2-174-129-184-35.compute-1.amazonaws.com/jenkins/job/PreCommit-HIVE-TRUNK-Build/5729/testReport&lt;/a&gt;&lt;br/&gt;
Console output: &lt;a href=&quot;http://ec2-174-129-184-35.compute-1.amazonaws.com/jenkins/job/PreCommit-HIVE-TRUNK-Build/5729/console&quot; class=&quot;external-link&quot; rel=&quot;nofollow&quot;&gt;http://ec2-174-129-184-35.compute-1.amazonaws.com/jenkins/job/PreCommit-HIVE-TRUNK-Build/5729/console&lt;/a&gt;&lt;br/&gt;
Test logs: &lt;a href=&quot;http://ec2-174-129-184-35.compute-1.amazonaws.com/logs/PreCommit-HIVE-TRUNK-Build-5729/&quot; class=&quot;external-link&quot; rel=&quot;nofollow&quot;&gt;http://ec2-174-129-184-35.compute-1.amazonaws.com/logs/PreCommit-HIVE-TRUNK-Build-5729/&lt;/a&gt;&lt;/p&gt;

&lt;p&gt;Messages:&lt;/p&gt;
&lt;div class=&quot;preformatted panel&quot; style=&quot;border-width: 1px;&quot;&gt;&lt;div class=&quot;preformattedContent panelContent&quot;&gt;
&lt;pre&gt;Executing org.apache.hive.ptest.execution.TestCheckPhase
Executing org.apache.hive.ptest.execution.PrepPhase
Executing org.apache.hive.ptest.execution.ExecutionPhase
Executing org.apache.hive.ptest.execution.ReportingPhase
Tests exited with: TestsFailedException: 2 tests failed
&lt;/pre&gt;
&lt;/div&gt;&lt;/div&gt;

&lt;p&gt;This message is automatically generated.&lt;/p&gt;

&lt;p&gt;ATTACHMENT ID: 12767151 - PreCommit-HIVE-TRUNK-Build&lt;/p&gt;</comment>
                    </comments>
                    <attachments>
                            <attachment id="12767145" name="HIVE-12204.1.patch" size="5410" author="vikram.dixit" created="Fri, 16 Oct 2015 21:36:44 +0000"/>
                            <attachment id="12767151" name="HIVE-12204.2.patch" size="5188" author="vikram.dixit" created="Fri, 16 Oct 2015 21:55:28 +0000"/>
                    </attachments>
                <subtasks>
                    </subtasks>
                <customfields>
                                                <customfield id="customfield_12310310" key="com.atlassian.jira.toolkit:attachments">
                        <customfieldname>Attachment count</customfieldname>
                        <customfieldvalues>
                            <customfieldvalue>2.0</customfieldvalue>
                        </customfieldvalues>
                    </customfield>
                                                                                                                                                                                                                                                                                                                                                                                                                                                                                                                                <customfield id="customfield_12310220" key="com.atlassian.jira.ext.charting:firstresponsedate">
                        <customfieldname>Date of First Response</customfieldname>
                        <customfieldvalues>
                            <customfieldvalue>Fri, 16 Oct 2015 21:46:24 +0000</customfieldvalue>

                        </customfieldvalues>
                    </customfield>
                                                                                                                                                                                                                                                                                                                                                                                                                                            <customfield id="customfield_12310420" key="com.pyxis.greenhopper.jira:gh-global-rank">
                        <customfieldname>Global Rank</customfieldname>
                        <customfieldvalues>
                            <customfieldvalue>9223372036854775807</customfieldvalue>
                        </customfieldvalues>
                    </customfield>
                                                                                                                                                    <customfield id="customfield_12312521" key="com.atlassian.jira.toolkit:LastCommentDate">
                        <customfieldname>Last public comment date</customfieldname>
                        <customfieldvalues>
                            1 year, 6 weeks, 2 days ago
                        </customfieldvalues>
                    </customfield>
                                                                                            <customfield id="customfield_12311820" key="com.pyxis.greenhopper.jira:gh-lexo-rank">
                        <customfieldname>Rank</customfieldname>
                        <customfieldvalues>
                            <customfieldvalue>0|i2n4yn:</customfieldvalue>

                        </customfieldvalues>
                    </customfield>
                                                                <customfield id="customfield_12310920" key="com.pyxis.greenhopper.jira:gh-global-rank">
                        <customfieldname>Rank (Obsolete)</customfieldname>
                        <customfieldvalues>
                            <customfieldvalue>9223372036854775807</customfieldvalue>
                        </customfieldvalues>
                    </customfield>
                                                                                                                                                                                                                                                                                                                            <customfield id="customfield_12310222" key="com.atlassian.jira.ext.charting:timeinstatus">
                        <customfieldname>Time in Status</customfieldname>
                        <customfieldvalues>
                            
                        </customfieldvalues>
                    </customfield>
                                                                                                                        </customfields>
    </item>
</channel>
</rss>