<!-- 
RSS generated by JIRA (6.3.4#6332-sha1:51bc225ef474afe3128b2f66878477f322397b16) at Sat Dec 03 22:50:39 UTC 2016

It is possible to restrict the fields that are returned in this document by specifying the 'field' parameter in your request.
For example, to request only the issue key and summary add field=key&field=summary to the URL of your request.
For example:
https://issues.apache.org/jira/si/jira.issueviews:issue-xml/HIVE-12248/HIVE-12248.xml?field=key&amp;field=summary
-->
<rss version="0.92" >
<channel>
    <title>ASF JIRA</title>
    <link>https://issues.apache.org/jira</link>
    <description>This file is an XML representation of an issue</description>
    <language>en-uk</language>    <build-info>
        <version>6.3.4</version>
        <build-number>6332</build-number>
        <build-date>15-08-2014</build-date>
    </build-info>

<item>
            <title>[HIVE-12248] The rawStore used in DBTokenStore should be thread-safe</title>
                <link>https://issues.apache.org/jira/browse/HIVE-12248</link>
                <project id="12310843" key="HIVE">Hive</project>
                    <description>&lt;p&gt;A non-thread-safe implementation of RawStore, particularly ObjectStore, set in DBTokenStore is being shared by multi-threads, which causes the race condition in DataNuclues to access the backend DB. &lt;br/&gt;
The DN PersistenceManager(PM) in ObjectStore is not thread safe, so DBTokenStore should use a ThreadLocal ObjectStore.&lt;br/&gt;
Following errors might be root caused by the race condition in DN PM.&lt;/p&gt;
&lt;div class=&quot;code panel&quot; style=&quot;border-width: 1px;&quot;&gt;&lt;div class=&quot;codeContent panelContent&quot;&gt;
&lt;pre class=&quot;code-java&quot;&gt;
&lt;span class=&quot;code-object&quot;&gt;Object&lt;/span&gt; of type &lt;span class=&quot;code-quote&quot;&gt;&quot;org.apache.hadoop.hive.metastore.model.MDelegationToken&quot;&lt;/span&gt; is detached. Detached objects cannot be used with &lt;span class=&quot;code-keyword&quot;&gt;this&lt;/span&gt; operation.
org.datanucleus.exceptions.ObjectDetachedException: &lt;span class=&quot;code-object&quot;&gt;Object&lt;/span&gt; of type &lt;span class=&quot;code-quote&quot;&gt;&quot;org.apache.hadoop.hive.metastore.model.MDelegationToken&quot;&lt;/span&gt; is detached. Detached objects cannot be used with &lt;span class=&quot;code-keyword&quot;&gt;this&lt;/span&gt; operation.
at org.datanucleus.ExecutionContextImpl.assertNotDetached(ExecutionContextImpl.java:5728)
at org.datanucleus.ExecutionContextImpl.retrieveObject(ExecutionContextImpl.java:1859)
at org.datanucleus.ExecutionContextThreadedImpl.retrieveObject(ExecutionContextThreadedImpl.java:203)
at org.datanucleus.api.jdo.JDOPersistenceManager.jdoRetrieve(JDOPersistenceManager.java:605)
at org.datanucleus.api.jdo.JDOPersistenceManager.retrieveAll(JDOPersistenceManager.java:693)
at org.datanucleus.api.jdo.JDOPersistenceManager.retrieveAll(JDOPersistenceManager.java:713)
at org.apache.hadoop.hive.metastore.ObjectStore.getAllTokenIdentifiers(ObjectStore.java:6517) 
&lt;/pre&gt;
&lt;/div&gt;&lt;/div&gt;</description>
                <environment></environment>
        <key id="12907538">HIVE-12248</key>
            <summary>The rawStore used in DBTokenStore should be thread-safe</summary>
                <type id="1" iconUrl="https://issues.apache.org/jira/images/icons/issuetypes/bug.png">Bug</type>
                                            <priority id="3" iconUrl="https://issues.apache.org/jira/images/icons/priorities/major.png">Major</priority>
                        <status id="5" iconUrl="https://issues.apache.org/jira/images/icons/statuses/resolved.png" description="A resolution has been taken, and it is awaiting verification by reporter. From here issues are either reopened, or are closed.">Resolved</status>
                    <statusCategory id="3" key="done" colorName="green"/>
                                    <resolution id="3">Duplicate</resolution>
                                        <assignee username="ctang.ma">Chaoyu Tang</assignee>
                                    <reporter username="ctang.ma">Chaoyu Tang</reporter>
                        <labels>
                    </labels>
                <created>Fri, 23 Oct 2015 19:50:20 +0000</created>
                <updated>Fri, 30 Oct 2015 18:45:22 +0000</updated>
                            <resolved>Fri, 30 Oct 2015 18:45:22 +0000</resolved>
                                                                    <component>Authentication</component>
                        <due></due>
                            <votes>0</votes>
                                    <watches>3</watches>
                                                                <comments>
                            <comment id="14975152" author="ctang.ma" created="Mon, 26 Oct 2015 21:46:20 +0000"  >&lt;p&gt;Looks like it duplicate the &lt;a href=&quot;https://issues.apache.org/jira/browse/HIVE-11616&quot; title=&quot;DelegationTokenSecretManager reuses the same objectstore, which has concurrency issues&quot; class=&quot;issue-link&quot; data-issue-key=&quot;HIVE-11616&quot;&gt;&lt;del&gt;HIVE-11616&lt;/del&gt;&lt;/a&gt;&lt;/p&gt;</comment>
                    </comments>
                <issuelinks>
                            <issuelinktype id="12310000">
                    <name>Duplicate</name>
                                            <outwardlinks description="duplicates">
                                        <issuelink>
            <issuekey id="12857794">HIVE-11616</issuekey>
        </issuelink>
                            </outwardlinks>
                                                        </issuelinktype>
                    </issuelinks>
                <attachments>
                    </attachments>
                <subtasks>
                    </subtasks>
                <customfields>
                                                <customfield id="customfield_12310310" key="com.atlassian.jira.toolkit:attachments">
                        <customfieldname>Attachment count</customfieldname>
                        <customfieldvalues>
                            <customfieldvalue>0.0</customfieldvalue>
                        </customfieldvalues>
                    </customfield>
                                                                                                                                                                                                                                                                                                                                                                                                                                                                                                                                                                                                                                                                                                                                                                                                                                                                                                                                        <customfield id="customfield_12310420" key="com.pyxis.greenhopper.jira:gh-global-rank">
                        <customfieldname>Global Rank</customfieldname>
                        <customfieldvalues>
                            <customfieldvalue>9223372036854775807</customfieldvalue>
                        </customfieldvalues>
                    </customfield>
                                                                                                                                                    <customfield id="customfield_12312521" key="com.atlassian.jira.toolkit:LastCommentDate">
                        <customfieldname>Last public comment date</customfieldname>
                        <customfieldvalues>
                            1 year, 5 weeks, 5 days ago
                        </customfieldvalues>
                    </customfield>
                                                                                            <customfield id="customfield_12311820" key="com.pyxis.greenhopper.jira:gh-lexo-rank">
                        <customfieldname>Rank</customfieldname>
                        <customfieldvalues>
                            <customfieldvalue>0|i2ngin:</customfieldvalue>

                        </customfieldvalues>
                    </customfield>
                                                                <customfield id="customfield_12310920" key="com.pyxis.greenhopper.jira:gh-global-rank">
                        <customfieldname>Rank (Obsolete)</customfieldname>
                        <customfieldvalues>
                            <customfieldvalue>9223372036854775807</customfieldvalue>
                        </customfieldvalues>
                    </customfield>
                                                                                                                                                                                                                                                                                                                            <customfield id="customfield_12310222" key="com.atlassian.jira.ext.charting:timeinstatus">
                        <customfieldname>Time in Status</customfieldname>
                        <customfieldvalues>
                            
                        </customfieldvalues>
                    </customfield>
                                                                                                                        </customfields>
    </item>
</channel>
</rss>