<!-- 
RSS generated by JIRA (6.3.4#6332-sha1:51bc225ef474afe3128b2f66878477f322397b16) at Sun Dec 04 00:20:11 UTC 2016

It is possible to restrict the fields that are returned in this document by specifying the 'field' parameter in your request.
For example, to request only the issue key and summary add field=key&field=summary to the URL of your request.
For example:
https://issues.apache.org/jira/si/jira.issueviews:issue-xml/HIVE-11301/HIVE-11301.xml?field=key&amp;field=summary
-->
<rss version="0.92" >
<channel>
    <title>ASF JIRA</title>
    <link>https://issues.apache.org/jira</link>
    <description>This file is an XML representation of an issue</description>
    <language>en-uk</language>    <build-info>
        <version>6.3.4</version>
        <build-number>6332</build-number>
        <build-date>15-08-2014</build-date>
    </build-info>

<item>
            <title>[HIVE-11301] thrift metastore issue when getting stats results in disconnect</title>
                <link>https://issues.apache.org/jira/browse/HIVE-11301</link>
                <project id="12310843" key="HIVE">Hive</project>
                    <description>&lt;p&gt;On metastore side it looks like this:&lt;/p&gt;
&lt;div class=&quot;preformatted panel&quot; style=&quot;border-width: 1px;&quot;&gt;&lt;div class=&quot;preformattedContent panelContent&quot;&gt;
&lt;pre&gt;2015-07-17 20:32:27,795 ERROR [pool-3-thread-150]: server.TThreadPoolServer (TThreadPoolServer.java:run(294)) - Thrift error occurred during processing of message.
org.apache.thrift.protocol.TProtocolException: Required field &apos;colStats&apos; is unset! Struct:AggrStats(colStats:null, partsFound:0)
        at org.apache.hadoop.hive.metastore.api.AggrStats.validate(AggrStats.java:389)
        at org.apache.hadoop.hive.metastore.api.ThriftHiveMetastore$get_aggr_stats_for_result.validate(ThriftHiveMetastore.java)
        at org.apache.hadoop.hive.metastore.api.ThriftHiveMetastore$get_aggr_stats_for_result$get_aggr_stats_for_resultStandardScheme.write(ThriftHiveMetastore.java)
        at org.apache.hadoop.hive.metastore.api.ThriftHiveMetastore$get_aggr_stats_for_result$get_aggr_stats_for_resultStandardScheme.write(ThriftHiveMetastore.java)
        at org.apache.hadoop.hive.metastore.api.ThriftHiveMetastore$get_aggr_stats_for_result.write(ThriftHiveMetastore.java)
        at org.apache.thrift.ProcessFunction.process(ProcessFunction.java:53)
        at org.apache.hadoop.hive.metastore.TUGIBasedProcessor$1.run(TUGIBasedProcessor.java:110)
        at org.apache.hadoop.hive.metastore.TUGIBasedProcessor$1.run(TUGIBasedProcessor.java:106)
        at java.security.AccessController.doPrivileged(Native Method)
        at javax.security.auth.Subject.doAs(Subject.java:422)
        at org.apache.hadoop.security.UserGroupInformation.doAs(UserGroupInformation.java:1657)
        at org.apache.hadoop.hive.metastore.TUGIBasedProcessor.process(TUGIBasedProcessor.java:118)
        at org.apache.thrift.server.TThreadPoolServer$WorkerProcess.run(TThreadPoolServer.java:285)
        at java.util.concurrent.ThreadPoolExecutor.runWorker(ThreadPoolExecutor.java:1142)
        at java.util.concurrent.ThreadPoolExecutor$Worker.run(ThreadPoolExecutor.java:617)
        at java.lang.Thread.run(Thread.java:745)
&lt;/pre&gt;
&lt;/div&gt;&lt;/div&gt;

&lt;p&gt;and then&lt;/p&gt;
&lt;div class=&quot;preformatted panel&quot; style=&quot;border-width: 1px;&quot;&gt;&lt;div class=&quot;preformattedContent panelContent&quot;&gt;
&lt;pre&gt;2015-07-17 20:32:27,796 WARN  [pool-3-thread-150]: transport.TIOStreamTransport (TIOStreamTransport.java:close(112)) - Error closing output stream.
java.net.SocketException: Socket closed
        at java.net.SocketOutputStream.socketWrite(SocketOutputStream.java:116)
        at java.net.SocketOutputStream.write(SocketOutputStream.java:153)
        at java.io.BufferedOutputStream.flushBuffer(BufferedOutputStream.java:82)
        at java.io.BufferedOutputStream.flush(BufferedOutputStream.java:140)
        at java.io.FilterOutputStream.close(FilterOutputStream.java:158)
        at org.apache.thrift.transport.TIOStreamTransport.close(TIOStreamTransport.java:110)
        at org.apache.thrift.transport.TSocket.close(TSocket.java:196)
        at org.apache.hadoop.hive.thrift.TFilterTransport.close(TFilterTransport.java:52)
        at org.apache.thrift.server.TThreadPoolServer$WorkerProcess.run(TThreadPoolServer.java:304)
        at java.util.concurrent.ThreadPoolExecutor.runWorker(ThreadPoolExecutor.java:1142)
        at java.util.concurrent.ThreadPoolExecutor$Worker.run(ThreadPoolExecutor.java:617)
        at java.lang.Thread.run(Thread.java:745)
&lt;/pre&gt;
&lt;/div&gt;&lt;/div&gt;


&lt;p&gt;Which on client manifests as&lt;/p&gt;
&lt;div class=&quot;preformatted panel&quot; style=&quot;border-width: 1px;&quot;&gt;&lt;div class=&quot;preformattedContent panelContent&quot;&gt;
&lt;pre&gt;2015-07-17 20:32:27,796 WARN  [main()]: metastore.RetryingMetaStoreClient (RetryingMetaStoreClient.java:invoke(187)) - MetaStoreClient lost connection. Attempting to reconnect.
org.apache.thrift.transport.TTransportException
        at org.apache.thrift.transport.TIOStreamTransport.read(TIOStreamTransport.java:132)
        at org.apache.thrift.transport.TTransport.readAll(TTransport.java:86)
        at org.apache.thrift.protocol.TBinaryProtocol.readAll(TBinaryProtocol.java:429)
        at org.apache.thrift.protocol.TBinaryProtocol.readI32(TBinaryProtocol.java:318)
        at org.apache.thrift.protocol.TBinaryProtocol.readMessageBegin(TBinaryProtocol.java:219)
        at org.apache.thrift.TServiceClient.receiveBase(TServiceClient.java:69)
        at org.apache.hadoop.hive.metastore.api.ThriftHiveMetastore$Client.recv_get_aggr_stats_for(ThriftHiveMetastore.java:3029)
        at org.apache.hadoop.hive.metastore.api.ThriftHiveMetastore$Client.get_aggr_stats_for(ThriftHiveMetastore.java:3016)
        at org.apache.hadoop.hive.metastore.HiveMetaStoreClient.getAggrColStatsFor(HiveMetaStoreClient.java:2067)
        at sun.reflect.GeneratedMethodAccessor11.invoke(Unknown Source)
        at sun.reflect.DelegatingMethodAccessorImpl.invoke(DelegatingMethodAccessorImpl.java:43)
        at java.lang.reflect.Method.invoke(Method.java:497)
        at org.apache.hadoop.hive.metastore.RetryingMetaStoreClient.invoke(RetryingMetaStoreClient.java:156)
        at com.sun.proxy.$Proxy12.getAggrColStatsFor(Unknown Source)
        at sun.reflect.NativeMethodAccessorImpl.invoke0(Native Method)
        at sun.reflect.NativeMethodAccessorImpl.invoke(NativeMethodAccessorImpl.java:62)
        at sun.reflect.DelegatingMethodAccessorImpl.invoke(DelegatingMethodAccessorImpl.java:43)
        at java.lang.reflect.Method.invoke(Method.java:497)
        at org.apache.hadoop.hive.metastore.HiveMetaStoreClient$SynchronizedHandler.invoke(HiveMetaStoreClient.java:1991)
        at com.sun.proxy.$Proxy12.getAggrColStatsFor(Unknown Source)
        at org.apache.hadoop.hive.ql.metadata.Hive.getAggrColStatsFor(Hive.java:3124)
        at org.apache.hadoop.hive.ql.stats.StatsUtils.collectStatistics(StatsUtils.java:252)
        at org.apache.hadoop.hive.ql.stats.StatsUtils.collectStatistics(StatsUtils.java:137)
        at org.apache.hadoop.hive.ql.stats.StatsUtils.collectStatistics(StatsUtils.java:125)
        at org.apache.hadoop.hive.ql.optimizer.stats.annotation.StatsRulesProcFactory$TableScanStatsRule.process(Stat
sRulesProcFactory.java:111)
&lt;/pre&gt;
&lt;/div&gt;&lt;/div&gt;

&lt;p&gt;and CLI hangs for a really long time while this thing is retrying.&lt;/p&gt;</description>
                <environment></environment>
        <key id="12846039">HIVE-11301</key>
            <summary>thrift metastore issue when getting stats results in disconnect</summary>
                <type id="1" iconUrl="https://issues.apache.org/jira/images/icons/issuetypes/bug.png">Bug</type>
                                            <priority id="3" iconUrl="https://issues.apache.org/jira/images/icons/priorities/major.png">Major</priority>
                        <status id="6" iconUrl="https://issues.apache.org/jira/images/icons/statuses/closed.png" description="The issue is considered finished, the resolution is correct. Issues which are closed can be reopened.">Closed</status>
                    <statusCategory id="3" key="done" colorName="green"/>
                                    <resolution id="1">Fixed</resolution>
                                        <assignee username="pxiong">Pengcheng Xiong</assignee>
                                    <reporter username="sershe">Sergey Shelukhin</reporter>
                        <labels>
                    </labels>
                <created>Sat, 18 Jul 2015 00:41:40 +0000</created>
                <updated>Tue, 16 Feb 2016 23:50:38 +0000</updated>
                            <resolved>Thu, 23 Jul 2015 17:37:14 +0000</resolved>
                                                    <fixVersion>1.3.0</fixVersion>
                    <fixVersion>2.0.0</fixVersion>
                    <fixVersion>1.0.2</fixVersion>
                    <fixVersion>1.2.2</fixVersion>
                                    <component>Metastore</component>
                        <due></due>
                            <votes>0</votes>
                                    <watches>3</watches>
                                                                <comments>
                            <comment id="14632175" author="sershe" created="Sat, 18 Jul 2015 00:50:34 +0000"  >&lt;p&gt;(I know what the problem is, I don&apos;t have cycles to fix it right now &lt;img class=&quot;emoticon&quot; src=&quot;https://issues.apache.org/jira/images/icons/emoticons/smile.gif&quot; height=&quot;16&quot; width=&quot;16&quot; align=&quot;absmiddle&quot; alt=&quot;&quot; border=&quot;0&quot;/&gt;&lt;/p&gt;</comment>
                            <comment id="14634325" author="pxiong" created="Tue, 21 Jul 2015 00:24:54 +0000"  >&lt;p&gt;&lt;a href=&quot;https://issues.apache.org/jira/secure/ViewProfile.jspa?name=sershe&quot; class=&quot;user-hover&quot; rel=&quot;sershe&quot;&gt;Sergey Shelukhin&lt;/a&gt; and &lt;a href=&quot;https://issues.apache.org/jira/secure/ViewProfile.jspa?name=gopalv&quot; class=&quot;user-hover&quot; rel=&quot;gopalv&quot;&gt;Gopal V&lt;/a&gt;, could you please take a look? Thanks.&lt;/p&gt;</comment>
                            <comment id="14634330" author="sershe" created="Tue, 21 Jul 2015 00:27:34 +0000"  >&lt;p&gt;+1. I wonder if the problem if having invalid thrift resulting in retries should also be handled, in this or separate jira&lt;/p&gt;</comment>
                            <comment id="14634533" author="hiveqa" created="Tue, 21 Jul 2015 05:19:28 +0000"  >

&lt;p&gt;&lt;font color=&quot;red&quot;&gt;Overall&lt;/font&gt;: -1 at least one tests failed&lt;/p&gt;

&lt;p&gt;Here are the results of testing the latest attachment:&lt;br/&gt;
&lt;a href=&quot;https://issues.apache.org/jira/secure/attachment/12746228/HIVE-11301.01.patch&quot; class=&quot;external-link&quot; rel=&quot;nofollow&quot;&gt;https://issues.apache.org/jira/secure/attachment/12746228/HIVE-11301.01.patch&lt;/a&gt;&lt;/p&gt;

&lt;p&gt;&lt;font color=&quot;red&quot;&gt;ERROR:&lt;/font&gt; -1 due to 1 failed/errored test(s), 9186 tests executed&lt;br/&gt;
&lt;b&gt;Failed tests:&lt;/b&gt;&lt;/p&gt;
&lt;div class=&quot;preformatted panel&quot; style=&quot;border-width: 1px;&quot;&gt;&lt;div class=&quot;preformattedContent panelContent&quot;&gt;
&lt;pre&gt;TestMiniSparkOnYarnCliDriver - did not produce a TEST-*.xml file
&lt;/pre&gt;
&lt;/div&gt;&lt;/div&gt;

&lt;p&gt;Test results: &lt;a href=&quot;http://ec2-174-129-184-35.compute-1.amazonaws.com/jenkins/job/PreCommit-HIVE-TRUNK-Build/4674/testReport&quot; class=&quot;external-link&quot; rel=&quot;nofollow&quot;&gt;http://ec2-174-129-184-35.compute-1.amazonaws.com/jenkins/job/PreCommit-HIVE-TRUNK-Build/4674/testReport&lt;/a&gt;&lt;br/&gt;
Console output: &lt;a href=&quot;http://ec2-174-129-184-35.compute-1.amazonaws.com/jenkins/job/PreCommit-HIVE-TRUNK-Build/4674/console&quot; class=&quot;external-link&quot; rel=&quot;nofollow&quot;&gt;http://ec2-174-129-184-35.compute-1.amazonaws.com/jenkins/job/PreCommit-HIVE-TRUNK-Build/4674/console&lt;/a&gt;&lt;br/&gt;
Test logs: &lt;a href=&quot;http://ec2-174-129-184-35.compute-1.amazonaws.com/logs/PreCommit-HIVE-TRUNK-Build-4674/&quot; class=&quot;external-link&quot; rel=&quot;nofollow&quot;&gt;http://ec2-174-129-184-35.compute-1.amazonaws.com/logs/PreCommit-HIVE-TRUNK-Build-4674/&lt;/a&gt;&lt;/p&gt;

&lt;p&gt;Messages:&lt;/p&gt;
&lt;div class=&quot;preformatted panel&quot; style=&quot;border-width: 1px;&quot;&gt;&lt;div class=&quot;preformattedContent panelContent&quot;&gt;
&lt;pre&gt;Executing org.apache.hive.ptest.execution.PrepPhase
Executing org.apache.hive.ptest.execution.ExecutionPhase
Executing org.apache.hive.ptest.execution.ReportingPhase
Tests exited with: TestsFailedException: 1 tests failed
&lt;/pre&gt;
&lt;/div&gt;&lt;/div&gt;

&lt;p&gt;This message is automatically generated.&lt;/p&gt;

&lt;p&gt;ATTACHMENT ID: 12746228 - PreCommit-HIVE-TRUNK-Build&lt;/p&gt;</comment>
                            <comment id="14635418" author="pxiong" created="Tue, 21 Jul 2015 17:06:07 +0000"  >&lt;p&gt;It seems that the QA run is not completed. Now resubmit patch for a complete QA run.&lt;/p&gt;</comment>
                            <comment id="14635694" author="hiveqa" created="Tue, 21 Jul 2015 19:41:43 +0000"  >

&lt;p&gt;&lt;font color=&quot;green&quot;&gt;Overall&lt;/font&gt;: +1 all checks pass&lt;/p&gt;

&lt;p&gt;Here are the results of testing the latest attachment:&lt;br/&gt;
&lt;a href=&quot;https://issues.apache.org/jira/secure/attachment/12746384/HIVE-11301.02.patch&quot; class=&quot;external-link&quot; rel=&quot;nofollow&quot;&gt;https://issues.apache.org/jira/secure/attachment/12746384/HIVE-11301.02.patch&lt;/a&gt;&lt;/p&gt;

&lt;p&gt;&lt;font color=&quot;green&quot;&gt;SUCCESS:&lt;/font&gt; +1 9230 tests passed&lt;/p&gt;

&lt;p&gt;Test results: &lt;a href=&quot;http://ec2-174-129-184-35.compute-1.amazonaws.com/jenkins/job/PreCommit-HIVE-TRUNK-Build/4683/testReport&quot; class=&quot;external-link&quot; rel=&quot;nofollow&quot;&gt;http://ec2-174-129-184-35.compute-1.amazonaws.com/jenkins/job/PreCommit-HIVE-TRUNK-Build/4683/testReport&lt;/a&gt;&lt;br/&gt;
Console output: &lt;a href=&quot;http://ec2-174-129-184-35.compute-1.amazonaws.com/jenkins/job/PreCommit-HIVE-TRUNK-Build/4683/console&quot; class=&quot;external-link&quot; rel=&quot;nofollow&quot;&gt;http://ec2-174-129-184-35.compute-1.amazonaws.com/jenkins/job/PreCommit-HIVE-TRUNK-Build/4683/console&lt;/a&gt;&lt;br/&gt;
Test logs: &lt;a href=&quot;http://ec2-174-129-184-35.compute-1.amazonaws.com/logs/PreCommit-HIVE-TRUNK-Build-4683/&quot; class=&quot;external-link&quot; rel=&quot;nofollow&quot;&gt;http://ec2-174-129-184-35.compute-1.amazonaws.com/logs/PreCommit-HIVE-TRUNK-Build-4683/&lt;/a&gt;&lt;/p&gt;

&lt;p&gt;Messages:&lt;/p&gt;
&lt;div class=&quot;preformatted panel&quot; style=&quot;border-width: 1px;&quot;&gt;&lt;div class=&quot;preformattedContent panelContent&quot;&gt;
&lt;pre&gt;Executing org.apache.hive.ptest.execution.PrepPhase
Executing org.apache.hive.ptest.execution.ExecutionPhase
Executing org.apache.hive.ptest.execution.ReportingPhase
&lt;/pre&gt;
&lt;/div&gt;&lt;/div&gt;

&lt;p&gt;This message is automatically generated.&lt;/p&gt;

&lt;p&gt;ATTACHMENT ID: 12746384 - PreCommit-HIVE-TRUNK-Build&lt;/p&gt;</comment>
                            <comment id="14635698" author="pxiong" created="Tue, 21 Jul 2015 19:46:02 +0000"  >&lt;p&gt;&lt;a href=&quot;https://issues.apache.org/jira/secure/ViewProfile.jspa?name=sershe&quot; class=&quot;user-hover&quot; rel=&quot;sershe&quot;&gt;Sergey Shelukhin&lt;/a&gt;, could you please take a look? IMHO, I think the problem of invalid thrift can be handled in future, in a separate JIRA. Thanks.&lt;/p&gt;</comment>
                            <comment id="14635710" author="sershe" created="Tue, 21 Jul 2015 19:55:41 +0000"  >&lt;p&gt;+1&lt;/p&gt;</comment>
                            <comment id="14639112" author="pxiong" created="Thu, 23 Jul 2015 16:48:31 +0000"  >&lt;p&gt;&lt;a href=&quot;https://issues.apache.org/jira/secure/ViewProfile.jspa?name=sershe&quot; class=&quot;user-hover&quot; rel=&quot;sershe&quot;&gt;Sergey Shelukhin&lt;/a&gt;, the patch passed QA and I think it is ready to go. Thanks.&lt;/p&gt;</comment>
                            <comment id="14639233" author="sershe" created="Thu, 23 Jul 2015 17:37:14 +0000"  >&lt;p&gt;committed to master and branch-1&lt;/p&gt;</comment>
                            <comment id="14736271" author="lefty@hortonworks.com" created="Wed, 9 Sep 2015 06:18:31 +0000"  >&lt;p&gt;Commit c2f5b3c5de4105a2008bf91da378a9581dbd6a89 put this in branch-1.2 so shouldn&apos;t the Fix Version/s include 1.2.2 now?&lt;/p&gt;</comment>
                            <comment id="14738352" author="lefty@hortonworks.com" created="Thu, 10 Sep 2015 07:44:48 +0000"  >&lt;p&gt;&lt;a href=&quot;https://issues.apache.org/jira/secure/ViewProfile.jspa?name=pxiong&quot; class=&quot;user-hover&quot; rel=&quot;pxiong&quot;&gt;Pengcheng Xiong&lt;/a&gt;, versions 1.2.0 and 1.2.1 are already released, so any new commits to branch-1.2 will go into a future version 1.2.2.  That&apos;s why I think Fix Version/s should say 1.2.2 instead of 1.2.0.&lt;/p&gt;</comment>
                            <comment id="14944581" author="lefty@hortonworks.com" created="Tue, 6 Oct 2015 06:41:50 +0000"  >&lt;p&gt;Now the Fix Version/s should include 1.0.2 as well (commit f1939cb5ad3e0a10736d986f3ed47b5577da2ef9).&lt;/p&gt;</comment>
                    </comments>
                <issuelinks>
                            <issuelinktype id="12310000">
                    <name>Duplicate</name>
                                                                <inwardlinks description="is duplicated by">
                                        <issuelink>
            <issuekey id="12846397">HIVE-11323</issuekey>
        </issuelink>
                            </inwardlinks>
                                    </issuelinktype>
                    </issuelinks>
                <attachments>
                            <attachment id="12746228" name="HIVE-11301.01.patch" size="16481" author="pxiong" created="Tue, 21 Jul 2015 00:24:06 +0000"/>
                            <attachment id="12746384" name="HIVE-11301.02.patch" size="16481" author="pxiong" created="Tue, 21 Jul 2015 17:06:07 +0000"/>
                    </attachments>
                <subtasks>
                    </subtasks>
                <customfields>
                                                <customfield id="customfield_12310310" key="com.atlassian.jira.toolkit:attachments">
                        <customfieldname>Attachment count</customfieldname>
                        <customfieldvalues>
                            <customfieldvalue>2.0</customfieldvalue>
                        </customfieldvalues>
                    </customfield>
                                                                                                                                                                                                                                                                                                                                                                                                                                                                                                                                <customfield id="customfield_12310220" key="com.atlassian.jira.ext.charting:firstresponsedate">
                        <customfieldname>Date of First Response</customfieldname>
                        <customfieldvalues>
                            <customfieldvalue>Tue, 21 Jul 2015 00:24:54 +0000</customfieldvalue>

                        </customfieldvalues>
                    </customfield>
                                                                                                                                                                                                                                                                                                                                                                                                                                            <customfield id="customfield_12310420" key="com.pyxis.greenhopper.jira:gh-global-rank">
                        <customfieldname>Global Rank</customfieldname>
                        <customfieldvalues>
                            <customfieldvalue>9223372036854775807</customfieldvalue>
                        </customfieldvalues>
                    </customfield>
                                                                                                                                                    <customfield id="customfield_12312521" key="com.atlassian.jira.toolkit:LastCommentDate">
                        <customfieldname>Last public comment date</customfieldname>
                        <customfieldvalues>
                            1 year, 8 weeks, 4 days ago
                        </customfieldvalues>
                    </customfield>
                                                                                            <customfield id="customfield_12311820" key="com.pyxis.greenhopper.jira:gh-lexo-rank">
                        <customfieldname>Rank</customfieldname>
                        <customfieldvalues>
                            <customfieldvalue>0|i2heuf:</customfieldvalue>

                        </customfieldvalues>
                    </customfield>
                                                                <customfield id="customfield_12310920" key="com.pyxis.greenhopper.jira:gh-global-rank">
                        <customfieldname>Rank (Obsolete)</customfieldname>
                        <customfieldvalues>
                            <customfieldvalue>9223372036854775807</customfieldvalue>
                        </customfieldvalues>
                    </customfield>
                                                                                                                                                                                                                                                                                                                            <customfield id="customfield_12310222" key="com.atlassian.jira.ext.charting:timeinstatus">
                        <customfieldname>Time in Status</customfieldname>
                        <customfieldvalues>
                            
                        </customfieldvalues>
                    </customfield>
                                                                                                                        </customfields>
    </item>
</channel>
</rss>