<!-- 
RSS generated by JIRA (6.3.4#6332-sha1:51bc225ef474afe3128b2f66878477f322397b16) at Fri Dec 02 23:20:38 UTC 2016

It is possible to restrict the fields that are returned in this document by specifying the 'field' parameter in your request.
For example, to request only the issue key and summary add field=key&field=summary to the URL of your request.
For example:
https://issues.apache.org/jira/si/jira.issueviews:issue-xml/HIVE-1257/HIVE-1257.xml?field=key&amp;field=summary
-->
<rss version="0.92" >
<channel>
    <title>ASF JIRA</title>
    <link>https://issues.apache.org/jira</link>
    <description>This file is an XML representation of an issue</description>
    <language>en-uk</language>    <build-info>
        <version>6.3.4</version>
        <build-number>6332</build-number>
        <build-date>15-08-2014</build-date>
    </build-info>

<item>
            <title>[HIVE-1257] joins between HBase tables and other tables (whether HBase or not) are broken</title>
                <link>https://issues.apache.org/jira/browse/HIVE-1257</link>
                <project id="12310843" key="HIVE">Hive</project>
                    <description>&lt;p&gt;Details in&lt;/p&gt;

&lt;p&gt;&lt;a href=&quot;http://mail-archives.apache.org/mod_mbox/hadoop-hive-user/201003.mbox/%3C9A53DDE1FE082F4D952FDF20AC87E21F021F3EBC@exchange2.t8design.com%3E&quot; class=&quot;external-link&quot; rel=&quot;nofollow&quot;&gt;http://mail-archives.apache.org/mod_mbox/hadoop-hive-user/201003.mbox/%3C9A53DDE1FE082F4D952FDF20AC87E21F021F3EBC@exchange2.t8design.com%3E&lt;/a&gt;&lt;/p&gt;</description>
                <environment></environment>
        <key id="12459590">HIVE-1257</key>
            <summary>joins between HBase tables and other tables (whether HBase or not) are broken</summary>
                <type id="1" iconUrl="https://issues.apache.org/jira/images/icons/issuetypes/bug.png">Bug</type>
                                            <priority id="3" iconUrl="https://issues.apache.org/jira/images/icons/priorities/major.png">Major</priority>
                        <status id="6" iconUrl="https://issues.apache.org/jira/images/icons/statuses/closed.png" description="The issue is considered finished, the resolution is correct. Issues which are closed can be reopened.">Closed</status>
                    <statusCategory id="3" key="done" colorName="green"/>
                                    <resolution id="1">Fixed</resolution>
                                        <assignee username="jvs">John Sichi</assignee>
                                    <reporter username="jvs">John Sichi</reporter>
                        <labels>
                            <label>HiveHBase</label>
                    </labels>
                <created>Thu, 18 Mar 2010 22:57:12 +0000</created>
                <updated>Sat, 17 Dec 2011 00:03:26 +0000</updated>
                            <resolved>Tue, 23 Mar 2010 22:35:02 +0000</resolved>
                                    <version>0.6.0</version>
                                    <fixVersion>0.6.0</fixVersion>
                                    <component>HBase Handler</component>
                        <due></due>
                            <votes>0</votes>
                                    <watches>4</watches>
                                                                <comments>
                            <comment id="12847155" author="jvs" created="Thu, 18 Mar 2010 22:57:57 +0000"  >&lt;p&gt;Copying details from mailing list thread:&lt;/p&gt;

&lt;p&gt;From  	&quot;Daniel Pruckler&quot; &amp;lt;Daniel.Pruck...@t8webware.com&amp;gt;&lt;br/&gt;
Subject 	Problem when joining hbase tables in hive&lt;br/&gt;
Date 	Thu, 18 Mar 2010 16:50:22 GMT&lt;/p&gt;

&lt;p&gt;We&apos;re just starting with the HBaseIntegration, and are really excited about it, great work&lt;br/&gt;
on this.  Thanks&lt;/p&gt;



&lt;p&gt;We are running into a problem when joining two hbase tables.  It seems to usually work when&lt;br/&gt;
joining one hbase table with one hive table, but not always.  Let me know if I&apos;m doing something&lt;br/&gt;
wrong.&lt;/p&gt;



&lt;p&gt;My workaround for right now is to create new tables in hive and overwrite that table with&lt;br/&gt;
the external hbase table, and then join from the new tables.  In our situation this is working&lt;br/&gt;
as the one large table we&apos;ve got seems to work just fine in hbase, we just need to overwrite&lt;br/&gt;
the smaller join tables before doing a join.  I have one join example at the end of this email&lt;br/&gt;
that fails when joining an hbase and hive table.&lt;/p&gt;









&lt;p&gt;Here&apos;s what I did:&lt;/p&gt;



&lt;p&gt;Create the HBase tables:&lt;/p&gt;



&lt;p&gt;create &apos;users&apos;, &apos;info&apos;&lt;/p&gt;

&lt;p&gt;put &apos;users&apos;, &apos;user1&apos;, &apos;info:state&apos;, &apos;IA&apos;&lt;/p&gt;

&lt;p&gt;put &apos;users&apos;, &apos;user1&apos;, &apos;info:country&apos;, &apos;USA&apos;&lt;/p&gt;

&lt;p&gt;put &apos;users&apos;, &apos;user1&apos;, &apos;info:country_id&apos;, &apos;0&apos;&lt;/p&gt;



&lt;p&gt;create &apos;states&apos;, &apos;state&apos;&lt;/p&gt;

&lt;p&gt;put &apos;states&apos;, &apos;IA&apos;, &apos;state:name&apos;, &apos;Iowa&apos;&lt;/p&gt;



&lt;p&gt;create &apos;countries&apos;, &apos;info&apos;&lt;/p&gt;

&lt;p&gt;put &apos;countries&apos;, &apos;USA&apos;, &apos;info:name&apos;, &apos;United States&apos;&lt;/p&gt;

&lt;p&gt;put &apos;countries&apos;, &apos;USA&apos;, &apos;info:country&apos;, &apos;USA&apos;&lt;/p&gt;

&lt;p&gt;put &apos;countries&apos;, &apos;USA&apos;, &apos;info:country_id&apos;, &apos;1&apos;&lt;/p&gt;







&lt;p&gt;Create the hive tables:&lt;/p&gt;



&lt;p&gt;CREATE EXTERNAL TABLE users(key string, state string, country string, country_id int) &lt;/p&gt;

&lt;p&gt;STORED BY &apos;org.apache.hadoop.hive.hbase.HBaseStorageHandler&apos;&lt;/p&gt;

&lt;p&gt;WITH SERDEPROPERTIES (&lt;/p&gt;

&lt;p&gt;&quot;hbase.key.type&quot; = &quot;string&quot;,&lt;/p&gt;

&lt;p&gt;&quot;hbase.columns.mapping&quot; = &quot;info:state,info:country,info:country_id&quot;,&lt;/p&gt;

&lt;p&gt;&quot;hbase.table.name&quot; = &quot;users&quot;&lt;/p&gt;

&lt;p&gt;);&lt;/p&gt;



&lt;p&gt;CREATE EXTERNAL TABLE states(key string, name string) &lt;/p&gt;

&lt;p&gt;STORED BY &apos;org.apache.hadoop.hive.hbase.HBaseStorageHandler&apos;&lt;/p&gt;

&lt;p&gt;WITH SERDEPROPERTIES (&lt;/p&gt;

&lt;p&gt;&quot;hbase.key.type&quot; = &quot;string&quot;,&lt;/p&gt;

&lt;p&gt;&quot;hbase.columns.mapping&quot; = &quot;state:name&quot;,&lt;/p&gt;

&lt;p&gt;&quot;hbase.table.name&quot; = &quot;states&quot;&lt;/p&gt;

&lt;p&gt;);&lt;/p&gt;



&lt;p&gt;CREATE EXTERNAL TABLE countries(key string, name string, country string, country_id int) &lt;/p&gt;

&lt;p&gt;STORED BY &apos;org.apache.hadoop.hive.hbase.HBaseStorageHandler&apos;&lt;/p&gt;

&lt;p&gt;WITH SERDEPROPERTIES (&lt;/p&gt;

&lt;p&gt;&quot;hbase.key.type&quot; = &quot;string&quot;,&lt;/p&gt;

&lt;p&gt;&quot;hbase.columns.mapping&quot; = &quot;info:name,info:country,info:country_id&quot;,&lt;/p&gt;

&lt;p&gt;&quot;hbase.table.name&quot; = &quot;countries&quot;&lt;/p&gt;

&lt;p&gt;);&lt;/p&gt;





&lt;p&gt;Then try to join, this returns no results:&lt;/p&gt;

&lt;p&gt;SELECT u.key, u.country, c.name, c.key FROM users u JOIN countries c ON (u.country = c.key);&lt;/p&gt;

&lt;p&gt;OK&lt;/p&gt;

&lt;p&gt;Time taken: 26.75 seconds&lt;/p&gt;





&lt;p&gt;This returns results, but not what&apos;s expected, it seems like it joins the user table with&lt;br/&gt;
itself&lt;/p&gt;

&lt;p&gt;SELECT u.key, u.country, c.name, c.key FROM users u JOIN countries c ON (u.country = c.country);&lt;/p&gt;

&lt;p&gt;OK&lt;/p&gt;

&lt;p&gt;user1     USA        NULL      user1&lt;/p&gt;

&lt;p&gt;Time taken: 24.867 seconds&lt;/p&gt;





&lt;p&gt;This also returns results (it should not as the country_ids do not match)&lt;/p&gt;

&lt;p&gt;SELECT u.key, u.country, c.name, c.key FROM users u JOIN countries c ON (u.country_id = c.country_id);&lt;/p&gt;

&lt;p&gt;OK&lt;/p&gt;

&lt;p&gt;user1     USA        NULL      user1&lt;/p&gt;

&lt;p&gt;Time taken: 22.868 seconds&lt;/p&gt;









&lt;p&gt;I would guess this is part of the same issue, trying to join anything in state with user results&lt;br/&gt;
in an error (state does not have an &apos;info&apos; column family)&lt;/p&gt;

&lt;p&gt;hive&amp;gt; SELECT u.key, u.state, s.name FROM users u JOIN states s ON (u.state = s.key);&lt;/p&gt;

&lt;p&gt;Total MapReduce jobs = 1&lt;/p&gt;

&lt;p&gt;Launching Job 1 out of 1&lt;/p&gt;

&lt;p&gt;Number of reduce tasks not specified. Estimated from input data size: 1&lt;/p&gt;

&lt;p&gt;In order to change the average load for a reducer (in bytes):&lt;/p&gt;

&lt;p&gt;  set hive.exec.reducers.bytes.per.reducer=&amp;lt;number&amp;gt;&lt;/p&gt;

&lt;p&gt;In order to limit the maximum number of reducers:&lt;/p&gt;

&lt;p&gt;  set hive.exec.reducers.max=&amp;lt;number&amp;gt;&lt;/p&gt;

&lt;p&gt;In order to set a constant number of reducers:&lt;/p&gt;

&lt;p&gt;  set mapred.reduce.tasks=&amp;lt;number&amp;gt;&lt;/p&gt;

&lt;p&gt;Starting Job = job_201003150937_0096, Tracking URL = &lt;a href=&quot;http://localhost:50030/jobdetails.jsp?jobid=job_201003150937_0096&quot; class=&quot;external-link&quot; rel=&quot;nofollow&quot;&gt;http://localhost:50030/jobdetails.jsp?jobid=job_201003150937_0096&lt;/a&gt;&lt;/p&gt;

&lt;p&gt;Kill Command = /usr/lib/hadoop/bin/../bin/hadoop job  -Dmapred.job.tracker=localhost:9001&lt;br/&gt;
-kill job_201003150937_0096&lt;/p&gt;

&lt;p&gt;2010-03-18 10:43:28,730 Stage-1 map = 0%,  reduce = 0%&lt;/p&gt;

&lt;p&gt;2010-03-18 10:43:34,908 Stage-1 map = 50%,  reduce = 0%&lt;/p&gt;

&lt;p&gt;2010-03-18 10:43:44,020 Stage-1 map = 50%,  reduce = 17%&lt;/p&gt;

&lt;p&gt;2010-03-18 10:44:02,146 Stage-1 map = 100%,  reduce = 100%&lt;/p&gt;

&lt;p&gt;Ended Job = job_201003150937_0096 with errors&lt;/p&gt;



&lt;p&gt;Task with the most failures(4): &lt;/p&gt;

&lt;hr /&gt;

&lt;p&gt;Task ID:&lt;/p&gt;

&lt;p&gt;  task_201003150937_0096_m_000001&lt;/p&gt;



&lt;p&gt;URL:&lt;/p&gt;

&lt;p&gt;  &lt;a href=&quot;http://localhost:50030/taskdetails.jsp?jobid=job_201003150937_0096&amp;amp;tipid=task_201003150937_0096_m_000001&quot; class=&quot;external-link&quot; rel=&quot;nofollow&quot;&gt;http://localhost:50030/taskdetails.jsp?jobid=job_201003150937_0096&amp;amp;tipid=task_201003150937_0096_m_000001&lt;/a&gt;&lt;/p&gt;

&lt;hr /&gt;



&lt;p&gt;FAILED: Execution Error, return code 2 from org.apache.hadoop.hive.ql.exec.ExecDriver&lt;/p&gt;



&lt;p&gt;org.apache.hadoop.hbase.regionserver.NoSuchColumnFamilyException: org.apache.hadoop.hbase.regionserver.NoSuchColumnFamilyException:&lt;br/&gt;
Column family state does not exist in region users,,1268926579188 in table {NAME =&amp;gt; &apos;users&apos;,&lt;br/&gt;
FAMILIES =&amp;gt; [&lt;/p&gt;
{NAME =&amp;gt; &apos;info&apos;, COMPRESSION =&amp;gt; &apos;NONE&apos;, VERSIONS =&amp;gt; &apos;3&apos;, TTL =&amp;gt;
&apos;2147483647&apos;, BLOCKSIZE =&amp;gt; &apos;65536&apos;, IN_MEMORY =&amp;gt; &apos;false&apos;, BLOCKCACHE =&amp;gt; &apos;true&apos;}
&lt;p&gt;]}&lt;/p&gt;

&lt;p&gt;                at org.apache.hadoop.hbase.regionserver.HRegion.checkFamily(HRegion.java:2476)&lt;/p&gt;

&lt;p&gt;                at org.apache.hadoop.hbase.regionserver.HRegion.getScanner(HRegion.java:1107)&lt;/p&gt;

&lt;p&gt;                at org.apache.hadoop.hbase.regionserver.HRegion.getScanner(HRegion.java:1095)&lt;/p&gt;

&lt;p&gt;                at org.apache.hadoop.hbase.regionserver.HRegionServer.openScanner(HRegionServer.java:1846)&lt;/p&gt;

&lt;p&gt;                at sun.reflect.GeneratedMethodAccessor8.invoke(Unknown Source)&lt;/p&gt;

&lt;p&gt;                at sun.reflect.DelegatingMethodAccessorImpl.invoke(DelegatingMethodAccessorImpl.java:25)&lt;/p&gt;

&lt;p&gt;                at java.lang.reflect.Method.invoke(Method.java:597)&lt;/p&gt;

&lt;p&gt;                at org.apache.hadoop.hbase.ipc.HBaseRPC$Server.call(HBaseRPC.java:657)&lt;/p&gt;

&lt;p&gt;                at org.apache.hadoop.hbase.ipc.HBaseServer$Handler.run(HBaseServer.java:915)&lt;/p&gt;



&lt;p&gt;                at sun.reflect.NativeConstructorAccessorImpl.newInstance0(Native Method)&lt;/p&gt;

&lt;p&gt;                at sun.reflect.NativeConstructorAccessorImpl.newInstance(NativeConstructorAccessorImpl.java:39)&lt;/p&gt;

&lt;p&gt;                at sun.reflect.DelegatingConstructorAccessorImpl.newInstance(DelegatingConstructorAccessorImpl.java:27)&lt;/p&gt;

&lt;p&gt;                at java.lang.reflect.Constructor.newInstance(Constructor.java:513)&lt;/p&gt;

&lt;p&gt;                at org.apache.hadoop.hbase.RemoteExceptionHandler.decodeRemoteException(RemoteExceptionHandler.java:94)&lt;/p&gt;

&lt;p&gt;                at org.apache.hadoop.hbase.client.HConnectionManager$TableServers.getRegionServerWithRetries(HConnectionManager.java:1041)&lt;/p&gt;

&lt;p&gt;                at org.apache.hadoop.hbase.client.HTable$ClientScanner.nextScanner(HTable.java:1935)&lt;/p&gt;

&lt;p&gt;                at org.apache.hadoop.hbase.client.HTable$ClientScanner.initialize(HTable.java:1855)&lt;/p&gt;

&lt;p&gt;                at org.apache.hadoop.hbase.client.HTable.getScanner(HTable.java:376)&lt;/p&gt;

&lt;p&gt;                at org.apache.hadoop.hbase.mapred.TableInputFormatBase$TableRecordReader.restart(TableInputFormatBase.java:129)&lt;/p&gt;

&lt;p&gt;                at org.apache.hadoop.hbase.mapred.TableInputFormatBase$TableRecordReader.init(TableInputFormatBase.java:139)&lt;/p&gt;

&lt;p&gt;                at org.apache.hadoop.hbase.mapred.TableInputFormatBase.getRecordReader(TableInputFormatBase.java:260)&lt;/p&gt;

&lt;p&gt;                at org.apache.hadoop.hive.hbase.HiveHBaseTableInputFormat.getRecordReader(HiveHBaseTableInputFormat.java:119)&lt;/p&gt;

&lt;p&gt;                at org.apache.hadoop.hive.ql.io.HiveInputFormat.getRecordReader(HiveInputFormat.java:229)&lt;/p&gt;

&lt;p&gt;                at org.apache.hadoop.mapred.MapTask.runOldMapper(MapTask.java:338)&lt;/p&gt;

&lt;p&gt;                at org.apache.hadoop.mapred.MapTask.run(MapTask.java:307)&lt;/p&gt;

&lt;p&gt;                at org.apache.hadoop.mapred.Child.main(Child.java:170)&lt;/p&gt;







&lt;p&gt;Here&apos;s my workaround that allows me to be able to join.&lt;/p&gt;



&lt;p&gt;CREATE TABLE hive_users(key string, state string, country string, country_id int);&lt;/p&gt;

&lt;p&gt;INSERT OVERWRITE TABLE hive_users SELECT key, state, country, country_id FROM users;&lt;/p&gt;



&lt;p&gt;CREATE TABLE hive_states(key string, name string);&lt;/p&gt;

&lt;p&gt;INSERT OVERWRITE TABLE hive_states SELECT key, name FROM states;&lt;/p&gt;



&lt;p&gt;CREATE TABLE hive_countries(key string, name string, country string, country_id int);&lt;/p&gt;

&lt;p&gt;INSERT OVERWRITE TABLE hive_countries SELECT key, name, country, country_id FROM countries;&lt;/p&gt;





&lt;p&gt;Any of my selects work just fine:&lt;/p&gt;

&lt;p&gt;SELECT u.key, u.state, s.name FROM hive_users u JOIN hive_states s ON (u.state = s.key);&lt;/p&gt;

&lt;p&gt;SELECT u.key, u.country, c.name FROM hive_users u JOIN hive_countries c ON (u.country = c.key);&lt;/p&gt;







&lt;p&gt;When joining one hbase table it will work with some tables, and give errors with others, I&apos;m&lt;br/&gt;
not seeing anything I&apos;m doing wrong with the select.&lt;/p&gt;



&lt;p&gt;This works:&lt;/p&gt;

&lt;p&gt;SELECT u.key, u.country, c.name FROM users u JOIN hive_countries c ON (u.country = c.key);&lt;/p&gt;



&lt;p&gt;However while trying other things, I found that this query does not work, and cannot figure&lt;br/&gt;
out why it&apos;d be any different, maybe I&apos;m doing something wrong.&lt;/p&gt;

&lt;p&gt;SELECT u.key, u.country, c.name FROM hive_users u JOIN countries c ON (u.country = c.key);&lt;/p&gt;



&lt;p&gt;Ended Job = job_201003150937_0118 with errors&lt;/p&gt;



&lt;p&gt;Task with the most failures(4): &lt;/p&gt;

&lt;hr /&gt;

&lt;p&gt;Task ID:&lt;/p&gt;

&lt;p&gt;  task_201003150937_0118_m_000001&lt;/p&gt;



&lt;p&gt;URL:&lt;/p&gt;

&lt;p&gt;  &lt;a href=&quot;http://localhost:50030/taskdetails.jsp?jobid=job_201003150937_0118&amp;amp;tipid=task_201003150937_0118_m_000001&quot; class=&quot;external-link&quot; rel=&quot;nofollow&quot;&gt;http://localhost:50030/taskdetails.jsp?jobid=job_201003150937_0118&amp;amp;tipid=task_201003150937_0118_m_000001&lt;/a&gt;&lt;/p&gt;

&lt;hr /&gt;



&lt;p&gt;FAILED: Execution Error, return code 2 from org.apache.hadoop.hive.ql.exec.ExecDriver&lt;/p&gt;





&lt;p&gt;java.lang.IllegalArgumentException: string cannot be null&lt;/p&gt;

&lt;p&gt;                at org.apache.hadoop.hbase.util.Bytes.toBytes(Bytes.java:390)&lt;/p&gt;

&lt;p&gt;                at org.apache.hadoop.hive.hbase.HiveHBaseTableInputFormat.getRecordReader(HiveHBaseTableInputFormat.java:68)&lt;/p&gt;

&lt;p&gt;                at org.apache.hadoop.hive.ql.io.HiveInputFormat.getRecordReader(HiveInputFormat.java:229)&lt;/p&gt;

&lt;p&gt;                at org.apache.hadoop.mapred.MapTask.runOldMapper(MapTask.java:338)&lt;/p&gt;

&lt;p&gt;                at org.apache.hadoop.mapred.MapTask.run(MapTask.java:307)&lt;/p&gt;

&lt;p&gt;                at org.apache.hadoop.mapred.Child.main(Child.java:170)&lt;/p&gt;











&lt;p&gt;Thanks,&lt;/p&gt;

&lt;p&gt;Daniel&lt;/p&gt;





</comment>
                            <comment id="12847183" author="jvs" created="Fri, 19 Mar 2010 01:05:55 +0000"  >&lt;p&gt;Preliminary patch which fixes the test queries; I haven&apos;t run through regression tests yet.&lt;/p&gt;</comment>
                            <comment id="12847184" author="jvs" created="Fri, 19 Mar 2010 01:07:49 +0000"  >&lt;p&gt;I also need to add new tests for the real patch submission.&lt;/p&gt;</comment>
                            <comment id="12848298" author="jvs" created="Mon, 22 Mar 2010 19:30:17 +0000"  >&lt;p&gt;&lt;a href=&quot;https://issues.apache.org/jira/browse/HIVE-1257&quot; title=&quot;joins between HBase tables and other tables (whether HBase or not) are broken&quot; class=&quot;issue-link&quot; data-issue-key=&quot;HIVE-1257&quot;&gt;&lt;del&gt;HIVE-1257&lt;/del&gt;&lt;/a&gt;.1.patch is the real fix.&lt;/p&gt;

&lt;p&gt;Per &lt;a href=&quot;https://issues.apache.org/jira/browse/HIVE-1236&quot; title=&quot;test HBase input format plus CombinedHiveInputFormat&quot; class=&quot;issue-link&quot; data-issue-key=&quot;HIVE-1236&quot;&gt;&lt;del&gt;HIVE-1236&lt;/del&gt;&lt;/a&gt;, I made it work both with and without CombineHiveInputFormat, but only by making CombineHiveInputFormat punt in the case where it sees a non-native table.  This is not a good long-term solution, so I&apos;m opening a separate issue &lt;a href=&quot;https://issues.apache.org/jira/browse/HIVE-1267&quot; title=&quot;Make CombineHiveInputFormat work with non-native tables&quot; class=&quot;issue-link&quot; data-issue-key=&quot;HIVE-1267&quot;&gt;HIVE-1267&lt;/a&gt; for that.&lt;/p&gt;</comment>
                            <comment id="12848543" author="namit" created="Tue, 23 Mar 2010 04:33:38 +0000"  >&lt;p&gt;Can you add a test (or run the sane test) with CombineHiveInputFormat also ?&lt;/p&gt;</comment>
                            <comment id="12848878" author="jvs" created="Tue, 23 Mar 2010 19:43:52 +0000"  >&lt;p&gt;&lt;a href=&quot;https://issues.apache.org/jira/browse/HIVE-1257&quot; title=&quot;joins between HBase tables and other tables (whether HBase or not) are broken&quot; class=&quot;issue-link&quot; data-issue-key=&quot;HIVE-1257&quot;&gt;&lt;del&gt;HIVE-1257&lt;/del&gt;&lt;/a&gt;.2.patch repeats the test with CombineHiveInputFormat&lt;/p&gt;</comment>
                            <comment id="12848886" author="namit" created="Tue, 23 Mar 2010 20:16:02 +0000"  >&lt;p&gt;+1&lt;/p&gt;

&lt;p&gt;will commit if the tests pass&lt;/p&gt;</comment>
                            <comment id="12848939" author="namit" created="Tue, 23 Mar 2010 22:35:02 +0000"  >&lt;p&gt;Committed. Thanks John&lt;/p&gt;</comment>
                    </comments>
                <issuelinks>
                            <issuelinktype id="10030">
                    <name>Reference</name>
                                            <outwardlinks description="relates to">
                                        <issuelink>
            <issuekey id="12431664">HIVE-705</issuekey>
        </issuelink>
                            </outwardlinks>
                                                        </issuelinktype>
                    </issuelinks>
                <attachments>
                            <attachment id="12439492" name="HIVE-1257.1.patch" size="10864" author="jvs" created="Mon, 22 Mar 2010 19:30:17 +0000"/>
                            <attachment id="12439602" name="HIVE-1257.2.patch" size="14193" author="jvs" created="Tue, 23 Mar 2010 19:43:52 +0000"/>
                            <attachment id="12439230" name="HIVE-1257.prelim.patch" size="2193" author="jvs" created="Fri, 19 Mar 2010 01:05:55 +0000"/>
                    </attachments>
                <subtasks>
                    </subtasks>
                <customfields>
                                                <customfield id="customfield_12310310" key="com.atlassian.jira.toolkit:attachments">
                        <customfieldname>Attachment count</customfieldname>
                        <customfieldvalues>
                            <customfieldvalue>3.0</customfieldvalue>
                        </customfieldvalues>
                    </customfield>
                                                                                                                                                                                                                                                                                                                                                                                                                                                                                                                                <customfield id="customfield_12310220" key="com.atlassian.jira.ext.charting:firstresponsedate">
                        <customfieldname>Date of First Response</customfieldname>
                        <customfieldvalues>
                            <customfieldvalue>Tue, 23 Mar 2010 04:33:38 +0000</customfieldvalue>

                        </customfieldvalues>
                    </customfield>
                                                                                                                                                                                                                                                                                                                                                                                                                                            <customfield id="customfield_12310420" key="com.pyxis.greenhopper.jira:gh-global-rank">
                        <customfieldname>Global Rank</customfieldname>
                        <customfieldvalues>
                            <customfieldvalue>73012</customfieldvalue>
                        </customfieldvalues>
                    </customfield>
                                                                <customfield id="customfield_12310191" key="com.atlassian.jira.plugin.system.customfieldtypes:multicheckboxes">
                        <customfieldname>Hadoop Flags</customfieldname>
                        <customfieldvalues>
                                <customfieldvalue key="10343"><![CDATA[Reviewed]]></customfieldvalue>
    
                        </customfieldvalues>
                    </customfield>
                                                                                                                        <customfield id="customfield_12312521" key="com.atlassian.jira.toolkit:LastCommentDate">
                        <customfieldname>Last public comment date</customfieldname>
                        <customfieldvalues>
                            6 years, 37 weeks, 3 days ago
                        </customfieldvalues>
                    </customfield>
                                                                                            <customfield id="customfield_12311820" key="com.pyxis.greenhopper.jira:gh-lexo-rank">
                        <customfieldname>Rank</customfieldname>
                        <customfieldvalues>
                            <customfieldvalue>0|i0le6n:</customfieldvalue>

                        </customfieldvalues>
                    </customfield>
                                                                <customfield id="customfield_12310920" key="com.pyxis.greenhopper.jira:gh-global-rank">
                        <customfieldname>Rank (Obsolete)</customfieldname>
                        <customfieldvalues>
                            <customfieldvalue>122948</customfieldvalue>
                        </customfieldvalues>
                    </customfield>
                                                                                                                                                                                                                                                                                                                            <customfield id="customfield_12310222" key="com.atlassian.jira.ext.charting:timeinstatus">
                        <customfieldname>Time in Status</customfieldname>
                        <customfieldvalues>
                            
                        </customfieldvalues>
                    </customfield>
                                                                                                                        </customfields>
    </item>
</channel>
</rss>