<!-- 
RSS generated by JIRA (6.3.4#6332-sha1:51bc225ef474afe3128b2f66878477f322397b16) at Fri Dec 02 11:24:15 UTC 2016

It is possible to restrict the fields that are returned in this document by specifying the 'field' parameter in your request.
For example, to request only the issue key and summary add field=key&field=summary to the URL of your request.
For example:
https://issues.apache.org/jira/si/jira.issueviews:issue-xml/HIVE-12534/HIVE-12534.xml?field=key&amp;field=summary
-->
<rss version="0.92" >
<channel>
    <title>ASF JIRA</title>
    <link>https://issues.apache.org/jira</link>
    <description>This file is an XML representation of an issue</description>
    <language>en-uk</language>    <build-info>
        <version>6.3.4</version>
        <build-number>6332</build-number>
        <build-date>15-08-2014</build-date>
    </build-info>

<item>
            <title>[HIVE-12534] Date functions with vectorization is returning wrong results</title>
                <link>https://issues.apache.org/jira/browse/HIVE-12534</link>
                <project id="12310843" key="HIVE">Hive</project>
                    <description>&lt;div class=&quot;preformatted panel&quot; style=&quot;border-width: 1px;&quot;&gt;&lt;div class=&quot;preformattedContent panelContent&quot;&gt;
&lt;pre&gt;select c.effective_date, year(c.effective_date), month(c.effective_date) from customers c where c.customer_id = 1000046028;


hive&amp;gt; set hive.vectorized.execution.enabled=true;
hive&amp;gt; select c.effective_date, year(c.effective_date), month(c.effective_date) from customers c where c.customer_id = 1000046028;

2015-11-19      0       0

hive&amp;gt; set hive.vectorized.execution.enabled=false;
hive&amp;gt; select c.effective_date, year(c.effective_date), month(c.effective_date) from customers c where c.customer_id = 1000046028;

2015-11-19      2015    11
&lt;/pre&gt;
&lt;/div&gt;&lt;/div&gt;

&lt;p&gt;\cc &lt;a href=&quot;https://issues.apache.org/jira/secure/ViewProfile.jspa?name=gopalv&quot; class=&quot;user-hover&quot; rel=&quot;gopalv&quot;&gt;Gopal V&lt;/a&gt;, &lt;a href=&quot;https://issues.apache.org/jira/secure/ViewProfile.jspa?name=sseth&quot; class=&quot;user-hover&quot; rel=&quot;sseth&quot;&gt;Siddharth Seth&lt;/a&gt;, &lt;a href=&quot;https://issues.apache.org/jira/secure/ViewProfile.jspa?name=sershe&quot; class=&quot;user-hover&quot; rel=&quot;sershe&quot;&gt;Sergey Shelukhin&lt;/a&gt;&lt;/p&gt;</description>
                <environment></environment>
        <key id="12916545">HIVE-12534</key>
            <summary>Date functions with vectorization is returning wrong results</summary>
                <type id="1" iconUrl="https://issues.apache.org/jira/images/icons/issuetypes/bug.png">Bug</type>
                                            <priority id="2" iconUrl="https://issues.apache.org/jira/images/icons/priorities/critical.png">Critical</priority>
                        <status id="5" iconUrl="https://issues.apache.org/jira/images/icons/statuses/resolved.png" description="A resolution has been taken, and it is awaiting verification by reporter. From here issues are either reopened, or are closed.">Resolved</status>
                    <statusCategory id="3" key="done" colorName="green"/>
                                    <resolution id="3">Duplicate</resolution>
                                        <assignee username="rajesh.balamohan">Rajesh Balamohan</assignee>
                                    <reporter username="rajesh.balamohan">Rajesh Balamohan</reporter>
                        <labels>
                    </labels>
                <created>Fri, 27 Nov 2015 05:18:16 +0000</created>
                <updated>Thu, 17 Dec 2015 01:27:40 +0000</updated>
                            <resolved>Thu, 17 Dec 2015 01:27:40 +0000</resolved>
                                                                    <component>Vectorization</component>
                        <due></due>
                            <votes>0</votes>
                                    <watches>5</watches>
                                                                <comments>
                            <comment id="15032379" author="sershe" created="Mon, 30 Nov 2015 20:10:07 +0000"  >&lt;p&gt;&lt;a href=&quot;https://issues.apache.org/jira/secure/ViewProfile.jspa?name=mmccline&quot; class=&quot;user-hover&quot; rel=&quot;mmccline&quot;&gt;Matt McCline&lt;/a&gt; fyi&lt;/p&gt;</comment>
                            <comment id="15033380" author="rajesh.balamohan" created="Tue, 1 Dec 2015 09:14:22 +0000"  >&lt;p&gt;HIve-12479 fixes the query mentioned in this bug. But it returned wrong results with another query involving date.. Will attach the plan shortly.  Setting &quot;set hive.vectorized.execution.reduce.enabled=false;&quot; / &quot;set hive.vectorized.execution.enabled=false&quot; fixes the problem&lt;/p&gt;</comment>
                            <comment id="15047579" author="sershe" created="Tue, 8 Dec 2015 22:18:03 +0000"  >&lt;p&gt;&lt;a href=&quot;https://issues.apache.org/jira/secure/ViewProfile.jspa?name=rajesh.balamohan&quot; class=&quot;user-hover&quot; rel=&quot;rajesh.balamohan&quot;&gt;Rajesh Balamohan&lt;/a&gt; can you update this or file a new bug for that please?&lt;/p&gt;</comment>
                            <comment id="15047689" author="rajesh.balamohan" created="Tue, 8 Dec 2015 23:37:52 +0000"  >&lt;p&gt;&lt;a href=&quot;https://issues.apache.org/jira/secure/ViewProfile.jspa?name=sershe&quot; class=&quot;user-hover&quot; rel=&quot;sershe&quot;&gt;Sergey Shelukhin&lt;/a&gt; - Attaching the explain plan for the query which failed (this was tried in llap).  Instead of completely turning off vectorization, setting &quot;hive.vectorized.execution.mapjoin.native.fast.hashtable.enabled=false&quot; helps in returning correct results. &lt;/p&gt;</comment>
                            <comment id="15059090" author="mmccline" created="Tue, 15 Dec 2015 23:24:33 +0000"  >&lt;p&gt;There are a bunch of tests that include vectorization of the year and month functions in vectorized_date_funcs.q and that test passes with hive.vectorized.execution.mapjoin.native.fast.hashtable.enabled=false.&lt;/p&gt;

&lt;p&gt;And with hive.vectorized.execution.mapjoin.native.fast.hashtable.enabled=true.&lt;/p&gt;

&lt;p&gt;(Tests run on master)&lt;/p&gt;

&lt;p&gt;I need a repro.&lt;/p&gt;</comment>
                            <comment id="15059092" author="mmccline" created="Tue, 15 Dec 2015 23:26:06 +0000"  >&lt;p&gt;Assigning to &lt;a href=&quot;https://issues.apache.org/jira/secure/ViewProfile.jspa?name=rajesh.balamohan&quot; class=&quot;user-hover&quot; rel=&quot;rajesh.balamohan&quot;&gt;Rajesh Balamohan&lt;/a&gt;&lt;/p&gt;</comment>
                            <comment id="15061281" author="gopalv" created="Thu, 17 Dec 2015 01:27:40 +0000"  >&lt;p&gt;This is duplicated by &lt;a href=&quot;https://issues.apache.org/jira/browse/HIVE-12479&quot; title=&quot;Vectorization: Vectorized Date UDFs with up-stream Joins&quot; class=&quot;issue-link&quot; data-issue-key=&quot;HIVE-12479&quot;&gt;&lt;del&gt;HIVE-12479&lt;/del&gt;&lt;/a&gt; and &lt;a href=&quot;https://issues.apache.org/jira/browse/HIVE-12535&quot; title=&quot;Dynamic Hash Join: Key references are cyclic&quot; class=&quot;issue-link&quot; data-issue-key=&quot;HIVE-12535&quot;&gt;HIVE-12535&lt;/a&gt;&lt;/p&gt;</comment>
                    </comments>
                <issuelinks>
                            <issuelinktype id="12310051">
                    <name>Supercedes</name>
                                                                <inwardlinks description="is superceded by">
                                        <issuelink>
            <issuekey id="12914796">HIVE-12479</issuekey>
        </issuelink>
                            </inwardlinks>
                                    </issuelinktype>
                    </issuelinks>
                <attachments>
                            <attachment id="12776440" name="p26_explain.txt" size="8034" author="rajesh.balamohan" created="Tue, 8 Dec 2015 23:37:52 +0000"/>
                            <attachment id="12774991" name="plan.txt" size="7476" author="rajesh.balamohan" created="Tue, 1 Dec 2015 09:14:44 +0000"/>
                    </attachments>
                <subtasks>
                    </subtasks>
                <customfields>
                                                <customfield id="customfield_12310310" key="com.atlassian.jira.toolkit:attachments">
                        <customfieldname>Attachment count</customfieldname>
                        <customfieldvalues>
                            <customfieldvalue>2.0</customfieldvalue>
                        </customfieldvalues>
                    </customfield>
                                                                                                                                                                                                                                                                                                                                                                                                                                                                                                                                <customfield id="customfield_12310220" key="com.atlassian.jira.ext.charting:firstresponsedate">
                        <customfieldname>Date of First Response</customfieldname>
                        <customfieldvalues>
                            <customfieldvalue>Mon, 30 Nov 2015 20:10:07 +0000</customfieldvalue>

                        </customfieldvalues>
                    </customfield>
                                                                                                                                                                                                                                                                                                                                                                                                                                            <customfield id="customfield_12310420" key="com.pyxis.greenhopper.jira:gh-global-rank">
                        <customfieldname>Global Rank</customfieldname>
                        <customfieldvalues>
                            <customfieldvalue>9223372036854775807</customfieldvalue>
                        </customfieldvalues>
                    </customfield>
                                                                                                                                                    <customfield id="customfield_12312521" key="com.atlassian.jira.toolkit:LastCommentDate">
                        <customfieldname>Last public comment date</customfieldname>
                        <customfieldvalues>
                            50 weeks, 1 day ago
                        </customfieldvalues>
                    </customfield>
                                                                                            <customfield id="customfield_12311820" key="com.pyxis.greenhopper.jira:gh-lexo-rank">
                        <customfieldname>Rank</customfieldname>
                        <customfieldvalues>
                            <customfieldvalue>0|i2ozuf:</customfieldvalue>

                        </customfieldvalues>
                    </customfield>
                                                                <customfield id="customfield_12310920" key="com.pyxis.greenhopper.jira:gh-global-rank">
                        <customfieldname>Rank (Obsolete)</customfieldname>
                        <customfieldvalues>
                            <customfieldvalue>9223372036854775807</customfieldvalue>
                        </customfieldvalues>
                    </customfield>
                                                                                                                                                                                                                                                                    <customfield id="customfield_12310320" key="com.atlassian.jira.plugin.system.customfieldtypes:multiversion">
                        <customfieldname>Target Version/s</customfieldname>
                        <customfieldvalues>
                                <customfieldvalue>12332641</customfieldvalue>
    
                        </customfieldvalues>
                    </customfield>
                                                                                            <customfield id="customfield_12310222" key="com.atlassian.jira.ext.charting:timeinstatus">
                        <customfieldname>Time in Status</customfieldname>
                        <customfieldvalues>
                            
                        </customfieldvalues>
                    </customfield>
                                                                                                                        </customfields>
    </item>
</channel>
</rss>