<!-- 
RSS generated by JIRA (6.3.4#6332-sha1:51bc225ef474afe3128b2f66878477f322397b16) at Sat Dec 03 22:59:27 UTC 2016

It is possible to restrict the fields that are returned in this document by specifying the 'field' parameter in your request.
For example, to request only the issue key and summary add field=key&field=summary to the URL of your request.
For example:
https://issues.apache.org/jira/si/jira.issueviews:issue-xml/HIVE-12230/HIVE-12230.xml?field=key&amp;field=summary
-->
<rss version="0.92" >
<channel>
    <title>ASF JIRA</title>
    <link>https://issues.apache.org/jira</link>
    <description>This file is an XML representation of an issue</description>
    <language>en-uk</language>    <build-info>
        <version>6.3.4</version>
        <build-number>6332</build-number>
        <build-date>15-08-2014</build-date>
    </build-info>

<item>
            <title>[HIVE-12230] custom UDF configure() not called in Vectorization mode</title>
                <link>https://issues.apache.org/jira/browse/HIVE-12230</link>
                <project id="12310843" key="HIVE">Hive</project>
                    <description>&lt;p&gt;PROBLEM:&lt;/p&gt;

&lt;p&gt;A custom UDF that overrides the configure()&lt;/p&gt;

&lt;div class=&quot;code panel&quot; style=&quot;border-width: 1px;&quot;&gt;&lt;div class=&quot;codeContent panelContent&quot;&gt;
&lt;pre class=&quot;code-java&quot;&gt;
@Override
	&lt;span class=&quot;code-keyword&quot;&gt;public&lt;/span&gt; void configure(MapredContext context) {
		greeting = &lt;span class=&quot;code-quote&quot;&gt;&quot;Hello &quot;&lt;/span&gt;;
	}

&lt;/pre&gt;
&lt;/div&gt;&lt;/div&gt;

&lt;p&gt;In vectorization mode, it is not called.&lt;/p&gt;</description>
                <environment></environment>
        <key id="12906966">HIVE-12230</key>
            <summary>custom UDF configure() not called in Vectorization mode</summary>
                <type id="1" iconUrl="https://issues.apache.org/jira/images/icons/issuetypes/bug.png">Bug</type>
                                            <priority id="2" iconUrl="https://issues.apache.org/jira/images/icons/priorities/critical.png">Critical</priority>
                        <status id="6" iconUrl="https://issues.apache.org/jira/images/icons/statuses/closed.png" description="The issue is considered finished, the resolution is correct. Issues which are closed can be reopened.">Closed</status>
                    <statusCategory id="3" key="done" colorName="green"/>
                                    <resolution id="1">Fixed</resolution>
                                        <assignee username="mmccline">Matt McCline</assignee>
                                    <reporter username="mmccline">Matt McCline</reporter>
                        <labels>
                    </labels>
                <created>Thu, 22 Oct 2015 04:04:27 +0000</created>
                <updated>Tue, 16 Feb 2016 23:53:01 +0000</updated>
                            <resolved>Thu, 5 Nov 2015 21:17:36 +0000</resolved>
                                                    <fixVersion>1.3.0</fixVersion>
                    <fixVersion>2.0.0</fixVersion>
                                    <component>Hive</component>
                        <due></due>
                            <votes>1</votes>
                                    <watches>3</watches>
                                                                <comments>
                            <comment id="14968498" author="xuefuz" created="Thu, 22 Oct 2015 04:07:56 +0000"  >&lt;p&gt;The code looks quite entertaining. Not sure how it made it way there.&lt;/p&gt;</comment>
                            <comment id="14970361" author="hiveqa" created="Fri, 23 Oct 2015 03:22:18 +0000"  >

&lt;p&gt;Here are the results of testing the latest attachment:&lt;br/&gt;
&lt;a href=&quot;https://issues.apache.org/jira/secure/attachment/12767960/HIVE-12230.01.patch&quot; class=&quot;external-link&quot; rel=&quot;nofollow&quot;&gt;https://issues.apache.org/jira/secure/attachment/12767960/HIVE-12230.01.patch&lt;/a&gt;&lt;/p&gt;

&lt;p&gt;&lt;font color=&quot;green&quot;&gt;SUCCESS:&lt;/font&gt; +1 due to 2 test(s) being added or modified.&lt;/p&gt;

&lt;p&gt;&lt;font color=&quot;red&quot;&gt;ERROR:&lt;/font&gt; -1 due to 4 failed/errored test(s), 9701 tests executed&lt;br/&gt;
&lt;b&gt;Failed tests:&lt;/b&gt;&lt;/p&gt;
&lt;div class=&quot;preformatted panel&quot; style=&quot;border-width: 1px;&quot;&gt;&lt;div class=&quot;preformattedContent panelContent&quot;&gt;
&lt;pre&gt;org.apache.hadoop.hive.ql.io.orc.TestColumnStatistics.testHasNull
org.apache.hadoop.hive.ql.io.orc.TestJsonFileDump.testJsonDump
org.apache.hive.hcatalog.api.TestHCatClient.testTableSchemaPropagation
org.apache.hive.jdbc.TestSSL.testSSLVersion
&lt;/pre&gt;
&lt;/div&gt;&lt;/div&gt;

&lt;p&gt;Test results: &lt;a href=&quot;http://ec2-174-129-184-35.compute-1.amazonaws.com/jenkins/job/PreCommit-HIVE-TRUNK-Build/5743/testReport&quot; class=&quot;external-link&quot; rel=&quot;nofollow&quot;&gt;http://ec2-174-129-184-35.compute-1.amazonaws.com/jenkins/job/PreCommit-HIVE-TRUNK-Build/5743/testReport&lt;/a&gt;&lt;br/&gt;
Console output: &lt;a href=&quot;http://ec2-174-129-184-35.compute-1.amazonaws.com/jenkins/job/PreCommit-HIVE-TRUNK-Build/5743/console&quot; class=&quot;external-link&quot; rel=&quot;nofollow&quot;&gt;http://ec2-174-129-184-35.compute-1.amazonaws.com/jenkins/job/PreCommit-HIVE-TRUNK-Build/5743/console&lt;/a&gt;&lt;br/&gt;
Test logs: &lt;a href=&quot;http://ec2-174-129-184-35.compute-1.amazonaws.com/logs/PreCommit-HIVE-TRUNK-Build-5743/&quot; class=&quot;external-link&quot; rel=&quot;nofollow&quot;&gt;http://ec2-174-129-184-35.compute-1.amazonaws.com/logs/PreCommit-HIVE-TRUNK-Build-5743/&lt;/a&gt;&lt;/p&gt;

&lt;p&gt;Messages:&lt;/p&gt;
&lt;div class=&quot;preformatted panel&quot; style=&quot;border-width: 1px;&quot;&gt;&lt;div class=&quot;preformattedContent panelContent&quot;&gt;
&lt;pre&gt;Executing org.apache.hive.ptest.execution.TestCheckPhase
Executing org.apache.hive.ptest.execution.PrepPhase
Executing org.apache.hive.ptest.execution.ExecutionPhase
Executing org.apache.hive.ptest.execution.ReportingPhase
Tests exited with: TestsFailedException: 4 tests failed
&lt;/pre&gt;
&lt;/div&gt;&lt;/div&gt;

&lt;p&gt;This message is automatically generated.&lt;/p&gt;

&lt;p&gt;ATTACHMENT ID: 12767960 - PreCommit-HIVE-TRUNK-Build&lt;/p&gt;</comment>
                            <comment id="14970398" author="mmccline" created="Fri, 23 Oct 2015 04:09:34 +0000"  >&lt;p&gt;Failure are unrelated to patch changes.&lt;/p&gt;</comment>
                            <comment id="14978782" author="jdere" created="Wed, 28 Oct 2015 17:13:44 +0000"  >&lt;p&gt;I think this looks good, +1&lt;/p&gt;</comment>
                            <comment id="14992490" author="mmccline" created="Thu, 5 Nov 2015 21:16:46 +0000"  >&lt;p&gt;Committed to master.&lt;/p&gt;</comment>
                            <comment id="14992492" author="mmccline" created="Thu, 5 Nov 2015 21:17:06 +0000"  >&lt;p&gt;Thank you &lt;a href=&quot;https://issues.apache.org/jira/secure/ViewProfile.jspa?name=jdere&quot; class=&quot;user-hover&quot; rel=&quot;jdere&quot;&gt;Jason Dere&lt;/a&gt; for the review!&lt;/p&gt;</comment>
                            <comment id="14992522" author="mmccline" created="Thu, 5 Nov 2015 21:33:48 +0000"  >&lt;p&gt;And, committed to branch-1&lt;/p&gt;</comment>
                    </comments>
                    <attachments>
                            <attachment id="12767960" name="HIVE-12230.01.patch" size="8144" author="mmccline" created="Thu, 22 Oct 2015 04:41:31 +0000"/>
                    </attachments>
                <subtasks>
                    </subtasks>
                <customfields>
                                                <customfield id="customfield_12310310" key="com.atlassian.jira.toolkit:attachments">
                        <customfieldname>Attachment count</customfieldname>
                        <customfieldvalues>
                            <customfieldvalue>1.0</customfieldvalue>
                        </customfieldvalues>
                    </customfield>
                                                                                                                                                                                                                                                                                                                                                                                                                                                                                                                                <customfield id="customfield_12310220" key="com.atlassian.jira.ext.charting:firstresponsedate">
                        <customfieldname>Date of First Response</customfieldname>
                        <customfieldvalues>
                            <customfieldvalue>Thu, 22 Oct 2015 04:07:56 +0000</customfieldvalue>

                        </customfieldvalues>
                    </customfield>
                                                                                                                                                                                                                                                                                                                                                                                                                                            <customfield id="customfield_12310420" key="com.pyxis.greenhopper.jira:gh-global-rank">
                        <customfieldname>Global Rank</customfieldname>
                        <customfieldvalues>
                            <customfieldvalue>9223372036854775807</customfieldvalue>
                        </customfieldvalues>
                    </customfield>
                                                                                                                                                    <customfield id="customfield_12312521" key="com.atlassian.jira.toolkit:LastCommentDate">
                        <customfieldname>Last public comment date</customfieldname>
                        <customfieldvalues>
                            1 year, 4 weeks, 2 days ago
                        </customfieldvalues>
                    </customfield>
                                                                                            <customfield id="customfield_12311820" key="com.pyxis.greenhopper.jira:gh-lexo-rank">
                        <customfieldname>Rank</customfieldname>
                        <customfieldvalues>
                            <customfieldvalue>0|i2nczz:</customfieldvalue>

                        </customfieldvalues>
                    </customfield>
                                                                <customfield id="customfield_12310920" key="com.pyxis.greenhopper.jira:gh-global-rank">
                        <customfieldname>Rank (Obsolete)</customfieldname>
                        <customfieldvalues>
                            <customfieldvalue>9223372036854775807</customfieldvalue>
                        </customfieldvalues>
                    </customfield>
                                                                                                                                                                                                                                                                                                                            <customfield id="customfield_12310222" key="com.atlassian.jira.ext.charting:timeinstatus">
                        <customfieldname>Time in Status</customfieldname>
                        <customfieldvalues>
                            
                        </customfieldvalues>
                    </customfield>
                                                                                                                        </customfields>
    </item>
</channel>
</rss>