<!-- 
RSS generated by JIRA (6.3.4#6332-sha1:51bc225ef474afe3128b2f66878477f322397b16) at Sun Dec 04 00:02:14 UTC 2016

It is possible to restrict the fields that are returned in this document by specifying the 'field' parameter in your request.
For example, to request only the issue key and summary add field=key&field=summary to the URL of your request.
For example:
https://issues.apache.org/jira/si/jira.issueviews:issue-xml/HIVE-12579/HIVE-12579.xml?field=key&amp;field=summary
-->
<rss version="0.92" >
<channel>
    <title>ASF JIRA</title>
    <link>https://issues.apache.org/jira</link>
    <description>This file is an XML representation of an issue</description>
    <language>en-uk</language>    <build-info>
        <version>6.3.4</version>
        <build-number>6332</build-number>
        <build-date>15-08-2014</build-date>
    </build-info>

<item>
            <title>[HIVE-12579] add support for datanucleus.connectionPoolingType=None in TxnHandler.setupJdbcConnectionPool()</title>
                <link>https://issues.apache.org/jira/browse/HIVE-12579</link>
                <project id="12310843" key="HIVE">Hive</project>
                    <description>&lt;p&gt;&quot;None&quot; is a valid option for datanucleus.connectionPoolingType&lt;br/&gt;
&lt;a href=&quot;http://www.datanucleus.org/products/accessplatform_2_2/rdbms/connection_pooling.html#Manual&quot; class=&quot;external-link&quot; rel=&quot;nofollow&quot;&gt;http://www.datanucleus.org/products/accessplatform_2_2/rdbms/connection_pooling.html#Manual&lt;/a&gt;.&lt;/p&gt;

&lt;p&gt;TxnHandler.setupJdbcConnectionPool() doesn&apos;t support it.&lt;br/&gt;
If nothing else, this is useful for debugging.&lt;/p&gt;</description>
                <environment></environment>
        <key id="12917826">HIVE-12579</key>
            <summary>add support for datanucleus.connectionPoolingType=None in TxnHandler.setupJdbcConnectionPool()</summary>
                <type id="4" iconUrl="https://issues.apache.org/jira/images/icons/issuetypes/improvement.png">Improvement</type>
                                            <priority id="3" iconUrl="https://issues.apache.org/jira/images/icons/priorities/major.png">Major</priority>
                        <status id="5" iconUrl="https://issues.apache.org/jira/images/icons/statuses/resolved.png" description="A resolution has been taken, and it is awaiting verification by reporter. From here issues are either reopened, or are closed.">Resolved</status>
                    <statusCategory id="3" key="done" colorName="green"/>
                                    <resolution id="1">Fixed</resolution>
                                        <assignee username="ekoifman">Eugene Koifman</assignee>
                                    <reporter username="ekoifman">Eugene Koifman</reporter>
                        <labels>
                    </labels>
                <created>Thu, 3 Dec 2015 00:39:48 +0000</created>
                <updated>Thu, 5 May 2016 00:00:39 +0000</updated>
                            <resolved>Thu, 5 May 2016 00:00:39 +0000</resolved>
                                    <version>1.0.0</version>
                                                    <component>Transactions</component>
                        <due></due>
                            <votes>0</votes>
                                    <watches>1</watches>
                                                                <comments>
                            <comment id="15271667" author="ekoifman" created="Thu, 5 May 2016 00:00:39 +0000"  >&lt;p&gt;this is fixed in &lt;a href=&quot;https://issues.apache.org/jira/browse/HIVE-13159&quot; title=&quot;TxnHandler should support datanucleus.connectionPoolingType = None&quot; class=&quot;issue-link&quot; data-issue-key=&quot;HIVE-13159&quot;&gt;&lt;del&gt;HIVE-13159&lt;/del&gt;&lt;/a&gt;&lt;/p&gt;</comment>
                    </comments>
                <issuelinks>
                            <issuelinktype id="12310000">
                    <name>Duplicate</name>
                                            <outwardlinks description="duplicates">
                                        <issuelink>
            <issuekey id="12944685">HIVE-13159</issuekey>
        </issuelink>
                            </outwardlinks>
                                                        </issuelinktype>
                    </issuelinks>
                <attachments>
                    </attachments>
                <subtasks>
                    </subtasks>
                <customfields>
                                                <customfield id="customfield_12310310" key="com.atlassian.jira.toolkit:attachments">
                        <customfieldname>Attachment count</customfieldname>
                        <customfieldvalues>
                            <customfieldvalue>0.0</customfieldvalue>
                        </customfieldvalues>
                    </customfield>
                                                                                                                                                                                                                                                                                                                                                                                                                                                                                                                                                                                                                                                                                                                                                                                                                                                                                                                                        <customfield id="customfield_12310420" key="com.pyxis.greenhopper.jira:gh-global-rank">
                        <customfieldname>Global Rank</customfieldname>
                        <customfieldvalues>
                            <customfieldvalue>9223372036854775807</customfieldvalue>
                        </customfieldvalues>
                    </customfield>
                                                                                                                                                    <customfield id="customfield_12312521" key="com.atlassian.jira.toolkit:LastCommentDate">
                        <customfieldname>Last public comment date</customfieldname>
                        <customfieldvalues>
                            30 weeks, 3 days ago
                        </customfieldvalues>
                    </customfield>
                                                                                            <customfield id="customfield_12311820" key="com.pyxis.greenhopper.jira:gh-lexo-rank">
                        <customfieldname>Rank</customfieldname>
                        <customfieldvalues>
                            <customfieldvalue>0|i2p7qv:</customfieldvalue>

                        </customfieldvalues>
                    </customfield>
                                                                <customfield id="customfield_12310920" key="com.pyxis.greenhopper.jira:gh-global-rank">
                        <customfieldname>Rank (Obsolete)</customfieldname>
                        <customfieldvalues>
                            <customfieldvalue>9223372036854775807</customfieldvalue>
                        </customfieldvalues>
                    </customfield>
                                                                                                                                                                                                                                                                    <customfield id="customfield_12310320" key="com.atlassian.jira.plugin.system.customfieldtypes:multiversion">
                        <customfieldname>Target Version/s</customfieldname>
                        <customfieldvalues>
                                <customfieldvalue>12332154</customfieldvalue>
    
                        </customfieldvalues>
                    </customfield>
                                                                                            <customfield id="customfield_12310222" key="com.atlassian.jira.ext.charting:timeinstatus">
                        <customfieldname>Time in Status</customfieldname>
                        <customfieldvalues>
                            
                        </customfieldvalues>
                    </customfield>
                                                                                                                        </customfields>
    </item>
</channel>
</rss>