<!-- 
RSS generated by JIRA (6.3.4#6332-sha1:51bc225ef474afe3128b2f66878477f322397b16) at Sat Dec 03 23:48:06 UTC 2016

It is possible to restrict the fields that are returned in this document by specifying the 'field' parameter in your request.
For example, to request only the issue key and summary add field=key&field=summary to the URL of your request.
For example:
https://issues.apache.org/jira/si/jira.issueviews:issue-xml/HIVE-11421/HIVE-11421.xml?field=key&amp;field=summary
-->
<rss version="0.92" >
<channel>
    <title>ASF JIRA</title>
    <link>https://issues.apache.org/jira</link>
    <description>This file is an XML representation of an issue</description>
    <language>en-uk</language>    <build-info>
        <version>6.3.4</version>
        <build-number>6332</build-number>
        <build-date>15-08-2014</build-date>
    </build-info>

<item>
            <title>[HIVE-11421] Support Schema evolution for ACID tables</title>
                <link>https://issues.apache.org/jira/browse/HIVE-11421</link>
                <project id="12310843" key="HIVE">Hive</project>
                    <description>&lt;p&gt;Currently schema evolution is not supported for ACID tables.&lt;br/&gt;
Whatever limitations ORC based tables have in general wrt to schema evolution applies to ACID tables.  Generally, it&apos;s possible to have ORC based table in Hive where different partitions have different schemas as long as all data files in each partition have the same schema (and matches metastore partition information)&lt;/p&gt;

&lt;p&gt;With ACID tables the above &quot;as long as ...&quot; part can easily be violated.&lt;/p&gt;
&lt;div class=&quot;preformatted panel&quot; style=&quot;border-width: 1px;&quot;&gt;&lt;div class=&quot;preformattedContent panelContent&quot;&gt;
&lt;pre&gt;CREATE TABLE acid_partitioned2(a INT, b STRING) PARTITIONED BY(bkt INT) CLUSTERED BY(a) INTO 2 BUCKETS STORED AS ORC;
insert into table acid_partitioned2 partition(bkt=1) values(1, &apos;part one&apos;),(2, &apos;part one&apos;), (3, &apos;part two&apos;),(4, &apos;part three&apos;);
alter table acid_partitioned2 add columns(c int, d string);
insert into table acid_partitioned2 partition(bkt=2) values(1, &apos;part one&apos;, 10, &apos;str10&apos;),(2, &apos;part one&apos;, 20, &apos;str20&apos;), (3, &apos;part two&apos;, 30, &apos;str30&apos;),(4, &apos;part three&apos;, 40, &apos;str40&apos;);
insert into table acid_partitioned2 partition(bkt=1) values(5, &apos;part one&apos;, 1, &apos;blah&apos;),(6, &apos;part one&apos;, 2, &apos;doh!&apos;);
&lt;/pre&gt;
&lt;/div&gt;&lt;/div&gt;


&lt;p&gt;Now partition bkt=1 will have delta files with different schemas which have to be merged on read, which leads to &lt;/p&gt;

&lt;div class=&quot;preformatted panel&quot; style=&quot;border-width: 1px;&quot;&gt;&lt;div class=&quot;preformattedContent panelContent&quot;&gt;
&lt;pre&gt;Error: java.io.IOException: java.lang.ArrayIndexOutOfBoundsException: 9
        at org.apache.hadoop.hive.io.HiveIOExceptionHandlerChain.handleRecordReaderCreationException(HiveIOExceptionHandlerChain.java:97)
        at org.apache.hadoop.hive.io.HiveIOExceptionHandlerUtil.handleRecordReaderCreationException(HiveIOExceptionHandlerUtil.java:57)
        at org.apache.hadoop.hive.ql.io.HiveInputFormat.getRecordReader(HiveInputFormat.java:247)
        at org.apache.hadoop.mapred.MapTask$TrackedRecordReader.&amp;lt;init&amp;gt;(MapTask.java:169)
        at org.apache.hadoop.mapred.MapTask.runOldMapper(MapTask.java:429)
        at org.apache.hadoop.mapred.MapTask.run(MapTask.java:343)
        at org.apache.hadoop.mapred.YarnChild$2.run(YarnChild.java:168)
        at java.security.AccessController.doPrivileged(Native Method)
        at javax.security.auth.Subject.doAs(Subject.java:415)
        at org.apache.hadoop.security.UserGroupInformation.doAs(UserGroupInformation.java:1614)
        at org.apache.hadoop.mapred.YarnChild.main(YarnChild.java:163)
Caused by: java.lang.ArrayIndexOutOfBoundsException: 9
        at org.apache.hadoop.hive.ql.io.orc.RecordReaderImpl$StructTreeReader.&amp;lt;init&amp;gt;(RecordReaderImpl.java:1864)
        at org.apache.hadoop.hive.ql.io.orc.RecordReaderImpl.createTreeReader(RecordReaderImpl.java:2263)
        at org.apache.hadoop.hive.ql.io.orc.RecordReaderImpl.access$000(RecordReaderImpl.java:77)
        at org.apache.hadoop.hive.ql.io.orc.RecordReaderImpl$StructTreeReader.&amp;lt;init&amp;gt;(RecordReaderImpl.java:1865)
        at org.apache.hadoop.hive.ql.io.orc.RecordReaderImpl.createTreeReader(RecordReaderImpl.java:2263)
        at org.apache.hadoop.hive.ql.io.orc.RecordReaderImpl.&amp;lt;init&amp;gt;(RecordReaderImpl.java:283)
        at org.apache.hadoop.hive.ql.io.orc.ReaderImpl.rowsOptions(ReaderImpl.java:492)
        at org.apache.hadoop.hive.ql.io.orc.OrcRawRecordMerger$ReaderPair.&amp;lt;init&amp;gt;(OrcRawRecordMerger.java:181)
        at org.apache.hadoop.hive.ql.io.orc.OrcRawRecordMerger.&amp;lt;init&amp;gt;(OrcRawRecordMerger.java:460)
        at org.apache.hadoop.hive.ql.io.orc.OrcInputFormat.getReader(OrcInputFormat.java:1109)
        at org.apache.hadoop.hive.ql.io.orc.OrcInputFormat.getRecordReader(OrcInputFormat.java:1007)
        at org.apache.hadoop.hive.ql.io.HiveInputFormat.getRecordReader(HiveInputFormat.java:245)
        ... 8 more
&lt;/pre&gt;
&lt;/div&gt;&lt;/div&gt;</description>
                <environment></environment>
        <key id="12850471">HIVE-11421</key>
            <summary>Support Schema evolution for ACID tables</summary>
                <type id="1" iconUrl="https://issues.apache.org/jira/images/icons/issuetypes/bug.png">Bug</type>
                                            <priority id="3" iconUrl="https://issues.apache.org/jira/images/icons/priorities/major.png">Major</priority>
                        <status id="5" iconUrl="https://issues.apache.org/jira/images/icons/statuses/resolved.png" description="A resolution has been taken, and it is awaiting verification by reporter. From here issues are either reopened, or are closed.">Resolved</status>
                    <statusCategory id="3" key="done" colorName="green"/>
                                    <resolution id="3">Duplicate</resolution>
                                        <assignee username="mmccline">Matt McCline</assignee>
                                    <reporter username="ekoifman">Eugene Koifman</reporter>
                        <labels>
                    </labels>
                <created>Fri, 31 Jul 2015 00:45:28 +0000</created>
                <updated>Thu, 19 Nov 2015 11:32:59 +0000</updated>
                            <resolved>Thu, 19 Nov 2015 11:32:59 +0000</resolved>
                                    <version>1.0.0</version>
                                                    <component>Transactions</component>
                        <due></due>
                            <votes>1</votes>
                                    <watches>10</watches>
                                                                <comments>
                            <comment id="15013392" author="mmccline" created="Thu, 19 Nov 2015 11:32:59 +0000"  >&lt;p&gt;&lt;a href=&quot;https://issues.apache.org/jira/browse/HIVE-11981&quot; class=&quot;external-link&quot; rel=&quot;nofollow&quot;&gt;https://issues.apache.org/jira/browse/HIVE-11981&lt;/a&gt;&lt;/p&gt;</comment>
                    </comments>
                <issuelinks>
                            <issuelinktype id="10032">
                    <name>Blocker</name>
                                                                <inwardlinks description="is blocked by">
                                        <issuelink>
            <issuekey id="12901127">HIVE-11981</issuekey>
        </issuelink>
                            </inwardlinks>
                                    </issuelinktype>
                    </issuelinks>
                <attachments>
                    </attachments>
                <subtasks>
                    </subtasks>
                <customfields>
                                                <customfield id="customfield_12310310" key="com.atlassian.jira.toolkit:attachments">
                        <customfieldname>Attachment count</customfieldname>
                        <customfieldvalues>
                            <customfieldvalue>0.0</customfieldvalue>
                        </customfieldvalues>
                    </customfield>
                                                                                                                                                                                                                                                                                                                                                                                                                                                                                                                                <customfield id="customfield_12310220" key="com.atlassian.jira.ext.charting:firstresponsedate">
                        <customfieldname>Date of First Response</customfieldname>
                        <customfieldvalues>
                            <customfieldvalue>Thu, 19 Nov 2015 11:32:59 +0000</customfieldvalue>

                        </customfieldvalues>
                    </customfield>
                                                                                                                                                                                                                                                                                                                                                                                                                                            <customfield id="customfield_12310420" key="com.pyxis.greenhopper.jira:gh-global-rank">
                        <customfieldname>Global Rank</customfieldname>
                        <customfieldvalues>
                            <customfieldvalue>9223372036854775807</customfieldvalue>
                        </customfieldvalues>
                    </customfield>
                                                                                                                                                    <customfield id="customfield_12312521" key="com.atlassian.jira.toolkit:LastCommentDate">
                        <customfieldname>Last public comment date</customfieldname>
                        <customfieldvalues>
                            1 year, 2 weeks, 2 days ago
                        </customfieldvalues>
                    </customfield>
                                                                                            <customfield id="customfield_12311820" key="com.pyxis.greenhopper.jira:gh-lexo-rank">
                        <customfieldname>Rank</customfieldname>
                        <customfieldvalues>
                            <customfieldvalue>0|i2i5rr:</customfieldvalue>

                        </customfieldvalues>
                    </customfield>
                                                                <customfield id="customfield_12310920" key="com.pyxis.greenhopper.jira:gh-global-rank">
                        <customfieldname>Rank (Obsolete)</customfieldname>
                        <customfieldvalues>
                            <customfieldvalue>9223372036854775807</customfieldvalue>
                        </customfieldvalues>
                    </customfield>
                                                                                                                                                                                                                                                                                                                            <customfield id="customfield_12310222" key="com.atlassian.jira.ext.charting:timeinstatus">
                        <customfieldname>Time in Status</customfieldname>
                        <customfieldvalues>
                            
                        </customfieldvalues>
                    </customfield>
                                                                                                                        </customfields>
    </item>
</channel>
</rss>