<!-- 
RSS generated by JIRA (6.3.4#6332-sha1:51bc225ef474afe3128b2f66878477f322397b16) at Fri Dec 02 11:23:52 UTC 2016

It is possible to restrict the fields that are returned in this document by specifying the 'field' parameter in your request.
For example, to request only the issue key and summary add field=key&field=summary to the URL of your request.
For example:
https://issues.apache.org/jira/si/jira.issueviews:issue-xml/HIVE-12677/HIVE-12677.xml?field=key&amp;field=summary
-->
<rss version="0.92" >
<channel>
    <title>ASF JIRA</title>
    <link>https://issues.apache.org/jira</link>
    <description>This file is an XML representation of an issue</description>
    <language>en-uk</language>    <build-info>
        <version>6.3.4</version>
        <build-number>6332</build-number>
        <build-date>15-08-2014</build-date>
    </build-info>

<item>
            <title>[HIVE-12677] StackOverflowError with kryo</title>
                <link>https://issues.apache.org/jira/browse/HIVE-12677</link>
                <project id="12310843" key="HIVE">Hive</project>
                    <description>&lt;p&gt;Env: Master branch&lt;/p&gt;

&lt;div class=&quot;preformatted panel&quot; style=&quot;border-width: 1px;&quot;&gt;&lt;div class=&quot;preformattedContent panelContent&quot;&gt;
&lt;pre&gt;
explain formatted insert overwrite table default.test  select entry_date,
            regexp_replace(
            regexp_replace(
            regexp_replace(
            regexp_replace(
            regexp_replace(random_string
                ,&quot;\\b(A&amp;amp;amp\;S|A&amp;amp;S|Tours)\\b&quot;,&quot;Destination Services&quot;)
                ,&quot;\\b(PPV/3PP)\\b&quot;,&quot;Third Party Package&quot;)
                ,&quot;\\b(Flight)\\b&quot;,&quot;Air&quot;)
                ,&quot;\\b(Rail)\\b&quot;,&quot;Train&quot;)
                ,&quot;\\b(Hotel)\\b&quot;,&quot;Lodging&quot;) as rn from transactions where effective_date between &apos;2015-12-01&apos; AND &apos;2015-12-31&apos; limit 10;                

{&quot;STAGE DEPENDENCIES&quot;:{&quot;Stage-1&quot;:{&quot;ROOT STAGE&quot;:&quot;TRUE&quot;},&quot;Stage-2&quot;:{&quot;DEPENDENT STAGES&quot;:&quot;Stage-1&quot;},&quot;Stage-0&quot;:{&quot;DEPENDENT STAGES&quot;:&quot;Stage-2&quot;},&quot;Stage-3&quot;:{&quot;DEPENDENT STAGES&quot;:&quot;Stage-0&quot;}},&quot;STAGE PLANS&quot;:{&quot;Stage-1&quot;:{&quot;Tez&quot;:{&quot;Edges:&quot;:{&quot;Reducer 2&quot;:{&quot;parent&quot;:&quot;Map 1&quot;,&quot;type&quot;:&quot;SIMPLE_EDGE&quot;}},&quot;DagName:&quot;:&quot;rajesh_20151215120344_69fa6465-22ed-4fe2-83b5-20782e45d3f7:2&quot;,&quot;Vertices:&quot;:{&quot;Map 1&quot;:{&quot;Map Operator Tree:&quot;:[{&quot;TableScan&quot;:{&quot;alias:&quot;:&quot;transactions&quot;,&quot;filterExpr:&quot;:&quot;effective_date BETWEEN &apos;2015-12-01&apos; AND &apos;2015-12-31&apos; (type: boolean)&quot;,&quot;Statistics:&quot;:&quot;Num rows: 197642628 Data size: 59095145772 Basic stats: COMPLETE Column stats: COMPLETE&quot;,&quot;children&quot;:{&quot;Select Operator&quot;:{&quot;expressions:&quot;:&quot;entry_date (type: date), regexp_replace(regexp_replace(regexp_replace(regexp_replace(regexp_replace(random_string, &apos;\\b(A&amp;amp;amp;S|A&amp;amp;S|Tours)\\b&apos;, &apos;Destination Services&apos;), &apos;\\b(PPV/3PP)\\b&apos;, &apos;Third Party Package&apos;), &apos;\\b(Flight)\\b&apos;, &apos;Air&apos;), &apos;\\b(Rail)\\b&apos;, &apos;Train&apos;), &apos;\\b(Hotel)\\b&apos;, &apos;Lodging&apos;) (type: string)&quot;,&quot;outputColumnNames:&quot;:[&quot;_col0&quot;,&quot;_col1&quot;],&quot;Statistics:&quot;:&quot;Num rows: 197642628 Data size: 47434230720 Basic stats: COMPLETE Column stats: COMPLETE&quot;,&quot;children&quot;:{&quot;Limit&quot;:{&quot;Number of rows:&quot;:&quot;10&quot;,&quot;Statistics:&quot;:&quot;Num rows: 10 Data size: 2400 Basic stats: COMPLETE Column stats: COMPLETE&quot;,&quot;children&quot;:{&quot;Reduce Output Operator&quot;:{&quot;sort order:&quot;:&quot;&quot;,&quot;Statistics:&quot;:&quot;Num rows: 10 Data size: 2400 Basic stats: COMPLETE Column stats: COMPLETE&quot;,&quot;TopN Hash Memory Usage:&quot;:&quot;0.04&quot;,&quot;value expressions:&quot;:&quot;_col0 (type: date), _col1 (type: string)&quot;}}}}}}}}]},&quot;Reducer 2&quot;:{&quot;Execution mode:&quot;:&quot;vectorized&quot;,&quot;Reduce Operator Tree:&quot;:{&quot;Select Operator&quot;:{&quot;expressions:&quot;:&quot;VALUE._col0 (type: date), VALUE._col1 (type: string)&quot;,&quot;outputColumnNames:&quot;:[&quot;_col0&quot;,&quot;_col1&quot;],&quot;Statistics:&quot;:&quot;Num rows: 10 Data size: 2400 Basic stats: COMPLETE Column stats: COMPLETE&quot;,&quot;children&quot;:{&quot;Limit&quot;:{&quot;Number of rows:&quot;:&quot;10&quot;,&quot;Statistics:&quot;:&quot;Num rows: 10 Data size: 2400 Basic stats: COMPLETE Column stats: COMPLETE&quot;,&quot;children&quot;:{&quot;Select Operator&quot;:{&quot;expressions:&quot;:&quot;UDFToString(_col0) (type: string), _col1 (type: string)&quot;,&quot;outputColumnNames:&quot;:[&quot;_col0&quot;,&quot;_col1&quot;],&quot;Statistics:&quot;:&quot;Num rows: 10 Data size: 3680 Basic stats: COMPLETE Column stats: COMPLETE&quot;,&quot;children&quot;:{&quot;File Output Operator&quot;:{&quot;compressed:&quot;:&quot;false&quot;,&quot;Statistics:&quot;:&quot;Num rows: 10 Data size: 3680 Basic stats: COMPLETE Column stats: COMPLETE&quot;,&quot;table:&quot;:{&quot;input format:&quot;:&quot;org.apache.hadoop.hive.ql.io.orc.OrcInputFormat&quot;,&quot;output format:&quot;:&quot;org.apache.hadoop.hive.ql.io.orc.OrcOutputFormat&quot;,&quot;serde:&quot;:&quot;org.apache.hadoop.hive.ql.io.orc.OrcSerde&quot;,&quot;name:&quot;:&quot;default.test&quot;}}}}}}}}}}}}},&quot;Stage-2&quot;:{&quot;Dependency Collection&quot;:{}},&quot;Stage-0&quot;:{&quot;Move Operator&quot;:{&quot;tables:&quot;:{&quot;replace:&quot;:&quot;true&quot;,&quot;table:&quot;:{&quot;input format:&quot;:&quot;org.apache.hadoop.hive.ql.io.orc.OrcInputFormat&quot;,&quot;output format:&quot;:&quot;org.apache.hadoop.hive.ql.io.orc.OrcOutputFormat&quot;,&quot;serde:&quot;:&quot;org.apache.hadoop.hive.ql.io.orc.OrcSerde&quot;,&quot;name:&quot;:&quot;default.test&quot;}}}},&quot;Stage-3&quot;:{&quot;Stats-Aggr Operator&quot;:{}}}}

&lt;/pre&gt;
&lt;/div&gt;&lt;/div&gt;

&lt;div class=&quot;preformatted panel&quot; style=&quot;border-width: 1px;&quot;&gt;&lt;div class=&quot;preformattedContent panelContent&quot;&gt;
&lt;pre&gt;childOperators (org.apache.hadoop.hive.ql.exec.vector.VectorSelectOperator)
childOperators (org.apache.hadoop.hive.ql.exec.vector.VectorLimitOperator)
childOperators (org.apache.hadoop.hive.ql.exec.vector.VectorSelectOperator)
reducer (org.apache.hadoop.hive.ql.plan.ReduceWork)
        at org.apache.hadoop.hive.ql.exec.Utilities.getBaseWork(Utilities.java:450)
        at org.apache.hadoop.hive.ql.exec.Utilities.getReduceWork(Utilities.java:305)
        at org.apache.hadoop.hive.ql.exec.tez.ReduceRecordProcessor$1.call(ReduceRecordProcessor.java:106)
        at org.apache.hadoop.hive.ql.exec.tez.ObjectCache.retrieve(ObjectCache.java:75)
        ... 16 more
Caused by: org.apache.hive.com.esotericsoftware.kryo.KryoException: java.lang.IllegalArgumentException: Unable to create serializer &quot;org.apache.hive.com.esotericsoftware.kryo.serializers.FieldSerializer&quot; for class: org.apache.hadoop.hive.ql.exec.vector.VectorFileSinkOperator
Serialization trace:
childOperators (org.apache.hadoop.hive.ql.exec.vector.VectorSelectOperator)
childOperators (org.apache.hadoop.hive.ql.exec.vector.VectorLimitOperator)
childOperators (org.apache.hadoop.hive.ql.exec.vector.VectorSelectOperator)
reducer (org.apache.hadoop.hive.ql.plan.ReduceWork)
        at org.apache.hive.com.esotericsoftware.kryo.serializers.ObjectField.read(ObjectField.java:144)
        at org.apache.hive.com.esotericsoftware.kryo.serializers.FieldSerializer.read(FieldSerializer.java:551)
        at org.apache.hive.com.esotericsoftware.kryo.Kryo.readClassAndObject(Kryo.java:790)
        at org.apache.hive.com.esotericsoftware.kryo.serializers.CollectionSerializer.read(CollectionSerializer.java:134)
        at org.apache.hive.com.esotericsoftware.kryo.serializers.CollectionSerializer.read(CollectionSerializer.java:40)
        at org.apache.hive.com.esotericsoftware.kryo.Kryo.readObject(Kryo.java:708)
        at org.apache.hive.com.esotericsoftware.kryo.serializers.ObjectField.read(ObjectField.java:125)
        at org.apache.hive.com.esotericsoftware.kryo.serializers.FieldSerializer.read(FieldSerializer.java:551)
        at org.apache.hive.com.esotericsoftware.kryo.Kryo.readClassAndObject(Kryo.java:790)
        at org.apache.hive.com.esotericsoftware.kryo.serializers.CollectionSerializer.read(CollectionSerializer.java:134)
        at org.apache.hive.com.esotericsoftware.kryo.serializers.CollectionSerializer.read(CollectionSerializer.java:40)
        at org.apache.hive.com.esotericsoftware.kryo.Kryo.readObject(Kryo.java:708)
        at org.apache.hive.com.esotericsoftware.kryo.serializers.ObjectField.read(ObjectField.java:125)
        at org.apache.hive.com.esotericsoftware.kryo.serializers.FieldSerializer.read(FieldSerializer.java:551)
        at org.apache.hive.com.esotericsoftware.kryo.Kryo.readObject(Kryo.java:708)
        at org.apache.hive.com.esotericsoftware.kryo.serializers.ObjectField.read(ObjectField.java:125)
        at org.apache.hive.com.esotericsoftware.kryo.serializers.FieldSerializer.read(FieldSerializer.java:551)
        at org.apache.hive.com.esotericsoftware.kryo.Kryo.readObject(Kryo.java:686)
        at org.apache.hadoop.hive.ql.exec.SerializationUtilities.deserializeObjectByKryo(SerializationUtilities.java:395)
        at org.apache.hadoop.hive.ql.exec.SerializationUtilities.deserializePlan(SerializationUtilities.java:342)
        at org.apache.hadoop.hive.ql.exec.SerializationUtilities.deserializePlan(SerializationUtilities.java:319)
        at org.apache.hadoop.hive.ql.exec.Utilities.getBaseWork(Utilities.java:423)
        ... 19 more
Caused by: java.lang.IllegalArgumentException: Unable to create serializer &quot;org.apache.hive.com.esotericsoftware.kryo.serializers.FieldSerializer&quot; for class: org.apache.hadoop.hive.ql.exec.vector.VectorFileSinkOperator
        at org.apache.hive.com.esotericsoftware.kryo.factories.ReflectionSerializerFactory.makeSerializer(ReflectionSerializerFactory.java:67)
        at org.apache.hive.com.esotericsoftware.kryo.factories.ReflectionSerializerFactory.makeSerializer(ReflectionSerializerFactory.java:45)
        at org.apache.hive.com.esotericsoftware.kryo.Kryo.newDefaultSerializer(Kryo.java:380)
        at org.apache.hive.com.esotericsoftware.kryo.Kryo.getDefaultSerializer(Kryo.java:364)
        at org.apache.hive.com.esotericsoftware.kryo.util.DefaultClassResolver.registerImplicit(DefaultClassResolver.java:74)
        at org.apache.hive.com.esotericsoftware.kryo.Kryo.getRegistration(Kryo.java:490)
        at org.apache.hive.com.esotericsoftware.kryo.util.DefaultClassResolver.readName(DefaultClassResolver.java:166)
        at org.apache.hive.com.esotericsoftware.kryo.util.DefaultClassResolver.readClass(DefaultClassResolver.java:133)
        at org.apache.hive.com.esotericsoftware.kryo.Kryo.readClass(Kryo.java:670)
        at org.apache.hive.com.esotericsoftware.kryo.Kryo.readClassAndObject(Kryo.java:781)
        at org.apache.hive.com.esotericsoftware.kryo.serializers.CollectionSerializer.read(CollectionSerializer.java:134)
        at org.apache.hive.com.esotericsoftware.kryo.serializers.CollectionSerializer.read(CollectionSerializer.java:40)
        at org.apache.hive.com.esotericsoftware.kryo.Kryo.readObject(Kryo.java:708)
        at org.apache.hive.com.esotericsoftware.kryo.serializers.ObjectField.read(ObjectField.java:125)
        ... 40 more
Caused by: java.lang.reflect.InvocationTargetException
        at sun.reflect.GeneratedConstructorAccessor6.newInstance(Unknown Source)
        at sun.reflect.DelegatingConstructorAccessorImpl.newInstance(DelegatingConstructorAccessorImpl.java:45)
        at java.lang.reflect.Constructor.newInstance(Constructor.java:422)
        at org.apache.hive.com.esotericsoftware.kryo.factories.ReflectionSerializerFactory.makeSerializer(ReflectionSerializerFactory.java:54)
        ... 53 more
Caused by: java.lang.StackOverflowError
        at org.apache.hive.com.esotericsoftware.kryo.Generics.getConcreteClass(Generics.java:61)
        at org.apache.hive.com.esotericsoftware.kryo.Generics.getConcreteClass(Generics.java:62)
        at org.apache.hive.com.esotericsoftware.kryo.Generics.getConcreteClass(Generics.java:62)
&lt;/pre&gt;
&lt;/div&gt;&lt;/div&gt;        </description>
                <environment></environment>
        <key id="12921956">HIVE-12677</key>
            <summary>StackOverflowError with kryo</summary>
                <type id="1" iconUrl="https://issues.apache.org/jira/images/icons/issuetypes/bug.png">Bug</type>
                                            <priority id="3" iconUrl="https://issues.apache.org/jira/images/icons/priorities/major.png">Major</priority>
                        <status id="5" iconUrl="https://issues.apache.org/jira/images/icons/statuses/resolved.png" description="A resolution has been taken, and it is awaiting verification by reporter. From here issues are either reopened, or are closed.">Resolved</status>
                    <statusCategory id="3" key="done" colorName="green"/>
                                    <resolution id="3">Duplicate</resolution>
                                        <assignee username="-1">Unassigned</assignee>
                                    <reporter username="rajesh.balamohan">Rajesh Balamohan</reporter>
                        <labels>
                    </labels>
                <created>Tue, 15 Dec 2015 12:06:45 +0000</created>
                <updated>Tue, 5 Jul 2016 01:47:42 +0000</updated>
                            <resolved>Tue, 5 Jul 2016 01:47:42 +0000</resolved>
                                                                    <component>Vectorization</component>
                        <due></due>
                            <votes>0</votes>
                                    <watches>3</watches>
                                                                <comments>
                            <comment id="15057952" author="rajesh.balamohan" created="Tue, 15 Dec 2015 12:09:09 +0000"  >&lt;p&gt;Works fine when &quot;set hive.vectorized.execution.enabled=false;&quot;&lt;/p&gt;</comment>
                            <comment id="15058564" author="prasanth_j" created="Tue, 15 Dec 2015 19:07:20 +0000"  >&lt;p&gt;Most likely due to Vector operator classes not registering with. &lt;/p&gt;</comment>
                            <comment id="15361887" author="prasanth_j" created="Tue, 5 Jul 2016 01:47:42 +0000"  >&lt;p&gt;Fixed by &lt;a href=&quot;https://issues.apache.org/jira/browse/HIVE-14092&quot; title=&quot;Kryo exception when deserializing VectorFileSinkOperator&quot; class=&quot;issue-link&quot; data-issue-key=&quot;HIVE-14092&quot;&gt;&lt;del&gt;HIVE-14092&lt;/del&gt;&lt;/a&gt;&lt;/p&gt;</comment>
                    </comments>
                <issuelinks>
                            <issuelinktype id="12310000">
                    <name>Duplicate</name>
                                                                <inwardlinks description="is duplicated by">
                                        <issuelink>
            <issuekey id="12949774">HIVE-13277</issuekey>
        </issuelink>
                            </inwardlinks>
                                    </issuelinktype>
                    </issuelinks>
                <attachments>
                    </attachments>
                <subtasks>
                    </subtasks>
                <customfields>
                                                <customfield id="customfield_12310310" key="com.atlassian.jira.toolkit:attachments">
                        <customfieldname>Attachment count</customfieldname>
                        <customfieldvalues>
                            <customfieldvalue>0.0</customfieldvalue>
                        </customfieldvalues>
                    </customfield>
                                                                                                                                                                                                                                                                                                                                                                                                                                                                                                                                <customfield id="customfield_12310220" key="com.atlassian.jira.ext.charting:firstresponsedate">
                        <customfieldname>Date of First Response</customfieldname>
                        <customfieldvalues>
                            <customfieldvalue>Tue, 15 Dec 2015 19:07:20 +0000</customfieldvalue>

                        </customfieldvalues>
                    </customfield>
                                                                                                                                                                                                                                                                                                                                                                                                                                            <customfield id="customfield_12310420" key="com.pyxis.greenhopper.jira:gh-global-rank">
                        <customfieldname>Global Rank</customfieldname>
                        <customfieldvalues>
                            <customfieldvalue>9223372036854775807</customfieldvalue>
                        </customfieldvalues>
                    </customfield>
                                                                                                                                                    <customfield id="customfield_12312521" key="com.atlassian.jira.toolkit:LastCommentDate">
                        <customfieldname>Last public comment date</customfieldname>
                        <customfieldvalues>
                            21 weeks, 3 days ago
                        </customfieldvalues>
                    </customfield>
                                                                                            <customfield id="customfield_12311820" key="com.pyxis.greenhopper.jira:gh-lexo-rank">
                        <customfieldname>Rank</customfieldname>
                        <customfieldvalues>
                            <customfieldvalue>0|i2pwof:</customfieldvalue>

                        </customfieldvalues>
                    </customfield>
                                                                <customfield id="customfield_12310920" key="com.pyxis.greenhopper.jira:gh-global-rank">
                        <customfieldname>Rank (Obsolete)</customfieldname>
                        <customfieldvalues>
                            <customfieldvalue>9223372036854775807</customfieldvalue>
                        </customfieldvalues>
                    </customfield>
                                                                                                                                                                                                                                                                                                                            <customfield id="customfield_12310222" key="com.atlassian.jira.ext.charting:timeinstatus">
                        <customfieldname>Time in Status</customfieldname>
                        <customfieldvalues>
                            
                        </customfieldvalues>
                    </customfield>
                                                                                                                        </customfields>
    </item>
</channel>
</rss>