<!-- 
RSS generated by JIRA (6.3.4#6332-sha1:51bc225ef474afe3128b2f66878477f322397b16) at Sat Dec 03 00:46:54 UTC 2016

It is possible to restrict the fields that are returned in this document by specifying the 'field' parameter in your request.
For example, to request only the issue key and summary add field=key&field=summary to the URL of your request.
For example:
https://issues.apache.org/jira/si/jira.issueviews:issue-xml/HIVE-1009/HIVE-1009.xml?field=key&amp;field=summary
-->
<rss version="0.92" >
<channel>
    <title>ASF JIRA</title>
    <link>https://issues.apache.org/jira</link>
    <description>This file is an XML representation of an issue</description>
    <language>en-uk</language>    <build-info>
        <version>6.3.4</version>
        <build-number>6332</build-number>
        <build-date>15-08-2014</build-date>
    </build-info>

<item>
            <title>[HIVE-1009] UNION ALL throws schema-not-match exception if one subquery is TRANSFORM and the other is a simple select</title>
                <link>https://issues.apache.org/jira/browse/HIVE-1009</link>
                <project id="12310843" key="HIVE">Hive</project>
                    <description>&lt;p&gt;select s.key, s.value from &lt;br/&gt;
 ( select transform(key, value) using &apos;cat&apos; as (key, value) from src&lt;br/&gt;
   UNION ALL&lt;br/&gt;
   select key, value from src) s;&lt;/p&gt;

&lt;p&gt;throws schema-not-match exception.&lt;/p&gt;</description>
                <environment></environment>
        <key id="12444045">HIVE-1009</key>
            <summary>UNION ALL throws schema-not-match exception if one subquery is TRANSFORM and the other is a simple select</summary>
                <type id="1" iconUrl="https://issues.apache.org/jira/images/icons/issuetypes/bug.png">Bug</type>
                                            <priority id="3" iconUrl="https://issues.apache.org/jira/images/icons/priorities/major.png">Major</priority>
                        <status id="6" iconUrl="https://issues.apache.org/jira/images/icons/statuses/closed.png" description="The issue is considered finished, the resolution is correct. Issues which are closed can be reopened.">Closed</status>
                    <statusCategory id="3" key="done" colorName="green"/>
                                    <resolution id="1">Fixed</resolution>
                                        <assignee username="nzhang">Ning Zhang</assignee>
                                    <reporter username="nzhang">Ning Zhang</reporter>
                        <labels>
                    </labels>
                <created>Tue, 22 Dec 2009 22:24:09 +0000</created>
                <updated>Sat, 17 Dec 2011 00:06:08 +0000</updated>
                            <resolved>Wed, 23 Dec 2009 07:14:57 +0000</resolved>
                                                    <fixVersion>0.5.0</fixVersion>
                                        <due></due>
                            <votes>0</votes>
                                    <watches>0</watches>
                                                                <comments>
                            <comment id="12793881" author="nzhang" created="Wed, 23 Dec 2009 01:46:06 +0000"  >&lt;p&gt;patch has the following changes:&lt;br/&gt;
1) in genScriptPlan, the script operator&apos;s row resolver was generated using alias as internal column name. We should generate a unique internal column name and set the alias as alias in ColumnInfo. &lt;br/&gt;
2) many log changes due to different explain column name changes. &lt;/p&gt;</comment>
                            <comment id="12793894" author="namit" created="Wed, 23 Dec 2009 02:07:40 +0000"  >&lt;p&gt;+1&lt;/p&gt;

&lt;p&gt;looks good - will merge if the tests pass&lt;/p&gt;</comment>
                            <comment id="12793955" author="namit" created="Wed, 23 Dec 2009 07:14:57 +0000"  >&lt;p&gt;Committed. Thanks Ning&lt;/p&gt;</comment>
                    </comments>
                    <attachments>
                            <attachment id="12428787" name="HIVE-1009.patch" size="95838" author="nzhang" created="Wed, 23 Dec 2009 01:46:06 +0000"/>
                    </attachments>
                <subtasks>
                    </subtasks>
                <customfields>
                                                <customfield id="customfield_12310310" key="com.atlassian.jira.toolkit:attachments">
                        <customfieldname>Attachment count</customfieldname>
                        <customfieldvalues>
                            <customfieldvalue>1.0</customfieldvalue>
                        </customfieldvalues>
                    </customfield>
                                                                                                                                                                                                                                                                                                                                                                                                                                                                                                                                <customfield id="customfield_12310220" key="com.atlassian.jira.ext.charting:firstresponsedate">
                        <customfieldname>Date of First Response</customfieldname>
                        <customfieldvalues>
                            <customfieldvalue>Wed, 23 Dec 2009 02:07:40 +0000</customfieldvalue>

                        </customfieldvalues>
                    </customfield>
                                                                                                                                                                                                                                                                                                                                                                                                                                            <customfield id="customfield_12310420" key="com.pyxis.greenhopper.jira:gh-global-rank">
                        <customfieldname>Global Rank</customfieldname>
                        <customfieldvalues>
                            <customfieldvalue>73157</customfieldvalue>
                        </customfieldvalues>
                    </customfield>
                                                                <customfield id="customfield_12310191" key="com.atlassian.jira.plugin.system.customfieldtypes:multicheckboxes">
                        <customfieldname>Hadoop Flags</customfieldname>
                        <customfieldvalues>
                                <customfieldvalue key="10343"><![CDATA[Reviewed]]></customfieldvalue>
    
                        </customfieldvalues>
                    </customfield>
                                                                                                                        <customfield id="customfield_12312521" key="com.atlassian.jira.toolkit:LastCommentDate">
                        <customfieldname>Last public comment date</customfieldname>
                        <customfieldvalues>
                            6 years, 50 weeks, 2 days ago
                        </customfieldvalues>
                    </customfield>
                                                                                            <customfield id="customfield_12311820" key="com.pyxis.greenhopper.jira:gh-lexo-rank">
                        <customfieldname>Rank</customfieldname>
                        <customfieldvalues>
                            <customfieldvalue>0|i0lcxr:</customfieldvalue>

                        </customfieldvalues>
                    </customfield>
                                                                <customfield id="customfield_12310920" key="com.pyxis.greenhopper.jira:gh-global-rank">
                        <customfieldname>Rank (Obsolete)</customfieldname>
                        <customfieldvalues>
                            <customfieldvalue>122746</customfieldvalue>
                        </customfieldvalues>
                    </customfield>
                                                                                                                                                                                                                                                                                                                            <customfield id="customfield_12310222" key="com.atlassian.jira.ext.charting:timeinstatus">
                        <customfieldname>Time in Status</customfieldname>
                        <customfieldvalues>
                            
                        </customfieldvalues>
                    </customfield>
                                                                                                                        </customfields>
    </item>
</channel>
</rss>