<!-- 
RSS generated by JIRA (6.3.4#6332-sha1:51bc225ef474afe3128b2f66878477f322397b16) at Sun Dec 04 00:04:49 UTC 2016

It is possible to restrict the fields that are returned in this document by specifying the 'field' parameter in your request.
For example, to request only the issue key and summary add field=key&field=summary to the URL of your request.
For example:
https://issues.apache.org/jira/si/jira.issueviews:issue-xml/HIVE-10048/HIVE-10048.xml?field=key&amp;field=summary
-->
<rss version="0.92" >
<channel>
    <title>ASF JIRA</title>
    <link>https://issues.apache.org/jira</link>
    <description>This file is an XML representation of an issue</description>
    <language>en-uk</language>    <build-info>
        <version>6.3.4</version>
        <build-number>6332</build-number>
        <build-date>15-08-2014</build-date>
    </build-info>

<item>
            <title>[HIVE-10048] JDBC - Support SSL encryption regardless of Authentication mechanism</title>
                <link>https://issues.apache.org/jira/browse/HIVE-10048</link>
                <project id="12310843" key="HIVE">Hive</project>
                    <description>&lt;p&gt;JDBC driver currently only supports SSL Transport if the Authentication mechanism is SASL Plain with username and password. SSL transport  should be decoupled from Authentication mechanism. If the customer chooses to do Kerberos Authentication and SSL encryption over the wire it should be supported. The Server side already supports this but the driver does not.&lt;/p&gt;</description>
                <environment></environment>
        <key id="12783821">HIVE-10048</key>
            <summary>JDBC - Support SSL encryption regardless of Authentication mechanism</summary>
                <type id="4" iconUrl="https://issues.apache.org/jira/images/icons/issuetypes/improvement.png">Improvement</type>
                                            <priority id="3" iconUrl="https://issues.apache.org/jira/images/icons/priorities/major.png">Major</priority>
                        <status id="6" iconUrl="https://issues.apache.org/jira/images/icons/statuses/closed.png" description="The issue is considered finished, the resolution is correct. Issues which are closed can be reopened.">Closed</status>
                    <statusCategory id="3" key="done" colorName="green"/>
                                    <resolution id="1">Fixed</resolution>
                                        <assignee username="mkazia">Mubashir Kazia</assignee>
                                    <reporter username="mkazia">Mubashir Kazia</reporter>
                        <labels>
                            <label>newbie</label>
                            <label>patch</label>
                    </labels>
                <created>Sat, 21 Mar 2015 02:29:10 +0000</created>
                <updated>Thu, 7 Jul 2016 00:20:21 +0000</updated>
                            <resolved>Mon, 28 Sep 2015 03:12:47 +0000</resolved>
                                    <version>1.0.0</version>
                                    <fixVersion>2.0.0</fixVersion>
                                    <component>JDBC</component>
                        <due></due>
                            <votes>0</votes>
                                    <watches>12</watches>
                                                                <comments>
                            <comment id="14372536" author="hiveqa" created="Sat, 21 Mar 2015 06:00:17 +0000"  >

&lt;p&gt;&lt;font color=&quot;green&quot;&gt;Overall&lt;/font&gt;: +1 all checks pass&lt;/p&gt;

&lt;p&gt;Here are the results of testing the latest attachment:&lt;br/&gt;
&lt;a href=&quot;https://issues.apache.org/jira/secure/attachment/12706111/HIVE-10048.1.patch&quot; class=&quot;external-link&quot; rel=&quot;nofollow&quot;&gt;https://issues.apache.org/jira/secure/attachment/12706111/HIVE-10048.1.patch&lt;/a&gt;&lt;/p&gt;

&lt;p&gt;&lt;font color=&quot;green&quot;&gt;SUCCESS:&lt;/font&gt; +1 7818 tests passed&lt;/p&gt;

&lt;p&gt;Test results: &lt;a href=&quot;http://ec2-174-129-184-35.compute-1.amazonaws.com/jenkins/job/PreCommit-HIVE-TRUNK-Build/3103/testReport&quot; class=&quot;external-link&quot; rel=&quot;nofollow&quot;&gt;http://ec2-174-129-184-35.compute-1.amazonaws.com/jenkins/job/PreCommit-HIVE-TRUNK-Build/3103/testReport&lt;/a&gt;&lt;br/&gt;
Console output: &lt;a href=&quot;http://ec2-174-129-184-35.compute-1.amazonaws.com/jenkins/job/PreCommit-HIVE-TRUNK-Build/3103/console&quot; class=&quot;external-link&quot; rel=&quot;nofollow&quot;&gt;http://ec2-174-129-184-35.compute-1.amazonaws.com/jenkins/job/PreCommit-HIVE-TRUNK-Build/3103/console&lt;/a&gt;&lt;br/&gt;
Test logs: &lt;a href=&quot;http://ec2-174-129-184-35.compute-1.amazonaws.com/logs/PreCommit-HIVE-TRUNK-Build-3103/&quot; class=&quot;external-link&quot; rel=&quot;nofollow&quot;&gt;http://ec2-174-129-184-35.compute-1.amazonaws.com/logs/PreCommit-HIVE-TRUNK-Build-3103/&lt;/a&gt;&lt;/p&gt;

&lt;p&gt;Messages:&lt;/p&gt;
&lt;div class=&quot;preformatted panel&quot; style=&quot;border-width: 1px;&quot;&gt;&lt;div class=&quot;preformattedContent panelContent&quot;&gt;
&lt;pre&gt;Executing org.apache.hive.ptest.execution.PrepPhase
Executing org.apache.hive.ptest.execution.ExecutionPhase
Executing org.apache.hive.ptest.execution.ReportingPhase
&lt;/pre&gt;
&lt;/div&gt;&lt;/div&gt;

&lt;p&gt;This message is automatically generated.&lt;/p&gt;

&lt;p&gt;ATTACHMENT ID: 12706111 - PreCommit-HIVE-TRUNK-Build&lt;/p&gt;</comment>
                            <comment id="14535777" author="sushanth" created="Fri, 8 May 2015 22:32:54 +0000"  >&lt;p&gt;Removing fix version of 1.2.0 in preparation of release, since this is not a blocker for 1.2.0.&lt;/p&gt;</comment>
                            <comment id="14622935" author="yoderme" created="Fri, 10 Jul 2015 21:45:14 +0000"  >&lt;p&gt;LGTM, +1&lt;/p&gt;</comment>
                            <comment id="14623030" author="lskuff" created="Fri, 10 Jul 2015 23:05:43 +0000"  >&lt;p&gt;&lt;a href=&quot;https://issues.apache.org/jira/secure/ViewProfile.jspa?name=prasadm&quot; class=&quot;user-hover&quot; rel=&quot;prasadm&quot;&gt;Prasad Mujumdar&lt;/a&gt; - Can you take a look? &lt;/p&gt;</comment>
                            <comment id="14906499" author="spena" created="Thu, 24 Sep 2015 15:31:13 +0000"  >&lt;p&gt;&lt;a href=&quot;https://issues.apache.org/jira/secure/ViewProfile.jspa?name=mkazia&quot; class=&quot;user-hover&quot; rel=&quot;mkazia&quot;&gt;Mubashir Kazia&lt;/a&gt; The patch looks good.&lt;/p&gt;

&lt;p&gt;Just one minor thing now that we&apos;re working on that code. Can we move the code that gets the SSL or simple transport to a new private method? I was thinking in something like &lt;tt&gt;private TTransport createUnderlyingTransport()&lt;/tt&gt;.&lt;/p&gt;

&lt;p&gt;What do you think?&lt;/p&gt;</comment>
                            <comment id="14906551" author="mkazia" created="Thu, 24 Sep 2015 16:02:51 +0000"  >&lt;p&gt;&lt;a href=&quot;https://issues.apache.org/jira/secure/ViewProfile.jspa?name=spena&quot; class=&quot;user-hover&quot; rel=&quot;spena&quot;&gt;Sergio Pe&#241;a&lt;/a&gt;, creating a private method sounds good to me, it&apos;ll make it cleaner. When I initially made the change, I didn&apos;t wanted to introduce too many changes and keep it close to the original code as much as possible. It&apos;ll take me sometime to get an environment up and create a new patch.&lt;/p&gt;</comment>
                            <comment id="14906622" author="spena" created="Thu, 24 Sep 2015 16:45:31 +0000"  >&lt;p&gt;Thanks for the work. &lt;br/&gt;
Btw, besides the new method, I tried to apply the current patch to the current master branch and it did not apply correctly.&lt;/p&gt;</comment>
                            <comment id="14908232" author="mkazia" created="Fri, 25 Sep 2015 15:58:17 +0000"  >&lt;p&gt;New patch with changes that incorporate feedback.&lt;/p&gt;</comment>
                            <comment id="14908278" author="spena" created="Fri, 25 Sep 2015 16:27:11 +0000"  >&lt;p&gt;Thanks @Mubashir Kazia&lt;br/&gt;
+1&lt;/p&gt;</comment>
                            <comment id="14908613" author="spena" created="Fri, 25 Sep 2015 20:14:43 +0000"  >&lt;p&gt;Re-submit patch so that Jenkins runs the tests.&lt;/p&gt;</comment>
                            <comment id="14909841" author="hiveqa" created="Sun, 27 Sep 2015 18:40:24 +0000"  >

&lt;p&gt;&lt;font color=&quot;red&quot;&gt;Overall&lt;/font&gt;: -1 at least one tests failed&lt;/p&gt;

&lt;p&gt;Here are the results of testing the latest attachment:&lt;br/&gt;
&lt;a href=&quot;https://issues.apache.org/jira/secure/attachment/12762397/HIVE-10048.2.patch&quot; class=&quot;external-link&quot; rel=&quot;nofollow&quot;&gt;https://issues.apache.org/jira/secure/attachment/12762397/HIVE-10048.2.patch&lt;/a&gt;&lt;/p&gt;

&lt;p&gt;&lt;font color=&quot;red&quot;&gt;ERROR:&lt;/font&gt; -1 due to 3 failed/errored test(s), 9620 tests executed&lt;br/&gt;
&lt;b&gt;Failed tests:&lt;/b&gt;&lt;/p&gt;
&lt;div class=&quot;preformatted panel&quot; style=&quot;border-width: 1px;&quot;&gt;&lt;div class=&quot;preformattedContent panelContent&quot;&gt;
&lt;pre&gt;org.apache.hadoop.hive.cli.TestCliDriver.testCliDriver_vector_groupby_reduce
org.apache.hadoop.hive.cli.TestMiniTezCliDriver.testCliDriver_vector_groupby_reduce
org.apache.hive.hcatalog.api.TestHCatClient.testTableSchemaPropagation
&lt;/pre&gt;
&lt;/div&gt;&lt;/div&gt;

&lt;p&gt;Test results: &lt;a href=&quot;http://ec2-174-129-184-35.compute-1.amazonaws.com/jenkins/job/PreCommit-HIVE-TRUNK-Build/5439/testReport&quot; class=&quot;external-link&quot; rel=&quot;nofollow&quot;&gt;http://ec2-174-129-184-35.compute-1.amazonaws.com/jenkins/job/PreCommit-HIVE-TRUNK-Build/5439/testReport&lt;/a&gt;&lt;br/&gt;
Console output: &lt;a href=&quot;http://ec2-174-129-184-35.compute-1.amazonaws.com/jenkins/job/PreCommit-HIVE-TRUNK-Build/5439/console&quot; class=&quot;external-link&quot; rel=&quot;nofollow&quot;&gt;http://ec2-174-129-184-35.compute-1.amazonaws.com/jenkins/job/PreCommit-HIVE-TRUNK-Build/5439/console&lt;/a&gt;&lt;br/&gt;
Test logs: &lt;a href=&quot;http://ec2-174-129-184-35.compute-1.amazonaws.com/logs/PreCommit-HIVE-TRUNK-Build-5439/&quot; class=&quot;external-link&quot; rel=&quot;nofollow&quot;&gt;http://ec2-174-129-184-35.compute-1.amazonaws.com/logs/PreCommit-HIVE-TRUNK-Build-5439/&lt;/a&gt;&lt;/p&gt;

&lt;p&gt;Messages:&lt;/p&gt;
&lt;div class=&quot;preformatted panel&quot; style=&quot;border-width: 1px;&quot;&gt;&lt;div class=&quot;preformattedContent panelContent&quot;&gt;
&lt;pre&gt;Executing org.apache.hive.ptest.execution.PrepPhase
Executing org.apache.hive.ptest.execution.ExecutionPhase
Executing org.apache.hive.ptest.execution.ReportingPhase
Tests exited with: TestsFailedException: 3 tests failed
&lt;/pre&gt;
&lt;/div&gt;&lt;/div&gt;

&lt;p&gt;This message is automatically generated.&lt;/p&gt;

&lt;p&gt;ATTACHMENT ID: 12762397 - PreCommit-HIVE-TRUNK-Build&lt;/p&gt;</comment>
                            <comment id="14909865" author="mkazia" created="Sun, 27 Sep 2015 19:39:34 +0000"  >&lt;p&gt;The test failures are unrelated to this patch. The same tests have been failing on other patches.&lt;/p&gt;</comment>
                            <comment id="14909992" author="spena" created="Mon, 28 Sep 2015 03:12:47 +0000"  >&lt;p&gt;Thanks &lt;a href=&quot;https://issues.apache.org/jira/secure/ViewProfile.jspa?name=mkazia&quot; class=&quot;user-hover&quot; rel=&quot;mkazia&quot;&gt;Mubashir Kazia&lt;/a&gt; for your contribution.&lt;br/&gt;
I committed this to the master branch.&lt;/p&gt;</comment>
                            <comment id="14910105" author="lefty@hortonworks.com" created="Mon, 28 Sep 2015 06:53:36 +0000"  >&lt;p&gt;Does this need documentation?  (If so, please add a TODOC2.0 label.)&lt;/p&gt;</comment>
                            <comment id="14937745" author="spena" created="Wed, 30 Sep 2015 17:21:27 +0000"  >&lt;p&gt;&lt;a href=&quot;https://issues.apache.org/jira/secure/ViewProfile.jspa?name=leftylev&quot; class=&quot;user-hover&quot; rel=&quot;leftylev&quot;&gt;Lefty Leverenz&lt;/a&gt; I think the documentation for SSL support should be already in our wiki as this feature is already implemented. This fix is only to allow the use of SSL when kerberos authentication is used. &lt;/p&gt;

&lt;p&gt;&lt;a href=&quot;https://issues.apache.org/jira/secure/ViewProfile.jspa?name=mkazia&quot; class=&quot;user-hover&quot; rel=&quot;mkazia&quot;&gt;Mubashir Kazia&lt;/a&gt; This is the documentation for HS2 and SSL that we have: &lt;a href=&quot;https://cwiki.apache.org/confluence/display/Hive/HiveServer2+Clients#HiveServer2Clients-ConnectionURLWhenSSLIsEnabledinHiveServer2&quot; class=&quot;external-link&quot; rel=&quot;nofollow&quot;&gt;https://cwiki.apache.org/confluence/display/Hive/HiveServer2+Clients#HiveServer2Clients-ConnectionURLWhenSSLIsEnabledinHiveServer2&lt;/a&gt;&lt;/p&gt;

&lt;p&gt;Could you take a look and see if there is something it needs to be changed for this fix?&lt;/p&gt;</comment>
                    </comments>
                <issuelinks>
                            <issuelinktype id="12310000">
                    <name>Duplicate</name>
                                                                <inwardlinks description="is duplicated by">
                                        <issuelink>
            <issuekey id="12979462">HIVE-14019</issuekey>
        </issuelink>
                            </inwardlinks>
                                    </issuelinktype>
                    </issuelinks>
                <attachments>
                            <attachment id="12706111" name="HIVE-10048.1.patch" size="3917" author="mkazia" created="Sat, 21 Mar 2015 02:36:44 +0000"/>
                            <attachment id="12762397" name="HIVE-10048.2.patch" size="5161" author="mkazia" created="Fri, 25 Sep 2015 15:58:17 +0000"/>
                    </attachments>
                <subtasks>
                    </subtasks>
                <customfields>
                                                <customfield id="customfield_12310310" key="com.atlassian.jira.toolkit:attachments">
                        <customfieldname>Attachment count</customfieldname>
                        <customfieldvalues>
                            <customfieldvalue>2.0</customfieldvalue>
                        </customfieldvalues>
                    </customfield>
                                                                                                                                                                                                                                                                                                                                                                                                                                                                                                                                <customfield id="customfield_12310220" key="com.atlassian.jira.ext.charting:firstresponsedate">
                        <customfieldname>Date of First Response</customfieldname>
                        <customfieldvalues>
                            <customfieldvalue>Sat, 21 Mar 2015 06:00:17 +0000</customfieldvalue>

                        </customfieldvalues>
                    </customfield>
                                                                                                                                                                                                                                                                                                                                                                                                                                            <customfield id="customfield_12310420" key="com.pyxis.greenhopper.jira:gh-global-rank">
                        <customfieldname>Global Rank</customfieldname>
                        <customfieldvalues>
                            <customfieldvalue>9223372036854775807</customfieldvalue>
                        </customfieldvalues>
                    </customfield>
                                                                                                                                                    <customfield id="customfield_12312521" key="com.atlassian.jira.toolkit:LastCommentDate">
                        <customfieldname>Last public comment date</customfieldname>
                        <customfieldvalues>
                            1 year, 9 weeks, 3 days ago
                        </customfieldvalues>
                    </customfield>
                                                                                            <customfield id="customfield_12311820" key="com.pyxis.greenhopper.jira:gh-lexo-rank">
                        <customfieldname>Rank</customfieldname>
                        <customfieldvalues>
                            <customfieldvalue>0|i272tz:</customfieldvalue>

                        </customfieldvalues>
                    </customfield>
                                                                <customfield id="customfield_12310920" key="com.pyxis.greenhopper.jira:gh-global-rank">
                        <customfieldname>Rank (Obsolete)</customfieldname>
                        <customfieldvalues>
                            <customfieldvalue>9223372036854775807</customfieldvalue>
                        </customfieldvalues>
                    </customfield>
                                                                                                                                                                                                                                                                                                                            <customfield id="customfield_12310222" key="com.atlassian.jira.ext.charting:timeinstatus">
                        <customfieldname>Time in Status</customfieldname>
                        <customfieldvalues>
                            
                        </customfieldvalues>
                    </customfield>
                                                                                                                        </customfields>
    </item>
</channel>
</rss>