<!-- 
RSS generated by JIRA (6.3.4#6332-sha1:51bc225ef474afe3128b2f66878477f322397b16) at Fri Dec 02 05:15:49 UTC 2016

It is possible to restrict the fields that are returned in this document by specifying the 'field' parameter in your request.
For example, to request only the issue key and summary add field=key&field=summary to the URL of your request.
For example:
https://issues.apache.org/jira/si/jira.issueviews:issue-xml/HIVE-12224/HIVE-12224.xml?field=key&amp;field=summary
-->
<rss version="0.92" >
<channel>
    <title>ASF JIRA</title>
    <link>https://issues.apache.org/jira</link>
    <description>This file is an XML representation of an issue</description>
    <language>en-uk</language>    <build-info>
        <version>6.3.4</version>
        <build-number>6332</build-number>
        <build-date>15-08-2014</build-date>
    </build-info>

<item>
            <title>[HIVE-12224] Remove HOLD_DDLTIME</title>
                <link>https://issues.apache.org/jira/browse/HIVE-12224</link>
                <project id="12310843" key="HIVE">Hive</project>
                    <description>&lt;p&gt;This arcane feature was introduced long ago via &lt;a href=&quot;https://issues.apache.org/jira/browse/HIVE-1394&quot; title=&quot;do not update transient_lastDdlTime if the partition is modified by a housekeeping operation&quot; class=&quot;issue-link&quot; data-issue-key=&quot;HIVE-1394&quot;&gt;&lt;del&gt;HIVE-1394&lt;/del&gt;&lt;/a&gt; It was broken as soon as it landed, &lt;a href=&quot;https://issues.apache.org/jira/browse/HIVE-1442&quot; title=&quot;HOLD_DDLTIME does not change partition metadata&quot; class=&quot;issue-link&quot; data-issue-key=&quot;HIVE-1442&quot;&gt;&lt;del&gt;HIVE-1442&lt;/del&gt;&lt;/a&gt; and is thus useless. Fact that no one has fixed it since informs that its not really used by anyone. Better is to remove it so no one hits the bug of &lt;a href=&quot;https://issues.apache.org/jira/browse/HIVE-1442&quot; title=&quot;HOLD_DDLTIME does not change partition metadata&quot; class=&quot;issue-link&quot; data-issue-key=&quot;HIVE-1442&quot;&gt;&lt;del&gt;HIVE-1442&lt;/del&gt;&lt;/a&gt;&lt;/p&gt;</description>
                <environment></environment>
        <key id="12906820">HIVE-12224</key>
            <summary>Remove HOLD_DDLTIME</summary>
                <type id="1" iconUrl="https://issues.apache.org/jira/images/icons/issuetypes/bug.png">Bug</type>
                                            <priority id="3" iconUrl="https://issues.apache.org/jira/images/icons/priorities/major.png">Major</priority>
                        <status id="6" iconUrl="https://issues.apache.org/jira/images/icons/statuses/closed.png" description="The issue is considered finished, the resolution is correct. Issues which are closed can be reopened.">Closed</status>
                    <statusCategory id="3" key="done" colorName="green"/>
                                    <resolution id="1">Fixed</resolution>
                                        <assignee username="ashutoshc">Ashutosh Chauhan</assignee>
                                    <reporter username="ashutoshc">Ashutosh Chauhan</reporter>
                        <labels>
                    </labels>
                <created>Wed, 21 Oct 2015 18:11:37 +0000</created>
                <updated>Tue, 16 Feb 2016 23:52:40 +0000</updated>
                            <resolved>Fri, 23 Oct 2015 16:29:23 +0000</resolved>
                                                    <fixVersion>2.0.0</fixVersion>
                                    <component>Metastore</component>
                        <due></due>
                            <votes>0</votes>
                                    <watches>1</watches>
                                                                <comments>
                            <comment id="14968788" author="hiveqa" created="Thu, 22 Oct 2015 08:27:46 +0000"  >

&lt;p&gt;Here are the results of testing the latest attachment:&lt;br/&gt;
&lt;a href=&quot;https://issues.apache.org/jira/secure/attachment/12767879/HIVE-12224.patch&quot; class=&quot;external-link&quot; rel=&quot;nofollow&quot;&gt;https://issues.apache.org/jira/secure/attachment/12767879/HIVE-12224.patch&lt;/a&gt;&lt;/p&gt;

&lt;p&gt;&lt;font color=&quot;green&quot;&gt;SUCCESS:&lt;/font&gt; +1 due to 2 test(s) being added or modified.&lt;/p&gt;

&lt;p&gt;&lt;font color=&quot;red&quot;&gt;ERROR:&lt;/font&gt; -1 due to 2 failed/errored test(s), 9696 tests executed&lt;br/&gt;
&lt;b&gt;Failed tests:&lt;/b&gt;&lt;/p&gt;
&lt;div class=&quot;preformatted panel&quot; style=&quot;border-width: 1px;&quot;&gt;&lt;div class=&quot;preformattedContent panelContent&quot;&gt;
&lt;pre&gt;org.apache.hive.hcatalog.api.TestHCatClient.testTableSchemaPropagation
org.apache.hive.jdbc.TestSSL.testSSLVersion
&lt;/pre&gt;
&lt;/div&gt;&lt;/div&gt;

&lt;p&gt;Test results: &lt;a href=&quot;http://ec2-174-129-184-35.compute-1.amazonaws.com/jenkins/job/PreCommit-HIVE-TRUNK-Build/5732/testReport&quot; class=&quot;external-link&quot; rel=&quot;nofollow&quot;&gt;http://ec2-174-129-184-35.compute-1.amazonaws.com/jenkins/job/PreCommit-HIVE-TRUNK-Build/5732/testReport&lt;/a&gt;&lt;br/&gt;
Console output: &lt;a href=&quot;http://ec2-174-129-184-35.compute-1.amazonaws.com/jenkins/job/PreCommit-HIVE-TRUNK-Build/5732/console&quot; class=&quot;external-link&quot; rel=&quot;nofollow&quot;&gt;http://ec2-174-129-184-35.compute-1.amazonaws.com/jenkins/job/PreCommit-HIVE-TRUNK-Build/5732/console&lt;/a&gt;&lt;br/&gt;
Test logs: &lt;a href=&quot;http://ec2-174-129-184-35.compute-1.amazonaws.com/logs/PreCommit-HIVE-TRUNK-Build-5732/&quot; class=&quot;external-link&quot; rel=&quot;nofollow&quot;&gt;http://ec2-174-129-184-35.compute-1.amazonaws.com/logs/PreCommit-HIVE-TRUNK-Build-5732/&lt;/a&gt;&lt;/p&gt;

&lt;p&gt;Messages:&lt;/p&gt;
&lt;div class=&quot;preformatted panel&quot; style=&quot;border-width: 1px;&quot;&gt;&lt;div class=&quot;preformattedContent panelContent&quot;&gt;
&lt;pre&gt;Executing org.apache.hive.ptest.execution.TestCheckPhase
Executing org.apache.hive.ptest.execution.PrepPhase
Executing org.apache.hive.ptest.execution.ExecutionPhase
Executing org.apache.hive.ptest.execution.ReportingPhase
Tests exited with: TestsFailedException: 2 tests failed
&lt;/pre&gt;
&lt;/div&gt;&lt;/div&gt;

&lt;p&gt;This message is automatically generated.&lt;/p&gt;

&lt;p&gt;ATTACHMENT ID: 12767879 - PreCommit-HIVE-TRUNK-Build&lt;/p&gt;</comment>
                            <comment id="14969366" author="ashutoshc" created="Thu, 22 Oct 2015 16:10:23 +0000"  >&lt;p&gt;&lt;a href=&quot;https://reviews.apache.org/r/39555/&quot; class=&quot;external-link&quot; rel=&quot;nofollow&quot;&gt;https://reviews.apache.org/r/39555/&lt;/a&gt;&lt;/p&gt;</comment>
                            <comment id="14969918" author="pxiong" created="Thu, 22 Oct 2015 21:22:33 +0000"  >&lt;p&gt;LGTM +1. The only issue is to remove redundant &quot;./itests/src/test/resources/testconfiguration.properties:472:  ddltime.q&quot; Thanks!&lt;/p&gt;</comment>
                            <comment id="14971303" author="ashutoshc" created="Fri, 23 Oct 2015 16:29:23 +0000"  >&lt;p&gt;Pushed to master.&lt;/p&gt;</comment>
                    </comments>
                <issuelinks>
                            <issuelinktype id="10030">
                    <name>Reference</name>
                                            <outwardlinks description="relates to">
                                        <issuelink>
            <issuekey id="12466477">HIVE-1394</issuekey>
        </issuelink>
                            </outwardlinks>
                                                        </issuelinktype>
                    </issuelinks>
                <attachments>
                            <attachment id="12767879" name="HIVE-12224.patch" size="32045" author="ashutoshc" created="Wed, 21 Oct 2015 21:08:54 +0000"/>
                    </attachments>
                <subtasks>
                    </subtasks>
                <customfields>
                                                <customfield id="customfield_12310310" key="com.atlassian.jira.toolkit:attachments">
                        <customfieldname>Attachment count</customfieldname>
                        <customfieldvalues>
                            <customfieldvalue>1.0</customfieldvalue>
                        </customfieldvalues>
                    </customfield>
                                                                                                                                                                                                                                                                                                                                                                                                                                                                                                                                <customfield id="customfield_12310220" key="com.atlassian.jira.ext.charting:firstresponsedate">
                        <customfieldname>Date of First Response</customfieldname>
                        <customfieldvalues>
                            <customfieldvalue>Thu, 22 Oct 2015 08:27:46 +0000</customfieldvalue>

                        </customfieldvalues>
                    </customfield>
                                                                                                                                                                                                                                                                                                                                                                                                                                            <customfield id="customfield_12310420" key="com.pyxis.greenhopper.jira:gh-global-rank">
                        <customfieldname>Global Rank</customfieldname>
                        <customfieldvalues>
                            <customfieldvalue>9223372036854775807</customfieldvalue>
                        </customfieldvalues>
                    </customfield>
                                                                <customfield id="customfield_12310191" key="com.atlassian.jira.plugin.system.customfieldtypes:multicheckboxes">
                        <customfieldname>Hadoop Flags</customfieldname>
                        <customfieldvalues>
                                <customfieldvalue key="10342"><![CDATA[Incompatible change]]></customfieldvalue>
    
                        </customfieldvalues>
                    </customfield>
                                                                                                                        <customfield id="customfield_12312521" key="com.atlassian.jira.toolkit:LastCommentDate">
                        <customfieldname>Last public comment date</customfieldname>
                        <customfieldvalues>
                            1 year, 5 weeks, 6 days ago
                        </customfieldvalues>
                    </customfield>
                                                                                            <customfield id="customfield_12311820" key="com.pyxis.greenhopper.jira:gh-lexo-rank">
                        <customfieldname>Rank</customfieldname>
                        <customfieldvalues>
                            <customfieldvalue>0|i2nc3r:</customfieldvalue>

                        </customfieldvalues>
                    </customfield>
                                                                <customfield id="customfield_12310920" key="com.pyxis.greenhopper.jira:gh-global-rank">
                        <customfieldname>Rank (Obsolete)</customfieldname>
                        <customfieldvalues>
                            <customfieldvalue>9223372036854775807</customfieldvalue>
                        </customfieldvalues>
                    </customfield>
                                                                                                                                                                                                                                                                                                                            <customfield id="customfield_12310222" key="com.atlassian.jira.ext.charting:timeinstatus">
                        <customfieldname>Time in Status</customfieldname>
                        <customfieldvalues>
                            
                        </customfieldvalues>
                    </customfield>
                                                                                                                        </customfields>
    </item>
</channel>
</rss>