<!-- 
RSS generated by JIRA (6.3.4#6332-sha1:51bc225ef474afe3128b2f66878477f322397b16) at Sat Dec 03 00:48:59 UTC 2016

It is possible to restrict the fields that are returned in this document by specifying the 'field' parameter in your request.
For example, to request only the issue key and summary add field=key&field=summary to the URL of your request.
For example:
https://issues.apache.org/jira/si/jira.issueviews:issue-xml/HIVE-1072/HIVE-1072.xml?field=key&amp;field=summary
-->
<rss version="0.92" >
<channel>
    <title>ASF JIRA</title>
    <link>https://issues.apache.org/jira</link>
    <description>This file is an XML representation of an issue</description>
    <language>en-uk</language>    <build-info>
        <version>6.3.4</version>
        <build-number>6332</build-number>
        <build-date>15-08-2014</build-date>
    </build-info>

<item>
            <title>[HIVE-1072] &quot;show table extended like table partition(xxx) &quot; will show the result of the whole table if the partition does not exist</title>
                <link>https://issues.apache.org/jira/browse/HIVE-1072</link>
                <project id="12310843" key="HIVE">Hive</project>
                    <description>&lt;p&gt;See the following example, we should output an error for the second command.&lt;/p&gt;

&lt;div class=&quot;code panel&quot; style=&quot;border-width: 1px;&quot;&gt;&lt;div class=&quot;codeContent panelContent&quot;&gt;
&lt;pre class=&quot;code-java&quot;&gt;
hive&amp;gt; show table extended like member_count;
OK
tableName:member_count
owner:&lt;span class=&quot;code-keyword&quot;&gt;null&lt;/span&gt;
location:/user/hive/member_count
inputformat:org.apache.hadoop.mapred.SequenceFileInputFormat
outputformat:org.apache.hadoop.hive.ql.io.HiveSequenceFileOutputFormat
columns:struct columns { string count}
partitioned:&lt;span class=&quot;code-keyword&quot;&gt;true&lt;/span&gt;
partitionColumns:struct partition_columns { string ds}
totalNumberFiles:233933
totalFileSize:32802665
maxFileSize:257
minFileSize:140
lastAccessTime:1264017438860
lastUpdateTime:1263949909703

Time taken: 125.104 seconds

hive&amp;gt; show table extended like member_count partition(ds = &apos;2009-10-11&apos;);
OK
tableName:member_count
owner:&lt;span class=&quot;code-keyword&quot;&gt;null&lt;/span&gt;
location:/user/hive/member_count
inputformat:org.apache.hadoop.mapred.SequenceFileInputFormat
outputformat:org.apache.hadoop.hive.ql.io.HiveSequenceFileOutputFormat
columns:struct columns { string count}
partitioned:&lt;span class=&quot;code-keyword&quot;&gt;true&lt;/span&gt;
partitionColumns:struct partition_columns { string ds}
totalNumberFiles:233933
totalFileSize:32802665
maxFileSize:257
minFileSize:140
lastAccessTime:1264017438860
lastUpdateTime:1263949909703

Time taken: 24.618 seconds

hive&amp;gt; show table extended like member_count partition(ds = &apos;2009-12-11&apos;);
OK
tableName:member_count
owner:&lt;span class=&quot;code-keyword&quot;&gt;null&lt;/span&gt;
location:/user/hive/member_count
inputformat:org.apache.hadoop.mapred.SequenceFileInputFormat
outputformat:org.apache.hadoop.hive.ql.io.HiveSequenceFileOutputFormat
columns:struct columns { string count}
partitioned:&lt;span class=&quot;code-keyword&quot;&gt;true&lt;/span&gt;
partitionColumns:struct partition_columns { string ds}
totalNumberFiles:3495
totalFileSize:489417
maxFileSize:257
minFileSize:140
lastAccessTime:1262676533852
lastUpdateTime:1263949909703

Time taken: 0.549 seconds
&lt;/pre&gt;
&lt;/div&gt;&lt;/div&gt;</description>
                <environment></environment>
        <key id="12446147">HIVE-1072</key>
            <summary>&quot;show table extended like table partition(xxx) &quot; will show the result of the whole table if the partition does not exist</summary>
                <type id="1" iconUrl="https://issues.apache.org/jira/images/icons/issuetypes/bug.png">Bug</type>
                                            <priority id="3" iconUrl="https://issues.apache.org/jira/images/icons/priorities/major.png">Major</priority>
                        <status id="6" iconUrl="https://issues.apache.org/jira/images/icons/statuses/closed.png" description="The issue is considered finished, the resolution is correct. Issues which are closed can be reopened.">Closed</status>
                    <statusCategory id="3" key="done" colorName="green"/>
                                    <resolution id="1">Fixed</resolution>
                                        <assignee username="he yongqiang">He Yongqiang</assignee>
                                    <reporter username="zshao">Zheng Shao</reporter>
                        <labels>
                    </labels>
                <created>Wed, 20 Jan 2010 22:18:14 +0000</created>
                <updated>Sat, 17 Dec 2011 00:06:09 +0000</updated>
                            <resolved>Sat, 23 Jan 2010 02:12:39 +0000</resolved>
                                    <version>0.4.1</version>
                                    <fixVersion>0.5.0</fixVersion>
                                    <component>Query Processor</component>
                        <due></due>
                            <votes>0</votes>
                                    <watches>1</watches>
                                                                <comments>
                            <comment id="12803047" author="zshao" created="Wed, 20 Jan 2010 23:24:29 +0000"  >&lt;p&gt;If the partition does not exist, we should fail the query.&lt;br/&gt;
Can you add a negative test instead?&lt;/p&gt;</comment>
                            <comment id="12803052" author="he yongqiang" created="Wed, 20 Jan 2010 23:30:34 +0000"  >&lt;p&gt;np. i can add that. But it seems many other commands just output error msg and succeed, like &apos;describe&apos;.&lt;/p&gt;</comment>
                            <comment id="12803062" author="he yongqiang" created="Wed, 20 Jan 2010 23:43:05 +0000"  >&lt;p&gt;hive-1072.2.patch fails query when the given partition does not exist.&lt;/p&gt;</comment>
                            <comment id="12803064" author="zshao" created="Wed, 20 Jan 2010 23:45:36 +0000"  >&lt;p&gt;+1. Will commit after test.&lt;/p&gt;</comment>
                            <comment id="12803995" author="zshao" created="Sat, 23 Jan 2010 02:12:39 +0000"  >&lt;p&gt;Committed. Thanks Yongqiang.&lt;/p&gt;</comment>
                            <comment id="12804925" author="nzhang" created="Tue, 26 Jan 2010 07:27:33 +0000"  >&lt;p&gt;Zheng and Yongqiang, one test result file was missing for the committed version to branch 0.5.0: ql/src/test/results/clientnegative/invalide_t_alter1.q.out. Can you double check and commit it?&lt;/p&gt;</comment>
                            <comment id="12804927" author="zshao" created="Tue, 26 Jan 2010 07:32:22 +0000"  >&lt;p&gt;Ning, sorry about that. I just committed it to branch-0.5 under &lt;a href=&quot;https://issues.apache.org/jira/browse/HIVE-1059&quot; title=&quot;Date/DateTime/TimeStamp types should throw an error&quot; class=&quot;issue-link&quot; data-issue-key=&quot;HIVE-1059&quot;&gt;&lt;del&gt;HIVE-1059&lt;/del&gt;&lt;/a&gt;.&lt;/p&gt;</comment>
                    </comments>
                    <attachments>
                            <attachment id="12430951" name="hive-1072.2.patch" size="1792" author="he yongqiang" created="Wed, 20 Jan 2010 23:43:05 +0000"/>
                            <attachment id="12430942" name="hive-1072.patch" size="7098" author="he yongqiang" created="Wed, 20 Jan 2010 23:20:33 +0000"/>
                    </attachments>
                <subtasks>
                    </subtasks>
                <customfields>
                                                <customfield id="customfield_12310310" key="com.atlassian.jira.toolkit:attachments">
                        <customfieldname>Attachment count</customfieldname>
                        <customfieldvalues>
                            <customfieldvalue>2.0</customfieldvalue>
                        </customfieldvalues>
                    </customfield>
                                                                                                                                                                                                                                                                                                                                                                                                                                                                                                                                <customfield id="customfield_12310220" key="com.atlassian.jira.ext.charting:firstresponsedate">
                        <customfieldname>Date of First Response</customfieldname>
                        <customfieldvalues>
                            <customfieldvalue>Wed, 20 Jan 2010 23:30:34 +0000</customfieldvalue>

                        </customfieldvalues>
                    </customfield>
                                                                                                                                                                                                                                                                                                                                                                                                                                            <customfield id="customfield_12310420" key="com.pyxis.greenhopper.jira:gh-global-rank">
                        <customfieldname>Global Rank</customfieldname>
                        <customfieldvalues>
                            <customfieldvalue>73121</customfieldvalue>
                        </customfieldvalues>
                    </customfield>
                                                                <customfield id="customfield_12310191" key="com.atlassian.jira.plugin.system.customfieldtypes:multicheckboxes">
                        <customfieldname>Hadoop Flags</customfieldname>
                        <customfieldvalues>
                                <customfieldvalue key="10343"><![CDATA[Reviewed]]></customfieldvalue>
    
                        </customfieldvalues>
                    </customfield>
                                                                                                                        <customfield id="customfield_12312521" key="com.atlassian.jira.toolkit:LastCommentDate">
                        <customfieldname>Last public comment date</customfieldname>
                        <customfieldvalues>
                            6 years, 45 weeks, 3 days ago
                        </customfieldvalues>
                    </customfield>
                                                                                            <customfield id="customfield_12311820" key="com.pyxis.greenhopper.jira:gh-lexo-rank">
                        <customfieldname>Rank</customfieldname>
                        <customfieldvalues>
                            <customfieldvalue>0|i0ld9b:</customfieldvalue>

                        </customfieldvalues>
                    </customfield>
                                                                <customfield id="customfield_12310920" key="com.pyxis.greenhopper.jira:gh-global-rank">
                        <customfieldname>Rank (Obsolete)</customfieldname>
                        <customfieldvalues>
                            <customfieldvalue>122798</customfieldvalue>
                        </customfieldvalues>
                    </customfield>
                                                                <customfield id="customfield_12310192" key="com.atlassian.jira.plugin.system.customfieldtypes:textarea">
                        <customfieldname>Release Note</customfieldname>
                        <customfieldvalues>
                            <customfieldvalue>&lt;a href=&quot;https://issues.apache.org/jira/browse/HIVE-1072&quot; title=&quot;&amp;quot;show table extended like table partition(xxx) &amp;quot; will show the result of the whole table if the partition does not exist&quot; class=&quot;issue-link&quot; data-issue-key=&quot;HIVE-1072&quot;&gt;&lt;strike&gt;HIVE-1072&lt;/strike&gt;&lt;/a&gt;. Show table extended to error out when the partition does not exist. (Yongqiang He via zshao)</customfieldvalue>

                        </customfieldvalues>
                    </customfield>
                                                                                                                                                                                                                                                                                                <customfield id="customfield_12310222" key="com.atlassian.jira.ext.charting:timeinstatus">
                        <customfieldname>Time in Status</customfieldname>
                        <customfieldvalues>
                            
                        </customfieldvalues>
                    </customfield>
                                                                                                                        </customfields>
    </item>
</channel>
</rss>