<!-- 
RSS generated by JIRA (6.3.4#6332-sha1:51bc225ef474afe3128b2f66878477f322397b16) at Fri Dec 02 11:32:07 UTC 2016

It is possible to restrict the fields that are returned in this document by specifying the 'field' parameter in your request.
For example, to request only the issue key and summary add field=key&field=summary to the URL of your request.
For example:
https://issues.apache.org/jira/si/jira.issueviews:issue-xml/HIVE-12493/HIVE-12493.xml?field=key&amp;field=summary
-->
<rss version="0.92" >
<channel>
    <title>ASF JIRA</title>
    <link>https://issues.apache.org/jira</link>
    <description>This file is an XML representation of an issue</description>
    <language>en-uk</language>    <build-info>
        <version>6.3.4</version>
        <build-number>6332</build-number>
        <build-date>15-08-2014</build-date>
    </build-info>

<item>
            <title>[HIVE-12493] HIVE-11180 didn&apos;t merge cleanly to branch-1</title>
                <link>https://issues.apache.org/jira/browse/HIVE-12493</link>
                <project id="12310843" key="HIVE">Hive</project>
                    <description></description>
                <environment></environment>
        <key id="12915208">HIVE-12493</key>
            <summary>HIVE-11180 didn&apos;t merge cleanly to branch-1</summary>
                <type id="1" iconUrl="https://issues.apache.org/jira/images/icons/issuetypes/bug.png">Bug</type>
                                            <priority id="3" iconUrl="https://issues.apache.org/jira/images/icons/priorities/major.png">Major</priority>
                        <status id="5" iconUrl="https://issues.apache.org/jira/images/icons/statuses/resolved.png" description="A resolution has been taken, and it is awaiting verification by reporter. From here issues are either reopened, or are closed.">Resolved</status>
                    <statusCategory id="3" key="done" colorName="green"/>
                                    <resolution id="1">Fixed</resolution>
                                        <assignee username="-1">Unassigned</assignee>
                                    <reporter username="lirui">Rui Li</reporter>
                        <labels>
                    </labels>
                <created>Mon, 23 Nov 2015 02:25:33 +0000</created>
                <updated>Mon, 23 Nov 2015 14:43:05 +0000</updated>
                            <resolved>Mon, 23 Nov 2015 14:43:05 +0000</resolved>
                                                    <fixVersion>1.3.0</fixVersion>
                                        <due></due>
                            <votes>0</votes>
                                    <watches>3</watches>
                                                                <comments>
                            <comment id="15021422" author="lirui" created="Mon, 23 Nov 2015 02:52:03 +0000"  >&lt;p&gt;&lt;a href=&quot;https://issues.apache.org/jira/browse/HIVE-12461&quot; title=&quot;Branch-1 -Phadoop-1 build is broken&quot; class=&quot;issue-link&quot; data-issue-key=&quot;HIVE-12461&quot;&gt;&lt;del&gt;HIVE-12461&lt;/del&gt;&lt;/a&gt; is also fixing build of branch-1. Let&apos;s trigger tests after it&apos;s resolved.&lt;/p&gt;</comment>
                            <comment id="15021548" author="aleksei" created="Mon, 23 Nov 2015 05:34:11 +0000"  >&lt;p&gt;&lt;a href=&quot;https://issues.apache.org/jira/secure/ViewProfile.jspa?name=xuefuz&quot; class=&quot;user-hover&quot; rel=&quot;xuefuz&quot;&gt;Xuefu Zhang&lt;/a&gt; gave +1 for &lt;a href=&quot;https://issues.apache.org/jira/browse/HIVE-12461&quot; title=&quot;Branch-1 -Phadoop-1 build is broken&quot; class=&quot;issue-link&quot; data-issue-key=&quot;HIVE-12461&quot;&gt;&lt;del&gt;HIVE-12461&lt;/del&gt;&lt;/a&gt; already. I think it can be merged. That patch also has the fix for incorrect merge.&lt;/p&gt;</comment>
                            <comment id="15022177" author="xuefuz" created="Mon, 23 Nov 2015 14:43:05 +0000"  >&lt;p&gt;The changes here are also included in patch for &lt;a href=&quot;https://issues.apache.org/jira/browse/HIVE-12461&quot; title=&quot;Branch-1 -Phadoop-1 build is broken&quot; class=&quot;issue-link&quot; data-issue-key=&quot;HIVE-12461&quot;&gt;&lt;del&gt;HIVE-12461&lt;/del&gt;&lt;/a&gt;. Thus, closing this as &quot;fixed&quot;. Thanks, Rui!.&lt;/p&gt;</comment>
                    </comments>
                <issuelinks>
                            <issuelinktype id="10030">
                    <name>Reference</name>
                                                                <inwardlinks description="is related to">
                                        <issuelink>
            <issuekey id="12842556">HIVE-11180</issuekey>
        </issuelink>
                            </inwardlinks>
                                    </issuelinktype>
                    </issuelinks>
                <attachments>
                            <attachment id="12773763" name="HIVE-12493.1.patch" size="1076" author="lirui" created="Mon, 23 Nov 2015 02:52:03 +0000"/>
                    </attachments>
                <subtasks>
                    </subtasks>
                <customfields>
                                                <customfield id="customfield_12310310" key="com.atlassian.jira.toolkit:attachments">
                        <customfieldname>Attachment count</customfieldname>
                        <customfieldvalues>
                            <customfieldvalue>1.0</customfieldvalue>
                        </customfieldvalues>
                    </customfield>
                                                                                                                                                                                                                                                                                                                                                                                                                                                                                                                                <customfield id="customfield_12310220" key="com.atlassian.jira.ext.charting:firstresponsedate">
                        <customfieldname>Date of First Response</customfieldname>
                        <customfieldvalues>
                            <customfieldvalue>Mon, 23 Nov 2015 05:34:11 +0000</customfieldvalue>

                        </customfieldvalues>
                    </customfield>
                                                                                                                                                                                                                                                                                                                                                                                                                                            <customfield id="customfield_12310420" key="com.pyxis.greenhopper.jira:gh-global-rank">
                        <customfieldname>Global Rank</customfieldname>
                        <customfieldvalues>
                            <customfieldvalue>9223372036854775807</customfieldvalue>
                        </customfieldvalues>
                    </customfield>
                                                                                                                                                    <customfield id="customfield_12312521" key="com.atlassian.jira.toolkit:LastCommentDate">
                        <customfieldname>Last public comment date</customfieldname>
                        <customfieldvalues>
                            1 year, 1 week, 3 days ago
                        </customfieldvalues>
                    </customfield>
                                                                                            <customfield id="customfield_12311820" key="com.pyxis.greenhopper.jira:gh-lexo-rank">
                        <customfieldname>Rank</customfieldname>
                        <customfieldvalues>
                            <customfieldvalue>0|i2orlb:</customfieldvalue>

                        </customfieldvalues>
                    </customfield>
                                                                <customfield id="customfield_12310920" key="com.pyxis.greenhopper.jira:gh-global-rank">
                        <customfieldname>Rank (Obsolete)</customfieldname>
                        <customfieldvalues>
                            <customfieldvalue>9223372036854775807</customfieldvalue>
                        </customfieldvalues>
                    </customfield>
                                                                                                                                                                                                                                                                                                                            <customfield id="customfield_12310222" key="com.atlassian.jira.ext.charting:timeinstatus">
                        <customfieldname>Time in Status</customfieldname>
                        <customfieldvalues>
                            
                        </customfieldvalues>
                    </customfield>
                                                                                                                        </customfields>
    </item>
</channel>
</rss>