<!-- 
RSS generated by JIRA (6.3.4#6332-sha1:51bc225ef474afe3128b2f66878477f322397b16) at Fri Dec 02 23:39:07 UTC 2016

It is possible to restrict the fields that are returned in this document by specifying the 'field' parameter in your request.
For example, to request only the issue key and summary add field=key&field=summary to the URL of your request.
For example:
https://issues.apache.org/jira/si/jira.issueviews:issue-xml/HIVE-1037/HIVE-1037.xml?field=key&amp;field=summary
-->
<rss version="0.92" >
<channel>
    <title>ASF JIRA</title>
    <link>https://issues.apache.org/jira</link>
    <description>This file is an XML representation of an issue</description>
    <language>en-uk</language>    <build-info>
        <version>6.3.4</version>
        <build-number>6332</build-number>
        <build-date>15-08-2014</build-date>
    </build-info>

<item>
            <title>[HIVE-1037] SerDe &amp; ObjectInspector for RowContainer mismatch with the input data</title>
                <link>https://issues.apache.org/jira/browse/HIVE-1037</link>
                <project id="12310843" key="HIVE">Hive</project>
                    <description>&lt;p&gt;In CommonJoinOperator, RowContainer is created for each input table with the SerDe and ObjectInspector to serialize/deserialize that row to persistent storage. The serde/OI could be null in the case of the value columns are pruned by column pruner. An example query is&lt;/p&gt;

&lt;p&gt;select count(1) from A join B on A.key=B.key;&lt;/p&gt;

&lt;p&gt;Another case of mismatch is that the tableDesc was initialized at compile time before the column pruner take place. This could cause inconsistency in the SerDe/OI with the input data. This should be moved to execution time when the join operator is initialized. &lt;/p&gt;</description>
                <environment></environment>
        <key id="12444996">HIVE-1037</key>
            <summary>SerDe &amp; ObjectInspector for RowContainer mismatch with the input data</summary>
                <type id="1" iconUrl="https://issues.apache.org/jira/images/icons/issuetypes/bug.png">Bug</type>
                                            <priority id="1" iconUrl="https://issues.apache.org/jira/images/icons/priorities/blocker.png">Blocker</priority>
                        <status id="6" iconUrl="https://issues.apache.org/jira/images/icons/statuses/closed.png" description="The issue is considered finished, the resolution is correct. Issues which are closed can be reopened.">Closed</status>
                    <statusCategory id="3" key="done" colorName="green"/>
                                    <resolution id="1">Fixed</resolution>
                                        <assignee username="nzhang">Ning Zhang</assignee>
                                    <reporter username="nzhang">Ning Zhang</reporter>
                        <labels>
                    </labels>
                <created>Fri, 8 Jan 2010 05:50:32 +0000</created>
                <updated>Sat, 17 Dec 2011 00:05:33 +0000</updated>
                            <resolved>Sat, 9 Jan 2010 00:42:34 +0000</resolved>
                                                    <fixVersion>0.5.0</fixVersion>
                                        <due></due>
                            <votes>0</votes>
                                    <watches>1</watches>
                                                                <comments>
                            <comment id="12797915" author="nzhang" created="Fri, 8 Jan 2010 05:51:51 +0000"  >&lt;p&gt;I think this bug should be included in 0.5 since it may cause run time exception and wrong results. &lt;/p&gt;</comment>
                            <comment id="12798078" author="namit" created="Fri, 8 Jan 2010 17:15:21 +0000"  >&lt;p&gt;I agree - marked it as a blocker for 0.5&lt;/p&gt;</comment>
                            <comment id="12798173" author="nzhang" created="Fri, 8 Jan 2010 20:42:28 +0000"  >&lt;p&gt;Uploading &lt;a href=&quot;https://issues.apache.org/jira/browse/HIVE-1037&quot; title=&quot;SerDe &amp;amp; ObjectInspector for RowContainer mismatch with the input data&quot; class=&quot;issue-link&quot; data-issue-key=&quot;HIVE-1037&quot;&gt;&lt;del&gt;HIVE-1037&lt;/del&gt;&lt;/a&gt;.patch. Changes include:&lt;br/&gt;
1) moving initTableDesc from joinDesc to CommonJoinOperator to make it after column pruner. &lt;br/&gt;
2) some misc changes in RowContainer including better error reporting.&lt;br/&gt;
3) add a new unit test in join40.q&lt;/p&gt;</comment>
                            <comment id="12798187" author="namit" created="Fri, 8 Jan 2010 21:28:12 +0000"  >&lt;p&gt;+1&lt;/p&gt;

&lt;p&gt;will commit if the tests pass&lt;/p&gt;</comment>
                            <comment id="12798269" author="namit" created="Sat, 9 Jan 2010 00:42:34 +0000"  >&lt;p&gt;Committed. Thanks Ning&lt;/p&gt;</comment>
                    </comments>
                    <attachments>
                            <attachment id="12429782" name="HIVE-1037.patch" size="89687" author="nzhang" created="Fri, 8 Jan 2010 20:42:28 +0000"/>
                    </attachments>
                <subtasks>
                    </subtasks>
                <customfields>
                                                <customfield id="customfield_12310310" key="com.atlassian.jira.toolkit:attachments">
                        <customfieldname>Attachment count</customfieldname>
                        <customfieldvalues>
                            <customfieldvalue>1.0</customfieldvalue>
                        </customfieldvalues>
                    </customfield>
                                                                                                                                                                                                                                                                                                                                                                                                                                                                                                                                <customfield id="customfield_12310220" key="com.atlassian.jira.ext.charting:firstresponsedate">
                        <customfieldname>Date of First Response</customfieldname>
                        <customfieldvalues>
                            <customfieldvalue>Fri, 8 Jan 2010 17:15:21 +0000</customfieldvalue>

                        </customfieldvalues>
                    </customfield>
                                                                                                                                                                                                                                                                                                                                                                                                                                            <customfield id="customfield_12310420" key="com.pyxis.greenhopper.jira:gh-global-rank">
                        <customfieldname>Global Rank</customfieldname>
                        <customfieldvalues>
                            <customfieldvalue>73140</customfieldvalue>
                        </customfieldvalues>
                    </customfield>
                                                                <customfield id="customfield_12310191" key="com.atlassian.jira.plugin.system.customfieldtypes:multicheckboxes">
                        <customfieldname>Hadoop Flags</customfieldname>
                        <customfieldvalues>
                                <customfieldvalue key="10343"><![CDATA[Reviewed]]></customfieldvalue>
    
                        </customfieldvalues>
                    </customfield>
                                                                                                                        <customfield id="customfield_12312521" key="com.atlassian.jira.toolkit:LastCommentDate">
                        <customfieldname>Last public comment date</customfieldname>
                        <customfieldvalues>
                            6 years, 47 weeks, 6 days ago
                        </customfieldvalues>
                    </customfield>
                                                                                            <customfield id="customfield_12311820" key="com.pyxis.greenhopper.jira:gh-lexo-rank">
                        <customfieldname>Rank</customfieldname>
                        <customfieldvalues>
                            <customfieldvalue>0|i0ld33:</customfieldvalue>

                        </customfieldvalues>
                    </customfield>
                                                                <customfield id="customfield_12310920" key="com.pyxis.greenhopper.jira:gh-global-rank">
                        <customfieldname>Rank (Obsolete)</customfieldname>
                        <customfieldvalues>
                            <customfieldvalue>122770</customfieldvalue>
                        </customfieldvalues>
                    </customfield>
                                                                                                                                                                                                                                                                                                                            <customfield id="customfield_12310222" key="com.atlassian.jira.ext.charting:timeinstatus">
                        <customfieldname>Time in Status</customfieldname>
                        <customfieldvalues>
                            
                        </customfieldvalues>
                    </customfield>
                                                                                                                        </customfields>
    </item>
</channel>
</rss>