<!-- 
RSS generated by JIRA (6.3.4#6332-sha1:51bc225ef474afe3128b2f66878477f322397b16) at Fri Dec 02 12:05:41 UTC 2016

It is possible to restrict the fields that are returned in this document by specifying the 'field' parameter in your request.
For example, to request only the issue key and summary add field=key&field=summary to the URL of your request.
For example:
https://issues.apache.org/jira/si/jira.issueviews:issue-xml/HIVE-12463/HIVE-12463.xml?field=key&amp;field=summary
-->
<rss version="0.92" >
<channel>
    <title>ASF JIRA</title>
    <link>https://issues.apache.org/jira</link>
    <description>This file is an XML representation of an issue</description>
    <language>en-uk</language>    <build-info>
        <version>6.3.4</version>
        <build-number>6332</build-number>
        <build-date>15-08-2014</build-date>
    </build-info>

<item>
            <title>[HIVE-12463] VectorMapJoinFastKeyStore has Array OOB errors</title>
                <link>https://issues.apache.org/jira/browse/HIVE-12463</link>
                <project id="12310843" key="HIVE">Hive</project>
                    <description>&lt;p&gt;When combining different sized keys, observing an occasional error in hashtable probes.&lt;/p&gt;

&lt;div class=&quot;code panel&quot; style=&quot;border-width: 1px;&quot;&gt;&lt;div class=&quot;codeContent panelContent&quot;&gt;
&lt;pre class=&quot;code-java&quot;&gt;
Caused by: java.lang.ArrayIndexOutOfBoundsException: 162046429
	at org.apache.hadoop.hive.ql.exec.vector.mapjoin.fast.VectorMapJoinFastKeyStore.equalKey(VectorMapJoinFastKeyStore.java:150)
	at org.apache.hadoop.hive.ql.exec.vector.mapjoin.fast.VectorMapJoinFastBytesHashTable.findReadSlot(VectorMapJoinFastBytesHashTable.java:191)
	at org.apache.hadoop.hive.ql.exec.vector.mapjoin.fast.VectorMapJoinFastBytesHashMap.lookup(VectorMapJoinFastBytesHashMap.java:76)
	at org.apache.hadoop.hive.ql.exec.vector.mapjoin.VectorMapJoinInnerMultiKeyOperator.process(VectorMapJoinInnerMultiKeyOperator.java:300)
	... 26 more
&lt;/pre&gt;
&lt;/div&gt;&lt;/div&gt;

&lt;div class=&quot;code panel&quot; style=&quot;border-width: 1px;&quot;&gt;&lt;div class=&quot;codeContent panelContent&quot;&gt;
&lt;pre class=&quot;code-java&quot;&gt;
    &lt;span class=&quot;code-comment&quot;&gt;// Our reading is positioned to the key.
&lt;/span&gt;    writeBuffers.getByteSegmentRefToCurrent(byteSegmentRef, keyLength, readPos);

    &lt;span class=&quot;code-object&quot;&gt;byte&lt;/span&gt;[] currentBytes = byteSegmentRef.getBytes();
    &lt;span class=&quot;code-object&quot;&gt;int&lt;/span&gt; currentStart = (&lt;span class=&quot;code-object&quot;&gt;int&lt;/span&gt;) byteSegmentRef.getOffset();

    &lt;span class=&quot;code-keyword&quot;&gt;for&lt;/span&gt; (&lt;span class=&quot;code-object&quot;&gt;int&lt;/span&gt; i = 0; i &amp;lt; keyLength; i++) {
      &lt;span class=&quot;code-keyword&quot;&gt;if&lt;/span&gt; (currentBytes[currentStart + i] != keyBytes[keyStart + i]) {
        &lt;span class=&quot;code-comment&quot;&gt;// LOG.debug(&lt;span class=&quot;code-quote&quot;&gt;&quot;VectorMapJoinFastKeyStore equalKey no match on bytes&quot;&lt;/span&gt;);
&lt;/span&gt;        &lt;span class=&quot;code-keyword&quot;&gt;return&lt;/span&gt; &lt;span class=&quot;code-keyword&quot;&gt;false&lt;/span&gt;;
      }
    }
&lt;/pre&gt;
&lt;/div&gt;&lt;/div&gt;

&lt;p&gt;This needs an identical fix to match &lt;/p&gt;

&lt;div class=&quot;code panel&quot; style=&quot;border-width: 1px;&quot;&gt;&lt;div class=&quot;codeContent panelContent&quot;&gt;
&lt;pre class=&quot;code-java&quot;&gt;
    &lt;span class=&quot;code-comment&quot;&gt;// Rare &lt;span class=&quot;code-keyword&quot;&gt;case&lt;/span&gt; of buffer boundary. Unfortunately we&apos;d have to copy some bytes.
&lt;/span&gt;
   &lt;span class=&quot;code-comment&quot;&gt;// Rare &lt;span class=&quot;code-keyword&quot;&gt;case&lt;/span&gt; of buffer boundary. Unfortunately we&apos;d have to copy some bytes.
&lt;/span&gt;    &lt;span class=&quot;code-object&quot;&gt;byte&lt;/span&gt;[] bytes = &lt;span class=&quot;code-keyword&quot;&gt;new&lt;/span&gt; &lt;span class=&quot;code-object&quot;&gt;byte&lt;/span&gt;[length];
    &lt;span class=&quot;code-object&quot;&gt;int&lt;/span&gt; destOffset = 0;
    &lt;span class=&quot;code-keyword&quot;&gt;while&lt;/span&gt; (destOffset &amp;lt; length) {
      ponderNextBufferToRead(readPos);
&lt;/pre&gt;
&lt;/div&gt;&lt;/div&gt;</description>
                <environment></environment>
        <key id="12914383">HIVE-12463</key>
            <summary>VectorMapJoinFastKeyStore has Array OOB errors</summary>
                <type id="1" iconUrl="https://issues.apache.org/jira/images/icons/issuetypes/bug.png">Bug</type>
                                            <priority id="3" iconUrl="https://issues.apache.org/jira/images/icons/priorities/major.png">Major</priority>
                        <status id="6" iconUrl="https://issues.apache.org/jira/images/icons/statuses/closed.png" description="The issue is considered finished, the resolution is correct. Issues which are closed can be reopened.">Closed</status>
                    <statusCategory id="3" key="done" colorName="green"/>
                                    <resolution id="1">Fixed</resolution>
                                        <assignee username="gopalv">Gopal V</assignee>
                                    <reporter username="gopalv">Gopal V</reporter>
                        <labels>
                    </labels>
                <created>Thu, 19 Nov 2015 08:13:49 +0000</created>
                <updated>Tue, 16 Feb 2016 23:52:46 +0000</updated>
                            <resolved>Wed, 25 Nov 2015 09:09:23 +0000</resolved>
                                    <version>1.3.0</version>
                    <version>1.2.1</version>
                    <version>2.0.0</version>
                                    <fixVersion>1.3.0</fixVersion>
                    <fixVersion>2.0.0</fixVersion>
                                    <component>Vectorization</component>
                        <due></due>
                            <votes>0</votes>
                                    <watches>2</watches>
                                                                <comments>
                            <comment id="15013207" author="gopalv" created="Thu, 19 Nov 2015 09:22:35 +0000"  >&lt;p&gt;&lt;a href=&quot;https://issues.apache.org/jira/secure/ViewProfile.jspa?name=sershe&quot; class=&quot;user-hover&quot; rel=&quot;sershe&quot;&gt;Sergey Shelukhin&lt;/a&gt;: this one was missing the rare case for 1 key being split internally inside WriteBuffers &lt;/p&gt;</comment>
                            <comment id="15013410" author="gopalv" created="Thu, 19 Nov 2015 11:54:13 +0000"  >&lt;p&gt;Fixed for cross-products.&lt;/p&gt;</comment>
                            <comment id="15014174" author="sershe" created="Thu, 19 Nov 2015 19:09:58 +0000"  >&lt;p&gt;+1 pending test run&lt;/p&gt;</comment>
                            <comment id="15020795" author="hiveqa" created="Sun, 22 Nov 2015 01:51:01 +0000"  >

&lt;p&gt;Here are the results of testing the latest attachment:&lt;br/&gt;
&lt;a href=&quot;https://issues.apache.org/jira/secure/attachment/12773228/HIVE-12463.2.patch&quot; class=&quot;external-link&quot; rel=&quot;nofollow&quot;&gt;https://issues.apache.org/jira/secure/attachment/12773228/HIVE-12463.2.patch&lt;/a&gt;&lt;/p&gt;

&lt;p&gt;&lt;font color=&quot;red&quot;&gt;ERROR:&lt;/font&gt; -1 due to no test(s) being added or modified.&lt;/p&gt;

&lt;p&gt;&lt;font color=&quot;red&quot;&gt;ERROR:&lt;/font&gt; -1 due to 9 failed/errored test(s), 9834 tests executed&lt;br/&gt;
&lt;b&gt;Failed tests:&lt;/b&gt;&lt;/p&gt;
&lt;div class=&quot;preformatted panel&quot; style=&quot;border-width: 1px;&quot;&gt;&lt;div class=&quot;preformattedContent panelContent&quot;&gt;
&lt;pre&gt;TestHWISessionManager - did not produce a TEST-*.xml file
TestMiniLlapCliDriver - did not produce a TEST-*.xml file
org.apache.hadoop.hive.cli.TestCliDriver.testCliDriver_subquery_notin
org.apache.hadoop.hive.cli.TestCliDriver.testCliDriver_subquery_notin_having
org.apache.hadoop.hive.cli.TestMiniTezCliDriver.testCliDriver_explainuser_1
org.apache.hadoop.hive.cli.TestMiniTezCliDriver.testCliDriver_tez_dynpart_hashjoin_3
org.apache.hadoop.hive.cli.TestMiniTezCliDriver.testCliDriver_tez_smb_empty
org.apache.hadoop.hive.cli.TestNegativeCliDriver.testNegativeCliDriver_authorization_uri_import
org.apache.hive.jdbc.TestSSL.testSSLVersion
&lt;/pre&gt;
&lt;/div&gt;&lt;/div&gt;

&lt;p&gt;Test results: &lt;a href=&quot;http://ec2-174-129-184-35.compute-1.amazonaws.com/jenkins/job/PreCommit-HIVE-TRUNK-Build/6096/testReport&quot; class=&quot;external-link&quot; rel=&quot;nofollow&quot;&gt;http://ec2-174-129-184-35.compute-1.amazonaws.com/jenkins/job/PreCommit-HIVE-TRUNK-Build/6096/testReport&lt;/a&gt;&lt;br/&gt;
Console output: &lt;a href=&quot;http://ec2-174-129-184-35.compute-1.amazonaws.com/jenkins/job/PreCommit-HIVE-TRUNK-Build/6096/console&quot; class=&quot;external-link&quot; rel=&quot;nofollow&quot;&gt;http://ec2-174-129-184-35.compute-1.amazonaws.com/jenkins/job/PreCommit-HIVE-TRUNK-Build/6096/console&lt;/a&gt;&lt;br/&gt;
Test logs: &lt;a href=&quot;http://ec2-174-129-184-35.compute-1.amazonaws.com/logs/PreCommit-HIVE-TRUNK-Build-6096/&quot; class=&quot;external-link&quot; rel=&quot;nofollow&quot;&gt;http://ec2-174-129-184-35.compute-1.amazonaws.com/logs/PreCommit-HIVE-TRUNK-Build-6096/&lt;/a&gt;&lt;/p&gt;

&lt;p&gt;Messages:&lt;/p&gt;
&lt;div class=&quot;preformatted panel&quot; style=&quot;border-width: 1px;&quot;&gt;&lt;div class=&quot;preformattedContent panelContent&quot;&gt;
&lt;pre&gt;Executing org.apache.hive.ptest.execution.TestCheckPhase
Executing org.apache.hive.ptest.execution.PrepPhase
Executing org.apache.hive.ptest.execution.ExecutionPhase
Executing org.apache.hive.ptest.execution.ReportingPhase
Tests exited with: TestsFailedException: 9 tests failed
&lt;/pre&gt;
&lt;/div&gt;&lt;/div&gt;

&lt;p&gt;This message is automatically generated.&lt;/p&gt;

&lt;p&gt;ATTACHMENT ID: 12773228 - PreCommit-HIVE-TRUNK-Build&lt;/p&gt;</comment>
                            <comment id="15020815" author="gopalv" created="Sun, 22 Nov 2015 03:29:35 +0000"  >&lt;p&gt;Failures are unrelated &amp;amp; have been repeating for at least 11 builds.&lt;/p&gt;</comment>
                            <comment id="15023053" author="sershe" created="Mon, 23 Nov 2015 20:59:56 +0000"  >&lt;p&gt;Agreed&lt;/p&gt;</comment>
                            <comment id="15026465" author="gopalv" created="Wed, 25 Nov 2015 09:09:23 +0000"  >&lt;p&gt;Pushed to master &amp;amp; branch-1, thanks &lt;a href=&quot;https://issues.apache.org/jira/secure/ViewProfile.jspa?name=sershe&quot; class=&quot;user-hover&quot; rel=&quot;sershe&quot;&gt;Sergey Shelukhin&lt;/a&gt;&lt;/p&gt;</comment>
                    </comments>
                    <attachments>
                            <attachment id="12773213" name="HIVE-12463.1.patch" size="6195" author="gopalv" created="Thu, 19 Nov 2015 09:21:36 +0000"/>
                            <attachment id="12773228" name="HIVE-12463.2.patch" size="6239" author="gopalv" created="Thu, 19 Nov 2015 11:54:13 +0000"/>
                    </attachments>
                <subtasks>
                    </subtasks>
                <customfields>
                                                <customfield id="customfield_12310310" key="com.atlassian.jira.toolkit:attachments">
                        <customfieldname>Attachment count</customfieldname>
                        <customfieldvalues>
                            <customfieldvalue>2.0</customfieldvalue>
                        </customfieldvalues>
                    </customfield>
                                                                                                                                                                                                                                                                                                                                                                                                                                                                                                                                <customfield id="customfield_12310220" key="com.atlassian.jira.ext.charting:firstresponsedate">
                        <customfieldname>Date of First Response</customfieldname>
                        <customfieldvalues>
                            <customfieldvalue>Thu, 19 Nov 2015 19:09:58 +0000</customfieldvalue>

                        </customfieldvalues>
                    </customfield>
                                                                                                                                                                                                                                                                                                                                                                                                                                            <customfield id="customfield_12310420" key="com.pyxis.greenhopper.jira:gh-global-rank">
                        <customfieldname>Global Rank</customfieldname>
                        <customfieldvalues>
                            <customfieldvalue>9223372036854775807</customfieldvalue>
                        </customfieldvalues>
                    </customfield>
                                                                                                                                                    <customfield id="customfield_12312521" key="com.atlassian.jira.toolkit:LastCommentDate">
                        <customfieldname>Last public comment date</customfieldname>
                        <customfieldvalues>
                            1 year, 1 week, 2 days ago
                        </customfieldvalues>
                    </customfield>
                                                                                            <customfield id="customfield_12311820" key="com.pyxis.greenhopper.jira:gh-lexo-rank">
                        <customfieldname>Rank</customfieldname>
                        <customfieldvalues>
                            <customfieldvalue>0|i2omiv:</customfieldvalue>

                        </customfieldvalues>
                    </customfield>
                                                                <customfield id="customfield_12310920" key="com.pyxis.greenhopper.jira:gh-global-rank">
                        <customfieldname>Rank (Obsolete)</customfieldname>
                        <customfieldvalues>
                            <customfieldvalue>9223372036854775807</customfieldvalue>
                        </customfieldvalues>
                    </customfield>
                                                                <customfield id="customfield_12310192" key="com.atlassian.jira.plugin.system.customfieldtypes:textarea">
                        <customfieldname>Release Note</customfieldname>
                        <customfieldvalues>
                            <customfieldvalue>&lt;a href=&quot;https://issues.apache.org/jira/browse/HIVE-12463&quot; title=&quot;VectorMapJoinFastKeyStore has Array OOB errors&quot; class=&quot;issue-link&quot; data-issue-key=&quot;HIVE-12463&quot;&gt;&lt;strike&gt;HIVE-12463&lt;/strike&gt;&lt;/a&gt;: VectorMapJoinFastKeyStore has Array OOB errors </customfieldvalue>

                        </customfieldvalues>
                    </customfield>
                                                                                                                                                                                                                                                                                                <customfield id="customfield_12310222" key="com.atlassian.jira.ext.charting:timeinstatus">
                        <customfieldname>Time in Status</customfieldname>
                        <customfieldvalues>
                            
                        </customfieldvalues>
                    </customfield>
                                                                                                                        </customfields>
    </item>
</channel>
</rss>