<!-- 
RSS generated by JIRA (6.3.4#6332-sha1:51bc225ef474afe3128b2f66878477f322397b16) at Fri Dec 02 12:02:31 UTC 2016

It is possible to restrict the fields that are returned in this document by specifying the 'field' parameter in your request.
For example, to request only the issue key and summary add field=key&field=summary to the URL of your request.
For example:
https://issues.apache.org/jira/si/jira.issueviews:issue-xml/HIVE-12558/HIVE-12558.xml?field=key&amp;field=summary
-->
<rss version="0.92" >
<channel>
    <title>ASF JIRA</title>
    <link>https://issues.apache.org/jira</link>
    <description>This file is an XML representation of an issue</description>
    <language>en-uk</language>    <build-info>
        <version>6.3.4</version>
        <build-number>6332</build-number>
        <build-date>15-08-2014</build-date>
    </build-info>

<item>
            <title>[HIVE-12558] LLAP: output QueryFragmentCounters somewhere</title>
                <link>https://issues.apache.org/jira/browse/HIVE-12558</link>
                <project id="12310843" key="HIVE">Hive</project>
                    <description>&lt;p&gt;Right now, LLAP logs counters for every fragment; most of them are IO related and could be very useful, they also include table names so that things like cache hit ratio, etc., could be calculated for every table.&lt;br/&gt;
We need to output them to some metrics system (preserving the breakdown by table, possibly also adding query ID or even stage) so that they&apos;d be usable without grep/sed/awk.&lt;/p&gt;</description>
                <environment></environment>
        <key id="12917385">HIVE-12558</key>
            <summary>LLAP: output QueryFragmentCounters somewhere</summary>
                <type id="1" iconUrl="https://issues.apache.org/jira/images/icons/issuetypes/bug.png">Bug</type>
                                            <priority id="3" iconUrl="https://issues.apache.org/jira/images/icons/priorities/major.png">Major</priority>
                        <status id="6" iconUrl="https://issues.apache.org/jira/images/icons/statuses/closed.png" description="The issue is considered finished, the resolution is correct. Issues which are closed can be reopened.">Closed</status>
                    <statusCategory id="3" key="done" colorName="green"/>
                                    <resolution id="1">Fixed</resolution>
                                        <assignee username="prasanth_j">Prasanth Jayachandran</assignee>
                                    <reporter username="sershe">Sergey Shelukhin</reporter>
                        <labels>
                    </labels>
                <created>Tue, 1 Dec 2015 21:42:27 +0000</created>
                <updated>Tue, 21 Jun 2016 15:52:37 +0000</updated>
                            <resolved>Fri, 11 Mar 2016 03:32:06 +0000</resolved>
                                                    <fixVersion>2.1.0</fixVersion>
                                    <component>llap</component>
                        <due></due>
                            <votes>0</votes>
                                    <watches>5</watches>
                                                                <comments>
                            <comment id="15034638" author="sershe" created="Tue, 1 Dec 2015 21:43:29 +0000"  >&lt;p&gt;&lt;a href=&quot;https://issues.apache.org/jira/secure/ViewProfile.jspa?name=sseth&quot; class=&quot;user-hover&quot; rel=&quot;sseth&quot;&gt;Siddharth Seth&lt;/a&gt; &lt;a href=&quot;https://issues.apache.org/jira/secure/ViewProfile.jspa?name=prasanth_j&quot; class=&quot;user-hover&quot; rel=&quot;prasanth_j&quot;&gt;Prasanth Jayachandran&lt;/a&gt; fyi. I know next to nothing about how Hadoop metrics work, so I&apos;d be interested to look when I have time, but it won&apos;t be fast so if you have a quick solution... &lt;img class=&quot;emoticon&quot; src=&quot;https://issues.apache.org/jira/images/icons/emoticons/wink.gif&quot; height=&quot;16&quot; width=&quot;16&quot; align=&quot;absmiddle&quot; alt=&quot;&quot; border=&quot;0&quot;/&gt;&lt;/p&gt;</comment>
                            <comment id="15034680" author="prasanth_j" created="Tue, 1 Dec 2015 22:05:56 +0000"  >&lt;p&gt;I will take a look. Either to log file or metrics file sink.&lt;/p&gt;</comment>
                            <comment id="15034687" author="sershe" created="Tue, 1 Dec 2015 22:07:49 +0000"  >&lt;p&gt;We already output them to log file... that&apos;s not a good way to collect them &lt;img class=&quot;emoticon&quot; src=&quot;https://issues.apache.org/jira/images/icons/emoticons/tongue.gif&quot; height=&quot;16&quot; width=&quot;16&quot; align=&quot;absmiddle&quot; alt=&quot;&quot; border=&quot;0&quot;/&gt;&lt;/p&gt;</comment>
                            <comment id="15034696" author="prasanth_j" created="Tue, 1 Dec 2015 22:09:45 +0000"  >&lt;p&gt;From the title i thought we aren&apos;t even doing that &lt;img class=&quot;emoticon&quot; src=&quot;https://issues.apache.org/jira/images/icons/emoticons/smile.gif&quot; height=&quot;16&quot; width=&quot;16&quot; align=&quot;absmiddle&quot; alt=&quot;&quot; border=&quot;0&quot;/&gt;. How about in console under hive.exec.tez.print.summary?&lt;/p&gt;</comment>
                            <comment id="15034702" author="prasanth_j" created="Tue, 1 Dec 2015 22:12:34 +0000"  >&lt;p&gt;IMHO, long running services metrics should go to metrics system. Per query information should go to web view/console. May be we can add to the new HS2 webui.&lt;/p&gt;</comment>
                            <comment id="15034756" author="sershe" created="Tue, 1 Dec 2015 22:35:54 +0000"  >&lt;p&gt;Summary in Tez print-out would be nice, perhaps it should be grouped by tables. However, it should also be easy to view metrics for past queries. AFAIK (judging by some JIRA I saw) Web UI only shows very recent queries. &lt;/p&gt;</comment>
                            <comment id="15047763" author="sseth" created="Wed, 9 Dec 2015 00:23:17 +0000"  >&lt;p&gt;Related: &lt;a href=&quot;https://issues.apache.org/jira/browse/HIVE-12626&quot; class=&quot;external-link&quot; rel=&quot;nofollow&quot;&gt;https://issues.apache.org/jira/browse/HIVE-12626&lt;/a&gt; ?&lt;/p&gt;</comment>
                            <comment id="15047765" author="sseth" created="Wed, 9 Dec 2015 00:24:11 +0000"  >&lt;p&gt;Have been using a very hacky patch for &lt;a href=&quot;https://issues.apache.org/jira/browse/HIVE-12626&quot; title=&quot;Publish some of the LLAP cache counters via Tez&quot; class=&quot;issue-link&quot; data-issue-key=&quot;HIVE-12626&quot;&gt;&lt;del&gt;HIVE-12626&lt;/del&gt;&lt;/a&gt; for internal testing. Have to wrap that up along with the TEz patch it depends upon.&lt;/p&gt;</comment>
                            <comment id="15122664" author="sershe" created="Fri, 29 Jan 2016 01:01:49 +0000"  >&lt;p&gt;&lt;a href=&quot;https://issues.apache.org/jira/secure/ViewProfile.jspa?name=prasanth_j&quot; class=&quot;user-hover&quot; rel=&quot;prasanth_j&quot;&gt;Prasanth Jayachandran&lt;/a&gt; do you have any update?&lt;/p&gt;</comment>
                            <comment id="15122678" author="prasanth_j" created="Fri, 29 Jan 2016 01:12:10 +0000"  >&lt;p&gt;Currently putting up a patch for &lt;a href=&quot;https://issues.apache.org/jira/browse/HIVE-12959&quot; title=&quot;LLAP: Add task scheduler timeout when no nodes are alive&quot; class=&quot;issue-link&quot; data-issue-key=&quot;HIVE-12959&quot;&gt;&lt;del&gt;HIVE-12959&lt;/del&gt;&lt;/a&gt;. Will get to this hopefully tomorrow.&lt;/p&gt;</comment>
                            <comment id="15133415" author="prasanth_j" created="Fri, 5 Feb 2016 00:35:52 +0000"  >&lt;p&gt;Uploading a WIP patch. Needs cleanup and some console UI tweaking. &lt;/p&gt;</comment>
                            <comment id="15133511" author="prasanth_j" created="Fri, 5 Feb 2016 02:08:30 +0000"  >&lt;p&gt;This patch needs &lt;a href=&quot;https://issues.apache.org/jira/browse/TEZ-3090&quot; title=&quot;MRInput should make dagIdentifier, vertexIdentifier, etc available to the InputFormat jobConf&quot; class=&quot;issue-link&quot; data-issue-key=&quot;TEZ-3090&quot;&gt;&lt;del&gt;TEZ-3090&lt;/del&gt;&lt;/a&gt; to compile.&lt;/p&gt;</comment>
                            <comment id="15133514" author="prasanth_j" created="Fri, 5 Feb 2016 02:10:31 +0000"  >&lt;p&gt;Attaching RB link &lt;a href=&quot;https://reviews.apache.org/r/43238/&quot; class=&quot;external-link&quot; rel=&quot;nofollow&quot;&gt;https://reviews.apache.org/r/43238/&lt;/a&gt;&lt;/p&gt;</comment>
                            <comment id="15133516" author="prasanth_j" created="Fri, 5 Feb 2016 02:13:16 +0000"  >&lt;p&gt;Attaching snapshot of the output displaying counters&lt;/p&gt;

&lt;p&gt;&lt;img src=&quot;https://issues.apache.org/jira/secure/attachment/12786392/12786392_sample-output.png&quot; align=&quot;absmiddle&quot; border=&quot;0&quot; /&gt;&lt;/p&gt;</comment>
                            <comment id="15138000" author="sershe" created="Mon, 8 Feb 2016 23:32:47 +0000"  >&lt;p&gt;Left some comments on RB&lt;/p&gt;</comment>
                            <comment id="15140126" author="prasanth_j" created="Wed, 10 Feb 2016 00:56:35 +0000"  >&lt;p&gt;Addressed code review comments&lt;/p&gt;</comment>
                            <comment id="15143840" author="sershe" created="Fri, 12 Feb 2016 01:20:16 +0000"  >&lt;p&gt;+1&lt;/p&gt;</comment>
                            <comment id="15143970" author="sershe" created="Fri, 12 Feb 2016 03:38:10 +0000"  >&lt;p&gt;btw, allocation and alloc-used is not a super useful user facing counter. It basically shows how much memory was wasted due to allocation granularity... timings might be more useful. Can be fixed on commit or later.&lt;/p&gt;</comment>
                            <comment id="15149296" author="prasanth_j" created="Tue, 16 Feb 2016 21:09:27 +0000"  >&lt;p&gt;Wouldn&apos;t that tell something about internal fragmentation in allocator? And accordingly tune the min allocation size..&lt;/p&gt;</comment>
                            <comment id="15174508" author="sershe" created="Tue, 1 Mar 2016 22:06:49 +0000"  >&lt;p&gt;To us, yes, but not to anyone who is not a Hive/LLAP developer.&lt;/p&gt;</comment>
                            <comment id="15177200" author="hiveqa" created="Thu, 3 Mar 2016 05:19:35 +0000"  >

&lt;p&gt;Here are the results of testing the latest attachment:&lt;br/&gt;
&lt;a href=&quot;https://issues.apache.org/jira/secure/attachment/12787190/HIVE-12558.2.patch&quot; class=&quot;external-link&quot; rel=&quot;nofollow&quot;&gt;https://issues.apache.org/jira/secure/attachment/12787190/HIVE-12558.2.patch&lt;/a&gt;&lt;/p&gt;

&lt;p&gt;&lt;font color=&quot;red&quot;&gt;ERROR:&lt;/font&gt; -1 due to no test(s) being added or modified.&lt;/p&gt;

&lt;p&gt;&lt;font color=&quot;red&quot;&gt;ERROR:&lt;/font&gt; -1 due to 14 failed/errored test(s), 9753 tests executed&lt;br/&gt;
&lt;b&gt;Failed tests:&lt;/b&gt;&lt;/p&gt;
&lt;div class=&quot;preformatted panel&quot; style=&quot;border-width: 1px;&quot;&gt;&lt;div class=&quot;preformattedContent panelContent&quot;&gt;
&lt;pre&gt;TestParseNegative - did not produce a TEST-*.xml file
TestSparkCliDriver-groupby3_map.q-sample2.q-auto_join14.q-and-12-more - did not produce a TEST-*.xml file
TestSparkCliDriver-groupby_map_ppr_multi_distinct.q-table_access_keys_stats.q-groupby4_noskew.q-and-12-more - did not produce a TEST-*.xml file
TestSparkCliDriver-join_rc.q-insert1.q-vectorized_rcfile_columnar.q-and-12-more - did not produce a TEST-*.xml file
TestSparkCliDriver-ppd_join4.q-join9.q-ppd_join3.q-and-12-more - did not produce a TEST-*.xml file
org.apache.hadoop.hive.cli.TestCliDriver.testCliDriver_llap_acid
org.apache.hadoop.hive.cli.TestCliDriver.testCliDriver_llap_partitioned
org.apache.hadoop.hive.cli.TestCliDriver.testCliDriver_llap_uncompressed
org.apache.hadoop.hive.cli.TestCliDriver.testCliDriver_orc_llap
org.apache.hadoop.hive.cli.TestMiniLlapCliDriver.testCliDriver_llap_nullscan
org.apache.hadoop.hive.cli.TestNegativeCliDriver.testNegativeCliDriver_authorization_uri_import
org.apache.hive.jdbc.TestSSL.testSSLVersion
org.apache.hive.service.cli.operation.TestOperationLoggingAPIWithTez.testFetchResultsOfLogWithPerformanceMode
org.apache.hive.service.cli.operation.TestOperationLoggingAPIWithTez.testFetchResultsOfLogWithVerboseMode
&lt;/pre&gt;
&lt;/div&gt;&lt;/div&gt;

&lt;p&gt;Test results: &lt;a href=&quot;http://ec2-174-129-184-35.compute-1.amazonaws.com/jenkins/job/PreCommit-HIVE-TRUNK-Build/7149/testReport&quot; class=&quot;external-link&quot; rel=&quot;nofollow&quot;&gt;http://ec2-174-129-184-35.compute-1.amazonaws.com/jenkins/job/PreCommit-HIVE-TRUNK-Build/7149/testReport&lt;/a&gt;&lt;br/&gt;
Console output: &lt;a href=&quot;http://ec2-174-129-184-35.compute-1.amazonaws.com/jenkins/job/PreCommit-HIVE-TRUNK-Build/7149/console&quot; class=&quot;external-link&quot; rel=&quot;nofollow&quot;&gt;http://ec2-174-129-184-35.compute-1.amazonaws.com/jenkins/job/PreCommit-HIVE-TRUNK-Build/7149/console&lt;/a&gt;&lt;br/&gt;
Test logs: &lt;a href=&quot;http://ec2-174-129-184-35.compute-1.amazonaws.com/logs/PreCommit-HIVE-TRUNK-Build-7149/&quot; class=&quot;external-link&quot; rel=&quot;nofollow&quot;&gt;http://ec2-174-129-184-35.compute-1.amazonaws.com/logs/PreCommit-HIVE-TRUNK-Build-7149/&lt;/a&gt;&lt;/p&gt;

&lt;p&gt;Messages:&lt;/p&gt;
&lt;div class=&quot;preformatted panel&quot; style=&quot;border-width: 1px;&quot;&gt;&lt;div class=&quot;preformattedContent panelContent&quot;&gt;
&lt;pre&gt;Executing org.apache.hive.ptest.execution.TestCheckPhase
Executing org.apache.hive.ptest.execution.PrepPhase
Executing org.apache.hive.ptest.execution.ExecutionPhase
Executing org.apache.hive.ptest.execution.ReportingPhase
Tests exited with: TestsFailedException: 14 tests failed
&lt;/pre&gt;
&lt;/div&gt;&lt;/div&gt;

&lt;p&gt;This message is automatically generated.&lt;/p&gt;

&lt;p&gt;ATTACHMENT ID: 12787190 - PreCommit-HIVE-TRUNK-Build&lt;/p&gt;</comment>
                            <comment id="15178499" author="sershe" created="Thu, 3 Mar 2016 19:48:34 +0000"  >&lt;p&gt;Test failures (llap and operation logging) look related. Spark timeouts are a known condition.&lt;/p&gt;</comment>
                            <comment id="15182852" author="prasanth_j" created="Mon, 7 Mar 2016 10:24:04 +0000"  >&lt;p&gt;Fixed time unit from micro to nano. Added total io time to output. Fixed test failures.&lt;/p&gt;</comment>
                            <comment id="15183675" author="prasanth_j" created="Mon, 7 Mar 2016 20:50:25 +0000"  >&lt;p&gt;I don&apos;t know why it lost precommit spot in the queue. Reuploading again.&lt;/p&gt;</comment>
                            <comment id="15185771" author="hiveqa" created="Tue, 8 Mar 2016 20:54:33 +0000"  >

&lt;p&gt;Here are the results of testing the latest attachment:&lt;br/&gt;
&lt;a href=&quot;https://issues.apache.org/jira/secure/attachment/12791820/HIVE-12558.3.patch&quot; class=&quot;external-link&quot; rel=&quot;nofollow&quot;&gt;https://issues.apache.org/jira/secure/attachment/12791820/HIVE-12558.3.patch&lt;/a&gt;&lt;/p&gt;

&lt;p&gt;&lt;font color=&quot;green&quot;&gt;SUCCESS:&lt;/font&gt; +1 due to 1 test(s) being added or modified.&lt;/p&gt;

&lt;p&gt;&lt;font color=&quot;red&quot;&gt;ERROR:&lt;/font&gt; -1 due to 11 failed/errored test(s), 9791 tests executed&lt;br/&gt;
&lt;b&gt;Failed tests:&lt;/b&gt;&lt;/p&gt;
&lt;div class=&quot;preformatted panel&quot; style=&quot;border-width: 1px;&quot;&gt;&lt;div class=&quot;preformattedContent panelContent&quot;&gt;
&lt;pre&gt;TestSparkCliDriver-groupby3_map.q-sample2.q-auto_join14.q-and-12-more - did not produce a TEST-*.xml file
TestSparkCliDriver-groupby_map_ppr_multi_distinct.q-table_access_keys_stats.q-groupby4_noskew.q-and-12-more - did not produce a TEST-*.xml file
TestSparkCliDriver-join_rc.q-insert1.q-vectorized_rcfile_columnar.q-and-12-more - did not produce a TEST-*.xml file
TestSparkCliDriver-ppd_join4.q-join9.q-ppd_join3.q-and-12-more - did not produce a TEST-*.xml file
org.apache.hadoop.hive.cli.TestCliDriver.testCliDriver_llap_acid
org.apache.hadoop.hive.cli.TestCliDriver.testCliDriver_llap_partitioned
org.apache.hadoop.hive.cli.TestCliDriver.testCliDriver_llap_uncompressed
org.apache.hadoop.hive.cli.TestCliDriver.testCliDriver_orc_llap
org.apache.hadoop.hive.cli.TestMiniLlapCliDriver.testCliDriver_llap_nullscan
org.apache.hadoop.hive.cli.TestNegativeCliDriver.testNegativeCliDriver_authorization_uri_import
org.apache.hive.jdbc.TestSSL.testSSLVersion
&lt;/pre&gt;
&lt;/div&gt;&lt;/div&gt;

&lt;p&gt;Test results: &lt;a href=&quot;http://ec2-174-129-184-35.compute-1.amazonaws.com/jenkins/job/PreCommit-HIVE-TRUNK-Build/7195/testReport&quot; class=&quot;external-link&quot; rel=&quot;nofollow&quot;&gt;http://ec2-174-129-184-35.compute-1.amazonaws.com/jenkins/job/PreCommit-HIVE-TRUNK-Build/7195/testReport&lt;/a&gt;&lt;br/&gt;
Console output: &lt;a href=&quot;http://ec2-174-129-184-35.compute-1.amazonaws.com/jenkins/job/PreCommit-HIVE-TRUNK-Build/7195/console&quot; class=&quot;external-link&quot; rel=&quot;nofollow&quot;&gt;http://ec2-174-129-184-35.compute-1.amazonaws.com/jenkins/job/PreCommit-HIVE-TRUNK-Build/7195/console&lt;/a&gt;&lt;br/&gt;
Test logs: &lt;a href=&quot;http://ec2-174-129-184-35.compute-1.amazonaws.com/logs/PreCommit-HIVE-TRUNK-Build-7195/&quot; class=&quot;external-link&quot; rel=&quot;nofollow&quot;&gt;http://ec2-174-129-184-35.compute-1.amazonaws.com/logs/PreCommit-HIVE-TRUNK-Build-7195/&lt;/a&gt;&lt;/p&gt;

&lt;p&gt;Messages:&lt;/p&gt;
&lt;div class=&quot;preformatted panel&quot; style=&quot;border-width: 1px;&quot;&gt;&lt;div class=&quot;preformattedContent panelContent&quot;&gt;
&lt;pre&gt;Executing org.apache.hive.ptest.execution.TestCheckPhase
Executing org.apache.hive.ptest.execution.PrepPhase
Executing org.apache.hive.ptest.execution.ExecutionPhase
Executing org.apache.hive.ptest.execution.ReportingPhase
Tests exited with: TestsFailedException: 11 tests failed
&lt;/pre&gt;
&lt;/div&gt;&lt;/div&gt;

&lt;p&gt;This message is automatically generated.&lt;/p&gt;

&lt;p&gt;ATTACHMENT ID: 12791820 - PreCommit-HIVE-TRUNK-Build&lt;/p&gt;</comment>
                            <comment id="15185814" author="sershe" created="Tue, 8 Mar 2016 21:14:47 +0000"  >&lt;p&gt;Test failures look related.&lt;/p&gt;</comment>
                            <comment id="15185832" author="prasanth_j" created="Tue, 8 Mar 2016 21:22:31 +0000"  >&lt;p&gt;I suspect it is jdk version related. When I ran it last time it all ran fine. I will test with jdk7 and see if it succeeds.&lt;/p&gt;</comment>
                            <comment id="15185964" author="prasanth_j" created="Tue, 8 Mar 2016 22:28:35 +0000"  >&lt;p&gt;It&apos;s weird. All test cases ran successfully on my local machine with jdk7 and jdk8. &lt;/p&gt;</comment>
                            <comment id="15186026" author="sershe" created="Tue, 8 Mar 2016 22:57:56 +0000"  >&lt;p&gt;The logs are still there. Here&apos;s one interesting exception:&lt;/p&gt;
&lt;div class=&quot;preformatted panel&quot; style=&quot;border-width: 1px;&quot;&gt;&lt;div class=&quot;preformattedContent panelContent&quot;&gt;
&lt;pre&gt;Caused by: java.io.IOException: java.lang.NullPointerException: DAG index is not set
	at org.apache.hadoop.hive.llap.io.api.impl.LlapInputFormat.getRecordReader(LlapInputFormat.java:117) ~[hive-llap-server-2.1.0-SNAPSHOT.jar:2.1.0-SNAPSHOT]
	at org.apache.hadoop.hive.ql.io.CombineHiveRecordReader.&amp;lt;init&amp;gt;(CombineHiveRecordReader.java:67) ~[hive-exec-2.1.0-SNAPSHOT.jar:2.1.0-SNAPSHOT]
	at sun.reflect.GeneratedConstructorAccessor186.newInstance(Unknown Source) ~[?:?]
	at sun.reflect.DelegatingConstructorAccessorImpl.newInstance(DelegatingConstructorAccessorImpl.java:45) ~[?:1.7.0_45]
	at java.lang.reflect.Constructor.newInstance(Constructor.java:526) ~[?:1.7.0_45]
	at org.apache.hadoop.hive.shims.HadoopShimsSecure$CombineFileRecordReader.initNextRecordReader(HadoopShimsSecure.java:255) ~[hive-shims-common-2.1.0-SNAPSHOT.jar:2.1.0-SNAPSHOT]
	at org.apache.hadoop.hive.shims.HadoopShimsSecure$CombineFileRecordReader.&amp;lt;init&amp;gt;(HadoopShimsSecure.java:216) ~[hive-shims-common-2.1.0-SNAPSHOT.jar:2.1.0-SNAPSHOT]
	at org.apache.hadoop.hive.shims.HadoopShimsSecure$CombineFileInputFormatShim.getRecordReader(HadoopShimsSecure.java:343) ~[hive-shims-common-2.1.0-SNAPSHOT.jar:2.1.0-SNAPSHOT]
	at org.apache.hadoop.hive.ql.io.CombineHiveInputFormat.getRecordReader(CombineHiveInputFormat.java:680) ~[hive-exec-2.1.0-SNAPSHOT.jar:2.1.0-SNAPSHOT]
	at org.apache.hadoop.mapred.MapTask$TrackedRecordReader.&amp;lt;init&amp;gt;(MapTask.java:169) ~[hadoop-mapreduce-client-core-2.6.0.jar:?]
	at org.apache.hadoop.mapred.MapTask.runOldMapper(MapTask.java:429) ~[hadoop-mapreduce-client-core-2.6.0.jar:?]
	at org.apache.hadoop.mapred.MapTask.run(MapTask.java:343) ~[hadoop-mapreduce-client-core-2.6.0.jar:?]
	at org.apache.hadoop.mapred.LocalJobRunner$Job$MapTaskRunnable.run(LocalJobRunner.java:243) ~[hadoop-mapreduce-client-common-2.6.0.jar:?]
	at java.util.concurrent.Executors$RunnableAdapter.call(Executors.java:471) ~[?:1.7.0_45]
	at java.util.concurrent.FutureTask.run(FutureTask.java:262) ~[?:1.7.0_45]
	at java.util.concurrent.ThreadPoolExecutor.runWorker(ThreadPoolExecutor.java:1145) ~[?:1.7.0_45]
	at java.util.concurrent.ThreadPoolExecutor$Worker.run(ThreadPoolExecutor.java:615) ~[?:1.7.0_45]
	at java.lang.Thread.run(Thread.java:744) ~[?:1.7.0_45]
Caused by: java.lang.NullPointerException: DAG index is not set
	at com.google.common.base.Preconditions.checkNotNull(Preconditions.java:208) ~[guava-14.0.1.jar:?]
	at org.apache.hadoop.hive.llap.io.api.impl.LlapInputFormat$LlapRecordReader.&amp;lt;init&amp;gt;(LlapInputFormat.java:160) ~[hive-llap-server-2.1.0-SNAPSHOT.jar:2.1.0-SNAPSHOT]
	at org.apache.hadoop.hive.llap.io.api.impl.LlapInputFormat.getRecordReader(LlapInputFormat.java:115) ~[hive-llap-server-2.1.0-SNAPSHOT.jar:2.1.0-SNAPSHOT]
	at org.apache.hadoop.hive.ql.io.CombineHiveRecordReader.&amp;lt;init&amp;gt;(CombineHiveRecordReader.java:67) ~[hive-exec-2.1.0-SNAPSHOT.jar:2.1.0-SNAPSHOT]
	at sun.reflect.GeneratedConstructorAccessor186.newInstance(Unknown Source) ~[?:?]
	at sun.reflect.DelegatingConstructorAccessorImpl.newInstance(DelegatingConstructorAccessorImpl.java:45) ~[?:1.7.0_45]
	at java.lang.reflect.Constructor.newInstance(Constructor.java:526) ~[?:1.7.0_45]
	at org.apache.hadoop.hive.shims.HadoopShimsSecure$CombineFileRecordReader.initNextRecordReader(HadoopShimsSecure.java:255) ~[hive-shims-common-2.1.0-SNAPSHOT.jar:2.1.0-SNAPSHOT]
	at org.apache.hadoop.hive.shims.HadoopShimsSecure$CombineFileRecordReader.&amp;lt;init&amp;gt;(HadoopShimsSecure.java:216) ~[hive-shims-common-2.1.0-SNAPSHOT.jar:2.1.0-SNAPSHOT]
	at org.apache.hadoop.hive.shims.HadoopShimsSecure$CombineFileInputFormatShim.getRecordReader(HadoopShimsSecure.java:343) ~[hive-shims-common-2.1.0-SNAPSHOT.jar:2.1.0-SNAPSHOT]
	at org.apache.hadoop.hive.ql.io.CombineHiveInputFormat.getRecordReader(CombineHiveInputFormat.java:680) ~[hive-exec-2.1.0-SNAPSHOT.jar:2.1.0-SNAPSHOT]
	at org.apache.hadoop.mapred.MapTask$TrackedRecordReader.&amp;lt;init&amp;gt;(MapTask.java:169) ~[hadoop-mapreduce-client-core-2.6.0.jar:?]
	at org.apache.hadoop.mapred.MapTask.runOldMapper(MapTask.java:429) ~[hadoop-mapreduce-client-core-2.6.0.jar:?]
	at org.apache.hadoop.mapred.MapTask.run(MapTask.java:343) ~[hadoop-mapreduce-client-core-2.6.0.jar:?]
	at org.apache.hadoop.mapred.LocalJobRunner$Job$MapTaskRunnable.run(LocalJobRunner.java:243) ~[hadoop-mapreduce-client-common-2.6.0.jar:?]
	at java.util.concurrent.Executors$RunnableAdapter.call(Executors.java:471) ~[?:1.7.0_45]
	at java.util.concurrent.FutureTask.run(FutureTask.java:262) ~[?:1.7.0_45]
	at java.util.concurrent.ThreadPoolExecutor.runWorker(ThreadPoolExecutor.java:1145) ~[?:1.7.0_45]
	at java.util.concurrent.ThreadPoolExecutor$Worker.run(ThreadPoolExecutor.java:615) ~[?:1.7.0_45]
	at java.lang.Thread.run(Thread.java:744) ~[?:1.7.0_45]

&lt;/pre&gt;
&lt;/div&gt;&lt;/div&gt;</comment>
                            <comment id="15186028" author="sershe" created="Tue, 8 Mar 2016 23:00:29 +0000"  >&lt;p&gt;Same error in the MiniLlap test (or similar, the logs are in the xml file and it&apos;s hard to look at them).&lt;/p&gt;</comment>
                            <comment id="15186035" author="prasanth_j" created="Tue, 8 Mar 2016 23:07:16 +0000"  >&lt;p&gt;Thanks for getting this! I will update the patch to ignore tez counters when any of these is null. &lt;/p&gt;</comment>
                            <comment id="15186052" author="gopalv" created="Tue, 8 Mar 2016 23:20:21 +0000"  >&lt;p&gt;That failure is due to the build not having 0.8.3-SNAPSHOT.&lt;/p&gt;</comment>
                            <comment id="15190282" author="hiveqa" created="Fri, 11 Mar 2016 01:18:24 +0000"  >

&lt;p&gt;Here are the results of testing the latest attachment:&lt;br/&gt;
&lt;a href=&quot;https://issues.apache.org/jira/secure/attachment/12792118/HIVE-12558.4.patch&quot; class=&quot;external-link&quot; rel=&quot;nofollow&quot;&gt;https://issues.apache.org/jira/secure/attachment/12792118/HIVE-12558.4.patch&lt;/a&gt;&lt;/p&gt;

&lt;p&gt;&lt;font color=&quot;green&quot;&gt;SUCCESS:&lt;/font&gt; +1 due to 1 test(s) being added or modified.&lt;/p&gt;

&lt;p&gt;&lt;font color=&quot;red&quot;&gt;ERROR:&lt;/font&gt; -1 due to 5 failed/errored test(s), 9803 tests executed&lt;br/&gt;
&lt;b&gt;Failed tests:&lt;/b&gt;&lt;/p&gt;
&lt;div class=&quot;preformatted panel&quot; style=&quot;border-width: 1px;&quot;&gt;&lt;div class=&quot;preformattedContent panelContent&quot;&gt;
&lt;pre&gt;TestSparkCliDriver-groupby3_map.q-sample2.q-auto_join14.q-and-12-more - did not produce a TEST-*.xml file
TestSparkCliDriver-groupby_map_ppr_multi_distinct.q-table_access_keys_stats.q-groupby4_noskew.q-and-12-more - did not produce a TEST-*.xml file
TestSparkCliDriver-join_rc.q-insert1.q-vectorized_rcfile_columnar.q-and-12-more - did not produce a TEST-*.xml file
TestSparkCliDriver-ppd_join4.q-join9.q-ppd_join3.q-and-12-more - did not produce a TEST-*.xml file
org.apache.hadoop.hive.cli.TestCliDriver.testCliDriver_ivyDownload
&lt;/pre&gt;
&lt;/div&gt;&lt;/div&gt;

&lt;p&gt;Test results: &lt;a href=&quot;http://ec2-174-129-184-35.compute-1.amazonaws.com/jenkins/job/PreCommit-HIVE-TRUNK-Build/7214/testReport&quot; class=&quot;external-link&quot; rel=&quot;nofollow&quot;&gt;http://ec2-174-129-184-35.compute-1.amazonaws.com/jenkins/job/PreCommit-HIVE-TRUNK-Build/7214/testReport&lt;/a&gt;&lt;br/&gt;
Console output: &lt;a href=&quot;http://ec2-174-129-184-35.compute-1.amazonaws.com/jenkins/job/PreCommit-HIVE-TRUNK-Build/7214/console&quot; class=&quot;external-link&quot; rel=&quot;nofollow&quot;&gt;http://ec2-174-129-184-35.compute-1.amazonaws.com/jenkins/job/PreCommit-HIVE-TRUNK-Build/7214/console&lt;/a&gt;&lt;br/&gt;
Test logs: &lt;a href=&quot;http://ec2-174-129-184-35.compute-1.amazonaws.com/logs/PreCommit-HIVE-TRUNK-Build-7214/&quot; class=&quot;external-link&quot; rel=&quot;nofollow&quot;&gt;http://ec2-174-129-184-35.compute-1.amazonaws.com/logs/PreCommit-HIVE-TRUNK-Build-7214/&lt;/a&gt;&lt;/p&gt;

&lt;p&gt;Messages:&lt;/p&gt;
&lt;div class=&quot;preformatted panel&quot; style=&quot;border-width: 1px;&quot;&gt;&lt;div class=&quot;preformattedContent panelContent&quot;&gt;
&lt;pre&gt;Executing org.apache.hive.ptest.execution.TestCheckPhase
Executing org.apache.hive.ptest.execution.PrepPhase
Executing org.apache.hive.ptest.execution.ExecutionPhase
Executing org.apache.hive.ptest.execution.ReportingPhase
Tests exited with: TestsFailedException: 5 tests failed
&lt;/pre&gt;
&lt;/div&gt;&lt;/div&gt;

&lt;p&gt;This message is automatically generated.&lt;/p&gt;

&lt;p&gt;ATTACHMENT ID: 12792118 - PreCommit-HIVE-TRUNK-Build&lt;/p&gt;</comment>
                            <comment id="15190417" author="prasanth_j" created="Fri, 11 Mar 2016 03:23:55 +0000"  >&lt;p&gt;Failures look unrelated.&lt;/p&gt;</comment>
                            <comment id="15190423" author="prasanth_j" created="Fri, 11 Mar 2016 03:32:06 +0000"  >&lt;p&gt;Committed to master&lt;/p&gt;</comment>
                    </comments>
                <issuelinks>
                            <issuelinktype id="12310000">
                    <name>Duplicate</name>
                                                                <inwardlinks description="is duplicated by">
                                        <issuelink>
            <issuekey id="12904660">HIVE-12163</issuekey>
        </issuelink>
            <issuelink>
            <issuekey id="12920242">HIVE-12626</issuekey>
        </issuelink>
                            </inwardlinks>
                                    </issuelinktype>
                            <issuelinktype id="12310010">
                    <name>Incorporates</name>
                                                                <inwardlinks description="is part of">
                                        <issuelink>
            <issuekey id="12940583">HIVE-13097</issuekey>
        </issuelink>
                            </inwardlinks>
                                    </issuelinktype>
                            <issuelinktype id="10001">
                    <name>dependent</name>
                                            <outwardlinks description="depends upon">
                                        <issuelink>
            <issuekey id="12935820">TEZ-3090</issuekey>
        </issuelink>
                            </outwardlinks>
                                                                <inwardlinks description="is depended upon by">
                                        <issuelink>
            <issuekey id="12947934">HIVE-13226</issuekey>
        </issuelink>
                            </inwardlinks>
                                    </issuelinktype>
                    </issuelinks>
                <attachments>
                            <attachment id="12786387" name="HIVE-12558.1.patch" size="40595" author="prasanth_j" created="Fri, 5 Feb 2016 02:07:01 +0000"/>
                            <attachment id="12787190" name="HIVE-12558.2.patch" size="40489" author="prasanth_j" created="Wed, 10 Feb 2016 00:56:23 +0000"/>
                            <attachment id="12791820" name="HIVE-12558.3.patch" size="42041" author="prasanth_j" created="Mon, 7 Mar 2016 20:49:49 +0000"/>
                            <attachment id="12791745" name="HIVE-12558.3.patch" size="42041" author="prasanth_j" created="Mon, 7 Mar 2016 10:24:04 +0000"/>
                            <attachment id="12792118" name="HIVE-12558.4.patch" size="42097" author="prasanth_j" created="Tue, 8 Mar 2016 23:11:32 +0000"/>
                            <attachment id="12786360" name="HIVE-12558.wip.patch" size="48608" author="prasanth_j" created="Fri, 5 Feb 2016 00:28:18 +0000"/>
                            <attachment id="12786392" name="sample-output.png" size="86446" author="prasanth_j" created="Fri, 5 Feb 2016 02:13:16 +0000"/>
                            <attachment id="12791746" name="sample-output2.png" size="225215" author="prasanth_j" created="Mon, 7 Mar 2016 10:26:49 +0000"/>
                    </attachments>
                <subtasks>
                    </subtasks>
                <customfields>
                                                <customfield id="customfield_12310310" key="com.atlassian.jira.toolkit:attachments">
                        <customfieldname>Attachment count</customfieldname>
                        <customfieldvalues>
                            <customfieldvalue>8.0</customfieldvalue>
                        </customfieldvalues>
                    </customfield>
                                                                                                                                                                                                                                                                                                                                                                                                                                                                                                                                <customfield id="customfield_12310220" key="com.atlassian.jira.ext.charting:firstresponsedate">
                        <customfieldname>Date of First Response</customfieldname>
                        <customfieldvalues>
                            <customfieldvalue>Tue, 1 Dec 2015 22:05:56 +0000</customfieldvalue>

                        </customfieldvalues>
                    </customfield>
                                                                                                                                                                                                                                                                                                                                                                                                                                            <customfield id="customfield_12310420" key="com.pyxis.greenhopper.jira:gh-global-rank">
                        <customfieldname>Global Rank</customfieldname>
                        <customfieldvalues>
                            <customfieldvalue>9223372036854775807</customfieldvalue>
                        </customfieldvalues>
                    </customfield>
                                                                                                                                                    <customfield id="customfield_12312521" key="com.atlassian.jira.toolkit:LastCommentDate">
                        <customfieldname>Last public comment date</customfieldname>
                        <customfieldvalues>
                            38 weeks ago
                        </customfieldvalues>
                    </customfield>
                                                                                            <customfield id="customfield_12311820" key="com.pyxis.greenhopper.jira:gh-lexo-rank">
                        <customfieldname>Rank</customfieldname>
                        <customfieldvalues>
                            <customfieldvalue>0|i2p50v:</customfieldvalue>

                        </customfieldvalues>
                    </customfield>
                                                                <customfield id="customfield_12310920" key="com.pyxis.greenhopper.jira:gh-global-rank">
                        <customfieldname>Rank (Obsolete)</customfieldname>
                        <customfieldvalues>
                            <customfieldvalue>9223372036854775807</customfieldvalue>
                        </customfieldvalues>
                    </customfield>
                                                                                                                                                                                                                                                                                                                            <customfield id="customfield_12310222" key="com.atlassian.jira.ext.charting:timeinstatus">
                        <customfieldname>Time in Status</customfieldname>
                        <customfieldvalues>
                            
                        </customfieldvalues>
                    </customfield>
                                                                                                                        </customfields>
    </item>
</channel>
</rss>