<!-- 
RSS generated by JIRA (6.3.4#6332-sha1:51bc225ef474afe3128b2f66878477f322397b16) at Fri Dec 02 23:22:52 UTC 2016

It is possible to restrict the fields that are returned in this document by specifying the 'field' parameter in your request.
For example, to request only the issue key and summary add field=key&field=summary to the URL of your request.
For example:
https://issues.apache.org/jira/si/jira.issueviews:issue-xml/HIVE-1029/HIVE-1029.xml?field=key&amp;field=summary
-->
<rss version="0.92" >
<channel>
    <title>ASF JIRA</title>
    <link>https://issues.apache.org/jira</link>
    <description>This file is an XML representation of an issue</description>
    <language>en-uk</language>    <build-info>
        <version>6.3.4</version>
        <build-number>6332</build-number>
        <build-date>15-08-2014</build-date>
    </build-info>

<item>
            <title>[HIVE-1029] typedbytes does not support nulls</title>
                <link>https://issues.apache.org/jira/browse/HIVE-1029</link>
                <project id="12310843" key="HIVE">Hive</project>
                    <description>&lt;p&gt;typedbytes does not support nulls&lt;/p&gt;</description>
                <environment></environment>
        <key id="12444759">HIVE-1029</key>
            <summary>typedbytes does not support nulls</summary>
                <type id="1" iconUrl="https://issues.apache.org/jira/images/icons/issuetypes/bug.png">Bug</type>
                                            <priority id="3" iconUrl="https://issues.apache.org/jira/images/icons/priorities/major.png">Major</priority>
                        <status id="6" iconUrl="https://issues.apache.org/jira/images/icons/statuses/closed.png" description="The issue is considered finished, the resolution is correct. Issues which are closed can be reopened.">Closed</status>
                    <statusCategory id="3" key="done" colorName="green"/>
                                    <resolution id="1">Fixed</resolution>
                                        <assignee username="aprabhakar">Arvind Prabhakar</assignee>
                                    <reporter username="namit">Namit Jain</reporter>
                        <labels>
                    </labels>
                <created>Wed, 6 Jan 2010 01:11:27 +0000</created>
                <updated>Sun, 5 Feb 2012 01:34:24 +0000</updated>
                            <resolved>Tue, 18 May 2010 05:43:39 +0000</resolved>
                                                    <fixVersion>0.6.0</fixVersion>
                                    <component>Serializers/Deserializers</component>
                        <due></due>
                            <votes>0</votes>
                                    <watches>0</watches>
                                                                <comments>
                            <comment id="12868097" author="aprabhakar" created="Mon, 17 May 2010 06:38:12 +0000"  >&lt;p&gt;This patch adds support for NULL types in TypedBytesSerDe.&lt;/p&gt;</comment>
                            <comment id="12868290" author="namit" created="Mon, 17 May 2010 17:24:15 +0000"  >&lt;p&gt;I will take a look&lt;/p&gt;</comment>
                            <comment id="12868325" author="namit" created="Mon, 17 May 2010 18:09:29 +0000"  >&lt;p&gt;+1&lt;/p&gt;


&lt;p&gt;looks good - will commit after 1345&lt;/p&gt;</comment>
                            <comment id="12868537" author="namit" created="Tue, 18 May 2010 05:43:39 +0000"  >&lt;p&gt;Committed. Thanks Arvind&lt;/p&gt;</comment>
                            <comment id="13200621" author="piccolbo" created="Sun, 5 Feb 2012 01:34:24 +0000"  >&lt;p&gt;type code 11 is not documented and not understood by streaming (at least as of CDH3). What is the point of having this HIVE-only extension? Wouldn&apos;t be better to have a unified definition of what typedbytes is, like&lt;br/&gt;
&lt;a href=&quot;https://hadoop.apache.org/mapreduce/docs/current/api/org/apache/hadoop/typedbytes/package-summary.html&quot; class=&quot;external-link&quot; rel=&quot;nofollow&quot;&gt;https://hadoop.apache.org/mapreduce/docs/current/api/org/apache/hadoop/typedbytes/package-summary.html&lt;/a&gt; ? Thanks&lt;/p&gt;</comment>
                    </comments>
                    <attachments>
                            <attachment id="12444640" name="HIVE-1029.patch" size="21246" author="aprabhakar" created="Mon, 17 May 2010 06:37:15 +0000"/>
                    </attachments>
                <subtasks>
                    </subtasks>
                <customfields>
                                                <customfield id="customfield_12310310" key="com.atlassian.jira.toolkit:attachments">
                        <customfieldname>Attachment count</customfieldname>
                        <customfieldvalues>
                            <customfieldvalue>1.0</customfieldvalue>
                        </customfieldvalues>
                    </customfield>
                                                                                                                                                                                                                                                                                                                                                                                                                                                                                                                                <customfield id="customfield_12310220" key="com.atlassian.jira.ext.charting:firstresponsedate">
                        <customfieldname>Date of First Response</customfieldname>
                        <customfieldvalues>
                            <customfieldvalue>Mon, 17 May 2010 06:38:12 +0000</customfieldvalue>

                        </customfieldvalues>
                    </customfield>
                                                                                                                                                                                                                                                                                                                                                                                                                                            <customfield id="customfield_12310420" key="com.pyxis.greenhopper.jira:gh-global-rank">
                        <customfieldname>Global Rank</customfieldname>
                        <customfieldvalues>
                            <customfieldvalue>73145</customfieldvalue>
                        </customfieldvalues>
                    </customfield>
                                                                <customfield id="customfield_12310191" key="com.atlassian.jira.plugin.system.customfieldtypes:multicheckboxes">
                        <customfieldname>Hadoop Flags</customfieldname>
                        <customfieldvalues>
                                <customfieldvalue key="10343"><![CDATA[Reviewed]]></customfieldvalue>
    
                        </customfieldvalues>
                    </customfield>
                                                                                                                        <customfield id="customfield_12312521" key="com.atlassian.jira.toolkit:LastCommentDate">
                        <customfieldname>Last public comment date</customfieldname>
                        <customfieldvalues>
                            4 years, 43 weeks, 5 days ago
                        </customfieldvalues>
                    </customfield>
                                                                                            <customfield id="customfield_12311820" key="com.pyxis.greenhopper.jira:gh-lexo-rank">
                        <customfieldname>Rank</customfieldname>
                        <customfieldvalues>
                            <customfieldvalue>0|i0ld1j:</customfieldvalue>

                        </customfieldvalues>
                    </customfield>
                                                                <customfield id="customfield_12310920" key="com.pyxis.greenhopper.jira:gh-global-rank">
                        <customfieldname>Rank (Obsolete)</customfieldname>
                        <customfieldvalues>
                            <customfieldvalue>122763</customfieldvalue>
                        </customfieldvalues>
                    </customfield>
                                                                                                                                                                                                                                                                                                                            <customfield id="customfield_12310222" key="com.atlassian.jira.ext.charting:timeinstatus">
                        <customfieldname>Time in Status</customfieldname>
                        <customfieldvalues>
                            
                        </customfieldvalues>
                    </customfield>
                                                                                                                        </customfields>
    </item>
</channel>
</rss>