<!-- 
RSS generated by JIRA (6.3.4#6332-sha1:51bc225ef474afe3128b2f66878477f322397b16) at Fri Dec 02 12:03:29 UTC 2016

It is possible to restrict the fields that are returned in this document by specifying the 'field' parameter in your request.
For example, to request only the issue key and summary add field=key&field=summary to the URL of your request.
For example:
https://issues.apache.org/jira/si/jira.issueviews:issue-xml/HIVE-12597/HIVE-12597.xml?field=key&amp;field=summary
-->
<rss version="0.92" >
<channel>
    <title>ASF JIRA</title>
    <link>https://issues.apache.org/jira</link>
    <description>This file is an XML representation of an issue</description>
    <language>en-uk</language>    <build-info>
        <version>6.3.4</version>
        <build-number>6332</build-number>
        <build-date>15-08-2014</build-date>
    </build-info>

<item>
            <title>[HIVE-12597] LLAP - allow using elevator without cache</title>
                <link>https://issues.apache.org/jira/browse/HIVE-12597</link>
                <project id="12310843" key="HIVE">Hive</project>
                    <description>&lt;p&gt;Elevator is currently tied up with cache due to the way the memory is allocated. We should allow using elevator with the cache disabled.&lt;/p&gt;</description>
                <environment></environment>
        <key id="12919089">HIVE-12597</key>
            <summary>LLAP - allow using elevator without cache</summary>
                <type id="1" iconUrl="https://issues.apache.org/jira/images/icons/issuetypes/bug.png">Bug</type>
                                            <priority id="3" iconUrl="https://issues.apache.org/jira/images/icons/priorities/major.png">Major</priority>
                        <status id="6" iconUrl="https://issues.apache.org/jira/images/icons/statuses/closed.png" description="The issue is considered finished, the resolution is correct. Issues which are closed can be reopened.">Closed</status>
                    <statusCategory id="3" key="done" colorName="green"/>
                                    <resolution id="1">Fixed</resolution>
                                        <assignee username="sershe">Sergey Shelukhin</assignee>
                                    <reporter username="sershe">Sergey Shelukhin</reporter>
                        <labels>
                            <label>TODOC2.0</label>
                    </labels>
                <created>Fri, 4 Dec 2015 21:21:03 +0000</created>
                <updated>Thu, 2 Jun 2016 10:17:33 +0000</updated>
                            <resolved>Wed, 6 Jan 2016 20:31:15 +0000</resolved>
                                                    <fixVersion>2.0.0</fixVersion>
                                        <due></due>
                            <votes>0</votes>
                                    <watches>5</watches>
                                                                <comments>
                            <comment id="15043562" author="sershe" created="Sat, 5 Dec 2015 23:16:48 +0000"  >&lt;p&gt;Solves all problems fileId in nature... also removed fileId from tree readers, where it was propagated but not used.&lt;/p&gt;</comment>
                            <comment id="15043563" author="sershe" created="Sat, 5 Dec 2015 23:18:11 +0000"  >&lt;p&gt;Woops, wrong jira&lt;/p&gt;</comment>
                            <comment id="15047486" author="sershe" created="Tue, 8 Dec 2015 21:19:11 +0000"  >&lt;p&gt;The patch creates new interface for refcount management and offers 3 options - old, where cache implements both cache and buffer manager interfaces, buddy-allocator-only with no cache and simple management, and simple allocator with simple refcounts.&lt;br/&gt;
It also moves a number of configs into the correct scope (i.e. allocator configs are now named allocator config, and not cache configs).&lt;/p&gt;</comment>
                            <comment id="15047491" author="sershe" created="Tue, 8 Dec 2015 21:21:09 +0000"  >&lt;p&gt;&lt;a href=&quot;https://issues.apache.org/jira/secure/ViewProfile.jspa?name=prasanth_j&quot; class=&quot;user-hover&quot; rel=&quot;prasanth_j&quot;&gt;Prasanth Jayachandran&lt;/a&gt; fyi&lt;/p&gt;</comment>
                            <comment id="15051591" author="sershe" created="Thu, 10 Dec 2015 20:24:51 +0000"  >&lt;p&gt;Forgot to submit &lt;img class=&quot;emoticon&quot; src=&quot;https://issues.apache.org/jira/images/icons/emoticons/sad.gif&quot; height=&quot;16&quot; width=&quot;16&quot; align=&quot;absmiddle&quot; alt=&quot;&quot; border=&quot;0&quot;/&gt;&lt;/p&gt;</comment>
                            <comment id="15053855" author="sershe" created="Sat, 12 Dec 2015 00:39:04 +0000"  >&lt;p&gt;Resubmitting for HiveQA&lt;/p&gt;</comment>
                            <comment id="15054067" author="hiveqa" created="Sat, 12 Dec 2015 05:43:06 +0000"  >

&lt;p&gt;Here are the results of testing the latest attachment:&lt;br/&gt;
&lt;a href=&quot;https://issues.apache.org/jira/secure/attachment/12777213/HIVE-12597.01.patch&quot; class=&quot;external-link&quot; rel=&quot;nofollow&quot;&gt;https://issues.apache.org/jira/secure/attachment/12777213/HIVE-12597.01.patch&lt;/a&gt;&lt;/p&gt;

&lt;p&gt;&lt;font color=&quot;red&quot;&gt;ERROR:&lt;/font&gt; -1 due to build exiting with an error&lt;/p&gt;

&lt;p&gt;Test results: &lt;a href=&quot;http://ec2-174-129-184-35.compute-1.amazonaws.com/jenkins/job/PreCommit-HIVE-TRUNK-Build/6326/testReport&quot; class=&quot;external-link&quot; rel=&quot;nofollow&quot;&gt;http://ec2-174-129-184-35.compute-1.amazonaws.com/jenkins/job/PreCommit-HIVE-TRUNK-Build/6326/testReport&lt;/a&gt;&lt;br/&gt;
Console output: &lt;a href=&quot;http://ec2-174-129-184-35.compute-1.amazonaws.com/jenkins/job/PreCommit-HIVE-TRUNK-Build/6326/console&quot; class=&quot;external-link&quot; rel=&quot;nofollow&quot;&gt;http://ec2-174-129-184-35.compute-1.amazonaws.com/jenkins/job/PreCommit-HIVE-TRUNK-Build/6326/console&lt;/a&gt;&lt;br/&gt;
Test logs: &lt;a href=&quot;http://ec2-174-129-184-35.compute-1.amazonaws.com/logs/PreCommit-HIVE-TRUNK-Build-6326/&quot; class=&quot;external-link&quot; rel=&quot;nofollow&quot;&gt;http://ec2-174-129-184-35.compute-1.amazonaws.com/logs/PreCommit-HIVE-TRUNK-Build-6326/&lt;/a&gt;&lt;/p&gt;

&lt;p&gt;Messages:&lt;/p&gt;
&lt;div class=&quot;preformatted panel&quot; style=&quot;border-width: 1px;&quot;&gt;&lt;div class=&quot;preformattedContent panelContent&quot;&gt;
&lt;pre&gt;Executing org.apache.hive.ptest.execution.TestCheckPhase
Executing org.apache.hive.ptest.execution.PrepPhase
Tests exited with: NonZeroExitCodeException
Command &apos;bash /data/hive-ptest/working/scratch/source-prep.sh&apos; failed with exit status 1 and output &apos;+ [[ -n /usr/java/jdk1.7.0_45-cloudera ]]
+ export JAVA_HOME=/usr/java/jdk1.7.0_45-cloudera
+ JAVA_HOME=/usr/java/jdk1.7.0_45-cloudera
+ export PATH=/usr/java/jdk1.7.0_45-cloudera/bin/:/usr/local/apache-maven-3.0.5/bin:/usr/java/jdk1.7.0_45-cloudera/bin:/usr/local/apache-ant-1.9.1/bin:/usr/local/bin:/bin:/usr/bin:/usr/local/sbin:/usr/sbin:/sbin:/home/hiveptest/bin
+ PATH=/usr/java/jdk1.7.0_45-cloudera/bin/:/usr/local/apache-maven-3.0.5/bin:/usr/java/jdk1.7.0_45-cloudera/bin:/usr/local/apache-ant-1.9.1/bin:/usr/local/bin:/bin:/usr/bin:/usr/local/sbin:/usr/sbin:/sbin:/home/hiveptest/bin
+ export &apos;ANT_OPTS=-Xmx1g -XX:MaxPermSize=256m &apos;
+ ANT_OPTS=&apos;-Xmx1g -XX:MaxPermSize=256m &apos;
+ export &apos;M2_OPTS=-Xmx1g -XX:MaxPermSize=256m -Dhttp.proxyHost=localhost -Dhttp.proxyPort=3128&apos;
+ M2_OPTS=&apos;-Xmx1g -XX:MaxPermSize=256m -Dhttp.proxyHost=localhost -Dhttp.proxyPort=3128&apos;
+ cd /data/hive-ptest/working/
+ tee /data/hive-ptest/logs/PreCommit-HIVE-TRUNK-Build-6326/source-prep.txt
+ [[ false == \t\r\u\e ]]
+ mkdir -p maven ivy
+ [[ git = \s\v\n ]]
+ [[ git = \g\i\t ]]
+ [[ -z master ]]
+ [[ -d apache-github-source-source ]]
+ [[ ! -d apache-github-source-source/.git ]]
+ [[ ! -d apache-github-source-source ]]
+ cd apache-github-source-source
+ git fetch origin
From https://github.com/apache/hive
   433e506..c692e2e  branch-2.0 -&amp;gt; origin/branch-2.0
   3e3d966..b187d42  master     -&amp;gt; origin/master
+ git reset --hard HEAD
HEAD is now at 3e3d966 HIVE-12609: Remove javaXML serialization (Prasanth Jayachandran reviewed by Ashutosh Chauhan)
+ git clean -f -d
Removing ql/src/java/org/apache/hadoop/hive/ql/optimizer/calcite/rules/HiveFilterAggregateTransposeRule.java
Removing ql/src/java/org/apache/hadoop/hive/ql/optimizer/calcite/rules/HiveFilterProjectTSTransposeRule.java
Removing ql/src/java/org/apache/hadoop/hive/ql/optimizer/calcite/stats/HiveRelMdPredicates.java
+ git checkout master
Already on &apos;master&apos;
Your branch is behind &apos;origin/master&apos; by 4 commits, and can be fast-forwarded.
+ git reset --hard origin/master
HEAD is now at b187d42 HIVE-12648 : LLAP IO was disabled in CliDriver by accident (and tests are broken) (Sergey Shelukhin, reviewed by Prasanth Jayachandran)
+ git merge --ff-only origin/master
Already up-to-date.
+ git gc
+ patchCommandPath=/data/hive-ptest/working/scratch/smart-apply-patch.sh
+ patchFilePath=/data/hive-ptest/working/scratch/build.patch
+ [[ -f /data/hive-ptest/working/scratch/build.patch ]]
+ chmod +x /data/hive-ptest/working/scratch/smart-apply-patch.sh
+ /data/hive-ptest/working/scratch/smart-apply-patch.sh /data/hive-ptest/working/scratch/build.patch
The patch does not appear to apply with p0, p1, or p2
+ exit 1
&apos;
&lt;/pre&gt;
&lt;/div&gt;&lt;/div&gt;

&lt;p&gt;This message is automatically generated.&lt;/p&gt;

&lt;p&gt;ATTACHMENT ID: 12777213 - PreCommit-HIVE-TRUNK-Build&lt;/p&gt;</comment>
                            <comment id="15056604" author="sershe" created="Mon, 14 Dec 2015 19:54:18 +0000"  >&lt;p&gt;The rebased patch.&lt;/p&gt;</comment>
                            <comment id="15057325" author="hiveqa" created="Tue, 15 Dec 2015 04:30:28 +0000"  >

&lt;p&gt;Here are the results of testing the latest attachment:&lt;br/&gt;
&lt;a href=&quot;https://issues.apache.org/jira/secure/attachment/12777554/HIVE-12597.02.patch&quot; class=&quot;external-link&quot; rel=&quot;nofollow&quot;&gt;https://issues.apache.org/jira/secure/attachment/12777554/HIVE-12597.02.patch&lt;/a&gt;&lt;/p&gt;

&lt;p&gt;&lt;font color=&quot;green&quot;&gt;SUCCESS:&lt;/font&gt; +1 due to 3 test(s) being added or modified.&lt;/p&gt;

&lt;p&gt;&lt;font color=&quot;red&quot;&gt;ERROR:&lt;/font&gt; -1 due to 17 failed/errored test(s), 9885 tests executed&lt;br/&gt;
&lt;b&gt;Failed tests:&lt;/b&gt;&lt;/p&gt;
&lt;div class=&quot;preformatted panel&quot; style=&quot;border-width: 1px;&quot;&gt;&lt;div class=&quot;preformattedContent panelContent&quot;&gt;
&lt;pre&gt;TestHWISessionManager - did not produce a TEST-*.xml file
TestMiniTezCliDriver-vector_interval_2.q-bucket3.q-vectorization_7.q-and-12-more - did not produce a TEST-*.xml file
org.apache.hadoop.hive.cli.TestCliDriver.testCliDriver_order2
org.apache.hadoop.hive.cli.TestCliDriver.testCliDriver_union9
org.apache.hadoop.hive.cli.TestEncryptedHDFSCliDriver.testCliDriver_encryption_insert_partition_dynamic
org.apache.hadoop.hive.cli.TestNegativeCliDriver.testNegativeCliDriver_authorization_uri_import
org.apache.hadoop.hive.ql.exec.spark.session.TestSparkSessionManagerImpl.testMultiSessionMultipleUse
org.apache.hadoop.hive.ql.exec.spark.session.TestSparkSessionManagerImpl.testSingleSessionMultipleUse
org.apache.hive.jdbc.TestSSL.testSSLVersion
org.apache.hive.spark.client.TestSparkClient.testAddJarsAndFiles
org.apache.hive.spark.client.TestSparkClient.testCounters
org.apache.hive.spark.client.TestSparkClient.testErrorJob
org.apache.hive.spark.client.TestSparkClient.testJobSubmission
org.apache.hive.spark.client.TestSparkClient.testMetricsCollection
org.apache.hive.spark.client.TestSparkClient.testRemoteClient
org.apache.hive.spark.client.TestSparkClient.testSimpleSparkJob
org.apache.hive.spark.client.TestSparkClient.testSyncRpc
&lt;/pre&gt;
&lt;/div&gt;&lt;/div&gt;

&lt;p&gt;Test results: &lt;a href=&quot;http://ec2-174-129-184-35.compute-1.amazonaws.com/jenkins/job/PreCommit-HIVE-TRUNK-Build/6354/testReport&quot; class=&quot;external-link&quot; rel=&quot;nofollow&quot;&gt;http://ec2-174-129-184-35.compute-1.amazonaws.com/jenkins/job/PreCommit-HIVE-TRUNK-Build/6354/testReport&lt;/a&gt;&lt;br/&gt;
Console output: &lt;a href=&quot;http://ec2-174-129-184-35.compute-1.amazonaws.com/jenkins/job/PreCommit-HIVE-TRUNK-Build/6354/console&quot; class=&quot;external-link&quot; rel=&quot;nofollow&quot;&gt;http://ec2-174-129-184-35.compute-1.amazonaws.com/jenkins/job/PreCommit-HIVE-TRUNK-Build/6354/console&lt;/a&gt;&lt;br/&gt;
Test logs: &lt;a href=&quot;http://ec2-174-129-184-35.compute-1.amazonaws.com/logs/PreCommit-HIVE-TRUNK-Build-6354/&quot; class=&quot;external-link&quot; rel=&quot;nofollow&quot;&gt;http://ec2-174-129-184-35.compute-1.amazonaws.com/logs/PreCommit-HIVE-TRUNK-Build-6354/&lt;/a&gt;&lt;/p&gt;

&lt;p&gt;Messages:&lt;/p&gt;
&lt;div class=&quot;preformatted panel&quot; style=&quot;border-width: 1px;&quot;&gt;&lt;div class=&quot;preformattedContent panelContent&quot;&gt;
&lt;pre&gt;Executing org.apache.hive.ptest.execution.TestCheckPhase
Executing org.apache.hive.ptest.execution.PrepPhase
Executing org.apache.hive.ptest.execution.ExecutionPhase
Executing org.apache.hive.ptest.execution.ReportingPhase
Tests exited with: TestsFailedException: 17 tests failed
&lt;/pre&gt;
&lt;/div&gt;&lt;/div&gt;

&lt;p&gt;This message is automatically generated.&lt;/p&gt;

&lt;p&gt;ATTACHMENT ID: 12777554 - PreCommit-HIVE-TRUNK-Build&lt;/p&gt;</comment>
                            <comment id="15067354" author="prasanth_j" created="Tue, 22 Dec 2015 00:50:12 +0000"  >&lt;p&gt;Left some comments in RB&lt;/p&gt;</comment>
                            <comment id="15067461" author="prasanth_j" created="Tue, 22 Dec 2015 02:40:47 +0000"  >&lt;p&gt;Minor comment about deallocation of direct BB. Otherwise, lgtm +1&lt;/p&gt;</comment>
                            <comment id="15068963" author="hiveqa" created="Wed, 23 Dec 2015 00:42:44 +0000"  >

&lt;p&gt;Here are the results of testing the latest attachment:&lt;br/&gt;
&lt;a href=&quot;https://issues.apache.org/jira/secure/attachment/12778964/HIVE-12597.03.patch&quot; class=&quot;external-link&quot; rel=&quot;nofollow&quot;&gt;https://issues.apache.org/jira/secure/attachment/12778964/HIVE-12597.03.patch&lt;/a&gt;&lt;/p&gt;

&lt;p&gt;&lt;font color=&quot;green&quot;&gt;SUCCESS:&lt;/font&gt; +1 due to 3 test(s) being added or modified.&lt;/p&gt;

&lt;p&gt;&lt;font color=&quot;red&quot;&gt;ERROR:&lt;/font&gt; -1 due to 18 failed/errored test(s), 9974 tests executed&lt;br/&gt;
&lt;b&gt;Failed tests:&lt;/b&gt;&lt;/p&gt;
&lt;div class=&quot;preformatted panel&quot; style=&quot;border-width: 1px;&quot;&gt;&lt;div class=&quot;preformattedContent panelContent&quot;&gt;
&lt;pre&gt;TestHWISessionManager - did not produce a TEST-*.xml file
org.apache.hadoop.hive.cli.TestCliDriver.testCliDriver_auto_join_stats2
org.apache.hadoop.hive.cli.TestEncryptedHDFSCliDriver.testCliDriver_encryption_insert_partition_dynamic
org.apache.hadoop.hive.cli.TestMiniLlapCliDriver.testCliDriver_vector_join_part_col_char
org.apache.hadoop.hive.cli.TestNegativeCliDriver.testNegativeCliDriver_authorization_uri_import
org.apache.hadoop.hive.cli.TestNegativeCliDriver.testNegativeCliDriver_columnstats_partlvl_multiple_part_clause
org.apache.hadoop.hive.ql.exec.spark.session.TestSparkSessionManagerImpl.testMultiSessionMultipleUse
org.apache.hadoop.hive.ql.exec.spark.session.TestSparkSessionManagerImpl.testSingleSessionMultipleUse
org.apache.hadoop.hive.ql.security.authorization.plugin.TestHiveOperationType.checkHiveOperationTypeMatch
org.apache.hive.jdbc.TestSSL.testSSLVersion
org.apache.hive.spark.client.TestSparkClient.testAddJarsAndFiles
org.apache.hive.spark.client.TestSparkClient.testCounters
org.apache.hive.spark.client.TestSparkClient.testErrorJob
org.apache.hive.spark.client.TestSparkClient.testJobSubmission
org.apache.hive.spark.client.TestSparkClient.testMetricsCollection
org.apache.hive.spark.client.TestSparkClient.testRemoteClient
org.apache.hive.spark.client.TestSparkClient.testSimpleSparkJob
org.apache.hive.spark.client.TestSparkClient.testSyncRpc
&lt;/pre&gt;
&lt;/div&gt;&lt;/div&gt;

&lt;p&gt;Test results: &lt;a href=&quot;http://ec2-174-129-184-35.compute-1.amazonaws.com/jenkins/job/PreCommit-HIVE-TRUNK-Build/6449/testReport&quot; class=&quot;external-link&quot; rel=&quot;nofollow&quot;&gt;http://ec2-174-129-184-35.compute-1.amazonaws.com/jenkins/job/PreCommit-HIVE-TRUNK-Build/6449/testReport&lt;/a&gt;&lt;br/&gt;
Console output: &lt;a href=&quot;http://ec2-174-129-184-35.compute-1.amazonaws.com/jenkins/job/PreCommit-HIVE-TRUNK-Build/6449/console&quot; class=&quot;external-link&quot; rel=&quot;nofollow&quot;&gt;http://ec2-174-129-184-35.compute-1.amazonaws.com/jenkins/job/PreCommit-HIVE-TRUNK-Build/6449/console&lt;/a&gt;&lt;br/&gt;
Test logs: &lt;a href=&quot;http://ec2-174-129-184-35.compute-1.amazonaws.com/logs/PreCommit-HIVE-TRUNK-Build-6449/&quot; class=&quot;external-link&quot; rel=&quot;nofollow&quot;&gt;http://ec2-174-129-184-35.compute-1.amazonaws.com/logs/PreCommit-HIVE-TRUNK-Build-6449/&lt;/a&gt;&lt;/p&gt;

&lt;p&gt;Messages:&lt;/p&gt;
&lt;div class=&quot;preformatted panel&quot; style=&quot;border-width: 1px;&quot;&gt;&lt;div class=&quot;preformattedContent panelContent&quot;&gt;
&lt;pre&gt;Executing org.apache.hive.ptest.execution.TestCheckPhase
Executing org.apache.hive.ptest.execution.PrepPhase
Executing org.apache.hive.ptest.execution.ExecutionPhase
Executing org.apache.hive.ptest.execution.ReportingPhase
Tests exited with: TestsFailedException: 18 tests failed
&lt;/pre&gt;
&lt;/div&gt;&lt;/div&gt;

&lt;p&gt;This message is automatically generated.&lt;/p&gt;

&lt;p&gt;ATTACHMENT ID: 12778964 - PreCommit-HIVE-TRUNK-Build&lt;/p&gt;</comment>
                            <comment id="15081948" author="sershe" created="Mon, 4 Jan 2016 22:49:30 +0000"  >&lt;p&gt;Addressed the latest review comments.&lt;/p&gt;</comment>
                            <comment id="15082419" author="prasanth_j" created="Tue, 5 Jan 2016 05:40:19 +0000"  >&lt;p&gt;+1 for the latest patch&lt;/p&gt;</comment>
                            <comment id="15083706" author="hiveqa" created="Tue, 5 Jan 2016 20:16:33 +0000"  >

&lt;p&gt;Here are the results of testing the latest attachment:&lt;br/&gt;
&lt;a href=&quot;https://issues.apache.org/jira/secure/attachment/12780399/HIVE-12597.04.patch&quot; class=&quot;external-link&quot; rel=&quot;nofollow&quot;&gt;https://issues.apache.org/jira/secure/attachment/12780399/HIVE-12597.04.patch&lt;/a&gt;&lt;/p&gt;

&lt;p&gt;&lt;font color=&quot;green&quot;&gt;SUCCESS:&lt;/font&gt; +1 due to 3 test(s) being added or modified.&lt;/p&gt;

&lt;p&gt;&lt;font color=&quot;red&quot;&gt;ERROR:&lt;/font&gt; -1 due to 18 failed/errored test(s), 9997 tests executed&lt;br/&gt;
&lt;b&gt;Failed tests:&lt;/b&gt;&lt;/p&gt;
&lt;div class=&quot;preformatted panel&quot; style=&quot;border-width: 1px;&quot;&gt;&lt;div class=&quot;preformattedContent panelContent&quot;&gt;
&lt;pre&gt;TestHWISessionManager - did not produce a TEST-*.xml file
org.apache.hadoop.hive.cli.TestCliDriver.testCliDriver_order2
org.apache.hadoop.hive.cli.TestEncryptedHDFSCliDriver.testCliDriver_encryption_insert_partition_dynamic
org.apache.hadoop.hive.cli.TestNegativeCliDriver.testNegativeCliDriver_authorization_uri_import
org.apache.hadoop.hive.cli.TestNegativeCliDriver.testNegativeCliDriver_columnstats_partlvl_multiple_part_clause
org.apache.hadoop.hive.ql.exec.spark.session.TestSparkSessionManagerImpl.testMultiSessionMultipleUse
org.apache.hadoop.hive.ql.exec.spark.session.TestSparkSessionManagerImpl.testSingleSessionMultipleUse
org.apache.hadoop.hive.ql.security.authorization.plugin.TestHiveOperationType.checkHiveOperationTypeMatch
org.apache.hive.jdbc.TestMultiSessionsHS2WithLocalClusterSpark.testSparkQuery
org.apache.hive.jdbc.TestSSL.testSSLVersion
org.apache.hive.spark.client.TestSparkClient.testAddJarsAndFiles
org.apache.hive.spark.client.TestSparkClient.testCounters
org.apache.hive.spark.client.TestSparkClient.testErrorJob
org.apache.hive.spark.client.TestSparkClient.testJobSubmission
org.apache.hive.spark.client.TestSparkClient.testMetricsCollection
org.apache.hive.spark.client.TestSparkClient.testRemoteClient
org.apache.hive.spark.client.TestSparkClient.testSimpleSparkJob
org.apache.hive.spark.client.TestSparkClient.testSyncRpc
&lt;/pre&gt;
&lt;/div&gt;&lt;/div&gt;

&lt;p&gt;Test results: &lt;a href=&quot;http://ec2-174-129-184-35.compute-1.amazonaws.com/jenkins/job/PreCommit-HIVE-TRUNK-Build/6517/testReport&quot; class=&quot;external-link&quot; rel=&quot;nofollow&quot;&gt;http://ec2-174-129-184-35.compute-1.amazonaws.com/jenkins/job/PreCommit-HIVE-TRUNK-Build/6517/testReport&lt;/a&gt;&lt;br/&gt;
Console output: &lt;a href=&quot;http://ec2-174-129-184-35.compute-1.amazonaws.com/jenkins/job/PreCommit-HIVE-TRUNK-Build/6517/console&quot; class=&quot;external-link&quot; rel=&quot;nofollow&quot;&gt;http://ec2-174-129-184-35.compute-1.amazonaws.com/jenkins/job/PreCommit-HIVE-TRUNK-Build/6517/console&lt;/a&gt;&lt;br/&gt;
Test logs: &lt;a href=&quot;http://ec2-174-129-184-35.compute-1.amazonaws.com/logs/PreCommit-HIVE-TRUNK-Build-6517/&quot; class=&quot;external-link&quot; rel=&quot;nofollow&quot;&gt;http://ec2-174-129-184-35.compute-1.amazonaws.com/logs/PreCommit-HIVE-TRUNK-Build-6517/&lt;/a&gt;&lt;/p&gt;

&lt;p&gt;Messages:&lt;/p&gt;
&lt;div class=&quot;preformatted panel&quot; style=&quot;border-width: 1px;&quot;&gt;&lt;div class=&quot;preformattedContent panelContent&quot;&gt;
&lt;pre&gt;Executing org.apache.hive.ptest.execution.TestCheckPhase
Executing org.apache.hive.ptest.execution.PrepPhase
Executing org.apache.hive.ptest.execution.ExecutionPhase
Executing org.apache.hive.ptest.execution.ReportingPhase
Tests exited with: TestsFailedException: 18 tests failed
&lt;/pre&gt;
&lt;/div&gt;&lt;/div&gt;

&lt;p&gt;This message is automatically generated.&lt;/p&gt;

&lt;p&gt;ATTACHMENT ID: 12780399 - PreCommit-HIVE-TRUNK-Build&lt;/p&gt;</comment>
                            <comment id="15086230" author="sershe" created="Wed, 6 Jan 2016 20:31:15 +0000"  >&lt;p&gt;committed to all branches.&lt;/p&gt;</comment>
                            <comment id="15086667" author="lefty@hortonworks.com" created="Thu, 7 Jan 2016 02:07:11 +0000"  >&lt;p&gt;Doc note:  This adds six LLAP configuration parameters to HiveConf.java in release 2.0.0, so they need to be documented in a new LLAP section of Configuration Properties (along with those listed in a comment on &lt;a href=&quot;https://issues.apache.org/jira/browse/HIVE-11908&quot; title=&quot;LLAP: Merge branch to hive-2.0&quot; class=&quot;issue-link&quot; data-issue-key=&quot;HIVE-11908&quot;&gt;&lt;del&gt;HIVE-11908&lt;/del&gt;&lt;/a&gt;).&lt;/p&gt;

&lt;ul&gt;
	&lt;li&gt;hive.llap.io.memory.mode&lt;/li&gt;
	&lt;li&gt;hive.llap.io.allocator.alloc.min&lt;/li&gt;
	&lt;li&gt;hive.llap.io.allocator.alloc.max&lt;/li&gt;
	&lt;li&gt;hive.llap.io.allocator.arena.count&lt;/li&gt;
	&lt;li&gt;hive.llap.io.memory.size&lt;/li&gt;
	&lt;li&gt;hive.llap.io.allocator.direct&lt;/li&gt;
&lt;/ul&gt;


&lt;ul&gt;
	&lt;li&gt;&lt;a href=&quot;https://cwiki.apache.org/confluence/display/Hive/Configuration+Properties#ConfigurationProperties-HiveConfigurationProperties&quot; class=&quot;external-link&quot; rel=&quot;nofollow&quot;&gt;Hive Configuration Properties &lt;/a&gt;&lt;/li&gt;
&lt;/ul&gt;


&lt;p&gt;This also &lt;em&gt;removes&lt;/em&gt; six configuration parameters that were added to 2.0.0 by &lt;a href=&quot;https://issues.apache.org/jira/browse/HIVE-11908&quot; title=&quot;LLAP: Merge branch to hive-2.0&quot; class=&quot;issue-link&quot; data-issue-key=&quot;HIVE-11908&quot;&gt;&lt;del&gt;HIVE-11908&lt;/del&gt;&lt;/a&gt; and haven&apos;t been documented yet, so no doc changes are needed for them &amp;#8211; just make sure they don&apos;t get documented:&lt;/p&gt;

&lt;ul&gt;
	&lt;li&gt;hive.llap.io.use.lowlevel.cache&lt;/li&gt;
	&lt;li&gt;hive.llap.io.cache.orc.alloc.min&lt;/li&gt;
	&lt;li&gt;hive.llap.io.cache.orc.alloc.max&lt;/li&gt;
	&lt;li&gt;hive.llap.io.cache.orc.arena.count&lt;/li&gt;
	&lt;li&gt;hive.llap.io.cache.orc.size&lt;/li&gt;
	&lt;li&gt;hive.llap.io.cache.direct&lt;/li&gt;
&lt;/ul&gt;
</comment>
                            <comment id="15212918" author="asears" created="Sat, 26 Mar 2016 09:51:27 +0000"  >&lt;p&gt;Have added some placeholders to wiki for LLAP, should split up the Configuration Properties page in the future as it is a bit unwieldy.  Perhaps there is a way to automatically expose these configuration parameters to the wiki from code with a javadoc plugin, so at least they are captured on release?&lt;/p&gt;</comment>
                    </comments>
                <issuelinks>
                            <issuelinktype id="10032">
                    <name>Blocker</name>
                                            <outwardlinks description="blocks">
                                        <issuelink>
            <issuekey id="12906775">HIVE-12220</issuekey>
        </issuelink>
                            </outwardlinks>
                                                        </issuelinktype>
                            <issuelinktype id="10030">
                    <name>Reference</name>
                                            <outwardlinks description="relates to">
                                        <issuelink>
            <issuekey id="12895268">HIVE-11908</issuekey>
        </issuelink>
                            </outwardlinks>
                                                        </issuelinktype>
                    </issuelinks>
                <attachments>
                            <attachment id="12777213" name="HIVE-12597.01.patch" size="45268" author="sershe" created="Sat, 12 Dec 2015 00:39:04 +0000"/>
                            <attachment id="12777554" name="HIVE-12597.02.patch" size="44085" author="sershe" created="Mon, 14 Dec 2015 19:54:18 +0000"/>
                            <attachment id="12778964" name="HIVE-12597.03.patch" size="44773" author="sershe" created="Tue, 22 Dec 2015 02:13:04 +0000"/>
                            <attachment id="12780399" name="HIVE-12597.04.patch" size="45478" author="sershe" created="Mon, 4 Jan 2016 22:49:30 +0000"/>
                            <attachment id="12776400" name="HIVE-12597.patch" size="45268" author="sershe" created="Tue, 8 Dec 2015 21:19:11 +0000"/>
                    </attachments>
                <subtasks>
                    </subtasks>
                <customfields>
                                                <customfield id="customfield_12310310" key="com.atlassian.jira.toolkit:attachments">
                        <customfieldname>Attachment count</customfieldname>
                        <customfieldvalues>
                            <customfieldvalue>5.0</customfieldvalue>
                        </customfieldvalues>
                    </customfield>
                                                                                                                                                                                                                                                                                                                                                                                                                                                                                                                                <customfield id="customfield_12310220" key="com.atlassian.jira.ext.charting:firstresponsedate">
                        <customfieldname>Date of First Response</customfieldname>
                        <customfieldvalues>
                            <customfieldvalue>Sat, 12 Dec 2015 05:43:06 +0000</customfieldvalue>

                        </customfieldvalues>
                    </customfield>
                                                                                                                                                                                                                                                                                                                                                                                                                                            <customfield id="customfield_12310420" key="com.pyxis.greenhopper.jira:gh-global-rank">
                        <customfieldname>Global Rank</customfieldname>
                        <customfieldvalues>
                            <customfieldvalue>9223372036854775807</customfieldvalue>
                        </customfieldvalues>
                    </customfield>
                                                                                                                                                    <customfield id="customfield_12312521" key="com.atlassian.jira.toolkit:LastCommentDate">
                        <customfieldname>Last public comment date</customfieldname>
                        <customfieldvalues>
                            35 weeks, 6 days ago
                        </customfieldvalues>
                    </customfield>
                                                                                            <customfield id="customfield_12311820" key="com.pyxis.greenhopper.jira:gh-lexo-rank">
                        <customfieldname>Rank</customfieldname>
                        <customfieldvalues>
                            <customfieldvalue>0|i2pfj3:</customfieldvalue>

                        </customfieldvalues>
                    </customfield>
                                                                <customfield id="customfield_12310920" key="com.pyxis.greenhopper.jira:gh-global-rank">
                        <customfieldname>Rank (Obsolete)</customfieldname>
                        <customfieldvalues>
                            <customfieldvalue>9223372036854775807</customfieldvalue>
                        </customfieldvalues>
                    </customfield>
                                                                                                                                                                                                                                                                                                                            <customfield id="customfield_12310222" key="com.atlassian.jira.ext.charting:timeinstatus">
                        <customfieldname>Time in Status</customfieldname>
                        <customfieldvalues>
                            
                        </customfieldvalues>
                    </customfield>
                                                                                                                        </customfields>
    </item>
</channel>
</rss>