<!-- 
RSS generated by JIRA (6.3.4#6332-sha1:51bc225ef474afe3128b2f66878477f322397b16) at Sat Dec 03 00:55:55 UTC 2016

It is possible to restrict the fields that are returned in this document by specifying the 'field' parameter in your request.
For example, to request only the issue key and summary add field=key&field=summary to the URL of your request.
For example:
https://issues.apache.org/jira/si/jira.issueviews:issue-xml/HIVE-1097/HIVE-1097.xml?field=key&amp;field=summary
-->
<rss version="0.92" >
<channel>
    <title>ASF JIRA</title>
    <link>https://issues.apache.org/jira</link>
    <description>This file is an XML representation of an issue</description>
    <language>en-uk</language>    <build-info>
        <version>6.3.4</version>
        <build-number>6332</build-number>
        <build-date>15-08-2014</build-date>
    </build-info>

<item>
            <title>[HIVE-1097] groupby_bigdata.q sometimes throws out of memory exception</title>
                <link>https://issues.apache.org/jira/browse/HIVE-1097</link>
                <project id="12310843" key="HIVE">Hive</project>
                    <description>&lt;p&gt;I would get out of memory errors like the following when running groupby_bigdata.q.&lt;/p&gt;

&lt;div class=&quot;code panel&quot; style=&quot;border-width: 1px;&quot;&gt;&lt;div class=&quot;codeContent panelContent&quot;&gt;
&lt;pre class=&quot;code-java&quot;&gt;
  
    [junit] plan = /data/users/pyang/task2/trunk/VENDOR.hive/trunk/build/ql/scratchdir/plan38413.xml
    [junit] Exception in thread &lt;span class=&quot;code-quote&quot;&gt;&quot;&lt;span class=&quot;code-object&quot;&gt;Thread&lt;/span&gt;-15&quot;&lt;/span&gt; java.lang.OutOfMemoryError: Java heap space
    [junit]     at java.util.Arrays.copyOf(Arrays.java:2882)
    [junit]     at java.lang.AbstractStringBuilder.expandCapacity(AbstractStringBuilder.java:100)
    [junit]     at java.lang.AbstractStringBuilder.append(AbstractStringBuilder.java:390)
    [junit]     at java.lang.&lt;span class=&quot;code-object&quot;&gt;StringBuffer&lt;/span&gt;.append(&lt;span class=&quot;code-object&quot;&gt;StringBuffer&lt;/span&gt;.java:224)
    [junit]     at java.io.StringWriter.write(StringWriter.java:84)
    [junit]     at java.io.PrintWriter.newLine(PrintWriter.java:436)
    [junit]     at java.io.PrintWriter.println(PrintWriter.java:585)
    [junit]     at java.io.PrintWriter.println(PrintWriter.java:696)
    [junit]     at java.lang.Throwable.printStackTrace(Throwable.java:512)
    [junit]     at org.apache.hadoop.util.StringUtils.stringifyException(StringUtils.java:60)
    [junit]     at org.apache.hadoop.hive.ql.exec.ScriptOperator$StreamThread.run(ScriptOperator.java:561)
    [junit] Exception in thread &lt;span class=&quot;code-quote&quot;&gt;&quot;main&quot;&lt;/span&gt; java.lang.OutOfMemoryError: Java heap space
    [junit]     at java.nio.HeapCharBuffer.&amp;lt;init&amp;gt;(HeapCharBuffer.java:39)
    [junit]     at java.nio.CharBuffer.allocate(CharBuffer.java:312)
    [junit]     at java.nio.charset.CharsetEncoder.isLegalReplacement(CharsetEncoder.java:319)
    [junit]     at java.nio.charset.CharsetEncoder.replaceWith(CharsetEncoder.java:267)
    [junit]     at java.nio.charset.CharsetEncoder.&amp;lt;init&amp;gt;(CharsetEncoder.java:186)
    [junit]     at java.nio.charset.CharsetEncoder.&amp;lt;init&amp;gt;(CharsetEncoder.java:209)
    [junit]     at sun.nio.cs.ISO_8859_1$Encoder.&amp;lt;init&amp;gt;(ISO_8859_1.java:116)
    [junit]     at sun.nio.cs.ISO_8859_1$Encoder.&amp;lt;init&amp;gt;(ISO_8859_1.java:113)
    [junit]     at sun.nio.cs.ISO_8859_1.newEncoder(ISO_8859_1.java:46)
    [junit]     at java.lang.StringCoding$StringEncoder.&amp;lt;init&amp;gt;(StringCoding.java:215)
    [junit]     at java.lang.StringCoding$StringEncoder.&amp;lt;init&amp;gt;(StringCoding.java:207)
    [junit]     at java.lang.StringCoding.encode(StringCoding.java:266)
    [junit]     at java.lang.&lt;span class=&quot;code-object&quot;&gt;String&lt;/span&gt;.getBytes(&lt;span class=&quot;code-object&quot;&gt;String&lt;/span&gt;.java:947)
    [junit]     at java.io.UnixFileSystem.getLength(Native Method)
    [junit]     at java.io.File.length(File.java:848)
    [junit]     at org.apache.hadoop.fs.RawLocalFileSystem$RawLocalFileStatus.&amp;lt;init&amp;gt;(RawLocalFileSystem.java:375)
    [junit]     at org.apache.hadoop.fs.RawLocalFileSystem.getFileStatus(RawLocalFileSystem.java:359)
    [junit]     at org.apache.hadoop.fs.FilterFileSystem.getFileStatus(FilterFileSystem.java:245)
    [junit]     at org.apache.hadoop.fs.FileSystem.exists(FileSystem.java:643)
    [junit]     at org.apache.hadoop.hive.ql.exec.Utilities.clearMapRedWork(Utilities.java:114)
    [junit]     at org.apache.hadoop.hive.ql.exec.ExecDriver.execute(ExecDriver.java:680)
    [junit]     at org.apache.hadoop.hive.ql.exec.ExecDriver.main(ExecDriver.java:936)
    [junit]     at sun.reflect.NativeMethodAccessorImpl.invoke0(Native Method)
    [junit]     at sun.reflect.NativeMethodAccessorImpl.invoke(NativeMethodAccessorImpl.java:39)
    [junit]     at sun.reflect.DelegatingMethodAccessorImpl.invoke(DelegatingMethodAccessorImpl.java:25)
    [junit]     at java.lang.reflect.Method.invoke(Method.java:597)
    [junit]     at org.apache.hadoop.util.RunJar.main(RunJar.java:156)
    [junit] Traceback (most recent call last):
    [junit]   File &lt;span class=&quot;code-quote&quot;&gt;&quot;../data/scripts/dumpdata_script.py&quot;&lt;/span&gt;, line 6, in &amp;lt;module&amp;gt;
    [junit]     print 20000 * i + k

&lt;/pre&gt;
&lt;/div&gt;&lt;/div&gt;</description>
                <environment></environment>
        <key id="12446605">HIVE-1097</key>
            <summary>groupby_bigdata.q sometimes throws out of memory exception</summary>
                <type id="1" iconUrl="https://issues.apache.org/jira/images/icons/issuetypes/bug.png">Bug</type>
                                            <priority id="3" iconUrl="https://issues.apache.org/jira/images/icons/priorities/major.png">Major</priority>
                        <status id="6" iconUrl="https://issues.apache.org/jira/images/icons/statuses/closed.png" description="The issue is considered finished, the resolution is correct. Issues which are closed can be reopened.">Closed</status>
                    <statusCategory id="3" key="done" colorName="green"/>
                                    <resolution id="1">Fixed</resolution>
                                        <assignee username="pauly">Paul Yang</assignee>
                                    <reporter username="pauly">Paul Yang</reporter>
                        <labels>
                    </labels>
                <created>Mon, 25 Jan 2010 21:37:34 +0000</created>
                <updated>Sat, 17 Dec 2011 00:06:16 +0000</updated>
                            <resolved>Tue, 26 Jan 2010 16:57:36 +0000</resolved>
                                    <version>0.4.1</version>
                                    <fixVersion>0.5.0</fixVersion>
                                    <component>Query Processor</component>
                        <due></due>
                            <votes>0</votes>
                                    <watches>0</watches>
                                                                <comments>
                            <comment id="12804747" author="pauly" created="Mon, 25 Jan 2010 21:58:51 +0000"  >&lt;ul&gt;
	&lt;li&gt;Increased mem from 256MB to 300MB for groupby_bigdata&lt;/li&gt;
&lt;/ul&gt;
</comment>
                            <comment id="12804820" author="zshao" created="Tue, 26 Jan 2010 00:40:40 +0000"  >&lt;p&gt;It might be a good idea to increase to 384MB to make sure we don&apos;t run into this problem in a while.&lt;/p&gt;

&lt;p&gt;Also the following piece of code looks suspicious. It is possible that something else happened, but we went out-of-memory while doing stringifyException?&lt;br/&gt;
Let&apos;s &quot;LOG.warn&quot; the exception type and message first, before do &quot;LOG.warn&quot; on the stringified exception text.&lt;/p&gt;

&lt;div class=&quot;code panel&quot; style=&quot;border-width: 1px;&quot;&gt;&lt;div class=&quot;codeContent panelContent&quot;&gt;
&lt;pre class=&quot;code-java&quot;&gt;
ScriptOperator.java:
      } &lt;span class=&quot;code-keyword&quot;&gt;catch&lt;/span&gt; (Throwable th) {
        scriptError = th;
        LOG.warn(StringUtils.stringifyException(th));
      } &lt;span class=&quot;code-keyword&quot;&gt;finally&lt;/span&gt; {
&lt;/pre&gt;
&lt;/div&gt;&lt;/div&gt;</comment>
                            <comment id="12804873" author="pauly" created="Tue, 26 Jan 2010 03:32:10 +0000"  >&lt;ul&gt;
	&lt;li&gt;Increased mem to 384&lt;/li&gt;
	&lt;li&gt;Added LOG.warn() before stringifyException&lt;/li&gt;
&lt;/ul&gt;


&lt;p&gt;Using the added LOG.warn(), I also verified that there was a OOM exception before stringifyException threw another OOM.&lt;/p&gt;</comment>
                            <comment id="12805091" author="namit" created="Tue, 26 Jan 2010 16:54:11 +0000"  >&lt;p&gt;+1&lt;/p&gt;

&lt;p&gt;looks good&lt;/p&gt;</comment>
                            <comment id="12805094" author="namit" created="Tue, 26 Jan 2010 16:57:36 +0000"  >&lt;p&gt;committed. Thanks Paul&lt;/p&gt;</comment>
                            <comment id="12805323" author="pauly" created="Wed, 27 Jan 2010 02:34:25 +0000"  >&lt;p&gt;Namit, can you apply the patch to branch-0.5? Thanks!&lt;/p&gt;</comment>
                            <comment id="12805331" author="namit" created="Wed, 27 Jan 2010 03:09:44 +0000"  >&lt;p&gt;applied in 0.5 also&lt;/p&gt;</comment>
                    </comments>
                <issuelinks>
                            <issuelinktype id="12310000">
                    <name>Duplicate</name>
                                            <outwardlinks description="duplicates">
                                        <issuelink>
            <issuekey id="12446479">HIVE-1089</issuekey>
        </issuelink>
                            </outwardlinks>
                                                        </issuelinktype>
                    </issuelinks>
                <attachments>
                            <attachment id="12431404" name="HIVE-1097.2.patch" size="1139" author="pauly" created="Tue, 26 Jan 2010 03:32:10 +0000"/>
                            <attachment id="12431363" name="HVIE-1097.1.patch" size="548" author="pauly" created="Mon, 25 Jan 2010 21:58:50 +0000"/>
                    </attachments>
                <subtasks>
                    </subtasks>
                <customfields>
                                                <customfield id="customfield_12310310" key="com.atlassian.jira.toolkit:attachments">
                        <customfieldname>Attachment count</customfieldname>
                        <customfieldvalues>
                            <customfieldvalue>2.0</customfieldvalue>
                        </customfieldvalues>
                    </customfield>
                                                                                                                                                                                                                                                                                                                                                                                                                                                                                                                                <customfield id="customfield_12310220" key="com.atlassian.jira.ext.charting:firstresponsedate">
                        <customfieldname>Date of First Response</customfieldname>
                        <customfieldvalues>
                            <customfieldvalue>Tue, 26 Jan 2010 00:40:40 +0000</customfieldvalue>

                        </customfieldvalues>
                    </customfield>
                                                                                                                                                                                                                                                                                                                                                                                                                                            <customfield id="customfield_12310420" key="com.pyxis.greenhopper.jira:gh-global-rank">
                        <customfieldname>Global Rank</customfieldname>
                        <customfieldvalues>
                            <customfieldvalue>73106</customfieldvalue>
                        </customfieldvalues>
                    </customfield>
                                                                <customfield id="customfield_12310191" key="com.atlassian.jira.plugin.system.customfieldtypes:multicheckboxes">
                        <customfieldname>Hadoop Flags</customfieldname>
                        <customfieldvalues>
                                <customfieldvalue key="10343"><![CDATA[Reviewed]]></customfieldvalue>
    
                        </customfieldvalues>
                    </customfield>
                                                                                                                        <customfield id="customfield_12312521" key="com.atlassian.jira.toolkit:LastCommentDate">
                        <customfieldname>Last public comment date</customfieldname>
                        <customfieldvalues>
                            6 years, 45 weeks, 2 days ago
                        </customfieldvalues>
                    </customfield>
                                                                                            <customfield id="customfield_12311820" key="com.pyxis.greenhopper.jira:gh-lexo-rank">
                        <customfieldname>Rank</customfieldname>
                        <customfieldvalues>
                            <customfieldvalue>0|i0lddj:</customfieldvalue>

                        </customfieldvalues>
                    </customfield>
                                                                <customfield id="customfield_12310920" key="com.pyxis.greenhopper.jira:gh-global-rank">
                        <customfieldname>Rank (Obsolete)</customfieldname>
                        <customfieldvalues>
                            <customfieldvalue>122817</customfieldvalue>
                        </customfieldvalues>
                    </customfield>
                                                                                                                                                                                                                                                                                                                            <customfield id="customfield_12310222" key="com.atlassian.jira.ext.charting:timeinstatus">
                        <customfieldname>Time in Status</customfieldname>
                        <customfieldvalues>
                            
                        </customfieldvalues>
                    </customfield>
                                                                                                                        </customfields>
    </item>
</channel>
</rss>