<!-- 
RSS generated by JIRA (6.3.4#6332-sha1:51bc225ef474afe3128b2f66878477f322397b16) at Fri Dec 02 05:02:31 UTC 2016

It is possible to restrict the fields that are returned in this document by specifying the 'field' parameter in your request.
For example, to request only the issue key and summary add field=key&field=summary to the URL of your request.
For example:
https://issues.apache.org/jira/si/jira.issueviews:issue-xml/HIVE-12318/HIVE-12318.xml?field=key&amp;field=summary
-->
<rss version="0.92" >
<channel>
    <title>ASF JIRA</title>
    <link>https://issues.apache.org/jira</link>
    <description>This file is an XML representation of an issue</description>
    <language>en-uk</language>    <build-info>
        <version>6.3.4</version>
        <build-number>6332</build-number>
        <build-date>15-08-2014</build-date>
    </build-info>

<item>
            <title>[HIVE-12318] qtest failing due to NPE in logStats</title>
                <link>https://issues.apache.org/jira/browse/HIVE-12318</link>
                <project id="12310843" key="HIVE">Hive</project>
                    <description>&lt;div class=&quot;preformatted panel&quot; style=&quot;border-width: 1px;&quot;&gt;&lt;div class=&quot;preformattedContent panelContent&quot;&gt;
&lt;pre&gt;Caused by: java.lang.NullPointerException
        at org.apache.hadoop.hive.ql.exec.Operator.logStats(Operator.java:899) ~
&lt;/pre&gt;
&lt;/div&gt;&lt;/div&gt;</description>
                <environment></environment>
        <key id="12909810">HIVE-12318</key>
            <summary>qtest failing due to NPE in logStats</summary>
                <type id="1" iconUrl="https://issues.apache.org/jira/images/icons/issuetypes/bug.png">Bug</type>
                                            <priority id="1" iconUrl="https://issues.apache.org/jira/images/icons/priorities/blocker.png">Blocker</priority>
                        <status id="6" iconUrl="https://issues.apache.org/jira/images/icons/statuses/closed.png" description="The issue is considered finished, the resolution is correct. Issues which are closed can be reopened.">Closed</status>
                    <statusCategory id="3" key="done" colorName="green"/>
                                    <resolution id="1">Fixed</resolution>
                                        <assignee username="jxiang">Jimmy Xiang</assignee>
                                    <reporter username="jxiang">Jimmy Xiang</reporter>
                        <labels>
                    </labels>
                <created>Mon, 2 Nov 2015 22:25:28 +0000</created>
                <updated>Tue, 16 Feb 2016 23:52:15 +0000</updated>
                            <resolved>Mon, 2 Nov 2015 23:41:28 +0000</resolved>
                                                    <fixVersion>2.0.0</fixVersion>
                                        <due></due>
                            <votes>0</votes>
                                    <watches>3</watches>
                                                                <comments>
                            <comment id="14986272" author="alangates" created="Mon, 2 Nov 2015 23:32:09 +0000"  >&lt;p&gt;+1 to getting this in ASAP.  I&apos;m seeing this affecting itest/hive-unit tests as well.&lt;/p&gt;

&lt;p&gt;This was introduced by commit 71da33a6a4e878914299616c7c9d5d2ea181b066, &lt;a href=&quot;https://issues.apache.org/jira/browse/HIVE-12295&quot; title=&quot;change some logs from info to debug&quot; class=&quot;issue-link&quot; data-issue-key=&quot;HIVE-12295&quot;&gt;&lt;del&gt;HIVE-12295&lt;/del&gt;&lt;/a&gt;&lt;/p&gt;</comment>
                            <comment id="14986278" author="sershe" created="Mon, 2 Nov 2015 23:34:06 +0000"  >&lt;p&gt;+1&lt;/p&gt;</comment>
                            <comment id="14986282" author="sershe" created="Mon, 2 Nov 2015 23:34:54 +0000"  >&lt;p&gt;Sorry, I didn&apos;t realize the HiveQA still hasn&apos;t run when committing.&lt;/p&gt;</comment>
                            <comment id="14986289" author="alangates" created="Mon, 2 Nov 2015 23:41:28 +0000"  >&lt;p&gt;Committed to master.&lt;/p&gt;</comment>
                            <comment id="14986324" author="jxiang" created="Tue, 3 Nov 2015 00:05:02 +0000"  >&lt;p&gt;Thanks for reviewing and committing it.&lt;/p&gt;</comment>
                    </comments>
                    <attachments>
                            <attachment id="12770177" name="HIVE-12318.1.patch" size="710" author="jxiang" created="Mon, 2 Nov 2015 22:30:19 +0000"/>
                    </attachments>
                <subtasks>
                    </subtasks>
                <customfields>
                                                <customfield id="customfield_12310310" key="com.atlassian.jira.toolkit:attachments">
                        <customfieldname>Attachment count</customfieldname>
                        <customfieldvalues>
                            <customfieldvalue>1.0</customfieldvalue>
                        </customfieldvalues>
                    </customfield>
                                                                                                                                                                                                                                                                                                                                                                                                                                                                                                                                <customfield id="customfield_12310220" key="com.atlassian.jira.ext.charting:firstresponsedate">
                        <customfieldname>Date of First Response</customfieldname>
                        <customfieldvalues>
                            <customfieldvalue>Mon, 2 Nov 2015 23:32:09 +0000</customfieldvalue>

                        </customfieldvalues>
                    </customfield>
                                                                                                                                                                                                                                                                                                                                                                                                                                            <customfield id="customfield_12310420" key="com.pyxis.greenhopper.jira:gh-global-rank">
                        <customfieldname>Global Rank</customfieldname>
                        <customfieldvalues>
                            <customfieldvalue>9223372036854775807</customfieldvalue>
                        </customfieldvalues>
                    </customfield>
                                                                                                                                                    <customfield id="customfield_12312521" key="com.atlassian.jira.toolkit:LastCommentDate">
                        <customfieldname>Last public comment date</customfieldname>
                        <customfieldvalues>
                            1 year, 4 weeks, 3 days ago
                        </customfieldvalues>
                    </customfield>
                                                                                            <customfield id="customfield_12311820" key="com.pyxis.greenhopper.jira:gh-lexo-rank">
                        <customfieldname>Rank</customfieldname>
                        <customfieldvalues>
                            <customfieldvalue>0|i2nuj3:</customfieldvalue>

                        </customfieldvalues>
                    </customfield>
                                                                <customfield id="customfield_12310920" key="com.pyxis.greenhopper.jira:gh-global-rank">
                        <customfieldname>Rank (Obsolete)</customfieldname>
                        <customfieldvalues>
                            <customfieldvalue>9223372036854775807</customfieldvalue>
                        </customfieldvalues>
                    </customfield>
                                                                                                                                                                                                                                                                                                                            <customfield id="customfield_12310222" key="com.atlassian.jira.ext.charting:timeinstatus">
                        <customfieldname>Time in Status</customfieldname>
                        <customfieldvalues>
                            
                        </customfieldvalues>
                    </customfield>
                                                                                                                        </customfields>
    </item>
</channel>
</rss>