<!-- 
RSS generated by JIRA (6.3.4#6332-sha1:51bc225ef474afe3128b2f66878477f322397b16) at Fri Dec 02 11:51:59 UTC 2016

It is possible to restrict the fields that are returned in this document by specifying the 'field' parameter in your request.
For example, to request only the issue key and summary add field=key&field=summary to the URL of your request.
For example:
https://issues.apache.org/jira/si/jira.issueviews:issue-xml/HIVE-12554/HIVE-12554.xml?field=key&amp;field=summary
-->
<rss version="0.92" >
<channel>
    <title>ASF JIRA</title>
    <link>https://issues.apache.org/jira</link>
    <description>This file is an XML representation of an issue</description>
    <language>en-uk</language>    <build-info>
        <version>6.3.4</version>
        <build-number>6332</build-number>
        <build-date>15-08-2014</build-date>
    </build-info>

<item>
            <title>[HIVE-12554] Fix Spark branch build after merge [Spark Branch]</title>
                <link>https://issues.apache.org/jira/browse/HIVE-12554</link>
                <project id="12310843" key="HIVE">Hive</project>
                    <description>&lt;p&gt;The previous merge from master broke spark branch build.&lt;/p&gt;</description>
                <environment></environment>
        <key id="12917263">HIVE-12554</key>
            <summary>Fix Spark branch build after merge [Spark Branch]</summary>
                <type id="1" iconUrl="https://issues.apache.org/jira/images/icons/issuetypes/bug.png">Bug</type>
                                            <priority id="3" iconUrl="https://issues.apache.org/jira/images/icons/priorities/major.png">Major</priority>
                        <status id="6" iconUrl="https://issues.apache.org/jira/images/icons/statuses/closed.png" description="The issue is considered finished, the resolution is correct. Issues which are closed can be reopened.">Closed</status>
                    <statusCategory id="3" key="done" colorName="green"/>
                                    <resolution id="1">Fixed</resolution>
                                        <assignee username="lirui">Rui Li</assignee>
                                    <reporter username="xuefuz">Xuefu Zhang</reporter>
                        <labels>
                    </labels>
                <created>Tue, 1 Dec 2015 14:44:24 +0000</created>
                <updated>Tue, 21 Jun 2016 15:52:57 +0000</updated>
                            <resolved>Tue, 1 Dec 2015 18:49:55 +0000</resolved>
                                    <version>spark-branch</version>
                                    <fixVersion>spark-branch</fixVersion>
                    <fixVersion>2.1.0</fixVersion>
                                    <component>Spark</component>
                        <due></due>
                            <votes>0</votes>
                                    <watches>2</watches>
                                                                <comments>
                            <comment id="15033789" author="xuefuz" created="Tue, 1 Dec 2015 14:46:36 +0000"  >&lt;p&gt;Patch was extracted from &lt;a href=&quot;https://issues.apache.org/jira/browse/HIVE-12515&quot; title=&quot;Clean the SparkCounters related code after remove counter based stats collection[Spark Branch]&quot; class=&quot;issue-link&quot; data-issue-key=&quot;HIVE-12515&quot;&gt;&lt;del&gt;HIVE-12515&lt;/del&gt;&lt;/a&gt;.&lt;/p&gt;</comment>
                            <comment id="15033795" author="xuefuz" created="Tue, 1 Dec 2015 14:47:48 +0000"  >&lt;p&gt;+1. Waiting for a test run.&lt;/p&gt;</comment>
                            <comment id="15034176" author="hiveqa" created="Tue, 1 Dec 2015 17:45:39 +0000"  >

&lt;p&gt;Here are the results of testing the latest attachment:&lt;br/&gt;
&lt;a href=&quot;https://issues.apache.org/jira/secure/attachment/12775038/HIVE-12554.0-spark.patch&quot; class=&quot;external-link&quot; rel=&quot;nofollow&quot;&gt;https://issues.apache.org/jira/secure/attachment/12775038/HIVE-12554.0-spark.patch&lt;/a&gt;&lt;/p&gt;

&lt;p&gt;&lt;font color=&quot;red&quot;&gt;ERROR:&lt;/font&gt; -1 due to no test(s) being added or modified.&lt;/p&gt;

&lt;p&gt;&lt;font color=&quot;red&quot;&gt;ERROR:&lt;/font&gt; -1 due to 4 failed/errored test(s), 9866 tests executed&lt;br/&gt;
&lt;b&gt;Failed tests:&lt;/b&gt;&lt;/p&gt;
&lt;div class=&quot;preformatted panel&quot; style=&quot;border-width: 1px;&quot;&gt;&lt;div class=&quot;preformattedContent panelContent&quot;&gt;
&lt;pre&gt;TestHWISessionManager - did not produce a TEST-*.xml file
org.apache.hadoop.hive.cli.TestNegativeCliDriver.testNegativeCliDriver_authorization_uri_import
org.apache.hadoop.hive.metastore.TestHiveMetaStorePartitionSpecs.testGetPartitionSpecs_WithAndWithoutPartitionGrouping
org.apache.hive.jdbc.TestSSL.testSSLVersion
&lt;/pre&gt;
&lt;/div&gt;&lt;/div&gt;

&lt;p&gt;Test results: &lt;a href=&quot;http://ec2-174-129-184-35.compute-1.amazonaws.com/jenkins/job/PreCommit-HIVE-SPARK-Build/1016/testReport&quot; class=&quot;external-link&quot; rel=&quot;nofollow&quot;&gt;http://ec2-174-129-184-35.compute-1.amazonaws.com/jenkins/job/PreCommit-HIVE-SPARK-Build/1016/testReport&lt;/a&gt;&lt;br/&gt;
Console output: &lt;a href=&quot;http://ec2-174-129-184-35.compute-1.amazonaws.com/jenkins/job/PreCommit-HIVE-SPARK-Build/1016/console&quot; class=&quot;external-link&quot; rel=&quot;nofollow&quot;&gt;http://ec2-174-129-184-35.compute-1.amazonaws.com/jenkins/job/PreCommit-HIVE-SPARK-Build/1016/console&lt;/a&gt;&lt;br/&gt;
Test logs: &lt;a href=&quot;http://ec2-50-18-27-0.us-west-1.compute.amazonaws.com/logs/PreCommit-HIVE-SPARK-Build-1016/&quot; class=&quot;external-link&quot; rel=&quot;nofollow&quot;&gt;http://ec2-50-18-27-0.us-west-1.compute.amazonaws.com/logs/PreCommit-HIVE-SPARK-Build-1016/&lt;/a&gt;&lt;/p&gt;

&lt;p&gt;Messages:&lt;/p&gt;
&lt;div class=&quot;preformatted panel&quot; style=&quot;border-width: 1px;&quot;&gt;&lt;div class=&quot;preformattedContent panelContent&quot;&gt;
&lt;pre&gt;Executing org.apache.hive.ptest.execution.TestCheckPhase
Executing org.apache.hive.ptest.execution.PrepPhase
Executing org.apache.hive.ptest.execution.ExecutionPhase
Executing org.apache.hive.ptest.execution.ReportingPhase
Tests exited with: TestsFailedException: 4 tests failed
&lt;/pre&gt;
&lt;/div&gt;&lt;/div&gt;

&lt;p&gt;This message is automatically generated.&lt;/p&gt;

&lt;p&gt;ATTACHMENT ID: 12775038 - PreCommit-HIVE-SPARK-Build&lt;/p&gt;</comment>
                            <comment id="15034343" author="xuefuz" created="Tue, 1 Dec 2015 18:49:55 +0000"  >&lt;p&gt;Committed to Spark branch. Thanks, Rui!&lt;/p&gt;</comment>
                            <comment id="15035069" author="lirui" created="Wed, 2 Dec 2015 01:27:25 +0000"  >&lt;p&gt;Thanks Xuefu for taking care of this.&lt;/p&gt;</comment>
                    </comments>
                    <attachments>
                            <attachment id="12775038" name="HIVE-12554.0-spark.patch" size="2654" author="xuefuz" created="Tue, 1 Dec 2015 14:46:36 +0000"/>
                    </attachments>
                <subtasks>
                    </subtasks>
                <customfields>
                                                <customfield id="customfield_12310310" key="com.atlassian.jira.toolkit:attachments">
                        <customfieldname>Attachment count</customfieldname>
                        <customfieldvalues>
                            <customfieldvalue>1.0</customfieldvalue>
                        </customfieldvalues>
                    </customfield>
                                                                                                                                                                                                                                                                                                                                                                                                                                                                                                                                <customfield id="customfield_12310220" key="com.atlassian.jira.ext.charting:firstresponsedate">
                        <customfieldname>Date of First Response</customfieldname>
                        <customfieldvalues>
                            <customfieldvalue>Tue, 1 Dec 2015 17:45:39 +0000</customfieldvalue>

                        </customfieldvalues>
                    </customfield>
                                                                                                                                                                                                                                                                                                                                                                                                                                            <customfield id="customfield_12310420" key="com.pyxis.greenhopper.jira:gh-global-rank">
                        <customfieldname>Global Rank</customfieldname>
                        <customfieldvalues>
                            <customfieldvalue>9223372036854775807</customfieldvalue>
                        </customfieldvalues>
                    </customfield>
                                                                                                                                                    <customfield id="customfield_12312521" key="com.atlassian.jira.toolkit:LastCommentDate">
                        <customfieldname>Last public comment date</customfieldname>
                        <customfieldvalues>
                            1 year, 2 days ago
                        </customfieldvalues>
                    </customfield>
                                                                                            <customfield id="customfield_12311820" key="com.pyxis.greenhopper.jira:gh-lexo-rank">
                        <customfieldname>Rank</customfieldname>
                        <customfieldvalues>
                            <customfieldvalue>0|i2p49r:</customfieldvalue>

                        </customfieldvalues>
                    </customfield>
                                                                <customfield id="customfield_12310920" key="com.pyxis.greenhopper.jira:gh-global-rank">
                        <customfieldname>Rank (Obsolete)</customfieldname>
                        <customfieldvalues>
                            <customfieldvalue>9223372036854775807</customfieldvalue>
                        </customfieldvalues>
                    </customfield>
                                                                                                                                                                                                                                                                    <customfield id="customfield_12310320" key="com.atlassian.jira.plugin.system.customfieldtypes:multiversion">
                        <customfieldname>Target Version/s</customfieldname>
                        <customfieldvalues>
                                <customfieldvalue>12327352</customfieldvalue>
    
                        </customfieldvalues>
                    </customfield>
                                                                                            <customfield id="customfield_12310222" key="com.atlassian.jira.ext.charting:timeinstatus">
                        <customfieldname>Time in Status</customfieldname>
                        <customfieldvalues>
                            
                        </customfieldvalues>
                    </customfield>
                                                                                                                        </customfields>
    </item>
</channel>
</rss>