<!-- 
RSS generated by JIRA (6.3.4#6332-sha1:51bc225ef474afe3128b2f66878477f322397b16) at Sat Dec 03 23:24:42 UTC 2016

It is possible to restrict the fields that are returned in this document by specifying the 'field' parameter in your request.
For example, to request only the issue key and summary add field=key&field=summary to the URL of your request.
For example:
https://issues.apache.org/jira/si/jira.issueviews:issue-xml/HIVE-12215/HIVE-12215.xml?field=key&amp;field=summary
-->
<rss version="0.92" >
<channel>
    <title>ASF JIRA</title>
    <link>https://issues.apache.org/jira</link>
    <description>This file is an XML representation of an issue</description>
    <language>en-uk</language>    <build-info>
        <version>6.3.4</version>
        <build-number>6332</build-number>
        <build-date>15-08-2014</build-date>
    </build-info>

<item>
            <title>[HIVE-12215] Exchange partition does not show outputs field for post/pre execute hooks</title>
                <link>https://issues.apache.org/jira/browse/HIVE-12215</link>
                <project id="12310843" key="HIVE">Hive</project>
                    <description>&lt;p&gt;The pre/post execute hook interface has fields that indicate which Hive objects were read / written to as a result of running the query. For the exchange partition operation, these fields (ReadEntity and WriteEntity) are empty. &lt;/p&gt;

&lt;p&gt;This is an important issue as the hook interface may be configured to perform critical warehouse operations.&lt;/p&gt;

&lt;p&gt;See&lt;/p&gt;
&lt;div class=&quot;preformatted panel&quot; style=&quot;border-width: 1px;&quot;&gt;&lt;div class=&quot;preformattedContent panelContent&quot;&gt;
&lt;pre&gt;ql/src/test/results/clientpositive/exchange_partition3.q.out
&lt;/pre&gt;
&lt;/div&gt;&lt;/div&gt;

&lt;div class=&quot;preformatted panel&quot; style=&quot;border-width: 1px;&quot;&gt;&lt;div class=&quot;preformattedContent panelContent&quot;&gt;
&lt;pre&gt;PREHOOK: query: -- This will exchange both partitions hr=1 and hr=2
ALTER TABLE exchange_part_test1 EXCHANGE PARTITION (ds=&apos;2013-04-05&apos;) WITH TABLE exchange_part_test2
PREHOOK: type: ALTERTABLE_EXCHANGEPARTITION
POSTHOOK: query: -- This will exchange both partitions hr=1 and hr=2
ALTER TABLE exchange_part_test1 EXCHANGE PARTITION (ds=&apos;2013-04-05&apos;) WITH TABLE exchange_part_test2
POSTHOOK: type: ALTERTABLE_EXCHANGEPARTITION
&lt;/pre&gt;
&lt;/div&gt;&lt;/div&gt;

&lt;p&gt;Seems it should also print output fields.&lt;/p&gt;</description>
                <environment></environment>
        <key id="12906044">HIVE-12215</key>
            <summary>Exchange partition does not show outputs field for post/pre execute hooks</summary>
                <type id="1" iconUrl="https://issues.apache.org/jira/images/icons/issuetypes/bug.png">Bug</type>
                                            <priority id="3" iconUrl="https://issues.apache.org/jira/images/icons/priorities/major.png">Major</priority>
                        <status id="6" iconUrl="https://issues.apache.org/jira/images/icons/statuses/closed.png" description="The issue is considered finished, the resolution is correct. Issues which are closed can be reopened.">Closed</status>
                    <statusCategory id="3" key="done" colorName="green"/>
                                    <resolution id="1">Fixed</resolution>
                                        <assignee username="aihuaxu">Aihua Xu</assignee>
                                    <reporter username="aihuaxu">Aihua Xu</reporter>
                        <labels>
                    </labels>
                <created>Mon, 19 Oct 2015 19:24:35 +0000</created>
                <updated>Tue, 16 Feb 2016 23:49:50 +0000</updated>
                            <resolved>Mon, 2 Nov 2015 17:22:56 +0000</resolved>
                                    <version>2.0.0</version>
                                    <fixVersion>1.3.0</fixVersion>
                    <fixVersion>2.0.0</fixVersion>
                                    <component>Query Processor</component>
                        <due></due>
                            <votes>0</votes>
                                    <watches>5</watches>
                                                                <comments>
                            <comment id="14979241" author="aihuaxu" created="Wed, 28 Oct 2015 21:11:48 +0000"  >&lt;p&gt;For the query &quot;exchange partition&quot; to provide OUTPUT, the command needs to return affected partitions which is missing. Added a new thrift call &quot;exchange_partitions&quot; and set the outputs.&lt;/p&gt;</comment>
                            <comment id="14980180" author="hiveqa" created="Thu, 29 Oct 2015 09:59:56 +0000"  >

&lt;p&gt;Here are the results of testing the latest attachment:&lt;br/&gt;
&lt;a href=&quot;https://issues.apache.org/jira/secure/attachment/12769402/HIVE-12215.patch&quot; class=&quot;external-link&quot; rel=&quot;nofollow&quot;&gt;https://issues.apache.org/jira/secure/attachment/12769402/HIVE-12215.patch&lt;/a&gt;&lt;/p&gt;

&lt;p&gt;&lt;font color=&quot;red&quot;&gt;ERROR:&lt;/font&gt; -1 due to no test(s) being added or modified.&lt;/p&gt;

&lt;p&gt;&lt;font color=&quot;red&quot;&gt;ERROR:&lt;/font&gt; -1 due to 4 failed/errored test(s), 9732 tests executed&lt;br/&gt;
&lt;b&gt;Failed tests:&lt;/b&gt;&lt;/p&gt;
&lt;div class=&quot;preformatted panel&quot; style=&quot;border-width: 1px;&quot;&gt;&lt;div class=&quot;preformattedContent panelContent&quot;&gt;
&lt;pre&gt;org.apache.hadoop.hive.cli.TestHBaseCliDriver.testCliDriver_hbase_queries
org.apache.hadoop.hive.cli.TestMinimrCliDriver.testCliDriver_exchgpartition2lel
org.apache.hadoop.hive.hwi.TestHWISessionManager.testHiveDriver
org.apache.hive.jdbc.TestSSL.testSSLVersion
&lt;/pre&gt;
&lt;/div&gt;&lt;/div&gt;

&lt;p&gt;Test results: &lt;a href=&quot;http://ec2-174-129-184-35.compute-1.amazonaws.com/jenkins/job/PreCommit-HIVE-TRUNK-Build/5845/testReport&quot; class=&quot;external-link&quot; rel=&quot;nofollow&quot;&gt;http://ec2-174-129-184-35.compute-1.amazonaws.com/jenkins/job/PreCommit-HIVE-TRUNK-Build/5845/testReport&lt;/a&gt;&lt;br/&gt;
Console output: &lt;a href=&quot;http://ec2-174-129-184-35.compute-1.amazonaws.com/jenkins/job/PreCommit-HIVE-TRUNK-Build/5845/console&quot; class=&quot;external-link&quot; rel=&quot;nofollow&quot;&gt;http://ec2-174-129-184-35.compute-1.amazonaws.com/jenkins/job/PreCommit-HIVE-TRUNK-Build/5845/console&lt;/a&gt;&lt;br/&gt;
Test logs: &lt;a href=&quot;http://ec2-174-129-184-35.compute-1.amazonaws.com/logs/PreCommit-HIVE-TRUNK-Build-5845/&quot; class=&quot;external-link&quot; rel=&quot;nofollow&quot;&gt;http://ec2-174-129-184-35.compute-1.amazonaws.com/logs/PreCommit-HIVE-TRUNK-Build-5845/&lt;/a&gt;&lt;/p&gt;

&lt;p&gt;Messages:&lt;/p&gt;
&lt;div class=&quot;preformatted panel&quot; style=&quot;border-width: 1px;&quot;&gt;&lt;div class=&quot;preformattedContent panelContent&quot;&gt;
&lt;pre&gt;Executing org.apache.hive.ptest.execution.TestCheckPhase
Executing org.apache.hive.ptest.execution.PrepPhase
Executing org.apache.hive.ptest.execution.ExecutionPhase
Executing org.apache.hive.ptest.execution.ReportingPhase
Tests exited with: TestsFailedException: 4 tests failed
&lt;/pre&gt;
&lt;/div&gt;&lt;/div&gt;

&lt;p&gt;This message is automatically generated.&lt;/p&gt;

&lt;p&gt;ATTACHMENT ID: 12769402 - PreCommit-HIVE-TRUNK-Build&lt;/p&gt;</comment>
                            <comment id="14980595" author="aihuaxu" created="Thu, 29 Oct 2015 15:11:31 +0000"  >&lt;p&gt;Update the unit test for exchgpartition2lel.q. Other failures are not related.&lt;/p&gt;</comment>
                            <comment id="14982260" author="hiveqa" created="Fri, 30 Oct 2015 09:53:32 +0000"  >

&lt;p&gt;Here are the results of testing the latest attachment:&lt;br/&gt;
&lt;a href=&quot;https://issues.apache.org/jira/secure/attachment/12769547/HIVE-12215.2.patch&quot; class=&quot;external-link&quot; rel=&quot;nofollow&quot;&gt;https://issues.apache.org/jira/secure/attachment/12769547/HIVE-12215.2.patch&lt;/a&gt;&lt;/p&gt;

&lt;p&gt;&lt;font color=&quot;red&quot;&gt;ERROR:&lt;/font&gt; -1 due to no test(s) being added or modified.&lt;/p&gt;

&lt;p&gt;&lt;font color=&quot;red&quot;&gt;ERROR:&lt;/font&gt; -1 due to 5 failed/errored test(s), 9734 tests executed&lt;br/&gt;
&lt;b&gt;Failed tests:&lt;/b&gt;&lt;/p&gt;
&lt;div class=&quot;preformatted panel&quot; style=&quot;border-width: 1px;&quot;&gt;&lt;div class=&quot;preformattedContent panelContent&quot;&gt;
&lt;pre&gt;org.apache.hadoop.hive.cli.TestCliDriver.testCliDriver_vectorized_parquet_types
org.apache.hadoop.hive.cli.TestHBaseCliDriver.testCliDriver_hbase_queries
org.apache.hadoop.hive.cli.TestNegativeCliDriver.testNegativeCliDriver_authorization_uri_import
org.apache.hadoop.hive.hwi.TestHWISessionManager.testHiveDriver
org.apache.hive.jdbc.TestSSL.testSSLVersion
&lt;/pre&gt;
&lt;/div&gt;&lt;/div&gt;

&lt;p&gt;Test results: &lt;a href=&quot;http://ec2-174-129-184-35.compute-1.amazonaws.com/jenkins/job/PreCommit-HIVE-TRUNK-Build/5860/testReport&quot; class=&quot;external-link&quot; rel=&quot;nofollow&quot;&gt;http://ec2-174-129-184-35.compute-1.amazonaws.com/jenkins/job/PreCommit-HIVE-TRUNK-Build/5860/testReport&lt;/a&gt;&lt;br/&gt;
Console output: &lt;a href=&quot;http://ec2-174-129-184-35.compute-1.amazonaws.com/jenkins/job/PreCommit-HIVE-TRUNK-Build/5860/console&quot; class=&quot;external-link&quot; rel=&quot;nofollow&quot;&gt;http://ec2-174-129-184-35.compute-1.amazonaws.com/jenkins/job/PreCommit-HIVE-TRUNK-Build/5860/console&lt;/a&gt;&lt;br/&gt;
Test logs: &lt;a href=&quot;http://ec2-174-129-184-35.compute-1.amazonaws.com/logs/PreCommit-HIVE-TRUNK-Build-5860/&quot; class=&quot;external-link&quot; rel=&quot;nofollow&quot;&gt;http://ec2-174-129-184-35.compute-1.amazonaws.com/logs/PreCommit-HIVE-TRUNK-Build-5860/&lt;/a&gt;&lt;/p&gt;

&lt;p&gt;Messages:&lt;/p&gt;
&lt;div class=&quot;preformatted panel&quot; style=&quot;border-width: 1px;&quot;&gt;&lt;div class=&quot;preformattedContent panelContent&quot;&gt;
&lt;pre&gt;Executing org.apache.hive.ptest.execution.TestCheckPhase
Executing org.apache.hive.ptest.execution.PrepPhase
Executing org.apache.hive.ptest.execution.ExecutionPhase
Executing org.apache.hive.ptest.execution.ReportingPhase
Tests exited with: TestsFailedException: 5 tests failed
&lt;/pre&gt;
&lt;/div&gt;&lt;/div&gt;

&lt;p&gt;This message is automatically generated.&lt;/p&gt;

&lt;p&gt;ATTACHMENT ID: 12769547 - PreCommit-HIVE-TRUNK-Build&lt;/p&gt;</comment>
                            <comment id="14982982" author="aihuaxu" created="Fri, 30 Oct 2015 18:03:25 +0000"  >&lt;p&gt;&lt;a href=&quot;https://issues.apache.org/jira/secure/ViewProfile.jspa?name=xuefuz&quot; class=&quot;user-hover&quot; rel=&quot;xuefuz&quot;&gt;Xuefu Zhang&lt;/a&gt;, &lt;a href=&quot;https://issues.apache.org/jira/secure/ViewProfile.jspa?name=szehon&quot; class=&quot;user-hover&quot; rel=&quot;szehon&quot;&gt;Szehon Ho&lt;/a&gt; and &lt;a href=&quot;https://issues.apache.org/jira/secure/ViewProfile.jspa?name=jxiang&quot; class=&quot;user-hover&quot; rel=&quot;jxiang&quot;&gt;Jimmy Xiang&lt;/a&gt; Can you help review the code? The test failures above are not related.&lt;/p&gt;</comment>
                            <comment id="14983264" author="xuefuz" created="Fri, 30 Oct 2015 20:37:40 +0000"  >&lt;p&gt;+1 Patch looks good. There is a trailing space/tab, removal of which would be nice.&lt;/p&gt;</comment>
                            <comment id="14983523" author="aihuaxu" created="Fri, 30 Oct 2015 22:42:50 +0000"  >&lt;p&gt;Thanks for reviewing. Attached the new patch which removes the extra space. &lt;/p&gt;</comment>
                            <comment id="14984011" author="hiveqa" created="Sat, 31 Oct 2015 14:38:27 +0000"  >

&lt;p&gt;Here are the results of testing the latest attachment:&lt;br/&gt;
&lt;a href=&quot;https://issues.apache.org/jira/secure/attachment/12769887/HIVE-12215.3.patch&quot; class=&quot;external-link&quot; rel=&quot;nofollow&quot;&gt;https://issues.apache.org/jira/secure/attachment/12769887/HIVE-12215.3.patch&lt;/a&gt;&lt;/p&gt;

&lt;p&gt;&lt;font color=&quot;red&quot;&gt;ERROR:&lt;/font&gt; -1 due to no test(s) being added or modified.&lt;/p&gt;

&lt;p&gt;&lt;font color=&quot;red&quot;&gt;ERROR:&lt;/font&gt; -1 due to 4 failed/errored test(s), 9745 tests executed&lt;br/&gt;
&lt;b&gt;Failed tests:&lt;/b&gt;&lt;/p&gt;
&lt;div class=&quot;preformatted panel&quot; style=&quot;border-width: 1px;&quot;&gt;&lt;div class=&quot;preformattedContent panelContent&quot;&gt;
&lt;pre&gt;org.apache.hadoop.hive.cli.TestHBaseCliDriver.testCliDriver_hbase_queries
org.apache.hadoop.hive.cli.TestNegativeCliDriver.testNegativeCliDriver_authorization_uri_import
org.apache.hadoop.hive.hwi.TestHWISessionManager.testHiveDriver
org.apache.hive.jdbc.TestSSL.testSSLVersion
&lt;/pre&gt;
&lt;/div&gt;&lt;/div&gt;

&lt;p&gt;Test results: &lt;a href=&quot;http://ec2-174-129-184-35.compute-1.amazonaws.com/jenkins/job/PreCommit-HIVE-TRUNK-Build/5877/testReport&quot; class=&quot;external-link&quot; rel=&quot;nofollow&quot;&gt;http://ec2-174-129-184-35.compute-1.amazonaws.com/jenkins/job/PreCommit-HIVE-TRUNK-Build/5877/testReport&lt;/a&gt;&lt;br/&gt;
Console output: &lt;a href=&quot;http://ec2-174-129-184-35.compute-1.amazonaws.com/jenkins/job/PreCommit-HIVE-TRUNK-Build/5877/console&quot; class=&quot;external-link&quot; rel=&quot;nofollow&quot;&gt;http://ec2-174-129-184-35.compute-1.amazonaws.com/jenkins/job/PreCommit-HIVE-TRUNK-Build/5877/console&lt;/a&gt;&lt;br/&gt;
Test logs: &lt;a href=&quot;http://ec2-174-129-184-35.compute-1.amazonaws.com/logs/PreCommit-HIVE-TRUNK-Build-5877/&quot; class=&quot;external-link&quot; rel=&quot;nofollow&quot;&gt;http://ec2-174-129-184-35.compute-1.amazonaws.com/logs/PreCommit-HIVE-TRUNK-Build-5877/&lt;/a&gt;&lt;/p&gt;

&lt;p&gt;Messages:&lt;/p&gt;
&lt;div class=&quot;preformatted panel&quot; style=&quot;border-width: 1px;&quot;&gt;&lt;div class=&quot;preformattedContent panelContent&quot;&gt;
&lt;pre&gt;Executing org.apache.hive.ptest.execution.TestCheckPhase
Executing org.apache.hive.ptest.execution.PrepPhase
Executing org.apache.hive.ptest.execution.ExecutionPhase
Executing org.apache.hive.ptest.execution.ReportingPhase
Tests exited with: TestsFailedException: 4 tests failed
&lt;/pre&gt;
&lt;/div&gt;&lt;/div&gt;

&lt;p&gt;This message is automatically generated.&lt;/p&gt;

&lt;p&gt;ATTACHMENT ID: 12769887 - PreCommit-HIVE-TRUNK-Build&lt;/p&gt;</comment>
                            <comment id="14984230" author="aihuaxu" created="Sun, 1 Nov 2015 01:39:10 +0000"  >&lt;p&gt;Tests are not related to the change.&lt;/p&gt;</comment>
                            <comment id="14985572" author="csun" created="Mon, 2 Nov 2015 17:22:56 +0000"  >&lt;p&gt;Committed to the master branch. Thanks Aihua for the patch and Xuefu for the review.&lt;/p&gt;</comment>
                            <comment id="15001522" author="sershe" created="Thu, 12 Nov 2015 02:12:14 +0000"  >&lt;p&gt;Should this issue be backported to branch-1? It looks like a bug.&lt;/p&gt;</comment>
                            <comment id="15002856" author="aihuaxu" created="Thu, 12 Nov 2015 20:22:36 +0000"  >&lt;p&gt;Yeah. It should be backported to branch-1.&lt;/p&gt;</comment>
                            <comment id="15093227" author="pauly" created="Tue, 12 Jan 2016 03:31:39 +0000"  >&lt;p&gt;I noticed from test query logs that the inputs are empty - shouldn&apos;t it contain the source partition? That is, the read entity should be populated along with the write entity. Otherwise, it would not be possible to tell from which partition it was exchanged from.&lt;/p&gt;</comment>
                            <comment id="15096237" author="aihuaxu" created="Wed, 13 Jan 2016 14:13:16 +0000"  >&lt;p&gt;&lt;a href=&quot;https://issues.apache.org/jira/secure/ViewProfile.jspa?name=pauly&quot; class=&quot;user-hover&quot; rel=&quot;pauly&quot;&gt;Paul Yang&lt;/a&gt; Can you file a new jira to add the support of showing read entity?&lt;/p&gt;</comment>
                            <comment id="15096306" author="aihuaxu" created="Wed, 13 Jan 2016 15:04:37 +0000"  >&lt;p&gt;Attach branch code change. Committed to branch1.&lt;/p&gt;</comment>
                            <comment id="15096839" author="pauly" created="Wed, 13 Jan 2016 19:24:34 +0000"  >&lt;p&gt;Thanks Aihua for previous work on this! I&apos;ve filed the JIRA as &lt;a href=&quot;https://issues.apache.org/jira/browse/HIVE-12865&quot; title=&quot;Exchange partition does not show inputs field for post/pre execute hooks&quot; class=&quot;issue-link&quot; data-issue-key=&quot;HIVE-12865&quot;&gt;&lt;del&gt;HIVE-12865&lt;/del&gt;&lt;/a&gt;&lt;/p&gt;</comment>
                            <comment id="15096850" author="aihuaxu" created="Wed, 13 Jan 2016 19:33:04 +0000"  >&lt;p&gt;Thanks. I will take a look at that.&lt;/p&gt;</comment>
                    </comments>
                <issuelinks>
                            <issuelinktype id="10030">
                    <name>Reference</name>
                                            <outwardlinks description="relates to">
                                        <issuelink>
            <issuekey id="12856018">HIVE-11554</issuekey>
        </issuelink>
                            </outwardlinks>
                                                        </issuelinktype>
                    </issuelinks>
                <attachments>
                            <attachment id="12769547" name="HIVE-12215.2.patch" size="553277" author="aihuaxu" created="Thu, 29 Oct 2015 15:10:43 +0000"/>
                            <attachment id="12769887" name="HIVE-12215.3.patch" size="553276" author="aihuaxu" created="Fri, 30 Oct 2015 22:42:18 +0000"/>
                            <attachment id="12769402" name="HIVE-12215.patch" size="551169" author="aihuaxu" created="Wed, 28 Oct 2015 21:09:40 +0000"/>
                            <attachment id="12782064" name="HIVE-12215.patch.branch1" size="547419" author="aihuaxu" created="Wed, 13 Jan 2016 15:04:37 +0000"/>
                    </attachments>
                <subtasks>
                    </subtasks>
                <customfields>
                                                <customfield id="customfield_12310310" key="com.atlassian.jira.toolkit:attachments">
                        <customfieldname>Attachment count</customfieldname>
                        <customfieldvalues>
                            <customfieldvalue>4.0</customfieldvalue>
                        </customfieldvalues>
                    </customfield>
                                                                                                                                                                                                                                                                                                                                                                                                                                                                                                                                <customfield id="customfield_12310220" key="com.atlassian.jira.ext.charting:firstresponsedate">
                        <customfieldname>Date of First Response</customfieldname>
                        <customfieldvalues>
                            <customfieldvalue>Thu, 29 Oct 2015 09:59:56 +0000</customfieldvalue>

                        </customfieldvalues>
                    </customfield>
                                                                                                                                                                                                                                                                                                                                                                                                                                            <customfield id="customfield_12310420" key="com.pyxis.greenhopper.jira:gh-global-rank">
                        <customfieldname>Global Rank</customfieldname>
                        <customfieldvalues>
                            <customfieldvalue>9223372036854775807</customfieldvalue>
                        </customfieldvalues>
                    </customfield>
                                                                                                                                                    <customfield id="customfield_12312521" key="com.atlassian.jira.toolkit:LastCommentDate">
                        <customfieldname>Last public comment date</customfieldname>
                        <customfieldvalues>
                            46 weeks, 3 days ago
                        </customfieldvalues>
                    </customfield>
                                                                                            <customfield id="customfield_12311820" key="com.pyxis.greenhopper.jira:gh-lexo-rank">
                        <customfieldname>Rank</customfieldname>
                        <customfieldvalues>
                            <customfieldvalue>0|i2n7cf:</customfieldvalue>

                        </customfieldvalues>
                    </customfield>
                                                                <customfield id="customfield_12310920" key="com.pyxis.greenhopper.jira:gh-global-rank">
                        <customfieldname>Rank (Obsolete)</customfieldname>
                        <customfieldvalues>
                            <customfieldvalue>9223372036854775807</customfieldvalue>
                        </customfieldvalues>
                    </customfield>
                                                                                                                                                                                                                                                                                                                            <customfield id="customfield_12310222" key="com.atlassian.jira.ext.charting:timeinstatus">
                        <customfieldname>Time in Status</customfieldname>
                        <customfieldvalues>
                            
                        </customfieldvalues>
                    </customfield>
                                                                                                                        </customfields>
    </item>
</channel>
</rss>