<!-- 
RSS generated by JIRA (6.3.4#6332-sha1:51bc225ef474afe3128b2f66878477f322397b16) at Fri Dec 02 12:01:39 UTC 2016

It is possible to restrict the fields that are returned in this document by specifying the 'field' parameter in your request.
For example, to request only the issue key and summary add field=key&field=summary to the URL of your request.
For example:
https://issues.apache.org/jira/si/jira.issueviews:issue-xml/HIVE-12551/HIVE-12551.xml?field=key&amp;field=summary
-->
<rss version="0.92" >
<channel>
    <title>ASF JIRA</title>
    <link>https://issues.apache.org/jira</link>
    <description>This file is an XML representation of an issue</description>
    <language>en-uk</language>    <build-info>
        <version>6.3.4</version>
        <build-number>6332</build-number>
        <build-date>15-08-2014</build-date>
    </build-info>

<item>
            <title>[HIVE-12551] Fix several kryo exceptions in branch-1</title>
                <link>https://issues.apache.org/jira/browse/HIVE-12551</link>
                <project id="12310843" key="HIVE">Hive</project>
                    <description>&lt;p&gt;&lt;a href=&quot;https://issues.apache.org/jira/browse/HIVE-11519&quot; title=&quot;kryo.KryoException: Encountered unregistered&quot; class=&quot;issue-link&quot; data-issue-key=&quot;HIVE-11519&quot;&gt;HIVE-11519&lt;/a&gt;, &lt;a href=&quot;https://issues.apache.org/jira/browse/HIVE-12174&quot; title=&quot;Error: java.lang.RuntimeException: org.apache.hive.com.esotericsoftware.kryo.KryoException: java.lang.IndexOutOfBoundsException: Index: 112, Size: 11&quot; class=&quot;issue-link&quot; data-issue-key=&quot;HIVE-12174&quot;&gt;HIVE-12174&lt;/a&gt; and the following exception are all caused by unregistered classes or serializers. &lt;a href=&quot;https://issues.apache.org/jira/browse/HIVE-12175&quot; title=&quot;Upgrade Kryo version to 3.0.x&quot; class=&quot;issue-link&quot; data-issue-key=&quot;HIVE-12175&quot;&gt;&lt;del&gt;HIVE-12175&lt;/del&gt;&lt;/a&gt; should have fixed these issues for master branch.&lt;/p&gt;

&lt;div class=&quot;code panel&quot; style=&quot;border-width: 1px;&quot;&gt;&lt;div class=&quot;codeContent panelContent&quot;&gt;
&lt;pre class=&quot;code-java&quot;&gt;
Caused by: org.apache.hive.com.esotericsoftware.kryo.KryoException: java.lang.NullPointerException
Serialization trace:
chidren (org.apache.hadoop.hive.ql.plan.ExprNodeGenericFuncDesc)
expr (org.apache.hadoop.hive.ql.exec.vector.udf.VectorUDFAdaptor)
childExpressions (org.apache.hadoop.hive.ql.exec.vector.expressions.gen.FilterStringColumnBetween)
conditionEvaluator (org.apache.hadoop.hive.ql.exec.vector.VectorFilterOperator)
childOperators (org.apache.hadoop.hive.ql.exec.TableScanOperator)
aliasToWork (org.apache.hadoop.hive.ql.plan.MapWork)
	at org.apache.hive.com.esotericsoftware.kryo.serializers.ObjectField.read(ObjectField.java:125)
	at org.apache.hive.com.esotericsoftware.kryo.serializers.FieldSerializer.read(FieldSerializer.java:507)
	at org.apache.hive.com.esotericsoftware.kryo.Kryo.readObject(Kryo.java:694)
	at org.apache.hive.com.esotericsoftware.kryo.serializers.ObjectField.read(ObjectField.java:106)
	at org.apache.hive.com.esotericsoftware.kryo.serializers.FieldSerializer.read(FieldSerializer.java:507)
	at org.apache.hive.com.esotericsoftware.kryo.Kryo.readObject(Kryo.java:694)
	at org.apache.hive.com.esotericsoftware.kryo.serializers.DefaultArraySerializers$ObjectArraySerializer.read(DefaultArraySerializers.java:367)
	at org.apache.hive.com.esotericsoftware.kryo.serializers.DefaultArraySerializers$ObjectArraySerializer.read(DefaultArraySerializers.java:276)
	at org.apache.hive.com.esotericsoftware.kryo.Kryo.readObject(Kryo.java:694)
	at org.apache.hive.com.esotericsoftware.kryo.serializers.ObjectField.read(ObjectField.java:106)
	at org.apache.hive.com.esotericsoftware.kryo.serializers.FieldSerializer.read(FieldSerializer.java:507)
	at org.apache.hive.com.esotericsoftware.kryo.Kryo.readObject(Kryo.java:694)
	at org.apache.hive.com.esotericsoftware.kryo.serializers.ObjectField.read(ObjectField.java:106)
	at org.apache.hive.com.esotericsoftware.kryo.serializers.FieldSerializer.read(FieldSerializer.java:507)
	at org.apache.hive.com.esotericsoftware.kryo.Kryo.readClassAndObject(Kryo.java:776)
	at org.apache.hive.com.esotericsoftware.kryo.serializers.CollectionSerializer.read(CollectionSerializer.java:112)
	at org.apache.hive.com.esotericsoftware.kryo.serializers.CollectionSerializer.read(CollectionSerializer.java:18)
	at org.apache.hive.com.esotericsoftware.kryo.Kryo.readObject(Kryo.java:694)
	at org.apache.hive.com.esotericsoftware.kryo.serializers.ObjectField.read(ObjectField.java:106)
	at org.apache.hive.com.esotericsoftware.kryo.serializers.FieldSerializer.read(FieldSerializer.java:507)
	at org.apache.hive.com.esotericsoftware.kryo.Kryo.readClassAndObject(Kryo.java:776)
	at org.apache.hive.com.esotericsoftware.kryo.serializers.MapSerializer.read(MapSerializer.java:139)
	at org.apache.hive.com.esotericsoftware.kryo.serializers.MapSerializer.read(MapSerializer.java:17)
	at org.apache.hive.com.esotericsoftware.kryo.Kryo.readObject(Kryo.java:694)
	at org.apache.hive.com.esotericsoftware.kryo.serializers.ObjectField.read(ObjectField.java:106)
	at org.apache.hive.com.esotericsoftware.kryo.serializers.FieldSerializer.read(FieldSerializer.java:507)
	at org.apache.hive.com.esotericsoftware.kryo.Kryo.readObject(Kryo.java:672)
	at org.apache.hadoop.hive.ql.exec.Utilities.deserializeObjectByKryo(Utilities.java:1087)
	at org.apache.hadoop.hive.ql.exec.Utilities.deserializePlan(Utilities.java:976)
	at org.apache.hadoop.hive.ql.exec.Utilities.deserializePlan(Utilities.java:990)
	at org.apache.hadoop.hive.ql.exec.Utilities.getBaseWork(Utilities.java:426)
	... 27 more
Caused by: java.lang.NullPointerException
	at java.util.Arrays$ArrayList.size(Arrays.java:3818)
	at java.util.AbstractList.add(AbstractList.java:108)
	at org.apache.hive.com.esotericsoftware.kryo.serializers.CollectionSerializer.read(CollectionSerializer.java:112)
	at org.apache.hive.com.esotericsoftware.kryo.serializers.CollectionSerializer.read(CollectionSerializer.java:18)
	at org.apache.hive.com.esotericsoftware.kryo.Kryo.readObject(Kryo.java:694)
	at org.apache.hive.com.esotericsoftware.kryo.serializers.ObjectField.read(ObjectField.java:106)
	... 57 more

&lt;/pre&gt;
&lt;/div&gt;&lt;/div&gt;</description>
                <environment></environment>
        <key id="12917186">HIVE-12551</key>
            <summary>Fix several kryo exceptions in branch-1</summary>
                <type id="1" iconUrl="https://issues.apache.org/jira/images/icons/issuetypes/bug.png">Bug</type>
                                            <priority id="3" iconUrl="https://issues.apache.org/jira/images/icons/priorities/major.png">Major</priority>
                        <status id="5" iconUrl="https://issues.apache.org/jira/images/icons/statuses/resolved.png" description="A resolution has been taken, and it is awaiting verification by reporter. From here issues are either reopened, or are closed.">Resolved</status>
                    <statusCategory id="3" key="done" colorName="green"/>
                                    <resolution id="1">Fixed</resolution>
                                        <assignee username="prasanth_j">Prasanth Jayachandran</assignee>
                                    <reporter username="prasanth_j">Prasanth Jayachandran</reporter>
                        <labels>
                            <label>serialization</label>
                    </labels>
                <created>Tue, 1 Dec 2015 08:50:46 +0000</created>
                <updated>Tue, 11 Oct 2016 21:01:55 +0000</updated>
                            <resolved>Tue, 1 Dec 2015 21:26:17 +0000</resolved>
                                    <version>1.3.0</version>
                                    <fixVersion>1.3.0</fixVersion>
                                        <due></due>
                            <votes>0</votes>
                                    <watches>6</watches>
                                                                <comments>
                            <comment id="15033375" author="prasanth_j" created="Tue, 1 Dec 2015 09:12:15 +0000"  >&lt;p&gt;&lt;a href=&quot;https://issues.apache.org/jira/secure/ViewProfile.jspa?name=ashutoshc&quot; class=&quot;user-hover&quot; rel=&quot;ashutoshc&quot;&gt;Ashutosh Chauhan&lt;/a&gt; Can you take a look at this patch? This is same as &lt;a href=&quot;https://issues.apache.org/jira/browse/HIVE-12175&quot; title=&quot;Upgrade Kryo version to 3.0.x&quot; class=&quot;issue-link&quot; data-issue-key=&quot;HIVE-12175&quot;&gt;&lt;del&gt;HIVE-12175&lt;/del&gt;&lt;/a&gt; except it does not update the version + it has a test case. Since its a branch-1 patch we don&apos;t run precommit tests. &lt;/p&gt;</comment>
                            <comment id="15034543" author="sershe" created="Tue, 1 Dec 2015 20:48:11 +0000"  >&lt;p&gt;Hmm.. wouldn&apos;t it be simpler to get rid of the bogus ArrayList? Other than that +1&lt;/p&gt;</comment>
                            <comment id="15034608" author="prasanth_j" created="Tue, 1 Dec 2015 21:26:17 +0000"  >&lt;p&gt;Committed to branch-1&lt;/p&gt;</comment>
                            <comment id="15047815" author="feng yuan" created="Wed, 9 Dec 2015 01:13:19 +0000"  >&lt;p&gt;hi &lt;a href=&quot;https://issues.apache.org/jira/secure/ViewProfile.jspa?name=prasanth_j&quot; class=&quot;user-hover&quot; rel=&quot;prasanth_j&quot;&gt;Prasanth Jayachandran&lt;/a&gt;,i try to get down the newest src from branch-1 in github and try my hql,but still meet the issue:&lt;br/&gt;
which: no hbase in (/opt/java/:/opt/hadoop/hadoop-2.6.0/bin:/opt/Python-2.7/bin:/opt/java/bin:/usr/local/bin:/bin:/usr/bin:/usr/local/sbin:/usr/sbin:/sbin:/opt/Ice-3.3/bin:/opt/dell/srvadmin/bin:/opt/hadoop/hadoop-2.6.0/bin:/opt/hadoop/hadoop-2.6.0/sbin:/opt/hadoop/bin)&lt;/p&gt;

&lt;p&gt;Logging initialized using configuration in jar:&lt;a href=&quot;file:/opt/hadoop/yuanfeng/apache-hive-1.3.0-SNAPSHOT-bin/lib/hive-common-1.3.0-SNAPSHOT.jar!/hive-log4j.properties&quot; class=&quot;external-link&quot; rel=&quot;nofollow&quot;&gt;file:/opt/hadoop/yuanfeng/apache-hive-1.3.0-SNAPSHOT-bin/lib/hive-common-1.3.0-SNAPSHOT.jar!/hive-log4j.properties&lt;/a&gt;&lt;br/&gt;
SLF4J: Class path contains multiple SLF4J bindings.&lt;br/&gt;
SLF4J: Found binding in &lt;span class=&quot;error&quot;&gt;&amp;#91;jar:file:/opt/hadoop/hadoop-2.6.0/share/hadoop/common/lib/slf4j-log4j12-1.7.5.jar!/org/slf4j/impl/StaticLoggerBinder.class&amp;#93;&lt;/span&gt;&lt;br/&gt;
SLF4J: Found binding in &lt;span class=&quot;error&quot;&gt;&amp;#91;jar:file:/opt/hadoop/hadoop-2.6.0/lib/tez-0.5.2/lib/slf4j-log4j12-1.7.5.jar!/org/slf4j/impl/StaticLoggerBinder.class&amp;#93;&lt;/span&gt;&lt;br/&gt;
SLF4J: See &lt;a href=&quot;http://www.slf4j.org/codes.html#multiple_bindings&quot; class=&quot;external-link&quot; rel=&quot;nofollow&quot;&gt;http://www.slf4j.org/codes.html#multiple_bindings&lt;/a&gt; for an explanation.&lt;br/&gt;
SLF4J: Actual binding is of type &lt;span class=&quot;error&quot;&gt;&amp;#91;org.slf4j.impl.Log4jLoggerFactory&amp;#93;&lt;/span&gt;&lt;br/&gt;
Query ID = hadoop_20151208181528_d346dc26-18fb-4267-93e4-34c79f6759bd&lt;br/&gt;
Total jobs = 8&lt;br/&gt;
Stage-6 is selected by condition resolver.&lt;br/&gt;
SLF4J: Class path contains multiple SLF4J bindings.&lt;br/&gt;
SLF4J: Found binding in &lt;span class=&quot;error&quot;&gt;&amp;#91;jar:file:/opt/hadoop/hadoop-2.6.0/share/hadoop/common/lib/slf4j-log4j12-1.7.5.jar!/org/slf4j/impl/StaticLoggerBinder.class&amp;#93;&lt;/span&gt;&lt;br/&gt;
SLF4J: Found binding in &lt;span class=&quot;error&quot;&gt;&amp;#91;jar:file:/opt/hadoop/hadoop-2.6.0/lib/tez-0.5.2/lib/slf4j-log4j12-1.7.5.jar!/org/slf4j/impl/StaticLoggerBinder.class&amp;#93;&lt;/span&gt;&lt;br/&gt;
SLF4J: See &lt;a href=&quot;http://www.slf4j.org/codes.html#multiple_bindings&quot; class=&quot;external-link&quot; rel=&quot;nofollow&quot;&gt;http://www.slf4j.org/codes.html#multiple_bindings&lt;/a&gt; for an explanation.&lt;br/&gt;
SLF4J: Actual binding is of type &lt;span class=&quot;error&quot;&gt;&amp;#91;org.slf4j.impl.Log4jLoggerFactory&amp;#93;&lt;/span&gt;&lt;br/&gt;
Execution log at: /tmp/hadoop/hadoop_20151208181528_d346dc26-18fb-4267-93e4-34c79f6759bd.log&lt;br/&gt;
2015-12-08 18:15:44     Starting to launch local task to process map join;      maximum memory = 1908932608&lt;br/&gt;
2015-12-08 18:15:46     Dump the side-table for tag: 1 with group count: 1 into file: &lt;a href=&quot;file:/tmp/hadoop/71586bb3-ea53-4edf-94d0-cc17094c60e9/hive_2015-12-08_18-15-28_261_2150907413884186817-1/-local-10015/HashTable-Stage-2/MapJoin-mapfile21--.hashtable&quot; class=&quot;external-link&quot; rel=&quot;nofollow&quot;&gt;file:/tmp/hadoop/71586bb3-ea53-4edf-94d0-cc17094c60e9/hive_2015-12-08_18-15-28_261_2150907413884186817-1/-local-10015/HashTable-Stage-2/MapJoin-mapfile21--.hashtable&lt;/a&gt;&lt;br/&gt;
2015-12-08 18:15:46     Uploaded 1 File to: &lt;a href=&quot;file:/tmp/hadoop/71586bb3-ea53-4edf-94d0-cc17094c60e9/hive_2015-12-08_18-15-28_261_2150907413884186817-1/-local-10015/HashTable-Stage-2/MapJoin-mapfile21--.hashtable&quot; class=&quot;external-link&quot; rel=&quot;nofollow&quot;&gt;file:/tmp/hadoop/71586bb3-ea53-4edf-94d0-cc17094c60e9/hive_2015-12-08_18-15-28_261_2150907413884186817-1/-local-10015/HashTable-Stage-2/MapJoin-mapfile21--.hashtable&lt;/a&gt; (293 bytes)&lt;br/&gt;
2015-12-08 18:15:46     End of local task; Time Taken: 1.632 sec.&lt;br/&gt;
Execution completed successfully&lt;br/&gt;
MapredLocal task succeeded&lt;br/&gt;
SLF4J: Class path contains multiple SLF4J bindings.&lt;br/&gt;
SLF4J: Found binding in &lt;span class=&quot;error&quot;&gt;&amp;#91;jar:file:/opt/hadoop/hadoop-2.6.0/share/hadoop/common/lib/slf4j-log4j12-1.7.5.jar!/org/slf4j/impl/StaticLoggerBinder.class&amp;#93;&lt;/span&gt;&lt;br/&gt;
SLF4J: Found binding in &lt;span class=&quot;error&quot;&gt;&amp;#91;jar:file:/opt/hadoop/hadoop-2.6.0/lib/tez-0.5.2/lib/slf4j-log4j12-1.7.5.jar!/org/slf4j/impl/StaticLoggerBinder.class&amp;#93;&lt;/span&gt;&lt;br/&gt;
SLF4J: See &lt;a href=&quot;http://www.slf4j.org/codes.html#multiple_bindings&quot; class=&quot;external-link&quot; rel=&quot;nofollow&quot;&gt;http://www.slf4j.org/codes.html#multiple_bindings&lt;/a&gt; for an explanation.&lt;br/&gt;
SLF4J: Actual binding is of type &lt;span class=&quot;error&quot;&gt;&amp;#91;org.slf4j.impl.Log4jLoggerFactory&amp;#93;&lt;/span&gt;&lt;br/&gt;
Execution log at: /tmp/hadoop/hadoop_20151208181528_d346dc26-18fb-4267-93e4-34c79f6759bd.log&lt;br/&gt;
2015-12-08 18:15:52     Starting to launch local task to process map join;      maximum memory = 1908932608&lt;br/&gt;
2015-12-08 18:15:53     Dump the side-table for tag: 1 with group count: 1 into file: &lt;a href=&quot;file:/tmp/hadoop/71586bb3-ea53-4edf-94d0-cc17094c60e9/hive_2015-12-08_18-15-28_261_2150907413884186817-1/-local-10019/HashTable-Stage-12/MapJoin-mapfile61--.hashtable&quot; class=&quot;external-link&quot; rel=&quot;nofollow&quot;&gt;file:/tmp/hadoop/71586bb3-ea53-4edf-94d0-cc17094c60e9/hive_2015-12-08_18-15-28_261_2150907413884186817-1/-local-10019/HashTable-Stage-12/MapJoin-mapfile61--.hashtable&lt;/a&gt;&lt;br/&gt;
2015-12-08 18:15:53     Uploaded 1 File to: &lt;a href=&quot;file:/tmp/hadoop/71586bb3-ea53-4edf-94d0-cc17094c60e9/hive_2015-12-08_18-15-28_261_2150907413884186817-1/-local-10019/HashTable-Stage-12/MapJoin-mapfile61--.hashtable&quot; class=&quot;external-link&quot; rel=&quot;nofollow&quot;&gt;file:/tmp/hadoop/71586bb3-ea53-4edf-94d0-cc17094c60e9/hive_2015-12-08_18-15-28_261_2150907413884186817-1/-local-10019/HashTable-Stage-12/MapJoin-mapfile61--.hashtable&lt;/a&gt; (293 bytes)&lt;br/&gt;
2015-12-08 18:15:53     End of local task; Time Taken: 1.333 sec.&lt;br/&gt;
Execution completed successfully&lt;br/&gt;
MapredLocal task succeeded&lt;br/&gt;
Launching Job 1 out of 8&lt;br/&gt;
Number of reduce tasks not specified. Estimated from input data size: 24&lt;br/&gt;
In order to change the average load for a reducer (in bytes):&lt;br/&gt;
  set hive.exec.reducers.bytes.per.reducer=&amp;lt;number&amp;gt;&lt;br/&gt;
In order to limit the maximum number of reducers:&lt;br/&gt;
  set hive.exec.reducers.max=&amp;lt;number&amp;gt;&lt;br/&gt;
In order to set a constant number of reducers:&lt;br/&gt;
  set mapreduce.job.reduces=&amp;lt;number&amp;gt;&lt;br/&gt;
Starting Job = job_1449545133527_0033, Tracking URL = &lt;a href=&quot;http://bjhlg-24p2-113-hadoop03:8088/proxy/application_1449545133527_0033/&quot; class=&quot;external-link&quot; rel=&quot;nofollow&quot;&gt;http://bjhlg-24p2-113-hadoop03:8088/proxy/application_1449545133527_0033/&lt;/a&gt;&lt;br/&gt;
Kill Command = /opt/hadoop/hadoop-2.6.0/bin/hadoop job  -kill job_1449545133527_0033&lt;br/&gt;
Hadoop job information for Stage-6: number of mappers: 8; number of reducers: 24&lt;br/&gt;
2015-12-08 18:16:14,666 Stage-6 map = 0%,  reduce = 0%&lt;br/&gt;
2015-12-08 18:16:28,249 Stage-6 map = 13%,  reduce = 0%, Cumulative CPU 19.93 sec&lt;br/&gt;
2015-12-08 18:16:32,476 Stage-6 map = 15%,  reduce = 0%, Cumulative CPU 33.7 sec&lt;br/&gt;
2015-12-08 18:16:34,591 Stage-6 map = 19%,  reduce = 0%, Cumulative CPU 33.7 sec&lt;br/&gt;
2015-12-08 18:16:36,726 Stage-6 map = 40%,  reduce = 0%, Cumulative CPU 108.43 sec&lt;br/&gt;
2015-12-08 18:16:37,789 Stage-6 map = 44%,  reduce = 0%, Cumulative CPU 109.72 sec&lt;br/&gt;
2015-12-08 18:16:38,833 Stage-6 map = 50%,  reduce = 0%, Cumulative CPU 112.06 sec&lt;br/&gt;
2015-12-08 18:16:42,003 Stage-6 map = 53%,  reduce = 0%, Cumulative CPU 120.92 sec&lt;br/&gt;
2015-12-08 18:16:43,070 Stage-6 map = 57%,  reduce = 0%, Cumulative CPU 134.87 sec&lt;br/&gt;
2015-12-08 18:16:45,196 Stage-6 map = 100%,  reduce = 100%, Cumulative CPU 112.06 sec&lt;br/&gt;
MapReduce Total cumulative CPU time: 1 minutes 52 seconds 60 msec&lt;br/&gt;
Ended Job = job_1449545133527_0033 with errors&lt;br/&gt;
Error during job, obtaining debugging information...&lt;br/&gt;
Examining task ID: task_1449545133527_0033_m_000000 (and more) from job job_1449545133527_0033&lt;br/&gt;
Examining task ID: task_1449545133527_0033_m_000004 (and more) from job job_1449545133527_0033&lt;/p&gt;

&lt;p&gt;Task with the most failures(4): &lt;/p&gt;
&lt;hr /&gt;
&lt;p&gt;Task ID:&lt;br/&gt;
  task_1449545133527_0033_m_000006&lt;/p&gt;

&lt;p&gt;URL:&lt;br/&gt;
  &lt;a href=&quot;http://0.0.0.0:8088/taskdetails.jsp?jobid=job_1449545133527_0033&amp;amp;tipid=task_1449545133527_0033_m_000006&quot; class=&quot;external-link&quot; rel=&quot;nofollow&quot;&gt;http://0.0.0.0:8088/taskdetails.jsp?jobid=job_1449545133527_0033&amp;amp;tipid=task_1449545133527_0033_m_000006&lt;/a&gt;&lt;/p&gt;
&lt;hr /&gt;
&lt;p&gt;Diagnostic Messages for this Task:&lt;br/&gt;
Error: java.lang.RuntimeException: org.apache.hive.com.esotericsoftware.kryo.KryoException: Encountered unregistered class ID: 18&lt;br/&gt;
Serialization trace:&lt;br/&gt;
tableDesc (org.apache.hadoop.hive.ql.plan.PartitionDesc)&lt;br/&gt;
aliasToPartnInfo (org.apache.hadoop.hive.ql.plan.MapWork)&lt;br/&gt;
        at org.apache.hadoop.hive.ql.exec.Utilities.getBaseWork(Utilities.java:423)&lt;br/&gt;
        at org.apache.hadoop.hive.ql.exec.Utilities.getMapWork(Utilities.java:286)&lt;br/&gt;
        at org.apache.hadoop.hive.ql.io.HiveInputFormat.init(HiveInputFormat.java:263)&lt;br/&gt;
        at org.apache.hadoop.hive.ql.io.HiveInputFormat.pushProjectionsAndFilters(HiveInputFormat.java:478)&lt;br/&gt;
        at org.apache.hadoop.hive.ql.io.HiveInputFormat.pushProjectionsAndFilters(HiveInputFormat.java:471)&lt;br/&gt;
        at org.apache.hadoop.hive.ql.io.CombineHiveInputFormat.getRecordReader(CombineHiveInputFormat.java:648)&lt;br/&gt;
        at org.apache.hadoop.mapred.MapTask$TrackedRecordReader.&amp;lt;init&amp;gt;(MapTask.java:169)&lt;br/&gt;
        at org.apache.hadoop.mapred.MapTask.runOldMapper(MapTask.java:429)&lt;br/&gt;
        at org.apache.hadoop.mapred.MapTask.run(MapTask.java:343)&lt;br/&gt;
        at org.apache.hadoop.mapred.YarnChild$2.run(YarnChild.java:163)&lt;br/&gt;
        at java.security.AccessController.doPrivileged(Native Method)&lt;br/&gt;
        at javax.security.auth.Subject.doAs(Subject.java:415)&lt;br/&gt;
        at org.apache.hadoop.security.UserGroupInformation.doAs(UserGroupInformation.java:1628)&lt;br/&gt;
        at org.apache.hadoop.mapred.YarnChild.main(YarnChild.java:158)&lt;br/&gt;
Caused by: org.apache.hive.com.esotericsoftware.kryo.KryoException: Encountered unregistered class ID: 18&lt;br/&gt;
Serialization trace:&lt;br/&gt;
tableDesc (org.apache.hadoop.hive.ql.plan.PartitionDesc)&lt;br/&gt;
aliasToPartnInfo (org.apache.hadoop.hive.ql.plan.MapWork)&lt;br/&gt;
        at org.apache.hive.com.esotericsoftware.kryo.util.DefaultClassResolver.readClass(DefaultClassResolver.java:119)&lt;br/&gt;
        at org.apache.hive.com.esotericsoftware.kryo.Kryo.readClass(Kryo.java:656)&lt;br/&gt;
        at org.apache.hive.com.esotericsoftware.kryo.serializers.ObjectField.read(ObjectField.java:99)&lt;br/&gt;
        at org.apache.hive.com.esotericsoftware.kryo.serializers.FieldSerializer.read(FieldSerializer.java:507)&lt;br/&gt;
        at org.apache.hive.com.esotericsoftware.kryo.Kryo.readClassAndObject(Kryo.java:776)&lt;br/&gt;
        at org.apache.hive.com.esotericsoftware.kryo.serializers.MapSerializer.read(MapSerializer.java:139)&lt;br/&gt;
        at org.apache.hive.com.esotericsoftware.kryo.serializers.MapSerializer.read(MapSerializer.java:17)&lt;br/&gt;
        at org.apache.hive.com.esotericsoftware.kryo.Kryo.readObject(Kryo.java:694)&lt;br/&gt;
        at org.apache.hive.com.esotericsoftware.kryo.serializers.ObjectField.read(ObjectField.java:106)&lt;br/&gt;
        at org.apache.hive.com.esotericsoftware.kryo.serializers.FieldSerializer.read(FieldSerializer.java:507)&lt;br/&gt;
        at org.apache.hive.com.esotericsoftware.kryo.Kryo.readObject(Kryo.java:672)&lt;br/&gt;
        at org.apache.hadoop.hive.ql.exec.Utilities.deserializeObjectByKryo(Utilities.java:1025)&lt;br/&gt;
        at org.apache.hadoop.hive.ql.exec.Utilities.deserializePlan(Utilities.java:933)&lt;br/&gt;
        at org.apache.hadoop.hive.ql.exec.Utilities.deserializePlan(Utilities.java:947)&lt;br/&gt;
        at org.apache.hadoop.hive.ql.exec.Utilities.getBaseWork(Utilities.java:390)&lt;br/&gt;
        ... 13 more&lt;/p&gt;


&lt;p&gt;FAILED: Execution Error, return code 2 from org.apache.hadoop.hive.ql.exec.mr.MapRedTask&lt;br/&gt;
MapReduce Jobs Launched: &lt;br/&gt;
Stage-Stage-6: Map: 8  Reduce: 24   Cumulative CPU: 112.06 sec   HDFS Read: 204015117 HDFS Write: 0 FAIL&lt;/p&gt;

&lt;p&gt;this is my hql:&lt;br/&gt;
select  A.state_date, &lt;br/&gt;
           A.customer, &lt;br/&gt;
           A.channel_2,&lt;br/&gt;
           A.id,&lt;br/&gt;
           A.pid,&lt;br/&gt;
           A.type,&lt;br/&gt;
           A.pv,&lt;br/&gt;
           A.uv,&lt;br/&gt;
           A.visits,&lt;br/&gt;
           if(C.stay_visits is null,0,C.stay_visits) as stay_visits,&lt;br/&gt;
           A.stay_time,&lt;br/&gt;
           if(B.bounce is null,0,B.bounce) as bounce&lt;br/&gt;
 from&lt;br/&gt;
     (select a.state_date, &lt;br/&gt;
            a.customer, &lt;br/&gt;
            b.url as channel_2,&lt;br/&gt;
            b.id,&lt;br/&gt;
            b.pid,&lt;br/&gt;
            b.type,&lt;br/&gt;
            count(1) as pv,&lt;br/&gt;
            count(distinct a.gid) uv,&lt;br/&gt;
            count(distinct a.session_id) as visits,&lt;br/&gt;
            sum(a.stay_time) as stay_time&lt;br/&gt;
       from       &lt;br/&gt;
               ( select state_date, &lt;br/&gt;
                           customer, &lt;br/&gt;
                           gid,&lt;br/&gt;
                           session_id,&lt;br/&gt;
                           ep,&lt;br/&gt;
                           stay_time&lt;br/&gt;
                    from bdi_fact.mid_pageview_dt0&lt;br/&gt;
                    where l_date =&apos;$v_date&apos;&lt;br/&gt;
                  )a&lt;br/&gt;
                  join&lt;br/&gt;
                  (select l_date as state_date ,&lt;br/&gt;
                          url,&lt;br/&gt;
                          id,&lt;br/&gt;
                          pid,&lt;br/&gt;
                          type,&lt;br/&gt;
                          cid&lt;br/&gt;
                   from bdi_fact.frequency_channel&lt;br/&gt;
                   where l_date =&apos;$v_date&apos;&lt;br/&gt;
                   and type =&apos;2&apos;&lt;br/&gt;
                   and dr=&apos;0&apos;&lt;br/&gt;
                  )b&lt;br/&gt;
                   on  a.customer=b.cid  &lt;br/&gt;
                   where a.ep  rlike b.url&lt;br/&gt;
                   group by a.state_date, a.customer, b.url,b.id,b.pid,b.type&lt;br/&gt;
       )A&lt;/p&gt;

&lt;p&gt;        left outer join&lt;br/&gt;
       (   select &lt;br/&gt;
                   c.state_date ,&lt;br/&gt;
                   c.customer ,&lt;br/&gt;
                   d.url as channel_2,&lt;br/&gt;
                   d.id,&lt;br/&gt;
                   sum(pagedepth) as bounce&lt;br/&gt;
            from&lt;br/&gt;
                  ( select &lt;br/&gt;
                              t1.state_date ,&lt;br/&gt;
                              t1.customer ,&lt;br/&gt;
                              t1.session_id,&lt;br/&gt;
                              t1.ep,&lt;br/&gt;
                              t2.pagedepth&lt;br/&gt;
                    from           &lt;br/&gt;
                         ( select &lt;br/&gt;
                                     state_date ,&lt;br/&gt;
                                     customer ,&lt;br/&gt;
                                     session_id,&lt;br/&gt;
                                     exit_url as ep&lt;br/&gt;
                          from ods.mid_session_enter_exit_dt0&lt;br/&gt;
                          where l_date =&apos;$v_date&apos;&lt;br/&gt;
                          )t1&lt;br/&gt;
                         join&lt;br/&gt;
                          ( select &lt;br/&gt;
                                    state_date ,&lt;br/&gt;
                                    customer ,&lt;br/&gt;
                                    session_id,&lt;br/&gt;
                                    pagedepth&lt;br/&gt;
                            from ods.mid_session_action_dt0&lt;br/&gt;
                            where l_date =&apos;$v_date&apos;&lt;br/&gt;
                            and  pagedepth=&apos;1&apos;&lt;br/&gt;
                          )t2&lt;br/&gt;
                         on t1.customer=t2.customer&lt;br/&gt;
                         and t1.session_id=t2.session_id&lt;br/&gt;
                   )c&lt;br/&gt;
                   join&lt;br/&gt;
                   (select *&lt;br/&gt;
                   from bdi_fact.frequency_channel&lt;br/&gt;
                   where l_date =&apos;$v_date&apos;&lt;br/&gt;
                   and type =&apos;2&apos;&lt;br/&gt;
                   and dr=&apos;0&apos;&lt;br/&gt;
                   )d&lt;br/&gt;
                   on c.customer=d.cid&lt;br/&gt;
                   where c.ep  rlike d.url&lt;br/&gt;
                   group by  c.state_date,c.customer,d.url,d.id&lt;br/&gt;
             )B&lt;br/&gt;
             on &lt;br/&gt;
             A.customer=B.customer&lt;br/&gt;
             and A.channel_2=B.channel_2 &lt;br/&gt;
             and A.id=B.id&lt;br/&gt;
      left outer join&lt;br/&gt;
     ( &lt;br/&gt;
             select e.state_date, &lt;br/&gt;
            e.customer, &lt;br/&gt;
            f.url as channel_2,&lt;br/&gt;
            f.id,&lt;br/&gt;
            f.pid,&lt;br/&gt;
            f.type,&lt;br/&gt;
            count(distinct e.session_id) as stay_visits&lt;br/&gt;
       from       &lt;br/&gt;
               ( select state_date, &lt;br/&gt;
                           customer, &lt;br/&gt;
                           gid,&lt;br/&gt;
                           session_id,&lt;br/&gt;
                           ep,&lt;br/&gt;
                           stay_time&lt;br/&gt;
                    from bdi_fact.mid_pageview_dt0&lt;br/&gt;
                    where l_date =&apos;$v_date&apos;&lt;br/&gt;
                  )e&lt;br/&gt;
                  join&lt;br/&gt;
                  (select l_date as state_date,&lt;br/&gt;
                          url,&lt;br/&gt;
                          id,&lt;br/&gt;
                          pid,&lt;br/&gt;
                          type,&lt;br/&gt;
                          cid&lt;br/&gt;
                   from bdi_fact.frequency_channel&lt;br/&gt;
                   where l_date =&apos;$v_date&apos;&lt;br/&gt;
                   and type =&apos;2&apos;&lt;br/&gt;
                   and dr=&apos;0&apos;&lt;br/&gt;
                  )f&lt;br/&gt;
                   on  e.customer=f.cid  &lt;br/&gt;
                   where e.ep  rlike f.url&lt;br/&gt;
                   and e.stay_time is not null&lt;br/&gt;
                   and e.stay_time &amp;lt;&amp;gt;&apos;0&apos;&lt;br/&gt;
                   group by e.state_date, e.customer, f.url,f.id,f.pid,f.type&lt;br/&gt;
           )C&lt;br/&gt;
        on&lt;br/&gt;
        A.customer=C.customer&lt;br/&gt;
        and   A.channel_2=C.channel_2&lt;br/&gt;
        and   A.id=C.id&lt;br/&gt;
        and   A.pid=C.pid&lt;br/&gt;
        and   A.type=C.type &lt;br/&gt;
 where A.customer=&apos;Cdianyingwang&apos; and A.channel_2=&apos;http://www.1905.com/film/filmnews/jk/&apos; and A.id=&apos;127&apos;;&quot;&lt;/p&gt;

&lt;p&gt;do you know why?thanks!&lt;/p&gt;</comment>
                            <comment id="15051711" author="prasanth_j" created="Thu, 10 Dec 2015 21:49:52 +0000"  >&lt;p&gt;&lt;a href=&quot;https://issues.apache.org/jira/secure/ViewProfile.jspa?name=Feng+Yuan&quot; class=&quot;user-hover&quot; rel=&quot;Feng Yuan&quot;&gt;Feng Yuan&lt;/a&gt; Can you provide a small reproducible test case for this issue? This issues looks like PartitionDesc is not registered with kryo. I can fix that but it will not guarantee that it will completely solve the issue. Adding PartitionDesc alone won&apos;t be sufficient. It could show up some other issue after this. To fix it completely, if you can provide a small data set and queries that reproduces this issue, I will test the patch before updating the JIRA. &lt;/p&gt;</comment>
                            <comment id="15052521" author="feng yuan" created="Fri, 11 Dec 2015 09:36:35 +0000"  >&lt;p&gt;hi &lt;a href=&quot;https://issues.apache.org/jira/secure/ViewProfile.jspa?name=prasanth_j&quot; class=&quot;user-hover&quot; rel=&quot;prasanth_j&quot;&gt;Prasanth Jayachandran&lt;/a&gt; i upload the test case,please look at it when you have time,thanks!&lt;/p&gt;</comment>
                            <comment id="15072479" author="feng yuan" created="Mon, 28 Dec 2015 06:35:27 +0000"  >&lt;p&gt;hi &lt;a href=&quot;https://issues.apache.org/jira/secure/ViewProfile.jspa?name=prasanth_j&quot; class=&quot;user-hover&quot; rel=&quot;prasanth_j&quot;&gt;Prasanth Jayachandran&lt;/a&gt;,are you following this issue these days?&lt;/p&gt;</comment>
                            <comment id="15104068" author="feng yuan" created="Mon, 18 Jan 2016 02:24:18 +0000"  >&lt;p&gt;can you look this please? &lt;a href=&quot;https://issues.apache.org/jira/secure/ViewProfile.jspa?name=xuefuz&quot; class=&quot;user-hover&quot; rel=&quot;xuefuz&quot;&gt;Xuefu Zhang&lt;/a&gt;,&lt;a href=&quot;https://issues.apache.org/jira/secure/ViewProfile.jspa?name=serganch&quot; class=&quot;user-hover&quot; rel=&quot;serganch&quot;&gt;Sergey Anchipolevsky&lt;/a&gt;,&lt;a href=&quot;https://issues.apache.org/jira/secure/ViewProfile.jspa?name=pchag&quot; class=&quot;user-hover&quot; rel=&quot;pchag&quot;&gt;Prasanth Chagarlamudi&lt;/a&gt;&lt;/p&gt;</comment>
                            <comment id="15564254" author="xuefuz" created="Tue, 11 Oct 2016 02:53:59 +0000"  >&lt;p&gt;It seems that this patch also breaks Hive on Spark. It&apos;s too bad that this got in w/o being fully tested.&lt;/p&gt;

&lt;p&gt;Just curious, &lt;a href=&quot;https://issues.apache.org/jira/secure/ViewProfile.jspa?name=pchag&quot; class=&quot;user-hover&quot; rel=&quot;pchag&quot;&gt;Prasanth Chagarlamudi&lt;/a&gt;, seeing you added a bunch of classes to register with kryo, I&apos;m wondering how you determined what classes to register.&lt;/p&gt;</comment>
                            <comment id="15564295" author="pchag" created="Tue, 11 Oct 2016 03:17:38 +0000"  >&lt;p&gt;&lt;a href=&quot;https://issues.apache.org/jira/secure/ViewProfile.jspa?name=xuefuz&quot; class=&quot;user-hover&quot; rel=&quot;xuefuz&quot;&gt;Xuefu Zhang&lt;/a&gt;, you tagged a wrong Prasanth here. I guess you are looking for &lt;a href=&quot;https://issues.apache.org/jira/secure/ViewProfile.jspa?name=prasanth_j&quot; class=&quot;user-hover&quot; rel=&quot;prasanth_j&quot;&gt;Prasanth Jayachandran&lt;/a&gt;&lt;/p&gt;</comment>
                            <comment id="15564648" author="prasanth_j" created="Tue, 11 Oct 2016 06:28:40 +0000"  >&lt;blockquote&gt;&lt;p&gt;It seems that this patch also breaks Hive on Spark&lt;/p&gt;&lt;/blockquote&gt;
&lt;p&gt;What other things is this patch breaking? Also branch-1 is unreleased version.&lt;/p&gt;

&lt;blockquote&gt;&lt;p&gt;It&apos;s too bad that this got in w/o being fully tested.&lt;/p&gt;&lt;/blockquote&gt;
&lt;p&gt;We never used to run pre-commit on maintenance branches.&lt;/p&gt;

&lt;blockquote&gt;&lt;p&gt;I&apos;m wondering how you determined what classes to register.&lt;/p&gt;&lt;/blockquote&gt;
&lt;p&gt;Based on the failing test case in the patch for ArrayList serializer. Also there are several issues reported in hive branch-1 regarding kryo failures (issues are linked to this jira) and some issues are linked to &lt;a href=&quot;https://issues.apache.org/jira/browse/HIVE-12175&quot; title=&quot;Upgrade Kryo version to 3.0.x&quot; class=&quot;issue-link&quot; data-issue-key=&quot;HIVE-12175&quot;&gt;&lt;del&gt;HIVE-12175&lt;/del&gt;&lt;/a&gt;. Many fixes went in master that are related to kryo. I just aggregated them, put them in a single patch and backported it.&lt;/p&gt;</comment>
                            <comment id="15566603" author="xuefuz" created="Tue, 11 Oct 2016 21:01:55 +0000"  >&lt;p&gt;Hi &lt;a href=&quot;https://issues.apache.org/jira/secure/ViewProfile.jspa?name=prasanth_j&quot; class=&quot;user-hover&quot; rel=&quot;prasanth_j&quot;&gt;Prasanth Jayachandran&lt;/a&gt;, thanks for your information. Yes, I knew that we don&apos;t have pre-commit test, which is kind of bad. &lt;img class=&quot;emoticon&quot; src=&quot;https://issues.apache.org/jira/images/icons/emoticons/smile.gif&quot; height=&quot;16&quot; width=&quot;16&quot; align=&quot;absmiddle&quot; alt=&quot;&quot; border=&quot;0&quot;/&gt;&lt;/p&gt;

&lt;p&gt;The patch seems breaking HoS because SparkWork has cycle reference via its field edgeProperties, which contains a list. &lt;/p&gt;
&lt;div class=&quot;code panel&quot; style=&quot;border-width: 1px;&quot;&gt;&lt;div class=&quot;codeContent panelContent&quot;&gt;
&lt;pre class=&quot;code-java&quot;&gt;
java.lang.InstantiationError: org.apache.commons.lang3.tuple.Pair
	at org.apache.commons.lang3.tuple.PairConstructorAccess.newInstance(Unknown Source)
	at org.apache.hive.com.esotericsoftware.kryo.Kryo$1.newInstance(Kryo.java:1062)
	at org.apache.hive.com.esotericsoftware.kryo.Kryo.newInstance(Kryo.java:1112)
	at org.apache.hive.com.esotericsoftware.kryo.serializers.FieldSerializer.create(FieldSerializer.java:526)
	at org.apache.hive.com.esotericsoftware.kryo.serializers.FieldSerializer.read(FieldSerializer.java:502)
	at org.apache.hive.com.esotericsoftware.kryo.Kryo.readObject(Kryo.java:694)
	at org.apache.hive.com.esotericsoftware.kryo.serializers.ObjectField.read(ObjectField.java:106)
	at org.apache.hive.com.esotericsoftware.kryo.serializers.FieldSerializer.read(FieldSerializer.java:507)
	at org.apache.hive.com.esotericsoftware.kryo.Kryo.readClassAndObject(Kryo.java:776)
	at org.apache.hive.com.esotericsoftware.kryo.serializers.MapSerializer.read(MapSerializer.java:139)
	at org.apache.hive.com.esotericsoftware.kryo.serializers.MapSerializer.read(MapSerializer.java:17)
	at org.apache.hive.com.esotericsoftware.kryo.Kryo.readObject(Kryo.java:694)
	at org.apache.hive.com.esotericsoftware.kryo.serializers.ObjectField.read(ObjectField.java:106)
	at org.apache.hive.com.esotericsoftware.kryo.serializers.FieldSerializer.read(FieldSerializer.java:507)
	at org.apache.hive.com.esotericsoftware.kryo.Kryo.readObject(Kryo.java:694)
	at org.apache.hive.com.esotericsoftware.kryo.serializers.ObjectField.read(ObjectField.java:106)
	at org.apache.hive.com.esotericsoftware.kryo.serializers.FieldSerializer.read(FieldSerializer.java:507)
	at org.apache.hive.com.esotericsoftware.kryo.Kryo.readClassAndObject(Kryo.java:776)
	at org.apache.hive.com.esotericsoftware.kryo.serializers.MapSerializer.read(MapSerializer.java:131)
	at org.apache.hive.com.esotericsoftware.kryo.serializers.MapSerializer.read(MapSerializer.java:17)
	at org.apache.hive.com.esotericsoftware.kryo.Kryo.readObject(Kryo.java:694)
	at org.apache.hive.com.esotericsoftware.kryo.serializers.ObjectField.read(ObjectField.java:106)
	at org.apache.hive.com.esotericsoftware.kryo.serializers.FieldSerializer.read(FieldSerializer.java:507)
	at org.apache.hive.com.esotericsoftware.kryo.Kryo.readObject(Kryo.java:672)
	at org.apache.hadoop.hive.ql.exec.spark.KryoSerializer.deserialize(KryoSerializer.java:49)
	at org.apache.hadoop.hive.ql.exec.spark.RemoteHiveSparkClient$JobStatusJob.call(RemoteHiveSparkClient.java:308)
	at org.apache.hive.spark.client.RemoteDriver$JobWrapper.call(RemoteDriver.java:366)
	at org.apache.hive.spark.client.RemoteDriver$JobWrapper.call(RemoteDriver.java:335)
	at java.util.concurrent.FutureTask.run(FutureTask.java:266)
	at java.util.concurrent.ThreadPoolExecutor.runWorker(ThreadPoolExecutor.java:1142)
	at java.util.concurrent.ThreadPoolExecutor$Worker.run(ThreadPoolExecutor.java:617)
	at java.lang.&lt;span class=&quot;code-object&quot;&gt;Thread&lt;/span&gt;.run(&lt;span class=&quot;code-object&quot;&gt;Thread&lt;/span&gt;.java:745)
&lt;/pre&gt;
&lt;/div&gt;&lt;/div&gt;
&lt;p&gt;I attempted to fix it, for example, using Set than List, but still got different errors based on what classes are registered. Thus, I was trying to figure out what classes to be register in order to fix these errors.&lt;/p&gt;

&lt;p&gt;From &lt;a href=&quot;https://issues.apache.org/jira/secure/ViewProfile.jspa?name=Feng+Yuan&quot; class=&quot;user-hover&quot; rel=&quot;Feng Yuan&quot;&gt;Feng Yuan&lt;/a&gt;&apos;s comment, I&apos;m not sure whether there is a breakage or something still doesn&apos;t work. It&apos;s good that this patch isn&apos;t released yet.&lt;/p&gt;</comment>
                    </comments>
                <issuelinks>
                            <issuelinktype id="10030">
                    <name>Reference</name>
                                            <outwardlinks description="relates to">
                                        <issuelink>
            <issuekey id="12904861">HIVE-12175</issuekey>
        </issuelink>
                            </outwardlinks>
                                                                <inwardlinks description="is related to">
                                        <issuelink>
            <issuekey id="12904826">HIVE-12174</issuekey>
        </issuelink>
            <issuelink>
            <issuekey id="12854158">HIVE-11519</issuekey>
        </issuelink>
                            </inwardlinks>
                                    </issuelinktype>
                    </issuelinks>
                <attachments>
                            <attachment id="12774990" name="HIVE-12551.1.patch" size="12536" author="prasanth_j" created="Tue, 1 Dec 2015 09:10:57 +0000"/>
                            <attachment id="12777014" name="test case.zip" size="1292607" author="Feng Yuan" created="Fri, 11 Dec 2015 09:35:15 +0000"/>
                    </attachments>
                <subtasks>
                    </subtasks>
                <customfields>
                                                <customfield id="customfield_12310310" key="com.atlassian.jira.toolkit:attachments">
                        <customfieldname>Attachment count</customfieldname>
                        <customfieldvalues>
                            <customfieldvalue>2.0</customfieldvalue>
                        </customfieldvalues>
                    </customfield>
                                                                                                                                                                                                                                                                                                                                                                                                                                                                                                                                <customfield id="customfield_12310220" key="com.atlassian.jira.ext.charting:firstresponsedate">
                        <customfieldname>Date of First Response</customfieldname>
                        <customfieldvalues>
                            <customfieldvalue>Tue, 1 Dec 2015 20:48:11 +0000</customfieldvalue>

                        </customfieldvalues>
                    </customfield>
                                                                                                                                                                                                                                                                                                                                                                                                                                            <customfield id="customfield_12310420" key="com.pyxis.greenhopper.jira:gh-global-rank">
                        <customfieldname>Global Rank</customfieldname>
                        <customfieldvalues>
                            <customfieldvalue>9223372036854775807</customfieldvalue>
                        </customfieldvalues>
                    </customfield>
                                                                                                                                                    <customfield id="customfield_12312521" key="com.atlassian.jira.toolkit:LastCommentDate">
                        <customfieldname>Last public comment date</customfieldname>
                        <customfieldvalues>
                            7 weeks, 2 days ago
                        </customfieldvalues>
                    </customfield>
                                                                                            <customfield id="customfield_12311820" key="com.pyxis.greenhopper.jira:gh-lexo-rank">
                        <customfieldname>Rank</customfieldname>
                        <customfieldvalues>
                            <customfieldvalue>0|i2p3sn:</customfieldvalue>

                        </customfieldvalues>
                    </customfield>
                                                                <customfield id="customfield_12310920" key="com.pyxis.greenhopper.jira:gh-global-rank">
                        <customfieldname>Rank (Obsolete)</customfieldname>
                        <customfieldvalues>
                            <customfieldvalue>9223372036854775807</customfieldvalue>
                        </customfieldvalues>
                    </customfield>
                                                                                                                                                                                                                                                                    <customfield id="customfield_12310320" key="com.atlassian.jira.plugin.system.customfieldtypes:multiversion">
                        <customfieldname>Target Version/s</customfieldname>
                        <customfieldvalues>
                                <customfieldvalue>12332154</customfieldvalue>
    
                        </customfieldvalues>
                    </customfield>
                                                                                            <customfield id="customfield_12310222" key="com.atlassian.jira.ext.charting:timeinstatus">
                        <customfieldname>Time in Status</customfieldname>
                        <customfieldvalues>
                            
                        </customfieldvalues>
                    </customfield>
                                                                                                                        </customfields>
    </item>
</channel>
</rss>