<!-- 
RSS generated by JIRA (6.3.4#6332-sha1:51bc225ef474afe3128b2f66878477f322397b16) at Sat Dec 03 22:31:45 UTC 2016

It is possible to restrict the fields that are returned in this document by specifying the 'field' parameter in your request.
For example, to request only the issue key and summary add field=key&field=summary to the URL of your request.
For example:
https://issues.apache.org/jira/si/jira.issueviews:issue-xml/HIVE-10638/HIVE-10638.xml?field=key&amp;field=summary
-->
<rss version="0.92" >
<channel>
    <title>ASF JIRA</title>
    <link>https://issues.apache.org/jira</link>
    <description>This file is an XML representation of an issue</description>
    <language>en-uk</language>    <build-info>
        <version>6.3.4</version>
        <build-number>6332</build-number>
        <build-date>15-08-2014</build-date>
    </build-info>

<item>
            <title>[HIVE-10638] HIVE-9736 introduces issues with Hadoop23Shims.checkFileAccess</title>
                <link>https://issues.apache.org/jira/browse/HIVE-10638</link>
                <project id="12310843" key="HIVE">Hive</project>
                    <description>&lt;p&gt;Copy-pasting &lt;a href=&quot;https://issues.apache.org/jira/secure/ViewProfile.jspa?name=spena&quot; class=&quot;user-hover&quot; rel=&quot;spena&quot;&gt;Sergio Pe&#241;a&lt;/a&gt;&apos;s comment in &lt;a href=&quot;https://issues.apache.org/jira/browse/HIVE-9736&quot; title=&quot;StorageBasedAuthProvider should batch namenode-calls where possible.&quot; class=&quot;issue-link&quot; data-issue-key=&quot;HIVE-9736&quot;&gt;HIVE-9736&lt;/a&gt;:&lt;/p&gt;

&lt;p&gt;Hi &lt;a href=&quot;https://issues.apache.org/jira/secure/ViewProfile.jspa?name=mithun&quot; class=&quot;user-hover&quot; rel=&quot;mithun&quot;&gt;Mithun Radhakrishnan&lt;/a&gt;&lt;/p&gt;

&lt;p&gt;This patch is causing the above tests to fail due to the change on &lt;tt&gt;Hadoop23Shims.checkFileAccess(FileSystem fs, Iterator&amp;lt;FileStatus&amp;gt; statuses, EnumSet&amp;lt;FsAction&amp;gt; actions)&lt;/tt&gt;. &lt;/p&gt;

&lt;p&gt;The line that fails is &lt;tt&gt;accessMethod.invoke(fs, statuses.next(), combine(actions));&lt;/tt&gt;&lt;/p&gt;

&lt;p&gt;I an running hadoop 2.6.0, and the FileSystem.access() object accepts a Path and FsAction. When I run the code that checks patch permissions, I get this error: &lt;/p&gt;
&lt;div class=&quot;preformatted panel&quot; style=&quot;border-width: 1px;&quot;&gt;&lt;div class=&quot;preformattedContent panelContent&quot;&gt;
&lt;pre&gt;hive&amp;gt; explain select * from a join b on a.id = b.id;
FAILED: SemanticException Unable to determine if hdfs://localhost:9000/user/hive/warehouse/a is read only: java.lang.IllegalArgumentException: argument type mismatch
&lt;/pre&gt;
&lt;/div&gt;&lt;/div&gt;

&lt;p&gt;Is there a follow-up jira for this error?&lt;/p&gt;



</description>
                <environment></environment>
        <key id="12827871">HIVE-10638</key>
            <summary>HIVE-9736 introduces issues with Hadoop23Shims.checkFileAccess</summary>
                <type id="1" iconUrl="https://issues.apache.org/jira/images/icons/issuetypes/bug.png">Bug</type>
                                            <priority id="3" iconUrl="https://issues.apache.org/jira/images/icons/priorities/major.png">Major</priority>
                        <status id="6" iconUrl="https://issues.apache.org/jira/images/icons/statuses/closed.png" description="The issue is considered finished, the resolution is correct. Issues which are closed can be reopened.">Closed</status>
                    <statusCategory id="3" key="done" colorName="green"/>
                                    <resolution id="3">Duplicate</resolution>
                                        <assignee username="sushanth">Sushanth Sowmyan</assignee>
                                    <reporter username="sushanth">Sushanth Sowmyan</reporter>
                        <labels>
                    </labels>
                <created>Wed, 6 May 2015 23:54:07 +0000</created>
                <updated>Mon, 18 May 2015 19:49:04 +0000</updated>
                            <resolved>Thu, 7 May 2015 00:51:40 +0000</resolved>
                                                    <fixVersion>1.2.0</fixVersion>
                                        <due></due>
                            <votes>0</votes>
                                    <watches>4</watches>
                                                                <comments>
                            <comment id="14531723" author="sushanth" created="Wed, 6 May 2015 23:55:58 +0000"  >&lt;p&gt;Marking as blocker for branch-1.2.&lt;/p&gt;</comment>
                            <comment id="14531802" author="sushanth" created="Thu, 7 May 2015 00:50:54 +0000"  >&lt;p&gt;Closing this bug, and revert-reopening &lt;a href=&quot;https://issues.apache.org/jira/browse/HIVE-9736&quot; title=&quot;StorageBasedAuthProvider should batch namenode-calls where possible.&quot; class=&quot;issue-link&quot; data-issue-key=&quot;HIVE-9736&quot;&gt;HIVE-9736&lt;/a&gt; to track it there.&lt;/p&gt;</comment>
                            <comment id="14548667" author="sushanth" created="Mon, 18 May 2015 19:49:04 +0000"  >&lt;p&gt;This issue has been fixed and released as part of the 1.2.0 release. If you find an issue which seems to be related to this one, please create a new jira and link this one with new jira.&lt;/p&gt;</comment>
                    </comments>
                    <attachments>
                    </attachments>
                <subtasks>
                    </subtasks>
                <customfields>
                                                <customfield id="customfield_12310310" key="com.atlassian.jira.toolkit:attachments">
                        <customfieldname>Attachment count</customfieldname>
                        <customfieldvalues>
                            <customfieldvalue>0.0</customfieldvalue>
                        </customfieldvalues>
                    </customfield>
                                                                                                                                                                                                                                                                                                                                                                                                                                                                                                                                                                                                                                                                                                                                                                                                                                                                                                                                        <customfield id="customfield_12310420" key="com.pyxis.greenhopper.jira:gh-global-rank">
                        <customfieldname>Global Rank</customfieldname>
                        <customfieldvalues>
                            <customfieldvalue>9223372036854775807</customfieldvalue>
                        </customfieldvalues>
                    </customfield>
                                                                                                                                                    <customfield id="customfield_12312521" key="com.atlassian.jira.toolkit:LastCommentDate">
                        <customfieldname>Last public comment date</customfieldname>
                        <customfieldvalues>
                            1 year, 28 weeks, 5 days ago
                        </customfieldvalues>
                    </customfield>
                                                                                            <customfield id="customfield_12311820" key="com.pyxis.greenhopper.jira:gh-lexo-rank">
                        <customfieldname>Rank</customfieldname>
                        <customfieldvalues>
                            <customfieldvalue>0|i2eebr:</customfieldvalue>

                        </customfieldvalues>
                    </customfield>
                                                                <customfield id="customfield_12310920" key="com.pyxis.greenhopper.jira:gh-global-rank">
                        <customfieldname>Rank (Obsolete)</customfieldname>
                        <customfieldvalues>
                            <customfieldvalue>9223372036854775807</customfieldvalue>
                        </customfieldvalues>
                    </customfield>
                                                                                                                                                                                                                                                                                                                            <customfield id="customfield_12310222" key="com.atlassian.jira.ext.charting:timeinstatus">
                        <customfieldname>Time in Status</customfieldname>
                        <customfieldvalues>
                            
                        </customfieldvalues>
                    </customfield>
                                                                                                                        </customfields>
    </item>
</channel>
</rss>