<!-- 
RSS generated by JIRA (6.3.4#6332-sha1:51bc225ef474afe3128b2f66878477f322397b16) at Fri Dec 02 23:19:38 UTC 2016

It is possible to restrict the fields that are returned in this document by specifying the 'field' parameter in your request.
For example, to request only the issue key and summary add field=key&field=summary to the URL of your request.
For example:
https://issues.apache.org/jira/si/jira.issueviews:issue-xml/HIVE-1258/HIVE-1258.xml?field=key&amp;field=summary
-->
<rss version="0.92" >
<channel>
    <title>ASF JIRA</title>
    <link>https://issues.apache.org/jira</link>
    <description>This file is an XML representation of an issue</description>
    <language>en-uk</language>    <build-info>
        <version>6.3.4</version>
        <build-number>6332</build-number>
        <build-date>15-08-2014</build-date>
    </build-info>

<item>
            <title>[HIVE-1258] set merge files to files when bucketing/sorting is being enforced</title>
                <link>https://issues.apache.org/jira/browse/HIVE-1258</link>
                <project id="12310843" key="HIVE">Hive</project>
                    <description></description>
                <environment></environment>
        <key id="12459600">HIVE-1258</key>
            <summary>set merge files to files when bucketing/sorting is being enforced</summary>
                <type id="1" iconUrl="https://issues.apache.org/jira/images/icons/issuetypes/bug.png">Bug</type>
                                            <priority id="3" iconUrl="https://issues.apache.org/jira/images/icons/priorities/major.png">Major</priority>
                        <status id="6" iconUrl="https://issues.apache.org/jira/images/icons/statuses/closed.png" description="The issue is considered finished, the resolution is correct. Issues which are closed can be reopened.">Closed</status>
                    <statusCategory id="3" key="done" colorName="green"/>
                                    <resolution id="1">Fixed</resolution>
                                        <assignee username="he yongqiang">He Yongqiang</assignee>
                                    <reporter username="namit">Namit Jain</reporter>
                        <labels>
                    </labels>
                <created>Fri, 19 Mar 2010 01:20:18 +0000</created>
                <updated>Sat, 17 Dec 2011 00:04:02 +0000</updated>
                            <resolved>Tue, 23 Mar 2010 22:35:46 +0000</resolved>
                                                    <fixVersion>0.6.0</fixVersion>
                                    <component>Query Processor</component>
                        <due></due>
                            <votes>0</votes>
                                    <watches>0</watches>
                                                                <comments>
                            <comment id="12848888" author="namit" created="Tue, 23 Mar 2010 20:19:48 +0000"  >&lt;p&gt;+1&lt;/p&gt;

&lt;p&gt;will commit if the tests pass&lt;/p&gt;</comment>
                            <comment id="12848940" author="namit" created="Tue, 23 Mar 2010 22:35:46 +0000"  >&lt;p&gt;Committed. Thanks Yongqiang&lt;/p&gt;</comment>
                    </comments>
                    <attachments>
                            <attachment id="12439600" name="hive-1258.1.patch" size="15219" author="he yongqiang" created="Tue, 23 Mar 2010 19:05:48 +0000"/>
                    </attachments>
                <subtasks>
                    </subtasks>
                <customfields>
                                                <customfield id="customfield_12310310" key="com.atlassian.jira.toolkit:attachments">
                        <customfieldname>Attachment count</customfieldname>
                        <customfieldvalues>
                            <customfieldvalue>1.0</customfieldvalue>
                        </customfieldvalues>
                    </customfield>
                                                                                                                                                                                                                                                                                                                                                                                                                                                                                                                                                                                                                                                                                                                                                                                                                                                                                                                                        <customfield id="customfield_12310420" key="com.pyxis.greenhopper.jira:gh-global-rank">
                        <customfieldname>Global Rank</customfieldname>
                        <customfieldvalues>
                            <customfieldvalue>73011</customfieldvalue>
                        </customfieldvalues>
                    </customfield>
                                                                <customfield id="customfield_12310191" key="com.atlassian.jira.plugin.system.customfieldtypes:multicheckboxes">
                        <customfieldname>Hadoop Flags</customfieldname>
                        <customfieldvalues>
                                <customfieldvalue key="10343"><![CDATA[Reviewed]]></customfieldvalue>
    
                        </customfieldvalues>
                    </customfield>
                                                                                                                        <customfield id="customfield_12312521" key="com.atlassian.jira.toolkit:LastCommentDate">
                        <customfieldname>Last public comment date</customfieldname>
                        <customfieldvalues>
                            6 years, 37 weeks, 3 days ago
                        </customfieldvalues>
                    </customfield>
                                                                                            <customfield id="customfield_12311820" key="com.pyxis.greenhopper.jira:gh-lexo-rank">
                        <customfieldname>Rank</customfieldname>
                        <customfieldvalues>
                            <customfieldvalue>0|i0le6v:</customfieldvalue>

                        </customfieldvalues>
                    </customfield>
                                                                <customfield id="customfield_12310920" key="com.pyxis.greenhopper.jira:gh-global-rank">
                        <customfieldname>Rank (Obsolete)</customfieldname>
                        <customfieldvalues>
                            <customfieldvalue>122949</customfieldvalue>
                        </customfieldvalues>
                    </customfield>
                                                                                                                                                                                                                                                                                                                            <customfield id="customfield_12310222" key="com.atlassian.jira.ext.charting:timeinstatus">
                        <customfieldname>Time in Status</customfieldname>
                        <customfieldvalues>
                            
                        </customfieldvalues>
                    </customfield>
                                                                                                                        </customfields>
    </item>
</channel>
</rss>