<!-- 
RSS generated by JIRA (6.3.4#6332-sha1:51bc225ef474afe3128b2f66878477f322397b16) at Fri Dec 02 06:15:15 UTC 2016

It is possible to restrict the fields that are returned in this document by specifying the 'field' parameter in your request.
For example, to request only the issue key and summary add field=key&field=summary to the URL of your request.
For example:
https://issues.apache.org/jira/si/jira.issueviews:issue-xml/HIVE-12364/HIVE-12364.xml?field=key&amp;field=summary
-->
<rss version="0.92" >
<channel>
    <title>ASF JIRA</title>
    <link>https://issues.apache.org/jira</link>
    <description>This file is an XML representation of an issue</description>
    <language>en-uk</language>    <build-info>
        <version>6.3.4</version>
        <build-number>6332</build-number>
        <build-date>15-08-2014</build-date>
    </build-info>

<item>
            <title>[HIVE-12364] Distcp job fails when run under Tez</title>
                <link>https://issues.apache.org/jira/browse/HIVE-12364</link>
                <project id="12310843" key="HIVE">Hive</project>
                    <description>&lt;p&gt;PROBLEM:&lt;/p&gt;

&lt;p&gt;insert into/overwrite directory &apos;/path&apos; invokes distcp for moveTask and fails&lt;br/&gt;
query when execution engine is Tez &lt;/p&gt;

&lt;p&gt;set hive.exec.copyfile.maxsize=40000;&lt;br/&gt;
insert overwrite into &apos;/tmp/testinser&apos; select * from customer;&lt;br/&gt;
failed at moveTask&lt;br/&gt;
hive client log:&lt;/p&gt;
&lt;div class=&quot;code panel&quot; style=&quot;border-width: 1px;&quot;&gt;&lt;div class=&quot;codeContent panelContent&quot;&gt;
&lt;pre class=&quot;code-java&quot;&gt;
2015-11-05 16:02:53,254 INFO  [main]: exec.FileSinkOperator (Utilities.java:mvFileToFinalPath(1882)) - Moving tmp dir: hdfs:&lt;span class=&quot;code-comment&quot;&gt;//hdpsecehdfs/tmp/testindir/.hive-staging_hive_2015-11-05_15-59-44_557_1429894387987411483-1/_tmp.-ext-10000 to: hdfs://hdpsecehdfs/tmp/testindir/.hive-staging_hive_2015-11-05_15-59-44_557_1429894387987411483-1/-ext-10000
&lt;/span&gt;2015-11-05 16:02:53,611 INFO  [main]: log.PerfLogger (PerfLogger.java:PerfLogBegin(121)) - &amp;lt;PERFLOG method=task.DEPENDENCY_COLLECTION.Stage-2 from=org.apache.hadoop.hive.ql.Driver&amp;gt;
2015-11-05 16:02:53,612 INFO  [main]: ql.Driver (Driver.java:launchTask(1653)) - Starting task [Stage-2:DEPENDENCY_COLLECTION] in serial mode
2015-11-05 16:02:53,612 INFO  [main]: log.PerfLogger (PerfLogger.java:PerfLogBegin(121)) - &amp;lt;PERFLOG method=task.MOVE.Stage-0 from=org.apache.hadoop.hive.ql.Driver&amp;gt;
2015-11-05 16:02:53,612 INFO  [main]: ql.Driver (Driver.java:launchTask(1653)) - Starting task [Stage-0:MOVE] in serial mode
2015-11-05 16:02:53,612 INFO  [main]: exec.Task (SessionState.java:printInfo(951)) - Moving data to: /tmp/testindir from hdfs:&lt;span class=&quot;code-comment&quot;&gt;//hdpsecehdfs/tmp/testindir/.hive-staging_hive_2015-11-05_15-59-44_557_1429894387987411483-1/-ext-10000
&lt;/span&gt;2015-11-05 16:02:53,637 INFO  [main]: common.FileUtils (FileUtils.java:copy(551)) - Source is 491763261 bytes. (MAX: 40000)
2015-11-05 16:02:53,638 INFO  [main]: common.FileUtils (FileUtils.java:copy(552)) - Launch distributed copy (distcp) job.
2015-11-05 16:03:03,924 INFO  [main]: impl.TimelineClientImpl (TimelineClientImpl.java:serviceInit(296)) - Timeline service address: http:&lt;span class=&quot;code-comment&quot;&gt;//hdpsece02.sece.hwxsup.com:8188/ws/v1/timeline/
&lt;/span&gt;2015-11-05 16:03:04,081 INFO  [main]: impl.TimelineClientImpl (TimelineClientImpl.java:serviceInit(296)) - Timeline service address: http:&lt;span class=&quot;code-comment&quot;&gt;//hdpsece02.sece.hwxsup.com:8188/ws/v1/timeline/
&lt;/span&gt;2015-11-05 16:03:20,210 INFO  [main]: hdfs.DFSClient (DFSClient.java:getDelegationToken(1047)) - Created HDFS_DELEGATION_TOKEN token 1069 &lt;span class=&quot;code-keyword&quot;&gt;for&lt;/span&gt; haha on ha-hdfs:hdpsecehdfs
2015-11-05 16:03:20,249 INFO  [main]: security.TokenCache (TokenCache.java:obtainTokensForNamenodesInternal(125)) - Got dt &lt;span class=&quot;code-keyword&quot;&gt;for&lt;/span&gt; hdfs:&lt;span class=&quot;code-comment&quot;&gt;//hdpsecehdfs; Kind: HDFS_DELEGATION_TOKEN, Service: ha-hdfs:hdpsecehdfs, Ident: (HDFS_DELEGATION_TOKEN token 1069 &lt;span class=&quot;code-keyword&quot;&gt;for&lt;/span&gt; haha)
&lt;/span&gt;2015-11-05 16:03:20,250 WARN  [main]: token.Token (Token.java:getClassForIdentifier(121)) - Cannot find class &lt;span class=&quot;code-keyword&quot;&gt;for&lt;/span&gt; token kind kms-dt
2015-11-05 16:03:20,250 INFO  [main]: security.TokenCache (TokenCache.java:obtainTokensForNamenodesInternal(125)) - Got dt &lt;span class=&quot;code-keyword&quot;&gt;for&lt;/span&gt; hdfs:&lt;span class=&quot;code-comment&quot;&gt;//hdpsecehdfs; Kind: kms-dt, Service: 172.25.17.102:9292, Ident: 00 04 68 61 68 61 02 72 6d 00 8a 01 50 da 1a ca 29 8a 01 50 fe 27 4e 29 03 02
&lt;/span&gt;2015-11-05 16:03:22,561 INFO  [main]: Configuration.deprecation (Configuration.java:warnOnceIfDeprecated(1173)) - io.sort.mb is deprecated. Instead, use mapreduce.task.io.sort.mb
2015-11-05 16:03:22,562 INFO  [main]: Configuration.deprecation (Configuration.java:warnOnceIfDeprecated(1173)) - io.sort.factor is deprecated. Instead, use mapreduce.task.io.sort.factor
2015-11-05 16:03:33,733 ERROR [main]: exec.Task (SessionState.java:printError(960)) - Failed with exception Unable to move source hdfs:&lt;span class=&quot;code-comment&quot;&gt;//hdpsecehdfs/tmp/testindir/.hive-staging_hive_2015-11-05_15-59-44_557_1429894387987411483-1/-ext-10000 to destination /tmp/testindir
&lt;/span&gt;org.apache.hadoop.hive.ql.metadata.HiveException: Unable to move source hdfs:&lt;span class=&quot;code-comment&quot;&gt;//hdpsecehdfs/tmp/testindir/.hive-staging_hive_2015-11-05_15-59-44_557_1429894387987411483-1/-ext-10000 to destination /tmp/testindir
&lt;/span&gt;        at org.apache.hadoop.hive.ql.metadata.Hive.moveFile(Hive.java:2665)
        at org.apache.hadoop.hive.ql.exec.MoveTask.moveFile(MoveTask.java:105)
        at org.apache.hadoop.hive.ql.exec.MoveTask.execute(MoveTask.java:222)
        at org.apache.hadoop.hive.ql.exec.Task.executeTask(Task.java:160)
        at org.apache.hadoop.hive.ql.exec.TaskRunner.runSequential(TaskRunner.java:89)
        at org.apache.hadoop.hive.ql.Driver.launchTask(Driver.java:1655)
        at org.apache.hadoop.hive.ql.Driver.execute(Driver.java:1414)
        at org.apache.hadoop.hive.ql.Driver.runInternal(Driver.java:1195)
        at org.apache.hadoop.hive.ql.Driver.run(Driver.java:1059)
        at org.apache.hadoop.hive.ql.Driver.run(Driver.java:1049)
        at org.apache.hadoop.hive.cli.CliDriver.processLocalCmd(CliDriver.java:213)
        at org.apache.hadoop.hive.cli.CliDriver.processCmd(CliDriver.java:165)
        at org.apache.hadoop.hive.cli.CliDriver.processLine(CliDriver.java:376)
        at org.apache.hadoop.hive.cli.CliDriver.executeDriver(CliDriver.java:736)
        at org.apache.hadoop.hive.cli.CliDriver.run(CliDriver.java:681)
        at org.apache.hadoop.hive.cli.CliDriver.main(CliDriver.java:621)
        at sun.reflect.NativeMethodAccessorImpl.invoke0(Native Method)
        at sun.reflect.NativeMethodAccessorImpl.invoke(NativeMethodAccessorImpl.java:62)
        at sun.reflect.DelegatingMethodAccessorImpl.invoke(DelegatingMethodAccessorImpl.java:43)
        at java.lang.reflect.Method.invoke(Method.java:497)
        at org.apache.hadoop.util.RunJar.run(RunJar.java:221)
        at org.apache.hadoop.util.RunJar.main(RunJar.java:136)
Caused by: java.io.IOException: Cannot execute DistCp process: java.io.IOException: mapreduce.job.inputformat.class is incompatible with map compatability mode.
        at org.apache.hadoop.hive.shims.Hadoop23Shims.runDistCp(Hadoop23Shims.java:1156)
        at org.apache.hadoop.hive.common.FileUtils.copy(FileUtils.java:553)
        at org.apache.hadoop.hive.ql.metadata.Hive.moveFile(Hive.java:2647)
        ... 21 more
Caused by: java.io.IOException: mapreduce.job.inputformat.class is incompatible with map compatability mode.
        at org.apache.hadoop.mapreduce.Job.ensureNotSet(Job.java:1194)
        at org.apache.hadoop.mapreduce.Job.setUseNewAPI(Job.java:1229)
        at org.apache.hadoop.mapreduce.Job.submit(Job.java:1283)
        at org.apache.hadoop.tools.DistCp.createAndSubmitJob(DistCp.java:183)
        at org.apache.hadoop.tools.DistCp.execute(DistCp.java:153)
        at org.apache.hadoop.hive.shims.Hadoop23Shims.runDistCp(Hadoop23Shims.java:1153)
        ... 23 more

2015-11-05 16:03:33,734 INFO  [main]: hooks.ATSHook (ATSHook.java:&amp;lt;init&amp;gt;(84)) - Created ATS Hook

&lt;/pre&gt;
&lt;/div&gt;&lt;/div&gt;</description>
                <environment></environment>
        <key id="12911265">HIVE-12364</key>
            <summary>Distcp job fails when run under Tez</summary>
                <type id="1" iconUrl="https://issues.apache.org/jira/images/icons/issuetypes/bug.png">Bug</type>
                                            <priority id="2" iconUrl="https://issues.apache.org/jira/images/icons/priorities/critical.png">Critical</priority>
                        <status id="6" iconUrl="https://issues.apache.org/jira/images/icons/statuses/closed.png" description="The issue is considered finished, the resolution is correct. Issues which are closed can be reopened.">Closed</status>
                    <statusCategory id="3" key="done" colorName="green"/>
                                    <resolution id="1">Fixed</resolution>
                                        <assignee username="prasanth_j">Prasanth Jayachandran</assignee>
                                    <reporter username="prasanth_j">Prasanth Jayachandran</reporter>
                        <labels>
                    </labels>
                <created>Sat, 7 Nov 2015 02:04:25 +0000</created>
                <updated>Tue, 16 Feb 2016 23:53:15 +0000</updated>
                            <resolved>Tue, 10 Nov 2015 02:00:24 +0000</resolved>
                                    <version>1.3.0</version>
                    <version>2.0.0</version>
                                    <fixVersion>1.3.0</fixVersion>
                    <fixVersion>2.0.0</fixVersion>
                                    <component>Tez</component>
                        <due></due>
                            <votes>0</votes>
                                    <watches>4</watches>
                                                                <comments>
                            <comment id="14994949" author="prasanth_j" created="Sat, 7 Nov 2015 02:48:37 +0000"  >&lt;p&gt;&lt;a href=&quot;https://issues.apache.org/jira/secure/ViewProfile.jspa?name=ashutoshc&quot; class=&quot;user-hover&quot; rel=&quot;ashutoshc&quot;&gt;Ashutosh Chauhan&lt;/a&gt; Can you plz take a look at this patch? I will put up patch for master shortly.&lt;/p&gt;</comment>
                            <comment id="14995136" author="ashutoshc" created="Sat, 7 Nov 2015 10:04:34 +0000"  >&lt;p&gt;+1 LGTM&lt;/p&gt;</comment>
                            <comment id="14997717" author="hiveqa" created="Tue, 10 Nov 2015 00:13:08 +0000"  >

&lt;p&gt;Here are the results of testing the latest attachment:&lt;br/&gt;
&lt;a href=&quot;https://issues.apache.org/jira/secure/attachment/12771436/HIVE-12364.patch&quot; class=&quot;external-link&quot; rel=&quot;nofollow&quot;&gt;https://issues.apache.org/jira/secure/attachment/12771436/HIVE-12364.patch&lt;/a&gt;&lt;/p&gt;

&lt;p&gt;&lt;font color=&quot;green&quot;&gt;SUCCESS:&lt;/font&gt; +1 due to 1 test(s) being added or modified.&lt;/p&gt;

&lt;p&gt;&lt;font color=&quot;red&quot;&gt;ERROR:&lt;/font&gt; -1 due to 3 failed/errored test(s), 9779 tests executed&lt;br/&gt;
&lt;b&gt;Failed tests:&lt;/b&gt;&lt;/p&gt;
&lt;div class=&quot;preformatted panel&quot; style=&quot;border-width: 1px;&quot;&gt;&lt;div class=&quot;preformattedContent panelContent&quot;&gt;
&lt;pre&gt;org.apache.hadoop.hive.cli.TestNegativeCliDriver.testNegativeCliDriver_authorization_uri_import
org.apache.hadoop.hive.hwi.TestHWISessionManager.testHiveDriver
org.apache.hive.jdbc.TestSSL.testSSLVersion
&lt;/pre&gt;
&lt;/div&gt;&lt;/div&gt;

&lt;p&gt;Test results: &lt;a href=&quot;http://ec2-174-129-184-35.compute-1.amazonaws.com/jenkins/job/PreCommit-HIVE-TRUNK-Build/5975/testReport&quot; class=&quot;external-link&quot; rel=&quot;nofollow&quot;&gt;http://ec2-174-129-184-35.compute-1.amazonaws.com/jenkins/job/PreCommit-HIVE-TRUNK-Build/5975/testReport&lt;/a&gt;&lt;br/&gt;
Console output: &lt;a href=&quot;http://ec2-174-129-184-35.compute-1.amazonaws.com/jenkins/job/PreCommit-HIVE-TRUNK-Build/5975/console&quot; class=&quot;external-link&quot; rel=&quot;nofollow&quot;&gt;http://ec2-174-129-184-35.compute-1.amazonaws.com/jenkins/job/PreCommit-HIVE-TRUNK-Build/5975/console&lt;/a&gt;&lt;br/&gt;
Test logs: &lt;a href=&quot;http://ec2-174-129-184-35.compute-1.amazonaws.com/logs/PreCommit-HIVE-TRUNK-Build-5975/&quot; class=&quot;external-link&quot; rel=&quot;nofollow&quot;&gt;http://ec2-174-129-184-35.compute-1.amazonaws.com/logs/PreCommit-HIVE-TRUNK-Build-5975/&lt;/a&gt;&lt;/p&gt;

&lt;p&gt;Messages:&lt;/p&gt;
&lt;div class=&quot;preformatted panel&quot; style=&quot;border-width: 1px;&quot;&gt;&lt;div class=&quot;preformattedContent panelContent&quot;&gt;
&lt;pre&gt;Executing org.apache.hive.ptest.execution.TestCheckPhase
Executing org.apache.hive.ptest.execution.PrepPhase
Executing org.apache.hive.ptest.execution.ExecutionPhase
Executing org.apache.hive.ptest.execution.ReportingPhase
Tests exited with: TestsFailedException: 3 tests failed
&lt;/pre&gt;
&lt;/div&gt;&lt;/div&gt;

&lt;p&gt;This message is automatically generated.&lt;/p&gt;

&lt;p&gt;ATTACHMENT ID: 12771436 - PreCommit-HIVE-TRUNK-Build&lt;/p&gt;</comment>
                            <comment id="14997849" author="ashutoshc" created="Tue, 10 Nov 2015 02:00:24 +0000"  >&lt;p&gt;Pushed to master. &lt;/p&gt;</comment>
                            <comment id="15001518" author="sershe" created="Thu, 12 Nov 2015 02:12:13 +0000"  >&lt;p&gt;Should this issue be backported to branch-1? It looks like a bug.&lt;/p&gt;</comment>
                            <comment id="15047561" author="mithun" created="Tue, 8 Dec 2015 22:06:59 +0000"  >&lt;p&gt;+1 for backport to branch-1.&lt;/p&gt;</comment>
                            <comment id="15047569" author="prasanth_j" created="Tue, 8 Dec 2015 22:12:15 +0000"  >&lt;p&gt;I holded it back as some other patches for related to copy/move did not land in branch-1. &lt;/p&gt;</comment>
                            <comment id="15047580" author="mithun" created="Tue, 8 Dec 2015 22:18:33 +0000"  >&lt;p&gt;Hey, &lt;a href=&quot;https://issues.apache.org/jira/secure/ViewProfile.jspa?name=prasanth_j&quot; class=&quot;user-hover&quot; rel=&quot;prasanth_j&quot;&gt;Prasanth Jayachandran&lt;/a&gt;. I&apos;d be keen on knowing what other patches this might need. Were these also critical bug-fixes?&lt;/p&gt;

&lt;p&gt;This patch seems pretty self-contained. It&apos;s the result of Hive&apos;s own InputFormats implementing old-api, while DistCp uses the new MR apis. We ran into this problem today. I also ran into a similar problem when introducing a custom MR job for something else I&apos;m working on. (That I&apos;ll explain in another JIRA.)&lt;/p&gt;
</comment>
                            <comment id="15047623" author="prasanth_j" created="Tue, 8 Dec 2015 22:47:46 +0000"  >&lt;p&gt;&lt;a href=&quot;https://issues.apache.org/jira/browse/HIVE-11940&quot; title=&quot;&amp;quot;INSERT OVERWRITE&amp;quot; query is very slow because it creates one &amp;quot;distcp&amp;quot; per file to copy data from staging directory to target directory&quot; class=&quot;issue-link&quot; data-issue-key=&quot;HIVE-11940&quot;&gt;&lt;del&gt;HIVE-11940&lt;/del&gt;&lt;/a&gt; and &lt;a href=&quot;https://issues.apache.org/jira/browse/HIVE-7476&quot; title=&quot;CTAS does not work properly for s3&quot; class=&quot;issue-link&quot; data-issue-key=&quot;HIVE-7476&quot;&gt;&lt;del&gt;HIVE-7476&lt;/del&gt;&lt;/a&gt;&lt;/p&gt;

&lt;p&gt;Looks like &lt;a href=&quot;https://issues.apache.org/jira/browse/HIVE-7476&quot; title=&quot;CTAS does not work properly for s3&quot; class=&quot;issue-link&quot; data-issue-key=&quot;HIVE-7476&quot;&gt;&lt;del&gt;HIVE-7476&lt;/del&gt;&lt;/a&gt; backported recently. &lt;a href=&quot;https://issues.apache.org/jira/browse/HIVE-11940&quot; title=&quot;&amp;quot;INSERT OVERWRITE&amp;quot; query is very slow because it creates one &amp;quot;distcp&amp;quot; per file to copy data from staging directory to target directory&quot; class=&quot;issue-link&quot; data-issue-key=&quot;HIVE-11940&quot;&gt;&lt;del&gt;HIVE-11940&lt;/del&gt;&lt;/a&gt; needs to go. Without &lt;a href=&quot;https://issues.apache.org/jira/browse/HIVE-11940&quot; title=&quot;&amp;quot;INSERT OVERWRITE&amp;quot; query is very slow because it creates one &amp;quot;distcp&amp;quot; per file to copy data from staging directory to target directory&quot; class=&quot;issue-link&quot; data-issue-key=&quot;HIVE-11940&quot;&gt;&lt;del&gt;HIVE-11940&lt;/del&gt;&lt;/a&gt; distcp could be wrongly triggered. distcp should only be triggered if move across different fs or encryption zones. &lt;a href=&quot;https://issues.apache.org/jira/browse/HIVE-11940&quot; title=&quot;&amp;quot;INSERT OVERWRITE&amp;quot; query is very slow because it creates one &amp;quot;distcp&amp;quot; per file to copy data from staging directory to target directory&quot; class=&quot;issue-link&quot; data-issue-key=&quot;HIVE-11940&quot;&gt;&lt;del&gt;HIVE-11940&lt;/del&gt;&lt;/a&gt; removes one of the probable invocation of distcp. &lt;/p&gt;</comment>
                            <comment id="15047682" author="mithun" created="Tue, 8 Dec 2015 23:26:10 +0000"  >&lt;p&gt;Brilliant! Thank you, Prashanth. I&apos;ll check on these bugs for our internal branch. &lt;/p&gt;

&lt;p&gt;IMHO, given that they solve problems with an officially released version, we really should consider pulling them into branch-1. &lt;/p&gt;</comment>
                            <comment id="15047688" author="prasanth_j" created="Tue, 8 Dec 2015 23:36:38 +0000"  >&lt;p&gt;We also need &lt;a href=&quot;https://issues.apache.org/jira/browse/HIVE-11607&quot; title=&quot;Export tables broken for data &amp;gt; 32 MB&quot; class=&quot;issue-link&quot; data-issue-key=&quot;HIVE-11607&quot;&gt;&lt;del&gt;HIVE-11607&lt;/del&gt;&lt;/a&gt; and &lt;a href=&quot;https://issues.apache.org/jira/browse/HIVE-11820&quot; title=&quot;export tables with size of &amp;gt;32MB throws &amp;quot;java.lang.IllegalArgumentException: Skip CRC is valid only with update options&amp;quot;&quot; class=&quot;issue-link&quot; data-issue-key=&quot;HIVE-11820&quot;&gt;&lt;del&gt;HIVE-11820&lt;/del&gt;&lt;/a&gt;. I am now cherrypicking all these patches to branch-1. Let&apos;s see how it goes. &lt;/p&gt;</comment>
                            <comment id="15047737" author="prasanth_j" created="Wed, 9 Dec 2015 00:09:55 +0000"  >&lt;p&gt;Committed all relevant patches to branch-1 along with this patch.&lt;/p&gt;</comment>
                            <comment id="15047801" author="mithun" created="Wed, 9 Dec 2015 00:57:29 +0000"  >&lt;p&gt;Superb! Thanks, dude.&lt;/p&gt;</comment>
                    </comments>
                <issuelinks>
                            <issuelinktype id="12310050">
                    <name>Regression</name>
                                                                <inwardlinks description="is broken by">
                                        <issuelink>
            <issuekey id="12911266">TEZ-2931</issuekey>
        </issuelink>
                            </inwardlinks>
                                    </issuelinktype>
                    </issuelinks>
                <attachments>
                            <attachment id="12771157" name="HIVE-12364-branch-1.patch" size="4141" author="prasanth_j" created="Sat, 7 Nov 2015 02:48:11 +0000"/>
                            <attachment id="12771436" name="HIVE-12364.patch" size="3893" author="ashutoshc" created="Mon, 9 Nov 2015 21:30:55 +0000"/>
                    </attachments>
                <subtasks>
                    </subtasks>
                <customfields>
                                                <customfield id="customfield_12310310" key="com.atlassian.jira.toolkit:attachments">
                        <customfieldname>Attachment count</customfieldname>
                        <customfieldvalues>
                            <customfieldvalue>2.0</customfieldvalue>
                        </customfieldvalues>
                    </customfield>
                                                                                                                                                                                                                                                                                                                                                                                                                                                                                                                                <customfield id="customfield_12310220" key="com.atlassian.jira.ext.charting:firstresponsedate">
                        <customfieldname>Date of First Response</customfieldname>
                        <customfieldvalues>
                            <customfieldvalue>Sat, 7 Nov 2015 10:04:34 +0000</customfieldvalue>

                        </customfieldvalues>
                    </customfield>
                                                                                                                                                                                                                                                                                                                                                                                                                                            <customfield id="customfield_12310420" key="com.pyxis.greenhopper.jira:gh-global-rank">
                        <customfieldname>Global Rank</customfieldname>
                        <customfieldvalues>
                            <customfieldvalue>9223372036854775807</customfieldvalue>
                        </customfieldvalues>
                    </customfield>
                                                                                                                                                    <customfield id="customfield_12312521" key="com.atlassian.jira.toolkit:LastCommentDate">
                        <customfieldname>Last public comment date</customfieldname>
                        <customfieldvalues>
                            51 weeks, 2 days ago
                        </customfieldvalues>
                    </customfield>
                                                                                            <customfield id="customfield_12311820" key="com.pyxis.greenhopper.jira:gh-lexo-rank">
                        <customfieldname>Rank</customfieldname>
                        <customfieldvalues>
                            <customfieldvalue>0|i2o3cn:</customfieldvalue>

                        </customfieldvalues>
                    </customfield>
                                                                <customfield id="customfield_12310920" key="com.pyxis.greenhopper.jira:gh-global-rank">
                        <customfieldname>Rank (Obsolete)</customfieldname>
                        <customfieldvalues>
                            <customfieldvalue>9223372036854775807</customfieldvalue>
                        </customfieldvalues>
                    </customfield>
                                                                                                                                                                                                                                                                    <customfield id="customfield_12310320" key="com.atlassian.jira.plugin.system.customfieldtypes:multiversion">
                        <customfieldname>Target Version/s</customfieldname>
                        <customfieldvalues>
                                <customfieldvalue>12332154</customfieldvalue>
    
                        </customfieldvalues>
                    </customfield>
                                                                                            <customfield id="customfield_12310222" key="com.atlassian.jira.ext.charting:timeinstatus">
                        <customfieldname>Time in Status</customfieldname>
                        <customfieldvalues>
                            
                        </customfieldvalues>
                    </customfield>
                                                                                                                        </customfields>
    </item>
</channel>
</rss>