<!-- 
RSS generated by JIRA (6.3.4#6332-sha1:51bc225ef474afe3128b2f66878477f322397b16) at Fri Dec 02 05:11:19 UTC 2016

It is possible to restrict the fields that are returned in this document by specifying the 'field' parameter in your request.
For example, to request only the issue key and summary add field=key&field=summary to the URL of your request.
For example:
https://issues.apache.org/jira/si/jira.issueviews:issue-xml/HIVE-12330/HIVE-12330.xml?field=key&amp;field=summary
-->
<rss version="0.92" >
<channel>
    <title>ASF JIRA</title>
    <link>https://issues.apache.org/jira</link>
    <description>This file is an XML representation of an issue</description>
    <language>en-uk</language>    <build-info>
        <version>6.3.4</version>
        <build-number>6332</build-number>
        <build-date>15-08-2014</build-date>
    </build-info>

<item>
            <title>[HIVE-12330] Fix precommit Spark test part2</title>
                <link>https://issues.apache.org/jira/browse/HIVE-12330</link>
                <project id="12310843" key="HIVE">Hive</project>
                    <description>&lt;p&gt;Regression because of &lt;a href=&quot;https://issues.apache.org/jira/browse/HIVE-11489&quot; title=&quot;Jenkins PreCommit-HIVE-SPARK-Build fails with TestCliDriver.initializationError&quot; class=&quot;issue-link&quot; data-issue-key=&quot;HIVE-11489&quot;&gt;&lt;del&gt;HIVE-11489&lt;/del&gt;&lt;/a&gt;&lt;/p&gt;</description>
                <environment></environment>
        <key id="12910215">HIVE-12330</key>
            <summary>Fix precommit Spark test part2</summary>
                <type id="1" iconUrl="https://issues.apache.org/jira/images/icons/issuetypes/bug.png">Bug</type>
                                            <priority id="3" iconUrl="https://issues.apache.org/jira/images/icons/priorities/major.png">Major</priority>
                        <status id="6" iconUrl="https://issues.apache.org/jira/images/icons/statuses/closed.png" description="The issue is considered finished, the resolution is correct. Issues which are closed can be reopened.">Closed</status>
                    <statusCategory id="3" key="done" colorName="green"/>
                                    <resolution id="1">Fixed</resolution>
                                        <assignee username="spena">Sergio Pe&#241;a</assignee>
                                    <reporter username="szehon">Szehon Ho</reporter>
                        <labels>
                    </labels>
                <created>Wed, 4 Nov 2015 01:28:25 +0000</created>
                <updated>Wed, 9 Mar 2016 17:59:36 +0000</updated>
                            <resolved>Wed, 9 Dec 2015 00:02:37 +0000</resolved>
                                    <version>2.0.0</version>
                                    <fixVersion>2.0.0</fixVersion>
                                    <component>Testing Infrastructure</component>
                        <due></due>
                            <votes>0</votes>
                                    <watches>4</watches>
                                                                <comments>
                            <comment id="14988677" author="szehon" created="Wed, 4 Nov 2015 01:29:06 +0000"  >&lt;p&gt;The issue is that as part of &lt;a href=&quot;https://issues.apache.org/jira/browse/HIVE-11489&quot; title=&quot;Jenkins PreCommit-HIVE-SPARK-Build fails with TestCliDriver.initializationError&quot; class=&quot;issue-link&quot; data-issue-key=&quot;HIVE-11489&quot;&gt;&lt;del&gt;HIVE-11489&lt;/del&gt;&lt;/a&gt;, I am cleaning the generated &apos;TestSparkCliDriver&apos; before running the test.  Turns out multiple tests can be running on the same machine, so this is not so good.&lt;/p&gt;

&lt;p&gt;I tuned the PTest server to run the drivers not in parallel, going to give a try.&lt;/p&gt;</comment>
                            <comment id="14988842" author="hiveqa" created="Wed, 4 Nov 2015 04:07:40 +0000"  >

&lt;p&gt;Here are the results of testing the latest attachment:&lt;br/&gt;
&lt;a href=&quot;https://issues.apache.org/jira/secure/attachment/12770487/HIVE-12229.3-spark.patch&quot; class=&quot;external-link&quot; rel=&quot;nofollow&quot;&gt;https://issues.apache.org/jira/secure/attachment/12770487/HIVE-12229.3-spark.patch&lt;/a&gt;&lt;/p&gt;

&lt;p&gt;&lt;font color=&quot;red&quot;&gt;ERROR:&lt;/font&gt; -1 due to no test(s) being added or modified.&lt;/p&gt;

&lt;p&gt;&lt;font color=&quot;red&quot;&gt;ERROR:&lt;/font&gt; -1 due to 3 failed/errored test(s), 9650 tests executed&lt;br/&gt;
&lt;b&gt;Failed tests:&lt;/b&gt;&lt;/p&gt;
&lt;div class=&quot;preformatted panel&quot; style=&quot;border-width: 1px;&quot;&gt;&lt;div class=&quot;preformattedContent panelContent&quot;&gt;
&lt;pre&gt;org.apache.hadoop.hive.cli.TestMiniLlapCliDriver.initializationError
org.apache.hadoop.hive.hwi.TestHWISessionManager.testHiveDriver
org.apache.hive.jdbc.TestSSL.testSSLVersion
&lt;/pre&gt;
&lt;/div&gt;&lt;/div&gt;

&lt;p&gt;Test results: &lt;a href=&quot;http://ec2-174-129-184-35.compute-1.amazonaws.com/jenkins/job/PreCommit-HIVE-SPARK-Build/990/testReport&quot; class=&quot;external-link&quot; rel=&quot;nofollow&quot;&gt;http://ec2-174-129-184-35.compute-1.amazonaws.com/jenkins/job/PreCommit-HIVE-SPARK-Build/990/testReport&lt;/a&gt;&lt;br/&gt;
Console output: &lt;a href=&quot;http://ec2-174-129-184-35.compute-1.amazonaws.com/jenkins/job/PreCommit-HIVE-SPARK-Build/990/console&quot; class=&quot;external-link&quot; rel=&quot;nofollow&quot;&gt;http://ec2-174-129-184-35.compute-1.amazonaws.com/jenkins/job/PreCommit-HIVE-SPARK-Build/990/console&lt;/a&gt;&lt;br/&gt;
Test logs: &lt;a href=&quot;http://ec2-50-18-27-0.us-west-1.compute.amazonaws.com/logs/PreCommit-HIVE-SPARK-Build-990/&quot; class=&quot;external-link&quot; rel=&quot;nofollow&quot;&gt;http://ec2-50-18-27-0.us-west-1.compute.amazonaws.com/logs/PreCommit-HIVE-SPARK-Build-990/&lt;/a&gt;&lt;/p&gt;

&lt;p&gt;Messages:&lt;/p&gt;
&lt;div class=&quot;preformatted panel&quot; style=&quot;border-width: 1px;&quot;&gt;&lt;div class=&quot;preformattedContent panelContent&quot;&gt;
&lt;pre&gt;Executing org.apache.hive.ptest.execution.TestCheckPhase
Executing org.apache.hive.ptest.execution.PrepPhase
Executing org.apache.hive.ptest.execution.ExecutionPhase
Executing org.apache.hive.ptest.execution.ReportingPhase
Tests exited with: TestsFailedException: 3 tests failed
&lt;/pre&gt;
&lt;/div&gt;&lt;/div&gt;

&lt;p&gt;This message is automatically generated.&lt;/p&gt;

&lt;p&gt;ATTACHMENT ID: 12770487 - PreCommit-HIVE-SPARK-Build&lt;/p&gt;</comment>
                            <comment id="14990508" author="szehon" created="Wed, 4 Nov 2015 21:50:47 +0000"  >&lt;p&gt;Sergio mentioned he might be interested.&lt;/p&gt;

&lt;p&gt;A long-term fix needs to be done for this.  Right now, I am just setting qFileTests.xxx.isolateDriver= true for all the drivers as a workaround on the server.&lt;/p&gt;

&lt;p&gt;Potential ideas:&lt;br/&gt;
1.  clean only the testdriver class files and not the java file (to force recompilation, but not remove the testdriver java file and make other test processes have no test to run).&lt;br/&gt;
2.  disable parallelism in code for all generated testdriver files&lt;br/&gt;
3.  rework the generated testdriver file such that they read an environment variable (probably the cleanest, needs investigation) instead of hardcode the path&lt;/p&gt;</comment>
                            <comment id="14994609" author="spena" created="Fri, 6 Nov 2015 22:44:25 +0000"  >&lt;p&gt;I did more research about a solution for this. I will move with #3 where we have to rework in the generated testdriver file. My plan is to not use the QFileNames.txt file anymore. I will make some changes, and upload a patch for the test.&lt;/p&gt;</comment>
                            <comment id="14997172" author="hiveqa" created="Mon, 9 Nov 2015 19:16:10 +0000"  >

&lt;p&gt;Here are the results of testing the latest attachment:&lt;br/&gt;
&lt;a href=&quot;https://issues.apache.org/jira/secure/attachment/12771135/HIVE-12330.4-spark.patch&quot; class=&quot;external-link&quot; rel=&quot;nofollow&quot;&gt;https://issues.apache.org/jira/secure/attachment/12771135/HIVE-12330.4-spark.patch&lt;/a&gt;&lt;/p&gt;

&lt;p&gt;&lt;font color=&quot;red&quot;&gt;ERROR:&lt;/font&gt; -1 due to no test(s) being added or modified.&lt;/p&gt;

&lt;p&gt;&lt;font color=&quot;red&quot;&gt;ERROR:&lt;/font&gt; -1 due to 37 failed/errored test(s), 9159 tests executed&lt;br/&gt;
&lt;b&gt;Failed tests:&lt;/b&gt;&lt;/p&gt;
&lt;div class=&quot;preformatted panel&quot; style=&quot;border-width: 1px;&quot;&gt;&lt;div class=&quot;preformattedContent panelContent&quot;&gt;
&lt;pre&gt;TestCliDriver-alter_table_not_sorted.q-groupby4_map.q-exim_11_managed_external.q-and-12-more - did not produce a TEST-*.xml file
TestCliDriver-auto_join30.q-orc_ppd_decimal.q-input17.q-and-12-more - did not produce a TEST-*.xml file
TestCliDriver-auto_join_reordering_values.q-vector_decimal_trailing.q-udf_concat_ws.q-and-12-more - did not produce a TEST-*.xml file
TestCliDriver-bucket_map_join_tez1.q-fetch_aggregation.q-drop_database_removes_partition_dirs.q-and-12-more - did not produce a TEST-*.xml file
TestCliDriver-bucketsortoptimize_insert_7.q-dynpart_sort_optimization2.q-decimal_3.q-and-12-more - did not produce a TEST-*.xml file
TestCliDriver-cbo_rp_lineage2.q-authorization_update.q-udf_pmod.q-and-12-more - did not produce a TEST-*.xml file
TestCliDriver-compute_stats_string.q-show_columns.q-vector_auto_smb_mapjoin_14.q-and-12-more - did not produce a TEST-*.xml file
TestCliDriver-gby_star.q-decimal_join.q-lateral_view_cp.q-and-12-more - did not produce a TEST-*.xml file
TestCliDriver-groupby3_map.q-current_date_timestamp.q-skewjoinopt8.q-and-12-more - did not produce a TEST-*.xml file
TestCliDriver-groupby_grouping_sets5.q-auto_sortmerge_join_13.q-udf_concat.q-and-12-more - did not produce a TEST-*.xml file
TestCliDriver-groupby_map_ppr_multi_distinct.q-vectorization_16.q-union_remove_15.q-and-12-more - did not produce a TEST-*.xml file
TestCliDriver-index_compact.q-bucketcontext_3.q-merge_dynamic_partition2.q-and-12-more - did not produce a TEST-*.xml file
TestCliDriver-insert_values_non_partitioned.q-union5.q-udf_lower.q-and-12-more - did not produce a TEST-*.xml file
TestCliDriver-metadataonly1.q-union19.q-groupby_grouping_sets6.q-and-12-more - did not produce a TEST-*.xml file
TestCliDriver-skewjoin_mapjoin7.q-optional_outer.q-ptf_rcfile.q-and-12-more - did not produce a TEST-*.xml file
TestCliDriver-udf_bitwise_and.q-bucketcontext_4.q-orc_ends_with_nulls.q-and-12-more - did not produce a TEST-*.xml file
TestCliDriver-udf_log2.q-cbo_rp_views.q-alter_merge_stats.q-and-12-more - did not produce a TEST-*.xml file
TestCliDriver-unicode_notation.q-ppd_join4.q-union27.q-and-12-more - did not produce a TEST-*.xml file
TestCliDriver-vectorization_10.q-list_bucket_dml_2.q-union26.q-and-12-more - did not produce a TEST-*.xml file
TestCliDriver-vectorized_parquet.q-stats12.q-binarysortable_1.q-and-12-more - did not produce a TEST-*.xml file
TestCliDriver-view.q-udf2.q-input16.q-and-12-more - did not produce a TEST-*.xml file
TestMiniLlapCliDriver - did not produce a TEST-*.xml file
TestMiniTezCliDriver-auto_sortmerge_join_7.q-tez_union_group_by.q-orc_merge9.q-and-12-more - did not produce a TEST-*.xml file
TestMiniTezCliDriver-constprog_dpp.q-dynamic_partition_pruning.q-vectorization_10.q-and-12-more - did not produce a TEST-*.xml file
TestMiniTezCliDriver-delete_where_non_partitioned.q-auto_sortmerge_join_16.q-skewjoin.q-and-12-more - did not produce a TEST-*.xml file
TestMiniTezCliDriver-update_orig_table.q-union2.q-unionDistinct_2.q-and-12-more - did not produce a TEST-*.xml file
TestSparkCliDriver-avro_joins.q-join36.q-join4.q-and-12-more - did not produce a TEST-*.xml file
TestSparkCliDriver-bucketmapjoin3.q-enforce_order.q-union11.q-and-12-more - did not produce a TEST-*.xml file
TestSparkCliDriver-groupby_complex_types.q-auto_join9.q-groupby_map_ppr.q-and-12-more - did not produce a TEST-*.xml file
TestSparkCliDriver-groupby_grouping_id2.q-vectorization_13.q-auto_sortmerge_join_13.q-and-12-more - did not produce a TEST-*.xml file
TestSparkCliDriver-runtime_skewjoin_mapjoin_spark.q-union_remove_9.q-ppd_multi_insert.q-and-12-more - did not produce a TEST-*.xml file
TestSparkCliDriver-smb_mapjoin_15.q-mapreduce2.q-mapreduce1.q-and-12-more - did not produce a TEST-*.xml file
TestSparkCliDriver-union22.q-union_remove_23.q-transform_ppr2.q-and-5-more - did not produce a TEST-*.xml file
TestSparkCliDriver-union_top_level.q-auto_join1.q-join18.q-and-12-more - did not produce a TEST-*.xml file
org.apache.hadoop.hive.cli.TestEncryptedHDFSCliDriver.testCliDriver_encryption_insert_partition_dynamic
org.apache.hadoop.hive.hwi.TestHWISessionManager.testHiveDriver
org.apache.hive.jdbc.TestSSL.testSSLVersion
&lt;/pre&gt;
&lt;/div&gt;&lt;/div&gt;

&lt;p&gt;Test results: &lt;a href=&quot;http://ec2-174-129-184-35.compute-1.amazonaws.com/jenkins/job/PreCommit-HIVE-SPARK-Build/994/testReport&quot; class=&quot;external-link&quot; rel=&quot;nofollow&quot;&gt;http://ec2-174-129-184-35.compute-1.amazonaws.com/jenkins/job/PreCommit-HIVE-SPARK-Build/994/testReport&lt;/a&gt;&lt;br/&gt;
Console output: &lt;a href=&quot;http://ec2-174-129-184-35.compute-1.amazonaws.com/jenkins/job/PreCommit-HIVE-SPARK-Build/994/console&quot; class=&quot;external-link&quot; rel=&quot;nofollow&quot;&gt;http://ec2-174-129-184-35.compute-1.amazonaws.com/jenkins/job/PreCommit-HIVE-SPARK-Build/994/console&lt;/a&gt;&lt;br/&gt;
Test logs: &lt;a href=&quot;http://ec2-50-18-27-0.us-west-1.compute.amazonaws.com/logs/PreCommit-HIVE-SPARK-Build-994/&quot; class=&quot;external-link&quot; rel=&quot;nofollow&quot;&gt;http://ec2-50-18-27-0.us-west-1.compute.amazonaws.com/logs/PreCommit-HIVE-SPARK-Build-994/&lt;/a&gt;&lt;/p&gt;

&lt;p&gt;Messages:&lt;/p&gt;
&lt;div class=&quot;preformatted panel&quot; style=&quot;border-width: 1px;&quot;&gt;&lt;div class=&quot;preformattedContent panelContent&quot;&gt;
&lt;pre&gt;Executing org.apache.hive.ptest.execution.TestCheckPhase
Executing org.apache.hive.ptest.execution.PrepPhase
Executing org.apache.hive.ptest.execution.ExecutionPhase
Executing org.apache.hive.ptest.execution.ReportingPhase
Tests exited with: TestsFailedException: 37 tests failed
&lt;/pre&gt;
&lt;/div&gt;&lt;/div&gt;

&lt;p&gt;This message is automatically generated.&lt;/p&gt;

&lt;p&gt;ATTACHMENT ID: 12771135 - PreCommit-HIVE-SPARK-Build&lt;/p&gt;</comment>
                            <comment id="14997794" author="hiveqa" created="Tue, 10 Nov 2015 01:31:47 +0000"  >

&lt;p&gt;Here are the results of testing the latest attachment:&lt;br/&gt;
&lt;a href=&quot;https://issues.apache.org/jira/secure/attachment/12771455/HIVE-12330.4-spark.patch&quot; class=&quot;external-link&quot; rel=&quot;nofollow&quot;&gt;https://issues.apache.org/jira/secure/attachment/12771455/HIVE-12330.4-spark.patch&lt;/a&gt;&lt;/p&gt;

&lt;p&gt;&lt;font color=&quot;red&quot;&gt;ERROR:&lt;/font&gt; -1 due to no test(s) being added or modified.&lt;/p&gt;

&lt;p&gt;&lt;font color=&quot;red&quot;&gt;ERROR:&lt;/font&gt; -1 due to 41 failed/errored test(s), 9680 tests executed&lt;br/&gt;
&lt;b&gt;Failed tests:&lt;/b&gt;&lt;/p&gt;
&lt;div class=&quot;preformatted panel&quot; style=&quot;border-width: 1px;&quot;&gt;&lt;div class=&quot;preformattedContent panelContent&quot;&gt;
&lt;pre&gt;org.apache.hadoop.hive.cli.TestEncryptedHDFSCliDriver.testCliDriver_encryption_insert_partition_dynamic
org.apache.hadoop.hive.cli.TestMiniLlapCliDriver.org.apache.hadoop.hive.cli.TestMiniLlapCliDriver
org.apache.hadoop.hive.cli.TestMiniLlapCliDriver.testCliDriver_bucket_map_join_tez1
org.apache.hadoop.hive.cli.TestMiniLlapCliDriver.testCliDriver_bucket_map_join_tez2
org.apache.hadoop.hive.cli.TestMiniLlapCliDriver.testCliDriver_constprog_dpp
org.apache.hadoop.hive.cli.TestMiniLlapCliDriver.testCliDriver_dynamic_partition_pruning
org.apache.hadoop.hive.cli.TestMiniLlapCliDriver.testCliDriver_dynamic_partition_pruning_2
org.apache.hadoop.hive.cli.TestMiniLlapCliDriver.testCliDriver_hybridgrace_hashjoin_1
org.apache.hadoop.hive.cli.TestMiniLlapCliDriver.testCliDriver_hybridgrace_hashjoin_2
org.apache.hadoop.hive.cli.TestMiniLlapCliDriver.testCliDriver_llapdecider
org.apache.hadoop.hive.cli.TestMiniLlapCliDriver.testCliDriver_lvj_mapjoin
org.apache.hadoop.hive.cli.TestMiniLlapCliDriver.testCliDriver_mapjoin_decimal
org.apache.hadoop.hive.cli.TestMiniLlapCliDriver.testCliDriver_mrr
org.apache.hadoop.hive.cli.TestMiniLlapCliDriver.testCliDriver_orc_ppd_basic
org.apache.hadoop.hive.cli.TestMiniLlapCliDriver.testCliDriver_tez_bmj_schema_evolution
org.apache.hadoop.hive.cli.TestMiniLlapCliDriver.testCliDriver_tez_dml
org.apache.hadoop.hive.cli.TestMiniLlapCliDriver.testCliDriver_tez_dynpart_hashjoin_1
org.apache.hadoop.hive.cli.TestMiniLlapCliDriver.testCliDriver_tez_dynpart_hashjoin_2
org.apache.hadoop.hive.cli.TestMiniLlapCliDriver.testCliDriver_tez_fsstat
org.apache.hadoop.hive.cli.TestMiniLlapCliDriver.testCliDriver_tez_insert_overwrite_local_directory_1
org.apache.hadoop.hive.cli.TestMiniLlapCliDriver.testCliDriver_tez_join
org.apache.hadoop.hive.cli.TestMiniLlapCliDriver.testCliDriver_tez_join_hash
org.apache.hadoop.hive.cli.TestMiniLlapCliDriver.testCliDriver_tez_join_result_complex
org.apache.hadoop.hive.cli.TestMiniLlapCliDriver.testCliDriver_tez_join_tests
org.apache.hadoop.hive.cli.TestMiniLlapCliDriver.testCliDriver_tez_joins_explain
org.apache.hadoop.hive.cli.TestMiniLlapCliDriver.testCliDriver_tez_multi_union
org.apache.hadoop.hive.cli.TestMiniLlapCliDriver.testCliDriver_tez_schema_evolution
org.apache.hadoop.hive.cli.TestMiniLlapCliDriver.testCliDriver_tez_self_join
org.apache.hadoop.hive.cli.TestMiniLlapCliDriver.testCliDriver_tez_smb_1
org.apache.hadoop.hive.cli.TestMiniLlapCliDriver.testCliDriver_tez_smb_main
org.apache.hadoop.hive.cli.TestMiniLlapCliDriver.testCliDriver_tez_union
org.apache.hadoop.hive.cli.TestMiniLlapCliDriver.testCliDriver_tez_union2
org.apache.hadoop.hive.cli.TestMiniLlapCliDriver.testCliDriver_tez_union_decimal
org.apache.hadoop.hive.cli.TestMiniLlapCliDriver.testCliDriver_tez_union_dynamic_partition
org.apache.hadoop.hive.cli.TestMiniLlapCliDriver.testCliDriver_tez_union_group_by
org.apache.hadoop.hive.cli.TestMiniLlapCliDriver.testCliDriver_tez_union_multiinsert
org.apache.hadoop.hive.cli.TestMiniLlapCliDriver.testCliDriver_tez_vector_dynpart_hashjoin_1
org.apache.hadoop.hive.cli.TestMiniLlapCliDriver.testCliDriver_tez_vector_dynpart_hashjoin_2
org.apache.hadoop.hive.cli.TestMiniLlapCliDriver.testCliDriver_vectorized_dynamic_partition_pruning
org.apache.hadoop.hive.hwi.TestHWISessionManager.testHiveDriver
org.apache.hive.jdbc.TestSSL.testSSLVersion
&lt;/pre&gt;
&lt;/div&gt;&lt;/div&gt;

&lt;p&gt;Test results: &lt;a href=&quot;http://ec2-174-129-184-35.compute-1.amazonaws.com/jenkins/job/PreCommit-HIVE-SPARK-Build/995/testReport&quot; class=&quot;external-link&quot; rel=&quot;nofollow&quot;&gt;http://ec2-174-129-184-35.compute-1.amazonaws.com/jenkins/job/PreCommit-HIVE-SPARK-Build/995/testReport&lt;/a&gt;&lt;br/&gt;
Console output: &lt;a href=&quot;http://ec2-174-129-184-35.compute-1.amazonaws.com/jenkins/job/PreCommit-HIVE-SPARK-Build/995/console&quot; class=&quot;external-link&quot; rel=&quot;nofollow&quot;&gt;http://ec2-174-129-184-35.compute-1.amazonaws.com/jenkins/job/PreCommit-HIVE-SPARK-Build/995/console&lt;/a&gt;&lt;br/&gt;
Test logs: &lt;a href=&quot;http://ec2-50-18-27-0.us-west-1.compute.amazonaws.com/logs/PreCommit-HIVE-SPARK-Build-995/&quot; class=&quot;external-link&quot; rel=&quot;nofollow&quot;&gt;http://ec2-50-18-27-0.us-west-1.compute.amazonaws.com/logs/PreCommit-HIVE-SPARK-Build-995/&lt;/a&gt;&lt;/p&gt;

&lt;p&gt;Messages:&lt;/p&gt;
&lt;div class=&quot;preformatted panel&quot; style=&quot;border-width: 1px;&quot;&gt;&lt;div class=&quot;preformattedContent panelContent&quot;&gt;
&lt;pre&gt;Executing org.apache.hive.ptest.execution.TestCheckPhase
Executing org.apache.hive.ptest.execution.PrepPhase
Executing org.apache.hive.ptest.execution.ExecutionPhase
Executing org.apache.hive.ptest.execution.ReportingPhase
Tests exited with: TestsFailedException: 41 tests failed
&lt;/pre&gt;
&lt;/div&gt;&lt;/div&gt;

&lt;p&gt;This message is automatically generated.&lt;/p&gt;

&lt;p&gt;ATTACHMENT ID: 12771455 - PreCommit-HIVE-SPARK-Build&lt;/p&gt;</comment>
                            <comment id="14999267" author="hiveqa" created="Tue, 10 Nov 2015 20:19:06 +0000"  >

&lt;p&gt;Here are the results of testing the latest attachment:&lt;br/&gt;
&lt;a href=&quot;https://issues.apache.org/jira/secure/attachment/12771580/HIVE-12330.5-spark.patch&quot; class=&quot;external-link&quot; rel=&quot;nofollow&quot;&gt;https://issues.apache.org/jira/secure/attachment/12771580/HIVE-12330.5-spark.patch&lt;/a&gt;&lt;/p&gt;

&lt;p&gt;&lt;font color=&quot;red&quot;&gt;ERROR:&lt;/font&gt; -1 due to no test(s) being added or modified.&lt;/p&gt;

&lt;p&gt;&lt;font color=&quot;red&quot;&gt;ERROR:&lt;/font&gt; -1 due to 42 failed/errored test(s), 9659 tests executed&lt;br/&gt;
&lt;b&gt;Failed tests:&lt;/b&gt;&lt;/p&gt;
&lt;div class=&quot;preformatted panel&quot; style=&quot;border-width: 1px;&quot;&gt;&lt;div class=&quot;preformattedContent panelContent&quot;&gt;
&lt;pre&gt;TestMiniTezCliDriver-tez_joins_explain.q-enforce_order.q-vector_partition_diff_num_cols.q-and-12-more - did not produce a TEST-*.xml file
org.apache.hadoop.hive.cli.TestEncryptedHDFSCliDriver.testCliDriver_encryption_insert_partition_dynamic
org.apache.hadoop.hive.cli.TestMiniLlapCliDriver.org.apache.hadoop.hive.cli.TestMiniLlapCliDriver
org.apache.hadoop.hive.cli.TestMiniLlapCliDriver.testCliDriver_bucket_map_join_tez1
org.apache.hadoop.hive.cli.TestMiniLlapCliDriver.testCliDriver_bucket_map_join_tez2
org.apache.hadoop.hive.cli.TestMiniLlapCliDriver.testCliDriver_constprog_dpp
org.apache.hadoop.hive.cli.TestMiniLlapCliDriver.testCliDriver_dynamic_partition_pruning
org.apache.hadoop.hive.cli.TestMiniLlapCliDriver.testCliDriver_dynamic_partition_pruning_2
org.apache.hadoop.hive.cli.TestMiniLlapCliDriver.testCliDriver_hybridgrace_hashjoin_1
org.apache.hadoop.hive.cli.TestMiniLlapCliDriver.testCliDriver_hybridgrace_hashjoin_2
org.apache.hadoop.hive.cli.TestMiniLlapCliDriver.testCliDriver_llapdecider
org.apache.hadoop.hive.cli.TestMiniLlapCliDriver.testCliDriver_lvj_mapjoin
org.apache.hadoop.hive.cli.TestMiniLlapCliDriver.testCliDriver_mapjoin_decimal
org.apache.hadoop.hive.cli.TestMiniLlapCliDriver.testCliDriver_mrr
org.apache.hadoop.hive.cli.TestMiniLlapCliDriver.testCliDriver_orc_ppd_basic
org.apache.hadoop.hive.cli.TestMiniLlapCliDriver.testCliDriver_tez_bmj_schema_evolution
org.apache.hadoop.hive.cli.TestMiniLlapCliDriver.testCliDriver_tez_dml
org.apache.hadoop.hive.cli.TestMiniLlapCliDriver.testCliDriver_tez_dynpart_hashjoin_1
org.apache.hadoop.hive.cli.TestMiniLlapCliDriver.testCliDriver_tez_dynpart_hashjoin_2
org.apache.hadoop.hive.cli.TestMiniLlapCliDriver.testCliDriver_tez_fsstat
org.apache.hadoop.hive.cli.TestMiniLlapCliDriver.testCliDriver_tez_insert_overwrite_local_directory_1
org.apache.hadoop.hive.cli.TestMiniLlapCliDriver.testCliDriver_tez_join
org.apache.hadoop.hive.cli.TestMiniLlapCliDriver.testCliDriver_tez_join_hash
org.apache.hadoop.hive.cli.TestMiniLlapCliDriver.testCliDriver_tez_join_result_complex
org.apache.hadoop.hive.cli.TestMiniLlapCliDriver.testCliDriver_tez_join_tests
org.apache.hadoop.hive.cli.TestMiniLlapCliDriver.testCliDriver_tez_joins_explain
org.apache.hadoop.hive.cli.TestMiniLlapCliDriver.testCliDriver_tez_multi_union
org.apache.hadoop.hive.cli.TestMiniLlapCliDriver.testCliDriver_tez_schema_evolution
org.apache.hadoop.hive.cli.TestMiniLlapCliDriver.testCliDriver_tez_self_join
org.apache.hadoop.hive.cli.TestMiniLlapCliDriver.testCliDriver_tez_smb_1
org.apache.hadoop.hive.cli.TestMiniLlapCliDriver.testCliDriver_tez_smb_main
org.apache.hadoop.hive.cli.TestMiniLlapCliDriver.testCliDriver_tez_union
org.apache.hadoop.hive.cli.TestMiniLlapCliDriver.testCliDriver_tez_union2
org.apache.hadoop.hive.cli.TestMiniLlapCliDriver.testCliDriver_tez_union_decimal
org.apache.hadoop.hive.cli.TestMiniLlapCliDriver.testCliDriver_tez_union_dynamic_partition
org.apache.hadoop.hive.cli.TestMiniLlapCliDriver.testCliDriver_tez_union_group_by
org.apache.hadoop.hive.cli.TestMiniLlapCliDriver.testCliDriver_tez_union_multiinsert
org.apache.hadoop.hive.cli.TestMiniLlapCliDriver.testCliDriver_tez_vector_dynpart_hashjoin_1
org.apache.hadoop.hive.cli.TestMiniLlapCliDriver.testCliDriver_tez_vector_dynpart_hashjoin_2
org.apache.hadoop.hive.cli.TestMiniLlapCliDriver.testCliDriver_vectorized_dynamic_partition_pruning
org.apache.hadoop.hive.hwi.TestHWISessionManager.testHiveDriver
org.apache.hive.jdbc.TestSSL.testSSLVersion
&lt;/pre&gt;
&lt;/div&gt;&lt;/div&gt;

&lt;p&gt;Test results: &lt;a href=&quot;http://ec2-174-129-184-35.compute-1.amazonaws.com/jenkins/job/PreCommit-HIVE-SPARK-Build/997/testReport&quot; class=&quot;external-link&quot; rel=&quot;nofollow&quot;&gt;http://ec2-174-129-184-35.compute-1.amazonaws.com/jenkins/job/PreCommit-HIVE-SPARK-Build/997/testReport&lt;/a&gt;&lt;br/&gt;
Console output: &lt;a href=&quot;http://ec2-174-129-184-35.compute-1.amazonaws.com/jenkins/job/PreCommit-HIVE-SPARK-Build/997/console&quot; class=&quot;external-link&quot; rel=&quot;nofollow&quot;&gt;http://ec2-174-129-184-35.compute-1.amazonaws.com/jenkins/job/PreCommit-HIVE-SPARK-Build/997/console&lt;/a&gt;&lt;br/&gt;
Test logs: &lt;a href=&quot;http://ec2-50-18-27-0.us-west-1.compute.amazonaws.com/logs/PreCommit-HIVE-SPARK-Build-997/&quot; class=&quot;external-link&quot; rel=&quot;nofollow&quot;&gt;http://ec2-50-18-27-0.us-west-1.compute.amazonaws.com/logs/PreCommit-HIVE-SPARK-Build-997/&lt;/a&gt;&lt;/p&gt;

&lt;p&gt;Messages:&lt;/p&gt;
&lt;div class=&quot;preformatted panel&quot; style=&quot;border-width: 1px;&quot;&gt;&lt;div class=&quot;preformattedContent panelContent&quot;&gt;
&lt;pre&gt;Executing org.apache.hive.ptest.execution.TestCheckPhase
Executing org.apache.hive.ptest.execution.PrepPhase
Executing org.apache.hive.ptest.execution.ExecutionPhase
Executing org.apache.hive.ptest.execution.ReportingPhase
Tests exited with: TestsFailedException: 42 tests failed
&lt;/pre&gt;
&lt;/div&gt;&lt;/div&gt;

&lt;p&gt;This message is automatically generated.&lt;/p&gt;

&lt;p&gt;ATTACHMENT ID: 12771580 - PreCommit-HIVE-SPARK-Build&lt;/p&gt;</comment>
                            <comment id="14999473" author="spena" created="Tue, 10 Nov 2015 22:31:40 +0000"  >&lt;p&gt;&lt;a href=&quot;https://issues.apache.org/jira/secure/ViewProfile.jspa?name=xuefuz&quot; class=&quot;user-hover&quot; rel=&quot;xuefuz&quot;&gt;Xuefu Zhang&lt;/a&gt; Do you know if the MiniLlap driver is failing in you side? It is failing on mine, but I don&apos;t know why it did not fail on Jenkins before.&lt;/p&gt;</comment>
                            <comment id="14999516" author="xuefuz" created="Tue, 10 Nov 2015 22:55:30 +0000"  >&lt;p&gt;Yes, it&apos;s also failing on my local box too, but it passes in master. I guess this could be due to the fact that spark branch doesn&apos;t have all changes in the master. I can do another merge to resolve the issue. In the meantime, if those are the only failures, I think you patch is good.&lt;/p&gt;</comment>
                            <comment id="14999532" author="szehon" created="Tue, 10 Nov 2015 22:59:21 +0000"  >&lt;p&gt;Agree, +1, thanks for working on this Sergio!&lt;/p&gt;</comment>
                            <comment id="14999572" author="spena" created="Tue, 10 Nov 2015 23:19:54 +0000"  >&lt;p&gt;I need to fix 2 more drivers &lt;tt&gt;TestHBaseCliDriver.vm&lt;/tt&gt; and &lt;tt&gt;TestHBaseNegativeCliDriver.vm&lt;/tt&gt;. I left those at the end because they need special initialization, and I did want to do a quick test about the current changes on this patch. &lt;/p&gt;

&lt;p&gt;&lt;a href=&quot;https://issues.apache.org/jira/secure/ViewProfile.jspa?name=xuefuz&quot; class=&quot;user-hover&quot; rel=&quot;xuefuz&quot;&gt;Xuefu Zhang&lt;/a&gt; &lt;a href=&quot;https://issues.apache.org/jira/secure/ViewProfile.jspa?name=szehon&quot; class=&quot;user-hover&quot; rel=&quot;szehon&quot;&gt;Szehon Ho&lt;/a&gt; If you think this patch is enough, then I can commit it.&lt;/p&gt;</comment>
                            <comment id="14999578" author="szehon" created="Tue, 10 Nov 2015 23:24:45 +0000"  >&lt;p&gt;OK go ahead and fix those.  Thanks&lt;/p&gt;</comment>
                            <comment id="15002617" author="hiveqa" created="Thu, 12 Nov 2015 18:48:07 +0000"  >

&lt;p&gt;Here are the results of testing the latest attachment:&lt;br/&gt;
&lt;a href=&quot;https://issues.apache.org/jira/secure/attachment/12771990/HIVE-12330.6-spark.patch&quot; class=&quot;external-link&quot; rel=&quot;nofollow&quot;&gt;https://issues.apache.org/jira/secure/attachment/12771990/HIVE-12330.6-spark.patch&lt;/a&gt;&lt;/p&gt;

&lt;p&gt;&lt;font color=&quot;green&quot;&gt;SUCCESS:&lt;/font&gt; +1 due to 1 test(s) being added or modified.&lt;/p&gt;

&lt;p&gt;&lt;font color=&quot;red&quot;&gt;ERROR:&lt;/font&gt; -1 due to 10 failed/errored test(s), 9783 tests executed&lt;br/&gt;
&lt;b&gt;Failed tests:&lt;/b&gt;&lt;/p&gt;
&lt;div class=&quot;preformatted panel&quot; style=&quot;border-width: 1px;&quot;&gt;&lt;div class=&quot;preformattedContent panelContent&quot;&gt;
&lt;pre&gt;org.apache.hadoop.hive.cli.TestCliDriver.testCliDriver_auto_join4
org.apache.hadoop.hive.cli.TestCliDriver.testCliDriver_auto_sortmerge_join_2
org.apache.hadoop.hive.cli.TestCliDriver.testCliDriver_cbo_rp_annotate_stats_groupby
org.apache.hadoop.hive.cli.TestCliDriver.testCliDriver_constantPropagateForSubQuery
org.apache.hadoop.hive.cli.TestCliDriver.testCliDriver_mapjoin_memcheck
org.apache.hadoop.hive.cli.TestEncryptedHDFSCliDriver.testCliDriver_encryption_insert_partition_dynamic
org.apache.hadoop.hive.cli.TestNegativeCliDriver.testNegativeCliDriver_authorization_uri_import
org.apache.hadoop.hive.hwi.TestHWISessionManager.testHiveDriver
org.apache.hive.jdbc.TestSSL.testSSLVersion
org.apache.tez.dag.app.rm.TestLlapTaskSchedulerService.testSimpleNoLocalityAllocation
&lt;/pre&gt;
&lt;/div&gt;&lt;/div&gt;

&lt;p&gt;Test results: &lt;a href=&quot;http://ec2-174-129-184-35.compute-1.amazonaws.com/jenkins/job/PreCommit-HIVE-SPARK-Build/999/testReport&quot; class=&quot;external-link&quot; rel=&quot;nofollow&quot;&gt;http://ec2-174-129-184-35.compute-1.amazonaws.com/jenkins/job/PreCommit-HIVE-SPARK-Build/999/testReport&lt;/a&gt;&lt;br/&gt;
Console output: &lt;a href=&quot;http://ec2-174-129-184-35.compute-1.amazonaws.com/jenkins/job/PreCommit-HIVE-SPARK-Build/999/console&quot; class=&quot;external-link&quot; rel=&quot;nofollow&quot;&gt;http://ec2-174-129-184-35.compute-1.amazonaws.com/jenkins/job/PreCommit-HIVE-SPARK-Build/999/console&lt;/a&gt;&lt;br/&gt;
Test logs: &lt;a href=&quot;http://ec2-50-18-27-0.us-west-1.compute.amazonaws.com/logs/PreCommit-HIVE-SPARK-Build-999/&quot; class=&quot;external-link&quot; rel=&quot;nofollow&quot;&gt;http://ec2-50-18-27-0.us-west-1.compute.amazonaws.com/logs/PreCommit-HIVE-SPARK-Build-999/&lt;/a&gt;&lt;/p&gt;

&lt;p&gt;Messages:&lt;/p&gt;
&lt;div class=&quot;preformatted panel&quot; style=&quot;border-width: 1px;&quot;&gt;&lt;div class=&quot;preformattedContent panelContent&quot;&gt;
&lt;pre&gt;Executing org.apache.hive.ptest.execution.TestCheckPhase
Executing org.apache.hive.ptest.execution.PrepPhase
Executing org.apache.hive.ptest.execution.ExecutionPhase
Executing org.apache.hive.ptest.execution.ReportingPhase
Tests exited with: TestsFailedException: 10 tests failed
&lt;/pre&gt;
&lt;/div&gt;&lt;/div&gt;

&lt;p&gt;This message is automatically generated.&lt;/p&gt;

&lt;p&gt;ATTACHMENT ID: 12771990 - PreCommit-HIVE-SPARK-Build&lt;/p&gt;</comment>
                            <comment id="15002632" author="spena" created="Thu, 12 Nov 2015 18:54:13 +0000"  >&lt;p&gt;&lt;a href=&quot;https://issues.apache.org/jira/secure/ViewProfile.jspa?name=xuefuz&quot; class=&quot;user-hover&quot; rel=&quot;xuefuz&quot;&gt;Xuefu Zhang&lt;/a&gt; &lt;a href=&quot;https://issues.apache.org/jira/secure/ViewProfile.jspa?name=szehon&quot; class=&quot;user-hover&quot; rel=&quot;szehon&quot;&gt;Szehon Ho&lt;/a&gt; This is the final patch. The tests do not look related to the changes, are you ok with doing the commit?&lt;/p&gt;</comment>
                            <comment id="15002667" author="xuefuz" created="Thu, 12 Nov 2015 19:08:30 +0000"  >&lt;p&gt;&lt;a href=&quot;https://issues.apache.org/jira/secure/ViewProfile.jspa?name=spena&quot; class=&quot;user-hover&quot; rel=&quot;spena&quot;&gt;Sergio Pe&#241;a&lt;/a&gt;, thanks for working on this. I&apos;ll leave the code review to Szehon, but I have two questions: 1. To confirm, these changes are applicable to master, right? That will happen the next time we merge spark branch to master. 2. Test run #998, which ran against latest spark branch w/ a dummy patch, seems having less failures than this one. I&apos;d just to make sure that the env is indeed okay. Could you double check? We can reattach the patch to have another run.&lt;/p&gt;</comment>
                            <comment id="15002684" author="spena" created="Thu, 12 Nov 2015 19:16:43 +0000"  >&lt;p&gt;They&apos;re applicable to master.&lt;br/&gt;
I&apos;ll re-attach the patch to see the tests.&lt;/p&gt;</comment>
                            <comment id="15002843" author="szehon" created="Thu, 12 Nov 2015 20:18:38 +0000"  >&lt;p&gt;Thanks Sergio for the fix, +1 pending tests.&lt;/p&gt;</comment>
                            <comment id="15003035" author="hiveqa" created="Thu, 12 Nov 2015 22:05:17 +0000"  >

&lt;p&gt;Here are the results of testing the latest attachment:&lt;br/&gt;
&lt;a href=&quot;https://issues.apache.org/jira/secure/attachment/12772029/HIVE-12330.7-spark.patch&quot; class=&quot;external-link&quot; rel=&quot;nofollow&quot;&gt;https://issues.apache.org/jira/secure/attachment/12772029/HIVE-12330.7-spark.patch&lt;/a&gt;&lt;/p&gt;

&lt;p&gt;&lt;font color=&quot;green&quot;&gt;SUCCESS:&lt;/font&gt; +1 due to 1 test(s) being added or modified.&lt;/p&gt;

&lt;p&gt;&lt;font color=&quot;red&quot;&gt;ERROR:&lt;/font&gt; -1 due to 8 failed/errored test(s), 9783 tests executed&lt;br/&gt;
&lt;b&gt;Failed tests:&lt;/b&gt;&lt;/p&gt;
&lt;div class=&quot;preformatted panel&quot; style=&quot;border-width: 1px;&quot;&gt;&lt;div class=&quot;preformattedContent panelContent&quot;&gt;
&lt;pre&gt;org.apache.hadoop.hive.cli.TestCliDriver.testCliDriver_auto_join4
org.apache.hadoop.hive.cli.TestCliDriver.testCliDriver_auto_sortmerge_join_2
org.apache.hadoop.hive.cli.TestCliDriver.testCliDriver_cbo_rp_annotate_stats_groupby
org.apache.hadoop.hive.cli.TestCliDriver.testCliDriver_constantPropagateForSubQuery
org.apache.hadoop.hive.cli.TestEncryptedHDFSCliDriver.testCliDriver_encryption_insert_partition_dynamic
org.apache.hadoop.hive.cli.TestNegativeCliDriver.testNegativeCliDriver_authorization_uri_import
org.apache.hadoop.hive.hwi.TestHWISessionManager.testHiveDriver
org.apache.hive.jdbc.TestSSL.testSSLVersion
&lt;/pre&gt;
&lt;/div&gt;&lt;/div&gt;

&lt;p&gt;Test results: &lt;a href=&quot;http://ec2-174-129-184-35.compute-1.amazonaws.com/jenkins/job/PreCommit-HIVE-SPARK-Build/1000/testReport&quot; class=&quot;external-link&quot; rel=&quot;nofollow&quot;&gt;http://ec2-174-129-184-35.compute-1.amazonaws.com/jenkins/job/PreCommit-HIVE-SPARK-Build/1000/testReport&lt;/a&gt;&lt;br/&gt;
Console output: &lt;a href=&quot;http://ec2-174-129-184-35.compute-1.amazonaws.com/jenkins/job/PreCommit-HIVE-SPARK-Build/1000/console&quot; class=&quot;external-link&quot; rel=&quot;nofollow&quot;&gt;http://ec2-174-129-184-35.compute-1.amazonaws.com/jenkins/job/PreCommit-HIVE-SPARK-Build/1000/console&lt;/a&gt;&lt;br/&gt;
Test logs: &lt;a href=&quot;http://ec2-50-18-27-0.us-west-1.compute.amazonaws.com/logs/PreCommit-HIVE-SPARK-Build-1000/&quot; class=&quot;external-link&quot; rel=&quot;nofollow&quot;&gt;http://ec2-50-18-27-0.us-west-1.compute.amazonaws.com/logs/PreCommit-HIVE-SPARK-Build-1000/&lt;/a&gt;&lt;/p&gt;

&lt;p&gt;Messages:&lt;/p&gt;
&lt;div class=&quot;preformatted panel&quot; style=&quot;border-width: 1px;&quot;&gt;&lt;div class=&quot;preformattedContent panelContent&quot;&gt;
&lt;pre&gt;Executing org.apache.hive.ptest.execution.TestCheckPhase
Executing org.apache.hive.ptest.execution.PrepPhase
Executing org.apache.hive.ptest.execution.ExecutionPhase
Executing org.apache.hive.ptest.execution.ReportingPhase
Tests exited with: TestsFailedException: 8 tests failed
&lt;/pre&gt;
&lt;/div&gt;&lt;/div&gt;

&lt;p&gt;This message is automatically generated.&lt;/p&gt;

&lt;p&gt;ATTACHMENT ID: 12772029 - PreCommit-HIVE-SPARK-Build&lt;/p&gt;</comment>
                            <comment id="15003093" author="spena" created="Thu, 12 Nov 2015 22:37:02 +0000"  >&lt;p&gt;The errors are because output differences. &lt;br/&gt;
The patch did not touch any of the output. Not sure why it is still failing here.&lt;/p&gt;</comment>
                            <comment id="15003097" author="xuefuz" created="Thu, 12 Nov 2015 22:40:00 +0000"  >&lt;p&gt;Yeah. It&apos;s a little unpredictable as well. Let&apos;s commit this and investigate those failures in a separate JIRA. Thanks.&lt;/p&gt;</comment>
                            <comment id="15003142" author="spena" created="Thu, 12 Nov 2015 22:57:40 +0000"  >&lt;p&gt;Thanks guys. I committed this to spark&lt;br/&gt;
&lt;a href=&quot;https://issues.apache.org/jira/secure/ViewProfile.jspa?name=xuefuz&quot; class=&quot;user-hover&quot; rel=&quot;xuefuz&quot;&gt;Xuefu Zhang&lt;/a&gt; What is the fix version for this in the spark branch?&lt;/p&gt;</comment>
                            <comment id="15003158" author="xuefuz" created="Thu, 12 Nov 2015 23:06:38 +0000"  >&lt;p&gt;spark-branch&lt;/p&gt;</comment>
                            <comment id="15003165" author="szehon" created="Thu, 12 Nov 2015 23:10:43 +0000"  >&lt;p&gt;It would be great to get this in master as well.. although I guess spark will plan to merge into master soon?&lt;/p&gt;</comment>
                            <comment id="15003171" author="spena" created="Thu, 12 Nov 2015 23:15:26 +0000"  >&lt;p&gt;What about leaving it in Spark for a while so we can test everything is correct? until the above tests are fixed?&lt;/p&gt;</comment>
                            <comment id="15003188" author="szehon" created="Thu, 12 Nov 2015 23:23:50 +0000"  >&lt;p&gt;Hm those failures don&apos;t seem related (would have been initiailization errors), but sounds like a good plan.&lt;/p&gt;</comment>
                            <comment id="15012143" author="xuefuz" created="Wed, 18 Nov 2015 22:07:17 +0000"  >&lt;p&gt;Patch here is merged to master but reverted. Reopen this to master and see how test goes.&lt;/p&gt;</comment>
                            <comment id="15047718" author="szehon" created="Wed, 9 Dec 2015 00:02:37 +0000"  >&lt;p&gt;It&apos;s been stable on spark branch.  Merging to master.&lt;/p&gt;</comment>
                    </comments>
                    <attachments>
                            <attachment id="12770487" name="HIVE-12229.3-spark.patch" size="11484" author="szehon" created="Wed, 4 Nov 2015 01:29:36 +0000"/>
                            <attachment id="12771455" name="HIVE-12330.4-spark.patch" size="4336" author="spena" created="Mon, 9 Nov 2015 22:57:37 +0000"/>
                            <attachment id="12771580" name="HIVE-12330.5-spark.patch" size="15361" author="spena" created="Tue, 10 Nov 2015 16:30:31 +0000"/>
                            <attachment id="12771990" name="HIVE-12330.6-spark.patch" size="23372" author="spena" created="Thu, 12 Nov 2015 16:11:51 +0000"/>
                            <attachment id="12772029" name="HIVE-12330.7-spark.patch" size="23372" author="spena" created="Thu, 12 Nov 2015 19:17:17 +0000"/>
                            <attachment id="12773092" name="HIVE-12330.patch" size="23372" author="xuefuz" created="Wed, 18 Nov 2015 22:08:42 +0000"/>
                    </attachments>
                <subtasks>
                    </subtasks>
                <customfields>
                                                <customfield id="customfield_12310310" key="com.atlassian.jira.toolkit:attachments">
                        <customfieldname>Attachment count</customfieldname>
                        <customfieldvalues>
                            <customfieldvalue>6.0</customfieldvalue>
                        </customfieldvalues>
                    </customfield>
                                                                                                                                                                                                                                                                                                                                                                                                                                                                                                                                <customfield id="customfield_12310220" key="com.atlassian.jira.ext.charting:firstresponsedate">
                        <customfieldname>Date of First Response</customfieldname>
                        <customfieldvalues>
                            <customfieldvalue>Wed, 4 Nov 2015 04:07:40 +0000</customfieldvalue>

                        </customfieldvalues>
                    </customfield>
                                                                                                                                                                                                                                                                                                                                                                                                                                            <customfield id="customfield_12310420" key="com.pyxis.greenhopper.jira:gh-global-rank">
                        <customfieldname>Global Rank</customfieldname>
                        <customfieldvalues>
                            <customfieldvalue>9223372036854775807</customfieldvalue>
                        </customfieldvalues>
                    </customfield>
                                                                                                                                                    <customfield id="customfield_12312521" key="com.atlassian.jira.toolkit:LastCommentDate">
                        <customfieldname>Last public comment date</customfieldname>
                        <customfieldvalues>
                            51 weeks, 2 days ago
                        </customfieldvalues>
                    </customfield>
                                                                                            <customfield id="customfield_12311820" key="com.pyxis.greenhopper.jira:gh-lexo-rank">
                        <customfieldname>Rank</customfieldname>
                        <customfieldvalues>
                            <customfieldvalue>0|i2nx1b:</customfieldvalue>

                        </customfieldvalues>
                    </customfield>
                                                                <customfield id="customfield_12310920" key="com.pyxis.greenhopper.jira:gh-global-rank">
                        <customfieldname>Rank (Obsolete)</customfieldname>
                        <customfieldvalues>
                            <customfieldvalue>9223372036854775807</customfieldvalue>
                        </customfieldvalues>
                    </customfield>
                                                                                                                                                                                                                                                                                                                            <customfield id="customfield_12310222" key="com.atlassian.jira.ext.charting:timeinstatus">
                        <customfieldname>Time in Status</customfieldname>
                        <customfieldvalues>
                            
                        </customfieldvalues>
                    </customfield>
                                                                                                                        </customfields>
    </item>
</channel>
</rss>