<!-- 
RSS generated by JIRA (6.3.4#6332-sha1:51bc225ef474afe3128b2f66878477f322397b16) at Fri Dec 02 11:49:34 UTC 2016

It is possible to restrict the fields that are returned in this document by specifying the 'field' parameter in your request.
For example, to request only the issue key and summary add field=key&field=summary to the URL of your request.
For example:
https://issues.apache.org/jira/si/jira.issueviews:issue-xml/HIVE-12567/HIVE-12567.xml?field=key&amp;field=summary
-->
<rss version="0.92" >
<channel>
    <title>ASF JIRA</title>
    <link>https://issues.apache.org/jira</link>
    <description>This file is an XML representation of an issue</description>
    <language>en-uk</language>    <build-info>
        <version>6.3.4</version>
        <build-number>6332</build-number>
        <build-date>15-08-2014</build-date>
    </build-info>

<item>
            <title>[HIVE-12567] Enhance TxnHandler retry logic to handle ORA-08176</title>
                <link>https://issues.apache.org/jira/browse/HIVE-12567</link>
                <project id="12310843" key="HIVE">Hive</project>
                    <description>&lt;div class=&quot;preformatted panel&quot; style=&quot;border-width: 1px;&quot;&gt;&lt;div class=&quot;preformattedContent panelContent&quot;&gt;
&lt;pre&gt;FAILED: Error in acquiring locks: Error communicating with the metastore
2015-12-01 09:19:32,459 ERROR [HiveServer2-Background-Pool: Thread-55]: ql.Driver (SessionState.java:printError(932)) - FAILED: Error in acquiring locks: Error communicating with the metastore
org.apache.hadoop.hive.ql.lockmgr.LockException: Error communicating with the metastore
        at org.apache.hadoop.hive.ql.lockmgr.DbLockManager.lock(DbLockManager.java:132)
        at org.apache.hadoop.hive.ql.lockmgr.DbTxnManager.acquireLocks(DbTxnManager.java:227)
        at org.apache.hadoop.hive.ql.lockmgr.DbTxnManager.acquireLocks(DbTxnManager.java:92)
        at org.apache.hadoop.hive.ql.Driver.acquireLocksAndOpenTxn(Driver.java:1029)
        at org.apache.hadoop.hive.ql.Driver.runInternal(Driver.java:1226)
        at org.apache.hadoop.hive.ql.Driver.run(Driver.java:1100)
        at org.apache.hadoop.hive.ql.Driver.run(Driver.java:1095)
        at org.apache.hive.service.cli.operation.SQLOperation.runQuery(SQLOperation.java:154)
        at org.apache.hive.service.cli.operation.SQLOperation.access$100(SQLOperation.java:71)
        at org.apache.hive.service.cli.operation.SQLOperation$1$1.run(SQLOperation.java:206)
        at java.security.AccessController.doPrivileged(Native Method)
        at javax.security.auth.Subject.doAs(Subject.java:422)
        at org.apache.hadoop.security.UserGroupInformation.doAs(UserGroupInformation.java:1657)
        at org.apache.hive.service.cli.operation.SQLOperation$1.run(SQLOperation.java:218)
        at java.util.concurrent.Executors$RunnableAdapter.call(Executors.java:511)
        at java.util.concurrent.FutureTask.run(FutureTask.java:266)
        at java.util.concurrent.ThreadPoolExecutor.runWorker(ThreadPoolExecutor.java:1142)
        at java.util.concurrent.ThreadPoolExecutor$Worker.run(ThreadPoolExecutor.java:617)
        at java.lang.Thread.run(Thread.java:745)
Caused by: MetaException(message:Unable to update transaction database java.sql.SQLException: ORA-08176: consistent read failure; rollback data not available

        at oracle.jdbc.driver.T4CTTIoer.processError(T4CTTIoer.java:450)
        at oracle.jdbc.driver.T4CTTIoer.processError(T4CTTIoer.java:399)
        at oracle.jdbc.driver.T4C8Oall.processError(T4C8Oall.java:1059)
        at oracle.jdbc.driver.T4CTTIfun.receive(T4CTTIfun.java:522)
        at oracle.jdbc.driver.T4CTTIfun.doRPC(T4CTTIfun.java:257)
        at oracle.jdbc.driver.T4C8Oall.doOALL(T4C8Oall.java:587)
        at oracle.jdbc.driver.T4CStatement.doOall8(T4CStatement.java:210)
        at oracle.jdbc.driver.T4CStatement.doOall8(T4CStatement.java:30)
        at oracle.jdbc.driver.T4CStatement.executeForDescribe(T4CStatement.java:762)
        at oracle.jdbc.driver.OracleStatement.executeMaybeDescribe(OracleStatement.java:925)
        at oracle.jdbc.driver.OracleStatement.doExecuteWithTimeout(OracleStatement.java:1111)
        at oracle.jdbc.driver.OracleStatement.executeQuery(OracleStatement.java:1309)
        at oracle.jdbc.driver.OracleStatementWrapper.executeQuery(OracleStatementWrapper.java:422)
        at com.jolbox.bonecp.StatementHandle.executeQuery(StatementHandle.java:464)
        at org.apache.hadoop.hive.metastore.txn.TxnHandler.getLockInfoFromLockId(TxnHandler.java:1951)
        at org.apache.hadoop.hive.metastore.txn.TxnHandler.checkLock(TxnHandler.java:1600)
        at org.apache.hadoop.hive.metastore.txn.TxnHandler.lock(TxnHandler.java:1576)
        at org.apache.hadoop.hive.metastore.txn.TxnHandler.lock(TxnHandler.java:480)
        at org.apache.hadoop.hive.metastore.HiveMetaStore$HMSHandler.lock(HiveMetaStore.java:5586)
        at sun.reflect.NativeMethodAccessorImpl.invoke0(Native Method)
        at sun.reflect.NativeMethodAccessorImpl.invoke(NativeMethodAccessorImpl.java:62)
        at sun.reflect.DelegatingMethodAccessorImpl.invoke(DelegatingMethodAccessorImpl.java:43)
        at java.lang.reflect.Method.invoke(Method.java:497)
        at org.apache.hadoop.hive.metastore.RetryingHMSHandler.invoke(RetryingHMSHandler.java:107)
        at com.sun.proxy.$Proxy8.lock(Unknown Source)
        at org.apache.hadoop.hive.metastore.HiveMetaStoreClient.lock(HiveMetaStoreClient.java:1869)
        at sun.reflect.NativeMethodAccessorImpl.invoke0(Native Method)
        at sun.reflect.NativeMethodAccessorImpl.invoke(NativeMethodAccessorImpl.java:62)
        at sun.reflect.DelegatingMethodAccessorImpl.invoke(DelegatingMethodAccessorImpl.java:43)
        at java.lang.reflect.Method.invoke(Method.java:497)
        at org.apache.hadoop.hive.metastore.RetryingMetaStoreClient.invoke(RetryingMetaStoreClient.java:156)
        at com.sun.proxy.$Proxy9.lock(Unknown Source)
        at org.apache.hadoop.hive.ql.lockmgr.DbLockManager.lock(DbLockManager.java:93)
        at org.apache.hadoop.hive.ql.lockmgr.DbTxnManager.acquireLocks(DbTxnManager.java:227)
        at org.apache.hadoop.hive.ql.lockmgr.DbTxnManager.acquireLocks(DbTxnManager.java:92)
        at org.apache.hadoop.hive.ql.Driver.acquireLocksAndOpenTxn(Driver.java:1029)
        at org.apache.hadoop.hive.ql.Driver.runInternal(Driver.java:1226)
        at org.apache.hadoop.hive.ql.Driver.run(Driver.java:1100)
        at org.apache.hadoop.hive.ql.Driver.run(Driver.java:1095)
        at org.apache.hive.service.cli.operation.SQLOperation.runQuery(SQLOperation.java:154)
        at org.apache.hive.service.cli.operation.SQLOperation.access$100(SQLOperation.java:71)
        at org.apache.hive.service.cli.operation.SQLOperation$1$1.run(SQLOperation.java:206)
        at java.security.AccessController.doPrivileged(Native Method)
        at javax.security.auth.Subject.doAs(Subject.java:422)
        at org.apache.hadoop.security.UserGroupInformation.doAs(UserGroupInformation.java:1657)
        at org.apache.hive.service.cli.operation.SQLOperation$1.run(SQLOperation.java:218)
        at java.util.concurrent.Executors$RunnableAdapter.call(Executors.java:511)
        at java.util.concurrent.FutureTask.run(FutureTask.java:266)
        at java.util.concurrent.ThreadPoolExecutor.runWorker(ThreadPoolExecutor.java:1142)
        at java.util.concurrent.ThreadPoolExecutor$Worker.run(ThreadPoolExecutor.java:617)
        at java.lang.Thread.run(Thread.java:745)
)
        at org.apache.hadoop.hive.metastore.txn.TxnHandler.lock(TxnHandler.java:485)
        at org.apache.hadoop.hive.metastore.HiveMetaStore$HMSHandler.lock(HiveMetaStore.java:5586)
        at sun.reflect.NativeMethodAccessorImpl.invoke0(Native Method)
        at sun.reflect.NativeMethodAccessorImpl.invoke(NativeMethodAccessorImpl.java:62)
        at sun.reflect.DelegatingMethodAccessorImpl.invoke(DelegatingMethodAccessorImpl.java:43)
        at java.lang.reflect.Method.invoke(Method.java:497)
        at org.apache.hadoop.hive.metastore.RetryingHMSHandler.invoke(RetryingHMSHandler.java:107)
        at com.sun.proxy.$Proxy8.lock(Unknown Source)
        at org.apache.hadoop.hive.metastore.HiveMetaStoreClient.lock(HiveMetaStoreClient.java:1869)
        at sun.reflect.NativeMethodAccessorImpl.invoke0(Native Method)
        at sun.reflect.NativeMethodAccessorImpl.invoke(NativeMethodAccessorImpl.java:62)
        at sun.reflect.DelegatingMethodAccessorImpl.invoke(DelegatingMethodAccessorImpl.java:43)
        at java.lang.reflect.Method.invoke(Method.java:497)
        at org.apache.hadoop.hive.metastore.RetryingMetaStoreClient.invoke(RetryingMetaStoreClient.java:156)
        at com.sun.proxy.$Proxy9.lock(Unknown Source)
        at org.apache.hadoop.hive.ql.lockmgr.DbLockManager.lock(DbLockManager.java:93)
        ... 18 more
&lt;/pre&gt;
&lt;/div&gt;&lt;/div&gt;</description>
                <environment></environment>
        <key id="12917637">HIVE-12567</key>
            <summary>Enhance TxnHandler retry logic to handle ORA-08176</summary>
                <type id="1" iconUrl="https://issues.apache.org/jira/images/icons/issuetypes/bug.png">Bug</type>
                                            <priority id="3" iconUrl="https://issues.apache.org/jira/images/icons/priorities/major.png">Major</priority>
                        <status id="6" iconUrl="https://issues.apache.org/jira/images/icons/statuses/closed.png" description="The issue is considered finished, the resolution is correct. Issues which are closed can be reopened.">Closed</status>
                    <statusCategory id="3" key="done" colorName="green"/>
                                    <resolution id="1">Fixed</resolution>
                                        <assignee username="ekoifman">Eugene Koifman</assignee>
                                    <reporter username="ekoifman">Eugene Koifman</reporter>
                        <labels>
                    </labels>
                <created>Wed, 2 Dec 2015 16:38:52 +0000</created>
                <updated>Tue, 21 Jun 2016 15:52:31 +0000</updated>
                            <resolved>Fri, 4 Dec 2015 19:13:13 +0000</resolved>
                                    <version>1.0.0</version>
                                    <fixVersion>1.3.0</fixVersion>
                    <fixVersion>2.1.0</fixVersion>
                                    <component>Metastore</component>
                    <component>Transactions</component>
                        <due></due>
                            <votes>0</votes>
                                    <watches>4</watches>
                                                                <comments>
                            <comment id="15036484" author="jdere" created="Wed, 2 Dec 2015 19:54:25 +0000"  >&lt;p&gt;I think the ORA exception is misspelled, this Jira description reads &quot;ORA-08176: consistent read failure&quot;, while the patch reads &quot;ORA-01876&quot;&lt;/p&gt;</comment>
                            <comment id="15036496" author="jdere" created="Wed, 2 Dec 2015 20:00:58 +0000"  >&lt;p&gt;+1 pending compilation/tests&lt;/p&gt;</comment>
                            <comment id="15037781" author="hiveqa" created="Thu, 3 Dec 2015 13:37:43 +0000"  >

&lt;p&gt;Here are the results of testing the latest attachment:&lt;br/&gt;
&lt;a href=&quot;https://issues.apache.org/jira/secure/attachment/12775372/HIVE-12567.1.patch&quot; class=&quot;external-link&quot; rel=&quot;nofollow&quot;&gt;https://issues.apache.org/jira/secure/attachment/12775372/HIVE-12567.1.patch&lt;/a&gt;&lt;/p&gt;

&lt;p&gt;&lt;font color=&quot;red&quot;&gt;ERROR:&lt;/font&gt; -1 due to no test(s) being added or modified.&lt;/p&gt;

&lt;p&gt;&lt;font color=&quot;red&quot;&gt;ERROR:&lt;/font&gt; -1 due to 12 failed/errored test(s), 9870 tests executed&lt;br/&gt;
&lt;b&gt;Failed tests:&lt;/b&gt;&lt;/p&gt;
&lt;div class=&quot;preformatted panel&quot; style=&quot;border-width: 1px;&quot;&gt;&lt;div class=&quot;preformattedContent panelContent&quot;&gt;
&lt;pre&gt;TestHWISessionManager - did not produce a TEST-*.xml file
TestMiniTezCliDriver-tez_smb_empty.q-mapjoin_decimal.q-transform_ppr2.q-and-12-more - did not produce a TEST-*.xml file
org.apache.hadoop.hive.cli.TestCliDriver.testCliDriver_acid_globallimit
org.apache.hadoop.hive.cli.TestCliDriver.testCliDriver_cbo_udf_max
org.apache.hadoop.hive.cli.TestMiniLlapCliDriver.testCliDriver_dynamic_partition_pruning
org.apache.hadoop.hive.cli.TestMiniLlapCliDriver.testCliDriver_vectorized_dynamic_partition_pruning
org.apache.hadoop.hive.cli.TestMiniTezCliDriver.testCliDriver_acid_globallimit
org.apache.hadoop.hive.cli.TestMiniTezCliDriver.testCliDriver_mergejoin
org.apache.hadoop.hive.cli.TestNegativeCliDriver.testNegativeCliDriver_authorization_uri_import
org.apache.hadoop.hive.metastore.TestHiveMetaStorePartitionSpecs.testFetchingPartitionsWithDifferentSchemas
org.apache.hadoop.hive.metastore.TestHiveMetaStorePartitionSpecs.testGetPartitionSpecs_WithAndWithoutPartitionGrouping
org.apache.hive.jdbc.TestSSL.testSSLVersion
&lt;/pre&gt;
&lt;/div&gt;&lt;/div&gt;

&lt;p&gt;Test results: &lt;a href=&quot;http://ec2-174-129-184-35.compute-1.amazonaws.com/jenkins/job/PreCommit-HIVE-TRUNK-Build/6213/testReport&quot; class=&quot;external-link&quot; rel=&quot;nofollow&quot;&gt;http://ec2-174-129-184-35.compute-1.amazonaws.com/jenkins/job/PreCommit-HIVE-TRUNK-Build/6213/testReport&lt;/a&gt;&lt;br/&gt;
Console output: &lt;a href=&quot;http://ec2-174-129-184-35.compute-1.amazonaws.com/jenkins/job/PreCommit-HIVE-TRUNK-Build/6213/console&quot; class=&quot;external-link&quot; rel=&quot;nofollow&quot;&gt;http://ec2-174-129-184-35.compute-1.amazonaws.com/jenkins/job/PreCommit-HIVE-TRUNK-Build/6213/console&lt;/a&gt;&lt;br/&gt;
Test logs: &lt;a href=&quot;http://ec2-174-129-184-35.compute-1.amazonaws.com/logs/PreCommit-HIVE-TRUNK-Build-6213/&quot; class=&quot;external-link&quot; rel=&quot;nofollow&quot;&gt;http://ec2-174-129-184-35.compute-1.amazonaws.com/logs/PreCommit-HIVE-TRUNK-Build-6213/&lt;/a&gt;&lt;/p&gt;

&lt;p&gt;Messages:&lt;/p&gt;
&lt;div class=&quot;preformatted panel&quot; style=&quot;border-width: 1px;&quot;&gt;&lt;div class=&quot;preformattedContent panelContent&quot;&gt;
&lt;pre&gt;Executing org.apache.hive.ptest.execution.TestCheckPhase
Executing org.apache.hive.ptest.execution.PrepPhase
Executing org.apache.hive.ptest.execution.ExecutionPhase
Executing org.apache.hive.ptest.execution.ReportingPhase
Tests exited with: TestsFailedException: 12 tests failed
&lt;/pre&gt;
&lt;/div&gt;&lt;/div&gt;

&lt;p&gt;This message is automatically generated.&lt;/p&gt;

&lt;p&gt;ATTACHMENT ID: 12775372 - PreCommit-HIVE-TRUNK-Build&lt;/p&gt;</comment>
                            <comment id="15043727" author="lefty@hortonworks.com" created="Sun, 6 Dec 2015 06:29:01 +0000"  >&lt;p&gt;&lt;a href=&quot;https://issues.apache.org/jira/secure/ViewProfile.jspa?name=ekoifman&quot; class=&quot;user-hover&quot; rel=&quot;ekoifman&quot;&gt;Eugene Koifman&lt;/a&gt;, will this be committed to branch-2.0 as well as master?&lt;/p&gt;</comment>
                    </comments>
                <issuelinks>
                            <issuelinktype id="10030">
                    <name>Reference</name>
                                                                <inwardlinks description="is related to">
                                        <issuelink>
            <issuekey id="12920188">HIVE-12620</issuekey>
        </issuelink>
                            </inwardlinks>
                                    </issuelinktype>
                    </issuelinks>
                <attachments>
                            <attachment id="12775372" name="HIVE-12567.1.patch" size="759" author="ekoifman" created="Wed, 2 Dec 2015 19:59:38 +0000"/>
                            <attachment id="12775334" name="HIVE-12567.patch" size="759" author="ekoifman" created="Wed, 2 Dec 2015 16:56:35 +0000"/>
                    </attachments>
                <subtasks>
                    </subtasks>
                <customfields>
                                                <customfield id="customfield_12310310" key="com.atlassian.jira.toolkit:attachments">
                        <customfieldname>Attachment count</customfieldname>
                        <customfieldvalues>
                            <customfieldvalue>2.0</customfieldvalue>
                        </customfieldvalues>
                    </customfield>
                                                                                                                                                                                                                                                                                                                                                                                                                                                                                                                                <customfield id="customfield_12310220" key="com.atlassian.jira.ext.charting:firstresponsedate">
                        <customfieldname>Date of First Response</customfieldname>
                        <customfieldvalues>
                            <customfieldvalue>Wed, 2 Dec 2015 19:54:25 +0000</customfieldvalue>

                        </customfieldvalues>
                    </customfield>
                                                                                                                                                                                                                                                                                                                                                                                                                                            <customfield id="customfield_12310420" key="com.pyxis.greenhopper.jira:gh-global-rank">
                        <customfieldname>Global Rank</customfieldname>
                        <customfieldvalues>
                            <customfieldvalue>9223372036854775807</customfieldvalue>
                        </customfieldvalues>
                    </customfield>
                                                                                                                                                    <customfield id="customfield_12312521" key="com.atlassian.jira.toolkit:LastCommentDate">
                        <customfieldname>Last public comment date</customfieldname>
                        <customfieldvalues>
                            51 weeks, 5 days ago
                        </customfieldvalues>
                    </customfield>
                                                                                            <customfield id="customfield_12311820" key="com.pyxis.greenhopper.jira:gh-lexo-rank">
                        <customfieldname>Rank</customfieldname>
                        <customfieldvalues>
                            <customfieldvalue>0|i2p6kv:</customfieldvalue>

                        </customfieldvalues>
                    </customfield>
                                                                <customfield id="customfield_12310920" key="com.pyxis.greenhopper.jira:gh-global-rank">
                        <customfieldname>Rank (Obsolete)</customfieldname>
                        <customfieldvalues>
                            <customfieldvalue>9223372036854775807</customfieldvalue>
                        </customfieldvalues>
                    </customfield>
                                                                                                                                                                                                                                                                    <customfield id="customfield_12310320" key="com.atlassian.jira.plugin.system.customfieldtypes:multiversion">
                        <customfieldname>Target Version/s</customfieldname>
                        <customfieldvalues>
                                <customfieldvalue>12332154</customfieldvalue>
    
                        </customfieldvalues>
                    </customfield>
                                                                                            <customfield id="customfield_12310222" key="com.atlassian.jira.ext.charting:timeinstatus">
                        <customfieldname>Time in Status</customfieldname>
                        <customfieldvalues>
                            
                        </customfieldvalues>
                    </customfield>
                                                                                                                        </customfields>
    </item>
</channel>
</rss>