<!-- 
RSS generated by JIRA (6.3.4#6332-sha1:51bc225ef474afe3128b2f66878477f322397b16) at Fri Dec 02 06:12:58 UTC 2016

It is possible to restrict the fields that are returned in this document by specifying the 'field' parameter in your request.
For example, to request only the issue key and summary add field=key&field=summary to the URL of your request.
For example:
https://issues.apache.org/jira/si/jira.issueviews:issue-xml/HIVE-12344/HIVE-12344.xml?field=key&amp;field=summary
-->
<rss version="0.92" >
<channel>
    <title>ASF JIRA</title>
    <link>https://issues.apache.org/jira</link>
    <description>This file is an XML representation of an issue</description>
    <language>en-uk</language>    <build-info>
        <version>6.3.4</version>
        <build-number>6332</build-number>
        <build-date>15-08-2014</build-date>
    </build-info>

<item>
            <title>[HIVE-12344] Wrong types inferred for SemiJoin generation in CBO</title>
                <link>https://issues.apache.org/jira/browse/HIVE-12344</link>
                <project id="12310843" key="HIVE">Hive</project>
                    <description>&lt;p&gt;The method &lt;tt&gt;projectNonColumnEquiConditions&lt;/tt&gt; in HiveCalciteUtil will assign the type wrongly for newly created conditions. The problem is in this block:&lt;/p&gt;

&lt;div class=&quot;preformatted panel&quot; style=&quot;border-width: 1px;&quot;&gt;&lt;div class=&quot;preformattedContent panelContent&quot;&gt;
&lt;pre&gt;      RexNode cond = rexBuilder.makeCall(SqlStdOperatorTable.EQUALS,
          rexBuilder.makeInputRef(newLeftFields.get(i).getType(), newLeftOffset + i),
          rexBuilder.makeInputRef(newLeftFields.get(i).getType(), newRightOffset + i));
&lt;/pre&gt;
&lt;/div&gt;&lt;/div&gt;

&lt;p&gt;It looks like a code copy-paste mistake. In addition, index &lt;tt&gt;i&lt;/tt&gt; is incorrect, as newLeftFields contains all the fields, not only the ones of the new condition.&lt;/p&gt;</description>
                <environment></environment>
        <key id="12910644">HIVE-12344</key>
            <summary>Wrong types inferred for SemiJoin generation in CBO</summary>
                <type id="1" iconUrl="https://issues.apache.org/jira/images/icons/issuetypes/bug.png">Bug</type>
                                            <priority id="3" iconUrl="https://issues.apache.org/jira/images/icons/priorities/major.png">Major</priority>
                        <status id="6" iconUrl="https://issues.apache.org/jira/images/icons/statuses/closed.png" description="The issue is considered finished, the resolution is correct. Issues which are closed can be reopened.">Closed</status>
                    <statusCategory id="3" key="done" colorName="green"/>
                                    <resolution id="1">Fixed</resolution>
                                        <assignee username="jcamachorodriguez">Jesus Camacho Rodriguez</assignee>
                                    <reporter username="jcamachorodriguez">Jesus Camacho Rodriguez</reporter>
                        <labels>
                    </labels>
                <created>Thu, 5 Nov 2015 08:14:51 +0000</created>
                <updated>Tue, 16 Feb 2016 23:51:47 +0000</updated>
                            <resolved>Fri, 6 Nov 2015 16:46:58 +0000</resolved>
                                    <version>0.14.0</version>
                    <version>1.0.0</version>
                    <version>1.2.0</version>
                    <version>1.1.0</version>
                    <version>1.0.1</version>
                    <version>1.1.1</version>
                    <version>1.3.0</version>
                    <version>1.2.1</version>
                    <version>2.0.0</version>
                                    <fixVersion>0.14.1</fixVersion>
                    <fixVersion>1.3.0</fixVersion>
                    <fixVersion>2.0.0</fixVersion>
                    <fixVersion>1.0.2</fixVersion>
                    <fixVersion>1.2.2</fixVersion>
                    <fixVersion>1.1.2</fixVersion>
                                    <component>CBO</component>
                        <due></due>
                            <votes>0</votes>
                                    <watches>2</watches>
                                                                <comments>
                            <comment id="14991315" author="jcamachorodriguez" created="Thu, 5 Nov 2015 08:24:57 +0000"  >&lt;p&gt;&lt;a href=&quot;https://issues.apache.org/jira/secure/ViewProfile.jspa?name=jpullokkaran&quot; class=&quot;user-hover&quot; rel=&quot;jpullokkaran&quot;&gt;Laljo John Pullokkaran&lt;/a&gt;, this one was exposed by the new version of Calcite.&lt;/p&gt;

&lt;p&gt;Basically, the wrong reference creates a mismatch between the input type and the type of the RexNode in the predicate condition.&lt;/p&gt;</comment>
                            <comment id="14991918" author="hiveqa" created="Thu, 5 Nov 2015 16:25:34 +0000"  >

&lt;p&gt;Here are the results of testing the latest attachment:&lt;br/&gt;
&lt;a href=&quot;https://issues.apache.org/jira/secure/attachment/12770762/HIVE-12344.patch&quot; class=&quot;external-link&quot; rel=&quot;nofollow&quot;&gt;https://issues.apache.org/jira/secure/attachment/12770762/HIVE-12344.patch&lt;/a&gt;&lt;/p&gt;

&lt;p&gt;&lt;font color=&quot;red&quot;&gt;ERROR:&lt;/font&gt; -1 due to no test(s) being added or modified.&lt;/p&gt;

&lt;p&gt;&lt;font color=&quot;red&quot;&gt;ERROR:&lt;/font&gt; -1 due to 5 failed/errored test(s), 9763 tests executed&lt;br/&gt;
&lt;b&gt;Failed tests:&lt;/b&gt;&lt;/p&gt;
&lt;div class=&quot;preformatted panel&quot; style=&quot;border-width: 1px;&quot;&gt;&lt;div class=&quot;preformattedContent panelContent&quot;&gt;
&lt;pre&gt;TestHBaseAggrStatsCacheIntegration - did not produce a TEST-*.xml file
org.apache.hadoop.hive.cli.TestHBaseCliDriver.testCliDriver_hbase_queries
org.apache.hadoop.hive.cli.TestNegativeCliDriver.testNegativeCliDriver_authorization_uri_import
org.apache.hadoop.hive.hwi.TestHWISessionManager.testHiveDriver
org.apache.hive.jdbc.TestSSL.testSSLVersion
&lt;/pre&gt;
&lt;/div&gt;&lt;/div&gt;

&lt;p&gt;Test results: &lt;a href=&quot;http://ec2-174-129-184-35.compute-1.amazonaws.com/jenkins/job/PreCommit-HIVE-TRUNK-Build/5931/testReport&quot; class=&quot;external-link&quot; rel=&quot;nofollow&quot;&gt;http://ec2-174-129-184-35.compute-1.amazonaws.com/jenkins/job/PreCommit-HIVE-TRUNK-Build/5931/testReport&lt;/a&gt;&lt;br/&gt;
Console output: &lt;a href=&quot;http://ec2-174-129-184-35.compute-1.amazonaws.com/jenkins/job/PreCommit-HIVE-TRUNK-Build/5931/console&quot; class=&quot;external-link&quot; rel=&quot;nofollow&quot;&gt;http://ec2-174-129-184-35.compute-1.amazonaws.com/jenkins/job/PreCommit-HIVE-TRUNK-Build/5931/console&lt;/a&gt;&lt;br/&gt;
Test logs: &lt;a href=&quot;http://ec2-174-129-184-35.compute-1.amazonaws.com/logs/PreCommit-HIVE-TRUNK-Build-5931/&quot; class=&quot;external-link&quot; rel=&quot;nofollow&quot;&gt;http://ec2-174-129-184-35.compute-1.amazonaws.com/logs/PreCommit-HIVE-TRUNK-Build-5931/&lt;/a&gt;&lt;/p&gt;

&lt;p&gt;Messages:&lt;/p&gt;
&lt;div class=&quot;preformatted panel&quot; style=&quot;border-width: 1px;&quot;&gt;&lt;div class=&quot;preformattedContent panelContent&quot;&gt;
&lt;pre&gt;Executing org.apache.hive.ptest.execution.TestCheckPhase
Executing org.apache.hive.ptest.execution.PrepPhase
Executing org.apache.hive.ptest.execution.ExecutionPhase
Executing org.apache.hive.ptest.execution.ReportingPhase
Tests exited with: TestsFailedException: 5 tests failed
&lt;/pre&gt;
&lt;/div&gt;&lt;/div&gt;

&lt;p&gt;This message is automatically generated.&lt;/p&gt;

&lt;p&gt;ATTACHMENT ID: 12770762 - PreCommit-HIVE-TRUNK-Build&lt;/p&gt;</comment>
                            <comment id="14991922" author="jcamachorodriguez" created="Thu, 5 Nov 2015 16:27:37 +0000"  >&lt;p&gt;Test fails are unrelated.&lt;/p&gt;</comment>
                            <comment id="14992255" author="jpullokkaran" created="Thu, 5 Nov 2015 19:01:19 +0000"  >&lt;p&gt;+1&lt;/p&gt;</comment>
                            <comment id="14992257" author="jpullokkaran" created="Thu, 5 Nov 2015 19:03:19 +0000"  >&lt;p&gt;This should be back ported to Hive 14 &amp;amp; above.&lt;/p&gt;</comment>
                            <comment id="14993931" author="jcamachorodriguez" created="Fri, 6 Nov 2015 16:46:58 +0000"  >&lt;p&gt;Thanks for the review &lt;a href=&quot;https://issues.apache.org/jira/secure/ViewProfile.jspa?name=jpullokkaran&quot; class=&quot;user-hover&quot; rel=&quot;jpullokkaran&quot;&gt;Laljo John Pullokkaran&lt;/a&gt;.&lt;/p&gt;

&lt;p&gt;Pushed to master, branch-1, branch-0.14, branch-1.0, branch-1.1, and branch-1.2.&lt;/p&gt;</comment>
                    </comments>
                    <attachments>
                            <attachment id="12770762" name="HIVE-12344.patch" size="1091" author="jcamachorodriguez" created="Thu, 5 Nov 2015 08:21:50 +0000"/>
                    </attachments>
                <subtasks>
                    </subtasks>
                <customfields>
                                                <customfield id="customfield_12310310" key="com.atlassian.jira.toolkit:attachments">
                        <customfieldname>Attachment count</customfieldname>
                        <customfieldvalues>
                            <customfieldvalue>1.0</customfieldvalue>
                        </customfieldvalues>
                    </customfield>
                                                                                                                                                                                                                                                                                                                                                                                                                                                                                                                                <customfield id="customfield_12310220" key="com.atlassian.jira.ext.charting:firstresponsedate">
                        <customfieldname>Date of First Response</customfieldname>
                        <customfieldvalues>
                            <customfieldvalue>Thu, 5 Nov 2015 16:25:34 +0000</customfieldvalue>

                        </customfieldvalues>
                    </customfield>
                                                                                                                                                                                                                                                                                                                                                                                                                                            <customfield id="customfield_12310420" key="com.pyxis.greenhopper.jira:gh-global-rank">
                        <customfieldname>Global Rank</customfieldname>
                        <customfieldvalues>
                            <customfieldvalue>9223372036854775807</customfieldvalue>
                        </customfieldvalues>
                    </customfield>
                                                                                                                                                    <customfield id="customfield_12312521" key="com.atlassian.jira.toolkit:LastCommentDate">
                        <customfieldname>Last public comment date</customfieldname>
                        <customfieldvalues>
                            1 year, 3 weeks, 6 days ago
                        </customfieldvalues>
                    </customfield>
                                                                                            <customfield id="customfield_12311820" key="com.pyxis.greenhopper.jira:gh-lexo-rank">
                        <customfieldname>Rank</customfieldname>
                        <customfieldvalues>
                            <customfieldvalue>0|i2nznz:</customfieldvalue>

                        </customfieldvalues>
                    </customfield>
                                                                <customfield id="customfield_12310920" key="com.pyxis.greenhopper.jira:gh-global-rank">
                        <customfieldname>Rank (Obsolete)</customfieldname>
                        <customfieldvalues>
                            <customfieldvalue>9223372036854775807</customfieldvalue>
                        </customfieldvalues>
                    </customfield>
                                                                                                                                                                                                                                                                                                                            <customfield id="customfield_12310222" key="com.atlassian.jira.ext.charting:timeinstatus">
                        <customfieldname>Time in Status</customfieldname>
                        <customfieldvalues>
                            
                        </customfieldvalues>
                    </customfield>
                                                                                                                        </customfields>
    </item>
</channel>
</rss>