<!-- 
RSS generated by JIRA (6.3.4#6332-sha1:51bc225ef474afe3128b2f66878477f322397b16) at Fri Dec 02 11:43:21 UTC 2016

It is possible to restrict the fields that are returned in this document by specifying the 'field' parameter in your request.
For example, to request only the issue key and summary add field=key&field=summary to the URL of your request.
For example:
https://issues.apache.org/jira/si/jira.issueviews:issue-xml/HIVE-12660/HIVE-12660.xml?field=key&amp;field=summary
-->
<rss version="0.92" >
<channel>
    <title>ASF JIRA</title>
    <link>https://issues.apache.org/jira</link>
    <description>This file is an XML representation of an issue</description>
    <language>en-uk</language>    <build-info>
        <version>6.3.4</version>
        <build-number>6332</build-number>
        <build-date>15-08-2014</build-date>
    </build-info>

<item>
            <title>[HIVE-12660] HS2 memory leak with .hiverc file use</title>
                <link>https://issues.apache.org/jira/browse/HIVE-12660</link>
                <project id="12310843" key="HIVE">Hive</project>
                    <description>&lt;p&gt;The Operation objects created to process .hiverc file in HS2 are not closed.&lt;br/&gt;
In HiveSessionImpl, GlobalHivercFileProcessor calls executeStatementInternal but ignores the OperationHandle it returns.&lt;/p&gt;</description>
                <environment></environment>
        <key id="12921317">HIVE-12660</key>
            <summary>HS2 memory leak with .hiverc file use</summary>
                <type id="1" iconUrl="https://issues.apache.org/jira/images/icons/issuetypes/bug.png">Bug</type>
                                            <priority id="3" iconUrl="https://issues.apache.org/jira/images/icons/priorities/major.png">Major</priority>
                        <status id="6" iconUrl="https://issues.apache.org/jira/images/icons/statuses/closed.png" description="The issue is considered finished, the resolution is correct. Issues which are closed can be reopened.">Closed</status>
                    <statusCategory id="3" key="done" colorName="green"/>
                                    <resolution id="1">Fixed</resolution>
                                        <assignee username="thejas">Thejas M Nair</assignee>
                                    <reporter username="thejas">Thejas M Nair</reporter>
                        <labels>
                    </labels>
                <created>Fri, 11 Dec 2015 23:28:32 +0000</created>
                <updated>Thu, 2 Jun 2016 10:17:35 +0000</updated>
                            <resolved>Mon, 11 Jan 2016 17:43:02 +0000</resolved>
                                    <version>0.14.0</version>
                    <version>1.0.0</version>
                    <version>1.2.0</version>
                    <version>1.1.0</version>
                    <version>1.2.1</version>
                                    <fixVersion>2.0.0</fixVersion>
                                    <component>HiveServer2</component>
                        <due></due>
                            <votes>0</votes>
                                    <watches>10</watches>
                                                                <comments>
                            <comment id="15090857" author="githubbot" created="Sun, 10 Jan 2016 02:02:15 +0000"  >&lt;p&gt;GitHub user thejasmn opened a pull request:&lt;/p&gt;

&lt;p&gt;    &lt;a href=&quot;https://github.com/apache/hive/pull/64&quot; class=&quot;external-link&quot; rel=&quot;nofollow&quot;&gt;https://github.com/apache/hive/pull/64&lt;/a&gt;&lt;/p&gt;

&lt;p&gt;    &lt;a href=&quot;https://issues.apache.org/jira/browse/HIVE-12660&quot; title=&quot;HS2 memory leak with .hiverc file use&quot; class=&quot;issue-link&quot; data-issue-key=&quot;HIVE-12660&quot;&gt;&lt;del&gt;HIVE-12660&lt;/del&gt;&lt;/a&gt;&lt;/p&gt;



&lt;p&gt;You can merge this pull request into a Git repository by running:&lt;/p&gt;

&lt;p&gt;    $ git pull &lt;a href=&quot;https://github.com/thejasmn/hive&quot; class=&quot;external-link&quot; rel=&quot;nofollow&quot;&gt;https://github.com/thejasmn/hive&lt;/a&gt; &lt;a href=&quot;https://issues.apache.org/jira/browse/HIVE-12660&quot; title=&quot;HS2 memory leak with .hiverc file use&quot; class=&quot;issue-link&quot; data-issue-key=&quot;HIVE-12660&quot;&gt;&lt;del&gt;HIVE-12660&lt;/del&gt;&lt;/a&gt;&lt;/p&gt;

&lt;p&gt;Alternatively you can review and apply these changes as the patch at:&lt;/p&gt;

&lt;p&gt;    &lt;a href=&quot;https://github.com/apache/hive/pull/64.patch&quot; class=&quot;external-link&quot; rel=&quot;nofollow&quot;&gt;https://github.com/apache/hive/pull/64.patch&lt;/a&gt;&lt;/p&gt;

&lt;p&gt;To close this pull request, make a commit to your master/trunk branch&lt;br/&gt;
with (at least) the following in the commit message:&lt;/p&gt;

&lt;p&gt;    This closes #64&lt;/p&gt;

&lt;hr /&gt;
&lt;p&gt;commit 2b64f6649efe6d1019c8b4b46953f6b9de9b1e39&lt;br/&gt;
Author: Thejas Nair &amp;lt;thejas@hortonworks.com&amp;gt;&lt;br/&gt;
Date:   2016-01-09T19:15:05Z&lt;/p&gt;

&lt;p&gt;    close operations for init file&lt;/p&gt;

&lt;p&gt;commit a28d49227e129d2036a0a287cb9ffd997cc42358&lt;br/&gt;
Author: Thejas Nair &amp;lt;thejas@hortonworks.com&amp;gt;&lt;br/&gt;
Date:   2016-01-09T19:15:16Z&lt;/p&gt;

&lt;p&gt;    test case&lt;/p&gt;

&lt;p&gt;commit cc25c3ffe0e0469a448164afc770f6132db1182f&lt;br/&gt;
Author: Thejas Nair &amp;lt;thejas@hortonworks.com&amp;gt;&lt;br/&gt;
Date:   2016-01-09T21:28:07Z&lt;/p&gt;

&lt;p&gt;    fix formatting&lt;/p&gt;

&lt;p&gt;commit 7e3d82e7b7a96b743d577a419b6273cf24778231&lt;br/&gt;
Author: Thejas Nair &amp;lt;thejas@hortonworks.com&amp;gt;&lt;br/&gt;
Date:   2016-01-10T02:00:13Z&lt;/p&gt;

&lt;p&gt;    test comment&lt;/p&gt;

&lt;hr /&gt;</comment>
                            <comment id="15090859" author="thejas" created="Sun, 10 Jan 2016 02:03:57 +0000"  >&lt;p&gt;Can you please take a look ? &lt;a href=&quot;https://issues.apache.org/jira/secure/ViewProfile.jspa?name=vgumashta&quot; class=&quot;user-hover&quot; rel=&quot;vgumashta&quot;&gt;Vaibhav Gumashta&lt;/a&gt; &lt;a href=&quot;https://issues.apache.org/jira/secure/ViewProfile.jspa?name=szehon&quot; class=&quot;user-hover&quot; rel=&quot;szehon&quot;&gt;Szehon Ho&lt;/a&gt; &lt;a href=&quot;https://issues.apache.org/jira/secure/ViewProfile.jspa?name=dongc&quot; class=&quot;user-hover&quot; rel=&quot;dongc&quot;&gt;Dong Chen&lt;/a&gt;&lt;/p&gt;

</comment>
                            <comment id="15091310" author="hiveqa" created="Mon, 11 Jan 2016 01:08:25 +0000"  >

&lt;p&gt;Here are the results of testing the latest attachment:&lt;br/&gt;
&lt;a href=&quot;https://issues.apache.org/jira/secure/attachment/12781432/HIVE-12660.1.patch&quot; class=&quot;external-link&quot; rel=&quot;nofollow&quot;&gt;https://issues.apache.org/jira/secure/attachment/12781432/HIVE-12660.1.patch&lt;/a&gt;&lt;/p&gt;

&lt;p&gt;&lt;font color=&quot;green&quot;&gt;SUCCESS:&lt;/font&gt; +1 due to 1 test(s) being added or modified.&lt;/p&gt;

&lt;p&gt;&lt;font color=&quot;red&quot;&gt;ERROR:&lt;/font&gt; -1 due to 17 failed/errored test(s), 10000 tests executed&lt;br/&gt;
&lt;b&gt;Failed tests:&lt;/b&gt;&lt;/p&gt;
&lt;div class=&quot;preformatted panel&quot; style=&quot;border-width: 1px;&quot;&gt;&lt;div class=&quot;preformattedContent panelContent&quot;&gt;
&lt;pre&gt;TestHWISessionManager - did not produce a TEST-*.xml file
org.apache.hadoop.hive.cli.TestMiniTezCliDriver.testCliDriver_tez_union
org.apache.hadoop.hive.cli.TestNegativeCliDriver.testNegativeCliDriver_authorization_uri_import
org.apache.hadoop.hive.ql.exec.spark.session.TestSparkSessionManagerImpl.testMultiSessionMultipleUse
org.apache.hadoop.hive.ql.exec.spark.session.TestSparkSessionManagerImpl.testSingleSessionMultipleUse
org.apache.hadoop.hive.thrift.TestHadoopAuthBridge23.testDelegationTokenSharedStore
org.apache.hive.jdbc.TestJdbcWithMiniHS2.testAddJarDataNucleusUnCaching
org.apache.hive.jdbc.TestMultiSessionsHS2WithLocalClusterSpark.testSparkQuery
org.apache.hive.jdbc.TestSSL.testSSLVersion
org.apache.hive.spark.client.TestSparkClient.testAddJarsAndFiles
org.apache.hive.spark.client.TestSparkClient.testCounters
org.apache.hive.spark.client.TestSparkClient.testErrorJob
org.apache.hive.spark.client.TestSparkClient.testJobSubmission
org.apache.hive.spark.client.TestSparkClient.testMetricsCollection
org.apache.hive.spark.client.TestSparkClient.testRemoteClient
org.apache.hive.spark.client.TestSparkClient.testSimpleSparkJob
org.apache.hive.spark.client.TestSparkClient.testSyncRpc
&lt;/pre&gt;
&lt;/div&gt;&lt;/div&gt;

&lt;p&gt;Test results: &lt;a href=&quot;http://ec2-174-129-184-35.compute-1.amazonaws.com/jenkins/job/PreCommit-HIVE-TRUNK-Build/6582/testReport&quot; class=&quot;external-link&quot; rel=&quot;nofollow&quot;&gt;http://ec2-174-129-184-35.compute-1.amazonaws.com/jenkins/job/PreCommit-HIVE-TRUNK-Build/6582/testReport&lt;/a&gt;&lt;br/&gt;
Console output: &lt;a href=&quot;http://ec2-174-129-184-35.compute-1.amazonaws.com/jenkins/job/PreCommit-HIVE-TRUNK-Build/6582/console&quot; class=&quot;external-link&quot; rel=&quot;nofollow&quot;&gt;http://ec2-174-129-184-35.compute-1.amazonaws.com/jenkins/job/PreCommit-HIVE-TRUNK-Build/6582/console&lt;/a&gt;&lt;br/&gt;
Test logs: &lt;a href=&quot;http://ec2-174-129-184-35.compute-1.amazonaws.com/logs/PreCommit-HIVE-TRUNK-Build-6582/&quot; class=&quot;external-link&quot; rel=&quot;nofollow&quot;&gt;http://ec2-174-129-184-35.compute-1.amazonaws.com/logs/PreCommit-HIVE-TRUNK-Build-6582/&lt;/a&gt;&lt;/p&gt;

&lt;p&gt;Messages:&lt;/p&gt;
&lt;div class=&quot;preformatted panel&quot; style=&quot;border-width: 1px;&quot;&gt;&lt;div class=&quot;preformattedContent panelContent&quot;&gt;
&lt;pre&gt;Executing org.apache.hive.ptest.execution.TestCheckPhase
Executing org.apache.hive.ptest.execution.PrepPhase
Executing org.apache.hive.ptest.execution.ExecutionPhase
Executing org.apache.hive.ptest.execution.ReportingPhase
Tests exited with: TestsFailedException: 17 tests failed
&lt;/pre&gt;
&lt;/div&gt;&lt;/div&gt;

&lt;p&gt;This message is automatically generated.&lt;/p&gt;

&lt;p&gt;ATTACHMENT ID: 12781432 - PreCommit-HIVE-TRUNK-Build&lt;/p&gt;</comment>
                            <comment id="15091578" author="vgumashta" created="Mon, 11 Jan 2016 08:09:22 +0000"  >&lt;p&gt;+1&lt;/p&gt;</comment>
                            <comment id="15092127" author="dongc" created="Mon, 11 Jan 2016 15:32:04 +0000"  >&lt;p&gt;+1 LGTM. Thanks for the fix! &lt;a href=&quot;https://issues.apache.org/jira/secure/ViewProfile.jspa?name=thejas&quot; class=&quot;user-hover&quot; rel=&quot;thejas&quot;&gt;Thejas M Nair&lt;/a&gt;&lt;/p&gt;</comment>
                            <comment id="15092357" author="thejas" created="Mon, 11 Jan 2016 17:43:02 +0000"  >&lt;p&gt;Patch committed to branch-2.0, master and branch-1.&lt;/p&gt;

&lt;p&gt;Thanks for the review &lt;a href=&quot;https://issues.apache.org/jira/secure/ViewProfile.jspa?name=vgumashta&quot; class=&quot;user-hover&quot; rel=&quot;vgumashta&quot;&gt;Vaibhav Gumashta&lt;/a&gt; and &lt;a href=&quot;https://issues.apache.org/jira/secure/ViewProfile.jspa?name=dongc&quot; class=&quot;user-hover&quot; rel=&quot;dongc&quot;&gt;Dong Chen&lt;/a&gt;.&lt;/p&gt;</comment>
                            <comment id="15092702" author="thejas" created="Mon, 11 Jan 2016 21:22:40 +0000"  >&lt;p&gt;Attaching a small additional change for branch-1. &lt;br/&gt;
This ports the getOperations method in OperationManager used by the new test to branch-1 .&lt;/p&gt;</comment>
                            <comment id="15093442" author="lefty@hortonworks.com" created="Tue, 12 Jan 2016 07:07:50 +0000"  >&lt;p&gt;&lt;a href=&quot;https://issues.apache.org/jira/secure/ViewProfile.jspa?name=thejas&quot; class=&quot;user-hover&quot; rel=&quot;thejas&quot;&gt;Thejas M Nair&lt;/a&gt;, was this supposed to be committed to branch-1 for 1.3.0, as shown in Fix Version/s?  You committed the original patch and the addendum patch to branch-1.0, which will be 1.0.2.&lt;/p&gt;</comment>
                            <comment id="15109112" author="thejas" created="Wed, 20 Jan 2016 18:45:30 +0000"  >&lt;p&gt;Thanks for catching that &lt;a href=&quot;https://issues.apache.org/jira/secure/ViewProfile.jspa?name=leftylev&quot; class=&quot;user-hover&quot; rel=&quot;leftylev&quot;&gt;Lefty Leverenz&lt;/a&gt;. You are right, it should have been committed to branch-1 and not branch-1.0 . I have reverted the commit from branch-1.0 &lt;span class=&quot;error&quot;&gt;&amp;#91;1&amp;#93;&lt;/span&gt; and its committed in branch-1. &lt;/p&gt;

&lt;p&gt;&lt;span class=&quot;error&quot;&gt;&amp;#91;1&amp;#93;&lt;/span&gt; &lt;a href=&quot;https://github.com/apache/hive/commit/6adfa5451b5fe00b41eaabf67b128fe79e5c0b06&quot; class=&quot;external-link&quot; rel=&quot;nofollow&quot;&gt;https://github.com/apache/hive/commit/6adfa5451b5fe00b41eaabf67b128fe79e5c0b06&lt;/a&gt;&lt;/p&gt;</comment>
                    </comments>
                <issuelinks>
                            <issuelinktype id="10030">
                    <name>Reference</name>
                                                                <inwardlinks description="is related to">
                                        <issuelink>
            <issuekey id="12665802">HIVE-5160</issuekey>
        </issuelink>
                            </inwardlinks>
                                    </issuelinktype>
                    </issuelinks>
                <attachments>
                            <attachment id="12781647" name="HIVE-12660-branch-1.addendum.patch" size="925" author="thejas" created="Mon, 11 Jan 2016 21:22:40 +0000"/>
                            <attachment id="12781432" name="HIVE-12660.1.patch" size="4022" author="thejas" created="Sun, 10 Jan 2016 02:00:32 +0000"/>
                    </attachments>
                <subtasks>
                    </subtasks>
                <customfields>
                                                <customfield id="customfield_12310310" key="com.atlassian.jira.toolkit:attachments">
                        <customfieldname>Attachment count</customfieldname>
                        <customfieldvalues>
                            <customfieldvalue>2.0</customfieldvalue>
                        </customfieldvalues>
                    </customfield>
                                                                                                                                                                                                                                                                                                                                                                                                                                                                                                                                <customfield id="customfield_12310220" key="com.atlassian.jira.ext.charting:firstresponsedate">
                        <customfieldname>Date of First Response</customfieldname>
                        <customfieldvalues>
                            <customfieldvalue>Sun, 10 Jan 2016 02:02:15 +0000</customfieldvalue>

                        </customfieldvalues>
                    </customfield>
                                                                                                                                                                                                                                                                                                                                                                                                                                            <customfield id="customfield_12310420" key="com.pyxis.greenhopper.jira:gh-global-rank">
                        <customfieldname>Global Rank</customfieldname>
                        <customfieldvalues>
                            <customfieldvalue>9223372036854775807</customfieldvalue>
                        </customfieldvalues>
                    </customfield>
                                                                                                                                                    <customfield id="customfield_12312521" key="com.atlassian.jira.toolkit:LastCommentDate">
                        <customfieldname>Last public comment date</customfieldname>
                        <customfieldvalues>
                            45 weeks, 1 day ago
                        </customfieldvalues>
                    </customfield>
                                                                                            <customfield id="customfield_12311820" key="com.pyxis.greenhopper.jira:gh-lexo-rank">
                        <customfieldname>Rank</customfieldname>
                        <customfieldvalues>
                            <customfieldvalue>0|i2psqv:</customfieldvalue>

                        </customfieldvalues>
                    </customfield>
                                                                <customfield id="customfield_12310920" key="com.pyxis.greenhopper.jira:gh-global-rank">
                        <customfieldname>Rank (Obsolete)</customfieldname>
                        <customfieldvalues>
                            <customfieldvalue>9223372036854775807</customfieldvalue>
                        </customfieldvalues>
                    </customfield>
                                                                                                                                                                                                                                                                                                                            <customfield id="customfield_12310222" key="com.atlassian.jira.ext.charting:timeinstatus">
                        <customfieldname>Time in Status</customfieldname>
                        <customfieldvalues>
                            
                        </customfieldvalues>
                    </customfield>
                                                                                                                        </customfields>
    </item>
</channel>
</rss>