<!-- 
RSS generated by JIRA (6.3.4#6332-sha1:51bc225ef474afe3128b2f66878477f322397b16) at Sat Dec 03 00:00:05 UTC 2016

It is possible to restrict the fields that are returned in this document by specifying the 'field' parameter in your request.
For example, to request only the issue key and summary add field=key&field=summary to the URL of your request.
For example:
https://issues.apache.org/jira/si/jira.issueviews:issue-xml/HIVE-114/HIVE-114.xml?field=key&amp;field=summary
-->
<rss version="0.92" >
<channel>
    <title>ASF JIRA</title>
    <link>https://issues.apache.org/jira</link>
    <description>This file is an XML representation of an issue</description>
    <language>en-uk</language>    <build-info>
        <version>6.3.4</version>
        <build-number>6332</build-number>
        <build-date>15-08-2014</build-date>
    </build-info>

<item>
            <title>[HIVE-114] Drop partition should not delete data for external tables</title>
                <link>https://issues.apache.org/jira/browse/HIVE-114</link>
                <project id="12310843" key="HIVE">Hive</project>
                    <description>&lt;p&gt;As a continuation of &lt;a href=&quot;https://issues.apache.org/jira/browse/HIVE-86&quot; title=&quot;drop table should not delete data for external tables&quot; class=&quot;issue-link&quot; data-issue-key=&quot;HIVE-86&quot;&gt;&lt;del&gt;HIVE-86&lt;/del&gt;&lt;/a&gt;, dropping partitions in an external table shouldn&apos;t delete the underlying data&lt;/p&gt;</description>
                <environment></environment>
        <key id="12409905">HIVE-114</key>
            <summary>Drop partition should not delete data for external tables</summary>
                <type id="1" iconUrl="https://issues.apache.org/jira/images/icons/issuetypes/bug.png">Bug</type>
                                            <priority id="4" iconUrl="https://issues.apache.org/jira/images/icons/priorities/minor.png">Minor</priority>
                        <status id="6" iconUrl="https://issues.apache.org/jira/images/icons/statuses/closed.png" description="The issue is considered finished, the resolution is correct. Issues which are closed can be reopened.">Closed</status>
                    <statusCategory id="3" key="done" colorName="green"/>
                                    <resolution id="1">Fixed</resolution>
                                        <assignee username="johanoskarsson">Johan Oskarsson</assignee>
                                    <reporter username="johanoskarsson">Johan Oskarsson</reporter>
                        <labels>
                    </labels>
                <created>Thu, 4 Dec 2008 09:43:48 +0000</created>
                <updated>Sat, 17 Dec 2011 00:09:03 +0000</updated>
                            <resolved>Sat, 13 Dec 2008 03:05:36 +0000</resolved>
                                                    <fixVersion>0.3.0</fixVersion>
                                    <component>Query Processor</component>
                        <due></due>
                            <votes>0</votes>
                                    <watches>1</watches>
                                                                <comments>
                            <comment id="12653284" author="johanoskarsson" created="Thu, 4 Dec 2008 12:43:52 +0000"  >&lt;p&gt;Changes HiveMetaStore to not delete underlying data on drop partition. Adds unit test to check that it works.&lt;/p&gt;</comment>
                            <comment id="12653417" author="athusoo" created="Thu, 4 Dec 2008 19:13:59 +0000"  >&lt;p&gt;+1&lt;/p&gt;

&lt;p&gt;Looks good to me. Thanks Johan...&lt;/p&gt;</comment>
                            <comment id="12655662" author="johanoskarsson" created="Thu, 11 Dec 2008 14:33:16 +0000"  >&lt;p&gt;Would someone have a few minutes to commit this one?&lt;/p&gt;</comment>
                            <comment id="12656236" author="zshao" created="Sat, 13 Dec 2008 03:05:21 +0000"  >&lt;p&gt;Committed revision 726161.&lt;br/&gt;
Thanks Johan!&lt;/p&gt;</comment>
                            <comment id="12656237" author="zshao" created="Sat, 13 Dec 2008 03:05:36 +0000"  >&lt;p&gt;&lt;a href=&quot;https://issues.apache.org/jira/browse/HIVE-114&quot; title=&quot;Drop partition should not delete data for external tables&quot; class=&quot;issue-link&quot; data-issue-key=&quot;HIVE-114&quot;&gt;&lt;del&gt;HIVE-114&lt;/del&gt;&lt;/a&gt;. Drop partition does not delete data for external tables now.&lt;br/&gt;
(Johan Oskarsson via zshao)&lt;/p&gt;</comment>
                    </comments>
                    <attachments>
                            <attachment id="12395284" name="HIVE-114.patch" size="3555" author="johanoskarsson" created="Thu, 4 Dec 2008 12:43:52 +0000"/>
                    </attachments>
                <subtasks>
                    </subtasks>
                <customfields>
                                                <customfield id="customfield_12310310" key="com.atlassian.jira.toolkit:attachments">
                        <customfieldname>Attachment count</customfieldname>
                        <customfieldvalues>
                            <customfieldvalue>1.0</customfieldvalue>
                        </customfieldvalues>
                    </customfield>
                                                                                                                                                                                                                                                                                                                                                                                                                                                                                                                                <customfield id="customfield_12310220" key="com.atlassian.jira.ext.charting:firstresponsedate">
                        <customfieldname>Date of First Response</customfieldname>
                        <customfieldvalues>
                            <customfieldvalue>Thu, 4 Dec 2008 19:13:59 +0000</customfieldvalue>

                        </customfieldvalues>
                    </customfield>
                                                                                                                                                                                                                                                                                                                                                                                                                                            <customfield id="customfield_12310420" key="com.pyxis.greenhopper.jira:gh-global-rank">
                        <customfieldname>Global Rank</customfieldname>
                        <customfieldvalues>
                            <customfieldvalue>73773</customfieldvalue>
                        </customfieldvalues>
                    </customfield>
                                                                <customfield id="customfield_12310191" key="com.atlassian.jira.plugin.system.customfieldtypes:multicheckboxes">
                        <customfieldname>Hadoop Flags</customfieldname>
                        <customfieldvalues>
                                <customfieldvalue key="10343"><![CDATA[Reviewed]]></customfieldvalue>
    
                        </customfieldvalues>
                    </customfield>
                                                                                                                        <customfield id="customfield_12312521" key="com.atlassian.jira.toolkit:LastCommentDate">
                        <customfieldname>Last public comment date</customfieldname>
                        <customfieldvalues>
                            7 years, 51 weeks, 6 days ago
                        </customfieldvalues>
                    </customfield>
                                                                                            <customfield id="customfield_12311820" key="com.pyxis.greenhopper.jira:gh-lexo-rank">
                        <customfieldname>Rank</customfieldname>
                        <customfieldvalues>
                            <customfieldvalue>0|i0l7xr:</customfieldvalue>

                        </customfieldvalues>
                    </customfield>
                                                                <customfield id="customfield_12310920" key="com.pyxis.greenhopper.jira:gh-global-rank">
                        <customfieldname>Rank (Obsolete)</customfieldname>
                        <customfieldvalues>
                            <customfieldvalue>121936</customfieldvalue>
                        </customfieldvalues>
                    </customfield>
                                                                                                                                                                                                                                                                                                                            <customfield id="customfield_12310222" key="com.atlassian.jira.ext.charting:timeinstatus">
                        <customfieldname>Time in Status</customfieldname>
                        <customfieldvalues>
                            
                        </customfieldvalues>
                    </customfield>
                                                                                                                        </customfields>
    </item>
</channel>
</rss>