<!-- 
RSS generated by JIRA (6.3.4#6332-sha1:51bc225ef474afe3128b2f66878477f322397b16) at Sun Dec 04 00:25:13 UTC 2016

It is possible to restrict the fields that are returned in this document by specifying the 'field' parameter in your request.
For example, to request only the issue key and summary add field=key&field=summary to the URL of your request.
For example:
https://issues.apache.org/jira/si/jira.issueviews:issue-xml/HIVE-12039/HIVE-12039.xml?field=key&amp;field=summary
-->
<rss version="0.92" >
<channel>
    <title>ASF JIRA</title>
    <link>https://issues.apache.org/jira</link>
    <description>This file is an XML representation of an issue</description>
    <language>en-uk</language>    <build-info>
        <version>6.3.4</version>
        <build-number>6332</build-number>
        <build-date>15-08-2014</build-date>
    </build-info>

<item>
            <title>[HIVE-12039] Temporarily disable TestSSL#testSSLVersion </title>
                <link>https://issues.apache.org/jira/browse/HIVE-12039</link>
                <project id="12310843" key="HIVE">Hive</project>
                    <description>&lt;p&gt;Looks like it&apos;s only run on Linux and failing after &lt;a href=&quot;https://issues.apache.org/jira/browse/HIVE-11720&quot; title=&quot;Allow HiveServer2 to set custom http request/response header size&quot; class=&quot;issue-link&quot; data-issue-key=&quot;HIVE-11720&quot;&gt;&lt;del&gt;HIVE-11720&lt;/del&gt;&lt;/a&gt;.&lt;/p&gt;</description>
                <environment></environment>
        <key id="12902545">HIVE-12039</key>
            <summary>Temporarily disable TestSSL#testSSLVersion </summary>
                <type id="1" iconUrl="https://issues.apache.org/jira/images/icons/issuetypes/bug.png">Bug</type>
                                            <priority id="3" iconUrl="https://issues.apache.org/jira/images/icons/priorities/major.png">Major</priority>
                        <status id="6" iconUrl="https://issues.apache.org/jira/images/icons/statuses/closed.png" description="The issue is considered finished, the resolution is correct. Issues which are closed can be reopened.">Closed</status>
                    <statusCategory id="3" key="done" colorName="green"/>
                                    <resolution id="1">Fixed</resolution>
                                        <assignee username="ashutoshc">Ashutosh Chauhan</assignee>
                                    <reporter username="vgumashta">Vaibhav Gumashta</reporter>
                        <labels>
                    </labels>
                <created>Mon, 5 Oct 2015 23:38:13 +0000</created>
                <updated>Tue, 21 Jun 2016 15:53:15 +0000</updated>
                            <resolved>Thu, 10 Mar 2016 00:29:19 +0000</resolved>
                                    <version>1.3.0</version>
                    <version>2.0.0</version>
                                    <fixVersion>2.1.0</fixVersion>
                                    <component>HiveServer2</component>
                        <due></due>
                            <votes>0</votes>
                                    <watches>6</watches>
                                                                <comments>
                            <comment id="14951492" author="hiveqa" created="Sat, 10 Oct 2015 01:39:38 +0000"  >

&lt;p&gt;&lt;font color=&quot;red&quot;&gt;Overall&lt;/font&gt;: -1 at least one tests failed&lt;/p&gt;

&lt;p&gt;Here are the results of testing the latest attachment:&lt;br/&gt;
&lt;a href=&quot;https://issues.apache.org/jira/secure/attachment/12765663/HIVE-12039.1.patch&quot; class=&quot;external-link&quot; rel=&quot;nofollow&quot;&gt;https://issues.apache.org/jira/secure/attachment/12765663/HIVE-12039.1.patch&lt;/a&gt;&lt;/p&gt;

&lt;p&gt;&lt;font color=&quot;green&quot;&gt;SUCCESS:&lt;/font&gt; +1 due to 1 test(s) being added or modified.&lt;/p&gt;

&lt;p&gt;&lt;font color=&quot;red&quot;&gt;ERROR:&lt;/font&gt; -1 due to 3 failed/errored test(s), 9659 tests executed&lt;br/&gt;
&lt;b&gt;Failed tests:&lt;/b&gt;&lt;/p&gt;
&lt;div class=&quot;preformatted panel&quot; style=&quot;border-width: 1px;&quot;&gt;&lt;div class=&quot;preformattedContent panelContent&quot;&gt;
&lt;pre&gt;org.apache.hadoop.hive.cli.TestMinimrCliDriver.testCliDriver_schemeAuthority2
org.apache.hive.hcatalog.api.TestHCatClient.testTableSchemaPropagation
org.apache.hive.jdbc.TestSSL.testSSLVersion
&lt;/pre&gt;
&lt;/div&gt;&lt;/div&gt;

&lt;p&gt;Test results: &lt;a href=&quot;http://ec2-174-129-184-35.compute-1.amazonaws.com/jenkins/job/PreCommit-HIVE-TRUNK-Build/5589/testReport&quot; class=&quot;external-link&quot; rel=&quot;nofollow&quot;&gt;http://ec2-174-129-184-35.compute-1.amazonaws.com/jenkins/job/PreCommit-HIVE-TRUNK-Build/5589/testReport&lt;/a&gt;&lt;br/&gt;
Console output: &lt;a href=&quot;http://ec2-174-129-184-35.compute-1.amazonaws.com/jenkins/job/PreCommit-HIVE-TRUNK-Build/5589/console&quot; class=&quot;external-link&quot; rel=&quot;nofollow&quot;&gt;http://ec2-174-129-184-35.compute-1.amazonaws.com/jenkins/job/PreCommit-HIVE-TRUNK-Build/5589/console&lt;/a&gt;&lt;br/&gt;
Test logs: &lt;a href=&quot;http://ec2-174-129-184-35.compute-1.amazonaws.com/logs/PreCommit-HIVE-TRUNK-Build-5589/&quot; class=&quot;external-link&quot; rel=&quot;nofollow&quot;&gt;http://ec2-174-129-184-35.compute-1.amazonaws.com/logs/PreCommit-HIVE-TRUNK-Build-5589/&lt;/a&gt;&lt;/p&gt;

&lt;p&gt;Messages:&lt;/p&gt;
&lt;div class=&quot;preformatted panel&quot; style=&quot;border-width: 1px;&quot;&gt;&lt;div class=&quot;preformattedContent panelContent&quot;&gt;
&lt;pre&gt;Executing org.apache.hive.ptest.execution.TestCheckPhase
Executing org.apache.hive.ptest.execution.PrepPhase
Executing org.apache.hive.ptest.execution.ExecutionPhase
Executing org.apache.hive.ptest.execution.ReportingPhase
Tests exited with: TestsFailedException: 3 tests failed
&lt;/pre&gt;
&lt;/div&gt;&lt;/div&gt;

&lt;p&gt;This message is automatically generated.&lt;/p&gt;

&lt;p&gt;ATTACHMENT ID: 12765663 - PreCommit-HIVE-TRUNK-Build&lt;/p&gt;</comment>
                            <comment id="14972867" author="ashutoshc" created="Sat, 24 Oct 2015 21:15:30 +0000"  >&lt;p&gt;+1&lt;/p&gt;</comment>
                            <comment id="14972883" author="ashutoshc" created="Sat, 24 Oct 2015 21:41:35 +0000"  >&lt;p&gt;Pushed to master.&lt;/p&gt;</comment>
                            <comment id="14974640" author="jdere" created="Mon, 26 Oct 2015 17:46:42 +0000"  >&lt;p&gt;The precommit results from this patch show that org.apache.hive.jdbc.TestSSL.testSSLVersion was still failing, so this may not have fixed the issue.&lt;/p&gt;</comment>
                            <comment id="14983685" author="thejas" created="Sat, 31 Oct 2015 00:28:38 +0000"  >&lt;p&gt;Reopening as the test still fails.&lt;/p&gt;</comment>
                            <comment id="15014602" author="sershe" created="Thu, 19 Nov 2015 22:40:06 +0000"  >&lt;p&gt;Removing fixed version (2.0) from Unresolved JIRA in preparation for the release. Please use target version field instead (if not already set) if you think this should be shipped as part of 2.0&lt;/p&gt;</comment>
                            <comment id="15083872" author="pxiong" created="Tue, 5 Jan 2016 21:44:57 +0000"  >&lt;p&gt;&lt;a href=&quot;https://issues.apache.org/jira/secure/ViewProfile.jspa?name=vgumashta&quot; class=&quot;user-hover&quot; rel=&quot;vgumashta&quot;&gt;Vaibhav Gumashta&lt;/a&gt;, could you please submit a patch for this? It now blocks &lt;a href=&quot;https://issues.apache.org/jira/browse/HIVE-12773&quot; title=&quot;Address current test case failures in Hive&quot; class=&quot;issue-link&quot; data-issue-key=&quot;HIVE-12773&quot;&gt;&lt;del&gt;HIVE-12773&lt;/del&gt;&lt;/a&gt;. Thanks.&lt;/p&gt;</comment>
                            <comment id="15099164" author="vgumashta" created="Fri, 15 Jan 2016 00:00:16 +0000"  >&lt;p&gt;Another try. Test passes locally, let&apos;s see if it passes precommit.&lt;/p&gt;</comment>
                            <comment id="15101970" author="hiveqa" created="Fri, 15 Jan 2016 16:00:29 +0000"  >

&lt;p&gt;Here are the results of testing the latest attachment:&lt;br/&gt;
&lt;a href=&quot;https://issues.apache.org/jira/secure/attachment/12782405/HIVE-12039.2.patch&quot; class=&quot;external-link&quot; rel=&quot;nofollow&quot;&gt;https://issues.apache.org/jira/secure/attachment/12782405/HIVE-12039.2.patch&lt;/a&gt;&lt;/p&gt;

&lt;p&gt;&lt;font color=&quot;green&quot;&gt;SUCCESS:&lt;/font&gt; +1 due to 1 test(s) being added or modified.&lt;/p&gt;

&lt;p&gt;&lt;font color=&quot;red&quot;&gt;ERROR:&lt;/font&gt; -1 due to 7 failed/errored test(s), 10004 tests executed&lt;br/&gt;
&lt;b&gt;Failed tests:&lt;/b&gt;&lt;/p&gt;
&lt;div class=&quot;preformatted panel&quot; style=&quot;border-width: 1px;&quot;&gt;&lt;div class=&quot;preformattedContent panelContent&quot;&gt;
&lt;pre&gt;TestHWISessionManager - did not produce a TEST-*.xml file
TestSparkCliDriver-timestamp_lazy.q-bucketsortoptimize_insert_4.q-date_udf.q-and-12-more - did not produce a TEST-*.xml file
org.apache.hadoop.hive.cli.TestMiniTezCliDriver.testCliDriver_tez_union
org.apache.hadoop.hive.cli.TestNegativeCliDriver.testNegativeCliDriver_authorization_uri_import
org.apache.hadoop.hive.ql.exec.spark.session.TestSparkSessionManagerImpl.testMultiSessionMultipleUse
org.apache.hadoop.hive.ql.exec.spark.session.TestSparkSessionManagerImpl.testSingleSessionMultipleUse
org.apache.hive.jdbc.TestSSL.testSSLVersion
&lt;/pre&gt;
&lt;/div&gt;&lt;/div&gt;

&lt;p&gt;Test results: &lt;a href=&quot;http://ec2-174-129-184-35.compute-1.amazonaws.com/jenkins/job/PreCommit-HIVE-TRUNK-Build/6635/testReport&quot; class=&quot;external-link&quot; rel=&quot;nofollow&quot;&gt;http://ec2-174-129-184-35.compute-1.amazonaws.com/jenkins/job/PreCommit-HIVE-TRUNK-Build/6635/testReport&lt;/a&gt;&lt;br/&gt;
Console output: &lt;a href=&quot;http://ec2-174-129-184-35.compute-1.amazonaws.com/jenkins/job/PreCommit-HIVE-TRUNK-Build/6635/console&quot; class=&quot;external-link&quot; rel=&quot;nofollow&quot;&gt;http://ec2-174-129-184-35.compute-1.amazonaws.com/jenkins/job/PreCommit-HIVE-TRUNK-Build/6635/console&lt;/a&gt;&lt;br/&gt;
Test logs: &lt;a href=&quot;http://ec2-174-129-184-35.compute-1.amazonaws.com/logs/PreCommit-HIVE-TRUNK-Build-6635/&quot; class=&quot;external-link&quot; rel=&quot;nofollow&quot;&gt;http://ec2-174-129-184-35.compute-1.amazonaws.com/logs/PreCommit-HIVE-TRUNK-Build-6635/&lt;/a&gt;&lt;/p&gt;

&lt;p&gt;Messages:&lt;/p&gt;
&lt;div class=&quot;preformatted panel&quot; style=&quot;border-width: 1px;&quot;&gt;&lt;div class=&quot;preformattedContent panelContent&quot;&gt;
&lt;pre&gt;Executing org.apache.hive.ptest.execution.TestCheckPhase
Executing org.apache.hive.ptest.execution.PrepPhase
Executing org.apache.hive.ptest.execution.ExecutionPhase
Executing org.apache.hive.ptest.execution.ReportingPhase
Tests exited with: TestsFailedException: 7 tests failed
&lt;/pre&gt;
&lt;/div&gt;&lt;/div&gt;

&lt;p&gt;This message is automatically generated.&lt;/p&gt;

&lt;p&gt;ATTACHMENT ID: 12782405 - PreCommit-HIVE-TRUNK-Build&lt;/p&gt;</comment>
                            <comment id="15186452" author="ashutoshc" created="Wed, 9 Mar 2016 03:55:22 +0000"  >&lt;p&gt;Any update on this? Shall we disable this test temporarily until we find a fix for it?&lt;/p&gt;</comment>
                            <comment id="15186457" author="pxiong" created="Wed, 9 Mar 2016 04:01:50 +0000"  >&lt;p&gt;&lt;a href=&quot;https://issues.apache.org/jira/secure/ViewProfile.jspa?name=ashutoshc&quot; class=&quot;user-hover&quot; rel=&quot;ashutoshc&quot;&gt;Ashutosh Chauhan&lt;/a&gt;, if you take look at the umbrella jira, you will find that there is another one failing. &lt;img class=&quot;emoticon&quot; src=&quot;https://issues.apache.org/jira/images/icons/emoticons/smile.gif&quot; height=&quot;16&quot; width=&quot;16&quot; align=&quot;absmiddle&quot; alt=&quot;&quot; border=&quot;0&quot;/&gt; &lt;/p&gt;</comment>
                            <comment id="15186460" author="ashutoshc" created="Wed, 9 Mar 2016 04:04:12 +0000"  >&lt;p&gt;Stack trace from recent run on Hive QA:&lt;/p&gt;
&lt;div class=&quot;code panel&quot; style=&quot;border-width: 1px;&quot;&gt;&lt;div class=&quot;codeContent panelContent&quot;&gt;
&lt;pre class=&quot;code-java&quot;&gt;
Error Message

Expected SQLException during connect
Stacktrace

java.lang.AssertionError: Expected SQLException during connect
	at org.junit.Assert.fail(Assert.java:88)
	at org.apache.hive.jdbc.TestSSL.testSSLVersion(TestSSL.java:146)
&lt;/pre&gt;
&lt;/div&gt;&lt;/div&gt;</comment>
                            <comment id="15188314" author="ashutoshc" created="Wed, 9 Mar 2016 23:53:30 +0000"  >&lt;p&gt;Patch to disable test. &lt;a href=&quot;https://issues.apache.org/jira/secure/ViewProfile.jspa?name=thejas&quot; class=&quot;user-hover&quot; rel=&quot;thejas&quot;&gt;Thejas M Nair&lt;/a&gt; Can you take a quick look ?&lt;/p&gt;</comment>
                            <comment id="15188363" author="thejas" created="Thu, 10 Mar 2016 00:22:12 +0000"  >&lt;p&gt;+1&lt;br/&gt;
Can you also please open a jira to re-enable after fixing ?&lt;/p&gt;</comment>
                            <comment id="15188375" author="ashutoshc" created="Thu, 10 Mar 2016 00:29:19 +0000"  >&lt;p&gt;Pushed to master.&lt;/p&gt;</comment>
                            <comment id="15188379" author="ashutoshc" created="Thu, 10 Mar 2016 00:31:24 +0000"  >&lt;p&gt;Created &lt;a href=&quot;https://issues.apache.org/jira/browse/HIVE-13253&quot; title=&quot;Reenable TestSSL#testSSLVersion&quot; class=&quot;issue-link&quot; data-issue-key=&quot;HIVE-13253&quot;&gt;HIVE-13253&lt;/a&gt;&lt;/p&gt;</comment>
                    </comments>
                <issuelinks>
                            <issuelinktype id="12310060">
                    <name>Container</name>
                                                                <inwardlinks description="Is contained by">
                                        <issuelink>
            <issuekey id="12927108">HIVE-12773</issuekey>
        </issuelink>
                            </inwardlinks>
                                    </issuelinktype>
                            <issuelinktype id="12310000">
                    <name>Duplicate</name>
                                                                <inwardlinks description="is duplicated by">
                                        <issuelink>
            <issuekey id="12905972">HIVE-12214</issuekey>
        </issuelink>
                            </inwardlinks>
                                    </issuelinktype>
                            <issuelinktype id="10030">
                    <name>Reference</name>
                                                                <inwardlinks description="is related to">
                                        <issuelink>
            <issuekey id="12948602">HIVE-13253</issuekey>
        </issuelink>
                            </inwardlinks>
                                    </issuelinktype>
                    </issuelinks>
                <attachments>
                            <attachment id="12765663" name="HIVE-12039.1.patch" size="5136" author="vgumashta" created="Thu, 8 Oct 2015 19:43:09 +0000"/>
                            <attachment id="12782405" name="HIVE-12039.2.patch" size="2746" author="vgumashta" created="Fri, 15 Jan 2016 00:00:16 +0000"/>
                            <attachment id="12792384" name="HIVE-12039.patch" size="849" author="ashutoshc" created="Wed, 9 Mar 2016 23:53:30 +0000"/>
                    </attachments>
                <subtasks>
                    </subtasks>
                <customfields>
                                                <customfield id="customfield_12310310" key="com.atlassian.jira.toolkit:attachments">
                        <customfieldname>Attachment count</customfieldname>
                        <customfieldvalues>
                            <customfieldvalue>3.0</customfieldvalue>
                        </customfieldvalues>
                    </customfield>
                                                                                                                                                                                                                                                                                                                                                                                                                                                                                                                                <customfield id="customfield_12310220" key="com.atlassian.jira.ext.charting:firstresponsedate">
                        <customfieldname>Date of First Response</customfieldname>
                        <customfieldvalues>
                            <customfieldvalue>Sat, 10 Oct 2015 01:39:38 +0000</customfieldvalue>

                        </customfieldvalues>
                    </customfield>
                                                                                                                                                                                                                                                                                                                                                                                                                                            <customfield id="customfield_12310420" key="com.pyxis.greenhopper.jira:gh-global-rank">
                        <customfieldname>Global Rank</customfieldname>
                        <customfieldvalues>
                            <customfieldvalue>9223372036854775807</customfieldvalue>
                        </customfieldvalues>
                    </customfield>
                                                                                                                                                    <customfield id="customfield_12312521" key="com.atlassian.jira.toolkit:LastCommentDate">
                        <customfieldname>Last public comment date</customfieldname>
                        <customfieldvalues>
                            38 weeks, 2 days ago
                        </customfieldvalues>
                    </customfield>
                                                                                            <customfield id="customfield_12311820" key="com.pyxis.greenhopper.jira:gh-lexo-rank">
                        <customfieldname>Rank</customfieldname>
                        <customfieldvalues>
                            <customfieldvalue>0|i2mm2n:</customfieldvalue>

                        </customfieldvalues>
                    </customfield>
                                                                <customfield id="customfield_12310920" key="com.pyxis.greenhopper.jira:gh-global-rank">
                        <customfieldname>Rank (Obsolete)</customfieldname>
                        <customfieldvalues>
                            <customfieldvalue>9223372036854775807</customfieldvalue>
                        </customfieldvalues>
                    </customfield>
                                                                                                                                                                                                                                                                    <customfield id="customfield_12310320" key="com.atlassian.jira.plugin.system.customfieldtypes:multiversion">
                        <customfieldname>Target Version/s</customfieldname>
                        <customfieldvalues>
                                <customfieldvalue>12334255</customfieldvalue>
    
                        </customfieldvalues>
                    </customfield>
                                                                                            <customfield id="customfield_12310222" key="com.atlassian.jira.ext.charting:timeinstatus">
                        <customfieldname>Time in Status</customfieldname>
                        <customfieldvalues>
                            
                        </customfieldvalues>
                    </customfield>
                                                                                                                        </customfields>
    </item>
</channel>
</rss>