<!-- 
RSS generated by JIRA (6.3.4#6332-sha1:51bc225ef474afe3128b2f66878477f322397b16) at Sun Dec 04 00:20:50 UTC 2016

It is possible to restrict the fields that are returned in this document by specifying the 'field' parameter in your request.
For example, to request only the issue key and summary add field=key&field=summary to the URL of your request.
For example:
https://issues.apache.org/jira/si/jira.issueviews:issue-xml/HIVE-10971/HIVE-10971.xml?field=key&amp;field=summary
-->
<rss version="0.92" >
<channel>
    <title>ASF JIRA</title>
    <link>https://issues.apache.org/jira</link>
    <description>This file is an XML representation of an issue</description>
    <language>en-uk</language>    <build-info>
        <version>6.3.4</version>
        <build-number>6332</build-number>
        <build-date>15-08-2014</build-date>
    </build-info>

<item>
            <title>[HIVE-10971] count(*) with count(distinct) gives wrong results when hive.groupby.skewindata=true</title>
                <link>https://issues.apache.org/jira/browse/HIVE-10971</link>
                <project id="12310843" key="HIVE">Hive</project>
                    <description>&lt;p&gt;When hive.groupby.skewindata=true, the following query based on TPC-H gives wrong results:&lt;/p&gt;

&lt;div class=&quot;code panel&quot; style=&quot;border-width: 1px;&quot;&gt;&lt;div class=&quot;codeContent panelContent&quot;&gt;
&lt;pre class=&quot;code-java&quot;&gt;
set hive.groupby.skewindata=&lt;span class=&quot;code-keyword&quot;&gt;true&lt;/span&gt;;

select l_returnflag, count(*), count(distinct l_linestatus)
from lineitem
group by l_returnflag
limit 10;
&lt;/pre&gt;
&lt;/div&gt;&lt;/div&gt;

&lt;p&gt;The query plan shows that it generates only one MapReduce job instead of two theoretically, which is dictated by hive.groupby.skewindata=true.&lt;/p&gt;

&lt;p&gt;The problem arises only when &lt;/p&gt;
&lt;div class=&quot;preformatted panel&quot; style=&quot;border-width: 1px;&quot;&gt;&lt;div class=&quot;preformattedContent panelContent&quot;&gt;
&lt;pre&gt;count(*)&lt;/pre&gt;
&lt;/div&gt;&lt;/div&gt;
&lt;p&gt; and &lt;/p&gt;
&lt;div class=&quot;preformatted panel&quot; style=&quot;border-width: 1px;&quot;&gt;&lt;div class=&quot;preformattedContent panelContent&quot;&gt;
&lt;pre&gt;count(distinct)&lt;/pre&gt;
&lt;/div&gt;&lt;/div&gt;
&lt;p&gt; exist together.&lt;/p&gt;</description>
                <environment></environment>
        <key id="12836488">HIVE-10971</key>
            <summary>count(*) with count(distinct) gives wrong results when hive.groupby.skewindata=true</summary>
                <type id="1" iconUrl="https://issues.apache.org/jira/images/icons/issuetypes/bug.png">Bug</type>
                                            <priority id="3" iconUrl="https://issues.apache.org/jira/images/icons/priorities/major.png">Major</priority>
                        <status id="5" iconUrl="https://issues.apache.org/jira/images/icons/statuses/resolved.png" description="A resolution has been taken, and it is awaiting verification by reporter. From here issues are either reopened, or are closed.">Resolved</status>
                    <statusCategory id="3" key="done" colorName="green"/>
                                    <resolution id="1">Fixed</resolution>
                                        <assignee username="sjtufighter">WangMeng</assignee>
                                    <reporter username="sjtufighter">WangMeng</reporter>
                        <labels>
                    </labels>
                <created>Tue, 9 Jun 2015 08:52:01 +0000</created>
                <updated>Wed, 17 Jun 2015 02:23:25 +0000</updated>
                            <resolved>Wed, 10 Jun 2015 07:09:42 +0000</resolved>
                                    <version>1.2.0</version>
                                    <fixVersion>1.2.1</fixVersion>
                                    <component>Logical Optimizer</component>
                        <due></due>
                            <votes>0</votes>
                                    <watches>4</watches>
                                                                <comments>
                            <comment id="14578602" author="sjtufighter" created="Tue, 9 Jun 2015 09:01:56 +0000"  >&lt;div class=&quot;code panel&quot; style=&quot;border-width: 1px;&quot;&gt;&lt;div class=&quot;codeContent panelContent&quot;&gt;
&lt;pre class=&quot;code-java&quot;&gt;
hive&amp;gt; set  hive.groupby.skewindata=&lt;span class=&quot;code-keyword&quot;&gt;true&lt;/span&gt;;
hive&amp;gt; explain select l_returnflag,count(*),count(distinct  l_linestatus) from lineitem  group by l_returnflag  limit 10;
OK
STAGE DEPENDENCIES:
  Stage-1 is a root stage
  Stage-0 is a root stage

STAGE PLANS:
  Stage: Stage-1
    Map Reduce
      Map Operator Tree:
          TableScan
            alias: lineitem
            Statistics: Num rows: 1008537518 Data size: 201707503616 Basic stats: COMPLETE Column stats: NONE
            Select Operator
              expressions: l_returnflag (type: string), l_linestatus (type: string)
              outputColumnNames: l_returnflag, l_linestatus
              Statistics: Num rows: 1008537518 Data size: 201707503616 Basic stats: COMPLETE Column stats: NONE
              Group By Operator
                aggregations: count(), count(DISTINCT l_linestatus)
                keys: l_returnflag (type: string), l_linestatus (type: string)
                mode: hash
                outputColumnNames: _col0, _col1, _col2, _col3
                Statistics: Num rows: 1008537518 Data size: 201707503616 Basic stats: COMPLETE Column stats: NONE
                Reduce Output Operator
                  key expressions: _col0 (type: string), _col1 (type: string)
                  sort order: ++
                  Map-reduce partition columns: _col0 (type: string)
                  Statistics: Num rows: 1008537518 Data size: 201707503616 Basic stats: COMPLETE Column stats: NONE
                  value expressions: _col2 (type: bigint)
      Reduce Operator Tree:
        Group By Operator
          aggregations: count(VALUE._col0), count(DISTINCT KEY._col1:0._col0)
          keys: KEY._col0 (type: string)
          mode: complete
          outputColumnNames: _col0, _col1, _col2
          Statistics: Num rows: 504268759 Data size: 100853751808 Basic stats: COMPLETE Column stats: NONE
          Select Operator
            expressions: _col0 (type: string), _col1 (type: bigint), _col2 (type: bigint)
            outputColumnNames: _col0, _col1, _col2
            Statistics: Num rows: 504268759 Data size: 100853751808 Basic stats: COMPLETE Column stats: NONE
            Limit
              &lt;span class=&quot;code-object&quot;&gt;Number&lt;/span&gt; of rows: 10
              Statistics: Num rows: 10 Data size: 2000 Basic stats: COMPLETE Column stats: NONE
              File Output Operator
                compressed: &lt;span class=&quot;code-keyword&quot;&gt;true&lt;/span&gt;
                Statistics: Num rows: 10 Data size: 2000 Basic stats: COMPLETE Column stats: NONE
                table:
                    input format: org.apache.hadoop.mapred.TextInputFormat
                    output format: org.apache.hadoop.hive.ql.io.HiveIgnoreKeyTextOutputFormat
                    serde: org.apache.hadoop.hive.serde2.lazy.LazySimpleSerDe

  Stage: Stage-0
    Fetch Operator
      limit: 10
&lt;/pre&gt;
&lt;/div&gt;&lt;/div&gt;

&lt;p&gt;When hive.groupby.skewindata=false, the Group By operator has mode &quot;mergepartial&quot;, which gives the correct results.&lt;/p&gt;</comment>
                            <comment id="14578802" author="hiveqa" created="Tue, 9 Jun 2015 12:16:48 +0000"  >

&lt;p&gt;&lt;font color=&quot;red&quot;&gt;Overall&lt;/font&gt;: -1 at least one tests failed&lt;/p&gt;

&lt;p&gt;Here are the results of testing the latest attachment:&lt;br/&gt;
&lt;a href=&quot;https://issues.apache.org/jira/secure/attachment/12738553/HIVE-10971.01.patch&quot; class=&quot;external-link&quot; rel=&quot;nofollow&quot;&gt;https://issues.apache.org/jira/secure/attachment/12738553/HIVE-10971.01.patch&lt;/a&gt;&lt;/p&gt;

&lt;p&gt;&lt;font color=&quot;red&quot;&gt;ERROR:&lt;/font&gt; -1 due to 20 failed/errored test(s), 9004 tests executed&lt;br/&gt;
&lt;b&gt;Failed tests:&lt;/b&gt;&lt;/p&gt;
&lt;div class=&quot;preformatted panel&quot; style=&quot;border-width: 1px;&quot;&gt;&lt;div class=&quot;preformattedContent panelContent&quot;&gt;
&lt;pre&gt;org.apache.hadoop.hive.cli.TestCliDriver.testCliDriver_groupby10
org.apache.hadoop.hive.cli.TestCliDriver.testCliDriver_groupby11
org.apache.hadoop.hive.cli.TestCliDriver.testCliDriver_groupby2_map_skew
org.apache.hadoop.hive.cli.TestCliDriver.testCliDriver_groupby8
org.apache.hadoop.hive.cli.TestCliDriver.testCliDriver_groupby8_map_skew
org.apache.hadoop.hive.cli.TestCliDriver.testCliDriver_groupby_cube1
org.apache.hadoop.hive.cli.TestCliDriver.testCliDriver_groupby_rollup1
org.apache.hadoop.hive.cli.TestMiniTezCliDriver.testCliDriver_groupby2
org.apache.hadoop.hive.cli.TestMinimrCliDriver.testCliDriver_groupby2
org.apache.hadoop.hive.cli.TestSparkCliDriver.testCliDriver_groupby10
org.apache.hadoop.hive.cli.TestSparkCliDriver.testCliDriver_groupby11
org.apache.hadoop.hive.cli.TestSparkCliDriver.testCliDriver_groupby2
org.apache.hadoop.hive.cli.TestSparkCliDriver.testCliDriver_groupby8
org.apache.hadoop.hive.cli.TestSparkCliDriver.testCliDriver_groupby8_map_skew
org.apache.hadoop.hive.cli.TestSparkCliDriver.testCliDriver_groupby_cube1
org.apache.hadoop.hive.cli.TestSparkCliDriver.testCliDriver_groupby_rollup1
org.apache.hadoop.hive.ql.TestMTQueries.testMTQueries1
org.apache.hive.beeline.TestSchemaTool.testSchemaInit
org.apache.hive.beeline.TestSchemaTool.testSchemaUpgrade
org.apache.hive.hcatalog.streaming.TestStreaming.testTransactionBatchCommit_Json
&lt;/pre&gt;
&lt;/div&gt;&lt;/div&gt;

&lt;p&gt;Test results: &lt;a href=&quot;http://ec2-174-129-184-35.compute-1.amazonaws.com/jenkins/job/PreCommit-HIVE-TRUNK-Build/4223/testReport&quot; class=&quot;external-link&quot; rel=&quot;nofollow&quot;&gt;http://ec2-174-129-184-35.compute-1.amazonaws.com/jenkins/job/PreCommit-HIVE-TRUNK-Build/4223/testReport&lt;/a&gt;&lt;br/&gt;
Console output: &lt;a href=&quot;http://ec2-174-129-184-35.compute-1.amazonaws.com/jenkins/job/PreCommit-HIVE-TRUNK-Build/4223/console&quot; class=&quot;external-link&quot; rel=&quot;nofollow&quot;&gt;http://ec2-174-129-184-35.compute-1.amazonaws.com/jenkins/job/PreCommit-HIVE-TRUNK-Build/4223/console&lt;/a&gt;&lt;br/&gt;
Test logs: &lt;a href=&quot;http://ec2-174-129-184-35.compute-1.amazonaws.com/logs/PreCommit-HIVE-TRUNK-Build-4223/&quot; class=&quot;external-link&quot; rel=&quot;nofollow&quot;&gt;http://ec2-174-129-184-35.compute-1.amazonaws.com/logs/PreCommit-HIVE-TRUNK-Build-4223/&lt;/a&gt;&lt;/p&gt;

&lt;p&gt;Messages:&lt;/p&gt;
&lt;div class=&quot;preformatted panel&quot; style=&quot;border-width: 1px;&quot;&gt;&lt;div class=&quot;preformattedContent panelContent&quot;&gt;
&lt;pre&gt;Executing org.apache.hive.ptest.execution.PrepPhase
Executing org.apache.hive.ptest.execution.ExecutionPhase
Executing org.apache.hive.ptest.execution.ReportingPhase
Tests exited with: TestsFailedException: 20 tests failed
&lt;/pre&gt;
&lt;/div&gt;&lt;/div&gt;

&lt;p&gt;This message is automatically generated.&lt;/p&gt;

&lt;p&gt;ATTACHMENT ID: 12738553 - PreCommit-HIVE-TRUNK-Build&lt;/p&gt;</comment>
                            <comment id="14579482" author="ashutoshc" created="Tue, 9 Jun 2015 19:55:20 +0000"  >&lt;p&gt;LGTM +1 need to update test files though.&lt;/p&gt;</comment>
                            <comment id="14579644" author="ashutoshc" created="Tue, 9 Jun 2015 22:05:21 +0000"  >&lt;p&gt;Updated patch with golden file updates.&lt;/p&gt;</comment>
                            <comment id="14580047" author="hiveqa" created="Wed, 10 Jun 2015 05:34:26 +0000"  >

&lt;p&gt;&lt;font color=&quot;red&quot;&gt;Overall&lt;/font&gt;: -1 at least one tests failed&lt;/p&gt;

&lt;p&gt;Here are the results of testing the latest attachment:&lt;br/&gt;
&lt;a href=&quot;https://issues.apache.org/jira/secure/attachment/12738683/HIVE-10971.1.patch&quot; class=&quot;external-link&quot; rel=&quot;nofollow&quot;&gt;https://issues.apache.org/jira/secure/attachment/12738683/HIVE-10971.1.patch&lt;/a&gt;&lt;/p&gt;

&lt;p&gt;&lt;font color=&quot;red&quot;&gt;ERROR:&lt;/font&gt; -1 due to 3 failed/errored test(s), 9006 tests executed&lt;br/&gt;
&lt;b&gt;Failed tests:&lt;/b&gt;&lt;/p&gt;
&lt;div class=&quot;preformatted panel&quot; style=&quot;border-width: 1px;&quot;&gt;&lt;div class=&quot;preformattedContent panelContent&quot;&gt;
&lt;pre&gt;org.apache.hadoop.hive.cli.TestSparkCliDriver.testCliDriver_groupby2
org.apache.hive.beeline.TestSchemaTool.testSchemaInit
org.apache.hive.beeline.TestSchemaTool.testSchemaUpgrade
&lt;/pre&gt;
&lt;/div&gt;&lt;/div&gt;

&lt;p&gt;Test results: &lt;a href=&quot;http://ec2-174-129-184-35.compute-1.amazonaws.com/jenkins/job/PreCommit-HIVE-TRUNK-Build/4234/testReport&quot; class=&quot;external-link&quot; rel=&quot;nofollow&quot;&gt;http://ec2-174-129-184-35.compute-1.amazonaws.com/jenkins/job/PreCommit-HIVE-TRUNK-Build/4234/testReport&lt;/a&gt;&lt;br/&gt;
Console output: &lt;a href=&quot;http://ec2-174-129-184-35.compute-1.amazonaws.com/jenkins/job/PreCommit-HIVE-TRUNK-Build/4234/console&quot; class=&quot;external-link&quot; rel=&quot;nofollow&quot;&gt;http://ec2-174-129-184-35.compute-1.amazonaws.com/jenkins/job/PreCommit-HIVE-TRUNK-Build/4234/console&lt;/a&gt;&lt;br/&gt;
Test logs: &lt;a href=&quot;http://ec2-174-129-184-35.compute-1.amazonaws.com/logs/PreCommit-HIVE-TRUNK-Build-4234/&quot; class=&quot;external-link&quot; rel=&quot;nofollow&quot;&gt;http://ec2-174-129-184-35.compute-1.amazonaws.com/logs/PreCommit-HIVE-TRUNK-Build-4234/&lt;/a&gt;&lt;/p&gt;

&lt;p&gt;Messages:&lt;/p&gt;
&lt;div class=&quot;preformatted panel&quot; style=&quot;border-width: 1px;&quot;&gt;&lt;div class=&quot;preformattedContent panelContent&quot;&gt;
&lt;pre&gt;Executing org.apache.hive.ptest.execution.PrepPhase
Executing org.apache.hive.ptest.execution.ExecutionPhase
Executing org.apache.hive.ptest.execution.ReportingPhase
Tests exited with: TestsFailedException: 3 tests failed
&lt;/pre&gt;
&lt;/div&gt;&lt;/div&gt;

&lt;p&gt;This message is automatically generated.&lt;/p&gt;

&lt;p&gt;ATTACHMENT ID: 12738683 - PreCommit-HIVE-TRUNK-Build&lt;/p&gt;</comment>
                            <comment id="14580141" author="ashutoshc" created="Wed, 10 Jun 2015 07:09:42 +0000"  >&lt;p&gt;Pushed to master &amp;amp; branch-1.2 &lt;/p&gt;</comment>
                            <comment id="14580469" author="xuefuz" created="Wed, 10 Jun 2015 12:42:04 +0000"  >&lt;p&gt;Hi &lt;a href=&quot;https://issues.apache.org/jira/secure/ViewProfile.jspa?name=ashutoshc&quot; class=&quot;user-hover&quot; rel=&quot;ashutoshc&quot;&gt;Ashutosh Chauhan&lt;/a&gt;, it seems that the patch brought one additional test failure as shown above. Don&apos;t we expect that the failure is analyzed/fixed before we commit the patch? Thanks.&lt;/p&gt;</comment>
                            <comment id="14581350" author="sjtufighter" created="Thu, 11 Jun 2015 02:19:31 +0000"  >&lt;p&gt;Thanks &lt;a href=&quot;https://issues.apache.org/jira/secure/ViewProfile.jspa?name=ashutoshc&quot; class=&quot;user-hover&quot; rel=&quot;ashutoshc&quot;&gt;Ashutosh Chauhan&lt;/a&gt; for fixing the tests!&lt;br/&gt;
&lt;a href=&quot;https://issues.apache.org/jira/secure/ViewProfile.jspa?name=xuefuz&quot; class=&quot;user-hover&quot; rel=&quot;xuefuz&quot;&gt;Xuefu Zhang&lt;/a&gt;, I checked the latest code and could not find TestSparkCliDriver. Am I missing something here?&lt;/p&gt;</comment>
                            <comment id="14581911" author="xuefuz" created="Thu, 11 Jun 2015 13:13:47 +0000"  >&lt;p&gt;Similar to TestCliDriver, TestSparkCliDriver is generated as part of .q test.&lt;/p&gt;</comment>
                    </comments>
                <issuelinks>
                            <issuelinktype id="12310000">
                    <name>Duplicate</name>
                                                                <inwardlinks description="is duplicated by">
                                        <issuelink>
            <issuekey id="12722689">HIVE-7261</issuekey>
        </issuelink>
                            </inwardlinks>
                                    </issuelinktype>
                    </issuelinks>
                <attachments>
                            <attachment id="12738553" name="HIVE-10971.01.patch" size="980" author="sjtufighter" created="Tue, 9 Jun 2015 10:02:53 +0000"/>
                            <attachment id="12738683" name="HIVE-10971.1.patch" size="63997" author="ashutoshc" created="Tue, 9 Jun 2015 22:05:21 +0000"/>
                    </attachments>
                <subtasks>
                    </subtasks>
                <customfields>
                                                <customfield id="customfield_12310310" key="com.atlassian.jira.toolkit:attachments">
                        <customfieldname>Attachment count</customfieldname>
                        <customfieldvalues>
                            <customfieldvalue>2.0</customfieldvalue>
                        </customfieldvalues>
                    </customfield>
                                                                                                                                                                                                                                                                                                                                                                                                                                                                                                                                <customfield id="customfield_12310220" key="com.atlassian.jira.ext.charting:firstresponsedate">
                        <customfieldname>Date of First Response</customfieldname>
                        <customfieldvalues>
                            <customfieldvalue>Tue, 9 Jun 2015 12:16:48 +0000</customfieldvalue>

                        </customfieldvalues>
                    </customfield>
                                                                                                                                                                                                                                                                                                                                                                                                                                            <customfield id="customfield_12310420" key="com.pyxis.greenhopper.jira:gh-global-rank">
                        <customfieldname>Global Rank</customfieldname>
                        <customfieldvalues>
                            <customfieldvalue>9223372036854775807</customfieldvalue>
                        </customfieldvalues>
                    </customfield>
                                                                                                                                                    <customfield id="customfield_12312521" key="com.atlassian.jira.toolkit:LastCommentDate">
                        <customfieldname>Last public comment date</customfieldname>
                        <customfieldvalues>
                            1 year, 25 weeks, 2 days ago
                        </customfieldvalues>
                    </customfield>
                                                                                            <customfield id="customfield_12311820" key="com.pyxis.greenhopper.jira:gh-lexo-rank">
                        <customfieldname>Rank</customfieldname>
                        <customfieldvalues>
                            <customfieldvalue>0|i2ftlb:</customfieldvalue>

                        </customfieldvalues>
                    </customfield>
                                                                <customfield id="customfield_12310920" key="com.pyxis.greenhopper.jira:gh-global-rank">
                        <customfieldname>Rank (Obsolete)</customfieldname>
                        <customfieldvalues>
                            <customfieldvalue>9223372036854775807</customfieldvalue>
                        </customfieldvalues>
                    </customfield>
                                                                                                                                                                                                                                                                                                                            <customfield id="customfield_12310222" key="com.atlassian.jira.ext.charting:timeinstatus">
                        <customfieldname>Time in Status</customfieldname>
                        <customfieldvalues>
                            
                        </customfieldvalues>
                    </customfield>
                                                                                                                        </customfields>
    </item>
</channel>
</rss>