<rss version="0.92">
    <channel>
        <title>ASF JIRA</title>
        <link>https://issues.apache.org/jira/issues/?jql=project+%3D+CODEC+and+type+%3D+bug+and+%28status+%3D+RESOLVED+or+status+%3D+closed%29</link>
        <description>An XML representation of a search request</description>
                <language>en-uk</language>
                        <issue start="0" end="135" total="135" />
                <build-info>
            <version>8.20.1</version>
            <build-number>820001</build-number>
            <build-date>28-10-2021</build-date>
        </build-info>

<item>
            <title>[CODEC-101] Base64InputStream#read(byte[]) incorrectly returns 0 at end of any stream which is multiple of 3 bytes long</title>
                <link>https://issues.apache.org/jira/browse/CODEC-101</link>
                <project id="12310464" key="CODEC">Commons Codec</project>
                    <description>&lt;p&gt;Using new InputStreamReader(new Base64InputStream(in, true)) sometimes fails with "java.io.IOException: Underlying input stream returned zero bytes".&lt;/p&gt;

&lt;p&gt;This is been tracked down that Base64InputStream#read(byte[]) incorrectly returns 0 at end of any stream which is multiple of 3 bytes long.&lt;/p&gt;</description>
                <environment>&lt;p&gt;WinXP, JDK 1.6.0_14&lt;/p&gt;</environment>
        <key id="12465725">CODEC-101</key>
            <summary>Base64InputStream#read(byte[]) incorrectly returns 0 at end of any stream which is multiple of 3 bytes long</summary>
                <type id="1" iconUrl="https://issues.apache.org/jira/secure/viewavatar?size=xsmall&amp;avatarId=21133&amp;avatarType=issuetype">Bug</type>
                                            <priority id="3" iconUrl="https://issues.apache.org/jira/images/icons/priorities/major.svg">Major</priority>
                        <status id="6" iconUrl="https://issues.apache.org/jira/images/icons/statuses/closed.png" description="The issue is considered finished, the resolution is correct. Issues which are not closed can be reopened.">Closed</status>
                    <statusCategory id="3" key="done" colorName="green" />
                                    <resolution id="1">Fixed</resolution>
                                        <assignee username="juliusdavies">Julius Davies</assignee>
                                    <reporter username="balusc">Bauke Scholtz</reporter>
                        <labels>
                    </labels>
                <created>Sun, 30 May 2010 04:07:04 +0000</created>
                <updated>Thu, 10 Nov 2011 18:10:02 +0000</updated>
                            <resolved>Fri, 21 Jan 2011 19:43:38 +0000</resolved>
                                    <version>1.4</version>
                                    <fixVersion>1.5</fixVersion>
                                        <due />
                            <votes>1</votes>
                                    <watches>1</watches>
                                                                <comments>
                            <comment id="12874336" author="juliusdavies" created="Wed, 2 Jun 2010 00:31:31 +0000">&lt;p&gt;Thanks for the bug report.  I'm looking into it.&lt;/p&gt;</comment>
                            <comment id="12874869" author="juliusdavies" created="Wed, 2 Jun 2010 23:59:25 +0000">&lt;p&gt;Wow, I can't imagine how you tracked this one down to Base64InputStream!  Java6's stacktrace is so un-helpful:&lt;/p&gt;

&lt;div class="code panel" style="border-width: 1px;"&gt;&lt;div class="codeContent panelContent"&gt;
&lt;pre class="code-java"&gt;&lt;span class="code-keyword"&gt;public&lt;/span&gt; &lt;span class="code-keyword"&gt;class &lt;/span&gt;R {
    &lt;span class="code-keyword"&gt;public&lt;/span&gt; &lt;span class="code-keyword"&gt;static&lt;/span&gt; void main(&lt;span class="code-object"&gt;String&lt;/span&gt;[] args) &lt;span class="code-keyword"&gt;throws&lt;/span&gt; Exception {
        Base64InputStream in = &lt;span class="code-keyword"&gt;new&lt;/span&gt; Base64InputStream(&lt;span class="code-object"&gt;System&lt;/span&gt;.in);
        InputStreamReader isr = &lt;span class="code-keyword"&gt;new&lt;/span&gt; InputStreamReader(in, &lt;span class="code-quote"&gt;"UTF-8"&lt;/span&gt;);
        BufferedReader br = &lt;span class="code-keyword"&gt;new&lt;/span&gt; BufferedReader(isr);
        &lt;span class="code-object"&gt;String&lt;/span&gt; line = br.readLine();
        &lt;span class="code-keyword"&gt;while&lt;/span&gt; (line != &lt;span class="code-keyword"&gt;null&lt;/span&gt;) {
            &lt;span class="code-object"&gt;System&lt;/span&gt;.out.println(&lt;span class="code-quote"&gt;"Line:"&lt;/span&gt; + line);
            line = br.readLine();
        }
    }
}

$ java -cp build/playground.jar:/opt/dev/codec/target/classes  R   &amp;lt; all-whitespace.txt 
Exception in thread &lt;span class="code-quote"&gt;"main"&lt;/span&gt; java.io.IOException: Underlying input stream returned zero bytes
	at sun.nio.cs.StreamDecoder.readBytes(StreamDecoder.java:268)
	at sun.nio.cs.StreamDecoder.implRead(StreamDecoder.java:306)
	at sun.nio.cs.StreamDecoder.read(StreamDecoder.java:158)
	at java.io.InputStreamReader.read(InputStreamReader.java:167)
	at java.io.BufferedReader.fill(BufferedReader.java:136)
	at java.io.BufferedReader.readLine(BufferedReader.java:299)
	at java.io.BufferedReader.readLine(BufferedReader.java:362)
	at R.main(R.java:17)
&lt;/pre&gt;
&lt;/div&gt;&lt;/div&gt;


&lt;p&gt;I've attached a patch that appears to fix it.   Are you able to try this out?  You can try the following commands to build a patched binary:&lt;/p&gt;

&lt;div class="code panel" style="border-width: 1px;"&gt;&lt;div class="codeContent panelContent"&gt;
&lt;pre class="code-java"&gt;svn export http:&lt;span class="code-comment"&gt;//svn.apache.org/repos/asf/commons/proper/codec/trunk/ codec-trunk
&lt;/span&gt;cd codec-trunk
patch -p0 &amp;lt; codec-101-fix.patch
ant dist
&lt;/pre&gt;
&lt;/div&gt;&lt;/div&gt;


&lt;p&gt;In the meantime I'm working on some unit tests to better exercise this patch.  I'll try and get those uploaded here to &lt;a href="https://issues.apache.org/jira/browse/CODEC-101" title="Base64InputStream#read(byte[]) incorrectly returns 0 at end of any stream which is multiple of 3 bytes long" class="issue-link" data-issue-key="CODEC-101"&gt;&lt;del&gt;CODEC-101&lt;/del&gt;&lt;/a&gt; within 48 hours.&lt;/p&gt;

</comment>
                            <comment id="12874878" author="balusc" created="Thu, 3 Jun 2010 00:15:07 +0000">&lt;p&gt;The fix works. As to nailing down the root cause, the credit goes to someone else, the user named Keith Randall nailed it down in this topic at Stackoverflow: &lt;a href="http://stackoverflow.com/questions/2937161/problem-using-base64-encoder-and-inputstreamreader" class="external-link" target="_blank" rel="nofollow noopener"&gt;http://stackoverflow.com/questions/2937161/problem-using-base64-encoder-and-inputstreamreader&lt;/a&gt; &lt;/p&gt;</comment>
                            <comment id="12931009" author="striderapache" created="Thu, 11 Nov 2010 13:32:37 +0000">&lt;p&gt;This bug has been fixed in June but as of November, the fix still has not been committed to SVN? It is hurting me bigtime and at least getting the patch accepted should be a small matter?&lt;/p&gt;

&lt;p&gt;(Posting from a BugMeNot account, sorry about that)&lt;/p&gt;</comment>
                            <comment id="12931547" author="ggregory@seagullsw.com" created="Fri, 12 Nov 2010 22:28:09 +0000">&lt;p&gt;How about a unit test showing the bug in action? &lt;/p&gt;

&lt;p&gt;Ideally, I would like to: apply the unit test patch, watch the test fail, apply the main patch, watch the test pass.&lt;/p&gt;</comment>
                            <comment id="12931633" author="bayard" created="Sat, 13 Nov 2010 05:55:12 +0000">&lt;p&gt;Without using the code from stackoverflow as that's an incompatible license. &lt;img class="emoticon" src="https://issues.apache.org/jira/images/icons/emoticons/smile.png" height="16" width="16" align="absmiddle" alt="" border="0"/&gt;&lt;/p&gt;</comment>
                            <comment id="12984863" author="juliusdavies" created="Fri, 21 Jan 2011 18:59:47 +0000">&lt;p&gt;This triggers the problem:   InputStream.read(byte[]) should never return 0.&lt;/p&gt;</comment>
                            <comment id="12984890" author="juliusdavies" created="Fri, 21 Jan 2011 19:37:43 +0000">&lt;p&gt;throwing in another JUnit test&lt;/p&gt;</comment>
                            <comment id="12984894" author="juliusdavies" created="Fri, 21 Jan 2011 19:43:38 +0000">&lt;p&gt;The three patches are committed to trunk now.&lt;/p&gt;</comment>
                    </comments>
                    <attachments>
                            <attachment id="12469004" name="codec-101-another-junit.patch" size="2258" author="juliusdavies" created="Fri, 21 Jan 2011 19:37:43 +0000" />
                            <attachment id="12446202" name="codec-101-fix.patch" size="2625" author="juliusdavies" created="Wed, 2 Jun 2010 23:59:24 +0000" />
                            <attachment id="12469000" name="codec-101-junit.patch" size="1846" author="juliusdavies" created="Fri, 21 Jan 2011 18:59:47 +0000" />
                    </attachments>
                <subtasks>
                    </subtasks>
                <customfields>
                                                                                                                                                                                                                                                                                                                                                                                                                                                                                                                                                                                                                                                                                                                    <customfield id="customfield_12314020" key="com.atlassian.jira.plugins.jira-development-integration-plugin:devsummary">
                        <customfieldname>Development</customfieldname>
                        <customfieldvalues>
                            
                        </customfieldvalues>
                    </customfield>
                                                                                                                        <customfield id="customfield_12313422" key="com.atlassian.jirafisheyeplugin:jobcheckbox">
                        <customfieldname>Enable Automatic Patch Review</customfieldname>
                        <customfieldvalues>
                            <customfieldvalue>false</customfieldvalue>

                        </customfieldvalues>
                    </customfield>
                                                                                                                                                                                                                                                                                                                                                                                                                                                                                                                                                                                                                                                <customfield id="customfield_12310420" key="com.pyxis.greenhopper.jira:gh-global-rank">
                        <customfieldname>Global Rank</customfieldname>
                        <customfieldvalues>
                            <customfieldvalue>40245</customfieldvalue>
                        </customfieldvalues>
                    </customfield>
                                                                                                                                                                                                                                                                                                                                                                                                                                                                        <customfield id="customfield_12311820" key="com.pyxis.greenhopper.jira:gh-lexo-rank">
                        <customfieldname>Rank</customfieldname>
                        <customfieldvalues>
                            <customfieldvalue>0|i0ep6f:</customfieldvalue>

                        </customfieldvalues>
                    </customfield>
                                                                <customfield id="customfield_12310920" key="com.pyxis.greenhopper.jira:gh-global-rank">
                        <customfieldname>Rank (Obsolete)</customfieldname>
                        <customfieldvalues>
                            <customfieldvalue>83841</customfieldvalue>
                        </customfieldvalues>
                    </customfield>
                                                                                                                                                                                                                                                                                                                                                                                                                                                                                                                                                                                                                                                                                                                                                                                                                                                    </customfields>
    </item>


</channel>
</rss>