<rss version="0.92">
    <channel>
        <title>ASF JIRA</title>
        <link>https://issues.apache.org/jira/issues/?jql=project+%3D+CODEC+and+type+%3D+bug+and+%28status+%3D+RESOLVED+or+status+%3D+closed%29</link>
        <description>An XML representation of a search request</description>
                <language>en-uk</language>
                        <issue start="0" end="135" total="135" />
                <build-info>
            <version>8.20.1</version>
            <build-number>820001</build-number>
            <build-date>28-10-2021</build-date>
        </build-info>

<item>
            <title>[CODEC-26] base64 codec doesnt ignore all illegal chars</title>
                <link>https://issues.apache.org/jira/browse/CODEC-26</link>
                <project id="12310464" key="CODEC">Commons Codec</project>
                    <description>&lt;p&gt;Reading the base64 code after the release I noticed that it isn't actually&lt;br/&gt;
RFC2045 compliant. Top of page 25, &lt;a href="http://www.ietf.org/rfc/rfc2045.txt" class="external-link" target="_blank" rel="nofollow noopener"&gt;http://www.ietf.org/rfc/rfc2045.txt&lt;/a&gt; -&lt;/p&gt;

&lt;p&gt;"Any characters outside of the base64 alphabet are to be ignored in&lt;br/&gt;
base64-encoded data."&lt;/p&gt;

&lt;p&gt;Instead, the base64 decoder just throws away (some) whitespace. The lookups in&lt;br/&gt;
decodeBase64 will return -1 for illegal characters, which isn't checked for and&lt;br/&gt;
will be mistakenly incorporated into the data.&lt;/p&gt;

&lt;p&gt;I guess the bug seems a little far-fetched, but XML 1.1 already had to expand&lt;br/&gt;
their definition of end-of-line to take account of text processing on&lt;br/&gt;
mainframes, which would trigger exactly this problem:&lt;br/&gt;
&lt;a href="http://www.w3.org/TR/xml11/#sec2.11" class="external-link" target="_blank" rel="nofollow noopener"&gt;http://www.w3.org/TR/xml11/#sec2.11&lt;/a&gt;&lt;/p&gt;

&lt;p&gt;I've been bitten by this one in the past, bizarrely enough, and was checking the&lt;br/&gt;
code to see if I could start using the apache codec instead of one I'd written.&lt;/p&gt;</description>
                <environment>&lt;p&gt;Operating System: All&lt;br/&gt;
Platform: All&lt;/p&gt;</environment>
        <key id="12340706">CODEC-26</key>
            <summary>base64 codec doesnt ignore all illegal chars</summary>
                <type id="1" iconUrl="https://issues.apache.org/jira/secure/viewavatar?size=xsmall&amp;avatarId=21133&amp;avatarType=issuetype">Bug</type>
                                            <priority id="4" iconUrl="https://issues.apache.org/jira/images/icons/priorities/minor.svg">Minor</priority>
                        <status id="6" iconUrl="https://issues.apache.org/jira/images/icons/statuses/closed.png" description="The issue is considered finished, the resolution is correct. Issues which are not closed can be reopened.">Closed</status>
                    <statusCategory id="3" key="done" colorName="green" />
                                    <resolution id="1">Fixed</resolution>
                                        <assignee username="-1">Unassigned</assignee>
                                    <reporter username="bazzargh">Brian Ewins</reporter>
                        <labels>
                    </labels>
                <created>Tue, 13 May 2003 00:36:02 +0000</created>
                <updated>Sat, 27 Oct 2007 06:49:26 +0000</updated>
                            <resolved>Sat, 27 Oct 2007 06:49:26 +0000</resolved>
                                    <version>Nightly Builds</version>
                                    <fixVersion>1.2</fixVersion>
                                        <due />
                            <votes>0</votes>
                                    <watches>0</watches>
                                                                <comments>
                            <comment id="12404232" author="tobrien@discursive.com" created="Wed, 14 May 2003 09:22:42 +0000">&lt;p&gt;I plead guilty.  discard whitespace &lt;b&gt;used&lt;/b&gt; to discard all non-base64 characters&lt;br/&gt;
which brings the base64 implementation to full Base64 compliance - the problem&lt;br/&gt;
with that was that is made the function isArrayByteBase64() completely useless.&lt;br/&gt;
  Assume that discardWhitespace() removes all non-base64 characters, then it is&lt;br/&gt;
pointless to test the groomed byte array to see if it contains only valid base64&lt;br/&gt;
characters.  This was unconvered with the help of Clover - isArrayByteBase64&lt;br/&gt;
&lt;b&gt;never&lt;/b&gt; returned false.&lt;/p&gt;

&lt;p&gt;The compromise, which I'm about to commit is that we retain discardWhitespace&lt;br/&gt;
for use only from isArrayByteBase64() - If someone needs to test a byte array to&lt;br/&gt;
see if it contains base64 encoded data, we will throw away &lt;b&gt;all&lt;/b&gt; (most?)&lt;br/&gt;
whitespace and then perform the test.  This leaves a possibility of&lt;br/&gt;
isArrayByteBase64 returning false if a byte array contains characters outside of&lt;br/&gt;
the base64 alphabet.&lt;/p&gt;

&lt;p&gt;A new function discardNonBase64 discards all characters outside of the Base64&lt;br/&gt;
alphabet AND brings the implementation up to compliance.  Thank you for pointing&lt;br/&gt;
this out.&lt;/p&gt;</comment>
                    </comments>
                    <attachments>
                    </attachments>
                <subtasks>
                    </subtasks>
                <customfields>
                                                                                                                                                                                                                                                                                                                                                                                                                                                                                                                                                                                                    <customfield id="customfield_10010" key="com.atlassian.jira.plugin.system.customfieldtypes:importid">
                        <customfieldname>Bugzilla Id</customfieldname>
                        <customfieldvalues>
                            <customfieldvalue>19860</customfieldvalue>
                        </customfieldvalues>
                    </customfield>
                                                                                                                                                    <customfield id="customfield_12314020" key="com.atlassian.jira.plugins.jira-development-integration-plugin:devsummary">
                        <customfieldname>Development</customfieldname>
                        <customfieldvalues>
                            
                        </customfieldvalues>
                    </customfield>
                                                                                                                        <customfield id="customfield_12313422" key="com.atlassian.jirafisheyeplugin:jobcheckbox">
                        <customfieldname>Enable Automatic Patch Review</customfieldname>
                        <customfieldvalues>
                            <customfieldvalue>false</customfieldvalue>

                        </customfieldvalues>
                    </customfield>
                                                                                                                                                                                                                                                                                                                                                                                                                                                                                                                                                                                                                                                <customfield id="customfield_12310420" key="com.pyxis.greenhopper.jira:gh-global-rank">
                        <customfieldname>Global Rank</customfieldname>
                        <customfieldvalues>
                            <customfieldvalue>110359</customfieldvalue>
                        </customfieldvalues>
                    </customfield>
                                                                                                                                                                                                                                                                                                                                                                                                                                                                        <customfield id="customfield_12311820" key="com.pyxis.greenhopper.jira:gh-lexo-rank">
                        <customfieldname>Rank</customfieldname>
                        <customfieldvalues>
                            <customfieldvalue>0|i0epbj:</customfieldvalue>

                        </customfieldvalues>
                    </customfield>
                                                                <customfield id="customfield_12310920" key="com.pyxis.greenhopper.jira:gh-global-rank">
                        <customfieldname>Rank (Obsolete)</customfieldname>
                        <customfieldvalues>
                            <customfieldvalue>83864</customfieldvalue>
                        </customfieldvalues>
                    </customfield>
                                                                                                                                                                                                                                                                                                                                                                                                                                                                                                                                                                                                                                                                                                                                                                                                                                                    </customfields>
    </item>


</channel>
</rss>