<rss version="0.92">
    <channel>
        <title>ASF JIRA</title>
        <link>https://issues.apache.org/jira/issues/?jql=project+%3D+CODEC+AND+type+%3D+bug+and+%28status+%3D+RESOLVED+or+status+%3D+closed%29+and+resolution++%3D+Fixed+and+fixVersion++%21%3D+None+and+affectedVersion+%21%3D+None+and+affectedVersion+%21%3D+%22Nightly+Builds%22</link>
        <description>An XML representation of a search request</description>
                <language>en-uk</language>
                        <issue start="0" end="76" total="76" />
                <build-info>
            <version>8.20.1</version>
            <build-number>820001</build-number>
            <build-date>28-10-2021</build-date>
        </build-info>

<item>
            <title>[CODEC-6] [codec] Source tarball spews files all over the place</title>
                <link>https://issues.apache.org/jira/browse/CODEC-6</link>
                <project id="12310464" key="CODEC">Commons Codec</project>
                    <description>&lt;p&gt;The packaging is incorrect. The files in the src tarball should&lt;br/&gt;
all be underneath a directory like "commons-codec-1.3-src", as is done&lt;br/&gt;
for the other packages.&lt;/p&gt;

&lt;p&gt;Instead we see:&lt;/p&gt;

&lt;p&gt;$ tar tzf commons-codec-1.3-src.tar.gz&lt;/p&gt;

&lt;p&gt;src/&lt;br/&gt;
src/conf/&lt;br/&gt;
src/java/&lt;br/&gt;
src/java/org/&lt;br/&gt;
src/java/org/apache/&lt;br/&gt;
src/java/org/apache/commons/&lt;br/&gt;
src/java/org/apache/commons/codec/&lt;br/&gt;
src/java/org/apache/commons/codec/binary/&lt;br/&gt;
src/java/org/apache/commons/codec/digest/&lt;br/&gt;
src/java/org/apache/commons/codec/language/&lt;br/&gt;
src/java/org/apache/commons/codec/net/&lt;br/&gt;
src/media/&lt;br/&gt;
src/test/&lt;br/&gt;
src/test/org/&lt;br/&gt;
src/test/org/apache/&lt;br/&gt;
src/test/org/apache/commons/&lt;br/&gt;
src/test/org/apache/commons/codec/&lt;br/&gt;
src/test/org/apache/commons/codec/binary/&lt;br/&gt;
src/test/org/apache/commons/codec/digest/&lt;br/&gt;
src/test/org/apache/commons/codec/language/&lt;br/&gt;
src/test/org/apache/commons/codec/net/&lt;br/&gt;
LICENSE-header.txt&lt;br/&gt;
LICENSE.txt&lt;br/&gt;
NOTICE.txt&lt;br/&gt;
PROPOSAL.html&lt;br/&gt;
RELEASE-NOTES-1.0-dev.txt&lt;br/&gt;
RELEASE-NOTES-1.1.txt&lt;br/&gt;
RELEASE-NOTES-1.2.txt&lt;br/&gt;
RELEASE-NOTES.txt&lt;br/&gt;
RELEASE-PLAN&lt;br/&gt;
TODO&lt;br/&gt;
build.properties.sample&lt;br/&gt;
build.xml&lt;br/&gt;
....&lt;/p&gt;

&lt;p&gt;Naughty!!&lt;/p&gt;</description>
                <environment>&lt;p&gt;Operating System: other&lt;br/&gt;
Platform: Other&lt;/p&gt;</environment>
        <key id="12342304">CODEC-6</key>
            <summary>[codec] Source tarball spews files all over the place</summary>
                <type id="1" iconUrl="https://issues.apache.org/jira/secure/viewavatar?size=xsmall&amp;avatarId=21133&amp;avatarType=issuetype">Bug</type>
                                            <priority id="3" iconUrl="https://issues.apache.org/jira/images/icons/priorities/major.svg">Major</priority>
                        <status id="6" iconUrl="https://issues.apache.org/jira/images/icons/statuses/closed.png" description="The issue is considered finished, the resolution is correct. Issues which are not closed can be reopened.">Closed</status>
                    <statusCategory id="3" key="done" colorName="green" />
                                    <resolution id="1">Fixed</resolution>
                                        <assignee username="-1">Unassigned</assignee>
                                    <reporter username="d.tonhofer@m-plify.com">David Tonhofer</reporter>
                        <labels>
                    </labels>
                <created>Mon, 13 Jun 2005 06:33:33 +0000</created>
                <updated>Sat, 27 Oct 2007 06:49:23 +0000</updated>
                            <resolved>Sat, 27 Oct 2007 06:49:23 +0000</resolved>
                                    <version>1.3</version>
                                    <fixVersion>1.4</fixVersion>
                                        <due />
                            <votes>0</votes>
                                    <watches>0</watches>
                                                                <comments>
                            <comment id="12409556" author="tobrien@discursive.com" created="Sun, 8 Jan 2006 05:13:18 +0000">&lt;p&gt;This bug has been verified:&lt;/p&gt;

&lt;p&gt;&lt;a href="http://www.apache.org/dist/jakarta/commons/codec/source/commons-codec-1.3-src.tar.gz" class="external-link" target="_blank" rel="nofollow noopener"&gt;http://www.apache.org/dist/jakarta/commons/codec/source/commons-codec-1.3-src.tar.gz&lt;/a&gt;&lt;/p&gt;

&lt;p&gt;lacks the appropriate directory structure.&lt;/p&gt;</comment>
                            <comment id="12409557" author="tobrien@discursive.com" created="Wed, 11 Jan 2006 01:10:54 +0000">&lt;p&gt;The source tarball for the 1.3 source release has been repackaged, and is now&lt;br/&gt;
similar to other source distributions.&lt;/p&gt;

&lt;p&gt;Thanks to David for identifying this glitch.&lt;/p&gt;</comment>
                    </comments>
                    <attachments>
                    </attachments>
                <subtasks>
                    </subtasks>
                <customfields>
                                                                                                                                                                                                                                                                                                                                                                                                                                                                                                                                                                                                    <customfield id="customfield_10010" key="com.atlassian.jira.plugin.system.customfieldtypes:importid">
                        <customfieldname>Bugzilla Id</customfieldname>
                        <customfieldvalues>
                            <customfieldvalue>35335</customfieldvalue>
                        </customfieldvalues>
                    </customfield>
                                                                                                                                                    <customfield id="customfield_12314020" key="com.atlassian.jira.plugins.jira-development-integration-plugin:devsummary">
                        <customfieldname>Development</customfieldname>
                        <customfieldvalues>
                            
                        </customfieldvalues>
                    </customfield>
                                                                                                                        <customfield id="customfield_12313422" key="com.atlassian.jirafisheyeplugin:jobcheckbox">
                        <customfieldname>Enable Automatic Patch Review</customfieldname>
                        <customfieldvalues>
                            <customfieldvalue>false</customfieldvalue>

                        </customfieldvalues>
                    </customfield>
                                                                                                                                                                                                                                                                                                                                                                                                                                                                                                                                                                                                                                                <customfield id="customfield_12310420" key="com.pyxis.greenhopper.jira:gh-global-rank">
                        <customfieldname>Global Rank</customfieldname>
                        <customfieldvalues>
                            <customfieldvalue>110342</customfieldvalue>
                        </customfieldvalues>
                    </customfield>
                                                                                                                                                                                                                                                                                                                                                                                                                                                                        <customfield id="customfield_12311820" key="com.pyxis.greenhopper.jira:gh-lexo-rank">
                        <customfieldname>Rank</customfieldname>
                        <customfieldvalues>
                            <customfieldvalue>0|i0epdz:</customfieldvalue>

                        </customfieldvalues>
                    </customfield>
                                                                <customfield id="customfield_12310920" key="com.pyxis.greenhopper.jira:gh-global-rank">
                        <customfieldname>Rank (Obsolete)</customfieldname>
                        <customfieldvalues>
                            <customfieldvalue>83875</customfieldvalue>
                        </customfieldvalues>
                    </customfield>
                                                                                                                                                                                                                                                                                                                                                                                                                                                                                                                                                                                                                                                                                                                                                                                            </customfields>
    </item>


</channel>
</rss>