<rss version="0.92">
    <channel>
        <title>ASF JIRA</title>
        <link>https://issues.apache.org/jira/issues/?jql=project+%3D+CODEC+AND+type+%3D+bug+and+%28status+%3D+RESOLVED+or+status+%3D+closed%29+and+resolution++%3D+Fixed+and+fixVersion++%21%3D+None+and+affectedVersion+%21%3D+None+and+affectedVersion+%21%3D+%22Nightly+Builds%22</link>
        <description>An XML representation of a search request</description>
                <language>en-uk</language>
                        <issue start="0" end="76" total="76" />
                <build-info>
            <version>8.20.1</version>
            <build-number>820001</build-number>
            <build-date>28-10-2021</build-date>
        </build-info>

<item>
            <title>[CODEC-147] BeiderMorse phonetic filter give uncertain results </title>
                <link>https://issues.apache.org/jira/browse/CODEC-147</link>
                <project id="12310464" key="CODEC">Commons Codec</project>
                    <description>&lt;p&gt;Hi,&lt;/p&gt;

&lt;p&gt;I use the new Beider-Morse encoder and I came across the following issue:&lt;br/&gt;
Consecutive encodings with the identical parameters returns different results.&lt;/p&gt;

&lt;p&gt;I don't know if I am doing something wrong.&lt;/p&gt;

&lt;p&gt;Here is a small application to reproduce the issue:&lt;/p&gt;

&lt;p&gt;	public static void main(String[] args) &lt;/p&gt;
{
		PhoneticEngine encoder = new PhoneticEngine(NameType.GENERIC,
				RuleType.APPROX, true);
		for (int i = 0; i &amp;lt; 10; i++)
			System.out.println(encoder.encode("test"));
	}

&lt;p&gt;Here are the results:&lt;/p&gt;

&lt;p&gt;ti|tis|tist|tit&lt;br/&gt;
ti|tis|tist|tit&lt;br/&gt;
tist&lt;br/&gt;
ti|tis|tist|tit&lt;br/&gt;
ti|tis|tist|tit&lt;br/&gt;
tist&lt;br/&gt;
ti|tis|tist|tit&lt;br/&gt;
tist&lt;br/&gt;
ti|tis|tist|tit&lt;br/&gt;
tist&lt;/p&gt;

&lt;p&gt;Thank you for your help.&lt;/p&gt;</description>
                <environment>&lt;p&gt;Java(TM) SE Runtime Environment (build 1.6.0_33-b03-424-11M3720)&lt;/p&gt;</environment>
        <key id="12603951">CODEC-147</key>
            <summary>BeiderMorse phonetic filter give uncertain results </summary>
                <type id="1" iconUrl="https://issues.apache.org/jira/secure/viewavatar?size=xsmall&amp;avatarId=21133&amp;avatarType=issuetype">Bug</type>
                                            <priority id="3" iconUrl="https://issues.apache.org/jira/images/icons/priorities/major.svg">Major</priority>
                        <status id="6" iconUrl="https://issues.apache.org/jira/images/icons/statuses/closed.png" description="The issue is considered finished, the resolution is correct. Issues which are not closed can be reopened.">Closed</status>
                    <statusCategory id="3" key="done" colorName="green" />
                                    <resolution id="1">Fixed</resolution>
                                        <assignee username="-1">Unassigned</assignee>
                                    <reporter username="ekeller">Emmanuel Keller</reporter>
                        <labels>
                    </labels>
                <created>Sat, 18 Aug 2012 10:56:22 +0000</created>
                <updated>Fri, 14 Sep 2012 20:20:09 +0000</updated>
                            <resolved>Mon, 20 Aug 2012 19:41:15 +0000</resolved>
                                    <version>1.6</version>
                                    <fixVersion>1.7</fixVersion>
                                        <due />
                            <votes>0</votes>
                                    <watches>3</watches>
                                                                <comments>
                            <comment id="13437293" author="tn" created="Sat, 18 Aug 2012 11:44:19 +0000">&lt;p&gt;Hi,&lt;/p&gt;

&lt;p&gt;have you tested the latest trunk version? A fix was applied to make the encoder deterministic and also behave better in case of rubbish input (could lead to OOM situations before).&lt;/p&gt;

&lt;p&gt;Thomas&lt;/p&gt;</comment>
                            <comment id="13437550" author="ekeller" created="Sun, 19 Aug 2012 17:26:10 +0000">&lt;p&gt;Hi Thomas,&lt;/p&gt;

&lt;p&gt;That's true, it has been fixed in the trunk version.&lt;/p&gt;

&lt;p&gt;Regards,&lt;br/&gt;
Emmanuel&lt;/p&gt;</comment>
                            <comment id="13438121" author="tn" created="Mon, 20 Aug 2012 19:41:15 +0000">&lt;p&gt;Already fixed as part of &lt;a href="https://issues.apache.org/jira/browse/CODEC-132" title="BeiderMorseEncoder OOM issues" class="issue-link" data-issue-key="CODEC-132"&gt;&lt;del&gt;CODEC-132&lt;/del&gt;&lt;/a&gt;&lt;/p&gt;</comment>
                            <comment id="13456095" author="garydgregory" created="Fri, 14 Sep 2012 20:20:09 +0000">&lt;p&gt;Released in 1.7 today.&lt;/p&gt;</comment>
                    </comments>
                    <attachments>
                    </attachments>
                <subtasks>
                    </subtasks>
                <customfields>
                                                                                                                                                                                                                                                                                                                                                                                                                                                                                                                                                                                                                                                                                                                    <customfield id="customfield_12314020" key="com.atlassian.jira.plugins.jira-development-integration-plugin:devsummary">
                        <customfieldname>Development</customfieldname>
                        <customfieldvalues>
                            
                        </customfieldvalues>
                    </customfield>
                                                                                                                        <customfield id="customfield_12313422" key="com.atlassian.jirafisheyeplugin:jobcheckbox">
                        <customfieldname>Enable Automatic Patch Review</customfieldname>
                        <customfieldvalues>
                            <customfieldvalue>false</customfieldvalue>

                        </customfieldvalues>
                    </customfield>
                                                                                                                                                                                                                                                                                                                                                                                                                                                                                                                                                                                                                                                <customfield id="customfield_12310420" key="com.pyxis.greenhopper.jira:gh-global-rank">
                        <customfieldname>Global Rank</customfieldname>
                        <customfieldvalues>
                            <customfieldvalue>244872</customfieldvalue>
                        </customfieldvalues>
                    </customfield>
                                                                                                                                                                                                                                                                                                                                                                                                                                                                        <customfield id="customfield_12311820" key="com.pyxis.greenhopper.jira:gh-lexo-rank">
                        <customfieldname>Rank</customfieldname>
                        <customfieldvalues>
                            <customfieldvalue>0|i05ufr:</customfieldvalue>

                        </customfieldvalues>
                    </customfield>
                                                                <customfield id="customfield_12310920" key="com.pyxis.greenhopper.jira:gh-global-rank">
                        <customfieldname>Rank (Obsolete)</customfieldname>
                        <customfieldvalues>
                            <customfieldvalue>32028</customfieldvalue>
                        </customfieldvalues>
                    </customfield>
                                                                                                                                                                                                                                                                                                                                                                                                                                                                                                                                                                                                                                                                                                                                                                                            </customfields>
    </item>


</channel>
</rss>