<rss version="0.92">
    <channel>
        <title>ASF JIRA</title>
        <link>https://issues.apache.org/jira/issues/?jql=project+%3D+CODEC+AND+type+%3D+bug+and+%28status+%3D+RESOLVED+or+status+%3D+closed%29+and+resolution++%3D+Fixed+and+fixVersion++%21%3D+None+and+affectedVersion+%21%3D+None+and+affectedVersion+%21%3D+%22Nightly+Builds%22</link>
        <description>An XML representation of a search request</description>
                <language>en-uk</language>
                        <issue start="0" end="76" total="76" />
                <build-info>
            <version>8.20.1</version>
            <build-number>820001</build-number>
            <build-date>28-10-2021</build-date>
        </build-info>

<item>
            <title>[CODEC-58] Character set used by Base64 not documented</title>
                <link>https://issues.apache.org/jira/browse/CODEC-58</link>
                <project id="12310464" key="CODEC">Commons Codec</project>
                    <description>&lt;p&gt;The Javadoc for the Base64 class does not document which character set is returned by encode() and expected by decode(). The RFC specifies "characters", not "bytes" as the result of the encoding, and yet Base64 returns bytes. It should provide complete information as to how to convert these bytes to and from Strings. I assume the character set used is ASCII, but that should be made explicit in the Javadoc.&lt;/p&gt;</description>
                <environment />
        <key id="12382656">CODEC-58</key>
            <summary>Character set used by Base64 not documented</summary>
                <type id="1" iconUrl="https://issues.apache.org/jira/secure/viewavatar?size=xsmall&amp;avatarId=21133&amp;avatarType=issuetype">Bug</type>
                                            <priority id="4" iconUrl="https://issues.apache.org/jira/images/icons/priorities/minor.svg">Minor</priority>
                        <status id="6" iconUrl="https://issues.apache.org/jira/images/icons/statuses/closed.png" description="The issue is considered finished, the resolution is correct. Issues which are not closed can be reopened.">Closed</status>
                    <statusCategory id="3" key="done" colorName="green" />
                                    <resolution id="1">Fixed</resolution>
                                        <assignee username="-1">Unassigned</assignee>
                                    <reporter username="pepijn schmitz">Pepijn Schmitz</reporter>
                        <labels>
                    </labels>
                <created>Fri, 16 Nov 2007 12:28:39 +0000</created>
                <updated>Fri, 11 Nov 2011 17:38:05 +0000</updated>
                            <resolved>Sat, 18 Jul 2009 01:21:19 +0000</resolved>
                                    <version>1.1</version>
                    <version>1.2</version>
                    <version>1.3</version>
                    <version>1.4</version>
                                    <fixVersion>1.4</fixVersion>
                                        <due />
                            <votes>0</votes>
                                    <watches>0</watches>
                                                                <comments>
                            <comment id="12543063" author="joehni" created="Fri, 16 Nov 2007 13:06:10 +0000">&lt;p&gt;The RFC 4648 talks about "The encoding process represents 24-bit groups of input bits as output strings of 4 encoded characters". This implies that each of this "characters" represent 8 bit. Obviously this does not match Java's representation of a "char". Therefore the method returns bytes.&lt;/p&gt;

&lt;p&gt;The documentation mentions the character set is the one used in MIME encoding (RFC 2045, p25), other character sets are not supported. Nevertheless the character set consists of characters that can be representated within 8 bits. So the documentation could state that the result of a Base64 encoding is a byte stream that represents a String with ASCII encoding.&lt;/p&gt;</comment>
                            <comment id="12543152" author="ggregory@seagullsw.com" created="Fri, 16 Nov 2007 17:59:01 +0000">&lt;p&gt;This will happen much quicker if you submit a patch with your request &lt;img class="emoticon" src="https://issues.apache.org/jira/images/icons/emoticons/wink.png" height="16" width="16" align="absmiddle" alt="" border="0"/&gt;&lt;/p&gt;</comment>
                            <comment id="12732083" author="juliusdavies" created="Thu, 16 Jul 2009 18:55:32 +0000">&lt;p&gt;org.apache.commons.codec.binary.Base64 is hard-coded to use lower 127 ASCII (== UTF-8):&lt;/p&gt;

&lt;div class="code panel" style="border-width: 1px;"&gt;&lt;div class="codeContent panelContent"&gt;
&lt;pre class="code-java"&gt;    &lt;span class="code-keyword"&gt;private&lt;/span&gt; &lt;span class="code-keyword"&gt;static&lt;/span&gt; &lt;span class="code-keyword"&gt;final&lt;/span&gt; &lt;span class="code-object"&gt;byte&lt;/span&gt;[] STANDARD_ENCODE_TABLE = {
            &lt;span class="code-quote"&gt;'A'&lt;/span&gt;, &lt;span class="code-quote"&gt;'B'&lt;/span&gt;, &lt;span class="code-quote"&gt;'C'&lt;/span&gt;, &lt;span class="code-quote"&gt;'D'&lt;/span&gt;, &lt;span class="code-quote"&gt;'E'&lt;/span&gt;, &lt;span class="code-quote"&gt;'F'&lt;/span&gt;, &lt;span class="code-quote"&gt;'G'&lt;/span&gt;, &lt;span class="code-quote"&gt;'H'&lt;/span&gt;, &lt;span class="code-quote"&gt;'I'&lt;/span&gt;, &lt;span class="code-quote"&gt;'J'&lt;/span&gt;, &lt;span class="code-quote"&gt;'K'&lt;/span&gt;, &lt;span class="code-quote"&gt;'L'&lt;/span&gt;, &lt;span class="code-quote"&gt;'M'&lt;/span&gt;,
            &lt;span class="code-quote"&gt;'N'&lt;/span&gt;, &lt;span class="code-quote"&gt;'O'&lt;/span&gt;, &lt;span class="code-quote"&gt;'P'&lt;/span&gt;, &lt;span class="code-quote"&gt;'Q'&lt;/span&gt;, &lt;span class="code-quote"&gt;'R'&lt;/span&gt;, &lt;span class="code-quote"&gt;'S'&lt;/span&gt;, &lt;span class="code-quote"&gt;'T'&lt;/span&gt;, &lt;span class="code-quote"&gt;'U'&lt;/span&gt;, &lt;span class="code-quote"&gt;'V'&lt;/span&gt;, &lt;span class="code-quote"&gt;'W'&lt;/span&gt;, &lt;span class="code-quote"&gt;'X'&lt;/span&gt;, &lt;span class="code-quote"&gt;'Y'&lt;/span&gt;, &lt;span class="code-quote"&gt;'Z'&lt;/span&gt;,
            &lt;span class="code-quote"&gt;'a'&lt;/span&gt;, &lt;span class="code-quote"&gt;'b'&lt;/span&gt;, &lt;span class="code-quote"&gt;'c'&lt;/span&gt;, &lt;span class="code-quote"&gt;'d'&lt;/span&gt;, &lt;span class="code-quote"&gt;'e'&lt;/span&gt;, &lt;span class="code-quote"&gt;'f'&lt;/span&gt;, &lt;span class="code-quote"&gt;'g'&lt;/span&gt;, &lt;span class="code-quote"&gt;'h'&lt;/span&gt;, &lt;span class="code-quote"&gt;'i'&lt;/span&gt;, &lt;span class="code-quote"&gt;'j'&lt;/span&gt;, &lt;span class="code-quote"&gt;'k'&lt;/span&gt;, &lt;span class="code-quote"&gt;'l'&lt;/span&gt;, &lt;span class="code-quote"&gt;'m'&lt;/span&gt;,
            &lt;span class="code-quote"&gt;'n'&lt;/span&gt;, &lt;span class="code-quote"&gt;'o'&lt;/span&gt;, &lt;span class="code-quote"&gt;'p'&lt;/span&gt;, &lt;span class="code-quote"&gt;'q'&lt;/span&gt;, &lt;span class="code-quote"&gt;'r'&lt;/span&gt;, &lt;span class="code-quote"&gt;'s'&lt;/span&gt;, &lt;span class="code-quote"&gt;'t'&lt;/span&gt;, &lt;span class="code-quote"&gt;'u'&lt;/span&gt;, &lt;span class="code-quote"&gt;'v'&lt;/span&gt;, &lt;span class="code-quote"&gt;'w'&lt;/span&gt;, &lt;span class="code-quote"&gt;'x'&lt;/span&gt;, &lt;span class="code-quote"&gt;'y'&lt;/span&gt;, &lt;span class="code-quote"&gt;'z'&lt;/span&gt;,
            &lt;span class="code-quote"&gt;'0'&lt;/span&gt;, &lt;span class="code-quote"&gt;'1'&lt;/span&gt;, &lt;span class="code-quote"&gt;'2'&lt;/span&gt;, &lt;span class="code-quote"&gt;'3'&lt;/span&gt;, &lt;span class="code-quote"&gt;'4'&lt;/span&gt;, &lt;span class="code-quote"&gt;'5'&lt;/span&gt;, &lt;span class="code-quote"&gt;'6'&lt;/span&gt;, &lt;span class="code-quote"&gt;'7'&lt;/span&gt;, &lt;span class="code-quote"&gt;'8'&lt;/span&gt;, &lt;span class="code-quote"&gt;'9'&lt;/span&gt;, &lt;span class="code-quote"&gt;'+'&lt;/span&gt;, &lt;span class="code-quote"&gt;'/'&lt;/span&gt;
    };
&lt;/pre&gt;
&lt;/div&gt;&lt;/div&gt;

&lt;p&gt;I'll create a patch to put this in the javadoc.&lt;/p&gt;</comment>
                            <comment id="12732761" author="juliusdavies" created="Fri, 17 Jul 2009 22:29:19 +0000">&lt;p&gt;Patch uploaded (codec58.patch):&lt;/p&gt;

&lt;p&gt;Character encoding now mentioned in javadoc.  I also added some info about &lt;a href="https://issues.apache.org/jira/browse/CODEC-75" title="Make Base64 URL-safe" class="issue-link" data-issue-key="CODEC-75"&gt;&lt;del&gt;CODEC-75&lt;/del&gt;&lt;/a&gt; (URL-Safe) to the Javadoc.&lt;/p&gt;</comment>
                            <comment id="12732814" author="ggregory@seagullsw.com" created="Sat, 18 Jul 2009 01:19:24 +0000">&lt;p&gt;Patch applied with changes and I hope improvements! Instead of documenting the URL safe methods in the constructors, I've added mention of the settings available through constructors and made the constructor docs consistent.&lt;/p&gt;</comment>
                    </comments>
                    <attachments>
                            <attachment id="12413881" name="codec58.patch" size="3289" author="juliusdavies" created="Fri, 17 Jul 2009 22:29:19 +0000" />
                    </attachments>
                <subtasks>
                    </subtasks>
                <customfields>
                                                                                                                                                                                                                                                                                                                                                                                                                                                                                                                                                                                                                                                                                                                    <customfield id="customfield_12314020" key="com.atlassian.jira.plugins.jira-development-integration-plugin:devsummary">
                        <customfieldname>Development</customfieldname>
                        <customfieldvalues>
                            
                        </customfieldvalues>
                    </customfield>
                                                                                                                        <customfield id="customfield_12313422" key="com.atlassian.jirafisheyeplugin:jobcheckbox">
                        <customfieldname>Enable Automatic Patch Review</customfieldname>
                        <customfieldvalues>
                            <customfieldvalue>false</customfieldvalue>

                        </customfieldvalues>
                    </customfield>
                                                                                                                                                                                                                                                                                                                                                                                                                                                                                                                                                                                                                                                <customfield id="customfield_12310420" key="com.pyxis.greenhopper.jira:gh-global-rank">
                        <customfieldname>Global Rank</customfieldname>
                        <customfieldvalues>
                            <customfieldvalue>110385</customfieldvalue>
                        </customfieldvalues>
                    </customfield>
                                                                                                                                                                                                                                                                                                                                                                                                                                                                        <customfield id="customfield_12311820" key="com.pyxis.greenhopper.jira:gh-lexo-rank">
                        <customfieldname>Rank</customfieldname>
                        <customfieldvalues>
                            <customfieldvalue>0|i0ep9r:</customfieldvalue>

                        </customfieldvalues>
                    </customfield>
                                                                <customfield id="customfield_12310920" key="com.pyxis.greenhopper.jira:gh-global-rank">
                        <customfieldname>Rank (Obsolete)</customfieldname>
                        <customfieldvalues>
                            <customfieldvalue>83856</customfieldvalue>
                        </customfieldvalues>
                    </customfield>
                                                                                                                                                                                                                                                                                                                                                                                                                                                                                                                                                                                                                                                                                                                                                                                            </customfields>
    </item>


</channel>
</rss>