<rss version="0.92">
    <channel>
        <title>ASF JIRA</title>
        <link>https://issues.apache.org/jira/issues/?jql=project+%3D+CODEC+and+type+%3D+bug+and+%28status+%3D+RESOLVED+or+status+%3D+closed%29</link>
        <description>An XML representation of a search request</description>
                <language>en-uk</language>
                        <issue start="0" end="135" total="135" />
                <build-info>
            <version>8.20.1</version>
            <build-number>820001</build-number>
            <build-date>28-10-2021</build-date>
        </build-info>

<item>
            <title>[CODEC-160] Base64.encodeBase64URLSafeString doesn't add padding characters at the end.</title>
                <link>https://issues.apache.org/jira/browse/CODEC-160</link>
                <project id="12310464" key="CODEC">Commons Codec</project>
                    <description>&lt;p&gt;If the url safe method is used the padding characters are missing, resulting in a too short string as output.&lt;/p&gt;</description>
                <environment />
        <key id="12610977">CODEC-160</key>
            <summary>Base64.encodeBase64URLSafeString doesn't add padding characters at the end.</summary>
                <type id="1" iconUrl="https://issues.apache.org/jira/secure/viewavatar?size=xsmall&amp;avatarId=21133&amp;avatarType=issuetype">Bug</type>
                                            <priority id="3" iconUrl="https://issues.apache.org/jira/images/icons/priorities/major.svg">Major</priority>
                        <status id="6" iconUrl="https://issues.apache.org/jira/images/icons/statuses/closed.png" description="The issue is considered finished, the resolution is correct. Issues which are not closed can be reopened.">Closed</status>
                    <statusCategory id="3" key="done" colorName="green" />
                                    <resolution id="1">Fixed</resolution>
                                        <assignee username="-1">Unassigned</assignee>
                                    <reporter username="perjin">Jan Ivenz</reporter>
                        <labels>
                            <label>base64</label>
                    </labels>
                <created>Tue, 9 Oct 2012 12:44:56 +0000</created>
                <updated>Sun, 28 Apr 2013 19:15:23 +0000</updated>
                            <resolved>Tue, 9 Oct 2012 18:27:31 +0000</resolved>
                                                    <fixVersion>1.8</fixVersion>
                                        <due />
                            <votes>0</votes>
                                    <watches>2</watches>
                                                                <comments>
                            <comment id="13472592" author="sebb@apache.org" created="Tue, 9 Oct 2012 18:05:38 +0000">&lt;p&gt;This appears to be deliberate; see comments in the method:&lt;/p&gt;

&lt;p&gt;Base64.encode(byte[] in, int inPos, int inAvail, Context context)&lt;/p&gt;</comment>
                            <comment id="13472602" author="sebb@apache.org" created="Tue, 9 Oct 2012 18:17:09 +0000">&lt;p&gt;Further research shows that this has been the case since the code was added by &lt;a href="https://issues.apache.org/jira/browse/CODEC-75" title="Make Base64 URL-safe" class="issue-link" data-issue-key="CODEC-75"&gt;&lt;del&gt;CODEC-75&lt;/del&gt;&lt;/a&gt;.&lt;/p&gt;

&lt;p&gt;The current behaviour needs to be documented.&lt;/p&gt;</comment>
                            <comment id="13472611" author="sebb@apache.org" created="Tue, 9 Oct 2012 18:27:31 +0000">&lt;p&gt;URL: &lt;a href="http://svn.apache.org/viewvc?rev=1396159&amp;amp;view=rev" class="external-link" target="_blank" rel="nofollow noopener"&gt;http://svn.apache.org/viewvc?rev=1396159&amp;amp;view=rev&lt;/a&gt;&lt;br/&gt;
Log:&lt;br/&gt;
&lt;a href="https://issues.apache.org/jira/browse/CODEC-160" title="Base64.encodeBase64URLSafeString doesn&amp;#39;t add padding characters at the end." class="issue-link" data-issue-key="CODEC-160"&gt;&lt;del&gt;CODEC-160&lt;/del&gt;&lt;/a&gt; Base64.encodeBase64URLSafeString doesn't add padding characters at the end.&lt;br/&gt;
Javadoc updated to clarify this&lt;/p&gt;

&lt;p&gt;Modified:&lt;br/&gt;
    commons/proper/codec/trunk/src/changes/changes.xml&lt;br/&gt;
    commons/proper/codec/trunk/src/main/java/org/apache/commons/codec/binary/Base64.java&lt;/p&gt;</comment>
                            <comment id="13644094" author="garydgregory" created="Sun, 28 Apr 2013 19:15:23 +0000">&lt;p&gt;I released version 1.8.&lt;/p&gt;</comment>
                    </comments>
                <issuelinks>
                            <issuelinktype id="10030">
                    <name>Reference</name>
                                                                <inwardlinks description="is related to">
                                        <issuelink>
            <issuekey id="12426198">CODEC-75</issuekey>
        </issuelink>
                            </inwardlinks>
                                    </issuelinktype>
                    </issuelinks>
                <attachments>
                    </attachments>
                <subtasks>
                    </subtasks>
                <customfields>
                                                                                                                                                                                                                                                                                                                                                                                                                                                                                                                                                                                                                                                                                                                    <customfield id="customfield_12314020" key="com.atlassian.jira.plugins.jira-development-integration-plugin:devsummary">
                        <customfieldname>Development</customfieldname>
                        <customfieldvalues>
                            
                        </customfieldvalues>
                    </customfield>
                                                                                                                        <customfield id="customfield_12313422" key="com.atlassian.jirafisheyeplugin:jobcheckbox">
                        <customfieldname>Enable Automatic Patch Review</customfieldname>
                        <customfieldvalues>
                            <customfieldvalue>false</customfieldvalue>

                        </customfieldvalues>
                    </customfield>
                                                                                                                                                                                                                                                                                                                                                                                                                                                                                                                                                                                                                                                <customfield id="customfield_12310420" key="com.pyxis.greenhopper.jira:gh-global-rank">
                        <customfieldname>Global Rank</customfieldname>
                        <customfieldvalues>
                            <customfieldvalue>246007</customfieldvalue>
                        </customfieldvalues>
                    </customfield>
                                                                                                                                                                                                                                                                                                                                                                                                                                                                        <customfield id="customfield_12311820" key="com.pyxis.greenhopper.jira:gh-lexo-rank">
                        <customfieldname>Rank</customfieldname>
                        <customfieldvalues>
                            <customfieldvalue>0|i07fvj:</customfieldvalue>

                        </customfieldvalues>
                    </customfield>
                                                                <customfield id="customfield_12310920" key="com.pyxis.greenhopper.jira:gh-global-rank">
                        <customfieldname>Rank (Obsolete)</customfieldname>
                        <customfieldvalues>
                            <customfieldvalue>41338</customfieldvalue>
                        </customfieldvalues>
                    </customfield>
                                                                                                                                                                                                                                                                                                                                                                                                                                                                                                                                                                                                                                                                                                                                                                                                                                                    </customfields>
    </item>


</channel>
</rss>