<!-- 
RSS generated by JIRA (6.3.4#6332-sha1:51bc225ef474afe3128b2f66878477f322397b16) at Thu Dec 01 19:06:30 UTC 2016

It is possible to restrict the fields that are returned in this document by specifying the 'field' parameter in your request.
For example, to request only the issue key and summary add field=key&field=summary to the URL of your request.
For example:
https://issues.apache.org/jira/si/jira.issueviews:issue-xml/CODEC-56/CODEC-56.xml?field=key&amp;field=summary
-->
<rss version="0.92" >
<channel>
    <title>ASF JIRA</title>
    <link>https://issues.apache.org/jira</link>
    <description>This file is an XML representation of an issue</description>
    <language>en-uk</language>    <build-info>
        <version>6.3.4</version>
        <build-number>6332</build-number>
        <build-date>15-08-2014</build-date>
    </build-info>

<item>
            <title>[CODEC-56] RefinedSoundex creates instance before al fields have been initialized</title>
                <link>https://issues.apache.org/jira/browse/CODEC-56</link>
                <project id="12310464" key="CODEC">Commons Codec</project>
                    <description>&lt;p&gt;The RefinedSoundex code creates an instance of itself in the variable US_ENGLISH; however this appears before some of the other static final variables.&lt;/p&gt;

&lt;p&gt;The variable US_ENGLISH needs to be moved after the other variables.&lt;/p&gt;

&lt;p&gt;See patch to follow.&lt;/p&gt;</description>
                <environment></environment>
        <key id="12379836">CODEC-56</key>
            <summary>RefinedSoundex creates instance before al fields have been initialized</summary>
                <type id="1" iconUrl="https://issues.apache.org/jira/images/icons/issuetypes/bug.png">Bug</type>
                                            <priority id="4" iconUrl="https://issues.apache.org/jira/images/icons/priorities/minor.png">Minor</priority>
                        <status id="6" iconUrl="https://issues.apache.org/jira/images/icons/statuses/closed.png" description="The issue is considered finished, the resolution is correct. Issues which are closed can be reopened.">Closed</status>
                    <statusCategory id="3" key="done" colorName="green"/>
                                    <resolution id="1">Fixed</resolution>
                                        <assignee username="-1">Unassigned</assignee>
                                    <reporter username="sebb@apache.org">Sebb</reporter>
                        <labels>
                    </labels>
                <created>Sun, 7 Oct 2007 21:48:26 +0000</created>
                <updated>Mon, 13 Jul 2009 21:11:31 +0000</updated>
                            <resolved>Sat, 27 Oct 2007 06:48:35 +0000</resolved>
                                                    <fixVersion>1.4</fixVersion>
                                        <due></due>
                            <votes>0</votes>
                                    <watches>0</watches>
                                                                <comments>
                            <comment id="12533005" author="sebb@apache.org" created="Sun, 7 Oct 2007 21:50:34 +0000"  >&lt;p&gt;Patch to move static instance creation after other fields have been initialised.&lt;/p&gt;</comment>
                            <comment id="12538177" author="bayard" created="Sat, 27 Oct 2007 06:48:35 +0000"  >&lt;p&gt;svn ci -m &quot;Applying Sebb&apos;s fix from &lt;a href=&quot;https://issues.apache.org/jira/browse/CODEC-56&quot; title=&quot;RefinedSoundex creates instance before al fields have been initialized&quot; class=&quot;issue-link&quot; data-issue-key=&quot;CODEC-56&quot;&gt;&lt;del&gt;CODEC-56&lt;/del&gt;&lt;/a&gt;, along with a test&quot;&lt;br/&gt;
Sending        src/java/org/apache/commons/codec/language/RefinedSoundex.java&lt;br/&gt;
Sending        src/test/org/apache/commons/codec/language/RefinedSoundexTest.java&lt;br/&gt;
Transmitting file data ..&lt;br/&gt;
Committed revision 589052.&lt;/p&gt;</comment>
                    </comments>
                <issuelinks>
                            <issuelinktype id="12310000">
                    <name>Duplicate</name>
                                                                <inwardlinks description="is duplicated by">
                                        <issuelink>
            <issuekey id="12355940">CODEC-54</issuekey>
        </issuelink>
                            </inwardlinks>
                                    </issuelinktype>
                    </issuelinks>
                <attachments>
                            <attachment id="12367224" name="patch.txt" size="1257" author="sebb@apache.org" created="Sun, 7 Oct 2007 21:50:34 +0000"/>
                    </attachments>
                <subtasks>
                    </subtasks>
                <customfields>
                                                <customfield id="customfield_12310310" key="com.atlassian.jira.toolkit:attachments">
                        <customfieldname>Attachment count</customfieldname>
                        <customfieldvalues>
                            <customfieldvalue>1.0</customfieldvalue>
                        </customfieldvalues>
                    </customfield>
                                                                                                                                                                                                                                                                                                                                                                                                                                                                                                                                <customfield id="customfield_12310220" key="com.atlassian.jira.ext.charting:firstresponsedate">
                        <customfieldname>Date of First Response</customfieldname>
                        <customfieldvalues>
                            <customfieldvalue>Sat, 27 Oct 2007 06:48:35 +0000</customfieldvalue>

                        </customfieldvalues>
                    </customfield>
                                                                                                                                                                                                                                                                                                                                                                                                                                            <customfield id="customfield_12310420" key="com.pyxis.greenhopper.jira:gh-global-rank">
                        <customfieldname>Global Rank</customfieldname>
                        <customfieldvalues>
                            <customfieldvalue>40254</customfieldvalue>
                        </customfieldvalues>
                    </customfield>
                                                                                                                        <customfield id="customfield_12312521" key="com.atlassian.jira.toolkit:LastCommentDate">
                        <customfieldname>Last public comment date</customfieldname>
                        <customfieldvalues>
                            9 years, 6 weeks, 5 days ago
                        </customfieldvalues>
                    </customfield>
                                                                                            <customfield id="customfield_12311820" key="com.pyxis.greenhopper.jira:gh-lexo-rank">
                        <customfieldname>Rank</customfieldname>
                        <customfieldvalues>
                            <customfieldvalue>0|i0ep9z:</customfieldvalue>

                        </customfieldvalues>
                    </customfield>
                                                                <customfield id="customfield_12310920" key="com.pyxis.greenhopper.jira:gh-global-rank">
                        <customfieldname>Rank (Obsolete)</customfieldname>
                        <customfieldvalues>
                            <customfieldvalue>83857</customfieldvalue>
                        </customfieldvalues>
                    </customfield>
                                                                                                                                                                                                                                        <customfield id="customfield_12310222" key="com.atlassian.jira.ext.charting:timeinstatus">
                        <customfieldname>Time in Status</customfieldname>
                        <customfieldvalues>
                            
                        </customfieldvalues>
                    </customfield>
                                                                                                                        </customfields>
    </item>
</channel>
</rss>