<rss version="0.92">
    <channel>
        <title>ASF JIRA</title>
        <link>https://issues.apache.org/jira/issues/?jql=project+%3D+CODEC+and+type+%3D+bug+and+%28status+%3D+RESOLVED+or+status+%3D+closed%29</link>
        <description>An XML representation of a search request</description>
                <language>en-uk</language>
                        <issue start="0" end="135" total="135" />
                <build-info>
            <version>8.20.1</version>
            <build-number>820001</build-number>
            <build-date>28-10-2021</build-date>
        </build-info>

<item>
            <title>[CODEC-132] BeiderMorseEncoder OOM issues</title>
                <link>https://issues.apache.org/jira/browse/CODEC-132</link>
                <project id="12310464" key="CODEC">Commons Codec</project>
                    <description>&lt;p&gt;In Lucene/Solr, we integrated this encoder into the latest release.&lt;/p&gt;

&lt;p&gt;Our tests use a variety of random strings, and we have recent jenkins failures&lt;br/&gt;
from some input streams (of length &amp;lt;= 10), using huge amounts of memory (e.g. &amp;gt; 64MB),&lt;br/&gt;
resulting in OOM.&lt;/p&gt;

&lt;p&gt;I've created a test case (length is 30 here) that will OOM with -Xmx256M. &lt;/p&gt;

&lt;p&gt;I haven't dug into this much as to what's causing it, but I suspect there might be a bug&lt;br/&gt;
revolving around certain punctuation characters: we didn't see this happening until&lt;br/&gt;
we beefed up our random string generation to start producing "html-like" strings.&lt;/p&gt;</description>
                <environment />
        <key id="12539933">CODEC-132</key>
            <summary>BeiderMorseEncoder OOM issues</summary>
                <type id="1" iconUrl="https://issues.apache.org/jira/secure/viewavatar?size=xsmall&amp;avatarId=21133&amp;avatarType=issuetype">Bug</type>
                                            <priority id="3" iconUrl="https://issues.apache.org/jira/images/icons/priorities/major.svg">Major</priority>
                        <status id="6" iconUrl="https://issues.apache.org/jira/images/icons/statuses/closed.png" description="The issue is considered finished, the resolution is correct. Issues which are not closed can be reopened.">Closed</status>
                    <statusCategory id="3" key="done" colorName="green" />
                                    <resolution id="1">Fixed</resolution>
                                        <assignee username="-1">Unassigned</assignee>
                                    <reporter username="rcmuir">Robert Muir</reporter>
                        <labels>
                    </labels>
                <created>Thu, 26 Jan 2012 17:28:44 +0000</created>
                <updated>Fri, 14 Sep 2012 20:19:01 +0000</updated>
                            <resolved>Wed, 7 Mar 2012 21:04:11 +0000</resolved>
                                    <version>1.6</version>
                                    <fixVersion>1.7</fixVersion>
                                        <due />
                            <votes>0</votes>
                                    <watches>2</watches>
                                                                <comments>
                            <comment id="13194007" author="rcmuir" created="Thu, 26 Jan 2012 17:30:09 +0000">&lt;p&gt;Attached is the first test I came up with... blows up easily with something like -Xmx64M or -Xmx128M. &lt;/p&gt;

&lt;p&gt;It will eventually fail with -Xmx256M too, but takes minutes to do this.&lt;/p&gt;</comment>
                            <comment id="13221933" author="tn" created="Sun, 4 Mar 2012 16:51:59 +0000">&lt;p&gt;I digged into this problem, and it is not related to punctuation or other special characters.&lt;/p&gt;

&lt;p&gt;There are some generic rules defined, that blow up the set of possible phenomes, e.g.:&lt;/p&gt;

&lt;p&gt;"a" "" "" "(e|o|a)" // hat | call | part&lt;/p&gt;

&lt;p&gt;Considering you provide random data as input, this single rule will match most likely every single 'a' in the input, and triple the set of phenomes at every occasion. This leads quickly to very large sets and to OOMs of course.&lt;/p&gt;

&lt;p&gt;I would not consider touching the rules, but instead include a parameter to the PhoneticEngine that defines how many different phonemes I want in the result as a maximum. Limiting the number of new phenomes in PhenomeBuilder.apply to this maximum.&lt;/p&gt;

&lt;p&gt;For normal text, the number of phenomes is usually small anyway, so a default of 20 sounds reasonable, but should be user-controllable.&lt;/p&gt;

&lt;p&gt;btw. you could also consider using setting the parameter concat to false, in that case each word is treated separately which should mitigate the problem a bit, as single words are smaller and thus do not suffer so much from the phenome explosion. &lt;/p&gt;</comment>
                            <comment id="13222097" author="garydgregory" created="Mon, 5 Mar 2012 01:07:45 +0000">&lt;p&gt;Thank you for digging Thomas. &lt;/p&gt;

&lt;p&gt;Feel free to provide a patch &lt;img class="emoticon" src="https://issues.apache.org/jira/images/icons/emoticons/smile.png" height="16" width="16" align="absmiddle" alt="" border="0"/&gt; with tests.&lt;/p&gt;

&lt;p&gt;It would be great if Matthew P. could comment here as well.&lt;/p&gt;

&lt;p&gt;Gary&lt;/p&gt;</comment>
                            <comment id="13223729" author="tn" created="Tue, 6 Mar 2012 22:13:27 +0000">&lt;p&gt;Hi,&lt;/p&gt;

&lt;p&gt;please find attached a patch for the outlined solution: adding a maximum phoneme parameter to the engine that limits the number of phonemes processed / returned.&lt;/p&gt;

&lt;p&gt;By now, I have assumed a default of 20, if the user does not provide a value himself. Would like to hear some feedback from the original author on that.&lt;/p&gt;

&lt;p&gt;Ah, testcoverage improved from 91% to 92% &lt;img class="emoticon" src="https://issues.apache.org/jira/images/icons/emoticons/wink.png" height="16" width="16" align="absmiddle" alt="" border="0"/&gt;&lt;/p&gt;</comment>
                            <comment id="13224610" author="matthewpocock" created="Wed, 7 Mar 2012 19:17:36 +0000">&lt;p&gt;Hi,&lt;/p&gt;

&lt;p&gt;Limiting the size of the set of intermediate phonemes considered is probably a good thing for this kind of random-string testing, and may well have no discernible negative impact in normal use. The rules are not really intended to apply to random strings, and words from languages (and in particular, names) are very much not random.&lt;/p&gt;

&lt;p&gt;I've not run a corpus of real names through this code to estimate the normal range of this phoneme set size. If we start seeing incomplete or strange results after this change, perhaps it would be worth doing.&lt;/p&gt;

&lt;p&gt;Matthew&lt;/p&gt;
</comment>
                            <comment id="13224619" author="rcmuir" created="Wed, 7 Mar 2012 19:24:44 +0000">&lt;p&gt;Thomas: I haven't tested your patch with Lucene/Solr, but I'm +1 on premise.&lt;/p&gt;

&lt;p&gt;In reality the random testing we do may seem absurd... yes in a way its totally unrealistic.&lt;/p&gt;

&lt;p&gt;On the other hand if someone is indexing/crawling data, often times this type-detection of either file-type or character set&lt;br/&gt;
or whatever is really just a heuristic: its really impossible to ultimately prevent the indexing of some binary file&lt;br/&gt;
(e.g. misdetected character set or simply a video file or whatever). This is part of why we do the testing we do.&lt;/p&gt;

&lt;p&gt;Thanks again everyone for digging in and reviewing.&lt;/p&gt;</comment>
                            <comment id="13224705" author="garydgregory" created="Wed, 7 Mar 2012 21:04:11 +0000">&lt;p&gt;Patch applied in SVN, plus some other minor test improvements.&lt;/p&gt;</comment>
                            <comment id="13224729" author="tn" created="Wed, 7 Mar 2012 21:30:53 +0000">&lt;p&gt;@Matthew: thanks for your feedback, I had some experience with similar rule base systems before, and knew that they can become very fragile with unforeseen input as the number of rules grows (especially generic ones). Anyway, your code was easy to debug, and nice to read!&lt;/p&gt;

&lt;p&gt;@Robert: your tests make perfect sense imo, thanks for reporting back.&lt;/p&gt;

&lt;p&gt;@Gary: thanks for applying the patch&lt;/p&gt;</comment>
                            <comment id="13232322" author="tn" created="Sun, 18 Mar 2012 18:14:47 +0000">&lt;p&gt;Applied a minor change due to the referred test in lucene:&lt;/p&gt;

&lt;p&gt;use a LinkedHashSet instead of a HashSet to make ordering of phonemes deterministic&lt;/p&gt;</comment>
                            <comment id="13232323" author="garydgregory" created="Sun, 18 Mar 2012 18:18:11 +0000">&lt;p&gt;What is the performance impact of this change?&lt;/p&gt;</comment>
                            <comment id="13232327" author="tn" created="Sun, 18 Mar 2012 18:41:27 +0000">&lt;p&gt;I have tested it with junit-benchmarks and my results are as follows:&lt;/p&gt;

&lt;p&gt;With HashSet:&lt;/p&gt;

&lt;div class="preformatted panel" style="border-width: 1px;"&gt;&lt;div class="preformattedContent panelContent"&gt;
&lt;pre&gt;BeiderMorseEncoderTest.testAllChars: [measured 10 out of 15 rounds, threads: 1 (sequential)]
 round: 2.85 [+- 0.01], round.gc: 0.00 [+- 0.00], GC.calls: 1213, GC.time: 0.29, time.total: 43.66, time.warmup: 15.20, time.bench: 28.45
BeiderMorseEncoderTest.testAsciiEncodeNotEmpty1Letter: [measured 10 out of 15 rounds, threads: 1 (sequential)]
 round: 0.00 [+- 0.00], round.gc: 0.00 [+- 0.00], GC.calls: 1, GC.time: 0.00, time.total: 0.06, time.warmup: 0.02, time.bench: 0.04
BeiderMorseEncoderTest.testAsciiEncodeNotEmpty2Letters: [measured 10 out of 15 rounds, threads: 1 (sequential)]
 round: 0.18 [+- 0.00], round.gc: 0.00 [+- 0.00], GC.calls: 72, GC.time: 0.02, time.total: 2.79, time.warmup: 0.98, time.bench: 1.82
BeiderMorseEncoderTest.testEncodeAtzNotEmpty: [measured 10 out of 15 rounds, threads: 1 (sequential)]
 round: 0.00 [+- 0.00], round.gc: 0.00 [+- 0.00], GC.calls: 0, GC.time: 0.00, time.total: 0.02, time.warmup: 0.01, time.bench: 0.01
BeiderMorseEncoderTest.testEncodeGna: [measured 10 out of 15 rounds, threads: 1 (sequential)]
 round: 0.00 [+- 0.00], round.gc: 0.00 [+- 0.00], GC.calls: 0, GC.time: 0.00, time.total: 0.00, time.warmup: 0.00, time.bench: 0.00
BeiderMorseEncoderTest.testInvalidLangIllegalArgumentException: [measured 10 out of 15 rounds, threads: 1 (sequential)]
 round: 0.00 [+- 0.00], round.gc: 0.00 [+- 0.00], GC.calls: 0, GC.time: 0.00, time.total: 0.00, time.warmup: 0.00, time.bench: 0.00
BeiderMorseEncoderTest.testInvalidLangIllegalStateException: [measured 10 out of 15 rounds, threads: 1 (sequential)]
 round: 0.00 [+- 0.00], round.gc: 0.00 [+- 0.00], GC.calls: 0, GC.time: 0.00, time.total: 0.00, time.warmup: 0.00, time.bench: 0.00
BeiderMorseEncoderTest.testInvalidLanguageIllegalArgumentException: [measured 10 out of 15 rounds, threads: 1 (sequential)]
 round: 0.00 [+- 0.00], round.gc: 0.00 [+- 0.00], GC.calls: 0, GC.time: 0.00, time.total: 0.00, time.warmup: 0.00, time.bench: 0.00
BeiderMorseEncoderTest.testLongestEnglishSurname: [measured 10 out of 15 rounds, threads: 1 (sequential)]
 round: 0.01 [+- 0.00], round.gc: 0.00 [+- 0.00], GC.calls: 1, GC.time: 0.00, time.total: 0.10, time.warmup: 0.04, time.bench: 0.07
BeiderMorseEncoderTest.testNegativeIndexForRuleMatchIndexOutOfBoundsException: [measured 10 out of 15 rounds, threads: 1 (sequential)]
 round: 0.00 [+- 0.00], round.gc: 0.00 [+- 0.00], GC.calls: 0, GC.time: 0.00, time.total: 0.00, time.warmup: 0.00, time.bench: 0.00
BeiderMorseEncoderTest.testOOM: [measured 10 out of 15 rounds, threads: 1 (sequential)]
 round: 0.01 [+- 0.00], round.gc: 0.00 [+- 0.00], GC.calls: 2, GC.time: 0.00, time.total: 0.12, time.warmup: 0.04, time.bench: 0.08
BeiderMorseEncoderTest.testSetConcat: [measured 10 out of 15 rounds, threads: 1 (sequential)]
 round: 0.00 [+- 0.00], round.gc: 0.00 [+- 0.00], GC.calls: 0, GC.time: 0.00, time.total: 0.00, time.warmup: 0.00, time.bench: 0.00
BeiderMorseEncoderTest.testSetNameTypeAsh: [measured 10 out of 15 rounds, threads: 1 (sequential)]
 round: 0.00 [+- 0.00], round.gc: 0.00 [+- 0.00], GC.calls: 0, GC.time: 0.00, time.total: 0.00, time.warmup: 0.00, time.bench: 0.00
BeiderMorseEncoderTest.testSetRuleTypeExact: [measured 10 out of 15 rounds, threads: 1 (sequential)]
 round: 0.00 [+- 0.00], round.gc: 0.00 [+- 0.00], GC.calls: 0, GC.time: 0.00, time.total: 0.00, time.warmup: 0.00, time.bench: 0.00
BeiderMorseEncoderTest.testSetRuleTypeToRulesIllegalArgumentException: [measured 10 out of 15 rounds, threads: 1 (sequential)]
 round: 0.00 [+- 0.00], round.gc: 0.00 [+- 0.00], GC.calls: 0, GC.time: 0.00, time.total: 0.00, time.warmup: 0.00, time.bench: 0.00
BeiderMorseEncoderTest.testSpeedCheck: [measured 10 out of 15 rounds, threads: 1 (sequential)]
 round: 0.41 [+- 0.01], round.gc: 0.00 [+- 0.00], GC.calls: 91, GC.time: 0.04, time.total: 6.13, time.warmup: 2.04, time.bench: 4.09
BeiderMorseEncoderTest.testSpeedCheck2: [measured 10 out of 15 rounds, threads: 1 (sequential)]
 round: 0.28 [+- 0.00], round.gc: 0.00 [+- 0.00], GC.calls: 48, GC.time: 0.01, time.total: 4.14, time.warmup: 1.38, time.bench: 2.76
BeiderMorseEncoderTest.testSpeedCheck3: [measured 10 out of 15 rounds, threads: 1 (sequential)]
 round: 0.54 [+- 0.00], round.gc: 0.00 [+- 0.00], GC.calls: 140, GC.time: 0.05, time.total: 8.09, time.warmup: 2.69, time.bench: 5.39
BeiderMorseEncoderTest.testEncodeEmpty: [measured 10 out of 15 rounds, threads: 1 (sequential)]
 round: 0.00 [+- 0.00], round.gc: 0.00 [+- 0.00], GC.calls: 0, GC.time: 0.00, time.total: 0.00, time.warmup: 0.00, time.bench: 0.00
BeiderMorseEncoderTest.testEncodeNull: [measured 10 out of 15 rounds, threads: 1 (sequential)]
 round: 0.00 [+- 0.00], round.gc: 0.00 [+- 0.00], GC.calls: 0, GC.time: 0.00, time.total: 0.00, time.warmup: 0.00, time.bench: 0.00
BeiderMorseEncoderTest.testEncodeWithInvalidObject: [measured 10 out of 15 rounds, threads: 1 (sequential)]
 round: 0.00 [+- 0.00], round.gc: 0.00 [+- 0.00], GC.calls: 0, GC.time: 0.00, time.total: 0.00, time.warmup: 0.00, time.bench: 0.00
BeiderMorseEncoderTest.testLocaleIndependence: [measured 10 out of 15 rounds, threads: 1 (sequential)]
 round: 0.00 [+- 0.00], round.gc: 0.00 [+- 0.00], GC.calls: 0, GC.time: 0.00, time.total: 0.01, time.warmup: 0.00, time.bench: 0.00
&lt;/pre&gt;
&lt;/div&gt;&lt;/div&gt;

&lt;p&gt;With LinkedHashSet:&lt;/p&gt;

&lt;div class="preformatted panel" style="border-width: 1px;"&gt;&lt;div class="preformattedContent panelContent"&gt;
&lt;pre&gt;BeiderMorseEncoderTest.testAllChars: [measured 10 out of 15 rounds, threads: 1 (sequential)]
 round: 2.87 [+- 0.01], round.gc: 0.00 [+- 0.00], GC.calls: 1194, GC.time: 0.29, time.total: 44.02, time.warmup: 15.35, time.bench: 28.67
BeiderMorseEncoderTest.testAsciiEncodeNotEmpty1Letter: [measured 10 out of 15 rounds, threads: 1 (sequential)]
 round: 0.00 [+- 0.00], round.gc: 0.00 [+- 0.00], GC.calls: 1, GC.time: 0.00, time.total: 0.06, time.warmup: 0.02, time.bench: 0.04
BeiderMorseEncoderTest.testAsciiEncodeNotEmpty2Letters: [measured 10 out of 15 rounds, threads: 1 (sequential)]
 round: 0.18 [+- 0.00], round.gc: 0.00 [+- 0.00], GC.calls: 66, GC.time: 0.02, time.total: 2.85, time.warmup: 1.01, time.bench: 1.84
BeiderMorseEncoderTest.testEncodeAtzNotEmpty: [measured 10 out of 15 rounds, threads: 1 (sequential)]
 round: 0.00 [+- 0.00], round.gc: 0.00 [+- 0.00], GC.calls: 1, GC.time: 0.00, time.total: 0.02, time.warmup: 0.01, time.bench: 0.01
BeiderMorseEncoderTest.testEncodeGna: [measured 10 out of 15 rounds, threads: 1 (sequential)]
 round: 0.00 [+- 0.00], round.gc: 0.00 [+- 0.00], GC.calls: 0, GC.time: 0.00, time.total: 0.01, time.warmup: 0.00, time.bench: 0.00
BeiderMorseEncoderTest.testInvalidLangIllegalArgumentException: [measured 10 out of 15 rounds, threads: 1 (sequential)]
 round: 0.00 [+- 0.00], round.gc: 0.00 [+- 0.00], GC.calls: 0, GC.time: 0.00, time.total: 0.00, time.warmup: 0.00, time.bench: 0.00
BeiderMorseEncoderTest.testInvalidLangIllegalStateException: [measured 10 out of 15 rounds, threads: 1 (sequential)]
 round: 0.00 [+- 0.00], round.gc: 0.00 [+- 0.00], GC.calls: 0, GC.time: 0.00, time.total: 0.00, time.warmup: 0.00, time.bench: 0.00
BeiderMorseEncoderTest.testInvalidLanguageIllegalArgumentException: [measured 10 out of 15 rounds, threads: 1 (sequential)]
 round: 0.00 [+- 0.00], round.gc: 0.00 [+- 0.00], GC.calls: 0, GC.time: 0.00, time.total: 0.00, time.warmup: 0.00, time.bench: 0.00
BeiderMorseEncoderTest.testLongestEnglishSurname: [measured 10 out of 15 rounds, threads: 1 (sequential)]
 round: 0.01 [+- 0.00], round.gc: 0.00 [+- 0.00], GC.calls: 1, GC.time: 0.00, time.total: 0.10, time.warmup: 0.03, time.bench: 0.07
BeiderMorseEncoderTest.testNegativeIndexForRuleMatchIndexOutOfBoundsException: [measured 10 out of 15 rounds, threads: 1 (sequential)]
 round: 0.00 [+- 0.00], round.gc: 0.00 [+- 0.00], GC.calls: 0, GC.time: 0.00, time.total: 0.00, time.warmup: 0.00, time.bench: 0.00
BeiderMorseEncoderTest.testOOM: [measured 10 out of 15 rounds, threads: 1 (sequential)]
 round: 0.01 [+- 0.00], round.gc: 0.00 [+- 0.00], GC.calls: 3, GC.time: 0.00, time.total: 0.12, time.warmup: 0.04, time.bench: 0.08
BeiderMorseEncoderTest.testSetConcat: [measured 10 out of 15 rounds, threads: 1 (sequential)]
 round: 0.00 [+- 0.00], round.gc: 0.00 [+- 0.00], GC.calls: 0, GC.time: 0.00, time.total: 0.00, time.warmup: 0.00, time.bench: 0.00
BeiderMorseEncoderTest.testSetNameTypeAsh: [measured 10 out of 15 rounds, threads: 1 (sequential)]
 round: 0.00 [+- 0.00], round.gc: 0.00 [+- 0.00], GC.calls: 0, GC.time: 0.00, time.total: 0.00, time.warmup: 0.00, time.bench: 0.00
BeiderMorseEncoderTest.testSetRuleTypeExact: [measured 10 out of 15 rounds, threads: 1 (sequential)]
 round: 0.00 [+- 0.00], round.gc: 0.00 [+- 0.00], GC.calls: 0, GC.time: 0.00, time.total: 0.00, time.warmup: 0.00, time.bench: 0.00
BeiderMorseEncoderTest.testSetRuleTypeToRulesIllegalArgumentException: [measured 10 out of 15 rounds, threads: 1 (sequential)]
 round: 0.00 [+- 0.00], round.gc: 0.00 [+- 0.00], GC.calls: 0, GC.time: 0.00, time.total: 0.00, time.warmup: 0.00, time.bench: 0.00
BeiderMorseEncoderTest.testSpeedCheck: [measured 10 out of 15 rounds, threads: 1 (sequential)]
 round: 0.31 [+- 0.00], round.gc: 0.00 [+- 0.00], GC.calls: 97, GC.time: 0.03, time.total: 4.59, time.warmup: 1.54, time.bench: 3.06
BeiderMorseEncoderTest.testSpeedCheck2: [measured 10 out of 15 rounds, threads: 1 (sequential)]
 round: 0.27 [+- 0.00], round.gc: 0.00 [+- 0.00], GC.calls: 81, GC.time: 0.02, time.total: 4.03, time.warmup: 1.34, time.bench: 2.69
BeiderMorseEncoderTest.testSpeedCheck3: [measured 10 out of 15 rounds, threads: 1 (sequential)]
 round: 0.46 [+- 0.00], round.gc: 0.00 [+- 0.00], GC.calls: 149, GC.time: 0.04, time.total: 6.92, time.warmup: 2.31, time.bench: 4.61
BeiderMorseEncoderTest.testEncodeEmpty: [measured 10 out of 15 rounds, threads: 1 (sequential)]
 round: 0.00 [+- 0.00], round.gc: 0.00 [+- 0.00], GC.calls: 0, GC.time: 0.00, time.total: 0.00, time.warmup: 0.00, time.bench: 0.00
BeiderMorseEncoderTest.testEncodeNull: [measured 10 out of 15 rounds, threads: 1 (sequential)]
 round: 0.00 [+- 0.00], round.gc: 0.00 [+- 0.00], GC.calls: 0, GC.time: 0.00, time.total: 0.00, time.warmup: 0.00, time.bench: 0.00
BeiderMorseEncoderTest.testEncodeWithInvalidObject: [measured 10 out of 15 rounds, threads: 1 (sequential)]
 round: 0.00 [+- 0.00], round.gc: 0.00 [+- 0.00], GC.calls: 0, GC.time: 0.00, time.total: 0.00, time.warmup: 0.00, time.bench: 0.00
BeiderMorseEncoderTest.testLocaleIndependence: [measured 10 out of 15 rounds, threads: 1 (sequential)]
 round: 0.00 [+- 0.00], round.gc: 0.00 [+- 0.00], GC.calls: 0, GC.time: 0.00, time.total: 0.01, time.warmup: 0.00, time.bench: 0.00
&lt;/pre&gt;
&lt;/div&gt;&lt;/div&gt;

&lt;p&gt;The speed tests are even faster for some reason, but in general I do not think that the data structure does make much of a difference as the number of phonemes is anyway now limited to 20 by default.&lt;/p&gt;</comment>
                            <comment id="13456090" author="garydgregory" created="Fri, 14 Sep 2012 20:19:01 +0000">&lt;p&gt;Released in 1.7 today.&lt;/p&gt;</comment>
                    </comments>
                <issuelinks>
                            <issuelinktype id="10030">
                    <name>Reference</name>
                                                                <inwardlinks description="is related to">
                                        <issuelink>
            <issuekey id="12539634">LUCENE-3720</issuekey>
        </issuelink>
                            </inwardlinks>
                                    </issuelinktype>
                    </issuelinks>
                <attachments>
                            <attachment id="12517318" name="CODEC-132.patch" size="15404" author="tn" created="Tue, 6 Mar 2012 22:13:27 +0000" />
                            <attachment id="12512010" name="CODEC-132_test.patch" size="994" author="rcmuir" created="Thu, 26 Jan 2012 17:30:09 +0000" />
                    </attachments>
                <subtasks>
                    </subtasks>
                <customfields>
                                                                                                                                                                                                                                                                                                                                                                                                                                                                                                                                                                                                                                                                                                                    <customfield id="customfield_12314020" key="com.atlassian.jira.plugins.jira-development-integration-plugin:devsummary">
                        <customfieldname>Development</customfieldname>
                        <customfieldvalues>
                            
                        </customfieldvalues>
                    </customfield>
                                                                                                                        <customfield id="customfield_12313422" key="com.atlassian.jirafisheyeplugin:jobcheckbox">
                        <customfieldname>Enable Automatic Patch Review</customfieldname>
                        <customfieldvalues>
                            <customfieldvalue>false</customfieldvalue>

                        </customfieldvalues>
                    </customfield>
                                                                                                                                                                                                                                                                                                                                                                                                                                                                                                                                                                                                                                                <customfield id="customfield_12310420" key="com.pyxis.greenhopper.jira:gh-global-rank">
                        <customfieldname>Global Rank</customfieldname>
                        <customfieldvalues>
                            <customfieldvalue>225436</customfieldvalue>
                        </customfieldvalues>
                    </customfield>
                                                                                                                                                                                                                                                                                                                                                                                                                                                                        <customfield id="customfield_12311820" key="com.pyxis.greenhopper.jira:gh-lexo-rank">
                        <customfieldname>Rank</customfieldname>
                        <customfieldvalues>
                            <customfieldvalue>0|i05ugn:</customfieldvalue>

                        </customfieldvalues>
                    </customfield>
                                                                <customfield id="customfield_12310920" key="com.pyxis.greenhopper.jira:gh-global-rank">
                        <customfieldname>Rank (Obsolete)</customfieldname>
                        <customfieldvalues>
                            <customfieldvalue>32032</customfieldvalue>
                        </customfieldvalues>
                    </customfield>
                                                                                                                                                                                                                                                                                                                                                                                                                                                                                                                                                                                                                                                                                                                                                                                                                                                    </customfields>
    </item>


</channel>
</rss>