<!-- 
RSS generated by JIRA (6.3.4#6332-sha1:51bc225ef474afe3128b2f66878477f322397b16) at Thu Dec 01 19:33:54 UTC 2016

It is possible to restrict the fields that are returned in this document by specifying the 'field' parameter in your request.
For example, to request only the issue key and summary add field=key&field=summary to the URL of your request.
For example:
https://issues.apache.org/jira/si/jira.issueviews:issue-xml/CODEC-22/CODEC-22.xml?field=key&amp;field=summary
-->
<rss version="0.92" >
<channel>
    <title>ASF JIRA</title>
    <link>https://issues.apache.org/jira</link>
    <description>This file is an XML representation of an issue</description>
    <language>en-uk</language>    <build-info>
        <version>6.3.4</version>
        <build-number>6332</build-number>
        <build-date>15-08-2014</build-date>
    </build-info>

<item>
            <title>[CODEC-22] [codec] Base64.isArrayByteBase64() throws an ArrayIndexOutOfBoundsException for negative octets.</title>
                <link>https://issues.apache.org/jira/browse/CODEC-22</link>
                <project id="12310464" key="CODEC">Commons Codec</project>
                    <description>&lt;p&gt;If I try org.apache.commons.codec.binary.Base64.isArrayByteBase64() on a&lt;br/&gt;
particular byteArray I get a ArrayIndexOutOfBoundsException.&lt;/p&gt;

&lt;p&gt;Here is the stackTrace:&lt;br/&gt;
java.lang.ArrayIndexOutOfBoundsException: -94&lt;br/&gt;
        at org.apache.commons.codec.binary.Base64.isBase64(Base64.java:137)&lt;br/&gt;
        at org.apache.commons.codec.binary.Base64.isArrayByteBase64(Base64.java:163)&lt;br/&gt;
        at&lt;br/&gt;
it.injava.rosetta.manager.PacketManager.decryptPacket(PacketManager.java:41)&lt;br/&gt;
        at it.injava.rosetta.net.MulticastListener.run(MulticastListener.java:95)&lt;br/&gt;
        at java.lang.Thread.run(Thread.java:534)&lt;/p&gt;

&lt;p&gt;The correct result should be &apos;false&apos;: absolutely the byteArray is not a Base64&lt;br/&gt;
stream but I want to use this method exactly to understand when byteArray is (or&lt;br/&gt;
it is not) a real Base64 stream.&lt;/p&gt;</description>
                <environment>&lt;p&gt;Operating System: other&lt;br/&gt;
Platform: Other&lt;/p&gt;</environment>
        <key id="12341656">CODEC-22</key>
            <summary>[codec] Base64.isArrayByteBase64() throws an ArrayIndexOutOfBoundsException for negative octets.</summary>
                <type id="1" iconUrl="https://issues.apache.org/jira/images/icons/issuetypes/bug.png">Bug</type>
                                            <priority id="3" iconUrl="https://issues.apache.org/jira/images/icons/priorities/major.png">Major</priority>
                        <status id="6" iconUrl="https://issues.apache.org/jira/images/icons/statuses/closed.png" description="The issue is considered finished, the resolution is correct. Issues which are closed can be reopened.">Closed</status>
                    <statusCategory id="3" key="done" colorName="green"/>
                                    <resolution id="1">Fixed</resolution>
                                        <assignee username="-1">Unassigned</assignee>
                                    <reporter username="ottuzzi@libero.it">Piero Ottuzzi</reporter>
                        <labels>
                    </labels>
                <created>Tue, 24 Aug 2004 20:30:19 +0000</created>
                <updated>Sat, 27 Oct 2007 06:49:25 +0000</updated>
                            <resolved>Sat, 27 Oct 2007 06:49:25 +0000</resolved>
                                    <version>1.3</version>
                                    <fixVersion>1.4</fixVersion>
                                        <due></due>
                            <votes>0</votes>
                                    <watches>0</watches>
                                                                <comments>
                            <comment id="12407321" author="ebourg" created="Wed, 24 Nov 2004 23:35:34 +0000"  >&lt;p&gt;Piero, could you provide us a test case or a string demonstrating this issue ?&lt;/p&gt;</comment>
                            <comment id="12407322" author="ottuzzi@libero.it" created="Thu, 25 Nov 2004 02:02:59 +0000"  >&lt;p&gt;Created an attachment (id=13537)&lt;br/&gt;
In this class you can see the problem&lt;/p&gt;</comment>
                            <comment id="12407323" author="ggregory@seagullsw.com" created="Thu, 25 Nov 2004 04:24:26 +0000"  >&lt;p&gt;Fixed in CVS. Thanks!&lt;/p&gt;</comment>
                    </comments>
                    <attachments>
                            <attachment id="12333070" name="ASF.LICENSE.NOT.GRANTED--Test.java" size="272" author="ottuzzi@libero.it" created="Thu, 25 Nov 2004 02:02:59 +0000"/>
                    </attachments>
                <subtasks>
                    </subtasks>
                <customfields>
                                                <customfield id="customfield_12310310" key="com.atlassian.jira.toolkit:attachments">
                        <customfieldname>Attachment count</customfieldname>
                        <customfieldvalues>
                            <customfieldvalue>1.0</customfieldvalue>
                        </customfieldvalues>
                    </customfield>
                                                                                                                                                                                                                                                                                                                                                                                                                                                                        <customfield id="customfield_10010" key="com.atlassian.jira.plugin.system.customfieldtypes:importid">
                        <customfieldname>Bugzilla Id</customfieldname>
                        <customfieldvalues>
                            <customfieldvalue>30825</customfieldvalue>
                        </customfieldvalues>
                    </customfield>
                                                                                            <customfield id="customfield_12310220" key="com.atlassian.jira.ext.charting:firstresponsedate">
                        <customfieldname>Date of First Response</customfieldname>
                        <customfieldvalues>
                            <customfieldvalue>Wed, 24 Nov 2004 23:35:34 +0000</customfieldvalue>

                        </customfieldvalues>
                    </customfield>
                                                                                                                                                                                                                                                                                                                                                                                                                                            <customfield id="customfield_12310420" key="com.pyxis.greenhopper.jira:gh-global-rank">
                        <customfieldname>Global Rank</customfieldname>
                        <customfieldvalues>
                            <customfieldvalue>40244</customfieldvalue>
                        </customfieldvalues>
                    </customfield>
                                                                                                                        <customfield id="customfield_12312521" key="com.atlassian.jira.toolkit:LastCommentDate">
                        <customfieldname>Last public comment date</customfieldname>
                        <customfieldvalues>
                            12 years, 3 weeks ago
                        </customfieldvalues>
                    </customfield>
                                                                                            <customfield id="customfield_12311820" key="com.pyxis.greenhopper.jira:gh-lexo-rank">
                        <customfieldname>Rank</customfieldname>
                        <customfieldvalues>
                            <customfieldvalue>0|i0epc7:</customfieldvalue>

                        </customfieldvalues>
                    </customfield>
                                                                <customfield id="customfield_12310920" key="com.pyxis.greenhopper.jira:gh-global-rank">
                        <customfieldname>Rank (Obsolete)</customfieldname>
                        <customfieldvalues>
                            <customfieldvalue>83867</customfieldvalue>
                        </customfieldvalues>
                    </customfield>
                                                                                                                                                                                                                                        <customfield id="customfield_12310222" key="com.atlassian.jira.ext.charting:timeinstatus">
                        <customfieldname>Time in Status</customfieldname>
                        <customfieldvalues>
                            
                        </customfieldvalues>
                    </customfield>
                                                                                                                        </customfields>
    </item>
</channel>
</rss>