<rss version="0.92">
    <channel>
        <title>ASF JIRA</title>
        <link>https://issues.apache.org/jira/issues/?jql=project+%3D+CODEC+and+type+%3D+bug+and+%28status+%3D+RESOLVED+or+status+%3D+closed%29</link>
        <description>An XML representation of a search request</description>
                <language>en-uk</language>
                        <issue start="0" end="135" total="135" />
                <build-info>
            <version>8.20.1</version>
            <build-number>820001</build-number>
            <build-date>28-10-2021</build-date>
        </build-info>

<item>
            <title>[CODEC-243] Release 1.11 documentation polishing</title>
                <link>https://issues.apache.org/jira/browse/CODEC-243</link>
                <project id="12310464" key="CODEC">Commons Codec</project>
                    <description>&lt;p&gt;These are actually trivial, but I called this minor because the effect is to make the release look not-quite-finished.&lt;/p&gt;

&lt;p&gt;1. The Release Notes (&lt;a href="http://www.apache.org/dist/commons/codec/RELEASE-NOTES.txt" class="external-link" target="_blank" rel="nofollow noopener"&gt;http://www.apache.org/dist/commons/codec/RELEASE-NOTES.txt&lt;/a&gt;) proclaim: "The Apache Commons Codec team is pleased to announce the commons-codec-1.11-SNAPSHOT release!"&lt;/p&gt;

&lt;p&gt;The "-SNAPSHOT", of course, should be removed.&lt;/p&gt;

&lt;p&gt;2. The changes report (&lt;a href="https://commons.apache.org/proper/commons-codec/changes-report.html" class="external-link" target="_blank" rel="nofollow noopener"&gt;https://commons.apache.org/proper/commons-codec/changes-report.html&lt;/a&gt;) has this index entry for 1.11:&lt;/p&gt;

&lt;div class='table-wrap'&gt;
&lt;table class='confluenceTable'&gt;&lt;tbody&gt;
&lt;tr&gt;
&lt;th class='confluenceTh'&gt;Version&lt;/th&gt;
&lt;th class='confluenceTh'&gt;Date&lt;/th&gt;
&lt;th class='confluenceTh'&gt;Description&lt;/th&gt;
&lt;/tr&gt;
&lt;tr&gt;
&lt;td class='confluenceTd'&gt;1.11&lt;/td&gt;
&lt;td class='confluenceTd'&gt;2017-MM-DD&lt;/td&gt;
&lt;td class='confluenceTd'&gt;Feature and fix release.&lt;/td&gt;
&lt;/tr&gt;
&lt;/tbody&gt;&lt;/table&gt;
&lt;/div&gt;


&lt;p&gt;I wholeheartedly approve of the date format, but feel that more specificity of the date is required. &lt;/p&gt;

&lt;p&gt;Same applies to the corresponding heading, &lt;b&gt;Release 1.11 &#8211; 2017-MM-DD&lt;/b&gt;.&lt;/p&gt;</description>
                <environment>&lt;p&gt;n/a&lt;br/&gt;
website documentation only.&lt;/p&gt;</environment>
        <key id="13111181">CODEC-243</key>
            <summary>Release 1.11 documentation polishing</summary>
                <type id="1" iconUrl="https://issues.apache.org/jira/secure/viewavatar?size=xsmall&amp;avatarId=21133&amp;avatarType=issuetype">Bug</type>
                                            <priority id="4" iconUrl="https://issues.apache.org/jira/images/icons/priorities/minor.svg">Minor</priority>
                        <status id="6" iconUrl="https://issues.apache.org/jira/images/icons/statuses/closed.png" description="The issue is considered finished, the resolution is correct. Issues which are not closed can be reopened.">Closed</status>
                    <statusCategory id="3" key="done" colorName="green" />
                                    <resolution id="1">Fixed</resolution>
                                        <assignee username="-1">Unassigned</assignee>
                                    <reporter username="larry_west">Larry West</reporter>
                        <labels>
                            <label>Documentation</label>
                    </labels>
                <created>Sat, 21 Oct 2017 17:38:33 +0000</created>
                <updated>Mon, 23 Oct 2017 22:44:24 +0000</updated>
                            <resolved>Mon, 23 Oct 2017 21:09:25 +0000</resolved>
                                    <version>1.11</version>
                                                        <due />
                            <votes>0</votes>
                                    <watches>2</watches>
                                    <timeoriginalestimate seconds="3600">1h</timeoriginalestimate>
                            <timeestimate seconds="3600">1h</timeestimate>
                                        <comments>
                            <comment id="16215843" author="garydgregory" created="Mon, 23 Oct 2017 21:09:25 +0000">&lt;p&gt;Hi &lt;a href="https://issues.apache.org/jira/secure/ViewProfile.jspa?name=larry_west" class="user-hover" rel="larry_west"&gt;larry_west&lt;/a&gt;,&lt;/p&gt;

&lt;p&gt;Thank you for your report. All items should be fixed. Please verify and close.&lt;/p&gt;

&lt;p&gt;Gary&lt;/p&gt;</comment>
                            <comment id="16215986" author="larry_west" created="Mon, 23 Oct 2017 22:44:24 +0000">&lt;p&gt;Looks great.&lt;/p&gt;</comment>
                    </comments>
                    <attachments>
                    </attachments>
                <subtasks>
                    </subtasks>
                <customfields>
                                                                                                                                                                                                                                                                                                                                                                                                                                                                                                                                                                                                                                                                                                                    <customfield id="customfield_12314020" key="com.atlassian.jira.plugins.jira-development-integration-plugin:devsummary">
                        <customfieldname>Development</customfieldname>
                        <customfieldvalues>
                            
                        </customfieldvalues>
                    </customfield>
                                                                                                                        <customfield id="customfield_12313422" key="com.atlassian.jirafisheyeplugin:jobcheckbox">
                        <customfieldname>Enable Automatic Patch Review</customfieldname>
                        <customfieldvalues>
                            <customfieldvalue>false</customfieldvalue>

                        </customfieldvalues>
                    </customfield>
                                                                                                                                                                                                                                                                                                                                                                                                                                                                                                                                                                                                                                                <customfield id="customfield_12310420" key="com.pyxis.greenhopper.jira:gh-global-rank">
                        <customfieldname>Global Rank</customfieldname>
                        <customfieldvalues>
                            <customfieldvalue>9223372036854775807</customfieldvalue>
                        </customfieldvalues>
                    </customfield>
                                                                                                                                                                                                                                                                                                                                                                                                                                                                        <customfield id="customfield_12311820" key="com.pyxis.greenhopper.jira:gh-lexo-rank">
                        <customfieldname>Rank</customfieldname>
                        <customfieldvalues>
                            <customfieldvalue>0|i3ljvr:</customfieldvalue>

                        </customfieldvalues>
                    </customfield>
                                                                <customfield id="customfield_12310920" key="com.pyxis.greenhopper.jira:gh-global-rank">
                        <customfieldname>Rank (Obsolete)</customfieldname>
                        <customfieldvalues>
                            <customfieldvalue>9223372036854775807</customfieldvalue>
                        </customfieldvalues>
                    </customfield>
                                                                                                                                                                                                                                                                                                                                                                                                                                                                                                                                                                                                                                                                                                                                                                                                                                                    </customfields>
    </item>


</channel>
</rss>