<rss version="0.92">
    <channel>
        <title>ASF JIRA</title>
        <link>https://issues.apache.org/jira/issues/?jql=project+%3D+CODEC+and+type+%3D+bug+and+%28status+%3D+RESOLVED+or+status+%3D+closed%29</link>
        <description>An XML representation of a search request</description>
                <language>en-uk</language>
                        <issue start="0" end="135" total="135" />
                <build-info>
            <version>8.20.1</version>
            <build-number>820001</build-number>
            <build-date>28-10-2021</build-date>
        </build-info>

<item>
            <title>[CODEC-15] [codec] Broken link report</title>
                <link>https://issues.apache.org/jira/browse/CODEC-15</link>
                <project id="12310464" key="CODEC">Commons Codec</project>
                    <description>&lt;p&gt;ht://Check (&lt;a href="http://htcheck.sf.net/" class="external-link" target="_blank" rel="nofollow noopener"&gt;http://htcheck.sf.net/&lt;/a&gt;) detected some broken links in the codec   &lt;br/&gt;
section. These broken links are listed below in this format:   &lt;/p&gt;

&lt;p&gt;Referencing URL(s)   &lt;br/&gt;
404: Referenced URL(s)  &lt;/p&gt;

&lt;p&gt;&lt;a href="http://jakarta.apache.org/commons/codec/changelog-report.html" class="external-link" target="_blank" rel="nofollow noopener"&gt;http://jakarta.apache.org/commons/codec/changelog-report.html&lt;/a&gt;  &lt;br/&gt;
&lt;a href="http://jakarta.apache.org/commons/codec/checkstyle-report.html" class="external-link" target="_blank" rel="nofollow noopener"&gt;http://jakarta.apache.org/commons/codec/checkstyle-report.html&lt;/a&gt;  &lt;br/&gt;
&lt;a href="http://jakarta.apache.org/commons/codec/cvs-usage.html" class="external-link" target="_blank" rel="nofollow noopener"&gt;http://jakarta.apache.org/commons/codec/cvs-usage.html&lt;/a&gt;  &lt;br/&gt;
&lt;a href="http://jakarta.apache.org/commons/codec/dependencies.html" class="external-link" target="_blank" rel="nofollow noopener"&gt;http://jakarta.apache.org/commons/codec/dependencies.html&lt;/a&gt;  &lt;br/&gt;
&lt;a href="http://jakarta.apache.org/commons/codec/developer-activity-report.html" class="external-link" target="_blank" rel="nofollow noopener"&gt;http://jakarta.apache.org/commons/codec/developer-activity-report.html&lt;/a&gt;  &lt;br/&gt;
&lt;a href="http://jakarta.apache.org/commons/codec/file-activity-report.html" class="external-link" target="_blank" rel="nofollow noopener"&gt;http://jakarta.apache.org/commons/codec/file-activity-report.html&lt;/a&gt;  &lt;br/&gt;
&lt;a href="http://jakarta.apache.org/commons/codec/index.html" class="external-link" target="_blank" rel="nofollow noopener"&gt;http://jakarta.apache.org/commons/codec/index.html&lt;/a&gt;  &lt;br/&gt;
&lt;a href="http://jakarta.apache.org/commons/codec/issue-tracking.html" class="external-link" target="_blank" rel="nofollow noopener"&gt;http://jakarta.apache.org/commons/codec/issue-tracking.html&lt;/a&gt;  &lt;br/&gt;
&lt;a href="http://jakarta.apache.org/commons/codec/javadoc.html" class="external-link" target="_blank" rel="nofollow noopener"&gt;http://jakarta.apache.org/commons/codec/javadoc.html&lt;/a&gt;  &lt;br/&gt;
&lt;a href="http://jakarta.apache.org/commons/codec/jdepend-report.html" class="external-link" target="_blank" rel="nofollow noopener"&gt;http://jakarta.apache.org/commons/codec/jdepend-report.html&lt;/a&gt;  &lt;br/&gt;
&lt;a href="http://jakarta.apache.org/commons/codec/junit-report.html" class="external-link" target="_blank" rel="nofollow noopener"&gt;http://jakarta.apache.org/commons/codec/junit-report.html&lt;/a&gt;  &lt;br/&gt;
&lt;a href="http://jakarta.apache.org/commons/codec/license.html" class="external-link" target="_blank" rel="nofollow noopener"&gt;http://jakarta.apache.org/commons/codec/license.html&lt;/a&gt;  &lt;br/&gt;
&lt;a href="http://jakarta.apache.org/commons/codec/mail-lists.html" class="external-link" target="_blank" rel="nofollow noopener"&gt;http://jakarta.apache.org/commons/codec/mail-lists.html&lt;/a&gt;  &lt;br/&gt;
&lt;a href="http://jakarta.apache.org/commons/codec/maven-reports.html" class="external-link" target="_blank" rel="nofollow noopener"&gt;http://jakarta.apache.org/commons/codec/maven-reports.html&lt;/a&gt;  &lt;br/&gt;
&lt;a href="http://jakarta.apache.org/commons/codec/project-info.html" class="external-link" target="_blank" rel="nofollow noopener"&gt;http://jakarta.apache.org/commons/codec/project-info.html&lt;/a&gt;  &lt;br/&gt;
&lt;a href="http://jakarta.apache.org/commons/codec/team-list.html" class="external-link" target="_blank" rel="nofollow noopener"&gt;http://jakarta.apache.org/commons/codec/team-list.html&lt;/a&gt;  &lt;br/&gt;
404: &lt;a href="http://jakarta.apache.org/commons/codec.html" class="external-link" target="_blank" rel="nofollow noopener"&gt;http://jakarta.apache.org/commons/codec.html&lt;/a&gt;  &lt;/p&gt;

&lt;p&gt;&lt;a href="http://jakarta.apache.org/commons/codec/apidocs/org/apache/commons/codec/binary/Base64.html" class="external-link" target="_blank" rel="nofollow noopener"&gt;http://jakarta.apache.org/commons/codec/apidocs/org/apache/commons/codec/binary/Base64.html&lt;/a&gt;  &lt;br/&gt;
404: &lt;br/&gt;
&lt;a href="http://jakarta.apache.org/commons/codec/apidocs/org/apache/commons/codec/binary/dlr@apache.org" class="external-link" target="_blank" rel="nofollow noopener"&gt;http://jakarta.apache.org/commons/codec/apidocs/org/apache/commons/codec/binary/dlr@apache.org&lt;/a&gt; &lt;br/&gt;
404: &lt;br/&gt;
&lt;a href="http://jakarta.apache.org/commons/codec/apidocs/org/apache/commons/codec/binary/m.redington@ucl.ac.uk" class="external-link" target="_blank" rel="nofollow noopener"&gt;http://jakarta.apache.org/commons/codec/apidocs/org/apache/commons/codec/binary/m.redington@ucl.ac.uk&lt;/a&gt; &lt;/p&gt;

&lt;p&gt;&lt;a href="http://jakarta.apache.org/commons/codec/apidocs/index-all.html" class="external-link" target="_blank" rel="nofollow noopener"&gt;http://jakarta.apache.org/commons/codec/apidocs/index-all.html&lt;/a&gt; &lt;br/&gt;
404: &lt;br/&gt;
&lt;a href="http://jakarta.apache.org/orgapachecommonscodeclanguage/ftp://ftp.cuj.com/pub/2000/1806/philips.zip" class="external-link" target="_blank" rel="nofollow noopener"&gt;http://jakarta.apache.org/org\apache\commons\codec\language/ftp://ftp.cuj.com/pub/2000/1806/philips.zip&lt;/a&gt; &lt;/p&gt;

&lt;p&gt;&lt;a href="http://jakarta.apache.org/commons/codec/apidocs/org/apache/commons/codec/Decoder.html" class="external-link" target="_blank" rel="nofollow noopener"&gt;http://jakarta.apache.org/commons/codec/apidocs/org/apache/commons/codec/Decoder.html&lt;/a&gt; &lt;br/&gt;
&lt;a href="http://jakarta.apache.org/commons/codec/apidocs/org/apache/commons/codec/BinaryEncoder.html" class="external-link" target="_blank" rel="nofollow noopener"&gt;http://jakarta.apache.org/commons/codec/apidocs/org/apache/commons/codec/BinaryEncoder.html&lt;/a&gt; &lt;br/&gt;
&lt;a href="http://jakarta.apache.org/commons/codec/apidocs/org/apache/commons/codec/Encoder.html" class="external-link" target="_blank" rel="nofollow noopener"&gt;http://jakarta.apache.org/commons/codec/apidocs/org/apache/commons/codec/Encoder.html&lt;/a&gt; &lt;br/&gt;
&lt;a href="http://jakarta.apache.org/commons/codec/apidocs/org/apache/commons/codec/DecoderException.html" class="external-link" target="_blank" rel="nofollow noopener"&gt;http://jakarta.apache.org/commons/codec/apidocs/org/apache/commons/codec/DecoderException.html&lt;/a&gt; &lt;br/&gt;
&lt;a href="http://jakarta.apache.org/commons/codec/apidocs/org/apache/commons/codec/EncoderException.html" class="external-link" target="_blank" rel="nofollow noopener"&gt;http://jakarta.apache.org/commons/codec/apidocs/org/apache/commons/codec/EncoderException.html&lt;/a&gt; &lt;br/&gt;
404: &lt;br/&gt;
&lt;a href="http://jakarta.apache.org/commons/codec/apidocs/org/apache/commons/codec/tobrien@apache.org" class="external-link" target="_blank" rel="nofollow noopener"&gt;http://jakarta.apache.org/commons/codec/apidocs/org/apache/commons/codec/tobrien@apache.org&lt;/a&gt; &lt;/p&gt;

&lt;p&gt;&lt;a href="http://jakarta.apache.org/commons/codec/apidocs/org/apache/commons/codec/language/package-summary.html" class="external-link" target="_blank" rel="nofollow noopener"&gt;http://jakarta.apache.org/commons/codec/apidocs/org/apache/commons/codec/language/package-summary.html&lt;/a&gt; &lt;br/&gt;
404: &lt;br/&gt;
&lt;a href="http://jakarta.apache.org/commons/codec/apidocs/orgapachecommonscodeclanguage/ftp://ftp.cuj.com/pub/2000/1806/philips.zip" class="external-link" target="_blank" rel="nofollow noopener"&gt;http://jakarta.apache.org/commons/codec/apidocs/org\apache\commons\codec\language/ftp://ftp.cuj.com/pub/2000/1806/philips.zip&lt;/a&gt; &lt;/p&gt;

&lt;p&gt;&lt;a href="http://jakarta.apache.org/commons/codec/xref/org/apache/commons/codec/language/Metaphone.html" class="external-link" target="_blank" rel="nofollow noopener"&gt;http://jakarta.apache.org/commons/codec/xref/org/apache/commons/codec/language/Metaphone.html&lt;/a&gt; &lt;br/&gt;
&lt;a href="http://jakarta.apache.org/commons/codec/xref/org/apache/commons/codec/binary/Base64.html" class="external-link" target="_blank" rel="nofollow noopener"&gt;http://jakarta.apache.org/commons/codec/xref/org/apache/commons/codec/binary/Base64.html&lt;/a&gt; &lt;br/&gt;
&lt;a href="http://jakarta.apache.org/commons/codec/xref/org/apache/commons/codec/StringEncoderComparator.html" class="external-link" target="_blank" rel="nofollow noopener"&gt;http://jakarta.apache.org/commons/codec/xref/org/apache/commons/codec/StringEncoderComparator.html&lt;/a&gt; &lt;br/&gt;
&lt;a href="http://jakarta.apache.org/commons/codec/xref/org/apache/commons/codec/base64/Base64.html" class="external-link" target="_blank" rel="nofollow noopener"&gt;http://jakarta.apache.org/commons/codec/xref/org/apache/commons/codec/base64/Base64.html&lt;/a&gt; &lt;br/&gt;
404: &lt;a href="http://www.apache.org/" class="external-link" target="_blank" rel="nofollow noopener"&gt;http://www.apache.org/&lt;/a&gt;). &lt;br/&gt;
404: &lt;a href="http://www.apache.org/" class="external-link" target="_blank" rel="nofollow noopener"&gt;http://www.apache.org/&lt;/a&gt;&amp;gt;.&lt;/p&gt;</description>
                <environment>&lt;p&gt;Operating System: All&lt;br/&gt;
Platform: All&lt;/p&gt;</environment>
        <key id="12340851">CODEC-15</key>
            <summary>[codec] Broken link report</summary>
                <type id="1" iconUrl="https://issues.apache.org/jira/secure/viewavatar?size=xsmall&amp;avatarId=21133&amp;avatarType=issuetype">Bug</type>
                                            <priority id="4" iconUrl="https://issues.apache.org/jira/images/icons/priorities/minor.svg">Minor</priority>
                        <status id="6" iconUrl="https://issues.apache.org/jira/images/icons/statuses/closed.png" description="The issue is considered finished, the resolution is correct. Issues which are not closed can be reopened.">Closed</status>
                    <statusCategory id="3" key="done" colorName="green" />
                                    <resolution id="2">Won't Fix</resolution>
                                        <assignee username="-1">Unassigned</assignee>
                                    <reporter username="janekdb@yahoo.co.uk">Janek Bogucki</reporter>
                        <labels>
                    </labels>
                <created>Tue, 15 Jul 2003 17:53:55 +0000</created>
                <updated>Sat, 27 Oct 2007 06:49:24 +0000</updated>
                            <resolved>Sat, 27 Oct 2007 06:49:24 +0000</resolved>
                                                                        <due />
                            <votes>0</votes>
                                    <watches>0</watches>
                                                                <comments>
                            <comment id="12404696" author="tobrien@discursive.com" created="Thu, 31 Jul 2003 05:43:54 +0000">&lt;p&gt;Fixed some of the email broken links, but I don't understand how this tool &lt;br/&gt;
considers &lt;a href="http://www.apache.org/" class="external-link" target="_blank" rel="nofollow noopener"&gt;http://www.apache.org/&lt;/a&gt; to be a broken link.&lt;/p&gt;</comment>
                            <comment id="12404697" author="janekdb@yahoo.co.uk" created="Mon, 1 Sep 2003 16:06:22 +0000">&lt;p&gt;It's the extra characters at the end of these URLS causing the fault:&lt;/p&gt;

&lt;p&gt;    ).&lt;br/&gt;
    &amp;gt;.&lt;/p&gt;
</comment>
                            <comment id="12404698" author="janekdb@yahoo.co.uk" created="Mon, 1 Sep 2003 16:37:55 +0000">&lt;p&gt;I closed this as I guess the issue is with Maven's conversion of the text into&lt;br/&gt;
HTML and therefore not within the scope of codec. Does this sound right?&lt;/p&gt;</comment>
                    </comments>
                    <attachments>
                    </attachments>
                <subtasks>
                    </subtasks>
                <customfields>
                                                                                                                                                                                                                                                                                                                                                                                                                                                                                                                                                                                                    <customfield id="customfield_10010" key="com.atlassian.jira.plugin.system.customfieldtypes:importid">
                        <customfieldname>Bugzilla Id</customfieldname>
                        <customfieldvalues>
                            <customfieldvalue>21605</customfieldvalue>
                        </customfieldvalues>
                    </customfield>
                                                                                                                                                    <customfield id="customfield_12314020" key="com.atlassian.jira.plugins.jira-development-integration-plugin:devsummary">
                        <customfieldname>Development</customfieldname>
                        <customfieldvalues>
                            
                        </customfieldvalues>
                    </customfield>
                                                                                                                        <customfield id="customfield_12313422" key="com.atlassian.jirafisheyeplugin:jobcheckbox">
                        <customfieldname>Enable Automatic Patch Review</customfieldname>
                        <customfieldvalues>
                            <customfieldvalue>false</customfieldvalue>

                        </customfieldvalues>
                    </customfield>
                                                                                                                                                                                                                                                                                                                                                                                                                                                                                                                                                                                                                                                <customfield id="customfield_12310420" key="com.pyxis.greenhopper.jira:gh-global-rank">
                        <customfieldname>Global Rank</customfieldname>
                        <customfieldvalues>
                            <customfieldvalue>110349</customfieldvalue>
                        </customfieldvalues>
                    </customfield>
                                                                                                                                                                                                                                                                                                                                                                                                                                                                        <customfield id="customfield_12311820" key="com.pyxis.greenhopper.jira:gh-lexo-rank">
                        <customfieldname>Rank</customfieldname>
                        <customfieldvalues>
                            <customfieldvalue>0|i0shnr:</customfieldvalue>

                        </customfieldvalues>
                    </customfield>
                                                                <customfield id="customfield_12310920" key="com.pyxis.greenhopper.jira:gh-global-rank">
                        <customfieldname>Rank (Obsolete)</customfieldname>
                        <customfieldvalues>
                            <customfieldvalue>164338</customfieldvalue>
                        </customfieldvalues>
                    </customfield>
                                                                                                                                                                                                                                                                                                                                                                                                                                                                                                                                                                                                                                                                                                                                                                                                                                                    </customfields>
    </item>


</channel>
</rss>