<rss version="0.92">
    <channel>
        <title>ASF JIRA</title>
        <link>https://issues.apache.org/jira/issues/?jql=project+%3D+CODEC+and+type+%3D+bug+and+%28status+%3D+RESOLVED+or+status+%3D+closed%29</link>
        <description>An XML representation of a search request</description>
                <language>en-uk</language>
                        <issue start="0" end="135" total="135" />
                <build-info>
            <version>8.20.1</version>
            <build-number>820001</build-number>
            <build-date>28-10-2021</build-date>
        </build-info>

<item>
            <title>[CODEC-265]   java.lang.NegativeArraySizeException</title>
                <link>https://issues.apache.org/jira/browse/CODEC-265</link>
                <project id="12310464" key="CODEC">Commons Codec</project>
                    <description>&lt;p&gt;Hi,&lt;/p&gt;

&lt;p&gt;trying to encode a file that is 1GB of size.&lt;/p&gt;

&lt;p&gt;( linux :&lt;/p&gt;
&lt;div class="code panel" style="border-width: 1px;"&gt;&lt;div class="codeContent panelContent"&gt;
&lt;pre class="code-java"&gt;
fallocate -l 1GB 1gb.zip&lt;/pre&gt;
&lt;/div&gt;&lt;/div&gt;
&lt;p&gt;)&lt;/p&gt;

&lt;p&gt;I want to post that file to a RESTful-service, package in JSON.&lt;/p&gt;

&lt;p&gt;&lt;b&gt;here is the code&lt;/b&gt; &lt;/p&gt;

&lt;p&gt;&#160;&lt;/p&gt;

&lt;p&gt;&#160;&lt;/p&gt;
&lt;div class="code panel" style="border-width: 1px;"&gt;&lt;div class="codeContent panelContent"&gt;
&lt;pre class="code-java"&gt;
&lt;span class="code-object"&gt;String&lt;/span&gt; filePath = &lt;span class="code-quote"&gt;"/tmp/1gb.zip"&lt;/span&gt;;
&lt;span class="code-object"&gt;System&lt;/span&gt;.out.println(&lt;span class="code-quote"&gt;"\t Post to&#160; : "&lt;/span&gt;.concat(URL));
 &lt;span class="code-object"&gt;System&lt;/span&gt;.out.println(&lt;span class="code-quote"&gt;"\t file : "&lt;/span&gt;.concat(filePath));
Path path = Paths.get(filePath);
 &lt;span class="code-object"&gt;byte&lt;/span&gt;[] bArray = Files.readAllBytes(path);
&lt;span class="code-comment"&gt;// testing commons codec 1.16 (2019-11-05)
&lt;/span&gt; &lt;span class="code-object"&gt;byte&lt;/span&gt;[] encodeBase64 = Base64.encodeBase64(bArray);
&lt;span class="code-keyword"&gt;final&lt;/span&gt; &lt;span class="code-object"&gt;String&lt;/span&gt; contentToBeSaved = &lt;span class="code-keyword"&gt;new&lt;/span&gt; &lt;span class="code-object"&gt;String&lt;/span&gt;(encodeBase64);
HttpClient client = HttpClientBuilder.create().build();
 HttpResponse response = &lt;span class="code-keyword"&gt;null&lt;/span&gt;;
JSONObject metadata = &lt;span class="code-keyword"&gt;new&lt;/span&gt; JSONObject();
 metadata.put(&lt;span class="code-quote"&gt;"owner"&lt;/span&gt;, &lt;span class="code-quote"&gt;"Ingo"&lt;/span&gt;);
 metadata.put(&lt;span class="code-quote"&gt;"access"&lt;/span&gt;, &lt;span class="code-quote"&gt;"&lt;span class="code-keyword"&gt;public&lt;/span&gt;"&lt;/span&gt;);
 metadata.put(&lt;span class="code-quote"&gt;"licenseType"&lt;/span&gt;, &lt;span class="code-quote"&gt;"CC BY"&lt;/span&gt;);
 metadata.put(&lt;span class="code-quote"&gt;"fileName"&lt;/span&gt;, &lt;span class="code-quote"&gt;"fileName"&lt;/span&gt;);
 metadata.put(&lt;span class="code-quote"&gt;"fileDataBase64"&lt;/span&gt;, contentToBeSaved);
&lt;span class="code-object"&gt;String&lt;/span&gt; metadataFormatted = StringEscapeUtils.unescapeJavaScript(metadata.toString());
StringEntity entity = &lt;span class="code-keyword"&gt;new&lt;/span&gt; StringEntity(metadataFormatted, ContentType.APPLICATION_JSON);
HttpPost post = &lt;span class="code-keyword"&gt;new&lt;/span&gt; HttpPost(URL);
 post.setEntity(entity);
 response = client.execute(post);
 HttpEntity responseEntity = response.getEntity();
&lt;span class="code-object"&gt;String&lt;/span&gt; responseFromMediaserver = EntityUtils.toString(responseEntity, &lt;span class="code-quote"&gt;"UTF-8"&lt;/span&gt;);
 &lt;span class="code-object"&gt;System&lt;/span&gt;.out.println(&lt;span class="code-quote"&gt;"\n****"&lt;/span&gt;);
 &lt;span class="code-object"&gt;System&lt;/span&gt;.out.println(&lt;span class="code-quote"&gt;"Response is : "&lt;/span&gt; + responseFromMediaserver);
JSONObject json = &lt;span class="code-keyword"&gt;new&lt;/span&gt; JSONObject(responseFromMediaserver);
 &lt;span class="code-object"&gt;String&lt;/span&gt; uuid = json.getString(&lt;span class="code-quote"&gt;"uuid"&lt;/span&gt;);
 &lt;span class="code-object"&gt;System&lt;/span&gt;.out.println(&lt;span class="code-quote"&gt;"UUID is "&lt;/span&gt; + uuid);
&lt;/pre&gt;
&lt;/div&gt;&lt;/div&gt;
&lt;p&gt;&#160;&lt;/p&gt;

&lt;p&gt;&#160;&lt;/p&gt;
&lt;ol&gt;
	&lt;li&gt;mvn clean package&lt;/li&gt;
	&lt;li&gt;&#160; java -Xms512m -Xmx20480m -jar target/mediaClient.jar&#160;&lt;/li&gt;
&lt;/ol&gt;


&lt;p&gt;The crasch is in&lt;/p&gt;

&lt;p&gt;&#160;&lt;/p&gt;
&lt;div class="code panel" style="border-width: 1px;"&gt;&lt;div class="codeContent panelContent"&gt;
&lt;pre class="code-java"&gt;
&lt;span class="code-object"&gt;byte&lt;/span&gt;[] encodeBase64 = Base64.encodeBase64(bArray);&lt;/pre&gt;
&lt;/div&gt;&lt;/div&gt;
&lt;p&gt;&#160;&lt;/p&gt;

&lt;p&gt;the stacktrace is :&lt;/p&gt;
&lt;div class="code panel" style="border-width: 1px;"&gt;&lt;div class="codeContent panelContent"&gt;
&lt;pre class="code-java"&gt;
&#160;
Starting NewClientEncodePost
 Post to : http:&lt;span class="code-comment"&gt;//127.0.0.1:8080/MediaServerResteasy/media
&lt;/span&gt; file : /tmp/1gb.zip
Exception in thread &lt;span class="code-quote"&gt;"main"&lt;/span&gt; java.lang.NegativeArraySizeException
 at org.apache.commons.codec.binary.BaseNCodec.resizeBuffer(BaseNCodec.java:253)
 at org.apache.commons.codec.binary.BaseNCodec.ensureBufferSize(BaseNCodec.java:269)
 at org.apache.commons.codec.binary.Base64.encode(Base64.java:380)
 at org.apache.commons.codec.binary.BaseNCodec.encode(BaseNCodec.java:451)
 at org.apache.commons.codec.binary.BaseNCodec.encode(BaseNCodec.java:430)
 at org.apache.commons.codec.binary.Base64.encodeBase64(Base64.java:679)
 at org.apache.commons.codec.binary.Base64.encodeBase64(Base64.java:642)
 at org.apache.commons.codec.binary.Base64.encodeBase64(Base64.java:623)
 at org.apache.commons.codec.binary.Base64.encodeBase64(Base64.java:556)
 at se.nrm.bio.mediaserver.testing.base64.NewClientEncodePost.posting(NewClientEncodePost.java:55)
 at se.nrm.bio.mediaserver.testing.base64.NewClientEncodePost.main(NewClientEncodePost.java:38)
&#160;
&lt;/pre&gt;
&lt;/div&gt;&lt;/div&gt;
&lt;p&gt;&#160;&lt;/p&gt;

&lt;p&gt;&#160;&lt;/p&gt;</description>
                <environment>&lt;p&gt;Linux = Ubuntu 18.04.3 LTS&lt;/p&gt;

&lt;p&gt;JDK = 1.8&lt;/p&gt;

&lt;p&gt;&#160;&lt;/p&gt;</environment>
        <key id="13266371">CODEC-265</key>
            <summary>  java.lang.NegativeArraySizeException</summary>
                <type id="1" iconUrl="https://issues.apache.org/jira/secure/viewavatar?size=xsmall&amp;avatarId=21133&amp;avatarType=issuetype">Bug</type>
                                            <priority id="2" iconUrl="https://issues.apache.org/jira/images/icons/priorities/critical.svg">Critical</priority>
                        <status id="5" iconUrl="https://issues.apache.org/jira/images/icons/statuses/resolved.png" description="A resolution has been taken, and it is awaiting verification by reporter. From here issues are either reopened, or are closed.">Resolved</status>
                    <statusCategory id="3" key="done" colorName="green" />
                                    <resolution id="1">Fixed</resolution>
                                        <assignee username="aherbert">Alex Herbert</assignee>
                                    <reporter username="inkimar@gmail.com">Ingimar</reporter>
                        <labels>
                    </labels>
                <created>Tue, 5 Nov 2019 16:11:09 +0000</created>
                <updated>Sat, 7 Dec 2019 02:34:54 +0000</updated>
                            <resolved>Thu, 5 Dec 2019 22:37:00 +0000</resolved>
                                    <version>1.13</version>
                                    <fixVersion>1.14</fixVersion>
                                        <due />
                            <votes>0</votes>
                                    <watches>3</watches>
                                            <timeestimate seconds="0">0h</timeestimate>
                            <timespent seconds="1200">20m</timespent>
                                <comments>
                            <comment id="16982418" author="alexherbert" created="Tue, 26 Nov 2019 12:12:48 +0000">&lt;p&gt;Verified using this test which currently fails with an OutOfMemoryError:&lt;/p&gt;
&lt;div class="code panel" style="border-width: 1px;"&gt;&lt;div class="codeContent panelContent"&gt;
&lt;pre class="code-java"&gt;
@Test
&lt;span class="code-keyword"&gt;public&lt;/span&gt; void testCodec265() {
    &lt;span class="code-comment"&gt;// 1GiB
&lt;/span&gt;    &lt;span class="code-keyword"&gt;final&lt;/span&gt; &lt;span class="code-object"&gt;int&lt;/span&gt; size = 1 &amp;lt;&amp;lt; 30;
    &lt;span class="code-keyword"&gt;final&lt;/span&gt; &lt;span class="code-object"&gt;byte&lt;/span&gt;[] bytes = &lt;span class="code-keyword"&gt;new&lt;/span&gt; &lt;span class="code-object"&gt;byte&lt;/span&gt;[size];
    &lt;span class="code-keyword"&gt;final&lt;/span&gt; &lt;span class="code-object"&gt;byte&lt;/span&gt;[] encoded = Base64.encodeBase64(bytes);
    &lt;span class="code-comment"&gt;// Expecting a size of 4 output bytes per 3 input bytes plus
&lt;/span&gt;    &lt;span class="code-comment"&gt;// the trailing bytes padded to a block size of 4.
&lt;/span&gt;    &lt;span class="code-object"&gt;int&lt;/span&gt; blocks = (&lt;span class="code-object"&gt;int&lt;/span&gt;) &lt;span class="code-object"&gt;Math&lt;/span&gt;.ceil(size / 3.0);
    &lt;span class="code-keyword"&gt;final&lt;/span&gt; &lt;span class="code-object"&gt;int&lt;/span&gt; expectedLength = 4 * blocks;
    assertEquals(expectedLength, encoded.length);
}
&lt;/pre&gt;
&lt;/div&gt;&lt;/div&gt;</comment>
                            <comment id="16986436" author="alexherbert" created="Mon, 2 Dec 2019 22:50:12 +0000">&lt;p&gt;Smarter memory allocation has been implemented for the Base32/Base64 codecs. They can now allocate up to the system limit for arrays.&lt;/p&gt;

&lt;p&gt;Please check against master. &lt;a href="https://repository.apache.org/content/repositories/snapshots/commons-codec/commons-codec/1.14-SNAPSHOT/" class="external-link" target="_blank" rel="nofollow noopener"&gt;Snapshots&lt;/a&gt; are now deployed so you can include the 1.14 snapshot dependency for testing.&lt;/p&gt;

&lt;p&gt;In the source there is a new test Base64Test.testCodec265 that demonstrates encoding a 1 gigabyte array. The test is memory hungry.&lt;/p&gt;

&lt;p&gt;In a real world use case it may be worth looking at the streaming API using&#160;Base64OutputStream to write chunks of byte[] data to your target output. Even if this is a ByteArrayOutputStream you will have lower memory usage as you will not have to read the entire allocated random file to memory and you can convert the ByteArrayOutputStream to a String directly. Memory usage will still peak at around 4GiB as the String will have 2 bytes for each character:&lt;/p&gt;
&lt;div class="code panel" style="border-width: 1px;"&gt;&lt;div class="codeContent panelContent"&gt;
&lt;pre class="code-java"&gt;
&lt;span class="code-object"&gt;String&lt;/span&gt; filePath = &lt;span class="code-quote"&gt;"/tmp/1gb.zip"&lt;/span&gt;;
Path path = Paths.get(filePath);
&lt;span class="code-object"&gt;String&lt;/span&gt; contentToBeSaved;
&lt;span class="code-keyword"&gt;try&lt;/span&gt; (InputStream in = Files.newInputStream(path)) {
    &lt;span class="code-comment"&gt;// Allocate 1.5 GiB to avoid buffer reallocation
&lt;/span&gt;    &lt;span class="code-keyword"&gt;final&lt;/span&gt; ByteArrayOutputStream out = &lt;span class="code-keyword"&gt;new&lt;/span&gt; ByteArrayOutputStream(3 * (1 &amp;lt;&amp;lt; 29));
    &lt;span class="code-comment"&gt;// Encode with no line separator
&lt;/span&gt;    &lt;span class="code-keyword"&gt;final&lt;/span&gt; Base64OutputStream base64 = &lt;span class="code-keyword"&gt;new&lt;/span&gt; Base64OutputStream(out, &lt;span class="code-keyword"&gt;true&lt;/span&gt;, 0, &lt;span class="code-keyword"&gt;null&lt;/span&gt;);
    &lt;span class="code-keyword"&gt;final&lt;/span&gt; &lt;span class="code-object"&gt;byte&lt;/span&gt;[] buffer = &lt;span class="code-keyword"&gt;new&lt;/span&gt; &lt;span class="code-object"&gt;byte&lt;/span&gt;[8192];
    &lt;span class="code-object"&gt;int&lt;/span&gt; read = in.read(buffer);
    &lt;span class="code-keyword"&gt;while&lt;/span&gt; (read &amp;gt;= 0) {
        base64.write(buffer, 0, read);
        read = in.read(buffer);
    }
    base64.close();
&#160; &#160; &lt;span class="code-comment"&gt;// This will require 2.67GiB ~ 2 * 1GiB * 4/3
&lt;/span&gt;&#160; &#160; contentToBeSaved = out.toString();
}
&lt;/pre&gt;
&lt;/div&gt;&lt;/div&gt;
&lt;p&gt;There will be a fair bit more memory usage for the JSONObject in your example. Hopefully codec is not a blocker any more and you can continue your testing.&lt;/p&gt;

&lt;p&gt;&#160;&lt;/p&gt;</comment>
                            <comment id="16989217" author="alexherbert" created="Thu, 5 Dec 2019 22:37:00 +0000">&lt;p&gt;Memory allocation has been added to allow encoding up to the array allocation limit.&lt;/p&gt;</comment>
                            <comment id="16989691" author="inkimar@gmail.com" created="Fri, 6 Dec 2019 12:20:56 +0000">&lt;p&gt;Hello,&lt;/p&gt;

&lt;p&gt;&#160;&lt;/p&gt;

&lt;p&gt;Am I able to test that fix, has there been a new release - if so where can I find it ?&lt;/p&gt;

&lt;p&gt;regarding -&amp;gt; 'Memory allocation has been added to allow encoding up to the array allocation limit.'&lt;/p&gt;

&lt;p&gt;Would that make it possible to base64 files up to some % of the RAM available ?&lt;/p&gt;

&lt;p&gt;&#160;&lt;/p&gt;

&lt;p&gt;best, i&lt;/p&gt;

&lt;p&gt;&#160;&lt;/p&gt;</comment>
                            <comment id="16989822" author="garydgregory" created="Fri, 6 Dec 2019 14:35:00 +0000">&lt;p&gt;You can pick up SNAPSHOT builds here: &lt;a href="https://repository.apache.org/content/repositories/snapshots/commons-codec/commons-codec/1.14-SNAPSHOT/" class="external-link" target="_blank" rel="nofollow noopener"&gt;https://repository.apache.org/content/repositories/snapshots/commons-codec/commons-codec/1.14-SNAPSHOT/&lt;/a&gt;&lt;/p&gt;

&lt;p&gt;&#160;&lt;/p&gt;</comment>
                            <comment id="16990287" author="alexherbert" created="Sat, 7 Dec 2019 02:34:54 +0000">&lt;blockquote&gt;&lt;p&gt;Would that make it possible to base64 files up to some % of the RAM available ?&lt;/p&gt;&lt;/blockquote&gt;
&lt;p&gt;When using the static function &lt;tt&gt;byte[] b = Base64.encode(byte[])&lt;/tt&gt;&#160;you can encode anything that will fit in the limit of a byte[].&lt;/p&gt;

&lt;p&gt;This is approximately 2^31 bytes. Given that you need 4 output characters per 3 input characters this means you can encode a single array up to 3/4 of 2GB.&lt;/p&gt;

&lt;p&gt;If you want to encode larger than that it would not fit in a single array in memory. There is no support for splitting arrays into chunks. You can use the streaming API to write the encoded bytes to a Stream. You can then use whatever stream implementation you want to accept the bytes. This could be infinite if the bytes are fed to the streaming API infinitely.&lt;/p&gt;

&lt;p&gt;&#160;&lt;/p&gt;</comment>
                    </comments>
                    <attachments>
                            <attachment id="12984969" name="NewClientEncodePost.java" size="3004" author="inkimar@gmail.com" created="Tue, 5 Nov 2019 16:09:52 +0000" />
                            <attachment id="12984968" name="Util.java" size="841" author="inkimar@gmail.com" created="Tue, 5 Nov 2019 16:09:52 +0000" />
                            <attachment id="12984967" name="pom.xml" size="5766" author="inkimar@gmail.com" created="Tue, 5 Nov 2019 16:09:59 +0000" />
                    </attachments>
                <subtasks>
                    </subtasks>
                <customfields>
                                                                                                                                                                                                                                                                                                                                                                                                                                                                                                                                                                                                                                                                                                                    <customfield id="customfield_12314020" key="com.atlassian.jira.plugins.jira-development-integration-plugin:devsummary">
                        <customfieldname>Development</customfieldname>
                        <customfieldvalues>
                            
                        </customfieldvalues>
                    </customfield>
                                                                                                                        <customfield id="customfield_12313422" key="com.atlassian.jirafisheyeplugin:jobcheckbox">
                        <customfieldname>Enable Automatic Patch Review</customfieldname>
                        <customfieldvalues>
                            <customfieldvalue>false</customfieldvalue>

                        </customfieldvalues>
                    </customfield>
                                                                                                                                                                                                                                                                                                                                                                                                                                                                                                                                                                                                                                                <customfield id="customfield_12310420" key="com.pyxis.greenhopper.jira:gh-global-rank">
                        <customfieldname>Global Rank</customfieldname>
                        <customfieldvalues>
                            <customfieldvalue>9223372036854775807</customfieldvalue>
                        </customfieldvalues>
                    </customfield>
                                                                                                                                                                                                                                                                                                                                                                                                                                                                        <customfield id="customfield_12311820" key="com.pyxis.greenhopper.jira:gh-lexo-rank">
                        <customfieldname>Rank</customfieldname>
                        <customfieldvalues>
                            <customfieldvalue>0|z08a2g:</customfieldvalue>

                        </customfieldvalues>
                    </customfield>
                                                                <customfield id="customfield_12310920" key="com.pyxis.greenhopper.jira:gh-global-rank">
                        <customfieldname>Rank (Obsolete)</customfieldname>
                        <customfieldvalues>
                            <customfieldvalue>9223372036854775807</customfieldvalue>
                        </customfieldvalues>
                    </customfield>
                                                                                                                                                                                                                                                                                                                                                                                                                                                                                                                                                                                                                                                                                                                                                                                                                                                    </customfields>
    </item>


</channel>
</rss>