<rss version="0.92">
    <channel>
        <title>ASF JIRA</title>
        <link>https://issues.apache.org/jira/issues/?jql=project+%3D+CODEC+AND+type+%3D+bug+and+%28status+%3D+RESOLVED+or+status+%3D+closed%29+and+resolution++%3D+Fixed+and+fixVersion++%21%3D+None+and+affectedVersion+%21%3D+None+and+affectedVersion+%21%3D+%22Nightly+Builds%22</link>
        <description>An XML representation of a search request</description>
                <language>en-uk</language>
                        <issue start="0" end="76" total="76" />
                <build-info>
            <version>8.20.1</version>
            <build-number>820001</build-number>
            <build-date>28-10-2021</build-date>
        </build-info>

<item>
            <title>[CODEC-99] Base64.encodeBase64String() shouldn't chunk</title>
                <link>https://issues.apache.org/jira/browse/CODEC-99</link>
                <project id="12310464" key="CODEC">Commons Codec</project>
                    <description>&lt;p&gt;Base64.encodeBase64String() shouldn't chunk.&lt;/p&gt;

&lt;p&gt;Change this:&lt;/p&gt;

&lt;div class="code panel" style="border-width: 1px;"&gt;&lt;div class="codeContent panelContent"&gt;
&lt;pre class="code-java"&gt;&lt;span class="code-keyword"&gt;public&lt;/span&gt; &lt;span class="code-keyword"&gt;static&lt;/span&gt; &lt;span class="code-object"&gt;String&lt;/span&gt; encodeBase64String(&lt;span class="code-object"&gt;byte&lt;/span&gt;[] binaryData) {
    &lt;span class="code-keyword"&gt;return&lt;/span&gt; StringUtils.newStringUtf8(encodeBase64(binaryData, &lt;span class="code-keyword"&gt;true&lt;/span&gt;));
}
&lt;/pre&gt;
&lt;/div&gt;&lt;/div&gt;

&lt;p&gt;To this:&lt;/p&gt;

&lt;div class="code panel" style="border-width: 1px;"&gt;&lt;div class="codeContent panelContent"&gt;
&lt;pre class="code-java"&gt;&lt;span class="code-keyword"&gt;public&lt;/span&gt; &lt;span class="code-keyword"&gt;static&lt;/span&gt; &lt;span class="code-object"&gt;String&lt;/span&gt; encodeBase64String(&lt;span class="code-object"&gt;byte&lt;/span&gt;[] binaryData) {
    &lt;span class="code-keyword"&gt;return&lt;/span&gt; StringUtils.newStringUtf8(encodeBase64(binaryData, &lt;span class="code-keyword"&gt;false&lt;/span&gt;));
}
&lt;/pre&gt;
&lt;/div&gt;&lt;/div&gt;



&lt;p&gt;This will fix the following tests ggregory added a few minutes ago:&lt;/p&gt;

&lt;p&gt;        //assertEquals("Zg==", Base64.encodeBase64String(StringUtils.getBytesUtf8("f")));&lt;br/&gt;
        //assertEquals("Zm8=", Base64.encodeBase64String(StringUtils.getBytesUtf8("fo")));&lt;br/&gt;
        //assertEquals("Zm9v", Base64.encodeBase64String(StringUtils.getBytesUtf8("foo")));&lt;br/&gt;
        //assertEquals("Zm9vYg==", Base64.encodeBase64String(StringUtils.getBytesUtf8("foob")));&lt;br/&gt;
        //assertEquals("Zm9vYmE=", Base64.encodeBase64String(StringUtils.getBytesUtf8("fooba")));&lt;br/&gt;
        //assertEquals("Zm9vYmFy", Base64.encodeBase64String(StringUtils.getBytesUtf8("foobar")));&lt;/p&gt;
</description>
                <environment />
        <key id="12460415">CODEC-99</key>
            <summary>Base64.encodeBase64String() shouldn't chunk</summary>
                <type id="1" iconUrl="https://issues.apache.org/jira/secure/viewavatar?size=xsmall&amp;avatarId=21133&amp;avatarType=issuetype">Bug</type>
                                            <priority id="3" iconUrl="https://issues.apache.org/jira/images/icons/priorities/major.svg">Major</priority>
                        <status id="6" iconUrl="https://issues.apache.org/jira/images/icons/statuses/closed.png" description="The issue is considered finished, the resolution is correct. Issues which are not closed can be reopened.">Closed</status>
                    <statusCategory id="3" key="done" colorName="green" />
                                    <resolution id="1">Fixed</resolution>
                                        <assignee username="-1">Unassigned</assignee>
                                    <reporter username="juliusdavies">Julius Davies</reporter>
                        <labels>
                    </labels>
                <created>Sat, 27 Mar 2010 04:29:15 +0000</created>
                <updated>Thu, 10 Nov 2011 18:10:02 +0000</updated>
                            <resolved>Sun, 23 Jan 2011 05:56:06 +0000</resolved>
                                    <version>1.4</version>
                                    <fixVersion>1.5</fixVersion>
                                        <due />
                            <votes>0</votes>
                                    <watches>1</watches>
                                                                <comments>
                            <comment id="12850472" author="juliusdavies" created="Sat, 27 Mar 2010 04:30:34 +0000">&lt;p&gt;One-line patch to fix this attached.&lt;/p&gt;</comment>
                            <comment id="12850473" author="juliusdavies" created="Sat, 27 Mar 2010 04:36:30 +0000">
&lt;p&gt;Changes to unit-tests also attached.  Notice that two old tests assume the old, erroneous behavior, and so those need to be adjusted, too:&lt;/p&gt;

&lt;div class="code panel" style="border-width: 1px;"&gt;&lt;div class="codeContent panelContent"&gt;
&lt;pre class="code-java"&gt;-        assertEquals(&lt;span class="code-quote"&gt;"byteToString &lt;span class="code-keyword"&gt;static&lt;/span&gt; Hello World"&lt;/span&gt;, &lt;span class="code-quote"&gt;"SGVsbG8gV29ybGQ=\r\n"&lt;/span&gt;, Base64.encodeBase64String(b1));
+        assertEquals(&lt;span class="code-quote"&gt;"byteToString &lt;span class="code-keyword"&gt;static&lt;/span&gt; Hello World"&lt;/span&gt;, &lt;span class="code-quote"&gt;"SGVsbG8gV29ybGQ="&lt;/span&gt;, Base64.encodeBase64String(b1));


-        assertEquals(&lt;span class="code-quote"&gt;"byteToString &lt;span class="code-keyword"&gt;static&lt;/span&gt; UUID"&lt;/span&gt;, &lt;span class="code-quote"&gt;"K/fMJwH+Q5e0nr7tWsxwkA==\r\n"&lt;/span&gt;, Base64.encodeBase64String(b4));
+        assertEquals(&lt;span class="code-quote"&gt;"byteToString &lt;span class="code-keyword"&gt;static&lt;/span&gt; UUID"&lt;/span&gt;, &lt;span class="code-quote"&gt;"K/fMJwH+Q5e0nr7tWsxwkA=="&lt;/span&gt;, Base64.encodeBase64String(b4));
&lt;/pre&gt;
&lt;/div&gt;&lt;/div&gt;</comment>
                            <comment id="12850477" author="juliusdavies" created="Sat, 27 Mar 2010 05:17:30 +0000">&lt;p&gt;Some of the JUnit tests have a problem:&lt;/p&gt;

&lt;p&gt;"Zm9v" + Base64.CHUNK_SEPARATOR&lt;/p&gt;

&lt;p&gt;This results in:&lt;/p&gt;

&lt;p&gt;Zm9v[B@6bbc4459&lt;/p&gt;

&lt;p&gt;As opposed to:&lt;/p&gt;

&lt;p&gt;Zm9v\r\n&lt;/p&gt;



&lt;p&gt;codec-99-test-fixes.patch attached to fix this.&lt;/p&gt;

</comment>
                            <comment id="12850602" author="ggregory@seagullsw.com" created="Sat, 27 Mar 2010 23:11:14 +0000">&lt;p&gt;Applied patch  &lt;a href="https://issues.apache.org/jira/secure/attachment/12439949/codec-99-test-fixes.patch" class="external-link" rel="nofollow"&gt;https://issues.apache.org/jira/secure/attachment/12439949/codec-99-test-fixes.patch&lt;/a&gt;&lt;br/&gt;
Thank you Julius.&lt;/p&gt;</comment>
                            <comment id="12850626" author="ggregory@seagullsw.com" created="Sun, 28 Mar 2010 03:46:29 +0000">&lt;p&gt;IMO, the issue is not chunk vs. not chunk but that the output should never encode and end in a CR LR, especially when there is no = at the end of the output&lt;/p&gt;</comment>
                            <comment id="12850694" author="juliusdavies" created="Sun, 28 Mar 2010 17:12:56 +0000">&lt;p&gt;To respond to Gary, here is behaviour of Base64.encodeBase64Chunked(b) through all versions of commons-codec:&lt;/p&gt;

&lt;div class="code panel" style="border-width: 1px;"&gt;&lt;div class="codeContent panelContent"&gt;
&lt;pre class="code-java"&gt;&lt;span class="code-keyword"&gt;package&lt;/span&gt; playground;
&lt;span class="code-keyword"&gt;import&lt;/span&gt; org.apache.commons.codec.binary.Base64;
&lt;span class="code-keyword"&gt;public&lt;/span&gt; &lt;span class="code-keyword"&gt;class &lt;/span&gt;Base64ChunkTest {

    &lt;span class="code-keyword"&gt;public&lt;/span&gt; &lt;span class="code-keyword"&gt;static&lt;/span&gt; void main(&lt;span class="code-object"&gt;String&lt;/span&gt;[] args) &lt;span class="code-keyword"&gt;throws&lt;/span&gt; Exception {
        &lt;span class="code-object"&gt;byte&lt;/span&gt;[] b = args[0].getBytes(&lt;span class="code-quote"&gt;"UTF-8"&lt;/span&gt;);

        b = Base64.encodeBase64Chunked(b);

        &lt;span class="code-object"&gt;String&lt;/span&gt; s = &lt;span class="code-keyword"&gt;new&lt;/span&gt; &lt;span class="code-object"&gt;String&lt;/span&gt;(b, &lt;span class="code-quote"&gt;"UTF-8"&lt;/span&gt;);
        s = s.replace(&lt;span class="code-quote"&gt;"\n"&lt;/span&gt;, &lt;span class="code-quote"&gt;"\\n"&lt;/span&gt;).replace(&lt;span class="code-quote"&gt;"\r"&lt;/span&gt;, &lt;span class="code-quote"&gt;"\\r"&lt;/span&gt;);
        &lt;span class="code-object"&gt;System&lt;/span&gt;.out.println(s);
    }
}
&lt;/pre&gt;
&lt;/div&gt;&lt;/div&gt;

&lt;div class="preformatted panel" style="border-width: 1px;"&gt;&lt;div class="preformattedContent panelContent"&gt;
&lt;pre&gt;$ java -cp build/classes:lib/commons-codec-1.1.jar playground.Base64ChunkTest Hello
SGVsbG8=\n

$ java -cp build/classes:lib/commons-codec-1.2.jar playground.Base64ChunkTest Hello
SGVsbG8=\n

$ java -cp build/classes:lib/commons-codec-1.3.jar playground.Base64ChunkTest Hello
SGVsbG8=\r\n

$ java -cp build/classes:lib/commons-codec-1.4.jar playground.Base64ChunkTest Hello
SGVsbG8=\r\n
&lt;/pre&gt;
&lt;/div&gt;&lt;/div&gt;


&lt;p&gt;Just to be clear, you want to change this now after 7 years (the files in the commons-codec-1.1.jar have '2003-04-29' timestamps)?&lt;/p&gt;

&lt;p&gt;ps.  I don't think '=' should be part of the equation, because valid data can encode and not have any '=' characters, for example the string '123':&lt;/p&gt;

&lt;div class="preformatted panel" style="border-width: 1px;"&gt;&lt;div class="preformattedContent panelContent"&gt;
&lt;pre&gt;$ java -cp build/classes:lib/commons-codec-1.4.jar playground.Base64ChunkTest 123
MTIz\r\n
&lt;/pre&gt;
&lt;/div&gt;&lt;/div&gt;
</comment>
                            <comment id="12924892" author="me" created="Tue, 26 Oct 2010 08:32:27 +0000">&lt;p&gt;When I do:&lt;/p&gt;

&lt;p&gt;Base64 encoder = new Base64(0); &lt;br/&gt;
encoder.encodeBase64String(binaryData);&lt;/p&gt;

&lt;p&gt;I would expect that the encoded string isn't chunked, I've set the appropriate settings in the&lt;br/&gt;
constructor before. But the current encodeBase64String() "overrides" the settings I've done.&lt;/p&gt;

&lt;p&gt;The methods encodeBase64String(..) and so on should respect the settings made in the constructor in my opinion.&lt;/p&gt;</comment>
                            <comment id="12924904" author="jochen@apache.org" created="Tue, 26 Oct 2010 09:19:39 +0000">&lt;p&gt;You possibly wouldn't, because you are encoding a small string, like a password. Others would, because they are encoding a very large string. Whatever the default, if you need to be sure, don't use the convenience methods. Period!&lt;/p&gt;

&lt;p&gt;The only reason for changing the default would be upwards compatibility. If we change it for other reasons, we loose upwards compatibility.&lt;/p&gt;</comment>
                            <comment id="12924940" author="me" created="Tue, 26 Oct 2010 11:44:49 +0000">&lt;p&gt;If I'd like to encode a small string, I'll agree:&lt;/p&gt;

&lt;p&gt;new Base64().encodeToString(...)&lt;/p&gt;

&lt;p&gt;But it doesn't matter in this point if this is chunked or not. &lt;/p&gt;

&lt;p&gt;Other people which like to encode larger strings won't use new Base64(0) or new Base64(-1) when they wanted chunked&lt;br/&gt;
files. Otherwise they've read the docs which mentioned the way to use unchunked. I think it wouldn't break upwards compatibility because there is no really use case where you'll instantiate an Base64 encoder with 0 or less than 0 when it should be chunked. In these case even the "convenience methods" should behaviour correctly. Or otherwise (to keep upwards compatibility) it should be explicitly mentioned in the apidocs. &lt;/p&gt;

&lt;p&gt;Currently it looks like buying a car, choosing red as the color and only if you're opening the right door the car became green. &lt;/p&gt;</comment>
                            <comment id="12985257" author="juliusdavies" created="Sun, 23 Jan 2011 05:56:06 +0000">&lt;p&gt;I applied "codec-99.patch" and "codec-99-tests.patch".  Quick summary of consequences:&lt;/p&gt;

&lt;p&gt;1.  Another binary incompatibility with codec-1.4.jar is introduced with this.&lt;/p&gt;

&lt;p&gt;2.  But now the String static encode in 1.4 is more consistent with the pre-existing byte[] static encode methods from 1.3, 1.2, 1.1.&lt;/p&gt;</comment>
                            <comment id="12985424" author="ggregory@seagullsw.com" created="Sun, 23 Jan 2011 21:45:10 +0000">&lt;p&gt;The example in &lt;a href="https://issues.apache.org/jira/browse/CODEC-99?focusedCommentId=12924892&amp;amp;page=com.atlassian.jira.plugin.system.issuetabpanels%3Acomment-tabpanel#action_12924892" class="external-link" rel="nofollow"&gt;https://issues.apache.org/jira/browse/CODEC-99?focusedCommentId=12924892&amp;amp;page=com.atlassian.jira.plugin.system.issuetabpanels%3Acomment-tabpanel#action_12924892&lt;/a&gt; does not make sense:&lt;/p&gt;

&lt;p&gt;Base64 encoder = new Base64(0);&lt;br/&gt;
encoder.encodeBase64String(binaryData);&lt;/p&gt;

&lt;p&gt;The method encodeBase64String is a static method so instance variables will NEVER apply!&lt;/p&gt;</comment>
                            <comment id="12985433" author="me" created="Sun, 23 Jan 2011 22:10:51 +0000">&lt;p&gt;Yes it's declared static but it CAN also be used as a normal non-static function. In that case it's not behaving correctly.&lt;/p&gt;

&lt;p&gt;By the way it's using class-level fields when following the calls (buffer).&lt;/p&gt;

&lt;p&gt;Why not using the static - constructor. There you'll can set the standard settings which leads to the results of the static-calls&lt;br/&gt;
When used as a normal function it can be modified using the standard constructors.&lt;/p&gt;</comment>
                            <comment id="12985437" author="ggregory@seagullsw.com" created="Sun, 23 Jan 2011 22:24:43 +0000">&lt;p&gt;WRT "Yes it's declared static but it CAN also be used as a normal non-static function. In that case it's not behaving correctly."&lt;/p&gt;

&lt;p&gt;Are we talking about the same thing?&lt;/p&gt;

&lt;p&gt;A static method will never use values from an instance.&lt;/p&gt;

&lt;p&gt;Might you be confusing run-time behavior and compiler behavior when you say "normal non-static function"?&lt;/p&gt;

&lt;p&gt;In your example:&lt;/p&gt;

&lt;p&gt;Base64 encoder = new Base64(0);&lt;br/&gt;
encoder.encodeBase64String(binaryData);&lt;/p&gt;

&lt;p&gt;Is equivalent to (and should really be written in this style:&lt;/p&gt;

&lt;p&gt;Base64 encoder = new Base64(0);&lt;br/&gt;
Base64.encodeBase64String(binaryData);&lt;/p&gt;</comment>
                            <comment id="12986166" author="juliusdavies" created="Tue, 25 Jan 2011 01:27:15 +0000">&lt;p&gt;Oops, I forgot to update the Javadoc.  Thanks, Sebb, for pointing that out!&lt;/p&gt;</comment>
                    </comments>
                    <attachments>
                            <attachment id="12469228" name="codec-99-javadoc.patch" size="1044" author="juliusdavies" created="Tue, 25 Jan 2011 01:27:15 +0000" />
                            <attachment id="12439949" name="codec-99-test-fixes.patch" size="2035" author="juliusdavies" created="Sat, 27 Mar 2010 05:17:30 +0000" />
                            <attachment id="12439948" name="codec-99-tests.patch" size="2870" author="juliusdavies" created="Sat, 27 Mar 2010 04:36:30 +0000" />
                            <attachment id="12439947" name="codec-99.patch" size="566" author="juliusdavies" created="Sat, 27 Mar 2010 04:30:33 +0000" />
                    </attachments>
                <subtasks>
                    </subtasks>
                <customfields>
                                                                                                                                                                                                                                                                                                                                                                                                                                                                                                                                                                                                                                                                                                                    <customfield id="customfield_12314020" key="com.atlassian.jira.plugins.jira-development-integration-plugin:devsummary">
                        <customfieldname>Development</customfieldname>
                        <customfieldvalues>
                            
                        </customfieldvalues>
                    </customfield>
                                                                                                                        <customfield id="customfield_12313422" key="com.atlassian.jirafisheyeplugin:jobcheckbox">
                        <customfieldname>Enable Automatic Patch Review</customfieldname>
                        <customfieldvalues>
                            <customfieldvalue>false</customfieldvalue>

                        </customfieldvalues>
                    </customfield>
                                                                                                                                                                                                                                                                                                                                                                                                                                                                                                                                                                                                                                                <customfield id="customfield_12310420" key="com.pyxis.greenhopper.jira:gh-global-rank">
                        <customfieldname>Global Rank</customfieldname>
                        <customfieldvalues>
                            <customfieldvalue>40246</customfieldvalue>
                        </customfieldvalues>
                    </customfield>
                                                                                                                                                                                                                                                                                                                                                                                                                                                                        <customfield id="customfield_12311820" key="com.pyxis.greenhopper.jira:gh-lexo-rank">
                        <customfieldname>Rank</customfieldname>
                        <customfieldvalues>
                            <customfieldvalue>0|i0ep6n:</customfieldvalue>

                        </customfieldvalues>
                    </customfield>
                                                                <customfield id="customfield_12310920" key="com.pyxis.greenhopper.jira:gh-global-rank">
                        <customfieldname>Rank (Obsolete)</customfieldname>
                        <customfieldvalues>
                            <customfieldvalue>83842</customfieldvalue>
                        </customfieldvalues>
                    </customfield>
                                                                                                                                                                                                                                                                                                                                                                                                                                                                                                                                                                                                                                                                                                                                                                                            </customfields>
    </item>


</channel>
</rss>