<rss version="0.92">
    <channel>
        <title>ASF JIRA</title>
        <link>https://issues.apache.org/jira/issues/?jql=project+%3D+CODEC+and+type+%3D+bug+and+%28status+%3D+RESOLVED+or+status+%3D+closed%29</link>
        <description>An XML representation of a search request</description>
                <language>en-uk</language>
                        <issue start="0" end="135" total="135" />
                <build-info>
            <version>8.20.1</version>
            <build-number>820001</build-number>
            <build-date>28-10-2021</build-date>
        </build-info>

<item>
            <title>[CODEC-200] Base32.HEX_DECODE_TABLE contains the wrong value 32</title>
                <link>https://issues.apache.org/jira/browse/CODEC-200</link>
                <project id="12310464" key="CODEC">Commons Codec</project>
                    <description>&lt;p&gt;At line 99:&lt;/p&gt;

&lt;p&gt;            25, 26, 27, 28, 29, 30, 31, 32,                                 // 50-57 O-V&lt;/p&gt;

&lt;p&gt;the value 32 should not be included. That disallows to use 'W' as padding with hex table.&lt;/p&gt;</description>
                <environment />
        <key id="12833408">CODEC-200</key>
            <summary>Base32.HEX_DECODE_TABLE contains the wrong value 32</summary>
                <type id="1" iconUrl="https://issues.apache.org/jira/secure/viewavatar?size=xsmall&amp;avatarId=21133&amp;avatarType=issuetype">Bug</type>
                                            <priority id="4" iconUrl="https://issues.apache.org/jira/images/icons/priorities/minor.svg">Minor</priority>
                        <status id="5" iconUrl="https://issues.apache.org/jira/images/icons/statuses/resolved.png" description="A resolution has been taken, and it is awaiting verification by reporter. From here issues are either reopened, or are closed.">Resolved</status>
                    <statusCategory id="3" key="done" colorName="green" />
                                    <resolution id="1">Fixed</resolution>
                                        <assignee username="-1">Unassigned</assignee>
                                    <reporter username="blozo">Luciano Vernaschi</reporter>
                        <labels>
                    </labels>
                <created>Thu, 28 May 2015 12:42:45 +0000</created>
                <updated>Thu, 4 Jun 2015 14:34:32 +0000</updated>
                            <resolved>Thu, 4 Jun 2015 14:34:32 +0000</resolved>
                                    <version>1.10</version>
                                    <fixVersion>1.11</fixVersion>
                                        <due />
                            <votes>0</votes>
                                    <watches>1</watches>
                                                                <comments>
                            <comment id="14572879" author="sebb@apache.org" created="Thu, 4 Jun 2015 14:34:32 +0000">&lt;p&gt;Good catch!&lt;/p&gt;

&lt;p&gt;URL: &lt;a href="http://svn.apache.org/r1683550" class="external-link" target="_blank" rel="nofollow noopener"&gt;http://svn.apache.org/r1683550&lt;/a&gt;&lt;br/&gt;
Log:&lt;br/&gt;
&lt;a href="https://issues.apache.org/jira/browse/CODEC-200" title="Base32.HEX_DECODE_TABLE contains the wrong value 32" class="issue-link" data-issue-key="CODEC-200"&gt;&lt;del&gt;CODEC-200&lt;/del&gt;&lt;/a&gt; - Base32.HEX_DECODE_TABLE contains the wrong value 32&lt;/p&gt;

&lt;p&gt;Modified:&lt;br/&gt;
    commons/proper/codec/trunk/src/changes/changes.xml&lt;br/&gt;
    commons/proper/codec/trunk/src/main/java/org/apache/commons/codec/binary/Base32.java&lt;br/&gt;
    commons/proper/codec/trunk/src/test/java/org/apache/commons/codec/binary/Base32Test.java&lt;/p&gt;</comment>
                    </comments>
                <issuelinks>
                            <issuelinktype id="12310000">
                    <name>Duplicate</name>
                                                                <inwardlinks description="is duplicated by">
                                        <issuelink>
            <issuekey id="12833409">CODEC-201</issuekey>
        </issuelink>
                            </inwardlinks>
                                    </issuelinktype>
                    </issuelinks>
                <attachments>
                    </attachments>
                <subtasks>
                    </subtasks>
                <customfields>
                                                                                                                                                                                                                                                                                                                                                                                                                                                                                                                                                                                                                                                                                                                    <customfield id="customfield_12314020" key="com.atlassian.jira.plugins.jira-development-integration-plugin:devsummary">
                        <customfieldname>Development</customfieldname>
                        <customfieldvalues>
                            
                        </customfieldvalues>
                    </customfield>
                                                                                                                        <customfield id="customfield_12313422" key="com.atlassian.jirafisheyeplugin:jobcheckbox">
                        <customfieldname>Enable Automatic Patch Review</customfieldname>
                        <customfieldvalues>
                            <customfieldvalue>false</customfieldvalue>

                        </customfieldvalues>
                    </customfield>
                                                                                                                                                                                                                                                                                                                                                                                                                                                                                                                                                                                                                                                <customfield id="customfield_12310420" key="com.pyxis.greenhopper.jira:gh-global-rank">
                        <customfieldname>Global Rank</customfieldname>
                        <customfieldvalues>
                            <customfieldvalue>9223372036854775807</customfieldvalue>
                        </customfieldvalues>
                    </customfield>
                                                                                                                                                                                                                                                                                                                                                                                                                                                                        <customfield id="customfield_12311820" key="com.pyxis.greenhopper.jira:gh-lexo-rank">
                        <customfieldname>Rank</customfieldname>
                        <customfieldvalues>
                            <customfieldvalue>0|i2fbfj:</customfieldvalue>

                        </customfieldvalues>
                    </customfield>
                                                                <customfield id="customfield_12310920" key="com.pyxis.greenhopper.jira:gh-global-rank">
                        <customfieldname>Rank (Obsolete)</customfieldname>
                        <customfieldvalues>
                            <customfieldvalue>9223372036854775807</customfieldvalue>
                        </customfieldvalues>
                    </customfield>
                                                                                                                                                                                                                                                                                                                                                                                                                                                                                                                                                                                                                                                                                                                                                                                                                                                    </customfields>
    </item>


</channel>
</rss>