<rss version="0.92">
    <channel>
        <title>ASF JIRA</title>
        <link>https://issues.apache.org/jira/issues/?jql=project+%3D+CODEC+and+type+%3D+bug+and+%28status+%3D+RESOLVED+or+status+%3D+closed%29</link>
        <description>An XML representation of a search request</description>
                <language>en-uk</language>
                        <issue start="0" end="135" total="135" />
                <build-info>
            <version>8.20.1</version>
            <build-number>820001</build-number>
            <build-date>28-10-2021</build-date>
        </build-info>

<item>
            <title>[CODEC-51] 2 Test failures in SoundexTest</title>
                <link>https://issues.apache.org/jira/browse/CODEC-51</link>
                <project id="12310464" key="CODEC">Commons Codec</project>
                    <description>&lt;p&gt;Testsuite: org.apache.commons.codec.language.SoundexTest&lt;br/&gt;
Tests run: 25, Failures: 2, Errors: 0, Time elapsed: 0.907 sec&lt;/p&gt;

&lt;p&gt;Testcase: testUsMappingOWithDiaeresis(org.apache.commons.codec.language.SoundexTest):   FAILED&lt;br/&gt;
expected:&amp;lt;?000&amp;gt; but was:&amp;lt;&amp;gt;&lt;br/&gt;
junit.framework.ComparisonFailure: expected:&amp;lt;?000&amp;gt; but was:&amp;lt;&amp;gt;&lt;br/&gt;
        at org.apache.commons.codec.language.SoundexTest.testUsMappingOWithDiaeresis(SoundexTest.java:349)&lt;br/&gt;
        at sun.reflect.NativeMethodAccessorImpl.invoke0(Native Method)&lt;br/&gt;
        at sun.reflect.NativeMethodAccessorImpl.invoke(NativeMethodAccessorImpl.java:39)&lt;br/&gt;
        at sun.reflect.DelegatingMethodAccessorImpl.invoke(DelegatingMethodAccessorImpl.java:25)&lt;/p&gt;


&lt;p&gt;Testcase: testUsMappingEWithAcute(org.apache.commons.codec.language.SoundexTest):       FAILED&lt;br/&gt;
expected:&amp;lt;?000&amp;gt; but was:&amp;lt;&amp;gt;&lt;br/&gt;
junit.framework.ComparisonFailure: expected:&amp;lt;?000&amp;gt; but was:&amp;lt;&amp;gt;&lt;br/&gt;
        at org.apache.commons.codec.language.SoundexTest.testUsMappingEWithAcute(SoundexTest.java:364)&lt;br/&gt;
        at sun.reflect.NativeMethodAccessorImpl.invoke0(Native Method)&lt;br/&gt;
        at sun.reflect.NativeMethodAccessorImpl.invoke(NativeMethodAccessorImpl.java:39)&lt;br/&gt;
        at sun.reflect.DelegatingMethodAccessorImpl.invoke(DelegatingMethodAccessorImpl.java:25)&lt;/p&gt;</description>
                <environment>&lt;p&gt;Debian Linux, JDK 1.4.2 and 1.6&lt;/p&gt;</environment>
        <key id="12345622">CODEC-51</key>
            <summary>2 Test failures in SoundexTest</summary>
                <type id="1" iconUrl="https://issues.apache.org/jira/secure/viewavatar?size=xsmall&amp;avatarId=21133&amp;avatarType=issuetype">Bug</type>
                                            <priority id="3" iconUrl="https://issues.apache.org/jira/images/icons/priorities/major.svg">Major</priority>
                        <status id="6" iconUrl="https://issues.apache.org/jira/images/icons/statuses/closed.png" description="The issue is considered finished, the resolution is correct. Issues which are not closed can be reopened.">Closed</status>
                    <statusCategory id="3" key="done" colorName="green" />
                                    <resolution id="1">Fixed</resolution>
                                        <assignee username="-1">Unassigned</assignee>
                                    <reporter username="bayard">Henri Yandell</reporter>
                        <labels>
                    </labels>
                <created>Sun, 9 Jul 2006 00:00:08 +0000</created>
                <updated>Sat, 8 Mar 2008 07:28:39 +0000</updated>
                            <resolved>Sat, 8 Mar 2008 07:28:39 +0000</resolved>
                                                    <fixVersion>1.4</fixVersion>
                                        <due />
                            <votes>0</votes>
                                    <watches>0</watches>
                                                                <comments>
                            <comment id="12421015" author="bayard" created="Fri, 14 Jul 2006 12:29:11 +0000">&lt;p&gt;Unit tests should pass or not be included for a release (imo). Marking as a fix for 1.4.&lt;/p&gt;</comment>
                            <comment id="12442744" author="ggregory@seagullsw.com" created="Mon, 16 Oct 2006 23:18:33 +0000">&lt;p&gt;Tests pass for me with SVN sources and &lt;b&gt;Ant 1.6.5&lt;/b&gt; on &lt;b&gt;Windows XP SP2+patches&lt;/b&gt; with:&lt;/p&gt;
&lt;ul class="alternate" type="square"&gt;
	&lt;li&gt;Sun Java 1.4.2_12&lt;/li&gt;
	&lt;li&gt;Sun Java 1.5.0_09&lt;/li&gt;
&lt;/ul&gt;
</comment>
                            <comment id="12445749" author="bayard" created="Tue, 31 Oct 2006 01:38:52 +0000">&lt;p&gt;I'll try it out on a few other platforms. OS X and FreeBSD at least.&lt;/p&gt;</comment>
                            <comment id="12445989" author="bayard" created="Tue, 31 Oct 2006 18:29:39 +0000">&lt;p&gt;I've checked in a change (469593) that makes the jar fail to build if the tests fail. &lt;/p&gt;

&lt;p&gt;On OS X both the Maven and Ant pass for 1.5. They both fail for 1.4.&lt;br/&gt;
On Linux both the Maven and Ant fail for 1.4 AND 1.5.&lt;/p&gt;

&lt;p&gt;I used a different Linux box. This time it's Debian, last time it was Red Hat. &lt;/p&gt;

&lt;p&gt;On Debian I'm running 1.5.0_07 and 1.4.2_05. I'll upgrade both and test again.&lt;br/&gt;
OS X is running the latest. &lt;/p&gt;</comment>
                            <comment id="12445998" author="bayard" created="Tue, 31 Oct 2006 18:58:12 +0000">&lt;p&gt;Debian Linux JDK 1.5.0_09 fails for both Ant and Maven.&lt;br/&gt;
Debian Linux JDK 1.4.2_12 fails for both Ant and Maven.&lt;br/&gt;
Debian Linux JDK 1.6.0-rc-b90 fails for both Ant and Maven.&lt;/p&gt;</comment>
                            <comment id="12446003" author="bayard" created="Tue, 31 Oct 2006 19:26:52 +0000">&lt;p&gt;And for the hell of it:&lt;/p&gt;

&lt;p&gt;Solaris 5.8 - JDK 1.5.0_09, Ant and Maven both fail.&lt;br/&gt;
Solaris 5.8 - JDK 1.4.2_12, Ant and Maven both fail.&lt;/p&gt;

&lt;p&gt;Given that this is locale specific stuff; these machines are all US installs, so it might be down to that, though the passing under JDK 1.5 on OS X is curious.&lt;/p&gt;</comment>
                            <comment id="12450549" author="bayard" created="Thu, 16 Nov 2006 22:03:03 +0000">&lt;p&gt;Fails on the nightly build as well - that's another US locale though.&lt;/p&gt;</comment>
                            <comment id="12450592" author="bayard" created="Fri, 17 Nov 2006 02:08:55 +0000">&lt;p&gt;On OS X JVM 1.4, only the ODiaresis variant fails.&lt;/p&gt;</comment>
                            <comment id="12450594" author="bayard" created="Fri, 17 Nov 2006 02:20:46 +0000">&lt;p&gt;It seems like it comes down to whether Character.isLetter consider a character to be a letter or not. If it doesn't, then the string gets fully cleaned and returns early. Thus an empty string comes back rather than the expected IllegalArgumentException.&lt;/p&gt;</comment>
                            <comment id="12450596" author="bayard" created="Fri, 17 Nov 2006 02:34:17 +0000">&lt;p&gt;Confirmed:&lt;/p&gt;

&lt;p&gt;public class LetterTest {&lt;/p&gt;

&lt;p&gt;    public static void main(String[] args) throws Exception &lt;/p&gt;
{
        test('&#246;');
        test('&#233;');
    }

&lt;p&gt;    public static void test(char ch) &lt;/p&gt;
{
        System.err.println(ch + " is a letter: " + Character.isLetter(ch) );
    }

&lt;p&gt;}&lt;/p&gt;

&lt;p&gt;On OS X, the o is false under JVM 1.4 and true under JVM 1.5.&lt;br/&gt;
On Linux, the o and e are both false under JVM 1.4 and 1.6. The compiler is also a bit pissed about those characters being in there.&lt;br/&gt;
I'm guessing that on Windows these are both returning true.&lt;/p&gt;</comment>
                            <comment id="12450598" author="bayard" created="Fri, 17 Nov 2006 02:45:09 +0000">&lt;p&gt;Confirmed. Under 1.2 and 1.6, both letters return as true.&lt;/p&gt;</comment>
                            <comment id="12450600" author="bayard" created="Fri, 17 Nov 2006 02:50:11 +0000">&lt;p&gt;svn ci -m "Modified the test to expect an empty string if the 'fancy' character passed in is not considered a letter by the JVM. See Issue &lt;a href="https://issues.apache.org/jira/browse/CODEC-51" title="2 Test failures in SoundexTest" class="issue-link" data-issue-key="CODEC-51"&gt;&lt;del&gt;CODEC-51&lt;/del&gt;&lt;/a&gt;" src/test/org/apache/commons/codec/language/SoundexTest.java &lt;/p&gt;

&lt;p&gt;Sending        src/test/org/apache/commons/codec/language/SoundexTest.java&lt;br/&gt;
Transmitting file data .&lt;br/&gt;
Committed revision 476031.&lt;/p&gt;</comment>
                            <comment id="12450601" author="bayard" created="Fri, 17 Nov 2006 02:51:10 +0000">&lt;p&gt;Is the fix above to the unit test okay, or should we be moving the map(..) check before the clean so it throws an IllegalArgumentException more aggressively?&lt;/p&gt;</comment>
                    </comments>
                    <attachments>
                    </attachments>
                <subtasks>
                    </subtasks>
                <customfields>
                                                                                                                                                                                                                                                                                                                                                                                                                                                                                                                                                                                                                                                                                                                    <customfield id="customfield_12314020" key="com.atlassian.jira.plugins.jira-development-integration-plugin:devsummary">
                        <customfieldname>Development</customfieldname>
                        <customfieldvalues>
                            
                        </customfieldvalues>
                    </customfield>
                                                                                                                        <customfield id="customfield_12313422" key="com.atlassian.jirafisheyeplugin:jobcheckbox">
                        <customfieldname>Enable Automatic Patch Review</customfieldname>
                        <customfieldvalues>
                            <customfieldvalue>false</customfieldvalue>

                        </customfieldvalues>
                    </customfield>
                                                                                                                                                                                                                                                                                                                                                                                                                                                                                                                                                                                                                                                <customfield id="customfield_12310420" key="com.pyxis.greenhopper.jira:gh-global-rank">
                        <customfieldname>Global Rank</customfieldname>
                        <customfieldvalues>
                            <customfieldvalue>110382</customfieldvalue>
                        </customfieldvalues>
                    </customfield>
                                                                                                                                                                                                                                                                                                                                                                                                                                                                        <customfield id="customfield_12311820" key="com.pyxis.greenhopper.jira:gh-lexo-rank">
                        <customfieldname>Rank</customfieldname>
                        <customfieldvalues>
                            <customfieldvalue>0|i0epan:</customfieldvalue>

                        </customfieldvalues>
                    </customfield>
                                                                <customfield id="customfield_12310920" key="com.pyxis.greenhopper.jira:gh-global-rank">
                        <customfieldname>Rank (Obsolete)</customfieldname>
                        <customfieldvalues>
                            <customfieldvalue>83860</customfieldvalue>
                        </customfieldvalues>
                    </customfield>
                                                                                                                                                                                                                                                                                                                                                                                                                                                                                                                                                                                                                                                                                                                                                                                                                                                    </customfields>
    </item>


</channel>
</rss>