<!-- 
RSS generated by JIRA (6.3.4#6332-sha1:51bc225ef474afe3128b2f66878477f322397b16) at Thu Dec 01 19:09:06 UTC 2016

It is possible to restrict the fields that are returned in this document by specifying the 'field' parameter in your request.
For example, to request only the issue key and summary add field=key&field=summary to the URL of your request.
For example:
https://issues.apache.org/jira/si/jira.issueviews:issue-xml/CODEC-81/CODEC-81.xml?field=key&amp;field=summary
-->
<rss version="0.92" >
<channel>
    <title>ASF JIRA</title>
    <link>https://issues.apache.org/jira</link>
    <description>This file is an XML representation of an issue</description>
    <language>en-uk</language>    <build-info>
        <version>6.3.4</version>
        <build-number>6332</build-number>
        <build-date>15-08-2014</build-date>
    </build-info>

<item>
            <title>[CODEC-81] Base64&apos;s new constructor parameters ignored</title>
                <link>https://issues.apache.org/jira/browse/CODEC-81</link>
                <project id="12310464" key="CODEC">Commons Codec</project>
                    <description>&lt;p&gt;Base64&apos;s new constructor parameters are ignored (e.g. chunkSize and chunkSeparator) when using the Encoder interface.&lt;/p&gt;
</description>
                <environment></environment>
        <key id="12431474">CODEC-81</key>
            <summary>Base64&apos;s new constructor parameters ignored</summary>
                <type id="1" iconUrl="https://issues.apache.org/jira/images/icons/issuetypes/bug.png">Bug</type>
                                            <priority id="5" iconUrl="https://issues.apache.org/jira/images/icons/priorities/trivial.png">Trivial</priority>
                        <status id="6" iconUrl="https://issues.apache.org/jira/images/icons/statuses/closed.png" description="The issue is considered finished, the resolution is correct. Issues which are closed can be reopened.">Closed</status>
                    <statusCategory id="3" key="done" colorName="green"/>
                                    <resolution id="1">Fixed</resolution>
                                        <assignee username="-1">Unassigned</assignee>
                                    <reporter username="juliusdavies">Julius Davies</reporter>
                        <labels>
                    </labels>
                <created>Sun, 26 Jul 2009 22:25:58 +0000</created>
                <updated>Fri, 7 Aug 2009 08:11:42 +0000</updated>
                            <resolved>Tue, 28 Jul 2009 06:06:11 +0000</resolved>
                                    <version>Nightly Builds</version>
                                    <fixVersion>1.4</fixVersion>
                                        <due></due>
                            <votes>0</votes>
                                    <watches>0</watches>
                                                                <comments>
                            <comment id="12735428" author="juliusdavies" created="Sun, 26 Jul 2009 22:32:54 +0000"  >&lt;p&gt;Two patches attached:&lt;/p&gt;

&lt;p&gt;1. codec81-junit.patch  highlights the bug.&lt;br/&gt;
2. codec81-fix.patch      fixes the bug.&lt;/p&gt;

&lt;p&gt;There&apos;s a tiny bit of code cleanup in there anticipating my next attempt at a &lt;a href=&quot;https://issues.apache.org/jira/browse/CODEC-59&quot; title=&quot;Add methods to Base64 which work with String instead of byte[]&quot; class=&quot;issue-link&quot; data-issue-key=&quot;CODEC-59&quot;&gt;&lt;del&gt;CODEC-59&lt;/del&gt;&lt;/a&gt; patch - in particular this, since hopefully &quot;instanceof String&quot; will become a valid Object type to decode.&lt;/p&gt;

&lt;div class=&quot;code panel&quot; style=&quot;border-width: 1px;&quot;&gt;&lt;div class=&quot;codeContent panelContent&quot;&gt;
&lt;pre class=&quot;code-java&quot;&gt;
-         &lt;span class=&quot;code-keyword&quot;&gt;if&lt;/span&gt; (!(pObject &lt;span class=&quot;code-keyword&quot;&gt;instanceof&lt;/span&gt; &lt;span class=&quot;code-object&quot;&gt;byte&lt;/span&gt;[])) {
+        &lt;span class=&quot;code-keyword&quot;&gt;if&lt;/span&gt; (pObject &lt;span class=&quot;code-keyword&quot;&gt;instanceof&lt;/span&gt; &lt;span class=&quot;code-object&quot;&gt;byte&lt;/span&gt;[]) {
+            &lt;span class=&quot;code-keyword&quot;&gt;return&lt;/span&gt; decode((&lt;span class=&quot;code-object&quot;&gt;byte&lt;/span&gt;[]) pObject);
+        } &lt;span class=&quot;code-keyword&quot;&gt;else&lt;/span&gt; {
             &lt;span class=&quot;code-keyword&quot;&gt;throw&lt;/span&gt; &lt;span class=&quot;code-keyword&quot;&gt;new&lt;/span&gt; DecoderException(&lt;span class=&quot;code-quote&quot;&gt;&quot;Parameter supplied to Base64 decode is not a &lt;span class=&quot;code-object&quot;&gt;byte&lt;/span&gt;[]&quot;&lt;/span&gt;);
          }
&lt;/pre&gt;
&lt;/div&gt;&lt;/div&gt;</comment>
                            <comment id="12735429" author="juliusdavies" created="Sun, 26 Jul 2009 22:34:54 +0000"  >&lt;p&gt;FYI:  the &quot;codec81-fix.patch&quot; fix moves all the logic in the two main &quot;public static&quot; methods into member methods instead.&lt;/p&gt;</comment>
                            <comment id="12735485" author="ggregory@seagullsw.com" created="Mon, 27 Jul 2009 06:08:04 +0000"  >&lt;p&gt;The patch line:&lt;/p&gt;

&lt;p&gt;desiredResult = desiredResult.replace(&quot;=&quot;, &quot;&quot;); // url-safe has no == padding.&lt;/p&gt;

&lt;p&gt;uses a Java 1.5 String API, we are not on 1.5 yet, but we just moved to 1.4. &lt;/p&gt;

&lt;p&gt;Can you please re-patch? &lt;/p&gt;

&lt;p&gt;Thank you.&lt;/p&gt;</comment>
                            <comment id="12735704" author="juliusdavies" created="Mon, 27 Jul 2009 18:42:10 +0000"  >&lt;p&gt;Whoops!  Previous was not Java1.4 compatible.  Sorry!&lt;/p&gt;</comment>
                            <comment id="12735955" author="ggregory@seagullsw.com" created="Tue, 28 Jul 2009 06:06:10 +0000"  >&lt;p&gt;Patch applied and then some.&lt;/p&gt;</comment>
                    </comments>
                    <attachments>
                            <attachment id="12414566" name="codec81-fix.patch" size="10702" author="juliusdavies" created="Sun, 26 Jul 2009 22:32:54 +0000"/>
                            <attachment id="12414649" name="codec81-junit-java14.patch" size="3751" author="juliusdavies" created="Mon, 27 Jul 2009 18:42:10 +0000"/>
                    </attachments>
                <subtasks>
                    </subtasks>
                <customfields>
                                                <customfield id="customfield_12310310" key="com.atlassian.jira.toolkit:attachments">
                        <customfieldname>Attachment count</customfieldname>
                        <customfieldvalues>
                            <customfieldvalue>2.0</customfieldvalue>
                        </customfieldvalues>
                    </customfield>
                                                                                                                                                                                                                                                                                                                                                                                                                                                                                                                                <customfield id="customfield_12310220" key="com.atlassian.jira.ext.charting:firstresponsedate">
                        <customfieldname>Date of First Response</customfieldname>
                        <customfieldvalues>
                            <customfieldvalue>Mon, 27 Jul 2009 06:08:04 +0000</customfieldvalue>

                        </customfieldvalues>
                    </customfield>
                                                                                                                                                                                                                                                                                                                                                                                                                                            <customfield id="customfield_12310420" key="com.pyxis.greenhopper.jira:gh-global-rank">
                        <customfieldname>Global Rank</customfieldname>
                        <customfieldvalues>
                            <customfieldvalue>110402</customfieldvalue>
                        </customfieldvalues>
                    </customfield>
                                                                                                                        <customfield id="customfield_12312521" key="com.atlassian.jira.toolkit:LastCommentDate">
                        <customfieldname>Last public comment date</customfieldname>
                        <customfieldvalues>
                            7 years, 19 weeks, 2 days ago
                        </customfieldvalues>
                    </customfield>
                                                                                            <customfield id="customfield_12311820" key="com.pyxis.greenhopper.jira:gh-lexo-rank">
                        <customfieldname>Rank</customfieldname>
                        <customfieldvalues>
                            <customfieldvalue>0|i0s9n3:</customfieldvalue>

                        </customfieldvalues>
                    </customfield>
                                                                <customfield id="customfield_12310920" key="com.pyxis.greenhopper.jira:gh-global-rank">
                        <customfieldname>Rank (Obsolete)</customfieldname>
                        <customfieldvalues>
                            <customfieldvalue>163038</customfieldvalue>
                        </customfieldvalues>
                    </customfield>
                                                                                                                                                                                                                                        <customfield id="customfield_12310222" key="com.atlassian.jira.ext.charting:timeinstatus">
                        <customfieldname>Time in Status</customfieldname>
                        <customfieldvalues>
                            
                        </customfieldvalues>
                    </customfield>
                                                                                                                        </customfields>
    </item>
</channel>
</rss>