<rss version="0.92">
    <channel>
        <title>ASF JIRA</title>
        <link>https://issues.apache.org/jira/issues/?jql=project+%3D+CODEC+and+type+%3D+bug+and+%28status+%3D+RESOLVED+or+status+%3D+closed%29</link>
        <description>An XML representation of a search request</description>
                <language>en-uk</language>
                        <issue start="0" end="135" total="135" />
                <build-info>
            <version>8.20.1</version>
            <build-number>820001</build-number>
            <build-date>28-10-2021</build-date>
        </build-info>

<item>
            <title>[CODEC-77] Base64 bug with empty input (new byte[0])</title>
                <link>https://issues.apache.org/jira/browse/CODEC-77</link>
                <project id="12310464" key="CODEC">Commons Codec</project>
                    <description>&lt;p&gt;Base64.encode(new byte&lt;span class="error"&gt;&amp;#91;0&amp;#93;&lt;/span&gt;) doesn't return an empty byte array back!  It returns CRLF.&lt;/p&gt;</description>
                <environment />
        <key id="12430290">CODEC-77</key>
            <summary>Base64 bug with empty input (new byte[0])</summary>
                <type id="1" iconUrl="https://issues.apache.org/jira/secure/viewavatar?size=xsmall&amp;avatarId=21133&amp;avatarType=issuetype">Bug</type>
                                            <priority id="3" iconUrl="https://issues.apache.org/jira/images/icons/priorities/major.svg">Major</priority>
                        <status id="6" iconUrl="https://issues.apache.org/jira/images/icons/statuses/closed.png" description="The issue is considered finished, the resolution is correct. Issues which are not closed can be reopened.">Closed</status>
                    <statusCategory id="3" key="done" colorName="green" />
                                    <resolution id="1">Fixed</resolution>
                                        <assignee username="-1">Unassigned</assignee>
                                    <reporter username="juliusdavies">Julius Davies</reporter>
                        <labels>
                    </labels>
                <created>Mon, 13 Jul 2009 21:38:09 +0000</created>
                <updated>Mon, 13 Jul 2009 22:36:50 +0000</updated>
                            <resolved>Mon, 13 Jul 2009 22:36:13 +0000</resolved>
                                    <version>Nightly Builds</version>
                                    <fixVersion>1.4</fixVersion>
                                        <due />
                            <votes>0</votes>
                                    <watches>0</watches>
                                                                <comments>
                            <comment id="12730533" author="juliusdavies" created="Mon, 13 Jul 2009 21:40:27 +0000">&lt;p&gt;Fix for codec-77, including JUnits.&lt;/p&gt;

&lt;p&gt;Also fixed two minor naming glitches in the JUnits.&lt;/p&gt;</comment>
                            <comment id="12730548" author="juliusdavies" created="Mon, 13 Jul 2009 22:04:22 +0000">&lt;p&gt;Note:  codec-1.3 properly encodes empty-byte-array into an empty-byte-array.  So this is a regression on Trunk caused by the &lt;a href="https://issues.apache.org/jira/browse/CODEC-69" title="Streaming Base64" class="issue-link" data-issue-key="CODEC-69"&gt;&lt;del&gt;CODEC-69&lt;/del&gt;&lt;/a&gt; patch I submitted.&lt;/p&gt;</comment>
                            <comment id="12730563" author="ggregory@seagullsw.com" created="Mon, 13 Jul 2009 22:36:13 +0000">&lt;p&gt;Committed to SVN.&lt;/p&gt;</comment>
                    </comments>
                    <attachments>
                            <attachment id="12413347" name="codec-77.patch" size="4035" author="juliusdavies" created="Mon, 13 Jul 2009 21:40:27 +0000" />
                    </attachments>
                <subtasks>
                    </subtasks>
                <customfields>
                                                                                                                                                                                                                                                                                                                                                                                                                                                                                                                                                                                                                                                                                                                    <customfield id="customfield_12314020" key="com.atlassian.jira.plugins.jira-development-integration-plugin:devsummary">
                        <customfieldname>Development</customfieldname>
                        <customfieldvalues>
                            
                        </customfieldvalues>
                    </customfield>
                                                                                                                        <customfield id="customfield_12313422" key="com.atlassian.jirafisheyeplugin:jobcheckbox">
                        <customfieldname>Enable Automatic Patch Review</customfieldname>
                        <customfieldvalues>
                            <customfieldvalue>false</customfieldvalue>

                        </customfieldvalues>
                    </customfield>
                                                                                                                                                                                                                                                                                                                                                                                                                                                                                                                                                                                                                                                <customfield id="customfield_12310420" key="com.pyxis.greenhopper.jira:gh-global-rank">
                        <customfieldname>Global Rank</customfieldname>
                        <customfieldvalues>
                            <customfieldvalue>40238</customfieldvalue>
                        </customfieldvalues>
                    </customfield>
                                                                                                                                                                                                                                                                                                                                                                                                                                                                        <customfield id="customfield_12311820" key="com.pyxis.greenhopper.jira:gh-lexo-rank">
                        <customfieldname>Rank</customfieldname>
                        <customfieldvalues>
                            <customfieldvalue>0|i0ep8f:</customfieldvalue>

                        </customfieldvalues>
                    </customfield>
                                                                <customfield id="customfield_12310920" key="com.pyxis.greenhopper.jira:gh-global-rank">
                        <customfieldname>Rank (Obsolete)</customfieldname>
                        <customfieldvalues>
                            <customfieldvalue>83850</customfieldvalue>
                        </customfieldvalues>
                    </customfield>
                                                                                                                                                                                                                                                                                                                                                                                                                                                                                                                                                                                                                                                                                                                                                                                                                                                    </customfields>
    </item>


</channel>
</rss>