<rss version="0.92">
    <channel>
        <title>ASF JIRA</title>
        <link>https://issues.apache.org/jira/issues/?jql=project+%3D+CODEC+and+type+%3D+bug+and+%28status+%3D+RESOLVED+or+status+%3D+closed%29</link>
        <description>An XML representation of a search request</description>
                <language>en-uk</language>
                        <issue start="0" end="135" total="135" />
                <build-info>
            <version>8.20.1</version>
            <build-number>820001</build-number>
            <build-date>28-10-2021</build-date>
        </build-info>

<item>
            <title>[CODEC-175] Beider Morse does not close Scanners used to read config files.</title>
                <link>https://issues.apache.org/jira/browse/CODEC-175</link>
                <project id="12310464" key="CODEC">Commons Codec</project>
                    <description>&lt;p&gt;Beider Morse does not close Scanners used to read config files in classes:&lt;/p&gt;
&lt;ul class="alternate" type="square"&gt;
	&lt;li&gt;org.apache.commons.codec.language.bm.Lang&lt;/li&gt;
	&lt;li&gt;org.apache.commons.codec.language.bm.Languages&lt;/li&gt;
&lt;/ul&gt;
</description>
                <environment>&lt;p&gt;Apache Maven 3.1.1 (0728685237757ffbf44136acec0402957f723d9a; 2013-09-17 11:22:22-0400)&lt;br/&gt;
Maven home: C:\Java\apache-maven-3.1.1\bin\..&lt;br/&gt;
Java version: 1.6.0_45, vendor: Sun Microsystems Inc.&lt;br/&gt;
Java home: C:\Program Files\Java\jdk1.6.0_45\jre&lt;br/&gt;
Default locale: en_US, platform encoding: Cp1252&lt;br/&gt;
OS name: "windows 7", version: "6.1", arch: "amd64", family: "windows"&lt;/p&gt;</environment>
        <key id="12678067">CODEC-175</key>
            <summary>Beider Morse does not close Scanners used to read config files.</summary>
                <type id="1" iconUrl="https://issues.apache.org/jira/secure/viewavatar?size=xsmall&amp;avatarId=21133&amp;avatarType=issuetype">Bug</type>
                                            <priority id="3" iconUrl="https://issues.apache.org/jira/images/icons/priorities/major.svg">Major</priority>
                        <status id="5" iconUrl="https://issues.apache.org/jira/images/icons/statuses/resolved.png" description="A resolution has been taken, and it is awaiting verification by reporter. From here issues are either reopened, or are closed.">Resolved</status>
                    <statusCategory id="3" key="done" colorName="green" />
                                    <resolution id="1">Fixed</resolution>
                                        <assignee username="ggregory">Gary D. Gregory</assignee>
                                    <reporter username="ggregory">Gary D. Gregory</reporter>
                        <labels>
                    </labels>
                <created>Thu, 7 Nov 2013 20:40:56 +0000</created>
                <updated>Thu, 7 Nov 2013 20:41:58 +0000</updated>
                            <resolved>Thu, 7 Nov 2013 20:41:58 +0000</resolved>
                                    <version>1.8</version>
                                    <fixVersion>1.9</fixVersion>
                                        <due />
                            <votes>0</votes>
                                    <watches>1</watches>
                                                                <comments>
                            <comment id="13816395" author="garydgregory" created="Thu, 7 Nov 2013 20:41:58 +0000">&lt;div class="preformatted panel" style="border-width: 1px;"&gt;&lt;div class="preformattedContent panelContent"&gt;
&lt;pre&gt;commit -m "Make sure the scanner is always closed." C:/vcs/svn/apache/commons/trunks-proper/codec/src/main/java/org/apache/commons/codec/language/bm/Lang.java
    Sending        C:/vcs/svn/apache/commons/trunks-proper/codec/src/main/java/org/apache/commons/codec/language/bm/Lang.java
    Transmitting file data ...
    Committed revision 1539801.
commit -m "Make sure the scanner is always closed." C:/vcs/svn/apache/commons/trunks-proper/codec/src/main/java/org/apache/commons/codec/language/bm/Languages.java
    Sending        C:/vcs/svn/apache/commons/trunks-proper/codec/src/main/java/org/apache/commons/codec/language/bm/Languages.java
    Transmitting file data ...
    Committed revision 1539802.
&lt;/pre&gt;
&lt;/div&gt;&lt;/div&gt;</comment>
                    </comments>
                    <attachments>
                    </attachments>
                <subtasks>
                    </subtasks>
                <customfields>
                                                                                                                                                                                                                                                                                                                                                                                                                                                                                                                                                                                                                                                                                                                    <customfield id="customfield_12314020" key="com.atlassian.jira.plugins.jira-development-integration-plugin:devsummary">
                        <customfieldname>Development</customfieldname>
                        <customfieldvalues>
                            
                        </customfieldvalues>
                    </customfield>
                                                                                                                        <customfield id="customfield_12313422" key="com.atlassian.jirafisheyeplugin:jobcheckbox">
                        <customfieldname>Enable Automatic Patch Review</customfieldname>
                        <customfieldvalues>
                            <customfieldvalue>false</customfieldvalue>

                        </customfieldvalues>
                    </customfield>
                                                                                                                                                                                                                                                                                                                                                                                                                                                                                                                                                                                                                                                <customfield id="customfield_12310420" key="com.pyxis.greenhopper.jira:gh-global-rank">
                        <customfieldname>Global Rank</customfieldname>
                        <customfieldvalues>
                            <customfieldvalue>357442</customfieldvalue>
                        </customfieldvalues>
                    </customfield>
                                                                                                                                                                                                                                                                                                                                                                                                                                                                        <customfield id="customfield_12311820" key="com.pyxis.greenhopper.jira:gh-lexo-rank">
                        <customfieldname>Rank</customfieldname>
                        <customfieldvalues>
                            <customfieldvalue>0|i1pmbb:</customfieldvalue>

                        </customfieldvalues>
                    </customfield>
                                                                <customfield id="customfield_12310920" key="com.pyxis.greenhopper.jira:gh-global-rank">
                        <customfieldname>Rank (Obsolete)</customfieldname>
                        <customfieldvalues>
                            <customfieldvalue>357732</customfieldvalue>
                        </customfieldvalues>
                    </customfield>
                                                                                                                                                                                                                                                                                                                                                                                                                                                                                                                                                                                                                                                                                                                                                                                                                                                    </customfields>
    </item>


</channel>
</rss>