<rss version="0.92">
    <channel>
        <title>ASF JIRA</title>
        <link>https://issues.apache.org/jira/issues/?jql=project+%3D+CODEC+and+type+%3D+bug+and+%28status+%3D+RESOLVED+or+status+%3D+closed%29</link>
        <description>An XML representation of a search request</description>
                <language>en-uk</language>
                        <issue start="0" end="135" total="135" />
                <build-info>
            <version>8.20.1</version>
            <build-number>820001</build-number>
            <build-date>28-10-2021</build-date>
        </build-info>

<item>
            <title>[CODEC-187] Beider Morse Phonetic Matching producing incorrect tokens</title>
                <link>https://issues.apache.org/jira/browse/CODEC-187</link>
                <project id="12310464" key="CODEC">Commons Codec</project>
                    <description>&lt;p&gt;I believe the Beider Morse Phonetic Matching algorithm was added in Commons Codec 1.6&lt;/p&gt;

&lt;p&gt;The BMPM algorithm is an EVOLVING algorithm that is currently on version 3.02 though it had been static since version 3.01 dated 19 Dec 2011 (it was first available as opensource as version 1.00 on 6 May 2009).&lt;/p&gt;

&lt;p&gt;I can see nothing in the Commons Codec Docs to say which version of BMPM was implemented so I am not sure if the problem with the algorithm as coded in the Codec is simply an old version or whether there are more basic problems with the implementation.&lt;/p&gt;

&lt;p&gt;How do I determine the version of the algorithm that was implemented in the Commons Codec?&lt;/p&gt;

&lt;p&gt;How do we ensure that the algorithm is updated if/when the BMPM algorithm changes?&lt;/p&gt;

&lt;p&gt;How do we ensure that the algorithm as coded in the Commons Codec is accurate and working as expected?&lt;/p&gt;</description>
                <environment />
        <key id="12720471">CODEC-187</key>
            <summary>Beider Morse Phonetic Matching producing incorrect tokens</summary>
                <type id="1" iconUrl="https://issues.apache.org/jira/secure/viewavatar?size=xsmall&amp;avatarId=21133&amp;avatarType=issuetype">Bug</type>
                                            <priority id="4" iconUrl="https://issues.apache.org/jira/images/icons/priorities/minor.svg">Minor</priority>
                        <status id="6" iconUrl="https://issues.apache.org/jira/images/icons/statuses/closed.png" description="The issue is considered finished, the resolution is correct. Issues which are not closed can be reopened.">Closed</status>
                    <statusCategory id="3" key="done" colorName="green" />
                                    <resolution id="1">Fixed</resolution>
                                        <assignee username="-1">Unassigned</assignee>
                                    <reporter username="mikkitobi">michael tobias</reporter>
                        <labels>
                    </labels>
                <created>Tue, 10 Jun 2014 22:49:23 +0000</created>
                <updated>Thu, 3 Dec 2015 23:10:28 +0000</updated>
                            <resolved>Sat, 1 Nov 2014 13:57:27 +0000</resolved>
                                    <version>1.9</version>
                                    <fixVersion>1.10</fixVersion>
                                        <due />
                            <votes>0</votes>
                                    <watches>6</watches>
                                                                <comments>
                            <comment id="14027210" author="garydgregory" created="Tue, 10 Jun 2014 23:28:39 +0000">&lt;p&gt;JIRA is not a support forum. Please ask your questions on the user or developer mailing list.&lt;/p&gt;

&lt;p&gt;If you have a bug to report, please submit examples of input and output, a unit test would be best.&lt;/p&gt;

&lt;p&gt;The principal author of BM code may monitor the ML, where he will hopefully answer your questions.&lt;/p&gt;</comment>
                            <comment id="14027232" author="mikkitobi" created="Tue, 10 Jun 2014 23:53:34 +0000">&lt;p&gt;I believe I DID submit a bug report - but it would have made my job much easier had I known the VERSION of the BMPM algorithm programmed into the Commons Codec.&lt;/p&gt;

&lt;p&gt;I believe it is also vitally important to have the algorithm version DOCUMENTED.  It is a BUG not to specify the version of an algorithm implemented when that algorithm is not static but is subject to revision.&lt;/p&gt;

&lt;p&gt;Here is an example showing the bug in tokens returned:&lt;/p&gt;

&lt;p&gt;Using the default nameType="GENERIC" ruleType="APPROX" languageSet="auto" the name "Abram" should produce phonetic tokens as follows:&lt;/p&gt;

&lt;p&gt;abram abrom avram avrom obram obrom ovram ovrom Ybram Ybrom abran abron obran obron &lt;/p&gt;

&lt;p&gt;these results for the name Abram have been unchanged since BMPM version 2.0 dated 18 June 2009.&lt;/p&gt;

&lt;p&gt;but the BMPM in the Commons Codec returns:&lt;/p&gt;

&lt;p&gt;abram abrom avram avrom obram obrom ovram ovrom abran abron obran obron&lt;/p&gt;

&lt;p&gt;ie we are missing the 2 tokens:&lt;/p&gt;

&lt;p&gt;Ybram Ybrom &lt;/p&gt;

&lt;p&gt;if this one example is wrong then how many others will be?&lt;/p&gt;

&lt;p&gt;How much testing was done of the coding?&lt;/p&gt;

</comment>
                            <comment id="14027331" author="mikkitobi" created="Wed, 11 Jun 2014 01:53:37 +0000">&lt;p&gt;In case this helps debugging....&lt;/p&gt;

&lt;p&gt;here is a debug trace from Steve Morse' BMPM implementation of the algorithm for GENERIC, APPROX, autolanguage for the name "abram":&lt;/p&gt;


&lt;p&gt;---------------------------------------------------------------------------------------------------------&lt;/p&gt;

&lt;p&gt;applying language rules from (rulesany) to abram using languages 239840&lt;/p&gt;

&lt;p&gt;char codes = &lt;a href="#61" target="_blank" rel="noopener"&gt;61&lt;/a&gt;a &lt;a href="#62" target="_blank" rel="noopener"&gt;62&lt;/a&gt;b &lt;a href="#72" target="_blank" rel="noopener"&gt;72&lt;/a&gt;r &lt;a href="#61" target="_blank" rel="noopener"&gt;61&lt;/a&gt;a &lt;a href="#6d" target="_blank" rel="noopener"&gt;6d&lt;/a&gt;m&lt;/p&gt;

&lt;p&gt;applying rule #248&lt;br/&gt;
   pattern=a&lt;br/&gt;
   lcontext=&lt;br/&gt;
   rcontext=&lt;br/&gt;
   subst=A&lt;br/&gt;
   result=A&lt;/p&gt;

&lt;p&gt;applying rule #249&lt;br/&gt;
   pattern=b&lt;br/&gt;
   lcontext=&lt;br/&gt;
   rcontext=&lt;br/&gt;
   subst=B&lt;br/&gt;
   result=AB&lt;/p&gt;

&lt;p&gt;applying rule #265&lt;br/&gt;
   pattern=r&lt;br/&gt;
   lcontext=&lt;br/&gt;
   rcontext=&lt;br/&gt;
   subst=r&lt;br/&gt;
   result=ABr&lt;/p&gt;

&lt;p&gt;applying rule #248&lt;br/&gt;
   pattern=a&lt;br/&gt;
   lcontext=&lt;br/&gt;
   rcontext=&lt;br/&gt;
   subst=A&lt;br/&gt;
   result=ABrA&lt;/p&gt;

&lt;p&gt;applying rule #27&lt;br/&gt;
   pattern=m&lt;br/&gt;
   lcontext=&lt;span class="error"&gt;&amp;#91;aeiouy&amp;#93;&lt;/span&gt;&lt;br/&gt;
   rcontext=&lt;br/&gt;
   subst=(m|n&lt;span class="error"&gt;&amp;#91;16448&amp;#93;&lt;/span&gt;)&lt;br/&gt;
   result=(ABrAm&lt;span class="error"&gt;&amp;#91;239840&amp;#93;&lt;/span&gt;|ABrAn&lt;span class="error"&gt;&amp;#91;64&amp;#93;&lt;/span&gt;)&lt;/p&gt;

&lt;p&gt;after language rules: (ABrAm&lt;span class="error"&gt;&amp;#91;239840&amp;#93;&lt;/span&gt;|ABrAn&lt;span class="error"&gt;&amp;#91;64&amp;#93;&lt;/span&gt;)&lt;/p&gt;


&lt;p&gt;applying final rules from (exactapproxcommon plus approxcommon) to ABrAm&lt;span class="error"&gt;&amp;#91;239840&amp;#93;&lt;/span&gt;&lt;br/&gt;
no rules match for phonetic item 0 at position 0: A&lt;br/&gt;
no rules match for phonetic item 0 at position 1: AB&lt;br/&gt;
no rules match for phonetic item 0 at position 2: ABr&lt;br/&gt;
no rules match for phonetic item 0 at position 3: ABrA&lt;br/&gt;
no rules match for phonetic item 0 at position 4: ABrAm&lt;/p&gt;

&lt;p&gt;applying final rules from (exactapproxcommon plus approxcommon) to ABrAn&lt;span class="error"&gt;&amp;#91;64&amp;#93;&lt;/span&gt;&lt;br/&gt;
no rules match for phonetic item 1 at position 0: A&lt;br/&gt;
no rules match for phonetic item 1 at position 1: AB&lt;br/&gt;
no rules match for phonetic item 1 at position 2: ABr&lt;br/&gt;
no rules match for phonetic item 1 at position 3: ABrA&lt;br/&gt;
no rules match for phonetic item 1 at position 4: ABrAn&lt;/p&gt;

&lt;p&gt;applying final rules from (approxany) to ABrAm&lt;span class="error"&gt;&amp;#91;239840&amp;#93;&lt;/span&gt;&lt;br/&gt;
after applying final rule #60 to phonetic item #0 at position 0: (a&lt;span class="error"&gt;&amp;#91;239840&amp;#93;&lt;/span&gt;|o&lt;span class="error"&gt;&amp;#91;239840&amp;#93;&lt;/span&gt;|Y&lt;span class="error"&gt;&amp;#91;128&amp;#93;&lt;/span&gt;) pattern=A lcontext= rcontext= subst=(a|o|Y&lt;span class="error"&gt;&amp;#91;128&amp;#93;&lt;/span&gt;)&lt;br/&gt;
after applying final rule #3 to phonetic item #0 at position 1: (ab&lt;span class="error"&gt;&amp;#91;239840&amp;#93;&lt;/span&gt;|av&lt;span class="error"&gt;&amp;#91;131072&amp;#93;&lt;/span&gt;|ob&lt;span class="error"&gt;&amp;#91;239840&amp;#93;&lt;/span&gt;|ov&lt;span class="error"&gt;&amp;#91;131072&amp;#93;&lt;/span&gt;|Yb&lt;span class="error"&gt;&amp;#91;128&amp;#93;&lt;/span&gt;) pattern=B lcontext= rcontext= subst=(b|v&lt;span class="error"&gt;&amp;#91;131072&amp;#93;&lt;/span&gt;)&lt;br/&gt;
no rules match for phonetic item 0 at position 2: (ab&lt;span class="error"&gt;&amp;#91;239840&amp;#93;&lt;/span&gt;|av&lt;span class="error"&gt;&amp;#91;131072&amp;#93;&lt;/span&gt;|ob&lt;span class="error"&gt;&amp;#91;239840&amp;#93;&lt;/span&gt;|ov&lt;span class="error"&gt;&amp;#91;131072&amp;#93;&lt;/span&gt;|Yb&lt;span class="error"&gt;&amp;#91;128&amp;#93;&lt;/span&gt;)r&lt;br/&gt;
after applying final rule #56 to phonetic item #0 at position 3: (abra&lt;span class="error"&gt;&amp;#91;239840&amp;#93;&lt;/span&gt;|abro&lt;span class="error"&gt;&amp;#91;239840&amp;#93;&lt;/span&gt;|avra&lt;span class="error"&gt;&amp;#91;131072&amp;#93;&lt;/span&gt;|avro&lt;span class="error"&gt;&amp;#91;131072&amp;#93;&lt;/span&gt;|obra&lt;span class="error"&gt;&amp;#91;239840&amp;#93;&lt;/span&gt;|obro&lt;span class="error"&gt;&amp;#91;239840&amp;#93;&lt;/span&gt;|ovra&lt;span class="error"&gt;&amp;#91;131072&amp;#93;&lt;/span&gt;|ovro&lt;span class="error"&gt;&amp;#91;131072&amp;#93;&lt;/span&gt;|Ybra&lt;span class="error"&gt;&amp;#91;128&amp;#93;&lt;/span&gt;|Ybro&lt;span class="error"&gt;&amp;#91;128&amp;#93;&lt;/span&gt;) pattern=A lcontext= rcontext=&lt;span class="error"&gt;&amp;#91;fklmnprst&amp;#93;&lt;/span&gt;$ subst=(a|o)&lt;br/&gt;
no rules match for phonetic item 0 at position 4: (abra&lt;span class="error"&gt;&amp;#91;239840&amp;#93;&lt;/span&gt;|abro&lt;span class="error"&gt;&amp;#91;239840&amp;#93;&lt;/span&gt;|avra&lt;span class="error"&gt;&amp;#91;131072&amp;#93;&lt;/span&gt;|avro&lt;span class="error"&gt;&amp;#91;131072&amp;#93;&lt;/span&gt;|obra&lt;span class="error"&gt;&amp;#91;239840&amp;#93;&lt;/span&gt;|obro&lt;span class="error"&gt;&amp;#91;239840&amp;#93;&lt;/span&gt;|ovra&lt;span class="error"&gt;&amp;#91;131072&amp;#93;&lt;/span&gt;|ovro&lt;span class="error"&gt;&amp;#91;131072&amp;#93;&lt;/span&gt;|Ybra&lt;span class="error"&gt;&amp;#91;128&amp;#93;&lt;/span&gt;|Ybro&lt;span class="error"&gt;&amp;#91;128&amp;#93;&lt;/span&gt;)m&lt;/p&gt;

&lt;p&gt;applying final rules from (approxany) to ABrAn&lt;span class="error"&gt;&amp;#91;64&amp;#93;&lt;/span&gt;&lt;br/&gt;
after applying final rule #60 to phonetic item #1 at position 0: (a&lt;span class="error"&gt;&amp;#91;239840&amp;#93;&lt;/span&gt;|o&lt;span class="error"&gt;&amp;#91;239840&amp;#93;&lt;/span&gt;|Y&lt;span class="error"&gt;&amp;#91;128&amp;#93;&lt;/span&gt;) pattern=A lcontext= rcontext= subst=(a|o|Y&lt;span class="error"&gt;&amp;#91;128&amp;#93;&lt;/span&gt;)&lt;br/&gt;
after applying final rule #3 to phonetic item #1 at position 1: (ab&lt;span class="error"&gt;&amp;#91;239840&amp;#93;&lt;/span&gt;|av&lt;span class="error"&gt;&amp;#91;131072&amp;#93;&lt;/span&gt;|ob&lt;span class="error"&gt;&amp;#91;239840&amp;#93;&lt;/span&gt;|ov&lt;span class="error"&gt;&amp;#91;131072&amp;#93;&lt;/span&gt;|Yb&lt;span class="error"&gt;&amp;#91;128&amp;#93;&lt;/span&gt;) pattern=B lcontext= rcontext= subst=(b|v&lt;span class="error"&gt;&amp;#91;131072&amp;#93;&lt;/span&gt;)&lt;br/&gt;
no rules match for phonetic item 1 at position 2: (ab&lt;span class="error"&gt;&amp;#91;239840&amp;#93;&lt;/span&gt;|av&lt;span class="error"&gt;&amp;#91;131072&amp;#93;&lt;/span&gt;|ob&lt;span class="error"&gt;&amp;#91;239840&amp;#93;&lt;/span&gt;|ov&lt;span class="error"&gt;&amp;#91;131072&amp;#93;&lt;/span&gt;|Yb&lt;span class="error"&gt;&amp;#91;128&amp;#93;&lt;/span&gt;)r&lt;br/&gt;
after applying final rule #56 to phonetic item #1 at position 3: (abra&lt;span class="error"&gt;&amp;#91;239840&amp;#93;&lt;/span&gt;|abro&lt;span class="error"&gt;&amp;#91;239840&amp;#93;&lt;/span&gt;|avra&lt;span class="error"&gt;&amp;#91;131072&amp;#93;&lt;/span&gt;|avro&lt;span class="error"&gt;&amp;#91;131072&amp;#93;&lt;/span&gt;|obra&lt;span class="error"&gt;&amp;#91;239840&amp;#93;&lt;/span&gt;|obro&lt;span class="error"&gt;&amp;#91;239840&amp;#93;&lt;/span&gt;|ovra&lt;span class="error"&gt;&amp;#91;131072&amp;#93;&lt;/span&gt;|ovro&lt;span class="error"&gt;&amp;#91;131072&amp;#93;&lt;/span&gt;|Ybra&lt;span class="error"&gt;&amp;#91;128&amp;#93;&lt;/span&gt;|Ybro&lt;span class="error"&gt;&amp;#91;128&amp;#93;&lt;/span&gt;) pattern=A lcontext= rcontext=&lt;span class="error"&gt;&amp;#91;fklmnprst&amp;#93;&lt;/span&gt;$ subst=(a|o)&lt;br/&gt;
no rules match for phonetic item 1 at position 4: (abra&lt;span class="error"&gt;&amp;#91;239840&amp;#93;&lt;/span&gt;|abro&lt;span class="error"&gt;&amp;#91;239840&amp;#93;&lt;/span&gt;|avra&lt;span class="error"&gt;&amp;#91;131072&amp;#93;&lt;/span&gt;|avro&lt;span class="error"&gt;&amp;#91;131072&amp;#93;&lt;/span&gt;|obra&lt;span class="error"&gt;&amp;#91;239840&amp;#93;&lt;/span&gt;|obro&lt;span class="error"&gt;&amp;#91;239840&amp;#93;&lt;/span&gt;|ovra&lt;span class="error"&gt;&amp;#91;131072&amp;#93;&lt;/span&gt;|ovro&lt;span class="error"&gt;&amp;#91;131072&amp;#93;&lt;/span&gt;|Ybra&lt;span class="error"&gt;&amp;#91;128&amp;#93;&lt;/span&gt;|Ybro&lt;span class="error"&gt;&amp;#91;128&amp;#93;&lt;/span&gt;)n&lt;/p&gt;


&lt;p&gt;(abram|abrom|avram|avrom|obram|obrom|ovram|ovrom|Ybram|Ybrom|abran|abron|obran|obron) &lt;/p&gt;</comment>
                            <comment id="14027502" author="tn" created="Wed, 11 Jun 2014 07:17:30 +0000">&lt;p&gt;The problem that you have found is related to some of the rules file (gen_approx_any.txt):&lt;/p&gt;

&lt;p&gt;instead of&lt;/p&gt;

&lt;div class="preformatted panel" style="border-width: 1px;"&gt;&lt;div class="preformattedContent panelContent"&gt;
&lt;pre&gt;"A" "" "[^aeiouAEBFIOU]e" "(a|o|Y[$german]|D[$english])" // "plane"
&lt;/pre&gt;
&lt;/div&gt;&lt;/div&gt;

&lt;p&gt;it should be&lt;/p&gt;

&lt;div class="preformatted panel" style="border-width: 1px;"&gt;&lt;div class="preformattedContent panelContent"&gt;
&lt;pre&gt;"A" "" "[^aeiouAEBFIOU]e" "(a|o|Y[german]|D[english])" // "plane"
&lt;/pre&gt;
&lt;/div&gt;&lt;/div&gt;

&lt;p&gt;There are other occurrences of the same error in this file, maybe in others too.&lt;br/&gt;
The more serious problem is now that it looks like a 1:1 translation of the original php code from the authors of the algorithm which is released as GPL code. Now, I am not sure if we received permission to include the rules in codec under the Apache license as otherwise we have a real problem here.&lt;/p&gt;</comment>
                            <comment id="14027506" author="mikkitobi" created="Wed, 11 Jun 2014 07:25:58 +0000">&lt;p&gt;Thanks Thomas&lt;/p&gt;

&lt;p&gt;Whose permission do you need?&lt;/p&gt;

&lt;p&gt;If from Steve Morse and Alexander Beider then I am sure the permission was granted.  I can confirm with them both anything that is required.&lt;/p&gt;

&lt;p&gt;Regards&lt;/p&gt;

&lt;p&gt;Michael&lt;/p&gt;</comment>
                            <comment id="14027517" author="tn" created="Wed, 11 Jun 2014 07:42:05 +0000">&lt;p&gt;Looking at &lt;a href="https://issues.apache.org/jira/browse/CODEC-125" title="Implement a Beider-Morse phonetic matching codec" class="issue-link" data-issue-key="CODEC-125"&gt;&lt;del&gt;CODEC-125&lt;/del&gt;&lt;/a&gt; the author of the patch mentioned that it is a port of php code but it was never discussed under which license the original code is released.&lt;/p&gt;

&lt;p&gt;We would need permission from the original authors of the php code (namely Beider and Morse) but this should be better discussed on the mailinglist.&lt;/p&gt;</comment>
                            <comment id="14027526" author="mikkitobi" created="Wed, 11 Jun 2014 08:01:14 +0000">&lt;p&gt;which mailing list?&lt;/p&gt;

&lt;p&gt;dev@commons.apache.org  ?&lt;/p&gt;

&lt;p&gt;I am 100% sure that the license granted by Beider and Morse was for the entire algorithm, php code and all associated rules files but I can get them to confirm.  how does that become 'official' ?&lt;/p&gt;
</comment>
                            <comment id="14027567" author="tn" created="Wed, 11 Jun 2014 09:17:34 +0000">&lt;blockquote&gt;
&lt;p&gt;which mailing list?&lt;br/&gt;
dev@commons.apache.org ?&lt;/p&gt;&lt;/blockquote&gt;

&lt;p&gt;yes.&lt;/p&gt;

&lt;blockquote&gt;
&lt;p&gt;I am 100% sure that the license granted by Beider and Morse was for the entire algorithm, php code and all associated rules files but I can get them to confirm. how does that become 'official' ?&lt;/p&gt;&lt;/blockquote&gt;

&lt;p&gt;Well, that's the actual problem. Everything released from them is licensed under GPL, which means you can not just take the code and port it to another language and put an Apache license around it. This is something that the commons project and its maintainers have to clarify.&lt;/p&gt;</comment>
                            <comment id="14027571" author="mikkitobi" created="Wed, 11 Jun 2014 09:25:13 +0000">&lt;p&gt;ok Thomas so how do we proceed as I am not 100% sure I understand the problem fully.&lt;/p&gt;

&lt;p&gt;I have already posted messages on dev and users about the BMPM tokens bug.  Do you want to reply on dev raising the license issue?&lt;/p&gt;

&lt;p&gt;Michael&lt;/p&gt;</comment>
                            <comment id="14027575" author="tn" created="Wed, 11 Jun 2014 09:35:04 +0000">&lt;p&gt;Fixing the bug is simple.&lt;/p&gt;

&lt;p&gt;What would be helpful is to have a set of tokens to compare the results with the original implementation and our code. You started with this in your post, but it would be good to have a proper unit test for this.&lt;/p&gt;

&lt;p&gt;Regarding the license issue: commons is a project with developers all around the world which are living in different timezones, so it usually takes some time until all involved people had a chance to take a look.&lt;/p&gt;</comment>
                            <comment id="14027597" author="mikkitobi" created="Wed, 11 Jun 2014 10:16:32 +0000">&lt;p&gt;I am not aware of any test data set to run comparisons against.  There are however some online tools (written by Steve Morse) where you can generate the tokens for any words but until yesterday these tools only produced tokens based on the latest version of the BMPM code and only used GENERIC, APPROX.  Hence my questions about what version of the algorithm had actually been coded into the Commons Codec.&lt;/p&gt;

&lt;p&gt;Steve has now produced a modified system where you can select any of the code versions and the types of tokens required.&lt;/p&gt;

&lt;p&gt;This can be found at:&lt;/p&gt;

&lt;p&gt;&lt;a href="http://stevemorse.org/census/soundex.html" class="external-link" target="_blank" rel="nofollow noopener"&gt;http://stevemorse.org/census/soundex.html&lt;/a&gt;&lt;/p&gt;

&lt;p&gt;While playing with this new tool I realised that the encoding of the sample I was using (abram) had not changed since 2009 and so the problem in the Commons Codec was likely NOT a version issue.&lt;/p&gt;

&lt;p&gt;I dont think there is a changes log between versions (but I am chasing Steve on this) but I suspect almost all changes made since 2009 affect only a few specific words/letter combinations, though there might be more changes for specific languages.&lt;/p&gt;

&lt;p&gt;A modified version of this message can be posted to dev if you think it worthwhile.&lt;/p&gt;</comment>
                            <comment id="14027599" author="mikkitobi" created="Wed, 11 Jun 2014 10:19:37 +0000">&lt;p&gt;Sorry I should have added, there is also another URL provided by Steve where debug information can be provided (similar to the debug info I posted earlier). This debug version is only available for the latest version 3.02 of the algorithm. I would prefer to make this URL public only to those who would be involved in the re-coding and testing.&lt;/p&gt;</comment>
                            <comment id="14028446" author="tn" created="Wed, 11 Jun 2014 21:46:41 +0000">&lt;p&gt;Attached a patch that fixes the following:&lt;/p&gt;

&lt;ul&gt;
	&lt;li&gt;add entry in NOTICE.txt about the origin of the code&lt;/li&gt;
	&lt;li&gt;fix rule files which still contained some php artifacts (namely $)&lt;/li&gt;
	&lt;li&gt;added unit test for the case found by Michael&lt;/li&gt;
	&lt;li&gt;added @see tags to the BeiderMorseEncoder with references to the homepage of the original authors&lt;/li&gt;
	&lt;li&gt;adapted unit tests as now more tokens are returned in some cases&lt;/li&gt;
&lt;/ul&gt;


&lt;p&gt;There is still some difference to the original code in the sense that the output of our encoder is sorted, while the original code does not sort the output. Example: angelo&lt;/p&gt;

&lt;ul&gt;
	&lt;li&gt;original&lt;/li&gt;
&lt;/ul&gt;


&lt;div class="preformatted panel" style="border-width: 1px;"&gt;&lt;div class="preformattedContent panelContent"&gt;
&lt;pre&gt;angilo angYlo agilo ongilo ongYlo ogilo Yngilo YngYlo anxilo onxilo anilo onilo aniilo oniilo anzilo onzilo 
&lt;/pre&gt;
&lt;/div&gt;&lt;/div&gt;

&lt;ul&gt;
	&lt;li&gt;ours&lt;/li&gt;
&lt;/ul&gt;


&lt;div class="preformatted panel" style="border-width: 1px;"&gt;&lt;div class="preformattedContent panelContent"&gt;
&lt;pre&gt;YngYlo Yngilo agilo angYlo angilo aniilo anilo anxilo anzilo ogilo ongYlo ongilo oniilo onilo onxilo onzilo 
&lt;/pre&gt;
&lt;/div&gt;&lt;/div&gt;

&lt;p&gt;The relevant code line is in PhoneticEngine.java line 339:&lt;/p&gt;

&lt;div class="preformatted panel" style="border-width: 1px;"&gt;&lt;div class="preformattedContent panelContent"&gt;
&lt;pre&gt;final Set&amp;lt;Rule.Phoneme&amp;gt; phonemes = new TreeSet&amp;lt;Rule.Phoneme&amp;gt;(Rule.Phoneme.COMPARATOR);
&lt;/pre&gt;
&lt;/div&gt;&lt;/div&gt;

&lt;p&gt;changing this to a LinkedHashSet restores the original behavior, although I am not sure if we should do this might introduce a regression in solr.&lt;/p&gt;</comment>
                            <comment id="14028471" author="mikkitobi" created="Wed, 11 Jun 2014 22:07:24 +0000">&lt;p&gt;Many thanks for the prompt action Thomas&lt;/p&gt;

&lt;p&gt;but now the $64000 question - how do I apply the patch to my Solr installation?&lt;/p&gt;

&lt;p&gt;regards&lt;/p&gt;

&lt;p&gt;Michael&lt;/p&gt;</comment>
                            <comment id="14028961" author="tn" created="Thu, 12 Jun 2014 09:19:42 +0000">&lt;p&gt;You can download the latest snapshot build from here:&lt;/p&gt;

&lt;p&gt;&lt;a href="http://repository.apache.org/content/groups/snapshots/commons-codec/commons-codec/1.10-SNAPSHOT/commons-codec-1.10-20140611.232134-12.jar" class="external-link" target="_blank" rel="nofollow noopener"&gt;http://repository.apache.org/content/groups/snapshots/commons-codec/commons-codec/1.10-SNAPSHOT/commons-codec-1.10-20140611.232134-12.jar&lt;/a&gt;&lt;/p&gt;

&lt;p&gt;Then replace the existing commons-codec jar in your solr installation with the downloaded one.&lt;/p&gt;</comment>
                            <comment id="14029098" author="garydgregory" created="Thu, 12 Jun 2014 12:26:11 +0000">&lt;div class="preformatted panel" style="border-width: 1px;"&gt;&lt;div class="preformattedContent panelContent"&gt;
&lt;pre&gt;
commit -m "&amp;lt;action dev="ggregory" type="fix" issue="CODEC-187" due-to="Michael Tobias, Thomas Neidhart"&amp;gt;Beider Morse Phonetic Matching producing incorrect tokens&amp;lt;/action&amp;gt;" (7 paths specified)
    Sending        C:/vcs/svn/apache/commons/trunks-proper/codec/NOTICE.txt
    Sending        C:/vcs/svn/apache/commons/trunks-proper/codec/src/changes/changes.xml
    Sending        C:/vcs/svn/apache/commons/trunks-proper/codec/src/main/java/org/apache/commons/codec/language/bm/BeiderMorseEncoder.java
    Sending        C:/vcs/svn/apache/commons/trunks-proper/codec/src/main/resources/org/apache/commons/codec/language/bm/ash_approx_any.txt
    Sending        C:/vcs/svn/apache/commons/trunks-proper/codec/src/main/resources/org/apache/commons/codec/language/bm/ash_rules_any.txt
    Sending        C:/vcs/svn/apache/commons/trunks-proper/codec/src/main/resources/org/apache/commons/codec/language/bm/gen_approx_any.txt
    Sending        C:/vcs/svn/apache/commons/trunks-proper/codec/src/test/java/org/apache/commons/codec/language/bm/PhoneticEngineRegressionTest.java
    Transmitting file data ...
    Committed revision 1602044.
&lt;/pre&gt;
&lt;/div&gt;&lt;/div&gt;</comment>
                            <comment id="14029115" author="mikkitobi" created="Thu, 12 Jun 2014 12:49:02 +0000">&lt;p&gt;Hmmm not working.&lt;/p&gt;

&lt;p&gt;I downloaded and copied into my solr-4.8.1-0\java\bin\solr-webapp\webapp\WEB-INF\lib directory having stopped Solr and then renamed the existing commons-codec-1.9.jar file and then renamed the new build to commons-codec-1.9.jar .&lt;/p&gt;

&lt;p&gt;After a restart of Solr the BMPM is functioning the same as before....&lt;/p&gt;

&lt;p&gt;Do I have to do anything else ? Reboot?&lt;/p&gt;

&lt;p&gt;Michael&lt;/p&gt;
</comment>
                            <comment id="14029757" author="tn" created="Thu, 12 Jun 2014 20:30:25 +0000">&lt;p&gt;Renaming the original jar may not be enough, better to remove it from this folder.&lt;br/&gt;
I am not an expert in solr, maybe ask on their mailinglist for advice.&lt;/p&gt;</comment>
                            <comment id="14030026" author="mikkitobi" created="Thu, 12 Jun 2014 23:44:58 +0000">&lt;p&gt;OK I have it working. There were TWO copies and I changed the wrong one.&lt;/p&gt;

&lt;p&gt;BUT I am afraid the BUG is still not fixed.&lt;/p&gt;

&lt;p&gt;GENERIC APPROX is now good for the (limited) testing I have done but ASHKENAZI APPROX is unchanged:&lt;/p&gt;

&lt;p&gt;ASHKENAZI APPROX: - fails dreadfully!&lt;br/&gt;
Should create tokens: abram abrom avram avrom obram obrom ovram ovrom Ybram Ybrom ombram ombrom imbram imbrom&lt;br/&gt;
Solr creates: abrAm AvrAm BbrAm&lt;/p&gt;

&lt;p&gt;I can supply the relevant debug info if you need it.&lt;/p&gt;

&lt;p&gt;Michael&lt;/p&gt;</comment>
                            <comment id="14030450" author="tn" created="Fri, 13 Jun 2014 10:24:02 +0000">&lt;p&gt;the rule file for ashkenazi approx is very different from the original version, maybe by mistake or for another reason.&lt;/p&gt;

&lt;p&gt;We should create a separate issue to upgrade the rule files to the latest version, i.e. 3.02&lt;/p&gt;</comment>
                            <comment id="14030762" author="mikkitobi" created="Fri, 13 Jun 2014 15:40:40 +0000">&lt;p&gt;but the rules for ashkenazi approx have not changed since 2009.....  it was clearly wrong at the first implementation.&lt;/p&gt;

&lt;p&gt;Do you want me to re-open this issue or create a new one?&lt;/p&gt;

&lt;p&gt;I am happy to spend time working with you to test the tokens produced by any code update.&lt;/p&gt;

&lt;p&gt;There is another issue however.  If we are fixing bugs in the BMPM algorithm and then also updating the rules to the latest version (which should not really be very different from the original version coded) then any indexes generated using BMPM should really be re-created because anybody updating their commons codec will find that new indexing and queries will be producing different tokens from those in existing indexes and so queries might not find existing records.&lt;/p&gt;

&lt;p&gt;Will the issue of a new commons codec be accompanied by detailed information advising all existing indexes using BMPM to be re-created?&lt;/p&gt;

&lt;p&gt;Michael&lt;/p&gt;</comment>
                            <comment id="14030773" author="garydgregory" created="Fri, 13 Jun 2014 15:50:56 +0000">&lt;p&gt;Feel free to write up any documentation you deem useful and attach it here as a patch file or a plain text file. We can add this to the release notes I would guess as this is the only place that make sense.&lt;/p&gt;</comment>
                            <comment id="14030799" author="mikkitobi" created="Fri, 13 Jun 2014 16:20:16 +0000">&lt;p&gt;when we get to that point I will happily do so.&lt;/p&gt;

&lt;p&gt;Gary should I start a new issue for the continuing bug(s) ?&lt;/p&gt;

&lt;p&gt;I was also wondering..... (dangerous I know).&lt;/p&gt;

&lt;p&gt;Because of the potential existing index issues after the revised code is issued (though it looks like anybody using EXACT is probably ok), would it be possible / better for us to leave the current BMPM coding untouched from 1.9 and issue the bug-fixed version as a BMPM3.02 ADDITIONAL functionality?  In that way existing users could continue to use the current (buggy) versions if it works fine for them while those wanting/needing the full correct implementation could use the 3.02 version.  This would also make it 100% clear which version of the algorithm is coded/being used. &lt;/p&gt;

&lt;p&gt;I realise this means we are 'bloating' the Codec having 2 versions of the code, but it does actually keep things quite clean and allows users to ignore the bug-fixes and/or move over to the fixed 3.02 version in their own time.&lt;/p&gt;

&lt;p&gt;It could also be made clear that eventually the original buggy BMPM will be dropped and users would be encouraged to adopt the 3.02 version.&lt;/p&gt;

&lt;p&gt;What do you think?&lt;/p&gt;

&lt;p&gt;Michael&lt;/p&gt;</comment>
                            <comment id="14031171" author="garydgregory" created="Fri, 13 Jun 2014 21:07:30 +0000">&lt;p&gt;Well... that's a good question and I'd love to have Matthew P's opinion.&lt;/p&gt;

&lt;p&gt;Should we support more than one version of the algo in the first place?&lt;/p&gt;

&lt;p&gt;This needs the thoughts of some SMEs.&lt;/p&gt;

&lt;p&gt;From a user's perspective, I could see using a factory method with a version argument return an implementation.&lt;/p&gt;

&lt;p&gt;First, we need to decide whether multiple versions should be supported within the same code base.&lt;/p&gt;</comment>
                            <comment id="14031191" author="tn" created="Fri, 13 Jun 2014 21:26:21 +0000">&lt;p&gt;This has to be further analysed, but I doubt that the algorithm / code has changed at all. The Beider Morse phonetic encoder is a generic rule-based replacement algorithm with domain-specific rules.&lt;/p&gt;

&lt;p&gt;Having said this, I could imagine that we add different versions of the rules and allow the user to create instances of the BeiderMorseEncoder using different rulesets. Just keep in mind that the current ruleset is approx. 548kB uncompressed and ~115kB compressed, which means if we add multiple versions this would further increase the size of the jar file.&lt;/p&gt;

&lt;p&gt;Furthermore, if updates to the rules just result in more tokens to be returned, no re-indexing would be necessary imho (it might create better results though).&lt;/p&gt;</comment>
                            <comment id="14031233" author="mikkitobi" created="Fri, 13 Jun 2014 21:55:54 +0000">&lt;p&gt;I agree that you probably dont want to add TOO many versions into the code - because of code size issues.&lt;/p&gt;

&lt;p&gt;I have done very limited testing of the Codec implementation.  It APPEARS that the EXACT algorithm is working fine and also SEPHARDIC APPROX.  GENERIC APPROX - APPEARS to be missing some tokens which you argue might not require re-indexing, but the ASHKENAZI APPROX results are just downright WRONG and anybody who has created such tokens/indexes is not getting good results.&lt;/p&gt;

&lt;p&gt;The BMPM rules/algorithm is fairly stable/static now so I am not sure whether it will ever be necessary to implement further versions into the CODEC.&lt;/p&gt;

&lt;p&gt;Can I suggest that you consider a 2-version approach? 1 - the current existing faulty code, kept for backwards compatibility with existing indexes and the 2nd version 3.02 being the most current and likely to remain adequate for the foreseeable future?&lt;/p&gt;

&lt;p&gt;Michael&lt;/p&gt;

</comment>
                            <comment id="14031565" author="ggregory" created="Sat, 14 Jun 2014 12:56:45 +0000">&lt;p&gt;It sounds like the code is so broken that it needs to be fixed. keeping it around does not make a lot of sense. I'd like to get Matthew's opinion. &lt;/p&gt;</comment>
                            <comment id="14031571" author="mikkitobi" created="Sat, 14 Jun 2014 13:46:08 +0000">&lt;p&gt;I am not sure Matthew is still around.... He has certainly not been commenting on the thread so far.&lt;/p&gt;

&lt;p&gt;The email thread I sent from Steve Morse does have Matthews email address (from 2011) but you probably have an address for him already.&lt;/p&gt;

&lt;p&gt;Are we re-opening this issue or starting a new one?&lt;/p&gt;</comment>
                            <comment id="14031822" author="tn" created="Sun, 15 Jun 2014 09:43:17 +0000">&lt;p&gt;Attached a patch for fix the rules for ashkenazi for approximate encoding for any language.&lt;/p&gt;

&lt;p&gt;Now the results with the original version are identical.&lt;br/&gt;
Actually, we should verify all rules for discrepancies, although this is quite a tedious work.&lt;/p&gt;

&lt;p&gt;Furthermore, we will need permission similar to the one expressed in the  email conversation as it technically only permits the original patch author (Matthew) to do a translation of an undefined version of the original source to an Apache licensed code.&lt;/p&gt;</comment>
                            <comment id="14031829" author="mikkitobi" created="Sun, 15 Jun 2014 10:30:50 +0000">&lt;p&gt;Thats great Thomas.  Can you point me to the build so I can download/install and test further?  I am happy to do more testing on it.&lt;/p&gt;

&lt;p&gt;Is the java code now based on BMPM version 3.20?&lt;/p&gt;

&lt;p&gt;The Codec docs state:&lt;/p&gt;

&lt;p&gt;"languageSet&lt;br/&gt;
: The language set to use. The value "auto" will allow the Filter to identify the language, or a comma-separated list can be supplied"&lt;/p&gt;

&lt;p&gt;but I cannot find anywhere the list of permissable values for the language. Can you let me have the list in the code so that I can test that a little too?&lt;/p&gt;

&lt;p&gt;If you let me know what version I will get an email from Steve and Alexander to confirm their approval.&lt;/p&gt;

&lt;p&gt;Thanks again&lt;/p&gt;</comment>
                            <comment id="14035858" author="tn" created="Wed, 18 Jun 2014 15:52:25 +0000">&lt;p&gt;The patch is not yet applied to trunk, thus you would have to download the latest version of codec yourself, apply the patch and create the jar.&lt;/p&gt;

&lt;p&gt;It is not so difficult, but you will probably need some tools to install.&lt;/p&gt;

&lt;p&gt;For the languages, you can do the following:&lt;/p&gt;

&lt;div class="preformatted panel" style="border-width: 1px;"&gt;&lt;div class="preformattedContent panelContent"&gt;
&lt;pre&gt;    Languages lang = Languages.getInstance( NameType.ASHKENAZI );
    System.out.println(lang.getLanguages());
&lt;/pre&gt;
&lt;/div&gt;&lt;/div&gt;</comment>
                            <comment id="14036135" author="garydgregory" created="Wed, 18 Jun 2014 18:46:11 +0000">&lt;div class="preformatted panel" style="border-width: 1px;"&gt;&lt;div class="preformattedContent panelContent"&gt;
&lt;pre&gt;commit -m "[CODEC-187] Beider Morse Phonetic Matching producing incorrect tokens. Apply patch https://issues.apache.org/jira/secure/attachment/12650479/CODEC-187_ashkenazi_approx_any.patch" C:/vcs/svn/apache/commons/trunks-proper/codec/src/main/resources/org/apache/commons/codec/language/bm/ash_approx_any.txt C:/vcs/svn/apache/commons/trunks-proper/codec/src/test/java/org/apache/commons/codec/language/bm/PhoneticEngineRegressionTest.java
    Sending        C:/vcs/svn/apache/commons/trunks-proper/codec/src/main/resources/org/apache/commons/codec/language/bm/ash_approx_any.txt
    Sending        C:/vcs/svn/apache/commons/trunks-proper/codec/src/test/java/org/apache/commons/codec/language/bm/PhoneticEngineRegressionTest.java
    Transmitting file data ...
    Committed revision 1603573.
&lt;/pre&gt;
&lt;/div&gt;&lt;/div&gt;

&lt;p&gt;Please verify and resolve the issue if appropriate.&lt;/p&gt;</comment>
                            <comment id="14036136" author="garydgregory" created="Wed, 18 Jun 2014 18:47:14 +0000">&lt;p&gt;FWIW, tested r1603573 with:&lt;/p&gt;

&lt;p&gt;Apache Maven 3.0.5 (r01de14724cdef164cd33c7c8c2fe155faf9602da; 2013-02-19 08:51:28-0500)&lt;br/&gt;
Maven home: C:\Java\apache-maven-3.0.5&lt;br/&gt;
Java version: 1.7.0_60, vendor: Oracle Corporation&lt;br/&gt;
Java home: C:\Program Files\Java\jdk1.7.0_60\jre&lt;br/&gt;
Default locale: en_US, platform encoding: Cp1252&lt;br/&gt;
OS name: "windows 7", version: "6.1", arch: "amd64", family: "windows"&lt;/p&gt;</comment>
                            <comment id="14036279" author="garydgregory" created="Wed, 18 Jun 2014 19:59:39 +0000">&lt;p&gt;I had to revert r1603573 because the patch (&lt;a href="https://issues.apache.org/jira/secure/attachment/12650479/CODEC-187_ashkenazi_approx_any.patch" class="external-link" rel="nofollow"&gt;https://issues.apache.org/jira/secure/attachment/12650479/CODEC-187_ashkenazi_approx_any.patch&lt;/a&gt;) causes this failure:&lt;/p&gt;

&lt;div class="preformatted panel" style="border-width: 1px;"&gt;&lt;div class="preformattedContent panelContent"&gt;
&lt;pre&gt;org.junit.ComparisonFailure: expected:&amp;lt;[YngYlo|Yngilo|angYlo|angilo|anilo|anxilo|anzilo|ongYlo|ongilo|onilo|onxilo|onzilo]&amp;gt; but was:&amp;lt;[AnElO|AnSelO|AngElO|AngzelO|AnkselO|AnzelO]&amp;gt;
	at org.junit.Assert.assertEquals(Assert.java:115)
	at org.junit.Assert.assertEquals(Assert.java:144)
	at org.apache.commons.codec.language.bm.PhoneticEngineRegressionTest.testSolrASHKENAZI(PhoneticEngineRegressionTest.java:89)
	at sun.reflect.NativeMethodAccessorImpl.invoke0(Native Method)
	at sun.reflect.NativeMethodAccessorImpl.invoke(NativeMethodAccessorImpl.java:57)
	at sun.reflect.DelegatingMethodAccessorImpl.invoke(DelegatingMethodAccessorImpl.java:43)
	at java.lang.reflect.Method.invoke(Method.java:606)
	at org.junit.runners.model.FrameworkMethod$1.runReflectiveCall(FrameworkMethod.java:47)
	at org.junit.internal.runners.model.ReflectiveCallable.run(ReflectiveCallable.java:12)
	at org.junit.runners.model.FrameworkMethod.invokeExplosively(FrameworkMethod.java:44)
	at org.junit.internal.runners.statements.InvokeMethod.evaluate(InvokeMethod.java:17)
	at org.junit.runners.ParentRunner.runLeaf(ParentRunner.java:271)
	at org.junit.runners.BlockJUnit4ClassRunner.runChild(BlockJUnit4ClassRunner.java:70)
	at org.junit.runners.BlockJUnit4ClassRunner.runChild(BlockJUnit4ClassRunner.java:50)
	at org.junit.runners.ParentRunner$3.run(ParentRunner.java:238)
	at org.junit.runners.ParentRunner$1.schedule(ParentRunner.java:63)
	at org.junit.runners.ParentRunner.runChildren(ParentRunner.java:236)
	at org.junit.runners.ParentRunner.access$000(ParentRunner.java:53)
	at org.junit.runners.ParentRunner$2.evaluate(ParentRunner.java:229)
	at org.junit.runners.ParentRunner.run(ParentRunner.java:309)
	at org.eclipse.jdt.internal.junit4.runner.JUnit4TestReference.run(JUnit4TestReference.java:50)
	at org.eclipse.jdt.internal.junit.runner.TestExecution.run(TestExecution.java:38)
	at org.eclipse.jdt.internal.junit.runner.RemoteTestRunner.runTests(RemoteTestRunner.java:459)
	at org.eclipse.jdt.internal.junit.runner.RemoteTestRunner.runTests(RemoteTestRunner.java:675)
	at org.eclipse.jdt.internal.junit.runner.RemoteTestRunner.run(RemoteTestRunner.java:382)
	at org.eclipse.jdt.internal.junit.runner.RemoteTestRunner.main(RemoteTestRunner.java:192)
&lt;/pre&gt;
&lt;/div&gt;&lt;/div&gt;</comment>
                            <comment id="14036349" author="tn" created="Wed, 18 Jun 2014 20:42:41 +0000">&lt;p&gt;Ah, I forgot to adjust this test.&lt;/p&gt;

&lt;p&gt;According to &lt;a href="http://stevemorse.org/census/soundex.html" class="external-link" target="_blank" rel="nofollow noopener"&gt;http://stevemorse.org/census/soundex.html&lt;/a&gt;, the new result is correct:&lt;/p&gt;

&lt;p&gt; angilo angYlo ongilo ongYlo Yngilo YngYlo anzilo onzilo anilo onilo anxilo onxilo &lt;/p&gt;

&lt;p&gt;I will update the patch.&lt;/p&gt;</comment>
                            <comment id="14036367" author="tn" created="Wed, 18 Jun 2014 20:58:16 +0000">&lt;p&gt;Attached updated patch which fixes some unit tests after the rules for ashkenazi have changed.&lt;/p&gt;

&lt;p&gt;The results are now quite different for ashkenazi. It would be good if some expert in these jewish names can verify if they make sense. The online tool from the original authors gives the same results though.&lt;/p&gt;

&lt;p&gt;I wonder if the specific rules for ashkenazi and sephardic should even be used for general purpose names as they may be very specific for these kind of names and not useful for others.&lt;/p&gt;</comment>
                            <comment id="14036585" author="mikkitobi" created="Wed, 18 Jun 2014 22:45:12 +0000">&lt;p&gt;Thanks guys&lt;/p&gt;

&lt;p&gt;if the codes match Steve Morse' tool then we are ok.&lt;/p&gt;

&lt;p&gt;Yes the Ashkenazi codes will be very different but it is a specialised usage of BMPM and is likely not used by many sites (I was thinking of using it but will likely use generic now).  I would guess that the most used will be Generic Approx Auto and that was only slightly wrong previously.&lt;/p&gt;

&lt;p&gt;I am way too new to this to try to apply a patch and rebuild the jar. How do I obtain the next build when ready incorporating the updates? I will then try to do a little language specific testing (that might have implications for some sites).&lt;/p&gt;

&lt;p&gt;Thomas you may have seen my post on dev re Daitch-Mokotoff soundex. Would you be interested in porting the php code to java for inclusion in the Commons Codec?  If so contact me privately and we can discuss further including remuneration.&lt;/p&gt;

&lt;p&gt;regards&lt;/p&gt;

&lt;p&gt;M&lt;/p&gt;</comment>
                            <comment id="14036742" author="garydgregory" created="Thu, 19 Jun 2014 00:42:02 +0000">&lt;div class="preformatted panel" style="border-width: 1px;"&gt;&lt;div class="preformattedContent panelContent"&gt;
&lt;pre&gt;commit -m "[CODEC-187] Beider Morse Phonetic Matching producing incorrect tokens. Apply patch https://issues.apache.org/jira/secure/attachment/12651251/CODEC-187_ashkenazi_approx_any_v2.patch" C:/vcs/svn/apache/commons/trunks-proper/codec/src/main/resources/org/apache/commons/codec/language/bm/ash_approx_any.txt C:/vcs/svn/apache/commons/trunks-proper/codec/src/test/java/org/apache/commons/codec/language/bm/PhoneticEngineRegressionTest.java
    Sending        C:/vcs/svn/apache/commons/trunks-proper/codec/src/main/resources/org/apache/commons/codec/language/bm/ash_approx_any.txt
    Sending        C:/vcs/svn/apache/commons/trunks-proper/codec/src/test/java/org/apache/commons/codec/language/bm/PhoneticEngineRegressionTest.java
    Transmitting file data ...
    Committed revision 1603689.
&lt;/pre&gt;
&lt;/div&gt;&lt;/div&gt;</comment>
                            <comment id="14036744" author="garydgregory" created="Thu, 19 Jun 2014 00:42:52 +0000">&lt;p&gt;What is the path forward here?&lt;/p&gt;

&lt;p&gt;It sounds to me like we need a lot more unit tests. Especially since the rules file has changed so much.&lt;/p&gt;

&lt;p&gt;Thoughts?&lt;/p&gt;
</comment>
                            <comment id="14036985" author="mikkitobi" created="Thu, 19 Jun 2014 05:46:24 +0000">&lt;p&gt;I am happy to perform more tests once I can install the patched build.&lt;/p&gt;

&lt;p&gt;Michael&lt;/p&gt;

&lt;p&gt;Sent from Yahoo! Mail on Android&lt;/p&gt;
</comment>
                            <comment id="14036998" author="tn" created="Thu, 19 Jun 2014 05:54:51 +0000">&lt;p&gt;Latest jar available from here: &lt;a href="http://repository.apache.org/content/groups/snapshots/commons-codec/commons-codec/1.10-SNAPSHOT/commons-codec-1.10-20140619.012144-14.jar" class="external-link" target="_blank" rel="nofollow noopener"&gt;http://repository.apache.org/content/groups/snapshots/commons-codec/commons-codec/1.10-SNAPSHOT/commons-codec-1.10-20140619.012144-14.jar&lt;/a&gt;&lt;/p&gt;</comment>
                            <comment id="14037106" author="mikkitobi" created="Thu, 19 Jun 2014 08:14:02 +0000">&lt;p&gt;i copied the latest jar and it is still producing the same wrong results.&lt;/p&gt;</comment>
                            <comment id="14037120" author="tn" created="Thu, 19 Jun 2014 08:33:02 +0000">&lt;p&gt;I just verified this jar and it produces the correct output for "abram":&lt;/p&gt;

&lt;p&gt;Ybram|Ybrom|abram|abrom|avram|avrom|imbram|imbrom|obram|obrom|ombram|ombrom|ovram|ovrom&lt;/p&gt;</comment>
                            <comment id="14037132" author="mikkitobi" created="Thu, 19 Jun 2014 08:42:28 +0000">&lt;p&gt;I stopped solr, copied the jar to both locations it it is stored on my system and restarted solr.&#160; Generic is fine but ashkenazi unchanged.&lt;/p&gt;

&lt;p&gt;Michael&lt;/p&gt;

&lt;p&gt;Sent from Yahoo! Mail on Android&lt;/p&gt;
</comment>
                            <comment id="14037165" author="mikkitobi" created="Thu, 19 Jun 2014 09:28:24 +0000">&lt;p&gt;When I get home I will reboot my computer and retry.&lt;/p&gt;

&lt;p&gt;Michael&lt;/p&gt;

&lt;p&gt;Sent from Yahoo! Mail on Android&lt;/p&gt;
</comment>
                            <comment id="14037534" author="mikkitobi" created="Thu, 19 Jun 2014 17:02:45 +0000">&lt;p&gt;this is working great now Thomas - many many thanks.&lt;/p&gt;

&lt;p&gt;I will try to do more testing now!&lt;/p&gt;

&lt;p&gt;Michael&lt;/p&gt;</comment>
                            <comment id="14037556" author="ggregory" created="Thu, 19 Jun 2014 17:23:57 +0000">&lt;p&gt;Feel free to attach test patches here.&lt;/p&gt;</comment>
                            <comment id="14037653" author="mikkitobi" created="Thu, 19 Jun 2014 18:40:39 +0000">&lt;p&gt;ok i just tried a name i know generates loads of phonetic tokens (I use it a lot for testing) and there are discrepancies.&lt;/p&gt;

&lt;p&gt;For ASHKENAZI APPROX test the name JARZOMBEK&lt;/p&gt;

&lt;p&gt;Steve Morse generates 54 tokens. The Commons Codec generates 48 tokens.&lt;/p&gt;

&lt;p&gt;The 'missing' tokens appear to be:&lt;/p&gt;

&lt;p&gt;iarzomvik&lt;br/&gt;
iorzomvik&lt;br/&gt;
xarzombik&lt;br/&gt;
xarzomvik&lt;br/&gt;
xorzombik&lt;br/&gt;
xorzomvik&lt;/p&gt;

&lt;p&gt;having said that I am not sure we should be TOO worried as the comparison is probably good enough in general use - but debugging this example might pinpoint an error that is more important for other names.&lt;/p&gt;

&lt;p&gt;M&lt;/p&gt;</comment>
                            <comment id="14038018" author="mikkitobi" created="Thu, 19 Jun 2014 22:29:45 +0000">&lt;p&gt;more problems with jarzombek.... for language = hebrew.&lt;/p&gt;

&lt;p&gt;Looks like hebrew language is doing nothing.&lt;/p&gt;

&lt;p&gt;ASHKENAZI APPROX hebrew&lt;br/&gt;
jarzombek&lt;br/&gt;
should be: irzumbk irzumvk irzumbk irzumvk irCumbk irCumvk iZumbk iZumvk irumbk irumvk irZumbk irZumvk dZrzumbk dZrzumvk xrzumbk xrzumvk Zrzumbk Zrzumvk &lt;/p&gt;

&lt;p&gt;GENERIC APPROX hebrew&lt;br/&gt;
jarzombek&lt;br/&gt;
should be: irzumbk irzumvk irzunbk irzunvk irzumbk irzumvk irzunbk irzunvk irCumbk irCumvk irCunbk irCunvk iZumbk iZumvk iZunbk iZunvk irumbk irumvk irunbk irunvk irZumbk irZumvk irZunbk irZunvk dZrzumbk dZrzumvk dZrzunbk dZrzunvk Zrzumbk Zrzumvk Zrzunbk Zrzunvk &lt;/p&gt;

&lt;p&gt;Thomas I didnt try hebrew language with the 1.9 codec.... is this a backward step or did 1.9 do the same?&lt;/p&gt;

&lt;p&gt;M&lt;/p&gt;</comment>
                            <comment id="14038512" author="tn" created="Fri, 20 Jun 2014 06:12:33 +0000">&lt;p&gt;That's unchanged from 1.9.&lt;br/&gt;
I had hoped that the changes done so far were sufficient to have full compatibility with the original version, but it looks like the whole thing needs to be reviewed more carefully.&lt;/p&gt;

&lt;p&gt;I suspect that the evaluation of rules depending on the chosen settings is not consistent, e.g. the rules for hebrew are only relevant when the name is actually encoded in hebrew alphabet thats why the codec produces nothing. The original version seems to execute some additional rules, which needs to be analyzed properly.&lt;/p&gt;</comment>
                            <comment id="14038540" author="mikkitobi" created="Fri, 20 Jun 2014 06:52:08 +0000">&lt;p&gt;I think Steve's page is misleading..... I am discussing with him.&lt;/p&gt;

&lt;p&gt;hebrew should only be encoded when the hebrew alphabet is used.  Also there is no such concept as APPROX in hebrew - there is only EXACT. So basically ignore the APPROX/EXACT setting and use EXACT.  I am not sure if GENERIC / ASHKENAZI / SEPHARDIC is ignored too  - I am checking. &lt;/p&gt;

&lt;p&gt;Meantime for the hebrew name  (abram) &#1488;&#1489;&#1512;&#1501;&lt;/p&gt;

&lt;p&gt;BMPM should give 2 tokens 1brm and 1vrm.  Solr is currently giving 2 tokens - identical - of Lbrm.  So there is still a problem but possibly not as large as first thought.&lt;/p&gt;

&lt;p&gt;I thought the java implementation always ensured no duplicate tokens were returned?&lt;/p&gt;

&lt;p&gt;Very few sites use hebrew BMPM with Solr - I know only of 1.  I am going to contact them to see exactly how they are currently setup.&lt;/p&gt;

&lt;p&gt;M&lt;/p&gt;</comment>
                            <comment id="14038556" author="mikkitobi" created="Fri, 20 Jun 2014 07:19:31 +0000">&lt;p&gt;polish is working fine.....&lt;/p&gt;

&lt;p&gt;I suspect we can ignore hebrew but still checking.&lt;/p&gt;
</comment>
                            <comment id="14043304" author="mikkitobi" created="Wed, 25 Jun 2014 10:56:20 +0000">&lt;p&gt;As I think I said previously I suspect the most used settings for BMPM are GENERIC, APPROX and auto-language.  I am therefore concentrating on testing that.&lt;/p&gt;

&lt;p&gt;Another small bug found.&lt;/p&gt;

&lt;p&gt;The name Bendzin should produce tokens of &lt;br/&gt;
binzn bindzn vindzn bintsn vintsn &lt;/p&gt;

&lt;p&gt;but is missing the final one (vintsn):&lt;br/&gt;
bindzn bintsn binzn vindzn&lt;/p&gt;

&lt;p&gt;Can this be investigated?&lt;/p&gt;</comment>
                            <comment id="14044738" author="ggregory" created="Thu, 26 Jun 2014 15:09:21 +0000">&lt;p&gt;Investigate away! &lt;img class="emoticon" src="https://issues.apache.org/jira/images/icons/emoticons/wink.png" height="16" width="16" align="absmiddle" alt="" border="0"/&gt; We need all the help we can get. It would be good to have this codec squared away and release a 1.10 version.&lt;/p&gt;</comment>
                            <comment id="14046987" author="mikkitobi" created="Sat, 28 Jun 2014 22:18:05 +0000">&lt;p&gt;Thomas&lt;/p&gt;

&lt;p&gt;While testing more encodings I pointed out a small discrepancy in Steve and Sasha's algorithm.&lt;/p&gt;

&lt;p&gt;They have now updated their approxcommon.php  file (generic).  You might want to update the Solr code too.&lt;/p&gt;</comment>
                            <comment id="14047172" author="mikkitobi" created="Sun, 29 Jun 2014 17:12:41 +0000">&lt;p&gt;ok more probs....&lt;/p&gt;

&lt;p&gt;I am testing both generic and ashkenazi approx.... with auto-language.&lt;/p&gt;

&lt;p&gt;surname HALPERN, ASHKENAZI APPROX auto-language should produce:&lt;br/&gt;
alpirn alpYrn olpirn olpYrn Ylpirn YlpYrn xalpirn xolpirn &lt;/p&gt;

&lt;p&gt;but only produces the first 6:&lt;br/&gt;
alpirn alpYrn olpirn olpYrn Ylpirn YlpYrn&lt;/p&gt;

&lt;p&gt;Can this be checked out Thomas?&lt;/p&gt;

&lt;p&gt;M&lt;/p&gt;</comment>
                            <comment id="14047218" author="tn" created="Sun, 29 Jun 2014 19:27:57 +0000">&lt;p&gt;Yes, I had planned to compare all rules with the original version, but this will take some time as I want to create a script that does an automatic consistency check to see differences in the rules files.&lt;/p&gt;</comment>
                            <comment id="14052446" author="tn" created="Fri, 4 Jul 2014 13:49:48 +0000">&lt;p&gt;The latest attached patch (sync_with_v3.3) applies the following changes:&lt;/p&gt;

&lt;ul&gt;
	&lt;li&gt;complete sync with rules from original Beider/Morse v3.3&lt;/li&gt;
	&lt;li&gt;use different language detection for each name type (ash, gen, sep) previously only one generic rule set was used, but the original code distinguishes between the name types&lt;/li&gt;
	&lt;li&gt;fix a bug when applying the final rules: if two phonemes with the same text but different language sets were encountered, only the first one was stored as the comparator did not take the language into account&lt;/li&gt;
&lt;/ul&gt;


&lt;p&gt;The results are identical for the previously reported failures.&lt;/p&gt;

&lt;p&gt;One exception is the case when explicitly selecting hebrew as language, then the results are different, but I do not understand the original code in this regard. We may need to contact the authors about this issue.&lt;/p&gt;</comment>
                            <comment id="14052468" author="garydgregory" created="Fri, 4 Jul 2014 14:12:20 +0000">&lt;p&gt;&lt;a href="https://issues.apache.org/jira/secure/ViewProfile.jspa?name=tn" class="user-hover" rel="tn"&gt;tn&lt;/a&gt;, Feel free to apply the patch.&lt;/p&gt;</comment>
                            <comment id="14052953" author="tn" created="Sat, 5 Jul 2014 19:58:58 +0000">&lt;p&gt;Applied patch in r1608115.&lt;/p&gt;</comment>
                            <comment id="14053069" author="mikkitobi" created="Sun, 6 Jul 2014 09:10:18 +0000">&lt;p&gt;Thanks guys.  Again once I see a build I will install and continue testing.&lt;/p&gt;

&lt;p&gt;M&lt;/p&gt;

&lt;p&gt;PS I think we can ignore the hebrew language for now - I suspect nobody uses it and it is a very special case of the algorithm.  But feel free to contact Steve Morse.&lt;/p&gt;</comment>
                            <comment id="14053454" author="tn" created="Mon, 7 Jul 2014 08:47:46 +0000">&lt;p&gt;The latest jar can always be downloaded from here: &lt;a href="http://repository.apache.org/content/groups/snapshots/commons-codec/commons-codec/1.10-SNAPSHOT/" class="external-link" target="_blank" rel="nofollow noopener"&gt;http://repository.apache.org/content/groups/snapshots/commons-codec/commons-codec/1.10-SNAPSHOT/&lt;/a&gt;&lt;/p&gt;

&lt;p&gt;The build date/time is part of the filename, so the latest was built at 20140705.202149-16&lt;/p&gt;</comment>
                            <comment id="14062223" author="tn" created="Tue, 15 Jul 2014 15:49:38 +0000">&lt;p&gt;Michael, did you have a chance to test the latest changes?&lt;/p&gt;</comment>
                            <comment id="14062236" author="mikkitobi" created="Tue, 15 Jul 2014 16:06:38 +0000">&lt;p&gt;only very briefly.  I have not had time to test more fully. So far there are no outstanding known issues.&lt;/p&gt;

&lt;p&gt;M&lt;/p&gt;</comment>
                            <comment id="14065895" author="garydgregory" created="Fri, 18 Jul 2014 01:57:02 +0000">&lt;p&gt;Can we have an update from users' POV? Can this issue be closed? What needs to be documented that we need to add to the release notes or the Javadoc?&lt;/p&gt;</comment>
                            <comment id="14066092" author="tn" created="Fri, 18 Jul 2014 05:58:09 +0000">&lt;p&gt;I added a note to the class javadoc of BeiderMorseEncoder that the rules are updated to version 3.3 of the reference implementation, but we should definitely add a more elaborate statement to the release notes, outlining that the results may change with this release due to some fixed bugs and the change of rules.&lt;/p&gt;</comment>
                            <comment id="14066138" author="mikkitobi" created="Fri, 18 Jul 2014 07:32:35 +0000">&lt;p&gt;Sorry I have not had much time do more testing on this.  As I said previously all known bugs have been sorted in the latest build - but that doesnt mean there are none left.&lt;/p&gt;

&lt;p&gt;I have been doing my testing on a genealogical database of 4 million records which have been indexed in Solr and also in another system with BMPM implemented.  The number of matches to searches in both systems are near-identical thus far but I have not drilled down to compare the actual BMPM tokens.  However even if the list of tokens generated are not a perfect match the results of the 2 sets of searches suggest that there is sufficient overlap in all cases for the results to be broadly equivalent.&lt;/p&gt;

&lt;p&gt;I would like to do more testing but I am really busy preparing for a conference and will be out of action for several weeks so can do no more at this time.....&lt;/p&gt;

&lt;p&gt;Regards&lt;/p&gt;

&lt;p&gt;M&lt;/p&gt;</comment>
                            <comment id="14193174" author="tn" created="Sat, 1 Nov 2014 13:57:27 +0000">&lt;p&gt;Closing for 1.10 as no further discrepancies have been reported.&lt;/p&gt;</comment>
                            <comment id="14193278" author="mtobias@tobias.org.uk" created="Sat, 1 Nov 2014 17:06:41 +0000">&lt;p&gt;There may be more changes - I was discussing potential problems in the past few days.....&lt;/p&gt;

&lt;p&gt;M&lt;/p&gt;
</comment>
                            <comment id="14193766" author="tn" created="Sun, 2 Nov 2014 09:34:29 +0000">&lt;p&gt;We are planning a new release, so please attach all discrepancies to the reference implementation soon.&lt;/p&gt;</comment>
                            <comment id="14196415" author="mtobias@tobias.org.uk" created="Tue, 4 Nov 2014 17:36:40 +0000">&lt;p&gt;Hi Thomas&lt;/p&gt;

&lt;p&gt;The recent problems I detected were with the actual algorithm - not your coding.  I didn&#8217;t like some of the tokens I was seeing and have been discussing this with Sasha Beider and Steve Morse.&lt;/p&gt;

&lt;p&gt;They finally agreed to modify 2 of the rules tables and Steve has just loaded a new version (3.04) to &lt;a href="http://stevemorse.org/phoneticinfo.htm" class="external-link" target="_blank" rel="nofollow noopener"&gt;http://stevemorse.org/phoneticinfo.htm&lt;/a&gt;&lt;/p&gt;

&lt;p&gt;How easy is to update the tables?&lt;/p&gt;

&lt;p&gt;If we can get this update processed then I am happy to go live in Commons Codec 1.10&lt;/p&gt;

&lt;p&gt;Also how are things with the D-M soundex implementation?  How do we get that added to the Commons Codec?&lt;/p&gt;

&lt;p&gt;Regards&lt;/p&gt;

&lt;p&gt;Michael&lt;/p&gt;

</comment>
                            <comment id="14196608" author="tn" created="Tue, 4 Nov 2014 18:57:27 +0000">&lt;p&gt;If there are just a few rules to update it should be easy.&lt;/p&gt;

&lt;p&gt;The DM Soundex is already included, see &lt;a href="https://issues.apache.org/jira/browse/CODEC-192" title="Add Daitch&#8211;Mokotoff Soundex" class="issue-link" data-issue-key="CODEC-192"&gt;&lt;del&gt;CODEC-192&lt;/del&gt;&lt;/a&gt;&lt;/p&gt;</comment>
                            <comment id="14196645" author="tn" created="Tue, 4 Nov 2014 19:26:16 +0000">&lt;p&gt;I see the following 2 changes in 3.4 compared to version 3.3:&lt;/p&gt;

&lt;p&gt;for ash:&lt;/p&gt;

&lt;div class="preformatted panel" style="border-width: 1px;"&gt;&lt;div class="preformattedContent panelContent"&gt;
&lt;pre&gt;// burg = berg
    array("bUrk","","$","(burk|berk)"), 
    array("burk","","$","(burk|berk)"), 
    array("bUrg","","$","(burk|berk)"), 
    array("burg","","$","(burk|berk)"), 
&lt;/pre&gt;
&lt;/div&gt;&lt;/div&gt;

&lt;p&gt;and for generic:&lt;/p&gt;

&lt;div class="preformatted panel" style="border-width: 1px;"&gt;&lt;div class="preformattedContent panelContent"&gt;
&lt;pre&gt;// burg = berg
    array("burk","","$","(burk|berk)"), 
    array("bUrk","","$","(burk|berk)"), 
    array("burg","","$","(burk|berk)"), 
    array("bUrg","","$","(burk|berk)"), 
    array("Burk","","$","(burk|berk)"), 
    array("BUrk","","$","(burk|berk)"), 
    array("Burg","","$","(burk|berk)"), 
    array("BUrg","","$","(burk|berk)"), 
&lt;/pre&gt;
&lt;/div&gt;&lt;/div&gt;

&lt;p&gt;Can you confirm?&lt;/p&gt;</comment>
                            <comment id="14196661" author="mtobias@tobias.org.uk" created="Tue, 4 Nov 2014 19:32:40 +0000">&lt;p&gt;Yes that is correct.&lt;/p&gt;

&lt;p&gt;M&lt;/p&gt;
</comment>
                            <comment id="14196673" author="mtobias@tobias.org.uk" created="Tue, 4 Nov 2014 19:37:40 +0000">&lt;p&gt;That&#8217;s great Thomas - thanks.&lt;/p&gt;

&lt;p&gt;Please contact me re settling up for the D-M soundex.&lt;/p&gt;

&lt;p&gt;Regards&lt;/p&gt;

&lt;p&gt;Michael&lt;/p&gt;
</comment>
                            <comment id="14196699" author="tn" created="Tue, 4 Nov 2014 19:49:55 +0000">&lt;p&gt;Updated to v3.4 rules in r1636703.&lt;/p&gt;</comment>
                            <comment id="14204288" author="garydgregory" created="Mon, 10 Nov 2014 03:13:53 +0000">&lt;p&gt;We released 1.10 today.&lt;/p&gt;</comment>
                            <comment id="15038794" author="rdblue" created="Thu, 3 Dec 2015 23:10:28 +0000">&lt;p&gt;For anyone trying to track down a conclusion to the license discussion from above, this was settled on the mailing list. The &lt;a href="https://mail-archives.apache.org/mod_mbox/commons-dev/201406.mbox/%3C04be01cf8596$b02cac20$10860460$@tobias.org.uk%3E" class="external-link" target="_blank" rel="nofollow noopener"&gt;relevant thread&lt;/a&gt; indicates that permission was received from Beider and Morse to license this translation as ASLv2.&lt;/p&gt;</comment>
                    </comments>
                <issuelinks>
                            <issuelinktype id="10030">
                    <name>Reference</name>
                                            <outwardlinks description="relates to">
                                        <issuelink>
            <issuekey id="12754247">LUCENE-6058</issuekey>
        </issuelink>
                            </outwardlinks>
                                                        </issuelinktype>
                    </issuelinks>
                <attachments>
                            <attachment id="12649903" name="CODEC-187.patch" size="9498" author="tn" created="Wed, 11 Jun 2014 21:46:41 +0000" />
                            <attachment id="12650479" name="CODEC-187_ashkenazi_approx_any.patch" size="9314" author="tn" created="Sun, 15 Jun 2014 09:43:17 +0000" />
                            <attachment id="12651251" name="CODEC-187_ashkenazi_approx_any_v2.patch" size="12970" author="tn" created="Wed, 18 Jun 2014 20:58:16 +0000" />
                            <attachment id="12654102" name="CODEC_187_sync_with_v3.3.diff" size="47669" author="tn" created="Fri, 4 Jul 2014 13:49:48 +0000" />
                    </attachments>
                <subtasks>
                    </subtasks>
                <customfields>
                                                                                                                                                                                                                                                                                                                                                                                                                                                                                                                                                                                                                                                                                                                    <customfield id="customfield_12314020" key="com.atlassian.jira.plugins.jira-development-integration-plugin:devsummary">
                        <customfieldname>Development</customfieldname>
                        <customfieldvalues>
                            
                        </customfieldvalues>
                    </customfield>
                                                                                                                        <customfield id="customfield_12313422" key="com.atlassian.jirafisheyeplugin:jobcheckbox">
                        <customfieldname>Enable Automatic Patch Review</customfieldname>
                        <customfieldvalues>
                            <customfieldvalue>false</customfieldvalue>

                        </customfieldvalues>
                    </customfield>
                                                                                                                                                                                                                                                                                                                                                                                                                                                                                                                                                                                                                                                <customfield id="customfield_12310420" key="com.pyxis.greenhopper.jira:gh-global-rank">
                        <customfieldname>Global Rank</customfieldname>
                        <customfieldvalues>
                            <customfieldvalue>398670</customfieldvalue>
                        </customfieldvalues>
                    </customfield>
                                                                                                                                                                                                                                                                                                                                                                                                                                                                        <customfield id="customfield_12311820" key="com.pyxis.greenhopper.jira:gh-lexo-rank">
                        <customfieldname>Rank</customfieldname>
                        <customfieldvalues>
                            <customfieldvalue>0|i1wmw7:</customfieldvalue>

                        </customfieldvalues>
                    </customfield>
                                                                <customfield id="customfield_12310920" key="com.pyxis.greenhopper.jira:gh-global-rank">
                        <customfieldname>Rank (Obsolete)</customfieldname>
                        <customfieldvalues>
                            <customfieldvalue>398794</customfieldvalue>
                        </customfieldvalues>
                    </customfield>
                                                                                                                                                                                                                                                                                                                                                                                                                                                                                                                                                                                                                                                                                                                                                                                                                                                    </customfields>
    </item>


</channel>
</rss>