<rss version="0.92">
    <channel>
        <title>ASF JIRA</title>
        <link>https://issues.apache.org/jira/issues/?jql=project+%3D+CODEC+AND+type+%3D+bug+and+%28status+%3D+RESOLVED+or+status+%3D+closed%29+and+resolution++%3D+Fixed+and+fixVersion++%21%3D+None+and+affectedVersion+%21%3D+None+and+affectedVersion+%21%3D+%22Nightly+Builds%22</link>
        <description>An XML representation of a search request</description>
                <language>en-uk</language>
                        <issue start="0" end="76" total="76" />
                <build-info>
            <version>8.20.1</version>
            <build-number>820001</build-number>
            <build-date>28-10-2021</build-date>
        </build-info>

<item>
            <title>[CODEC-5] [codec] Hex converts illegal characters to 255</title>
                <link>https://issues.apache.org/jira/browse/CODEC-5</link>
                <project id="12310464" key="CODEC">Commons Codec</project>
                    <description>&lt;p&gt;List:       jakarta-commons-dev&lt;br/&gt;
Subject:    &lt;span class="error"&gt;&amp;#91;codec&amp;#93;&lt;/span&gt; Proposal for improvement Hex codec&lt;br/&gt;
From:       Tom van den Berge &amp;lt;tom.vandenberge () bibit ! com&amp;gt;&lt;br/&gt;
Date:       2004-04-15 8:49:31&lt;br/&gt;
Message-ID: &amp;lt;407E4C9B.5070701 () bibit ! com&amp;gt;&lt;br/&gt;
&lt;span class="error"&gt;&amp;#91;Download message RAW&amp;#93;&lt;/span&gt;&lt;/p&gt;

&lt;p&gt;I'm using the Hex codec to decode e.g. the string "qq". What surprises &lt;br/&gt;
me is that this obviously illegal hex value is decoded into one byte &lt;br/&gt;
value 255. In fact all non-hex 'character-pairs' are decoded to value 255.&lt;/p&gt;

&lt;p&gt;Wouldn't it be better to throw a DecoderException if illegal characters &lt;br/&gt;
are passed in?&lt;/p&gt;

&lt;p&gt;The current implementation decodes values that is is actually not able &lt;br/&gt;
to decode, which is wrong.&lt;/p&gt;

&lt;p&gt;Cheers,&lt;br/&gt;
Tom&lt;/p&gt;</description>
                <environment>&lt;p&gt;Operating System: other&lt;br/&gt;
Platform: Other&lt;/p&gt;</environment>
        <key id="12341407">CODEC-5</key>
            <summary>[codec] Hex converts illegal characters to 255</summary>
                <type id="1" iconUrl="https://issues.apache.org/jira/secure/viewavatar?size=xsmall&amp;avatarId=21133&amp;avatarType=issuetype">Bug</type>
                                            <priority id="3" iconUrl="https://issues.apache.org/jira/images/icons/priorities/major.svg">Major</priority>
                        <status id="6" iconUrl="https://issues.apache.org/jira/images/icons/statuses/closed.png" description="The issue is considered finished, the resolution is correct. Issues which are not closed can be reopened.">Closed</status>
                    <statusCategory id="3" key="done" colorName="green" />
                                    <resolution id="1">Fixed</resolution>
                                        <assignee username="-1">Unassigned</assignee>
                                    <reporter username="ggregory">Gary D. Gregory</reporter>
                        <labels>
                    </labels>
                <created>Mon, 19 Apr 2004 01:18:40 +0000</created>
                <updated>Thu, 10 Mar 2011 22:30:44 +0000</updated>
                            <resolved>Sat, 27 Oct 2007 06:49:23 +0000</resolved>
                                    <version>1.2</version>
                                    <fixVersion>1.3</fixVersion>
                                        <due />
                            <votes>0</votes>
                                    <watches>0</watches>
                                                                <comments>
                            <comment id="12406484" author="ggregory@seagullsw.com" created="Mon, 19 Apr 2004 01:24:04 +0000">&lt;p&gt;Fixed in CVS HEAD.&lt;/p&gt;</comment>
                    </comments>
                    <attachments>
                    </attachments>
                <subtasks>
                    </subtasks>
                <customfields>
                                                                                                                                                                                                                                                                                                                                                                                                                                                                                                                                                                                                    <customfield id="customfield_10010" key="com.atlassian.jira.plugin.system.customfieldtypes:importid">
                        <customfieldname>Bugzilla Id</customfieldname>
                        <customfieldvalues>
                            <customfieldvalue>28455</customfieldvalue>
                        </customfieldvalues>
                    </customfield>
                                                                                                                                                    <customfield id="customfield_12314020" key="com.atlassian.jira.plugins.jira-development-integration-plugin:devsummary">
                        <customfieldname>Development</customfieldname>
                        <customfieldvalues>
                            
                        </customfieldvalues>
                    </customfield>
                                                                                                                        <customfield id="customfield_12313422" key="com.atlassian.jirafisheyeplugin:jobcheckbox">
                        <customfieldname>Enable Automatic Patch Review</customfieldname>
                        <customfieldvalues>
                            <customfieldvalue>false</customfieldvalue>

                        </customfieldvalues>
                    </customfield>
                                                                                                                                                                                                                                                                                                                                                                                                                                                                                                                                                                                                                                                <customfield id="customfield_12310420" key="com.pyxis.greenhopper.jira:gh-global-rank">
                        <customfieldname>Global Rank</customfieldname>
                        <customfieldvalues>
                            <customfieldvalue>110341</customfieldvalue>
                        </customfieldvalues>
                    </customfield>
                                                                                                                                                                                                                                                                                                                                                                                                                                                                        <customfield id="customfield_12311820" key="com.pyxis.greenhopper.jira:gh-lexo-rank">
                        <customfieldname>Rank</customfieldname>
                        <customfieldvalues>
                            <customfieldvalue>0|i0epe7:</customfieldvalue>

                        </customfieldvalues>
                    </customfield>
                                                                <customfield id="customfield_12310920" key="com.pyxis.greenhopper.jira:gh-global-rank">
                        <customfieldname>Rank (Obsolete)</customfieldname>
                        <customfieldvalues>
                            <customfieldvalue>83876</customfieldvalue>
                        </customfieldvalues>
                    </customfield>
                                                                                                                                                                                                                                                                                                                                                                                                                                                                                                                                                                                                                                                                                                                                                                                            </customfields>
    </item>


</channel>
</rss>