<rss version="0.92">
    <channel>
        <title>ASF JIRA</title>
        <link>https://issues.apache.org/jira/issues/?jql=project+%3D+CODEC+and+type+%3D+bug+and+%28status+%3D+RESOLVED+or+status+%3D+closed%29</link>
        <description>An XML representation of a search request</description>
                <language>en-uk</language>
                        <issue start="0" end="135" total="135" />
                <build-info>
            <version>8.20.1</version>
            <build-number>820001</build-number>
            <build-date>28-10-2021</build-date>
        </build-info>

<item>
            <title>[CODEC-302] MurmurHash2.hash32 can return negative</title>
                <link>https://issues.apache.org/jira/browse/CODEC-302</link>
                <project id="12310464" key="CODEC">Commons Codec</project>
                    <description>&lt;p&gt;When running hash32, many values return a negative hash. Since the original implementation used unsigned values, this is unintended behavior and breaks compatibility with other implementations.&lt;/p&gt;</description>
                <environment />
        <key id="13389717">CODEC-302</key>
            <summary>MurmurHash2.hash32 can return negative</summary>
                <type id="1" iconUrl="https://issues.apache.org/jira/secure/viewavatar?size=xsmall&amp;avatarId=21133&amp;avatarType=issuetype">Bug</type>
                                            <priority id="3" iconUrl="https://issues.apache.org/jira/images/icons/priorities/major.svg">Major</priority>
                        <status id="6" iconUrl="https://issues.apache.org/jira/images/icons/statuses/closed.png" description="The issue is considered finished, the resolution is correct. Issues which are not closed can be reopened.">Closed</status>
                    <statusCategory id="3" key="done" colorName="green" />
                                    <resolution id="10004">Not A Bug</resolution>
                                        <assignee username="-1">Unassigned</assignee>
                                    <reporter username="verticalegg">Iris Scholer</reporter>
                        <labels>
                    </labels>
                <created>Wed, 14 Jul 2021 23:18:30 +0000</created>
                <updated>Thu, 15 Jul 2021 17:31:22 +0000</updated>
                            <resolved>Thu, 15 Jul 2021 17:31:22 +0000</resolved>
                                    <version>1.15</version>
                                                        <due />
                            <votes>0</votes>
                                    <watches>2</watches>
                                                                <comments>
                            <comment id="17381099" author="alexherbert" created="Thu, 15 Jul 2021 07:01:41 +0000">&lt;p&gt;You should think of the signed integer as 32-bits. The sign is just another bit.&lt;/p&gt;

&lt;p&gt;If you output the result using:&lt;/p&gt;

&lt;div class="code panel" style="border-width: 1px;"&gt;&lt;div class="codeContent panelContent"&gt;
&lt;pre class="code-java"&gt;
&lt;span class="code-comment"&gt;// Create the hash
&lt;/span&gt;&lt;span class="code-object"&gt;int&lt;/span&gt; h = ...;
&lt;span class="code-object"&gt;Integer&lt;/span&gt;.toHexString(h);
&lt;span class="code-object"&gt;Integer&lt;/span&gt;.toUnsignedString(h);
&lt;/pre&gt;
&lt;/div&gt;&lt;/div&gt;

&lt;p&gt;Does this produce a different result to other implementations?&lt;/p&gt;

&lt;p&gt;If the bits are the same then this is not a bug but an interpretation issue. If the bits are different then this is a bug and an example of input that produces different output from a reference would be useful.&lt;/p&gt;
</comment>
                            <comment id="17381115" author="verticalegg" created="Thu, 15 Jul 2021 07:24:37 +0000">&lt;p&gt;Yes, the result is different. I attached a simple JUnit test that shows this. The test hash was generated using &lt;a href="http://murmurhash.shorelabs.com/" class="external-link" target="_blank" rel="nofollow noopener"&gt;this site&lt;/a&gt; which generates values consistent with the original implementation, as well as with a &lt;a href="https://github.com/sangupta/murmur" class="external-link" target="_blank" rel="nofollow noopener"&gt;different Java library&lt;/a&gt; I have tested. &lt;br/&gt;
&lt;span class="image-wrap" style=""&gt;&lt;img src="https://issues.apache.org/jira/secure/attachment/13030656/13030656_test-screenshot.png" style="border: 0px solid black" /&gt;&lt;/span&gt; &lt;br/&gt;
Screenshot of the output after running the test.&lt;/p&gt;

&lt;p&gt;&lt;span class="nobr"&gt;&lt;a href="https://issues.apache.org/jira/secure/attachment/13030655/13030655_MurmurTest.java" title="MurmurTest.java attached to CODEC-302"&gt;MurmurTest.java&lt;sup&gt;&lt;img class="rendericon" src="https://issues.apache.org/jira/images/icons/link_attachment_7.gif" height="7" width="7" align="absmiddle" alt="" border="0"/&gt;&lt;/sup&gt;&lt;/a&gt;&lt;/span&gt;&lt;/p&gt;</comment>
                            <comment id="17381473" author="erans" created="Thu, 15 Jul 2021 17:06:39 +0000">&lt;p&gt;On &lt;a href="http://murmurhash.shorelabs.com/" class="external-link" target="_blank" rel="nofollow noopener"&gt;http://murmurhash.shorelabs.com/&lt;/a&gt; the string&lt;/p&gt;
&lt;div class="preformatted panel" style="border-width: 1px;"&gt;&lt;div class="preformattedContent panelContent"&gt;
&lt;pre&gt;This test should return positive.
&lt;/pre&gt;
&lt;/div&gt;&lt;/div&gt;
&lt;p&gt;and seed&lt;/p&gt;
&lt;div class="preformatted panel" style="border-width: 1px;"&gt;&lt;div class="preformattedContent panelContent"&gt;
&lt;pre&gt;1
&lt;/pre&gt;
&lt;/div&gt;&lt;/div&gt;
&lt;p&gt;return&lt;/p&gt;
&lt;div class="preformatted panel" style="border-width: 1px;"&gt;&lt;div class="preformattedContent panelContent"&gt;
&lt;pre&gt;3461248272
&lt;/pre&gt;
&lt;/div&gt;&lt;/div&gt;
&lt;p&gt;i.e. the same output as&lt;/p&gt;
&lt;div class="code panel" style="border-width: 1px;"&gt;&lt;div class="codeContent panelContent"&gt;
&lt;pre class="code-java"&gt;
&lt;span class="code-keyword"&gt;final&lt;/span&gt; &lt;span class="code-object"&gt;int&lt;/span&gt; hash = MurmurHash2.hash32(string.getBytes(StandardCharsets.UTF_8), string.length(), 1);
&lt;span class="code-object"&gt;System&lt;/span&gt;.out.println(&lt;span class="code-object"&gt;Integer&lt;/span&gt;.toUnsignedString(hash));
&lt;/pre&gt;
&lt;/div&gt;&lt;/div&gt;
&lt;p&gt;from Commons Codec.&lt;/p&gt;</comment>
                            <comment id="17381487" author="verticalegg" created="Thu, 15 Jul 2021 17:30:16 +0000">&lt;p&gt;Ah. I seem to have forgotten to update the hash from the last test I did. This resolves the issue. Thank you guys for dealing with me, I'll close the issue.&lt;/p&gt;</comment>
                            <comment id="17381488" author="verticalegg" created="Thu, 15 Jul 2021 17:31:22 +0000">&lt;p&gt;Once converted to an unsigned string the int hash works fine.&lt;/p&gt;</comment>
                    </comments>
                    <attachments>
                            <attachment id="13030655" name="MurmurTest.java" size="509" author="verticalegg" created="Thu, 15 Jul 2021 07:18:30 +0000" />
                            <attachment id="13030656" name="test-screenshot.png" size="5088" author="verticalegg" created="Thu, 15 Jul 2021 07:22:23 +0000" />
                    </attachments>
                <subtasks>
                    </subtasks>
                <customfields>
                                                                                                                                                                                                                                                                                                                                                                                                                                                                                                                                                                                                                                                                                                                    <customfield id="customfield_12314020" key="com.atlassian.jira.plugins.jira-development-integration-plugin:devsummary">
                        <customfieldname>Development</customfieldname>
                        <customfieldvalues>
                            
                        </customfieldvalues>
                    </customfield>
                                                                                                                        <customfield id="customfield_12313422" key="com.atlassian.jirafisheyeplugin:jobcheckbox">
                        <customfieldname>Enable Automatic Patch Review</customfieldname>
                        <customfieldvalues>
                            <customfieldvalue>false</customfieldvalue>

                        </customfieldvalues>
                    </customfield>
                                                                                                                                                                                                                                                                                                                                                                                                                                                                                                                                                                                                                                                <customfield id="customfield_12310420" key="com.pyxis.greenhopper.jira:gh-global-rank">
                        <customfieldname>Global Rank</customfieldname>
                        <customfieldvalues>
                            <customfieldvalue>9223372036854775807</customfieldvalue>
                        </customfieldvalues>
                    </customfield>
                                                                                                                                                                                                                                                                                                                                                                                                                                                                        <customfield id="customfield_12311820" key="com.pyxis.greenhopper.jira:gh-lexo-rank">
                        <customfieldname>Rank</customfieldname>
                        <customfieldvalues>
                            <customfieldvalue>0|z0syk0:</customfieldvalue>

                        </customfieldvalues>
                    </customfield>
                                                                <customfield id="customfield_12310920" key="com.pyxis.greenhopper.jira:gh-global-rank">
                        <customfieldname>Rank (Obsolete)</customfieldname>
                        <customfieldvalues>
                            <customfieldvalue>9223372036854775807</customfieldvalue>
                        </customfieldvalues>
                    </customfield>
                                                                                                                                                                                                                                                                                                                                                                                                                                                                                                                                                                                                                                                                                                                                                                                                                                                    </customfields>
    </item>


</channel>
</rss>