<rss version="0.92">
    <channel>
        <title>ASF JIRA</title>
        <link>https://issues.apache.org/jira/issues/?jql=project+%3D+CODEC+AND+type+%3D+bug+and+%28status+%3D+RESOLVED+or+status+%3D+closed%29+and+resolution++%3D+Fixed+and+fixVersion++%21%3D+None+and+affectedVersion+%21%3D+None+and+affectedVersion+%21%3D+%22Nightly+Builds%22</link>
        <description>An XML representation of a search request</description>
                <language>en-uk</language>
                        <issue start="0" end="76" total="76" />
                <build-info>
            <version>8.20.1</version>
            <build-number>820001</build-number>
            <build-date>28-10-2021</build-date>
        </build-info>

<item>
            <title>[CODEC-25] [Codec] Default URL encoding logic broken</title>
                <link>https://issues.apache.org/jira/browse/CODEC-25</link>
                <project id="12310464" key="CODEC">Commons Codec</project>
                    <description>&lt;p&gt;It looks like there are some changes made to the URLCodec class(rev 1.7 and 1.8)&lt;br/&gt;
that do not seem quite right (in my opinion). &lt;/p&gt;

&lt;p&gt;&lt;a href="http://cvs.apache.org/viewcvs.cgi/jakarta-commons/codec/src/java/org/apache/commons/codec/net/URLCodec.java?r1=1.7&amp;amp;r2=1.9" class="external-link" target="_blank" rel="nofollow noopener"&gt;http://cvs.apache.org/viewcvs.cgi/jakarta-commons/codec/src/java/org/apache/commons/codec/net/URLCodec.java?r1=1.7&amp;amp;r2=1.9&lt;/a&gt;&lt;/p&gt;

&lt;p&gt;The ENCODING variable in my original patch was made final static for a good&lt;br/&gt;
reason. It is not supposed to be anything but US-ASCII. After all, the whole&lt;br/&gt;
point of URL encoding is to represent non-ASCII data using a limited set of&lt;br/&gt;
ASCII characters only, hence, 'US-ASCII' as a final static variable ENCODING.&lt;br/&gt;
With the present code, if US-ASCII incompatible encoding is used (such as&lt;br/&gt;
UTF-16, EBCDIC), URLCodec may produce erroneous results. I understand that the&lt;br/&gt;
intention of the revision 1.7 &amp;amp; 1.8 was to allow for user defined default&lt;br/&gt;
encoding, but in its present form URLCodec does not seem to produce the desired&lt;br/&gt;
results.&lt;/p&gt;

&lt;p&gt;The patch I am about to attach should take care of the problem while retaining&lt;br/&gt;
the existing (intended) semantics of the URLCodec class.&lt;/p&gt;

&lt;p&gt;Oleg&lt;/p&gt;</description>
                <environment>&lt;p&gt;Operating System: All&lt;br/&gt;
Platform: All&lt;/p&gt;</environment>
        <key id="12341195">CODEC-25</key>
            <summary>[Codec] Default URL encoding logic broken</summary>
                <type id="1" iconUrl="https://issues.apache.org/jira/secure/viewavatar?size=xsmall&amp;avatarId=21133&amp;avatarType=issuetype">Bug</type>
                                            <priority id="3" iconUrl="https://issues.apache.org/jira/images/icons/priorities/major.svg">Major</priority>
                        <status id="6" iconUrl="https://issues.apache.org/jira/images/icons/statuses/closed.png" description="The issue is considered finished, the resolution is correct. Issues which are not closed can be reopened.">Closed</status>
                    <statusCategory id="3" key="done" colorName="green" />
                                    <resolution id="1">Fixed</resolution>
                                        <assignee username="-1">Unassigned</assignee>
                                    <reporter username="olegk">Oleg Kalnichevski</reporter>
                        <labels>
                    </labels>
                <created>Fri, 9 Jan 2004 02:03:08 +0000</created>
                <updated>Sat, 27 Oct 2007 06:49:26 +0000</updated>
                            <resolved>Sat, 27 Oct 2007 06:49:26 +0000</resolved>
                                    <version>1.2</version>
                                    <fixVersion>1.3</fixVersion>
                                        <due />
                            <votes>0</votes>
                                    <watches>0</watches>
                                                                <comments>
                            <comment id="12405775" author="olegk" created="Fri, 9 Jan 2004 02:05:00 +0000">&lt;p&gt;Created an attachment (id=9862)&lt;br/&gt;
Patch (take 1)&lt;/p&gt;</comment>
                            <comment id="12405776" author="ggregory@seagullsw.com" created="Fri, 9 Jan 2004 04:08:24 +0000">&lt;p&gt;Darn, this one looks like my bad. &lt;/p&gt;

&lt;p&gt;Oleg, can you also provide a unit test that addresses this specific issue? I&lt;br/&gt;
like to apply the test patch, watch the test blow up, apply the code patch, what&lt;br/&gt;
the test work. I am just curious &lt;img class="emoticon" src="https://issues.apache.org/jira/images/icons/emoticons/wink.png" height="16" width="16" align="absmiddle" alt="" border="0"/&gt;&lt;/p&gt;

&lt;p&gt;I am now wondering if a better class name is needed, like URLFormCodec?&lt;/p&gt;

&lt;p&gt;Thanks. Gary.&lt;/p&gt;</comment>
                            <comment id="12405777" author="olegk" created="Fri, 9 Jan 2004 05:47:18 +0000">&lt;p&gt;Gary,&lt;br/&gt;
A test case with EBCDIC encoding would make most sense, but EBCDIC is supported&lt;br/&gt;
by certain IBM JREs only. I'll try to think of something&lt;/p&gt;

&lt;p&gt;I personally think the name is OK. URLFormCodec might sound a bit narrow, as URL&lt;br/&gt;
ecnoding is not used exclusively for encoding data from HTML forms. &lt;/p&gt;

&lt;p&gt;Cheers,&lt;/p&gt;

&lt;p&gt;Oleg&lt;/p&gt;</comment>
                            <comment id="12405778" author="olegk" created="Sat, 10 Jan 2004 02:06:23 +0000">&lt;p&gt;Created an attachment (id=9881)&lt;br/&gt;
Test case (as promised)&lt;/p&gt;</comment>
                            <comment id="12405779" author="ggregory@seagullsw.com" created="Sat, 10 Jan 2004 03:08:06 +0000">&lt;p&gt;Patches applied, thank you.&lt;br/&gt;
Target milestone: 1.3&lt;/p&gt;</comment>
                    </comments>
                    <attachments>
                            <attachment id="12332688" name="ASF.LICENSE.NOT.GRANTED--codectest.patch" size="967" author="olegk" created="Sat, 10 Jan 2004 02:06:23 +0000" />
                            <attachment id="12332687" name="ASF.LICENSE.NOT.GRANTED--urlcodec.patch" size="2139" author="olegk" created="Fri, 9 Jan 2004 02:05:00 +0000" />
                    </attachments>
                <subtasks>
                    </subtasks>
                <customfields>
                                                                                                                                                                                                                                                                                                                                                                                                                                                                                                                                                                                                    <customfield id="customfield_10010" key="com.atlassian.jira.plugin.system.customfieldtypes:importid">
                        <customfieldname>Bugzilla Id</customfieldname>
                        <customfieldvalues>
                            <customfieldvalue>25995</customfieldvalue>
                        </customfieldvalues>
                    </customfield>
                                                                                                                                                    <customfield id="customfield_12314020" key="com.atlassian.jira.plugins.jira-development-integration-plugin:devsummary">
                        <customfieldname>Development</customfieldname>
                        <customfieldvalues>
                            
                        </customfieldvalues>
                    </customfield>
                                                                                                                        <customfield id="customfield_12313422" key="com.atlassian.jirafisheyeplugin:jobcheckbox">
                        <customfieldname>Enable Automatic Patch Review</customfieldname>
                        <customfieldvalues>
                            <customfieldvalue>false</customfieldvalue>

                        </customfieldvalues>
                    </customfield>
                                                                                                                                                                                                                                                                                                                                                                                                                                                                                                                                                                                                                                                <customfield id="customfield_12310420" key="com.pyxis.greenhopper.jira:gh-global-rank">
                        <customfieldname>Global Rank</customfieldname>
                        <customfieldvalues>
                            <customfieldvalue>110358</customfieldvalue>
                        </customfieldvalues>
                    </customfield>
                                                                                                                                                                                                                                                                                                                                                                                                                                                                        <customfield id="customfield_12311820" key="com.pyxis.greenhopper.jira:gh-lexo-rank">
                        <customfieldname>Rank</customfieldname>
                        <customfieldvalues>
                            <customfieldvalue>0|i0epbr:</customfieldvalue>

                        </customfieldvalues>
                    </customfield>
                                                                <customfield id="customfield_12310920" key="com.pyxis.greenhopper.jira:gh-global-rank">
                        <customfieldname>Rank (Obsolete)</customfieldname>
                        <customfieldvalues>
                            <customfieldvalue>83865</customfieldvalue>
                        </customfieldvalues>
                    </customfield>
                                                                                                                                                                                                                                                                                                                                                                                                                                                                                                                                                                                                                                                                                                                                                                                            </customfields>
    </item>


</channel>
</rss>