<rss version="0.92">
    <channel>
        <title>ASF JIRA</title>
        <link>https://issues.apache.org/jira/issues/?jql=project+%3D+CODEC+and+type+%3D+bug+and+%28status+%3D+RESOLVED+or+status+%3D+closed%29</link>
        <description>An XML representation of a search request</description>
                <language>en-uk</language>
                        <issue start="0" end="135" total="135" />
                <build-info>
            <version>8.20.1</version>
            <build-number>820001</build-number>
            <build-date>28-10-2021</build-date>
        </build-info>

<item>
            <title>[CODEC-180] [PATCH] Fix Javadoc 1.8.0 errors</title>
                <link>https://issues.apache.org/jira/browse/CODEC-180</link>
                <project id="12310464" key="CODEC">Commons Codec</project>
                    <description />
                <environment />
        <key id="12692553">CODEC-180</key>
            <summary>[PATCH] Fix Javadoc 1.8.0 errors</summary>
                <type id="1" iconUrl="https://issues.apache.org/jira/secure/viewavatar?size=xsmall&amp;avatarId=21133&amp;avatarType=issuetype">Bug</type>
                                            <priority id="4" iconUrl="https://issues.apache.org/jira/images/icons/priorities/minor.svg">Minor</priority>
                        <status id="6" iconUrl="https://issues.apache.org/jira/images/icons/statuses/closed.png" description="The issue is considered finished, the resolution is correct. Issues which are not closed can be reopened.">Closed</status>
                    <statusCategory id="3" key="done" colorName="green" />
                                    <resolution id="1">Fixed</resolution>
                                        <assignee username="ggregory">Gary D. Gregory</assignee>
                                    <reporter username="scop">Ville Skytt&#228;</reporter>
                        <labels>
                            <label>patch</label>
                    </labels>
                <created>Fri, 31 Jan 2014 18:07:36 +0000</created>
                <updated>Mon, 10 Nov 2014 03:12:36 +0000</updated>
                            <resolved>Fri, 31 Jan 2014 19:39:46 +0000</resolved>
                                                    <fixVersion>1.10</fixVersion>
                                        <due />
                            <votes>0</votes>
                                    <watches>2</watches>
                                                                <comments>
                            <comment id="13888064" author="garydgregory" created="Fri, 31 Jan 2014 19:39:46 +0000">&lt;p&gt;Great patch. Thank you!&lt;/p&gt;
&lt;div class="preformatted panel" style="border-width: 1px;"&gt;&lt;div class="preformattedContent panelContent"&gt;
&lt;pre&gt;commit -m "[CODEC-180] Patch from Ville Skytt&#228; applied and then some (well, just one more). Fix Javadoc 1.8.0 errors." (17 paths specified)
    Sending        C:/vcs/svn/apache/commons/trunks-proper/codec/src/changes/changes.xml
    Sending        C:/vcs/svn/apache/commons/trunks-proper/codec/src/main/java/org/apache/commons/codec/CharEncoding.java
    Sending        C:/vcs/svn/apache/commons/trunks-proper/codec/src/main/java/org/apache/commons/codec/Charsets.java
    Sending        C:/vcs/svn/apache/commons/trunks-proper/codec/src/main/java/org/apache/commons/codec/binary/Base32.java
    Sending        C:/vcs/svn/apache/commons/trunks-proper/codec/src/main/java/org/apache/commons/codec/binary/Base32InputStream.java
    Sending        C:/vcs/svn/apache/commons/trunks-proper/codec/src/main/java/org/apache/commons/codec/binary/Base32OutputStream.java
    Sending        C:/vcs/svn/apache/commons/trunks-proper/codec/src/main/java/org/apache/commons/codec/binary/Base64.java
    Sending        C:/vcs/svn/apache/commons/trunks-proper/codec/src/main/java/org/apache/commons/codec/binary/Base64InputStream.java
    Sending        C:/vcs/svn/apache/commons/trunks-proper/codec/src/main/java/org/apache/commons/codec/binary/Base64OutputStream.java
    Sending        C:/vcs/svn/apache/commons/trunks-proper/codec/src/main/java/org/apache/commons/codec/binary/BaseNCodec.java
    Sending        C:/vcs/svn/apache/commons/trunks-proper/codec/src/main/java/org/apache/commons/codec/digest/Crypt.java
    Sending        C:/vcs/svn/apache/commons/trunks-proper/codec/src/main/java/org/apache/commons/codec/digest/DigestUtils.java
    Sending        C:/vcs/svn/apache/commons/trunks-proper/codec/src/main/java/org/apache/commons/codec/digest/Md5Crypt.java
    Sending        C:/vcs/svn/apache/commons/trunks-proper/codec/src/main/java/org/apache/commons/codec/language/ColognePhonetic.java
    Sending        C:/vcs/svn/apache/commons/trunks-proper/codec/src/main/java/org/apache/commons/codec/language/MatchRatingApproachEncoder.java
    Sending        C:/vcs/svn/apache/commons/trunks-proper/codec/src/main/java/org/apache/commons/codec/language/Nysiis.java
    Sending        C:/vcs/svn/apache/commons/trunks-proper/codec/src/main/java/org/apache/commons/codec/net/URLCodec.java
    Transmitting file data ...
    Committed revision 1563226.
&lt;/pre&gt;
&lt;/div&gt;&lt;/div&gt;</comment>
                            <comment id="14204283" author="garydgregory" created="Mon, 10 Nov 2014 03:12:36 +0000">&lt;p&gt;We released 1.10 today.&lt;/p&gt;</comment>
                    </comments>
                    <attachments>
                            <attachment id="12626341" name="0001-Fix-Javadoc-1.8.0-errors.patch" size="25548" author="scop" created="Fri, 31 Jan 2014 18:08:33 +0000" />
                    </attachments>
                <subtasks>
                    </subtasks>
                <customfields>
                                                                                                                                                                                                                                                                                                                                                                                                                                                                                                                                                                                                                                                                                                                    <customfield id="customfield_12314020" key="com.atlassian.jira.plugins.jira-development-integration-plugin:devsummary">
                        <customfieldname>Development</customfieldname>
                        <customfieldvalues>
                            
                        </customfieldvalues>
                    </customfield>
                                                                                                                        <customfield id="customfield_12313422" key="com.atlassian.jirafisheyeplugin:jobcheckbox">
                        <customfieldname>Enable Automatic Patch Review</customfieldname>
                        <customfieldvalues>
                            <customfieldvalue>false</customfieldvalue>

                        </customfieldvalues>
                    </customfield>
                                                                                                                                                                                                                                                                                                                                                                                                                                                                                                                                                                                                                                                <customfield id="customfield_12310420" key="com.pyxis.greenhopper.jira:gh-global-rank">
                        <customfieldname>Global Rank</customfieldname>
                        <customfieldvalues>
                            <customfieldvalue>371148</customfieldvalue>
                        </customfieldvalues>
                    </customfield>
                                                                                                                                                                                                                                                                                                                                                                                                                                                                        <customfield id="customfield_12311820" key="com.pyxis.greenhopper.jira:gh-lexo-rank">
                        <customfieldname>Rank</customfieldname>
                        <customfieldvalues>
                            <customfieldvalue>0|i1ryrj:</customfieldvalue>

                        </customfieldvalues>
                    </customfield>
                                                                <customfield id="customfield_12310920" key="com.pyxis.greenhopper.jira:gh-global-rank">
                        <customfieldname>Rank (Obsolete)</customfieldname>
                        <customfieldvalues>
                            <customfieldvalue>371452</customfieldvalue>
                        </customfieldvalues>
                    </customfield>
                                                                                                                                                                                                                                                                                                                                                                                                                                                                                                                                                                                                                                                                                                                                                                                                                                                    </customfields>
    </item>


</channel>
</rss>