<rss version="0.92">
    <channel>
        <title>ASF JIRA</title>
        <link>https://issues.apache.org/jira/issues/?jql=project+%3D+CODEC+and+type+%3D+bug+and+%28status+%3D+RESOLVED+or+status+%3D+closed%29</link>
        <description>An XML representation of a search request</description>
                <language>en-uk</language>
                        <issue start="0" end="135" total="135" />
                <build-info>
            <version>8.20.1</version>
            <build-number>820001</build-number>
            <build-date>28-10-2021</build-date>
        </build-info>

<item>
            <title>[CODEC-219] Don't deprecate Charsets Charset constants in favor of Java 7's java.nio.charset.StandardCharsets</title>
                <link>https://issues.apache.org/jira/browse/CODEC-219</link>
                <project id="12310464" key="CODEC">Commons Codec</project>
                    <description>&lt;p&gt;Don't deprecate Charsets Charset constants in favor of Java 7's java.nio.charset.StandardCharsets. &lt;/p&gt;

&lt;p&gt;Since we still require Java 6, we should not deprecate.&lt;/p&gt;

&lt;p&gt;Offer better comments.&lt;/p&gt;</description>
                <environment />
        <key id="12970160">CODEC-219</key>
            <summary>Don't deprecate Charsets Charset constants in favor of Java 7's java.nio.charset.StandardCharsets</summary>
                <type id="1" iconUrl="https://issues.apache.org/jira/secure/viewavatar?size=xsmall&amp;avatarId=21133&amp;avatarType=issuetype">Bug</type>
                                            <priority id="3" iconUrl="https://issues.apache.org/jira/images/icons/priorities/major.svg">Major</priority>
                        <status id="6" iconUrl="https://issues.apache.org/jira/images/icons/statuses/closed.png" description="The issue is considered finished, the resolution is correct. Issues which are not closed can be reopened.">Closed</status>
                    <statusCategory id="3" key="done" colorName="green" />
                                    <resolution id="1">Fixed</resolution>
                                        <assignee username="ggregory">Gary D. Gregory</assignee>
                                    <reporter username="ggregory">Gary D. Gregory</reporter>
                        <labels>
                    </labels>
                <created>Mon, 16 May 2016 21:43:53 +0000</created>
                <updated>Mon, 16 May 2016 23:34:36 +0000</updated>
                            <resolved>Mon, 16 May 2016 22:03:40 +0000</resolved>
                                    <version>1.10</version>
                                    <fixVersion>1.11</fixVersion>
                                        <due />
                            <votes>0</votes>
                                    <watches>1</watches>
                                                                <comments>
                            <comment id="15285508" author="garydgregory" created="Mon, 16 May 2016 22:03:40 +0000">&lt;p&gt;In svn trunk.&lt;/p&gt;</comment>
                            <comment id="15285656" author="sebb@apache.org" created="Mon, 16 May 2016 23:34:36 +0000">&lt;p&gt;We should not deprecate even when Codec targets Java 7+.&lt;/p&gt;

&lt;p&gt;At that point, the constants can be redefined in terms of StandardCharset constants.&lt;/p&gt;</comment>
                    </comments>
                <issuelinks>
                            <issuelinktype id="10030">
                    <name>Reference</name>
                                            <outwardlinks description="relates to">
                                        <issuelink>
            <issuekey id="12691653">CODEC-178</issuekey>
        </issuelink>
                            </outwardlinks>
                                                        </issuelinktype>
                    </issuelinks>
                <attachments>
                    </attachments>
                <subtasks>
                    </subtasks>
                <customfields>
                                                                                                                                                                                                                                                                                                                                                                                                                                                                                                                                                                                                                                                                                                                    <customfield id="customfield_12314020" key="com.atlassian.jira.plugins.jira-development-integration-plugin:devsummary">
                        <customfieldname>Development</customfieldname>
                        <customfieldvalues>
                            
                        </customfieldvalues>
                    </customfield>
                                                                                                                        <customfield id="customfield_12313422" key="com.atlassian.jirafisheyeplugin:jobcheckbox">
                        <customfieldname>Enable Automatic Patch Review</customfieldname>
                        <customfieldvalues>
                            <customfieldvalue>false</customfieldvalue>

                        </customfieldvalues>
                    </customfield>
                                                                                                                                                                                                                                                                                                                                                                                                                                                                                                                                                                                                                                                <customfield id="customfield_12310420" key="com.pyxis.greenhopper.jira:gh-global-rank">
                        <customfieldname>Global Rank</customfieldname>
                        <customfieldvalues>
                            <customfieldvalue>9223372036854775807</customfieldvalue>
                        </customfieldvalues>
                    </customfield>
                                                                                                                                                                                                                                                                                                                                                                                                                                                                        <customfield id="customfield_12311820" key="com.pyxis.greenhopper.jira:gh-lexo-rank">
                        <customfieldname>Rank</customfieldname>
                        <customfieldvalues>
                            <customfieldvalue>0|i2y1k7:</customfieldvalue>

                        </customfieldvalues>
                    </customfield>
                                                                <customfield id="customfield_12310920" key="com.pyxis.greenhopper.jira:gh-global-rank">
                        <customfieldname>Rank (Obsolete)</customfieldname>
                        <customfieldvalues>
                            <customfieldvalue>9223372036854775807</customfieldvalue>
                        </customfieldvalues>
                    </customfield>
                                                                                                                                                                                                                                                                                                                                                                                                                                                                                                                                                                                                                                                                                                                                                                                                                                                    </customfields>
    </item>


</channel>
</rss>