<rss version="0.92">
    <channel>
        <title>ASF JIRA</title>
        <link>https://issues.apache.org/jira/issues/?jql=project+%3D+CODEC+AND+type+%3D+bug+and+%28status+%3D+RESOLVED+or+status+%3D+closed%29+and+resolution++%3D+Fixed+and+fixVersion++%21%3D+None+and+affectedVersion+%21%3D+None+and+affectedVersion+%21%3D+%22Nightly+Builds%22</link>
        <description>An XML representation of a search request</description>
                <language>en-uk</language>
                        <issue start="0" end="76" total="76" />
                <build-info>
            <version>8.20.1</version>
            <build-number>820001</build-number>
            <build-date>28-10-2021</build-date>
        </build-info>

<item>
            <title>[CODEC-10] [codec] Using US_ENGLISH static in Soundex causes NPE</title>
                <link>https://issues.apache.org/jira/browse/CODEC-10</link>
                <project id="12310464" key="CODEC">Commons Codec</project>
                    <description>&lt;p&gt;If I generate a soundex like so:&lt;br/&gt;
  Soundex.US_ENGLISH.soundex( "Williams" )&lt;br/&gt;
I get a NullPointerException.&lt;/p&gt;

&lt;p&gt;But if I use the following:&lt;br/&gt;
  new Soundex().soundex( "Williams" )&lt;br/&gt;
everything works fine.&lt;/p&gt;

&lt;p&gt;I think the order of initialization of statics may be to blame.  I'll attach a&lt;br/&gt;
test case.&lt;/p&gt;</description>
                <environment>&lt;p&gt;Operating System: Windows XP&lt;br/&gt;
Platform: PC&lt;/p&gt;</environment>
        <key id="12342792">CODEC-10</key>
            <summary>[codec] Using US_ENGLISH static in Soundex causes NPE</summary>
                <type id="1" iconUrl="https://issues.apache.org/jira/secure/viewavatar?size=xsmall&amp;avatarId=21133&amp;avatarType=issuetype">Bug</type>
                                            <priority id="3" iconUrl="https://issues.apache.org/jira/images/icons/priorities/major.svg">Major</priority>
                        <status id="6" iconUrl="https://issues.apache.org/jira/images/icons/statuses/closed.png" description="The issue is considered finished, the resolution is correct. Issues which are not closed can be reopened.">Closed</status>
                    <statusCategory id="3" key="done" colorName="green" />
                                    <resolution id="1">Fixed</resolution>
                                        <assignee username="-1">Unassigned</assignee>
                                    <reporter username="rriser@informs.com">Reggie Riser</reporter>
                        <labels>
                    </labels>
                <created>Wed, 14 Dec 2005 07:29:56 +0000</created>
                <updated>Sat, 27 Oct 2007 06:49:24 +0000</updated>
                            <resolved>Sat, 27 Oct 2007 06:49:24 +0000</resolved>
                                    <version>1.3</version>
                                    <fixVersion>1.4</fixVersion>
                                        <due />
                            <votes>0</votes>
                                    <watches>0</watches>
                                                                <comments>
                            <comment id="12411064" author="rriser@informs.com" created="Wed, 14 Dec 2005 07:31:28 +0000">&lt;p&gt;Created an attachment (id=17213)&lt;br/&gt;
JUnit test case&lt;/p&gt;</comment>
                            <comment id="12411065" author="tobrien@discursive.com" created="Sun, 8 Jan 2006 04:59:03 +0000">&lt;p&gt;Yes, you are correct, if you move the static variables around, your test cases&lt;br/&gt;
pass.  I've added you test case to the mix and changed the order of the static&lt;br/&gt;
variables.  US_ENGLISH now works.&lt;/p&gt;

&lt;p&gt;Thanks&lt;/p&gt;

&lt;p&gt;(In reply to comment #0)&lt;br/&gt;
&amp;gt; If I generate a soundex like so:&lt;br/&gt;
&amp;gt;   Soundex.US_ENGLISH.soundex( "Williams" )&lt;br/&gt;
&amp;gt; I get a NullPointerException.&lt;br/&gt;
&amp;gt; &lt;br/&gt;
&amp;gt; But if I use the following:&lt;br/&gt;
&amp;gt;   new Soundex().soundex( "Williams" )&lt;br/&gt;
&amp;gt; everything works fine.&lt;br/&gt;
&amp;gt; &lt;br/&gt;
&amp;gt; I think the order of initialization of statics may be to blame.  I'll attach a&lt;br/&gt;
&amp;gt; test case.&lt;/p&gt;</comment>
                            <comment id="12411066" author="tobrien@discursive.com" created="Sun, 8 Jan 2006 04:59:46 +0000">&lt;p&gt;Commit'd fix for issue 37894, the order of the static variable has been changed.&lt;br/&gt;
 The static US_ENGLISH is now last, test cases added&lt;/p&gt;</comment>
                    </comments>
                    <attachments>
                            <attachment id="12333949" name="ASF.LICENSE.NOT.GRANTED--SoundexStaticTest.java" size="448" author="rriser@informs.com" created="Wed, 14 Dec 2005 07:31:28 +0000" />
                    </attachments>
                <subtasks>
                    </subtasks>
                <customfields>
                                                                                                                                                                                                                                                                                                                                                                                                                                                                                                                                                                                                    <customfield id="customfield_10010" key="com.atlassian.jira.plugin.system.customfieldtypes:importid">
                        <customfieldname>Bugzilla Id</customfieldname>
                        <customfieldvalues>
                            <customfieldvalue>37894</customfieldvalue>
                        </customfieldvalues>
                    </customfield>
                                                                                                                                                    <customfield id="customfield_12314020" key="com.atlassian.jira.plugins.jira-development-integration-plugin:devsummary">
                        <customfieldname>Development</customfieldname>
                        <customfieldvalues>
                            
                        </customfieldvalues>
                    </customfield>
                                                                                                                        <customfield id="customfield_12313422" key="com.atlassian.jirafisheyeplugin:jobcheckbox">
                        <customfieldname>Enable Automatic Patch Review</customfieldname>
                        <customfieldvalues>
                            <customfieldvalue>false</customfieldvalue>

                        </customfieldvalues>
                    </customfield>
                                                                                                                                                                                                                                                                                                                                                                                                                                                                                                                                                                                                                                                <customfield id="customfield_12310420" key="com.pyxis.greenhopper.jira:gh-global-rank">
                        <customfieldname>Global Rank</customfieldname>
                        <customfieldvalues>
                            <customfieldvalue>40250</customfieldvalue>
                        </customfieldvalues>
                    </customfield>
                                                                                                                                                                                                                                                                                                                                                                                                                                                                        <customfield id="customfield_12311820" key="com.pyxis.greenhopper.jira:gh-lexo-rank">
                        <customfieldname>Rank</customfieldname>
                        <customfieldvalues>
                            <customfieldvalue>0|i0epdj:</customfieldvalue>

                        </customfieldvalues>
                    </customfield>
                                                                <customfield id="customfield_12310920" key="com.pyxis.greenhopper.jira:gh-global-rank">
                        <customfieldname>Rank (Obsolete)</customfieldname>
                        <customfieldvalues>
                            <customfieldvalue>83873</customfieldvalue>
                        </customfieldvalues>
                    </customfield>
                                                                                                                                                                                                                                                                                                                                                                                                                                                                                                                                                                                                                                                                                                                                                                                            </customfields>
    </item>


</channel>
</rss>