<!-- 
RSS generated by JIRA (6.3.4#6332-sha1:51bc225ef474afe3128b2f66878477f322397b16) at Sat Dec 03 15:28:57 UTC 2016

It is possible to restrict the fields that are returned in this document by specifying the 'field' parameter in your request.
For example, to request only the issue key and summary add field=key&field=summary to the URL of your request.
For example:
https://issues.apache.org/jira/si/jira.issueviews:issue-xml/CODEC-46/CODEC-46.xml?field=key&amp;field=summary
-->
<rss version="0.92" >
<channel>
    <title>ASF JIRA</title>
    <link>https://issues.apache.org/jira</link>
    <description>This file is an XML representation of an issue</description>
    <language>en-uk</language>    <build-info>
        <version>6.3.4</version>
        <build-number>6332</build-number>
        <build-date>15-08-2014</build-date>
    </build-info>

<item>
            <title>[CODEC-46] [codec][patch] Quoted-printable codec (partial implementation), RFC1522 QCodec &amp;  BCodec</title>
                <link>https://issues.apache.org/jira/browse/CODEC-46</link>
                <project id="12310464" key="CODEC">Commons Codec</project>
                    <description>&lt;p&gt;The patch provides partial implementation of quoted-printable codec (rule #1 &amp;amp;&lt;br/&gt;
rule #2 as described in RFC 1521), Q codec and B codec (as specified in 1522). &lt;/p&gt;

&lt;p&gt;I decided to not implement rule #3, rule #4, rule #5 of the quoted-printable&lt;br/&gt;
spec yet, because the complete quoted-printable spec does not lend itself well&lt;br/&gt;
into byte[] oriented codec framework. I will happily complete the codec once the&lt;br/&gt;
steamable codec framework is ready. The motivation behind providing the codec in&lt;br/&gt;
a partial form is that it can already come in handy for those applications that&lt;br/&gt;
do not require quoted-printable line formatting (rules #3, #4, #5), for instance&lt;br/&gt;
Q codec.&lt;/p&gt;

&lt;p&gt;I have also slightly changed URLCodec to make it more consistent with the new&lt;br/&gt;
codecs. I tool liberty of deprecating URLCodec#getEncoding method, because this&lt;br/&gt;
term encoding is used in RFC1522 to refer to the encoding/decoding algorithm,&lt;br/&gt;
whereas charset is used to refer to the character set associated with the&lt;br/&gt;
unencoded text. Let me know if you agree/disagree&lt;/p&gt;

&lt;p&gt;I am aware that the patch is still far from being complete: javasdocs are&lt;br/&gt;
virtually non-existent and the B codec does not have the corresponding test&lt;br/&gt;
cases (quoted-printable &amp;amp; Q codec, however, come with a reasonble set of test&lt;br/&gt;
cases). If the overall structure and API for the new codecs gets approved, I&apos;ll&lt;br/&gt;
provide the missing bits and pieces&lt;/p&gt;


&lt;p&gt;Oleg&lt;/p&gt;</description>
                <environment>&lt;p&gt;Operating System: All&lt;br/&gt;
Platform: All&lt;/p&gt;</environment>
        <key id="12341237">CODEC-46</key>
            <summary>[codec][patch] Quoted-printable codec (partial implementation), RFC1522 QCodec &amp;  BCodec</summary>
                <type id="4" iconUrl="https://issues.apache.org/jira/images/icons/issuetypes/improvement.png">Improvement</type>
                                            <priority id="4" iconUrl="https://issues.apache.org/jira/images/icons/priorities/minor.png">Minor</priority>
                        <status id="6" iconUrl="https://issues.apache.org/jira/images/icons/statuses/closed.png" description="The issue is considered finished, the resolution is correct. Issues which are closed can be reopened.">Closed</status>
                    <statusCategory id="3" key="done" colorName="green"/>
                                    <resolution id="3">Duplicate</resolution>
                                        <assignee username="-1">Unassigned</assignee>
                                    <reporter username="olegk">Oleg Kalnichevski</reporter>
                        <labels>
                    </labels>
                <created>Tue, 3 Feb 2004 05:55:04 +0000</created>
                <updated>Sat, 27 Oct 2007 06:49:28 +0000</updated>
                            <resolved>Sat, 27 Oct 2007 06:49:28 +0000</resolved>
                                    <version>Nightly Builds</version>
                                                        <due></due>
                            <votes>0</votes>
                                    <watches>0</watches>
                                                                <comments>
                            <comment id="12405911" author="olegk" created="Tue, 3 Feb 2004 05:56:16 +0000"  >&lt;p&gt;Created an attachment (id=10194)&lt;br/&gt;
Patch (take 1)&lt;/p&gt;</comment>
                            <comment id="12405912" author="olegk" created="Fri, 19 Mar 2004 06:22:55 +0000"  >

&lt;ul&gt;
	&lt;li&gt;
	&lt;ul&gt;
		&lt;li&gt;
		&lt;ul&gt;
			&lt;li&gt;This bug has been marked as a duplicate of 27789 ***&lt;/li&gt;
		&lt;/ul&gt;
		&lt;/li&gt;
	&lt;/ul&gt;
	&lt;/li&gt;
&lt;/ul&gt;
</comment>
                    </comments>
                    <attachments>
                            <attachment id="12332725" name="ASF.LICENSE.NOT.GRANTED--qcodec.patch" size="71993" author="olegk" created="Tue, 3 Feb 2004 05:56:16 +0000"/>
                    </attachments>
                <subtasks>
                    </subtasks>
                <customfields>
                                                <customfield id="customfield_12310310" key="com.atlassian.jira.toolkit:attachments">
                        <customfieldname>Attachment count</customfieldname>
                        <customfieldvalues>
                            <customfieldvalue>1.0</customfieldvalue>
                        </customfieldvalues>
                    </customfield>
                                                                                                                                                                                                                                                                                                                                                                                                                                                                        <customfield id="customfield_10010" key="com.atlassian.jira.plugin.system.customfieldtypes:importid">
                        <customfieldname>Bugzilla Id</customfieldname>
                        <customfieldvalues>
                            <customfieldvalue>26617</customfieldvalue>
                        </customfieldvalues>
                    </customfield>
                                                                                                                                                                                                                                                                                                                                                                                                                                                                                                    <customfield id="customfield_12310420" key="com.pyxis.greenhopper.jira:gh-global-rank">
                        <customfieldname>Global Rank</customfieldname>
                        <customfieldvalues>
                            <customfieldvalue>110377</customfieldvalue>
                        </customfieldvalues>
                    </customfield>
                                                                                                                        <customfield id="customfield_12312521" key="com.atlassian.jira.toolkit:LastCommentDate">
                        <customfieldname>Last public comment date</customfieldname>
                        <customfieldvalues>
                            12 years, 39 weeks, 1 day ago
                        </customfieldvalues>
                    </customfield>
                                                                                            <customfield id="customfield_12311820" key="com.pyxis.greenhopper.jira:gh-lexo-rank">
                        <customfieldname>Rank</customfieldname>
                        <customfieldvalues>
                            <customfieldvalue>0|i0shkf:</customfieldvalue>

                        </customfieldvalues>
                    </customfield>
                                                                <customfield id="customfield_12310920" key="com.pyxis.greenhopper.jira:gh-global-rank">
                        <customfieldname>Rank (Obsolete)</customfieldname>
                        <customfieldvalues>
                            <customfieldvalue>164323</customfieldvalue>
                        </customfieldvalues>
                    </customfield>
                                                                                                                                                                                                                                        <customfield id="customfield_12310222" key="com.atlassian.jira.ext.charting:timeinstatus">
                        <customfieldname>Time in Status</customfieldname>
                        <customfieldvalues>
                            
                        </customfieldvalues>
                    </customfield>
                                                                                                                        </customfields>
    </item>
</channel>
</rss>