<rss version="0.92">
    <channel>
        <title>ASF JIRA</title>
        <link>https://issues.apache.org/jira/issues/?jql=project+%3D+CODEC+AND+type+%3D+bug+and+%28status+%3D+RESOLVED+or+status+%3D+closed%29+and+resolution++%3D+Fixed+and+fixVersion++%21%3D+None+and+affectedVersion+%21%3D+None+and+affectedVersion+%21%3D+%22Nightly+Builds%22</link>
        <description>An XML representation of a search request</description>
                <language>en-uk</language>
                        <issue start="0" end="76" total="76" />
                <build-info>
            <version>8.20.1</version>
            <build-number>820001</build-number>
            <build-date>28-10-2021</build-date>
        </build-info>

<item>
            <title>[CODEC-113] org.apache.commons.codec.language.RefinedSoundex.US_ENGLISH_MAPPING should be package protected MALICIOUS_CODE</title>
                <link>https://issues.apache.org/jira/browse/CODEC-113</link>
                <project id="12310464" key="CODEC">Commons Codec</project>
                    <description>&lt;p&gt;Findbugs says:&lt;/p&gt;

&lt;p&gt;org.apache.commons.codec.language.RefinedSoundex.US_ENGLISH_MAPPING should be package protected	MALICIOUS_CODE	&lt;a href="http://findbugs.sourceforge.net/bugDescriptions.html#MS_PKGPROTECT" class="external-link" target="_blank" rel="nofollow noopener"&gt;http://findbugs.sourceforge.net/bugDescriptions.html#MS_PKGPROTECT&lt;/a&gt;&lt;/p&gt;</description>
                <environment>&lt;p&gt;Apache Maven 3.0.2 (r1056850; 2011-01-08 19:58:10-0500)&lt;br/&gt;
Java version: 1.6.0_23, vendor: Sun Microsystems Inc.&lt;br/&gt;
Java home: C:\Program Files\Java\jdk1.6.0_23\jre&lt;br/&gt;
Default locale: en_US, platform encoding: Cp1252&lt;br/&gt;
OS name: "windows vista", version: "6.0", arch: "amd64", family: "windows"&lt;/p&gt;</environment>
        <key id="12496981">CODEC-113</key>
            <summary>org.apache.commons.codec.language.RefinedSoundex.US_ENGLISH_MAPPING should be package protected MALICIOUS_CODE</summary>
                <type id="1" iconUrl="https://issues.apache.org/jira/secure/viewavatar?size=xsmall&amp;avatarId=21133&amp;avatarType=issuetype">Bug</type>
                                            <priority id="3" iconUrl="https://issues.apache.org/jira/images/icons/priorities/major.svg">Major</priority>
                        <status id="6" iconUrl="https://issues.apache.org/jira/images/icons/statuses/closed.png" description="The issue is considered finished, the resolution is correct. Issues which are not closed can be reopened.">Closed</status>
                    <statusCategory id="3" key="done" colorName="green" />
                                    <resolution id="1">Fixed</resolution>
                                        <assignee username="ggregory">Gary D. Gregory</assignee>
                                    <reporter username="ggregory">Gary D. Gregory</reporter>
                        <labels>
                    </labels>
                <created>Thu, 27 Jan 2011 21:10:25 +0000</created>
                <updated>Thu, 10 Nov 2011 18:10:03 +0000</updated>
                            <resolved>Thu, 27 Jan 2011 21:12:18 +0000</resolved>
                                    <version>1.4</version>
                                    <fixVersion>1.5</fixVersion>
                                        <due />
                            <votes>0</votes>
                                    <watches>0</watches>
                                                                <comments>
                            <comment id="12987833" author="sebb@apache.org" created="Thu, 27 Jan 2011 23:34:51 +0000">&lt;p&gt;As far as I can tell there is no need to reference the variable externally, so why not make it private?&lt;/p&gt;</comment>
                            <comment id="12987930" author="ggregory@seagullsw.com" created="Fri, 28 Jan 2011 04:28:42 +0000">&lt;p&gt;We can do that. &lt;/p&gt;</comment>
                    </comments>
                    <attachments>
                    </attachments>
                <subtasks>
                    </subtasks>
                <customfields>
                                                                                                                                                                                                                                                                                                                                                                                                                                                                                                                                                                                                                                                                                                                    <customfield id="customfield_12314020" key="com.atlassian.jira.plugins.jira-development-integration-plugin:devsummary">
                        <customfieldname>Development</customfieldname>
                        <customfieldvalues>
                            
                        </customfieldvalues>
                    </customfield>
                                                                                                                        <customfield id="customfield_12313422" key="com.atlassian.jirafisheyeplugin:jobcheckbox">
                        <customfieldname>Enable Automatic Patch Review</customfieldname>
                        <customfieldvalues>
                            <customfieldvalue>false</customfieldvalue>

                        </customfieldvalues>
                    </customfield>
                                                                                                                                                                                                                                                                                                                                                                                                                                                                                                                                                                                                                                                <customfield id="customfield_12310420" key="com.pyxis.greenhopper.jira:gh-global-rank">
                        <customfieldname>Global Rank</customfieldname>
                        <customfieldvalues>
                            <customfieldvalue>110417</customfieldvalue>
                        </customfieldvalues>
                    </customfield>
                                                                                                                                                                                                                                                                                                                                                                                                                                                                        <customfield id="customfield_12311820" key="com.pyxis.greenhopper.jira:gh-lexo-rank">
                        <customfieldname>Rank</customfieldname>
                        <customfieldvalues>
                            <customfieldvalue>0|i0ep5b:</customfieldvalue>

                        </customfieldvalues>
                    </customfield>
                                                                <customfield id="customfield_12310920" key="com.pyxis.greenhopper.jira:gh-global-rank">
                        <customfieldname>Rank (Obsolete)</customfieldname>
                        <customfieldvalues>
                            <customfieldvalue>83836</customfieldvalue>
                        </customfieldvalues>
                    </customfield>
                                                                                                                                                                                                                                                                                                                                                                                                                                                                                                                                                                                                                                                                                                                                                                                            </customfields>
    </item>


</channel>
</rss>