<rss version="0.92">
    <channel>
        <title>ASF JIRA</title>
        <link>https://issues.apache.org/jira/issues/?jql=project+%3D+CODEC+and+type+%3D+bug+and+%28status+%3D+RESOLVED+or+status+%3D+closed%29</link>
        <description>An XML representation of a search request</description>
                <language>en-uk</language>
                        <issue start="0" end="135" total="135" />
                <build-info>
            <version>8.20.1</version>
            <build-number>820001</build-number>
            <build-date>28-10-2021</build-date>
        </build-info>

<item>
            <title>[CODEC-155] DigestUtils.getDigest(String) should throw IllegalArgumentException instead of RuntimeException</title>
                <link>https://issues.apache.org/jira/browse/CODEC-155</link>
                <project id="12310464" key="CODEC">Commons Codec</project>
                    <description>&lt;p&gt;DigestUtils.getDigest(String) should throw IllegalArgumentException instead of RuntimeException&lt;/p&gt;</description>
                <environment>&lt;p&gt;Apache Maven 3.0.4 (r1232337; 2012-01-17 03:44:56-0500)&lt;br/&gt;
Maven home: C:\Java\apache-maven-3.0.4\bin\..&lt;br/&gt;
Java version: 1.6.0_31, vendor: Sun Microsystems Inc.&lt;br/&gt;
Java home: C:\Program Files\Java\jdk1.6.0_31\jre&lt;br/&gt;
Default locale: en_US, platform encoding: Cp1252&lt;br/&gt;
OS name: "windows 7", version: "6.1", arch: "amd64", family: "windows"&lt;/p&gt;</environment>
        <key id="12605916">CODEC-155</key>
            <summary>DigestUtils.getDigest(String) should throw IllegalArgumentException instead of RuntimeException</summary>
                <type id="1" iconUrl="https://issues.apache.org/jira/secure/viewavatar?size=xsmall&amp;avatarId=21133&amp;avatarType=issuetype">Bug</type>
                                            <priority id="3" iconUrl="https://issues.apache.org/jira/images/icons/priorities/major.svg">Major</priority>
                        <status id="6" iconUrl="https://issues.apache.org/jira/images/icons/statuses/closed.png" description="The issue is considered finished, the resolution is correct. Issues which are not closed can be reopened.">Closed</status>
                    <statusCategory id="3" key="done" colorName="green" />
                                    <resolution id="1">Fixed</resolution>
                                        <assignee username="-1">Unassigned</assignee>
                                    <reporter username="ggregory">Gary D. Gregory</reporter>
                        <labels>
                    </labels>
                <created>Sun, 2 Sep 2012 17:37:32 +0000</created>
                <updated>Fri, 14 Sep 2012 20:20:19 +0000</updated>
                            <resolved>Sun, 2 Sep 2012 17:38:23 +0000</resolved>
                                    <version>1.6</version>
                                    <fixVersion>1.7</fixVersion>
                                        <due />
                            <votes>0</votes>
                                    <watches>1</watches>
                                                                <comments>
                            <comment id="13446990" author="garydgregory" created="Sun, 2 Sep 2012 17:38:23 +0000">&lt;p&gt;commit -m "&lt;a href="https://issues.apache.org/jira/browse/CODEC-155" title="DigestUtils.getDigest(String) should throw IllegalArgumentException instead of RuntimeException" class="issue-link" data-issue-key="CODEC-155"&gt;&lt;del&gt;CODEC-155&lt;/del&gt;&lt;/a&gt; DigestUtils.getDigest(String) should throw IllegalArgumentException instead of RuntimeException." C:/svn/org/apache/commons/trunks-proper/codec/src/main/java/org/apache/commons/codec/digest/DigestUtils.java C:/svn/org/apache/commons/trunks-proper/codec/src/main/java/org/apache/commons/codec/digest/Sha2Crypt.java C:/svn/org/apache/commons/trunks-proper/codec/src/changes/changes.xml&lt;br/&gt;
    Sending        C:/svn/org/apache/commons/trunks-proper/codec/src/changes/changes.xml&lt;br/&gt;
    Sending        C:/svn/org/apache/commons/trunks-proper/codec/src/main/java/org/apache/commons/codec/digest/DigestUtils.java&lt;br/&gt;
    Sending        C:/svn/org/apache/commons/trunks-proper/codec/src/main/java/org/apache/commons/codec/digest/Sha2Crypt.java&lt;br/&gt;
    Transmitting file data ...&lt;br/&gt;
    Committed revision 1380010.&lt;/p&gt;</comment>
                            <comment id="13456096" author="garydgregory" created="Fri, 14 Sep 2012 20:20:19 +0000">&lt;p&gt;Released in 1.7 today.&lt;/p&gt;</comment>
                    </comments>
                    <attachments>
                    </attachments>
                <subtasks>
                    </subtasks>
                <customfields>
                                                                                                                                                                                                                                                                                                                                                                                                                                                                                                                                                                                                                                                                                                                    <customfield id="customfield_12314020" key="com.atlassian.jira.plugins.jira-development-integration-plugin:devsummary">
                        <customfieldname>Development</customfieldname>
                        <customfieldvalues>
                            
                        </customfieldvalues>
                    </customfield>
                                                                                                                        <customfield id="customfield_12313422" key="com.atlassian.jirafisheyeplugin:jobcheckbox">
                        <customfieldname>Enable Automatic Patch Review</customfieldname>
                        <customfieldvalues>
                            <customfieldvalue>false</customfieldvalue>

                        </customfieldvalues>
                    </customfield>
                                                                                                                                                                                                                                                                                                                                                                                                                                                                                                                                                                                                                                                <customfield id="customfield_12310420" key="com.pyxis.greenhopper.jira:gh-global-rank">
                        <customfieldname>Global Rank</customfieldname>
                        <customfieldvalues>
                            <customfieldvalue>244871</customfieldvalue>
                        </customfieldvalues>
                    </customfield>
                                                                                                                                                                                                                                                                                                                                                                                                                                                                        <customfield id="customfield_12311820" key="com.pyxis.greenhopper.jira:gh-lexo-rank">
                        <customfieldname>Rank</customfieldname>
                        <customfieldvalues>
                            <customfieldvalue>0|i05ufj:</customfieldvalue>

                        </customfieldvalues>
                    </customfield>
                                                                <customfield id="customfield_12310920" key="com.pyxis.greenhopper.jira:gh-global-rank">
                        <customfieldname>Rank (Obsolete)</customfieldname>
                        <customfieldvalues>
                            <customfieldvalue>32027</customfieldvalue>
                        </customfieldvalues>
                    </customfield>
                                                                                                                                                                                                                                                                                                                                                                                                                                                                                                                                                                                                                                                                                                                                                                                                                                                    </customfields>
    </item>


</channel>
</rss>