<!-- 
RSS generated by JIRA (6.3.4#6332-sha1:51bc225ef474afe3128b2f66878477f322397b16) at Thu Dec 01 19:32:54 UTC 2016

It is possible to restrict the fields that are returned in this document by specifying the 'field' parameter in your request.
For example, to request only the issue key and summary add field=key&field=summary to the URL of your request.
For example:
https://issues.apache.org/jira/si/jira.issueviews:issue-xml/CODEC-6/CODEC-6.xml?field=key&amp;field=summary
-->
<rss version="0.92" >
<channel>
    <title>ASF JIRA</title>
    <link>https://issues.apache.org/jira</link>
    <description>This file is an XML representation of an issue</description>
    <language>en-uk</language>    <build-info>
        <version>6.3.4</version>
        <build-number>6332</build-number>
        <build-date>15-08-2014</build-date>
    </build-info>

<item>
            <title>[CODEC-6] [codec] Source tarball spews files all over the place</title>
                <link>https://issues.apache.org/jira/browse/CODEC-6</link>
                <project id="12310464" key="CODEC">Commons Codec</project>
                    <description>&lt;p&gt;The packaging is incorrect. The files in the src tarball should&lt;br/&gt;
all be underneath a directory like &quot;commons-codec-1.3-src&quot;, as is done&lt;br/&gt;
for the other packages.&lt;/p&gt;

&lt;p&gt;Instead we see:&lt;/p&gt;

&lt;p&gt;$ tar tzf commons-codec-1.3-src.tar.gz&lt;/p&gt;

&lt;p&gt;src/&lt;br/&gt;
src/conf/&lt;br/&gt;
src/java/&lt;br/&gt;
src/java/org/&lt;br/&gt;
src/java/org/apache/&lt;br/&gt;
src/java/org/apache/commons/&lt;br/&gt;
src/java/org/apache/commons/codec/&lt;br/&gt;
src/java/org/apache/commons/codec/binary/&lt;br/&gt;
src/java/org/apache/commons/codec/digest/&lt;br/&gt;
src/java/org/apache/commons/codec/language/&lt;br/&gt;
src/java/org/apache/commons/codec/net/&lt;br/&gt;
src/media/&lt;br/&gt;
src/test/&lt;br/&gt;
src/test/org/&lt;br/&gt;
src/test/org/apache/&lt;br/&gt;
src/test/org/apache/commons/&lt;br/&gt;
src/test/org/apache/commons/codec/&lt;br/&gt;
src/test/org/apache/commons/codec/binary/&lt;br/&gt;
src/test/org/apache/commons/codec/digest/&lt;br/&gt;
src/test/org/apache/commons/codec/language/&lt;br/&gt;
src/test/org/apache/commons/codec/net/&lt;br/&gt;
LICENSE-header.txt&lt;br/&gt;
LICENSE.txt&lt;br/&gt;
NOTICE.txt&lt;br/&gt;
PROPOSAL.html&lt;br/&gt;
RELEASE-NOTES-1.0-dev.txt&lt;br/&gt;
RELEASE-NOTES-1.1.txt&lt;br/&gt;
RELEASE-NOTES-1.2.txt&lt;br/&gt;
RELEASE-NOTES.txt&lt;br/&gt;
RELEASE-PLAN&lt;br/&gt;
TODO&lt;br/&gt;
build.properties.sample&lt;br/&gt;
build.xml&lt;br/&gt;
....&lt;/p&gt;

&lt;p&gt;Naughty!!&lt;/p&gt;</description>
                <environment>&lt;p&gt;Operating System: other&lt;br/&gt;
Platform: Other&lt;/p&gt;</environment>
        <key id="12342304">CODEC-6</key>
            <summary>[codec] Source tarball spews files all over the place</summary>
                <type id="1" iconUrl="https://issues.apache.org/jira/images/icons/issuetypes/bug.png">Bug</type>
                                            <priority id="3" iconUrl="https://issues.apache.org/jira/images/icons/priorities/major.png">Major</priority>
                        <status id="6" iconUrl="https://issues.apache.org/jira/images/icons/statuses/closed.png" description="The issue is considered finished, the resolution is correct. Issues which are closed can be reopened.">Closed</status>
                    <statusCategory id="3" key="done" colorName="green"/>
                                    <resolution id="1">Fixed</resolution>
                                        <assignee username="-1">Unassigned</assignee>
                                    <reporter username="d.tonhofer@m-plify.com">David Tonhofer</reporter>
                        <labels>
                    </labels>
                <created>Mon, 13 Jun 2005 06:33:33 +0000</created>
                <updated>Sat, 27 Oct 2007 06:49:23 +0000</updated>
                            <resolved>Sat, 27 Oct 2007 06:49:23 +0000</resolved>
                                    <version>1.3</version>
                                    <fixVersion>1.4</fixVersion>
                                        <due></due>
                            <votes>0</votes>
                                    <watches>0</watches>
                                                                <comments>
                            <comment id="12409556" author="tobrien@discursive.com" created="Sun, 8 Jan 2006 05:13:18 +0000"  >&lt;p&gt;This bug has been verified:&lt;/p&gt;

&lt;p&gt;&lt;a href=&quot;http://www.apache.org/dist/jakarta/commons/codec/source/commons-codec-1.3-src.tar.gz&quot; class=&quot;external-link&quot; rel=&quot;nofollow&quot;&gt;http://www.apache.org/dist/jakarta/commons/codec/source/commons-codec-1.3-src.tar.gz&lt;/a&gt;&lt;/p&gt;

&lt;p&gt;lacks the appropriate directory structure.&lt;/p&gt;</comment>
                            <comment id="12409557" author="tobrien@discursive.com" created="Wed, 11 Jan 2006 01:10:54 +0000"  >&lt;p&gt;The source tarball for the 1.3 source release has been repackaged, and is now&lt;br/&gt;
similar to other source distributions.&lt;/p&gt;

&lt;p&gt;Thanks to David for identifying this glitch.&lt;/p&gt;</comment>
                    </comments>
                    <attachments>
                    </attachments>
                <subtasks>
                    </subtasks>
                <customfields>
                                                <customfield id="customfield_12310310" key="com.atlassian.jira.toolkit:attachments">
                        <customfieldname>Attachment count</customfieldname>
                        <customfieldvalues>
                            <customfieldvalue>0.0</customfieldvalue>
                        </customfieldvalues>
                    </customfield>
                                                                                                                                                                                                                                                                                                                                                                                                                                                                        <customfield id="customfield_10010" key="com.atlassian.jira.plugin.system.customfieldtypes:importid">
                        <customfieldname>Bugzilla Id</customfieldname>
                        <customfieldvalues>
                            <customfieldvalue>35335</customfieldvalue>
                        </customfieldvalues>
                    </customfield>
                                                                                            <customfield id="customfield_12310220" key="com.atlassian.jira.ext.charting:firstresponsedate">
                        <customfieldname>Date of First Response</customfieldname>
                        <customfieldvalues>
                            <customfieldvalue>Sun, 8 Jan 2006 05:13:18 +0000</customfieldvalue>

                        </customfieldvalues>
                    </customfield>
                                                                                                                                                                                                                                                                                                                                                                                                                                            <customfield id="customfield_12310420" key="com.pyxis.greenhopper.jira:gh-global-rank">
                        <customfieldname>Global Rank</customfieldname>
                        <customfieldvalues>
                            <customfieldvalue>110342</customfieldvalue>
                        </customfieldvalues>
                    </customfield>
                                                                                                                        <customfield id="customfield_12312521" key="com.atlassian.jira.toolkit:LastCommentDate">
                        <customfieldname>Last public comment date</customfieldname>
                        <customfieldvalues>
                            10 years, 48 weeks, 1 day ago
                        </customfieldvalues>
                    </customfield>
                                                                                            <customfield id="customfield_12311820" key="com.pyxis.greenhopper.jira:gh-lexo-rank">
                        <customfieldname>Rank</customfieldname>
                        <customfieldvalues>
                            <customfieldvalue>0|i0epdz:</customfieldvalue>

                        </customfieldvalues>
                    </customfield>
                                                                <customfield id="customfield_12310920" key="com.pyxis.greenhopper.jira:gh-global-rank">
                        <customfieldname>Rank (Obsolete)</customfieldname>
                        <customfieldvalues>
                            <customfieldvalue>83875</customfieldvalue>
                        </customfieldvalues>
                    </customfield>
                                                                                                                                                                                                                                        <customfield id="customfield_12310222" key="com.atlassian.jira.ext.charting:timeinstatus">
                        <customfieldname>Time in Status</customfieldname>
                        <customfieldvalues>
                            
                        </customfieldvalues>
                    </customfield>
                                                                                                                        </customfields>
    </item>
</channel>
</rss>