<rss version="0.92">
    <channel>
        <title>ASF JIRA</title>
        <link>https://issues.apache.org/jira/issues/?jql=project+%3D+CODEC+AND+type+%3D+bug+and+%28status+%3D+RESOLVED+or+status+%3D+closed%29+and+resolution++%3D+Fixed+and+fixVersion++%21%3D+None+and+affectedVersion+%21%3D+None+and+affectedVersion+%21%3D+%22Nightly+Builds%22</link>
        <description>An XML representation of a search request</description>
                <language>en-uk</language>
                        <issue start="0" end="76" total="76" />
                <build-info>
            <version>8.20.1</version>
            <build-number>820001</build-number>
            <build-date>28-10-2021</build-date>
        </build-info>

<item>
            <title>[CODEC-27] A unit test for Double Metaphone</title>
                <link>https://issues.apache.org/jira/browse/CODEC-27</link>
                <project id="12310464" key="CODEC">Commons Codec</project>
                    <description>&lt;p&gt;A unit test for Double Metaphone is missing and that is blocking 1.1.1.&lt;br/&gt;
A unit test will be attached shortly.&lt;/p&gt;</description>
                <environment>&lt;p&gt;Operating System: other&lt;br/&gt;
Platform: Other&lt;/p&gt;</environment>
        <key id="12341016">CODEC-27</key>
            <summary>A unit test for Double Metaphone</summary>
                <type id="1" iconUrl="https://issues.apache.org/jira/secure/viewavatar?size=xsmall&amp;avatarId=21133&amp;avatarType=issuetype">Bug</type>
                                            <priority id="3" iconUrl="https://issues.apache.org/jira/images/icons/priorities/major.svg">Major</priority>
                        <status id="6" iconUrl="https://issues.apache.org/jira/images/icons/statuses/closed.png" description="The issue is considered finished, the resolution is correct. Issues which are not closed can be reopened.">Closed</status>
                    <statusCategory id="3" key="done" colorName="green" />
                                    <resolution id="1">Fixed</resolution>
                                        <assignee username="-1">Unassigned</assignee>
                                    <reporter username="mindbridgeweb@yahoo.com">Mind Bridge</reporter>
                        <labels>
                    </labels>
                <created>Fri, 3 Oct 2003 23:26:55 +0000</created>
                <updated>Sat, 27 Oct 2007 06:49:26 +0000</updated>
                            <resolved>Sat, 27 Oct 2007 06:49:26 +0000</resolved>
                                    <version>1.1</version>
                                    <fixVersion>1.2</fixVersion>
                                        <due />
                            <votes>0</votes>
                                    <watches>0</watches>
                                                                <comments>
                            <comment id="12405221" author="mindbridgeweb@yahoo.com" created="Fri, 3 Oct 2003 23:29:02 +0000">&lt;p&gt;Created an attachment (id=8442)&lt;br/&gt;
A unit test for Double Metaphone&lt;/p&gt;</comment>
                            <comment id="12405222" author="mindbridgeweb@yahoo.com" created="Sat, 4 Oct 2003 00:03:48 +0000">&lt;p&gt;Created an attachment (id=8444)&lt;br/&gt;
A better unit test &amp;#8211; use this one please&lt;/p&gt;</comment>
                            <comment id="12405223" author="tobrien@discursive.com" created="Sat, 4 Oct 2003 22:19:38 +0000">&lt;p&gt;This class has been submitted, thank you very much.&lt;/p&gt;</comment>
                    </comments>
                    <attachments>
                            <attachment id="12332562" name="ASF.LICENSE.NOT.GRANTED--DoubleMetaphoneTest.java" size="6909" author="mindbridgeweb@yahoo.com" created="Sat, 4 Oct 2003 00:03:48 +0000" />
                            <attachment id="12332561" name="ASF.LICENSE.NOT.GRANTED--DoubleMetaphoneTest.java" size="5392" author="mindbridgeweb@yahoo.com" created="Fri, 3 Oct 2003 23:29:02 +0000" />
                    </attachments>
                <subtasks>
                    </subtasks>
                <customfields>
                                                                                                                                                                                                                                                                                                                                                                                                                                                                                                                                                                                                    <customfield id="customfield_10010" key="com.atlassian.jira.plugin.system.customfieldtypes:importid">
                        <customfieldname>Bugzilla Id</customfieldname>
                        <customfieldvalues>
                            <customfieldvalue>23594</customfieldvalue>
                        </customfieldvalues>
                    </customfield>
                                                                                                                                                    <customfield id="customfield_12314020" key="com.atlassian.jira.plugins.jira-development-integration-plugin:devsummary">
                        <customfieldname>Development</customfieldname>
                        <customfieldvalues>
                            
                        </customfieldvalues>
                    </customfield>
                                                                                                                        <customfield id="customfield_12313422" key="com.atlassian.jirafisheyeplugin:jobcheckbox">
                        <customfieldname>Enable Automatic Patch Review</customfieldname>
                        <customfieldvalues>
                            <customfieldvalue>false</customfieldvalue>

                        </customfieldvalues>
                    </customfield>
                                                                                                                                                                                                                                                                                                                                                                                                                                                                                                                                                                                                                                                <customfield id="customfield_12310420" key="com.pyxis.greenhopper.jira:gh-global-rank">
                        <customfieldname>Global Rank</customfieldname>
                        <customfieldvalues>
                            <customfieldvalue>110360</customfieldvalue>
                        </customfieldvalues>
                    </customfield>
                                                                                                                                                                                                                                                                                                                                                                                                                                                                        <customfield id="customfield_12311820" key="com.pyxis.greenhopper.jira:gh-lexo-rank">
                        <customfieldname>Rank</customfieldname>
                        <customfieldvalues>
                            <customfieldvalue>0|i0epbb:</customfieldvalue>

                        </customfieldvalues>
                    </customfield>
                                                                <customfield id="customfield_12310920" key="com.pyxis.greenhopper.jira:gh-global-rank">
                        <customfieldname>Rank (Obsolete)</customfieldname>
                        <customfieldvalues>
                            <customfieldvalue>83863</customfieldvalue>
                        </customfieldvalues>
                    </customfield>
                                                                                                                                                                                                                                                                                                                                                                                                                                                                                                                                                                                                                                                                                                                                                                                            </customfields>
    </item>


</channel>
</rss>