<rss version="0.92">
    <channel>
        <title>ASF JIRA</title>
        <link>https://issues.apache.org/jira/issues/?jql=project+%3D+CODEC+and+type+%3D+bug+and+%28status+%3D+RESOLVED+or+status+%3D+closed%29</link>
        <description>An XML representation of a search request</description>
                <language>en-uk</language>
                        <issue start="0" end="135" total="135" />
                <build-info>
            <version>8.20.1</version>
            <build-number>820001</build-number>
            <build-date>28-10-2021</build-date>
        </build-info>

<item>
            <title>[CODEC-140] isBase64 returns true for any UTF8 string</title>
                <link>https://issues.apache.org/jira/browse/CODEC-140</link>
                <project id="12310464" key="CODEC">Commons Codec</project>
                    <description>&lt;p&gt;I just called Base64.isBase64("Hello") for instance and it returns true. I thought it would return true only if it is valid base64 encoded string.&lt;/p&gt;</description>
                <environment>&lt;p&gt;windows/linux&lt;/p&gt;</environment>
        <key id="12552703">CODEC-140</key>
            <summary>isBase64 returns true for any UTF8 string</summary>
                <type id="1" iconUrl="https://issues.apache.org/jira/secure/viewavatar?size=xsmall&amp;avatarId=21133&amp;avatarType=issuetype">Bug</type>
                                            <priority id="3" iconUrl="https://issues.apache.org/jira/images/icons/priorities/major.svg">Major</priority>
                        <status id="5" iconUrl="https://issues.apache.org/jira/images/icons/statuses/resolved.png" description="A resolution has been taken, and it is awaiting verification by reporter. From here issues are either reopened, or are closed.">Resolved</status>
                    <statusCategory id="3" key="done" colorName="green" />
                                    <resolution id="8">Not A Problem</resolution>
                                        <assignee username="juliusdavies">Julius Davies</assignee>
                                    <reporter username="mohitanchlia">Mohit Anchlia</reporter>
                        <labels>
                    </labels>
                <created>Wed, 25 Apr 2012 18:37:05 +0000</created>
                <updated>Wed, 8 May 2013 11:34:12 +0000</updated>
                            <resolved>Wed, 25 Apr 2012 21:58:11 +0000</resolved>
                                    <version>1.6</version>
                                                        <due />
                            <votes>0</votes>
                                    <watches>1</watches>
                                                                <comments>
                            <comment id="13262165" author="juliusdavies" created="Wed, 25 Apr 2012 21:55:31 +0000">&lt;p&gt;"Hello" is a valid Base64 encoding.   Not all UTF-8 strings return true.  Consider the following:&lt;/p&gt;

&lt;div class="code panel" style="border-width: 1px;"&gt;&lt;div class="codeContent panelContent"&gt;
&lt;pre class="code-java"&gt;    /*
      Prints the following:

      Hello: &lt;span class="code-keyword"&gt;true&lt;/span&gt;
      Ol&#233;!   &lt;span class="code-keyword"&gt;false&lt;/span&gt;
      Hello! &lt;span class="code-keyword"&gt;false&lt;/span&gt;
    */
    &lt;span class="code-object"&gt;System&lt;/span&gt;.out.println(&lt;span class="code-quote"&gt;"Hello: "&lt;/span&gt; + Base64.isBase64(&lt;span class="code-quote"&gt;"Hello"&lt;/span&gt;));
    &lt;span class="code-object"&gt;System&lt;/span&gt;.out.println(&lt;span class="code-quote"&gt;"Ol&#233;!   "&lt;/span&gt; + Base64.isBase64(&lt;span class="code-quote"&gt;"Ol&#233;!"&lt;/span&gt;));
    &lt;span class="code-object"&gt;System&lt;/span&gt;.out.println(&lt;span class="code-quote"&gt;"Hello! "&lt;/span&gt; + Base64.isBase64(&lt;span class="code-quote"&gt;"Hello!"&lt;/span&gt;));
&lt;/pre&gt;
&lt;/div&gt;&lt;/div&gt;</comment>
                            <comment id="13262169" author="juliusdavies" created="Wed, 25 Apr 2012 21:58:11 +0000">&lt;p&gt;The characters in the word "Hello" are all valid according to the Base64 alphabet we are using.  Take a look at "Page 24" of this document:&lt;/p&gt;

&lt;p&gt;&lt;a href="http://www.ietf.org/rfc/rfc2045.txt" class="external-link" target="_blank" rel="nofollow noopener"&gt;http://www.ietf.org/rfc/rfc2045.txt&lt;/a&gt;&lt;/p&gt;</comment>
                            <comment id="13262172" author="juliusdavies" created="Wed, 25 Apr 2012 21:59:14 +0000">&lt;p&gt;ps.  sorry to make you submit a new bug request just to have me close it right away!   I hope it wasn't too much trouble!!!&lt;/p&gt;</comment>
                            <comment id="13262209" author="mohitanchlia" created="Wed, 25 Apr 2012 22:33:26 +0000">&lt;p&gt;I thought isBase64 would return only true for those strings that were originally encoded to base64. For eg:&lt;/p&gt;

&lt;p&gt;String b = Base64.encodeBase64(bytes);&lt;br/&gt;
Base64.isBase64(b); //return true expected&lt;br/&gt;
Base64.isBase64("Hello"); // return false expected since it wasn't encoded to bsae64&lt;/p&gt;

&lt;p&gt;I think isBase64 doesn't work this way as I thought it would?&lt;/p&gt;</comment>
                            <comment id="13262248" author="juliusdavies" created="Wed, 25 Apr 2012 23:42:32 +0000">&lt;p&gt;Consider this:&lt;/p&gt;

&lt;div class="code panel" style="border-width: 1px;"&gt;&lt;div class="codeContent panelContent"&gt;
&lt;pre class="code-java"&gt;    &lt;span class="code-object"&gt;byte&lt;/span&gt;[] b = &lt;span class="code-keyword"&gt;new&lt;/span&gt; &lt;span class="code-object"&gt;byte&lt;/span&gt;[] { (&lt;span class="code-object"&gt;byte&lt;/span&gt;) 29, (&lt;span class="code-object"&gt;byte&lt;/span&gt;) -23, (&lt;span class="code-object"&gt;byte&lt;/span&gt;) 101, (&lt;span class="code-object"&gt;byte&lt;/span&gt;) -93 };
    &lt;span class="code-object"&gt;System&lt;/span&gt;.out.println(Base64.encodeBase64URLSafeString(b));
&lt;/pre&gt;
&lt;/div&gt;&lt;/div&gt;

&lt;p&gt;It prints "Hellow" on the console.   So it makes sense for Base64.isBase64("Hellow") to return true.&lt;/p&gt;


&lt;p&gt;As for "Hello"... isBase64() just cares that the characters are in the base64 alphabet.  Turns out it is impossible, though, to encode any binary sequence such that a 5-character encoding is created, since that would correspond to a 30 bit sequence.  The final 6 bits of encoding (the 5th character) would always get discarded during the decode().&lt;/p&gt;

&lt;p&gt;So maybe one could make a case that isBase64("Hello") should return false because of the 5th character being meaningless, but so far that hasn't been our approach.&lt;/p&gt;


</comment>
                            <comment id="13262507" author="jochen@apache.org" created="Thu, 26 Apr 2012 10:17:40 +0000">&lt;p&gt;If the bug report should be confirmed, then I'd take it as the main issue that this isn't covered (and thus prevented) by the unit tests.&lt;/p&gt;</comment>
                            <comment id="13262706" author="juliusdavies" created="Thu, 26 Apr 2012 16:17:35 +0000">
&lt;p&gt;I don't think it's a bug.  The javadoc on isBase64() makes it clear that "Hello" should return true:&lt;/p&gt;

&lt;p&gt;"Tests a given String to see if it contains only valid characters within the Base64 alphabet. Currently the method treats whitespace as valid."&lt;/p&gt;

&lt;p&gt;&lt;a href="http://commons.apache.org/codec/apidocs/org/apache/commons/codec/binary/Base64.html#isBase64%28java.lang.String%29" class="external-link" target="_blank" rel="nofollow noopener"&gt;http://commons.apache.org/codec/apidocs/org/apache/commons/codec/binary/Base64.html#isBase64%28java.lang.String%29&lt;/a&gt;&lt;/p&gt;</comment>
                            <comment id="13651596" author="btpka3" created="Wed, 8 May 2013 03:50:23 +0000">&lt;p&gt;Should enhance Base64.isBase64(byte[]) to check (1) lengh%4==0 after remove whitespace (2) '=' can not occured in the middle ?&lt;/p&gt;</comment>
                            <comment id="13651805" author="sebb@apache.org" created="Wed, 8 May 2013 11:34:12 +0000">&lt;p&gt;Adding further validation to check the length etc would change the behaviour of the method, which is currently clearly documented to only check for valid characters in the Base64 alphabet.&lt;/p&gt;

&lt;p&gt;Not sure it's worth creating 3 other methods to add this extra validation.&lt;/p&gt;</comment>
                    </comments>
                    <attachments>
                    </attachments>
                <subtasks>
                    </subtasks>
                <customfields>
                                                                                                                                                                                                                                                                                                                                                                                                                                                                                                                                                                                                                                                                                                                    <customfield id="customfield_12314020" key="com.atlassian.jira.plugins.jira-development-integration-plugin:devsummary">
                        <customfieldname>Development</customfieldname>
                        <customfieldvalues>
                            
                        </customfieldvalues>
                    </customfield>
                                                                                                                        <customfield id="customfield_12313422" key="com.atlassian.jirafisheyeplugin:jobcheckbox">
                        <customfieldname>Enable Automatic Patch Review</customfieldname>
                        <customfieldvalues>
                            <customfieldvalue>false</customfieldvalue>

                        </customfieldvalues>
                    </customfield>
                                                                                                                                                                                                                                                                                                                                                                                                                                                                                                                                                                                                                                                <customfield id="customfield_12310420" key="com.pyxis.greenhopper.jira:gh-global-rank">
                        <customfieldname>Global Rank</customfieldname>
                        <customfieldvalues>
                            <customfieldvalue>236778</customfieldvalue>
                        </customfieldvalues>
                    </customfield>
                                                                                                                                                                                                                                                                                                                                                                                                                                                                        <customfield id="customfield_12311820" key="com.pyxis.greenhopper.jira:gh-lexo-rank">
                        <customfieldname>Rank</customfieldname>
                        <customfieldvalues>
                            <customfieldvalue>0|i0shgn:</customfieldvalue>

                        </customfieldvalues>
                    </customfield>
                                                                <customfield id="customfield_12310920" key="com.pyxis.greenhopper.jira:gh-global-rank">
                        <customfieldname>Rank (Obsolete)</customfieldname>
                        <customfieldvalues>
                            <customfieldvalue>164306</customfieldvalue>
                        </customfieldvalues>
                    </customfield>
                                                                                                                                                                                                                                                                                                                                                                                                                                                                                                                                                                                                                                                                                                                                                                                                                                                    </customfields>
    </item>


</channel>
</rss>