<rss version="0.92">
    <channel>
        <title>ASF JIRA</title>
        <link>https://issues.apache.org/jira/issues/?jql=project+%3D+CODEC+and+type+%3D+bug+and+%28status+%3D+RESOLVED+or+status+%3D+closed%29</link>
        <description>An XML representation of a search request</description>
                <language>en-uk</language>
                        <issue start="0" end="135" total="135" />
                <build-info>
            <version>8.20.1</version>
            <build-number>820001</build-number>
            <build-date>28-10-2021</build-date>
        </build-info>

<item>
            <title>[CODEC-18] [codec] Bug in Base64 Decoder</title>
                <link>https://issues.apache.org/jira/browse/CODEC-18</link>
                <project id="12310464" key="CODEC">Commons Codec</project>
                    <description>&lt;p&gt;I downloaded commons-codec-1.3.jar. Then I write one program that reads one &lt;br/&gt;
TIFF image file '00001.tif', encodes it and writes it in some text file in the &lt;br/&gt;
text format. Then it reads the text file and after decoding, it writes it to &lt;br/&gt;
another TIFF file '00002.tif'. Now when I opened image '00002.tif', it gives me &lt;br/&gt;
the message 'Tiff Decode Error. This is not a valid TIFF file !'.&lt;/p&gt;</description>
                <environment>&lt;p&gt;Operating System: Windows 2000&lt;br/&gt;
Platform: Other&lt;/p&gt;</environment>
        <key id="12342171">CODEC-18</key>
            <summary>[codec] Bug in Base64 Decoder</summary>
                <type id="1" iconUrl="https://issues.apache.org/jira/secure/viewavatar?size=xsmall&amp;avatarId=21133&amp;avatarType=issuetype">Bug</type>
                                            <priority id="1" iconUrl="https://issues.apache.org/jira/images/icons/priorities/blocker.svg">Blocker</priority>
                        <status id="6" iconUrl="https://issues.apache.org/jira/images/icons/statuses/closed.png" description="The issue is considered finished, the resolution is correct. Issues which are not closed can be reopened.">Closed</status>
                    <statusCategory id="3" key="done" colorName="green" />
                                    <resolution id="4">Incomplete</resolution>
                                        <assignee username="-1">Unassigned</assignee>
                                    <reporter username="chandrashekhar.otari@sumasoft.net">Chandrashekhar Otari</reporter>
                        <labels>
                    </labels>
                <created>Fri, 8 Apr 2005 22:28:43 +0000</created>
                <updated>Sat, 27 Oct 2007 06:49:25 +0000</updated>
                            <resolved>Sat, 27 Oct 2007 06:49:25 +0000</resolved>
                                    <version>1.3</version>
                                                        <due />
                            <votes>0</votes>
                                    <watches>0</watches>
                                                                <comments>
                            <comment id="12409104" author="ggregory@seagullsw.com" created="Fri, 15 Apr 2005 05:32:13 +0000">&lt;p&gt;Could you please provide an example program with data? Preferably in the form of&lt;br/&gt;
a JUnit test,&lt;/p&gt;</comment>
                            <comment id="12409105" author="tobrien@discursive.com" created="Sun, 8 Jan 2006 05:20:53 +0000">&lt;p&gt;This bug has been sitting in an unknown state for some time. I'm resolving it as&lt;br/&gt;
an invalid bug, notenough information supplied to make a good guess here.&lt;/p&gt;
</comment>
                            <comment id="12409106" author="tobrien@discursive.com" created="Sun, 8 Jan 2006 05:21:03 +0000">&lt;p&gt;This bug has been sitting in an unknown state for some time. I'm resolving it as&lt;br/&gt;
an invalid bug, notenough information supplied to make a good guess here.&lt;/p&gt;</comment>
                    </comments>
                    <attachments>
                    </attachments>
                <subtasks>
                    </subtasks>
                <customfields>
                                                                                                                                                                                                                                                                                                                                                                                                                                                                                                                                                                                                    <customfield id="customfield_10010" key="com.atlassian.jira.plugin.system.customfieldtypes:importid">
                        <customfieldname>Bugzilla Id</customfieldname>
                        <customfieldvalues>
                            <customfieldvalue>34372</customfieldvalue>
                        </customfieldvalues>
                    </customfield>
                                                                                                                                                    <customfield id="customfield_12314020" key="com.atlassian.jira.plugins.jira-development-integration-plugin:devsummary">
                        <customfieldname>Development</customfieldname>
                        <customfieldvalues>
                            
                        </customfieldvalues>
                    </customfield>
                                                                                                                        <customfield id="customfield_12313422" key="com.atlassian.jirafisheyeplugin:jobcheckbox">
                        <customfieldname>Enable Automatic Patch Review</customfieldname>
                        <customfieldvalues>
                            <customfieldvalue>false</customfieldvalue>

                        </customfieldvalues>
                    </customfield>
                                                                                                                                                                                                                                                                                                                                                                                                                                                                                                                                                                                                                                                <customfield id="customfield_12310420" key="com.pyxis.greenhopper.jira:gh-global-rank">
                        <customfieldname>Global Rank</customfieldname>
                        <customfieldvalues>
                            <customfieldvalue>110352</customfieldvalue>
                        </customfieldvalues>
                    </customfield>
                                                                                                                                                                                                                                                                                                                                                                                                                                                                        <customfield id="customfield_12311820" key="com.pyxis.greenhopper.jira:gh-lexo-rank">
                        <customfieldname>Rank</customfieldname>
                        <customfieldvalues>
                            <customfieldvalue>0|i0shnj:</customfieldvalue>

                        </customfieldvalues>
                    </customfield>
                                                                <customfield id="customfield_12310920" key="com.pyxis.greenhopper.jira:gh-global-rank">
                        <customfieldname>Rank (Obsolete)</customfieldname>
                        <customfieldvalues>
                            <customfieldvalue>164337</customfieldvalue>
                        </customfieldvalues>
                    </customfield>
                                                                                                                                                                                                                                                                                                                                                                                                                                                                                                                                                                                                                                                                                                                                                                                                                                                    </customfields>
    </item>


</channel>
</rss>