<rss version="0.92">
    <channel>
        <title>ASF JIRA</title>
        <link>https://issues.apache.org/jira/issues/?jql=project+%3D+CODEC+AND+type+%3D+bug+and+%28status+%3D+RESOLVED+or+status+%3D+closed%29+and+resolution++%3D+Fixed+and+fixVersion++%21%3D+None+and+affectedVersion+%21%3D+None+and+affectedVersion+%21%3D+%22Nightly+Builds%22</link>
        <description>An XML representation of a search request</description>
                <language>en-uk</language>
                        <issue start="0" end="76" total="76" />
                <build-info>
            <version>8.20.1</version>
            <build-number>820001</build-number>
            <build-date>28-10-2021</build-date>
        </build-info>

<item>
            <title>[CODEC-21] [codec] Alterations to Binary.java and its unit test for 1.3 release</title>
                <link>https://issues.apache.org/jira/browse/CODEC-21</link>
                <project id="12310464" key="CODEC">Commons Codec</project>
                    <description>&lt;ul&gt;
	&lt;li&gt;BIT_n constants made private&lt;/li&gt;
	&lt;li&gt;Used BITS in for loop to make code shorter and cleaner&lt;/li&gt;
	&lt;li&gt;Added two new methods for encoding and decoding to BitSet&lt;br/&gt;
  curtesy of Vish Krishnan - sorry Vish I had to change some&lt;br/&gt;
  things on your contribs.&lt;/li&gt;
	&lt;li&gt;Made 100% test coverage as validated by clover&lt;/li&gt;
&lt;/ul&gt;
</description>
                <environment>&lt;p&gt;Operating System: other&lt;br/&gt;
Platform: All&lt;/p&gt;</environment>
        <key id="12341356">CODEC-21</key>
            <summary>[codec] Alterations to Binary.java and its unit test for 1.3 release</summary>
                <type id="1" iconUrl="https://issues.apache.org/jira/secure/viewavatar?size=xsmall&amp;avatarId=21133&amp;avatarType=issuetype">Bug</type>
                                            <priority id="3" iconUrl="https://issues.apache.org/jira/images/icons/priorities/major.svg">Major</priority>
                        <status id="6" iconUrl="https://issues.apache.org/jira/images/icons/statuses/closed.png" description="The issue is considered finished, the resolution is correct. Issues which are not closed can be reopened.">Closed</status>
                    <statusCategory id="3" key="done" colorName="green" />
                                    <resolution id="1">Fixed</resolution>
                                        <assignee username="-1">Unassigned</assignee>
                                    <reporter username="akarasulu@apache.org">Alex Karasulu</reporter>
                        <labels>
                    </labels>
                <created>Sat, 20 Mar 2004 10:47:21 +0000</created>
                <updated>Sat, 27 Oct 2007 06:49:25 +0000</updated>
                            <resolved>Sat, 27 Oct 2007 06:49:25 +0000</resolved>
                                    <version>1.2</version>
                                    <fixVersion>1.3</fixVersion>
                                        <due />
                            <votes>0</votes>
                                    <watches>0</watches>
                                                                <comments>
                            <comment id="12406314" author="akarasulu@apache.org" created="Sat, 20 Mar 2004 10:49:59 +0000">&lt;p&gt;Created an attachment (id=10882)&lt;br/&gt;
jar compressed file containing BinaryAndTest.patch&lt;/p&gt;</comment>
                            <comment id="12406315" author="ggregory@seagullsw.com" created="Sun, 21 Mar 2004 09:19:39 +0000">&lt;p&gt;Patch partially applied and modified:&lt;/p&gt;

&lt;p&gt;(1) The bitset methods and tests do not compile on &amp;lt;1.4. I've fixed that in&lt;br/&gt;
another patch attached to this ticket if/when we want to use it here.&lt;/p&gt;

&lt;p&gt;(2) I did not include the bit set methods in this pass as they seem to be out of&lt;br/&gt;
context for this class but would like to discuss this. The Binary codec as is&lt;br/&gt;
today converts between byte arrays and "0/1" strings. If we want to convert to&lt;br/&gt;
and from BitSet objects, maybe this is another codec or a BitSetUtils class in&lt;br/&gt;
&lt;span class="error"&gt;&amp;#91;lang&amp;#93;&lt;/span&gt;?&lt;/p&gt;

&lt;p&gt;(3) All Java strings are Unicode, so the use of "ASCII" in comments and method&lt;br/&gt;
names is misleading IMO, especially when what is meant are "Strings of 0s and&lt;br/&gt;
1s" so I'd like to not use "Ascii" in method names. I'll try to address that on&lt;br/&gt;
commons-dev.&lt;/p&gt;

&lt;p&gt;(4) I've also renamed the instance method "byte[] decode(Object)" to&lt;br/&gt;
"toByteArray" because the name "decode" was being overloaded but not overriden,&lt;br/&gt;
which to makes the class more confusing to understand IMHO considering the codec&lt;br/&gt;
interfaces Decoder, StringDecoder, and BinaryDecoder. I found this tricky since&lt;br/&gt;
Binary is NOT a StringDecoder but a BinaryDecoder. Using "decode" the method&lt;br/&gt;
look like a framework implementation method when it is not. This is all I&lt;br/&gt;
suppose a reflection on how truly useful these interfaces are in the first&lt;br/&gt;
place, a different topic I know.&lt;/p&gt;
</comment>
                            <comment id="12406316" author="ggregory@seagullsw.com" created="Sun, 21 Mar 2004 09:36:11 +0000">&lt;p&gt;Created an attachment (id=10885)&lt;br/&gt;
Patch to Binary v.1.8 for bit set methods.&lt;/p&gt;</comment>
                            <comment id="12406317" author="ggregory@seagullsw.com" created="Sun, 21 Mar 2004 09:36:55 +0000">&lt;p&gt;Created an attachment (id=10886)&lt;br/&gt;
Patch to BinaryTest v.1.9 for BitSet methods.&lt;/p&gt;</comment>
                            <comment id="12406318" author="heuermh@acm.org" created="Tue, 23 Mar 2004 02:06:39 +0000">&lt;p&gt;Re: 2)&lt;/p&gt;

&lt;p&gt;&lt;a href="https://issues.apache.org/jira/browse/LANG-18" title="[lang] BitSetUtils class, toIndexArray and fromIndexArray" class="issue-link" data-issue-key="LANG-18"&gt;&lt;del&gt;COM-1068&lt;/del&gt;&lt;/a&gt; contains a BitSetUtils class submitted to &lt;span class="error"&gt;&amp;#91;lang&amp;#93;&lt;/span&gt;.&lt;/p&gt;</comment>
                            <comment id="12406319" author="ggregory@seagullsw.com" created="Wed, 14 Apr 2004 04:00:54 +0000">&lt;p&gt;Set to FIXED. The class BinaryCodec seems ready for release.&lt;/p&gt;</comment>
                    </comments>
                    <attachments>
                            <attachment id="12332831" name="ASF.LICENSE.NOT.GRANTED--Binary-BitSet.patch" size="4346" author="ggregory@seagullsw.com" created="Sun, 21 Mar 2004 09:36:11 +0000" />
                            <attachment id="12332832" name="ASF.LICENSE.NOT.GRANTED--BinaryTest-BitSet.patch" size="16931" author="ggregory@seagullsw.com" created="Sun, 21 Mar 2004 09:36:55 +0000" />
                            <attachment id="12332830" name="ASF.LICENSE.NOT.GRANTED--patch.jar" size="7528" author="akarasulu@apache.org" created="Sat, 20 Mar 2004 10:49:59 +0000" />
                    </attachments>
                <subtasks>
                    </subtasks>
                <customfields>
                                                                                                                                                                                                                                                                                                                                                                                                                                                                                                                                                                                                    <customfield id="customfield_10010" key="com.atlassian.jira.plugin.system.customfieldtypes:importid">
                        <customfieldname>Bugzilla Id</customfieldname>
                        <customfieldvalues>
                            <customfieldvalue>27813</customfieldvalue>
                        </customfieldvalues>
                    </customfield>
                                                                                                                                                    <customfield id="customfield_12314020" key="com.atlassian.jira.plugins.jira-development-integration-plugin:devsummary">
                        <customfieldname>Development</customfieldname>
                        <customfieldvalues>
                            
                        </customfieldvalues>
                    </customfield>
                                                                                                                        <customfield id="customfield_12313422" key="com.atlassian.jirafisheyeplugin:jobcheckbox">
                        <customfieldname>Enable Automatic Patch Review</customfieldname>
                        <customfieldvalues>
                            <customfieldvalue>false</customfieldvalue>

                        </customfieldvalues>
                    </customfield>
                                                                                                                                                                                                                                                                                                                                                                                                                                                                                                                                                                                                                                                <customfield id="customfield_12310420" key="com.pyxis.greenhopper.jira:gh-global-rank">
                        <customfieldname>Global Rank</customfieldname>
                        <customfieldvalues>
                            <customfieldvalue>110355</customfieldvalue>
                        </customfieldvalues>
                    </customfield>
                                                                                                                                                                                                                                                                                                                                                                                                                                                                        <customfield id="customfield_12311820" key="com.pyxis.greenhopper.jira:gh-lexo-rank">
                        <customfieldname>Rank</customfieldname>
                        <customfieldvalues>
                            <customfieldvalue>0|i0epcf:</customfieldvalue>

                        </customfieldvalues>
                    </customfield>
                                                                <customfield id="customfield_12310920" key="com.pyxis.greenhopper.jira:gh-global-rank">
                        <customfieldname>Rank (Obsolete)</customfieldname>
                        <customfieldvalues>
                            <customfieldvalue>83868</customfieldvalue>
                        </customfieldvalues>
                    </customfield>
                                                                                                                                                                                                                                                                                                                                                                                                                                                                                                                                                                                                                                                                                                                                                                                            </customfields>
    </item>


</channel>
</rss>