<rss version="0.92">
    <channel>
        <title>ASF JIRA</title>
        <link>https://issues.apache.org/jira/issues/?jql=project+%3D+CODEC+and+type+%3D+bug+and+%28status+%3D+RESOLVED+or+status+%3D+closed%29</link>
        <description>An XML representation of a search request</description>
                <language>en-uk</language>
                        <issue start="0" end="135" total="135" />
                <build-info>
            <version>8.20.1</version>
            <build-number>820001</build-number>
            <build-date>28-10-2021</build-date>
        </build-info>

<item>
            <title>[CODEC-232] URLCodec is neither immutable nor threadsafe</title>
                <link>https://issues.apache.org/jira/browse/CODEC-232</link>
                <project id="12310464" key="CODEC">Commons Codec</project>
                    <description>&lt;p&gt;URLCodec Javadoc says the class is immutable and threadsafe.&lt;/p&gt;

&lt;p&gt;However it is not immutable, because of the fields:&lt;/p&gt;

&lt;p&gt;protected static final BitSet WWW_FORM_URL;&lt;br/&gt;
protected String charset;&lt;/p&gt;

&lt;p&gt;Nor is it threadsafe, because external code can change the charset field; changes to the field are not safely published across threads.&lt;/p&gt;

&lt;p&gt;(The WWW_FORM_URL field is no longer used internally).&lt;/p&gt;

&lt;p&gt;The class could be made effectively immutable (and threadsafe) by also saving the initial charset name in a private final field and only using the private field.&lt;/p&gt;

&lt;p&gt;Or the charset field could be made volatile.&lt;br/&gt;
This would preserve the behaviour for subclasses that rely on changing the charset field.&lt;/p&gt;</description>
                <environment />
        <key id="13059736">CODEC-232</key>
            <summary>URLCodec is neither immutable nor threadsafe</summary>
                <type id="1" iconUrl="https://issues.apache.org/jira/secure/viewavatar?size=xsmall&amp;avatarId=21133&amp;avatarType=issuetype">Bug</type>
                                            <priority id="3" iconUrl="https://issues.apache.org/jira/images/icons/priorities/major.svg">Major</priority>
                        <status id="5" iconUrl="https://issues.apache.org/jira/images/icons/statuses/resolved.png" description="A resolution has been taken, and it is awaiting verification by reporter. From here issues are either reopened, or are closed.">Resolved</status>
                    <statusCategory id="3" key="done" colorName="green" />
                                    <resolution id="1">Fixed</resolution>
                                        <assignee username="-1">Unassigned</assignee>
                                    <reporter username="sebb">Sebb</reporter>
                        <labels>
                    </labels>
                <created>Tue, 28 Mar 2017 13:51:28 +0000</created>
                <updated>Tue, 28 Mar 2017 14:02:56 +0000</updated>
                            <resolved>Tue, 28 Mar 2017 14:02:56 +0000</resolved>
                                    <version>1.10</version>
                                    <fixVersion>1.11</fixVersion>
                                        <due />
                            <votes>0</votes>
                                    <watches>0</watches>
                                                                <comments>
                            <comment id="15945220" author="sebb@apache.org" created="Tue, 28 Mar 2017 14:02:56 +0000">&lt;p&gt;URL: &lt;a href="http://svn.apache.org/viewvc?rev=1789142&amp;amp;view=rev" class="external-link" target="_blank" rel="nofollow noopener"&gt;http://svn.apache.org/viewvc?rev=1789142&amp;amp;view=rev&lt;/a&gt;&lt;br/&gt;
Log:&lt;br/&gt;
&lt;a href="https://issues.apache.org/jira/browse/CODEC-232" title="URLCodec is neither immutable nor threadsafe" class="issue-link" data-issue-key="CODEC-232"&gt;&lt;del&gt;CODEC-232&lt;/del&gt;&lt;/a&gt; URLCodec is neither immutable nor threadsafe&lt;/p&gt;

&lt;p&gt;Modified:&lt;br/&gt;
    commons/proper/codec/trunk/src/changes/changes.xml&lt;br/&gt;
    commons/proper/codec/trunk/src/main/java/org/apache/commons/codec/net/URLCodec.java&lt;/p&gt;</comment>
                    </comments>
                    <attachments>
                    </attachments>
                <subtasks>
                    </subtasks>
                <customfields>
                                                                                                                                                                                                                                                                                                                                                                                                                                                                                                                                                                                                                                                                                                                    <customfield id="customfield_12314020" key="com.atlassian.jira.plugins.jira-development-integration-plugin:devsummary">
                        <customfieldname>Development</customfieldname>
                        <customfieldvalues>
                            
                        </customfieldvalues>
                    </customfield>
                                                                                                                        <customfield id="customfield_12313422" key="com.atlassian.jirafisheyeplugin:jobcheckbox">
                        <customfieldname>Enable Automatic Patch Review</customfieldname>
                        <customfieldvalues>
                            <customfieldvalue>false</customfieldvalue>

                        </customfieldvalues>
                    </customfield>
                                                                                                                                                                                                                                                                                                                                                                                                                                                                                                                                                                                                                                                <customfield id="customfield_12310420" key="com.pyxis.greenhopper.jira:gh-global-rank">
                        <customfieldname>Global Rank</customfieldname>
                        <customfieldvalues>
                            <customfieldvalue>9223372036854775807</customfieldvalue>
                        </customfieldvalues>
                    </customfield>
                                                                                                                                                                                                                                                                                                                                                                                                                                                                        <customfield id="customfield_12311820" key="com.pyxis.greenhopper.jira:gh-lexo-rank">
                        <customfieldname>Rank</customfieldname>
                        <customfieldvalues>
                            <customfieldvalue>0|i3cw7j:</customfieldvalue>

                        </customfieldvalues>
                    </customfield>
                                                                <customfield id="customfield_12310920" key="com.pyxis.greenhopper.jira:gh-global-rank">
                        <customfieldname>Rank (Obsolete)</customfieldname>
                        <customfieldvalues>
                            <customfieldvalue>9223372036854775807</customfieldvalue>
                        </customfieldvalues>
                    </customfield>
                                                                                                                                                                                                                                                                                                                                                                                                                                                                                                                                                                                                                                                                                                                                                                                                                                                    </customfields>
    </item>


</channel>
</rss>