<!-- 
RSS generated by JIRA (6.3.4#6332-sha1:51bc225ef474afe3128b2f66878477f322397b16) at Thu Dec 01 19:06:37 UTC 2016

It is possible to restrict the fields that are returned in this document by specifying the 'field' parameter in your request.
For example, to request only the issue key and summary add field=key&field=summary to the URL of your request.
For example:
https://issues.apache.org/jira/si/jira.issueviews:issue-xml/CODEC-185/CODEC-185.xml?field=key&amp;field=summary
-->
<rss version="0.92" >
<channel>
    <title>ASF JIRA</title>
    <link>https://issues.apache.org/jira</link>
    <description>This file is an XML representation of an issue</description>
    <language>en-uk</language>    <build-info>
        <version>6.3.4</version>
        <build-number>6332</build-number>
        <build-date>15-08-2014</build-date>
    </build-info>

<item>
            <title>[CODEC-185] Base64 user-facing docs should say that decode can handle URL Safe encoding</title>
                <link>https://issues.apache.org/jira/browse/CODEC-185</link>
                <project id="12310464" key="CODEC">Commons Codec</project>
                    <description>&lt;p&gt;Base64 has static methods specific to doing URLSafe encoding, but has no corresponding URLSafe decoding method.&lt;/p&gt;

&lt;p&gt;This is be cause the decoding table transparently handles both URLSafe and standard alphabets. Unfortunately this is only documented as a javadoc on a private member.&lt;/p&gt;

&lt;p&gt;There should be a mention of it&lt;/p&gt;

&lt;ul&gt;
	&lt;li&gt;In the class javadocs&lt;/li&gt;
	&lt;li&gt;on the static decode methods&lt;/li&gt;
	&lt;li&gt;on the static URLSafe encode methods&lt;/li&gt;
&lt;/ul&gt;
</description>
                <environment></environment>
        <key id="12713365">CODEC-185</key>
            <summary>Base64 user-facing docs should say that decode can handle URL Safe encoding</summary>
                <type id="1" iconUrl="https://issues.apache.org/jira/images/icons/issuetypes/bug.png">Bug</type>
                                            <priority id="4" iconUrl="https://issues.apache.org/jira/images/icons/priorities/minor.png">Minor</priority>
                        <status id="6" iconUrl="https://issues.apache.org/jira/images/icons/statuses/closed.png" description="The issue is considered finished, the resolution is correct. Issues which are closed can be reopened.">Closed</status>
                    <statusCategory id="3" key="done" colorName="green"/>
                                    <resolution id="1">Fixed</resolution>
                                        <assignee username="-1">Unassigned</assignee>
                                    <reporter username="busbey">Sean Busbey</reporter>
                        <labels>
                            <label>docs</label>
                    </labels>
                <created>Fri, 9 May 2014 18:26:42 +0000</created>
                <updated>Mon, 10 Nov 2014 03:13:42 +0000</updated>
                            <resolved>Sat, 1 Nov 2014 16:28:52 +0000</resolved>
                                    <version>1.4</version>
                    <version>1.5</version>
                    <version>1.6</version>
                    <version>1.7</version>
                    <version>1.8</version>
                    <version>1.9</version>
                                    <fixVersion>1.10</fixVersion>
                                        <due></due>
                            <votes>0</votes>
                                    <watches>2</watches>
                                                                <comments>
                            <comment id="13996611" author="garydgregory" created="Tue, 13 May 2014 16:48:39 +0000"  >&lt;p&gt;Sean,&lt;/p&gt;

&lt;p&gt;Would you be willing to provide a patch against trunk to provide these changes?&lt;/p&gt;

&lt;p&gt;Thank you,&lt;br/&gt;
Gary&lt;/p&gt;</comment>
                            <comment id="13996670" author="busbey" created="Tue, 13 May 2014 17:36:53 +0000"  >&lt;p&gt;Sure. go ahead and assign to me and I&apos;ll get something at the end of the week.&lt;/p&gt;</comment>
                            <comment id="13997152" author="garydgregory" created="Wed, 14 May 2014 01:12:00 +0000"  >&lt;p&gt;Bah, I cannot assign to you, who knows why...&lt;/p&gt;</comment>
                            <comment id="13997789" author="busbey" created="Wed, 14 May 2014 17:13:29 +0000"  >&lt;p&gt;you probably need to add me to the contributor list in jira&apos;s admin page for hte project.&lt;/p&gt;</comment>
                            <comment id="14193264" author="tn" created="Sat, 1 Nov 2014 16:28:52 +0000"  >&lt;p&gt;Added clarification to class and decode methods javadoc in r1635986.&lt;/p&gt;

&lt;p&gt;It was already present in the javadoc of the relevant constructor.&lt;/p&gt;

&lt;p&gt;Thanks for the report!&lt;/p&gt;</comment>
                            <comment id="14204287" author="garydgregory" created="Mon, 10 Nov 2014 03:13:42 +0000"  >&lt;p&gt;We released 1.10 today.&lt;/p&gt;</comment>
                    </comments>
                    <attachments>
                    </attachments>
                <subtasks>
                    </subtasks>
                <customfields>
                                                <customfield id="customfield_12310310" key="com.atlassian.jira.toolkit:attachments">
                        <customfieldname>Attachment count</customfieldname>
                        <customfieldvalues>
                            <customfieldvalue>0.0</customfieldvalue>
                        </customfieldvalues>
                    </customfield>
                                                                                                                                                                                                                                                                                                                                                                                                                                                                                                                                <customfield id="customfield_12310220" key="com.atlassian.jira.ext.charting:firstresponsedate">
                        <customfieldname>Date of First Response</customfieldname>
                        <customfieldvalues>
                            <customfieldvalue>Tue, 13 May 2014 16:48:39 +0000</customfieldvalue>

                        </customfieldvalues>
                    </customfield>
                                                                                                                                                                                                                                                                                                                                                                                                                                            <customfield id="customfield_12310420" key="com.pyxis.greenhopper.jira:gh-global-rank">
                        <customfieldname>Global Rank</customfieldname>
                        <customfieldvalues>
                            <customfieldvalue>391681</customfieldvalue>
                        </customfieldvalues>
                    </customfield>
                                                                                                                        <customfield id="customfield_12312521" key="com.atlassian.jira.toolkit:LastCommentDate">
                        <customfieldname>Last public comment date</customfieldname>
                        <customfieldvalues>
                            2 years, 3 weeks, 3 days ago
                        </customfieldvalues>
                    </customfield>
                                                                                            <customfield id="customfield_12311820" key="com.pyxis.greenhopper.jira:gh-lexo-rank">
                        <customfieldname>Rank</customfieldname>
                        <customfieldvalues>
                            <customfieldvalue>0|i1vghz:</customfieldvalue>

                        </customfieldvalues>
                    </customfield>
                                                                <customfield id="customfield_12310920" key="com.pyxis.greenhopper.jira:gh-global-rank">
                        <customfieldname>Rank (Obsolete)</customfieldname>
                        <customfieldvalues>
                            <customfieldvalue>391893</customfieldvalue>
                        </customfieldvalues>
                    </customfield>
                                                                                                                                                                                                                                        <customfield id="customfield_12310222" key="com.atlassian.jira.ext.charting:timeinstatus">
                        <customfieldname>Time in Status</customfieldname>
                        <customfieldvalues>
                            
                        </customfieldvalues>
                    </customfield>
                                                                                                                        </customfields>
    </item>
</channel>
</rss>