<rss version="0.92">
    <channel>
        <title>ASF JIRA</title>
        <link>https://issues.apache.org/jira/issues/?jql=project+%3D+CODEC+AND+type+%3D+bug+and+%28status+%3D+RESOLVED+or+status+%3D+closed%29+and+resolution++%3D+Fixed+and+fixVersion++%21%3D+None+and+affectedVersion+%21%3D+None+and+affectedVersion+%21%3D+%22Nightly+Builds%22</link>
        <description>An XML representation of a search request</description>
                <language>en-uk</language>
                        <issue start="0" end="76" total="76" />
                <build-info>
            <version>8.20.1</version>
            <build-number>820001</build-number>
            <build-date>28-10-2021</build-date>
        </build-info>

<item>
            <title>[CODEC-105] ArrayIndexOutOfBoundsException when doing multiple reads() on encoding Base64InputStream</title>
                <link>https://issues.apache.org/jira/browse/CODEC-105</link>
                <project id="12310464" key="CODEC">Commons Codec</project>
                    <description>&lt;p&gt;When encoding a sizable stream byte by byte (so, just calling Base64InputStream.read()), after 10920 successful read()s, this happens: &lt;/p&gt;

&lt;p&gt;java.lang.ArrayIndexOutOfBoundsException: 2&lt;br/&gt;
        at org.apache.commons.codec.binary.Base64.encode(Base64.java:502)&lt;br/&gt;
        at org.apache.commons.codec.binary.Base64InputStream.read(Base64InputStream.java:157)&lt;br/&gt;
        at org.apache.commons.codec.binary.Base64InputStream.read(Base64InputStream.java:109)&lt;/p&gt;

&lt;p&gt;Based on this, the necessary conditions seem to be that buffer = null and modulus = 2. Then, if a read() is done, a single-byte buffer is used, whose length is doubled by resizeBuffer(), but that still doesn't make it big enough to hold the 4 bytes written to it because modulus was just incremented to 0. &lt;/p&gt;

&lt;p&gt;Here's some sample code:&lt;/p&gt;

&lt;p&gt;import org.apache.commons.codec.binary.Base64InputStream;&lt;/p&gt;

&lt;p&gt;public class TestReads {&lt;br/&gt;
    public static void main(String[] args) {&lt;br/&gt;
        Base64InputStream b64stream = new Base64InputStream(System.in, true, 0, null);&lt;br/&gt;
        int n = 0;&lt;br/&gt;
        try &lt;/p&gt;
{
            while (b64stream.read() != -1) n++;
        }
&lt;p&gt; catch (Exception x) &lt;/p&gt;
{
            System.out.println(n);
            x.printStackTrace();
        }
&lt;p&gt;    }&lt;br/&gt;
}&lt;/p&gt;</description>
                <environment>&lt;p&gt;64-bit Linux&lt;/p&gt;</environment>
        <key id="12471567">CODEC-105</key>
            <summary>ArrayIndexOutOfBoundsException when doing multiple reads() on encoding Base64InputStream</summary>
                <type id="1" iconUrl="https://issues.apache.org/jira/secure/viewavatar?size=xsmall&amp;avatarId=21133&amp;avatarType=issuetype">Bug</type>
                                            <priority id="3" iconUrl="https://issues.apache.org/jira/images/icons/priorities/major.svg">Major</priority>
                        <status id="6" iconUrl="https://issues.apache.org/jira/images/icons/statuses/closed.png" description="The issue is considered finished, the resolution is correct. Issues which are not closed can be reopened.">Closed</status>
                    <statusCategory id="3" key="done" colorName="green" />
                                    <resolution id="1">Fixed</resolution>
                                        <assignee username="juliusdavies">Julius Davies</assignee>
                                    <reporter username="zak">ZAK Magnus</reporter>
                        <labels>
                    </labels>
                <created>Fri, 13 Aug 2010 16:45:05 +0000</created>
                <updated>Thu, 10 Nov 2011 18:10:01 +0000</updated>
                            <resolved>Mon, 24 Jan 2011 00:46:45 +0000</resolved>
                                    <version>1.4</version>
                                    <fixVersion>1.5</fixVersion>
                                        <due />
                            <votes>0</votes>
                                    <watches>0</watches>
                                                                <comments>
                            <comment id="12985026" author="juliusdavies" created="Sat, 22 Jan 2011 01:31:06 +0000">&lt;p&gt;It's related to these lines in Base64InputStream:&lt;/p&gt;


&lt;div class="code panel" style="border-width: 1px;"&gt;&lt;div class="codeContent panelContent"&gt;
&lt;pre class="code-java"&gt;    168
    169                     &lt;span class="code-comment"&gt;// A little optimization to avoid &lt;span class="code-object"&gt;System&lt;/span&gt;.arraycopy()
&lt;/span&gt;    170                     &lt;span class="code-comment"&gt;// when possible.
&lt;/span&gt;    171                     &lt;span class="code-keyword"&gt;if&lt;/span&gt; (c &amp;gt; 0 &amp;amp;&amp;amp; b.length == len) {
    172                         base64.setInitialBuffer(b, offset, len);
    173                     }
&lt;/pre&gt;
&lt;/div&gt;&lt;/div&gt;

&lt;p&gt;I guess it's true what they say:  "premature optimization....."   Anyway, I'll look into this and get it sorted out in a couple days.&lt;/p&gt;</comment>
                            <comment id="12985066" author="juliusdavies" created="Sat, 22 Jan 2011 07:15:08 +0000">&lt;p&gt;Thanks for an awesome an interesting bug report ZAK Magnus!  I've created a JUnit test that triggers the bug in a different way.&lt;/p&gt;</comment>
                            <comment id="12985067" author="juliusdavies" created="Sat, 22 Jan 2011 07:18:46 +0000">&lt;p&gt;This time the attachment includes the ASL2 license since that should appear in the file header of the new test class I had to create.&lt;/p&gt;</comment>
                            <comment id="12985069" author="juliusdavies" created="Sat, 22 Jan 2011 07:25:24 +0000">&lt;p&gt;This fixes the bug by removing the "little optimization".   The fix is actually 99% code removal, and it makes the overall base64 code a bit simpler, and should result in higher code-coverage percentages, since I think this "little optimization" was hard to cover.&lt;/p&gt;

&lt;p&gt;Mea culpa:  the "little optimization" was my own foolish idea from the beginning (it's there in my original &lt;a href="https://issues.apache.org/jira/browse/CODEC-69" title="Streaming Base64" class="issue-link" data-issue-key="CODEC-69"&gt;&lt;del&gt;CODEC-69&lt;/del&gt;&lt;/a&gt; patch), and I've felt funny about it for a long time.  Now that I see it's even causing a real bug I'm very much +1 for purging it!!!   Sorry!&lt;/p&gt;</comment>
                    </comments>
                    <attachments>
                            <attachment id="12469031" name="codec-105-junit-including-ASL2-license.patch" size="2862" author="juliusdavies" created="Sat, 22 Jan 2011 07:18:46 +0000" />
                            <attachment id="12469033" name="codec-105.patch" size="5376" author="juliusdavies" created="Sat, 22 Jan 2011 07:25:24 +0000" />
                    </attachments>
                <subtasks>
                    </subtasks>
                <customfields>
                                                                                                                                                                                                                                                                                                                                                                                                                                                                                                                                                                                                                                                                                                                    <customfield id="customfield_12314020" key="com.atlassian.jira.plugins.jira-development-integration-plugin:devsummary">
                        <customfieldname>Development</customfieldname>
                        <customfieldvalues>
                            
                        </customfieldvalues>
                    </customfield>
                                                                                                                        <customfield id="customfield_12313422" key="com.atlassian.jirafisheyeplugin:jobcheckbox">
                        <customfieldname>Enable Automatic Patch Review</customfieldname>
                        <customfieldvalues>
                            <customfieldvalue>false</customfieldvalue>

                        </customfieldvalues>
                    </customfield>
                                                                                                                                                                                                                                                                                                                                                                                                                                                                                                                                                                                                                                                <customfield id="customfield_12310420" key="com.pyxis.greenhopper.jira:gh-global-rank">
                        <customfieldname>Global Rank</customfieldname>
                        <customfieldvalues>
                            <customfieldvalue>40241</customfieldvalue>
                        </customfieldvalues>
                    </customfield>
                                                                                                                                                                                                                                                                                                                                                                                                                                                                        <customfield id="customfield_12311820" key="com.pyxis.greenhopper.jira:gh-lexo-rank">
                        <customfieldname>Rank</customfieldname>
                        <customfieldvalues>
                            <customfieldvalue>0|i0ep67:</customfieldvalue>

                        </customfieldvalues>
                    </customfield>
                                                                <customfield id="customfield_12310920" key="com.pyxis.greenhopper.jira:gh-global-rank">
                        <customfieldname>Rank (Obsolete)</customfieldname>
                        <customfieldvalues>
                            <customfieldvalue>83840</customfieldvalue>
                        </customfieldvalues>
                    </customfield>
                                                                                                                                                                                                                                                                                                                                                                                                                                                                                                                                                                                                                                                                                                                                                                                            </customfields>
    </item>


</channel>
</rss>