<rss version="0.92">
    <channel>
        <title>ASF JIRA</title>
        <link>https://issues.apache.org/jira/issues/?jql=project+%3D+CODEC+and+type+%3D+bug+and+%28status+%3D+RESOLVED+or+status+%3D+closed%29</link>
        <description>An XML representation of a search request</description>
                <language>en-uk</language>
                        <issue start="0" end="135" total="135" />
                <build-info>
            <version>8.20.1</version>
            <build-number>820001</build-number>
            <build-date>28-10-2021</build-date>
        </build-info>

<item>
            <title>[CODEC-80] Regression:  Base64.encode(chunk=true) has bug when input length is multiple of 76</title>
                <link>https://issues.apache.org/jira/browse/CODEC-80</link>
                <project id="12310464" key="CODEC">Commons Codec</project>
                    <description>&lt;p&gt;Regression:  Base64.encode(chunk=true) has bug when input length is multiple of 76&lt;/p&gt;

&lt;p&gt;The resulting array is correct except there are two extra 0 bytes appended to the end.&lt;/p&gt;</description>
                <environment />
        <key id="12431218">CODEC-80</key>
            <summary>Regression:  Base64.encode(chunk=true) has bug when input length is multiple of 76</summary>
                <type id="1" iconUrl="https://issues.apache.org/jira/secure/viewavatar?size=xsmall&amp;avatarId=21133&amp;avatarType=issuetype">Bug</type>
                                            <priority id="3" iconUrl="https://issues.apache.org/jira/images/icons/priorities/major.svg">Major</priority>
                        <status id="6" iconUrl="https://issues.apache.org/jira/images/icons/statuses/closed.png" description="The issue is considered finished, the resolution is correct. Issues which are not closed can be reopened.">Closed</status>
                    <statusCategory id="3" key="done" colorName="green" />
                                    <resolution id="1">Fixed</resolution>
                                        <assignee username="-1">Unassigned</assignee>
                                    <reporter username="juliusdavies">Julius Davies</reporter>
                        <labels>
                    </labels>
                <created>Thu, 23 Jul 2009 05:50:06 +0000</created>
                <updated>Fri, 24 Jul 2009 00:43:18 +0000</updated>
                            <resolved>Fri, 24 Jul 2009 00:43:18 +0000</resolved>
                                    <version>1.4</version>
                                    <fixVersion>1.4</fixVersion>
                                        <due />
                            <votes>0</votes>
                                    <watches>0</watches>
                                                                <comments>
                            <comment id="12734474" author="juliusdavies" created="Thu, 23 Jul 2009 06:06:58 +0000">&lt;p&gt;Two patches attached:&lt;/p&gt;

&lt;p&gt;1.  codec80-to-make-junit-fail.patch&lt;br/&gt;
2.  codec80-the-fix.patch&lt;/p&gt;</comment>
                            <comment id="12734850" author="ggregory@seagullsw.com" created="Fri, 24 Jul 2009 00:43:18 +0000">&lt;p&gt;Patch committed with small changes. Thank you Julius.&lt;/p&gt;</comment>
                    </comments>
                    <attachments>
                            <attachment id="12414312" name="codec80-the-fix.patch" size="844" author="juliusdavies" created="Thu, 23 Jul 2009 06:06:57 +0000" />
                            <attachment id="12414311" name="codec80-to-make-junit-fail.patch" size="7762" author="juliusdavies" created="Thu, 23 Jul 2009 06:06:57 +0000" />
                    </attachments>
                <subtasks>
                    </subtasks>
                <customfields>
                                                                                                                                                                                                                                                                                                                                                                                                                                                                                                                                                                                                                                                                                                                    <customfield id="customfield_12314020" key="com.atlassian.jira.plugins.jira-development-integration-plugin:devsummary">
                        <customfieldname>Development</customfieldname>
                        <customfieldvalues>
                            
                        </customfieldvalues>
                    </customfield>
                                                                                                                        <customfield id="customfield_12313422" key="com.atlassian.jirafisheyeplugin:jobcheckbox">
                        <customfieldname>Enable Automatic Patch Review</customfieldname>
                        <customfieldvalues>
                            <customfieldvalue>false</customfieldvalue>

                        </customfieldvalues>
                    </customfield>
                                                                                                                                                                                                                                                                                                                                                                                                                                                                                                                                                                                                                                                <customfield id="customfield_12310420" key="com.pyxis.greenhopper.jira:gh-global-rank">
                        <customfieldname>Global Rank</customfieldname>
                        <customfieldvalues>
                            <customfieldvalue>110401</customfieldvalue>
                        </customfieldvalues>
                    </customfield>
                                                                                                                                                                                                                                                                                                                                                                                                                                                                        <customfield id="customfield_12311820" key="com.pyxis.greenhopper.jira:gh-lexo-rank">
                        <customfieldname>Rank</customfieldname>
                        <customfieldvalues>
                            <customfieldvalue>0|i0ep87:</customfieldvalue>

                        </customfieldvalues>
                    </customfield>
                                                                <customfield id="customfield_12310920" key="com.pyxis.greenhopper.jira:gh-global-rank">
                        <customfieldname>Rank (Obsolete)</customfieldname>
                        <customfieldvalues>
                            <customfieldvalue>83849</customfieldvalue>
                        </customfieldvalues>
                    </customfield>
                                                                                                                                                                                                                                                                                                                                                                                                                                                                                                                                                                                                                                                                                                                                                                                                                                                    </customfields>
    </item>


</channel>
</rss>