<rss version="0.92">
    <channel>
        <title>ASF JIRA</title>
        <link>https://issues.apache.org/jira/issues/?jql=project+%3D+CODEC+and+type+%3D+bug+and+%28status+%3D+RESOLVED+or+status+%3D+closed%29</link>
        <description>An XML representation of a search request</description>
                <language>en-uk</language>
                        <issue start="0" end="135" total="135" />
                <build-info>
            <version>8.20.1</version>
            <build-number>820001</build-number>
            <build-date>28-10-2021</build-date>
        </build-info>

<item>
            <title>[CODEC-135] Null Pointer Exception</title>
                <link>https://issues.apache.org/jira/browse/CODEC-135</link>
                <project id="12310464" key="CODEC">Commons Codec</project>
                    <description>&lt;p&gt;I am trying to parse a certificate(.pfx).But I am getting following exception while parsing the certificate.&lt;/p&gt;

&lt;p&gt;CertificateException:org.apache.harmony.security.asn1.ASN1Exception: DER:&lt;br/&gt;
only definite length encoding MUST be user.&lt;/p&gt;

&lt;div class="code panel" style="border-width: 1px;"&gt;&lt;div class="codeContent panelContent"&gt;
&lt;pre class="code-java"&gt;&lt;span class="code-keyword"&gt;package&lt;/span&gt; com.ams;

&lt;span class="code-keyword"&gt;import&lt;/span&gt; java.io.BufferedInputStream;
&lt;span class="code-keyword"&gt;import&lt;/span&gt; java.io.FileInputStream;
&lt;span class="code-keyword"&gt;import&lt;/span&gt; java.security.KeyStore;
&lt;span class="code-keyword"&gt;import&lt;/span&gt; java.security.KeyStoreException;
&lt;span class="code-keyword"&gt;import&lt;/span&gt; java.security.cert.CertificateFactory;
&lt;span class="code-keyword"&gt;import&lt;/span&gt; java.security.cert.X509Certificate;
&lt;span class="code-keyword"&gt;import&lt;/span&gt; java.util.Enumeration;

&lt;span class="code-keyword"&gt;import&lt;/span&gt; javax.security.cert.Certificate;

&lt;span class="code-keyword"&gt;import&lt;/span&gt; android.content.Context;
&lt;span class="code-keyword"&gt;import&lt;/span&gt; android.util.Log;
&lt;span class="code-keyword"&gt;import&lt;/span&gt; android.view.View;
&lt;span class="code-keyword"&gt;import&lt;/span&gt; android.view.View.OnClickListener;
&lt;span class="code-keyword"&gt;import&lt;/span&gt; android.widget.Button;
&lt;span class="code-keyword"&gt;import&lt;/span&gt; android.widget.Toast;

&lt;span class="code-keyword"&gt;public&lt;/span&gt; &lt;span class="code-keyword"&gt;class &lt;/span&gt;CertificateComponent   {
	&lt;span class="code-keyword"&gt;private&lt;/span&gt; &lt;span class="code-keyword"&gt;static&lt;/span&gt; &lt;span class="code-keyword"&gt;final&lt;/span&gt; &lt;span class="code-object"&gt;String&lt;/span&gt; TAG = &lt;span class="code-quote"&gt;"CertificateParser"&lt;/span&gt;;
	&lt;span class="code-keyword"&gt;public&lt;/span&gt; &lt;span class="code-keyword"&gt;static&lt;/span&gt; &lt;span class="code-keyword"&gt;final&lt;/span&gt; &lt;span class="code-object"&gt;String&lt;/span&gt; PFX = &lt;span class="code-quote"&gt;"sdcard/AC350.pfx"&lt;/span&gt;;
	&lt;span class="code-keyword"&gt;public&lt;/span&gt; &lt;span class="code-keyword"&gt;static&lt;/span&gt; &lt;span class="code-keyword"&gt;final&lt;/span&gt; &lt;span class="code-object"&gt;String&lt;/span&gt; CER = &lt;span class="code-quote"&gt;"sdcard/test.cer"&lt;/span&gt;;
	X509Certificate cert;
	FileInputStream in;
	Context ctx; 
	&lt;span class="code-keyword"&gt;private&lt;/span&gt; Button Pkcs12Button;
	&lt;span class="code-keyword"&gt;private&lt;/span&gt; Button CertButton;

	&lt;span class="code-keyword"&gt;public&lt;/span&gt; void click(View v) {
		&lt;span class="code-keyword"&gt;try&lt;/span&gt; {
			&lt;span class="code-keyword"&gt;if&lt;/span&gt; (v.getId() == R.id.pkcs12_button) {
				&lt;span class="code-object"&gt;String&lt;/span&gt; password = &lt;span class="code-quote"&gt;"TZ96dtbx"&lt;/span&gt;;
				KeyStore ks = KeyStore.getInstance(&lt;span class="code-quote"&gt;"PKCS12"&lt;/span&gt;);

				 in= &lt;span class="code-keyword"&gt;new&lt;/span&gt; FileInputStream(PFX);
				&lt;span class="code-comment"&gt;// &lt;span class="code-object"&gt;byte&lt;/span&gt;[] p12 = readFile(PFX);
&lt;/span&gt;				 in.close();
				ks.load(in, password.toCharArray());
				Enumeration&amp;lt;&lt;span class="code-object"&gt;String&lt;/span&gt;&amp;gt; aliasesEnum = ks.aliases();
				&lt;span class="code-comment"&gt;// Log.i(TAG, &lt;span class="code-quote"&gt;"certificate details:"&lt;/span&gt; + aliasesEnum);
&lt;/span&gt;				
				&lt;span class="code-object"&gt;String&lt;/span&gt; alias = (&lt;span class="code-object"&gt;String&lt;/span&gt;) aliasesEnum.nextElement();
				&lt;span class="code-comment"&gt;// &lt;span class="code-object"&gt;System&lt;/span&gt;.out.println(&lt;span class="code-quote"&gt;"Alias: "&lt;/span&gt; + alias);
&lt;/span&gt;
				cert = (X509Certificate) ks.getCertificate(alias);
				
				&lt;span class="code-keyword"&gt;while&lt;/span&gt; (aliasesEnum.hasMoreElements()) {
					
					Log.i(TAG, &lt;span class="code-quote"&gt;"Type:"&lt;/span&gt; + cert.getType());
					Log.i(TAG, &lt;span class="code-quote"&gt;"Key Algorithm:"&lt;/span&gt;
							+ cert.getPublicKey().getAlgorithm());
					Log.i(TAG, &lt;span class="code-quote"&gt;"Version:"&lt;/span&gt; + cert.getVersion());
					Log.i(TAG, &lt;span class="code-quote"&gt;"Issuer DN:"&lt;/span&gt; + cert.getIssuerDN());
					Log.i(TAG, &lt;span class="code-quote"&gt;"Subject:"&lt;/span&gt; + cert.getSubjectDN());
					Log.i(TAG, &lt;span class="code-quote"&gt;"Valid From:"&lt;/span&gt; + cert.getNotBefore());
					Log.i(TAG, &lt;span class="code-quote"&gt;"Valid Till:"&lt;/span&gt; + cert.getNotAfter());
					Log.i(TAG, &lt;span class="code-quote"&gt;"Public Key:"&lt;/span&gt; + cert.getPublicKey());
					Log.i(TAG, &lt;span class="code-quote"&gt;"Serial &lt;span class="code-object"&gt;Number&lt;/span&gt;:"&lt;/span&gt; + cert.getSerialNumber());
					Log.i(TAG, &lt;span class="code-quote"&gt;"Signature:"&lt;/span&gt; + cert.getSignature());
					
					&lt;span class="code-object"&gt;String&lt;/span&gt; message = &lt;span class="code-quote"&gt;"Check Logcat For Certificate Details"&lt;/span&gt;;
					Toast.makeText(ctx, message, Toast.LENGTH_SHORT).show();
				}
			} &lt;span class="code-keyword"&gt;else&lt;/span&gt; &lt;span class="code-keyword"&gt;if&lt;/span&gt; (v.getId() == R.id.cert_button) {

				&lt;span class="code-comment"&gt;// &lt;span class="code-object"&gt;String&lt;/span&gt; filename = &lt;span class="code-quote"&gt;"sdcard/test_b64.cer"&lt;/span&gt;;
&lt;/span&gt;
				in = &lt;span class="code-keyword"&gt;new&lt;/span&gt; FileInputStream(CER);
				BufferedInputStream bf = &lt;span class="code-keyword"&gt;new&lt;/span&gt; BufferedInputStream(in);

				CertificateFactory cf = CertificateFactory.getInstance(&lt;span class="code-quote"&gt;"X.509"&lt;/span&gt;);
				
				cert = (X509Certificate) cf.generateCertificate(bf);
				
				&lt;span class="code-keyword"&gt;while&lt;/span&gt; (bf.available() &amp;gt; 0) {
					
					Log.i(TAG, &lt;span class="code-quote"&gt;"Type:"&lt;/span&gt; + cert.getType());
					Log.i(TAG, &lt;span class="code-quote"&gt;"Key Algorithm:"&lt;/span&gt;
							+ cert.getPublicKey().getAlgorithm());
					Log.i(TAG, &lt;span class="code-quote"&gt;"Version:"&lt;/span&gt; + cert.getVersion());
					Log.i(TAG, &lt;span class="code-quote"&gt;"Issuer DN:"&lt;/span&gt; + cert.getIssuerDN());
					Log.i(TAG, &lt;span class="code-quote"&gt;"Subject:"&lt;/span&gt; + cert.getSubjectDN());
					Log.i(TAG, &lt;span class="code-quote"&gt;"Valid From:"&lt;/span&gt; + cert.getNotBefore());
					Log.i(TAG, &lt;span class="code-quote"&gt;"Valid Till:"&lt;/span&gt; + cert.getNotAfter());
					Log.i(TAG, &lt;span class="code-quote"&gt;"Public Key:"&lt;/span&gt; + cert.getPublicKey());
					Log.i(TAG, &lt;span class="code-quote"&gt;"Serial &lt;span class="code-object"&gt;Number&lt;/span&gt;:"&lt;/span&gt; + cert.getSerialNumber());
					Log.i(TAG, &lt;span class="code-quote"&gt;"Signature:"&lt;/span&gt; + cert.getSignature());
					&lt;span class="code-comment"&gt;// Log.i(TAG, &lt;span class="code-quote"&gt;"certificate details:"&lt;/span&gt; + cert);
&lt;/span&gt;
				}
				in.close();
				&lt;span class="code-object"&gt;String&lt;/span&gt; message = &lt;span class="code-quote"&gt;"Check Logcat For Certificate Details"&lt;/span&gt;;
				Toast.makeText(ctx, message, Toast.LENGTH_SHORT).show();
			}

		} &lt;span class="code-keyword"&gt;catch&lt;/span&gt; (KeyStoreException e) {
			Log.i(TAG, &lt;span class="code-quote"&gt;" KeyStoreException "&lt;/span&gt; + e.getMessage());
		} &lt;span class="code-keyword"&gt;catch&lt;/span&gt; (Exception e) {
			&lt;span class="code-comment"&gt;// TODO Auto-generated &lt;span class="code-keyword"&gt;catch&lt;/span&gt; block
&lt;/span&gt;			Log.i(TAG, &lt;span class="code-quote"&gt;" Exception: "&lt;/span&gt; + e.getMessage());
		}
		
		 
		
	}
}
&lt;/pre&gt;
&lt;/div&gt;&lt;/div&gt;</description>
                <environment>&lt;p&gt;Android Application Development&lt;/p&gt;</environment>
        <key id="12547343">CODEC-135</key>
            <summary>Null Pointer Exception</summary>
                <type id="1" iconUrl="https://issues.apache.org/jira/secure/viewavatar?size=xsmall&amp;avatarId=21133&amp;avatarType=issuetype">Bug</type>
                                            <priority id="3" iconUrl="https://issues.apache.org/jira/images/icons/priorities/major.svg">Major</priority>
                        <status id="6" iconUrl="https://issues.apache.org/jira/images/icons/statuses/closed.png" description="The issue is considered finished, the resolution is correct. Issues which are not closed can be reopened.">Closed</status>
                    <statusCategory id="3" key="done" colorName="green" />
                                    <resolution id="6">Invalid</resolution>
                                        <assignee username="-1">Unassigned</assignee>
                                    <reporter username="john723">john </reporter>
                        <labels>
                    </labels>
                <created>Wed, 21 Mar 2012 07:44:45 +0000</created>
                <updated>Thu, 22 Mar 2012 09:46:23 +0000</updated>
                            <resolved>Thu, 22 Mar 2012 09:46:16 +0000</resolved>
                                    <version>1.5</version>
                                                        <due />
                            <votes>0</votes>
                                    <watches>0</watches>
                                    <timeoriginalestimate seconds="43200">12h</timeoriginalestimate>
                            <timeestimate seconds="43200">12h</timeestimate>
                                        <comments>
                            <comment id="13234261" author="sebb@apache.org" created="Wed, 21 Mar 2012 10:33:40 +0000">&lt;p&gt;What is the stack trace for the Exception?&lt;/p&gt;</comment>
                            <comment id="13234323" author="john723" created="Wed, 21 Mar 2012 12:51:45 +0000">&lt;p&gt;03-21 18:15:54.779: E/AndroidRuntime(608): FATAL EXCEPTION: main&lt;br/&gt;
03-21 18:15:54.779: E/AndroidRuntime(608): java.lang.RuntimeException: Unable to start activity ComponentInfo&lt;/p&gt;
{com.ams/com.ams.CertificateParserTestActivity}
&lt;p&gt;: java.lang.NullPointerException&lt;br/&gt;
03-21 18:15:54.779: E/AndroidRuntime(608): 	at android.app.ActivityThread.performLaunchActivity(ActivityThread.java:1956)&lt;br/&gt;
03-21 18:15:54.779: E/AndroidRuntime(608): 	at android.app.ActivityThread.handleLaunchActivity(ActivityThread.java:1981)&lt;br/&gt;
03-21 18:15:54.779: E/AndroidRuntime(608): 	at android.app.ActivityThread.access$600(ActivityThread.java:123)&lt;br/&gt;
03-21 18:15:54.779: E/AndroidRuntime(608): 	at android.app.ActivityThread$H.handleMessage(ActivityThread.java:1147)&lt;br/&gt;
03-21 18:15:54.779: E/AndroidRuntime(608): 	at android.os.Handler.dispatchMessage(Handler.java:99)&lt;br/&gt;
03-21 18:15:54.779: E/AndroidRuntime(608): 	at android.os.Looper.loop(Looper.java:137)&lt;br/&gt;
03-21 18:15:54.779: E/AndroidRuntime(608): 	at android.app.ActivityThread.main(ActivityThread.java:4424)&lt;br/&gt;
03-21 18:15:54.779: E/AndroidRuntime(608): 	at java.lang.reflect.Method.invokeNative(Native Method)&lt;br/&gt;
03-21 18:15:54.779: E/AndroidRuntime(608): 	at java.lang.reflect.Method.invoke(Method.java:511)&lt;br/&gt;
03-21 18:15:54.779: E/AndroidRuntime(608): 	at com.android.internal.os.ZygoteInit$MethodAndArgsCaller.run(ZygoteInit.java:784)&lt;br/&gt;
03-21 18:15:54.779: E/AndroidRuntime(608): 	at com.android.internal.os.ZygoteInit.main(ZygoteInit.java:551)&lt;br/&gt;
03-21 18:15:54.779: E/AndroidRuntime(608): 	at dalvik.system.NativeStart.main(Native Method)&lt;br/&gt;
03-21 18:15:54.779: E/AndroidRuntime(608): Caused by: java.lang.NullPointerException&lt;br/&gt;
03-21 18:15:54.779: E/AndroidRuntime(608): 	at com.ams.certparser.CertificateParserUtil.getCertType(CertificateParserUtil.java:111)&lt;br/&gt;
03-21 18:15:54.779: E/AndroidRuntime(608): 	at com.ams.CertificateParserTestActivity.onCreate(CertificateParserTestActivity.java:22)&lt;br/&gt;
03-21 18:15:54.779: E/AndroidRuntime(608): 	at android.app.Activity.performCreate(Activity.java:4465)&lt;br/&gt;
03-21 18:15:54.779: E/AndroidRuntime(608): 	at android.app.Instrumentation.callActivityOnCreate(Instrumentation.java:1049)&lt;br/&gt;
03-21 18:15:54.779: E/AndroidRuntime(608): 	at android.app.ActivityThread.performLaunchActivity(ActivityThread.java:1920)&lt;br/&gt;
03-21 18:15:54.779: E/AndroidRuntime(608): 	... 11 more&lt;/p&gt;</comment>
                            <comment id="13234336" author="sebb@apache.org" created="Wed, 21 Mar 2012 13:09:09 +0000">&lt;p&gt;The origial cause is an NPE which is not in Commons Codec code:&lt;/p&gt;

&lt;div class="code panel" style="border-width: 1px;"&gt;&lt;div class="codeContent panelContent"&gt;
&lt;pre class="code-java"&gt;03-21 18:15:54.779: E/AndroidRuntime(608): Caused by: java.lang.NullPointerException
03-21 18:15:54.779: E/AndroidRuntime(608): at com.ams.certparser.CertificateParserUtil.getCertType(CertificateParserUtil.java:111)
03-21 18:15:54.779: E/AndroidRuntime(608): at com.ams.CertificateParserTestActivity.onCreate(CertificateParserTestActivity.java:22)
&lt;/pre&gt;
&lt;/div&gt;&lt;/div&gt;

&lt;p&gt;The original message mentioned:&lt;/p&gt;

&lt;blockquote&gt;&lt;p&gt;CertificateException:org.apache.harmony.security.asn1.ASN1Exception: DER: only definite length encoding MUST be user.&lt;/p&gt;&lt;/blockquote&gt;

&lt;p&gt;Which does not look like Commons Codec code; is there a stack trace for that exception?&lt;/p&gt;

&lt;p&gt;At present there's no evidence that this issue has anything to do with Commons Codec.&lt;/p&gt;</comment>
                            <comment id="13235483" author="sebb@apache.org" created="Thu, 22 Mar 2012 09:46:16 +0000">&lt;p&gt;This is not an Apache Commons issue.&lt;/p&gt;

&lt;p&gt;Appears to be an Android issue.&lt;/p&gt;</comment>
                    </comments>
                    <attachments>
                    </attachments>
                <subtasks>
                    </subtasks>
                <customfields>
                                                                                                                                                                                                                                                                                                                                                                                                                                                                                                                                                                                                                                                                                                                    <customfield id="customfield_12314020" key="com.atlassian.jira.plugins.jira-development-integration-plugin:devsummary">
                        <customfieldname>Development</customfieldname>
                        <customfieldvalues>
                            
                        </customfieldvalues>
                    </customfield>
                                                                                                                        <customfield id="customfield_12313422" key="com.atlassian.jirafisheyeplugin:jobcheckbox">
                        <customfieldname>Enable Automatic Patch Review</customfieldname>
                        <customfieldvalues>
                            <customfieldvalue>false</customfieldvalue>

                        </customfieldvalues>
                    </customfield>
                                                                                                                                                                                                                                                                                                                                                                                                                                                                                                                                                                                                                                                <customfield id="customfield_12310420" key="com.pyxis.greenhopper.jira:gh-global-rank">
                        <customfieldname>Global Rank</customfieldname>
                        <customfieldvalues>
                            <customfieldvalue>232501</customfieldvalue>
                        </customfieldvalues>
                    </customfield>
                                                                                                                                                                                                                                                                                                                                                                                                                                                                        <customfield id="customfield_12311820" key="com.pyxis.greenhopper.jira:gh-lexo-rank">
                        <customfieldname>Rank</customfieldname>
                        <customfieldvalues>
                            <customfieldvalue>0|i0shgv:</customfieldvalue>

                        </customfieldvalues>
                    </customfield>
                                                                <customfield id="customfield_12310920" key="com.pyxis.greenhopper.jira:gh-global-rank">
                        <customfieldname>Rank (Obsolete)</customfieldname>
                        <customfieldvalues>
                            <customfieldvalue>164307</customfieldvalue>
                        </customfieldvalues>
                    </customfield>
                                                                                                                                                                                                                                                                                                                                                                                                                                                                                                                                                                                                                                                                                                                                                                                                                                                    </customfields>
    </item>


</channel>
</rss>