<rss version="0.92">
    <channel>
        <title>ASF JIRA</title>
        <link>https://issues.apache.org/jira/issues/?jql=project+%3D+CODEC+and+type+%3D+bug+and+%28status+%3D+RESOLVED+or+status+%3D+closed%29</link>
        <description>An XML representation of a search request</description>
                <language>en-uk</language>
                        <issue start="0" end="135" total="135" />
                <build-info>
            <version>8.20.1</version>
            <build-number>820001</build-number>
            <build-date>28-10-2021</build-date>
        </build-info>

<item>
            <title>[CODEC-172] Base32 decode table has spurious value</title>
                <link>https://issues.apache.org/jira/browse/CODEC-172</link>
                <project id="12310464" key="CODEC">Commons Codec</project>
                    <description>&lt;p&gt;The Base32.DECODE_TABLE array contains the value 63 at pos 41:&lt;br/&gt;
...&lt;br/&gt;
-1, -1, -1, -1, -1, -1, -1, -1, -1, -1, -1, -1, -1, -1, -1, 63, // 20-2f&lt;br/&gt;
...&lt;/p&gt;

&lt;p&gt;I think this is a mistake because this value is not found in RFC-4648? It looks like a copy-paste error from Base64.&lt;/p&gt;</description>
                <environment>&lt;p&gt;Any&lt;/p&gt;</environment>
        <key id="12650441">CODEC-172</key>
            <summary>Base32 decode table has spurious value</summary>
                <type id="1" iconUrl="https://issues.apache.org/jira/secure/viewavatar?size=xsmall&amp;avatarId=21133&amp;avatarType=issuetype">Bug</type>
                                            <priority id="5" iconUrl="https://issues.apache.org/jira/images/icons/priorities/trivial.svg">Trivial</priority>
                        <status id="5" iconUrl="https://issues.apache.org/jira/images/icons/statuses/resolved.png" description="A resolution has been taken, and it is awaiting verification by reporter. From here issues are either reopened, or are closed.">Resolved</status>
                    <statusCategory id="3" key="done" colorName="green" />
                                    <resolution id="1">Fixed</resolution>
                                        <assignee username="-1">Unassigned</assignee>
                                    <reporter username="mattbishop">Matt Bishop</reporter>
                        <labels>
                    </labels>
                <created>Sat, 1 Jun 2013 05:09:56 +0000</created>
                <updated>Sat, 1 Jun 2013 08:46:02 +0000</updated>
                            <resolved>Sat, 1 Jun 2013 08:46:02 +0000</resolved>
                                    <version>1.8</version>
                                    <fixVersion>1.9</fixVersion>
                                        <due />
                            <votes>0</votes>
                                    <watches>1</watches>
                                                                <comments>
                            <comment id="13672022" author="sebb@apache.org" created="Sat, 1 Jun 2013 08:38:33 +0000">&lt;p&gt;0x2f is '/' which is indeed 63 in Base 64 - and is not valid in Base 32.&lt;br/&gt;
The code was originally copied from Base64.java, so you are correct; good catch.&lt;/p&gt;</comment>
                            <comment id="13672023" author="sebb@apache.org" created="Sat, 1 Jun 2013 08:46:02 +0000">&lt;p&gt;The same problem affected the HEX table.&lt;br/&gt;
Also there were several references to Table 3 in RFC 2045; that is actually in RFC 4648&lt;/p&gt;

&lt;p&gt;URL: &lt;a href="http://svn.apache.org/r1488493" class="external-link" target="_blank" rel="nofollow noopener"&gt;http://svn.apache.org/r1488493&lt;/a&gt;&lt;br/&gt;
Log:&lt;br/&gt;
&lt;a href="https://issues.apache.org/jira/browse/CODEC-170" title="Link broken in Metaphone Javadoc " class="issue-link" data-issue-key="CODEC-170"&gt;&lt;del&gt;CODEC-170&lt;/del&gt;&lt;/a&gt; Base32 decode table has spurious value&lt;/p&gt;

&lt;p&gt;Modified:&lt;br/&gt;
    commons/proper/codec/trunk/src/changes/changes.xml&lt;br/&gt;
    commons/proper/codec/trunk/src/main/java/org/apache/commons/codec/binary/Base32.java&lt;/p&gt;</comment>
                    </comments>
                    <attachments>
                    </attachments>
                <subtasks>
                    </subtasks>
                <customfields>
                                                                                                                                                                                                                                                                                                                                                                                                                                                                                                                                                                                                                                                                                                                    <customfield id="customfield_12314020" key="com.atlassian.jira.plugins.jira-development-integration-plugin:devsummary">
                        <customfieldname>Development</customfieldname>
                        <customfieldvalues>
                            
                        </customfieldvalues>
                    </customfield>
                                                                                                                        <customfield id="customfield_12313422" key="com.atlassian.jirafisheyeplugin:jobcheckbox">
                        <customfieldname>Enable Automatic Patch Review</customfieldname>
                        <customfieldvalues>
                            <customfieldvalue>false</customfieldvalue>

                        </customfieldvalues>
                    </customfield>
                                                                                                                                                                                                                                                                                                                                                                                                                                                                                                                                                                                                                                                <customfield id="customfield_12310420" key="com.pyxis.greenhopper.jira:gh-global-rank">
                        <customfieldname>Global Rank</customfieldname>
                        <customfieldvalues>
                            <customfieldvalue>330768</customfieldvalue>
                        </customfieldvalues>
                    </customfield>
                                                                                                                                                                                                                                                                                                                                                                                                                                                                        <customfield id="customfield_12311820" key="com.pyxis.greenhopper.jira:gh-lexo-rank">
                        <customfieldname>Rank</customfieldname>
                        <customfieldvalues>
                            <customfieldvalue>0|i1l2br:</customfieldvalue>

                        </customfieldvalues>
                    </customfield>
                                                                <customfield id="customfield_12310920" key="com.pyxis.greenhopper.jira:gh-global-rank">
                        <customfieldname>Rank (Obsolete)</customfieldname>
                        <customfieldvalues>
                            <customfieldvalue>331101</customfieldvalue>
                        </customfieldvalues>
                    </customfield>
                                                                                                                                                                                                                                                                                                                                                                                                                                                                                                                                                                                                                                                                                                                                                                                                                                                    </customfields>
    </item>


</channel>
</rss>