<rss version="0.92">
    <channel>
        <title>ASF JIRA</title>
        <link>https://issues.apache.org/jira/issues/?jql=project+%3D+CODEC+and+type+%3D+bug+and+%28status+%3D+RESOLVED+or+status+%3D+closed%29</link>
        <description>An XML representation of a search request</description>
                <language>en-uk</language>
                        <issue start="0" end="135" total="135" />
                <build-info>
            <version>8.20.1</version>
            <build-number>820001</build-number>
            <build-date>28-10-2021</build-date>
        </build-info>

<item>
            <title>[CODEC-177] Several broken links on website</title>
                <link>https://issues.apache.org/jira/browse/CODEC-177</link>
                <project id="12310464" key="CODEC">Commons Codec</project>
                    <description>&lt;p&gt;The link "Current Release" doesn't work on this page:&lt;br/&gt;
&lt;a href="http://commons.apache.org/proper/commons-codec/" class="external-link" target="_blank" rel="nofollow noopener"&gt;http://commons.apache.org/proper/commons-codec/&lt;/a&gt;&lt;/p&gt;

&lt;p&gt;The link "Current Release", "Codec 1.8", "Codec 1.7", and "Download" doesn't work from this page:&lt;br/&gt;
&lt;a href="http://commons.apache.org/proper/commons-codec/archives/1.9/index.html" class="external-link" target="_blank" rel="nofollow noopener"&gt;http://commons.apache.org/proper/commons-codec/archives/1.9/index.html&lt;/a&gt;&lt;/p&gt;</description>
                <environment />
        <key id="12686999">CODEC-177</key>
            <summary>Several broken links on website</summary>
                <type id="1" iconUrl="https://issues.apache.org/jira/secure/viewavatar?size=xsmall&amp;avatarId=21133&amp;avatarType=issuetype">Bug</type>
                                            <priority id="3" iconUrl="https://issues.apache.org/jira/images/icons/priorities/major.svg">Major</priority>
                        <status id="6" iconUrl="https://issues.apache.org/jira/images/icons/statuses/closed.png" description="The issue is considered finished, the resolution is correct. Issues which are not closed can be reopened.">Closed</status>
                    <statusCategory id="3" key="done" colorName="green" />
                                    <resolution id="1">Fixed</resolution>
                                        <assignee username="-1">Unassigned</assignee>
                                    <reporter username="eakerma">Michael Akerman</reporter>
                        <labels>
                    </labels>
                <created>Thu, 2 Jan 2014 17:01:35 +0000</created>
                <updated>Mon, 10 Nov 2014 03:11:50 +0000</updated>
                            <resolved>Thu, 2 Jan 2014 22:36:40 +0000</resolved>
                                    <version>1.9</version>
                                    <fixVersion>1.10</fixVersion>
                                        <due />
                            <votes>0</votes>
                                    <watches>2</watches>
                                                                <comments>
                            <comment id="13860876" author="garydgregory" created="Thu, 2 Jan 2014 22:36:21 +0000">&lt;p&gt;I patched the 1.9 archived site index.html file. &lt;/p&gt;</comment>
                            <comment id="14204277" author="garydgregory" created="Mon, 10 Nov 2014 03:11:50 +0000">&lt;p&gt;We released 1.10 today.&lt;/p&gt;</comment>
                    </comments>
                    <attachments>
                    </attachments>
                <subtasks>
                    </subtasks>
                <customfields>
                                                                                                                                                                                                                                                                                                                                                                                                                                                                                                                                                                                                                                                                                                                    <customfield id="customfield_12314020" key="com.atlassian.jira.plugins.jira-development-integration-plugin:devsummary">
                        <customfieldname>Development</customfieldname>
                        <customfieldvalues>
                            
                        </customfieldvalues>
                    </customfield>
                                                                                                                        <customfield id="customfield_12313422" key="com.atlassian.jirafisheyeplugin:jobcheckbox">
                        <customfieldname>Enable Automatic Patch Review</customfieldname>
                        <customfieldvalues>
                            <customfieldvalue>false</customfieldvalue>

                        </customfieldvalues>
                    </customfield>
                                                                                                                                                                                                                                                                                                                                                                                                                                                                                                                                                                                                                                                <customfield id="customfield_12310420" key="com.pyxis.greenhopper.jira:gh-global-rank">
                        <customfieldname>Global Rank</customfieldname>
                        <customfieldvalues>
                            <customfieldvalue>365994</customfieldvalue>
                        </customfieldvalues>
                    </customfield>
                                                                                                                                                                                                                                                                                                                                                                                                                                                                        <customfield id="customfield_12311820" key="com.pyxis.greenhopper.jira:gh-lexo-rank">
                        <customfieldname>Rank</customfieldname>
                        <customfieldvalues>
                            <customfieldvalue>0|i1r367:</customfieldvalue>

                        </customfieldvalues>
                    </customfield>
                                                                <customfield id="customfield_12310920" key="com.pyxis.greenhopper.jira:gh-global-rank">
                        <customfieldname>Rank (Obsolete)</customfieldname>
                        <customfieldvalues>
                            <customfieldvalue>366301</customfieldvalue>
                        </customfieldvalues>
                    </customfield>
                                                                                                                                                                                                                                                                                                                                                                                                                                                                                                                                                                                                                                                                                                                                                                                                                                                    </customfields>
    </item>


</channel>
</rss>