<rss version="0.92">
    <channel>
        <title>ASF JIRA</title>
        <link>https://issues.apache.org/jira/issues/?jql=project+%3D+CODEC+AND+type+%3D+bug+and+%28status+%3D+RESOLVED+or+status+%3D+closed%29+and+resolution++%3D+Fixed+and+fixVersion++%21%3D+None+and+affectedVersion+%21%3D+None+and+affectedVersion+%21%3D+%22Nightly+Builds%22</link>
        <description>An XML representation of a search request</description>
                <language>en-uk</language>
                        <issue start="0" end="76" total="76" />
                <build-info>
            <version>8.20.1</version>
            <build-number>820001</build-number>
            <build-date>28-10-2021</build-date>
        </build-info>

<item>
            <title>[CODEC-65] Fix case-insensitive string handling</title>
                <link>https://issues.apache.org/jira/browse/CODEC-65</link>
                <project id="12310464" key="CODEC">Commons Codec</project>
                    <description>&lt;p&gt;The language codecs are platform-depedent, please see &lt;a href="http://www.nabble.com/Re%3A-Common-Bugs-p14931921s177.html" class="external-link" target="_blank" rel="nofollow noopener"&gt;Common Bug #3&lt;/a&gt; for details.&lt;/p&gt;</description>
                <environment />
        <key id="12394787">CODEC-65</key>
            <summary>Fix case-insensitive string handling</summary>
                <type id="1" iconUrl="https://issues.apache.org/jira/secure/viewavatar?size=xsmall&amp;avatarId=21133&amp;avatarType=issuetype">Bug</type>
                                            <priority id="3" iconUrl="https://issues.apache.org/jira/images/icons/priorities/major.svg">Major</priority>
                        <status id="6" iconUrl="https://issues.apache.org/jira/images/icons/statuses/closed.png" description="The issue is considered finished, the resolution is correct. Issues which are not closed can be reopened.">Closed</status>
                    <statusCategory id="3" key="done" colorName="green" />
                                    <resolution id="1">Fixed</resolution>
                                        <assignee username="-1">Unassigned</assignee>
                                    <reporter username="bentmann">Benjamin Bentmann</reporter>
                        <labels>
                    </labels>
                <created>Fri, 25 Apr 2008 11:18:24 +0000</created>
                <updated>Sun, 27 Apr 2008 00:33:11 +0000</updated>
                            <resolved>Sun, 27 Apr 2008 00:33:11 +0000</resolved>
                                    <version>1.3</version>
                                    <fixVersion>1.4</fixVersion>
                                        <due />
                            <votes>0</votes>
                                    <watches>0</watches>
                                                                <comments>
                            <comment id="12592610" author="bayard" created="Sun, 27 Apr 2008 00:33:11 +0000">&lt;p&gt;Nice one.&lt;/p&gt;

&lt;p&gt;svn ci -m "Applying Benjamin Bentmann's patch from &lt;a href="https://issues.apache.org/jira/browse/CODEC-65" title="Fix case-insensitive string handling" class="issue-link" data-issue-key="CODEC-65"&gt;&lt;del&gt;CODEC-65&lt;/del&gt;&lt;/a&gt;, which changes the various encoders to use a locale when lowercasing. The encoders all assume the English locale, so when running in non English locales the default toLowerCase sometimes does not work as the encoder expects. "&lt;/p&gt;

&lt;p&gt;Sending        src/java/org/apache/commons/codec/language/Caverphone.java&lt;br/&gt;
Sending        src/java/org/apache/commons/codec/language/DoubleMetaphone.java&lt;br/&gt;
Sending        src/java/org/apache/commons/codec/language/Metaphone.java&lt;br/&gt;
Sending        src/java/org/apache/commons/codec/language/SoundexUtils.java&lt;br/&gt;
Sending        src/test/org/apache/commons/codec/StringEncoderAbstractTest.java&lt;br/&gt;
Transmitting file data .....&lt;br/&gt;
Committed revision 651874.&lt;/p&gt;</comment>
                    </comments>
                    <attachments>
                            <attachment id="12380923" name="CODEC-65.patch" size="4236" author="bentmann" created="Fri, 25 Apr 2008 11:19:06 +0000" />
                    </attachments>
                <subtasks>
                    </subtasks>
                <customfields>
                                                                                                                                                                                                                                                                                                                                                                                                                                                                                                                                                                                                                                                                                                                    <customfield id="customfield_12314020" key="com.atlassian.jira.plugins.jira-development-integration-plugin:devsummary">
                        <customfieldname>Development</customfieldname>
                        <customfieldvalues>
                            
                        </customfieldvalues>
                    </customfield>
                                                                                                                        <customfield id="customfield_12313422" key="com.atlassian.jirafisheyeplugin:jobcheckbox">
                        <customfieldname>Enable Automatic Patch Review</customfieldname>
                        <customfieldvalues>
                            <customfieldvalue>false</customfieldvalue>

                        </customfieldvalues>
                    </customfield>
                                                                                                                                                                                                                                                                                                                                                                                                                                                                                                                                                                                                                                                <customfield id="customfield_12310420" key="com.pyxis.greenhopper.jira:gh-global-rank">
                        <customfieldname>Global Rank</customfieldname>
                        <customfieldvalues>
                            <customfieldvalue>40236</customfieldvalue>
                        </customfieldvalues>
                    </customfield>
                                                                                                                                                                                                                                                                                                                                                                                                                                                                        <customfield id="customfield_12311820" key="com.pyxis.greenhopper.jira:gh-lexo-rank">
                        <customfieldname>Rank</customfieldname>
                        <customfieldvalues>
                            <customfieldvalue>0|i0ep9b:</customfieldvalue>

                        </customfieldvalues>
                    </customfield>
                                                                <customfield id="customfield_12310920" key="com.pyxis.greenhopper.jira:gh-global-rank">
                        <customfieldname>Rank (Obsolete)</customfieldname>
                        <customfieldvalues>
                            <customfieldvalue>83854</customfieldvalue>
                        </customfieldvalues>
                    </customfield>
                                                                                                                                                                                                                                                                                                                                                                                                                                                                                                                                                                                                                                                                                                                                                                                            </customfields>
    </item>


</channel>
</rss>