<rss version="0.92">
    <channel>
        <title>ASF JIRA</title>
        <link>https://issues.apache.org/jira/issues/?jql=project+%3D+CODEC+and+type+%3D+bug+and+%28status+%3D+RESOLVED+or+status+%3D+closed%29</link>
        <description>An XML representation of a search request</description>
                <language>en-uk</language>
                        <issue start="0" end="135" total="135" />
                <build-info>
            <version>8.20.1</version>
            <build-number>820001</build-number>
            <build-date>28-10-2021</build-date>
        </build-info>

<item>
            <title>[CODEC-1] [CODEC] IndexOutOfBoundsException  when encoding non-ASCII characters</title>
                <link>https://issues.apache.org/jira/browse/CODEC-1</link>
                <project id="12310464" key="CODEC">Commons Codec</project>
                    <description>&lt;p&gt;URLCodec causes an IndexOutOfBoundsException in BitSet when encoding non-ASCII&lt;br/&gt;
characters.&lt;/p&gt;</description>
                <environment>&lt;p&gt;Operating System: other&lt;br/&gt;
Platform: Other&lt;/p&gt;</environment>
        <key id="12340853">CODEC-1</key>
            <summary>[CODEC] IndexOutOfBoundsException  when encoding non-ASCII characters</summary>
                <type id="1" iconUrl="https://issues.apache.org/jira/secure/viewavatar?size=xsmall&amp;avatarId=21133&amp;avatarType=issuetype">Bug</type>
                                            <priority id="3" iconUrl="https://issues.apache.org/jira/images/icons/priorities/major.svg">Major</priority>
                        <status id="6" iconUrl="https://issues.apache.org/jira/images/icons/statuses/closed.png" description="The issue is considered finished, the resolution is correct. Issues which are not closed can be reopened.">Closed</status>
                    <statusCategory id="3" key="done" colorName="green" />
                                    <resolution id="1">Fixed</resolution>
                                        <assignee username="-1">Unassigned</assignee>
                                    <reporter username="becke@u.washington.edu">Michael Becke</reporter>
                        <labels>
                    </labels>
                <created>Wed, 16 Jul 2003 08:52:09 +0000</created>
                <updated>Sat, 27 Oct 2007 06:49:23 +0000</updated>
                            <resolved>Sat, 27 Oct 2007 06:49:23 +0000</resolved>
                                    <version>Nightly Builds</version>
                                    <fixVersion>1.2</fixVersion>
                                        <due />
                            <votes>0</votes>
                                    <watches>0</watches>
                                                                <comments>
                            <comment id="12404701" author="becke@u.washington.edu" created="Wed, 16 Jul 2003 08:53:45 +0000">&lt;p&gt;Created an attachment (id=7319)&lt;br/&gt;
Patch 1&lt;/p&gt;</comment>
                            <comment id="12404702" author="becke@u.washington.edu" created="Wed, 16 Jul 2003 08:56:09 +0000">&lt;p&gt;The attached patch fixes this problem and includes a test case.  The test case&lt;br/&gt;
was modeled after tests in HttpClient.  See&lt;br/&gt;
&amp;lt;&lt;a href="http://cvs.apache.org/viewcvs/jakarta-commons/httpclient/src/test/org/apache/commons/httpclient/TestMethodCharEncoding.java?rev=1.3&amp;amp;content-type=text/vnd.viewcvs-markup" class="external-link" target="_blank" rel="nofollow noopener"&gt;http://cvs.apache.org/viewcvs/jakarta-commons/httpclient/src/test/org/apache/commons/httpclient/TestMethodCharEncoding.java?rev=1.3&amp;amp;content-type=text/vnd.viewcvs-markup&lt;/a&gt;&amp;gt;.&lt;/p&gt;

&lt;p&gt;Mike&lt;/p&gt;</comment>
                            <comment id="12404703" author="olegk" created="Sun, 20 Jul 2003 05:25:23 +0000">&lt;p&gt;Mike,&lt;br/&gt;
I apologize for having missed your point. I did not quite realize that you were&lt;br/&gt;
talking about a bug in the URLCodec that I contributed to Commons Codec. Somehow&lt;br/&gt;
I thought you were referring to the bug discovered by Odi. &lt;/p&gt;

&lt;p&gt;The bug is really ugly (my bad) and the fix is fairly straight-forward. It&lt;br/&gt;
should have no side-effects on the code outside the URLCodec lcass. I trust the&lt;br/&gt;
Codec folk will forgive us for committing the patch without their explicit&lt;br/&gt;
permission. &lt;/p&gt;

&lt;p&gt;My +1 for committing the patch.&lt;/p&gt;

&lt;p&gt;Oleg&lt;/p&gt;</comment>
                            <comment id="12404704" author="becke@u.washington.edu" created="Mon, 21 Jul 2003 01:30:20 +0000">&lt;p&gt;Hi Oleg,&lt;/p&gt;

&lt;p&gt;No worries.  +1 for me as well.&lt;/p&gt;

&lt;p&gt;Mike&lt;/p&gt;</comment>
                            <comment id="12404705" author="tobrien@discursive.com" created="Fri, 1 Aug 2003 03:13:13 +0000">&lt;p&gt;Patch applied. &lt;/p&gt;</comment>
                    </comments>
                    <attachments>
                            <attachment id="12332413" name="ASF.LICENSE.NOT.GRANTED--urlCodec.patch" size="2814" author="becke@u.washington.edu" created="Wed, 16 Jul 2003 08:53:45 +0000" />
                    </attachments>
                <subtasks>
                    </subtasks>
                <customfields>
                                                                                                                                                                                                                                                                                                                                                                                                                                                                                                                                                                                                    <customfield id="customfield_10010" key="com.atlassian.jira.plugin.system.customfieldtypes:importid">
                        <customfieldname>Bugzilla Id</customfieldname>
                        <customfieldvalues>
                            <customfieldvalue>21633</customfieldvalue>
                        </customfieldvalues>
                    </customfield>
                                                                                                                                                    <customfield id="customfield_12314020" key="com.atlassian.jira.plugins.jira-development-integration-plugin:devsummary">
                        <customfieldname>Development</customfieldname>
                        <customfieldvalues>
                            
                        </customfieldvalues>
                    </customfield>
                                                                                                                        <customfield id="customfield_12313422" key="com.atlassian.jirafisheyeplugin:jobcheckbox">
                        <customfieldname>Enable Automatic Patch Review</customfieldname>
                        <customfieldvalues>
                            <customfieldvalue>false</customfieldvalue>

                        </customfieldvalues>
                    </customfield>
                                                                                                                                                                                                                                                                                                                                                                                                                                                                                                                                                                                                                                                <customfield id="customfield_12310420" key="com.pyxis.greenhopper.jira:gh-global-rank">
                        <customfieldname>Global Rank</customfieldname>
                        <customfieldvalues>
                            <customfieldvalue>110337</customfieldvalue>
                        </customfieldvalues>
                    </customfield>
                                                                                                                                                                                                                                                                                                                                                                                                                                                                        <customfield id="customfield_12311820" key="com.pyxis.greenhopper.jira:gh-lexo-rank">
                        <customfieldname>Rank</customfieldname>
                        <customfieldvalues>
                            <customfieldvalue>0|i0epf3:</customfieldvalue>

                        </customfieldvalues>
                    </customfield>
                                                                <customfield id="customfield_12310920" key="com.pyxis.greenhopper.jira:gh-global-rank">
                        <customfieldname>Rank (Obsolete)</customfieldname>
                        <customfieldvalues>
                            <customfieldvalue>83880</customfieldvalue>
                        </customfieldvalues>
                    </customfield>
                                                                                                                                                                                                                                                                                                                                                                                                                                                                                                                                                                                                                                                                                                                                                                                                                                                    </customfields>
    </item>
</channel>
</rss>