<rss version="0.92">
    <channel>
        <title>ASF JIRA</title>
        <link>https://issues.apache.org/jira/issues/?jql=project+%3D+CODEC+and+type+%3D+bug+and+%28status+%3D+RESOLVED+or+status+%3D+closed%29</link>
        <description>An XML representation of a search request</description>
                <language>en-uk</language>
                        <issue start="0" end="135" total="135" />
                <build-info>
            <version>8.20.1</version>
            <build-number>820001</build-number>
            <build-date>28-10-2021</build-date>
        </build-info>

<item>
            <title>[CODEC-68] isBase64 throws ArrayIndexOutOfBoundsException on some non-BASE64 bytes</title>
                <link>https://issues.apache.org/jira/browse/CODEC-68</link>
                <project id="12310464" key="CODEC">Commons Codec</project>
                    <description>&lt;p&gt;the following code throws an ArrayIndexOutOfBoundsException although it is perfectly valid (the byte 0x9c should be ignored according to the standard):&lt;/p&gt;

&lt;div class="code panel" style="border-width: 1px;"&gt;&lt;div class="codeContent panelContent"&gt;
&lt;pre class="code-java"&gt;&lt;span class="code-object"&gt;byte&lt;/span&gt;[x] = &lt;span class="code-keyword"&gt;new&lt;/span&gt; &lt;span class="code-object"&gt;byte&lt;/span&gt;[] { &lt;span class="code-quote"&gt;'n'&lt;/span&gt;, &lt;span class="code-quote"&gt;'A'&lt;/span&gt;, &lt;span class="code-quote"&gt;'='&lt;/span&gt;, &lt;span class="code-quote"&gt;'='&lt;/span&gt;, 0x9c };
Base64.decodeBase64(x);
&lt;/pre&gt;
&lt;/div&gt;&lt;/div&gt;

&lt;p&gt;The problem is the following method:&lt;/p&gt;

&lt;div class="code panel" style="border-width: 1px;"&gt;&lt;div class="codeContent panelContent"&gt;
&lt;pre class="code-java"&gt;    &lt;span class="code-keyword"&gt;private&lt;/span&gt; &lt;span class="code-keyword"&gt;static&lt;/span&gt; &lt;span class="code-object"&gt;boolean&lt;/span&gt; isBase64(&lt;span class="code-object"&gt;byte&lt;/span&gt; octect) {
        &lt;span class="code-keyword"&gt;if&lt;/span&gt; (octect == PAD) {
            &lt;span class="code-keyword"&gt;return&lt;/span&gt; &lt;span class="code-keyword"&gt;true&lt;/span&gt;;
        } &lt;span class="code-keyword"&gt;else&lt;/span&gt; &lt;span class="code-keyword"&gt;if&lt;/span&gt; (base64Alphabet[octect] == -1) {
            &lt;span class="code-keyword"&gt;return&lt;/span&gt; &lt;span class="code-keyword"&gt;false&lt;/span&gt;;
        } &lt;span class="code-keyword"&gt;else&lt;/span&gt; {
            &lt;span class="code-keyword"&gt;return&lt;/span&gt; &lt;span class="code-keyword"&gt;true&lt;/span&gt;;
        }
    }
&lt;/pre&gt;
&lt;/div&gt;&lt;/div&gt;

&lt;p&gt;in Java octect is a &lt;b&gt;signed&lt;/b&gt; value, so it is not correct to use it as an offset for an array &lt;span class="error"&gt;&amp;#91;0..254&amp;#93;&lt;/span&gt; which base64Alphabet is. 0x9c is -100!&lt;/p&gt;

&lt;p&gt;FIX:&lt;br/&gt;
use base64Alphabet[ 0xff &amp;amp; octect ] in the "else if" block to convert the octet prior using it as an offset for the lookup table&lt;/p&gt;</description>
                <environment />
        <key id="12395049">CODEC-68</key>
            <summary>isBase64 throws ArrayIndexOutOfBoundsException on some non-BASE64 bytes</summary>
                <type id="1" iconUrl="https://issues.apache.org/jira/secure/viewavatar?size=xsmall&amp;avatarId=21133&amp;avatarType=issuetype">Bug</type>
                                            <priority id="3" iconUrl="https://issues.apache.org/jira/images/icons/priorities/major.svg">Major</priority>
                        <status id="6" iconUrl="https://issues.apache.org/jira/images/icons/statuses/closed.png" description="The issue is considered finished, the resolution is correct. Issues which are not closed can be reopened.">Closed</status>
                    <statusCategory id="3" key="done" colorName="green" />
                                    <resolution id="3">Duplicate</resolution>
                                        <assignee username="-1">Unassigned</assignee>
                                    <reporter username="rrodewald">Robert Rodewald</reporter>
                        <labels>
                    </labels>
                <created>Wed, 30 Apr 2008 09:01:56 +0000</created>
                <updated>Sun, 4 May 2008 01:09:19 +0000</updated>
                            <resolved>Sun, 4 May 2008 01:09:19 +0000</resolved>
                                    <version>1.3</version>
                                    <fixVersion>1.4</fixVersion>
                                        <due />
                            <votes>0</votes>
                                    <watches>0</watches>
                                    <timeoriginalestimate seconds="900">0.25h</timeoriginalestimate>
                            <timeestimate seconds="900">0.25h</timeestimate>
                                        <comments>
                            <comment id="12594014" author="bayard" created="Sat, 3 May 2008 17:23:41 +0000">&lt;p&gt;I've added that as a unit test and it passes. I had to cast the 0x9c to a byte, but no other changes. I'll look later to see if the bugs already been caught and fixed.&lt;/p&gt;</comment>
                            <comment id="12594049" author="bayard" created="Sun, 4 May 2008 01:09:19 +0000">&lt;p&gt;The relevant line of code has already been changed to:&lt;/p&gt;

&lt;p&gt;        } else if (octect &amp;lt; 0 || base64Alphabet&lt;span class="error"&gt;&amp;#91;octect&amp;#93;&lt;/span&gt; == -1) {&lt;/p&gt;

&lt;p&gt;Thus it no longer gets an exception and is ignored.&lt;/p&gt;</comment>
                    </comments>
                    <attachments>
                    </attachments>
                <subtasks>
                    </subtasks>
                <customfields>
                                                                                                                                                                                                                                                                                                                                                                                                                                                                                                                                                                                                                                                                                                                    <customfield id="customfield_12314020" key="com.atlassian.jira.plugins.jira-development-integration-plugin:devsummary">
                        <customfieldname>Development</customfieldname>
                        <customfieldvalues>
                            
                        </customfieldvalues>
                    </customfield>
                                                                                                                        <customfield id="customfield_12313422" key="com.atlassian.jirafisheyeplugin:jobcheckbox">
                        <customfieldname>Enable Automatic Patch Review</customfieldname>
                        <customfieldvalues>
                            <customfieldvalue>false</customfieldvalue>

                        </customfieldvalues>
                    </customfield>
                                                                                                                                                                                                                                                                                                                                                                                                                                                                                                                                                                                                                                                <customfield id="customfield_12310420" key="com.pyxis.greenhopper.jira:gh-global-rank">
                        <customfieldname>Global Rank</customfieldname>
                        <customfieldvalues>
                            <customfieldvalue>110391</customfieldvalue>
                        </customfieldvalues>
                    </customfield>
                                                                                                                                                                                                                                                                                                                                                                                                                                                                        <customfield id="customfield_12311820" key="com.pyxis.greenhopper.jira:gh-lexo-rank">
                        <customfieldname>Rank</customfieldname>
                        <customfieldvalues>
                            <customfieldvalue>0|i0shj3:</customfieldvalue>

                        </customfieldvalues>
                    </customfield>
                                                                <customfield id="customfield_12310920" key="com.pyxis.greenhopper.jira:gh-global-rank">
                        <customfieldname>Rank (Obsolete)</customfieldname>
                        <customfieldvalues>
                            <customfieldvalue>164317</customfieldvalue>
                        </customfieldvalues>
                    </customfield>
                                                                                                                                                                                                                                                                                                                                                                                                                                                                                                                                                                                                                                                                                                                                                                                                                                                    </customfields>
    </item>


</channel>
</rss>