<rss version="0.92">
    <channel>
        <title>ASF JIRA</title>
        <link>https://issues.apache.org/jira/issues/?jql=project+%3D+CODEC+and+type+%3D+bug+and+%28status+%3D+RESOLVED+or+status+%3D+closed%29</link>
        <description>An XML representation of a search request</description>
                <language>en-uk</language>
                        <issue start="0" end="135" total="135" />
                <build-info>
            <version>8.20.1</version>
            <build-number>820001</build-number>
            <build-date>28-10-2021</build-date>
        </build-info>

<item>
            <title>[CODEC-134] Base32 would decode some invalid Base32 encoded string into arbitrary value</title>
                <link>https://issues.apache.org/jira/browse/CODEC-134</link>
                <project id="12310464" key="CODEC">Commons Codec</project>
                    <description>&lt;p&gt;Example, there is no byte array value that can be encoded into the string "C5CYMIHWQUUZMKUGZHGEOSJSQDE4L===", but the existing Base32 implementation would not reject it but decode it into an arbitrary value which if re-encoded again using the same implementation would result in the string "C5CYMIHWQUUZMKUGZHGEOSJSQDE4K===".&lt;/p&gt;

&lt;p&gt;Instead of blindly decoding the invalid string, the Base32 codec should reject it (eg by throwing IlleglArgumentException) to avoid security exploitation (such as tunneling additional information via seemingly valid base 32 strings).&lt;/p&gt;</description>
                <environment>&lt;p&gt;All&lt;/p&gt;</environment>
        <key id="12545065">CODEC-134</key>
            <summary>Base32 would decode some invalid Base32 encoded string into arbitrary value</summary>
                <type id="1" iconUrl="https://issues.apache.org/jira/secure/viewavatar?size=xsmall&amp;avatarId=21133&amp;avatarType=issuetype">Bug</type>
                                            <priority id="3" iconUrl="https://issues.apache.org/jira/images/icons/priorities/major.svg">Major</priority>
                        <status id="5" iconUrl="https://issues.apache.org/jira/images/icons/statuses/resolved.png" description="A resolution has been taken, and it is awaiting verification by reporter. From here issues are either reopened, or are closed.">Resolved</status>
                    <statusCategory id="3" key="done" colorName="green" />
                                    <resolution id="1">Fixed</resolution>
                                        <assignee username="ggregory">Gary D. Gregory</assignee>
                                    <reporter username="hchar">Hanson Char</reporter>
                        <labels>
                            <label>security</label>
                    </labels>
                <created>Sat, 3 Mar 2012 23:14:48 +0000</created>
                <updated>Sat, 10 Apr 2021 15:43:04 +0000</updated>
                            <resolved>Mon, 20 May 2019 15:40:36 +0000</resolved>
                                    <version>1.6</version>
                                    <fixVersion>1.13</fixVersion>
                                        <due />
                            <votes>0</votes>
                                    <watches>10</watches>
                                            <timeestimate seconds="0">0h</timeestimate>
                            <timespent seconds="600">10m</timespent>
                                <comments>
                            <comment id="13221729" author="hchar" created="Sat, 3 Mar 2012 23:16:30 +0000">&lt;p&gt;I suspect similar vulnerability exists in the Bsee64 codec, and if so should be fixed as well.&lt;/p&gt;</comment>
                            <comment id="13221888" author="garydgregory" created="Sun, 4 Mar 2012 13:47:59 +0000">&lt;p&gt;Can you please provide a patch?&lt;/p&gt;</comment>
                            <comment id="13221889" author="garydgregory" created="Sun, 4 Mar 2012 13:50:56 +0000">&lt;p&gt;Note that we might elect to file this in the garbage-in-garbage-out category. &lt;/p&gt;</comment>
                            <comment id="13221939" author="hchar" created="Sun, 4 Mar 2012 17:12:10 +0000">&lt;p&gt;Hi Gary, I think I have a rather nice and elegant patch for this; but if you don't mind waiting, I'd like to get some clearance from my current employer.  Thanks.&lt;/p&gt;</comment>
                            <comment id="13222063" author="hchar" created="Sun, 4 Mar 2012 23:45:30 +0000">&lt;p&gt;patch.txt attached&lt;/p&gt;</comment>
                            <comment id="13222101" author="garydgregory" created="Mon, 5 Mar 2012 01:21:47 +0000">&lt;p&gt;Hi Hanson,&lt;/p&gt;

&lt;p&gt;Thank you for the patch.&lt;/p&gt;

&lt;p&gt;Can you provide unit tests with the patch?&lt;/p&gt;

&lt;p&gt;Thank you,&lt;br/&gt;
Gary&lt;/p&gt;</comment>
                            <comment id="13222165" author="hchar" created="Mon, 5 Mar 2012 04:48:10 +0000">&lt;p&gt;Hi Gary,&lt;/p&gt;

&lt;p&gt;Please find attached diff-120304-20.txt for the unit tests.  Note that I've also modified the value of Base64TestData#CODEC_101_MULTIPLE_OF_3 from "123" to "124", as "123" turns out to be an impossible base64 encoded value with "3" being the last character.&lt;/p&gt;

&lt;p&gt;Regards,&lt;br/&gt;
Hanson&lt;/p&gt;</comment>
                            <comment id="13222167" author="garydgregory" created="Mon, 5 Mar 2012 05:03:46 +0000">&lt;p&gt;Hi Hanson,&lt;/p&gt;

&lt;p&gt;At first glance, changing CODEC_101_MULTIPLE_OF_3 to a value that is NOT a multiple of three does not "smell" right. &lt;/p&gt;

&lt;p&gt;Can you find a way to test this without making the constant name "lie"? After all CODEC_101_MULTIPLE_OF_3 must be a multiple of three for a good reason! &lt;img class="emoticon" src="https://issues.apache.org/jira/images/icons/emoticons/wink.png" height="16" width="16" align="absmiddle" alt="" border="0"/&gt;&lt;/p&gt;

&lt;p&gt;There &lt;/p&gt;</comment>
                            <comment id="13222172" author="hchar" created="Mon, 5 Mar 2012 05:51:21 +0000">&lt;p&gt;Hi Gary,&lt;/p&gt;

&lt;p&gt;I am not sure I understand the meaning of the name "CODEC_101_MULTIPLE_OF_3".  Does it mean a multiple of 3 in terms of the number of bits or bytes ?  If it is bytes, both "123" and "124" contain 3 bytes.  If it is the number of "1" in the UTF-8 bit array, the byte array of "123" contains 10 bits &lt;img class="emoticon" src="https://issues.apache.org/jira/images/icons/emoticons/lightbulb_on.png" height="16" width="16" align="absmiddle" alt="" border="0"/&gt; whereas that of "124" contains 9 bits.&lt;/p&gt;

&lt;p&gt;In the only two test cases (in Base64InputStreamTest.java) where CODEC_101_MULTIPLE_OF_3 is used, CODEC_101_MULTIPLE_OF_3 appears to be used simply as a straight base 64 encoded string that the test case attempt to decode (via a Base64InputStream).  Since the "123" cannot be a possible base 64 encoded value, the two test cases should fail rather than pass.&lt;/p&gt;

&lt;p&gt;What am I missing ?&lt;/p&gt;

&lt;p&gt;Regards,&lt;br/&gt;
Hanson&lt;/p&gt;</comment>
                            <comment id="13222179" author="hchar" created="Mon, 5 Mar 2012 06:31:33 +0000">&lt;p&gt;I've just uploaded the latest patch, diff-120304-22.txt, superseding all previous patches.  This patch passed all the unit tests via "mvn test".&lt;/p&gt;</comment>
                            <comment id="13222629" author="garydgregory" created="Mon, 5 Mar 2012 21:42:54 +0000">&lt;p&gt;Hello Hanson,&lt;/p&gt;

&lt;p&gt;Now that I took a closer look at Base64TestData, I can see that CODEC_101_MULTIPLE_OF_3 is about input length. So fiddling with it should be OK but I do not recommend it because it is specifically maintained for &lt;a href="https://issues.apache.org/jira/browse/CODEC-101" title="Base64InputStream#read(byte[]) incorrectly returns 0 at end of any stream which is multiple of 3 bytes long" class="issue-link" data-issue-key="CODEC-101"&gt;&lt;del&gt;CODEC-101&lt;/del&gt;&lt;/a&gt;. Better not to confusing things here IMO.&lt;/p&gt;

&lt;p&gt;Can you provide a patch using svn diff please, I cannot apply this patch as-in with Eclipse/SVN.&lt;/p&gt;

&lt;p&gt;Thank you,&lt;br/&gt;
Gary&lt;/p&gt;</comment>
                            <comment id="13222970" author="hchar" created="Tue, 6 Mar 2012 03:25:10 +0000">&lt;p&gt;Hi Gary,&lt;/p&gt;

&lt;p&gt;Have you tried something like this:&lt;/p&gt;

&lt;p&gt;  cd &lt;/p&gt;
{path_to}
&lt;p&gt;/commons-codec-1.6-src&lt;br/&gt;
  patch -p1 &amp;lt; {$path_to}/diff-120304-22.txt&lt;/p&gt;

&lt;p&gt;That would have all the relevant files patched.&lt;/p&gt;

&lt;p&gt;Regards,&lt;br/&gt;
Hanson&lt;/p&gt;</comment>
                            <comment id="13222973" author="hchar" created="Tue, 6 Mar 2012 03:36:19 +0000">&lt;p&gt;I think I see why the patch didn't work for you.  It seems the source code at the SVN trunk is different from the released 1.6.  Let me see if I can get a patch against the latest trunk.&lt;/p&gt;</comment>
                            <comment id="13222978" author="hchar" created="Tue, 6 Mar 2012 03:54:01 +0000">&lt;p&gt;All the source files in the release bundle all ends with CR-LF, whereas the source files in the trunk all ends with LF without the CR.&lt;/p&gt;</comment>
                            <comment id="13222988" author="hchar" created="Tue, 6 Mar 2012 04:27:41 +0000">&lt;p&gt;Hi Gary,&lt;/p&gt;

&lt;p&gt;Please try the latest patch diff-120305-20.txt, which seems to work for me when I applied it to the trunk.  (BTW, this latest patch is simply made by running dos2unix to the previous patch.  I suspect this dos2unix trick may also work for you in other cases should you encountered similar patch "compatibility" problem.)&lt;/p&gt;

&lt;p&gt;Regards,&lt;br/&gt;
Hanson&lt;/p&gt;</comment>
                            <comment id="13227751" author="hchar" created="Mon, 12 Mar 2012 18:33:17 +0000">&lt;p&gt;Hi Gary, did you get a chance to try out the patch ?&lt;/p&gt;</comment>
                            <comment id="13227774" author="garydgregory" created="Mon, 12 Mar 2012 18:53:23 +0000">&lt;p&gt;Yes, it works but that is not issue ATM.&lt;/p&gt;

&lt;p&gt;The issues are:&lt;/p&gt;

&lt;p&gt;(1) if the behavior is changed, when is it OK to do so, 1.7 or 2.0?&lt;br/&gt;
(2) is it better to provide a strict version of the class&lt;/p&gt;

&lt;p&gt;No consensus has emerged to far.&lt;/p&gt;

&lt;p&gt;See the thread "&lt;span class="error"&gt;&amp;#91;codec&amp;#93;&lt;/span&gt; What version should implement a behavior change?" on the dev ML.&lt;/p&gt;</comment>
                            <comment id="16817982" author="schudel" created="Mon, 15 Apr 2019 13:46:10 +0000">&lt;p&gt;No consensus yet? It's been 7 years.&lt;/p&gt;

&lt;p&gt;&#160;&lt;/p&gt;

&lt;p&gt;I would say:&lt;/p&gt;
&lt;ul&gt;
	&lt;li&gt;It's a bug and a security vulnerability&lt;/li&gt;
	&lt;li&gt;One would have to explicitly create malformed input in order to exploit this&lt;/li&gt;
&lt;/ul&gt;


&lt;p&gt;In that case no major version is needed so 1.x would be fine. Any consumers of the class that actually send malformed input would have to stay version 1.x-1 or fix their code.&#160;&#160;&lt;/p&gt;</comment>
                            <comment id="16818020" author="garydgregory" created="Mon, 15 Apr 2019 14:41:43 +0000">&lt;p&gt;Hi &lt;a href="https://issues.apache.org/jira/secure/ViewProfile.jspa?name=schudel" class="user-hover" rel="schudel"&gt;schudel&lt;/a&gt;,&lt;/p&gt;

&lt;p&gt;In order to revive this, would you be willing to provide a PR on GitHub?&lt;/p&gt;

&lt;p&gt;Gary&lt;/p&gt;</comment>
                            <comment id="16818050" author="schudel" created="Mon, 15 Apr 2019 15:08:00 +0000">&lt;p&gt;Sure, I'll get right on it..&lt;/p&gt;

</comment>
                            <comment id="16832519" author="tmousaw" created="Fri, 3 May 2019 14:02:00 +0000">&lt;p&gt;I've ported these changes to the latest version and created a PR. See&#160;&lt;a href="https://github.com/tmousaw-ptc/commons-codec/compare/master...tmousaw-ptc:CODEC-134" class="external-link" target="_blank" rel="nofollow noopener"&gt;https://github.com/tmousaw-ptc/commons-codec/compare/master...tmousaw-ptc:CODEC-134&lt;/a&gt;.&lt;/p&gt;</comment>
                            <comment id="16832531" author="schudel" created="Fri, 3 May 2019 14:18:08 +0000">&lt;p&gt;Ow, brilliant! Couldn't get the tests to work but now I see what I did wrong. Thanks!&lt;/p&gt;</comment>
                            <comment id="16832537" author="garydgregory" created="Fri, 3 May 2019 14:27:26 +0000">&lt;p&gt;Ok, we'll wait for the PR &lt;img class="emoticon" src="https://issues.apache.org/jira/images/icons/emoticons/smile.png" height="16" width="16" align="absmiddle" alt="" border="0"/&gt;&lt;/p&gt;</comment>
                            <comment id="16832540" author="tmousaw" created="Fri, 3 May 2019 14:32:46 +0000">&lt;p&gt;&lt;a href="https://issues.apache.org/jira/secure/ViewProfile.jspa?name=garydgregory" class="user-hover" rel="garydgregory"&gt;garydgregory&lt;/a&gt; - Didn't I just provide the PR? Is there some more acceptable way to provide it than the link above?&lt;/p&gt;</comment>
                            <comment id="16832563" author="garydgregory" created="Fri, 3 May 2019 15:08:32 +0000">&lt;p&gt;That's just a link to your repo. You have to tell GitHub to create a PR.&lt;/p&gt;</comment>
                            <comment id="16832596" author="tmousaw" created="Fri, 3 May 2019 15:44:46 +0000">&lt;p&gt;I'm sorry - I'm new to the GitHub PR process. I created the following -&#160;&lt;a href="https://github.com/tmousaw-ptc/commons-codec/pull/1" class="external-link" target="_blank" rel="nofollow noopener"&gt;https://github.com/tmousaw-ptc/commons-codec/pull/1&lt;/a&gt;. But that appears to be a PR to merge into my own forked master branch. I'm assuming you need a merge request from my forked repository to the upstream repository?&lt;/p&gt;</comment>
                            <comment id="16832598" author="schudel" created="Fri, 3 May 2019 15:47:44 +0000">&lt;p&gt;Yes, correct.&lt;/p&gt;</comment>
                            <comment id="16832614" author="tmousaw" created="Fri, 3 May 2019 16:02:03 +0000">&lt;p&gt;OK. I think I got it this time.&#160;&lt;a href="https://github.com/apache/commons-codec/pull/19" class="external-link" target="_blank" rel="nofollow noopener"&gt;https://github.com/apache/commons-codec/pull/19&lt;/a&gt;.&lt;/p&gt;</comment>
                            <comment id="16835775" author="tmousaw" created="Wed, 8 May 2019 17:36:53 +0000">&lt;p&gt;Any more comments on the PR? I think I addressed your issue &lt;a href="https://issues.apache.org/jira/secure/ViewProfile.jspa?name=garydgregory" class="user-hover" rel="garydgregory"&gt;garydgregory&lt;/a&gt;, but if I didn't, please let me know.&lt;/p&gt;</comment>
                            <comment id="16842501" author="tmousaw" created="Fri, 17 May 2019 20:22:52 +0000">&lt;p&gt;&lt;a href="https://issues.apache.org/jira/secure/ViewProfile.jspa?name=garydgregory" class="user-hover" rel="garydgregory"&gt;garydgregory&lt;/a&gt; - Just checking in again. Is there anything else required here?&lt;/p&gt;</comment>
                            <comment id="16844052" author="garydgregory" created="Mon, 20 May 2019 15:40:36 +0000">&lt;p&gt;Squashed and merged in git master.&lt;/p&gt;</comment>
                            <comment id="16844920" author="melloware" created="Tue, 21 May 2019 15:01:08 +0000">&lt;p&gt;Any idea on release date of 1.13?&lt;/p&gt;</comment>
                            <comment id="16844994" author="schudel" created="Tue, 21 May 2019 16:00:36 +0000">&lt;p&gt;Very nice! I&#160;just checked the PR and found out everything seems ok, but you guys were ahead of me. Thanks for the PR and looking forward to a release!&lt;/p&gt;</comment>
                            <comment id="16845011" author="garydgregory" created="Tue, 21 May 2019 16:23:19 +0000">&lt;p&gt;I currently have no plans for a release. Someone else might pick up the task. Otherwise, it will be on my todo list.&lt;/p&gt;</comment>
                            <comment id="16845264" author="tmousaw" created="Tue, 21 May 2019 21:11:49 +0000">&lt;p&gt;Is there some means to request a release? We have a software release coming up at the end of July and I'd love to have this fix in for that.&lt;/p&gt;</comment>
                            <comment id="16845272" author="garydgregory" created="Tue, 21 May 2019 21:37:51 +0000">&lt;p&gt;You just did &lt;img class="emoticon" src="https://issues.apache.org/jira/images/icons/emoticons/wink.png" height="16" width="16" align="absmiddle" alt="" border="0"/&gt;&#160;I'm sure I or someone else should be able to get to it in that time frame.&lt;/p&gt;</comment>
                            <comment id="16845778" author="melloware" created="Wed, 22 May 2019 11:18:13 +0000">&lt;p&gt;Thank you &lt;a href="https://issues.apache.org/jira/secure/ViewProfile.jspa?name=ggregory" class="user-hover" rel="ggregory"&gt;ggregory&lt;/a&gt; my company is on a big kick for production software to use only libraries that have no open CVE's against them.  This will be a big help.&lt;/p&gt;</comment>
                            <comment id="16845789" author="garydgregory" created="Wed, 22 May 2019 11:32:04 +0000">&lt;p&gt;&lt;a href="https://issues.apache.org/jira/secure/ViewProfile.jspa?name=melloware" class="user-hover" rel="melloware"&gt;melloware&lt;/a&gt;,&lt;/p&gt;

&lt;p&gt;In the meantime, feel free to review this component or even the rest of Apache Commons.&lt;/p&gt;

&lt;p&gt;Gary&lt;/p&gt;</comment>
                            <comment id="16845821" author="melloware" created="Wed, 22 May 2019 12:12:13 +0000">&lt;p&gt;&lt;a href="https://issues.apache.org/jira/secure/ViewProfile.jspa?name=ggregory" class="user-hover" rel="ggregory"&gt;ggregory&lt;/a&gt; yep we use a ton of Apache Commons libraries and currently the only 2 security issues being flagged are this one and the one I reported on BeanUtils &lt;a href="https://issues.apache.org/jira/browse/BEANUTILS-520" class="external-link" rel="nofollow"&gt;https://issues.apache.org/jira/browse/BEANUTILS-520&lt;/a&gt;   I understand the approach taken for BU 1.9.3 but I made my case in that ticket to start off mor esecure and have people opt-in to insecurity!&lt;/p&gt;

&lt;p&gt;i will let you know if I find any other issues reported but so far all the other Commons are looking pretty good.&lt;/p&gt;</comment>
                            <comment id="16865221" author="pavanraju023" created="Mon, 17 Jun 2019 00:39:16 +0000">&lt;p&gt;Hey folks,&lt;/p&gt;

&lt;p&gt;Thanks for the fix above! Much appreciated.&lt;/p&gt;

&lt;p&gt;Is there a plan for a release coming up soon? We're also looking at using the 1.13 release.&lt;/p&gt;

&lt;p&gt;Thanks,&lt;/p&gt;

&lt;p&gt;Pavan&lt;/p&gt;</comment>
                            <comment id="16883844" author="tmousaw" created="Fri, 12 Jul 2019 14:12:35 +0000">&lt;p&gt;I have the same question as &lt;a href="https://issues.apache.org/jira/secure/ViewProfile.jspa?name=pavanraju023" class="user-hover" rel="pavanraju023"&gt;pavanraju023&lt;/a&gt;. I would appreciate a release soon as we have a software release coming up in a couple of weeks and I'd like to incorporate a published version rather than having to use a forked copy.&lt;/p&gt;</comment>
                            <comment id="16895293" author="tmousaw" created="Mon, 29 Jul 2019 14:19:11 +0000">&lt;p&gt;&lt;a href="https://issues.apache.org/jira/secure/ViewProfile.jspa?name=ggregory" class="user-hover" rel="ggregory"&gt;ggregory&lt;/a&gt; - Any updates on when a new version may be available?&lt;/p&gt;</comment>
                            <comment id="16895298" author="melloware" created="Mon, 29 Jul 2019 14:21:31 +0000">&lt;p&gt;&lt;a href="https://issues.apache.org/jira/secure/ViewProfile.jspa?name=tmousaw" class="user-hover" rel="tmousaw"&gt;tmousaw&lt;/a&gt; It was released last week and is in maven central.  &lt;a href="https://search.maven.org/artifact/commons-codec/commons-codec/1.13/jar" class="external-link" target="_blank" rel="nofollow noopener"&gt;https://search.maven.org/artifact/commons-codec/commons-codec/1.13/jar&lt;/a&gt;&lt;/p&gt;</comment>
                            <comment id="16895311" author="tmousaw" created="Mon, 29 Jul 2019 14:42:24 +0000">&lt;p&gt;&lt;a href="https://issues.apache.org/jira/secure/ViewProfile.jspa?name=melloware" class="user-hover" rel="melloware"&gt;melloware&lt;/a&gt; - Great! Thank you! Sorry I did not notice that.&lt;/p&gt;</comment>
                            <comment id="16895337" author="garydgregory" created="Mon, 29 Jul 2019 15:13:19 +0000">&lt;p&gt;You should subscribe to the announcement mailing list, see &lt;a href="https://mail-archives.apache.org/mod_mbox/www-announce/201907.mbox/%3CCACZkXPzOpu9sZBDOZRFFOSL85WJg17hx_-_FE2sjOVMEs%3D68jQ%40mail.gmail.com%3E" class="external-link" target="_blank" rel="nofollow noopener"&gt;https://mail-archives.apache.org/mod_mbox/www-announce/201907.mbox/%3CCACZkXPzOpu9sZBDOZRFFOSL85WJg17hx_-_FE2sjOVMEs%3D68jQ%40mail.gmail.com%3E&lt;/a&gt;&lt;/p&gt;

&lt;p&gt;&#160;&lt;/p&gt;</comment>
                            <comment id="16895346" author="tmousaw" created="Mon, 29 Jul 2019 15:20:46 +0000">&lt;p&gt;&lt;a href="https://issues.apache.org/jira/secure/ViewProfile.jspa?name=ggregory" class="user-hover" rel="ggregory"&gt;ggregory&lt;/a&gt; - Just subscribed to the Apache Announce List. Again, sorry for the noise.&lt;/p&gt;</comment>
                            <comment id="16981199" author="alexherbert" created="Sun, 24 Nov 2019 22:33:13 +0000">&lt;p&gt;This is not totally fixed. For example the fix for Base64 uses:&lt;/p&gt;
&lt;div class="code panel" style="border-width: 1px;"&gt;&lt;div class="codeContent panelContent"&gt;
&lt;pre class="code-java"&gt;
        &lt;span class="code-keyword"&gt;if&lt;/span&gt; ((context.ibitWorkArea &amp;amp; numBitsToDrop) != 0) {
&lt;/pre&gt;
&lt;/div&gt;&lt;/div&gt;
&lt;p&gt;This is called with either 2 or 4 as the&#160;numBitsToDrop argument. Thus you are only checking 1 bit of the possible trailing bits are not zero. It should be:&lt;/p&gt;
&lt;div class="code panel" style="border-width: 1px;"&gt;&lt;div class="codeContent panelContent"&gt;
&lt;pre class="code-java"&gt;
        &lt;span class="code-object"&gt;int&lt;/span&gt; mask = (1 &amp;lt;&amp;lt; numBitsToDrop) - 1;
        &lt;span class="code-keyword"&gt;if&lt;/span&gt; ((context.ibitWorkArea &amp;amp; mask) != 0) {
&lt;/pre&gt;
&lt;/div&gt;&lt;/div&gt;
&lt;p&gt;This will check all the bits to drop are zero.&lt;/p&gt;

&lt;p&gt;I will open a new ticket to demonstrate.&lt;/p&gt;</comment>
                            <comment id="16981759" author="schudel" created="Mon, 25 Nov 2019 18:05:40 +0000">&lt;p&gt;I guess this is why Sonatype CLM still lists it as a security vulnerability. Thanks for the input!&lt;/p&gt;</comment>
                    </comments>
                <issuelinks>
                            <issuelinktype id="12310560">
                    <name>Problem/Incident</name>
                                            <outwardlinks description="causes">
                                        <issuelink>
            <issuekey id="13370828">HTTPCLIENT-2150</issuekey>
        </issuelink>
                            </outwardlinks>
                                                        </issuelinktype>
                            <issuelinktype id="10030">
                    <name>Reference</name>
                                            <outwardlinks description="relates to">
                                        <issuelink>
            <issuekey id="13270340">CODEC-270</issuekey>
        </issuelink>
            <issuelink>
            <issuekey id="13280756">CODEC-280</issuekey>
        </issuelink>
                            </outwardlinks>
                                                                <inwardlinks description="is related to">
                                        <issuelink>
            <issuekey id="13359334">WAGON-609</issuekey>
        </issuelink>
                            </inwardlinks>
                                    </issuelinktype>
                    </issuelinks>
                <attachments>
                            <attachment id="12517193" name="diff-120305-20.txt" size="10698" author="hchar" created="Tue, 6 Mar 2012 04:05:37 +0000" />
                    </attachments>
                <subtasks>
                    </subtasks>
                <customfields>
                                                                                                                                                                                                                                                                                                                                                                                                                                                                                                                                                                                                                                                                                                                    <customfield id="customfield_12314020" key="com.atlassian.jira.plugins.jira-development-integration-plugin:devsummary">
                        <customfieldname>Development</customfieldname>
                        <customfieldvalues>
                            
                        </customfieldvalues>
                    </customfield>
                                                                                                                        <customfield id="customfield_12313422" key="com.atlassian.jirafisheyeplugin:jobcheckbox">
                        <customfieldname>Enable Automatic Patch Review</customfieldname>
                        <customfieldvalues>
                            <customfieldvalue>false</customfieldvalue>

                        </customfieldvalues>
                    </customfield>
                                                                                                                                                                                                                                                                                                                                                                                                                                                                                                                                                                                                                                                <customfield id="customfield_12310420" key="com.pyxis.greenhopper.jira:gh-global-rank">
                        <customfieldname>Global Rank</customfieldname>
                        <customfieldvalues>
                            <customfieldvalue>230251</customfieldvalue>
                        </customfieldvalues>
                    </customfield>
                                                                                                                                                                                                                                                                                                                                                                                                                                                                        <customfield id="customfield_12311820" key="com.pyxis.greenhopper.jira:gh-lexo-rank">
                        <customfieldname>Rank</customfieldname>
                        <customfieldvalues>
                            <customfieldvalue>0|i0ftpb:</customfieldvalue>

                        </customfieldvalues>
                    </customfield>
                                                                <customfield id="customfield_12310920" key="com.pyxis.greenhopper.jira:gh-global-rank">
                        <customfieldname>Rank (Obsolete)</customfieldname>
                        <customfieldvalues>
                            <customfieldvalue>90410</customfieldvalue>
                        </customfieldvalues>
                    </customfield>
                                                                                                                                                                                                                                                                                                                                                                                                                                                                                                                                                                                                                                                                                                                                                                                                                                                    </customfields>
    </item>


</channel>
</rss>