<rss version="0.92">
    <channel>
        <title>ASF JIRA</title>
        <link>https://issues.apache.org/jira/issues/?jql=project+%3D+CODEC+AND+type+%3D+bug+and+%28status+%3D+RESOLVED+or+status+%3D+closed%29+and+resolution++%3D+Fixed+and+fixVersion++%21%3D+None+and+affectedVersion+%21%3D+None+and+affectedVersion+%21%3D+%22Nightly+Builds%22</link>
        <description>An XML representation of a search request</description>
                <language>en-uk</language>
                        <issue start="0" end="76" total="76" />
                <build-info>
            <version>8.20.1</version>
            <build-number>820001</build-number>
            <build-date>28-10-2021</build-date>
        </build-info>

<item>
            <title>[CODEC-127] Non-ascii characters in source files</title>
                <link>https://issues.apache.org/jira/browse/CODEC-127</link>
                <project id="12310464" key="CODEC">Commons Codec</project>
                    <description>&lt;p&gt;Some of the test cases include characters in a native encoding (possibly UTF-8), rather than using Unicode escapes.&lt;/p&gt;

&lt;p&gt;This can cause a problem for IDEs if they don't know the encoding (e.g. cause compilation errors, which is how I found the issue), and possibly some transformations may corrupt the contents, e.g. fixing EOL.&lt;/p&gt;

&lt;p&gt;I think we should have a rule of using Unicode escapes for all such non-ascii characters.&lt;br/&gt;
It's particularly important for non-ISO-8859-1 characters.&lt;/p&gt;

&lt;p&gt;Some example classes with non-ascii characters:&lt;/p&gt;

&lt;div class="code panel" style="border-width: 1px;"&gt;&lt;div class="codeContent panelContent"&gt;
&lt;pre class="code-java"&gt;binary\Base64Test.java:96         &lt;span class="code-object"&gt;byte&lt;/span&gt;[] decode = b64.decode(&lt;span class="code-quote"&gt;"SGVsbG{&#180;&#9488;&#162;&#180;&#9488;&#162;&#180;&#9488;&#162;&#180;&#9488;&#162;&#180;&#9488;&#162;&#180;&#9488;&#162;}8gV29ybGQ="&lt;/span&gt;);
language\ColognePhoneticTest.java:110             {&lt;span class="code-quote"&gt;"m&#9500;&#194;nchengladbach"&lt;/span&gt;, &lt;span class="code-quote"&gt;"664645214"&lt;/span&gt;},
language\ColognePhoneticTest.java:130         &lt;span class="code-object"&gt;String&lt;/span&gt;[][] data = {{&lt;span class="code-quote"&gt;"bergisch-gladbach"&lt;/span&gt;, &lt;span class="code-quote"&gt;"174845214"&lt;/span&gt;}, {&lt;span class="code-quote"&gt;"M&#9500;&#9565;ller-L&#9500;&#9565;denscheidt"&lt;/span&gt;, &lt;span class="code-quote"&gt;"65752682"&lt;/span&gt;}};
language\ColognePhoneticTest.java:137             {&lt;span class="code-quote"&gt;"Meyer"&lt;/span&gt;, &lt;span class="code-quote"&gt;"M&#9500;&#9565;ller"&lt;/span&gt;},
language\ColognePhoneticTest.java:143             {&lt;span class="code-quote"&gt;"ganz"&lt;/span&gt;, &lt;span class="code-quote"&gt;"G&#9500;&#241;nse"&lt;/span&gt;},
language\DoubleMetaphoneTest.java:1222         &lt;span class="code-keyword"&gt;this&lt;/span&gt;.getDoubleMetaphone().isDoubleMetaphoneEqual(&lt;span class="code-quote"&gt;"&#180;&#9488;&#162;"&lt;/span&gt;, &lt;span class="code-quote"&gt;"S"&lt;/span&gt;);
language\DoubleMetaphoneTest.java:1227         &lt;span class="code-keyword"&gt;this&lt;/span&gt;.getDoubleMetaphone().isDoubleMetaphoneEqual(&lt;span class="code-quote"&gt;"&#180;&#9488;&#162;"&lt;/span&gt;, &lt;span class="code-quote"&gt;"N"&lt;/span&gt;);
language\SoundexTest.java:367         &lt;span class="code-keyword"&gt;if&lt;/span&gt; (&lt;span class="code-object"&gt;Character&lt;/span&gt;.isLetter(&lt;span class="code-quote"&gt;'&#180;&#9488;&#162;'&lt;/span&gt;)) {
language\SoundexTest.java:369                 Assert.assertEquals(&lt;span class="code-quote"&gt;"&#180;&#9488;&#162;000"&lt;/span&gt;, &lt;span class="code-keyword"&gt;this&lt;/span&gt;.getSoundexEncoder().encode(&lt;span class="code-quote"&gt;"&#180;&#9488;&#162;"&lt;/span&gt;));
language\SoundexTest.java:375             Assert.assertEquals(&lt;span class="code-quote"&gt;"", &lt;span class="code-keyword"&gt;this&lt;/span&gt;.getSoundexEncoder().encode("&lt;/span&gt;&#180;&#9488;&#162;"));
language\SoundexTest.java:387         &lt;span class="code-keyword"&gt;if&lt;/span&gt; (&lt;span class="code-object"&gt;Character&lt;/span&gt;.isLetter(&lt;span class="code-quote"&gt;'&#180;&#9488;&#162;'&lt;/span&gt;)) {
language\SoundexTest.java:389                 Assert.assertEquals(&lt;span class="code-quote"&gt;"&#180;&#9488;&#162;000"&lt;/span&gt;, &lt;span class="code-keyword"&gt;this&lt;/span&gt;.getSoundexEncoder().encode(&lt;span class="code-quote"&gt;"&#180;&#9488;&#162;"&lt;/span&gt;));
language\SoundexTest.java:395             Assert.assertEquals(&lt;span class="code-quote"&gt;"", &lt;span class="code-keyword"&gt;this&lt;/span&gt;.getSoundexEncoder().encode("&lt;/span&gt;&#180;&#9488;&#162;"));
&lt;/pre&gt;
&lt;/div&gt;&lt;/div&gt;

&lt;p&gt;The characters are probably not correct above, because I used a crude perl script to find them:&lt;/p&gt;

&lt;div class="code panel" style="border-width: 1px;"&gt;&lt;div class="codeContent panelContent"&gt;
&lt;pre class="code-java"&gt;perl -ne &lt;span class="code-quote"&gt;"$.=1 &lt;span class="code-keyword"&gt;if&lt;/span&gt; $s ne $ARGV;print qq($ARGV:$. $_) &lt;span class="code-keyword"&gt;if&lt;/span&gt; m/\P{ASCII}/;$s=$ARGV;"&lt;/span&gt; xxxx.java
&lt;/pre&gt;
&lt;/div&gt;&lt;/div&gt;

&lt;p&gt;language\SoundexTest.java:367 in particular is incorrect, because it's supposed to be a single character.&lt;/p&gt;

&lt;p&gt;Now one might think that native2ascii -encoding UTF-8 would fix that, but it gives:&lt;/p&gt;

&lt;p&gt;if (Character.isLetter('\ufffd'))&lt;/p&gt;

&lt;p&gt;which is an "unknown" character.&lt;/p&gt;

&lt;p&gt;Similarly for binary\Base64Test.java:96.&lt;/p&gt;

&lt;p&gt;It's not all that clear what the Unicode escapes should be in these cases, but probably not the unknown character.&lt;/p&gt;

&lt;p&gt;&lt;span class="error"&gt;&amp;#91;Possibly the characters got mangled at some point, or maybe they have always been wrong&amp;#93;&lt;/span&gt;&lt;/p&gt;

&lt;p&gt;The ColognePhoneticTest.java cases are less serious, as the characters are valid ISO-8859-1 (accented German), but given that the rest of the file uses unicode escaps, I think they should be changed too (but add comments to say what they are, e.g. o-umlaut, u-umlaut)&lt;/p&gt;</description>
                <environment />
        <key id="12518780">CODEC-127</key>
            <summary>Non-ascii characters in source files</summary>
                <type id="1" iconUrl="https://issues.apache.org/jira/secure/viewavatar?size=xsmall&amp;avatarId=21133&amp;avatarType=issuetype">Bug</type>
                                            <priority id="3" iconUrl="https://issues.apache.org/jira/images/icons/priorities/major.svg">Major</priority>
                        <status id="6" iconUrl="https://issues.apache.org/jira/images/icons/statuses/closed.png" description="The issue is considered finished, the resolution is correct. Issues which are not closed can be reopened.">Closed</status>
                    <statusCategory id="3" key="done" colorName="green" />
                                    <resolution id="1">Fixed</resolution>
                                        <assignee username="-1">Unassigned</assignee>
                                    <reporter username="sebb">Sebb</reporter>
                        <labels>
                    </labels>
                <created>Sat, 13 Aug 2011 11:45:01 +0000</created>
                <updated>Thu, 10 Nov 2011 18:10:01 +0000</updated>
                            <resolved>Wed, 17 Aug 2011 16:32:00 +0000</resolved>
                                    <version>1.5</version>
                                    <fixVersion>1.6</fixVersion>
                                        <due />
                            <votes>0</votes>
                                    <watches>0</watches>
                                                                <comments>
                            <comment id="13084604" author="garydgregory" created="Sat, 13 Aug 2011 12:42:06 +0000">&lt;p&gt;The build deals with this by specifying the encoding in key places. &lt;/p&gt;

&lt;p&gt;In eclipse, I set the encoding to UTF-8 for the source folders. &lt;/p&gt;

&lt;p&gt;Seeing the real chars in the source is nicer but means you may have to deal with your IDE. &lt;/p&gt;

&lt;p&gt;An alternative would be to save IDE settings in SVN. How about that?&lt;/p&gt;

&lt;p&gt;&amp;#8211; Posted from Bugbox for iPhone&lt;/p&gt;</comment>
                            <comment id="13084611" author="sebb@apache.org" created="Sat, 13 Aug 2011 13:21:22 +0000">&lt;p&gt;The problem is that it's not possible to see what the test data is in the IDE (apart from the German chars).&lt;/p&gt;

&lt;p&gt;Also, unless you tell SVN the encoding (e.g. via mime-type), diff e-mails (and possibly conversion to local EOL) may suffer.&lt;/p&gt;

&lt;p&gt;Saving IDE settings in SVN is a non-starter, because there are many different IDEs, and it's anyway not possible to have the settings automatically picked up, as far as I know.&lt;/p&gt;

&lt;p&gt;Have a look again at the non-ISO-8858-1 characters and see if they are correct. I suspect not, as they all appear to be the unspecified character (\ufffd), at least when treated as UTF-8.&lt;/p&gt;</comment>
                            <comment id="13084619" author="garydgregory" created="Sat, 13 Aug 2011 14:01:50 +0000">&lt;p&gt;I see now, what a mess.&lt;/p&gt;</comment>
                            <comment id="13084743" author="sebb@apache.org" created="Sat, 13 Aug 2011 23:52:31 +0000">&lt;p&gt;Here's the full list of lines containing non-ASCII characters:&lt;/p&gt;

&lt;div class="code panel" style="border-width: 1px;"&gt;&lt;div class="codeContent panelContent"&gt;
&lt;pre class="code-java"&gt;java/org/apache/commons/codec/language/ColognePhonetic.java:264    &lt;span class="code-keyword"&gt;private&lt;/span&gt; &lt;span class="code-keyword"&gt;static&lt;/span&gt; &lt;span class="code-keyword"&gt;final&lt;/span&gt; &lt;span class="code-object"&gt;char&lt;/span&gt;[][] PREPROCESS_MAP = &lt;span class="code-keyword"&gt;new&lt;/span&gt; &lt;span class="code-object"&gt;char&lt;/span&gt;[][]{{&lt;span class="code-quote"&gt;'\u00C4'&lt;/span&gt;, &lt;span class="code-quote"&gt;'A'&lt;/span&gt;}, &lt;span class="code-comment"&gt;// &#9500;&#226;&#212;&#199;&#215;
&lt;/span&gt;java/org/apache/commons/codec/language/ColognePhonetic.java:265        {&lt;span class="code-quote"&gt;'\u00DC'&lt;/span&gt;, &lt;span class="code-quote"&gt;'U'&lt;/span&gt;}, &lt;span class="code-comment"&gt;// &#9500;&#226;&#9532;&#244;
&lt;/span&gt;java/org/apache/commons/codec/language/ColognePhonetic.java:266        {&lt;span class="code-quote"&gt;'\u00D6'&lt;/span&gt;, &lt;span class="code-quote"&gt;'O'&lt;/span&gt;}, &lt;span class="code-comment"&gt;// &#9500;&#226;&#212;&#199;&#244;
&lt;/span&gt;java/org/apache/commons/codec/language/ColognePhonetic.java:267        {&lt;span class="code-quote"&gt;'\u00DF'&lt;/span&gt;, &lt;span class="code-quote"&gt;'S'&lt;/span&gt;} &lt;span class="code-comment"&gt;// &#9500;&#226;&#9532;&#169;
&lt;/span&gt;java/org/apache/commons/codec/language/ColognePhonetic.java:388     * Converts the string to upper &lt;span class="code-keyword"&gt;case&lt;/span&gt; and replaces germanic umlauts, and the &#9500;&#243;&#212;&#233;&#188;&#9532;&#244;&#9500;&#226;&#9532;&#169;&#9500;&#243;&#212;&#233;&#188;&#180;&#9488;&#162;.
test/org/apache/commons/codec/binary/Base64Test.java:96        &lt;span class="code-object"&gt;byte&lt;/span&gt;[] decode = b64.decode(&lt;span class="code-quote"&gt;"SGVsbG{&#180;&#9488;&#162;&#180;&#9488;&#162;&#180;&#9488;&#162;&#180;&#9488;&#162;&#180;&#9488;&#162;&#180;&#9488;&#162;}8gV29ybGQ="&lt;/span&gt;);
test/org/apache/commons/codec/language/ColognePhoneticTest.java:110            {&lt;span class="code-quote"&gt;"m&#9500;&#194;nchengladbach"&lt;/span&gt;, &lt;span class="code-quote"&gt;"664645214"&lt;/span&gt;},
test/org/apache/commons/codec/language/ColognePhoneticTest.java:130        &lt;span class="code-object"&gt;String&lt;/span&gt;[][] data = {{&lt;span class="code-quote"&gt;"bergisch-gladbach"&lt;/span&gt;, &lt;span class="code-quote"&gt;"174845214"&lt;/span&gt;}, {&lt;span class="code-quote"&gt;"M&#9500;&#9565;ller-L&#9500;&#9565;denscheidt"&lt;/span&gt;, &lt;span class="code-quote"&gt;"65752682"&lt;/span&gt;}};
test/org/apache/commons/codec/language/ColognePhoneticTest.java:137            {&lt;span class="code-quote"&gt;"Meyer"&lt;/span&gt;, &lt;span class="code-quote"&gt;"M&#9500;&#9565;ller"&lt;/span&gt;},
test/org/apache/commons/codec/language/ColognePhoneticTest.java:143            {&lt;span class="code-quote"&gt;"ganz"&lt;/span&gt;, &lt;span class="code-quote"&gt;"G&#9500;&#241;nse"&lt;/span&gt;},
test/org/apache/commons/codec/language/DoubleMetaphoneTest.java:1222        &lt;span class="code-keyword"&gt;this&lt;/span&gt;.getDoubleMetaphone().isDoubleMetaphoneEqual(&lt;span class="code-quote"&gt;"&#180;&#9488;&#162;"&lt;/span&gt;, &lt;span class="code-quote"&gt;"S"&lt;/span&gt;);
test/org/apache/commons/codec/language/DoubleMetaphoneTest.java:1227        &lt;span class="code-keyword"&gt;this&lt;/span&gt;.getDoubleMetaphone().isDoubleMetaphoneEqual(&lt;span class="code-quote"&gt;"&#180;&#9488;&#162;"&lt;/span&gt;, &lt;span class="code-quote"&gt;"N"&lt;/span&gt;);
test/org/apache/commons/codec/language/SoundexTest.java:367        &lt;span class="code-keyword"&gt;if&lt;/span&gt; (&lt;span class="code-object"&gt;Character&lt;/span&gt;.isLetter(&lt;span class="code-quote"&gt;'&#180;&#9488;&#162;'&lt;/span&gt;)) {
test/org/apache/commons/codec/language/SoundexTest.java:369                Assert.assertEquals(&lt;span class="code-quote"&gt;"&#180;&#9488;&#162;000"&lt;/span&gt;, &lt;span class="code-keyword"&gt;this&lt;/span&gt;.getSoundexEncoder().encode(&lt;span class="code-quote"&gt;"&#180;&#9488;&#162;"&lt;/span&gt;));
test/org/apache/commons/codec/language/SoundexTest.java:375            Assert.assertEquals(&lt;span class="code-quote"&gt;"", &lt;span class="code-keyword"&gt;this&lt;/span&gt;.getSoundexEncoder().encode("&lt;/span&gt;&#180;&#9488;&#162;"));
test/org/apache/commons/codec/language/SoundexTest.java:387        &lt;span class="code-keyword"&gt;if&lt;/span&gt; (&lt;span class="code-object"&gt;Character&lt;/span&gt;.isLetter(&lt;span class="code-quote"&gt;'&#180;&#9488;&#162;'&lt;/span&gt;)) {
test/org/apache/commons/codec/language/SoundexTest.java:389                Assert.assertEquals(&lt;span class="code-quote"&gt;"&#180;&#9488;&#162;000"&lt;/span&gt;, &lt;span class="code-keyword"&gt;this&lt;/span&gt;.getSoundexEncoder().encode(&lt;span class="code-quote"&gt;"&#180;&#9488;&#162;"&lt;/span&gt;));
test/org/apache/commons/codec/language/SoundexTest.java:395            Assert.assertEquals(&lt;span class="code-quote"&gt;"", &lt;span class="code-keyword"&gt;this&lt;/span&gt;.getSoundexEncoder().encode("&lt;/span&gt;&#180;&#9488;&#162;"));
test/org/apache/commons/codec/language/bm/BeiderMorseEncoderTest.java:93        &lt;span class="code-object"&gt;String&lt;/span&gt;[] names = { &lt;span class="code-quote"&gt;"&#9500;&#237;cz"&lt;/span&gt;, &lt;span class="code-quote"&gt;"&#9500;&#237;tz"&lt;/span&gt;, &lt;span class="code-quote"&gt;"Ign&#9500;&#237;cz"&lt;/span&gt;, &lt;span class="code-quote"&gt;"Ign&#9500;&#237;tz"&lt;/span&gt;, &lt;span class="code-quote"&gt;"Ign&#9500;&#237;c"&lt;/span&gt; };
test/org/apache/commons/codec/language/bm/LanguageGuessingTest.java:47                { &lt;span class="code-quote"&gt;"Nu&#9500;&#9618;ez"&lt;/span&gt;, &lt;span class="code-quote"&gt;"spanish"&lt;/span&gt;, EXACT },
test/org/apache/commons/codec/language/bm/LanguageGuessingTest.java:49                { &lt;span class="code-quote"&gt;"&#9472;&#238;apek"&lt;/span&gt;, &lt;span class="code-quote"&gt;"czech"&lt;/span&gt;, EXACT },
test/org/apache/commons/codec/language/bm/LanguageGuessingTest.java:52                { &lt;span class="code-quote"&gt;"K&#9500;&#9565;&#9500;&#186;&#9500;&#9565;k"&lt;/span&gt;, &lt;span class="code-quote"&gt;"turkish"&lt;/span&gt;, EXACT },
test/org/apache/commons/codec/language/bm/LanguageGuessingTest.java:55                { &lt;span class="code-quote"&gt;"Ceau&#9532;&#402;escu"&lt;/span&gt;, &lt;span class="code-quote"&gt;"romanian"&lt;/span&gt;, EXACT },
test/org/apache/commons/codec/language/bm/LanguageGuessingTest.java:57                { &lt;span class="code-quote"&gt;"&#9580;&#230;&#9580;&#9474;&#9580;&#9474;&#9580;&#193;&#9580;&#9559;&#164;&#238;&#164;&#199;&#9580;&#9488;&#164;&#224;&#9580;&#9559;&#9580;&#9488;&#164;&#233;"&lt;/span&gt;, &lt;span class="code-quote"&gt;"greek"&lt;/span&gt;, EXACT },
test/org/apache/commons/codec/language/bm/LanguageGuessingTest.java:58                { &lt;span class="code-quote"&gt;"&#240;&#402;&#208;&#226;&#208;&#234;&#240;&#9553;&#240;&#169;&#240;&#162;"&lt;/span&gt;, &lt;span class="code-quote"&gt;"cyrillic"&lt;/span&gt;, EXACT },
test/org/apache/commons/codec/language/bm/LanguageGuessingTest.java:59                { &lt;span class="code-quote"&gt;"&#206;&#248;&#206;&#246;&#206;&#402;"&lt;/span&gt;, &lt;span class="code-quote"&gt;"hebrew"&lt;/span&gt;, EXACT },
test/org/apache/commons/codec/language/bm/LanguageGuessingTest.java:60                { &lt;span class="code-quote"&gt;"&#9500;&#237;cz"&lt;/span&gt;, &lt;span class="code-quote"&gt;"any"&lt;/span&gt;, EXACT },
test/org/apache/commons/codec/language/bm/LanguageGuessingTest.java:61                { &lt;span class="code-quote"&gt;"&#9500;&#237;tz"&lt;/span&gt;, &lt;span class="code-quote"&gt;"any"&lt;/span&gt;, EXACT } });
&lt;/pre&gt;
&lt;/div&gt;&lt;/div&gt;

&lt;p&gt;Note the comment at ColognePhonetic.java:388 - this does not seem to make sense in any encoding, but I could be wrong.&lt;br/&gt;
&lt;span class="error"&gt;&amp;#91;You&amp;#39;ll need to look at it in the source file itself - the Perl script I used is crude and does not display non-ASCII properly&amp;#93;&lt;/span&gt;&lt;/p&gt;

&lt;p&gt;The other dubious entris are:&lt;/p&gt;

&lt;p&gt;Base64Test.java:96&lt;br/&gt;
DoubleMetaphoneTest.java:1222&lt;br/&gt;
DoubleMetaphoneTest.java:1227&lt;br/&gt;
and most of the SoundexTest.java entries.&lt;/p&gt;</comment>
                            <comment id="13084752" author="sebb@apache.org" created="Sun, 14 Aug 2011 00:36:39 +0000">&lt;p&gt;Just done a comparison of the various versions of ColognePhonetic.java in trunk.&lt;/p&gt;

&lt;p&gt;The corruption of the comments on PREPROCESS_MAP occurred between r1080701 and r1087901 (April 1st, ironically).&lt;/p&gt;

&lt;p&gt;This also corrupted other comments, and the string at line 382.&lt;br/&gt;
The SVN log message says "Annotate with @Override and @Deprecated" - were those added automatically perhaps?&lt;/p&gt;</comment>
                            <comment id="13084753" author="sebb@apache.org" created="Sun, 14 Aug 2011 00:52:41 +0000">&lt;p&gt;SoundexTest appears to have been corrupted in r1075426 =&amp;gt; r1080414.&lt;br/&gt;
Log comment says "Keep these files in UTF-8 encoding for proper Javadoc processing"&lt;br/&gt;
However, I suspect the file was originally in ISO-8859-1, not UTF-8.&lt;/p&gt;</comment>
                            <comment id="13084845" author="garydgregory" created="Sun, 14 Aug 2011 15:15:45 +0000">&lt;p&gt;Sebb: Thank you for your Javadoc fixes in trunk and branches/generics.&lt;/p&gt;</comment>
                            <comment id="13084847" author="garydgregory" created="Sun, 14 Aug 2011 15:25:19 +0000">&lt;p&gt;Fixed:&lt;/p&gt;
&lt;div class="code panel" style="border-width: 1px;"&gt;&lt;div class="codeContent panelContent"&gt;
&lt;pre class="code-java"&gt;java/org/apache/commons/codec/language/ColognePhonetic.java:264    &lt;span class="code-keyword"&gt;private&lt;/span&gt; &lt;span class="code-keyword"&gt;static&lt;/span&gt; &lt;span class="code-keyword"&gt;final&lt;/span&gt; &lt;span class="code-object"&gt;char&lt;/span&gt;[][] PREPROCESS_MAP = &lt;span class="code-keyword"&gt;new&lt;/span&gt; &lt;span class="code-object"&gt;char&lt;/span&gt;[][]{{&lt;span class="code-quote"&gt;'\u00C4'&lt;/span&gt;, &lt;span class="code-quote"&gt;'A'&lt;/span&gt;}, &lt;span class="code-comment"&gt;// &#9500;&#226;&#212;&#199;&#215;
&lt;/span&gt;java/org/apache/commons/codec/language/ColognePhonetic.java:265        {&lt;span class="code-quote"&gt;'\u00DC'&lt;/span&gt;, &lt;span class="code-quote"&gt;'U'&lt;/span&gt;}, &lt;span class="code-comment"&gt;// &#9500;&#226;&#9532;&#244;
&lt;/span&gt;java/org/apache/commons/codec/language/ColognePhonetic.java:266        {&lt;span class="code-quote"&gt;'\u00D6'&lt;/span&gt;, &lt;span class="code-quote"&gt;'O'&lt;/span&gt;}, &lt;span class="code-comment"&gt;// &#9500;&#226;&#212;&#199;&#244;
&lt;/span&gt;java/org/apache/commons/codec/language/ColognePhonetic.java:267        {&lt;span class="code-quote"&gt;'\u00DF'&lt;/span&gt;, &lt;span class="code-quote"&gt;'S'&lt;/span&gt;} &lt;span class="code-comment"&gt;// &#9500;&#226;&#9532;&#169;&lt;/span&gt;
&lt;/pre&gt;
&lt;/div&gt;&lt;/div&gt;</comment>
                            <comment id="13084849" author="garydgregory" created="Sun, 14 Aug 2011 15:34:44 +0000">&lt;p&gt;Fixed:&lt;/p&gt;
&lt;div class="code panel" style="border-width: 1px;"&gt;&lt;div class="codeContent panelContent"&gt;
&lt;pre class="code-java"&gt;java/org/apache/commons/codec/language/ColognePhonetic.java:388     * Converts the string to upper &lt;span class="code-keyword"&gt;case&lt;/span&gt; and replaces germanic umlauts, and the &#9500;&#243;&#212;&#233;&#188;&#9532;&#244;&#9500;&#226;&#9532;&#169;&#9500;&#243;&#212;&#233;&#188;&#180;&#9488;&#162;.
&lt;/pre&gt;
&lt;/div&gt;&lt;/div&gt;</comment>
                            <comment id="13084850" author="garydgregory" created="Sun, 14 Aug 2011 15:36:52 +0000">&lt;p&gt;Sebb: "The SVN log message says "Annotate with @Override and @Deprecated" - were those added automatically perhaps?"&lt;/p&gt;

&lt;p&gt;Yes, more thank likely, using Eclipse.&lt;/p&gt;</comment>
                            <comment id="13085110" author="sebb@apache.org" created="Mon, 15 Aug 2011 14:54:38 +0000">&lt;p&gt;I now get:&lt;/p&gt;

&lt;div class="code panel" style="border-width: 1px;"&gt;&lt;div class="codeContent panelContent"&gt;
&lt;pre class="code-java"&gt;commons-codec-generics/src/test/org/apache/commons/codec/language/ColognePhoneticTest.java:110      {&lt;span class="code-quote"&gt;"m&#9500;&#194;nchengladbach"&lt;/span&gt;, &lt;span class="code-quote"&gt;"664645214"&lt;/span&gt;},
commons-codec-generics/src/test/org/apache/commons/codec/language/ColognePhoneticTest.java:130      &lt;span class="code-object"&gt;String&lt;/span&gt;[][] data = {{&lt;span class="code-quote"&gt;"bergisch-gladbach"&lt;/span&gt;, &lt;span class="code-quote"&gt;"174845214"&lt;/span&gt;}, {&lt;span class="code-quote"&gt;"M&#9500;&#9565;ller-L&#9500;&#9565;denscheidt"&lt;/span&gt;, &lt;span class="code-quote"&gt;"65752682"&lt;/span&gt;}};
commons-codec-generics/src/test/org/apache/commons/codec/language/ColognePhoneticTest.java:137             {&lt;span class="code-quote"&gt;"Meyer"&lt;/span&gt;, &lt;span class="code-quote"&gt;"M&#9500;&#9565;ller"&lt;/span&gt;},
commons-codec-generics/src/test/org/apache/commons/codec/language/ColognePhoneticTest.java:143             {&lt;span class="code-quote"&gt;"ganz"&lt;/span&gt;, &lt;span class="code-quote"&gt;"G&#9500;&#241;nse"&lt;/span&gt;},
commons-codec-generics/src/test/org/apache/commons/codec/language/DoubleMetaphoneTest.java:1222     &lt;span class="code-keyword"&gt;this&lt;/span&gt;.getDoubleMetaphone().isDoubleMetaphoneEqual(&lt;span class="code-quote"&gt;"&#180;&#9488;&#162;"&lt;/span&gt;, &lt;span class="code-quote"&gt;"S"&lt;/span&gt;);
commons-codec-generics/src/test/org/apache/commons/codec/language/DoubleMetaphoneTest.java:1227     &lt;span class="code-keyword"&gt;this&lt;/span&gt;.getDoubleMetaphone().isDoubleMetaphoneEqual(&lt;span class="code-quote"&gt;"&#180;&#9488;&#162;"&lt;/span&gt;, &lt;span class="code-quote"&gt;"N"&lt;/span&gt;);
commons-codec-generics/src/test/org/apache/commons/codec/language/bm/BeiderMorseEncoderTest.java:93 &lt;span class="code-object"&gt;String&lt;/span&gt;[] names = { &lt;span class="code-quote"&gt;"&#9500;&#237;cz"&lt;/span&gt;, &lt;span class="code-quote"&gt;"&#9500;&#237;tz"&lt;/span&gt;, &lt;span class="code-quote"&gt;"Ign&#9500;&#237;cz"&lt;/span&gt;, &lt;span class="code-quote"&gt;"Ign&#9500;&#237;tz"&lt;/span&gt;, &lt;span class="code-quote"&gt;"Ign&#9500;&#237;c"&lt;/span&gt; };
commons-codec-generics/src/test/org/apache/commons/codec/language/bm/LanguageGuessingTest.java:47           { &lt;span class="code-quote"&gt;"Nu&#9500;&#9618;ez"&lt;/span&gt;, &lt;span class="code-quote"&gt;"spanish"&lt;/span&gt;, EXACT },
commons-codec-generics/src/test/org/apache/commons/codec/language/bm/LanguageGuessingTest.java:49           { &lt;span class="code-quote"&gt;"&#9472;&#238;apek"&lt;/span&gt;, &lt;span class="code-quote"&gt;"czech"&lt;/span&gt;, EXACT },
commons-codec-generics/src/test/org/apache/commons/codec/language/bm/LanguageGuessingTest.java:52           { &lt;span class="code-quote"&gt;"K&#9500;&#9565;&#9500;&#186;&#9500;&#9565;k"&lt;/span&gt;, &lt;span class="code-quote"&gt;"turkish"&lt;/span&gt;, EXACT },
commons-codec-generics/src/test/org/apache/commons/codec/language/bm/LanguageGuessingTest.java:55           { &lt;span class="code-quote"&gt;"Ceau&#9532;&#402;escu"&lt;/span&gt;, &lt;span class="code-quote"&gt;"romanian"&lt;/span&gt;, EXACT },
commons-codec-generics/src/test/org/apache/commons/codec/language/bm/LanguageGuessingTest.java:57           { &lt;span class="code-quote"&gt;"&#9580;&#230;&#9580;&#9474;&#9580;&#9474;&#9580;&#193;&#9580;&#9559;&#164;&#238;&#164;&#199;&#9580;&#9488;&#164;&#224;&#9580;&#9559;&#9580;&#9488;&#164;&#233;"&lt;/span&gt;, &lt;span class="code-quote"&gt;"greek"&lt;/span&gt;, EXACT },
commons-codec-generics/src/test/org/apache/commons/codec/language/bm/LanguageGuessingTest.java:58           { &lt;span class="code-quote"&gt;"&#240;&#402;&#208;&#226;&#208;&#234;&#240;&#9553;&#240;&#169;&#240;&#162;"&lt;/span&gt;, &lt;span class="code-quote"&gt;"cyrillic"&lt;/span&gt;, EXACT },
commons-codec-generics/src/test/org/apache/commons/codec/language/bm/LanguageGuessingTest.java:59           { &lt;span class="code-quote"&gt;"&#206;&#248;&#206;&#246;&#206;&#402;"&lt;/span&gt;, &lt;span class="code-quote"&gt;"hebrew"&lt;/span&gt;, EXACT },
commons-codec-generics/src/test/org/apache/commons/codec/language/bm/LanguageGuessingTest.java:60           { &lt;span class="code-quote"&gt;"&#9500;&#237;cz"&lt;/span&gt;, &lt;span class="code-quote"&gt;"any"&lt;/span&gt;, EXACT },
commons-codec-generics/src/test/org/apache/commons/codec/language/bm/LanguageGuessingTest.java:61           { &lt;span class="code-quote"&gt;"&#9500;&#237;tz"&lt;/span&gt;, &lt;span class="code-quote"&gt;"any"&lt;/span&gt;, EXACT } });
&lt;/pre&gt;
&lt;/div&gt;&lt;/div&gt;

&lt;p&gt;and&lt;/p&gt;

&lt;div class="code panel" style="border-width: 1px;"&gt;&lt;div class="codeContent panelContent"&gt;
&lt;pre class="code-java"&gt;commons-codec/src/test/org/apache/commons/codec/language/ColognePhoneticTest.java:110         {&lt;span class="code-quote"&gt;"m&#9500;&#194;nchengladbach"&lt;/span&gt;, &lt;span class="code-quote"&gt;"664645214"&lt;/span&gt;},
commons-codec/src/test/org/apache/commons/codec/language/ColognePhoneticTest.java:130       &lt;span class="code-object"&gt;String&lt;/span&gt;[][] data = {{&lt;span class="code-quote"&gt;"bergisch-gladbach"&lt;/span&gt;, &lt;span class="code-quote"&gt;"174845214"&lt;/span&gt;}, {&lt;span class="code-quote"&gt;"M&#9500;&#9565;ller-L&#9500;&#9565;denscheidt"&lt;/span&gt;, &lt;span class="code-quote"&gt;"65752682"&lt;/span&gt;}};
commons-codec/src/test/org/apache/commons/codec/language/ColognePhoneticTest.java:137          {&lt;span class="code-quote"&gt;"Meyer"&lt;/span&gt;, &lt;span class="code-quote"&gt;"M&#9500;&#9565;ller"&lt;/span&gt;},
commons-codec/src/test/org/apache/commons/codec/language/ColognePhoneticTest.java:143          {&lt;span class="code-quote"&gt;"ganz"&lt;/span&gt;, &lt;span class="code-quote"&gt;"G&#9500;&#241;nse"&lt;/span&gt;},
commons-codec/src/test/org/apache/commons/codec/language/DoubleMetaphoneTest.java:1227      &lt;span class="code-keyword"&gt;this&lt;/span&gt;.getDoubleMetaphone().isDoubleMetaphoneEqual(&lt;span class="code-quote"&gt;"&#180;&#9488;&#162;"&lt;/span&gt;, &lt;span class="code-quote"&gt;"S"&lt;/span&gt;);
commons-codec/src/test/org/apache/commons/codec/language/DoubleMetaphoneTest.java:1232      &lt;span class="code-keyword"&gt;this&lt;/span&gt;.getDoubleMetaphone().isDoubleMetaphoneEqual(&lt;span class="code-quote"&gt;"&#180;&#9488;&#162;"&lt;/span&gt;, &lt;span class="code-quote"&gt;"N"&lt;/span&gt;);
commons-codec/src/test/org/apache/commons/codec/language/bm/BeiderMorseEncoderTest.java:93  &lt;span class="code-object"&gt;String&lt;/span&gt;[] names = { &lt;span class="code-quote"&gt;"&#9500;&#237;cz"&lt;/span&gt;, &lt;span class="code-quote"&gt;"&#9500;&#237;tz"&lt;/span&gt;, &lt;span class="code-quote"&gt;"Ign&#9500;&#237;cz"&lt;/span&gt;, &lt;span class="code-quote"&gt;"Ign&#9500;&#237;tz"&lt;/span&gt;, &lt;span class="code-quote"&gt;"Ign&#9500;&#237;c"&lt;/span&gt; };
commons-codec/src/test/org/apache/commons/codec/language/bm/LanguageGuessingTest.java:47           { &lt;span class="code-quote"&gt;"Nu&#9500;&#9618;ez"&lt;/span&gt;, &lt;span class="code-quote"&gt;"spanish"&lt;/span&gt;, EXACT },
commons-codec/src/test/org/apache/commons/codec/language/bm/LanguageGuessingTest.java:49           { &lt;span class="code-quote"&gt;"&#9472;&#238;apek"&lt;/span&gt;, &lt;span class="code-quote"&gt;"czech"&lt;/span&gt;, EXACT },
commons-codec/src/test/org/apache/commons/codec/language/bm/LanguageGuessingTest.java:52           { &lt;span class="code-quote"&gt;"K&#9500;&#9565;&#9500;&#186;&#9500;&#9565;k"&lt;/span&gt;, &lt;span class="code-quote"&gt;"turkish"&lt;/span&gt;, EXACT },
commons-codec/src/test/org/apache/commons/codec/language/bm/LanguageGuessingTest.java:55           { &lt;span class="code-quote"&gt;"Ceau&#9532;&#402;escu"&lt;/span&gt;, &lt;span class="code-quote"&gt;"romanian"&lt;/span&gt;, EXACT },
commons-codec/src/test/org/apache/commons/codec/language/bm/LanguageGuessingTest.java:57           { &lt;span class="code-quote"&gt;"&#9580;&#230;&#9580;&#9474;&#9580;&#9474;&#9580;&#193;&#9580;&#9559;&#164;&#238;&#164;&#199;&#9580;&#9488;&#164;&#224;&#9580;&#9559;&#9580;&#9488;&#164;&#233;"&lt;/span&gt;, &lt;span class="code-quote"&gt;"greek"&lt;/span&gt;, EXACT },
commons-codec/src/test/org/apache/commons/codec/language/bm/LanguageGuessingTest.java:58           { &lt;span class="code-quote"&gt;"&#240;&#402;&#208;&#226;&#208;&#234;&#240;&#9553;&#240;&#169;&#240;&#162;"&lt;/span&gt;, &lt;span class="code-quote"&gt;"cyrillic"&lt;/span&gt;, EXACT },
commons-codec/src/test/org/apache/commons/codec/language/bm/LanguageGuessingTest.java:59           { &lt;span class="code-quote"&gt;"&#206;&#248;&#206;&#246;&#206;&#402;"&lt;/span&gt;, &lt;span class="code-quote"&gt;"hebrew"&lt;/span&gt;, EXACT },
commons-codec/src/test/org/apache/commons/codec/language/bm/LanguageGuessingTest.java:60           { &lt;span class="code-quote"&gt;"&#9500;&#237;cz"&lt;/span&gt;, &lt;span class="code-quote"&gt;"any"&lt;/span&gt;, EXACT },
commons-codec/src/test/org/apache/commons/codec/language/bm/LanguageGuessingTest.java:61           { &lt;span class="code-quote"&gt;"&#9500;&#237;tz"&lt;/span&gt;, &lt;span class="code-quote"&gt;"any"&lt;/span&gt;, EXACT } });
&lt;/pre&gt;
&lt;/div&gt;&lt;/div&gt;

&lt;p&gt;This was using an updated version of the script that uses File::Find to process directory traversal better.&lt;br/&gt;
(Some lines shortened above by manually removing leading spaces)&lt;/p&gt;

&lt;p&gt;I think all the actual errors have now been fixed.&lt;/p&gt;

&lt;p&gt;The remaining lines contain some non-ASCII characters which could be replaced by Unicode escapes for better portability.&lt;br/&gt;
However, that would make it harder to read the code in some cases.&lt;br/&gt;
So I'm thinking of using Unicode escapes in the Strings, but adding the original as an end-of-line comment.&lt;br/&gt;
The comments might still get mangled, but at least the code would not, and it would be easy to reconstruct the comments from the Unicode.&lt;/p&gt;

&lt;p&gt;WDYT?&lt;/p&gt;</comment>
                            <comment id="13085115" author="garydgregory" created="Mon, 15 Aug 2011 15:11:15 +0000">&lt;p&gt;That sounds good. Today, the code is not editable/maintainable.&lt;/p&gt;

&lt;p&gt;There does not seem to be anything I can do in Eclipse to fix this just for viewing the chars correctly.&lt;/p&gt;

&lt;p&gt;If the comments are left mangled, then they are not maintainable. If you change the code, then the comment should match. So I would not leave the comments mangled.&lt;/p&gt;</comment>
                            <comment id="13085128" author="sebb@apache.org" created="Mon, 15 Aug 2011 15:36:59 +0000">&lt;p&gt;If you change Eclipse to set the container / resource / text file encoding to UTF-8 (since that is what the POM says) the files should display correctly assuming they really are UTF-8.&lt;/p&gt;</comment>
                            <comment id="13085134" author="garydgregory" created="Mon, 15 Aug 2011 15:49:58 +0000">&lt;p&gt;All better with the test source folder set to UTF-8, which I thought I had done, but obviously not.&lt;/p&gt;

&lt;p&gt;I am now a lot less worried about maintenance because the files are editable given the right editor settings. I am inclined to leave things as is.&lt;/p&gt;

&lt;p&gt;Perhaps each file need a prominent Javadoc about using UTF-8 in editors.&lt;/p&gt;</comment>
                            <comment id="13085135" author="sebb@apache.org" created="Mon, 15 Aug 2011 15:50:04 +0000">&lt;p&gt;See my fix to ColognePhoneticTest in trunk.&lt;/p&gt;

&lt;p&gt;That now shows native comments for all unicode escapes.&lt;/p&gt;

&lt;p&gt;Two of the otherwise lowercase names were previously converted to the Unicode for upper case umlauts; I wonder if that was a mistake?&lt;/p&gt;</comment>
                            <comment id="13085139" author="garydgregory" created="Mon, 15 Aug 2011 16:03:27 +0000">&lt;p&gt;WRT:&lt;/p&gt;
&lt;div class="preformatted panel" style="border-width: 1px;"&gt;&lt;div class="preformattedContent panelContent"&gt;
&lt;pre&gt;Author: sebb
Date: Mon Aug 15 15:47:42 2011
New Revision: 1157892

URL: http://svn.apache.org/viewvc?rev=1157892&amp;amp;view=rev
Log:
CODEC-127 Convert to use Unicode in strings, but add comments in native encoding (utf-8)
&lt;/pre&gt;
&lt;/div&gt;&lt;/div&gt;

&lt;p&gt;I am having second thoughts here. If you cannot edit UTF-8, you cannot edit and maintain the files because if you change the Unicode escape in the code, you must change the comment to match. So now, I am favoring leaving the code as it was before...&lt;/p&gt;

&lt;p&gt;Thoughts?&lt;/p&gt;</comment>
                            <comment id="13085149" author="sebb@apache.org" created="Mon, 15 Aug 2011 16:36:41 +0000">&lt;p&gt;It's not that one cannot edit UTF-8; the problem is that it is easy to mangle non-ASCII characters by mistake.&lt;/p&gt;

&lt;p&gt;The safest is to only use ASCII, i.e. Unicode escapes, which are valid in both UTF-8 and ISO-8859-1 and all likely default encodings.&lt;/p&gt;

&lt;p&gt;However, they are difficult to read, hence the comments on the lines.&lt;br/&gt;
If the comments get mangled, it will be obvious, because they won't look right; and it's relatively easy to fix them from the Unicode.&lt;/p&gt;

&lt;p&gt;I don't think it's an option to use native characters in the non-comment code, because we already know they can get corrupted, and the corruption won't necessarily cause errors.&lt;/p&gt;

&lt;p&gt;I don't see the harm in "translating" the code into commments; after all the translation can be done again.&lt;/p&gt;</comment>
                            <comment id="13085153" author="garydgregory" created="Mon, 15 Aug 2011 16:38:57 +0000">&lt;p&gt;Roger that. I'm sold then.&lt;/p&gt;</comment>
                            <comment id="13085242" author="sebb@apache.org" created="Mon, 15 Aug 2011 18:22:43 +0000">&lt;p&gt;Actually, DoubleMetaphoneTest is still corrupt; fixing now.&lt;/p&gt;</comment>
                            <comment id="13085301" author="sebb@apache.org" created="Mon, 15 Aug 2011 20:16:03 +0000">&lt;p&gt;I think all the files are now fixed so that the code uses Unicode escapes; the only non-ASCII characters are now in comments.&lt;/p&gt;</comment>
                            <comment id="13085883" author="juliusdavies" created="Tue, 16 Aug 2011 18:17:50 +0000">&lt;p&gt;For the Base64 test, I just wanted a test with some characters outside the lower ascii 128.  We could do that by casting a char from an int instead if you prefer!  (e.g.   char c = (char) 129).   I don't really care what characters they are.&lt;/p&gt;</comment>
                            <comment id="13085928" author="garydgregory" created="Tue, 16 Aug 2011 19:54:14 +0000">&lt;p&gt;So Base64Test is done right?&lt;/p&gt;</comment>
                            <comment id="13085997" author="sebb@apache.org" created="Tue, 16 Aug 2011 21:42:50 +0000">&lt;p&gt;I think Base64Test is OK - I looked back at the original commits, and found an uncorrupted version.&lt;/p&gt;

&lt;p&gt;By the way, it was only Test files that needed fixing, apart from ColognePhonetic, where the fixes were only needed in comments anyway.&lt;/p&gt;</comment>
                            <comment id="13086000" author="garydgregory" created="Tue, 16 Aug 2011 21:45:10 +0000">&lt;p&gt;I'll leave it up to you to click 'Resolve' for this ticket then &lt;img class="emoticon" src="https://issues.apache.org/jira/images/icons/emoticons/smile.png" height="16" width="16" align="absmiddle" alt="" border="0"/&gt;&lt;/p&gt;</comment>
                            <comment id="13086433" author="sebb@apache.org" created="Wed, 17 Aug 2011 16:32:00 +0000">&lt;p&gt;Fixes applied to trunk and generics branch&lt;/p&gt;</comment>
                    </comments>
                    <attachments>
                    </attachments>
                <subtasks>
                    </subtasks>
                <customfields>
                                                                                                                                                                                                                                                                                                                                                                                                                                                                                                                                                                                                                                                                                                                    <customfield id="customfield_12314020" key="com.atlassian.jira.plugins.jira-development-integration-plugin:devsummary">
                        <customfieldname>Development</customfieldname>
                        <customfieldvalues>
                            
                        </customfieldvalues>
                    </customfield>
                                                                                                                        <customfield id="customfield_12313422" key="com.atlassian.jirafisheyeplugin:jobcheckbox">
                        <customfieldname>Enable Automatic Patch Review</customfieldname>
                        <customfieldvalues>
                            <customfieldvalue>false</customfieldvalue>

                        </customfieldvalues>
                    </customfield>
                                                                                                                                                                                                                                                                                                                                                                                                                                                                                                                                                                                                                                                <customfield id="customfield_12310420" key="com.pyxis.greenhopper.jira:gh-global-rank">
                        <customfieldname>Global Rank</customfieldname>
                        <customfieldvalues>
                            <customfieldvalue>63848</customfieldvalue>
                        </customfieldvalues>
                    </customfield>
                                                                                                                                                                                                                                                                                                                                                                                                                                                                        <customfield id="customfield_12311820" key="com.pyxis.greenhopper.jira:gh-lexo-rank">
                        <customfieldname>Rank</customfieldname>
                        <customfieldvalues>
                            <customfieldvalue>0|i0s9kf:</customfieldvalue>

                        </customfieldvalues>
                    </customfield>
                                                                <customfield id="customfield_12310920" key="com.pyxis.greenhopper.jira:gh-global-rank">
                        <customfieldname>Rank (Obsolete)</customfieldname>
                        <customfieldvalues>
                            <customfieldvalue>163026</customfieldvalue>
                        </customfieldvalues>
                    </customfield>
                                                                                                                                                                                                                                                                                                                                                                                                                                                                                                                                                                                                                                                                                                                                                                                            </customfields>
    </item>


</channel>
</rss>