<rss version="0.92">
    <channel>
        <title>ASF JIRA</title>
        <link>https://issues.apache.org/jira/issues/?jql=project+%3D+CODEC+and+type+%3D+bug+and+%28status+%3D+RESOLVED+or+status+%3D+closed%29</link>
        <description>An XML representation of a search request</description>
                <language>en-uk</language>
                        <issue start="0" end="135" total="135" />
                <build-info>
            <version>8.20.1</version>
            <build-number>820001</build-number>
            <build-date>28-10-2021</build-date>
        </build-info>

<item>
            <title>[CODEC-9] [Codec][PATCH] Inconsistent use of the word 'encodning' in the URLCodec API</title>
                <link>https://issues.apache.org/jira/browse/CODEC-9</link>
                <project id="12310464" key="CODEC">Commons Codec</project>
                    <description>&lt;p&gt;This patch deprecates URLCodec#getEncoding method and replaces it with&lt;br/&gt;
URLCodec#getCharSet method, because the term encoding is used in RFC1522 to&lt;br/&gt;
refer to the encoding/decoding algorithm, whereas charset is used to refer to&lt;br/&gt;
the character set associated with the unencoded text. &lt;/p&gt;

&lt;p&gt;Let me know if you agree/disagree&lt;/p&gt;

&lt;p&gt;Oleg&lt;/p&gt;</description>
                <environment>&lt;p&gt;Operating System: other&lt;br/&gt;
Platform: Other&lt;/p&gt;</environment>
        <key id="12341353">CODEC-9</key>
            <summary>[Codec][PATCH] Inconsistent use of the word 'encodning' in the URLCodec API</summary>
                <type id="1" iconUrl="https://issues.apache.org/jira/secure/viewavatar?size=xsmall&amp;avatarId=21133&amp;avatarType=issuetype">Bug</type>
                                            <priority id="4" iconUrl="https://issues.apache.org/jira/images/icons/priorities/minor.svg">Minor</priority>
                        <status id="6" iconUrl="https://issues.apache.org/jira/images/icons/statuses/closed.png" description="The issue is considered finished, the resolution is correct. Issues which are not closed can be reopened.">Closed</status>
                    <statusCategory id="3" key="done" colorName="green" />
                                    <resolution id="1">Fixed</resolution>
                                        <assignee username="-1">Unassigned</assignee>
                                    <reporter username="olegk">Oleg Kalnichevski</reporter>
                        <labels>
                    </labels>
                <created>Fri, 19 Mar 2004 06:11:34 +0000</created>
                <updated>Sat, 27 Oct 2007 06:49:24 +0000</updated>
                            <resolved>Sat, 27 Oct 2007 06:49:24 +0000</resolved>
                                    <version>1.2</version>
                                    <fixVersion>1.3</fixVersion>
                                        <due />
                            <votes>0</votes>
                                    <watches>0</watches>
                                                                <comments>
                            <comment id="12406308" author="olegk" created="Fri, 19 Mar 2004 06:12:21 +0000">&lt;p&gt;Created an attachment (id=10861)&lt;br/&gt;
Patch (take 1)&lt;/p&gt;</comment>
                            <comment id="12406309" author="ggregory@seagullsw.com" created="Sun, 21 Mar 2004 10:00:55 +0000">&lt;p&gt;Since no one is making negative noise and this seems quite reasonable, patch&lt;br/&gt;
applied, thank you.&lt;/p&gt;</comment>
                    </comments>
                    <attachments>
                            <attachment id="12332828" name="ASF.LICENSE.NOT.GRANTED--urlcodec.patch" size="5929" author="olegk" created="Fri, 19 Mar 2004 06:12:21 +0000" />
                    </attachments>
                <subtasks>
                    </subtasks>
                <customfields>
                                                                                                                                                                                                                                                                                                                                                                                                                                                                                                                                                                                                    <customfield id="customfield_10010" key="com.atlassian.jira.plugin.system.customfieldtypes:importid">
                        <customfieldname>Bugzilla Id</customfieldname>
                        <customfieldvalues>
                            <customfieldvalue>27788</customfieldvalue>
                        </customfieldvalues>
                    </customfield>
                                                                                                                                                    <customfield id="customfield_12314020" key="com.atlassian.jira.plugins.jira-development-integration-plugin:devsummary">
                        <customfieldname>Development</customfieldname>
                        <customfieldvalues>
                            
                        </customfieldvalues>
                    </customfield>
                                                                                                                        <customfield id="customfield_12313422" key="com.atlassian.jirafisheyeplugin:jobcheckbox">
                        <customfieldname>Enable Automatic Patch Review</customfieldname>
                        <customfieldvalues>
                            <customfieldvalue>false</customfieldvalue>

                        </customfieldvalues>
                    </customfield>
                                                                                                                                                                                                                                                                                                                                                                                                                                                                                                                                                                                                                                                <customfield id="customfield_12310420" key="com.pyxis.greenhopper.jira:gh-global-rank">
                        <customfieldname>Global Rank</customfieldname>
                        <customfieldvalues>
                            <customfieldvalue>40233</customfieldvalue>
                        </customfieldvalues>
                    </customfield>
                                                                                                                                                                                                                                                                                                                                                                                                                                                                        <customfield id="customfield_12311820" key="com.pyxis.greenhopper.jira:gh-lexo-rank">
                        <customfieldname>Rank</customfieldname>
                        <customfieldvalues>
                            <customfieldvalue>0|i0epdr:</customfieldvalue>

                        </customfieldvalues>
                    </customfield>
                                                                <customfield id="customfield_12310920" key="com.pyxis.greenhopper.jira:gh-global-rank">
                        <customfieldname>Rank (Obsolete)</customfieldname>
                        <customfieldvalues>
                            <customfieldvalue>83874</customfieldvalue>
                        </customfieldvalues>
                    </customfield>
                                                                                                                                                                                                                                                                                                                                                                                                                                                                                                                                                                                                                                                                                                                                                                                                                                                    </customfields>
    </item>


</channel>
</rss>