<!-- 
RSS generated by JIRA (6.3.4#6332-sha1:51bc225ef474afe3128b2f66878477f322397b16) at Thu Dec 01 19:08:06 UTC 2016

It is possible to restrict the fields that are returned in this document by specifying the 'field' parameter in your request.
For example, to request only the issue key and summary add field=key&field=summary to the URL of your request.
For example:
https://issues.apache.org/jira/si/jira.issueviews:issue-xml/CODEC-147/CODEC-147.xml?field=key&amp;field=summary
-->
<rss version="0.92" >
<channel>
    <title>ASF JIRA</title>
    <link>https://issues.apache.org/jira</link>
    <description>This file is an XML representation of an issue</description>
    <language>en-uk</language>    <build-info>
        <version>6.3.4</version>
        <build-number>6332</build-number>
        <build-date>15-08-2014</build-date>
    </build-info>

<item>
            <title>[CODEC-147] BeiderMorse phonetic filter give uncertain results </title>
                <link>https://issues.apache.org/jira/browse/CODEC-147</link>
                <project id="12310464" key="CODEC">Commons Codec</project>
                    <description>&lt;p&gt;Hi,&lt;/p&gt;

&lt;p&gt;I use the new Beider-Morse encoder and I came across the following issue:&lt;br/&gt;
Consecutive encodings with the identical parameters returns different results.&lt;/p&gt;

&lt;p&gt;I don&apos;t know if I am doing something wrong.&lt;/p&gt;

&lt;p&gt;Here is a small application to reproduce the issue:&lt;/p&gt;

&lt;p&gt;	public static void main(String[] args) &lt;/p&gt;
{
		PhoneticEngine encoder = new PhoneticEngine(NameType.GENERIC,
				RuleType.APPROX, true);
		for (int i = 0; i &amp;lt; 10; i++)
			System.out.println(encoder.encode(&quot;test&quot;));
	}

&lt;p&gt;Here are the results:&lt;/p&gt;

&lt;p&gt;ti|tis|tist|tit&lt;br/&gt;
ti|tis|tist|tit&lt;br/&gt;
tist&lt;br/&gt;
ti|tis|tist|tit&lt;br/&gt;
ti|tis|tist|tit&lt;br/&gt;
tist&lt;br/&gt;
ti|tis|tist|tit&lt;br/&gt;
tist&lt;br/&gt;
ti|tis|tist|tit&lt;br/&gt;
tist&lt;/p&gt;

&lt;p&gt;Thank you for your help.&lt;/p&gt;</description>
                <environment>&lt;p&gt;Java(TM) SE Runtime Environment (build 1.6.0_33-b03-424-11M3720)&lt;/p&gt;</environment>
        <key id="12603951">CODEC-147</key>
            <summary>BeiderMorse phonetic filter give uncertain results </summary>
                <type id="1" iconUrl="https://issues.apache.org/jira/images/icons/issuetypes/bug.png">Bug</type>
                                            <priority id="3" iconUrl="https://issues.apache.org/jira/images/icons/priorities/major.png">Major</priority>
                        <status id="6" iconUrl="https://issues.apache.org/jira/images/icons/statuses/closed.png" description="The issue is considered finished, the resolution is correct. Issues which are closed can be reopened.">Closed</status>
                    <statusCategory id="3" key="done" colorName="green"/>
                                    <resolution id="1">Fixed</resolution>
                                        <assignee username="-1">Unassigned</assignee>
                                    <reporter username="ekeller">Emmanuel Keller</reporter>
                        <labels>
                    </labels>
                <created>Sat, 18 Aug 2012 10:56:22 +0000</created>
                <updated>Fri, 14 Sep 2012 20:20:09 +0000</updated>
                            <resolved>Mon, 20 Aug 2012 19:41:15 +0000</resolved>
                                    <version>1.6</version>
                                    <fixVersion>1.7</fixVersion>
                                        <due></due>
                            <votes>0</votes>
                                    <watches>3</watches>
                                                                <comments>
                            <comment id="13437293" author="tn" created="Sat, 18 Aug 2012 11:44:19 +0000"  >&lt;p&gt;Hi,&lt;/p&gt;

&lt;p&gt;have you tested the latest trunk version? A fix was applied to make the encoder deterministic and also behave better in case of rubbish input (could lead to OOM situations before).&lt;/p&gt;

&lt;p&gt;Thomas&lt;/p&gt;</comment>
                            <comment id="13437550" author="ekeller" created="Sun, 19 Aug 2012 17:26:10 +0000"  >&lt;p&gt;Hi Thomas,&lt;/p&gt;

&lt;p&gt;That&apos;s true, it has been fixed in the trunk version.&lt;/p&gt;

&lt;p&gt;Regards,&lt;br/&gt;
Emmanuel&lt;/p&gt;</comment>
                            <comment id="13438121" author="tn" created="Mon, 20 Aug 2012 19:41:15 +0000"  >&lt;p&gt;Already fixed as part of &lt;a href=&quot;https://issues.apache.org/jira/browse/CODEC-132&quot; title=&quot;BeiderMorseEncoder OOM issues&quot; class=&quot;issue-link&quot; data-issue-key=&quot;CODEC-132&quot;&gt;&lt;del&gt;CODEC-132&lt;/del&gt;&lt;/a&gt;&lt;/p&gt;</comment>
                            <comment id="13456095" author="garydgregory" created="Fri, 14 Sep 2012 20:20:09 +0000"  >&lt;p&gt;Released in 1.7 today.&lt;/p&gt;</comment>
                    </comments>
                    <attachments>
                    </attachments>
                <subtasks>
                    </subtasks>
                <customfields>
                                                <customfield id="customfield_12310310" key="com.atlassian.jira.toolkit:attachments">
                        <customfieldname>Attachment count</customfieldname>
                        <customfieldvalues>
                            <customfieldvalue>0.0</customfieldvalue>
                        </customfieldvalues>
                    </customfield>
                                                                                                                                                                                                                                                                                                                                                                                                                                                                                                                                <customfield id="customfield_12310220" key="com.atlassian.jira.ext.charting:firstresponsedate">
                        <customfieldname>Date of First Response</customfieldname>
                        <customfieldvalues>
                            <customfieldvalue>Sat, 18 Aug 2012 11:44:19 +0000</customfieldvalue>

                        </customfieldvalues>
                    </customfield>
                                                                                                                                                                                                                                                                                                                                                                                                                                            <customfield id="customfield_12310420" key="com.pyxis.greenhopper.jira:gh-global-rank">
                        <customfieldname>Global Rank</customfieldname>
                        <customfieldvalues>
                            <customfieldvalue>244872</customfieldvalue>
                        </customfieldvalues>
                    </customfield>
                                                                                                                        <customfield id="customfield_12312521" key="com.atlassian.jira.toolkit:LastCommentDate">
                        <customfieldname>Last public comment date</customfieldname>
                        <customfieldvalues>
                            4 years, 11 weeks, 5 days ago
                        </customfieldvalues>
                    </customfield>
                                                                                            <customfield id="customfield_12311820" key="com.pyxis.greenhopper.jira:gh-lexo-rank">
                        <customfieldname>Rank</customfieldname>
                        <customfieldvalues>
                            <customfieldvalue>0|i05ufr:</customfieldvalue>

                        </customfieldvalues>
                    </customfield>
                                                                <customfield id="customfield_12310920" key="com.pyxis.greenhopper.jira:gh-global-rank">
                        <customfieldname>Rank (Obsolete)</customfieldname>
                        <customfieldvalues>
                            <customfieldvalue>32028</customfieldvalue>
                        </customfieldvalues>
                    </customfield>
                                                                                                                                                                                                                                        <customfield id="customfield_12310222" key="com.atlassian.jira.ext.charting:timeinstatus">
                        <customfieldname>Time in Status</customfieldname>
                        <customfieldvalues>
                            
                        </customfieldvalues>
                    </customfield>
                                                                                                                        </customfields>
    </item>
</channel>
</rss>