<!-- 
RSS generated by JIRA (6.3.4#6332-sha1:51bc225ef474afe3128b2f66878477f322397b16) at Thu Dec 01 19:06:58 UTC 2016

It is possible to restrict the fields that are returned in this document by specifying the 'field' parameter in your request.
For example, to request only the issue key and summary add field=key&field=summary to the URL of your request.
For example:
https://issues.apache.org/jira/si/jira.issueviews:issue-xml/CODEC-180/CODEC-180.xml?field=key&amp;field=summary
-->
<rss version="0.92" >
<channel>
    <title>ASF JIRA</title>
    <link>https://issues.apache.org/jira</link>
    <description>This file is an XML representation of an issue</description>
    <language>en-uk</language>    <build-info>
        <version>6.3.4</version>
        <build-number>6332</build-number>
        <build-date>15-08-2014</build-date>
    </build-info>

<item>
            <title>[CODEC-180] [PATCH] Fix Javadoc 1.8.0 errors</title>
                <link>https://issues.apache.org/jira/browse/CODEC-180</link>
                <project id="12310464" key="CODEC">Commons Codec</project>
                    <description></description>
                <environment></environment>
        <key id="12692553">CODEC-180</key>
            <summary>[PATCH] Fix Javadoc 1.8.0 errors</summary>
                <type id="1" iconUrl="https://issues.apache.org/jira/images/icons/issuetypes/bug.png">Bug</type>
                                            <priority id="4" iconUrl="https://issues.apache.org/jira/images/icons/priorities/minor.png">Minor</priority>
                        <status id="6" iconUrl="https://issues.apache.org/jira/images/icons/statuses/closed.png" description="The issue is considered finished, the resolution is correct. Issues which are closed can be reopened.">Closed</status>
                    <statusCategory id="3" key="done" colorName="green"/>
                                    <resolution id="1">Fixed</resolution>
                                        <assignee username="garydgregory">Gary Gregory</assignee>
                                    <reporter username="scop">Ville Skytt&#228;</reporter>
                        <labels>
                            <label>patch</label>
                    </labels>
                <created>Fri, 31 Jan 2014 18:07:36 +0000</created>
                <updated>Mon, 10 Nov 2014 03:12:36 +0000</updated>
                            <resolved>Fri, 31 Jan 2014 19:39:46 +0000</resolved>
                                                    <fixVersion>1.10</fixVersion>
                                        <due></due>
                            <votes>0</votes>
                                    <watches>2</watches>
                                                                <comments>
                            <comment id="13888064" author="garydgregory" created="Fri, 31 Jan 2014 19:39:46 +0000"  >&lt;p&gt;Great patch. Thank you!&lt;/p&gt;
&lt;div class=&quot;preformatted panel&quot; style=&quot;border-width: 1px;&quot;&gt;&lt;div class=&quot;preformattedContent panelContent&quot;&gt;
&lt;pre&gt;commit -m &quot;[CODEC-180] Patch from Ville Skytt&#228; applied and then some (well, just one more). Fix Javadoc 1.8.0 errors.&quot; (17 paths specified)
    Sending        C:/vcs/svn/apache/commons/trunks-proper/codec/src/changes/changes.xml
    Sending        C:/vcs/svn/apache/commons/trunks-proper/codec/src/main/java/org/apache/commons/codec/CharEncoding.java
    Sending        C:/vcs/svn/apache/commons/trunks-proper/codec/src/main/java/org/apache/commons/codec/Charsets.java
    Sending        C:/vcs/svn/apache/commons/trunks-proper/codec/src/main/java/org/apache/commons/codec/binary/Base32.java
    Sending        C:/vcs/svn/apache/commons/trunks-proper/codec/src/main/java/org/apache/commons/codec/binary/Base32InputStream.java
    Sending        C:/vcs/svn/apache/commons/trunks-proper/codec/src/main/java/org/apache/commons/codec/binary/Base32OutputStream.java
    Sending        C:/vcs/svn/apache/commons/trunks-proper/codec/src/main/java/org/apache/commons/codec/binary/Base64.java
    Sending        C:/vcs/svn/apache/commons/trunks-proper/codec/src/main/java/org/apache/commons/codec/binary/Base64InputStream.java
    Sending        C:/vcs/svn/apache/commons/trunks-proper/codec/src/main/java/org/apache/commons/codec/binary/Base64OutputStream.java
    Sending        C:/vcs/svn/apache/commons/trunks-proper/codec/src/main/java/org/apache/commons/codec/binary/BaseNCodec.java
    Sending        C:/vcs/svn/apache/commons/trunks-proper/codec/src/main/java/org/apache/commons/codec/digest/Crypt.java
    Sending        C:/vcs/svn/apache/commons/trunks-proper/codec/src/main/java/org/apache/commons/codec/digest/DigestUtils.java
    Sending        C:/vcs/svn/apache/commons/trunks-proper/codec/src/main/java/org/apache/commons/codec/digest/Md5Crypt.java
    Sending        C:/vcs/svn/apache/commons/trunks-proper/codec/src/main/java/org/apache/commons/codec/language/ColognePhonetic.java
    Sending        C:/vcs/svn/apache/commons/trunks-proper/codec/src/main/java/org/apache/commons/codec/language/MatchRatingApproachEncoder.java
    Sending        C:/vcs/svn/apache/commons/trunks-proper/codec/src/main/java/org/apache/commons/codec/language/Nysiis.java
    Sending        C:/vcs/svn/apache/commons/trunks-proper/codec/src/main/java/org/apache/commons/codec/net/URLCodec.java
    Transmitting file data ...
    Committed revision 1563226.
&lt;/pre&gt;
&lt;/div&gt;&lt;/div&gt;</comment>
                            <comment id="14204283" author="garydgregory" created="Mon, 10 Nov 2014 03:12:36 +0000"  >&lt;p&gt;We released 1.10 today.&lt;/p&gt;</comment>
                    </comments>
                    <attachments>
                            <attachment id="12626341" name="0001-Fix-Javadoc-1.8.0-errors.patch" size="25548" author="scop" created="Fri, 31 Jan 2014 18:08:33 +0000"/>
                    </attachments>
                <subtasks>
                    </subtasks>
                <customfields>
                                                <customfield id="customfield_12310310" key="com.atlassian.jira.toolkit:attachments">
                        <customfieldname>Attachment count</customfieldname>
                        <customfieldvalues>
                            <customfieldvalue>1.0</customfieldvalue>
                        </customfieldvalues>
                    </customfield>
                                                                                                                                                                                                                                                                                                                                                                                                                                                                                                                                <customfield id="customfield_12310220" key="com.atlassian.jira.ext.charting:firstresponsedate">
                        <customfieldname>Date of First Response</customfieldname>
                        <customfieldvalues>
                            <customfieldvalue>Fri, 31 Jan 2014 19:39:46 +0000</customfieldvalue>

                        </customfieldvalues>
                    </customfield>
                                                                                                                                                                                                                                                                                                                                                                                                                                            <customfield id="customfield_12310420" key="com.pyxis.greenhopper.jira:gh-global-rank">
                        <customfieldname>Global Rank</customfieldname>
                        <customfieldvalues>
                            <customfieldvalue>371148</customfieldvalue>
                        </customfieldvalues>
                    </customfield>
                                                                                                                        <customfield id="customfield_12312521" key="com.atlassian.jira.toolkit:LastCommentDate">
                        <customfieldname>Last public comment date</customfieldname>
                        <customfieldvalues>
                            2 years, 3 weeks, 3 days ago
                        </customfieldvalues>
                    </customfield>
                                                                                            <customfield id="customfield_12311820" key="com.pyxis.greenhopper.jira:gh-lexo-rank">
                        <customfieldname>Rank</customfieldname>
                        <customfieldvalues>
                            <customfieldvalue>0|i1ryrj:</customfieldvalue>

                        </customfieldvalues>
                    </customfield>
                                                                <customfield id="customfield_12310920" key="com.pyxis.greenhopper.jira:gh-global-rank">
                        <customfieldname>Rank (Obsolete)</customfieldname>
                        <customfieldvalues>
                            <customfieldvalue>371452</customfieldvalue>
                        </customfieldvalues>
                    </customfield>
                                                                                                                                                                                                                                        <customfield id="customfield_12310222" key="com.atlassian.jira.ext.charting:timeinstatus">
                        <customfieldname>Time in Status</customfieldname>
                        <customfieldvalues>
                            
                        </customfieldvalues>
                    </customfield>
                                                                                                                        </customfields>
    </item>
</channel>
</rss>