<rss version="0.92">
    <channel>
        <title>ASF JIRA</title>
        <link>https://issues.apache.org/jira/issues/?jql=project+%3D+CODEC+and+type+%3D+bug+and+%28status+%3D+RESOLVED+or+status+%3D+closed%29</link>
        <description>An XML representation of a search request</description>
                <language>en-uk</language>
                        <issue start="0" end="135" total="135" />
                <build-info>
            <version>8.20.1</version>
            <build-number>820001</build-number>
            <build-date>28-10-2021</build-date>
        </build-info>

<item>
            <title>[CODEC-73] Make string2byte conversions indepedent of platform default encoding</title>
                <link>https://issues.apache.org/jira/browse/CODEC-73</link>
                <project id="12310464" key="CODEC">Commons Codec</project>
                    <description>&lt;p&gt;Both the library itself and many of its tests are utterly dependent on the JVM's default charset. For example, &lt;tt&gt;DigestUtils&lt;/tt&gt; calls &lt;tt&gt;String.getBytes()&lt;/tt&gt; to convert an input string to a byte array, happily delivering different digests for the same input string if run on different platforms.&lt;/p&gt;

&lt;p&gt;If you want to try out the havor yourself, just run the unit tests in a JVM with UTF-16, e.g. by adding the line&lt;/p&gt;
&lt;div class="code panel" style="border-width: 1px;"&gt;&lt;div class="codeContent panelContent"&gt;
&lt;pre class="code-xml"&gt;&lt;span class="code-tag"&gt;&amp;lt;argLine&amp;gt;&lt;/span&gt;-Dfile.encoding=UTF-16&lt;span class="code-tag"&gt;&amp;lt;/argLine&amp;gt;&lt;/span&gt;
&lt;/pre&gt;
&lt;/div&gt;&lt;/div&gt;
&lt;p&gt;to the configuration of the Surefire Plugin in the POM.&lt;/p&gt;</description>
                <environment>&lt;p&gt;any platform whose default encoding is not a superset of ASCII, e.g. UTF-16 or EBCDIC&lt;/p&gt;</environment>
        <key id="12400205">CODEC-73</key>
            <summary>Make string2byte conversions indepedent of platform default encoding</summary>
                <type id="1" iconUrl="https://issues.apache.org/jira/secure/viewavatar?size=xsmall&amp;avatarId=21133&amp;avatarType=issuetype">Bug</type>
                                            <priority id="3" iconUrl="https://issues.apache.org/jira/images/icons/priorities/major.svg">Major</priority>
                        <status id="6" iconUrl="https://issues.apache.org/jira/images/icons/statuses/closed.png" description="The issue is considered finished, the resolution is correct. Issues which are not closed can be reopened.">Closed</status>
                    <statusCategory id="3" key="done" colorName="green" />
                                    <resolution id="1">Fixed</resolution>
                                        <assignee username="-1">Unassigned</assignee>
                                    <reporter username="bentmann">Benjamin Bentmann</reporter>
                        <labels>
                    </labels>
                <created>Mon, 14 Jul 2008 08:52:49 +0000</created>
                <updated>Fri, 7 Aug 2009 08:12:21 +0000</updated>
                            <resolved>Thu, 6 Aug 2009 18:25:37 +0000</resolved>
                                    <version>1.3</version>
                                    <fixVersion>1.4</fixVersion>
                                        <due />
                            <votes>0</votes>
                                    <watches>0</watches>
                                                                <comments>
                            <comment id="12613293" author="sebb@apache.org" created="Mon, 14 Jul 2008 11:19:24 +0000">&lt;p&gt;Agreed that the default charset dependency needs to be removed.&lt;/p&gt;

&lt;p&gt;However, I have an alternative suggestion:&lt;/p&gt;

&lt;p&gt;In the case of the Hex encode() method, one could completely avoid the need to use getBytes() by using a byte[] array for the conversion.&lt;/p&gt;

&lt;p&gt;Likewise, I think the Hex decode() could just be performed on bytes rather than converting to char first.&lt;/p&gt;

&lt;p&gt;Patch to follow.&lt;/p&gt;</comment>
                            <comment id="12613299" author="sebb@apache.org" created="Mon, 14 Jul 2008 12:08:00 +0000">&lt;p&gt;Add byte[] conversion methods (with private toDigit(byte method)&lt;/p&gt;</comment>
                            <comment id="12738253" author="ggregory@seagullsw.com" created="Mon, 3 Aug 2009 09:51:38 +0000">&lt;p&gt;Fixed DigestUtils and test case.&lt;/p&gt;</comment>
                    </comments>
                <issuelinks>
                            <issuelinktype id="12310010">
                    <name>Incorporates</name>
                                            <outwardlinks description="incorporates">
                                        <issuelink>
            <issuekey id="12432049">CODEC-85</issuekey>
        </issuelink>
                            </outwardlinks>
                                                        </issuelinktype>
                    </issuelinks>
                <attachments>
                            <attachment id="12385957" name="CODEC-73.patch" size="142856" author="bentmann" created="Mon, 14 Jul 2008 08:53:21 +0000" />
                            <attachment id="12385975" name="Hex.patch" size="5321" author="sebb" created="Mon, 14 Jul 2008 12:08:00 +0000" />
                    </attachments>
                <subtasks>
                    </subtasks>
                <customfields>
                                                                                                                                                                                                                                                                                                                                                                                                                                                                                                                                                                                                                                                                                                                    <customfield id="customfield_12314020" key="com.atlassian.jira.plugins.jira-development-integration-plugin:devsummary">
                        <customfieldname>Development</customfieldname>
                        <customfieldvalues>
                            
                        </customfieldvalues>
                    </customfield>
                                                                                                                        <customfield id="customfield_12313422" key="com.atlassian.jirafisheyeplugin:jobcheckbox">
                        <customfieldname>Enable Automatic Patch Review</customfieldname>
                        <customfieldvalues>
                            <customfieldvalue>false</customfieldvalue>

                        </customfieldvalues>
                    </customfield>
                                                                                                                                                                                                                                                                                                                                                                                                                                                                                                                                                                                                                                                <customfield id="customfield_12310420" key="com.pyxis.greenhopper.jira:gh-global-rank">
                        <customfieldname>Global Rank</customfieldname>
                        <customfieldvalues>
                            <customfieldvalue>110396</customfieldvalue>
                        </customfieldvalues>
                    </customfield>
                                                                                                                                                                                                                                                                                                                                                                                                                                                                        <customfield id="customfield_12311820" key="com.pyxis.greenhopper.jira:gh-lexo-rank">
                        <customfieldname>Rank</customfieldname>
                        <customfieldvalues>
                            <customfieldvalue>0|i0ep8v:</customfieldvalue>

                        </customfieldvalues>
                    </customfield>
                                                                <customfield id="customfield_12310920" key="com.pyxis.greenhopper.jira:gh-global-rank">
                        <customfieldname>Rank (Obsolete)</customfieldname>
                        <customfieldvalues>
                            <customfieldvalue>83852</customfieldvalue>
                        </customfieldvalues>
                    </customfield>
                                                                                                                                                                                                                                                                                                                                                                                                                                                                                                                                                                                                                                                                                                                                                                                                                                                    </customfields>
    </item>


</channel>
</rss>