<rss version="0.92">
    <channel>
        <title>ASF JIRA</title>
        <link>https://issues.apache.org/jira/issues/?jql=project+%3D+CODEC+and+type+%3D+bug+and+%28status+%3D+RESOLVED+or+status+%3D+closed%29</link>
        <description>An XML representation of a search request</description>
                <language>en-uk</language>
                        <issue start="0" end="135" total="135" />
                <build-info>
            <version>8.20.1</version>
            <build-number>820001</build-number>
            <build-date>28-10-2021</build-date>
        </build-info>

<item>
            <title>[CODEC-31] Base64 chunked encoding not compliant with RFC 2045 section 2.1 CRLF</title>
                <link>https://issues.apache.org/jira/browse/CODEC-31</link>
                <project id="12310464" key="CODEC">Commons Codec</project>
                    <description>&lt;p&gt;Base64 chunked encoding not compliant with RFC 2045 section 2.1 CRLF. We use&lt;br/&gt;
"\n" instead of CRLF or "\r\n".&lt;/p&gt;</description>
                <environment>&lt;p&gt;Operating System: All&lt;br/&gt;
Platform: All&lt;/p&gt;</environment>
        <key id="12341352">CODEC-31</key>
            <summary>Base64 chunked encoding not compliant with RFC 2045 section 2.1 CRLF</summary>
                <type id="1" iconUrl="https://issues.apache.org/jira/secure/viewavatar?size=xsmall&amp;avatarId=21133&amp;avatarType=issuetype">Bug</type>
                                            <priority id="3" iconUrl="https://issues.apache.org/jira/images/icons/priorities/major.svg">Major</priority>
                        <status id="6" iconUrl="https://issues.apache.org/jira/images/icons/statuses/closed.png" description="The issue is considered finished, the resolution is correct. Issues which are not closed can be reopened.">Closed</status>
                    <statusCategory id="3" key="done" colorName="green" />
                                    <resolution id="1">Fixed</resolution>
                                        <assignee username="-1">Unassigned</assignee>
                                    <reporter username="ggregory">Gary D. Gregory</reporter>
                        <labels>
                    </labels>
                <created>Fri, 19 Mar 2004 00:55:25 +0000</created>
                <updated>Thu, 10 Mar 2011 22:30:38 +0000</updated>
                            <resolved>Sat, 27 Oct 2007 06:49:26 +0000</resolved>
                                    <version>1.2</version>
                                    <fixVersion>1.3</fixVersion>
                                        <due />
                            <votes>0</votes>
                                    <watches>0</watches>
                                                                <comments>
                            <comment id="12406303" author="ggregory@seagullsw.com" created="Fri, 19 Mar 2004 03:05:23 +0000">&lt;p&gt;I have a fix and test ready. I'd like to hear from others if they think we&lt;br/&gt;
should NOT do this now for some known odd-ball compatibility cases. Thanks.&lt;/p&gt;</comment>
                            <comment id="12406304" author="ggregory@seagullsw.com" created="Sun, 21 Mar 2004 10:22:57 +0000">&lt;p&gt;I plan on applying a patch very soon unless someone sees a pb.&lt;/p&gt;</comment>
                            <comment id="12406305" author="ggregory@seagullsw.com" created="Sun, 21 Mar 2004 10:24:32 +0000">&lt;p&gt;Created an attachment (id=10887)&lt;br/&gt;
Base64-v1.18.patch&lt;/p&gt;</comment>
                            <comment id="12406306" author="ggregory@seagullsw.com" created="Sun, 21 Mar 2004 10:24:47 +0000">&lt;p&gt;Created an attachment (id=10888)&lt;br/&gt;
Base64Test-v1.13.patch&lt;/p&gt;</comment>
                            <comment id="12406307" author="ggregory@seagullsw.com" created="Sun, 21 Mar 2004 10:30:42 +0000">&lt;p&gt;Created an attachment (id=10889)&lt;br/&gt;
Base64-v1.18.patch, take 2&lt;/p&gt;</comment>
                    </comments>
                    <attachments>
                            <attachment id="12332827" name="ASF.LICENSE.NOT.GRANTED--Base64-v1.18.patch" size="1266" author="ggregory@seagullsw.com" created="Sun, 21 Mar 2004 10:30:42 +0000" />
                            <attachment id="12332825" name="ASF.LICENSE.NOT.GRANTED--Base64-v1.18.patch" size="550" author="ggregory@seagullsw.com" created="Sun, 21 Mar 2004 10:24:32 +0000" />
                            <attachment id="12332826" name="ASF.LICENSE.NOT.GRANTED--Base64Test-v1.13.patch" size="22121" author="ggregory@seagullsw.com" created="Sun, 21 Mar 2004 10:24:47 +0000" />
                    </attachments>
                <subtasks>
                    </subtasks>
                <customfields>
                                                                                                                                                                                                                                                                                                                                                                                                                                                                                                                                                                                                    <customfield id="customfield_10010" key="com.atlassian.jira.plugin.system.customfieldtypes:importid">
                        <customfieldname>Bugzilla Id</customfieldname>
                        <customfieldvalues>
                            <customfieldvalue>27781</customfieldvalue>
                        </customfieldvalues>
                    </customfield>
                                                                                                                                                    <customfield id="customfield_12314020" key="com.atlassian.jira.plugins.jira-development-integration-plugin:devsummary">
                        <customfieldname>Development</customfieldname>
                        <customfieldvalues>
                            
                        </customfieldvalues>
                    </customfield>
                                                                                                                        <customfield id="customfield_12313422" key="com.atlassian.jirafisheyeplugin:jobcheckbox">
                        <customfieldname>Enable Automatic Patch Review</customfieldname>
                        <customfieldvalues>
                            <customfieldvalue>false</customfieldvalue>

                        </customfieldvalues>
                    </customfield>
                                                                                                                                                                                                                                                                                                                                                                                                                                                                                                                                                                                                                                                <customfield id="customfield_12310420" key="com.pyxis.greenhopper.jira:gh-global-rank">
                        <customfieldname>Global Rank</customfieldname>
                        <customfieldvalues>
                            <customfieldvalue>110363</customfieldvalue>
                        </customfieldvalues>
                    </customfield>
                                                                                                                                                                                                                                                                                                                                                                                                                                                                        <customfield id="customfield_12311820" key="com.pyxis.greenhopper.jira:gh-lexo-rank">
                        <customfieldname>Rank</customfieldname>
                        <customfieldvalues>
                            <customfieldvalue>0|i0epav:</customfieldvalue>

                        </customfieldvalues>
                    </customfield>
                                                                <customfield id="customfield_12310920" key="com.pyxis.greenhopper.jira:gh-global-rank">
                        <customfieldname>Rank (Obsolete)</customfieldname>
                        <customfieldvalues>
                            <customfieldvalue>83861</customfieldvalue>
                        </customfieldvalues>
                    </customfield>
                                                                                                                                                                                                                                                                                                                                                                                                                                                                                                                                                                                                                                                                                                                                                                                                                                                    </customfields>
    </item>


</channel>
</rss>