<rss version="0.92">
    <channel>
        <title>ASF JIRA</title>
        <link>https://issues.apache.org/jira/issues/?jql=project+%3D+CODEC+and+type+%3D+bug+and+%28status+%3D+RESOLVED+or+status+%3D+closed%29</link>
        <description>An XML representation of a search request</description>
                <language>en-uk</language>
                        <issue start="0" end="135" total="135" />
                <build-info>
            <version>8.20.1</version>
            <build-number>820001</build-number>
            <build-date>28-10-2021</build-date>
        </build-info>

<item>
            <title>[CODEC-184] NullPointerException in DoubleMetaPhone.isDoubleMetaphoneEqual when using empty strings</title>
                <link>https://issues.apache.org/jira/browse/CODEC-184</link>
                <project id="12310464" key="CODEC">Commons Codec</project>
                    <description>&lt;p&gt;&lt;tt&gt;isDoubleMetaphoneEqual&lt;/tt&gt; does not work with empty strings: The following test throws a &lt;tt&gt;NullPointerException&lt;/tt&gt;:&lt;/p&gt;

&lt;div class="code panel" style="border-width: 1px;"&gt;&lt;div class="codeContent panelContent"&gt;
&lt;pre class="code-java"&gt;  &lt;span class="code-keyword"&gt;public&lt;/span&gt; void test1() &lt;span class="code-keyword"&gt;throws&lt;/span&gt; Throwable {
    org.apache.commons.codec.language.DoubleMetaphone var0 = &lt;span class="code-keyword"&gt;new&lt;/span&gt; org.apache.commons.codec.language.DoubleMetaphone();
    &lt;span class="code-object"&gt;boolean&lt;/span&gt; var3 = var0.isDoubleMetaphoneEqual(&lt;span class="code-quote"&gt;"", "&lt;/span&gt;", &lt;span class="code-keyword"&gt;false&lt;/span&gt;);
  }
&lt;/pre&gt;
&lt;/div&gt;&lt;/div&gt;</description>
                <environment>&lt;p&gt;Mac OS 10.9, Java 6 or 7&lt;/p&gt;</environment>
        <key id="12707647">CODEC-184</key>
            <summary>NullPointerException in DoubleMetaPhone.isDoubleMetaphoneEqual when using empty strings</summary>
                <type id="1" iconUrl="https://issues.apache.org/jira/secure/viewavatar?size=xsmall&amp;avatarId=21133&amp;avatarType=issuetype">Bug</type>
                                            <priority id="3" iconUrl="https://issues.apache.org/jira/images/icons/priorities/major.svg">Major</priority>
                        <status id="6" iconUrl="https://issues.apache.org/jira/images/icons/statuses/closed.png" description="The issue is considered finished, the resolution is correct. Issues which are not closed can be reopened.">Closed</status>
                    <statusCategory id="3" key="done" colorName="green" />
                                    <resolution id="1">Fixed</resolution>
                                        <assignee username="ggregory">Gary D. Gregory</assignee>
                                    <reporter username="Telcontar">Cyrille Artho</reporter>
                        <labels>
                    </labels>
                <created>Thu, 10 Apr 2014 06:15:00 +0000</created>
                <updated>Mon, 10 Nov 2014 03:11:58 +0000</updated>
                            <resolved>Thu, 10 Apr 2014 13:52:01 +0000</resolved>
                                    <version>1.9</version>
                                    <fixVersion>1.10</fixVersion>
                                        <due />
                            <votes>0</votes>
                                    <watches>2</watches>
                                                                <comments>
                            <comment id="13965047" author="telcontar" created="Thu, 10 Apr 2014 06:15:41 +0000">&lt;p&gt;Self-contained JUnit test class (with one test case) to reproduce bug.&lt;/p&gt;</comment>
                            <comment id="13965361" author="garydgregory" created="Thu, 10 Apr 2014 13:52:01 +0000">&lt;p&gt;Thank you for the bug report.&lt;/p&gt;
&lt;div class="preformatted panel" style="border-width: 1px;"&gt;&lt;div class="preformattedContent panelContent"&gt;
&lt;pre&gt;commit -m "&amp;lt;action dev="ggregory" type="add" issue="CODEC-184" due-to="Cyrille Artho"&amp;gt;NullPointerException in DoubleMetaPhone.isDoubleMetaphoneEqual when using empty strings&amp;lt;/action&amp;gt;" C:/vcs/svn/apache/commons/trunks-proper/codec/src/test/java/org/apache/commons/codec/language/DoubleMetaphoneTest.java C:/vcs/svn/apache/commons/trunks-proper/codec/src/main/java/org/apache/commons/codec/binary/CharSequenceUtils.java C:/vcs/svn/apache/commons/trunks-proper/codec/src/changes/changes.xml C:/vcs/svn/apache/commons/trunks-proper/codec/src/main/java/org/apache/commons/codec/language/DoubleMetaphone.java C:/vcs/svn/apache/commons/trunks-proper/codec/src/main/java/org/apache/commons/codec/binary/StringUtils.java
    Sending        C:/vcs/svn/apache/commons/trunks-proper/codec/src/changes/changes.xml
    Adding         C:/vcs/svn/apache/commons/trunks-proper/codec/src/main/java/org/apache/commons/codec/binary/CharSequenceUtils.java
    Sending        C:/vcs/svn/apache/commons/trunks-proper/codec/src/main/java/org/apache/commons/codec/binary/StringUtils.java
    Sending        C:/vcs/svn/apache/commons/trunks-proper/codec/src/main/java/org/apache/commons/codec/language/DoubleMetaphone.java
    Sending        C:/vcs/svn/apache/commons/trunks-proper/codec/src/test/java/org/apache/commons/codec/language/DoubleMetaphoneTest.java
    Transmitting file data ...
    Committed revision 1586300.
&lt;/pre&gt;
&lt;/div&gt;&lt;/div&gt;</comment>
                            <comment id="14204278" author="garydgregory" created="Mon, 10 Nov 2014 03:11:58 +0000">&lt;p&gt;We released 1.10 today.&lt;/p&gt;</comment>
                    </comments>
                    <attachments>
                            <attachment id="12639540" name="BugReport.java" size="299" author="Telcontar" created="Thu, 10 Apr 2014 06:15:41 +0000" />
                    </attachments>
                <subtasks>
                    </subtasks>
                <customfields>
                                                                                                                                                                                                                                                                                                                                                                                                                                                                                                                                                                                                                                                                                                                    <customfield id="customfield_12314020" key="com.atlassian.jira.plugins.jira-development-integration-plugin:devsummary">
                        <customfieldname>Development</customfieldname>
                        <customfieldvalues>
                            
                        </customfieldvalues>
                    </customfield>
                                                                                                                        <customfield id="customfield_12313422" key="com.atlassian.jirafisheyeplugin:jobcheckbox">
                        <customfieldname>Enable Automatic Patch Review</customfieldname>
                        <customfieldvalues>
                            <customfieldvalue>false</customfieldvalue>

                        </customfieldvalues>
                    </customfield>
                                                                                                                                                                                                                                                                                                                                                                                                                                                                                                                                                                                                                                                <customfield id="customfield_12310420" key="com.pyxis.greenhopper.jira:gh-global-rank">
                        <customfieldname>Global Rank</customfieldname>
                        <customfieldvalues>
                            <customfieldvalue>385970</customfieldvalue>
                        </customfieldvalues>
                    </customfield>
                                                                                                                                                                                                                                                                                                                                                                                                                                                                        <customfield id="customfield_12311820" key="com.pyxis.greenhopper.jira:gh-lexo-rank">
                        <customfieldname>Rank</customfieldname>
                        <customfieldvalues>
                            <customfieldvalue>0|i1uhpb:</customfieldvalue>

                        </customfieldvalues>
                    </customfield>
                                                                <customfield id="customfield_12310920" key="com.pyxis.greenhopper.jira:gh-global-rank">
                        <customfieldname>Rank (Obsolete)</customfieldname>
                        <customfieldvalues>
                            <customfieldvalue>386234</customfieldvalue>
                        </customfieldvalues>
                    </customfield>
                                                                                                                                                                                                                                                                                                                                                                                                                                                                                                                                                                                                                                                                                                                                                                                                                                                    </customfields>
    </item>


</channel>
</rss>