<rss version="0.92">
    <channel>
        <title>ASF JIRA</title>
        <link>https://issues.apache.org/jira/issues/?jql=project+%3D+CODEC+and+type+%3D+bug+and+%28status+%3D+RESOLVED+or+status+%3D+closed%29</link>
        <description>An XML representation of a search request</description>
                <language>en-uk</language>
                        <issue start="0" end="135" total="135" />
                <build-info>
            <version>8.20.1</version>
            <build-number>820001</build-number>
            <build-date>28-10-2021</build-date>
        </build-info>

<item>
            <title>[CODEC-255] ColognePhonetic handles x incorrectly</title>
                <link>https://issues.apache.org/jira/browse/CODEC-255</link>
                <project id="12310464" key="CODEC">Commons Codec</project>
                    <description>&lt;p&gt;In the ColognePhonetic the letter x is coded as 48. This is solved in the implementation in adding a 's' in the string.&lt;/p&gt;

&lt;p&gt;With this a string 'xch' ist coded as 48 instead of the correct 484.&lt;/p&gt;

&lt;p&gt;A solution is to store the added 'S' in the next loop not in the lastChar.&lt;/p&gt;</description>
                <environment />
        <key id="13221889">CODEC-255</key>
            <summary>ColognePhonetic handles x incorrectly</summary>
                <type id="1" iconUrl="https://issues.apache.org/jira/secure/viewavatar?size=xsmall&amp;avatarId=21133&amp;avatarType=issuetype">Bug</type>
                                            <priority id="3" iconUrl="https://issues.apache.org/jira/images/icons/priorities/major.svg">Major</priority>
                        <status id="5" iconUrl="https://issues.apache.org/jira/images/icons/statuses/resolved.png" description="A resolution has been taken, and it is awaiting verification by reporter. From here issues are either reopened, or are closed.">Resolved</status>
                    <statusCategory id="3" key="done" colorName="green" />
                                    <resolution id="1">Fixed</resolution>
                                        <assignee username="-1">Unassigned</assignee>
                                    <reporter username="holgergrote">Holger Grote</reporter>
                        <labels>
                    </labels>
                <created>Fri, 15 Mar 2019 12:00:53 +0000</created>
                <updated>Tue, 18 Jun 2019 19:12:22 +0000</updated>
                            <resolved>Tue, 18 Jun 2019 19:12:22 +0000</resolved>
                                    <version>1.12</version>
                                                        <due />
                            <votes>0</votes>
                                    <watches>1</watches>
                                                                <comments>
                            <comment id="16866976" author="sebb@apache.org" created="Tue, 18 Jun 2019 19:06:49 +0000">&lt;p&gt;Agreed.&lt;br/&gt;
Using an 'S' to force the '8' digit looks like a clever idea, however this does not work when the next letter is a C.&lt;/p&gt;</comment>
                            <comment id="16866981" author="sebb@apache.org" created="Tue, 18 Jun 2019 19:12:22 +0000">&lt;p&gt;7972242  &lt;a href="https://issues.apache.org/jira/browse/CODEC-255" title="ColognePhonetic handles x incorrectly" class="issue-link" data-issue-key="CODEC-255"&gt;&lt;del&gt;CODEC-255&lt;/del&gt;&lt;/a&gt; ColognePhonetic handles x incorrectly&lt;/p&gt;</comment>
                    </comments>
                    <attachments>
                    </attachments>
                <subtasks>
                    </subtasks>
                <customfields>
                                                                                                                                                                                                                                                                                                                                                                                                                                                                                                                                                                                                                                                                                                                    <customfield id="customfield_12314020" key="com.atlassian.jira.plugins.jira-development-integration-plugin:devsummary">
                        <customfieldname>Development</customfieldname>
                        <customfieldvalues>
                            
                        </customfieldvalues>
                    </customfield>
                                                                                                                        <customfield id="customfield_12313422" key="com.atlassian.jirafisheyeplugin:jobcheckbox">
                        <customfieldname>Enable Automatic Patch Review</customfieldname>
                        <customfieldvalues>
                            <customfieldvalue>false</customfieldvalue>

                        </customfieldvalues>
                    </customfield>
                                                                                                                                                                                                                                                                                                                                                                                                                                                                                                                                                                                                                                                <customfield id="customfield_12310420" key="com.pyxis.greenhopper.jira:gh-global-rank">
                        <customfieldname>Global Rank</customfieldname>
                        <customfieldvalues>
                            <customfieldvalue>9223372036854775807</customfieldvalue>
                        </customfieldvalues>
                    </customfield>
                                                                                                                                                                                                                                                                                                                                                                                                                                                                        <customfield id="customfield_12311820" key="com.pyxis.greenhopper.jira:gh-lexo-rank">
                        <customfieldname>Rank</customfieldname>
                        <customfieldvalues>
                            <customfieldvalue>0|z00qsw:</customfieldvalue>

                        </customfieldvalues>
                    </customfield>
                                                                <customfield id="customfield_12310920" key="com.pyxis.greenhopper.jira:gh-global-rank">
                        <customfieldname>Rank (Obsolete)</customfieldname>
                        <customfieldvalues>
                            <customfieldvalue>9223372036854775807</customfieldvalue>
                        </customfieldvalues>
                    </customfield>
                                                                                                                                                                                                                                                                                                                                                                                                                                                                                                                                                                                                                                                                                                                                                                                                                                                    </customfields>
    </item>


</channel>
</rss>