<!-- 
RSS generated by JIRA (6.3.4#6332-sha1:51bc225ef474afe3128b2f66878477f322397b16) at Thu Dec 01 19:11:07 UTC 2016

It is possible to restrict the fields that are returned in this document by specifying the 'field' parameter in your request.
For example, to request only the issue key and summary add field=key&field=summary to the URL of your request.
For example:
https://issues.apache.org/jira/si/jira.issueviews:issue-xml/CODEC-58/CODEC-58.xml?field=key&amp;field=summary
-->
<rss version="0.92" >
<channel>
    <title>ASF JIRA</title>
    <link>https://issues.apache.org/jira</link>
    <description>This file is an XML representation of an issue</description>
    <language>en-uk</language>    <build-info>
        <version>6.3.4</version>
        <build-number>6332</build-number>
        <build-date>15-08-2014</build-date>
    </build-info>

<item>
            <title>[CODEC-58] Character set used by Base64 not documented</title>
                <link>https://issues.apache.org/jira/browse/CODEC-58</link>
                <project id="12310464" key="CODEC">Commons Codec</project>
                    <description>&lt;p&gt;The Javadoc for the Base64 class does not document which character set is returned by encode() and expected by decode(). The RFC specifies &quot;characters&quot;, not &quot;bytes&quot; as the result of the encoding, and yet Base64 returns bytes. It should provide complete information as to how to convert these bytes to and from Strings. I assume the character set used is ASCII, but that should be made explicit in the Javadoc.&lt;/p&gt;</description>
                <environment></environment>
        <key id="12382656">CODEC-58</key>
            <summary>Character set used by Base64 not documented</summary>
                <type id="1" iconUrl="https://issues.apache.org/jira/images/icons/issuetypes/bug.png">Bug</type>
                                            <priority id="4" iconUrl="https://issues.apache.org/jira/images/icons/priorities/minor.png">Minor</priority>
                        <status id="6" iconUrl="https://issues.apache.org/jira/images/icons/statuses/closed.png" description="The issue is considered finished, the resolution is correct. Issues which are closed can be reopened.">Closed</status>
                    <statusCategory id="3" key="done" colorName="green"/>
                                    <resolution id="1">Fixed</resolution>
                                        <assignee username="-1">Unassigned</assignee>
                                    <reporter username="pepijn schmitz">Pepijn Schmitz</reporter>
                        <labels>
                    </labels>
                <created>Fri, 16 Nov 2007 12:28:39 +0000</created>
                <updated>Fri, 11 Nov 2011 17:38:05 +0000</updated>
                            <resolved>Sat, 18 Jul 2009 01:21:19 +0000</resolved>
                                    <version>1.1</version>
                    <version>1.2</version>
                    <version>1.3</version>
                    <version>1.4</version>
                                    <fixVersion>1.4</fixVersion>
                                        <due></due>
                            <votes>0</votes>
                                    <watches>0</watches>
                                                                <comments>
                            <comment id="12543063" author="joehni" created="Fri, 16 Nov 2007 13:06:10 +0000"  >&lt;p&gt;The RFC 4648 talks about &quot;The encoding process represents 24-bit groups of input bits as output strings of 4 encoded characters&quot;. This implies that each of this &quot;characters&quot; represent 8 bit. Obviously this does not match Java&apos;s representation of a &quot;char&quot;. Therefore the method returns bytes.&lt;/p&gt;

&lt;p&gt;The documentation mentions the character set is the one used in MIME encoding (RFC 2045, p25), other character sets are not supported. Nevertheless the character set consists of characters that can be representated within 8 bits. So the documentation could state that the result of a Base64 encoding is a byte stream that represents a String with ASCII encoding.&lt;/p&gt;</comment>
                            <comment id="12543152" author="ggregory@seagullsw.com" created="Fri, 16 Nov 2007 17:59:01 +0000"  >&lt;p&gt;This will happen much quicker if you submit a patch with your request &lt;img class=&quot;emoticon&quot; src=&quot;https://issues.apache.org/jira/images/icons/emoticons/wink.gif&quot; height=&quot;16&quot; width=&quot;16&quot; align=&quot;absmiddle&quot; alt=&quot;&quot; border=&quot;0&quot;/&gt;&lt;/p&gt;</comment>
                            <comment id="12732083" author="juliusdavies" created="Thu, 16 Jul 2009 18:55:32 +0000"  >&lt;p&gt;org.apache.commons.codec.binary.Base64 is hard-coded to use lower 127 ASCII (== UTF-8):&lt;/p&gt;

&lt;div class=&quot;code panel&quot; style=&quot;border-width: 1px;&quot;&gt;&lt;div class=&quot;codeContent panelContent&quot;&gt;
&lt;pre class=&quot;code-java&quot;&gt;
    &lt;span class=&quot;code-keyword&quot;&gt;private&lt;/span&gt; &lt;span class=&quot;code-keyword&quot;&gt;static&lt;/span&gt; &lt;span class=&quot;code-keyword&quot;&gt;final&lt;/span&gt; &lt;span class=&quot;code-object&quot;&gt;byte&lt;/span&gt;[] STANDARD_ENCODE_TABLE = {
            &apos;A&apos;, &apos;B&apos;, &apos;C&apos;, &apos;D&apos;, &apos;E&apos;, &apos;F&apos;, &apos;G&apos;, &apos;H&apos;, &apos;I&apos;, &apos;J&apos;, &apos;K&apos;, &apos;L&apos;, &apos;M&apos;,
            &apos;N&apos;, &apos;O&apos;, &apos;P&apos;, &apos;Q&apos;, &apos;R&apos;, &apos;S&apos;, &apos;T&apos;, &apos;U&apos;, &apos;V&apos;, &apos;W&apos;, &apos;X&apos;, &apos;Y&apos;, &apos;Z&apos;,
            &apos;a&apos;, &apos;b&apos;, &apos;c&apos;, &apos;d&apos;, &apos;e&apos;, &apos;f&apos;, &apos;g&apos;, &apos;h&apos;, &apos;i&apos;, &apos;j&apos;, &apos;k&apos;, &apos;l&apos;, &apos;m&apos;,
            &apos;n&apos;, &apos;o&apos;, &apos;p&apos;, &apos;q&apos;, &apos;r&apos;, &apos;s&apos;, &apos;t&apos;, &apos;u&apos;, &apos;v&apos;, &apos;w&apos;, &apos;x&apos;, &apos;y&apos;, &apos;z&apos;,
            &apos;0&apos;, &apos;1&apos;, &apos;2&apos;, &apos;3&apos;, &apos;4&apos;, &apos;5&apos;, &apos;6&apos;, &apos;7&apos;, &apos;8&apos;, &apos;9&apos;, &apos;+&apos;, &apos;/&apos;
    };
&lt;/pre&gt;
&lt;/div&gt;&lt;/div&gt;

&lt;p&gt;I&apos;ll create a patch to put this in the javadoc.&lt;/p&gt;</comment>
                            <comment id="12732761" author="juliusdavies" created="Fri, 17 Jul 2009 22:29:19 +0000"  >&lt;p&gt;Patch uploaded (codec58.patch):&lt;/p&gt;

&lt;p&gt;Character encoding now mentioned in javadoc.  I also added some info about &lt;a href=&quot;https://issues.apache.org/jira/browse/CODEC-75&quot; title=&quot;Make Base64 URL-safe&quot; class=&quot;issue-link&quot; data-issue-key=&quot;CODEC-75&quot;&gt;&lt;del&gt;CODEC-75&lt;/del&gt;&lt;/a&gt; (URL-Safe) to the Javadoc.&lt;/p&gt;</comment>
                            <comment id="12732814" author="ggregory@seagullsw.com" created="Sat, 18 Jul 2009 01:19:24 +0000"  >&lt;p&gt;Patch applied with changes and I hope improvements! Instead of documenting the URL safe methods in the constructors, I&apos;ve added mention of the settings available through constructors and made the constructor docs consistent.&lt;/p&gt;</comment>
                    </comments>
                    <attachments>
                            <attachment id="12413881" name="codec58.patch" size="3289" author="juliusdavies" created="Fri, 17 Jul 2009 22:29:19 +0000"/>
                    </attachments>
                <subtasks>
                    </subtasks>
                <customfields>
                                                <customfield id="customfield_12310310" key="com.atlassian.jira.toolkit:attachments">
                        <customfieldname>Attachment count</customfieldname>
                        <customfieldvalues>
                            <customfieldvalue>1.0</customfieldvalue>
                        </customfieldvalues>
                    </customfield>
                                                                                                                                                                                                                                                                                                                                                                                                                                                                                                                                <customfield id="customfield_12310220" key="com.atlassian.jira.ext.charting:firstresponsedate">
                        <customfieldname>Date of First Response</customfieldname>
                        <customfieldvalues>
                            <customfieldvalue>Fri, 16 Nov 2007 13:06:10 +0000</customfieldvalue>

                        </customfieldvalues>
                    </customfield>
                                                                                                                                                                                                                                                                                                                                                                                                                                            <customfield id="customfield_12310420" key="com.pyxis.greenhopper.jira:gh-global-rank">
                        <customfieldname>Global Rank</customfieldname>
                        <customfieldvalues>
                            <customfieldvalue>110385</customfieldvalue>
                        </customfieldvalues>
                    </customfield>
                                                                                                                        <customfield id="customfield_12312521" key="com.atlassian.jira.toolkit:LastCommentDate">
                        <customfieldname>Last public comment date</customfieldname>
                        <customfieldvalues>
                            7 years, 20 weeks, 5 days ago
                        </customfieldvalues>
                    </customfield>
                                                                                            <customfield id="customfield_12311820" key="com.pyxis.greenhopper.jira:gh-lexo-rank">
                        <customfieldname>Rank</customfieldname>
                        <customfieldvalues>
                            <customfieldvalue>0|i0ep9r:</customfieldvalue>

                        </customfieldvalues>
                    </customfield>
                                                                <customfield id="customfield_12310920" key="com.pyxis.greenhopper.jira:gh-global-rank">
                        <customfieldname>Rank (Obsolete)</customfieldname>
                        <customfieldvalues>
                            <customfieldvalue>83856</customfieldvalue>
                        </customfieldvalues>
                    </customfield>
                                                                                                                                                                                                                                        <customfield id="customfield_12310222" key="com.atlassian.jira.ext.charting:timeinstatus">
                        <customfieldname>Time in Status</customfieldname>
                        <customfieldvalues>
                            
                        </customfieldvalues>
                    </customfield>
                                                                                                                        </customfields>
    </item>
</channel>
</rss>