<rss version="0.92">
    <channel>
        <title>ASF JIRA</title>
        <link>https://issues.apache.org/jira/issues/?jql=project+%3D+CODEC+and+type+%3D+bug+and+%28status+%3D+RESOLVED+or+status+%3D+closed%29</link>
        <description>An XML representation of a search request</description>
                <language>en-uk</language>
                        <issue start="0" end="135" total="135" />
                <build-info>
            <version>8.20.1</version>
            <build-number>820001</build-number>
            <build-date>28-10-2021</build-date>
        </build-info>

<item>
            <title>[CODEC-32] [codec] Base64 decoder throws exception if byte sent in &lt; 0</title>
                <link>https://issues.apache.org/jira/browse/CODEC-32</link>
                <project id="12310464" key="CODEC">Commons Codec</project>
                    <description>&lt;p&gt;RFC 2045 stipulates that any unknown byte encountered during decoding should be &lt;br/&gt;
disregarded. All negative bytes sent to the decoder will produce the following &lt;br/&gt;
error though:&lt;/p&gt;



&lt;p&gt;java.lang.ArrayIndexOutOfBoundsException: -62&lt;br/&gt;
	at org.apache.commons.codec.binary.Base64.isBase64(Base64.java:137)&lt;br/&gt;
	at org.apache.commons.codec.binary.Base64.discardNonBase64(Base64.java:478)&lt;br/&gt;
	at org.apache.commons.codec.binary.Base64.decodeBase64(Base64.java:374)&lt;br/&gt;
	at TestCase.main(Unknown Source)&lt;br/&gt;
	at sun.reflect.NativeMethodAccessorImpl.invoke0(Native Method)&lt;br/&gt;
	at sun.reflect.NativeMethodAccessorImpl.invoke(NativeMethodAccessorImpl.java:&lt;br/&gt;
39)&lt;br/&gt;
	at sun.reflect.DelegatingMethodAccessorImpl.&lt;br/&gt;
invoke(DelegatingMethodAccessorImpl.java:25)&lt;br/&gt;
	at java.lang.reflect.Method.invoke(Method.java:324)&lt;br/&gt;
	at com.intellij.rt.execution.application.AppMain.main(AppMain.java:78)&lt;/p&gt;


&lt;p&gt;Cuurent method:&lt;/p&gt;

&lt;p&gt;    private static boolean isBase64(byte octect) {&lt;br/&gt;
        if (octect == PAD) &lt;/p&gt;
{
            return true;
        } else if (base64Alphabet&lt;span class="error"&gt;&amp;#91;octect&amp;#93;&lt;/span&gt; == -1) {
            return false;
        } else {            return true;        }
&lt;p&gt;    }&lt;/p&gt;

&lt;p&gt;Fixed method:&lt;br/&gt;
    private static boolean isBase64(byte octect) {&lt;br/&gt;
        if (octect == PAD) &lt;/p&gt;
{
            return true;
        } else if (octect &amp;lt; 0 || base64Alphabet&lt;span class="error"&gt;&amp;#91;octect&amp;#93;&lt;/span&gt; == -1) {
            return false;
        } else {            return true;        }
&lt;p&gt;    }&lt;/p&gt;</description>
                <environment>&lt;p&gt;Operating System: All&lt;br/&gt;
Platform: All&lt;/p&gt;</environment>
        <key id="12341614">CODEC-32</key>
            <summary>[codec] Base64 decoder throws exception if byte sent in &lt; 0</summary>
                <type id="1" iconUrl="https://issues.apache.org/jira/secure/viewavatar?size=xsmall&amp;avatarId=21133&amp;avatarType=issuetype">Bug</type>
                                            <priority id="3" iconUrl="https://issues.apache.org/jira/images/icons/priorities/major.svg">Major</priority>
                        <status id="6" iconUrl="https://issues.apache.org/jira/images/icons/statuses/closed.png" description="The issue is considered finished, the resolution is correct. Issues which are not closed can be reopened.">Closed</status>
                    <statusCategory id="3" key="done" colorName="green" />
                                    <resolution id="2">Won't Fix</resolution>
                                        <assignee username="-1">Unassigned</assignee>
                                    <reporter username="junk@miginfocom.com">Mikael Grev</reporter>
                        <labels>
                    </labels>
                <created>Thu, 5 Aug 2004 09:28:34 +0000</created>
                <updated>Sat, 27 Oct 2007 06:49:26 +0000</updated>
                            <resolved>Sat, 27 Oct 2007 06:49:26 +0000</resolved>
                                    <version>1.1</version>
                                                        <due />
                            <votes>0</votes>
                                    <watches>0</watches>
                                                                <comments>
                            <comment id="12407158" author="ggregory@seagullsw.com" created="Fri, 13 Aug 2004 04:12:23 +0000">&lt;p&gt;Please try version 1.3 or give us a code example for our unit tests. AFAIK, this&lt;br/&gt;
was fixed a while back.&lt;/p&gt;</comment>
                            <comment id="12407159" author="bayard" created="Wed, 8 Mar 2006 13:47:11 +0000">&lt;p&gt;Lack of reply from reporter - so closing.&lt;/p&gt;</comment>
                    </comments>
                    <attachments>
                    </attachments>
                <subtasks>
                    </subtasks>
                <customfields>
                                                                                                                                                                                                                                                                                                                                                                                                                                                                                                                                                                                                    <customfield id="customfield_10010" key="com.atlassian.jira.plugin.system.customfieldtypes:importid">
                        <customfieldname>Bugzilla Id</customfieldname>
                        <customfieldvalues>
                            <customfieldvalue>30483</customfieldvalue>
                        </customfieldvalues>
                    </customfield>
                                                                                                                                                    <customfield id="customfield_12314020" key="com.atlassian.jira.plugins.jira-development-integration-plugin:devsummary">
                        <customfieldname>Development</customfieldname>
                        <customfieldvalues>
                            
                        </customfieldvalues>
                    </customfield>
                                                                                                                        <customfield id="customfield_12313422" key="com.atlassian.jirafisheyeplugin:jobcheckbox">
                        <customfieldname>Enable Automatic Patch Review</customfieldname>
                        <customfieldvalues>
                            <customfieldvalue>false</customfieldvalue>

                        </customfieldvalues>
                    </customfield>
                                                                                                                                                                                                                                                                                                                                                                                                                                                                                                                                                                                                                                                <customfield id="customfield_12310420" key="com.pyxis.greenhopper.jira:gh-global-rank">
                        <customfieldname>Global Rank</customfieldname>
                        <customfieldvalues>
                            <customfieldvalue>110364</customfieldvalue>
                        </customfieldvalues>
                    </customfield>
                                                                                                                                                                                                                                                                                                                                                                                                                                                                        <customfield id="customfield_12311820" key="com.pyxis.greenhopper.jira:gh-lexo-rank">
                        <customfieldname>Rank</customfieldname>
                        <customfieldvalues>
                            <customfieldvalue>0|i0shmf:</customfieldvalue>

                        </customfieldvalues>
                    </customfield>
                                                                <customfield id="customfield_12310920" key="com.pyxis.greenhopper.jira:gh-global-rank">
                        <customfieldname>Rank (Obsolete)</customfieldname>
                        <customfieldvalues>
                            <customfieldvalue>164332</customfieldvalue>
                        </customfieldvalues>
                    </customfield>
                                                                                                                                                                                                                                                                                                                                                                                                                                                                                                                                                                                                                                                                                                                                                                                                                                                    </customfields>
    </item>


</channel>
</rss>