<rss version="0.92">
    <channel>
        <title>ASF JIRA</title>
        <link>https://issues.apache.org/jira/issues/?jql=project+%3D+CSV+AND+type+%3D+bug+and+%28status+%3D+RESOLVED+or+status+%3D+closed%29</link>
        <description>An XML representation of a search request</description>
                <language>en-uk</language>
                        <issue start="0" end="123" total="123" />
                <build-info>
            <version>8.20.7</version>
            <build-number>820007</build-number>
            <build-date>16-03-2022</build-date>
        </build-info>

<item>
            <title>[CSV-258] Error on read of special characters with little endian encoding</title>
                <link>https://issues.apache.org/jira/browse/CSV-258</link>
                <project id="12313222" key="CSV">Commons CSV</project>
                    <description>&lt;p&gt;Under certain scenarios, super-csv will blow up when consuming special characters. To make this error appear:&lt;/p&gt;
&lt;ol&gt;
	&lt;li&gt;Copy/paste the following CSV data into an empty file:&lt;/li&gt;
&lt;/ol&gt;


&lt;p&gt;&#160;&lt;br/&gt;
&lt;blockquote&gt;&lt;p&gt;&lt;tt&gt;CONLANG, LOCAL&lt;/tt&gt;&lt;/p&gt;

&lt;p&gt;&lt;tt&gt;ONE, 1&lt;/tt&gt;&lt;/p&gt;

&lt;p&gt;&lt;tt&gt;TWO, 2&lt;/tt&gt;&lt;/p&gt;

&lt;p&gt;&lt;tt&gt;THREE, 3&lt;/tt&gt;&lt;/p&gt;

&lt;p&gt;&lt;tt&gt;FOUR&#225;&#225;&#231;&#245;, 4&lt;/tt&gt;&lt;/p&gt;&lt;/blockquote&gt; # Save this file with encoding: UTF-16 Little Endian&lt;/p&gt;

&lt;ol&gt;
	&lt;li&gt;Try to parse the file with super-csv&lt;/li&gt;
&lt;/ol&gt;


&lt;p&gt;Here is the top stack trace I got while using it:&lt;/p&gt;

&lt;p&gt;&#160;&lt;/p&gt;
&lt;blockquote&gt;&lt;p&gt;{{MalformedInputException reading next record: java.nio.charset.MalformedInputException: Input length = 1-java.lang.IllegalStateException&lt;br/&gt;
java.nio.charset.MalformedInputException: Input length = 1&lt;br/&gt;
	at java.base/java.nio.charset.CoderResult.throwException(CoderResult.java:274)&lt;br/&gt;
	at java.base/sun.nio.cs.StreamDecoder.implRead(StreamDecoder.java:352)&lt;br/&gt;
	at java.base/sun.nio.cs.StreamDecoder.read(StreamDecoder.java:188)&lt;br/&gt;
	at java.base/java.io.InputStreamReader.read(InputStreamReader.java:181)&lt;br/&gt;
	at java.base/java.io.BufferedReader.read1(BufferedReader.java:210)&lt;br/&gt;
	at java.base/java.io.BufferedReader.read(BufferedReader.java:287)&lt;br/&gt;
	at java.base/java.io.BufferedReader.fill(BufferedReader.java:161)&lt;br/&gt;
	at java.base/java.io.BufferedReader.read(BufferedReader.java:182)&lt;br/&gt;
	at org.apache.commons.csv.ExtendedBufferedReader.read(ExtendedBufferedReader.java:58)&lt;br/&gt;
	at org.apache.commons.csv.Lexer.nextToken(Lexer.java:95)&lt;br/&gt;
	at org.apache.commons.csv.CSVParser.nextRecord(CSVParser.java:664)&lt;br/&gt;
	at org.apache.commons.csv.CSVParser$CSVRecordIterator.getNextRecord(CSVParser.java:142)&lt;br/&gt;
	at org.apache.commons.csv.CSVParser$CSVRecordIterator.hasNext(CSVParser.java:155)}}&lt;/p&gt;&lt;/blockquote&gt;
&lt;p&gt;Let me know if there are any other details I can git to help!&lt;/p&gt;</description>
                <environment />
        <key id="13286902">CSV-258</key>
            <summary>Error on read of special characters with little endian encoding</summary>
                <type id="1" iconUrl="https://issues.apache.org/jira/secure/viewavatar?size=xsmall&amp;avatarId=21133&amp;avatarType=issuetype">Bug</type>
                                            <priority id="4" iconUrl="https://issues.apache.org/jira/images/icons/priorities/minor.svg">Minor</priority>
                        <status id="6" iconUrl="https://issues.apache.org/jira/images/icons/statuses/closed.png" description="The issue is considered finished, the resolution is correct. Issues which are not closed can be reopened.">Closed</status>
                    <statusCategory id="3" key="done" colorName="green" />
                                    <resolution id="10004">Not A Bug</resolution>
                                        <assignee username="-1">Unassigned</assignee>
                                    <reporter username="draque">Draque Thompson</reporter>
                        <labels>
                    </labels>
                <created>Fri, 21 Feb 2020 22:48:57 +0000</created>
                <updated>Tue, 25 Feb 2020 20:59:22 +0000</updated>
                            <resolved>Tue, 25 Feb 2020 20:59:21 +0000</resolved>
                                    <version>1.8</version>
                                                    <component>Parser</component>
                        <due />
                            <votes>0</votes>
                                    <watches>2</watches>
                                                                <comments>
                            <comment id="17042219" author="garydgregory" created="Fri, 21 Feb 2020 22:57:14 +0000">&lt;p&gt;&lt;a href="https://issues.apache.org/jira/secure/ViewProfile.jspa?name=draque" class="user-hover" rel="draque"&gt;draque&lt;/a&gt;&lt;/p&gt;

&lt;p&gt;You are not showing how you are calling Commons CSV to parse the file...&lt;/p&gt;

&lt;p&gt;You also keep mentioning super-csv but the stack trace is for Commons CSV. Which project are you really using?&lt;/p&gt;</comment>
                            <comment id="17042228" author="draque" created="Fri, 21 Feb 2020 23:14:43 +0000">&lt;p&gt;Ack, sorry. Calling it super-csv is my fault. I have been jumping between multiple CSV tools, I misspoke there. Anyhow, here's how it's being called:&lt;/p&gt;

&lt;p&gt;&#160;&lt;/p&gt;

&lt;p&gt;inputFile = &amp;lt;PATH TO FILE&amp;gt;&lt;/p&gt;

&lt;p&gt;format = Delimiter:"," QuoteChar: "\"" RecordSeperator: "\n"&lt;/p&gt;

&lt;p&gt;&#160;&lt;/p&gt;
&lt;blockquote&gt;&lt;p&gt;private List&amp;lt;List&amp;lt;String&amp;gt;&amp;gt; getRows(String inputFile, CSVFormat format) throws FileNotFoundException, IOException {&lt;br/&gt;
 &#160;&#160;&#160;&#160; List&amp;lt;List&amp;lt;String&amp;gt;&amp;gt; ret = new ArrayList&amp;lt;&amp;gt;();&lt;/p&gt;

&lt;p&gt;&#160;&#160;&#160;&#160; try (&lt;br/&gt;
 &#160;&#160;&#160;&#160; &#160; &#160;&#160; &#160; Reader reader = Files.newBufferedReader(Paths.get(inputFile));&lt;br/&gt;
 &#160;&#160;&#160;&#160;&#160;&#160;&#160;&#160;&#160;&#160;&#160; CSVParser csvParser = new CSVParser(reader, format)&lt;br/&gt;
 &#160;&#160;&#160; ) {&lt;br/&gt;
 &#160;&#160;&#160;&#160;&#160;&#160;&#160; for (CSVRecord csvRecord : csvParser) {&lt;br/&gt;
 &#160;&#160;&#160;&#160;&#160;&#160;&#160; &#160; &#160;&#160; List&amp;lt;String&amp;gt; row = new ArrayList&amp;lt;&amp;gt;();&lt;/p&gt;

&lt;p&gt;&#160;&#160;&#160;&#160;&#160;&#160;&#160;&#160;&#160;&#160;&#160;&#160; for (int i = 0; i &amp;lt; csvRecord.size(); i++)&lt;/p&gt;

&lt;div class="error"&gt;&lt;span class="error"&gt;Unknown macro: { &#160;&#160;&#160;&#160;&#160;&#160;&#160;&#160;&#160;&#160;&#160;&#160;&#160;&#160;&#160;&#160; row.add(csvRecord.get(i)); &#160;&#160;&#160;&#160;&#160;&#160;&#160;&#160;&#160;&#160;&#160;&#160; }&lt;/span&gt; &lt;/div&gt;

&lt;p&gt;&#160;&#160;&#160;&#160;&#160;&#160;&#160;&#160;&#160;&#160;&#160;&#160; ret.add(deNullRow(row));&lt;br/&gt;
 &#160;&#160;&#160;&#160;&#160;&#160;&#160;&#160; }&lt;br/&gt;
 &#160;&#160;&#160;&#160; }&lt;/p&gt;

&lt;p&gt;&#160;&#160;&#160; return ret;&lt;br/&gt;
 }&lt;/p&gt;&lt;/blockquote&gt;</comment>
                            <comment id="17042317" author="garydgregory" created="Sat, 22 Feb 2020 01:07:49 +0000">&lt;p&gt;Well, you're reading the data using a different &lt;tt&gt;Charset&lt;/tt&gt;&#160;from the one used to create the file.&lt;/p&gt;

&lt;p&gt;If the file is not using the default platform encoding, then you MUST specify a &lt;tt&gt;Charset&lt;/tt&gt;&#160;in one of the following APIs&#160;&lt;/p&gt;

&lt;ul class="alternate" type="square"&gt;
	&lt;li&gt;&lt;tt&gt;java.nio.file.Files.newBufferedReader(Path, Charset)&lt;/tt&gt;&lt;/li&gt;
&lt;/ul&gt;


&lt;p&gt;or one from Commons CSV:&lt;/p&gt;

&lt;ul class="alternate" type="square"&gt;
	&lt;li&gt;&lt;tt&gt;org.apache.commons.csv.CSVParser.parse(File, Charset, CSVFormat)&lt;/tt&gt;&lt;/li&gt;
	&lt;li&gt;&lt;tt&gt;org.apache.commons.csv.CSVParser.parse(InputStream, Charset, CSVFormat)&lt;/tt&gt;&lt;/li&gt;
	&lt;li&gt;&lt;tt&gt;org.apache.commons.csv.CSVParser.parse(Path, Charset, CSVFormat)&lt;/tt&gt;&lt;/li&gt;
	&lt;li&gt;&lt;tt&gt;org.apache.commons.csv.CSVParser.parse(URL, Charset, CSVFormat)&lt;/tt&gt;&lt;/li&gt;
&lt;/ul&gt;


&lt;p&gt;Otherwise, there all bets are off.&lt;/p&gt;

&lt;p&gt;Gary&#160;&lt;/p&gt;

&lt;p&gt;That or build&#160;&lt;/p&gt;</comment>
                            <comment id="17044778" author="draque" created="Tue, 25 Feb 2020 19:37:23 +0000">&lt;p&gt;Thanks for the reply! Advice appreciated and implemented.&lt;/p&gt;</comment>
                    </comments>
                    <attachments>
                            <attachment id="12994146" name="badcharacters.txt" size="100" author="draque" created="Fri, 21 Feb 2020 22:48:49 +0000" />
                    </attachments>
                <subtasks>
                    </subtasks>
                <customfields>
                                                                                                                                                                                                                                                                                                                                                                                                                                                                                                                                                                                                                                                                                                                    <customfield id="customfield_12314020" key="com.atlassian.jira.plugins.jira-development-integration-plugin:devsummary">
                        <customfieldname>Development</customfieldname>
                        <customfieldvalues>
                            
                        </customfieldvalues>
                    </customfield>
                                                                                                                        <customfield id="customfield_12313422" key="com.atlassian.jirafisheyeplugin:jobcheckbox">
                        <customfieldname>Enable Automatic Patch Review</customfieldname>
                        <customfieldvalues>
                            <customfieldvalue>false</customfieldvalue>

                        </customfieldvalues>
                    </customfield>
                                                                                                                                                                                                                                                                                                                                                                                                                                                                                                                                                                                                                                                <customfield id="customfield_12310420" key="com.pyxis.greenhopper.jira:gh-global-rank">
                        <customfieldname>Global Rank</customfieldname>
                        <customfieldvalues>
                            <customfieldvalue>9223372036854775807</customfieldvalue>
                        </customfieldvalues>
                    </customfield>
                                                                                                                                                                                                                                                                                                                                                                                                                                                                        <customfield id="customfield_12311820" key="com.pyxis.greenhopper.jira:gh-lexo-rank">
                        <customfieldname>Rank</customfieldname>
                        <customfieldvalues>
                            <customfieldvalue>0|z0brqo:</customfieldvalue>

                        </customfieldvalues>
                    </customfield>
                                                                <customfield id="customfield_12310920" key="com.pyxis.greenhopper.jira:gh-global-rank">
                        <customfieldname>Rank (Obsolete)</customfieldname>
                        <customfieldvalues>
                            <customfieldvalue>9223372036854775807</customfieldvalue>
                        </customfieldvalues>
                    </customfield>
                                                                                                                                                                                                                                                                                                                                                                                                                                                                                                                                                                                                                                                                                                                                                                                            </customfields>
    </item>


</channel>
</rss>