<rss version="0.92">
    <channel>
        <title>ASF JIRA</title>
        <link>https://issues.apache.org/jira/issues/?jql=project+%3D+%22Commons+CSV%22+and+type+%3D+bug+and+%28status+%3D+RESOLVED+or+status+%3D+closed%29+and+resolution+%3D+Fixed+and+fixVersion+%21%3D+None++and+affectedVersion+%21%3D+None++and+affectedVersion+%21%3D+%22Nightly+Build%22</link>
        <description>An XML representation of a search request</description>
                <language>en-uk</language>
                        <issue start="0" end="35" total="35" />
                <build-info>
            <version>8.20.1</version>
            <build-number>820001</build-number>
            <build-date>28-10-2021</build-date>
        </build-info>

<item>
            <title>[CSV-240] Links for JavaDoc broken on web site</title>
                <link>https://issues.apache.org/jira/browse/CSV-240</link>
                <project id="12313222" key="CSV">Commons CSV</project>
                    <description>&lt;p&gt;The sidebar on the left of this page:&lt;/p&gt;

&lt;p&gt;&lt;a href="https://commons.apache.org/proper/commons-csv/" class="external-link" target="_blank" rel="nofollow noopener"&gt;https://commons.apache.org/proper/commons-csv/&lt;/a&gt;&lt;/p&gt;

&lt;p&gt;&#8230;has items for `Javadoc 1.6`, `Javadoc 1.5`, and so on. The main body of the page has the same. All of these links for the numbered versions of `Javadoc` are broken, resulting in a `Not Found` error page.&lt;/p&gt;

&lt;p&gt;For example, one such broken link:&#160;&lt;/p&gt;

&lt;p&gt;&lt;a href="https://commons.apache.org/proper/commons-csv/archives/1.6/apidocs/index.html" class="external-link" target="_blank" rel="nofollow noopener"&gt;https://commons.apache.org/proper/commons-csv/archives/1.6/apidocs/index.html&lt;/a&gt;&lt;/p&gt;

&lt;p&gt;The only Javadoc link that works is `Javadoc Trunk`, but that is for the forthcoming release, not the current release.&lt;/p&gt;

&lt;p&gt;&lt;a href="https://commons.apache.org/proper/commons-csv/apidocs/index.html" class="external-link" target="_blank" rel="nofollow noopener"&gt;https://commons.apache.org/proper/commons-csv/apidocs/index.html&lt;/a&gt;&lt;/p&gt;

&lt;p&gt;&#160;&lt;/p&gt;

&lt;p&gt;&#160;&lt;/p&gt;</description>
                <environment />
        <key id="13237323">CSV-240</key>
            <summary>Links for JavaDoc broken on web site</summary>
                <type id="1" iconUrl="https://issues.apache.org/jira/secure/viewavatar?size=xsmall&amp;avatarId=21133&amp;avatarType=issuetype">Bug</type>
                                            <priority id="4" iconUrl="https://issues.apache.org/jira/images/icons/priorities/minor.svg">Minor</priority>
                        <status id="5" iconUrl="https://issues.apache.org/jira/images/icons/statuses/resolved.png" description="A resolution has been taken, and it is awaiting verification by reporter. From here issues are either reopened, or are closed.">Resolved</status>
                    <statusCategory id="3" key="done" colorName="green" />
                                    <resolution id="1">Fixed</resolution>
                                        <assignee username="-1">Unassigned</assignee>
                                    <reporter username="Bourque">Basil</reporter>
                        <labels>
                    </labels>
                <created>Mon, 3 Jun 2019 20:27:12 +0000</created>
                <updated>Mon, 7 Oct 2019 17:21:44 +0000</updated>
                            <resolved>Mon, 7 Oct 2019 17:21:44 +0000</resolved>
                                    <version>1.6</version>
                                    <fixVersion>1.7</fixVersion>
                                    <component>Documentation</component>
                        <due />
                            <votes>0</votes>
                                    <watches>2</watches>
                                                                <comments>
                            <comment id="16855046" author="garydgregory" created="Mon, 3 Jun 2019 21:03:25 +0000">&lt;p&gt;This will be fixed in the upcoming release; for a preview please see &lt;a href="https://dist.apache.org/repos/dist/dev/commons/csv/1.7-RC1/site/index.html" class="external-link" target="_blank" rel="nofollow noopener"&gt;https://dist.apache.org/repos/dist/dev/commons/csv/1.7-RC1/site/index.html&lt;/a&gt;&lt;/p&gt;</comment>
                            <comment id="16946057" author="garydgregory" created="Mon, 7 Oct 2019 17:21:44 +0000">&lt;p&gt;Hi&#160;&lt;a href="https://issues.apache.org/jira/secure/ViewProfile.jspa?name=Bourque" class="user-hover" rel="Bourque"&gt;Bourque&lt;/a&gt;,&lt;/p&gt;

&lt;p&gt;The site should be OK as of 1.7.&lt;/p&gt;

&lt;p&gt;Please verify and close.&lt;/p&gt;

&lt;p&gt;Gary&lt;/p&gt;</comment>
                    </comments>
                    <attachments>
                    </attachments>
                <subtasks>
                    </subtasks>
                <customfields>
                                                                                                                                                                                                                                                                                                                                                                                                                                                                                                                                                                                                                                                                                                                    <customfield id="customfield_12314020" key="com.atlassian.jira.plugins.jira-development-integration-plugin:devsummary">
                        <customfieldname>Development</customfieldname>
                        <customfieldvalues>
                            
                        </customfieldvalues>
                    </customfield>
                                                                                                                        <customfield id="customfield_12313422" key="com.atlassian.jirafisheyeplugin:jobcheckbox">
                        <customfieldname>Enable Automatic Patch Review</customfieldname>
                        <customfieldvalues>
                            <customfieldvalue>false</customfieldvalue>

                        </customfieldvalues>
                    </customfield>
                                                                                                                                                                                                                                                                                                                                                                                                                                                                                                                                                                                                                                                <customfield id="customfield_12310420" key="com.pyxis.greenhopper.jira:gh-global-rank">
                        <customfieldname>Global Rank</customfieldname>
                        <customfieldvalues>
                            <customfieldvalue>9223372036854775807</customfieldvalue>
                        </customfieldvalues>
                    </customfield>
                                                                                                                                                                                                                                                                                                                                                                                                                                                                        <customfield id="customfield_12311820" key="com.pyxis.greenhopper.jira:gh-lexo-rank">
                        <customfieldname>Rank</customfieldname>
                        <customfieldvalues>
                            <customfieldvalue>0|z03dfc:</customfieldvalue>

                        </customfieldvalues>
                    </customfield>
                                                                <customfield id="customfield_12310920" key="com.pyxis.greenhopper.jira:gh-global-rank">
                        <customfieldname>Rank (Obsolete)</customfieldname>
                        <customfieldvalues>
                            <customfieldvalue>9223372036854775807</customfieldvalue>
                        </customfieldvalues>
                    </customfield>
                                                                                                                                                                                                                                                                                                                                                                                                                                                                                                                                                                                                                                                                                                                                                                                            </customfields>
    </item>


</channel>
</rss>