<rss version="0.92">
    <channel>
        <title>ASF JIRA</title>
        <link>https://issues.apache.org/jira/issues/?jql=project+%3D+CSV+AND+type+%3D+bug+and+%28status+%3D+RESOLVED+or+status+%3D+closed%29</link>
        <description>An XML representation of a search request</description>
                <language>en-uk</language>
                        <issue start="0" end="123" total="123" />
                <build-info>
            <version>8.20.7</version>
            <build-number>820007</build-number>
            <build-date>16-03-2022</build-date>
        </build-info>

<item>
            <title>[CSV-33] The CSVPrinter ecapsing inconsistant with CSVParser</title>
                <link>https://issues.apache.org/jira/browse/CSV-33</link>
                <project id="12313222" key="CSV">Commons CSV</project>
                    <description>&lt;p&gt;The CSVPrinter ecapses new line and return character to "\n" and "\r" if these occur within the encapsulators (this is within the CSVPrinter.escapeAndQuote(String) method).  However, the CSVParser do not convert these back to new line and return characters in the same fashion.  So if you use the CSVPrinter to create a delimited file containing new line or return characters within an entry and then read this file using the CSVParser the text read in by the CSVParser will not match the text written by the CSVPrinter (the difference being that every new line and return character will be replaced by "\n" and "\r" respectively).&lt;/p&gt;

&lt;p&gt;A possible fix for this would be to add two extra 'else if' statements to CSVParser.encapsulatedTokenLexer(Token, int) starting at line 49, as detailed below (the &lt;em&gt;ehampsised&lt;/em&gt; text indicated the changes):&lt;/p&gt;

&lt;p&gt;else if (c == '&lt;br class="atl-forced-newline" /&gt;' &amp;amp;&amp;amp; in.lookAhead() == '&lt;br class="atl-forced-newline" /&gt;')&lt;/p&gt;
                {
                    // doubled escape char, it does not escape itself, only encapsulator
                    // -&amp;gt; add both escape chars to stream
                    tkn.content.append((char) c);
                    c = in.read();
                    tkn.content.append((char) c);
                }
&lt;p&gt;                &lt;em&gt;else if (c == '&lt;br class="atl-forced-newline" /&gt;' &amp;amp;&amp;amp; in.lookAhead() == 'n')&lt;/em&gt;&lt;br/&gt;
                &lt;em&gt;{&lt;/em&gt;&lt;br/&gt;
                   _ // escaped java new line character, append a new line character_&lt;br/&gt;
                    &lt;em&gt;tkn.content.append('\n');&lt;/em&gt;&lt;br/&gt;
                    &lt;em&gt;c = in.read();&lt;/em&gt;&lt;br/&gt;
                &lt;em&gt;}&lt;/em&gt;&lt;br/&gt;
                &lt;em&gt;else if (c == '&lt;br class="atl-forced-newline" /&gt;' &amp;amp;&amp;amp; in.lookAhead() == 'r')&lt;/em&gt;&lt;br/&gt;
                &lt;em&gt;{&lt;/em&gt;&lt;br/&gt;
                 &lt;em&gt;// escaped java return character, append a return character&lt;/em&gt;&lt;br/&gt;
                    &lt;em&gt;tkn.content.append('\r');&lt;/em&gt;&lt;br/&gt;
                    &lt;em&gt;c = in.read();&lt;/em&gt;&lt;br/&gt;
                &lt;em&gt;}&lt;/em&gt;&lt;br/&gt;
                else if (strategy.getUnicodeEscapeInterpretation() &amp;amp;&amp;amp; c == '&lt;br class="atl-forced-newline" /&gt;'&lt;br/&gt;
                        &amp;amp;&amp;amp; in.lookAhead() == 'u')&lt;/p&gt;
                {
                    // interpret unicode escaped chars (like \u0070 -&amp;gt; p)
                    tkn.content.append((char) unicodeEscapeLexer(c));
                }</description>
                <environment />
        <key id="12425331">CSV-33</key>
            <summary>The CSVPrinter ecapsing inconsistant with CSVParser</summary>
                <type id="1" iconUrl="https://issues.apache.org/jira/secure/viewavatar?size=xsmall&amp;avatarId=21133&amp;avatarType=issuetype">Bug</type>
                                            <priority id="4" iconUrl="https://issues.apache.org/jira/images/icons/priorities/minor.svg">Minor</priority>
                        <status id="6" iconUrl="https://issues.apache.org/jira/images/icons/statuses/closed.png" description="The issue is considered finished, the resolution is correct. Issues which are not closed can be reopened.">Closed</status>
                    <statusCategory id="3" key="done" colorName="green" />
                                    <resolution id="1">Fixed</resolution>
                                        <assignee username="-1">Unassigned</assignee>
                                    <reporter username="colings">Colin Goodheart-Smithe</reporter>
                        <labels>
                    </labels>
                <created>Wed, 13 May 2009 14:16:28 +0000</created>
                <updated>Thu, 14 Aug 2014 20:06:25 +0000</updated>
                            <resolved>Thu, 15 Jul 2010 01:42:35 +0000</resolved>
                                                    <fixVersion>1.0</fixVersion>
                                    <component>Printer</component>
                        <due />
                            <votes>0</votes>
                                    <watches>0</watches>
                                                                <comments>
                            <comment id="12708937" author="colings" created="Wed, 13 May 2009 14:19:09 +0000">&lt;p&gt;This JUnit test illustrates the bug in this issue.&lt;/p&gt;</comment>
                            <comment id="12708938" author="colings" created="Wed, 13 May 2009 14:19:40 +0000">&lt;p&gt;Possible fix for this issue&lt;/p&gt;</comment>
                            <comment id="12888668" author="yseeley@gmail.com" created="Thu, 15 Jul 2010 01:42:35 +0000">&lt;p&gt;I believe this was fixed by &lt;a href="https://issues.apache.org/jira/browse/CSV-45" title="CSVPrinter overhaul" class="issue-link" data-issue-key="CSV-45"&gt;&lt;del&gt;SANDBOX-322&lt;/del&gt;&lt;/a&gt;&lt;/p&gt;</comment>
                    </comments>
                    <attachments>
                            <attachment id="12407997" name="CSVParser.java" size="23711" author="colings" created="Wed, 13 May 2009 14:19:40 +0000" />
                            <attachment id="12407996" name="CSVPrintTest.java" size="3267" author="colings" created="Wed, 13 May 2009 14:19:09 +0000" />
                    </attachments>
                <subtasks>
                    </subtasks>
                <customfields>
                                                                                                                                                                                                                                                                                                                                                                                                                                                                                                                                                                                                                                                                                                                    <customfield id="customfield_12314020" key="com.atlassian.jira.plugins.jira-development-integration-plugin:devsummary">
                        <customfieldname>Development</customfieldname>
                        <customfieldvalues>
                            
                        </customfieldvalues>
                    </customfield>
                                                                                                                        <customfield id="customfield_12313422" key="com.atlassian.jirafisheyeplugin:jobcheckbox">
                        <customfieldname>Enable Automatic Patch Review</customfieldname>
                        <customfieldvalues>
                            <customfieldvalue>false</customfieldvalue>

                        </customfieldvalues>
                    </customfield>
                                                                                                                                                                                                                                                                                                                                                                                                                                                                                                                                                                                                                                                <customfield id="customfield_12310420" key="com.pyxis.greenhopper.jira:gh-global-rank">
                        <customfieldname>Global Rank</customfieldname>
                        <customfieldvalues>
                            <customfieldvalue>171925</customfieldvalue>
                        </customfieldvalues>
                    </customfield>
                                                                                                                                                                                                                                                                                                                                                                                                                                                                        <customfield id="customfield_12311820" key="com.pyxis.greenhopper.jira:gh-lexo-rank">
                        <customfieldname>Rank</customfieldname>
                        <customfieldvalues>
                            <customfieldvalue>0|i0tfqv:</customfieldvalue>

                        </customfieldvalues>
                    </customfield>
                                                                <customfield id="customfield_12310920" key="com.pyxis.greenhopper.jira:gh-global-rank">
                        <customfieldname>Rank (Obsolete)</customfieldname>
                        <customfieldvalues>
                            <customfieldvalue>169860</customfieldvalue>
                        </customfieldvalues>
                    </customfield>
                                                                                                                                                                                                                                                                                                                                                                                                                                                                                                                                                                                                                                                                                                                                                                                            </customfields>
    </item>


</channel>
</rss>