<rss version="0.92">
    <channel>
        <title>ASF JIRA</title>
        <link>https://issues.apache.org/jira/issues/?jql=project+%3D+CSV+AND+type+%3D+bug+and+%28status+%3D+RESOLVED+or+status+%3D+closed%29</link>
        <description>An XML representation of a search request</description>
                <language>en-uk</language>
                        <issue start="0" end="123" total="123" />
                <build-info>
            <version>8.20.7</version>
            <build-number>820007</build-number>
            <build-date>16-03-2022</build-date>
        </build-info>

<item>
            <title>[CSV-128] CSVFormat.EXCEL should ignore empty header names</title>
                <link>https://issues.apache.org/jira/browse/CSV-128</link>
                <project id="12313222" key="CSV">Commons CSV</project>
                    <description>&lt;p&gt;I have an Excel file with a first row with N column names&lt;br/&gt;
If there are additional columns that are not labeled, Excel exports empty columns. For example:&lt;br/&gt;
A,B,C,,&lt;br/&gt;
a,b,c,d,e&lt;/p&gt;

&lt;p&gt;This causes an IAE like:&lt;/p&gt;

&lt;div class="preformatted panel" style="border-width: 1px;"&gt;&lt;div class="preformattedContent panelContent"&gt;
&lt;pre&gt;java.lang.IllegalArgumentException: The header contains a duplicate name: "" in [A, B, C, , ]
	at org.apache.commons.csv.CSVParser.initializeHeader(CSVParser.java:368)
	at org.apache.commons.csv.CSVParser.&amp;lt;init&amp;gt;(CSVParser.java:248)
	at org.apache.commons.csv.CSVParser.parse(CSVParser.java:206)
&lt;/pre&gt;
&lt;/div&gt;&lt;/div&gt;	

&lt;p&gt;It seems like the simplest solution is to ignore empty column names, such that they cannot be addressable and not attempt to index them.&lt;/p&gt;</description>
                <environment>&lt;p&gt;Apache Maven 3.2.3 (33f8c3e1027c3ddde99d3cdebad2656a31e8fdf4; 2014-08-11T16:58:10-04:00)&lt;br/&gt;
Maven home: C:\Java\apache-maven-3.2.3&lt;br/&gt;
Java version: 1.7.0_65, vendor: Oracle Corporation&lt;br/&gt;
Java home: C:\Program Files\Java\jdk1.7.0_65\jre&lt;br/&gt;
Default locale: en_US, platform encoding: Cp1252&lt;br/&gt;
OS name: "windows 7", version: "6.1", arch: "amd64", family: "windows"&lt;/p&gt;</environment>
        <key id="12736995">CSV-128</key>
            <summary>CSVFormat.EXCEL should ignore empty header names</summary>
                <type id="1" iconUrl="https://issues.apache.org/jira/secure/viewavatar?size=xsmall&amp;avatarId=21133&amp;avatarType=issuetype">Bug</type>
                                            <priority id="3" iconUrl="https://issues.apache.org/jira/images/icons/priorities/major.svg">Major</priority>
                        <status id="5" iconUrl="https://issues.apache.org/jira/images/icons/statuses/resolved.png" description="A resolution has been taken, and it is awaiting verification by reporter. From here issues are either reopened, or are closed.">Resolved</status>
                    <statusCategory id="3" key="done" colorName="green" />
                                    <resolution id="1">Fixed</resolution>
                                        <assignee username="ggregory">Gary D. Gregory</assignee>
                                    <reporter username="ggregory">Gary D. Gregory</reporter>
                        <labels>
                    </labels>
                <created>Wed, 27 Aug 2014 02:28:33 +0000</created>
                <updated>Wed, 27 Aug 2014 14:14:27 +0000</updated>
                            <resolved>Wed, 27 Aug 2014 14:14:13 +0000</resolved>
                                    <version>1.0</version>
                                    <fixVersion>1.1</fixVersion>
                                    <component>Parser</component>
                        <due />
                            <votes>0</votes>
                                    <watches>1</watches>
                                                                <comments>
                            <comment id="14112245" author="garydgregory" created="Wed, 27 Aug 2014 13:36:32 +0000">&lt;p&gt;Ok, so this can be handled with &lt;tt&gt;withAllowMissingColumnNames(true)&lt;/tt&gt; so the bug could be that the built-in &lt;tt&gt;EXCEL&lt;/tt&gt; format object should have &lt;tt&gt;withAllowMissingColumnNames(true)&lt;/tt&gt;.&lt;/p&gt;

&lt;p&gt;How about that?&lt;/p&gt;

&lt;p&gt;I have a commit read and I changed the title of this JIRA to reflect the change to "CSVFormat.EXCEL should ignore empty header names"&lt;/p&gt;</comment>
                            <comment id="14112272" author="garydgregory" created="Wed, 27 Aug 2014 14:14:13 +0000">&lt;div class="preformatted panel" style="border-width: 1px;"&gt;&lt;div class="preformattedContent panelContent"&gt;
&lt;pre&gt;commit -m "[CSV-128] CSVFormat.EXCEL should ignore empty header names" C:/vcs/svn/apache/commons/trunks-proper/csv/src/test/java/org/apache/commons/csv/CSVParserTest.java C:/vcs/svn/apache/commons/trunks-proper/csv/src/main/java/org/apache/commons/csv/CSVFormat.java C:/vcs/svn/apache/commons/trunks-proper/csv/src/changes/changes.xml
    Sending        C:/vcs/svn/apache/commons/trunks-proper/csv/src/changes/changes.xml
    Sending        C:/vcs/svn/apache/commons/trunks-proper/csv/src/main/java/org/apache/commons/csv/CSVFormat.java
    Sending        C:/vcs/svn/apache/commons/trunks-proper/csv/src/test/java/org/apache/commons/csv/CSVParserTest.java
    Transmitting file data ...
    Committed revision 1620902.
&lt;/pre&gt;
&lt;/div&gt;&lt;/div&gt;</comment>
                    </comments>
                    <attachments>
                    </attachments>
                <subtasks>
                    </subtasks>
                <customfields>
                                                                                                                                                                                                                                                                                                                                                                                                                                                                                                                                                                                                                                                                                                                    <customfield id="customfield_12314020" key="com.atlassian.jira.plugins.jira-development-integration-plugin:devsummary">
                        <customfieldname>Development</customfieldname>
                        <customfieldvalues>
                            
                        </customfieldvalues>
                    </customfield>
                                                                                                                        <customfield id="customfield_12313422" key="com.atlassian.jirafisheyeplugin:jobcheckbox">
                        <customfieldname>Enable Automatic Patch Review</customfieldname>
                        <customfieldvalues>
                            <customfieldvalue>false</customfieldvalue>

                        </customfieldvalues>
                    </customfield>
                                                                                                                                                                                                                                                                                                                                                                                                                                                                                                                                                                                                                                                <customfield id="customfield_12310420" key="com.pyxis.greenhopper.jira:gh-global-rank">
                        <customfieldname>Global Rank</customfieldname>
                        <customfieldvalues>
                            <customfieldvalue>9223372036854775807</customfieldvalue>
                        </customfieldvalues>
                    </customfield>
                                                                                                                                                                                                                                                                                                                                                                                                                                                                        <customfield id="customfield_12311820" key="com.pyxis.greenhopper.jira:gh-lexo-rank">
                        <customfieldname>Rank</customfieldname>
                        <customfieldvalues>
                            <customfieldvalue>0|i1zdhj:</customfieldvalue>

                        </customfieldvalues>
                    </customfield>
                                                                <customfield id="customfield_12310920" key="com.pyxis.greenhopper.jira:gh-global-rank">
                        <customfieldname>Rank (Obsolete)</customfieldname>
                        <customfieldvalues>
                            <customfieldvalue>9223372036854775807</customfieldvalue>
                        </customfieldvalues>
                    </customfield>
                                                                                                                                                                                                                                                                                                                                                                                                                                                                                                                                                                                                                                                                                                                                                                                            </customfields>
    </item>


</channel>
</rss>