<rss version="0.92">
    <channel>
        <title>ASF JIRA</title>
        <link>https://issues.apache.org/jira/issues/?jql=project+%3D+CSV+AND+type+%3D+bug+and+%28status+%3D+RESOLVED+or+status+%3D+closed%29</link>
        <description>An XML representation of a search request</description>
                <language>en-uk</language>
                        <issue start="0" end="123" total="123" />
                <build-info>
            <version>8.20.7</version>
            <build-number>820007</build-number>
            <build-date>16-03-2022</build-date>
        </build-info>

<item>
            <title>[CSV-7] CSVParser.getLine() blocks until char after eol is recieved.</title>
                <link>https://issues.apache.org/jira/browse/CSV-7</link>
                <project id="12313222" key="CSV">Commons CSV</project>
                    <description>&lt;p&gt;If you are parsing a stream (for example stdin) and you call CSVParser.getLine() I would it to expect to block until a eol or eof is encountered.  Instead the method blocks until it has recieved a char after the eol.  This seems to be because ExtendedBufferReader blocks on lookaheadchar in read().  It should check to see if there the underlying input stream is ready before blocking to read the lookaheadchar.&lt;/p&gt;</description>
                <environment />
        <key id="12350192">CSV-7</key>
            <summary>CSVParser.getLine() blocks until char after eol is recieved.</summary>
                <type id="1" iconUrl="https://issues.apache.org/jira/secure/viewavatar?size=xsmall&amp;avatarId=21133&amp;avatarType=issuetype">Bug</type>
                                            <priority id="3" iconUrl="https://issues.apache.org/jira/images/icons/priorities/major.svg">Major</priority>
                        <status id="6" iconUrl="https://issues.apache.org/jira/images/icons/statuses/closed.png" description="The issue is considered finished, the resolution is correct. Issues which are not closed can be reopened.">Closed</status>
                    <statusCategory id="3" key="done" colorName="green" />
                                    <resolution id="1">Fixed</resolution>
                                        <assignee username="-1">Unassigned</assignee>
                                    <reporter username="eengstrom">Erik Engstrom</reporter>
                        <labels>
                    </labels>
                <created>Mon, 18 Sep 2006 21:04:18 +0000</created>
                <updated>Fri, 9 Mar 2012 22:41:01 +0000</updated>
                            <resolved>Tue, 30 Jan 2007 20:30:43 +0000</resolved>
                                                                    <component>Parser</component>
                        <due />
                            <votes>0</votes>
                                    <watches>1</watches>
                                                                <comments>
                            <comment id="12465847" author="yseeley@gmail.com" created="Thu, 18 Jan 2007 19:37:13 +0000">&lt;p&gt;If processing depends on a lookahead, I don't see how one could not block.&lt;/p&gt;</comment>
                            <comment id="12466082" author="eengstrom" created="Fri, 19 Jan 2007 15:31:33 +0000">&lt;p&gt;The attatched patch fixes the issue.  All tests pass after the patch, processing only depends on a lookahead when you are looking for an eol or delimiter.  Once an EOL is encountered the lookahead is not required.  Please consider this patch.&lt;/p&gt;</comment>
                            <comment id="12468775" author="yseeley@gmail.com" created="Tue, 30 Jan 2007 20:30:43 +0000">&lt;p&gt;I just committed this patch.  Thanks Erik!&lt;/p&gt;</comment>
                    </comments>
                    <attachments>
                            <attachment id="12349271" name="ExtendedBufferedReader.java.diff" size="516" author="eengstrom" created="Fri, 19 Jan 2007 15:20:05 +0000" />
                    </attachments>
                <subtasks>
                    </subtasks>
                <customfields>
                                                                                                                                                                                                                                                                                                                                                                                                                                                                                                                                                                                                                                                                                                                    <customfield id="customfield_12314020" key="com.atlassian.jira.plugins.jira-development-integration-plugin:devsummary">
                        <customfieldname>Development</customfieldname>
                        <customfieldvalues>
                            
                        </customfieldvalues>
                    </customfield>
                                                                                                                        <customfield id="customfield_12313422" key="com.atlassian.jirafisheyeplugin:jobcheckbox">
                        <customfieldname>Enable Automatic Patch Review</customfieldname>
                        <customfieldvalues>
                            <customfieldvalue>false</customfieldvalue>

                        </customfieldvalues>
                    </customfield>
                                                                                                                                                                                                                                                                                                                                                                                                                                                                                                                                                                                                                                                <customfield id="customfield_12310420" key="com.pyxis.greenhopper.jira:gh-global-rank">
                        <customfieldname>Global Rank</customfieldname>
                        <customfieldvalues>
                            <customfieldvalue>171847</customfieldvalue>
                        </customfieldvalues>
                    </customfield>
                                                                                                                                                                                                                                                                                                                                                                                                                                                                        <customfield id="customfield_12311820" key="com.pyxis.greenhopper.jira:gh-lexo-rank">
                        <customfieldname>Rank</customfieldname>
                        <customfieldvalues>
                            <customfieldvalue>0|i0uncf:</customfieldvalue>

                        </customfieldvalues>
                    </customfield>
                                                                <customfield id="customfield_12310920" key="com.pyxis.greenhopper.jira:gh-global-rank">
                        <customfieldname>Rank (Obsolete)</customfieldname>
                        <customfieldvalues>
                            <customfieldvalue>176923</customfieldvalue>
                        </customfieldvalues>
                    </customfield>
                                                                                                                                                                                                                                                                                                                                                                                                                                                                                                                                                                                                                                                                                                                                                                                            </customfields>
    </item>


</channel>
</rss>