<rss version="0.92">
    <channel>
        <title>ASF JIRA</title>
        <link>https://issues.apache.org/jira/issues/?jql=project+%3D+CSV+AND+type+%3D+bug+and+%28status+%3D+RESOLVED+or+status+%3D+closed%29</link>
        <description>An XML representation of a search request</description>
                <language>en-uk</language>
                        <issue start="0" end="123" total="123" />
                <build-info>
            <version>8.20.7</version>
            <build-number>820007</build-number>
            <build-date>16-03-2022</build-date>
        </build-info>

<item>
            <title>[CSV-23] Excel strategy uses wrong separator</title>
                <link>https://issues.apache.org/jira/browse/CSV-23</link>
                <project id="12313222" key="CSV">Commons CSV</project>
                    <description>&lt;p&gt;The Excel strategy is defined as follows.&lt;/p&gt;
&lt;div class="code panel" style="border-width: 1px;"&gt;&lt;div class="codeContent panelContent"&gt;
&lt;pre class="code-java"&gt;    &lt;span class="code-keyword"&gt;public&lt;/span&gt; &lt;span class="code-keyword"&gt;static&lt;/span&gt; CSVStrategy EXCEL_STRATEGY   = &lt;span class="code-keyword"&gt;new&lt;/span&gt; CSVStrategy(&lt;span class="code-quote"&gt;','&lt;/span&gt;, &lt;span class="code-quote"&gt;'"'&lt;/span&gt;, COMMENTS_DISABLED, ESCAPE_DISABLED, &lt;span class="code-keyword"&gt;false&lt;/span&gt;, 
                                                                 &lt;span class="code-keyword"&gt;false&lt;/span&gt;, &lt;span class="code-keyword"&gt;false&lt;/span&gt;, &lt;span class="code-keyword"&gt;false&lt;/span&gt;);
&lt;/pre&gt;
&lt;/div&gt;&lt;/div&gt;

&lt;p&gt;However, when I do a "Save as" in Excel the separator used is actually &lt;tt&gt;';'&lt;/tt&gt;. Thus, parsing the CSV file as suggested in the JavaDoc of &lt;tt&gt;CSVParser&lt;/tt&gt; fails.&lt;/p&gt;

&lt;div class="code panel" style="border-width: 1px;"&gt;&lt;div class="codeContent panelContent"&gt;
&lt;pre class="code-java"&gt;&lt;span class="code-object"&gt;String&lt;/span&gt;[][] data =
   (&lt;span class="code-keyword"&gt;new&lt;/span&gt; CSVParser(&lt;span class="code-keyword"&gt;new&lt;/span&gt; StringReader(&lt;span class="code-quote"&gt;"a;b\nc;d"&lt;/span&gt;), CSVStrategy.EXCEL_STRATEGY)).getAllValues();
&lt;/pre&gt;
&lt;/div&gt;&lt;/div&gt;

&lt;p&gt;Simple test to reproduce:&lt;/p&gt;
&lt;div class="code panel" style="border-width: 1px;"&gt;&lt;div class="codeContent panelContent"&gt;
&lt;pre class="code-java"&gt;&lt;span class="code-keyword"&gt;import&lt;/span&gt; java.io.IOException;
&lt;span class="code-keyword"&gt;import&lt;/span&gt; java.io.StringReader;

&lt;span class="code-keyword"&gt;import&lt;/span&gt; org.apache.commons.csv.CSVParser;
&lt;span class="code-keyword"&gt;import&lt;/span&gt; org.apache.commons.csv.CSVStrategy;

&lt;span class="code-keyword"&gt;public&lt;/span&gt; &lt;span class="code-keyword"&gt;class &lt;/span&gt;CSVExcelStrategyBug {

	&lt;span class="code-keyword"&gt;public&lt;/span&gt; &lt;span class="code-keyword"&gt;static&lt;/span&gt; void main(&lt;span class="code-keyword"&gt;final&lt;/span&gt; &lt;span class="code-object"&gt;String&lt;/span&gt;[] args) {
		&lt;span class="code-keyword"&gt;try&lt;/span&gt; {
			&lt;span class="code-object"&gt;System&lt;/span&gt;.out.println(&lt;span class="code-quote"&gt;"Using ;"&lt;/span&gt;);
			parse(&lt;span class="code-quote"&gt;"a;b\nc;d"&lt;/span&gt;);
			&lt;span class="code-object"&gt;System&lt;/span&gt;.out.println();
			&lt;span class="code-object"&gt;System&lt;/span&gt;.out.println(&lt;span class="code-quote"&gt;"Using ,"&lt;/span&gt;);
			parse(&lt;span class="code-quote"&gt;"a,b\nc,d"&lt;/span&gt;);
		} &lt;span class="code-keyword"&gt;catch&lt;/span&gt; (&lt;span class="code-keyword"&gt;final&lt;/span&gt; IOException e) {
			e.printStackTrace();
		}

	}

	&lt;span class="code-keyword"&gt;private&lt;/span&gt; &lt;span class="code-keyword"&gt;static&lt;/span&gt; void parse(&lt;span class="code-keyword"&gt;final&lt;/span&gt; &lt;span class="code-object"&gt;String&lt;/span&gt; input) &lt;span class="code-keyword"&gt;throws&lt;/span&gt; IOException {
		&lt;span class="code-keyword"&gt;final&lt;/span&gt; &lt;span class="code-object"&gt;String&lt;/span&gt;[][] data = (&lt;span class="code-keyword"&gt;new&lt;/span&gt; CSVParser(&lt;span class="code-keyword"&gt;new&lt;/span&gt; StringReader(input), CSVStrategy.EXCEL_STRATEGY)).getAllValues();
		&lt;span class="code-keyword"&gt;for&lt;/span&gt; (&lt;span class="code-keyword"&gt;final&lt;/span&gt; &lt;span class="code-object"&gt;String&lt;/span&gt;[] row : data) {
			&lt;span class="code-object"&gt;System&lt;/span&gt;.out.print(&lt;span class="code-quote"&gt;"["&lt;/span&gt;);
			&lt;span class="code-keyword"&gt;for&lt;/span&gt; (&lt;span class="code-keyword"&gt;final&lt;/span&gt; &lt;span class="code-object"&gt;String&lt;/span&gt; cell : row) {
				&lt;span class="code-object"&gt;System&lt;/span&gt;.out.print(&lt;span class="code-quote"&gt;"("&lt;/span&gt; + cell + &lt;span class="code-quote"&gt;")"&lt;/span&gt;);
			}
			&lt;span class="code-object"&gt;System&lt;/span&gt;.out.println(&lt;span class="code-quote"&gt;"]"&lt;/span&gt;);
		}
	}

}
&lt;/pre&gt;
&lt;/div&gt;&lt;/div&gt;

&lt;p&gt;Actual output:&lt;/p&gt;
&lt;div class="preformatted panel" style="border-width: 1px;"&gt;&lt;div class="preformattedContent panelContent"&gt;
&lt;pre&gt;Using ;
[(a;b)]
[(c;d)]

Using ,
[(a)(b)]
[(c)(d)]
&lt;/pre&gt;
&lt;/div&gt;&lt;/div&gt;

&lt;p&gt;Expected output:&lt;/p&gt;
&lt;div class="preformatted panel" style="border-width: 1px;"&gt;&lt;div class="preformattedContent panelContent"&gt;
&lt;pre&gt;Using ;
[(a)(b)]
[(c)(d)]

Using ,
[(a,b)]
[(c,d)]
&lt;/pre&gt;
&lt;/div&gt;&lt;/div&gt;</description>
                <environment />
        <key id="12405905">CSV-23</key>
            <summary>Excel strategy uses wrong separator</summary>
                <type id="1" iconUrl="https://issues.apache.org/jira/secure/viewavatar?size=xsmall&amp;avatarId=21133&amp;avatarType=issuetype">Bug</type>
                                            <priority id="3" iconUrl="https://issues.apache.org/jira/images/icons/priorities/major.svg">Major</priority>
                        <status id="6" iconUrl="https://issues.apache.org/jira/images/icons/statuses/closed.png" description="The issue is considered finished, the resolution is correct. Issues which are not closed can be reopened.">Closed</status>
                    <statusCategory id="3" key="done" colorName="green" />
                                    <resolution id="1">Fixed</resolution>
                                        <assignee username="-1">Unassigned</assignee>
                                    <reporter username="gunnar">Gunnar Wagenknecht</reporter>
                        <labels>
                    </labels>
                <created>Tue, 7 Oct 2008 11:32:46 +0000</created>
                <updated>Thu, 14 Aug 2014 20:06:21 +0000</updated>
                            <resolved>Tue, 6 Mar 2012 11:32:44 +0000</resolved>
                                                    <fixVersion>1.0</fixVersion>
                                        <due />
                            <votes>0</votes>
                                    <watches>0</watches>
                                                                <comments>
                            <comment id="12647408" author="bayard" created="Thu, 13 Nov 2008 21:30:28 +0000">&lt;p&gt;Excel on the Mac puts a comma in. I don't have it on Windows, but my suspicion is that this might be a locale specific issue rather than Windows on the Mac putting a semi-colin in.&lt;/p&gt;

&lt;p&gt;There are also DOS CSV and Windows CSV options in the Save As - the only difference appears to be newlines with the default CSV being the same as the DOS CSV.&lt;/p&gt;</comment>
                            <comment id="12647443" author="niallp" created="Thu, 13 Nov 2008 22:42:40 +0000">&lt;p&gt;I did a saveAs csv using Excel 2007 on Windows and it used a comma as the separator.&lt;/p&gt;

&lt;p&gt;Apparently (according to the Excel Help) - Excel uses the "List Separtor" configured for windows - so I think Henri is probably right. You can check the separator your system is configured with by going to the Windows "Control Panel", selecting "Regional and Language Options" and clicking on the "Customize" button in the "Regional Options" tab&lt;/p&gt;</comment>
                            <comment id="12647538" author="gunnar" created="Fri, 14 Nov 2008 07:54:38 +0000">&lt;p&gt;That's interesting. So any Excel strategy needs to be prepared for different separators. I wonder if the Excel strategy should also use the regional settings or if there should be different Excel strategies. The current way confuses users. At least the JavaDoc needs a  hint to the regional settings depended behavior. But IHMO forcing users to change their regional settings just to have some software reading CSV properly is not an option, is it?&lt;/p&gt;
</comment>
                            <comment id="12847419" author="peko" created="Fri, 19 Mar 2010 16:21:07 +0000">&lt;p&gt;RFC 4180 defines commas to be field separators.&lt;br/&gt;
The Excel strategy uses the local configuration to identify the separator.&lt;/p&gt;

&lt;p&gt;On &lt;a href="http://www.experts-exchange.com/Programming/Languages/Q_24113673.html" class="external-link" target="_blank" rel="nofollow noopener"&gt;Experts-Exchange&lt;/a&gt; we are told: "But in different countries the seperator is different. Some use a "," some use a ";" some use a "." some use a ":""&lt;br/&gt;
At &lt;a href="http://support.microsoft.com/kb/94825/EN-US" class="external-link" target="_blank" rel="nofollow noopener"&gt;Microsoft Support&lt;/a&gt; we can read: "For most international versions, the default list separator is a semicolon ( ; ). However, in Visual Basic for Applications code, you must type the English function or property name and use a comma (,) as a list separator. "&lt;/p&gt;

&lt;p&gt;The following approach can help to predict a field separator.&lt;br/&gt;
On Windows, read registry key "HKCU\Control Panel\International\sList" if possible.&lt;br/&gt;
On other systems, try to avoid a collision with the floating point separator like this:&lt;/p&gt;
&lt;div class="code panel" style="border-width: 1px;"&gt;&lt;div class="codeContent panelContent"&gt;
&lt;pre class="code-java"&gt;DecimalFormatSymbols dfs = DecimalFormatSymbols.getInstance(Locale.getDefault());
&lt;span class="code-object"&gt;char&lt;/span&gt; decimalSeparator = dfs.getDecimalSeparator();
&lt;span class="code-object"&gt;char&lt;/span&gt; listSeparator = &lt;span class="code-quote"&gt;';'&lt;/span&gt;;
&lt;span class="code-comment"&gt;// If the floating point separator is really a point, use comma
&lt;/span&gt;&lt;span class="code-keyword"&gt;if&lt;/span&gt; (decimalSeparator == &lt;span class="code-quote"&gt;'.'&lt;/span&gt;) {
    listSeparator = &lt;span class="code-quote"&gt;','&lt;/span&gt;;
}
&lt;/pre&gt;
&lt;/div&gt;&lt;/div&gt; 
&lt;p&gt;CSV should be a standard, Excel is a specific application which uses the CSV standard in a special way.&lt;br/&gt;
I wouldn't expect a CSV framework to be able to simulate Excel exactly.&lt;br/&gt;
Using encapsulation with ", it is possible to have the same field and decimal separator.&lt;br/&gt;
An 'EXCEL_STRATEGY' can't be created statically on application scope, it's session scope or even request scope.&lt;/p&gt;</comment>
                            <comment id="13223168" author="ebourg" created="Tue, 6 Mar 2012 11:32:44 +0000">&lt;p&gt;I added a note in the Javadoc explaining that the list separator is specific to the locale. CSVFormat.EXCEL must be constant so it's not possible to guess the separator here.&lt;/p&gt;</comment>
                    </comments>
                    <attachments>
                    </attachments>
                <subtasks>
                    </subtasks>
                <customfields>
                                                                                                                                                                                                                                                                                                                                                                                                                                                                                                                                                                                                                                                                                                                    <customfield id="customfield_12314020" key="com.atlassian.jira.plugins.jira-development-integration-plugin:devsummary">
                        <customfieldname>Development</customfieldname>
                        <customfieldvalues>
                            
                        </customfieldvalues>
                    </customfield>
                                                                                                                        <customfield id="customfield_12313422" key="com.atlassian.jirafisheyeplugin:jobcheckbox">
                        <customfieldname>Enable Automatic Patch Review</customfieldname>
                        <customfieldvalues>
                            <customfieldvalue>false</customfieldvalue>

                        </customfieldvalues>
                    </customfield>
                                                                                                                                                                                                                                                                                                                                                                                                                                                                                                                                                                                                                                                <customfield id="customfield_12310420" key="com.pyxis.greenhopper.jira:gh-global-rank">
                        <customfieldname>Global Rank</customfieldname>
                        <customfieldvalues>
                            <customfieldvalue>171908</customfieldvalue>
                        </customfieldvalues>
                    </customfield>
                                                                                                                                                                                                                                                                                                                                                                                                                                                                        <customfield id="customfield_12311820" key="com.pyxis.greenhopper.jira:gh-lexo-rank">
                        <customfieldname>Rank</customfieldname>
                        <customfieldvalues>
                            <customfieldvalue>0|i0tfh3:</customfieldvalue>

                        </customfieldvalues>
                    </customfield>
                                                                <customfield id="customfield_12310920" key="com.pyxis.greenhopper.jira:gh-global-rank">
                        <customfieldname>Rank (Obsolete)</customfieldname>
                        <customfieldvalues>
                            <customfieldvalue>169816</customfieldvalue>
                        </customfieldvalues>
                    </customfield>
                                                                                                                                                                                                                                                                                                                                                                                                                                                                                                                                                                                                                                                                                                                                                                                            </customfields>
    </item>


</channel>
</rss>