<rss version="0.92">
    <channel>
        <title>ASF JIRA</title>
        <link>https://issues.apache.org/jira/issues/?jql=project+%3D+CSV+AND+type+%3D+bug+and+%28status+%3D+RESOLVED+or+status+%3D+closed%29</link>
        <description>An XML representation of a search request</description>
                <language>en-uk</language>
                        <issue start="0" end="123" total="123" />
                <build-info>
            <version>8.20.7</version>
            <build-number>820007</build-number>
            <build-date>16-03-2022</build-date>
        </build-info>

<item>
            <title>[CSV-64] CSVPrinter does not distinguish null and the empty string</title>
                <link>https://issues.apache.org/jira/browse/CSV-64</link>
                <project id="12313222" key="CSV">Commons CSV</project>
                    <description>&lt;p&gt;CSVPrinter does not distinguish null and the empty string.&lt;/p&gt;

&lt;p&gt;There should be a way to denote that a string is null rather than empty.&lt;/p&gt;</description>
                <environment />
        <key id="12546459">CSV-64</key>
            <summary>CSVPrinter does not distinguish null and the empty string</summary>
                <type id="1" iconUrl="https://issues.apache.org/jira/secure/viewavatar?size=xsmall&amp;avatarId=21133&amp;avatarType=issuetype">Bug</type>
                                            <priority id="3" iconUrl="https://issues.apache.org/jira/images/icons/priorities/major.svg">Major</priority>
                        <status id="5" iconUrl="https://issues.apache.org/jira/images/icons/statuses/resolved.png" description="A resolution has been taken, and it is awaiting verification by reporter. From here issues are either reopened, or are closed.">Resolved</status>
                    <statusCategory id="3" key="done" colorName="green" />
                                    <resolution id="1">Fixed</resolution>
                                        <assignee username="-1">Unassigned</assignee>
                                    <reporter username="sebb">Sebb</reporter>
                        <labels>
                    </labels>
                <created>Wed, 14 Mar 2012 19:04:18 +0000</created>
                <updated>Fri, 21 Jun 2013 14:54:59 +0000</updated>
                            <resolved>Fri, 21 Jun 2013 14:54:59 +0000</resolved>
                                                    <fixVersion>1.x</fixVersion>
                                    <component>Printer</component>
                        <due />
                            <votes>0</votes>
                                    <watches>1</watches>
                                                                <comments>
                            <comment id="13229755" author="ebourg" created="Wed, 14 Mar 2012 23:29:32 +0000">&lt;p&gt;This was discussed in &lt;a href="https://issues.apache.org/jira/browse/CSV-13" title="NullPointerException in CSVPrinter.print()/println()" class="issue-link" data-issue-key="CSV-13"&gt;&lt;del&gt;CSV-13&lt;/del&gt;&lt;/a&gt;, the empty string is the common way to print null values. For example see the HSQLDB doc:&lt;/p&gt;

&lt;p&gt;&lt;a href="http://hsqldb.org/doc/guide/texttables-chapt.html#ttc_nulls" class="external-link" target="_blank" rel="nofollow noopener"&gt;http://hsqldb.org/doc/guide/texttables-chapt.html#ttc_nulls&lt;/a&gt;&lt;/p&gt;</comment>
                            <comment id="13229764" author="sebb@apache.org" created="Wed, 14 Mar 2012 23:39:50 +0000">&lt;p&gt;Other databases may use explicit text strings for null.&lt;/p&gt;

&lt;p&gt;I used to work on Ingres, and IIRC that used something like "]NULL[" by default.&lt;/p&gt;

&lt;p&gt;It may be OK to treat null as the empty string by default, but it should be possible to distinguish them when necessary.&lt;/p&gt;

&lt;p&gt;This will become vital if/when CSV is enhanced to create beans.&lt;/p&gt;</comment>
                            <comment id="13229783" author="ebourg" created="Thu, 15 Mar 2012 00:16:24 +0000">&lt;p&gt;Ok, this setting will also be relevant for the parser then.&lt;/p&gt;

&lt;p&gt;Regarding the beans I was planning an annotation property telling if empty values must be turned into null.&lt;/p&gt;

&lt;p&gt;I suggest to report this after the 1.0 release, it can be added later without breaking the compatiblity.&lt;/p&gt;</comment>
                            <comment id="13238610" author="ebourg" created="Mon, 26 Mar 2012 17:48:20 +0000">&lt;p&gt;PostgreSQL can also use a special string for null values:&lt;/p&gt;

&lt;p&gt;&lt;a href="http://www.postgresql.org/docs/current/static/sql-copy.html" class="external-link" target="_blank" rel="nofollow noopener"&gt;http://www.postgresql.org/docs/current/static/sql-copy.html&lt;/a&gt;&lt;/p&gt;

&lt;p&gt;It supports two default text formats, a tab delimited format and a comma delimited format. The tab delimited format uses \N for null values. The comma delimited format uses an empty string.&lt;/p&gt;</comment>
                            <comment id="13690339" author="garydgregory" created="Fri, 21 Jun 2013 14:46:24 +0000">&lt;p&gt;Can we resolve this issue now that we have org.apache.commons.csv.CSVFormat.CSVFormatBuilder.withNullToString(String)?&lt;/p&gt;</comment>
                            <comment id="13690344" author="sebb@apache.org" created="Fri, 21 Jun 2013 14:54:59 +0000">&lt;p&gt;Yes&lt;/p&gt;</comment>
                    </comments>
                <issuelinks>
                            <issuelinktype id="12310040">
                    <name>Required</name>
                                            <outwardlinks description="requires">
                                        <issuelink>
            <issuekey id="12600636">CSV-93</issuekey>
        </issuelink>
                            </outwardlinks>
                                                        </issuelinktype>
                    </issuelinks>
                <attachments>
                    </attachments>
                <subtasks>
                    </subtasks>
                <customfields>
                                                                                                                                                                                                                                                                                                                                                                                                                                                                                                                                                                                                                                                                                                                    <customfield id="customfield_12314020" key="com.atlassian.jira.plugins.jira-development-integration-plugin:devsummary">
                        <customfieldname>Development</customfieldname>
                        <customfieldvalues>
                            
                        </customfieldvalues>
                    </customfield>
                                                                                                                        <customfield id="customfield_12313422" key="com.atlassian.jirafisheyeplugin:jobcheckbox">
                        <customfieldname>Enable Automatic Patch Review</customfieldname>
                        <customfieldvalues>
                            <customfieldvalue>false</customfieldvalue>

                        </customfieldvalues>
                    </customfield>
                                                                                                                                                                                                                                                                                                                                                                                                                                                                                                                                                                                                                                                <customfield id="customfield_12310420" key="com.pyxis.greenhopper.jira:gh-global-rank">
                        <customfieldname>Global Rank</customfieldname>
                        <customfieldvalues>
                            <customfieldvalue>231617</customfieldvalue>
                        </customfieldvalues>
                    </customfield>
                                                                                                                                                                                                                                                                                                                                                                                                                                                                        <customfield id="customfield_12311820" key="com.pyxis.greenhopper.jira:gh-lexo-rank">
                        <customfieldname>Rank</customfieldname>
                        <customfieldvalues>
                            <customfieldvalue>0|i0au53:</customfieldvalue>

                        </customfieldvalues>
                    </customfield>
                                                                <customfield id="customfield_12310920" key="com.pyxis.greenhopper.jira:gh-global-rank">
                        <customfieldname>Rank (Obsolete)</customfieldname>
                        <customfieldvalues>
                            <customfieldvalue>61156</customfieldvalue>
                        </customfieldvalues>
                    </customfield>
                                                                                                                                                                                                                                                                                                                                                                                                                                                                                                                                                                                                                                                                                                                                                                                            </customfields>
    </item>


</channel>
</rss>