<rss version="0.92">
    <channel>
        <title>ASF JIRA</title>
        <link>https://issues.apache.org/jira/issues/?jql=project+%3D+%22Commons+CSV%22+and+type+%3D+bug+and+%28status+%3D+RESOLVED+or+status+%3D+closed%29+and+resolution+%3D+Fixed+and+fixVersion+%21%3D+None++and+affectedVersion+%21%3D+None++and+affectedVersion+%21%3D+%22Nightly+Build%22</link>
        <description>An XML representation of a search request</description>
                <language>en-uk</language>
                        <issue start="0" end="35" total="35" />
                <build-info>
            <version>8.20.1</version>
            <build-number>820001</build-number>
            <build-date>28-10-2021</build-date>
        </build-info>

<item>
            <title>[CSV-265] CSV comments break CSVRecord#getCharacterPosition</title>
                <link>https://issues.apache.org/jira/browse/CSV-265</link>
                <project id="12313222" key="CSV">Commons CSV</project>
                    <description>&lt;p&gt;The CSVRecord#getCharacterPosition method returns an incorrect value after the CSVParser has encountered a comment in the CSV file.&lt;/p&gt;

&lt;p&gt;Example:&lt;/p&gt;

&lt;p&gt;&#160;&lt;/p&gt;
&lt;div class="code panel" style="border-width: 1px;"&gt;&lt;div class="codeContent panelContent"&gt;
&lt;pre class="code-java"&gt;
&lt;span class="code-object"&gt;String&lt;/span&gt; csv = &lt;span class="code-quote"&gt;"# Comment\n"&lt;/span&gt;
           + &lt;span class="code-quote"&gt;"Headers,Header2\n"&lt;/span&gt;
           + &lt;span class="code-quote"&gt;"Value1,Value2\n"&lt;/span&gt;;
CSVFormat format = CSVFormat.EXCEL.withCommentMarker(&lt;span class="code-quote"&gt;'#'&lt;/span&gt;).withFirstRecordAsHeader();
CSVParser parser = &lt;span class="code-keyword"&gt;new&lt;/span&gt; CSVParser(&lt;span class="code-keyword"&gt;new&lt;/span&gt; StringReader(csv), format);
&lt;span class="code-object"&gt;long&lt;/span&gt; expectedPosition = csv.indexOf(&lt;span class="code-quote"&gt;"Value1"&lt;/span&gt;);
&lt;span class="code-object"&gt;long&lt;/span&gt; actualPosition = parser.iterator().next().getCharacterPosition();
assertEquals(expectedPosition, actualPosition);&lt;/pre&gt;
&lt;/div&gt;&lt;/div&gt;
&lt;p&gt;&#160;&lt;/p&gt;</description>
                <environment />
        <key id="13337503">CSV-265</key>
            <summary>CSV comments break CSVRecord#getCharacterPosition</summary>
                <type id="1" iconUrl="https://issues.apache.org/jira/secure/viewavatar?size=xsmall&amp;avatarId=21133&amp;avatarType=issuetype">Bug</type>
                                            <priority id="3" iconUrl="https://issues.apache.org/jira/images/icons/priorities/major.svg">Major</priority>
                        <status id="5" iconUrl="https://issues.apache.org/jira/images/icons/statuses/resolved.png" description="A resolution has been taken, and it is awaiting verification by reporter. From here issues are either reopened, or are closed.">Resolved</status>
                    <statusCategory id="3" key="done" colorName="green" />
                                    <resolution id="1">Fixed</resolution>
                                        <assignee username="-1">Unassigned</assignee>
                                    <reporter username="tking">Tyler King</reporter>
                        <labels>
                    </labels>
                <created>Tue, 27 Oct 2020 19:45:17 +0000</created>
                <updated>Wed, 21 Jul 2021 14:44:16 +0000</updated>
                            <resolved>Wed, 21 Jul 2021 14:44:16 +0000</resolved>
                                    <version>1.8</version>
                                    <fixVersion>1.9.0</fixVersion>
                                    <component>Parser</component>
                        <due />
                            <votes>0</votes>
                                    <watches>2</watches>
                                            <timeestimate seconds="0">0h</timeestimate>
                            <timespent seconds="10800">3h</timespent>
                                <comments>
                            <comment id="17382112" author="garydgregory" created="Fri, 16 Jul 2021 14:43:21 +0000">&lt;p&gt;Please include the result of running the code in the description. &lt;/p&gt;</comment>
                    </comments>
                    <attachments>
                    </attachments>
                <subtasks>
                    </subtasks>
                <customfields>
                                                                                                                                                                                                                                                                                                                                                                                                                                                                                                                                                                                                                                                                                                                    <customfield id="customfield_12314020" key="com.atlassian.jira.plugins.jira-development-integration-plugin:devsummary">
                        <customfieldname>Development</customfieldname>
                        <customfieldvalues>
                            
                        </customfieldvalues>
                    </customfield>
                                                                                                                        <customfield id="customfield_12313422" key="com.atlassian.jirafisheyeplugin:jobcheckbox">
                        <customfieldname>Enable Automatic Patch Review</customfieldname>
                        <customfieldvalues>
                            <customfieldvalue>false</customfieldvalue>

                        </customfieldvalues>
                    </customfield>
                                                                                                                                                                                                                                                                                                                                                                                                                                                                                                                                                                                                                                                <customfield id="customfield_12310420" key="com.pyxis.greenhopper.jira:gh-global-rank">
                        <customfieldname>Global Rank</customfieldname>
                        <customfieldvalues>
                            <customfieldvalue>9223372036854775807</customfieldvalue>
                        </customfieldvalues>
                    </customfield>
                                                                                                                                                                                                                                                                                                                                                                                                                                                                        <customfield id="customfield_12311820" key="com.pyxis.greenhopper.jira:gh-lexo-rank">
                        <customfieldname>Rank</customfieldname>
                        <customfieldvalues>
                            <customfieldvalue>0|z0k20o:</customfieldvalue>

                        </customfieldvalues>
                    </customfield>
                                                                <customfield id="customfield_12310920" key="com.pyxis.greenhopper.jira:gh-global-rank">
                        <customfieldname>Rank (Obsolete)</customfieldname>
                        <customfieldvalues>
                            <customfieldvalue>9223372036854775807</customfieldvalue>
                        </customfieldvalues>
                    </customfield>
                                                                                                                                                                                                                                                                                                                                                                                                                                                                                                                                                                                                                                                                                                                                                                                            </customfields>
    </item>


</channel>
</rss>