<rss version="0.92">
    <channel>
        <title>ASF JIRA</title>
        <link>https://issues.apache.org/jira/issues/?jql=project+%3D+CSV+AND+type+%3D+bug+and+%28status+%3D+RESOLVED+or+status+%3D+closed%29</link>
        <description>An XML representation of a search request</description>
                <language>en-uk</language>
                        <issue start="0" end="123" total="123" />
                <build-info>
            <version>8.20.7</version>
            <build-number>820007</build-number>
            <build-date>16-03-2022</build-date>
        </build-info>

<item>
            <title>[CSV-16] [PATCH] minor pom.xml tweak so folks can build this project by itself without any other sandbox components</title>
                <link>https://issues.apache.org/jira/browse/CSV-16</link>
                <project id="12313222" key="CSV">Commons CSV</project>
                    <description />
                <environment />
        <key id="12383209">CSV-16</key>
            <summary>[PATCH] minor pom.xml tweak so folks can build this project by itself without any other sandbox components</summary>
                <type id="1" iconUrl="https://issues.apache.org/jira/secure/viewavatar?size=xsmall&amp;avatarId=21133&amp;avatarType=issuetype">Bug</type>
                                            <priority id="3" iconUrl="https://issues.apache.org/jira/images/icons/priorities/major.svg">Major</priority>
                        <status id="6" iconUrl="https://issues.apache.org/jira/images/icons/statuses/closed.png" description="The issue is considered finished, the resolution is correct. Issues which are not closed can be reopened.">Closed</status>
                    <statusCategory id="3" key="done" colorName="green" />
                                    <resolution id="2">Won't Fix</resolution>
                                        <assignee username="dennisl@apache.org">Dennis Lundberg</assignee>
                                    <reporter username="jstrachan">James Strachan</reporter>
                        <labels>
                    </labels>
                <created>Mon, 26 Nov 2007 10:08:33 +0000</created>
                <updated>Fri, 9 Mar 2012 22:52:35 +0000</updated>
                            <resolved>Tue, 26 Feb 2008 08:03:28 +0000</resolved>
                                                                        <due />
                            <votes>0</votes>
                                    <watches>0</watches>
                                                                <comments>
                            <comment id="12555211" author="dennisl@apache.org" created="Tue, 1 Jan 2008 17:34:51 +0000">&lt;p&gt;This is not required.&lt;/p&gt;

&lt;p&gt;That repository is available through inheritance:&lt;br/&gt;
commons-csv-1.0-SNAPSHOT -&amp;gt; commons-sandbox-parent-3-SNAPSHOT -&amp;gt; commons-parent-5 -&amp;gt; asf-parent-4&lt;/p&gt;

&lt;p&gt;and here it is:&lt;br/&gt;
 &lt;a href="https://svn.apache.org/repos/asf/maven/pom/tags/apache-4/pom.xml" class="external-link" target="_blank" rel="nofollow noopener"&gt;https://svn.apache.org/repos/asf/maven/pom/tags/apache-4/pom.xml&lt;/a&gt;&lt;/p&gt;</comment>
                            <comment id="12555213" author="skitching" created="Tue, 1 Jan 2008 17:53:50 +0000">&lt;p&gt;Umm, Dennis, the point is that the commons-sandbox-parent-3-SNAPSHOT pom cannot be located - because the snapshot repository is not enabled.&lt;/p&gt;

&lt;p&gt;It's a circular problem - the pom that defines the snapshot repo is only available if a user has the snapshot repo defined.&lt;/p&gt;

&lt;p&gt;This is a general problem that bites anyone working on code direct from svn trunk, if the component references a not-yet-released parent pom. A general solution to this would be great - but it's a kind of bootstrap problem; how to find info about the appropriate snapshot repositories for a project without looking in any snapshot repositories.&lt;/p&gt;

&lt;p&gt;For the specific cases of sandbox components, it seems reasonable to me to add the snapshot repo definition. It could actually be done as standard practice in every pom, but we would need to be careful to always take it out again before a release. However as sandbox components never get released that isn't a problem.&lt;/p&gt;</comment>
                            <comment id="12555214" author="dennisl@apache.org" created="Tue, 1 Jan 2008 18:11:35 +0000">&lt;p&gt;I see. When you check out &lt;b&gt;only&lt;/b&gt; commons-csv (not trunks-sandbox) this will always be a problem, if the component depends on a SNAPSHOT-parent.&lt;/p&gt;

&lt;p&gt;There are two ways to do this slightly better:&lt;br/&gt;
1. Add a relative path to the parent in each sandbox component. Then things will work if and only if you check out the entire sandbox.&lt;br/&gt;
2. Sandbox components shouldn't need to depend on a SNAPSHOT-version of the sandbox parent. Revert back to a released version and thing should work nicely.&lt;/p&gt;</comment>
                            <comment id="12556011" author="skitching" created="Fri, 4 Jan 2008 18:23:34 +0000">&lt;p&gt;Even checking out the parent directory might not be sufficient. If the parent pom itself depends on a snapshot parent, you would need to have it available on the local filesystem too.&lt;/p&gt;

&lt;p&gt;Actually, what harm would it do to just add the definition for the snapshot repository to every pom, as per the attached patch, and leave it in for releases? The maven-release-plugin always reports an error if there is a SNAPSHOT dependency anywhere. Does it cause problems if a pom in the main repo defines a snapshot repo? If so, either the release pom rewriting process could remove them, or maven core could be modified to ignore snapshot repos defined in poms retrieved from non-snapshot repos.&lt;/p&gt;

&lt;p&gt;Perhaps we should continue this discussion on the maven list?&lt;/p&gt;</comment>
                            <comment id="12556017" author="dennisl@apache.org" created="Fri, 4 Jan 2008 18:39:51 +0000">&lt;p&gt;Right, 1. isn't foolproof. Personally I'd prefer 2. That would mean trying our best not to change the sandbox-parent unnecessarily. Keeping sandbox components inheriting from a release sandbox-parent. Instead of adding stuff to sandbox-parent SNAPSHOT, we would add them to the components pom first, with a comment saying that this should be added to the parent at a later point in time. Then occasionally we merge all of these changes from the sandbox components into the sandbox parent, remove them from the component poms, release the sandbox-parent and update the sandbox components' poms accordingly.&lt;/p&gt;

&lt;p&gt;Apart from maintenance there is no harm in adding a snapshot repo in every pom, that's why I reopened this issue. I had simply misunderstood the prerequisites.&lt;/p&gt;</comment>
                            <comment id="12572378" author="bayard" created="Tue, 26 Feb 2008 08:03:28 +0000">&lt;p&gt;Given that the pom.xml doesn't extend the snapshot version of the sandbox parent pom; I think this is taken care of.&lt;/p&gt;</comment>
                    </comments>
                    <attachments>
                            <attachment id="12370190" name="csv-pom-patch.txt" size="812" author="jstrachan" created="Mon, 26 Nov 2007 10:09:54 +0000" />
                    </attachments>
                <subtasks>
                    </subtasks>
                <customfields>
                                                                                                                                                                                                                                                                                                                                                                                                                                                                                                                                                                                                                                                                                                                    <customfield id="customfield_12314020" key="com.atlassian.jira.plugins.jira-development-integration-plugin:devsummary">
                        <customfieldname>Development</customfieldname>
                        <customfieldvalues>
                            
                        </customfieldvalues>
                    </customfield>
                                                                                                                        <customfield id="customfield_12313422" key="com.atlassian.jirafisheyeplugin:jobcheckbox">
                        <customfieldname>Enable Automatic Patch Review</customfieldname>
                        <customfieldvalues>
                            <customfieldvalue>false</customfieldvalue>

                        </customfieldvalues>
                    </customfield>
                                                                                                                                                                                                                                                                                                                                                                                                                                                                                                                                                                                                                                                <customfield id="customfield_12310420" key="com.pyxis.greenhopper.jira:gh-global-rank">
                        <customfieldname>Global Rank</customfieldname>
                        <customfieldvalues>
                            <customfieldvalue>171859</customfieldvalue>
                        </customfieldvalues>
                    </customfield>
                                                                                                                                                                                                                                                                                                                                                                                                                                                                        <customfield id="customfield_12311820" key="com.pyxis.greenhopper.jira:gh-lexo-rank">
                        <customfieldname>Rank</customfieldname>
                        <customfieldvalues>
                            <customfieldvalue>0|i0unkn:</customfieldvalue>

                        </customfieldvalues>
                    </customfield>
                                                                <customfield id="customfield_12310920" key="com.pyxis.greenhopper.jira:gh-global-rank">
                        <customfieldname>Rank (Obsolete)</customfieldname>
                        <customfieldvalues>
                            <customfieldvalue>176960</customfieldvalue>
                        </customfieldvalues>
                    </customfield>
                                                                                                                                                                                                                                                                                                                                                                                                                                                                                                                                                                                                                                                                                                                                                                                            </customfields>
    </item>


</channel>
</rss>