<rss version="0.92">
    <channel>
        <title>ASF JIRA</title>
        <link>https://issues.apache.org/jira/issues/?jql=project+%3D+CSV+AND+type+%3D+bug+and+%28status+%3D+RESOLVED+or+status+%3D+closed%29</link>
        <description>An XML representation of a search request</description>
                <language>en-uk</language>
                        <issue start="0" end="123" total="123" />
                <build-info>
            <version>8.20.7</version>
            <build-number>820007</build-number>
            <build-date>16-03-2022</build-date>
        </build-info>

<item>
            <title>[CSV-249] ArrayIndexOutOfBoundsException when trying to read record written by CSVPrinter using CSVParser with same format</title>
                <link>https://issues.apache.org/jira/browse/CSV-249</link>
                <project id="12313222" key="CSV">Commons CSV</project>
                    <description>&lt;p&gt;The following code will fail with the exception&#160;&lt;/p&gt;

&lt;p&gt;Exception in thread "main" java.lang.ArrayIndexOutOfBoundsException: Index 1 out of bounds for length 1&lt;/p&gt;
&lt;div class="preformatted panel" style="border-width: 1px;"&gt;&lt;div class="preformattedContent panelContent"&gt;
&lt;pre&gt;import org.apache.commons.csv.*;

import java.io.StringReader;
import java.io.StringWriter;
import java.util.List;

public class Poc {

    public static void main(String[] args) throws Exception {

        CSVFormat csvFormat = CSVFormat.DEFAULT
                .withEscape('\\');

        StringWriter stringWriter = new StringWriter();

        CSVPrinter printer = new CSVPrinter(stringWriter, csvFormat);
        printer.printRecord("foo \\", "bar");

        StringReader stringReader = new StringReader(stringWriter.toString());
        CSVParser parser = new CSVParser(stringReader, csvFormat);
        List&amp;lt;CSVRecord&amp;gt; records = parser.getRecords();

        records.forEach(record -&amp;gt; {
            System.out.println(record.get(0));
            System.out.println(record.get(1));
        });

    }
}&lt;/pre&gt;
&lt;/div&gt;&lt;/div&gt;</description>
                <environment />
        <key id="13246398">CSV-249</key>
            <summary>ArrayIndexOutOfBoundsException when trying to read record written by CSVPrinter using CSVParser with same format</summary>
                <type id="1" iconUrl="https://issues.apache.org/jira/secure/viewavatar?size=xsmall&amp;avatarId=21133&amp;avatarType=issuetype">Bug</type>
                                            <priority id="3" iconUrl="https://issues.apache.org/jira/images/icons/priorities/major.svg">Major</priority>
                        <status id="5" iconUrl="https://issues.apache.org/jira/images/icons/statuses/resolved.png" description="A resolution has been taken, and it is awaiting verification by reporter. From here issues are either reopened, or are closed.">Resolved</status>
                    <statusCategory id="3" key="done" colorName="green" />
                                    <resolution id="8">Not A Problem</resolution>
                                        <assignee username="-1">Unassigned</assignee>
                                    <reporter username="jelmer1">Jelmer Kuperus</reporter>
                        <labels>
                    </labels>
                <created>Mon, 22 Jul 2019 19:45:26 +0000</created>
                <updated>Sat, 28 Sep 2019 17:10:02 +0000</updated>
                            <resolved>Sat, 28 Sep 2019 17:10:02 +0000</resolved>
                                    <version>1.5</version>
                    <version>1.6</version>
                    <version>1.7</version>
                                    <fixVersion>1.8</fixVersion>
                                    <component>Parser</component>
                        <due />
                            <votes>0</votes>
                                    <watches>1</watches>
                                                                <comments>
                            <comment id="16890693" author="jelmer" created="Tue, 23 Jul 2019 05:50:53 +0000">&lt;p&gt;Seems to be a duplicate of an issue from 2016 !!!&lt;/p&gt;

&lt;p&gt;&#160;&lt;/p&gt;

&lt;p&gt;Apache spark ships with both .escapa character and quote character set, so is effectively broken this way&lt;/p&gt;</comment>
                            <comment id="16940108" author="garydgregory" created="Sat, 28 Sep 2019 17:10:02 +0000">&lt;p&gt;I cannot reproduce this in 1.8-SNAPSHOT with the new test &lt;tt&gt;org.apache.commons.csv.issues.JiraCvs249Test&lt;/tt&gt;. Please verify and close.&lt;/p&gt;</comment>
                    </comments>
                <issuelinks>
                            <issuelinktype id="12310000">
                    <name>Duplicate</name>
                                            <outwardlinks description="duplicates">
                                        <issuelink>
            <issuekey id="13014712">CSV-200</issuekey>
        </issuelink>
                            </outwardlinks>
                                                        </issuelinktype>
                    </issuelinks>
                <attachments>
                    </attachments>
                <subtasks>
                    </subtasks>
                <customfields>
                                                                                                                                                                                                                                                                                                                                                                                                                                                                                                                                                                                                                                                                                                                    <customfield id="customfield_12314020" key="com.atlassian.jira.plugins.jira-development-integration-plugin:devsummary">
                        <customfieldname>Development</customfieldname>
                        <customfieldvalues>
                            
                        </customfieldvalues>
                    </customfield>
                                                                                                                        <customfield id="customfield_12313422" key="com.atlassian.jirafisheyeplugin:jobcheckbox">
                        <customfieldname>Enable Automatic Patch Review</customfieldname>
                        <customfieldvalues>
                            <customfieldvalue>false</customfieldvalue>

                        </customfieldvalues>
                    </customfield>
                                                                                                                                                                                                                                                                                                                                                                                                                                                                                                                                                                                                                                                <customfield id="customfield_12310420" key="com.pyxis.greenhopper.jira:gh-global-rank">
                        <customfieldname>Global Rank</customfieldname>
                        <customfieldvalues>
                            <customfieldvalue>9223372036854775807</customfieldvalue>
                        </customfieldvalues>
                    </customfield>
                                                                                                                                                                                                                                                                                                                                                                                                                                                                        <customfield id="customfield_12311820" key="com.pyxis.greenhopper.jira:gh-lexo-rank">
                        <customfieldname>Rank</customfieldname>
                        <customfieldvalues>
                            <customfieldvalue>0|z04wqg:</customfieldvalue>

                        </customfieldvalues>
                    </customfield>
                                                                <customfield id="customfield_12310920" key="com.pyxis.greenhopper.jira:gh-global-rank">
                        <customfieldname>Rank (Obsolete)</customfieldname>
                        <customfieldvalues>
                            <customfieldvalue>9223372036854775807</customfieldvalue>
                        </customfieldvalues>
                    </customfield>
                                                                                                                                                                                                                                                                                                                                                                                                                                                                                                                                                                                                                                                                                                                                                                                            </customfields>
    </item>


</channel>
</rss>