<rss version="0.92">
    <channel>
        <title>ASF JIRA</title>
        <link>https://issues.apache.org/jira/issues/?jql=project+%3D+%22Commons+CSV%22+and+type+%3D+bug+and+%28status+%3D+RESOLVED+or+status+%3D+closed%29+and+resolution+%3D+Fixed+and+fixVersion+%21%3D+None++and+affectedVersion+%21%3D+None++and+affectedVersion+%21%3D+%22Nightly+Build%22</link>
        <description>An XML representation of a search request</description>
                <language>en-uk</language>
                        <issue start="0" end="35" total="35" />
                <build-info>
            <version>8.20.1</version>
            <build-number>820001</build-number>
            <build-date>28-10-2021</build-date>
        </build-info>

<item>
            <title>[CSV-248] CSVRecord is not Serializable</title>
                <link>https://issues.apache.org/jira/browse/CSV-248</link>
                <project id="12313222" key="CSV">Commons CSV</project>
                    <description>&lt;p&gt;CSVRecord is no longer Serializable as it stores the CSVParser and that is not serializable.&lt;/p&gt;

&lt;p&gt;The parser contains a list of all the CSVRecords. So to serialize this would serialize a lot of extra information. The cascade of serialization eventually&#160;includes the original BufferedReader used to read the data.&lt;/p&gt;

&lt;p&gt;The parser is required for the header map functionality and the getParser() method. The easy fix is to not support any functionality related to the parser after deserialization. If the header map functionality is to be supported the class can store the header map (easy), or overload the serialization methods to record and load the header map (more effort), or something else.&lt;/p&gt;

&lt;p&gt;&#160;&lt;/p&gt;

&lt;p&gt;&#160;&lt;/p&gt;</description>
                <environment />
        <key id="13242936">CSV-248</key>
            <summary>CSVRecord is not Serializable</summary>
                <type id="1" iconUrl="https://issues.apache.org/jira/secure/viewavatar?size=xsmall&amp;avatarId=21133&amp;avatarType=issuetype">Bug</type>
                                            <priority id="3" iconUrl="https://issues.apache.org/jira/images/icons/priorities/major.svg">Major</priority>
                        <status id="6" iconUrl="https://issues.apache.org/jira/images/icons/statuses/closed.png" description="The issue is considered finished, the resolution is correct. Issues which are not closed can be reopened.">Closed</status>
                    <statusCategory id="3" key="done" colorName="green" />
                                    <resolution id="1">Fixed</resolution>
                                        <assignee username="-1">Unassigned</assignee>
                                    <reporter username="aherbert">Alex Herbert</reporter>
                        <labels>
                    </labels>
                <created>Wed, 3 Jul 2019 08:09:09 +0000</created>
                <updated>Fri, 24 Jan 2020 23:08:17 +0000</updated>
                            <resolved>Tue, 21 Jan 2020 13:44:14 +0000</resolved>
                                    <version>1.7</version>
                                    <fixVersion>1.8</fixVersion>
                                        <due />
                            <votes>0</votes>
                                    <watches>2</watches>
                                                                <comments>
                            <comment id="17018900" author="alexherbert" created="Sun, 19 Jan 2020 12:38:22 +0000">&lt;p&gt;This throws a NotSerializableException.&lt;/p&gt;

&lt;div class="code panel" style="border-width: 1px;"&gt;&lt;div class="codeContent panelContent"&gt;
&lt;pre class="code-java"&gt;
@Test
&lt;span class="code-keyword"&gt;public&lt;/span&gt; void testSerialization() &lt;span class="code-keyword"&gt;throws&lt;/span&gt; IOException {
    CSVRecord shortRec;
    &lt;span class="code-keyword"&gt;try&lt;/span&gt; (&lt;span class="code-keyword"&gt;final&lt;/span&gt; CSVParser parser = CSVParser.parse(&lt;span class="code-quote"&gt;"a,b"&lt;/span&gt;, CSVFormat.newFormat(&lt;span class="code-quote"&gt;','&lt;/span&gt;))) {
        shortRec = parser.iterator().next();
    }
    &lt;span class="code-keyword"&gt;final&lt;/span&gt; ByteArrayOutputStream out = &lt;span class="code-keyword"&gt;new&lt;/span&gt; ByteArrayOutputStream();
    &lt;span class="code-keyword"&gt;try&lt;/span&gt; (ObjectOutputStream oos = &lt;span class="code-keyword"&gt;new&lt;/span&gt; ObjectOutputStream(out)) {
        oos.writeObject(shortRec);
    }
}
&lt;/pre&gt;
&lt;/div&gt;&lt;/div&gt;</comment>
                            <comment id="17019774" author="garydgregory" created="Mon, 20 Jan 2020 23:38:03 +0000">&lt;p&gt;&lt;a href="https://issues.apache.org/jira/secure/ViewProfile.jspa?name=aherbert" class="user-hover" rel="aherbert"&gt;aherbert&lt;/a&gt;&lt;/p&gt;

&lt;p&gt;The record's parser field is now transient.&#160;&lt;/p&gt;

&lt;p&gt;&#160;&lt;/p&gt;</comment>
                            <comment id="17020236" author="alexherbert" created="Tue, 21 Jan 2020 13:44:14 +0000">&lt;p&gt;Serialization functionality is restored.&lt;/p&gt;

&lt;p&gt;A test was added to assert the record after deserialisation in commit&#160;8d6772a3209b124af7e2430f69cdf6a7c765fd44.&lt;/p&gt;

&lt;p&gt;A test was added to deserialise a record that was serialised using version 1.6 in commit&#160;66c34da258f068046536d84e712a90a5f7f6e2a0.&lt;/p&gt;

&lt;p&gt;&#160;&lt;/p&gt;</comment>
                    </comments>
                <issuelinks>
                            <issuelinktype id="12310000">
                    <name>Duplicate</name>
                                                                <inwardlinks description="is duplicated by">
                                        <issuelink>
            <issuekey id="13281479">CSV-256</issuekey>
        </issuelink>
                            </inwardlinks>
                                    </issuelinktype>
                    </issuelinks>
                <attachments>
                    </attachments>
                <subtasks>
                    </subtasks>
                <customfields>
                                                                                                                                                                                                                                                                                                                                                                                                                                                                                                                                                                                                                                                                                                                    <customfield id="customfield_12314020" key="com.atlassian.jira.plugins.jira-development-integration-plugin:devsummary">
                        <customfieldname>Development</customfieldname>
                        <customfieldvalues>
                            
                        </customfieldvalues>
                    </customfield>
                                                                                                                        <customfield id="customfield_12313422" key="com.atlassian.jirafisheyeplugin:jobcheckbox">
                        <customfieldname>Enable Automatic Patch Review</customfieldname>
                        <customfieldvalues>
                            <customfieldvalue>false</customfieldvalue>

                        </customfieldvalues>
                    </customfield>
                                                                                                                                                                                                                                                                                                                                                                                                                                                                                                                                                                                                                                                <customfield id="customfield_12310420" key="com.pyxis.greenhopper.jira:gh-global-rank">
                        <customfieldname>Global Rank</customfieldname>
                        <customfieldvalues>
                            <customfieldvalue>9223372036854775807</customfieldvalue>
                        </customfieldvalues>
                    </customfield>
                                                                                                                                                                                                                                                                                                                                                                                                                                                                        <customfield id="customfield_12311820" key="com.pyxis.greenhopper.jira:gh-lexo-rank">
                        <customfieldname>Rank</customfieldname>
                        <customfieldvalues>
                            <customfieldvalue>0|z04byw:</customfieldvalue>

                        </customfieldvalues>
                    </customfield>
                                                                <customfield id="customfield_12310920" key="com.pyxis.greenhopper.jira:gh-global-rank">
                        <customfieldname>Rank (Obsolete)</customfieldname>
                        <customfieldvalues>
                            <customfieldvalue>9223372036854775807</customfieldvalue>
                        </customfieldvalues>
                    </customfield>
                                                                                                                                                                                                                                                                                                                                                                                                                                                                                                                                                                                                                                                                                                                                                                                            </customfields>
    </item>


</channel>
</rss>