<rss version="0.92">
    <channel>
        <title>ASF JIRA</title>
        <link>https://issues.apache.org/jira/issues/?jql=project+%3D+%22Commons+CSV%22+and+type+%3D+bug+and+%28status+%3D+RESOLVED+or+status+%3D+closed%29+and+resolution+%3D+Fixed+and+fixVersion+%21%3D+None++and+affectedVersion+%21%3D+None++and+affectedVersion+%21%3D+%22Nightly+Build%22</link>
        <description>An XML representation of a search request</description>
                <language>en-uk</language>
                        <issue start="0" end="35" total="35" />
                <build-info>
            <version>8.20.1</version>
            <build-number>820001</build-number>
            <build-date>28-10-2021</build-date>
        </build-info>

<item>
            <title>[CSV-161] Fix Javadoc to say CSVFormat with() methods return a new CSVFormat</title>
                <link>https://issues.apache.org/jira/browse/CSV-161</link>
                <project id="12313222" key="CSV">Commons CSV</project>
                    <description>&lt;p&gt;The quoting mode depends on the order of format declaration.&lt;/p&gt;</description>
                <environment>&lt;p&gt;JDK 1.8&lt;/p&gt;</environment>
        <key id="12911605">CSV-161</key>
            <summary>Fix Javadoc to say CSVFormat with() methods return a new CSVFormat</summary>
                <type id="1" iconUrl="https://issues.apache.org/jira/secure/viewavatar?size=xsmall&amp;avatarId=21133&amp;avatarType=issuetype">Bug</type>
                                            <priority id="3" iconUrl="https://issues.apache.org/jira/images/icons/priorities/major.svg">Major</priority>
                        <status id="6" iconUrl="https://issues.apache.org/jira/images/icons/statuses/closed.png" description="The issue is considered finished, the resolution is correct. Issues which are not closed can be reopened.">Closed</status>
                    <statusCategory id="3" key="done" colorName="green" />
                                    <resolution id="1">Fixed</resolution>
                                        <assignee username="ggregory">Gary D. Gregory</assignee>
                                    <reporter username="mercynary">Kristof Meixner</reporter>
                        <labels>
                    </labels>
                <created>Mon, 9 Nov 2015 17:43:55 +0000</created>
                <updated>Mon, 9 May 2016 17:48:19 +0000</updated>
                            <resolved>Tue, 19 Jan 2016 03:01:50 +0000</resolved>
                                    <version>1.2</version>
                                    <fixVersion>1.3</fixVersion>
                                        <due />
                            <votes>0</votes>
                                    <watches>2</watches>
                                                                <comments>
                            <comment id="14996986" author="mercynary" created="Mon, 9 Nov 2015 17:46:15 +0000">&lt;p&gt;I attached some tests that reproduce the bug. Depending on multiple line or one line declaration of a new &lt;tt&gt;CSVFormat&lt;/tt&gt; the quotes are ignored or not.&lt;/p&gt;</comment>
                            <comment id="14997045" author="ebourg" created="Mon, 9 Nov 2015 18:16:35 +0000">&lt;p&gt;Hi Kristof, &lt;tt&gt;CSVFormat&lt;/tt&gt; is immutable, if you don't use or assign the return value of the &lt;tt&gt;withXXX()&lt;/tt&gt; methods it has no effect.&lt;/p&gt;

&lt;p&gt;For this reason your second test:&lt;/p&gt;

&lt;div class="code panel" style="border-width: 1px;"&gt;&lt;div class="codeContent panelContent"&gt;
&lt;pre class="code-java"&gt;    &lt;span class="code-keyword"&gt;public&lt;/span&gt; void declarationOneLineForEach() {
        CSVFormat csvFormat = CSVFormat.newFormat(&lt;span class="code-quote"&gt;','&lt;/span&gt;);
        csvFormat.withQuote(&lt;span class="code-quote"&gt;'\'&lt;/span&gt;');
        csvFormat.withQuoteMode(QuoteMode.ALL);
        assertEquals(&lt;span class="code-quote"&gt;"&lt;span class="code-quote"&gt;'x'&lt;/span&gt;,&lt;span class="code-quote"&gt;' y '&lt;/span&gt;,&lt;span class="code-quote"&gt;'z'&lt;/span&gt;"&lt;/span&gt;, csvFormat.format(strings));
    }
&lt;/pre&gt;
&lt;/div&gt;&lt;/div&gt;
&lt;p&gt;is actually equivalent to:&lt;/p&gt;
&lt;div class="code panel" style="border-width: 1px;"&gt;&lt;div class="codeContent panelContent"&gt;
&lt;pre class="code-java"&gt;    &lt;span class="code-keyword"&gt;public&lt;/span&gt; void declarationOneLineForEach() {
        CSVFormat csvFormat = CSVFormat.newFormat(&lt;span class="code-quote"&gt;','&lt;/span&gt;);
        assertEquals(&lt;span class="code-quote"&gt;"&lt;span class="code-quote"&gt;'x'&lt;/span&gt;,&lt;span class="code-quote"&gt;' y '&lt;/span&gt;,&lt;span class="code-quote"&gt;'z'&lt;/span&gt;"&lt;/span&gt;, csvFormat.format(strings));
    }
&lt;/pre&gt;
&lt;/div&gt;&lt;/div&gt;
&lt;p&gt;I guess this explains the behavior you observed.&lt;/p&gt;</comment>
                            <comment id="14997075" author="mercynary" created="Mon, 9 Nov 2015 18:33:21 +0000">&lt;p&gt;Seems reasonable. It's not very clear from the documentation and I thought as the &lt;tt&gt;withIgnoreSurroundingSpaces()&lt;/tt&gt; method doesn't work at all there are more issues like that.&lt;/p&gt;</comment>
                            <comment id="15106169" author="garydgregory" created="Tue, 19 Jan 2016 02:59:27 +0000">&lt;p&gt;I've renamed this ticket to &lt;tt&gt;Fix Javadoc to say CSVFormat with() methods return a new CSVFormat&lt;/tt&gt; and updated the Javadoc to make it crystal clear that a new &lt;tt&gt;CSVFormat&lt;/tt&gt; is always returned from &lt;tt&gt;with()&lt;/tt&gt; methods.&lt;/p&gt;

&lt;p&gt;For example:&lt;/p&gt;

&lt;div class="code panel" style="border-width: 1px;"&gt;&lt;div class="codeContent panelContent"&gt;
&lt;pre class="code-java"&gt;    /**
     * Returns a &lt;span class="code-keyword"&gt;new&lt;/span&gt; {@code CSVFormat} with the output quote policy of the format set to the specified value.
     *
     * @param quoteModePolicy
     *            the quote policy to use &lt;span class="code-keyword"&gt;for&lt;/span&gt; output.
     *
     * @&lt;span class="code-keyword"&gt;return&lt;/span&gt; A &lt;span class="code-keyword"&gt;new&lt;/span&gt; CSVFormat that is equal to &lt;span class="code-keyword"&gt;this&lt;/span&gt; but with the specified quote policy
     */
&lt;/pre&gt;
&lt;/div&gt;&lt;/div&gt;

&lt;p&gt;Note that the &lt;tt&gt;@return tag&lt;/tt&gt; was already explicit but the main comment was not.&lt;/p&gt;</comment>
                            <comment id="15106171" author="garydgregory" created="Tue, 19 Jan 2016 03:01:50 +0000">&lt;p&gt;Please verify and close this issue.&lt;/p&gt;

&lt;p&gt;Committed revision 1725409.&lt;/p&gt;</comment>
                    </comments>
                    <attachments>
                            <attachment id="12771387" name="VariousLibraryTests.java" size="1001" author="mercynary" created="Mon, 9 Nov 2015 17:46:15 +0000" />
                    </attachments>
                <subtasks>
                    </subtasks>
                <customfields>
                                                                                                                                                                                                                                                                                                                                                                                                                                                                                                                                                                                                                                                                                                                    <customfield id="customfield_12314020" key="com.atlassian.jira.plugins.jira-development-integration-plugin:devsummary">
                        <customfieldname>Development</customfieldname>
                        <customfieldvalues>
                            
                        </customfieldvalues>
                    </customfield>
                                                                                                                        <customfield id="customfield_12313422" key="com.atlassian.jirafisheyeplugin:jobcheckbox">
                        <customfieldname>Enable Automatic Patch Review</customfieldname>
                        <customfieldvalues>
                            <customfieldvalue>false</customfieldvalue>

                        </customfieldvalues>
                    </customfield>
                                                                                                                                                                                                                                                                                                                                                                                                                                                                                                                                                                                                                                                <customfield id="customfield_12310420" key="com.pyxis.greenhopper.jira:gh-global-rank">
                        <customfieldname>Global Rank</customfieldname>
                        <customfieldvalues>
                            <customfieldvalue>9223372036854775807</customfieldvalue>
                        </customfieldvalues>
                    </customfield>
                                                                                                                                                                                                                                                                                                                                                                                                                                                                        <customfield id="customfield_12311820" key="com.pyxis.greenhopper.jira:gh-lexo-rank">
                        <customfieldname>Rank</customfieldname>
                        <customfieldvalues>
                            <customfieldvalue>0|i2o5fz:</customfieldvalue>

                        </customfieldvalues>
                    </customfield>
                                                                <customfield id="customfield_12310920" key="com.pyxis.greenhopper.jira:gh-global-rank">
                        <customfieldname>Rank (Obsolete)</customfieldname>
                        <customfieldvalues>
                            <customfieldvalue>9223372036854775807</customfieldvalue>
                        </customfieldvalues>
                    </customfield>
                                                                                                                                                                                                                                                                                                                                                                                                                                                                                                                                                                                                                                                                                                                                                                                            </customfields>
    </item>


</channel>
</rss>