<rss version="0.92">
    <channel>
        <title>ASF JIRA</title>
        <link>https://issues.apache.org/jira/issues/?jql=project+%3D+%22Commons+CSV%22+and+type+%3D+bug+and+%28status+%3D+RESOLVED+or+status+%3D+closed%29+and+resolution+%3D+Fixed+and+fixVersion+%21%3D+None++and+affectedVersion+%21%3D+None++and+affectedVersion+%21%3D+%22Nightly+Build%22</link>
        <description>An XML representation of a search request</description>
                <language>en-uk</language>
                        <issue start="0" end="35" total="35" />
                <build-info>
            <version>8.20.1</version>
            <build-number>820001</build-number>
            <build-date>28-10-2021</build-date>
        </build-info>

<item>
            <title>[CSV-118] CSVRecord.toMap() throws NPE on formats with no headers.</title>
                <link>https://issues.apache.org/jira/browse/CSV-118</link>
                <project id="12313222" key="CSV">Commons CSV</project>
                    <description>&lt;p&gt;The method toMap() on CSVRecord throws a NullPointerExcpetion when called on records derived using a format with no headers.&lt;/p&gt;

&lt;p&gt;The method documentation states a null map should be returned instead.&lt;/p&gt;</description>
                <environment>&lt;p&gt;JUNIT&lt;/p&gt;</environment>
        <key id="12714391">CSV-118</key>
            <summary>CSVRecord.toMap() throws NPE on formats with no headers.</summary>
                <type id="1" iconUrl="https://issues.apache.org/jira/secure/viewavatar?size=xsmall&amp;avatarId=21133&amp;avatarType=issuetype">Bug</type>
                                            <priority id="3" iconUrl="https://issues.apache.org/jira/images/icons/priorities/major.svg">Major</priority>
                        <status id="6" iconUrl="https://issues.apache.org/jira/images/icons/statuses/closed.png" description="The issue is considered finished, the resolution is correct. Issues which are not closed can be reopened.">Closed</status>
                    <statusCategory id="3" key="done" colorName="green" />
                                    <resolution id="1">Fixed</resolution>
                                        <assignee username="-1">Unassigned</assignee>
                                    <reporter username="elara">Enrique Lara</reporter>
                        <labels>
                            <label>easyfix</label>
                            <label>patch</label>
                    </labels>
                <created>Thu, 15 May 2014 02:59:53 +0000</created>
                <updated>Thu, 14 Aug 2014 20:06:20 +0000</updated>
                            <resolved>Thu, 15 May 2014 16:27:03 +0000</resolved>
                                    <version>1.0</version>
                                    <fixVersion>1.0</fixVersion>
                                    <component>Parser</component>
                        <due />
                            <votes>0</votes>
                                    <watches>2</watches>
                                    <timeoriginalestimate seconds="3600">1h</timeoriginalestimate>
                            <timeestimate seconds="3600">1h</timeestimate>
                                        <comments>
                            <comment id="13998404" author="elara" created="Thu, 15 May 2014 03:01:30 +0000">&lt;p&gt;Patch to main code as well as unit test exposing condition.&lt;/p&gt;</comment>
                            <comment id="13998879" author="garydgregory" created="Thu, 15 May 2014 16:27:03 +0000">&lt;div class="preformatted panel" style="border-width: 1px;"&gt;&lt;div class="preformattedContent panelContent"&gt;
&lt;pre&gt;commit -m "&amp;lt;action issue="CSV-118" type="fix" dev="ggregory" due-to="Enrique Lara"&amp;gt;CSVRecord.toMap() throws NPE on formats with no headers.&amp;lt;/action&amp;gt;" C:/vcs/svn/apache/commons/trunks-proper/csv/src/test/java/org/apache/commons/csv/CSVRecordTest.java C:/vcs/svn/apache/commons/trunks-proper/csv/src/main/java/org/apache/commons/csv/CSVRecord.java C:/vcs/svn/apache/commons/trunks-proper/csv/src/changes/changes.xml
    Sending        C:/vcs/svn/apache/commons/trunks-proper/csv/src/changes/changes.xml
    Sending        C:/vcs/svn/apache/commons/trunks-proper/csv/src/main/java/org/apache/commons/csv/CSVRecord.java
    Sending        C:/vcs/svn/apache/commons/trunks-proper/csv/src/test/java/org/apache/commons/csv/CSVRecordTest.java
    Transmitting file data ...
    Committed revision 1594966.
&lt;/pre&gt;
&lt;/div&gt;&lt;/div&gt;</comment>
                    </comments>
                    <attachments>
                            <attachment id="12644954" name="csv.patch" size="1800" author="elara" created="Thu, 15 May 2014 03:01:30 +0000" />
                    </attachments>
                <subtasks>
                    </subtasks>
                <customfields>
                                                                                                                                                                                                                                                                                                                                                                                                                                                                                                                                                                                                                                                                                                                    <customfield id="customfield_12314020" key="com.atlassian.jira.plugins.jira-development-integration-plugin:devsummary">
                        <customfieldname>Development</customfieldname>
                        <customfieldvalues>
                            
                        </customfieldvalues>
                    </customfield>
                                                                                                                        <customfield id="customfield_12313422" key="com.atlassian.jirafisheyeplugin:jobcheckbox">
                        <customfieldname>Enable Automatic Patch Review</customfieldname>
                        <customfieldvalues>
                            <customfieldvalue>false</customfieldvalue>

                        </customfieldvalues>
                    </customfield>
                                                                                                                                                                                                                                                                                                                                                                                                                                                                                                                                                                                                                                                <customfield id="customfield_12310420" key="com.pyxis.greenhopper.jira:gh-global-rank">
                        <customfieldname>Global Rank</customfieldname>
                        <customfieldvalues>
                            <customfieldvalue>392704</customfieldvalue>
                        </customfieldvalues>
                    </customfield>
                                                                                                                                                                                                                                                                                                                                                                                                                                                                        <customfield id="customfield_12311820" key="com.pyxis.greenhopper.jira:gh-lexo-rank">
                        <customfieldname>Rank</customfieldname>
                        <customfieldvalues>
                            <customfieldvalue>0|i1vmk7:</customfieldvalue>

                        </customfieldvalues>
                    </customfield>
                                                                <customfield id="customfield_12310920" key="com.pyxis.greenhopper.jira:gh-global-rank">
                        <customfieldname>Rank (Obsolete)</customfieldname>
                        <customfieldvalues>
                            <customfieldvalue>392880</customfieldvalue>
                        </customfieldvalues>
                    </customfield>
                                                                                                                                                                                                                                                                                                                                                                                                                                                                                                                                                                                                                                                                                                                                                                                            </customfields>
    </item>


</channel>
</rss>