<rss version="0.92">
    <channel>
        <title>ASF JIRA</title>
        <link>https://issues.apache.org/jira/issues/?jql=project+%3D+CSV+AND+type+%3D+bug+and+%28status+%3D+RESOLVED+or+status+%3D+closed%29</link>
        <description>An XML representation of a search request</description>
                <language>en-uk</language>
                        <issue start="0" end="123" total="123" />
                <build-info>
            <version>8.20.7</version>
            <build-number>820007</build-number>
            <build-date>16-03-2022</build-date>
        </build-info>

<item>
            <title>[CSV-238] Escape quotes in CLOBs</title>
                <link>https://issues.apache.org/jira/browse/CSV-238</link>
                <project id="12313222" key="CSV">Commons CSV</project>
                    <description>&lt;p&gt;&lt;a href="https://issues.apache.org/jira/browse/CSV-234" title="Add support for java.sql.Clob" class="issue-link" data-issue-key="CSV-234"&gt;&lt;del&gt;CSV-234&lt;/del&gt;&lt;/a&gt; left an issue where CLOBs with embedded quotes were not properly escaped.&lt;/p&gt;

&lt;p&gt;Given a CLOB like:&lt;/p&gt;
&lt;div class="code panel" style="border-width: 1px;"&gt;&lt;div class="codeContent panelContent"&gt;
&lt;pre class="code-java"&gt;
Choose either
&lt;span class="code-quote"&gt;"Y"&lt;/span&gt; or &lt;span class="code-quote"&gt;"N"&lt;/span&gt;&lt;/pre&gt;
&lt;/div&gt;&lt;/div&gt;
&lt;p&gt;It should be transformed to:&lt;/p&gt;
&lt;div class="code panel" style="border-width: 1px;"&gt;&lt;div class="codeContent panelContent"&gt;
&lt;pre class="code-java"&gt;
Choose either
&lt;span class="code-quote"&gt;""Y"&lt;/span&gt;&lt;span class="code-quote"&gt;" or "&lt;/span&gt;&lt;span class="code-quote"&gt;"N"&lt;/span&gt;"&lt;/pre&gt;
&lt;/div&gt;&lt;/div&gt;
&lt;p&gt;&#160;&lt;/p&gt;

&lt;p&gt;This patch will fix it (the bad coverage report is from unrelated code pushed to master this past weekend)&lt;/p&gt;

&lt;p&gt;&lt;a href="https://github.com/apache/commons-csv/pull/39" class="external-link" target="_blank" rel="nofollow noopener"&gt;https://github.com/apache/commons-csv/pull/39&lt;/a&gt;&lt;/p&gt;

&lt;p&gt;&#160;&lt;/p&gt;</description>
                <environment />
        <key id="13217910">CSV-238</key>
            <summary>Escape quotes in CLOBs</summary>
                <type id="1" iconUrl="https://issues.apache.org/jira/secure/viewavatar?size=xsmall&amp;avatarId=21133&amp;avatarType=issuetype">Bug</type>
                                            <priority id="4" iconUrl="https://issues.apache.org/jira/images/icons/priorities/minor.svg">Minor</priority>
                        <status id="6" iconUrl="https://issues.apache.org/jira/images/icons/statuses/closed.png" description="The issue is considered finished, the resolution is correct. Issues which are not closed can be reopened.">Closed</status>
                    <statusCategory id="3" key="done" colorName="green" />
                                    <resolution id="1">Fixed</resolution>
                                        <assignee username="-1">Unassigned</assignee>
                                    <reporter username="luyseyal">Stephen Olander-Waters</reporter>
                        <labels>
                            <label>pull-request-available</label>
                    </labels>
                <created>Mon, 25 Feb 2019 20:31:39 +0000</created>
                <updated>Wed, 27 Feb 2019 16:26:14 +0000</updated>
                            <resolved>Wed, 27 Feb 2019 15:48:24 +0000</resolved>
                                                    <fixVersion>1.7</fixVersion>
                                        <due />
                            <votes>0</votes>
                                    <watches>1</watches>
                                            <timeestimate seconds="0">0h</timeestimate>
                            <timespent seconds="600">10m</timespent>
                                <comments>
                            <comment id="16779450" author="garydgregory" created="Wed, 27 Feb 2019 15:48:24 +0000">&lt;p&gt;In git master.&lt;/p&gt;

&lt;p&gt;Please verify and close.&lt;/p&gt;</comment>
                            <comment id="16779484" author="luyseyal" created="Wed, 27 Feb 2019 16:26:14 +0000">&lt;p&gt;&lt;img class="emoticon" src="https://issues.apache.org/jira/images/icons/emoticons/thumbs_up.png" height="16" width="16" align="absmiddle" alt="" border="0"/&gt;&lt;/p&gt;</comment>
                    </comments>
                    <attachments>
                    </attachments>
                <subtasks>
                    </subtasks>
                <customfields>
                                                                                                                                                                                                                                                                                                                                                                                                                                                                                                                                                                                                                                                                                                                    <customfield id="customfield_12314020" key="com.atlassian.jira.plugins.jira-development-integration-plugin:devsummary">
                        <customfieldname>Development</customfieldname>
                        <customfieldvalues>
                            
                        </customfieldvalues>
                    </customfield>
                                                                                                                        <customfield id="customfield_12313422" key="com.atlassian.jirafisheyeplugin:jobcheckbox">
                        <customfieldname>Enable Automatic Patch Review</customfieldname>
                        <customfieldvalues>
                            <customfieldvalue>false</customfieldvalue>

                        </customfieldvalues>
                    </customfield>
                                                                                                                                                                                                                                                                                                                                                                                    <customfield id="customfield_12310250" key="com.atlassian.jira.plugin.system.customfieldtypes:multicheckboxes">
                        <customfieldname>Flags</customfieldname>
                        <customfieldvalues>
                                <customfieldvalue key="10430">Patch</customfieldvalue>
    
                        </customfieldvalues>
                    </customfield>
                                                                                                                                                                                                                                                                                                <customfield id="customfield_12310420" key="com.pyxis.greenhopper.jira:gh-global-rank">
                        <customfieldname>Global Rank</customfieldname>
                        <customfieldvalues>
                            <customfieldvalue>9223372036854775807</customfieldvalue>
                        </customfieldvalues>
                    </customfield>
                                                                                                                                                                                                                                                                                                                                                                                                                                                                        <customfield id="customfield_12311820" key="com.pyxis.greenhopper.jira:gh-lexo-rank">
                        <customfieldname>Rank</customfieldname>
                        <customfieldvalues>
                            <customfieldvalue>0|z002cw:</customfieldvalue>

                        </customfieldvalues>
                    </customfield>
                                                                <customfield id="customfield_12310920" key="com.pyxis.greenhopper.jira:gh-global-rank">
                        <customfieldname>Rank (Obsolete)</customfieldname>
                        <customfieldvalues>
                            <customfieldvalue>9223372036854775807</customfieldvalue>
                        </customfieldvalues>
                    </customfield>
                                                                                                                                                                                                                                                                                                                                                                                                                                                                                                                                                                                                                                                                                                                                                                                            </customfields>
    </item>


</channel>
</rss>