<rss version="0.92">
    <channel>
        <title>ASF JIRA</title>
        <link>https://issues.apache.org/jira/issues/?jql=project+%3D+CSV+AND+type+%3D+bug+and+%28status+%3D+RESOLVED+or+status+%3D+closed%29</link>
        <description>An XML representation of a search request</description>
                <language>en-uk</language>
                        <issue start="0" end="123" total="123" />
                <build-info>
            <version>8.20.7</version>
            <build-number>820007</build-number>
            <build-date>16-03-2022</build-date>
        </build-info>

<item>
            <title>[CSV-212] Empty dataframe being written as an empty CSV, without header</title>
                <link>https://issues.apache.org/jira/browse/CSV-212</link>
                <project id="12313222" key="CSV">Commons CSV</project>
                    <description>&lt;p&gt;On Spark 2.1. &lt;/p&gt;

&lt;p&gt;How to reproduce:&lt;/p&gt;

&lt;p&gt;{{&amp;gt; $SPARK_HOME/bin/spark-shell&lt;br/&gt;
...&lt;/p&gt;

&lt;p&gt;scala&amp;gt; import spark.implicits._&lt;br/&gt;
import spark.implicits._&lt;/p&gt;

&lt;p&gt;scala&amp;gt; val emptyDF = Seq&lt;span class="error"&gt;&amp;#91;(Int)&amp;#93;&lt;/span&gt;().toDF("foo")&lt;br/&gt;
emptyDF: org.apache.spark.sql.DataFrame = &lt;span class="error"&gt;&amp;#91;foo: int&amp;#93;&lt;/span&gt;&lt;/p&gt;

&lt;p&gt;scala&amp;gt; emptyDF.write.option("header","true").csv("/tmp/emptyDF")&lt;/p&gt;


&lt;p&gt;scala&amp;gt; spark.read.option("header", "true").csv("/tmp/emptyDF")&lt;br/&gt;
java.lang.UnsupportedOperationException: empty collection&lt;br/&gt;
  at org.apache.spark.rdd.RDD$$anonfun$first$1.apply(RDD.scala:1369)&lt;br/&gt;
  at org.apache.spark.rdd.RDDOperationScope$.withScope(RDDOperationScope.scala:151)&lt;br/&gt;
  at org.apache.spark.rdd.RDDOperationScope$.withScope(RDDOperationScope.scala:112)&lt;br/&gt;
  at org.apache.spark.rdd.RDD.withScope(RDD.scala:362)&lt;br/&gt;
  at org.apache.spark.rdd.RDD.first(RDD.scala:1366)&lt;br/&gt;
  at org.apache.spark.sql.execution.datasources.csv.CSVFileFormat.findFirstLine(CSVFileFormat.scala:206)&lt;br/&gt;
  at org.apache.spark.sql.execution.datasources.csv.CSVFileFormat.inferSchema(CSVFileFormat.scala:60)&lt;br/&gt;
  at org.apache.spark.sql.execution.datasources.DataSource$$anonfun$7.apply(DataSource.scala:184)&lt;br/&gt;
  at org.apache.spark.sql.execution.datasources.DataSource$$anonfun$7.apply(DataSource.scala:184)&lt;br/&gt;
  at scala.Option.orElse(Option.scala:289)&lt;br/&gt;
  at org.apache.spark.sql.execution.datasources.DataSource.org$apache$spark$sql$execution$datasources$DataSource$$getOrInferFileFormatSchema(DataSource.scala:183)&lt;br/&gt;
  at org.apache.spark.sql.execution.datasources.DataSource.resolveRelation(DataSource.scala:387)&lt;br/&gt;
  at org.apache.spark.sql.DataFrameReader.load(DataFrameReader.scala:152)&lt;br/&gt;
  at org.apache.spark.sql.DataFrameReader.csv(DataFrameReader.scala:415)&lt;br/&gt;
  at org.apache.spark.sql.DataFrameReader.csv(DataFrameReader.scala:352)&lt;br/&gt;
  ... 48 elided&lt;/p&gt;

&lt;p&gt;scala&amp;gt; :quit&lt;/p&gt;

&lt;p&gt;&amp;gt; ls -lh /tmp/emptyDF                                                                                                                                                                                         &lt;br/&gt;
total 0&lt;br/&gt;
&lt;del&gt;rw-r&lt;/del&gt;&lt;del&gt;r&lt;/del&gt;- 1 konrad konrad 0 Jun 19 12:00 part-00000-523374b7-b117-4f36-a428-f43bcb405077.csv&lt;br/&gt;
&lt;del&gt;rw-r&lt;/del&gt;&lt;del&gt;r&lt;/del&gt;- 1 konrad konrad 0 Jun 19 12:00 _SUCCESS}}&lt;/p&gt;</description>
                <environment />
        <key id="13080860">CSV-212</key>
            <summary>Empty dataframe being written as an empty CSV, without header</summary>
                <type id="1" iconUrl="https://issues.apache.org/jira/secure/viewavatar?size=xsmall&amp;avatarId=21133&amp;avatarType=issuetype">Bug</type>
                                            <priority id="4" iconUrl="https://issues.apache.org/jira/images/icons/priorities/minor.svg">Minor</priority>
                        <status id="5" iconUrl="https://issues.apache.org/jira/images/icons/statuses/resolved.png" description="A resolution has been taken, and it is awaiting verification by reporter. From here issues are either reopened, or are closed.">Resolved</status>
                    <statusCategory id="3" key="done" colorName="green" />
                                    <resolution id="6">Invalid</resolution>
                                        <assignee username="-1">Unassigned</assignee>
                                    <reporter username="konr">Konrad Scorciapino</reporter>
                        <labels>
                    </labels>
                <created>Mon, 19 Jun 2017 15:18:44 +0000</created>
                <updated>Mon, 19 Jun 2017 15:45:08 +0000</updated>
                            <resolved>Mon, 19 Jun 2017 15:45:08 +0000</resolved>
                                    <version>2.0</version>
                                                        <due />
                            <votes>0</votes>
                                    <watches>1</watches>
                                                                <comments>
                            <comment id="16054240" author="sebb@apache.org" created="Mon, 19 Jun 2017 15:45:08 +0000">&lt;p&gt;This may be an issue with Commons CSV or it may equally be a problem with Spark.&lt;/p&gt;

&lt;p&gt;Please provide a stand-alone test case that does not rely on using Spark.&lt;/p&gt;
</comment>
                    </comments>
                    <attachments>
                    </attachments>
                <subtasks>
                    </subtasks>
                <customfields>
                                                                                                                                                                                                                                                                                                                                                                                                                                                                                                                                                                                                                                                                                                                    <customfield id="customfield_12314020" key="com.atlassian.jira.plugins.jira-development-integration-plugin:devsummary">
                        <customfieldname>Development</customfieldname>
                        <customfieldvalues>
                            
                        </customfieldvalues>
                    </customfield>
                                                                                                                        <customfield id="customfield_12313422" key="com.atlassian.jirafisheyeplugin:jobcheckbox">
                        <customfieldname>Enable Automatic Patch Review</customfieldname>
                        <customfieldvalues>
                            <customfieldvalue>false</customfieldvalue>

                        </customfieldvalues>
                    </customfield>
                                                                                                                                                                                                                                                                                                                                                                                                                                                                                                                                                                                                                                                <customfield id="customfield_12310420" key="com.pyxis.greenhopper.jira:gh-global-rank">
                        <customfieldname>Global Rank</customfieldname>
                        <customfieldvalues>
                            <customfieldvalue>9223372036854775807</customfieldvalue>
                        </customfieldvalues>
                    </customfield>
                                                                                                                                                                                                                                                                                                                                                                                                                                                                        <customfield id="customfield_12311820" key="com.pyxis.greenhopper.jira:gh-lexo-rank">
                        <customfieldname>Rank</customfieldname>
                        <customfieldvalues>
                            <customfieldvalue>0|i3gg7r:</customfieldvalue>

                        </customfieldvalues>
                    </customfield>
                                                                <customfield id="customfield_12310920" key="com.pyxis.greenhopper.jira:gh-global-rank">
                        <customfieldname>Rank (Obsolete)</customfieldname>
                        <customfieldvalues>
                            <customfieldvalue>9223372036854775807</customfieldvalue>
                        </customfieldvalues>
                    </customfield>
                                                                                                                                                                                                                                                                                                                                                                                                                                                                                                                                                                                                                                                                                                                                                                                            </customfields>
    </item>


</channel>
</rss>