<rss version="0.92">
    <channel>
        <title>ASF JIRA</title>
        <link>https://issues.apache.org/jira/issues/?jql=project+%3D+%22Commons+CSV%22+and+type+%3D+bug+and+%28status+%3D+RESOLVED+or+status+%3D+closed%29+and+resolution+%3D+Fixed+and+fixVersion+%21%3D+None++and+affectedVersion+%21%3D+None++and+affectedVersion+%21%3D+%22Nightly+Build%22</link>
        <description>An XML representation of a search request</description>
                <language>en-uk</language>
                        <issue start="0" end="35" total="35" />
                <build-info>
            <version>8.20.1</version>
            <build-number>820001</build-number>
            <build-date>28-10-2021</build-date>
        </build-info>

<item>
            <title>[CSV-106] CSVFormat.format allways append null</title>
                <link>https://issues.apache.org/jira/browse/CSV-106</link>
                <project id="12313222" key="CSV">Commons CSV</project>
                    <description>&lt;p&gt;When I now call&lt;br/&gt;
CSVFormat.newFormat(';').withSkipHeaderRecord(true).withHeader("H1","H2").format("A","B")&lt;br/&gt;
I get the output A;Bnull&lt;/p&gt;

&lt;p&gt;The expected output would be &lt;/p&gt;

&lt;p&gt;A;B&lt;/p&gt;</description>
                <environment />
        <key id="12700905">CSV-106</key>
            <summary>CSVFormat.format allways append null</summary>
                <type id="1" iconUrl="https://issues.apache.org/jira/secure/viewavatar?size=xsmall&amp;avatarId=21133&amp;avatarType=issuetype">Bug</type>
                                            <priority id="3" iconUrl="https://issues.apache.org/jira/images/icons/priorities/major.svg">Major</priority>
                        <status id="6" iconUrl="https://issues.apache.org/jira/images/icons/statuses/closed.png" description="The issue is considered finished, the resolution is correct. Issues which are not closed can be reopened.">Closed</status>
                    <statusCategory id="3" key="done" colorName="green" />
                                    <resolution id="1">Fixed</resolution>
                                        <assignee username="ggregory">Gary D. Gregory</assignee>
                                    <reporter username="dathyrius">Georg Lodde</reporter>
                        <labels>
                    </labels>
                <created>Wed, 12 Mar 2014 07:15:34 +0000</created>
                <updated>Thu, 14 Aug 2014 20:06:24 +0000</updated>
                            <resolved>Thu, 13 Mar 2014 00:18:20 +0000</resolved>
                                    <version>1.x</version>
                                    <fixVersion>1.0</fixVersion>
                                    <component>Parser</component>
                        <due />
                            <votes>0</votes>
                                    <watches>2</watches>
                                                                <comments>
                            <comment id="13931821" author="garydgregory" created="Wed, 12 Mar 2014 14:38:32 +0000">&lt;p&gt;I can see how your example would do that. I'll address it am done with the flu...&lt;/p&gt;</comment>
                            <comment id="13932692" author="garydgregory" created="Thu, 13 Mar 2014 00:18:20 +0000">&lt;p&gt;Thank you for the report. Keep them coming! &lt;img class="emoticon" src="https://issues.apache.org/jira/images/icons/emoticons/smile.png" height="16" width="16" align="absmiddle" alt="" border="0"/&gt;&lt;/p&gt;

&lt;div class="preformatted panel" style="border-width: 1px;"&gt;&lt;div class="preformattedContent panelContent"&gt;
&lt;pre&gt;commit -m "[CSV-106] CSVFormat.format always append null." C:/vcs/svn/apache/commons/trunks-proper/csv/src/test/java/org/apache/commons/csv/CSVFormatTest.java C:/vcs/svn/apache/commons/trunks-proper/csv/src/main/java/org/apache/commons/csv/CSVPrinter.java
    Sending        C:/vcs/svn/apache/commons/trunks-proper/csv/src/main/java/org/apache/commons/csv/CSVPrinter.java
    Sending        C:/vcs/svn/apache/commons/trunks-proper/csv/src/test/java/org/apache/commons/csv/CSVFormatTest.java
    Transmitting file data ...
    Committed revision 1577011.
&lt;/pre&gt;
&lt;/div&gt;&lt;/div&gt;</comment>
                    </comments>
                    <attachments>
                    </attachments>
                <subtasks>
                    </subtasks>
                <customfields>
                                                                                                                                                                                                                                                                                                                                                                                                                                                                                                                                                                                                                                                                                                                    <customfield id="customfield_12314020" key="com.atlassian.jira.plugins.jira-development-integration-plugin:devsummary">
                        <customfieldname>Development</customfieldname>
                        <customfieldvalues>
                            
                        </customfieldvalues>
                    </customfield>
                                                                                                                        <customfield id="customfield_12313422" key="com.atlassian.jirafisheyeplugin:jobcheckbox">
                        <customfieldname>Enable Automatic Patch Review</customfieldname>
                        <customfieldvalues>
                            <customfieldvalue>false</customfieldvalue>

                        </customfieldvalues>
                    </customfield>
                                                                                                                                                                                                                                                                                                                                                                                                                                                                                                                                                                                                                                                <customfield id="customfield_12310420" key="com.pyxis.greenhopper.jira:gh-global-rank">
                        <customfieldname>Global Rank</customfieldname>
                        <customfieldvalues>
                            <customfieldvalue>379248</customfieldvalue>
                        </customfieldvalues>
                    </customfield>
                                                                                                                                                                                                                                                                                                                                                                                                                                                                        <customfield id="customfield_12311820" key="com.pyxis.greenhopper.jira:gh-lexo-rank">
                        <customfieldname>Rank</customfieldname>
                        <customfieldvalues>
                            <customfieldvalue>0|i1tcin:</customfieldvalue>

                        </customfieldvalues>
                    </customfield>
                                                                <customfield id="customfield_12310920" key="com.pyxis.greenhopper.jira:gh-global-rank">
                        <customfieldname>Rank (Obsolete)</customfieldname>
                        <customfieldvalues>
                            <customfieldvalue>379540</customfieldvalue>
                        </customfieldvalues>
                    </customfield>
                                                                                                                                                                                                                                                                                                                                                                                                                                                                                                                                                                                                                                                                                                                                                                                            </customfields>
    </item>


</channel>
</rss>