<rss version="0.92">
    <channel>
        <title>ASF JIRA</title>
        <link>https://issues.apache.org/jira/issues/?jql=project+%3D+CSV+AND+type+%3D+bug+and+%28status+%3D+RESOLVED+or+status+%3D+closed%29</link>
        <description>An XML representation of a search request</description>
                <language>en-uk</language>
                        <issue start="0" end="123" total="123" />
                <build-info>
            <version>8.20.7</version>
            <build-number>820007</build-number>
            <build-date>16-03-2022</build-date>
        </build-info>

<item>
            <title>[CSV-263] Print from Reader with embedded quotes generates incorrect output</title>
                <link>https://issues.apache.org/jira/browse/CSV-263</link>
                <project id="12313222" key="CSV">Commons CSV</project>
                    <description>&lt;p&gt;I have found a problem in v1.8 where output with embedded quotes supplied from Reader is incorrectly escaping. When data read from the Reader starts with an embedded quote, output quote escaping is unbalanced and cannot be subsequently parsed/loaded. Subsequent embedded quotes are correctly escaped.&lt;/p&gt;

&lt;p&gt;input data:&lt;br/&gt;
 &lt;tt&gt;"A" ASKED "B" ANOTHER QUESTION.&lt;/tt&gt;&lt;/p&gt;

&lt;p&gt;output:&lt;br/&gt;
 &lt;tt&gt;""""A"" ASKED ""B"" ANOTHER QUESTION."&lt;/tt&gt;&lt;/p&gt;

&lt;p&gt;expected output:&lt;br/&gt;
 &lt;tt&gt;"""A"" ASKED ""B"" ANOTHER QUESTION."&lt;/tt&gt;&lt;/p&gt;

&lt;p&gt;See attached patches.&lt;/p&gt;</description>
                <environment />
        <key id="13318142">CSV-263</key>
            <summary>Print from Reader with embedded quotes generates incorrect output</summary>
                <type id="1" iconUrl="https://issues.apache.org/jira/secure/viewavatar?size=xsmall&amp;avatarId=21133&amp;avatarType=issuetype">Bug</type>
                                            <priority id="4" iconUrl="https://issues.apache.org/jira/images/icons/priorities/minor.svg">Minor</priority>
                        <status id="5" iconUrl="https://issues.apache.org/jira/images/icons/statuses/resolved.png" description="A resolution has been taken, and it is awaiting verification by reporter. From here issues are either reopened, or are closed.">Resolved</status>
                    <statusCategory id="3" key="done" colorName="green" />
                                    <resolution id="1">Fixed</resolution>
                                        <assignee username="-1">Unassigned</assignee>
                                    <reporter username="jaguild">Jason A. Guild</reporter>
                        <labels>
                    </labels>
                <created>Sun, 19 Jul 2020 23:56:41 +0000</created>
                <updated>Thu, 8 Jul 2021 14:36:46 +0000</updated>
                            <resolved>Thu, 8 Jul 2021 14:36:46 +0000</resolved>
                                    <version>1.8</version>
                                    <fixVersion>1.9.0</fixVersion>
                                    <component>Printer</component>
                        <due />
                            <votes>0</votes>
                                    <watches>1</watches>
                                                                        <attachments>
                            <attachment id="13007978" name="fix-print-quoted-from-reader-tests.patch" size="701" author="jaguild" created="Mon, 20 Jul 2020 00:13:32 +0000" />
                            <attachment id="13007979" name="fix-print-quoted-from-reader.patch" size="730" author="jaguild" created="Mon, 20 Jul 2020 00:13:32 +0000" />
                    </attachments>
                <subtasks>
                    </subtasks>
                <customfields>
                                                                                                                                                                                                                                                                                                                                                                                                                                                                                                                                                                                                                                                                                                                    <customfield id="customfield_12314020" key="com.atlassian.jira.plugins.jira-development-integration-plugin:devsummary">
                        <customfieldname>Development</customfieldname>
                        <customfieldvalues>
                            
                        </customfieldvalues>
                    </customfield>
                                                                                                                        <customfield id="customfield_12313422" key="com.atlassian.jirafisheyeplugin:jobcheckbox">
                        <customfieldname>Enable Automatic Patch Review</customfieldname>
                        <customfieldvalues>
                            <customfieldvalue>false</customfieldvalue>

                        </customfieldvalues>
                    </customfield>
                                                                                                                                                                                                                                                                                                <customfield id="customfield_12311020" key="com.atlassian.jira.plugin.system.customfieldtypes:url">
                        <customfieldname>External issue URL</customfieldname>
                        <customfieldvalues>
                            <customfieldvalue>https://github.com/apache/commons-csv/pull/78</customfieldvalue>

                        </customfieldvalues>
                    </customfield>
                                                                                                                        <customfield id="customfield_12310250" key="com.atlassian.jira.plugin.system.customfieldtypes:multicheckboxes">
                        <customfieldname>Flags</customfieldname>
                        <customfieldvalues>
                                <customfieldvalue key="10430">Patch</customfieldvalue>
    
                        </customfieldvalues>
                    </customfield>
                                                                                                                                                                                                                                                                                                <customfield id="customfield_12310420" key="com.pyxis.greenhopper.jira:gh-global-rank">
                        <customfieldname>Global Rank</customfieldname>
                        <customfieldvalues>
                            <customfieldvalue>9223372036854775807</customfieldvalue>
                        </customfieldvalues>
                    </customfield>
                                                                                                                                                                                                                                                                                                                                                                                                                                                                        <customfield id="customfield_12311820" key="com.pyxis.greenhopper.jira:gh-lexo-rank">
                        <customfieldname>Rank</customfieldname>
                        <customfieldvalues>
                            <customfieldvalue>0|z0gzq8:</customfieldvalue>

                        </customfieldvalues>
                    </customfield>
                                                                <customfield id="customfield_12310920" key="com.pyxis.greenhopper.jira:gh-global-rank">
                        <customfieldname>Rank (Obsolete)</customfieldname>
                        <customfieldvalues>
                            <customfieldvalue>9223372036854775807</customfieldvalue>
                        </customfieldvalues>
                    </customfield>
                                                                                                                                                                                                                                                                                                                                                                                                                                                                                                                                                                                                                                                                                                                                                                                            </customfields>
    </item>


</channel>
</rss>