<rss version="0.92">
    <channel>
        <title>ASF JIRA</title>
        <link>https://issues.apache.org/jira/issues/?jql=project+%3D+CSV+AND+type+%3D+bug+and+%28status+%3D+RESOLVED+or+status+%3D+closed%29</link>
        <description>An XML representation of a search request</description>
                <language>en-uk</language>
                        <issue start="0" end="123" total="123" />
                <build-info>
            <version>8.20.7</version>
            <build-number>820007</build-number>
            <build-date>16-03-2022</build-date>
        </build-info>

<item>
            <title>[CSV-247] A single empty header is allowed when not allowing empty column headers.</title>
                <link>https://issues.apache.org/jira/browse/CSV-247</link>
                <project id="12313222" key="CSV">Commons CSV</project>
                    <description>&lt;p&gt;If the settings are not allowing empty columns headers you can currently use a single empty header. This is because column headers are only checked for empty when they are duplicates. So it is the second empty header (the first duplicate) that raises an error. This test should pass but does not:&lt;/p&gt;
&lt;div class="code panel" style="border-width: 1px;"&gt;&lt;div class="codeContent panelContent"&gt;
&lt;pre class="code-java"&gt;
@Test(expected = IllegalArgumentException.class)
&lt;span class="code-keyword"&gt;public&lt;/span&gt; void testHeadersMissingOneColumnException() &lt;span class="code-keyword"&gt;throws&lt;/span&gt; Exception {
 &#160;&#160;&#160;&lt;span class="code-keyword"&gt;final&lt;/span&gt; Reader in = &lt;span class="code-keyword"&gt;new&lt;/span&gt; StringReader(&lt;span class="code-quote"&gt;"a,,c,d\n1,2,3,4\nx,y,z,zz"&lt;/span&gt;); &#160;&#160;&#160;CSVFormat.DEFAULT.withHeader().parse(in).iterator(); 
}
&lt;/pre&gt;
&lt;/div&gt;&lt;/div&gt;</description>
                <environment />
        <key id="13242934">CSV-247</key>
            <summary>A single empty header is allowed when not allowing empty column headers.</summary>
                <type id="1" iconUrl="https://issues.apache.org/jira/secure/viewavatar?size=xsmall&amp;avatarId=21133&amp;avatarType=issuetype">Bug</type>
                                            <priority id="4" iconUrl="https://issues.apache.org/jira/images/icons/priorities/minor.svg">Minor</priority>
                        <status id="6" iconUrl="https://issues.apache.org/jira/images/icons/statuses/closed.png" description="The issue is considered finished, the resolution is correct. Issues which are not closed can be reopened.">Closed</status>
                    <statusCategory id="3" key="done" colorName="green" />
                                    <resolution id="1">Fixed</resolution>
                                        <assignee username="-1">Unassigned</assignee>
                                    <reporter username="aherbert">Alex Herbert</reporter>
                        <labels>
                    </labels>
                <created>Wed, 3 Jul 2019 07:59:25 +0000</created>
                <updated>Mon, 7 Oct 2019 19:03:04 +0000</updated>
                            <resolved>Sun, 6 Oct 2019 21:39:47 +0000</resolved>
                                    <version>1.7</version>
                                    <fixVersion>1.8</fixVersion>
                                        <due />
                            <votes>1</votes>
                                    <watches>1</watches>
                                            <timeestimate seconds="0">0h</timeestimate>
                            <timespent seconds="3600">1h</timespent>
                                <comments>
                            <comment id="16945473" author="garydgregory" created="Sun, 6 Oct 2019 21:39:47 +0000">&lt;p&gt;I think this works as designed in git master, please see &lt;a href="https://issues.apache.org/jira/browse/CSV-247" class="external-link" rel="nofollow"&gt;https://issues.apache.org/jira/browse/CSV-247&lt;/a&gt;&lt;/p&gt;

&lt;p&gt;Note that using &lt;tt&gt;&lt;a href="https://static.javadoc.io/org.apache.commons/commons-csv/1.7/org/apache/commons/csv/CSVFormat.html#withHeader-java.lang.String...-" class="external-link" target="_blank" rel="nofollow noopener"&gt;withHeaders()&lt;/a&gt;&lt;/tt&gt; without any arguments uses the first line as the header line.&lt;/p&gt;

&lt;p&gt;&#160;&lt;/p&gt;</comment>
                            <comment id="16945858" author="alexherbert" created="Mon, 7 Oct 2019 12:50:57 +0000">&lt;p&gt;I still think there is an inconsistency.&lt;/p&gt;

&lt;p&gt;My original test case in the ticket header expects an exception when there is a single missing header and the parser is configured to not allow missing column names.&lt;/p&gt;

&lt;p&gt;This is how the code works. This runs fine against current master:&lt;/p&gt;
&lt;div class="code panel" style="border-width: 1px;"&gt;&lt;div class="codeContent panelContent"&gt;
&lt;pre class="code-java"&gt;
@Test
&lt;span class="code-keyword"&gt;public&lt;/span&gt; void testHeadersMissing() &lt;span class="code-keyword"&gt;throws&lt;/span&gt; Exception {
    &lt;span class="code-keyword"&gt;final&lt;/span&gt; CSVFormat format = CSVFormat.DEFAULT.withHeader();

    &lt;span class="code-comment"&gt;// The &lt;span class="code-keyword"&gt;default&lt;/span&gt; does not allow missing column names but allows
&lt;/span&gt;    &lt;span class="code-comment"&gt;// duplicate headers
&lt;/span&gt;    Assertions.assertFalse(format.getAllowMissingColumnNames(),
        &lt;span class="code-quote"&gt;"By &lt;span class="code-keyword"&gt;default&lt;/span&gt; we should not allow missing column names"&lt;/span&gt;);
    Assertions.assertTrue(format.getAllowDuplicateHeaderNames(),
        &lt;span class="code-quote"&gt;"By &lt;span class="code-keyword"&gt;default&lt;/span&gt; we should allow duplicate column names"&lt;/span&gt;);

    Assertions.assertDoesNotThrow(() -&amp;gt; {
        &lt;span class="code-keyword"&gt;final&lt;/span&gt; Reader in = &lt;span class="code-keyword"&gt;new&lt;/span&gt; StringReader(&lt;span class="code-quote"&gt;"a,,c,d,e\n1,2,3,4,5\nv,w,x,y,z"&lt;/span&gt;);
        format.parse(in).iterator();
    }, &lt;span class="code-quote"&gt;"1 missing column header is OK"&lt;/span&gt;);

    Assertions.assertThrows(IllegalArgumentException.class, () -&amp;gt; {
        &lt;span class="code-keyword"&gt;final&lt;/span&gt; Reader in = &lt;span class="code-keyword"&gt;new&lt;/span&gt; StringReader(&lt;span class="code-quote"&gt;"a,,c,d,\n1,2,3,4,5\nv,w,x,y,z"&lt;/span&gt;);
        format.parse(in).iterator();
    }, &lt;span class="code-quote"&gt;"2+ missing column headers is not allowed!"&lt;/span&gt;);
}
&lt;/pre&gt;
&lt;/div&gt;&lt;/div&gt;
&lt;p&gt;So 1 missing header is fine but not 2 or more. This is the bug.&lt;/p&gt;

&lt;p&gt;My PR to fix this is old. Do you want a rebased version with tests showing what I expect?&lt;/p&gt;

&lt;p&gt;&#160;&lt;/p&gt;</comment>
                            <comment id="16945967" author="garydgregory" created="Mon, 7 Oct 2019 15:33:14 +0000">&lt;p&gt;&lt;a href="https://issues.apache.org/jira/secure/ViewProfile.jspa?name=aherbert" class="user-hover" rel="aherbert"&gt;aherbert&lt;/a&gt;&lt;/p&gt;

&lt;p&gt;Yes, please and thank you for your patience.&#160;&lt;/p&gt;

&lt;p&gt;Gary&lt;/p&gt;</comment>
                            <comment id="16945989" author="alexherbert" created="Mon, 7 Oct 2019 16:08:20 +0000">&lt;p&gt;&lt;a href="https://issues.apache.org/jira/secure/ViewProfile.jspa?name=ggregory" class="user-hover" rel="ggregory"&gt;ggregory&lt;/a&gt;&lt;/p&gt;

&lt;p&gt;I've updated the PR with a quick rebase. The code logic in CSVParser was unchanged. The recent switch from JUnit 4 to 5 was preventing an auto-merge by git but the change was trivial.&lt;/p&gt;

&lt;p&gt;I also added a variant of the above test to the issues test: JiraCsv247Test.&lt;/p&gt;</comment>
                            <comment id="16946120" author="garydgregory" created="Mon, 7 Oct 2019 18:34:18 +0000">&lt;p&gt;&lt;a href="https://issues.apache.org/jira/secure/ViewProfile.jspa?name=aherbert" class="user-hover" rel="aherbert"&gt;aherbert&lt;/a&gt;&lt;/p&gt;

&lt;p&gt;I merged the PR to git master. Please verify and close this ticket.&lt;/p&gt;

&lt;p&gt;Thank you!&lt;br/&gt;
Gary&lt;/p&gt;</comment>
                            <comment id="16946148" author="alexherbert" created="Mon, 7 Oct 2019 19:03:04 +0000">&lt;p&gt;Verified in master.&lt;/p&gt;</comment>
                    </comments>
                    <attachments>
                    </attachments>
                <subtasks>
                    </subtasks>
                <customfields>
                                                                                                                                                                                                                                                                                                                                                                                                                                                                                                                                                                                                                                                                                                                    <customfield id="customfield_12314020" key="com.atlassian.jira.plugins.jira-development-integration-plugin:devsummary">
                        <customfieldname>Development</customfieldname>
                        <customfieldvalues>
                            
                        </customfieldvalues>
                    </customfield>
                                                                                                                        <customfield id="customfield_12313422" key="com.atlassian.jirafisheyeplugin:jobcheckbox">
                        <customfieldname>Enable Automatic Patch Review</customfieldname>
                        <customfieldvalues>
                            <customfieldvalue>false</customfieldvalue>

                        </customfieldvalues>
                    </customfield>
                                                                                                                                                                                                                                                                                                                                                                                                                                                                                                                                                                                                                                                <customfield id="customfield_12310420" key="com.pyxis.greenhopper.jira:gh-global-rank">
                        <customfieldname>Global Rank</customfieldname>
                        <customfieldvalues>
                            <customfieldvalue>9223372036854775807</customfieldvalue>
                        </customfieldvalues>
                    </customfield>
                                                                                                                                                                                                                                                                                                                                                                                                                                                                        <customfield id="customfield_12311820" key="com.pyxis.greenhopper.jira:gh-lexo-rank">
                        <customfieldname>Rank</customfieldname>
                        <customfieldvalues>
                            <customfieldvalue>0|z04byg:</customfieldvalue>

                        </customfieldvalues>
                    </customfield>
                                                                <customfield id="customfield_12310920" key="com.pyxis.greenhopper.jira:gh-global-rank">
                        <customfieldname>Rank (Obsolete)</customfieldname>
                        <customfieldvalues>
                            <customfieldvalue>9223372036854775807</customfieldvalue>
                        </customfieldvalues>
                    </customfield>
                                                                                                                                                                                                                                                                                                                                                                                                                                                                                                                                                                                                                                                                                                                                                                                            </customfields>
    </item>


</channel>
</rss>