<rss version="0.92">
    <channel>
        <title>ASF JIRA</title>
        <link>https://issues.apache.org/jira/issues/?jql=project+%3D+CSV+AND+type+%3D+bug+and+%28status+%3D+RESOLVED+or+status+%3D+closed%29</link>
        <description>An XML representation of a search request</description>
                <language>en-uk</language>
                        <issue start="0" end="123" total="123" />
                <build-info>
            <version>8.20.7</version>
            <build-number>820007</build-number>
            <build-date>16-03-2022</build-date>
        </build-info>

<item>
            <title>[CSV-11] CSVWriter does not escape commas and quotes</title>
                <link>https://issues.apache.org/jira/browse/CSV-11</link>
                <project id="12313222" key="CSV">Commons CSV</project>
                    <description>&lt;p&gt;When CSVWriter is provided a field value of "Hello, \"Bob\"!", it writes it out directly instead of wrapping it in quotes and escaping the internal quotes.  See the Wikipedia entry on CSV:&lt;br/&gt;
&lt;a href="http://en.wikipedia.org/wiki/Comma-separated_values" class="external-link" target="_blank" rel="nofollow noopener"&gt;http://en.wikipedia.org/wiki/Comma-separated_values&lt;/a&gt;&lt;/p&gt;</description>
                <environment />
        <key id="12389538">CSV-11</key>
            <summary>CSVWriter does not escape commas and quotes</summary>
                <type id="1" iconUrl="https://issues.apache.org/jira/secure/viewavatar?size=xsmall&amp;avatarId=21133&amp;avatarType=issuetype">Bug</type>
                                            <priority id="3" iconUrl="https://issues.apache.org/jira/images/icons/priorities/major.svg">Major</priority>
                        <status id="6" iconUrl="https://issues.apache.org/jira/images/icons/statuses/closed.png" description="The issue is considered finished, the resolution is correct. Issues which are not closed can be reopened.">Closed</status>
                    <statusCategory id="3" key="done" colorName="green" />
                                    <resolution id="2">Won't Fix</resolution>
                                        <assignee username="-1">Unassigned</assignee>
                                    <reporter username="croft">David Wallace Croft</reporter>
                        <labels>
                    </labels>
                <created>Mon, 25 Feb 2008 22:08:12 +0000</created>
                <updated>Thu, 14 Aug 2014 20:06:21 +0000</updated>
                            <resolved>Tue, 6 Mar 2012 08:51:36 +0000</resolved>
                                                    <fixVersion>1.0</fixVersion>
                                        <due />
                            <votes>2</votes>
                                    <watches>2</watches>
                                    <timeoriginalestimate seconds="10800">3h</timeoriginalestimate>
                            <timeestimate seconds="10800">3h</timeestimate>
                                        <comments>
                            <comment id="12647416" author="bayard" created="Thu, 13 Nov 2008 21:38:51 +0000">&lt;p&gt;Seems that this should be escaped.&lt;/p&gt;</comment>
                            <comment id="13223103" author="ebourg" created="Tue, 6 Mar 2012 08:51:36 +0000">&lt;p&gt;The CSVWriter class and its package have been removed from Commons CSV. CSVPrinter should be used instead.&lt;/p&gt;</comment>
                    </comments>
                <issuelinks>
                            <issuelinktype id="10001">
                    <name>dependent</name>
                                                                <inwardlinks description="is depended upon by">
                                        <issuelink>
            <issuekey id="12388476">CSV-15</issuekey>
        </issuelink>
                            </inwardlinks>
                                    </issuelinktype>
                    </issuelinks>
                <attachments>
                    </attachments>
                <subtasks>
                    </subtasks>
                <customfields>
                                                                                                                                                                                                                                                                                                                                                                                                                                                                                                                                                                                                                                                                                                                    <customfield id="customfield_12314020" key="com.atlassian.jira.plugins.jira-development-integration-plugin:devsummary">
                        <customfieldname>Development</customfieldname>
                        <customfieldvalues>
                            
                        </customfieldvalues>
                    </customfield>
                                                                                                                        <customfield id="customfield_12313422" key="com.atlassian.jirafisheyeplugin:jobcheckbox">
                        <customfieldname>Enable Automatic Patch Review</customfieldname>
                        <customfieldvalues>
                            <customfieldvalue>false</customfieldvalue>

                        </customfieldvalues>
                    </customfield>
                                                                                                                                                                                                                                                                                                                                                                                                                                                                                                                                                                                                                                                <customfield id="customfield_12310420" key="com.pyxis.greenhopper.jira:gh-global-rank">
                        <customfieldname>Global Rank</customfieldname>
                        <customfieldvalues>
                            <customfieldvalue>171872</customfieldvalue>
                        </customfieldvalues>
                    </customfield>
                                                                                                                                                                                                                                                                                                                                                                                                                                                                        <customfield id="customfield_12311820" key="com.pyxis.greenhopper.jira:gh-lexo-rank">
                        <customfieldname>Rank</customfieldname>
                        <customfieldvalues>
                            <customfieldvalue>0|i0tfyf:</customfieldvalue>

                        </customfieldvalues>
                    </customfield>
                                                                <customfield id="customfield_12310920" key="com.pyxis.greenhopper.jira:gh-global-rank">
                        <customfieldname>Rank (Obsolete)</customfieldname>
                        <customfieldvalues>
                            <customfieldvalue>169894</customfieldvalue>
                        </customfieldvalues>
                    </customfield>
                                                                                                                                                                                                                                                                                                                                                                                                                                                                                                                                                                                                                                                                                                                                                                                            </customfields>
    </item>


</channel>
</rss>