<rss version="0.92">
    <channel>
        <title>ASF JIRA</title>
        <link>https://issues.apache.org/jira/issues/?jql=project+%3D+CSV+AND+type+%3D+bug+and+%28status+%3D+RESOLVED+or+status+%3D+closed%29</link>
        <description>An XML representation of a search request</description>
                <language>en-uk</language>
                        <issue start="0" end="123" total="123" />
                <build-info>
            <version>8.20.7</version>
            <build-number>820007</build-number>
            <build-date>16-03-2022</build-date>
        </build-info>

<item>
            <title>[CSV-122] NullPointerException when empty header string and and null string of ""</title>
                <link>https://issues.apache.org/jira/browse/CSV-122</link>
                <project id="12313222" key="CSV">Commons CSV</project>
                    <description>&lt;p&gt;When setting the format to have a nullString of "" and having an empty header value, a nullPointerException is thrown.&lt;/p&gt;</description>
                <environment />
        <key id="12726847">CSV-122</key>
            <summary>NullPointerException when empty header string and and null string of ""</summary>
                <type id="1" iconUrl="https://issues.apache.org/jira/secure/viewavatar?size=xsmall&amp;avatarId=21133&amp;avatarType=issuetype">Bug</type>
                                            <priority id="3" iconUrl="https://issues.apache.org/jira/images/icons/priorities/major.svg">Major</priority>
                        <status id="6" iconUrl="https://issues.apache.org/jira/images/icons/statuses/closed.png" description="The issue is considered finished, the resolution is correct. Issues which are not closed can be reopened.">Closed</status>
                    <statusCategory id="3" key="done" colorName="green" />
                                    <resolution id="1">Fixed</resolution>
                                        <assignee username="britter">Benedikt Ritter</assignee>
                                    <reporter username="mikelikespie">Mike Lewis</reporter>
                        <labels>
                    </labels>
                <created>Fri, 11 Jul 2014 18:05:15 +0000</created>
                <updated>Thu, 14 Aug 2014 20:06:20 +0000</updated>
                            <resolved>Fri, 11 Jul 2014 18:43:13 +0000</resolved>
                                                    <fixVersion>1.0</fixVersion>
                                    <component>Parser</component>
                        <due />
                            <votes>0</votes>
                                    <watches>2</watches>
                                                                <comments>
                            <comment id="14059121" author="mikelikespie" created="Fri, 11 Jul 2014 18:06:54 +0000">&lt;p&gt;Test and fix&lt;/p&gt;</comment>
                            <comment id="14059180" author="britter" created="Fri, 11 Jul 2014 18:43:13 +0000">&lt;div class="code panel" style="border-width: 1px;"&gt;&lt;div class="codeContent panelContent"&gt;
&lt;pre class="code-java"&gt;bene@localhost:~/workspace/apache/commons/csv$ svn ci -m &lt;span class="code-quote"&gt;"CSV-122: NullPointerException when empty header string and and &lt;span class="code-keyword"&gt;null&lt;/span&gt; string of \"&lt;/span&gt;\&lt;span class="code-quote"&gt;". Thanks to Mike Lewis."&lt;/span&gt;
Sending        src/changes/changes.xml
Sending        src/main/java/org/apache/commons/csv/CSVParser.java
Sending        src/test/java/org/apache/commons/csv/CSVParserTest.java
Transmitting file data ...
Committed revision 1609768.

Thanks!
&lt;/pre&gt;
&lt;/div&gt;&lt;/div&gt;</comment>
                    </comments>
                    <attachments>
                            <attachment id="12655262" name="CSV-122.patch" size="1990" author="mikelikespie" created="Fri, 11 Jul 2014 18:06:54 +0000" />
                    </attachments>
                <subtasks>
                    </subtasks>
                <customfields>
                                                                                                                                                                                                                                                                                                                                                                                                                                                                                                                                                                                                                                                                                                                    <customfield id="customfield_12314020" key="com.atlassian.jira.plugins.jira-development-integration-plugin:devsummary">
                        <customfieldname>Development</customfieldname>
                        <customfieldvalues>
                            
                        </customfieldvalues>
                    </customfield>
                                                                                                                        <customfield id="customfield_12313422" key="com.atlassian.jirafisheyeplugin:jobcheckbox">
                        <customfieldname>Enable Automatic Patch Review</customfieldname>
                        <customfieldvalues>
                            <customfieldvalue>false</customfieldvalue>

                        </customfieldvalues>
                    </customfield>
                                                                                                                                                                                                                                                                                                                                                                                                                                                                                                                                                                                                                                                <customfield id="customfield_12310420" key="com.pyxis.greenhopper.jira:gh-global-rank">
                        <customfieldname>Global Rank</customfieldname>
                        <customfieldvalues>
                            <customfieldvalue>404954</customfieldvalue>
                        </customfieldvalues>
                    </customfield>
                                                                                                                                                                                                                                                                                                                                                                                                                                                                        <customfield id="customfield_12311820" key="com.pyxis.greenhopper.jira:gh-lexo-rank">
                        <customfieldname>Rank</customfieldname>
                        <customfieldvalues>
                            <customfieldvalue>0|i1xoxz:</customfieldvalue>

                        </customfieldvalues>
                    </customfield>
                                                                <customfield id="customfield_12310920" key="com.pyxis.greenhopper.jira:gh-global-rank">
                        <customfieldname>Rank (Obsolete)</customfieldname>
                        <customfieldvalues>
                            <customfieldvalue>404991</customfieldvalue>
                        </customfieldvalues>
                    </customfield>
                                                                                                                                                                                                                                                                                                                                                                                                                                                                                                                                                                                                                                                                                                                                                                                            </customfields>
    </item>


</channel>
</rss>