<rss version="0.92">
    <channel>
        <title>ASF JIRA</title>
        <link>https://issues.apache.org/jira/issues/?jql=project+%3D+CSV+AND+type+%3D+bug+and+%28status+%3D+RESOLVED+or+status+%3D+closed%29</link>
        <description>An XML representation of a search request</description>
                <language>en-uk</language>
                        <issue start="0" end="123" total="123" />
                <build-info>
            <version>8.20.7</version>
            <build-number>820007</build-number>
            <build-date>16-03-2022</build-date>
        </build-info>

<item>
            <title>[CSV-111] CSVRecord.toMap() fails if row length shorter than header length</title>
                <link>https://issues.apache.org/jira/browse/CSV-111</link>
                <project id="12313222" key="CSV">Commons CSV</project>
                    <description>&lt;p&gt;Similar to &lt;a href="https://issues.apache.org/jira/browse/CSV-96" title="CSVRecord does not verify that the length of the header mapping matches the number of values" class="issue-link" data-issue-key="CSV-96"&gt;&lt;del&gt;CSV-96&lt;/del&gt;&lt;/a&gt;, if .toMap() is called on a record that has fewer fields than we have header columns we'll get an ArrayOutOfBoundsException.&lt;/p&gt;

&lt;div class="code panel" style="border-width: 1px;"&gt;&lt;div class="codeContent panelContent"&gt;
&lt;pre class="code-java"&gt;@Test
&lt;span class="code-keyword"&gt;public&lt;/span&gt; void testToMapWhenHeaderTooLong() &lt;span class="code-keyword"&gt;throws&lt;/span&gt; Exception {
   &lt;span class="code-keyword"&gt;final&lt;/span&gt; CSVParser parser = &lt;span class="code-keyword"&gt;new&lt;/span&gt; CSVParser(&lt;span class="code-quote"&gt;"a,b"&lt;/span&gt;, CSVFormat.newBuilder().withHeader(&lt;span class="code-quote"&gt;"A"&lt;/span&gt;, &lt;span class="code-quote"&gt;"B"&lt;/span&gt;, &lt;span class="code-quote"&gt;"C"&lt;/span&gt;).build());
   &lt;span class="code-keyword"&gt;final&lt;/span&gt; CSVRecord record = parser.iterator().next();
   record.toMap();
}
&lt;/pre&gt;
&lt;/div&gt;&lt;/div&gt;</description>
                <environment />
        <key id="12709742">CSV-111</key>
            <summary>CSVRecord.toMap() fails if row length shorter than header length</summary>
                <type id="1" iconUrl="https://issues.apache.org/jira/secure/viewavatar?size=xsmall&amp;avatarId=21133&amp;avatarType=issuetype">Bug</type>
                                            <priority id="3" iconUrl="https://issues.apache.org/jira/images/icons/priorities/major.svg">Major</priority>
                        <status id="6" iconUrl="https://issues.apache.org/jira/images/icons/statuses/closed.png" description="The issue is considered finished, the resolution is correct. Issues which are not closed can be reopened.">Closed</status>
                    <statusCategory id="3" key="done" colorName="green" />
                                    <resolution id="1">Fixed</resolution>
                                        <assignee username="-1">Unassigned</assignee>
                                    <reporter username="rup">Rupert Wood</reporter>
                        <labels>
                    </labels>
                <created>Tue, 22 Apr 2014 11:04:58 +0000</created>
                <updated>Thu, 14 Aug 2014 20:06:22 +0000</updated>
                            <resolved>Tue, 22 Apr 2014 20:22:00 +0000</resolved>
                                                    <fixVersion>1.0</fixVersion>
                                    <component>Parser</component>
                        <due />
                            <votes>0</votes>
                                    <watches>2</watches>
                                                                <comments>
                            <comment id="13977344" author="garydgregory" created="Tue, 22 Apr 2014 20:22:00 +0000">&lt;div class="preformatted panel" style="border-width: 1px;"&gt;&lt;div class="preformattedContent panelContent"&gt;
&lt;pre&gt;commit -m "[CSV-111] CSVRecord.toMap() fails if row length shorter than header length." C:/vcs/svn/apache/commons/trunks-proper/csv/src/main/java/org/apache/commons/csv/CSVRecord.java C:/vcs/svn/apache/commons/trunks-proper/csv/src/test/java/org/apache/commons/csv/CSVRecordTest.java
    Sending        C:/vcs/svn/apache/commons/trunks-proper/csv/src/main/java/org/apache/commons/csv/CSVRecord.java
    Sending        C:/vcs/svn/apache/commons/trunks-proper/csv/src/test/java/org/apache/commons/csv/CSVRecordTest.java
    Transmitting file data ...
    Committed revision 1589281.
&lt;/pre&gt;
&lt;/div&gt;&lt;/div&gt;</comment>
                    </comments>
                    <attachments>
                    </attachments>
                <subtasks>
                    </subtasks>
                <customfields>
                                                                                                                                                                                                                                                                                                                                                                                                                                                                                                                                                                                                                                                                                                                    <customfield id="customfield_12314020" key="com.atlassian.jira.plugins.jira-development-integration-plugin:devsummary">
                        <customfieldname>Development</customfieldname>
                        <customfieldvalues>
                            
                        </customfieldvalues>
                    </customfield>
                                                                                                                        <customfield id="customfield_12313422" key="com.atlassian.jirafisheyeplugin:jobcheckbox">
                        <customfieldname>Enable Automatic Patch Review</customfieldname>
                        <customfieldvalues>
                            <customfieldvalue>false</customfieldvalue>

                        </customfieldvalues>
                    </customfield>
                                                                                                                                                                                                                                                                                                                                                                                                                                                                                                                                                                                                                                                <customfield id="customfield_12310420" key="com.pyxis.greenhopper.jira:gh-global-rank">
                        <customfieldname>Global Rank</customfieldname>
                        <customfieldvalues>
                            <customfieldvalue>388064</customfieldvalue>
                        </customfieldvalues>
                    </customfield>
                                                                                                                                                                                                                                                                                                                                                                                                                                                                        <customfield id="customfield_12311820" key="com.pyxis.greenhopper.jira:gh-lexo-rank">
                        <customfieldname>Rank</customfieldname>
                        <customfieldvalues>
                            <customfieldvalue>0|i1uukn:</customfieldvalue>

                        </customfieldvalues>
                    </customfield>
                                                                <customfield id="customfield_12310920" key="com.pyxis.greenhopper.jira:gh-global-rank">
                        <customfieldname>Rank (Obsolete)</customfieldname>
                        <customfieldvalues>
                            <customfieldvalue>388322</customfieldvalue>
                        </customfieldvalues>
                    </customfield>
                                                                                                                                                                                                                                                                                                                                                                                                                                                                                                                                                                                                                                                                                                                                                                                            </customfields>
    </item>


</channel>
</rss>