<rss version="0.92">
    <channel>
        <title>ASF JIRA</title>
        <link>https://issues.apache.org/jira/issues/?jql=project+%3D+CSV+AND+type+%3D+bug+and+%28status+%3D+RESOLVED+or+status+%3D+closed%29</link>
        <description>An XML representation of a search request</description>
                <language>en-uk</language>
                        <issue start="0" end="123" total="123" />
                <build-info>
            <version>8.20.7</version>
            <build-number>820007</build-number>
            <build-date>16-03-2022</build-date>
        </build-info>

<item>
            <title>[CSV-125] No longer works with Java 6</title>
                <link>https://issues.apache.org/jira/browse/CSV-125</link>
                <project id="12313222" key="CSV">Commons CSV</project>
                    <description>&lt;p&gt;Hi,&lt;/p&gt;

&lt;p&gt;Commons-csv doesn't have a release yet, and this week the snapshot builds stopped working on java 6. Digging into the documentation I become aware that project only works with java 7. It worked fine on java 6 last week.&lt;br/&gt;
I understand that for some reason the project needs java 7 code.&lt;/p&gt;

&lt;p&gt;Said all this, I ask if it is possible to make a release based on last week code as a milestone for java 6? Or if not possible, delay requirement for java 7, make the 1.0 release and then make the next version java 7?&lt;/p&gt;

&lt;p&gt;Best regards,&lt;/p&gt;

&lt;p&gt;Bruno Marinho&lt;/p&gt;</description>
                <environment />
        <key id="12727869">CSV-125</key>
            <summary>No longer works with Java 6</summary>
                <type id="1" iconUrl="https://issues.apache.org/jira/secure/viewavatar?size=xsmall&amp;avatarId=21133&amp;avatarType=issuetype">Bug</type>
                                            <priority id="1" iconUrl="https://issues.apache.org/jira/images/icons/priorities/blocker.svg">Blocker</priority>
                        <status id="6" iconUrl="https://issues.apache.org/jira/images/icons/statuses/closed.png" description="The issue is considered finished, the resolution is correct. Issues which are not closed can be reopened.">Closed</status>
                    <statusCategory id="3" key="done" colorName="green" />
                                    <resolution id="1">Fixed</resolution>
                                        <assignee username="britter">Benedikt Ritter</assignee>
                                    <reporter username="bpmarinho">Bruno Marinho</reporter>
                        <labels>
                    </labels>
                <created>Thu, 17 Jul 2014 07:49:36 +0000</created>
                <updated>Thu, 14 Aug 2014 20:06:23 +0000</updated>
                            <resolved>Thu, 17 Jul 2014 15:25:53 +0000</resolved>
                                                    <fixVersion>1.0</fixVersion>
                                        <due />
                            <votes>0</votes>
                                    <watches>6</watches>
                                                                <comments>
                            <comment id="14064714" author="ebourg" created="Thu, 17 Jul 2014 08:33:19 +0000">&lt;p&gt;Hi Bruno, in what context do you use commons-csv? Upgrading to Java 7 isn't an option for you?&lt;/p&gt;</comment>
                            <comment id="14064734" author="bpmarinho" created="Thu, 17 Jul 2014 09:13:32 +0000">&lt;p&gt;Hi Emmanuel, we are using this in production in more than one app.&lt;br/&gt;
Unfortunately, migrating to java 7 is not planned for the next six months, and that it is why added this bug.&lt;/p&gt;</comment>
                            <comment id="14064892" author="kvahuja" created="Thu, 17 Jul 2014 13:26:46 +0000">&lt;p&gt;Hi Emmanuel, we are facing the same problem. We realized as we woke up that our builds are failing and we nailed it down to this exact same issues. I have spoken to my clients as well and they are not going to upgrade their environments overnight. &lt;/p&gt;

&lt;p&gt;All we need it a release of the project on maven2 central with a version that is compatible with Java 6. I cant go back and change the code either.&lt;/p&gt;

&lt;p&gt;Can you please make this happen on an urgent basis. &lt;/p&gt;

&lt;p&gt;thanks in advance.&lt;/p&gt;</comment>
                            <comment id="14064907" author="ebourg" created="Thu, 17 Jul 2014 13:32:26 +0000">&lt;p&gt;Thank you for the feedback, we are reverting commons-csv to Java 6.&lt;/p&gt;</comment>
                            <comment id="14064935" author="kvahuja" created="Thu, 17 Jul 2014 13:54:59 +0000">&lt;p&gt;Thanks Emmanuel, this will certain help.&lt;/p&gt;

&lt;p&gt;While you do that, can i request you to release a version (not a snapshot) that we can point to. this will allow us to avoid any more regressions that may happen because of any further development you are doing.&lt;/p&gt;

&lt;p&gt;thanks&lt;br/&gt;
kapil&lt;/p&gt;</comment>
                            <comment id="14064942" author="ebourg" created="Thu, 17 Jul 2014 14:04:27 +0000">&lt;p&gt;The first official release is just around the corner, we are reviewing the release candidates.&lt;/p&gt;</comment>
                            <comment id="14065028" author="britter" created="Thu, 17 Jul 2014 15:25:32 +0000">&lt;p&gt;I've reverted the language level back to Java 6 in r1611389.&lt;/p&gt;

&lt;p&gt;To all who experienced problems: It is generally not a good idea to depend on SNAPSHOTs in production code. You should better download the sources and deploy and deploy that to your company's maven repository.&lt;/p&gt;</comment>
                            <comment id="14092125" author="b.eckenfels" created="Sun, 10 Aug 2014 17:09:06 +0000">&lt;p&gt;You need to revert the release notes template as well. Maybe something like:&lt;/p&gt;

&lt;p&gt;CSV 1.0 can be built and used with Java 6 or newer. The site-build should be executed with at least Java 7 (it is tested with Java 8 as well).&lt;/p&gt;

&lt;p&gt;I would also add this somewhere to the site.&lt;/p&gt;</comment>
                    </comments>
                    <attachments>
                    </attachments>
                <subtasks>
                    </subtasks>
                <customfields>
                                                                                                                                                                                                                                                                                                                                                                                                                                                                                                                                                                                                                                                                                                                    <customfield id="customfield_12314020" key="com.atlassian.jira.plugins.jira-development-integration-plugin:devsummary">
                        <customfieldname>Development</customfieldname>
                        <customfieldvalues>
                            
                        </customfieldvalues>
                    </customfield>
                                                                                                                        <customfield id="customfield_12313422" key="com.atlassian.jirafisheyeplugin:jobcheckbox">
                        <customfieldname>Enable Automatic Patch Review</customfieldname>
                        <customfieldvalues>
                            <customfieldvalue>false</customfieldvalue>

                        </customfieldvalues>
                    </customfield>
                                                                                                                                                                                                                                                                                                                                                                                                                                                                                                                                                                                                                                                <customfield id="customfield_12310420" key="com.pyxis.greenhopper.jira:gh-global-rank">
                        <customfieldname>Global Rank</customfieldname>
                        <customfieldvalues>
                            <customfieldvalue>405974</customfieldvalue>
                        </customfieldvalues>
                    </customfield>
                                                                                                                                                                                                                                                                                                                                                                                                                                                                        <customfield id="customfield_12311820" key="com.pyxis.greenhopper.jira:gh-lexo-rank">
                        <customfieldname>Rank</customfieldname>
                        <customfieldvalues>
                            <customfieldvalue>0|i1xv2f:</customfieldvalue>

                        </customfieldvalues>
                    </customfield>
                                                                <customfield id="customfield_12310920" key="com.pyxis.greenhopper.jira:gh-global-rank">
                        <customfieldname>Rank (Obsolete)</customfieldname>
                        <customfieldvalues>
                            <customfieldvalue>405994</customfieldvalue>
                        </customfieldvalues>
                    </customfield>
                                                                                                                                                                                                                                                                                                                                                                                                                                                                                                                                                                                                                                                                                                                                                                                            </customfields>
    </item>


</channel>
</rss>