<rss version="0.92">
    <channel>
        <title>ASF JIRA</title>
        <link>https://issues.apache.org/jira/issues/?jql=project+%3D+CSV+AND+type+%3D+bug+and+%28status+%3D+RESOLVED+or+status+%3D+closed%29</link>
        <description>An XML representation of a search request</description>
                <language>en-uk</language>
                        <issue start="0" end="123" total="123" />
                <build-info>
            <version>8.20.7</version>
            <build-number>820007</build-number>
            <build-date>16-03-2022</build-date>
        </build-info>

<item>
            <title>[CSV-31] CSVParser hangs (goes into infinite loop) on getLine() if it's a "comment" line that doesn't contain a delimiter</title>
                <link>https://issues.apache.org/jira/browse/CSV-31</link>
                <project id="12313222" key="CSV">Commons CSV</project>
                    <description>&lt;p&gt;if you call CSVParser.getLine() or nextToken() with a line that is a comment as defined by the CSVStrategy but it doesn't contain the delimiter character, the call hangs in an infinite loop&lt;/p&gt;

&lt;p&gt;This code will hang:&lt;/p&gt;
&lt;div class="code panel" style="border-width: 1px;"&gt;&lt;div class="codeContent panelContent"&gt;
&lt;pre class="code-java"&gt;        parser = &lt;span class="code-keyword"&gt;new&lt;/span&gt; CSVParser(&lt;span class="code-keyword"&gt;new&lt;/span&gt; StringReader(&lt;span class="code-quote"&gt;"# abc\n"&lt;/span&gt;), &lt;span class="code-keyword"&gt;new&lt;/span&gt; CSVStrategy(&lt;span class="code-quote"&gt;'\t'&lt;/span&gt;, &lt;span class="code-quote"&gt;'\'&lt;/span&gt;&lt;span class="code-quote"&gt;', '&lt;/span&gt;#'));
        tokens = parser.getLine();
&lt;/pre&gt;
&lt;/div&gt;&lt;/div&gt;

&lt;p&gt;However, if you insert a delimiter char into the incoming string, it'll come through and return an empty string as a result:&lt;/p&gt;
&lt;div class="code panel" style="border-width: 1px;"&gt;&lt;div class="codeContent panelContent"&gt;
&lt;pre class="code-java"&gt;        CSVParser parser = &lt;span class="code-keyword"&gt;new&lt;/span&gt; CSVParser(&lt;span class="code-keyword"&gt;new&lt;/span&gt; StringReader(&lt;span class="code-quote"&gt;"#\tabc"&lt;/span&gt;), &lt;span class="code-keyword"&gt;new&lt;/span&gt; CSVStrategy(&lt;span class="code-quote"&gt;'\t'&lt;/span&gt;, &lt;span class="code-quote"&gt;'\'&lt;/span&gt;&lt;span class="code-quote"&gt;', '&lt;/span&gt;#'));
        &lt;span class="code-object"&gt;String&lt;/span&gt;[] tokens = parser.getLine();
        &lt;span class="code-object"&gt;System&lt;/span&gt;.out.println(&lt;span class="code-quote"&gt;"result: "&lt;/span&gt;+Arrays.toString(tokens));
&lt;/pre&gt;
&lt;/div&gt;&lt;/div&gt;

&lt;p&gt;It gets stuck in an infinite loop in CSVParser.nextToken() in the loop around line 347&lt;/p&gt;</description>
                <environment />
        <key id="12495186">CSV-31</key>
            <summary>CSVParser hangs (goes into infinite loop) on getLine() if it's a "comment" line that doesn't contain a delimiter</summary>
                <type id="1" iconUrl="https://issues.apache.org/jira/secure/viewavatar?size=xsmall&amp;avatarId=21133&amp;avatarType=issuetype">Bug</type>
                                            <priority id="3" iconUrl="https://issues.apache.org/jira/images/icons/priorities/major.svg">Major</priority>
                        <status id="6" iconUrl="https://issues.apache.org/jira/images/icons/statuses/closed.png" description="The issue is considered finished, the resolution is correct. Issues which are not closed can be reopened.">Closed</status>
                    <statusCategory id="3" key="done" colorName="green" />
                                    <resolution id="5">Cannot Reproduce</resolution>
                                        <assignee username="-1">Unassigned</assignee>
                                    <reporter username="toli">Toli Kuznets</reporter>
                        <labels>
                    </labels>
                <created>Mon, 10 Jan 2011 23:03:44 +0000</created>
                <updated>Thu, 14 Aug 2014 20:06:25 +0000</updated>
                            <resolved>Thu, 10 Nov 2011 00:55:15 +0000</resolved>
                                                    <fixVersion>1.0</fixVersion>
                                    <component>Parser</component>
                        <due />
                            <votes>0</votes>
                                    <watches>1</watches>
                                                                <comments>
                            <comment id="13147405" author="ebourg" created="Thu, 10 Nov 2011 00:55:15 +0000">&lt;p&gt;Thank you for the detailed report Toli. I ran your example against the current trunk and it worked fine. Could you give it another try and reopen this issue if it's not working for you?&lt;/p&gt;</comment>
                    </comments>
                <issuelinks>
                            <issuelinktype id="12310000">
                    <name>Duplicate</name>
                                                                <inwardlinks description="is duplicated by">
                                        <issuelink>
            <issuekey id="12495187">CSV-37</issuekey>
        </issuelink>
                            </inwardlinks>
                                    </issuelinktype>
                    </issuelinks>
                <attachments>
                    </attachments>
                <subtasks>
                    </subtasks>
                <customfields>
                                                                                                                                                                                                                                                                                                                                                                                                                                                                                                                                                                                                                                                                                                                    <customfield id="customfield_12314020" key="com.atlassian.jira.plugins.jira-development-integration-plugin:devsummary">
                        <customfieldname>Development</customfieldname>
                        <customfieldvalues>
                            
                        </customfieldvalues>
                    </customfield>
                                                                                                                        <customfield id="customfield_12313422" key="com.atlassian.jirafisheyeplugin:jobcheckbox">
                        <customfieldname>Enable Automatic Patch Review</customfieldname>
                        <customfieldvalues>
                            <customfieldvalue>false</customfieldvalue>

                        </customfieldvalues>
                    </customfield>
                                                                                                                                                                                                                                                                                                                                                                                                                                                                                                                                                                                                                                                <customfield id="customfield_12310420" key="com.pyxis.greenhopper.jira:gh-global-rank">
                        <customfieldname>Global Rank</customfieldname>
                        <customfieldvalues>
                            <customfieldvalue>171947</customfieldvalue>
                        </customfieldvalues>
                    </customfield>
                                                                                                                                                                                                                                                                                                                                                                                                                                                                        <customfield id="customfield_12311820" key="com.pyxis.greenhopper.jira:gh-lexo-rank">
                        <customfieldname>Rank</customfieldname>
                        <customfieldvalues>
                            <customfieldvalue>0|i0tfzz:</customfieldvalue>

                        </customfieldvalues>
                    </customfield>
                                                                <customfield id="customfield_12310920" key="com.pyxis.greenhopper.jira:gh-global-rank">
                        <customfieldname>Rank (Obsolete)</customfieldname>
                        <customfieldvalues>
                            <customfieldvalue>169901</customfieldvalue>
                        </customfieldvalues>
                    </customfield>
                                                                                                                                                                                                                                                                                                                                                                                                                                                                                                                                                                                                                                                                                                                                                                                            </customfields>
    </item>


</channel>
</rss>