<rss version="0.92">
    <channel>
        <title>ASF JIRA</title>
        <link>https://issues.apache.org/jira/issues/?jql=project+%3D+CSV+AND+type+%3D+bug+and+%28status+%3D+RESOLVED+or+status+%3D+closed%29</link>
        <description>An XML representation of a search request</description>
                <language>en-uk</language>
                        <issue start="0" end="123" total="123" />
                <build-info>
            <version>8.20.7</version>
            <build-number>820007</build-number>
            <build-date>16-03-2022</build-date>
        </build-info>

<item>
            <title>[CSV-40] Infinite loop when the last line is a comment</title>
                <link>https://issues.apache.org/jira/browse/CSV-40</link>
                <project id="12313222" key="CSV">Commons CSV</project>
                    <description>&lt;p&gt;I try to parse a simple file bl.csv that contains:&lt;br/&gt;
-----------------------------------&lt;br/&gt;
#The simplest good test&lt;br/&gt;
00000000&lt;br/&gt;
0001&lt;br/&gt;
0000002&lt;br/&gt;
00003&lt;br/&gt;
0000004&lt;br/&gt;
#comment at the end&lt;br/&gt;
------------------------------------&lt;/p&gt;

&lt;p&gt;I wrote several test and I notice that when the last line is a comment , I get lock in an infinite loop when parsing the file.&lt;br/&gt;
This is the only problem I notice, Others basic case work fine.&lt;/p&gt;

&lt;p&gt;Below is the parser I have configured:&lt;/p&gt;

&lt;p&gt; CSVStrategy strategy = CSVStrategy.DEFAULT_STRATEGY;&lt;br/&gt;
 strategy.setCommentStart('#');&lt;br/&gt;
 strategy.setIgnoreEmptyLines(true);&lt;br/&gt;
 strategy.setIgnoreLeadingWhitespaces(true);&lt;br/&gt;
 CSVParser csvparser = new CSVParser(new FileReader(csvFile), strategy);&lt;br/&gt;
 String[][] data = csvparser.getAllValues();&lt;/p&gt;
</description>
                <environment>&lt;p&gt;Linux ubuntu jaunty&lt;/p&gt;</environment>
        <key id="12440511">CSV-40</key>
            <summary>Infinite loop when the last line is a comment</summary>
                <type id="1" iconUrl="https://issues.apache.org/jira/secure/viewavatar?size=xsmall&amp;avatarId=21133&amp;avatarType=issuetype">Bug</type>
                                            <priority id="4" iconUrl="https://issues.apache.org/jira/images/icons/priorities/minor.svg">Minor</priority>
                        <status id="6" iconUrl="https://issues.apache.org/jira/images/icons/statuses/closed.png" description="The issue is considered finished, the resolution is correct. Issues which are not closed can be reopened.">Closed</status>
                    <statusCategory id="3" key="done" colorName="green" />
                                    <resolution id="3">Duplicate</resolution>
                                        <assignee username="-1">Unassigned</assignee>
                                    <reporter username="kboulebiar">Kamel Boulebiar</reporter>
                        <labels>
                    </labels>
                <created>Thu, 12 Nov 2009 16:50:36 +0000</created>
                <updated>Fri, 9 Mar 2012 22:57:29 +0000</updated>
                            <resolved>Thu, 15 Jul 2010 01:36:39 +0000</resolved>
                                                                        <due />
                            <votes>0</votes>
                                    <watches>0</watches>
                                    <timeoriginalestimate seconds="14400">4h</timeoriginalestimate>
                            <timeestimate seconds="14400">4h</timeestimate>
                                            <issuelinks>
                            <issuelinktype id="12310000">
                    <name>Duplicate</name>
                                            <outwardlinks description="duplicates">
                                        <issuelink>
            <issuekey id="12436246">CSV-36</issuekey>
        </issuelink>
                            </outwardlinks>
                                                        </issuelinktype>
                    </issuelinks>
                <attachments>
                    </attachments>
                <subtasks>
                    </subtasks>
                <customfields>
                                                                                                                                                                                                                                                                                                                                                                                                                                                                                                                                                                                                                                                                                                                    <customfield id="customfield_12314020" key="com.atlassian.jira.plugins.jira-development-integration-plugin:devsummary">
                        <customfieldname>Development</customfieldname>
                        <customfieldvalues>
                            
                        </customfieldvalues>
                    </customfield>
                                                                                                                        <customfield id="customfield_12313422" key="com.atlassian.jirafisheyeplugin:jobcheckbox">
                        <customfieldname>Enable Automatic Patch Review</customfieldname>
                        <customfieldvalues>
                            <customfieldvalue>false</customfieldvalue>

                        </customfieldvalues>
                    </customfield>
                                                                                                                                                                                                                                                                                                                                                                                                                                                                                                                                                                                                                                                <customfield id="customfield_12310420" key="com.pyxis.greenhopper.jira:gh-global-rank">
                        <customfieldname>Global Rank</customfieldname>
                        <customfieldvalues>
                            <customfieldvalue>171933</customfieldvalue>
                        </customfieldvalues>
                    </customfield>
                                                                                                                                                                                                                                                                                                                                                                                                                                                                        <customfield id="customfield_12311820" key="com.pyxis.greenhopper.jira:gh-lexo-rank">
                        <customfieldname>Rank</customfieldname>
                        <customfieldvalues>
                            <customfieldvalue>0|i0unm7:</customfieldvalue>

                        </customfieldvalues>
                    </customfield>
                                                                <customfield id="customfield_12310920" key="com.pyxis.greenhopper.jira:gh-global-rank">
                        <customfieldname>Rank (Obsolete)</customfieldname>
                        <customfieldvalues>
                            <customfieldvalue>176967</customfieldvalue>
                        </customfieldvalues>
                    </customfield>
                                                                                                                                                                                                                                                                                                                                                                                                                                                                                                                                                                                                                                                                                                                                                                                            </customfields>
    </item>


</channel>
</rss>