<rss version="0.92">
    <channel>
        <title>ASF JIRA</title>
        <link>https://issues.apache.org/jira/issues/?jql=project+%3D+CSV+AND+type+%3D+bug+and+%28status+%3D+RESOLVED+or+status+%3D+closed%29</link>
        <description>An XML representation of a search request</description>
                <language>en-uk</language>
                        <issue start="0" end="123" total="123" />
                <build-info>
            <version>8.20.7</version>
            <build-number>820007</build-number>
            <build-date>16-03-2022</build-date>
        </build-info>

<item>
            <title>[CSV-96] CSVRecord does not verify that the length of the header mapping matches the number of values</title>
                <link>https://issues.apache.org/jira/browse/CSV-96</link>
                <project id="12313222" key="CSV">Commons CSV</project>
                    <description>&lt;p&gt;CSVRecord does not verify that the size of the header mapping matches the number of values. The following test will produce a ArrayOutOfBoundsException:&lt;/p&gt;

&lt;div class="code panel" style="border-width: 1px;"&gt;&lt;div class="codeContent panelContent"&gt;
&lt;pre class="code-java"&gt;@Test
&lt;span class="code-keyword"&gt;public&lt;/span&gt; void testInvalidHeaderTooLong() &lt;span class="code-keyword"&gt;throws&lt;/span&gt; Exception {
   &lt;span class="code-keyword"&gt;final&lt;/span&gt; CSVParser parser = &lt;span class="code-keyword"&gt;new&lt;/span&gt; CSVParser(&lt;span class="code-quote"&gt;"a,b"&lt;/span&gt;, CSVFormat.newBuilder().withHeader(&lt;span class="code-quote"&gt;"A"&lt;/span&gt;, &lt;span class="code-quote"&gt;"B"&lt;/span&gt;, &lt;span class="code-quote"&gt;"C"&lt;/span&gt;).build());
   &lt;span class="code-keyword"&gt;final&lt;/span&gt; CSVRecord record = parser.iterator().next();
   record.get(&lt;span class="code-quote"&gt;"C"&lt;/span&gt;);
}
&lt;/pre&gt;
&lt;/div&gt;&lt;/div&gt;</description>
                <environment />
        <key id="12638072">CSV-96</key>
            <summary>CSVRecord does not verify that the length of the header mapping matches the number of values</summary>
                <type id="1" iconUrl="https://issues.apache.org/jira/secure/viewavatar?size=xsmall&amp;avatarId=21133&amp;avatarType=issuetype">Bug</type>
                                            <priority id="3" iconUrl="https://issues.apache.org/jira/images/icons/priorities/major.svg">Major</priority>
                        <status id="6" iconUrl="https://issues.apache.org/jira/images/icons/statuses/closed.png" description="The issue is considered finished, the resolution is correct. Issues which are not closed can be reopened.">Closed</status>
                    <statusCategory id="3" key="done" colorName="green" />
                                    <resolution id="1">Fixed</resolution>
                                        <assignee username="-1">Unassigned</assignee>
                                    <reporter username="britter">Benedikt Ritter</reporter>
                        <labels>
                    </labels>
                <created>Wed, 20 Mar 2013 20:17:38 +0000</created>
                <updated>Thu, 14 Aug 2014 20:06:24 +0000</updated>
                            <resolved>Mon, 24 Jun 2013 06:27:09 +0000</resolved>
                                    <version>1.0</version>
                                    <fixVersion>1.0</fixVersion>
                                    <component>Parser</component>
                        <due />
                            <votes>0</votes>
                                    <watches>3</watches>
                                                                <comments>
                            <comment id="13608135" author="britter" created="Wed, 20 Mar 2013 20:23:01 +0000">&lt;p&gt;I'm not sure if CSVRecord's ctor is the right place for checking if the header mapping length is correct. This may lead to a lot of over head because everytime a CSVRecord is created we would have to do something like:&lt;/p&gt;

&lt;div class="code panel" style="border-width: 1px;"&gt;&lt;div class="codeContent panelContent"&gt;
&lt;pre class="code-java"&gt;&lt;span class="code-keyword"&gt;if&lt;/span&gt;(mappings != &lt;span class="code-keyword"&gt;null&lt;/span&gt; &amp;amp;&amp;amp; mapping.size() != values.length) {
   &lt;span class="code-keyword"&gt;throw&lt;/span&gt; Exception
}
&lt;/pre&gt;
&lt;/div&gt;&lt;/div&gt;

&lt;p&gt;For very big files, this may be an issue. Would be better to just test this when the first record is created by the parser.&lt;/p&gt;</comment>
                            <comment id="13615468" author="garydgregory" created="Wed, 27 Mar 2013 16:37:52 +0000">&lt;p&gt;So is this a matter of which exception to throw?&lt;/p&gt;</comment>
                            <comment id="13616121" author="britter" created="Thu, 28 Mar 2013 07:45:51 +0000">&lt;p&gt;From a user PoV a meaningful exception should be thrown - so yes this is partly related to which exception should be thrown. This could for example be an IllegalStateException with a message like "Header mapping does not match actual record length."&lt;/p&gt;

&lt;p&gt;The question is, if it is sufficient to catch &lt;tt&gt;ArrayOutOfBoundsException&lt;/tt&gt; and throw ISE? What if the header mapping is shorter than the record? IMHO this is also an illegal state but it will not be detected by a try-catch-block that catches AOOBE.&lt;/p&gt;</comment>
                            <comment id="13616134" author="ebourg" created="Thu, 28 Mar 2013 08:20:59 +0000">&lt;p&gt;We have to be careful about the performance impact. Any additional test in the main iteration loop is undesirable.&lt;/p&gt;</comment>
                            <comment id="13616224" author="garydgregory" created="Thu, 28 Mar 2013 13:03:54 +0000">&lt;p&gt;How about this then:&lt;/p&gt;

&lt;div class="code panel" style="border-width: 1px;"&gt;&lt;div class="codeContent panelContent"&gt;
&lt;pre class="code-java"&gt;    /**
     * Creates a &lt;span class="code-keyword"&gt;new&lt;/span&gt; record.
     * 
     * @param values not &lt;span class="code-keyword"&gt;null&lt;/span&gt;
     * @param mapping may be &lt;span class="code-keyword"&gt;null&lt;/span&gt;
     * @param comment may be &lt;span class="code-keyword"&gt;null&lt;/span&gt;
     * @param recordNumber record number, not the line number
     */
    CSVRecord(&lt;span class="code-keyword"&gt;final&lt;/span&gt; &lt;span class="code-object"&gt;String&lt;/span&gt;[] values, &lt;span class="code-keyword"&gt;final&lt;/span&gt; Map&amp;lt;&lt;span class="code-object"&gt;String&lt;/span&gt;, &lt;span class="code-object"&gt;Integer&lt;/span&gt;&amp;gt; mapping,
            &lt;span class="code-keyword"&gt;final&lt;/span&gt; &lt;span class="code-object"&gt;String&lt;/span&gt; comment, &lt;span class="code-keyword"&gt;final&lt;/span&gt; &lt;span class="code-object"&gt;long&lt;/span&gt; recordNumber) {
        &lt;span class="code-keyword"&gt;if&lt;/span&gt; (mapping != &lt;span class="code-keyword"&gt;null&lt;/span&gt; &amp;amp;&amp;amp; values.length != mapping.size()) {
            &lt;span class="code-keyword"&gt;throw&lt;/span&gt; &lt;span class="code-keyword"&gt;new&lt;/span&gt; IllegalArgumentException(&lt;span class="code-object"&gt;String&lt;/span&gt;.format(
                    &lt;span class="code-quote"&gt;"Expected record length (%,d) to match header length (%,d) &lt;span class="code-keyword"&gt;for&lt;/span&gt; record %,d"&lt;/span&gt;, values.length,
                    mapping.size(), recordNumber));
        }
        &lt;span class="code-keyword"&gt;this&lt;/span&gt;.recordNumber = recordNumber;
        &lt;span class="code-keyword"&gt;this&lt;/span&gt;.values = values;
        &lt;span class="code-keyword"&gt;this&lt;/span&gt;.mapping = mapping;
        &lt;span class="code-keyword"&gt;this&lt;/span&gt;.comment = comment;
    }

&lt;/pre&gt;
&lt;/div&gt;&lt;/div&gt;</comment>
                            <comment id="13616234" author="garydgregory" created="Thu, 28 Mar 2013 13:23:48 +0000">&lt;p&gt;@Emmanuel Point taken, but I would be more concerned about code that runs once per column value, instead of once per record. &lt;/p&gt;

&lt;p&gt;The code above causes this test to fail: org.apache.commons.csv.CSVParserTest.testMappedButNotSetAsOutlook2007ContactExport() so we can forget about this kind of test unless we want to add a strict vs. lenient option.&lt;/p&gt;

&lt;p&gt;I'm inclined to leave the code as is for now. Adding a check on column access would mean that in most cases, when the data is correctly formatted, you'd pay for the size check twice, once in our code to throw an exception and another in the JRE/JVM when the array is accessed (which is imagine is very fast).&lt;/p&gt;
</comment>
                            <comment id="13616244" author="ebourg" created="Thu, 28 Mar 2013 13:37:00 +0000">&lt;p&gt;I can't check this in detail now, but I would just advise leaving out strong checks to not compromise the performance.&lt;/p&gt;

&lt;p&gt;The consistency of the record with the header could be checked afterward by a isConsistent() method on the record called by the user.&lt;/p&gt;</comment>
                            <comment id="13616252" author="garydgregory" created="Thu, 28 Mar 2013 13:48:27 +0000">&lt;p&gt;So would you have the method return a boolean or throw an exception?&lt;/p&gt;</comment>
                            <comment id="13616268" author="ebourg" created="Thu, 28 Mar 2013 14:08:02 +0000">&lt;p&gt;Good question. If the consistency is checked during the parsing I believe a try catch block inside the loop would be more expensive than a simple if. So I would for the boolean.&lt;/p&gt;</comment>
                            <comment id="13616272" author="britter" created="Thu, 28 Mar 2013 14:10:28 +0000">&lt;p&gt;How about checking this in CSVParser? We could initialize a lexer, get the first record, check this record against the header and reset the Reader afterwards (this has to happen in CSVParser ctor). This way we would do the test only once (and not for every record). There will be only minimal impact on performance.&lt;/p&gt;</comment>
                            <comment id="13616282" author="ebourg" created="Thu, 28 Mar 2013 14:20:54 +0000">&lt;p&gt;You would still have to check if the record is the first one. That's an additional check for every record.&lt;/p&gt;</comment>
                            <comment id="13616284" author="garydgregory" created="Thu, 28 Mar 2013 14:25:12 +0000">&lt;p&gt;I've added EB's suggestion for a CSVRecord#isConsistent() method:&lt;/p&gt;

&lt;div class="preformatted panel" style="border-width: 1px;"&gt;&lt;div class="preformattedContent panelContent"&gt;
&lt;pre&gt;commit -m "[CSV-96] CSVRecord does not verify that the length of the header mapping matches the number of values." C:/svn/org/apache/commons/trunks-proper/csv/src/test/java/org/apache/commons/csv/CSVParserTest.java C:/svn/org/apache/commons/trunks-proper/csv/src/main/java/org/apache/commons/csv/CSVRecord.java
    Sending        C:/svn/org/apache/commons/trunks-proper/csv/src/main/java/org/apache/commons/csv/CSVRecord.java
    Sending        C:/svn/org/apache/commons/trunks-proper/csv/src/test/java/org/apache/commons/csv/CSVParserTest.java
    Transmitting file data ...
    Committed revision 1462110.
&lt;/pre&gt;
&lt;/div&gt;&lt;/div&gt;</comment>
                            <comment id="13616288" author="garydgregory" created="Thu, 28 Mar 2013 14:27:06 +0000">&lt;p&gt;@BR: You have to check each record. How could you not and avoid the exception? I think the exception is OK. In the Excel example from the unit test, it is up to the call site to know how funky the input can be.&lt;/p&gt;</comment>
                            <comment id="13616300" author="britter" created="Thu, 28 Mar 2013 14:34:29 +0000">&lt;blockquote&gt;
&lt;p&gt;@BR: You have to check each record. How could you not and avoid the exception? I think the exception is OK. In the Excel example from the unit test, it is up to the call site to know how funky the input can be.&lt;/p&gt;&lt;/blockquote&gt;

&lt;p&gt;You mean if the length of the first record is correct but subsequent records have a different length?&lt;/p&gt;</comment>
                            <comment id="13616310" author="garydgregory" created="Thu, 28 Mar 2013 14:49:45 +0000">&lt;p&gt;Right, each record is independent.&lt;/p&gt;</comment>
                            <comment id="13691728" author="britter" created="Mon, 24 Jun 2013 06:27:09 +0000">&lt;p&gt;Has been fixed by wrapping the ArrayOutOfBoundsException into an IllegalArgumentException.&lt;/p&gt;</comment>
                    </comments>
                    <attachments>
                    </attachments>
                <subtasks>
                    </subtasks>
                <customfields>
                                                                                                                                                                                                                                                                                                                                                                                                                                                                                                                                                                                                                                                                                                                    <customfield id="customfield_12314020" key="com.atlassian.jira.plugins.jira-development-integration-plugin:devsummary">
                        <customfieldname>Development</customfieldname>
                        <customfieldvalues>
                            
                        </customfieldvalues>
                    </customfield>
                                                                                                                        <customfield id="customfield_12313422" key="com.atlassian.jirafisheyeplugin:jobcheckbox">
                        <customfieldname>Enable Automatic Patch Review</customfieldname>
                        <customfieldvalues>
                            <customfieldvalue>false</customfieldvalue>

                        </customfieldvalues>
                    </customfield>
                                                                                                                                                                                                                                                                                                                                                                                                                                                                                                                                                                                                                                                <customfield id="customfield_12310420" key="com.pyxis.greenhopper.jira:gh-global-rank">
                        <customfieldname>Global Rank</customfieldname>
                        <customfieldvalues>
                            <customfieldvalue>318550</customfieldvalue>
                        </customfieldvalues>
                    </customfield>
                                                                                                                                                                                                                                                                                                                                                                                                                                                                        <customfield id="customfield_12311820" key="com.pyxis.greenhopper.jira:gh-lexo-rank">
                        <customfieldname>Rank</customfieldname>
                        <customfieldvalues>
                            <customfieldvalue>0|i1iyr3:</customfieldvalue>

                        </customfieldvalues>
                    </customfield>
                                                                <customfield id="customfield_12310920" key="com.pyxis.greenhopper.jira:gh-global-rank">
                        <customfieldname>Rank (Obsolete)</customfieldname>
                        <customfieldvalues>
                            <customfieldvalue>318891</customfieldvalue>
                        </customfieldvalues>
                    </customfield>
                                                                                                                                                                                                                                                                                                                                                                                                                                                                                                                                                                                                                                                                                                                                                                                            </customfields>
    </item>


</channel>
</rss>