<rss version="0.92">
    <channel>
        <title>ASF JIRA</title>
        <link>https://issues.apache.org/jira/issues/?jql=project+%3D+CSV+AND+type+%3D+bug+and+%28status+%3D+RESOLVED+or+status+%3D+closed%29</link>
        <description>An XML representation of a search request</description>
                <language>en-uk</language>
                        <issue start="0" end="123" total="123" />
                <build-info>
            <version>8.20.7</version>
            <build-number>820007</build-number>
            <build-date>16-03-2022</build-date>
        </build-info>

<item>
            <title>[CSV-3] CSVPrinter#escapeAndQuote(String) doesn't adhere to CSV standard</title>
                <link>https://issues.apache.org/jira/browse/CSV-3</link>
                <project id="12313222" key="CSV">Commons CSV</project>
                    <description>&lt;p&gt;All the descriptions of the CSV format that I've seen state that:&lt;/p&gt;

&lt;ul class="alternate" type="square"&gt;
	&lt;li&gt;Double quotes (") are escaped using two double quotes (""), rather than a backslash (\").&lt;/li&gt;
	&lt;li&gt;Embedded line breaks are allowed and don't need to be escaped... just enclose the field in double quotes.&lt;/li&gt;
	&lt;li&gt;Because backslashes are not used to escape double quotes or line breaks, the backslashes themselves do not need to be escaped.&lt;/li&gt;
&lt;/ul&gt;


&lt;p&gt;CSVPrinter#escapeAndQuote(String) breaks these rules. Why?&lt;/p&gt;

&lt;p&gt;&lt;a href="http://www.creativyst.com/Doc/Articles/CSV/CSV01.htm" class="external-link" target="_blank" rel="nofollow noopener"&gt;http://www.creativyst.com/Doc/Articles/CSV/CSV01.htm&lt;/a&gt;&lt;br/&gt;
&lt;a href="http://en.wikipedia.org/wiki/Comma-separated_values" class="external-link" target="_blank" rel="nofollow noopener"&gt;http://en.wikipedia.org/wiki/Comma-separated_values&lt;/a&gt;&lt;/p&gt;</description>
                <environment />
        <key id="12346882">CSV-3</key>
            <summary>CSVPrinter#escapeAndQuote(String) doesn't adhere to CSV standard</summary>
                <type id="1" iconUrl="https://issues.apache.org/jira/secure/viewavatar?size=xsmall&amp;avatarId=21133&amp;avatarType=issuetype">Bug</type>
                                            <priority id="3" iconUrl="https://issues.apache.org/jira/images/icons/priorities/major.svg">Major</priority>
                        <status id="6" iconUrl="https://issues.apache.org/jira/images/icons/statuses/closed.png" description="The issue is considered finished, the resolution is correct. Issues which are not closed can be reopened.">Closed</status>
                    <statusCategory id="3" key="done" colorName="green" />
                                    <resolution id="1">Fixed</resolution>
                                        <assignee username="-1">Unassigned</assignee>
                                    <reporter username="sdanig">Daniel Gredler</reporter>
                        <labels>
                    </labels>
                <created>Fri, 28 Jul 2006 23:30:21 +0000</created>
                <updated>Thu, 14 Aug 2014 20:06:21 +0000</updated>
                            <resolved>Tue, 1 Feb 2011 21:40:40 +0000</resolved>
                                                    <fixVersion>1.0</fixVersion>
                                    <component>Printer</component>
                        <due />
                            <votes>0</votes>
                                    <watches>1</watches>
                                                                <comments>
                            <comment id="12424761" author="bayard" created="Tue, 1 Aug 2006 06:38:37 +0000">&lt;p&gt;"" is the one I've always seen too. &lt;/p&gt;

&lt;p&gt;&lt;a href="http://tools.ietf.org/html/rfc4180" class="external-link" target="_blank" rel="nofollow noopener"&gt;http://tools.ietf.org/html/rfc4180&lt;/a&gt; has that as well (from the wikipedia link).&lt;/p&gt;</comment>
                            <comment id="12424768" author="bayard" created="Tue, 1 Aug 2006 06:57:33 +0000">&lt;p&gt;I'll look into fixing this, but patches are welcome.&lt;/p&gt;

&lt;p&gt;At a rough guess it means that an encapsulatorEscapeChar should be added to the CSVStrategy, and the code changed to look at this. Both the Parser and Printer.&lt;/p&gt;</comment>
                            <comment id="12424835" author="sdanig" created="Tue, 1 Aug 2006 11:42:22 +0000">&lt;p&gt;I agree about the "encapsulatorEscapeChar" CSVStrategy property (maybe using the shorter name "escapeChar"). My first intuition when I ran across this problem was to look for exactly this kind of property.&lt;/p&gt;</comment>
                            <comment id="12426792" author="sdanig" created="Wed, 9 Aug 2006 01:57:45 +0000">&lt;p&gt;Attaching a patch to fix this... a couple of notes:&lt;/p&gt;

&lt;ul class="alternate" type="square"&gt;
	&lt;li&gt;I would talk to whoever initially wrote this code before applying; the non-standard escape mechanism was very intentional, and I still don't understand why.&lt;/li&gt;
	&lt;li&gt;One of the unit tests checked all sorts of non-standard backslash-escaping corner cases; it no longer applied, so I removed it.&lt;/li&gt;
	&lt;li&gt;The patch makes a couple of trivial fixes to some typos and smelly one-liners... sorry, I couldn't help myself!&lt;/li&gt;
	&lt;li&gt;I tried to format my code so that it matches the surrounding code, but it looks like there are multiple styles used throughout. What's up with that?&lt;/li&gt;
&lt;/ul&gt;


&lt;p&gt;Anyways, check it out and let me know what you think!&lt;/p&gt;</comment>
                            <comment id="12447474" author="yseeley@gmail.com" created="Mon, 6 Nov 2006 17:08:02 +0000">&lt;p&gt;While correct CVS escaping/parsing should definitely be supported, I think backslash escaping should be retained as an option since it's so common.&lt;/p&gt;</comment>
                            <comment id="12988414" author="jacopoc" created="Sat, 29 Jan 2011 07:41:05 +0000">&lt;p&gt;I have reviewed this issue, the patch attached to it and the code in the trunk; it seems that all the issues reported here have been already addressed and fixed in the trunk.&lt;br/&gt;
Here are some details:&lt;/p&gt;
&lt;ul&gt;
	&lt;li&gt;"encapsulatorEscapeChar" is already in the trunk with name "escape"&lt;/li&gt;
	&lt;li&gt;in CSVPrinter escapeAndQuote has been replaced by printAndEscape and printAndEncapsulate and the new methods are based on CSVStrategy&lt;/li&gt;
&lt;/ul&gt;


&lt;p&gt;Based on this, in my opinion this Jira ticket can be closed; there are some minor fixes (fixes for typos, suppression of a warning messaged for the usage of a deprecated constructor) that are still valid, but I am going to provide a new patch for these (and others) minor issues in another Jira ticket.&lt;/p&gt;</comment>
                            <comment id="12988601" author="sebb@apache.org" created="Sun, 30 Jan 2011 15:50:28 +0000">&lt;p&gt;Is there a test case for the bug? If not, I think that should be added before the issue is closed.&lt;/p&gt;</comment>
                            <comment id="12988686" author="jacopoc" created="Mon, 31 Jan 2011 08:35:52 +0000">&lt;p&gt;Sebb, I have added the test cases in rev. 1065519&lt;br/&gt;
Thanks for the reminder.&lt;/p&gt;</comment>
                    </comments>
                <issuelinks>
                            <issuelinktype id="10030">
                    <name>Reference</name>
                                            <outwardlinks description="relates to">
                                        <issuelink>
            <issuekey id="12347024">CSV-4</issuekey>
        </issuelink>
                            </outwardlinks>
                                                        </issuelinktype>
                    </issuelinks>
                <attachments>
                            <attachment id="12338437" name="commons-csv-patch-standard-escaping.txt" size="17868" author="sdanig" created="Wed, 9 Aug 2006 01:57:45 +0000" />
                    </attachments>
                <subtasks>
                    </subtasks>
                <customfields>
                                                                                                                                                                                                                                                                                                                                                                                                                                                                                                                                                                                                                                                                                                                    <customfield id="customfield_12314020" key="com.atlassian.jira.plugins.jira-development-integration-plugin:devsummary">
                        <customfieldname>Development</customfieldname>
                        <customfieldvalues>
                            
                        </customfieldvalues>
                    </customfield>
                                                                                                                        <customfield id="customfield_12313422" key="com.atlassian.jirafisheyeplugin:jobcheckbox">
                        <customfieldname>Enable Automatic Patch Review</customfieldname>
                        <customfieldvalues>
                            <customfieldvalue>false</customfieldvalue>

                        </customfieldvalues>
                    </customfield>
                                                                                                                                                                                                                                                                                                                                                                                                                                                                                                                                                                                                                                                <customfield id="customfield_12310420" key="com.pyxis.greenhopper.jira:gh-global-rank">
                        <customfieldname>Global Rank</customfieldname>
                        <customfieldvalues>
                            <customfieldvalue>171839</customfieldvalue>
                        </customfieldvalues>
                    </customfield>
                                                                                                                                                                                                                                                                                                                                                                                                                                                                        <customfield id="customfield_12311820" key="com.pyxis.greenhopper.jira:gh-lexo-rank">
                        <customfieldname>Rank</customfieldname>
                        <customfieldvalues>
                            <customfieldvalue>0|i0tfkn:</customfieldvalue>

                        </customfieldvalues>
                    </customfield>
                                                                <customfield id="customfield_12310920" key="com.pyxis.greenhopper.jira:gh-global-rank">
                        <customfieldname>Rank (Obsolete)</customfieldname>
                        <customfieldvalues>
                            <customfieldvalue>169832</customfieldvalue>
                        </customfieldvalues>
                    </customfield>
                                                                                                                                                                                                                                                                                                                                                                                                                                                                                                                                                                                                                                                                                                                                                                                            </customfields>
    </item>


</channel>
</rss>