<rss version="0.92">
    <channel>
        <title>ASF JIRA</title>
        <link>https://issues.apache.org/jira/issues/?jql=project+%3D+CSV+AND+type+%3D+bug+and+%28status+%3D+RESOLVED+or+status+%3D+closed%29</link>
        <description>An XML representation of a search request</description>
                <language>en-uk</language>
                        <issue start="0" end="123" total="123" />
                <build-info>
            <version>8.20.7</version>
            <build-number>820007</build-number>
            <build-date>16-03-2022</build-date>
        </build-info>

<item>
            <title>[CSV-108] Header is not detected</title>
                <link>https://issues.apache.org/jira/browse/CSV-108</link>
                <project id="12313222" key="CSV">Commons CSV</project>
                    <description>&lt;p&gt;The heaer of the csv file is not detected.&lt;/p&gt;

&lt;p&gt;Name; Firstname&lt;br/&gt;
Mustermann; Thomas&lt;br/&gt;
Musterfrau; Petra&lt;/p&gt;

&lt;p&gt;Reader in = new FileReader("c:/test.csv");&lt;br/&gt;
CSVFormat format = CSVFormat.DEFAULT;      &lt;br/&gt;
format = format.newFormat( ';' );   &lt;/p&gt;
</description>
                <environment />
        <key id="12701883">CSV-108</key>
            <summary>Header is not detected</summary>
                <type id="1" iconUrl="https://issues.apache.org/jira/secure/viewavatar?size=xsmall&amp;avatarId=21133&amp;avatarType=issuetype">Bug</type>
                                            <priority id="3" iconUrl="https://issues.apache.org/jira/images/icons/priorities/major.svg">Major</priority>
                        <status id="5" iconUrl="https://issues.apache.org/jira/images/icons/statuses/resolved.png" description="A resolution has been taken, and it is awaiting verification by reporter. From here issues are either reopened, or are closed.">Resolved</status>
                    <statusCategory id="3" key="done" colorName="green" />
                                    <resolution id="8">Not A Problem</resolution>
                                        <assignee username="-1">Unassigned</assignee>
                                    <reporter username="alto">Ralf Alt</reporter>
                        <labels>
                    </labels>
                <created>Mon, 17 Mar 2014 12:29:30 +0000</created>
                <updated>Thu, 27 Mar 2014 21:32:27 +0000</updated>
                            <resolved>Thu, 27 Mar 2014 21:32:27 +0000</resolved>
                                    <version>1.0</version>
                                                    <component>Parser</component>
                        <due />
                            <votes>0</votes>
                                    <watches>3</watches>
                                                                <comments>
                            <comment id="13937760" author="ebourg" created="Mon, 17 Mar 2014 12:57:49 +0000">&lt;p&gt;Hi Ralf, headers are not detected automagically, but that would be nice if it could &lt;img class="emoticon" src="https://issues.apache.org/jira/images/icons/emoticons/smile.png" height="16" width="16" align="absmiddle" alt="" border="0"/&gt; You have to hint the presence of a header when you define the format (using &lt;tt&gt;format.withHeader()&lt;/tt&gt;).&lt;/p&gt;</comment>
                            <comment id="13937774" author="alto" created="Mon, 17 Mar 2014 13:12:47 +0000">&lt;p&gt;Hallo Emmanuel,&lt;br/&gt;
in class CSVParser the methode initializeHeader reads the first line of the file and use this as header information. The problem is  if (formatHeader != null) then the next if clause if (formatHeader.length == 0) is false. Have a look to format.getSkipHeaderRecord() in this methode, automatic dection of the header is working.&lt;/p&gt;
</comment>
                            <comment id="13937791" author="ebourg" created="Mon, 17 Mar 2014 13:31:15 +0000">&lt;p&gt;The behavior of &lt;tt&gt;CSVParser.initializeHeader()&lt;/tt&gt; depends on the header information declared in the format. If you didn't call &lt;tt&gt;CSVFormat.withHeader()&lt;/tt&gt; the header will be handled like a normal record, and you won't be able to access the values by the column name. skipHeaderRecord controls if the header is returned when you iterate over the records.&lt;/p&gt;</comment>
                            <comment id="13937844" author="garydgregory" created="Mon, 17 Mar 2014 14:15:31 +0000">&lt;p&gt;Ralf,&lt;/p&gt;

&lt;p&gt;Where in the documentation could this be made clearer for you to have not tripped over it?&lt;/p&gt;

&lt;p&gt;Thank you,&lt;br/&gt;
Gary&lt;/p&gt;</comment>
                            <comment id="13949956" author="garydgregory" created="Thu, 27 Mar 2014 21:32:27 +0000">&lt;p&gt;Resolving as not a problem.&lt;/p&gt;</comment>
                    </comments>
                    <attachments>
                    </attachments>
                <subtasks>
                    </subtasks>
                <customfields>
                                                                                                                                                                                                                                                                                                                                                                                                                                                                                                                                                                                                                                                                                                                    <customfield id="customfield_12314020" key="com.atlassian.jira.plugins.jira-development-integration-plugin:devsummary">
                        <customfieldname>Development</customfieldname>
                        <customfieldvalues>
                            
                        </customfieldvalues>
                    </customfield>
                                                                                                                        <customfield id="customfield_12313422" key="com.atlassian.jirafisheyeplugin:jobcheckbox">
                        <customfieldname>Enable Automatic Patch Review</customfieldname>
                        <customfieldvalues>
                            <customfieldvalue>false</customfieldvalue>

                        </customfieldvalues>
                    </customfield>
                                                                                                                                                                                                                                                                                                                                                                                                                                                                                                                                                                                                                                                <customfield id="customfield_12310420" key="com.pyxis.greenhopper.jira:gh-global-rank">
                        <customfieldname>Global Rank</customfieldname>
                        <customfieldvalues>
                            <customfieldvalue>380223</customfieldvalue>
                        </customfieldvalues>
                    </customfield>
                                                                                                                                                                                                                                                                                                                                                                                                                                                                        <customfield id="customfield_12311820" key="com.pyxis.greenhopper.jira:gh-lexo-rank">
                        <customfieldname>Rank</customfieldname>
                        <customfieldvalues>
                            <customfieldvalue>0|i1tigv:</customfieldvalue>

                        </customfieldvalues>
                    </customfield>
                                                                <customfield id="customfield_12310920" key="com.pyxis.greenhopper.jira:gh-global-rank">
                        <customfieldname>Rank (Obsolete)</customfieldname>
                        <customfieldvalues>
                            <customfieldvalue>380507</customfieldvalue>
                        </customfieldvalues>
                    </customfield>
                                                                                                                                                                                                                                                                                                                                                                                                                                                                                                                                                                                                                                                                                                                                                                                            </customfields>
    </item>


</channel>
</rss>