<rss version="0.92">
    <channel>
        <title>ASF JIRA</title>
        <link>https://issues.apache.org/jira/issues/?jql=project+%3D+CSV+AND+type+%3D+bug+and+%28status+%3D+RESOLVED+or+status+%3D+closed%29</link>
        <description>An XML representation of a search request</description>
                <language>en-uk</language>
                        <issue start="0" end="123" total="123" />
                <build-info>
            <version>8.20.7</version>
            <build-number>820007</build-number>
            <build-date>16-03-2022</build-date>
        </build-info>

<item>
            <title>[CSV-112] HeaderMap is inconsistent when it is parsed from an input with duplicate columns names</title>
                <link>https://issues.apache.org/jira/browse/CSV-112</link>
                <project id="12313222" key="CSV">Commons CSV</project>
                    <description>&lt;p&gt;Given a parser format for csv files with a header line:&lt;/p&gt;
&lt;div class="code panel" style="border-width: 1px;"&gt;&lt;div class="codeContent panelContent"&gt;
&lt;pre class="code-java"&gt;CSVFormat myFormat = CSVFormat.RFC4180.withDelimiter(&lt;span class="code-quote"&gt;","&lt;/span&gt;).withQuoteChar(&lt;span class="code-quote"&gt;'"'&lt;/span&gt;).withQuotePolicy(Quote.MINIMAL)
				.withIgnoreSurroundingSpaces(&lt;span class="code-keyword"&gt;true&lt;/span&gt;).withHeader().withSkipHeaderRecord(&lt;span class="code-keyword"&gt;true&lt;/span&gt;);
&lt;/pre&gt;
&lt;/div&gt;&lt;/div&gt;

&lt;p&gt;And given a file with duplicate header names:&lt;/p&gt;

&lt;p&gt;Col1,Col2,Col2,Col3,Col4&lt;br/&gt;
1,2,3,4,5&lt;br/&gt;
4,5,6,7,8 &lt;/p&gt;

&lt;p&gt;The HeaderMap returned by the parser misses an entry because of the Column name being used as a key, leading to wrong behavior when we rely on it.&lt;/p&gt;

&lt;p&gt;If this is not supposed to happen in the file regarding the CSV format, at least this should raise an error. If not we should come up with a more clever way to store and access the headers.&lt;/p&gt;</description>
                <environment />
        <key id="12711436">CSV-112</key>
            <summary>HeaderMap is inconsistent when it is parsed from an input with duplicate columns names</summary>
                <type id="1" iconUrl="https://issues.apache.org/jira/secure/viewavatar?size=xsmall&amp;avatarId=21133&amp;avatarType=issuetype">Bug</type>
                                            <priority id="3" iconUrl="https://issues.apache.org/jira/images/icons/priorities/major.svg">Major</priority>
                        <status id="6" iconUrl="https://issues.apache.org/jira/images/icons/statuses/closed.png" description="The issue is considered finished, the resolution is correct. Issues which are not closed can be reopened.">Closed</status>
                    <statusCategory id="3" key="done" colorName="green" />
                                    <resolution id="1">Fixed</resolution>
                                        <assignee username="britter">Benedikt Ritter</assignee>
                                    <reporter username="rgosse">Romain Goss&#233;</reporter>
                        <labels>
                            <label>headers</label>
                            <label>parsing</label>
                    </labels>
                <created>Wed, 30 Apr 2014 10:14:56 +0000</created>
                <updated>Thu, 14 Aug 2014 20:06:24 +0000</updated>
                            <resolved>Sun, 4 May 2014 16:23:28 +0000</resolved>
                                    <version>1.0</version>
                                    <fixVersion>1.0</fixVersion>
                                    <component>Parser</component>
                        <due />
                            <votes>0</votes>
                                    <watches>2</watches>
                                                                <comments>
                            <comment id="13989018" author="britter" created="Sun, 4 May 2014 15:50:36 +0000">&lt;p&gt;The problem is, that we provide a key based access to the values of a &lt;tt&gt;CSVRecord&lt;/tt&gt; using the &lt;tt&gt;get(String)&lt;/tt&gt; method. How should that method behave if there are duplicate column names?&lt;/p&gt;

&lt;p&gt;Throwing an exception seems reasonable here.&lt;/p&gt;</comment>
                            <comment id="13989033" author="rgosse" created="Sun, 4 May 2014 16:19:03 +0000">&lt;p&gt;I guess handling this would imply too many changes in the API.&lt;/p&gt;

</comment>
                            <comment id="13989034" author="britter" created="Sun, 4 May 2014 16:23:15 +0000">&lt;p&gt;Fixed in revision 1592371. An IllegalStateException is now thrown when an inconsistent header is parsed from the input.&lt;/p&gt;</comment>
                    </comments>
                <issuelinks>
                            <issuelinktype id="10030">
                    <name>Reference</name>
                                            <outwardlinks description="relates to">
                                        <issuelink>
            <issuekey id="12712466">CSV-114</issuekey>
        </issuelink>
                            </outwardlinks>
                                                        </issuelinktype>
                    </issuelinks>
                <attachments>
                    </attachments>
                <subtasks>
                    </subtasks>
                <customfields>
                                                                                                                                                                                                                                                                                                                                                                                                                                                                                                                                                                                                                                                                                                                    <customfield id="customfield_12314020" key="com.atlassian.jira.plugins.jira-development-integration-plugin:devsummary">
                        <customfieldname>Development</customfieldname>
                        <customfieldvalues>
                            
                        </customfieldvalues>
                    </customfield>
                                                                                                                        <customfield id="customfield_12313422" key="com.atlassian.jirafisheyeplugin:jobcheckbox">
                        <customfieldname>Enable Automatic Patch Review</customfieldname>
                        <customfieldvalues>
                            <customfieldvalue>false</customfieldvalue>

                        </customfieldvalues>
                    </customfield>
                                                                                                                                                                                                                                                                                                                                                                                                                                                                                                                                                                                                                                                <customfield id="customfield_12310420" key="com.pyxis.greenhopper.jira:gh-global-rank">
                        <customfieldname>Global Rank</customfieldname>
                        <customfieldvalues>
                            <customfieldvalue>389757</customfieldvalue>
                        </customfieldvalues>
                    </customfield>
                                                                                                                                                                                                                                                                                                                                                                                                                                                                        <customfield id="customfield_12311820" key="com.pyxis.greenhopper.jira:gh-lexo-rank">
                        <customfieldname>Rank</customfieldname>
                        <customfieldvalues>
                            <customfieldvalue>0|i1v4vz:</customfieldvalue>

                        </customfieldvalues>
                    </customfield>
                                                                <customfield id="customfield_12310920" key="com.pyxis.greenhopper.jira:gh-global-rank">
                        <customfieldname>Rank (Obsolete)</customfieldname>
                        <customfieldvalues>
                            <customfieldvalue>389999</customfieldvalue>
                        </customfieldvalues>
                    </customfield>
                                                                                                                                                                                                                                                                                                                                                                                                                                                                                                                                                                                                                                                                                                                                                                                            </customfields>
    </item>


</channel>
</rss>