<rss version="0.92">
    <channel>
        <title>ASF JIRA</title>
        <link>https://issues.apache.org/jira/issues/?jql=project+%3D+CSV+AND+type+%3D+bug+and+%28status+%3D+RESOLVED+or+status+%3D+closed%29</link>
        <description>An XML representation of a search request</description>
                <language>en-uk</language>
                        <issue start="0" end="123" total="123" />
                <build-info>
            <version>8.20.7</version>
            <build-number>820007</build-number>
            <build-date>16-03-2022</build-date>
        </build-info>

<item>
            <title>[CSV-100] CSVParser: getHeaderMap throws NPE </title>
                <link>https://issues.apache.org/jira/browse/CSV-100</link>
                <project id="12313222" key="CSV">Commons CSV</project>
                    <description>&lt;p&gt;title nearly says it all &lt;img class="emoticon" src="https://issues.apache.org/jira/images/icons/emoticons/smile.png" height="16" width="16" align="absmiddle" alt="" border="0"/&gt; &lt;/p&gt;

&lt;p&gt;Given a CSVParser parser, the following line throws an NPE:&lt;/p&gt;

&lt;div class="code panel" style="border-width: 1px;"&gt;&lt;div class="codeContent panelContent"&gt;
&lt;pre class="code-java"&gt;Map&amp;lt;&lt;span class="code-object"&gt;String&lt;/span&gt;, &lt;span class="code-object"&gt;Integer&lt;/span&gt;&amp;gt; header = parser.getHeaderMap();
&lt;/pre&gt;
&lt;/div&gt;&lt;/div&gt;

&lt;p&gt;Stacktrace: &lt;/p&gt;

&lt;div class="preformatted panel" style="border-width: 1px;"&gt;&lt;div class="preformattedContent panelContent"&gt;
&lt;pre&gt;Caused by: java.lang.NullPointerException
at java.util.HashMap.&amp;lt;init&amp;gt;(HashMap.java:318)
at java.util.LinkedHashMap.&amp;lt;init&amp;gt;(LinkedHashMap.java:212)
at org.apache.commons.csv.CSVParser.getHeaderMap(CSVParser.java:288)
&lt;/pre&gt;
&lt;/div&gt;&lt;/div&gt;

&lt;p&gt;happens if the format doesn't have a headerMap.&lt;/p&gt;

&lt;p&gt;to fix, check if the parser's headerMap is null before trying to create the returned map:&lt;/p&gt;

&lt;div class="code panel" style="border-width: 1px;"&gt;&lt;div class="codeContent panelContent"&gt;
&lt;pre class="code-java"&gt;&lt;span class="code-keyword"&gt;public&lt;/span&gt; Map&amp;lt;&lt;span class="code-object"&gt;String&lt;/span&gt;, &lt;span class="code-object"&gt;Integer&lt;/span&gt;&amp;gt; getHeaderMap() {
    &lt;span class="code-keyword"&gt;return&lt;/span&gt; &lt;span class="code-keyword"&gt;this&lt;/span&gt;.headerMap != &lt;span class="code-keyword"&gt;null&lt;/span&gt; ?
       &lt;span class="code-keyword"&gt;new&lt;/span&gt; LinkedHashMap&amp;lt;&lt;span class="code-object"&gt;String&lt;/span&gt;, &lt;span class="code-object"&gt;Integer&lt;/span&gt;&amp;gt;(&lt;span class="code-keyword"&gt;this&lt;/span&gt;.headerMap)
       : &lt;span class="code-keyword"&gt;null&lt;/span&gt;;
}

&lt;/pre&gt;
&lt;/div&gt;&lt;/div&gt;</description>
                <environment>&lt;p&gt;commons-cvs version is the git-clone of current trunk&lt;/p&gt;</environment>
        <key id="12669241">CSV-100</key>
            <summary>CSVParser: getHeaderMap throws NPE </summary>
                <type id="1" iconUrl="https://issues.apache.org/jira/secure/viewavatar?size=xsmall&amp;avatarId=21133&amp;avatarType=issuetype">Bug</type>
                                            <priority id="3" iconUrl="https://issues.apache.org/jira/images/icons/priorities/major.svg">Major</priority>
                        <status id="6" iconUrl="https://issues.apache.org/jira/images/icons/statuses/closed.png" description="The issue is considered finished, the resolution is correct. Issues which are not closed can be reopened.">Closed</status>
                    <statusCategory id="3" key="done" colorName="green" />
                                    <resolution id="1">Fixed</resolution>
                                        <assignee username="ggregory">Gary D. Gregory</assignee>
                                    <reporter username="kleopatra">Jeanette Winzenburg</reporter>
                        <labels>
                            <label>csvparser</label>
                    </labels>
                <created>Wed, 18 Sep 2013 13:00:00 +0000</created>
                <updated>Thu, 14 Aug 2014 20:06:24 +0000</updated>
                            <resolved>Wed, 18 Sep 2013 14:58:53 +0000</resolved>
                                                    <fixVersion>1.0</fixVersion>
                                    <component>Parser</component>
                        <due />
                            <votes>0</votes>
                                    <watches>2</watches>
                                                                <comments>
                            <comment id="13770845" author="garydgregory" created="Wed, 18 Sep 2013 14:58:53 +0000">&lt;div class="preformatted panel" style="border-width: 1px;"&gt;&lt;div class="preformattedContent panelContent"&gt;
&lt;pre&gt;commit -m "[CSV-100] CSVParser: getHeaderMap throws NPE." C:/vcs/svn/apache/commons/trunks-proper/csv/src/main/java/org/apache/commons/csv/CSVParser.java C:/vcs/svn/apache/commons/trunks-proper/csv/src/test/java/org/apache/commons/csv/CSVParserTest.java
    Sending        C:/vcs/svn/apache/commons/trunks-proper/csv/src/main/java/org/apache/commons/csv/CSVParser.java
    Sending        C:/vcs/svn/apache/commons/trunks-proper/csv/src/test/java/org/apache/commons/csv/CSVParserTest.java
    Transmitting file data ...
    Committed revision 1524435.
&lt;/pre&gt;
&lt;/div&gt;&lt;/div&gt;</comment>
                            <comment id="13770846" author="garydgregory" created="Wed, 18 Sep 2013 14:59:09 +0000">&lt;p&gt;Thank you for the report!&lt;/p&gt;

&lt;p&gt;Gary&lt;/p&gt;</comment>
                    </comments>
                    <attachments>
                    </attachments>
                <subtasks>
                    </subtasks>
                <customfields>
                                                                                                                                                                                                                                                                                                                                                                                                                                                                                                                                                                                                                                                                                                                    <customfield id="customfield_12314020" key="com.atlassian.jira.plugins.jira-development-integration-plugin:devsummary">
                        <customfieldname>Development</customfieldname>
                        <customfieldvalues>
                            
                        </customfieldvalues>
                    </customfield>
                                                                                                                        <customfield id="customfield_12313422" key="com.atlassian.jirafisheyeplugin:jobcheckbox">
                        <customfieldname>Enable Automatic Patch Review</customfieldname>
                        <customfieldvalues>
                            <customfieldvalue>false</customfieldvalue>

                        </customfieldvalues>
                    </customfield>
                                                                                                                                                                                                                                                                                                                                                                                                                                                                                                                                                                                                                                                <customfield id="customfield_12310420" key="com.pyxis.greenhopper.jira:gh-global-rank">
                        <customfieldname>Global Rank</customfieldname>
                        <customfieldvalues>
                            <customfieldvalue>349173</customfieldvalue>
                        </customfieldvalues>
                    </customfield>
                                                                                                                                                                                                                                                                                                                                                                                                                                                                        <customfield id="customfield_12311820" key="com.pyxis.greenhopper.jira:gh-lexo-rank">
                        <customfieldname>Rank</customfieldname>
                        <customfieldvalues>
                            <customfieldvalue>0|i1o7hb:</customfieldvalue>

                        </customfieldvalues>
                    </customfield>
                                                                <customfield id="customfield_12310920" key="com.pyxis.greenhopper.jira:gh-global-rank">
                        <customfieldname>Rank (Obsolete)</customfieldname>
                        <customfieldvalues>
                            <customfieldvalue>349471</customfieldvalue>
                        </customfieldvalues>
                    </customfield>
                                                                                                                                                                                                                                                                                                                                                                                                                                                                                                                                                                                                                                                                                                                                                                                            </customfields>
    </item>


</channel>
</rss>