<rss version="0.92">
    <channel>
        <title>ASF JIRA</title>
        <link>https://issues.apache.org/jira/issues/?jql=project+%3D+CSV+AND+type+%3D+bug+and+%28status+%3D+RESOLVED+or+status+%3D+closed%29</link>
        <description>An XML representation of a search request</description>
                <language>en-uk</language>
                        <issue start="0" end="123" total="123" />
                <build-info>
            <version>8.20.7</version>
            <build-number>820007</build-number>
            <build-date>16-03-2022</build-date>
        </build-info>

<item>
            <title>[CSV-262] Which version of Commons csv is supported with AEM 6.5</title>
                <link>https://issues.apache.org/jira/browse/CSV-262</link>
                <project id="12313222" key="CSV">Commons CSV</project>
                    <description>&lt;p&gt;Which version of Commons csv is supported with AEM 6.5. I am migrating my project from AEM6.1 to AEM 6.5&lt;/p&gt;

&lt;p&gt;&#160;&lt;/p&gt;

&lt;p&gt;In AEM 6.1 i am using csv commons&#160; 1.6. With AEM 6.5, I have tried 1. 7 and 1.8. but got error.&lt;/p&gt;

&lt;p&gt;&#160;&lt;/p&gt;

&lt;p&gt;&#160;&lt;/p&gt;</description>
                <environment />
        <key id="13307598">CSV-262</key>
            <summary>Which version of Commons csv is supported with AEM 6.5</summary>
                <type id="1" iconUrl="https://issues.apache.org/jira/secure/viewavatar?size=xsmall&amp;avatarId=21133&amp;avatarType=issuetype">Bug</type>
                                            <priority id="3" iconUrl="https://issues.apache.org/jira/images/icons/priorities/major.svg">Major</priority>
                        <status id="6" iconUrl="https://issues.apache.org/jira/images/icons/statuses/closed.png" description="The issue is considered finished, the resolution is correct. Issues which are not closed can be reopened.">Closed</status>
                    <statusCategory id="3" key="done" colorName="green" />
                                    <resolution id="10008">Information Provided</resolution>
                                        <assignee username="-1">Unassigned</assignee>
                                    <reporter username="vandanasharma">Vandana</reporter>
                        <labels>
                    </labels>
                <created>Wed, 27 May 2020 02:58:17 +0000</created>
                <updated>Sat, 19 Feb 2022 17:37:47 +0000</updated>
                            <resolved>Sat, 19 Feb 2022 17:37:47 +0000</resolved>
                                    <version>1.8</version>
                                                    <component>Build</component>
                        <due />
                            <votes>0</votes>
                                    <watches>2</watches>
                                                                <comments>
                            <comment id="17117265" author="kinow" created="Wed, 27 May 2020 03:12:59 +0000">&lt;p&gt;Searched a bit to see what could be AEM. It could be Adobe Experience Manager. But in any case, that is probably a question for the AEM project, and not really for Commons CSV &lt;a href="https://issues.apache.org/jira/secure/ViewProfile.jspa?name=vandanasharma" class="user-hover" rel="vandanasharma"&gt;vandanasharma&lt;/a&gt;&lt;/p&gt;</comment>
                    </comments>
                    <attachments>
                    </attachments>
                <subtasks>
                    </subtasks>
                <customfields>
                                                                                                                                                                                                                                                                                                                                                                                                                                                                                                                                                                                                                                                                                                                    <customfield id="customfield_12314020" key="com.atlassian.jira.plugins.jira-development-integration-plugin:devsummary">
                        <customfieldname>Development</customfieldname>
                        <customfieldvalues>
                            
                        </customfieldvalues>
                    </customfield>
                                                                                                                        <customfield id="customfield_12313422" key="com.atlassian.jirafisheyeplugin:jobcheckbox">
                        <customfieldname>Enable Automatic Patch Review</customfieldname>
                        <customfieldvalues>
                            <customfieldvalue>false</customfieldvalue>

                        </customfieldvalues>
                    </customfield>
                                                                                                                                                                                                                                                                                                                                                                                                                                                                                                                                                                                                                                                <customfield id="customfield_12310420" key="com.pyxis.greenhopper.jira:gh-global-rank">
                        <customfieldname>Global Rank</customfieldname>
                        <customfieldvalues>
                            <customfieldvalue>9223372036854775807</customfieldvalue>
                        </customfieldvalues>
                    </customfield>
                                                                                                                                                                                                                                                                                                                                                                                                                                                                        <customfield id="customfield_12311820" key="com.pyxis.greenhopper.jira:gh-lexo-rank">
                        <customfieldname>Rank</customfieldname>
                        <customfieldvalues>
                            <customfieldvalue>0|z0f70o:</customfieldvalue>

                        </customfieldvalues>
                    </customfield>
                                                                <customfield id="customfield_12310920" key="com.pyxis.greenhopper.jira:gh-global-rank">
                        <customfieldname>Rank (Obsolete)</customfieldname>
                        <customfieldvalues>
                            <customfieldvalue>9223372036854775807</customfieldvalue>
                        </customfieldvalues>
                    </customfield>
                                                                                                                                                                                                                                                                                                                                                                                                                                                                                                                                                                                                                                                                                                                                                                                            </customfields>
    </item>


</channel>
</rss>