<rss version="0.92">
    <channel>
        <title>ASF JIRA</title>
        <link>https://issues.apache.org/jira/issues/?jql=project+%3D+CSV+AND+type+%3D+bug+and+%28status+%3D+RESOLVED+or+status+%3D+closed%29</link>
        <description>An XML representation of a search request</description>
                <language>en-uk</language>
                        <issue start="0" end="123" total="123" />
                <build-info>
            <version>8.20.7</version>
            <build-number>820007</build-number>
            <build-date>16-03-2022</build-date>
        </build-info>

<item>
            <title>[CSV-232] Site link "Source Repository" does not work</title>
                <link>https://issues.apache.org/jira/browse/CSV-232</link>
                <project id="12313222" key="CSV">Commons CSV</project>
                    <description>&lt;p&gt;The link &lt;a href="https://commons.apache.org/proper/commons-csv/source-repository.html" class="external-link" target="_blank" rel="nofollow noopener"&gt;https://commons.apache.org/proper/commons-csv/source-repository.html&lt;/a&gt; (which is in the menu on the left hand side of &lt;a href="https://commons.apache.org/proper/commons-csv/" class="external-link" target="_blank" rel="nofollow noopener"&gt;https://commons.apache.org/proper/commons-csv/&lt;/a&gt;) does not work. I get a 404 - Not found.&lt;/p&gt;

&lt;p&gt;For anyone seeing this, the sources are available at &lt;a href="https://github.com/apache/commons-csv" class="external-link" target="_blank" rel="nofollow noopener"&gt;https://github.com/apache/commons-csv&lt;/a&gt;&lt;/p&gt;</description>
                <environment />
        <key id="13189967">CSV-232</key>
            <summary>Site link "Source Repository" does not work</summary>
                <type id="1" iconUrl="https://issues.apache.org/jira/secure/viewavatar?size=xsmall&amp;avatarId=21133&amp;avatarType=issuetype">Bug</type>
                                            <priority id="4" iconUrl="https://issues.apache.org/jira/images/icons/priorities/minor.svg">Minor</priority>
                        <status id="6" iconUrl="https://issues.apache.org/jira/images/icons/statuses/closed.png" description="The issue is considered finished, the resolution is correct. Issues which are not closed can be reopened.">Closed</status>
                    <statusCategory id="3" key="done" colorName="green" />
                                    <resolution id="1">Fixed</resolution>
                                        <assignee username="-1">Unassigned</assignee>
                                    <reporter username="jurrieovergoor">Jurrie Overgoor</reporter>
                        <labels>
                    </labels>
                <created>Sun, 7 Oct 2018 20:29:22 +0000</created>
                <updated>Thu, 31 Jan 2019 22:36:16 +0000</updated>
                            <resolved>Tue, 23 Oct 2018 03:51:27 +0000</resolved>
                                                    <fixVersion>1.7</fixVersion>
                                    <component>Documentation</component>
                        <due />
                            <votes>0</votes>
                                    <watches>3</watches>
                                                                <comments>
                            <comment id="16660036" author="garydgregory" created="Tue, 23 Oct 2018 03:45:56 +0000">&lt;p&gt;I think we can get rid of the link in favor of the more complete &lt;a href="https://commons.apache.org/proper/commons-csv/scm.html" class="external-link" target="_blank" rel="nofollow noopener"&gt;https://commons.apache.org/proper/commons-csv/scm.html&lt;/a&gt; as listed under the section "PROJECT DOCUMENTATION -&amp;gt; Project Information".&lt;/p&gt;
</comment>
                            <comment id="16660038" author="garydgregory" created="Tue, 23 Oct 2018 03:51:27 +0000">&lt;p&gt;In git &lt;tt&gt;master&lt;/tt&gt;. Please verify and close.&lt;/p&gt;</comment>
                            <comment id="16757700" author="scott.markwell" created="Thu, 31 Jan 2019 20:22:41 +0000">&lt;p&gt;From&#160;&lt;a href="https://commons.apache.org/proper/commons-csv/index.html" class="external-link" target="_blank" rel="nofollow noopener"&gt;https://commons.apache.org/proper/commons-csv/index.html&lt;/a&gt;&#160;as linked to on the left menu, as Source Repository still reference the broken url.&#160; Checked today 1/31/2019.&lt;/p&gt;

&lt;p&gt;&#160;&lt;/p&gt;</comment>
                            <comment id="16757770" author="garydgregory" created="Thu, 31 Jan 2019 22:36:16 +0000">&lt;p&gt;The link has been removed in git master a while ago and I just republished the site for that change to be public.&lt;/p&gt;</comment>
                    </comments>
                    <attachments>
                    </attachments>
                <subtasks>
                    </subtasks>
                <customfields>
                                                                                                                                                                                                                                                                                                                                                                                                                                                                                                                                                                                                                                                                                                                    <customfield id="customfield_12314020" key="com.atlassian.jira.plugins.jira-development-integration-plugin:devsummary">
                        <customfieldname>Development</customfieldname>
                        <customfieldvalues>
                            
                        </customfieldvalues>
                    </customfield>
                                                                                                                        <customfield id="customfield_12313422" key="com.atlassian.jirafisheyeplugin:jobcheckbox">
                        <customfieldname>Enable Automatic Patch Review</customfieldname>
                        <customfieldvalues>
                            <customfieldvalue>false</customfieldvalue>

                        </customfieldvalues>
                    </customfield>
                                                                                                                                                                                                                                                                                                                                                                                                                                                                                                                                                                                                                                                <customfield id="customfield_12310420" key="com.pyxis.greenhopper.jira:gh-global-rank">
                        <customfieldname>Global Rank</customfieldname>
                        <customfieldvalues>
                            <customfieldvalue>9223372036854775807</customfieldvalue>
                        </customfieldvalues>
                    </customfield>
                                                                                                                                                                                                                                                                                                                                                                                                                                                                        <customfield id="customfield_12311820" key="com.pyxis.greenhopper.jira:gh-lexo-rank">
                        <customfieldname>Rank</customfieldname>
                        <customfieldvalues>
                            <customfieldvalue>0|i3yx8v:</customfieldvalue>

                        </customfieldvalues>
                    </customfield>
                                                                <customfield id="customfield_12310920" key="com.pyxis.greenhopper.jira:gh-global-rank">
                        <customfieldname>Rank (Obsolete)</customfieldname>
                        <customfieldvalues>
                            <customfieldvalue>9223372036854775807</customfieldvalue>
                        </customfieldvalues>
                    </customfield>
                                                                                                                                                                                                                                                                                                                                                                                                                                                                                                                                                                                                                                                                                                                                                                                            </customfields>
    </item>


</channel>
</rss>