<rss version="0.92">
    <channel>
        <title>ASF JIRA</title>
        <link>https://issues.apache.org/jira/issues/?jql=project+%3D+CSV+AND+type+%3D+bug+and+%28status+%3D+RESOLVED+or+status+%3D+closed%29</link>
        <description>An XML representation of a search request</description>
                <language>en-uk</language>
                        <issue start="0" end="123" total="123" />
                <build-info>
            <version>8.20.7</version>
            <build-number>820007</build-number>
            <build-date>16-03-2022</build-date>
        </build-info>

<item>
            <title>[CSV-149] Line number is not proper at EOF</title>
                <link>https://issues.apache.org/jira/browse/CSV-149</link>
                <project id="12313222" key="CSV">Commons CSV</project>
                    <description>&lt;p&gt;CSVParser.getCurrentLineNumber() is returning wrong line number (actual line number - 1) when EOF file is reached without record delimiter (\r\n).&lt;/p&gt;</description>
                <environment>&lt;p&gt;CSV 1.1, Java 1.6, Windows OS&lt;/p&gt;</environment>
        <key id="12786179">CSV-149</key>
            <summary>Line number is not proper at EOF</summary>
                <type id="1" iconUrl="https://issues.apache.org/jira/secure/viewavatar?size=xsmall&amp;avatarId=21133&amp;avatarType=issuetype">Bug</type>
                                            <priority id="3" iconUrl="https://issues.apache.org/jira/images/icons/priorities/major.svg">Major</priority>
                        <status id="5" iconUrl="https://issues.apache.org/jira/images/icons/statuses/resolved.png" description="A resolution has been taken, and it is awaiting verification by reporter. From here issues are either reopened, or are closed.">Resolved</status>
                    <statusCategory id="3" key="done" colorName="green" />
                                    <resolution id="1">Fixed</resolution>
                                        <assignee username="-1">Unassigned</assignee>
                                    <reporter username="kranthi">Kranthi</reporter>
                        <labels>
                    </labels>
                <created>Fri, 27 Mar 2015 11:59:52 +0000</created>
                <updated>Mon, 1 Jun 2020 19:56:33 +0000</updated>
                            <resolved>Mon, 1 Jun 2020 19:56:33 +0000</resolved>
                                    <version>1.1</version>
                                    <fixVersion>1.9.0</fixVersion>
                                    <component>Parser</component>
                        <due />
                            <votes>0</votes>
                                    <watches>6</watches>
                                            <timeestimate seconds="0">0h</timeestimate>
                            <timespent seconds="10200">2h 50m</timespent>
                                <comments>
                            <comment id="14384048" author="garydgregory" created="Fri, 27 Mar 2015 16:03:35 +0000">&lt;p&gt;Can you provide a unit test to reproduce the problem please?&lt;/p&gt;</comment>
                            <comment id="14388675" author="kranthi" created="Tue, 31 Mar 2015 15:06:29 +0000">&lt;p&gt;Please find the code and output below&lt;/p&gt;

&lt;p&gt;Code&lt;br/&gt;
=======&lt;br/&gt;
public class TestCsv&lt;br/&gt;
{&lt;br/&gt;
	public static void main(String[] args) throws Exception&lt;br/&gt;
	{&lt;br/&gt;
		String records = "A,B,C,D\r\n"&lt;br/&gt;
				+ "a1,b1,c1,d1\r\n"&lt;br/&gt;
				+ "a2,b2,c2,d2";&lt;/p&gt;

&lt;p&gt;		CSVParser parser = new CSVParser(new StringReader(records), CSVFormat.EXCEL.withHeader());&lt;br/&gt;
		Iterator&amp;lt;CSVRecord&amp;gt; recordIt = parser.iterator();&lt;/p&gt;

&lt;p&gt;		while(recordIt.hasNext())&lt;/p&gt;
		{
			System.out.println(parser.getCurrentLineNumber() + " ==&amp;gt; " + recordIt.next());
		}

&lt;p&gt;		parser.close();&lt;br/&gt;
	}&lt;br/&gt;
}&lt;/p&gt;

&lt;p&gt;Actual Output&lt;br/&gt;
==========&lt;br/&gt;
2 ==&amp;gt; CSVRecord [comment=null, mapping=&lt;/p&gt;
{A=0, B=1, C=2, D=3}, recordNumber=1, values=&lt;span class="error"&gt;&amp;#91;a1, b1, c1, d1&amp;#93;&lt;/span&gt;]&lt;br/&gt;
2 ==&amp;gt; CSVRecord [comment=null, mapping={A=0, B=1, C=2, D=3}
&lt;p&gt;, recordNumber=2, values=&lt;span class="error"&gt;&amp;#91;a2, b2, c2, d2&amp;#93;&lt;/span&gt;]&lt;/p&gt;

&lt;p&gt;Expected Output&lt;br/&gt;
==============&lt;br/&gt;
2 ==&amp;gt; CSVRecord [comment=null, mapping=&lt;/p&gt;
{A=0, B=1, C=2, D=3}, recordNumber=1, values=&lt;span class="error"&gt;&amp;#91;a1, b1, c1, d1&amp;#93;&lt;/span&gt;]&lt;br/&gt;
3 ==&amp;gt; CSVRecord [comment=null, mapping={A=0, B=1, C=2, D=3}
&lt;p&gt;, recordNumber=2, values=&lt;span class="error"&gt;&amp;#91;a2, b2, c2, d2&amp;#93;&lt;/span&gt;]&lt;/p&gt;
</comment>
                            <comment id="15114507" author="brentworden" created="Sun, 24 Jan 2016 20:06:23 +0000">&lt;p&gt;unit test&lt;/p&gt;</comment>
                            <comment id="17044045" author="guoping1" created="Tue, 25 Feb 2020 01:49:38 +0000">&lt;p&gt;I have commit a pr at github&#160;[pr|&lt;a href="https://github.com/apache/commons-csv/pull/60" class="external-link" target="_blank" rel="nofollow noopener"&gt;https://github.com/apache/commons-csv/pull/60&lt;/a&gt;] , may somebody have review?&lt;/p&gt;</comment>
                            <comment id="17121298" author="garydgregory" created="Mon, 1 Jun 2020 19:56:33 +0000">&lt;p&gt;In git master, please verify and close.&lt;/p&gt;

&lt;p&gt;&#160;&lt;/p&gt;</comment>
                    </comments>
                    <attachments>
                            <attachment id="12784067" name="csv-145-unit-test.diff" size="1327" author="brentworden" created="Sun, 24 Jan 2016 20:06:23 +0000" />
                    </attachments>
                <subtasks>
                    </subtasks>
                <customfields>
                                                                                                                                                                                                                                                                                                                                                                                                                                                                                                                                                                                                                                                                                                                    <customfield id="customfield_12314020" key="com.atlassian.jira.plugins.jira-development-integration-plugin:devsummary">
                        <customfieldname>Development</customfieldname>
                        <customfieldvalues>
                            
                        </customfieldvalues>
                    </customfield>
                                                                                                                        <customfield id="customfield_12313422" key="com.atlassian.jirafisheyeplugin:jobcheckbox">
                        <customfieldname>Enable Automatic Patch Review</customfieldname>
                        <customfieldvalues>
                            <customfieldvalue>false</customfieldvalue>

                        </customfieldvalues>
                    </customfield>
                                                                                                                                                                                                                                                                                                                                                                                                                                                                                                                                                                                                                                                <customfield id="customfield_12310420" key="com.pyxis.greenhopper.jira:gh-global-rank">
                        <customfieldname>Global Rank</customfieldname>
                        <customfieldvalues>
                            <customfieldvalue>9223372036854775807</customfieldvalue>
                        </customfieldvalues>
                    </customfield>
                                                                                                                                                                                                                                                                                                                                                                                                                                                                        <customfield id="customfield_12311820" key="com.pyxis.greenhopper.jira:gh-lexo-rank">
                        <customfieldname>Rank</customfieldname>
                        <customfieldvalues>
                            <customfieldvalue>0|i27g53:</customfieldvalue>

                        </customfieldvalues>
                    </customfield>
                                                                <customfield id="customfield_12310920" key="com.pyxis.greenhopper.jira:gh-global-rank">
                        <customfieldname>Rank (Obsolete)</customfieldname>
                        <customfieldvalues>
                            <customfieldvalue>9223372036854775807</customfieldvalue>
                        </customfieldvalues>
                    </customfield>
                                                                                                                                                                                                                                                                                                                                                                                                                                                                                                                                                                                                                                                                                                                                                                                            </customfields>
    </item>


</channel>
</rss>