<!-- 
RSS generated by JIRA (6.3.4#6332-sha1:51bc225ef474afe3128b2f66878477f322397b16) at Thu Dec 01 19:10:00 UTC 2016

It is possible to restrict the fields that are returned in this document by specifying the 'field' parameter in your request.
For example, to request only the issue key and summary add field=key&field=summary to the URL of your request.
For example:
https://issues.apache.org/jira/si/jira.issueviews:issue-xml/CODEC-113/CODEC-113.xml?field=key&amp;field=summary
-->
<rss version="0.92" >
<channel>
    <title>ASF JIRA</title>
    <link>https://issues.apache.org/jira</link>
    <description>This file is an XML representation of an issue</description>
    <language>en-uk</language>    <build-info>
        <version>6.3.4</version>
        <build-number>6332</build-number>
        <build-date>15-08-2014</build-date>
    </build-info>

<item>
            <title>[CODEC-113] org.apache.commons.codec.language.RefinedSoundex.US_ENGLISH_MAPPING should be package protected MALICIOUS_CODE</title>
                <link>https://issues.apache.org/jira/browse/CODEC-113</link>
                <project id="12310464" key="CODEC">Commons Codec</project>
                    <description>&lt;p&gt;Findbugs says:&lt;/p&gt;

&lt;p&gt;org.apache.commons.codec.language.RefinedSoundex.US_ENGLISH_MAPPING should be package protected	MALICIOUS_CODE	&lt;a href=&quot;http://findbugs.sourceforge.net/bugDescriptions.html#MS_PKGPROTECT&quot; class=&quot;external-link&quot; rel=&quot;nofollow&quot;&gt;http://findbugs.sourceforge.net/bugDescriptions.html#MS_PKGPROTECT&lt;/a&gt;&lt;/p&gt;</description>
                <environment>&lt;p&gt;Apache Maven 3.0.2 (r1056850; 2011-01-08 19:58:10-0500)&lt;br/&gt;
Java version: 1.6.0_23, vendor: Sun Microsystems Inc.&lt;br/&gt;
Java home: C:\Program Files\Java\jdk1.6.0_23\jre&lt;br/&gt;
Default locale: en_US, platform encoding: Cp1252&lt;br/&gt;
OS name: &quot;windows vista&quot;, version: &quot;6.0&quot;, arch: &quot;amd64&quot;, family: &quot;windows&quot;&lt;/p&gt;</environment>
        <key id="12496981">CODEC-113</key>
            <summary>org.apache.commons.codec.language.RefinedSoundex.US_ENGLISH_MAPPING should be package protected MALICIOUS_CODE</summary>
                <type id="1" iconUrl="https://issues.apache.org/jira/images/icons/issuetypes/bug.png">Bug</type>
                                            <priority id="3" iconUrl="https://issues.apache.org/jira/images/icons/priorities/major.png">Major</priority>
                        <status id="6" iconUrl="https://issues.apache.org/jira/images/icons/statuses/closed.png" description="The issue is considered finished, the resolution is correct. Issues which are closed can be reopened.">Closed</status>
                    <statusCategory id="3" key="done" colorName="green"/>
                                    <resolution id="1">Fixed</resolution>
                                        <assignee username="garydgregory">Gary Gregory</assignee>
                                    <reporter username="garydgregory">Gary Gregory</reporter>
                        <labels>
                    </labels>
                <created>Thu, 27 Jan 2011 21:10:25 +0000</created>
                <updated>Thu, 10 Nov 2011 18:10:03 +0000</updated>
                            <resolved>Thu, 27 Jan 2011 21:12:18 +0000</resolved>
                                    <version>1.4</version>
                                    <fixVersion>1.5</fixVersion>
                                        <due></due>
                            <votes>0</votes>
                                    <watches>0</watches>
                                                                <comments>
                            <comment id="12987833" author="sebb@apache.org" created="Thu, 27 Jan 2011 23:34:51 +0000"  >&lt;p&gt;As far as I can tell there is no need to reference the variable externally, so why not make it private?&lt;/p&gt;</comment>
                            <comment id="12987930" author="ggregory@seagullsw.com" created="Fri, 28 Jan 2011 04:28:42 +0000"  >&lt;p&gt;We can do that. &lt;/p&gt;</comment>
                    </comments>
                    <attachments>
                    </attachments>
                <subtasks>
                    </subtasks>
                <customfields>
                                                <customfield id="customfield_12310310" key="com.atlassian.jira.toolkit:attachments">
                        <customfieldname>Attachment count</customfieldname>
                        <customfieldvalues>
                            <customfieldvalue>0.0</customfieldvalue>
                        </customfieldvalues>
                    </customfield>
                                                                                                                                                                                                                                                                                                                                                                                                                                                                                                                                <customfield id="customfield_12310220" key="com.atlassian.jira.ext.charting:firstresponsedate">
                        <customfieldname>Date of First Response</customfieldname>
                        <customfieldvalues>
                            <customfieldvalue>Thu, 27 Jan 2011 23:34:51 +0000</customfieldvalue>

                        </customfieldvalues>
                    </customfield>
                                                                                                                                                                                                                                                                                                                                                                                                                                            <customfield id="customfield_12310420" key="com.pyxis.greenhopper.jira:gh-global-rank">
                        <customfieldname>Global Rank</customfieldname>
                        <customfieldvalues>
                            <customfieldvalue>110417</customfieldvalue>
                        </customfieldvalues>
                    </customfield>
                                                                                                                        <customfield id="customfield_12312521" key="com.atlassian.jira.toolkit:LastCommentDate">
                        <customfieldname>Last public comment date</customfieldname>
                        <customfieldvalues>
                            5 years, 44 weeks, 6 days ago
                        </customfieldvalues>
                    </customfield>
                                                                                            <customfield id="customfield_12311820" key="com.pyxis.greenhopper.jira:gh-lexo-rank">
                        <customfieldname>Rank</customfieldname>
                        <customfieldvalues>
                            <customfieldvalue>0|i0ep5b:</customfieldvalue>

                        </customfieldvalues>
                    </customfield>
                                                                <customfield id="customfield_12310920" key="com.pyxis.greenhopper.jira:gh-global-rank">
                        <customfieldname>Rank (Obsolete)</customfieldname>
                        <customfieldvalues>
                            <customfieldvalue>83836</customfieldvalue>
                        </customfieldvalues>
                    </customfield>
                                                                                                                                                                                                                                        <customfield id="customfield_12310222" key="com.atlassian.jira.ext.charting:timeinstatus">
                        <customfieldname>Time in Status</customfieldname>
                        <customfieldvalues>
                            
                        </customfieldvalues>
                    </customfield>
                                                                                                                        </customfields>
    </item>
</channel>
</rss>