<!--RSS generated by JIRA (8.20.1#820001-sha1:6d4b94dbcc29d26a5651b231dd69e39cd4357315) at Sun Mar 20 22:39:59 UTC 2022

It is possible to restrict the fields that are returned in this document by specifying the 'field' parameter in your request.
For example, to request only the issue key and summary append 'field=key&field=summary' to the URL of your request.
-->
<rss version="0.92">
<channel>
<title>ASF JIRA</title>
<link>https://issues.apache.org/jira</link>
<description>This file is an XML representation of an issue</description>
<language>en-uk</language>
<build-info>
<version>8.20.1</version>
<build-number>820001</build-number>
<build-date>28-10-2021</build-date>
</build-info>
<item>
<title>
[CODEC-264] murmur3.hash128() does not account for unsigned seed argument
</title>
<link>https://issues.apache.org/jira/browse/CODEC-264</link>
<project id="12310464" key="CODEC">Commons Codec</project>
<description>
<p>The original murmur3_x64_128 code used unsigned int for seed arguments. Using the equivalent bit patterns in the commons codec version does not yield the same results.</p> <p>I believe this is because the commons version does not account for sign extension etc.</p> <p>Yonic Seeley <a href="https://issues.apache.org/jira/secure/ViewProfile.jspa?name=yonik" class="user-hover" rel="yonik">yonik</a> has explains the issue in his implementation <a href="https://github.com/yonik/java_util/blob/master/src/util/hash/MurmurHash3.java" class="external-link" target="_blank" rel="nofollow noopener">https://github.com/yonik/java_util/blob/master/src/util/hash/MurmurHash3.java</a></p> <p>He provides a test case to show that his code returns the same answers as the original C/C++ code. I modified that test to call the codec version to show the error.</p> <p>I have attached that test case.</p> <p>Given that the original code is in the wild I am uncertain how to fix this issue.</p>
</description>
<environment/>
<key id="13265875">CODEC-264</key>
<summary>
murmur3.hash128() does not account for unsigned seed argument
</summary>
<type id="1" iconUrl="https://issues.apache.org/jira/secure/viewavatar?size=xsmall&avatarId=21133&avatarType=issuetype">Bug</type>
<priority id="3" iconUrl="https://issues.apache.org/jira/images/icons/priorities/major.svg">Major</priority>
<status id="5" iconUrl="https://issues.apache.org/jira/images/icons/statuses/resolved.png" description="A resolution has been taken, and it is awaiting verification by reporter. From here issues are either reopened, or are closed.">Resolved</status>
<statusCategory id="3" key="done" colorName="green"/>
<resolution id="1">Fixed</resolution>
<assignee username="aherbert">Alex Herbert</assignee>
<reporter username="claude">Claude Warren</reporter>
<labels> </labels>
<created>Sat, 2 Nov 2019 08:49:37 +0000</created>
<updated>Sat, 18 Jan 2020 09:27:58 +0000</updated>
<resolved>Sun, 24 Nov 2019 12:41:27 +0000</resolved>
<version>1.13</version>
<fixVersion>1.14</fixVersion>
<due/>
<votes>0</votes>
<watches>4</watches>
<comments>
<comment id="16965397" author="garydgregory" created="Sat, 2 Nov 2019 15:12:05 +0000">
<p>Hi and thank you for your report.<br/> Would it be possible for you to provide a PR on GitHub?</p>
</comment>
<comment id="16965640" author="claudenw" created="Sun, 3 Nov 2019 10:14:07 +0000"><p>The pull request to fix this issue</p></comment>
<comment id="16965645" author="erans" created="Sun, 3 Nov 2019 10:53:10 +0000">
<p>There are formatting issues in the PR (alignment, tab). It seems that tabs were used in the original file. <img class="emoticon" src="https://issues.apache.org/jira/images/icons/emoticons/sad.png" height="16" width="16" align="absmiddle" alt="" border="0"/><br/> I'd suggest to make a PR to fix that first, but I don't know what the regular contributors to <span class="error">&#91;Codec&#93;</span> would recommend. Better ask on the "dev" ML. Thanks.</p> <p>In general the PR associated with well-defined issue and a JIRA report should come with a <em>single</em> commit whose message is prefixed with the JIRA identifier, i.e. in this case:</p> <div class="preformatted panel" style="border-width: 1px;"><div class="preformattedContent panelContent"> <pre>CODEC-264: Fixed sign extensions. </pre> </div></div> <p>and the <a href="https://github.com/apache/commons-codec/blob/master/src/changes/changes.xml" class="external-link" target="_blank" rel="nofollow noopener">src/changes/changes.xml</a> file should be updated accordingly.</p> <p>Similarly, unit tests that ensure that the fix is working should be either named according to what they test (e.g. <tt>testHash64SignExtension</tt> or something) or to the JIRA issue (e.g. <tt>testCodec264</tt>). Of course, you are welcome to mention attribution in the commit message:</p> <div class="preformatted panel" style="border-width: 1px;"><div class="preformattedContent panelContent"> <pre>CODEC-264: Fixed sign extensions. Thanks to "yonik" for documenting the issue. </pre> </div></div> <p>and/or in a code comment in the unit tests Java file.</p>
</comment>
<comment id="16965646" author="erans" created="Sun, 3 Nov 2019 10:56:31 +0000">
<p>If the changes could break existing applications (as you mentioned), it would assume that it must also be discussed on the "dev" ML.</p>
</comment>
<comment id="16965649" author="erans" created="Sun, 3 Nov 2019 11:21:46 +0000">
<p>Another nit: no magic numbers (in new code at least). If used more than a couple times, such occurrences as "0x00ff" should be replaced by a static field.</p>
</comment>
<comment id="16965662" author="claudenw" created="Sun, 3 Nov 2019 12:51:25 +0000">
<p>Made 0xff and 0x00000000FFFFFFFFL static final vars and replace their usage with the var in the Murmur3 code.<br/> updated the changes.xml<br/> renamed the tests.<br/> Altered the pull request message</p> <p>I have left the tab/space issue as that predates this change. I don't think I made it worse.</p>
</comment>
<comment id="16979255" author="alexherbert" created="Thu, 21 Nov 2019 13:00:20 +0000">
<p>As discussed on the PR raised by Claude the two sign extension bugs in MurmurHash3 should be fixed in new methods to avoid behavioural changes to the existing released hash32 and hash128 methods.</p> <p>New methods can take inspiration from the c++ source code method names:</p> <div class="preformatted panel" style="border-width: 1px;"><div class="preformattedContent panelContent"> <pre>MurmurHash3_x86_32 -&gt; MurmurHash3.hash32x86 MurmurHash3_x64_128 -&gt; MurmurHash3.hash128x64 </pre> </div></div>
</comment>
<comment id="16979257" author="alexherbert" created="Thu, 21 Nov 2019 13:01:51 +0000">
<p>I am going to clean up MurmurHash3 with full documentation of the current code. At present the code is sparsely documented and contains a number of methods with no equivalent in the c++ source for MurmurHash3.</p>
</comment>
<comment id="16981049" author="claudenw" created="Sun, 24 Nov 2019 11:56:45 +0000">
<p>This issues should be closed with the changes that Alex made to master. I am not certain what the codec procedure is. As the person that opened this issue should I mark it as resolved or close it, or just leave it alone for Alex to record?</p>
</comment>
<comment id="16981062" author="alexherbert" created="Sun, 24 Nov 2019 12:41:27 +0000">
<p>New method hash128x64 to handle unsigned seed argument added to master.</p>
</comment>
<comment id="17018374" author="andy.seaborne" created="Fri, 17 Jan 2020 22:43:53 +0000">
<p>The v1.14 version of <tt>hash128(byte[], , int seed)</tt> does now apply the seed mask, contrary to the comments.</p> <p>Line 805</p> <div class="preformatted panel" style="border-width: 1px;"><div class="preformattedContent panelContent"> <pre> @Deprecated public static long[] hash128(final byte[] data, final int offset, final int length, final int seed) { // ************ // Note: This fails to apply masking using 0xffffffffL to the seed. // ************ return hash128x64(data, offset, length, seed); } </pre> </div></div> <p>It calls <tt>hash128x86(byte[],, int seed)</tt> (exact signature match), not <tt>hash128x86(byte[],, long seed)</tt> (type conversion).</p> <p><tt>hash128x86(byte[],, int seed)</tt> applies the mask (checked by debugger walk through in EclipseIDE).</p> <p><tt>hash128(byte[],, int seed)</tt> should be a call of <tt>hash128x86(byte[],, long)</tt> directly.</p> <p>I think that casting at the call site will do that:</p> <div class="preformatted panel" style="border-width: 1px;"><div class="preformattedContent panelContent"> <pre> return hash128x64(data, offset, length, (long)seed); </pre> </div></div> <p>or for clarity explicitly:</p> <div class="preformatted panel" style="border-width: 1px;"><div class="preformattedContent panelContent"> <pre> long seedLong = seed; /* unmasked 32-&gt;64 bit extension */ return hash128x64(data, offset, length, seedLong); </pre> </div></div> <p>If the private static work function had a different name, then automatic, unmasked conversion would have applied.</p>
</comment>
<comment id="17018468" author="alexherbert" created="Sat, 18 Jan 2020 02:00:37 +0000">
<p>Thanks for the raising this.</p> <p>The effect is that despite creating a new method for the fixed version to maintain behavioural compatibility with the old broken version the code actually fixes the old version and breaks behavioural compatibility.</p> <p>I have added a test to maintain behavioural compatibility and fixed the code as suggested. Please review the current master to check that the fix is correct.</p>
</comment>
<comment id="17018547" author="andy.seaborne" created="Sat, 18 Jan 2020 09:27:58 +0000">
<p>Hi Alex,</p> <p>I've visually inspected the code in git (<a href="https://github.com/apache/commons-codec/commit/f5a61f0c" class="external-link" target="_blank" rel="nofollow noopener">commit f5a61f0c</a>) and it looks correct.</p> <p>Thanks / Andy</p>
</comment>
</comments>
<issuelinks>
<issuelinktype id="10030">
<name>Reference</name>
<outwardlinks description="relates to">
<issuelink>
<issuekey id="13269834">CODEC-267</issuekey>
</issuelink>
</outwardlinks>
</issuelinktype>
</issuelinks>
<attachments>
<attachment id="12984679" name="YonikMurmur3Tests.java" size="5973" author="claude" created="Sat, 2 Nov 2019 08:49:50 +0000"/>
</attachments>
<subtasks> </subtasks>
<customfields>
<customfield id="customfield_12314020" key="com.atlassian.jira.plugins.jira-development-integration-plugin:devsummary">
<customfieldname>Development</customfieldname>
<customfieldvalues>
</customfieldvalues>
</customfield>
<customfield id="customfield_12313422" key="com.atlassian.jirafisheyeplugin:jobcheckbox">
<customfieldname>Enable Automatic Patch Review</customfieldname>
<customfieldvalues>
<customfieldvalue>false</customfieldvalue>
</customfieldvalues>
</customfield>
<customfield id="customfield_12310420" key="com.pyxis.greenhopper.jira:gh-global-rank">
<customfieldname>Global Rank</customfieldname>
<customfieldvalues>
<customfieldvalue>9223372036854775807</customfieldvalue>
</customfieldvalues>
</customfield>
<customfield id="customfield_12311820" key="com.pyxis.greenhopper.jira:gh-lexo-rank">
<customfieldname>Rank</customfieldname>
<customfieldvalues>
<customfieldvalue>0|z08708:</customfieldvalue>
</customfieldvalues>
</customfield>
<customfield id="customfield_12310920" key="com.pyxis.greenhopper.jira:gh-global-rank">
<customfieldname>Rank (Obsolete)</customfieldname>
<customfieldvalues>
<customfieldvalue>9223372036854775807</customfieldvalue>
</customfieldvalues>
</customfield>
</customfields>
</item>
</channel>
</rss>