<rss version="0.92">
    <channel>
        <title>ASF JIRA</title>
        <link>https://issues.apache.org/jira/issues/?jql=project+%3D+wicket+and+type+%3D+bug+and+%28status+%3D+RESOLVED+or+status+%3D+closed%29</link>
        <description>An XML representation of a search request</description>
                <language>en-uk</language>
                        <issue start="0" end="1000" total="4133" />
                <build-info>
            <version>8.20.7</version>
            <build-number>820007</build-number>
            <build-date>16-03-2022</build-date>
        </build-info>

<item>
            <title>[WICKET-5636] Update StatelessForm's and AbstractRepeater's javadoc that FormComponents should be repeated only with RepeatingView</title>
                <link>https://issues.apache.org/jira/browse/WICKET-5636</link>
                <project id="12310561" key="WICKET">Wicket</project>
                    <description>&lt;p&gt;I would like to submit some input fields added to a repeater by a stateless form. My added test is working by using a Form.class but not with a StatelessForm.class.&lt;/p&gt;

&lt;p&gt;The hint by Martin to use another repeater than a listview has the same results. I've added both repeaters to the quickstart code.&lt;/p&gt;

&lt;p&gt;What i don't understand is that there is nothing in the request parameters while i debugged the WicketFilter.class.&lt;/p&gt;</description>
                <environment />
        <key id="12726510">WICKET-5636</key>
            <summary>Update StatelessForm's and AbstractRepeater's javadoc that FormComponents should be repeated only with RepeatingView</summary>
                <type id="1" iconUrl="https://issues.apache.org/jira/secure/viewavatar?size=xsmall&amp;avatarId=21133&amp;avatarType=issuetype">Bug</type>
                                            <priority id="3" iconUrl="https://issues.apache.org/jira/images/icons/priorities/major.svg">Major</priority>
                        <status id="5" iconUrl="https://issues.apache.org/jira/images/icons/statuses/resolved.png" description="A resolution has been taken, and it is awaiting verification by reporter. From here issues are either reopened, or are closed.">Resolved</status>
                    <statusCategory id="3" key="done" colorName="green" />
                                    <resolution id="1">Fixed</resolution>
                                        <assignee username="mgrigorov">Martin Tzvetanov Grigorov</assignee>
                                    <reporter username="newgro">Per Newgro</reporter>
                        <labels>
                            <label>Form</label>
                            <label>ListView</label>
                            <label>Stateless,</label>
                            <label>Submit</label>
                    </labels>
                <created>Thu, 10 Jul 2014 06:34:29 +0000</created>
                <updated>Mon, 21 Jul 2014 10:27:04 +0000</updated>
                            <resolved>Mon, 21 Jul 2014 10:26:03 +0000</resolved>
                                    <version>6.16.0</version>
                                    <fixVersion>7.0.0-M3</fixVersion>
                    <fixVersion>6.17.0</fixVersion>
                                    <component>wicket</component>
                        <due />
                            <votes>0</votes>
                                    <watches>2</watches>
                                                                <comments>
                            <comment id="14057195" author="newgro" created="Thu, 10 Jul 2014 06:35:27 +0000">&lt;p&gt;Here is the quickstart containing two tests. One is failing.&lt;/p&gt;</comment>
                            <comment id="14057578" author="mgrigorov" created="Thu, 10 Jul 2014 15:24:53 +0000">&lt;p&gt;Here is a working version with RepeatingView.&lt;/p&gt;</comment>
                            <comment id="14057743" author="mgrigorov" created="Thu, 10 Jul 2014 17:58:26 +0000">&lt;p&gt;The problem with ListView and RefreshingView is that they create their children at render time.&lt;br/&gt;
Since the page is re-created (due to being stateless) there are no FormComponents at the action phase (onSubmit) to consume the posted data and populate the model.&lt;/p&gt;

&lt;p&gt;I'll update the javadoc of all related components to explain this behavior.&lt;/p&gt;</comment>
                            <comment id="14068386" author="mgrigorov" created="Mon, 21 Jul 2014 10:26:03 +0000">&lt;p&gt;Updated the javadoc of StatelessForm and AbstractRepeater.&lt;/p&gt;</comment>
                    </comments>
                    <attachments>
                            <attachment id="12655009" name="myproject-repeatingview.tgz" size="25319" author="mgrigorov" created="Thu, 10 Jul 2014 15:24:53 +0000" />
                            <attachment id="12654949" name="myproject.zip" size="26200" author="newgro" created="Thu, 10 Jul 2014 06:35:27 +0000" />
                    </attachments>
                <subtasks>
                    </subtasks>
                <customfields>
                                                                                                                                                                                                                                                                                                                                                                                                                                                                                                                                                                                                                                                                                                                    <customfield id="customfield_12314020" key="com.atlassian.jira.plugins.jira-development-integration-plugin:devsummary">
                        <customfieldname>Development</customfieldname>
                        <customfieldvalues>
                            
                        </customfieldvalues>
                    </customfield>
                                                                                                                        <customfield id="customfield_12313422" key="com.atlassian.jirafisheyeplugin:jobcheckbox">
                        <customfieldname>Enable Automatic Patch Review</customfieldname>
                        <customfieldvalues>
                            <customfieldvalue>false</customfieldvalue>

                        </customfieldvalues>
                    </customfield>
                                                                                                                                                                                                                                                                                                                                                                                                                                                                                                                                                                                                                    <customfield id="customfield_12310420" key="com.pyxis.greenhopper.jira:gh-global-rank">
                        <customfieldname>Global Rank</customfieldname>
                        <customfieldvalues>
                            <customfieldvalue>404617</customfieldvalue>
                        </customfieldvalues>
                    </customfield>
                                                                                                                                                                                                                                                                                                                                                                                                                                                                        <customfield id="customfield_12311820" key="com.pyxis.greenhopper.jira:gh-lexo-rank">
                        <customfieldname>Rank</customfieldname>
                        <customfieldvalues>
                            <customfieldvalue>0|i1xmvr:</customfieldvalue>

                        </customfieldvalues>
                    </customfield>
                                                                <customfield id="customfield_12310920" key="com.pyxis.greenhopper.jira:gh-global-rank">
                        <customfieldname>Rank (Obsolete)</customfieldname>
                        <customfieldvalues>
                            <customfieldvalue>404655</customfieldvalue>
                        </customfieldvalues>
                    </customfield>
                                                                                                                                                                                                                                                                                                                                                                                                                                                                                                                                                                                                                                                                                                                                                                                            </customfields>
    </item>


</channel>
</rss>