<rss version="0.92">
    <channel>
        <title>ASF JIRA</title>
        <link>https://issues.apache.org/jira/issues/?jql=project+%3D+wicket+and+type+%3D+bug+and+%28status+%3D+RESOLVED+or+status+%3D+closed%29</link>
        <description>An XML representation of a search request</description>
                <language>en-uk</language>
                        <issue start="0" end="1000" total="4133" />
                <build-info>
            <version>8.20.7</version>
            <build-number>820007</build-number>
            <build-date>16-03-2022</build-date>
        </build-info>

<item>
            <title>[WICKET-5982] WicketTester.assertFeedback is broken</title>
                <link>https://issues.apache.org/jira/browse/WICKET-5982</link>
                <project id="12310561" key="WICKET">Wicket</project>
                    <description>&lt;p&gt;I switched from Wicket 6.19.0 to 7.0.0 and some of my tests fail because of the feedback tester.&lt;/p&gt;

&lt;p&gt;The "old" assertFeedback used &lt;/p&gt;
&lt;div class="code panel" style="border-width: 1px;"&gt;&lt;div class="codeContent panelContent"&gt;
&lt;pre class="code-java"&gt;&lt;span class="code-keyword"&gt;if&lt;/span&gt; (Objects.equal(expected, actual.getMessage().toString()))&lt;/pre&gt;
&lt;/div&gt;&lt;/div&gt;

&lt;p&gt;While the new goes without the toString call. Thats where my tests fail.&lt;/p&gt;</description>
                <environment>Win7 x64, Java 8u51</environment>
        <key id="12875349">WICKET-5982</key>
            <summary>WicketTester.assertFeedback is broken</summary>
                <type id="1" iconUrl="https://issues.apache.org/jira/secure/viewavatar?size=xsmall&amp;avatarId=21133&amp;avatarType=issuetype">Bug</type>
                                            <priority id="4" iconUrl="https://issues.apache.org/jira/images/icons/priorities/minor.svg">Minor</priority>
                        <status id="5" iconUrl="https://issues.apache.org/jira/images/icons/statuses/resolved.png" description="A resolution has been taken, and it is awaiting verification by reporter. From here issues are either reopened, or are closed.">Resolved</status>
                    <statusCategory id="3" key="done" colorName="green" />
                                    <resolution id="8">Not A Problem</resolution>
                                        <assignee username="svenmeier">Sven Meier</assignee>
                                    <reporter username="cradtke">Christoph Gro&#223;</reporter>
                        <labels>
                    </labels>
                <created>Thu, 17 Sep 2015 12:48:02 +0000</created>
                <updated>Thu, 17 Sep 2015 13:58:53 +0000</updated>
                            <resolved>Thu, 17 Sep 2015 13:58:53 +0000</resolved>
                                    <version>7.0.0</version>
                                                    <component>wicket</component>
                        <due />
                            <votes>0</votes>
                                    <watches>2</watches>
                                                                <comments>
                            <comment id="14802946" author="svenmeier" created="Thu, 17 Sep 2015 13:57:45 +0000">&lt;p&gt;Since &lt;a href="https://issues.apache.org/jira/browse/WICKET-5128" title="Allow for Testing Component relative Feedback-Messages in Wicket-Tester" class="issue-link" data-issue-key="WICKET-5128"&gt;&lt;del&gt;WICKET-5128&lt;/del&gt;&lt;/a&gt; / &lt;a href="https://issues.apache.org/jira/browse/WICKET-4585" title="WicketTester.assertErrorMessages passes even if the message isn&amp;#39;t visible on the page" class="issue-link" data-issue-key="WICKET-4585"&gt;&lt;del&gt;WICKET-4585&lt;/del&gt;&lt;/a&gt; you have to assert on the actual message object, not its string representation.&lt;/p&gt;

&lt;p&gt;See the migration guide:&lt;/p&gt;

&lt;p&gt;&lt;a href="https://cwiki.apache.org/confluence/display/WICKET/Migration+to+Wicket+7.0#MigrationtoWicket7.0-WicketTesterassertfeedbackmessagemethodsworkwithjava.io.SerializableWICKET-5128" class="external-link" target="_blank" rel="nofollow noopener"&gt;https://cwiki.apache.org/confluence/display/WICKET/Migration+to+Wicket+7.0#MigrationtoWicket7.0-WicketTesterassertfeedbackmessagemethodsworkwithjava.io.SerializableWICKET-5128&lt;/a&gt;&lt;/p&gt;</comment>
                    </comments>
                    <attachments>
                    </attachments>
                <subtasks>
                    </subtasks>
                <customfields>
                                                                                                                                                                                                                                                                                                                                                                                                                                                                                                                                                                                                                                                                                                                    <customfield id="customfield_12314020" key="com.atlassian.jira.plugins.jira-development-integration-plugin:devsummary">
                        <customfieldname>Development</customfieldname>
                        <customfieldvalues>
                            
                        </customfieldvalues>
                    </customfield>
                                                                                                                        <customfield id="customfield_12313422" key="com.atlassian.jirafisheyeplugin:jobcheckbox">
                        <customfieldname>Enable Automatic Patch Review</customfieldname>
                        <customfieldvalues>
                            <customfieldvalue>false</customfieldvalue>

                        </customfieldvalues>
                    </customfield>
                                                                                                                                                                                                                                                                                                                                                                                                                                                                                                                                                                                                                    <customfield id="customfield_12310420" key="com.pyxis.greenhopper.jira:gh-global-rank">
                        <customfieldname>Global Rank</customfieldname>
                        <customfieldvalues>
                            <customfieldvalue>9223372036854775807</customfieldvalue>
                        </customfieldvalues>
                    </customfield>
                                                                                                                                                                                                                                                                                                                                                                                                                                                                        <customfield id="customfield_12311820" key="com.pyxis.greenhopper.jira:gh-lexo-rank">
                        <customfieldname>Rank</customfieldname>
                        <customfieldvalues>
                            <customfieldvalue>0|i2kauv:</customfieldvalue>

                        </customfieldvalues>
                    </customfield>
                                                                <customfield id="customfield_12310920" key="com.pyxis.greenhopper.jira:gh-global-rank">
                        <customfieldname>Rank (Obsolete)</customfieldname>
                        <customfieldvalues>
                            <customfieldvalue>9223372036854775807</customfieldvalue>
                        </customfieldvalues>
                    </customfield>
                                                                                                                                                                                                                                                                                                                                                                                                                                                                                                                                                                                                                                                                                                                                                                                            </customfields>
    </item>


</channel>
</rss>