<rss version="0.92">
    <channel>
        <title>ASF JIRA</title>
        <link>https://issues.apache.org/jira/issues/?jql=project+%3D+wicket+and+type+%3D+bug+and+%28status+%3D+RESOLVED+or+status+%3D+closed%29</link>
        <description>An XML representation of a search request</description>
                <language>en-uk</language>
                        <issue start="0" end="1000" total="4133" />
                <build-info>
            <version>8.20.7</version>
            <build-number>820007</build-number>
            <build-date>16-03-2022</build-date>
        </build-info>

<item>
            <title>[WICKET-5706] ResourceUtils.getLocaleFromFilename cannot handle filenames with classifiers</title>
                <link>https://issues.apache.org/jira/browse/WICKET-5706</link>
                <project id="12310561" key="WICKET">Wicket</project>
                    <description>&lt;p&gt;When I try to get PathLocale with ResourceUtils, than get wrong values, when the files contains '.' in name.&lt;/p&gt;

&lt;p&gt;Example: 'jquery.test.js' &lt;br/&gt;
PathLocale.path=jquery, PathLocale.locale = null&lt;/p&gt;

&lt;p&gt;or jquery.test_hu.js'.&lt;br/&gt;
PathLocale.path=jquery, PathLocale.locale = null&lt;/p&gt;

&lt;p&gt;That's why I'd like to use &lt;br/&gt;
jquery.test_hu.js' as resource, the ResourceStreamLocator try to find &lt;br/&gt;
jquery.test_hu_hu_HU.js, jquery.test_hu_hu.js, and after  jquery.test_hu.js.&lt;br/&gt;
Because the &lt;br/&gt;
ResourceStreamLocator.locate&lt;/p&gt;

&lt;p&gt;		PathLocale data = ResourceUtils.getLocaleFromFilename(path);&lt;br/&gt;
		if ((data != null) &amp;amp;&amp;amp; (data.locale != null))&lt;/p&gt;
		{
			path = data.path;
			locale = data.locale;
		}
&lt;p&gt;doesn't work in this case.&lt;/p&gt;

&lt;p&gt;Should change the &lt;br/&gt;
ResourceUtils&lt;/p&gt;

&lt;p&gt;	public static PathLocale getLocaleFromFilename(String path) {&lt;br/&gt;
		int pos = path.indexOf('.');&lt;br/&gt;
----------------&lt;br/&gt;
To&lt;br/&gt;
                int pos = path.lastIndexOf('.');&lt;/p&gt;</description>
                <environment />
        <key id="12743190">WICKET-5706</key>
            <summary>ResourceUtils.getLocaleFromFilename cannot handle filenames with classifiers</summary>
                <type id="1" iconUrl="https://issues.apache.org/jira/secure/viewavatar?size=xsmall&amp;avatarId=21133&amp;avatarType=issuetype">Bug</type>
                                            <priority id="3" iconUrl="https://issues.apache.org/jira/images/icons/priorities/major.svg">Major</priority>
                        <status id="6" iconUrl="https://issues.apache.org/jira/images/icons/statuses/closed.png" description="The issue is considered finished, the resolution is correct. Issues which are not closed can be reopened.">Closed</status>
                    <statusCategory id="3" key="done" colorName="green" />
                                    <resolution id="1">Fixed</resolution>
                                        <assignee username="mgrigorov">Martin Tzvetanov Grigorov</assignee>
                                    <reporter username="szetamas">Tamas Szendrei</reporter>
                        <labels>
                    </labels>
                <created>Mon, 22 Sep 2014 13:36:50 +0000</created>
                <updated>Mon, 10 Aug 2015 09:40:07 +0000</updated>
                            <resolved>Mon, 10 Aug 2015 09:37:25 +0000</resolved>
                                    <version>6.17.0</version>
                                    <fixVersion>6.18.0</fixVersion>
                    <fixVersion>7.0.0-M4</fixVersion>
                                    <component>wicket</component>
                        <due />
                            <votes>0</votes>
                                    <watches>4</watches>
                                                                <comments>
                            <comment id="14144703" author="mgrigorov" created="Tue, 23 Sep 2014 11:50:02 +0000">&lt;p&gt;Additionally I see an inconsistency that it returns a path without the extension when there is no locale, and with the extension when there is a locale.&lt;/p&gt;</comment>
                            <comment id="14144705" author="jira-bot" created="Tue, 23 Sep 2014 11:50:45 +0000">&lt;p&gt;Commit 0f8a6d757367e73eaadcb0dff1372d169bcefb76 in wicket's branch refs/heads/master from &lt;a href="https://issues.apache.org/jira/secure/ViewProfile.jspa?name=mgrigorov" class="user-hover" rel="mgrigorov"&gt;mgrigorov&lt;/a&gt;&lt;br/&gt;
[ &lt;a href="https://git-wip-us.apache.org/repos/asf?p=wicket.git;h=0f8a6d7" class="external-link" target="_blank" rel="nofollow noopener"&gt;https://git-wip-us.apache.org/repos/asf?p=wicket.git;h=0f8a6d7&lt;/a&gt; ]&lt;/p&gt;

&lt;p&gt;&lt;a href="https://issues.apache.org/jira/browse/WICKET-5706" title="ResourceUtils.getLocaleFromFilename cannot handle filenames with classifiers" class="issue-link" data-issue-key="WICKET-5706"&gt;&lt;del&gt;WICKET-5706&lt;/del&gt;&lt;/a&gt; ResourceUtils.getLocaleFromFilename cannot handle filenames with classifiers&lt;/p&gt;</comment>
                            <comment id="14144706" author="jira-bot" created="Tue, 23 Sep 2014 11:54:00 +0000">&lt;p&gt;Commit b5979289835a0eda988de2cb922d5ddd1914fa81 in wicket's branch refs/heads/wicket-6.x from &lt;a href="https://issues.apache.org/jira/secure/ViewProfile.jspa?name=mgrigorov" class="user-hover" rel="mgrigorov"&gt;mgrigorov&lt;/a&gt;&lt;br/&gt;
[ &lt;a href="https://git-wip-us.apache.org/repos/asf?p=wicket.git;h=b597928" class="external-link" target="_blank" rel="nofollow noopener"&gt;https://git-wip-us.apache.org/repos/asf?p=wicket.git;h=b597928&lt;/a&gt; ]&lt;/p&gt;

&lt;p&gt;&lt;a href="https://issues.apache.org/jira/browse/WICKET-5706" title="ResourceUtils.getLocaleFromFilename cannot handle filenames with classifiers" class="issue-link" data-issue-key="WICKET-5706"&gt;&lt;del&gt;WICKET-5706&lt;/del&gt;&lt;/a&gt; ResourceUtils.getLocaleFromFilename cannot handle filenames with classifiers&lt;/p&gt;

&lt;p&gt;(cherry picked from commit 0f8a6d757367e73eaadcb0dff1372d169bcefb76)&lt;/p&gt;</comment>
                            <comment id="14144708" author="mgrigorov" created="Tue, 23 Sep 2014 11:57:09 +0000">&lt;p&gt;Thanks!&lt;/p&gt;</comment>
                            <comment id="14679850" author="dashorst" created="Mon, 10 Aug 2015 09:28:42 +0000">&lt;p&gt;I think the ResourceUtils.getLocaleFromFilename(String path) has the order of locale and minimization wrong:&lt;/p&gt;

&lt;p&gt;It currently parses: File.min_Lang_Coun_Var.ext while the typical convention is File_Lang_Coun_Var.min.ext&lt;/p&gt;

&lt;p&gt;Surely considering the ResourceUtils.getMinifiedName() method which does work according to convention.&lt;/p&gt;

&lt;p&gt;I am working on a patch that fixes this, and also makes PathLocale have more information regarding the filename.&lt;/p&gt;</comment>
                    </comments>
                <issuelinks>
                            <issuelinktype id="12310050">
                    <name>Regression</name>
                                            <outwardlinks description="breaks">
                                        <issuelink>
            <issuekey id="12853786">WICKET-5966</issuekey>
        </issuelink>
                            </outwardlinks>
                                                        </issuelinktype>
                    </issuelinks>
                <attachments>
                    </attachments>
                <subtasks>
                    </subtasks>
                <customfields>
                                                                                                                                                                                                                                                                                                                                                                                                                                                                                                                                                                                                                                                                                                                    <customfield id="customfield_12314020" key="com.atlassian.jira.plugins.jira-development-integration-plugin:devsummary">
                        <customfieldname>Development</customfieldname>
                        <customfieldvalues>
                            
                        </customfieldvalues>
                    </customfield>
                                                                                                                        <customfield id="customfield_12313422" key="com.atlassian.jirafisheyeplugin:jobcheckbox">
                        <customfieldname>Enable Automatic Patch Review</customfieldname>
                        <customfieldvalues>
                            <customfieldvalue>false</customfieldvalue>

                        </customfieldvalues>
                    </customfield>
                                                                                                                                                                                                                                                                                                                                                                                                                                                                                                                                                                                                                    <customfield id="customfield_12310420" key="com.pyxis.greenhopper.jira:gh-global-rank">
                        <customfieldname>Global Rank</customfieldname>
                        <customfieldvalues>
                            <customfieldvalue>9223372036854775807</customfieldvalue>
                        </customfieldvalues>
                    </customfield>
                                                                                                                                                                                                                                                                                                                                                                                                                                                                        <customfield id="customfield_12311820" key="com.pyxis.greenhopper.jira:gh-lexo-rank">
                        <customfieldname>Rank</customfieldname>
                        <customfieldvalues>
                            <customfieldvalue>0|i20c3r:</customfieldvalue>

                        </customfieldvalues>
                    </customfield>
                                                                <customfield id="customfield_12310920" key="com.pyxis.greenhopper.jira:gh-global-rank">
                        <customfieldname>Rank (Obsolete)</customfieldname>
                        <customfieldvalues>
                            <customfieldvalue>9223372036854775807</customfieldvalue>
                        </customfieldvalues>
                    </customfield>
                                                                                                                                                                                                                                                                                                                                                                                                                                                                                                                                                                                                                                                                                                                                                                                            </customfields>
    </item>


</channel>
</rss>