<rss version="0.92">
    <channel>
        <title>ASF JIRA</title>
        <link>https://issues.apache.org/jira/issues/?jql=project+%3D+wicket+and+type+%3D+bug+and+%28status+%3D+RESOLVED+or+status+%3D+closed%29</link>
        <description>An XML representation of a search request</description>
                <language>en-uk</language>
                        <issue start="0" end="1000" total="4133" />
                <build-info>
            <version>8.20.7</version>
            <build-number>820007</build-number>
            <build-date>16-03-2022</build-date>
        </build-info>

<item>
            <title>[WICKET-5519] ContributorListenerCollection behaves differently after upgrade </title>
                <link>https://issues.apache.org/jira/browse/WICKET-5519</link>
                <project id="12310561" key="WICKET">Wicket</project>
                    <description>&lt;p&gt;I used Wicket 6.6.0 and upgraded to 6.14.0 (and tested it also on 6.7.0). In WicketApplication I have the following code within the init()-Method&lt;/p&gt;

&lt;div class="code panel" style="border-style: solid;border-width: 1px;"&gt;&lt;div class="codeHeader panelHeader" style="border-bottom-width: 1px;border-bottom-style: solid;"&gt;&lt;b&gt;WicketApplication.java&lt;/b&gt;&lt;/div&gt;&lt;div class="codeContent panelContent"&gt;
&lt;pre class="code-java"&gt;
	@Override
	&lt;span class="code-keyword"&gt;protected&lt;/span&gt; void init() {
		&lt;span class="code-keyword"&gt;super&lt;/span&gt;.init();
getHeaderContributorListenerCollection().add(&lt;span class="code-keyword"&gt;new&lt;/span&gt; IHeaderContributor() {

        &lt;span class="code-keyword"&gt;private&lt;/span&gt; &lt;span class="code-keyword"&gt;static&lt;/span&gt; &lt;span class="code-keyword"&gt;final&lt;/span&gt; &lt;span class="code-object"&gt;long&lt;/span&gt; serialVersionUID = 442899940490126649L;

        @Override
        &lt;span class="code-keyword"&gt;public&lt;/span&gt; void renderHead(&lt;span class="code-keyword"&gt;final&lt;/span&gt; IHeaderResponse response) {
            response.render(WicketUtils.composeMetaItem(&lt;span class="code-quote"&gt;"X-UA-Compatible"&lt;/span&gt;, &lt;span class="code-quote"&gt;"IE=edge"&lt;/span&gt;));
            response.render(WicketUtils.composeMetaItem(&lt;span class="code-quote"&gt;"Content-Type"&lt;/span&gt;, &lt;span class="code-quote"&gt;"text/html; charset=UTF-8"&lt;/span&gt;));
            response.render(WicketUtils.composeMetaItem(&lt;span class="code-quote"&gt;"Expires"&lt;/span&gt;, &lt;span class="code-quote"&gt;"0"&lt;/span&gt;));
            response.render(WicketUtils.composeMetaItem(&lt;span class="code-quote"&gt;"Cache-Control"&lt;/span&gt;, &lt;span class="code-quote"&gt;"no-store, no-cache, must-revalidate, max-age=0, &lt;span class="code-keyword"&gt;private&lt;/span&gt;"&lt;/span&gt;));
            response.render(WicketUtils.composeMetaItem(&lt;span class="code-quote"&gt;"Pragma"&lt;/span&gt;, &lt;span class="code-quote"&gt;"no-cache"&lt;/span&gt;));
        }
    });
}
&lt;/pre&gt;
&lt;/div&gt;&lt;/div&gt;

&lt;p&gt;Which renders metadata in the html head.&lt;/p&gt;

&lt;p&gt;This causes, after the update to Wicket 6.14.0 and 6.7.0, the Wicket Debugger to throw an Error after I do an ajax request. The error is not thrown if the above code is removed.&lt;/p&gt;

&lt;p&gt;The Error is the following:&lt;/p&gt;
&lt;blockquote&gt;
&lt;p&gt;&lt;font color="red"&gt;&lt;br/&gt;
   ERROR:&lt;/font&gt;&lt;br/&gt;
Error in parsing: This page contains the following errors:error on line 22 at column 8: Opening and ending tag mismatch: meta line 0 and head&lt;br/&gt;
Below is a rendering of the page up to the first error.&lt;/p&gt;&lt;/blockquote&gt;

&lt;p&gt;Would it be possible to put the above metadata in HTML and what would be the difference?&lt;/p&gt;

&lt;div class="code panel" style="border-style: solid;border-width: 1px;"&gt;&lt;div class="codeHeader panelHeader" style="border-bottom-width: 1px;border-bottom-style: solid;"&gt;&lt;b&gt;Template.html&lt;/b&gt;&lt;/div&gt;&lt;div class="codeContent panelContent"&gt;
&lt;pre class="code-java"&gt;&amp;lt;?xml version=&lt;span class="code-quote"&gt;"1.0"&lt;/span&gt; encoding=&lt;span class="code-quote"&gt;"UTF-8"&lt;/span&gt;?&amp;gt;
&amp;lt;!DOCTYPE html PUBLIC &lt;span class="code-quote"&gt;"-&lt;span class="code-comment"&gt;//W3C//DTD XHTML 1.0 Strict//EN"&lt;/span&gt; &lt;span class="code-quote"&gt;"http://www.w3.org/TR/xhtml1/DTD/xhtml1-strict.dtd"&lt;/span&gt;&amp;gt;
&lt;/span&gt;&amp;lt;html xmlns=&lt;span class="code-quote"&gt;"http:&lt;span class="code-comment"&gt;//www.w3.org/1999/xhtml"&lt;/span&gt;&amp;gt;
&lt;/span&gt;&amp;lt;wicket:head&amp;gt;
    &amp;lt;meta http-equiv=&lt;span class="code-quote"&gt;"X-UA-Compatible"&lt;/span&gt; content=&lt;span class="code-quote"&gt;"IE=edge"&lt;/span&gt;&amp;gt;
    &amp;lt;meta http-equiv=&lt;span class="code-quote"&gt;"Content-Type"&lt;/span&gt; content=&lt;span class="code-quote"&gt;"text/html; charset=UTF-8"&lt;/span&gt;&amp;gt;
    &amp;lt;meta http-equiv=&lt;span class="code-quote"&gt;"Expires"&lt;/span&gt; content=&lt;span class="code-quote"&gt;"0"&lt;/span&gt;&amp;gt;
    &amp;lt;meta http-equiv=&lt;span class="code-quote"&gt;"Cache-Control"&lt;/span&gt; content=&lt;span class="code-quote"&gt;"no-store, no-cache, must-revalidate, max-age=0, &lt;span class="code-keyword"&gt;private&lt;/span&gt;"&lt;/span&gt;&amp;gt;
    &amp;lt;meta http-equiv=&lt;span class="code-quote"&gt;"Pragma"&lt;/span&gt; content=&lt;span class="code-quote"&gt;"no-cache"&lt;/span&gt;&amp;gt;   
&amp;lt;/wicket:head&amp;gt;
...
&amp;lt;/html&amp;gt;
&lt;/pre&gt;
&lt;/div&gt;&lt;/div&gt;</description>
                <environment />
        <key id="12697350">WICKET-5519</key>
            <summary>ContributorListenerCollection behaves differently after upgrade </summary>
                <type id="1" iconUrl="https://issues.apache.org/jira/secure/viewavatar?size=xsmall&amp;avatarId=21133&amp;avatarType=issuetype">Bug</type>
                                            <priority id="3" iconUrl="https://issues.apache.org/jira/images/icons/priorities/major.svg">Major</priority>
                        <status id="5" iconUrl="https://issues.apache.org/jira/images/icons/statuses/resolved.png" description="A resolution has been taken, and it is awaiting verification by reporter. From here issues are either reopened, or are closed.">Resolved</status>
                    <statusCategory id="3" key="done" colorName="green" />
                                    <resolution id="8">Not A Problem</resolution>
                                        <assignee username="-1">Unassigned</assignee>
                                    <reporter username="ualtin">Ufuk Altin</reporter>
                        <labels>
                    </labels>
                <created>Wed, 26 Feb 2014 11:52:10 +0000</created>
                <updated>Tue, 4 Mar 2014 09:00:51 +0000</updated>
                            <resolved>Tue, 4 Mar 2014 09:00:51 +0000</resolved>
                                    <version>6.7.0</version>
                                                    <component>wicket</component>
                        <due />
                            <votes>0</votes>
                                    <watches>2</watches>
                                                                <comments>
                            <comment id="13912834" author="mgrigorov" created="Wed, 26 Feb 2014 12:49:45 +0000">&lt;p&gt;Please provide a quickstart application.&lt;br/&gt;
WicketUtils is not part of Wicket distro so we cannot help without an application that reproduces the problem.&lt;/p&gt;</comment>
                            <comment id="13912948" author="ualtin" created="Wed, 26 Feb 2014 14:13:33 +0000">&lt;p&gt;Sample Project attached&lt;/p&gt;</comment>
                            <comment id="13913054" author="mgrigorov" created="Wed, 26 Feb 2014 15:57:10 +0000">&lt;p&gt;Where do you see the error ?&lt;br/&gt;
I see no errors here neither in the JVM standard output/error, nor in Chrome/Firefox's JavaScript console.&lt;/p&gt;</comment>
                            <comment id="13913068" author="ualtin" created="Wed, 26 Feb 2014 16:03:45 +0000">&lt;p&gt;On the page at the bottom right corner the 'Wicket Debugger' starts blinking in red if you click on the first line after header. Sorry that i did not do this as a link.&lt;/p&gt;</comment>
                            <comment id="13913091" author="mgrigorov" created="Wed, 26 Feb 2014 16:20:35 +0000">&lt;p&gt;I am not sure which change in Wicket made parsing more strict but the simple fix is to make the &amp;lt;meta&amp;gt; tags auto-closed:&lt;/p&gt;

&lt;p&gt;return StringHeaderItem.forString("&amp;lt;meta http-equiv=\"" + httpEquiv + "\" content=\"" + content + "\"/&amp;gt;");&lt;/p&gt;

&lt;p&gt;This fixes the problem.&lt;/p&gt;</comment>
                            <comment id="13914183" author="ualtin" created="Thu, 27 Feb 2014 07:51:53 +0000">&lt;p&gt;Thank you Martin. This solves it.&lt;/p&gt;</comment>
                    </comments>
                    <attachments>
                            <attachment id="12631231" name="myproject.zip" size="29467" author="ualtin" created="Wed, 26 Feb 2014 14:13:20 +0000" />
                    </attachments>
                <subtasks>
                    </subtasks>
                <customfields>
                                                                                                                                                                                                                                                                                                                                                                                                                                                                                                                                                                                                                                                                                                                    <customfield id="customfield_12314020" key="com.atlassian.jira.plugins.jira-development-integration-plugin:devsummary">
                        <customfieldname>Development</customfieldname>
                        <customfieldvalues>
                            
                        </customfieldvalues>
                    </customfield>
                                                                                                                        <customfield id="customfield_12313422" key="com.atlassian.jirafisheyeplugin:jobcheckbox">
                        <customfieldname>Enable Automatic Patch Review</customfieldname>
                        <customfieldvalues>
                            <customfieldvalue>false</customfieldvalue>

                        </customfieldvalues>
                    </customfield>
                                                                                                                                                                                                                                                                                                                                                                                                                                                                                                                                                                                                                    <customfield id="customfield_12310420" key="com.pyxis.greenhopper.jira:gh-global-rank">
                        <customfieldname>Global Rank</customfieldname>
                        <customfieldvalues>
                            <customfieldvalue>375824</customfieldvalue>
                        </customfieldvalues>
                    </customfield>
                                                                                                                                                                                                                                                                                                                                                                                                                                                                        <customfield id="customfield_12311820" key="com.pyxis.greenhopper.jira:gh-lexo-rank">
                        <customfieldname>Rank</customfieldname>
                        <customfieldvalues>
                            <customfieldvalue>0|i1srgn:</customfieldvalue>

                        </customfieldvalues>
                    </customfield>
                                                                <customfield id="customfield_12310920" key="com.pyxis.greenhopper.jira:gh-global-rank">
                        <customfieldname>Rank (Obsolete)</customfieldname>
                        <customfieldvalues>
                            <customfieldvalue>376120</customfieldvalue>
                        </customfieldvalues>
                    </customfield>
                                                                                                                                                                                                                                                                                                                                                                                                                                                                                                                                                                                                                                                                                                                                                                                            </customfields>
    </item>


</channel>
</rss>