<rss version="0.92">
    <channel>
        <title>ASF JIRA</title>
        <link>https://issues.apache.org/jira/issues/?jql=project+%3D+wicket+and+type+%3D+bug+and+%28status+%3D+RESOLVED+or+status+%3D+closed%29</link>
        <description>An XML representation of a search request</description>
                <language>en-uk</language>
                        <issue start="0" end="1000" total="4133" />
                <build-info>
            <version>8.20.7</version>
            <build-number>820007</build-number>
            <build-date>16-03-2022</build-date>
        </build-info>

<item>
            <title>[WICKET-5734] Problem with WICKET-4441 and RestartResponseAtInterceptPageException</title>
                <link>https://issues.apache.org/jira/browse/WICKET-5734</link>
                <project id="12310561" key="WICKET">Wicket</project>
                    <description>&lt;p&gt;&lt;a href="https://issues.apache.org/jira/browse/WICKET-4441" title="PageProvider should create a new Page instance if PageParameters are changed, even if a stored page exists." class="issue-link" data-issue-key="WICKET-4441"&gt;&lt;del&gt;WICKET-4441&lt;/del&gt;&lt;/a&gt; introduced an issue when our app has an authorization strategy and user is logged out. If user tries to access a protected url/page, RestartResponseAtInterceptPageException is handled by DefaultExceptionMapper and leads to exception page instead of redirecting user.&lt;/p&gt;</description>
                <environment />
        <key id="12750594">WICKET-5734</key>
            <summary>Problem with WICKET-4441 and RestartResponseAtInterceptPageException</summary>
                <type id="1" iconUrl="https://issues.apache.org/jira/secure/viewavatar?size=xsmall&amp;avatarId=21133&amp;avatarType=issuetype">Bug</type>
                                            <priority id="4" iconUrl="https://issues.apache.org/jira/images/icons/priorities/minor.svg">Minor</priority>
                        <status id="5" iconUrl="https://issues.apache.org/jira/images/icons/statuses/resolved.png" description="A resolution has been taken, and it is awaiting verification by reporter. From here issues are either reopened, or are closed.">Resolved</status>
                    <statusCategory id="3" key="done" colorName="green" />
                                    <resolution id="1">Fixed</resolution>
                                        <assignee username="bitstorm">Andrea Del Bene</assignee>
                                    <reporter username="bitstorm">Andrea Del Bene</reporter>
                        <labels>
                    </labels>
                <created>Sun, 26 Oct 2014 11:40:43 +0000</created>
                <updated>Mon, 3 Nov 2014 12:22:04 +0000</updated>
                            <resolved>Sun, 2 Nov 2014 22:25:49 +0000</resolved>
                                    <version>7.0.0-M3</version>
                                    <fixVersion>7.0.0-M4</fixVersion>
                                        <due />
                            <votes>0</votes>
                                    <watches>2</watches>
                                                                <comments>
                            <comment id="14184490" author="jira-bot" created="Sun, 26 Oct 2014 14:00:21 +0000">&lt;p&gt;Commit 71674df5c8905c425152038281379027de89cf9b in wicket's branch refs/heads/master from &lt;a href="https://issues.apache.org/jira/secure/ViewProfile.jspa?name=bitstorm" class="user-hover" rel="bitstorm"&gt;bitstorm&lt;/a&gt;&lt;br/&gt;
[ &lt;a href="https://git-wip-us.apache.org/repos/asf?p=wicket.git;h=71674df" class="external-link" target="_blank" rel="nofollow noopener"&gt;https://git-wip-us.apache.org/repos/asf?p=wicket.git;h=71674df&lt;/a&gt; ]&lt;/p&gt;

&lt;p&gt;&lt;a href="https://issues.apache.org/jira/browse/WICKET-5734" title="Problem with WICKET-4441 and RestartResponseAtInterceptPageException" class="issue-link" data-issue-key="WICKET-5734"&gt;&lt;del&gt;WICKET-5734&lt;/del&gt;&lt;/a&gt; Problem with &lt;a href="https://issues.apache.org/jira/browse/WICKET-4441" title="PageProvider should create a new Page instance if PageParameters are changed, even if a stored page exists." class="issue-link" data-issue-key="WICKET-4441"&gt;&lt;del&gt;WICKET-4441&lt;/del&gt;&lt;/a&gt; and&lt;br/&gt;
RestartResponseAtInterceptPageException&lt;/p&gt;</comment>
                            <comment id="14184595" author="jira-bot" created="Sun, 26 Oct 2014 18:32:49 +0000">&lt;p&gt;Commit 71674df5c8905c425152038281379027de89cf9b in wicket's branch refs/heads/improvingQueuing from &lt;a href="https://issues.apache.org/jira/secure/ViewProfile.jspa?name=bitstorm" class="user-hover" rel="bitstorm"&gt;bitstorm&lt;/a&gt;&lt;br/&gt;
[ &lt;a href="https://git-wip-us.apache.org/repos/asf?p=wicket.git;h=71674df" class="external-link" target="_blank" rel="nofollow noopener"&gt;https://git-wip-us.apache.org/repos/asf?p=wicket.git;h=71674df&lt;/a&gt; ]&lt;/p&gt;

&lt;p&gt;&lt;a href="https://issues.apache.org/jira/browse/WICKET-5734" title="Problem with WICKET-4441 and RestartResponseAtInterceptPageException" class="issue-link" data-issue-key="WICKET-5734"&gt;&lt;del&gt;WICKET-5734&lt;/del&gt;&lt;/a&gt; Problem with &lt;a href="https://issues.apache.org/jira/browse/WICKET-4441" title="PageProvider should create a new Page instance if PageParameters are changed, even if a stored page exists." class="issue-link" data-issue-key="WICKET-4441"&gt;&lt;del&gt;WICKET-4441&lt;/del&gt;&lt;/a&gt; and&lt;br/&gt;
RestartResponseAtInterceptPageException&lt;/p&gt;</comment>
                    </comments>
                    <attachments>
                    </attachments>
                <subtasks>
                    </subtasks>
                <customfields>
                                                                                                                                                                                                                                                                                                                                                                                                                                                                                                                                                                                                                                                                                                                    <customfield id="customfield_12314020" key="com.atlassian.jira.plugins.jira-development-integration-plugin:devsummary">
                        <customfieldname>Development</customfieldname>
                        <customfieldvalues>
                            
                        </customfieldvalues>
                    </customfield>
                                                                                                                        <customfield id="customfield_12313422" key="com.atlassian.jirafisheyeplugin:jobcheckbox">
                        <customfieldname>Enable Automatic Patch Review</customfieldname>
                        <customfieldvalues>
                            <customfieldvalue>false</customfieldvalue>

                        </customfieldvalues>
                    </customfield>
                                                                                                                                                                                                                                                                                                                                                                                                                                                                                                                                                                                                                    <customfield id="customfield_12310420" key="com.pyxis.greenhopper.jira:gh-global-rank">
                        <customfieldname>Global Rank</customfieldname>
                        <customfieldvalues>
                            <customfieldvalue>9223372036854775807</customfieldvalue>
                        </customfieldvalues>
                    </customfield>
                                                                                                                                                                                                                                                                                                                                                                                                                                                                        <customfield id="customfield_12311820" key="com.pyxis.greenhopper.jira:gh-lexo-rank">
                        <customfieldname>Rank</customfieldname>
                        <customfieldvalues>
                            <customfieldvalue>0|i21l33:</customfieldvalue>

                        </customfieldvalues>
                    </customfield>
                                                                <customfield id="customfield_12310920" key="com.pyxis.greenhopper.jira:gh-global-rank">
                        <customfieldname>Rank (Obsolete)</customfieldname>
                        <customfieldvalues>
                            <customfieldvalue>9223372036854775807</customfieldvalue>
                        </customfieldvalues>
                    </customfield>
                                                                                                                                                                                                                                                                                                                                                                                                                                                                                                                                                                                                                                                                                                                                                                                            </customfields>
    </item>


</channel>
</rss>