<rss version="0.92">
    <channel>
        <title>ASF JIRA</title>
        <link>https://issues.apache.org/jira/issues/?jql=project+%3D+wicket+and+type+%3D+bug+and+%28status+%3D+RESOLVED+or+status+%3D+closed%29</link>
        <description>An XML representation of a search request</description>
                <language>en-uk</language>
                        <issue start="0" end="1000" total="4133" />
                <build-info>
            <version>8.20.7</version>
            <build-number>820007</build-number>
            <build-date>16-03-2022</build-date>
        </build-info>

<item>
            <title>[WICKET-5781] AjaxRequestTarget#.focusComponent  does not work</title>
                <link>https://issues.apache.org/jira/browse/WICKET-5781</link>
                <project id="12310561" key="WICKET">Wicket</project>
                    <description>&lt;p&gt;I am using the following code to open a modal window and set the focus to the nameField:&lt;/p&gt;

&lt;p&gt;AjaxButton btn = new AjaxButton("btnNew") {&lt;br/&gt;
	private static final long serialVersionUID = 1L;&lt;/p&gt;

&lt;p&gt;	@Override&lt;br/&gt;
	protected void onSubmit(AjaxRequestTarget target, Form&amp;lt;?&amp;gt; form) &lt;/p&gt;
{
		ModalWindow modalNewDefinition= new ModalWindow("mymodal");
		NewDefinitionPanel p = new NewDefinitionPanel( ...);
		modalNewDefinition.setContent(p);
		modalNewDefinition.show(target);
		target.focusComponent(p.getNameField());
	}
&lt;p&gt;}&lt;/p&gt;

&lt;p&gt;AjaxRequestTarget#.focusComponent works fine with Wicket 1.4 but ist has no effect with Wicket 6.18.&lt;br/&gt;
WICKET AJAX DEBUG shows:&lt;/p&gt;

&lt;p&gt;....&lt;br/&gt;
INFO: returned focused element: &lt;span class="error"&gt;&amp;#91;object HTMLInputElement&amp;#93;&lt;/span&gt;&lt;br/&gt;
INFO: returned focused element: &lt;span class="error"&gt;&amp;#91;object HTMLInputElement&amp;#93;&lt;/span&gt;&lt;br/&gt;
INFO: focus set on inNnameField from server side&lt;br/&gt;
INFO: Response processed successfully.&lt;br/&gt;
INFO: Calling focus on inNnameField&lt;/p&gt;

&lt;p&gt;The information "INFO: focus set on inNnameField" is however missing and the focus is not set.&lt;/p&gt;</description>
                <environment>Windows 7 64 bit, Tomcat 7, Java 7 </environment>
        <key id="12759197">WICKET-5781</key>
            <summary>AjaxRequestTarget#.focusComponent  does not work</summary>
                <type id="1" iconUrl="https://issues.apache.org/jira/secure/viewavatar?size=xsmall&amp;avatarId=21133&amp;avatarType=issuetype">Bug</type>
                                            <priority id="3" iconUrl="https://issues.apache.org/jira/images/icons/priorities/major.svg">Major</priority>
                        <status id="5" iconUrl="https://issues.apache.org/jira/images/icons/statuses/resolved.png" description="A resolution has been taken, and it is awaiting verification by reporter. From here issues are either reopened, or are closed.">Resolved</status>
                    <statusCategory id="3" key="done" colorName="green" />
                                    <resolution id="3">Duplicate</resolution>
                                        <assignee username="svenmeier">Sven Meier</assignee>
                                    <reporter username="mwalter8">Mark Walter</reporter>
                        <labels>
                    </labels>
                <created>Wed, 3 Dec 2014 15:50:32 +0000</created>
                <updated>Thu, 4 Dec 2014 10:43:32 +0000</updated>
                            <resolved>Thu, 4 Dec 2014 10:42:09 +0000</resolved>
                                    <version>6.18.0</version>
                                                    <component>wicket</component>
                        <due />
                            <votes>0</votes>
                                    <watches>4</watches>
                                                                <comments>
                            <comment id="14233142" author="mgrigorov" created="Wed, 3 Dec 2014 16:03:09 +0000">&lt;p&gt;Please provide a quickstart application.&lt;/p&gt;</comment>
                            <comment id="14233146" author="mgrigorov" created="Wed, 3 Dec 2014 16:06:00 +0000">&lt;p&gt;I don't see how Wicket 1.4 would work if the ModalWindow uses a Page. &lt;br/&gt;
Because in this case the ModalWindow creates an iframe for the page content. So the JavaScript logic in wicket-ajax.js cannot find 'inNnameField' in the current (top) document.&lt;/p&gt;

&lt;p&gt;For ModalWindow I'd suggest to use OnDomReadyHeaderItem that is contributed by the ModalWindow's page/panel. Because it will run in the correct context.&lt;/p&gt;</comment>
                            <comment id="14234097" author="mwalter8" created="Thu, 4 Dec 2014 10:27:27 +0000">&lt;p&gt;Hi we tested this with Version 6.16 and it works fine. I assume you introduced the bug in Version 6.17.&lt;br/&gt;
So please have a look.&lt;/p&gt;

&lt;p&gt;We will switch in the meantime to Version 6.16.&lt;/p&gt;

&lt;p&gt;bye Mark&lt;/p&gt;</comment>
                            <comment id="14234106" author="mgrigorov" created="Thu, 4 Dec 2014 10:35:00 +0000">&lt;p&gt;Without quickstart it will be hard to debug and fix it.&lt;/p&gt;</comment>
                            <comment id="14234113" author="svenmeier" created="Thu, 4 Dec 2014 10:42:09 +0000">&lt;p&gt;This is the same problem as in &lt;a href="https://issues.apache.org/jira/browse/WICKET-5755" title="Restoring focus after Ajax replace no longer works in IE8" class="issue-link" data-issue-key="WICKET-5755"&gt;&lt;del&gt;WICKET-5755&lt;/del&gt;&lt;/a&gt;, this time for explicitly requested focus from server side.&lt;/p&gt;</comment>
                    </comments>
                <issuelinks>
                            <issuelinktype id="12310000">
                    <name>Duplicate</name>
                                            <outwardlinks description="duplicates">
                                        <issuelink>
            <issuekey id="12754216">WICKET-5755</issuekey>
        </issuelink>
                            </outwardlinks>
                                                        </issuelinktype>
                    </issuelinks>
                <attachments>
                    </attachments>
                <subtasks>
                    </subtasks>
                <customfields>
                                                                                                                                                                                                                                                                                                                                                                                                                                                                                                                                                                                                                                                                                                                    <customfield id="customfield_12314020" key="com.atlassian.jira.plugins.jira-development-integration-plugin:devsummary">
                        <customfieldname>Development</customfieldname>
                        <customfieldvalues>
                            
                        </customfieldvalues>
                    </customfield>
                                                                                                                        <customfield id="customfield_12313422" key="com.atlassian.jirafisheyeplugin:jobcheckbox">
                        <customfieldname>Enable Automatic Patch Review</customfieldname>
                        <customfieldvalues>
                            <customfieldvalue>false</customfieldvalue>

                        </customfieldvalues>
                    </customfield>
                                                                                                                                                                                                                                                                                                                                                                                                                                                                                                                                                                                                                    <customfield id="customfield_12310420" key="com.pyxis.greenhopper.jira:gh-global-rank">
                        <customfieldname>Global Rank</customfieldname>
                        <customfieldvalues>
                            <customfieldvalue>9223372036854775807</customfieldvalue>
                        </customfieldvalues>
                    </customfield>
                                                                                                                                                                                                                                                                                                                                                                                                                                                                        <customfield id="customfield_12311820" key="com.pyxis.greenhopper.jira:gh-lexo-rank">
                        <customfieldname>Rank</customfieldname>
                        <customfieldvalues>
                            <customfieldvalue>0|i230mv:</customfieldvalue>

                        </customfieldvalues>
                    </customfield>
                                                                <customfield id="customfield_12310920" key="com.pyxis.greenhopper.jira:gh-global-rank">
                        <customfieldname>Rank (Obsolete)</customfieldname>
                        <customfieldvalues>
                            <customfieldvalue>9223372036854775807</customfieldvalue>
                        </customfieldvalues>
                    </customfield>
                                                                                                                                                                                                                                                                                                                                                                                                                                                                                                                                                                                                                                                                                                                                                                                            </customfields>
    </item>


</channel>
</rss>