<rss version="0.92">
    <channel>
        <title>ASF JIRA</title>
        <link>https://issues.apache.org/jira/issues/?jql=project+%3D+wicket+and+type+%3D+bug+and+%28status+%3D+RESOLVED+or+status+%3D+closed%29</link>
        <description>An XML representation of a search request</description>
                <language>en-uk</language>
                        <issue start="0" end="1000" total="4133" />
                <build-info>
            <version>8.20.7</version>
            <build-number>820007</build-number>
            <build-date>16-03-2022</build-date>
        </build-info>

<item>
            <title>[WICKET-5182] Incorrect signature of types which extend Comparable</title>
                <link>https://issues.apache.org/jira/browse/WICKET-5182</link>
                <project id="12310561" key="WICKET">Wicket</project>
                    <description>&lt;p&gt;AbstractRangeValidator has the following Signature:&lt;/p&gt;

&lt;p&gt;public abstract class AbstractRangeValidator&amp;lt;R extends Comparable&amp;lt;R&amp;gt; &amp;amp; Serializable, V extends Serializable&amp;gt; extends Behavior implements IValidator&amp;lt;V&amp;gt;&lt;/p&gt;

&lt;p&gt;Because of this it cannot be used with DateMidnight as its Comparable implementation is in a base class.&lt;/p&gt;

&lt;p&gt;I think the correct signature should be:&lt;/p&gt;

&lt;p&gt;public abstract class AbstractRangeValidator&amp;lt;R extends Comparable&amp;lt;? super R&amp;gt; &amp;amp; Serializable, V extends Serializable&amp;gt; extends Behavior implements IValidator&amp;lt;V&amp;gt;&lt;/p&gt;
</description>
                <environment />
        <key id="12646384">WICKET-5182</key>
            <summary>Incorrect signature of types which extend Comparable</summary>
                <type id="1" iconUrl="https://issues.apache.org/jira/secure/viewavatar?size=xsmall&amp;avatarId=21133&amp;avatarType=issuetype">Bug</type>
                                            <priority id="4" iconUrl="https://issues.apache.org/jira/images/icons/priorities/minor.svg">Minor</priority>
                        <status id="5" iconUrl="https://issues.apache.org/jira/images/icons/statuses/resolved.png" description="A resolution has been taken, and it is awaiting verification by reporter. From here issues are either reopened, or are closed.">Resolved</status>
                    <statusCategory id="3" key="done" colorName="green" />
                                    <resolution id="1">Fixed</resolution>
                                        <assignee username="mgrigorov">Martin Tzvetanov Grigorov</assignee>
                                    <reporter username="ogalimov">Oleg Galimov</reporter>
                        <labels>
                    </labels>
                <created>Tue, 7 May 2013 09:54:14 +0000</created>
                <updated>Mon, 27 May 2013 17:57:36 +0000</updated>
                            <resolved>Mon, 27 May 2013 17:57:36 +0000</resolved>
                                    <version>6.7.0</version>
                                    <fixVersion>7.0.0-M1</fixVersion>
                                    <component>wicket</component>
                        <due />
                            <votes>0</votes>
                                    <watches>1</watches>
                                                                        <attachments>
                    </attachments>
                <subtasks>
                    </subtasks>
                <customfields>
                                                                                                                                                                                                                                                                                                                                                                                                                                                                                                                                                                                                                                                                                                                    <customfield id="customfield_12314020" key="com.atlassian.jira.plugins.jira-development-integration-plugin:devsummary">
                        <customfieldname>Development</customfieldname>
                        <customfieldvalues>
                            
                        </customfieldvalues>
                    </customfield>
                                                                                                                        <customfield id="customfield_12313422" key="com.atlassian.jirafisheyeplugin:jobcheckbox">
                        <customfieldname>Enable Automatic Patch Review</customfieldname>
                        <customfieldvalues>
                            <customfieldvalue>false</customfieldvalue>

                        </customfieldvalues>
                    </customfield>
                                                                                                                                                                                                                                                                                                                                                                                                                                                                                                                                                                                                                    <customfield id="customfield_12310420" key="com.pyxis.greenhopper.jira:gh-global-rank">
                        <customfieldname>Global Rank</customfieldname>
                        <customfieldvalues>
                            <customfieldvalue>326742</customfieldvalue>
                        </customfieldvalues>
                    </customfield>
                                                                                                                                                                                                                                                                                                                                                                                                                                                                        <customfield id="customfield_12311820" key="com.pyxis.greenhopper.jira:gh-lexo-rank">
                        <customfieldname>Rank</customfieldname>
                        <customfieldvalues>
                            <customfieldvalue>0|i1kdan:</customfieldvalue>

                        </customfieldvalues>
                    </customfield>
                                                                <customfield id="customfield_12310920" key="com.pyxis.greenhopper.jira:gh-global-rank">
                        <customfieldname>Rank (Obsolete)</customfieldname>
                        <customfieldvalues>
                            <customfieldvalue>327087</customfieldvalue>
                        </customfieldvalues>
                    </customfield>
                                                                                                                                                                                                                                                                                                                                                                                                                                                                                                                                                                                                                                                                                                                                                                                            </customfields>
    </item>


</channel>
</rss>