<rss version="0.92">
    <channel>
        <title>ASF JIRA</title>
        <link>https://issues.apache.org/jira/issues/?jql=project+%3D+wicket+and+type+%3D+bug+and+%28status+%3D+RESOLVED+or+status+%3D+closed%29</link>
        <description>An XML representation of a search request</description>
                <language>en-uk</language>
                        <issue start="0" end="1000" total="4133" />
                <build-info>
            <version>8.20.7</version>
            <build-number>820007</build-number>
            <build-date>16-03-2022</build-date>
        </build-info>

<item>
            <title>[WICKET-5263] FilenameWithVersionResourceCachingStrategy breaks silently when the versionPrefix is contained in the original filename</title>
                <link>https://issues.apache.org/jira/browse/WICKET-5263</link>
                <project id="12310561" key="WICKET">Wicket</project>
                    <description>&lt;p&gt;If a resource name contains the character used as version prefix then FilenameWithVersionResourceCachingStrategy#undecorateUrl() will split the decorated filename wrongly and the resource response will return 404 (Not found).&lt;/p&gt;
</description>
                <environment />
        <key id="12655973">WICKET-5263</key>
            <summary>FilenameWithVersionResourceCachingStrategy breaks silently when the versionPrefix is contained in the original filename</summary>
                <type id="1" iconUrl="https://issues.apache.org/jira/secure/viewavatar?size=xsmall&amp;avatarId=21133&amp;avatarType=issuetype">Bug</type>
                                            <priority id="3" iconUrl="https://issues.apache.org/jira/images/icons/priorities/major.svg">Major</priority>
                        <status id="5" iconUrl="https://issues.apache.org/jira/images/icons/statuses/resolved.png" description="A resolution has been taken, and it is awaiting verification by reporter. From here issues are either reopened, or are closed.">Resolved</status>
                    <statusCategory id="3" key="done" colorName="green" />
                                    <resolution id="1">Fixed</resolution>
                                        <assignee username="mgrigorov">Martin Tzvetanov Grigorov</assignee>
                                    <reporter username="mgrigorov">Martin Tzvetanov Grigorov</reporter>
                        <labels>
                    </labels>
                <created>Wed, 3 Jul 2013 06:58:14 +0000</created>
                <updated>Mon, 16 Dec 2013 13:30:35 +0000</updated>
                            <resolved>Wed, 3 Jul 2013 07:14:35 +0000</resolved>
                                    <version>6.9.0</version>
                                    <fixVersion>6.10.0</fixVersion>
                    <fixVersion>7.0.0-M1</fixVersion>
                                    <component>wicket</component>
                        <due />
                            <votes>0</votes>
                                    <watches>2</watches>
                                                                <comments>
                            <comment id="13846285" author="sfussenegger" created="Thu, 12 Dec 2013 12:48:45 +0000">&lt;p&gt;&lt;a href="https://issues.apache.org/jira/secure/ViewProfile.jspa?name=martin-g" class="user-hover" rel="martin-g"&gt;martin-g&lt;/a&gt; I wouldn't consider adding a log message a good enough fix for this issue. I think it would be better to patch &lt;tt&gt;undecorateUrl(..)&lt;/tt&gt; to check the validity of the version it tries to strip:&lt;/p&gt;

&lt;p&gt;Current&lt;/p&gt;
&lt;div class="code panel" style="border-width: 1px;"&gt;&lt;div class="codeContent panelContent"&gt;
&lt;pre class="code-java"&gt;&lt;span class="code-comment"&gt;// get position of version string
&lt;/span&gt;pos = fullname.lastIndexOf(versionPrefix);

&lt;span class="code-comment"&gt;// remove version string &lt;span class="code-keyword"&gt;if&lt;/span&gt; it exists
&lt;/span&gt;&lt;span class="code-keyword"&gt;if&lt;/span&gt; (pos != -1)
{
  &lt;span class="code-comment"&gt;// SNIP
&lt;/span&gt;}
&lt;/pre&gt;
&lt;/div&gt;&lt;/div&gt;

&lt;p&gt;Patched&lt;/p&gt;
&lt;div class="code panel" style="border-width: 1px;"&gt;&lt;div class="codeContent panelContent"&gt;
&lt;pre class="code-java"&gt;&lt;span class="code-comment"&gt;// get position of version string
&lt;/span&gt;pos = fullname.lastIndexOf(versionPrefix);

&lt;span class="code-comment"&gt;// remove version string &lt;span class="code-keyword"&gt;if&lt;/span&gt; it exists
&lt;/span&gt;&lt;span class="code-keyword"&gt;if&lt;/span&gt; (pos != -1 &amp;amp;&amp;amp; isVersion(fullname.substring(pos + versionPrefix.length()))
{
  &lt;span class="code-comment"&gt;// SNIP
&lt;/span&gt;}
&lt;/pre&gt;
&lt;/div&gt;&lt;/div&gt;

&lt;p&gt;The implementation of &lt;tt&gt;isVersion(..)&lt;/tt&gt; isn't obvious as there naturally is one problem: The version depends on the resource and the resource isn't known without properly stripping the version from the URL. I'd therefore suggest to the method &lt;tt&gt;getVersionPattern()&lt;/tt&gt; to &lt;tt&gt;IResourceVersion&lt;/tt&gt;.&lt;/p&gt;

&lt;p&gt;The implementations for all current implementations would be trivial:&lt;/p&gt;

&lt;p&gt;&lt;tt&gt;LastModifiedResourceVersion&lt;/tt&gt;: "[0-9]&amp;#43;" = timestamp in ms&lt;br/&gt;
&lt;tt&gt;MessageDigestResourceVersion&lt;/tt&gt;: "[0-9A-F]&amp;#43;" = hex value (uppercase)&lt;br/&gt;
&lt;tt&gt;StaticResourceVersion&lt;/tt&gt;: &lt;tt&gt;Pattern.quote(version)&lt;/tt&gt;&lt;br/&gt;
&lt;tt&gt;CachingResourceVersion&lt;/tt&gt; and &lt;tt&gt;RequestCycleCachedResourceVersion&lt;/tt&gt;: &lt;tt&gt;delegate.getVersionPattern()&lt;/tt&gt;&lt;/p&gt;

&lt;p&gt;Making this pattern optional (i.e. return null) would retain the current behavior. Sure, it's still prone to errors (e.g. if version prefix is '-' and the resource is foo-1.png -&amp;gt; foo.png) but at least it avoids some (or probably most) errors (e.g. foo-bar1.png).&lt;/p&gt;</comment>
                            <comment id="13846305" author="sfussenegger" created="Thu, 12 Dec 2013 13:42:39 +0000">&lt;p&gt;I've submitted &lt;a href="https://github.com/apache/wicket/pull/66" class="external-link" target="_blank" rel="nofollow noopener"&gt;pull request #66 on github&lt;/a&gt; according to my comment above.&lt;/p&gt;</comment>
                    </comments>
                <issuelinks>
                            <issuelinktype id="10030">
                    <name>Reference</name>
                                            <outwardlinks description="relates to">
                                        <issuelink>
            <issuekey id="12684950">WICKET-5446</issuekey>
        </issuelink>
                            </outwardlinks>
                                                        </issuelinktype>
                    </issuelinks>
                <attachments>
                    </attachments>
                <subtasks>
                    </subtasks>
                <customfields>
                                                                                                                                                                                                                                                                                                                                                                                                                                                                                                                                                                                                                                                                                                                    <customfield id="customfield_12314020" key="com.atlassian.jira.plugins.jira-development-integration-plugin:devsummary">
                        <customfieldname>Development</customfieldname>
                        <customfieldvalues>
                            
                        </customfieldvalues>
                    </customfield>
                                                                                                                        <customfield id="customfield_12313422" key="com.atlassian.jirafisheyeplugin:jobcheckbox">
                        <customfieldname>Enable Automatic Patch Review</customfieldname>
                        <customfieldvalues>
                            <customfieldvalue>false</customfieldvalue>

                        </customfieldvalues>
                    </customfield>
                                                                                                                                                                                                                                                                                                                                                                                                                                                                                                                                                                                                                    <customfield id="customfield_12310420" key="com.pyxis.greenhopper.jira:gh-global-rank">
                        <customfieldname>Global Rank</customfieldname>
                        <customfieldvalues>
                            <customfieldvalue>336248</customfieldvalue>
                        </customfieldvalues>
                    </customfield>
                                                                                                                                                                                                                                                                                                                                                                                                                                                                        <customfield id="customfield_12311820" key="com.pyxis.greenhopper.jira:gh-lexo-rank">
                        <customfieldname>Rank</customfieldname>
                        <customfieldvalues>
                            <customfieldvalue>0|i1m00f:</customfieldvalue>

                        </customfieldvalues>
                    </customfield>
                                                                <customfield id="customfield_12310920" key="com.pyxis.greenhopper.jira:gh-global-rank">
                        <customfieldname>Rank (Obsolete)</customfieldname>
                        <customfieldvalues>
                            <customfieldvalue>336572</customfieldvalue>
                        </customfieldvalues>
                    </customfield>
                                                                                                                                                                                                                                                                                                                                                                                                                                                                                                                                                                                                                                                                                                                                                                                            </customfields>
    </item>


</channel>
</rss>