<rss version="0.92">
    <channel>
        <title>ASF JIRA</title>
        <link>https://issues.apache.org/jira/issues/?jql=project+%3D+wicket+and+type+%3D+bug+and+%28status+%3D+RESOLVED+or+status+%3D+closed%29</link>
        <description>An XML representation of a search request</description>
                <language>en-uk</language>
                        <issue start="0" end="1000" total="4133" />
                <build-info>
            <version>8.20.7</version>
            <build-number>820007</build-number>
            <build-date>16-03-2022</build-date>
        </build-info>

<item>
            <title>[WICKET-5571] Feedback messages not cleared for ajax events</title>
                <link>https://issues.apache.org/jira/browse/WICKET-5571</link>
                <project id="12310561" key="WICKET">Wicket</project>
                    <description>&lt;p&gt;I have a form with a few AjaxFallbackButtons to handle various operations (add/delete item, preview content, save, etc.). There is also validation, with error messages displayed in a FeedbackPanel.&lt;/p&gt;

&lt;p&gt;I've discovered that when the events are passed via ajax, duplicate feedback messages are displayed. However, non-ajax events have the correct feedback.&lt;/p&gt;

&lt;p&gt;The undesired behavior occurs with 6.14.0 and 6.15.0-SNAPSHOT, while 1.5.0 works as desired.&lt;/p&gt;

&lt;p&gt;I'll attach a quickstart that demonstrates the issue.&lt;/p&gt;</description>
                <environment />
        <key id="12710057">WICKET-5571</key>
            <summary>Feedback messages not cleared for ajax events</summary>
                <type id="1" iconUrl="https://issues.apache.org/jira/secure/viewavatar?size=xsmall&amp;avatarId=21133&amp;avatarType=issuetype">Bug</type>
                                            <priority id="4" iconUrl="https://issues.apache.org/jira/images/icons/priorities/minor.svg">Minor</priority>
                        <status id="5" iconUrl="https://issues.apache.org/jira/images/icons/statuses/resolved.png" description="A resolution has been taken, and it is awaiting verification by reporter. From here issues are either reopened, or are closed.">Resolved</status>
                    <statusCategory id="3" key="done" colorName="green" />
                                    <resolution id="8">Not A Problem</resolution>
                                        <assignee username="-1">Unassigned</assignee>
                                    <reporter username="chris.snyder">Chris Snyder</reporter>
                        <labels>
                    </labels>
                <created>Wed, 23 Apr 2014 15:07:40 +0000</created>
                <updated>Thu, 24 Apr 2014 09:43:31 +0000</updated>
                            <resolved>Thu, 24 Apr 2014 09:43:31 +0000</resolved>
                                    <version>6.14.0</version>
                    <version>7.0.0-M1</version>
                    <version>6.15.0</version>
                                                    <component>wicket</component>
                        <due />
                            <votes>0</votes>
                                    <watches>1</watches>
                                                                <comments>
                            <comment id="13978288" author="chris.snyder" created="Wed, 23 Apr 2014 15:11:43 +0000">&lt;p&gt;Quickstart demonstrating the issue. The feedback messages are appended with a random number to show that the duplicate messages are in fact from the previous request (not the validator being called twice in one request). Notice that the first of the duplicate error messages has already been seen after the first event (logged on the console).&lt;/p&gt;</comment>
                            <comment id="13978297" author="chris.snyder" created="Wed, 23 Apr 2014 15:23:31 +0000">&lt;p&gt;I've also verified that the undesired behavior is present in 7.0.0-SNAPSHOT.&lt;/p&gt;</comment>
                            <comment id="13978382" author="chris.snyder" created="Wed, 23 Apr 2014 16:16:41 +0000">&lt;p&gt;Never mind (I think) - adding tester.cleanupFeedbackMessages() to the tests cleared it up. Though I was replicating it in the browser at one point - I can't now. I'm doing some more digging in my project to see what's different between there and this quickstart - I'll reopen this if I figure out that it is, in fact, a Wicket bug. Sorry for the noise.&lt;/p&gt;</comment>
                    </comments>
                    <attachments>
                            <attachment id="12641481" name="ajaxfeedback-demo.zip" size="33515" author="chris.snyder" created="Wed, 23 Apr 2014 15:11:43 +0000" />
                    </attachments>
                <subtasks>
                    </subtasks>
                <customfields>
                                                                                                                                                                                                                                                                                                                                                                                                                                                                                                                                                                                                                                                                                                                    <customfield id="customfield_12314020" key="com.atlassian.jira.plugins.jira-development-integration-plugin:devsummary">
                        <customfieldname>Development</customfieldname>
                        <customfieldvalues>
                            
                        </customfieldvalues>
                    </customfield>
                                                                                                                        <customfield id="customfield_12313422" key="com.atlassian.jirafisheyeplugin:jobcheckbox">
                        <customfieldname>Enable Automatic Patch Review</customfieldname>
                        <customfieldvalues>
                            <customfieldvalue>false</customfieldvalue>

                        </customfieldvalues>
                    </customfield>
                                                                                                                                                                                                                                                                                                                                                                                                                                                                                                                                                                                                                    <customfield id="customfield_12310420" key="com.pyxis.greenhopper.jira:gh-global-rank">
                        <customfieldname>Global Rank</customfieldname>
                        <customfieldvalues>
                            <customfieldvalue>388378</customfieldvalue>
                        </customfieldvalues>
                    </customfield>
                                                                                                                                                                                                                                                                                                                                                                                                                                                                        <customfield id="customfield_12311820" key="com.pyxis.greenhopper.jira:gh-lexo-rank">
                        <customfieldname>Rank</customfieldname>
                        <customfieldvalues>
                            <customfieldvalue>0|i1uwhj:</customfieldvalue>

                        </customfieldvalues>
                    </customfield>
                                                                <customfield id="customfield_12310920" key="com.pyxis.greenhopper.jira:gh-global-rank">
                        <customfieldname>Rank (Obsolete)</customfieldname>
                        <customfieldvalues>
                            <customfieldvalue>388633</customfieldvalue>
                        </customfieldvalues>
                    </customfield>
                                                                                                                                                                                                                                                                                                                                                                                                                                                                                                                                                                                                                                                                                                                                                                                            </customfields>
    </item>


</channel>
</rss>