<rss version="0.92">
    <channel>
        <title>ASF JIRA</title>
        <link>https://issues.apache.org/jira/issues/?jql=project+%3D+wicket+and+type+%3D+bug+and+%28status+%3D+RESOLVED+or+status+%3D+closed%29</link>
        <description>An XML representation of a search request</description>
                <language>en-uk</language>
                        <issue start="0" end="1000" total="4133" />
                <build-info>
            <version>8.20.7</version>
            <build-number>820007</build-number>
            <build-date>16-03-2022</build-date>
        </build-info>

<item>
            <title>[WICKET-5864] Multipart Ajax form submit does not release the channel in case of connection failure</title>
                <link>https://issues.apache.org/jira/browse/WICKET-5864</link>
                <project id="12310561" key="WICKET">Wicket</project>
                    <description>&lt;p&gt;&lt;a href="http://apache-wicket.1842946.n4.nabble.com/wicket-abort-ajax-handling-of-multipart-form-when-the-server-is-stopped-td4670076.html" class="external-link" target="_blank" rel="nofollow noopener"&gt;http://apache-wicket.1842946.n4.nabble.com/wicket-abort-ajax-handling-of-multipart-form-when-the-server-is-stopped-td4670076.html&lt;/a&gt;&lt;/p&gt;

&lt;p&gt;If the server is down when trying to submit a multipart form then Wicket doesn't call failure handler and doesn't unlock the channel.&lt;/p&gt;</description>
                <environment />
        <key id="12785336">WICKET-5864</key>
            <summary>Multipart Ajax form submit does not release the channel in case of connection failure</summary>
                <type id="1" iconUrl="https://issues.apache.org/jira/secure/viewavatar?size=xsmall&amp;avatarId=21133&amp;avatarType=issuetype">Bug</type>
                                            <priority id="3" iconUrl="https://issues.apache.org/jira/images/icons/priorities/major.svg">Major</priority>
                        <status id="5" iconUrl="https://issues.apache.org/jira/images/icons/statuses/resolved.png" description="A resolution has been taken, and it is awaiting verification by reporter. From here issues are either reopened, or are closed.">Resolved</status>
                    <statusCategory id="3" key="done" colorName="green" />
                                    <resolution id="1">Fixed</resolution>
                                        <assignee username="mgrigorov">Martin Tzvetanov Grigorov</assignee>
                                    <reporter username="mgrigorov">Martin Tzvetanov Grigorov</reporter>
                        <labels>
                    </labels>
                <created>Tue, 24 Mar 2015 22:35:09 +0000</created>
                <updated>Fri, 27 Mar 2015 21:21:06 +0000</updated>
                            <resolved>Tue, 24 Mar 2015 22:52:45 +0000</resolved>
                                    <version>6.19.0</version>
                                    <fixVersion>6.20.0</fixVersion>
                    <fixVersion>7.0.0-M6</fixVersion>
                                    <component>wicket</component>
                        <due />
                            <votes>0</votes>
                                    <watches>3</watches>
                                                                <comments>
                            <comment id="14378832" author="jira-bot" created="Tue, 24 Mar 2015 22:50:23 +0000">&lt;p&gt;Commit f1683074e6d349262e24dfdcb121c326acf5b806 in wicket's branch refs/heads/master from &lt;a href="https://issues.apache.org/jira/secure/ViewProfile.jspa?name=mgrigorov" class="user-hover" rel="mgrigorov"&gt;mgrigorov&lt;/a&gt;&lt;br/&gt;
[ &lt;a href="https://git-wip-us.apache.org/repos/asf?p=wicket.git;h=f168307" class="external-link" target="_blank" rel="nofollow noopener"&gt;https://git-wip-us.apache.org/repos/asf?p=wicket.git;h=f168307&lt;/a&gt; ]&lt;/p&gt;

&lt;p&gt;&lt;a href="https://issues.apache.org/jira/browse/WICKET-5864" title="Multipart Ajax form submit does not release the channel in case of connection failure" class="issue-link" data-issue-key="WICKET-5864"&gt;&lt;del&gt;WICKET-5864&lt;/del&gt;&lt;/a&gt; Multipart Ajax form submit does not release the channel in case of connection failure&lt;/p&gt;</comment>
                            <comment id="14378841" author="jira-bot" created="Tue, 24 Mar 2015 22:52:38 +0000">&lt;p&gt;Commit 51cd2e56b2771919f3a231f2bdc5137c0bf99945 in wicket's branch refs/heads/wicket-6.x from &lt;a href="https://issues.apache.org/jira/secure/ViewProfile.jspa?name=mgrigorov" class="user-hover" rel="mgrigorov"&gt;mgrigorov&lt;/a&gt;&lt;br/&gt;
[ &lt;a href="https://git-wip-us.apache.org/repos/asf?p=wicket.git;h=51cd2e5" class="external-link" target="_blank" rel="nofollow noopener"&gt;https://git-wip-us.apache.org/repos/asf?p=wicket.git;h=51cd2e5&lt;/a&gt; ]&lt;/p&gt;

&lt;p&gt;&lt;a href="https://issues.apache.org/jira/browse/WICKET-5864" title="Multipart Ajax form submit does not release the channel in case of connection failure" class="issue-link" data-issue-key="WICKET-5864"&gt;&lt;del&gt;WICKET-5864&lt;/del&gt;&lt;/a&gt; Multipart Ajax form submit does not release the channel in case of connection failure&lt;/p&gt;

&lt;p&gt;(cherry picked from commit f1683074e6d349262e24dfdcb121c326acf5b806)&lt;/p&gt;</comment>
                            <comment id="14379524" author="svenmeier" created="Wed, 25 Mar 2015 09:01:46 +0000">&lt;p&gt;Hi Martin,&lt;/p&gt;

&lt;p&gt;&amp;gt; attrs.rt || 5000&lt;/p&gt;

&lt;p&gt;AFAIKS Wicket doesn't have a default request timeout set. With the line above you're forcing a 5 seconds timeout on all multipart ajax uploads, don't you?&lt;/p&gt;

&lt;p&gt;Sven&lt;/p&gt;</comment>
                            <comment id="14379548" author="mgrigorov" created="Wed, 25 Mar 2015 09:26:13 +0000">&lt;p&gt;Hi Sven,&lt;/p&gt;

&lt;p&gt;By default jQuery#ajax() uses 0 as a request timeout, so the timeout depends on the browser. That's why Wicket doesn't set a default request timeout too.&lt;/p&gt;

&lt;p&gt;In the current case we need to fire the error handler at some point.&lt;br/&gt;
5000 is just a random number, yes. The application may tune it with AjaxRequestAttributes to whatever value it find appropriate for its needs. Globally or per form submitter.&lt;/p&gt;

&lt;p&gt;The best would be if iframe supported onerror for notifying when there is a problem with the normal load of the page, but unfortunately this seems to be not supported.&lt;/p&gt;

&lt;p&gt;Ideas for better handling of this are welcome!&lt;/p&gt;</comment>
                            <comment id="14379589" author="svenmeier" created="Wed, 25 Mar 2015 09:44:14 +0000">&lt;p&gt;&amp;gt;if iframe supported onerror ... but unfortunately this seems to be not supported.&lt;/p&gt;

&lt;p&gt;Yes, regretfully this seems to be the case.&lt;/p&gt;

&lt;p&gt;&amp;gt;Ideas for better handling of this are welcome&lt;/p&gt;

&lt;p&gt;Since we can't know the appropriate timeout, the user should have to set it explicitly:&lt;/p&gt;

&lt;div class="code panel" style="border-width: 1px;"&gt;&lt;div class="codeContent panelContent"&gt;
&lt;pre class="code-java"&gt;&lt;span class="code-keyword"&gt;if&lt;/span&gt; (attrs.rt) {
  &lt;span class="code-comment"&gt;// an error handler that is used when the connection to the server fails &lt;span class="code-keyword"&gt;for&lt;/span&gt; any reason
&lt;/span&gt;  context.errorHandle = setTimeout(jQuery.proxy(function() {
    &lt;span class="code-keyword"&gt;this&lt;/span&gt;.failure(context, &lt;span class="code-keyword"&gt;null&lt;/span&gt;, &lt;span class="code-quote"&gt;"No XML response in the IFrame document"&lt;/span&gt;, &lt;span class="code-quote"&gt;"Failure"&lt;/span&gt;);

    context.steps.push(context.endStep);
    &lt;span class="code-keyword"&gt;var&lt;/span&gt; executer = &lt;span class="code-keyword"&gt;new&lt;/span&gt; FunctionsExecuter(context.steps);
    executer.start();
  }, &lt;span class="code-keyword"&gt;this&lt;/span&gt;), attrs.rt);
}
&lt;/pre&gt;
&lt;/div&gt;&lt;/div&gt;</comment>
                            <comment id="14379615" author="mgrigorov" created="Wed, 25 Mar 2015 09:57:51 +0000">&lt;p&gt;I think it'd be better to have a default timeout. It could be bigger, e.g. 10000, and we can log an INFO/ERROR when it is fired with explanation why it has fired.&lt;br/&gt;
This way it will be easier for the developer to debug what happens and increase the timeout if needed.&lt;br/&gt;
Without the error handling the application will just hang as explained at users@ and the developer will have to debug all this by her/himself to find the 'if' statement and understand what it actually means.&lt;/p&gt;</comment>
                            <comment id="14379659" author="svenmeier" created="Wed, 25 Mar 2015 10:34:06 +0000">&lt;p&gt;I disagree: A timeout will always be too low. Someone will do heavy uploads through 'ajax' and require not to have any timeout.&lt;/p&gt;

&lt;p&gt;Normal Ajax requests don't have a default timeout, why should it be different for multipart 'ajax' uploads? IMHO this issue is a rare case: if you're server isn't responding at all, you have worse problems.&lt;/p&gt;</comment>
                            <comment id="14380199" author="jira-bot" created="Wed, 25 Mar 2015 16:45:09 +0000">&lt;p&gt;Commit 02568ddbf2d067ec20d334d1904153b73ec1e333 in wicket's branch refs/heads/master from &lt;a href="https://issues.apache.org/jira/secure/ViewProfile.jspa?name=mgrigorov" class="user-hover" rel="mgrigorov"&gt;mgrigorov&lt;/a&gt;&lt;br/&gt;
[ &lt;a href="https://git-wip-us.apache.org/repos/asf?p=wicket.git;h=02568dd" class="external-link" target="_blank" rel="nofollow noopener"&gt;https://git-wip-us.apache.org/repos/asf?p=wicket.git;h=02568dd&lt;/a&gt; ]&lt;/p&gt;

&lt;p&gt;&lt;a href="https://issues.apache.org/jira/browse/WICKET-5864" title="Multipart Ajax form submit does not release the channel in case of connection failure" class="issue-link" data-issue-key="WICKET-5864"&gt;&lt;del&gt;WICKET-5864&lt;/del&gt;&lt;/a&gt; Multipart Ajax form submit does not release the channel in case of connection failure&lt;/p&gt;</comment>
                            <comment id="14380204" author="mgrigorov" created="Wed, 25 Mar 2015 16:48:01 +0000">&lt;p&gt;"worse problems" could be a temporary network problem on the client side.&lt;/p&gt;

&lt;p&gt;I've applied your suggestion. Also added 'else Wicket.Log.info()' with suggestion to use AjaxRequestAttributes#setRequestTimeout() if error handling is needed.&lt;/p&gt;</comment>
                            <comment id="14380208" author="jira-bot" created="Wed, 25 Mar 2015 16:48:53 +0000">&lt;p&gt;Commit 183a6fd78fe02df205c66660a22b0c6ec3ea4829 in wicket's branch refs/heads/wicket-6.x from &lt;a href="https://issues.apache.org/jira/secure/ViewProfile.jspa?name=mgrigorov" class="user-hover" rel="mgrigorov"&gt;mgrigorov&lt;/a&gt;&lt;br/&gt;
[ &lt;a href="https://git-wip-us.apache.org/repos/asf?p=wicket.git;h=183a6fd" class="external-link" target="_blank" rel="nofollow noopener"&gt;https://git-wip-us.apache.org/repos/asf?p=wicket.git;h=183a6fd&lt;/a&gt; ]&lt;/p&gt;

&lt;p&gt;&lt;a href="https://issues.apache.org/jira/browse/WICKET-5864" title="Multipart Ajax form submit does not release the channel in case of connection failure" class="issue-link" data-issue-key="WICKET-5864"&gt;&lt;del&gt;WICKET-5864&lt;/del&gt;&lt;/a&gt; Multipart Ajax form submit does not release the channel in case of connection failure&lt;/p&gt;

&lt;p&gt;(cherry picked from commit 3bb7c251854a7b83235241a28c26f229a447f703)&lt;/p&gt;</comment>
                    </comments>
                    <attachments>
                    </attachments>
                <subtasks>
                    </subtasks>
                <customfields>
                                                                                                                                                                                                                                                                                                                                                                                                                                                                                                                                                                                                                                                                                                                    <customfield id="customfield_12314020" key="com.atlassian.jira.plugins.jira-development-integration-plugin:devsummary">
                        <customfieldname>Development</customfieldname>
                        <customfieldvalues>
                            
                        </customfieldvalues>
                    </customfield>
                                                                                                                        <customfield id="customfield_12313422" key="com.atlassian.jirafisheyeplugin:jobcheckbox">
                        <customfieldname>Enable Automatic Patch Review</customfieldname>
                        <customfieldvalues>
                            <customfieldvalue>false</customfieldvalue>

                        </customfieldvalues>
                    </customfield>
                                                                                                                                                                                                                                                                                                                                                                                                                                                                                                                                                                                                                    <customfield id="customfield_12310420" key="com.pyxis.greenhopper.jira:gh-global-rank">
                        <customfieldname>Global Rank</customfieldname>
                        <customfieldvalues>
                            <customfieldvalue>9223372036854775807</customfieldvalue>
                        </customfieldvalues>
                    </customfield>
                                                                                                                                                                                                                                                                                                                                                                                                                                                                        <customfield id="customfield_12311820" key="com.pyxis.greenhopper.jira:gh-lexo-rank">
                        <customfieldname>Rank</customfieldname>
                        <customfieldvalues>
                            <customfieldvalue>0|i27b0v:</customfieldvalue>

                        </customfieldvalues>
                    </customfield>
                                                                <customfield id="customfield_12310920" key="com.pyxis.greenhopper.jira:gh-global-rank">
                        <customfieldname>Rank (Obsolete)</customfieldname>
                        <customfieldvalues>
                            <customfieldvalue>9223372036854775807</customfieldvalue>
                        </customfieldvalues>
                    </customfield>
                                                                                                                                                                                                                                                                                                                                                                                                                                                                                                                                                                                                                                                                                                                                                                                            </customfields>
    </item>


</channel>
</rss>