<rss version="0.92">
    <channel>
        <title>ASF JIRA</title>
        <link>https://issues.apache.org/jira/issues/?jql=project+%3D+wicket+and+type+%3D+bug+and+%28status+%3D+RESOLVED+or+status+%3D+closed%29</link>
        <description>An XML representation of a search request</description>
                <language>en-uk</language>
                        <issue start="0" end="1000" total="4133" />
                <build-info>
            <version>8.20.7</version>
            <build-number>820007</build-number>
            <build-date>16-03-2022</build-date>
        </build-info>

<item>
            <title>[WICKET-5469] ModalWindow unload warning always displayed (even if window is closed)</title>
                <link>https://issues.apache.org/jira/browse/WICKET-5469</link>
                <project id="12310561" key="WICKET">Wicket</project>
                    <description>&lt;p&gt;The fix applied for &lt;a href="https://issues.apache.org/jira/browse/WICKET-4909" title="ModalWindow overwrites window.onbeforeunload" class="issue-link" data-issue-key="WICKET-4909"&gt;&lt;del&gt;WICKET-4909&lt;/del&gt;&lt;/a&gt; seems to be bad:&lt;/p&gt;

&lt;p&gt;If there's a ModalWindow with showUnloadConfirmation == true (java) and window.onbeforeunload == null (javascript), the warning message ('Reloading this page will cause the modal window to disappear') is always displayed, even if the ModalWindow was closed.&lt;/p&gt;

&lt;p&gt;The fix for &lt;a href="https://issues.apache.org/jira/browse/WICKET-4909" title="ModalWindow overwrites window.onbeforeunload" class="issue-link" data-issue-key="WICKET-4909"&gt;&lt;del&gt;WICKET-4909&lt;/del&gt;&lt;/a&gt; should probably take the showUnloadConfirmation flag into account.&lt;/p&gt;</description>
                <environment />
        <key id="12688247">WICKET-5469</key>
            <summary>ModalWindow unload warning always displayed (even if window is closed)</summary>
                <type id="1" iconUrl="https://issues.apache.org/jira/secure/viewavatar?size=xsmall&amp;avatarId=21133&amp;avatarType=issuetype">Bug</type>
                                            <priority id="4" iconUrl="https://issues.apache.org/jira/images/icons/priorities/minor.svg">Minor</priority>
                        <status id="5" iconUrl="https://issues.apache.org/jira/images/icons/statuses/resolved.png" description="A resolution has been taken, and it is awaiting verification by reporter. From here issues are either reopened, or are closed.">Resolved</status>
                    <statusCategory id="3" key="done" colorName="green" />
                                    <resolution id="1">Fixed</resolution>
                                        <assignee username="mgrigorov">Martin Tzvetanov Grigorov</assignee>
                                    <reporter username="jonas">Jonas</reporter>
                        <labels>
                    </labels>
                <created>Fri, 10 Jan 2014 14:03:03 +0000</created>
                <updated>Wed, 22 Jan 2014 19:07:30 +0000</updated>
                            <resolved>Wed, 15 Jan 2014 09:16:25 +0000</resolved>
                                    <version>6.13.0</version>
                    <version>7.0.0-M1</version>
                                    <fixVersion>6.14.0</fixVersion>
                    <fixVersion>7.0.0-M1</fixVersion>
                                    <component>wicket-extensions</component>
                        <due />
                            <votes>0</votes>
                                    <watches>2</watches>
                                                                <comments>
                            <comment id="13867819" author="jonas" created="Fri, 10 Jan 2014 14:14:03 +0000">&lt;p&gt;As a workaround, it is possible to assign an empty function to window.onbeforeunload, e.g.&lt;/p&gt;

&lt;p&gt;target.appendJavaScript("window.onbeforeunload = function() {};");&lt;/p&gt;

&lt;p&gt;before calling ModalWindow.show(AjaxRequestTarget)&lt;/p&gt;</comment>
                            <comment id="13867931" author="jonas" created="Fri, 10 Jan 2014 15:49:45 +0000">&lt;p&gt;Wouldn't it make sense to use &lt;br/&gt;
window.addEventListener("onbeforeunload", handler)&lt;br/&gt;
and&lt;br/&gt;
window.removeEventListener("onbeforeunload", handler)&lt;br/&gt;
(or whatever jquery has up it's sleeve in that area)&lt;br/&gt;
instead of messing with window.onbeforeunload ?&lt;br/&gt;
This would probably also avoid the problem described in &lt;a href="https://issues.apache.org/jira/browse/WICKET-4909" title="ModalWindow overwrites window.onbeforeunload" class="issue-link" data-issue-key="WICKET-4909"&gt;&lt;del&gt;WICKET-4909&lt;/del&gt;&lt;/a&gt;&lt;/p&gt;</comment>
                            <comment id="13871863" author="mgrigorov" created="Wed, 15 Jan 2014 09:47:39 +0000">&lt;p&gt;The problem is fixed and now we use event listeners.&lt;br/&gt;
Thank you!&lt;/p&gt;</comment>
                    </comments>
                <issuelinks>
                            <issuelinktype id="12310000">
                    <name>Duplicate</name>
                                                                <inwardlinks description="is duplicated by">
                                        <issuelink>
            <issuekey id="12690303">WICKET-5481</issuekey>
        </issuelink>
                            </inwardlinks>
                                    </issuelinktype>
                            <issuelinktype id="12310050">
                    <name>Regression</name>
                                            <outwardlinks description="breaks">
                                        <issuelink>
            <issuekey id="12688960">SYNCOPE-477</issuekey>
        </issuelink>
                            </outwardlinks>
                                                        </issuelinktype>
                    </issuelinks>
                <attachments>
                    </attachments>
                <subtasks>
                    </subtasks>
                <customfields>
                                                                                                                                                                                                                                                                                                                                                                                                                                                                                                                                                                                                                                                                                                                    <customfield id="customfield_12314020" key="com.atlassian.jira.plugins.jira-development-integration-plugin:devsummary">
                        <customfieldname>Development</customfieldname>
                        <customfieldvalues>
                            
                        </customfieldvalues>
                    </customfield>
                                                                                                                        <customfield id="customfield_12313422" key="com.atlassian.jirafisheyeplugin:jobcheckbox">
                        <customfieldname>Enable Automatic Patch Review</customfieldname>
                        <customfieldvalues>
                            <customfieldvalue>false</customfieldvalue>

                        </customfieldvalues>
                    </customfield>
                                                                                                                                                                                                                                                                                                                                                                                                                                                                                                                                                                                                                    <customfield id="customfield_12310420" key="com.pyxis.greenhopper.jira:gh-global-rank">
                        <customfieldname>Global Rank</customfieldname>
                        <customfieldvalues>
                            <customfieldvalue>367266</customfieldvalue>
                        </customfieldvalues>
                    </customfield>
                                                                                                                                                                                                                                                                                                                                                                                                                                                                        <customfield id="customfield_12311820" key="com.pyxis.greenhopper.jira:gh-lexo-rank">
                        <customfieldname>Rank</customfieldname>
                        <customfieldvalues>
                            <customfieldvalue>0|i1rb0v:</customfieldvalue>

                        </customfieldvalues>
                    </customfield>
                                                                <customfield id="customfield_12310920" key="com.pyxis.greenhopper.jira:gh-global-rank">
                        <customfieldname>Rank (Obsolete)</customfieldname>
                        <customfieldvalues>
                            <customfieldvalue>367575</customfieldvalue>
                        </customfieldvalues>
                    </customfield>
                                                                                                                                                                                                                                                                                                                                                                                                                                                                                                                                                                                                                                                                                                                                                                                            </customfields>
    </item>


</channel>
</rss>