<rss version="0.92">
    <channel>
        <title>ASF JIRA</title>
        <link>https://issues.apache.org/jira/issues/?jql=project+%3D+wicket+and+type+%3D+bug+and+%28status+%3D+RESOLVED+or+status+%3D+closed%29</link>
        <description>An XML representation of a search request</description>
                <language>en-uk</language>
                        <issue start="0" end="1000" total="4133" />
                <build-info>
            <version>8.20.7</version>
            <build-number>820007</build-number>
            <build-date>16-03-2022</build-date>
        </build-info>

<item>
            <title>[WICKET-5934] Semantic Versioning break in 7.0.0-M6</title>
                <link>https://issues.apache.org/jira/browse/WICKET-5934</link>
                <project id="12310561" key="WICKET">Wicket</project>
                    <description>&lt;p&gt;org.apache.wicket.util.convert.converter.AbstractNumberConverter introduced a new abstract method: &lt;/p&gt;

&lt;p&gt;protected abstract NumberFormat newNumberFormat(final Locale locale);&lt;/p&gt;

&lt;p&gt;Existing code that extends AbstractNumberConverter needs to be revised to implement the new method.  Doesn't this conflict with the principle of semantic versioning?&lt;/p&gt;</description>
                <environment />
        <key id="12839857">WICKET-5934</key>
            <summary>Semantic Versioning break in 7.0.0-M6</summary>
                <type id="1" iconUrl="https://issues.apache.org/jira/secure/viewavatar?size=xsmall&amp;avatarId=21133&amp;avatarType=issuetype">Bug</type>
                                            <priority id="4" iconUrl="https://issues.apache.org/jira/images/icons/priorities/minor.svg">Minor</priority>
                        <status id="5" iconUrl="https://issues.apache.org/jira/images/icons/statuses/resolved.png" description="A resolution has been taken, and it is awaiting verification by reporter. From here issues are either reopened, or are closed.">Resolved</status>
                    <statusCategory id="3" key="done" colorName="green" />
                                    <resolution id="6">Invalid</resolution>
                                        <assignee username="svenmeier">Sven Meier</assignee>
                                    <reporter username="nerklenerd">Don Ferguson</reporter>
                        <labels>
                    </labels>
                <created>Tue, 23 Jun 2015 14:44:47 +0000</created>
                <updated>Wed, 24 Jun 2015 08:04:34 +0000</updated>
                            <resolved>Tue, 23 Jun 2015 18:22:03 +0000</resolved>
                                    <version>7.0.0-M6</version>
                                                    <component>wicket</component>
                        <due />
                            <votes>0</votes>
                                    <watches>3</watches>
                                                                <comments>
                            <comment id="14598122" author="svenmeier" created="Tue, 23 Jun 2015 18:22:03 +0000">&lt;p&gt;Semantic Versioning 2.0.0:&lt;br/&gt;
"Given a version number MAJOR.MINOR.PATCH, increment the ... MAJOR version when you make incompatible API changes,"&lt;/p&gt;

&lt;p&gt;That's the rule we're following with Wicket 7.0.0.&lt;/p&gt;

&lt;p&gt;We try to minimize API changes in milestone versions, but they are not forbidden.&lt;/p&gt;</comment>
                            <comment id="14599043" author="dashorst" created="Wed, 24 Jun 2015 08:04:34 +0000">&lt;p&gt;Yeah, mea culpa on the announcement from my part:&lt;/p&gt;

&lt;p&gt;&amp;gt; This release marks another minor release of Wicket 7. We&lt;br/&gt;
&amp;gt; use semantic versioning for the development of Wicket, and as such no&lt;br/&gt;
&amp;gt; API breaks are present breaks are present in this release compared to&lt;br/&gt;
&amp;gt; 7.0.0.&lt;/p&gt;

&lt;p&gt;However, 7.0.0 is not released yet, so the whole statement is E_NO_COMPUTE.&lt;/p&gt;

&lt;p&gt;The line should read:&lt;/p&gt;

&lt;p&gt;&amp;gt; This release marks another milestone release of Wicket 7. As we&lt;br/&gt;
&amp;gt; use semantic versioning for the development of Wicket, starting from&lt;br/&gt;
&amp;gt; 7.0.0 there will be no API breaks.&lt;/p&gt;</comment>
                    </comments>
                    <attachments>
                    </attachments>
                <subtasks>
                    </subtasks>
                <customfields>
                                                                                                                                                                                                                                                                                                                                                                                                                                                                                                                                                                                                                                                                                                                    <customfield id="customfield_12314020" key="com.atlassian.jira.plugins.jira-development-integration-plugin:devsummary">
                        <customfieldname>Development</customfieldname>
                        <customfieldvalues>
                            
                        </customfieldvalues>
                    </customfield>
                                                                                                                        <customfield id="customfield_12313422" key="com.atlassian.jirafisheyeplugin:jobcheckbox">
                        <customfieldname>Enable Automatic Patch Review</customfieldname>
                        <customfieldvalues>
                            <customfieldvalue>false</customfieldvalue>

                        </customfieldvalues>
                    </customfield>
                                                                                                                                                                                                                                                                                                                                                                                                                                                                                                                                                                                                                    <customfield id="customfield_12310420" key="com.pyxis.greenhopper.jira:gh-global-rank">
                        <customfieldname>Global Rank</customfieldname>
                        <customfieldvalues>
                            <customfieldvalue>9223372036854775807</customfieldvalue>
                        </customfieldvalues>
                    </customfield>
                                                                                                                                                                                                                                                                                                                                                                                                                                                                        <customfield id="customfield_12311820" key="com.pyxis.greenhopper.jira:gh-lexo-rank">
                        <customfieldname>Rank</customfieldname>
                        <customfieldvalues>
                            <customfieldvalue>0|i2gdzj:</customfieldvalue>

                        </customfieldvalues>
                    </customfield>
                                                                <customfield id="customfield_12310920" key="com.pyxis.greenhopper.jira:gh-global-rank">
                        <customfieldname>Rank (Obsolete)</customfieldname>
                        <customfieldvalues>
                            <customfieldvalue>9223372036854775807</customfieldvalue>
                        </customfieldvalues>
                    </customfield>
                                                                                                                                                                                                                                                                                                                                                                                                                                                                                                                                                                                                                                                                                                                                                                                            </customfields>
    </item>


</channel>
</rss>