<rss version="0.92">
    <channel>
        <title>ASF JIRA</title>
        <link>https://issues.apache.org/jira/issues/?jql=project+%3D+wicket+and+type+%3D+bug+and+%28status+%3D+RESOLVED+or+status+%3D+closed%29</link>
        <description>An XML representation of a search request</description>
                <language>en-uk</language>
                        <issue start="0" end="1000" total="4133" />
                <build-info>
            <version>8.20.7</version>
            <build-number>820007</build-number>
            <build-date>16-03-2022</build-date>
        </build-info>

<item>
            <title>[WICKET-5573] FilterToolbar generics broken</title>
                <link>https://issues.apache.org/jira/browse/WICKET-5573</link>
                <project id="12310561" key="WICKET">Wicket</project>
                    <description>&lt;p&gt;Once you were able to create DataTable&amp;lt;User&amp;gt; wrapped inside of&lt;br/&gt;
FilterForm&amp;lt;UserFilterDto&amp;gt;&lt;/p&gt;

&lt;p&gt;currently FilterToolbar requires you for those two types to be identical:&lt;/p&gt;

&lt;div class="code panel" style="border-width: 1px;"&gt;&lt;div class="codeContent panelContent"&gt;
&lt;pre class="code-java"&gt;&lt;span class="code-keyword"&gt;public&lt;/span&gt; &amp;lt;T, S&amp;gt; FilterToolbar(&lt;span class="code-keyword"&gt;final&lt;/span&gt; DataTable&amp;lt;T, S&amp;gt; table, &lt;span class="code-keyword"&gt;final&lt;/span&gt;
FilterForm&amp;lt;T&amp;gt; form,
&lt;span class="code-keyword"&gt;final&lt;/span&gt; IFilterStateLocator&amp;lt;T&amp;gt; stateLocator)
&lt;/pre&gt;
&lt;/div&gt;&lt;/div&gt;

&lt;p&gt;It looks like commit 9b3f9ca1df064fe9c6fde64ccc37fecc504b09a6&lt;br/&gt;
introduced a bug long time ago and it carried on:&lt;/p&gt;

&lt;div class="code panel" style="border-width: 1px;"&gt;&lt;div class="codeContent panelContent"&gt;
&lt;pre class="code-java"&gt;-       &lt;span class="code-keyword"&gt;public&lt;/span&gt; &amp;lt;T&amp;gt; FilterToolbar(&lt;span class="code-keyword"&gt;final&lt;/span&gt; DataTable&amp;lt;?&amp;gt; table, &lt;span class="code-keyword"&gt;final&lt;/span&gt;
FilterForm&amp;lt;T&amp;gt; form,
+       &lt;span class="code-keyword"&gt;public&lt;/span&gt; &amp;lt;T&amp;gt; FilterToolbar(&lt;span class="code-keyword"&gt;final&lt;/span&gt; DataTable&amp;lt;T&amp;gt; table, &lt;span class="code-keyword"&gt;final&lt;/span&gt;
FilterForm&amp;lt;T&amp;gt; form,
&lt;/pre&gt;
&lt;/div&gt;&lt;/div&gt;

&lt;p&gt;FilterToolbar constructor should state:&lt;/p&gt;

&lt;div class="code panel" style="border-width: 1px;"&gt;&lt;div class="codeContent panelContent"&gt;
&lt;pre class="code-java"&gt;&lt;span class="code-keyword"&gt;public&lt;/span&gt; &amp;lt;T, F, S&amp;gt; FilterToolbar(&lt;span class="code-keyword"&gt;final&lt;/span&gt; DataTable&amp;lt;T, S&amp;gt; table, &lt;span class="code-keyword"&gt;final&lt;/span&gt;
FilterForm&amp;lt;F&amp;gt; form,
&lt;span class="code-keyword"&gt;final&lt;/span&gt; IFilterStateLocator&amp;lt;F&amp;gt; stateLocator)
&lt;/pre&gt;
&lt;/div&gt;&lt;/div&gt;</description>
                <environment />
        <key id="12710719">WICKET-5573</key>
            <summary>FilterToolbar generics broken</summary>
                <type id="1" iconUrl="https://issues.apache.org/jira/secure/viewavatar?size=xsmall&amp;avatarId=21133&amp;avatarType=issuetype">Bug</type>
                                            <priority id="3" iconUrl="https://issues.apache.org/jira/images/icons/priorities/major.svg">Major</priority>
                        <status id="6" iconUrl="https://issues.apache.org/jira/images/icons/statuses/closed.png" description="The issue is considered finished, the resolution is correct. Issues which are not closed can be reopened.">Closed</status>
                    <statusCategory id="3" key="done" colorName="green" />
                                    <resolution id="1">Fixed</resolution>
                                        <assignee username="bitstorm">Andrea Del Bene</assignee>
                                    <reporter username="lgawron">Leszek Gawron</reporter>
                        <labels>
                    </labels>
                <created>Sat, 26 Apr 2014 13:46:28 +0000</created>
                <updated>Fri, 16 May 2014 08:51:31 +0000</updated>
                            <resolved>Fri, 16 May 2014 08:51:31 +0000</resolved>
                                    <version>6.15.0</version>
                                    <fixVersion>6.16.0</fixVersion>
                    <fixVersion>7.0.0-M2</fixVersion>
                                    <component>wicket-extensions</component>
                        <due />
                            <votes>0</votes>
                                    <watches>3</watches>
                                                                <comments>
                            <comment id="13983483" author="mgrigorov" created="Mon, 28 Apr 2014 20:09:41 +0000">&lt;p&gt;Please attach a quickstart app that is broken with 6.15.0 and working with your patch.&lt;br/&gt;
Thanks!&lt;/p&gt;</comment>
                            <comment id="13988166" author="lgawron" created="Fri, 2 May 2014 20:08:08 +0000">&lt;p&gt;Martin, if I created a quickstart app it wouldn't event compile with 6.15.&lt;/p&gt;

&lt;p&gt;The rationale for this functionality is give here: &lt;a href="http://markmail.org/message/bmz7x4ingzzvwfo4" class="external-link" target="_blank" rel="nofollow noopener"&gt;http://markmail.org/message/bmz7x4ingzzvwfo4&lt;/a&gt;&lt;/p&gt;

&lt;p&gt;The change is dead simple:&lt;/p&gt;

&lt;div class="code panel" style="border-width: 1px;"&gt;&lt;div class="codeContent panelContent"&gt;
&lt;pre class="code-java"&gt;diff --git c/wicket-extensions/src/main/java/org/apache/wicket/extensions/markup/html/repeater/data/table/filter/FilterToolbar.java i/wicket-extensions/src/main/java/org/apache/wicket/extensions/markup/html/repeater/data/table/filter/FilterToolbar.java
index ebea180..22d2d1b 100644
--- c/wicket-extensions/src/main/java/org/apache/wicket/extensions/markup/html/repeater/data/table/filter/FilterToolbar.java
+++ i/wicket-extensions/src/main/java/org/apache/wicket/extensions/markup/html/repeater/data/table/filter/FilterToolbar.java
@@ -57,8 +57,8 @@ &lt;span class="code-keyword"&gt;public&lt;/span&gt; &lt;span class="code-keyword"&gt;class &lt;/span&gt;FilterToolbar &lt;span class="code-keyword"&gt;extends&lt;/span&gt; AbstractToolbar
 	 *            type of filter state object
 	 * 
 	 */
-	&lt;span class="code-keyword"&gt;public&lt;/span&gt; &amp;lt;T, S&amp;gt; FilterToolbar(&lt;span class="code-keyword"&gt;final&lt;/span&gt; DataTable&amp;lt;T, S&amp;gt; table, &lt;span class="code-keyword"&gt;final&lt;/span&gt; FilterForm&amp;lt;T&amp;gt; form,
-		&lt;span class="code-keyword"&gt;final&lt;/span&gt; IFilterStateLocator&amp;lt;T&amp;gt; stateLocator)
+	&lt;span class="code-keyword"&gt;public&lt;/span&gt; &amp;lt;T, F, S&amp;gt; FilterToolbar(&lt;span class="code-keyword"&gt;final&lt;/span&gt; DataTable&amp;lt;T, S&amp;gt; table, &lt;span class="code-keyword"&gt;final&lt;/span&gt; FilterForm&amp;lt;F&amp;gt; form,
+		&lt;span class="code-keyword"&gt;final&lt;/span&gt; IFilterStateLocator&amp;lt;F&amp;gt; stateLocator)
 	{
 		&lt;span class="code-keyword"&gt;super&lt;/span&gt;(table); 
 &lt;/pre&gt;
&lt;/div&gt;&lt;/div&gt;

&lt;p&gt;This actually did work in 1.4.19&lt;/p&gt;</comment>
                            <comment id="13994573" author="bitstorm" created="Sun, 11 May 2014 15:08:17 +0000">&lt;p&gt;If there are no objection I will change the code as proposed by Leszek&lt;/p&gt;</comment>
                            <comment id="13994649" author="mgrigorov" created="Sun, 11 May 2014 19:24:22 +0000">&lt;p&gt;Change it in master (7.x) and add an example please.&lt;/p&gt;</comment>
                            <comment id="13996902" author="bitstorm" created="Tue, 13 May 2014 21:16:46 +0000">&lt;p&gt;I've changed the  code and added an example. To see it go to 'repeaters' and you will find a new 'DataTable Example - demonstrates data table component with a FilterToolbar on its data set'&lt;br/&gt;
I think it can be cherry-picked to 6.x with no problem &lt;/p&gt;</comment>
                            <comment id="13997402" author="mgrigorov" created="Wed, 14 May 2014 08:54:00 +0000">&lt;p&gt;The change in the generics signature may cause compilation errors in 6.x, no ?&lt;/p&gt;</comment>
                            <comment id="13997544" author="bitstorm" created="Wed, 14 May 2014 13:38:38 +0000">&lt;p&gt;The problem occurs if we have a subclass of FilterToolbar, but client code should have no problem.&lt;/p&gt;</comment>
                            <comment id="13997547" author="bitstorm" created="Wed, 14 May 2014 13:40:26 +0000">&lt;p&gt;..but yes,  clirr-maven-plugin is complaining that FilterToolbar constructor has changed &lt;img class="emoticon" src="https://issues.apache.org/jira/images/icons/emoticons/sad.png" height="16" width="16" align="absmiddle" alt="" border="0"/&gt;&lt;/p&gt;</comment>
                            <comment id="13997606" author="bitstorm" created="Wed, 14 May 2014 14:48:03 +0000">&lt;p&gt;Sorry, my fault. There is no problem with  clirr-maven-plugin. I think this change is perfectly safe&lt;/p&gt;</comment>
                            <comment id="13999700" author="bitstorm" created="Fri, 16 May 2014 08:51:31 +0000">&lt;p&gt;Fix ported to 6.x&lt;/p&gt;</comment>
                    </comments>
                    <attachments>
                    </attachments>
                <subtasks>
                    </subtasks>
                <customfields>
                                                                                                                                                                                                                                                                                                                                                                                                                                                                                                                                                                                                                                                                                                                    <customfield id="customfield_12314020" key="com.atlassian.jira.plugins.jira-development-integration-plugin:devsummary">
                        <customfieldname>Development</customfieldname>
                        <customfieldvalues>
                            
                        </customfieldvalues>
                    </customfield>
                                                                                                                        <customfield id="customfield_12313422" key="com.atlassian.jirafisheyeplugin:jobcheckbox">
                        <customfieldname>Enable Automatic Patch Review</customfieldname>
                        <customfieldvalues>
                            <customfieldvalue>false</customfieldvalue>

                        </customfieldvalues>
                    </customfield>
                                                                                                                                                                                                                                                                                                                                                                                                                                                                                                                                                                                                                    <customfield id="customfield_12310420" key="com.pyxis.greenhopper.jira:gh-global-rank">
                        <customfieldname>Global Rank</customfieldname>
                        <customfieldvalues>
                            <customfieldvalue>389040</customfieldvalue>
                        </customfieldvalues>
                    </customfield>
                                                                                                                                                                                                                                                                                                                                                                                                                                                                        <customfield id="customfield_12311820" key="com.pyxis.greenhopper.jira:gh-lexo-rank">
                        <customfieldname>Rank</customfieldname>
                        <customfieldvalues>
                            <customfieldvalue>0|i1v0hj:</customfieldvalue>

                        </customfieldvalues>
                    </customfield>
                                                                <customfield id="customfield_12310920" key="com.pyxis.greenhopper.jira:gh-global-rank">
                        <customfieldname>Rank (Obsolete)</customfieldname>
                        <customfieldvalues>
                            <customfieldvalue>389286</customfieldvalue>
                        </customfieldvalues>
                    </customfield>
                                                                                                                                                                                                                                                                                                                                                                                                                                                                                                                                                                                                                                                                                                                                                                                            </customfields>
    </item>


</channel>
</rss>