<rss version="0.92">
    <channel>
        <title>ASF JIRA</title>
        <link>https://issues.apache.org/jira/issues/?jql=project+%3D+wicket+and+type+%3D+bug+and+%28status+%3D+RESOLVED+or+status+%3D+closed%29</link>
        <description>An XML representation of a search request</description>
                <language>en-uk</language>
                        <issue start="0" end="1000" total="4133" />
                <build-info>
            <version>8.20.7</version>
            <build-number>820007</build-number>
            <build-date>16-03-2022</build-date>
        </build-info>

<item>
            <title>[WICKET-5515] AjaxFallbackLink does not work on pages with the version number removed</title>
                <link>https://issues.apache.org/jira/browse/WICKET-5515</link>
                <project id="12310561" key="WICKET">Wicket</project>
                    <description>&lt;p&gt;In Wicket 6.13/6.14, if you add an AjaxFallbackLink to a page that uses a custom MountedMapper to remove the version number then the ajax "click" event will never be triggered. This was working in all versions of Wicket up till 6.12. &lt;/p&gt;

&lt;p&gt;I'll attach a sample project that has two pages mounted:&lt;br/&gt;
1. PageMountedNormally - clicking the link will fire an alert("clicked").&lt;br/&gt;
2. PageMountedWithoutVersion - clicking the link should fire the alert but instead just refreshes the page. &lt;/p&gt;
</description>
                <environment />
        <key id="12697000">WICKET-5515</key>
            <summary>AjaxFallbackLink does not work on pages with the version number removed</summary>
                <type id="1" iconUrl="https://issues.apache.org/jira/secure/viewavatar?size=xsmall&amp;avatarId=21133&amp;avatarType=issuetype">Bug</type>
                                            <priority id="3" iconUrl="https://issues.apache.org/jira/images/icons/priorities/major.svg">Major</priority>
                        <status id="6" iconUrl="https://issues.apache.org/jira/images/icons/statuses/closed.png" description="The issue is considered finished, the resolution is correct. Issues which are not closed can be reopened.">Closed</status>
                    <statusCategory id="3" key="done" colorName="green" />
                                    <resolution id="8">Not A Problem</resolution>
                                        <assignee username="-1">Unassigned</assignee>
                                    <reporter username="pcmccull">Philip McCullick</reporter>
                        <labels>
                    </labels>
                <created>Mon, 24 Feb 2014 21:02:47 +0000</created>
                <updated>Tue, 25 Feb 2014 19:22:10 +0000</updated>
                            <resolved>Tue, 25 Feb 2014 07:43:40 +0000</resolved>
                                    <version>6.13.0</version>
                    <version>6.14.0</version>
                                                    <component>wicket</component>
                        <due />
                            <votes>0</votes>
                                    <watches>2</watches>
                                                                <comments>
                            <comment id="13911340" author="mgrigorov" created="Tue, 25 Feb 2014 07:34:40 +0000">&lt;p&gt;I think the reason is &lt;a href="https://issues.apache.org/jira/browse/WICKET-4997" class="external-link" rel="nofollow"&gt;https://issues.apache.org/jira/browse/WICKET-4997&lt;/a&gt;.&lt;br/&gt;
Let's see how to workaround your case.&lt;/p&gt;</comment>
                            <comment id="13911344" author="mgrigorov" created="Tue, 25 Feb 2014 07:38:29 +0000">&lt;p&gt;One way is to add&lt;/p&gt;

&lt;p&gt;  getPageSettings().setRecreateMountedPagesAfterExpiry(false);&lt;/p&gt;

&lt;p&gt;to WicketApplication#init()&lt;/p&gt;</comment>
                            <comment id="13911351" author="mgrigorov" created="Tue, 25 Feb 2014 07:43:40 +0000">&lt;p&gt;And the correct fix is in your class:&lt;/p&gt;

&lt;p&gt;@Override&lt;br/&gt;
        public Url mapHandler(IRequestHandler requestHandler) {&lt;br/&gt;
            if (requestHandler instanceof ListenerInterfaceRequestHandler ||&lt;br/&gt;
		            requestHandler instanceof BookmarkableListenerInterfaceRequestHandler) &lt;/p&gt;
{
                return null;
            }
&lt;p&gt; else &lt;/p&gt;
{
                return super.mapHandler(requestHandler);
            }
&lt;p&gt;        }&lt;/p&gt;

&lt;p&gt;i.e. take into account BookmarkableListenerInterfaceRequestHandler too.&lt;/p&gt;</comment>
                            <comment id="13911918" author="pcmccull" created="Tue, 25 Feb 2014 19:22:10 +0000">&lt;p&gt;Thanks Martin! That fixes the issue.&lt;/p&gt;</comment>
                    </comments>
                    <attachments>
                            <attachment id="12630798" name="AjaxFallbackLinkTest.zip" size="31029" author="pcmccull" created="Mon, 24 Feb 2014 21:04:11 +0000" />
                    </attachments>
                <subtasks>
                    </subtasks>
                <customfields>
                                                                                                                                                                                                                                                                                                                                                                                                                                                                                                                                                                                                                                                                                                                    <customfield id="customfield_12314020" key="com.atlassian.jira.plugins.jira-development-integration-plugin:devsummary">
                        <customfieldname>Development</customfieldname>
                        <customfieldvalues>
                            
                        </customfieldvalues>
                    </customfield>
                                                                                                                        <customfield id="customfield_12313422" key="com.atlassian.jirafisheyeplugin:jobcheckbox">
                        <customfieldname>Enable Automatic Patch Review</customfieldname>
                        <customfieldvalues>
                            <customfieldvalue>false</customfieldvalue>

                        </customfieldvalues>
                    </customfield>
                                                                                                                                                                                                                                                                                                                                                                                                                                                                                                                                                                                                                    <customfield id="customfield_12310420" key="com.pyxis.greenhopper.jira:gh-global-rank">
                        <customfieldname>Global Rank</customfieldname>
                        <customfieldvalues>
                            <customfieldvalue>375475</customfieldvalue>
                        </customfieldvalues>
                    </customfield>
                                                                                                                                                                                                                                                                                                                                                                                                                                                                        <customfield id="customfield_12311820" key="com.pyxis.greenhopper.jira:gh-lexo-rank">
                        <customfieldname>Rank</customfieldname>
                        <customfieldvalues>
                            <customfieldvalue>0|i1spbb:</customfieldvalue>

                        </customfieldvalues>
                    </customfield>
                                                                <customfield id="customfield_12310920" key="com.pyxis.greenhopper.jira:gh-global-rank">
                        <customfieldname>Rank (Obsolete)</customfieldname>
                        <customfieldvalues>
                            <customfieldvalue>375771</customfieldvalue>
                        </customfieldvalues>
                    </customfield>
                                                                                                                                                                                                                                                                                                                                                                                                                                                                                                                                                                                                                                                                                                                                                                                            </customfields>
    </item>


</channel>
</rss>