<rss version="0.92">
    <channel>
        <title>ASF JIRA</title>
        <link>https://issues.apache.org/jira/issues/?jql=project+%3D+wicket+and+type+%3D+bug+and+%28status+%3D+RESOLVED+or+status+%3D+closed%29</link>
        <description>An XML representation of a search request</description>
                <language>en-uk</language>
                        <issue start="0" end="1000" total="4133" />
                <build-info>
            <version>8.20.7</version>
            <build-number>820007</build-number>
            <build-date>16-03-2022</build-date>
        </build-info>

<item>
            <title>[WICKET-5830] setEscapeModelStrings false results in multiple tags</title>
                <link>https://issues.apache.org/jira/browse/WICKET-5830</link>
                <project id="12310561" key="WICKET">Wicket</project>
                    <description>&lt;p&gt;When setting a label's content to be "&amp;lt;p&amp;gt;This should work&amp;lt;/p&amp;gt;" and setting setEscapeModelStrings to false, it renders as:&lt;br/&gt;
&amp;lt;p class="test-class" wicket:id="escapedLabel"&amp;gt;&amp;lt;/p&amp;gt;&lt;br/&gt;
&amp;lt;p&amp;gt;&amp;lt;/p&amp;gt;&lt;br/&gt;
&amp;lt;p&amp;gt;This should work&amp;lt;/p&amp;gt;&lt;/p&gt;

&lt;p&gt;This leads to issues when trying to style based on "test-class".&lt;/p&gt;</description>
                <environment>Windows 7 x64</environment>
        <key id="12773055">WICKET-5830</key>
            <summary>setEscapeModelStrings false results in multiple tags</summary>
                <type id="1" iconUrl="https://issues.apache.org/jira/secure/viewavatar?size=xsmall&amp;avatarId=21133&amp;avatarType=issuetype">Bug</type>
                                            <priority id="5" iconUrl="https://issues.apache.org/jira/images/icons/priorities/trivial.svg">Trivial</priority>
                        <status id="5" iconUrl="https://issues.apache.org/jira/images/icons/statuses/resolved.png" description="A resolution has been taken, and it is awaiting verification by reporter. From here issues are either reopened, or are closed.">Resolved</status>
                    <statusCategory id="3" key="done" colorName="green" />
                                    <resolution id="8">Not A Problem</resolution>
                                        <assignee username="-1">Unassigned</assignee>
                                    <reporter username="vitiate">Jesse Bonzo</reporter>
                        <labels>
                            <label>escaping</label>
                            <label>label</label>
                    </labels>
                <created>Fri, 6 Feb 2015 17:20:16 +0000</created>
                <updated>Fri, 6 Feb 2015 22:09:11 +0000</updated>
                            <resolved>Fri, 6 Feb 2015 22:09:11 +0000</resolved>
                                    <version>6.12.0</version>
                    <version>6.19.0</version>
                                                    <component>wicket</component>
                        <due />
                            <votes>0</votes>
                                    <watches>2</watches>
                                                                <comments>
                            <comment id="14309470" author="vitiate" created="Fri, 6 Feb 2015 17:22:36 +0000">&lt;p&gt;Quickstart to demonstrate the problem. I included both an escaped and unescaped label. I've tested this with Wicket 6.12 and 6.19, and both result in the undesired behavior.&lt;/p&gt;</comment>
                            <comment id="14309486" author="vitiate" created="Fri, 6 Feb 2015 17:30:14 +0000">&lt;p&gt;I tested this with Wicket Tested and get this:&lt;/p&gt;

&lt;p&gt;&amp;lt;html xmlns:wicket="http://wicket.apache.org"&amp;gt;&lt;br/&gt;
    &amp;lt;head&amp;gt;&lt;br/&gt;
        &amp;lt;meta charset="utf-8" /&amp;gt;&lt;br/&gt;
        &amp;lt;title&amp;gt;Apache Wicket Quickstart&amp;lt;/title&amp;gt;&lt;br/&gt;
        &amp;lt;link href='http://fonts.googleapis.com/css?family=Yanone+Kaffeesatz:regular,bold' rel='stylesheet' type='text/css' /&amp;gt;&lt;br/&gt;
        &amp;lt;link rel="stylesheet" href="style.css" type="text/css" media="screen" title="Stylesheet"/&amp;gt;&lt;br/&gt;
    &amp;lt;/head&amp;gt;&lt;br/&gt;
    &amp;lt;body&amp;gt;&lt;br/&gt;
    	&amp;lt;p class="test-class" wicket:id="escapedLabel"&amp;gt;&amp;lt;p&amp;gt;This should work&amp;lt;/p&amp;gt;&amp;lt;/p&amp;gt;&lt;br/&gt;
    	&amp;lt;p class="test-class" wicket:id="unescapedLabel"&amp;gt;&amp;lt;p&amp;gt;This should work&amp;lt;/p&amp;gt;&amp;lt;/p&amp;gt;&lt;br/&gt;
    &amp;lt;/body&amp;gt;&lt;br/&gt;
&amp;lt;/html&amp;gt;&lt;/p&gt;


&lt;p&gt;It appears the HTML is not valid with nested p tags and the browser is trying to handle it. Please close this, sorry for the trouble.&lt;/p&gt;</comment>
                            <comment id="14310031" author="svenmeier" created="Fri, 6 Feb 2015 22:09:11 +0000">&lt;p&gt;HTML doesn't allow nested &amp;lt;p&amp;gt;&lt;/p&gt;</comment>
                    </comments>
                    <attachments>
                            <attachment id="12697065" name="WicketQuickStart.zip" size="52241" author="vitiate" created="Fri, 6 Feb 2015 17:22:36 +0000" />
                    </attachments>
                <subtasks>
                    </subtasks>
                <customfields>
                                                                                                                                                                                                                                                                                                                                                                                                                                                                                                                                                                                                                                                                                                                    <customfield id="customfield_12314020" key="com.atlassian.jira.plugins.jira-development-integration-plugin:devsummary">
                        <customfieldname>Development</customfieldname>
                        <customfieldvalues>
                            
                        </customfieldvalues>
                    </customfield>
                                                                                                                        <customfield id="customfield_12313422" key="com.atlassian.jirafisheyeplugin:jobcheckbox">
                        <customfieldname>Enable Automatic Patch Review</customfieldname>
                        <customfieldvalues>
                            <customfieldvalue>false</customfieldvalue>

                        </customfieldvalues>
                    </customfield>
                                                                                                                                                                                                                                                                                                                                                                                                                                                                                                                                                                                                                    <customfield id="customfield_12310420" key="com.pyxis.greenhopper.jira:gh-global-rank">
                        <customfieldname>Global Rank</customfieldname>
                        <customfieldvalues>
                            <customfieldvalue>9223372036854775807</customfieldvalue>
                        </customfieldvalues>
                    </customfield>
                                                                                                                                                                                                                                                                                                                                                                                                                                                                        <customfield id="customfield_12311820" key="com.pyxis.greenhopper.jira:gh-lexo-rank">
                        <customfieldname>Rank</customfieldname>
                        <customfieldvalues>
                            <customfieldvalue>0|i25aqf:</customfieldvalue>

                        </customfieldvalues>
                    </customfield>
                                                                <customfield id="customfield_12310920" key="com.pyxis.greenhopper.jira:gh-global-rank">
                        <customfieldname>Rank (Obsolete)</customfieldname>
                        <customfieldvalues>
                            <customfieldvalue>9223372036854775807</customfieldvalue>
                        </customfieldvalues>
                    </customfield>
                                                                                                                                                                                                                                                                                                                                                                                                                                                                                                                                                                                                                                                                                                                                                                                            </customfields>
    </item>


</channel>
</rss>