<rss version="0.92">
    <channel>
        <title>ASF JIRA</title>
        <link>https://issues.apache.org/jira/issues/?jql=project+%3D+wicket+and+type+%3D+bug+and+%28status+%3D+RESOLVED+or+status+%3D+closed%29</link>
        <description>An XML representation of a search request</description>
                <language>en-uk</language>
                        <issue start="0" end="1000" total="4133" />
                <build-info>
            <version>8.20.7</version>
            <build-number>820007</build-number>
            <build-date>16-03-2022</build-date>
        </build-info>

<item>
            <title>[WICKET-5954] Broken links in new site</title>
                <link>https://issues.apache.org/jira/browse/WICKET-5954</link>
                <project id="12310561" key="WICKET">Wicket</project>
                    <description>&lt;p&gt;there seems to be a lot of broken links in the new site, as reported by &lt;a href="http://www.deadlinkchecker.com/website-dead-link-checker.asp" class="external-link" target="_blank" rel="nofollow noopener"&gt;http://www.deadlinkchecker.com/website-dead-link-checker.asp&lt;/a&gt; :&lt;/p&gt;

&lt;div class='table-wrap'&gt;
&lt;table class='confluenceTable'&gt;&lt;tbody&gt;
&lt;tr&gt;
&lt;th class='confluenceTh'&gt;Error&lt;/th&gt;
&lt;th class='confluenceTh'&gt;URL&lt;/th&gt;
&lt;th class='confluenceTh'&gt;Anchor Text&lt;/th&gt;
&lt;th class='confluenceTh'&gt;Linked From&lt;/th&gt;
&lt;/tr&gt;
&lt;tr&gt;
&lt;td class='confluenceTd'&gt;404&lt;/td&gt;
&lt;td class='confluenceTd'&gt;http://archive.apache.org/dist/wicket/6.20.0/CHANG ELOG-6.x&lt;/td&gt;
&lt;td class='confluenceTd'&gt;change log&lt;/td&gt;
&lt;td class='confluenceTd'&gt;http://wicket.apache.org/start/download.html&lt;/td&gt;
&lt;/tr&gt;
&lt;tr&gt;
&lt;td class='confluenceTd'&gt;404&lt;/td&gt;
&lt;td class='confluenceTd'&gt;http://stackoverflow.com/questions/wicket&lt;/td&gt;
&lt;td class='confluenceTd'&gt;stackoverflow&lt;/td&gt;
&lt;td class='confluenceTd'&gt;http://wicket.apache.org/help/&lt;/td&gt;
&lt;/tr&gt;
&lt;tr&gt;
&lt;td class='confluenceTd'&gt;404&lt;/td&gt;
&lt;td class='confluenceTd'&gt;http://oodt.apache.org/components/maven/webapp/filemgr/&lt;/td&gt;
&lt;td class='confluenceTd'&gt;CAS File Manager&lt;/td&gt;
&lt;td class='confluenceTd'&gt;http://wicket.apache.org/apache/&lt;/td&gt;
&lt;/tr&gt;
&lt;tr&gt;
&lt;td class='confluenceTd'&gt;404&lt;/td&gt;
&lt;td class='confluenceTd'&gt;http://oodt.apache.org/components/maven/webapp/workflow/&lt;/td&gt;
&lt;td class='confluenceTd'&gt;CAS Workflow monitor&lt;/td&gt;
&lt;td class='confluenceTd'&gt;http://wicket.apache.org/apache/&lt;/td&gt;
&lt;/tr&gt;
&lt;tr&gt;
&lt;td class='confluenceTd'&gt;-1 Not found: The server returned an invalid or unrecognized response&lt;/td&gt;
&lt;td class='confluenceTd'&gt;http://wicket.apache.org/news/2011/04/02/wicket-1.4.17-released.html&lt;/td&gt;
&lt;td class='confluenceTd'&gt;more&lt;/td&gt;
&lt;td class='confluenceTd'&gt;http://wicket.apache.org/news/&lt;/td&gt;
&lt;/tr&gt;
&lt;tr&gt;
&lt;td class='confluenceTd'&gt;-1 Not found: The server returned an invalid or unrecognized response&lt;/td&gt;
&lt;td class='confluenceTd'&gt;http://wicket.apache.org/news/2011/03/25/wicket-cookbook-published.html&lt;/td&gt;
&lt;td class='confluenceTd'&gt;more&lt;/td&gt;
&lt;td class='confluenceTd'&gt;http://wicket.apache.org/news/&lt;/td&gt;
&lt;/tr&gt;
&lt;tr&gt;
&lt;td class='confluenceTd'&gt;404&lt;/td&gt;
&lt;td class='confluenceTd'&gt;http://mail-archives.apache.org/mod_mbox/wicket-user&lt;/td&gt;
&lt;td class='confluenceTd'&gt;Browse&lt;/td&gt;
&lt;td class='confluenceTd'&gt;http://wicket.apache.org/help/email.html&lt;/td&gt;
&lt;/tr&gt;
&lt;tr&gt;
&lt;td class='confluenceTd'&gt;404&lt;/td&gt;
&lt;td class='confluenceTd'&gt;https://ci.apache.org/projects/wicket/apidocs/1.5.x/index.html&lt;/td&gt;
&lt;td class='confluenceTd'&gt;Redirected 301 (JavaDoc 1.5.x &lt;a href="http://wicket.apache.org/learn/" class="external-link" target="_blank" rel="nofollow noopener"&gt;http://wicket.apache.org/learn/&lt;/a&gt;)&lt;/td&gt;
&lt;td class='confluenceTd'&gt;http://ci.apache.org/projects/wicket/apidocs/1.5.x/index.html&lt;/td&gt;
&lt;/tr&gt;
&lt;tr&gt;
&lt;td class='confluenceTd'&gt;404&lt;/td&gt;
&lt;td class='confluenceTd'&gt;https://ci.apache.org/projects/wicket/apidocs/1.4.x/index.html&lt;/td&gt;
&lt;td class='confluenceTd'&gt;Redirected 301 (JavaDoc 1.4.x &lt;a href="http://wicket.apache.org/learn/" class="external-link" target="_blank" rel="nofollow noopener"&gt;http://wicket.apache.org/learn/&lt;/a&gt;)&lt;/td&gt;
&lt;td class='confluenceTd'&gt;http://ci.apache.org/projects/wicket/apidocs/1.4.x/index.html&lt;/td&gt;
&lt;/tr&gt;
&lt;tr&gt;
&lt;td class='confluenceTd'&gt;404&lt;/td&gt;
&lt;td class='confluenceTd'&gt;https://ci.apache.org/projects/wicket/apidocs/1.3.x/index.html&lt;/td&gt;
&lt;td class='confluenceTd'&gt;Redirected 301 (JavaDoc 1.3.x &lt;a href="http://wicket.apache.org/learn/" class="external-link" target="_blank" rel="nofollow noopener"&gt;http://wicket.apache.org/learn/&lt;/a&gt;)&lt;/td&gt;
&lt;td class='confluenceTd'&gt;http://ci.apache.org/projects/wicket/apidocs/1.3.x/index.html&lt;/td&gt;
&lt;/tr&gt;
&lt;tr&gt;
&lt;td class='confluenceTd'&gt;404&lt;/td&gt;
&lt;td class='confluenceTd'&gt;http://wicket.apache.org/2014/09/15/wicket-1.5.12-released.html&lt;/td&gt;
&lt;td class='confluenceTd'&gt;Apache Wicket 1.5.12&lt;/td&gt;
&lt;td class='confluenceTd'&gt;http://wicket.apache.org/news/2014/09/22/cve-2014-3526.html&lt;/td&gt;
&lt;/tr&gt;
&lt;tr&gt;
&lt;td class='confluenceTd'&gt;404&lt;/td&gt;
&lt;td class='confluenceTd'&gt;http://wicket.apache.org/2014/08/24/wicket-6.17.0-released.html&lt;/td&gt;
&lt;td class='confluenceTd'&gt;Apache Wicket 6.17.0&lt;/td&gt;
&lt;td class='confluenceTd'&gt;http://wicket.apache.org/news/2014/09/22/cve-2014-3526.html&lt;/td&gt;
&lt;/tr&gt;
&lt;tr&gt;
&lt;td class='confluenceTd'&gt;-1 Not found: The server returned an invalid or unrecognized response&lt;/td&gt;
&lt;td class='confluenceTd'&gt;http://wicket.apache.org/2014/08/23/wicket-7.0.0-M3-released.html&lt;/td&gt;
&lt;td class='confluenceTd'&gt;Apache Wicket 7.0.0-M3&lt;/td&gt;
&lt;td class='confluenceTd'&gt;http://wicket.apache.org/news/2014/09/22/cve-2014-3526.html&lt;/td&gt;
&lt;/tr&gt;
&lt;tr&gt;
&lt;td class='confluenceTd'&gt;404&lt;/td&gt;
&lt;td class='confluenceTd'&gt;http://wicket.apache.org/2014/02/21/cve-2014-0043.html&lt;/td&gt;
&lt;td class='confluenceTd'&gt;CVE-2014-0043&lt;/td&gt;
&lt;td class='confluenceTd'&gt;http://wicket.apache.org/news/2014/02/20/wicket-6.14.0-released.html&lt;/td&gt;
&lt;/tr&gt;
&lt;tr&gt;
&lt;td class='confluenceTd'&gt;404&lt;/td&gt;
&lt;td class='confluenceTd'&gt;http://wicket.apache.org/2014/02/06/wicket-1.5.11-released.html&lt;/td&gt;
&lt;td class='confluenceTd'&gt;Apache Wicket 1.5.11&lt;/td&gt;
&lt;td class='confluenceTd'&gt;http://wicket.apache.org/news/2014/02/21/cve-2014-0043.html&lt;/td&gt;
&lt;/tr&gt;
&lt;tr&gt;
&lt;td class='confluenceTd'&gt;404&lt;/td&gt;
&lt;td class='confluenceTd'&gt;http://wicket.apache.org/2014/02/20/wicket-6.14.0-released.html&lt;/td&gt;
&lt;td class='confluenceTd'&gt;Apache Wicket 6.14.0&lt;/td&gt;
&lt;td class='confluenceTd'&gt;http://wicket.apache.org/news/2014/02/21/cve-2014-0043.html&lt;/td&gt;
&lt;/tr&gt;
&lt;tr&gt;
&lt;td class='confluenceTd'&gt;404&lt;/td&gt;
&lt;td class='confluenceTd'&gt;http://wicket.apache.org/2014/02/06/cve-2013-2055.html&lt;/td&gt;
&lt;td class='confluenceTd'&gt;CVE-2013-2055&lt;/td&gt;
&lt;td class='confluenceTd'&gt;http://wicket.apache.org/news/2014/02/06/wicket-1.4.23-released.html&lt;/td&gt;
&lt;/tr&gt;
&lt;tr&gt;
&lt;td class='confluenceTd'&gt;404&lt;/td&gt;
&lt;td class='confluenceTd'&gt;http://wicket.apache.org/2014/02/06/wicket-1.4.23-released.html&lt;/td&gt;
&lt;td class='confluenceTd'&gt;Apache Wicket 1.4.23&lt;/td&gt;
&lt;td class='confluenceTd'&gt;http://wicket.apache.org/news/2014/02/06/cve-2013-2055.html&lt;/td&gt;
&lt;/tr&gt;
&lt;tr&gt;
&lt;td class='confluenceTd'&gt;404&lt;/td&gt;
&lt;td class='confluenceTd'&gt;http://wicket.apache.org/2013/05/17/wicket-6.8.0-released.html&lt;/td&gt;
&lt;td class='confluenceTd'&gt;Apache Wicket 6.8.0&lt;/td&gt;
&lt;td class='confluenceTd'&gt;http://wicket.apache.org/news/2014/02/06/cve-2013-2055.html&lt;/td&gt;
&lt;/tr&gt;
&lt;tr&gt;
&lt;td class='confluenceTd'&gt;404&lt;/td&gt;
&lt;td class='confluenceTd'&gt;http://wicket.apache.org/start/userguide.html&lt;/td&gt;
&lt;td class='confluenceTd'&gt;&#226;&#128;&#156;User guide&#226;&#128;&#157;&lt;/td&gt;
&lt;td class='confluenceTd'&gt;http://wicket.apache.org/news/2014/01/05/wicket-6.13.0-released.html&lt;/td&gt;
&lt;/tr&gt;
&lt;tr&gt;
&lt;td class='confluenceTd'&gt;404&lt;/td&gt;
&lt;td class='confluenceTd'&gt;https://wicket.apache.org/2012/12/14/wicket-6.4.0-released.html&lt;/td&gt;
&lt;td class='confluenceTd'&gt;Apache Wicket 6.4.0&lt;/td&gt;
&lt;td class='confluenceTd'&gt;http://wicket.apache.org/news/2013/03/03/cve-2012-5636.html&lt;/td&gt;
&lt;/tr&gt;
&lt;tr&gt;
&lt;td class='confluenceTd'&gt;404&lt;/td&gt;
&lt;td class='confluenceTd'&gt;https://wicket.apache.org/2013/02/26/wicket-1.5.10-released.html&lt;/td&gt;
&lt;td class='confluenceTd'&gt;Apache Wicket 1.5.10&lt;/td&gt;
&lt;td class='confluenceTd'&gt;http://wicket.apache.org/news/2013/03/03/cve-2012-5636.html&lt;/td&gt;
&lt;/tr&gt;
&lt;tr&gt;
&lt;td class='confluenceTd'&gt;404&lt;/td&gt;
&lt;td class='confluenceTd'&gt;http://wicket.apache.org/news/2012/12/14/WICKET-4880&lt;/td&gt;
&lt;td class='confluenceTd'&gt;&lt;a href="https://issues.apache.org/jira/browse/WICKET-4880" title="Make it possible to override the Ajax behavior of AjaxSubmitLink and AjaxButton" class="issue-link" data-issue-key="WICKET-4880"&gt;&lt;del&gt;WICKET-4880&lt;/del&gt;&lt;/a&gt;&lt;/td&gt;
&lt;td class='confluenceTd'&gt;http://wicket.apache.org/news/2012/12/14/wicket-6.4.0-released.html&lt;/td&gt;
&lt;/tr&gt;
&lt;tr&gt;
&lt;td class='confluenceTd'&gt;404&lt;/td&gt;
&lt;td class='confluenceTd'&gt;https://wicket.apache.org/2012/09/05/wicket-1.4.21-released.html&lt;/td&gt;
&lt;td class='confluenceTd'&gt;Apache Wicket 1.4.21&lt;/td&gt;
&lt;td class='confluenceTd'&gt;http://wicket.apache.org/news/2012/09/06/cve-2012-3373.html&lt;/td&gt;
&lt;/tr&gt;
&lt;tr&gt;
&lt;td class='confluenceTd'&gt;404&lt;/td&gt;
&lt;td class='confluenceTd'&gt;https://wicket.apache.org/2012/08/24/wicket-1.5.8-released.html&lt;/td&gt;
&lt;td class='confluenceTd'&gt;Apache Wicket 1.5.8&lt;/td&gt;
&lt;td class='confluenceTd'&gt;http://wicket.apache.org/news/2012/09/06/cve-2012-3373.html&lt;/td&gt;
&lt;/tr&gt;
&lt;tr&gt;
&lt;td class='confluenceTd'&gt;404&lt;/td&gt;
&lt;td class='confluenceTd'&gt;https://wicket.apache.org/2012/09/05/wicket-6.0.0-released.html&lt;/td&gt;
&lt;td class='confluenceTd'&gt;Apache Wicket 6.0.0&lt;/td&gt;
&lt;td class='confluenceTd'&gt;http://wicket.apache.org/news/2012/09/06/cve-2012-3373.html&lt;/td&gt;
&lt;/tr&gt;
&lt;tr&gt;
&lt;td class='confluenceTd'&gt;404&lt;/td&gt;
&lt;td class='confluenceTd'&gt;http://wicket.apache.org/2012/03/12/wicket-1.4.20-released.html&lt;/td&gt;
&lt;td class='confluenceTd'&gt;Apache Wicket 1.4.20&lt;/td&gt;
&lt;td class='confluenceTd'&gt;http://wicket.apache.org/news/2012/03/22/wicket-cve-2012-0047.html&lt;/td&gt;
&lt;/tr&gt;
&lt;tr&gt;
&lt;td class='confluenceTd'&gt;404&lt;/td&gt;
&lt;td class='confluenceTd'&gt;http://wicket.apache.org/2012/03/12/wicket-1.5.5-released.html&lt;/td&gt;
&lt;td class='confluenceTd'&gt;Apache Wicket 1.5.5&lt;/td&gt;
&lt;td class='confluenceTd'&gt;http://wicket.apache.org/news/2012/03/22/wicket-cve-2012-0047.html&lt;/td&gt;
&lt;/tr&gt;
&lt;tr&gt;
&lt;td class='confluenceTd'&gt;404&lt;/td&gt;
&lt;td class='confluenceTd'&gt;http://wicket.apache.org/2011/08/09/wicket-1.4.18-released.html&lt;/td&gt;
&lt;td class='confluenceTd'&gt;Apache Wicket 1.4.18&lt;/td&gt;
&lt;td class='confluenceTd'&gt;http://wicket.apache.org/news/2011/08/23/cve-2011-2712.html&lt;/td&gt;
&lt;/tr&gt;
&lt;tr&gt;
&lt;td class='confluenceTd'&gt;network error&lt;/td&gt;
&lt;td class='confluenceTd'&gt;http://wicket.apache.org/2011/06/25/wicket-1.5-RC5.1-released.html&lt;/td&gt;
&lt;td class='confluenceTd'&gt;Apache Wicket 1.5-RC5.1&lt;/td&gt;
&lt;td class='confluenceTd'&gt;http://wicket.apache.org/news/2011/08/23/cve-2011-2712.html&lt;/td&gt;
&lt;/tr&gt;
&lt;tr&gt;
&lt;td class='confluenceTd'&gt;404&lt;/td&gt;
&lt;td class='confluenceTd'&gt;https://ci.apache.org/projects/wicket/apidocs/6.0.x/org/apache/wicket/core/util/string/ComponentRenderer.html&lt;/td&gt;
&lt;td class='confluenceTd'&gt;Redirected 301 (ComponentRenderer &lt;a href="http://wicket.apache.org/news/2013/04/12/wicket-6.7.0-released.html" class="external-link" target="_blank" rel="nofollow noopener"&gt;http://wicket.apache.org/news/2013/04/12/wicket-6.7.0-released.html&lt;/a&gt;)&lt;/td&gt;
&lt;td class='confluenceTd'&gt;http://ci.apache.org/projects/wicket/apidocs/6.0.x/org/apache/wicket/core/util/string/ComponentRenderer.html&lt;/td&gt;
&lt;/tr&gt;
&lt;tr&gt;
&lt;td class='confluenceTd'&gt;404&lt;/td&gt;
&lt;td class='confluenceTd'&gt;http://wicket.apache.org/screencasts/ApacheWicket_MarkupInheritence.avi&lt;/td&gt;
&lt;td class='confluenceTd'&gt;Watch the Screencast&lt;/td&gt;
&lt;td class='confluenceTd'&gt;http://wicket.apache.org/learn/examples/markupinheritance.html&lt;/td&gt;
&lt;/tr&gt;
&lt;tr&gt;
&lt;td class='confluenceTd'&gt;network error&lt;/td&gt;
&lt;td class='confluenceTd'&gt;http://wicketframework.org/api/wicket/settings/IMarkupSettings&lt;/td&gt;
&lt;td class='confluenceTd'&gt;IMarkupSettings&lt;/td&gt;
&lt;td class='confluenceTd'&gt;http://wicket.apache.org/learn/examples/markupinheritance.html&lt;/td&gt;
&lt;/tr&gt;
&lt;tr&gt;
&lt;td class='confluenceTd'&gt;network error&lt;/td&gt;
&lt;td class='confluenceTd'&gt;https://cwiki.apache.org/confluence/display/robots.txt&lt;/td&gt;
&lt;td class='confluenceTd'&gt;Redirected 301 (here &lt;a href="http://wicket.apache.org/learn/examples/dropdownchoice.html" class="external-link" target="_blank" rel="nofollow noopener"&gt;http://wicket.apache.org/learn/examples/dropdownchoice.html&lt;/a&gt;)&lt;/td&gt;
&lt;td class='confluenceTd'&gt;https://cwiki.apache.org/confluence/display/WICKET/Working+with+Wicket+models&lt;/td&gt;
&lt;/tr&gt;
&lt;/tbody&gt;&lt;/table&gt;
&lt;/div&gt;
</description>
                <environment />
        <key id="12845610">WICKET-5954</key>
            <summary>Broken links in new site</summary>
                <type id="1" iconUrl="https://issues.apache.org/jira/secure/viewavatar?size=xsmall&amp;avatarId=21133&amp;avatarType=issuetype">Bug</type>
                                            <priority id="4" iconUrl="https://issues.apache.org/jira/images/icons/priorities/minor.svg">Minor</priority>
                        <status id="6" iconUrl="https://issues.apache.org/jira/images/icons/statuses/closed.png" description="The issue is considered finished, the resolution is correct. Issues which are not closed can be reopened.">Closed</status>
                    <statusCategory id="3" key="done" colorName="green" />
                                    <resolution id="1">Fixed</resolution>
                                        <assignee username="bitstorm">Andrea Del Bene</assignee>
                                    <reporter username="froque">Filipe Roque</reporter>
                        <labels>
                    </labels>
                <created>Thu, 16 Jul 2015 14:33:43 +0000</created>
                <updated>Thu, 23 Jul 2015 17:56:13 +0000</updated>
                            <resolved>Thu, 23 Jul 2015 17:56:13 +0000</resolved>
                                                                    <component>site</component>
                        <due />
                            <votes>0</votes>
                                    <watches>2</watches>
                                                                <comments>
                            <comment id="14639269" author="bitstorm" created="Thu, 23 Jul 2015 17:56:13 +0000">&lt;p&gt;I couldn't regenerate the API docs for 1.3, but the rest of the links are ok now.&lt;/p&gt;</comment>
                    </comments>
                    <attachments>
                    </attachments>
                <subtasks>
                    </subtasks>
                <customfields>
                                                                                                                                                                                                                                                                                                                                                                                                                                                                                                                                                                                                                                                                                                                    <customfield id="customfield_12314020" key="com.atlassian.jira.plugins.jira-development-integration-plugin:devsummary">
                        <customfieldname>Development</customfieldname>
                        <customfieldvalues>
                            
                        </customfieldvalues>
                    </customfield>
                                                                                                                        <customfield id="customfield_12313422" key="com.atlassian.jirafisheyeplugin:jobcheckbox">
                        <customfieldname>Enable Automatic Patch Review</customfieldname>
                        <customfieldvalues>
                            <customfieldvalue>false</customfieldvalue>

                        </customfieldvalues>
                    </customfield>
                                                                                                                                                                                                                                                                                                                                                                                                                                                                                                                                                                                                                    <customfield id="customfield_12310420" key="com.pyxis.greenhopper.jira:gh-global-rank">
                        <customfieldname>Global Rank</customfieldname>
                        <customfieldvalues>
                            <customfieldvalue>9223372036854775807</customfieldvalue>
                        </customfieldvalues>
                    </customfield>
                                                                                                                                                                                                                                                                                                                                                                                                                                                                        <customfield id="customfield_12311820" key="com.pyxis.greenhopper.jira:gh-lexo-rank">
                        <customfieldname>Rank</customfieldname>
                        <customfieldvalues>
                            <customfieldvalue>0|i2hcb3:</customfieldvalue>

                        </customfieldvalues>
                    </customfield>
                                                                <customfield id="customfield_12310920" key="com.pyxis.greenhopper.jira:gh-global-rank">
                        <customfieldname>Rank (Obsolete)</customfieldname>
                        <customfieldvalues>
                            <customfieldvalue>9223372036854775807</customfieldvalue>
                        </customfieldvalues>
                    </customfield>
                                                                                                                                                                                                                                                                                                                                                                                                                                                                                                                                                                                                                                                                                                                                                                                            </customfields>
    </item>


</channel>
</rss>