<rss version="0.92">
    <channel>
        <title>ASF JIRA</title>
        <link>https://issues.apache.org/jira/issues/?jql=project+%3D+wicket+and+type+%3D+bug+and+%28status+%3D+RESOLVED+or+status+%3D+closed%29</link>
        <description>An XML representation of a search request</description>
                <language>en-uk</language>
                        <issue start="0" end="1000" total="4133" />
                <build-info>
            <version>8.20.7</version>
            <build-number>820007</build-number>
            <build-date>16-03-2022</build-date>
        </build-info>

<item>
            <title>[WICKET-5961] Wicket1.5 TreeTable can't find markup</title>
                <link>https://issues.apache.org/jira/browse/WICKET-5961</link>
                <project id="12310561" key="WICKET">Wicket</project>
                    <description>&lt;p&gt;The recently moved TreeTable can't find its markup (for a TreeTableItem):&lt;/p&gt;

&lt;div class="code panel" style="border-width: 1px;"&gt;&lt;div class="codeContent panelContent"&gt;
&lt;pre class="code-java"&gt;org.apache.wicket.markup.MarkupNotFoundException: Markup not found &lt;span class="code-keyword"&gt;for&lt;/span&gt; Component: [TreeTableItem [Component id = 0]]
	at org.apache.wicket.Component.internalRender(Component.java:2347)
	at org.apache.wicket.Component.render(Component.java:2307)
	at org.apache.wicket.extensions.markup.html.tree.table.SideColumnsView.onRender(SideColumnsView.java:103)
	at org.apache.wicket.Component.internalRender(Component.java:2379)
	at org.apache.wicket.Component.render(Component.java:2307)
	at org.apache.wicket.MarkupContainer.renderNext(MarkupContainer.java:1407)
	at org.apache.wicket.MarkupContainer.renderAll(MarkupContainer.java:1604)
	at org.apache.wicket.MarkupContainer.renderComponentTagBody(MarkupContainer.java:1579)
	at org.apache.wicket.MarkupContainer.renderAssociatedMarkup(MarkupContainer.java:691)
	at org.apache.wicket.markup.html.panel.AssociatedMarkupSourcingStrategy.renderAssociatedMarkup(AssociatedMarkupSourcingStrategy.java:77)
	at org.apache.wicket.markup.html.panel.PanelMarkupSourcingStrategy.onComponentTagBody(PanelMarkupSourcingStrategy.java:112)
	at org.apache.wicket.Component.internalRenderComponent(Component.java:2564)
	at org.apache.wicket.MarkupContainer.onRender(MarkupContainer.java:1543)
	at org.apache.wicket.Component.internalRender(Component.java:2379)
	at org.apache.wicket.Component.render(Component.java:2307)
	at org.apache.wicket.MarkupContainer.renderNext(MarkupContainer.java:1407)
	at org.apache.wicket.MarkupContainer.renderAll(MarkupContainer.java:1604)
	at org.apache.wicket.Page.onRender(Page.java:879)
	at org.apache.wicket.markup.html.WebPage.onRender(WebPage.java:141)
	at org.apache.wicket.Component.internalRender(Component.java:2379)
	at org.apache.wicket.Component.render(Component.java:2307)
	at org.apache.wicket.Page.renderPage(Page.java:1018)
	at org.apache.wicket.request.handler.render.WebPageRenderer.renderPage(WebPageRenderer.java:124)
	at org.apache.wicket.request.handler.render.WebPageRenderer.respond(WebPageRenderer.java:236)
	at org.apache.wicket.util.tester.BaseWicketTester$LastPageRecordingPageRendererProvider$1.respond(BaseWicketTester.java:2745)
	at org.apache.wicket.core.request.handler.RenderPageRequestHandler.respond(RenderPageRequestHandler.java:175)
	at org.apache.wicket.request.cycle.RequestCycle$HandlerExecutor.respond(RequestCycle.java:865)
	at org.apache.wicket.request.RequestHandlerStack.execute(RequestHandlerStack.java:64)
	at org.apache.wicket.request.cycle.RequestCycle.execute(RequestCycle.java:265)
	at org.apache.wicket.request.cycle.RequestCycle.processRequest(RequestCycle.java:222)
	at org.apache.wicket.request.cycle.RequestCycle.processRequestAndDetach(RequestCycle.java:293)
	at org.apache.wicket.util.tester.BaseWicketTester.processRequest(BaseWicketTester.java:718)
	at org.apache.wicket.util.tester.BaseWicketTester.processRequest(BaseWicketTester.java:657)
	at org.apache.wicket.util.tester.BaseWicketTester.processRequest(BaseWicketTester.java:629)
	at org.apache.wicket.util.tester.BaseWicketTester.startPage(BaseWicketTester.java:1262)
	at org.apache.wicket.util.tester.BaseWicketTester.startPage(BaseWicketTester.java:1235)
	at org.apache.wicket.extensions.markup.html.tree.HomePageTest.homepageRenders(HomePageTest.java:10)
	at sun.reflect.NativeMethodAccessorImpl.invoke0(Native Method)
	at sun.reflect.NativeMethodAccessorImpl.invoke(NativeMethodAccessorImpl.java:57)
	at sun.reflect.DelegatingMethodAccessorImpl.invoke(DelegatingMethodAccessorImpl.java:43)
	at java.lang.reflect.Method.invoke(Method.java:606)
	at org.junit.runners.model.FrameworkMethod$1.runReflectiveCall(FrameworkMethod.java:50)
	at org.junit.internal.runners.model.ReflectiveCallable.run(ReflectiveCallable.java:12)
	at org.junit.runners.model.FrameworkMethod.invokeExplosively(FrameworkMethod.java:47)
	at org.junit.internal.runners.statements.InvokeMethod.evaluate(InvokeMethod.java:17)
	at org.junit.runners.ParentRunner.runLeaf(ParentRunner.java:325)
	at org.junit.runners.BlockJUnit4ClassRunner.runChild(BlockJUnit4ClassRunner.java:78)
	at org.junit.runners.BlockJUnit4ClassRunner.runChild(BlockJUnit4ClassRunner.java:57)
	at org.junit.runners.ParentRunner$3.run(ParentRunner.java:290)
	at org.junit.runners.ParentRunner$1.schedule(ParentRunner.java:71)
	at org.junit.runners.ParentRunner.runChildren(ParentRunner.java:288)
	at org.junit.runners.ParentRunner.access$000(ParentRunner.java:58)
	at org.junit.runners.ParentRunner$2.evaluate(ParentRunner.java:268)
	at org.junit.runners.ParentRunner.run(ParentRunner.java:363)
	at org.eclipse.jdt.internal.junit4.runner.JUnit4TestReference.run(JUnit4TestReference.java:86)
	at org.eclipse.jdt.internal.junit.runner.TestExecution.run(TestExecution.java:38)
	at org.eclipse.jdt.internal.junit.runner.RemoteTestRunner.runTests(RemoteTestRunner.java:459)
	at org.eclipse.jdt.internal.junit.runner.RemoteTestRunner.runTests(RemoteTestRunner.java:675)
	at org.eclipse.jdt.internal.junit.runner.RemoteTestRunner.run(RemoteTestRunner.java:382)
	at org.eclipse.jdt.internal.junit.runner.RemoteTestRunner.main(RemoteTestRunner.java:192)
&lt;/pre&gt;
&lt;/div&gt;&lt;/div&gt;

&lt;p&gt;While the TreeTable (and other components from wicket15 tree) were moved as they are considered unsupported, the current implementation of Wicket 7 seems like a regression.&lt;/p&gt;</description>
                <environment />
        <key id="12852504">WICKET-5961</key>
            <summary>Wicket1.5 TreeTable can't find markup</summary>
                <type id="1" iconUrl="https://issues.apache.org/jira/secure/viewavatar?size=xsmall&amp;avatarId=21133&amp;avatarType=issuetype">Bug</type>
                                            <priority id="3" iconUrl="https://issues.apache.org/jira/images/icons/priorities/major.svg">Major</priority>
                        <status id="5" iconUrl="https://issues.apache.org/jira/images/icons/statuses/resolved.png" description="A resolution has been taken, and it is awaiting verification by reporter. From here issues are either reopened, or are closed.">Resolved</status>
                    <statusCategory id="3" key="done" colorName="green" />
                                    <resolution id="2">Won't Fix</resolution>
                                        <assignee username="svenmeier">Sven Meier</assignee>
                                    <reporter username="dashorst">Martijn Dashorst</reporter>
                        <labels>
                    </labels>
                <created>Thu, 6 Aug 2015 08:18:34 +0000</created>
                <updated>Mon, 9 Dec 2019 13:09:43 +0000</updated>
                            <resolved>Mon, 9 Dec 2019 13:09:43 +0000</resolved>
                                    <version>7.0.0</version>
                                                    <component>wicket</component>
                        <due />
                            <votes>0</votes>
                                    <watches>1</watches>
                                                                <comments>
                            <comment id="14659899" author="dashorst" created="Thu, 6 Aug 2015 12:03:57 +0000">&lt;p&gt;I've bisected Wicket and this issue, and the regression was introduced by removing 'old wicket 1.4-&amp;gt;1.5' migration code from DefaultMarkupSourcingStrategy in commit &lt;a href="https://github.com/apache/wicket/commit/f89b15618243075f8a8e90cb826550af525dabb7" class="external-link" target="_blank" rel="nofollow noopener"&gt;https://github.com/apache/wicket/commit/f89b15618243075f8a8e90cb826550af525dabb7&lt;/a&gt;, that actually had one side effect on line 123 of the diff:&lt;/p&gt;
&lt;div class="code panel" style="border-width: 1px;"&gt;&lt;div class="codeContent panelContent"&gt;
&lt;pre class="code-java"&gt;    &lt;span class="code-comment"&gt;// The LoopItems markup is equal to the Loops markup
&lt;/span&gt;    markup = container.getMarkup();
&lt;/pre&gt;
&lt;/div&gt;&lt;/div&gt;

&lt;p&gt;Reintroducing this old behaviour into DefaultMarkupSourcingStrategy solves the problem from the TreeTableItem, but lets two test cases in Wicket 7 fail:&lt;/p&gt;

&lt;p&gt;1. MarkupFragmentTest.panel&lt;br/&gt;
2. MarkupFragmentTest.panelWithAutoComponent&lt;/p&gt;

&lt;p&gt;Both with the following failure:&lt;/p&gt;

&lt;div class="code panel" style="border-width: 1px;"&gt;&lt;div class="codeContent panelContent"&gt;
&lt;pre class="code-java"&gt;java.lang.AssertionError: expected &lt;span class="code-keyword"&gt;null&lt;/span&gt;, but was:&amp;lt;file:/Users/dashorst/Workspaces/wicket7/wicket/wicket-core/target/test-classes/org/apache/wicket/markupFragments/MyPage.html
&amp;lt;!--
    ====================================================================
    Licensed under the Apache License, Version 2.0 (the &lt;span class="code-quote"&gt;"License"&lt;/span&gt;);
    you may not use &lt;span class="code-keyword"&gt;this&lt;/span&gt; file except in compliance with the License.
    You may obtain a copy of the License at

     http:&lt;span class="code-comment"&gt;//www.apache.org/licenses/LICENSE-2.0
&lt;/span&gt;
    Unless required by applicable law or agreed to in writing, software
    distributed under the License is distributed on an &lt;span class="code-quote"&gt;"AS IS"&lt;/span&gt; BASIS,
    WITHOUT WARRANTIES OR CONDITIONS OF ANY KIND, either express or implied.
    See the License &lt;span class="code-keyword"&gt;for&lt;/span&gt; the specific language governing permissions and
    limitations under the License.
--&amp;gt;
&amp;lt;html xmlns:wicket&amp;gt;
&amp;lt;head&amp;gt;&amp;lt;/head&amp;gt;&amp;lt;body&amp;gt;
  &amp;lt;span wicket:id=&lt;span class="code-quote"&gt;"label"&lt;/span&gt;&amp;gt;text&amp;lt;/span&amp;gt;
  &amp;lt;span wicket:id=&lt;span class="code-quote"&gt;"container"&lt;/span&gt;&amp;gt;text&amp;lt;/span&amp;gt;
&amp;lt;/body&amp;gt;
&amp;lt;/html&amp;gt;
&amp;gt;
	at org.junit.Assert.fail(Assert.java:88)
	at org.junit.Assert.failNotNull(Assert.java:755)
	at org.junit.Assert.assertNull(Assert.java:737)
	at org.junit.Assert.assertNull(Assert.java:747)
	at org.apache.wicket.markupFragments.MarkupFragmentTest.panel(MarkupFragmentTest.java:70)
	at sun.reflect.NativeMethodAccessorImpl.invoke0(Native Method)
	at sun.reflect.NativeMethodAccessorImpl.invoke(NativeMethodAccessorImpl.java:57)
	at sun.reflect.DelegatingMethodAccessorImpl.invoke(DelegatingMethodAccessorImpl.java:43)
	at java.lang.reflect.Method.invoke(Method.java:606)
	at org.junit.runners.model.FrameworkMethod$1.runReflectiveCall(FrameworkMethod.java:50)
	at org.junit.internal.runners.model.ReflectiveCallable.run(ReflectiveCallable.java:12)
	at org.junit.runners.model.FrameworkMethod.invokeExplosively(FrameworkMethod.java:47)
	at org.junit.internal.runners.statements.InvokeMethod.evaluate(InvokeMethod.java:17)
	at org.junit.internal.runners.statements.RunBefores.evaluate(RunBefores.java:26)
	at org.junit.internal.runners.statements.RunAfters.evaluate(RunAfters.java:27)
	at org.junit.runners.ParentRunner.runLeaf(ParentRunner.java:325)
	at org.junit.runners.BlockJUnit4ClassRunner.runChild(BlockJUnit4ClassRunner.java:78)
	at org.junit.runners.BlockJUnit4ClassRunner.runChild(BlockJUnit4ClassRunner.java:57)
	at org.junit.runners.ParentRunner$3.run(ParentRunner.java:290)
	at org.junit.runners.ParentRunner$1.schedule(ParentRunner.java:71)
	at org.junit.runners.ParentRunner.runChildren(ParentRunner.java:288)
	at org.junit.runners.ParentRunner.access$000(ParentRunner.java:58)
	at org.junit.runners.ParentRunner$2.evaluate(ParentRunner.java:268)
	at org.junit.runners.ParentRunner.run(ParentRunner.java:363)
	at org.eclipse.jdt.internal.junit4.runner.JUnit4TestReference.run(JUnit4TestReference.java:86)
	at org.eclipse.jdt.internal.junit.runner.TestExecution.run(TestExecution.java:38)
	at org.eclipse.jdt.internal.junit.runner.RemoteTestRunner.runTests(RemoteTestRunner.java:459)
	at org.eclipse.jdt.internal.junit.runner.RemoteTestRunner.runTests(RemoteTestRunner.java:675)
	at org.eclipse.jdt.internal.junit.runner.RemoteTestRunner.run(RemoteTestRunner.java:382)
	at org.eclipse.jdt.internal.junit.runner.RemoteTestRunner.main(RemoteTestRunner.java:192)
&lt;/pre&gt;
&lt;/div&gt;&lt;/div&gt;

&lt;p&gt;This assertion fails:&lt;/p&gt;
&lt;div class="code panel" style="border-width: 1px;"&gt;&lt;div class="codeContent panelContent"&gt;
&lt;pre class="code-java"&gt;	&lt;span class="code-comment"&gt;// The Page is missing the tag to &lt;span class="code-quote"&gt;"call"&lt;/span&gt; the panel
&lt;/span&gt;	assertNull(panel.getMarkup());
&lt;/pre&gt;
&lt;/div&gt;&lt;/div&gt;</comment>
                            <comment id="14699213" author="dashorst" created="Mon, 17 Aug 2015 08:48:25 +0000">&lt;p&gt;I still think this is a regression from 6 to 7. The mentioned commit f89b15618243075f8a8e90cb826550af525dabb7 removes previous working markup, and I'm not convinced the two tests failing (MarkupFragmentTest.panel and MarkupFragmentTest.panelWithAutoComponent) are actually testing a valid assumption (because I don't know what the assumption is that they are testing--I only see the state being tested).&lt;/p&gt;</comment>
                            <comment id="16991570" author="svenmeier" created="Mon, 9 Dec 2019 13:09:43 +0000">&lt;p&gt;TreeTable is deprecated.&lt;/p&gt;</comment>
                    </comments>
                    <attachments>
                    </attachments>
                <subtasks>
                    </subtasks>
                <customfields>
                                                                                                                                                                                                                                                                                                                                                                                                                                                                                                                                                                                                                                                                                                                    <customfield id="customfield_12314020" key="com.atlassian.jira.plugins.jira-development-integration-plugin:devsummary">
                        <customfieldname>Development</customfieldname>
                        <customfieldvalues>
                            
                        </customfieldvalues>
                    </customfield>
                                                                                                                        <customfield id="customfield_12313422" key="com.atlassian.jirafisheyeplugin:jobcheckbox">
                        <customfieldname>Enable Automatic Patch Review</customfieldname>
                        <customfieldvalues>
                            <customfieldvalue>false</customfieldvalue>

                        </customfieldvalues>
                    </customfield>
                                                                                                                                                                                                                                                                                                                                                                                                                                                                                                                                                                                                                    <customfield id="customfield_12310420" key="com.pyxis.greenhopper.jira:gh-global-rank">
                        <customfieldname>Global Rank</customfieldname>
                        <customfieldvalues>
                            <customfieldvalue>9223372036854775807</customfieldvalue>
                        </customfieldvalues>
                    </customfield>
                                                                                                                                                                                                                                                                                                                                                                                                                                                                        <customfield id="customfield_12311820" key="com.pyxis.greenhopper.jira:gh-lexo-rank">
                        <customfieldname>Rank</customfieldname>
                        <customfieldvalues>
                            <customfieldvalue>0|i2ieon:</customfieldvalue>

                        </customfieldvalues>
                    </customfield>
                                                                <customfield id="customfield_12310920" key="com.pyxis.greenhopper.jira:gh-global-rank">
                        <customfieldname>Rank (Obsolete)</customfieldname>
                        <customfieldvalues>
                            <customfieldvalue>9223372036854775807</customfieldvalue>
                        </customfieldvalues>
                    </customfield>
                                                                                                                                                                                                                                                                                                                                                                                                                                                                                                                                                                                                                                                                                                                                                                                            </customfields>
    </item>


</channel>
</rss>