<rss version="0.92">
    <channel>
        <title>ASF JIRA</title>
        <link>https://issues.apache.org/jira/issues/?jql=project+%3D+wicket+and+type+%3D+bug+and+%28status+%3D+RESOLVED+or+status+%3D+closed%29</link>
        <description>An XML representation of a search request</description>
                <language>en-uk</language>
                        <issue start="0" end="1000" total="4133" />
                <build-info>
            <version>8.20.7</version>
            <build-number>820007</build-number>
            <build-date>16-03-2022</build-date>
        </build-info>

<item>
            <title>[WICKET-5825] Deployment of wicket-examples.war fails in Tomcat</title>
                <link>https://issues.apache.org/jira/browse/WICKET-5825</link>
                <project id="12310561" key="WICKET">Wicket</project>
                    <description>&lt;p&gt;Trying to deploy wicket-examples.war in Tomcat 7(.0.55) and 8(.0.17) fails with:&lt;/p&gt;

&lt;p&gt;Caused by: java.lang.ClassNotFoundException: javax.validation.constraints.Pattern$Flag&lt;br/&gt;
	at org.apache.catalina.loader.WebappClassLoader.loadClass(WebappClassLoader.java:1720)&lt;br/&gt;
	at org.apache.catalina.loader.WebappClassLoader.loadClass(WebappClassLoader.java:1571)&lt;br/&gt;
	... 51 more&lt;/p&gt;

&lt;p&gt;It seems javax-validation-api.jar should be added to the dependencies ?!&lt;/p&gt;</description>
                <environment />
        <key id="12770701">WICKET-5825</key>
            <summary>Deployment of wicket-examples.war fails in Tomcat</summary>
                <type id="1" iconUrl="https://issues.apache.org/jira/secure/viewavatar?size=xsmall&amp;avatarId=21133&amp;avatarType=issuetype">Bug</type>
                                            <priority id="3" iconUrl="https://issues.apache.org/jira/images/icons/priorities/major.svg">Major</priority>
                        <status id="5" iconUrl="https://issues.apache.org/jira/images/icons/statuses/resolved.png" description="A resolution has been taken, and it is awaiting verification by reporter. From here issues are either reopened, or are closed.">Resolved</status>
                    <statusCategory id="3" key="done" colorName="green" />
                                    <resolution id="1">Fixed</resolution>
                                        <assignee username="-1">Unassigned</assignee>
                                    <reporter username="mgrigorov">Martin Tzvetanov Grigorov</reporter>
                        <labels>
                    </labels>
                <created>Wed, 28 Jan 2015 15:59:19 +0000</created>
                <updated>Tue, 3 Mar 2015 12:55:03 +0000</updated>
                            <resolved>Tue, 3 Mar 2015 12:55:03 +0000</resolved>
                                    <version>7.0.0-M5</version>
                                    <fixVersion>7.0.0-M6</fixVersion>
                                    <component>wicket-examples</component>
                        <due />
                            <votes>0</votes>
                                    <watches>4</watches>
                                                                <comments>
                            <comment id="14295323" author="mgrigorov" created="Wed, 28 Jan 2015 16:01:27 +0000">&lt;p&gt;At the moment "mvn dependency:tree" returns;&lt;br/&gt;
INFO] +- org.hibernate:hibernate-validator:jar:5.1.2.Final:compile&lt;br/&gt;
&lt;span class="error"&gt;&amp;#91;INFO&amp;#93;&lt;/span&gt; |  +- javax.validation:validation-api:jar:1.1.0.Final:provided&lt;/p&gt;</comment>
                            <comment id="14342980" author="klopfdreh" created="Mon, 2 Mar 2015 09:42:17 +0000">&lt;p&gt;Since commit:&lt;/p&gt;

&lt;p&gt;&lt;a href="https://github.com/apache/wicket/commit/bf118fbf67ab4d8f39aba57ddca746390eb07b8a#diff-1e12ef18fcf88b883ec6c8e33acaa471" class="external-link" target="_blank" rel="nofollow noopener"&gt;https://github.com/apache/wicket/commit/bf118fbf67ab4d8f39aba57ddca746390eb07b8a#diff-1e12ef18fcf88b883ec6c8e33acaa471&lt;/a&gt;&lt;/p&gt;

&lt;p&gt;The dependency:&lt;/p&gt;

&lt;p&gt;&amp;lt;dependency&amp;gt;&lt;br/&gt;
&amp;lt;groupId&amp;gt;org.hibernate&amp;lt;/groupId&amp;gt;&lt;br/&gt;
&amp;lt;artifactId&amp;gt;hibernate-validator&amp;lt;/artifactId&amp;gt;&lt;br/&gt;
&amp;lt;version&amp;gt;5.1.2.Final&amp;lt;/version&amp;gt;&lt;br/&gt;
&amp;lt;/dependency&amp;gt;&lt;/p&gt;

&lt;p&gt;has been replaced by:&lt;/p&gt;

&lt;p&gt;&amp;lt;dependency&amp;gt;&lt;br/&gt;
&amp;lt;groupId&amp;gt;org.hibernate&amp;lt;/groupId&amp;gt;&lt;br/&gt;
&amp;lt;artifactId&amp;gt;hibernate-validator&amp;lt;/artifactId&amp;gt;&lt;br/&gt;
&amp;lt;scope&amp;gt;compile&amp;lt;/scope&amp;gt;&lt;br/&gt;
&amp;lt;/dependency&amp;gt;&lt;/p&gt;

&lt;p&gt;Maybe just remove the scope and try again. &lt;img class="emoticon" src="https://issues.apache.org/jira/images/icons/emoticons/smile.png" height="16" width="16" align="absmiddle" alt="" border="0"/&gt;&lt;/p&gt;</comment>
                            <comment id="14343171" author="klopfdreh" created="Mon, 2 Mar 2015 14:03:36 +0000">&lt;p&gt;Oh, just saw that the parent declares hibernate-validator with scope test, so let it away would not solve the issue. It seems that there is an issue by overriding the scope. &lt;/p&gt;

&lt;p&gt;I try to fix it this afternoon.&lt;/p&gt;</comment>
                            <comment id="14343299" author="klopfdreh" created="Mon, 2 Mar 2015 16:00:18 +0000">&lt;p&gt;Ok, the server is providing the api 1.0.x, but because hibernate-validator has been upgraded to 5.x the dependency must be given to the project dependencies (because of new spec JSR-303 -&amp;gt; JSR-349):&lt;/p&gt;

&lt;p&gt;&lt;a href="http://stackoverflow.com/questions/14730329/jpa-2-0-exception-to-use-javax-validation-package-in-jpa-2-0" class="external-link" target="_blank" rel="nofollow noopener"&gt;http://stackoverflow.com/questions/14730329/jpa-2-0-exception-to-use-javax-validation-package-in-jpa-2-0&lt;/a&gt;&lt;/p&gt;

&lt;p&gt;The exception is not the same, but the reason which leads to the exception is the same.&lt;/p&gt;

&lt;p&gt;I add the validation dependency 1.1.x and we have to try it again.&lt;/p&gt;</comment>
                            <comment id="14343310" author="githubbot" created="Mon, 2 Mar 2015 16:06:08 +0000">&lt;p&gt;GitHub user klopfdreh opened a pull request:&lt;/p&gt;

&lt;p&gt;    &lt;a href="https://github.com/apache/wicket/pull/102" class="external-link" target="_blank" rel="nofollow noopener"&gt;https://github.com/apache/wicket/pull/102&lt;/a&gt;&lt;/p&gt;

&lt;p&gt;    &lt;a href="https://issues.apache.org/jira/browse/WICKET-5825" title="Deployment of wicket-examples.war fails in Tomcat" class="issue-link" data-issue-key="WICKET-5825"&gt;&lt;del&gt;WICKET-5825&lt;/del&gt;&lt;/a&gt;&lt;/p&gt;

&lt;p&gt;    See &lt;a href="https://issues.apache.org/jira/browse/WICKET-5825" class="external-link" rel="nofollow"&gt;https://issues.apache.org/jira/browse/WICKET-5825&lt;/a&gt; for more information.&lt;/p&gt;

&lt;p&gt;You can merge this pull request into a Git repository by running:&lt;/p&gt;

&lt;p&gt;    $ git pull &lt;a href="https://github.com/klopfdreh/wicket" class="external-link" target="_blank" rel="nofollow noopener"&gt;https://github.com/klopfdreh/wicket&lt;/a&gt; &lt;a href="https://issues.apache.org/jira/browse/WICKET-5825" title="Deployment of wicket-examples.war fails in Tomcat" class="issue-link" data-issue-key="WICKET-5825"&gt;&lt;del&gt;WICKET-5825&lt;/del&gt;&lt;/a&gt;_validation&lt;/p&gt;

&lt;p&gt;Alternatively you can review and apply these changes as the patch at:&lt;/p&gt;

&lt;p&gt;    &lt;a href="https://github.com/apache/wicket/pull/102.patch" class="external-link" target="_blank" rel="nofollow noopener"&gt;https://github.com/apache/wicket/pull/102.patch&lt;/a&gt;&lt;/p&gt;

&lt;p&gt;To close this pull request, make a commit to your master/trunk branch&lt;br/&gt;
with (at least) the following in the commit message:&lt;/p&gt;

&lt;p&gt;    This closes #102&lt;/p&gt;

&lt;hr /&gt;
&lt;p&gt;commit f8d0b587425c6e2132301bcb610313215762ecb1&lt;br/&gt;
Author: klopfdreh &amp;lt;klopfdreh@192.168.2.110&amp;gt;&lt;br/&gt;
Date:   2015-03-02T16:03:37Z&lt;/p&gt;

&lt;p&gt;    &lt;a href="https://issues.apache.org/jira/browse/WICKET-5825" title="Deployment of wicket-examples.war fails in Tomcat" class="issue-link" data-issue-key="WICKET-5825"&gt;&lt;del&gt;WICKET-5825&lt;/del&gt;&lt;/a&gt;&lt;/p&gt;

&lt;hr /&gt;</comment>
                            <comment id="14345016" author="jira-bot" created="Tue, 3 Mar 2015 12:36:46 +0000">&lt;p&gt;Commit f8d0b587425c6e2132301bcb610313215762ecb1 in wicket's branch refs/heads/master from klopfdreh&lt;br/&gt;
[ &lt;a href="https://git-wip-us.apache.org/repos/asf?p=wicket.git;h=f8d0b58" class="external-link" target="_blank" rel="nofollow noopener"&gt;https://git-wip-us.apache.org/repos/asf?p=wicket.git;h=f8d0b58&lt;/a&gt; ]&lt;/p&gt;

&lt;p&gt;&lt;a href="https://issues.apache.org/jira/browse/WICKET-5825" title="Deployment of wicket-examples.war fails in Tomcat" class="issue-link" data-issue-key="WICKET-5825"&gt;&lt;del&gt;WICKET-5825&lt;/del&gt;&lt;/a&gt;&lt;/p&gt;</comment>
                            <comment id="14345017" author="jira-bot" created="Tue, 3 Mar 2015 12:36:52 +0000">&lt;p&gt;Commit 12d98aab38ee5bdfd12a84a4905497d87fac35d5 in wicket's branch refs/heads/master from &lt;a href="https://issues.apache.org/jira/secure/ViewProfile.jspa?name=mgrigorov" class="user-hover" rel="mgrigorov"&gt;mgrigorov&lt;/a&gt;&lt;br/&gt;
[ &lt;a href="https://git-wip-us.apache.org/repos/asf?p=wicket.git;h=12d98aa" class="external-link" target="_blank" rel="nofollow noopener"&gt;https://git-wip-us.apache.org/repos/asf?p=wicket.git;h=12d98aa&lt;/a&gt; ]&lt;/p&gt;

&lt;p&gt;Merge branch 'pr-102-&lt;a href="https://issues.apache.org/jira/browse/WICKET-5825" title="Deployment of wicket-examples.war fails in Tomcat" class="issue-link" data-issue-key="WICKET-5825"&gt;&lt;del&gt;WICKET-5825&lt;/del&gt;&lt;/a&gt;_validation'&lt;/p&gt;</comment>
                            <comment id="14345018" author="githubbot" created="Tue, 3 Mar 2015 12:36:54 +0000">&lt;p&gt;Github user asfgit closed the pull request at:&lt;/p&gt;

&lt;p&gt;    &lt;a href="https://github.com/apache/wicket/pull/102" class="external-link" target="_blank" rel="nofollow noopener"&gt;https://github.com/apache/wicket/pull/102&lt;/a&gt;&lt;/p&gt;</comment>
                            <comment id="14345028" author="mgrigorov" created="Tue, 3 Mar 2015 12:55:03 +0000">&lt;p&gt;Thank you, Tobias!&lt;/p&gt;</comment>
                    </comments>
                    <attachments>
                    </attachments>
                <subtasks>
                    </subtasks>
                <customfields>
                                                                                                                                                                                                                                                                                                                                                                                                                                                                                                                                                                                                                                                                                                                    <customfield id="customfield_12314020" key="com.atlassian.jira.plugins.jira-development-integration-plugin:devsummary">
                        <customfieldname>Development</customfieldname>
                        <customfieldvalues>
                            
                        </customfieldvalues>
                    </customfield>
                                                                                                                        <customfield id="customfield_12313422" key="com.atlassian.jirafisheyeplugin:jobcheckbox">
                        <customfieldname>Enable Automatic Patch Review</customfieldname>
                        <customfieldvalues>
                            <customfieldvalue>false</customfieldvalue>

                        </customfieldvalues>
                    </customfield>
                                                                                                                                                                                                                                                                                                                                                                                                                                                                                                                                                                                                                    <customfield id="customfield_12310420" key="com.pyxis.greenhopper.jira:gh-global-rank">
                        <customfieldname>Global Rank</customfieldname>
                        <customfieldvalues>
                            <customfieldvalue>9223372036854775807</customfieldvalue>
                        </customfieldvalues>
                    </customfield>
                                                                                                                                                                                                                                                                                                                                                                                                                                                                        <customfield id="customfield_12311820" key="com.pyxis.greenhopper.jira:gh-lexo-rank">
                        <customfieldname>Rank</customfieldname>
                        <customfieldvalues>
                            <customfieldvalue>0|i24wif:</customfieldvalue>

                        </customfieldvalues>
                    </customfield>
                                                                <customfield id="customfield_12310920" key="com.pyxis.greenhopper.jira:gh-global-rank">
                        <customfieldname>Rank (Obsolete)</customfieldname>
                        <customfieldvalues>
                            <customfieldvalue>9223372036854775807</customfieldvalue>
                        </customfieldvalues>
                    </customfield>
                                                                                                                                                                                                                                                                                                                                                                                                                                                                                                                                                                                                                                                                                                                                                                                            </customfields>
    </item>


</channel>
</rss>