<rss version="0.92">
    <channel>
        <title>ASF JIRA</title>
        <link>https://issues.apache.org/jira/issues/?jql=project+%3D+wicket+and+type+%3D+bug+and+%28status+%3D+RESOLVED+or+status+%3D+closed%29</link>
        <description>An XML representation of a search request</description>
                <language>en-uk</language>
                        <issue start="0" end="1000" total="4133" />
                <build-info>
            <version>8.20.7</version>
            <build-number>820007</build-number>
            <build-date>16-03-2022</build-date>
        </build-info>

<item>
            <title>[WICKET-5942] TestCase failure after cfa36fbea621</title>
                <link>https://issues.apache.org/jira/browse/WICKET-5942</link>
                <project id="12310561" key="WICKET">Wicket</project>
                    <description>&lt;p&gt;Running the tests prior to trying to release Wicket 7, I ran into a failure of RepeaterTest:&lt;/p&gt;

&lt;p&gt;The component [TransparentWebMarkupContainer &lt;span class="error"&gt;&amp;#91;Component id = wicket_extend4&amp;#93;&lt;/span&gt;] was rendered already. You can render it only once during a render phase. Class relative path: org.apache.wicket.markup.html.TransparentWebMarkupContainer:wicket_child24:wicket_extend4&lt;br/&gt;
 MarkupStream: &lt;span class="error"&gt;&amp;#91;unknown&amp;#93;&lt;/span&gt;&lt;br/&gt;
	at org.apache.wicket.Page.componentRendered(Page.java:211)&lt;br/&gt;
	at org.apache.wicket.Component.rendered(Component.java:2622)&lt;br/&gt;
	at org.apache.wicket.Component.internalRender(Component.java:2383)&lt;br/&gt;
	at org.apache.wicket.Component.render(Component.java:2307)&lt;br/&gt;
	at org.apache.wicket.MarkupContainer.renderNext(MarkupContainer.java:1407)&lt;br/&gt;
	at org.apache.wicket.MarkupContainer.renderAll(MarkupContainer.java:1604)&lt;br/&gt;
	at org.apache.wicket.MarkupContainer.renderComponentTagBody(MarkupContainer.java:1579)&lt;br/&gt;
	at org.apache.wicket.MarkupContainer.onComponentTagBody(MarkupContainer.java:1502)&lt;br/&gt;
	at org.apache.wicket.markup.html.panel.DefaultMarkupSourcingStrategy.onComponentTagBody(DefaultMarkupSourcingStrategy.java:70)&lt;br/&gt;
	at org.apache.wicket.Component.internalRenderComponent(Component.java:2564)&lt;br/&gt;
	at org.apache.wicket.MarkupContainer.onRender(MarkupContainer.java:1543)&lt;br/&gt;
	at org.apache.wicket.Component.internalRender(Component.java:2379)&lt;br/&gt;
	at org.apache.wicket.Component.render(Component.java:2307)&lt;br/&gt;
	at org.apache.wicket.MarkupContainer.renderNext(MarkupContainer.java:1407)&lt;br/&gt;
	at org.apache.wicket.MarkupContainer.renderAll(MarkupContainer.java:1604)&lt;br/&gt;
	at org.apache.wicket.Page.onRender(Page.java:882)&lt;br/&gt;
	at org.apache.wicket.markup.html.WebPage.onRender(WebPage.java:143)&lt;br/&gt;
	at org.apache.wicket.Component.internalRender(Component.java:2379)&lt;br/&gt;
	at org.apache.wicket.Component.render(Component.java:2307)&lt;br/&gt;
	at org.apache.wicket.Page.renderPage(Page.java:1021)&lt;br/&gt;
	at org.apache.wicket.request.handler.render.WebPageRenderer.renderPage(WebPageRenderer.java:124)&lt;br/&gt;
	at org.apache.wicket.request.handler.render.WebPageRenderer.respond(WebPageRenderer.java:236)&lt;br/&gt;
	at org.apache.wicket.util.tester.BaseWicketTester$LastPageRecordingPageRendererProvider$1.respond(BaseWicketTester.java:2747)&lt;br/&gt;
	at org.apache.wicket.core.request.handler.RenderPageRequestHandler.respond(RenderPageRequestHandler.java:175)&lt;br/&gt;
	at org.apache.wicket.request.cycle.RequestCycle$HandlerExecutor.respond(RequestCycle.java:865)&lt;br/&gt;
	at org.apache.wicket.request.RequestHandlerStack.execute(RequestHandlerStack.java:64)&lt;br/&gt;
	at org.apache.wicket.request.cycle.RequestCycle.execute(RequestCycle.java:265)&lt;br/&gt;
	at org.apache.wicket.request.cycle.RequestCycle.processRequest(RequestCycle.java:222)&lt;br/&gt;
	at org.apache.wicket.request.cycle.RequestCycle.processRequestAndDetach(RequestCycle.java:293)&lt;br/&gt;
	at org.apache.wicket.util.tester.BaseWicketTester.processRequest(BaseWicketTester.java:717)&lt;br/&gt;
	at org.apache.wicket.util.tester.BaseWicketTester.processRequest(BaseWicketTester.java:656)&lt;br/&gt;
	at org.apache.wicket.util.tester.BaseWicketTester.processRequest(BaseWicketTester.java:628)&lt;br/&gt;
	at org.apache.wicket.util.tester.BaseWicketTester.startPage(BaseWicketTester.java:1261)&lt;br/&gt;
	at org.apache.wicket.util.tester.BaseWicketTester.startPage(BaseWicketTester.java:1234)&lt;br/&gt;
	at org.apache.wicket.examples.repeater.RepeaterTest.checkPage(RepeaterTest.java:78)&lt;br/&gt;
	at org.apache.wicket.examples.repeater.RepeaterTest.allRepeaterPages(RepeaterTest.java:50)&lt;br/&gt;
	at sun.reflect.NativeMethodAccessorImpl.invoke0(Native Method)&lt;br/&gt;
	at sun.reflect.NativeMethodAccessorImpl.invoke(NativeMethodAccessorImpl.java:57)&lt;br/&gt;
	at sun.reflect.DelegatingMethodAccessorImpl.invoke(DelegatingMethodAccessorImpl.java:43)&lt;br/&gt;
	at java.lang.reflect.Method.invoke(Method.java:606)&lt;br/&gt;
	at org.junit.runners.model.FrameworkMethod$1.runReflectiveCall(FrameworkMethod.java:50)&lt;br/&gt;
	at org.junit.internal.runners.model.ReflectiveCallable.run(ReflectiveCallable.java:12)&lt;br/&gt;
	at org.junit.runners.model.FrameworkMethod.invokeExplosively(FrameworkMethod.java:47)&lt;br/&gt;
	at org.junit.internal.runners.statements.InvokeMethod.evaluate(InvokeMethod.java:17)&lt;br/&gt;
	at org.junit.runners.ParentRunner.runLeaf(ParentRunner.java:325)&lt;br/&gt;
	at org.junit.runners.BlockJUnit4ClassRunner.runChild(BlockJUnit4ClassRunner.java:78)&lt;br/&gt;
	at org.junit.runners.BlockJUnit4ClassRunner.runChild(BlockJUnit4ClassRunner.java:57)&lt;br/&gt;
	at org.junit.runners.ParentRunner$3.run(ParentRunner.java:290)&lt;br/&gt;
	at org.junit.runners.ParentRunner$1.schedule(ParentRunner.java:71)&lt;br/&gt;
	at org.junit.runners.ParentRunner.runChildren(ParentRunner.java:288)&lt;br/&gt;
	at org.junit.runners.ParentRunner.access$000(ParentRunner.java:58)&lt;br/&gt;
	at org.junit.runners.ParentRunner$2.evaluate(ParentRunner.java:268)&lt;br/&gt;
	at org.junit.runners.ParentRunner.run(ParentRunner.java:363)&lt;br/&gt;
	at org.eclipse.jdt.internal.junit4.runner.JUnit4TestReference.run(JUnit4TestReference.java:86)&lt;br/&gt;
	at org.eclipse.jdt.internal.junit.runner.TestExecution.run(TestExecution.java:38)&lt;br/&gt;
	at org.eclipse.jdt.internal.junit.runner.RemoteTestRunner.runTests(RemoteTestRunner.java:459)&lt;br/&gt;
	at org.eclipse.jdt.internal.junit.runner.RemoteTestRunner.runTests(RemoteTestRunner.java:675)&lt;br/&gt;
	at org.eclipse.jdt.internal.junit.runner.RemoteTestRunner.run(RemoteTestRunner.java:382)&lt;br/&gt;
	at org.eclipse.jdt.internal.junit.runner.RemoteTestRunner.main(RemoteTestRunner.java:192)&lt;/p&gt;

&lt;p&gt;The test case looks like this:&lt;/p&gt;

&lt;p&gt;checkPage(tester, RepeatingPage.class);&lt;br/&gt;
checkPage(tester, RefreshingPage.class);&lt;br/&gt;
checkPage(tester, FormPage.class);&lt;br/&gt;
checkPage(tester, SimplePage.class);&lt;br/&gt;
checkPage(tester, PagingPage.class);&lt;br/&gt;
checkPage(tester, SortingPage.class);&lt;br/&gt;
checkPage(tester, OIRPage.class);&lt;br/&gt;
checkPage(tester, DataGridPage.class);&lt;br/&gt;
checkPage(tester, GridViewPage.class);&lt;br/&gt;
checkPage(tester, AjaxDataTablePage.class);&lt;/p&gt;

&lt;p&gt;and the test fails with the last checkPage to AjaxDataTablepage.class. When I disable all prior checkPages, the test succeeds. When I try the page in the Wicket Examples, it works.&lt;/p&gt;

&lt;p&gt;Checking which pages influence one another:&lt;/p&gt;

&lt;p&gt;it appears that running RepeatingPage.class and then AjaxDataTablePage.class triggers this error, while changing the order to AjaxDataTablePage.class and then RepeatingPage.class lets the test succeed.&lt;/p&gt;
</description>
                <environment />
        <key id="12842561">WICKET-5942</key>
            <summary>TestCase failure after cfa36fbea621</summary>
                <type id="1" iconUrl="https://issues.apache.org/jira/secure/viewavatar?size=xsmall&amp;avatarId=21133&amp;avatarType=issuetype">Bug</type>
                                            <priority id="3" iconUrl="https://issues.apache.org/jira/images/icons/priorities/major.svg">Major</priority>
                        <status id="6" iconUrl="https://issues.apache.org/jira/images/icons/statuses/closed.png" description="The issue is considered finished, the resolution is correct. Issues which are not closed can be reopened.">Closed</status>
                    <statusCategory id="3" key="done" colorName="green" />
                                    <resolution id="1">Fixed</resolution>
                                        <assignee username="bitstorm">Andrea Del Bene</assignee>
                                    <reporter username="dashorst">Martijn Dashorst</reporter>
                        <labels>
                    </labels>
                <created>Fri, 3 Jul 2015 11:25:40 +0000</created>
                <updated>Sun, 5 Jul 2015 21:06:32 +0000</updated>
                            <resolved>Sun, 5 Jul 2015 21:06:26 +0000</resolved>
                                    <version>7.0.0</version>
                                    <fixVersion>7.0.0</fixVersion>
                                    <component>wicket</component>
                        <due />
                            <votes>0</votes>
                                    <watches>3</watches>
                                                                <comments>
                            <comment id="14613133" author="jira-bot" created="Fri, 3 Jul 2015 11:28:06 +0000">&lt;p&gt;Commit f53a4ef20ee5945329b174f125ac19904660c4d8 in wicket's branch refs/heads/master from &lt;a href="https://issues.apache.org/jira/secure/ViewProfile.jspa?name=dashorst" class="user-hover" rel="dashorst"&gt;dashorst&lt;/a&gt;&lt;br/&gt;
[ &lt;a href="https://git-wip-us.apache.org/repos/asf?p=wicket.git;h=f53a4ef" class="external-link" target="_blank" rel="nofollow noopener"&gt;https://git-wip-us.apache.org/repos/asf?p=wicket.git;h=f53a4ef&lt;/a&gt; ]&lt;/p&gt;

&lt;p&gt;&lt;a href="https://issues.apache.org/jira/browse/WICKET-5942" title="TestCase failure after cfa36fbea621" class="issue-link" data-issue-key="WICKET-5942"&gt;&lt;del&gt;WICKET-5942&lt;/del&gt;&lt;/a&gt; workaround to release 7.0&lt;/p&gt;</comment>
                            <comment id="14613283" author="bitstorm" created="Fri, 3 Jul 2015 16:22:47 +0000">&lt;p&gt;Should be fixed with my last commit.&lt;/p&gt;</comment>
                            <comment id="14614400" author="jira-bot" created="Sun, 5 Jul 2015 21:06:01 +0000">&lt;p&gt;Commit d24a47e5e82d5a83f7ba53c21dbdba515643acf7 in wicket's branch refs/heads/master from &lt;a href="https://issues.apache.org/jira/secure/ViewProfile.jspa?name=dashorst" class="user-hover" rel="dashorst"&gt;dashorst&lt;/a&gt;&lt;br/&gt;
[ &lt;a href="https://git-wip-us.apache.org/repos/asf?p=wicket.git;h=d24a47e" class="external-link" target="_blank" rel="nofollow noopener"&gt;https://git-wip-us.apache.org/repos/asf?p=wicket.git;h=d24a47e&lt;/a&gt; ]&lt;/p&gt;

&lt;p&gt;Closes &lt;a href="https://issues.apache.org/jira/browse/WICKET-5942" title="TestCase failure after cfa36fbea621" class="issue-link" data-issue-key="WICKET-5942"&gt;&lt;del&gt;WICKET-5942&lt;/del&gt;&lt;/a&gt; TestCase failure after cfa36fbea621&lt;/p&gt;</comment>
                    </comments>
                    <attachments>
                    </attachments>
                <subtasks>
                    </subtasks>
                <customfields>
                                                                                                                                                                                                                                                                                                                                                                                                                                                                                                                                                                                                                                                                                                                    <customfield id="customfield_12314020" key="com.atlassian.jira.plugins.jira-development-integration-plugin:devsummary">
                        <customfieldname>Development</customfieldname>
                        <customfieldvalues>
                            
                        </customfieldvalues>
                    </customfield>
                                                                                                                        <customfield id="customfield_12313422" key="com.atlassian.jirafisheyeplugin:jobcheckbox">
                        <customfieldname>Enable Automatic Patch Review</customfieldname>
                        <customfieldvalues>
                            <customfieldvalue>false</customfieldvalue>

                        </customfieldvalues>
                    </customfield>
                                                                                                                                                                                                                                                                                                                                                                                                                                                                                                                                                                                                                    <customfield id="customfield_12310420" key="com.pyxis.greenhopper.jira:gh-global-rank">
                        <customfieldname>Global Rank</customfieldname>
                        <customfieldvalues>
                            <customfieldvalue>9223372036854775807</customfieldvalue>
                        </customfieldvalues>
                    </customfield>
                                                                                                                                                                                                                                                                                                                                                                                                                                                                        <customfield id="customfield_12311820" key="com.pyxis.greenhopper.jira:gh-lexo-rank">
                        <customfieldname>Rank</customfieldname>
                        <customfieldvalues>
                            <customfieldvalue>0|i2gtzb:</customfieldvalue>

                        </customfieldvalues>
                    </customfield>
                                                                <customfield id="customfield_12310920" key="com.pyxis.greenhopper.jira:gh-global-rank">
                        <customfieldname>Rank (Obsolete)</customfieldname>
                        <customfieldvalues>
                            <customfieldvalue>9223372036854775807</customfieldvalue>
                        </customfieldvalues>
                    </customfield>
                                                                                                                                                                                                                                                                                                                                                                                                                                                                                                                                                                                                                                                                                                                                                                                            </customfields>
    </item>


</channel>
</rss>