<rss version="0.92">
    <channel>
        <title>ASF JIRA</title>
        <link>https://issues.apache.org/jira/issues/?jql=project+%3D+wicket+and+type+%3D+bug+and+%28status+%3D+RESOLVED+or+status+%3D+closed%29</link>
        <description>An XML representation of a search request</description>
                <language>en-uk</language>
                        <issue start="0" end="1000" total="4133" />
                <build-info>
            <version>8.20.7</version>
            <build-number>820007</build-number>
            <build-date>16-03-2022</build-date>
        </build-info>

<item>
            <title>[WICKET-5285] Encoding broken on message when reaching jquery.atmosphere</title>
                <link>https://issues.apache.org/jira/browse/WICKET-5285</link>
                <project id="12310561" key="WICKET">Wicket</project>
                    <description>&lt;p&gt;The problem is that the html updated by the wicket-atmosphere response arrives with broken enconding. &lt;br/&gt;
Everything is fine until the respose reaches the jquery.atmosphere javascript. &lt;/p&gt;

&lt;p&gt;Already tried to do this on the javascript resources, but without success: &lt;br/&gt;
@Override &lt;br/&gt;
public JavaScriptPackageResource getResource() &lt;br/&gt;
{ &lt;br/&gt;
JavaScriptPackageResource resource = super.getResource(); &lt;br/&gt;
resource.setTextEncoding("UTF-8"); &lt;br/&gt;
return resource; &lt;br/&gt;
} &lt;/p&gt;

&lt;p&gt;Reproducible at &lt;a href="http://www.wicket-library.com/wicket-examples-6.0.x/atmosphere/" class="external-link" target="_blank" rel="nofollow noopener"&gt;http://www.wicket-library.com/wicket-examples-6.0.x/atmosphere/&lt;/a&gt;&lt;br/&gt;
Just try to send a message with "&#225;" .&lt;/p&gt;</description>
                <environment>wicket-atmosphere 0.11, JBoss EAP 6.1</environment>
        <key id="12659656">WICKET-5285</key>
            <summary>Encoding broken on message when reaching jquery.atmosphere</summary>
                <type id="1" iconUrl="https://issues.apache.org/jira/secure/viewavatar?size=xsmall&amp;avatarId=21133&amp;avatarType=issuetype">Bug</type>
                                            <priority id="3" iconUrl="https://issues.apache.org/jira/images/icons/priorities/major.svg">Major</priority>
                        <status id="5" iconUrl="https://issues.apache.org/jira/images/icons/statuses/resolved.png" description="A resolution has been taken, and it is awaiting verification by reporter. From here issues are either reopened, or are closed.">Resolved</status>
                    <statusCategory id="3" key="done" colorName="green" />
                                    <resolution id="8">Not A Problem</resolution>
                                        <assignee username="papegaaij">Emond Papegaaij</assignee>
                                    <reporter username="fliptaboada">Felipe Taboada</reporter>
                        <labels>
                    </labels>
                <created>Wed, 24 Jul 2013 20:04:01 +0000</created>
                <updated>Tue, 5 Nov 2013 13:45:40 +0000</updated>
                            <resolved>Wed, 4 Sep 2013 08:17:09 +0000</resolved>
                                    <version>6.9.0</version>
                                                    <component>wicket-atmosphere</component>
                        <due />
                            <votes>0</votes>
                                    <watches>4</watches>
                                                                <comments>
                            <comment id="13719635" author="mgrigorov" created="Thu, 25 Jul 2013 13:54:06 +0000">&lt;p&gt;The problem happens with 'streaming'.&lt;br/&gt;
Changing it to 'websocket' works fine (comment out eventBus.getParameters().setTransport(AtmosphereTransport.STREAMING); in AtmosphereApplication#init()).&lt;br/&gt;
It looks like a problem in Atmosphere itself.&lt;/p&gt;</comment>
                            <comment id="13722225" author="papegaaij" created="Mon, 29 Jul 2013 07:25:35 +0000">&lt;p&gt;If it's only with streaming, it is very likely to be a problem with Atmosphere itself. Please report this issue upstream. I'll leave this issue open for now until an updated version of Atmosphere is available.&lt;/p&gt;</comment>
                            <comment id="13722232" author="mgrigorov" created="Mon, 29 Jul 2013 07:33:55 +0000">&lt;p&gt;&lt;a href="https://github.com/Atmosphere/atmosphere/issues/1208" class="external-link" target="_blank" rel="nofollow noopener"&gt;https://github.com/Atmosphere/atmosphere/issues/1208&lt;/a&gt;&lt;/p&gt;</comment>
                            <comment id="13757541" author="mgrigorov" created="Wed, 4 Sep 2013 08:16:43 +0000">&lt;p&gt;The ticket at Atmosphere is closed.&lt;br/&gt;
It suggests that the application should set the preferred encoding manually.&lt;/p&gt;</comment>
                            <comment id="13813916" author="murjam" created="Tue, 5 Nov 2013 13:35:22 +0000">&lt;p&gt;I'm sorry if i'm missing something obvious, but I cannot find a way to overcome this issue.&lt;br/&gt;
Where exactly should the preferred encoding be set?&lt;/p&gt;</comment>
                            <comment id="13813924" author="mgrigorov" created="Tue, 5 Nov 2013 13:45:40 +0000">&lt;p&gt;Custom servlet filter that is executed around AtmosphereServlet.&lt;br/&gt;
All is has to do is to call &lt;a href="http://docs.oracle.com/javaee/6/api/javax/servlet/ServletRequest.html#setCharacterEncoding(java.lang.String" class="external-link" target="_blank" rel="nofollow noopener"&gt;http://docs.oracle.com/javaee/6/api/javax/servlet/ServletRequest.html#setCharacterEncoding(java.lang.String&lt;/a&gt;)&lt;/p&gt;</comment>
                    </comments>
                    <attachments>
                    </attachments>
                <subtasks>
                    </subtasks>
                <customfields>
                                                                                                                                                                                                                                                                                                                                                                                                                                                                                                                                                                                                                                                                                                                    <customfield id="customfield_12314020" key="com.atlassian.jira.plugins.jira-development-integration-plugin:devsummary">
                        <customfieldname>Development</customfieldname>
                        <customfieldvalues>
                            
                        </customfieldvalues>
                    </customfield>
                                                                                                                        <customfield id="customfield_12313422" key="com.atlassian.jirafisheyeplugin:jobcheckbox">
                        <customfieldname>Enable Automatic Patch Review</customfieldname>
                        <customfieldvalues>
                            <customfieldvalue>false</customfieldvalue>

                        </customfieldvalues>
                    </customfield>
                                                                                                                                                                                                                                                                                                                                                                                                                                                                                                                                                                                                                    <customfield id="customfield_12310420" key="com.pyxis.greenhopper.jira:gh-global-rank">
                        <customfieldname>Global Rank</customfieldname>
                        <customfieldvalues>
                            <customfieldvalue>339848</customfieldvalue>
                        </customfieldvalues>
                    </customfield>
                                                                                                                                                                                                                                                                                                                                                                                                                                                                        <customfield id="customfield_12311820" key="com.pyxis.greenhopper.jira:gh-lexo-rank">
                        <customfieldname>Rank</customfieldname>
                        <customfieldvalues>
                            <customfieldvalue>0|i1mm5z:</customfieldvalue>

                        </customfieldvalues>
                    </customfield>
                                                                <customfield id="customfield_12310920" key="com.pyxis.greenhopper.jira:gh-global-rank">
                        <customfieldname>Rank (Obsolete)</customfieldname>
                        <customfieldvalues>
                            <customfieldvalue>340166</customfieldvalue>
                        </customfieldvalues>
                    </customfield>
                                                                                                                                                                                                                                                                                                                                                                                                                                                                                                                                                                                                                                                                                                                                                                                            </customfields>
    </item>


</channel>
</rss>