<rss version="0.92">
    <channel>
        <title>ASF JIRA</title>
        <link>https://issues.apache.org/jira/issues/?jql=project+%3D+wicket+and+type+%3D+bug+and+%28status+%3D+RESOLVED+or+status+%3D+closed%29</link>
        <description>An XML representation of a search request</description>
                <language>en-uk</language>
                        <issue start="0" end="1000" total="4133" />
                <build-info>
            <version>8.20.7</version>
            <build-number>820007</build-number>
            <build-date>16-03-2022</build-date>
        </build-info>

<item>
            <title>[WICKET-5548] Websocket initialization URL is not valid when filter is not mapped to root.</title>
                <link>https://issues.apache.org/jira/browse/WICKET-5548</link>
                <project id="12310561" key="WICKET">Wicket</project>
                    <description>&lt;p&gt;When configuration the WebSocketFilter to map to '/test/*'&lt;br/&gt;
for example&lt;br/&gt;
&amp;lt;code language="xml"&amp;gt;&lt;br/&gt;
    &amp;lt;filter-mapping&amp;gt;&lt;br/&gt;
		&amp;lt;filter-name&amp;gt;websocket.filter&amp;lt;/filter-name&amp;gt;&lt;br/&gt;
		&amp;lt;url-pattern&amp;gt;/test/*&amp;lt;/url-pattern&amp;gt;&lt;br/&gt;
	&amp;lt;/filter-mapping&amp;gt;&lt;br/&gt;
&amp;lt;/code&amp;gt;&lt;br/&gt;
Will result in not being able to establish a websocket connection, because of the following line in wicket-websocket-jquery.js :&lt;br/&gt;
&amp;lt;code&amp;gt;&lt;br/&gt;
  line 47: 				url = protocol + '//' + document.location.host + Wicket.WebSocket.contextPath + '/wicket/websocket';&lt;br/&gt;
&amp;lt;/code&amp;gt;&lt;br/&gt;
This line doesn't take in account the filter mapping.&lt;/p&gt;</description>
                <environment />
        <key id="12704380">WICKET-5548</key>
            <summary>Websocket initialization URL is not valid when filter is not mapped to root.</summary>
                <type id="1" iconUrl="https://issues.apache.org/jira/secure/viewavatar?size=xsmall&amp;avatarId=21133&amp;avatarType=issuetype">Bug</type>
                                            <priority id="3" iconUrl="https://issues.apache.org/jira/images/icons/priorities/major.svg">Major</priority>
                        <status id="5" iconUrl="https://issues.apache.org/jira/images/icons/statuses/resolved.png" description="A resolution has been taken, and it is awaiting verification by reporter. From here issues are either reopened, or are closed.">Resolved</status>
                    <statusCategory id="3" key="done" colorName="green" />
                                    <resolution id="1">Fixed</resolution>
                                        <assignee username="mgrigorov">Martin Tzvetanov Grigorov</assignee>
                                    <reporter username="Ronni">Pi Chen Lin</reporter>
                        <labels>
                    </labels>
                <created>Fri, 28 Mar 2014 21:56:40 +0000</created>
                <updated>Wed, 2 Apr 2014 20:33:02 +0000</updated>
                            <resolved>Wed, 2 Apr 2014 20:33:02 +0000</resolved>
                                    <version>6.14.0</version>
                                    <fixVersion>7.0.0-M1</fixVersion>
                    <fixVersion>6.15.0</fixVersion>
                                    <component>wicket-native-websocket</component>
                        <due />
                            <votes>0</votes>
                                    <watches>2</watches>
                                                                <comments>
                            <comment id="13954314" author="ronni" created="Sat, 29 Mar 2014 16:04:56 +0000">&lt;p&gt;Maybe it's missing 'filterPrefix'?&lt;/p&gt;</comment>
                            <comment id="13957932" author="ronni" created="Wed, 2 Apr 2014 17:42:09 +0000">&lt;p&gt;I added the filterPrefix to the websocket on my locally patched version.&lt;br/&gt;
Can you review and give me comments if it should be done differently?&lt;/p&gt;</comment>
                            <comment id="13958096" author="mgrigorov" created="Wed, 2 Apr 2014 19:49:36 +0000">&lt;p&gt;Thanks for providing a patch !&lt;/p&gt;

&lt;p&gt;Initially I thought that the patch is perfect but then I tested it with the Javax/JSR356 impl and the app failed.&lt;br/&gt;
The problem is that JSR356 doesn't pass the Upgrade connection to the Servlet Filters at all. So the newly added filterPrefix in the ws:// url breaks it.&lt;/p&gt;

&lt;p&gt;I will think on a solution.&lt;/p&gt;</comment>
                            <comment id="13958140" author="mgrigorov" created="Wed, 2 Apr 2014 20:33:02 +0000">&lt;p&gt;Thank you for the report and the patch!&lt;/p&gt;

&lt;p&gt;I've applied it with other minor improvements.&lt;br/&gt;
Please test with 6.15.0-SNAPSHOT or 7.0.0-SNAPSHOT and let us know if there are any other issues.&lt;/p&gt;</comment>
                    </comments>
                    <attachments>
                            <attachment id="12638298" name="Added_fillterPrefix_to_websocket_url_.patch" size="12554" author="Ronni" created="Wed, 2 Apr 2014 17:42:09 +0000" />
                    </attachments>
                <subtasks>
                    </subtasks>
                <customfields>
                                                                                                                                                                                                                                                                                                                                                                                                                                                                                                                                                                                                                                                                                                                    <customfield id="customfield_12314020" key="com.atlassian.jira.plugins.jira-development-integration-plugin:devsummary">
                        <customfieldname>Development</customfieldname>
                        <customfieldvalues>
                            
                        </customfieldvalues>
                    </customfield>
                                                                                                                        <customfield id="customfield_12313422" key="com.atlassian.jirafisheyeplugin:jobcheckbox">
                        <customfieldname>Enable Automatic Patch Review</customfieldname>
                        <customfieldvalues>
                            <customfieldvalue>false</customfieldvalue>

                        </customfieldvalues>
                    </customfield>
                                                                                                                                                                                                                                                                                                                                                                                                                                                                                                                                                                                                                    <customfield id="customfield_12310420" key="com.pyxis.greenhopper.jira:gh-global-rank">
                        <customfieldname>Global Rank</customfieldname>
                        <customfieldvalues>
                            <customfieldvalue>382714</customfieldvalue>
                        </customfieldvalues>
                    </customfield>
                                                                                                                                                                                                                                                                                                                                                                                                                                                                        <customfield id="customfield_12311820" key="com.pyxis.greenhopper.jira:gh-lexo-rank">
                        <customfieldname>Rank</customfieldname>
                        <customfieldvalues>
                            <customfieldvalue>0|i1txnz:</customfieldvalue>

                        </customfieldvalues>
                    </customfield>
                                                                <customfield id="customfield_12310920" key="com.pyxis.greenhopper.jira:gh-global-rank">
                        <customfieldname>Rank (Obsolete)</customfieldname>
                        <customfieldvalues>
                            <customfieldvalue>382982</customfieldvalue>
                        </customfieldvalues>
                    </customfield>
                                                                                                                                                                                                                                                                                                                                                                                                                                                                                                                                                                                                                                                                                                                                                                                            </customfields>
    </item>


</channel>
</rss>