<rss version="0.92">
    <channel>
        <title>ASF JIRA</title>
        <link>https://issues.apache.org/jira/issues/?jql=project+%3D+wicket+and+type+%3D+bug+and+%28status+%3D+RESOLVED+or+status+%3D+closed%29</link>
        <description>An XML representation of a search request</description>
                <language>en-uk</language>
                        <issue start="0" end="1000" total="4133" />
                <build-info>
            <version>8.20.7</version>
            <build-number>820007</build-number>
            <build-date>16-03-2022</build-date>
        </build-info>

<item>
            <title>[WICKET-5280] HttpsMapper Could not resolve protocol for request "WebSocket"</title>
                <link>https://issues.apache.org/jira/browse/WICKET-5280</link>
                <project id="12310561" key="WICKET">Wicket</project>
                    <description>&lt;p&gt;HttpsMapper, with or without XForwardedRequestWrapper, seems to be problematic when combined with Atmosphere via WebSocket :&lt;/p&gt;

&lt;div class="code panel" style="border-width: 1px;"&gt;&lt;div class="codeContent panelContent"&gt;
&lt;pre class="code-java"&gt;java.lang.IllegalStateException
Could not resolve protocol &lt;span class="code-keyword"&gt;for&lt;/span&gt; request: org.apache.wicket.protocol.http.servlet.XForwardedRequestWrapper@cbb5077
&lt;/pre&gt;
&lt;/div&gt;&lt;/div&gt;

&lt;p&gt;Or without XForwardedRequestWrapper:&lt;/p&gt;

&lt;div class="code panel" style="border-width: 1px;"&gt;&lt;div class="codeContent panelContent"&gt;
&lt;pre class="code-java"&gt;java.lang.IllegalStateException
Could not resolve protocol &lt;span class="code-keyword"&gt;for&lt;/span&gt; request: c244911c-d8aa-4d66-a645-2ef935199b78
at&#160;org.apache.wicket.protocol.https.HttpsMapper.getSchemeOf(HttpsMapper.java:215)&#160;~[wicket-core-6.9.1.jar:6.9.1]
at&#160;org.apache.wicket.protocol.https.HttpsMapper.mapHandler(HttpsMapper.java:167)&#160;~[wicket-core-6.9.1.jar:6.9.1]
at&#160;org.apache.wicket.protocol.https.HttpsMapper.mapHandler(HttpsMapper.java:112)&#160;~[wicket-core-6.9.1.jar:6.9.1]
&lt;/pre&gt;
&lt;/div&gt;&lt;/div&gt;

&lt;p&gt;although page "seems" operating normally, but it gives ERROR logs.&lt;/p&gt;

&lt;p&gt;I think this is due to Atmosphere &amp;amp; HttpsMapper not detecting the scheme correctly? (ws/wss? actually "WebSocket")&lt;/p&gt;

&lt;div class="code panel" style="border-width: 1px;"&gt;&lt;div class="codeContent panelContent"&gt;
&lt;pre class="code-java"&gt;	&lt;span class="code-keyword"&gt;protected&lt;/span&gt; Scheme getSchemeOf(Request request)
	{
		HttpServletRequest req = (HttpServletRequest) request.getContainerRequest();

		&lt;span class="code-keyword"&gt;if&lt;/span&gt; (&lt;span class="code-quote"&gt;"https"&lt;/span&gt;.equalsIgnoreCase(req.getScheme()))
		{
			&lt;span class="code-keyword"&gt;return&lt;/span&gt; Scheme.HTTPS;
		}
		&lt;span class="code-keyword"&gt;else&lt;/span&gt; &lt;span class="code-keyword"&gt;if&lt;/span&gt; (&lt;span class="code-quote"&gt;"http"&lt;/span&gt;.equalsIgnoreCase(req.getScheme()))
		{
			&lt;span class="code-keyword"&gt;return&lt;/span&gt; Scheme.HTTP;
		}
		&lt;span class="code-keyword"&gt;else&lt;/span&gt;
		{
			&lt;span class="code-keyword"&gt;throw&lt;/span&gt; &lt;span class="code-keyword"&gt;new&lt;/span&gt; IllegalStateException(&lt;span class="code-quote"&gt;"Could not resolve protocol &lt;span class="code-keyword"&gt;for&lt;/span&gt; request: "&lt;/span&gt; + req);
		}
	}
&lt;/pre&gt;
&lt;/div&gt;&lt;/div&gt;

&lt;p&gt;I workaround it using:&lt;/p&gt;

&lt;div class="code panel" style="border-width: 1px;"&gt;&lt;div class="codeContent panelContent"&gt;
&lt;pre class="code-java"&gt;setRootRequestMapper(&lt;span class="code-keyword"&gt;new&lt;/span&gt; HttpsMapper(getRootRequestMapper(), &lt;span class="code-keyword"&gt;new&lt;/span&gt; HttpsConfig(8980, 8943)) {
	@Override
	&lt;span class="code-keyword"&gt;protected&lt;/span&gt; Scheme getSchemeOf(Request request) {
		HttpServletRequest req = (HttpServletRequest) request.getContainerRequest();
		log.info(&lt;span class="code-quote"&gt;"Scheme &lt;span class="code-keyword"&gt;for&lt;/span&gt; {} is {}"&lt;/span&gt;, req, req.getScheme());
		
		&lt;span class="code-keyword"&gt;if&lt;/span&gt; (&lt;span class="code-quote"&gt;"https"&lt;/span&gt;.equalsIgnoreCase(req.getScheme()))
		{
			&lt;span class="code-keyword"&gt;return&lt;/span&gt; Scheme.HTTPS;
		}
		&lt;span class="code-keyword"&gt;else&lt;/span&gt; &lt;span class="code-keyword"&gt;if&lt;/span&gt; (&lt;span class="code-quote"&gt;"http"&lt;/span&gt;.equalsIgnoreCase(req.getScheme()))
		{
			&lt;span class="code-keyword"&gt;return&lt;/span&gt; Scheme.HTTP;
		}
		&lt;span class="code-keyword"&gt;else&lt;/span&gt; &lt;span class="code-keyword"&gt;if&lt;/span&gt; (&lt;span class="code-quote"&gt;"WebSocket"&lt;/span&gt;.equalsIgnoreCase(req.getScheme()))
		{
			&lt;span class="code-keyword"&gt;return&lt;/span&gt; Scheme.ANY;
		}
		&lt;span class="code-keyword"&gt;else&lt;/span&gt;
		{
			&lt;span class="code-keyword"&gt;throw&lt;/span&gt; &lt;span class="code-keyword"&gt;new&lt;/span&gt; IllegalStateException(&lt;span class="code-quote"&gt;"Could not resolve protocol &lt;span class="code-keyword"&gt;for&lt;/span&gt; request: "&lt;/span&gt; + req
					+ &lt;span class="code-quote"&gt;", unrecognized scheme: "&lt;/span&gt; + req.getScheme());
		}
	}
});
&lt;/pre&gt;
&lt;/div&gt;&lt;/div&gt;

&lt;p&gt;If the above is proper way to do it, please update the &lt;tt&gt;HttpsMapper&lt;/tt&gt; implementation, also with more detailed exception message above ("unrecognized scheme").&lt;/p&gt;</description>
                <environment>wicket-atmosphere 0.11, Tomcat 7.0</environment>
        <key id="12659056">WICKET-5280</key>
            <summary>HttpsMapper Could not resolve protocol for request "WebSocket"</summary>
                <type id="1" iconUrl="https://issues.apache.org/jira/secure/viewavatar?size=xsmall&amp;avatarId=21133&amp;avatarType=issuetype">Bug</type>
                                            <priority id="3" iconUrl="https://issues.apache.org/jira/images/icons/priorities/major.svg">Major</priority>
                        <status id="5" iconUrl="https://issues.apache.org/jira/images/icons/statuses/resolved.png" description="A resolution has been taken, and it is awaiting verification by reporter. From here issues are either reopened, or are closed.">Resolved</status>
                    <statusCategory id="3" key="done" colorName="green" />
                                    <resolution id="5">Cannot Reproduce</resolution>
                                        <assignee username="papegaaij">Emond Papegaaij</assignee>
                                    <reporter username="ceefour">Hendy Irawan</reporter>
                        <labels>
                    </labels>
                <created>Mon, 22 Jul 2013 10:29:53 +0000</created>
                <updated>Thu, 22 Aug 2013 09:52:31 +0000</updated>
                            <resolved>Tue, 13 Aug 2013 09:16:07 +0000</resolved>
                                    <version>6.9.1</version>
                                                    <component>wicket</component>
                    <component>wicket-atmosphere</component>
                        <due />
                            <votes>0</votes>
                                    <watches>2</watches>
                                                                <comments>
                            <comment id="13718311" author="mgrigorov" created="Wed, 24 Jul 2013 12:33:38 +0000">&lt;p&gt;Please attach quickstart application.&lt;br/&gt;
Thanks!&lt;/p&gt;</comment>
                            <comment id="13738012" author="mgrigorov" created="Tue, 13 Aug 2013 09:16:07 +0000">&lt;p&gt;Please provide a quickstart and we will reopen the ticket.&lt;/p&gt;</comment>
                    </comments>
                <issuelinks>
                            <issuelinktype id="10032">
                    <name>Blocker</name>
                                            <outwardlinks description="blocks">
                                        <issuelink>
            <issuekey id="12659057">WICKET-5281</issuekey>
        </issuelink>
                            </outwardlinks>
                                                        </issuelinktype>
                            <issuelinktype id="10030">
                    <name>Reference</name>
                                                                <inwardlinks description="is related to">
                                        <issuelink>
            <issuekey id="12658975">WICKET-5279</issuekey>
        </issuelink>
                            </inwardlinks>
                                    </issuelinktype>
                    </issuelinks>
                <attachments>
                    </attachments>
                <subtasks>
                    </subtasks>
                <customfields>
                                                                                                                                                                                                                                                                                                                                                                                                                                                                                                                                                                                                                                                                                                                    <customfield id="customfield_12314020" key="com.atlassian.jira.plugins.jira-development-integration-plugin:devsummary">
                        <customfieldname>Development</customfieldname>
                        <customfieldvalues>
                            
                        </customfieldvalues>
                    </customfield>
                                                                                                                        <customfield id="customfield_12313422" key="com.atlassian.jirafisheyeplugin:jobcheckbox">
                        <customfieldname>Enable Automatic Patch Review</customfieldname>
                        <customfieldvalues>
                            <customfieldvalue>false</customfieldvalue>

                        </customfieldvalues>
                    </customfield>
                                                                                                                                                                                                                                                                                                                                                                                                                                                                                                                                                                                                                    <customfield id="customfield_12310420" key="com.pyxis.greenhopper.jira:gh-global-rank">
                        <customfieldname>Global Rank</customfieldname>
                        <customfieldvalues>
                            <customfieldvalue>339249</customfieldvalue>
                        </customfieldvalues>
                    </customfield>
                                                                                                                                                                                                                                                                                                                                                                                                                                                                        <customfield id="customfield_12311820" key="com.pyxis.greenhopper.jira:gh-lexo-rank">
                        <customfieldname>Rank</customfieldname>
                        <customfieldvalues>
                            <customfieldvalue>0|i1mihj:</customfieldvalue>

                        </customfieldvalues>
                    </customfield>
                                                                <customfield id="customfield_12310920" key="com.pyxis.greenhopper.jira:gh-global-rank">
                        <customfieldname>Rank (Obsolete)</customfieldname>
                        <customfieldvalues>
                            <customfieldvalue>339569</customfieldvalue>
                        </customfieldvalues>
                    </customfield>
                                                                                                                                                                                                                                                                                                                                                                                                                                                                                                                                                                                                                                                                                                                                                                                            </customfields>
    </item>


</channel>
</rss>