<rss version="0.92">
    <channel>
        <title>ASF JIRA</title>
        <link>https://issues.apache.org/jira/issues/?jql=project+%3D+wicket+and+type+%3D+bug+and+%28status+%3D+RESOLVED+or+status+%3D+closed%29</link>
        <description>An XML representation of a search request</description>
                <language>en-uk</language>
                        <issue start="0" end="1000" total="4133" />
                <build-info>
            <version>8.20.7</version>
            <build-number>820007</build-number>
            <build-date>16-03-2022</build-date>
        </build-info>

<item>
            <title>[WICKET-5476] Ajax behavior on component with setRenderBodyOnly(true) don't get called - improve warning</title>
                <link>https://issues.apache.org/jira/browse/WICKET-5476</link>
                <project id="12310561" key="WICKET">Wicket</project>
                    <description>&lt;p&gt;When you put AJAX behavior on component with setRenderBodyOnly(true) and try to call it with callback script it won't get called and no error / warning is displayed. See attached quickstart sample. Just unzipp and run with: mvn jetty:run&lt;/p&gt;

&lt;p&gt;Navigate browser to &lt;a href="http://localhost:8080/" class="external-link" target="_blank" rel="nofollow noopener"&gt;http://localhost:8080/&lt;/a&gt;&lt;br/&gt;
When you try to click on labels AJAX behavior should get called. But it won't. This kind of behavior is correct (i assume). But i think user should be warned that behavior can't be called. I think proper place is somewhere on server side? But I don't know where exactly put the warning.&lt;/p&gt;

&lt;p&gt;Now only message is in Wicket Ajax Debug window - "Ajax request stopped because of precondition check". I had to debug wicket javascript to find what precondition check failed. Maybe more detailed message in default precondition check would be useful too?&lt;/p&gt;</description>
                <environment />
        <key id="12689624">WICKET-5476</key>
            <summary>Ajax behavior on component with setRenderBodyOnly(true) don't get called - improve warning</summary>
                <type id="1" iconUrl="https://issues.apache.org/jira/secure/viewavatar?size=xsmall&amp;avatarId=21133&amp;avatarType=issuetype">Bug</type>
                                            <priority id="4" iconUrl="https://issues.apache.org/jira/images/icons/priorities/minor.svg">Minor</priority>
                        <status id="5" iconUrl="https://issues.apache.org/jira/images/icons/statuses/resolved.png" description="A resolution has been taken, and it is awaiting verification by reporter. From here issues are either reopened, or are closed.">Resolved</status>
                    <statusCategory id="3" key="done" colorName="green" />
                                    <resolution id="1">Fixed</resolution>
                                        <assignee username="svenmeier">Sven Meier</assignee>
                                    <reporter username="vlastimil.dolejs">Vlastimil</reporter>
                        <labels>
                    </labels>
                <created>Sat, 18 Jan 2014 10:36:57 +0000</created>
                <updated>Sat, 18 Jan 2014 23:15:42 +0000</updated>
                            <resolved>Sat, 18 Jan 2014 23:15:42 +0000</resolved>
                                    <version>6.13.0</version>
                                    <fixVersion>7.0.0-M1</fixVersion>
                                    <component>wicket</component>
                        <due />
                            <votes>0</votes>
                                    <watches>2</watches>
                                                                <comments>
                            <comment id="13875766" author="svenmeier" created="Sat, 18 Jan 2014 23:15:42 +0000">&lt;p&gt;A warning is now logged as suggested.&lt;/p&gt;

&lt;p&gt;I've changed Check and Radio to no longer request the markup id from the containing group, as this would trigger this new warning.&lt;/p&gt;</comment>
                    </comments>
                    <attachments>
                            <attachment id="12623799" name="sample.zip" size="20962" author="vlastimil.dolejs" created="Sat, 18 Jan 2014 10:38:23 +0000" />
                    </attachments>
                <subtasks>
                    </subtasks>
                <customfields>
                                                                                                                                                                                                                                                                                                                                                                                                                                                                                                                                                                                                                                                                                                                    <customfield id="customfield_12314020" key="com.atlassian.jira.plugins.jira-development-integration-plugin:devsummary">
                        <customfieldname>Development</customfieldname>
                        <customfieldvalues>
                            
                        </customfieldvalues>
                    </customfield>
                                                                                                                        <customfield id="customfield_12313422" key="com.atlassian.jirafisheyeplugin:jobcheckbox">
                        <customfieldname>Enable Automatic Patch Review</customfieldname>
                        <customfieldvalues>
                            <customfieldvalue>false</customfieldvalue>

                        </customfieldvalues>
                    </customfield>
                                                                                                                                                                                                                                                                                                                                                                                                                                                                                                                                                                                                                    <customfield id="customfield_12310420" key="com.pyxis.greenhopper.jira:gh-global-rank">
                        <customfieldname>Global Rank</customfieldname>
                        <customfieldvalues>
                            <customfieldvalue>368591</customfieldvalue>
                        </customfieldvalues>
                    </customfield>
                                                                                                                                                                                                                                                                                                                                                                                                                                                                        <customfield id="customfield_12311820" key="com.pyxis.greenhopper.jira:gh-lexo-rank">
                        <customfieldname>Rank</customfieldname>
                        <customfieldvalues>
                            <customfieldvalue>0|i1rj3r:</customfieldvalue>

                        </customfieldvalues>
                    </customfield>
                                                                <customfield id="customfield_12310920" key="com.pyxis.greenhopper.jira:gh-global-rank">
                        <customfieldname>Rank (Obsolete)</customfieldname>
                        <customfieldvalues>
                            <customfieldvalue>368895</customfieldvalue>
                        </customfieldvalues>
                    </customfield>
                                                                                                                                                                                                                                                                                                                                                                                                                                                                                                                                                                                                                                                                                                                                                                                            </customfields>
    </item>


</channel>
</rss>