<rss version="0.92">
    <channel>
        <title>ASF JIRA</title>
        <link>https://issues.apache.org/jira/issues/?jql=project+%3D+wicket+and+type+%3D+bug+and+%28status+%3D+RESOLVED+or+status+%3D+closed%29</link>
        <description>An XML representation of a search request</description>
                <language>en-uk</language>
                        <issue start="0" end="1000" total="4133" />
                <build-info>
            <version>8.20.7</version>
            <build-number>820007</build-number>
            <build-date>16-03-2022</build-date>
        </build-info>

<item>
            <title>[WICKET-5287] NumberFormatException when parsing the port from Requests with invalid URIs</title>
                <link>https://issues.apache.org/jira/browse/WICKET-5287</link>
                <project id="12310561" key="WICKET">Wicket</project>
                    <description>&lt;p&gt;we still can reproduce this on any version.&lt;/p&gt;

&lt;p&gt;Maybe this git diff gives a clearer picture:&lt;/p&gt;

&lt;p&gt;diff --git a/wicket-core/src/test/java/org/apache/wicket/protocol/http/servlet/ServletWebRequestTest.java b/wicket-core/src/test/java/org/apache/wicket/protocol/http/servlet/ServletWebRequestTest.java&lt;br/&gt;
index f974a06..9ee3308 100644&lt;br/&gt;
&amp;#8212; a/wicket-core/src/test/java/org/apache/wicket/protocol/http/servlet/ServletWebRequestTest.java&lt;br/&gt;
+++ b/wicket-core/src/test/java/org/apache/wicket/protocol/http/servlet/ServletWebRequestTest.java&lt;br/&gt;
@@ -191,6 +191,16 @@&lt;br/&gt;
 		assertEquals("any/source/of/error", errorClientUrl.toString());&lt;br/&gt;
 	}&lt;/p&gt;

&lt;p&gt;+	@Test&lt;br/&gt;
+	public void wicketFoo()&lt;br/&gt;
+	&lt;/p&gt;
{
+		String filterPath = "filterPath";
+		MockHttpServletRequest httpRequest = new MockHttpServletRequest(null, null, null);
+		httpRequest.setURL("http://localhost" + '/' + filterPath + "/request/foo://:/");
+
+		ServletWebRequest webRequest = new ServletWebRequest(httpRequest, filterPath);
+	}
&lt;p&gt;+&lt;br/&gt;
 	private static class CustomRequestPage extends WebPage implements IMarkupResourceStreamProvider&lt;br/&gt;
 	{&lt;br/&gt;
 		private static final long serialVersionUID = 1L;&lt;/p&gt;

&lt;p&gt;This tests leads to this exption&lt;/p&gt;

&lt;p&gt;java.lang.NumberFormatException: For input string: ""&lt;br/&gt;
	at java.lang.NumberFormatException.forInputString(Unknown Source)&lt;br/&gt;
	at java.lang.Integer.parseInt(Unknown Source)&lt;br/&gt;
	at java.lang.Integer.parseInt(Unknown Source)&lt;br/&gt;
	at org.apache.wicket.request.Url.parse(Url.java:277)&lt;br/&gt;
	at org.apache.wicket.protocol.http.servlet.ServletWebRequest.getContextRelativeUrl(ServletWebRequest.java:208)&lt;br/&gt;
	at org.apache.wicket.protocol.http.servlet.ServletWebRequest.&amp;lt;init&amp;gt;(ServletWebRequest.java:112)&lt;br/&gt;
	at org.apache.wicket.protocol.http.servlet.ServletWebRequest.&amp;lt;init&amp;gt;(ServletWebRequest.java:82)&lt;br/&gt;
	at org.apache.wicket.protocol.http.servlet.ServletWebRequestTest.wicketFoo(ServletWebRequestTest.java:201)&lt;br/&gt;
	at sun.reflect.NativeMethodAccessorImpl.invoke0(Native Method)&lt;br/&gt;
	at sun.reflect.NativeMethodAccessorImpl.invoke(Unknown Source)&lt;br/&gt;
	at sun.reflect.DelegatingMethodAccessorImpl.invoke(Unknown Source)&lt;br/&gt;
	at java.lang.reflect.Method.invoke(Unknown Source)&lt;br/&gt;
	at org.junit.runners.model.FrameworkMethod$1.runReflectiveCall(FrameworkMethod.java:47)&lt;br/&gt;
	at org.junit.internal.runners.model.ReflectiveCallable.run(ReflectiveCallable.java:12)&lt;br/&gt;
	at org.junit.runners.model.FrameworkMethod.invokeExplosively(FrameworkMethod.java:44)&lt;br/&gt;
	at org.junit.internal.runners.statements.InvokeMethod.evaluate(InvokeMethod.java:17)&lt;br/&gt;
	at org.junit.runners.ParentRunner.runLeaf(ParentRunner.java:271)&lt;br/&gt;
	at org.junit.runners.BlockJUnit4ClassRunner.runChild(BlockJUnit4ClassRunner.java:70)&lt;br/&gt;
	at org.junit.runners.BlockJUnit4ClassRunner.runChild(BlockJUnit4ClassRunner.java:50)&lt;br/&gt;
	at org.junit.runners.ParentRunner$3.run(ParentRunner.java:238)&lt;br/&gt;
	at org.junit.runners.ParentRunner$1.schedule(ParentRunner.java:63)&lt;br/&gt;
	at org.junit.runners.ParentRunner.runChildren(ParentRunner.java:236)&lt;br/&gt;
	at org.junit.runners.ParentRunner.access$000(ParentRunner.java:53)&lt;br/&gt;
	at org.junit.runners.ParentRunner$2.evaluate(ParentRunner.java:229)&lt;br/&gt;
	at org.junit.runners.ParentRunner.run(ParentRunner.java:309)&lt;br/&gt;
	at org.eclipse.jdt.internal.junit4.runner.JUnit4TestReference.run(JUnit4TestReference.java:50)&lt;br/&gt;
	at org.eclipse.jdt.internal.junit.runner.TestExecution.run(TestExecution.java:38)&lt;br/&gt;
	at org.eclipse.jdt.internal.junit.runner.RemoteTestRunner.runTests(RemoteTestRunner.java:467)&lt;br/&gt;
	at org.eclipse.jdt.internal.junit.runner.RemoteTestRunner.runTests(RemoteTestRunner.java:683)&lt;br/&gt;
	at org.eclipse.jdt.internal.junit.runner.RemoteTestRunner.run(RemoteTestRunner.java:390)&lt;br/&gt;
	at org.eclipse.jdt.internal.junit.runner.RemoteTestRunner.main(RemoteTestRunner.java:197)&lt;/p&gt;
</description>
                <environment />
        <key id="12659746">WICKET-5287</key>
            <summary>NumberFormatException when parsing the port from Requests with invalid URIs</summary>
                <type id="1" iconUrl="https://issues.apache.org/jira/secure/viewavatar?size=xsmall&amp;avatarId=21133&amp;avatarType=issuetype">Bug</type>
                                            <priority id="3" iconUrl="https://issues.apache.org/jira/images/icons/priorities/major.svg">Major</priority>
                        <status id="5" iconUrl="https://issues.apache.org/jira/images/icons/statuses/resolved.png" description="A resolution has been taken, and it is awaiting verification by reporter. From here issues are either reopened, or are closed.">Resolved</status>
                    <statusCategory id="3" key="done" colorName="green" />
                                    <resolution id="1">Fixed</resolution>
                                        <assignee username="mgrigorov">Martin Tzvetanov Grigorov</assignee>
                                    <reporter username="funkattack">Martin Funk</reporter>
                        <labels>
                    </labels>
                <created>Thu, 25 Jul 2013 09:19:27 +0000</created>
                <updated>Thu, 8 Aug 2013 12:43:34 +0000</updated>
                            <resolved>Thu, 8 Aug 2013 12:43:34 +0000</resolved>
                                    <version>1.5.10</version>
                    <version>6.9.1</version>
                                    <fixVersion>6.10.0</fixVersion>
                    <fixVersion>7.0.0-M1</fixVersion>
                                        <due />
                            <votes>0</votes>
                                    <watches>2</watches>
                                                                        <attachments>
                    </attachments>
                <subtasks>
                    </subtasks>
                <customfields>
                                                                                                                                                                                                                                                                                                                                                                                                                                                                                                                                                                                                                                                                                                                    <customfield id="customfield_12314020" key="com.atlassian.jira.plugins.jira-development-integration-plugin:devsummary">
                        <customfieldname>Development</customfieldname>
                        <customfieldvalues>
                            
                        </customfieldvalues>
                    </customfield>
                                                                                                                        <customfield id="customfield_12313422" key="com.atlassian.jirafisheyeplugin:jobcheckbox">
                        <customfieldname>Enable Automatic Patch Review</customfieldname>
                        <customfieldvalues>
                            <customfieldvalue>false</customfieldvalue>

                        </customfieldvalues>
                    </customfield>
                                                                                                                                                                                                                                                                                                                                                                                                                                                                                                                                                                                                                    <customfield id="customfield_12310420" key="com.pyxis.greenhopper.jira:gh-global-rank">
                        <customfieldname>Global Rank</customfieldname>
                        <customfieldvalues>
                            <customfieldvalue>339938</customfieldvalue>
                        </customfieldvalues>
                    </customfield>
                                                                                                                                                                                                                                                                                                                                                                                                                                                                        <customfield id="customfield_12311820" key="com.pyxis.greenhopper.jira:gh-lexo-rank">
                        <customfieldname>Rank</customfieldname>
                        <customfieldvalues>
                            <customfieldvalue>0|i1mmpz:</customfieldvalue>

                        </customfieldvalues>
                    </customfield>
                                                                <customfield id="customfield_12310920" key="com.pyxis.greenhopper.jira:gh-global-rank">
                        <customfieldname>Rank (Obsolete)</customfieldname>
                        <customfieldvalues>
                            <customfieldvalue>340256</customfieldvalue>
                        </customfieldvalues>
                    </customfield>
                                                                                                                                                                                                                                                                                                                                                                                                                                                                                                                                                                                                                                                                                                                                                                                            </customfields>
    </item>


</channel>
</rss>