<rss version="0.92">
    <channel>
        <title>ASF JIRA</title>
        <link>https://issues.apache.org/jira/issues/?jql=project+%3D+wicket+and+type+%3D+bug+and+%28status+%3D+RESOLVED+or+status+%3D+closed%29</link>
        <description>An XML representation of a search request</description>
                <language>en-uk</language>
                        <issue start="0" end="1000" total="4133" />
                <build-info>
            <version>8.20.7</version>
            <build-number>820007</build-number>
            <build-date>16-03-2022</build-date>
        </build-info>

<item>
            <title>[WICKET-5344] ConcatResourceBundle does its main logic twice per request</title>
                <link>https://issues.apache.org/jira/browse/WICKET-5344</link>
                <project id="12310561" key="WICKET">Wicket</project>
                    <description>&lt;p&gt;org.apache.wicket.resource.bundles.ConcatBundleResource#readAllResources is called twice per request.&lt;br/&gt;
Once when the resource's version is calculated:&lt;br/&gt;
at org.apache.wicket.resource.bundles.ConcatBundleResource.readAllResources(ConcatBundleResource.java:168)&lt;br/&gt;
	  at org.apache.wicket.resource.bundles.ConcatBundleResource.getCacheableResourceStream(ConcatBundleResource.java:226)&lt;br/&gt;
	  at org.apache.wicket.request.resource.caching.version.LastModifiedResourceVersion.getVersion(LastModifiedResourceVersion.java:41)&lt;br/&gt;
	  at org.apache.wicket.request.resource.caching.version.RequestCycleCachedResourceVersion.getVersion(RequestCycleCachedResourceVersion.java:97)&lt;br/&gt;
	  at org.apache.wicket.request.resource.caching.FilenameWithVersionResourceCachingStrategy.decorateUrl(FilenameWithVersionResourceCachingStrategy.java:102)&lt;br/&gt;
	  at org.apache.wicket.core.request.mapper.BasicResourceReferenceMapper.mapHandler(BasicResourceReferenceMapper.java:238)&lt;br/&gt;
	  at org.apache.wicket.request.mapper.ParentPathReferenceRewriter.mapHandler(ParentPathReferenceRewriter.java:91)&lt;br/&gt;
	  at org.apache.wicket.request.mapper.CompoundRequestMapper.mapHandler(CompoundRequestMapper.java:215)&lt;br/&gt;
	  at org.apache.wicket.request.cycle.RequestCycle.mapUrlFor(RequestCycle.java:429)&lt;br/&gt;
	  at org.apache.wicket.request.cycle.RequestCycle.urlFor(RequestCycle.java:529)&lt;br/&gt;
	  at org.apache.wicket.markup.head.JavaScriptReferenceHeaderItem.getUrl(JavaScriptReferenceHeaderItem.java:159)&lt;br/&gt;
	  at org.apache.wicket.markup.head.JavaScriptReferenceHeaderItem.getRenderTokens(JavaScriptReferenceHeaderItem.java:142)&lt;br/&gt;
	  at org.apache.wicket.markup.head.internal.HeaderResponse.wasItemRendered(HeaderResponse.java:61)&lt;br/&gt;
	  at org.apache.wicket.markup.head.internal.HeaderResponse.render(HeaderResponse.java:52)&lt;br/&gt;
	  at org.apache.wicket.markup.head.ResourceAggregator.renderHeaderItems(ResourceAggregator.java:304)&lt;br/&gt;
	  at org.apache.wicket.markup.head.ResourceAggregator.close(ResourceAggregator.java:273)&lt;br/&gt;
	  at org.apache.wicket.markup.html.internal.HtmlHeaderContainer.onComponentTagBody(HtmlHeaderContainer.java:175)&lt;br/&gt;
	  at org.apache.wicket.markup.html.panel.DefaultMarkupSourcingStrategy.onComponentTagBody(DefaultMarkupSourcingStrategy.java:71)&lt;br/&gt;
	  at org.apache.wicket.Component.internalRenderComponent(Component.java:2549)&lt;br/&gt;
	  at org.apache.wicket.MarkupContainer.onRender(MarkupContainer.java:1493)&lt;/p&gt;


&lt;p&gt;and second time when the main functionality is executed: org.apache.wicket.resource.bundles.ConcatBundleResource#newResourceResponse.&lt;/p&gt;

&lt;p&gt;This leads to reading the files in the bundle twice and running the resource processor (if any) again twice per request.&lt;/p&gt;</description>
                <environment />
        <key id="12667535">WICKET-5344</key>
            <summary>ConcatResourceBundle does its main logic twice per request</summary>
                <type id="1" iconUrl="https://issues.apache.org/jira/secure/viewavatar?size=xsmall&amp;avatarId=21133&amp;avatarType=issuetype">Bug</type>
                                            <priority id="3" iconUrl="https://issues.apache.org/jira/images/icons/priorities/major.svg">Major</priority>
                        <status id="5" iconUrl="https://issues.apache.org/jira/images/icons/statuses/resolved.png" description="A resolution has been taken, and it is awaiting verification by reporter. From here issues are either reopened, or are closed.">Resolved</status>
                    <statusCategory id="3" key="done" colorName="green" />
                                    <resolution id="8">Not A Problem</resolution>
                                        <assignee username="mgrigorov">Martin Tzvetanov Grigorov</assignee>
                                    <reporter username="mgrigorov">Martin Tzvetanov Grigorov</reporter>
                        <labels>
                    </labels>
                <created>Mon, 9 Sep 2013 09:05:58 +0000</created>
                <updated>Mon, 16 Sep 2013 08:47:27 +0000</updated>
                            <resolved>Mon, 16 Sep 2013 08:47:27 +0000</resolved>
                                    <version>6.10.0</version>
                                                    <component>wicket</component>
                        <due />
                            <votes>0</votes>
                                    <watches>1</watches>
                                                                <comments>
                            <comment id="13768172" author="mgrigorov" created="Mon, 16 Sep 2013 08:47:27 +0000">&lt;p&gt;It wasn't in the same request.&lt;br/&gt;
The version is calculated in the request to the page.&lt;br/&gt;
#newResourceResponse() is called in the request to the resource bundle.&lt;/p&gt;</comment>
                    </comments>
                    <attachments>
                    </attachments>
                <subtasks>
                    </subtasks>
                <customfields>
                                                                                                                                                                                                                                                                                                                                                                                                                                                                                                                                                                                                                                                                                                                    <customfield id="customfield_12314020" key="com.atlassian.jira.plugins.jira-development-integration-plugin:devsummary">
                        <customfieldname>Development</customfieldname>
                        <customfieldvalues>
                            
                        </customfieldvalues>
                    </customfield>
                                                                                                                        <customfield id="customfield_12313422" key="com.atlassian.jirafisheyeplugin:jobcheckbox">
                        <customfieldname>Enable Automatic Patch Review</customfieldname>
                        <customfieldvalues>
                            <customfieldvalue>false</customfieldvalue>

                        </customfieldvalues>
                    </customfield>
                                                                                                                                                                                                                                                                                                                                                                                                                                                                                                                                                                                                                    <customfield id="customfield_12310420" key="com.pyxis.greenhopper.jira:gh-global-rank">
                        <customfieldname>Global Rank</customfieldname>
                        <customfieldvalues>
                            <customfieldvalue>347472</customfieldvalue>
                        </customfieldvalues>
                    </customfield>
                                                                                                                                                                                                                                                                                                                                                                                                                                                                        <customfield id="customfield_12311820" key="com.pyxis.greenhopper.jira:gh-lexo-rank">
                        <customfieldname>Rank</customfieldname>
                        <customfieldvalues>
                            <customfieldvalue>0|i1nx0f:</customfieldvalue>

                        </customfieldvalues>
                    </customfield>
                                                                <customfield id="customfield_12310920" key="com.pyxis.greenhopper.jira:gh-global-rank">
                        <customfieldname>Rank (Obsolete)</customfieldname>
                        <customfieldvalues>
                            <customfieldvalue>347771</customfieldvalue>
                        </customfieldvalues>
                    </customfield>
                                                                                                                                                                                                                                                                                                                                                                                                                                                                                                                                                                                                                                                                                                                                                                                            </customfields>
    </item>


</channel>
</rss>