<rss version="0.92">
    <channel>
        <title>ASF JIRA</title>
        <link>https://issues.apache.org/jira/issues/?jql=project+%3D+wicket+and+type+%3D+bug+and+%28status+%3D+RESOLVED+or+status+%3D+closed%29</link>
        <description>An XML representation of a search request</description>
                <language>en-uk</language>
                        <issue start="0" end="1000" total="4133" />
                <build-info>
            <version>8.20.7</version>
            <build-number>820007</build-number>
            <build-date>16-03-2022</build-date>
        </build-info>

<item>
            <title>[WICKET-5134] java.lang.NullPointerException at org.apache.wicket.markup.html.form.Form.onComponentTag(Form.java:1520) during Atmosphere eventbus.post() if using WebSockets</title>
                <link>https://issues.apache.org/jira/browse/WICKET-5134</link>
                <project id="12310561" key="WICKET">Wicket</project>
                    <description>&lt;p&gt;If using WebSockets, it always throws the NPE below:&lt;/p&gt;

&lt;div class="code panel" style="border-width: 1px;"&gt;&lt;div class="codeContent panelContent"&gt;
&lt;pre class="code-java"&gt;Unexpected RuntimeException

Last cause: &lt;span class="code-keyword"&gt;null&lt;/span&gt;

Stacktrace

Root cause:

java.lang.NullPointerException
     at org.apache.wicket.markup.html.form.Form.onComponentTag(Form.java:1520)
     at org.apache.wicket.Component.internalRenderComponent(Component.java:2511)
     at org.apache.wicket.MarkupContainer.onRender(MarkupContainer.java:1488)
     at org.apache.wicket.Component.internalRender(Component.java:2370)
     at org.apache.wicket.Component.render(Component.java:2298)
     at org.apache.wicket.ajax.XmlAjaxResponse.writeComponent(XmlAjaxResponse.java:127)
     at org.apache.wicket.ajax.AbstractAjaxResponse.writeComponents(AbstractAjaxResponse.java:214)
     at org.apache.wicket.ajax.AbstractAjaxResponse.writeTo(AbstractAjaxResponse.java:145)
     at org.apache.wicket.ajax.AjaxRequestHandler.respond(AjaxRequestHandler.java:363)
     at org.apache.wicket.request.cycle.RequestCycle$HandlerExecutor.respond(RequestCycle.java:840)
     at org.apache.wicket.request.RequestHandlerStack.execute(RequestHandlerStack.java:64)
     at org.apache.wicket.request.RequestHandlerStack.execute(RequestHandlerStack.java:97)
     at org.apache.wicket.request.cycle.RequestCycle.execute(RequestCycle.java:254)
     at org.apache.wicket.request.cycle.RequestCycle.processRequest(RequestCycle.java:211)
     at org.apache.wicket.request.cycle.RequestCycle.processRequestAndDetach(RequestCycle.java:282)
     at org.apache.wicket.atmosphere.EventBus.post(EventBus.java:320)
     at org.apache.wicket.atmosphere.EventBus.postToSingleResource(EventBus.java:297)
     at org.apache.wicket.atmosphere.EventBus.post(EventBus.java:272)
     at com.soluvas.story.impl.StoryManagerImpl.publish(StoryManagerImpl.java:107)
     at id.co.bippo.comment.story.ProductCommentedStoryPoster.createStoriesAndPublish(ProductCommentedStoryPoster.java:71)
     at java.lang.reflect.Method.invoke(Method.java:601)
     at com.google.common.eventbus.EventHandler.handleEvent(EventHandler.java:74)
     at com.google.common.eventbus.SynchronizedEventHandler.handleEvent(SynchronizedEventHandler.java:45)
     at com.google.common.eventbus.EventBus.dispatch(EventBus.java:314)
     at com.google.common.eventbus.AsyncEventBus.access$001(AsyncEventBus.java:34)
     at com.google.common.eventbus.AsyncEventBus$1.run(AsyncEventBus.java:100)
     at java.util.concurrent.ThreadPoolExecutor.runWorker(ThreadPoolExecutor.java:1145)
     at java.util.concurrent.ThreadPoolExecutor$Worker.run(ThreadPoolExecutor.java:615)
     at java.lang.&lt;span class="code-object"&gt;Thread&lt;/span&gt;.run(&lt;span class="code-object"&gt;Thread&lt;/span&gt;.java:722)

display page view
&lt;/pre&gt;
&lt;/div&gt;&lt;/div&gt;

&lt;p&gt;Another stacktrace:&lt;/p&gt;

&lt;div class="code panel" style="border-width: 1px;"&gt;&lt;div class="codeContent panelContent"&gt;
&lt;pre class="code-java"&gt;Unexpected RuntimeException

Last cause: &lt;span class="code-keyword"&gt;null&lt;/span&gt;

Stacktrace

Root cause:

java.lang.NullPointerException
     at org.apache.wicket.markup.html.form.Form.onComponentTag(Form.java:1520)
     at org.apache.wicket.Component.internalRenderComponent(Component.java:2511)
     at org.apache.wicket.MarkupContainer.onRender(MarkupContainer.java:1488)
     at org.apache.wicket.Component.internalRender(Component.java:2370)
     at org.apache.wicket.Component.render(Component.java:2298)
     at org.apache.wicket.ajax.XmlAjaxResponse.writeComponent(XmlAjaxResponse.java:127)
     at org.apache.wicket.ajax.AbstractAjaxResponse.writeComponents(AbstractAjaxResponse.java:214)
     at org.apache.wicket.ajax.AbstractAjaxResponse.writeTo(AbstractAjaxResponse.java:145)
     at org.apache.wicket.ajax.AjaxRequestHandler.respond(AjaxRequestHandler.java:363)
     at org.apache.wicket.request.cycle.RequestCycle$HandlerExecutor.respond(RequestCycle.java:840)
     at org.apache.wicket.request.RequestHandlerStack.execute(RequestHandlerStack.java:64)
     at org.apache.wicket.request.RequestHandlerStack.execute(RequestHandlerStack.java:97)
     at org.apache.wicket.request.cycle.RequestCycle.execute(RequestCycle.java:254)
     at org.apache.wicket.request.cycle.RequestCycle.processRequest(RequestCycle.java:211)
     at org.apache.wicket.request.cycle.RequestCycle.processRequestAndDetach(RequestCycle.java:282)
     at org.apache.wicket.atmosphere.EventBus.post(EventBus.java:320)
     at org.apache.wicket.atmosphere.EventBus.postToSingleResource(EventBus.java:297)
     at org.apache.wicket.atmosphere.EventBus.post(EventBus.java:272)
     at com.soluvas.story.impl.StoryManagerImpl.publish(StoryManagerImpl.java:107)
     at id.co.bippo.comment.story.ProductCommentedStoryPoster.createStoriesAndPublish(ProductCommentedStoryPoster.java:71)
     at java.lang.reflect.Method.invoke(Method.java:601)
     at com.google.common.eventbus.EventHandler.handleEvent(EventHandler.java:74)
     at com.google.common.eventbus.SynchronizedEventHandler.handleEvent(SynchronizedEventHandler.java:45)
     at com.google.common.eventbus.EventBus.dispatch(EventBus.java:314)
     at com.google.common.eventbus.AsyncEventBus.access$001(AsyncEventBus.java:34)
     at com.google.common.eventbus.AsyncEventBus$1.run(AsyncEventBus.java:100)
     at java.util.concurrent.ThreadPoolExecutor.runWorker(ThreadPoolExecutor.java:1145)
     at java.util.concurrent.ThreadPoolExecutor$Worker.run(ThreadPoolExecutor.java:615)
     at java.lang.&lt;span class="code-object"&gt;Thread&lt;/span&gt;.run(&lt;span class="code-object"&gt;Thread&lt;/span&gt;.java:722)

display page view
&lt;/pre&gt;
&lt;/div&gt;&lt;/div&gt;

&lt;p&gt;This bug is always reproducible in my configuration.&lt;/p&gt;

&lt;p&gt;It doesn't occur if comet/long-polling is used instead of websockets. Which means setting below will not trigger the bug:&lt;/p&gt;

&lt;div class="code panel" style="border-width: 1px;"&gt;&lt;div class="codeContent panelContent"&gt;
&lt;pre class="code-java"&gt;		&amp;lt;init-param&amp;gt;
			&amp;lt;param-name&amp;gt;org.atmosphere.useWebSocket&amp;lt;/param-name&amp;gt;
			&amp;lt;param-value&amp;gt;&lt;span class="code-keyword"&gt;false&lt;/span&gt;&amp;lt;/param-value&amp;gt;
		&amp;lt;/init-param&amp;gt;
&lt;/pre&gt;
&lt;/div&gt;&lt;/div&gt;</description>
                <environment>ONLY if using atmosphere-runtime 1.0.12, 1.0.11, 1.0.10 (regression)&lt;br/&gt;
does not occur with atmosphere-runtime 1.0.8 and 1.0.9&lt;br/&gt;
&lt;br/&gt;
java version &amp;quot;1.7.0_15&amp;quot;&lt;br/&gt;
OpenJDK Runtime Environment (IcedTea7 2.3.7) (7u15-2.3.7-0ubuntu1~12.10.1)&lt;br/&gt;
OpenJDK 64-Bit Server VM (build 23.7-b01, mixed mode)&lt;br/&gt;
&lt;br/&gt;
nginx 1.3.15&lt;br/&gt;
VMware vFabric tc Runtime 2.8.2.RELEASE/7.0.35.B.RELEASE&lt;br/&gt;
&lt;br/&gt;
wicket-atmosphere 0.8&lt;br/&gt;
wicket 6.6.0&lt;br/&gt;
</environment>
        <key id="12641070">WICKET-5134</key>
            <summary>java.lang.NullPointerException at org.apache.wicket.markup.html.form.Form.onComponentTag(Form.java:1520) during Atmosphere eventbus.post() if using WebSockets</summary>
                <type id="1" iconUrl="https://issues.apache.org/jira/secure/viewavatar?size=xsmall&amp;avatarId=21133&amp;avatarType=issuetype">Bug</type>
                                            <priority id="3" iconUrl="https://issues.apache.org/jira/images/icons/priorities/major.svg">Major</priority>
                        <status id="5" iconUrl="https://issues.apache.org/jira/images/icons/statuses/resolved.png" description="A resolution has been taken, and it is awaiting verification by reporter. From here issues are either reopened, or are closed.">Resolved</status>
                    <statusCategory id="3" key="done" colorName="green" />
                                    <resolution id="3">Duplicate</resolution>
                                        <assignee username="papegaaij">Emond Papegaaij</assignee>
                                    <reporter username="ceefour">Hendy Irawan</reporter>
                        <labels>
                    </labels>
                <created>Fri, 5 Apr 2013 16:51:39 +0000</created>
                <updated>Thu, 22 Aug 2013 09:52:27 +0000</updated>
                            <resolved>Fri, 5 Apr 2013 18:02:47 +0000</resolved>
                                    <version>6.6.0</version>
                                    <fixVersion>6.7.0</fixVersion>
                                    <component>wicket-atmosphere</component>
                        <due />
                            <votes>0</votes>
                                    <watches>2</watches>
                                                                <comments>
                            <comment id="13623822" author="ceefour" created="Fri, 5 Apr 2013 17:29:59 +0000">&lt;p&gt;Correction: Bug only reproducible on atmosphere-runtime 1.0.12, 1.0.11, 1.0.10.&lt;/p&gt;

&lt;p&gt;Works well on atmosphere-runtime 1.0.8 (the default in wicket-atmosphere 0.8) and 1.0.9.&lt;/p&gt;</comment>
                            <comment id="13623829" author="ceefour" created="Fri, 5 Apr 2013 17:37:54 +0000">&lt;p&gt;Also reported on &lt;a href="https://github.com/Atmosphere/atmosphere/issues/1002" class="external-link" target="_blank" rel="nofollow noopener"&gt;https://github.com/Atmosphere/atmosphere/issues/1002&lt;/a&gt;&lt;/p&gt;</comment>
                            <comment id="13623872" author="papegaaij" created="Fri, 5 Apr 2013 18:02:47 +0000">&lt;p&gt;This was already fixed in &lt;a href="https://issues.apache.org/jira/browse/WICKET-5084" title="ClassNotFoundException with Atmosphere on Bookmarkable pages" class="issue-link" data-issue-key="WICKET-5084"&gt;&lt;del&gt;WICKET-5084&lt;/del&gt;&lt;/a&gt;, which is still open because not the entire ticket is fixed.&lt;/p&gt;</comment>
                            <comment id="13623897" author="ceefour" created="Fri, 5 Apr 2013 18:22:18 +0000">&lt;p&gt;Thanks &lt;a href="https://issues.apache.org/jira/secure/ViewProfile.jspa?name=emond" class="user-hover" rel="emond"&gt;emond&lt;/a&gt; for the info! &lt;img class="emoticon" src="https://issues.apache.org/jira/images/icons/emoticons/smile.png" height="16" width="16" align="absmiddle" alt="" border="0"/&gt;&lt;/p&gt;</comment>
                    </comments>
                <issuelinks>
                            <issuelinktype id="12310000">
                    <name>Duplicate</name>
                                            <outwardlinks description="duplicates">
                                        <issuelink>
            <issuekey id="12635905">WICKET-5084</issuekey>
        </issuelink>
                            </outwardlinks>
                                                        </issuelinktype>
                    </issuelinks>
                <attachments>
                    </attachments>
                <subtasks>
                    </subtasks>
                <customfields>
                                                                                                                                                                                                                                                                                                                                                                                                                                                                                                                                                                                                                                                                                                                    <customfield id="customfield_12314020" key="com.atlassian.jira.plugins.jira-development-integration-plugin:devsummary">
                        <customfieldname>Development</customfieldname>
                        <customfieldvalues>
                            
                        </customfieldvalues>
                    </customfield>
                                                                                                                        <customfield id="customfield_12313422" key="com.atlassian.jirafisheyeplugin:jobcheckbox">
                        <customfieldname>Enable Automatic Patch Review</customfieldname>
                        <customfieldvalues>
                            <customfieldvalue>false</customfieldvalue>

                        </customfieldvalues>
                    </customfield>
                                                                                                                                                                                                                                                                                                                                                                                                                                                                                                                                                                                                                    <customfield id="customfield_12310420" key="com.pyxis.greenhopper.jira:gh-global-rank">
                        <customfieldname>Global Rank</customfieldname>
                        <customfieldvalues>
                            <customfieldvalue>321486</customfieldvalue>
                        </customfieldvalues>
                    </customfield>
                                                                                                                                                                                                                                                                                                                                                                                                                                                                        <customfield id="customfield_12311820" key="com.pyxis.greenhopper.jira:gh-lexo-rank">
                        <customfieldname>Rank</customfieldname>
                        <customfieldvalues>
                            <customfieldvalue>0|i1jgvz:</customfieldvalue>

                        </customfieldvalues>
                    </customfield>
                                                                <customfield id="customfield_12310920" key="com.pyxis.greenhopper.jira:gh-global-rank">
                        <customfieldname>Rank (Obsolete)</customfieldname>
                        <customfieldvalues>
                            <customfieldvalue>321831</customfieldvalue>
                        </customfieldvalues>
                    </customfield>
                                                                                                                                                                                                                                                                                                                                                                                                                                                                                                                                                                                                                                                                                                                                                                                            </customfields>
    </item>


</channel>
</rss>