<rss version="0.92">
    <channel>
        <title>ASF JIRA</title>
        <link>https://issues.apache.org/jira/issues/?jql=project+%3D+wicket+and+type+%3D+bug+and+%28status+%3D+RESOLVED+or+status+%3D+closed%29</link>
        <description>An XML representation of a search request</description>
                <language>en-uk</language>
                        <issue start="0" end="1000" total="4133" />
                <build-info>
            <version>8.20.7</version>
            <build-number>820007</build-number>
            <build-date>16-03-2022</build-date>
        </build-info>

<item>
            <title>[WICKET-5881] NPE in FormComponent#updateCollectionModel in case of no converted input and unmodifiable collection</title>
                <link>https://issues.apache.org/jira/browse/WICKET-5881</link>
                <project id="12310561" key="WICKET">Wicket</project>
                    <description>&lt;p&gt;There are 2 issues with FormComponent#updateCollectionModel. 1) converted input is not checked for null before wrapping it to ArrayList 2) converted input is not checked for null then model returns unmodifiable collection. The both issues causes NPE.&lt;/p&gt;</description>
                <environment>Windows 7 Pro SP1 x64, JDK 7u75 x64, Wildfly 8.2.0.Final</environment>
        <key id="12820744">WICKET-5881</key>
            <summary>NPE in FormComponent#updateCollectionModel in case of no converted input and unmodifiable collection</summary>
                <type id="1" iconUrl="https://issues.apache.org/jira/secure/viewavatar?size=xsmall&amp;avatarId=21133&amp;avatarType=issuetype">Bug</type>
                                            <priority id="3" iconUrl="https://issues.apache.org/jira/images/icons/priorities/major.svg">Major</priority>
                        <status id="5" iconUrl="https://issues.apache.org/jira/images/icons/statuses/resolved.png" description="A resolution has been taken, and it is awaiting verification by reporter. From here issues are either reopened, or are closed.">Resolved</status>
                    <statusCategory id="3" key="done" colorName="green" />
                                    <resolution id="1">Fixed</resolution>
                                        <assignee username="svenmeier">Sven Meier</assignee>
                                    <reporter username="amorozov">Alexander Morozov</reporter>
                        <labels>
                    </labels>
                <created>Tue, 14 Apr 2015 07:47:17 +0000</created>
                <updated>Thu, 4 Jun 2015 08:45:45 +0000</updated>
                            <resolved>Tue, 14 Apr 2015 10:46:51 +0000</resolved>
                                    <version>6.19.0</version>
                    <version>7.0.0</version>
                                    <fixVersion>6.20.0</fixVersion>
                    <fixVersion>7.0.0-M6</fixVersion>
                                    <component>wicket</component>
                        <due />
                            <votes>0</votes>
                                    <watches>4</watches>
                                                                <comments>
                            <comment id="14493745" author="githubbot" created="Tue, 14 Apr 2015 07:50:12 +0000">&lt;p&gt;GitHub user shuraa opened a pull request:&lt;/p&gt;

&lt;p&gt;    &lt;a href="https://github.com/apache/wicket/pull/115" class="external-link" target="_blank" rel="nofollow noopener"&gt;https://github.com/apache/wicket/pull/115&lt;/a&gt;&lt;/p&gt;

&lt;p&gt;    &lt;a href="https://issues.apache.org/jira/browse/WICKET-5881" title="NPE in FormComponent#updateCollectionModel in case of no converted input and unmodifiable collection" class="issue-link" data-issue-key="WICKET-5881"&gt;&lt;del&gt;WICKET-5881&lt;/del&gt;&lt;/a&gt; FormComponent#updateCollectionModel must check convertedInpu...&lt;/p&gt;

&lt;p&gt;    ...t for null before wrapping into ArrayListFormComponent#updateCollectionModel must check convertedInput for null before wrapping into ArrayList&lt;/p&gt;

&lt;p&gt;You can merge this pull request into a Git repository by running:&lt;/p&gt;

&lt;p&gt;    $ git pull &lt;a href="https://github.com/shuraa/wicket" class="external-link" target="_blank" rel="nofollow noopener"&gt;https://github.com/shuraa/wicket&lt;/a&gt; wicket-6.x&lt;/p&gt;

&lt;p&gt;Alternatively you can review and apply these changes as the patch at:&lt;/p&gt;

&lt;p&gt;    &lt;a href="https://github.com/apache/wicket/pull/115.patch" class="external-link" target="_blank" rel="nofollow noopener"&gt;https://github.com/apache/wicket/pull/115.patch&lt;/a&gt;&lt;/p&gt;

&lt;p&gt;To close this pull request, make a commit to your master/trunk branch&lt;br/&gt;
with (at least) the following in the commit message:&lt;/p&gt;

&lt;p&gt;    This closes #115&lt;/p&gt;

&lt;hr /&gt;
&lt;p&gt;commit 4362e6ee287993715de8867d0952aae775f99b85&lt;br/&gt;
Author: Alexander Morozov &amp;lt;amorozov@frte.ru&amp;gt;&lt;br/&gt;
Date:   2015-04-14T07:39:31Z&lt;/p&gt;

&lt;p&gt;    &lt;a href="https://issues.apache.org/jira/browse/WICKET-5881" title="NPE in FormComponent#updateCollectionModel in case of no converted input and unmodifiable collection" class="issue-link" data-issue-key="WICKET-5881"&gt;&lt;del&gt;WICKET-5881&lt;/del&gt;&lt;/a&gt; FormComponent#updateCollectionModel must check convertedInput for null before wrapping into ArrayListFormComponent#updateCollectionModel must check convertedInput for null before wrapping into ArrayList&lt;/p&gt;

&lt;hr /&gt;</comment>
                            <comment id="14493795" author="svenmeier" created="Tue, 14 Apr 2015 08:35:49 +0000">&lt;p&gt;Out of curiosity: Which component calls #updateCollectionModel() with a null argument?&lt;/p&gt;</comment>
                            <comment id="14493880" author="jira-bot" created="Tue, 14 Apr 2015 10:29:49 +0000">&lt;p&gt;Commit 8c83c5c50161b040fab0b748232a4fb5e7855e68 in wicket's branch refs/heads/master from &lt;a href="https://issues.apache.org/jira/secure/ViewProfile.jspa?name=amorozov" class="user-hover" rel="amorozov"&gt;amorozov&lt;/a&gt;&lt;br/&gt;
[ &lt;a href="https://git-wip-us.apache.org/repos/asf?p=wicket.git;h=8c83c5c" class="external-link" target="_blank" rel="nofollow noopener"&gt;https://git-wip-us.apache.org/repos/asf?p=wicket.git;h=8c83c5c&lt;/a&gt; ]&lt;/p&gt;

&lt;p&gt;&lt;a href="https://issues.apache.org/jira/browse/WICKET-5881" title="NPE in FormComponent#updateCollectionModel in case of no converted input and unmodifiable collection" class="issue-link" data-issue-key="WICKET-5881"&gt;&lt;del&gt;WICKET-5881&lt;/del&gt;&lt;/a&gt; FormComponent#updateCollectionModel must check convertedInput for null before wrapping into ArrayListFormComponent#updateCollectionModel must check convertedInput for null before wrapping into ArrayList&lt;/p&gt;</comment>
                            <comment id="14493881" author="jira-bot" created="Tue, 14 Apr 2015 10:30:20 +0000">&lt;p&gt;Commit 273814a957d2a7c742ff2ced3de4372f9a955eb7 in wicket's branch refs/heads/wicket-6.x from &lt;a href="https://issues.apache.org/jira/secure/ViewProfile.jspa?name=amorozov" class="user-hover" rel="amorozov"&gt;amorozov&lt;/a&gt;&lt;br/&gt;
[ &lt;a href="https://git-wip-us.apache.org/repos/asf?p=wicket.git;h=273814a" class="external-link" target="_blank" rel="nofollow noopener"&gt;https://git-wip-us.apache.org/repos/asf?p=wicket.git;h=273814a&lt;/a&gt; ]&lt;/p&gt;

&lt;p&gt;&lt;a href="https://issues.apache.org/jira/browse/WICKET-5881" title="NPE in FormComponent#updateCollectionModel in case of no converted input and unmodifiable collection" class="issue-link" data-issue-key="WICKET-5881"&gt;&lt;del&gt;WICKET-5881&lt;/del&gt;&lt;/a&gt; FormComponent#updateCollectionModel must check convertedInput for null before wrapping into ArrayListFormComponent#updateCollectionModel must check convertedInput for null before wrapping into ArrayList&lt;/p&gt;</comment>
                            <comment id="14493893" author="svenmeier" created="Tue, 14 Apr 2015 10:46:51 +0000">&lt;p&gt;if null, convertedInput is now replaced with empty list&lt;/p&gt;</comment>
                            <comment id="14494040" author="amorozov" created="Tue, 14 Apr 2015 12:28:36 +0000">&lt;p&gt;We got this issue in wicketstuff-select2 component. But now... I'm in doubt. It might be that something wrong with select2choice, not with FormComponent.&lt;/p&gt;</comment>
                            <comment id="14494041" author="githubbot" created="Tue, 14 Apr 2015 12:28:55 +0000">&lt;p&gt;Github user shuraa closed the pull request at:&lt;/p&gt;

&lt;p&gt;    &lt;a href="https://github.com/apache/wicket/pull/115" class="external-link" target="_blank" rel="nofollow noopener"&gt;https://github.com/apache/wicket/pull/115&lt;/a&gt;&lt;/p&gt;</comment>
                    </comments>
                    <attachments>
                    </attachments>
                <subtasks>
                    </subtasks>
                <customfields>
                                                                                                                                                                                                                                                                                                                                                                                                                                                                                                                                                                                                                                                                                                                    <customfield id="customfield_12314020" key="com.atlassian.jira.plugins.jira-development-integration-plugin:devsummary">
                        <customfieldname>Development</customfieldname>
                        <customfieldvalues>
                            
                        </customfieldvalues>
                    </customfield>
                                                                                                                        <customfield id="customfield_12313422" key="com.atlassian.jirafisheyeplugin:jobcheckbox">
                        <customfieldname>Enable Automatic Patch Review</customfieldname>
                        <customfieldvalues>
                            <customfieldvalue>false</customfieldvalue>

                        </customfieldvalues>
                    </customfield>
                                                                                                                                                                                                                                                                                                                                                                                                                                                                                                                                                                                                                    <customfield id="customfield_12310420" key="com.pyxis.greenhopper.jira:gh-global-rank">
                        <customfieldname>Global Rank</customfieldname>
                        <customfieldvalues>
                            <customfieldvalue>9223372036854775807</customfieldvalue>
                        </customfieldvalues>
                    </customfield>
                                                                                                                                                                                                                                                                                                                                                                                                                                                                        <customfield id="customfield_12311820" key="com.pyxis.greenhopper.jira:gh-lexo-rank">
                        <customfieldname>Rank</customfieldname>
                        <customfieldvalues>
                            <customfieldvalue>0|i2d7rz:</customfieldvalue>

                        </customfieldvalues>
                    </customfield>
                                                                <customfield id="customfield_12310920" key="com.pyxis.greenhopper.jira:gh-global-rank">
                        <customfieldname>Rank (Obsolete)</customfieldname>
                        <customfieldvalues>
                            <customfieldvalue>9223372036854775807</customfieldvalue>
                        </customfieldvalues>
                    </customfield>
                                                                                                                                                                                                                                                                                                                                                                                                                                                                                                                                                                                                                                                                                                                                                                                            </customfields>
    </item>


</channel>
</rss>