<rss version="0.92">
    <channel>
        <title>ASF JIRA</title>
        <link>https://issues.apache.org/jira/issues/?jql=project+%3D+wicket+and+type+%3D+bug+and+%28status+%3D+RESOLVED+or+status+%3D+closed%29</link>
        <description>An XML representation of a search request</description>
                <language>en-uk</language>
                        <issue start="0" end="1000" total="4133" />
                <build-info>
            <version>8.20.7</version>
            <build-number>820007</build-number>
            <build-date>16-03-2022</build-date>
        </build-info>

<item>
            <title>[WICKET-5326] Wicket doesn't encrypt links and Ajax URLs for mounted pages when CryptoMapper is used</title>
                <link>https://issues.apache.org/jira/browse/WICKET-5326</link>
                <project id="12310561" key="WICKET">Wicket</project>
                    <description>&lt;p&gt;URL encryption does not work in Wicket links and Ajax URLs.&lt;/p&gt;

&lt;p&gt;For links the URL appears unencrypted in the href attribute value and is only later forwarded to the encrypted URL using a 302 response.&lt;/p&gt;

&lt;p&gt;I am uploading a quickstart.&lt;/p&gt;</description>
                <environment>Linux</environment>
        <key id="12665262">WICKET-5326</key>
            <summary>Wicket doesn't encrypt links and Ajax URLs for mounted pages when CryptoMapper is used</summary>
                <type id="1" iconUrl="https://issues.apache.org/jira/secure/viewavatar?size=xsmall&amp;avatarId=21133&amp;avatarType=issuetype">Bug</type>
                                            <priority id="3" iconUrl="https://issues.apache.org/jira/images/icons/priorities/major.svg">Major</priority>
                        <status id="5" iconUrl="https://issues.apache.org/jira/images/icons/statuses/resolved.png" description="A resolution has been taken, and it is awaiting verification by reporter. From here issues are either reopened, or are closed.">Resolved</status>
                    <statusCategory id="3" key="done" colorName="green" />
                                    <resolution id="1">Fixed</resolution>
                                        <assignee username="jesselong">Jesse Long</assignee>
                                    <reporter username="wicket.x.ttp">Walter B. Rasmann</reporter>
                        <labels>
                            <label>security</label>
                    </labels>
                <created>Fri, 23 Aug 2013 16:55:18 +0000</created>
                <updated>Sun, 6 Sep 2015 21:52:00 +0000</updated>
                            <resolved>Wed, 15 Oct 2014 00:34:39 +0000</resolved>
                                    <version>6.10.0</version>
                                    <fixVersion>6.18.0</fixVersion>
                    <fixVersion>7.0.0-M4</fixVersion>
                                        <due />
                            <votes>0</votes>
                                    <watches>9</watches>
                                                                <comments>
                            <comment id="13748712" author="wicket.x.ttp" created="Fri, 23 Aug 2013 17:01:57 +0000">&lt;p&gt;I left the priority at the standard value. Please change it as you see fit.&lt;/p&gt;</comment>
                            <comment id="13748827" author="svenmeier" created="Fri, 23 Aug 2013 18:28:29 +0000">&lt;p&gt;Since &lt;a href="https://issues.apache.org/jira/browse/WICKET-4865" title="Page parameters not working with CryptoMapper" class="issue-link" data-issue-key="WICKET-4865"&gt;&lt;del&gt;WICKET-4865&lt;/del&gt;&lt;/a&gt; urls to the home page are no longer encrypted. See CryptoMapperTest#homePageWithParameters():&lt;br/&gt;
"When the home page url is requested, with parameters, the url will contain only page parameters. It should not be encrypted, otherwise we get needless redirects."&lt;/p&gt;

&lt;p&gt;I'm not sure which redirects @Martin is referring to. A quick test with removing the check url.getSegments().isEmpty() from CryptoMapper works fine for the quickstart.&lt;/p&gt;</comment>
                            <comment id="13751349" author="wicket.x.ttp" created="Tue, 27 Aug 2013 15:17:20 +0000">&lt;p&gt;I think the problem is, that currently a plain text URL is rewritten in a 302 redirect to an encrypted URL. To encrypt it after the request makes no sense, of course, because it is accessible directly and the user knows the fixed URL of the page. &lt;/p&gt;

&lt;p&gt;The default should possibly be to encrypt internal Wicket links and Ajax requests only. There should be an exception for internal links to mounted pages. The URLs in those links should not be encrypted (at least when BookmarkablePageLink is used), because these pages are meant to be accessed directly with parameters not encrypted by Wicket.&lt;/p&gt;</comment>
                            <comment id="13756061" author="jesselong" created="Mon, 2 Sep 2013 13:26:33 +0000">&lt;p&gt;Hi Walter,&lt;/p&gt;

&lt;p&gt;1. True. IRequestListener URLs on the home page are displayed to the user unencrypted.&lt;/p&gt;

&lt;p&gt;2. The URLs in your link and ajax fallback link are not absolute urls to the target page, they are session relative links like "?1-1.ILinkListener-link". The "?1-1" part means execute ILinkListener on component path "-link" for page number "1" (which has been rendered once). I know, it would be nicer if these were encrypted, but remember, if the links were encrypted, the encryption would probably not add anything to your security - the user would still have a link, which if he clicked would load Page2. He would still "know the fixed URL of the page" as much as he does now, considering what I said about "session relative". The encrypted URL are also session relative.&lt;/p&gt;

&lt;p&gt;3. Wicket does not know the target page for the AjaxFallbackLink or the Link - the target page is only set once the link is clicked, so Wicket would have no way of directly generating an encrypted URL for Page2. If you use BookmarkableLink you will see that the result is the same as your external link. This is because for bookmarkable and external link, Wicket already knows what the target page is, and so it can render an encrypted URL for the that target page.&lt;/p&gt;

&lt;p&gt;4. This "not encrypting IRequestListener URLs" behaviour only presents itself on the home page. The reason is: the home page is effectively a mounted page, mounted at "/". Some users want to have their own page parameters supplied to the home page. They want to be able to link to the home page using a BookmarkableLink with page parameters like: "/?startDate=2013-08-01&amp;amp;endDate=2013-09-02" etc etc. They dont want these page parameters to be encrypted. Ordinarily, when using the CryptoMapper, you mount pages AFTER the CryptoMapper is set as the root request mapper, so all mounted pages have that effect - page parameters are not encrypted. Because home page is "mounted" before CryptoMapper is set, the default behaviour would be to encrypt the page parameters, but we make a special effort to not encrypt the URLs to the home page, so that the home page may have very similar if not exactly the same behaviour as normal mounted pages.&lt;/p&gt;

&lt;p&gt;Having said all of that, maybe it is beneficial for us to encrypt URLs for the home page, when, and only when, the URL is a IRequestListener URL. Something like:&lt;/p&gt;

&lt;p&gt;// to encrypt or not to encrypt, that is the question.&lt;br/&gt;
if (url.getSegments().isEmpty()){&lt;br/&gt;
    // this is for home page&lt;br/&gt;
    if (url.getQueryParameters().size() == 1 &amp;amp;&amp;amp; &lt;br/&gt;
            Strings.isEmpty(url.getQueryParameters().get(0).getValue() &amp;amp;&amp;amp; &lt;br/&gt;
            PageComponentInfo.parse(url.getQueryParameters().get(0).getName()) != null)&lt;/p&gt;
{
        // return encrypted url
    }
&lt;p&gt;else&lt;/p&gt;
{
        // return unencrypted url
    }
&lt;p&gt;}&lt;/p&gt;

&lt;p&gt;Sven, Martin-g, what do you think?&lt;/p&gt;</comment>
                            <comment id="13756092" author="jesselong" created="Mon, 2 Sep 2013 14:05:31 +0000">&lt;p&gt;@Sven - needless redirect are my comments.&lt;/p&gt;

&lt;p&gt;Here is wget output first without the special home page handling, then without.&lt;/p&gt;

&lt;p&gt;jesse@rhino:~$ wget -O - &lt;a href="http://localhost:8081/?a=b" class="external-link" target="_blank" rel="nofollow noopener"&gt;http://localhost:8081/?a=b&lt;/a&gt;&lt;br/&gt;
-&lt;del&gt;2013-09-02 15:49:09&lt;/del&gt;-  &lt;a href="http://localhost:8081/?a=b" class="external-link" target="_blank" rel="nofollow noopener"&gt;http://localhost:8081/?a=b&lt;/a&gt;&lt;br/&gt;
Resolving localhost (localhost)... 127.0.0.1&lt;br/&gt;
Connecting to localhost (localhost)|127.0.0.1|:8081... connected.&lt;br/&gt;
HTTP request sent, awaiting response... 302 Found&lt;br/&gt;
Location: &lt;a href="http://localhost:8081/-Ot5f2933f8;jsessionid=om7i3o5tdfne1ts38f1txzn07" class="external-link" target="_blank" rel="nofollow noopener"&gt;http://localhost:8081/-Ot5f2933f8;jsessionid=om7i3o5tdfne1ts38f1txzn07&lt;/a&gt; &lt;span class="error"&gt;&amp;#91;following&amp;#93;&lt;/span&gt;&lt;br/&gt;
-&lt;del&gt;2013-09-02 15:49:09&lt;/del&gt;-  &lt;a href="http://localhost:8081/-Ot5f2933f8;jsessionid=om7i3o5tdfne1ts38f1txzn07" class="external-link" target="_blank" rel="nofollow noopener"&gt;http://localhost:8081/-Ot5f2933f8;jsessionid=om7i3o5tdfne1ts38f1txzn07&lt;/a&gt;&lt;br/&gt;
Reusing existing connection to localhost:8081.&lt;br/&gt;
HTTP request sent, awaiting response... 302 Found&lt;br/&gt;
Location: &lt;a href="http://localhost:8081/O3QeXdCceYI" class="external-link" target="_blank" rel="nofollow noopener"&gt;http://localhost:8081/O3QeXdCceYI&lt;/a&gt; &lt;span class="error"&gt;&amp;#91;following&amp;#93;&lt;/span&gt;&lt;br/&gt;
-&lt;del&gt;2013-09-02 15:49:09&lt;/del&gt;-  &lt;a href="http://localhost:8081/O3QeXdCceYI" class="external-link" target="_blank" rel="nofollow noopener"&gt;http://localhost:8081/O3QeXdCceYI&lt;/a&gt;&lt;br/&gt;
Reusing existing connection to localhost:8081.&lt;br/&gt;
HTTP request sent, awaiting response... 200 OK&lt;br/&gt;
Length: unspecified &lt;span class="error"&gt;&amp;#91;text/html&amp;#93;&lt;/span&gt;&lt;br/&gt;
Saving to: &#8216;STDOUT&#8217;&lt;/p&gt;

&lt;p&gt;jesse@rhino:~$ wget -O - &lt;a href="http://localhost:8081/?a=b" class="external-link" target="_blank" rel="nofollow noopener"&gt;http://localhost:8081/?a=b&lt;/a&gt;&lt;br/&gt;
-&lt;del&gt;2013-09-02 15:50:17&lt;/del&gt;-  &lt;a href="http://localhost:8081/?a=b" class="external-link" target="_blank" rel="nofollow noopener"&gt;http://localhost:8081/?a=b&lt;/a&gt;&lt;br/&gt;
Resolving localhost (localhost)... 127.0.0.1&lt;br/&gt;
Connecting to localhost (localhost)|127.0.0.1|:8081... connected.&lt;br/&gt;
HTTP request sent, awaiting response... 302 Found&lt;br/&gt;
Location: &lt;a href="http://localhost:8081/;jsessionid=qgxwldmg7lv01mphmrgdwmkn?0&amp;amp;a=b" class="external-link" target="_blank" rel="nofollow noopener"&gt;http://localhost:8081/;jsessionid=qgxwldmg7lv01mphmrgdwmkn?0&amp;amp;a=b&lt;/a&gt; &lt;span class="error"&gt;&amp;#91;following&amp;#93;&lt;/span&gt;&lt;br/&gt;
-&lt;del&gt;2013-09-02 15:50:18&lt;/del&gt;-  &lt;a href="http://localhost:8081/;jsessionid=qgxwldmg7lv01mphmrgdwmkn?0&amp;amp;a=b" class="external-link" target="_blank" rel="nofollow noopener"&gt;http://localhost:8081/;jsessionid=qgxwldmg7lv01mphmrgdwmkn?0&amp;amp;a=b&lt;/a&gt;&lt;br/&gt;
Reusing existing connection to localhost:8081.&lt;br/&gt;
HTTP request sent, awaiting response... 200 OK&lt;br/&gt;
Length: unspecified &lt;span class="error"&gt;&amp;#91;text/html&amp;#93;&lt;/span&gt;&lt;br/&gt;
Saving to: &#8216;STDOUT&#8217;&lt;/p&gt;

&lt;p&gt;The request is always to &lt;a href="http://localhost:8081/?a=b" class="external-link" target="_blank" rel="nofollow noopener"&gt;http://localhost:8081/?a=b&lt;/a&gt;.&lt;/p&gt;

&lt;p&gt;Without special home page handling user is first redirected to "encrypted(?a=b)", then to "encrypted(?0&amp;amp;a=b)".&lt;/p&gt;

&lt;p&gt;With special home page handling, user is redirected once to "?0&amp;amp;a=b".&lt;/p&gt;

&lt;p&gt;That is the unnecessary redirect I was talking about.&lt;/p&gt;

&lt;p&gt;Also, like I said in the comment above, it is nice to give the user "mounted page" like behaviour for the home page, where his user-provided page parameters are visible in the URL.&lt;/p&gt;</comment>
                            <comment id="13759039" author="wicket.x.ttp" created="Thu, 5 Sep 2013 13:07:20 +0000">&lt;p&gt;Hello Jesse,&lt;/p&gt;

&lt;p&gt;it also seems to me, that the "home page" could have the same behavior as mounted pages in that it should stay reachable by an unencrypted URL and should be referenced by that URL in Wicket, when it is constructed using the PageParameters constructor or the no-args constructor. This should be true only for the page itself and not for URLs referencing other objects (like Ajax URLs etc.). &lt;/p&gt;

&lt;p&gt;I think it would be nice to find conditions for the page to be referenced and reachable by an unencrypted URL and not the other way round. This might need more work, but seems the right approach.&lt;/p&gt;

&lt;p&gt;What you wrote under 2. is possibly not completely true for us. We use CryptoMapper with KeyInSessionSunJceCryptFactory as the "CryptFactory" (this was the default in Wicket 1.4). That means that the URLs are different in every session.&lt;/p&gt;</comment>
                            <comment id="13770749" author="aka" created="Wed, 18 Sep 2013 13:11:04 +0000">&lt;p&gt;Hi Walter,&lt;/p&gt;

&lt;p&gt;I think I am facing a similiar issue. Does it help if you do not mount the pages directly, but mount a page which redirects to the actual page? This way, links to the destination page will properly be encrypted.&lt;/p&gt;

&lt;p&gt;public class LoginPageRedirect extends WebPage {&lt;br/&gt;
    protected void onInitialize() &lt;/p&gt;
{
        throw new RestartResponseException(LoginPage.class);
    }
&lt;p&gt;}&lt;br/&gt;
webApplication.mountPage("login", LoginPageRedirect.class);&lt;/p&gt;</comment>
                            <comment id="14119932" author="dantehicks42" created="Wed, 3 Sep 2014 15:06:38 +0000">&lt;p&gt;Walter,&lt;/p&gt;

&lt;p&gt;any updates / resolution to your issue ? We seem to have encountered the same problem as you using CryptoMapper and KeyInSessionSunJceCryptFactory.&lt;/p&gt;

&lt;p&gt;I'm kinda concerned this hasn't been updated for a year now. I would have assumed this to be a common use case. &lt;/p&gt;</comment>
                            <comment id="14119962" author="mgrigorov" created="Wed, 3 Sep 2014 15:26:40 +0000">&lt;p&gt;&lt;a href="https://issues.apache.org/jira/secure/ViewProfile.jspa?name=dantehicks42" class="user-hover" rel="dantehicks42"&gt;dantehicks42&lt;/a&gt; could you please explain what exactly is the issue when using KeyInSessionSunJceCryptFactory ?&lt;/p&gt;</comment>
                            <comment id="14120076" author="jesselong" created="Wed, 3 Sep 2014 16:52:58 +0000">&lt;p&gt;Hi Eric, Walter, Andreas,&lt;/p&gt;

&lt;p&gt;Please try QueryParameterCryptoMapper.java attached. You should use it in combination with normal CryptoMapper, but this one after all mounted pages.&lt;/p&gt;

&lt;p&gt;Like:&lt;/p&gt;

&lt;p&gt;setRootRequestMapper(new CryptoMapper(...));&lt;br/&gt;
mountPage(....);&lt;br/&gt;
mountPage(...);&lt;br/&gt;
setRootRequestMapper(new QueryParameterCryptoMapper(...));&lt;/p&gt;

&lt;p&gt;I just did this now, not sure if it works or not. Seems to work for the quickstart and one of my apps.&lt;/p&gt;

&lt;p&gt;Please update if there is any issues.&lt;/p&gt;</comment>
                            <comment id="14135913" author="satgutta" created="Tue, 16 Sep 2014 18:33:50 +0000">&lt;p&gt;I work with Eric Hamel and in response for the comment made by Eric Hamel on - 03/Sep/14 16:06. I am attaching Wicket_6_1_6_QuickStart which covers 1 and 2 explained below.&lt;br/&gt;
Please note I have web.xml entry "&amp;lt;session-timeout&amp;gt;2&amp;lt;/session-timeout&amp;gt;" which makes it easier to replicate session expiry in 2 mins&lt;/p&gt;

&lt;p&gt;Quick Start Application flow: &lt;br/&gt;
        i. Hit root url &lt;a href="http://localhost:8080" class="external-link" target="_blank" rel="nofollow noopener"&gt;http://localhost:8080&lt;/a&gt;, you will navigate to home page with a link to First Navigation page.&lt;br/&gt;
	ii. In First Navigation Page we have a link to Second Navigation Page.&lt;br/&gt;
	iii. In Second Navigation Page we have a link back to home page.&lt;/p&gt;

&lt;p&gt;1. To prevent XSRF attacks we have overridden the following default wicket settings in org.apache.wicket.protocol.http.WebApplication#init() method.&lt;/p&gt;

&lt;p&gt;			getSecuritySettings().setCryptFactory(new KeyInSessionSunJceCryptFactory());		&lt;br/&gt;
			setRootRequestMapper(new CryptoMapper(getRootRequestMapperAsCompound(), this));&lt;/p&gt;

&lt;p&gt;	        With the above setting home page urls/links are unencrypted and exposed. When you navigate past home page, urls/links are encrypted.&lt;/p&gt;

&lt;p&gt;	        This problem I am trying to explain is already in comments posted by Walter B. Rasmann  on - 05/Sep/13 14:07, &lt;br/&gt;
			but I am not finding a clear answer explaining this behavior.&lt;/p&gt;

&lt;p&gt;2. The second problem is on Session expiry, you click on a link in home page&lt;/p&gt;

&lt;p&gt;	          You are remain on home page, you neither navigated to the link you clicked nor redirected to PageExpired page which is configured &lt;br/&gt;
			  in org.apache.wicket.protocol.http.WebApplication#init() method as follows&lt;/p&gt;

&lt;p&gt;			  getApplicationSettings().setPageExpiredErrorPage(PageExpired.class);&lt;br/&gt;
		      mountPage("/" + PageExpired.STATUS_CODE, PageExpired.class);&lt;/p&gt;

&lt;p&gt;			  With that said, the behavior is different when links on other pages (link in First Navigation page from quick start) &lt;br/&gt;
			  are clicked on session expiry, you actually hit PageExpired page. &lt;/p&gt;

&lt;p&gt;			  Why is the behavior different for home page links compared to links on other pages when it comes to session expiry ? &lt;/p&gt;</comment>
                            <comment id="14136997" author="jesselong" created="Wed, 17 Sep 2014 09:30:05 +0000">&lt;p&gt;QueryParameterCryptoMapper2.java - CryptoMapper that only encrypts the PageComponentInfo query parameter. &lt;/p&gt;</comment>
                            <comment id="14137017" author="jesselong" created="Wed, 17 Sep 2014 09:56:57 +0000">&lt;p&gt;Satish,&lt;/p&gt;

&lt;p&gt;Regarding issue #1:&lt;/p&gt;

&lt;p&gt;The reason for the behavior is explained in my first comment, item 4.&lt;/p&gt;

&lt;p&gt;Walter and others pointed out that item 2 in my first comment was not always correct, as KeyInSessionSunJceCryptFactory solves that problem.&lt;/p&gt;

&lt;p&gt;I have provided a solution - QueryParameterCryptoMapper. I have uploaded two versions to this ticket. QueryParameterCryptoMapper2.java (needs to be renamed on your side) only encrypts the PageComponentInfo query parameter, while QueryParameterCryptoMapper.java encrypts all query parameters.&lt;/p&gt;

&lt;p&gt;Please test one of the QueryParameterCryptoMapper classes as described above and let us know if this meets the requirement.&lt;/p&gt;

&lt;p&gt;Regarding issue #2.&lt;/p&gt;

&lt;p&gt;This is a separate issue, and you will probably see the same behavior without CryptoMapper. Please post this question to an appropriate forum, like the wicket-users mailing list.&lt;/p&gt;</comment>
                            <comment id="14137396" author="satgutta" created="Wed, 17 Sep 2014 15:34:05 +0000">
&lt;p&gt;Jesse,&lt;/p&gt;

&lt;p&gt;Regarding issue #1:&lt;/p&gt;

&lt;p&gt;I tried QueryParameterCryptoMapper2.java as you recommended.&lt;/p&gt;

&lt;p&gt;First I see home page urls/links are encrypted.&lt;/p&gt;

&lt;p&gt;Second I tried to do XSRF test by copying a link in the home page and pasting it in a different browser &lt;br/&gt;
and the link was successfully executed, was expecting Page expired page which did not happen.&lt;/p&gt;

&lt;p&gt;To my understanding the home page links are still XSRF vulnerable.&lt;/p&gt;

&lt;p&gt;The same XSRF test was done using links from non home pages by copying and pasting in a new browser and I was able to see Page expired page.&lt;/p&gt;


&lt;p&gt;Regarding issue #2.&lt;br/&gt;
I have sent an email to wicket-users mailing list.&lt;/p&gt;</comment>
                            <comment id="14165321" author="jira-bot" created="Thu, 9 Oct 2014 16:21:39 +0000">&lt;p&gt;Commit c63989018a8fb11a3dbbc68253e74f3fd2117430 in wicket's branch refs/heads/sandbox/cryptomapper-request-listener from &lt;a href="https://issues.apache.org/jira/secure/ViewProfile.jspa?name=jesselong" class="user-hover" rel="jesselong"&gt;jesselong&lt;/a&gt;&lt;br/&gt;
[ &lt;a href="https://git-wip-us.apache.org/repos/asf?p=wicket.git;h=c639890" class="external-link" target="_blank" rel="nofollow noopener"&gt;https://git-wip-us.apache.org/repos/asf?p=wicket.git;h=c639890&lt;/a&gt; ]&lt;/p&gt;

&lt;p&gt;&lt;a href="https://issues.apache.org/jira/browse/WICKET-5326" title="Wicket doesn&amp;#39;t encrypt links and Ajax URLs for mounted pages when CryptoMapper is used" class="issue-link" data-issue-key="WICKET-5326"&gt;&lt;del&gt;WICKET-5326&lt;/del&gt;&lt;/a&gt; Wicket doesn't encrypt links and Ajax URLs when CryptoMapper is used&lt;/p&gt;</comment>
                            <comment id="14171767" author="jira-bot" created="Wed, 15 Oct 2014 00:26:42 +0000">&lt;p&gt;Commit 6af2d593dbe042925c5cc9d3b0e89fc63ffe8efb in wicket's branch refs/heads/wicket-6.x from &lt;a href="https://issues.apache.org/jira/secure/ViewProfile.jspa?name=jesselong" class="user-hover" rel="jesselong"&gt;jesselong&lt;/a&gt;&lt;br/&gt;
[ &lt;a href="https://git-wip-us.apache.org/repos/asf?p=wicket.git;h=6af2d59" class="external-link" target="_blank" rel="nofollow noopener"&gt;https://git-wip-us.apache.org/repos/asf?p=wicket.git;h=6af2d59&lt;/a&gt; ]&lt;/p&gt;

&lt;p&gt;&lt;a href="https://issues.apache.org/jira/browse/WICKET-5326" title="Wicket doesn&amp;#39;t encrypt links and Ajax URLs for mounted pages when CryptoMapper is used" class="issue-link" data-issue-key="WICKET-5326"&gt;&lt;del&gt;WICKET-5326&lt;/del&gt;&lt;/a&gt; Wicket doesn't encrypt links and Ajax URLs when CryptoMapper is used&lt;/p&gt;</comment>
                            <comment id="14171768" author="jira-bot" created="Wed, 15 Oct 2014 00:27:01 +0000">&lt;p&gt;Commit ded3c58375c9560b6bfcc499ecfe2817135133aa in wicket's branch refs/heads/master from &lt;a href="https://issues.apache.org/jira/secure/ViewProfile.jspa?name=jesselong" class="user-hover" rel="jesselong"&gt;jesselong&lt;/a&gt;&lt;br/&gt;
[ &lt;a href="https://git-wip-us.apache.org/repos/asf?p=wicket.git;h=ded3c58" class="external-link" target="_blank" rel="nofollow noopener"&gt;https://git-wip-us.apache.org/repos/asf?p=wicket.git;h=ded3c58&lt;/a&gt; ]&lt;/p&gt;

&lt;p&gt;&lt;a href="https://issues.apache.org/jira/browse/WICKET-5326" title="Wicket doesn&amp;#39;t encrypt links and Ajax URLs for mounted pages when CryptoMapper is used" class="issue-link" data-issue-key="WICKET-5326"&gt;&lt;del&gt;WICKET-5326&lt;/del&gt;&lt;/a&gt; Wicket doesn't encrypt links and Ajax URLs when CryptoMapper is used&lt;/p&gt;

&lt;p&gt;(cherry picked from commit 6af2d593dbe042925c5cc9d3b0e89fc63ffe8efb)&lt;/p&gt;

&lt;p&gt;Conflicts:&lt;br/&gt;
	wicket-core/src/main/java/org/apache/wicket/core/request/mapper/CryptoMapper.java&lt;br/&gt;
	wicket-core/src/test/java/org/apache/wicket/core/request/mapper/CryptoMapperTest.java&lt;/p&gt;</comment>
                            <comment id="14171785" author="jesselong" created="Wed, 15 Oct 2014 00:34:39 +0000">&lt;p&gt;Desired behavior is implemented by installing CryptoMapper after mounting pages in Wicket 6.18.0 and 7.0.0-M4.&lt;/p&gt;</comment>
                    </comments>
                <issuelinks>
                            <issuelinktype id="12310050">
                    <name>Regression</name>
                                            <outwardlinks description="breaks">
                                        <issuelink>
            <issuekey id="12860308">WICKET-5977</issuekey>
        </issuelink>
                            </outwardlinks>
                                                        </issuelinktype>
                    </issuelinks>
                <attachments>
                            <attachment id="12599656" name="5326.tar.gz" size="19140" author="wicket.x.ttp" created="Fri, 23 Aug 2013 17:01:57 +0000" />
                            <attachment id="12669366" name="QueryParameterCryptoMapper.java" size="2368" author="jesselong" created="Wed, 17 Sep 2014 08:34:13 +0000" />
                            <attachment id="12669374" name="QueryParameterCryptoMapper2.java" size="2640" author="jesselong" created="Wed, 17 Sep 2014 09:30:05 +0000" />
                            <attachment id="12669127" name="Wicket_6_1_6_QuickStart.zip" size="53131" author="satgutta" created="Tue, 16 Sep 2014 18:31:26 +0000" />
                    </attachments>
                <subtasks>
                    </subtasks>
                <customfields>
                                                                                                                                                                                                                                                                                                                                                                                                                                                                                                                                                                                                                                                                                                                    <customfield id="customfield_12314020" key="com.atlassian.jira.plugins.jira-development-integration-plugin:devsummary">
                        <customfieldname>Development</customfieldname>
                        <customfieldvalues>
                            
                        </customfieldvalues>
                    </customfield>
                                                                                                                        <customfield id="customfield_12313422" key="com.atlassian.jirafisheyeplugin:jobcheckbox">
                        <customfieldname>Enable Automatic Patch Review</customfieldname>
                        <customfieldvalues>
                            <customfieldvalue>false</customfieldvalue>

                        </customfieldvalues>
                    </customfield>
                                                                                                                                                                                                                                                                                                                                                                                                                                                                                                                                                                                                                    <customfield id="customfield_12310420" key="com.pyxis.greenhopper.jira:gh-global-rank">
                        <customfieldname>Global Rank</customfieldname>
                        <customfieldvalues>
                            <customfieldvalue>345202</customfieldvalue>
                        </customfieldvalues>
                    </customfield>
                                                                                                                                                                                                                                                                                                                                                                                                                                                                        <customfield id="customfield_12311820" key="com.pyxis.greenhopper.jira:gh-lexo-rank">
                        <customfieldname>Rank</customfieldname>
                        <customfieldvalues>
                            <customfieldvalue>0|i1nj1r:</customfieldvalue>

                        </customfieldvalues>
                    </customfield>
                                                                <customfield id="customfield_12310920" key="com.pyxis.greenhopper.jira:gh-global-rank">
                        <customfieldname>Rank (Obsolete)</customfieldname>
                        <customfieldvalues>
                            <customfieldvalue>345503</customfieldvalue>
                        </customfieldvalues>
                    </customfield>
                                                                                                                                                                                                                                                                                                                                                                                                                                                                                                                                                                                                                                                                                                                                                                                            </customfields>
    </item>


</channel>
</rss>