<rss version="0.92">
    <channel>
        <title>ASF JIRA</title>
        <link>https://issues.apache.org/jira/issues/?jql=project+%3D+wicket+and+type+%3D+bug+and+%28status+%3D+RESOLVED+or+status+%3D+closed%29</link>
        <description>An XML representation of a search request</description>
                <language>en-uk</language>
                        <issue start="0" end="1000" total="4133" />
                <build-info>
            <version>8.20.7</version>
            <build-number>820007</build-number>
            <build-date>16-03-2022</build-date>
        </build-info>

<item>
            <title>[WICKET-5131] Problems with cookies disabled when using 301/302 and also 303 (even with cookies)</title>
                <link>https://issues.apache.org/jira/browse/WICKET-5131</link>
                <project id="12310561" key="WICKET">Wicket</project>
                    <description>&lt;p&gt;As mentioned in the mailing list by Martin, i open this as a bug...&lt;/p&gt;

&lt;p&gt;Its not possible to use 303 as redirect (SC_SEE_OTHER) because thats not supported, only 302 and 301 are supported but this is defined in RFC HTTP 1.1 from 1997. &lt;/p&gt;

&lt;p&gt;301 will add the Location header - which works as expected when disabling cookies. But a 302 (which is what i prefer) will redirect to the same page because the Location header is missing. When i enable cookies, its working.&lt;/p&gt;

&lt;p&gt;Example can be found here: &lt;a href="https://github.com/olze/WicketRedirect" class="external-link" target="_blank" rel="nofollow noopener"&gt;https://github.com/olze/WicketRedirect&lt;/a&gt;&lt;/p&gt;</description>
                <environment />
        <key id="12640774">WICKET-5131</key>
            <summary>Problems with cookies disabled when using 301/302 and also 303 (even with cookies)</summary>
                <type id="1" iconUrl="https://issues.apache.org/jira/secure/viewavatar?size=xsmall&amp;avatarId=21133&amp;avatarType=issuetype">Bug</type>
                                            <priority id="3" iconUrl="https://issues.apache.org/jira/images/icons/priorities/major.svg">Major</priority>
                        <status id="5" iconUrl="https://issues.apache.org/jira/images/icons/statuses/resolved.png" description="A resolution has been taken, and it is awaiting verification by reporter. From here issues are either reopened, or are closed.">Resolved</status>
                    <statusCategory id="3" key="done" colorName="green" />
                                    <resolution id="1">Fixed</resolution>
                                        <assignee username="mgrigorov">Martin Tzvetanov Grigorov</assignee>
                                    <reporter username="olze84">oliver  z</reporter>
                        <labels>
                    </labels>
                <created>Thu, 4 Apr 2013 14:22:27 +0000</created>
                <updated>Tue, 9 Apr 2013 07:35:26 +0000</updated>
                            <resolved>Mon, 8 Apr 2013 11:06:52 +0000</resolved>
                                    <version>6.6.0</version>
                                    <fixVersion>6.7.0</fixVersion>
                    <fixVersion>1.5.11</fixVersion>
                                        <due />
                            <votes>0</votes>
                                    <watches>2</watches>
                                                                <comments>
                            <comment id="13625283" author="mgrigorov" created="Mon, 8 Apr 2013 11:06:52 +0000">&lt;p&gt;Added support for SC_SEE_OTHER.&lt;br/&gt;
Please test it with 6.7.0-SNAPSHOT before next Friday if you can.&lt;/p&gt;</comment>
                            <comment id="13626334" author="olze84" created="Tue, 9 Apr 2013 07:31:14 +0000">&lt;p&gt;Just tested it. SC_SEE_OTHER works like a charm (with and without cookies)&lt;br/&gt;
SC_MOVED_PERMANENTLY also works like a charm with and without cookies.&lt;br/&gt;
SC_MOVED_TEMPORARLY does not work when cookies are disabled.&lt;/p&gt;

&lt;p&gt;Thanks! Is there some release planning when 6.7.0 comes out? Jira said 15.3.&lt;/p&gt;</comment>
                            <comment id="13626354" author="mgrigorov" created="Tue, 9 Apr 2013 07:35:26 +0000">&lt;p&gt;It is planned for next Friday (12.04).&lt;/p&gt;</comment>
                    </comments>
                    <attachments>
                    </attachments>
                <subtasks>
                    </subtasks>
                <customfields>
                                                                                                                                                                                                                                                                                                                                                                                                                                                                                                                                                                                                                                                                                                                    <customfield id="customfield_12314020" key="com.atlassian.jira.plugins.jira-development-integration-plugin:devsummary">
                        <customfieldname>Development</customfieldname>
                        <customfieldvalues>
                            
                        </customfieldvalues>
                    </customfield>
                                                                                                                        <customfield id="customfield_12313422" key="com.atlassian.jirafisheyeplugin:jobcheckbox">
                        <customfieldname>Enable Automatic Patch Review</customfieldname>
                        <customfieldvalues>
                            <customfieldvalue>false</customfieldvalue>

                        </customfieldvalues>
                    </customfield>
                                                                                                                                                                                                                                                                                                                                                                                                                                                                                                                                                                                                                    <customfield id="customfield_12310420" key="com.pyxis.greenhopper.jira:gh-global-rank">
                        <customfieldname>Global Rank</customfieldname>
                        <customfieldvalues>
                            <customfieldvalue>321233</customfieldvalue>
                        </customfieldvalues>
                    </customfield>
                                                                                                                                                                                                                                                                                                                                                                                                                                                                        <customfield id="customfield_12311820" key="com.pyxis.greenhopper.jira:gh-lexo-rank">
                        <customfieldname>Rank</customfieldname>
                        <customfieldvalues>
                            <customfieldvalue>0|i1jfc7:</customfieldvalue>

                        </customfieldvalues>
                    </customfield>
                                                                <customfield id="customfield_12310920" key="com.pyxis.greenhopper.jira:gh-global-rank">
                        <customfieldname>Rank (Obsolete)</customfieldname>
                        <customfieldvalues>
                            <customfieldvalue>321578</customfieldvalue>
                        </customfieldvalues>
                    </customfield>
                                                                                                                                                                                                                                                                                                                                                                                                                                                                                                                                                                                                                                                                                                                                                                                            </customfields>
    </item>


</channel>
</rss>