<rss version="0.92">
    <channel>
        <title>ASF JIRA</title>
        <link>https://issues.apache.org/jira/issues/?jql=project+%3D+wicket+and+type+%3D+bug+and+%28status+%3D+RESOLVED+or+status+%3D+closed%29</link>
        <description>An XML representation of a search request</description>
                <language>en-uk</language>
                        <issue start="0" end="1000" total="4133" />
                <build-info>
            <version>8.20.7</version>
            <build-number>820007</build-number>
            <build-date>16-03-2022</build-date>
        </build-info>

<item>
            <title>[WICKET-5696] @SpringBean(required=false) is no longer respected if @Inject is present</title>
                <link>https://issues.apache.org/jira/browse/WICKET-5696</link>
                <project id="12310561" key="WICKET">Wicket</project>
                    <description>&lt;p&gt;The change made with &lt;a href="https://issues.apache.org/jira/browse/WICKET-5686" title="@Inject should require the bean dependency instead of setting null" class="issue-link" data-issue-key="WICKET-5686"&gt;&lt;del&gt;WICKET-5686&lt;/del&gt;&lt;/a&gt; makes it impossible to inject CDI beans in an application where Spring and CDI are combined. CDI requires @Inject, but this now makes the bean required for Spring, even if @SpringBean(required=false) is specified. However, as the bean is injected by CDI, Spring does not know it, triggering an exception.&lt;/p&gt;</description>
                <environment />
        <key id="12740354">WICKET-5696</key>
            <summary>@SpringBean(required=false) is no longer respected if @Inject is present</summary>
                <type id="1" iconUrl="https://issues.apache.org/jira/secure/viewavatar?size=xsmall&amp;avatarId=21133&amp;avatarType=issuetype">Bug</type>
                                            <priority id="3" iconUrl="https://issues.apache.org/jira/images/icons/priorities/major.svg">Major</priority>
                        <status id="6" iconUrl="https://issues.apache.org/jira/images/icons/statuses/closed.png" description="The issue is considered finished, the resolution is correct. Issues which are not closed can be reopened.">Closed</status>
                    <statusCategory id="3" key="done" colorName="green" />
                                    <resolution id="6">Invalid</resolution>
                                        <assignee username="papegaaij">Emond Papegaaij</assignee>
                                    <reporter username="papegaaij">Emond Papegaaij</reporter>
                        <labels>
                    </labels>
                <created>Wed, 10 Sep 2014 09:29:19 +0000</created>
                <updated>Wed, 10 Sep 2014 12:14:08 +0000</updated>
                            <resolved>Wed, 10 Sep 2014 12:14:08 +0000</resolved>
                                    <version>7.0.0-M3</version>
                    <version>6.17.0</version>
                                                    <component>wicket-spring</component>
                        <due />
                            <votes>0</votes>
                                    <watches>2</watches>
                                                                <comments>
                            <comment id="14128289" author="papegaaij" created="Wed, 10 Sep 2014 09:53:30 +0000">&lt;p&gt;Some further investigation shows that it's a combination of wicket's and spring's perception of required that's causing this. Spring allows you to make an autowired field optional using @Autowired(required=false). As injection was handled by spring, this used to work in 6.16, but now Wicket complains and I'm forced to also add @SpringBean(required=false). Shouldn't wicket respect the @Autowired annotation?&lt;/p&gt;</comment>
                            <comment id="14128298" author="mgrigorov" created="Wed, 10 Sep 2014 09:58:45 +0000">&lt;p&gt;Please explain some more about the problem.&lt;br/&gt;
The description of the ticket is highly insufficient to understand what you do there.&lt;/p&gt;</comment>
                            <comment id="14128399" author="papegaaij" created="Wed, 10 Sep 2014 12:14:08 +0000">&lt;p&gt;It seems the problem was partly caused by misconfiguration of our application. For others facing this issue:&lt;br/&gt;
Fields injected by spring (on a true spring-bean) can use @Autowired(required=false) to disable spring injection.&lt;br/&gt;
Fields injected by wicket-spring (on components) can use @SpringBean(required=false) to disable spring injection.&lt;/p&gt;</comment>
                    </comments>
                    <attachments>
                    </attachments>
                <subtasks>
                    </subtasks>
                <customfields>
                                                                                                                                                                                                                                                                                                                                                                                                                                                                                                                                                                                                                                                                                                                    <customfield id="customfield_12314020" key="com.atlassian.jira.plugins.jira-development-integration-plugin:devsummary">
                        <customfieldname>Development</customfieldname>
                        <customfieldvalues>
                            
                        </customfieldvalues>
                    </customfield>
                                                                                                                        <customfield id="customfield_12313422" key="com.atlassian.jirafisheyeplugin:jobcheckbox">
                        <customfieldname>Enable Automatic Patch Review</customfieldname>
                        <customfieldvalues>
                            <customfieldvalue>false</customfieldvalue>

                        </customfieldvalues>
                    </customfield>
                                                                                                                                                                                                                                                                                                                                                                                                                                                                                                                                                                                                                    <customfield id="customfield_12310420" key="com.pyxis.greenhopper.jira:gh-global-rank">
                        <customfieldname>Global Rank</customfieldname>
                        <customfieldvalues>
                            <customfieldvalue>9223372036854775807</customfieldvalue>
                        </customfieldvalues>
                    </customfield>
                                                                                                                                                                                                                                                                                                                                                                                                                                                                        <customfield id="customfield_12311820" key="com.pyxis.greenhopper.jira:gh-lexo-rank">
                        <customfieldname>Rank</customfieldname>
                        <customfieldvalues>
                            <customfieldvalue>0|i1zvev:</customfieldvalue>

                        </customfieldvalues>
                    </customfield>
                                                                <customfield id="customfield_12310920" key="com.pyxis.greenhopper.jira:gh-global-rank">
                        <customfieldname>Rank (Obsolete)</customfieldname>
                        <customfieldvalues>
                            <customfieldvalue>9223372036854775807</customfieldvalue>
                        </customfieldvalues>
                    </customfield>
                                                                                                                                                                                                                                                                                                                                                                                                                                                                                                                                                                                                                                                                                                                                                                                            </customfields>
    </item>


</channel>
</rss>