<rss version="0.92">
    <channel>
        <title>ASF JIRA</title>
        <link>https://issues.apache.org/jira/issues/?jql=project+%3D+wicket+and+type+%3D+bug+and+%28status+%3D+RESOLVED+or+status+%3D+closed%29</link>
        <description>An XML representation of a search request</description>
                <language>en-uk</language>
                        <issue start="0" end="1000" total="4133" />
                <build-info>
            <version>8.20.7</version>
            <build-number>820007</build-number>
            <build-date>16-03-2022</build-date>
        </build-info>

<item>
            <title>[WICKET-5972] Datepicker "Close" text overlays 'x' icon.</title>
                <link>https://issues.apache.org/jira/browse/WICKET-5972</link>
                <project id="12310561" key="WICKET">Wicket</project>
                    <description>&lt;p&gt;The close button on the YUI datepicker displays "Close" on top of the 'x' icon. I believe the source statement is at line #2928 of calendar.js at org/apache/wicket/extensions/yui/:&lt;/p&gt;

&lt;p&gt;&lt;tt&gt;lnk.innerHTML = '&amp;lt;span class="' + cssClose + ' ' + this.Style.CSS_CLOSE + '"&amp;gt;' + closeStr + '&amp;lt;/span&amp;gt;';&lt;/tt&gt;&lt;/p&gt;

&lt;p&gt;In the browser (Firefox), the issue is resoved when I remove the 'Close' text from the span contents.&lt;/p&gt;

&lt;p&gt;&lt;tt&gt;&amp;lt;span class="close-icon calclose"&amp;gt;Close&amp;lt;/span&amp;gt;&lt;/tt&gt;&lt;/p&gt;</description>
                <environment>Linux, Tomcat, Java 1.8, Firefox</environment>
        <key id="12857896">WICKET-5972</key>
            <summary>Datepicker "Close" text overlays 'x' icon.</summary>
                <type id="1" iconUrl="https://issues.apache.org/jira/secure/viewavatar?size=xsmall&amp;avatarId=21133&amp;avatarType=issuetype">Bug</type>
                                            <priority id="4" iconUrl="https://issues.apache.org/jira/images/icons/priorities/minor.svg">Minor</priority>
                        <status id="5" iconUrl="https://issues.apache.org/jira/images/icons/statuses/resolved.png" description="A resolution has been taken, and it is awaiting verification by reporter. From here issues are either reopened, or are closed.">Resolved</status>
                    <statusCategory id="3" key="done" colorName="green" />
                                    <resolution id="1">Fixed</resolution>
                                        <assignee username="pedrosans">Pedro Santos</assignee>
                                    <reporter username="richaosu">Richard O'Sullivan</reporter>
                        <labels>
                    </labels>
                <created>Fri, 21 Aug 2015 16:51:12 +0000</created>
                <updated>Sat, 24 Sep 2016 00:58:57 +0000</updated>
                            <resolved>Sat, 24 Sep 2016 00:58:56 +0000</resolved>
                                    <version>6.19.0</version>
                                    <fixVersion>8.0.0-M2</fixVersion>
                    <fixVersion>6.25.0</fixVersion>
                    <fixVersion>7.5.0</fixVersion>
                                    <component>wicket-datetime</component>
                        <due />
                            <votes>0</votes>
                                    <watches>3</watches>
                                                                <comments>
                            <comment id="15465999" author="jira-bot" created="Tue, 6 Sep 2016 00:06:11 +0000">&lt;p&gt;Commit bef134d31b1772ac6d9bb6aec5a513257b49bdf6 in wicket's branch refs/heads/wicket-6.x from Pedro Henrique Oliveira dos Santos&lt;br/&gt;
[ &lt;a href="https://git-wip-us.apache.org/repos/asf?p=wicket.git;h=bef134d" class="external-link" target="_blank" rel="nofollow noopener"&gt;https://git-wip-us.apache.org/repos/asf?p=wicket.git;h=bef134d&lt;/a&gt; ]&lt;/p&gt;

&lt;p&gt;&lt;a href="https://issues.apache.org/jira/browse/WICKET-5972" title="Datepicker &amp;quot;Close&amp;quot; text overlays &amp;#39;x&amp;#39; icon." class="issue-link" data-issue-key="WICKET-5972"&gt;&lt;del&gt;WICKET-5972&lt;/del&gt;&lt;/a&gt; no close label for Yahoo date picker by default&lt;/p&gt;</comment>
                            <comment id="15466007" author="pedrosans" created="Tue, 6 Sep 2016 00:12:51 +0000">&lt;p&gt;Hi Richard, &lt;/p&gt;

&lt;p&gt;I couldn't reproduce the issue on my 47.0.1 Firefox. I noticed that Yahoo calendar uses a messy CSS to show the close span by both adding a default close label and a CSS to ignore it and to show only the background image width. I improved the default setup for the calendar by removing the ignored close label. Can you test Wicket's 6.x snapshot and see if it's fixed on your Firefox?&lt;/p&gt;

&lt;p&gt;cheers&lt;/p&gt;</comment>
                            <comment id="15466186" author="jira-bot" created="Tue, 6 Sep 2016 02:24:56 +0000">&lt;p&gt;Commit 373ee1de419a0aad176be92a3fa132f28a62f50f in wicket's branch refs/heads/wicket-6.x from Pedro Henrique Oliveira dos Santos&lt;br/&gt;
[ &lt;a href="https://git-wip-us.apache.org/repos/asf?p=wicket.git;h=373ee1d" class="external-link" target="_blank" rel="nofollow noopener"&gt;https://git-wip-us.apache.org/repos/asf?p=wicket.git;h=373ee1d&lt;/a&gt; ]&lt;/p&gt;

&lt;p&gt;&lt;a href="https://issues.apache.org/jira/browse/WICKET-5972" title="Datepicker &amp;quot;Close&amp;quot; text overlays &amp;#39;x&amp;#39; icon." class="issue-link" data-issue-key="WICKET-5972"&gt;&lt;del&gt;WICKET-5972&lt;/del&gt;&lt;/a&gt; fixing DatePickerTest&lt;/p&gt;</comment>
                            <comment id="15517989" author="jira-bot" created="Sat, 24 Sep 2016 00:26:55 +0000">&lt;p&gt;Commit 1f801ba7e829d4094b964962fee9b79f090b5e1a in wicket's branch refs/heads/master from Pedro Henrique Oliveira dos Santos&lt;br/&gt;
[ &lt;a href="https://git-wip-us.apache.org/repos/asf?p=wicket.git;h=1f801ba" class="external-link" target="_blank" rel="nofollow noopener"&gt;https://git-wip-us.apache.org/repos/asf?p=wicket.git;h=1f801ba&lt;/a&gt; ]&lt;/p&gt;

&lt;p&gt;&lt;a href="https://issues.apache.org/jira/browse/WICKET-5972" title="Datepicker &amp;quot;Close&amp;quot; text overlays &amp;#39;x&amp;#39; icon." class="issue-link" data-issue-key="WICKET-5972"&gt;&lt;del&gt;WICKET-5972&lt;/del&gt;&lt;/a&gt; no close label for Yahoo date picker by default&lt;/p&gt;</comment>
                            <comment id="15518044" author="jira-bot" created="Sat, 24 Sep 2016 00:58:03 +0000">&lt;p&gt;Commit 796255d77d22742760e80b0ebc136fafddbbe3bb in wicket's branch refs/heads/wicket-7.x from Pedro Henrique Oliveira dos Santos&lt;br/&gt;
[ &lt;a href="https://git-wip-us.apache.org/repos/asf?p=wicket.git;h=796255d" class="external-link" target="_blank" rel="nofollow noopener"&gt;https://git-wip-us.apache.org/repos/asf?p=wicket.git;h=796255d&lt;/a&gt; ]&lt;/p&gt;

&lt;p&gt;&lt;a href="https://issues.apache.org/jira/browse/WICKET-5972" title="Datepicker &amp;quot;Close&amp;quot; text overlays &amp;#39;x&amp;#39; icon." class="issue-link" data-issue-key="WICKET-5972"&gt;&lt;del&gt;WICKET-5972&lt;/del&gt;&lt;/a&gt; no close label for Yahoo date picker by default&lt;/p&gt;</comment>
                    </comments>
                    <attachments>
                    </attachments>
                <subtasks>
                    </subtasks>
                <customfields>
                                                                                                                                                                                                                                                                                                                                                                                                                                                                                                                                                                                                                                                                                                                    <customfield id="customfield_12314020" key="com.atlassian.jira.plugins.jira-development-integration-plugin:devsummary">
                        <customfieldname>Development</customfieldname>
                        <customfieldvalues>
                            
                        </customfieldvalues>
                    </customfield>
                                                                                                                        <customfield id="customfield_12313422" key="com.atlassian.jirafisheyeplugin:jobcheckbox">
                        <customfieldname>Enable Automatic Patch Review</customfieldname>
                        <customfieldvalues>
                            <customfieldvalue>false</customfieldvalue>

                        </customfieldvalues>
                    </customfield>
                                                                                                                                                                                                                                                                                                                                                                                                                                                                                                                                                                                                                    <customfield id="customfield_12310420" key="com.pyxis.greenhopper.jira:gh-global-rank">
                        <customfieldname>Global Rank</customfieldname>
                        <customfieldvalues>
                            <customfieldvalue>9223372036854775807</customfieldvalue>
                        </customfieldvalues>
                    </customfield>
                                                                                                                                                                                                                                                                                                                                                                                                                                                                        <customfield id="customfield_12311820" key="com.pyxis.greenhopper.jira:gh-lexo-rank">
                        <customfieldname>Rank</customfieldname>
                        <customfieldvalues>
                            <customfieldvalue>0|i2j7vz:</customfieldvalue>

                        </customfieldvalues>
                    </customfield>
                                                                <customfield id="customfield_12310920" key="com.pyxis.greenhopper.jira:gh-global-rank">
                        <customfieldname>Rank (Obsolete)</customfieldname>
                        <customfieldvalues>
                            <customfieldvalue>9223372036854775807</customfieldvalue>
                        </customfieldvalues>
                    </customfield>
                                                                                                                                                                                                                                                                                                                                                                                                                                                                                                                                                                                                                                                                                                                                                                                            </customfields>
    </item>


</channel>
</rss>