<rss version="0.92">
    <channel>
        <title>ASF JIRA</title>
        <link>https://issues.apache.org/jira/issues/?jql=project+%3D+wicket+and+type+%3D+bug+and+%28status+%3D+RESOLVED+or+status+%3D+closed%29</link>
        <description>An XML representation of a search request</description>
                <language>en-uk</language>
                        <issue start="0" end="1000" total="4133" />
                <build-info>
            <version>8.20.7</version>
            <build-number>820007</build-number>
            <build-date>16-03-2022</build-date>
        </build-info>

<item>
            <title>[WICKET-5599] Cannot set response within a AjaxSubmitLink with button markup</title>
                <link>https://issues.apache.org/jira/browse/WICKET-5599</link>
                <project id="12310561" key="WICKET">Wicket</project>
                    <description>&lt;p&gt;A change from 6.15 where this worked.&lt;/p&gt;

&lt;p&gt;Using a &amp;lt;button&amp;gt; in the markup and AjaxSubmitLink in the code, I can no longer set the response page from within onSubmit &lt;/p&gt;

&lt;p&gt;      public void onSubmit(AjaxRequestTarget art, Form form) &lt;/p&gt;
{
        System.out.println("In onSubmit");
        setResponsePage(new Page2(new PageParameters()));
      }
&lt;p&gt; &lt;/p&gt;
</description>
                <environment>linux tomcat</environment>
        <key id="12715496">WICKET-5599</key>
            <summary>Cannot set response within a AjaxSubmitLink with button markup</summary>
                <type id="1" iconUrl="https://issues.apache.org/jira/secure/viewavatar?size=xsmall&amp;avatarId=21133&amp;avatarType=issuetype">Bug</type>
                                            <priority id="3" iconUrl="https://issues.apache.org/jira/images/icons/priorities/major.svg">Major</priority>
                        <status id="5" iconUrl="https://issues.apache.org/jira/images/icons/statuses/resolved.png" description="A resolution has been taken, and it is awaiting verification by reporter. From here issues are either reopened, or are closed.">Resolved</status>
                    <statusCategory id="3" key="done" colorName="green" />
                                    <resolution id="3">Duplicate</resolution>
                                        <assignee username="-1">Unassigned</assignee>
                                    <reporter username="phenderson">Peter Henderson</reporter>
                        <labels>
                    </labels>
                <created>Tue, 20 May 2014 14:39:31 +0000</created>
                <updated>Tue, 20 May 2014 20:05:46 +0000</updated>
                            <resolved>Tue, 20 May 2014 19:45:32 +0000</resolved>
                                    <version>7.0.0-M1</version>
                                                    <component>wicket</component>
                        <due />
                            <votes>0</votes>
                                    <watches>2</watches>
                                                                <comments>
                            <comment id="14003383" author="phenderson" created="Tue, 20 May 2014 14:40:12 +0000">&lt;p&gt;Quick start&lt;/p&gt;</comment>
                            <comment id="14003386" author="mgrigorov" created="Tue, 20 May 2014 14:44:55 +0000">&lt;p&gt;Why do you use &amp;lt;button&amp;gt; instead of &amp;lt;a&amp;gt; for a Link component ?&lt;br/&gt;
I am aware that Wicket doesn't stop you. I am just trying to figure out whether it is a good idea to forbid this. &lt;/p&gt;</comment>
                            <comment id="14003404" author="phenderson" created="Tue, 20 May 2014 15:04:17 +0000">&lt;p&gt;Probably because Bootstrap used it, and early on in my html coding days I just cut and paste the bootstrap button html, connected it to an AjaxSubmitLink. It worked so I paid it no more attention.&lt;/p&gt;

&lt;p&gt;I am in the process of replacing buttons with &amp;lt;a&amp;gt;. &lt;/p&gt;</comment>
                            <comment id="14003407" author="mgrigorov" created="Tue, 20 May 2014 15:08:07 +0000">&lt;p&gt;Or replace AjaxSubmitLink with AjaxButton.&lt;br/&gt;
We will debug this problem soon.&lt;/p&gt;</comment>
                            <comment id="14003872" author="mgrigorov" created="Tue, 20 May 2014 19:32:57 +0000">&lt;p&gt;It seems you have attached the wrong quickstart.&lt;br/&gt;
The attached one has no usage of setResponsePage() at all.&lt;/p&gt;</comment>
                            <comment id="14003881" author="mgrigorov" created="Tue, 20 May 2014 19:45:32 +0000">&lt;p&gt;I've modified the app and reproduced the issue.&lt;/p&gt;

&lt;p&gt;The problem is the same as in &lt;a href="https://issues.apache.org/jira/browse/WICKET-5597" title="button behaviour changed" class="issue-link" data-issue-key="WICKET-5597"&gt;&lt;del&gt;WICKET-5597&lt;/del&gt;&lt;/a&gt;.&lt;br/&gt;
Adding type="button" to the &amp;lt;button&amp;gt; fixes the problem.&lt;/p&gt;</comment>
                            <comment id="14003898" author="phenderson" created="Tue, 20 May 2014 20:00:42 +0000">&lt;p&gt;One for the migration guide then, &lt;/p&gt;

&lt;p&gt;&amp;lt;button wicket:id="x" type="submit"&amp;gt; &amp;lt;/button&amp;gt; &lt;br/&gt;
cannot setResponsePage within AjaxSubmitLink&lt;/p&gt;

&lt;p&gt;I'll also upload the correct quick start. Line 90 of HomePage.java fails.&lt;/p&gt;</comment>
                            <comment id="14003899" author="phenderson" created="Tue, 20 May 2014 20:01:15 +0000">&lt;p&gt;fixed quick start.&lt;/p&gt;</comment>
                            <comment id="14003905" author="mgrigorov" created="Tue, 20 May 2014 20:05:46 +0000">&lt;p&gt;No need of migration guide entry. With &lt;a href="https://issues.apache.org/jira/browse/WICKET-5597" title="button behaviour changed" class="issue-link" data-issue-key="WICKET-5597"&gt;&lt;del&gt;WICKET-5597&lt;/del&gt;&lt;/a&gt; we will set "button" as a value to "type" attribute for Ajax(Submit)Link components attached to &amp;lt;button&amp;gt;. Still discussing ..&lt;/p&gt;</comment>
                    </comments>
                <issuelinks>
                            <issuelinktype id="12310000">
                    <name>Duplicate</name>
                                            <outwardlinks description="duplicates">
                                        <issuelink>
            <issuekey id="12715399">WICKET-5597</issuekey>
        </issuelink>
                            </outwardlinks>
                                                        </issuelinktype>
                    </issuelinks>
                <attachments>
                            <attachment id="12645804" name="myproject.tar.gz" size="23285" author="phenderson" created="Tue, 20 May 2014 14:40:12 +0000" />
                            <attachment id="12645850" name="submit-button.tar.gz" size="23499" author="phenderson" created="Tue, 20 May 2014 20:01:15 +0000" />
                    </attachments>
                <subtasks>
                    </subtasks>
                <customfields>
                                                                                                                                                                                                                                                                                                                                                                                                                                                                                                                                                                                                                                                                                                                    <customfield id="customfield_12314020" key="com.atlassian.jira.plugins.jira-development-integration-plugin:devsummary">
                        <customfieldname>Development</customfieldname>
                        <customfieldvalues>
                            
                        </customfieldvalues>
                    </customfield>
                                                                                                                        <customfield id="customfield_12313422" key="com.atlassian.jirafisheyeplugin:jobcheckbox">
                        <customfieldname>Enable Automatic Patch Review</customfieldname>
                        <customfieldvalues>
                            <customfieldvalue>false</customfieldvalue>

                        </customfieldvalues>
                    </customfield>
                                                                                                                                                                                                                                                                                                                                                                                                                                                                                                                                                                                                                    <customfield id="customfield_12310420" key="com.pyxis.greenhopper.jira:gh-global-rank">
                        <customfieldname>Global Rank</customfieldname>
                        <customfieldvalues>
                            <customfieldvalue>393782</customfieldvalue>
                        </customfieldvalues>
                    </customfield>
                                                                                                                                                                                                                                                                                                                                                                                                                                                                        <customfield id="customfield_12311820" key="com.pyxis.greenhopper.jira:gh-lexo-rank">
                        <customfieldname>Rank</customfieldname>
                        <customfieldvalues>
                            <customfieldvalue>0|i1vszz:</customfieldvalue>

                        </customfieldvalues>
                    </customfield>
                                                                <customfield id="customfield_12310920" key="com.pyxis.greenhopper.jira:gh-global-rank">
                        <customfieldname>Rank (Obsolete)</customfieldname>
                        <customfieldvalues>
                            <customfieldvalue>393934</customfieldvalue>
                        </customfieldvalues>
                    </customfield>
                                                                                                                                                                                                                                                                                                                                                                                                                                                                                                                                                                                                                                                                                                                                                                                            </customfields>
    </item>


</channel>
</rss>