<rss version="0.92">
    <channel>
        <title>ASF JIRA</title>
        <link>https://issues.apache.org/jira/issues/?jql=project+%3D+wicket+and+type+%3D+bug+and+%28status+%3D+RESOLVED+or+status+%3D+closed%29</link>
        <description>An XML representation of a search request</description>
                <language>en-uk</language>
                        <issue start="0" end="1000" total="4133" />
                <build-info>
            <version>8.20.7</version>
            <build-number>820007</build-number>
            <build-date>16-03-2022</build-date>
        </build-info>

<item>
            <title>[WICKET-5555] AbstractAutoCompleteBehavior.WrappedHeaderItem should depend on wicket-ajax.js</title>
                <link>https://issues.apache.org/jira/browse/WICKET-5555</link>
                <project id="12310561" key="WICKET">Wicket</project>
                    <description>&lt;p&gt;Class&lt;br/&gt;
org.apache.wicket.extensions.ajax.markup.html.autocomplete.AbstractAutoCompleteBehavior.WrappedHeaderItem inherits empty list from HeaderItem in&lt;/p&gt;

&lt;div class="code panel" style="border-width: 1px;"&gt;&lt;div class="codeContent panelContent"&gt;
&lt;pre class="code-java"&gt;	&lt;span class="code-keyword"&gt;public&lt;/span&gt; Iterable&amp;lt;? &lt;span class="code-keyword"&gt;extends&lt;/span&gt; HeaderItem&amp;gt; getDependencies()
	{
		&lt;span class="code-keyword"&gt;return&lt;/span&gt; Collections.emptyList();
	}
&lt;/pre&gt;
&lt;/div&gt;&lt;/div&gt;

&lt;p&gt;Using JavaScriptFilteredIntoFooterHeaderResponse causes rendering&lt;/p&gt;
&lt;div class="code panel" style="border-width: 1px;"&gt;&lt;div class="codeContent panelContent"&gt;
&lt;pre class="code-javascript"&gt;Wicket.Event.add(window, &lt;span class="code-quote"&gt;"domready"&lt;/span&gt;, &lt;span class="code-keyword"&gt;function&lt;/span&gt;(event) { &lt;span class="code-keyword"&gt;new&lt;/span&gt; Wicket.AutoComplete(
&lt;/pre&gt;
&lt;/div&gt;&lt;/div&gt;
&lt;p&gt;before jQuery refrence.&lt;/p&gt;



&lt;p&gt;Please, add JQueryResourceReference (other if needed) into dependency list of &lt;br/&gt;
org.apache.wicket.extensions.ajax.markup.html.autocomplete.AbstractAutoCompleteBehavior.WrappedHeaderItem&lt;/p&gt;
</description>
                <environment>Windows x64, jdk1.7.0_45 x64 (target 1.6), wicket 6.12</environment>
        <key id="12707693">WICKET-5555</key>
            <summary>AbstractAutoCompleteBehavior.WrappedHeaderItem should depend on wicket-ajax.js</summary>
                <type id="1" iconUrl="https://issues.apache.org/jira/secure/viewavatar?size=xsmall&amp;avatarId=21133&amp;avatarType=issuetype">Bug</type>
                                            <priority id="3" iconUrl="https://issues.apache.org/jira/images/icons/priorities/major.svg">Major</priority>
                        <status id="5" iconUrl="https://issues.apache.org/jira/images/icons/statuses/resolved.png" description="A resolution has been taken, and it is awaiting verification by reporter. From here issues are either reopened, or are closed.">Resolved</status>
                    <statusCategory id="3" key="done" colorName="green" />
                                    <resolution id="1">Fixed</resolution>
                                        <assignee username="mgrigorov">Martin Tzvetanov Grigorov</assignee>
                                    <reporter username="a.morozov">Artem Morozov</reporter>
                        <labels>
                    </labels>
                <created>Thu, 10 Apr 2014 12:33:07 +0000</created>
                <updated>Tue, 1 Jul 2014 09:34:02 +0000</updated>
                            <resolved>Mon, 14 Apr 2014 08:43:07 +0000</resolved>
                                    <version>6.12.0</version>
                                    <fixVersion>7.0.0-M1</fixVersion>
                    <fixVersion>6.16.0</fixVersion>
                                    <component>wicket-extensions</component>
                        <due />
                            <votes>0</votes>
                                    <watches>2</watches>
                                                                <comments>
                            <comment id="13968173" author="mgrigorov" created="Mon, 14 Apr 2014 08:43:07 +0000">&lt;p&gt;Improved!&lt;/p&gt;

&lt;p&gt;Congrats for the fancy ticket number!&lt;/p&gt;</comment>
                            <comment id="14048671" author="a.morozov" created="Tue, 1 Jul 2014 09:17:58 +0000">&lt;div class="code panel" style="border-width: 1px;"&gt;&lt;div class="codeContent panelContent"&gt;
&lt;pre class="code-java"&gt;WrappedHeaderItem.getDependencies()
&lt;/pre&gt;
&lt;/div&gt;&lt;/div&gt;
&lt;p&gt;is still empty in 6.15.0.&lt;br/&gt;
It's a pity that we can not check HeaderItem.getDependencies().isEmpty? to determine if this item has dependencies, or not.&lt;/p&gt;</comment>
                            <comment id="14048676" author="mgrigorov" created="Tue, 1 Jul 2014 09:25:25 +0000">&lt;p&gt;It is more pity that no one has found a way to change the past. Or at least (s)he didn't shared this knowledge with me!&lt;br/&gt;
Fortunately we all know how to rule the future and we were able to modify this code for 6.16.0 !! &lt;br/&gt;
And 6.16.0 IS already released !&lt;/p&gt;

&lt;p&gt;&lt;a href="https://github.com/apache/wicket/blob/master/wicket-extensions/src/main/java/org/apache/wicket/extensions/ajax/markup/html/autocomplete/AbstractAutoCompleteBehavior.java#L92" class="external-link" target="_blank" rel="nofollow noopener"&gt;https://github.com/apache/wicket/blob/master/wicket-extensions/src/main/java/org/apache/wicket/extensions/ajax/markup/html/autocomplete/AbstractAutoCompleteBehavior.java#L92&lt;/a&gt;&lt;/p&gt;</comment>
                            <comment id="14048682" author="a.morozov" created="Tue, 1 Jul 2014 09:30:35 +0000">&lt;blockquote&gt;
&lt;p&gt;And 6.16.0 IS already released !&lt;/p&gt;&lt;/blockquote&gt;
&lt;p&gt;I just see here &lt;/p&gt;
&lt;blockquote&gt;
&lt;p&gt;Fix Version/s: 7.0.0-M1, 6.15.0&lt;/p&gt;&lt;/blockquote&gt;
&lt;p&gt;Maybe this field could be updated so nobody would be confused ?&lt;/p&gt;</comment>
                    </comments>
                    <attachments>
                    </attachments>
                <subtasks>
                    </subtasks>
                <customfields>
                                                                                                                                                                                                                                                                                                                                                                                                                                                                                                                                                                                                                                                                                                                    <customfield id="customfield_12314020" key="com.atlassian.jira.plugins.jira-development-integration-plugin:devsummary">
                        <customfieldname>Development</customfieldname>
                        <customfieldvalues>
                            
                        </customfieldvalues>
                    </customfield>
                                                                                                                        <customfield id="customfield_12313422" key="com.atlassian.jirafisheyeplugin:jobcheckbox">
                        <customfieldname>Enable Automatic Patch Review</customfieldname>
                        <customfieldvalues>
                            <customfieldvalue>false</customfieldvalue>

                        </customfieldvalues>
                    </customfield>
                                                                                                                                                                                                                                                                                                                                                                                                                                                                                                                                                                                                                    <customfield id="customfield_12310420" key="com.pyxis.greenhopper.jira:gh-global-rank">
                        <customfieldname>Global Rank</customfieldname>
                        <customfieldvalues>
                            <customfieldvalue>386016</customfieldvalue>
                        </customfieldvalues>
                    </customfield>
                                                                                                                                                                                                                                                                                                                                                                                                                                                                        <customfield id="customfield_12311820" key="com.pyxis.greenhopper.jira:gh-lexo-rank">
                        <customfieldname>Rank</customfieldname>
                        <customfieldvalues>
                            <customfieldvalue>0|i1uhzj:</customfieldvalue>

                        </customfieldvalues>
                    </customfield>
                                                                <customfield id="customfield_12310920" key="com.pyxis.greenhopper.jira:gh-global-rank">
                        <customfieldname>Rank (Obsolete)</customfieldname>
                        <customfieldvalues>
                            <customfieldvalue>386280</customfieldvalue>
                        </customfieldvalues>
                    </customfield>
                                                                                                                                                                                                                                                                                                                                                                                                                                                                                                                                                                                                                                                                                                                                                                                            </customfields>
    </item>


</channel>
</rss>