<rss version="0.92">
    <channel>
        <title>ASF JIRA</title>
        <link>https://issues.apache.org/jira/issues/?jql=project+%3D+wicket+and+type+%3D+bug+and+%28status+%3D+RESOLVED+or+status+%3D+closed%29</link>
        <description>An XML representation of a search request</description>
                <language>en-uk</language>
                        <issue start="0" end="1000" total="4133" />
                <build-info>
            <version>8.20.7</version>
            <build-number>820007</build-number>
            <build-date>16-03-2022</build-date>
        </build-info>

<item>
            <title>[WICKET-5597] button behaviour changed</title>
                <link>https://issues.apache.org/jira/browse/WICKET-5597</link>
                <project id="12310561" key="WICKET">Wicket</project>
                    <description>&lt;p&gt;The behaviour of a &amp;lt;button&amp;gt; component with no type="button" attribute has changed between 6.15 and 7 M1.   &lt;/p&gt;

&lt;p&gt;When the button is connected to an AjaxLink.&lt;br/&gt;
In 6.15 there is no form submit&lt;br/&gt;
In 7 M1 the form is submitted.&lt;/p&gt;

&lt;p&gt;I think the code should control if the form is submitted or not, using AjaxSubmitLink or AjaxLink not the markup.&lt;/p&gt;</description>
                <environment>tomcat linux</environment>
        <key id="12715399">WICKET-5597</key>
            <summary>button behaviour changed</summary>
                <type id="1" iconUrl="https://issues.apache.org/jira/secure/viewavatar?size=xsmall&amp;avatarId=21133&amp;avatarType=issuetype">Bug</type>
                                            <priority id="3" iconUrl="https://issues.apache.org/jira/images/icons/priorities/major.svg">Major</priority>
                        <status id="5" iconUrl="https://issues.apache.org/jira/images/icons/statuses/resolved.png" description="A resolution has been taken, and it is awaiting verification by reporter. From here issues are either reopened, or are closed.">Resolved</status>
                    <statusCategory id="3" key="done" colorName="green" />
                                    <resolution id="1">Fixed</resolution>
                                        <assignee username="svenmeier">Sven Meier</assignee>
                                    <reporter username="phenderson">Peter Henderson</reporter>
                        <labels>
                    </labels>
                <created>Tue, 20 May 2014 09:59:08 +0000</created>
                <updated>Wed, 21 May 2014 05:17:47 +0000</updated>
                            <resolved>Wed, 21 May 2014 05:17:47 +0000</resolved>
                                    <version>7.0.0-M1</version>
                                    <fixVersion>7.0.0-M2</fixVersion>
                                    <component>wicket</component>
                        <due />
                            <votes>0</votes>
                                    <watches>3</watches>
                                                                <comments>
                            <comment id="14003038" author="phenderson" created="Tue, 20 May 2014 10:05:48 +0000">&lt;p&gt;Quick start&lt;/p&gt;</comment>
                            <comment id="14003116" author="mgrigorov" created="Tue, 20 May 2014 11:33:09 +0000">&lt;p&gt;Looks like a duplicate of &lt;a href="https://issues.apache.org/jira/browse/WICKET-5594" title="AjaxButton #onSubmit() #onError() intricacies" class="issue-link" data-issue-key="WICKET-5594"&gt;&lt;del&gt;WICKET-5594&lt;/del&gt;&lt;/a&gt;&lt;/p&gt;</comment>
                            <comment id="14003183" author="svenmeier" created="Tue, 20 May 2014 12:57:04 +0000">&lt;p&gt; &lt;a href="https://issues.apache.org/jira/browse/WICKET-5594" title="AjaxButton #onSubmit() #onError() intricacies" class="issue-link" data-issue-key="WICKET-5594"&gt;&lt;del&gt;WICKET-5594&lt;/del&gt;&lt;/a&gt; is related but not a duplicate&lt;/p&gt;</comment>
                            <comment id="14003319" author="svenmeier" created="Tue, 20 May 2014 14:07:41 +0000">&lt;p&gt;Wicket 7 initializes AjaxRequestAttributes#preventDefault=false, thus the browser submits the containing form after the Ajax request.&lt;/p&gt;

&lt;p&gt;For now you can use type="button" in your markup.&lt;/p&gt;

&lt;p&gt;Wicket could do this automatically (as for AjaxButton in &lt;a href="https://issues.apache.org/jira/browse/WICKET-5594" title="AjaxButton #onSubmit() #onError() intricacies" class="issue-link" data-issue-key="WICKET-5594"&gt;&lt;del&gt;WICKET-5594&lt;/del&gt;&lt;/a&gt;).&lt;br/&gt;
But AjaxLink and AjaxSubmitLink know nothing about form buttons currently, so I'm not sure this is the right solution.&lt;/p&gt;</comment>
                            <comment id="14003330" author="mgrigorov" created="Tue, 20 May 2014 14:13:14 +0000">&lt;p&gt;We can do the same as &lt;a href="https://issues.apache.org/jira/browse/WICKET-5594" title="AjaxButton #onSubmit() #onError() intricacies" class="issue-link" data-issue-key="WICKET-5594"&gt;&lt;del&gt;WICKET-5594&lt;/del&gt;&lt;/a&gt; - if the tag's name is "button" then set 'type="button"' in AjaxLink and AjaxSubmitLink.&lt;/p&gt;</comment>
                            <comment id="14003358" author="mgrigorov" created="Tue, 20 May 2014 14:23:38 +0000">&lt;p&gt;org.apache.wicket.ajax.markup.html.form.AjaxButton#onComponentTag doesn't check that it is attached to a &amp;lt;button&amp;gt; HTML element.&lt;br/&gt;
It seems it just assumes that this is the case.&lt;/p&gt;

&lt;p&gt;I am not sure that we have to use #checkComponentTag(tag, "button") though, because I did this recently for DataTable component and there was a complaint by a user who uses custom DataTable with a &amp;lt;div&amp;gt; ...&lt;/p&gt;

&lt;p&gt;So maybe we can do: if ("button".equalsIgnorecase(tag.getName())) &lt;/p&gt;
{tag.put("type", "button")}</comment>
                            <comment id="14004363" author="svenmeier" created="Wed, 21 May 2014 05:17:47 +0000">&lt;p&gt;Unwanted submit of &amp;lt;button&amp;gt; tag is now prevented by type="button".&lt;/p&gt;</comment>
                    </comments>
                <issuelinks>
                            <issuelinktype id="12310000">
                    <name>Duplicate</name>
                                                                <inwardlinks description="is duplicated by">
                                        <issuelink>
            <issuekey id="12715496">WICKET-5599</issuekey>
        </issuelink>
                            </inwardlinks>
                                    </issuelinktype>
                            <issuelinktype id="10030">
                    <name>Reference</name>
                                                                <inwardlinks description="is related to">
                                        <issuelink>
            <issuekey id="12714834">WICKET-5594</issuekey>
        </issuelink>
                            </inwardlinks>
                                    </issuelinktype>
                    </issuelinks>
                <attachments>
                            <attachment id="12645764" name="myproject.tar.gz" size="23285" author="phenderson" created="Tue, 20 May 2014 10:05:48 +0000" />
                    </attachments>
                <subtasks>
                    </subtasks>
                <customfields>
                                                                                                                                                                                                                                                                                                                                                                                                                                                                                                                                                                                                                                                                                                                    <customfield id="customfield_12314020" key="com.atlassian.jira.plugins.jira-development-integration-plugin:devsummary">
                        <customfieldname>Development</customfieldname>
                        <customfieldvalues>
                            
                        </customfieldvalues>
                    </customfield>
                                                                                                                        <customfield id="customfield_12313422" key="com.atlassian.jirafisheyeplugin:jobcheckbox">
                        <customfieldname>Enable Automatic Patch Review</customfieldname>
                        <customfieldvalues>
                            <customfieldvalue>false</customfieldvalue>

                        </customfieldvalues>
                    </customfield>
                                                                                                                                                                                                                                                                                                                                                                                                                                                                                                                                                                                                                    <customfield id="customfield_12310420" key="com.pyxis.greenhopper.jira:gh-global-rank">
                        <customfieldname>Global Rank</customfieldname>
                        <customfieldvalues>
                            <customfieldvalue>393685</customfieldvalue>
                        </customfieldvalues>
                    </customfield>
                                                                                                                                                                                                                                                                                                                                                                                                                                                                        <customfield id="customfield_12311820" key="com.pyxis.greenhopper.jira:gh-lexo-rank">
                        <customfieldname>Rank</customfieldname>
                        <customfieldvalues>
                            <customfieldvalue>0|i1vshr:</customfieldvalue>

                        </customfieldvalues>
                    </customfield>
                                                                <customfield id="customfield_12310920" key="com.pyxis.greenhopper.jira:gh-global-rank">
                        <customfieldname>Rank (Obsolete)</customfieldname>
                        <customfieldvalues>
                            <customfieldvalue>393847</customfieldvalue>
                        </customfieldvalues>
                    </customfield>
                                                                                                                                                                                                                                                                                                                                                                                                                                                                                                                                                                                                                                                                                                                                                                                            </customfields>
    </item>


</channel>
</rss>