<rss version="0.92">
    <channel>
        <title>ASF JIRA</title>
        <link>https://issues.apache.org/jira/issues/?jql=project+%3D+wicket+and+type+%3D+bug+and+%28status+%3D+RESOLVED+or+status+%3D+closed%29</link>
        <description>An XML representation of a search request</description>
                <language>en-uk</language>
                        <issue start="0" end="1000" total="4133" />
                <build-info>
            <version>8.20.7</version>
            <build-number>820007</build-number>
            <build-date>16-03-2022</build-date>
        </build-info>

<item>
            <title>[WICKET-5656] PropertyResolver does not scan for NotNull in annotation tree</title>
                <link>https://issues.apache.org/jira/browse/WICKET-5656</link>
                <project id="12310561" key="WICKET">Wicket</project>
                    <description>&lt;p&gt;When annotating a field of a bean with e.g. org.hibernate.validator.constraints.NotEmpty, this implies&lt;br/&gt;
javax.validation.constraints.NotNull, but PropertyValidator only checks for the annotations immediately on the filed not the tree of annotations. As a result Wicket does not mark the field as required in the UI, which it should.&lt;/p&gt;

&lt;p&gt;Also PropertyResolver.findNotNullConstraints() is not even protected, so cannot be patched in a simple way.&lt;/p&gt;

&lt;p&gt;So as a solution I suggest changing findNotNullConstraints() to be protected and rather be something like findConstraints(filter), or findConstraints(clazz), and then in that method method recursively invoking getComposingConstraints to get all constraints, but collecting only those of interest. Possibly some care needs to be taken to prevent infinite recursion where constraints are composed of each other (if that compiles).&lt;/p&gt;</description>
                <environment />
        <key id="12730736">WICKET-5656</key>
            <summary>PropertyResolver does not scan for NotNull in annotation tree</summary>
                <type id="1" iconUrl="https://issues.apache.org/jira/secure/viewavatar?size=xsmall&amp;avatarId=21133&amp;avatarType=issuetype">Bug</type>
                                            <priority id="3" iconUrl="https://issues.apache.org/jira/images/icons/priorities/major.svg">Major</priority>
                        <status id="5" iconUrl="https://issues.apache.org/jira/images/icons/statuses/resolved.png" description="A resolution has been taken, and it is awaiting verification by reporter. From here issues are either reopened, or are closed.">Resolved</status>
                    <statusCategory id="3" key="done" colorName="green" />
                                    <resolution id="1">Fixed</resolution>
                                        <assignee username="ivaynberg">Igor Vaynberg</assignee>
                                    <reporter username="tkruse">Thibault Kruse</reporter>
                        <labels>
                    </labels>
                <created>Wed, 30 Jul 2014 09:38:01 +0000</created>
                <updated>Fri, 22 Aug 2014 16:27:34 +0000</updated>
                            <resolved>Fri, 22 Aug 2014 16:27:34 +0000</resolved>
                                    <version>6.16.0</version>
                                    <fixVersion>7.0.0-M3</fixVersion>
                    <fixVersion>6.17.0</fixVersion>
                                    <component>wicket-bean-validation</component>
                        <due />
                            <votes>0</votes>
                                    <watches>4</watches>
                                                                <comments>
                            <comment id="14084599" author="mgrigorov" created="Mon, 4 Aug 2014 12:34:06 +0000">&lt;p&gt;A patch is welcome!&lt;/p&gt;</comment>
                            <comment id="14084613" author="mgrigorov" created="Mon, 4 Aug 2014 12:57:56 +0000">&lt;p&gt;I may be totally off here but here is how I see it:&lt;/p&gt;

&lt;ul class="alternate" type="square"&gt;
	&lt;li&gt;org.apache.wicket.bean.validation.ConstraintIterator is not really needed. All that is needed is its logic to get the &lt;b&gt;root&lt;/b&gt; constraint descriptors.&lt;/li&gt;
	&lt;li&gt;org.apache.wicket.bean.validation.PropertyValidator#findNotNullConstraints() (or however better name we give it) should return a List&amp;lt;ConstraintDescriptor&amp;gt; of all ConstraintDescriptors which are either NotNull (the filter) or have composing constraints which are NotNull.&lt;/li&gt;
	&lt;li&gt;org.apache.wicket.bean.validation.PropertyValidator#isRequired() should use ConstraintDescriptor#getGroups() instead of NotNull#groups()&lt;/li&gt;
	&lt;li&gt;org.apache.wicket.bean.validation.PropertyValidator#isRequired() may need extra logic to handle javax.validation.groups.Default. See javax.validation.metadata.ConstraintDescriptor#getGroups()&lt;/li&gt;
&lt;/ul&gt;


&lt;p&gt;&lt;a href="https://issues.apache.org/jira/secure/ViewProfile.jspa?name=ivaynberg" class="user-hover" rel="ivaynberg"&gt;ivaynberg&lt;/a&gt; is the above correct ? I may rework it if I'm on the right track&lt;/p&gt;</comment>
                            <comment id="14084711" author="tkruse" created="Mon, 4 Aug 2014 14:39:50 +0000">&lt;p&gt;It might be YAGNI, but I think it would be nice to have code to get Constraints of a certain type, not just NotNull. This could in the future help to provide additional client-side features based on Bean-validation annotations.&lt;/p&gt;</comment>
                            <comment id="14084767" author="mgrigorov" created="Mon, 4 Aug 2014 15:23:43 +0000">&lt;p&gt;Agreed on this!&lt;/p&gt;</comment>
                            <comment id="14106726" author="jira-bot" created="Fri, 22 Aug 2014 11:09:16 +0000">&lt;p&gt;Commit f539c18cb16deffdcdc86b9ec69dd80f4f3abe0d in wicket's branch refs/heads/master from adelbene&lt;br/&gt;
[ &lt;a href="https://git-wip-us.apache.org/repos/asf?p=wicket.git;h=f539c18" class="external-link" target="_blank" rel="nofollow noopener"&gt;https://git-wip-us.apache.org/repos/asf?p=wicket.git;h=f539c18&lt;/a&gt; ]&lt;/p&gt;

&lt;p&gt;&lt;a href="https://issues.apache.org/jira/browse/WICKET-5656" title="PropertyResolver does not scan for NotNull in annotation tree" class="issue-link" data-issue-key="WICKET-5656"&gt;&lt;del&gt;WICKET-5656&lt;/del&gt;&lt;/a&gt; PropertyResolver does not scan for NotNull in annotation&lt;br/&gt;
tree&lt;/p&gt;</comment>
                            <comment id="14106750" author="bitstorm" created="Fri, 22 Aug 2014 12:09:10 +0000">&lt;p&gt;Pretty weird...ConstraintIterator and PropertyValidator work well and they find NotNull even when it is nested. But when NotNull is directly applied its Group array is empty, while it contains 'Default' when it is nested in another constraint.&lt;br/&gt;
For now I just improved the if condition inside PropertyValidator.isRequired (see commit), so we could fix it for the next release.&lt;/p&gt;</comment>
                            <comment id="14106796" author="jira-bot" created="Fri, 22 Aug 2014 12:47:56 +0000">&lt;p&gt;Commit bc4a55fccea6810d0970d924fdd9d84392960995 in wicket's branch refs/heads/wicket-6.x from adelbene&lt;br/&gt;
[ &lt;a href="https://git-wip-us.apache.org/repos/asf?p=wicket.git;h=bc4a55f" class="external-link" target="_blank" rel="nofollow noopener"&gt;https://git-wip-us.apache.org/repos/asf?p=wicket.git;h=bc4a55f&lt;/a&gt; ]&lt;/p&gt;

&lt;p&gt;&lt;a href="https://issues.apache.org/jira/browse/WICKET-5656" title="PropertyResolver does not scan for NotNull in annotation tree" class="issue-link" data-issue-key="WICKET-5656"&gt;&lt;del&gt;WICKET-5656&lt;/del&gt;&lt;/a&gt; PropertyResolver does not scan for NotNull in annotation&lt;br/&gt;
tree&lt;/p&gt;</comment>
                    </comments>
                    <attachments>
                    </attachments>
                <subtasks>
                    </subtasks>
                <customfields>
                                                                                                                                                                                                                                                                                                                                                                                                                                                                                                                                                                                                                                                                                                                    <customfield id="customfield_12314020" key="com.atlassian.jira.plugins.jira-development-integration-plugin:devsummary">
                        <customfieldname>Development</customfieldname>
                        <customfieldvalues>
                            
                        </customfieldvalues>
                    </customfield>
                                                                                                                        <customfield id="customfield_12313422" key="com.atlassian.jirafisheyeplugin:jobcheckbox">
                        <customfieldname>Enable Automatic Patch Review</customfieldname>
                        <customfieldvalues>
                            <customfieldvalue>false</customfieldvalue>

                        </customfieldvalues>
                    </customfield>
                                                                                                                                                                                                                                                                                                                                                                                                                                                                                                                                                                                                                    <customfield id="customfield_12310420" key="com.pyxis.greenhopper.jira:gh-global-rank">
                        <customfieldname>Global Rank</customfieldname>
                        <customfieldvalues>
                            <customfieldvalue>408809</customfieldvalue>
                        </customfieldvalues>
                    </customfield>
                                                                                                                                                                                                                                                                                                                                                                                                                                                                        <customfield id="customfield_12311820" key="com.pyxis.greenhopper.jira:gh-lexo-rank">
                        <customfieldname>Rank</customfieldname>
                        <customfieldvalues>
                            <customfieldvalue>0|i1yc9r:</customfieldvalue>

                        </customfieldvalues>
                    </customfield>
                                                                <customfield id="customfield_12310920" key="com.pyxis.greenhopper.jira:gh-global-rank">
                        <customfieldname>Rank (Obsolete)</customfieldname>
                        <customfieldvalues>
                            <customfieldvalue>408807</customfieldvalue>
                        </customfieldvalues>
                    </customfield>
                                                                                                                                                                                                                                                                                                                                                                                                                                                                                                                                                                                                                                                                                                                                                                                            </customfields>
    </item>


</channel>
</rss>