<rss version="0.92">
    <channel>
        <title>ASF JIRA</title>
        <link>https://issues.apache.org/jira/issues/?jql=project+%3D+wicket+and+type+%3D+bug+and+%28status+%3D+RESOLVED+or+status+%3D+closed%29</link>
        <description>An XML representation of a search request</description>
                <language>en-uk</language>
                        <issue start="0" end="1000" total="4133" />
                <build-info>
            <version>8.20.7</version>
            <build-number>820007</build-number>
            <build-date>16-03-2022</build-date>
        </build-info>

<item>
            <title>[WICKET-5268] ComponentRenderer.renderComponent fails to render two components with different component IDs</title>
                <link>https://issues.apache.org/jira/browse/WICKET-5268</link>
                <project id="12310561" key="WICKET">Wicket</project>
                    <description>&lt;p&gt;After &lt;a href="https://issues.apache.org/jira/browse/WICKET-5232" title="ComponentRenderer.renderComponent could accept components with any markupId, not just &amp;quot;compId&amp;quot;" class="issue-link" data-issue-key="WICKET-5232"&gt;&lt;del&gt;WICKET-5232&lt;/del&gt;&lt;/a&gt; was fixed, #renderComponent now accepts component with any component ID. However since the markup of the RenderPage is cached, after calling #renderComponent for one component it will fail for components having different component ID.&lt;/p&gt;

&lt;p&gt;This could be fixed as I suggested in &lt;a href="https://issues.apache.org/jira/browse/WICKET-5232" title="ComponentRenderer.renderComponent could accept components with any markupId, not just &amp;quot;compId&amp;quot;" class="issue-link" data-issue-key="WICKET-5232"&gt;&lt;del&gt;WICKET-5232&lt;/del&gt;&lt;/a&gt;: RenderPage could implement IMarkupCacheKeyProvider interface and return null in #getCacheKey.&lt;/p&gt;</description>
                <environment />
        <key id="12656862">WICKET-5268</key>
            <summary>ComponentRenderer.renderComponent fails to render two components with different component IDs</summary>
                <type id="1" iconUrl="https://issues.apache.org/jira/secure/viewavatar?size=xsmall&amp;avatarId=21133&amp;avatarType=issuetype">Bug</type>
                                            <priority id="4" iconUrl="https://issues.apache.org/jira/images/icons/priorities/minor.svg">Minor</priority>
                        <status id="5" iconUrl="https://issues.apache.org/jira/images/icons/statuses/resolved.png" description="A resolution has been taken, and it is awaiting verification by reporter. From here issues are either reopened, or are closed.">Resolved</status>
                    <statusCategory id="3" key="done" colorName="green" />
                                    <resolution id="1">Fixed</resolution>
                                        <assignee username="mgrigorov">Martin Tzvetanov Grigorov</assignee>
                                    <reporter username="harmoniaa">Edvard Fonsell</reporter>
                        <labels>
                    </labels>
                <created>Tue, 9 Jul 2013 13:32:58 +0000</created>
                <updated>Thu, 11 Jul 2013 10:03:05 +0000</updated>
                            <resolved>Thu, 11 Jul 2013 10:03:05 +0000</resolved>
                                    <version>6.9.0</version>
                                    <fixVersion>6.10.0</fixVersion>
                    <fixVersion>7.0.0-M1</fixVersion>
                                    <component>wicket</component>
                        <due />
                            <votes>0</votes>
                                    <watches>1</watches>
                                                                        <attachments>
                    </attachments>
                <subtasks>
                    </subtasks>
                <customfields>
                                                                                                                                                                                                                                                                                                                                                                                                                                                                                                                                                                                                                                                                                                                    <customfield id="customfield_12314020" key="com.atlassian.jira.plugins.jira-development-integration-plugin:devsummary">
                        <customfieldname>Development</customfieldname>
                        <customfieldvalues>
                            
                        </customfieldvalues>
                    </customfield>
                                                                                                                        <customfield id="customfield_12313422" key="com.atlassian.jirafisheyeplugin:jobcheckbox">
                        <customfieldname>Enable Automatic Patch Review</customfieldname>
                        <customfieldvalues>
                            <customfieldvalue>false</customfieldvalue>

                        </customfieldvalues>
                    </customfield>
                                                                                                                                                                                                                                                                                                                                                                                                                                                                                                                                                                                                                    <customfield id="customfield_12310420" key="com.pyxis.greenhopper.jira:gh-global-rank">
                        <customfieldname>Global Rank</customfieldname>
                        <customfieldvalues>
                            <customfieldvalue>337085</customfieldvalue>
                        </customfieldvalues>
                    </customfield>
                                                                                                                                                                                                                                                                                                                                                                                                                                                                        <customfield id="customfield_12311820" key="com.pyxis.greenhopper.jira:gh-lexo-rank">
                        <customfieldname>Rank</customfieldname>
                        <customfieldvalues>
                            <customfieldvalue>0|i1m55z:</customfieldvalue>

                        </customfieldvalues>
                    </customfield>
                                                                <customfield id="customfield_12310920" key="com.pyxis.greenhopper.jira:gh-global-rank">
                        <customfieldname>Rank (Obsolete)</customfieldname>
                        <customfieldvalues>
                            <customfieldvalue>337408</customfieldvalue>
                        </customfieldvalues>
                    </customfield>
                                                                                                                                                                                                                                                                                                                                                                                                                                                                                                                                                                                                                                                                                                                                                                                            </customfields>
    </item>


</channel>
</rss>