<rss version="0.92">
    <channel>
        <title>ASF JIRA</title>
        <link>https://issues.apache.org/jira/issues/?jql=project+%3D+wicket+and+type+%3D+bug+and+%28status+%3D+RESOLVED+or+status+%3D+closed%29</link>
        <description>An XML representation of a search request</description>
                <language>en-uk</language>
                        <issue start="0" end="1000" total="4133" />
                <build-info>
            <version>8.20.7</version>
            <build-number>820007</build-number>
            <build-date>16-03-2022</build-date>
        </build-info>

<item>
            <title>[WICKET-5491] Wicket.DateTime.getViewportHeight() returning undefined on IE8, positions calendar out of viewport</title>
                <link>https://issues.apache.org/jira/browse/WICKET-5491</link>
                <project id="12310561" key="WICKET">Wicket</project>
                    <description>&lt;p&gt;A small mistake in Wicket.DateTime.getViewportHeight() causes the function to return undefined. This allows the calendar to pop up in such a way that the it may lie outside the existing viewport, forcing user to scroll it into view.&lt;/p&gt;

&lt;p&gt;The provided patch corrects the issue.&lt;/p&gt;</description>
                <environment>Internet Explorer</environment>
        <key id="12691625">WICKET-5491</key>
            <summary>Wicket.DateTime.getViewportHeight() returning undefined on IE8, positions calendar out of viewport</summary>
                <type id="1" iconUrl="https://issues.apache.org/jira/secure/viewavatar?size=xsmall&amp;avatarId=21133&amp;avatarType=issuetype">Bug</type>
                                            <priority id="4" iconUrl="https://issues.apache.org/jira/images/icons/priorities/minor.svg">Minor</priority>
                        <status id="5" iconUrl="https://issues.apache.org/jira/images/icons/statuses/resolved.png" description="A resolution has been taken, and it is awaiting verification by reporter. From here issues are either reopened, or are closed.">Resolved</status>
                    <statusCategory id="3" key="done" colorName="green" />
                                    <resolution id="1">Fixed</resolution>
                                        <assignee username="mgrigorov">Martin Tzvetanov Grigorov</assignee>
                                    <reporter username="alankila@bel.fi">Antti Lankila</reporter>
                        <labels>
                    </labels>
                <created>Tue, 28 Jan 2014 12:41:25 +0000</created>
                <updated>Wed, 5 Feb 2014 16:11:02 +0000</updated>
                            <resolved>Thu, 30 Jan 2014 08:59:36 +0000</resolved>
                                                    <fixVersion>6.14.0</fixVersion>
                    <fixVersion>7.0.0-M1</fixVersion>
                    <fixVersion>1.5.12</fixVersion>
                                    <component>wicket-datetime</component>
                        <due />
                            <votes>0</votes>
                                    <watches>2</watches>
                                    <timeoriginalestimate seconds="3600">1h</timeoriginalestimate>
                            <timeestimate seconds="3600">1h</timeestimate>
                                        <comments>
                            <comment id="13884074" author="alankila@bel.fi" created="Tue, 28 Jan 2014 12:42:35 +0000">&lt;p&gt;Fix for the issue&lt;/p&gt;</comment>
                            <comment id="13886425" author="mgrigorov" created="Thu, 30 Jan 2014 08:59:36 +0000">&lt;p&gt;Thanks!&lt;/p&gt;</comment>
                    </comments>
                <issuelinks>
                            <issuelinktype id="10030">
                    <name>Reference</name>
                                            <outwardlinks description="relates to">
                                        <issuelink>
            <issuekey id="12393399">WICKET-1497</issuekey>
        </issuelink>
                            </outwardlinks>
                                                        </issuelinktype>
                    </issuelinks>
                <attachments>
                            <attachment id="12625570" name="read-clientHeight.patch" size="833" author="alankila@bel.fi" created="Tue, 28 Jan 2014 12:42:35 +0000" />
                    </attachments>
                <subtasks>
                    </subtasks>
                <customfields>
                                                                                                                                                                                                                                                                                                                                                                                                                                                                                                                                                                                                                                                                                                                    <customfield id="customfield_12314020" key="com.atlassian.jira.plugins.jira-development-integration-plugin:devsummary">
                        <customfieldname>Development</customfieldname>
                        <customfieldvalues>
                            
                        </customfieldvalues>
                    </customfield>
                                                                                                                        <customfield id="customfield_12313422" key="com.atlassian.jirafisheyeplugin:jobcheckbox">
                        <customfieldname>Enable Automatic Patch Review</customfieldname>
                        <customfieldvalues>
                            <customfieldvalue>false</customfieldvalue>

                        </customfieldvalues>
                    </customfield>
                                                                                                                                                                                                                                                                                                                                                                                                                                                                                                                                                                                                                    <customfield id="customfield_12310420" key="com.pyxis.greenhopper.jira:gh-global-rank">
                        <customfieldname>Global Rank</customfieldname>
                        <customfieldvalues>
                            <customfieldvalue>370370</customfieldvalue>
                        </customfieldvalues>
                    </customfield>
                                                                                                                                                                                                                                                                                                                                                                                                                                                                        <customfield id="customfield_12311820" key="com.pyxis.greenhopper.jira:gh-lexo-rank">
                        <customfieldname>Rank</customfieldname>
                        <customfieldvalues>
                            <customfieldvalue>0|i1rtzz:</customfieldvalue>

                        </customfieldvalues>
                    </customfield>
                                                                <customfield id="customfield_12310920" key="com.pyxis.greenhopper.jira:gh-global-rank">
                        <customfieldname>Rank (Obsolete)</customfieldname>
                        <customfieldvalues>
                            <customfieldvalue>370671</customfieldvalue>
                        </customfieldvalues>
                    </customfield>
                                                                                                                                                                                                                                                                                                                                                                                                                                                                                                                                                                                                                                                                                                                                                                                            </customfields>
    </item>


</channel>
</rss>