<rss version="0.92">
    <channel>
        <title>ASF JIRA</title>
        <link>https://issues.apache.org/jira/issues/?jql=project+%3D+wicket+and+type+%3D+bug+and+%28status+%3D+RESOLVED+or+status+%3D+closed%29</link>
        <description>An XML representation of a search request</description>
                <language>en-uk</language>
                        <issue start="0" end="1000" total="4133" />
                <build-info>
            <version>8.20.7</version>
            <build-number>820007</build-number>
            <build-date>16-03-2022</build-date>
        </build-info>

<item>
            <title>[WICKET-5282] o.a.w.protocol.http.servlet.ServletWebRequest.getContextRelativeUrl throws NPE when posting EventBus inside Atmosphere request</title>
                <link>https://issues.apache.org/jira/browse/WICKET-5282</link>
                <project id="12310561" key="WICKET">Wicket</project>
                    <description>&lt;p&gt;Sometimes happens when during an Wicket-Atmosphere request, i.e. inside an Atmosphere's @Subscribe handler, we post an object to Wicket-Atmosphere's EventBus.&lt;/p&gt;

&lt;p&gt;In all cases where it happens, it happens when EventBus.post called from a non-Wicket thread.&lt;/p&gt;

&lt;div class="code panel" style="border-width: 1px;"&gt;&lt;div class="codeContent panelContent"&gt;
&lt;pre class="code-java"&gt;08:17:46.460 | ERROR | oryBean_Worker-9 | c.g.c.e.E.&lt;span class="code-keyword"&gt;default&lt;/span&gt;                | .google.common.eventbus.EventBus  316 | Could not dispatch event: Job DEFAULT.loadToArchive execution complete at  08:17:46 07/22/2013 and reports: exitCode=COMPLETED;exitDescription=Loaded 1 CSVs to Archive as archived/2013-07-22T08:17:46.098-04:00.csv, 1 point times made stale: [2013-07-22T12:15:00.000Z] to handler [wrapper &lt;span class="code-keyword"&gt;public&lt;/span&gt; void org.soluvas.web.site.AtmosphereApplication.bridgeToAtmosphere(java.lang.&lt;span class="code-object"&gt;Object&lt;/span&gt;)]
java.lang.reflect.InvocationTargetException: &lt;span class="code-keyword"&gt;null&lt;/span&gt;
        at sun.reflect.GeneratedMethodAccessor66.invoke(Unknown Source) ~[na:na]
        at sun.reflect.DelegatingMethodAccessorImpl.invoke(DelegatingMethodAccessorImpl.java:43) ~[na:1.7.0_15]
        at java.lang.reflect.Method.invoke(Method.java:601) ~[na:1.7.0_15]
        at com.google.common.eventbus.EventHandler.handleEvent(EventHandler.java:74) ~[guava-14.0.1.jar:na]
        at com.google.common.eventbus.SynchronizedEventHandler.handleEvent(SynchronizedEventHandler.java:45) ~[guava-14.0.1.jar:na]
        at com.google.common.eventbus.EventBus.dispatch(EventBus.java:314) [guava-14.0.1.jar:na]
        at com.google.common.eventbus.EventBus.dispatchQueuedEvents(EventBus.java:296) [guava-14.0.1.jar:na]
        at com.google.common.eventbus.EventBus.post(EventBus.java:267) [guava-14.0.1.jar:na]
        at com.quikdo.freq.job.EventBusJobListener.jobWasExecuted(EventBusJobListener.java:54) [EventBusJobListener.&lt;span class="code-keyword"&gt;class:&lt;/span&gt;na]
        at org.quartz.core.QuartzScheduler.notifyJobListenersWasExecuted(QuartzScheduler.java:2020) [quartz-2.2.0.jar:na]
        at org.quartz.core.JobRunShell.notifyJobListenersComplete(JobRunShell.java:355) [quartz-2.2.0.jar:na]
        at org.quartz.core.JobRunShell.run(JobRunShell.java:229) [quartz-2.2.0.jar:na]
        at org.quartz.simpl.SimpleThreadPool$WorkerThread.run(SimpleThreadPool.java:560) [quartz-2.2.0.jar:na]
Caused by: java.lang.NullPointerException: &lt;span class="code-keyword"&gt;null&lt;/span&gt;
        at org.apache.wicket.protocol.http.servlet.ServletWebRequest.getContextRelativeUrl(ServletWebRequest.java:194) ~[wicket-core-6.9.1.jar:6.9.1]
        at org.apache.wicket.protocol.http.servlet.ServletWebRequest.&amp;lt;init&amp;gt;(ServletWebRequest.java:113) ~[wicket-core-6.9.1.jar:6.9.1]
        at org.apache.wicket.protocol.http.servlet.ServletWebRequest.&amp;lt;init&amp;gt;(ServletWebRequest.java:83) ~[wicket-core-6.9.1.jar:6.9.1]
        at org.apache.wicket.protocol.http.WebApplication.newWebRequest(WebApplication.java:448) ~[wicket-core-6.9.1.jar:6.9.1]
        at org.apache.wicket.atmosphere.EventBus.post(EventBus.java:337) ~[wicket-atmosphere-0.11.jar:0.11]
        at org.apache.wicket.atmosphere.EventBus.postToSingleResource(EventBus.java:317) ~[wicket-atmosphere-0.11.jar:0.11]
        at org.apache.wicket.atmosphere.EventBus.post(EventBus.java:292) ~[wicket-atmosphere-0.11.jar:0.11]
        at org.soluvas.web.site.AtmosphereApplication.bridgeToAtmosphere(AtmosphereApplication.java:53) ~[org.soluvas.web.site-2.1.0-SNAPSHOT.jar:na]
        ... 13 common frames omitted
08:17:46.465 | ERROR | ryBean_Worker-10 | c.g.c.e.E.&lt;span class="code-keyword"&gt;default&lt;/span&gt;                | .google.common.eventbus.EventBus  316 | Could not dispatch event: Job DEFAULT.locationVisitorAggregator fired (by trigger DEFAULT.MT_3jn71esi0mkgo) at:  08:17:46 07/22/2013 to handler [wrapper &lt;span class="code-keyword"&gt;public&lt;/span&gt; void org.soluvas.web.site.AtmosphereApplication.bridgeToAtmosphere(java.lang.&lt;span class="code-object"&gt;Object&lt;/span&gt;)]
java.lang.reflect.InvocationTargetException: &lt;span class="code-keyword"&gt;null&lt;/span&gt;
        at sun.reflect.GeneratedMethodAccessor66.invoke(Unknown Source) ~[na:na]
        at sun.reflect.DelegatingMethodAccessorImpl.invoke(DelegatingMethodAccessorImpl.java:43) ~[na:1.7.0_15]
        at java.lang.reflect.Method.invoke(Method.java:601) ~[na:1.7.0_15]
        at com.google.common.eventbus.EventHandler.handleEvent(EventHandler.java:74) ~[guava-14.0.1.jar:na]
        at com.google.common.eventbus.SynchronizedEventHandler.handleEvent(SynchronizedEventHandler.java:45) ~[guava-14.0.1.jar:na]
        at com.google.common.eventbus.EventBus.dispatch(EventBus.java:314) [guava-14.0.1.jar:na]
        at com.google.common.eventbus.EventBus.dispatchQueuedEvents(EventBus.java:296) [guava-14.0.1.jar:na]
        at com.google.common.eventbus.EventBus.post(EventBus.java:267) [guava-14.0.1.jar:na]
        at com.quikdo.freq.job.EventBusJobListener.jobToBeExecuted(EventBusJobListener.java:37) [EventBusJobListener.&lt;span class="code-keyword"&gt;class:&lt;/span&gt;na]
        at org.quartz.core.QuartzScheduler.notifyJobListenersToBeExecuted(QuartzScheduler.java:1980) [quartz-2.2.0.jar:na]
        at org.quartz.core.JobRunShell.notifyListenersBeginning(JobRunShell.java:339) [quartz-2.2.0.jar:na]
        at org.quartz.core.JobRunShell.run(JobRunShell.java:174) [quartz-2.2.0.jar:na]
        at org.quartz.simpl.SimpleThreadPool$WorkerThread.run(SimpleThreadPool.java:560) [quartz-2.2.0.jar:na]
Caused by: java.lang.NullPointerException: &lt;span class="code-keyword"&gt;null&lt;/span&gt;
        at org.apache.wicket.protocol.http.servlet.ServletWebRequest.getContextRelativeUrl(ServletWebRequest.java:194) ~[wicket-core-6.9.1.jar:6.9.1]
        at org.apache.wicket.protocol.http.servlet.ServletWebRequest.&amp;lt;init&amp;gt;(ServletWebRequest.java:113) ~[wicket-core-6.9.1.jar:6.9.1]
        at org.apache.wicket.protocol.http.servlet.ServletWebRequest.&amp;lt;init&amp;gt;(ServletWebRequest.java:83) ~[wicket-core-6.9.1.jar:6.9.1]
        at org.apache.wicket.protocol.http.WebApplication.newWebRequest(WebApplication.java:448) ~[wicket-core-6.9.1.jar:6.9.1]
        at org.apache.wicket.atmosphere.EventBus.post(EventBus.java:337) ~[wicket-atmosphere-0.11.jar:0.11]
        at org.apache.wicket.atmosphere.EventBus.postToSingleResource(EventBus.java:317) ~[wicket-atmosphere-0.11.jar:0.11]
        at org.apache.wicket.atmosphere.EventBus.post(EventBus.java:292) ~[wicket-atmosphere-0.11.jar:0.11]
        at org.soluvas.web.site.AtmosphereApplication.bridgeToAtmosphere(AtmosphereApplication.java:53) ~[org.soluvas.web.site-2.1.0-SNAPSHOT.jar:na]
        ... 13 common frames omitted
&lt;/pre&gt;
&lt;/div&gt;&lt;/div&gt;

&lt;p&gt;The NPE happens inside wicket-core, so hopefully wicket-core can give more detailed exception why it's doing so.&lt;/p&gt;

&lt;p&gt;And &lt;tt&gt;org.apache.wicket.atmosphere.EventBus.post&lt;/tt&gt; should probably check its arguments that may cause NPE on wicket-core's part.&lt;/p&gt;</description>
                <environment>happens on wicket 6.9.1 and 6.10.1 using wicket-atmosphere 0.11, atmosphere-runtime 1.0.13&lt;br/&gt;
(not yet tested with wicket-atmosphere 0.13)&lt;br/&gt;
Tomcat 7.0</environment>
        <key id="12659080">WICKET-5282</key>
            <summary>o.a.w.protocol.http.servlet.ServletWebRequest.getContextRelativeUrl throws NPE when posting EventBus inside Atmosphere request</summary>
                <type id="1" iconUrl="https://issues.apache.org/jira/secure/viewavatar?size=xsmall&amp;avatarId=21133&amp;avatarType=issuetype">Bug</type>
                                            <priority id="3" iconUrl="https://issues.apache.org/jira/images/icons/priorities/major.svg">Major</priority>
                        <status id="6" iconUrl="https://issues.apache.org/jira/images/icons/statuses/closed.png" description="The issue is considered finished, the resolution is correct. Issues which are not closed can be reopened.">Closed</status>
                    <statusCategory id="3" key="done" colorName="green" />
                                    <resolution id="1">Fixed</resolution>
                                        <assignee username="papegaaij">Emond Papegaaij</assignee>
                                    <reporter username="ceefour">Hendy Irawan</reporter>
                        <labels>
                    </labels>
                <created>Mon, 22 Jul 2013 12:22:11 +0000</created>
                <updated>Mon, 20 Jan 2014 12:48:27 +0000</updated>
                            <resolved>Mon, 20 Jan 2014 12:48:18 +0000</resolved>
                                    <version>6.9.1</version>
                    <version>6.10.0</version>
                                    <fixVersion>6.13.0</fixVersion>
                                    <component>wicket</component>
                    <component>wicket-atmosphere</component>
                        <due />
                            <votes>0</votes>
                                    <watches>4</watches>
                                                                <comments>
                            <comment id="13715162" author="ceefour" created="Mon, 22 Jul 2013 12:37:39 +0000">&lt;p&gt;Note: I'm using BreadcrumbPanel's, and the page is stateful.&lt;/p&gt;</comment>
                            <comment id="13715163" author="ceefour" created="Mon, 22 Jul 2013 12:38:34 +0000">&lt;p&gt;And during the Atmosphere request, I target.add()-ed several components, including the div that contains the breadcrumbpanel, the breadcrumbbar, and other components.&lt;/p&gt;</comment>
                            <comment id="13715278" author="ceefour" created="Mon, 22 Jul 2013 15:19:43 +0000">&lt;p&gt;Also, I'm using Tomcat7's NIO Connector, and Atmosphere is using WebSocket.&lt;/p&gt;</comment>
                            <comment id="13715298" author="ceefour" created="Mon, 22 Jul 2013 15:37:42 +0000">&lt;p&gt;I'm also using HttpsMapper.&lt;/p&gt;</comment>
                            <comment id="13715304" author="ceefour" created="Mon, 22 Jul 2013 15:43:30 +0000">&lt;p&gt;Seems that HttpsMapper is the culprit. Without HttpsMapper I never see this error.&lt;/p&gt;</comment>
                            <comment id="13722201" author="papegaaij" created="Mon, 29 Jul 2013 06:43:29 +0000">&lt;p&gt;A quickstart would really help me to debug this.&lt;/p&gt;</comment>
                            <comment id="13738005" author="souvikbhattacharyas" created="Tue, 13 Aug 2013 09:09:58 +0000">&lt;p&gt;Hi, Is there any way to avoid the error. &lt;/p&gt;</comment>
                            <comment id="13738009" author="mgrigorov" created="Tue, 13 Aug 2013 09:13:57 +0000">&lt;p&gt;Please provide a quickstart and we will reopen the ticket.&lt;/p&gt;</comment>
                            <comment id="13747411" author="ceefour" created="Thu, 22 Aug 2013 10:13:51 +0000">&lt;p&gt;Not sure if this helps, but this may be an indication:&lt;/p&gt;


&lt;div class="code panel" style="border-width: 1px;"&gt;&lt;div class="codeContent panelContent"&gt;
&lt;pre class="code-java"&gt;&#187; 16:37:30.412 05:38:23.128 | WARN | red-DispatchOp-2 | o.a.c.DefaultBroadcaster | tmosphere.cpr.DefaultBroadcaster 977 | Request is not longer valid 6b9c95f3-1fae-4bab-abf7-10b8141c049e
&#187; 16:42:29.526 05:43:22.466 | WARN | red-DispatchOp-2 | o.a.c.DefaultBroadcaster | tmosphere.cpr.DefaultBroadcaster 977 | Request is not longer valid c148d0e5-8604-4bcc-9427-16e7014a6f8d
&lt;/pre&gt;
&lt;/div&gt;&lt;/div&gt;</comment>
                            <comment id="13747413" author="ceefour" created="Thu, 22 Aug 2013 10:24:39 +0000">&lt;p&gt;It's quite challenging to reproduce this because even if our long-running, complex app, when it starts to happen... it happens only once every 3-5 minutes: (but when it does happen, it does it in bursts)&lt;/p&gt;

&lt;p&gt;Our log below, grouped by time :&lt;/p&gt;

&lt;div class="code panel" style="border-width: 1px;"&gt;&lt;div class="codeContent panelContent"&gt;
&lt;pre class="code-java"&gt;&#187; 16:24:52.732 05:25:45.649 | ERROR | ryBean_Worker-10 | o.a.w.DefaultExceptionMapper | he.wicket.DefaultExceptionMapper 123 | Unexpected error occurred org.apache.wicket.WicketRuntimeExcepti
&#187; 16:24:52.752 05:25:45.660 | ERROR | ryBean_Worker-10 | o.a.w.DefaultExceptionMapper | he.wicket.DefaultExceptionMapper 123 | Unexpected error occurred java.lang.NullPointerException: &lt;span class="code-keyword"&gt;null&lt;/span&gt; a
&#187; 16:24:52.832 05:25:45.662 | ERROR | ryBean_Worker-10 | o.a.w.DefaultExceptionMapper | he.wicket.DefaultExceptionMapper 123 | Unexpected error occurred java.lang.NullPointerException: &lt;span class="code-keyword"&gt;null&lt;/span&gt; a
&#187; 16:24:52.832 05:25:45.664 | ERROR | ryBean_Worker-10 | o.a.w.DefaultExceptionMapper | he.wicket.DefaultExceptionMapper 123 | Unexpected error occurred java.lang.NullPointerException: &lt;span class="code-keyword"&gt;null&lt;/span&gt; a
&#187; 16:24:52.834 05:25:45.666 | ERROR | ryBean_Worker-10 | o.a.w.DefaultExceptionMapper | he.wicket.DefaultExceptionMapper 123 | Unexpected error occurred java.lang.NullPointerException: &lt;span class="code-keyword"&gt;null&lt;/span&gt; a
&#187; 16:24:52.835 05:25:45.668 | ERROR | ryBean_Worker-10 | o.a.w.DefaultExceptionMapper | he.wicket.DefaultExceptionMapper 123 | Unexpected error occurred java.lang.NullPointerException: &lt;span class="code-keyword"&gt;null&lt;/span&gt; a
&#187; 16:24:52.854 05:25:45.671 | ERROR | ryBean_Worker-10 | o.a.w.DefaultExceptionMapper | he.wicket.DefaultExceptionMapper 123 | Unexpected error occurred java.lang.NullPointerException: &lt;span class="code-keyword"&gt;null&lt;/span&gt; a
&#187; 16:24:52.854 05:25:45.673 | ERROR | ryBean_Worker-10 | o.a.w.DefaultExceptionMapper | he.wicket.DefaultExceptionMapper 123 | Unexpected error occurred java.lang.NullPointerException: &lt;span class="code-keyword"&gt;null&lt;/span&gt; a
&#187; 16:24:52.933 05:25:45.675 | ERROR | ryBean_Worker-10 | o.a.w.DefaultExceptionMapper | he.wicket.DefaultExceptionMapper 123 | Unexpected error occurred java.lang.NullPointerException: &lt;span class="code-keyword"&gt;null&lt;/span&gt; a
&#187; 16:24:52.933 05:25:45.677 | ERROR | ryBean_Worker-10 | o.a.w.DefaultExceptionMapper | he.wicket.DefaultExceptionMapper 123 | Unexpected error occurred java.lang.NullPointerException: &lt;span class="code-keyword"&gt;null&lt;/span&gt; a
&#187; 16:24:52.936 05:25:45.678 | ERROR | ryBean_Worker-10 | o.a.w.DefaultExceptionMapper | he.wicket.DefaultExceptionMapper 123 | Unexpected error occurred java.lang.NullPointerException: &lt;span class="code-keyword"&gt;null&lt;/span&gt; a
&#187; 16:24:52.936 05:25:45.679 | ERROR | ryBean_Worker-10 | o.a.w.r.c.RequestCycle | icket.request.cycle.RequestCycle 323 | Error during processing error message java.lang.NullPointerException: 
&#187; 16:24:52.938 05:25:45.681 | ERROR | ryBean_Worker-10 | o.a.w.u.l.ListenerCollection | il.listener.ListenerCollection$1 124 | Error invoking listener: org.apache.wicket.Application$2@6b107e0
&#187; 16:24:52.938 05:25:45.681 | WARN | red-DispatchOp-2 | o.a.c.DefaultBroadcaster | tmosphere.cpr.DefaultBroadcaster 977 | Request is not longer valid a1e3577d-98af-43ec-a62d-4c9e3d231e48 WARN

---3 minutes later---

&#187; 16:27:53.426 05:28:46.353 | ERROR | oryBean_Worker-8 | o.a.w.DefaultExceptionMapper | he.wicket.DefaultExceptionMapper 123 | Unexpected error occurred org.apache.wicket.WicketRuntimeExcepti
&#187; 16:27:53.426 le.common.eventbus.EventHandler.handleEvent(EventHandler.java:74) ~[guava-14.0.1.jar:na] at com.google.common.eventbus.SynchronizedEventHandler.handleEvent(SynchronizedEventHan
&#187; 16:27:53.525 05:28:46.354 | ERROR | oryBean_Worker-8 | o.a.w.DefaultExceptionMapper | he.wicket.DefaultExceptionMapper 123 | Unexpected error occurred java.lang.NullPointerException: &lt;span class="code-keyword"&gt;null&lt;/span&gt; a
&#187; 16:27:53.525 05:28:46.355 | ERROR | oryBean_Worker-8 | o.a.w.DefaultExceptionMapper | he.wicket.DefaultExceptionMapper 123 | Unexpected error occurred java.lang.NullPointerException: &lt;span class="code-keyword"&gt;null&lt;/span&gt; a
&#187; 16:27:53.525 05:28:46.356 | ERROR | oryBean_Worker-8 | o.a.w.DefaultExceptionMapper | he.wicket.DefaultExceptionMapper 123 | Unexpected error occurred java.lang.NullPointerException: &lt;span class="code-keyword"&gt;null&lt;/span&gt; a
&#187; 16:27:53.527 05:28:46.357 | ERROR | oryBean_Worker-8 | o.a.w.DefaultExceptionMapper | he.wicket.DefaultExceptionMapper 123 | Unexpected error occurred java.lang.NullPointerException: &lt;span class="code-keyword"&gt;null&lt;/span&gt; a
&#187; 16:27:53.541 05:28:46.363 | ERROR | oryBean_Worker-8 | o.a.w.DefaultExceptionMapper | he.wicket.DefaultExceptionMapper 123 | Unexpected error occurred java.lang.NullPointerException: &lt;span class="code-keyword"&gt;null&lt;/span&gt; a
&#187; 16:27:53.541 05:28:46.364 | ERROR | oryBean_Worker-8 | o.a.w.DefaultExceptionMapper | he.wicket.DefaultExceptionMapper 123 | Unexpected error occurred java.lang.NullPointerException: &lt;span class="code-keyword"&gt;null&lt;/span&gt; a
&#187; 16:27:53.625 05:28:46.365 | ERROR | oryBean_Worker-8 | o.a.w.DefaultExceptionMapper | he.wicket.DefaultExceptionMapper 123 | Unexpected error occurred java.lang.NullPointerException: &lt;span class="code-keyword"&gt;null&lt;/span&gt; a
&#187; 16:27:53.626 05:28:46.367 | ERROR | oryBean_Worker-8 | o.a.w.DefaultExceptionMapper | he.wicket.DefaultExceptionMapper 123 | Unexpected error occurred java.lang.NullPointerException: &lt;span class="code-keyword"&gt;null&lt;/span&gt; a
&#187; 16:27:53.626 05:28:46.369 | ERROR | oryBean_Worker-8 | o.a.w.DefaultExceptionMapper | he.wicket.DefaultExceptionMapper 123 | Unexpected error occurred java.lang.NullPointerException: &lt;span class="code-keyword"&gt;null&lt;/span&gt; a
&#187; 16:27:53.627 05:28:46.370 | ERROR | oryBean_Worker-8 | o.a.w.DefaultExceptionMapper | he.wicket.DefaultExceptionMapper 123 | Unexpected error occurred java.lang.NullPointerException: &lt;span class="code-keyword"&gt;null&lt;/span&gt; a
&#187; 16:27:53.627 05:28:46.371 | ERROR | oryBean_Worker-8 | o.a.w.r.c.RequestCycle | icket.request.cycle.RequestCycle 323 | Error during processing error message java.lang.NullPointerException: 
&#187; 16:27:53.640 05:28:46.373 | ERROR | oryBean_Worker-8 | o.a.w.u.l.ListenerCollection | il.listener.ListenerCollection$1 124 | Error invoking listener: org.apache.wicket.Application$2@416f639
&#187; 16:27:53.640 05:28:46.374 | WARN | red-DispatchOp-2 | o.a.c.DefaultBroadcaster | tmosphere.cpr.DefaultBroadcaster 977 | Request is not longer valid 1770a748-9ad0-4a3a-a100-bc10502a03e7 WARN

---4 minutes later---

&#187; 16:31:08.172 05:32:01.100 | ERROR | oryBean_Worker-3 | o.a.w.DefaultExceptionMapper | he.wicket.DefaultExceptionMapper 123 | Unexpected error occurred org.apache.wicket.WicketRuntimeExcepti
&#187; 16:31:08.269 05:32:01.102 | ERROR | oryBean_Worker-3 | o.a.w.DefaultExceptionMapper | he.wicket.DefaultExceptionMapper 123 | Unexpected error occurred java.lang.NullPointerException: &lt;span class="code-keyword"&gt;null&lt;/span&gt; a
&#187; 16:31:08.270 05:32:01.103 | ERROR | oryBean_Worker-3 | o.a.w.DefaultExceptionMapper | he.wicket.DefaultExceptionMapper 123 | Unexpected error occurred java.lang.NullPointerException: &lt;span class="code-keyword"&gt;null&lt;/span&gt; a
&#187; 16:31:08.270 05:32:01.104 | ERROR | oryBean_Worker-3 | o.a.w.DefaultExceptionMapper | he.wicket.DefaultExceptionMapper 123 | Unexpected error occurred java.lang.NullPointerException: &lt;span class="code-keyword"&gt;null&lt;/span&gt; a
&#187; 16:31:08.270 05:32:01.105 | ERROR | oryBean_Worker-3 | o.a.w.DefaultExceptionMapper | he.wicket.DefaultExceptionMapper 123 | Unexpected error occurred java.lang.NullPointerException: &lt;span class="code-keyword"&gt;null&lt;/span&gt; a
&#187; 16:31:08.271 05:32:01.106 | ERROR | oryBean_Worker-3 | o.a.w.DefaultExceptionMapper | he.wicket.DefaultExceptionMapper 123 | Unexpected error occurred java.lang.NullPointerException: &lt;span class="code-keyword"&gt;null&lt;/span&gt; a
&#187; 16:31:08.369 05:32:01.107 | ERROR | oryBean_Worker-3 | o.a.w.DefaultExceptionMapper | he.wicket.DefaultExceptionMapper 123 | Unexpected error occurred java.lang.NullPointerException: &lt;span class="code-keyword"&gt;null&lt;/span&gt; a
&#187; 16:31:08.369 05:32:01.108 | ERROR | oryBean_Worker-3 | o.a.w.DefaultExceptionMapper | he.wicket.DefaultExceptionMapper 123 | Unexpected error occurred java.lang.NullPointerException: &lt;span class="code-keyword"&gt;null&lt;/span&gt; a
&#187; 16:31:08.370 05:32:01.110 | ERROR | oryBean_Worker-3 | o.a.w.DefaultExceptionMapper | he.wicket.DefaultExceptionMapper 123 | Unexpected error occurred java.lang.NullPointerException: &lt;span class="code-keyword"&gt;null&lt;/span&gt; a
&#187; 16:31:08.370 05:32:01.112 | ERROR | oryBean_Worker-3 | o.a.w.DefaultExceptionMapper | he.wicket.DefaultExceptionMapper 123 | Unexpected error occurred java.lang.NullPointerException: &lt;span class="code-keyword"&gt;null&lt;/span&gt; a
&#187; 16:31:08.371 05:32:01.115 | ERROR | oryBean_Worker-3 | o.a.w.DefaultExceptionMapper | he.wicket.DefaultExceptionMapper 123 | Unexpected error occurred java.lang.NullPointerException: &lt;span class="code-keyword"&gt;null&lt;/span&gt; a
&#187; 16:31:08.371 05:32:01.117 | ERROR | oryBean_Worker-3 | o.a.w.r.c.RequestCycle | icket.request.cycle.RequestCycle 323 | Error during processing error message java.lang.NullPointerException: 
&#187; 16:31:08.469 05:32:01.121 | ERROR | oryBean_Worker-3 | o.a.w.u.l.ListenerCollection | il.listener.ListenerCollection$1 124 | Error invoking listener: org.apache.wicket.Application$2@3a9dbd8
&#187; 16:31:08.469 05:32:01.121 | WARN | red-DispatchOp-2 | o.a.c.DefaultBroadcaster | tmosphere.cpr.DefaultBroadcaster 977 | Request is not longer valid 800a9521-7265-4832-90d8-ca243fd63c7f WARN

---6 minutes later---

&#187; 16:37:30.172 05:38:23.107 | ERROR | oryBean_Worker-4 | o.a.w.DefaultExceptionMapper | he.wicket.DefaultExceptionMapper 123 | Unexpected error occurred org.apache.wicket.WicketRuntimeExcepti
&#187; 16:37:30.273 05:38:23.109 | ERROR | oryBean_Worker-4 | o.a.w.DefaultExceptionMapper | he.wicket.DefaultExceptionMapper 123 | Unexpected error occurred java.lang.NullPointerException: &lt;span class="code-keyword"&gt;null&lt;/span&gt; a
&#187; 16:37:30.273 05:38:23.110 | ERROR | oryBean_Worker-4 | o.a.w.DefaultExceptionMapper | he.wicket.DefaultExceptionMapper 123 | Unexpected error occurred java.lang.NullPointerException: &lt;span class="code-keyword"&gt;null&lt;/span&gt; a
&#187; 16:37:30.273 05:38:23.111 | ERROR | oryBean_Worker-4 | o.a.w.DefaultExceptionMapper | he.wicket.DefaultExceptionMapper 123 | Unexpected error occurred java.lang.NullPointerException: &lt;span class="code-keyword"&gt;null&lt;/span&gt; a
&#187; 16:37:30.273 05:38:23.112 | ERROR | oryBean_Worker-4 | o.a.w.DefaultExceptionMapper | he.wicket.DefaultExceptionMapper 123 | Unexpected error occurred java.lang.NullPointerException: &lt;span class="code-keyword"&gt;null&lt;/span&gt; a
&#187; 16:37:30.273 05:38:23.113 | ERROR | oryBean_Worker-4 | o.a.w.DefaultExceptionMapper | he.wicket.DefaultExceptionMapper 123 | Unexpected error occurred java.lang.NullPointerException: &lt;span class="code-keyword"&gt;null&lt;/span&gt; a
&#187; 16:37:30.372 05:38:23.114 | ERROR | oryBean_Worker-4 | o.a.w.DefaultExceptionMapper | he.wicket.DefaultExceptionMapper 123 | Unexpected error occurred java.lang.NullPointerException: &lt;span class="code-keyword"&gt;null&lt;/span&gt; a
&#187; 16:37:30.372 05:38:23.115 | ERROR | oryBean_Worker-4 | o.a.w.DefaultExceptionMapper | he.wicket.DefaultExceptionMapper 123 | Unexpected error occurred java.lang.NullPointerException: &lt;span class="code-keyword"&gt;null&lt;/span&gt; a
&#187; 16:37:30.378 05:38:23.116 | ERROR | oryBean_Worker-4 | o.a.w.DefaultExceptionMapper | he.wicket.DefaultExceptionMapper 123 | Unexpected error occurred java.lang.NullPointerException: &lt;span class="code-keyword"&gt;null&lt;/span&gt; a
&#187; 16:37:30.378 05:38:23.118 | ERROR | oryBean_Worker-4 | o.a.w.DefaultExceptionMapper | he.wicket.DefaultExceptionMapper 123 | Unexpected error occurred java.lang.NullPointerException: &lt;span class="code-keyword"&gt;null&lt;/span&gt; a
&#187; 16:37:30.378 05:38:23.119 | ERROR | oryBean_Worker-4 | o.a.w.DefaultExceptionMapper | he.wicket.DefaultExceptionMapper 123 | Unexpected error occurred java.lang.NullPointerException: &lt;span class="code-keyword"&gt;null&lt;/span&gt; a
&#187; 16:37:30.378 05:38:23.126 | ERROR | oryBean_Worker-4 | o.a.w.r.c.RequestCycle | icket.request.cycle.RequestCycle 323 | Error during processing error message java.lang.NullPointerException: 
&#187; 16:37:30.378 05:38:23.128 | ERROR | oryBean_Worker-4 | o.a.w.u.l.ListenerCollection | il.listener.ListenerCollection$1 124 | Error invoking listener: org.apache.wicket.Application$2@7dbf59d
&#187; 16:37:30.412 05:38:23.128 | WARN | red-DispatchOp-2 | o.a.c.DefaultBroadcaster | tmosphere.cpr.DefaultBroadcaster 977 | Request is not longer valid 6b9c95f3-1fae-4bab-abf7-10b8141c049e WARN

---5 minutes later---

&#187; 16:42:29.526 05:43:22.466 | WARN | red-DispatchOp-2 | o.a.c.DefaultBroadcaster | tmosphere.cpr.DefaultBroadcaster 977 | Request is not longer valid c148d0e5-8604-4bcc-9427-16e7014a6f8d WARN

&lt;/pre&gt;
&lt;/div&gt;&lt;/div&gt;</comment>
                            <comment id="13747417" author="papegaaij" created="Thu, 22 Aug 2013 10:38:51 +0000">&lt;p&gt;The NPE is caused by a null url returned by HttpServletRequest.getRequestURI. Atmosphere provides the implementation of this HttpServletRequest. It seems this implementation can return null under some circumstances, which is a violation of the spec. It is likely to be related to the 'Request is no longer valid' warning. This should probably be reported upstream.&lt;/p&gt;</comment>
                            <comment id="13747623" author="ceefour" created="Thu, 22 Aug 2013 16:16:52 +0000">&lt;p&gt;Reported to &lt;a href="https://github.com/Atmosphere/atmosphere/issues/1246" class="external-link" target="_blank" rel="nofollow noopener"&gt;https://github.com/Atmosphere/atmosphere/issues/1246&lt;/a&gt;&lt;/p&gt;
</comment>
                            <comment id="13748509" author="papegaaij" created="Fri, 23 Aug 2013 12:41:40 +0000">&lt;p&gt;I'm reopening this ticket, awaiting the response upstream.&lt;/p&gt;</comment>
                            <comment id="13751035" author="souvikbhattacharyas" created="Tue, 27 Aug 2013 07:07:22 +0000">&lt;p&gt;I am able to generate the error multiple time in my application. In my application I push through EventBus.post frequently(in every 3 seconds) and if second request come to @Subscribe before the completion of first request then it's throwing error. If needed I can share my screen as well&lt;/p&gt;</comment>
                            <comment id="13751038" author="ceefour" created="Tue, 27 Aug 2013 07:11:23 +0000">&lt;p&gt;Thank you &lt;a href="https://issues.apache.org/jira/secure/ViewProfile.jspa?name=souvikbhattacharyas" class="user-hover" rel="souvikbhattacharyas"&gt;souvikbhattacharyas&lt;/a&gt; ! So that's why it's happening intermittently in my case&lt;/p&gt;</comment>
                            <comment id="13876418" author="papegaaij" created="Mon, 20 Jan 2014 12:48:18 +0000">&lt;p&gt;Fixed with the upgrade to Atmosphere 2.0&lt;/p&gt;</comment>
                    </comments>
                <issuelinks>
                            <issuelinktype id="12310000">
                    <name>Duplicate</name>
                                                                <inwardlinks description="is duplicated by">
                                        <issuelink>
            <issuekey id="12665008">WICKET-5323</issuekey>
        </issuelink>
                            </inwardlinks>
                                    </issuelinktype>
                    </issuelinks>
                <attachments>
                    </attachments>
                <subtasks>
                    </subtasks>
                <customfields>
                                                                                                                                                                                                                                                                                                                                                                                                                                                                                                                                                                                                                                                                                                                    <customfield id="customfield_12314020" key="com.atlassian.jira.plugins.jira-development-integration-plugin:devsummary">
                        <customfieldname>Development</customfieldname>
                        <customfieldvalues>
                            
                        </customfieldvalues>
                    </customfield>
                                                                                                                        <customfield id="customfield_12313422" key="com.atlassian.jirafisheyeplugin:jobcheckbox">
                        <customfieldname>Enable Automatic Patch Review</customfieldname>
                        <customfieldvalues>
                            <customfieldvalue>false</customfieldvalue>

                        </customfieldvalues>
                    </customfield>
                                                                                                                                                                                                                                                                                                                                                                                                                                                                                                                                                                                                                    <customfield id="customfield_12310420" key="com.pyxis.greenhopper.jira:gh-global-rank">
                        <customfieldname>Global Rank</customfieldname>
                        <customfieldvalues>
                            <customfieldvalue>339273</customfieldvalue>
                        </customfieldvalues>
                    </customfield>
                                                                                                                                                                                                                                                                                                                                                                                                                                                                        <customfield id="customfield_12311820" key="com.pyxis.greenhopper.jira:gh-lexo-rank">
                        <customfieldname>Rank</customfieldname>
                        <customfieldvalues>
                            <customfieldvalue>0|i1mimv:</customfieldvalue>

                        </customfieldvalues>
                    </customfield>
                                                                <customfield id="customfield_12310920" key="com.pyxis.greenhopper.jira:gh-global-rank">
                        <customfieldname>Rank (Obsolete)</customfieldname>
                        <customfieldvalues>
                            <customfieldvalue>339593</customfieldvalue>
                        </customfieldvalues>
                    </customfield>
                                                                                                                                                                                                                                                                                                                                                                                                                                                                                                                                                                                                                                                                                                                                                                                            </customfields>
    </item>


</channel>
</rss>