<rss version="0.92">
    <channel>
        <title>ASF JIRA</title>
        <link>https://issues.apache.org/jira/issues/?jql=project+%3D+wicket+and+type+%3D+bug+and+%28status+%3D+RESOLVED+or+status+%3D+closed%29</link>
        <description>An XML representation of a search request</description>
                <language>en-uk</language>
                        <issue start="0" end="1000" total="4133" />
                <build-info>
            <version>8.20.7</version>
            <build-number>820007</build-number>
            <build-date>16-03-2022</build-date>
        </build-info>

<item>
            <title>[WICKET-5556] Error in wicket-autocomplete.js bad reference of $</title>
                <link>https://issues.apache.org/jira/browse/WICKET-5556</link>
                <project id="12310561" key="WICKET">Wicket</project>
                    <description>&lt;p&gt;Since wicket 6.14, autocomplete component throw an error when positionning autocomplete-menu. &lt;/p&gt;

&lt;p&gt;TypeError: $(...).offset is not a function &lt;/p&gt;

&lt;p&gt;In fact, in wicket-autocomplete.js (line 592), getPosition use $(obj) instead of Wicket.$(obj) : &lt;/p&gt;

&lt;p&gt;For apps with other js lib, it's really critique because a JS error freeze other js action.&lt;/p&gt;

&lt;p&gt;Quick fix is to change :&lt;br/&gt;
line 592 of wicket-autocomplete.js &lt;br/&gt;
--&amp;gt; Wicket.$(obj) instead of $(obj) &lt;/p&gt;

&lt;p&gt;Thanks&lt;/p&gt;</description>
                <environment />
        <key id="12707700">WICKET-5556</key>
            <summary>Error in wicket-autocomplete.js bad reference of $</summary>
                <type id="1" iconUrl="https://issues.apache.org/jira/secure/viewavatar?size=xsmall&amp;avatarId=21133&amp;avatarType=issuetype">Bug</type>
                                            <priority id="3" iconUrl="https://issues.apache.org/jira/images/icons/priorities/major.svg">Major</priority>
                        <status id="5" iconUrl="https://issues.apache.org/jira/images/icons/statuses/resolved.png" description="A resolution has been taken, and it is awaiting verification by reporter. From here issues are either reopened, or are closed.">Resolved</status>
                    <statusCategory id="3" key="done" colorName="green" />
                                    <resolution id="1">Fixed</resolution>
                                        <assignee username="mgrigorov">Martin Tzvetanov Grigorov</assignee>
                                    <reporter username="dmalescot">Damien M.</reporter>
                        <labels>
                    </labels>
                <created>Thu, 10 Apr 2014 13:23:20 +0000</created>
                <updated>Mon, 14 Apr 2014 08:15:36 +0000</updated>
                            <resolved>Mon, 14 Apr 2014 08:15:18 +0000</resolved>
                                    <version>6.14.0</version>
                                    <fixVersion>7.0.0-M1</fixVersion>
                    <fixVersion>6.15.0</fixVersion>
                                    <component>wicket-extensions</component>
                        <due />
                            <votes>0</votes>
                                    <watches>2</watches>
                                                                <comments>
                            <comment id="13965406" author="dmalescot" created="Thu, 10 Apr 2014 14:48:56 +0000">&lt;p&gt;or fix : jQuery(obj).offset();&lt;/p&gt;</comment>
                            <comment id="13968159" author="mgrigorov" created="Mon, 14 Apr 2014 08:15:18 +0000">&lt;p&gt;Duplicate of &lt;a href="https://github.com/apache/wicket/pull/71" class="external-link" target="_blank" rel="nofollow noopener"&gt;https://github.com/apache/wicket/pull/71&lt;/a&gt;&lt;/p&gt;

&lt;p&gt;jQuery() should be used instead of $().&lt;/p&gt;</comment>
                    </comments>
                    <attachments>
                    </attachments>
                <subtasks>
                    </subtasks>
                <customfields>
                                                                                                                                                                                                                                                                                                                                                                                                                                                                                                                                                                                                                                                                                                                    <customfield id="customfield_12314020" key="com.atlassian.jira.plugins.jira-development-integration-plugin:devsummary">
                        <customfieldname>Development</customfieldname>
                        <customfieldvalues>
                            
                        </customfieldvalues>
                    </customfield>
                                                                                                                        <customfield id="customfield_12313422" key="com.atlassian.jirafisheyeplugin:jobcheckbox">
                        <customfieldname>Enable Automatic Patch Review</customfieldname>
                        <customfieldvalues>
                            <customfieldvalue>false</customfieldvalue>

                        </customfieldvalues>
                    </customfield>
                                                                                                                                                                                                                                                                                                                                                                                                                                                                                                                                                                                                                    <customfield id="customfield_12310420" key="com.pyxis.greenhopper.jira:gh-global-rank">
                        <customfieldname>Global Rank</customfieldname>
                        <customfieldvalues>
                            <customfieldvalue>386023</customfieldvalue>
                        </customfieldvalues>
                    </customfield>
                                                                                                                                                                                                                                                                                                                                                                                                                                                                        <customfield id="customfield_12311820" key="com.pyxis.greenhopper.jira:gh-lexo-rank">
                        <customfieldname>Rank</customfieldname>
                        <customfieldvalues>
                            <customfieldvalue>0|i1ui13:</customfieldvalue>

                        </customfieldvalues>
                    </customfield>
                                                                <customfield id="customfield_12310920" key="com.pyxis.greenhopper.jira:gh-global-rank">
                        <customfieldname>Rank (Obsolete)</customfieldname>
                        <customfieldvalues>
                            <customfieldvalue>386287</customfieldvalue>
                        </customfieldvalues>
                    </customfield>
                                                                                                                                                                                                                                                                                                                                                                                                                                                                                                                                                                                                                                                                                                                                                                                            </customfields>
    </item>


</channel>
</rss>