<rss version="0.92">
    <channel>
        <title>ASF JIRA</title>
        <link>https://issues.apache.org/jira/issues/?jql=project+%3D+wicket+and+type+%3D+bug+and+%28status+%3D+RESOLVED+or+status+%3D+closed%29</link>
        <description>An XML representation of a search request</description>
                <language>en-uk</language>
                        <issue start="0" end="1000" total="4133" />
                <build-info>
            <version>8.20.7</version>
            <build-number>820007</build-number>
            <build-date>16-03-2022</build-date>
        </build-info>

<item>
            <title>[WICKET-5487] Request-scoped @SpringBean scoped-proxy throws IllegalStateException inside Atmosphere @Subscribe handler method</title>
                <link>https://issues.apache.org/jira/browse/WICKET-5487</link>
                <project id="12310561" key="WICKET">Wicket</project>
                    <description>&lt;p&gt;Request-scoped &lt;tt&gt;@SpringBean&lt;/tt&gt;'s work well in plain {{WebPage}}s. Where the bean is powered by a scoped-proxy.&lt;/p&gt;

&lt;p&gt;However, something like this:&lt;/p&gt;

&lt;div class="code panel" style="border-width: 1px;"&gt;&lt;div class="codeContent panelContent"&gt;
&lt;pre class="code-java"&gt;&lt;span class="code-keyword"&gt;import&lt;/span&gt; org.apache.wicket.atmosphere.Subscribe;

	@SpringBean
	&lt;span class="code-keyword"&gt;private&lt;/span&gt; TenantRef tenant;

	@Subscribe
	&lt;span class="code-keyword"&gt;public&lt;/span&gt; void updatePlaceProgress(AjaxRequestTarget target, PlaceProgressGenerated ev) {
		&lt;span class="code-keyword"&gt;if&lt;/span&gt; (ev.getTenantId().equals(tenant.getTenantId())) {
			log.debug(&lt;span class="code-quote"&gt;"[{}] updating placeProgressTable due to PlaceProgressGenerated {} with {} places"&lt;/span&gt;,
					tenant.getTenantId(), ev.getGenerationTime(), ev.getPlaceCompletions().size());
			target.add(placeProgressTable);
		}
	}
&lt;/pre&gt;
&lt;/div&gt;&lt;/div&gt;

&lt;p&gt;will throw:&lt;/p&gt;

&lt;div class="code panel" style="border-width: 1px;"&gt;&lt;div class="codeContent panelContent"&gt;
&lt;pre class="code-java"&gt;java.lang.IllegalStateException

No thread-bound request found: Are you referring to request attributes outside of an actual web request, or processing a request outside of the originally receiving thread? If you are actually operating within a web request and still receive &lt;span class="code-keyword"&gt;this&lt;/span&gt; message, your code is probably running outside of DispatcherServlet/DispatcherPortlet: In &lt;span class="code-keyword"&gt;this&lt;/span&gt; &lt;span class="code-keyword"&gt;case&lt;/span&gt;, use RequestContextListener or RequestContextFilter to expose the current request.

at&#160;org.springframework.web.context.request.RequestContextHolder.currentRequestAttributes(RequestContextHolder.java:131)&#160;~[spring-web-3.2.6.RELEASE.jar:3.2.6.RELEASE]

at&#160;org.soluvas.commons.tenant.RequestOrCommandScope.currentRequestAttributes(RequestOrCommandScope.java:42)&#160;~[classes/:na]

at&#160;org.soluvas.commons.tenant.RequestOrCommandScope.get(RequestOrCommandScope.java:51)&#160;~[classes/:na]

at&#160;org.springframework.beans.factory.support.AbstractBeanFactory.doGetBean(AbstractBeanFactory.java:330)&#160;~[spring-beans-3.2.6.RELEASE.jar:3.2.6.RELEASE]

at&#160;org.springframework.beans.factory.support.AbstractBeanFactory.getBean(AbstractBeanFactory.java:194)&#160;~[spring-beans-3.2.6.RELEASE.jar:3.2.6.RELEASE]

at&#160;org.springframework.aop.target.SimpleBeanTargetSource.getTarget(SimpleBeanTargetSource.java:34)&#160;~[spring-aop-3.2.6.RELEASE.jar:3.2.6.RELEASE]

at&#160;org.springframework.aop.framework.JdkDynamicAopProxy.invoke(JdkDynamicAopProxy.java:184)&#160;~[spring-aop-3.2.6.RELEASE.jar:3.2.6.RELEASE]

at&#160;com.sun.proxy.$Proxy35.getTenantId(Unknown Source)&#160;~[$Proxy35.&lt;span class="code-keyword"&gt;class:&lt;/span&gt;na]

at&#160;sun.reflect.GeneratedMethodAccessor87.invoke(Unknown Source)&#160;~[na:na]

at&#160;sun.reflect.DelegatingMethodAccessorImpl.invoke(DelegatingMethodAccessorImpl.java:43)&#160;~[na:1.7.0_25]

at&#160;java.lang.reflect.Method.invoke(Method.java:606)&#160;~[na:1.7.0_25]

at&#160;org.apache.wicket.proxy.LazyInitProxyFactory$JdkHandler.invoke(LazyInitProxyFactory.java:435)&#160;~[wicket-ioc-6.13.0.jar:6.13.0]

at&#160;com.sun.proxy.$Proxy162.getTenantId(Unknown Source)&#160;~[$Proxy162.&lt;span class="code-keyword"&gt;class:&lt;/span&gt;na]

at&#160;com.quikdo.guardian.web.GuardianOverviewPage.updatePlaceProgress(GuardianOverviewPage.java:98)&#160;~[classes/:na]

at&#160;sun.reflect.NativeMethodAccessorImpl.invoke0(Native Method)(NativeMethodAccessorImpl.java)&#160;~[na:1.7.0_25]

at&#160;sun.reflect.NativeMethodAccessorImpl.invoke(NativeMethodAccessorImpl.java:57)&#160;~[na:1.7.0_25]

at&#160;sun.reflect.DelegatingMethodAccessorImpl.invoke(DelegatingMethodAccessorImpl.java:43)&#160;~[na:1.7.0_25]

at&#160;java.lang.reflect.Method.invoke(Method.java:606)&#160;~[na:1.7.0_25]

at&#160;com.zeroturnaround.javarebel.uV.invoke(JRebel:1078)&#160;~[na:201312230953]

at&#160;java.lang.reflect.Method.invoke(Method.java)&#160;~[na:1.7.0_25]

at&#160;org.apache.wicket.atmosphere.SubscribeAnnotationEventSubscriptionInvoker.invoke(SubscribeAnnotationEventSubscriptionInvoker.java:43)&#160;~[wicket-atmosphere-0.16.jar:0.16]

at&#160;org.apache.wicket.atmosphere.AtmosphereRequestHandler.invokeMethod(AtmosphereRequestHandler.java:104)&#160;~[wicket-atmosphere-0.16.jar:0.16]

at&#160;org.apache.wicket.atmosphere.AtmosphereRequestHandler.executeHandlers(AtmosphereRequestHandler.java:81)&#160;~[wicket-atmosphere-0.16.jar:0.16]

at&#160;org.apache.wicket.atmosphere.AtmosphereRequestHandler.respond(AtmosphereRequestHandler.java:70)&#160;~[wicket-atmosphere-0.16.jar:0.16]

at&#160;org.apache.wicket.request.cycle.RequestCycle$HandlerExecutor.respond(RequestCycle.java:861)&#160;~[wicket-core-6.13.0.jar:6.13.0]

at&#160;org.apache.wicket.request.RequestHandlerStack.execute(RequestHandlerStack.java:64)&#160;~[wicket-request-6.13.0.jar:6.13.0]

at&#160;org.apache.wicket.request.cycle.RequestCycle.execute(RequestCycle.java:261)&#160;~[wicket-core-6.13.0.jar:6.13.0]

at&#160;org.apache.wicket.request.cycle.RequestCycle.processRequest(RequestCycle.java:218)&#160;~[wicket-core-6.13.0.jar:6.13.0]

at&#160;org.apache.wicket.request.cycle.RequestCycle.processRequestAndDetach(RequestCycle.java:289)&#160;~[wicket-core-6.13.0.jar:6.13.0]

at&#160;org.apache.wicket.atmosphere.EventBus.post(EventBus.java:372)&#160;~[wicket-atmosphere-0.16.jar:0.16]

at&#160;org.apache.wicket.atmosphere.EventBus.postToSingleResource(EventBus.java:348)&#160;~[wicket-atmosphere-0.16.jar:0.16]

at&#160;org.apache.wicket.atmosphere.EventBus.post(EventBus.java:323)&#160;~[wicket-atmosphere-0.16.jar:0.16]

at&#160;org.soluvas.web.site.AtmosphereApplication.bridgeToAtmosphere(AtmosphereApplication.java:58)&#160;~[classes/:na]

at&#160;sun.reflect.NativeMethodAccessorImpl.invoke0(Native Method)(NativeMethodAccessorImpl.java)&#160;~[na:1.7.0_25]

at&#160;sun.reflect.NativeMethodAccessorImpl.invoke(NativeMethodAccessorImpl.java:57)&#160;~[na:1.7.0_25]

at&#160;sun.reflect.DelegatingMethodAccessorImpl.invoke(DelegatingMethodAccessorImpl.java:43)&#160;~[na:1.7.0_25]

at&#160;java.lang.reflect.Method.invoke(Method.java:606)&#160;~[na:1.7.0_25]

at&#160;com.google.common.eventbus.EventHandler.handleEvent(EventHandler.java:74)&#160;~[guava-15.0.jar:na]

at&#160;com.google.common.eventbus.SynchronizedEventHandler.handleEvent(SynchronizedEventHandler.java:47)&#160;~[guava-15.0.jar:na]

at&#160;com.google.common.eventbus.EventBus.dispatch(EventBus.java:314)&#160;~[guava-15.0.jar:na]

at&#160;com.google.common.eventbus.AsyncEventBus.access$001(AsyncEventBus.java:34)&#160;~[guava-15.0.jar:na]

at&#160;com.google.common.eventbus.AsyncEventBus$1.run(AsyncEventBus.java:100)&#160;~[guava-15.0.jar:na]

at&#160;java.util.concurrent.ThreadPoolExecutor.runWorker(ThreadPoolExecutor.java:1145)&#160;~[na:1.7.0_25]

at&#160;java.util.concurrent.ThreadPoolExecutor$Worker.run(ThreadPoolExecutor.java:615)&#160;~[na:1.7.0_25]

at&#160;java.lang.&lt;span class="code-object"&gt;Thread&lt;/span&gt;.run(&lt;span class="code-object"&gt;Thread&lt;/span&gt;.java:724)&#160;~[na:1.7.0_25]
&lt;/pre&gt;
&lt;/div&gt;&lt;/div&gt;

&lt;p&gt;It's understandable because the original web request had already been gone at the time the &lt;tt&gt;@Subscribe&lt;/tt&gt; triggered.&lt;/p&gt;

&lt;p&gt;However, if this works as intended, what is the proper way to access beans "as it was during the original request"?&lt;/p&gt;</description>
                <environment>Atmosphere 2.0.7, Tomcat 7.0</environment>
        <key id="12691015">WICKET-5487</key>
            <summary>Request-scoped @SpringBean scoped-proxy throws IllegalStateException inside Atmosphere @Subscribe handler method</summary>
                <type id="1" iconUrl="https://issues.apache.org/jira/secure/viewavatar?size=xsmall&amp;avatarId=21133&amp;avatarType=issuetype">Bug</type>
                                            <priority id="3" iconUrl="https://issues.apache.org/jira/images/icons/priorities/major.svg">Major</priority>
                        <status id="6" iconUrl="https://issues.apache.org/jira/images/icons/statuses/closed.png" description="The issue is considered finished, the resolution is correct. Issues which are not closed can be reopened.">Closed</status>
                    <statusCategory id="3" key="done" colorName="green" />
                                    <resolution id="2">Won't Fix</resolution>
                                        <assignee username="papegaaij">Emond Papegaaij</assignee>
                                    <reporter username="ceefour">Hendy Irawan</reporter>
                        <labels>
                    </labels>
                <created>Fri, 24 Jan 2014 11:05:08 +0000</created>
                <updated>Wed, 14 May 2014 18:43:58 +0000</updated>
                            <resolved>Wed, 14 May 2014 18:43:58 +0000</resolved>
                                    <version>6.13.0</version>
                                                    <component>wicket-atmosphere</component>
                        <due />
                            <votes>0</votes>
                                    <watches>3</watches>
                                                                <comments>
                            <comment id="13888893" author="mgrigorov" created="Sun, 2 Feb 2014 10:43:52 +0000">&lt;p&gt;&lt;a href="http://wicket.apache.org/guide/guide/nativewebsockets.html#nativewebsockets_6" class="external-link" target="_blank" rel="nofollow noopener"&gt;http://wicket.apache.org/guide/guide/nativewebsockets.html#nativewebsockets_6&lt;/a&gt;&lt;/p&gt;

&lt;p&gt;Wicket integration with Spring just provides a way to get Spring beans that can be serialized with the page, i.e. wraps the bean in a serializable proxy. Nothing more.&lt;/p&gt;

&lt;p&gt;Since WebSocket communication is not intercepted by Servlet Filters Spring has no chance to inject the special session/request attributes it needs to be able to properly resolve scoped beans.&lt;/p&gt;

&lt;p&gt;Since 4.x Spring provides support for WebSockets. Maybe they provide APIs that libraries like Atmosphere can use to make this possible.&lt;br/&gt;
As I can see you use Spring 3.2.6.&lt;/p&gt;</comment>
                            <comment id="13892455" author="mgrigorov" created="Wed, 5 Feb 2014 19:21:03 +0000">&lt;p&gt;Even Spring 4.x does not support this in 4.0.x: &lt;a href="https://jira.springsource.org/browse/SPR-11305" class="external-link" target="_blank" rel="nofollow noopener"&gt;https://jira.springsource.org/browse/SPR-11305&lt;/a&gt;&lt;br/&gt;
For 4.1.x they may implement WebSocketSession scope, but this is not the same as http request-scoped or session-scoped beans.&lt;/p&gt;</comment>
                            <comment id="13894224" author="ceefour" created="Fri, 7 Feb 2014 06:08:24 +0000">&lt;p&gt;seems very complex.&lt;/p&gt;

&lt;p&gt;Is it possible to wrap the exception using a more specific sounding error message? currently the IllegalStateException is too generic. A bit of suggestion:&lt;/p&gt;

&lt;p&gt;java.lang.IllegalStateException: Request-scoped beans are not yet supported for Atmosphere request "&amp;lt;request-ID-or-something&amp;gt;". See &lt;a href="https://issues.apache.org/jira/browse/WICKET-5487" class="external-link" rel="nofollow"&gt;https://issues.apache.org/jira/browse/WICKET-5487&lt;/a&gt; and &lt;a href="https://jira.springsource.org/browse/SPR-11305" class="external-link" target="_blank" rel="nofollow noopener"&gt;https://jira.springsource.org/browse/SPR-11305&lt;/a&gt; for details.&lt;/p&gt;</comment>
                            <comment id="13997878" author="papegaaij" created="Wed, 14 May 2014 18:43:58 +0000">&lt;p&gt;As stated by Martin, this is not an issue caused by Wicket, but by spring not supporting WS-connections. You might take a look at CDI/Weld, they might support @RequestScoped beans in a WS-connections, although this seems to suggest otherwise: &lt;a href="https://issues.jboss.org/browse/CDI-370" class="external-link" target="_blank" rel="nofollow noopener"&gt;https://issues.jboss.org/browse/CDI-370&lt;/a&gt;&lt;/p&gt;</comment>
                    </comments>
                    <attachments>
                    </attachments>
                <subtasks>
                    </subtasks>
                <customfields>
                                                                                                                                                                                                                                                                                                                                                                                                                                                                                                                                                                                                                                                                                                                    <customfield id="customfield_12314020" key="com.atlassian.jira.plugins.jira-development-integration-plugin:devsummary">
                        <customfieldname>Development</customfieldname>
                        <customfieldvalues>
                            
                        </customfieldvalues>
                    </customfield>
                                                                                                                        <customfield id="customfield_12313422" key="com.atlassian.jirafisheyeplugin:jobcheckbox">
                        <customfieldname>Enable Automatic Patch Review</customfieldname>
                        <customfieldvalues>
                            <customfieldvalue>false</customfieldvalue>

                        </customfieldvalues>
                    </customfield>
                                                                                                                                                                                                                                                                                                                                                                                                                                                                                                                                                                                                                    <customfield id="customfield_12310420" key="com.pyxis.greenhopper.jira:gh-global-rank">
                        <customfieldname>Global Rank</customfieldname>
                        <customfieldvalues>
                            <customfieldvalue>369758</customfieldvalue>
                        </customfieldvalues>
                    </customfield>
                                                                                                                                                                                                                                                                                                                                                                                                                                                                        <customfield id="customfield_12311820" key="com.pyxis.greenhopper.jira:gh-lexo-rank">
                        <customfieldname>Rank</customfieldname>
                        <customfieldvalues>
                            <customfieldvalue>0|i1rq9b:</customfieldvalue>

                        </customfieldvalues>
                    </customfield>
                                                                <customfield id="customfield_12310920" key="com.pyxis.greenhopper.jira:gh-global-rank">
                        <customfieldname>Rank (Obsolete)</customfieldname>
                        <customfieldvalues>
                            <customfieldvalue>370059</customfieldvalue>
                        </customfieldvalues>
                    </customfield>
                                                                                                                                                                                                                                                                                                                                                                                                                                                                                                                                                                                                                                                                                                                                                                                            </customfields>
    </item>


</channel>
</rss>