<rss version="0.92">
    <channel>
        <title>ASF JIRA</title>
        <link>https://issues.apache.org/jira/issues/?jql=project+%3D+wicket+and+type+%3D+bug+and+%28status+%3D+RESOLVED+or+status+%3D+closed%29</link>
        <description>An XML representation of a search request</description>
                <language>en-uk</language>
                        <issue start="0" end="1000" total="4133" />
                <build-info>
            <version>8.20.7</version>
            <build-number>820007</build-number>
            <build-date>16-03-2022</build-date>
        </build-info>

<item>
            <title>[WICKET-5874] WicketTester TagTester does not work as expected when using non self closing tags</title>
                <link>https://issues.apache.org/jira/browse/WICKET-5874</link>
                <project id="12310561" key="WICKET">Wicket</project>
                    <description>&lt;p&gt;WicketTester TagTester does not work as expected when using non self closing tags.&lt;/p&gt;

&lt;p&gt;&lt;b&gt;WicketTester code&lt;/b&gt;&lt;/p&gt;
&lt;div class="code panel" style="border-width: 1px;"&gt;&lt;div class="codeContent panelContent"&gt;
&lt;pre class="code-java"&gt;TagTester tagTester = wicketTesterInstance.getTagByWicketId(&lt;span class="code-quote"&gt;"someInputId"&lt;/span&gt;);
&lt;/pre&gt;
&lt;/div&gt;&lt;/div&gt;

&lt;p&gt;&lt;b&gt;This does not work, &lt;em&gt;tagTester&lt;/em&gt; is null:&lt;/b&gt;&lt;/p&gt;
&lt;div class="code panel" style="border-width: 1px;"&gt;&lt;div class="codeContent panelContent"&gt;
&lt;pre class="code-java"&gt;&amp;lt;input wicket:id=&lt;span class="code-quote"&gt;"someInputId"&lt;/span&gt;&amp;gt;
&lt;/pre&gt;
&lt;/div&gt;&lt;/div&gt;

&lt;p&gt;&lt;b&gt;This works as expected:&lt;/b&gt;&lt;/p&gt;
&lt;div class="code panel" style="border-width: 1px;"&gt;&lt;div class="codeContent panelContent"&gt;
&lt;pre class="code-java"&gt;&amp;lt;input wicket:id=&lt;span class="code-quote"&gt;"someInputId"&lt;/span&gt;/&amp;gt;
&lt;/pre&gt;
&lt;/div&gt;&lt;/div&gt;

&lt;p&gt;Found using Wicket version 6.17.&lt;/p&gt;</description>
                <environment />
        <key id="12818876">WICKET-5874</key>
            <summary>WicketTester TagTester does not work as expected when using non self closing tags</summary>
                <type id="1" iconUrl="https://issues.apache.org/jira/secure/viewavatar?size=xsmall&amp;avatarId=21133&amp;avatarType=issuetype">Bug</type>
                                            <priority id="4" iconUrl="https://issues.apache.org/jira/images/icons/priorities/minor.svg">Minor</priority>
                        <status id="5" iconUrl="https://issues.apache.org/jira/images/icons/statuses/resolved.png" description="A resolution has been taken, and it is awaiting verification by reporter. From here issues are either reopened, or are closed.">Resolved</status>
                    <statusCategory id="3" key="done" colorName="green" />
                                    <resolution id="1">Fixed</resolution>
                                        <assignee username="mgrigorov">Martin Tzvetanov Grigorov</assignee>
                                    <reporter username="ostlund">Per &#214;stlund</reporter>
                        <labels>
                    </labels>
                <created>Tue, 7 Apr 2015 09:53:13 +0000</created>
                <updated>Tue, 7 Apr 2015 12:23:40 +0000</updated>
                            <resolved>Tue, 7 Apr 2015 12:23:40 +0000</resolved>
                                                    <fixVersion>6.20.0</fixVersion>
                    <fixVersion>7.0.0-M6</fixVersion>
                                        <due />
                            <votes>0</votes>
                                    <watches>2</watches>
                                                                <comments>
                            <comment id="14483086" author="jira-bot" created="Tue, 7 Apr 2015 12:23:24 +0000">&lt;p&gt;Commit 7fa2d45eb74e0447950bb5e8826846069f34d204 in wicket's branch refs/heads/wicket-6.x from &lt;a href="https://issues.apache.org/jira/secure/ViewProfile.jspa?name=mgrigorov" class="user-hover" rel="mgrigorov"&gt;mgrigorov&lt;/a&gt;&lt;br/&gt;
[ &lt;a href="https://git-wip-us.apache.org/repos/asf?p=wicket.git;h=7fa2d45" class="external-link" target="_blank" rel="nofollow noopener"&gt;https://git-wip-us.apache.org/repos/asf?p=wicket.git;h=7fa2d45&lt;/a&gt; ]&lt;/p&gt;

&lt;p&gt;&lt;a href="https://issues.apache.org/jira/browse/WICKET-5874" title="WicketTester TagTester does not work as expected when using non self closing tags" class="issue-link" data-issue-key="WICKET-5874"&gt;&lt;del&gt;WICKET-5874&lt;/del&gt;&lt;/a&gt; WicketTester TagTester does not work as expected when using non self closing tags&lt;/p&gt;</comment>
                            <comment id="14483087" author="jira-bot" created="Tue, 7 Apr 2015 12:23:35 +0000">&lt;p&gt;Commit 907f891af1a158ef015e7fcd70e0c997b227d22a in wicket's branch refs/heads/master from &lt;a href="https://issues.apache.org/jira/secure/ViewProfile.jspa?name=mgrigorov" class="user-hover" rel="mgrigorov"&gt;mgrigorov&lt;/a&gt;&lt;br/&gt;
[ &lt;a href="https://git-wip-us.apache.org/repos/asf?p=wicket.git;h=907f891" class="external-link" target="_blank" rel="nofollow noopener"&gt;https://git-wip-us.apache.org/repos/asf?p=wicket.git;h=907f891&lt;/a&gt; ]&lt;/p&gt;

&lt;p&gt;&lt;a href="https://issues.apache.org/jira/browse/WICKET-5874" title="WicketTester TagTester does not work as expected when using non self closing tags" class="issue-link" data-issue-key="WICKET-5874"&gt;&lt;del&gt;WICKET-5874&lt;/del&gt;&lt;/a&gt; WicketTester TagTester does not work as expected when using non self closing tags&lt;/p&gt;

&lt;p&gt;(cherry picked from commit 7fa2d45eb74e0447950bb5e8826846069f34d204)&lt;/p&gt;</comment>
                    </comments>
                    <attachments>
                    </attachments>
                <subtasks>
                    </subtasks>
                <customfields>
                                                                                                                                                                                                                                                                                                                                                                                                                                                                                                                                                                                                                                                                                                                    <customfield id="customfield_12314020" key="com.atlassian.jira.plugins.jira-development-integration-plugin:devsummary">
                        <customfieldname>Development</customfieldname>
                        <customfieldvalues>
                            
                        </customfieldvalues>
                    </customfield>
                                                                                                                        <customfield id="customfield_12313422" key="com.atlassian.jirafisheyeplugin:jobcheckbox">
                        <customfieldname>Enable Automatic Patch Review</customfieldname>
                        <customfieldvalues>
                            <customfieldvalue>false</customfieldvalue>

                        </customfieldvalues>
                    </customfield>
                                                                                                                                                                                                                                                                                                                                                                                                                                                                                                                                                                                                                    <customfield id="customfield_12310420" key="com.pyxis.greenhopper.jira:gh-global-rank">
                        <customfieldname>Global Rank</customfieldname>
                        <customfieldvalues>
                            <customfieldvalue>9223372036854775807</customfieldvalue>
                        </customfieldvalues>
                    </customfield>
                                                                                                                                                                                                                                                                                                                                                                                                                                                                        <customfield id="customfield_12311820" key="com.pyxis.greenhopper.jira:gh-lexo-rank">
                        <customfieldname>Rank</customfieldname>
                        <customfieldvalues>
                            <customfieldvalue>0|i2cwev:</customfieldvalue>

                        </customfieldvalues>
                    </customfield>
                                                                <customfield id="customfield_12310920" key="com.pyxis.greenhopper.jira:gh-global-rank">
                        <customfieldname>Rank (Obsolete)</customfieldname>
                        <customfieldvalues>
                            <customfieldvalue>9223372036854775807</customfieldvalue>
                        </customfieldvalues>
                    </customfield>
                                                                                                                                                                                                                                                                                                                                                                                                                                                                                                                                                                                                                                                                                                                                                                                            </customfields>
    </item>


</channel>
</rss>