<rss version="0.92">
    <channel>
        <title>ASF JIRA</title>
        <link>https://issues.apache.org/jira/issues/?jql=project+%3D+wicket+and+type+%3D+bug+and+%28status+%3D+RESOLVED+or+status+%3D+closed%29</link>
        <description>An XML representation of a search request</description>
                <language>en-uk</language>
                        <issue start="0" end="1000" total="4133" />
                <build-info>
            <version>8.20.7</version>
            <build-number>820007</build-number>
            <build-date>16-03-2022</build-date>
        </build-info>

<item>
            <title>[WICKET-5711] OnChangeAjaxBehavior should listen for both 'inputchange' and 'change' events for TextField and TextArea</title>
                <link>https://issues.apache.org/jira/browse/WICKET-5711</link>
                <project id="12310561" key="WICKET">Wicket</project>
                    <description>&lt;p&gt;&lt;a href="https://issues.apache.org/jira/browse/WICKET-5603" title="OnChangeAjaxBehavior attached to DropDownChoice produces two Ajax requests in Chrome v35" class="issue-link" data-issue-key="WICKET-5603"&gt;&lt;del&gt;WICKET-5603&lt;/del&gt;&lt;/a&gt; introduced a regression that a TextField using OnChangeAjaxBehavior doesn't work anymore when used as date picker, or Select2.&lt;br/&gt;
The problem is that usually extensions like DatePicker and Select2 will fire 'change' event when they update the text input.&lt;/p&gt;

&lt;p&gt;OnChangeAjaxBehavior should use both 'inputchange" and "change" events for TextField and TextArea components.&lt;/p&gt;</description>
                <environment />
        <key id="12744932">WICKET-5711</key>
            <summary>OnChangeAjaxBehavior should listen for both 'inputchange' and 'change' events for TextField and TextArea</summary>
                <type id="1" iconUrl="https://issues.apache.org/jira/secure/viewavatar?size=xsmall&amp;avatarId=21133&amp;avatarType=issuetype">Bug</type>
                                            <priority id="3" iconUrl="https://issues.apache.org/jira/images/icons/priorities/major.svg">Major</priority>
                        <status id="5" iconUrl="https://issues.apache.org/jira/images/icons/statuses/resolved.png" description="A resolution has been taken, and it is awaiting verification by reporter. From here issues are either reopened, or are closed.">Resolved</status>
                    <statusCategory id="3" key="done" colorName="green" />
                                    <resolution id="1">Fixed</resolution>
                                        <assignee username="mgrigorov">Martin Tzvetanov Grigorov</assignee>
                                    <reporter username="mgrigorov">Martin Tzvetanov Grigorov</reporter>
                        <labels>
                    </labels>
                <created>Tue, 30 Sep 2014 12:41:14 +0000</created>
                <updated>Tue, 30 Sep 2014 13:40:05 +0000</updated>
                            <resolved>Tue, 30 Sep 2014 13:02:11 +0000</resolved>
                                    <version>6.17.0</version>
                                    <fixVersion>6.18.0</fixVersion>
                    <fixVersion>7.0.0-M4</fixVersion>
                                    <component>wicket</component>
                        <due />
                            <votes>0</votes>
                                    <watches>3</watches>
                                                                <comments>
                            <comment id="14153132" author="jira-bot" created="Tue, 30 Sep 2014 12:55:52 +0000">&lt;p&gt;Commit 6501ab7396e888b0eccd70b0b502334a69c823a8 in wicket's branch refs/heads/wicket-6.x from &lt;a href="https://issues.apache.org/jira/secure/ViewProfile.jspa?name=mgrigorov" class="user-hover" rel="mgrigorov"&gt;mgrigorov&lt;/a&gt;&lt;br/&gt;
[ &lt;a href="https://git-wip-us.apache.org/repos/asf?p=wicket.git;h=6501ab7" class="external-link" target="_blank" rel="nofollow noopener"&gt;https://git-wip-us.apache.org/repos/asf?p=wicket.git;h=6501ab7&lt;/a&gt; ]&lt;/p&gt;

&lt;p&gt;&lt;a href="https://issues.apache.org/jira/browse/WICKET-5711" title="OnChangeAjaxBehavior should listen for both &amp;#39;inputchange&amp;#39; and &amp;#39;change&amp;#39; events for TextField and TextArea" class="issue-link" data-issue-key="WICKET-5711"&gt;&lt;del&gt;WICKET-5711&lt;/del&gt;&lt;/a&gt; OnChangeAjaxBehavior should listen for both 'inputchange' and 'change' events for TextField and TextArea&lt;/p&gt;</comment>
                            <comment id="14153135" author="jira-bot" created="Tue, 30 Sep 2014 12:59:53 +0000">&lt;p&gt;Commit 5837817c94c7bb707f187526fb4e4e084f10d8f3 in wicket's branch refs/heads/master from &lt;a href="https://issues.apache.org/jira/secure/ViewProfile.jspa?name=mgrigorov" class="user-hover" rel="mgrigorov"&gt;mgrigorov&lt;/a&gt;&lt;br/&gt;
[ &lt;a href="https://git-wip-us.apache.org/repos/asf?p=wicket.git;h=5837817" class="external-link" target="_blank" rel="nofollow noopener"&gt;https://git-wip-us.apache.org/repos/asf?p=wicket.git;h=5837817&lt;/a&gt; ]&lt;/p&gt;

&lt;p&gt;&lt;a href="https://issues.apache.org/jira/browse/WICKET-5711" title="OnChangeAjaxBehavior should listen for both &amp;#39;inputchange&amp;#39; and &amp;#39;change&amp;#39; events for TextField and TextArea" class="issue-link" data-issue-key="WICKET-5711"&gt;&lt;del&gt;WICKET-5711&lt;/del&gt;&lt;/a&gt; OnChangeAjaxBehavior should listen for both 'inputchange' and 'change' events for TextField and TextArea&lt;/p&gt;

&lt;p&gt;(cherry picked from commit 6501ab7396e888b0eccd70b0b502334a69c823a8)&lt;/p&gt;

&lt;p&gt;Conflicts:&lt;br/&gt;
	wicket-core/src/main/java/org/apache/wicket/ajax/form/OnChangeAjaxBehavior.java&lt;br/&gt;
	wicket-core/src/test/java/org/apache/wicket/ajax/form/OnChangeAjaxBehaviorTestPage_expected.html&lt;/p&gt;</comment>
                            <comment id="14153138" author="mgrigorov" created="Tue, 30 Sep 2014 13:02:11 +0000">&lt;p&gt;Fixed it by using both "inputchange" and "change" for text field and area. And just "change" for everything else.&lt;/p&gt;

&lt;p&gt;&lt;a href="https://issues.apache.org/jira/secure/ViewProfile.jspa?name=svenmeier" class="user-hover" rel="svenmeier"&gt;svenmeier&lt;/a&gt; I like this approach better than the one with the warning in 6.x and exception in 7.x because there is a way to support them without limitations.&lt;br/&gt;
Please reopen if you don't agree.&lt;/p&gt;</comment>
                            <comment id="14153165" author="svenmeier" created="Tue, 30 Sep 2014 13:40:05 +0000">&lt;p&gt;I'm fine with this change now. Thanks!&lt;/p&gt;</comment>
                    </comments>
                <issuelinks>
                            <issuelinktype id="12310050">
                    <name>Regression</name>
                                                                <inwardlinks description="is broken by">
                                        <issuelink>
            <issuekey id="12717112">WICKET-5603</issuekey>
        </issuelink>
                            </inwardlinks>
                                    </issuelinktype>
                    </issuelinks>
                <attachments>
                    </attachments>
                <subtasks>
                    </subtasks>
                <customfields>
                                                                                                                                                                                                                                                                                                                                                                                                                                                                                                                                                                                                                                                                                                                    <customfield id="customfield_12314020" key="com.atlassian.jira.plugins.jira-development-integration-plugin:devsummary">
                        <customfieldname>Development</customfieldname>
                        <customfieldvalues>
                            
                        </customfieldvalues>
                    </customfield>
                                                                                                                        <customfield id="customfield_12313422" key="com.atlassian.jirafisheyeplugin:jobcheckbox">
                        <customfieldname>Enable Automatic Patch Review</customfieldname>
                        <customfieldvalues>
                            <customfieldvalue>false</customfieldvalue>

                        </customfieldvalues>
                    </customfield>
                                                                                                                                                                                                                                                                                                                                                                                                                                                                                                                                                                                                                    <customfield id="customfield_12310420" key="com.pyxis.greenhopper.jira:gh-global-rank">
                        <customfieldname>Global Rank</customfieldname>
                        <customfieldvalues>
                            <customfieldvalue>9223372036854775807</customfieldvalue>
                        </customfieldvalues>
                    </customfield>
                                                                                                                                                                                                                                                                                                                                                                                                                                                                        <customfield id="customfield_12311820" key="com.pyxis.greenhopper.jira:gh-lexo-rank">
                        <customfieldname>Rank</customfieldname>
                        <customfieldvalues>
                            <customfieldvalue>0|i20mqv:</customfieldvalue>

                        </customfieldvalues>
                    </customfield>
                                                                <customfield id="customfield_12310920" key="com.pyxis.greenhopper.jira:gh-global-rank">
                        <customfieldname>Rank (Obsolete)</customfieldname>
                        <customfieldvalues>
                            <customfieldvalue>9223372036854775807</customfieldvalue>
                        </customfieldvalues>
                    </customfield>
                                                                                                                                                                                                                                                                                                                                                                                                                                                                                                                                                                                                                                                                                                                                                                                            </customfields>
    </item>


</channel>
</rss>