<rss version="0.92">
    <channel>
        <title>ASF JIRA</title>
        <link>https://issues.apache.org/jira/issues/?jql=project+%3D+wicket+and+type+%3D+bug+and+%28status+%3D+RESOLVED+or+status+%3D+closed%29</link>
        <description>An XML representation of a search request</description>
                <language>en-uk</language>
                        <issue start="0" end="1000" total="4133" />
                <build-info>
            <version>8.20.7</version>
            <build-number>820007</build-number>
            <build-date>16-03-2022</build-date>
        </build-info>

<item>
            <title>[WICKET-5224] ModalWindow is not visible in Safari when opened from a link at the bottom of a large page</title>
                <link>https://issues.apache.org/jira/browse/WICKET-5224</link>
                <project id="12310561" key="WICKET">Wicket</project>
                    <description>&lt;p&gt;I am not able to see a ModalWindow in Safari and I expect to see it centered on my view port.&lt;/p&gt;

&lt;p&gt;Steps:&lt;br/&gt;
1. Start with a large web page with a link to open the ModalWindow at the bottom of the page.  You need a large page where you have to scroll down to find the link.&lt;br/&gt;
2. Click the link&lt;br/&gt;
3. Observe that the mask for the ModalWindow displays, but the ModalWindow does not.  Scrolling back up, re-sizing, and maximizing will still not display the ModalWindow.&lt;/p&gt;</description>
                <environment>Safari 5.1.7 (7534.57.2) Windows, Safari (iOS 6.1.3)</environment>
        <key id="12652222">WICKET-5224</key>
            <summary>ModalWindow is not visible in Safari when opened from a link at the bottom of a large page</summary>
                <type id="1" iconUrl="https://issues.apache.org/jira/secure/viewavatar?size=xsmall&amp;avatarId=21133&amp;avatarType=issuetype">Bug</type>
                                            <priority id="3" iconUrl="https://issues.apache.org/jira/images/icons/priorities/major.svg">Major</priority>
                        <status id="5" iconUrl="https://issues.apache.org/jira/images/icons/statuses/resolved.png" description="A resolution has been taken, and it is awaiting verification by reporter. From here issues are either reopened, or are closed.">Resolved</status>
                    <statusCategory id="3" key="done" colorName="green" />
                                    <resolution id="1">Fixed</resolution>
                                        <assignee username="ivaynberg">Igor Vaynberg</assignee>
                                    <reporter username="jeredm@maplewoodsoftware.com">Jered Myers</reporter>
                        <labels>
                    </labels>
                <created>Tue, 11 Jun 2013 15:25:43 +0000</created>
                <updated>Fri, 16 Jan 2015 18:51:28 +0000</updated>
                            <resolved>Sat, 14 Jun 2014 11:46:43 +0000</resolved>
                                    <version>6.8.0</version>
                    <version>6.15.0</version>
                                    <fixVersion>6.13.0</fixVersion>
                    <fixVersion>7.0.0-M1</fixVersion>
                                    <component>wicket-extensions</component>
                        <due />
                            <votes>0</votes>
                                    <watches>6</watches>
                                    <timeoriginalestimate seconds="3600">1h</timeoriginalestimate>
                            <timeestimate seconds="3600">1h</timeestimate>
                                        <comments>
                            <comment id="13680465" author="jeredm@maplewoodsoftware.com" created="Tue, 11 Jun 2013 16:44:57 +0000">&lt;p&gt;When I remove the patch in &lt;a href="https://issues.apache.org/jira/browse/WICKET-4948" title="Modal window does not center correctly when window is scrolled in safari" class="issue-link" data-issue-key="WICKET-4948"&gt;&lt;del&gt;WICKET-4948&lt;/del&gt;&lt;/a&gt; on line 486 in modal.js, the problem seems to be resolved.  I do not have a way to test on the Mac version of Safari.  I am using Safari 5.1.7 on Windows.&lt;/p&gt;</comment>
                            <comment id="13685734" author="jeredm@maplewoodsoftware.com" created="Mon, 17 Jun 2013 17:23:27 +0000">&lt;p&gt;I replicated this problem with an iPad (iOS 6.1.3) with Safari.  There is a difference from my Windows Safari tests, in that I am able to see the ModalWindow when I scroll to the top of the page and then rapidly scroll back down to the bottom of the page.  As soon as the window stops scrolling, the modal seems to move down out of site again...so the modal seems to move with the scroll bar.&lt;/p&gt;</comment>
                            <comment id="13718440" author="jeredm@maplewoodsoftware.com" created="Wed, 24 Jul 2013 14:56:59 +0000">&lt;p&gt;Has anybody been able to look into this yet?  It is holding back a release for me as my application depends on the ModalWindow being available for Safari users.  I can do a custom Wicket build and patch by removing the fix for &lt;a href="https://issues.apache.org/jira/browse/WICKET-4948" title="Modal window does not center correctly when window is scrolled in safari" class="issue-link" data-issue-key="WICKET-4948"&gt;&lt;del&gt;WICKET-4948&lt;/del&gt;&lt;/a&gt;, but I would rather not do that if this is going to be addressed soon.&lt;/p&gt;</comment>
                            <comment id="13719659" author="mgrigorov" created="Thu, 25 Jul 2013 14:32:41 +0000">&lt;p&gt;&lt;a href="https://issues.apache.org/jira/secure/ViewProfile.jspa?name=ivaynberg" class="user-hover" rel="ivaynberg"&gt;ivaynberg&lt;/a&gt; Ping&lt;/p&gt;</comment>
                            <comment id="13721527" author="ivaynberg" created="Sat, 27 Jul 2013 05:05:11 +0000">&lt;p&gt;confirmed, safari mustve changed its behavior between than and now&lt;/p&gt;</comment>
                            <comment id="13722549" author="jeredm@maplewoodsoftware.com" created="Mon, 29 Jul 2013 15:38:12 +0000">&lt;p&gt;The quickstart passes now.  Thanks!&lt;/p&gt;</comment>
                            <comment id="13844409" author="ivaynberg" created="Tue, 10 Dec 2013 16:50:12 +0000">&lt;p&gt;looks like this issue is back :/&lt;/p&gt;</comment>
                            <comment id="13844420" author="ivaynberg" created="Tue, 10 Dec 2013 17:05:29 +0000">&lt;p&gt;reverted the revert, seems to have fixed it.&lt;/p&gt;</comment>
                            <comment id="13991775" author="lukedjn" created="Wed, 7 May 2014 12:20:40 +0000">&lt;p&gt;The supplied quickstart is broken when using Wicket 6.13.0. I have tested this in Safari on iOS 6 and 7 and Mac OS X. Reverting the changes made by &lt;a href="https://issues.apache.org/jira/secure/ViewProfile.jspa?name=ivaynberg" class="user-hover" rel="ivaynberg"&gt;ivaynberg&lt;/a&gt; (&lt;a href="https://github.com/apache/wicket/commit/61ebe2dbd55ff2ff5ac6f73909708021bb1acf4d" class="external-link" target="_blank" rel="nofollow noopener"&gt;https://github.com/apache/wicket/commit/61ebe2dbd55ff2ff5ac6f73909708021bb1acf4d&lt;/a&gt;) fixes the problem. &lt;/p&gt;</comment>
                            <comment id="14030699" author="jeredm@maplewoodsoftware.com" created="Fri, 13 Jun 2014 15:01:06 +0000">&lt;p&gt;&lt;a href="https://issues.apache.org/jira/secure/ViewProfile.jspa?name=ivaynberg" class="user-hover" rel="ivaynberg"&gt;ivaynberg&lt;/a&gt;,&lt;br/&gt;
I can confirm that this bug is replicating again in 6.13.0.  I also tested in Wicket 6.15.0 and the bug replicates.  Is it possible to get a fix for this in 6.16.0?&lt;/p&gt;</comment>
                            <comment id="14031557" author="mgrigorov" created="Sat, 14 Jun 2014 11:46:43 +0000">&lt;p&gt;Please follow &lt;a href="https://issues.apache.org/jira/browse/WICKET-5616" title="CLONE - ModalWindow is not visible in Safari when opened from a link at the bottom of a large page" class="issue-link" data-issue-key="WICKET-5616"&gt;&lt;del&gt;WICKET-5616&lt;/del&gt;&lt;/a&gt;.&lt;br/&gt;
Here it is hard to follow where this problem started, in which version it has been fixed, in which version it appeared again, ...&lt;/p&gt;</comment>
                            <comment id="14280518" author="thestijn" created="Fri, 16 Jan 2015 17:17:58 +0000">&lt;p&gt;I have the same issue using Safari 8 on a mac on Wicket 6.14. &lt;br/&gt;
Could this issue be reopened?&lt;/p&gt;</comment>
                            <comment id="14280646" author="jeredm@maplewoodsoftware.com" created="Fri, 16 Jan 2015 18:51:28 +0000">&lt;p&gt;&lt;a href="https://issues.apache.org/jira/secure/ViewProfile.jspa?name=thestijn" class="user-hover" rel="thestijn"&gt;thestijn&lt;/a&gt;, this case was fixed and was broken again, so &lt;a href="https://issues.apache.org/jira/browse/WICKET-5616" title="CLONE - ModalWindow is not visible in Safari when opened from a link at the bottom of a large page" class="issue-link" data-issue-key="WICKET-5616"&gt;&lt;del&gt;WICKET-5616&lt;/del&gt;&lt;/a&gt; is the latest. The patch should be in Wicket 6.17.&lt;/p&gt;</comment>
                    </comments>
                <issuelinks>
                            <issuelinktype id="10020">
                    <name>Cloners</name>
                                                                <inwardlinks description="is cloned by">
                                        <issuelink>
            <issuekey id="12721247">WICKET-5616</issuekey>
        </issuelink>
                            </inwardlinks>
                                    </issuelinktype>
                            <issuelinktype id="12310050">
                    <name>Regression</name>
                                                                <inwardlinks description="is broken by">
                                        <issuelink>
            <issuekey id="12625349">WICKET-4948</issuekey>
        </issuelink>
                            </inwardlinks>
                                    </issuelinktype>
                    </issuelinks>
                <attachments>
                            <attachment id="12587252" name="safariscroll.zip" size="23683" author="jeredm@maplewoodsoftware.com" created="Tue, 11 Jun 2013 16:38:46 +0000" />
                    </attachments>
                <subtasks>
                    </subtasks>
                <customfields>
                                                                                                                                                                                                                                                                                                                                                                                                                                                                                                                                                                                                                                                                                                                    <customfield id="customfield_12314020" key="com.atlassian.jira.plugins.jira-development-integration-plugin:devsummary">
                        <customfieldname>Development</customfieldname>
                        <customfieldvalues>
                            
                        </customfieldvalues>
                    </customfield>
                                                                                                                        <customfield id="customfield_12313422" key="com.atlassian.jirafisheyeplugin:jobcheckbox">
                        <customfieldname>Enable Automatic Patch Review</customfieldname>
                        <customfieldvalues>
                            <customfieldvalue>false</customfieldvalue>

                        </customfieldvalues>
                    </customfield>
                                                                                                                                                                                                                                                                                                                                                                                                                                                                                                                                                                                                                    <customfield id="customfield_12310420" key="com.pyxis.greenhopper.jira:gh-global-rank">
                        <customfieldname>Global Rank</customfieldname>
                        <customfieldvalues>
                            <customfieldvalue>332546</customfieldvalue>
                        </customfieldvalues>
                    </customfield>
                                                                                                                                                                                                                                                                                                                                                                                                                                                                        <customfield id="customfield_12311820" key="com.pyxis.greenhopper.jira:gh-lexo-rank">
                        <customfieldname>Rank</customfieldname>
                        <customfieldvalues>
                            <customfieldvalue>0|i1ld8n:</customfieldvalue>

                        </customfieldvalues>
                    </customfield>
                                                                <customfield id="customfield_12310920" key="com.pyxis.greenhopper.jira:gh-global-rank">
                        <customfieldname>Rank (Obsolete)</customfieldname>
                        <customfieldvalues>
                            <customfieldvalue>332875</customfieldvalue>
                        </customfieldvalues>
                    </customfield>
                                                                                                                                                                                                                                                                                                                                                                                                                                                                                                                                                                                                                                                                                                                                                                                            </customfields>
    </item>


</channel>
</rss>