<rss version="0.92">
    <channel>
        <title>ASF JIRA</title>
        <link>https://issues.apache.org/jira/issues/?jql=project+%3D+wicket+and+type+%3D+bug+and+%28status+%3D+RESOLVED+or+status+%3D+closed%29</link>
        <description>An XML representation of a search request</description>
                <language>en-uk</language>
                        <issue start="0" end="1000" total="4133" />
                <build-info>
            <version>8.20.7</version>
            <build-number>820007</build-number>
            <build-date>16-03-2022</build-date>
        </build-info>

<item>
            <title>[WICKET-5153] Wicket-atmosphere pushes empty messages</title>
                <link>https://issues.apache.org/jira/browse/WICKET-5153</link>
                <project id="12310561" key="WICKET">Wicket</project>
                    <description>&lt;p&gt;When filters filter out all subscriptions for a page, the logic around the ajaxRequestScheduled flag in AtmosphereRequestHandler prevents rendering the AjaxRequestHandler, which results in an emtpy response. This is pushed to the client and passed to the Wicket Ajax framework, which fails to parse it, because it expects it to be an XML document with ajax-response root element. This appears in the Wicket Ajax debug window:&lt;/p&gt;

&lt;p&gt;ERROR: Wicket.Ajax.Call.failure: Error while parsing response: Could not find root &amp;lt;ajax-response&amp;gt; element&lt;/p&gt;

&lt;p&gt;Note that because of&lt;/p&gt;

&lt;p&gt;&lt;a href="https://github.com/Atmosphere/atmosphere/issues/1042" class="external-link" target="_blank" rel="nofollow noopener"&gt;https://github.com/Atmosphere/atmosphere/issues/1042&lt;/a&gt;&lt;/p&gt;

&lt;p&gt;Atmosphere does not pass the first empty message to callbacks, so the error above only happens when the second empty message is pushed.&lt;/p&gt;</description>
                <environment />
        <key id="12644318">WICKET-5153</key>
            <summary>Wicket-atmosphere pushes empty messages</summary>
                <type id="1" iconUrl="https://issues.apache.org/jira/secure/viewavatar?size=xsmall&amp;avatarId=21133&amp;avatarType=issuetype">Bug</type>
                                            <priority id="3" iconUrl="https://issues.apache.org/jira/images/icons/priorities/major.svg">Major</priority>
                        <status id="5" iconUrl="https://issues.apache.org/jira/images/icons/statuses/resolved.png" description="A resolution has been taken, and it is awaiting verification by reporter. From here issues are either reopened, or are closed.">Resolved</status>
                    <statusCategory id="3" key="done" colorName="green" />
                                    <resolution id="3">Duplicate</resolution>
                                        <assignee username="papegaaij">Emond Papegaaij</assignee>
                                    <reporter username="0xabadea">Andrei Badea</reporter>
                        <labels>
                    </labels>
                <created>Wed, 24 Apr 2013 09:10:03 +0000</created>
                <updated>Wed, 24 Apr 2013 09:21:20 +0000</updated>
                            <resolved>Wed, 24 Apr 2013 09:21:20 +0000</resolved>
                                    <version>6.6.0</version>
                                    <fixVersion>6.7.0</fixVersion>
                                    <component>wicket-atmosphere</component>
                        <due />
                            <votes>0</votes>
                                    <watches>1</watches>
                                                                    <issuelinks>
                            <issuelinktype id="12310000">
                    <name>Duplicate</name>
                                            <outwardlinks description="duplicates">
                                        <issuelink>
            <issuekey id="12642785">WICKET-5145</issuekey>
        </issuelink>
                            </outwardlinks>
                                                        </issuelinktype>
                    </issuelinks>
                <attachments>
                    </attachments>
                <subtasks>
                    </subtasks>
                <customfields>
                                                                                                                                                                                                                                                                                                                                                                                                                                                                                                                                                                                                                                                                                                                    <customfield id="customfield_12314020" key="com.atlassian.jira.plugins.jira-development-integration-plugin:devsummary">
                        <customfieldname>Development</customfieldname>
                        <customfieldvalues>
                            
                        </customfieldvalues>
                    </customfield>
                                                                                                                        <customfield id="customfield_12313422" key="com.atlassian.jirafisheyeplugin:jobcheckbox">
                        <customfieldname>Enable Automatic Patch Review</customfieldname>
                        <customfieldvalues>
                            <customfieldvalue>false</customfieldvalue>

                        </customfieldvalues>
                    </customfield>
                                                                                                                                                                                                                                                                                                                                                                                                                                                                                                                                                                                                                    <customfield id="customfield_12310420" key="com.pyxis.greenhopper.jira:gh-global-rank">
                        <customfieldname>Global Rank</customfieldname>
                        <customfieldvalues>
                            <customfieldvalue>324685</customfieldvalue>
                        </customfieldvalues>
                    </customfield>
                                                                                                                                                                                                                                                                                                                                                                                                                                                                        <customfield id="customfield_12311820" key="com.pyxis.greenhopper.jira:gh-lexo-rank">
                        <customfieldname>Rank</customfieldname>
                        <customfieldvalues>
                            <customfieldvalue>0|i1k0m7:</customfieldvalue>

                        </customfieldvalues>
                    </customfield>
                                                                <customfield id="customfield_12310920" key="com.pyxis.greenhopper.jira:gh-global-rank">
                        <customfieldname>Rank (Obsolete)</customfieldname>
                        <customfieldvalues>
                            <customfieldvalue>325030</customfieldvalue>
                        </customfieldvalues>
                    </customfield>
                                                                                                                                                                                                                                                                                                                                                                                                                                                                                                                                                                                                                                                                                                                                                                                            </customfields>
    </item>


</channel>
</rss>