<rss version="0.92">
    <channel>
        <title>ASF JIRA</title>
        <link>https://issues.apache.org/jira/issues/?jql=project+%3D+wicket+and+type+%3D+bug+and+%28status+%3D+RESOLVED+or+status+%3D+closed%29</link>
        <description>An XML representation of a search request</description>
                <language>en-uk</language>
                        <issue start="0" end="1000" total="4133" />
                <build-info>
            <version>8.20.7</version>
            <build-number>820007</build-number>
            <build-date>16-03-2022</build-date>
        </build-info>

<item>
            <title>[WICKET-5685] jquery.wicketatmosphere.js is not packed in wicket-atmosphere.jar and thus leads to 404</title>
                <link>https://issues.apache.org/jira/browse/WICKET-5685</link>
                <project id="12310561" key="WICKET">Wicket</project>
                    <description>&lt;p&gt;With the recent introduction of wicket.properties in wicket-atmosphere/src/main/resources Maven stopped packaging any resources from src/main/java and thus jquery.wicketatmosphere.js is not packed in the jar and the functionality doesn't work any more.&lt;/p&gt;</description>
                <environment />
        <key id="12737032">WICKET-5685</key>
            <summary>jquery.wicketatmosphere.js is not packed in wicket-atmosphere.jar and thus leads to 404</summary>
                <type id="1" iconUrl="https://issues.apache.org/jira/secure/viewavatar?size=xsmall&amp;avatarId=21133&amp;avatarType=issuetype">Bug</type>
                                            <priority id="4" iconUrl="https://issues.apache.org/jira/images/icons/priorities/minor.svg">Minor</priority>
                        <status id="5" iconUrl="https://issues.apache.org/jira/images/icons/statuses/resolved.png" description="A resolution has been taken, and it is awaiting verification by reporter. From here issues are either reopened, or are closed.">Resolved</status>
                    <statusCategory id="3" key="done" colorName="green" />
                                    <resolution id="1">Fixed</resolution>
                                        <assignee username="mgrigorov">Martin Tzvetanov Grigorov</assignee>
                                    <reporter username="mgrigorov">Martin Tzvetanov Grigorov</reporter>
                        <labels>
                    </labels>
                <created>Wed, 27 Aug 2014 07:39:58 +0000</created>
                <updated>Wed, 27 Aug 2014 07:40:55 +0000</updated>
                            <resolved>Wed, 27 Aug 2014 07:40:54 +0000</resolved>
                                    <version>6.17.0</version>
                                    <fixVersion>6.17.0</fixVersion>
                                    <component>wicket-atmosphere</component>
                        <due />
                            <votes>0</votes>
                                    <watches>2</watches>
                                                                <comments>
                            <comment id="14111987" author="jira-bot" created="Wed, 27 Aug 2014 07:40:41 +0000">&lt;p&gt;Commit 2dd4f515d7d4eefd272b1d79793b9efcd009ee61 in wicket's branch refs/heads/wicket-6.x from &lt;a href="https://issues.apache.org/jira/secure/ViewProfile.jspa?name=mgrigorov" class="user-hover" rel="mgrigorov"&gt;mgrigorov&lt;/a&gt;&lt;br/&gt;
[ &lt;a href="https://git-wip-us.apache.org/repos/asf?p=wicket.git;h=2dd4f51" class="external-link" target="_blank" rel="nofollow noopener"&gt;https://git-wip-us.apache.org/repos/asf?p=wicket.git;h=2dd4f51&lt;/a&gt; ]&lt;/p&gt;

&lt;p&gt;&lt;a href="https://issues.apache.org/jira/browse/WICKET-5685" title="jquery.wicketatmosphere.js is not packed in wicket-atmosphere.jar and thus leads to 404" class="issue-link" data-issue-key="WICKET-5685"&gt;&lt;del&gt;WICKET-5685&lt;/del&gt;&lt;/a&gt; jquery.wicketatmosphere.js is not packed in wicket-atmosphere.jar and thus leads to 404&lt;/p&gt;</comment>
                            <comment id="14111988" author="jira-bot" created="Wed, 27 Aug 2014 07:40:51 +0000">&lt;p&gt;Commit 0a761f54f8dbf46b1f5561b493e4647e5930122b in wicket's branch refs/heads/master from &lt;a href="https://issues.apache.org/jira/secure/ViewProfile.jspa?name=mgrigorov" class="user-hover" rel="mgrigorov"&gt;mgrigorov&lt;/a&gt;&lt;br/&gt;
[ &lt;a href="https://git-wip-us.apache.org/repos/asf?p=wicket.git;h=0a761f5" class="external-link" target="_blank" rel="nofollow noopener"&gt;https://git-wip-us.apache.org/repos/asf?p=wicket.git;h=0a761f5&lt;/a&gt; ]&lt;/p&gt;

&lt;p&gt;&lt;a href="https://issues.apache.org/jira/browse/WICKET-5685" title="jquery.wicketatmosphere.js is not packed in wicket-atmosphere.jar and thus leads to 404" class="issue-link" data-issue-key="WICKET-5685"&gt;&lt;del&gt;WICKET-5685&lt;/del&gt;&lt;/a&gt; jquery.wicketatmosphere.js is not packed in wicket-atmosphere.jar and thus leads to 404&lt;/p&gt;

&lt;p&gt;(cherry picked from commit 2dd4f515d7d4eefd272b1d79793b9efcd009ee61)&lt;/p&gt;</comment>
                    </comments>
                    <attachments>
                    </attachments>
                <subtasks>
                    </subtasks>
                <customfields>
                                                                                                                                                                                                                                                                                                                                                                                                                                                                                                                                                                                                                                                                                                                    <customfield id="customfield_12314020" key="com.atlassian.jira.plugins.jira-development-integration-plugin:devsummary">
                        <customfieldname>Development</customfieldname>
                        <customfieldvalues>
                            
                        </customfieldvalues>
                    </customfield>
                                                                                                                        <customfield id="customfield_12313422" key="com.atlassian.jirafisheyeplugin:jobcheckbox">
                        <customfieldname>Enable Automatic Patch Review</customfieldname>
                        <customfieldvalues>
                            <customfieldvalue>false</customfieldvalue>

                        </customfieldvalues>
                    </customfield>
                                                                                                                                                                                                                                                                                                                                                                                                                                                                                                                                                                                                                    <customfield id="customfield_12310420" key="com.pyxis.greenhopper.jira:gh-global-rank">
                        <customfieldname>Global Rank</customfieldname>
                        <customfieldvalues>
                            <customfieldvalue>9223372036854775807</customfieldvalue>
                        </customfieldvalues>
                    </customfield>
                                                                                                                                                                                                                                                                                                                                                                                                                                                                        <customfield id="customfield_12311820" key="com.pyxis.greenhopper.jira:gh-lexo-rank">
                        <customfieldname>Rank</customfieldname>
                        <customfieldvalues>
                            <customfieldvalue>0|i1zdpr:</customfieldvalue>

                        </customfieldvalues>
                    </customfield>
                                                                <customfield id="customfield_12310920" key="com.pyxis.greenhopper.jira:gh-global-rank">
                        <customfieldname>Rank (Obsolete)</customfieldname>
                        <customfieldvalues>
                            <customfieldvalue>9223372036854775807</customfieldvalue>
                        </customfieldvalues>
                    </customfield>
                                                                                                                                                                                                                                                                                                                                                                                                                                                                                                                                                                                                                                                                                                                                                                                            </customfields>
    </item>


</channel>
</rss>