<rss version="0.92">
    <channel>
        <title>ASF JIRA</title>
        <link>https://issues.apache.org/jira/issues/?jql=project+%3D+wicket+and+type+%3D+bug+and+%28status+%3D+RESOLVED+or+status+%3D+closed%29</link>
        <description>An XML representation of a search request</description>
                <language>en-uk</language>
                        <issue start="0" end="1000" total="4133" />
                <build-info>
            <version>8.20.7</version>
            <build-number>820007</build-number>
            <build-date>16-03-2022</build-date>
        </build-info>

<item>
            <title>[WICKET-5479] Header rendering of components inside of InlineEnclosure</title>
                <link>https://issues.apache.org/jira/browse/WICKET-5479</link>
                <project id="12310561" key="WICKET">Wicket</project>
                    <description>&lt;p&gt;AjaxLink inside of an InlineEnclosure doesnt work, if container is made visible via ajax.&lt;br/&gt;
It is possible to use a WebMarkupContainer instead as workaround.&lt;/p&gt;

&lt;p&gt;The Question is: should the InlineEnclosure work, which looks straight forward to me, or is this problem hard to fix and I should keep using the workaround?&lt;/p&gt;</description>
                <environment />
        <key id="12690071">WICKET-5479</key>
            <summary>Header rendering of components inside of InlineEnclosure</summary>
                <type id="1" iconUrl="https://issues.apache.org/jira/secure/viewavatar?size=xsmall&amp;avatarId=21133&amp;avatarType=issuetype">Bug</type>
                                            <priority id="3" iconUrl="https://issues.apache.org/jira/images/icons/priorities/major.svg">Major</priority>
                        <status id="5" iconUrl="https://issues.apache.org/jira/images/icons/statuses/resolved.png" description="A resolution has been taken, and it is awaiting verification by reporter. From here issues are either reopened, or are closed.">Resolved</status>
                    <statusCategory id="3" key="done" colorName="green" />
                                    <resolution id="1">Fixed</resolution>
                                        <assignee username="mgrigorov">Martin Tzvetanov Grigorov</assignee>
                                    <reporter username="frido-lbm">Fridolin Jackstadt</reporter>
                        <labels>
                            <label>enclosure</label>
                    </labels>
                <created>Tue, 21 Jan 2014 17:48:43 +0000</created>
                <updated>Wed, 5 Mar 2014 10:02:24 +0000</updated>
                            <resolved>Wed, 5 Mar 2014 10:02:24 +0000</resolved>
                                    <version>6.13.0</version>
                                    <fixVersion>7.0.0-M1</fixVersion>
                                        <due />
                            <votes>0</votes>
                                    <watches>3</watches>
                                                                <comments>
                            <comment id="13877652" author="frido-lbm" created="Tue, 21 Jan 2014 17:50:07 +0000">&lt;p&gt;Quickstart is attached&lt;/p&gt;</comment>
                            <comment id="13882859" author="mgrigorov" created="Mon, 27 Jan 2014 15:00:06 +0000">&lt;p&gt;This is yet another example of a problem that (Inline)Enclosure has - as an auto component it exists only during the rendering phase and is invisible for its real children.&lt;/p&gt;

&lt;p&gt;Here is what happens:&lt;br/&gt;
1) 'link2' has no idea that its parent is InlineEnclosure and at org.apache.wicket.markup.renderStrategy.DeepChildFirstVisitor#preCheck the visibility check says that it is visible and its renderHead() is called. But since the InlineEnclosure itself reports that it is invisible, because its controlling child 'link1' is invisible, it doesn't render the markup of link1 and link2. So Wicket registers Wicket.Ajax.ajax("c": "link2", ...) but there is no DOM node for 'link2' and thus the error in the console.&lt;/p&gt;

&lt;p&gt;2) later when you click 'activate' Wicket makes the InlineEnclosure visible but since it doesn't know what is inside it (i.e. its #children member variable is null) it doesn't call #renderHead() for link1 and link2 in the Ajax request (see org.apache.wicket.markup.renderStrategy.ChildFirstHeaderRenderStrategy#renderChildHeaders) and thus there are no Wicket.Ajax.ajax() snippets in the Ajax response and clicking on the links is noop.&lt;/p&gt;

&lt;p&gt;This is a well known problem with Wicket Enclosure and InlineEnclosure components. I have suggested to remove them once but other people think that it is worth to keep them because they work most of the time...&lt;/p&gt;


&lt;p&gt;You used EnclosureContainer instead of InlineEnclosure in your initial description. Just to make it clear - EnclosureContainer is something like WebMarkupContainer that manages its visibility automatically. This is the component that I recommend when you need such functionality.&lt;br/&gt;
&amp;lt;div wicket:enclosure&amp;gt; resolves to InlineEnclosure - this one has the problems.&lt;/p&gt;</comment>
                            <comment id="13882865" author="mgrigorov" created="Mon, 27 Jan 2014 15:05:30 +0000">&lt;p&gt;Linked to &lt;a href="https://issues.apache.org/jira/browse/WICKET-4874" title="&amp;quot;Cannot find element with id&amp;quot; error seen in Ajax Debug for child of wicket:enclosure" class="issue-link" data-issue-key="WICKET-4874"&gt;&lt;del&gt;WICKET-4874&lt;/del&gt;&lt;/a&gt; - a ticket that links to all other known issues with enclosures.&lt;/p&gt;</comment>
                            <comment id="13920707" author="mgrigorov" created="Wed, 5 Mar 2014 10:02:24 +0000">&lt;p&gt;Fixed by using the new queueing mechanism (&lt;a href="https://issues.apache.org/jira/browse/WICKET-3335" title="Component Queueing (extract hierarchy information from markup)" class="issue-link" data-issue-key="WICKET-3335"&gt;&lt;del&gt;WICKET-3335&lt;/del&gt;&lt;/a&gt;) - &lt;a href="https://www.42lines.net/2014/02/28/component-queueing-in-wicket-7/" class="external-link" target="_blank" rel="nofollow noopener"&gt;https://www.42lines.net/2014/02/28/component-queueing-in-wicket-7/&lt;/a&gt;&lt;/p&gt;

&lt;p&gt;This is the new code:&lt;/p&gt;

&lt;p&gt;link1.setOutputMarkupPlaceholderTag(true).setVisible(false);&lt;br/&gt;
queue(activate, link1, link2);&lt;/p&gt;</comment>
                    </comments>
                <issuelinks>
                            <issuelinktype id="10030">
                    <name>Reference</name>
                                                                <inwardlinks description="is related to">
                                        <issuelink>
            <issuekey id="12617172">WICKET-4874</issuekey>
        </issuelink>
            <issuelink>
            <issuekey id="12495602">WICKET-3335</issuekey>
        </issuelink>
                            </inwardlinks>
                                    </issuelinktype>
                    </issuelinks>
                <attachments>
                            <attachment id="12624167" name="ajax-enclosure.zip" size="9759" author="frido-lbm" created="Tue, 21 Jan 2014 17:49:54 +0000" />
                    </attachments>
                <subtasks>
                    </subtasks>
                <customfields>
                                                                                                                                                                                                                                                                                                                                                                                                                                                                                                                                                                                                                                                                                                                    <customfield id="customfield_12314020" key="com.atlassian.jira.plugins.jira-development-integration-plugin:devsummary">
                        <customfieldname>Development</customfieldname>
                        <customfieldvalues>
                            
                        </customfieldvalues>
                    </customfield>
                                                                                                                        <customfield id="customfield_12313422" key="com.atlassian.jirafisheyeplugin:jobcheckbox">
                        <customfieldname>Enable Automatic Patch Review</customfieldname>
                        <customfieldvalues>
                            <customfieldvalue>false</customfieldvalue>

                        </customfieldvalues>
                    </customfield>
                                                                                                                                                                                                                                                                                                                                                                                                                                                                                                                                                                                                                    <customfield id="customfield_12310420" key="com.pyxis.greenhopper.jira:gh-global-rank">
                        <customfieldname>Global Rank</customfieldname>
                        <customfieldvalues>
                            <customfieldvalue>369028</customfieldvalue>
                        </customfieldvalues>
                    </customfield>
                                                                                                                                                                                                                                                                                                                                                                                                                                                                        <customfield id="customfield_12311820" key="com.pyxis.greenhopper.jira:gh-lexo-rank">
                        <customfieldname>Rank</customfieldname>
                        <customfieldvalues>
                            <customfieldvalue>0|i1rlt3:</customfieldvalue>

                        </customfieldvalues>
                    </customfield>
                                                                <customfield id="customfield_12310920" key="com.pyxis.greenhopper.jira:gh-global-rank">
                        <customfieldname>Rank (Obsolete)</customfieldname>
                        <customfieldvalues>
                            <customfieldvalue>369333</customfieldvalue>
                        </customfieldvalues>
                    </customfield>
                                                                                                                                                                                                                                                                                                                                                                                                                                                                                                                                                                                                                                                                                                                                                                                            </customfields>
    </item>


</channel>
</rss>