<rss version="0.92">
    <channel>
        <title>ASF JIRA</title>
        <link>https://issues.apache.org/jira/issues/?jql=project+%3D+wicket+and+type+%3D+bug+and+%28status+%3D+RESOLVED+or+status+%3D+closed%29</link>
        <description>An XML representation of a search request</description>
                <language>en-uk</language>
                        <issue start="0" end="1000" total="4133" />
                <build-info>
            <version>8.20.7</version>
            <build-number>820007</build-number>
            <build-date>16-03-2022</build-date>
        </build-info>

<item>
            <title>[WICKET-5879] Using an AjaxSubmitLink to hide its form results in an exception</title>
                <link>https://issues.apache.org/jira/browse/WICKET-5879</link>
                <project id="12310561" key="WICKET">Wicket</project>
                    <description>&lt;p&gt;In wicket 7, an AjaxSubmitLink that hides its form in the onSubmit() method results in a ListenerInvocationNotAllowedException to be thrown, since the component that triggered the submit is no longer visible.  See quickstart.&lt;/p&gt;</description>
                <environment />
        <key id="12820573">WICKET-5879</key>
            <summary>Using an AjaxSubmitLink to hide its form results in an exception</summary>
                <type id="1" iconUrl="https://issues.apache.org/jira/secure/viewavatar?size=xsmall&amp;avatarId=21133&amp;avatarType=issuetype">Bug</type>
                                            <priority id="3" iconUrl="https://issues.apache.org/jira/images/icons/priorities/major.svg">Major</priority>
                        <status id="6" iconUrl="https://issues.apache.org/jira/images/icons/statuses/closed.png" description="The issue is considered finished, the resolution is correct. Issues which are not closed can be reopened.">Closed</status>
                    <statusCategory id="3" key="done" colorName="green" />
                                    <resolution id="1">Fixed</resolution>
                                        <assignee username="bitstorm">Andrea Del Bene</assignee>
                                    <reporter username="nerklenerd">Don Ferguson</reporter>
                        <labels>
                    </labels>
                <created>Mon, 13 Apr 2015 16:32:43 +0000</created>
                <updated>Tue, 14 Apr 2015 20:23:29 +0000</updated>
                            <resolved>Mon, 13 Apr 2015 20:20:07 +0000</resolved>
                                    <version>7.0.0-M5</version>
                                    <fixVersion>7.0.0-M6</fixVersion>
                                        <due />
                            <votes>0</votes>
                                    <watches>2</watches>
                                                                <comments>
                            <comment id="14492600" author="nerklenerd" created="Mon, 13 Apr 2015 16:33:34 +0000">&lt;p&gt;quickstart&lt;/p&gt;</comment>
                            <comment id="14493001" author="jira-bot" created="Mon, 13 Apr 2015 20:17:56 +0000">&lt;p&gt;Commit 73006a7b6886dec358976f7ffe2fdb3b2714a4a3 in wicket's branch refs/heads/master from &lt;a href="https://issues.apache.org/jira/secure/ViewProfile.jspa?name=bitstorm" class="user-hover" rel="bitstorm"&gt;bitstorm&lt;/a&gt;&lt;br/&gt;
[ &lt;a href="https://git-wip-us.apache.org/repos/asf?p=wicket.git;h=73006a7" class="external-link" target="_blank" rel="nofollow noopener"&gt;https://git-wip-us.apache.org/repos/asf?p=wicket.git;h=73006a7&lt;/a&gt; ]&lt;/p&gt;

&lt;p&gt;&lt;a href="https://issues.apache.org/jira/browse/WICKET-5879" title="Using an AjaxSubmitLink to hide its form results in an exception" class="issue-link" data-issue-key="WICKET-5879"&gt;&lt;del&gt;WICKET-5879&lt;/del&gt;&lt;/a&gt; Using an AjaxSubmitLink to hide its form results in an exception&lt;/p&gt;</comment>
                            <comment id="14493821" author="jira-bot" created="Tue, 14 Apr 2015 09:04:53 +0000">&lt;p&gt;Commit 0c79aa7fb2e820d73ed5eb58b66d9ef63b424941 in wicket's branch refs/heads/master from &lt;a href="https://issues.apache.org/jira/secure/ViewProfile.jspa?name=bitstorm" class="user-hover" rel="bitstorm"&gt;bitstorm&lt;/a&gt;&lt;br/&gt;
[ &lt;a href="https://git-wip-us.apache.org/repos/asf?p=wicket.git;h=0c79aa7" class="external-link" target="_blank" rel="nofollow noopener"&gt;https://git-wip-us.apache.org/repos/asf?p=wicket.git;h=0c79aa7&lt;/a&gt; ]&lt;/p&gt;

&lt;p&gt; &lt;a href="https://issues.apache.org/jira/browse/WICKET-5879" title="Using an AjaxSubmitLink to hide its form results in an exception" class="issue-link" data-issue-key="WICKET-5879"&gt;&lt;del&gt;WICKET-5879&lt;/del&gt;&lt;/a&gt; Using an AjaxSubmitLink to hide its form results in an exception&lt;/p&gt;</comment>
                    </comments>
                <issuelinks>
                            <issuelinktype id="12310000">
                    <name>Duplicate</name>
                                                                <inwardlinks description="is duplicated by">
                                        <issuelink>
            <issuekey id="12820608">WICKET-5880</issuekey>
        </issuelink>
                            </inwardlinks>
                                    </issuelinktype>
                    </issuelinks>
                <attachments>
                            <attachment id="12724973" name="formhide.tar.gz" size="33654" author="nerklenerd" created="Mon, 13 Apr 2015 16:33:34 +0000" />
                    </attachments>
                <subtasks>
                    </subtasks>
                <customfields>
                                                                                                                                                                                                                                                                                                                                                                                                                                                                                                                                                                                                                                                                                                                    <customfield id="customfield_12314020" key="com.atlassian.jira.plugins.jira-development-integration-plugin:devsummary">
                        <customfieldname>Development</customfieldname>
                        <customfieldvalues>
                            
                        </customfieldvalues>
                    </customfield>
                                                                                                                        <customfield id="customfield_12313422" key="com.atlassian.jirafisheyeplugin:jobcheckbox">
                        <customfieldname>Enable Automatic Patch Review</customfieldname>
                        <customfieldvalues>
                            <customfieldvalue>false</customfieldvalue>

                        </customfieldvalues>
                    </customfield>
                                                                                                                                                                                                                                                                                                                                                                                                                                                                                                                                                                                                                    <customfield id="customfield_12310420" key="com.pyxis.greenhopper.jira:gh-global-rank">
                        <customfieldname>Global Rank</customfieldname>
                        <customfieldvalues>
                            <customfieldvalue>9223372036854775807</customfieldvalue>
                        </customfieldvalues>
                    </customfield>
                                                                                                                                                                                                                                                                                                                                                                                                                                                                        <customfield id="customfield_12311820" key="com.pyxis.greenhopper.jira:gh-lexo-rank">
                        <customfieldname>Rank</customfieldname>
                        <customfieldvalues>
                            <customfieldvalue>0|i2d6qv:</customfieldvalue>

                        </customfieldvalues>
                    </customfield>
                                                                <customfield id="customfield_12310920" key="com.pyxis.greenhopper.jira:gh-global-rank">
                        <customfieldname>Rank (Obsolete)</customfieldname>
                        <customfieldvalues>
                            <customfieldvalue>9223372036854775807</customfieldvalue>
                        </customfieldvalues>
                    </customfield>
                                                                                                                                                                                                                                                                                                                                                                                                                                                                                                                                                                                                                                                                                                                                                                                            </customfields>
    </item>


</channel>
</rss>