<rss version="0.92">
    <channel>
        <title>ASF JIRA</title>
        <link>https://issues.apache.org/jira/issues/?jql=project+%3D+wicket+and+type+%3D+bug+and+%28status+%3D+RESOLVED+or+status+%3D+closed%29</link>
        <description>An XML representation of a search request</description>
                <language>en-uk</language>
                        <issue start="0" end="1000" total="4133" />
                <build-info>
            <version>8.20.7</version>
            <build-number>820007</build-number>
            <build-date>16-03-2022</build-date>
        </build-info>

<item>
            <title>[WICKET-5796] "Couldn't resolve model type of Model" for RequiredTextField</title>
                <link>https://issues.apache.org/jira/browse/WICKET-5796</link>
                <project id="12310561" key="WICKET">Wicket</project>
                    <description>&lt;p&gt;Similar to&lt;br/&gt;
&lt;a href="https://issues.apache.org/jira/browse/WICKET-2426" class="external-link" rel="nofollow"&gt;https://issues.apache.org/jira/browse/WICKET-2426&lt;/a&gt;&lt;/p&gt;

&lt;p&gt;This message is fixed if set field type manually:&lt;br/&gt;
new RequiredTextField("").setType(String.class)&lt;/p&gt;</description>
                <environment />
        <key id="12763913">WICKET-5796</key>
            <summary>"Couldn't resolve model type of Model" for RequiredTextField</summary>
                <type id="1" iconUrl="https://issues.apache.org/jira/secure/viewavatar?size=xsmall&amp;avatarId=21133&amp;avatarType=issuetype">Bug</type>
                                            <priority id="4" iconUrl="https://issues.apache.org/jira/images/icons/priorities/minor.svg">Minor</priority>
                        <status id="5" iconUrl="https://issues.apache.org/jira/images/icons/statuses/resolved.png" description="A resolution has been taken, and it is awaiting verification by reporter. From here issues are either reopened, or are closed.">Resolved</status>
                    <statusCategory id="3" key="done" colorName="green" />
                                    <resolution id="6">Invalid</resolution>
                                        <assignee username="svenmeier">Sven Meier</assignee>
                                    <reporter username="phil.franken">Phil Franken</reporter>
                        <labels>
                    </labels>
                <created>Sun, 28 Dec 2014 08:05:35 +0000</created>
                <updated>Sun, 28 Dec 2014 17:36:09 +0000</updated>
                            <resolved>Sun, 28 Dec 2014 13:16:35 +0000</resolved>
                                    <version>6.18.0</version>
                                                    <component>wicket</component>
                        <due />
                            <votes>0</votes>
                                    <watches>2</watches>
                                                                <comments>
                            <comment id="14259633" author="svenmeier" created="Sun, 28 Dec 2014 13:16:35 +0000">&lt;p&gt;RequiredTextField may be used with all kind of types, we can't fix it to String only.&lt;/p&gt;

&lt;p&gt;Make sure you're using a model which can provide the type, or set the type explicitly yourself.&lt;/p&gt;</comment>
                    </comments>
                    <attachments>
                    </attachments>
                <subtasks>
                    </subtasks>
                <customfields>
                                                                                                                                                                                                                                                                                                                                                                                                                                                                                                                                                                                                                                                                                                                    <customfield id="customfield_12314020" key="com.atlassian.jira.plugins.jira-development-integration-plugin:devsummary">
                        <customfieldname>Development</customfieldname>
                        <customfieldvalues>
                            
                        </customfieldvalues>
                    </customfield>
                                                                                                                        <customfield id="customfield_12313422" key="com.atlassian.jirafisheyeplugin:jobcheckbox">
                        <customfieldname>Enable Automatic Patch Review</customfieldname>
                        <customfieldvalues>
                            <customfieldvalue>false</customfieldvalue>

                        </customfieldvalues>
                    </customfield>
                                                                                                                                                                                                                                                                                                                                                                                                                                                                                                                                                                                                                    <customfield id="customfield_12310420" key="com.pyxis.greenhopper.jira:gh-global-rank">
                        <customfieldname>Global Rank</customfieldname>
                        <customfieldvalues>
                            <customfieldvalue>9223372036854775807</customfieldvalue>
                        </customfieldvalues>
                    </customfield>
                                                                                                                                                                                                                                                                                                                                                                                                                                                                        <customfield id="customfield_12311820" key="com.pyxis.greenhopper.jira:gh-lexo-rank">
                        <customfieldname>Rank</customfieldname>
                        <customfieldvalues>
                            <customfieldvalue>0|i23suf:</customfieldvalue>

                        </customfieldvalues>
                    </customfield>
                                                                <customfield id="customfield_12310920" key="com.pyxis.greenhopper.jira:gh-global-rank">
                        <customfieldname>Rank (Obsolete)</customfieldname>
                        <customfieldvalues>
                            <customfieldvalue>9223372036854775807</customfieldvalue>
                        </customfieldvalues>
                    </customfield>
                                                                                                                                                                                                                                                                                                                                                                                                                                                                                                                                                                                                                                                                                                                                                                                            </customfields>
    </item>


</channel>
</rss>