<rss version="0.92">
    <channel>
        <title>ASF JIRA</title>
        <link>https://issues.apache.org/jira/issues/?jql=project+%3D+wicket+and+type+%3D+bug+and+%28status+%3D+RESOLVED+or+status+%3D+closed%29</link>
        <description>An XML representation of a search request</description>
                <language>en-uk</language>
                        <issue start="0" end="1000" total="4133" />
                <build-info>
            <version>8.20.7</version>
            <build-number>820007</build-number>
            <build-date>16-03-2022</build-date>
        </build-info>

<item>
            <title>[WICKET-5916] StackOverflowError when calling getObject() from load() in LDM</title>
                <link>https://issues.apache.org/jira/browse/WICKET-5916</link>
                <project id="12310561" key="WICKET">Wicket</project>
                    <description>&lt;p&gt;The fix for &lt;a href="https://issues.apache.org/jira/browse/WICKET-5772" title="LoadableDetachableModel caches null value if load() fails, bug in getObject() {attached = true;}" class="issue-link" data-issue-key="WICKET-5772"&gt;&lt;del&gt;WICKET-5772&lt;/del&gt;&lt;/a&gt; caused an infinite loop when calling getObject() from inside load() in LoadableDetachableModel. While of course unwise to do so and nobody in their right mind would do so directly, such a cycle can be triggered through a series of unrelated calls emanating from load().&lt;/p&gt;</description>
                <environment />
        <key id="12833838">WICKET-5916</key>
            <summary>StackOverflowError when calling getObject() from load() in LDM</summary>
                <type id="1" iconUrl="https://issues.apache.org/jira/secure/viewavatar?size=xsmall&amp;avatarId=21133&amp;avatarType=issuetype">Bug</type>
                                            <priority id="3" iconUrl="https://issues.apache.org/jira/images/icons/priorities/major.svg">Major</priority>
                        <status id="6" iconUrl="https://issues.apache.org/jira/images/icons/statuses/closed.png" description="The issue is considered finished, the resolution is correct. Issues which are not closed can be reopened.">Closed</status>
                    <statusCategory id="3" key="done" colorName="green" />
                                    <resolution id="1">Fixed</resolution>
                                        <assignee username="dashorst">Martijn Dashorst</assignee>
                                    <reporter username="dashorst">Martijn Dashorst</reporter>
                        <labels>
                    </labels>
                <created>Fri, 29 May 2015 17:05:47 +0000</created>
                <updated>Fri, 29 May 2015 17:12:21 +0000</updated>
                            <resolved>Fri, 29 May 2015 17:12:08 +0000</resolved>
                                    <version>7.0.0-M5</version>
                                    <fixVersion>7.0.0-M6</fixVersion>
                                    <component>wicket</component>
                        <due />
                            <votes>0</votes>
                                    <watches>2</watches>
                                                                <comments>
                            <comment id="14565079" author="jira-bot" created="Fri, 29 May 2015 17:11:41 +0000">&lt;p&gt;Commit def03addf20259d294db09b9b8a9ffa5b114565a in wicket's branch refs/heads/master from &lt;a href="https://issues.apache.org/jira/secure/ViewProfile.jspa?name=dashorst" class="user-hover" rel="dashorst"&gt;dashorst&lt;/a&gt;&lt;br/&gt;
[ &lt;a href="https://git-wip-us.apache.org/repos/asf?p=wicket.git;h=def03ad" class="external-link" target="_blank" rel="nofollow noopener"&gt;https://git-wip-us.apache.org/repos/asf?p=wicket.git;h=def03ad&lt;/a&gt; ]&lt;/p&gt;

&lt;p&gt;&lt;a href="https://issues.apache.org/jira/browse/WICKET-5916" title="StackOverflowError when calling getObject() from load() in LDM" class="issue-link" data-issue-key="WICKET-5916"&gt;&lt;del&gt;WICKET-5916&lt;/del&gt;&lt;/a&gt; StackOverflowError in LoadableDetachableModel&lt;/p&gt;

&lt;p&gt;This fixes a circular calling issue with LoadableDetachableModel where&lt;br/&gt;
getObject() is called from the context of a load(). By tracking the&lt;br/&gt;
state of the LoadableDetachableModel more closely, we can short-circuit&lt;br/&gt;
the call chain and break out of the infinite calling loop.&lt;/p&gt;

&lt;p&gt;I've opted to use an enum instead of adding a new flag to keep the&lt;br/&gt;
amount of flags to a minimum and to keep the memory requirements&lt;br/&gt;
low (instead of 2 flags, just one enum is referenced). The external&lt;br/&gt;
public and protected interfaces are still the same, so I don't&lt;br/&gt;
expect any problems within user applications, unless they are&lt;br/&gt;
manipulating the attached flag using reflection.&lt;/p&gt;

&lt;p&gt;Fixes &lt;a href="https://issues.apache.org/jira/browse/WICKET-5916" title="StackOverflowError when calling getObject() from load() in LDM" class="issue-link" data-issue-key="WICKET-5916"&gt;&lt;del&gt;WICKET-5916&lt;/del&gt;&lt;/a&gt;&lt;/p&gt;</comment>
                            <comment id="14565080" author="jira-bot" created="Fri, 29 May 2015 17:11:46 +0000">&lt;p&gt;Commit def03addf20259d294db09b9b8a9ffa5b114565a in wicket's branch refs/heads/master from &lt;a href="https://issues.apache.org/jira/secure/ViewProfile.jspa?name=dashorst" class="user-hover" rel="dashorst"&gt;dashorst&lt;/a&gt;&lt;br/&gt;
[ &lt;a href="https://git-wip-us.apache.org/repos/asf?p=wicket.git;h=def03ad" class="external-link" target="_blank" rel="nofollow noopener"&gt;https://git-wip-us.apache.org/repos/asf?p=wicket.git;h=def03ad&lt;/a&gt; ]&lt;/p&gt;

&lt;p&gt;&lt;a href="https://issues.apache.org/jira/browse/WICKET-5916" title="StackOverflowError when calling getObject() from load() in LDM" class="issue-link" data-issue-key="WICKET-5916"&gt;&lt;del&gt;WICKET-5916&lt;/del&gt;&lt;/a&gt; StackOverflowError in LoadableDetachableModel&lt;/p&gt;

&lt;p&gt;This fixes a circular calling issue with LoadableDetachableModel where&lt;br/&gt;
getObject() is called from the context of a load(). By tracking the&lt;br/&gt;
state of the LoadableDetachableModel more closely, we can short-circuit&lt;br/&gt;
the call chain and break out of the infinite calling loop.&lt;/p&gt;

&lt;p&gt;I've opted to use an enum instead of adding a new flag to keep the&lt;br/&gt;
amount of flags to a minimum and to keep the memory requirements&lt;br/&gt;
low (instead of 2 flags, just one enum is referenced). The external&lt;br/&gt;
public and protected interfaces are still the same, so I don't&lt;br/&gt;
expect any problems within user applications, unless they are&lt;br/&gt;
manipulating the attached flag using reflection.&lt;/p&gt;

&lt;p&gt;Fixes &lt;a href="https://issues.apache.org/jira/browse/WICKET-5916" title="StackOverflowError when calling getObject() from load() in LDM" class="issue-link" data-issue-key="WICKET-5916"&gt;&lt;del&gt;WICKET-5916&lt;/del&gt;&lt;/a&gt;&lt;/p&gt;</comment>
                    </comments>
                <issuelinks>
                            <issuelinktype id="12310050">
                    <name>Regression</name>
                                                                <inwardlinks description="is broken by">
                                        <issuelink>
            <issuekey id="12757132">WICKET-5772</issuekey>
        </issuelink>
                            </inwardlinks>
                                    </issuelinktype>
                    </issuelinks>
                <attachments>
                    </attachments>
                <subtasks>
                    </subtasks>
                <customfields>
                                                                                                                                                                                                                                                                                                                                                                                                                                                                                                                                                                                                                                                                                                                    <customfield id="customfield_12314020" key="com.atlassian.jira.plugins.jira-development-integration-plugin:devsummary">
                        <customfieldname>Development</customfieldname>
                        <customfieldvalues>
                            
                        </customfieldvalues>
                    </customfield>
                                                                                                                        <customfield id="customfield_12313422" key="com.atlassian.jirafisheyeplugin:jobcheckbox">
                        <customfieldname>Enable Automatic Patch Review</customfieldname>
                        <customfieldvalues>
                            <customfieldvalue>false</customfieldvalue>

                        </customfieldvalues>
                    </customfield>
                                                                                                                                                                                                                                                                                                                                                                                                                                                                                                                                                                                                                    <customfield id="customfield_12310420" key="com.pyxis.greenhopper.jira:gh-global-rank">
                        <customfieldname>Global Rank</customfieldname>
                        <customfieldvalues>
                            <customfieldvalue>9223372036854775807</customfieldvalue>
                        </customfieldvalues>
                    </customfield>
                                                                                                                                                                                                                                                                                                                                                                                                                                                                        <customfield id="customfield_12311820" key="com.pyxis.greenhopper.jira:gh-lexo-rank">
                        <customfieldname>Rank</customfieldname>
                        <customfieldvalues>
                            <customfieldvalue>0|i2fe0n:</customfieldvalue>

                        </customfieldvalues>
                    </customfield>
                                                                <customfield id="customfield_12310920" key="com.pyxis.greenhopper.jira:gh-global-rank">
                        <customfieldname>Rank (Obsolete)</customfieldname>
                        <customfieldvalues>
                            <customfieldvalue>9223372036854775807</customfieldvalue>
                        </customfieldvalues>
                    </customfield>
                                                                                                                                                                                                                                                                                                                                                                                                                                                                                                                                                                                                                                                                                                                                                                                            </customfields>
    </item>


</channel>
</rss>