<rss version="0.92">
    <channel>
        <title>ASF JIRA</title>
        <link>https://issues.apache.org/jira/issues/?jql=project+%3D+wicket+and+type+%3D+bug+and+%28status+%3D+RESOLVED+or+status+%3D+closed%29</link>
        <description>An XML representation of a search request</description>
                <language>en-uk</language>
                        <issue start="0" end="1000" total="4133" />
                <build-info>
            <version>8.20.7</version>
            <build-number>820007</build-number>
            <build-date>16-03-2022</build-date>
        </build-info>

<item>
            <title>[WICKET-5850] LazyInitProxyFactory causes NoClassDefFound org/apache/wicket/proxy/ILazyInitProxy in case of multimodule deployment</title>
                <link>https://issues.apache.org/jira/browse/WICKET-5850</link>
                <project id="12310561" key="WICKET">Wicket</project>
                    <description>&lt;p&gt;In case of multimodule deployment, LazyInitProxyFactory#createProxy() ends up with NoClassDefFound error while trying to wrap a class which is being injected into a Wickets component.&lt;/p&gt;

&lt;div class="code panel" style="border-width: 1px;"&gt;&lt;div class="codeContent panelContent"&gt;
&lt;pre class="code-java"&gt;			CGLibInterceptor handler = &lt;span class="code-keyword"&gt;new&lt;/span&gt; CGLibInterceptor(type, locator);

			Enhancer e = &lt;span class="code-keyword"&gt;new&lt;/span&gt; Enhancer();
			e.setInterfaces(&lt;span class="code-keyword"&gt;new&lt;/span&gt; &lt;span class="code-object"&gt;Class&lt;/span&gt;[] { Serializable.class, ILazyInitProxy.class,
					IWriteReplace.class });
			e.setSuperclass(type);
			e.setCallback(handler);
			e.setNamingPolicy(&lt;span class="code-keyword"&gt;new&lt;/span&gt; DefaultNamingPolicy()
			{
				@Override
				&lt;span class="code-keyword"&gt;public&lt;/span&gt; &lt;span class="code-object"&gt;String&lt;/span&gt; getClassName(&lt;span class="code-keyword"&gt;final&lt;/span&gt; &lt;span class="code-object"&gt;String&lt;/span&gt; prefix, &lt;span class="code-keyword"&gt;final&lt;/span&gt; &lt;span class="code-object"&gt;String&lt;/span&gt; source,
					&lt;span class="code-keyword"&gt;final&lt;/span&gt; &lt;span class="code-object"&gt;Object&lt;/span&gt; key, &lt;span class="code-keyword"&gt;final&lt;/span&gt; Predicate names)
				{
					&lt;span class="code-keyword"&gt;return&lt;/span&gt; &lt;span class="code-keyword"&gt;super&lt;/span&gt;.getClassName(&lt;span class="code-quote"&gt;"WICKET_"&lt;/span&gt; + prefix, source, key, names);
				}
			});

			&lt;span class="code-keyword"&gt;return&lt;/span&gt; e.create();
&lt;/pre&gt;
&lt;/div&gt;&lt;/div&gt;

&lt;p&gt;As we can see, Enhancer is not configured with an context-relative classloader. This is the root of the issue.&lt;/p&gt;</description>
                <environment>Windows 7 Pro x64, Oracle JDK 7u45 x64, Glassfish 3 (EE6)</environment>
        <key id="12779827">WICKET-5850</key>
            <summary>LazyInitProxyFactory causes NoClassDefFound org/apache/wicket/proxy/ILazyInitProxy in case of multimodule deployment</summary>
                <type id="1" iconUrl="https://issues.apache.org/jira/secure/viewavatar?size=xsmall&amp;avatarId=21133&amp;avatarType=issuetype">Bug</type>
                                            <priority id="3" iconUrl="https://issues.apache.org/jira/images/icons/priorities/major.svg">Major</priority>
                        <status id="5" iconUrl="https://issues.apache.org/jira/images/icons/statuses/resolved.png" description="A resolution has been taken, and it is awaiting verification by reporter. From here issues are either reopened, or are closed.">Resolved</status>
                    <statusCategory id="3" key="done" colorName="green" />
                                    <resolution id="1">Fixed</resolution>
                                        <assignee username="svenmeier">Sven Meier</assignee>
                                    <reporter username="amorozov">Alexander Morozov</reporter>
                        <labels>
                    </labels>
                <created>Thu, 5 Mar 2015 16:37:15 +0000</created>
                <updated>Fri, 6 Mar 2015 16:32:24 +0000</updated>
                            <resolved>Fri, 6 Mar 2015 06:28:30 +0000</resolved>
                                    <version>6.18.0</version>
                    <version>6.19.0</version>
                                    <fixVersion>6.20.0</fixVersion>
                    <fixVersion>7.0.0-M6</fixVersion>
                                        <due />
                            <votes>0</votes>
                                    <watches>4</watches>
                                                                <comments>
                            <comment id="14349053" author="amorozov" created="Thu, 5 Mar 2015 16:42:31 +0000">&lt;p&gt;I'll make PR in the nearest 7 days.&lt;/p&gt;</comment>
                            <comment id="14349202" author="githubbot" created="Thu, 5 Mar 2015 18:27:12 +0000">&lt;p&gt;GitHub user shuraa opened a pull request:&lt;/p&gt;

&lt;p&gt;    &lt;a href="https://github.com/apache/wicket/pull/105" class="external-link" target="_blank" rel="nofollow noopener"&gt;https://github.com/apache/wicket/pull/105&lt;/a&gt;&lt;/p&gt;

&lt;p&gt;    &lt;a href="https://issues.apache.org/jira/browse/WICKET-5850" title="LazyInitProxyFactory causes NoClassDefFound org/apache/wicket/proxy/ILazyInitProxy in case of multimodule deployment" class="issue-link" data-issue-key="WICKET-5850"&gt;&lt;del&gt;WICKET-5850&lt;/del&gt;&lt;/a&gt; Fix class loading issue in LazyInitProxyFactory&lt;/p&gt;



&lt;p&gt;You can merge this pull request into a Git repository by running:&lt;/p&gt;

&lt;p&gt;    $ git pull &lt;a href="https://github.com/shuraa/wicket" class="external-link" target="_blank" rel="nofollow noopener"&gt;https://github.com/shuraa/wicket&lt;/a&gt; wicket-6.x&lt;/p&gt;

&lt;p&gt;Alternatively you can review and apply these changes as the patch at:&lt;/p&gt;

&lt;p&gt;    &lt;a href="https://github.com/apache/wicket/pull/105.patch" class="external-link" target="_blank" rel="nofollow noopener"&gt;https://github.com/apache/wicket/pull/105.patch&lt;/a&gt;&lt;/p&gt;

&lt;p&gt;To close this pull request, make a commit to your master/trunk branch&lt;br/&gt;
with (at least) the following in the commit message:&lt;/p&gt;

&lt;p&gt;    This closes #105&lt;/p&gt;

&lt;hr /&gt;
&lt;p&gt;commit e00c54c310000924290476f91797a2197a756782&lt;br/&gt;
Author: Alexander Morozov &amp;lt;alexander.v.morozov@gmail.com&amp;gt;&lt;br/&gt;
Date:   2015-03-05T18:16:59Z&lt;/p&gt;

&lt;p&gt;    &lt;a href="https://issues.apache.org/jira/browse/WICKET-5850" title="LazyInitProxyFactory causes NoClassDefFound org/apache/wicket/proxy/ILazyInitProxy in case of multimodule deployment" class="issue-link" data-issue-key="WICKET-5850"&gt;&lt;del&gt;WICKET-5850&lt;/del&gt;&lt;/a&gt; Fix class loading issue in LazyInitProxyFactory in case of multimodule deployment&lt;/p&gt;

&lt;hr /&gt;</comment>
                            <comment id="14349204" author="githubbot" created="Thu, 5 Mar 2015 18:28:15 +0000">&lt;p&gt;GitHub user shuraa opened a pull request:&lt;/p&gt;

&lt;p&gt;    &lt;a href="https://github.com/apache/wicket/pull/106" class="external-link" target="_blank" rel="nofollow noopener"&gt;https://github.com/apache/wicket/pull/106&lt;/a&gt;&lt;/p&gt;

&lt;p&gt;    &lt;a href="https://issues.apache.org/jira/browse/WICKET-5850" title="LazyInitProxyFactory causes NoClassDefFound org/apache/wicket/proxy/ILazyInitProxy in case of multimodule deployment" class="issue-link" data-issue-key="WICKET-5850"&gt;&lt;del&gt;WICKET-5850&lt;/del&gt;&lt;/a&gt; Fix class loading issue in LazyInitProxyFactory&lt;/p&gt;



&lt;p&gt;You can merge this pull request into a Git repository by running:&lt;/p&gt;

&lt;p&gt;    $ git pull &lt;a href="https://github.com/shuraa/wicket" class="external-link" target="_blank" rel="nofollow noopener"&gt;https://github.com/shuraa/wicket&lt;/a&gt; master&lt;/p&gt;

&lt;p&gt;Alternatively you can review and apply these changes as the patch at:&lt;/p&gt;

&lt;p&gt;    &lt;a href="https://github.com/apache/wicket/pull/106.patch" class="external-link" target="_blank" rel="nofollow noopener"&gt;https://github.com/apache/wicket/pull/106.patch&lt;/a&gt;&lt;/p&gt;

&lt;p&gt;To close this pull request, make a commit to your master/trunk branch&lt;br/&gt;
with (at least) the following in the commit message:&lt;/p&gt;

&lt;p&gt;    This closes #106&lt;/p&gt;

&lt;hr /&gt;
&lt;p&gt;commit 0ed0a786a3bbe56c5821b9293410b56511aa7ac0&lt;br/&gt;
Author: Alexander Morozov &amp;lt;alexander.v.morozov@gmail.com&amp;gt;&lt;br/&gt;
Date:   2015-03-05T18:16:59Z&lt;/p&gt;

&lt;p&gt;    &lt;a href="https://issues.apache.org/jira/browse/WICKET-5850" title="LazyInitProxyFactory causes NoClassDefFound org/apache/wicket/proxy/ILazyInitProxy in case of multimodule deployment" class="issue-link" data-issue-key="WICKET-5850"&gt;&lt;del&gt;WICKET-5850&lt;/del&gt;&lt;/a&gt; Fix class loading issue in LazyInitProxyFactory in case of multimodule deployment&lt;br/&gt;
    (cherry picked from commit e00c54c)&lt;/p&gt;

&lt;hr /&gt;</comment>
                            <comment id="14350014" author="jira-bot" created="Fri, 6 Mar 2015 06:09:52 +0000">&lt;p&gt;Commit c0f187b57cb55151db775306a70c57cb3d1d3f4e in wicket's branch refs/heads/wicket-6.x from &lt;a href="https://issues.apache.org/jira/secure/ViewProfile.jspa?name=amorozov" class="user-hover" rel="amorozov"&gt;amorozov&lt;/a&gt;&lt;br/&gt;
[ &lt;a href="https://git-wip-us.apache.org/repos/asf?p=wicket.git;h=c0f187b" class="external-link" target="_blank" rel="nofollow noopener"&gt;https://git-wip-us.apache.org/repos/asf?p=wicket.git;h=c0f187b&lt;/a&gt; ]&lt;/p&gt;

&lt;p&gt;&lt;a href="https://issues.apache.org/jira/browse/WICKET-5850" title="LazyInitProxyFactory causes NoClassDefFound org/apache/wicket/proxy/ILazyInitProxy in case of multimodule deployment" class="issue-link" data-issue-key="WICKET-5850"&gt;&lt;del&gt;WICKET-5850&lt;/del&gt;&lt;/a&gt; Fix class loading issue in LazyInitProxyFactory in case of multimodule deployment&lt;/p&gt;</comment>
                            <comment id="14350015" author="jira-bot" created="Fri, 6 Mar 2015 06:10:27 +0000">&lt;p&gt;Commit 73b8ebf87d6d21a72bfd9cd21a961e2b260f6591 in wicket's branch refs/heads/master from &lt;a href="https://issues.apache.org/jira/secure/ViewProfile.jspa?name=amorozov" class="user-hover" rel="amorozov"&gt;amorozov&lt;/a&gt;&lt;br/&gt;
[ &lt;a href="https://git-wip-us.apache.org/repos/asf?p=wicket.git;h=73b8ebf" class="external-link" target="_blank" rel="nofollow noopener"&gt;https://git-wip-us.apache.org/repos/asf?p=wicket.git;h=73b8ebf&lt;/a&gt; ]&lt;/p&gt;

&lt;p&gt;&lt;a href="https://issues.apache.org/jira/browse/WICKET-5850" title="LazyInitProxyFactory causes NoClassDefFound org/apache/wicket/proxy/ILazyInitProxy in case of multimodule deployment" class="issue-link" data-issue-key="WICKET-5850"&gt;&lt;del&gt;WICKET-5850&lt;/del&gt;&lt;/a&gt; Fix class loading issue in LazyInitProxyFactory in case of multimodule deployment&lt;/p&gt;</comment>
                            <comment id="14350022" author="svenmeier" created="Fri, 6 Mar 2015 06:28:30 +0000">&lt;p&gt;Many thanks!&lt;/p&gt;</comment>
                            <comment id="14350081" author="githubbot" created="Fri, 6 Mar 2015 07:52:25 +0000">&lt;p&gt;Github user klopfdreh commented on the pull request:&lt;/p&gt;

&lt;p&gt;    &lt;a href="https://github.com/apache/wicket/pull/105#issuecomment-77519903" class="external-link" target="_blank" rel="nofollow noopener"&gt;https://github.com/apache/wicket/pull/105#issuecomment-77519903&lt;/a&gt;&lt;/p&gt;

&lt;p&gt;    It's integrated: &lt;a href="https://github.com/apache/wicket/commit/c0f187b57cb55151db775306a70c57cb3d1d3f4e" class="external-link" target="_blank" rel="nofollow noopener"&gt;https://github.com/apache/wicket/commit/c0f187b57cb55151db775306a70c57cb3d1d3f4e&lt;/a&gt;&lt;/p&gt;

&lt;p&gt;    Can be closed.&lt;/p&gt;</comment>
                            <comment id="14350083" author="githubbot" created="Fri, 6 Mar 2015 07:53:22 +0000">&lt;p&gt;Github user klopfdreh commented on the pull request:&lt;/p&gt;

&lt;p&gt;    &lt;a href="https://github.com/apache/wicket/pull/106#issuecomment-77519983" class="external-link" target="_blank" rel="nofollow noopener"&gt;https://github.com/apache/wicket/pull/106#issuecomment-77519983&lt;/a&gt;&lt;/p&gt;

&lt;p&gt;    It's integrated: &lt;a href="https://github.com/apache/wicket/commit/73b8ebf87d6d21a72bfd9cd21a961e2b260f6591" class="external-link" target="_blank" rel="nofollow noopener"&gt;https://github.com/apache/wicket/commit/73b8ebf87d6d21a72bfd9cd21a961e2b260f6591&lt;/a&gt;&lt;/p&gt;

&lt;p&gt;    Can be closed.&lt;/p&gt;</comment>
                            <comment id="14350172" author="jira-bot" created="Fri, 6 Mar 2015 10:06:32 +0000">&lt;p&gt;Commit eafffd7d393e194881662b0faf3368e045c3e27c in wicket's branch refs/heads/wicket-6.x from &lt;a href="https://issues.apache.org/jira/secure/ViewProfile.jspa?name=mgrigorov" class="user-hover" rel="mgrigorov"&gt;mgrigorov&lt;/a&gt;&lt;br/&gt;
[ &lt;a href="https://git-wip-us.apache.org/repos/asf?p=wicket.git;h=eafffd7" class="external-link" target="_blank" rel="nofollow noopener"&gt;https://git-wip-us.apache.org/repos/asf?p=wicket.git;h=eafffd7&lt;/a&gt; ]&lt;/p&gt;

&lt;p&gt;&lt;a href="https://issues.apache.org/jira/browse/WICKET-5850" title="LazyInitProxyFactory causes NoClassDefFound org/apache/wicket/proxy/ILazyInitProxy in case of multimodule deployment" class="issue-link" data-issue-key="WICKET-5850"&gt;&lt;del&gt;WICKET-5850&lt;/del&gt;&lt;/a&gt; Fix formatting&lt;/p&gt;</comment>
                            <comment id="14350173" author="jira-bot" created="Fri, 6 Mar 2015 10:06:42 +0000">&lt;p&gt;Commit fbde00fda83dc1f8e8c61866665d1222823a50fb in wicket's branch refs/heads/master from &lt;a href="https://issues.apache.org/jira/secure/ViewProfile.jspa?name=mgrigorov" class="user-hover" rel="mgrigorov"&gt;mgrigorov&lt;/a&gt;&lt;br/&gt;
[ &lt;a href="https://git-wip-us.apache.org/repos/asf?p=wicket.git;h=fbde00f" class="external-link" target="_blank" rel="nofollow noopener"&gt;https://git-wip-us.apache.org/repos/asf?p=wicket.git;h=fbde00f&lt;/a&gt; ]&lt;/p&gt;

&lt;p&gt;&lt;a href="https://issues.apache.org/jira/browse/WICKET-5850" title="LazyInitProxyFactory causes NoClassDefFound org/apache/wicket/proxy/ILazyInitProxy in case of multimodule deployment" class="issue-link" data-issue-key="WICKET-5850"&gt;&lt;del&gt;WICKET-5850&lt;/del&gt;&lt;/a&gt; Fix formatting&lt;/p&gt;

&lt;p&gt;(cherry picked from commit eafffd7d393e194881662b0faf3368e045c3e27c)&lt;/p&gt;</comment>
                            <comment id="14350544" author="githubbot" created="Fri, 6 Mar 2015 16:30:37 +0000">&lt;p&gt;Github user shuraa commented on the pull request:&lt;/p&gt;

&lt;p&gt;    &lt;a href="https://github.com/apache/wicket/pull/106#issuecomment-77588461" class="external-link" target="_blank" rel="nofollow noopener"&gt;https://github.com/apache/wicket/pull/106#issuecomment-77588461&lt;/a&gt;&lt;/p&gt;

&lt;p&gt;    Ok&lt;/p&gt;</comment>
                            <comment id="14350545" author="githubbot" created="Fri, 6 Mar 2015 16:30:37 +0000">&lt;p&gt;Github user shuraa closed the pull request at:&lt;/p&gt;

&lt;p&gt;    &lt;a href="https://github.com/apache/wicket/pull/106" class="external-link" target="_blank" rel="nofollow noopener"&gt;https://github.com/apache/wicket/pull/106&lt;/a&gt;&lt;/p&gt;</comment>
                            <comment id="14350552" author="githubbot" created="Fri, 6 Mar 2015 16:32:24 +0000">&lt;p&gt;Github user shuraa closed the pull request at:&lt;/p&gt;

&lt;p&gt;    &lt;a href="https://github.com/apache/wicket/pull/105" class="external-link" target="_blank" rel="nofollow noopener"&gt;https://github.com/apache/wicket/pull/105&lt;/a&gt;&lt;/p&gt;</comment>
                    </comments>
                    <attachments>
                    </attachments>
                <subtasks>
                    </subtasks>
                <customfields>
                                                                                                                                                                                                                                                                                                                                                                                                                                                                                                                                                                                                                                                                                                                    <customfield id="customfield_12314020" key="com.atlassian.jira.plugins.jira-development-integration-plugin:devsummary">
                        <customfieldname>Development</customfieldname>
                        <customfieldvalues>
                            
                        </customfieldvalues>
                    </customfield>
                                                                                                                        <customfield id="customfield_12313422" key="com.atlassian.jirafisheyeplugin:jobcheckbox">
                        <customfieldname>Enable Automatic Patch Review</customfieldname>
                        <customfieldvalues>
                            <customfieldvalue>false</customfieldvalue>

                        </customfieldvalues>
                    </customfield>
                                                                                                                                                                                                                                                                                                                                                                                                                                                                                                                                                                                                                    <customfield id="customfield_12310420" key="com.pyxis.greenhopper.jira:gh-global-rank">
                        <customfieldname>Global Rank</customfieldname>
                        <customfieldvalues>
                            <customfieldvalue>9223372036854775807</customfieldvalue>
                        </customfieldvalues>
                    </customfield>
                                                                                                                                                                                                                                                                                                                                                                                                                                                                        <customfield id="customfield_12311820" key="com.pyxis.greenhopper.jira:gh-lexo-rank">
                        <customfieldname>Rank</customfieldname>
                        <customfieldvalues>
                            <customfieldvalue>0|i26epr:</customfieldvalue>

                        </customfieldvalues>
                    </customfield>
                                                                <customfield id="customfield_12310920" key="com.pyxis.greenhopper.jira:gh-global-rank">
                        <customfieldname>Rank (Obsolete)</customfieldname>
                        <customfieldvalues>
                            <customfieldvalue>9223372036854775807</customfieldvalue>
                        </customfieldvalues>
                    </customfield>
                                                                                                                                                                                                                                                                                                                                                                                                                                                                                                                                                                                                                                                                                                                                                                                            </customfields>
    </item>


</channel>
</rss>