<rss version="0.92">
    <channel>
        <title>ASF JIRA</title>
        <link>https://issues.apache.org/jira/issues/?jql=project+%3D+wicket+and+type+%3D+bug+and+%28status+%3D+RESOLVED+or+status+%3D+closed%29</link>
        <description>An XML representation of a search request</description>
                <language>en-uk</language>
                        <issue start="0" end="1000" total="4133" />
                <build-info>
            <version>8.20.7</version>
            <build-number>820007</build-number>
            <build-date>16-03-2022</build-date>
        </build-info>

<item>
            <title>[WICKET-5608] Calendar (DataPicker) javascript error in modal window under IE 8</title>
                <link>https://issues.apache.org/jira/browse/WICKET-5608</link>
                <project id="12310561" key="WICKET">Wicket</project>
                    <description>&lt;p&gt;When:&lt;/p&gt;
&lt;ul&gt;
	&lt;li&gt;modal window was created using modal.setContent()&lt;/li&gt;
	&lt;li&gt;containing calendar&lt;/li&gt;
	&lt;li&gt;calendar (datePicker) component is clicked under IE 8&lt;br/&gt;
Then Javascript error is being thrown:
&lt;div class="code panel" style="border-width: 1px;"&gt;&lt;div class="codeContent panelContent"&gt;
&lt;pre class="code-java"&gt;Webpage error details

User Agent: Mozilla/4.0 (compatible; MSIE 8.0; Windows NT 6.1; WOW64; Trident/4.0; SLCC2; .NET CLR 2.0.50727; .NET CLR 3.5.30729; .NET CLR 3.0.30729; Media Center PC 6.0; .NET4.0C; .NET4.0E; InfoPath.3)
Timestamp: Wed, 4 Jun 2014 15:17:47 UTC


Message: Unknown runtime error
Line: 3336
Char: 9
Code: 0
URI: http:&lt;span class="code-comment"&gt;//localhost:8080/calerr/wicket/resource/org.apache.wicket.extensions.yui.YuiLib/calendar/calendar.js
&lt;/span&gt;
&lt;/pre&gt;
&lt;/div&gt;&lt;/div&gt;&lt;/li&gt;
&lt;/ul&gt;


&lt;p&gt;This bug exist since Wicket 6.9.1 (6.15.0 still present)&lt;/p&gt;</description>
                <environment />
        <key id="12718391">WICKET-5608</key>
            <summary>Calendar (DataPicker) javascript error in modal window under IE 8</summary>
                <type id="1" iconUrl="https://issues.apache.org/jira/secure/viewavatar?size=xsmall&amp;avatarId=21133&amp;avatarType=issuetype">Bug</type>
                                            <priority id="3" iconUrl="https://issues.apache.org/jira/images/icons/priorities/major.svg">Major</priority>
                        <status id="5" iconUrl="https://issues.apache.org/jira/images/icons/statuses/resolved.png" description="A resolution has been taken, and it is awaiting verification by reporter. From here issues are either reopened, or are closed.">Resolved</status>
                    <statusCategory id="3" key="done" colorName="green" />
                                    <resolution id="2">Won't Fix</resolution>
                                        <assignee username="-1">Unassigned</assignee>
                                    <reporter username="lech123">Lech S.</reporter>
                        <labels>
                    </labels>
                <created>Wed, 4 Jun 2014 15:20:16 +0000</created>
                <updated>Sun, 15 Nov 2015 22:44:14 +0000</updated>
                            <resolved>Sun, 15 Nov 2015 22:44:14 +0000</resolved>
                                    <version>6.9.1</version>
                    <version>6.15.0</version>
                                                        <due />
                            <votes>0</votes>
                                    <watches>3</watches>
                                                                <comments>
                            <comment id="14017760" author="lech123" created="Wed, 4 Jun 2014 15:21:31 +0000">&lt;p&gt;&lt;span class="nobr"&gt;&lt;a href="https://issues.apache.org/jira/secure/attachment/12648335/12648335_calerr.7z" title="calerr.7z attached to WICKET-5608"&gt;calerr.7z&lt;sup&gt;&lt;img class="rendericon" src="https://issues.apache.org/jira/images/icons/link_attachment_7.gif" height="7" width="7" align="absmiddle" alt="" border="0"/&gt;&lt;/sup&gt;&lt;/a&gt;&lt;/span&gt; Source code containing x2 bugs  (&lt;a href="http://www.7-zip.org/" class="external-link" target="_blank" rel="nofollow noopener"&gt;7-zip &lt;/a&gt; is required to extract)&lt;/p&gt;</comment>
                            <comment id="14053774" author="mgrigorov" created="Mon, 7 Jul 2014 15:46:06 +0000">&lt;p&gt;I've spent a lot of time on this and I cannot find out what is the problem.&lt;br/&gt;
There are many complains in Internet about IE8 and innerHTML.&lt;br/&gt;
I have the feeling that it fails because the produced HTML is invalid - org.apache.wicket.extensions.yui.calendar.DatePicker#afterRender() writes some &amp;lt;span&amp;gt; elements (an inline element!) and later line 3336 tries to set a &amp;lt;table&amp;gt; as innerHTML. I've changed it to &amp;lt;div&amp;gt; instead and now the HTML is valid but IE8 still fails ...&lt;br/&gt;
The only way I made it work is by removing all children of the &amp;lt;div&amp;gt;, then create a dummy child and finally use jQuery.replaceWith() to replace the dummy with the generated HTML. I guess jQuery sanitizes it somehow. But this fix is really ugly - it introduces jQuery in this YUI2 based component ...&lt;/p&gt;

&lt;p&gt;I'd recommend you to use any jQuery based datepicker. Wicket-Bootstrap and Wicket-JQuery-UI projects provide such.&lt;/p&gt;</comment>
                            <comment id="14054688" author="lech123" created="Tue, 8 Jul 2014 09:21:43 +0000">&lt;p&gt;The workarounds are not good enough for me. &lt;br/&gt;
I &lt;b&gt;cannot&lt;/b&gt;:&lt;/p&gt;
&lt;ul&gt;
	&lt;li&gt;Refactor all application and remove &amp;lt;div&amp;gt; from it; example &lt;span class="nobr"&gt;&lt;a href="https://issues.apache.org/jira/secure/attachment/12648335/12648335_calerr.7z" title="calerr.7z attached to WICKET-5608"&gt;calerr.7z&lt;sup&gt;&lt;img class="rendericon" src="https://issues.apache.org/jira/images/icons/link_attachment_7.gif" height="7" width="7" align="absmiddle" alt="" border="0"/&gt;&lt;/sup&gt;&lt;/a&gt;&lt;/span&gt; try to &lt;em&gt;showcase&lt;/em&gt; some generic mechanism for pop-ups.&lt;/li&gt;
	&lt;li&gt;add any new library at all&lt;/li&gt;
&lt;/ul&gt;


&lt;p&gt;What about not nice solution just for IE 8 ? Can it be implemented as DataPicker-IE8 as component working under IE 8 ? &lt;br/&gt;
If not could you provide example workaround based only on wicket panel classes and htmls modification only ?&lt;/p&gt;
</comment>
                            <comment id="14054854" author="mgrigorov" created="Tue, 8 Jul 2014 11:33:45 +0000">&lt;p&gt;Changing the &amp;lt;span&amp;gt; with &amp;lt;div&amp;gt; didn't help. But I think it is a good change because the currently produced HTML is invalid!&lt;br/&gt;
The only way I was able to see it working in IE8 is by replacing &lt;/p&gt;
&lt;div class="code panel" style="border-width: 1px;"&gt;&lt;div class="codeContent panelContent"&gt;
&lt;pre class="code-java"&gt;&lt;span class="code-keyword"&gt;this&lt;/span&gt;.oDomContainer.innerHTML = html.join(&lt;span class="code-quote"&gt;"\n"&lt;/span&gt;);  &lt;span class="code-comment"&gt;// &lt;span class="code-keyword"&gt;this&lt;/span&gt; is line 3336&lt;/span&gt;
&lt;/pre&gt;
&lt;/div&gt;&lt;/div&gt;

&lt;p&gt;to &lt;/p&gt;

&lt;div class="code panel" style="border-width: 1px;"&gt;&lt;div class="codeContent panelContent"&gt;
&lt;pre class="code-java"&gt;Wicket.DOM.replace(&lt;span class="code-keyword"&gt;this&lt;/span&gt;.oDomContainer.firstChild, html.join(&lt;span class="code-quote"&gt;"\n"&lt;/span&gt;));
&lt;/pre&gt;
&lt;/div&gt;&lt;/div&gt;

&lt;p&gt;Quite ugly, isn't it?&lt;/p&gt;

&lt;p&gt;Now I see that calendar.js #renderBody() produces invalid HTML when doing:&lt;/p&gt;
&lt;div class="code panel" style="border-width: 1px;"&gt;&lt;div class="codeContent panelContent"&gt;
&lt;pre class="code-java"&gt;html[html.length] = tempDiv.innerHTML;
&lt;/pre&gt;
&lt;/div&gt;&lt;/div&gt;

&lt;p&gt;Only in IE it doesn't wrap the id values in quotes. E.g. &amp;lt;td id=some_cell_id class="some classes"&amp;gt;...&lt;br/&gt;
I'll try to fix it with some Regex and see whether it helps.&lt;/p&gt;</comment>
                            <comment id="14054901" author="mgrigorov" created="Tue, 8 Jul 2014 12:52:51 +0000">&lt;p&gt;Attaching a patch with improvements but still it breaks in IE8.&lt;/p&gt;</comment>
                            <comment id="15006074" author="mgrigorov" created="Sun, 15 Nov 2015 22:44:14 +0000">&lt;p&gt;Both IE8 and YUI are not supported any more.&lt;br/&gt;
Closing as "Won't fix".&lt;/p&gt;</comment>
                    </comments>
                <issuelinks>
                            <issuelinktype id="10030">
                    <name>Reference</name>
                                                                <inwardlinks description="is related to">
                                        <issuelink>
            <issuekey id="12703932">WICKET-5544</issuekey>
        </issuelink>
                            </inwardlinks>
                                    </issuelinktype>
                    </issuelinks>
                <attachments>
                            <attachment id="12654577" name="WICKET-5608.patch" size="2707" author="mgrigorov" created="Tue, 8 Jul 2014 12:52:51 +0000" />
                            <attachment id="12648335" name="calerr.7z" size="30267" author="lech123" created="Wed, 4 Jun 2014 15:21:31 +0000" />
                    </attachments>
                <subtasks>
                    </subtasks>
                <customfields>
                                                                                                                                                                                                                                                                                                                                                                                                                                                                                                                                                                                                                                                                                                                    <customfield id="customfield_12314020" key="com.atlassian.jira.plugins.jira-development-integration-plugin:devsummary">
                        <customfieldname>Development</customfieldname>
                        <customfieldvalues>
                            
                        </customfieldvalues>
                    </customfield>
                                                                                                                        <customfield id="customfield_12313422" key="com.atlassian.jirafisheyeplugin:jobcheckbox">
                        <customfieldname>Enable Automatic Patch Review</customfieldname>
                        <customfieldvalues>
                            <customfieldvalue>false</customfieldvalue>

                        </customfieldvalues>
                    </customfield>
                                                                                                                                                                                                                                                                                                                                                                                                                                                                                                                                                                                                                    <customfield id="customfield_12310420" key="com.pyxis.greenhopper.jira:gh-global-rank">
                        <customfieldname>Global Rank</customfieldname>
                        <customfieldvalues>
                            <customfieldvalue>396590</customfieldvalue>
                        </customfieldvalues>
                    </customfield>
                                                                                                                                                                                                                                                                                                                                                                                                                                                                        <customfield id="customfield_12311820" key="com.pyxis.greenhopper.jira:gh-lexo-rank">
                        <customfieldname>Rank</customfieldname>
                        <customfieldvalues>
                            <customfieldvalue>0|i1wa1r:</customfieldvalue>

                        </customfieldvalues>
                    </customfield>
                                                                <customfield id="customfield_12310920" key="com.pyxis.greenhopper.jira:gh-global-rank">
                        <customfieldname>Rank (Obsolete)</customfieldname>
                        <customfieldvalues>
                            <customfieldvalue>396711</customfieldvalue>
                        </customfieldvalues>
                    </customfield>
                                                                                                                                                                                                                                                                                                                                                                                                                                                                                                                                                                                                                                                                                                                                                                                            </customfields>
    </item>


</channel>
</rss>