<rss version="0.92">
    <channel>
        <title>ASF JIRA</title>
        <link>https://issues.apache.org/jira/issues/?jql=project+%3D+wicket+and+type+%3D+bug+and+%28status+%3D+RESOLVED+or+status+%3D+closed%29</link>
        <description>An XML representation of a search request</description>
                <language>en-uk</language>
                        <issue start="0" end="1000" total="4133" />
                <build-info>
            <version>8.20.7</version>
            <build-number>820007</build-number>
            <build-date>16-03-2022</build-date>
        </build-info>

<item>
            <title>[WICKET-5234] OnEventHeaderItem can't be applied via AJAX</title>
                <link>https://issues.apache.org/jira/browse/WICKET-5234</link>
                <project id="12310561" key="WICKET">Wicket</project>
                    <description>&lt;p&gt;OnEventHeaderItem doesn't have effect if it is applied to a component refreshed via AJAX. In short, OnEventHeaderItem is applied before the component is refreshed via AJAX, hence the releated event handler is removed from the target component. &lt;br/&gt;
We could modify JavaScript function Wicket.Ajax.Call.loadedCallback in order to apply header contributors after the component has been refreshed (see patch).&lt;/p&gt;</description>
                <environment />
        <key id="12652734">WICKET-5234</key>
            <summary>OnEventHeaderItem can't be applied via AJAX</summary>
                <type id="1" iconUrl="https://issues.apache.org/jira/secure/viewavatar?size=xsmall&amp;avatarId=21133&amp;avatarType=issuetype">Bug</type>
                                            <priority id="3" iconUrl="https://issues.apache.org/jira/images/icons/priorities/major.svg">Major</priority>
                        <status id="5" iconUrl="https://issues.apache.org/jira/images/icons/statuses/resolved.png" description="A resolution has been taken, and it is awaiting verification by reporter. From here issues are either reopened, or are closed.">Resolved</status>
                    <statusCategory id="3" key="done" colorName="green" />
                                    <resolution id="1">Fixed</resolution>
                                        <assignee username="mgrigorov">Martin Tzvetanov Grigorov</assignee>
                                    <reporter username="bitstorm">Andrea Del Bene</reporter>
                        <labels>
                    </labels>
                <created>Thu, 13 Jun 2013 19:46:03 +0000</created>
                <updated>Mon, 24 Jun 2013 11:49:46 +0000</updated>
                            <resolved>Mon, 24 Jun 2013 11:49:46 +0000</resolved>
                                                    <fixVersion>6.9.0</fixVersion>
                    <fixVersion>1.5.11</fixVersion>
                    <fixVersion>7.0.0-M1</fixVersion>
                                        <due />
                            <votes>0</votes>
                                    <watches>2</watches>
                                                                                                            <comments>
                            <comment id="13682641" author="bitstorm" created="Thu, 13 Jun 2013 20:02:49 +0000">&lt;p&gt;I've attached a quickstart project as well to show you the problem.&lt;/p&gt;</comment>
                            <comment id="13683187" author="mgrigorov" created="Fri, 14 Jun 2013 08:13:27 +0000">&lt;p&gt;The suggested patch is not good because the prepended/appended scripts by AjaxRequestTarget may need JS library to be able to do their job.&lt;/p&gt;
</comment>
                            <comment id="13683201" author="mgrigorov" created="Fri, 14 Jun 2013 08:24:23 +0000">&lt;p&gt;AjaxHeaderResponse now handles OnEventHeaderItem specially as it already does with OnLoad and OnDomReady header items&lt;/p&gt;</comment>
                            <comment id="13691237" author="bitstorm" created="Sat, 22 Jun 2013 20:12:40 +0000">&lt;p&gt;Method getJavaScript of OnEventHeaderItem returns the script without its event handler. I added a patch that adds method getFullJavaScript to OnEventHeaderItem to solve the problem.&lt;/p&gt;</comment>
                    </comments>
                    <attachments>
                            <attachment id="12589263" name="EventScript.patch" size="2356" author="bitstorm" created="Sat, 22 Jun 2013 20:08:33 +0000" />
                            <attachment id="12587692" name="OnEventAjax.zip" size="33120" author="bitstorm" created="Thu, 13 Jun 2013 20:02:19 +0000" />
                            <attachment id="12587691" name="WICKET-5234.patch" size="1245" author="bitstorm" created="Thu, 13 Jun 2013 19:48:19 +0000" />
                    </attachments>
                <subtasks>
                            <subtask id="12654479">WICKET-5248</subtask>
                    </subtasks>
                <customfields>
                                                                                                                                                                                                                                                                                                                                                                                                                                                                                                                                                                                                                                                                                                                    <customfield id="customfield_12314020" key="com.atlassian.jira.plugins.jira-development-integration-plugin:devsummary">
                        <customfieldname>Development</customfieldname>
                        <customfieldvalues>
                            
                        </customfieldvalues>
                    </customfield>
                                                                                                                        <customfield id="customfield_12313422" key="com.atlassian.jirafisheyeplugin:jobcheckbox">
                        <customfieldname>Enable Automatic Patch Review</customfieldname>
                        <customfieldvalues>
                            <customfieldvalue>false</customfieldvalue>

                        </customfieldvalues>
                    </customfield>
                                                                                                                                                                                                                                                                                                                                                                                                                                                                                                                                                                                                                    <customfield id="customfield_12310420" key="com.pyxis.greenhopper.jira:gh-global-rank">
                        <customfieldname>Global Rank</customfieldname>
                        <customfieldvalues>
                            <customfieldvalue>333058</customfieldvalue>
                        </customfieldvalues>
                    </customfield>
                                                                                                                                                                                                                                                                                                                                                                                                                                                                        <customfield id="customfield_12311820" key="com.pyxis.greenhopper.jira:gh-lexo-rank">
                        <customfieldname>Rank</customfieldname>
                        <customfieldvalues>
                            <customfieldvalue>0|i1lge7:</customfieldvalue>

                        </customfieldvalues>
                    </customfield>
                                                                <customfield id="customfield_12310920" key="com.pyxis.greenhopper.jira:gh-global-rank">
                        <customfieldname>Rank (Obsolete)</customfieldname>
                        <customfieldvalues>
                            <customfieldvalue>333386</customfieldvalue>
                        </customfieldvalues>
                    </customfield>
                                                                                                                                                                                                                                                                                                                                                                                                                                                                                                                                                                                                                                                                                                                                                                                            </customfields>
    </item>


</channel>
</rss>