<rss version="0.92">
    <channel>
        <title>ASF JIRA</title>
        <link>https://issues.apache.org/jira/issues/?jql=project+%3D+wicket+and+type+%3D+bug+and+%28status+%3D+RESOLVED+or+status+%3D+closed%29</link>
        <description>An XML representation of a search request</description>
                <language>en-uk</language>
                        <issue start="0" end="1000" total="4133" />
                <build-info>
            <version>8.20.7</version>
            <build-number>820007</build-number>
            <build-date>16-03-2022</build-date>
        </build-info>

<item>
            <title>[WICKET-5180] setResponsePage from Ajax request cycle doesnt redirect correctly</title>
                <link>https://issues.apache.org/jira/browse/WICKET-5180</link>
                <project id="12310561" key="WICKET">Wicket</project>
                    <description>&lt;p&gt;See attached quickstart.  Hit localhost:8080/gateway and contrast this to hitting localhost:8080/target (restart app after each test). User/Password can be anything.&lt;/p&gt;

&lt;p&gt;When invoking setResponsePage() from the AjaxRequestCycle, the target page is not shown after authentication, but instead the ajax-response is displayed.&lt;/p&gt;

&lt;p&gt;URL after auth is: &lt;a href="http://localhost:8080/gateway?0-1.IBehaviorListener.0-" class="external-link" target="_blank" rel="nofollow noopener"&gt;http://localhost:8080/gateway?0-1.IBehaviorListener.0-&lt;/a&gt;&lt;/p&gt;

&lt;p&gt;Page content is:&lt;/p&gt;

{html}&lt;br/&gt;
&amp;lt;html xmlns="http://www.w3.org/1999/xhtml" xmlns:wicket="http://wicket.apache.org/dtds.data/wicket-xhtml1.4-strict.dtd"&amp;gt;&lt;br/&gt;
&amp;lt;head&amp;gt;&amp;lt;script type="text/javascript" src="./wicket/resource/org.apache.wicket.resource.JQueryResourceReference/jquery/jquery-ver-1366290154000.js"&amp;gt;&amp;lt;/script&amp;gt;&lt;br/&gt;
&amp;lt;script type="text/javascript" src="./wicket/resource/org.apache.wicket.ajax.AbstractDefaultAjaxBehavior/res/js/wicket-event-jquery-ver-1366290154000.js"&amp;gt;&amp;lt;/script&amp;gt;&lt;br/&gt;
&amp;lt;script type="text/javascript" src="./wicket/resource/org.apache.wicket.ajax.AbstractDefaultAjaxBehavior/res/js/wicket-ajax-jquery-ver-1366290154000.js"&amp;gt;&amp;lt;/script&amp;gt;&lt;br/&gt;
&amp;lt;script type="text/javascript" src="./wicket/resource/org.apache.wicket.ajax.AbstractDefaultAjaxBehavior/res/js/wicket-ajax-jquery-debug-ver-1366290154000.js"&amp;gt;&amp;lt;/script&amp;gt;&lt;br/&gt;
&amp;lt;script type="text/javascript" id="wicket-ajax-debug-enable"&amp;gt;&lt;br/&gt;
/&lt;b&gt;&amp;lt;![CDATA[&lt;/b&gt;/&lt;br/&gt;
Wicket.Ajax.DebugWindow.enabled=true;&lt;br/&gt;
/&lt;b&gt;]]&amp;gt;&lt;/b&gt;/&lt;br/&gt;
&amp;lt;/script&amp;gt;&lt;br/&gt;
&amp;lt;script type="text/javascript" id="wicket-ajax-base-url"&amp;gt;&lt;br/&gt;
/&lt;b&gt;&amp;lt;![CDATA[&lt;/b&gt;/&lt;br/&gt;
Wicket.Ajax.baseUrl="gateway?0";&lt;br/&gt;
/&lt;b&gt;]]&amp;gt;&lt;/b&gt;/&lt;br/&gt;
&amp;lt;/script&amp;gt;&lt;br/&gt;
&amp;lt;script type="text/javascript" id="AbstractAjaxTimerBehavior-timers"&amp;gt;&lt;br/&gt;
/&lt;b&gt;&amp;lt;![CDATA[&lt;/b&gt;/&lt;br/&gt;
if (typeof(Wicket.TimerHandles) === 'undefined') {Wicket.TimerHandles = {}}&lt;br/&gt;
/&lt;b&gt;]]&amp;gt;&lt;/b&gt;/&lt;br/&gt;
&amp;lt;/script&amp;gt;&lt;br/&gt;
&amp;lt;script type="text/javascript" &amp;gt;&lt;br/&gt;
/&lt;b&gt;&amp;lt;![CDATA[&lt;/b&gt;/&lt;br/&gt;
Wicket.Event.add(window, "load", function(event) { &lt;br/&gt;
Wicket.TimerHandles&lt;span class="error"&gt;&amp;#91;&amp;#39;id01&amp;#39;&amp;#93;&lt;/span&gt; = setTimeout('Wicket.Ajax.ajax({\"u\":\"./gateway?0-1.IBehaviorListener.0-\"});', 5000);&lt;br/&gt;
;});&lt;br/&gt;
/&lt;b&gt;]]&amp;gt;&lt;/b&gt;/&lt;br/&gt;
&amp;lt;/script&amp;gt;&lt;br/&gt;
&amp;lt;/head&amp;gt;&amp;lt;body&amp;gt;&lt;br/&gt;
&lt;br/&gt;
You will be redirected in 5s.&lt;br/&gt;
&lt;br/&gt;
&amp;lt;/body&amp;gt;&lt;br/&gt;
&amp;lt;/html&amp;gt;{html}

&lt;p&gt;This looks like the browser was never sent to the target page (TargetPage.class)&lt;/p&gt;</description>
                <environment />
        <key id="12646251">WICKET-5180</key>
            <summary>setResponsePage from Ajax request cycle doesnt redirect correctly</summary>
                <type id="1" iconUrl="https://issues.apache.org/jira/secure/viewavatar?size=xsmall&amp;avatarId=21133&amp;avatarType=issuetype">Bug</type>
                                            <priority id="3" iconUrl="https://issues.apache.org/jira/images/icons/priorities/major.svg">Major</priority>
                        <status id="5" iconUrl="https://issues.apache.org/jira/images/icons/statuses/resolved.png" description="A resolution has been taken, and it is awaiting verification by reporter. From here issues are either reopened, or are closed.">Resolved</status>
                    <statusCategory id="3" key="done" colorName="green" />
                                    <resolution id="8">Not A Problem</resolution>
                                        <assignee username="svenmeier">Sven Meier</assignee>
                                    <reporter username="nickpratt">Nick Pratt</reporter>
                        <labels>
                    </labels>
                <created>Mon, 6 May 2013 17:26:06 +0000</created>
                <updated>Thu, 9 May 2013 09:31:50 +0000</updated>
                            <resolved>Thu, 9 May 2013 09:31:50 +0000</resolved>
                                    <version>6.7.0</version>
                                                        <due />
                            <votes>0</votes>
                                    <watches>3</watches>
                                                                <comments>
                            <comment id="13649922" author="nickpratt" created="Mon, 6 May 2013 17:56:44 +0000">&lt;p&gt;Why does moving the timer.stop() call below the setResponsePage() make this code work?&lt;/p&gt;</comment>
                            <comment id="13652286" author="svenmeier" created="Wed, 8 May 2013 20:11:41 +0000">&lt;p&gt;&amp;gt;Why does moving the timer.stop() call below the setResponsePage() make this code work? &lt;/p&gt;

&lt;p&gt;When you instantiate the TargetPage in #onTimer(), a redirect exception is thrown immediately, thus #stop() is never invoked.&lt;/p&gt;</comment>
                            <comment id="13652332" author="nickpratt" created="Wed, 8 May 2013 20:45:29 +0000">&lt;p&gt;So why would invoking stop and then throwing the exception not work?&lt;/p&gt;</comment>
                            <comment id="13652380" author="svenmeier" created="Wed, 8 May 2013 21:35:40 +0000">&lt;p&gt;Problem is that the intercepted request is an Ajax one:&lt;/p&gt;
&lt;ul class="alternate" type="square"&gt;
	&lt;li&gt;AjaxBehavior request comes in&lt;/li&gt;
	&lt;li&gt;timer is stopped&lt;/li&gt;
	&lt;li&gt;Gateway wants to set responsePage, but is intercepted to Login&lt;/li&gt;
	&lt;li&gt;Login page shown&lt;/li&gt;
	&lt;li&gt;Login continues to original AjaxBehavior&lt;/li&gt;
	&lt;li&gt;request comes in for AjaxBehavior but &lt;b&gt;without&lt;/b&gt; Wicket-Ajax header&lt;/li&gt;
	&lt;li&gt;ART is scheduled&lt;/li&gt;
	&lt;li&gt;listener ignores request because it is already stopped&lt;/li&gt;
	&lt;li&gt;browser receives empty response of ART&lt;/li&gt;
&lt;/ul&gt;


&lt;p&gt;Why does it work without stop()?&lt;/p&gt;
&lt;ul class="alternate" type="square"&gt;
	&lt;li&gt;AjaxBehavior request comes in&lt;/li&gt;
	&lt;li&gt;Gateway wants to set responsePage, but is intercepted to Login&lt;/li&gt;
	&lt;li&gt;Login page shown&lt;/li&gt;
	&lt;li&gt;Login continues to original AjaxBehavior&lt;/li&gt;
	&lt;li&gt;request comes in for AjaxBehavior but &lt;b&gt;without&lt;/b&gt; Wicket-Ajax header&lt;/li&gt;
	&lt;li&gt;ART is scheduled&lt;/li&gt;
	&lt;li&gt;timer is stopped (doesn't matter)&lt;/li&gt;
	&lt;li&gt;Gateway sets responsePage&lt;/li&gt;
	&lt;li&gt;responsePage is rendered normally, since request isn't an Ajax request (i.e. it doesn't have the Wicket-Ajax header)&lt;/li&gt;
&lt;/ul&gt;
</comment>
                            <comment id="13652838" author="svenmeier" created="Thu, 9 May 2013 09:31:50 +0000">&lt;p&gt;Call #setResponsePage(TargetPage.class) and it will work fine.&lt;/p&gt;</comment>
                    </comments>
                    <attachments>
                            <attachment id="12581912" name="quickstart.tar.gz" size="8089" author="nickpratt" created="Mon, 6 May 2013 17:26:27 +0000" />
                    </attachments>
                <subtasks>
                    </subtasks>
                <customfields>
                                                                                                                                                                                                                                                                                                                                                                                                                                                                                                                                                                                                                                                                                                                    <customfield id="customfield_12314020" key="com.atlassian.jira.plugins.jira-development-integration-plugin:devsummary">
                        <customfieldname>Development</customfieldname>
                        <customfieldvalues>
                            
                        </customfieldvalues>
                    </customfield>
                                                                                                                        <customfield id="customfield_12313422" key="com.atlassian.jirafisheyeplugin:jobcheckbox">
                        <customfieldname>Enable Automatic Patch Review</customfieldname>
                        <customfieldvalues>
                            <customfieldvalue>false</customfieldvalue>

                        </customfieldvalues>
                    </customfield>
                                                                                                                                                                                                                                                                                                                                                                                                                                                                                                                                                                                                                    <customfield id="customfield_12310420" key="com.pyxis.greenhopper.jira:gh-global-rank">
                        <customfieldname>Global Rank</customfieldname>
                        <customfieldvalues>
                            <customfieldvalue>326609</customfieldvalue>
                        </customfieldvalues>
                    </customfield>
                                                                                                                                                                                                                                                                                                                                                                                                                                                                        <customfield id="customfield_12311820" key="com.pyxis.greenhopper.jira:gh-lexo-rank">
                        <customfieldname>Rank</customfieldname>
                        <customfieldvalues>
                            <customfieldvalue>0|i1kchb:</customfieldvalue>

                        </customfieldvalues>
                    </customfield>
                                                                <customfield id="customfield_12310920" key="com.pyxis.greenhopper.jira:gh-global-rank">
                        <customfieldname>Rank (Obsolete)</customfieldname>
                        <customfieldvalues>
                            <customfieldvalue>326954</customfieldvalue>
                        </customfieldvalues>
                    </customfield>
                                                                                                                                                                                                                                                                                                                                                                                                                                                                                                                                                                                                                                                                                                                                                                                            </customfields>
    </item>


</channel>
</rss>