<rss version="0.92">
    <channel>
        <title>ASF JIRA</title>
        <link>https://issues.apache.org/jira/issues/?jql=project+%3D+wicket+and+type+%3D+bug+and+%28status+%3D+RESOLVED+or+status+%3D+closed%29</link>
        <description>An XML representation of a search request</description>
                <language>en-uk</language>
                        <issue start="0" end="1000" total="4133" />
                <build-info>
            <version>8.20.7</version>
            <build-number>820007</build-number>
            <build-date>16-03-2022</build-date>
        </build-info>

<item>
            <title>[WICKET-5237] Wicket generates invalid HTML by expanding col tags</title>
                <link>https://issues.apache.org/jira/browse/WICKET-5237</link>
                <project id="12310561" key="WICKET">Wicket</project>
                    <description>&lt;p&gt;hi,&lt;/p&gt;

&lt;p&gt;I just noticed that wicket expands col tags, even though the (x)html specifications forbids it.&lt;/p&gt;

&lt;p&gt;take this markup as an example:&lt;/p&gt;

&lt;p&gt;&amp;lt;table&amp;gt;&lt;br/&gt;
    &amp;lt;colgroup&amp;gt;&lt;br/&gt;
        &amp;lt;col width="20%" /&amp;gt;&lt;br/&gt;
        &amp;lt;col width="80%" /&amp;gt;&lt;br/&gt;
    &amp;lt;/colgroup&amp;gt;&lt;br/&gt;
    &amp;lt;tbody&amp;gt;&lt;br/&gt;
        &amp;lt;tr&amp;gt;&lt;br/&gt;
            &amp;lt;td&amp;gt;I take a fifth of the available space&amp;lt;/td&amp;gt;&lt;br/&gt;
            &amp;lt;td&amp;gt;I take four fifth of the available space&amp;lt;/td&amp;gt;&lt;br/&gt;
        &amp;lt;/tr&amp;gt;&lt;br/&gt;
    &amp;lt;/tbody&amp;gt;&lt;br/&gt;
&amp;lt;/table&amp;gt;&lt;/p&gt;

&lt;p&gt;Instead of return this as-is, it get's converted to:&lt;/p&gt;

&lt;p&gt;&amp;lt;table&amp;gt;&lt;br/&gt;
    &amp;lt;colgroup&amp;gt;&lt;br/&gt;
        &amp;lt;col width="20%"&amp;gt;&amp;lt;/col&amp;gt;&lt;br/&gt;
        &amp;lt;col width="80%"&amp;gt;&amp;lt;/col&amp;gt;&lt;br/&gt;
    &amp;lt;/colgroup&amp;gt;&lt;br/&gt;
    &amp;lt;tbody&amp;gt;&lt;br/&gt;
        &amp;lt;tr&amp;gt;&lt;br/&gt;
            &amp;lt;td&amp;gt;I take a fifth of the available space&amp;lt;/td&amp;gt;&lt;br/&gt;
            &amp;lt;td&amp;gt;I take four fifth of the available space&amp;lt;/td&amp;gt;&lt;br/&gt;
        &amp;lt;/tr&amp;gt;&lt;br/&gt;
    &amp;lt;/tbody&amp;gt;&lt;br/&gt;
&amp;lt;/table&amp;gt;&lt;/p&gt;

&lt;p&gt;But the specifications mention that col tags must not have end tags. This may be related to &lt;a href="https://issues.apache.org/jira/browse/WICKET-2765" title="MarkupException on unclosed &amp;lt;col&amp;gt; tag" class="issue-link" data-issue-key="WICKET-2765"&gt;&lt;del&gt;WICKET-2765&lt;/del&gt;&lt;/a&gt;, as this seems to be the point when col was added to the OpenCloseTagExpander class. Note that it is ok to have a non closing col tag in html (self-closing in xhtml). It's all about generating a separated end tag.&lt;/p&gt;

&lt;p&gt;This happens in wicket 6.8, but I guess it's relevant to all versions down to wicket 1.4.&lt;/p&gt;

&lt;p&gt;Specs for reference:&lt;/p&gt;

&lt;p&gt;&lt;a href="http://www.w3.org/TR/1999/REC-html401-19991224/struct/tables.html#edef-COL" class="external-link" target="_blank" rel="nofollow noopener"&gt;http://www.w3.org/TR/1999/REC-html401-19991224/struct/tables.html#edef-COL&lt;/a&gt;&lt;br/&gt;
&lt;a href="http://www.w3.org/TR/html-markup/col.html" class="external-link" target="_blank" rel="nofollow noopener"&gt;http://www.w3.org/TR/html-markup/col.html&lt;/a&gt;&lt;/p&gt;

&lt;p&gt;Kind regards,&lt;/p&gt;

&lt;p&gt;Konrad&lt;/p&gt;</description>
                <environment>Ubuntu 12.10, 3.5.0-32-generic #53-Ubuntu SMP Wed May 29 20:23:04 UTC 2013 x86_64 x86_64 x86_64 GNU/Linux&lt;br/&gt;
java version &amp;quot;1.7.0_21&amp;quot;&lt;br/&gt;
Java(TM) SE Runtime Environment (build 1.7.0_21-b11)&lt;br/&gt;
Java HotSpot(TM) 64-Bit Server VM (build 23.21-b01, mixed mode)</environment>
        <key id="12653167">WICKET-5237</key>
            <summary>Wicket generates invalid HTML by expanding col tags</summary>
                <type id="1" iconUrl="https://issues.apache.org/jira/secure/viewavatar?size=xsmall&amp;avatarId=21133&amp;avatarType=issuetype">Bug</type>
                                            <priority id="4" iconUrl="https://issues.apache.org/jira/images/icons/priorities/minor.svg">Minor</priority>
                        <status id="5" iconUrl="https://issues.apache.org/jira/images/icons/statuses/resolved.png" description="A resolution has been taken, and it is awaiting verification by reporter. From here issues are either reopened, or are closed.">Resolved</status>
                    <statusCategory id="3" key="done" colorName="green" />
                                    <resolution id="1">Fixed</resolution>
                                        <assignee username="mgrigorov">Martin Tzvetanov Grigorov</assignee>
                                    <reporter username="kmohrf">Konrad Mohrfeldt</reporter>
                        <labels>
                            <label>html</label>
                    </labels>
                <created>Mon, 17 Jun 2013 10:25:46 +0000</created>
                <updated>Wed, 19 Jun 2013 09:27:08 +0000</updated>
                            <resolved>Wed, 19 Jun 2013 09:27:08 +0000</resolved>
                                    <version>6.8.0</version>
                                    <fixVersion>6.9.0</fixVersion>
                    <fixVersion>7.0.0-M1</fixVersion>
                                        <due />
                            <votes>0</votes>
                                    <watches>1</watches>
                                                                        <attachments>
                    </attachments>
                <subtasks>
                    </subtasks>
                <customfields>
                                                                                                                                                                                                                                                                                                                                                                                                                                                                                                                                                                                                                                                                                                                    <customfield id="customfield_12314020" key="com.atlassian.jira.plugins.jira-development-integration-plugin:devsummary">
                        <customfieldname>Development</customfieldname>
                        <customfieldvalues>
                            
                        </customfieldvalues>
                    </customfield>
                                                                                                                        <customfield id="customfield_12313422" key="com.atlassian.jirafisheyeplugin:jobcheckbox">
                        <customfieldname>Enable Automatic Patch Review</customfieldname>
                        <customfieldvalues>
                            <customfieldvalue>false</customfieldvalue>

                        </customfieldvalues>
                    </customfield>
                                                                                                                                                                                                                                                                                                                                                                                                                                                                                                                                                                                                                    <customfield id="customfield_12310420" key="com.pyxis.greenhopper.jira:gh-global-rank">
                        <customfieldname>Global Rank</customfieldname>
                        <customfieldvalues>
                            <customfieldvalue>333490</customfieldvalue>
                        </customfieldvalues>
                    </customfield>
                                                                                                                                                                                                                                                                                                                                                                                                                                                                        <customfield id="customfield_12311820" key="com.pyxis.greenhopper.jira:gh-lexo-rank">
                        <customfieldname>Rank</customfieldname>
                        <customfieldvalues>
                            <customfieldvalue>0|i1lj27:</customfieldvalue>

                        </customfieldvalues>
                    </customfield>
                                                                <customfield id="customfield_12310920" key="com.pyxis.greenhopper.jira:gh-global-rank">
                        <customfieldname>Rank (Obsolete)</customfieldname>
                        <customfieldvalues>
                            <customfieldvalue>333818</customfieldvalue>
                        </customfieldvalues>
                    </customfield>
                                                                                                                                                                                                                                                                                                                                                                                                                                                                                                                                                                                                                                                                                                                                                                                            </customfields>
    </item>


</channel>
</rss>