<rss version="0.92">
    <channel>
        <title>ASF JIRA</title>
        <link>https://issues.apache.org/jira/issues/?jql=project+%3D+wicket+and+type+%3D+bug+and+%28status+%3D+RESOLVED+or+status+%3D+closed%29</link>
        <description>An XML representation of a search request</description>
                <language>en-uk</language>
                        <issue start="0" end="1000" total="4133" />
                <build-info>
            <version>8.20.7</version>
            <build-number>820007</build-number>
            <build-date>16-03-2022</build-date>
        </build-info>

<item>
            <title>[WICKET-5545] Cannot use redirect in ModalWindow's page#onInitialize()</title>
                <link>https://issues.apache.org/jira/browse/WICKET-5545</link>
                <project id="12310561" key="WICKET">Wicket</project>
                    <description>&lt;p&gt;With &lt;a href="https://issues.apache.org/jira/browse/WICKET-5415" title="Do not initialize pages which were not rendered" class="issue-link" data-issue-key="WICKET-5415"&gt;&lt;del&gt;WICKET-5415&lt;/del&gt;&lt;/a&gt; Wicket no more stores pages which were not rendered, even if they are stateful.&lt;br/&gt;
To do this we moved the code that marks the page as used from its constructor to #onInitialize() (IPageManager#touch(page)). &lt;br/&gt;
A ModalWindow with a Page needs to store the page to be able to reference it from the iframe.&lt;br/&gt;
With commit f36fa20 we added logic to fully initialize the modalwindow's page. This breaks use cases where the application needs to use any code that will lead to a redirect (e.g. setResponsePage(), or scheduleRequestHandler()).&lt;/p&gt;

&lt;p&gt;The fix is to just touch the page, but not fully initialize it. &lt;/p&gt;</description>
                <environment />
        <key id="12703947">WICKET-5545</key>
            <summary>Cannot use redirect in ModalWindow's page#onInitialize()</summary>
                <type id="1" iconUrl="https://issues.apache.org/jira/secure/viewavatar?size=xsmall&amp;avatarId=21133&amp;avatarType=issuetype">Bug</type>
                                            <priority id="3" iconUrl="https://issues.apache.org/jira/images/icons/priorities/major.svg">Major</priority>
                        <status id="5" iconUrl="https://issues.apache.org/jira/images/icons/statuses/resolved.png" description="A resolution has been taken, and it is awaiting verification by reporter. From here issues are either reopened, or are closed.">Resolved</status>
                    <statusCategory id="3" key="done" colorName="green" />
                                    <resolution id="1">Fixed</resolution>
                                        <assignee username="mgrigorov">Martin Tzvetanov Grigorov</assignee>
                                    <reporter username="mgrigorov">Martin Tzvetanov Grigorov</reporter>
                        <labels>
                    </labels>
                <created>Thu, 27 Mar 2014 10:18:05 +0000</created>
                <updated>Thu, 27 Mar 2014 10:21:38 +0000</updated>
                            <resolved>Thu, 27 Mar 2014 10:21:38 +0000</resolved>
                                    <version>6.14.0</version>
                                    <fixVersion>7.0.0-M1</fixVersion>
                    <fixVersion>6.15.0</fixVersion>
                                    <component>wicket-extensions</component>
                        <due />
                            <votes>0</votes>
                                    <watches>1</watches>
                                                                <comments>
                            <comment id="13949120" author="mgrigorov" created="Thu, 27 Mar 2014 10:19:01 +0000">&lt;p&gt;A quickstart provided by a user in users@ mailing lists&lt;/p&gt;</comment>
                    </comments>
                    <attachments>
                            <attachment id="12637122" name="HelpModal.zip" size="47049" author="mgrigorov" created="Thu, 27 Mar 2014 10:19:01 +0000" />
                    </attachments>
                <subtasks>
                    </subtasks>
                <customfields>
                                                                                                                                                                                                                                                                                                                                                                                                                                                                                                                                                                                                                                                                                                                    <customfield id="customfield_12314020" key="com.atlassian.jira.plugins.jira-development-integration-plugin:devsummary">
                        <customfieldname>Development</customfieldname>
                        <customfieldvalues>
                            
                        </customfieldvalues>
                    </customfield>
                                                                                                                        <customfield id="customfield_12313422" key="com.atlassian.jirafisheyeplugin:jobcheckbox">
                        <customfieldname>Enable Automatic Patch Review</customfieldname>
                        <customfieldvalues>
                            <customfieldvalue>false</customfieldvalue>

                        </customfieldvalues>
                    </customfield>
                                                                                                                                                                                                                                                                                                                                                                                                                                                                                                                                                                                                                    <customfield id="customfield_12310420" key="com.pyxis.greenhopper.jira:gh-global-rank">
                        <customfieldname>Global Rank</customfieldname>
                        <customfieldvalues>
                            <customfieldvalue>382281</customfieldvalue>
                        </customfieldvalues>
                    </customfield>
                                                                                                                                                                                                                                                                                                                                                                                                                                                                        <customfield id="customfield_12311820" key="com.pyxis.greenhopper.jira:gh-lexo-rank">
                        <customfieldname>Rank</customfieldname>
                        <customfieldvalues>
                            <customfieldvalue>0|i1tv0n:</customfieldvalue>

                        </customfieldvalues>
                    </customfield>
                                                                <customfield id="customfield_12310920" key="com.pyxis.greenhopper.jira:gh-global-rank">
                        <customfieldname>Rank (Obsolete)</customfieldname>
                        <customfieldvalues>
                            <customfieldvalue>382552</customfieldvalue>
                        </customfieldvalues>
                    </customfield>
                                                                                                                                                                                                                                                                                                                                                                                                                                                                                                                                                                                                                                                                                                                                                                                            </customfields>
    </item>


</channel>
</rss>