<rss version="0.92">
    <channel>
        <title>ASF JIRA</title>
        <link>https://issues.apache.org/jira/issues/?jql=project+%3D+wicket+and+type+%3D+bug+and+%28status+%3D+RESOLVED+or+status+%3D+closed%29</link>
        <description>An XML representation of a search request</description>
                <language>en-uk</language>
                        <issue start="0" end="1000" total="4133" />
                <build-info>
            <version>8.20.7</version>
            <build-number>820007</build-number>
            <build-date>16-03-2022</build-date>
        </build-info>

<item>
            <title>[WICKET-5603] OnChangeAjaxBehavior attached to DropDownChoice produces two Ajax requests in Chrome v35</title>
                <link>https://issues.apache.org/jira/browse/WICKET-5603</link>
                <project id="12310561" key="WICKET">Wicket</project>
                    <description>&lt;p&gt;I have a DropDownChoice with attached OnChangeAjaxBehavior, like this:&lt;/p&gt;
&lt;div class="code panel" style="border-style: solid;border-width: 1px;"&gt;&lt;div class="codeContent panelContent"&gt;
&lt;pre class="code-java"&gt;&lt;span class="code-keyword"&gt;new&lt;/span&gt; DropDownChoice&amp;lt;&amp;gt;(&lt;span class="code-quote"&gt;"dd"&lt;/span&gt;, &lt;span class="code-keyword"&gt;new&lt;/span&gt; Model&amp;lt;&amp;gt;(), Arrays.asList( &lt;span class="code-quote"&gt;"First"&lt;/span&gt;, &lt;span class="code-quote"&gt;"Second"&lt;/span&gt;))
    .add( &lt;span class="code-keyword"&gt;new&lt;/span&gt; OnChangeAjaxBehavior() {
        @Override
        &lt;span class="code-keyword"&gt;protected&lt;/span&gt; void onUpdate(AjaxRequestTarget target) {
            &lt;span class="code-object"&gt;System&lt;/span&gt;.out.println( &lt;span class="code-quote"&gt;"update"&lt;/span&gt; );
        }
});
&lt;/pre&gt;
&lt;/div&gt;&lt;/div&gt;

&lt;p&gt;When selecting any of drop down options, two Ajax requests being generated.&lt;br/&gt;
It behaves OK in IE, FF and Chrome v34, only Chrome v35 is affected &lt;/p&gt;
</description>
                <environment>Chrome 35.0.1916.114</environment>
        <key id="12717112">WICKET-5603</key>
            <summary>OnChangeAjaxBehavior attached to DropDownChoice produces two Ajax requests in Chrome v35</summary>
                <type id="1" iconUrl="https://issues.apache.org/jira/secure/viewavatar?size=xsmall&amp;avatarId=21133&amp;avatarType=issuetype">Bug</type>
                                            <priority id="3" iconUrl="https://issues.apache.org/jira/images/icons/priorities/major.svg">Major</priority>
                        <status id="5" iconUrl="https://issues.apache.org/jira/images/icons/statuses/resolved.png" description="A resolution has been taken, and it is awaiting verification by reporter. From here issues are either reopened, or are closed.">Resolved</status>
                    <statusCategory id="3" key="done" colorName="green" />
                                    <resolution id="1">Fixed</resolution>
                                        <assignee username="bitstorm">Andrea Del Bene</assignee>
                                    <reporter username="redfield">Andrey Krasnopolsky</reporter>
                        <labels>
                    </labels>
                <created>Wed, 28 May 2014 19:49:28 +0000</created>
                <updated>Tue, 30 Sep 2014 12:42:12 +0000</updated>
                            <resolved>Tue, 30 Sep 2014 12:32:00 +0000</resolved>
                                    <version>6.9.1</version>
                    <version>7.0.0-M1</version>
                                    <fixVersion>7.0.0-M3</fixVersion>
                    <fixVersion>6.17.0</fixVersion>
                                    <component>wicket</component>
                        <due />
                            <votes>1</votes>
                                    <watches>5</watches>
                                                                <comments>
                            <comment id="14014666" author="bitstorm" created="Sat, 31 May 2014 14:26:21 +0000">&lt;p&gt;OnChangeAjaxBehavioris triggered by two events: 'inputchange' and 'change'. Some browser (like Chrome and Opera) are compatible with boyh of them, that's why AJAX request is done twice.&lt;br/&gt;
I did some tests and I think we could solve this issue using just 'change' event. I've tried this fix with Opera, Chrom Firefox and IE 8.&lt;br/&gt;
In the meantime as workaround you could substitute OnChangeAjaxBehavior with 'new AjaxFormComponentUpdatingBehavior("change")' .&lt;/p&gt;</comment>
                            <comment id="14014675" author="mgrigorov" created="Sat, 31 May 2014 15:02:38 +0000">&lt;p&gt;To listen for changes on HTMLSelect element one should use "change" event (with AjaxFormComponentUpdatingBehavior).&lt;br/&gt;
It seems with ver. 35 Chrome started firing "input" event is for HTMLSelect too. I have no idea why ...&lt;br/&gt;
"input" event is for &amp;lt;input type="text"&amp;gt; and is fired on every added/removed character.&lt;/p&gt;

&lt;p&gt;Another solution is to stop the event propagation (org.apache.wicket.ajax.attributes.AjaxRequestAttributes.EventPropagation#STOP_IMMEDIATE) but this may have side effects for the different applications.&lt;/p&gt;

&lt;p&gt;So I think OnChangeAjaxBehavior should be disallowed for anything but TextField and TextArea.&lt;br/&gt;
See:&lt;/p&gt;
&lt;ul class="alternate" type="square"&gt;
	&lt;li&gt;&lt;a href="http://help.dottoro.com/ljhxklln.php" class="external-link" target="_blank" rel="nofollow noopener"&gt;http://help.dottoro.com/ljhxklln.php&lt;/a&gt;&lt;/li&gt;
	&lt;li&gt;&lt;a href="http://msdn.microsoft.com/en-us/library/ie/gg592978(v=vs.85).aspx" class="external-link" target="_blank" rel="nofollow noopener"&gt;http://msdn.microsoft.com/en-us/library/ie/gg592978(v=vs.85).aspx&lt;/a&gt;&lt;/li&gt;
	&lt;li&gt;&lt;a href="https://developer.mozilla.org/en-US/docs/Web/API/GlobalEventHandlers.oninput" class="external-link" target="_blank" rel="nofollow noopener"&gt;https://developer.mozilla.org/en-US/docs/Web/API/GlobalEventHandlers.oninput&lt;/a&gt;&lt;/li&gt;
&lt;/ul&gt;
</comment>
                            <comment id="14014678" author="mgrigorov" created="Sat, 31 May 2014 15:06:00 +0000">&lt;p&gt;By disallow I mean :&lt;/p&gt;
&lt;ul class="alternate" type="square"&gt;
	&lt;li&gt;log a warning in 6.x&lt;/li&gt;
	&lt;li&gt;throw an exception in 7.x&lt;/li&gt;
&lt;/ul&gt;
</comment>
                            <comment id="14016426" author="bitstorm" created="Tue, 3 Jun 2014 12:12:32 +0000">&lt;p&gt;Why not checking for the type of component inside updateAjaxAttributes? we could use event 'inputchange' for TextArea and TextField, while event 'change' will be used for any other component.&lt;/p&gt;</comment>
                            <comment id="14016439" author="mgrigorov" created="Tue, 3 Jun 2014 12:21:15 +0000">&lt;p&gt;Yes, this should work !&lt;/p&gt;</comment>
                            <comment id="14018440" author="ceefour" created="Thu, 5 Jun 2014 03:09:06 +0000">&lt;p&gt;Hopefully this gets fixed in Wicket 6.16. We're using &lt;tt&gt;OnChangeAjaxBehavior&lt;/tt&gt; extensively &lt;img class="emoticon" src="https://issues.apache.org/jira/images/icons/emoticons/smile.png" height="16" width="16" align="absmiddle" alt="" border="0"/&gt;&lt;/p&gt;

&lt;p&gt;&lt;a href="https://issues.apache.org/jira/secure/ViewProfile.jspa?name=bitstorm" class="user-hover" rel="bitstorm"&gt;bitstorm&lt;/a&gt; Thanks for the workaround. &lt;/p&gt;</comment>
                            <comment id="14019027" author="bitstorm" created="Thu, 5 Jun 2014 17:47:03 +0000">&lt;p&gt;I'm working on the fix that I've attached as patch file. I will test it in the verz next days and if everything is ok it will be part of 6.16&lt;/p&gt;</comment>
                            <comment id="14019059" author="mgrigorov" created="Thu, 5 Jun 2014 18:27:54 +0000">&lt;p&gt;I think Clirr will complain on:&lt;/p&gt;

&lt;ul class="alternate" type="square"&gt;
	&lt;li&gt;public static final String EVENT_NAME = "inputchange change";&lt;/li&gt;
&lt;/ul&gt;


&lt;p&gt;You can keep it deprecated.&lt;br/&gt;
The rest looks OK. I haven't tested it locally though!&lt;/p&gt;

&lt;p&gt;AFAIK 6.16.0 will be cut tomorrow. But don't rush. There is a workaround.&lt;/p&gt;</comment>
                            <comment id="14019088" author="bitstorm" created="Thu, 5 Jun 2014 18:45:20 +0000">&lt;p&gt;Ok. The problem is that I'm not at home these days and I don't have a VM to extensively test it. I must wait until tomorrow evening (CET)&lt;/p&gt;</comment>
                            <comment id="14027672" author="ceefour" created="Wed, 11 Jun 2014 12:00:37 +0000">&lt;p&gt;I was hoping this to get into 6.16 &lt;img class="emoticon" src="https://issues.apache.org/jira/images/icons/emoticons/sad.png" height="16" width="16" align="absmiddle" alt="" border="0"/&gt; but anyway, if 6.16 has been released, I haven't seen it in maven.org yet?&lt;/p&gt;</comment>
                            <comment id="14153005" author="svenmeier" created="Tue, 30 Sep 2014 09:21:49 +0000">&lt;p&gt;This change breaks applications using OnChangeAjaxBehavior on TextFields together with a datepicker.&lt;br/&gt;
When the datepicker sets a value into the input, no "inputchange" is fired.&lt;/p&gt;</comment>
                            <comment id="14153008" author="svenmeier" created="Tue, 30 Sep 2014 09:24:41 +0000">&lt;p&gt;IMHO the original request was invalide: using a DropDownChoice together with OnChangeAjaxBehavior is bogus.&lt;/p&gt;

&lt;p&gt;OnChangeAjaxBehavior is a special solution for TextFields, and it should listen for "inputchange" &lt;b&gt;and&lt;/b&gt; "change" as it has done previously.&lt;br/&gt;
A check as Martin has suggested (warning for 6.x, exception for 7.x) would be the right fix.&lt;/p&gt;</comment>
                            <comment id="14153020" author="ceefour" created="Tue, 30 Sep 2014 09:41:49 +0000">&lt;p&gt;I'd like to add that &lt;tt&gt;wicket-select2&lt;/tt&gt; no longer works with 6.17's &lt;tt&gt;OnChangeAjaxBehavior&lt;/tt&gt; (previously works with 6.16).&lt;/p&gt;

&lt;p&gt;I had to use &lt;tt&gt;new AjaxFormComponentUpdatingBehavior("change")&lt;/tt&gt; instead for 6.17.&lt;/p&gt;</comment>
                            <comment id="14153119" author="mgrigorov" created="Tue, 30 Sep 2014 12:30:06 +0000">&lt;p&gt;I like the automatic detection with #updateAjaxAttributes().&lt;br/&gt;
We just need to revert the support for "change" for TextField and TextArea.&lt;/p&gt;</comment>
                            <comment id="14153120" author="mgrigorov" created="Tue, 30 Sep 2014 12:32:00 +0000">&lt;p&gt;Closing this ticket. &lt;br/&gt;
A new one will fix the regression and link back to this.&lt;/p&gt;</comment>
                    </comments>
                <issuelinks>
                            <issuelinktype id="10030">
                    <name>Reference</name>
                                                                <inwardlinks description="is related to">
                                        <issuelink>
            <issuekey id="12718532">WICKET-5611</issuekey>
        </issuelink>
                            </inwardlinks>
                                    </issuelinktype>
                            <issuelinktype id="12310050">
                    <name>Regression</name>
                                            <outwardlinks description="breaks">
                                        <issuelink>
            <issuekey id="12744932">WICKET-5711</issuekey>
        </issuelink>
                            </outwardlinks>
                                                        </issuelinktype>
                    </issuelinks>
                <attachments>
                            <attachment id="12647194" name="test.zip" size="1053" author="redfield" created="Wed, 28 May 2014 19:50:10 +0000" />
                            <attachment id="12648523" name="wicket.patch" size="3806" author="bitstorm" created="Thu, 5 Jun 2014 17:47:26 +0000" />
                    </attachments>
                <subtasks>
                    </subtasks>
                <customfields>
                                                                                                                                                                                                                                                                                                                                                                                                                                                                                                                                                                                                                                                                                                                    <customfield id="customfield_12314020" key="com.atlassian.jira.plugins.jira-development-integration-plugin:devsummary">
                        <customfieldname>Development</customfieldname>
                        <customfieldvalues>
                            
                        </customfieldvalues>
                    </customfield>
                                                                                                                        <customfield id="customfield_12313422" key="com.atlassian.jirafisheyeplugin:jobcheckbox">
                        <customfieldname>Enable Automatic Patch Review</customfieldname>
                        <customfieldvalues>
                            <customfieldvalue>false</customfieldvalue>

                        </customfieldvalues>
                    </customfield>
                                                                                                                                                                                                                                                                                                                                                                                                                                                                                                                                                                                                                    <customfield id="customfield_12310420" key="com.pyxis.greenhopper.jira:gh-global-rank">
                        <customfieldname>Global Rank</customfieldname>
                        <customfieldvalues>
                            <customfieldvalue>395320</customfieldvalue>
                        </customfieldvalues>
                    </customfield>
                                                                                                                                                                                                                                                                                                                                                                                                                                                                        <customfield id="customfield_12311820" key="com.pyxis.greenhopper.jira:gh-lexo-rank">
                        <customfieldname>Rank</customfieldname>
                        <customfieldvalues>
                            <customfieldvalue>0|i1w2an:</customfieldvalue>

                        </customfieldvalues>
                    </customfield>
                                                                <customfield id="customfield_12310920" key="com.pyxis.greenhopper.jira:gh-global-rank">
                        <customfieldname>Rank (Obsolete)</customfieldname>
                        <customfieldvalues>
                            <customfieldvalue>395451</customfieldvalue>
                        </customfieldvalues>
                    </customfield>
                                                                                                                                                                                                                                                                                                                                                                                                                                                                                                                                                                                                                                                                                                                                                                                            </customfields>
    </item>


</channel>
</rss>