<rss version="0.92">
    <channel>
        <title>ASF JIRA</title>
        <link>https://issues.apache.org/jira/issues/?jql=project+%3D+wicket+and+type+%3D+bug+and+%28status+%3D+RESOLVED+or+status+%3D+closed%29</link>
        <description>An XML representation of a search request</description>
                <language>en-uk</language>
                        <issue start="0" end="1000" total="4133" />
                <build-info>
            <version>8.20.7</version>
            <build-number>820007</build-number>
            <build-date>16-03-2022</build-date>
        </build-info>

<item>
            <title>[WICKET-5730] Dequeue auto component can't resolve components if they are nested in child markup</title>
                <link>https://issues.apache.org/jira/browse/WICKET-5730</link>
                <project id="12310561" key="WICKET">Wicket</project>
                    <description>&lt;p&gt;If a container has an auto component (ex: enclouse) in its markup but this later is nested inside a child, the autocomponent won't be resolved if child is a IQueueRegion. For example (taken from quickstart):&lt;/p&gt;

&lt;div class="code panel" style="border-width: 1px;"&gt;&lt;div class="codeContent panelContent"&gt;
&lt;pre class="code-java"&gt;        &amp;lt;span wicket:id=&lt;span class="code-quote"&gt;"myBorder"&lt;/span&gt;&amp;gt; 
	   bar
	   
	   &amp;lt;wicket:enclosure&amp;gt;
              &amp;lt;span wicket:id=&lt;span class="code-quote"&gt;"c"&lt;/span&gt;&amp;gt;c&amp;lt;/span&amp;gt;
	   &amp;lt;/wicket:enclosure&amp;gt;
	&amp;lt;/span&amp;gt;
&lt;/pre&gt;
&lt;/div&gt;&lt;/div&gt;</description>
                <environment />
        <key id="12748880">WICKET-5730</key>
            <summary>Dequeue auto component can't resolve components if they are nested in child markup</summary>
                <type id="1" iconUrl="https://issues.apache.org/jira/secure/viewavatar?size=xsmall&amp;avatarId=21133&amp;avatarType=issuetype">Bug</type>
                                            <priority id="3" iconUrl="https://issues.apache.org/jira/images/icons/priorities/major.svg">Major</priority>
                        <status id="5" iconUrl="https://issues.apache.org/jira/images/icons/statuses/resolved.png" description="A resolution has been taken, and it is awaiting verification by reporter. From here issues are either reopened, or are closed.">Resolved</status>
                    <statusCategory id="3" key="done" colorName="green" />
                                    <resolution id="1">Fixed</resolution>
                                        <assignee username="bitstorm">Andrea Del Bene</assignee>
                                    <reporter username="bitstorm">Andrea Del Bene</reporter>
                        <labels>
                    </labels>
                <created>Fri, 17 Oct 2014 12:47:35 +0000</created>
                <updated>Mon, 25 Jul 2016 16:36:03 +0000</updated>
                            <resolved>Sun, 2 Nov 2014 22:25:59 +0000</resolved>
                                    <version>7.0.0-M3</version>
                                    <fixVersion>7.0.0-M4</fixVersion>
                                        <due />
                            <votes>0</votes>
                                    <watches>2</watches>
                                                                <comments>
                            <comment id="14175022" author="bitstorm" created="Fri, 17 Oct 2014 12:49:23 +0000">&lt;p&gt;A patch on its way...&lt;/p&gt;</comment>
                            <comment id="14178345" author="jira-bot" created="Tue, 21 Oct 2014 12:38:15 +0000">&lt;p&gt;Commit db5be6ab05545e1bb95f566c3aeb23e05cf93437 in wicket's branch refs/heads/master from &lt;a href="https://issues.apache.org/jira/secure/ViewProfile.jspa?name=bitstorm" class="user-hover" rel="bitstorm"&gt;bitstorm&lt;/a&gt;&lt;br/&gt;
[ &lt;a href="https://git-wip-us.apache.org/repos/asf?p=wicket.git;h=db5be6a" class="external-link" target="_blank" rel="nofollow noopener"&gt;https://git-wip-us.apache.org/repos/asf?p=wicket.git;h=db5be6a&lt;/a&gt; ]&lt;/p&gt;

&lt;p&gt;&lt;a href="https://issues.apache.org/jira/browse/WICKET-5730" title="Dequeue auto component can&amp;#39;t resolve components if they are nested in child markup" class="issue-link" data-issue-key="WICKET-5730"&gt;&lt;del&gt;WICKET-5730&lt;/del&gt;&lt;/a&gt; Dequeue auto component can't resolve components if they are&lt;br/&gt;
nested in child markup&lt;/p&gt;</comment>
                            <comment id="14178353" author="bitstorm" created="Tue, 21 Oct 2014 12:47:54 +0000">&lt;p&gt;I've found this issue while I was tring to port my main app from 6.x to 7.x. Most of the problems were related to Enclosure and  Border component. To solve the problem I've expanded markup filters HtmlHandler and RelativePathPrefixHandler. I've also refactored a little bit the component queuing code.&lt;/p&gt;

&lt;p&gt;PS: I've forgotten to add a test case for the issue &lt;img class="emoticon" src="https://issues.apache.org/jira/images/icons/emoticons/smile.png" height="16" width="16" align="absmiddle" alt="" border="0"/&gt;.&lt;/p&gt;</comment>
                            <comment id="14178581" author="jira-bot" created="Tue, 21 Oct 2014 16:19:11 +0000">&lt;p&gt;Commit 6b879633f7d6f4cde571f510d8cc7ed4f09da1bb in wicket's branch refs/heads/improvingQueuing from &lt;a href="https://issues.apache.org/jira/secure/ViewProfile.jspa?name=bitstorm" class="user-hover" rel="bitstorm"&gt;bitstorm&lt;/a&gt;&lt;br/&gt;
[ &lt;a href="https://git-wip-us.apache.org/repos/asf?p=wicket.git;h=6b87963" class="external-link" target="_blank" rel="nofollow noopener"&gt;https://git-wip-us.apache.org/repos/asf?p=wicket.git;h=6b87963&lt;/a&gt; ]&lt;/p&gt;

&lt;p&gt;&lt;a href="https://issues.apache.org/jira/browse/WICKET-5730" title="Dequeue auto component can&amp;#39;t resolve components if they are nested in child markup" class="issue-link" data-issue-key="WICKET-5730"&gt;&lt;del&gt;WICKET-5730&lt;/del&gt;&lt;/a&gt; Dequeue auto component can't resolve components if they are&lt;br/&gt;
nested in child markup&lt;/p&gt;</comment>
                    </comments>
                <issuelinks>
                            <issuelinktype id="10030">
                    <name>Reference</name>
                                            <outwardlinks description="relates to">
                                        <issuelink>
            <issuekey id="12992200">WICKET-6216</issuekey>
        </issuelink>
                            </outwardlinks>
                                                                <inwardlinks description="is related to">
                                        <issuelink>
            <issuekey id="12746679">WICKET-5724</issuekey>
        </issuelink>
            <issuelink>
            <issuekey id="12749448">WICKET-5731</issuekey>
        </issuelink>
                            </inwardlinks>
                                    </issuelinktype>
                    </issuelinks>
                <attachments>
                            <attachment id="12675475" name="QueueBorder.tar.gz" size="28853" author="bitstorm" created="Fri, 17 Oct 2014 12:48:49 +0000" />
                    </attachments>
                <subtasks>
                    </subtasks>
                <customfields>
                                                                                                                                                                                                                                                                                                                                                                                                                                                                                                                                                                                                                                                                                                                    <customfield id="customfield_12314020" key="com.atlassian.jira.plugins.jira-development-integration-plugin:devsummary">
                        <customfieldname>Development</customfieldname>
                        <customfieldvalues>
                            
                        </customfieldvalues>
                    </customfield>
                                                                                                                        <customfield id="customfield_12313422" key="com.atlassian.jirafisheyeplugin:jobcheckbox">
                        <customfieldname>Enable Automatic Patch Review</customfieldname>
                        <customfieldvalues>
                            <customfieldvalue>false</customfieldvalue>

                        </customfieldvalues>
                    </customfield>
                                                                                                                                                                                                                                                                                                                                                                                                                                                                                                                                                                                                                    <customfield id="customfield_12310420" key="com.pyxis.greenhopper.jira:gh-global-rank">
                        <customfieldname>Global Rank</customfieldname>
                        <customfieldvalues>
                            <customfieldvalue>9223372036854775807</customfieldvalue>
                        </customfieldvalues>
                    </customfield>
                                                                                                                                                                                                                                                                                                                                                                                                                                                                        <customfield id="customfield_12311820" key="com.pyxis.greenhopper.jira:gh-lexo-rank">
                        <customfieldname>Rank</customfieldname>
                        <customfieldvalues>
                            <customfieldvalue>0|i21am7:</customfieldvalue>

                        </customfieldvalues>
                    </customfield>
                                                                <customfield id="customfield_12310920" key="com.pyxis.greenhopper.jira:gh-global-rank">
                        <customfieldname>Rank (Obsolete)</customfieldname>
                        <customfieldvalues>
                            <customfieldvalue>9223372036854775807</customfieldvalue>
                        </customfieldvalues>
                    </customfield>
                                                                                                                                                                                                                                                                                                                                                                                                                                                                                                                                                                                                                                                                                                                                                                                            </customfields>
    </item>


</channel>
</rss>