<rss version="0.92">
    <channel>
        <title>ASF JIRA</title>
        <link>https://issues.apache.org/jira/issues/?jql=project+%3D+wicket+and+type+%3D+bug+and+%28status+%3D+RESOLVED+or+status+%3D+closed%29</link>
        <description>An XML representation of a search request</description>
                <language>en-uk</language>
                        <issue start="0" end="1000" total="4133" />
                <build-info>
            <version>8.20.7</version>
            <build-number>820007</build-number>
            <build-date>16-03-2022</build-date>
        </build-info>

<item>
            <title>[WICKET-5759] AjaxRequestAttributes extra parameters aren't properly handled in getCallbackFunction()</title>
                <link>https://issues.apache.org/jira/browse/WICKET-5759</link>
                <project id="12310561" key="WICKET">Wicket</project>
                    <description>&lt;p&gt;extra parameters of an Ajax behaviour can be accessed by getRequest().getRequestParameters().getParameterValue(key)&lt;/p&gt;

&lt;p&gt;but if one uses getCallbackFunction() of an AbstractDefaultAjaxBehavior, these parameters get screwed and can no longer be accessed in the same manner. &lt;/p&gt;

&lt;p&gt;the problem seems to be the merge in attrs.ep = Wicket.merge(attrs.ep, params);&lt;/p&gt;</description>
                <environment />
        <key id="12754950">WICKET-5759</key>
            <summary>AjaxRequestAttributes extra parameters aren't properly handled in getCallbackFunction()</summary>
                <type id="1" iconUrl="https://issues.apache.org/jira/secure/viewavatar?size=xsmall&amp;avatarId=21133&amp;avatarType=issuetype">Bug</type>
                                            <priority id="3" iconUrl="https://issues.apache.org/jira/images/icons/priorities/major.svg">Major</priority>
                        <status id="5" iconUrl="https://issues.apache.org/jira/images/icons/statuses/resolved.png" description="A resolution has been taken, and it is awaiting verification by reporter. From here issues are either reopened, or are closed.">Resolved</status>
                    <statusCategory id="3" key="done" colorName="green" />
                                    <resolution id="1">Fixed</resolution>
                                        <assignee username="mgrigorov">Martin Tzvetanov Grigorov</assignee>
                                    <reporter username="froque">Filipe Roque</reporter>
                        <labels>
                    </labels>
                <created>Thu, 13 Nov 2014 02:11:28 +0000</created>
                <updated>Mon, 24 Nov 2014 19:33:52 +0000</updated>
                            <resolved>Tue, 18 Nov 2014 09:34:20 +0000</resolved>
                                                    <fixVersion>7.0.0-M5</fixVersion>
                    <fixVersion>6.19.0</fixVersion>
                                        <due />
                            <votes>0</votes>
                                    <watches>3</watches>
                                                                <comments>
                            <comment id="14209103" author="froque" created="Thu, 13 Nov 2014 02:12:24 +0000">&lt;p&gt;quickstart to demonstrate the issue&lt;/p&gt;</comment>
                            <comment id="14211799" author="froque" created="Fri, 14 Nov 2014 03:50:28 +0000">&lt;p&gt;an attempt to solve the problem.&lt;/p&gt;</comment>
                            <comment id="14215971" author="jira-bot" created="Tue, 18 Nov 2014 09:23:44 +0000">&lt;p&gt;Commit 18667ac778a96dcd85f03936c094d1fad2884424 in wicket's branch refs/heads/wicket-6.x from &lt;a href="https://issues.apache.org/jira/secure/ViewProfile.jspa?name=mgrigorov" class="user-hover" rel="mgrigorov"&gt;mgrigorov&lt;/a&gt;&lt;br/&gt;
[ &lt;a href="https://git-wip-us.apache.org/repos/asf?p=wicket.git;h=18667ac" class="external-link" target="_blank" rel="nofollow noopener"&gt;https://git-wip-us.apache.org/repos/asf?p=wicket.git;h=18667ac&lt;/a&gt; ]&lt;/p&gt;

&lt;p&gt;&lt;a href="https://issues.apache.org/jira/browse/WICKET-5759" title="AjaxRequestAttributes extra parameters aren&amp;#39;t properly handled in getCallbackFunction()" class="issue-link" data-issue-key="WICKET-5759"&gt;&lt;del&gt;WICKET-5759&lt;/del&gt;&lt;/a&gt; AjaxRequestAttributes extra parameters aren't properly handled in getCallbackFunction()&lt;/p&gt;</comment>
                            <comment id="14215980" author="jira-bot" created="Tue, 18 Nov 2014 09:34:14 +0000">&lt;p&gt;Commit 0374c040577410ab76cfd37a1ff0f79f74bca368 in wicket's branch refs/heads/master from &lt;a href="https://issues.apache.org/jira/secure/ViewProfile.jspa?name=mgrigorov" class="user-hover" rel="mgrigorov"&gt;mgrigorov&lt;/a&gt;&lt;br/&gt;
[ &lt;a href="https://git-wip-us.apache.org/repos/asf?p=wicket.git;h=0374c04" class="external-link" target="_blank" rel="nofollow noopener"&gt;https://git-wip-us.apache.org/repos/asf?p=wicket.git;h=0374c04&lt;/a&gt; ]&lt;/p&gt;

&lt;p&gt;&lt;a href="https://issues.apache.org/jira/browse/WICKET-5759" title="AjaxRequestAttributes extra parameters aren&amp;#39;t properly handled in getCallbackFunction()" class="issue-link" data-issue-key="WICKET-5759"&gt;&lt;del&gt;WICKET-5759&lt;/del&gt;&lt;/a&gt; AjaxRequestAttributes extra parameters aren't properly handled in getCallbackFunction()&lt;/p&gt;

&lt;p&gt;(cherry picked from commit 18667ac778a96dcd85f03936c094d1fad2884424)&lt;/p&gt;</comment>
                            <comment id="14215981" author="mgrigorov" created="Tue, 18 Nov 2014 09:34:20 +0000">&lt;p&gt;Thank you for the good analysis and the patch !&lt;/p&gt;</comment>
                            <comment id="14223355" author="jira-bot" created="Mon, 24 Nov 2014 19:25:03 +0000">&lt;p&gt;Commit 6e2034d4f68ea2601f50b2d0b930a86f5aba45ac in wicket's branch refs/heads/wicket-6.x from &lt;a href="https://issues.apache.org/jira/secure/ViewProfile.jspa?name=mgrigorov" class="user-hover" rel="mgrigorov"&gt;mgrigorov&lt;/a&gt;&lt;br/&gt;
[ &lt;a href="https://git-wip-us.apache.org/repos/asf?p=wicket.git;h=6e2034d" class="external-link" target="_blank" rel="nofollow noopener"&gt;https://git-wip-us.apache.org/repos/asf?p=wicket.git;h=6e2034d&lt;/a&gt; ]&lt;/p&gt;

&lt;p&gt;&lt;a href="https://issues.apache.org/jira/browse/WICKET-5759" title="AjaxRequestAttributes extra parameters aren&amp;#39;t properly handled in getCallbackFunction()" class="issue-link" data-issue-key="WICKET-5759"&gt;&lt;del&gt;WICKET-5759&lt;/del&gt;&lt;/a&gt; AjaxRequestAttributes extra parameters aren't properly handled in getCallbackFunction()&lt;/p&gt;

&lt;p&gt;(cherry picked from commit 8e00eb9f8ddae6d59950b33b6a2d38de27198886)&lt;/p&gt;</comment>
                            <comment id="14223359" author="jira-bot" created="Mon, 24 Nov 2014 19:25:42 +0000">&lt;p&gt;Commit 46386490d633cf9a480c3550cb8190e87e983e7c in wicket's branch refs/heads/master from &lt;a href="https://issues.apache.org/jira/secure/ViewProfile.jspa?name=mgrigorov" class="user-hover" rel="mgrigorov"&gt;mgrigorov&lt;/a&gt;&lt;br/&gt;
[ &lt;a href="https://git-wip-us.apache.org/repos/asf?p=wicket.git;h=4638649" class="external-link" target="_blank" rel="nofollow noopener"&gt;https://git-wip-us.apache.org/repos/asf?p=wicket.git;h=4638649&lt;/a&gt; ]&lt;/p&gt;

&lt;p&gt;&lt;a href="https://issues.apache.org/jira/browse/WICKET-5759" title="AjaxRequestAttributes extra parameters aren&amp;#39;t properly handled in getCallbackFunction()" class="issue-link" data-issue-key="WICKET-5759"&gt;&lt;del&gt;WICKET-5759&lt;/del&gt;&lt;/a&gt; AjaxRequestAttributes extra parameters aren't properly handled in getCallbackFunction()&lt;/p&gt;</comment>
                            <comment id="14223373" author="jira-bot" created="Mon, 24 Nov 2014 19:33:38 +0000">&lt;p&gt;Commit e71ba640cd890fa27c1569ef3e02b265dbc9a980 in wicket's branch refs/heads/master from &lt;a href="https://issues.apache.org/jira/secure/ViewProfile.jspa?name=mgrigorov" class="user-hover" rel="mgrigorov"&gt;mgrigorov&lt;/a&gt;&lt;br/&gt;
[ &lt;a href="https://git-wip-us.apache.org/repos/asf?p=wicket.git;h=e71ba64" class="external-link" target="_blank" rel="nofollow noopener"&gt;https://git-wip-us.apache.org/repos/asf?p=wicket.git;h=e71ba64&lt;/a&gt; ]&lt;/p&gt;

&lt;p&gt;&lt;a href="https://issues.apache.org/jira/browse/WICKET-5759" title="AjaxRequestAttributes extra parameters aren&amp;#39;t properly handled in getCallbackFunction()" class="issue-link" data-issue-key="WICKET-5759"&gt;&lt;del&gt;WICKET-5759&lt;/del&gt;&lt;/a&gt; AjaxRequestAttributes extra parameters aren't properly handled in getCallbackFunction()&lt;/p&gt;

&lt;p&gt;Fix test expectations&lt;/p&gt;</comment>
                            <comment id="14223374" author="jira-bot" created="Mon, 24 Nov 2014 19:33:52 +0000">&lt;p&gt;Commit 0004c20da872d984976def5244abcd84030b80d1 in wicket's branch refs/heads/wicket-6.x from &lt;a href="https://issues.apache.org/jira/secure/ViewProfile.jspa?name=mgrigorov" class="user-hover" rel="mgrigorov"&gt;mgrigorov&lt;/a&gt;&lt;br/&gt;
[ &lt;a href="https://git-wip-us.apache.org/repos/asf?p=wicket.git;h=0004c20" class="external-link" target="_blank" rel="nofollow noopener"&gt;https://git-wip-us.apache.org/repos/asf?p=wicket.git;h=0004c20&lt;/a&gt; ]&lt;/p&gt;

&lt;p&gt;&lt;a href="https://issues.apache.org/jira/browse/WICKET-5759" title="AjaxRequestAttributes extra parameters aren&amp;#39;t properly handled in getCallbackFunction()" class="issue-link" data-issue-key="WICKET-5759"&gt;&lt;del&gt;WICKET-5759&lt;/del&gt;&lt;/a&gt; AjaxRequestAttributes extra parameters aren't properly handled in getCallbackFunction()&lt;/p&gt;

&lt;p&gt;Fix test expectations&lt;/p&gt;

&lt;p&gt;(cherry picked from commit e71ba640cd890fa27c1569ef3e02b265dbc9a980)&lt;/p&gt;</comment>
                    </comments>
                    <attachments>
                            <attachment id="12681209" name="callbackparameter.tgz" size="19811" author="froque" created="Thu, 13 Nov 2014 02:12:24 +0000" />
                            <attachment id="12681483" name="fix-WICKET-5759.patch" size="15717" author="froque" created="Fri, 14 Nov 2014 03:50:28 +0000" />
                    </attachments>
                <subtasks>
                    </subtasks>
                <customfields>
                                                                                                                                                                                                                                                                                                                                                                                                                                                                                                                                                                                                                                                                                                                    <customfield id="customfield_12314020" key="com.atlassian.jira.plugins.jira-development-integration-plugin:devsummary">
                        <customfieldname>Development</customfieldname>
                        <customfieldvalues>
                            
                        </customfieldvalues>
                    </customfield>
                                                                                                                        <customfield id="customfield_12313422" key="com.atlassian.jirafisheyeplugin:jobcheckbox">
                        <customfieldname>Enable Automatic Patch Review</customfieldname>
                        <customfieldvalues>
                            <customfieldvalue>false</customfieldvalue>

                        </customfieldvalues>
                    </customfield>
                                                                                                                                                                                                                                                                                                                                                                                                                                                                                                                                                                                                                    <customfield id="customfield_12310420" key="com.pyxis.greenhopper.jira:gh-global-rank">
                        <customfieldname>Global Rank</customfieldname>
                        <customfieldvalues>
                            <customfieldvalue>9223372036854775807</customfieldvalue>
                        </customfieldvalues>
                    </customfield>
                                                                                                                                                                                                                                                                                                                                                                                                                                                                        <customfield id="customfield_12311820" key="com.pyxis.greenhopper.jira:gh-lexo-rank">
                        <customfieldname>Rank</customfieldname>
                        <customfieldvalues>
                            <customfieldvalue>0|i22b9r:</customfieldvalue>

                        </customfieldvalues>
                    </customfield>
                                                                <customfield id="customfield_12310920" key="com.pyxis.greenhopper.jira:gh-global-rank">
                        <customfieldname>Rank (Obsolete)</customfieldname>
                        <customfieldvalues>
                            <customfieldvalue>9223372036854775807</customfieldvalue>
                        </customfieldvalues>
                    </customfield>
                                                                                                                                                                                                                                                                                                                                                                                                                                                                                                                                                                                                                                                                                                                                                                                            </customfields>
    </item>


</channel>
</rss>