<rss version="0.92">
    <channel>
        <title>ASF JIRA</title>
        <link>https://issues.apache.org/jira/issues/?jql=project+%3D+wicket+and+type+%3D+bug+and+%28status+%3D+RESOLVED+or+status+%3D+closed%29</link>
        <description>An XML representation of a search request</description>
                <language>en-uk</language>
                        <issue start="0" end="1000" total="4133" />
                <build-info>
            <version>8.20.7</version>
            <build-number>820007</build-number>
            <build-date>16-03-2022</build-date>
        </build-info>

<item>
            <title>[WICKET-5332] Autocomplete throws error when initialized in an AjaxLazyLoadPanel</title>
                <link>https://issues.apache.org/jira/browse/WICKET-5332</link>
                <project id="12310561" key="WICKET">Wicket</project>
                    <description>&lt;p&gt;When an autocomplete is added to a page in an AjaxLazyLoadPanel, the Wicket AJAX Debug window displays the error "ERROR: Cannot find element with id: null" and the autocomplete does not work.  The problem appears to be that the call to initialize the autocomplete is performed prior to the text field being added to the DOM.&lt;/p&gt;

&lt;p&gt;I am attaching a quickstart that replicates the problem&lt;/p&gt;</description>
                <environment />
        <key id="12665723">WICKET-5332</key>
            <summary>Autocomplete throws error when initialized in an AjaxLazyLoadPanel</summary>
                <type id="1" iconUrl="https://issues.apache.org/jira/secure/viewavatar?size=xsmall&amp;avatarId=21133&amp;avatarType=issuetype">Bug</type>
                                            <priority id="3" iconUrl="https://issues.apache.org/jira/images/icons/priorities/major.svg">Major</priority>
                        <status id="5" iconUrl="https://issues.apache.org/jira/images/icons/statuses/resolved.png" description="A resolution has been taken, and it is awaiting verification by reporter. From here issues are either reopened, or are closed.">Resolved</status>
                    <statusCategory id="3" key="done" colorName="green" />
                                    <resolution id="10">Implemented</resolution>
                                        <assignee username="mgrigorov">Martin Tzvetanov Grigorov</assignee>
                                    <reporter username="jeredm@maplewoodsoftware.com">Jered Myers</reporter>
                        <labels>
                    </labels>
                <created>Tue, 27 Aug 2013 14:51:37 +0000</created>
                <updated>Mon, 2 Sep 2013 09:25:31 +0000</updated>
                            <resolved>Mon, 2 Sep 2013 09:25:31 +0000</resolved>
                                    <version>6.10.0</version>
                                    <fixVersion>6.11.0</fixVersion>
                    <fixVersion>7.0.0-M1</fixVersion>
                                    <component>wicket</component>
                        <due />
                            <votes>0</votes>
                                    <watches>2</watches>
                                                                <comments>
                            <comment id="13751430" author="bitstorm" created="Tue, 27 Aug 2013 16:51:37 +0000">&lt;p&gt;Running the quickstart with the last source from 6.x branch works fine :-/&lt;/p&gt;</comment>
                            <comment id="13751459" author="jeredm@maplewoodsoftware.com" created="Tue, 27 Aug 2013 17:13:39 +0000">&lt;p&gt;Mine is failing setting the Wicket version to 6.10.0 in the POM.  I am using Chromium.  Let me try other browsers.&lt;/p&gt;</comment>
                            <comment id="13751470" author="jeredm@maplewoodsoftware.com" created="Tue, 27 Aug 2013 17:24:44 +0000">&lt;p&gt;All of the browsers I am trying are failing.  I will pull down and build the latest as I am assuming that is what you mean by "6.x branch works fine".&lt;/p&gt;</comment>
                            <comment id="13751475" author="jeredm@maplewoodsoftware.com" created="Tue, 27 Aug 2013 17:30:58 +0000">&lt;p&gt;That was it, the build from the latest code has a working auto complete.  I will investigate the changes and try to figure out what changed.&lt;/p&gt;</comment>
                            <comment id="13751531" author="jeredm@maplewoodsoftware.com" created="Tue, 27 Aug 2013 18:11:43 +0000">&lt;p&gt;The fix was committed here:&lt;br/&gt;
&lt;a href="https://github.com/apache/wicket/commit/bfd4649656f4f51c8d1a164cc14cb5b8dc71f89d" class="external-link" target="_blank" rel="nofollow noopener"&gt;https://github.com/apache/wicket/commit/bfd4649656f4f51c8d1a164cc14cb5b8dc71f89d&lt;/a&gt;&lt;/p&gt;

&lt;p&gt;See &lt;a href="https://issues.apache.org/jira/browse/WICKET-5315" class="external-link" rel="nofollow"&gt;https://issues.apache.org/jira/browse/WICKET-5315&lt;/a&gt;&lt;/p&gt;

&lt;p&gt;I applied that change to my code and the auto complete works now.&lt;/p&gt;</comment>
                    </comments>
                <issuelinks>
                            <issuelinktype id="10030">
                    <name>Reference</name>
                                            <outwardlinks description="relates to">
                                        <issuelink>
            <issuekey id="12663213">WICKET-5315</issuekey>
        </issuelink>
                            </outwardlinks>
                                                        </issuelinktype>
                    </issuelinks>
                <attachments>
                            <attachment id="12600178" name="autocomplete.zip" size="37291" author="jeredm@maplewoodsoftware.com" created="Tue, 27 Aug 2013 14:51:58 +0000" />
                    </attachments>
                <subtasks>
                    </subtasks>
                <customfields>
                                                                                                                                                                                                                                                                                                                                                                                                                                                                                                                                                                                                                                                                                                                    <customfield id="customfield_12314020" key="com.atlassian.jira.plugins.jira-development-integration-plugin:devsummary">
                        <customfieldname>Development</customfieldname>
                        <customfieldvalues>
                            
                        </customfieldvalues>
                    </customfield>
                                                                                                                        <customfield id="customfield_12313422" key="com.atlassian.jirafisheyeplugin:jobcheckbox">
                        <customfieldname>Enable Automatic Patch Review</customfieldname>
                        <customfieldvalues>
                            <customfieldvalue>false</customfieldvalue>

                        </customfieldvalues>
                    </customfield>
                                                                                                                                                                                                                                                                                                                                                                                                                                                                                                                                                                                                                    <customfield id="customfield_12310420" key="com.pyxis.greenhopper.jira:gh-global-rank">
                        <customfieldname>Global Rank</customfieldname>
                        <customfieldvalues>
                            <customfieldvalue>345663</customfieldvalue>
                        </customfieldvalues>
                    </customfield>
                                                                                                                                                                                                                                                                                                                                                                                                                                                                        <customfield id="customfield_12311820" key="com.pyxis.greenhopper.jira:gh-lexo-rank">
                        <customfieldname>Rank</customfieldname>
                        <customfieldvalues>
                            <customfieldvalue>0|i1nlvz:</customfieldvalue>

                        </customfieldvalues>
                    </customfield>
                                                                <customfield id="customfield_12310920" key="com.pyxis.greenhopper.jira:gh-global-rank">
                        <customfieldname>Rank (Obsolete)</customfieldname>
                        <customfieldvalues>
                            <customfieldvalue>345964</customfieldvalue>
                        </customfieldvalues>
                    </customfield>
                                                                                                                                                                                                                                                                                                                                                                                                                                                                                                                                                                                                                                                                                                                                                                                            </customfields>
    </item>


</channel>
</rss>