<rss version="0.92">
    <channel>
        <title>ASF JIRA</title>
        <link>https://issues.apache.org/jira/issues/?jql=project+%3D+wicket+and+type+%3D+bug+and+%28status+%3D+RESOLVED+or+status+%3D+closed%29</link>
        <description>An XML representation of a search request</description>
                <language>en-uk</language>
                        <issue start="0" end="1000" total="4133" />
                <build-info>
            <version>8.20.7</version>
            <build-number>820007</build-number>
            <build-date>16-03-2022</build-date>
        </build-info>

<item>
            <title>[WICKET-5657] wicket-autocomplete may fail after preceeding Ajax request</title>
                <link>https://issues.apache.org/jira/browse/WICKET-5657</link>
                <project id="12310561" key="WICKET">Wicket</project>
                    <description>&lt;p&gt;The following processing sequence leads to a JavaScript error:&lt;/p&gt;

&lt;ul class="alternate" type="square"&gt;
	&lt;li&gt;form is shown including an autoCompleteTextField&lt;/li&gt;
	&lt;li&gt;user enters criteria and immediately presses enter&lt;/li&gt;
	&lt;li&gt;actualUpdateChoices() is scheduled by the throttler&lt;/li&gt;
	&lt;li&gt;form is submitted via ajax&lt;/li&gt;
	&lt;li&gt;autoCompleteTextField is removed from DOM&lt;/li&gt;
	&lt;li&gt;throttler executes actualUpdateChoices()&lt;/li&gt;
	&lt;li&gt;wicket-autocomplete fails with precondition, since element is no longer in DOM:&lt;/li&gt;
&lt;/ul&gt;


&lt;p&gt;    var elementVal =  Wicket.$(elementId).value;&lt;/p&gt;</description>
                <environment />
        <key id="12730831">WICKET-5657</key>
            <summary>wicket-autocomplete may fail after preceeding Ajax request</summary>
                <type id="1" iconUrl="https://issues.apache.org/jira/secure/viewavatar?size=xsmall&amp;avatarId=21133&amp;avatarType=issuetype">Bug</type>
                                            <priority id="3" iconUrl="https://issues.apache.org/jira/images/icons/priorities/major.svg">Major</priority>
                        <status id="5" iconUrl="https://issues.apache.org/jira/images/icons/statuses/resolved.png" description="A resolution has been taken, and it is awaiting verification by reporter. From here issues are either reopened, or are closed.">Resolved</status>
                    <statusCategory id="3" key="done" colorName="green" />
                                    <resolution id="1">Fixed</resolution>
                                        <assignee username="svenmeier">Sven Meier</assignee>
                                    <reporter username="svenmeier">Sven Meier</reporter>
                        <labels>
                    </labels>
                <created>Wed, 30 Jul 2014 16:49:07 +0000</created>
                <updated>Wed, 30 Jul 2014 17:28:21 +0000</updated>
                            <resolved>Wed, 30 Jul 2014 17:28:21 +0000</resolved>
                                    <version>6.16.0</version>
                    <version>7.0.0-M2</version>
                                    <fixVersion>7.0.0-M3</fixVersion>
                    <fixVersion>6.17.0</fixVersion>
                                    <component>wicket-extensions</component>
                        <due />
                            <votes>0</votes>
                                    <watches>2</watches>
                                                                <comments>
                            <comment id="14079590" author="jira-bot" created="Wed, 30 Jul 2014 17:27:55 +0000">&lt;p&gt;Commit 8ee88f13ceff97dfc0a4818f4c368525d1f799eb in wicket's branch refs/heads/master from svenmeier&lt;br/&gt;
[ &lt;a href="https://git-wip-us.apache.org/repos/asf?p=wicket.git;h=8ee88f1" class="external-link" target="_blank" rel="nofollow noopener"&gt;https://git-wip-us.apache.org/repos/asf?p=wicket.git;h=8ee88f1&lt;/a&gt; ]&lt;/p&gt;

&lt;p&gt;&lt;a href="https://issues.apache.org/jira/browse/WICKET-5657" title="wicket-autocomplete may fail after preceeding Ajax request" class="issue-link" data-issue-key="WICKET-5657"&gt;&lt;del&gt;WICKET-5657&lt;/del&gt;&lt;/a&gt; wicket-autocomplete may fail after preceeding Ajax request&lt;/p&gt;</comment>
                            <comment id="14079591" author="jira-bot" created="Wed, 30 Jul 2014 17:28:10 +0000">&lt;p&gt;Commit fd2dcbe5185cef2c5ed58e0a2446ecfe37ba8fb1 in wicket's branch refs/heads/wicket-6.x from svenmeier&lt;br/&gt;
[ &lt;a href="https://git-wip-us.apache.org/repos/asf?p=wicket.git;h=fd2dcbe" class="external-link" target="_blank" rel="nofollow noopener"&gt;https://git-wip-us.apache.org/repos/asf?p=wicket.git;h=fd2dcbe&lt;/a&gt; ]&lt;/p&gt;

&lt;p&gt;&lt;a href="https://issues.apache.org/jira/browse/WICKET-5657" title="wicket-autocomplete may fail after preceeding Ajax request" class="issue-link" data-issue-key="WICKET-5657"&gt;&lt;del&gt;WICKET-5657&lt;/del&gt;&lt;/a&gt; wicket-autocomplete may fail after preceeding Ajax request&lt;/p&gt;</comment>
                            <comment id="14079592" author="svenmeier" created="Wed, 30 Jul 2014 17:28:21 +0000">&lt;p&gt;Existence of markup element is now checked in precondition.&lt;/p&gt;</comment>
                    </comments>
                    <attachments>
                    </attachments>
                <subtasks>
                    </subtasks>
                <customfields>
                                                                                                                                                                                                                                                                                                                                                                                                                                                                                                                                                                                                                                                                                                                    <customfield id="customfield_12314020" key="com.atlassian.jira.plugins.jira-development-integration-plugin:devsummary">
                        <customfieldname>Development</customfieldname>
                        <customfieldvalues>
                            
                        </customfieldvalues>
                    </customfield>
                                                                                                                        <customfield id="customfield_12313422" key="com.atlassian.jirafisheyeplugin:jobcheckbox">
                        <customfieldname>Enable Automatic Patch Review</customfieldname>
                        <customfieldvalues>
                            <customfieldvalue>false</customfieldvalue>

                        </customfieldvalues>
                    </customfield>
                                                                                                                                                                                                                                                                                                                                                                                                                                                                                                                                                                                                                    <customfield id="customfield_12310420" key="com.pyxis.greenhopper.jira:gh-global-rank">
                        <customfieldname>Global Rank</customfieldname>
                        <customfieldvalues>
                            <customfieldvalue>408904</customfieldvalue>
                        </customfieldvalues>
                    </customfield>
                                                                                                                                                                                                                                                                                                                                                                                                                                                                        <customfield id="customfield_12311820" key="com.pyxis.greenhopper.jira:gh-lexo-rank">
                        <customfieldname>Rank</customfieldname>
                        <customfieldvalues>
                            <customfieldvalue>0|i1ycun:</customfieldvalue>

                        </customfieldvalues>
                    </customfield>
                                                                <customfield id="customfield_12310920" key="com.pyxis.greenhopper.jira:gh-global-rank">
                        <customfieldname>Rank (Obsolete)</customfieldname>
                        <customfieldvalues>
                            <customfieldvalue>408902</customfieldvalue>
                        </customfieldvalues>
                    </customfield>
                                                                                                                                                                                                                                                                                                                                                                                                                                                                                                                                                                                                                                                                                                                                                                                            </customfields>
    </item>


</channel>
</rss>