<rss version="0.92">
    <channel>
        <title>ASF JIRA</title>
        <link>https://issues.apache.org/jira/issues/?jql=project+%3D+wicket+and+type+%3D+bug+and+%28status+%3D+RESOLVED+or+status+%3D+closed%29</link>
        <description>An XML representation of a search request</description>
                <language>en-uk</language>
                        <issue start="0" end="1000" total="4133" />
                <build-info>
            <version>8.20.7</version>
            <build-number>820007</build-number>
            <build-date>16-03-2022</build-date>
        </build-info>

<item>
            <title>[WICKET-5369] Can't set a cookie using CookieUtils during an ajax request due to java.lang.ClassCastException: org.apache.wicket.ajax.AbstractAjaxResponse$AjaxResponse cannot be cast to org.apache.wicket.request.http.WebResponse</title>
                <link>https://issues.apache.org/jira/browse/WICKET-5369</link>
                <project id="12310561" key="WICKET">Wicket</project>
                    <description>&lt;p&gt;I have a subclass of org.apache.wicket.extensions.markup.html.repeater.data.table.DataTable whose IDataProvider.iterator method indirectly calls CookieUtils.save. This causes the following stack trace:&lt;/p&gt;

&lt;p&gt;Caused by: java.lang.ClassCastException: org.apache.wicket.ajax.AbstractAjaxResponse$AjaxResponse cannot be cast to org.apache.wicket.request.http.WebResponse&lt;br/&gt;
	at org.apache.wicket.util.cookies.CookieUtils.getWebResponse(CookieUtils.java:354) ~&lt;span class="error"&gt;&amp;#91;wicket-core-6.9.1.jar:6.9.1&amp;#93;&lt;/span&gt;&lt;br/&gt;
	at org.apache.wicket.util.cookies.CookieUtils.save(CookieUtils.java:297) ~&lt;span class="error"&gt;&amp;#91;wicket-core-6.9.1.jar:6.9.1&amp;#93;&lt;/span&gt;&lt;br/&gt;
	at org.apache.wicket.util.cookies.CookieUtils.save(CookieUtils.java:184) ~&lt;span class="error"&gt;&amp;#91;wicket-core-6.9.1.jar:6.9.1&amp;#93;&lt;/span&gt;&lt;/p&gt;

&lt;p&gt;DataTable calls its data provider's iterator method during org.apache.wicket.markup.repeater.AbstractRepeater.onBeforeRender. Apparently at this point the response isn't a WebResponse. Perhaps CookieUtils should be changed to work with a generic Response, using its getContainerResponse method.&lt;/p&gt;</description>
                <environment>Java 7, Servlet 2.5, Apache Tomcat 7.</environment>
        <key id="12670306">WICKET-5369</key>
            <summary>Can't set a cookie using CookieUtils during an ajax request due to java.lang.ClassCastException: org.apache.wicket.ajax.AbstractAjaxResponse$AjaxResponse cannot be cast to org.apache.wicket.request.http.WebResponse</summary>
                <type id="1" iconUrl="https://issues.apache.org/jira/secure/viewavatar?size=xsmall&amp;avatarId=21133&amp;avatarType=issuetype">Bug</type>
                                            <priority id="4" iconUrl="https://issues.apache.org/jira/images/icons/priorities/minor.svg">Minor</priority>
                        <status id="5" iconUrl="https://issues.apache.org/jira/images/icons/statuses/resolved.png" description="A resolution has been taken, and it is awaiting verification by reporter. From here issues are either reopened, or are closed.">Resolved</status>
                    <statusCategory id="3" key="done" colorName="green" />
                                    <resolution id="1">Fixed</resolution>
                                        <assignee username="mgrigorov">Martin Tzvetanov Grigorov</assignee>
                                    <reporter username="dgileadi">David Gileadi</reporter>
                        <labels>
                    </labels>
                <created>Tue, 24 Sep 2013 16:23:35 +0000</created>
                <updated>Thu, 26 Sep 2013 15:14:19 +0000</updated>
                            <resolved>Thu, 26 Sep 2013 15:14:19 +0000</resolved>
                                    <version>6.9.1</version>
                                    <fixVersion>6.12.0</fixVersion>
                    <fixVersion>7.0.0-M1</fixVersion>
                                        <due />
                            <votes>0</votes>
                                    <watches>2</watches>
                                                                <comments>
                            <comment id="13778881" author="mgrigorov" created="Thu, 26 Sep 2013 15:14:19 +0000">&lt;p&gt;From now on it will be WebResponse.&lt;/p&gt;</comment>
                    </comments>
                    <attachments>
                    </attachments>
                <subtasks>
                    </subtasks>
                <customfields>
                                                                                                                                                                                                                                                                                                                                                                                                                                                                                                                                                                                                                                                                                                                    <customfield id="customfield_12314020" key="com.atlassian.jira.plugins.jira-development-integration-plugin:devsummary">
                        <customfieldname>Development</customfieldname>
                        <customfieldvalues>
                            
                        </customfieldvalues>
                    </customfield>
                                                                                                                        <customfield id="customfield_12313422" key="com.atlassian.jirafisheyeplugin:jobcheckbox">
                        <customfieldname>Enable Automatic Patch Review</customfieldname>
                        <customfieldvalues>
                            <customfieldvalue>false</customfieldvalue>

                        </customfieldvalues>
                    </customfield>
                                                                                                                                                                                                                                                                                                                                                                                                                                                                                                                                                                                                                    <customfield id="customfield_12310420" key="com.pyxis.greenhopper.jira:gh-global-rank">
                        <customfieldname>Global Rank</customfieldname>
                        <customfieldvalues>
                            <customfieldvalue>350135</customfieldvalue>
                        </customfieldvalues>
                    </customfield>
                                                                                                                                                                                                                                                                                                                                                                                                                                                                        <customfield id="customfield_12311820" key="com.pyxis.greenhopper.jira:gh-lexo-rank">
                        <customfieldname>Rank</customfieldname>
                        <customfieldvalues>
                            <customfieldvalue>0|i1ode7:</customfieldvalue>

                        </customfieldvalues>
                    </customfield>
                                                                <customfield id="customfield_12310920" key="com.pyxis.greenhopper.jira:gh-global-rank">
                        <customfieldname>Rank (Obsolete)</customfieldname>
                        <customfieldvalues>
                            <customfieldvalue>350429</customfieldvalue>
                        </customfieldvalues>
                    </customfield>
                                                                                                                                                                                                                                                                                                                                                                                                                                                                                                                                                                                                                                                                                                                                                                                            </customfields>
    </item>


</channel>
</rss>