<rss version="0.92">
    <channel>
        <title>ASF JIRA</title>
        <link>https://issues.apache.org/jira/issues/?jql=project+%3D+wicket+and+type+%3D+bug+and+%28status+%3D+RESOLVED+or+status+%3D+closed%29</link>
        <description>An XML representation of a search request</description>
                <language>en-uk</language>
                        <issue start="0" end="1000" total="4133" />
                <build-info>
            <version>8.20.7</version>
            <build-number>820007</build-number>
            <build-date>16-03-2022</build-date>
        </build-info>

<item>
            <title>[WICKET-5687] content type in header is being lost when using a AbstractTransformerBehavior</title>
                <link>https://issues.apache.org/jira/browse/WICKET-5687</link>
                <project id="12310561" key="WICKET">Wicket</project>
                    <description>&lt;p&gt;The content type header information is being lost when using a AbstractTransformerBehavior, please see the attached example of the problem for an example.&lt;/p&gt;

&lt;p&gt;I believe this is the same issue as &lt;a href="https://issues.apache.org/jira/browse/WICKET-3633" title="content type in header is being lost when using a AbstractTransformerBehavior" class="issue-link" data-issue-key="WICKET-3633"&gt;&lt;del&gt;WICKET-3633&lt;/del&gt;&lt;/a&gt;.&lt;/p&gt;</description>
                <environment />
        <key id="12737044">WICKET-5687</key>
            <summary>content type in header is being lost when using a AbstractTransformerBehavior</summary>
                <type id="1" iconUrl="https://issues.apache.org/jira/secure/viewavatar?size=xsmall&amp;avatarId=21133&amp;avatarType=issuetype">Bug</type>
                                            <priority id="4" iconUrl="https://issues.apache.org/jira/images/icons/priorities/minor.svg">Minor</priority>
                        <status id="5" iconUrl="https://issues.apache.org/jira/images/icons/statuses/resolved.png" description="A resolution has been taken, and it is awaiting verification by reporter. From here issues are either reopened, or are closed.">Resolved</status>
                    <statusCategory id="3" key="done" colorName="green" />
                                    <resolution id="1">Fixed</resolution>
                                        <assignee username="mgrigorov">Martin Tzvetanov Grigorov</assignee>
                                    <reporter username="kukushi">Alinoor Rahman</reporter>
                        <labels>
                    </labels>
                <created>Wed, 27 Aug 2014 08:36:45 +0000</created>
                <updated>Fri, 29 Aug 2014 10:43:06 +0000</updated>
                            <resolved>Fri, 29 Aug 2014 07:18:44 +0000</resolved>
                                    <version>6.16.0</version>
                                    <fixVersion>7.0.0-M3</fixVersion>
                    <fixVersion>6.17.0</fixVersion>
                                    <component>wicket</component>
                        <due />
                            <votes>0</votes>
                                    <watches>3</watches>
                                                                <comments>
                            <comment id="14112045" author="kukushi" created="Wed, 27 Aug 2014 08:42:27 +0000">&lt;p&gt;======with AbstractTransformerBehaviour=====&lt;/p&gt;
&lt;ol&gt;
	&lt;li&gt;/tmp&amp;gt; wget localhost:8080&lt;br/&gt;
-&lt;del&gt;2014-08-27 09:39:54&lt;/del&gt;-  &lt;a href="http://localhost:8080/" class="external-link" target="_blank" rel="nofollow noopener"&gt;http://localhost:8080/&lt;/a&gt;&lt;br/&gt;
Resolving localhost... ::1, 127.0.0.1, fe80::1&lt;br/&gt;
Connecting to localhost|::1|:8080... connected.&lt;br/&gt;
HTTP request sent, awaiting response... 200 OK&lt;br/&gt;
Length: unspecified&lt;br/&gt;
Saving to: 'index.html'&lt;/li&gt;
&lt;/ol&gt;


&lt;p&gt;    [ &amp;lt;=&amp;gt;                                                                                                                   ] 2,529       --.-K/s   in 0s&lt;/p&gt;

&lt;p&gt;2014-08-27 09:39:55 (142 MB/s) - 'index.html' saved &lt;span class="error"&gt;&amp;#91;2529&amp;#93;&lt;/span&gt;&lt;/p&gt;

&lt;p&gt;======without AbstractTransformerBehaviour=====&lt;/p&gt;
&lt;ol&gt;
	&lt;li&gt;/tmp&amp;gt; wget localhost:8080&lt;br/&gt;
-&lt;del&gt;2014-08-27 09:40:51&lt;/del&gt;-  &lt;a href="http://localhost:8080/" class="external-link" target="_blank" rel="nofollow noopener"&gt;http://localhost:8080/&lt;/a&gt;&lt;br/&gt;
Resolving localhost... ::1, 127.0.0.1, fe80::1&lt;br/&gt;
Connecting to localhost|::1|:8080... connected.&lt;br/&gt;
HTTP request sent, awaiting response... 200 OK&lt;br/&gt;
Length: unspecified &lt;span class="error"&gt;&amp;#91;text/html&amp;#93;&lt;/span&gt;&lt;br/&gt;
Saving to: 'index.html.1'&lt;/li&gt;
&lt;/ol&gt;


&lt;p&gt;    [ &amp;lt;=&amp;gt;                                                                                                                   ] 2,529       --.-K/s   in 0s&lt;/p&gt;

&lt;p&gt;2014-08-27 09:40:52 (172 MB/s) - 'index.html.1' saved &lt;span class="error"&gt;&amp;#91;2529&amp;#93;&lt;/span&gt;&lt;/p&gt;</comment>
                            <comment id="14114950" author="mgrigorov" created="Fri, 29 Aug 2014 07:03:09 +0000">&lt;p&gt;Please don't make our lives harder. &lt;br/&gt;
To unpack the file I had to do: &lt;/p&gt;

&lt;p&gt;$ tar jxvf defect.tar.bz2 &lt;br/&gt;
tar: This does not look like a tar archive&lt;br/&gt;
tar: Skipping to next header&lt;br/&gt;
tar: Exiting with failure status due to previous errors&lt;br/&gt;
$ file defect.tar.bz2 &lt;br/&gt;
defect.tar.bz2: bzip2 compressed data, block size = 900k&lt;br/&gt;
$ bunzip2 defect.tar.bz2 &lt;br/&gt;
$ file defect.tar &lt;br/&gt;
defect.tar: gzip compressed data, from Unix, last modified: Wed Aug 27 11:35:40 2014&lt;br/&gt;
$ mv defect.tar defect.gz&lt;br/&gt;
$ gunzip defect.gz &lt;br/&gt;
$ file defect &lt;br/&gt;
defect: POSIX tar archive&lt;br/&gt;
$ mv defect defect.tar&lt;br/&gt;
$ tar xvf defect.tar &lt;/p&gt;
</comment>
                            <comment id="14114959" author="jira-bot" created="Fri, 29 Aug 2014 07:17:02 +0000">&lt;p&gt;Commit 3b0b2f2032e27445347b5ca24420933b4f32723f in wicket's branch refs/heads/wicket-6.x from &lt;a href="https://issues.apache.org/jira/secure/ViewProfile.jspa?name=mgrigorov" class="user-hover" rel="mgrigorov"&gt;mgrigorov&lt;/a&gt;&lt;br/&gt;
[ &lt;a href="https://git-wip-us.apache.org/repos/asf?p=wicket.git;h=3b0b2f2" class="external-link" target="_blank" rel="nofollow noopener"&gt;https://git-wip-us.apache.org/repos/asf?p=wicket.git;h=3b0b2f2&lt;/a&gt; ]&lt;/p&gt;

&lt;p&gt;&lt;a href="https://issues.apache.org/jira/browse/WICKET-5687" title="content type in header is being lost when using a AbstractTransformerBehavior" class="issue-link" data-issue-key="WICKET-5687"&gt;&lt;del&gt;WICKET-5687&lt;/del&gt;&lt;/a&gt; content type in header is being lost when using a AbstractTransformerBehavior&lt;/p&gt;

&lt;p&gt;Preserve the web response's meta data (headers) when AbstractTransformerBehavior is used to transform the page's markup&lt;/p&gt;</comment>
                            <comment id="14114960" author="jira-bot" created="Fri, 29 Aug 2014 07:18:27 +0000">&lt;p&gt;Commit 01368001943155bc5262f9dc0df009d17aa66bda in wicket's branch refs/heads/master from &lt;a href="https://issues.apache.org/jira/secure/ViewProfile.jspa?name=mgrigorov" class="user-hover" rel="mgrigorov"&gt;mgrigorov&lt;/a&gt;&lt;br/&gt;
[ &lt;a href="https://git-wip-us.apache.org/repos/asf?p=wicket.git;h=0136800" class="external-link" target="_blank" rel="nofollow noopener"&gt;https://git-wip-us.apache.org/repos/asf?p=wicket.git;h=0136800&lt;/a&gt; ]&lt;/p&gt;

&lt;p&gt;&lt;a href="https://issues.apache.org/jira/browse/WICKET-5687" title="content type in header is being lost when using a AbstractTransformerBehavior" class="issue-link" data-issue-key="WICKET-5687"&gt;&lt;del&gt;WICKET-5687&lt;/del&gt;&lt;/a&gt; content type in header is being lost when using a AbstractTransformerBehavior&lt;/p&gt;

&lt;p&gt;Preserve the web response's meta data (headers) when AbstractTransformerBehavior is used to transform the page's markup&lt;/p&gt;

&lt;p&gt;(cherry picked from commit 3b0b2f2032e27445347b5ca24420933b4f32723f)&lt;/p&gt;</comment>
                            <comment id="14114961" author="mgrigorov" created="Fri, 29 Aug 2014 07:18:44 +0000">&lt;p&gt;Fixed!&lt;br/&gt;
Thanks for reporting!&lt;/p&gt;</comment>
                            <comment id="14115104" author="kukushi" created="Fri, 29 Aug 2014 10:43:06 +0000">&lt;p&gt;Thanks. sorry for the confusing file extension!&lt;/p&gt;</comment>
                    </comments>
                <issuelinks>
                            <issuelinktype id="10030">
                    <name>Reference</name>
                                                                <inwardlinks description="is related to">
                                        <issuelink>
            <issuekey id="12504971">WICKET-3633</issuekey>
        </issuelink>
                            </inwardlinks>
                                    </issuelinktype>
                    </issuelinks>
                <attachments>
                            <attachment id="12664597" name="defect.tar.bz2" size="21019" author="kukushi" created="Wed, 27 Aug 2014 08:42:27 +0000" />
                    </attachments>
                <subtasks>
                    </subtasks>
                <customfields>
                                                                                                                                                                                                                                                                                                                                                                                                                                                                                                                                                                                                                                                                                                                    <customfield id="customfield_12314020" key="com.atlassian.jira.plugins.jira-development-integration-plugin:devsummary">
                        <customfieldname>Development</customfieldname>
                        <customfieldvalues>
                            
                        </customfieldvalues>
                    </customfield>
                                                                                                                        <customfield id="customfield_12313422" key="com.atlassian.jirafisheyeplugin:jobcheckbox">
                        <customfieldname>Enable Automatic Patch Review</customfieldname>
                        <customfieldvalues>
                            <customfieldvalue>false</customfieldvalue>

                        </customfieldvalues>
                    </customfield>
                                                                                                                                                                                                                                                                                                                                                                                                                                                                                                                                                                                                                    <customfield id="customfield_12310420" key="com.pyxis.greenhopper.jira:gh-global-rank">
                        <customfieldname>Global Rank</customfieldname>
                        <customfieldvalues>
                            <customfieldvalue>9223372036854775807</customfieldvalue>
                        </customfieldvalues>
                    </customfield>
                                                                                                                                                                                                                                                                                                                                                                                                                                                                        <customfield id="customfield_12311820" key="com.pyxis.greenhopper.jira:gh-lexo-rank">
                        <customfieldname>Rank</customfieldname>
                        <customfieldvalues>
                            <customfieldvalue>0|i1zdsf:</customfieldvalue>

                        </customfieldvalues>
                    </customfield>
                                                                <customfield id="customfield_12310920" key="com.pyxis.greenhopper.jira:gh-global-rank">
                        <customfieldname>Rank (Obsolete)</customfieldname>
                        <customfieldvalues>
                            <customfieldvalue>9223372036854775807</customfieldvalue>
                        </customfieldvalues>
                    </customfield>
                                                                                                                                                                                                                                                                                                                                                                                                                                                                                                                                                                                                                                                                                                                                                                                            </customfields>
    </item>


</channel>
</rss>