<rss version="0.92">
    <channel>
        <title>ASF JIRA</title>
        <link>https://issues.apache.org/jira/issues/?jql=project+%3D+wicket+and+type+%3D+bug+and+%28status+%3D+RESOLVED+or+status+%3D+closed%29</link>
        <description>An XML representation of a search request</description>
                <language>en-uk</language>
                        <issue start="0" end="1000" total="4133" />
                <build-info>
            <version>8.20.7</version>
            <build-number>820007</build-number>
            <build-date>16-03-2022</build-date>
        </build-info>

<item>
            <title>[WICKET-5618] Wicket or WicketTester is constructing my page twice</title>
                <link>https://issues.apache.org/jira/browse/WICKET-5618</link>
                <project id="12310561" key="WICKET">Wicket</project>
                    <description>&lt;p&gt;I tried to update to v6.15.0 and all our tests started failing because all expectations are now being called twice. I tested that the issue also occurs in v1.5.11.&lt;/p&gt;

&lt;p&gt;We were previously on v1.5.7 which does not have this issue. Did something change between v1.5.7 and v1.5.11 which could be responsible for this?&lt;/p&gt;

&lt;p&gt;This isn't just occurring on one or two tests - every non-trivial test (certainly any test which posts a form) is failing.&lt;/p&gt;

&lt;p&gt;Navigating to the start page (called at the start of the test)&lt;/p&gt;

&lt;div class="code panel" style="border-width: 1px;"&gt;&lt;div class="codeContent panelContent"&gt;
&lt;pre class="code-java"&gt;
    @Override
    &lt;span class="code-keyword"&gt;protected&lt;/span&gt; void navigateToStartPage()
    {
        fakeLoginAsAdmin();

        mockery.checking(&lt;span class="code-keyword"&gt;new&lt;/span&gt; Expectations() {{
            oneOf(serverGroupStore).getAllGroups(); will(returnValue(Arrays.asList(
                &lt;span class="code-keyword"&gt;new&lt;/span&gt; DefaultServerGroup(3, &lt;span class="code-quote"&gt;"my-group"&lt;/span&gt;, EnumSet.noneOf(Permission.class)),
                &lt;span class="code-keyword"&gt;new&lt;/span&gt; DefaultServerGroup(1, &lt;span class="code-quote"&gt;"nuix-admins"&lt;/span&gt;, EnumSet.allOf(Permission.class)),
                &lt;span class="code-keyword"&gt;new&lt;/span&gt; DefaultServerGroup(2, &lt;span class="code-quote"&gt;"nuix-users"&lt;/span&gt;, EnumSet.of(Permission.ACCESS_SERVER))
            )));
        }});

        tester.startPage(GroupsPage.class);
        tester.assertRenderedPage(GroupsPage.class);
        newGroupForm = tester.newFormTester(&lt;span class="code-quote"&gt;"newGroupForm"&lt;/span&gt;);

        mockery.assertIsSatisfied();
    }
&lt;/pre&gt;
&lt;/div&gt;&lt;/div&gt;

&lt;p&gt;The actual test:&lt;/p&gt;

&lt;div class="code panel" style="border-width: 1px;"&gt;&lt;div class="codeContent panelContent"&gt;
&lt;pre class="code-java"&gt;    @Test
    &lt;span class="code-keyword"&gt;public&lt;/span&gt; void testCreateGroup_OK()
    {
        mockery.checking(&lt;span class="code-keyword"&gt;new&lt;/span&gt; Expectations() {{
            &lt;span class="code-comment"&gt;// Submitting the form...
&lt;/span&gt;            expectationsForGroupsPage();
            oneOf(serverGroupStore).findByName(&lt;span class="code-quote"&gt;"my-&lt;span class="code-keyword"&gt;new&lt;/span&gt;-group"&lt;/span&gt;); will(returnValue(&lt;span class="code-keyword"&gt;null&lt;/span&gt;));
            ServerGroup newlyCreatedGroup = &lt;span class="code-keyword"&gt;new&lt;/span&gt; DefaultServerGroup(4, &lt;span class="code-quote"&gt;"my-&lt;span class="code-keyword"&gt;new&lt;/span&gt;-group"&lt;/span&gt;, EnumSet.noneOf(Permission.class));
            oneOf(serverGroupStore).create(&lt;span class="code-quote"&gt;"my-&lt;span class="code-keyword"&gt;new&lt;/span&gt;-group"&lt;/span&gt;); will(returnValue(newlyCreatedGroup));

            &lt;span class="code-comment"&gt;// XXX: I'm not sure why &lt;span class="code-keyword"&gt;this&lt;/span&gt; occurs but it happens when sending the instruction to redirect.
&lt;/span&gt;            oneOf(serverGroupStore).findById(4); will(returnValue(newlyCreatedGroup));

            &lt;span class="code-comment"&gt;// After the redirect...
&lt;/span&gt;            oneOf(serverGroupStore).findById(4); will(returnValue(newlyCreatedGroup));
        }});

        newGroupForm.setValue(&lt;span class="code-quote"&gt;"name"&lt;/span&gt;, &lt;span class="code-quote"&gt;"my-&lt;span class="code-keyword"&gt;new&lt;/span&gt;-group"&lt;/span&gt;);
        newGroupForm.submit();                                 &lt;span class="code-comment"&gt;// ** FAILS HERE **
&lt;/span&gt;        tester.assertNoErrorMessage();
        tester.assertInfoMessages(&lt;span class="code-quote"&gt;"Group my-&lt;span class="code-keyword"&gt;new&lt;/span&gt;-group created."&lt;/span&gt;);
        tester.assertRenderedPage(ShowGroupPage.class);
        tester.assertContains(&lt;span class="code-quote"&gt;"&amp;lt;title&amp;gt;my-&lt;span class="code-keyword"&gt;new&lt;/span&gt;-group"&lt;/span&gt;);

        mockery.assertIsSatisfied();
    }
&lt;/pre&gt;
&lt;/div&gt;&lt;/div&gt;

&lt;p&gt;The setup of the tester itself:&lt;/p&gt;

&lt;div class="code panel" style="border-width: 1px;"&gt;&lt;div class="codeContent panelContent"&gt;
&lt;pre class="code-java"&gt;    @Before
    &lt;span class="code-keyword"&gt;public&lt;/span&gt; &lt;span class="code-keyword"&gt;final&lt;/span&gt; void setUp() &lt;span class="code-keyword"&gt;throws&lt;/span&gt; Exception
    {
        mockery = MockeryFactory.createMockery();

        MutablePicoContainer container = &lt;span class="code-keyword"&gt;new&lt;/span&gt; DefaultPicoContainer();
        populateContainer(container);
        tester = &lt;span class="code-keyword"&gt;new&lt;/span&gt; WicketTester(&lt;span class="code-keyword"&gt;new&lt;/span&gt; ServerWebUIApplication(container));
        &lt;span class="code-comment"&gt;//tester.setFollowRedirects(&lt;span class="code-keyword"&gt;false&lt;/span&gt;);
&lt;/span&gt;
        &lt;span class="code-comment"&gt;// Mock out checking &lt;span class="code-keyword"&gt;for&lt;/span&gt; settings otherwise you have to mock ServerContext and ServerPreferences -
&lt;/span&gt;        &lt;span class="code-comment"&gt;// but various tests rely on mocking those already, to test the main functionality.
&lt;/span&gt;        serverPreferencesWatcher = mockery.mock(ServerPreferencesWatcher.class);
        container.addComponent(ServerPreferencesWatcher.class, serverPreferencesWatcher);
        mockery.checking(&lt;span class="code-keyword"&gt;new&lt;/span&gt; Expectations() {{
            allowing(serverPreferencesWatcher).isRestartRequired(); will(returnValue(&lt;span class="code-keyword"&gt;false&lt;/span&gt;));
        }});

        navigateToStartPage();
    }
&lt;/pre&gt;
&lt;/div&gt;&lt;/div&gt;

&lt;p&gt;I found that this occurs even if I tell WicketTester not to follow redirects.&lt;/p&gt;</description>
                <environment />
        <key id="12721350">WICKET-5618</key>
            <summary>Wicket or WicketTester is constructing my page twice</summary>
                <type id="1" iconUrl="https://issues.apache.org/jira/secure/viewavatar?size=xsmall&amp;avatarId=21133&amp;avatarType=issuetype">Bug</type>
                                            <priority id="3" iconUrl="https://issues.apache.org/jira/images/icons/priorities/major.svg">Major</priority>
                        <status id="5" iconUrl="https://issues.apache.org/jira/images/icons/statuses/resolved.png" description="A resolution has been taken, and it is awaiting verification by reporter. From here issues are either reopened, or are closed.">Resolved</status>
                    <statusCategory id="3" key="done" colorName="green" />
                                    <resolution id="6">Invalid</resolution>
                                        <assignee username="svenmeier">Sven Meier</assignee>
                                    <reporter username="trejkaz">Trejkaz</reporter>
                        <labels>
                    </labels>
                <created>Mon, 16 Jun 2014 07:23:42 +0000</created>
                <updated>Thu, 24 Jul 2014 21:16:32 +0000</updated>
                            <resolved>Thu, 24 Jul 2014 09:14:34 +0000</resolved>
                                    <version>1.5.11</version>
                    <version>6.15.0</version>
                                                        <due />
                            <votes>0</votes>
                                    <watches>4</watches>
                                                                <comments>
                            <comment id="14032198" author="mgrigorov" created="Mon, 16 Jun 2014 07:40:29 +0000">&lt;p&gt;It is not clear what could be the issue.&lt;br/&gt;
Please try with 1.5.8, 9, 10 and then consult with their changelogs (&lt;a href="https://issues.apache.org/jira/browse/WICKET/?selectedTab=com.atlassian.jira.jira-projects-plugin:changelog-panel" class="external-link" rel="nofollow"&gt;https://issues.apache.org/jira/browse/WICKET/?selectedTab=com.atlassian.jira.jira-projects-plugin:changelog-panel&lt;/a&gt;) to see what causes this issue.&lt;/p&gt;</comment>
                            <comment id="14042210" author="mgrigorov" created="Tue, 24 Jun 2014 15:01:19 +0000">&lt;p&gt;Please provide a quickstart or a test case to reproduce the problem.&lt;/p&gt;</comment>
                            <comment id="14046805" author="trejkaz" created="Sat, 28 Jun 2014 10:34:51 +0000">&lt;p&gt;I can't get it to happen on a trivial application. Or more accurately, both 1.5.7 and 1.5.11 fail on the small application I've written. The home page gets constructed three times in all (I expect two of those.)&lt;/p&gt;

&lt;p&gt;I will have to get the real application and test suite and delete code from it until I have an example of the test passing. Anything will be easier than having to rewrite every single unit test. &lt;img class="emoticon" src="https://issues.apache.org/jira/images/icons/emoticons/sad.png" height="16" width="16" align="absmiddle" alt="" border="0"/&gt;&lt;/p&gt;</comment>
                            <comment id="14058236" author="trejkaz" created="Fri, 11 Jul 2014 02:16:13 +0000">&lt;p&gt;Here's an IDEA project with all the libraries it depends on, with one passing unit test class.&lt;/p&gt;</comment>
                            <comment id="14073021" author="svenmeier" created="Thu, 24 Jul 2014 09:13:24 +0000">&lt;p&gt;(almost) proper quickstart&lt;/p&gt;</comment>
                            <comment id="14073022" author="svenmeier" created="Thu, 24 Jul 2014 09:14:34 +0000">&lt;p&gt;After fixing your test expectations, #testCreateGroup_OK() works fine now.&lt;/p&gt;

&lt;p&gt;All page instantiations work as expected.&lt;/p&gt;</comment>
                            <comment id="14073121" author="trejkaz" created="Thu, 24 Jul 2014 11:47:29 +0000">&lt;p&gt;OK, so at some point a change was made in Wicket to create the stateless page one more time?&lt;/p&gt;

&lt;p&gt;That's a pain in the ass, but as long as it's intentional then I don't have to worry about it changing back or to some completely new random behaviour in some future version. It will just take me a week to rewrite all our tests for the new behaviour.&lt;/p&gt;

&lt;p&gt;In the future, perhaps you should consider putting this sort of change into the changelog? It really sucks to have a library change break every single unit test you wrote for your project, especially when the devs then go and close all bug reports about it as "can't reproduce" (which I read as "didn't bother trying") or "invalid" (which I read as "we won't admit we fucked up.")&lt;/p&gt;
</comment>
                            <comment id="14073136" author="svenmeier" created="Thu, 24 Jul 2014 12:06:05 +0000">&lt;p&gt;Please note that I had to fix your text expectations: When a request comes in for a stateless page, a new instance is created - that's intended.&lt;/p&gt;

&lt;p&gt;I'm not aware of a change in Wicket that is the cause of your failing tests, so there's really nothing to "admit" from our side.&lt;/p&gt;

&lt;p&gt;BTW it was a pain in the ass to rework your example into a proper quickstart &lt;img class="emoticon" src="https://issues.apache.org/jira/images/icons/emoticons/tongue.png" height="16" width="16" align="absmiddle" alt="" border="0"/&gt;.&lt;/p&gt;</comment>
                            <comment id="14073139" author="mgrigorov" created="Thu, 24 Jul 2014 12:07:47 +0000">&lt;p&gt;So you say it is impossible your tests to have a bug ? &lt;br/&gt;
Isn't it possible that your tests depended on a wrong behavior ? Someone else (a user like you) reported the bug and we fixed it.&lt;/p&gt;

&lt;p&gt;Now Sven fixed YOUR tests and instead of saying "Thank you" you decided to complain even more.&lt;/p&gt;

&lt;p&gt;About "didn't bother trying" - in your comment &lt;a href="https://issues.apache.org/jira/browse/WICKET-5618?focusedCommentId=14046805&amp;amp;page=com.atlassian.jira.plugin.system.issuetabpanels:comment-tabpanel#comment-14046805" class="external-link" rel="nofollow"&gt;https://issues.apache.org/jira/browse/WICKET-5618?focusedCommentId=14046805&amp;amp;page=com.atlassian.jira.plugin.system.issuetabpanels:comment-tabpanel#comment-14046805&lt;/a&gt; you say that YOU were not able to reproduce the problem in a small application. How exactly do you expect someone else to reproduce it (without access to your code) ?!&lt;/p&gt;

&lt;p&gt;Next time before posting such comment please have a walk and if you still have the same feelings then express them.&lt;/p&gt;</comment>
                            <comment id="14073670" author="trejkaz" created="Thu, 24 Jul 2014 21:16:32 +0000">&lt;p&gt;If you fix a bug, hey, that's cool. I'm just saying perhaps you should mention it in the changelog? Because when a whole suite of tests suddenly all fails, it isn't great for your users.&lt;/p&gt;

&lt;p&gt;Sure, maybe our tests depended on wrong behaviour, but it wasn't our tests that had a bug, it's the shitty library we were depending on which had it. A shitty library which then "fixed" the bug without documenting anything about any changes in WicketTester whatsoever which then broke all our tests. Thanks. (There's your thankyou.)&lt;/p&gt;

&lt;p&gt;As for quickstart, the last time I tried to make a quickstart, the Maven command posted on the Wicket site failed to even complete successfully. Perhaps you should consider discarding Maven, as I have never seen a stable build based on that pile of crap.&lt;/p&gt;</comment>
                    </comments>
                    <attachments>
                            <attachment id="12657582" name="WICKET-5618.zip" size="39577" author="svenmeier" created="Thu, 24 Jul 2014 09:13:24 +0000" />
                            <attachment id="12655134" name="product.zip" size="4027412" author="trejkaz" created="Fri, 11 Jul 2014 02:16:13 +0000" />
                    </attachments>
                <subtasks>
                    </subtasks>
                <customfields>
                                                                                                                                                                                                                                                                                                                                                                                                                                                                                                                                                                                                                                                                                                                    <customfield id="customfield_12314020" key="com.atlassian.jira.plugins.jira-development-integration-plugin:devsummary">
                        <customfieldname>Development</customfieldname>
                        <customfieldvalues>
                            
                        </customfieldvalues>
                    </customfield>
                                                                                                                        <customfield id="customfield_12313422" key="com.atlassian.jirafisheyeplugin:jobcheckbox">
                        <customfieldname>Enable Automatic Patch Review</customfieldname>
                        <customfieldvalues>
                            <customfieldvalue>false</customfieldvalue>

                        </customfieldvalues>
                    </customfield>
                                                                                                                                                                                                                                                                                                                                                                                                                                                                                                                                                                                                                    <customfield id="customfield_12310420" key="com.pyxis.greenhopper.jira:gh-global-rank">
                        <customfieldname>Global Rank</customfieldname>
                        <customfieldvalues>
                            <customfieldvalue>399546</customfieldvalue>
                        </customfieldvalues>
                    </customfield>
                                                                                                                                                                                                                                                                                                                                                                                                                                                                        <customfield id="customfield_12311820" key="com.pyxis.greenhopper.jira:gh-lexo-rank">
                        <customfieldname>Rank</customfieldname>
                        <customfieldvalues>
                            <customfieldvalue>0|i1ws4v:</customfieldvalue>

                        </customfieldvalues>
                    </customfield>
                                                                <customfield id="customfield_12310920" key="com.pyxis.greenhopper.jira:gh-global-rank">
                        <customfieldname>Rank (Obsolete)</customfieldname>
                        <customfieldvalues>
                            <customfieldvalue>399655</customfieldvalue>
                        </customfieldvalues>
                    </customfield>
                                                                                                                                                                                                                                                                                                                                                                                                                                                                                                                                                                                                                                                                                                                                                                                            </customfields>
    </item>


</channel>
</rss>