<rss version="0.92">
    <channel>
        <title>ASF JIRA</title>
        <link>https://issues.apache.org/jira/issues/?jql=project+%3D+wicket+and+type+%3D+bug+and+%28status+%3D+RESOLVED+or+status+%3D+closed%29</link>
        <description>An XML representation of a search request</description>
                <language>en-uk</language>
                        <issue start="0" end="1000" total="4133" />
                <build-info>
            <version>8.20.7</version>
            <build-number>820007</build-number>
            <build-date>16-03-2022</build-date>
        </build-info>

<item>
            <title>[WICKET-5264] CDI Injection no longer working on anonymous classes</title>
                <link>https://issues.apache.org/jira/browse/WICKET-5264</link>
                <project id="12310561" key="WICKET">Wicket</project>
                    <description>&lt;p&gt;The changes made for &lt;a href="https://issues.apache.org/jira/browse/WICKET-5226" title="CDI integration fails in Glassfish 4.0 with WELD-000070" class="issue-link" data-issue-key="WICKET-5226"&gt;&lt;del&gt;WICKET-5226&lt;/del&gt;&lt;/a&gt; (no longer injecting anonymous inner classes) breaks our applications badly, and I suspect we are not the only one. The following pattern is quite common:&lt;/p&gt;

&lt;p&gt;add(new Link&amp;lt;Void&amp;gt;("rest") {&lt;br/&gt;
	@Inject&lt;br/&gt;
	private AccountRestResourceClient accountClient;&lt;/p&gt;

&lt;p&gt;	@Override&lt;br/&gt;
	public void onClick() &lt;/p&gt;
{....}
&lt;p&gt;}&lt;/p&gt;

&lt;p&gt;In Wicket 6.9.0, this no longer works: accountClient will not get injected because the Link is an anonymous inner class. To make things worse, even in concrete classes, you can't rely on injection to work, because someone could subclass your class as an anonymous inner class and injection will again not work.&lt;/p&gt;

&lt;p&gt;This change was made because Weld 2.0 throws an exception when trying to create an InjectionTarget for anonymous classes. This will be reduced to a log-warning in 2.0.2: &lt;a href="https://issues.jboss.org/browse/WELD-1441" class="external-link" target="_blank" rel="nofollow noopener"&gt;https://issues.jboss.org/browse/WELD-1441&lt;/a&gt;&lt;/p&gt;</description>
                <environment />
        <key id="12655983">WICKET-5264</key>
            <summary>CDI Injection no longer working on anonymous classes</summary>
                <type id="1" iconUrl="https://issues.apache.org/jira/secure/viewavatar?size=xsmall&amp;avatarId=21133&amp;avatarType=issuetype">Bug</type>
                                            <priority id="1" iconUrl="https://issues.apache.org/jira/images/icons/priorities/blocker.svg">Blocker</priority>
                        <status id="5" iconUrl="https://issues.apache.org/jira/images/icons/statuses/resolved.png" description="A resolution has been taken, and it is awaiting verification by reporter. From here issues are either reopened, or are closed.">Resolved</status>
                    <statusCategory id="3" key="done" colorName="green" />
                                    <resolution id="1">Fixed</resolution>
                                        <assignee username="papegaaij">Emond Papegaaij</assignee>
                                    <reporter username="papegaaij">Emond Papegaaij</reporter>
                        <labels>
                    </labels>
                <created>Wed, 3 Jul 2013 08:06:56 +0000</created>
                <updated>Wed, 10 Jul 2013 10:37:36 +0000</updated>
                            <resolved>Wed, 10 Jul 2013 10:37:36 +0000</resolved>
                                    <version>6.9.0</version>
                                    <fixVersion>6.9.1</fixVersion>
                                    <component>wicket-cdi</component>
                        <due />
                            <votes>0</votes>
                                    <watches>2</watches>
                                                                    <issuelinks>
                            <issuelinktype id="12310050">
                    <name>Regression</name>
                                                                <inwardlinks description="is broken by">
                                        <issuelink>
            <issuekey id="12652318">WICKET-5226</issuekey>
        </issuelink>
                            </inwardlinks>
                                    </issuelinktype>
                    </issuelinks>
                <attachments>
                    </attachments>
                <subtasks>
                    </subtasks>
                <customfields>
                                                                                                                                                                                                                                                                                                                                                                                                                                                                                                                                                                                                                                                                                                                    <customfield id="customfield_12314020" key="com.atlassian.jira.plugins.jira-development-integration-plugin:devsummary">
                        <customfieldname>Development</customfieldname>
                        <customfieldvalues>
                            
                        </customfieldvalues>
                    </customfield>
                                                                                                                        <customfield id="customfield_12313422" key="com.atlassian.jirafisheyeplugin:jobcheckbox">
                        <customfieldname>Enable Automatic Patch Review</customfieldname>
                        <customfieldvalues>
                            <customfieldvalue>false</customfieldvalue>

                        </customfieldvalues>
                    </customfield>
                                                                                                                                                                                                                                                                                                                                                                                                                                                                                                                                                                                                                    <customfield id="customfield_12310420" key="com.pyxis.greenhopper.jira:gh-global-rank">
                        <customfieldname>Global Rank</customfieldname>
                        <customfieldvalues>
                            <customfieldvalue>336258</customfieldvalue>
                        </customfieldvalues>
                    </customfield>
                                                                                                                                                                                                                                                                                                                                                                                                                                                                        <customfield id="customfield_12311820" key="com.pyxis.greenhopper.jira:gh-lexo-rank">
                        <customfieldname>Rank</customfieldname>
                        <customfieldvalues>
                            <customfieldvalue>0|i1m02n:</customfieldvalue>

                        </customfieldvalues>
                    </customfield>
                                                                <customfield id="customfield_12310920" key="com.pyxis.greenhopper.jira:gh-global-rank">
                        <customfieldname>Rank (Obsolete)</customfieldname>
                        <customfieldvalues>
                            <customfieldvalue>336582</customfieldvalue>
                        </customfieldvalues>
                    </customfield>
                                                                                                                                                                                                                                                                                                                                                                                                                                                                                                                                                                                                                                                                                                                                                                                            </customfields>
    </item>


</channel>
</rss>