<rss version="0.92">
    <channel>
        <title>ASF JIRA</title>
        <link>https://issues.apache.org/jira/issues/?jql=project+%3D+wicket+and+type+%3D+bug+and+%28status+%3D+RESOLVED+or+status+%3D+closed%29</link>
        <description>An XML representation of a search request</description>
                <language>en-uk</language>
                        <issue start="0" end="1000" total="4133" />
                <build-info>
            <version>8.20.7</version>
            <build-number>820007</build-number>
            <build-date>16-03-2022</build-date>
        </build-info>

<item>
            <title>[WICKET-5144] CDI demo throws an exception when running examples with 'mvn jetty:run'</title>
                <link>https://issues.apache.org/jira/browse/WICKET-5144</link>
                <project id="12310561" key="WICKET">Wicket</project>
                    <description>&lt;p&gt;Testing Wicket 6.7.0 I've noticed the following exception when starting the examples with 'mvn jetty:run':&lt;/p&gt;

&lt;p&gt;java.lang.IllegalArgumentException: Cannot load class for org.jboss.weld.environment.jetty.WeldDecorator&lt;br/&gt;
	at org.jboss.weld.environment.servlet.util.Reflections.classForName(Reflections.java:58)&lt;br/&gt;
	at org.jboss.weld.environment.jetty.JettyPost72Container.initialize(JettyPost72Container.java:66)&lt;br/&gt;
	at org.jboss.weld.environment.servlet.Listener.contextInitialized(Listener.java:162)&lt;br/&gt;
	at org.eclipse.jetty.server.handler.ContextHandler.startContext(ContextHandler.java:733)&lt;br/&gt;
	at org.eclipse.jetty.servlet.ServletContextHandler.startContext(ServletContextHandler.java:233)&lt;br/&gt;
	at org.eclipse.jetty.webapp.WebAppContext.startContext(WebAppContext.java:1222)&lt;br/&gt;
	at org.eclipse.jetty.server.handler.ContextHandler.doStart(ContextHandler.java:676)&lt;br/&gt;
	at org.eclipse.jetty.webapp.WebAppContext.doStart(WebAppContext.java:455)&lt;br/&gt;
	at org.mortbay.jetty.plugin.JettyWebAppContext.doStart(JettyWebAppContext.java:256)&lt;br/&gt;
	at org.eclipse.jetty.util.component.AbstractLifeCycle.start(AbstractLifeCycle.java:59)&lt;br/&gt;
	at org.eclipse.jetty.server.handler.HandlerCollection.doStart(HandlerCollection.java:224)&lt;br/&gt;
	at org.eclipse.jetty.server.handler.ContextHandlerCollection.doStart(ContextHandlerCollection.java:167)&lt;br/&gt;
	at org.eclipse.jetty.util.component.AbstractLifeCycle.start(AbstractLifeCycle.java:59)&lt;br/&gt;
	at org.eclipse.jetty.server.handler.HandlerCollection.doStart(HandlerCollection.java:224)&lt;br/&gt;
	at org.eclipse.jetty.util.component.AbstractLifeCycle.start(AbstractLifeCycle.java:59)&lt;br/&gt;
	at org.eclipse.jetty.server.handler.HandlerWrapper.doStart(HandlerWrapper.java:90)&lt;br/&gt;
	at org.eclipse.jetty.server.Server.doStart(Server.java:260)&lt;br/&gt;
	at org.mortbay.jetty.plugin.JettyServer.doStart(JettyServer.java:65)&lt;br/&gt;
	at org.eclipse.jetty.util.component.AbstractLifeCycle.start(AbstractLifeCycle.java:59)&lt;br/&gt;
	at org.mortbay.jetty.plugin.AbstractJettyMojo.startJetty(AbstractJettyMojo.java:511)&lt;br/&gt;
	at org.mortbay.jetty.plugin.AbstractJettyMojo.execute(AbstractJettyMojo.java:364)&lt;br/&gt;
	at org.mortbay.jetty.plugin.JettyRunMojo.execute(JettyRunMojo.java:516)&lt;br/&gt;
	at org.apache.maven.plugin.DefaultBuildPluginManager.executeMojo(DefaultBuildPluginManager.java:101)&lt;br/&gt;
	at org.apache.maven.lifecycle.internal.MojoExecutor.execute(MojoExecutor.java:209)&lt;br/&gt;
	at org.apache.maven.lifecycle.internal.MojoExecutor.execute(MojoExecutor.java:153)&lt;br/&gt;
	at org.apache.maven.lifecycle.internal.MojoExecutor.execute(MojoExecutor.java:145)&lt;br/&gt;
	at org.apache.maven.lifecycle.internal.LifecycleModuleBuilder.buildProject(LifecycleModuleBuilder.java:84)&lt;br/&gt;
	at org.apache.maven.lifecycle.internal.LifecycleModuleBuilder.buildProject(LifecycleModuleBuilder.java:59)&lt;br/&gt;
	at org.apache.maven.lifecycle.internal.LifecycleStarter.singleThreadedBuild(LifecycleStarter.java:183)&lt;br/&gt;
	at org.apache.maven.lifecycle.internal.LifecycleStarter.execute(LifecycleStarter.java:161)&lt;br/&gt;
	at org.apache.maven.DefaultMaven.doExecute(DefaultMaven.java:320)&lt;br/&gt;
	at org.apache.maven.DefaultMaven.execute(DefaultMaven.java:156)&lt;br/&gt;
	at org.apache.maven.cli.MavenCli.execute(MavenCli.java:537)&lt;br/&gt;
	at org.apache.maven.cli.MavenCli.doMain(MavenCli.java:196)&lt;br/&gt;
	at org.apache.maven.cli.MavenCli.main(MavenCli.java:141)&lt;br/&gt;
	at sun.reflect.NativeMethodAccessorImpl.invoke0(Native Method)&lt;br/&gt;
	at sun.reflect.NativeMethodAccessorImpl.invoke(NativeMethodAccessorImpl.java:57)&lt;br/&gt;
	at sun.reflect.DelegatingMethodAccessorImpl.invoke(DelegatingMethodAccessorImpl.java:43)&lt;br/&gt;
	at java.lang.reflect.Method.invoke(Method.java:601)&lt;br/&gt;
	at org.codehaus.plexus.classworlds.launcher.Launcher.launchEnhanced(Launcher.java:290)&lt;br/&gt;
	at org.codehaus.plexus.classworlds.launcher.Launcher.launch(Launcher.java:230)&lt;br/&gt;
	at org.codehaus.plexus.classworlds.launcher.Launcher.mainWithExitCode(Launcher.java:409)&lt;br/&gt;
	at org.codehaus.plexus.classworlds.launcher.Launcher.main(Launcher.java:352)&lt;br/&gt;
Caused by: java.lang.NoClassDefFoundError: org/eclipse/jetty/servlet/ServletContextHandler$Decorator&lt;br/&gt;
	at java.lang.ClassLoader.defineClass1(Native Method)&lt;br/&gt;
	at java.lang.ClassLoader.defineClass(ClassLoader.java:791)&lt;br/&gt;
	at java.security.SecureClassLoader.defineClass(SecureClassLoader.java:142)&lt;br/&gt;
	at java.net.URLClassLoader.defineClass(URLClassLoader.java:449)&lt;br/&gt;
	at java.net.URLClassLoader.access$100(URLClassLoader.java:71)&lt;br/&gt;
	at java.net.URLClassLoader$1.run(URLClassLoader.java:361)&lt;br/&gt;
	at java.net.URLClassLoader$1.run(URLClassLoader.java:355)&lt;br/&gt;
	at java.security.AccessController.doPrivileged(Native Method)&lt;br/&gt;
	at java.net.URLClassLoader.findClass(URLClassLoader.java:354)&lt;br/&gt;
	at org.eclipse.jetty.webapp.WebAppClassLoader.loadClass(WebAppClassLoader.java:415)&lt;br/&gt;
	at org.eclipse.jetty.webapp.WebAppClassLoader.loadClass(WebAppClassLoader.java:377)&lt;br/&gt;
	at org.jboss.weld.environment.servlet.util.Reflections.classForName(Reflections.java:51)&lt;br/&gt;
	... 42 more&lt;br/&gt;
Caused by: java.lang.ClassNotFoundException: org.eclipse.jetty.servlet.ServletContextHandler$Decorator&lt;br/&gt;
	at java.net.URLClassLoader$1.run(URLClassLoader.java:366)&lt;br/&gt;
	at java.net.URLClassLoader$1.run(URLClassLoader.java:355)&lt;br/&gt;
	at java.security.AccessController.doPrivileged(Native Method)&lt;br/&gt;
	at java.net.URLClassLoader.findClass(URLClassLoader.java:354)&lt;br/&gt;
	at org.eclipse.jetty.webapp.WebAppClassLoader.loadClass(WebAppClassLoader.java:415)&lt;br/&gt;
	at org.eclipse.jetty.webapp.WebAppClassLoader.loadClass(WebAppClassLoader.java:377)&lt;br/&gt;
	... 54 more&lt;/p&gt;


&lt;p&gt;The CDI example works fine though.&lt;/p&gt;</description>
                <environment />
        <key id="12642494">WICKET-5144</key>
            <summary>CDI demo throws an exception when running examples with 'mvn jetty:run'</summary>
                <type id="1" iconUrl="https://issues.apache.org/jira/secure/viewavatar?size=xsmall&amp;avatarId=21133&amp;avatarType=issuetype">Bug</type>
                                            <priority id="4" iconUrl="https://issues.apache.org/jira/images/icons/priorities/minor.svg">Minor</priority>
                        <status id="5" iconUrl="https://issues.apache.org/jira/images/icons/statuses/resolved.png" description="A resolution has been taken, and it is awaiting verification by reporter. From here issues are either reopened, or are closed.">Resolved</status>
                    <statusCategory id="3" key="done" colorName="green" />
                                    <resolution id="2">Won't Fix</resolution>
                                        <assignee username="ivaynberg">Igor Vaynberg</assignee>
                                    <reporter username="mgrigorov">Martin Tzvetanov Grigorov</reporter>
                        <labels>
                    </labels>
                <created>Mon, 15 Apr 2013 07:42:52 +0000</created>
                <updated>Mon, 15 Apr 2013 20:39:31 +0000</updated>
                            <resolved>Mon, 15 Apr 2013 20:39:31 +0000</resolved>
                                    <version>6.7.0</version>
                                                    <component>wicket-cdi</component>
                        <due />
                            <votes>0</votes>
                                    <watches>2</watches>
                                                                <comments>
                            <comment id="13632154" author="ivaynberg" created="Mon, 15 Apr 2013 20:39:31 +0000">&lt;p&gt;this is just weld trying to hook into jetty to allow injection inside servlet artifacts such as servlets and filters, but we are using a jetty version it doesnt support. non fatal.&lt;/p&gt;</comment>
                    </comments>
                    <attachments>
                    </attachments>
                <subtasks>
                    </subtasks>
                <customfields>
                                                                                                                                                                                                                                                                                                                                                                                                                                                                                                                                                                                                                                                                                                                    <customfield id="customfield_12314020" key="com.atlassian.jira.plugins.jira-development-integration-plugin:devsummary">
                        <customfieldname>Development</customfieldname>
                        <customfieldvalues>
                            
                        </customfieldvalues>
                    </customfield>
                                                                                                                        <customfield id="customfield_12313422" key="com.atlassian.jirafisheyeplugin:jobcheckbox">
                        <customfieldname>Enable Automatic Patch Review</customfieldname>
                        <customfieldvalues>
                            <customfieldvalue>false</customfieldvalue>

                        </customfieldvalues>
                    </customfield>
                                                                                                                                                                                                                                                                                                                                                                                                                                                                                                                                                                                                                    <customfield id="customfield_12310420" key="com.pyxis.greenhopper.jira:gh-global-rank">
                        <customfieldname>Global Rank</customfieldname>
                        <customfieldvalues>
                            <customfieldvalue>322908</customfieldvalue>
                        </customfieldvalues>
                    </customfield>
                                                                                                                                                                                                                                                                                                                                                                                                                                                                        <customfield id="customfield_12311820" key="com.pyxis.greenhopper.jira:gh-lexo-rank">
                        <customfieldname>Rank</customfieldname>
                        <customfieldvalues>
                            <customfieldvalue>0|i1jpnr:</customfieldvalue>

                        </customfieldvalues>
                    </customfield>
                                                                <customfield id="customfield_12310920" key="com.pyxis.greenhopper.jira:gh-global-rank">
                        <customfieldname>Rank (Obsolete)</customfieldname>
                        <customfieldvalues>
                            <customfieldvalue>323253</customfieldvalue>
                        </customfieldvalues>
                    </customfield>
                                                                                                                                                                                                                                                                                                                                                                                                                                                                                                                                                                                                                                                                                                                                                                                            </customfields>
    </item>


</channel>
</rss>