<rss version="0.92">
    <channel>
        <title>ASF JIRA</title>
        <link>https://issues.apache.org/jira/issues/?jql=project+%3D+wicket+and+type+%3D+bug+and+%28status+%3D+RESOLVED+or+status+%3D+closed%29</link>
        <description>An XML representation of a search request</description>
                <language>en-uk</language>
                        <issue start="0" end="1000" total="4133" />
                <build-info>
            <version>8.20.7</version>
            <build-number>820007</build-number>
            <build-date>16-03-2022</build-date>
        </build-info>

<item>
            <title>[WICKET-5383] AutoCompleteTextField not positionned correctly</title>
                <link>https://issues.apache.org/jira/browse/WICKET-5383</link>
                <project id="12310561" key="WICKET">Wicket</project>
                    <description>&lt;p&gt;Hello,&lt;/p&gt;

&lt;p&gt;I recently upgraded to wicket 6.11.0 because I needed &lt;a href="https://issues.apache.org/jira/browse/WICKET-5315" title="PriorityHeaderItem+OnDomReadyHeaderItem has no priority in Ajax response" class="issue-link" data-issue-key="WICKET-5315"&gt;&lt;del&gt;WICKET-5315&lt;/del&gt;&lt;/a&gt; to fix a problem with AjaxFormComponentUpdatingBehavior not being properly triggered on an AutoCompleteTextField redrawn via ajax.&lt;/p&gt;

&lt;p&gt;However, it seems another fix released in this version, &lt;a href="https://issues.apache.org/jira/browse/WICKET-5343" title="AutoCompleteTextField suggestions popup position is wrong when its container has scrollbar" class="issue-link" data-issue-key="WICKET-5343"&gt;&lt;del&gt;WICKET-5343&lt;/del&gt;&lt;/a&gt;, is now interfering with the position of the choices list : they are now located a few hundred pixels away from their input.&lt;/p&gt;

&lt;p&gt;This behavior is consistent across all major browsers.&lt;/p&gt;

&lt;p&gt;I took a quick look at the JavaScript code of this component to check if I could fix this, but honestly I found it far too complex to be edited and maintained without side effects. I had to revert the 6.11.0 code back to the 6.10.0 version to get the input working properly again.&lt;/p&gt;

&lt;p&gt;The main problem I see here is that this component is so complex that any change in its code is likely to break it for a few people.&lt;/p&gt;

&lt;p&gt;How do you propose to address this issue ?&lt;br/&gt;
Shouldn't such JavaScript matters be delegated to 3rd party libraries, such as jQuery UI position() ?&lt;/p&gt;</description>
                <environment />
        <key id="12671611">WICKET-5383</key>
            <summary>AutoCompleteTextField not positionned correctly</summary>
                <type id="1" iconUrl="https://issues.apache.org/jira/secure/viewavatar?size=xsmall&amp;avatarId=21133&amp;avatarType=issuetype">Bug</type>
                                            <priority id="4" iconUrl="https://issues.apache.org/jira/images/icons/priorities/minor.svg">Minor</priority>
                        <status id="5" iconUrl="https://issues.apache.org/jira/images/icons/statuses/resolved.png" description="A resolution has been taken, and it is awaiting verification by reporter. From here issues are either reopened, or are closed.">Resolved</status>
                    <statusCategory id="3" key="done" colorName="green" />
                                    <resolution id="3">Duplicate</resolution>
                                        <assignee username="-1">Unassigned</assignee>
                                    <reporter username="adupuis">Antoine Dupuis</reporter>
                        <labels>
                    </labels>
                <created>Tue, 1 Oct 2013 16:25:23 +0000</created>
                <updated>Tue, 8 Oct 2013 09:23:17 +0000</updated>
                            <resolved>Tue, 8 Oct 2013 09:23:16 +0000</resolved>
                                    <version>6.11.0</version>
                                                    <component>wicket-extensions</component>
                        <due />
                            <votes>0</votes>
                                    <watches>1</watches>
                                                                    <issuelinks>
                            <issuelinktype id="12310000">
                    <name>Duplicate</name>
                                            <outwardlinks description="duplicates">
                                        <issuelink>
            <issuekey id="12671289">WICKET-5378</issuekey>
        </issuelink>
                            </outwardlinks>
                                                        </issuelinktype>
                    </issuelinks>
                <attachments>
                    </attachments>
                <subtasks>
                    </subtasks>
                <customfields>
                                                                                                                                                                                                                                                                                                                                                                                                                                                                                                                                                                                                                                                                                                                    <customfield id="customfield_12314020" key="com.atlassian.jira.plugins.jira-development-integration-plugin:devsummary">
                        <customfieldname>Development</customfieldname>
                        <customfieldvalues>
                            
                        </customfieldvalues>
                    </customfield>
                                                                                                                        <customfield id="customfield_12313422" key="com.atlassian.jirafisheyeplugin:jobcheckbox">
                        <customfieldname>Enable Automatic Patch Review</customfieldname>
                        <customfieldvalues>
                            <customfieldvalue>false</customfieldvalue>

                        </customfieldvalues>
                    </customfield>
                                                                                                                                                                                                                                                                                                                                                                                                                                                                                                                                                                                                                    <customfield id="customfield_12310420" key="com.pyxis.greenhopper.jira:gh-global-rank">
                        <customfieldname>Global Rank</customfieldname>
                        <customfieldvalues>
                            <customfieldvalue>351321</customfieldvalue>
                        </customfieldvalues>
                    </customfield>
                                                                                                                                                                                                                                                                                                                                                                                                                                                                        <customfield id="customfield_12311820" key="com.pyxis.greenhopper.jira:gh-lexo-rank">
                        <customfieldname>Rank</customfieldname>
                        <customfieldvalues>
                            <customfieldvalue>0|i1okon:</customfieldvalue>

                        </customfieldvalues>
                    </customfield>
                                                                <customfield id="customfield_12310920" key="com.pyxis.greenhopper.jira:gh-global-rank">
                        <customfieldname>Rank (Obsolete)</customfieldname>
                        <customfieldvalues>
                            <customfieldvalue>351613</customfieldvalue>
                        </customfieldvalues>
                    </customfield>
                                                                                                                                                                                                                                                                                                                                                                                                                                                                                                                                                                                                                                                                                                                                                                                            </customfields>
    </item>


</channel>
</rss>