<rss version="0.92">
    <channel>
        <title>ASF JIRA</title>
        <link>https://issues.apache.org/jira/issues/?jql=project+%3D+wicket+and+type+%3D+bug+and+%28status+%3D+RESOLVED+or+status+%3D+closed%29</link>
        <description>An XML representation of a search request</description>
                <language>en-uk</language>
                        <issue start="0" end="1000" total="4133" />
                <build-info>
            <version>8.20.7</version>
            <build-number>820007</build-number>
            <build-date>16-03-2022</build-date>
        </build-info>

<item>
            <title>[WICKET-5839] ServletWebRequest Post Parameters missing</title>
                <link>https://issues.apache.org/jira/browse/WICKET-5839</link>
                <project id="12310561" key="WICKET">Wicket</project>
                    <description>&lt;p&gt;To Reproduce:&lt;/p&gt;

&lt;p&gt;I was able to easily reproduce it with the simplest submit button: &lt;a href="https://github.com/baholladay/wicketrequesterror" class="external-link" target="_blank" rel="nofollow noopener"&gt;https://github.com/baholladay/wicketrequesterror&lt;/a&gt;&lt;/p&gt;

&lt;p&gt;All you need to do is click submit and you'll see the parameter value. Then change the wicket version from 6.16.0 to 6.19.0 and rebuild and click submit and you'll see no value after clicking submit.&lt;/p&gt;

&lt;p&gt;Description: &lt;br/&gt;
I'm trying to upgrade to 6.19.0 from 6.16.0 and one of my rest endpoints doesn't have access to the post parameters anymore.&lt;/p&gt;

&lt;p&gt;I mount a specific endpoint to a page:&lt;/p&gt;

&lt;p&gt;Application.java&lt;/p&gt;

&lt;p&gt;mountPage("/fileUpload", FileUploadRest.class);&lt;/p&gt;


&lt;p&gt;and then look for the parameters in the page&lt;/p&gt;

&lt;p&gt;FileUploadRest extends WebPage{&lt;/p&gt;

&lt;p&gt;public FileUploadRest(){&lt;br/&gt;
  final ServletWebRequest webRequest = (ServletWebRequest) getRequest();&lt;br/&gt;
  MultipartServletWebRequest multiPartRequest = webRequest.newMultipartWebRequest(Bytes.megabytes(100), "ignored");&lt;br/&gt;
String uuid = multiPartRequest.getRequestParameters().getParameterValue("uuid").toString();&lt;br/&gt;
...&lt;br/&gt;
}&lt;br/&gt;
This UUID parameter works fine in 6.16.0 but is always null in 6.19.0. This is true for all parameters and the file passed in. I verified that the post is sending the data (by looking at the developer Network tab in chrome).&lt;/p&gt;

&lt;p&gt;Request Payload:&lt;/p&gt;

&lt;p&gt;------WebKitFormBoundaryttKBVItmK4S1fZNP&lt;/p&gt;

&lt;p&gt;Content-Disposition: form-data; name="myAwesomeDropzone_hf_0"&lt;/p&gt;


&lt;p&gt;------WebKitFormBoundaryttKBVItmK4S1fZNP&lt;br/&gt;
Content-Disposition: form-data; name="uuid"&lt;/p&gt;

&lt;p&gt;4e238b39-478d-4938-8bc2-0416508b04c6&lt;br/&gt;
------WebKitFormBoundaryttKBVItmK4S1fZNP&lt;br/&gt;
Content-Disposition: form-data; name="file"; filename="test4.pdf"&lt;br/&gt;
Content-Type: application/pdf&lt;/p&gt;

&lt;p&gt;I've also tried using a Resource and mounting that instead of a WebPage by following the stackoverflow suggestion &lt;span class="error"&gt;&amp;#91;1&amp;#93;&lt;/span&gt;, but got the same results where no parameters were being passed through.&lt;/p&gt;

&lt;p&gt;&lt;span class="error"&gt;&amp;#91;1&amp;#93;&lt;/span&gt; &lt;a href="http://stackoverflow.com/questions/17874695/wicket-http-post-get-raw-data-from-servletrequest" class="external-link" target="_blank" rel="nofollow noopener"&gt;http://stackoverflow.com/questions/17874695/wicket-http-post-get-raw-data-from-servletrequest&lt;/a&gt;&lt;/p&gt;</description>
                <environment />
        <key id="12776505">WICKET-5839</key>
            <summary>ServletWebRequest Post Parameters missing</summary>
                <type id="1" iconUrl="https://issues.apache.org/jira/secure/viewavatar?size=xsmall&amp;avatarId=21133&amp;avatarType=issuetype">Bug</type>
                                            <priority id="3" iconUrl="https://issues.apache.org/jira/images/icons/priorities/major.svg">Major</priority>
                        <status id="5" iconUrl="https://issues.apache.org/jira/images/icons/statuses/resolved.png" description="A resolution has been taken, and it is awaiting verification by reporter. From here issues are either reopened, or are closed.">Resolved</status>
                    <statusCategory id="3" key="done" colorName="green" />
                                    <resolution id="8">Not A Problem</resolution>
                                        <assignee username="-1">Unassigned</assignee>
                                    <reporter username="baholladay">Bryan Holladay</reporter>
                        <labels>
                    </labels>
                <created>Fri, 20 Feb 2015 18:39:33 +0000</created>
                <updated>Fri, 7 Aug 2015 18:40:39 +0000</updated>
                            <resolved>Fri, 20 Feb 2015 20:14:14 +0000</resolved>
                                    <version>6.18.0</version>
                    <version>6.19.0</version>
                                                    <component>wicket</component>
                        <due />
                            <votes>0</votes>
                                    <watches>2</watches>
                                                                <comments>
                            <comment id="14329395" author="klopfdreh" created="Fri, 20 Feb 2015 19:26:38 +0000">&lt;p&gt;Call this:&lt;br/&gt;
			multiPartRequest = webRequest.newMultipartWebRequest(Bytes.megabytes(100), "ignored");&lt;br/&gt;
			multiPartRequest.parseFileParts();&lt;br/&gt;
then it is working.&lt;/p&gt;</comment>
                            <comment id="14329421" author="baholladay" created="Fri, 20 Feb 2015 19:38:02 +0000">&lt;p&gt;This ticket can be closed, thanks Tobias! I don't have permission to close tickets.&lt;/p&gt;
</comment>
                            <comment id="14332184" author="klopfdreh" created="Sun, 22 Feb 2015 14:28:59 +0000">&lt;p&gt;Link to the vote in which the change to use parseFileParts() is mentioned:&lt;/p&gt;

&lt;p&gt;&lt;a href="http://mail-archives.apache.org/mod_mbox/wicket-dev/201411.mbox/%3CCAMomwMoQ-Ba9aY8-pxHYxHoQ3=mnvpnjPEL2hzGj9mYCWoh7LA@mail.gmail.com%3E" class="external-link" target="_blank" rel="nofollow noopener"&gt;http://mail-archives.apache.org/mod_mbox/wicket-dev/201411.mbox/%3CCAMomwMoQ-Ba9aY8-pxHYxHoQ3=mnvpnjPEL2hzGj9mYCWoh7LA@mail.gmail.com%3E&lt;/a&gt;&lt;/p&gt;</comment>
                    </comments>
                <issuelinks>
                            <issuelinktype id="12310000">
                    <name>Duplicate</name>
                                                                <inwardlinks description="is duplicated by">
                                        <issuelink>
            <issuekey id="12852979">WICKET-5963</issuekey>
        </issuelink>
                            </inwardlinks>
                                    </issuelinktype>
                    </issuelinks>
                <attachments>
                    </attachments>
                <subtasks>
                    </subtasks>
                <customfields>
                                                                                                                                                                                                                                                                                                                                                                                                                                                                                                                                                                                                                                                                                                                    <customfield id="customfield_12314020" key="com.atlassian.jira.plugins.jira-development-integration-plugin:devsummary">
                        <customfieldname>Development</customfieldname>
                        <customfieldvalues>
                            
                        </customfieldvalues>
                    </customfield>
                                                                                                                        <customfield id="customfield_12313422" key="com.atlassian.jirafisheyeplugin:jobcheckbox">
                        <customfieldname>Enable Automatic Patch Review</customfieldname>
                        <customfieldvalues>
                            <customfieldvalue>false</customfieldvalue>

                        </customfieldvalues>
                    </customfield>
                                                                                                                                                                                                                                                                                                                                                                                                                                                                                                                                                                                                                    <customfield id="customfield_12310420" key="com.pyxis.greenhopper.jira:gh-global-rank">
                        <customfieldname>Global Rank</customfieldname>
                        <customfieldvalues>
                            <customfieldvalue>9223372036854775807</customfieldvalue>
                        </customfieldvalues>
                    </customfield>
                                                                                                                                                                                                                                                                                                                                                                                                                                                                        <customfield id="customfield_12311820" key="com.pyxis.greenhopper.jira:gh-lexo-rank">
                        <customfieldname>Rank</customfieldname>
                        <customfieldvalues>
                            <customfieldvalue>0|i25v8f:</customfieldvalue>

                        </customfieldvalues>
                    </customfield>
                                                                <customfield id="customfield_12310920" key="com.pyxis.greenhopper.jira:gh-global-rank">
                        <customfieldname>Rank (Obsolete)</customfieldname>
                        <customfieldvalues>
                            <customfieldvalue>9223372036854775807</customfieldvalue>
                        </customfieldvalues>
                    </customfield>
                                                                                                                                                                                                                                                                                                                                                                                                                                                                                                                                                                                                                                                                                                                                                                                            </customfields>
    </item>


</channel>
</rss>