<rss version="0.92">
    <channel>
        <title>ASF JIRA</title>
        <link>https://issues.apache.org/jira/issues/?jql=project+%3D+wicket+and+type+%3D+bug+and+%28status+%3D+RESOLVED+or+status+%3D+closed%29</link>
        <description>An XML representation of a search request</description>
                <language>en-uk</language>
                        <issue start="0" end="1000" total="4133" />
                <build-info>
            <version>8.20.7</version>
            <build-number>820007</build-number>
            <build-date>16-03-2022</build-date>
        </build-info>

<item>
            <title>[WICKET-5249] OnChangeAjaxBehavior doesn't work with cut/paste done with mouse</title>
                <link>https://issues.apache.org/jira/browse/WICKET-5249</link>
                <project id="12310561" key="WICKET">Wicket</project>
                    <description>&lt;p&gt;Add OnChangeAjaxBehavior to a text-field. In chrome/firefox, we can cut and paste using just the mouse (right-click) and it fires an ajax-call each time. In IE, i doesn't fire except when we use keyboard. Ctrl+c/Ctrl+v works, but mouse right-click and cut/paste doesn't fire an ajax event.&lt;br/&gt;
This is extra noticable in our case, since we had to remove the onchange-event from OnChangeAjaxBehavior. (If textfield had focus, and user clicked an ajax-button, the onchange-event fired and stopped the ajax-button-click from firing. Most likely because we have implemented a veil on ajax-calls, so the user can't click anything on the page while the ajax-event is running.)&lt;br/&gt;
Workaround was to add the events cut and paste:&lt;br/&gt;
in updateAjaxAttributes: attributes.setEventNames("inputchange paste cut");&lt;/p&gt;

&lt;p&gt;This WILL create issues if you don't throttle the ajax (we have 200 milliseconds throttling). Without throttling, it fires twice (might or might not be a problem).&lt;/p&gt;

&lt;p&gt;A better way would be to make the inputchange-event work properly in IE, but I have no idea why it doesn't work....&lt;/p&gt;</description>
                <environment>Windows 7, IE 10.</environment>
        <key id="12654482">WICKET-5249</key>
            <summary>OnChangeAjaxBehavior doesn't work with cut/paste done with mouse</summary>
                <type id="1" iconUrl="https://issues.apache.org/jira/secure/viewavatar?size=xsmall&amp;avatarId=21133&amp;avatarType=issuetype">Bug</type>
                                            <priority id="4" iconUrl="https://issues.apache.org/jira/images/icons/priorities/minor.svg">Minor</priority>
                        <status id="5" iconUrl="https://issues.apache.org/jira/images/icons/statuses/resolved.png" description="A resolution has been taken, and it is awaiting verification by reporter. From here issues are either reopened, or are closed.">Resolved</status>
                    <statusCategory id="3" key="done" colorName="green" />
                                    <resolution id="1">Fixed</resolution>
                                        <assignee username="mgrigorov">Martin Tzvetanov Grigorov</assignee>
                                    <reporter username="kizer">Oddgeir Bell</reporter>
                        <labels>
                            <label>OnChangeAjaxBehavior</label>
                            <label>ajax</label>
                            <label>jquery</label>
                            <label>wicket</label>
                    </labels>
                <created>Mon, 24 Jun 2013 12:15:10 +0000</created>
                <updated>Mon, 24 Jun 2013 12:20:10 +0000</updated>
                            <resolved>Mon, 24 Jun 2013 12:20:10 +0000</resolved>
                                    <version>6.8.0</version>
                                    <fixVersion>6.9.0</fixVersion>
                                    <component>wicket</component>
                        <due />
                            <votes>0</votes>
                                    <watches>2</watches>
                                                                <comments>
                            <comment id="13691919" author="kizer" created="Mon, 24 Jun 2013 12:15:50 +0000">&lt;p&gt;quickstart demonstrating the problem (if you use IE)&lt;/p&gt;</comment>
                            <comment id="13691921" author="mgrigorov" created="Mon, 24 Jun 2013 12:20:10 +0000">&lt;p&gt;This is fixed last week with &lt;a href="https://git-wip-us.apache.org/repos/asf/wicket/repo?p=wicket.git;a=commitdiff;h=2f0cd33240c649073c706a1c39c82f5dced86d7d" class="external-link" target="_blank" rel="nofollow noopener"&gt;https://git-wip-us.apache.org/repos/asf/wicket/repo?p=wicket.git;a=commitdiff;h=2f0cd33240c649073c706a1c39c82f5dced86d7d&lt;/a&gt;&lt;/p&gt;

&lt;p&gt;Please try with latest snapshot from 6.x&lt;/p&gt;</comment>
                    </comments>
                    <attachments>
                            <attachment id="12589394" name="Quickstart.zip" size="25429" author="kizer" created="Mon, 24 Jun 2013 12:15:50 +0000" />
                    </attachments>
                <subtasks>
                    </subtasks>
                <customfields>
                                                                                                                                                                                                                                                                                                                                                                                                                                                                                                                                                                                                                                                                                                                    <customfield id="customfield_12314020" key="com.atlassian.jira.plugins.jira-development-integration-plugin:devsummary">
                        <customfieldname>Development</customfieldname>
                        <customfieldvalues>
                            
                        </customfieldvalues>
                    </customfield>
                                                                                                                        <customfield id="customfield_12313422" key="com.atlassian.jirafisheyeplugin:jobcheckbox">
                        <customfieldname>Enable Automatic Patch Review</customfieldname>
                        <customfieldvalues>
                            <customfieldvalue>false</customfieldvalue>

                        </customfieldvalues>
                    </customfield>
                                                                                                                                                                                                                                                                                                                                                                                                                                                                                                                                                                                                                    <customfield id="customfield_12310420" key="com.pyxis.greenhopper.jira:gh-global-rank">
                        <customfieldname>Global Rank</customfieldname>
                        <customfieldvalues>
                            <customfieldvalue>334759</customfieldvalue>
                        </customfieldvalues>
                    </customfield>
                                                                                                                                                                                                                                                                                                                                                                                                                                                                        <customfield id="customfield_12311820" key="com.pyxis.greenhopper.jira:gh-lexo-rank">
                        <customfieldname>Rank</customfieldname>
                        <customfieldvalues>
                            <customfieldvalue>0|i1lqun:</customfieldvalue>

                        </customfieldvalues>
                    </customfield>
                                                                <customfield id="customfield_12310920" key="com.pyxis.greenhopper.jira:gh-global-rank">
                        <customfieldname>Rank (Obsolete)</customfieldname>
                        <customfieldvalues>
                            <customfieldvalue>335085</customfieldvalue>
                        </customfieldvalues>
                    </customfield>
                                                                                                                                                                                                                                                                                                                                                                                                                                                                                                                                                                                                                                                                                                                                                                                            </customfields>
    </item>


</channel>
</rss>