<rss version="0.92">
    <channel>
        <title>ASF JIRA</title>
        <link>https://issues.apache.org/jira/issues/?jql=project+%3D+wicket+and+type+%3D+bug+and+%28status+%3D+RESOLVED+or+status+%3D+closed%29</link>
        <description>An XML representation of a search request</description>
                <language>en-uk</language>
                        <issue start="0" end="1000" total="4133" />
                <build-info>
            <version>8.20.7</version>
            <build-number>820007</build-number>
            <build-date>16-03-2022</build-date>
        </build-info>

<item>
            <title>[WICKET-5882] AutoComplete suggestion list disappear when I click on autoComplete scrollbar in IE</title>
                <link>https://issues.apache.org/jira/browse/WICKET-5882</link>
                <project id="12310561" key="WICKET">Wicket</project>
                    <description>&lt;p&gt;I am using Wicket's(version 6.19.0) AutoCompleteTextField in my application to a form component, &lt;br/&gt;
when I type something I will get the suggestion list and we will get a horizontal scroll bar for the suggestion list.&lt;br/&gt;
            The problem is when I scroll to view the text suggestion list is disappearing. This happens in all IE browser &lt;br/&gt;
versions IE8, IE9, IE10 and IE11.&lt;br/&gt;
    I have attached the image to show suggestion list with scroll bar.&lt;br/&gt;
	and also the example zip file.&lt;/p&gt;</description>
                <environment>operating system : 64-bit, Windows 7 Professional.</environment>
        <key id="12820785">WICKET-5882</key>
            <summary>AutoComplete suggestion list disappear when I click on autoComplete scrollbar in IE</summary>
                <type id="1" iconUrl="https://issues.apache.org/jira/secure/viewavatar?size=xsmall&amp;avatarId=21133&amp;avatarType=issuetype">Bug</type>
                                            <priority id="3" iconUrl="https://issues.apache.org/jira/images/icons/priorities/major.svg">Major</priority>
                        <status id="5" iconUrl="https://issues.apache.org/jira/images/icons/statuses/resolved.png" description="A resolution has been taken, and it is awaiting verification by reporter. From here issues are either reopened, or are closed.">Resolved</status>
                    <statusCategory id="3" key="done" colorName="green" />
                                    <resolution id="1">Fixed</resolution>
                                        <assignee username="bitstorm">Andrea Del Bene</assignee>
                                    <reporter username="ravala">ramesh valasa</reporter>
                        <labels>
                    </labels>
                <created>Tue, 14 Apr 2015 11:03:49 +0000</created>
                <updated>Thu, 3 Mar 2016 07:19:13 +0000</updated>
                            <resolved>Mon, 20 Jul 2015 19:31:06 +0000</resolved>
                                    <version>6.19.0</version>
                    <version>7.0.0-M6</version>
                                    <fixVersion>6.21.0</fixVersion>
                    <fixVersion>7.1.0</fixVersion>
                                    <component>wicket-extensions</component>
                        <due />
                            <votes>0</votes>
                                    <watches>2</watches>
                                                                <comments>
                            <comment id="14494046" author="ravala" created="Tue, 14 Apr 2015 12:33:18 +0000">&lt;p&gt;Added a QuickStart example showing the issue&lt;/p&gt;</comment>
                            <comment id="14499832" author="ravala" created="Fri, 17 Apr 2015 13:36:38 +0000">&lt;p&gt;I have done bit investigation and came to known the below code is called in IE when we click on scroll bar.&lt;br/&gt;
Line no 96 in wicket-autocomplete.js&lt;br/&gt;
			Wicket.Event.add(obj, 'blur', function (jqEvent) &lt;/p&gt;
{
				window.setTimeout(hideAutoComplete, 500);
			}
&lt;p&gt;);&lt;br/&gt;
In all other browsers this is called only when we click on text not on scroll bar.&lt;/p&gt;</comment>
                            <comment id="14633901" author="jira-bot" created="Mon, 20 Jul 2015 17:56:27 +0000">&lt;p&gt;Commit 13b06ad0f00f190976a2d60ee0107223ef2228ed in wicket's branch refs/heads/master from &lt;a href="https://issues.apache.org/jira/secure/ViewProfile.jspa?name=bitstorm" class="user-hover" rel="bitstorm"&gt;bitstorm&lt;/a&gt;&lt;br/&gt;
[ &lt;a href="https://git-wip-us.apache.org/repos/asf?p=wicket.git;h=13b06ad" class="external-link" target="_blank" rel="nofollow noopener"&gt;https://git-wip-us.apache.org/repos/asf?p=wicket.git;h=13b06ad&lt;/a&gt; ]&lt;/p&gt;

&lt;p&gt;&lt;a href="https://issues.apache.org/jira/browse/WICKET-5882" title="AutoComplete suggestion list disappear when I click on autoComplete scrollbar in IE" class="issue-link" data-issue-key="WICKET-5882"&gt;&lt;del&gt;WICKET-5882&lt;/del&gt;&lt;/a&gt; AutoComplete suggestion list disappear when I click on autoComplete scrollbar in IE&lt;/p&gt;</comment>
                            <comment id="14633973" author="jira-bot" created="Mon, 20 Jul 2015 19:25:44 +0000">&lt;p&gt;Commit d415444054f520662406b9c9dced4f3d270d5697 in wicket's branch refs/heads/wicket-6.x from &lt;a href="https://issues.apache.org/jira/secure/ViewProfile.jspa?name=bitstorm" class="user-hover" rel="bitstorm"&gt;bitstorm&lt;/a&gt;&lt;br/&gt;
[ &lt;a href="https://git-wip-us.apache.org/repos/asf?p=wicket.git;h=d415444" class="external-link" target="_blank" rel="nofollow noopener"&gt;https://git-wip-us.apache.org/repos/asf?p=wicket.git;h=d415444&lt;/a&gt; ]&lt;/p&gt;

&lt;p&gt;&lt;a href="https://issues.apache.org/jira/browse/WICKET-5882" title="AutoComplete suggestion list disappear when I click on autoComplete scrollbar in IE" class="issue-link" data-issue-key="WICKET-5882"&gt;&lt;del&gt;WICKET-5882&lt;/del&gt;&lt;/a&gt; AutoComplete suggestion list disappear when I click on autoComplete scrollbar in IE&lt;/p&gt;</comment>
                            <comment id="14633974" author="jira-bot" created="Mon, 20 Jul 2015 19:30:18 +0000">&lt;p&gt;Commit 0f48a1e718cacb123936a4d86e4948ecb91aff27 in wicket's branch refs/heads/master from &lt;a href="https://issues.apache.org/jira/secure/ViewProfile.jspa?name=bitstorm" class="user-hover" rel="bitstorm"&gt;bitstorm&lt;/a&gt;&lt;br/&gt;
[ &lt;a href="https://git-wip-us.apache.org/repos/asf?p=wicket.git;h=0f48a1e" class="external-link" target="_blank" rel="nofollow noopener"&gt;https://git-wip-us.apache.org/repos/asf?p=wicket.git;h=0f48a1e&lt;/a&gt; ]&lt;/p&gt;

&lt;p&gt;&lt;a href="https://issues.apache.org/jira/browse/WICKET-5882" title="AutoComplete suggestion list disappear when I click on autoComplete scrollbar in IE" class="issue-link" data-issue-key="WICKET-5882"&gt;&lt;del&gt;WICKET-5882&lt;/del&gt;&lt;/a&gt; Added a comment about this fix for IE&lt;/p&gt;</comment>
                            <comment id="14633976" author="jira-bot" created="Mon, 20 Jul 2015 19:30:58 +0000">&lt;p&gt;Commit 20e3acce7a936b517185bab1ddb96ccc10e99e39 in wicket's branch refs/heads/wicket-6.x from &lt;a href="https://issues.apache.org/jira/secure/ViewProfile.jspa?name=bitstorm" class="user-hover" rel="bitstorm"&gt;bitstorm&lt;/a&gt;&lt;br/&gt;
[ &lt;a href="https://git-wip-us.apache.org/repos/asf?p=wicket.git;h=20e3acc" class="external-link" target="_blank" rel="nofollow noopener"&gt;https://git-wip-us.apache.org/repos/asf?p=wicket.git;h=20e3acc&lt;/a&gt; ]&lt;/p&gt;

&lt;p&gt;&lt;a href="https://issues.apache.org/jira/browse/WICKET-5882" title="AutoComplete suggestion list disappear when I click on autoComplete scrollbar in IE" class="issue-link" data-issue-key="WICKET-5882"&gt;&lt;del&gt;WICKET-5882&lt;/del&gt;&lt;/a&gt; Added a comment about this fix for IE&lt;/p&gt;</comment>
                            <comment id="15177400" author="ravala" created="Thu, 3 Mar 2016 07:19:13 +0000">&lt;p&gt;The fix for this call resulted in not closing the suggestion window in IE, &lt;br/&gt;
when suggestion window has a horizontal scroll bar and if we make the horizontal scroll,&lt;br/&gt;
and then if we click on outside the autocomplete suggestion window it is not closing.&lt;/p&gt;</comment>
                    </comments>
                    <attachments>
                            <attachment id="12725197" name="autocomplete.zip" size="23751" author="ravala" created="Tue, 14 Apr 2015 11:05:25 +0000" />
                            <attachment id="12725198" name="autocompleteScroll.png" size="38420" author="ravala" created="Tue, 14 Apr 2015 11:06:05 +0000" />
                    </attachments>
                <subtasks>
                    </subtasks>
                <customfields>
                                                                                                                                                                                                                                                                                                                                                                                                                                                                                                                                                                                                                                                                                                                    <customfield id="customfield_12314020" key="com.atlassian.jira.plugins.jira-development-integration-plugin:devsummary">
                        <customfieldname>Development</customfieldname>
                        <customfieldvalues>
                            
                        </customfieldvalues>
                    </customfield>
                                                                                                                        <customfield id="customfield_12313422" key="com.atlassian.jirafisheyeplugin:jobcheckbox">
                        <customfieldname>Enable Automatic Patch Review</customfieldname>
                        <customfieldvalues>
                            <customfieldvalue>false</customfieldvalue>

                        </customfieldvalues>
                    </customfield>
                                                                                                                                                                                                                                                                                                                                                                                                                                                                                                                                                                                                                    <customfield id="customfield_12310420" key="com.pyxis.greenhopper.jira:gh-global-rank">
                        <customfieldname>Global Rank</customfieldname>
                        <customfieldvalues>
                            <customfieldvalue>9223372036854775807</customfieldvalue>
                        </customfieldvalues>
                    </customfield>
                                                                                                                                                                                                                                                                                                                                                                                                                                                                        <customfield id="customfield_12311820" key="com.pyxis.greenhopper.jira:gh-lexo-rank">
                        <customfieldname>Rank</customfieldname>
                        <customfieldvalues>
                            <customfieldvalue>0|i2d80v:</customfieldvalue>

                        </customfieldvalues>
                    </customfield>
                                                                <customfield id="customfield_12310920" key="com.pyxis.greenhopper.jira:gh-global-rank">
                        <customfieldname>Rank (Obsolete)</customfieldname>
                        <customfieldvalues>
                            <customfieldvalue>9223372036854775807</customfieldvalue>
                        </customfieldvalues>
                    </customfield>
                                                                                                                                                                                                                                                                                                                                                                                                                                                                                                                                                                                                                                                                                                                                                                                            </customfields>
    </item>


</channel>
</rss>