<rss version="0.92">
    <channel>
        <title>ASF JIRA</title>
        <link>https://issues.apache.org/jira/issues/?jql=project+%3D+wicket+and+type+%3D+bug+and+%28status+%3D+RESOLVED+or+status+%3D+closed%29</link>
        <description>An XML representation of a search request</description>
                <language>en-uk</language>
                        <issue start="0" end="1000" total="4133" />
                <build-info>
            <version>8.20.7</version>
            <build-number>820007</build-number>
            <build-date>16-03-2022</build-date>
        </build-info>

<item>
            <title>[WICKET-5338] Disable escaping of html tag attributes</title>
                <link>https://issues.apache.org/jira/browse/WICKET-5338</link>
                <project id="12310561" key="WICKET">Wicket</project>
                    <description>&lt;p&gt;This issue repeats &lt;a href="https://issues.apache.org/jira/browse/WICKET-5242" title="Disable escaping of html tag attributes" class="issue-link" data-issue-key="WICKET-5242"&gt;&lt;del&gt;WICKET-5242&lt;/del&gt;&lt;/a&gt; because it was not solved. Attributes can contains any character except "  for attrbute enclosed with " ("attr") and ' for attribute enclosed with ' ('attr').&lt;/p&gt;

&lt;p&gt;Now it's impossible insert entities into attribute value. By example: data-icon="&amp;#x34;" is legal and isn't same as data-icon="&amp;amp;#x34;" and there are no any simple way write it on wicket.I think AttributeModifier and AttributeAppender must have setEscapeModelStrings method like Component has. &lt;/p&gt;

</description>
                <environment />
        <key id="12666656">WICKET-5338</key>
            <summary>Disable escaping of html tag attributes</summary>
                <type id="1" iconUrl="https://issues.apache.org/jira/secure/viewavatar?size=xsmall&amp;avatarId=21133&amp;avatarType=issuetype">Bug</type>
                                            <priority id="4" iconUrl="https://issues.apache.org/jira/images/icons/priorities/minor.svg">Minor</priority>
                        <status id="5" iconUrl="https://issues.apache.org/jira/images/icons/statuses/resolved.png" description="A resolution has been taken, and it is awaiting verification by reporter. From here issues are either reopened, or are closed.">Resolved</status>
                    <statusCategory id="3" key="done" colorName="green" />
                                    <resolution id="2">Won't Fix</resolution>
                                        <assignee username="-1">Unassigned</assignee>
                                    <reporter username="idm">Ivlev Dmitry</reporter>
                        <labels>
                    </labels>
                <created>Tue, 3 Sep 2013 08:02:56 +0000</created>
                <updated>Mon, 16 Sep 2013 11:42:28 +0000</updated>
                            <resolved>Mon, 16 Sep 2013 11:42:28 +0000</resolved>
                                    <version>6.9.0</version>
                                                    <component>wicket</component>
                        <due />
                            <votes>0</votes>
                                    <watches>2</watches>
                                                                <comments>
                            <comment id="13756444" author="mgrigorov" created="Tue, 3 Sep 2013 08:13:51 +0000">&lt;p&gt;Please provide a demo application that fails due to the escaped entities.&lt;br/&gt;
Thanks!&lt;/p&gt;</comment>
                            <comment id="13768252" author="mgrigorov" created="Mon, 16 Sep 2013 11:42:28 +0000">&lt;p&gt;Sorry, but I'll have to close this ticket too as "Won't fix".&lt;br/&gt;
Without a proof that the escapes break something we cannot improve anything.&lt;br/&gt;
Please attach a quickstart and we will reopen the ticket.&lt;/p&gt;</comment>
                    </comments>
                    <attachments>
                    </attachments>
                <subtasks>
                    </subtasks>
                <customfields>
                                                                                                                                                                                                                                                                                                                                                                                                                                                                                                                                                                                                                                                                                                                    <customfield id="customfield_12314020" key="com.atlassian.jira.plugins.jira-development-integration-plugin:devsummary">
                        <customfieldname>Development</customfieldname>
                        <customfieldvalues>
                            
                        </customfieldvalues>
                    </customfield>
                                                                                                                        <customfield id="customfield_12313422" key="com.atlassian.jirafisheyeplugin:jobcheckbox">
                        <customfieldname>Enable Automatic Patch Review</customfieldname>
                        <customfieldvalues>
                            <customfieldvalue>false</customfieldvalue>

                        </customfieldvalues>
                    </customfield>
                                                                                                                                                                                                                                                                                                                                                                                                                                                                                                                                                                                                                    <customfield id="customfield_12310420" key="com.pyxis.greenhopper.jira:gh-global-rank">
                        <customfieldname>Global Rank</customfieldname>
                        <customfieldvalues>
                            <customfieldvalue>346594</customfieldvalue>
                        </customfieldvalues>
                    </customfield>
                                                                                                                                                                                                                                                                                                                                                                                                                                                                        <customfield id="customfield_12311820" key="com.pyxis.greenhopper.jira:gh-lexo-rank">
                        <customfieldname>Rank</customfieldname>
                        <customfieldvalues>
                            <customfieldvalue>0|i1nrm7:</customfieldvalue>

                        </customfieldvalues>
                    </customfield>
                                                                <customfield id="customfield_12310920" key="com.pyxis.greenhopper.jira:gh-global-rank">
                        <customfieldname>Rank (Obsolete)</customfieldname>
                        <customfieldvalues>
                            <customfieldvalue>346895</customfieldvalue>
                        </customfieldvalues>
                    </customfield>
                                                                                                                                                                                                                                                                                                                                                                                                                                                                                                                                                                                                                                                                                                                                                                                            </customfields>
    </item>


</channel>
</rss>