<rss version="0.92">
    <channel>
        <title>ASF JIRA</title>
        <link>https://issues.apache.org/jira/issues/?jql=project+%3D+wicket+and+type+%3D+bug+and+%28status+%3D+RESOLVED+or+status+%3D+closed%29</link>
        <description>An XML representation of a search request</description>
                <language>en-uk</language>
                        <issue start="0" end="1000" total="4133" />
                <build-info>
            <version>8.20.7</version>
            <build-number>820007</build-number>
            <build-date>16-03-2022</build-date>
        </build-info>

<item>
            <title>[WICKET-5534] DataTable component must throw an exception when attached to non-&lt;table&gt; element</title>
                <link>https://issues.apache.org/jira/browse/WICKET-5534</link>
                <project id="12310561" key="WICKET">Wicket</project>
                    <description>&lt;p&gt;As reported in the users@ mailing list - &lt;a href="http://markmail.org/message/4xkyroiyqt6l4thg" class="external-link" target="_blank" rel="nofollow noopener"&gt;http://markmail.org/message/4xkyroiyqt6l4thg&lt;/a&gt;&lt;/p&gt;

&lt;p&gt;Same is valid for AbstractToolbar - its root HTML element must be &amp;lt;tr&amp;gt; - &lt;a href="http://markmail.org/message/nciogmxjdf54rpyo" class="external-link" target="_blank" rel="nofollow noopener"&gt;http://markmail.org/message/nciogmxjdf54rpyo&lt;/a&gt;. &lt;/p&gt;</description>
                <environment />
        <key id="12701433">WICKET-5534</key>
            <summary>DataTable component must throw an exception when attached to non-&lt;table&gt; element</summary>
                <type id="1" iconUrl="https://issues.apache.org/jira/secure/viewavatar?size=xsmall&amp;avatarId=21133&amp;avatarType=issuetype">Bug</type>
                                            <priority id="3" iconUrl="https://issues.apache.org/jira/images/icons/priorities/major.svg">Major</priority>
                        <status id="5" iconUrl="https://issues.apache.org/jira/images/icons/statuses/resolved.png" description="A resolution has been taken, and it is awaiting verification by reporter. From here issues are either reopened, or are closed.">Resolved</status>
                    <statusCategory id="3" key="done" colorName="green" />
                                    <resolution id="1">Fixed</resolution>
                                        <assignee username="mgrigorov">Martin Tzvetanov Grigorov</assignee>
                                    <reporter username="mgrigorov">Martin Tzvetanov Grigorov</reporter>
                        <labels>
                    </labels>
                <created>Fri, 14 Mar 2014 08:38:38 +0000</created>
                <updated>Fri, 30 May 2014 11:13:17 +0000</updated>
                            <resolved>Fri, 14 Mar 2014 08:39:40 +0000</resolved>
                                    <version>6.14.0</version>
                                    <fixVersion>7.0.0-M1</fixVersion>
                    <fixVersion>6.15.0</fixVersion>
                                    <component>wicket-extensions</component>
                        <due />
                            <votes>0</votes>
                                    <watches>2</watches>
                                                                <comments>
                            <comment id="14013451" author="davidvdd" created="Fri, 30 May 2014 09:20:52 +0000">&lt;p&gt;Hello,&lt;/p&gt;

&lt;p&gt;This new behaviour seems ok but it has broken some tables in my application.&lt;br/&gt;
I was using the DataTable on the &amp;lt;tr&amp;gt; element in the &amp;lt;tbody&amp;gt; in stead of the &amp;lt;table&amp;gt;.&lt;br/&gt;
The reason I did this was because I wanted to specify rowspan and colspan in the &amp;lt;thead&amp;gt; myself. Now I keep on getting this error message. I've found no other way to use the datatable without losing the &amp;lt;thead&amp;gt; structure.&lt;/p&gt;

&lt;p&gt;How should I solve this problem? Should I be using a different repeater?(ListView?) &lt;/p&gt;

&lt;p&gt;Example:&lt;/p&gt;
&lt;div class="code panel" style="border-width: 1px;"&gt;&lt;div class="codeContent panelContent"&gt;
&lt;pre class="code-java"&gt;            &amp;lt;table&amp;gt;
                &amp;lt;thead&amp;gt;
                    &amp;lt;tr&amp;gt;
                        &amp;lt;th rowspan=&lt;span class="code-quote"&gt;"2"&lt;/span&gt;&amp;gt;&amp;lt;wicket:message key=&lt;span class="code-quote"&gt;"LBL_NAME"&lt;/span&gt;/&amp;gt;&amp;lt;/th&amp;gt;
                        &amp;lt;th rowspan=&lt;span class="code-quote"&gt;"2"&lt;/span&gt;&amp;gt;&amp;lt;wicket:message key=&lt;span class="code-quote"&gt;"LBL_SURNAME"&lt;/span&gt;/&amp;gt;&amp;lt;/th&amp;gt;
                        &amp;lt;th colspan=&lt;span class="code-quote"&gt;"2"&lt;/span&gt;&amp;gt;&amp;lt;wicket:message key=&lt;span class="code-quote"&gt;"LBL_NUMBER"&lt;/span&gt;/&amp;gt;&amp;lt;/th&amp;gt;
                        &amp;lt;th colspan=&lt;span class="code-quote"&gt;"2"&lt;/span&gt;&amp;gt;&amp;lt;wicket:message key=&lt;span class="code-quote"&gt;"LBL_DURATION"&lt;/span&gt;/&amp;gt;&amp;lt;/th&amp;gt;
                    &amp;lt;/tr&amp;gt;
                    &amp;lt;tr&amp;gt;
                        &amp;lt;th&amp;gt;&amp;lt;wicket:message key=&lt;span class="code-quote"&gt;"LBL_FROM"&lt;/span&gt;/&amp;gt;&amp;lt;/th&amp;gt;
                        &amp;lt;th&amp;gt;&amp;lt;wicket:message key=&lt;span class="code-quote"&gt;"LBL_UNTIL"&lt;/span&gt;/&amp;gt;&amp;lt;/th&amp;gt;
                        &amp;lt;th&amp;gt;&amp;lt;wicket:message key=&lt;span class="code-quote"&gt;"LBL_START"&lt;/span&gt;/&amp;gt;&amp;lt;/th&amp;gt;
                        &amp;lt;th&amp;gt;&amp;lt;wicket:message key=&lt;span class="code-quote"&gt;"LBL_END"&lt;/span&gt;/&amp;gt;&amp;lt;/th&amp;gt;
                    &amp;lt;/tr&amp;gt;
                &amp;lt;/thead&amp;gt;
                &amp;lt;tbody&amp;gt;
                    &amp;lt;tr wicket:id=&lt;span class="code-quote"&gt;"personDetails"&lt;/span&gt;&amp;gt; &amp;lt;!-- This doesn't work anymore in wicket 6.15 add(&lt;span class="code-keyword"&gt;new&lt;/span&gt; DataTable(&lt;span class="code-quote"&gt;"personDetails"&lt;/span&gt;,...--&amp;gt;
                    &amp;lt;/tr&amp;gt;
                &amp;lt;/tbody&amp;gt;
            &amp;lt;/table&amp;gt;
&lt;/pre&gt;
&lt;/div&gt;&lt;/div&gt;</comment>
                            <comment id="14013472" author="mgrigorov" created="Fri, 30 May 2014 09:49:57 +0000">&lt;p&gt;Hi,&lt;/p&gt;

&lt;p&gt;See &lt;a href="http://markmail.org/message/32qt75kl34kilysh" class="external-link" target="_blank" rel="nofollow noopener"&gt;http://markmail.org/message/32qt75kl34kilysh&lt;/a&gt;.&lt;/p&gt;

&lt;p&gt;Do you extend DataTable and provide custom .html ? Because I cannot imagine how the default DataTable impl will work when attached to a &amp;lt;tr&amp;gt;.&lt;/p&gt;</comment>
                            <comment id="14013489" author="davidvdd" created="Fri, 30 May 2014 10:09:44 +0000">&lt;p&gt;Hi,&lt;/p&gt;

&lt;p&gt;Thank you for the quick response.You're workaround seems to work, but you are right.&lt;br/&gt;
After this trick the table has 2 tbody's. One empty and one with data. I've never checked the generated html in 6.14 so I guess it would have been the same. I'm not extending the DataTable or providing any custom html (except from the example?) .&lt;/p&gt;

&lt;p&gt;Maybe I should use a different repeater? I've tried to find information on rowspan and colspan in wicket but I can't seem to find a good example without inserting html in javacode.&lt;/p&gt;</comment>
                            <comment id="14013493" author="mgrigorov" created="Fri, 30 May 2014 10:31:55 +0000">&lt;p&gt;A table with two bodies is OK. The bigger problem would arise when you add some toolbar to the data table - it will try to add &amp;lt;thead&amp;gt; or &amp;lt;tfoot&amp;gt; to the &amp;lt;tr&amp;gt; and this will produce invalid HTML.&lt;/p&gt;

&lt;p&gt;You can set any attribute to the header by overriding org.apache.wicket.extensions.markup.html.repeater.data.table.IColumn#getHeader() for the respective column:&lt;/p&gt;

&lt;p&gt;@Override&lt;br/&gt;
public Component getHeader(final String componentId)&lt;br/&gt;
{&lt;br/&gt;
    Component header = super.getHeader(componentId);&lt;br/&gt;
    header.add(AttributeAppender.append("colspan", Model.of("3")));&lt;br/&gt;
    return header;&lt;br/&gt;
} &lt;/p&gt;</comment>
                            <comment id="14013513" author="davidvdd" created="Fri, 30 May 2014 11:13:17 +0000">&lt;p&gt;I did not use the header functionality on this table because I didn't know how to modify it's header in this way. I'll try to modify my code using you're override. I think it will be tricky since the header has 4 columns and the last two columns have 2 'subcolumns'. So I only have 4 IColumn in the list and need 6 headers.&lt;/p&gt;</comment>
                    </comments>
                    <attachments>
                    </attachments>
                <subtasks>
                    </subtasks>
                <customfields>
                                                                                                                                                                                                                                                                                                                                                                                                                                                                                                                                                                                                                                                                                                                    <customfield id="customfield_12314020" key="com.atlassian.jira.plugins.jira-development-integration-plugin:devsummary">
                        <customfieldname>Development</customfieldname>
                        <customfieldvalues>
                            
                        </customfieldvalues>
                    </customfield>
                                                                                                                        <customfield id="customfield_12313422" key="com.atlassian.jirafisheyeplugin:jobcheckbox">
                        <customfieldname>Enable Automatic Patch Review</customfieldname>
                        <customfieldvalues>
                            <customfieldvalue>false</customfieldvalue>

                        </customfieldvalues>
                    </customfield>
                                                                                                                                                                                                                                                                                                                                                                                                                                                                                                                                                                                                                    <customfield id="customfield_12310420" key="com.pyxis.greenhopper.jira:gh-global-rank">
                        <customfieldname>Global Rank</customfieldname>
                        <customfieldvalues>
                            <customfieldvalue>379779</customfieldvalue>
                        </customfieldvalues>
                    </customfield>
                                                                                                                                                                                                                                                                                                                                                                                                                                                                        <customfield id="customfield_12311820" key="com.pyxis.greenhopper.jira:gh-lexo-rank">
                        <customfieldname>Rank</customfieldname>
                        <customfieldvalues>
                            <customfieldvalue>0|i1tfqv:</customfieldvalue>

                        </customfieldvalues>
                    </customfield>
                                                                <customfield id="customfield_12310920" key="com.pyxis.greenhopper.jira:gh-global-rank">
                        <customfieldname>Rank (Obsolete)</customfieldname>
                        <customfieldvalues>
                            <customfieldvalue>380064</customfieldvalue>
                        </customfieldvalues>
                    </customfield>
                                                                                                                                                                                                                                                                                                                                                                                                                                                                                                                                                                                                                                                                                                                                                                                            </customfields>
    </item>


</channel>
</rss>