<rss version="0.92">
    <channel>
        <title>ASF JIRA</title>
        <link>https://issues.apache.org/jira/issues/?jql=project+%3D+wicket+and+type+%3D+bug+and+%28status+%3D+RESOLVED+or+status+%3D+closed%29</link>
        <description>An XML representation of a search request</description>
                <language>en-uk</language>
                        <issue start="0" end="1000" total="4133" />
                <build-info>
            <version>8.20.7</version>
            <build-number>820007</build-number>
            <build-date>16-03-2022</build-date>
        </build-info>

<item>
            <title>[WICKET-5509] Wicket examples' MailTemplate from Page is broken</title>
                <link>https://issues.apache.org/jira/browse/WICKET-5509</link>
                <project id="12310561" key="WICKET">Wicket</project>
                    <description>&lt;p&gt;While testing 6.14.0 release I found out that the mail template examples doesn't work with the page.&lt;/p&gt;

&lt;p&gt;&lt;a href="http://localhost:8080/we/mailtemplate/" class="external-link" target="_blank" rel="nofollow noopener"&gt;http://localhost:8080/we/mailtemplate/&lt;/a&gt; &lt;/p&gt;</description>
                <environment />
        <key id="12695468">WICKET-5509</key>
            <summary>Wicket examples' MailTemplate from Page is broken</summary>
                <type id="1" iconUrl="https://issues.apache.org/jira/secure/viewavatar?size=xsmall&amp;avatarId=21133&amp;avatarType=issuetype">Bug</type>
                                            <priority id="3" iconUrl="https://issues.apache.org/jira/images/icons/priorities/major.svg">Major</priority>
                        <status id="5" iconUrl="https://issues.apache.org/jira/images/icons/statuses/resolved.png" description="A resolution has been taken, and it is awaiting verification by reporter. From here issues are either reopened, or are closed.">Resolved</status>
                    <statusCategory id="3" key="done" colorName="green" />
                                    <resolution id="1">Fixed</resolution>
                                        <assignee username="mgrigorov">Martin Tzvetanov Grigorov</assignee>
                                    <reporter username="mgrigorov">Martin Tzvetanov Grigorov</reporter>
                        <labels>
                    </labels>
                <created>Mon, 17 Feb 2014 09:02:26 +0000</created>
                <updated>Mon, 24 Mar 2014 08:43:57 +0000</updated>
                            <resolved>Mon, 17 Feb 2014 10:35:26 +0000</resolved>
                                    <version>6.14.0</version>
                                    <fixVersion>7.0.0-M1</fixVersion>
                    <fixVersion>6.15.0</fixVersion>
                                    <component>wicket</component>
                        <due />
                            <votes>0</votes>
                                    <watches>2</watches>
                                                                <comments>
                            <comment id="13903092" author="mgrigorov" created="Mon, 17 Feb 2014 09:24:41 +0000">&lt;p&gt;It is broken by &lt;a href="https://issues.apache.org/jira/browse/WICKET-5484" title="WebPageRenderer must not render full page in Ajax requests" class="issue-link" data-issue-key="WICKET-5484"&gt;&lt;del&gt;WICKET-5484&lt;/del&gt;&lt;/a&gt;.&lt;br/&gt;
&lt;a href="https://issues.apache.org/jira/secure/ViewProfile.jspa?name=svenmeier" class="user-hover" rel="svenmeier"&gt;svenmeier&lt;/a&gt; Please take a look.&lt;/p&gt;</comment>
                            <comment id="13903127" author="svenmeier" created="Mon, 17 Feb 2014 10:17:58 +0000">&lt;p&gt;Why not just render the page? IMHO we can just skip WebPageRenderer, since we just want the page's output.&lt;/p&gt;

&lt;p&gt;&lt;a href="https://issues.apache.org/jira/secure/ViewProfile.jspa?name=mgrigorov" class="user-hover" rel="mgrigorov"&gt;mgrigorov&lt;/a&gt;] WDYT?&lt;/p&gt;</comment>
                            <comment id="13903135" author="mgrigorov" created="Mon, 17 Feb 2014 10:35:26 +0000">&lt;p&gt;Yes.&lt;br/&gt;
This simplifies it a lot!&lt;/p&gt;

&lt;p&gt;I think executing the rendering in its own RequestCycle is better than before.&lt;/p&gt;

&lt;p&gt;Thanks!&lt;/p&gt;</comment>
                    </comments>
                <issuelinks>
                            <issuelinktype id="12310000">
                    <name>Duplicate</name>
                                                                <inwardlinks description="is duplicated by">
                                        <issuelink>
            <issuekey id="12703143">WICKET-5540</issuekey>
        </issuelink>
                            </inwardlinks>
                                    </issuelinktype>
                            <issuelinktype id="12310050">
                    <name>Regression</name>
                                                                <inwardlinks description="is broken by">
                                        <issuelink>
            <issuekey id="12690739">WICKET-5484</issuekey>
        </issuelink>
                            </inwardlinks>
                                    </issuelinktype>
                    </issuelinks>
                <attachments>
                            <attachment id="12629357" name="WICKET-5509.patch" size="2434" author="svenmeier" created="Mon, 17 Feb 2014 10:17:58 +0000" />
                    </attachments>
                <subtasks>
                    </subtasks>
                <customfields>
                                                                                                                                                                                                                                                                                                                                                                                                                                                                                                                                                                                                                                                                                                                    <customfield id="customfield_12314020" key="com.atlassian.jira.plugins.jira-development-integration-plugin:devsummary">
                        <customfieldname>Development</customfieldname>
                        <customfieldvalues>
                            
                        </customfieldvalues>
                    </customfield>
                                                                                                                        <customfield id="customfield_12313422" key="com.atlassian.jirafisheyeplugin:jobcheckbox">
                        <customfieldname>Enable Automatic Patch Review</customfieldname>
                        <customfieldvalues>
                            <customfieldvalue>false</customfieldvalue>

                        </customfieldvalues>
                    </customfield>
                                                                                                                                                                                                                                                                                                                                                                                                                                                                                                                                                                                                                    <customfield id="customfield_12310420" key="com.pyxis.greenhopper.jira:gh-global-rank">
                        <customfieldname>Global Rank</customfieldname>
                        <customfieldvalues>
                            <customfieldvalue>373976</customfieldvalue>
                        </customfieldvalues>
                    </customfield>
                                                                                                                                                                                                                                                                                                                                                                                                                                                                        <customfield id="customfield_12311820" key="com.pyxis.greenhopper.jira:gh-lexo-rank">
                        <customfieldname>Rank</customfieldname>
                        <customfieldvalues>
                            <customfieldvalue>0|i1sg3b:</customfieldvalue>

                        </customfieldvalues>
                    </customfield>
                                                                <customfield id="customfield_12310920" key="com.pyxis.greenhopper.jira:gh-global-rank">
                        <customfieldname>Rank (Obsolete)</customfieldname>
                        <customfieldvalues>
                            <customfieldvalue>374276</customfieldvalue>
                        </customfieldvalues>
                    </customfield>
                                                                                                                                                                                                                                                                                                                                                                                                                                                                                                                                                                                                                                                                                                                                                                                            </customfields>
    </item>


</channel>
</rss>