<rss version="0.92">
    <channel>
        <title>ASF JIRA</title>
        <link>https://issues.apache.org/jira/issues/?jql=project+%3D+wicket+and+type+%3D+bug+and+%28status+%3D+RESOLVED+or+status+%3D+closed%29</link>
        <description>An XML representation of a search request</description>
                <language>en-uk</language>
                        <issue start="0" end="1000" total="4133" />
                <build-info>
            <version>8.20.7</version>
            <build-number>820007</build-number>
            <build-date>16-03-2022</build-date>
        </build-info>

<item>
            <title>[WICKET-5441] IResourceCachingStrategy implementations should only set caching if version matches</title>
                <link>https://issues.apache.org/jira/browse/WICKET-5441</link>
                <project id="12310561" key="WICKET">Wicket</project>
                    <description>&lt;p&gt;Implementations of IResourceCachingStrategy (FilenameWithVersionResourceCachingStrategy and QueryStringWithVersionResourceCachingStrategy) should only set cache duration to maximum if the version matches. Currently, if a user requests a resource with an arbitrary version, the version will be cached for one year (WebResponse.MAX_CACHE_DURATION). So people could polute proxy caches with potentially upcoming version.&lt;/p&gt;</description>
                <environment />
        <key id="12684261">WICKET-5441</key>
            <summary>IResourceCachingStrategy implementations should only set caching if version matches</summary>
                <type id="1" iconUrl="https://issues.apache.org/jira/secure/viewavatar?size=xsmall&amp;avatarId=21133&amp;avatarType=issuetype">Bug</type>
                                            <priority id="3" iconUrl="https://issues.apache.org/jira/images/icons/priorities/major.svg">Major</priority>
                        <status id="5" iconUrl="https://issues.apache.org/jira/images/icons/statuses/resolved.png" description="A resolution has been taken, and it is awaiting verification by reporter. From here issues are either reopened, or are closed.">Resolved</status>
                    <statusCategory id="3" key="done" colorName="green" />
                                    <resolution id="1">Fixed</resolution>
                                        <assignee username="mgrigorov">Martin Tzvetanov Grigorov</assignee>
                                    <reporter username="sfussenegger">Stefan Fussenegger</reporter>
                        <labels>
                    </labels>
                <created>Thu, 12 Dec 2013 14:13:38 +0000</created>
                <updated>Mon, 16 Dec 2013 13:18:05 +0000</updated>
                            <resolved>Mon, 16 Dec 2013 13:18:05 +0000</resolved>
                                    <version>6.12.0</version>
                    <version>7.0.0-M1</version>
                                    <fixVersion>6.13.0</fixVersion>
                    <fixVersion>7.0.0-M1</fixVersion>
                                        <due />
                            <votes>0</votes>
                                    <watches>2</watches>
                                                                <comments>
                            <comment id="13846337" author="sfussenegger" created="Thu, 12 Dec 2013 14:47:35 +0000">&lt;p&gt;I've submitted &lt;a href="https://github.com/apache/wicket/pull/67" class="external-link" target="_blank" rel="nofollow noopener"&gt;pull request #67 on github&lt;/a&gt;. There remains a question though: What is the appropriate caching if versions don't match? The application default used for my patch still is WebResponse.MAX_CACHE_DURATION (though at least configurable and only privately cacheable)&lt;/p&gt;</comment>
                            <comment id="13849140" author="mgrigorov" created="Mon, 16 Dec 2013 13:18:05 +0000">&lt;p&gt;Thanks!&lt;/p&gt;

&lt;p&gt;I've applied your patch with a minor change - if the calculated version is not null then make the check and set the caching headers.&lt;/p&gt;</comment>
                    </comments>
                    <attachments>
                    </attachments>
                <subtasks>
                    </subtasks>
                <customfields>
                                                                                                                                                                                                                                                                                                                                                                                                                                                                                                                                                                                                                                                                                                                    <customfield id="customfield_12314020" key="com.atlassian.jira.plugins.jira-development-integration-plugin:devsummary">
                        <customfieldname>Development</customfieldname>
                        <customfieldvalues>
                            
                        </customfieldvalues>
                    </customfield>
                                                                                                                        <customfield id="customfield_12313422" key="com.atlassian.jirafisheyeplugin:jobcheckbox">
                        <customfieldname>Enable Automatic Patch Review</customfieldname>
                        <customfieldvalues>
                            <customfieldvalue>false</customfieldvalue>

                        </customfieldvalues>
                    </customfield>
                                                                                                                                                                                                                                                                                                                                                                                                                                                                                                                                                                                                                    <customfield id="customfield_12310420" key="com.pyxis.greenhopper.jira:gh-global-rank">
                        <customfieldname>Global Rank</customfieldname>
                        <customfieldvalues>
                            <customfieldvalue>363333</customfieldvalue>
                        </customfieldvalues>
                    </customfield>
                                                                                                                                                                                                                                                                                                                                                                                                                                                                        <customfield id="customfield_12311820" key="com.pyxis.greenhopper.jira:gh-lexo-rank">
                        <customfieldname>Rank</customfieldname>
                        <customfieldvalues>
                            <customfieldvalue>0|i1qmnz:</customfieldvalue>

                        </customfieldvalues>
                    </customfield>
                                                                <customfield id="customfield_12310920" key="com.pyxis.greenhopper.jira:gh-global-rank">
                        <customfieldname>Rank (Obsolete)</customfieldname>
                        <customfieldvalues>
                            <customfieldvalue>363639</customfieldvalue>
                        </customfieldvalues>
                    </customfield>
                                                                                                                                                                                                                                                                                                                                                                                                                                                                                                                                                                                                                                                                                                                                                                                            </customfields>
    </item>


</channel>
</rss>