<rss version="0.92">
    <channel>
        <title>ASF JIRA</title>
        <link>https://issues.apache.org/jira/issues/?jql=project+%3D+wicket+and+type+%3D+bug+and+%28status+%3D+RESOLVED+or+status+%3D+closed%29</link>
        <description>An XML representation of a search request</description>
                <language>en-uk</language>
                        <issue start="0" end="1000" total="4133" />
                <build-info>
            <version>8.20.7</version>
            <build-number>820007</build-number>
            <build-date>16-03-2022</build-date>
        </build-info>

<item>
            <title>[WICKET-5748] StackOverflowError while trying to get the Markup of WicketHeadContainer</title>
                <link>https://issues.apache.org/jira/browse/WICKET-5748</link>
                <project id="12310561" key="WICKET">Wicket</project>
                    <description>&lt;p&gt;I'm migrating our main app to Wicket 7.x&lt;br/&gt;
One of the tests fail with StackOverflowError.&lt;br/&gt;
Attaching a debugger shows that there are multiple instances of HtmlHeaderResolver$WicketHeadContainer with the same id.&lt;/p&gt;

&lt;p&gt;See the attached screenshot.&lt;/p&gt;</description>
                <environment />
        <key id="12752755">WICKET-5748</key>
            <summary>StackOverflowError while trying to get the Markup of WicketHeadContainer</summary>
                <type id="1" iconUrl="https://issues.apache.org/jira/secure/viewavatar?size=xsmall&amp;avatarId=21133&amp;avatarType=issuetype">Bug</type>
                                            <priority id="3" iconUrl="https://issues.apache.org/jira/images/icons/priorities/major.svg">Major</priority>
                        <status id="5" iconUrl="https://issues.apache.org/jira/images/icons/statuses/resolved.png" description="A resolution has been taken, and it is awaiting verification by reporter. From here issues are either reopened, or are closed.">Resolved</status>
                    <statusCategory id="3" key="done" colorName="green" />
                                    <resolution id="1">Fixed</resolution>
                                        <assignee username="bitstorm">Andrea Del Bene</assignee>
                                    <reporter username="mgrigorov">Martin Tzvetanov Grigorov</reporter>
                        <labels>
                    </labels>
                <created>Tue, 4 Nov 2014 16:09:43 +0000</created>
                <updated>Thu, 13 Nov 2014 11:54:29 +0000</updated>
                            <resolved>Thu, 13 Nov 2014 11:54:29 +0000</resolved>
                                    <version>7.0.0-M4</version>
                                    <fixVersion>7.0.0-M5</fixVersion>
                                    <component>wicket</component>
                        <due />
                            <votes>0</votes>
                                    <watches>3</watches>
                                                                <comments>
                            <comment id="14196292" author="mgrigorov" created="Tue, 4 Nov 2014 16:10:51 +0000">&lt;p&gt;A screenshot showing the problem.&lt;br/&gt;
org.apache.wicket.markup.html.panel.DefaultMarkupSourcingStrategy#getMarkup() is called with 'container' and 'child' being the same component instance.&lt;/p&gt;</comment>
                            <comment id="14196297" author="mgrigorov" created="Tue, 4 Nov 2014 16:14:33 +0000">&lt;p&gt;&lt;a href="https://issues.apache.org/jira/secure/ViewProfile.jspa?name=jesselong" class="user-hover" rel="jesselong"&gt;jesselong&lt;/a&gt; You have worked in this area recently (&lt;a href="https://issues.apache.org/jira/browse/WICKET-5569" title="Unable to find markup for children of deeply nested IComponentResolvers during Ajax response" class="issue-link" data-issue-key="WICKET-5569"&gt;&lt;del&gt;WICKET-5569&lt;/del&gt;&lt;/a&gt;). Do you have an idea why this may happen ?&lt;/p&gt;</comment>
                            <comment id="14196395" author="bitstorm" created="Tue, 4 Nov 2014 17:27:17 +0000">&lt;p&gt;Could you reproduce with a quickstart?&lt;/p&gt;</comment>
                            <comment id="14198466" author="mgrigorov" created="Wed, 5 Nov 2014 14:56:21 +0000">&lt;p&gt;It turned out to be a problem in the test.&lt;br/&gt;
It uses tester.startComponentInPage(aLinkWithSomeId, Markup.of("&amp;lt;wicket:head&amp;gt;&amp;lt;/wicket:head&amp;gt;&amp;lt;a wicket:id='wrongId'&amp;gt;Blah&amp;lt;/a&amp;gt;"));&lt;/p&gt;

&lt;p&gt;The &amp;lt;wicket:head&amp;gt; thingy is there to allow collecting the Ajax bindings (Wicket.Ajax.ajax()) and later assert on them. This causes the need of WicketHeadContainer.&lt;br/&gt;
But the problem goes away once fixing the 'wrongId' !&lt;br/&gt;
So Wicket confuses itself somehow due to the different id of the link and the one in the provided markup. If &amp;lt;wicket:head&amp;gt; is not there then Wicket properly reports "Cannot find a component with id 'wrongId'. Similar: ..." But when &amp;lt;wicket:head&amp;gt; is there it fails with StackOverflowError...&lt;/p&gt;

&lt;p&gt;I'll try to isolate it in a small test case and attach it later.&lt;/p&gt;</comment>
                            <comment id="14199122" author="bitstorm" created="Wed, 5 Nov 2014 21:28:08 +0000">&lt;p&gt;I've created a quickstart following your indications. The problem is present since M2. With M1 looks good.&lt;/p&gt;</comment>
                            <comment id="14200253" author="bitstorm" created="Thu, 6 Nov 2014 14:55:46 +0000">&lt;p&gt;Component HtmlHeaderResolver#WicketHeadContainer is used to add a placeholder for &amp;lt;wicket:head&amp;gt;. We could change it from to TransparentWebMarkupContainer to simply WebMarkupContainer. Could be this a problem? Sounds safe to me...&lt;br/&gt;
Tried and all tests pass.&lt;/p&gt;</comment>
                            <comment id="14209652" author="jira-bot" created="Thu, 13 Nov 2014 11:53:13 +0000">&lt;p&gt;Commit 82fbbad78973b900d84def5eebebb4986c412401 in wicket's branch refs/heads/master from &lt;a href="https://issues.apache.org/jira/secure/ViewProfile.jspa?name=bitstorm" class="user-hover" rel="bitstorm"&gt;bitstorm&lt;/a&gt;&lt;br/&gt;
[ &lt;a href="https://git-wip-us.apache.org/repos/asf?p=wicket.git;h=82fbbad" class="external-link" target="_blank" rel="nofollow noopener"&gt;https://git-wip-us.apache.org/repos/asf?p=wicket.git;h=82fbbad&lt;/a&gt; ]&lt;/p&gt;

&lt;p&gt;&lt;a href="https://issues.apache.org/jira/browse/WICKET-5748" title="StackOverflowError while trying to get the Markup of WicketHeadContainer" class="issue-link" data-issue-key="WICKET-5748"&gt;&lt;del&gt;WICKET-5748&lt;/del&gt;&lt;/a&gt; StackOverflowError while trying to get the Markup of&lt;br/&gt;
WicketHeadContainer&lt;/p&gt;</comment>
                    </comments>
                    <attachments>
                            <attachment id="12679633" name="WICKET-5748.zip" size="37611" author="bitstorm" created="Wed, 5 Nov 2014 21:27:02 +0000" />
                            <attachment id="12679244" name="stackoverflow-getMarkup.png" size="172740" author="mgrigorov" created="Tue, 4 Nov 2014 16:10:51 +0000" />
                    </attachments>
                <subtasks>
                    </subtasks>
                <customfields>
                                                                                                                                                                                                                                                                                                                                                                                                                                                                                                                                                                                                                                                                                                                    <customfield id="customfield_12314020" key="com.atlassian.jira.plugins.jira-development-integration-plugin:devsummary">
                        <customfieldname>Development</customfieldname>
                        <customfieldvalues>
                            
                        </customfieldvalues>
                    </customfield>
                                                                                                                        <customfield id="customfield_12313422" key="com.atlassian.jirafisheyeplugin:jobcheckbox">
                        <customfieldname>Enable Automatic Patch Review</customfieldname>
                        <customfieldvalues>
                            <customfieldvalue>false</customfieldvalue>

                        </customfieldvalues>
                    </customfield>
                                                                                                                                                                                                                                                                                                                                                                                                                                                                                                                                                                                                                    <customfield id="customfield_12310420" key="com.pyxis.greenhopper.jira:gh-global-rank">
                        <customfieldname>Global Rank</customfieldname>
                        <customfieldvalues>
                            <customfieldvalue>9223372036854775807</customfieldvalue>
                        </customfieldvalues>
                    </customfield>
                                                                                                                                                                                                                                                                                                                                                                                                                                                                        <customfield id="customfield_12311820" key="com.pyxis.greenhopper.jira:gh-lexo-rank">
                        <customfieldname>Rank</customfieldname>
                        <customfieldvalues>
                            <customfieldvalue>0|i21y6n:</customfieldvalue>

                        </customfieldvalues>
                    </customfield>
                                                                <customfield id="customfield_12310920" key="com.pyxis.greenhopper.jira:gh-global-rank">
                        <customfieldname>Rank (Obsolete)</customfieldname>
                        <customfieldvalues>
                            <customfieldvalue>9223372036854775807</customfieldvalue>
                        </customfieldvalues>
                    </customfield>
                                                                                                                                                                                                                                                                                                                                                                                                                                                                                                                                                                                                                                                                                                                                                                                            </customfields>
    </item>


</channel>
</rss>