<rss version="0.92">
    <channel>
        <title>ASF JIRA</title>
        <link>https://issues.apache.org/jira/issues/?jql=project+%3D+wicket+and+type+%3D+bug+and+%28status+%3D+RESOLVED+or+status+%3D+closed%29</link>
        <description>An XML representation of a search request</description>
                <language>en-uk</language>
                        <issue start="0" end="1000" total="4133" />
                <build-info>
            <version>8.20.7</version>
            <build-number>820007</build-number>
            <build-date>16-03-2022</build-date>
        </build-info>

<item>
            <title>[WICKET-5855] RememberMe functionality seems to be broken after the change of the default crypt factory</title>
                <link>https://issues.apache.org/jira/browse/WICKET-5855</link>
                <project id="12310561" key="WICKET">Wicket</project>
                    <description>&lt;p&gt;The fix for CVE-2014-7808 seems to break the "rememberMe" functionality in wicket-auth-roles.&lt;br/&gt;
DefaultAuthenticationStrategy uses the crypt factory to encrypt the user credentials. After restart of the application a new crypt factory is created with a new secret key. Now it is not possible to decrypt the saved credentials.&lt;/p&gt;</description>
                <environment />
        <key id="12781008">WICKET-5855</key>
            <summary>RememberMe functionality seems to be broken after the change of the default crypt factory</summary>
                <type id="1" iconUrl="https://issues.apache.org/jira/secure/viewavatar?size=xsmall&amp;avatarId=21133&amp;avatarType=issuetype">Bug</type>
                                            <priority id="3" iconUrl="https://issues.apache.org/jira/images/icons/priorities/major.svg">Major</priority>
                        <status id="5" iconUrl="https://issues.apache.org/jira/images/icons/statuses/resolved.png" description="A resolution has been taken, and it is awaiting verification by reporter. From here issues are either reopened, or are closed.">Resolved</status>
                    <statusCategory id="3" key="done" colorName="green" />
                                    <resolution id="1">Fixed</resolution>
                                        <assignee username="mgrigorov">Martin Tzvetanov Grigorov</assignee>
                                    <reporter username="mgrigorov">Martin Tzvetanov Grigorov</reporter>
                        <labels>
                    </labels>
                <created>Tue, 10 Mar 2015 22:25:31 +0000</created>
                <updated>Mon, 30 Mar 2015 19:10:37 +0000</updated>
                            <resolved>Mon, 30 Mar 2015 19:10:37 +0000</resolved>
                                    <version>7.0.0-M5</version>
                    <version>6.19.0</version>
                                    <fixVersion>6.20.0</fixVersion>
                    <fixVersion>7.0.0-M6</fixVersion>
                                    <component>wicket-auth-roles</component>
                        <due />
                            <votes>0</votes>
                                    <watches>2</watches>
                                                                <comments>
                            <comment id="14384548" author="jira-bot" created="Fri, 27 Mar 2015 20:21:21 +0000">&lt;p&gt;Commit 904965a491ab64e01cb9034088798c06fb3018f8 in wicket's branch refs/heads/&lt;a href="https://issues.apache.org/jira/browse/WICKET-5855" title="RememberMe functionality seems to be broken after the change of the default crypt factory" class="issue-link" data-issue-key="WICKET-5855"&gt;&lt;del&gt;WICKET-5855&lt;/del&gt;&lt;/a&gt;-fix-rememberMe from &lt;a href="https://issues.apache.org/jira/secure/ViewProfile.jspa?name=mgrigorov" class="user-hover" rel="mgrigorov"&gt;mgrigorov&lt;/a&gt;&lt;br/&gt;
[ &lt;a href="https://git-wip-us.apache.org/repos/asf?p=wicket.git;h=904965a" class="external-link" target="_blank" rel="nofollow noopener"&gt;https://git-wip-us.apache.org/repos/asf?p=wicket.git;h=904965a&lt;/a&gt; ]&lt;/p&gt;

&lt;p&gt;&lt;a href="https://issues.apache.org/jira/browse/WICKET-5855" title="RememberMe functionality seems to be broken after the change of the default crypt factory" class="issue-link" data-issue-key="WICKET-5855"&gt;&lt;del&gt;WICKET-5855&lt;/del&gt;&lt;/a&gt; RememberMe functionality seems to be broken after the change of the default crypt factory&lt;/p&gt;</comment>
                            <comment id="14384575" author="jira-bot" created="Fri, 27 Mar 2015 20:35:02 +0000">&lt;p&gt;Commit b435cd14a34c8b79b8023f2ecab119ddcee751a9 in wicket's branch refs/heads/&lt;a href="https://issues.apache.org/jira/browse/WICKET-5855" title="RememberMe functionality seems to be broken after the change of the default crypt factory" class="issue-link" data-issue-key="WICKET-5855"&gt;&lt;del&gt;WICKET-5855&lt;/del&gt;&lt;/a&gt;-fix-rememberMe from &lt;a href="https://issues.apache.org/jira/secure/ViewProfile.jspa?name=mgrigorov" class="user-hover" rel="mgrigorov"&gt;mgrigorov&lt;/a&gt;&lt;br/&gt;
[ &lt;a href="https://git-wip-us.apache.org/repos/asf?p=wicket.git;h=b435cd1" class="external-link" target="_blank" rel="nofollow noopener"&gt;https://git-wip-us.apache.org/repos/asf?p=wicket.git;h=b435cd1&lt;/a&gt; ]&lt;/p&gt;

&lt;p&gt;&lt;a href="https://issues.apache.org/jira/browse/WICKET-5855" title="RememberMe functionality seems to be broken after the change of the default crypt factory" class="issue-link" data-issue-key="WICKET-5855"&gt;&lt;del&gt;WICKET-5855&lt;/del&gt;&lt;/a&gt; RememberMe functionality seems to be broken after the change of the default crypt factory&lt;/p&gt;</comment>
                            <comment id="14387226" author="jira-bot" created="Mon, 30 Mar 2015 19:05:28 +0000">&lt;p&gt;Commit c682e71225f10e1cbcf359f667406077a55d6019 in wicket's branch refs/heads/master from &lt;a href="https://issues.apache.org/jira/secure/ViewProfile.jspa?name=mgrigorov" class="user-hover" rel="mgrigorov"&gt;mgrigorov&lt;/a&gt;&lt;br/&gt;
[ &lt;a href="https://git-wip-us.apache.org/repos/asf?p=wicket.git;h=c682e71" class="external-link" target="_blank" rel="nofollow noopener"&gt;https://git-wip-us.apache.org/repos/asf?p=wicket.git;h=c682e71&lt;/a&gt; ]&lt;/p&gt;

&lt;p&gt;&lt;a href="https://issues.apache.org/jira/browse/WICKET-5855" title="RememberMe functionality seems to be broken after the change of the default crypt factory" class="issue-link" data-issue-key="WICKET-5855"&gt;&lt;del&gt;WICKET-5855&lt;/del&gt;&lt;/a&gt; RememberMe functionality seems to be broken after the change of the default crypt factory&lt;/p&gt;</comment>
                            <comment id="14387227" author="jira-bot" created="Mon, 30 Mar 2015 19:05:30 +0000">&lt;p&gt;Commit d606f2a5f981e2f20510b2b40c09f17fc81b6b77 in wicket's branch refs/heads/master from &lt;a href="https://issues.apache.org/jira/secure/ViewProfile.jspa?name=mgrigorov" class="user-hover" rel="mgrigorov"&gt;mgrigorov&lt;/a&gt;&lt;br/&gt;
[ &lt;a href="https://git-wip-us.apache.org/repos/asf?p=wicket.git;h=d606f2a" class="external-link" target="_blank" rel="nofollow noopener"&gt;https://git-wip-us.apache.org/repos/asf?p=wicket.git;h=d606f2a&lt;/a&gt; ]&lt;/p&gt;

&lt;p&gt;&lt;a href="https://issues.apache.org/jira/browse/WICKET-5855" title="RememberMe functionality seems to be broken after the change of the default crypt factory" class="issue-link" data-issue-key="WICKET-5855"&gt;&lt;del&gt;WICKET-5855&lt;/del&gt;&lt;/a&gt; RememberMe functionality seems to be broken after the change of the default crypt factory&lt;/p&gt;</comment>
                            <comment id="14387236" author="jira-bot" created="Mon, 30 Mar 2015 19:10:35 +0000">&lt;p&gt;Commit 6056a5c0a54efb95eb60f507ac568ca882d7cc5d in wicket's branch refs/heads/wicket-6.x from &lt;a href="https://issues.apache.org/jira/secure/ViewProfile.jspa?name=mgrigorov" class="user-hover" rel="mgrigorov"&gt;mgrigorov&lt;/a&gt;&lt;br/&gt;
[ &lt;a href="https://git-wip-us.apache.org/repos/asf?p=wicket.git;h=6056a5c" class="external-link" target="_blank" rel="nofollow noopener"&gt;https://git-wip-us.apache.org/repos/asf?p=wicket.git;h=6056a5c&lt;/a&gt; ]&lt;/p&gt;

&lt;p&gt;&lt;a href="https://issues.apache.org/jira/browse/WICKET-5855" title="RememberMe functionality seems to be broken after the change of the default crypt factory" class="issue-link" data-issue-key="WICKET-5855"&gt;&lt;del&gt;WICKET-5855&lt;/del&gt;&lt;/a&gt; RememberMe functionality seems to be broken after the change of the default crypt factory&lt;/p&gt;

&lt;p&gt;(cherry picked from commit c682e71225f10e1cbcf359f667406077a55d6019)&lt;/p&gt;</comment>
                            <comment id="14387238" author="jira-bot" created="Mon, 30 Mar 2015 19:10:37 +0000">&lt;p&gt;Commit 6d679279365f840b61a3798fa65c3a1af6428b74 in wicket's branch refs/heads/wicket-6.x from &lt;a href="https://issues.apache.org/jira/secure/ViewProfile.jspa?name=mgrigorov" class="user-hover" rel="mgrigorov"&gt;mgrigorov&lt;/a&gt;&lt;br/&gt;
[ &lt;a href="https://git-wip-us.apache.org/repos/asf?p=wicket.git;h=6d67927" class="external-link" target="_blank" rel="nofollow noopener"&gt;https://git-wip-us.apache.org/repos/asf?p=wicket.git;h=6d67927&lt;/a&gt; ]&lt;/p&gt;

&lt;p&gt;&lt;a href="https://issues.apache.org/jira/browse/WICKET-5855" title="RememberMe functionality seems to be broken after the change of the default crypt factory" class="issue-link" data-issue-key="WICKET-5855"&gt;&lt;del&gt;WICKET-5855&lt;/del&gt;&lt;/a&gt; RememberMe functionality seems to be broken after the change of the default crypt factory&lt;/p&gt;

&lt;p&gt;(cherry picked from commit d606f2a5f981e2f20510b2b40c09f17fc81b6b77)&lt;/p&gt;</comment>
                    </comments>
                    <attachments>
                    </attachments>
                <subtasks>
                    </subtasks>
                <customfields>
                                                                                                                                                                                                                                                                                                                                                                                                                                                                                                                                                                                                                                                                                                                    <customfield id="customfield_12314020" key="com.atlassian.jira.plugins.jira-development-integration-plugin:devsummary">
                        <customfieldname>Development</customfieldname>
                        <customfieldvalues>
                            
                        </customfieldvalues>
                    </customfield>
                                                                                                                        <customfield id="customfield_12313422" key="com.atlassian.jirafisheyeplugin:jobcheckbox">
                        <customfieldname>Enable Automatic Patch Review</customfieldname>
                        <customfieldvalues>
                            <customfieldvalue>false</customfieldvalue>

                        </customfieldvalues>
                    </customfield>
                                                                                                                                                                                                                                                                                                                                                                                                                                                                                                                                                                                                                    <customfield id="customfield_12310420" key="com.pyxis.greenhopper.jira:gh-global-rank">
                        <customfieldname>Global Rank</customfieldname>
                        <customfieldvalues>
                            <customfieldvalue>9223372036854775807</customfieldvalue>
                        </customfieldvalues>
                    </customfield>
                                                                                                                                                                                                                                                                                                                                                                                                                                                                        <customfield id="customfield_12311820" key="com.pyxis.greenhopper.jira:gh-lexo-rank">
                        <customfieldname>Rank</customfieldname>
                        <customfieldvalues>
                            <customfieldvalue>0|i26ltb:</customfieldvalue>

                        </customfieldvalues>
                    </customfield>
                                                                <customfield id="customfield_12310920" key="com.pyxis.greenhopper.jira:gh-global-rank">
                        <customfieldname>Rank (Obsolete)</customfieldname>
                        <customfieldvalues>
                            <customfieldvalue>9223372036854775807</customfieldvalue>
                        </customfieldvalues>
                    </customfield>
                                                                                                                                                                                                                                                                                                                                                                                                                                                                                                                                                                                                                                                                                                                                                                                            </customfields>
    </item>


</channel>
</rss>