<rss version="0.92">
    <channel>
        <title>ASF JIRA</title>
        <link>https://issues.apache.org/jira/issues/?jql=project+%3D+wicket+and+type+%3D+bug+and+%28status+%3D+RESOLVED+or+status+%3D+closed%29</link>
        <description>An XML representation of a search request</description>
                <language>en-uk</language>
                        <issue start="0" end="1000" total="4133" />
                <build-info>
            <version>8.20.7</version>
            <build-number>820007</build-number>
            <build-date>16-03-2022</build-date>
        </build-info>

<item>
            <title>[WICKET-5622] WicketTester behaves odd when using AjaxFormComponentUpdatingBehavior on CheckBox</title>
                <link>https://issues.apache.org/jira/browse/WICKET-5622</link>
                <project id="12310561" key="WICKET">Wicket</project>
                    <description>&lt;p&gt;I'm using an AjaxFormComponentUpdatingBehavior on a CheckBox which works fine on the page.&lt;br/&gt;
But testing said constraint with WicketTesters FormTester does not react as expected.&lt;/p&gt;

&lt;p&gt;Setup is a form with a checkbox and a submit button. The form has a model (MyModel.class), which binds a boolean ("state") to the checkbox.&lt;br/&gt;
The checkbox has an AjaxFormComponentUpdatingBehavior (i use this in my real project to toggle enabled of certain form components).&lt;/p&gt;

&lt;p&gt;To test the component i use this code:&lt;/p&gt;

&lt;p&gt;FormTester ft = tester.newFormTester("frm");&lt;br/&gt;
ft.setValue("state", true); // setup the value&lt;br/&gt;
tester.executeAjaxEvent(state, "click"); // trigger the ajax event&lt;br/&gt;
ft.submit();&lt;/p&gt;

&lt;p&gt;Surprisingly after submit the state has become false. I discovered the faulty behavior is caused by the AjaxFormComponentUpdatingBehavior.&lt;/p&gt;

&lt;p&gt;Quickstart attached&lt;/p&gt;</description>
                <environment>Windows 7 Prof. x64 latest SP &amp;amp; updates, java version &amp;quot;1.7.0_51&amp;quot;&lt;br/&gt;
Java(TM) SE Runtime Environment (build 1.7.0_51-b13)&lt;br/&gt;
Java HotSpot(TM) 64-Bit Server VM (build 24.51-b03, mixed mode)</environment>
        <key id="12722245">WICKET-5622</key>
            <summary>WicketTester behaves odd when using AjaxFormComponentUpdatingBehavior on CheckBox</summary>
                <type id="1" iconUrl="https://issues.apache.org/jira/secure/viewavatar?size=xsmall&amp;avatarId=21133&amp;avatarType=issuetype">Bug</type>
                                            <priority id="3" iconUrl="https://issues.apache.org/jira/images/icons/priorities/major.svg">Major</priority>
                        <status id="6" iconUrl="https://issues.apache.org/jira/images/icons/statuses/closed.png" description="The issue is considered finished, the resolution is correct. Issues which are not closed can be reopened.">Closed</status>
                    <statusCategory id="3" key="done" colorName="green" />
                                    <resolution id="6">Invalid</resolution>
                                        <assignee username="svenmeier">Sven Meier</assignee>
                                    <reporter username="LeRisto">Christoph Radtke</reporter>
                        <labels>
                            <label>wicket-tester</label>
                    </labels>
                <created>Wed, 18 Jun 2014 15:40:37 +0000</created>
                <updated>Wed, 18 Jun 2014 16:11:59 +0000</updated>
                            <resolved>Wed, 18 Jun 2014 16:11:59 +0000</resolved>
                                    <version>7.0.0-M1</version>
                    <version>6.15.0</version>
                                                    <component>wicket</component>
                        <due />
                            <votes>0</votes>
                                    <watches>2</watches>
                                                                <comments>
                            <comment id="14035839" author="leristo" created="Wed, 18 Jun 2014 15:41:03 +0000">&lt;p&gt;Quickstart&lt;/p&gt;</comment>
                            <comment id="14035888" author="svenmeier" created="Wed, 18 Jun 2014 16:11:59 +0000">&lt;p&gt;Note that tester.executeAjaxEvent() consumes the current request, which has a value for "state".&lt;/p&gt;

&lt;p&gt;For the following call to formTester.submit() you will have to set the value once again.&lt;/p&gt;</comment>
                    </comments>
                    <attachments>
                            <attachment id="12651167" name="quickstart-AjaxFormComponentUpdatingBehavior-wickettester.zip" size="21364" author="LeRisto" created="Wed, 18 Jun 2014 15:41:03 +0000" />
                    </attachments>
                <subtasks>
                    </subtasks>
                <customfields>
                                                                                                                                                                                                                                                                                                                                                                                                                                                                                                                                                                                                                                                                                                                    <customfield id="customfield_12314020" key="com.atlassian.jira.plugins.jira-development-integration-plugin:devsummary">
                        <customfieldname>Development</customfieldname>
                        <customfieldvalues>
                            
                        </customfieldvalues>
                    </customfield>
                                                                                                                        <customfield id="customfield_12313422" key="com.atlassian.jirafisheyeplugin:jobcheckbox">
                        <customfieldname>Enable Automatic Patch Review</customfieldname>
                        <customfieldvalues>
                            <customfieldvalue>false</customfieldvalue>

                        </customfieldvalues>
                    </customfield>
                                                                                                                                                                                                                                                                                                                                                                                                                                                                                                                                                                                                                    <customfield id="customfield_12310420" key="com.pyxis.greenhopper.jira:gh-global-rank">
                        <customfieldname>Global Rank</customfieldname>
                        <customfieldvalues>
                            <customfieldvalue>400436</customfieldvalue>
                        </customfieldvalues>
                    </customfield>
                                                                                                                                                                                                                                                                                                                                                                                                                                                                        <customfield id="customfield_12311820" key="com.pyxis.greenhopper.jira:gh-lexo-rank">
                        <customfieldname>Rank</customfieldname>
                        <customfieldvalues>
                            <customfieldvalue>0|i1wxkf:</customfieldvalue>

                        </customfieldvalues>
                    </customfield>
                                                                <customfield id="customfield_12310920" key="com.pyxis.greenhopper.jira:gh-global-rank">
                        <customfieldname>Rank (Obsolete)</customfieldname>
                        <customfieldvalues>
                            <customfieldvalue>400535</customfieldvalue>
                        </customfieldvalues>
                    </customfield>
                                                                                                                                                                                                                                                                                                                                                                                                                                                                                                                                                                                                                                                                                                                                                                                            </customfields>
    </item>


</channel>
</rss>