<rss version="0.92">
    <channel>
        <title>ASF JIRA</title>
        <link>https://issues.apache.org/jira/issues/?jql=project+%3D+wicket+and+type+%3D+bug+and+%28status+%3D+RESOLVED+or+status+%3D+closed%29</link>
        <description>An XML representation of a search request</description>
                <language>en-uk</language>
                        <issue start="0" end="1000" total="4133" />
                <build-info>
            <version>8.20.7</version>
            <build-number>820007</build-number>
            <build-date>16-03-2022</build-date>
        </build-info>

<item>
            <title>[WICKET-5467] NumberTextField should support "any" as valid step attribute value</title>
                <link>https://issues.apache.org/jira/browse/WICKET-5467</link>
                <project id="12310561" key="WICKET">Wicket</project>
                    <description>&lt;p&gt;The NumberTextField removes the any value from step attribute added to markup.&lt;br/&gt;
E.g. &amp;lt;input type="number" step="any" wicket:id="myNumber" /&amp;gt;&lt;br/&gt;
and add(new NumberTextField&amp;lt;Double&amp;gt;("myNumber", numModel);&lt;/p&gt;

&lt;p&gt;leads to markup&lt;br/&gt;
&amp;lt;input type="number" id="myNumber" /&amp;gt;&lt;br/&gt;
but should be&lt;br/&gt;
&amp;lt;input type="number" step="any" id="myNumber" /&amp;gt;&lt;/p&gt;

&lt;p&gt;I can see 2 possbile solutions&lt;br/&gt;
1. Don't remove the step attribute&lt;br/&gt;
2. Add a constant ANY to NumberTextField&lt;br/&gt;
public static final Number ANY = 0;&lt;br/&gt;
and let this be configurable to users (setStep(ANY))&lt;/p&gt;</description>
                <environment>wicket 6.11.0</environment>
        <key id="12688204">WICKET-5467</key>
            <summary>NumberTextField should support "any" as valid step attribute value</summary>
                <type id="1" iconUrl="https://issues.apache.org/jira/secure/viewavatar?size=xsmall&amp;avatarId=21133&amp;avatarType=issuetype">Bug</type>
                                            <priority id="3" iconUrl="https://issues.apache.org/jira/images/icons/priorities/major.svg">Major</priority>
                        <status id="5" iconUrl="https://issues.apache.org/jira/images/icons/statuses/resolved.png" description="A resolution has been taken, and it is awaiting verification by reporter. From here issues are either reopened, or are closed.">Resolved</status>
                    <statusCategory id="3" key="done" colorName="green" />
                                    <resolution id="1">Fixed</resolution>
                                        <assignee username="mgrigorov">Martin Tzvetanov Grigorov</assignee>
                                    <reporter username="newgro">Per Newgro</reporter>
                        <labels>
                            <label>WICKET-5096</label>
                    </labels>
                <created>Fri, 10 Jan 2014 09:12:59 +0000</created>
                <updated>Thu, 17 Jul 2014 10:46:48 +0000</updated>
                            <resolved>Wed, 15 Jan 2014 10:15:26 +0000</resolved>
                                    <version>6.13.0</version>
                                    <fixVersion>6.14.0</fixVersion>
                    <fixVersion>7.0.0-M1</fixVersion>
                                    <component>wicket</component>
                        <due />
                            <votes>0</votes>
                                    <watches>2</watches>
                                                                <comments>
                            <comment id="13867684" author="mgrigorov" created="Fri, 10 Jan 2014 10:31:16 +0000">&lt;p&gt;The patch contains a lot of white space changes. Even in pom.xml.&lt;br/&gt;
It is not very clear what is the real change.&lt;br/&gt;
Feel free to attach the complete sources of the changes classes here and we will deal with them.&lt;br/&gt;
Thank you! &lt;/p&gt;</comment>
                            <comment id="13867685" author="newgro" created="Fri, 10 Jan 2014 10:36:05 +0000">&lt;p&gt;The patch was created by git fomat-patch command. I hope it is still usable.&lt;br/&gt;
Additionally I've added the clirr-maven-plugin to m2e configuration. It would be helpful if you could adjust this because i get compile errors in eclipse if i clone wicket repository.&lt;/p&gt;</comment>
                            <comment id="13867689" author="newgro" created="Fri, 10 Jan 2014 10:43:41 +0000">&lt;p&gt;These are the changed sources&lt;/p&gt;</comment>
                            <comment id="13871897" author="mgrigorov" created="Wed, 15 Jan 2014 10:15:26 +0000">&lt;p&gt;The patch is applied.&lt;br/&gt;
Thanks!&lt;/p&gt;</comment>
                    </comments>
                    <attachments>
                            <attachment id="12622375" name="fix-WICKET-5467-src.zip" size="5579" author="newgro" created="Fri, 10 Jan 2014 10:43:41 +0000" />
                            <attachment id="12622373" name="fix-WICKET-5467.patch" size="35099" author="newgro" created="Fri, 10 Jan 2014 10:27:20 +0000" />
                    </attachments>
                <subtasks>
                    </subtasks>
                <customfields>
                                                                                                                                                                                                                                                                                                                                                                                                                                                                                                                                                                                                                                                                                                                    <customfield id="customfield_12314020" key="com.atlassian.jira.plugins.jira-development-integration-plugin:devsummary">
                        <customfieldname>Development</customfieldname>
                        <customfieldvalues>
                            
                        </customfieldvalues>
                    </customfield>
                                                                                                                        <customfield id="customfield_12313422" key="com.atlassian.jirafisheyeplugin:jobcheckbox">
                        <customfieldname>Enable Automatic Patch Review</customfieldname>
                        <customfieldvalues>
                            <customfieldvalue>false</customfieldvalue>

                        </customfieldvalues>
                    </customfield>
                                                                                                                                                                                                                                                                                                                                                                                                                                                                                                                                                                                                                    <customfield id="customfield_12310420" key="com.pyxis.greenhopper.jira:gh-global-rank">
                        <customfieldname>Global Rank</customfieldname>
                        <customfieldvalues>
                            <customfieldvalue>367223</customfieldvalue>
                        </customfieldvalues>
                    </customfield>
                                                                                                                                                                                                                                                                                                                                                                                                                                                                        <customfield id="customfield_12311820" key="com.pyxis.greenhopper.jira:gh-lexo-rank">
                        <customfieldname>Rank</customfieldname>
                        <customfieldvalues>
                            <customfieldvalue>0|i1rarb:</customfieldvalue>

                        </customfieldvalues>
                    </customfield>
                                                                <customfield id="customfield_12310920" key="com.pyxis.greenhopper.jira:gh-global-rank">
                        <customfieldname>Rank (Obsolete)</customfieldname>
                        <customfieldvalues>
                            <customfieldvalue>367532</customfieldvalue>
                        </customfieldvalues>
                    </customfield>
                                                                                                                                                                                                                                                                                                                                                                                                                                                                                                                                                                                                                                                                                                                                                                                            </customfields>
    </item>


</channel>
</rss>