<rss version="0.92">
    <channel>
        <title>ASF JIRA</title>
        <link>https://issues.apache.org/jira/issues/?jql=project+%3D+wicket+and+type+%3D+bug+and+%28status+%3D+RESOLVED+or+status+%3D+closed%29</link>
        <description>An XML representation of a search request</description>
                <language>en-uk</language>
                        <issue start="0" end="1000" total="4133" />
                <build-info>
            <version>8.20.7</version>
            <build-number>820007</build-number>
            <build-date>16-03-2022</build-date>
        </build-info>

<item>
            <title>[WICKET-5849] parsing fails of HTML entity inside text/template script-tag during AJAX refresh</title>
                <link>https://issues.apache.org/jira/browse/WICKET-5849</link>
                <project id="12310561" key="WICKET">Wicket</project>
                    <description>&lt;p&gt;See attached quickstart.&lt;/p&gt;

&lt;p&gt;On initial page load, everything is fine - the TestPanel is parsed correctly and displayed.  Hit the link to reload the TestPanel via AJAX - wicket is getting hung up on the non breaking space inside the template/script definition:&lt;/p&gt;

&lt;div class="code panel" style="border-width: 1px;"&gt;&lt;div class="codeContent panelContent"&gt;
&lt;pre class="code-html"&gt;&lt;span class="code-tag"&gt;&amp;lt;script id=&lt;span class="code-quote"&gt;"template1"&lt;/span&gt; type=&lt;span class="code-quote"&gt;"text/template"&lt;/span&gt;&amp;gt;&lt;/span&gt;
    &lt;span class="code-tag"&gt;&amp;lt;div&amp;gt;&lt;/span&gt;&lt;span class="code-tag"&gt;&amp;lt;a&amp;gt;&lt;/span&gt;&amp;amp;nbsp;&lt;span class="code-tag"&gt;&amp;lt;/a&amp;gt;&lt;/span&gt;&lt;span class="code-tag"&gt;&amp;lt;/div&amp;gt;&lt;/span&gt;
&lt;span class="code-tag"&gt;&amp;lt;/script&amp;gt;&lt;/span&gt;
&lt;/pre&gt;
&lt;/div&gt;&lt;/div&gt;</description>
                <environment>JDK 8u31, OS X, Chrome</environment>
        <key id="12779581">WICKET-5849</key>
            <summary>parsing fails of HTML entity inside text/template script-tag during AJAX refresh</summary>
                <type id="1" iconUrl="https://issues.apache.org/jira/secure/viewavatar?size=xsmall&amp;avatarId=21133&amp;avatarType=issuetype">Bug</type>
                                            <priority id="3" iconUrl="https://issues.apache.org/jira/images/icons/priorities/major.svg">Major</priority>
                        <status id="5" iconUrl="https://issues.apache.org/jira/images/icons/statuses/resolved.png" description="A resolution has been taken, and it is awaiting verification by reporter. From here issues are either reopened, or are closed.">Resolved</status>
                    <statusCategory id="3" key="done" colorName="green" />
                                    <resolution id="7">Later</resolution>
                                        <assignee username="svenmeier">Sven Meier</assignee>
                                    <reporter username="nickpratt">Nick Pratt</reporter>
                        <labels>
                    </labels>
                <created>Wed, 4 Mar 2015 20:40:35 +0000</created>
                <updated>Tue, 10 Mar 2015 21:49:29 +0000</updated>
                            <resolved>Tue, 10 Mar 2015 21:49:29 +0000</resolved>
                                    <version>6.17.0</version>
                    <version>6.19.0</version>
                                                    <component>wicket</component>
                        <due />
                            <votes>0</votes>
                                    <watches>3</watches>
                                                                <comments>
                            <comment id="14347758" author="svenmeier" created="Wed, 4 Mar 2015 23:18:20 +0000">&lt;p&gt;StyleAndScriptIdentifier wraps all inline JavaScript in CDATA, but only if their type is "text/javascript".&lt;br/&gt;
Thus your template header contribution stays untouched.&lt;/p&gt;

&lt;p&gt;wicket-ajax-jquery.js then uses the following to parse the header contribution:&lt;/p&gt;

&lt;p&gt;    parser.parseFromString(text, "text/xml");&lt;/p&gt;

&lt;p&gt;This fails, because entity &amp;amp;nbsp; is not defined in XML. If we change the second parameter to "text/html", parsing of your template will work.&lt;/p&gt;

&lt;p&gt;We'll have to check whether that change is safe for all browers though, I've just tested it in Firefox only.&lt;/p&gt;</comment>
                            <comment id="14348797" author="nickpratt" created="Thu, 5 Mar 2015 14:37:21 +0000">&lt;p&gt;Would it be possible for us to define what types are wrapped in the StyleAndScriptIdentifiers?  Make it default to text/javascript, but allow us to also register (on Application startup) additional template types, like "text/template" and "text/x-handlebars-template"  (our Handlebars template was what triggered this issue in the first place - we're using jquery/Handlebars/json-rest along with Wicket)&lt;/p&gt;

&lt;p&gt;Edit:&lt;/p&gt;

&lt;p&gt;After looking at the filter you mentioned, I see that we can in fact plugin our own filters to handle this.  Is there any reason that the StyleAndScriptIdentifiers class is final? Furthermore, if the shouldProcess() method was made protected, we could subclass and override that method to accommodate our templating method.&lt;/p&gt;</comment>
                            <comment id="14349116" author="svenmeier" created="Thu, 5 Mar 2015 17:19:27 +0000">&lt;p&gt;Yes, you can customize markup filters.&lt;/p&gt;

&lt;p&gt;But are you sure you want to have your templates wrapped in &amp;lt;![CDATA&lt;span class="error"&gt;&amp;#91;...&amp;#93;&lt;/span&gt;] ? You're templating solution probably won't like this - you'll have to remove the CDATA from the template before you can use it.&lt;/p&gt;</comment>
                            <comment id="14349132" author="mgrigorov" created="Thu, 5 Mar 2015 17:25:33 +0000">&lt;p&gt;Wicket wraps the content in CDATA only for &amp;lt;script&amp;gt; elements with type="text/javascript" and without 'type' attribute (because text/javascript is the default). Any other type is not touched.&lt;/p&gt;</comment>
                            <comment id="14355793" author="svenmeier" created="Tue, 10 Mar 2015 21:49:29 +0000">&lt;p&gt;I'm reluctant to change this central part of Wicket's Ajax handling.&lt;/p&gt;

&lt;p&gt;You can monkey-patch Wicket.Xml.parse() as you see fit. Please report back when you've found a satisfying solution that works in all browsers.&lt;/p&gt;</comment>
                    </comments>
                    <attachments>
                            <attachment id="12702604" name="myproject.tar.gz" size="29578" author="nickpratt" created="Wed, 4 Mar 2015 20:41:10 +0000" />
                    </attachments>
                <subtasks>
                    </subtasks>
                <customfields>
                                                                                                                                                                                                                                                                                                                                                                                                                                                                                                                                                                                                                                                                                                                    <customfield id="customfield_12314020" key="com.atlassian.jira.plugins.jira-development-integration-plugin:devsummary">
                        <customfieldname>Development</customfieldname>
                        <customfieldvalues>
                            
                        </customfieldvalues>
                    </customfield>
                                                                                                                        <customfield id="customfield_12313422" key="com.atlassian.jirafisheyeplugin:jobcheckbox">
                        <customfieldname>Enable Automatic Patch Review</customfieldname>
                        <customfieldvalues>
                            <customfieldvalue>false</customfieldvalue>

                        </customfieldvalues>
                    </customfield>
                                                                                                                                                                                                                                                                                                                                                                                                                                                                                                                                                                                                                    <customfield id="customfield_12310420" key="com.pyxis.greenhopper.jira:gh-global-rank">
                        <customfieldname>Global Rank</customfieldname>
                        <customfieldvalues>
                            <customfieldvalue>9223372036854775807</customfieldvalue>
                        </customfieldvalues>
                    </customfield>
                                                                                                                                                                                                                                                                                                                                                                                                                                                                        <customfield id="customfield_12311820" key="com.pyxis.greenhopper.jira:gh-lexo-rank">
                        <customfieldname>Rank</customfieldname>
                        <customfieldvalues>
                            <customfieldvalue>0|i26d7z:</customfieldvalue>

                        </customfieldvalues>
                    </customfield>
                                                                <customfield id="customfield_12310920" key="com.pyxis.greenhopper.jira:gh-global-rank">
                        <customfieldname>Rank (Obsolete)</customfieldname>
                        <customfieldvalues>
                            <customfieldvalue>9223372036854775807</customfieldvalue>
                        </customfieldvalues>
                    </customfield>
                                                                                                                                                                                                                                                                                                                                                                                                                                                                                                                                                                                                                                                                                                                                                                                            </customfields>
    </item>


</channel>
</rss>