<rss version="0.92">
    <channel>
        <title>ASF JIRA</title>
        <link>https://issues.apache.org/jira/issues/?jql=project+%3D+wicket+and+type+%3D+bug+and+%28status+%3D+RESOLVED+or+status+%3D+closed%29</link>
        <description>An XML representation of a search request</description>
                <language>en-uk</language>
                        <issue start="0" end="1000" total="4133" />
                <build-info>
            <version>8.20.7</version>
            <build-number>820007</build-number>
            <build-date>16-03-2022</build-date>
        </build-info>

<item>
            <title>[WICKET-5377] AjaxFormComponentUpdatingBehavior blocks AjaxLink#onClick when component is blurred</title>
                <link>https://issues.apache.org/jira/browse/WICKET-5377</link>
                <project id="12310561" key="WICKET">Wicket</project>
                    <description>&lt;p&gt;Create a page and add a TextField, OnChangeAjaxBehavior and repeatingView.  Add an AjaxLink to each row.  Add the OnChangeAjaxBehavior to the TextField.&lt;/p&gt;

&lt;p&gt;Each time the textfield receives a keystroke, it correctly fires the onUpdate() method.  However, when the control is blurred, it also receives the onUpdate() event.  That is probably acceptable, but the onClick() event of the AjaxLink does not fire.  Only after the TextField is blurred does the onClick() event fire correctly.&lt;/p&gt;

&lt;p&gt;QuickStart attached.&lt;/p&gt;

&lt;p&gt;NOTE:  I tried this with wicket 6.10, 6.5, and 6.3.  It appears to have been introduced with the 6.x branch.  The 1.5.x line did not exhibit this behavior.&lt;/p&gt;</description>
                <environment>Env N/A.  Browser: several versions of FF, IE, Chrome, and Safari.</environment>
        <key id="12671093">WICKET-5377</key>
            <summary>AjaxFormComponentUpdatingBehavior blocks AjaxLink#onClick when component is blurred</summary>
                <type id="1" iconUrl="https://issues.apache.org/jira/secure/viewavatar?size=xsmall&amp;avatarId=21133&amp;avatarType=issuetype">Bug</type>
                                            <priority id="3" iconUrl="https://issues.apache.org/jira/images/icons/priorities/major.svg">Major</priority>
                        <status id="5" iconUrl="https://issues.apache.org/jira/images/icons/statuses/resolved.png" description="A resolution has been taken, and it is awaiting verification by reporter. From here issues are either reopened, or are closed.">Resolved</status>
                    <statusCategory id="3" key="done" colorName="green" />
                                    <resolution id="6">Invalid</resolution>
                                        <assignee username="svenmeier">Sven Meier</assignee>
                                    <reporter username="flavius17">Flavius</reporter>
                        <labels>
                    </labels>
                <created>Sat, 28 Sep 2013 15:20:35 +0000</created>
                <updated>Sun, 29 Sep 2013 00:45:55 +0000</updated>
                            <resolved>Sat, 28 Sep 2013 18:46:13 +0000</resolved>
                                    <version>6.3.0</version>
                    <version>6.5.0</version>
                    <version>6.10.0</version>
                                                    <component>wicket</component>
                        <due />
                            <votes>0</votes>
                                    <watches>2</watches>
                                                                <comments>
                            <comment id="13780922" author="svenmeier" created="Sat, 28 Sep 2013 18:46:13 +0000">&lt;p&gt;From its inception OnChangeAjaxBehavior reacts to "change" events &lt;b&gt;and&lt;/b&gt; a keyup, keydown, paste, cut, input.&lt;/p&gt;

&lt;p&gt;When the textfield loses focus, "change" is triggered and your example replaces the contents of the table. Since mouse down and mouse up are not happening on the same element, the browser will not fire a click event.&lt;/p&gt;

&lt;p&gt;You can use new AjaxFormComponentUpdatingBehavior("inputchange") if you want to prevent this.&lt;/p&gt;</comment>
                            <comment id="13781193" author="flavius17" created="Sun, 29 Sep 2013 00:45:07 +0000">&lt;p&gt;Good call, Sven.  I tested with new AjaxFormComponentUpdatingBehavior("inputchange") and it does what I need.&lt;br/&gt;
Thanks for taking the time to reply.  You can close this as invalid, or I can if you prefer.&lt;/p&gt;</comment>
                            <comment id="13781195" author="flavius17" created="Sun, 29 Sep 2013 00:45:55 +0000">&lt;p&gt;It looks like you already did.  &lt;img class="emoticon" src="https://issues.apache.org/jira/images/icons/emoticons/smile.png" height="16" width="16" align="absmiddle" alt="" border="0"/&gt;&lt;/p&gt;</comment>
                    </comments>
                <issuelinks>
                            <issuelinktype id="10030">
                    <name>Reference</name>
                                            <outwardlinks description="relates to">
                                        <issuelink>
            <issuekey id="12548474">WICKET-4482</issuekey>
        </issuelink>
                            </outwardlinks>
                                                        </issuelinktype>
                    </issuelinks>
                <attachments>
                            <attachment id="12605656" name="AjaxLinksRequireTwoClicks.zip" size="26350" author="flavius17" created="Sat, 28 Sep 2013 15:24:39 +0000" />
                    </attachments>
                <subtasks>
                    </subtasks>
                <customfields>
                                                                                                                                                                                                                                                                                                                                                                                                                                                                                                                                                                                                                                                                                                                    <customfield id="customfield_12314020" key="com.atlassian.jira.plugins.jira-development-integration-plugin:devsummary">
                        <customfieldname>Development</customfieldname>
                        <customfieldvalues>
                            
                        </customfieldvalues>
                    </customfield>
                                                                                                                        <customfield id="customfield_12313422" key="com.atlassian.jirafisheyeplugin:jobcheckbox">
                        <customfieldname>Enable Automatic Patch Review</customfieldname>
                        <customfieldvalues>
                            <customfieldvalue>false</customfieldvalue>

                        </customfieldvalues>
                    </customfield>
                                                                                                                                                                                                                                                                                                                                                                                                                                                                                                                                                                                                                    <customfield id="customfield_12310420" key="com.pyxis.greenhopper.jira:gh-global-rank">
                        <customfieldname>Global Rank</customfieldname>
                        <customfieldvalues>
                            <customfieldvalue>350922</customfieldvalue>
                        </customfieldvalues>
                    </customfield>
                                                                                                                                                                                                                                                                                                                                                                                                                                                                        <customfield id="customfield_12311820" key="com.pyxis.greenhopper.jira:gh-lexo-rank">
                        <customfieldname>Rank</customfieldname>
                        <customfieldvalues>
                            <customfieldvalue>0|i1oi7z:</customfieldvalue>

                        </customfieldvalues>
                    </customfield>
                                                                <customfield id="customfield_12310920" key="com.pyxis.greenhopper.jira:gh-global-rank">
                        <customfieldname>Rank (Obsolete)</customfieldname>
                        <customfieldvalues>
                            <customfieldvalue>351213</customfieldvalue>
                        </customfieldvalues>
                    </customfield>
                                                                                                                                                                                                                                                                                                                                                                                                                                                                                                                                                                                                                                                                                                                                                                                            </customfields>
    </item>


</channel>
</rss>