<rss version="0.92">
    <channel>
        <title>ASF JIRA</title>
        <link>https://issues.apache.org/jira/issues/?jql=project+%3D+wicket+and+type+%3D+bug+and+%28status+%3D+RESOLVED+or+status+%3D+closed%29</link>
        <description>An XML representation of a search request</description>
                <language>en-uk</language>
                        <issue start="0" end="1000" total="4133" />
                <build-info>
            <version>8.20.7</version>
            <build-number>820007</build-number>
            <build-date>16-03-2022</build-date>
        </build-info>

<item>
            <title>[WICKET-5689] Nested Redirects and REDIRECT_TO_BUFFER</title>
                <link>https://issues.apache.org/jira/browse/WICKET-5689</link>
                <project id="12310561" key="WICKET">Wicket</project>
                    <description>&lt;p&gt;When the render strategy is REDIRECT_TO_BUFFER, redirects cannot be nested. After the second redirect, Wicket renders the buffered first page in preference to the second page. The relevant code is in WebPageRenderer.respond:&lt;/p&gt;

&lt;div class="preformatted panel" style="border-width: 1px;"&gt;&lt;div class="preformattedContent panelContent"&gt;
&lt;pre&gt;		if (bufferedResponse != null)
		{
			logger.warn("The Buffered response should be handled by BufferedResponseRequestHandler");
			// if there is saved response for this URL render it
			bufferedResponse.writeTo((WebResponse)requestCycle.getResponse());
		}
&lt;/pre&gt;
&lt;/div&gt;&lt;/div&gt;

&lt;p&gt;The attached quickstart demonstrates the issue. Simply navigate to the home page. The observed behavior is that Page1 is displayed, but I expect Page2 to be displayed.&lt;/p&gt;

&lt;p&gt;I can work around the issue by calling WebApplication.getAndRemoveBufferedResponse() to clear the render buffer, but I am uneasy with this solution since it seems like I am playing with Wicket internals; albeit the function is public. &lt;/p&gt;</description>
                <environment>Windows 7, tomcat 7.0.47</environment>
        <key id="12737828">WICKET-5689</key>
            <summary>Nested Redirects and REDIRECT_TO_BUFFER</summary>
                <type id="1" iconUrl="https://issues.apache.org/jira/secure/viewavatar?size=xsmall&amp;avatarId=21133&amp;avatarType=issuetype">Bug</type>
                                            <priority id="4" iconUrl="https://issues.apache.org/jira/images/icons/priorities/minor.svg">Minor</priority>
                        <status id="5" iconUrl="https://issues.apache.org/jira/images/icons/statuses/resolved.png" description="A resolution has been taken, and it is awaiting verification by reporter. From here issues are either reopened, or are closed.">Resolved</status>
                    <statusCategory id="3" key="done" colorName="green" />
                                    <resolution id="1">Fixed</resolution>
                                        <assignee username="mgrigorov">Martin Tzvetanov Grigorov</assignee>
                                    <reporter username="gudujarlson">Mike</reporter>
                        <labels>
                    </labels>
                <created>Fri, 29 Aug 2014 15:59:03 +0000</created>
                <updated>Tue, 9 Sep 2014 13:38:21 +0000</updated>
                            <resolved>Tue, 9 Sep 2014 13:38:21 +0000</resolved>
                                    <version>1.5.11</version>
                    <version>6.16.0</version>
                                    <fixVersion>6.18.0</fixVersion>
                    <fixVersion>7.0.0-M4</fixVersion>
                                        <due />
                            <votes>0</votes>
                                    <watches>4</watches>
                                                                <comments>
                            <comment id="14126732" author="mgrigorov" created="Tue, 9 Sep 2014 08:03:54 +0000">&lt;p&gt;In my opinion this code snippet should be removed completely.&lt;br/&gt;
If BufferedResponseRequestHandler has the chance to handle the request it will do its job. But if something else (like the use case in this ticket) tries to handle the request in another way then Wicket should not try to "recover" in such a late phase of the request processing.&lt;/p&gt;

&lt;p&gt;Opinions ?&lt;/p&gt;</comment>
                            <comment id="14126738" author="svenmeier" created="Tue, 9 Sep 2014 08:14:23 +0000">&lt;p&gt;&amp;gt;If BufferedResponseRequestHandler has the chance to handle the request it will do its job.&lt;br/&gt;
My thoughts exactly.&lt;/p&gt;

&lt;p&gt;&amp;gt;In my opinion this code snippet should be removed completely.&lt;br/&gt;
Agreed.&lt;/p&gt;</comment>
                            <comment id="14126962" author="jira-bot" created="Tue, 9 Sep 2014 13:22:12 +0000">&lt;p&gt;Commit b5b2c9d10e6ae1df0e44a5448558da285d0cea99 in wicket's branch refs/heads/wicket-6.x from &lt;a href="https://issues.apache.org/jira/secure/ViewProfile.jspa?name=mgrigorov" class="user-hover" rel="mgrigorov"&gt;mgrigorov&lt;/a&gt;&lt;br/&gt;
[ &lt;a href="https://git-wip-us.apache.org/repos/asf?p=wicket.git;h=b5b2c9d" class="external-link" target="_blank" rel="nofollow noopener"&gt;https://git-wip-us.apache.org/repos/asf?p=wicket.git;h=b5b2c9d&lt;/a&gt; ]&lt;/p&gt;

&lt;p&gt;&lt;a href="https://issues.apache.org/jira/browse/WICKET-5689" title="Nested Redirects and REDIRECT_TO_BUFFER" class="issue-link" data-issue-key="WICKET-5689"&gt;&lt;del&gt;WICKET-5689&lt;/del&gt;&lt;/a&gt; Nested Redirects and REDIRECT_TO_BUFFER&lt;/p&gt;</comment>
                            <comment id="14126975" author="jira-bot" created="Tue, 9 Sep 2014 13:38:00 +0000">&lt;p&gt;Commit 2ac29d3065a448c00a2ba7ac4b8cd53ae6c2b91b in wicket's branch refs/heads/master from &lt;a href="https://issues.apache.org/jira/secure/ViewProfile.jspa?name=mgrigorov" class="user-hover" rel="mgrigorov"&gt;mgrigorov&lt;/a&gt;&lt;br/&gt;
[ &lt;a href="https://git-wip-us.apache.org/repos/asf?p=wicket.git;h=2ac29d3" class="external-link" target="_blank" rel="nofollow noopener"&gt;https://git-wip-us.apache.org/repos/asf?p=wicket.git;h=2ac29d3&lt;/a&gt; ]&lt;/p&gt;

&lt;p&gt;&lt;a href="https://issues.apache.org/jira/browse/WICKET-5689" title="Nested Redirects and REDIRECT_TO_BUFFER" class="issue-link" data-issue-key="WICKET-5689"&gt;&lt;del&gt;WICKET-5689&lt;/del&gt;&lt;/a&gt; Nested Redirects and REDIRECT_TO_BUFFER&lt;/p&gt;

&lt;p&gt;(cherry picked from commit b5b2c9d10e6ae1df0e44a5448558da285d0cea99)&lt;/p&gt;

&lt;p&gt;Conflicts:&lt;br/&gt;
	wicket-core/src/main/java/org/apache/wicket/request/handler/render/WebPageRenderer.java&lt;/p&gt;</comment>
                            <comment id="14126976" author="mgrigorov" created="Tue, 9 Sep 2014 13:38:21 +0000">&lt;p&gt;Removed the code as suggested earlier.&lt;/p&gt;</comment>
                    </comments>
                    <attachments>
                            <attachment id="12665361" name="nestedredirects.tar.gz" size="22097" author="gudujarlson" created="Fri, 29 Aug 2014 16:01:37 +0000" />
                    </attachments>
                <subtasks>
                    </subtasks>
                <customfields>
                                                                                                                                                                                                                                                                                                                                                                                                                                                                                                                                                                                                                                                                                                                    <customfield id="customfield_12314020" key="com.atlassian.jira.plugins.jira-development-integration-plugin:devsummary">
                        <customfieldname>Development</customfieldname>
                        <customfieldvalues>
                            
                        </customfieldvalues>
                    </customfield>
                                                                                                                        <customfield id="customfield_12313422" key="com.atlassian.jirafisheyeplugin:jobcheckbox">
                        <customfieldname>Enable Automatic Patch Review</customfieldname>
                        <customfieldvalues>
                            <customfieldvalue>false</customfieldvalue>

                        </customfieldvalues>
                    </customfield>
                                                                                                                                                                                                                                                                                                                                                                                                                                                                                                                                                                                                                    <customfield id="customfield_12310420" key="com.pyxis.greenhopper.jira:gh-global-rank">
                        <customfieldname>Global Rank</customfieldname>
                        <customfieldvalues>
                            <customfieldvalue>9223372036854775807</customfieldvalue>
                        </customfieldvalues>
                    </customfield>
                                                                                                                                                                                                                                                                                                                                                                                                                                                                        <customfield id="customfield_12311820" key="com.pyxis.greenhopper.jira:gh-lexo-rank">
                        <customfieldname>Rank</customfieldname>
                        <customfieldvalues>
                            <customfieldvalue>0|i1zhon:</customfieldvalue>

                        </customfieldvalues>
                    </customfield>
                                                                <customfield id="customfield_12310920" key="com.pyxis.greenhopper.jira:gh-global-rank">
                        <customfieldname>Rank (Obsolete)</customfieldname>
                        <customfieldvalues>
                            <customfieldvalue>9223372036854775807</customfieldvalue>
                        </customfieldvalues>
                    </customfield>
                                                                                                                                                                                                                                                                                                                                                                                                                                                                                                                                                                                                                                                                                                                                                                                            </customfields>
    </item>


</channel>
</rss>