<rss version="0.92">
    <channel>
        <title>ASF JIRA</title>
        <link>https://issues.apache.org/jira/issues/?jql=project+%3D+wicket+and+type+%3D+bug+and+%28status+%3D+RESOLVED+or+status+%3D+closed%29</link>
        <description>An XML representation of a search request</description>
                <language>en-uk</language>
                        <issue start="0" end="1000" total="4133" />
                <build-info>
            <version>8.20.7</version>
            <build-number>820007</build-number>
            <build-date>16-03-2022</build-date>
        </build-info>

<item>
            <title>[WICKET-5271] Wicket Tree rendering broken in 7.x</title>
                <link>https://issues.apache.org/jira/browse/WICKET-5271</link>
                <project id="12310561" key="WICKET">Wicket</project>
                    <description>&lt;p&gt;While testing &lt;a href="https://issues.apache.org/jira/browse/WICKET-5267" title="Create an Ajax behavior that suppresses all AjaxEventBehaviors in the sub-components and acts as a delegate" class="issue-link" data-issue-key="WICKET-5267"&gt;&lt;del&gt;WICKET-5267&lt;/del&gt;&lt;/a&gt; (EventDelegationBehavior) I've noticed that the Tree component renders with broken layout in Wicket 7.x.&lt;br/&gt;
It looks like a CSS related issue.&lt;/p&gt;</description>
                <environment />
        <key id="12657048">WICKET-5271</key>
            <summary>Wicket Tree rendering broken in 7.x</summary>
                <type id="1" iconUrl="https://issues.apache.org/jira/secure/viewavatar?size=xsmall&amp;avatarId=21133&amp;avatarType=issuetype">Bug</type>
                                            <priority id="3" iconUrl="https://issues.apache.org/jira/images/icons/priorities/major.svg">Major</priority>
                        <status id="5" iconUrl="https://issues.apache.org/jira/images/icons/statuses/resolved.png" description="A resolution has been taken, and it is awaiting verification by reporter. From here issues are either reopened, or are closed.">Resolved</status>
                    <statusCategory id="3" key="done" colorName="green" />
                                    <resolution id="1">Fixed</resolution>
                                        <assignee username="svenmeier">Sven Meier</assignee>
                                    <reporter username="mgrigorov">Martin Tzvetanov Grigorov</reporter>
                        <labels>
                    </labels>
                <created>Wed, 10 Jul 2013 10:33:49 +0000</created>
                <updated>Tue, 13 Oct 2015 13:25:37 +0000</updated>
                            <resolved>Tue, 13 Oct 2015 07:47:38 +0000</resolved>
                                    <version>7.0.0-M1</version>
                                    <fixVersion>7.0.0-M1</fixVersion>
                                    <component>wicket-extensions</component>
                        <due />
                            <votes>0</votes>
                                    <watches>5</watches>
                                                                <comments>
                            <comment id="13704427" author="svenmeier" created="Wed, 10 Jul 2013 10:57:28 +0000">&lt;p&gt;links are no longer rendered as &amp;lt;span&amp;gt; when disabled&lt;/p&gt;</comment>
                            <comment id="14953960" author="rmartin7c" created="Mon, 12 Oct 2015 23:04:07 +0000">&lt;p&gt;The CSS for these themes does not work correctly on leaf nodes in trees. On these nodes, isEnabled reports them as disabled if they have no children. This causes them to render as &amp;lt;span&amp;gt; in my installation of Wicket 7.0.0. The tree-junction elements don't match theme.css and render poorly.&lt;/p&gt;

&lt;p&gt;IMHO there's no reason to specify tag type span or a on class .tree-junction. The CSS works fine for me if I change all instances of "tree-theme-* a.tree-junction" to just "tree-theme-* .tree-junction". Can we get this CSS generalized so that it doesn't depend on the specifics of disabled link behavior?&lt;/p&gt;</comment>
                            <comment id="14954565" author="jira-bot" created="Tue, 13 Oct 2015 07:46:03 +0000">&lt;p&gt;Commit 489c88f8b005c2c796cd0b3d3e9809827d4bf0f5 in wicket's branch refs/heads/wicket-7.x from &lt;a href="https://issues.apache.org/jira/secure/ViewProfile.jspa?name=svenmeier" class="user-hover" rel="svenmeier"&gt;svenmeier&lt;/a&gt;&lt;br/&gt;
[ &lt;a href="https://git-wip-us.apache.org/repos/asf?p=wicket.git;h=489c88f" class="external-link" target="_blank" rel="nofollow noopener"&gt;https://git-wip-us.apache.org/repos/asf?p=wicket.git;h=489c88f&lt;/a&gt; ]&lt;/p&gt;

&lt;p&gt;&lt;a href="https://issues.apache.org/jira/browse/WICKET-5271" title="Wicket Tree rendering broken in 7.x" class="issue-link" data-issue-key="WICKET-5271"&gt;&lt;del&gt;WICKET-5271&lt;/del&gt;&lt;/a&gt; generalize styles so junctions work for spans and anchors alike&lt;/p&gt;</comment>
                            <comment id="14954566" author="jira-bot" created="Tue, 13 Oct 2015 07:46:58 +0000">&lt;p&gt;Commit b0878a845114745d7eb9ed87e25b6f91dc55b70e in wicket's branch refs/heads/master from &lt;a href="https://issues.apache.org/jira/secure/ViewProfile.jspa?name=svenmeier" class="user-hover" rel="svenmeier"&gt;svenmeier&lt;/a&gt;&lt;br/&gt;
[ &lt;a href="https://git-wip-us.apache.org/repos/asf?p=wicket.git;h=b0878a8" class="external-link" target="_blank" rel="nofollow noopener"&gt;https://git-wip-us.apache.org/repos/asf?p=wicket.git;h=b0878a8&lt;/a&gt; ]&lt;/p&gt;

&lt;p&gt;&lt;a href="https://issues.apache.org/jira/browse/WICKET-5271" title="Wicket Tree rendering broken in 7.x" class="issue-link" data-issue-key="WICKET-5271"&gt;&lt;del&gt;WICKET-5271&lt;/del&gt;&lt;/a&gt; generalize styles so junctions work for spans and anchors alike&lt;/p&gt;</comment>
                            <comment id="14954569" author="svenmeier" created="Tue, 13 Oct 2015 07:47:38 +0000">&lt;p&gt;juctions styles are now generalized to work for anchor and span alike.&lt;/p&gt;</comment>
                            <comment id="14954925" author="rmartin7c" created="Tue, 13 Oct 2015 13:25:37 +0000">&lt;p&gt;Thank you!&lt;/p&gt;</comment>
                    </comments>
                <issuelinks>
                            <issuelinktype id="10030">
                    <name>Reference</name>
                                            <outwardlinks description="relates to">
                                        <issuelink>
            <issuekey id="12618574">WICKET-4904</issuekey>
        </issuelink>
                            </outwardlinks>
                                                        </issuelinktype>
                    </issuelinks>
                <attachments>
                    </attachments>
                <subtasks>
                    </subtasks>
                <customfields>
                                                                                                                                                                                                                                                                                                                                                                                                                                                                                                                                                                                                                                                                                                                    <customfield id="customfield_12314020" key="com.atlassian.jira.plugins.jira-development-integration-plugin:devsummary">
                        <customfieldname>Development</customfieldname>
                        <customfieldvalues>
                            
                        </customfieldvalues>
                    </customfield>
                                                                                                                        <customfield id="customfield_12313422" key="com.atlassian.jirafisheyeplugin:jobcheckbox">
                        <customfieldname>Enable Automatic Patch Review</customfieldname>
                        <customfieldvalues>
                            <customfieldvalue>false</customfieldvalue>

                        </customfieldvalues>
                    </customfield>
                                                                                                                                                                                                                                                                                                                                                                                                                                                                                                                                                                                                                    <customfield id="customfield_12310420" key="com.pyxis.greenhopper.jira:gh-global-rank">
                        <customfieldname>Global Rank</customfieldname>
                        <customfieldvalues>
                            <customfieldvalue>337271</customfieldvalue>
                        </customfieldvalues>
                    </customfield>
                                                                                                                                                                                                                                                                                                                                                                                                                                                                        <customfield id="customfield_12311820" key="com.pyxis.greenhopper.jira:gh-lexo-rank">
                        <customfieldname>Rank</customfieldname>
                        <customfieldvalues>
                            <customfieldvalue>0|i1m6b3:</customfieldvalue>

                        </customfieldvalues>
                    </customfield>
                                                                <customfield id="customfield_12310920" key="com.pyxis.greenhopper.jira:gh-global-rank">
                        <customfieldname>Rank (Obsolete)</customfieldname>
                        <customfieldvalues>
                            <customfieldvalue>337594</customfieldvalue>
                        </customfieldvalues>
                    </customfield>
                                                                                                                                                                                                                                                                                                                                                                                                                                                                                                                                                                                                                                                                                                                                                                                            </customfields>
    </item>


</channel>
</rss>