<rss version="0.92">
    <channel>
        <title>ASF JIRA</title>
        <link>https://issues.apache.org/jira/issues/?jql=project+%3D+wicket+and+type+%3D+bug+and+%28status+%3D+RESOLVED+or+status+%3D+closed%29</link>
        <description>An XML representation of a search request</description>
                <language>en-uk</language>
                        <issue start="0" end="1000" total="4133" />
                <build-info>
            <version>8.20.7</version>
            <build-number>820007</build-number>
            <build-date>16-03-2022</build-date>
        </build-info>

<item>
            <title>[WICKET-5965] Queuing a component in head</title>
                <link>https://issues.apache.org/jira/browse/WICKET-5965</link>
                <project id="12310561" key="WICKET">Wicket</project>
                    <description>&lt;p&gt;Queuing a component which is in the head section doesn't work :&lt;br/&gt;
&amp;lt;head&amp;gt;&lt;br/&gt;
	&amp;lt;meta charset="utf-8" /&amp;gt;&lt;br/&gt;
	&amp;lt;title wicket:id="titre"&amp;gt;Test&amp;lt;/title&amp;gt;&lt;br/&gt;
&amp;lt;/head&amp;gt;&lt;/p&gt;</description>
                <environment />
        <key id="12852982">WICKET-5965</key>
            <summary>Queuing a component in head</summary>
                <type id="1" iconUrl="https://issues.apache.org/jira/secure/viewavatar?size=xsmall&amp;avatarId=21133&amp;avatarType=issuetype">Bug</type>
                                            <priority id="3" iconUrl="https://issues.apache.org/jira/images/icons/priorities/major.svg">Major</priority>
                        <status id="6" iconUrl="https://issues.apache.org/jira/images/icons/statuses/closed.png" description="The issue is considered finished, the resolution is correct. Issues which are not closed can be reopened.">Closed</status>
                    <statusCategory id="3" key="done" colorName="green" />
                                    <resolution id="1">Fixed</resolution>
                                        <assignee username="bitstorm">Andrea Del Bene</assignee>
                                    <reporter username="darkvadaure">Palancher aur&#233;lien</reporter>
                        <labels>
                    </labels>
                <created>Fri, 7 Aug 2015 15:25:40 +0000</created>
                <updated>Sun, 23 Aug 2015 21:48:10 +0000</updated>
                            <resolved>Sun, 16 Aug 2015 20:55:43 +0000</resolved>
                                    <version>7.0.0</version>
                                    <fixVersion>7.1.0</fixVersion>
                                    <component>wicket</component>
                        <due />
                            <votes>0</votes>
                                    <watches>3</watches>
                                                                <comments>
                            <comment id="14662051" author="darkvadaure" created="Fri, 7 Aug 2015 16:20:58 +0000">&lt;p&gt;Attached QuickStart with a simple example&lt;/p&gt;</comment>
                            <comment id="14680722" author="darkvadaure" created="Mon, 10 Aug 2015 20:37:13 +0000">&lt;p&gt;added quickfix with markupcontainer.java in the app&lt;/p&gt;</comment>
                            <comment id="14698853" author="jira-bot" created="Sun, 16 Aug 2015 20:55:58 +0000">&lt;p&gt;Commit 31c885690722855242c6bc14b9afe59b4eb67830 in wicket's branch refs/heads/master from &lt;a href="https://issues.apache.org/jira/secure/ViewProfile.jspa?name=bitstorm" class="user-hover" rel="bitstorm"&gt;bitstorm&lt;/a&gt;&lt;br/&gt;
[ &lt;a href="https://git-wip-us.apache.org/repos/asf?p=wicket.git;h=31c8856" class="external-link" target="_blank" rel="nofollow noopener"&gt;https://git-wip-us.apache.org/repos/asf?p=wicket.git;h=31c8856&lt;/a&gt; ]&lt;/p&gt;

&lt;p&gt;&lt;a href="https://issues.apache.org/jira/browse/WICKET-5965" title="Queuing a component in head" class="issue-link" data-issue-key="WICKET-5965"&gt;&lt;del&gt;WICKET-5965&lt;/del&gt;&lt;/a&gt; Queuing a component in head&lt;/p&gt;</comment>
                            <comment id="14699122" author="darkvadaure" created="Mon, 17 Aug 2015 07:34:02 +0000">&lt;p&gt;great thx.&lt;br/&gt;
i've tested a special case : the title tag (with wicket component) within an enclosure (like in &lt;a href="https://issues.apache.org/jira/browse/WICKET-5964" title="Queuing a component within an enclosure" class="issue-link" data-issue-key="WICKET-5964"&gt;&lt;del&gt;WICKET-5964&lt;/del&gt;&lt;/a&gt;). The child is not found (same exception that i had in this 5965)&lt;br/&gt;
Ok that case will never be used but i just notice it.&lt;/p&gt;

&lt;p&gt;     &amp;lt;head&amp;gt;&lt;br/&gt;
		&amp;lt;wicket:enclosure&amp;gt;&lt;br/&gt;
		&amp;lt;title wicket:id="titre"&amp;gt;Apache Wicket Quickstart&amp;lt;/title&amp;gt;&lt;br/&gt;
		&amp;lt;/wicket:enclosure&amp;gt;&lt;br/&gt;
	&amp;lt;/head&amp;gt;&lt;/p&gt;

&lt;p&gt;org.apache.wicket.WicketRuntimeException: Could not find child with id: titre in the wicket:enclosure&lt;/p&gt;</comment>
                            <comment id="14708560" author="bitstorm" created="Sun, 23 Aug 2015 21:48:10 +0000">&lt;p&gt;Right, a wicket:enclosure would hide any child inside it. But as you said this is quite an unlikely use case.&lt;/p&gt;</comment>
                    </comments>
                    <attachments>
                            <attachment id="12749688" name="WicketQuickstartFix.war" size="3569170" author="darkvadaure" created="Mon, 10 Aug 2015 20:37:13 +0000" />
                    </attachments>
                <subtasks>
                    </subtasks>
                <customfields>
                                                                                                                                                                                                                                                                                                                                                                                                                                                                                                                                                                                                                                                                                                                    <customfield id="customfield_12314020" key="com.atlassian.jira.plugins.jira-development-integration-plugin:devsummary">
                        <customfieldname>Development</customfieldname>
                        <customfieldvalues>
                            
                        </customfieldvalues>
                    </customfield>
                                                                                                                        <customfield id="customfield_12313422" key="com.atlassian.jirafisheyeplugin:jobcheckbox">
                        <customfieldname>Enable Automatic Patch Review</customfieldname>
                        <customfieldvalues>
                            <customfieldvalue>false</customfieldvalue>

                        </customfieldvalues>
                    </customfield>
                                                                                                                                                                                                                                                                                                                                                                                                                                                                                                                                                                                                                    <customfield id="customfield_12310420" key="com.pyxis.greenhopper.jira:gh-global-rank">
                        <customfieldname>Global Rank</customfieldname>
                        <customfieldvalues>
                            <customfieldvalue>9223372036854775807</customfieldvalue>
                        </customfieldvalues>
                    </customfield>
                                                                                                                                                                                                                                                                                                                                                                                                                                                                        <customfield id="customfield_12311820" key="com.pyxis.greenhopper.jira:gh-lexo-rank">
                        <customfieldname>Rank</customfieldname>
                        <customfieldvalues>
                            <customfieldvalue>0|i2ih1b:</customfieldvalue>

                        </customfieldvalues>
                    </customfield>
                                                                <customfield id="customfield_12310920" key="com.pyxis.greenhopper.jira:gh-global-rank">
                        <customfieldname>Rank (Obsolete)</customfieldname>
                        <customfieldvalues>
                            <customfieldvalue>9223372036854775807</customfieldvalue>
                        </customfieldvalues>
                    </customfield>
                                                                                                                                                                                                                                                                                                                                                                                                                                                                                                                                                                                                                                                                                                                                                                                            </customfields>
    </item>


</channel>
</rss>