<rss version="0.92">
    <channel>
        <title>ASF JIRA</title>
        <link>https://issues.apache.org/jira/issues/?jql=project+%3D+wicket+and+type+%3D+bug+and+%28status+%3D+RESOLVED+or+status+%3D+closed%29</link>
        <description>An XML representation of a search request</description>
                <language>en-uk</language>
                        <issue start="0" end="1000" total="4133" />
                <build-info>
            <version>8.20.7</version>
            <build-number>820007</build-number>
            <build-date>16-03-2022</build-date>
        </build-info>

<item>
            <title>[WICKET-5813] AtmosphereBehavior - invalid callback URL</title>
                <link>https://issues.apache.org/jira/browse/WICKET-5813</link>
                <project id="12310561" key="WICKET">Wicket</project>
                    <description>&lt;p&gt;Inside AtmosphereBehavior method getCallbackUrl() return value is calculated as:&lt;/p&gt;
&lt;div class="code panel" style="border-width: 1px;"&gt;&lt;div class="codeContent panelContent"&gt;
&lt;pre class="code-java"&gt;&lt;span class="code-keyword"&gt;return&lt;/span&gt; &lt;span class="code-keyword"&gt;super&lt;/span&gt;.getCallbackUrl() + &lt;span class="code-quote"&gt;"&amp;amp;"&lt;/span&gt; + WebRequest.PARAM_AJAX + &lt;span class="code-quote"&gt;"=&lt;span class="code-keyword"&gt;true&lt;/span&gt;&amp;amp;"&lt;/span&gt; + WebRequest.PARAM_AJAX_BASE_URL + &lt;span class="code-quote"&gt;"=."&lt;/span&gt;;
&lt;/pre&gt;
&lt;/div&gt;&lt;/div&gt;

&lt;p&gt;Is it correct? When atmosphere update contains some resources (css,&lt;br/&gt;
js) their paths are invalid encoded because&lt;br/&gt;
WebRequest.PARAM_AJAX_BASE_URL is set to ".".&lt;br/&gt;
Maybe this parameter should be encoded the same way as in AbstractDefaultAjaxBehavior:&lt;/p&gt;
&lt;div class="code panel" style="border-width: 1px;"&gt;&lt;div class="codeContent panelContent"&gt;
&lt;pre class="code-java"&gt;RequestCycle requestCycle = component.getRequestCycle();
Url baseUrl = requestCycle.getUrlRenderer().getBaseUrl();
CharSequence ajaxBaseUrl = Strings.escapeMarkup(baseUrl.toString());
&lt;/pre&gt;
&lt;/div&gt;&lt;/div&gt;
&lt;p&gt;In my test case this solves a problem.&lt;/p&gt;</description>
                <environment />
        <key id="12768457">WICKET-5813</key>
            <summary>AtmosphereBehavior - invalid callback URL</summary>
                <type id="1" iconUrl="https://issues.apache.org/jira/secure/viewavatar?size=xsmall&amp;avatarId=21133&amp;avatarType=issuetype">Bug</type>
                                            <priority id="3" iconUrl="https://issues.apache.org/jira/images/icons/priorities/major.svg">Major</priority>
                        <status id="5" iconUrl="https://issues.apache.org/jira/images/icons/statuses/resolved.png" description="A resolution has been taken, and it is awaiting verification by reporter. From here issues are either reopened, or are closed.">Resolved</status>
                    <statusCategory id="3" key="done" colorName="green" />
                                    <resolution id="3">Duplicate</resolution>
                                        <assignee username="mgrigorov">Martin Tzvetanov Grigorov</assignee>
                                    <reporter username="interface">Daniel Stoch</reporter>
                        <labels>
                    </labels>
                <created>Mon, 19 Jan 2015 14:49:39 +0000</created>
                <updated>Mon, 19 Jan 2015 15:58:05 +0000</updated>
                            <resolved>Mon, 19 Jan 2015 15:58:05 +0000</resolved>
                                    <version>6.17.0</version>
                    <version>6.18.0</version>
                                                    <component>wicket-atmosphere</component>
                        <due />
                            <votes>0</votes>
                                    <watches>1</watches>
                                                                    <issuelinks>
                            <issuelinktype id="12310000">
                    <name>Duplicate</name>
                                            <outwardlinks description="duplicates">
                                        <issuelink>
            <issuekey id="12768449">WICKET-5812</issuekey>
        </issuelink>
                            </outwardlinks>
                                                        </issuelinktype>
                    </issuelinks>
                <attachments>
                    </attachments>
                <subtasks>
                    </subtasks>
                <customfields>
                                                                                                                                                                                                                                                                                                                                                                                                                                                                                                                                                                                                                                                                                                                    <customfield id="customfield_12314020" key="com.atlassian.jira.plugins.jira-development-integration-plugin:devsummary">
                        <customfieldname>Development</customfieldname>
                        <customfieldvalues>
                            
                        </customfieldvalues>
                    </customfield>
                                                                                                                        <customfield id="customfield_12313422" key="com.atlassian.jirafisheyeplugin:jobcheckbox">
                        <customfieldname>Enable Automatic Patch Review</customfieldname>
                        <customfieldvalues>
                            <customfieldvalue>false</customfieldvalue>

                        </customfieldvalues>
                    </customfield>
                                                                                                                                                                                                                                                                                                                                                                                                                                                                                                                                                                                                                    <customfield id="customfield_12310420" key="com.pyxis.greenhopper.jira:gh-global-rank">
                        <customfieldname>Global Rank</customfieldname>
                        <customfieldvalues>
                            <customfieldvalue>9223372036854775807</customfieldvalue>
                        </customfieldvalues>
                    </customfield>
                                                                                                                                                                                                                                                                                                                                                                                                                                                                        <customfield id="customfield_12311820" key="com.pyxis.greenhopper.jira:gh-lexo-rank">
                        <customfieldname>Rank</customfieldname>
                        <customfieldvalues>
                            <customfieldvalue>0|i24iy7:</customfieldvalue>

                        </customfieldvalues>
                    </customfield>
                                                                <customfield id="customfield_12310920" key="com.pyxis.greenhopper.jira:gh-global-rank">
                        <customfieldname>Rank (Obsolete)</customfieldname>
                        <customfieldvalues>
                            <customfieldvalue>9223372036854775807</customfieldvalue>
                        </customfieldvalues>
                    </customfield>
                                                                                                                                                                                                                                                                                                                                                                                                                                                                                                                                                                                                                                                                                                                                                                                            </customfields>
    </item>


</channel>
</rss>