<rss version="0.92">
    <channel>
        <title>ASF JIRA</title>
        <link>https://issues.apache.org/jira/issues/?jql=project+%3D+wicket+and+type+%3D+bug+and+%28status+%3D+RESOLVED+or+status+%3D+closed%29</link>
        <description>An XML representation of a search request</description>
                <language>en-uk</language>
                        <issue start="0" end="1000" total="4133" />
                <build-info>
            <version>8.20.7</version>
            <build-number>820007</build-number>
            <build-date>16-03-2022</build-date>
        </build-info>

<item>
            <title>[WICKET-5784] arraycopy with bad length in AbstractRequestLogger:172</title>
                <link>https://issues.apache.org/jira/browse/WICKET-5784</link>
                <project id="12310561" key="WICKET">Wicket</project>
                    <description>&lt;p&gt;When clicking on DebugBar org.apache.wicket.devutils.inspector.LiveSessionsPage NullPointerException is thrown.&lt;br/&gt;
After investigating the reason I think AbstractRequestLogger:172 arraycopy params cause it. &lt;br/&gt;
&lt;tt&gt;arraycopy(requestWindow, 0, copy, requestWindow.length - oldestPos, indexInWindow);&lt;/tt&gt;&lt;br/&gt;
Should be changed to:&lt;br/&gt;
&lt;tt&gt;arraycopy(requestWindow, 0, copy, requestWindow.length - oldestPos, oldestPos);&lt;/tt&gt;&lt;/p&gt;</description>
                <environment>6.17.0 with DebugBar from devutils on Tomcat 7, Java 7 (Oracle)</environment>
        <key id="12759714">WICKET-5784</key>
            <summary>arraycopy with bad length in AbstractRequestLogger:172</summary>
                <type id="1" iconUrl="https://issues.apache.org/jira/secure/viewavatar?size=xsmall&amp;avatarId=21133&amp;avatarType=issuetype">Bug</type>
                                            <priority id="4" iconUrl="https://issues.apache.org/jira/images/icons/priorities/minor.svg">Minor</priority>
                        <status id="5" iconUrl="https://issues.apache.org/jira/images/icons/statuses/resolved.png" description="A resolution has been taken, and it is awaiting verification by reporter. From here issues are either reopened, or are closed.">Resolved</status>
                    <statusCategory id="3" key="done" colorName="green" />
                                    <resolution id="1">Fixed</resolution>
                                        <assignee username="svenmeier">Sven Meier</assignee>
                                    <reporter username="honzik">Jan Cerny</reporter>
                        <labels>
                            <label>easyfix</label>
                            <label>patch</label>
                    </labels>
                <created>Fri, 5 Dec 2014 16:19:39 +0000</created>
                <updated>Fri, 5 Dec 2014 18:52:26 +0000</updated>
                            <resolved>Fri, 5 Dec 2014 18:52:26 +0000</resolved>
                                    <version>6.17.0</version>
                                    <fixVersion>7.0.0-M5</fixVersion>
                    <fixVersion>6.19.0</fixVersion>
                                    <component>wicket</component>
                    <component>wicket-devutils</component>
                        <due />
                            <votes>0</votes>
                                    <watches>3</watches>
                                                                <comments>
                            <comment id="14235869" author="jira-bot" created="Fri, 5 Dec 2014 18:41:40 +0000">&lt;p&gt;Commit 2a25390957d9151e6176830cb617f42d1f5680f3 in wicket's branch refs/heads/wicket-6.x from &lt;a href="https://issues.apache.org/jira/secure/ViewProfile.jspa?name=svenmeier" class="user-hover" rel="svenmeier"&gt;svenmeier&lt;/a&gt;&lt;br/&gt;
[ &lt;a href="https://git-wip-us.apache.org/repos/asf?p=wicket.git;h=2a25390" class="external-link" target="_blank" rel="nofollow noopener"&gt;https://git-wip-us.apache.org/repos/asf?p=wicket.git;h=2a25390&lt;/a&gt; ]&lt;/p&gt;

&lt;p&gt;&lt;a href="https://issues.apache.org/jira/browse/WICKET-5784" title="arraycopy with bad length in AbstractRequestLogger:172" class="issue-link" data-issue-key="WICKET-5784"&gt;&lt;del&gt;WICKET-5784&lt;/del&gt;&lt;/a&gt; fixed copying of requests&lt;/p&gt;</comment>
                            <comment id="14235877" author="jira-bot" created="Fri, 5 Dec 2014 18:46:28 +0000">&lt;p&gt;Commit b6259e5f3f028cf477eb36aa1a758790ccf3008b in wicket's branch refs/heads/master from &lt;a href="https://issues.apache.org/jira/secure/ViewProfile.jspa?name=svenmeier" class="user-hover" rel="svenmeier"&gt;svenmeier&lt;/a&gt;&lt;br/&gt;
[ &lt;a href="https://git-wip-us.apache.org/repos/asf?p=wicket.git;h=b6259e5" class="external-link" target="_blank" rel="nofollow noopener"&gt;https://git-wip-us.apache.org/repos/asf?p=wicket.git;h=b6259e5&lt;/a&gt; ]&lt;/p&gt;

&lt;p&gt;&lt;a href="https://issues.apache.org/jira/browse/WICKET-5784" title="arraycopy with bad length in AbstractRequestLogger:172" class="issue-link" data-issue-key="WICKET-5784"&gt;&lt;del&gt;WICKET-5784&lt;/del&gt;&lt;/a&gt; fixed copying of requests&lt;/p&gt;</comment>
                            <comment id="14235888" author="svenmeier" created="Fri, 5 Dec 2014 18:52:26 +0000">&lt;p&gt;The whole copying method was bogus.&lt;/p&gt;

&lt;p&gt;Thanks Jan!&lt;/p&gt;</comment>
                    </comments>
                    <attachments>
                    </attachments>
                <subtasks>
                    </subtasks>
                <customfields>
                                                                                                                                                                                                                                                                                                                                                                                                                                                                                                                                                                                                                                                                                                                    <customfield id="customfield_12314020" key="com.atlassian.jira.plugins.jira-development-integration-plugin:devsummary">
                        <customfieldname>Development</customfieldname>
                        <customfieldvalues>
                            
                        </customfieldvalues>
                    </customfield>
                                                                                                                        <customfield id="customfield_12313422" key="com.atlassian.jirafisheyeplugin:jobcheckbox">
                        <customfieldname>Enable Automatic Patch Review</customfieldname>
                        <customfieldvalues>
                            <customfieldvalue>false</customfieldvalue>

                        </customfieldvalues>
                    </customfield>
                                                                                                                                                                                                                                                                                                                                                                                                                                                                                                                                                                                                                    <customfield id="customfield_12310420" key="com.pyxis.greenhopper.jira:gh-global-rank">
                        <customfieldname>Global Rank</customfieldname>
                        <customfieldvalues>
                            <customfieldvalue>9223372036854775807</customfieldvalue>
                        </customfieldvalues>
                    </customfield>
                                                                                                                                                                                                                                                                                                                                                                                                                                                                        <customfield id="customfield_12311820" key="com.pyxis.greenhopper.jira:gh-lexo-rank">
                        <customfieldname>Rank</customfieldname>
                        <customfieldvalues>
                            <customfieldvalue>0|i233sf:</customfieldvalue>

                        </customfieldvalues>
                    </customfield>
                                                                <customfield id="customfield_12310920" key="com.pyxis.greenhopper.jira:gh-global-rank">
                        <customfieldname>Rank (Obsolete)</customfieldname>
                        <customfieldvalues>
                            <customfieldvalue>9223372036854775807</customfieldvalue>
                        </customfieldvalues>
                    </customfield>
                                                                                                                                                                                                                                                                                                                                                                                                                                                                                                                                                                                                                                                                                                                                                                                            </customfields>
    </item>


</channel>
</rss>