<rss version="0.92">
    <channel>
        <title>ASF JIRA</title>
        <link>https://issues.apache.org/jira/issues/?jql=project+%3D+wicket+and+type+%3D+bug+and+%28status+%3D+RESOLVED+or+status+%3D+closed%29</link>
        <description>An XML representation of a search request</description>
                <language>en-uk</language>
                        <issue start="0" end="1000" total="4133" />
                <build-info>
            <version>8.20.7</version>
            <build-number>820007</build-number>
            <build-date>16-03-2022</build-date>
        </build-info>

<item>
            <title>[WICKET-5876] wicket:for does not work if used after the referenced component</title>
                <link>https://issues.apache.org/jira/browse/WICKET-5876</link>
                <project id="12310561" key="WICKET">Wicket</project>
                    <description>&lt;p&gt;This code works as expected ("for" attribute of &amp;lt;label&amp;gt; is set to id of &amp;lt;input&amp;gt; and id of input is written to HTML):&lt;/p&gt;

&lt;p&gt;&amp;lt;label wicket:for="cb"&amp;gt;Label&amp;lt;/label&amp;gt; &amp;lt;input type="checkbox" wicket:id="cb"/&amp;gt;&lt;/p&gt;

&lt;p&gt;However if reversed, the id of the &amp;lt;input&amp;gt; is not written to the HTML and therefore the &amp;lt;label&amp;gt; does not work properly:&lt;/p&gt;

&lt;p&gt;&amp;lt;input type="checkbox" wicket:id="cb"/&amp;gt; &amp;lt;label wicket:for="cb"&amp;gt;Label&amp;lt;/label&amp;gt;&lt;/p&gt;

&lt;p&gt;My guess is that the AutoLabelResolver calls the getMarkupId method of the referenced FormComponent too late. A workaround is to call setOutputMarkupId explictily on the FormComponent.&lt;/p&gt;</description>
                <environment />
        <key id="12819690">WICKET-5876</key>
            <summary>wicket:for does not work if used after the referenced component</summary>
                <type id="1" iconUrl="https://issues.apache.org/jira/secure/viewavatar?size=xsmall&amp;avatarId=21133&amp;avatarType=issuetype">Bug</type>
                                            <priority id="4" iconUrl="https://issues.apache.org/jira/images/icons/priorities/minor.svg">Minor</priority>
                        <status id="5" iconUrl="https://issues.apache.org/jira/images/icons/statuses/resolved.png" description="A resolution has been taken, and it is awaiting verification by reporter. From here issues are either reopened, or are closed.">Resolved</status>
                    <statusCategory id="3" key="done" colorName="green" />
                                    <resolution id="8">Not A Problem</resolution>
                                        <assignee username="mgrigorov">Martin Tzvetanov Grigorov</assignee>
                                    <reporter username="aka">Andreas Kappler</reporter>
                        <labels>
                    </labels>
                <created>Thu, 9 Apr 2015 14:26:01 +0000</created>
                <updated>Wed, 15 Apr 2015 08:52:42 +0000</updated>
                            <resolved>Wed, 15 Apr 2015 08:52:42 +0000</resolved>
                                    <version>6.19.0</version>
                                                    <component>wicket</component>
                        <due />
                            <votes>0</votes>
                                    <watches>2</watches>
                                                                <comments>
                            <comment id="14487417" author="aka" created="Thu, 9 Apr 2015 14:26:26 +0000">&lt;p&gt;quickstart&lt;/p&gt;</comment>
                            <comment id="14487432" author="aka" created="Thu, 9 Apr 2015 14:40:18 +0000">&lt;p&gt;I just saw that wicket issues a warning in this case. I also do not see how the behavior could be improved.&lt;br/&gt;
Please close the ticket, sorry!&lt;/p&gt;</comment>
                            <comment id="14494836" author="mgrigorov" created="Tue, 14 Apr 2015 20:43:13 +0000">&lt;p&gt;I want to take a look before closing it.&lt;/p&gt;</comment>
                            <comment id="14495872" author="mgrigorov" created="Wed, 15 Apr 2015 08:52:42 +0000">&lt;p&gt;I also don't see how this could be improved.&lt;br/&gt;
The form component is already rendered when the AutoLabel is resolved and it is too late to set its outputMarkupId(true)&lt;/p&gt;</comment>
                    </comments>
                    <attachments>
                            <attachment id="12724225" name="myproject.tgz" size="19578" author="aka" created="Thu, 9 Apr 2015 14:26:26 +0000" />
                    </attachments>
                <subtasks>
                    </subtasks>
                <customfields>
                                                                                                                                                                                                                                                                                                                                                                                                                                                                                                                                                                                                                                                                                                                    <customfield id="customfield_12314020" key="com.atlassian.jira.plugins.jira-development-integration-plugin:devsummary">
                        <customfieldname>Development</customfieldname>
                        <customfieldvalues>
                            
                        </customfieldvalues>
                    </customfield>
                                                                                                                        <customfield id="customfield_12313422" key="com.atlassian.jirafisheyeplugin:jobcheckbox">
                        <customfieldname>Enable Automatic Patch Review</customfieldname>
                        <customfieldvalues>
                            <customfieldvalue>false</customfieldvalue>

                        </customfieldvalues>
                    </customfield>
                                                                                                                                                                                                                                                                                                                                                                                                                                                                                                                                                                                                                    <customfield id="customfield_12310420" key="com.pyxis.greenhopper.jira:gh-global-rank">
                        <customfieldname>Global Rank</customfieldname>
                        <customfieldvalues>
                            <customfieldvalue>9223372036854775807</customfieldvalue>
                        </customfieldvalues>
                    </customfield>
                                                                                                                                                                                                                                                                                                                                                                                                                                                                        <customfield id="customfield_12311820" key="com.pyxis.greenhopper.jira:gh-lexo-rank">
                        <customfieldname>Rank</customfieldname>
                        <customfieldvalues>
                            <customfieldvalue>0|i2d1af:</customfieldvalue>

                        </customfieldvalues>
                    </customfield>
                                                                <customfield id="customfield_12310920" key="com.pyxis.greenhopper.jira:gh-global-rank">
                        <customfieldname>Rank (Obsolete)</customfieldname>
                        <customfieldvalues>
                            <customfieldvalue>9223372036854775807</customfieldvalue>
                        </customfieldvalues>
                    </customfield>
                                                                                                                                                                                                                                                                                                                                                                                                                                                                                                                                                                                                                                                                                                                                                                                            </customfields>
    </item>


</channel>
</rss>