<rss version="0.92">
    <channel>
        <title>ASF JIRA</title>
        <link>https://issues.apache.org/jira/issues/?jql=project+%3D+wicket+and+type+%3D+bug+and+%28status+%3D+RESOLVED+or+status+%3D+closed%29</link>
        <description>An XML representation of a search request</description>
                <language>en-uk</language>
                        <issue start="0" end="1000" total="4133" />
                <build-info>
            <version>8.20.7</version>
            <build-number>820007</build-number>
            <build-date>16-03-2022</build-date>
        </build-info>

<item>
            <title>[WICKET-5154] Positioning of autocomplete popup does not take into account borders</title>
                <link>https://issues.apache.org/jira/browse/WICKET-5154</link>
                <project id="12310561" key="WICKET">Wicket</project>
                    <description>&lt;p&gt;In wicket-autocomplete.js function getPosition() is used to compute the position of the input that the autocomplete is attached to. It uses the offsetTop and offsetLeft DOM properties, which does not take the borders into account. This causes the popup to be misplaced in all three browsers I have tested: IE9, Firefox 16 and Chrome 22.&lt;/p&gt;

&lt;p&gt;A possible solution is to take the (non-standard) clientTop and clientLeft properties into account, too.&lt;/p&gt;</description>
                <environment />
        <key id="12644348">WICKET-5154</key>
            <summary>Positioning of autocomplete popup does not take into account borders</summary>
                <type id="1" iconUrl="https://issues.apache.org/jira/secure/viewavatar?size=xsmall&amp;avatarId=21133&amp;avatarType=issuetype">Bug</type>
                                            <priority id="3" iconUrl="https://issues.apache.org/jira/images/icons/priorities/major.svg">Major</priority>
                        <status id="5" iconUrl="https://issues.apache.org/jira/images/icons/statuses/resolved.png" description="A resolution has been taken, and it is awaiting verification by reporter. From here issues are either reopened, or are closed.">Resolved</status>
                    <statusCategory id="3" key="done" colorName="green" />
                                    <resolution id="1">Fixed</resolution>
                                        <assignee username="mgrigorov">Martin Tzvetanov Grigorov</assignee>
                                    <reporter username="0xabadea">Andrei Badea</reporter>
                        <labels>
                    </labels>
                <created>Wed, 24 Apr 2013 12:44:09 +0000</created>
                <updated>Fri, 26 Apr 2013 15:25:12 +0000</updated>
                            <resolved>Fri, 26 Apr 2013 15:25:12 +0000</resolved>
                                    <version>6.6.0</version>
                                    <fixVersion>6.8.0</fixVersion>
                                    <component>wicket-extensions</component>
                        <due />
                            <votes>0</votes>
                                    <watches>2</watches>
                                                                <comments>
                            <comment id="13640392" author="0xabadea" created="Wed, 24 Apr 2013 12:46:32 +0000">&lt;p&gt;Attaching a HTML file that helps to reproduce the problem. Display in browser and, using Firebug or the Chrome Dev Tools, display the clientLeft and offsetLeft DOM properties of the td element that contains "Test".&lt;/p&gt;</comment>
                            <comment id="13640393" author="0xabadea" created="Wed, 24 Apr 2013 12:47:59 +0000">&lt;p&gt;I can provide a patch for the clientTop/clientLeft solution if wanted. Since this has the potential of breaking other users due to browser bugs, should there be a new setting for it in AutoCompleteSettings?&lt;/p&gt;</comment>
                            <comment id="13640397" author="mgrigorov" created="Wed, 24 Apr 2013 12:52:14 +0000">&lt;p&gt;Yes. A new setting will make it easier for applications in production to adapt.&lt;/p&gt;

&lt;p&gt;By the way, you may want to check &lt;a href="https://github.com/ivaynberg/wicket-select2" class="external-link" target="_blank" rel="nofollow noopener"&gt;https://github.com/ivaynberg/wicket-select2&lt;/a&gt;. More and more people use this component.&lt;/p&gt;</comment>
                            <comment id="13640548" author="0xabadea" created="Wed, 24 Apr 2013 15:50:03 +0000">&lt;p&gt;Proposed fix&lt;/p&gt;</comment>
                            <comment id="13640569" author="0xabadea" created="Wed, 24 Apr 2013 15:59:26 +0000">&lt;p&gt;Thanks for the mention of select2. It looks interesting (and visually much more pleasant), but I'll have to have a closer look at it.&lt;/p&gt;

&lt;p&gt;The attached patch introduces a new flag to AutoCompleteSettings, called ignoreBordersWhenPositioning. For backward compatibility it is set to true. When set to false, it includes clientLeft and clientTop in position computations. This computes the position of the input field correctly in IE9+, Firefox 16 and Chrome 22. In IE8 (and, presumably, earlier) it does not: the offsetLeft and offsetTop properties of the input field seem to already contain the borders of the input field's parent element.&lt;/p&gt;

&lt;p&gt;What's the preferred Wicket approach in these situations? Should I try to detect the browser and avoid including the borders even though the user asked to include them? Or should we expect the user to set the ignoreBordersWhenPositioning flag according to the browser vendor and version? I will note that the former might still not yield the expected results, because I don't fully understand the IE bug.&lt;/p&gt;</comment>
                            <comment id="13642951" author="mgrigorov" created="Fri, 26 Apr 2013 15:25:12 +0000">&lt;p&gt;Thanks for the patch, Andrei!&lt;/p&gt;</comment>
                    </comments>
                    <attachments>
                            <attachment id="12580281" name="test.html" size="316" author="0xabadea" created="Wed, 24 Apr 2013 12:46:32 +0000" />
                            <attachment id="12580297" name="wicket-5154.diff" size="4880" author="0xabadea" created="Wed, 24 Apr 2013 15:50:03 +0000" />
                    </attachments>
                <subtasks>
                    </subtasks>
                <customfields>
                                                                                                                                                                                                                                                                                                                                                                                                                                                                                                                                                                                                                                                                                                                    <customfield id="customfield_12314020" key="com.atlassian.jira.plugins.jira-development-integration-plugin:devsummary">
                        <customfieldname>Development</customfieldname>
                        <customfieldvalues>
                            
                        </customfieldvalues>
                    </customfield>
                                                                                                                        <customfield id="customfield_12313422" key="com.atlassian.jirafisheyeplugin:jobcheckbox">
                        <customfieldname>Enable Automatic Patch Review</customfieldname>
                        <customfieldvalues>
                            <customfieldvalue>false</customfieldvalue>

                        </customfieldvalues>
                    </customfield>
                                                                                                                                                                                                                                                                                                                                                                                                                                                                                                                                                                                                                    <customfield id="customfield_12310420" key="com.pyxis.greenhopper.jira:gh-global-rank">
                        <customfieldname>Global Rank</customfieldname>
                        <customfieldvalues>
                            <customfieldvalue>324715</customfieldvalue>
                        </customfieldvalues>
                    </customfield>
                                                                                                                                                                                                                                                                                                                                                                                                                                                                        <customfield id="customfield_12311820" key="com.pyxis.greenhopper.jira:gh-lexo-rank">
                        <customfieldname>Rank</customfieldname>
                        <customfieldvalues>
                            <customfieldvalue>0|i1k0sv:</customfieldvalue>

                        </customfieldvalues>
                    </customfield>
                                                                <customfield id="customfield_12310920" key="com.pyxis.greenhopper.jira:gh-global-rank">
                        <customfieldname>Rank (Obsolete)</customfieldname>
                        <customfieldvalues>
                            <customfieldvalue>325060</customfieldvalue>
                        </customfieldvalues>
                    </customfield>
                                                                                                                                                                                                                                                                                                                                                                                                                                                                                                                                                                                                                                                                                                                                                                                            </customfields>
    </item>


</channel>
</rss>