<rss version="0.92">
    <channel>
        <title>ASF JIRA</title>
        <link>https://issues.apache.org/jira/issues/?jql=project+%3D+wicket+and+type+%3D+bug+and+%28status+%3D+RESOLVED+or+status+%3D+closed%29</link>
        <description>An XML representation of a search request</description>
                <language>en-uk</language>
                        <issue start="0" end="1000" total="4133" />
                <build-info>
            <version>8.20.7</version>
            <build-number>820007</build-number>
            <build-date>16-03-2022</build-date>
        </build-info>

<item>
            <title>[WICKET-5278] Wicket:enclosure and UTF-8 encoding issue</title>
                <link>https://issues.apache.org/jira/browse/WICKET-5278</link>
                <project id="12310561" key="WICKET">Wicket</project>
                    <description>&lt;p&gt;I encounter an issue using wicket:enclosure and utf-8 characters inside enclosures using html tags with wicket:enclosure attribute. If I use wicket:enclosure tag, everything looks fine.&lt;/p&gt;

&lt;p&gt;For instance:&lt;br/&gt;
1) using wicket:enclosure attribute:&lt;br/&gt;
    &amp;lt;p wicket:enclosure="aLink"&amp;gt;&#233;&#233;&#233;&#233;&amp;lt;br /&amp;gt;&lt;br/&gt;
        &amp;lt;a wicket:id="aLink"&amp;gt;&#233;&#233;&#233;&amp;lt;/a&amp;gt;&lt;br/&gt;
    &amp;lt;/p&amp;gt;&lt;/p&gt;

&lt;p&gt;2) using wicket:enclosure tag:&lt;br/&gt;
    &amp;lt;wicket:enclosure child="aLink"&amp;gt;&lt;br/&gt;
        &amp;lt;p&amp;gt;&#233;&#233;&#233;&#233;&amp;lt;br /&amp;gt;&amp;lt;a wicket:id="aLink"&amp;gt;&#233;&#233;&#233;&amp;lt;/a&amp;gt;&amp;lt;/p&amp;gt;&lt;br/&gt;
    &amp;lt;/wicket:enclosure&amp;gt;&lt;/p&gt;

&lt;p&gt;In the first case, I get question marks instead of "&#233;". In the second case, everything is fine.&lt;/p&gt;

&lt;p&gt;This only happens when JVM default character set is different from my application encoding, in my case, JVM default charset is US-ASCII.&lt;/p&gt;

&lt;p&gt;Encoding is configured in sun-web.xml (Glassfish) and Application#init() :&lt;/p&gt;
&lt;ul&gt;
	&lt;li&gt;&amp;lt;parameter-encoding default-charset="UTF-8" /&amp;gt;&lt;/li&gt;
	&lt;li&gt;getMarkupSettings().setDefaultMarkupEncoding("UTF-8");&lt;/li&gt;
&lt;/ul&gt;


&lt;p&gt;I think this bug is a duplicate of closed issue &lt;a href="https://issues.apache.org/jira/browse/WICKET-4974" title="wicket enclosure ruins utf-8 characters inside raw markup" class="issue-link" data-issue-key="WICKET-4974"&gt;&lt;del&gt;WICKET-4974&lt;/del&gt;&lt;/a&gt;.&lt;/p&gt;</description>
                <environment />
        <key id="12658270">WICKET-5278</key>
            <summary>Wicket:enclosure and UTF-8 encoding issue</summary>
                <type id="1" iconUrl="https://issues.apache.org/jira/secure/viewavatar?size=xsmall&amp;avatarId=21133&amp;avatarType=issuetype">Bug</type>
                                            <priority id="4" iconUrl="https://issues.apache.org/jira/images/icons/priorities/minor.svg">Minor</priority>
                        <status id="6" iconUrl="https://issues.apache.org/jira/images/icons/statuses/closed.png" description="The issue is considered finished, the resolution is correct. Issues which are not closed can be reopened.">Closed</status>
                    <statusCategory id="3" key="done" colorName="green" />
                                    <resolution id="6">Invalid</resolution>
                                        <assignee username="svenmeier">Sven Meier</assignee>
                                    <reporter username="ssssteffff">St&#233;phane Kahn</reporter>
                        <labels>
                    </labels>
                <created>Wed, 17 Jul 2013 15:16:18 +0000</created>
                <updated>Thu, 18 Jul 2013 08:14:19 +0000</updated>
                            <resolved>Thu, 18 Jul 2013 08:14:19 +0000</resolved>
                                    <version>6.4.0</version>
                                                    <component>wicket</component>
                        <due />
                            <votes>0</votes>
                                    <watches>2</watches>
                                                                <comments>
                            <comment id="13711168" author="ssssteffff" created="Wed, 17 Jul 2013 15:21:55 +0000">&lt;p&gt;First use case (TestPage) : wicket:enclosure attribute, encoding issue&lt;br/&gt;
Second use case (TestPage2) : wicket:enclosure tag, no encoding issue&lt;/p&gt;</comment>
                            <comment id="13711580" author="svenmeier" created="Wed, 17 Jul 2013 20:35:13 +0000">&lt;p&gt;Since &lt;a href="https://issues.apache.org/jira/browse/WICKET-5085" title="InlineEnclosure are piling up on each render" class="issue-link" data-issue-key="WICKET-5085"&gt;&lt;del&gt;WICKET-5085&lt;/del&gt;&lt;/a&gt; InlineEnclosure no longer caches its markup, please try out Wicket 6.9.0.&lt;/p&gt;</comment>
                            <comment id="13711653" author="ssssteffff" created="Wed, 17 Jul 2013 21:33:02 +0000">&lt;p&gt;I tried out Wicket 6.9.1, and it's OK. Thank you.&lt;/p&gt;</comment>
                            <comment id="13712120" author="svenmeier" created="Thu, 18 Jul 2013 08:14:19 +0000">&lt;p&gt;The problem is no longer present in 6.9.1&lt;/p&gt;</comment>
                    </comments>
                <issuelinks>
                            <issuelinktype id="10030">
                    <name>Reference</name>
                                                                <inwardlinks description="is related to">
                                        <issuelink>
            <issuekey id="12627446">WICKET-4974</issuekey>
        </issuelink>
                            </inwardlinks>
                                    </issuelinktype>
                    </issuelinks>
                <attachments>
                            <attachment id="12592779" name="wicket-encoding.zip" size="1581" author="ssssteffff" created="Wed, 17 Jul 2013 15:21:55 +0000" />
                    </attachments>
                <subtasks>
                    </subtasks>
                <customfields>
                                                                                                                                                                                                                                                                                                                                                                                                                                                                                                                                                                                                                                                                                                                    <customfield id="customfield_12314020" key="com.atlassian.jira.plugins.jira-development-integration-plugin:devsummary">
                        <customfieldname>Development</customfieldname>
                        <customfieldvalues>
                            
                        </customfieldvalues>
                    </customfield>
                                                                                                                        <customfield id="customfield_12313422" key="com.atlassian.jirafisheyeplugin:jobcheckbox">
                        <customfieldname>Enable Automatic Patch Review</customfieldname>
                        <customfieldvalues>
                            <customfieldvalue>false</customfieldvalue>

                        </customfieldvalues>
                    </customfield>
                                                                                                                                                                                                                                                                                                                                                                                                                                                                                                                                                                                                                    <customfield id="customfield_12310420" key="com.pyxis.greenhopper.jira:gh-global-rank">
                        <customfieldname>Global Rank</customfieldname>
                        <customfieldvalues>
                            <customfieldvalue>338464</customfieldvalue>
                        </customfieldvalues>
                    </customfield>
                                                                                                                                                                                                                                                                                                                                                                                                                                                                        <customfield id="customfield_12311820" key="com.pyxis.greenhopper.jira:gh-lexo-rank">
                        <customfieldname>Rank</customfieldname>
                        <customfieldvalues>
                            <customfieldvalue>0|i1mdn3:</customfieldvalue>

                        </customfieldvalues>
                    </customfield>
                                                                <customfield id="customfield_12310920" key="com.pyxis.greenhopper.jira:gh-global-rank">
                        <customfieldname>Rank (Obsolete)</customfieldname>
                        <customfieldvalues>
                            <customfieldvalue>338784</customfieldvalue>
                        </customfieldvalues>
                    </customfield>
                                                                                                                                                                                                                                                                                                                                                                                                                                                                                                                                                                                                                                                                                                                                                                                            </customfields>
    </item>


</channel>
</rss>