<rss version="0.92">
    <channel>
        <title>ASF JIRA</title>
        <link>https://issues.apache.org/jira/issues/?jql=project+%3D+wicket+and+type+%3D+bug+and+%28status+%3D+RESOLVED+or+status+%3D+closed%29</link>
        <description>An XML representation of a search request</description>
                <language>en-uk</language>
                        <issue start="0" end="1000" total="4133" />
                <build-info>
            <version>8.20.7</version>
            <build-number>820007</build-number>
            <build-date>16-03-2022</build-date>
        </build-info>

<item>
            <title>[WICKET-5551] Image from DynamicImageResource is not generated</title>
                <link>https://issues.apache.org/jira/browse/WICKET-5551</link>
                <project id="12310561" key="WICKET">Wicket</project>
                    <description>&lt;p&gt;Wicket 6.14.0 is not creating a dynamic image: the method getImageData is not being called. Example:&lt;/p&gt;

&lt;p&gt;public class AnImage extends NonCachingImage {&lt;/p&gt;

&lt;p&gt;	private static final long serialVersionUID = 276945146796994753L;&lt;/p&gt;

&lt;p&gt;	public AnImage(final String id) {&lt;br/&gt;
		super(id);&lt;br/&gt;
		setImageResource(new DynamicImageResource() {&lt;br/&gt;
			private static final long serialVersionUID = 6952266992014253487L;&lt;/p&gt;

&lt;p&gt;			@Override&lt;br/&gt;
			protected byte[] getImageData(final Attributes att) {&lt;br/&gt;
				final ByteArrayOutputStream os = new ByteArrayOutputStream();&lt;br/&gt;
				try &lt;/p&gt;
{
					final BufferedImage image = loadImage...
					ImageIO.write(image, "PNG", os);
					setLastModifiedTime(Time.now());
					return os.toByteArray();
				}
&lt;p&gt; catch (final IOException e) &lt;/p&gt;
{
					throw new RuntimeException(e);
				}
&lt;p&gt;			}&lt;br/&gt;
		});&lt;br/&gt;
	}&lt;br/&gt;
	...&lt;/p&gt;

&lt;p&gt;It works fine in Wicket 6.3.0&lt;/p&gt;</description>
                <environment>JRE 1.7.0_25</environment>
        <key id="12706440">WICKET-5551</key>
            <summary>Image from DynamicImageResource is not generated</summary>
                <type id="1" iconUrl="https://issues.apache.org/jira/secure/viewavatar?size=xsmall&amp;avatarId=21133&amp;avatarType=issuetype">Bug</type>
                                            <priority id="3" iconUrl="https://issues.apache.org/jira/images/icons/priorities/major.svg">Major</priority>
                        <status id="5" iconUrl="https://issues.apache.org/jira/images/icons/statuses/resolved.png" description="A resolution has been taken, and it is awaiting verification by reporter. From here issues are either reopened, or are closed.">Resolved</status>
                    <statusCategory id="3" key="done" colorName="green" />
                                    <resolution id="5">Cannot Reproduce</resolution>
                                        <assignee username="-1">Unassigned</assignee>
                                    <reporter username="sscialabba">Sebastian Scialabba</reporter>
                        <labels>
                    </labels>
                <created>Thu, 3 Apr 2014 14:59:40 +0000</created>
                <updated>Thu, 3 Apr 2014 15:49:29 +0000</updated>
                            <resolved>Thu, 3 Apr 2014 15:49:29 +0000</resolved>
                                    <version>6.14.0</version>
                                                    <component>wicket</component>
                        <due />
                            <votes>0</votes>
                                    <watches>2</watches>
                                                                <comments>
                            <comment id="13958873" author="mgrigorov" created="Thu, 3 Apr 2014 15:04:08 +0000">&lt;p&gt;Please provide a proper quickstart application (&lt;a href="http://wicket.apache.org/start/quickstart.html" class="external-link" target="_blank" rel="nofollow noopener"&gt;http://wicket.apache.org/start/quickstart.html&lt;/a&gt;) so we can debug it.&lt;br/&gt;
Thanks!&lt;/p&gt;</comment>
                            <comment id="13958898" author="sscialabba" created="Thu, 3 Apr 2014 15:47:00 +0000">&lt;p&gt;I'm sorry, this works properly on a quickstart project.&lt;/p&gt;</comment>
                    </comments>
                    <attachments>
                    </attachments>
                <subtasks>
                    </subtasks>
                <customfields>
                                                                                                                                                                                                                                                                                                                                                                                                                                                                                                                                                                                                                                                                                                                    <customfield id="customfield_12314020" key="com.atlassian.jira.plugins.jira-development-integration-plugin:devsummary">
                        <customfieldname>Development</customfieldname>
                        <customfieldvalues>
                            
                        </customfieldvalues>
                    </customfield>
                                                                                                                        <customfield id="customfield_12313422" key="com.atlassian.jirafisheyeplugin:jobcheckbox">
                        <customfieldname>Enable Automatic Patch Review</customfieldname>
                        <customfieldvalues>
                            <customfieldvalue>false</customfieldvalue>

                        </customfieldvalues>
                    </customfield>
                                                                                                                                                                                                                                                                                                                                                                                                                                                                                                                                                                                                                    <customfield id="customfield_12310420" key="com.pyxis.greenhopper.jira:gh-global-rank">
                        <customfieldname>Global Rank</customfieldname>
                        <customfieldvalues>
                            <customfieldvalue>384763</customfieldvalue>
                        </customfieldvalues>
                    </customfield>
                                                                                                                                                                                                                                                                                                                                                                                                                                                                        <customfield id="customfield_12311820" key="com.pyxis.greenhopper.jira:gh-lexo-rank">
                        <customfieldname>Rank</customfieldname>
                        <customfieldvalues>
                            <customfieldvalue>0|i1uaa7:</customfieldvalue>

                        </customfieldvalues>
                    </customfield>
                                                                <customfield id="customfield_12310920" key="com.pyxis.greenhopper.jira:gh-global-rank">
                        <customfieldname>Rank (Obsolete)</customfieldname>
                        <customfieldvalues>
                            <customfieldvalue>385030</customfieldvalue>
                        </customfieldvalues>
                    </customfield>
                                                                                                                                                                                                                                                                                                                                                                                                                                                                                                                                                                                                                                                                                                                                                                                            </customfields>
    </item>


</channel>
</rss>