<rss version="0.92">
    <channel>
        <title>ASF JIRA</title>
        <link>https://issues.apache.org/jira/issues/?jql=project+%3D+wicket+and+type+%3D+bug+and+%28status+%3D+RESOLVED+or+status+%3D+closed%29</link>
        <description>An XML representation of a search request</description>
                <language>en-uk</language>
                        <issue start="0" end="1000" total="4133" />
                <build-info>
            <version>8.20.7</version>
            <build-number>820007</build-number>
            <build-date>16-03-2022</build-date>
        </build-info>

<item>
            <title>[WICKET-5854] DateTextField doesn't work </title>
                <link>https://issues.apache.org/jira/browse/WICKET-5854</link>
                <project id="12310561" key="WICKET">Wicket</project>
                    <description>&lt;p&gt;On our site we have DateTextFields working together with AjaxSubmitLinks. Everything was working well until we started to run some tests on windows platform.&lt;br/&gt;
When we tried to submit the form, the buttons didn't perform any action. They didn't show javascript problem neither. They just didn't work.&lt;br/&gt;
We performed those tests on Windows 7 and we had problems on the following browsers:&lt;/p&gt;

&lt;p&gt;Firefox versions 35.0.1, 36.0 and 36.0.1.&lt;br/&gt;
Chrome 41.0.2272.76.&lt;/p&gt;

&lt;p&gt;Let us know if you have any question or need extra information.&lt;/p&gt;

&lt;p&gt;Thanks in advance.&lt;/p&gt;

&lt;p&gt;Best regards.&lt;/p&gt;</description>
                <environment />
        <key id="12780500">WICKET-5854</key>
            <summary>DateTextField doesn't work </summary>
                <type id="1" iconUrl="https://issues.apache.org/jira/secure/viewavatar?size=xsmall&amp;avatarId=21133&amp;avatarType=issuetype">Bug</type>
                                            <priority id="3" iconUrl="https://issues.apache.org/jira/images/icons/priorities/major.svg">Major</priority>
                        <status id="5" iconUrl="https://issues.apache.org/jira/images/icons/statuses/resolved.png" description="A resolution has been taken, and it is awaiting verification by reporter. From here issues are either reopened, or are closed.">Resolved</status>
                    <statusCategory id="3" key="done" colorName="green" />
                                    <resolution id="5">Cannot Reproduce</resolution>
                                        <assignee username="-1">Unassigned</assignee>
                                    <reporter username="mmogrovejo">Marcelo Mogrovejo</reporter>
                        <labels>
                    </labels>
                <created>Mon, 9 Mar 2015 13:53:38 +0000</created>
                <updated>Mon, 9 Mar 2015 22:20:10 +0000</updated>
                            <resolved>Mon, 9 Mar 2015 22:20:10 +0000</resolved>
                                    <version>6.17.0</version>
                                                    <component>wicket</component>
                        <due />
                            <votes>0</votes>
                                    <watches>2</watches>
                                                                <comments>
                            <comment id="14352993" author="mgrigorov" created="Mon, 9 Mar 2015 13:56:39 +0000">&lt;p&gt;Does &lt;a href="http://www.wicket-library.com/wicket-examples-6.0.x/dates/" class="external-link" target="_blank" rel="nofollow noopener"&gt;http://www.wicket-library.com/wicket-examples-6.0.x/dates/&lt;/a&gt; work ?&lt;/p&gt;</comment>
                            <comment id="14353014" author="mmogrovejo" created="Mon, 9 Mar 2015 14:11:40 +0000">&lt;p&gt;Hello Martin,&lt;/p&gt;

&lt;p&gt;thanks for your quickly answer. I have already check the url you sent me &lt;br/&gt;
on the browsers which our application fails and the submits buttons work &lt;br/&gt;
well. Could you please give me some explanations about that?&lt;/p&gt;

&lt;p&gt;Thanks!&lt;/p&gt;

&lt;p&gt;Best regards.&lt;/p&gt;


&lt;p&gt;&amp;#8211;&lt;br/&gt;
Marcelo Mogrovejo&lt;/p&gt;

</comment>
                            <comment id="14353756" author="mgrigorov" created="Mon, 9 Mar 2015 22:20:03 +0000">&lt;p&gt;This means there is some error in your code.&lt;br/&gt;
Compare it against the code used in wicket-examples project.&lt;br/&gt;
If you are not able to find the problem then please try to isolate it in a quickstart application and attach it here with detailed steps how to reproduce.&lt;br/&gt;
I'll close the ticket now. We will reopen it if you find a problem or when you attach a quickstart.&lt;/p&gt;</comment>
                    </comments>
                    <attachments>
                    </attachments>
                <subtasks>
                    </subtasks>
                <customfields>
                                                                                                                                                                                                                                                                                                                                                                                                                                                                                                                                                                                                                                                                                                                    <customfield id="customfield_12314020" key="com.atlassian.jira.plugins.jira-development-integration-plugin:devsummary">
                        <customfieldname>Development</customfieldname>
                        <customfieldvalues>
                            
                        </customfieldvalues>
                    </customfield>
                                                                                                                        <customfield id="customfield_12313422" key="com.atlassian.jirafisheyeplugin:jobcheckbox">
                        <customfieldname>Enable Automatic Patch Review</customfieldname>
                        <customfieldvalues>
                            <customfieldvalue>false</customfieldvalue>

                        </customfieldvalues>
                    </customfield>
                                                                                                                                                                                                                                                                                                                                                                                                                                                                                                                                                                                                                    <customfield id="customfield_12310420" key="com.pyxis.greenhopper.jira:gh-global-rank">
                        <customfieldname>Global Rank</customfieldname>
                        <customfieldvalues>
                            <customfieldvalue>9223372036854775807</customfieldvalue>
                        </customfieldvalues>
                    </customfield>
                                                                                                                                                                                                                                                                                                                                                                                                                                                                        <customfield id="customfield_12311820" key="com.pyxis.greenhopper.jira:gh-lexo-rank">
                        <customfieldname>Rank</customfieldname>
                        <customfieldvalues>
                            <customfieldvalue>0|i26iqf:</customfieldvalue>

                        </customfieldvalues>
                    </customfield>
                                                                <customfield id="customfield_12310920" key="com.pyxis.greenhopper.jira:gh-global-rank">
                        <customfieldname>Rank (Obsolete)</customfieldname>
                        <customfieldvalues>
                            <customfieldvalue>9223372036854775807</customfieldvalue>
                        </customfieldvalues>
                    </customfield>
                                                                                                                                                                                                                                                                                                                                                                                                                                                                                                                                                                                                                                                                                                                                                                                            </customfields>
    </item>


</channel>
</rss>