<rss version="0.92">
    <channel>
        <title>ASF JIRA</title>
        <link>https://issues.apache.org/jira/issues/?jql=project+%3D+wicket+and+type+%3D+bug+and+%28status+%3D+RESOLVED+or+status+%3D+closed%29</link>
        <description>An XML representation of a search request</description>
                <language>en-uk</language>
                        <issue start="0" end="1000" total="4133" />
                <build-info>
            <version>8.20.7</version>
            <build-number>820007</build-number>
            <build-date>16-03-2022</build-date>
        </build-info>

<item>
            <title>[WICKET-5681] AbstractBookmarkableMapper sets pageParams to null, might be invalid</title>
                <link>https://issues.apache.org/jira/browse/WICKET-5681</link>
                <project id="12310561" key="WICKET">Wicket</project>
                    <description>&lt;p&gt;When adding query params like ?4-1.IFormSubmitListener-xyz to a wicket page expecting path params, AbstractBookmarkableMapper sets all pageParams to null, but this leads to weird behavior for path params.&lt;/p&gt;

&lt;p&gt;See quickstart at &lt;a href="https://github.com/tkruse/pageparams" class="external-link" target="_blank" rel="nofollow noopener"&gt;https://github.com/tkruse/pageparams&lt;/a&gt;&lt;/p&gt;

&lt;p&gt;When opening the page with&lt;br/&gt;
&lt;a href="http://localhost:8080/home/foo/bar" class="external-link" target="_blank" rel="nofollow noopener"&gt;http://localhost:8080/home/foo/bar&lt;/a&gt;&lt;br/&gt;
Then Page content says "foo bar." as required.&lt;/p&gt;

&lt;p&gt;When opening the same page with&lt;br/&gt;
&lt;a href="http://localhost:8080/home/foo/bar?4-1.IFormSubmitListener-xyz" class="external-link" target="_blank" rel="nofollow noopener"&gt;http://localhost:8080/home/foo/bar?4-1.IFormSubmitListener-xyz&lt;/a&gt;&lt;br/&gt;
Then Page content says "null null."&lt;/p&gt;

&lt;p&gt;This is an unlikely scenario to happen in general I guess, but still it feels like a bug to me. Not sure what other query params could trigger this.&lt;/p&gt;</description>
                <environment />
        <key id="12735824">WICKET-5681</key>
            <summary>AbstractBookmarkableMapper sets pageParams to null, might be invalid</summary>
                <type id="1" iconUrl="https://issues.apache.org/jira/secure/viewavatar?size=xsmall&amp;avatarId=21133&amp;avatarType=issuetype">Bug</type>
                                            <priority id="3" iconUrl="https://issues.apache.org/jira/images/icons/priorities/major.svg">Major</priority>
                        <status id="5" iconUrl="https://issues.apache.org/jira/images/icons/statuses/resolved.png" description="A resolution has been taken, and it is awaiting verification by reporter. From here issues are either reopened, or are closed.">Resolved</status>
                    <statusCategory id="3" key="done" colorName="green" />
                                    <resolution id="3">Duplicate</resolution>
                                        <assignee username="-1">Unassigned</assignee>
                                    <reporter username="tkruse">Thibault Kruse</reporter>
                        <labels>
                    </labels>
                <created>Thu, 21 Aug 2014 16:26:13 +0000</created>
                <updated>Tue, 26 Aug 2014 17:08:35 +0000</updated>
                            <resolved>Tue, 26 Aug 2014 17:08:35 +0000</resolved>
                                                                        <due />
                            <votes>0</votes>
                                    <watches>2</watches>
                                                                <comments>
                            <comment id="14110957" author="mgrigorov" created="Tue, 26 Aug 2014 17:08:35 +0000">&lt;p&gt;Duplicate of &lt;a href="https://issues.apache.org/jira/browse/WICKET-5539" title="Allow preserving of the parsed PageParameters when re-creating an expired page" class="issue-link" data-issue-key="WICKET-5539"&gt;&lt;del&gt;WICKET-5539&lt;/del&gt;&lt;/a&gt;&lt;/p&gt;</comment>
                    </comments>
                <issuelinks>
                            <issuelinktype id="12310000">
                    <name>Duplicate</name>
                                            <outwardlinks description="duplicates">
                                        <issuelink>
            <issuekey id="12702749">WICKET-5539</issuekey>
        </issuelink>
                            </outwardlinks>
                                                        </issuelinktype>
                    </issuelinks>
                <attachments>
                    </attachments>
                <subtasks>
                    </subtasks>
                <customfields>
                                                                                                                                                                                                                                                                                                                                                                                                                                                                                                                                                                                                                                                                                                                    <customfield id="customfield_12314020" key="com.atlassian.jira.plugins.jira-development-integration-plugin:devsummary">
                        <customfieldname>Development</customfieldname>
                        <customfieldvalues>
                            
                        </customfieldvalues>
                    </customfield>
                                                                                                                        <customfield id="customfield_12313422" key="com.atlassian.jirafisheyeplugin:jobcheckbox">
                        <customfieldname>Enable Automatic Patch Review</customfieldname>
                        <customfieldvalues>
                            <customfieldvalue>false</customfieldvalue>

                        </customfieldvalues>
                    </customfield>
                                                                                                                                                                                                                                                                                                                                                                                                                                                                                                                                                                                                                    <customfield id="customfield_12310420" key="com.pyxis.greenhopper.jira:gh-global-rank">
                        <customfieldname>Global Rank</customfieldname>
                        <customfieldvalues>
                            <customfieldvalue>9223372036854775807</customfieldvalue>
                        </customfieldvalues>
                    </customfield>
                                                                                                                                                                                                                                                                                                                                                                                                                                                                        <customfield id="customfield_12311820" key="com.pyxis.greenhopper.jira:gh-lexo-rank">
                        <customfieldname>Rank</customfieldname>
                        <customfieldvalues>
                            <customfieldvalue>0|i1z6vz:</customfieldvalue>

                        </customfieldvalues>
                    </customfield>
                                                                <customfield id="customfield_12310920" key="com.pyxis.greenhopper.jira:gh-global-rank">
                        <customfieldname>Rank (Obsolete)</customfieldname>
                        <customfieldvalues>
                            <customfieldvalue>9223372036854775807</customfieldvalue>
                        </customfieldvalues>
                    </customfield>
                                                                                                                                                                                                                                                                                                                                                                                                                                                                                                                                                                                                                                                                                                                                                                                            </customfields>
    </item>


</channel>
</rss>