<rss version="0.92">
    <channel>
        <title>ASF JIRA</title>
        <link>https://issues.apache.org/jira/issues/?jql=project+%3D+wicket+and+type+%3D+bug+and+%28status+%3D+RESOLVED+or+status+%3D+closed%29</link>
        <description>An XML representation of a search request</description>
                <language>en-uk</language>
                        <issue start="0" end="1000" total="4133" />
                <build-info>
            <version>8.20.7</version>
            <build-number>820007</build-number>
            <build-date>16-03-2022</build-date>
        </build-info>

<item>
            <title>[WICKET-5397] target.prependJavaScript and JQuery-Animation in IE8</title>
                <link>https://issues.apache.org/jira/browse/WICKET-5397</link>
                <project id="12310561" key="WICKET">Wicket</project>
                    <description>&lt;p&gt;Copied from &lt;a href="http://apache-wicket.1842946.n4.nabble.com/target-prependJavaScript-and-JQuery-Animation-in-IE8-td4662008.html:" class="external-link" target="_blank" rel="nofollow noopener"&gt;http://apache-wicket.1842946.n4.nabble.com/target-prependJavaScript-and-JQuery-Animation-in-IE8-td4662008.html:&lt;/a&gt;&lt;/p&gt;

&lt;p&gt;To enable animation with JQuery on replacing a component with Ajax, we have followed the construct with the "|"-Symbol (pipe) in the Javascript that is added with target.prependJavaScript (see &lt;a href="http://wicketinaction.com/2013/02/replace-components-with-animation" class="external-link" target="_blank" rel="nofollow noopener"&gt;http://wicketinaction.com/2013/02/replace-components-with-animation&lt;/a&gt; =&amp;gt; Thank you, Martin)&lt;/p&gt;

&lt;p&gt;This does not seem to work in IE8. I pass a function like this: prependJavaScript("notify|myfunction(notify, '" + container.getMarkupId() + "')");&lt;/p&gt;

&lt;p&gt;The Function looks like this:&lt;br/&gt;
function myfunction(notify, id) {&lt;br/&gt;
  Wicket.Log.info("this is not reached in IE8");&lt;br/&gt;
  JQuery("#" + id).slideUp(500, notify);&lt;br/&gt;
}&lt;/p&gt;

&lt;p&gt;In IE8, myfunction is not called at all. On FF and other Browsers everything works okay. &lt;/p&gt;</description>
                <environment>IE8 on Windows 7, IE8 on Parallels on a MAC</environment>
        <key id="12676115">WICKET-5397</key>
            <summary>target.prependJavaScript and JQuery-Animation in IE8</summary>
                <type id="1" iconUrl="https://issues.apache.org/jira/secure/viewavatar?size=xsmall&amp;avatarId=21133&amp;avatarType=issuetype">Bug</type>
                                            <priority id="3" iconUrl="https://issues.apache.org/jira/images/icons/priorities/major.svg">Major</priority>
                        <status id="5" iconUrl="https://issues.apache.org/jira/images/icons/statuses/resolved.png" description="A resolution has been taken, and it is awaiting verification by reporter. From here issues are either reopened, or are closed.">Resolved</status>
                    <statusCategory id="3" key="done" colorName="green" />
                                    <resolution id="1">Fixed</resolution>
                                        <assignee username="mgrigorov">Martin Tzvetanov Grigorov</assignee>
                                    <reporter username="lessy">Hans Lesmeister</reporter>
                        <labels>
                    </labels>
                <created>Mon, 28 Oct 2013 13:11:21 +0000</created>
                <updated>Tue, 29 Oct 2013 12:27:25 +0000</updated>
                            <resolved>Tue, 29 Oct 2013 12:27:25 +0000</resolved>
                                    <version>6.11.0</version>
                                    <fixVersion>6.12.0</fixVersion>
                    <fixVersion>7.0.0-M1</fixVersion>
                                    <component>wicket</component>
                        <due />
                            <votes>0</votes>
                                    <watches>2</watches>
                                                                <comments>
                            <comment id="13806750" author="lessy" created="Mon, 28 Oct 2013 13:16:01 +0000">&lt;p&gt;Start the Quick-Start with mvn jetty:run&lt;br/&gt;
In the Browser: localhost:8182  (Note the port)&lt;br/&gt;
Click in Animate: Text slides in and then out again in normal browsers.&lt;br/&gt;
In IE8 Text does not slide-in. prepend-Javascript with | (pipe) is not executed.&lt;/p&gt;</comment>
                            <comment id="13807896" author="mgrigorov" created="Tue, 29 Oct 2013 11:41:26 +0000">&lt;p&gt;The problem is that String.split(Regex) doesn't work very well in IE8 and older - &lt;a href="http://stackoverflow.com/a/8511819/497381" class="external-link" target="_blank" rel="nofollow noopener"&gt;http://stackoverflow.com/a/8511819/497381&lt;/a&gt;.&lt;/p&gt;</comment>
                    </comments>
                    <attachments>
                            <attachment id="12610553" name="QuickStartWicket6-IE8.zip" size="32105" author="lessy" created="Mon, 28 Oct 2013 13:16:01 +0000" />
                    </attachments>
                <subtasks>
                    </subtasks>
                <customfields>
                                                                                                                                                                                                                                                                                                                                                                                                                                                                                                                                                                                                                                                                                                                    <customfield id="customfield_12314020" key="com.atlassian.jira.plugins.jira-development-integration-plugin:devsummary">
                        <customfieldname>Development</customfieldname>
                        <customfieldvalues>
                            
                        </customfieldvalues>
                    </customfield>
                                                                                                                        <customfield id="customfield_12313422" key="com.atlassian.jirafisheyeplugin:jobcheckbox">
                        <customfieldname>Enable Automatic Patch Review</customfieldname>
                        <customfieldvalues>
                            <customfieldvalue>false</customfieldvalue>

                        </customfieldvalues>
                    </customfield>
                                                                                                                                                                                                                                                                                                                                                                                                                                                                                                                                                                                                                    <customfield id="customfield_12310420" key="com.pyxis.greenhopper.jira:gh-global-rank">
                        <customfieldname>Global Rank</customfieldname>
                        <customfieldvalues>
                            <customfieldvalue>355612</customfieldvalue>
                        </customfieldvalues>
                    </customfield>
                                                                                                                                                                                                                                                                                                                                                                                                                                                                        <customfield id="customfield_12311820" key="com.pyxis.greenhopper.jira:gh-lexo-rank">
                        <customfieldname>Rank</customfieldname>
                        <customfieldvalues>
                            <customfieldvalue>0|i1pb1b:</customfieldvalue>

                        </customfieldvalues>
                    </customfield>
                                                                <customfield id="customfield_12310920" key="com.pyxis.greenhopper.jira:gh-global-rank">
                        <customfieldname>Rank (Obsolete)</customfieldname>
                        <customfieldvalues>
                            <customfieldvalue>355900</customfieldvalue>
                        </customfieldvalues>
                    </customfield>
                                                                                                                                                                                                                                                                                                                                                                                                                                                                                                                                                                                                                                                                                                                                                                                            </customfields>
    </item>


</channel>
</rss>