<rss version="0.92">
    <channel>
        <title>ASF JIRA</title>
        <link>https://issues.apache.org/jira/issues/?jql=project+%3D+wicket+and+type+%3D+bug+and+%28status+%3D+RESOLVED+or+status+%3D+closed%29</link>
        <description>An XML representation of a search request</description>
                <language>en-uk</language>
                        <issue start="0" end="1000" total="4133" />
                <build-info>
            <version>8.20.7</version>
            <build-number>820007</build-number>
            <build-date>16-03-2022</build-date>
        </build-info>

<item>
            <title>[WICKET-5324] HTML5 "required" attributes on required fields break 'setDefaultFormProcessing(false)'</title>
                <link>https://issues.apache.org/jira/browse/WICKET-5324</link>
                <project id="12310561" key="WICKET">Wicket</project>
                    <description>&lt;p&gt;After updating to Wicket 6.10.0, all Buttons that use setDefaultFormProcessing(false) no longer work properly if there are any TextFields with required=true on the page, as such fields are now decorated with HTML5 "required" attributes that keep the browser from submitting the form.&lt;/p&gt;

&lt;p&gt;&lt;a href="https://issues.apache.org/jira/browse/WICKET-5289" title="setRequired(true) should add the HTML5 &amp;quot;required&amp;quot; attribute on &amp;lt;input&amp;gt; and &amp;lt;textarea&amp;gt; elements" class="issue-link" data-issue-key="WICKET-5289"&gt;&lt;del&gt;WICKET-5289&lt;/del&gt;&lt;/a&gt; introduced those HTML5 "required" attributes, I guess this change should be reverted.&lt;/p&gt;</description>
                <environment>Wicket 6.10.0, Firefox 23.0.1</environment>
        <key id="12665028">WICKET-5324</key>
            <summary>HTML5 "required" attributes on required fields break 'setDefaultFormProcessing(false)'</summary>
                <type id="1" iconUrl="https://issues.apache.org/jira/secure/viewavatar?size=xsmall&amp;avatarId=21133&amp;avatarType=issuetype">Bug</type>
                                            <priority id="1" iconUrl="https://issues.apache.org/jira/images/icons/priorities/blocker.svg">Blocker</priority>
                        <status id="5" iconUrl="https://issues.apache.org/jira/images/icons/statuses/resolved.png" description="A resolution has been taken, and it is awaiting verification by reporter. From here issues are either reopened, or are closed.">Resolved</status>
                    <statusCategory id="3" key="done" colorName="green" />
                                    <resolution id="3">Duplicate</resolution>
                                        <assignee username="-1">Unassigned</assignee>
                                    <reporter username="jonas">Jonas</reporter>
                        <labels>
                    </labels>
                <created>Thu, 22 Aug 2013 11:32:34 +0000</created>
                <updated>Mon, 2 Sep 2013 10:03:41 +0000</updated>
                            <resolved>Mon, 2 Sep 2013 10:03:41 +0000</resolved>
                                    <version>6.10.0</version>
                                                    <component>wicket</component>
                        <due />
                            <votes>0</votes>
                                    <watches>2</watches>
                                                                <comments>
                            <comment id="13747449" author="mgrigorov" created="Thu, 22 Aug 2013 11:41:17 +0000">&lt;p&gt;You can use "formnovalidate" attribute for this buttons as a workaround.&lt;br/&gt;
Wicket should set it for you in the next release.&lt;/p&gt;</comment>
                            <comment id="13747464" author="jonas" created="Thu, 22 Aug 2013 12:10:20 +0000">&lt;p&gt;Shouldn't the generation of those html5-only attributes be optional (i.e. controlled by some kind of setting)? How can I still generate valid xhtml 1.0 which doesn't know these attributes?&lt;/p&gt;</comment>
                            <comment id="13747468" author="mgrigorov" created="Thu, 22 Aug 2013 12:16:26 +0000">&lt;p&gt;&amp;lt;button formnovalidate="formnovalidate" ...&amp;gt; is a valid XHTML.&lt;/p&gt;</comment>
                            <comment id="13747474" author="jonas" created="Thu, 22 Aug 2013 12:34:16 +0000">&lt;p&gt;Maybe I'm missing something, but according to &lt;a href="http://validator.w3.org" class="external-link" target="_blank" rel="nofollow noopener"&gt;http://validator.w3.org&lt;/a&gt; the following document isn't valid because of the html5 attributes 'required' and 'formnovalidate':&lt;/p&gt;

&lt;p&gt;&amp;lt;!DOCTYPE html PUBLIC "-//W3C//DTD XHTML 1.0 Transitional//EN"&lt;br/&gt;
"http://www.w3.org/TR/xhtml1/DTD/xhtml1-transitional.dtd"&amp;gt;&lt;br/&gt;
&amp;lt;html xmlns="http://www.w3.org/1999/xhtml"&amp;gt;&lt;br/&gt;
&amp;lt;head&amp;gt;&lt;br/&gt;
&amp;lt;title&amp;gt;Conforming XHTML 1.0 Transitional Template&amp;lt;/title&amp;gt;&lt;br/&gt;
&amp;lt;/head&amp;gt;&lt;br/&gt;
&amp;lt;body&amp;gt;&lt;br/&gt;
&amp;lt;form action="bla"&amp;gt;&lt;br/&gt;
&amp;lt;input type="text" required="required" /&amp;gt;&lt;br/&gt;
&amp;lt;input type="submit" formnovalidate="formnovalidate" /&amp;gt;&lt;br/&gt;
&amp;lt;/form&amp;gt;&lt;br/&gt;
&amp;lt;/body&amp;gt;&lt;br/&gt;
&amp;lt;/html&amp;gt;&lt;/p&gt;

&lt;p&gt;So it's no longer possible to generate a valid XHTML 1.0 Transitional page using wicket, as wicket forces those html5 attributes into the input tags. Right?&lt;/p&gt;

&lt;p&gt;IMHO wicket shouldn't force me to use html 5 to get valid html output. I would have to subclasse each and every text component to get rid if those html5 attributes, that's why I strongly suggest you introduce some kind of setting to control this properly. &lt;br/&gt;
Besides, even if the page is html 5, people might not want to use the browser based validation, as it is somewhat poor compared to what you can do in wicket's form validation. IMHO it is a bad default to enforce 'required' attributes, as it is quite hard to override it.&lt;/p&gt;</comment>
                            <comment id="13755996" author="mgrigorov" created="Mon, 2 Sep 2013 10:03:41 +0000">&lt;p&gt;This will be fixed with &lt;a href="https://issues.apache.org/jira/browse/WICKET-5331" title="Make html5 form validation configurable" class="issue-link" data-issue-key="WICKET-5331"&gt;&lt;del&gt;WICKET-5331&lt;/del&gt;&lt;/a&gt;&lt;/p&gt;</comment>
                    </comments>
                <issuelinks>
                            <issuelinktype id="10030">
                    <name>Reference</name>
                                            <outwardlinks description="relates to">
                                        <issuelink>
            <issuekey id="12665700">WICKET-5331</issuekey>
        </issuelink>
                            </outwardlinks>
                                                        </issuelinktype>
                    </issuelinks>
                <attachments>
                    </attachments>
                <subtasks>
                    </subtasks>
                <customfields>
                                                                                                                                                                                                                                                                                                                                                                                                                                                                                                                                                                                                                                                                                                                    <customfield id="customfield_12314020" key="com.atlassian.jira.plugins.jira-development-integration-plugin:devsummary">
                        <customfieldname>Development</customfieldname>
                        <customfieldvalues>
                            
                        </customfieldvalues>
                    </customfield>
                                                                                                                        <customfield id="customfield_12313422" key="com.atlassian.jirafisheyeplugin:jobcheckbox">
                        <customfieldname>Enable Automatic Patch Review</customfieldname>
                        <customfieldvalues>
                            <customfieldvalue>false</customfieldvalue>

                        </customfieldvalues>
                    </customfield>
                                                                                                                                                                                                                                                                                                                                                                                                                                                                                                                                                                                                                    <customfield id="customfield_12310420" key="com.pyxis.greenhopper.jira:gh-global-rank">
                        <customfieldname>Global Rank</customfieldname>
                        <customfieldvalues>
                            <customfieldvalue>344969</customfieldvalue>
                        </customfieldvalues>
                    </customfield>
                                                                                                                                                                                                                                                                                                                                                                                                                                                                        <customfield id="customfield_12311820" key="com.pyxis.greenhopper.jira:gh-lexo-rank">
                        <customfieldname>Rank</customfieldname>
                        <customfieldvalues>
                            <customfieldvalue>0|i1nhm7:</customfieldvalue>

                        </customfieldvalues>
                    </customfield>
                                                                <customfield id="customfield_12310920" key="com.pyxis.greenhopper.jira:gh-global-rank">
                        <customfieldname>Rank (Obsolete)</customfieldname>
                        <customfieldvalues>
                            <customfieldvalue>345270</customfieldvalue>
                        </customfieldvalues>
                    </customfield>
                                                                                                                                                                                                                                                                                                                                                                                                                                                                                                                                                                                                                                                                                                                                                                                            </customfields>
    </item>


</channel>
</rss>