<rss version="0.92">
    <channel>
        <title>ASF JIRA</title>
        <link>https://issues.apache.org/jira/issues/?jql=project+%3D+wicket+and+type+%3D+bug+and+%28status+%3D+RESOLVED+or+status+%3D+closed%29</link>
        <description>An XML representation of a search request</description>
                <language>en-uk</language>
                        <issue start="0" end="1000" total="4133" />
                <build-info>
            <version>8.20.7</version>
            <build-number>820007</build-number>
            <build-date>16-03-2022</build-date>
        </build-info>

<item>
            <title>[WICKET-5440] TransparentWebMarkupContainer makes resolving of fragment markup fail on child pages</title>
                <link>https://issues.apache.org/jira/browse/WICKET-5440</link>
                <project id="12310561" key="WICKET">Wicket</project>
                    <description>&lt;p&gt;I wanted to do this kind of page layout:&lt;br/&gt;
&amp;lt;div wicket:id="childContainer"&amp;gt;&lt;br/&gt;
  &amp;lt;wicket:child /&amp;gt;&lt;br/&gt;
&amp;lt;/div&amp;gt;&lt;/p&gt;

&lt;p&gt;to add css classes to a child container in the parent page class. For this to work, I added a TransparentWebMarkupContainer with id "childContainer" to the parent page class. This works in some cases, but if the child page class defines wicket fragments, their markup is not found.&lt;/p&gt;

&lt;p&gt;When searching for the child's fragment's markup fragment, Markup.java (line 233) skips all the markup contained in the &amp;lt;body&amp;gt; tag because it has a wicket:id.&lt;/p&gt;

&lt;p&gt;Reference for the technique I used:&lt;br/&gt;
&lt;a href="http://stackoverflow.com/questions/5068142/can-a-wicketchild-tag-be-nested-under-another-component-on-the-page" class="external-link" target="_blank" rel="nofollow noopener"&gt;http://stackoverflow.com/questions/5068142/can-a-wicketchild-tag-be-nested-under-another-component-on-the-page&lt;/a&gt; &lt;/p&gt;</description>
                <environment />
        <key id="12684113">WICKET-5440</key>
            <summary>TransparentWebMarkupContainer makes resolving of fragment markup fail on child pages</summary>
                <type id="1" iconUrl="https://issues.apache.org/jira/secure/viewavatar?size=xsmall&amp;avatarId=21133&amp;avatarType=issuetype">Bug</type>
                                            <priority id="3" iconUrl="https://issues.apache.org/jira/images/icons/priorities/major.svg">Major</priority>
                        <status id="6" iconUrl="https://issues.apache.org/jira/images/icons/statuses/closed.png" description="The issue is considered finished, the resolution is correct. Issues which are not closed can be reopened.">Closed</status>
                    <statusCategory id="3" key="done" colorName="green" />
                                    <resolution id="3">Duplicate</resolution>
                                        <assignee username="-1">Unassigned</assignee>
                                    <reporter username="berniegp">Bertrand Guay-Paquet</reporter>
                        <labels>
                    </labels>
                <created>Wed, 11 Dec 2013 22:03:49 +0000</created>
                <updated>Thu, 12 Dec 2013 16:54:40 +0000</updated>
                            <resolved>Thu, 12 Dec 2013 08:02:06 +0000</resolved>
                                    <version>6.12.0</version>
                                                        <due />
                            <votes>0</votes>
                                    <watches>1</watches>
                                                                <comments>
                            <comment id="13845773" author="berniegp" created="Wed, 11 Dec 2013 22:09:27 +0000">&lt;p&gt;Quickstart reproducing the issue.&lt;/p&gt;

&lt;p&gt;Has child pages with and without a TransparentWebMarkupContainer on the parent page class.&lt;/p&gt;</comment>
                            <comment id="13846437" author="berniegp" created="Thu, 12 Dec 2013 16:54:40 +0000">&lt;p&gt;Sorry about that. I don't know how I missed that other issue...&lt;/p&gt;</comment>
                    </comments>
                <issuelinks>
                            <issuelinktype id="12310000">
                    <name>Duplicate</name>
                                            <outwardlinks description="duplicates">
                                        <issuelink>
            <issuekey id="12554471">WICKET-4545</issuekey>
        </issuelink>
                            </outwardlinks>
                                                        </issuelinktype>
                    </issuelinks>
                <attachments>
                            <attachment id="12618299" name="WICKET-5440.zip" size="13644" author="berniegp" created="Wed, 11 Dec 2013 22:09:27 +0000" />
                    </attachments>
                <subtasks>
                    </subtasks>
                <customfields>
                                                                                                                                                                                                                                                                                                                                                                                                                                                                                                                                                                                                                                                                                                                    <customfield id="customfield_12314020" key="com.atlassian.jira.plugins.jira-development-integration-plugin:devsummary">
                        <customfieldname>Development</customfieldname>
                        <customfieldvalues>
                            
                        </customfieldvalues>
                    </customfield>
                                                                                                                        <customfield id="customfield_12313422" key="com.atlassian.jirafisheyeplugin:jobcheckbox">
                        <customfieldname>Enable Automatic Patch Review</customfieldname>
                        <customfieldvalues>
                            <customfieldvalue>false</customfieldvalue>

                        </customfieldvalues>
                    </customfield>
                                                                                                                                                                                                                                                                                                                                                                                                                                                                                                                                                                                                                    <customfield id="customfield_12310420" key="com.pyxis.greenhopper.jira:gh-global-rank">
                        <customfieldname>Global Rank</customfieldname>
                        <customfieldvalues>
                            <customfieldvalue>363185</customfieldvalue>
                        </customfieldvalues>
                    </customfield>
                                                                                                                                                                                                                                                                                                                                                                                                                                                                        <customfield id="customfield_12311820" key="com.pyxis.greenhopper.jira:gh-lexo-rank">
                        <customfieldname>Rank</customfieldname>
                        <customfieldvalues>
                            <customfieldvalue>0|i1qlrb:</customfieldvalue>

                        </customfieldvalues>
                    </customfield>
                                                                <customfield id="customfield_12310920" key="com.pyxis.greenhopper.jira:gh-global-rank">
                        <customfieldname>Rank (Obsolete)</customfieldname>
                        <customfieldvalues>
                            <customfieldvalue>363491</customfieldvalue>
                        </customfieldvalues>
                    </customfield>
                                                                                                                                                                                                                                                                                                                                                                                                                                                                                                                                                                                                                                                                                                                                                                                            </customfields>
    </item>


</channel>
</rss>