<rss version="0.92">
    <channel>
        <title>ASF JIRA</title>
        <link>https://issues.apache.org/jira/issues/?jql=project+%3D+wicket+and+type+%3D+bug+and+%28status+%3D+RESOLVED+or+status+%3D+closed%29</link>
        <description>An XML representation of a search request</description>
                <language>en-uk</language>
                        <issue start="0" end="1000" total="4133" />
                <build-info>
            <version>8.20.7</version>
            <build-number>820007</build-number>
            <build-date>16-03-2022</build-date>
        </build-info>

<item>
            <title>[WICKET-5837] JUnit tests may fail because of AbstractDefaultAjaxBehavior</title>
                <link>https://issues.apache.org/jira/browse/WICKET-5837</link>
                <project id="12310561" key="WICKET">Wicket</project>
                    <description>&lt;p&gt;Because JSONObject is used in the method org.apache.wicket.ajax.AbstractDefaultAjaxBehavior.renderAjaxAttributes(Component, AjaxRequestAttributes)&lt;br/&gt;
which internally uses a HashMap to store the key value pairs - see org.apache.wicket.ajax.json.JSONObject.JSONObject() - it is not ensured the attributes rendered in a specific order. This can cause the unit tests to pass in one run and fail in the next run.&lt;/p&gt;

&lt;p&gt;One suggestion would be to switch the HashMap and replace it with at LinkedHashMap to preserve the insertion order.&lt;/p&gt;

&lt;p&gt;See stack trace in comment.&lt;/p&gt;</description>
                <environment />
        <key id="12775139">WICKET-5837</key>
            <summary>JUnit tests may fail because of AbstractDefaultAjaxBehavior</summary>
                <type id="1" iconUrl="https://issues.apache.org/jira/secure/viewavatar?size=xsmall&amp;avatarId=21133&amp;avatarType=issuetype">Bug</type>
                                            <priority id="3" iconUrl="https://issues.apache.org/jira/images/icons/priorities/major.svg">Major</priority>
                        <status id="5" iconUrl="https://issues.apache.org/jira/images/icons/statuses/resolved.png" description="A resolution has been taken, and it is awaiting verification by reporter. From here issues are either reopened, or are closed.">Resolved</status>
                    <statusCategory id="3" key="done" colorName="green" />
                                    <resolution id="1">Fixed</resolution>
                                        <assignee username="bitstorm">Andrea Del Bene</assignee>
                                    <reporter username="klopfdreh">Tobias Soloschenko</reporter>
                        <labels>
                            <label>test</label>
                    </labels>
                <created>Sat, 14 Feb 2015 13:54:21 +0000</created>
                <updated>Tue, 17 Feb 2015 06:45:12 +0000</updated>
                            <resolved>Mon, 16 Feb 2015 13:40:36 +0000</resolved>
                                    <version>7.0.0-M5</version>
                    <version>6.19.0</version>
                                    <fixVersion>6.20.0</fixVersion>
                    <fixVersion>7.0.0-M6</fixVersion>
                                    <component>wicket</component>
                        <due />
                            <votes>0</votes>
                                    <watches>4</watches>
                                                                <comments>
                            <comment id="14321420" author="klopfdreh" created="Sat, 14 Feb 2015 13:56:08 +0000">&lt;p&gt;junit.framework.ComparisonFailure: org/apache/wicket/ajax/AjaxHeaderContributionPage_expected.html expected:&amp;lt;...&lt;br/&gt;
Wicket.Ajax.ajax(&lt;/p&gt;
{"[u":"./org.apache.wicket.ajax.AjaxHeaderContributionPage?0-1.IBehaviorListener.0-link","e":"click","c":"link1]"}
&lt;p&gt;);;&lt;br/&gt;
Wicket.Event.p...&amp;gt; but was:&amp;lt;...&lt;br/&gt;
Wicket.Ajax.ajax(&lt;/p&gt;
{"[c":"link1","u":"./org.apache.wicket.ajax.AjaxHeaderContributionPage?0-1.IBehaviorListener.0-link","e":"click]"}
&lt;p&gt;);;&lt;br/&gt;
Wicket.Event.p...&amp;gt;&lt;br/&gt;
	at junit.framework.Assert.assertEquals(Assert.java:85)&lt;br/&gt;
	at org.apache.wicket.util.tester.DiffUtil.validatePage(DiffUtil.java:160)&lt;br/&gt;
	at org.apache.wicket.util.tester.WicketTester.assertResultPage(WicketTester.java:590)&lt;br/&gt;
	at org.apache.wicket.ajax.AjaxHeaderContributionTest.ajaxHeaderContribution(AjaxHeaderContributionTest.java:34)&lt;br/&gt;
	at sun.reflect.NativeMethodAccessorImpl.invoke0(Native Method)&lt;br/&gt;
	at sun.reflect.NativeMethodAccessorImpl.invoke(NativeMethodAccessorImpl.java:62)&lt;br/&gt;
	at sun.reflect.DelegatingMethodAccessorImpl.invoke(DelegatingMethodAccessorImpl.java:43)&lt;br/&gt;
	at java.lang.reflect.Method.invoke(Method.java:483)&lt;br/&gt;
	at org.junit.runners.model.FrameworkMethod$1.runReflectiveCall(FrameworkMethod.java:45)&lt;br/&gt;
	at org.junit.internal.runners.model.ReflectiveCallable.run(ReflectiveCallable.java:15)&lt;br/&gt;
	at org.junit.runners.model.FrameworkMethod.invokeExplosively(FrameworkMethod.java:42)&lt;br/&gt;
	at org.junit.internal.runners.statements.InvokeMethod.evaluate(InvokeMethod.java:20)&lt;br/&gt;
	at org.junit.internal.runners.statements.RunBefores.evaluate(RunBefores.java:28)&lt;br/&gt;
	at org.junit.internal.runners.statements.RunAfters.evaluate(RunAfters.java:30)&lt;br/&gt;
	at org.junit.runners.ParentRunner.runLeaf(ParentRunner.java:263)&lt;br/&gt;
	at org.junit.runners.BlockJUnit4ClassRunner.runChild(BlockJUnit4ClassRunner.java:68)&lt;br/&gt;
	at org.junit.runners.BlockJUnit4ClassRunner.runChild(BlockJUnit4ClassRunner.java:47)&lt;br/&gt;
	at org.junit.runners.ParentRunner$3.run(ParentRunner.java:231)&lt;br/&gt;
	at org.junit.runners.ParentRunner$1.schedule(ParentRunner.java:60)&lt;br/&gt;
	at org.junit.runners.ParentRunner.runChildren(ParentRunner.java:229)&lt;br/&gt;
	at org.junit.runners.ParentRunner.access$000(ParentRunner.java:50)&lt;br/&gt;
	at org.junit.runners.ParentRunner$2.evaluate(ParentRunner.java:222)&lt;br/&gt;
	at org.junit.runners.ParentRunner.run(ParentRunner.java:300)&lt;br/&gt;
	at org.eclipse.jdt.internal.junit4.runner.JUnit4TestReference.run(JUnit4TestReference.java:50)&lt;br/&gt;
	at org.eclipse.jdt.internal.junit.runner.TestExecution.run(TestExecution.java:38)&lt;br/&gt;
	at org.eclipse.jdt.internal.junit.runner.RemoteTestRunner.runTests(RemoteTestRunner.java:459)&lt;br/&gt;
	at org.eclipse.jdt.internal.junit.runner.RemoteTestRunner.runTests(RemoteTestRunner.java:675)&lt;br/&gt;
	at org.eclipse.jdt.internal.junit.runner.RemoteTestRunner.run(RemoteTestRunner.java:382)&lt;br/&gt;
	at org.eclipse.jdt.internal.junit.runner.RemoteTestRunner.main(RemoteTestRunner.java:192)&lt;/p&gt;</comment>
                            <comment id="14321451" author="klopfdreh" created="Sat, 14 Feb 2015 14:15:32 +0000">&lt;p&gt;I'm currently working on it - seems to be a small bit more then only changing the HashMap to LinkedHashMap but I investigate it.&lt;/p&gt;</comment>
                            <comment id="14321467" author="klopfdreh" created="Sat, 14 Feb 2015 14:32:52 +0000">&lt;p&gt;Ok, nearly finished. I'm going to open a pull request.&lt;/p&gt;</comment>
                            <comment id="14321468" author="bitstorm" created="Sat, 14 Feb 2015 14:34:34 +0000">&lt;p&gt;Thank you once again Tobias!&lt;/p&gt;</comment>
                            <comment id="14321474" author="githubbot" created="Sat, 14 Feb 2015 15:00:16 +0000">&lt;p&gt;GitHub user klopfdreh opened a pull request:&lt;/p&gt;

&lt;p&gt;    &lt;a href="https://github.com/apache/wicket/pull/90" class="external-link" target="_blank" rel="nofollow noopener"&gt;https://github.com/apache/wicket/pull/90&lt;/a&gt;&lt;/p&gt;

&lt;p&gt;    &lt;a href="https://issues.apache.org/jira/browse/WICKET-5837" title="JUnit tests may fail because of AbstractDefaultAjaxBehavior" class="issue-link" data-issue-key="WICKET-5837"&gt;&lt;del&gt;WICKET-5837&lt;/del&gt;&lt;/a&gt; JUnit tests may fail because of AbstractDefaultAjaxBehavior&lt;/p&gt;



&lt;p&gt;You can merge this pull request into a Git repository by running:&lt;/p&gt;

&lt;p&gt;    $ git pull &lt;a href="https://github.com/klopfdreh/wicket" class="external-link" target="_blank" rel="nofollow noopener"&gt;https://github.com/klopfdreh/wicket&lt;/a&gt; &lt;a href="https://issues.apache.org/jira/browse/WICKET-5837" title="JUnit tests may fail because of AbstractDefaultAjaxBehavior" class="issue-link" data-issue-key="WICKET-5837"&gt;&lt;del&gt;WICKET-5837&lt;/del&gt;&lt;/a&gt;&lt;/p&gt;

&lt;p&gt;Alternatively you can review and apply these changes as the patch at:&lt;/p&gt;

&lt;p&gt;    &lt;a href="https://github.com/apache/wicket/pull/90.patch" class="external-link" target="_blank" rel="nofollow noopener"&gt;https://github.com/apache/wicket/pull/90.patch&lt;/a&gt;&lt;/p&gt;

&lt;p&gt;To close this pull request, make a commit to your master/trunk branch&lt;br/&gt;
with (at least) the following in the commit message:&lt;/p&gt;

&lt;p&gt;    This closes #90&lt;/p&gt;

&lt;hr /&gt;
&lt;p&gt;commit 53566ad3b189c1f018a527b7a53345f5c0b14679&lt;br/&gt;
Author: klopfdreh &amp;lt;klopfdreh@192.168.2.110&amp;gt;&lt;br/&gt;
Date:   2015-02-14T14:57:18Z&lt;/p&gt;

&lt;p&gt;    &lt;a href="https://issues.apache.org/jira/browse/WICKET-5837" title="JUnit tests may fail because of AbstractDefaultAjaxBehavior" class="issue-link" data-issue-key="WICKET-5837"&gt;&lt;del&gt;WICKET-5837&lt;/del&gt;&lt;/a&gt; JUnit tests may fail because of AbstractDefaultAjaxBehavior&lt;/p&gt;

&lt;hr /&gt;</comment>
                            <comment id="14321488" author="githubbot" created="Sat, 14 Feb 2015 15:08:27 +0000">&lt;p&gt;Github user klopfdreh commented on the pull request:&lt;/p&gt;

&lt;p&gt;    &lt;a href="https://github.com/apache/wicket/pull/90#issuecomment-74378512" class="external-link" target="_blank" rel="nofollow noopener"&gt;https://github.com/apache/wicket/pull/90#issuecomment-74378512&lt;/a&gt;&lt;/p&gt;

&lt;p&gt;    Linked ticket: &lt;a href="https://issues.apache.org/jira/browse/WICKET-5837" class="external-link" rel="nofollow"&gt;https://issues.apache.org/jira/browse/WICKET-5837&lt;/a&gt;&lt;/p&gt;</comment>
                            <comment id="14321490" author="githubbot" created="Sat, 14 Feb 2015 15:10:45 +0000">&lt;p&gt;GitHub user klopfdreh opened a pull request:&lt;/p&gt;

&lt;p&gt;    &lt;a href="https://github.com/apache/wicket/pull/91" class="external-link" target="_blank" rel="nofollow noopener"&gt;https://github.com/apache/wicket/pull/91&lt;/a&gt;&lt;/p&gt;

&lt;p&gt;    &lt;a href="https://issues.apache.org/jira/browse/WICKET-5837" title="JUnit tests may fail because of AbstractDefaultAjaxBehavior" class="issue-link" data-issue-key="WICKET-5837"&gt;&lt;del&gt;WICKET-5837&lt;/del&gt;&lt;/a&gt; JUnit tests may fail because of AbstractDefaultAjaxBehavior&lt;/p&gt;

&lt;p&gt;    little adjustment for master&lt;/p&gt;

&lt;p&gt;You can merge this pull request into a Git repository by running:&lt;/p&gt;

&lt;p&gt;    $ git pull &lt;a href="https://github.com/klopfdreh/wicket" class="external-link" target="_blank" rel="nofollow noopener"&gt;https://github.com/klopfdreh/wicket&lt;/a&gt; &lt;a href="https://issues.apache.org/jira/browse/WICKET-5837" title="JUnit tests may fail because of AbstractDefaultAjaxBehavior" class="issue-link" data-issue-key="WICKET-5837"&gt;&lt;del&gt;WICKET-5837&lt;/del&gt;&lt;/a&gt;-master&lt;/p&gt;

&lt;p&gt;Alternatively you can review and apply these changes as the patch at:&lt;/p&gt;

&lt;p&gt;    &lt;a href="https://github.com/apache/wicket/pull/91.patch" class="external-link" target="_blank" rel="nofollow noopener"&gt;https://github.com/apache/wicket/pull/91.patch&lt;/a&gt;&lt;/p&gt;

&lt;p&gt;To close this pull request, make a commit to your master/trunk branch&lt;br/&gt;
with (at least) the following in the commit message:&lt;/p&gt;

&lt;p&gt;    This closes #91&lt;/p&gt;

&lt;hr /&gt;
&lt;p&gt;commit 5445d7c6171d980a8bc1344005a2709ae748aad0&lt;br/&gt;
Author: klopfdreh &amp;lt;klopfdreh@192.168.2.110&amp;gt;&lt;br/&gt;
Date:   2015-02-14T15:09:33Z&lt;/p&gt;

&lt;p&gt;    &lt;a href="https://issues.apache.org/jira/browse/WICKET-5837" title="JUnit tests may fail because of AbstractDefaultAjaxBehavior" class="issue-link" data-issue-key="WICKET-5837"&gt;&lt;del&gt;WICKET-5837&lt;/del&gt;&lt;/a&gt; JUnit tests may fail because of AbstractDefaultAjaxBehavior&lt;/p&gt;

&lt;hr /&gt;</comment>
                            <comment id="14321493" author="klopfdreh" created="Sat, 14 Feb 2015 15:14:18 +0000">&lt;p&gt;For Wicket 7.0.0-M5 the work was already done. The JSONObject in there already uses a LinkedHashMap. The changes are also made for Wicket 6.19.0, now. I also fixed the JUnit test for MultiFileUploadFieldTest in the Wicket 6.19.0 commit.&lt;/p&gt;

&lt;p&gt;Edit: Forgot to say that I applied a little change to 7.0.0-M5 so that an JSONObject created based on a Map also uses a LinkedHashMap.&lt;/p&gt;</comment>
                            <comment id="14321495" author="githubbot" created="Sat, 14 Feb 2015 15:16:02 +0000">&lt;p&gt;Github user klopfdreh commented on the pull request:&lt;/p&gt;

&lt;p&gt;    &lt;a href="https://github.com/apache/wicket/pull/91#issuecomment-74378760" class="external-link" target="_blank" rel="nofollow noopener"&gt;https://github.com/apache/wicket/pull/91#issuecomment-74378760&lt;/a&gt;&lt;/p&gt;

&lt;p&gt;    Linked ticket: &lt;a href="https://issues.apache.org/jira/browse/WICKET-5837" class="external-link" rel="nofollow"&gt;https://issues.apache.org/jira/browse/WICKET-5837&lt;/a&gt;&lt;/p&gt;</comment>
                            <comment id="14321993" author="githubbot" created="Sun, 15 Feb 2015 13:55:46 +0000">&lt;p&gt;Github user bitstorm commented on a diff in the pull request:&lt;/p&gt;

&lt;p&gt;    &lt;a href="https://github.com/apache/wicket/pull/90#discussion_r24722572" class="external-link" target="_blank" rel="nofollow noopener"&gt;https://github.com/apache/wicket/pull/90#discussion_r24722572&lt;/a&gt;&lt;/p&gt;

&lt;p&gt;    &amp;#8212; Diff: wicket-core/src/main/java/org/apache/wicket/ajax/AbstractDefaultAjaxBehavior.java &amp;#8212;&lt;br/&gt;
    @@ -233,12 +246,6 @@ protected final CharSequence renderAjaxAttributes(final Component component,&lt;br/&gt;
     				attributesJson.put(AjaxAttributeName.MARKUP_ID.jsonName(), componentId);&lt;br/&gt;
     			}&lt;/p&gt;

&lt;p&gt;    &amp;#8212; End diff &amp;#8211;&lt;/p&gt;

&lt;p&gt;    I'm just curious...why have you moved the 5 lines below at the beginning of the method (line 223)?&lt;/p&gt;</comment>
                            <comment id="14322031" author="githubbot" created="Sun, 15 Feb 2015 15:51:00 +0000">&lt;p&gt;Github user klopfdreh commented on a diff in the pull request:&lt;/p&gt;

&lt;p&gt;    &lt;a href="https://github.com/apache/wicket/pull/90#discussion_r24723488" class="external-link" target="_blank" rel="nofollow noopener"&gt;https://github.com/apache/wicket/pull/90#discussion_r24723488&lt;/a&gt;&lt;/p&gt;

&lt;p&gt;    &amp;#8212; Diff: wicket-core/src/main/java/org/apache/wicket/ajax/AbstractDefaultAjaxBehavior.java &amp;#8212;&lt;br/&gt;
    @@ -233,12 +246,6 @@ protected final CharSequence renderAjaxAttributes(final Component component,&lt;br/&gt;
     				attributesJson.put(AjaxAttributeName.MARKUP_ID.jsonName(), componentId);&lt;br/&gt;
     			}&lt;/p&gt;

&lt;p&gt;    &amp;#8212; End diff &amp;#8211;&lt;/p&gt;

&lt;p&gt;    Because the Unit Tests check the Order of the Parameter &lt;/p&gt;</comment>
                            <comment id="14322177" author="jira-bot" created="Sun, 15 Feb 2015 20:34:33 +0000">&lt;p&gt;Commit 9240b8ab99ae56afad7de0d42aa4dcafce595c49 in wicket's branch refs/heads/master from klopfdreh&lt;br/&gt;
[ &lt;a href="https://git-wip-us.apache.org/repos/asf?p=wicket.git;h=9240b8a" class="external-link" target="_blank" rel="nofollow noopener"&gt;https://git-wip-us.apache.org/repos/asf?p=wicket.git;h=9240b8a&lt;/a&gt; ]&lt;/p&gt;

&lt;p&gt;&lt;a href="https://issues.apache.org/jira/browse/WICKET-5837" title="JUnit tests may fail because of AbstractDefaultAjaxBehavior" class="issue-link" data-issue-key="WICKET-5837"&gt;&lt;del&gt;WICKET-5837&lt;/del&gt;&lt;/a&gt; JUnit tests may fail because of AbstractDefaultAjaxBehavior&lt;/p&gt;</comment>
                            <comment id="14322194" author="githubbot" created="Sun, 15 Feb 2015 21:06:27 +0000">&lt;p&gt;Github user bitstorm commented on a diff in the pull request:&lt;/p&gt;

&lt;p&gt;    &lt;a href="https://github.com/apache/wicket/pull/90#discussion_r24726057" class="external-link" target="_blank" rel="nofollow noopener"&gt;https://github.com/apache/wicket/pull/90#discussion_r24726057&lt;/a&gt;&lt;/p&gt;

&lt;p&gt;    &amp;#8212; Diff: wicket-core/src/test/java/org/apache/wicket/markup/html/form/upload/MultiFileUploadFieldTest.java &amp;#8212;&lt;br/&gt;
    @@ -63,13 +64,16 @@ protected void onSubmit()&lt;br/&gt;
     				for (int i = 1; i &amp;lt; 2; i++)&lt;br/&gt;
     				{&lt;br/&gt;
     					FileUpload fileUpload = uploads.get&lt;img class="emoticon" src="https://issues.apache.org/jira/images/icons/emoticons/information.png" height="16" width="16" align="absmiddle" alt="" border="0"/&gt;;&lt;/p&gt;
&lt;ul class="alternate" type="square"&gt;
	&lt;li&gt;assertEquals(MultiFileUploadFieldTest.class.getSimpleName()&lt;ins&gt;i&lt;/ins&gt;".txt", fileUpload.getClientFileName());&lt;br/&gt;
    +					assertEquals(MultiFileUploadFieldTest.class.getSimpleName() + (i - 1) + ".txt",
	&lt;ul class="alternate" type="square"&gt;
		&lt;li&gt;
		&lt;ul class="alternate" type="square"&gt;
			&lt;li&gt;End diff &amp;#8211;&lt;/li&gt;
		&lt;/ul&gt;
		&lt;/li&gt;
	&lt;/ul&gt;
	&lt;/li&gt;
&lt;/ul&gt;


&lt;p&gt;    There's a problem with '(i - 1)'. I've reverted it to simply 'i' and test passes with success.  Can you confirm that this change is not necessary?&lt;/p&gt;</comment>
                            <comment id="14322205" author="klopfdreh" created="Sun, 15 Feb 2015 21:43:17 +0000">&lt;p&gt;I run the test with i-1 and it was success, but maybe the code at this place changed a bit. So if it passing revert it.&lt;/p&gt;

&lt;p&gt;Thanks a lot!&lt;/p&gt;</comment>
                            <comment id="14322209" author="githubbot" created="Sun, 15 Feb 2015 21:59:53 +0000">&lt;p&gt;Github user klopfdreh commented on the pull request:&lt;/p&gt;

&lt;p&gt;    &lt;a href="https://github.com/apache/wicket/pull/90#issuecomment-74439535" class="external-link" target="_blank" rel="nofollow noopener"&gt;https://github.com/apache/wicket/pull/90#issuecomment-74439535&lt;/a&gt;&lt;/p&gt;

&lt;p&gt;    I run the test with i-1 and it was success, but maybe the code at this place changed a bit. So if it passing revert it.&lt;/p&gt;

&lt;p&gt;    Thanks a lot!&lt;/p&gt;</comment>
                            <comment id="14322210" author="githubbot" created="Sun, 15 Feb 2015 22:00:08 +0000">&lt;p&gt;Github user klopfdreh commented on a diff in the pull request:&lt;/p&gt;

&lt;p&gt;    &lt;a href="https://github.com/apache/wicket/pull/90#discussion_r24726639" class="external-link" target="_blank" rel="nofollow noopener"&gt;https://github.com/apache/wicket/pull/90#discussion_r24726639&lt;/a&gt;&lt;/p&gt;

&lt;p&gt;    &amp;#8212; Diff: wicket-core/src/test/java/org/apache/wicket/markup/html/form/upload/MultiFileUploadFieldTest.java &amp;#8212;&lt;br/&gt;
    @@ -63,13 +64,16 @@ protected void onSubmit()&lt;br/&gt;
     				for (int i = 1; i &amp;lt; 2; i++)&lt;br/&gt;
     				{&lt;br/&gt;
     					FileUpload fileUpload = uploads.get&lt;img class="emoticon" src="https://issues.apache.org/jira/images/icons/emoticons/information.png" height="16" width="16" align="absmiddle" alt="" border="0"/&gt;;&lt;/p&gt;
&lt;ul class="alternate" type="square"&gt;
	&lt;li&gt;assertEquals(MultiFileUploadFieldTest.class.getSimpleName()&lt;ins&gt;i&lt;/ins&gt;".txt", fileUpload.getClientFileName());&lt;br/&gt;
    +					assertEquals(MultiFileUploadFieldTest.class.getSimpleName() + (i - 1) + ".txt",
	&lt;ul class="alternate" type="square"&gt;
		&lt;li&gt;
		&lt;ul class="alternate" type="square"&gt;
			&lt;li&gt;End diff &amp;#8211;&lt;/li&gt;
		&lt;/ul&gt;
		&lt;/li&gt;
	&lt;/ul&gt;
	&lt;/li&gt;
&lt;/ul&gt;


&lt;p&gt;    I run the test with i-1 and it was success, but maybe the code at this place changed a bit. So if it passing revert it.&lt;/p&gt;

&lt;p&gt;    Thanks a lot!&lt;/p&gt;</comment>
                            <comment id="14322212" author="githubbot" created="Sun, 15 Feb 2015 22:01:45 +0000">&lt;p&gt;Github user klopfdreh commented on the pull request:&lt;/p&gt;

&lt;p&gt;    &lt;a href="https://github.com/apache/wicket/pull/91#issuecomment-74439630" class="external-link" target="_blank" rel="nofollow noopener"&gt;https://github.com/apache/wicket/pull/91#issuecomment-74439630&lt;/a&gt;&lt;/p&gt;

&lt;p&gt;    Integrated - thanks a lot!&lt;/p&gt;</comment>
                            <comment id="14322213" author="githubbot" created="Sun, 15 Feb 2015 22:01:46 +0000">&lt;p&gt;Github user klopfdreh closed the pull request at:&lt;/p&gt;

&lt;p&gt;    &lt;a href="https://github.com/apache/wicket/pull/91" class="external-link" target="_blank" rel="nofollow noopener"&gt;https://github.com/apache/wicket/pull/91&lt;/a&gt;&lt;/p&gt;</comment>
                            <comment id="14322214" author="jira-bot" created="Sun, 15 Feb 2015 22:02:40 +0000">&lt;p&gt;Commit 1a6f1bde1a6b576f39bf6fd6d5129d577319c2a7 in wicket's branch refs/heads/wicket-6.x from klopfdreh&lt;br/&gt;
[ &lt;a href="https://git-wip-us.apache.org/repos/asf?p=wicket.git;h=1a6f1bd" class="external-link" target="_blank" rel="nofollow noopener"&gt;https://git-wip-us.apache.org/repos/asf?p=wicket.git;h=1a6f1bd&lt;/a&gt; ]&lt;/p&gt;

&lt;p&gt;&lt;a href="https://issues.apache.org/jira/browse/WICKET-5837" title="JUnit tests may fail because of AbstractDefaultAjaxBehavior" class="issue-link" data-issue-key="WICKET-5837"&gt;&lt;del&gt;WICKET-5837&lt;/del&gt;&lt;/a&gt; JUnit tests may fail because of AbstractDefaultAjaxBehavior&lt;/p&gt;</comment>
                            <comment id="14323027" author="githubbot" created="Mon, 16 Feb 2015 17:11:50 +0000">&lt;p&gt;Github user klopfdreh commented on the pull request:&lt;/p&gt;

&lt;p&gt;    &lt;a href="https://github.com/apache/wicket/pull/90#issuecomment-74541335" class="external-link" target="_blank" rel="nofollow noopener"&gt;https://github.com/apache/wicket/pull/90#issuecomment-74541335&lt;/a&gt;&lt;/p&gt;

&lt;p&gt;    @bitstorm - everything ok with this PR - or should I change something?&lt;/p&gt;

&lt;p&gt;    There are two ways to proceed - one is to change all 14 unit tests and the other is to change the order of the parameters at the central place.&lt;/p&gt;</comment>
                            <comment id="14323424" author="githubbot" created="Mon, 16 Feb 2015 23:00:02 +0000">&lt;p&gt;Github user bitstorm commented on the pull request:&lt;/p&gt;

&lt;p&gt;    &lt;a href="https://github.com/apache/wicket/pull/90#issuecomment-74585821" class="external-link" target="_blank" rel="nofollow noopener"&gt;https://github.com/apache/wicket/pull/90#issuecomment-74585821&lt;/a&gt;&lt;/p&gt;

&lt;p&gt;    actually I have already applied your commit to 6.x (hash 1a6f1bde1a6b576f39bf6fd6d5129d577319c2a7 ). So now its ok. I forgot to notify you about it.&lt;/p&gt;</comment>
                            <comment id="14323728" author="githubbot" created="Tue, 17 Feb 2015 06:45:11 +0000">&lt;p&gt;Github user klopfdreh commented on the pull request:&lt;/p&gt;

&lt;p&gt;    &lt;a href="https://github.com/apache/wicket/pull/90#issuecomment-74624272" class="external-link" target="_blank" rel="nofollow noopener"&gt;https://github.com/apache/wicket/pull/90#issuecomment-74624272&lt;/a&gt;&lt;/p&gt;

&lt;p&gt;    Ah ok! &lt;img class="emoticon" src="https://issues.apache.org/jira/images/icons/emoticons/smile.png" height="16" width="16" align="absmiddle" alt="" border="0"/&gt; - thanks a lot - so I'm closing this PR, now!&lt;/p&gt;</comment>
                            <comment id="14323729" author="githubbot" created="Tue, 17 Feb 2015 06:45:12 +0000">&lt;p&gt;Github user klopfdreh closed the pull request at:&lt;/p&gt;

&lt;p&gt;    &lt;a href="https://github.com/apache/wicket/pull/90" class="external-link" target="_blank" rel="nofollow noopener"&gt;https://github.com/apache/wicket/pull/90&lt;/a&gt;&lt;/p&gt;</comment>
                    </comments>
                    <attachments>
                    </attachments>
                <subtasks>
                    </subtasks>
                <customfields>
                                                                                                                                                                                                                                                                                                                                                                                                                                                                                                                                                                                                                                                                                                                    <customfield id="customfield_12314020" key="com.atlassian.jira.plugins.jira-development-integration-plugin:devsummary">
                        <customfieldname>Development</customfieldname>
                        <customfieldvalues>
                            
                        </customfieldvalues>
                    </customfield>
                                                                                                                        <customfield id="customfield_12313422" key="com.atlassian.jirafisheyeplugin:jobcheckbox">
                        <customfieldname>Enable Automatic Patch Review</customfieldname>
                        <customfieldvalues>
                            <customfieldvalue>false</customfieldvalue>

                        </customfieldvalues>
                    </customfield>
                                                                                                                                                                                                                                                                                                                                                                                                                                                                                                                                                                                                                    <customfield id="customfield_12310420" key="com.pyxis.greenhopper.jira:gh-global-rank">
                        <customfieldname>Global Rank</customfieldname>
                        <customfieldvalues>
                            <customfieldvalue>9223372036854775807</customfieldvalue>
                        </customfieldvalues>
                    </customfield>
                                                                                                                                                                                                                                                                                                                                                                                                                                                                        <customfield id="customfield_12311820" key="com.pyxis.greenhopper.jira:gh-lexo-rank">
                        <customfieldname>Rank</customfieldname>
                        <customfieldvalues>
                            <customfieldvalue>0|i25n3b:</customfieldvalue>

                        </customfieldvalues>
                    </customfield>
                                                                <customfield id="customfield_12310920" key="com.pyxis.greenhopper.jira:gh-global-rank">
                        <customfieldname>Rank (Obsolete)</customfieldname>
                        <customfieldvalues>
                            <customfieldvalue>9223372036854775807</customfieldvalue>
                        </customfieldvalues>
                    </customfield>
                                                                                                                                                                                                                                                                                                                                                                                                                                                                                                                                                                                                                                                                                                                                                                                            </customfields>
    </item>


</channel>
</rss>