<rss version="0.92">
    <channel>
        <title>ASF JIRA</title>
        <link>https://issues.apache.org/jira/issues/?jql=project+%3D+wicket+and+type+%3D+bug+and+%28status+%3D+RESOLVED+or+status+%3D+closed%29</link>
        <description>An XML representation of a search request</description>
                <language>en-uk</language>
                        <issue start="0" end="1000" total="4133" />
                <build-info>
            <version>8.20.7</version>
            <build-number>820007</build-number>
            <build-date>16-03-2022</build-date>
        </build-info>

<item>
            <title>[WICKET-5378] AutoCompleteTextField inside a ModalWindow shows auto complete dropdown in the wrong location</title>
                <link>https://issues.apache.org/jira/browse/WICKET-5378</link>
                <project id="12310561" key="WICKET">Wicket</project>
                    <description>&lt;p&gt;If you create a ModalWindow and add a AutoCompleteTextField into it, when you type into the AutoCompleteTextField the auto complete suggestions dropdown will appear far away from the AutoCompleteTextField (down and to the left).&lt;/p&gt;

&lt;p&gt;This quickstart works correctly in Wicket 6.9.1. It fails with an error in 6.10.0 (which I haven't raised since it doesn't occur in 6.11.0). &lt;/p&gt;</description>
                <environment />
        <key id="12671289">WICKET-5378</key>
            <summary>AutoCompleteTextField inside a ModalWindow shows auto complete dropdown in the wrong location</summary>
                <type id="1" iconUrl="https://issues.apache.org/jira/secure/viewavatar?size=xsmall&amp;avatarId=21133&amp;avatarType=issuetype">Bug</type>
                                            <priority id="3" iconUrl="https://issues.apache.org/jira/images/icons/priorities/major.svg">Major</priority>
                        <status id="6" iconUrl="https://issues.apache.org/jira/images/icons/statuses/closed.png" description="The issue is considered finished, the resolution is correct. Issues which are not closed can be reopened.">Closed</status>
                    <statusCategory id="3" key="done" colorName="green" />
                                    <resolution id="1">Fixed</resolution>
                                        <assignee username="bitstorm">Andrea Del Bene</assignee>
                                    <reporter username="alexgrant">Alex Grant</reporter>
                        <labels>
                    </labels>
                <created>Sun, 29 Sep 2013 22:54:27 +0000</created>
                <updated>Tue, 12 Nov 2013 20:47:06 +0000</updated>
                            <resolved>Thu, 3 Oct 2013 17:54:03 +0000</resolved>
                                    <version>6.11.0</version>
                                    <fixVersion>6.12.0</fixVersion>
                    <fixVersion>7.0.0-M1</fixVersion>
                                        <due />
                            <votes>0</votes>
                                    <watches>1</watches>
                                                                <comments>
                            <comment id="13781524" author="alexgrant" created="Sun, 29 Sep 2013 22:55:30 +0000">&lt;p&gt;Attached a quickstart, &lt;a href="https://issues.apache.org/jira/browse/WICKET-5378" title="AutoCompleteTextField inside a ModalWindow shows auto complete dropdown in the wrong location" class="issue-link" data-issue-key="WICKET-5378"&gt;&lt;del&gt;WICKET-5378&lt;/del&gt;&lt;/a&gt;-quickstart.zip.&lt;/p&gt;</comment>
                            <comment id="13820433" author="alexgrant" created="Tue, 12 Nov 2013 20:47:06 +0000">&lt;p&gt;Much better, thank you.&lt;/p&gt;</comment>
                    </comments>
                <issuelinks>
                            <issuelinktype id="12310060">
                    <name>Container</name>
                                                                <inwardlinks description="Is contained by">
                                        <issuelink>
            <issuekey id="12671474">WICKET-5382</issuekey>
        </issuelink>
                            </inwardlinks>
                                    </issuelinktype>
                            <issuelinktype id="12310000">
                    <name>Duplicate</name>
                                                                <inwardlinks description="is duplicated by">
                                        <issuelink>
            <issuekey id="12671611">WICKET-5383</issuekey>
        </issuelink>
                            </inwardlinks>
                                    </issuelinktype>
                            <issuelinktype id="10030">
                    <name>Reference</name>
                                                                <inwardlinks description="is related to">
                                        <issuelink>
            <issuekey id="12671291">WICKET-5379</issuekey>
        </issuelink>
                            </inwardlinks>
                                    </issuelinktype>
                    </issuelinks>
                <attachments>
                            <attachment id="12605832" name="WICKET-5378-quickstart.zip" size="12240" author="alexgrant" created="Sun, 29 Sep 2013 22:55:30 +0000" />
                    </attachments>
                <subtasks>
                    </subtasks>
                <customfields>
                                                                                                                                                                                                                                                                                                                                                                                                                                                                                                                                                                                                                                                                                                                    <customfield id="customfield_12314020" key="com.atlassian.jira.plugins.jira-development-integration-plugin:devsummary">
                        <customfieldname>Development</customfieldname>
                        <customfieldvalues>
                            
                        </customfieldvalues>
                    </customfield>
                                                                                                                        <customfield id="customfield_12313422" key="com.atlassian.jirafisheyeplugin:jobcheckbox">
                        <customfieldname>Enable Automatic Patch Review</customfieldname>
                        <customfieldvalues>
                            <customfieldvalue>false</customfieldvalue>

                        </customfieldvalues>
                    </customfield>
                                                                                                                                                                                                                                                                                                                                                                                                                                                                                                                                                                                                                    <customfield id="customfield_12310420" key="com.pyxis.greenhopper.jira:gh-global-rank">
                        <customfieldname>Global Rank</customfieldname>
                        <customfieldvalues>
                            <customfieldvalue>350995</customfieldvalue>
                        </customfieldvalues>
                    </customfield>
                                                                                                                                                                                                                                                                                                                                                                                                                                                                        <customfield id="customfield_12311820" key="com.pyxis.greenhopper.jira:gh-lexo-rank">
                        <customfieldname>Rank</customfieldname>
                        <customfieldvalues>
                            <customfieldvalue>0|i1oinz:</customfieldvalue>

                        </customfieldvalues>
                    </customfield>
                                                                <customfield id="customfield_12310920" key="com.pyxis.greenhopper.jira:gh-global-rank">
                        <customfieldname>Rank (Obsolete)</customfieldname>
                        <customfieldvalues>
                            <customfieldvalue>351286</customfieldvalue>
                        </customfieldvalues>
                    </customfield>
                                                                                                                                                                                                                                                                                                                                                                                                                                                                                                                                                                                                                                                                                                                                                                                            </customfields>
    </item>


</channel>
</rss>