<rss version="0.92">
    <channel>
        <title>ASF JIRA</title>
        <link>https://issues.apache.org/jira/issues/?jql=project+%3D+wicket+and+type+%3D+bug+and+%28status+%3D+RESOLVED+or+status+%3D+closed%29</link>
        <description>An XML representation of a search request</description>
                <language>en-uk</language>
                        <issue start="0" end="1000" total="4133" />
                <build-info>
            <version>8.20.7</version>
            <build-number>820007</build-number>
            <build-date>16-03-2022</build-date>
        </build-info>

<item>
            <title>[WICKET-5450] Double escaping when using EnumChoiceRenderer and DropDownChoice</title>
                <link>https://issues.apache.org/jira/browse/WICKET-5450</link>
                <project id="12310561" key="WICKET">Wicket</project>
                    <description>&lt;p&gt;From my post on the dev@ list:&lt;/p&gt;

&lt;p&gt;Currently, EnumChoiceRenderer escapes the value via the postprocess method.&lt;/p&gt;

&lt;p&gt;It seems to be redundant with the fact that DropDownChoice already&lt;br/&gt;
escapes the value by default (in AbstractChoice).&lt;/p&gt;

&lt;p&gt;Typically, in a default setup, if you use EnumChoiceRenderer and&lt;br/&gt;
DropDownChoice together, your value is escaped twice which leads to a&lt;br/&gt;
double escaped value.&lt;/p&gt;

&lt;p&gt;Should I open a JIRA so that we remove the escaping of EnumChoiceRenderer?&lt;/p&gt;

&lt;p&gt;References:&lt;br/&gt;
&lt;a href="https://github.com/apache/wicket/blob/master/wicket-core/src/main/java/org/apache/wicket/markup/html/form/EnumChoiceRenderer.java#L111" class="external-link" target="_blank" rel="nofollow noopener"&gt;https://github.com/apache/wicket/blob/master/wicket-core/src/main/java/org/apache/wicket/markup/html/form/EnumChoiceRenderer.java#L111&lt;/a&gt;&lt;br/&gt;
&lt;a href="https://github.com/apache/wicket/blob/master/wicket-core/src/main/java/org/apache/wicket/markup/html/form/AbstractChoice.java#L402" class="external-link" target="_blank" rel="nofollow noopener"&gt;https://github.com/apache/wicket/blob/master/wicket-core/src/main/java/org/apache/wicket/markup/html/form/AbstractChoice.java#L402&lt;/a&gt;&lt;/p&gt;</description>
                <environment />
        <key id="12685252">WICKET-5450</key>
            <summary>Double escaping when using EnumChoiceRenderer and DropDownChoice</summary>
                <type id="1" iconUrl="https://issues.apache.org/jira/secure/viewavatar?size=xsmall&amp;avatarId=21133&amp;avatarType=issuetype">Bug</type>
                                            <priority id="3" iconUrl="https://issues.apache.org/jira/images/icons/priorities/major.svg">Major</priority>
                        <status id="5" iconUrl="https://issues.apache.org/jira/images/icons/statuses/resolved.png" description="A resolution has been taken, and it is awaiting verification by reporter. From here issues are either reopened, or are closed.">Resolved</status>
                    <statusCategory id="3" key="done" colorName="green" />
                                    <resolution id="1">Fixed</resolution>
                                        <assignee username="mgrigorov">Martin Tzvetanov Grigorov</assignee>
                                    <reporter username="gsmet">Guillaume Smet</reporter>
                        <labels>
                    </labels>
                <created>Tue, 17 Dec 2013 21:07:08 +0000</created>
                <updated>Wed, 18 Dec 2013 09:24:18 +0000</updated>
                            <resolved>Wed, 18 Dec 2013 09:14:26 +0000</resolved>
                                    <version>6.12.0</version>
                                    <fixVersion>6.13.0</fixVersion>
                    <fixVersion>7.0.0-M1</fixVersion>
                                    <component>wicket</component>
                        <due />
                            <votes>0</votes>
                                    <watches>2</watches>
                                                                <comments>
                            <comment id="13851510" author="mgrigorov" created="Wed, 18 Dec 2013 09:14:26 +0000">&lt;p&gt;Removed the escaping.&lt;br/&gt;
The #postprocess() method is preserved, so the application can override it and revert to the old behavior.&lt;/p&gt;</comment>
                            <comment id="13851519" author="gsmet" created="Wed, 18 Dec 2013 09:24:18 +0000">&lt;p&gt;Thanks Martin!&lt;/p&gt;</comment>
                    </comments>
                    <attachments>
                    </attachments>
                <subtasks>
                    </subtasks>
                <customfields>
                                                                                                                                                                                                                                                                                                                                                                                                                                                                                                                                                                                                                                                                                                                    <customfield id="customfield_12314020" key="com.atlassian.jira.plugins.jira-development-integration-plugin:devsummary">
                        <customfieldname>Development</customfieldname>
                        <customfieldvalues>
                            
                        </customfieldvalues>
                    </customfield>
                                                                                                                        <customfield id="customfield_12313422" key="com.atlassian.jirafisheyeplugin:jobcheckbox">
                        <customfieldname>Enable Automatic Patch Review</customfieldname>
                        <customfieldvalues>
                            <customfieldvalue>false</customfieldvalue>

                        </customfieldvalues>
                    </customfield>
                                                                                                                                                                                                                                                                                                                                                                                                                                                                                                                                                                                                                    <customfield id="customfield_12310420" key="com.pyxis.greenhopper.jira:gh-global-rank">
                        <customfieldname>Global Rank</customfieldname>
                        <customfieldvalues>
                            <customfieldvalue>364329</customfieldvalue>
                        </customfieldvalues>
                    </customfield>
                                                                                                                                                                                                                                                                                                                                                                                                                                                                        <customfield id="customfield_12311820" key="com.pyxis.greenhopper.jira:gh-lexo-rank">
                        <customfieldname>Rank</customfieldname>
                        <customfieldvalues>
                            <customfieldvalue>0|i1qsr3:</customfieldvalue>

                        </customfieldvalues>
                    </customfield>
                                                                <customfield id="customfield_12310920" key="com.pyxis.greenhopper.jira:gh-global-rank">
                        <customfieldname>Rank (Obsolete)</customfieldname>
                        <customfieldvalues>
                            <customfieldvalue>364629</customfieldvalue>
                        </customfieldvalues>
                    </customfield>
                                                                                                                                                                                                                                                                                                                                                                                                                                                                                                                                                                                                                                                                                                                                                                                            </customfields>
    </item>


</channel>
</rss>