<rss version="0.92">
    <channel>
        <title>ASF JIRA</title>
        <link>https://issues.apache.org/jira/issues/?jql=project+%3D+wicket+and+type+%3D+bug+and+%28status+%3D+RESOLVED+or+status+%3D+closed%29</link>
        <description>An XML representation of a search request</description>
                <language>en-uk</language>
                        <issue start="0" end="1000" total="4133" />
                <build-info>
            <version>8.20.7</version>
            <build-number>820007</build-number>
            <build-date>16-03-2022</build-date>
        </build-info>

<item>
            <title>[WICKET-5836] Update the version of clirr-maven-plugin (current 2.6.1)</title>
                <link>https://issues.apache.org/jira/browse/WICKET-5836</link>
                <project id="12310561" key="WICKET">Wicket</project>
                    <description>&lt;p&gt;This ticket is targeting Wicket 6.x, 7.x, 8.x compiled with JDK 8, because the current version of the clirr plugin 2.6.1 isn't compatible with Java 8. At the moment there is no version higher then 2.6.1 so we have to wait until release.&lt;/p&gt;

&lt;p&gt;More information can be found here: &lt;/p&gt;

&lt;p&gt;&lt;a href="http://mail-archives.apache.org/mod_mbox/commons-dev/201407.mbox/%3CCACZkXPzS2nxtvK5sEJFyikvhP2817EY2b+7RAk0W_NUYzHA5BQ@mail.gmail.com%3E" class="external-link" target="_blank" rel="nofollow noopener"&gt;http://mail-archives.apache.org/mod_mbox/commons-dev/201407.mbox/%3CCACZkXPzS2nxtvK5sEJFyikvhP2817EY2b+7RAk0W_NUYzHA5BQ@mail.gmail.com%3E&lt;/a&gt;&lt;/p&gt;

&lt;p&gt;&lt;a href="http://mail-archives.apache.org/mod_mbox/commons-dev/201407.mbox/%3C11f48c22-60d5-4a94-8ed2-42cccfefaf2e@email.android.com%3E" class="external-link" target="_blank" rel="nofollow noopener"&gt;http://mail-archives.apache.org/mod_mbox/commons-dev/201407.mbox/%3C11f48c22-60d5-4a94-8ed2-42cccfefaf2e@email.android.com%3E&lt;/a&gt;&lt;/p&gt;

&lt;p&gt;Here the correlating tickets:&lt;/p&gt;

&lt;p&gt;&lt;a href="https://issues.apache.org/jira/browse/BCEL-173" class="external-link" rel="nofollow"&gt;https://issues.apache.org/jira/browse/BCEL-173&lt;/a&gt;&lt;br/&gt;
&lt;a href="https://issues.apache.org/jira/browse/BCEL-174" class="external-link" rel="nofollow"&gt;https://issues.apache.org/jira/browse/BCEL-174&lt;/a&gt;&lt;br/&gt;
&lt;a href="https://issues.apache.org/jira/browse/BCEL-175" class="external-link" rel="nofollow"&gt;https://issues.apache.org/jira/browse/BCEL-175&lt;/a&gt;&lt;/p&gt;</description>
                <environment />
        <key id="12774973">WICKET-5836</key>
            <summary>Update the version of clirr-maven-plugin (current 2.6.1)</summary>
                <type id="1" iconUrl="https://issues.apache.org/jira/secure/viewavatar?size=xsmall&amp;avatarId=21133&amp;avatarType=issuetype">Bug</type>
                                            <priority id="4" iconUrl="https://issues.apache.org/jira/images/icons/priorities/minor.svg">Minor</priority>
                        <status id="5" iconUrl="https://issues.apache.org/jira/images/icons/statuses/resolved.png" description="A resolution has been taken, and it is awaiting verification by reporter. From here issues are either reopened, or are closed.">Resolved</status>
                    <statusCategory id="3" key="done" colorName="green" />
                                    <resolution id="1">Fixed</resolution>
                                        <assignee username="mgrigorov">Martin Tzvetanov Grigorov</assignee>
                                    <reporter username="klopfdreh">Tobias Soloschenko</reporter>
                        <labels>
                    </labels>
                <created>Fri, 13 Feb 2015 18:00:32 +0000</created>
                <updated>Tue, 20 Sep 2016 19:40:38 +0000</updated>
                            <resolved>Tue, 20 Sep 2016 19:39:38 +0000</resolved>
                                    <version>6.20.0</version>
                    <version>7.0.0-M6</version>
                    <version>8.0.0-M1</version>
                                    <fixVersion>8.0.0-M2</fixVersion>
                                    <component>wicket</component>
                        <due />
                            <votes>0</votes>
                                    <watches>3</watches>
                                                                <comments>
                            <comment id="14320725" author="klopfdreh" created="Fri, 13 Feb 2015 20:40:47 +0000">&lt;p&gt;A possible workaround:&lt;br/&gt;
In wicket's parrent pom:&lt;br/&gt;
	&amp;lt;dependencies&amp;gt;&lt;br/&gt;
		&amp;lt;dependency&amp;gt;&lt;br/&gt;
		&amp;lt;groupId&amp;gt;org.apache.bcel&amp;lt;/groupId&amp;gt;&lt;br/&gt;
		&amp;lt;artifactId&amp;gt;bcel&amp;lt;/artifactId&amp;gt;&lt;br/&gt;
		&amp;lt;version&amp;gt;6.0-SNAPSHOT&amp;lt;/version&amp;gt;		&lt;br/&gt;
	&amp;lt;/dependency&amp;gt;&lt;/p&gt;

&lt;p&gt;Plugin config:&lt;/p&gt;

&lt;p&gt;				&amp;lt;plugin&amp;gt;&lt;br/&gt;
					&amp;lt;groupId&amp;gt;org.codehaus.mojo&amp;lt;/groupId&amp;gt;&lt;br/&gt;
					&amp;lt;artifactId&amp;gt;clirr-maven-plugin&amp;lt;/artifactId&amp;gt;&lt;br/&gt;
					&amp;lt;version&amp;gt;2.6.1&amp;lt;/version&amp;gt;&lt;br/&gt;
					&amp;lt;configuration&amp;gt;&lt;br/&gt;
						&amp;lt;comparisonVersion&amp;gt;6.0.0&amp;lt;/comparisonVersion&amp;gt;&lt;br/&gt;
						&amp;lt;failOnError&amp;gt;true&amp;lt;/failOnError&amp;gt;&lt;br/&gt;
						&amp;lt;logResults&amp;gt;true&amp;lt;/logResults&amp;gt;&lt;br/&gt;
						&amp;lt;ignored&amp;gt;&lt;br/&gt;
							&amp;lt;difference&amp;gt;&lt;br/&gt;
								&amp;lt;!-- FeedbackCollector used to be final. Now it is non-final and so all existing methods were made final to keep them non-overridable. However, clirr does not take into account the class going from final to non-final and thinks overridable methods were made final. We ignore this change to silence it. --&amp;gt;&lt;br/&gt;
								&amp;lt;className&amp;gt;org${file.separator}apache${file.separator}wicket${file.separator}feedback${file.separator}FeedbackCollector&amp;lt;/className&amp;gt;&lt;br/&gt;
								&amp;lt;method&amp;gt;*&amp;lt;/method&amp;gt;&lt;br/&gt;
								&amp;lt;differenceType&amp;gt;7014&amp;lt;/differenceType&amp;gt;&lt;br/&gt;
							&amp;lt;/difference&amp;gt;&lt;br/&gt;
						&amp;lt;/ignored&amp;gt;&lt;/p&gt;

&lt;p&gt;					&amp;lt;/configuration&amp;gt;&lt;br/&gt;
					&amp;lt;executions&amp;gt;&lt;br/&gt;
						&amp;lt;execution&amp;gt;&lt;br/&gt;
							&amp;lt;id&amp;gt;clirr-check&amp;lt;/id&amp;gt;&lt;br/&gt;
							&amp;lt;phase&amp;gt;compile&amp;lt;/phase&amp;gt;&lt;br/&gt;
							&amp;lt;goals&amp;gt;&lt;br/&gt;
								&amp;lt;goal&amp;gt;check&amp;lt;/goal&amp;gt;&lt;br/&gt;
							&amp;lt;/goals&amp;gt;&lt;br/&gt;
						&amp;lt;/execution&amp;gt;&lt;br/&gt;
					&amp;lt;/executions&amp;gt;&lt;br/&gt;
					&amp;lt;dependencies&amp;gt;&lt;br/&gt;
						&amp;lt;dependency&amp;gt;&lt;br/&gt;
							&amp;lt;groupId&amp;gt;org.apache.bcel&amp;lt;/groupId&amp;gt;&lt;br/&gt;
							&amp;lt;artifactId&amp;gt;bcel&amp;lt;/artifactId&amp;gt;&lt;br/&gt;
							&amp;lt;version&amp;gt;6.0-SNAPSHOT&amp;lt;/version&amp;gt;		&lt;br/&gt;
						&amp;lt;/dependency&amp;gt;&lt;br/&gt;
					&amp;lt;/dependencies&amp;gt;&lt;/p&gt;

&lt;p&gt;				&amp;lt;/plugin&amp;gt;&lt;/p&gt;

&lt;p&gt;Repository:&lt;/p&gt;

&lt;p&gt;&amp;lt;repositories&amp;gt;&lt;br/&gt;
    &amp;lt;repository&amp;gt;&lt;br/&gt;
        &amp;lt;releases&amp;gt;&lt;br/&gt;
            &amp;lt;enabled&amp;gt;false&amp;lt;/enabled&amp;gt;&lt;br/&gt;
        &amp;lt;/releases&amp;gt;&lt;br/&gt;
        &amp;lt;snapshots&amp;gt;&lt;br/&gt;
            &amp;lt;enabled&amp;gt;true&amp;lt;/enabled&amp;gt;&lt;br/&gt;
        &amp;lt;/snapshots&amp;gt;&lt;br/&gt;
        &amp;lt;id&amp;gt;apache.snapshots&amp;lt;/id&amp;gt;&lt;br/&gt;
        &amp;lt;name&amp;gt;Apache Snapshot Repository&amp;lt;/name&amp;gt;&lt;br/&gt;
        &amp;lt;url&amp;gt;&lt;a href="https://repository.apache.org/content/groups/snapshots" class="external-link" target="_blank" rel="nofollow noopener"&gt;https://repository.apache.org/content/groups/snapshots&lt;/a&gt;&amp;lt;/url&amp;gt;&lt;br/&gt;
        &amp;lt;layout&amp;gt;default&amp;lt;/layout&amp;gt;&lt;br/&gt;
    &amp;lt;/repository&amp;gt;&lt;br/&gt;
&amp;lt;/repositories&amp;gt;&lt;/p&gt;</comment>
                            <comment id="14320734" author="klopfdreh" created="Fri, 13 Feb 2015 20:46:34 +0000">&lt;p&gt;The previous solution should not be committed, but it shows how to solve the issue building wicket with java 8.&lt;/p&gt;</comment>
                            <comment id="14320864" author="mgrigorov" created="Fri, 13 Feb 2015 22:18:05 +0000">&lt;p&gt;Thanks for the investigation, Tobias!&lt;/p&gt;

&lt;p&gt;Another option for everyone who wants to build Wicket 6.x (and 7.0.1+, once released) with JDK 1.8 is to add "-Dclirr.skip".&lt;/p&gt;

&lt;p&gt;I believe clirr-maven-plugin will be updated by the time we release Wicket 8.0.1 (the first version built officially with JDK 8 and with enabled Clirr plugin).&lt;/p&gt;</comment>
                            <comment id="15268183" author="klopfdreh" created="Tue, 3 May 2016 06:24:05 +0000">&lt;p&gt;Hi Martin,&lt;/p&gt;

&lt;p&gt;short update: &lt;a href="https://github.com/mojohaus/clirr-maven-plugin/issues/3" class="external-link" target="_blank" rel="nofollow noopener"&gt;https://github.com/mojohaus/clirr-maven-plugin/issues/3&lt;/a&gt;&lt;/p&gt;

&lt;p&gt;kind regards&lt;/p&gt;

&lt;p&gt;Tobias&lt;/p&gt;</comment>
                            <comment id="15268223" author="mgrigorov" created="Tue, 3 May 2016 06:49:41 +0000">&lt;p&gt;Hi Tobias,&lt;/p&gt;

&lt;p&gt;I am watching C-M-P project too.&lt;br/&gt;
The plugin won't be enabled in Wicket until 8.0.0 so we have some more time.&lt;/p&gt;</comment>
                            <comment id="15507573" author="jira-bot" created="Tue, 20 Sep 2016 19:39:15 +0000">&lt;p&gt;Commit 8538df05c460d5e07da5585310cbe975bb4d838f in wicket's branch refs/heads/master from &lt;a href="https://issues.apache.org/jira/secure/ViewProfile.jspa?name=mgrigorov" class="user-hover" rel="mgrigorov"&gt;mgrigorov&lt;/a&gt;&lt;br/&gt;
[ &lt;a href="https://git-wip-us.apache.org/repos/asf?p=wicket.git;h=8538df0" class="external-link" target="_blank" rel="nofollow noopener"&gt;https://git-wip-us.apache.org/repos/asf?p=wicket.git;h=8538df0&lt;/a&gt; ]&lt;/p&gt;

&lt;p&gt;&lt;a href="https://issues.apache.org/jira/browse/WICKET-5836" title="Update the version of clirr-maven-plugin (current 2.6.1)" class="issue-link" data-issue-key="WICKET-5836"&gt;&lt;del&gt;WICKET-5836&lt;/del&gt;&lt;/a&gt; Update the version of clirr-maven-plugin&lt;/p&gt;</comment>
                            <comment id="15507575" author="mgrigorov" created="Tue, 20 Sep 2016 19:39:39 +0000">&lt;p&gt;Upgraded it to 2.8 which works on Java 8.&lt;/p&gt;</comment>
                            <comment id="15507580" author="klopfdreh" created="Tue, 20 Sep 2016 19:40:38 +0000">&lt;p&gt;Yay! Great! Thanks a lot Martin.&lt;/p&gt;</comment>
                    </comments>
                    <attachments>
                    </attachments>
                <subtasks>
                    </subtasks>
                <customfields>
                                                                                                                                                                                                                                                                                                                                                                                                                                                                                                                                                                                                                                                                                                                    <customfield id="customfield_12314020" key="com.atlassian.jira.plugins.jira-development-integration-plugin:devsummary">
                        <customfieldname>Development</customfieldname>
                        <customfieldvalues>
                            
                        </customfieldvalues>
                    </customfield>
                                                                                                                        <customfield id="customfield_12313422" key="com.atlassian.jirafisheyeplugin:jobcheckbox">
                        <customfieldname>Enable Automatic Patch Review</customfieldname>
                        <customfieldvalues>
                            <customfieldvalue>false</customfieldvalue>

                        </customfieldvalues>
                    </customfield>
                                                                                                                                                                                                                                                                                                                                                                                                                                                                                                                                                                                                                    <customfield id="customfield_12310420" key="com.pyxis.greenhopper.jira:gh-global-rank">
                        <customfieldname>Global Rank</customfieldname>
                        <customfieldvalues>
                            <customfieldvalue>9223372036854775807</customfieldvalue>
                        </customfieldvalues>
                    </customfield>
                                                                                                                                                                                                                                                                                                                                                                                                                                                                        <customfield id="customfield_12311820" key="com.pyxis.greenhopper.jira:gh-lexo-rank">
                        <customfieldname>Rank</customfieldname>
                        <customfieldvalues>
                            <customfieldvalue>0|i25m27:</customfieldvalue>

                        </customfieldvalues>
                    </customfield>
                                                                <customfield id="customfield_12310920" key="com.pyxis.greenhopper.jira:gh-global-rank">
                        <customfieldname>Rank (Obsolete)</customfieldname>
                        <customfieldvalues>
                            <customfieldvalue>9223372036854775807</customfieldvalue>
                        </customfieldvalues>
                    </customfield>
                                                                                                                                                                                                                                                                                                                                                                                                                                                                                                                                                                                                                                                                                                                                                                                            </customfields>
    </item>


</channel>
</rss>