<rss version="0.92">
    <channel>
        <title>ASF JIRA</title>
        <link>https://issues.apache.org/jira/issues/?jql=project+%3D+wicket+and+type+%3D+bug+and+%28status+%3D+RESOLVED+or+status+%3D+closed%29</link>
        <description>An XML representation of a search request</description>
                <language>en-uk</language>
                        <issue start="0" end="1000" total="4133" />
                <build-info>
            <version>8.20.7</version>
            <build-number>820007</build-number>
            <build-date>16-03-2022</build-date>
        </build-info>

<item>
            <title>[WICKET-5502] Patch FileUploadBase to fix CVE-2014-0050</title>
                <link>https://issues.apache.org/jira/browse/WICKET-5502</link>
                <project id="12310561" key="WICKET">Wicket</project>
                    <description>&lt;p&gt;Wicket has local copy of commons-fileupload files to avoid having dependency to third party libraries.&lt;br/&gt;
Recently a security vulnerability has been found in commons-fileupload that is fixed in 1.3.1.&lt;br/&gt;
Wicket copy should be patched as well.&lt;/p&gt;</description>
                <environment />
        <key id="12693896">WICKET-5502</key>
            <summary>Patch FileUploadBase to fix CVE-2014-0050</summary>
                <type id="1" iconUrl="https://issues.apache.org/jira/secure/viewavatar?size=xsmall&amp;avatarId=21133&amp;avatarType=issuetype">Bug</type>
                                            <priority id="3" iconUrl="https://issues.apache.org/jira/images/icons/priorities/major.svg">Major</priority>
                        <status id="5" iconUrl="https://issues.apache.org/jira/images/icons/statuses/resolved.png" description="A resolution has been taken, and it is awaiting verification by reporter. From here issues are either reopened, or are closed.">Resolved</status>
                    <statusCategory id="3" key="done" colorName="green" />
                                    <resolution id="1">Fixed</resolution>
                                        <assignee username="mgrigorov">Martin Tzvetanov Grigorov</assignee>
                                    <reporter username="mgrigorov">Martin Tzvetanov Grigorov</reporter>
                        <labels>
                    </labels>
                <created>Fri, 7 Feb 2014 14:15:09 +0000</created>
                <updated>Fri, 7 Feb 2014 14:47:52 +0000</updated>
                            <resolved>Fri, 7 Feb 2014 14:16:25 +0000</resolved>
                                    <version>1.5.11</version>
                    <version>6.13.0</version>
                                    <fixVersion>6.14.0</fixVersion>
                    <fixVersion>7.0.0-M1</fixVersion>
                    <fixVersion>1.5.12</fixVersion>
                                    <component>wicket</component>
                        <due />
                            <votes>0</votes>
                                    <watches>1</watches>
                                                                    <issuelinks>
                            <issuelinktype id="10030">
                    <name>Reference</name>
                                            <outwardlinks description="relates to">
                                        <issuelink>
            <issuekey id="12693902">WICKET-5503</issuekey>
        </issuelink>
                            </outwardlinks>
                                                        </issuelinktype>
                    </issuelinks>
                <attachments>
                    </attachments>
                <subtasks>
                    </subtasks>
                <customfields>
                                                                                                                                                                                                                                                                                                                                                                                                                                                                                                                                                                                                                                                                                                                    <customfield id="customfield_12314020" key="com.atlassian.jira.plugins.jira-development-integration-plugin:devsummary">
                        <customfieldname>Development</customfieldname>
                        <customfieldvalues>
                            
                        </customfieldvalues>
                    </customfield>
                                                                                                                        <customfield id="customfield_12313422" key="com.atlassian.jirafisheyeplugin:jobcheckbox">
                        <customfieldname>Enable Automatic Patch Review</customfieldname>
                        <customfieldvalues>
                            <customfieldvalue>false</customfieldvalue>

                        </customfieldvalues>
                    </customfield>
                                                                                                                                                                                                                                                                                                                                                                                                                                                                                                                                                                                                                    <customfield id="customfield_12310420" key="com.pyxis.greenhopper.jira:gh-global-rank">
                        <customfieldname>Global Rank</customfieldname>
                        <customfieldvalues>
                            <customfieldvalue>372405</customfieldvalue>
                        </customfieldvalues>
                    </customfield>
                                                                                                                                                                                                                                                                                                                                                                                                                                                                        <customfield id="customfield_12311820" key="com.pyxis.greenhopper.jira:gh-lexo-rank">
                        <customfieldname>Rank</customfieldname>
                        <customfieldvalues>
                            <customfieldvalue>0|i1s6gv:</customfieldvalue>

                        </customfieldvalues>
                    </customfield>
                                                                <customfield id="customfield_12310920" key="com.pyxis.greenhopper.jira:gh-global-rank">
                        <customfieldname>Rank (Obsolete)</customfieldname>
                        <customfieldvalues>
                            <customfieldvalue>372709</customfieldvalue>
                        </customfieldvalues>
                    </customfield>
                                                                                                                                                                                                                                                                                                                                                                                                                                                                                                                                                                                                                                                                                                                                                                                            </customfields>
    </item>


</channel>
</rss>