<rss version="0.92">
    <channel>
        <title>ASF JIRA</title>
        <link>https://issues.apache.org/jira/issues/?jql=project+%3D+wicket+and+type+%3D+bug+and+%28status+%3D+RESOLVED+or+status+%3D+closed%29</link>
        <description>An XML representation of a search request</description>
                <language>en-uk</language>
                        <issue start="0" end="1000" total="4133" />
                <build-info>
            <version>8.20.7</version>
            <build-number>820007</build-number>
            <build-date>16-03-2022</build-date>
        </build-info>

<item>
            <title>[WICKET-5821] Wicket calls AjaxButton#onSubmit() before Form#onSubmit()</title>
                <link>https://issues.apache.org/jira/browse/WICKET-5821</link>
                <project id="12310561" key="WICKET">Wicket</project>
                    <description>&lt;p&gt;What is the point in firing AjaxButton#onSubmit() before Form#onSubmit() since form components are not yet properly configured?&lt;/p&gt;

&lt;p&gt;For example I have an complex component which consists of inner Form.&lt;br/&gt;
In InnerForm#onSubmit() (which doesn't know about parent form) I'm setting up a complex model.&lt;/p&gt;
&lt;div class="code panel" style="border-width: 1px;"&gt;&lt;div class="codeContent panelContent"&gt;
&lt;pre class="code-java"&gt;InnerForm#onSubmit(){
     Obejct modelObject = computeModelObjectFromManyFields();
     MyFormComponent.&lt;span class="code-keyword"&gt;this&lt;/span&gt;.setModelObject(modelObject);
}
&lt;/pre&gt;
&lt;/div&gt;&lt;/div&gt;
&lt;p&gt;Then I have an outer form in MyClass that contains MyFormComponent and an AjaxButton&lt;/p&gt;
&lt;div class="code panel" style="border-width: 1px;"&gt;&lt;div class="codeContent panelContent"&gt;
&lt;pre class="code-java"&gt;&lt;span class="code-keyword"&gt;protected&lt;/span&gt; void onInitialize() {
     form = &lt;span class="code-keyword"&gt;new&lt;/span&gt; Form(&lt;span class="code-quote"&gt;"form"&lt;/span&gt;)
     form.add(&lt;span class="code-keyword"&gt;new&lt;/span&gt; MyFormComponent(&lt;span class="code-quote"&gt;"component"&lt;/span&gt;, myComplexModel);
     form.add(&lt;span class="code-keyword"&gt;new&lt;/span&gt; IndicatingAjaxButton(&lt;span class="code-quote"&gt;"button"&lt;/span&gt;, form){
           &lt;span class="code-keyword"&gt;protected&lt;/span&gt; void onSubmit(AjaxRequestTarget target, Form&amp;lt;?&amp;gt; form)
                 MyClass.&lt;span class="code-keyword"&gt;this&lt;/span&gt;.formSubmitted(target);
           }
      });
      add(form);
}
&lt;span class="code-keyword"&gt;protected&lt;/span&gt; void formSubmitted(AjaxRequestTarget target){
      doSomethingWithTarget(target);
      doSomething(myComplexModel.getObject());
}
&lt;/pre&gt;
&lt;/div&gt;&lt;/div&gt;

&lt;p&gt;Unfortunatelly because AjaxButton#onSubmit() is called before InnerForm.onSubmit() in myComplexModel.getObject() I obtain null instead of computed object.&lt;/p&gt;

&lt;p&gt;Could you please fix this behaviour?&lt;br/&gt;
Kind regards&lt;/p&gt;</description>
                <environment />
        <key id="12770166">WICKET-5821</key>
            <summary>Wicket calls AjaxButton#onSubmit() before Form#onSubmit()</summary>
                <type id="1" iconUrl="https://issues.apache.org/jira/secure/viewavatar?size=xsmall&amp;avatarId=21133&amp;avatarType=issuetype">Bug</type>
                                            <priority id="3" iconUrl="https://issues.apache.org/jira/images/icons/priorities/major.svg">Major</priority>
                        <status id="5" iconUrl="https://issues.apache.org/jira/images/icons/statuses/resolved.png" description="A resolution has been taken, and it is awaiting verification by reporter. From here issues are either reopened, or are closed.">Resolved</status>
                    <statusCategory id="3" key="done" colorName="green" />
                                    <resolution id="8">Not A Problem</resolution>
                                        <assignee username="-1">Unassigned</assignee>
                                    <reporter username="eximius313">Kamil</reporter>
                        <labels>
                    </labels>
                <created>Mon, 26 Jan 2015 19:56:27 +0000</created>
                <updated>Mon, 26 Jan 2015 20:20:20 +0000</updated>
                            <resolved>Mon, 26 Jan 2015 20:20:20 +0000</resolved>
                                                                        <due />
                            <votes>0</votes>
                                    <watches>3</watches>
                                                                <comments>
                            <comment id="14292346" author="cmenzel" created="Mon, 26 Jan 2015 20:18:26 +0000">&lt;p&gt;This is well-defined behavior. The order of submit methods is:&lt;/p&gt;

&lt;p&gt;1. submitting button: onSubmit&lt;br/&gt;
2. form itself: onSubmit&lt;br/&gt;
3. submitting button: onAfterSubmit&lt;/p&gt;

&lt;p&gt;Anything that needs to happen after the form's onSubmit can be done in onAfterSubmit.&lt;/p&gt;</comment>
                            <comment id="14292350" author="mgrigorov" created="Mon, 26 Jan 2015 20:20:20 +0000">&lt;p&gt;Please use the mailing lists for questions.&lt;br/&gt;
Thanks!&lt;/p&gt;</comment>
                    </comments>
                    <attachments>
                    </attachments>
                <subtasks>
                    </subtasks>
                <customfields>
                                                                                                                                                                                                                                                                                                                                                                                                                                                                                                                                                                                                                                                                                                                    <customfield id="customfield_12314020" key="com.atlassian.jira.plugins.jira-development-integration-plugin:devsummary">
                        <customfieldname>Development</customfieldname>
                        <customfieldvalues>
                            
                        </customfieldvalues>
                    </customfield>
                                                                                                                        <customfield id="customfield_12313422" key="com.atlassian.jirafisheyeplugin:jobcheckbox">
                        <customfieldname>Enable Automatic Patch Review</customfieldname>
                        <customfieldvalues>
                            <customfieldvalue>false</customfieldvalue>

                        </customfieldvalues>
                    </customfield>
                                                                                                                                                                                                                                                                                                                                                                                                                                                                                                                                                                                                                    <customfield id="customfield_12310420" key="com.pyxis.greenhopper.jira:gh-global-rank">
                        <customfieldname>Global Rank</customfieldname>
                        <customfieldvalues>
                            <customfieldvalue>9223372036854775807</customfieldvalue>
                        </customfieldvalues>
                    </customfield>
                                                                                                                                                                                                                                                                                                                                                                                                                                                                        <customfield id="customfield_12311820" key="com.pyxis.greenhopper.jira:gh-lexo-rank">
                        <customfieldname>Rank</customfieldname>
                        <customfieldvalues>
                            <customfieldvalue>0|i24t8n:</customfieldvalue>

                        </customfieldvalues>
                    </customfield>
                                                                <customfield id="customfield_12310920" key="com.pyxis.greenhopper.jira:gh-global-rank">
                        <customfieldname>Rank (Obsolete)</customfieldname>
                        <customfieldvalues>
                            <customfieldvalue>9223372036854775807</customfieldvalue>
                        </customfieldvalues>
                    </customfield>
                                                                                                                                                                                                                                                                                                                                                                                                                                                                                                                                                                                                                                                                                                                                                                                            </customfields>
    </item>


</channel>
</rss>