<rss version="0.92">
    <channel>
        <title>ASF JIRA</title>
        <link>https://issues.apache.org/jira/issues/?jql=project+%3D+wicket+and+type+%3D+bug+and+%28status+%3D+RESOLVED+or+status+%3D+closed%29</link>
        <description>An XML representation of a search request</description>
                <language>en-uk</language>
                        <issue start="0" end="1000" total="4133" />
                <build-info>
            <version>8.20.7</version>
            <build-number>820007</build-number>
            <build-date>16-03-2022</build-date>
        </build-info>

<item>
            <title>[WICKET-5964] Queuing a component within an enclosure</title>
                <link>https://issues.apache.org/jira/browse/WICKET-5964</link>
                <project id="12310561" key="WICKET">Wicket</project>
                    <description>&lt;p&gt;Queueing doesn't work if component is in a enclosure tag. &lt;/p&gt;

&lt;p&gt;&amp;lt;wicket:enclosure child="inlink"&amp;gt;&lt;br/&gt;
&amp;lt;a href="panier.html"&amp;gt;&lt;br/&gt;
	&amp;lt;span wicket:id="inlink"&amp;gt;&amp;lt;/span&amp;gt;&lt;br/&gt;
&amp;lt;/a&amp;gt;&lt;br/&gt;
&amp;lt;/wicket:enclosure&amp;gt;&lt;/p&gt;</description>
                <environment />
        <key id="12852981">WICKET-5964</key>
            <summary>Queuing a component within an enclosure</summary>
                <type id="1" iconUrl="https://issues.apache.org/jira/secure/viewavatar?size=xsmall&amp;avatarId=21133&amp;avatarType=issuetype">Bug</type>
                                            <priority id="3" iconUrl="https://issues.apache.org/jira/images/icons/priorities/major.svg">Major</priority>
                        <status id="6" iconUrl="https://issues.apache.org/jira/images/icons/statuses/closed.png" description="The issue is considered finished, the resolution is correct. Issues which are not closed can be reopened.">Closed</status>
                    <statusCategory id="3" key="done" colorName="green" />
                                    <resolution id="1">Fixed</resolution>
                                        <assignee username="bitstorm">Andrea Del Bene</assignee>
                                    <reporter username="darkvadaure">Palancher aur&#233;lien</reporter>
                        <labels>
                    </labels>
                <created>Fri, 7 Aug 2015 15:24:33 +0000</created>
                <updated>Wed, 12 Aug 2015 15:10:21 +0000</updated>
                            <resolved>Wed, 12 Aug 2015 15:10:21 +0000</resolved>
                                    <version>7.0.0</version>
                                    <fixVersion>7.1.0</fixVersion>
                                    <component>wicket</component>
                        <due />
                            <votes>0</votes>
                                    <watches>3</watches>
                                                                <comments>
                            <comment id="14662046" author="darkvadaure" created="Fri, 7 Aug 2015 16:18:45 +0000">&lt;p&gt;Attached QuickStart with a simple example&lt;/p&gt;</comment>
                            <comment id="14680712" author="darkvadaure" created="Mon, 10 Aug 2015 20:28:22 +0000">&lt;p&gt;see &lt;a href="https://issues.apache.org/jira/browse/WICKET-5965" class="external-link" rel="nofollow"&gt;https://issues.apache.org/jira/browse/WICKET-5965&lt;/a&gt;&lt;br/&gt;
it works if we replace add(component) by queue(component) in the autoAdd methods (MarkupContainer)&lt;br/&gt;
i hope it helps&lt;/p&gt;</comment>
                            <comment id="14680726" author="darkvadaure" created="Mon, 10 Aug 2015 20:38:39 +0000">&lt;p&gt;added quickfix with markupcontainer.java in the app&lt;/p&gt;</comment>
                            <comment id="14693411" author="jira-bot" created="Wed, 12 Aug 2015 12:31:20 +0000">&lt;p&gt;Commit 860668521f1d250038cd233d5dfe63c740e1fc19 in wicket's branch refs/heads/master from &lt;a href="https://issues.apache.org/jira/secure/ViewProfile.jspa?name=bitstorm" class="user-hover" rel="bitstorm"&gt;bitstorm&lt;/a&gt;&lt;br/&gt;
[ &lt;a href="https://git-wip-us.apache.org/repos/asf?p=wicket.git;h=8606685" class="external-link" target="_blank" rel="nofollow noopener"&gt;https://git-wip-us.apache.org/repos/asf?p=wicket.git;h=8606685&lt;/a&gt; ]&lt;/p&gt;

&lt;p&gt;&lt;a href="https://issues.apache.org/jira/browse/WICKET-5964" title="Queuing a component within an enclosure" class="issue-link" data-issue-key="WICKET-5964"&gt;&lt;del&gt;WICKET-5964&lt;/del&gt;&lt;/a&gt; Queuing a component within an enclosure&lt;/p&gt;</comment>
                            <comment id="14693643" author="bitstorm" created="Wed, 12 Aug 2015 15:10:12 +0000">&lt;p&gt;Replacing  add(component) with queue(component) would be a huge change and it would change the semantic of the method: queued components are eventually added to a container while autoAdd is meant to add a component immediately.&lt;/p&gt;</comment>
                    </comments>
                    <attachments>
                            <attachment id="12749689" name="WicketQuickstartFix.war" size="3569170" author="darkvadaure" created="Mon, 10 Aug 2015 20:38:39 +0000" />
                    </attachments>
                <subtasks>
                    </subtasks>
                <customfields>
                                                                                                                                                                                                                                                                                                                                                                                                                                                                                                                                                                                                                                                                                                                    <customfield id="customfield_12314020" key="com.atlassian.jira.plugins.jira-development-integration-plugin:devsummary">
                        <customfieldname>Development</customfieldname>
                        <customfieldvalues>
                            
                        </customfieldvalues>
                    </customfield>
                                                                                                                        <customfield id="customfield_12313422" key="com.atlassian.jirafisheyeplugin:jobcheckbox">
                        <customfieldname>Enable Automatic Patch Review</customfieldname>
                        <customfieldvalues>
                            <customfieldvalue>false</customfieldvalue>

                        </customfieldvalues>
                    </customfield>
                                                                                                                                                                                                                                                                                                                                                        <customfield id="customfield_12310250" key="com.atlassian.jira.plugin.system.customfieldtypes:multicheckboxes">
                        <customfieldname>Flags</customfieldname>
                        <customfieldvalues>
                                <customfieldvalue key="10431">Important</customfieldvalue>
    
                        </customfieldvalues>
                    </customfield>
                                                                                                                                                                                                                                                                                                <customfield id="customfield_12310420" key="com.pyxis.greenhopper.jira:gh-global-rank">
                        <customfieldname>Global Rank</customfieldname>
                        <customfieldvalues>
                            <customfieldvalue>9223372036854775807</customfieldvalue>
                        </customfieldvalues>
                    </customfield>
                                                                                                                                                                                                                                                                                                                                                                                                                                                                        <customfield id="customfield_12311820" key="com.pyxis.greenhopper.jira:gh-lexo-rank">
                        <customfieldname>Rank</customfieldname>
                        <customfieldvalues>
                            <customfieldvalue>0|i2ih13:</customfieldvalue>

                        </customfieldvalues>
                    </customfield>
                                                                <customfield id="customfield_12310920" key="com.pyxis.greenhopper.jira:gh-global-rank">
                        <customfieldname>Rank (Obsolete)</customfieldname>
                        <customfieldvalues>
                            <customfieldvalue>9223372036854775807</customfieldvalue>
                        </customfieldvalues>
                    </customfield>
                                                                                                                                                                                                                                                                                                                                                                                                                                                                                                                                                                                                                                                                                                                                                                                            </customfields>
    </item>


</channel>
</rss>