<rss version="0.92">
    <channel>
        <title>ASF JIRA</title>
        <link>https://issues.apache.org/jira/issues/?jql=project+%3D+wicket+and+type+%3D+bug+and+%28status+%3D+RESOLVED+or+status+%3D+closed%29</link>
        <description>An XML representation of a search request</description>
                <language>en-uk</language>
                        <issue start="0" end="1000" total="4133" />
                <build-info>
            <version>8.20.7</version>
            <build-number>820007</build-number>
            <build-date>16-03-2022</build-date>
        </build-info>

<item>
            <title>[WICKET-5363] Wicket-Atmosphere doesn't work with large AjaxUpdates on IE 8 &amp; 9</title>
                <link>https://issues.apache.org/jira/browse/WICKET-5363</link>
                <project id="12310561" key="WICKET">Wicket</project>
                    <description>&lt;p&gt;To demonstrate this problem I combined the wicket-atmosphere and wicket-tree example from wicketstuff to show the &lt;/p&gt;

&lt;p&gt;acutal time as part of each element of a treetable. On other browsers (FF, Chrome, Opera, IE 10) it works without any problem but on IE 8/9 the follwing happens:&lt;/p&gt;

&lt;p&gt;IE 9: The subcribed function (updateTime) is called but nothing happens in the browser.&lt;br/&gt;
IE 8: The browser throws a two exceptions in the browser ("Error parsing response: ..." and &lt;/p&gt;

&lt;p&gt;"Wicket.Ajax.Call.failure: Error while parsing response: Could not find root &amp;lt;ajax-response&amp;gt; element") as the &lt;/p&gt;

&lt;p&gt;ajax-response simply ends in the middle of the request and therefore can't be parsed.&lt;/p&gt;

&lt;p&gt;On the WorkingPage a simple periodic Update on a Label works on both versions of IE.&lt;/p&gt;

&lt;p&gt;The source of this problem seems to be the TrackMessageSizeFilter which somehow doesn't seem to work.&lt;/p&gt;</description>
                <environment>Windows 7, JDK 7</environment>
        <key id="12670037">WICKET-5363</key>
            <summary>Wicket-Atmosphere doesn't work with large AjaxUpdates on IE 8 &amp; 9</summary>
                <type id="1" iconUrl="https://issues.apache.org/jira/secure/viewavatar?size=xsmall&amp;avatarId=21133&amp;avatarType=issuetype">Bug</type>
                                            <priority id="3" iconUrl="https://issues.apache.org/jira/images/icons/priorities/major.svg">Major</priority>
                        <status id="5" iconUrl="https://issues.apache.org/jira/images/icons/statuses/resolved.png" description="A resolution has been taken, and it is awaiting verification by reporter. From here issues are either reopened, or are closed.">Resolved</status>
                    <statusCategory id="3" key="done" colorName="green" />
                                    <resolution id="8">Not A Problem</resolution>
                                        <assignee username="mgrigorov">Martin Tzvetanov Grigorov</assignee>
                                    <reporter username="paul ms">Paul</reporter>
                        <labels>
                    </labels>
                <created>Mon, 23 Sep 2013 12:07:43 +0000</created>
                <updated>Thu, 14 Aug 2014 12:53:45 +0000</updated>
                            <resolved>Thu, 14 Aug 2014 12:51:49 +0000</resolved>
                                    <version>6.10.0</version>
                                                    <component>wicket-atmosphere</component>
                        <due />
                            <votes>0</votes>
                                    <watches>2</watches>
                                                                <comments>
                            <comment id="14096928" author="mgrigorov" created="Thu, 14 Aug 2014 12:51:49 +0000">&lt;p&gt;This looks like a config issue.&lt;br/&gt;
Adding eventBus.getParameters().setTrackMessageLength(false); fixes it.&lt;br/&gt;
You may ask in Atmosphere forums why this is needed for streaming transport.&lt;/p&gt;</comment>
                            <comment id="14096930" author="mgrigorov" created="Thu, 14 Aug 2014 12:53:45 +0000">&lt;p&gt;Attaching updated version of the quickstart (Wicket 6.17-SNAPSHOT, Wicket-Atmo 0.20-SNAPSHOT, Atmo 2.1.8)&lt;/p&gt;</comment>
                    </comments>
                    <attachments>
                            <attachment id="12661708" name="5363.tgz" size="27615" author="mgrigorov" created="Thu, 14 Aug 2014 12:53:45 +0000" />
                            <attachment id="12604571" name="quickstart.zip" size="31826" author="paul ms" created="Mon, 23 Sep 2013 12:08:39 +0000" />
                    </attachments>
                <subtasks>
                    </subtasks>
                <customfields>
                                                                                                                                                                                                                                                                                                                                                                                                                                                                                                                                                                                                                                                                                                                    <customfield id="customfield_12314020" key="com.atlassian.jira.plugins.jira-development-integration-plugin:devsummary">
                        <customfieldname>Development</customfieldname>
                        <customfieldvalues>
                            
                        </customfieldvalues>
                    </customfield>
                                                                                                                        <customfield id="customfield_12313422" key="com.atlassian.jirafisheyeplugin:jobcheckbox">
                        <customfieldname>Enable Automatic Patch Review</customfieldname>
                        <customfieldvalues>
                            <customfieldvalue>false</customfieldvalue>

                        </customfieldvalues>
                    </customfield>
                                                                                                                                                                                                                                                                                                                                                                                                                                                                                                                                                                                                                    <customfield id="customfield_12310420" key="com.pyxis.greenhopper.jira:gh-global-rank">
                        <customfieldname>Global Rank</customfieldname>
                        <customfieldvalues>
                            <customfieldvalue>349867</customfieldvalue>
                        </customfieldvalues>
                    </customfield>
                                                                                                                                                                                                                                                                                                                                                                                                                                                                        <customfield id="customfield_12311820" key="com.pyxis.greenhopper.jira:gh-lexo-rank">
                        <customfieldname>Rank</customfieldname>
                        <customfieldvalues>
                            <customfieldvalue>0|i1obrj:</customfieldvalue>

                        </customfieldvalues>
                    </customfield>
                                                                <customfield id="customfield_12310920" key="com.pyxis.greenhopper.jira:gh-global-rank">
                        <customfieldname>Rank (Obsolete)</customfieldname>
                        <customfieldvalues>
                            <customfieldvalue>350165</customfieldvalue>
                        </customfieldvalues>
                    </customfield>
                                                                                                                                                                                                                                                                                                                                                                                                                                                                                                                                                                                                                                                                                                                                                                                            </customfields>
    </item>


</channel>
</rss>