<rss version="0.92">
    <channel>
        <title>ASF JIRA</title>
        <link>https://issues.apache.org/jira/issues/?jql=project+%3D+wicket+and+type+%3D+bug+and+%28status+%3D+RESOLVED+or+status+%3D+closed%29</link>
        <description>An XML representation of a search request</description>
                <language>en-uk</language>
                        <issue start="0" end="1000" total="4133" />
                <build-info>
            <version>8.20.7</version>
            <build-number>820007</build-number>
            <build-date>16-03-2022</build-date>
        </build-info>

<item>
            <title>[WICKET-5421] Wicket sometimes throws ComponentNotFoundException</title>
                <link>https://issues.apache.org/jira/browse/WICKET-5421</link>
                <project id="12310561" key="WICKET">Wicket</project>
                    <description>&lt;p&gt;While moving between pages, sometime I get the ComponentNotFoundException.&lt;/p&gt;

&lt;p&gt;The error message is like this:&lt;br/&gt;
org.apache.wicket.core.request.handler.ComponentNotFoundException: Could not find component 'form1:dataViewScanManagementProjectDetail:3:lnkScanManagementPackageDetail' on page 'class jp.ne.hoge.hogehoge.player.companymanagement.CompanyManagementPage&lt;/p&gt;

&lt;p&gt;In this case, I was about to move from a page named "CompanyManagementPage" to a page named "ScanManagementProjectDetailPage."&lt;br/&gt;
Of course a Link component named "lnkScanManagementPackageDetail" exists on the "ScanManagementProjectDetailPage," but the Wicket framework sometimes refers to the previous page; the Link component does not exist on the "CompanyManagementPage" and that is why the ComponentNotFoundException occurred.&lt;/p&gt;

&lt;p&gt;I really am not sure why the Wicket framework sometimes behaves like that, and if you have any idea, please let me know. Any suggestions will be appreciated. Thank you.&lt;/p&gt;

&lt;p&gt;For your information, here is the full error message I got:&lt;/p&gt;

&lt;p&gt;org.apache.wicket.core.request.handler.ComponentNotFoundException: Could not find component 'form1:dataViewScanManagementProjectDetail:3:lnkScanManagementPackageDetail' on page 'class jp.ne.hoge.hogehoge.player.companymanagement.CompanyManagementPage&lt;br/&gt;
     at org.apache.wicket.core.request.handler.PageAndComponentProvider.getComponent(PageAndComponentProvider.java:182)&lt;br/&gt;
     at org.apache.wicket.core.request.handler.ListenerInterfaceRequestHandler.getComponent(ListenerInterfaceRequestHandler.java:90)&lt;br/&gt;
     at org.apache.wicket.core.request.handler.ListenerInterfaceRequestHandler.respond(ListenerInterfaceRequestHandler.java:231)&lt;br/&gt;
     at org.apache.wicket.request.cycle.RequestCycle$HandlerExecutor.respond(RequestCycle.java:854)&lt;br/&gt;
     at org.apache.wicket.request.RequestHandlerStack.execute(RequestHandlerStack.java:64)&lt;br/&gt;
     at org.apache.wicket.request.cycle.RequestCycle.execute(RequestCycle.java:254)&lt;br/&gt;
     at org.apache.wicket.request.cycle.RequestCycle.processRequest(RequestCycle.java:211)&lt;br/&gt;
     at org.apache.wicket.request.cycle.RequestCycle.processRequestAndDetach(RequestCycle.java:282)&lt;br/&gt;
     at org.apache.wicket.protocol.http.WicketFilter.processRequestCycle(WicketFilter.java:259)&lt;br/&gt;
     at org.apache.wicket.protocol.http.WicketFilter.processRequest(WicketFilter.java:201)&lt;br/&gt;
     at org.apache.wicket.protocol.http.WicketFilter.doFilter(WicketFilter.java:282)&lt;br/&gt;
     at org.apache.catalina.core.ApplicationFilterChain.internalDoFilter(ApplicationFilterChain.java:256)&lt;br/&gt;
     at org.apache.catalina.core.ApplicationFilterChain.doFilter(ApplicationFilterChain.java:217)&lt;br/&gt;
     at org.apache.catalina.core.StandardWrapperValve.invoke(StandardWrapperValve.java:279)&lt;br/&gt;
     at org.apache.catalina.core.StandardContextValve.invoke(StandardContextValve.java:175)&lt;br/&gt;
     at org.apache.catalina.core.StandardPipeline.doInvoke(StandardPipeline.java:655)&lt;br/&gt;
     at org.apache.catalina.core.StandardPipeline.invoke(StandardPipeline.java:595)&lt;br/&gt;
     at org.apache.catalina.core.StandardHostValve.invoke(StandardHostValve.java:161)&lt;br/&gt;
     at org.apache.catalina.connector.CoyoteAdapter.doService(CoyoteAdapter.java:331)&lt;br/&gt;
     at org.apache.catalina.connector.CoyoteAdapter.service(CoyoteAdapter.java:231)&lt;br/&gt;
     at com.sun.enterprise.v3.services.impl.ContainerMapper$AdapterCallable.call(ContainerMapper.java:317)&lt;br/&gt;
     at com.sun.enterprise.v3.services.impl.ContainerMapper.service(ContainerMapper.java:195)&lt;br/&gt;
     at com.sun.grizzly.http.ProcessorTask.invokeAdapter(ProcessorTask.java:860)&lt;br/&gt;
     at com.sun.grizzly.http.ProcessorTask.doProcess(ProcessorTask.java:757)&lt;br/&gt;
     at com.sun.grizzly.http.ProcessorTask.process(ProcessorTask.java:1056)&lt;br/&gt;
     at com.sun.grizzly.http.DefaultProtocolFilter.execute(DefaultProtocolFilter.java:229)&lt;br/&gt;
     at com.sun.grizzly.DefaultProtocolChain.executeProtocolFilter(DefaultProtocolChain.java:137)&lt;br/&gt;
     at com.sun.grizzly.DefaultProtocolChain.execute(DefaultProtocolChain.java:104)&lt;br/&gt;
     at com.sun.grizzly.DefaultProtocolChain.execute(DefaultProtocolChain.java:90)&lt;br/&gt;
     at com.sun.grizzly.http.HttpProtocolChain.execute(HttpProtocolChain.java:79)&lt;br/&gt;
     at com.sun.grizzly.ProtocolChainContextTask.doCall(ProtocolChainContextTask.java:54)&lt;br/&gt;
     at com.sun.grizzly.SelectionKeyContextTask.call(SelectionKeyContextTask.java:59)&lt;br/&gt;
     at com.sun.grizzly.ContextTask.run(ContextTask.java:71)&lt;br/&gt;
     at com.sun.grizzly.util.AbstractThreadPool$Worker.doWork(AbstractThreadPool.java:532)&lt;br/&gt;
     at com.sun.grizzly.util.AbstractThreadPool$Worker.run(AbstractThreadPool.java:513)&lt;br/&gt;
     at java.lang.Thread.run(Unknown Source)&lt;/p&gt;</description>
                <environment>OS: Linux&lt;br/&gt;
Development tools: Eclipse, Glassfish, Java 7, Spring, MyBatis.</environment>
        <key id="12680449">WICKET-5421</key>
            <summary>Wicket sometimes throws ComponentNotFoundException</summary>
                <type id="1" iconUrl="https://issues.apache.org/jira/secure/viewavatar?size=xsmall&amp;avatarId=21133&amp;avatarType=issuetype">Bug</type>
                                            <priority id="3" iconUrl="https://issues.apache.org/jira/images/icons/priorities/major.svg">Major</priority>
                        <status id="6" iconUrl="https://issues.apache.org/jira/images/icons/statuses/closed.png" description="The issue is considered finished, the resolution is correct. Issues which are not closed can be reopened.">Closed</status>
                    <statusCategory id="3" key="done" colorName="green" />
                                    <resolution id="4">Incomplete</resolution>
                                        <assignee username="-1">Unassigned</assignee>
                                    <reporter username="yu_takahasi">Yukako Takahashi</reporter>
                        <labels>
                    </labels>
                <created>Thu, 21 Nov 2013 06:54:40 +0000</created>
                <updated>Wed, 4 Dec 2013 01:47:04 +0000</updated>
                            <resolved>Thu, 21 Nov 2013 07:35:35 +0000</resolved>
                                    <version>6.7.0</version>
                                                    <component>wicket</component>
                        <due />
                            <votes>0</votes>
                                    <watches>3</watches>
                                                                <comments>
                            <comment id="13828572" author="mgrigorov" created="Thu, 21 Nov 2013 07:35:35 +0000">&lt;p&gt;The exception is thrown when a component is not found in the page. Usually it is an error in the application itself.&lt;br/&gt;
If you are able to provide a quickstart app that demonstrates the problem then please attach it and we will debug it.&lt;/p&gt;</comment>
                            <comment id="13828601" author="yu_takahasi" created="Thu, 21 Nov 2013 08:38:41 +0000">&lt;p&gt;Thank for the quick reply!&lt;/p&gt;

&lt;p&gt;About attaching quickstart apps, please wait for a while. I need to get some approvals.&lt;/p&gt;

&lt;p&gt;Yes, I understand that the ComponentNotFoundException is thrown when a component is not found in the page, and usually I don't have this problem, even when I move back and forth between the two pages (I mean, CompanyManagementPage and ScanManagementProjectDetailPage).&lt;/p&gt;

&lt;p&gt;For your information, I currently know the following points for this problem:&lt;br/&gt;
1) This problem rarely occurs, like once or twice a week. &lt;br/&gt;
2) This problem occurs when transitioning from one page to another.&lt;br/&gt;
3) This problem seems to occur when transitioning between pages that have a dataview component (yes, both CompanyManagementPage and ScanManagementProjectDetailPage have a dataview component).&lt;br/&gt;
4) The component that wasn't found is defined in the dataView component in the destination page.&lt;br/&gt;
5) But when this problem occurs, the page the Wicket is actually looking at is the origin page (not the destination page).&lt;/p&gt;</comment>
                            <comment id="13828617" author="mgrigorov" created="Thu, 21 Nov 2013 09:01:18 +0000">&lt;p&gt;By quickstart we mean a minimal application that reproduces the problem by following some steps. &lt;br/&gt;
We don't want to see your business application attached to the ticket &lt;img class="emoticon" src="https://issues.apache.org/jira/images/icons/emoticons/smile.png" height="16" width="16" align="absmiddle" alt="" border="0"/&gt;&lt;/p&gt;

&lt;p&gt;Since the problem is not easy to reproduce in your business application I guess it won't be easy to extract a mini application that exposes the problem by executing a use case.&lt;/p&gt;

&lt;p&gt;Since you think the DataView is related here is what I believe happens:&lt;br/&gt;
1) the data view initially starts with N rows. N is the number of items returned by your data provider&lt;br/&gt;
2) something is done that removes items from the DB&lt;br/&gt;
3) going back to a page with the initial state (N rows) and clicking on a row that points to a removed item could lead to such problem because the data view will use the data provider to render its items but this time they will be M, where M &amp;lt; N. So link pointing to any item between M and M will fail.&lt;/p&gt;

&lt;p&gt;How to fix ?&lt;br/&gt;
Make sure the generation of the links also uses dynamic data provider/model so it will generate as much links as items you have in the DB.&lt;br/&gt;
Also check that going back to an older page hits this Page's #onConfigure method or even better your data provider's #iterator() method. This won't happen if there is some caching at the client side.&lt;/p&gt;</comment>
                            <comment id="13833920" author="ian marshall" created="Wed, 27 Nov 2013 16:32:48 +0000">&lt;p&gt;ComponentNotFoundException on GAE in production&lt;br/&gt;
-----------------------------------------------&lt;/p&gt;

&lt;p&gt;Introduction&lt;br/&gt;
------------&lt;br/&gt;
Like the reporter of this issue, I get this issue too, albeit in different circumstances. I get this issue in a deterministic manner which is helpful, but the unhelpful bit is that the issue occurs in production using Google App Engine for Java (GA/J) but does not occur using the GAE/J dev app server on my local machine.&lt;/p&gt;


&lt;p&gt;My problem&lt;br/&gt;
----------&lt;br/&gt;
I have the following page classes, all descended from WebPage:&lt;/p&gt;

&lt;p&gt;    PageHome      (stateless)&lt;br/&gt;
    PageBrowse    (stateless)&lt;br/&gt;
    PageSearch    (stateful)&lt;br/&gt;
    PageImages    (stateful)&lt;br/&gt;
    PageImage     (stateful)&lt;/p&gt;


&lt;p&gt;Path usage in development&lt;br/&gt;
-------------------------&lt;br/&gt;
I navigate through the path, and all images are shown successfully:&lt;/p&gt;

&lt;p&gt;    PageHome&lt;/p&gt;
&lt;div class='table-wrap'&gt;
&lt;table class='confluenceTable'&gt;&lt;tbody&gt;
&lt;tr&gt;
&lt;/tr&gt;
&lt;tr&gt;
&lt;/tr&gt;
&lt;/tbody&gt;&lt;/table&gt;
&lt;/div&gt;

&lt;p&gt;      V&lt;br/&gt;
    PageBrowse or PageSearch&lt;/p&gt;
&lt;div class='table-wrap'&gt;
&lt;table class='confluenceTable'&gt;&lt;tbody&gt;
&lt;tr&gt;
&lt;/tr&gt;
&lt;tr&gt;
&lt;/tr&gt;
&lt;/tbody&gt;&lt;/table&gt;
&lt;/div&gt;

&lt;p&gt;      V&lt;br/&gt;
    PageImages    (all images are shown)&lt;/p&gt;
&lt;div class='table-wrap'&gt;
&lt;table class='confluenceTable'&gt;&lt;tbody&gt;
&lt;tr&gt;
&lt;/tr&gt;
&lt;tr&gt;
&lt;/tr&gt;
&lt;/tbody&gt;&lt;/table&gt;
&lt;/div&gt;

&lt;p&gt;      V&lt;br/&gt;
    PageImage     (the image is shown)&lt;/p&gt;
&lt;div class='table-wrap'&gt;
&lt;table class='confluenceTable'&gt;&lt;tbody&gt;
&lt;tr&gt;
&lt;/tr&gt;
&lt;tr&gt;
&lt;/tr&gt;
&lt;/tbody&gt;&lt;/table&gt;
&lt;/div&gt;

&lt;p&gt;      V&lt;br/&gt;
    PageImages    (all images are shown)&lt;/p&gt;
&lt;div class='table-wrap'&gt;
&lt;table class='confluenceTable'&gt;&lt;tbody&gt;
&lt;tr&gt;
&lt;/tr&gt;
&lt;tr&gt;
&lt;/tr&gt;
&lt;/tbody&gt;&lt;/table&gt;
&lt;/div&gt;

&lt;p&gt;      V&lt;br/&gt;
    PageBrowse or PageSearch (respectively)&lt;/p&gt;
&lt;div class='table-wrap'&gt;
&lt;table class='confluenceTable'&gt;&lt;tbody&gt;
&lt;tr&gt;
&lt;/tr&gt;
&lt;tr&gt;
&lt;/tr&gt;
&lt;/tbody&gt;&lt;/table&gt;
&lt;/div&gt;

&lt;p&gt;      V&lt;br/&gt;
    PageHome&lt;/p&gt;


&lt;p&gt;Path usage in production - browsing&lt;br/&gt;
-----------------------------------&lt;br/&gt;
I attempt to navigate through the same "browse" path as in development with the following results:&lt;/p&gt;

&lt;p&gt;    PageHome&lt;/p&gt;
&lt;div class='table-wrap'&gt;
&lt;table class='confluenceTable'&gt;&lt;tbody&gt;
&lt;tr&gt;
&lt;/tr&gt;
&lt;tr&gt;
&lt;/tr&gt;
&lt;/tbody&gt;&lt;/table&gt;
&lt;/div&gt;

&lt;p&gt;      V&lt;br/&gt;
    PageBrowse&lt;/p&gt;
&lt;div class='table-wrap'&gt;
&lt;table class='confluenceTable'&gt;&lt;tbody&gt;
&lt;tr&gt;
&lt;/tr&gt;
&lt;tr&gt;
&lt;/tr&gt;
&lt;/tbody&gt;&lt;/table&gt;
&lt;/div&gt;

&lt;p&gt;      V&lt;br/&gt;
    PageImages    (all images are shown)&lt;/p&gt;
&lt;div class='table-wrap'&gt;
&lt;table class='confluenceTable'&gt;&lt;tbody&gt;
&lt;tr&gt;
&lt;/tr&gt;
&lt;tr&gt;
&lt;/tr&gt;
&lt;/tbody&gt;&lt;/table&gt;
&lt;/div&gt;

&lt;p&gt;      V&lt;br/&gt;
    PageImage     (image showing fails - the framework attempts to show the image component from PageImages instead of from PageImage)&lt;/p&gt;
&lt;div class='table-wrap'&gt;
&lt;table class='confluenceTable'&gt;&lt;tbody&gt;
&lt;tr&gt;
&lt;/tr&gt;
&lt;tr&gt;
&lt;/tr&gt;
&lt;/tbody&gt;&lt;/table&gt;
&lt;/div&gt;

&lt;p&gt;      V&lt;br/&gt;
    PageBrowse    (the submit button goes directly to this page instead of to PageImages)&lt;/p&gt;
&lt;div class='table-wrap'&gt;
&lt;table class='confluenceTable'&gt;&lt;tbody&gt;
&lt;tr&gt;
&lt;/tr&gt;
&lt;tr&gt;
&lt;/tr&gt;
&lt;/tbody&gt;&lt;/table&gt;
&lt;/div&gt;

&lt;p&gt;      V&lt;br/&gt;
    PageHome&lt;/p&gt;


&lt;p&gt;Path usage in production - searching&lt;br/&gt;
------------------------------------&lt;br/&gt;
I attempt to navigate through the same "search" path as in development with the following results:&lt;/p&gt;

&lt;p&gt;    PageHome&lt;/p&gt;
&lt;div class='table-wrap'&gt;
&lt;table class='confluenceTable'&gt;&lt;tbody&gt;
&lt;tr&gt;
&lt;/tr&gt;
&lt;tr&gt;
&lt;/tr&gt;
&lt;/tbody&gt;&lt;/table&gt;
&lt;/div&gt;

&lt;p&gt;      V&lt;br/&gt;
    PageSearch&lt;/p&gt;
&lt;div class='table-wrap'&gt;
&lt;table class='confluenceTable'&gt;&lt;tbody&gt;
&lt;tr&gt;
&lt;/tr&gt;
&lt;tr&gt;
&lt;/tr&gt;
&lt;/tbody&gt;&lt;/table&gt;
&lt;/div&gt;

&lt;p&gt;      V&lt;br/&gt;
    PageImages    (all images are shown)&lt;/p&gt;
&lt;div class='table-wrap'&gt;
&lt;table class='confluenceTable'&gt;&lt;tbody&gt;
&lt;tr&gt;
&lt;/tr&gt;
&lt;tr&gt;
&lt;/tr&gt;
&lt;/tbody&gt;&lt;/table&gt;
&lt;/div&gt;

&lt;p&gt;      V&lt;br/&gt;
    PageImage     (the image is shown)&lt;/p&gt;
&lt;div class='table-wrap'&gt;
&lt;table class='confluenceTable'&gt;&lt;tbody&gt;
&lt;tr&gt;
&lt;/tr&gt;
&lt;tr&gt;
&lt;/tr&gt;
&lt;/tbody&gt;&lt;/table&gt;
&lt;/div&gt;

&lt;p&gt;      V&lt;br/&gt;
    PageImages    (the showing of all images fails - the framework attempts to show the image components from PageImage instead of from PageImages)&lt;/p&gt;
&lt;div class='table-wrap'&gt;
&lt;table class='confluenceTable'&gt;&lt;tbody&gt;
&lt;tr&gt;
&lt;/tr&gt;
&lt;tr&gt;
&lt;/tr&gt;
&lt;/tbody&gt;&lt;/table&gt;
&lt;/div&gt;

&lt;p&gt;      V&lt;br/&gt;
    PageImages    (the submit button goes to this page again instead of to PageSearch, with failed image showing)&lt;/p&gt;
&lt;div class='table-wrap'&gt;
&lt;table class='confluenceTable'&gt;&lt;tbody&gt;
&lt;tr&gt;
&lt;/tr&gt;
&lt;tr&gt;
&lt;/tr&gt;
&lt;/tbody&gt;&lt;/table&gt;
&lt;/div&gt;

&lt;p&gt;      V&lt;br/&gt;
    PageImages    (...)&lt;/p&gt;


&lt;p&gt;Tentative conclusions&lt;br/&gt;
---------------------&lt;br/&gt;
1.  Because this issue arises in GAE/J production but not on the GAE/J dev app server, this issue may result from how the session is stored by the different web servers. This might be related to my StackOverflow post "Intermittently missing Wicket session flash messages" at &lt;a href="http://stackoverflow.com/questions/14344740/intermittently-missing-wicket-session-flash-messages" class="external-link" target="_blank" rel="nofollow noopener"&gt;http://stackoverflow.com/questions/14344740/intermittently-missing-wicket-session-flash-messages&lt;/a&gt;.&lt;/p&gt;


&lt;p&gt;2.  In the "browse" path, when moving from PageImages to PageImage using code of the form&lt;/p&gt;

&lt;p&gt;  PageImage pgNext = new PageImage(...);&lt;br/&gt;
  setResponsePage(pgNext);&lt;/p&gt;

&lt;p&gt;the framework appears to behave on PageImage as if it were still on PageImages: it tries to get its image component from PageImages, and its form submission event handler executes as the same in PageImages would do.&lt;/p&gt;


&lt;p&gt;3.  Similarly, in the "search" path, when moving from PageImage to PageImages using code of the form&lt;/p&gt;

&lt;p&gt;  PageImages pgNext = new PageImages(...);&lt;br/&gt;
  setResponsePage(pgNext);&lt;/p&gt;

&lt;p&gt;the framework appears to behave on PageImages as if it were still on PageImage: it tries to get its image components from PageImage, and its form submission event handler executes as the same in PageImage would do.&lt;/p&gt;


&lt;p&gt;4.  Perhaps this issue arises at different pages in the two paths because PageBrowse is stateless whereas PageSearch is stateful.&lt;/p&gt;


&lt;p&gt;Conclusion&lt;br/&gt;
----------&lt;br/&gt;
Does anyone have any bright ideas or comments?&lt;/p&gt;


&lt;p&gt;Software environment&lt;br/&gt;
--------------------&lt;/p&gt;

&lt;p&gt;    Production&lt;br/&gt;
    ----------&lt;br/&gt;
&#160;   Web server:       Google App Engine for Java (GAE/J) version 1.8.7&lt;br/&gt;
  &#160; Java version:     ? &lt;span class="error"&gt;&amp;#91;GAE/J dictated&amp;#93;&lt;/span&gt;&lt;br/&gt;
&#160;   Java run-time:    ? &lt;span class="error"&gt;&amp;#91;GAE/J dictated&amp;#93;&lt;/span&gt;&lt;br/&gt;
  &#160; Operating system: ? &lt;span class="error"&gt;&amp;#91;GAE/J dictated&amp;#93;&lt;/span&gt;&lt;/p&gt;

&lt;p&gt;    Development&lt;br/&gt;
    ----------&lt;br/&gt;
  &#160; Web server:       Google App Engine app dev server for Java version 1.8.7&lt;br/&gt;
&#160;   Java version:     1.7.0_45; Java HotSpot Client VM 24.45-b08&lt;br/&gt;
  &#160; Java run-time:    Java SE Runtime Environment 1.7.0_45-b18&lt;br/&gt;
&#160;   Operating system: Microsoft Windows XP Home Edition version 2002 SP3 running on x86&lt;/p&gt;

&lt;p&gt;    For both production and development&lt;br/&gt;
    -----------------------------------&lt;br/&gt;
  &#160; Web framework:    Apache Wicket 6.12.0&lt;/p&gt;</comment>
                            <comment id="13833940" author="mgrigorov" created="Wed, 27 Nov 2013 16:50:35 +0000">&lt;p&gt;Do you create urls manually by using Component#urlFor() or RequestCycle#urlFor() somewhere in your application ?&lt;br/&gt;
I have seen similar problems when the application creates an url to a behavior/component/resource/... in the action phase (e.g. onClick, onEvent, etc.). In such cases the url can be wrong for the next request.&lt;br/&gt;
The solution is to move such calls to the render phase (i.e. in onConfigure, onBeforeRender) or even better let Wicket generate the url for the component (an image, a link, frame, etc.).&lt;/p&gt;

&lt;p&gt;Without a test case that can be debugged it is hard to say more :-/&lt;/p&gt;
</comment>
                            <comment id="13834678" author="ian marshall" created="Thu, 28 Nov 2013 09:58:40 +0000">&lt;p&gt;I didn't use Component#urlFor() or RequestCycle#urlFor() for navigation here. To navigate from PageHome to PageBrowse I use an &amp;lt;a&amp;gt; tag in the HTML and the Java code:&lt;/p&gt;

&lt;p&gt;    BookmarkablePageLink&amp;lt;PageBrowse&amp;gt; lnkBrowse = new BookmarkablePageLink&amp;lt;PageBrowse&amp;gt;("lnkBrowse", PageBrowse.class);&lt;/p&gt;

&lt;p&gt;To navigate from PageBrowse to PageImages, I use similar code:&lt;/p&gt;

&lt;p&gt;    PageParameters params = &lt;span class="error"&gt;&amp;#91;...&amp;#93;&lt;/span&gt;;&lt;br/&gt;
    BookmarkablePageLink&amp;lt;PageImages&amp;gt; lnkImages = new BookmarkablePageLink&amp;lt;PageImages&amp;gt;("lnkImages", PageImages.class, params);&lt;/p&gt;

&lt;p&gt;To navigate from PageImages back to PageBrowse, I use a form submit button with:&lt;/p&gt;

&lt;p&gt;    @Override&lt;br/&gt;
    protected void onSubmit()&lt;/p&gt;
    {
      setResponsePage(PageBrowse.class);
    }

&lt;p&gt;As you know, I cannot usefully provide a test case since my issue appears to occur in GAE/J production only, which is annoying. My gut feeling is that GAE/J treats sessions differently from its development app server and other production web servers, such that updates to the session about which page the Wicket framework thinks a user is at are not made correctly.&lt;/p&gt;

&lt;p&gt;I have recently changed PageBrowse to be stateless, and made a few other changes too, any of which might have exposed the problem. If I isolate the cause, I shall update this issue.&lt;/p&gt;</comment>
                            <comment id="13835129" author="yu_takahasi" created="Fri, 29 Nov 2013 01:06:36 +0000">&lt;p&gt;&amp;gt; Martin Grigorov added a comment - 21/Nov/13 18:01&lt;/p&gt;

&lt;p&gt;Thank you for quick reply!&lt;br/&gt;
After that, I've looked over my application for a week and I think I found the cause at last.&lt;/p&gt;

&lt;p&gt;The cause seems to be the random numbers that I set as the page id for every WebPages whenever they are called.&lt;/p&gt;

&lt;p&gt;When the page id which is randomly generated for a newly called page has already been used for another page, the Wicket seems to look at the cache with the newly generated page id if a dataView exists on the newly called page. However, the newly generated page id is actually related to the different page at that time, so the Wicket gets the different page using the newly generated page id and throws ConponentNotFoundException because it cannot find the dataView-related components on that page.&lt;/p&gt;

&lt;p&gt;The reason why I regenerate random page Ids is... for the security, I don't want my users to see the page id increased one by one, although I understand I should not call the method org.apache.wicket.Pag.setNumericId(). I will talk about this problem with my colleagues and decide whether we have better ideas instead of using random Page Ids or we stop regenerating random page Ids...&lt;/p&gt;</comment>
                            <comment id="13835238" author="mgrigorov" created="Fri, 29 Nov 2013 07:47:50 +0000">&lt;p&gt;Yukako,&lt;/p&gt;

&lt;p&gt;Check this discussion - &lt;a href="http://markmail.org/thread/lljjaxzviknthjfh" class="external-link" target="_blank" rel="nofollow noopener"&gt;http://markmail.org/thread/lljjaxzviknthjfh&lt;/a&gt;&lt;/p&gt;</comment>
                            <comment id="13836268" author="yu_takahasi" created="Mon, 2 Dec 2013 05:49:55 +0000">&lt;p&gt;&amp;gt; Martin Grigorov added a comment - Last Friday 16:47&lt;br/&gt;
Thank you for giving me a very cool tip, Martin! The tip was very helpful and worked just fine for me!&lt;/p&gt;</comment>
                            <comment id="13836542" author="ian marshall" created="Mon, 2 Dec 2013 14:21:02 +0000">&lt;p&gt;I apologise to the reporter of this bug. I hope that you do not mind me mentioning my  issue here too. I believe that there might be a common cause.&lt;/p&gt;

&lt;p&gt;I have isolated the cause somewhat, so as promised I set out an update. I solved the problem by rolling back the version of the Apache Wicket web framework used from 6.12.0 to 6.11.0.&lt;/p&gt;

&lt;p&gt;I do not know why this action solved the problem, but it did. Perhaps this issue is due to the implementation of &lt;a href="https://issues.apache.org/jira/browse/WICKET-5380" class="external-link" rel="nofollow"&gt;https://issues.apache.org/jira/browse/WICKET-5380&lt;/a&gt; or &lt;a href="https://issues.apache.org/jira/browse/WICKET-5390" class="external-link" rel="nofollow"&gt;https://issues.apache.org/jira/browse/WICKET-5390&lt;/a&gt; (I think that GAE/J uses Jetty as its web server)?&lt;/p&gt;</comment>
                            <comment id="13836555" author="mgrigorov" created="Mon, 2 Dec 2013 14:45:00 +0000">&lt;p&gt;Hi Ian,&lt;/p&gt;

&lt;p&gt;GAE/J indeed uses Jetty, but I think &lt;a href="https://issues.apache.org/jira/browse/WICKET-5380" title="Wicket rebinds the SessionEntry session attribute and this causes problems in Glassfish" class="issue-link" data-issue-key="WICKET-5380"&gt;&lt;del&gt;WICKET-5380&lt;/del&gt;&lt;/a&gt; doesn't cause problems. I have tested Jetty's behavior before and after the change. You can read more in the linked mail discussion in this ticket.&lt;/p&gt;

&lt;p&gt;&lt;a href="https://issues.apache.org/jira/browse/WICKET-5390" title="Session management doesn&amp;#39;t work with Jetty&amp;#39;s JDBCSessionManager " class="issue-link" data-issue-key="WICKET-5390"&gt;&lt;del&gt;WICKET-5390&lt;/del&gt;&lt;/a&gt; might be related to your problem. But I will need more evidence for this. The change just tells Jetty to always rebind/set the session attribute, no matter whether there are changes in it. I.e. it may cause session replication in cases when there is no need of such. But I don't expect functional regressions from this change. I may be wrong though, so any debug information would be useful.&lt;/p&gt;</comment>
                            <comment id="13838474" author="yu_takahasi" created="Wed, 4 Dec 2013 01:47:04 +0000">&lt;p&gt;I finally understood why the ComponentNotFoundException occurred; this is because I was using org.apache.wicket.Page&#12398;setNumericId() to prevent from CSRF attack. Now, instead of using the method, I use CryptoMapper againt the CSRF. So, I think this problem will not be reproduced anymore. Thank you very much for helping me!&lt;/p&gt;</comment>
                    </comments>
                    <attachments>
                    </attachments>
                <subtasks>
                    </subtasks>
                <customfields>
                                                                                                                                                                                                                                                                                                                                                                                                                                                                                                                                                                                                                                                                                                                    <customfield id="customfield_12314020" key="com.atlassian.jira.plugins.jira-development-integration-plugin:devsummary">
                        <customfieldname>Development</customfieldname>
                        <customfieldvalues>
                            
                        </customfieldvalues>
                    </customfield>
                                                                                                                        <customfield id="customfield_12313422" key="com.atlassian.jirafisheyeplugin:jobcheckbox">
                        <customfieldname>Enable Automatic Patch Review</customfieldname>
                        <customfieldvalues>
                            <customfieldvalue>false</customfieldvalue>

                        </customfieldvalues>
                    </customfield>
                                                                                                                                                                                                                                                                                                                                                                                                                                                                                                                                                                                                                    <customfield id="customfield_12310420" key="com.pyxis.greenhopper.jira:gh-global-rank">
                        <customfieldname>Global Rank</customfieldname>
                        <customfieldvalues>
                            <customfieldvalue>359714</customfieldvalue>
                        </customfieldvalues>
                    </customfield>
                                                                                                                                                                                                                                                                                                                                                                                                                                                                        <customfield id="customfield_12311820" key="com.pyxis.greenhopper.jira:gh-lexo-rank">
                        <customfieldname>Rank</customfieldname>
                        <customfieldvalues>
                            <customfieldvalue>0|i1q0e7:</customfieldvalue>

                        </customfieldvalues>
                    </customfield>
                                                                <customfield id="customfield_12310920" key="com.pyxis.greenhopper.jira:gh-global-rank">
                        <customfieldname>Rank (Obsolete)</customfieldname>
                        <customfieldvalues>
                            <customfieldvalue>360013</customfieldvalue>
                        </customfieldvalues>
                    </customfield>
                                                                                                                                                                                                                                                                                                                                                                                                                                                                                                                                                                                                                                                                                                                                                                                            </customfields>
    </item>


</channel>
</rss>