<rss version="0.92">
    <channel>
        <title>ASF JIRA</title>
        <link>https://issues.apache.org/jira/issues/?jql=project+%3D+wicket+and+type+%3D+bug+and+%28status+%3D+RESOLVED+or+status+%3D+closed%29</link>
        <description>An XML representation of a search request</description>
                <language>en-uk</language>
                        <issue start="0" end="1000" total="4133" />
                <build-info>
            <version>8.20.7</version>
            <build-number>820007</build-number>
            <build-date>16-03-2022</build-date>
        </build-info>

<item>
            <title>[WICKET-5505] DefaultPropertyResolver does not respect JavaBean conventions</title>
                <link>https://issues.apache.org/jira/browse/WICKET-5505</link>
                <project id="12310561" key="WICKET">Wicket</project>
                    <description>&lt;p&gt;The property name code should handle the isPropertyName pattern&lt;/p&gt;

&lt;p&gt;if(getterName.startsWith("get")) {&lt;br/&gt;
	name = getterName.substring(3, 4).toLowerCase() + getterName.substring(4);&lt;br/&gt;
} else {&lt;br/&gt;
	name = getterName.substring(2, 3).toLowerCase() + getterName.substring(3);&lt;br/&gt;
}&lt;/p&gt;

&lt;p&gt;Workaround: providing my own property resolver.&lt;/p&gt;</description>
                <environment />
        <key id="12694446">WICKET-5505</key>
            <summary>DefaultPropertyResolver does not respect JavaBean conventions</summary>
                <type id="1" iconUrl="https://issues.apache.org/jira/secure/viewavatar?size=xsmall&amp;avatarId=21133&amp;avatarType=issuetype">Bug</type>
                                            <priority id="4" iconUrl="https://issues.apache.org/jira/images/icons/priorities/minor.svg">Minor</priority>
                        <status id="5" iconUrl="https://issues.apache.org/jira/images/icons/statuses/resolved.png" description="A resolution has been taken, and it is awaiting verification by reporter. From here issues are either reopened, or are closed.">Resolved</status>
                    <statusCategory id="3" key="done" colorName="green" />
                                    <resolution id="1">Fixed</resolution>
                                        <assignee username="mgrigorov">Martin Tzvetanov Grigorov</assignee>
                                    <reporter username="vmathon">Vincent MATHON</reporter>
                        <labels>
                    </labels>
                <created>Tue, 11 Feb 2014 09:06:45 +0000</created>
                <updated>Tue, 18 Feb 2014 08:43:24 +0000</updated>
                            <resolved>Tue, 18 Feb 2014 08:43:24 +0000</resolved>
                                    <version>6.13.0</version>
                                    <fixVersion>7.0.0-M1</fixVersion>
                    <fixVersion>6.15.0</fixVersion>
                                    <component>wicket-bean-validation</component>
                        <due />
                            <votes>0</votes>
                                    <watches>1</watches>
                                                                        <attachments>
                    </attachments>
                <subtasks>
                    </subtasks>
                <customfields>
                                                                                                                                                                                                                                                                                                                                                                                                                                                                                                                                                                                                                                                                                                                    <customfield id="customfield_12314020" key="com.atlassian.jira.plugins.jira-development-integration-plugin:devsummary">
                        <customfieldname>Development</customfieldname>
                        <customfieldvalues>
                            
                        </customfieldvalues>
                    </customfield>
                                                                                                                        <customfield id="customfield_12313422" key="com.atlassian.jirafisheyeplugin:jobcheckbox">
                        <customfieldname>Enable Automatic Patch Review</customfieldname>
                        <customfieldvalues>
                            <customfieldvalue>false</customfieldvalue>

                        </customfieldvalues>
                    </customfield>
                                                                                                                                                                                                                                                                                                                                                                                                                                                                                                                                                                                                                    <customfield id="customfield_12310420" key="com.pyxis.greenhopper.jira:gh-global-rank">
                        <customfieldname>Global Rank</customfieldname>
                        <customfieldvalues>
                            <customfieldvalue>372954</customfieldvalue>
                        </customfieldvalues>
                    </customfield>
                                                                                                                                                                                                                                                                                                                                                                                                                                                                        <customfield id="customfield_12311820" key="com.pyxis.greenhopper.jira:gh-lexo-rank">
                        <customfieldname>Rank</customfieldname>
                        <customfieldvalues>
                            <customfieldvalue>0|i1s9tj:</customfieldvalue>

                        </customfieldvalues>
                    </customfield>
                                                                <customfield id="customfield_12310920" key="com.pyxis.greenhopper.jira:gh-global-rank">
                        <customfieldname>Rank (Obsolete)</customfieldname>
                        <customfieldvalues>
                            <customfieldvalue>373256</customfieldvalue>
                        </customfieldvalues>
                    </customfield>
                                                                                                                                                                                                                                                                                                                                                                                                                                                                                                                                                                                                                                                                                                                                                                                            </customfields>
    </item>


</channel>
</rss>