<rss version="0.92">
    <channel>
        <title>ASF JIRA</title>
        <link>https://issues.apache.org/jira/issues/?jql=project+%3D+wicket+and+type+%3D+bug+and+%28status+%3D+RESOLVED+or+status+%3D+closed%29</link>
        <description>An XML representation of a search request</description>
                <language>en-uk</language>
                        <issue start="0" end="1000" total="4133" />
                <build-info>
            <version>8.20.7</version>
            <build-number>820007</build-number>
            <build-date>16-03-2022</build-date>
        </build-info>

<item>
            <title>[WICKET-5209] NPE when using ComponentRenderer.renderComponent on a panel with &lt;wicket:enclosure&gt;</title>
                <link>https://issues.apache.org/jira/browse/WICKET-5209</link>
                <project id="12310561" key="WICKET">Wicket</project>
                    <description>&lt;p&gt;Hi,&lt;/p&gt;

&lt;p&gt;Consider this example:&lt;br/&gt;
&amp;lt;wicket:panel&amp;gt;&lt;br/&gt;
	&amp;lt;wicket:enclosure child="externalLink"&amp;gt;&lt;br/&gt;
		&amp;lt;a wicket:id="externalLink"&amp;gt;Link&amp;lt;/a&amp;gt;&lt;br/&gt;
	&amp;lt;/wicket:enclosure&amp;gt;&lt;br/&gt;
&amp;lt;/wicket:panel&amp;gt;&lt;/p&gt;

&lt;p&gt;When trying to render such a panel with ComponentRenderer.renderComponent, a NPE is thrown because Wicket try to render Enclosure without initializing it.&lt;/p&gt;

&lt;p&gt;Root cause:&lt;br/&gt;
java.lang.NullPointerException&lt;br/&gt;
	at org.apache.wicket.markup.html.internal.Enclosure.isVisible(Enclosure.java:143)&lt;br/&gt;
	at org.apache.wicket.Component.determineVisibility(Component.java:4363)&lt;br/&gt;
	at org.apache.wicket.Component.internalBeforeRender(Component.java:916)&lt;br/&gt;
	at org.apache.wicket.Component.beforeRender(Component.java:991)&lt;br/&gt;
	at org.apache.wicket.Component.internalPrepareForRender(Component.java:2214)&lt;br/&gt;
	at org.apache.wicket.Component.render(Component.java:2303)&lt;br/&gt;
	at org.apache.wicket.MarkupContainer.renderNext(MarkupContainer.java:1390)&lt;br/&gt;
	at org.apache.wicket.MarkupContainer.renderAll(MarkupContainer.java:1554)&lt;br/&gt;
	at org.apache.wicket.MarkupContainer.renderComponentTagBody(MarkupContainer.java:1529)&lt;br/&gt;
	at org.apache.wicket.MarkupContainer.renderAssociatedMarkup(MarkupContainer.java:689)&lt;br/&gt;
	at org.apache.wicket.markup.html.panel.AssociatedMarkupSourcingStrategy.renderAssociatedMarkup(AssociatedMarkupSourcingStrategy.java:76)&lt;br/&gt;
	at org.apache.wicket.markup.html.panel.PanelMarkupSourcingStrategy.onComponentTagBody(PanelMarkupSourcingStrategy.java:112)&lt;br/&gt;
	at org.apache.wicket.Component.internalRenderComponent(Component.java:2549)&lt;br/&gt;
	... 29 more&lt;/p&gt;

&lt;p&gt;See the attached quickstart.&lt;/p&gt;

&lt;p&gt;I've looked a little into it, and it seems that RenderPage (used by ComponentRenderer to render components) is never initialized.&lt;br/&gt;
Therefore the panel's children are never initialized too (see MarkupContainer l.930), and this causes Enclosure to have a null childComponent.&lt;/p&gt;

&lt;p&gt;Thanks.&lt;/p&gt;</description>
                <environment />
        <key id="12649646">WICKET-5209</key>
            <summary>NPE when using ComponentRenderer.renderComponent on a panel with &lt;wicket:enclosure&gt;</summary>
                <type id="1" iconUrl="https://issues.apache.org/jira/secure/viewavatar?size=xsmall&amp;avatarId=21133&amp;avatarType=issuetype">Bug</type>
                                            <priority id="3" iconUrl="https://issues.apache.org/jira/images/icons/priorities/major.svg">Major</priority>
                        <status id="5" iconUrl="https://issues.apache.org/jira/images/icons/statuses/resolved.png" description="A resolution has been taken, and it is awaiting verification by reporter. From here issues are either reopened, or are closed.">Resolved</status>
                    <statusCategory id="3" key="done" colorName="green" />
                                    <resolution id="1">Fixed</resolution>
                                        <assignee username="mgrigorov">Martin Tzvetanov Grigorov</assignee>
                                    <reporter username="sgleizes">GLEIZES Stephane</reporter>
                        <labels>
                    </labels>
                <created>Tue, 28 May 2013 08:27:58 +0000</created>
                <updated>Tue, 28 May 2013 20:42:09 +0000</updated>
                            <resolved>Tue, 28 May 2013 20:15:53 +0000</resolved>
                                    <version>6.8.0</version>
                                    <fixVersion>6.9.0</fixVersion>
                    <fixVersion>7.0.0-M1</fixVersion>
                                    <component>wicket</component>
                        <due />
                            <votes>1</votes>
                                    <watches>2</watches>
                                                                <comments>
                            <comment id="13668180" author="sgleizes" created="Tue, 28 May 2013 08:32:41 +0000">&lt;p&gt;See TestComponentRenderer in the quickstart.&lt;/p&gt;</comment>
                            <comment id="13668650" author="gsmet" created="Tue, 28 May 2013 20:42:09 +0000">&lt;p&gt;Thanks Martin.&lt;/p&gt;

&lt;p&gt;FYI, we now use this feature a lot to generate HTML emails and PDF files using XHTMLRenderer.&lt;/p&gt;</comment>
                    </comments>
                    <attachments>
                            <attachment id="12585008" name="component-renderer-enclosure-test-case.tar.gz" size="22499" author="sgleizes" created="Tue, 28 May 2013 08:32:41 +0000" />
                    </attachments>
                <subtasks>
                    </subtasks>
                <customfields>
                                                                                                                                                                                                                                                                                                                                                                                                                                                                                                                                                                                                                                                                                                                    <customfield id="customfield_12314020" key="com.atlassian.jira.plugins.jira-development-integration-plugin:devsummary">
                        <customfieldname>Development</customfieldname>
                        <customfieldvalues>
                            
                        </customfieldvalues>
                    </customfield>
                                                                                                                        <customfield id="customfield_12313422" key="com.atlassian.jirafisheyeplugin:jobcheckbox">
                        <customfieldname>Enable Automatic Patch Review</customfieldname>
                        <customfieldvalues>
                            <customfieldvalue>false</customfieldvalue>

                        </customfieldvalues>
                    </customfield>
                                                                                                                                                                                                                                                                                                                                                                                                                                                                                                                                                                                                                    <customfield id="customfield_12310420" key="com.pyxis.greenhopper.jira:gh-global-rank">
                        <customfieldname>Global Rank</customfieldname>
                        <customfieldvalues>
                            <customfieldvalue>329973</customfieldvalue>
                        </customfieldvalues>
                    </customfield>
                                                                                                                                                                                                                                                                                                                                                                                                                                                                        <customfield id="customfield_12311820" key="com.pyxis.greenhopper.jira:gh-lexo-rank">
                        <customfieldname>Rank</customfieldname>
                        <customfieldvalues>
                            <customfieldvalue>0|i1kxfr:</customfieldvalue>

                        </customfieldvalues>
                    </customfield>
                                                                <customfield id="customfield_12310920" key="com.pyxis.greenhopper.jira:gh-global-rank">
                        <customfieldname>Rank (Obsolete)</customfieldname>
                        <customfieldvalues>
                            <customfieldvalue>330308</customfieldvalue>
                        </customfieldvalues>
                    </customfield>
                                                                                                                                                                                                                                                                                                                                                                                                                                                                                                                                                                                                                                                                                                                                                                                            </customfields>
    </item>


</channel>
</rss>