<rss version="0.92">
    <channel>
        <title>ASF JIRA</title>
        <link>https://issues.apache.org/jira/issues/?jql=project+%3D+wicket+and+type+%3D+bug+and+%28status+%3D+RESOLVED+or+status+%3D+closed%29</link>
        <description>An XML representation of a search request</description>
                <language>en-uk</language>
                        <issue start="0" end="1000" total="4133" />
                <build-info>
            <version>8.20.7</version>
            <build-number>820007</build-number>
            <build-date>16-03-2022</build-date>
        </build-info>

<item>
            <title>[WICKET-5973] IllegalArgumentException 'bytes' cannot be negative. on opening Inspector</title>
                <link>https://issues.apache.org/jira/browse/WICKET-5973</link>
                <project id="12310561" key="WICKET">Wicket</project>
                    <description>

&lt;p&gt;    Root cause:&lt;/p&gt;

&lt;p&gt;    java.lang.IllegalArgumentException: 'bytes' cannot be negative.&lt;br/&gt;
    at org.apache.wicket.util.lang.Bytes.&amp;lt;init&amp;gt;(Bytes.java:111)&lt;br/&gt;
    at org.apache.wicket.util.lang.Bytes.bytes(Bytes.java:124)&lt;br/&gt;
    at org.apache.wicket.devutils.inspector.EnhancedPageView$8.populateItem(EnhancedPageView.java:242)&lt;br/&gt;
    at org.apache.wicket.extensions.markup.html.repeater.data.grid.AbstractDataGridView.populateItem(AbstractDataGridView.java:156)&lt;br/&gt;
    at org.apache.wicket.markup.repeater.RefreshingView$1.newItem(RefreshingView.java:114)&lt;br/&gt;
    at org.apache.wicket.markup.repeater.DefaultItemReuseStrategy$1.next(DefaultItemReuseStrategy.java:75)&lt;br/&gt;
    at org.apache.wicket.markup.repeater.DefaultItemReuseStrategy$1.next(DefaultItemReuseStrategy.java:56)&lt;br/&gt;
    at org.apache.wicket.markup.repeater.RefreshingView.addItems(RefreshingView.java:189)&lt;br/&gt;
    at org.apache.wicket.markup.repeater.RefreshingView.onPopulate(RefreshingView.java:97)&lt;br/&gt;
    at org.apache.wicket.markup.repeater.AbstractRepeater.onBeforeRender(AbstractRepeater.java:123)&lt;br/&gt;
    at org.apache.wicket.markup.repeater.AbstractPageableView.onBeforeRender(AbstractPageableView.java:115)&lt;br/&gt;
    at org.apache.wicket.Component.internalBeforeRender(Component.java:949)&lt;br/&gt;
    at org.apache.wicket.Component.beforeRender(Component.java:1017)&lt;/p&gt;</description>
                <environment />
        <key id="12858303">WICKET-5973</key>
            <summary>IllegalArgumentException 'bytes' cannot be negative. on opening Inspector</summary>
                <type id="1" iconUrl="https://issues.apache.org/jira/secure/viewavatar?size=xsmall&amp;avatarId=21133&amp;avatarType=issuetype">Bug</type>
                                            <priority id="3" iconUrl="https://issues.apache.org/jira/images/icons/priorities/major.svg">Major</priority>
                        <status id="5" iconUrl="https://issues.apache.org/jira/images/icons/statuses/resolved.png" description="A resolution has been taken, and it is awaiting verification by reporter. From here issues are either reopened, or are closed.">Resolved</status>
                    <statusCategory id="3" key="done" colorName="green" />
                                    <resolution id="1">Fixed</resolution>
                                        <assignee username="mgrigorov">Martin Tzvetanov Grigorov</assignee>
                                    <reporter username="patrick1701">Patrick Davids</reporter>
                        <labels>
                    </labels>
                <created>Mon, 24 Aug 2015 13:59:55 +0000</created>
                <updated>Sun, 6 Sep 2015 21:36:52 +0000</updated>
                            <resolved>Sun, 6 Sep 2015 21:29:15 +0000</resolved>
                                    <version>6.19.0</version>
                                    <fixVersion>6.21.0</fixVersion>
                    <fixVersion>7.1.0</fixVersion>
                                    <component>wicket-devutils</component>
                        <due />
                            <votes>0</votes>
                                    <watches>2</watches>
                                                                <comments>
                            <comment id="14733144" author="jira-bot" created="Sun, 6 Sep 2015 21:27:59 +0000">&lt;p&gt;Commit 25242467abf4c13b99b7d97bd1ed9b5bb30172cb in wicket's branch refs/heads/wicket-6.x from &lt;a href="https://issues.apache.org/jira/secure/ViewProfile.jspa?name=mgrigorov" class="user-hover" rel="mgrigorov"&gt;mgrigorov&lt;/a&gt;&lt;br/&gt;
[ &lt;a href="https://git-wip-us.apache.org/repos/asf?p=wicket.git;h=2524246" class="external-link" target="_blank" rel="nofollow noopener"&gt;https://git-wip-us.apache.org/repos/asf?p=wicket.git;h=2524246&lt;/a&gt; ]&lt;/p&gt;

&lt;p&gt;&lt;a href="https://issues.apache.org/jira/browse/WICKET-5973" title="IllegalArgumentException &amp;#39;bytes&amp;#39; cannot be negative. on opening Inspector" class="issue-link" data-issue-key="WICKET-5973"&gt;&lt;del&gt;WICKET-5973&lt;/del&gt;&lt;/a&gt; IllegalArgumentException 'bytes' cannot be negative. on opening Inspector&lt;/p&gt;

&lt;p&gt;Component#getSizeInBytes() should not return negative size when there is an error in the calculation.&lt;br/&gt;
Errors are just logged and the size could be used at the call site. For example, this breaks Bytes.bytes()&lt;/p&gt;</comment>
                            <comment id="14733146" author="jira-bot" created="Sun, 6 Sep 2015 21:36:52 +0000">&lt;p&gt;Commit 8870b0a85d425a9ef748768afc41722898c174ea in wicket's branch refs/heads/master from &lt;a href="https://issues.apache.org/jira/secure/ViewProfile.jspa?name=mgrigorov" class="user-hover" rel="mgrigorov"&gt;mgrigorov&lt;/a&gt;&lt;br/&gt;
[ &lt;a href="https://git-wip-us.apache.org/repos/asf?p=wicket.git;h=8870b0a" class="external-link" target="_blank" rel="nofollow noopener"&gt;https://git-wip-us.apache.org/repos/asf?p=wicket.git;h=8870b0a&lt;/a&gt; ]&lt;/p&gt;

&lt;p&gt;&lt;a href="https://issues.apache.org/jira/browse/WICKET-5973" title="IllegalArgumentException &amp;#39;bytes&amp;#39; cannot be negative. on opening Inspector" class="issue-link" data-issue-key="WICKET-5973"&gt;&lt;del&gt;WICKET-5973&lt;/del&gt;&lt;/a&gt; IllegalArgumentException 'bytes' cannot be negative. on opening Inspector&lt;/p&gt;

&lt;p&gt;Component#getSizeInBytes() should not return negative size when there is an error in the calculation.&lt;br/&gt;
Errors are just logged and the size could be used at the call site. For example, this breaks Bytes.bytes()&lt;/p&gt;</comment>
                    </comments>
                    <attachments>
                    </attachments>
                <subtasks>
                    </subtasks>
                <customfields>
                                                                                                                                                                                                                                                                                                                                                                                                                                                                                                                                                                                                                                                                                                                    <customfield id="customfield_12314020" key="com.atlassian.jira.plugins.jira-development-integration-plugin:devsummary">
                        <customfieldname>Development</customfieldname>
                        <customfieldvalues>
                            
                        </customfieldvalues>
                    </customfield>
                                                                                                                        <customfield id="customfield_12313422" key="com.atlassian.jirafisheyeplugin:jobcheckbox">
                        <customfieldname>Enable Automatic Patch Review</customfieldname>
                        <customfieldvalues>
                            <customfieldvalue>false</customfieldvalue>

                        </customfieldvalues>
                    </customfield>
                                                                                                                                                                                                                                                                                                                                                                                                                                                                                                                                                                                                                    <customfield id="customfield_12310420" key="com.pyxis.greenhopper.jira:gh-global-rank">
                        <customfieldname>Global Rank</customfieldname>
                        <customfieldvalues>
                            <customfieldvalue>9223372036854775807</customfieldvalue>
                        </customfieldvalues>
                    </customfield>
                                                                                                                                                                                                                                                                                                                                                                                                                                                                        <customfield id="customfield_12311820" key="com.pyxis.greenhopper.jira:gh-lexo-rank">
                        <customfieldname>Rank</customfieldname>
                        <customfieldvalues>
                            <customfieldvalue>0|i2jacf:</customfieldvalue>

                        </customfieldvalues>
                    </customfield>
                                                                <customfield id="customfield_12310920" key="com.pyxis.greenhopper.jira:gh-global-rank">
                        <customfieldname>Rank (Obsolete)</customfieldname>
                        <customfieldvalues>
                            <customfieldvalue>9223372036854775807</customfieldvalue>
                        </customfieldvalues>
                    </customfield>
                                                                                                                                                                                                                                                                                                                                                                                                                                                                                                                                                                                                                                                                                                                                                                                            </customfields>
    </item>


</channel>
</rss>