<rss version="0.92">
    <channel>
        <title>ASF JIRA</title>
        <link>https://issues.apache.org/jira/issues/?jql=project+%3D+wicket+and+type+%3D+bug+and+%28status+%3D+RESOLVED+or+status+%3D+closed%29</link>
        <description>An XML representation of a search request</description>
                <language>en-uk</language>
                        <issue start="0" end="1000" total="4133" />
                <build-info>
            <version>8.20.7</version>
            <build-number>820007</build-number>
            <build-date>16-03-2022</build-date>
        </build-info>

<item>
            <title>[WICKET-5716] wicket-autocomplete prevents "change"-listener when leaving input via mouse click</title>
                <link>https://issues.apache.org/jira/browse/WICKET-5716</link>
                <project id="12310561" key="WICKET">Wicket</project>
                    <description>&lt;p&gt;wicket-autocomplete's ignoreChange is true initially, this prevents "change" events being fired when the user enters something and then clicks somewhere else&lt;/p&gt;</description>
                <environment />
        <key id="12745503">WICKET-5716</key>
            <summary>wicket-autocomplete prevents "change"-listener when leaving input via mouse click</summary>
                <type id="1" iconUrl="https://issues.apache.org/jira/secure/viewavatar?size=xsmall&amp;avatarId=21133&amp;avatarType=issuetype">Bug</type>
                                            <priority id="3" iconUrl="https://issues.apache.org/jira/images/icons/priorities/major.svg">Major</priority>
                        <status id="5" iconUrl="https://issues.apache.org/jira/images/icons/statuses/resolved.png" description="A resolution has been taken, and it is awaiting verification by reporter. From here issues are either reopened, or are closed.">Resolved</status>
                    <statusCategory id="3" key="done" colorName="green" />
                                    <resolution id="1">Fixed</resolution>
                                        <assignee username="svenmeier">Sven Meier</assignee>
                                    <reporter username="svenmeier">Sven Meier</reporter>
                        <labels>
                    </labels>
                <created>Thu, 2 Oct 2014 13:54:02 +0000</created>
                <updated>Fri, 3 Oct 2014 06:45:26 +0000</updated>
                            <resolved>Fri, 3 Oct 2014 06:45:26 +0000</resolved>
                                    <version>7.0.0-M3</version>
                    <version>6.17.0</version>
                                    <fixVersion>6.18.0</fixVersion>
                    <fixVersion>7.0.0-M4</fixVersion>
                                    <component>wicket-extensions</component>
                        <due />
                            <votes>0</votes>
                                    <watches>2</watches>
                                                                <comments>
                            <comment id="14157732" author="jira-bot" created="Fri, 3 Oct 2014 06:44:31 +0000">&lt;p&gt;Commit 110a4f98a07c1cbaf3995792edc8f9fd62f23861 in wicket's branch refs/heads/wicket-6.x from svenmeier&lt;br/&gt;
[ &lt;a href="https://git-wip-us.apache.org/repos/asf?p=wicket.git;h=110a4f9" class="external-link" target="_blank" rel="nofollow noopener"&gt;https://git-wip-us.apache.org/repos/asf?p=wicket.git;h=110a4f9&lt;/a&gt; ]&lt;/p&gt;

&lt;p&gt;&lt;a href="https://issues.apache.org/jira/browse/WICKET-5716" title="wicket-autocomplete prevents &amp;quot;change&amp;quot;-listener when leaving input via mouse click" class="issue-link" data-issue-key="WICKET-5716"&gt;&lt;del&gt;WICKET-5716&lt;/del&gt;&lt;/a&gt; trigger change reliably after closing the popup&lt;/p&gt;</comment>
                            <comment id="14157733" author="jira-bot" created="Fri, 3 Oct 2014 06:44:50 +0000">&lt;p&gt;Commit c93d0186c60e52e2108fd5c0d2f4dfa893931830 in wicket's branch refs/heads/master from svenmeier&lt;br/&gt;
[ &lt;a href="https://git-wip-us.apache.org/repos/asf?p=wicket.git;h=c93d018" class="external-link" target="_blank" rel="nofollow noopener"&gt;https://git-wip-us.apache.org/repos/asf?p=wicket.git;h=c93d018&lt;/a&gt; ]&lt;/p&gt;

&lt;p&gt;&lt;a href="https://issues.apache.org/jira/browse/WICKET-5716" title="wicket-autocomplete prevents &amp;quot;change&amp;quot;-listener when leaving input via mouse click" class="issue-link" data-issue-key="WICKET-5716"&gt;&lt;del&gt;WICKET-5716&lt;/del&gt;&lt;/a&gt; trigger change reliably after closing the popup&lt;/p&gt;</comment>
                            <comment id="14157735" author="svenmeier" created="Fri, 3 Oct 2014 06:45:26 +0000">&lt;p&gt;"change" is now triggered reliably after closing of the popup&lt;/p&gt;</comment>
                    </comments>
                <issuelinks>
                            <issuelinktype id="12310050">
                    <name>Regression</name>
                                                                <inwardlinks description="is broken by">
                                        <issuelink>
            <issuekey id="12737028">WICKET-5684</issuekey>
        </issuelink>
                            </inwardlinks>
                                    </issuelinktype>
                    </issuelinks>
                <attachments>
                    </attachments>
                <subtasks>
                    </subtasks>
                <customfields>
                                                                                                                                                                                                                                                                                                                                                                                                                                                                                                                                                                                                                                                                                                                    <customfield id="customfield_12314020" key="com.atlassian.jira.plugins.jira-development-integration-plugin:devsummary">
                        <customfieldname>Development</customfieldname>
                        <customfieldvalues>
                            
                        </customfieldvalues>
                    </customfield>
                                                                                                                        <customfield id="customfield_12313422" key="com.atlassian.jirafisheyeplugin:jobcheckbox">
                        <customfieldname>Enable Automatic Patch Review</customfieldname>
                        <customfieldvalues>
                            <customfieldvalue>false</customfieldvalue>

                        </customfieldvalues>
                    </customfield>
                                                                                                                                                                                                                                                                                                                                                                                                                                                                                                                                                                                                                    <customfield id="customfield_12310420" key="com.pyxis.greenhopper.jira:gh-global-rank">
                        <customfieldname>Global Rank</customfieldname>
                        <customfieldvalues>
                            <customfieldvalue>9223372036854775807</customfieldvalue>
                        </customfieldvalues>
                    </customfield>
                                                                                                                                                                                                                                                                                                                                                                                                                                                                        <customfield id="customfield_12311820" key="com.pyxis.greenhopper.jira:gh-lexo-rank">
                        <customfieldname>Rank</customfieldname>
                        <customfieldvalues>
                            <customfieldvalue>0|i20q9b:</customfieldvalue>

                        </customfieldvalues>
                    </customfield>
                                                                <customfield id="customfield_12310920" key="com.pyxis.greenhopper.jira:gh-global-rank">
                        <customfieldname>Rank (Obsolete)</customfieldname>
                        <customfieldvalues>
                            <customfieldvalue>9223372036854775807</customfieldvalue>
                        </customfieldvalues>
                    </customfield>
                                                                                                                                                                                                                                                                                                                                                                                                                                                                                                                                                                                                                                                                                                                                                                                            </customfields>
    </item>


</channel>
</rss>