<rss version="0.92">
    <channel>
        <title>ASF JIRA</title>
        <link>https://issues.apache.org/jira/issues/?jql=project+%3D+wicket+and+type+%3D+bug+and+%28status+%3D+RESOLVED+or+status+%3D+closed%29</link>
        <description>An XML representation of a search request</description>
                <language>en-uk</language>
                        <issue start="0" end="1000" total="4133" />
                <build-info>
            <version>8.20.7</version>
            <build-number>820007</build-number>
            <build-date>16-03-2022</build-date>
        </build-info>

<item>
            <title>[WICKET-5723] CheckGroupSelector with disabled checks</title>
                <link>https://issues.apache.org/jira/browse/WICKET-5723</link>
                <project id="12310561" key="WICKET">Wicket</project>
                    <description>&lt;p&gt;to replicate use a CheckGroupSelector with some disabled Check's.&lt;/p&gt;

&lt;p&gt;Clicking on the "select all" checkbox selects all enabled checkboxes but does not select itself as checked, as it should &lt;/p&gt;

&lt;p&gt;clicking once more on the "select all" checkbox selects itself but does nothing to the checkboxes. &lt;/p&gt;

&lt;p&gt;clicking a third time on the "select all" checkbox deselects all checkboxes.&lt;/p&gt;</description>
                <environment />
        <key id="12746444">WICKET-5723</key>
            <summary>CheckGroupSelector with disabled checks</summary>
                <type id="1" iconUrl="https://issues.apache.org/jira/secure/viewavatar?size=xsmall&amp;avatarId=21133&amp;avatarType=issuetype">Bug</type>
                                            <priority id="3" iconUrl="https://issues.apache.org/jira/images/icons/priorities/major.svg">Major</priority>
                        <status id="5" iconUrl="https://issues.apache.org/jira/images/icons/statuses/resolved.png" description="A resolution has been taken, and it is awaiting verification by reporter. From here issues are either reopened, or are closed.">Resolved</status>
                    <statusCategory id="3" key="done" colorName="green" />
                                    <resolution id="1">Fixed</resolution>
                                        <assignee username="svenmeier">Sven Meier</assignee>
                                    <reporter username="froque">Filipe Roque</reporter>
                        <labels>
                    </labels>
                <created>Tue, 7 Oct 2014 17:14:26 +0000</created>
                <updated>Tue, 7 Oct 2014 21:58:41 +0000</updated>
                            <resolved>Tue, 7 Oct 2014 21:58:40 +0000</resolved>
                                    <version>6.17.0</version>
                                    <fixVersion>6.18.0</fixVersion>
                    <fixVersion>7.0.0-M4</fixVersion>
                                    <component>wicket</component>
                        <due />
                            <votes>0</votes>
                                    <watches>3</watches>
                                                                <comments>
                            <comment id="14162142" author="froque" created="Tue, 7 Oct 2014 17:15:06 +0000">&lt;p&gt;quickstart to better explain the problem&lt;/p&gt;</comment>
                            <comment id="14162630" author="jira-bot" created="Tue, 7 Oct 2014 21:56:26 +0000">&lt;p&gt;Commit c609909e28e7b305661a8e8cb89cb0c531d987f0 in wicket's branch refs/heads/master from svenmeier&lt;br/&gt;
[ &lt;a href="https://git-wip-us.apache.org/repos/asf?p=wicket.git;h=c609909" class="external-link" target="_blank" rel="nofollow noopener"&gt;https://git-wip-us.apache.org/repos/asf?p=wicket.git;h=c609909&lt;/a&gt; ]&lt;/p&gt;

&lt;p&gt;&lt;a href="https://issues.apache.org/jira/browse/WICKET-5723" title="CheckGroupSelector with disabled checks" class="issue-link" data-issue-key="WICKET-5723"&gt;&lt;del&gt;WICKET-5723&lt;/del&gt;&lt;/a&gt; CheckGroupSelector with disabled checks&lt;/p&gt;</comment>
                            <comment id="14162631" author="jira-bot" created="Tue, 7 Oct 2014 21:56:43 +0000">&lt;p&gt;Commit a256f030ede93addb67f3a7bf0582c37b29d663b in wicket's branch refs/heads/wicket-6.x from svenmeier&lt;br/&gt;
[ &lt;a href="https://git-wip-us.apache.org/repos/asf?p=wicket.git;h=a256f03" class="external-link" target="_blank" rel="nofollow noopener"&gt;https://git-wip-us.apache.org/repos/asf?p=wicket.git;h=a256f03&lt;/a&gt; ]&lt;/p&gt;

&lt;p&gt;&lt;a href="https://issues.apache.org/jira/browse/WICKET-5723" title="CheckGroupSelector with disabled checks" class="issue-link" data-issue-key="WICKET-5723"&gt;&lt;del&gt;WICKET-5723&lt;/del&gt;&lt;/a&gt; CheckGroupSelector with disabled checks&lt;/p&gt;</comment>
                            <comment id="14162635" author="svenmeier" created="Tue, 7 Oct 2014 21:58:41 +0000">&lt;p&gt;disabled checkboxes are now ignored when updating the state of the selector&lt;/p&gt;</comment>
                    </comments>
                    <attachments>
                            <attachment id="12673386" name="checkgroup.tgz" size="20084" author="froque" created="Tue, 7 Oct 2014 17:15:06 +0000" />
                    </attachments>
                <subtasks>
                    </subtasks>
                <customfields>
                                                                                                                                                                                                                                                                                                                                                                                                                                                                                                                                                                                                                                                                                                                    <customfield id="customfield_12314020" key="com.atlassian.jira.plugins.jira-development-integration-plugin:devsummary">
                        <customfieldname>Development</customfieldname>
                        <customfieldvalues>
                            
                        </customfieldvalues>
                    </customfield>
                                                                                                                        <customfield id="customfield_12313422" key="com.atlassian.jirafisheyeplugin:jobcheckbox">
                        <customfieldname>Enable Automatic Patch Review</customfieldname>
                        <customfieldvalues>
                            <customfieldvalue>false</customfieldvalue>

                        </customfieldvalues>
                    </customfield>
                                                                                                                                                                                                                                                                                                                                                                                                                                                                                                                                                                                                                    <customfield id="customfield_12310420" key="com.pyxis.greenhopper.jira:gh-global-rank">
                        <customfieldname>Global Rank</customfieldname>
                        <customfieldvalues>
                            <customfieldvalue>9223372036854775807</customfieldvalue>
                        </customfieldvalues>
                    </customfield>
                                                                                                                                                                                                                                                                                                                                                                                                                                                                        <customfield id="customfield_12311820" key="com.pyxis.greenhopper.jira:gh-lexo-rank">
                        <customfieldname>Rank</customfieldname>
                        <customfieldvalues>
                            <customfieldvalue>0|i20w1j:</customfieldvalue>

                        </customfieldvalues>
                    </customfield>
                                                                <customfield id="customfield_12310920" key="com.pyxis.greenhopper.jira:gh-global-rank">
                        <customfieldname>Rank (Obsolete)</customfieldname>
                        <customfieldvalues>
                            <customfieldvalue>9223372036854775807</customfieldvalue>
                        </customfieldvalues>
                    </customfield>
                                                                                                                                                                                                                                                                                                                                                                                                                                                                                                                                                                                                                                                                                                                                                                                            </customfields>
    </item>


</channel>
</rss>