<rss version="0.92">
    <channel>
        <title>ASF JIRA</title>
        <link>https://issues.apache.org/jira/issues/?jql=project+%3D+wicket+and+type+%3D+bug+and+%28status+%3D+RESOLVED+or+status+%3D+closed%29</link>
        <description>An XML representation of a search request</description>
                <language>en-uk</language>
                        <issue start="0" end="1000" total="4133" />
                <build-info>
            <version>8.20.7</version>
            <build-number>820007</build-number>
            <build-date>16-03-2022</build-date>
        </build-info>

<item>
            <title>[WICKET-5947] AjaxPagingNavigationLink throws exception that Behavior is not enabled</title>
                <link>https://issues.apache.org/jira/browse/WICKET-5947</link>
                <project id="12310561" key="WICKET">Wicket</project>
                    <description>&lt;p&gt;When clicking on an AjaxPagingNavigationLink I get the exception below, based on wicket-7.0.0-SNAPSHOT from yesterday.&lt;/p&gt;

&lt;div class="code panel" style="border-width: 1px;"&gt;&lt;div class="codeContent panelContent"&gt;
&lt;pre class="code-java"&gt;13:12:23,425 WARN  [org.apache.wicket.RequestListenerInterface] (&lt;span class="code-keyword"&gt;default&lt;/span&gt; task-10) behavior not enabled; ignore call. Behavior org.apache.wicket.ajax.markup.html.navigation.paging.AjaxPagingNavigationLink$1@2281aefc at component [AjaxPagingNavigationLink [Component id = pageLink]]
13:12:23,431 WARN  [RequestCycleExtra] (&lt;span class="code-keyword"&gt;default&lt;/span&gt; task-10) ********************************
13:12:23,431 WARN  [RequestCycleExtra] (&lt;span class="code-keyword"&gt;default&lt;/span&gt; task-10) Handling the following exception: org.apache.wicket.core.request.handler.ListenerInvocationNotAllowedException: Behavior rejected &lt;span class="code-keyword"&gt;interface&lt;/span&gt; invocation. Component: [AjaxPagingNavigationLink [Component id = pageLink]] Behavior: org.apache.wicket.ajax.markup.html.navigation.paging.AjaxPagingNavigationLink$1@2281aefc Listener: [RequestListenerInterface name=IBehaviorListener, method=&lt;span class="code-keyword"&gt;public&lt;/span&gt; &lt;span class="code-keyword"&gt;abstract&lt;/span&gt; void org.apache.wicket.behavior.IBehaviorListener.onRequest()]
	at org.apache.wicket.RequestListenerInterface.invoke(RequestListenerInterface.java:237) [wicket-core-7.0.0-SNAPSHOT.jar:7.0.0-SNAPSHOT]
	at org.apache.wicket.core.request.handler.ListenerInterfaceRequestHandler.invokeListener(ListenerInterfaceRequestHandler.java:248) [wicket-core-7.0.0-SNAPSHOT.jar:7.0.0-SNAPSHOT]
	at org.apache.wicket.core.request.handler.ListenerInterfaceRequestHandler.respond(ListenerInterfaceRequestHandler.java:234) [wicket-core-7.0.0-SNAPSHOT.jar:7.0.0-SNAPSHOT]
	at org.apache.wicket.request.cycle.RequestCycle$HandlerExecutor.respond(RequestCycle.java:865) [wicket-core-7.0.0-SNAPSHOT.jar:7.0.0-SNAPSHOT]
	at org.apache.wicket.request.RequestHandlerStack.execute(RequestHandlerStack.java:64) [wicket-request-7.0.0-SNAPSHOT.jar:7.0.0-SNAPSHOT]
	at org.apache.wicket.request.cycle.RequestCycle.execute(RequestCycle.java:265) [wicket-core-7.0.0-SNAPSHOT.jar:7.0.0-SNAPSHOT]
	at org.apache.wicket.request.cycle.RequestCycle.processRequest(RequestCycle.java:222) [wicket-core-7.0.0-SNAPSHOT.jar:7.0.0-SNAPSHOT]
	at org.apache.wicket.request.cycle.RequestCycle.processRequestAndDetach(RequestCycle.java:293) [wicket-core-7.0.0-SNAPSHOT.jar:7.0.0-SNAPSHOT]
	at org.apache.wicket.protocol.http.WicketFilter.processRequestCycle(WicketFilter.java:261) [wicket-core-7.0.0-SNAPSHOT.jar:7.0.0-SNAPSHOT]
	at org.apache.wicket.protocol.http.WicketFilter.processRequest(WicketFilter.java:203) [wicket-core-7.0.0-SNAPSHOT.jar:7.0.0-SNAPSHOT]
	at org.apache.wicket.protocol.http.WicketFilter.doFilter(WicketFilter.java:284) [wicket-core-7.0.0-SNAPSHOT.jar:7.0.0-SNAPSHOT]
	at io.undertow.servlet.core.ManagedFilter.doFilter(ManagedFilter.java:60) [undertow-servlet-1.1.0.Final.jar:1.1.0.Final]
&lt;/pre&gt;
&lt;/div&gt;&lt;/div&gt;</description>
                <environment />
        <key id="12843836">WICKET-5947</key>
            <summary>AjaxPagingNavigationLink throws exception that Behavior is not enabled</summary>
                <type id="1" iconUrl="https://issues.apache.org/jira/secure/viewavatar?size=xsmall&amp;avatarId=21133&amp;avatarType=issuetype">Bug</type>
                                            <priority id="5" iconUrl="https://issues.apache.org/jira/images/icons/priorities/trivial.svg">Trivial</priority>
                        <status id="6" iconUrl="https://issues.apache.org/jira/images/icons/statuses/closed.png" description="The issue is considered finished, the resolution is correct. Issues which are not closed can be reopened.">Closed</status>
                    <statusCategory id="3" key="done" colorName="green" />
                                    <resolution id="8">Not A Problem</resolution>
                                        <assignee username="-1">Unassigned</assignee>
                                    <reporter username="dashorst">Martijn Dashorst</reporter>
                        <labels>
                    </labels>
                <created>Thu, 9 Jul 2015 11:15:43 +0000</created>
                <updated>Thu, 9 Jul 2015 16:43:45 +0000</updated>
                            <resolved>Thu, 9 Jul 2015 16:43:23 +0000</resolved>
                                    <version>7.0.0</version>
                                                        <due />
                            <votes>0</votes>
                                    <watches>4</watches>
                                                                <comments>
                            <comment id="14620406" author="svenmeier" created="Thu, 9 Jul 2015 12:21:21 +0000">&lt;p&gt;&lt;a href="https://issues.apache.org/jira/browse/WICKET-5676" title="Double click causes internal error using AjaxFallbackDefaultDataTable" class="issue-link" data-issue-key="WICKET-5676"&gt;WICKET-5676&lt;/a&gt; ?&lt;/p&gt;</comment>
                            <comment id="14620446" author="dashorst" created="Thu, 9 Jul 2015 12:42:56 +0000">&lt;p&gt;I don't think the two are the same problem though they look similar. I tried it in our app with wicket 6.19, and that doesn't fail. So it is specific to  Wicket 7.&lt;/p&gt;

&lt;p&gt;The scenario is two DDC's that update their contents through Ajax, and after a couple of clicks on both DDC's I click on the 3rd AjaxNavigationLink, causing the reported exception.&lt;/p&gt;</comment>
                            <comment id="14620480" author="bitstorm" created="Thu, 9 Jul 2015 13:20:59 +0000">&lt;p&gt;The problem is that AJAX requests in Wicket 7 do not increase page version indicator. The problem can be seen in example page pageables. If we open two tabs pointing at the same page version (i.e. open a navigation link in another tab) and then we try to click on a link previously disabled in the other tab (for example first/ last page links), we obtain the exception reported in this issue. &lt;br/&gt;
We might solve it overriding AjaxPagingNavigationLink#canCallListenerInterface(Method method) but maybe there are better options.&lt;/p&gt;</comment>
                            <comment id="14620495" author="mgrigorov" created="Thu, 9 Jul 2015 13:31:50 +0000">&lt;p&gt;Ajax requests do not increase the page version/id in Wicket 6.x too.&lt;/p&gt;

&lt;p&gt;AFAIU Martijn doesn't open multiple tabs so this is not his problem.&lt;br/&gt;
I'm sure he will either debug it (he knows Ajax pagers the best, as he wrote them &lt;img class="emoticon" src="https://issues.apache.org/jira/images/icons/emoticons/smile.png" height="16" width="16" align="absmiddle" alt="" border="0"/&gt;) or he will provide a quickstart.&lt;/p&gt;</comment>
                            <comment id="14620591" author="dashorst" created="Thu, 9 Jul 2015 14:34:17 +0000">&lt;p&gt;Correct: I didn't have two tabs open. I'm currently trying to craft a quickstart for this issue, because bisecting with an app of 1.2M lines of code is not fun.&lt;/p&gt;</comment>
                            <comment id="14620607" author="bitstorm" created="Thu, 9 Jul 2015 14:39:56 +0000">&lt;p&gt;Yah sorry, too much sun. But I think I've discovered how to have e similar error with multiple tabs. I will try to provide more details.&lt;/p&gt;</comment>
                            <comment id="14620817" author="dashorst" created="Thu, 9 Jul 2015 16:43:23 +0000">&lt;p&gt;It appears that the issue is the following:&lt;/p&gt;

&lt;p&gt;The drop down choice components are part of a larger filter. Initially the selection is all students (i.e. 302 pages). The DDCs are only responsible for updating themselves. When you modify the DDCs to a single school location, the data table is not updated, but the underlying filter is. So when you click *&lt;b&gt;far enough&lt;/b&gt;* in the paging navigator, the navigator correctly discovers those links are not available anymore, so the exception is thrown.&lt;/p&gt;

&lt;p&gt;The reason I couldn't initially replicate the same behavior in our 6.x version was the different database, where the number of selected students resulted in enough navigator pages.&lt;/p&gt;

&lt;p&gt;This is a non-issue and works as intended.&lt;/p&gt;</comment>
                    </comments>
                    <attachments>
                    </attachments>
                <subtasks>
                    </subtasks>
                <customfields>
                                                                                                                                                                                                                                                                                                                                                                                                                                                                                                                                                                                                                                                                                                                    <customfield id="customfield_12314020" key="com.atlassian.jira.plugins.jira-development-integration-plugin:devsummary">
                        <customfieldname>Development</customfieldname>
                        <customfieldvalues>
                            
                        </customfieldvalues>
                    </customfield>
                                                                                                                        <customfield id="customfield_12313422" key="com.atlassian.jirafisheyeplugin:jobcheckbox">
                        <customfieldname>Enable Automatic Patch Review</customfieldname>
                        <customfieldvalues>
                            <customfieldvalue>false</customfieldvalue>

                        </customfieldvalues>
                    </customfield>
                                                                                                                                                                                                                                                                                                                                                                                                                                                                                                                                                                                                                    <customfield id="customfield_12310420" key="com.pyxis.greenhopper.jira:gh-global-rank">
                        <customfieldname>Global Rank</customfieldname>
                        <customfieldvalues>
                            <customfieldvalue>9223372036854775807</customfieldvalue>
                        </customfieldvalues>
                    </customfield>
                                                                                                                                                                                                                                                                                                                                                                                                                                                                        <customfield id="customfield_12311820" key="com.pyxis.greenhopper.jira:gh-lexo-rank">
                        <customfieldname>Rank</customfieldname>
                        <customfieldvalues>
                            <customfieldvalue>0|i2h1pz:</customfieldvalue>

                        </customfieldvalues>
                    </customfield>
                                                                <customfield id="customfield_12310920" key="com.pyxis.greenhopper.jira:gh-global-rank">
                        <customfieldname>Rank (Obsolete)</customfieldname>
                        <customfieldvalues>
                            <customfieldvalue>9223372036854775807</customfieldvalue>
                        </customfieldvalues>
                    </customfield>
                                                                                                                                                                                                                                                                                                                                                                                                                                                                                                                                                                                                                                                                                                                                                                                            </customfields>
    </item>


</channel>
</rss>