<rss version="0.92">
    <channel>
        <title>ASF JIRA</title>
        <link>https://issues.apache.org/jira/issues/?jql=project+%3D+wicket+and+type+%3D+bug+and+%28status+%3D+RESOLVED+or+status+%3D+closed%29</link>
        <description>An XML representation of a search request</description>
                <language>en-uk</language>
                        <issue start="0" end="1000" total="4133" />
                <build-info>
            <version>8.20.7</version>
            <build-number>820007</build-number>
            <build-date>16-03-2022</build-date>
        </build-info>

<item>
            <title>[WICKET-5532] NPE calling PackageResource.getResourceStream() if there is no RequestCycle defined</title>
                <link>https://issues.apache.org/jira/browse/WICKET-5532</link>
                <project id="12310561" key="WICKET">Wicket</project>
                    <description>&lt;p&gt;From my email on the list:&lt;/p&gt;

&lt;p&gt;Since the introduction of the ProcessingResourceStream, it's not&lt;br/&gt;
possible to call PackageResource.getResourceStream() anymore if there&lt;br/&gt;
is no RequestCycle defined.&lt;/p&gt;

&lt;p&gt;Typically, we call it in our Application init() to prepare (mostly&lt;br/&gt;
preprocess and cache) a couple of resources before opening the&lt;br/&gt;
application to the public.&lt;/p&gt;

&lt;p&gt;We now have a NPE here:&lt;br/&gt;
&lt;a href="https://github.com/apache/wicket/blob/master/wicket-core/src/main/java/org/apache/wicket/request/resource/PackageResource.java#L496" class="external-link" target="_blank" rel="nofollow noopener"&gt;https://github.com/apache/wicket/blob/master/wicket-core/src/main/java/org/apache/wicket/request/resource/PackageResource.java#L496&lt;/a&gt;&lt;/p&gt;

&lt;p&gt;This problem was introduced by this commit:&lt;br/&gt;
&lt;a href="https://github.com/apache/wicket/commit/29b26ffffdd619f4e2fe86aa2d2b02ff3e1d6017#diff-428db8d5278d2ac567e471efd377c7c7" class="external-link" target="_blank" rel="nofollow noopener"&gt;https://github.com/apache/wicket/commit/29b26ffffdd619f4e2fe86aa2d2b02ff3e1d6017#diff-428db8d5278d2ac567e471efd377c7c7&lt;/a&gt;&lt;/p&gt;

&lt;p&gt;Thanks.&lt;/p&gt;</description>
                <environment />
        <key id="12699787">WICKET-5532</key>
            <summary>NPE calling PackageResource.getResourceStream() if there is no RequestCycle defined</summary>
                <type id="1" iconUrl="https://issues.apache.org/jira/secure/viewavatar?size=xsmall&amp;avatarId=21133&amp;avatarType=issuetype">Bug</type>
                                            <priority id="3" iconUrl="https://issues.apache.org/jira/images/icons/priorities/major.svg">Major</priority>
                        <status id="5" iconUrl="https://issues.apache.org/jira/images/icons/statuses/resolved.png" description="A resolution has been taken, and it is awaiting verification by reporter. From here issues are either reopened, or are closed.">Resolved</status>
                    <statusCategory id="3" key="done" colorName="green" />
                                    <resolution id="1">Fixed</resolution>
                                        <assignee username="mgrigorov">Martin Tzvetanov Grigorov</assignee>
                                    <reporter username="gsmet">Guillaume Smet</reporter>
                        <labels>
                    </labels>
                <created>Mon, 10 Mar 2014 14:37:07 +0000</created>
                <updated>Mon, 17 Mar 2014 09:49:06 +0000</updated>
                            <resolved>Tue, 11 Mar 2014 13:29:56 +0000</resolved>
                                    <version>6.13.0</version>
                    <version>6.14.0</version>
                                    <fixVersion>7.0.0-M1</fixVersion>
                    <fixVersion>6.15.0</fixVersion>
                                        <due />
                            <votes>0</votes>
                                    <watches>2</watches>
                                                                <comments>
                            <comment id="13930324" author="mgrigorov" created="Tue, 11 Mar 2014 13:29:56 +0000">&lt;p&gt;Please test it with 6.15.0-SNAPSHOT if you can before we release 6.15.0.&lt;br/&gt;
Thanks!&lt;/p&gt;</comment>
                            <comment id="13937604" author="gsmet" created="Mon, 17 Mar 2014 09:49:06 +0000">&lt;p&gt;Hi Martin,&lt;/p&gt;

&lt;p&gt;I confirm it's OK with 6.15.0-SNAPSHOT.&lt;/p&gt;

&lt;p&gt;Thanks!&lt;/p&gt;</comment>
                    </comments>
                    <attachments>
                    </attachments>
                <subtasks>
                    </subtasks>
                <customfields>
                                                                                                                                                                                                                                                                                                                                                                                                                                                                                                                                                                                                                                                                                                                    <customfield id="customfield_12314020" key="com.atlassian.jira.plugins.jira-development-integration-plugin:devsummary">
                        <customfieldname>Development</customfieldname>
                        <customfieldvalues>
                            
                        </customfieldvalues>
                    </customfield>
                                                                                                                        <customfield id="customfield_12313422" key="com.atlassian.jirafisheyeplugin:jobcheckbox">
                        <customfieldname>Enable Automatic Patch Review</customfieldname>
                        <customfieldvalues>
                            <customfieldvalue>false</customfieldvalue>

                        </customfieldvalues>
                    </customfield>
                                                                                                                                                                                                                                                                                                                                                                                                                                                                                                                                                                                                                    <customfield id="customfield_12310420" key="com.pyxis.greenhopper.jira:gh-global-rank">
                        <customfieldname>Global Rank</customfieldname>
                        <customfieldvalues>
                            <customfieldvalue>378133</customfieldvalue>
                        </customfieldvalues>
                    </customfield>
                                                                                                                                                                                                                                                                                                                                                                                                                                                                        <customfield id="customfield_12311820" key="com.pyxis.greenhopper.jira:gh-lexo-rank">
                        <customfieldname>Rank</customfieldname>
                        <customfieldvalues>
                            <customfieldvalue>0|i1t5nj:</customfieldvalue>

                        </customfieldvalues>
                    </customfield>
                                                                <customfield id="customfield_12310920" key="com.pyxis.greenhopper.jira:gh-global-rank">
                        <customfieldname>Rank (Obsolete)</customfieldname>
                        <customfieldvalues>
                            <customfieldvalue>378425</customfieldvalue>
                        </customfieldvalues>
                    </customfield>
                                                                                                                                                                                                                                                                                                                                                                                                                                                                                                                                                                                                                                                                                                                                                                                            </customfields>
    </item>


</channel>
</rss>