<rss version="0.92">
    <channel>
        <title>ASF JIRA</title>
        <link>https://issues.apache.org/jira/issues/?jql=project+%3D+wicket+and+type+%3D+bug+and+%28status+%3D+RESOLVED+or+status+%3D+closed%29</link>
        <description>An XML representation of a search request</description>
                <language>en-uk</language>
                        <issue start="0" end="1000" total="4133" />
                <build-info>
            <version>8.20.7</version>
            <build-number>820007</build-number>
            <build-date>16-03-2022</build-date>
        </build-info>

<item>
            <title>[WICKET-5787] MessageSource in FormComponent does not reflect type of var, when custom converter is used</title>
                <link>https://issues.apache.org/jira/browse/WICKET-5787</link>
                <project id="12310561" key="WICKET">Wicket</project>
                    <description>&lt;p&gt;/************************* Problem description *************************/&lt;/p&gt;

&lt;p&gt;When using custom validator together with custom converter, if validation fails, inside FormComponent.MessageSource.substitute() method custom converter is used for every variable given inside ValidationError isntance. If this variable is of another type than custom converter expects, exception is thrown. IE: java.lang.Integer cannot be cast to java.math.BigDecimal &lt;/p&gt;

&lt;p&gt;/************************* Properties message *************************/&lt;/p&gt;

&lt;p&gt;targetValue.BigDecimalValidator.scaleExceeded='${label}' value '${input}' has more than '${scale}' decimal digits&lt;/p&gt;

&lt;p&gt;/************************* Our custom validator *************************/&lt;/p&gt;

&lt;p&gt;public class BigDecimalPrecisionValidator implements IValidator&amp;lt;BigDecimal&amp;gt; {&lt;/p&gt;

&lt;p&gt;	private static final long serialVersionUID = 1L;&lt;/p&gt;

&lt;p&gt;	private final int precision;&lt;/p&gt;

&lt;p&gt;	private final int scale;&lt;/p&gt;

&lt;p&gt;	public BigDecimalPrecisionValidator(int precision, int scale) &lt;/p&gt;
{
		super();
		this.precision = precision;
		this.scale = scale;
	}

&lt;p&gt;	@Override&lt;br/&gt;
	public void validate(IValidatable&amp;lt;BigDecimal&amp;gt; validatable) {&lt;/p&gt;

&lt;p&gt;		if ( //some logic here ) &lt;/p&gt;
{
			error(validatable, "scaleExceeded");
		}
&lt;p&gt;	}&lt;/p&gt;

&lt;p&gt;	private void error(IValidatable&amp;lt;BigDecimal&amp;gt; validatable, String key) &lt;/p&gt;
{
		ValidationError error = new ValidationError(this);
		error.addKey(getClass().getSimpleName() + "." + key);
		error.setVariable("scale", scale)); // &amp;lt;- here starts trouble, scale is int
		error.setVariable("precision", precision);
		error.setVariable("value", validatable.getValue());
		validatable.error(error);
	}

&lt;p&gt;}&lt;/p&gt;

&lt;p&gt;/************************* Our custom BigDecimalField component *************************/&lt;/p&gt;

&lt;p&gt;public class BigDecimalField extends TextField&amp;lt;BigDecimal&amp;gt; {&lt;/p&gt;

&lt;p&gt;	private static final long serialVersionUID = 1L;&lt;/p&gt;

&lt;p&gt;	private BigDecimalConverter converter;&lt;/p&gt;

&lt;p&gt;	public BigDecimalField(String id, IModel&amp;lt;BigDecimal&amp;gt; model, int scale) &lt;/p&gt;
{
		super(id, model, BigDecimal.class);
		this.converter = new CustomBigDecimalConverter(scale);
	}

&lt;p&gt;	@Override&lt;br/&gt;
	public &amp;lt;C&amp;gt; IConverter&amp;lt;C&amp;gt; getConverter(Class&amp;lt;C&amp;gt; type) &lt;/p&gt;
{
		return (IConverter&amp;lt;C&amp;gt;) converter;
	}


&lt;p&gt;	class CustomBigDecimalConverter extends BigDecimalConverter {&lt;br/&gt;
		private static final long serialVersionUID = 1L;&lt;/p&gt;

&lt;p&gt;		private Integer scale;&lt;/p&gt;

&lt;p&gt;		protected CustomBigDecimalConverter() &lt;/p&gt;
{
			super();
		}

&lt;p&gt;		protected CustomBigDecimalConverter(Integer scale) &lt;/p&gt;
{
			super();
			this.scale = scale;
		}

&lt;p&gt;		@Override&lt;br/&gt;
		public BigDecimal convertToObject(String value, Locale locale) &lt;/p&gt;
{
			return super.convertToObject(value.replaceAll(",", "."), locale);
		}

&lt;p&gt;		@Override&lt;br/&gt;
		public String convertToString(BigDecimal value, Locale locale) { // &amp;lt;- method expects BigDecimal, but int is given, exception is thrown here&lt;br/&gt;
			if (scale != null) &lt;/p&gt;
{
				value.setScale(scale, RoundingMode.CEILING);
			}
&lt;p&gt;			return value.toString();&lt;br/&gt;
		}&lt;br/&gt;
	}&lt;/p&gt;

&lt;p&gt;}&lt;/p&gt;

&lt;p&gt;/************************* Creation of component *************************/&lt;/p&gt;

&lt;p&gt;final BigDecimalField valueField = new BigDecimalField("value", (IModel&amp;lt;BigDecimal&amp;gt;)item.getDefaultModel(), 2);&lt;br/&gt;
valueField.add(new BigDecimalPrecisionValidator(11, 1));&lt;/p&gt;

&lt;p&gt;/************************** Value given to component *************************/&lt;/p&gt;

&lt;p&gt;8.88&lt;/p&gt;
&lt;ul class="alternate" type="square"&gt;
	&lt;li&gt;precision is 1, so validation using my BigDecimalPrecisionValidator fails.&lt;/li&gt;
&lt;/ul&gt;


&lt;p&gt;/************************** Stack Trace *************************/&lt;/p&gt;

&lt;p&gt;org.apache.wicket.WicketRuntimeException: Exception 'java.lang.Integer cannot be cast to java.math.BigDecimal' occurred during validation com.example.project.name.wicket.validation.validator.BigDecimalPrecisionValidator on component 15:valuesForm:ncbsTable:dataRows:1:row:values:0:value&lt;br/&gt;
	at org.apache.wicket.markup.html.form.FormComponent.validateValidators(FormComponent.java:1535)&lt;br/&gt;
	at org.apache.wicket.markup.html.form.FormComponent.validate(FormComponent.java:1146)&lt;br/&gt;
	at org.apache.wicket.markup.html.form.Form$18.validate(Form.java:1926)&lt;br/&gt;
	at org.apache.wicket.markup.html.form.Form$ValidationVisitor.component(Form.java:176)&lt;br/&gt;
	at org.apache.wicket.markup.html.form.Form$ValidationVisitor.component(Form.java:160)&lt;br/&gt;
	at org.apache.wicket.util.visit.Visits.visitPostOrderHelper(Visits.java:274)&lt;br/&gt;
	at org.apache.wicket.util.visit.Visits.visitPostOrderHelper(Visits.java:262)&lt;br/&gt;
	at org.apache.wicket.util.visit.Visits.visitPostOrderHelper(Visits.java:262)&lt;br/&gt;
	at org.apache.wicket.util.visit.Visits.visitPostOrderHelper(Visits.java:262)&lt;br/&gt;
	at org.apache.wicket.util.visit.Visits.visitPostOrderHelper(Visits.java:262)&lt;br/&gt;
	at org.apache.wicket.util.visit.Visits.visitPostOrderHelper(Visits.java:262)&lt;br/&gt;
	at org.apache.wicket.util.visit.Visits.visitPostOrderHelper(Visits.java:262)&lt;br/&gt;
	at org.apache.wicket.util.visit.Visits.visitPostOrderHelper(Visits.java:262)&lt;br/&gt;
	at org.apache.wicket.util.visit.Visits.visitPostOrder(Visits.java:245)&lt;br/&gt;
	at org.apache.wicket.markup.html.form.FormComponent.visitFormComponentsPostOrder(FormComponent.java:389)&lt;br/&gt;
	at org.apache.wicket.markup.html.form.Form.visitFormComponentsPostOrder(Form.java:1128)&lt;br/&gt;
	at org.apache.wicket.markup.html.form.Form.validateComponents(Form.java:1918)&lt;br/&gt;
	at org.apache.wicket.markup.html.form.Form.validate(Form.java:1860)&lt;br/&gt;
	at org.apache.wicket.markup.html.form.Form.process(Form.java:921)&lt;br/&gt;
	at org.apache.wicket.markup.html.form.Form.onFormSubmitted(Form.java:784)&lt;br/&gt;
	at org.apache.wicket.ajax.form.AjaxFormSubmitBehavior.onEvent(AjaxFormSubmitBehavior.java:159)&lt;br/&gt;
	at org.apache.wicket.ajax.AjaxEventBehavior.respond(AjaxEventBehavior.java:124)&lt;br/&gt;
	at org.apache.wicket.ajax.AbstractDefaultAjaxBehavior.onRequest(AbstractDefaultAjaxBehavior.java:633)&lt;br/&gt;
	at sun.reflect.GeneratedMethodAccessor159.invoke(Unknown Source)&lt;br/&gt;
	at sun.reflect.DelegatingMethodAccessorImpl.invoke(DelegatingMethodAccessorImpl.java:25)&lt;br/&gt;
	at java.lang.reflect.Method.invoke(Method.java:597)&lt;br/&gt;
	at org.apache.wicket.RequestListenerInterface.internalInvoke(RequestListenerInterface.java:258)&lt;br/&gt;
	at org.apache.wicket.RequestListenerInterface.invoke(RequestListenerInterface.java:241)&lt;br/&gt;
	at org.apache.wicket.core.request.handler.ListenerInterfaceRequestHandler.invokeListener(ListenerInterfaceRequestHandler.java:250)&lt;br/&gt;
	at org.apache.wicket.core.request.handler.ListenerInterfaceRequestHandler.respond(ListenerInterfaceRequestHandler.java:236)&lt;br/&gt;
	at org.apache.wicket.request.cycle.RequestCycle$HandlerExecutor.respond(RequestCycle.java:862)&lt;br/&gt;
	at org.apache.wicket.request.RequestHandlerStack.execute(RequestHandlerStack.java:64)&lt;br/&gt;
	at org.apache.wicket.request.cycle.RequestCycle.execute(RequestCycle.java:261)&lt;br/&gt;
	at org.apache.wicket.request.cycle.RequestCycle.processRequest(RequestCycle.java:218)&lt;br/&gt;
	at org.apache.wicket.request.cycle.RequestCycle.processRequestAndDetach(RequestCycle.java:289)&lt;br/&gt;
	at org.apache.wicket.protocol.http.WicketFilter.processRequestCycle(WicketFilter.java:259)&lt;br/&gt;
	at org.apache.wicket.protocol.http.WicketFilter.processRequest(WicketFilter.java:201)&lt;br/&gt;
	at org.apache.wicket.protocol.http.WicketServlet.doPost(WicketServlet.java:159)&lt;br/&gt;
	at javax.servlet.http.HttpServlet.service(HttpServlet.java:646)&lt;br/&gt;
	at javax.servlet.http.HttpServlet.service(HttpServlet.java:727)&lt;br/&gt;
	at org.apache.catalina.core.ApplicationFilterChain.internalDoFilter(ApplicationFilterChain.java:303)&lt;br/&gt;
	at org.apache.catalina.core.ApplicationFilterChain.doFilter(ApplicationFilterChain.java:208)&lt;br/&gt;
	at org.springframework.orm.hibernate4.support.OpenSessionInViewFilter.doFilterInternal(OpenSessionInViewFilter.java:150)&lt;br/&gt;
	at org.springframework.web.filter.OncePerRequestFilter.doFilter(OncePerRequestFilter.java:107)&lt;br/&gt;
	at org.apache.catalina.core.ApplicationFilterChain.internalDoFilter(ApplicationFilterChain.java:241)&lt;br/&gt;
	at org.apache.catalina.core.ApplicationFilterChain.doFilter(ApplicationFilterChain.java:208)&lt;br/&gt;
	at com.example.project.name.wicket.RelativeURLFilter.doFilter(RelativeURLFilter.java:48)&lt;br/&gt;
	at org.apache.catalina.core.ApplicationFilterChain.internalDoFilter(ApplicationFilterChain.java:241)&lt;br/&gt;
	at org.apache.catalina.core.ApplicationFilterChain.doFilter(ApplicationFilterChain.java:208)&lt;br/&gt;
	at org.apache.catalina.core.StandardWrapperValve.invoke(StandardWrapperValve.java:220)&lt;br/&gt;
	at org.apache.catalina.core.StandardContextValve.invoke(StandardContextValve.java:122)&lt;br/&gt;
	at org.apache.catalina.authenticator.AuthenticatorBase.invoke(AuthenticatorBase.java:610)&lt;br/&gt;
	at org.apache.catalina.core.StandardHostValve.invoke(StandardHostValve.java:171)&lt;br/&gt;
	at org.apache.catalina.valves.ErrorReportValve.invoke(ErrorReportValve.java:103)&lt;br/&gt;
	at org.apache.catalina.valves.AccessLogValve.invoke(AccessLogValve.java:950)&lt;br/&gt;
	at org.apache.catalina.core.StandardEngineValve.invoke(StandardEngineValve.java:116)&lt;br/&gt;
	at org.apache.catalina.connector.CoyoteAdapter.service(CoyoteAdapter.java:408)&lt;br/&gt;
	at org.apache.coyote.http11.AbstractHttp11Processor.process(AbstractHttp11Processor.java:1070)&lt;br/&gt;
	at org.apache.coyote.AbstractProtocol$AbstractConnectionHandler.process(AbstractProtocol.java:611)&lt;br/&gt;
	at org.apache.tomcat.util.net.JIoEndpoint$SocketProcessor.run(JIoEndpoint.java:316)&lt;br/&gt;
	at java.util.concurrent.ThreadPoolExecutor$Worker.runTask(ThreadPoolExecutor.java:895)&lt;br/&gt;
	at java.util.concurrent.ThreadPoolExecutor$Worker.run(ThreadPoolExecutor.java:918)&lt;br/&gt;
	at org.apache.tomcat.util.threads.TaskThread$WrappingRunnable.run(TaskThread.java:61)&lt;br/&gt;
	at java.lang.Thread.run(Thread.java:662)&lt;br/&gt;
Caused by: java.lang.ClassCastException: java.lang.Integer cannot be cast to java.math.BigDecimal&lt;br/&gt;
	at com.example.project.name.wicket.component.BigDecimalField$CustomBigDecimalConverter.convertToString(BigDecimalField.java:1)&lt;br/&gt;
	at org.apache.wicket.util.convert.converter.AbstractNumberConverter.convertToString(AbstractNumberConverter.java:31)&lt;br/&gt;
	at org.apache.wicket.markup.html.form.FormComponent$MessageSource$1.getValue(FormComponent.java:238)&lt;br/&gt;
	at org.apache.wicket.util.string.interpolator.VariableInterpolator.toString(VariableInterpolator.java:148)&lt;br/&gt;
	at org.apache.wicket.markup.html.form.FormComponent$MessageSource.substitute(FormComponent.java:208)&lt;br/&gt;
	at org.apache.wicket.markup.html.form.FormComponent$MessageSource.getMessage(FormComponent.java:171)&lt;br/&gt;
	at org.apache.wicket.validation.ValidationError.getErrorMessage(ValidationError.java:248)&lt;br/&gt;
	at org.apache.wicket.markup.html.form.FormComponent.error(FormComponent.java:664)&lt;br/&gt;
	at org.apache.wicket.markup.html.form.FormComponent$ValidatableAdapter.error(FormComponent.java:325)&lt;br/&gt;
	at com.example.project.name.wicket.validation.validator.BigDecimalPrecisionValidator.error(BigDecimalPrecisionValidator.java:58)&lt;br/&gt;
	at com.example.project.name.wicket.validation.validator.BigDecimalPrecisionValidator.validate(BigDecimalPrecisionValidator.java:45)&lt;br/&gt;
	at org.apache.wicket.markup.html.form.FormComponent.validateValidators(FormComponent.java:1524)&lt;br/&gt;
	... 63 more&lt;/p&gt;

&lt;p&gt;/************************** Workaround *************************/&lt;/p&gt;

&lt;p&gt;Pass variable into ValidationError of same type as custom Converter is typed.&lt;/p&gt;</description>
                <environment />
        <key id="12760438">WICKET-5787</key>
            <summary>MessageSource in FormComponent does not reflect type of var, when custom converter is used</summary>
                <type id="1" iconUrl="https://issues.apache.org/jira/secure/viewavatar?size=xsmall&amp;avatarId=21133&amp;avatarType=issuetype">Bug</type>
                                            <priority id="4" iconUrl="https://issues.apache.org/jira/images/icons/priorities/minor.svg">Minor</priority>
                        <status id="6" iconUrl="https://issues.apache.org/jira/images/icons/statuses/closed.png" description="The issue is considered finished, the resolution is correct. Issues which are not closed can be reopened.">Closed</status>
                    <statusCategory id="3" key="done" colorName="green" />
                                    <resolution id="6">Invalid</resolution>
                                        <assignee username="svenmeier">Sven Meier</assignee>
                                    <reporter username="Marek Pileck&#253;">Marek Pileck&#253;</reporter>
                        <labels>
                    </labels>
                <created>Tue, 9 Dec 2014 13:18:11 +0000</created>
                <updated>Tue, 9 Dec 2014 13:49:27 +0000</updated>
                            <resolved>Tue, 9 Dec 2014 13:49:27 +0000</resolved>
                                    <version>6.18.0</version>
                                                    <component>wicket</component>
                        <due />
                            <votes>0</votes>
                                    <watches>2</watches>
                                                                <comments>
                            <comment id="14239404" author="svenmeier" created="Tue, 9 Dec 2014 13:49:27 +0000">&lt;p&gt;You have to take the given type into account in getConverter:&lt;/p&gt;

&lt;p&gt;@Override&lt;br/&gt;
public &amp;lt;C&amp;gt; IConverter&amp;lt;C&amp;gt; getConverter(Class&amp;lt;C&amp;gt; type)&lt;br/&gt;
{&lt;br/&gt;
  if (type == BigDecimal.class) &lt;/p&gt;
{
    return (IConverter&amp;lt;C&amp;gt;) converter;
  }
&lt;p&gt;  return super.getConverter(type);&lt;br/&gt;
} &lt;/p&gt;</comment>
                    </comments>
                    <attachments>
                    </attachments>
                <subtasks>
                    </subtasks>
                <customfields>
                                                                                                                                                                                                                                                                                                                                                                                                                                                                                                                                                                                                                                                                                                                    <customfield id="customfield_12314020" key="com.atlassian.jira.plugins.jira-development-integration-plugin:devsummary">
                        <customfieldname>Development</customfieldname>
                        <customfieldvalues>
                            
                        </customfieldvalues>
                    </customfield>
                                                                                                                        <customfield id="customfield_12313422" key="com.atlassian.jirafisheyeplugin:jobcheckbox">
                        <customfieldname>Enable Automatic Patch Review</customfieldname>
                        <customfieldvalues>
                            <customfieldvalue>false</customfieldvalue>

                        </customfieldvalues>
                    </customfield>
                                                                                                                                                                                                                                                                                                                                                                                                                                                                                                                                                                                                                    <customfield id="customfield_12310420" key="com.pyxis.greenhopper.jira:gh-global-rank">
                        <customfieldname>Global Rank</customfieldname>
                        <customfieldvalues>
                            <customfieldvalue>9223372036854775807</customfieldvalue>
                        </customfieldvalues>
                    </customfield>
                                                                                                                                                                                                                                                                                                                                                                                                                                                                        <customfield id="customfield_12311820" key="com.pyxis.greenhopper.jira:gh-lexo-rank">
                        <customfieldname>Rank</customfieldname>
                        <customfieldvalues>
                            <customfieldvalue>0|i2385z:</customfieldvalue>

                        </customfieldvalues>
                    </customfield>
                                                                <customfield id="customfield_12310920" key="com.pyxis.greenhopper.jira:gh-global-rank">
                        <customfieldname>Rank (Obsolete)</customfieldname>
                        <customfieldvalues>
                            <customfieldvalue>9223372036854775807</customfieldvalue>
                        </customfieldvalues>
                    </customfield>
                                                                                                                                                                                                                                                                                                                                                                                                                                                                                                                                                                                                                                                                                                                                                                                            </customfields>
    </item>


</channel>
</rss>