<rss version="0.92">
    <channel>
        <title>ASF JIRA</title>
        <link>https://issues.apache.org/jira/issues/?jql=project+%3D+wicket+and+type+%3D+bug+and+%28status+%3D+RESOLVED+or+status+%3D+closed%29</link>
        <description>An XML representation of a search request</description>
                <language>en-uk</language>
                        <issue start="0" end="1000" total="4133" />
                <build-info>
            <version>8.20.7</version>
            <build-number>820007</build-number>
            <build-date>16-03-2022</build-date>
        </build-info>

<item>
            <title>[WICKET-5895] validateHeaders fails to detect missing head/body (regression)</title>
                <link>https://issues.apache.org/jira/browse/WICKET-5895</link>
                <project id="12310561" key="WICKET">Wicket</project>
                    <description>&lt;p&gt;I have a page that adds a panel which has a markup header contribution (wicket:head). The page has no head or body tag. In wicket 1.4, this logs a conspicuous error message, but in wicket 6 it ignores it silently.&lt;br/&gt;
I see that validateHeaders still tries to render the header and check if there was anything added, but the problem is that the header does not get rendered into the response object it's checking.&lt;/p&gt;</description>
                <environment />
        <key id="12825263">WICKET-5895</key>
            <summary>validateHeaders fails to detect missing head/body (regression)</summary>
                <type id="1" iconUrl="https://issues.apache.org/jira/secure/viewavatar?size=xsmall&amp;avatarId=21133&amp;avatarType=issuetype">Bug</type>
                                            <priority id="3" iconUrl="https://issues.apache.org/jira/images/icons/priorities/major.svg">Major</priority>
                        <status id="5" iconUrl="https://issues.apache.org/jira/images/icons/statuses/resolved.png" description="A resolution has been taken, and it is awaiting verification by reporter. From here issues are either reopened, or are closed.">Resolved</status>
                    <statusCategory id="3" key="done" colorName="green" />
                                    <resolution id="1">Fixed</resolution>
                                        <assignee username="mgrigorov">Martin Tzvetanov Grigorov</assignee>
                                    <reporter username="aditsu">Adrian S&#225;ndor</reporter>
                        <labels>
                    </labels>
                <created>Mon, 27 Apr 2015 23:30:02 +0000</created>
                <updated>Wed, 29 Apr 2015 14:10:10 +0000</updated>
                            <resolved>Wed, 29 Apr 2015 14:10:10 +0000</resolved>
                                    <version>6.5.0</version>
                                    <fixVersion>6.20.0</fixVersion>
                    <fixVersion>7.0.0-M6</fixVersion>
                                    <component>wicket</component>
                        <due />
                            <votes>0</votes>
                                    <watches>3</watches>
                                                                <comments>
                            <comment id="14516476" author="mgrigorov" created="Tue, 28 Apr 2015 06:20:34 +0000">&lt;p&gt;Please provide a quickstart application.&lt;br/&gt;
Thank you!&lt;/p&gt;</comment>
                            <comment id="14516533" author="aditsu" created="Tue, 28 Apr 2015 06:49:09 +0000">&lt;p&gt;Still not sure how to do that, here's a very small eclipse project.&lt;/p&gt;</comment>
                            <comment id="14516538" author="mgrigorov" created="Tue, 28 Apr 2015 06:54:30 +0000">&lt;p&gt;If you use Maven then it is as easy as copy/pasting the text from the textarea at &lt;a href="http://wicket.apache.org/start/quickstart.html" class="external-link" target="_blank" rel="nofollow noopener"&gt;http://wicket.apache.org/start/quickstart.html&lt;/a&gt;.&lt;br/&gt;
I have no experience with Ivy.&lt;br/&gt;
But it is easy to copy/paste the Java/HTML files from your attachment. Thanks!&lt;/p&gt;</comment>
                            <comment id="14519313" author="jira-bot" created="Wed, 29 Apr 2015 13:04:22 +0000">&lt;p&gt;Commit 042a55dc6fc5c7669a3c110a60eac9add94323af in wicket's branch refs/heads/master from &lt;a href="https://issues.apache.org/jira/secure/ViewProfile.jspa?name=mgrigorov" class="user-hover" rel="mgrigorov"&gt;mgrigorov&lt;/a&gt;&lt;br/&gt;
[ &lt;a href="https://git-wip-us.apache.org/repos/asf?p=wicket.git;h=042a55d" class="external-link" target="_blank" rel="nofollow noopener"&gt;https://git-wip-us.apache.org/repos/asf?p=wicket.git;h=042a55d&lt;/a&gt; ]&lt;/p&gt;

&lt;p&gt;&lt;a href="https://issues.apache.org/jira/browse/WICKET-5895" title="validateHeaders fails to detect missing head/body (regression)" class="issue-link" data-issue-key="WICKET-5895"&gt;&lt;del&gt;WICKET-5895&lt;/del&gt;&lt;/a&gt; validateHeaders fails to detect missing head/body (regression)&lt;/p&gt;

&lt;p&gt;(cherry picked from commit 008cdad4766d9e355c078e8a8a4285e11e20e97a)&lt;/p&gt;</comment>
                            <comment id="14519314" author="jira-bot" created="Wed, 29 Apr 2015 13:04:24 +0000">&lt;p&gt;Commit 008cdad4766d9e355c078e8a8a4285e11e20e97a in wicket's branch refs/heads/wicket-6.x from &lt;a href="https://issues.apache.org/jira/secure/ViewProfile.jspa?name=mgrigorov" class="user-hover" rel="mgrigorov"&gt;mgrigorov&lt;/a&gt;&lt;br/&gt;
[ &lt;a href="https://git-wip-us.apache.org/repos/asf?p=wicket.git;h=008cdad" class="external-link" target="_blank" rel="nofollow noopener"&gt;https://git-wip-us.apache.org/repos/asf?p=wicket.git;h=008cdad&lt;/a&gt; ]&lt;/p&gt;

&lt;p&gt;&lt;a href="https://issues.apache.org/jira/browse/WICKET-5895" title="validateHeaders fails to detect missing head/body (regression)" class="issue-link" data-issue-key="WICKET-5895"&gt;&lt;del&gt;WICKET-5895&lt;/del&gt;&lt;/a&gt; validateHeaders fails to detect missing head/body (regression)&lt;/p&gt;</comment>
                            <comment id="14519315" author="mgrigorov" created="Wed, 29 Apr 2015 13:04:41 +0000">&lt;p&gt;Fixed.&lt;br/&gt;
TODO: add a test case.&lt;/p&gt;</comment>
                            <comment id="14519398" author="jira-bot" created="Wed, 29 Apr 2015 14:09:53 +0000">&lt;p&gt;Commit 635ce53e84e42063cd699478b39abaff41ebd745 in wicket's branch refs/heads/wicket-6.x from &lt;a href="https://issues.apache.org/jira/secure/ViewProfile.jspa?name=mgrigorov" class="user-hover" rel="mgrigorov"&gt;mgrigorov&lt;/a&gt;&lt;br/&gt;
[ &lt;a href="https://git-wip-us.apache.org/repos/asf?p=wicket.git;h=635ce53" class="external-link" target="_blank" rel="nofollow noopener"&gt;https://git-wip-us.apache.org/repos/asf?p=wicket.git;h=635ce53&lt;/a&gt; ]&lt;/p&gt;

&lt;p&gt;&lt;a href="https://issues.apache.org/jira/browse/WICKET-5895" title="validateHeaders fails to detect missing head/body (regression)" class="issue-link" data-issue-key="WICKET-5895"&gt;&lt;del&gt;WICKET-5895&lt;/del&gt;&lt;/a&gt; validateHeaders fails to detect missing head/body (regression)&lt;/p&gt;</comment>
                            <comment id="14519399" author="jira-bot" created="Wed, 29 Apr 2015 14:10:05 +0000">&lt;p&gt;Commit ddc7d415eb1711f41e8c7458efd77bfaae962208 in wicket's branch refs/heads/master from &lt;a href="https://issues.apache.org/jira/secure/ViewProfile.jspa?name=mgrigorov" class="user-hover" rel="mgrigorov"&gt;mgrigorov&lt;/a&gt;&lt;br/&gt;
[ &lt;a href="https://git-wip-us.apache.org/repos/asf?p=wicket.git;h=ddc7d41" class="external-link" target="_blank" rel="nofollow noopener"&gt;https://git-wip-us.apache.org/repos/asf?p=wicket.git;h=ddc7d41&lt;/a&gt; ]&lt;/p&gt;

&lt;p&gt;&lt;a href="https://issues.apache.org/jira/browse/WICKET-5895" title="validateHeaders fails to detect missing head/body (regression)" class="issue-link" data-issue-key="WICKET-5895"&gt;&lt;del&gt;WICKET-5895&lt;/del&gt;&lt;/a&gt; validateHeaders fails to detect missing head/body (regression)&lt;/p&gt;

&lt;p&gt;(cherry picked from commit 635ce53e84e42063cd699478b39abaff41ebd745)&lt;/p&gt;</comment>
                    </comments>
                    <attachments>
                            <attachment id="12728716" name="bug5895.zip" size="4600" author="aditsu" created="Tue, 28 Apr 2015 06:49:09 +0000" />
                    </attachments>
                <subtasks>
                    </subtasks>
                <customfields>
                                                                                                                                                                                                                                                                                                                                                                                                                                                                                                                                                                                                                                                                                                                    <customfield id="customfield_12314020" key="com.atlassian.jira.plugins.jira-development-integration-plugin:devsummary">
                        <customfieldname>Development</customfieldname>
                        <customfieldvalues>
                            
                        </customfieldvalues>
                    </customfield>
                                                                                                                        <customfield id="customfield_12313422" key="com.atlassian.jirafisheyeplugin:jobcheckbox">
                        <customfieldname>Enable Automatic Patch Review</customfieldname>
                        <customfieldvalues>
                            <customfieldvalue>false</customfieldvalue>

                        </customfieldvalues>
                    </customfield>
                                                                                                                                                                                                                                                                                                                                                                                                                                                                                                                                                                                                                    <customfield id="customfield_12310420" key="com.pyxis.greenhopper.jira:gh-global-rank">
                        <customfieldname>Global Rank</customfieldname>
                        <customfieldvalues>
                            <customfieldvalue>9223372036854775807</customfieldvalue>
                        </customfieldvalues>
                    </customfield>
                                                                                                                                                                                                                                                                                                                                                                                                                                                                        <customfield id="customfield_12311820" key="com.pyxis.greenhopper.jira:gh-lexo-rank">
                        <customfieldname>Rank</customfieldname>
                        <customfieldvalues>
                            <customfieldvalue>0|i2dz3b:</customfieldvalue>

                        </customfieldvalues>
                    </customfield>
                                                                <customfield id="customfield_12310920" key="com.pyxis.greenhopper.jira:gh-global-rank">
                        <customfieldname>Rank (Obsolete)</customfieldname>
                        <customfieldvalues>
                            <customfieldvalue>9223372036854775807</customfieldvalue>
                        </customfieldvalues>
                    </customfield>
                                                                                                                                                                                                                                                                                                                                                                                                                                                                                                                                                                                                                                                                                                                                                                                            </customfields>
    </item>


</channel>
</rss>