<rss version="0.92">
    <channel>
        <title>ASF JIRA</title>
        <link>https://issues.apache.org/jira/issues/?jql=project+%3D+wicket+and+type+%3D+bug+and+%28status+%3D+RESOLVED+or+status+%3D+closed%29</link>
        <description>An XML representation of a search request</description>
                <language>en-uk</language>
                        <issue start="0" end="1000" total="4133" />
                <build-info>
            <version>8.20.7</version>
            <build-number>820007</build-number>
            <build-date>16-03-2022</build-date>
        </build-info>

<item>
            <title>[WICKET-5788] FormComponentFeedbackBorder seem to suppress feedback messages</title>
                <link>https://issues.apache.org/jira/browse/WICKET-5788</link>
                <project id="12310561" key="WICKET">Wicket</project>
                    <description>&lt;p&gt;Opened a ticket with quickstart attached.&lt;/p&gt;

&lt;p&gt;best regards&lt;br/&gt;
Patrick&lt;/p&gt;

&lt;blockquote&gt;
&lt;p&gt;Now the question is more clear! Thanks!&lt;br/&gt;
I don't see anything in FormComponentFeedbackBorder code that consumes the&lt;br/&gt;
feedback message, i.e. marks it as rendered.&lt;br/&gt;
Please create a quickstart and attach it to a ticket in JIRA and we will&lt;br/&gt;
take a look.&lt;/p&gt;

&lt;p&gt;Martin Grigorov&lt;br/&gt;
Wicket Training and Consulting&lt;br/&gt;
&lt;a href="https://twitter.com/mtgrigorov" class="external-link" target="_blank" rel="nofollow noopener"&gt;https://twitter.com/mtgrigorov&lt;/a&gt;&lt;/p&gt;

&lt;p&gt;On Mon, Dec 8, 2014 at 3:23 PM, Patrick Davids &amp;lt;patrick.davids@nubologic.com&lt;br/&gt;
&amp;gt; wrote:&lt;/p&gt;

&lt;p&gt;&amp;gt; Yes, FormComponentFeedbackBorder itself just shows an asterisk.&lt;br/&gt;
&amp;gt;&lt;br/&gt;
&amp;gt; So, ok, my question was still unclear. &lt;br/&gt;
&amp;gt; Is it a feature or a bug, that a FormComponentFeedbackBorder surpresses&lt;br/&gt;
&amp;gt; the messages of its child formcomponent, which possibly could be shown by a&lt;br/&gt;
&amp;gt; FeedbackPanel somewhere else in the upper component hierarchy?&lt;br/&gt;
&amp;gt;&lt;br/&gt;
&amp;gt;&lt;br/&gt;
&amp;gt; Patrick&lt;/p&gt;&lt;/blockquote&gt;</description>
                <environment />
        <key id="12760453">WICKET-5788</key>
            <summary>FormComponentFeedbackBorder seem to suppress feedback messages</summary>
                <type id="1" iconUrl="https://issues.apache.org/jira/secure/viewavatar?size=xsmall&amp;avatarId=21133&amp;avatarType=issuetype">Bug</type>
                                            <priority id="3" iconUrl="https://issues.apache.org/jira/images/icons/priorities/major.svg">Major</priority>
                        <status id="5" iconUrl="https://issues.apache.org/jira/images/icons/statuses/resolved.png" description="A resolution has been taken, and it is awaiting verification by reporter. From here issues are either reopened, or are closed.">Resolved</status>
                    <statusCategory id="3" key="done" colorName="green" />
                                    <resolution id="2">Won't Fix</resolution>
                                        <assignee username="-1">Unassigned</assignee>
                                    <reporter username="patrick1701">Patrick Davids</reporter>
                        <labels>
                    </labels>
                <created>Tue, 9 Dec 2014 14:30:23 +0000</created>
                <updated>Mon, 15 Dec 2014 09:19:52 +0000</updated>
                            <resolved>Mon, 15 Dec 2014 08:31:36 +0000</resolved>
                                    <version>6.17.0</version>
                                                    <component>wicket</component>
                        <due />
                            <votes>0</votes>
                                    <watches>2</watches>
                                                                <comments>
                            <comment id="14239459" author="patrick1701" created="Tue, 9 Dec 2014 14:30:49 +0000">&lt;p&gt;quickstart&lt;/p&gt;</comment>
                            <comment id="14246446" author="mgrigorov" created="Mon, 15 Dec 2014 08:31:36 +0000">&lt;p&gt;The "problem" is that org.apache.wicket.markup.html.form.validation.FormComponentFeedbackBorder implements IFeedback, as FeedbackPanel does.&lt;/p&gt;

&lt;p&gt;Wicket postpones the rendering of IFeedback components. They are rendered at the end of the rendering phase, so that other components can report feedback messages and IFeedback impls can later render them.&lt;/p&gt;

&lt;p&gt;Because of the postponing of the rendering of FormComponentFeedbackBorder all its children components are also postponed. Thus de.wicketreproduce.FeedbackMessages.HomePage.WarningBehavior#onConfigure() is postponed too.&lt;/p&gt;

&lt;p&gt;To "fix" the issue you should make sure that FormComponentFeedbackBorder is added to the page before the FeedbackPanel is. This way its children are rendered, WarningBehavior reports its WARN msg and later FeedbackPanel finds it and renders it.&lt;/p&gt;

&lt;p&gt;Here is the modified code of HomePage.java constructor:&lt;/p&gt;
&lt;div class="code panel" style="border-width: 1px;"&gt;&lt;div class="codeContent panelContent"&gt;
&lt;pre class="code-java"&gt;&lt;span class="code-keyword"&gt;public&lt;/span&gt; HomePage(&lt;span class="code-keyword"&gt;final&lt;/span&gt; PageParameters parameters) {
		&lt;span class="code-keyword"&gt;super&lt;/span&gt;(parameters);

		Form f = &lt;span class="code-keyword"&gt;new&lt;/span&gt; Form&amp;lt;&lt;span class="code-object"&gt;Void&lt;/span&gt;&amp;gt;(&lt;span class="code-quote"&gt;"form"&lt;/span&gt;);
		
		&lt;span class="code-comment"&gt;//Case 1: not working as expected
&lt;/span&gt;		f.add(&lt;span class="code-keyword"&gt;new&lt;/span&gt; FormComponentFeedbackBorder(&lt;span class="code-quote"&gt;"asterisk"&lt;/span&gt;).add(&lt;span class="code-keyword"&gt;new&lt;/span&gt; RequiredTextField&amp;lt;&lt;span class="code-object"&gt;String&lt;/span&gt;&amp;gt;(&lt;span class="code-quote"&gt;"text"&lt;/span&gt;).add(&lt;span class="code-keyword"&gt;new&lt;/span&gt; WarningBehavior())));
		
		&lt;span class="code-comment"&gt;//Case 2: working as expected
&lt;/span&gt;		&lt;span class="code-comment"&gt;//f.add(&lt;span class="code-keyword"&gt;new&lt;/span&gt; RequiredTextField&amp;lt;&lt;span class="code-object"&gt;String&lt;/span&gt;&amp;gt;(&lt;span class="code-quote"&gt;"text"&lt;/span&gt;).add(&lt;span class="code-keyword"&gt;new&lt;/span&gt; WarningBehavior()));
&lt;/span&gt;		
		add(f, &lt;span class="code-keyword"&gt;new&lt;/span&gt; FeedbackPanel(&lt;span class="code-quote"&gt;"feedback"&lt;/span&gt;));
    }
&lt;/pre&gt;
&lt;/div&gt;&lt;/div&gt;
</comment>
                            <comment id="14246489" author="patrick1701" created="Mon, 15 Dec 2014 09:19:52 +0000">&lt;p&gt;Hi Martin,&lt;br/&gt;
ah, ok... thanx a lot for your investigation.&lt;/p&gt;

&lt;p&gt;kind regards&lt;br/&gt;
Patrick&lt;/p&gt;</comment>
                    </comments>
                    <attachments>
                            <attachment id="12686016" name="FeedbackMessages.zip" size="38621" author="patrick1701" created="Tue, 9 Dec 2014 14:30:49 +0000" />
                    </attachments>
                <subtasks>
                    </subtasks>
                <customfields>
                                                                                                                                                                                                                                                                                                                                                                                                                                                                                                                                                                                                                                                                                                                    <customfield id="customfield_12314020" key="com.atlassian.jira.plugins.jira-development-integration-plugin:devsummary">
                        <customfieldname>Development</customfieldname>
                        <customfieldvalues>
                            
                        </customfieldvalues>
                    </customfield>
                                                                                                                        <customfield id="customfield_12313422" key="com.atlassian.jirafisheyeplugin:jobcheckbox">
                        <customfieldname>Enable Automatic Patch Review</customfieldname>
                        <customfieldvalues>
                            <customfieldvalue>false</customfieldvalue>

                        </customfieldvalues>
                    </customfield>
                                                                                                                                                                                                                                                                                                                                                                                                                                                                                                                                                                                                                    <customfield id="customfield_12310420" key="com.pyxis.greenhopper.jira:gh-global-rank">
                        <customfieldname>Global Rank</customfieldname>
                        <customfieldvalues>
                            <customfieldvalue>9223372036854775807</customfieldvalue>
                        </customfieldvalues>
                    </customfield>
                                                                                                                                                                                                                                                                                                                                                                                                                                                                        <customfield id="customfield_12311820" key="com.pyxis.greenhopper.jira:gh-lexo-rank">
                        <customfieldname>Rank</customfieldname>
                        <customfieldvalues>
                            <customfieldvalue>0|i2389b:</customfieldvalue>

                        </customfieldvalues>
                    </customfield>
                                                                <customfield id="customfield_12310920" key="com.pyxis.greenhopper.jira:gh-global-rank">
                        <customfieldname>Rank (Obsolete)</customfieldname>
                        <customfieldvalues>
                            <customfieldvalue>9223372036854775807</customfieldvalue>
                        </customfieldvalues>
                    </customfield>
                                                                                                                                                                                                                                                                                                                                                                                                                                                                                                                                                                                                                                                                                                                                                                                            </customfields>
    </item>


</channel>
</rss>