<rss version="0.92">
    <channel>
        <title>ASF JIRA</title>
        <link>https://issues.apache.org/jira/issues/?jql=project+%3D+wicket+and+type+%3D+bug+and+%28status+%3D+RESOLVED+or+status+%3D+closed%29</link>
        <description>An XML representation of a search request</description>
                <language>en-uk</language>
                        <issue start="0" end="1000" total="4133" />
                <build-info>
            <version>8.20.7</version>
            <build-number>820007</build-number>
            <build-date>16-03-2022</build-date>
        </build-info>

<item>
            <title>[WICKET-5886] NullPointerException in Session.destroy()</title>
                <link>https://issues.apache.org/jira/browse/WICKET-5886</link>
                <project id="12310561" key="WICKET">Wicket</project>
                    <description>&lt;p&gt;Guys,&lt;/p&gt;

&lt;p&gt;After switching from 6.18.0 to 6.19.0 I see the following in junit tests:&lt;/p&gt;

&lt;p&gt;java.lang.NullPointerException&lt;br/&gt;
        at org.apache.wicket.Session.destroy(Session.java:523)&lt;br/&gt;
        at org.apache.wicket.Session.replaceSession(Session.java:548)&lt;br/&gt;
        at org.apache.wicket.authroles.authentication.AuthenticatedWebSession.signIn(AuthenticatedWebSession.java:68)&lt;/p&gt;

&lt;p&gt;seems that something was broken.&lt;/p&gt;

&lt;p&gt;To reproduce you can use my wicket library:&lt;br/&gt;
&lt;a href="https://github.com/OrienteerDW/wicket-orientdb" class="external-link" target="_blank" rel="nofollow noopener"&gt;https://github.com/OrienteerDW/wicket-orientdb&lt;/a&gt;&lt;br/&gt;
Just switch wicket.version in main pom.xml from 6.18 to 6.19&lt;/p&gt;

&lt;p&gt;I didn't test that on real working application: so it might be something with wicket-tester.&lt;/p&gt;</description>
                <environment />
        <key id="12822012">WICKET-5886</key>
            <summary>NullPointerException in Session.destroy()</summary>
                <type id="1" iconUrl="https://issues.apache.org/jira/secure/viewavatar?size=xsmall&amp;avatarId=21133&amp;avatarType=issuetype">Bug</type>
                                            <priority id="3" iconUrl="https://issues.apache.org/jira/images/icons/priorities/major.svg">Major</priority>
                        <status id="5" iconUrl="https://issues.apache.org/jira/images/icons/statuses/resolved.png" description="A resolution has been taken, and it is awaiting verification by reporter. From here issues are either reopened, or are closed.">Resolved</status>
                    <statusCategory id="3" key="done" colorName="green" />
                                    <resolution id="3">Duplicate</resolution>
                                        <assignee username="-1">Unassigned</assignee>
                                    <reporter username="phantom">Ilia Naryzhny</reporter>
                        <labels>
                            <label>nullpointerexception</label>
                            <label>test-framework</label>
                    </labels>
                <created>Fri, 17 Apr 2015 21:49:21 +0000</created>
                <updated>Sun, 19 Apr 2015 12:19:22 +0000</updated>
                            <resolved>Sun, 19 Apr 2015 12:19:22 +0000</resolved>
                                    <version>6.19.0</version>
                                                    <component>wicket</component>
                        <due />
                            <votes>0</votes>
                                    <watches>2</watches>
                                                                <comments>
                            <comment id="14501827" author="mgrigorov" created="Sun, 19 Apr 2015 12:19:22 +0000">&lt;p&gt;The change introduced with &lt;a href="https://issues.apache.org/jira/browse/WICKET-5775" title="Replace the session upon successful signin for better support for Session Fixation" class="issue-link" data-issue-key="WICKET-5775"&gt;&lt;del&gt;WICKET-5775&lt;/del&gt;&lt;/a&gt; has been reverted already with &lt;a href="https://issues.apache.org/jira/browse/WICKET-5845" title="AuthenticatedWebSession.get() returns a new session with signedIn false" class="issue-link" data-issue-key="WICKET-5845"&gt;&lt;del&gt;WICKET-5845&lt;/del&gt;&lt;/a&gt;.&lt;/p&gt;</comment>
                    </comments>
                <issuelinks>
                            <issuelinktype id="12310051">
                    <name>Supercedes</name>
                                                                <inwardlinks description="is superceded by">
                                        <issuelink>
            <issuekey id="12779173">WICKET-5845</issuekey>
        </issuelink>
                            </inwardlinks>
                                    </issuelinktype>
                    </issuelinks>
                <attachments>
                    </attachments>
                <subtasks>
                    </subtasks>
                <customfields>
                                                                                                                                                                                                                                                                                                                                                                                                                                                                                                                                                                                                                                                                                                                    <customfield id="customfield_12314020" key="com.atlassian.jira.plugins.jira-development-integration-plugin:devsummary">
                        <customfieldname>Development</customfieldname>
                        <customfieldvalues>
                            
                        </customfieldvalues>
                    </customfield>
                                                                                                                        <customfield id="customfield_12313422" key="com.atlassian.jirafisheyeplugin:jobcheckbox">
                        <customfieldname>Enable Automatic Patch Review</customfieldname>
                        <customfieldvalues>
                            <customfieldvalue>false</customfieldvalue>

                        </customfieldvalues>
                    </customfield>
                                                                                                                                                                                                                                                                                                                                                                                                                                                                                                                                                                                                                    <customfield id="customfield_12310420" key="com.pyxis.greenhopper.jira:gh-global-rank">
                        <customfieldname>Global Rank</customfieldname>
                        <customfieldvalues>
                            <customfieldvalue>9223372036854775807</customfieldvalue>
                        </customfieldvalues>
                    </customfield>
                                                                                                                                                                                                                                                                                                                                                                                                                                                                        <customfield id="customfield_12311820" key="com.pyxis.greenhopper.jira:gh-lexo-rank">
                        <customfieldname>Rank</customfieldname>
                        <customfieldvalues>
                            <customfieldvalue>0|i2dfdb:</customfieldvalue>

                        </customfieldvalues>
                    </customfield>
                                                                <customfield id="customfield_12310920" key="com.pyxis.greenhopper.jira:gh-global-rank">
                        <customfieldname>Rank (Obsolete)</customfieldname>
                        <customfieldvalues>
                            <customfieldvalue>9223372036854775807</customfieldvalue>
                        </customfieldvalues>
                    </customfield>
                                                                                                                                                                                                                                                                                                                                                                                                                                                                                                                                                                                                                                                                                                                                                                                            </customfields>
    </item>


</channel>
</rss>