<rss version="0.92">
    <channel>
        <title>ASF JIRA</title>
        <link>https://issues.apache.org/jira/issues/?jql=project+%3D+wicket+and+type+%3D+bug+and+%28status+%3D+RESOLVED+or+status+%3D+closed%29</link>
        <description>An XML representation of a search request</description>
                <language>en-uk</language>
                        <issue start="0" end="1000" total="4133" />
                <build-info>
            <version>8.20.7</version>
            <build-number>820007</build-number>
            <build-date>16-03-2022</build-date>
        </build-info>

<item>
            <title>[WICKET-5989] BaseWicketTester#startComponentInPage fails for pages with &lt;wicket:header-items&gt;&lt;/wicket:header&gt; placeholder</title>
                <link>https://issues.apache.org/jira/browse/WICKET-5989</link>
                <project id="12310561" key="WICKET">Wicket</project>
                    <description>&lt;p&gt;I am using the &lt;tt&gt;&lt;a href="https://ci.apache.org/projects/wicket/apidocs/6.x/org/apache/wicket/util/tester/BaseWicketTester.html#startComponentInPage(C)" class="external-link" target="_blank" rel="nofollow noopener"&gt;BaseWicketTester.html#startComponentInPage(C)&lt;/a&gt;&lt;/tt&gt; to validate individual components/panels.&lt;/p&gt;

&lt;p&gt;I am overriding the &lt;tt&gt;&lt;a href="https://ci.apache.org/projects/wicket/apidocs/6.x/org/apache/wicket/util/tester/BaseWicketTester.html#createPage()" class="external-link" target="_blank" rel="nofollow noopener"&gt;BaseWicketTester.html#createPage()&lt;/a&gt;&lt;/tt&gt; and &lt;tt&gt;&lt;a href="https://ci.apache.org/projects/wicket/apidocs/6.x/org/apache/wicket/util/tester/BaseWicketTester.html#createPageMarkup(java.lang.String)" class="external-link" target="_blank" rel="nofollow noopener"&gt;BaseWicketTester.html#createPageMarkup(java.lang.String)&lt;/a&gt;&lt;/tt&gt; methods to return a dummy page that contains a placeholder for components-to-be-tested. The dummy page extends my base page class.&lt;/p&gt;

&lt;p&gt;My base page class makes use of the &lt;a href="https://cwiki.apache.org/confluence/display/WICKET/Wicket&amp;#39;s+XHTML+tags#Wicket&amp;#39;sXHTMLtags-Elementwicket:header-items" class="external-link" target="_blank" rel="nofollow noopener"&gt;&amp;lt;wicket:header-items/&amp;gt;&lt;/a&gt; placeholder tag.&lt;/p&gt;

&lt;p&gt;When attempting to use &lt;tt&gt;&lt;a href="https://ci.apache.org/projects/wicket/apidocs/6.x/org/apache/wicket/util/tester/BaseWicketTester.html#createPage()" class="external-link" target="_blank" rel="nofollow noopener"&gt;BaseWicketTester.html#createPage()&lt;/a&gt;&lt;/tt&gt; method, the method fails with the following error message:&lt;/p&gt;
&lt;div class='table-wrap'&gt;
&lt;table class='confluenceTable'&gt;&lt;tbody&gt;
&lt;tr&gt;
&lt;td class='confluenceTd'&gt;Error while parsing the markup for the autogenerated page: More than one &amp;lt;wicket:header-items/&amp;gt; detected in the &amp;lt;head&amp;gt; element. Only one is allowed.&lt;/td&gt;
&lt;/tr&gt;
&lt;/tbody&gt;&lt;/table&gt;
&lt;/div&gt;


&lt;p&gt;If I remove the &lt;tt&gt;&lt;a href="https://cwiki.apache.org/confluence/display/WICKET/Wicket&amp;#39;s+XHTML+tags#Wicket&amp;#39;sXHTMLtags-Elementwicket:header-items" class="external-link" target="_blank" rel="nofollow noopener"&gt;&amp;lt;wicket:header-items/&amp;gt;&lt;/a&gt;&lt;/tt&gt; placeholder tag from my base page class, the test runs successfully.&lt;/p&gt;

&lt;p&gt;The test only fails when using the &lt;tt&gt;&lt;a href="https://ci.apache.org/projects/wicket/apidocs/6.x/org/apache/wicket/util/tester/BaseWicketTester.html#startComponentInPage(C)" class="external-link" target="_blank" rel="nofollow noopener"&gt;BaseWicketTester.html#startComponentInPage(C)&lt;/a&gt;&lt;/tt&gt;, which only accepts one argument. If I use the &lt;tt&gt;&lt;a href="https://ci.apache.org/projects/wicket/apidocs/6.x/org/apache/wicket/util/tester/BaseWicketTester.html#startComponentInPage(C, org.apache.wicket.markup.IMarkupFragment)" class="external-link" target="_blank" rel="nofollow noopener"&gt;BaseWicketTester.html#startComponentInPage(C, org.apache.wicket.markup.IMarkupFragment)&lt;/a&gt;&lt;/tt&gt; and pass in the &lt;tt&gt;MarkupFragment&lt;/tt&gt; of the test class as the second argument, then the test runs successfully, e.g. &lt;/p&gt;
&lt;div class="code panel" style="border-width: 1px;"&gt;&lt;div class="codeContent panelContent"&gt;
&lt;pre class="code-java"&gt;tester.startComponentInPage(&lt;span class="code-keyword"&gt;new&lt;/span&gt; MyPanel(DummyPanelPage.TEST_PANEL_ID),  &lt;span class="code-keyword"&gt;new&lt;/span&gt; MyDummyPanelPage(&lt;span class="code-keyword"&gt;new&lt;/span&gt; PageParameters()).getMarkup());
&lt;/pre&gt;
&lt;/div&gt;&lt;/div&gt;

&lt;p&gt;It would seem that the &lt;tt&gt;&lt;a href="https://cwiki.apache.org/confluence/display/WICKET/Wicket&amp;#39;s+XHTML+tags#Wicket&amp;#39;sXHTMLtags-Elementwicket:header-items" class="external-link" target="_blank" rel="nofollow noopener"&gt;&amp;lt;wicket:header-items/&amp;gt;&lt;/a&gt;&lt;/tt&gt; placeholder tag clashes with the &lt;tt&gt;&lt;a href="https://ci.apache.org/projects/wicket/apidocs/6.x/org/apache/wicket/markup/ContainerInfo.html" class="external-link" target="_blank" rel="nofollow noopener"&gt;ContainerInfo&lt;/a&gt;&lt;/tt&gt; class used by the testing framework, but this is by no means my area of expertise.&lt;/p&gt;

&lt;p&gt;I am attaching a quick-start app with a &lt;tt&gt;TestHomePage&lt;/tt&gt; test class that reproduces the issue.&lt;/p&gt;

&lt;p&gt;Thank you in advance!&lt;/p&gt;</description>
                <environment>Windows 7, Java 7</environment>
        <key id="12901933">WICKET-5989</key>
            <summary>BaseWicketTester#startComponentInPage fails for pages with &lt;wicket:header-items&gt;&lt;/wicket:header&gt; placeholder</summary>
                <type id="1" iconUrl="https://issues.apache.org/jira/secure/viewavatar?size=xsmall&amp;avatarId=21133&amp;avatarType=issuetype">Bug</type>
                                            <priority id="3" iconUrl="https://issues.apache.org/jira/images/icons/priorities/major.svg">Major</priority>
                        <status id="5" iconUrl="https://issues.apache.org/jira/images/icons/statuses/resolved.png" description="A resolution has been taken, and it is awaiting verification by reporter. From here issues are either reopened, or are closed.">Resolved</status>
                    <statusCategory id="3" key="done" colorName="green" />
                                    <resolution id="1">Fixed</resolution>
                                        <assignee username="mgrigorov">Martin Tzvetanov Grigorov</assignee>
                                    <reporter username="ephraimrosenfeld">Ephraim Rosenfeld</reporter>
                        <labels>
                    </labels>
                <created>Thu, 1 Oct 2015 16:30:40 +0000</created>
                <updated>Sat, 3 Oct 2015 11:08:24 +0000</updated>
                            <resolved>Sat, 3 Oct 2015 11:08:24 +0000</resolved>
                                    <version>6.20.0</version>
                                    <fixVersion>6.21.0</fixVersion>
                    <fixVersion>7.1.0</fixVersion>
                                    <component>wicket</component>
                        <due />
                            <votes>0</votes>
                                    <watches>2</watches>
                                                                <comments>
                            <comment id="14942227" author="jira-bot" created="Sat, 3 Oct 2015 11:06:37 +0000">&lt;p&gt;Commit d50e18c7334dbc26ce5180fa3bbdba4e16cec463 in wicket's branch refs/heads/wicket-6.x from &lt;a href="https://issues.apache.org/jira/secure/ViewProfile.jspa?name=mgrigorov" class="user-hover" rel="mgrigorov"&gt;mgrigorov&lt;/a&gt;&lt;br/&gt;
[ &lt;a href="https://git-wip-us.apache.org/repos/asf?p=wicket.git;h=d50e18c" class="external-link" target="_blank" rel="nofollow noopener"&gt;https://git-wip-us.apache.org/repos/asf?p=wicket.git;h=d50e18c&lt;/a&gt; ]&lt;/p&gt;

&lt;p&gt;&lt;a href="https://issues.apache.org/jira/browse/WICKET-5989" title="BaseWicketTester#startComponentInPage fails for pages with &amp;lt;wicket:header-items&amp;gt;&amp;lt;/wicket:header&amp;gt; placeholder" class="issue-link" data-issue-key="WICKET-5989"&gt;&lt;del&gt;WICKET-5989&lt;/del&gt;&lt;/a&gt; BaseWicketTester#startComponentInPage fails for pages with &amp;lt;wicket:header-items&amp;gt;&amp;lt;/wicket:header&amp;gt; placeholder&lt;/p&gt;

&lt;p&gt;Ignore closing tags when checking for 'foundHeaderItemsTag'&lt;/p&gt;</comment>
                            <comment id="14942228" author="jira-bot" created="Sat, 3 Oct 2015 11:07:56 +0000">&lt;p&gt;Commit a255bbca2066588cc65947bbbc6ccb52e977bdcc in wicket's branch refs/heads/master from &lt;a href="https://issues.apache.org/jira/secure/ViewProfile.jspa?name=mgrigorov" class="user-hover" rel="mgrigorov"&gt;mgrigorov&lt;/a&gt;&lt;br/&gt;
[ &lt;a href="https://git-wip-us.apache.org/repos/asf?p=wicket.git;h=a255bbc" class="external-link" target="_blank" rel="nofollow noopener"&gt;https://git-wip-us.apache.org/repos/asf?p=wicket.git;h=a255bbc&lt;/a&gt; ]&lt;/p&gt;

&lt;p&gt;&lt;a href="https://issues.apache.org/jira/browse/WICKET-5989" title="BaseWicketTester#startComponentInPage fails for pages with &amp;lt;wicket:header-items&amp;gt;&amp;lt;/wicket:header&amp;gt; placeholder" class="issue-link" data-issue-key="WICKET-5989"&gt;&lt;del&gt;WICKET-5989&lt;/del&gt;&lt;/a&gt; BaseWicketTester#startComponentInPage fails for pages with &amp;lt;wicket:header-items&amp;gt;&amp;lt;/wicket:header&amp;gt; placeholder&lt;/p&gt;

&lt;p&gt;Ignore closing tags when checking for 'foundHeaderItemsTag'&lt;/p&gt;</comment>
                    </comments>
                    <attachments>
                            <attachment id="12764634" name="myproject.zip" size="64133" author="ephraimrosenfeld" created="Thu, 1 Oct 2015 16:31:13 +0000" />
                    </attachments>
                <subtasks>
                    </subtasks>
                <customfields>
                                                                                                                                                                                                                                                                                                                                                                                                                                                                                                                                                                                                                                                                                                                    <customfield id="customfield_12314020" key="com.atlassian.jira.plugins.jira-development-integration-plugin:devsummary">
                        <customfieldname>Development</customfieldname>
                        <customfieldvalues>
                            
                        </customfieldvalues>
                    </customfield>
                                                                                                                        <customfield id="customfield_12313422" key="com.atlassian.jirafisheyeplugin:jobcheckbox">
                        <customfieldname>Enable Automatic Patch Review</customfieldname>
                        <customfieldvalues>
                            <customfieldvalue>false</customfieldvalue>

                        </customfieldvalues>
                    </customfield>
                                                                                                                                                                                                                                                                                                                                                                                                                                                                                                                                                                                                                    <customfield id="customfield_12310420" key="com.pyxis.greenhopper.jira:gh-global-rank">
                        <customfieldname>Global Rank</customfieldname>
                        <customfieldvalues>
                            <customfieldvalue>9223372036854775807</customfieldvalue>
                        </customfieldvalues>
                    </customfield>
                                                                                                                                                                                                                                                                                                                                                                                                                                                                        <customfield id="customfield_12311820" key="com.pyxis.greenhopper.jira:gh-lexo-rank">
                        <customfieldname>Rank</customfieldname>
                        <customfieldvalues>
                            <customfieldvalue>0|i2miaf:</customfieldvalue>

                        </customfieldvalues>
                    </customfield>
                                                                <customfield id="customfield_12310920" key="com.pyxis.greenhopper.jira:gh-global-rank">
                        <customfieldname>Rank (Obsolete)</customfieldname>
                        <customfieldvalues>
                            <customfieldvalue>9223372036854775807</customfieldvalue>
                        </customfieldvalues>
                    </customfield>
                                                                                                                                                                                                                                                                                                                                                                                                                                                                                                                                                                                                                                                                                                                                                                                            </customfields>
    </item>


</channel>
</rss>