<rss version="0.92">
    <channel>
        <title>ASF JIRA</title>
        <link>https://issues.apache.org/jira/issues/?jql=project+%3D+wicket+and+type+%3D+bug+and+%28status+%3D+RESOLVED+or+status+%3D+closed%29</link>
        <description>An XML representation of a search request</description>
                <language>en-uk</language>
                        <issue start="0" end="1000" total="4133" />
                <build-info>
            <version>8.20.7</version>
            <build-number>820007</build-number>
            <build-date>16-03-2022</build-date>
        </build-info>

<item>
            <title>[WICKET-5782] Missing escaping in MultiFileUploadField.js - sort of XSS</title>
                <link>https://issues.apache.org/jira/browse/WICKET-5782</link>
                <project id="12310561" key="WICKET">Wicket</project>
                    <description>&lt;p&gt;When uploading files via org.apache.wicket.markup.html.form.upload.MultiFileUploadField component, names of uploaded files are added into a table. &lt;/p&gt;

&lt;p&gt;Inside MultiFileUploadField.js is line that adds names of files:&lt;/p&gt;

&lt;div class="code panel" style="border-width: 1px;"&gt;&lt;div class="codeContent panelContent"&gt;
&lt;pre class="code-java"&gt;contentsColumn.innerHTML = &lt;span class="code-keyword"&gt;this&lt;/span&gt;.getOnlyFileNames(element);
&lt;/pre&gt;
&lt;/div&gt;&lt;/div&gt;

&lt;p&gt;This code is missing any escaping, so if you upload file named: &lt;/p&gt;
&lt;div class="code panel" style="border-width: 1px;"&gt;&lt;div class="codeContent panelContent"&gt;
&lt;pre class="code-java"&gt;&amp;lt;code onmouseover=alert(1)&amp;gt;.doc
&lt;/pre&gt;
&lt;/div&gt;&lt;/div&gt;

&lt;p&gt;and hover on the name, you trigger sort of an XSS.&lt;/p&gt;

&lt;p&gt;It is unlikely to be a real threat, as you can probably only attack yourself with this bug and it very uncommon to have files with "&amp;lt;" or "&amp;gt;" characters in their name, but "&amp;amp;" can be relatively common in names of files and "&amp;amp;" needs proper escaping too.&lt;/p&gt;

&lt;p&gt;So before adding the filename to contentsColumn.innerHtml, it needs to be properly escaped.&lt;/p&gt;</description>
                <environment />
        <key id="12759430">WICKET-5782</key>
            <summary>Missing escaping in MultiFileUploadField.js - sort of XSS</summary>
                <type id="1" iconUrl="https://issues.apache.org/jira/secure/viewavatar?size=xsmall&amp;avatarId=21133&amp;avatarType=issuetype">Bug</type>
                                            <priority id="3" iconUrl="https://issues.apache.org/jira/images/icons/priorities/major.svg">Major</priority>
                        <status id="5" iconUrl="https://issues.apache.org/jira/images/icons/statuses/resolved.png" description="A resolution has been taken, and it is awaiting verification by reporter. From here issues are either reopened, or are closed.">Resolved</status>
                    <statusCategory id="3" key="done" colorName="green" />
                                    <resolution id="1">Fixed</resolution>
                                        <assignee username="mgrigorov">Martin Tzvetanov Grigorov</assignee>
                                    <reporter username="mpl">Martin Petricek</reporter>
                        <labels>
                    </labels>
                <created>Thu, 4 Dec 2014 14:24:25 +0000</created>
                <updated>Thu, 4 Dec 2014 16:49:24 +0000</updated>
                            <resolved>Thu, 4 Dec 2014 16:18:49 +0000</resolved>
                                    <version>6.17.0</version>
                                    <fixVersion>7.0.0-M5</fixVersion>
                    <fixVersion>6.19.0</fixVersion>
                                        <due />
                            <votes>0</votes>
                                    <watches>2</watches>
                                                                <comments>
                            <comment id="14234310" author="jira-bot" created="Thu, 4 Dec 2014 16:18:28 +0000">&lt;p&gt;Commit 354e07129e587043d1eba32e08b0d82c4fc404e0 in wicket's branch refs/heads/wicket-6.x from &lt;a href="https://issues.apache.org/jira/secure/ViewProfile.jspa?name=mgrigorov" class="user-hover" rel="mgrigorov"&gt;mgrigorov&lt;/a&gt;&lt;br/&gt;
[ &lt;a href="https://git-wip-us.apache.org/repos/asf?p=wicket.git;h=354e071" class="external-link" target="_blank" rel="nofollow noopener"&gt;https://git-wip-us.apache.org/repos/asf?p=wicket.git;h=354e071&lt;/a&gt; ]&lt;/p&gt;

&lt;p&gt;&lt;a href="https://issues.apache.org/jira/browse/WICKET-5782" title="Missing escaping in MultiFileUploadField.js - sort of XSS" class="issue-link" data-issue-key="WICKET-5782"&gt;&lt;del&gt;WICKET-5782&lt;/del&gt;&lt;/a&gt; Missing escaping in MultiFileUploadField.js - sort of XSS&lt;/p&gt;</comment>
                            <comment id="14234312" author="jira-bot" created="Thu, 4 Dec 2014 16:18:46 +0000">&lt;p&gt;Commit bbc5dbbdb435485571c428783560045b13624d3e in wicket's branch refs/heads/master from &lt;a href="https://issues.apache.org/jira/secure/ViewProfile.jspa?name=mgrigorov" class="user-hover" rel="mgrigorov"&gt;mgrigorov&lt;/a&gt;&lt;br/&gt;
[ &lt;a href="https://git-wip-us.apache.org/repos/asf?p=wicket.git;h=bbc5dbb" class="external-link" target="_blank" rel="nofollow noopener"&gt;https://git-wip-us.apache.org/repos/asf?p=wicket.git;h=bbc5dbb&lt;/a&gt; ]&lt;/p&gt;

&lt;p&gt;&lt;a href="https://issues.apache.org/jira/browse/WICKET-5782" title="Missing escaping in MultiFileUploadField.js - sort of XSS" class="issue-link" data-issue-key="WICKET-5782"&gt;&lt;del&gt;WICKET-5782&lt;/del&gt;&lt;/a&gt; Missing escaping in MultiFileUploadField.js - sort of XSS&lt;/p&gt;

&lt;p&gt;(cherry picked from commit 354e07129e587043d1eba32e08b0d82c4fc404e0)&lt;/p&gt;</comment>
                            <comment id="14234342" author="jira-bot" created="Thu, 4 Dec 2014 16:49:10 +0000">&lt;p&gt;Commit c41701506c862f761d56235e4d29e00938cf9330 in wicket's branch refs/heads/wicket-6.x from &lt;a href="https://issues.apache.org/jira/secure/ViewProfile.jspa?name=mgrigorov" class="user-hover" rel="mgrigorov"&gt;mgrigorov&lt;/a&gt;&lt;br/&gt;
[ &lt;a href="https://git-wip-us.apache.org/repos/asf?p=wicket.git;h=c417015" class="external-link" target="_blank" rel="nofollow noopener"&gt;https://git-wip-us.apache.org/repos/asf?p=wicket.git;h=c417015&lt;/a&gt; ]&lt;/p&gt;

&lt;p&gt;&lt;a href="https://issues.apache.org/jira/browse/WICKET-5782" title="Missing escaping in MultiFileUploadField.js - sort of XSS" class="issue-link" data-issue-key="WICKET-5782"&gt;&lt;del&gt;WICKET-5782&lt;/del&gt;&lt;/a&gt; Missing escaping in MultiFileUploadField.js - sort of XSS&lt;/p&gt;

&lt;p&gt;Rename 'char' to 'ch'&lt;/p&gt;</comment>
                            <comment id="14234343" author="jira-bot" created="Thu, 4 Dec 2014 16:49:24 +0000">&lt;p&gt;Commit f7fc5d09517d9d774bc0d06a38f94a9b472d5bc7 in wicket's branch refs/heads/master from &lt;a href="https://issues.apache.org/jira/secure/ViewProfile.jspa?name=mgrigorov" class="user-hover" rel="mgrigorov"&gt;mgrigorov&lt;/a&gt;&lt;br/&gt;
[ &lt;a href="https://git-wip-us.apache.org/repos/asf?p=wicket.git;h=f7fc5d0" class="external-link" target="_blank" rel="nofollow noopener"&gt;https://git-wip-us.apache.org/repos/asf?p=wicket.git;h=f7fc5d0&lt;/a&gt; ]&lt;/p&gt;

&lt;p&gt;&lt;a href="https://issues.apache.org/jira/browse/WICKET-5782" title="Missing escaping in MultiFileUploadField.js - sort of XSS" class="issue-link" data-issue-key="WICKET-5782"&gt;&lt;del&gt;WICKET-5782&lt;/del&gt;&lt;/a&gt; Missing escaping in MultiFileUploadField.js - sort of XSS&lt;/p&gt;

&lt;p&gt;Rename 'char' to 'ch'&lt;/p&gt;

&lt;p&gt;(cherry picked from commit c41701506c862f761d56235e4d29e00938cf9330)&lt;/p&gt;</comment>
                    </comments>
                    <attachments>
                    </attachments>
                <subtasks>
                    </subtasks>
                <customfields>
                                                                                                                                                                                                                                                                                                                                                                                                                                                                                                                                                                                                                                                                                                                    <customfield id="customfield_12314020" key="com.atlassian.jira.plugins.jira-development-integration-plugin:devsummary">
                        <customfieldname>Development</customfieldname>
                        <customfieldvalues>
                            
                        </customfieldvalues>
                    </customfield>
                                                                                                                        <customfield id="customfield_12313422" key="com.atlassian.jirafisheyeplugin:jobcheckbox">
                        <customfieldname>Enable Automatic Patch Review</customfieldname>
                        <customfieldvalues>
                            <customfieldvalue>false</customfieldvalue>

                        </customfieldvalues>
                    </customfield>
                                                                                                                                                                                                                                                                                                                                                                                                                                                                                                                                                                                                                    <customfield id="customfield_12310420" key="com.pyxis.greenhopper.jira:gh-global-rank">
                        <customfieldname>Global Rank</customfieldname>
                        <customfieldvalues>
                            <customfieldvalue>9223372036854775807</customfieldvalue>
                        </customfieldvalues>
                    </customfield>
                                                                                                                                                                                                                                                                                                                                                                                                                                                                        <customfield id="customfield_12311820" key="com.pyxis.greenhopper.jira:gh-lexo-rank">
                        <customfieldname>Rank</customfieldname>
                        <customfieldvalues>
                            <customfieldvalue>0|i23227:</customfieldvalue>

                        </customfieldvalues>
                    </customfield>
                                                                <customfield id="customfield_12310920" key="com.pyxis.greenhopper.jira:gh-global-rank">
                        <customfieldname>Rank (Obsolete)</customfieldname>
                        <customfieldvalues>
                            <customfieldvalue>9223372036854775807</customfieldvalue>
                        </customfieldvalues>
                    </customfield>
                                                                                                                                                                                                                                                                                                                                                                                                                                                                                                                                                                                                                                                                                                                                                                                            </customfields>
    </item>


</channel>
</rss>