<rss version="0.92">
    <channel>
        <title>ASF JIRA</title>
        <link>https://issues.apache.org/jira/issues/?jql=project+%3D+wicket+and+type+%3D+bug+and+%28status+%3D+RESOLVED+or+status+%3D+closed%29</link>
        <description>An XML representation of a search request</description>
                <language>en-uk</language>
                        <issue start="0" end="1000" total="4133" />
                <build-info>
            <version>8.20.7</version>
            <build-number>820007</build-number>
            <build-date>16-03-2022</build-date>
        </build-info>

<item>
            <title>[WICKET-5917] Do not use jQuery's $ in String snippets in Java code</title>
                <link>https://issues.apache.org/jira/browse/WICKET-5917</link>
                <project id="12310561" key="WICKET">Wicket</project>
                    <description>&lt;p&gt;Wicket components and behaviors should not use jQuery's '$' in JS generated by Java code.&lt;/p&gt;

&lt;p&gt;This will break if:&lt;br/&gt;
1) the application uses custom wicket-ajax.js (IJavaScriptLibrarySettings#setWicketAjaxReference()) that is not based on jQuery&lt;br/&gt;
2) the application use jQuery.noConflict()&lt;/p&gt;</description>
                <environment />
        <key id="12835078">WICKET-5917</key>
            <summary>Do not use jQuery's $ in String snippets in Java code</summary>
                <type id="1" iconUrl="https://issues.apache.org/jira/secure/viewavatar?size=xsmall&amp;avatarId=21133&amp;avatarType=issuetype">Bug</type>
                                            <priority id="3" iconUrl="https://issues.apache.org/jira/images/icons/priorities/major.svg">Major</priority>
                        <status id="5" iconUrl="https://issues.apache.org/jira/images/icons/statuses/resolved.png" description="A resolution has been taken, and it is awaiting verification by reporter. From here issues are either reopened, or are closed.">Resolved</status>
                    <statusCategory id="3" key="done" colorName="green" />
                                    <resolution id="1">Fixed</resolution>
                                        <assignee username="mgrigorov">Martin Tzvetanov Grigorov</assignee>
                                    <reporter username="mgrigorov">Martin Tzvetanov Grigorov</reporter>
                        <labels>
                    </labels>
                <created>Wed, 3 Jun 2015 14:54:26 +0000</created>
                <updated>Thu, 4 Jun 2015 19:45:14 +0000</updated>
                            <resolved>Wed, 3 Jun 2015 14:56:18 +0000</resolved>
                                    <version>6.19.0</version>
                                    <fixVersion>6.20.0</fixVersion>
                    <fixVersion>7.0.0-M6</fixVersion>
                                    <component>wicket</component>
                        <due />
                            <votes>0</votes>
                                    <watches>2</watches>
                                                                <comments>
                            <comment id="14570951" author="jira-bot" created="Wed, 3 Jun 2015 14:55:15 +0000">&lt;p&gt;Commit b7620f499adb8098903aa2c806c54e0b0a85e4c5 in wicket's branch refs/heads/wicket-6.x from &lt;a href="https://issues.apache.org/jira/secure/ViewProfile.jspa?name=mgrigorov" class="user-hover" rel="mgrigorov"&gt;mgrigorov&lt;/a&gt;&lt;br/&gt;
[ &lt;a href="https://git-wip-us.apache.org/repos/asf?p=wicket.git;h=b7620f4" class="external-link" target="_blank" rel="nofollow noopener"&gt;https://git-wip-us.apache.org/repos/asf?p=wicket.git;h=b7620f4&lt;/a&gt; ]&lt;/p&gt;

&lt;p&gt;&lt;a href="https://issues.apache.org/jira/browse/WICKET-5917" title="Do not use jQuery&amp;#39;s $ in String snippets in Java code" class="issue-link" data-issue-key="WICKET-5917"&gt;&lt;del&gt;WICKET-5917&lt;/del&gt;&lt;/a&gt; Do not use jQuery's $ in String snippets in Java code&lt;/p&gt;</comment>
                            <comment id="14570952" author="jira-bot" created="Wed, 3 Jun 2015 14:55:32 +0000">&lt;p&gt;Commit b48042da7ad6e9ba7fb37526715990a0d9a0368b in wicket's branch refs/heads/master from &lt;a href="https://issues.apache.org/jira/secure/ViewProfile.jspa?name=mgrigorov" class="user-hover" rel="mgrigorov"&gt;mgrigorov&lt;/a&gt;&lt;br/&gt;
[ &lt;a href="https://git-wip-us.apache.org/repos/asf?p=wicket.git;h=b48042d" class="external-link" target="_blank" rel="nofollow noopener"&gt;https://git-wip-us.apache.org/repos/asf?p=wicket.git;h=b48042d&lt;/a&gt; ]&lt;/p&gt;

&lt;p&gt;&lt;a href="https://issues.apache.org/jira/browse/WICKET-5917" title="Do not use jQuery&amp;#39;s $ in String snippets in Java code" class="issue-link" data-issue-key="WICKET-5917"&gt;&lt;del&gt;WICKET-5917&lt;/del&gt;&lt;/a&gt; Do not use jQuery's $ in String snippets in Java code&lt;/p&gt;

&lt;p&gt;(cherry picked from commit b7620f499adb8098903aa2c806c54e0b0a85e4c5)&lt;/p&gt;</comment>
                            <comment id="14573458" author="jira-bot" created="Thu, 4 Jun 2015 19:45:14 +0000">&lt;p&gt;Commit 811190ee1d09428c663e25b692c13bf3cd8aabeb in wicket's branch refs/heads/&lt;a href="https://issues.apache.org/jira/browse/WICKET-5906" title="Use default on missing resource does not work" class="issue-link" data-issue-key="WICKET-5906"&gt;&lt;del&gt;WICKET-5906&lt;/del&gt;&lt;/a&gt;-7.x from &lt;a href="https://issues.apache.org/jira/secure/ViewProfile.jspa?name=mgrigorov" class="user-hover" rel="mgrigorov"&gt;mgrigorov&lt;/a&gt;&lt;br/&gt;
[ &lt;a href="https://git-wip-us.apache.org/repos/asf?p=wicket.git;h=811190e" class="external-link" target="_blank" rel="nofollow noopener"&gt;https://git-wip-us.apache.org/repos/asf?p=wicket.git;h=811190e&lt;/a&gt; ]&lt;/p&gt;

&lt;p&gt;&lt;a href="https://issues.apache.org/jira/browse/WICKET-5917" title="Do not use jQuery&amp;#39;s $ in String snippets in Java code" class="issue-link" data-issue-key="WICKET-5917"&gt;&lt;del&gt;WICKET-5917&lt;/del&gt;&lt;/a&gt; Do not use jQuery's $ in String snippets in Java code&lt;/p&gt;

&lt;p&gt;(cherry picked from commit b7620f499adb8098903aa2c806c54e0b0a85e4c5)&lt;/p&gt;</comment>
                    </comments>
                    <attachments>
                    </attachments>
                <subtasks>
                    </subtasks>
                <customfields>
                                                                                                                                                                                                                                                                                                                                                                                                                                                                                                                                                                                                                                                                                                                    <customfield id="customfield_12314020" key="com.atlassian.jira.plugins.jira-development-integration-plugin:devsummary">
                        <customfieldname>Development</customfieldname>
                        <customfieldvalues>
                            
                        </customfieldvalues>
                    </customfield>
                                                                                                                        <customfield id="customfield_12313422" key="com.atlassian.jirafisheyeplugin:jobcheckbox">
                        <customfieldname>Enable Automatic Patch Review</customfieldname>
                        <customfieldvalues>
                            <customfieldvalue>false</customfieldvalue>

                        </customfieldvalues>
                    </customfield>
                                                                                                                                                                                                                                                                                                                                                                                                                                                                                                                                                                                                                    <customfield id="customfield_12310420" key="com.pyxis.greenhopper.jira:gh-global-rank">
                        <customfieldname>Global Rank</customfieldname>
                        <customfieldvalues>
                            <customfieldvalue>9223372036854775807</customfieldvalue>
                        </customfieldvalues>
                    </customfield>
                                                                                                                                                                                                                                                                                                                                                                                                                                                                        <customfield id="customfield_12311820" key="com.pyxis.greenhopper.jira:gh-lexo-rank">
                        <customfieldname>Rank</customfieldname>
                        <customfieldvalues>
                            <customfieldvalue>0|i2fky7:</customfieldvalue>

                        </customfieldvalues>
                    </customfield>
                                                                <customfield id="customfield_12310920" key="com.pyxis.greenhopper.jira:gh-global-rank">
                        <customfieldname>Rank (Obsolete)</customfieldname>
                        <customfieldvalues>
                            <customfieldvalue>9223372036854775807</customfieldvalue>
                        </customfieldvalues>
                    </customfield>
                                                                                                                                                                                                                                                                                                                                                                                                                                                                                                                                                                                                                                                                                                                                                                                            </customfields>
    </item>


</channel>
</rss>