<rss version="0.92">
    <channel>
        <title>ASF JIRA</title>
        <link>https://issues.apache.org/jira/issues/?jql=project+%3D+wicket+and+type+%3D+bug+and+%28status+%3D+RESOLVED+or+status+%3D+closed%29</link>
        <description>An XML representation of a search request</description>
                <language>en-uk</language>
                        <issue start="0" end="1000" total="4133" />
                <build-info>
            <version>8.20.7</version>
            <build-number>820007</build-number>
            <build-date>16-03-2022</build-date>
        </build-info>

<item>
            <title>[WICKET-5183] relative urls aren't correct https</title>
                <link>https://issues.apache.org/jira/browse/WICKET-5183</link>
                <project id="12310561" key="WICKET">Wicket</project>
                    <description>&lt;p&gt;As of wicket 6.7.0 issue &lt;a href="https://issues.apache.org/jira/browse/WICKET-4903" title="relativeUrl&amp;#39;s begins with ./" class="issue-link" data-issue-key="WICKET-4903"&gt;&lt;del&gt;WICKET-4903&lt;/del&gt;&lt;/a&gt; has been fixed. &lt;br/&gt;
Now the URL's are printed correctly, but the protocol isn't correct. &lt;br/&gt;
It's always http. &lt;br/&gt;
Can this be fixed please as some browsers (as Chrome) blockes this kind of includes as insecure content. &lt;/p&gt;

&lt;p&gt;Thanks ! Kind Regards, Marieke Vandamme&lt;/p&gt;</description>
                <environment />
        <key id="12646573">WICKET-5183</key>
            <summary>relative urls aren't correct https</summary>
                <type id="1" iconUrl="https://issues.apache.org/jira/secure/viewavatar?size=xsmall&amp;avatarId=21133&amp;avatarType=issuetype">Bug</type>
                                            <priority id="3" iconUrl="https://issues.apache.org/jira/images/icons/priorities/major.svg">Major</priority>
                        <status id="5" iconUrl="https://issues.apache.org/jira/images/icons/statuses/resolved.png" description="A resolution has been taken, and it is awaiting verification by reporter. From here issues are either reopened, or are closed.">Resolved</status>
                    <statusCategory id="3" key="done" colorName="green" />
                                    <resolution id="8">Not A Problem</resolution>
                                        <assignee username="-1">Unassigned</assignee>
                                    <reporter username="marie">Marieke Vandamme</reporter>
                        <labels>
                    </labels>
                <created>Wed, 8 May 2013 07:50:12 +0000</created>
                <updated>Wed, 8 May 2013 13:47:03 +0000</updated>
                            <resolved>Wed, 8 May 2013 13:47:03 +0000</resolved>
                                    <version>6.7.0</version>
                                                        <due />
                            <votes>1</votes>
                                    <watches>3</watches>
                                                                <comments>
                            <comment id="13651688" author="mgrigorov" created="Wed, 8 May 2013 07:53:40 +0000">&lt;p&gt;We will need more info.&lt;/p&gt;</comment>
                            <comment id="13651694" author="marie" created="Wed, 8 May 2013 08:02:37 +0000">&lt;p&gt;When we call url to our application with the https protocol (like: &lt;a href="https://www.mysite.com" class="external-link" target="_blank" rel="nofollow noopener"&gt;https://www.mysite.com&lt;/a&gt;),&lt;br/&gt;
the js includes that are relative are not rendered with the https protocol, but with the http protocol.&lt;/p&gt;

&lt;p&gt;&amp;lt; scr ipt type="text/javascript" src="http://www.mysite.com/js/myjs.js"&amp;gt;&amp;lt;/sc ript &amp;gt;&lt;/p&gt;

&lt;p&gt;but it should be &lt;br/&gt;
&amp;lt; scr ipt type="text/javascript" src="https://www.mysite.com/js/myjs.js"&amp;gt;&amp;lt;/sc ript &amp;gt;&lt;/p&gt;

&lt;p&gt;=&amp;gt; Chrome will not load myjs.js because of security reasons&lt;/p&gt;

&lt;p&gt;Hope this is clear enough. If not, I'll do my best to explain more.&lt;br/&gt;
Thanks&lt;/p&gt;</comment>
                            <comment id="13651828" author="mgrigorov" created="Wed, 8 May 2013 12:16:18 +0000">&lt;p&gt;Please attach a quickstart.&lt;/p&gt;</comment>
                            <comment id="13651829" author="mgrigorov" created="Wed, 8 May 2013 12:16:44 +0000">&lt;p&gt;Wicket Quickstart Maven archetype supports HTTPS&lt;/p&gt;</comment>
                            <comment id="13651890" author="marie" created="Wed, 8 May 2013 13:39:27 +0000">&lt;p&gt;Hi, when trying with wicket quickstart it works correctly.&lt;br/&gt;
So I had a deeper look, and seems like our application isn't set up correctly for https.&lt;br/&gt;
httpServletRequest.getScheme() returns http.&lt;br/&gt;
Thanks for pointing that out for me !&lt;br/&gt;
I'll close this issue. &lt;/p&gt;</comment>
                            <comment id="13651891" author="marie" created="Wed, 8 May 2013 13:40:14 +0000">&lt;p&gt;ok, I can't close it &lt;img class="emoticon" src="https://issues.apache.org/jira/images/icons/emoticons/smile.png" height="16" width="16" align="absmiddle" alt="" border="0"/&gt;&lt;br/&gt;
Maybe you can do it ?&lt;br/&gt;
Thanks !&lt;/p&gt;</comment>
                    </comments>
                    <attachments>
                    </attachments>
                <subtasks>
                    </subtasks>
                <customfields>
                                                                                                                                                                                                                                                                                                                                                                                                                                                                                                                                                                                                                                                                                                                    <customfield id="customfield_12314020" key="com.atlassian.jira.plugins.jira-development-integration-plugin:devsummary">
                        <customfieldname>Development</customfieldname>
                        <customfieldvalues>
                            
                        </customfieldvalues>
                    </customfield>
                                                                                                                        <customfield id="customfield_12313422" key="com.atlassian.jirafisheyeplugin:jobcheckbox">
                        <customfieldname>Enable Automatic Patch Review</customfieldname>
                        <customfieldvalues>
                            <customfieldvalue>false</customfieldvalue>

                        </customfieldvalues>
                    </customfield>
                                                                                                                                                                                                                                                                                                                                                                                                                                                                                                                                                                                                                    <customfield id="customfield_12310420" key="com.pyxis.greenhopper.jira:gh-global-rank">
                        <customfieldname>Global Rank</customfieldname>
                        <customfieldvalues>
                            <customfieldvalue>326931</customfieldvalue>
                        </customfieldvalues>
                    </customfield>
                                                                                                                                                                                                                                                                                                                                                                                                                                                                        <customfield id="customfield_12311820" key="com.pyxis.greenhopper.jira:gh-lexo-rank">
                        <customfieldname>Rank</customfieldname>
                        <customfieldvalues>
                            <customfieldvalue>0|i1kegf:</customfieldvalue>

                        </customfieldvalues>
                    </customfield>
                                                                <customfield id="customfield_12310920" key="com.pyxis.greenhopper.jira:gh-global-rank">
                        <customfieldname>Rank (Obsolete)</customfieldname>
                        <customfieldvalues>
                            <customfieldvalue>327275</customfieldvalue>
                        </customfieldvalues>
                    </customfield>
                                                                                                                                                                                                                                                                                                                                                                                                                                                                                                                                                                                                                                                                                                                                                                                            </customfields>
    </item>


</channel>
</rss>