<rss version="0.92">
    <channel>
        <title>ASF JIRA</title>
        <link>https://issues.apache.org/jira/issues/?jql=project+%3D+wicket+and+type+%3D+bug+and+%28status+%3D+RESOLVED+or+status+%3D+closed%29</link>
        <description>An XML representation of a search request</description>
                <language>en-uk</language>
                        <issue start="0" end="1000" total="4133" />
                <build-info>
            <version>8.20.7</version>
            <build-number>820007</build-number>
            <build-date>16-03-2022</build-date>
        </build-info>

<item>
            <title>[WICKET-5727] PageAccessSynchronizer$PageLock.waitForRelease problem with opening pdf files</title>
                <link>https://issues.apache.org/jira/browse/WICKET-5727</link>
                <project id="12310561" key="WICKET">Wicket</project>
                    <description>&lt;p&gt;When opening a pdf file and it takes a while, the user can keep clicking on the link, so the request is send again. When the user keep's clicking on the link we receive a lot of requests on the Page that is locked. And the number of used threads in jetty are increasing quickly even with an application crash as a result. So we are looking for a solution to freeze the page when the user has clicked on the link as long as the pdf is not done.&lt;/p&gt;

&lt;p&gt;I've made a quickstart with a link with a sleeping time before showing to simulate this problem.&lt;/p&gt;

&lt;p&gt;The stacktrace:&lt;br/&gt;
Stacktrace: at java.lang.Object.wait(Native Method) at org.apache.wicket.page.PageAccessSynchronizer$PageLock.waitForRelease(PageAccessSynchronizer.java:333) at org.apache.wicket.page.PageAccessSynchronizer.lockPage(PageAccessSynchronizer.java:117) at org.apache.wicket.page.PageAccessSynchronizer$2.getPage(PageAccessSynchronizer.java:233) at org.apache.wicket.DefaultMapperContext.getPageInstance(DefaultMapperContext.java:148) at org.apache.wicket.core.request.handler.PageProvider.getStoredPage(PageProvider.java:296) at org.apache.wicket.core.request.handler.PageProvider.resolvePageInstance(PageProvider.java:261) at org.apache.wicket.core.request.handler.PageProvider.getPageInstance(PageProvider.java:166) at org.apache.wicket.core.request.handler.ListenerInterfaceRequestHandler.getPage(ListenerInterfaceRequestHandler.java:96) at org.apache.wicket.core.request.handler.ListenerInterfaceRequestHandler.respond(ListenerInterfaceRequestHandler.java:157) at org.apache.wicket.request.cycle.RequestCycle$HandlerExecutor.respond(RequestCycle.java:862) at org.apache.wicket.request.RequestHandlerStack.execute(RequestHandlerStack.java:64) at org.apache.wicket.request.cycle.RequestCycle.execute(RequestCycle.java:261) at org.apache.wicket.request.cycle.RequestCycle.processRequest(RequestCycle.java:218) at org.apache.wicket.request.cycle.RequestCycle.processRequestAndDetach(RequestCycle.java:289) at org.apache.wicket.protocol.http.WicketFilter.processRequestCycle(WicketFilter.java:259) at org.apache.wicket.protocol.http.WicketFilter.processRequest(WicketFilter.java:201) at org.apache.wicket.protocol.http.WicketFilter.doFilter(WicketFilter.java:282) at org.eclipse.jetty.servlet.ServletHandler$CachedChain.doFilter(ServletHandler.java:1548) at org.eclipse.jetty.servlet.ServletHandler.doHandle(ServletHandler.java:524) at org.eclipse.jetty.server.handler.ScopedHandler.handle(ScopedHandler.java:143) at org.eclipse.jetty.security.SecurityHandler.handle(SecurityHandler.java:568) at org.eclipse.jetty.server.session.SessionHandler.doHandle(SessionHandler.java:221) at org.eclipse.jetty.server.handler.ContextHandler.doHandle(ContextHandler.java:1110) at org.eclipse.jetty.servlet.ServletHandler.doScope(ServletHandler.java:453) at org.eclipse.jetty.server.session.SessionHandler.doScope(SessionHandler.java:183) at org.eclipse.jetty.server.handler.ContextHandler.doScope(ContextHandler.java:1044) at org.eclipse.jetty.server.handler.ScopedHandler.handle(ScopedHandler.java:141) at org.eclipse.jetty.server.handler.ContextHandlerCollection.handle(ContextHandlerCollection.java:199) at org.eclipse.jetty.server.handler.HandlerCollection.handle(HandlerCollection.java:109) at org.eclipse.jetty.server.handler.HandlerWrapper.handle(HandlerWrapper.java:97) at org.eclipse.jetty.server.handler.StatisticsHandler.handle(StatisticsHandler.java:159) at org.eclipse.jetty.server.handler.HandlerWrapper.handle(HandlerWrapper.java:97) at org.eclipse.jetty.server.Server.handle(Server.java:459) at org.eclipse.jetty.server.HttpChannel.handle(HttpChannel.java:280) at org.eclipse.jetty.server.HttpConnection.onFillable(HttpConnection.java:229) at org.eclipse.jetty.io.AbstractConnection$1.run(AbstractConnection.java:505) at org.eclipse.jetty.util.thread.QueuedThreadPool.runJob(QueuedThreadPool.java:607) at org.eclipse.jetty.util.thread.QueuedThreadPool$3.run(QueuedThreadPool.java:536) at java.lang.Thread.run(Thread.java:722) &lt;/p&gt;</description>
                <environment />
        <key id="12747297">WICKET-5727</key>
            <summary>PageAccessSynchronizer$PageLock.waitForRelease problem with opening pdf files</summary>
                <type id="1" iconUrl="https://issues.apache.org/jira/secure/viewavatar?size=xsmall&amp;avatarId=21133&amp;avatarType=issuetype">Bug</type>
                                            <priority id="3" iconUrl="https://issues.apache.org/jira/images/icons/priorities/major.svg">Major</priority>
                        <status id="6" iconUrl="https://issues.apache.org/jira/images/icons/statuses/closed.png" description="The issue is considered finished, the resolution is correct. Issues which are not closed can be reopened.">Closed</status>
                    <statusCategory id="3" key="done" colorName="green" />
                                    <resolution id="8">Not A Problem</resolution>
                                        <assignee username="jesselong">Jesse Long</assignee>
                                    <reporter username="ann">Ann Baert</reporter>
                        <labels>
                    </labels>
                <created>Fri, 10 Oct 2014 13:52:36 +0000</created>
                <updated>Fri, 10 Oct 2014 14:32:52 +0000</updated>
                            <resolved>Fri, 10 Oct 2014 14:32:52 +0000</resolved>
                                    <version>6.17.0</version>
                                                        <due />
                            <votes>0</votes>
                                    <watches>3</watches>
                                                                <comments>
                            <comment id="14166858" author="ann" created="Fri, 10 Oct 2014 13:55:54 +0000">&lt;p&gt;Quickstart and screenshot with showing the increase of the threads.&lt;/p&gt;</comment>
                            <comment id="14166909" author="mgrigorov" created="Fri, 10 Oct 2014 14:27:00 +0000">&lt;p&gt;You should disable the link and show an indicator that it may take a while.&lt;/p&gt;</comment>
                            <comment id="14166913" author="jesselong" created="Fri, 10 Oct 2014 14:32:15 +0000">&lt;p&gt;Hi Ann,&lt;/p&gt;

&lt;p&gt;The Link class will always lock the page while it is processing. Generally, using ResourceReferences is the way not lock the page.&lt;/p&gt;

&lt;p&gt;However, if the PDF is generated in the resource response, using ResourceReferences will still lead to multiple threads if the ResourceReference URL is requested multiple times.&lt;/p&gt;

&lt;p&gt;You could get what you want by replacing or deactivating the link when clicked, and launch a background thread to generate the PDF (do the long running thing), then use a AjaxTimerBehavior to monitor progress, and redirect to a ResourceReference once the thread is done.&lt;/p&gt;

&lt;p&gt;That said, please post support requests to users@wicket.apache.org, this is not a bug.&lt;/p&gt;</comment>
                            <comment id="14166915" author="jesselong" created="Fri, 10 Oct 2014 14:32:52 +0000">&lt;p&gt;Closing as this is not a bug&lt;/p&gt;</comment>
                    </comments>
                    <attachments>
                            <attachment id="12674171" name="PdfLinkQuickstart.zip" size="335961" author="ann" created="Fri, 10 Oct 2014 13:55:53 +0000" />
                            <attachment id="12674172" name="jetty-threads.jpg" size="142553" author="ann" created="Fri, 10 Oct 2014 13:55:53 +0000" />
                    </attachments>
                <subtasks>
                    </subtasks>
                <customfields>
                                                                                                                                                                                                                                                                                                                                                                                                                                                                                                                                                                                                                                                                                                                    <customfield id="customfield_12314020" key="com.atlassian.jira.plugins.jira-development-integration-plugin:devsummary">
                        <customfieldname>Development</customfieldname>
                        <customfieldvalues>
                            
                        </customfieldvalues>
                    </customfield>
                                                                                                                        <customfield id="customfield_12313422" key="com.atlassian.jirafisheyeplugin:jobcheckbox">
                        <customfieldname>Enable Automatic Patch Review</customfieldname>
                        <customfieldvalues>
                            <customfieldvalue>false</customfieldvalue>

                        </customfieldvalues>
                    </customfield>
                                                                                                                                                                                                                                                                                                                                                                                                                                                                                                                                                                                                                    <customfield id="customfield_12310420" key="com.pyxis.greenhopper.jira:gh-global-rank">
                        <customfieldname>Global Rank</customfieldname>
                        <customfieldvalues>
                            <customfieldvalue>9223372036854775807</customfieldvalue>
                        </customfieldvalues>
                    </customfield>
                                                                                                                                                                                                                                                                                                                                                                                                                                                                        <customfield id="customfield_12311820" key="com.pyxis.greenhopper.jira:gh-lexo-rank">
                        <customfieldname>Rank</customfieldname>
                        <customfieldvalues>
                            <customfieldvalue>0|i2117b:</customfieldvalue>

                        </customfieldvalues>
                    </customfield>
                                                                <customfield id="customfield_12310920" key="com.pyxis.greenhopper.jira:gh-global-rank">
                        <customfieldname>Rank (Obsolete)</customfieldname>
                        <customfieldvalues>
                            <customfieldvalue>9223372036854775807</customfieldvalue>
                        </customfieldvalues>
                    </customfield>
                                                                                                                                                                                                                                                                                                                                                                                                                                                                                                                                                                                                                                                                                                                                                                                            </customfields>
    </item>


</channel>
</rss>