<rss version="0.92">
    <channel>
        <title>ASF JIRA</title>
        <link>https://issues.apache.org/jira/issues/?jql=project+%3D+wicket+and+type+%3D+bug+and+%28status+%3D+RESOLVED+or+status+%3D+closed%29</link>
        <description>An XML representation of a search request</description>
                <language>en-uk</language>
                        <issue start="0" end="1000" total="4133" />
                <build-info>
            <version>8.20.7</version>
            <build-number>820007</build-number>
            <build-date>16-03-2022</build-date>
        </build-info>

<item>
            <title>[WICKET-5371] IllegalArgumentException: Argument 'page' may not be null. - when sending event from asynchronous process</title>
                <link>https://issues.apache.org/jira/browse/WICKET-5371</link>
                <project id="12310561" key="WICKET">Wicket</project>
                    <description>&lt;p&gt;I never reproduced it on local, it happens a lot on linux server behind apache proxy(could be just coincidence). I could try to debug it, if you have no idea why it could happen. It also seems that it happens only after server is running for some time. &lt;/p&gt;

&lt;p&gt;I am sending multiple events to update different panels from asynchronous process like this: &lt;/p&gt;

&lt;p&gt;EventBus.get(Application.get(WicketApplication.class.getName())).post(new ComponentBuildEvent());&lt;/p&gt;



&lt;p&gt;15:16:36 ERROR o.a.w.DefaultExceptionMapper &lt;span class="error"&gt;&amp;#91;refreshExecutor-4&amp;#93;&lt;/span&gt;: - Unexpected error occurred&lt;br/&gt;
java.lang.IllegalArgumentException: Argument 'page' may not be null.&lt;br/&gt;
        at org.apache.wicket.util.lang.Args.notNull(Args.java:41) ~&lt;span class="error"&gt;&amp;#91;wicket-util-6.10.0.jar:6.10.0&amp;#93;&lt;/span&gt;&lt;br/&gt;
        at org.apache.wicket.ajax.AjaxRequestHandler.&amp;lt;init&amp;gt;(AjaxRequestHandler.java:112) ~&lt;span class="error"&gt;&amp;#91;wicket-core-6.10.0.jar:6.10.0&amp;#93;&lt;/span&gt;&lt;br/&gt;
        at org.apache.wicket.protocol.http.WebApplication$DefaultAjaxRequestTargetProvider.get(WebApplication.java:961) ~&lt;span class="error"&gt;&amp;#91;wicket-core-6.10.0.jar:6.10.0&amp;#93;&lt;/span&gt;&lt;br/&gt;
        at org.apache.wicket.protocol.http.WebApplication$DefaultAjaxRequestTargetProvider.get(WebApplication.java:954) ~&lt;span class="error"&gt;&amp;#91;wicket-core-6.10.0.jar:6.10.0&amp;#93;&lt;/span&gt;&lt;br/&gt;
        at org.apache.wicket.protocol.http.WebApplication.newAjaxRequestTarget(WebApplication.java:805) ~&lt;span class="error"&gt;&amp;#91;wicket-core-6.10.0.jar:6.10.0&amp;#93;&lt;/span&gt;&lt;br/&gt;
        at org.apache.wicket.atmosphere.AtmosphereRequestHandler.respond(AtmosphereRequestHandler.java:69) ~&lt;span class="error"&gt;&amp;#91;wicket-atmosphere-0.13.jar:0.13&amp;#93;&lt;/span&gt;&lt;br/&gt;
        at org.apache.wicket.request.cycle.RequestCycle$HandlerExecutor.respond(RequestCycle.java:861) ~&lt;span class="error"&gt;&amp;#91;wicket-core-6.10.0.jar:6.10.0&amp;#93;&lt;/span&gt;&lt;br/&gt;
        at org.apache.wicket.request.RequestHandlerStack.execute(RequestHandlerStack.java:64) ~&lt;span class="error"&gt;&amp;#91;wicket-request-6.10.0.jar:6.10.0&amp;#93;&lt;/span&gt;&lt;br/&gt;
        at org.apache.wicket.request.cycle.RequestCycle.execute(RequestCycle.java:261) &lt;span class="error"&gt;&amp;#91;wicket-core-6.10.0.jar:6.10.0&amp;#93;&lt;/span&gt;&lt;br/&gt;
        at org.apache.wicket.request.cycle.RequestCycle.processRequest(RequestCycle.java:218) &lt;span class="error"&gt;&amp;#91;wicket-core-6.10.0.jar:6.10.0&amp;#93;&lt;/span&gt;&lt;br/&gt;
        at org.apache.wicket.request.cycle.RequestCycle.processRequestAndDetach(RequestCycle.java:289) &lt;span class="error"&gt;&amp;#91;wicket-core-6.10.0.jar:6.10.0&amp;#93;&lt;/span&gt;&lt;br/&gt;
        at org.apache.wicket.atmosphere.EventBus.post(EventBus.java:368) &lt;span class="error"&gt;&amp;#91;wicket-atmosphere-0.13.jar:0.13&amp;#93;&lt;/span&gt;&lt;br/&gt;
        at org.apache.wicket.atmosphere.EventBus.postToSingleResource(EventBus.java:344) &lt;span class="error"&gt;&amp;#91;wicket-atmosphere-0.13.jar:0.13&amp;#93;&lt;/span&gt;&lt;br/&gt;
        at org.apache.wicket.atmosphere.EventBus.post(EventBus.java:319) &lt;span class="error"&gt;&amp;#91;wicket-atmosphere-0.13.jar:0.13&amp;#93;&lt;/span&gt;&lt;br/&gt;
        at krasa.build.backend.facade.AsyncService.sendRefresh(AsyncService.java:28) &lt;span class="error"&gt;&amp;#91;classes/:na&amp;#93;&lt;/span&gt;&lt;br/&gt;
        at krasa.build.backend.facade.AsyncService$$FastClassByCGLIB$$8fb726ed.invoke(&amp;lt;generated&amp;gt;) &lt;span class="error"&gt;&amp;#91;spring-core-3.2.3.RELEASE.jar:na&amp;#93;&lt;/span&gt;&lt;br/&gt;
        at org.springframework.cglib.proxy.MethodProxy.invoke(MethodProxy.java:204) &lt;span class="error"&gt;&amp;#91;spring-core-3.2.3.RELEASE.jar:3.2.3.RELEASE&amp;#93;&lt;/span&gt;&lt;br/&gt;
        at org.springframework.aop.framework.CglibAopProxy$CglibMethodInvocation.invokeJoinpoint(CglibAopProxy.java:698) &lt;span class="error"&gt;&amp;#91;spring-aop-3.2.3.RELEASE.jar:3.2.3.RELEASE&amp;#93;&lt;/span&gt;&lt;br/&gt;
        at org.springframework.aop.framework.ReflectiveMethodInvocation.proceed(ReflectiveMethodInvocation.java:150) &lt;span class="error"&gt;&amp;#91;spring-aop-3.2.3.RELEASE.jar:3.2.3.RELEASE&amp;#93;&lt;/span&gt;&lt;br/&gt;
        at org.springframework.aop.interceptor.AsyncExecutionInterceptor$1.call(AsyncExecutionInterceptor.java:89) &lt;span class="error"&gt;&amp;#91;spring-aop-3.2.3.RELEASE.jar:3.2.3.RELEASE&amp;#93;&lt;/span&gt;&lt;br/&gt;
        at java.util.concurrent.FutureTask$Sync.innerRun(FutureTask.java:334) &lt;span class="error"&gt;&amp;#91;na:1.7.0_03&amp;#93;&lt;/span&gt;&lt;br/&gt;
        at java.util.concurrent.FutureTask.run(FutureTask.java:166) &lt;span class="error"&gt;&amp;#91;na:1.7.0_03&amp;#93;&lt;/span&gt;&lt;br/&gt;
        at java.util.concurrent.ThreadPoolExecutor.runWorker(ThreadPoolExecutor.java:1110) &lt;span class="error"&gt;&amp;#91;na:1.7.0_03&amp;#93;&lt;/span&gt;&lt;br/&gt;
        at java.util.concurrent.ThreadPoolExecutor$Worker.run(ThreadPoolExecutor.java:603) &lt;span class="error"&gt;&amp;#91;na:1.7.0_03&amp;#93;&lt;/span&gt;&lt;br/&gt;
        at java.lang.Thread.run(Thread.java:722) &lt;span class="error"&gt;&amp;#91;na:1.7.0_03&amp;#93;&lt;/span&gt;&lt;/p&gt;




&lt;p&gt;sometimes it even shows me this page, unfortunatelly I only found out later in not used tabs:&lt;br/&gt;
&lt;a href="http://svn.tmdev:8765/wicket/page?23" class="external-link" target="_blank" rel="nofollow noopener"&gt;http://svn.tmdev:8765/wicket/page?23&lt;/a&gt;&lt;/p&gt;


&lt;p&gt;Unexpected RuntimeException&lt;/p&gt;

&lt;p&gt;Last cause: Argument 'page' may not be null.&lt;/p&gt;

&lt;p&gt;Stacktrace&lt;/p&gt;

&lt;p&gt;Root cause:&lt;/p&gt;

&lt;p&gt;java.lang.IllegalArgumentException: Argument 'page' may not be null.&lt;br/&gt;
....&lt;/p&gt;</description>
                <environment />
        <key id="12670491">WICKET-5371</key>
            <summary>IllegalArgumentException: Argument 'page' may not be null. - when sending event from asynchronous process</summary>
                <type id="1" iconUrl="https://issues.apache.org/jira/secure/viewavatar?size=xsmall&amp;avatarId=21133&amp;avatarType=issuetype">Bug</type>
                                            <priority id="3" iconUrl="https://issues.apache.org/jira/images/icons/priorities/major.svg">Major</priority>
                        <status id="5" iconUrl="https://issues.apache.org/jira/images/icons/statuses/resolved.png" description="A resolution has been taken, and it is awaiting verification by reporter. From here issues are either reopened, or are closed.">Resolved</status>
                    <statusCategory id="3" key="done" colorName="green" />
                                    <resolution id="1">Fixed</resolution>
                                        <assignee username="mgrigorov">Martin Tzvetanov Grigorov</assignee>
                                    <reporter username="meo">Vojt&#283;ch Kr&#225;sa</reporter>
                        <labels>
                    </labels>
                <created>Wed, 25 Sep 2013 14:20:32 +0000</created>
                <updated>Fri, 15 Aug 2014 10:00:58 +0000</updated>
                            <resolved>Thu, 14 Aug 2014 13:23:45 +0000</resolved>
                                    <version>6.10.0</version>
                                    <fixVersion>7.0.0-M3</fixVersion>
                    <fixVersion>6.17.0</fixVersion>
                                    <component>wicket-atmosphere</component>
                        <due />
                            <votes>0</votes>
                                    <watches>6</watches>
                                                                <comments>
                            <comment id="13782862" author="meo" created="Tue, 1 Oct 2013 12:17:32 +0000">&lt;p&gt;problems seems to be in org.apache.wicket.atmosphere.AtmosphereRequestHandler#respond&lt;/p&gt;

&lt;p&gt;Application.get().getMapperContext().getPageInstance(pageKey.getPageId()); is returning null&lt;/p&gt;


&lt;p&gt;problem is that it affects pages which are in my case half minute old.&lt;/p&gt;</comment>
                            <comment id="13782865" author="mgrigorov" created="Tue, 1 Oct 2013 12:23:48 +0000">&lt;p&gt;Is it possible that the page has never been stored due to some error during serialization ?&lt;/p&gt;

&lt;p&gt;I'm not sure why Application.get().getMapperContext() is used instead of PageProvider. With PageProvider it will throw more descriptive PageExpiredException.&lt;/p&gt;</comment>
                            <comment id="13782907" author="meo" created="Tue, 1 Oct 2013 13:03:21 +0000">&lt;p&gt;I do not think so, there are no other types of errors.&lt;/p&gt;</comment>
                            <comment id="13782921" author="mgrigorov" created="Tue, 1 Oct 2013 13:24:23 +0000">&lt;p&gt;What server do you use ?&lt;br/&gt;
Is it Glassfish by chance ?&lt;/p&gt;

&lt;p&gt;A quickstart application will be needed to be able to help you more.&lt;/p&gt;</comment>
                            <comment id="13782939" author="meo" created="Tue, 1 Oct 2013 13:41:37 +0000">&lt;p&gt;it is jetty-8.1.9.v20130131&lt;/p&gt;

&lt;p&gt;I understand, I am not even able to reproduce it myself on localhost. I can only remote debug it when it starts do this things.&lt;/p&gt;</comment>
                            <comment id="13783004" author="papegaaij" created="Tue, 1 Oct 2013 14:46:12 +0000">&lt;p&gt;Did you enable session support in atmosphere in your web.xml?&lt;br/&gt;
&amp;lt;init-param&amp;gt;&lt;br/&gt;
    &amp;lt;param-name&amp;gt;org.atmosphere.cpr.sessionSupport&amp;lt;/param-name&amp;gt;&lt;br/&gt;
    &amp;lt;param-value&amp;gt;true&amp;lt;/param-value&amp;gt;&lt;br/&gt;
&amp;lt;/init-param&amp;gt;&lt;/p&gt;</comment>
                            <comment id="13783007" author="meo" created="Tue, 1 Oct 2013 14:48:44 +0000">&lt;p&gt;Yes, see &lt;a href="https://github.com/krasa/SVNMergeInfo/blob/master/src/main/webapp/WEB-INF/web.xml" class="external-link" target="_blank" rel="nofollow noopener"&gt;https://github.com/krasa/SVNMergeInfo/blob/master/src/main/webapp/WEB-INF/web.xml&lt;/a&gt;&lt;/p&gt;</comment>
                            <comment id="13876584" author="meo" created="Mon, 20 Jan 2014 17:04:27 +0000">&lt;p&gt;After upgrading to Wicket 6.13.0 and Wicket-Atmosphere 0.15, the behaviour changed a little bit:&lt;br/&gt;
It throws now:&lt;/p&gt;
&lt;div class="code panel" style="border-width: 1px;"&gt;&lt;div class="codeContent panelContent"&gt;
&lt;pre class="code-java"&gt;java.lang.RuntimeException: org.eclipse.jetty.io.EofException
        at org.atmosphere.cpr.AtmosphereResponse.write(AtmosphereResponse.java:959) ~[atmosphere-runtime-2.0.0.jar:2.0.0]
        at org.atmosphere.cpr.AtmosphereResponse.write(AtmosphereResponse.java:924) ~[atmosphere-runtime-2.0.0.jar:2.0.0]
        at org.atmosphere.cpr.AtmosphereInterceptorWriter.writeReady(AtmosphereInterceptorWriter.java:89) ~[atmosphere-runtime-2.0.0.jar:2.0.0]
        at org.atmosphere.cpr.AtmosphereInterceptorWriter.invokeInterceptor(AtmosphereInterceptorWriter.java:78) ~[atmosphere-runtime-2.0.0.jar:2.0.0]
        at org.atmosphere.cpr.AtmosphereInterceptorWriter.write(AtmosphereInterceptorWriter.java:64) ~[atmosphere-runtime-2.0.0.jar:2.0.0]
        at org.atmosphere.cpr.AtmosphereInterceptorWriter.write(AtmosphereInterceptorWriter.java:59) ~[atmosphere-runtime-2.0.0.jar:2.0.0]
        at org.atmosphere.cpr.AtmosphereResponse$2.write(AtmosphereResponse.java:498) ~[atmosphere-runtime-2.0.0.jar:2.0.0]
        at org.atmosphere.handler.AbstractReflectorAtmosphereHandler.onStateChange(AbstractReflectorAtmosphereHandler.java:176) ~[atmosphere-runtime-2.0.0.jar:2.0.0]
        at org.atmosphere.cpr.DefaultBroadcaster.invokeOnStateChange(DefaultBroadcaster.java:1028) [atmosphere-runtime-2.0.0.jar:2.0.0]
        at org.atmosphere.cpr.DefaultBroadcaster.prepareInvokeOnStateChange(DefaultBroadcaster.java:1048) [atmosphere-runtime-2.0.0.jar:2.0.0]
        at org.atmosphere.cpr.DefaultBroadcaster.executeAsyncWrite(DefaultBroadcaster.java:890) [atmosphere-runtime-2.0.0.jar:2.0.0]
        at org.atmosphere.cpr.DefaultBroadcaster$3.run(DefaultBroadcaster.java:546) [atmosphere-runtime-2.0.0.jar:2.0.0]
        at java.util.concurrent.Executors$RunnableAdapter.call(Executors.java:471) [na:1.7.0_03]
        at java.util.concurrent.FutureTask$Sync.innerRun(FutureTask.java:334) [na:1.7.0_03]
        at java.util.concurrent.FutureTask.run(FutureTask.java:166) [na:1.7.0_03]
        at java.util.concurrent.ThreadPoolExecutor.runWorker(ThreadPoolExecutor.java:1110) [na:1.7.0_03]
        at java.util.concurrent.ThreadPoolExecutor$Worker.run(ThreadPoolExecutor.java:603) [na:1.7.0_03]
        at java.lang.&lt;span class="code-object"&gt;Thread&lt;/span&gt;.run(&lt;span class="code-object"&gt;Thread&lt;/span&gt;.java:722) [na:1.7.0_03]
Caused by: org.eclipse.jetty.io.EofException: &lt;span class="code-keyword"&gt;null&lt;/span&gt;
        at org.eclipse.jetty.http.HttpGenerator.flushBuffer(HttpGenerator.java:914) ~[jetty-http-8.1.9.v20130131.jar:8.1.9.v20130131]
        at org.eclipse.jetty.http.AbstractGenerator.blockForOutput(AbstractGenerator.java:523) ~[jetty-http-8.1.9.v20130131.jar:8.1.9.v20130131]
        at org.eclipse.jetty.server.HttpOutput.write(HttpOutput.java:170) ~[jetty-server-8.1.9.v20130131.jar:8.1.9.v20130131]
        at org.eclipse.jetty.server.HttpOutput.write(HttpOutput.java:117) ~[jetty-server-8.1.9.v20130131.jar:8.1.9.v20130131]
        at org.atmosphere.cpr.AtmosphereResponse.write(AtmosphereResponse.java:950) ~[atmosphere-runtime-2.0.0.jar:2.0.0]
        ... 17 common frames omitted
Caused by: java.io.IOException: Broken pipe
        at sun.nio.ch.FileDispatcherImpl.write0(Native Method) ~[na:1.7.0_03]
        at sun.nio.ch.SocketDispatcher.write(SocketDispatcher.java:47) ~[na:1.7.0_03]
        at sun.nio.ch.IOUtil.writeFromNativeBuffer(IOUtil.java:89) ~[na:1.7.0_03]
        at sun.nio.ch.IOUtil.write(IOUtil.java:60) ~[na:1.7.0_03]
        at sun.nio.ch.SocketChannelImpl.write(SocketChannelImpl.java:450) ~[na:1.7.0_03]
        at org.eclipse.jetty.io.nio.ChannelEndPoint.flush(ChannelEndPoint.java:293) ~[jetty-io-8.1.9.v20130131.jar:8.1.9.v20130131]
        at org.eclipse.jetty.io.nio.SelectChannelEndPoint.flush(SelectChannelEndPoint.java:362) ~[jetty-io-8.1.9.v20130131.jar:8.1.9.v20130131]
        at org.eclipse.jetty.io.nio.ChannelEndPoint.flush(ChannelEndPoint.java:341) ~[jetty-io-8.1.9.v20130131.jar:8.1.9.v20130131]
        at org.eclipse.jetty.io.nio.SelectChannelEndPoint.flush(SelectChannelEndPoint.java:336) ~[jetty-io-8.1.9.v20130131.jar:8.1.9.v20130131]
        at org.eclipse.jetty.http.HttpGenerator.flushBuffer(HttpGenerator.java:841) ~[jetty-http-8.1.9.v20130131.jar:8.1.9.v20130131]
        ... 21 common frames omitted
&lt;/pre&gt;
&lt;/div&gt;&lt;/div&gt;

&lt;p&gt;and several similar to this:&lt;/p&gt;

&lt;div class="code panel" style="border-width: 1px;"&gt;&lt;div class="codeContent panelContent"&gt;
&lt;pre class="code-java"&gt;17:21:02  WARN RequestCycleExtra [qtp1533857509-214]: - ********************************
17:21:02  WARN RequestCycleExtra [qtp1533857509-214]: - Handling the following exception
java.lang.IllegalStateException: STREAM
        at org.eclipse.jetty.server.Response.getWriter(Response.java:707) ~[jetty-server-8.1.9.v20130131.jar:8.1.9.v20130131]
        at org.atmosphere.cpr.AtmosphereResponse.getWriter(AtmosphereResponse.java:711) ~[atmosphere-runtime-2.0.0.jar:2.0.0]
        at org.apache.wicket.protocol.http.servlet.ServletWebResponse.write(ServletWebResponse.java:109) ~[wicket-core-6.13.0.jar:6.13.0]
        at org.apache.wicket.protocol.http.HeaderBufferingWebResponse.write(HeaderBufferingWebResponse.java:174) ~[wicket-core-6.13.0.jar:6.13.0]
        at org.apache.wicket.ajax.AjaxRequestHandler.respond(AjaxRequestHandler.java:361) ~[wicket-core-6.13.0.jar:6.13.0]
        at org.apache.wicket.request.cycle.RequestCycle$HandlerExecutor.respond(RequestCycle.java:861) ~[wicket-core-6.13.0.jar:6.13.0]
        at org.apache.wicket.request.RequestHandlerStack.execute(RequestHandlerStack.java:64) ~[wicket-request-6.13.0.jar:6.13.0]
        at org.apache.wicket.request.RequestHandlerStack.execute(RequestHandlerStack.java:97) ~[wicket-request-6.13.0.jar:6.13.0]
        at org.apache.wicket.request.cycle.RequestCycle.execute(RequestCycle.java:261) [wicket-core-6.13.0.jar:6.13.0]
        at org.apache.wicket.request.cycle.RequestCycle.processRequest(RequestCycle.java:218) [wicket-core-6.13.0.jar:6.13.0]
        at org.apache.wicket.request.cycle.RequestCycle.processRequestAndDetach(RequestCycle.java:289) [wicket-core-6.13.0.jar:6.13.0]
        at org.apache.wicket.protocol.http.WicketFilter.processRequestCycle(WicketFilter.java:259) [wicket-core-6.13.0.jar:6.13.0]
        at org.apache.wicket.protocol.http.WicketFilter.processRequest(WicketFilter.java:201) [wicket-core-6.13.0.jar:6.13.0]
        at org.apache.wicket.protocol.http.WicketFilter.doFilter(WicketFilter.java:282) [wicket-core-6.13.0.jar:6.13.0]
        at org.atmosphere.util.AtmosphereFilterChain.doFilter(AtmosphereFilterChain.java:155) [atmosphere-runtime-2.0.0.jar:2.0.0]
        at org.atmosphere.util.AtmosphereFilterChain.invokeFilterChain(AtmosphereFilterChain.java:132) [atmosphere-runtime-2.0.0.jar:2.0.0]
        at org.atmosphere.handler.ReflectorServletProcessor$FilterChainServletWrapper.service(ReflectorServletProcessor.java:359) [atmosphere-runtime-2.0.0.jar:2.0.0]
        at org.atmosphere.handler.ReflectorServletProcessor.onRequest(ReflectorServletProcessor.java:204) [atmosphere-runtime-2.0.0.jar:2.0.0]
        at org.atmosphere.cpr.AsynchronousProcessor.action(AsynchronousProcessor.java:237) [atmosphere-runtime-2.0.0.jar:2.0.0]
        at org.atmosphere.cpr.AsynchronousProcessor.suspended(AsynchronousProcessor.java:163) [atmosphere-runtime-2.0.0.jar:2.0.0]
        at org.atmosphere.container.Jetty7CometSupport.service(Jetty7CometSupport.java:94) [atmosphere-runtime-2.0.0.jar:2.0.0]
        at org.atmosphere.container.JettyAsyncSupportWithWebSocket.service(JettyAsyncSupportWithWebSocket.java:67) [atmosphere-runtime-2.0.0.jar:2.0.0]
        at org.atmosphere.cpr.AtmosphereFramework.doCometSupport(AtmosphereFramework.java:1675) [atmosphere-runtime-2.0.0.jar:2.0.0]
        at org.atmosphere.cpr.AtmosphereServlet.doPost(AtmosphereServlet.java:177) [atmosphere-runtime-2.0.0.jar:2.0.0]
        at org.atmosphere.cpr.AtmosphereServlet.doGet(AtmosphereServlet.java:163) [atmosphere-runtime-2.0.0.jar:2.0.0]
        at javax.servlet.http.HttpServlet.service(HttpServlet.java:735) [javax.servlet-3.0.0.v201112011016.jar:na]
        at javax.servlet.http.HttpServlet.service(HttpServlet.java:848) [javax.servlet-3.0.0.v201112011016.jar:na]
        at org.eclipse.jetty.servlet.ServletHolder.handle(ServletHolder.java:669) [jetty-servlet-8.1.9.v20130131.jar:8.1.9.v20130131]
        at org.eclipse.jetty.servlet.ServletHandler.doHandle(ServletHandler.java:457) [jetty-servlet-8.1.9.v20130131.jar:8.1.9.v20130131]
        at org.eclipse.jetty.server.handler.ScopedHandler.handle(ScopedHandler.java:137) [jetty-server-8.1.9.v20130131.jar:8.1.9.v20130131]
        at org.eclipse.jetty.security.SecurityHandler.handle(SecurityHandler.java:557) [jetty-security-8.1.9.v20130131.jar:8.1.9.v20130131]
        at org.eclipse.jetty.server.session.SessionHandler.doHandle(SessionHandler.java:231) [jetty-server-8.1.9.v20130131.jar:8.1.9.v20130131]
        at org.eclipse.jetty.server.handler.ContextHandler.doHandle(ContextHandler.java:1075) [jetty-server-8.1.9.v20130131.jar:8.1.9.v20130131]
        at org.eclipse.jetty.servlet.ServletHandler.doScope(ServletHandler.java:384) [jetty-servlet-8.1.9.v20130131.jar:8.1.9.v20130131]
        at org.eclipse.jetty.server.session.SessionHandler.doScope(SessionHandler.java:193) [jetty-server-8.1.9.v20130131.jar:8.1.9.v20130131]
        at org.eclipse.jetty.server.handler.ContextHandler.doScope(ContextHandler.java:1009) [jetty-server-8.1.9.v20130131.jar:8.1.9.v20130131]
        at org.eclipse.jetty.server.handler.ScopedHandler.handle(ScopedHandler.java:135) [jetty-server-8.1.9.v20130131.jar:8.1.9.v20130131]
        at org.eclipse.jetty.server.handler.ContextHandlerCollection.handle(ContextHandlerCollection.java:255) [jetty-server-8.1.9.v20130131.jar:8.1.9.v20130131]
        at org.eclipse.jetty.server.handler.HandlerCollection.handle(HandlerCollection.java:154) [jetty-server-8.1.9.v20130131.jar:8.1.9.v20130131]
        at org.eclipse.jetty.server.handler.HandlerWrapper.handle(HandlerWrapper.java:116) [jetty-server-8.1.9.v20130131.jar:8.1.9.v20130131]
        at org.eclipse.jetty.server.Server.handle(Server.java:368) [jetty-server-8.1.9.v20130131.jar:8.1.9.v20130131]
        at org.eclipse.jetty.server.AbstractHttpConnection.handleRequest(AbstractHttpConnection.java:488) [jetty-server-8.1.9.v20130131.jar:8.1.9.v20130131]
        at org.eclipse.jetty.server.AbstractHttpConnection.headerComplete(AbstractHttpConnection.java:932) [jetty-server-8.1.9.v20130131.jar:8.1.9.v20130131]
        at org.eclipse.jetty.server.AbstractHttpConnection$RequestHandler.headerComplete(AbstractHttpConnection.java:994) [jetty-server-8.1.9.v20130131.jar:8.1.9.v20130131]
        at org.eclipse.jetty.http.HttpParser.parseNext(HttpParser.java:640) [jetty-http-8.1.9.v20130131.jar:8.1.9.v20130131]
        at org.eclipse.jetty.http.HttpParser.parseAvailable(HttpParser.java:235) [jetty-http-8.1.9.v20130131.jar:8.1.9.v20130131]
        at org.eclipse.jetty.server.AsyncHttpConnection.handle(AsyncHttpConnection.java:82) [jetty-server-8.1.9.v20130131.jar:8.1.9.v20130131]
        at org.eclipse.jetty.io.nio.SelectChannelEndPoint.handle(SelectChannelEndPoint.java:628) [jetty-io-8.1.9.v20130131.jar:8.1.9.v20130131]
        at org.eclipse.jetty.io.nio.SelectChannelEndPoint$1.run(SelectChannelEndPoint.java:52) [jetty-io-8.1.9.v20130131.jar:8.1.9.v20130131]
        at org.eclipse.jetty.util.thread.QueuedThreadPool.runJob(QueuedThreadPool.java:608) [jetty-util-8.1.9.v20130131.jar:8.1.9.v20130131]
        at org.eclipse.jetty.util.thread.QueuedThreadPool$3.run(QueuedThreadPool.java:543) [jetty-util-8.1.9.v20130131.jar:8.1.9.v20130131]
        at java.lang.&lt;span class="code-object"&gt;Thread&lt;/span&gt;.run(&lt;span class="code-object"&gt;Thread&lt;/span&gt;.java:722) [na:1.7.0_03]
:

&lt;/pre&gt;
&lt;/div&gt;&lt;/div&gt;
&lt;p&gt;,ending with:&lt;/p&gt;
&lt;div class="code panel" style="border-width: 1px;"&gt;&lt;div class="codeContent panelContent"&gt;
&lt;pre class="code-java"&gt;17:21:02 ERROR o.a.w.r.c.RequestCycle [qtp1533857509-214]: - Error during processing error message
java.lang.IllegalStateException: STREAM
        at org.eclipse.jetty.server.Response.getWriter(Response.java:707) ~[jetty-server-8.1.9.v20130131.jar:8.1.9.v20130131]
        at org.atmosphere.cpr.AtmosphereResponse.getWriter(AtmosphereResponse.java:711) ~[atmosphere-runtime-2.0.0.jar:2.0.0]
        at org.apache.wicket.protocol.http.servlet.ServletWebResponse.sendRedirect(ServletWebResponse.java:251) ~[wicket-core-6.13.0.jar:6.13.0]
        at org.apache.wicket.protocol.http.HeaderBufferingWebResponse.sendRedirect(HeaderBufferingWebResponse.java:117) ~[wicket-core-6.13.0.jar:6.13.0]
        at org.apache.wicket.request.handler.render.WebPageRenderer.redirectTo(WebPageRenderer.java:158) ~[wicket-core-6.13.0.jar:6.13.0]
        at org.apache.wicket.request.handler.render.WebPageRenderer.respond(WebPageRenderer.java:317) ~[wicket-core-6.13.0.jar:6.13.0]
        at org.apache.wicket.core.request.handler.RenderPageRequestHandler.respond(RenderPageRequestHandler.java:165) ~[wicket-core-6.13.0.jar:6.13.0]
        at org.apache.wicket.request.cycle.RequestCycle$HandlerExecutor.respond(RequestCycle.java:861) ~[wicket-core-6.13.0.jar:6.13.0]
        at org.apache.wicket.request.RequestHandlerStack.execute(RequestHandlerStack.java:64) ~[wicket-request-6.13.0.jar:6.13.0]
        at org.apache.wicket.request.cycle.RequestCycle.executeExceptionRequestHandler(RequestCycle.java:310) [wicket-core-6.13.0.jar:6.13.0]
        at org.apache.wicket.request.cycle.RequestCycle.executeExceptionRequestHandler(RequestCycle.java:319) [wicket-core-6.13.0.jar:6.13.0]
        at org.apache.wicket.request.cycle.RequestCycle.executeExceptionRequestHandler(RequestCycle.java:319) [wicket-core-6.13.0.jar:6.13.0]
        at org.apache.wicket.request.cycle.RequestCycle.executeExceptionRequestHandler(RequestCycle.java:319) [wicket-core-6.13.0.jar:6.13.0]
        at org.apache.wicket.request.cycle.RequestCycle.executeExceptionRequestHandler(RequestCycle.java:319) [wicket-core-6.13.0.jar:6.13.0]
        at org.apache.wicket.request.cycle.RequestCycle.executeExceptionRequestHandler(RequestCycle.java:319) [wicket-core-6.13.0.jar:6.13.0]
        at org.apache.wicket.request.cycle.RequestCycle.executeExceptionRequestHandler(RequestCycle.java:319) [wicket-core-6.13.0.jar:6.13.0]
        at org.apache.wicket.request.cycle.RequestCycle.executeExceptionRequestHandler(RequestCycle.java:319) [wicket-core-6.13.0.jar:6.13.0]
        at org.apache.wicket.request.cycle.RequestCycle.executeExceptionRequestHandler(RequestCycle.java:319) [wicket-core-6.13.0.jar:6.13.0]
        at org.apache.wicket.request.cycle.RequestCycle.executeExceptionRequestHandler(RequestCycle.java:319) [wicket-core-6.13.0.jar:6.13.0]
        at org.apache.wicket.request.cycle.RequestCycle.executeExceptionRequestHandler(RequestCycle.java:319) [wicket-core-6.13.0.jar:6.13.0]
        at org.apache.wicket.request.cycle.RequestCycle.processRequest(RequestCycle.java:233) [wicket-core-6.13.0.jar:6.13.0]
        at org.apache.wicket.request.cycle.RequestCycle.processRequestAndDetach(RequestCycle.java:289) [wicket-core-6.13.0.jar:6.13.0]
        at org.apache.wicket.protocol.http.WicketFilter.processRequestCycle(WicketFilter.java:259) [wicket-core-6.13.0.jar:6.13.0]
        at org.apache.wicket.protocol.http.WicketFilter.processRequest(WicketFilter.java:201) [wicket-core-6.13.0.jar:6.13.0]
        at org.apache.wicket.protocol.http.WicketFilter.doFilter(WicketFilter.java:282) [wicket-core-6.13.0.jar:6.13.0]
        at org.atmosphere.util.AtmosphereFilterChain.doFilter(AtmosphereFilterChain.java:155) [atmosphere-runtime-2.0.0.jar:2.0.0]
        at org.atmosphere.util.AtmosphereFilterChain.invokeFilterChain(AtmosphereFilterChain.java:132) [atmosphere-runtime-2.0.0.jar:2.0.0]
        at org.atmosphere.handler.ReflectorServletProcessor$FilterChainServletWrapper.service(ReflectorServletProcessor.java:359) [atmosphere-runtime-2.0.0.jar:2.0.0]
        at org.atmosphere.handler.ReflectorServletProcessor.onRequest(ReflectorServletProcessor.java:204) [atmosphere-runtime-2.0.0.jar:2.0.0]
        at org.atmosphere.cpr.AsynchronousProcessor.action(AsynchronousProcessor.java:237) [atmosphere-runtime-2.0.0.jar:2.0.0]
        at org.atmosphere.cpr.AsynchronousProcessor.suspended(AsynchronousProcessor.java:163) [atmosphere-runtime-2.0.0.jar:2.0.0]
        at org.atmosphere.container.Jetty7CometSupport.service(Jetty7CometSupport.java:94) [atmosphere-runtime-2.0.0.jar:2.0.0]
        at org.atmosphere.container.JettyAsyncSupportWithWebSocket.service(JettyAsyncSupportWithWebSocket.java:67) [atmosphere-runtime-2.0.0.jar:2.0.0]
        at org.atmosphere.cpr.AtmosphereFramework.doCometSupport(AtmosphereFramework.java:1675) [atmosphere-runtime-2.0.0.jar:2.0.0]
        at org.atmosphere.cpr.AtmosphereServlet.doPost(AtmosphereServlet.java:177) [atmosphere-runtime-2.0.0.jar:2.0.0]
        at org.atmosphere.cpr.AtmosphereServlet.doGet(AtmosphereServlet.java:163) [atmosphere-runtime-2.0.0.jar:2.0.0]
        at javax.servlet.http.HttpServlet.service(HttpServlet.java:735) [javax.servlet-3.0.0.v201112011016.jar:na]
        at javax.servlet.http.HttpServlet.service(HttpServlet.java:848) [javax.servlet-3.0.0.v201112011016.jar:na]
        at org.eclipse.jetty.servlet.ServletHolder.handle(ServletHolder.java:669) [jetty-servlet-8.1.9.v20130131.jar:8.1.9.v20130131]
        at org.eclipse.jetty.servlet.ServletHandler.doHandle(ServletHandler.java:457) [jetty-servlet-8.1.9.v20130131.jar:8.1.9.v20130131]
        at org.eclipse.jetty.server.handler.ScopedHandler.handle(ScopedHandler.java:137) [jetty-server-8.1.9.v20130131.jar:8.1.9.v20130131]
        at org.eclipse.jetty.security.SecurityHandler.handle(SecurityHandler.java:557) [jetty-security-8.1.9.v20130131.jar:8.1.9.v20130131]
        at org.eclipse.jetty.server.session.SessionHandler.doHandle(SessionHandler.java:231) [jetty-server-8.1.9.v20130131.jar:8.1.9.v20130131]
        at org.eclipse.jetty.server.handler.ContextHandler.doHandle(ContextHandler.java:1075) [jetty-server-8.1.9.v20130131.jar:8.1.9.v20130131]
        at org.eclipse.jetty.servlet.ServletHandler.doScope(ServletHandler.java:384) [jetty-servlet-8.1.9.v20130131.jar:8.1.9.v20130131]
        at org.eclipse.jetty.server.session.SessionHandler.doScope(SessionHandler.java:193) [jetty-server-8.1.9.v20130131.jar:8.1.9.v20130131]
        at org.eclipse.jetty.server.handler.ContextHandler.doScope(ContextHandler.java:1009) [jetty-server-8.1.9.v20130131.jar:8.1.9.v20130131]
        at org.eclipse.jetty.server.handler.ScopedHandler.handle(ScopedHandler.java:135) [jetty-server-8.1.9.v20130131.jar:8.1.9.v20130131]
        at org.eclipse.jetty.server.handler.ContextHandlerCollection.handle(ContextHandlerCollection.java:255) [jetty-server-8.1.9.v20130131.jar:8.1.9.v20130131]
        at org.eclipse.jetty.server.handler.HandlerCollection.handle(HandlerCollection.java:154) [jetty-server-8.1.9.v20130131.jar:8.1.9.v20130131]
        at org.eclipse.jetty.server.handler.HandlerWrapper.handle(HandlerWrapper.java:116) [jetty-server-8.1.9.v20130131.jar:8.1.9.v20130131]
        at org.eclipse.jetty.server.Server.handle(Server.java:368) [jetty-server-8.1.9.v20130131.jar:8.1.9.v20130131]
        at org.eclipse.jetty.server.AbstractHttpConnection.handleRequest(AbstractHttpConnection.java:488) [jetty-server-8.1.9.v20130131.jar:8.1.9.v20130131]
        at org.eclipse.jetty.server.AbstractHttpConnection.headerComplete(AbstractHttpConnection.java:932) [jetty-server-8.1.9.v20130131.jar:8.1.9.v20130131]
:
&lt;/pre&gt;
&lt;/div&gt;&lt;/div&gt;


</comment>
                            <comment id="14054819" author="dlock-gmac" created="Tue, 8 Jul 2014 10:51:34 +0000">&lt;p&gt;Hi.&lt;br/&gt;
This issue is also happening for me.  Application will run fine, leave a page open for a while, real-time update comes in and is posted onto the EventBus and wham...&lt;/p&gt;

&lt;div class="code panel" style="border-style: solid;border-width: 1px;"&gt;&lt;div class="codeContent panelContent"&gt;
&lt;pre class="code-java"&gt;java.lang.IllegalArgumentException: Argument &lt;span class="code-quote"&gt;'page'&lt;/span&gt; may not be &lt;span class="code-keyword"&gt;null&lt;/span&gt;.
     at org.apache.wicket.util.lang.Args.notNull(Args.java:41)
     at org.apache.wicket.ajax.AjaxRequestHandler.&amp;lt;init&amp;gt;(AjaxRequestHandler.java:112)
     at org.apache.wicket.protocol.http.WebApplication$DefaultAjaxRequestTargetProvider.get(WebApplication.java:962)
     at org.apache.wicket.protocol.http.WebApplication$DefaultAjaxRequestTargetProvider.get(WebApplication.java:956)
     at org.apache.wicket.protocol.http.WebApplication.newAjaxRequestTarget(WebApplication.java:807)
     at org.apache.wicket.atmosphere.AtmosphereRequestHandler.respond(AtmosphereRequestHandler.java:73)
     at org.apache.wicket.request.cycle.RequestCycle$HandlerExecutor.respond(RequestCycle.java:862)
     at org.apache.wicket.request.RequestHandlerStack.execute(RequestHandlerStack.java:64)
     at org.apache.wicket.request.cycle.RequestCycle.execute(RequestCycle.java:261)
     at org.apache.wicket.request.cycle.RequestCycle.processRequest(RequestCycle.java:218)
     at org.apache.wicket.request.cycle.RequestCycle.processRequestAndDetach(RequestCycle.java:289)
     at org.apache.wicket.atmosphere.EventBus.post(EventBus.java:397)
     at org.apache.wicket.atmosphere.EventBus.postToSingleResource(EventBus.java:362)
     at org.apache.wicket.atmosphere.EventBus.post(EventBus.java:337)
    ...
&lt;/pre&gt;
&lt;/div&gt;&lt;/div&gt;

&lt;p&gt;Note, this doesn't happen all the time, it is quite sporadic.&lt;/p&gt;

&lt;p&gt;Using the following dependencies...&lt;br/&gt;
wicket 6.15.0&lt;br/&gt;
wicket-atmosphere-0.18&lt;br/&gt;
atmosphere-runtime-native-2.0.4&lt;/p&gt;

&lt;p&gt;deployed on Tomcat 7&lt;/p&gt;

&lt;p&gt;Any ideas?&lt;/p&gt;</comment>
                            <comment id="14054822" author="mgrigorov" created="Tue, 8 Jul 2014 10:59:01 +0000">&lt;p&gt;org.apache.wicket.atmosphere.AtmosphereRequestHandler#respond looks like:&lt;/p&gt;

&lt;div class="code panel" style="border-width: 1px;"&gt;&lt;div class="codeContent panelContent"&gt;
&lt;pre class="code-java"&gt;@Override
&lt;span class="code-keyword"&gt;public&lt;/span&gt; void respond(IRequestCycle requestCycle)
{
	Page page = (Page)Application.get().getMapperContext().getPageInstance(pageKey.getPageId());
	AjaxRequestTarget target = WebApplication.get().newAjaxRequestTarget(page);
	executeHandlers(target, page);
}
&lt;/pre&gt;
&lt;/div&gt;&lt;/div&gt;
&lt;p&gt;&lt;a href="https://issues.apache.org/jira/secure/ViewProfile.jspa?name=papegaaij" class="user-hover" rel="papegaaij"&gt;papegaaij&lt;/a&gt; What do you think ?&lt;/p&gt;</comment>
                            <comment id="14054831" author="papegaaij" created="Tue, 8 Jul 2014 11:09:12 +0000">&lt;p&gt;Page is null when either the session is lost or the page is not found in the page store. Atmosphere requires you to explicitly enable session support (see earlier comment). If session support is enabled, we will need a quickstart to be able to debug this.&lt;/p&gt;</comment>
                            <comment id="14054837" author="dlock-gmac" created="Tue, 8 Jul 2014 11:15:11 +0000">
&lt;p&gt;Session support is enabled.&lt;/p&gt;

&lt;div class="code panel" style="border-style: solid;border-width: 1px;"&gt;&lt;div class="codeContent panelContent"&gt;
&lt;pre class="code-java"&gt;&amp;lt;init-param&amp;gt;
        &amp;lt;param-name&amp;gt;org.atmosphere.cpr.sessionSupport&amp;lt;/param-name&amp;gt;
	&amp;lt;param-value&amp;gt;&lt;span class="code-keyword"&gt;true&lt;/span&gt;&amp;lt;/param-value&amp;gt;
&amp;lt;/init-param&amp;gt;
&lt;/pre&gt;
&lt;/div&gt;&lt;/div&gt;

&lt;p&gt;When I get chance I will try to put together a quickstart based on the dependencies I am using.&lt;/p&gt;</comment>
                            <comment id="14054838" author="mgrigorov" created="Tue, 8 Jul 2014 11:15:30 +0000">&lt;p&gt;Is it good idea to check for non-null page and log a warning if the page is null explaining what could be the reasons ?&lt;/p&gt;</comment>
                            <comment id="14054853" author="papegaaij" created="Tue, 8 Jul 2014 11:33:15 +0000">&lt;p&gt;It can be rather difficult to find out why the page is not found. I wouldn't know what to log, except the sessionSupport perhaps. Perhaps it's possible to find out if the session is actually bound?&lt;/p&gt;</comment>
                            <comment id="14096945" author="jira-bot" created="Thu, 14 Aug 2014 13:22:33 +0000">&lt;p&gt;Commit b26481d59dc6d38718a5c176a7b921b9d00d6240 in wicket's branch refs/heads/wicket-6.x from &lt;a href="https://issues.apache.org/jira/secure/ViewProfile.jspa?name=mgrigorov" class="user-hover" rel="mgrigorov"&gt;mgrigorov&lt;/a&gt;&lt;br/&gt;
[ &lt;a href="https://git-wip-us.apache.org/repos/asf?p=wicket.git;h=b26481d" class="external-link" target="_blank" rel="nofollow noopener"&gt;https://git-wip-us.apache.org/repos/asf?p=wicket.git;h=b26481d&lt;/a&gt; ]&lt;/p&gt;

&lt;p&gt;&lt;a href="https://issues.apache.org/jira/browse/WICKET-5371" title="IllegalArgumentException: Argument &amp;#39;page&amp;#39; may not be null. - when sending event from asynchronous process" class="issue-link" data-issue-key="WICKET-5371"&gt;&lt;del&gt;WICKET-5371&lt;/del&gt;&lt;/a&gt; IllegalArgumentException: Argument 'page' may not be null. - when sending event from asynchronous process&lt;/p&gt;

&lt;p&gt;Log a warning and unregister all subscriptions for a page when it is no more in the page stores for any reason&lt;/p&gt;</comment>
                            <comment id="14096946" author="jira-bot" created="Thu, 14 Aug 2014 13:22:55 +0000">&lt;p&gt;Commit a60736c411d43582ffd7f710c2880de210cceb9d in wicket's branch refs/heads/master from &lt;a href="https://issues.apache.org/jira/secure/ViewProfile.jspa?name=mgrigorov" class="user-hover" rel="mgrigorov"&gt;mgrigorov&lt;/a&gt;&lt;br/&gt;
[ &lt;a href="https://git-wip-us.apache.org/repos/asf?p=wicket.git;h=a60736c" class="external-link" target="_blank" rel="nofollow noopener"&gt;https://git-wip-us.apache.org/repos/asf?p=wicket.git;h=a60736c&lt;/a&gt; ]&lt;/p&gt;

&lt;p&gt;&lt;a href="https://issues.apache.org/jira/browse/WICKET-5371" title="IllegalArgumentException: Argument &amp;#39;page&amp;#39; may not be null. - when sending event from asynchronous process" class="issue-link" data-issue-key="WICKET-5371"&gt;&lt;del&gt;WICKET-5371&lt;/del&gt;&lt;/a&gt; IllegalArgumentException: Argument 'page' may not be null. - when sending event from asynchronous process&lt;/p&gt;

&lt;p&gt;Log a warning and unregister all subscriptions for a page when it is no more in the page stores for any reason&lt;/p&gt;

&lt;p&gt;(cherry picked from commit b26481d59dc6d38718a5c176a7b921b9d00d6240)&lt;/p&gt;</comment>
                            <comment id="14096947" author="jira-bot" created="Thu, 14 Aug 2014 13:23:19 +0000">&lt;p&gt;Commit b26481d59dc6d38718a5c176a7b921b9d00d6240 in wicket's branch refs/heads/wicket-atmosphere-tester from &lt;a href="https://issues.apache.org/jira/secure/ViewProfile.jspa?name=mgrigorov" class="user-hover" rel="mgrigorov"&gt;mgrigorov&lt;/a&gt;&lt;br/&gt;
[ &lt;a href="https://git-wip-us.apache.org/repos/asf?p=wicket.git;h=b26481d" class="external-link" target="_blank" rel="nofollow noopener"&gt;https://git-wip-us.apache.org/repos/asf?p=wicket.git;h=b26481d&lt;/a&gt; ]&lt;/p&gt;

&lt;p&gt;&lt;a href="https://issues.apache.org/jira/browse/WICKET-5371" title="IllegalArgumentException: Argument &amp;#39;page&amp;#39; may not be null. - when sending event from asynchronous process" class="issue-link" data-issue-key="WICKET-5371"&gt;&lt;del&gt;WICKET-5371&lt;/del&gt;&lt;/a&gt; IllegalArgumentException: Argument 'page' may not be null. - when sending event from asynchronous process&lt;/p&gt;

&lt;p&gt;Log a warning and unregister all subscriptions for a page when it is no more in the page stores for any reason&lt;/p&gt;</comment>
                            <comment id="14096948" author="mgrigorov" created="Thu, 14 Aug 2014 13:23:45 +0000">&lt;p&gt;From now on if the page is not found a WARN log message will be logged and all subscriptions for this pageKey will be removed.&lt;/p&gt;</comment>
                            <comment id="14096950" author="jira-bot" created="Thu, 14 Aug 2014 13:26:18 +0000">&lt;p&gt;Commit d817855dda158f4c376042f236da5f19223a8823 in wicket's branch refs/heads/wicket-6.x from &lt;a href="https://issues.apache.org/jira/secure/ViewProfile.jspa?name=mgrigorov" class="user-hover" rel="mgrigorov"&gt;mgrigorov&lt;/a&gt;&lt;br/&gt;
[ &lt;a href="https://git-wip-us.apache.org/repos/asf?p=wicket.git;h=d817855" class="external-link" target="_blank" rel="nofollow noopener"&gt;https://git-wip-us.apache.org/repos/asf?p=wicket.git;h=d817855&lt;/a&gt; ]&lt;/p&gt;

&lt;p&gt;&lt;a href="https://issues.apache.org/jira/browse/WICKET-5371" title="IllegalArgumentException: Argument &amp;#39;page&amp;#39; may not be null. - when sending event from asynchronous process" class="issue-link" data-issue-key="WICKET-5371"&gt;&lt;del&gt;WICKET-5371&lt;/del&gt;&lt;/a&gt; IllegalArgumentException: Argument 'page' may not be null. - when sending event from asynchronous process&lt;/p&gt;

&lt;p&gt;Mark the page as dirty to keep it around in case there is no other usage with it (component added/removed/etc.)&lt;/p&gt;</comment>
                            <comment id="14096952" author="jira-bot" created="Thu, 14 Aug 2014 13:26:48 +0000">&lt;p&gt;Commit 02bcd85239753f1c1beac254a9a5e9fe53fcee63 in wicket's branch refs/heads/master from &lt;a href="https://issues.apache.org/jira/secure/ViewProfile.jspa?name=mgrigorov" class="user-hover" rel="mgrigorov"&gt;mgrigorov&lt;/a&gt;&lt;br/&gt;
[ &lt;a href="https://git-wip-us.apache.org/repos/asf?p=wicket.git;h=02bcd85" class="external-link" target="_blank" rel="nofollow noopener"&gt;https://git-wip-us.apache.org/repos/asf?p=wicket.git;h=02bcd85&lt;/a&gt; ]&lt;/p&gt;

&lt;p&gt;&lt;a href="https://issues.apache.org/jira/browse/WICKET-5371" title="IllegalArgumentException: Argument &amp;#39;page&amp;#39; may not be null. - when sending event from asynchronous process" class="issue-link" data-issue-key="WICKET-5371"&gt;&lt;del&gt;WICKET-5371&lt;/del&gt;&lt;/a&gt; IllegalArgumentException: Argument 'page' may not be null. - when sending event from asynchronous process&lt;/p&gt;

&lt;p&gt;Mark the page as dirty to keep it around in case there is no other usage with it (component added/removed/etc.)&lt;/p&gt;

&lt;p&gt;(cherry picked from commit d817855dda158f4c376042f236da5f19223a8823)&lt;/p&gt;</comment>
                            <comment id="14096953" author="jira-bot" created="Thu, 14 Aug 2014 13:27:22 +0000">&lt;p&gt;Commit d817855dda158f4c376042f236da5f19223a8823 in wicket's branch refs/heads/wicket-atmosphere-tester from &lt;a href="https://issues.apache.org/jira/secure/ViewProfile.jspa?name=mgrigorov" class="user-hover" rel="mgrigorov"&gt;mgrigorov&lt;/a&gt;&lt;br/&gt;
[ &lt;a href="https://git-wip-us.apache.org/repos/asf?p=wicket.git;h=d817855" class="external-link" target="_blank" rel="nofollow noopener"&gt;https://git-wip-us.apache.org/repos/asf?p=wicket.git;h=d817855&lt;/a&gt; ]&lt;/p&gt;

&lt;p&gt;&lt;a href="https://issues.apache.org/jira/browse/WICKET-5371" title="IllegalArgumentException: Argument &amp;#39;page&amp;#39; may not be null. - when sending event from asynchronous process" class="issue-link" data-issue-key="WICKET-5371"&gt;&lt;del&gt;WICKET-5371&lt;/del&gt;&lt;/a&gt; IllegalArgumentException: Argument 'page' may not be null. - when sending event from asynchronous process&lt;/p&gt;

&lt;p&gt;Mark the page as dirty to keep it around in case there is no other usage with it (component added/removed/etc.)&lt;/p&gt;</comment>
                            <comment id="14096955" author="mgrigorov" created="Thu, 14 Aug 2014 13:28:41 +0000">&lt;p&gt;Additionally if the page is there it will be marked as dirty so it will be stored at the end of the artificial request cycle.&lt;br/&gt;
I guess this was the problem here - the page has not be used by other means (component added/removed) and at some point the disk store has been filled up with other pages and this one removed as the oldest one.&lt;/p&gt;</comment>
                            <comment id="14098309" author="jira-bot" created="Fri, 15 Aug 2014 07:51:13 +0000">&lt;p&gt;Commit 1d1b4782dbb9dbc41cec097031f338ad889c0f77 in wicket's branch refs/heads/wicket-6.x from &lt;a href="https://issues.apache.org/jira/secure/ViewProfile.jspa?name=mgrigorov" class="user-hover" rel="mgrigorov"&gt;mgrigorov&lt;/a&gt;&lt;br/&gt;
[ &lt;a href="https://git-wip-us.apache.org/repos/asf?p=wicket.git;h=1d1b478" class="external-link" target="_blank" rel="nofollow noopener"&gt;https://git-wip-us.apache.org/repos/asf?p=wicket.git;h=1d1b478&lt;/a&gt; ]&lt;/p&gt;

&lt;p&gt;&lt;a href="https://issues.apache.org/jira/browse/WICKET-5371" title="IllegalArgumentException: Argument &amp;#39;page&amp;#39; may not be null. - when sending event from asynchronous process" class="issue-link" data-issue-key="WICKET-5371"&gt;&lt;del&gt;WICKET-5371&lt;/del&gt;&lt;/a&gt; IllegalArgumentException: Argument 'page' may not be null. - when sending event from asynchronous process&lt;/p&gt;

&lt;p&gt;Log a warning and unregister all subscriptions for a page when it is no more in the page stores for any reason&lt;/p&gt;</comment>
                            <comment id="14098310" author="jira-bot" created="Fri, 15 Aug 2014 07:51:14 +0000">&lt;p&gt;Commit 50df0c168b956f7ed4ffbb5884b7ab15e2d2ff52 in wicket's branch refs/heads/wicket-6.x from &lt;a href="https://issues.apache.org/jira/secure/ViewProfile.jspa?name=mgrigorov" class="user-hover" rel="mgrigorov"&gt;mgrigorov&lt;/a&gt;&lt;br/&gt;
[ &lt;a href="https://git-wip-us.apache.org/repos/asf?p=wicket.git;h=50df0c1" class="external-link" target="_blank" rel="nofollow noopener"&gt;https://git-wip-us.apache.org/repos/asf?p=wicket.git;h=50df0c1&lt;/a&gt; ]&lt;/p&gt;

&lt;p&gt;&lt;a href="https://issues.apache.org/jira/browse/WICKET-5371" title="IllegalArgumentException: Argument &amp;#39;page&amp;#39; may not be null. - when sending event from asynchronous process" class="issue-link" data-issue-key="WICKET-5371"&gt;&lt;del&gt;WICKET-5371&lt;/del&gt;&lt;/a&gt; IllegalArgumentException: Argument 'page' may not be null. - when sending event from asynchronous process&lt;/p&gt;

&lt;p&gt;Mark the page as dirty to keep it around in case there is no other usage with it (component added/removed/etc.)&lt;/p&gt;</comment>
                            <comment id="14098400" author="jira-bot" created="Fri, 15 Aug 2014 10:00:58 +0000">&lt;p&gt;Commit 1d1b4782dbb9dbc41cec097031f338ad889c0f77 in wicket's branch refs/heads/5674-jquery-atmo-webjar from &lt;a href="https://issues.apache.org/jira/secure/ViewProfile.jspa?name=mgrigorov" class="user-hover" rel="mgrigorov"&gt;mgrigorov&lt;/a&gt;&lt;br/&gt;
[ &lt;a href="https://git-wip-us.apache.org/repos/asf?p=wicket.git;h=1d1b478" class="external-link" target="_blank" rel="nofollow noopener"&gt;https://git-wip-us.apache.org/repos/asf?p=wicket.git;h=1d1b478&lt;/a&gt; ]&lt;/p&gt;

&lt;p&gt;&lt;a href="https://issues.apache.org/jira/browse/WICKET-5371" title="IllegalArgumentException: Argument &amp;#39;page&amp;#39; may not be null. - when sending event from asynchronous process" class="issue-link" data-issue-key="WICKET-5371"&gt;&lt;del&gt;WICKET-5371&lt;/del&gt;&lt;/a&gt; IllegalArgumentException: Argument 'page' may not be null. - when sending event from asynchronous process&lt;/p&gt;

&lt;p&gt;Log a warning and unregister all subscriptions for a page when it is no more in the page stores for any reason&lt;/p&gt;</comment>
                            <comment id="14098401" author="jira-bot" created="Fri, 15 Aug 2014 10:00:58 +0000">&lt;p&gt;Commit 50df0c168b956f7ed4ffbb5884b7ab15e2d2ff52 in wicket's branch refs/heads/5674-jquery-atmo-webjar from &lt;a href="https://issues.apache.org/jira/secure/ViewProfile.jspa?name=mgrigorov" class="user-hover" rel="mgrigorov"&gt;mgrigorov&lt;/a&gt;&lt;br/&gt;
[ &lt;a href="https://git-wip-us.apache.org/repos/asf?p=wicket.git;h=50df0c1" class="external-link" target="_blank" rel="nofollow noopener"&gt;https://git-wip-us.apache.org/repos/asf?p=wicket.git;h=50df0c1&lt;/a&gt; ]&lt;/p&gt;

&lt;p&gt;&lt;a href="https://issues.apache.org/jira/browse/WICKET-5371" title="IllegalArgumentException: Argument &amp;#39;page&amp;#39; may not be null. - when sending event from asynchronous process" class="issue-link" data-issue-key="WICKET-5371"&gt;&lt;del&gt;WICKET-5371&lt;/del&gt;&lt;/a&gt; IllegalArgumentException: Argument 'page' may not be null. - when sending event from asynchronous process&lt;/p&gt;

&lt;p&gt;Mark the page as dirty to keep it around in case there is no other usage with it (component added/removed/etc.)&lt;/p&gt;</comment>
                    </comments>
                    <attachments>
                    </attachments>
                <subtasks>
                    </subtasks>
                <customfields>
                                                                                                                                                                                                                                                                                                                                                                                                                                                                                                                                                                                                                                                                                                                    <customfield id="customfield_12314020" key="com.atlassian.jira.plugins.jira-development-integration-plugin:devsummary">
                        <customfieldname>Development</customfieldname>
                        <customfieldvalues>
                            
                        </customfieldvalues>
                    </customfield>
                                                                                                                        <customfield id="customfield_12313422" key="com.atlassian.jirafisheyeplugin:jobcheckbox">
                        <customfieldname>Enable Automatic Patch Review</customfieldname>
                        <customfieldvalues>
                            <customfieldvalue>false</customfieldvalue>

                        </customfieldvalues>
                    </customfield>
                                                                                                                                                                                                                                                                                                                                                                                                                                                                                                                                                                                                                    <customfield id="customfield_12310420" key="com.pyxis.greenhopper.jira:gh-global-rank">
                        <customfieldname>Global Rank</customfieldname>
                        <customfieldvalues>
                            <customfieldvalue>350320</customfieldvalue>
                        </customfieldvalues>
                    </customfield>
                                                                                                                                                                                                                                                                                                                                                                                                                                                                        <customfield id="customfield_12311820" key="com.pyxis.greenhopper.jira:gh-lexo-rank">
                        <customfieldname>Rank</customfieldname>
                        <customfieldvalues>
                            <customfieldvalue>0|i1oej3:</customfieldvalue>

                        </customfieldvalues>
                    </customfield>
                                                                <customfield id="customfield_12310920" key="com.pyxis.greenhopper.jira:gh-global-rank">
                        <customfieldname>Rank (Obsolete)</customfieldname>
                        <customfieldvalues>
                            <customfieldvalue>350613</customfieldvalue>
                        </customfieldvalues>
                    </customfield>
                                                                                                                                                                                                                                                                                                                                                                                                                                                                                                                                                                                                                                                                                                                                                                                            </customfields>
    </item>


</channel>
</rss>