<rss version="0.92">
    <channel>
        <title>ASF JIRA</title>
        <link>https://issues.apache.org/jira/issues/?jql=project+%3D+wicket+and+type+%3D+bug+and+%28status+%3D+RESOLVED+or+status+%3D+closed%29</link>
        <description>An XML representation of a search request</description>
                <language>en-uk</language>
                        <issue start="0" end="1000" total="4133" />
                <build-info>
            <version>8.20.7</version>
            <build-number>820007</build-number>
            <build-date>16-03-2022</build-date>
        </build-info>

<item>
            <title>[WICKET-5913] NPE in Page#hasInvisibleTransparentChild</title>
                <link>https://issues.apache.org/jira/browse/WICKET-5913</link>
                <project id="12310561" key="WICKET">Wicket</project>
                    <description>&lt;p&gt;I started to use #queue instead of TransparentWebMarkupContainer as suggested in &lt;a href="https://issues.apache.org/jira/browse/WICKET-5898" title="StackOverflowError after form submit with a validation error" class="issue-link" data-issue-key="WICKET-5898"&gt;&lt;del&gt;WICKET-5898&lt;/del&gt;&lt;/a&gt;, to my surprise #replace does not work for queued components (feature?) :&lt;/p&gt;
&lt;div class="code panel" style="border-width: 1px;"&gt;&lt;div class="codeContent panelContent"&gt;
&lt;pre class="code-java"&gt;org.apache.wicket.WicketRuntimeException: Cannot replace a component which has not been added: id=&lt;span class="code-quote"&gt;'PANEL'&lt;/span&gt;, component=[EmptyPanel [Component id = PANEL]]:
[Page class = krasa.wicket.npe.BrokenPage, id = 0, render count = 1]
	at org.apache.wicket.MarkupContainer.replace(MarkupContainer.java:736) ~[wicket-core-7.0.0-SNAPSHOT.jar:7.0.0-SNAPSHOT]
	at krasa.wicket.npe.BrokenPage$1.onSubmit(BrokenPage.java:24) ~[classes/:?]
	at org.apache.wicket.ajax.markup.html.form.AjaxButton$1.onSubmit(AjaxButton.java:111) ~[wicket-core-7.0.0-SNAPSHOT.jar:7.0.0-SNAPSHOT]
	at org.apache.wicket.ajax.form.AjaxFormSubmitBehavior$AjaxFormSubmitter.onSubmit(AjaxFormSubmitBehavior.java:215) ~[wicket-core-7.0.0-SNAPSHOT.jar:7.0.0-SNAPSHOT]
	at org.apache.wicket.markup.html.form.Form.delegateSubmit(Form.java:1307) ~[wicket-core-7.0.0-SNAPSHOT.jar:7.0.0-SNAPSHOT]
	at org.apache.wicket.markup.html.form.Form.process(Form.java:974) ~[wicket-core-7.0.0-SNAPSHOT.jar:7.0.0-SNAPSHOT]
	at org.apache.wicket.markup.html.form.Form.onFormSubmitted(Form.java:795) ~[wicket-core-7.0.0-SNAPSHOT.jar:7.0.0-SNAPSHOT]
	at org.apache.wicket.ajax.form.AjaxFormSubmitBehavior.onEvent(AjaxFormSubmitBehavior.java:171) ~[wicket-core-7.0.0-SNAPSHOT.jar:7.0.0-SNAPSHOT]
	at org.apache.wicket.ajax.AjaxEventBehavior.respond(AjaxEventBehavior.java:156) ~[wicket-core-7.0.0-SNAPSHOT.jar:7.0.0-SNAPSHOT]
	at org.apache.wicket.ajax.AbstractDefaultAjaxBehavior.onRequest(AbstractDefaultAjaxBehavior.java:581) ~[wicket-core-7.0.0-SNAPSHOT.jar:7.0.0-SNAPSHOT]
	at sun.reflect.NativeMethodAccessorImpl.invoke0(Native Method) ~[?:1.7.0_72]
	at sun.reflect.NativeMethodAccessorImpl.invoke(NativeMethodAccessorImpl.java:57) ~[?:1.7.0_72]
	at sun.reflect.DelegatingMethodAccessorImpl.invoke(DelegatingMethodAccessorImpl.java:43) ~[?:1.7.0_72]
	at java.lang.reflect.Method.invoke(Method.java:606) ~[?:1.7.0_72]
	at org.apache.wicket.RequestListenerInterface.internalInvoke(RequestListenerInterface.java:258) ~[wicket-core-7.0.0-SNAPSHOT.jar:7.0.0-SNAPSHOT]
	at org.apache.wicket.RequestListenerInterface.invoke(RequestListenerInterface.java:241) ~[wicket-core-7.0.0-SNAPSHOT.jar:7.0.0-SNAPSHOT]
	at org.apache.wicket.core.request.handler.ListenerInterfaceRequestHandler.invokeListener(ListenerInterfaceRequestHandler.java:248) ~[wicket-core-7.0.0-SNAPSHOT.jar:7.0.0-SNAPSHOT]
	at org.apache.wicket.core.request.handler.ListenerInterfaceRequestHandler.respond(ListenerInterfaceRequestHandler.java:234) ~[wicket-core-7.0.0-SNAPSHOT.jar:7.0.0-SNAPSHOT]
	at org.apache.wicket.request.cycle.RequestCycle$HandlerExecutor.respond(RequestCycle.java:865) ~[wicket-core-7.0.0-SNAPSHOT.jar:7.0.0-SNAPSHOT]
	at org.apache.wicket.request.RequestHandlerStack.execute(RequestHandlerStack.java:64) ~[wicket-request-7.0.0-SNAPSHOT.jar:7.0.0-SNAPSHOT]
	at org.apache.wicket.request.cycle.RequestCycle.execute(RequestCycle.java:265) [wicket-core-7.0.0-SNAPSHOT.jar:7.0.0-SNAPSHOT]
	at org.apache.wicket.request.cycle.RequestCycle.processRequest(RequestCycle.java:222) [wicket-core-7.0.0-SNAPSHOT.jar:7.0.0-SNAPSHOT]
	at org.apache.wicket.request.cycle.RequestCycle.processRequestAndDetach(RequestCycle.java:293) [wicket-core-7.0.0-SNAPSHOT.jar:7.0.0-SNAPSHOT]
	at org.apache.wicket.protocol.http.WicketFilter.processRequestCycle(WicketFilter.java:261) [wicket-core-7.0.0-SNAPSHOT.jar:7.0.0-SNAPSHOT]
	at org.apache.wicket.protocol.http.WicketFilter.processRequest(WicketFilter.java:203) [wicket-core-7.0.0-SNAPSHOT.jar:7.0.0-SNAPSHOT]
	at org.apache.wicket.protocol.http.WicketFilter.doFilter(WicketFilter.java:284) [wicket-core-7.0.0-SNAPSHOT.jar:7.0.0-SNAPSHOT]
	at org.eclipse.jetty.servlet.ServletHandler$CachedChain.doFilter(ServletHandler.java:1652) [jetty-servlet-9.2.10.v20150310.jar:9.2.10.v20150310]
	at org.eclipse.jetty.servlet.ServletHandler.doHandle(ServletHandler.java:585) [jetty-servlet-9.2.10.v20150310.jar:9.2.10.v20150310]
	at org.eclipse.jetty.server.handler.ScopedHandler.handle(ScopedHandler.java:143) [jetty-server-9.2.10.v20150310.jar:9.2.10.v20150310]
	at org.eclipse.jetty.security.SecurityHandler.handle(SecurityHandler.java:577) [jetty-security-9.2.10.v20150310.jar:9.2.10.v20150310]
	at org.eclipse.jetty.server.session.SessionHandler.doHandle(SessionHandler.java:223) [jetty-server-9.2.10.v20150310.jar:9.2.10.v20150310]
	at org.eclipse.jetty.server.handler.ContextHandler.doHandle(ContextHandler.java:1127) [jetty-server-9.2.10.v20150310.jar:9.2.10.v20150310]
	at org.eclipse.jetty.servlet.ServletHandler.doScope(ServletHandler.java:515) [jetty-servlet-9.2.10.v20150310.jar:9.2.10.v20150310]
	at org.eclipse.jetty.server.session.SessionHandler.doScope(SessionHandler.java:185) [jetty-server-9.2.10.v20150310.jar:9.2.10.v20150310]
	at org.eclipse.jetty.server.handler.ContextHandler.doScope(ContextHandler.java:1061) [jetty-server-9.2.10.v20150310.jar:9.2.10.v20150310]
	at org.eclipse.jetty.server.handler.ScopedHandler.handle(ScopedHandler.java:141) [jetty-server-9.2.10.v20150310.jar:9.2.10.v20150310]
	at org.eclipse.jetty.server.handler.HandlerWrapper.handle(HandlerWrapper.java:97) [jetty-server-9.2.10.v20150310.jar:9.2.10.v20150310]
	at org.eclipse.jetty.server.Server.handle(Server.java:497) [jetty-server-9.2.10.v20150310.jar:9.2.10.v20150310]
	at org.eclipse.jetty.server.HttpChannel.handle(HttpChannel.java:310) [jetty-server-9.2.10.v20150310.jar:9.2.10.v20150310]
	at org.eclipse.jetty.server.HttpConnection.onFillable(HttpConnection.java:257) [jetty-server-9.2.10.v20150310.jar:9.2.10.v20150310]
	at org.eclipse.jetty.io.AbstractConnection$2.run(AbstractConnection.java:540) [jetty-io-9.2.10.v20150310.jar:9.2.10.v20150310]
	at org.eclipse.jetty.util.thread.QueuedThreadPool.runJob(QueuedThreadPool.java:635) [jetty-util-9.2.10.v20150310.jar:9.2.10.v20150310]
	at org.eclipse.jetty.util.thread.QueuedThreadPool$3.run(QueuedThreadPool.java:555) [jetty-util-9.2.10.v20150310.jar:9.2.10.v20150310]
	at java.lang.&lt;span class="code-object"&gt;Thread&lt;/span&gt;.run(&lt;span class="code-object"&gt;Thread&lt;/span&gt;.java:745) [?:1.7.0_72]
&lt;/pre&gt;
&lt;/div&gt;&lt;/div&gt;

&lt;p&gt;When I click on back button, it will give me an NPE:&lt;/p&gt;
&lt;div class="code panel" style="border-width: 1px;"&gt;&lt;div class="codeContent panelContent"&gt;
&lt;pre class="code-java"&gt;java.lang.NullPointerException
	at org.apache.wicket.Page.hasInvisibleTransparentChild(Page.java:679) ~[wicket-core-7.0.0-SNAPSHOT.jar:7.0.0-SNAPSHOT]
	at org.apache.wicket.Page.checkRendering(Page.java:645) ~[wicket-core-7.0.0-SNAPSHOT.jar:7.0.0-SNAPSHOT]
	at org.apache.wicket.Page.onAfterRender(Page.java:821) ~[wicket-core-7.0.0-SNAPSHOT.jar:7.0.0-SNAPSHOT]
	at org.apache.wicket.markup.html.WebPage.onAfterRender(WebPage.java:216) ~[wicket-core-7.0.0-SNAPSHOT.jar:7.0.0-SNAPSHOT]
	at org.apache.wicket.Component.afterRender(Component.java:918) ~[wicket-core-7.0.0-SNAPSHOT.jar:7.0.0-SNAPSHOT]
	at org.apache.wicket.Component.render(Component.java:2319) ~[wicket-core-7.0.0-SNAPSHOT.jar:7.0.0-SNAPSHOT]
	at org.apache.wicket.Page.renderPage(Page.java:1018) ~[wicket-core-7.0.0-SNAPSHOT.jar:7.0.0-SNAPSHOT]
	at org.apache.wicket.request.handler.render.WebPageRenderer.renderPage(WebPageRenderer.java:124) ~[wicket-core-7.0.0-SNAPSHOT.jar:7.0.0-SNAPSHOT]
	at org.apache.wicket.request.handler.render.WebPageRenderer.respond(WebPageRenderer.java:195) ~[wicket-core-7.0.0-SNAPSHOT.jar:7.0.0-SNAPSHOT]
	at org.apache.wicket.core.request.handler.RenderPageRequestHandler.respond(RenderPageRequestHandler.java:175) ~[wicket-core-7.0.0-SNAPSHOT.jar:7.0.0-SNAPSHOT]
	at org.apache.wicket.request.cycle.RequestCycle$HandlerExecutor.respond(RequestCycle.java:865) ~[wicket-core-7.0.0-SNAPSHOT.jar:7.0.0-SNAPSHOT]
	at org.apache.wicket.request.RequestHandlerStack.execute(RequestHandlerStack.java:64) ~[wicket-request-7.0.0-SNAPSHOT.jar:7.0.0-SNAPSHOT]
	at org.apache.wicket.request.cycle.RequestCycle.execute(RequestCycle.java:265) [wicket-core-7.0.0-SNAPSHOT.jar:7.0.0-SNAPSHOT]
	at org.apache.wicket.request.cycle.RequestCycle.processRequest(RequestCycle.java:222) [wicket-core-7.0.0-SNAPSHOT.jar:7.0.0-SNAPSHOT]
	at org.apache.wicket.request.cycle.RequestCycle.processRequestAndDetach(RequestCycle.java:293) [wicket-core-7.0.0-SNAPSHOT.jar:7.0.0-SNAPSHOT]
	at org.apache.wicket.protocol.http.WicketFilter.processRequestCycle(WicketFilter.java:261) [wicket-core-7.0.0-SNAPSHOT.jar:7.0.0-SNAPSHOT]
	at org.apache.wicket.protocol.http.WicketFilter.processRequest(WicketFilter.java:203) [wicket-core-7.0.0-SNAPSHOT.jar:7.0.0-SNAPSHOT]
	at org.apache.wicket.protocol.http.WicketFilter.doFilter(WicketFilter.java:284) [wicket-core-7.0.0-SNAPSHOT.jar:7.0.0-SNAPSHOT]
	at org.eclipse.jetty.servlet.ServletHandler$CachedChain.doFilter(ServletHandler.java:1652) [jetty-servlet-9.2.10.v20150310.jar:9.2.10.v20150310]
	at org.eclipse.jetty.servlet.ServletHandler.doHandle(ServletHandler.java:585) [jetty-servlet-9.2.10.v20150310.jar:9.2.10.v20150310]
	at org.eclipse.jetty.server.handler.ScopedHandler.handle(ScopedHandler.java:143) [jetty-server-9.2.10.v20150310.jar:9.2.10.v20150310]
	at org.eclipse.jetty.security.SecurityHandler.handle(SecurityHandler.java:577) [jetty-security-9.2.10.v20150310.jar:9.2.10.v20150310]
	at org.eclipse.jetty.server.session.SessionHandler.doHandle(SessionHandler.java:223) [jetty-server-9.2.10.v20150310.jar:9.2.10.v20150310]
	at org.eclipse.jetty.server.handler.ContextHandler.doHandle(ContextHandler.java:1127) [jetty-server-9.2.10.v20150310.jar:9.2.10.v20150310]
	at org.eclipse.jetty.servlet.ServletHandler.doScope(ServletHandler.java:515) [jetty-servlet-9.2.10.v20150310.jar:9.2.10.v20150310]
	at org.eclipse.jetty.server.session.SessionHandler.doScope(SessionHandler.java:185) [jetty-server-9.2.10.v20150310.jar:9.2.10.v20150310]
	at org.eclipse.jetty.server.handler.ContextHandler.doScope(ContextHandler.java:1061) [jetty-server-9.2.10.v20150310.jar:9.2.10.v20150310]
	at org.eclipse.jetty.server.handler.ScopedHandler.handle(ScopedHandler.java:141) [jetty-server-9.2.10.v20150310.jar:9.2.10.v20150310]
	at org.eclipse.jetty.server.handler.HandlerWrapper.handle(HandlerWrapper.java:97) [jetty-server-9.2.10.v20150310.jar:9.2.10.v20150310]
	at org.eclipse.jetty.server.Server.handle(Server.java:497) [jetty-server-9.2.10.v20150310.jar:9.2.10.v20150310]
	at org.eclipse.jetty.server.HttpChannel.handle(HttpChannel.java:310) [jetty-server-9.2.10.v20150310.jar:9.2.10.v20150310]
	at org.eclipse.jetty.server.HttpConnection.onFillable(HttpConnection.java:257) [jetty-server-9.2.10.v20150310.jar:9.2.10.v20150310]
	at org.eclipse.jetty.io.AbstractConnection$2.run(AbstractConnection.java:540) [jetty-io-9.2.10.v20150310.jar:9.2.10.v20150310]
	at org.eclipse.jetty.util.thread.QueuedThreadPool.runJob(QueuedThreadPool.java:635) [jetty-util-9.2.10.v20150310.jar:9.2.10.v20150310]
	at org.eclipse.jetty.util.thread.QueuedThreadPool$3.run(QueuedThreadPool.java:555) [jetty-util-9.2.10.v20150310.jar:9.2.10.v20150310]
	at java.lang.&lt;span class="code-object"&gt;Thread&lt;/span&gt;.run(&lt;span class="code-object"&gt;Thread&lt;/span&gt;.java:745) [?:1.7.0_72]
&lt;/pre&gt;
&lt;/div&gt;&lt;/div&gt;
&lt;p&gt;(both in 7.0.0-M5 and current master)&lt;/p&gt;

&lt;p&gt;quickstart: &lt;a href="https://github.com/krasa/wicket-bugs" class="external-link" target="_blank" rel="nofollow noopener"&gt;https://github.com/krasa/wicket-bugs&lt;/a&gt;&lt;br/&gt;
-Start&lt;br/&gt;
-open &lt;a href="http://localhost:8080/" class="external-link" target="_blank" rel="nofollow noopener"&gt;http://localhost:8080/&lt;/a&gt; &lt;br/&gt;
-click on the button&lt;br/&gt;
-click Back&lt;/p&gt;</description>
                <environment />
        <key id="12832717">WICKET-5913</key>
            <summary>NPE in Page#hasInvisibleTransparentChild</summary>
                <type id="1" iconUrl="https://issues.apache.org/jira/secure/viewavatar?size=xsmall&amp;avatarId=21133&amp;avatarType=issuetype">Bug</type>
                                            <priority id="3" iconUrl="https://issues.apache.org/jira/images/icons/priorities/major.svg">Major</priority>
                        <status id="5" iconUrl="https://issues.apache.org/jira/images/icons/statuses/resolved.png" description="A resolution has been taken, and it is awaiting verification by reporter. From here issues are either reopened, or are closed.">Resolved</status>
                    <statusCategory id="3" key="done" colorName="green" />
                                    <resolution id="3">Duplicate</resolution>
                                        <assignee username="-1">Unassigned</assignee>
                                    <reporter username="meo">Vojt&#283;ch Kr&#225;sa</reporter>
                        <labels>
                    </labels>
                <created>Tue, 26 May 2015 13:31:32 +0000</created>
                <updated>Tue, 26 May 2015 13:54:50 +0000</updated>
                            <resolved>Tue, 26 May 2015 13:54:50 +0000</resolved>
                                    <version>7.0.0-M5</version>
                                                    <component>wicket</component>
                        <due />
                            <votes>0</votes>
                                    <watches>1</watches>
                                                                <comments>
                            <comment id="14559108" author="meo" created="Tue, 26 May 2015 13:47:40 +0000">&lt;p&gt;sorry, double submit, &lt;a href="https://issues.apache.org/jira/browse/WICKET-5912" title="NPE in Page#hasInvisibleTransparentChild" class="issue-link" data-issue-key="WICKET-5912"&gt;&lt;del&gt;WICKET-5912&lt;/del&gt;&lt;/a&gt;&lt;/p&gt;</comment>
                    </comments>
                    <attachments>
                    </attachments>
                <subtasks>
                    </subtasks>
                <customfields>
                                                                                                                                                                                                                                                                                                                                                                                                                                                                                                                                                                                                                                                                                                                    <customfield id="customfield_12314020" key="com.atlassian.jira.plugins.jira-development-integration-plugin:devsummary">
                        <customfieldname>Development</customfieldname>
                        <customfieldvalues>
                            
                        </customfieldvalues>
                    </customfield>
                                                                                                                        <customfield id="customfield_12313422" key="com.atlassian.jirafisheyeplugin:jobcheckbox">
                        <customfieldname>Enable Automatic Patch Review</customfieldname>
                        <customfieldvalues>
                            <customfieldvalue>false</customfieldvalue>

                        </customfieldvalues>
                    </customfield>
                                                                                                                                                                                                                                                                                                                                                                                                                                                                                                                                                                                                                    <customfield id="customfield_12310420" key="com.pyxis.greenhopper.jira:gh-global-rank">
                        <customfieldname>Global Rank</customfieldname>
                        <customfieldvalues>
                            <customfieldvalue>9223372036854775807</customfieldvalue>
                        </customfieldvalues>
                    </customfield>
                                                                                                                                                                                                                                                                                                                                                                                                                                                                        <customfield id="customfield_12311820" key="com.pyxis.greenhopper.jira:gh-lexo-rank">
                        <customfieldname>Rank</customfieldname>
                        <customfieldvalues>
                            <customfieldvalue>0|i2f77j:</customfieldvalue>

                        </customfieldvalues>
                    </customfield>
                                                                <customfield id="customfield_12310920" key="com.pyxis.greenhopper.jira:gh-global-rank">
                        <customfieldname>Rank (Obsolete)</customfieldname>
                        <customfieldvalues>
                            <customfieldvalue>9223372036854775807</customfieldvalue>
                        </customfieldvalues>
                    </customfield>
                                                                                                                                                                                                                                                                                                                                                                                                                                                                                                                                                                                                                                                                                                                                                                                            </customfields>
    </item>


</channel>
</rss>