<rss version="0.92">
    <channel>
        <title>ASF JIRA</title>
        <link>https://issues.apache.org/jira/issues/?jql=project+%3D+wicket+and+type+%3D+bug+and+%28status+%3D+RESOLVED+or+status+%3D+closed%29</link>
        <description>An XML representation of a search request</description>
                <language>en-uk</language>
                        <issue start="0" end="1000" total="4133" />
                <build-info>
            <version>8.20.7</version>
            <build-number>820007</build-number>
            <build-date>16-03-2022</build-date>
        </build-info>

<item>
            <title>[WICKET-5537] Wicket.DOM.toggleClass is called with additional "#" inside AutoLabelResolver</title>
                <link>https://issues.apache.org/jira/browse/WICKET-5537</link>
                <project id="12310561" key="WICKET">Wicket</project>
                    <description>&lt;p&gt;With &lt;a href="https://issues.apache.org/jira/browse/WICKET-5411" title="Improve AutoLabels by updating their CSS classes automatically during Ajax requests" class="issue-link" data-issue-key="WICKET-5411"&gt;&lt;del&gt;WICKET-5411&lt;/del&gt;&lt;/a&gt; (commit 484415796aab76fc4f635b375cbf2b0cd604457f) JavaScript calls in AutoLabelResolver.updateFrom() where changed to use Wicket.DOM.toggleClass().&lt;/p&gt;

&lt;p&gt;In one instance the leading "#" has been removed. The other two Wicket.DOM.toggleClass() calls still start with '#%s' which leads to double hashmarks and JS errors like the following in the browser:&lt;/p&gt;

&lt;p&gt;Wicket.Ajax: Wicket.Ajax.Call.processEvaluation: Exception evaluating javascript: Error: Syntax error, unrecognized expression: ##myComponentId7e-w-lbl, text&lt;/p&gt;</description>
                <environment />
        <key id="12702395">WICKET-5537</key>
            <summary>Wicket.DOM.toggleClass is called with additional "#" inside AutoLabelResolver</summary>
                <type id="1" iconUrl="https://issues.apache.org/jira/secure/viewavatar?size=xsmall&amp;avatarId=21133&amp;avatarType=issuetype">Bug</type>
                                            <priority id="3" iconUrl="https://issues.apache.org/jira/images/icons/priorities/major.svg">Major</priority>
                        <status id="5" iconUrl="https://issues.apache.org/jira/images/icons/statuses/resolved.png" description="A resolution has been taken, and it is awaiting verification by reporter. From here issues are either reopened, or are closed.">Resolved</status>
                    <statusCategory id="3" key="done" colorName="green" />
                                    <resolution id="1">Fixed</resolution>
                                        <assignee username="mgrigorov">Martin Tzvetanov Grigorov</assignee>
                                    <reporter username="ppetermair">Patrick Petermair</reporter>
                        <labels>
                    </labels>
                <created>Wed, 19 Mar 2014 15:16:45 +0000</created>
                <updated>Wed, 19 Mar 2014 15:31:46 +0000</updated>
                            <resolved>Wed, 19 Mar 2014 15:31:46 +0000</resolved>
                                    <version>6.13.0</version>
                    <version>6.14.0</version>
                                    <fixVersion>7.0.0-M1</fixVersion>
                    <fixVersion>6.15.0</fixVersion>
                                    <component>wicket</component>
                        <due />
                            <votes>0</votes>
                                    <watches>2</watches>
                                                                <comments>
                            <comment id="13940575" author="mgrigorov" created="Wed, 19 Mar 2014 15:31:46 +0000">&lt;p&gt;Fixed!&lt;br/&gt;
Sorry about this!&lt;/p&gt;</comment>
                    </comments>
                    <attachments>
                    </attachments>
                <subtasks>
                    </subtasks>
                <customfields>
                                                                                                                                                                                                                                                                                                                                                                                                                                                                                                                                                                                                                                                                                                                    <customfield id="customfield_12314020" key="com.atlassian.jira.plugins.jira-development-integration-plugin:devsummary">
                        <customfieldname>Development</customfieldname>
                        <customfieldvalues>
                            
                        </customfieldvalues>
                    </customfield>
                                                                                                                        <customfield id="customfield_12313422" key="com.atlassian.jirafisheyeplugin:jobcheckbox">
                        <customfieldname>Enable Automatic Patch Review</customfieldname>
                        <customfieldvalues>
                            <customfieldvalue>false</customfieldvalue>

                        </customfieldvalues>
                    </customfield>
                                                                                                                                                                                                                                                                                                                                                                                                                                                                                                                                                                                                                    <customfield id="customfield_12310420" key="com.pyxis.greenhopper.jira:gh-global-rank">
                        <customfieldname>Global Rank</customfieldname>
                        <customfieldvalues>
                            <customfieldvalue>380734</customfieldvalue>
                        </customfieldvalues>
                    </customfield>
                                                                                                                                                                                                                                                                                                                                                                                                                                                                        <customfield id="customfield_12311820" key="com.pyxis.greenhopper.jira:gh-lexo-rank">
                        <customfieldname>Rank</customfieldname>
                        <customfieldvalues>
                            <customfieldvalue>0|i1tlkf:</customfieldvalue>

                        </customfieldvalues>
                    </customfield>
                                                                <customfield id="customfield_12310920" key="com.pyxis.greenhopper.jira:gh-global-rank">
                        <customfieldname>Rank (Obsolete)</customfieldname>
                        <customfieldvalues>
                            <customfieldvalue>381013</customfieldvalue>
                        </customfieldvalues>
                    </customfield>
                                                                                                                                                                                                                                                                                                                                                                                                                                                                                                                                                                                                                                                                                                                                                                                            </customfields>
    </item>


</channel>
</rss>