<rss version="0.92">
    <channel>
        <title>ASF JIRA</title>
        <link>https://issues.apache.org/jira/issues/?jql=project+%3D+wicket+and+type+%3D+bug+and+%28status+%3D+RESOLVED+or+status+%3D+closed%29</link>
        <description>An XML representation of a search request</description>
                <language>en-uk</language>
                        <issue start="0" end="1000" total="4133" />
                <build-info>
            <version>8.20.7</version>
            <build-number>820007</build-number>
            <build-date>16-03-2022</build-date>
        </build-info>

<item>
            <title>[WICKET-5938] Url.parse does not support URL fragments</title>
                <link>https://issues.apache.org/jira/browse/WICKET-5938</link>
                <project id="12310561" key="WICKET">Wicket</project>
                    <description>&lt;p&gt;The org.apache.wicket.request.Url class does not seem to have support for URL fragments (the part of the URL following the # character and e.g. used for intra-page anchors in HTTP URLs). &lt;/p&gt;

&lt;p&gt;Url.parse will in all cases (as far as I can tell) encode the hash character with "%23", causing it to lose it's property as a fragment separator. If e.g. the URL &lt;a href="http://server/page.html?arg=value#anchor" class="external-link" target="_blank" rel="nofollow noopener"&gt;http://server/page.html?arg=value#anchor&lt;/a&gt; is run through the Url class, it comes out as &lt;a href="http://server/page.html?arg=value%23anchor" class="external-link" target="_blank" rel="nofollow noopener"&gt;http://server/page.html?arg=value%23anchor&lt;/a&gt;. This factually changes the "arg" query parameters value from "value" to "value#anchor" and the fragment is lost.&lt;/p&gt;

&lt;p&gt;The issue occurs e.g. when throwing a RedirectToUrlException with status SC_MOVED_TEMPORARILY, since the provided URL is then parsed and treated with the org.apache.wicket.request.Url class. For some non-obvious reason, redirecting the response with SC_MOVED_PERMANENTLY or SC_SEE_OTHER sets the Location parameter in the HTTP response directly, without further processing of the redirecting URL or its components.&lt;/p&gt;</description>
                <environment />
        <key id="12841634">WICKET-5938</key>
            <summary>Url.parse does not support URL fragments</summary>
                <type id="1" iconUrl="https://issues.apache.org/jira/secure/viewavatar?size=xsmall&amp;avatarId=21133&amp;avatarType=issuetype">Bug</type>
                                            <priority id="3" iconUrl="https://issues.apache.org/jira/images/icons/priorities/major.svg">Major</priority>
                        <status id="5" iconUrl="https://issues.apache.org/jira/images/icons/statuses/resolved.png" description="A resolution has been taken, and it is awaiting verification by reporter. From here issues are either reopened, or are closed.">Resolved</status>
                    <statusCategory id="3" key="done" colorName="green" />
                                    <resolution id="3">Duplicate</resolution>
                                        <assignee username="-1">Unassigned</assignee>
                                    <reporter username="jarnbjo">Tor-Einar Jarnbjo</reporter>
                        <labels>
                    </labels>
                <created>Tue, 30 Jun 2015 09:32:29 +0000</created>
                <updated>Tue, 18 Aug 2015 20:05:10 +0000</updated>
                            <resolved>Tue, 18 Aug 2015 20:05:10 +0000</resolved>
                                    <version>6.18.0</version>
                                                    <component>wicket</component>
                        <due />
                            <votes>0</votes>
                                    <watches>2</watches>
                                                                <comments>
                            <comment id="14693318" author="mgrigorov" created="Wed, 12 Aug 2015 11:04:37 +0000">&lt;p&gt;&lt;a href="https://issues.apache.org/jira/browse/WICKET-5717" title="Url.parse/toString should support fragment" class="issue-link" data-issue-key="WICKET-5717"&gt;&lt;del&gt;WICKET-5717&lt;/del&gt;&lt;/a&gt; has provided support for fragments.&lt;br/&gt;
According to its "Fix version" the support is available since 6.18.0. Your "Affects version" is also 6.18.0.&lt;/p&gt;

&lt;p&gt;Please provide a quickstart app and we will reopen the issue.&lt;br/&gt;
Thank you!&lt;/p&gt;</comment>
                            <comment id="14701900" author="mgrigorov" created="Tue, 18 Aug 2015 20:05:10 +0000">&lt;p&gt;Wicket has been improved with &lt;a href="https://issues.apache.org/jira/browse/WICKET-5970" title="UrlRenderer does not render fragments" class="issue-link" data-issue-key="WICKET-5970"&gt;&lt;del&gt;WICKET-5970&lt;/del&gt;&lt;/a&gt;&lt;/p&gt;</comment>
                    </comments>
                <issuelinks>
                            <issuelinktype id="10030">
                    <name>Reference</name>
                                                                <inwardlinks description="is related to">
                                        <issuelink>
            <issuekey id="12745612">WICKET-5717</issuekey>
        </issuelink>
            <issuelink>
            <issuekey id="12856936">WICKET-5970</issuekey>
        </issuelink>
                            </inwardlinks>
                                    </issuelinktype>
                    </issuelinks>
                <attachments>
                    </attachments>
                <subtasks>
                    </subtasks>
                <customfields>
                                                                                                                                                                                                                                                                                                                                                                                                                                                                                                                                                                                                                                                                                                                    <customfield id="customfield_12314020" key="com.atlassian.jira.plugins.jira-development-integration-plugin:devsummary">
                        <customfieldname>Development</customfieldname>
                        <customfieldvalues>
                            
                        </customfieldvalues>
                    </customfield>
                                                                                                                        <customfield id="customfield_12313422" key="com.atlassian.jirafisheyeplugin:jobcheckbox">
                        <customfieldname>Enable Automatic Patch Review</customfieldname>
                        <customfieldvalues>
                            <customfieldvalue>false</customfieldvalue>

                        </customfieldvalues>
                    </customfield>
                                                                                                                                                                                                                                                                                                                                                                                                                                                                                                                                                                                                                    <customfield id="customfield_12310420" key="com.pyxis.greenhopper.jira:gh-global-rank">
                        <customfieldname>Global Rank</customfieldname>
                        <customfieldvalues>
                            <customfieldvalue>9223372036854775807</customfieldvalue>
                        </customfieldvalues>
                    </customfield>
                                                                                                                                                                                                                                                                                                                                                                                                                                                                        <customfield id="customfield_12311820" key="com.pyxis.greenhopper.jira:gh-lexo-rank">
                        <customfieldname>Rank</customfieldname>
                        <customfieldvalues>
                            <customfieldvalue>0|i2god3:</customfieldvalue>

                        </customfieldvalues>
                    </customfield>
                                                                <customfield id="customfield_12310920" key="com.pyxis.greenhopper.jira:gh-global-rank">
                        <customfieldname>Rank (Obsolete)</customfieldname>
                        <customfieldvalues>
                            <customfieldvalue>9223372036854775807</customfieldvalue>
                        </customfieldvalues>
                    </customfield>
                                                                                                                                                                                                                                                                                                                                                                                                                                                                                                                                                                                                                                                                                                                                                                                            </customfields>
    </item>


</channel>
</rss>