<rss version="0.92">
    <channel>
        <title>ASF JIRA</title>
        <link>https://issues.apache.org/jira/issues/?jql=project+%3D+wicket+and+type+%3D+bug+and+%28status+%3D+RESOLVED+or+status+%3D+closed%29</link>
        <description>An XML representation of a search request</description>
                <language>en-uk</language>
                        <issue start="0" end="1000" total="4133" />
                <build-info>
            <version>8.20.7</version>
            <build-number>820007</build-number>
            <build-date>16-03-2022</build-date>
        </build-info>

<item>
            <title>[WICKET-5557] Don't cache the result of AuthenticatedWebApplication#getWebSessionClass()</title>
                <link>https://issues.apache.org/jira/browse/WICKET-5557</link>
                <project id="12310561" key="WICKET">Wicket</project>
                    <description>&lt;p&gt;Currently the AuthenticatedWebApplication constructor obtains and holds a reference to the AbstractAuthenticatedWebSession class. This makes it impossible for classes extending AuthenticatedWebApplication to use a class based upon something passed into their constructors. The only option is to provide a "static"/"constant" class from the getWebSessionClass() method.&lt;/p&gt;

&lt;p&gt;I don't see any advantage to holding this reference. Instead I propose that the class is changed to simply calling getWebSessionClass() each time the class is needed.&lt;/p&gt;</description>
                <environment />
        <key id="12707783">WICKET-5557</key>
            <summary>Don't cache the result of AuthenticatedWebApplication#getWebSessionClass()</summary>
                <type id="1" iconUrl="https://issues.apache.org/jira/secure/viewavatar?size=xsmall&amp;avatarId=21133&amp;avatarType=issuetype">Bug</type>
                                            <priority id="4" iconUrl="https://issues.apache.org/jira/images/icons/priorities/minor.svg">Minor</priority>
                        <status id="5" iconUrl="https://issues.apache.org/jira/images/icons/statuses/resolved.png" description="A resolution has been taken, and it is awaiting verification by reporter. From here issues are either reopened, or are closed.">Resolved</status>
                    <statusCategory id="3" key="done" colorName="green" />
                                    <resolution id="1">Fixed</resolution>
                                        <assignee username="mgrigorov">Martin Tzvetanov Grigorov</assignee>
                                    <reporter username="wspeirs">Bill Speirs</reporter>
                        <labels>
                    </labels>
                <created>Thu, 10 Apr 2014 20:13:30 +0000</created>
                <updated>Mon, 14 Apr 2014 08:34:00 +0000</updated>
                            <resolved>Mon, 14 Apr 2014 08:34:00 +0000</resolved>
                                    <version>6.14.0</version>
                                    <fixVersion>7.0.0-M1</fixVersion>
                    <fixVersion>6.15.0</fixVersion>
                                    <component>wicket-auth-roles</component>
                        <due />
                            <votes>0</votes>
                                    <watches>1</watches>
                                                                <comments>
                            <comment id="13965816" author="wspeirs" created="Thu, 10 Apr 2014 20:41:09 +0000">&lt;p&gt;Attached patch that removed the reference and simply calls getWebSessionClass() each time the class is needed.&lt;/p&gt;</comment>
                    </comments>
                    <attachments>
                            <attachment id="12639648" name="wicket-5557v1.patch" size="1682" author="wspeirs" created="Thu, 10 Apr 2014 20:41:09 +0000" />
                    </attachments>
                <subtasks>
                    </subtasks>
                <customfields>
                                                                                                                                                                                                                                                                                                                                                                                                                                                                                                                                                                                                                                                                                                                    <customfield id="customfield_12314020" key="com.atlassian.jira.plugins.jira-development-integration-plugin:devsummary">
                        <customfieldname>Development</customfieldname>
                        <customfieldvalues>
                            
                        </customfieldvalues>
                    </customfield>
                                                                                                                        <customfield id="customfield_12313422" key="com.atlassian.jirafisheyeplugin:jobcheckbox">
                        <customfieldname>Enable Automatic Patch Review</customfieldname>
                        <customfieldvalues>
                            <customfieldvalue>false</customfieldvalue>

                        </customfieldvalues>
                    </customfield>
                                                                                                                                                                                                                                                                                                                                                                                                                                                                                                                                                                                                                    <customfield id="customfield_12310420" key="com.pyxis.greenhopper.jira:gh-global-rank">
                        <customfieldname>Global Rank</customfieldname>
                        <customfieldvalues>
                            <customfieldvalue>386106</customfieldvalue>
                        </customfieldvalues>
                    </customfield>
                                                                                                                                                                                                                                                                                                                                                                                                                                                                        <customfield id="customfield_12311820" key="com.pyxis.greenhopper.jira:gh-lexo-rank">
                        <customfieldname>Rank</customfieldname>
                        <customfieldvalues>
                            <customfieldvalue>0|i1uijb:</customfieldvalue>

                        </customfieldvalues>
                    </customfield>
                                                                <customfield id="customfield_12310920" key="com.pyxis.greenhopper.jira:gh-global-rank">
                        <customfieldname>Rank (Obsolete)</customfieldname>
                        <customfieldvalues>
                            <customfieldvalue>386371</customfieldvalue>
                        </customfieldvalues>
                    </customfield>
                                                                                                                                                                                                                                                                                                                                                                                                                                                                                                                                                                                                                                                                                                                                                                                            </customfields>
    </item>


</channel>
</rss>