<rss version="0.92">
    <channel>
        <title>ASF JIRA</title>
        <link>https://issues.apache.org/jira/issues/?jql=project+%3D+wicket+and+type+%3D+bug+and+%28status+%3D+RESOLVED+or+status+%3D+closed%29</link>
        <description>An XML representation of a search request</description>
                <language>en-uk</language>
                        <issue start="0" end="1000" total="4133" />
                <build-info>
            <version>8.20.7</version>
            <build-number>820007</build-number>
            <build-date>16-03-2022</build-date>
        </build-info>

<item>
            <title>[WICKET-5399] eclipse .settings files</title>
                <link>https://issues.apache.org/jira/browse/WICKET-5399</link>
                <project id="12310561" key="WICKET">Wicket</project>
                    <description>&lt;p&gt;The Eclipse .settings files keep getting in the way.&lt;/p&gt;</description>
                <environment />
        <key id="12676319">WICKET-5399</key>
            <summary>eclipse .settings files</summary>
                <type id="1" iconUrl="https://issues.apache.org/jira/secure/viewavatar?size=xsmall&amp;avatarId=21133&amp;avatarType=issuetype">Bug</type>
                                            <priority id="4" iconUrl="https://issues.apache.org/jira/images/icons/priorities/minor.svg">Minor</priority>
                        <status id="5" iconUrl="https://issues.apache.org/jira/images/icons/statuses/resolved.png" description="A resolution has been taken, and it is awaiting verification by reporter. From here issues are either reopened, or are closed.">Resolved</status>
                    <statusCategory id="3" key="done" colorName="green" />
                                    <resolution id="1">Fixed</resolution>
                                        <assignee username="svenmeier">Sven Meier</assignee>
                                    <reporter username="funkattack">Martin Funk</reporter>
                        <labels>
                    </labels>
                <created>Tue, 29 Oct 2013 11:59:11 +0000</created>
                <updated>Wed, 6 Nov 2013 12:07:47 +0000</updated>
                            <resolved>Wed, 6 Nov 2013 12:07:47 +0000</resolved>
                                                                        <due />
                            <votes>0</votes>
                                    <watches>2</watches>
                                                                <comments>
                            <comment id="13807911" author="funkattack" created="Tue, 29 Oct 2013 12:03:34 +0000">&lt;p&gt;Sorry this diff is so big. My environment seems to render the site a little different. As in uses 'doublequotes' instead of 'singlequotes'&lt;/p&gt;

&lt;p&gt;The files edited:&lt;br/&gt;
contribute/build.md&lt;br/&gt;
start/download.md&lt;br/&gt;
regenerate.sh&lt;/p&gt;</comment>
                            <comment id="13807916" author="funkattack" created="Tue, 29 Oct 2013 12:20:41 +0000">&lt;p&gt;Just double linking:&lt;br/&gt;
&lt;a href="https://github.com/apache/wicket/pull/56" class="external-link" target="_blank" rel="nofollow noopener"&gt;https://github.com/apache/wicket/pull/56&lt;/a&gt;&lt;/p&gt;</comment>
                            <comment id="13814835" author="svenmeier" created="Wed, 6 Nov 2013 12:07:47 +0000">&lt;p&gt;Thanks Martin, I added the instructions to the "IDEs" page.&lt;/p&gt;</comment>
                    </comments>
                    <attachments>
                            <attachment id="12610798" name="fix-WICKET-5399.diff" size="781129" author="funkattack" created="Tue, 29 Oct 2013 12:03:34 +0000" />
                    </attachments>
                <subtasks>
                    </subtasks>
                <customfields>
                                                                                                                                                                                                                                                                                                                                                                                                                                                                                                                                                                                                                                                                                                                    <customfield id="customfield_12314020" key="com.atlassian.jira.plugins.jira-development-integration-plugin:devsummary">
                        <customfieldname>Development</customfieldname>
                        <customfieldvalues>
                            
                        </customfieldvalues>
                    </customfield>
                                                                                                                        <customfield id="customfield_12313422" key="com.atlassian.jirafisheyeplugin:jobcheckbox">
                        <customfieldname>Enable Automatic Patch Review</customfieldname>
                        <customfieldvalues>
                            <customfieldvalue>false</customfieldvalue>

                        </customfieldvalues>
                    </customfield>
                                                                                                                                                                                                                                                                                                                                                                                                                                                                                                                                                                                                                    <customfield id="customfield_12310420" key="com.pyxis.greenhopper.jira:gh-global-rank">
                        <customfieldname>Global Rank</customfieldname>
                        <customfieldvalues>
                            <customfieldvalue>355816</customfieldvalue>
                        </customfieldvalues>
                    </customfield>
                                                                                                                                                                                                                                                                                                                                                                                                                                                                        <customfield id="customfield_12311820" key="com.pyxis.greenhopper.jira:gh-lexo-rank">
                        <customfieldname>Rank</customfieldname>
                        <customfieldvalues>
                            <customfieldvalue>0|i1pcan:</customfieldvalue>

                        </customfieldvalues>
                    </customfield>
                                                                <customfield id="customfield_12310920" key="com.pyxis.greenhopper.jira:gh-global-rank">
                        <customfieldname>Rank (Obsolete)</customfieldname>
                        <customfieldvalues>
                            <customfieldvalue>356104</customfieldvalue>
                        </customfieldvalues>
                    </customfield>
                                                                                                                                                                                                                                                                                                                                                                                                                                                                                                                                                                                                                                                                                                                                                                                            </customfields>
    </item>


</channel>
</rss>