<rss version="0.92">
    <channel>
        <title>ASF JIRA</title>
        <link>https://issues.apache.org/jira/issues/?jql=project+%3D+wicket+and+type+%3D+bug+and+%28status+%3D+RESOLVED+or+status+%3D+closed%29</link>
        <description>An XML representation of a search request</description>
                <language>en-uk</language>
                        <issue start="0" end="1000" total="4133" />
                <build-info>
            <version>8.20.7</version>
            <build-number>820007</build-number>
            <build-date>16-03-2022</build-date>
        </build-info>

<item>
            <title>[WICKET-5258] BaseWicketTester startComponentInPage(final C component, IMarkupFragment pageMarkup) does not set componentInPage.isInstantiated = true;</title>
                <link>https://issues.apache.org/jira/browse/WICKET-5258</link>
                <project id="12310561" key="WICKET">Wicket</project>
                    <description>&lt;p&gt;While migrating from Wicket 1.4 to 1.5 our unit tests fail for basic test checking if the component can be rendered. After some debugging, I noticed that the two versions of BaseWicketTester.startComponentInPage behave a bit differently:&lt;br/&gt;
BaseWicketTester.java&lt;/p&gt;

&lt;p&gt;	public final &amp;lt;C extends Component&amp;gt; C startComponentInPage(final Class&amp;lt;C&amp;gt; componentClass,&lt;br/&gt;
		final IMarkupFragment pageMarkup)&lt;br/&gt;
row: 1403 		&lt;br/&gt;
			componentInPage = new ComponentInPage();&lt;br/&gt;
			componentInPage.component = comp;&lt;br/&gt;
			componentInPage.isInstantiated = true;&lt;/p&gt;

&lt;p&gt;but&lt;br/&gt;
	public final &amp;lt;C extends Component&amp;gt; C startComponentInPage(final C component,&lt;br/&gt;
		IMarkupFragment pageMarkup)&lt;br/&gt;
row: 1514&lt;br/&gt;
			componentInPage = new ComponentInPage();&lt;br/&gt;
			componentInPage.component = component;&lt;/p&gt;

&lt;p&gt;does not set isInstantiated to true, which causes my unit tests to fail. If I add &lt;/p&gt;

&lt;p&gt;			componentInPage.isInstantiated = true;&lt;/p&gt;

&lt;p&gt;to the second version, I get my old unit tests to pass, so I would suggest that isInstantiated = true would be set for the both versions?&lt;/p&gt;</description>
                <environment>Ubuntu 12.04, Sun JDK 1.6.0_38 64bit</environment>
        <key id="12655314">WICKET-5258</key>
            <summary>BaseWicketTester startComponentInPage(final C component, IMarkupFragment pageMarkup) does not set componentInPage.isInstantiated = true;</summary>
                <type id="1" iconUrl="https://issues.apache.org/jira/secure/viewavatar?size=xsmall&amp;avatarId=21133&amp;avatarType=issuetype">Bug</type>
                                            <priority id="4" iconUrl="https://issues.apache.org/jira/images/icons/priorities/minor.svg">Minor</priority>
                        <status id="5" iconUrl="https://issues.apache.org/jira/images/icons/statuses/resolved.png" description="A resolution has been taken, and it is awaiting verification by reporter. From here issues are either reopened, or are closed.">Resolved</status>
                    <statusCategory id="3" key="done" colorName="green" />
                                    <resolution id="8">Not A Problem</resolution>
                                        <assignee username="-1">Unassigned</assignee>
                                    <reporter username="pharazon">Antti H&#228;tinen</reporter>
                        <labels>
                            <label>BaseWicketTester</label>
                    </labels>
                <created>Fri, 28 Jun 2013 12:14:11 +0000</created>
                <updated>Mon, 1 Jul 2013 12:13:00 +0000</updated>
                            <resolved>Mon, 1 Jul 2013 12:13:00 +0000</resolved>
                                    <version>1.5.10</version>
                    <version>1.5.11</version>
                                                    <component>wicket</component>
                        <due />
                            <votes>0</votes>
                                    <watches>3</watches>
                                                                <comments>
                            <comment id="13696146" author="cedricgatay" created="Sat, 29 Jun 2013 16:47:19 +0000">&lt;p&gt;Hi,&lt;br/&gt;
which version of 1.5.x are you using ? In latest (branch build/1.5.10) I have the mentioned line (as well as on wicket-6x and master).&lt;br/&gt;
Please consider upgrading if you're using an outdated version of 1.5.x branch.&lt;/p&gt;

&lt;p&gt;Regards,&lt;/p&gt;</comment>
                            <comment id="13696769" author="mgrigorov" created="Mon, 1 Jul 2013 12:12:49 +0000">&lt;p&gt;Here is the javadoc :&lt;/p&gt;

&lt;p&gt;/**&lt;/p&gt;
&lt;ul&gt;
	&lt;li&gt;A flag indicating whether the 
{@link #component}
&lt;p&gt; has been instantiated by Wicket.&lt;/p&gt;&lt;/li&gt;
	&lt;li&gt;&lt;/li&gt;
	&lt;li&gt;@see 
{@link BaseWicketTester#startComponentInPage(Class, IMarkupFragment)}
&lt;p&gt;.&lt;br/&gt;
	 */&lt;br/&gt;
	boolean isInstantiated = false;&lt;/p&gt;&lt;/li&gt;
&lt;/ul&gt;


&lt;p&gt;#startComponentInPage(Component&lt;span class="error"&gt;&amp;#91;, IMarkupFragment&amp;#93;&lt;/span&gt;) works with already instantiated component and thus doesn't set it to true.&lt;/p&gt;

&lt;p&gt;This flag is used later in org.apache.wicket.util.tester.BaseWicketTester#getComponentFromLastRenderedPage(String path, boolean) to fix the path parameter.&lt;/p&gt;

&lt;p&gt;All looks OK to me.&lt;/p&gt;

&lt;p&gt;How does your tests fail exactly ?&lt;/p&gt;</comment>
                    </comments>
                    <attachments>
                    </attachments>
                <subtasks>
                    </subtasks>
                <customfields>
                                                                                                                                                                                                                                                                                                                                                                                                                                                                                                                                                                                                                                                                                                                    <customfield id="customfield_12314020" key="com.atlassian.jira.plugins.jira-development-integration-plugin:devsummary">
                        <customfieldname>Development</customfieldname>
                        <customfieldvalues>
                            
                        </customfieldvalues>
                    </customfield>
                                                                                                                        <customfield id="customfield_12313422" key="com.atlassian.jirafisheyeplugin:jobcheckbox">
                        <customfieldname>Enable Automatic Patch Review</customfieldname>
                        <customfieldvalues>
                            <customfieldvalue>false</customfieldvalue>

                        </customfieldvalues>
                    </customfield>
                                                                                                                                                                                                                                                                                                                                                                                                                                                                                                                                                                                                                    <customfield id="customfield_12310420" key="com.pyxis.greenhopper.jira:gh-global-rank">
                        <customfieldname>Global Rank</customfieldname>
                        <customfieldvalues>
                            <customfieldvalue>335591</customfieldvalue>
                        </customfieldvalues>
                    </customfield>
                                                                                                                                                                                                                                                                                                                                                                                                                                                                        <customfield id="customfield_12311820" key="com.pyxis.greenhopper.jira:gh-lexo-rank">
                        <customfieldname>Rank</customfieldname>
                        <customfieldvalues>
                            <customfieldvalue>0|i1lvyf:</customfieldvalue>

                        </customfieldvalues>
                    </customfield>
                                                                <customfield id="customfield_12310920" key="com.pyxis.greenhopper.jira:gh-global-rank">
                        <customfieldname>Rank (Obsolete)</customfieldname>
                        <customfieldvalues>
                            <customfieldvalue>335915</customfieldvalue>
                        </customfieldvalues>
                    </customfield>
                                                                                                                                                                                                                                                                                                                                                                                                                                                                                                                                                                                                                                                                                                                                                                                            </customfields>
    </item>


</channel>
</rss>