<rss version="0.92">
    <channel>
        <title>ASF JIRA</title>
        <link>https://issues.apache.org/jira/issues/?jql=project+%3D+wicket+and+type+%3D+bug+and+%28status+%3D+RESOLVED+or+status+%3D+closed%29</link>
        <description>An XML representation of a search request</description>
                <language>en-uk</language>
                        <issue start="0" end="1000" total="4133" />
                <build-info>
            <version>8.20.7</version>
            <build-number>820007</build-number>
            <build-date>16-03-2022</build-date>
        </build-info>

<item>
            <title>[WICKET-5720] Method Strings.join doesn't work correctly if separator is empty.</title>
                <link>https://issues.apache.org/jira/browse/WICKET-5720</link>
                <project id="12310561" key="WICKET">Wicket</project>
                    <description>&lt;p&gt;If we use an empty separator ("") to join strings, the first character of any fragment is truncated.&lt;br/&gt;
Es "foo", "bar", "baz" became "ooaraz".&lt;/p&gt;</description>
                <environment />
        <key id="12745987">WICKET-5720</key>
            <summary>Method Strings.join doesn't work correctly if separator is empty.</summary>
                <type id="1" iconUrl="https://issues.apache.org/jira/secure/viewavatar?size=xsmall&amp;avatarId=21133&amp;avatarType=issuetype">Bug</type>
                                            <priority id="4" iconUrl="https://issues.apache.org/jira/images/icons/priorities/minor.svg">Minor</priority>
                        <status id="5" iconUrl="https://issues.apache.org/jira/images/icons/statuses/resolved.png" description="A resolution has been taken, and it is awaiting verification by reporter. From here issues are either reopened, or are closed.">Resolved</status>
                    <statusCategory id="3" key="done" colorName="green" />
                                    <resolution id="1">Fixed</resolution>
                                        <assignee username="bitstorm">Andrea Del Bene</assignee>
                                    <reporter username="bitstorm">Andrea Del Bene</reporter>
                        <labels>
                    </labels>
                <created>Sun, 5 Oct 2014 13:47:04 +0000</created>
                <updated>Sun, 5 Oct 2014 13:52:43 +0000</updated>
                            <resolved>Sun, 5 Oct 2014 13:52:43 +0000</resolved>
                                    <version>7.0.0-M3</version>
                    <version>6.17.0</version>
                                    <fixVersion>6.18.0</fixVersion>
                    <fixVersion>7.0.0-M4</fixVersion>
                                        <due />
                            <votes>0</votes>
                                    <watches>2</watches>
                                                                <comments>
                            <comment id="14159526" author="jira-bot" created="Sun, 5 Oct 2014 13:49:09 +0000">&lt;p&gt;Commit 2fc6a3957da8b59443afb6e97e849510983a411b in wicket's branch refs/heads/master from adelbene&lt;br/&gt;
[ &lt;a href="https://git-wip-us.apache.org/repos/asf?p=wicket.git;h=2fc6a39" class="external-link" target="_blank" rel="nofollow noopener"&gt;https://git-wip-us.apache.org/repos/asf?p=wicket.git;h=2fc6a39&lt;/a&gt; ]&lt;/p&gt;

&lt;p&gt;&lt;a href="https://issues.apache.org/jira/browse/WICKET-5720" title="Method Strings.join doesn&amp;#39;t work correctly if separator is empty." class="issue-link" data-issue-key="WICKET-5720"&gt;&lt;del&gt;WICKET-5720&lt;/del&gt;&lt;/a&gt; Method Strings.join doesn't work correctly if separator is&lt;br/&gt;
empty.&lt;/p&gt;</comment>
                            <comment id="14159527" author="jira-bot" created="Sun, 5 Oct 2014 13:52:00 +0000">&lt;p&gt;Commit 9bd9d3679d90ed0192f4127373d34f7c43faa660 in wicket's branch refs/heads/wicket-6.x from adelbene&lt;br/&gt;
[ &lt;a href="https://git-wip-us.apache.org/repos/asf?p=wicket.git;h=9bd9d36" class="external-link" target="_blank" rel="nofollow noopener"&gt;https://git-wip-us.apache.org/repos/asf?p=wicket.git;h=9bd9d36&lt;/a&gt; ]&lt;/p&gt;

&lt;p&gt;&lt;a href="https://issues.apache.org/jira/browse/WICKET-5720" title="Method Strings.join doesn&amp;#39;t work correctly if separator is empty." class="issue-link" data-issue-key="WICKET-5720"&gt;&lt;del&gt;WICKET-5720&lt;/del&gt;&lt;/a&gt; Method Strings.join doesn't work correctly if separator is&lt;br/&gt;
empty.&lt;/p&gt;</comment>
                    </comments>
                    <attachments>
                    </attachments>
                <subtasks>
                    </subtasks>
                <customfields>
                                                                                                                                                                                                                                                                                                                                                                                                                                                                                                                                                                                                                                                                                                                    <customfield id="customfield_12314020" key="com.atlassian.jira.plugins.jira-development-integration-plugin:devsummary">
                        <customfieldname>Development</customfieldname>
                        <customfieldvalues>
                            
                        </customfieldvalues>
                    </customfield>
                                                                                                                        <customfield id="customfield_12313422" key="com.atlassian.jirafisheyeplugin:jobcheckbox">
                        <customfieldname>Enable Automatic Patch Review</customfieldname>
                        <customfieldvalues>
                            <customfieldvalue>false</customfieldvalue>

                        </customfieldvalues>
                    </customfield>
                                                                                                                                                                                                                                                                                                                                                                                                                                                                                                                                                                                                                    <customfield id="customfield_12310420" key="com.pyxis.greenhopper.jira:gh-global-rank">
                        <customfieldname>Global Rank</customfieldname>
                        <customfieldvalues>
                            <customfieldvalue>9223372036854775807</customfieldvalue>
                        </customfieldvalues>
                    </customfield>
                                                                                                                                                                                                                                                                                                                                                                                                                                                                        <customfield id="customfield_12311820" key="com.pyxis.greenhopper.jira:gh-lexo-rank">
                        <customfieldname>Rank</customfieldname>
                        <customfieldvalues>
                            <customfieldvalue>0|i20t9r:</customfieldvalue>

                        </customfieldvalues>
                    </customfield>
                                                                <customfield id="customfield_12310920" key="com.pyxis.greenhopper.jira:gh-global-rank">
                        <customfieldname>Rank (Obsolete)</customfieldname>
                        <customfieldvalues>
                            <customfieldvalue>9223372036854775807</customfieldvalue>
                        </customfieldvalues>
                    </customfield>
                                                                                                                                                                                                                                                                                                                                                                                                                                                                                                                                                                                                                                                                                                                                                                                            </customfields>
    </item>


</channel>
</rss>