<rss version="0.92">
    <channel>
        <title>ASF JIRA</title>
        <link>https://issues.apache.org/jira/issues/?jql=project+%3D+wicket+and+type+%3D+bug+and+%28status+%3D+RESOLVED+or+status+%3D+closed%29</link>
        <description>An XML representation of a search request</description>
                <language>en-uk</language>
                        <issue start="0" end="1000" total="4133" />
                <build-info>
            <version>8.20.7</version>
            <build-number>820007</build-number>
            <build-date>16-03-2022</build-date>
        </build-info>

<item>
            <title>[WICKET-5814] CryptoMapper clears feedback messages</title>
                <link>https://issues.apache.org/jira/browse/WICKET-5814</link>
                <project id="12310561" key="WICKET">Wicket</project>
                    <description>&lt;p&gt;Wicket 6.18 breaks the behaviour when using a CryptoMapper:&lt;br/&gt;
the feedback messages are cleared for pages that don't use the&lt;br/&gt;
CryptoMapper.&lt;/p&gt;

&lt;p&gt;This was added to WicketApplication.init():&lt;/p&gt;

&lt;p&gt;  mountPage("page1", Page1.class);&lt;br/&gt;
  setRootRequestMapper(new CryptoMapper(getRootRequestMapper(), this));&lt;br/&gt;
  mountPage("page2",Page2.class);&lt;/p&gt;

&lt;p&gt;Page1 and Page2 contain both a form and a FeedbackPanel.&lt;br/&gt;
With Wicket 6.17 there are no problems. When using Wicket 6.18, no&lt;br/&gt;
feedback messages are displayed on Page2.&lt;/p&gt;</description>
                <environment />
        <key id="12768629">WICKET-5814</key>
            <summary>CryptoMapper clears feedback messages</summary>
                <type id="1" iconUrl="https://issues.apache.org/jira/secure/viewavatar?size=xsmall&amp;avatarId=21133&amp;avatarType=issuetype">Bug</type>
                                            <priority id="3" iconUrl="https://issues.apache.org/jira/images/icons/priorities/major.svg">Major</priority>
                        <status id="5" iconUrl="https://issues.apache.org/jira/images/icons/statuses/resolved.png" description="A resolution has been taken, and it is awaiting verification by reporter. From here issues are either reopened, or are closed.">Resolved</status>
                    <statusCategory id="3" key="done" colorName="green" />
                                    <resolution id="1">Fixed</resolution>
                                        <assignee username="mgrigorov">Martin Tzvetanov Grigorov</assignee>
                                    <reporter username="guyw">Guy Wuyts</reporter>
                        <labels>
                    </labels>
                <created>Tue, 20 Jan 2015 09:19:57 +0000</created>
                <updated>Mon, 30 Mar 2015 19:17:14 +0000</updated>
                            <resolved>Mon, 30 Mar 2015 19:17:14 +0000</resolved>
                                    <version>6.18.0</version>
                                    <fixVersion>6.20.0</fixVersion>
                    <fixVersion>7.0.0-M6</fixVersion>
                                    <component>wicket</component>
                        <due />
                            <votes>0</votes>
                                    <watches>4</watches>
                                                                <comments>
                            <comment id="14283730" author="jesselong" created="Tue, 20 Jan 2015 11:36:47 +0000">&lt;p&gt;I'm not sure exactly what the problem is, I haven't dug down to investigate, but 6.19.0-SNAPSHOT works.&lt;/p&gt;

&lt;p&gt;Some work has gone into CryptoMapper since 6.18.0, and that may have solved the problem.&lt;/p&gt;</comment>
                            <comment id="14384720" author="mgrigorov" created="Fri, 27 Mar 2015 21:34:00 +0000">&lt;p&gt;I can reproduce the problem both with 6.19.0 and current 6.20.0-SNAPSHOT.&lt;/p&gt;</comment>
                            <comment id="14384751" author="mgrigorov" created="Fri, 27 Mar 2015 21:52:33 +0000">&lt;p&gt;The problem is that the page is rendered and stored for rendering after redirect (REDIRECT_TO_BUFFER strategy).&lt;br/&gt;
But after the redirect BufferedResponseMapper is not used but the page is re-rendered again, the feedback message is already marked as rendered in the first request and thus doesn't appear in the second page render.&lt;/p&gt;</comment>
                            <comment id="14384778" author="jira-bot" created="Fri, 27 Mar 2015 22:09:15 +0000">&lt;p&gt;Commit d5c51b89766872c6dc1c6e71f8cf37b922954020 in wicket's branch refs/heads/&lt;a href="https://issues.apache.org/jira/browse/WICKET-5814" title="CryptoMapper clears feedback messages" class="issue-link" data-issue-key="WICKET-5814"&gt;&lt;del&gt;WICKET-5814&lt;/del&gt;&lt;/a&gt;-use-systemmapper-for-inner-compounds from &lt;a href="https://issues.apache.org/jira/secure/ViewProfile.jspa?name=mgrigorov" class="user-hover" rel="mgrigorov"&gt;mgrigorov&lt;/a&gt;&lt;br/&gt;
[ &lt;a href="https://git-wip-us.apache.org/repos/asf?p=wicket.git;h=d5c51b8" class="external-link" target="_blank" rel="nofollow noopener"&gt;https://git-wip-us.apache.org/repos/asf?p=wicket.git;h=d5c51b8&lt;/a&gt; ]&lt;/p&gt;

&lt;p&gt;&lt;a href="https://issues.apache.org/jira/browse/WICKET-5814" title="CryptoMapper clears feedback messages" class="issue-link" data-issue-key="WICKET-5814"&gt;&lt;del&gt;WICKET-5814&lt;/del&gt;&lt;/a&gt; CryptoMapper clears feedback messages&lt;/p&gt;</comment>
                            <comment id="14384781" author="mgrigorov" created="Fri, 27 Mar 2015 22:10:20 +0000">&lt;p&gt;I've pushed a possible fix to branch '&lt;a href="https://issues.apache.org/jira/browse/WICKET-5814" title="CryptoMapper clears feedback messages" class="issue-link" data-issue-key="WICKET-5814"&gt;&lt;del&gt;WICKET-5814&lt;/del&gt;&lt;/a&gt;-use-systemmapper-for-inner-compounds'.&lt;br/&gt;
Please review.&lt;/p&gt;</comment>
                            <comment id="14387251" author="jira-bot" created="Mon, 30 Mar 2015 19:16:41 +0000">&lt;p&gt;Commit d5c51b89766872c6dc1c6e71f8cf37b922954020 in wicket's branch refs/heads/wicket-6.x from &lt;a href="https://issues.apache.org/jira/secure/ViewProfile.jspa?name=mgrigorov" class="user-hover" rel="mgrigorov"&gt;mgrigorov&lt;/a&gt;&lt;br/&gt;
[ &lt;a href="https://git-wip-us.apache.org/repos/asf?p=wicket.git;h=d5c51b8" class="external-link" target="_blank" rel="nofollow noopener"&gt;https://git-wip-us.apache.org/repos/asf?p=wicket.git;h=d5c51b8&lt;/a&gt; ]&lt;/p&gt;

&lt;p&gt;&lt;a href="https://issues.apache.org/jira/browse/WICKET-5814" title="CryptoMapper clears feedback messages" class="issue-link" data-issue-key="WICKET-5814"&gt;&lt;del&gt;WICKET-5814&lt;/del&gt;&lt;/a&gt; CryptoMapper clears feedback messages&lt;/p&gt;</comment>
                            <comment id="14387253" author="jira-bot" created="Mon, 30 Mar 2015 19:16:43 +0000">&lt;p&gt;Commit 0288e4ad712ac5ddbf2aa1c78544701f28526516 in wicket's branch refs/heads/wicket-6.x from &lt;a href="https://issues.apache.org/jira/secure/ViewProfile.jspa?name=mgrigorov" class="user-hover" rel="mgrigorov"&gt;mgrigorov&lt;/a&gt;&lt;br/&gt;
[ &lt;a href="https://git-wip-us.apache.org/repos/asf?p=wicket.git;h=0288e4a" class="external-link" target="_blank" rel="nofollow noopener"&gt;https://git-wip-us.apache.org/repos/asf?p=wicket.git;h=0288e4a&lt;/a&gt; ]&lt;/p&gt;

&lt;p&gt;Merge branch '&lt;a href="https://issues.apache.org/jira/browse/WICKET-5814" title="CryptoMapper clears feedback messages" class="issue-link" data-issue-key="WICKET-5814"&gt;&lt;del&gt;WICKET-5814&lt;/del&gt;&lt;/a&gt;-use-systemmapper-for-inner-compounds' into wicket-6.x&lt;/p&gt;</comment>
                            <comment id="14387256" author="jira-bot" created="Mon, 30 Mar 2015 19:17:04 +0000">&lt;p&gt;Commit 8298b2f19120e7b94a127a4926a5beb2fcebb7f1 in wicket's branch refs/heads/master from &lt;a href="https://issues.apache.org/jira/secure/ViewProfile.jspa?name=mgrigorov" class="user-hover" rel="mgrigorov"&gt;mgrigorov&lt;/a&gt;&lt;br/&gt;
[ &lt;a href="https://git-wip-us.apache.org/repos/asf?p=wicket.git;h=8298b2f" class="external-link" target="_blank" rel="nofollow noopener"&gt;https://git-wip-us.apache.org/repos/asf?p=wicket.git;h=8298b2f&lt;/a&gt; ]&lt;/p&gt;

&lt;p&gt;&lt;a href="https://issues.apache.org/jira/browse/WICKET-5814" title="CryptoMapper clears feedback messages" class="issue-link" data-issue-key="WICKET-5814"&gt;&lt;del&gt;WICKET-5814&lt;/del&gt;&lt;/a&gt; CryptoMapper clears feedback messages&lt;/p&gt;

&lt;p&gt;(cherry picked from commit d5c51b89766872c6dc1c6e71f8cf37b922954020)&lt;/p&gt;</comment>
                    </comments>
                    <attachments>
                            <attachment id="12693269" name="cryptomapper_quickstart.tar.gz" size="20350" author="guyw" created="Tue, 20 Jan 2015 09:21:15 +0000" />
                    </attachments>
                <subtasks>
                    </subtasks>
                <customfields>
                                                                                                                                                                                                                                                                                                                                                                                                                                                                                                                                                                                                                                                                                                                    <customfield id="customfield_12314020" key="com.atlassian.jira.plugins.jira-development-integration-plugin:devsummary">
                        <customfieldname>Development</customfieldname>
                        <customfieldvalues>
                            
                        </customfieldvalues>
                    </customfield>
                                                                                                                        <customfield id="customfield_12313422" key="com.atlassian.jirafisheyeplugin:jobcheckbox">
                        <customfieldname>Enable Automatic Patch Review</customfieldname>
                        <customfieldvalues>
                            <customfieldvalue>false</customfieldvalue>

                        </customfieldvalues>
                    </customfield>
                                                                                                                                                                                                                                                                                                                                                                                                                                                                                                                                                                                                                    <customfield id="customfield_12310420" key="com.pyxis.greenhopper.jira:gh-global-rank">
                        <customfieldname>Global Rank</customfieldname>
                        <customfieldvalues>
                            <customfieldvalue>9223372036854775807</customfieldvalue>
                        </customfieldvalues>
                    </customfield>
                                                                                                                                                                                                                                                                                                                                                                                                                                                                        <customfield id="customfield_12311820" key="com.pyxis.greenhopper.jira:gh-lexo-rank">
                        <customfieldname>Rank</customfieldname>
                        <customfieldvalues>
                            <customfieldvalue>0|i24jz3:</customfieldvalue>

                        </customfieldvalues>
                    </customfield>
                                                                <customfield id="customfield_12310920" key="com.pyxis.greenhopper.jira:gh-global-rank">
                        <customfieldname>Rank (Obsolete)</customfieldname>
                        <customfieldvalues>
                            <customfieldvalue>9223372036854775807</customfieldvalue>
                        </customfieldvalues>
                    </customfield>
                                                                                                                                                                                                                                                                                                                                                                                                                                                                                                                                                                                                                                                                                                                                                                                            </customfields>
    </item>


</channel>
</rss>