<rss version="0.92">
    <channel>
        <title>ASF JIRA</title>
        <link>https://issues.apache.org/jira/issues/?jql=project+%3D+wicket+and+type+%3D+bug+and+%28status+%3D+RESOLVED+or+status+%3D+closed%29</link>
        <description>An XML representation of a search request</description>
                <language>en-uk</language>
                        <issue start="0" end="1000" total="4133" />
                <build-info>
            <version>8.20.7</version>
            <build-number>820007</build-number>
            <build-date>16-03-2022</build-date>
        </build-info>

<item>
            <title>[WICKET-5449] Missing chapter 2 is causing off-by-one page names in the guides URL links</title>
                <link>https://issues.apache.org/jira/browse/WICKET-5449</link>
                <project id="12310561" key="WICKET">Wicket</project>
                    <description>&lt;p&gt;Links in the outline of the guide do not match the actual chapter/section number but they are functional.&lt;/p&gt;

&lt;p&gt;For example take:&lt;br/&gt;
&lt;a href="http://wicket.apache.org/guide/guide/chapter11.html#chapter11_10" class="external-link" target="_blank" rel="nofollow noopener"&gt;http://wicket.apache.org/guide/guide/chapter11.html#chapter11_10&lt;/a&gt;&lt;/p&gt;

&lt;p&gt;I would expect that to take me to chapter 11 section 10, instead it takes me to chapter 12 section 10. &lt;/p&gt;

&lt;p&gt;Looks like this broke with Chapter 2:&lt;br/&gt;
&lt;a href="http://wicket.apache.org/guide/guide/chapter2.html" class="external-link" target="_blank" rel="nofollow noopener"&gt;http://wicket.apache.org/guide/guide/chapter2.html&lt;/a&gt;&lt;/p&gt;

&lt;p&gt;Which is really chapter 3...&lt;/p&gt;</description>
                <environment />
        <key id="12685246">WICKET-5449</key>
            <summary>Missing chapter 2 is causing off-by-one page names in the guides URL links</summary>
                <type id="1" iconUrl="https://issues.apache.org/jira/secure/viewavatar?size=xsmall&amp;avatarId=21133&amp;avatarType=issuetype">Bug</type>
                                            <priority id="4" iconUrl="https://issues.apache.org/jira/images/icons/priorities/minor.svg">Minor</priority>
                        <status id="5" iconUrl="https://issues.apache.org/jira/images/icons/statuses/resolved.png" description="A resolution has been taken, and it is awaiting verification by reporter. From here issues are either reopened, or are closed.">Resolved</status>
                    <statusCategory id="3" key="done" colorName="green" />
                                    <resolution id="1">Fixed</resolution>
                                        <assignee username="mgrigorov">Martin Tzvetanov Grigorov</assignee>
                                    <reporter username="paulbors">Paul Bors</reporter>
                        <labels>
                    </labels>
                <created>Tue, 17 Dec 2013 20:49:00 +0000</created>
                <updated>Tue, 28 Jan 2014 14:03:23 +0000</updated>
                            <resolved>Tue, 28 Jan 2014 14:03:23 +0000</resolved>
                                    <version>6.12.0</version>
                                    <fixVersion>6.14.0</fixVersion>
                                    <component>guide</component>
                        <due />
                            <votes>0</votes>
                                    <watches>2</watches>
                                                                <comments>
                            <comment id="13850883" author="paulbors" created="Tue, 17 Dec 2013 20:51:04 +0000">&lt;p&gt;It might be a naming convention here, Chapter 2 is not missing its URL is:&lt;br/&gt;
&lt;a href="http://wicket.apache.org/guide/guide/howToSource.html" class="external-link" target="_blank" rel="nofollow noopener"&gt;http://wicket.apache.org/guide/guide/howToSource.html&lt;/a&gt;&lt;/p&gt;

&lt;p&gt;Perhaps it should have been:&lt;br/&gt;
&lt;a href="http://wicket.apache.org/guide/guide/chapter2.html" class="external-link" target="_blank" rel="nofollow noopener"&gt;http://wicket.apache.org/guide/guide/chapter2.html&lt;/a&gt; and have howToSource.html be a redirect to chapter2.html?&lt;/p&gt;</comment>
                            <comment id="13850895" author="paulbors" created="Tue, 17 Dec 2013 20:58:29 +0000">&lt;p&gt;Is the guide's source code in GitHub?&lt;/p&gt;</comment>
                            <comment id="13850916" author="mgrigorov" created="Tue, 17 Dec 2013 21:13:20 +0000">&lt;p&gt;See &lt;a href="http://wicket.apache.org/guide/guide/chapter26.html" class="external-link" target="_blank" rel="nofollow noopener"&gt;http://wicket.apache.org/guide/guide/chapter26.html&lt;/a&gt;&lt;/p&gt;</comment>
                            <comment id="13851028" author="paulbors" created="Tue, 17 Dec 2013 22:43:59 +0000">&lt;p&gt;You mean Chapter 27 &lt;img class="emoticon" src="https://issues.apache.org/jira/images/icons/emoticons/smile.png" height="16" width="16" align="absmiddle" alt="" border="0"/&gt;&lt;/p&gt;

&lt;p&gt;Thanks, I'll take a look at it and try to fix it when I get some spare time.&lt;/p&gt;</comment>
                            <comment id="13884160" author="mgrigorov" created="Tue, 28 Jan 2014 14:03:23 +0000">&lt;p&gt;I've renamed all 'chapterXY' files to 'somethingMeaningful'.&lt;br/&gt;
This way the chapter number won't be shown in the url and be different than the generated one.&lt;/p&gt;

&lt;p&gt;Also this way it will be simpler to insert new chapters/pages somewhere in the middle of the existing docs.&lt;/p&gt;

&lt;p&gt;The only thing that we should be careful about is that we use 'chapter x.y' as text for the links inside the content and those can easily get out of date when inserting new chapter/page. We should rename these to 'something meaningful' as well at some point.&lt;/p&gt;</comment>
                    </comments>
                    <attachments>
                    </attachments>
                <subtasks>
                    </subtasks>
                <customfields>
                                                                                                                                                                                                                                                                                                                                                                                                                                                                                                                                                                                                                                                                                                                    <customfield id="customfield_12314020" key="com.atlassian.jira.plugins.jira-development-integration-plugin:devsummary">
                        <customfieldname>Development</customfieldname>
                        <customfieldvalues>
                            
                        </customfieldvalues>
                    </customfield>
                                                                                                                        <customfield id="customfield_12313422" key="com.atlassian.jirafisheyeplugin:jobcheckbox">
                        <customfieldname>Enable Automatic Patch Review</customfieldname>
                        <customfieldvalues>
                            <customfieldvalue>false</customfieldvalue>

                        </customfieldvalues>
                    </customfield>
                                                                                                                                                                                                                                                                                                                                                                                                                                                                                                                                                                                                                    <customfield id="customfield_12310420" key="com.pyxis.greenhopper.jira:gh-global-rank">
                        <customfieldname>Global Rank</customfieldname>
                        <customfieldvalues>
                            <customfieldvalue>364323</customfieldvalue>
                        </customfieldvalues>
                    </customfield>
                                                                                                                                                                                                                                                                                                                                                                                                                                                                        <customfield id="customfield_12311820" key="com.pyxis.greenhopper.jira:gh-lexo-rank">
                        <customfieldname>Rank</customfieldname>
                        <customfieldvalues>
                            <customfieldvalue>0|i1qspr:</customfieldvalue>

                        </customfieldvalues>
                    </customfield>
                                                                <customfield id="customfield_12310920" key="com.pyxis.greenhopper.jira:gh-global-rank">
                        <customfieldname>Rank (Obsolete)</customfieldname>
                        <customfieldvalues>
                            <customfieldvalue>364623</customfieldvalue>
                        </customfieldvalues>
                    </customfield>
                                                                                                                                                                                                                                                                                                                                                                                                                                                                                                                                                                                                                                                                                                                                                                                            </customfields>
    </item>


</channel>
</rss>