<rss version="0.92">
    <channel>
        <title>ASF JIRA</title>
        <link>https://issues.apache.org/jira/issues/?jql=project+%3D+wicket+and+type+%3D+bug+and+%28status+%3D+RESOLVED+or+status+%3D+closed%29</link>
        <description>An XML representation of a search request</description>
                <language>en-uk</language>
                        <issue start="0" end="1000" total="4133" />
                <build-info>
            <version>8.20.7</version>
            <build-number>820007</build-number>
            <build-date>16-03-2022</build-date>
        </build-info>

<item>
            <title>[WICKET-5386] ChainingModel should not check if the modelObject given as argument is null</title>
                <link>https://issues.apache.org/jira/browse/WICKET-5386</link>
                <project id="12310561" key="WICKET">Wicket</project>
                    <description>&lt;p&gt;In Wicket 1.5.x there was no check against the null value of the target of a CompoundPropertyModel.&lt;/p&gt;

&lt;p&gt;This allowed to define a CPM based on a possibly value, then being able to refer to sub-properties of that value in through labels included in the markup without fearing a NullPointerException, nice empty labels would be displayed instead.&lt;/p&gt;

&lt;p&gt;Now that CPM has been refactored, null values are explicitly rejected, but only in the constructor.&lt;br/&gt;
Changing the model through a call to setObject doesn't check the null value and allows the previous behaviour to work again.&lt;br/&gt;
(another workaround is to pass Model.of(value) in the constructor).&lt;/p&gt;

&lt;p&gt;These are workarounds, the check itself adds no value and removes functionality.&lt;/p&gt;</description>
                <environment />
        <key id="12672809">WICKET-5386</key>
            <summary>ChainingModel should not check if the modelObject given as argument is null</summary>
                <type id="1" iconUrl="https://issues.apache.org/jira/secure/viewavatar?size=xsmall&amp;avatarId=21133&amp;avatarType=issuetype">Bug</type>
                                            <priority id="4" iconUrl="https://issues.apache.org/jira/images/icons/priorities/minor.svg">Minor</priority>
                        <status id="5" iconUrl="https://issues.apache.org/jira/images/icons/statuses/resolved.png" description="A resolution has been taken, and it is awaiting verification by reporter. From here issues are either reopened, or are closed.">Resolved</status>
                    <statusCategory id="3" key="done" colorName="green" />
                                    <resolution id="1">Fixed</resolution>
                                        <assignee username="mgrigorov">Martin Tzvetanov Grigorov</assignee>
                                    <reporter username="fdonckels">Fr&#233;d&#233;ric Donckels</reporter>
                        <labels>
                    </labels>
                <created>Tue, 8 Oct 2013 13:02:44 +0000</created>
                <updated>Tue, 29 Oct 2013 13:04:19 +0000</updated>
                            <resolved>Tue, 29 Oct 2013 13:04:19 +0000</resolved>
                                    <version>6.11.0</version>
                                    <fixVersion>6.12.0</fixVersion>
                    <fixVersion>7.0.0-M1</fixVersion>
                                    <component>wicket</component>
                        <due />
                            <votes>0</votes>
                                    <watches>1</watches>
                                    <timeoriginalestimate seconds="1200">20m</timeoriginalestimate>
                            <timeestimate seconds="1200">20m</timeestimate>
                                                <attachments>
                    </attachments>
                <subtasks>
                    </subtasks>
                <customfields>
                                                                                                                                                                                                                                                                                                                                                                                                                                                                                                                                                                                                                                                                                                                    <customfield id="customfield_12314020" key="com.atlassian.jira.plugins.jira-development-integration-plugin:devsummary">
                        <customfieldname>Development</customfieldname>
                        <customfieldvalues>
                            
                        </customfieldvalues>
                    </customfield>
                                                                                                                        <customfield id="customfield_12313422" key="com.atlassian.jirafisheyeplugin:jobcheckbox">
                        <customfieldname>Enable Automatic Patch Review</customfieldname>
                        <customfieldvalues>
                            <customfieldvalue>false</customfieldvalue>

                        </customfieldvalues>
                    </customfield>
                                                                                                                                                                                                                                                                                                                                                                                                                                                                                                                                                                                                                    <customfield id="customfield_12310420" key="com.pyxis.greenhopper.jira:gh-global-rank">
                        <customfieldname>Global Rank</customfieldname>
                        <customfieldvalues>
                            <customfieldvalue>352432</customfieldvalue>
                        </customfieldvalues>
                    </customfield>
                                                                                                                                                                                                                                                                                                                                                                                                                                                                        <customfield id="customfield_12311820" key="com.pyxis.greenhopper.jira:gh-lexo-rank">
                        <customfieldname>Rank</customfieldname>
                        <customfieldvalues>
                            <customfieldvalue>0|i1orhj:</customfieldvalue>

                        </customfieldvalues>
                    </customfield>
                                                                <customfield id="customfield_12310920" key="com.pyxis.greenhopper.jira:gh-global-rank">
                        <customfieldname>Rank (Obsolete)</customfieldname>
                        <customfieldvalues>
                            <customfieldvalue>352719</customfieldvalue>
                        </customfieldvalues>
                    </customfield>
                                                                                                                                                                                                                                                                                                                                                                                                                                                                                                                                                                                                                                                                                                                                                                                            </customfields>
    </item>


</channel>
</rss>