<rss version="0.92">
    <channel>
        <title>ASF JIRA</title>
        <link>https://issues.apache.org/jira/issues/?jql=project+%3D+wicket+and+type+%3D+bug+and+%28status+%3D+RESOLVED+or+status+%3D+closed%29</link>
        <description>An XML representation of a search request</description>
                <language>en-uk</language>
                        <issue start="0" end="1000" total="4133" />
                <build-info>
            <version>8.20.7</version>
            <build-number>820007</build-number>
            <build-date>16-03-2022</build-date>
        </build-info>

<item>
            <title>[WICKET-5579] wicket:enclosure on wicket:extend - Detach called on component with id '0' while it had a non-empty queue</title>
                <link>https://issues.apache.org/jira/browse/WICKET-5579</link>
                <project id="12310561" key="WICKET">Wicket</project>
                    <description>&lt;p&gt;A page with wicket:extend and wicket:enclosure leads to a runtime exception&lt;/p&gt;

&lt;p&gt;    &amp;lt;wicket:extend&amp;gt;&lt;br/&gt;
        &amp;lt;wicket:enclosure child="label"&amp;gt;&lt;br/&gt;
            The label: &amp;lt;span wicket:id="label"&amp;gt;&lt;span class="error"&gt;&amp;#91;label&amp;#93;&lt;/span&gt;&amp;lt;/span&amp;gt;&lt;br/&gt;
        &amp;lt;/wicket:enclosure&amp;gt;&lt;br/&gt;
    &amp;lt;/wicket:extend&amp;gt;&lt;/p&gt;

&lt;p&gt;&amp;#8211;&lt;br/&gt;
ERROR - RequestAdapter             - Error detaching page&lt;br/&gt;
org.apache.wicket.WicketRuntimeException: Detach called on component with id '0' while it had a non-empty queue: ComponentQueue&lt;/p&gt;
{queueSize=1, queue=[[Enclosure [Component id = wicket_enclosure0]], null, null, null, null, null, null, null]}
&lt;p&gt;    at org.apache.wicket.MarkupContainer.onDetach(MarkupContainer.java:1961)&lt;br/&gt;
    at org.apache.wicket.Page.onDetach(Page.java:868)&lt;br/&gt;
    at org.apache.wicket.Component.detach(Component.java:1145)&lt;br/&gt;
    at org.apache.wicket.page.RequestAdapter.commitRequest(RequestAdapter.java:156)&lt;br/&gt;
    at org.apache.wicket.page.AbstractPageManager.commitRequest(AbstractPageManager.java:82)&lt;br/&gt;
    at org.apache.wicket.page.PageManagerDecorator.commitRequest(PageManagerDecorator.java:73)&lt;br/&gt;
    at org.apache.wicket.page.PageAccessSynchronizer$2.commitRequest(PageAccessSynchronizer.java:258)&lt;br/&gt;
    at org.apache.wicket.Application$2.onDetach(Application.java:1648)&lt;br/&gt;
    at org.apache.wicket.request.cycle.RequestCycleListenerCollection$3.notify(RequestCycleListenerCollection.java:105)&lt;br/&gt;
    at org.apache.wicket.request.cycle.RequestCycleListenerCollection$3.notify(RequestCycleListenerCollection.java:101)&lt;br/&gt;
    at org.apache.wicket.util.listener.ListenerCollection$1.notify(ListenerCollection.java:120)&lt;br/&gt;
    at org.apache.wicket.util.listener.ListenerCollection.reversedNotify(ListenerCollection.java:144)&lt;br/&gt;
    at org.apache.wicket.util.listener.ListenerCollection.reversedNotifyIgnoringExceptions(ListenerCollection.java:113)&lt;br/&gt;
    at org.apache.wicket.request.cycle.RequestCycleListenerCollection.onDetach(RequestCycleListenerCollection.java:100)&lt;br/&gt;
    at org.apache.wicket.request.cycle.RequestCycle.onDetach(RequestCycle.java:645)&lt;br/&gt;
    at org.apache.wicket.request.cycle.RequestCycle.detach(RequestCycle.java:594)&lt;br/&gt;
    at org.apache.wicket.request.cycle.RequestCycle.processRequestAndDetach(RequestCycle.java:297)&lt;br/&gt;
    at org.apache.wicket.protocol.http.WicketFilter.processRequestCycle(WicketFilter.java:261)&lt;br/&gt;
    at org.apache.wicket.protocol.http.WicketFilter.processRequest(WicketFilter.java:203)&lt;br/&gt;
    at org.apache.wicket.protocol.http.WicketFilter.doFilter(WicketFilter.java:284)&lt;br/&gt;
    at org.apache.catalina.core.ApplicationFilterChain.internalDoFilter(ApplicationFilterChain.java:243)&lt;br/&gt;
    at org.apache.catalina.core.ApplicationFilterChain.doFilter(ApplicationFilterChain.java:210)&lt;br/&gt;
    at org.apache.catalina.core.StandardWrapperValve.invoke(StandardWrapperValve.java:224)&lt;br/&gt;
    at org.apache.catalina.core.StandardContextValve.invoke(StandardContextValve.java:169)&lt;br/&gt;
    at org.apache.catalina.authenticator.AuthenticatorBase.invoke(AuthenticatorBase.java:472)&lt;br/&gt;
    at org.apache.catalina.core.StandardHostValve.invoke(StandardHostValve.java:168)&lt;br/&gt;
    at org.apache.catalina.valves.ErrorReportValve.invoke(ErrorReportValve.java:98)&lt;br/&gt;
    at org.apache.catalina.valves.AccessLogValve.invoke(AccessLogValve.java:928)&lt;br/&gt;
    at org.apache.catalina.core.StandardEngineValve.invoke(StandardEngineValve.java:118)&lt;br/&gt;
    at org.apache.catalina.connector.CoyoteAdapter.service(CoyoteAdapter.java:407)&lt;br/&gt;
    at org.apache.coyote.http11.AbstractHttp11Processor.process(AbstractHttp11Processor.java:987)&lt;br/&gt;
    at org.apache.coyote.AbstractProtocol$AbstractConnectionHandler.process(AbstractProtocol.java:539)&lt;br/&gt;
    at org.apache.tomcat.util.net.JIoEndpoint$SocketProcessor.run(JIoEndpoint.java:298)&lt;br/&gt;
    at java.util.concurrent.ThreadPoolExecutor.runWorker(ThreadPoolExecutor.java:1145)&lt;br/&gt;
    at java.util.concurrent.ThreadPoolExecutor$Worker.run(ThreadPoolExecutor.java:615)&lt;br/&gt;
    at java.lang.Thread.run(Thread.java:722)&lt;/p&gt;</description>
                <environment>tomcat7</environment>
        <key id="12712525">WICKET-5579</key>
            <summary>wicket:enclosure on wicket:extend - Detach called on component with id '0' while it had a non-empty queue</summary>
                <type id="1" iconUrl="https://issues.apache.org/jira/secure/viewavatar?size=xsmall&amp;avatarId=21133&amp;avatarType=issuetype">Bug</type>
                                            <priority id="3" iconUrl="https://issues.apache.org/jira/images/icons/priorities/major.svg">Major</priority>
                        <status id="6" iconUrl="https://issues.apache.org/jira/images/icons/statuses/closed.png" description="The issue is considered finished, the resolution is correct. Issues which are not closed can be reopened.">Closed</status>
                    <statusCategory id="3" key="done" colorName="green" />
                                    <resolution id="1">Fixed</resolution>
                                        <assignee username="mgrigorov">Martin Tzvetanov Grigorov</assignee>
                                    <reporter username="sebfz1">Sebastien Briquet</reporter>
                        <labels>
                    </labels>
                <created>Tue, 6 May 2014 08:23:33 +0000</created>
                <updated>Sun, 27 Jul 2014 12:54:58 +0000</updated>
                            <resolved>Wed, 7 May 2014 07:38:56 +0000</resolved>
                                    <version>7.0.0-M1</version>
                                    <fixVersion>7.0.0-M2</fixVersion>
                                    <component>wicket</component>
                        <due />
                            <votes>0</votes>
                                    <watches>3</watches>
                                                                <comments>
                            <comment id="13990418" author="sebfz1" created="Tue, 6 May 2014 08:24:19 +0000">&lt;p&gt;Attached quickstart&lt;/p&gt;</comment>
                            <comment id="13991005" author="bitstorm" created="Tue, 6 May 2014 19:05:33 +0000">&lt;p&gt;I guess the problem is related to the new component queuing feature introduced by Igor.&lt;/p&gt;</comment>
                            <comment id="13991637" author="mgrigorov" created="Wed, 7 May 2014 07:38:56 +0000">&lt;p&gt;Fixed by "skipping" &amp;lt;wicket:child&amp;gt; instead of dequeueing them.&lt;/p&gt;</comment>
                            <comment id="14075612" author="sebfz1" created="Sun, 27 Jul 2014 12:54:58 +0000">&lt;p&gt;Verified on latest SNAPSHOT, thank you very much!&lt;/p&gt;</comment>
                    </comments>
                    <attachments>
                            <attachment id="12643505" name="wicket7-wicket_enclosure.zip" size="80367" author="sebfz1" created="Tue, 6 May 2014 08:24:19 +0000" />
                    </attachments>
                <subtasks>
                    </subtasks>
                <customfields>
                                                                                                                                                                                                                                                                                                                                                                                                                                                                                                                                                                                                                                                                                                                    <customfield id="customfield_12314020" key="com.atlassian.jira.plugins.jira-development-integration-plugin:devsummary">
                        <customfieldname>Development</customfieldname>
                        <customfieldvalues>
                            
                        </customfieldvalues>
                    </customfield>
                                                                                                                        <customfield id="customfield_12313422" key="com.atlassian.jirafisheyeplugin:jobcheckbox">
                        <customfieldname>Enable Automatic Patch Review</customfieldname>
                        <customfieldvalues>
                            <customfieldvalue>false</customfieldvalue>

                        </customfieldvalues>
                    </customfield>
                                                                                                                                                                                                                                                                                                                                                                                                                                                                                                                                                                                                                    <customfield id="customfield_12310420" key="com.pyxis.greenhopper.jira:gh-global-rank">
                        <customfieldname>Global Rank</customfieldname>
                        <customfieldvalues>
                            <customfieldvalue>390841</customfieldvalue>
                        </customfieldvalues>
                    </customfield>
                                                                                                                                                                                                                                                                                                                                                                                                                                                                        <customfield id="customfield_12311820" key="com.pyxis.greenhopper.jira:gh-lexo-rank">
                        <customfieldname>Rank</customfieldname>
                        <customfieldvalues>
                            <customfieldvalue>0|i1vbh3:</customfieldvalue>

                        </customfieldvalues>
                    </customfield>
                                                                <customfield id="customfield_12310920" key="com.pyxis.greenhopper.jira:gh-global-rank">
                        <customfieldname>Rank (Obsolete)</customfieldname>
                        <customfieldvalues>
                            <customfieldvalue>391077</customfieldvalue>
                        </customfieldvalues>
                    </customfield>
                                                                                                                                                                                                                                                                                                                                                                                                                                                                                                                                                                                                                                                                                                                                                                                            </customfields>
    </item>


</channel>
</rss>