<rss version="0.92">
    <channel>
        <title>ASF JIRA</title>
        <link>https://issues.apache.org/jira/issues/?jql=project+%3D+wicket+and+type+%3D+bug+and+%28status+%3D+RESOLVED+or+status+%3D+closed%29</link>
        <description>An XML representation of a search request</description>
                <language>en-uk</language>
                        <issue start="0" end="1000" total="4133" />
                <build-info>
            <version>8.20.7</version>
            <build-number>820007</build-number>
            <build-date>16-03-2022</build-date>
        </build-info>

<item>
            <title>[WICKET-5266] Issue with TomcatWebSocketFilter and Spring Security</title>
                <link>https://issues.apache.org/jira/browse/WICKET-5266</link>
                <project id="12310561" key="WICKET">Wicket</project>
                    <description>&lt;p&gt;Spring Security has a way of wrapping HTTP servlet requests seems to clash with the code in org.apache.wicket.protocol.ws.tomcat7.Tomcat7WebSocketFilter. The request has to be unwrapped before being cast to RequestFacade.&lt;/p&gt;

&lt;p&gt;Before:&lt;/p&gt;

&lt;div class="code panel" style="border-width: 1px;"&gt;&lt;div class="codeContent panelContent"&gt;
&lt;pre class="code-java"&gt;		((RequestFacade) req).doUpgrade(tomcatWebSocket); &lt;span class="code-comment"&gt;// Crashes with &lt;span class="code-keyword"&gt;class &lt;/span&gt;&lt;span class="code-keyword"&gt;cast&lt;/span&gt; exception&lt;/span&gt;
&lt;/pre&gt;
&lt;/div&gt;&lt;/div&gt;

&lt;p&gt;Should be:&lt;/p&gt;

&lt;div class="code panel" style="border-width: 1px;"&gt;&lt;div class="codeContent panelContent"&gt;
&lt;pre class="code-java"&gt;		&lt;span class="code-keyword"&gt;while&lt;/span&gt; (req &lt;span class="code-keyword"&gt;instanceof&lt;/span&gt; HttpServletRequestWrapper) {
			req = (HttpServletRequest) ((HttpServletRequestWrapper) req).getRequest();
		}
		((RequestFacade) req).doUpgrade(tomcatWebSocket);
&lt;/pre&gt;
&lt;/div&gt;&lt;/div&gt;

&lt;p&gt;This happens when configuring Spring Security in the web.xml with:&lt;/p&gt;

&lt;div class="code panel" style="border-width: 1px;"&gt;&lt;div class="codeContent panelContent"&gt;
&lt;pre class="code-java"&gt;	&amp;lt;filter&amp;gt;
		&amp;lt;filter-name&amp;gt;springSecurityFilterChain&amp;lt;/filter-name&amp;gt;
		&amp;lt;filter-&lt;span class="code-keyword"&gt;class&amp;&lt;/span&gt;gt;org.springframework.web.filter.DelegatingFilterProxy&amp;lt;/filter-&lt;span class="code-keyword"&gt;class&amp;&lt;/span&gt;gt;
	&amp;lt;/filter&amp;gt;
	&amp;lt;filter-mapping&amp;gt;
		&amp;lt;filter-name&amp;gt;springSecurityFilterChain&amp;lt;/filter-name&amp;gt;
		&amp;lt;url-pattern&amp;gt;/*&amp;lt;/url-pattern&amp;gt;
	&amp;lt;/filter-mapping&amp;gt;
&lt;/pre&gt;
&lt;/div&gt;&lt;/div&gt;</description>
                <environment>Tomcat</environment>
        <key id="12656551">WICKET-5266</key>
            <summary>Issue with TomcatWebSocketFilter and Spring Security</summary>
                <type id="1" iconUrl="https://issues.apache.org/jira/secure/viewavatar?size=xsmall&amp;avatarId=21133&amp;avatarType=issuetype">Bug</type>
                                            <priority id="3" iconUrl="https://issues.apache.org/jira/images/icons/priorities/major.svg">Major</priority>
                        <status id="6" iconUrl="https://issues.apache.org/jira/images/icons/statuses/closed.png" description="The issue is considered finished, the resolution is correct. Issues which are not closed can be reopened.">Closed</status>
                    <statusCategory id="3" key="done" colorName="green" />
                                    <resolution id="1">Fixed</resolution>
                                        <assignee username="mgrigorov">Martin Tzvetanov Grigorov</assignee>
                                    <reporter username="totof3110">Christophe Levesque</reporter>
                        <labels>
                    </labels>
                <created>Mon, 8 Jul 2013 04:35:00 +0000</created>
                <updated>Thu, 11 Jul 2013 18:59:17 +0000</updated>
                            <resolved>Thu, 11 Jul 2013 12:06:57 +0000</resolved>
                                    <version>6.9.0</version>
                                    <fixVersion>6.10.0</fixVersion>
                    <fixVersion>7.0.0-M1</fixVersion>
                                    <component>wicket-native-websocket</component>
                        <due />
                            <votes>0</votes>
                                    <watches>2</watches>
                                                                <comments>
                            <comment id="13701776" author="mgrigorov" created="Mon, 8 Jul 2013 05:00:36 +0000">&lt;p&gt;Which version of Tomcat do you use ?&lt;br/&gt;
I haven't seen ClassCastException or other problem so far in this code.&lt;/p&gt;</comment>
                            <comment id="13701780" author="totof3110" created="Mon, 8 Jul 2013 05:05:54 +0000">&lt;p&gt;I'm seeing it with 7.0.37. I don't think this is related to Tomcat though. Spring (and Spring Security) is usually configured as a "listener" in the web.xml and I believe it will wrap the request before it gets to the Wicket servlet.&lt;/p&gt;

&lt;p&gt;From my web.xml:&lt;/p&gt;

&lt;div class="code panel" style="border-width: 1px;"&gt;&lt;div class="codeContent panelContent"&gt;
&lt;pre class="code-java"&gt;	&amp;lt;listener&amp;gt;
		&amp;lt;listener-&lt;span class="code-keyword"&gt;class&amp;&lt;/span&gt;gt;org.springframework.web.context.ContextLoaderListener&amp;lt;/listener-&lt;span class="code-keyword"&gt;class&amp;&lt;/span&gt;gt;
	&amp;lt;/listener&amp;gt;
	&amp;lt;context-param&amp;gt;
		&amp;lt;param-name&amp;gt;contextConfigLocation&amp;lt;/param-name&amp;gt;
		&amp;lt;param-value&amp;gt;classpath:applicationContext*.xml&amp;lt;/param-value&amp;gt;
	&amp;lt;/context-param&amp;gt;
	&amp;lt;filter&amp;gt;
		&amp;lt;filter-name&amp;gt;springSecurityFilterChain&amp;lt;/filter-name&amp;gt;
		&amp;lt;filter-&lt;span class="code-keyword"&gt;class&amp;&lt;/span&gt;gt;org.springframework.web.filter.DelegatingFilterProxy&amp;lt;/filter-&lt;span class="code-keyword"&gt;class&amp;&lt;/span&gt;gt;
	&amp;lt;/filter&amp;gt;
	&amp;lt;filter-mapping&amp;gt;
		&amp;lt;filter-name&amp;gt;springSecurityFilterChain&amp;lt;/filter-name&amp;gt;
		&amp;lt;url-pattern&amp;gt;/*&amp;lt;/url-pattern&amp;gt;
	&amp;lt;/filter-mapping&amp;gt;
	&amp;lt;filter&amp;gt;
		&amp;lt;filter-name&amp;gt;wicket&amp;lt;/filter-name&amp;gt;
		&amp;lt;filter-&lt;span class="code-keyword"&gt;class&amp;&lt;/span&gt;gt;org.apache.wicket.protocol.ws.tomcat7.Tomcat7WebSocketFilter&amp;lt;/filter-&lt;span class="code-keyword"&gt;class&amp;&lt;/span&gt;gt;
		&amp;lt;init-param&amp;gt;
			&amp;lt;param-name&amp;gt;applicationFactoryClassName&amp;lt;/param-name&amp;gt;
			&amp;lt;param-value&amp;gt;org.apache.wicket.spring.SpringWebApplicationFactory&amp;lt;/param-value&amp;gt;
		&amp;lt;/init-param&amp;gt;
	&amp;lt;/filter&amp;gt;
	&amp;lt;filter-mapping&amp;gt;
		&amp;lt;filter-name&amp;gt;wicket&amp;lt;/filter-name&amp;gt;
		&amp;lt;url-pattern&amp;gt;/*&amp;lt;/url-pattern&amp;gt;
		&amp;lt;dispatcher&amp;gt;REQUEST&amp;lt;/dispatcher&amp;gt;
		&amp;lt;dispatcher&amp;gt;ERROR&amp;lt;/dispatcher&amp;gt;
	&amp;lt;/filter-mapping&amp;gt;
&lt;/pre&gt;
&lt;/div&gt;&lt;/div&gt;</comment>
                            <comment id="13701783" author="mgrigorov" created="Mon, 8 Jul 2013 05:08:16 +0000">&lt;p&gt;I still sleep &lt;img class="emoticon" src="https://issues.apache.org/jira/images/icons/emoticons/smile.png" height="16" width="16" align="absmiddle" alt="" border="0"/&gt;&lt;br/&gt;
It is clear now. Thanks!&lt;br/&gt;
This improvement should be done for all **WebSocketFilters, not just Tomcat's one.&lt;/p&gt;</comment>
                            <comment id="13701785" author="totof3110" created="Mon, 8 Jul 2013 05:15:10 +0000">&lt;p&gt;No worries. &lt;img class="emoticon" src="https://issues.apache.org/jira/images/icons/emoticons/smile.png" height="16" width="16" align="absmiddle" alt="" border="0"/&gt;&lt;/p&gt;

&lt;p&gt;After playing with it, I realized that it's actually the Spring Security module that wraps the request (not Spring Core). I updated the bug description with the relevant part of the web.xml.&lt;/p&gt;</comment>
                            <comment id="13706112" author="totof3110" created="Thu, 11 Jul 2013 18:59:17 +0000">&lt;p&gt;Saw the change on &lt;a href="https://git-wip-us.apache.org/repos/asf?p=wicket.git;a=blob_plain;f=wicket-experimental/wicket-native-websocket/wicket-native-websocket-tomcat/src/main/java/org/apache/wicket/protocol/ws/tomcat7/Tomcat7WebSocketFilter.java;hb=HEAD" class="external-link" target="_blank" rel="nofollow noopener"&gt;https://git-wip-us.apache.org/repos/asf?p=wicket.git;a=blob_plain;f=wicket-experimental/wicket-native-websocket/wicket-native-websocket-tomcat/src/main/java/org/apache/wicket/protocol/ws/tomcat7/Tomcat7WebSocketFilter.java;hb=HEAD&lt;/a&gt;.&lt;/p&gt;

&lt;p&gt;Thanks for the quick fix! &lt;img class="emoticon" src="https://issues.apache.org/jira/images/icons/emoticons/smile.png" height="16" width="16" align="absmiddle" alt="" border="0"/&gt;&lt;/p&gt;</comment>
                    </comments>
                    <attachments>
                    </attachments>
                <subtasks>
                    </subtasks>
                <customfields>
                                                                                                                                                                                                                                                                                                                                                                                                                                                                                                                                                                                                                                                                                                                    <customfield id="customfield_12314020" key="com.atlassian.jira.plugins.jira-development-integration-plugin:devsummary">
                        <customfieldname>Development</customfieldname>
                        <customfieldvalues>
                            
                        </customfieldvalues>
                    </customfield>
                                                                                                                        <customfield id="customfield_12313422" key="com.atlassian.jirafisheyeplugin:jobcheckbox">
                        <customfieldname>Enable Automatic Patch Review</customfieldname>
                        <customfieldvalues>
                            <customfieldvalue>false</customfieldvalue>

                        </customfieldvalues>
                    </customfield>
                                                                                                                                                                                                                                                                                                                                                                                                                                                                                                                                                                                                                    <customfield id="customfield_12310420" key="com.pyxis.greenhopper.jira:gh-global-rank">
                        <customfieldname>Global Rank</customfieldname>
                        <customfieldvalues>
                            <customfieldvalue>336774</customfieldvalue>
                        </customfieldvalues>
                    </customfield>
                                                                                                                                                                                                                                                                                                                                                                                                                                                                        <customfield id="customfield_12311820" key="com.pyxis.greenhopper.jira:gh-lexo-rank">
                        <customfieldname>Rank</customfieldname>
                        <customfieldvalues>
                            <customfieldvalue>0|i1m38v:</customfieldvalue>

                        </customfieldvalues>
                    </customfield>
                                                                <customfield id="customfield_12310920" key="com.pyxis.greenhopper.jira:gh-global-rank">
                        <customfieldname>Rank (Obsolete)</customfieldname>
                        <customfieldvalues>
                            <customfieldvalue>337097</customfieldvalue>
                        </customfieldvalues>
                    </customfield>
                                                                                                                                                                                                                                                                                                                                                                                                                                                                                                                                                                                                                                                                                                                                                                                            </customfields>
    </item>


</channel>
</rss>