<rss version="0.92">
    <channel>
        <title>ASF JIRA</title>
        <link>https://issues.apache.org/jira/issues/?jql=project+%3D+wicket+and+type+%3D+bug+and+%28status+%3D+RESOLVED+or+status+%3D+closed%29</link>
        <description>An XML representation of a search request</description>
                <language>en-uk</language>
                        <issue start="0" end="1000" total="4133" />
                <build-info>
            <version>8.20.7</version>
            <build-number>820007</build-number>
            <build-date>16-03-2022</build-date>
        </build-info>

<item>
            <title>[WICKET-5815] DefaultExceptionMapper internalMap Unexpected error occurred</title>
                <link>https://issues.apache.org/jira/browse/WICKET-5815</link>
                <project id="12310561" key="WICKET">Wicket</project>
                    <description>&lt;p&gt;On a wicket page with ajax elements we've got the following error. The reason is actually unknown.&lt;/p&gt;

&lt;p&gt;The error occurs in some situations when the user is trying to interact with the page. This behavior is hard to reproduce for us. I need an idea to fix this in our application.&lt;/p&gt;

&lt;p&gt;If you need mor information, please let me know and I'll provide them if possible.&lt;/p&gt;

&lt;p&gt;Please note, the following two error examples.&lt;/p&gt;

&lt;div class="code panel" style="border-width: 1px;"&gt;&lt;div class="codeContent panelContent"&gt;
&lt;pre class="code-none"&gt;org.apache.wicket.DefaultExceptionMapper internalMap 123 Unexpected error occurred
java.lang.IllegalStateException: getOutputStream() has already been called for this response
	at org.apache.catalina.connector.Response.getWriter(Response.java:640)
	at org.apache.catalina.connector.ResponseFacade.getWriter(ResponseFacade.java:214)
	at javax.servlet.ServletResponseWrapper.getWriter(ServletResponseWrapper.java:105)
	at javax.servlet.ServletResponseWrapper.getWriter(ServletResponseWrapper.java:105)
	at org.springframework.security.web.context.SaveContextOnUpdateOrErrorResponseWrapper.getWriter(SaveContextOnUpdateOrErrorResponseWrapper.java:109)
	at org.apache.wicket.protocol.http.servlet.ServletWebResponse.write(ServletWebResponse.java:109)
	at org.apache.wicket.protocol.http.HeaderBufferingWebResponse.write(HeaderBufferingWebResponse.java:174)
	at org.apache.wicket.protocol.http.BufferedWebResponse$WriteCharSequenceAction.invoke(BufferedWebResponse.java:171)
	at org.apache.wicket.protocol.http.BufferedWebResponse.writeTo(BufferedWebResponse.java:588)
	at org.apache.wicket.request.handler.render.WebPageRenderer.respond(WebPageRenderer.java:199)
	at org.apache.wicket.core.request.handler.RenderPageRequestHandler.respond(RenderPageRequestHandler.java:165)
	at org.apache.wicket.request.cycle.RequestCycle$HandlerExecutor.respond(RequestCycle.java:840)
	at org.apache.wicket.request.RequestHandlerStack.execute(RequestHandlerStack.java:64)
	at org.apache.wicket.request.cycle.RequestCycle.executeExceptionRequestHandler(RequestCycle.java:303)
	at org.apache.wicket.request.cycle.RequestCycle.executeExceptionRequestHandler(RequestCycle.java:312)
	at org.apache.wicket.request.cycle.RequestCycle.processRequest(RequestCycle.java:226)
	at org.apache.wicket.request.cycle.RequestCycle.processRequestAndDetach(RequestCycle.java:282)
	at org.apache.wicket.protocol.http.WicketFilter.processRequestCycle(WicketFilter.java:244)
	at org.apache.wicket.protocol.http.WicketFilter.processRequest(WicketFilter.java:188)
	at org.apache.wicket.protocol.http.WicketFilter.doFilter(WicketFilter.java:267)
	at org.apache.catalina.core.ApplicationFilterChain.internalDoFilter(ApplicationFilterChain.java:243)
	at org.apache.catalina.core.ApplicationFilterChain.doFilter(ApplicationFilterChain.java:210)
	at org.springframework.security.web.FilterChainProxy$VirtualFilterChain.doFilter(FilterChainProxy.java:330)
	at org.springframework.security.web.access.intercept.FilterSecurityInterceptor.invoke(FilterSecurityInterceptor.java:118)
	at org.springframework.security.web.access.intercept.FilterSecurityInterceptor.doFilter(FilterSecurityInterceptor.java:84)
	at org.springframework.security.web.FilterChainProxy$VirtualFilterChain.doFilter(FilterChainProxy.java:342)
	at org.springframework.security.web.access.ExceptionTranslationFilter.doFilter(ExceptionTranslationFilter.java:113)
	at org.springframework.security.web.FilterChainProxy$VirtualFilterChain.doFilter(FilterChainProxy.java:342)
	at org.springframework.security.web.session.SessionManagementFilter.doFilter(SessionManagementFilter.java:103)
	at org.springframework.security.web.FilterChainProxy$VirtualFilterChain.doFilter(FilterChainProxy.java:342)
	at org.springframework.security.web.authentication.AnonymousAuthenticationFilter.doFilter(AnonymousAuthenticationFilter.java:113)
	at org.springframework.security.web.FilterChainProxy$VirtualFilterChain.doFilter(FilterChainProxy.java:342)
	at org.springframework.security.web.servletapi.SecurityContextHolderAwareRequestFilter.doFilter(SecurityContextHolderAwareRequestFilter.java:54)
	at org.springframework.security.web.FilterChainProxy$VirtualFilterChain.doFilter(FilterChainProxy.java:342)
	at org.springframework.security.web.savedrequest.RequestCacheAwareFilter.doFilter(RequestCacheAwareFilter.java:45)
	at org.springframework.security.web.FilterChainProxy$VirtualFilterChain.doFilter(FilterChainProxy.java:342)
	at org.springframework.security.web.authentication.www.BasicAuthenticationFilter.doFilter(BasicAuthenticationFilter.java:150)
	at org.springframework.security.web.FilterChainProxy$VirtualFilterChain.doFilter(FilterChainProxy.java:342)
	at org.springframework.security.web.authentication.ui.DefaultLoginPageGeneratingFilter.doFilter(DefaultLoginPageGeneratingFilter.java:91)
	at org.springframework.security.web.FilterChainProxy$VirtualFilterChain.doFilter(FilterChainProxy.java:342)
	at org.springframework.security.web.authentication.AbstractAuthenticationProcessingFilter.doFilter(AbstractAuthenticationProcessingFilter.java:183)
	at org.springframework.security.web.FilterChainProxy$VirtualFilterChain.doFilter(FilterChainProxy.java:342)
	at org.springframework.security.web.authentication.logout.LogoutFilter.doFilter(LogoutFilter.java:105)
	at org.springframework.security.web.FilterChainProxy$VirtualFilterChain.doFilter(FilterChainProxy.java:342)
	at org.springframework.security.web.context.SecurityContextPersistenceFilter.doFilter(SecurityContextPersistenceFilter.java:87)
	at org.springframework.security.web.FilterChainProxy$VirtualFilterChain.doFilter(FilterChainProxy.java:342)
	at org.springframework.security.web.FilterChainProxy.doFilterInternal(FilterChainProxy.java:192)
	at org.springframework.security.web.FilterChainProxy.doFilter(FilterChainProxy.java:160)
	at org.springframework.web.filter.DelegatingFilterProxy.invokeDelegate(DelegatingFilterProxy.java:346)
	at org.springframework.web.filter.DelegatingFilterProxy.doFilter(DelegatingFilterProxy.java:259)
	at org.apache.catalina.core.ApplicationFilterChain.internalDoFilter(ApplicationFilterChain.java:243)
	at org.apache.catalina.core.ApplicationFilterChain.doFilter(ApplicationFilterChain.java:210)
	at org.apache.catalina.core.StandardWrapperValve.invoke(StandardWrapperValve.java:222)
	at org.apache.catalina.core.StandardContextValve.invoke(StandardContextValve.java:123)
	at org.apache.catalina.authenticator.AuthenticatorBase.invoke(AuthenticatorBase.java:472)
	at org.apache.catalina.core.StandardHostValve.invoke(StandardHostValve.java:168)
	at org.apache.catalina.valves.ErrorReportValve.invoke(ErrorReportValve.java:99)
	at org.apache.catalina.valves.AccessLogValve.invoke(AccessLogValve.java:929)
	at org.apache.catalina.core.StandardEngineValve.invoke(StandardEngineValve.java:118)
	at org.apache.catalina.connector.CoyoteAdapter.service(CoyoteAdapter.java:407)
	at org.apache.coyote.ajp.AjpProcessor.process(AjpProcessor.java:200)
	at org.apache.coyote.AbstractProtocol$AbstractConnectionHandler.process(AbstractProtocol.java:585)
	at org.apache.tomcat.util.net.JIoEndpoint$SocketProcessor.run(JIoEndpoint.java:310)
	at java.util.concurrent.ThreadPoolExecutor$Worker.runTask(ThreadPoolExecutor.java:895)
	at java.util.concurrent.ThreadPoolExecutor$Worker.run(ThreadPoolExecutor.java:918)
	at java.lang.Thread.run(Thread.java:761)
&lt;/pre&gt;
&lt;/div&gt;&lt;/div&gt;

&lt;div class="code panel" style="border-width: 1px;"&gt;&lt;div class="codeContent panelContent"&gt;
&lt;pre class="code-none"&gt;rg.apache.wicket.DefaultExceptionMapper internalMap 123 Unexpected error occurred
java.lang.IllegalArgumentException: Argument 'name' may not be null or empty.
	at org.apache.wicket.util.lang.Args.notEmpty(Args.java:64)
	at org.apache.wicket.core.request.mapper.AbstractComponentMapper.getPageClass(AbstractComponentMapper.java:137)
	at org.apache.wicket.core.request.mapper.BookmarkableMapper.parseRequest(BookmarkableMapper.java:110)
	at org.apache.wicket.core.request.mapper.AbstractBookmarkableMapper.mapRequest(AbstractBookmarkableMapper.java:282)
	at org.apache.wicket.request.mapper.CompoundRequestMapper.mapRequest(CompoundRequestMapper.java:152)
	at org.apache.wicket.request.cycle.RequestCycle.resolveRequestHandler(RequestCycle.java:183)
	at org.apache.wicket.request.cycle.RequestCycle.processRequest(RequestCycle.java:208)
	at org.apache.wicket.request.cycle.RequestCycle.processRequestAndDetach(RequestCycle.java:282)
	at org.apache.wicket.protocol.http.WicketFilter.processRequestCycle(WicketFilter.java:244)
	at org.apache.wicket.protocol.http.WicketFilter.processRequest(WicketFilter.java:188)
	at org.apache.wicket.protocol.http.WicketFilter.doFilter(WicketFilter.java:267)
	at org.apache.catalina.core.ApplicationFilterChain.internalDoFilter(ApplicationFilterChain.java:243)
	at org.apache.catalina.core.ApplicationFilterChain.doFilter(ApplicationFilterChain.java:210)
	at org.springframework.security.web.FilterChainProxy$VirtualFilterChain.doFilter(FilterChainProxy.java:330)
	at org.springframework.security.web.access.intercept.FilterSecurityInterceptor.invoke(FilterSecurityInterceptor.java:118)
	at org.springframework.security.web.access.intercept.FilterSecurityInterceptor.doFilter(FilterSecurityInterceptor.java:84)
	at org.springframework.security.web.FilterChainProxy$VirtualFilterChain.doFilter(FilterChainProxy.java:342)
	at org.springframework.security.web.access.ExceptionTranslationFilter.doFilter(ExceptionTranslationFilter.java:113)
	at org.springframework.security.web.FilterChainProxy$VirtualFilterChain.doFilter(FilterChainProxy.java:342)
	at org.springframework.security.web.session.SessionManagementFilter.doFilter(SessionManagementFilter.java:103)
	at org.springframework.security.web.FilterChainProxy$VirtualFilterChain.doFilter(FilterChainProxy.java:342)
	at org.springframework.security.web.authentication.AnonymousAuthenticationFilter.doFilter(AnonymousAuthenticationFilter.java:113)
	at org.springframework.security.web.FilterChainProxy$VirtualFilterChain.doFilter(FilterChainProxy.java:342)
	at org.springframework.security.web.servletapi.SecurityContextHolderAwareRequestFilter.doFilter(SecurityContextHolderAwareRequestFilter.java:54)
	at org.springframework.security.web.FilterChainProxy$VirtualFilterChain.doFilter(FilterChainProxy.java:342)
	at org.springframework.security.web.savedrequest.RequestCacheAwareFilter.doFilter(RequestCacheAwareFilter.java:45)
	at org.springframework.security.web.FilterChainProxy$VirtualFilterChain.doFilter(FilterChainProxy.java:342)
	at org.springframework.security.web.authentication.www.BasicAuthenticationFilter.doFilter(BasicAuthenticationFilter.java:150)
	at org.springframework.security.web.FilterChainProxy$VirtualFilterChain.doFilter(FilterChainProxy.java:342)
	at org.springframework.security.web.authentication.ui.DefaultLoginPageGeneratingFilter.doFilter(DefaultLoginPageGeneratingFilter.java:91)
	at org.springframework.security.web.FilterChainProxy$VirtualFilterChain.doFilter(FilterChainProxy.java:342)
	at org.springframework.security.web.authentication.AbstractAuthenticationProcessingFilter.doFilter(AbstractAuthenticationProcessingFilter.java:183)
	at org.springframework.security.web.FilterChainProxy$VirtualFilterChain.doFilter(FilterChainProxy.java:342)
	at org.springframework.security.web.authentication.logout.LogoutFilter.doFilter(LogoutFilter.java:105)
	at org.springframework.security.web.FilterChainProxy$VirtualFilterChain.doFilter(FilterChainProxy.java:342)
	at org.springframework.security.web.context.SecurityContextPersistenceFilter.doFilter(SecurityContextPersistenceFilter.java:87)
	at org.springframework.security.web.FilterChainProxy$VirtualFilterChain.doFilter(FilterChainProxy.java:342)
	at org.springframework.security.web.FilterChainProxy.doFilterInternal(FilterChainProxy.java:192)
	at org.springframework.security.web.FilterChainProxy.doFilter(FilterChainProxy.java:160)
	at org.springframework.web.filter.DelegatingFilterProxy.invokeDelegate(DelegatingFilterProxy.java:346)
	at org.springframework.web.filter.DelegatingFilterProxy.doFilter(DelegatingFilterProxy.java:259)
	at org.apache.catalina.core.ApplicationFilterChain.internalDoFilter(ApplicationFilterChain.java:243)
	at org.apache.catalina.core.ApplicationFilterChain.doFilter(ApplicationFilterChain.java:210)
	at org.apache.catalina.core.StandardWrapperValve.invoke(StandardWrapperValve.java:222)
	at org.apache.catalina.core.StandardContextValve.invoke(StandardContextValve.java:123)
	at org.apache.catalina.authenticator.AuthenticatorBase.invoke(AuthenticatorBase.java:472)
	at org.apache.catalina.core.StandardHostValve.invoke(StandardHostValve.java:168)
	at org.apache.catalina.valves.ErrorReportValve.invoke(ErrorReportValve.java:99)
	at org.apache.catalina.valves.AccessLogValve.invoke(AccessLogValve.java:929)
	at org.apache.catalina.core.StandardEngineValve.invoke(StandardEngineValve.java:118)
	at org.apache.catalina.connector.CoyoteAdapter.service(CoyoteAdapter.java:407)
	at org.apache.coyote.ajp.AjpProcessor.process(AjpProcessor.java:200)
	at org.apache.coyote.AbstractProtocol$AbstractConnectionHandler.process(AbstractProtocol.java:585)
	at org.apache.tomcat.util.net.JIoEndpoint$SocketProcessor.run(JIoEndpoint.java:310)
	at java.util.concurrent.ThreadPoolExecutor$Worker.runTask(ThreadPoolExecutor.java:895)
	at java.util.concurrent.ThreadPoolExecutor$Worker.run(ThreadPoolExecutor.java:918)
	at java.lang.Thread.run(Thread.java:761)
&lt;/pre&gt;
&lt;/div&gt;&lt;/div&gt;</description>
                <environment>Suse EL&lt;br/&gt;
Java 1.6&lt;br/&gt;
Spring 3.1&lt;br/&gt;
Wicket 6.6.0</environment>
        <key id="12768644">WICKET-5815</key>
            <summary>DefaultExceptionMapper internalMap Unexpected error occurred</summary>
                <type id="1" iconUrl="https://issues.apache.org/jira/secure/viewavatar?size=xsmall&amp;avatarId=21133&amp;avatarType=issuetype">Bug</type>
                                            <priority id="4" iconUrl="https://issues.apache.org/jira/images/icons/priorities/minor.svg">Minor</priority>
                        <status id="5" iconUrl="https://issues.apache.org/jira/images/icons/statuses/resolved.png" description="A resolution has been taken, and it is awaiting verification by reporter. From here issues are either reopened, or are closed.">Resolved</status>
                    <statusCategory id="3" key="done" colorName="green" />
                                    <resolution id="8">Not A Problem</resolution>
                                        <assignee username="-1">Unassigned</assignee>
                                    <reporter username="sv12345">Sven</reporter>
                        <labels>
                    </labels>
                <created>Tue, 20 Jan 2015 11:14:13 +0000</created>
                <updated>Tue, 20 Jan 2015 13:01:35 +0000</updated>
                            <resolved>Tue, 20 Jan 2015 12:16:48 +0000</resolved>
                                    <version>6.6.0</version>
                                                        <due />
                            <votes>0</votes>
                                    <watches>2</watches>
                                                                <comments>
                            <comment id="14283719" author="mgrigorov" created="Tue, 20 Jan 2015 11:21:39 +0000">&lt;p&gt;It seems your application uses HttpServletResponse#getOutputStream().write() methods earlier, then later Wicket tries to write the page by using the response's #getWriter() and fails.&lt;br/&gt;
Put a breakpoint at SaveContextOnUpdateOrErrorResponseWrapper#getOutputStream() and see who calls it.&lt;/p&gt;</comment>
                            <comment id="14283763" author="mgrigorov" created="Tue, 20 Jan 2015 12:16:16 +0000">&lt;p&gt;java.lang.IllegalArgumentException: Argument 'name' may not be null or empty.&lt;br/&gt;
	at org.apache.wicket.util.lang.Args.notEmpty(Args.java:64)&lt;br/&gt;
	at org.apache.wicket.core.request.mapper.AbstractComponentMapper.getPageClass(AbstractComponentMapper.java:137)&lt;br/&gt;
	at org.apache.wicket.core.request.mapper.BookmarkableMapper.parseRequest(BookmarkableMapper.java:110)&lt;/p&gt;

&lt;p&gt;This means that someone made a request like: /wicket/bookmarkable/ , without com.example.YourPage as a third segment in the url. This has been fixed in Wicket several versions ago.&lt;br/&gt;
Please update Wicket to 6.18.0.&lt;/p&gt;</comment>
                            <comment id="14283764" author="mgrigorov" created="Tue, 20 Jan 2015 12:16:48 +0000">&lt;p&gt;Closing as "Not a Problem" until there is a proof that the problem is in Wicket.&lt;/p&gt;</comment>
                            <comment id="14283791" author="sv12345" created="Tue, 20 Jan 2015 12:58:41 +0000">&lt;p&gt;Do you know the fix version or the ticket id?&lt;/p&gt;</comment>
                            <comment id="14283793" author="mgrigorov" created="Tue, 20 Jan 2015 13:01:13 +0000">&lt;p&gt;&lt;a href="https://issues.apache.org/jira/browse/WICKET-5673" class="external-link" rel="nofollow"&gt;https://issues.apache.org/jira/browse/WICKET-5673&lt;/a&gt;&lt;/p&gt;</comment>
                    </comments>
                    <attachments>
                    </attachments>
                <subtasks>
                    </subtasks>
                <customfields>
                                                                                                                                                                                                                                                                                                                                                                                                                                                                                                                                                                                                                                                                                                                    <customfield id="customfield_12314020" key="com.atlassian.jira.plugins.jira-development-integration-plugin:devsummary">
                        <customfieldname>Development</customfieldname>
                        <customfieldvalues>
                            
                        </customfieldvalues>
                    </customfield>
                                                                                                                        <customfield id="customfield_12313422" key="com.atlassian.jirafisheyeplugin:jobcheckbox">
                        <customfieldname>Enable Automatic Patch Review</customfieldname>
                        <customfieldvalues>
                            <customfieldvalue>false</customfieldvalue>

                        </customfieldvalues>
                    </customfield>
                                                                                                                                                                                                                                                                                                                                                                                                                                                                                                                                                                                                                    <customfield id="customfield_12310420" key="com.pyxis.greenhopper.jira:gh-global-rank">
                        <customfieldname>Global Rank</customfieldname>
                        <customfieldvalues>
                            <customfieldvalue>9223372036854775807</customfieldvalue>
                        </customfieldvalues>
                    </customfield>
                                                                                                                                                                                                                                                                                                                                                                                                                                                                        <customfield id="customfield_12311820" key="com.pyxis.greenhopper.jira:gh-lexo-rank">
                        <customfieldname>Rank</customfieldname>
                        <customfieldvalues>
                            <customfieldvalue>0|i24k1z:</customfieldvalue>

                        </customfieldvalues>
                    </customfield>
                                                                <customfield id="customfield_12310920" key="com.pyxis.greenhopper.jira:gh-global-rank">
                        <customfieldname>Rank (Obsolete)</customfieldname>
                        <customfieldvalues>
                            <customfieldvalue>9223372036854775807</customfieldvalue>
                        </customfieldvalues>
                    </customfield>
                                                                                                                                                                                                                                                                                                                                                                                                                                                                                                                                                                                                                                                                                                                                                                                            </customfields>
    </item>


</channel>
</rss>