<rss version="0.92">
    <channel>
        <title>ASF JIRA</title>
        <link>https://issues.apache.org/jira/issues/?jql=project+%3D+wicket+and+type+%3D+bug+and+%28status+%3D+RESOLVED+or+status+%3D+closed%29</link>
        <description>An XML representation of a search request</description>
                <language>en-uk</language>
                        <issue start="0" end="1000" total="4133" />
                <build-info>
            <version>8.20.7</version>
            <build-number>820007</build-number>
            <build-date>16-03-2022</build-date>
        </build-info>

<item>
            <title>[WICKET-5744] Multiple AjaxSelfUpdatingTimerBehaviour objects conflict with each other</title>
                <link>https://issues.apache.org/jira/browse/WICKET-5744</link>
                <project id="12310561" key="WICKET">Wicket</project>
                    <description>&lt;p&gt;When multiple AjaxSelfUpdatingTimerBehaviour objects are created on a single page, one of them will outrule all the others.&lt;/p&gt;

&lt;p&gt;2014-10-31 11:46:29,058 DEBUG &lt;span class="error"&gt;&amp;#91;FiberBranchViewPage&amp;#93;&lt;/span&gt; Creating CollectionUpdater: [ProgressInfoPanel &lt;span class="error"&gt;&amp;#91;Component id = collectionStatus&amp;#93;&lt;/span&gt;]&lt;br/&gt;
2014-10-31 11:46:29,063 DEBUG &lt;span class="error"&gt;&amp;#91;FiberBranchViewPage&amp;#93;&lt;/span&gt; Creating ServiceDiagnosisUpdater: [ProgressInfoPanel &lt;span class="error"&gt;&amp;#91;Component id = serviceDiagnosisStatus&amp;#93;&lt;/span&gt;]&lt;br/&gt;
2014-10-31 11:46:31,460 DEBUG &lt;span class="error"&gt;&amp;#91;FiberBranchViewPage&amp;#93;&lt;/span&gt; CollectionUpdater post process target: [AjaxRequestHandler@1701777932 responseObject &lt;span class="error"&gt;&amp;#91;org.apache.wicket.ajax.AjaxRequestHandler$1@3e1&amp;#93;&lt;/span&gt;&lt;br/&gt;
2014-10-31 11:46:31,486 DEBUG &lt;span class="error"&gt;&amp;#91;FiberBranchViewPage&amp;#93;&lt;/span&gt; CollectionUpdater FiberBranchViewPage$12@184acf6 interval set: 3 seconds&lt;br/&gt;
2014-10-31 11:46:31,547 DEBUG &lt;span class="error"&gt;&amp;#91;FiberBranchViewPage&amp;#93;&lt;/span&gt; ServiceDiagnosisUpdater post process target: [AjaxRequestHandler@1701777932 responseObject &lt;span class="error"&gt;&amp;#91;org.apache.wicket.ajax.AjaxRequestHandler$1@3e1&amp;#93;&lt;/span&gt;&lt;br/&gt;
2014-10-31 11:46:31,570 DEBUG &lt;span class="error"&gt;&amp;#91;FiberBranchViewPage&amp;#93;&lt;/span&gt; ServiceDiagnosisUpdater FiberBranchViewPage$14@d44e89 interval set: 3 seconds&lt;br/&gt;
2014-10-31 11:46:34,749 DEBUG &lt;span class="error"&gt;&amp;#91;FiberBranchViewPage&amp;#93;&lt;/span&gt; ServiceDiagnosisUpdater post process target: [AjaxRequestHandler@1701777932 responseObject &lt;span class="error"&gt;&amp;#91;org.apache.wicket.ajax.AjaxRequestHandler$1@3e1&amp;#93;&lt;/span&gt;&lt;br/&gt;
2014-10-31 11:46:34,766 DEBUG &lt;span class="error"&gt;&amp;#91;FiberBranchViewPage&amp;#93;&lt;/span&gt; ServiceDiagnosisUpdater FiberBranchViewPage$14@d44e89 interval set: 3 seconds&lt;br/&gt;
2014-10-31 11:46:37,937 DEBUG &lt;span class="error"&gt;&amp;#91;FiberBranchViewPage&amp;#93;&lt;/span&gt; ServiceDiagnosisUpdater post process target: [AjaxRequestHandler@1701777932 responseObject &lt;span class="error"&gt;&amp;#91;org.apache.wicket.ajax.AjaxRequestHandler$1@3e1&amp;#93;&lt;/span&gt;&lt;br/&gt;
2014-10-31 11:46:37,967 DEBUG &lt;span class="error"&gt;&amp;#91;FiberBranchViewPage&amp;#93;&lt;/span&gt; ServiceDiagnosisUpdater FiberBranchViewPage$14@d44e89 interval set: 3 seconds&lt;br/&gt;
2014-10-31 11:46:41,148 DEBUG &lt;span class="error"&gt;&amp;#91;FiberBranchViewPage&amp;#93;&lt;/span&gt; ServiceDiagnosisUpdater post process target: [AjaxRequestHandler@1701777932 responseObject &lt;span class="error"&gt;&amp;#91;org.apache.wicket.ajax.AjaxRequestHandler$1@3e1&amp;#93;&lt;/span&gt;&lt;br/&gt;
2014-10-31 11:46:41,179 DEBUG &lt;span class="error"&gt;&amp;#91;FiberBranchViewPage&amp;#93;&lt;/span&gt; ServiceDiagnosisUpdater FiberBranchViewPage$14@d44e89 interval set: 3 seconds&lt;br/&gt;
2014-10-31 11:46:44,382 DEBUG &lt;span class="error"&gt;&amp;#91;FiberBranchViewPage&amp;#93;&lt;/span&gt; ServiceDiagnosisUpdater post process target: [AjaxRequestHandler@1701777932 responseObject &lt;span class="error"&gt;&amp;#91;org.apache.wicket.ajax.AjaxRequestHandler$1@3e1&amp;#93;&lt;/span&gt;&lt;br/&gt;
2014-10-31 11:46:44,407 DEBUG &lt;span class="error"&gt;&amp;#91;FiberBranchViewPage&amp;#93;&lt;/span&gt; ServiceDiagnosisUpdater stopped: FiberBranchViewPage$14@d44e89&lt;/p&gt;

&lt;div class="code panel" style="border-width: 1px;"&gt;&lt;div class="codeHeader panelHeader" style="border-bottom-width: 1px;"&gt;&lt;b&gt;FiberBranchViewPage.java&lt;/b&gt;&lt;/div&gt;&lt;div class="codeContent panelContent"&gt;
&lt;pre class="code-java"&gt;&lt;span class="code-keyword"&gt;import&lt;/span&gt; org.apache.wicket.markup.html.WebPage;
&lt;span class="code-keyword"&gt;import&lt;/span&gt; org.apache.wicket.markup.html.panel.Panel;

&lt;span class="code-keyword"&gt;public&lt;/span&gt; &lt;span class="code-keyword"&gt;class &lt;/span&gt;FiberBranchViewPage &lt;span class="code-keyword"&gt;extends&lt;/span&gt; WebPage {
    &lt;span class="code-keyword"&gt;public&lt;/span&gt; &lt;span class="code-keyword"&gt;static&lt;/span&gt; &lt;span class="code-keyword"&gt;final&lt;/span&gt; Duration FAST_REFRESH_INTERVAL = Duration.milliseconds(100);
    &lt;span class="code-keyword"&gt;public&lt;/span&gt; &lt;span class="code-keyword"&gt;static&lt;/span&gt; &lt;span class="code-keyword"&gt;final&lt;/span&gt; Duration NORMAL_REFRESH_INTERVAL = Duration.seconds(3);

    &lt;span class="code-keyword"&gt;private&lt;/span&gt; Panel collectionStatus;
    &lt;span class="code-keyword"&gt;private&lt;/span&gt; Panel serviceDiagnosisStatus;

    &lt;span class="code-keyword"&gt;public&lt;/span&gt; FiberBranchViewPage(PageParameters parameters) {
        &lt;span class="code-keyword"&gt;super&lt;/span&gt;(parameters);
        addOrReplace(collectionStatus);
        addOrReplace(serviceDiagnosisStatus);

        &lt;span class="code-keyword"&gt;if&lt;/span&gt; (!isLiveCollectionFinished()) {
            createCollectionUpdater();
        }
        &lt;span class="code-keyword"&gt;if&lt;/span&gt; (!isVlanCollectionFinished()) {
            createServiceDiagnosisUpdater();
        }
    }

    &lt;span class="code-keyword"&gt;private&lt;/span&gt; void createCollectionUpdater() {
        log.debug(&lt;span class="code-quote"&gt;"Creating CollectionUpdater: {}"&lt;/span&gt;, collectionStatus);
        &lt;span class="code-keyword"&gt;final&lt;/span&gt; AjaxSelfUpdatingTimerBehavior ajaxSelfUpdatingTimerBehavior = &lt;span class="code-keyword"&gt;new&lt;/span&gt; AjaxSelfUpdatingTimerBehavior (FAST_REFRESH_INTERVAL) {
            @Override
            &lt;span class="code-keyword"&gt;protected&lt;/span&gt; void onPostProcessTarget(AjaxRequestTarget target) {
                log.debug(&lt;span class="code-quote"&gt;"CollectionUpdater post process target: {}"&lt;/span&gt;, target);
                &lt;span class="code-keyword"&gt;super&lt;/span&gt;.onPostProcessTarget(target);
                &lt;span class="code-keyword"&gt;if&lt;/span&gt; (isLiveCollectionFinished()) {
                    &lt;span class="code-keyword"&gt;this&lt;/span&gt;.stop(target);
                    log.debug(&lt;span class="code-quote"&gt;"CollectionUpdater stopped: {}"&lt;/span&gt;, &lt;span class="code-keyword"&gt;this&lt;/span&gt;);
                } &lt;span class="code-keyword"&gt;else&lt;/span&gt; {
                    &lt;span class="code-keyword"&gt;this&lt;/span&gt;.setUpdateInterval(NORMAL_REFRESH_INTERVAL);
                    log.debug(&lt;span class="code-quote"&gt;"CollectionUpdater {} interval set: {}"&lt;/span&gt;, &lt;span class="code-keyword"&gt;this&lt;/span&gt;, NORMAL_REFRESH_INTERVAL);
                }
            }
        };
        collectionStatus.add(ajaxSelfUpdatingTimerBehavior);
    }

    &lt;span class="code-keyword"&gt;private&lt;/span&gt; void createServiceDiagnosisUpdater() {
        log.debug(&lt;span class="code-quote"&gt;"Creating ServiceDiagnosisUpdater: {}"&lt;/span&gt;, serviceDiagnosisStatus);
        &lt;span class="code-keyword"&gt;final&lt;/span&gt; AjaxSelfUpdatingTimerBehavior ajaxSelfUpdatingTimerBehavior = &lt;span class="code-keyword"&gt;new&lt;/span&gt; AjaxSelfUpdatingTimerBehavior (FAST_REFRESH_INTERVAL) {
            @Override
            &lt;span class="code-keyword"&gt;protected&lt;/span&gt; void onPostProcessTarget(AjaxRequestTarget target) {
                log.debug(&lt;span class="code-quote"&gt;"ServiceDiagnosisUpdater post process target: {}"&lt;/span&gt;, target);
                &lt;span class="code-keyword"&gt;super&lt;/span&gt;.onPostProcessTarget(target);
                &lt;span class="code-keyword"&gt;if&lt;/span&gt; (getModel().isVlanCollectionFinished()) {
                    &lt;span class="code-keyword"&gt;this&lt;/span&gt;.stop(target);
                    log.debug(&lt;span class="code-quote"&gt;"ServiceDiagnosisUpdater stopped: {}"&lt;/span&gt;, &lt;span class="code-keyword"&gt;this&lt;/span&gt;);
                } &lt;span class="code-keyword"&gt;else&lt;/span&gt; {
                    &lt;span class="code-keyword"&gt;this&lt;/span&gt;.setUpdateInterval(NORMAL_REFRESH_INTERVAL);
                    log.debug(&lt;span class="code-quote"&gt;"ServiceDiagnosisUpdater {} interval set: {}"&lt;/span&gt;, &lt;span class="code-keyword"&gt;this&lt;/span&gt;, NORMAL_REFRESH_INTERVAL);
                }
            }
        };
        serviceDiagnosisStatus.add(ajaxSelfUpdatingTimerBehavior);
    }
}
&lt;/pre&gt;
&lt;/div&gt;&lt;/div&gt;</description>
                <environment>JDK7, JRE8</environment>
        <key id="12751951">WICKET-5744</key>
            <summary>Multiple AjaxSelfUpdatingTimerBehaviour objects conflict with each other</summary>
                <type id="1" iconUrl="https://issues.apache.org/jira/secure/viewavatar?size=xsmall&amp;avatarId=21133&amp;avatarType=issuetype">Bug</type>
                                            <priority id="4" iconUrl="https://issues.apache.org/jira/images/icons/priorities/minor.svg">Minor</priority>
                        <status id="5" iconUrl="https://issues.apache.org/jira/images/icons/statuses/resolved.png" description="A resolution has been taken, and it is awaiting verification by reporter. From here issues are either reopened, or are closed.">Resolved</status>
                    <statusCategory id="3" key="done" colorName="green" />
                                    <resolution id="5">Cannot Reproduce</resolution>
                                        <assignee username="mgrigorov">Martin Tzvetanov Grigorov</assignee>
                                    <reporter username="mbsaerens">Micha&#235;l Benjamin Saerens</reporter>
                        <labels>
                    </labels>
                <created>Fri, 31 Oct 2014 11:50:53 +0000</created>
                <updated>Mon, 3 Nov 2014 13:52:02 +0000</updated>
                            <resolved>Mon, 3 Nov 2014 13:52:02 +0000</resolved>
                                    <version>6.16.0</version>
                                                    <component>wicket</component>
                        <due />
                            <votes>0</votes>
                                    <watches>2</watches>
                                                                <comments>
                            <comment id="14191805" author="mgrigorov" created="Fri, 31 Oct 2014 13:38:36 +0000">&lt;p&gt;Hi,&lt;/p&gt;

&lt;p&gt;These logs say nothing to me.&lt;br/&gt;
Care to explain more or even better provide a quickstart demonstrating the issue ?&lt;br/&gt;
Thanks!&lt;/p&gt;</comment>
                            <comment id="14191837" author="mgrigorov" created="Fri, 31 Oct 2014 14:21:50 +0000">&lt;p&gt;&lt;a href="http://wicket.apache.org/start/quickstart.html" class="external-link" target="_blank" rel="nofollow noopener"&gt;http://wicket.apache.org/start/quickstart.html&lt;/a&gt;&lt;/p&gt;</comment>
                            <comment id="14191842" author="mbsaerens" created="Fri, 31 Oct 2014 14:24:52 +0000">&lt;p&gt;My apologies for the limit input. I must make sure I do not violate the non-disclosure agreement with my customer.&lt;br/&gt;
I've added a basic version of the WebPage class that produces this log, I hope it becomes clearer now.&lt;/p&gt;

&lt;p&gt;Basically, we have a page containing multiple Panels. Each panel is updated by its own AjaxSelfUpdatingTimerBehavior instance. But as you can see in the log&lt;br/&gt;
1) CollectionUpdater gets created&lt;br/&gt;
2) ServiceDiagnosisUpdater gets created&lt;br/&gt;
3) CollectionUpdater is timed out for 3 seconds&lt;br/&gt;
4) ServiceDiagnosisUpdater  is timed out for 3 seconds&lt;br/&gt;
5) ServiceDiagnosisUpdater finishes eventually.&lt;br/&gt;
But the CollectionUpdater is never called again after its initial timeout.&lt;/p&gt;

&lt;p&gt;My geuss would be that it's caused by the of a single AjaxRequestHandler for both updaters&lt;/p&gt;</comment>
                            <comment id="14191863" author="mgrigorov" created="Fri, 31 Oct 2014 14:37:37 +0000">&lt;p&gt;We don't need your real code. We need a minimal application that reproduces the problem so we can debug it.&lt;/p&gt;</comment>
                            <comment id="14194538" author="mgrigorov" created="Mon, 3 Nov 2014 13:51:55 +0000">&lt;p&gt;5744.tgz - a quickstart that works!&lt;/p&gt;</comment>
                    </comments>
                    <attachments>
                            <attachment id="12678928" name="5744.tgz" size="22667" author="mgrigorov" created="Mon, 3 Nov 2014 13:51:55 +0000" />
                    </attachments>
                <subtasks>
                    </subtasks>
                <customfields>
                                                                                                                                                                                                                                                                                                                                                                                                                                                                                                                                                                                                                                                                                                                    <customfield id="customfield_12314020" key="com.atlassian.jira.plugins.jira-development-integration-plugin:devsummary">
                        <customfieldname>Development</customfieldname>
                        <customfieldvalues>
                            
                        </customfieldvalues>
                    </customfield>
                                                                                                                        <customfield id="customfield_12313422" key="com.atlassian.jirafisheyeplugin:jobcheckbox">
                        <customfieldname>Enable Automatic Patch Review</customfieldname>
                        <customfieldvalues>
                            <customfieldvalue>false</customfieldvalue>

                        </customfieldvalues>
                    </customfield>
                                                                                                                                                                                                                                                                                                                                                                                                                                                                                                                                                                                                                    <customfield id="customfield_12310420" key="com.pyxis.greenhopper.jira:gh-global-rank">
                        <customfieldname>Global Rank</customfieldname>
                        <customfieldvalues>
                            <customfieldvalue>9223372036854775807</customfieldvalue>
                        </customfieldvalues>
                    </customfield>
                                                                                                                                                                                                                                                                                                                                                                                                                                                                        <customfield id="customfield_12311820" key="com.pyxis.greenhopper.jira:gh-lexo-rank">
                        <customfieldname>Rank</customfieldname>
                        <customfieldvalues>
                            <customfieldvalue>0|i21tc7:</customfieldvalue>

                        </customfieldvalues>
                    </customfield>
                                                                <customfield id="customfield_12310920" key="com.pyxis.greenhopper.jira:gh-global-rank">
                        <customfieldname>Rank (Obsolete)</customfieldname>
                        <customfieldvalues>
                            <customfieldvalue>9223372036854775807</customfieldvalue>
                        </customfieldvalues>
                    </customfield>
                                                                                                                                                                                                                                                                                                                                                                                                                                                                                                                                                                                                                                                                                                                                                                                            </customfields>
    </item>


</channel>
</rss>