<rss version="0.92">
    <channel>
        <title>ASF JIRA</title>
        <link>https://issues.apache.org/jira/issues/?jql=project+%3D+wicket+and+type+%3D+bug+and+%28status+%3D+RESOLVED+or+status+%3D+closed%29</link>
        <description>An XML representation of a search request</description>
                <language>en-uk</language>
                        <issue start="0" end="1000" total="4133" />
                <build-info>
            <version>8.20.7</version>
            <build-number>820007</build-number>
            <build-date>16-03-2022</build-date>
        </build-info>

<item>
            <title>[WICKET-5898] StackOverflowError after form submit with a validation error</title>
                <link>https://issues.apache.org/jira/browse/WICKET-5898</link>
                <project id="12310561" key="WICKET">Wicket</project>
                    <description>&lt;p&gt;I was not able to find a cause or make a small quickstart, but it has something to do with a form validation, my workaround was to setDefaultFormProcessing(false) or not use required TextFields.&lt;/p&gt;

&lt;p&gt;It can be reproduced on &lt;a href="https://github.com/krasa/DevSupportApp/tree/stackOverflow" class="external-link" target="_blank" rel="nofollow noopener"&gt;https://github.com/krasa/DevSupportApp/tree/stackOverflow&lt;/a&gt; &lt;br/&gt;
1) run StartVojtitkoDummy&lt;br/&gt;
2) go to &lt;a href="http://localhost:8765/wicket/bookmarkable/krasa.release.frontend.TokenizationPage" class="external-link" target="_blank" rel="nofollow noopener"&gt;http://localhost:8765/wicket/bookmarkable/krasa.release.frontend.TokenizationPage&lt;/a&gt;&lt;br/&gt;
3) click on "Generate Release json" button &lt;/p&gt;
&lt;ul class="alternate" type="square"&gt;
	&lt;li&gt;instead of SOE, it should give a validation error, probably even on fields which I would not want to validate, but that's just because I've made the page badly...&lt;/li&gt;
&lt;/ul&gt;



&lt;div class="code panel" style="border-width: 1px;"&gt;&lt;div class="codeContent panelContent"&gt;
&lt;pre class="code-java"&gt;java.lang.StackOverflowError: &lt;span class="code-keyword"&gt;null&lt;/span&gt;
...
	at org.apache.wicket.Component.getMarkup(Component.java:755)
	at org.apache.wicket.markup.html.panel.DefaultMarkupSourcingStrategy.getMarkup(DefaultMarkupSourcingStrategy.java:81)
	at org.apache.wicket.MarkupContainer.getMarkup(MarkupContainer.java:453)
	at org.apache.wicket.markup.html.panel.AbstractMarkupSourcingStrategy$1.component(AbstractMarkupSourcingStrategy.java:74)
	at org.apache.wicket.markup.html.panel.AbstractMarkupSourcingStrategy$1.component(AbstractMarkupSourcingStrategy.java:66)
	at org.apache.wicket.util.visit.Visits.visitChildren(Visits.java:144)
	at org.apache.wicket.util.visit.Visits.visitChildren(Visits.java:123)
	at org.apache.wicket.MarkupContainer.visitChildren(MarkupContainer.java:862)
	at org.apache.wicket.markup.html.panel.AbstractMarkupSourcingStrategy.searchMarkupInTransparentResolvers(AbstractMarkupSourcingStrategy.java:65)
	at org.apache.wicket.markup.html.panel.DefaultMarkupSourcingStrategy.getMarkup(DefaultMarkupSourcingStrategy.java:99)
	at org.apache.wicket.MarkupContainer.getMarkup(MarkupContainer.java:453)
	at org.apache.wicket.Component.getMarkup(Component.java:755)
	at org.apache.wicket.markup.html.panel.DefaultMarkupSourcingStrategy.getMarkup(DefaultMarkupSourcingStrategy.java:81)
	at org.apache.wicket.MarkupContainer.getMarkup(MarkupContainer.java:453)
	at org.apache.wicket.markup.html.panel.AbstractMarkupSourcingStrategy$1.component(AbstractMarkupSourcingStrategy.java:74)
	at org.apache.wicket.markup.html.panel.AbstractMarkupSourcingStrategy$1.component(AbstractMarkupSourcingStrategy.java:66)
	at org.apache.wicket.util.visit.Visits.visitChildren(Visits.java:144)
	at org.apache.wicket.util.visit.Visits.visitChildren(Visits.java:123)
	at org.apache.wicket.MarkupContainer.visitChildren(MarkupContainer.java:862)
	at org.apache.wicket.markup.html.panel.AbstractMarkupSourcingStrategy.searchMarkupInTransparentResolvers(AbstractMarkupSourcingStrategy.java:65)
	at org.apache.wicket.markup.html.panel.DefaultMarkupSourcingStrategy.getMarkup(DefaultMarkupSourcingStrategy.java:99)
	at org.apache.wicket.MarkupContainer.getMarkup(MarkupContainer.java:453)
	at org.apache.wicket.Component.getMarkup(Component.java:755)
	at org.apache.wicket.markup.html.panel.DefaultMarkupSourcingStrategy.getMarkup(DefaultMarkupSourcingStrategy.java:81)
	at org.apache.wicket.MarkupContainer.getMarkup(MarkupContainer.java:453)
	at org.apache.wicket.markup.html.panel.AbstractMarkupSourcingStrategy$1.component(AbstractMarkupSourcingStrategy.java:74)
	at org.apache.wicket.markup.html.panel.AbstractMarkupSourcingStrategy$1.component(AbstractMarkupSourcingStrategy.java:66)
	at org.apache.wicket.util.visit.Visits.visitChildren(Visits.java:144)
	at org.apache.wicket.util.visit.Visits.visitChildren(Visits.java:123)
	at org.apache.wicket.MarkupContainer.visitChildren(MarkupContainer.java:862)
	at org.apache.wicket.markup.html.panel.AbstractMarkupSourcingStrategy.searchMarkupInTransparentResolvers(AbstractMarkupSourcingStrategy.java:65)
	at org.apache.wicket.markup.html.panel.DefaultMarkupSourcingStrategy.getMarkup(DefaultMarkupSourcingStrategy.java:99)
	at org.apache.wicket.MarkupContainer.getMarkup(MarkupContainer.java:453)
	at org.apache.wicket.Component.getMarkup(Component.java:755)
	at org.apache.wicket.markup.html.panel.DefaultMarkupSourcingStrategy.getMarkup(DefaultMarkupSourcingStrategy.java:81)
	at org.apache.wicket.MarkupContainer.getMarkup(MarkupContainer.java:453)
	at org.apache.wicket.markup.html.panel.AbstractMarkupSourcingStrategy$1.component(AbstractMarkupSourcingStrategy.java:74)
	at org.apache.wicket.markup.html.panel.AbstractMarkupSourcingStrategy$1.component(AbstractMarkupSourcingStrategy.java:66)
	at org.apache.wicket.util.visit.Visits.visitChildren(Visits.java:144)
	at org.apache.wicket.util.visit.Visits.visitChildren(Visits.java:123)
	at org.apache.wicket.MarkupContainer.visitChildren(MarkupContainer.java:862)
	at org.apache.wicket.markup.html.panel.AbstractMarkupSourcingStrategy.searchMarkupInTransparentResolvers(AbstractMarkupSourcingStrategy.java:65)
	at org.apache.wicket.markup.html.panel.DefaultMarkupSourcingStrategy.getMarkup(DefaultMarkupSourcingStrategy.java:99)
	at org.apache.wicket.MarkupContainer.getMarkup(MarkupContainer.java:453)
	at org.apache.wicket.Component.getMarkup(Component.java:755)
	at org.apache.wicket.markup.html.panel.DefaultMarkupSourcingStrategy.getMarkup(DefaultMarkupSourcingStrategy.java:81)
	at org.apache.wicket.MarkupContainer.getMarkup(MarkupContainer.java:453)
	at org.apache.wicket.markup.html.panel.AbstractMarkupSourcingStrategy$1.component(AbstractMarkupSourcingStrategy.java:74)
	at org.apache.wicket.markup.html.panel.AbstractMarkupSourcingStrategy$1.component(AbstractMarkupSourcingStrategy.java:66)
	at org.apache.wicket.util.visit.Visits.visitChildren(Visits.java:144)
	at org.apache.wicket.util.visit.Visits.visitChildren(Visits.java:123)
	at org.apache.wicket.MarkupContainer.visitChildren(MarkupContainer.java:862)
	at org.apache.wicket.markup.html.panel.AbstractMarkupSourcingStrategy.searchMarkupInTransparentResolvers(AbstractMarkupSourcingStrategy.java:65)
	at org.apache.wicket.markup.html.panel.DefaultMarkupSourcingStrategy.getMarkup(DefaultMarkupSourcingStrategy.java:99)
	at org.apache.wicket.MarkupContainer.getMarkup(MarkupContainer.java:453)
	at org.apache.wicket.Component.getMarkup(Component.java:755)
	at org.apache.wicket.markup.html.panel.DefaultMarkupSourcingStrategy.getMarkup(DefaultMarkupSourcingStrategy.java:81)
	at org.apache.wicket.MarkupContainer.getMarkup(MarkupContainer.java:453)
	at org.apache.wicket.markup.html.panel.AbstractMarkupSourcingStrategy$1.component(AbstractMarkupSourcingStrategy.java:74)
	at org.apache.wicket.markup.html.panel.AbstractMarkupSourcingStrategy$1.component(AbstractMarkupSourcingStrategy.java:66)
	at org.apache.wicket.util.visit.Visits.visitChildren(Visits.java:144)
	at org.apache.wicket.util.visit.Visits.visitChildren(Visits.java:123)
	at org.apache.wicket.MarkupContainer.visitChildren(MarkupContainer.java:862)
	at org.apache.wicket.markup.html.panel.AbstractMarkupSourcingStrategy.searchMarkupInTransparentResolvers(AbstractMarkupSourcingStrategy.java:65)
	at org.apache.wicket.markup.html.panel.DefaultMarkupSourcingStrategy.getMarkup(DefaultMarkupSourcingStrategy.java:99)
	at org.apache.wicket.MarkupContainer.getMarkup(MarkupContainer.java:453)
	at org.apache.wicket.Component.getMarkup(Component.java:755)
	at org.apache.wicket.markup.html.panel.DefaultMarkupSourcingStrategy.getMarkup(DefaultMarkupSourcingStrategy.java:81)
	at org.apache.wicket.MarkupContainer.getMarkup(MarkupContainer.java:453)
	at org.apache.wicket.markup.html.panel.AbstractMarkupSourcingStrategy$1.component(AbstractMarkupSourcingStrategy.java:74)
	at org.apache.wicket.markup.html.panel.AbstractMarkupSourcingStrategy$1.component(AbstractMarkupSourcingStrategy.java:66)
	at org.apache.wicket.util.visit.Visits.visitChildren(Visits.java:144)
	at org.apache.wicket.util.visit.Visits.visitChildren(Visits.java:123)
	at org.apache.wicket.MarkupContainer.visitChildren(MarkupContainer.java:862)
	at org.apache.wicket.markup.html.panel.AbstractMarkupSourcingStrategy.searchMarkupInTransparentResolvers(AbstractMarkupSourcingStrategy.java:65)
	at org.apache.wicket.markup.html.panel.DefaultMarkupSourcingStrategy.getMarkup(DefaultMarkupSourcingStrategy.java:99)
	at org.apache.wicket.MarkupContainer.getMarkup(MarkupContainer.java:453)
	at org.apache.wicket.Component.getMarkup(Component.java:755)
	at org.apache.wicket.markup.html.panel.DefaultMarkupSourcingStrategy.getMarkup(DefaultMarkupSourcingStrategy.java:81)
	at org.apache.wicket.MarkupContainer.getMarkup(MarkupContainer.java:453)
	at org.apache.wicket.markup.html.panel.AbstractMarkupSourcingStrategy$1.component(AbstractMarkupSourcingStrategy.java:74)
	at org.apache.wicket.markup.html.panel.AbstractMarkupSourcingStrategy$1.component(AbstractMarkupSourcingStrategy.java:66)
	at org.apache.wicket.util.visit.Visits.visitChildren(Visits.java:144)
	at org.apache.wicket.util.visit.Visits.visitChildren(Visits.java:123)
	at org.apache.wicket.MarkupContainer.visitChildren(MarkupContainer.java:862)
	at org.apache.wicket.markup.html.panel.AbstractMarkupSourcingStrategy.searchMarkupInTransparentResolvers(AbstractMarkupSourcingStrategy.java:65)
	at org.apache.wicket.markup.html.panel.DefaultMarkupSourcingStrategy.getMarkup(DefaultMarkupSourcingStrategy.java:99)
	at org.apache.wicket.MarkupContainer.getMarkup(MarkupContainer.java:453)
	at org.apache.wicket.Component.getMarkup(Component.java:755)
	at org.apache.wicket.markup.html.panel.DefaultMarkupSourcingStrategy.getMarkup(DefaultMarkupSourcingStrategy.java:81)
	at org.apache.wicket.MarkupContainer.getMarkup(MarkupContainer.java:453)
	at org.apache.wicket.markup.html.panel.AbstractMarkupSourcingStrategy$1.component(AbstractMarkupSourcingStrategy.java:74)
	at org.apache.wicket.markup.html.panel.AbstractMarkupSourcingStrategy$1.component(AbstractMarkupSourcingStrategy.java:66)
	at org.apache.wicket.util.visit.Visits.visitChildren(Visits.java:144)
	at org.apache.wicket.util.visit.Visits.visitChildren(Visits.java:162)
	at org.apache.wicket.util.visit.Visits.visitChildren(Visits.java:162)
	at org.apache.wicket.util.visit.Visits.visitChildren(Visits.java:162)
	at org.apache.wicket.util.visit.Visits.visitChildren(Visits.java:123)
	at org.apache.wicket.MarkupContainer.visitChildren(MarkupContainer.java:862)
	at org.apache.wicket.markup.html.panel.AbstractMarkupSourcingStrategy.searchMarkupInTransparentResolvers(AbstractMarkupSourcingStrategy.java:65)
	at org.apache.wicket.markup.html.panel.DefaultMarkupSourcingStrategy.getMarkup(DefaultMarkupSourcingStrategy.java:99)
	at org.apache.wicket.MarkupContainer.getMarkup(MarkupContainer.java:453)
	at org.apache.wicket.Component.getMarkup(Component.java:755)
	at org.apache.wicket.Component.internalRender(Component.java:2344)
	at org.apache.wicket.Component.render(Component.java:2307)
	at org.apache.wicket.ajax.XmlAjaxResponse.writeComponent(XmlAjaxResponse.java:128)
	at org.apache.wicket.ajax.AbstractAjaxResponse.writeComponents(AbstractAjaxResponse.java:218)
	at org.apache.wicket.ajax.AbstractAjaxResponse.writeTo(AbstractAjaxResponse.java:150)
	at org.apache.wicket.ajax.AjaxRequestHandler.respond(AjaxRequestHandler.java:359)
	at org.apache.wicket.request.cycle.RequestCycle$HandlerExecutor.respond(RequestCycle.java:865)
	at org.apache.wicket.request.RequestHandlerStack.execute(RequestHandlerStack.java:64)
	at org.apache.wicket.request.RequestHandlerStack.execute(RequestHandlerStack.java:97)
	at org.apache.wicket.request.cycle.RequestCycle.execute(RequestCycle.java:265)
	at org.apache.wicket.request.cycle.RequestCycle.processRequest(RequestCycle.java:222)
	at org.apache.wicket.request.cycle.RequestCycle.processRequestAndDetach(RequestCycle.java:293)
	at org.apache.wicket.protocol.ws.AbstractUpgradeFilter.processRequestCycle(AbstractUpgradeFilter.java:59)
	at org.apache.wicket.protocol.http.WicketFilter.processRequest(WicketFilter.java:203)
	at org.apache.wicket.protocol.http.WicketFilter.doFilter(WicketFilter.java:284)
	at org.eclipse.jetty.servlet.ServletHandler$CachedChain.doFilter(ServletHandler.java:1652)
	at org.eclipse.jetty.servlet.ServletHandler.doHandle(ServletHandler.java:585)
	at org.eclipse.jetty.server.handler.ScopedHandler.handle(ScopedHandler.java:143)
	at org.eclipse.jetty.security.SecurityHandler.handle(SecurityHandler.java:577)
	at org.eclipse.jetty.server.session.SessionHandler.doHandle(SessionHandler.java:223)
	at org.eclipse.jetty.server.handler.ContextHandler.doHandle(ContextHandler.java:1125)
	at org.eclipse.jetty.servlet.ServletHandler.doScope(ServletHandler.java:515)
	at org.eclipse.jetty.server.session.SessionHandler.doScope(SessionHandler.java:185)
	at org.eclipse.jetty.server.handler.ContextHandler.doScope(ContextHandler.java:1059)
	at org.eclipse.jetty.server.handler.ScopedHandler.handle(ScopedHandler.java:141)
	at org.eclipse.jetty.server.handler.HandlerWrapper.handle(HandlerWrapper.java:97)
	at org.eclipse.jetty.server.Server.handle(Server.java:497)
	at org.eclipse.jetty.server.HttpChannel.handle(HttpChannel.java:310)
	at org.eclipse.jetty.server.HttpConnection.onFillable(HttpConnection.java:248)
	at org.eclipse.jetty.io.AbstractConnection$2.run(AbstractConnection.java:540)
	at org.eclipse.jetty.util.thread.QueuedThreadPool.runJob(QueuedThreadPool.java:620)
	at org.eclipse.jetty.util.thread.QueuedThreadPool$3.ru
&lt;/pre&gt;
&lt;/div&gt;&lt;/div&gt;</description>
                <environment />
        <key id="12825946">WICKET-5898</key>
            <summary>StackOverflowError after form submit with a validation error</summary>
                <type id="1" iconUrl="https://issues.apache.org/jira/secure/viewavatar?size=xsmall&amp;avatarId=21133&amp;avatarType=issuetype">Bug</type>
                                            <priority id="3" iconUrl="https://issues.apache.org/jira/images/icons/priorities/major.svg">Major</priority>
                        <status id="6" iconUrl="https://issues.apache.org/jira/images/icons/statuses/closed.png" description="The issue is considered finished, the resolution is correct. Issues which are not closed can be reopened.">Closed</status>
                    <statusCategory id="3" key="done" colorName="green" />
                                    <resolution id="1">Fixed</resolution>
                                        <assignee username="bitstorm">Andrea Del Bene</assignee>
                                    <reporter username="meo">Vojt&#283;ch Kr&#225;sa</reporter>
                        <labels>
                    </labels>
                <created>Wed, 29 Apr 2015 13:18:37 +0000</created>
                <updated>Sat, 14 Nov 2015 13:55:04 +0000</updated>
                            <resolved>Thu, 30 Jul 2015 09:21:53 +0000</resolved>
                                    <version>7.0.0-M5</version>
                                    <fixVersion>7.0.0-M6</fixVersion>
                    <fixVersion>6.21.0</fixVersion>
                                    <component>wicket</component>
                        <due />
                            <votes>0</votes>
                                    <watches>6</watches>
                                                                <comments>
                            <comment id="14519356" author="dashorst" created="Wed, 29 Apr 2015 13:34:34 +0000">&lt;p&gt;This particular stack overflow error happens In our (just migrated) application too. I'm trying to craft a test case.&lt;/p&gt;</comment>
                            <comment id="14521197" author="dashorst" created="Thu, 30 Apr 2015 09:17:21 +0000">&lt;p&gt;If you use TransparentWebMarkupContainer you probably should change that to WebMarkupContainer and instead of `add`ing components, you should `queue` them.&lt;/p&gt;</comment>
                            <comment id="14521337" author="meo" created="Thu, 30 Apr 2015 11:14:34 +0000">&lt;p&gt;That would work nicely. Thanks! &lt;/p&gt;</comment>
                            <comment id="14523186" author="dashorst" created="Fri, 1 May 2015 13:26:18 +0000">&lt;p&gt;I've been able to boil this down to a single test case, and it appears to be introduced in &lt;span class="error"&gt;&amp;#91;b92591f6496c15bf5615765539017ad702c67a43&amp;#93;&lt;/span&gt; &lt;a href="https://issues.apache.org/jira/browse/WICKET-5724" title="Queueing component in autocomponent" class="issue-link" data-issue-key="WICKET-5724"&gt;&lt;del&gt;WICKET-5724&lt;/del&gt;&lt;/a&gt; Queueing component in autocomponent&lt;/p&gt;
</comment>
                            <comment id="14523386" author="jira-bot" created="Fri, 1 May 2015 16:19:18 +0000">&lt;p&gt;Commit b0be030b1ddbe7bee19d2e9650c2e45b486060c1 in wicket's branch refs/heads/master from &lt;a href="https://issues.apache.org/jira/secure/ViewProfile.jspa?name=dashorst" class="user-hover" rel="dashorst"&gt;dashorst&lt;/a&gt;&lt;br/&gt;
[ &lt;a href="https://git-wip-us.apache.org/repos/asf?p=wicket.git;h=b0be030" class="external-link" target="_blank" rel="nofollow noopener"&gt;https://git-wip-us.apache.org/repos/asf?p=wicket.git;h=b0be030&lt;/a&gt; ]&lt;/p&gt;

&lt;p&gt;Reproduced &lt;a href="https://issues.apache.org/jira/browse/WICKET-5898" title="StackOverflowError after form submit with a validation error" class="issue-link" data-issue-key="WICKET-5898"&gt;&lt;del&gt;WICKET-5898&lt;/del&gt;&lt;/a&gt;&lt;/p&gt;

&lt;p&gt;This testcase reproduces &lt;a href="https://issues.apache.org/jira/browse/WICKET-5898" title="StackOverflowError after form submit with a validation error" class="issue-link" data-issue-key="WICKET-5898"&gt;&lt;del&gt;WICKET-5898&lt;/del&gt;&lt;/a&gt;. It contains 3 test methods&lt;br/&gt;
of which 2 are @ignored. You should remove the @ignore to trigger&lt;br/&gt;
the StackOverflowError when testing.&lt;/p&gt;</comment>
                            <comment id="14523387" author="jira-bot" created="Fri, 1 May 2015 16:19:21 +0000">&lt;p&gt;Commit b0be030b1ddbe7bee19d2e9650c2e45b486060c1 in wicket's branch refs/heads/master from &lt;a href="https://issues.apache.org/jira/secure/ViewProfile.jspa?name=dashorst" class="user-hover" rel="dashorst"&gt;dashorst&lt;/a&gt;&lt;br/&gt;
[ &lt;a href="https://git-wip-us.apache.org/repos/asf?p=wicket.git;h=b0be030" class="external-link" target="_blank" rel="nofollow noopener"&gt;https://git-wip-us.apache.org/repos/asf?p=wicket.git;h=b0be030&lt;/a&gt; ]&lt;/p&gt;

&lt;p&gt;Reproduced &lt;a href="https://issues.apache.org/jira/browse/WICKET-5898" title="StackOverflowError after form submit with a validation error" class="issue-link" data-issue-key="WICKET-5898"&gt;&lt;del&gt;WICKET-5898&lt;/del&gt;&lt;/a&gt;&lt;/p&gt;

&lt;p&gt;This testcase reproduces &lt;a href="https://issues.apache.org/jira/browse/WICKET-5898" title="StackOverflowError after form submit with a validation error" class="issue-link" data-issue-key="WICKET-5898"&gt;&lt;del&gt;WICKET-5898&lt;/del&gt;&lt;/a&gt;. It contains 3 test methods&lt;br/&gt;
of which 2 are @ignored. You should remove the @ignore to trigger&lt;br/&gt;
the StackOverflowError when testing.&lt;/p&gt;</comment>
                            <comment id="14525263" author="jira-bot" created="Sat, 2 May 2015 14:50:50 +0000">&lt;p&gt;Commit ce51679981d2b3c478b3c6933783dad5821875ff in wicket's branch refs/heads/master from &lt;a href="https://issues.apache.org/jira/secure/ViewProfile.jspa?name=bitstorm" class="user-hover" rel="bitstorm"&gt;bitstorm&lt;/a&gt;&lt;br/&gt;
[ &lt;a href="https://git-wip-us.apache.org/repos/asf?p=wicket.git;h=ce51679" class="external-link" target="_blank" rel="nofollow noopener"&gt;https://git-wip-us.apache.org/repos/asf?p=wicket.git;h=ce51679&lt;/a&gt; ]&lt;/p&gt;

&lt;p&gt;&lt;a href="https://issues.apache.org/jira/browse/WICKET-5898" title="StackOverflowError after form submit with a validation error" class="issue-link" data-issue-key="WICKET-5898"&gt;&lt;del&gt;WICKET-5898&lt;/del&gt;&lt;/a&gt; StackOverflowError after form submit with a validation error&lt;/p&gt;</comment>
                            <comment id="14525265" author="bitstorm" created="Sat, 2 May 2015 14:52:59 +0000">&lt;p&gt;I've added a simple test to prevent child searching loops. I'd like to keep the two failing test methods but moving them in a more meaningful test case class.&lt;/p&gt;</comment>
                            <comment id="14525693" author="jira-bot" created="Sun, 3 May 2015 06:47:45 +0000">&lt;p&gt;Commit 7ac9ccdee5ae1af64b3ee7f2afddfafc50315807 in wicket's branch refs/heads/master from &lt;a href="https://issues.apache.org/jira/secure/ViewProfile.jspa?name=mgrigorov" class="user-hover" rel="mgrigorov"&gt;mgrigorov&lt;/a&gt;&lt;br/&gt;
[ &lt;a href="https://git-wip-us.apache.org/repos/asf?p=wicket.git;h=7ac9ccd" class="external-link" target="_blank" rel="nofollow noopener"&gt;https://git-wip-us.apache.org/repos/asf?p=wicket.git;h=7ac9ccd&lt;/a&gt; ]&lt;/p&gt;

&lt;p&gt;&lt;a href="https://issues.apache.org/jira/browse/WICKET-5898" title="StackOverflowError after form submit with a validation error" class="issue-link" data-issue-key="WICKET-5898"&gt;&lt;del&gt;WICKET-5898&lt;/del&gt;&lt;/a&gt; Rename the test case to ends with Test. This way it is actually picked by m-surefire-p.&lt;/p&gt;

&lt;p&gt;Extend from WicketTestCase so that WicketTester is closed after test execution.&lt;/p&gt;</comment>
                            <comment id="14525823" author="jira-bot" created="Sun, 3 May 2015 13:02:40 +0000">&lt;p&gt;Commit 3c06788776b6b2d4881b206d3c1566342cc8b880 in wicket's branch refs/heads/master from &lt;a href="https://issues.apache.org/jira/secure/ViewProfile.jspa?name=bitstorm" class="user-hover" rel="bitstorm"&gt;bitstorm&lt;/a&gt;&lt;br/&gt;
[ &lt;a href="https://git-wip-us.apache.org/repos/asf?p=wicket.git;h=3c06788" class="external-link" target="_blank" rel="nofollow noopener"&gt;https://git-wip-us.apache.org/repos/asf?p=wicket.git;h=3c06788&lt;/a&gt; ]&lt;/p&gt;

&lt;p&gt;&lt;a href="https://issues.apache.org/jira/browse/WICKET-5898" title="StackOverflowError after form submit with a validation error" class="issue-link" data-issue-key="WICKET-5898"&gt;&lt;del&gt;WICKET-5898&lt;/del&gt;&lt;/a&gt; test methods moved to TransparentWebMarkupContainerTest&lt;/p&gt;</comment>
                            <comment id="14532270" author="dashorst" created="Thu, 7 May 2015 08:53:07 +0000">&lt;p&gt;Not all cases are covered--our app still shows the StackOverflowError&lt;/p&gt;</comment>
                            <comment id="14532333" author="jira-bot" created="Thu, 7 May 2015 09:36:00 +0000">&lt;p&gt;Commit cab6795aa64fe2280a938f69bb304255f2fc9bbe in wicket's branch refs/heads/master from &lt;a href="https://issues.apache.org/jira/secure/ViewProfile.jspa?name=dashorst" class="user-hover" rel="dashorst"&gt;dashorst&lt;/a&gt;&lt;br/&gt;
[ &lt;a href="https://git-wip-us.apache.org/repos/asf?p=wicket.git;h=cab6795" class="external-link" target="_blank" rel="nofollow noopener"&gt;https://git-wip-us.apache.org/repos/asf?p=wicket.git;h=cab6795&lt;/a&gt; ]&lt;/p&gt;

&lt;p&gt;Added additional test case for &lt;a href="https://issues.apache.org/jira/browse/WICKET-5898" title="StackOverflowError after form submit with a validation error" class="issue-link" data-issue-key="WICKET-5898"&gt;&lt;del&gt;WICKET-5898&lt;/del&gt;&lt;/a&gt;&lt;/p&gt;</comment>
                            <comment id="14532963" author="bitstorm" created="Thu, 7 May 2015 16:36:28 +0000">&lt;p&gt;This last test case fails also with Wicket 6.x. See quickstart. I guess in your application you have transparent containers automatically added by Wicket (like &amp;lt;img src='foo/bar/pic.png'&amp;gt;) and not explicitly added via code as it is in the last test case.&lt;br/&gt;
If this is the case we can avoid to search in transparent components if the searched component is an autocomponent (i.e. isAuto returns true).&lt;br/&gt;
I will do more tests to explore this possible solution.&lt;/p&gt;</comment>
                            <comment id="14536358" author="bitstorm" created="Sat, 9 May 2015 10:50:07 +0000">&lt;p&gt;I've committed a possible solution to the last test case:&lt;/p&gt;

&lt;p&gt;&lt;a href="https://git-wip-us.apache.org/repos/asf?p=wicket.git;a=commit;h=b00920f377babfb46345e51deff0748621205109" class="external-link" target="_blank" rel="nofollow noopener"&gt;https://git-wip-us.apache.org/repos/asf?p=wicket.git;a=commit;h=b00920f377babfb46345e51deff0748621205109&lt;/a&gt;&lt;/p&gt;

&lt;p&gt;With this change we avoid to look for IComponentResolverS inside transparent containers. To be honest I don't know how 'good' this solution is, but I think it conceptually correct. What do you think?&lt;/p&gt;</comment>
                            <comment id="14539676" author="dashorst" created="Tue, 12 May 2015 11:32:53 +0000">&lt;p&gt;Yes, our code has &amp;lt;img src=""&amp;gt; inside links. These transparent containers are automatically added.&lt;/p&gt;</comment>
                            <comment id="14539677" author="bitstorm" created="Tue, 12 May 2015 11:34:54 +0000">&lt;p&gt;Could you test last snapshot?&lt;/p&gt;</comment>
                            <comment id="14539795" author="jira-bot" created="Tue, 12 May 2015 12:56:02 +0000">&lt;p&gt;Commit c5a445504d1ba07bf8cb8f782187f6f003b64521 in wicket's branch refs/heads/master from &lt;a href="https://issues.apache.org/jira/secure/ViewProfile.jspa?name=dashorst" class="user-hover" rel="dashorst"&gt;dashorst&lt;/a&gt;&lt;br/&gt;
[ &lt;a href="https://git-wip-us.apache.org/repos/asf?p=wicket.git;h=c5a4455" class="external-link" target="_blank" rel="nofollow noopener"&gt;https://git-wip-us.apache.org/repos/asf?p=wicket.git;h=c5a4455&lt;/a&gt; ]&lt;/p&gt;

&lt;p&gt;&lt;a href="https://issues.apache.org/jira/browse/WICKET-5898" title="StackOverflowError after form submit with a validation error" class="issue-link" data-issue-key="WICKET-5898"&gt;&lt;del&gt;WICKET-5898&lt;/del&gt;&lt;/a&gt;: Added two more failing tests&lt;/p&gt;

&lt;p&gt;These tests fail with a StackOverflowError with auto-added TWMCs&lt;br/&gt;
or manually added TWMCs. Both situations could occur in a Wicket&lt;br/&gt;
application.&lt;/p&gt;</comment>
                            <comment id="14539832" author="dashorst" created="Tue, 12 May 2015 13:37:28 +0000">&lt;p&gt;The solution doesn't appear to work in our application: still get StackOverflowError. See the newly committed (and ignored) test cases.&lt;/p&gt;</comment>
                            <comment id="14544007" author="bitstorm" created="Thu, 14 May 2015 16:55:18 +0000">&lt;p&gt;I've committed a new solution where I've rewritten AbstractMarkupSourcingStrategy.searchMarkupInTransparentResolvers in order to use container markup and improve children resolution.&lt;br/&gt;
This solves all the test cases.&lt;/p&gt;</comment>
                            <comment id="14545128" author="dashorst" created="Fri, 15 May 2015 08:12:50 +0000">&lt;p&gt;I confirm that this has solved our test case in our project too (which constantly triggered a new stack overflow case &lt;img class="emoticon" src="https://issues.apache.org/jira/images/icons/emoticons/wink.png" height="16" width="16" align="absmiddle" alt="" border="0"/&gt;&lt;/p&gt;

&lt;p&gt;Many thanks Andrea!&lt;/p&gt;</comment>
                            <comment id="14633794" author="vitiate" created="Mon, 20 Jul 2015 16:35:31 +0000">&lt;p&gt;Will this fix be included in a 6.x release? I am seeing this same issue but moving to 7.x is not feasible at this time.&lt;/p&gt;</comment>
                            <comment id="14643998" author="mgrigorov" created="Tue, 28 Jul 2015 07:37:43 +0000">&lt;p&gt;&lt;a href="https://issues.apache.org/jira/secure/ViewProfile.jspa?name=bitstorm" class="user-hover" rel="bitstorm"&gt;bitstorm&lt;/a&gt; Should this fix be downported to 6.x?&lt;/p&gt;</comment>
                            <comment id="14644349" author="bitstorm" created="Tue, 28 Jul 2015 13:09:50 +0000">&lt;p&gt;Well, the whole patch breaks API compatibility with searchMarkupInTransparentResolvers (see my comment above). I will take a look to see what can be ported back.&lt;/p&gt;</comment>
                            <comment id="14644550" author="vitiate" created="Tue, 28 Jul 2015 15:34:04 +0000">&lt;p&gt;The stack overflow error stems from the fix for &lt;a href="https://issues.apache.org/jira/browse/WICKET-5569" class="external-link" rel="nofollow"&gt;https://issues.apache.org/jira/browse/WICKET-5569&lt;/a&gt;, which was included in 6.16. We have been unable to upgrade to 6.16 or greater.&lt;/p&gt;</comment>
                            <comment id="14646243" author="jira-bot" created="Wed, 29 Jul 2015 15:12:24 +0000">&lt;p&gt;Commit 8c62ecd9d5f6e16ab46c357057849cd5dab4ef14 in wicket's branch refs/heads/wicket-6.x from &lt;a href="https://issues.apache.org/jira/secure/ViewProfile.jspa?name=dashorst" class="user-hover" rel="dashorst"&gt;dashorst&lt;/a&gt;&lt;br/&gt;
[ &lt;a href="https://git-wip-us.apache.org/repos/asf?p=wicket.git;h=8c62ecd" class="external-link" target="_blank" rel="nofollow noopener"&gt;https://git-wip-us.apache.org/repos/asf?p=wicket.git;h=8c62ecd&lt;/a&gt; ]&lt;/p&gt;

&lt;p&gt;Reproduced &lt;a href="https://issues.apache.org/jira/browse/WICKET-5898" title="StackOverflowError after form submit with a validation error" class="issue-link" data-issue-key="WICKET-5898"&gt;&lt;del&gt;WICKET-5898&lt;/del&gt;&lt;/a&gt;&lt;/p&gt;

&lt;p&gt;This testcase reproduces &lt;a href="https://issues.apache.org/jira/browse/WICKET-5898" title="StackOverflowError after form submit with a validation error" class="issue-link" data-issue-key="WICKET-5898"&gt;&lt;del&gt;WICKET-5898&lt;/del&gt;&lt;/a&gt;. It contains 3 test methods&lt;br/&gt;
of which 2 are @ignored. You should remove the @ignore to trigger&lt;br/&gt;
the StackOverflowError when testing.&lt;/p&gt;</comment>
                            <comment id="14646244" author="jira-bot" created="Wed, 29 Jul 2015 15:12:26 +0000">&lt;p&gt;Commit 8c62ecd9d5f6e16ab46c357057849cd5dab4ef14 in wicket's branch refs/heads/wicket-6.x from &lt;a href="https://issues.apache.org/jira/secure/ViewProfile.jspa?name=dashorst" class="user-hover" rel="dashorst"&gt;dashorst&lt;/a&gt;&lt;br/&gt;
[ &lt;a href="https://git-wip-us.apache.org/repos/asf?p=wicket.git;h=8c62ecd" class="external-link" target="_blank" rel="nofollow noopener"&gt;https://git-wip-us.apache.org/repos/asf?p=wicket.git;h=8c62ecd&lt;/a&gt; ]&lt;/p&gt;

&lt;p&gt;Reproduced &lt;a href="https://issues.apache.org/jira/browse/WICKET-5898" title="StackOverflowError after form submit with a validation error" class="issue-link" data-issue-key="WICKET-5898"&gt;&lt;del&gt;WICKET-5898&lt;/del&gt;&lt;/a&gt;&lt;/p&gt;

&lt;p&gt;This testcase reproduces &lt;a href="https://issues.apache.org/jira/browse/WICKET-5898" title="StackOverflowError after form submit with a validation error" class="issue-link" data-issue-key="WICKET-5898"&gt;&lt;del&gt;WICKET-5898&lt;/del&gt;&lt;/a&gt;. It contains 3 test methods&lt;br/&gt;
of which 2 are @ignored. You should remove the @ignore to trigger&lt;br/&gt;
the StackOverflowError when testing.&lt;/p&gt;</comment>
                            <comment id="14646245" author="jira-bot" created="Wed, 29 Jul 2015 15:12:27 +0000">&lt;p&gt;Commit 33879a8b4842828098bc98665bf1c63ddeb24f2f in wicket's branch refs/heads/wicket-6.x from &lt;a href="https://issues.apache.org/jira/secure/ViewProfile.jspa?name=bitstorm" class="user-hover" rel="bitstorm"&gt;bitstorm&lt;/a&gt;&lt;br/&gt;
[ &lt;a href="https://git-wip-us.apache.org/repos/asf?p=wicket.git;h=33879a8" class="external-link" target="_blank" rel="nofollow noopener"&gt;https://git-wip-us.apache.org/repos/asf?p=wicket.git;h=33879a8&lt;/a&gt; ]&lt;/p&gt;

&lt;p&gt;&lt;a href="https://issues.apache.org/jira/browse/WICKET-5898" title="StackOverflowError after form submit with a validation error" class="issue-link" data-issue-key="WICKET-5898"&gt;&lt;del&gt;WICKET-5898&lt;/del&gt;&lt;/a&gt; StackOverflowError after form submit with a validation error&lt;/p&gt;</comment>
                            <comment id="14646246" author="jira-bot" created="Wed, 29 Jul 2015 15:12:28 +0000">&lt;p&gt;Commit 94db8a9adae1e318486fcb6e10ea99dc76bf91b5 in wicket's branch refs/heads/wicket-6.x from &lt;a href="https://issues.apache.org/jira/secure/ViewProfile.jspa?name=mgrigorov" class="user-hover" rel="mgrigorov"&gt;mgrigorov&lt;/a&gt;&lt;br/&gt;
[ &lt;a href="https://git-wip-us.apache.org/repos/asf?p=wicket.git;h=94db8a9" class="external-link" target="_blank" rel="nofollow noopener"&gt;https://git-wip-us.apache.org/repos/asf?p=wicket.git;h=94db8a9&lt;/a&gt; ]&lt;/p&gt;

&lt;p&gt;&lt;a href="https://issues.apache.org/jira/browse/WICKET-5898" title="StackOverflowError after form submit with a validation error" class="issue-link" data-issue-key="WICKET-5898"&gt;&lt;del&gt;WICKET-5898&lt;/del&gt;&lt;/a&gt; Rename the test case to ends with Test. This way it is actually picked by m-surefire-p.&lt;/p&gt;

&lt;p&gt;Extend from WicketTestCase so that WicketTester is closed after test execution.&lt;/p&gt;</comment>
                            <comment id="14646370" author="bitstorm" created="Wed, 29 Jul 2015 16:39:44 +0000">&lt;p&gt;Hi,&lt;/p&gt;

&lt;p&gt;could you produce a quickstart project for 6.x? Unfortunately the fix for 7.x can not be backported "as it is" to 6.x&lt;/p&gt;</comment>
                            <comment id="14646371" author="bitstorm" created="Wed, 29 Jul 2015 16:39:50 +0000">&lt;p&gt;Hi,&lt;/p&gt;

&lt;p&gt;could you produce a quickstart project for 6.x? Unfortunately the fix for 7.x can not be backported "as it is" to 6.x&lt;/p&gt;</comment>
                            <comment id="14646680" author="vitiate" created="Wed, 29 Jul 2015 20:07:18 +0000">&lt;p&gt;I've uploaded a quickstart to github, &lt;a href="https://github.com/nonexpectation/WicketQuickStart_StackOverflowError" class="external-link" target="_blank" rel="nofollow noopener"&gt;https://github.com/nonexpectation/WicketQuickStart_StackOverflowError&lt;/a&gt;&lt;/p&gt;</comment>
                            <comment id="14647382" author="bitstorm" created="Thu, 30 Jul 2015 09:21:07 +0000">&lt;p&gt;&lt;a href="https://issues.apache.org/jira/secure/ViewProfile.jspa?name=vitiate" class="user-hover" rel="vitiate"&gt;vitiate&lt;/a&gt; Thank you for your fast reply.  The last commits (cherry picks from 7.x) you see above solve the problem with your quickstart. You can see it using version 6.21.0-SNAPSHOT. I will try to further improve the fix for 6.x to cover more potential problems as the 7.x already does. &lt;/p&gt;</comment>
                            <comment id="14647864" author="vitiate" created="Thu, 30 Jul 2015 15:57:29 +0000">&lt;p&gt;Looks great, thank you.&lt;/p&gt;</comment>
                    </comments>
                <issuelinks>
                            <issuelinktype id="12310050">
                    <name>Regression</name>
                                            <outwardlinks description="breaks">
                                        <issuelink>
            <issuekey id="12911309">WICKET-6027</issuekey>
        </issuelink>
                            </outwardlinks>
                                                        </issuelinktype>
                    </issuelinks>
                <attachments>
                            <attachment id="12731213" name="NestedTransparentContainer.zip" size="33442" author="bitstorm" created="Thu, 7 May 2015 16:37:15 +0000" />
                    </attachments>
                <subtasks>
                    </subtasks>
                <customfields>
                                                                                                                                                                                                                                                                                                                                                                                                                                                                                                                                                                                                                                                                                                                    <customfield id="customfield_12314020" key="com.atlassian.jira.plugins.jira-development-integration-plugin:devsummary">
                        <customfieldname>Development</customfieldname>
                        <customfieldvalues>
                            
                        </customfieldvalues>
                    </customfield>
                                                                                                                        <customfield id="customfield_12313422" key="com.atlassian.jirafisheyeplugin:jobcheckbox">
                        <customfieldname>Enable Automatic Patch Review</customfieldname>
                        <customfieldvalues>
                            <customfieldvalue>false</customfieldvalue>

                        </customfieldvalues>
                    </customfield>
                                                                                                                                                                                                                                                                                                                                                                                                                                                                                                                                                                                                                    <customfield id="customfield_12310420" key="com.pyxis.greenhopper.jira:gh-global-rank">
                        <customfieldname>Global Rank</customfieldname>
                        <customfieldvalues>
                            <customfieldvalue>9223372036854775807</customfieldvalue>
                        </customfieldvalues>
                    </customfield>
                                                                                                                                                                                                                                                                                                                                                                                                                                                                        <customfield id="customfield_12311820" key="com.pyxis.greenhopper.jira:gh-lexo-rank">
                        <customfieldname>Rank</customfieldname>
                        <customfieldvalues>
                            <customfieldvalue>0|i2e2wf:</customfieldvalue>

                        </customfieldvalues>
                    </customfield>
                                                                <customfield id="customfield_12310920" key="com.pyxis.greenhopper.jira:gh-global-rank">
                        <customfieldname>Rank (Obsolete)</customfieldname>
                        <customfieldvalues>
                            <customfieldvalue>9223372036854775807</customfieldvalue>
                        </customfieldvalues>
                    </customfield>
                                                                                                                                                                                                                                                                                                                                                                                                                                                                                                                                                                                                                                                                                                                                                                                            </customfields>
    </item>


</channel>
</rss>