<rss version="0.92">
    <channel>
        <title>ASF JIRA</title>
        <link>https://issues.apache.org/jira/issues/?jql=project+%3D+wicket+and+type+%3D+bug+and+%28status+%3D+RESOLVED+or+status+%3D+closed%29</link>
        <description>An XML representation of a search request</description>
                <language>en-uk</language>
                        <issue start="0" end="1000" total="4133" />
                <build-info>
            <version>8.20.7</version>
            <build-number>820007</build-number>
            <build-date>16-03-2022</build-date>
        </build-info>

<item>
            <title>[WICKET-5559] TypeError in wicket-autocomplete.js</title>
                <link>https://issues.apache.org/jira/browse/WICKET-5559</link>
                <project id="12310561" key="WICKET">Wicket</project>
                    <description>&lt;p&gt;The problem occurs when the AutoCompleteComponent is requesting Server to get some suggestions  and in the meantime the parent component will be replace via ajax.&lt;/p&gt;

&lt;p&gt;The main problem is that javascript doesn't work anymore after the error.&lt;/p&gt;

&lt;p&gt;&lt;b&gt;in wicket-autocomplete.js&lt;/b&gt;&lt;br/&gt;
Uncaught TypeError: Cannot read property 'value' of null&lt;br/&gt;
at line 162 &lt;/p&gt;
&lt;div class="code panel" style="border-width: 1px;"&gt;&lt;div class="codeContent panelContent"&gt;
&lt;pre class="code-java"&gt;&lt;span class="code-keyword"&gt;var&lt;/span&gt; elementVal=Wicket.$(elementId).value;
&lt;/pre&gt;
&lt;/div&gt;&lt;/div&gt;
&lt;p&gt;and line 168&lt;/p&gt;
&lt;div class="code panel" style="border-width: 1px;"&gt;&lt;div class="codeContent panelContent"&gt;
&lt;pre class="code-java"&gt;attrs.ep[paramName]=Wicket.$(elementId).value;
&lt;/pre&gt;
&lt;/div&gt;&lt;/div&gt;</description>
                <environment />
        <key id="12708524">WICKET-5559</key>
            <summary>TypeError in wicket-autocomplete.js</summary>
                <type id="1" iconUrl="https://issues.apache.org/jira/secure/viewavatar?size=xsmall&amp;avatarId=21133&amp;avatarType=issuetype">Bug</type>
                                            <priority id="3" iconUrl="https://issues.apache.org/jira/images/icons/priorities/major.svg">Major</priority>
                        <status id="5" iconUrl="https://issues.apache.org/jira/images/icons/statuses/resolved.png" description="A resolution has been taken, and it is awaiting verification by reporter. From here issues are either reopened, or are closed.">Resolved</status>
                    <statusCategory id="3" key="done" colorName="green" />
                                    <resolution id="5">Cannot Reproduce</resolution>
                                        <assignee username="bitstorm">Andrea Del Bene</assignee>
                                    <reporter username="Celest">Jennifer Brunklaus</reporter>
                        <labels>
                    </labels>
                <created>Tue, 15 Apr 2014 14:10:13 +0000</created>
                <updated>Sun, 11 May 2014 10:40:27 +0000</updated>
                            <resolved>Sun, 11 May 2014 10:40:27 +0000</resolved>
                                    <version>6.14.0</version>
                                                    <component>wicket-extensions</component>
                        <due />
                            <votes>0</votes>
                                    <watches>3</watches>
                                                                <comments>
                            <comment id="13979563" author="bitstorm" created="Thu, 24 Apr 2014 10:46:05 +0000">&lt;p&gt;Hi,&lt;/p&gt;

&lt;p&gt;any quickstart/code to reproduce the problem?&lt;/p&gt;</comment>
                            <comment id="13994512" author="mgrigorov" created="Sun, 11 May 2014 10:40:27 +0000">&lt;p&gt;Closing as "Cannot reproduce".&lt;br/&gt;
We will need a demo application to be able to debug it.&lt;/p&gt;</comment>
                    </comments>
                    <attachments>
                    </attachments>
                <subtasks>
                    </subtasks>
                <customfields>
                                                                                                                                                                                                                                                                                                                                                                                                                                                                                                                                                                                                                                                                                                                    <customfield id="customfield_12314020" key="com.atlassian.jira.plugins.jira-development-integration-plugin:devsummary">
                        <customfieldname>Development</customfieldname>
                        <customfieldvalues>
                            
                        </customfieldvalues>
                    </customfield>
                                                                                                                        <customfield id="customfield_12313422" key="com.atlassian.jirafisheyeplugin:jobcheckbox">
                        <customfieldname>Enable Automatic Patch Review</customfieldname>
                        <customfieldvalues>
                            <customfieldvalue>false</customfieldvalue>

                        </customfieldvalues>
                    </customfield>
                                                                                                                                                                                                                                                                                                                                                                                                                                                                                                                                                                                                                    <customfield id="customfield_12310420" key="com.pyxis.greenhopper.jira:gh-global-rank">
                        <customfieldname>Global Rank</customfieldname>
                        <customfieldvalues>
                            <customfieldvalue>386847</customfieldvalue>
                        </customfieldvalues>
                    </customfield>
                                                                                                                                                                                                                                                                                                                                                                                                                                                                        <customfield id="customfield_12311820" key="com.pyxis.greenhopper.jira:gh-lexo-rank">
                        <customfieldname>Rank</customfieldname>
                        <customfieldvalues>
                            <customfieldvalue>0|i1un3r:</customfieldvalue>

                        </customfieldvalues>
                    </customfield>
                                                                <customfield id="customfield_12310920" key="com.pyxis.greenhopper.jira:gh-global-rank">
                        <customfieldname>Rank (Obsolete)</customfieldname>
                        <customfieldvalues>
                            <customfieldvalue>387111</customfieldvalue>
                        </customfieldvalues>
                    </customfield>
                                                                                                                                                                                                                                                                                                                                                                                                                                                                                                                                                                                                                                                                                                                                                                                            </customfields>
    </item>


</channel>
</rss>