<rss version="0.92">
    <channel>
        <title>ASF JIRA</title>
        <link>https://issues.apache.org/jira/issues/?jql=project+%3D+wicket+and+type+%3D+bug+and+%28status+%3D+RESOLVED+or+status+%3D+closed%29</link>
        <description>An XML representation of a search request</description>
                <language>en-uk</language>
                        <issue start="0" end="1000" total="4133" />
                <build-info>
            <version>8.20.7</version>
            <build-number>820007</build-number>
            <build-date>16-03-2022</build-date>
        </build-info>

<item>
            <title>[WICKET-5226] CDI integration fails in Glassfish 4.0 with WELD-000070</title>
                <link>https://issues.apache.org/jira/browse/WICKET-5226</link>
                <project id="12310561" key="WICKET">Wicket</project>
                    <description>&lt;p&gt;When CDI is configured in the Application and a page has a non-static inner class the page throws exception, regardless of whether there are any injected fields.&lt;/p&gt;

&lt;p&gt;Caused by: org.jboss.weld.exceptions.DefinitionException: WELD-000070 Simple bean &lt;span class="error"&gt;&amp;#91;EnhancedAnnotatedTypeImpl&amp;#93;&lt;/span&gt; private  class com.inversebit.HomePage$AForm cannot be a non-static inner class&lt;br/&gt;
	at org.jboss.weld.injection.producer.BasicInjectionTarget.checkType(BasicInjectionTarget.java:81)&lt;br/&gt;
	at org.jboss.weld.injection.producer.BasicInjectionTarget.&amp;lt;init&amp;gt;(BasicInjectionTarget.java:69)&lt;br/&gt;
	at org.jboss.weld.injection.producer.BeanInjectionTarget.&amp;lt;init&amp;gt;(BeanInjectionTarget.java:52)&lt;br/&gt;
	at org.jboss.weld.manager.InjectionTargetFactoryImpl.createInjectionTarget(InjectionTargetFactoryImpl.java:95)&lt;br/&gt;
	at org.jboss.weld.manager.InjectionTargetFactoryImpl.createInjectionTarget(InjectionTargetFactoryImpl.java:78)&lt;br/&gt;
	... 65 more&lt;/p&gt;</description>
                <environment>Glassfish 4.0</environment>
        <key id="12652318">WICKET-5226</key>
            <summary>CDI integration fails in Glassfish 4.0 with WELD-000070</summary>
                <type id="1" iconUrl="https://issues.apache.org/jira/secure/viewavatar?size=xsmall&amp;avatarId=21133&amp;avatarType=issuetype">Bug</type>
                                            <priority id="3" iconUrl="https://issues.apache.org/jira/images/icons/priorities/major.svg">Major</priority>
                        <status id="5" iconUrl="https://issues.apache.org/jira/images/icons/statuses/resolved.png" description="A resolution has been taken, and it is awaiting verification by reporter. From here issues are either reopened, or are closed.">Resolved</status>
                    <statusCategory id="3" key="done" colorName="green" />
                                    <resolution id="1">Fixed</resolution>
                                        <assignee username="mgrigorov">Martin Tzvetanov Grigorov</assignee>
                                    <reporter username="leadseeker">Phill Ashworth</reporter>
                        <labels>
                            <label>cdi</label>
                            <label>glassfish</label>
                            <label>javaee7</label>
                    </labels>
                <created>Wed, 12 Jun 2013 04:25:32 +0000</created>
                <updated>Wed, 3 Jul 2013 08:07:33 +0000</updated>
                            <resolved>Mon, 17 Jun 2013 07:55:22 +0000</resolved>
                                    <version>6.8.0</version>
                                    <fixVersion>6.9.0</fixVersion>
                    <fixVersion>7.0.0-M1</fixVersion>
                                    <component>wicket-cdi</component>
                        <due />
                            <votes>0</votes>
                                    <watches>2</watches>
                                                                <comments>
                            <comment id="13680936" author="leadseeker" created="Wed, 12 Jun 2013 04:27:05 +0000">&lt;p&gt;Quickstart with embedded Glassfish.&lt;br/&gt;
% mvn package embedded-glassfish:run&lt;br/&gt;
&lt;a href="http://localhost:8282/cditest/" class="external-link" target="_blank" rel="nofollow noopener"&gt;http://localhost:8282/cditest/&lt;/a&gt;&lt;/p&gt;</comment>
                            <comment id="13685068" author="mgrigorov" created="Mon, 17 Jun 2013 07:55:22 +0000">&lt;p&gt;From now on any inner non-static component class won't be processed by ComponentInjector.&lt;br/&gt;
Weld 1.1 doesn't complain about such classes but Weld 2.0 does. It seems Weld 1.1 missed the check.&lt;/p&gt;</comment>
                            <comment id="13688881" author="leadseeker" created="Thu, 20 Jun 2013 05:23:07 +0000">&lt;p&gt;Rebuilt Wicket from wicket-6.x and I'm still getting the same exception:&lt;/p&gt;

&lt;p&gt;2013-06-20 07:13:40,729 &lt;span class="error"&gt;&amp;#91;http-listener-2(3)&amp;#93;&lt;/span&gt; DEBUG org.apache.wicket.MarkupContainer - Add logo to [DebugBar &lt;span class="error"&gt;&amp;#91;Component id = debug&amp;#93;&lt;/span&gt;]&lt;br/&gt;
2013-06-20 07:13:40,761 &lt;span class="error"&gt;&amp;#91;http-listener-2(3)&amp;#93;&lt;/span&gt; WARN  RequestCycleExtra - ********************************&lt;br/&gt;
2013-06-20 07:13:40,901 &lt;span class="error"&gt;&amp;#91;http-listener-2(3)&amp;#93;&lt;/span&gt; WARN  RequestCycleExtra - Handling the following exception&lt;br/&gt;
org.apache.wicket.WicketRuntimeException: Can't instantiate page using constructor 'public com.mydomain.webapp.HomePage(org.apache.wicket.request.mapper.parameter.PageParameters)' and argument ''. An exception has been thrown during construction!&lt;br/&gt;
	at org.apache.wicket.session.DefaultPageFactory.newPage(DefaultPageFactory.java:194) ~&lt;span class="error"&gt;&amp;#91;wicket-core-6.9.0-SNAPSHOT.jar:6.9.0-SNAPSHOT&amp;#93;&lt;/span&gt;&lt;br/&gt;
	at org.apache.wicket.session.DefaultPageFactory.newPage(DefaultPageFactory.java:76) ~&lt;span class="error"&gt;&amp;#91;wicket-core-6.9.0-SNAPSHOT.jar:6.9.0-SNAPSHOT&amp;#93;&lt;/span&gt;&lt;br/&gt;
	at org.apache.wicket.DefaultMapperContext.newPageInstance(DefaultMapperContext.java:133) ~&lt;span class="error"&gt;&amp;#91;wicket-core-6.9.0-SNAPSHOT.jar:6.9.0-SNAPSHOT&amp;#93;&lt;/span&gt;&lt;br/&gt;
	at org.apache.wicket.core.request.handler.PageProvider.resolvePageInstance(PageProvider.java:268) ~&lt;span class="error"&gt;&amp;#91;wicket-core-6.9.0-SNAPSHOT.jar:6.9.0-SNAPSHOT&amp;#93;&lt;/span&gt;&lt;br/&gt;
	at org.apache.wicket.core.request.handler.PageProvider.getPageInstance(PageProvider.java:166) ~&lt;span class="error"&gt;&amp;#91;wicket-core-6.9.0-SNAPSHOT.jar:6.9.0-SNAPSHOT&amp;#93;&lt;/span&gt;&lt;br/&gt;
	at org.apache.wicket.request.handler.render.PageRenderer.getPage(PageRenderer.java:78) ~&lt;span class="error"&gt;&amp;#91;wicket-core-6.9.0-SNAPSHOT.jar:6.9.0-SNAPSHOT&amp;#93;&lt;/span&gt;&lt;br/&gt;
	at org.apache.wicket.request.handler.render.WebPageRenderer.respond(WebPageRenderer.java:244) ~&lt;span class="error"&gt;&amp;#91;wicket-core-6.9.0-SNAPSHOT.jar:6.9.0-SNAPSHOT&amp;#93;&lt;/span&gt;&lt;br/&gt;
	at org.apache.wicket.core.request.handler.RenderPageRequestHandler.respond(RenderPageRequestHandler.java:165) ~&lt;span class="error"&gt;&amp;#91;wicket-core-6.9.0-SNAPSHOT.jar:6.9.0-SNAPSHOT&amp;#93;&lt;/span&gt;&lt;br/&gt;
	at org.apache.wicket.request.cycle.RequestCycle$HandlerExecutor.respond(RequestCycle.java:861) ~&lt;span class="error"&gt;&amp;#91;wicket-core-6.9.0-SNAPSHOT.jar:6.9.0-SNAPSHOT&amp;#93;&lt;/span&gt;&lt;br/&gt;
	at org.apache.wicket.request.RequestHandlerStack.execute(RequestHandlerStack.java:64) ~&lt;span class="error"&gt;&amp;#91;wicket-request-6.9.0-SNAPSHOT.jar:6.9.0-SNAPSHOT&amp;#93;&lt;/span&gt;&lt;br/&gt;
	at org.apache.wicket.request.cycle.RequestCycle.execute(RequestCycle.java:261) &lt;span class="error"&gt;&amp;#91;wicket-core-6.9.0-SNAPSHOT.jar:6.9.0-SNAPSHOT&amp;#93;&lt;/span&gt;&lt;br/&gt;
	at org.apache.wicket.request.cycle.RequestCycle.processRequest(RequestCycle.java:218) &lt;span class="error"&gt;&amp;#91;wicket-core-6.9.0-SNAPSHOT.jar:6.9.0-SNAPSHOT&amp;#93;&lt;/span&gt;&lt;br/&gt;
	at org.apache.wicket.request.cycle.RequestCycle.processRequestAndDetach(RequestCycle.java:289) &lt;span class="error"&gt;&amp;#91;wicket-core-6.9.0-SNAPSHOT.jar:6.9.0-SNAPSHOT&amp;#93;&lt;/span&gt;&lt;br/&gt;
	at org.apache.wicket.protocol.http.WicketFilter.processRequestCycle(WicketFilter.java:259) ~&lt;span class="error"&gt;&amp;#91;wicket-core-6.9.0-SNAPSHOT.jar:6.9.0-SNAPSHOT&amp;#93;&lt;/span&gt;&lt;br/&gt;
	at org.apache.wicket.protocol.http.WicketFilter.processRequest(WicketFilter.java:201) ~&lt;span class="error"&gt;&amp;#91;wicket-core-6.9.0-SNAPSHOT.jar:6.9.0-SNAPSHOT&amp;#93;&lt;/span&gt;&lt;br/&gt;
	at org.apache.wicket.protocol.http.WicketFilter.doFilter(WicketFilter.java:282) ~&lt;span class="error"&gt;&amp;#91;wicket-core-6.9.0-SNAPSHOT.jar:6.9.0-SNAPSHOT&amp;#93;&lt;/span&gt;&lt;br/&gt;
	at org.apache.catalina.core.ApplicationFilterChain.internalDoFilter(ApplicationFilterChain.java:256) ~&lt;span class="error"&gt;&amp;#91;web-core.jar:na&amp;#93;&lt;/span&gt;&lt;br/&gt;
	at org.apache.catalina.core.ApplicationFilterChain.doFilter(ApplicationFilterChain.java:214) ~&lt;span class="error"&gt;&amp;#91;web-core.jar:na&amp;#93;&lt;/span&gt;&lt;br/&gt;
	at org.apache.catalina.core.StandardWrapperValve.invoke(StandardWrapperValve.java:316) ~&lt;span class="error"&gt;&amp;#91;web-core.jar:na&amp;#93;&lt;/span&gt;&lt;br/&gt;
	at org.apache.catalina.core.StandardContextValve.invoke(StandardContextValve.java:160) ~&lt;span class="error"&gt;&amp;#91;web-core.jar:na&amp;#93;&lt;/span&gt;&lt;br/&gt;
	at org.apache.catalina.core.StandardPipeline.doInvoke(StandardPipeline.java:734) ~&lt;span class="error"&gt;&amp;#91;web-core.jar:na&amp;#93;&lt;/span&gt;&lt;br/&gt;
	at org.apache.catalina.core.StandardPipeline.invoke(StandardPipeline.java:673) ~&lt;span class="error"&gt;&amp;#91;web-core.jar:na&amp;#93;&lt;/span&gt;&lt;br/&gt;
	at com.sun.enterprise.web.WebPipeline.invoke(WebPipeline.java:99) ~&lt;span class="error"&gt;&amp;#91;web-glue.jar:na&amp;#93;&lt;/span&gt;&lt;br/&gt;
	at org.apache.catalina.core.StandardHostValve.invoke(StandardHostValve.java:174) ~&lt;span class="error"&gt;&amp;#91;web-core.jar:na&amp;#93;&lt;/span&gt;&lt;br/&gt;
	at org.apache.catalina.connector.CoyoteAdapter.doService(CoyoteAdapter.java:357) ~&lt;span class="error"&gt;&amp;#91;web-core.jar:na&amp;#93;&lt;/span&gt;&lt;br/&gt;
	at org.apache.catalina.connector.CoyoteAdapter.service(CoyoteAdapter.java:260) ~&lt;span class="error"&gt;&amp;#91;web-core.jar:na&amp;#93;&lt;/span&gt;&lt;br/&gt;
	at com.sun.enterprise.v3.services.impl.ContainerMapper.service(ContainerMapper.java:188) ~&lt;span class="error"&gt;&amp;#91;kernel.jar:na&amp;#93;&lt;/span&gt;&lt;br/&gt;
	at org.glassfish.grizzly.http.server.HttpHandler.runService(HttpHandler.java:191) ~&lt;span class="error"&gt;&amp;#91;nucleus-grizzly-all.jar:na&amp;#93;&lt;/span&gt;&lt;br/&gt;
	at org.glassfish.grizzly.http.server.HttpHandler.doHandle(HttpHandler.java:168) ~&lt;span class="error"&gt;&amp;#91;nucleus-grizzly-all.jar:na&amp;#93;&lt;/span&gt;&lt;br/&gt;
	at org.glassfish.grizzly.http.server.HttpServerFilter.handleRead(HttpServerFilter.java:189) ~&lt;span class="error"&gt;&amp;#91;nucleus-grizzly-all.jar:na&amp;#93;&lt;/span&gt;&lt;br/&gt;
	at org.glassfish.grizzly.filterchain.ExecutorResolver$9.execute(ExecutorResolver.java:119) ~&lt;span class="error"&gt;&amp;#91;nucleus-grizzly-all.jar:na&amp;#93;&lt;/span&gt;&lt;br/&gt;
	at org.glassfish.grizzly.filterchain.DefaultFilterChain.executeFilter(DefaultFilterChain.java:288) ~&lt;span class="error"&gt;&amp;#91;nucleus-grizzly-all.jar:na&amp;#93;&lt;/span&gt;&lt;br/&gt;
	at org.glassfish.grizzly.filterchain.DefaultFilterChain.executeChainPart(DefaultFilterChain.java:206) ~&lt;span class="error"&gt;&amp;#91;nucleus-grizzly-all.jar:na&amp;#93;&lt;/span&gt;&lt;br/&gt;
	at org.glassfish.grizzly.filterchain.DefaultFilterChain.execute(DefaultFilterChain.java:136) ~&lt;span class="error"&gt;&amp;#91;nucleus-grizzly-all.jar:na&amp;#93;&lt;/span&gt;&lt;br/&gt;
	at org.glassfish.grizzly.filterchain.DefaultFilterChain.process(DefaultFilterChain.java:114) ~&lt;span class="error"&gt;&amp;#91;nucleus-grizzly-all.jar:na&amp;#93;&lt;/span&gt;&lt;br/&gt;
	at org.glassfish.grizzly.ProcessorExecutor.execute(ProcessorExecutor.java:77) ~&lt;span class="error"&gt;&amp;#91;nucleus-grizzly-all.jar:na&amp;#93;&lt;/span&gt;&lt;br/&gt;
	at org.glassfish.grizzly.nio.transport.TCPNIOTransport.fireIOEvent(TCPNIOTransport.java:838) ~&lt;span class="error"&gt;&amp;#91;nucleus-grizzly-all.jar:na&amp;#93;&lt;/span&gt;&lt;br/&gt;
	at org.glassfish.grizzly.strategies.AbstractIOStrategy.fireIOEvent(AbstractIOStrategy.java:113) ~&lt;span class="error"&gt;&amp;#91;nucleus-grizzly-all.jar:na&amp;#93;&lt;/span&gt;&lt;br/&gt;
	at org.glassfish.grizzly.strategies.WorkerThreadIOStrategy.run0(WorkerThreadIOStrategy.java:115) ~&lt;span class="error"&gt;&amp;#91;nucleus-grizzly-all.jar:na&amp;#93;&lt;/span&gt;&lt;br/&gt;
	at org.glassfish.grizzly.strategies.WorkerThreadIOStrategy.access$100(WorkerThreadIOStrategy.java:55) ~&lt;span class="error"&gt;&amp;#91;nucleus-grizzly-all.jar:na&amp;#93;&lt;/span&gt;&lt;br/&gt;
	at org.glassfish.grizzly.strategies.WorkerThreadIOStrategy$WorkerThreadRunnable.run(WorkerThreadIOStrategy.java:135) ~&lt;span class="error"&gt;&amp;#91;nucleus-grizzly-all.jar:na&amp;#93;&lt;/span&gt;&lt;br/&gt;
	at org.glassfish.grizzly.threadpool.AbstractThreadPool$Worker.doWork(AbstractThreadPool.java:564) ~&lt;span class="error"&gt;&amp;#91;nucleus-grizzly-all.jar:na&amp;#93;&lt;/span&gt;&lt;br/&gt;
	at org.glassfish.grizzly.threadpool.AbstractThreadPool$Worker.run(AbstractThreadPool.java:544) ~&lt;span class="error"&gt;&amp;#91;nucleus-grizzly-all.jar:na&amp;#93;&lt;/span&gt;&lt;br/&gt;
	at java.lang.Thread.run(Thread.java:724) ~&lt;span class="error"&gt;&amp;#91;na:1.7.0_25&amp;#93;&lt;/span&gt;&lt;br/&gt;
Caused by: java.lang.reflect.InvocationTargetException: null&lt;br/&gt;
	at sun.reflect.NativeConstructorAccessorImpl.newInstance0(Native Method) ~&lt;span class="error"&gt;&amp;#91;na:1.7.0_25&amp;#93;&lt;/span&gt;&lt;br/&gt;
	at sun.reflect.NativeConstructorAccessorImpl.newInstance(NativeConstructorAccessorImpl.java:57) ~&lt;span class="error"&gt;&amp;#91;na:1.7.0_25&amp;#93;&lt;/span&gt;&lt;br/&gt;
	at sun.reflect.DelegatingConstructorAccessorImpl.newInstance(DelegatingConstructorAccessorImpl.java:45) ~&lt;span class="error"&gt;&amp;#91;na:1.7.0_25&amp;#93;&lt;/span&gt;&lt;br/&gt;
	at java.lang.reflect.Constructor.newInstance(Constructor.java:526) ~&lt;span class="error"&gt;&amp;#91;na:1.7.0_25&amp;#93;&lt;/span&gt;&lt;br/&gt;
	at org.apache.wicket.session.DefaultPageFactory.newPage(DefaultPageFactory.java:171) ~&lt;span class="error"&gt;&amp;#91;wicket-core-6.9.0-SNAPSHOT.jar:6.9.0-SNAPSHOT&amp;#93;&lt;/span&gt;&lt;br/&gt;
	... 43 common frames omitted&lt;br/&gt;
Caused by: org.jboss.weld.exceptions.IllegalArgumentException: WELD-000070 Simple bean &lt;span class="error"&gt;&amp;#91;EnhancedAnnotatedTypeImpl&amp;#93;&lt;/span&gt;  class org.apache.wicket.devutils.debugbar.DebugBar$3 cannot be a non-static inner class&lt;br/&gt;
	at org.jboss.weld.manager.InjectionTargetFactoryImpl.createInjectionTarget(InjectionTargetFactoryImpl.java:82) ~&lt;span class="error"&gt;&amp;#91;weld-osgi-bundle.jar:20130513-1450&amp;#93;&lt;/span&gt;&lt;br/&gt;
	at org.jboss.weld.manager.InjectionTargetFactoryImpl.createInjectionTarget(InjectionTargetFactoryImpl.java:68) ~&lt;span class="error"&gt;&amp;#91;weld-osgi-bundle.jar:20130513-1450&amp;#93;&lt;/span&gt;&lt;br/&gt;
	at org.jboss.weld.manager.BeanManagerImpl.createInjectionTarget(BeanManagerImpl.java:1039) ~&lt;span class="error"&gt;&amp;#91;weld-osgi-bundle.jar:20130513-1450&amp;#93;&lt;/span&gt;&lt;br/&gt;
	at org.apache.wicket.cdi.NonContextual.&amp;lt;init&amp;gt;(NonContextual.java:118) ~&lt;span class="error"&gt;&amp;#91;wicket-cdi-6.9.0-SNAPSHOT.jar:6.9.0-SNAPSHOT&amp;#93;&lt;/span&gt;&lt;br/&gt;
	at org.apache.wicket.cdi.NonContextual.of(NonContextual.java:84) ~&lt;span class="error"&gt;&amp;#91;wicket-cdi-6.9.0-SNAPSHOT.jar:6.9.0-SNAPSHOT&amp;#93;&lt;/span&gt;&lt;br/&gt;
	at org.apache.wicket.cdi.NonContextualManager.inject(NonContextualManager.java:54) ~&lt;span class="error"&gt;&amp;#91;wicket-cdi-6.9.0-SNAPSHOT.jar:6.9.0-SNAPSHOT&amp;#93;&lt;/span&gt;&lt;br/&gt;
	at org.apache.wicket.cdi.AbstractInjector.inject(AbstractInjector.java:43) ~&lt;span class="error"&gt;&amp;#91;wicket-cdi-6.9.0-SNAPSHOT.jar:6.9.0-SNAPSHOT&amp;#93;&lt;/span&gt;&lt;br/&gt;
	at org.apache.wicket.cdi.ComponentInjector.onInstantiation(ComponentInjector.java:57) ~&lt;span class="error"&gt;&amp;#91;wicket-cdi-6.9.0-SNAPSHOT.jar:6.9.0-SNAPSHOT&amp;#93;&lt;/span&gt;&lt;br/&gt;
	at org.apache.wicket.application.ComponentInstantiationListenerCollection$1.notify(ComponentInstantiationListenerCollection.java:38) ~&lt;span class="error"&gt;&amp;#91;wicket-core-6.9.0-SNAPSHOT.jar:6.9.0-SNAPSHOT&amp;#93;&lt;/span&gt;&lt;br/&gt;
	at org.apache.wicket.application.ComponentInstantiationListenerCollection$1.notify(ComponentInstantiationListenerCollection.java:34) ~&lt;span class="error"&gt;&amp;#91;wicket-core-6.9.0-SNAPSHOT.jar:6.9.0-SNAPSHOT&amp;#93;&lt;/span&gt;&lt;br/&gt;
	at org.apache.wicket.util.listener.ListenerCollection.notify(ListenerCollection.java:80) ~&lt;span class="error"&gt;&amp;#91;wicket-util-6.9.0-SNAPSHOT.jar:6.9.0-SNAPSHOT&amp;#93;&lt;/span&gt;&lt;br/&gt;
	at org.apache.wicket.application.ComponentInstantiationListenerCollection.onInstantiation(ComponentInstantiationListenerCollection.java:33) ~&lt;span class="error"&gt;&amp;#91;wicket-core-6.9.0-SNAPSHOT.jar:6.9.0-SNAPSHOT&amp;#93;&lt;/span&gt;&lt;br/&gt;
	at org.apache.wicket.Component.&amp;lt;init&amp;gt;(Component.java:683) ~&lt;span class="error"&gt;&amp;#91;wicket-core-6.9.0-SNAPSHOT.jar:6.9.0-SNAPSHOT&amp;#93;&lt;/span&gt;&lt;br/&gt;
	at org.apache.wicket.MarkupContainer.&amp;lt;init&amp;gt;(MarkupContainer.java:121) ~&lt;span class="error"&gt;&amp;#91;wicket-core-6.9.0-SNAPSHOT.jar:6.9.0-SNAPSHOT&amp;#93;&lt;/span&gt;&lt;br/&gt;
	at org.apache.wicket.markup.html.WebMarkupContainer.&amp;lt;init&amp;gt;(WebMarkupContainer.java:52) ~&lt;span class="error"&gt;&amp;#91;wicket-core-6.9.0-SNAPSHOT.jar:6.9.0-SNAPSHOT&amp;#93;&lt;/span&gt;&lt;br/&gt;
	at org.apache.wicket.markup.repeater.AbstractRepeater.&amp;lt;init&amp;gt;(AbstractRepeater.java:67) ~&lt;span class="error"&gt;&amp;#91;wicket-core-6.9.0-SNAPSHOT.jar:6.9.0-SNAPSHOT&amp;#93;&lt;/span&gt;&lt;br/&gt;
	at org.apache.wicket.markup.html.list.ListView.&amp;lt;init&amp;gt;(ListView.java:140) ~&lt;span class="error"&gt;&amp;#91;wicket-core-6.9.0-SNAPSHOT.jar:6.9.0-SNAPSHOT&amp;#93;&lt;/span&gt;&lt;br/&gt;
	at org.apache.wicket.markup.html.list.ListView.&amp;lt;init&amp;gt;(ListView.java:162) ~&lt;span class="error"&gt;&amp;#91;wicket-core-6.9.0-SNAPSHOT.jar:6.9.0-SNAPSHOT&amp;#93;&lt;/span&gt;&lt;br/&gt;
	at org.apache.wicket.devutils.debugbar.DebugBar$3.&amp;lt;init&amp;gt;(DebugBar.java:131) ~&lt;span class="error"&gt;&amp;#91;wicket-devutils-6.9.0-SNAPSHOT.jar:6.9.0-SNAPSHOT&amp;#93;&lt;/span&gt;&lt;br/&gt;
	at org.apache.wicket.devutils.debugbar.DebugBar.contentSection(DebugBar.java:130) ~&lt;span class="error"&gt;&amp;#91;wicket-devutils-6.9.0-SNAPSHOT.jar:6.9.0-SNAPSHOT&amp;#93;&lt;/span&gt;&lt;br/&gt;
	at org.apache.wicket.devutils.debugbar.DebugBar.&amp;lt;init&amp;gt;(DebugBar.java:117) ~&lt;span class="error"&gt;&amp;#91;wicket-devutils-6.9.0-SNAPSHOT.jar:6.9.0-SNAPSHOT&amp;#93;&lt;/span&gt;&lt;br/&gt;
	at org.apache.wicket.devutils.debugbar.DebugBar.&amp;lt;init&amp;gt;(DebugBar.java:86) ~&lt;span class="error"&gt;&amp;#91;wicket-devutils-6.9.0-SNAPSHOT.jar:6.9.0-SNAPSHOT&amp;#93;&lt;/span&gt;&lt;br/&gt;
	at com.mydomain.webapp.common.StandardBasePage.&amp;lt;init&amp;gt;(StandardBasePage.java:52) ~&lt;span class="error"&gt;&amp;#91;StandardBasePage.class:na&amp;#93;&lt;/span&gt;&lt;br/&gt;
	at com.mydomain.webapp.HomePage.&amp;lt;init&amp;gt;(HomePage.java:22) ~&lt;span class="error"&gt;&amp;#91;HomePage.class:na&amp;#93;&lt;/span&gt;&lt;br/&gt;
	... 48 common frames omitted&lt;/p&gt;</comment>
                            <comment id="13688888" author="mgrigorov" created="Thu, 20 Jun 2013 05:38:21 +0000">&lt;p&gt;I have fixed this the other day by adding a check to not process for injecting an anonymous class.&lt;br/&gt;
Are you sure that you have the latest 6.x code ?&lt;/p&gt;</comment>
                            <comment id="13688894" author="leadseeker" created="Thu, 20 Jun 2013 05:50:15 +0000">&lt;p&gt;I'm pretty sure it's the latest code unless I'm doing something daft...&lt;br/&gt;
This line in the above stack trace suggests I'm using your recently modified ComponentInjector.java as line 57 was not present before:&lt;br/&gt;
at org.apache.wicket.cdi.ComponentInjector.onInstantiation(ComponentInjector.java:57) ~&lt;span class="error"&gt;&amp;#91;wicket-cdi-6.9.0-SNAPSHOT.jar:6.9.0-SNAPSHOT&amp;#93;&lt;/span&gt;&lt;/p&gt;</comment>
                            <comment id="13688900" author="mgrigorov" created="Thu, 20 Jun 2013 05:58:01 +0000">&lt;p&gt;Indeed. It appears that I have forgotten to merge the fix from master to 6.x.&lt;br/&gt;
Just did it. Please pull  and try again.&lt;/p&gt;</comment>
                            <comment id="13688930" author="leadseeker" created="Thu, 20 Jun 2013 06:43:40 +0000">&lt;p&gt;That has solved the DebugBar issue which is now getting skipped correctly.&lt;br/&gt;
2013-06-20 08:18:20,875 &lt;span class="error"&gt;&amp;#91;http-listener-2(2)&amp;#93;&lt;/span&gt; DEBUG org.apache.wicket.cdi.ComponentInjector - Skipping non-static inner class 'class org.apache.wicket.devutils.debugbar.DebugBar$3' &lt;/p&gt;

&lt;p&gt;I'm still getting the exception on other components though, see WELD-000070_1.txt&lt;/p&gt;</comment>
                            <comment id="13688942" author="mgrigorov" created="Thu, 20 Jun 2013 06:51:40 +0000">&lt;p&gt;com.mydomain.webapp.common.PostalAddressLookupPanel$1 looks the same - an anonymous class.&lt;br/&gt;
Please either update the quickstart so it is failing again or put a breakpoint at ComponentInjector and see why this class is processed.&lt;/p&gt;</comment>
                            <comment id="13688972" author="leadseeker" created="Thu, 20 Jun 2013 07:23:45 +0000">&lt;p&gt;Updated quickstart&lt;/p&gt;</comment>
                            <comment id="13688975" author="leadseeker" created="Thu, 20 Jun 2013 07:26:42 +0000">&lt;p&gt;Seems to be AjaxLink now causing the error, just adding an AjaxLink to a Page will trigger it:&lt;br/&gt;
Last cause: WELD-000070 Simple bean &lt;span class="error"&gt;&amp;#91;EnhancedAnnotatedTypeImpl&amp;#93;&lt;/span&gt;  class org.apache.wicket.ajax.markup.html.AjaxLink$1 cannot be a non-static inner class&lt;/p&gt;</comment>
                            <comment id="13688986" author="mgrigorov" created="Thu, 20 Jun 2013 07:52:09 +0000">&lt;p&gt;Thanks!&lt;br/&gt;
Moved the check to AbstractInjector so it is reused by ComponentInjector and BehaviorInjector.&lt;br/&gt;
I'm not sure whether the same check should be used for @PostConstruct too.&lt;br/&gt;
Please try again.&lt;/p&gt;</comment>
                            <comment id="13688997" author="leadseeker" created="Thu, 20 Jun 2013 08:06:27 +0000">&lt;p&gt;Looking good so far &lt;img class="emoticon" src="https://issues.apache.org/jira/images/icons/emoticons/smile.png" height="16" width="16" align="absmiddle" alt="" border="0"/&gt;&lt;br/&gt;
Many thanks - I'll let you know if I run into further CDI issues.&lt;/p&gt;</comment>
                            <comment id="13688998" author="mgrigorov" created="Thu, 20 Jun 2013 08:09:17 +0000">&lt;p&gt;Thanks for your help !&lt;/p&gt;</comment>
                    </comments>
                <issuelinks>
                            <issuelinktype id="12310000">
                    <name>Duplicate</name>
                                                                <inwardlinks description="is duplicated by">
                                        <issuelink>
            <issuekey id="12655080">WICKET-5253</issuekey>
        </issuelink>
                            </inwardlinks>
                                    </issuelinktype>
                            <issuelinktype id="12310050">
                    <name>Regression</name>
                                            <outwardlinks description="breaks">
                                        <issuelink>
            <issuekey id="12655983">WICKET-5264</issuekey>
        </issuelink>
                            </outwardlinks>
                                                        </issuelinktype>
                    </issuelinks>
                <attachments>
                            <attachment id="12588768" name="WELD-000070_1.txt" size="14582" author="leadseeker" created="Thu, 20 Jun 2013 06:44:59 +0000" />
                            <attachment id="12587368" name="cditest.zip" size="46497" author="leadseeker" created="Wed, 12 Jun 2013 04:27:05 +0000" />
                            <attachment id="12588777" name="cditest_2.zip" size="69973" author="leadseeker" created="Thu, 20 Jun 2013 07:23:45 +0000" />
                    </attachments>
                <subtasks>
                    </subtasks>
                <customfields>
                                                                                                                                                                                                                                                                                                                                                                                                                                                                                                                                                                                                                                                                                                                    <customfield id="customfield_12314020" key="com.atlassian.jira.plugins.jira-development-integration-plugin:devsummary">
                        <customfieldname>Development</customfieldname>
                        <customfieldvalues>
                            
                        </customfieldvalues>
                    </customfield>
                                                                                                                        <customfield id="customfield_12313422" key="com.atlassian.jirafisheyeplugin:jobcheckbox">
                        <customfieldname>Enable Automatic Patch Review</customfieldname>
                        <customfieldvalues>
                            <customfieldvalue>false</customfieldvalue>

                        </customfieldvalues>
                    </customfield>
                                                                                                                                                                                                                                                                                                                                                                                                                                                                                                                                                                                                                    <customfield id="customfield_12310420" key="com.pyxis.greenhopper.jira:gh-global-rank">
                        <customfieldname>Global Rank</customfieldname>
                        <customfieldvalues>
                            <customfieldvalue>332642</customfieldvalue>
                        </customfieldvalues>
                    </customfield>
                                                                                                                                                                                                                                                                                                                                                                                                                                                                        <customfield id="customfield_12311820" key="com.pyxis.greenhopper.jira:gh-lexo-rank">
                        <customfieldname>Rank</customfieldname>
                        <customfieldvalues>
                            <customfieldvalue>0|i1ldtz:</customfieldvalue>

                        </customfieldvalues>
                    </customfield>
                                                                <customfield id="customfield_12310920" key="com.pyxis.greenhopper.jira:gh-global-rank">
                        <customfieldname>Rank (Obsolete)</customfieldname>
                        <customfieldvalues>
                            <customfieldvalue>332971</customfieldvalue>
                        </customfieldvalues>
                    </customfield>
                                                                                                                                                                                                                                                                                                                                                                                                                                                                                                                                                                                                                                                                                                                                                                                            </customfields>
    </item>


</channel>
</rss>