<rss version="0.92">
    <channel>
        <title>ASF JIRA</title>
        <link>https://issues.apache.org/jira/issues/?jql=project+%3D+wicket+and+type+%3D+bug+and+%28status+%3D+RESOLVED+or+status+%3D+closed%29</link>
        <description>An XML representation of a search request</description>
                <language>en-uk</language>
                        <issue start="0" end="1000" total="4133" />
                <build-info>
            <version>8.20.7</version>
            <build-number>820007</build-number>
            <build-date>16-03-2022</build-date>
        </build-info>

<item>
            <title>[WICKET-5970] UrlRenderer does not render fragments</title>
                <link>https://issues.apache.org/jira/browse/WICKET-5970</link>
                <project id="12310561" key="WICKET">Wicket</project>
                    <description>&lt;p&gt;UrlRenderer does not render fragments in its urls. This turns out to be problematic when implementing the OAuth2 implicit grant flow, which requires are redirect to an url with a fragment.&lt;/p&gt;</description>
                <environment />
        <key id="12856936">WICKET-5970</key>
            <summary>UrlRenderer does not render fragments</summary>
                <type id="1" iconUrl="https://issues.apache.org/jira/secure/viewavatar?size=xsmall&amp;avatarId=21133&amp;avatarType=issuetype">Bug</type>
                                            <priority id="3" iconUrl="https://issues.apache.org/jira/images/icons/priorities/major.svg">Major</priority>
                        <status id="6" iconUrl="https://issues.apache.org/jira/images/icons/statuses/closed.png" description="The issue is considered finished, the resolution is correct. Issues which are not closed can be reopened.">Closed</status>
                    <statusCategory id="3" key="done" colorName="green" />
                                    <resolution id="1">Fixed</resolution>
                                        <assignee username="-1">Unassigned</assignee>
                                    <reporter username="papegaaij">Emond Papegaaij</reporter>
                        <labels>
                    </labels>
                <created>Tue, 18 Aug 2015 14:46:26 +0000</created>
                <updated>Tue, 18 Aug 2015 20:05:11 +0000</updated>
                            <resolved>Tue, 18 Aug 2015 14:52:28 +0000</resolved>
                                    <version>6.20.0</version>
                    <version>7.0.0</version>
                                    <fixVersion>6.21.0</fixVersion>
                    <fixVersion>7.1.0</fixVersion>
                                    <component>wicket</component>
                        <due />
                            <votes>0</votes>
                                    <watches>2</watches>
                                                                <comments>
                            <comment id="14701372" author="jira-bot" created="Tue, 18 Aug 2015 14:50:28 +0000">&lt;p&gt;Commit bdaeef3de34320bf1111d0402cab04926d59e4cd in wicket's branch refs/heads/master from &lt;a href="https://issues.apache.org/jira/secure/ViewProfile.jspa?name=papegaaij" class="user-hover" rel="papegaaij"&gt;papegaaij&lt;/a&gt;&lt;br/&gt;
[ &lt;a href="https://git-wip-us.apache.org/repos/asf?p=wicket.git;h=bdaeef3" class="external-link" target="_blank" rel="nofollow noopener"&gt;https://git-wip-us.apache.org/repos/asf?p=wicket.git;h=bdaeef3&lt;/a&gt; ]&lt;/p&gt;

&lt;p&gt;&lt;a href="https://issues.apache.org/jira/browse/WICKET-5970" title="UrlRenderer does not render fragments" class="issue-link" data-issue-key="WICKET-5970"&gt;&lt;del&gt;WICKET-5970&lt;/del&gt;&lt;/a&gt;: render fragments in urls&lt;/p&gt;</comment>
                            <comment id="14701373" author="jira-bot" created="Tue, 18 Aug 2015 14:50:43 +0000">&lt;p&gt;Commit 62f95feb6226dfe9bdad37a8760250405e560654 in wicket's branch refs/heads/wicket-6.x from &lt;a href="https://issues.apache.org/jira/secure/ViewProfile.jspa?name=papegaaij" class="user-hover" rel="papegaaij"&gt;papegaaij&lt;/a&gt;&lt;br/&gt;
[ &lt;a href="https://git-wip-us.apache.org/repos/asf?p=wicket.git;h=62f95fe" class="external-link" target="_blank" rel="nofollow noopener"&gt;https://git-wip-us.apache.org/repos/asf?p=wicket.git;h=62f95fe&lt;/a&gt; ]&lt;/p&gt;

&lt;p&gt;&lt;a href="https://issues.apache.org/jira/browse/WICKET-5970" title="UrlRenderer does not render fragments" class="issue-link" data-issue-key="WICKET-5970"&gt;&lt;del&gt;WICKET-5970&lt;/del&gt;&lt;/a&gt;: render fragments in urls&lt;/p&gt;

&lt;p&gt;Conflicts:&lt;br/&gt;
	wicket-core/src/test/java/org/apache/wicket/request/cycle/UrlRendererTest.java&lt;br/&gt;
	wicket-request/src/main/java/org/apache/wicket/request/UrlRenderer.java&lt;/p&gt;</comment>
                    </comments>
                <issuelinks>
                            <issuelinktype id="10030">
                    <name>Reference</name>
                                            <outwardlinks description="relates to">
                                        <issuelink>
            <issuekey id="12841634">WICKET-5938</issuekey>
        </issuelink>
                            </outwardlinks>
                                                        </issuelinktype>
                    </issuelinks>
                <attachments>
                    </attachments>
                <subtasks>
                    </subtasks>
                <customfields>
                                                                                                                                                                                                                                                                                                                                                                                                                                                                                                                                                                                                                                                                                                                    <customfield id="customfield_12314020" key="com.atlassian.jira.plugins.jira-development-integration-plugin:devsummary">
                        <customfieldname>Development</customfieldname>
                        <customfieldvalues>
                            
                        </customfieldvalues>
                    </customfield>
                                                                                                                        <customfield id="customfield_12313422" key="com.atlassian.jirafisheyeplugin:jobcheckbox">
                        <customfieldname>Enable Automatic Patch Review</customfieldname>
                        <customfieldvalues>
                            <customfieldvalue>false</customfieldvalue>

                        </customfieldvalues>
                    </customfield>
                                                                                                                                                                                                                                                                                                                                                                                                                                                                                                                                                                                                                    <customfield id="customfield_12310420" key="com.pyxis.greenhopper.jira:gh-global-rank">
                        <customfieldname>Global Rank</customfieldname>
                        <customfieldvalues>
                            <customfieldvalue>9223372036854775807</customfieldvalue>
                        </customfieldvalues>
                    </customfield>
                                                                                                                                                                                                                                                                                                                                                                                                                                                                        <customfield id="customfield_12311820" key="com.pyxis.greenhopper.jira:gh-lexo-rank">
                        <customfieldname>Rank</customfieldname>
                        <customfieldvalues>
                            <customfieldvalue>0|i2j22v:</customfieldvalue>

                        </customfieldvalues>
                    </customfield>
                                                                <customfield id="customfield_12310920" key="com.pyxis.greenhopper.jira:gh-global-rank">
                        <customfieldname>Rank (Obsolete)</customfieldname>
                        <customfieldvalues>
                            <customfieldvalue>9223372036854775807</customfieldvalue>
                        </customfieldvalues>
                    </customfield>
                                                                                                                                                                                                                                                                                                                                                                                                                                                                                                                                                                                                                                                                                                                                                                                            </customfields>
    </item>


</channel>
</rss>