<rss version="0.92">
    <channel>
        <title>ASF JIRA</title>
        <link>https://issues.apache.org/jira/issues/?jql=project+%3D+wicket+and+type+%3D+bug+and+%28status+%3D+RESOLVED+or+status+%3D+closed%29</link>
        <description>An XML representation of a search request</description>
                <language>en-uk</language>
                        <issue start="0" end="1000" total="4133" />
                <build-info>
            <version>8.20.7</version>
            <build-number>820007</build-number>
            <build-date>16-03-2022</build-date>
        </build-info>

<item>
            <title>[WICKET-5485] Broken links in wicket guide</title>
                <link>https://issues.apache.org/jira/browse/WICKET-5485</link>
                <project id="12310561" key="WICKET">Wicket</project>
                    <description>&lt;p&gt;There are some broken links in the Wicket Guide: &lt;/p&gt;

&lt;p&gt;&lt;a href="http://wicket.apache.org/guide/ref/Httpsissuesapacheorgjirabrowse%20WICKET/JIRA.html" class="external-link" target="_blank" rel="nofollow noopener"&gt;http://wicket.apache.org/guide/ref/Httpsissuesapacheorgjirabrowse%20WICKET/JIRA.html&lt;/a&gt;&lt;br/&gt;
&lt;a href="http://en.wikipedia.org/wiki/Dynamic_HTM" class="external-link" target="_blank" rel="nofollow noopener"&gt;http://en.wikipedia.org/wiki/Dynamic_HTM&lt;/a&gt;&lt;br/&gt;
 &lt;a href="http://wicket.apache.org/guide/ref/Httpssvnapacheorgreposasfwicketcommonsitetrunksite/site.html" class="external-link" target="_blank" rel="nofollow noopener"&gt;http://wicket.apache.org/guide/ref/Httpssvnapacheorgreposasfwicketcommonsitetrunksite/site.html&lt;/a&gt;&lt;br/&gt;
&lt;a href="https://github.com/wicketstuff/core" class="external-link" target="_blank" rel="nofollow noopener"&gt;https://github.com/wicketstuff/core&lt;/a&gt;.&lt;/p&gt;

&lt;p&gt;See this link checker: &lt;a href="http://validator.w3.org/checklink?uri=http%3A%2F%2Fwicket.apache.org%2Fguide%2Fguide%2Fsingle.html&amp;amp;hide_type=all&amp;amp;depth=&amp;amp;check=Check" class="external-link" target="_blank" rel="nofollow noopener"&gt;http://validator.w3.org/checklink?uri=http%3A%2F%2Fwicket.apache.org%2Fguide%2Fguide%2Fsingle.html&amp;amp;hide_type=all&amp;amp;depth=&amp;amp;check=Check&lt;/a&gt;&lt;/p&gt;</description>
                <environment />
        <key id="12690772">WICKET-5485</key>
            <summary>Broken links in wicket guide</summary>
                <type id="1" iconUrl="https://issues.apache.org/jira/secure/viewavatar?size=xsmall&amp;avatarId=21133&amp;avatarType=issuetype">Bug</type>
                                            <priority id="3" iconUrl="https://issues.apache.org/jira/images/icons/priorities/major.svg">Major</priority>
                        <status id="5" iconUrl="https://issues.apache.org/jira/images/icons/statuses/resolved.png" description="A resolution has been taken, and it is awaiting verification by reporter. From here issues are either reopened, or are closed.">Resolved</status>
                    <statusCategory id="3" key="done" colorName="green" />
                                    <resolution id="1">Fixed</resolution>
                                        <assignee username="mgrigorov">Martin Tzvetanov Grigorov</assignee>
                                    <reporter username="froque">Filipe Roque</reporter>
                        <labels>
                            <label>documentation</label>
                            <label>easyfix</label>
                    </labels>
                <created>Thu, 23 Jan 2014 14:26:12 +0000</created>
                <updated>Tue, 28 Jan 2014 16:21:55 +0000</updated>
                            <resolved>Mon, 27 Jan 2014 16:22:27 +0000</resolved>
                                                                    <component>guide</component>
                        <due />
                            <votes>0</votes>
                                    <watches>3</watches>
                                                                <comments>
                            <comment id="13882934" author="mgrigorov" created="Mon, 27 Jan 2014 16:22:27 +0000">&lt;p&gt;I have fixed them.&lt;br/&gt;
After the update of the site the link checker still see these errors :-/ &lt;br/&gt;
I guess it still sees old caches.&lt;/p&gt;</comment>
                            <comment id="13884290" author="bitstorm" created="Tue, 28 Jan 2014 16:21:55 +0000">&lt;p&gt;Now the checker sees no error. Thank you!&lt;/p&gt;</comment>
                    </comments>
                    <attachments>
                    </attachments>
                <subtasks>
                    </subtasks>
                <customfields>
                                                                                                                                                                                                                                                                                                                                                                                                                                                                                                                                                                                                                                                                                                                    <customfield id="customfield_12314020" key="com.atlassian.jira.plugins.jira-development-integration-plugin:devsummary">
                        <customfieldname>Development</customfieldname>
                        <customfieldvalues>
                            
                        </customfieldvalues>
                    </customfield>
                                                                                                                        <customfield id="customfield_12313422" key="com.atlassian.jirafisheyeplugin:jobcheckbox">
                        <customfieldname>Enable Automatic Patch Review</customfieldname>
                        <customfieldvalues>
                            <customfieldvalue>false</customfieldvalue>

                        </customfieldvalues>
                    </customfield>
                                                                                                                                                                                                                                                                                                                                                                                                                                                                                                                                                                                                                    <customfield id="customfield_12310420" key="com.pyxis.greenhopper.jira:gh-global-rank">
                        <customfieldname>Global Rank</customfieldname>
                        <customfieldvalues>
                            <customfieldvalue>369510</customfieldvalue>
                        </customfieldvalues>
                    </customfield>
                                                                                                                                                                                                                                                                                                                                                                                                                                                                        <customfield id="customfield_12311820" key="com.pyxis.greenhopper.jira:gh-lexo-rank">
                        <customfieldname>Rank</customfieldname>
                        <customfieldvalues>
                            <customfieldvalue>0|i1rorr:</customfieldvalue>

                        </customfieldvalues>
                    </customfield>
                                                                <customfield id="customfield_12310920" key="com.pyxis.greenhopper.jira:gh-global-rank">
                        <customfieldname>Rank (Obsolete)</customfieldname>
                        <customfieldvalues>
                            <customfieldvalue>369815</customfieldvalue>
                        </customfieldvalues>
                    </customfield>
                                                                                                                                                                                                                                                                                                                                                                                                                                                                                                                                                                                                                                                                                                                                                                                            </customfields>
    </item>


</channel>
</rss>