<rss version="0.92">
    <channel>
        <title>ASF JIRA</title>
        <link>https://issues.apache.org/jira/issues/?jql=project+%3D+wicket+and+type+%3D+bug+and+%28status+%3D+RESOLVED+or+status+%3D+closed%29</link>
        <description>An XML representation of a search request</description>
                <language>en-uk</language>
                        <issue start="0" end="1000" total="4133" />
                <build-info>
            <version>8.20.7</version>
            <build-number>820007</build-number>
            <build-date>16-03-2022</build-date>
        </build-info>

<item>
            <title>[WICKET-5434] modal window is draggable</title>
                <link>https://issues.apache.org/jira/browse/WICKET-5434</link>
                <project id="12310561" key="WICKET">Wicket</project>
                    <description>&lt;p&gt;I want to fix the modal widow for all the browser window at center but i get failure in all browser window. &lt;/p&gt;

&lt;p&gt;so please tell me what is issue to fix the modal window at center of the browser.&lt;/p&gt;</description>
                <environment>java, wicket</environment>
        <key id="12682102">WICKET-5434</key>
            <summary>modal window is draggable</summary>
                <type id="1" iconUrl="https://issues.apache.org/jira/secure/viewavatar?size=xsmall&amp;avatarId=21133&amp;avatarType=issuetype">Bug</type>
                                            <priority id="3" iconUrl="https://issues.apache.org/jira/images/icons/priorities/major.svg">Major</priority>
                        <status id="5" iconUrl="https://issues.apache.org/jira/images/icons/statuses/resolved.png" description="A resolution has been taken, and it is awaiting verification by reporter. From here issues are either reopened, or are closed.">Resolved</status>
                    <statusCategory id="3" key="done" colorName="green" />
                                    <resolution id="6">Invalid</resolution>
                                        <assignee username="-1">Unassigned</assignee>
                                    <reporter username="shivamoist">shivam</reporter>
                        <labels>
                            <label>documentation</label>
                            <label>javascript</label>
                            <label>test</label>
                    </labels>
                <created>Mon, 2 Dec 2013 10:52:01 +0000</created>
                <updated>Mon, 2 Dec 2013 10:56:10 +0000</updated>
                            <resolved>Mon, 2 Dec 2013 10:56:10 +0000</resolved>
                                    <version>6.4.0</version>
                    <version>1.4.22</version>
                                                    <component>wicket</component>
                        <due />
                            <votes>0</votes>
                                    <watches>2</watches>
                                    <timeoriginalestimate seconds="172800">48h</timeoriginalestimate>
                            <timeestimate seconds="172800">48h</timeestimate>
                                        <comments>
                            <comment id="13836418" author="mgrigorov" created="Mon, 2 Dec 2013 10:56:10 +0000">&lt;p&gt;JIRA is not support forum.&lt;br/&gt;
Please use users@wicket.apache.org mailing list.&lt;/p&gt;</comment>
                    </comments>
                    <attachments>
                    </attachments>
                <subtasks>
                    </subtasks>
                <customfields>
                                                                                                                                                                                                                                                                                                                                                                                                                                                                                                                                                                                                                                                                                                                    <customfield id="customfield_12314020" key="com.atlassian.jira.plugins.jira-development-integration-plugin:devsummary">
                        <customfieldname>Development</customfieldname>
                        <customfieldvalues>
                            
                        </customfieldvalues>
                    </customfield>
                                                                                                                        <customfield id="customfield_12313422" key="com.atlassian.jirafisheyeplugin:jobcheckbox">
                        <customfieldname>Enable Automatic Patch Review</customfieldname>
                        <customfieldvalues>
                            <customfieldvalue>false</customfieldvalue>

                        </customfieldvalues>
                    </customfield>
                                                                                                                                                                                                                                                                                                                                                                                                                                                                                                                                                                                                                    <customfield id="customfield_12310420" key="com.pyxis.greenhopper.jira:gh-global-rank">
                        <customfieldname>Global Rank</customfieldname>
                        <customfieldvalues>
                            <customfieldvalue>361359</customfieldvalue>
                        </customfieldvalues>
                    </customfield>
                                                                                                                                                                                                                                                                                                                                                                                                                                                                        <customfield id="customfield_12311820" key="com.pyxis.greenhopper.jira:gh-lexo-rank">
                        <customfieldname>Rank</customfieldname>
                        <customfieldvalues>
                            <customfieldvalue>0|i1qai7:</customfieldvalue>

                        </customfieldvalues>
                    </customfield>
                                                                <customfield id="customfield_12310920" key="com.pyxis.greenhopper.jira:gh-global-rank">
                        <customfieldname>Rank (Obsolete)</customfieldname>
                        <customfieldvalues>
                            <customfieldvalue>361658</customfieldvalue>
                        </customfieldvalues>
                    </customfield>
                                                                                                                                                                                                                                                                                                                                                                                                                                                                                                                                                                                                                                                                                                                                                                                            </customfields>
    </item>


</channel>
</rss>