<rss version="0.92">
    <channel>
        <title>ASF JIRA</title>
        <link>https://issues.apache.org/jira/issues/?jql=project+%3D+wicket+and+type+%3D+bug+and+%28status+%3D+RESOLVED+or+status+%3D+closed%29</link>
        <description>An XML representation of a search request</description>
                <language>en-uk</language>
                        <issue start="0" end="1000" total="4133" />
                <build-info>
            <version>8.20.7</version>
            <build-number>820007</build-number>
            <build-date>16-03-2022</build-date>
        </build-info>

<item>
            <title>[WICKET-5726] Textfield shows old values in getInput()/getValue()</title>
                <link>https://issues.apache.org/jira/browse/WICKET-5726</link>
                <project id="12310561" key="WICKET">Wicket</project>
                    <description>
&lt;p&gt;I am having trouble to get new values from the text field.&lt;/p&gt;

&lt;p&gt;1. SearchPanel is component of webpages. so every webpage is rendered, searchPanel is on left side of the page&lt;/p&gt;

&lt;p&gt;2. ProductSearchForm extends Form&amp;lt;ProductPageModel&amp;gt; is a component of SearchPanel which has&lt;br/&gt;
	productName - TextField&lt;br/&gt;
	productId - TextField&lt;br/&gt;
	productGroup - DropdownChoice&lt;br/&gt;
	productType - DropdownChoice&lt;br/&gt;
	productStatus - DropdownChoice&lt;br/&gt;
	searchProduct, resetProduct - AjaxButton&lt;/p&gt;

&lt;p&gt;3. when Default page loads , SearchPanel and ProductSearchForm has default values. This page renders as per expected&lt;/p&gt;

&lt;p&gt;4. when productName / productId is give for search, based on records next page is List or Detail page which has SearccPanel On left side with the previous search values provided. This gives accurate results as per expected.&lt;/p&gt;

&lt;p&gt;5. when different productName / productId are given as new search parameters in the page rendered in step 4 , TextField value does not change. it retains the old value even in update method of AjaxFormComponentUpdatingBehavior("onchange") of productName/ productId TextFields. Need help urgently&lt;/p&gt;

&lt;p&gt;Code is as follows :&lt;/p&gt;

&lt;p&gt;HTML :&lt;/p&gt;

&lt;p&gt;				&amp;lt;FORM wicket:id="productSearchForm" method="post"&lt;br/&gt;
					name="productSearchForm" action=""&amp;gt;&lt;br/&gt;
					&amp;lt;SPAN class="formField"&amp;gt;&lt;br/&gt;
						&amp;lt;INPUT wicket:id="productName" size="30" name="productName" type="text"&amp;gt;&lt;br/&gt;
					&amp;lt;/SPAN&amp;gt; &lt;br/&gt;
					&amp;lt;SPAN class="formField"&amp;gt;&lt;br/&gt;
						&amp;lt;INPUT wicket:id="productId" size="30" name="productId" type="text" &amp;gt; &lt;br/&gt;
					&amp;lt;/SPAN&amp;gt;&lt;br/&gt;
					&amp;lt;SPAN class="formField"&amp;gt;&lt;br/&gt;
						&amp;lt;SELECT wicket:id="productType" class="pulldowns" size="1" name="productType"&amp;gt;&lt;br/&gt;
						&amp;lt;/SELECT&amp;gt;&lt;br/&gt;
					&amp;lt;/SPAN&amp;gt;&lt;br/&gt;
					&amp;lt;SPAN class="formField"&amp;gt;&lt;br/&gt;
						&amp;lt;SELECT wicket:id="productGroup" class="pulldowns" size="1" name="productGroup"&amp;gt;&lt;br/&gt;
						&amp;lt;/SELECT&amp;gt;&lt;br/&gt;
					&amp;lt;/SPAN&amp;gt;&lt;/p&gt;

&lt;p&gt;					&amp;lt;SPAN class="formField"&amp;gt;&lt;br/&gt;
						 &amp;lt;SELECT wicket:id="productStatus" class="pulldowns" size="1" name="statusCode"&amp;gt;&lt;br/&gt;
						&amp;lt;/SELECT&amp;gt; &lt;br/&gt;
					&amp;lt;/SPAN&amp;gt;&lt;br/&gt;
					&amp;lt;INPUT wicket:id="searchProduct" class="btnz" type="submit" value="SEARCH" name="btnFindFund" &amp;gt; &lt;br/&gt;
					&amp;lt;INPUT wicket:id="resetProduct" class="btnz" type="reset" value="RESET" name="btnResetFund" &amp;gt;&lt;br/&gt;
				&amp;lt;/FORM&amp;gt;&lt;/p&gt;

&lt;p&gt;JAVA :&lt;br/&gt;
private class ProductSearchForm extends Form&amp;lt;ProductPageModel&amp;gt; {&lt;br/&gt;
		private static final long serialVersionUID = 1L;&lt;/p&gt;

&lt;p&gt;		TextField&amp;lt;String&amp;gt; productName, productId;&lt;br/&gt;
		DropDownChoice&amp;lt;LookupPageModel&amp;gt; productType, productGroup,&lt;br/&gt;
					productStatus;&lt;br/&gt;
		CheckBox showProductSummary;&lt;/p&gt;

&lt;p&gt;		AjaxButton searchProduct, resetProduct;&lt;br/&gt;
		ProductPageModel searchObject;&lt;/p&gt;

&lt;p&gt;		public ProductSearchForm(String id, ProductPageModel productItem) {&lt;/p&gt;

&lt;p&gt;			super(id , new CompoundPropertyModel&amp;lt;ProductPageModel&amp;gt;(productItem));&lt;br/&gt;
			productName = new TextField&amp;lt;String&amp;gt;("productName", String.class);&lt;/p&gt;


&lt;p&gt;			productName.add(new AjaxFormComponentUpdatingBehavior(&lt;br/&gt;
						"onchange"){&lt;/p&gt;

&lt;p&gt;			private static final long serialVersionUID = 1L;&lt;/p&gt;

&lt;p&gt;			@Override&lt;br/&gt;
			protected void onUpdate(AjaxRequestTarget target) &lt;/p&gt;
{
						
				LOG.info("product Name = " + productName.getValue() );
						
				}

&lt;p&gt;			});&lt;/p&gt;

&lt;p&gt;			productId = new TextField&amp;lt;String&amp;gt;("productId", String.class);&lt;br/&gt;
			productId.add(new AjaxFormComponentUpdatingBehavior(&lt;br/&gt;
						"onchange"){&lt;/p&gt;

&lt;p&gt;			private static final long serialVersionUID = 1L;&lt;/p&gt;

&lt;p&gt;			@Override&lt;br/&gt;
			protected void onUpdate(AjaxRequestTarget target) &lt;/p&gt;
{
						
				LOG.info("product id = " + productId.getValue() );
						
				}

&lt;p&gt;			});&lt;br/&gt;
			productType = new DropDownChoice&amp;lt;LookupPageModel&amp;gt;(&lt;br/&gt;
						"productType", productTypesList, lookupRenderer) {&lt;/p&gt;

&lt;p&gt;				private static final long serialVersionUID = 1L;&lt;/p&gt;

&lt;p&gt;				@Override&lt;br/&gt;
				protected String getNullKeyDisplayValue() &lt;/p&gt;
{
						return "Select Product Type";
					}
&lt;p&gt;				};&lt;/p&gt;

&lt;p&gt;			productGroup = new DropDownChoice&amp;lt;LookupPageModel&amp;gt;(&lt;br/&gt;
						"productGroup", productGroupList, lookupRenderer) {&lt;/p&gt;

&lt;p&gt;				private static final long serialVersionUID = 1L;&lt;/p&gt;

&lt;p&gt;				@Override&lt;br/&gt;
				protected String getNullKeyDisplayValue() &lt;/p&gt;
{
						return "Select Product Group";
					}
&lt;p&gt;				};&lt;/p&gt;

&lt;p&gt;			productStatus = new DropDownChoice&amp;lt;LookupPageModel&amp;gt;(&lt;br/&gt;
					"productStatus" ,productStatusList, lookupRenderer) {&lt;/p&gt;

&lt;p&gt;				private static final long serialVersionUID = 1L;&lt;/p&gt;

&lt;p&gt;				@Override&lt;br/&gt;
				protected String getNullKeyDisplayValue() &lt;/p&gt;
{
						return "Select Status";
				}
&lt;p&gt;			};&lt;/p&gt;


&lt;p&gt;			searchProduct = new AjaxButton("searchProduct") {&lt;/p&gt;

&lt;p&gt;				private static final long serialVersionUID = 1L;&lt;/p&gt;

&lt;p&gt;				@Override&lt;br/&gt;
				public void onSubmit(AjaxRequestTarget target, Form&amp;lt;?&amp;gt; form) {&lt;/p&gt;

&lt;p&gt;				}&lt;/p&gt;

&lt;p&gt;			};&lt;/p&gt;

&lt;p&gt;			resetProduct = new AjaxButton("resetProduct") {&lt;/p&gt;

&lt;p&gt;				private static final long serialVersionUID = 1L;&lt;/p&gt;

&lt;p&gt;				@Override&lt;br/&gt;
				public void onSubmit(AjaxRequestTarget target, Form&amp;lt;?&amp;gt; form) {&lt;/p&gt;


&lt;p&gt;				}&lt;/p&gt;

&lt;p&gt;				};&lt;br/&gt;
			resetProduct.setDefaultFormProcessing(false);&lt;/p&gt;

&lt;p&gt;			add(productName);&lt;br/&gt;
			add(productId);&lt;br/&gt;
			add(productType);&lt;br/&gt;
			add(productGroup);&lt;br/&gt;
			add(productStatus);&lt;br/&gt;
			add(showProductSummary);&lt;br/&gt;
			add(searchProduct);&lt;br/&gt;
			add(resetProduct);&lt;/p&gt;

&lt;p&gt;		}&lt;/p&gt;

&lt;p&gt;		@Override&lt;br/&gt;
		protected void onSubmit() &lt;/p&gt;
{

			searchObject = (ProductPageModel) getModelObject();
			LOG.info("search opbject = " + searchObject );

			searchData(searchObject);
		}

&lt;p&gt;		public void searchData(ProductPageModel searchObject) &lt;/p&gt;
{

			//formulate search data 

		}

&lt;p&gt;	}&lt;/p&gt;

&lt;p&gt;}&lt;/p&gt;</description>
                <environment>Java 1.6, JBOSS 5.10 GA, spring 4.0.6, Eclipse Kepler, Windows 7</environment>
        <key id="12747198">WICKET-5726</key>
            <summary>Textfield shows old values in getInput()/getValue()</summary>
                <type id="1" iconUrl="https://issues.apache.org/jira/secure/viewavatar?size=xsmall&amp;avatarId=21133&amp;avatarType=issuetype">Bug</type>
                                            <priority id="4" iconUrl="https://issues.apache.org/jira/images/icons/priorities/minor.svg">Minor</priority>
                        <status id="6" iconUrl="https://issues.apache.org/jira/images/icons/statuses/closed.png" description="The issue is considered finished, the resolution is correct. Issues which are not closed can be reopened.">Closed</status>
                    <statusCategory id="3" key="done" colorName="green" />
                                    <resolution id="6">Invalid</resolution>
                                        <assignee username="svenmeier">Sven Meier</assignee>
                                    <reporter username="andyrj">Andy</reporter>
                        <labels>
                    </labels>
                <created>Fri, 10 Oct 2014 03:56:17 +0000</created>
                <updated>Tue, 14 Oct 2014 22:06:00 +0000</updated>
                            <resolved>Fri, 10 Oct 2014 20:38:00 +0000</resolved>
                                    <version>6.16.0</version>
                                                    <component>wicket</component>
                        <due />
                            <votes>0</votes>
                                    <watches>2</watches>
                                                                <comments>
                            <comment id="14166354" author="andyrj" created="Fri, 10 Oct 2014 03:58:19 +0000">&lt;p&gt;EPAM Quickstart&lt;/p&gt;</comment>
                            <comment id="14166355" author="andyrj" created="Fri, 10 Oct 2014 03:58:32 +0000">&lt;p&gt;Attaching QuickStart&lt;/p&gt;</comment>
                            <comment id="14166613" author="svenmeier" created="Fri, 10 Oct 2014 10:22:50 +0000">&lt;p&gt;Andy, your quickstart does not run in Jetty &lt;img class="emoticon" src="https://issues.apache.org/jira/images/icons/emoticons/sad.png" height="16" width="16" align="absmiddle" alt="" border="0"/&gt;&lt;/p&gt;

&lt;p&gt;   java.lang.NoClassDefFoundError: org/jboss/logging/Logger&lt;/p&gt;

&lt;p&gt;Do you expect us to install jBoss to debug this problem?&lt;/p&gt;</comment>
                            <comment id="14167056" author="andyrj" created="Fri, 10 Oct 2014 16:14:54 +0000">&lt;p&gt;No, you dont need to install JBOSS. Please find updated quickstart which will work on jetty as well as tomcat&lt;/p&gt;</comment>
                            <comment id="14167465" author="svenmeier" created="Fri, 10 Oct 2014 20:38:00 +0000">&lt;p&gt;Please read IPageSettings#getRecreateMountedPagesAfterExpiry():&lt;/p&gt;

&lt;p&gt;"If this setting is enabled, you should take care that names form fields on mounted pages do not clash with the page parameters."&lt;/p&gt;

&lt;p&gt;... otherwise the page parameters will override the actual form field values.&lt;/p&gt;</comment>
                            <comment id="14171612" author="andyrj" created="Tue, 14 Oct 2014 22:06:00 +0000">&lt;p&gt;Thanks mate. it worked like a charm &lt;img class="emoticon" src="https://issues.apache.org/jira/images/icons/emoticons/smile.png" height="16" width="16" align="absmiddle" alt="" border="0"/&gt;&lt;/p&gt;</comment>
                    </comments>
                <issuelinks>
                            <issuelinktype id="10020">
                    <name>Cloners</name>
                                            <outwardlinks description="is a clone of">
                                        <issuelink>
            <issuekey id="12746424">WICKET-5721</issuekey>
        </issuelink>
                            </outwardlinks>
                                                        </issuelinktype>
                    </issuelinks>
                <attachments>
                            <attachment id="12674195" name="EPAMQuickStart.zip" size="131848" author="andyrj" created="Fri, 10 Oct 2014 16:14:54 +0000" />
                            <attachment id="12674096" name="EPAMQuickStart.zip" size="132444" author="andyrj" created="Fri, 10 Oct 2014 03:58:19 +0000" />
                    </attachments>
                <subtasks>
                    </subtasks>
                <customfields>
                                                                                                                                                                                                                                                                                                                                                                                                                                                                                                                                                                                                                                                                                                                    <customfield id="customfield_12314020" key="com.atlassian.jira.plugins.jira-development-integration-plugin:devsummary">
                        <customfieldname>Development</customfieldname>
                        <customfieldvalues>
                            
                        </customfieldvalues>
                    </customfield>
                                                                                                                        <customfield id="customfield_12313422" key="com.atlassian.jirafisheyeplugin:jobcheckbox">
                        <customfieldname>Enable Automatic Patch Review</customfieldname>
                        <customfieldvalues>
                            <customfieldvalue>false</customfieldvalue>

                        </customfieldvalues>
                    </customfield>
                                                                                                                                                                                                                                                                                                                                                                                                                                                                                                                                                                                                                    <customfield id="customfield_12310420" key="com.pyxis.greenhopper.jira:gh-global-rank">
                        <customfieldname>Global Rank</customfieldname>
                        <customfieldvalues>
                            <customfieldvalue>9223372036854775807</customfieldvalue>
                        </customfieldvalues>
                    </customfield>
                                                                                                                                                                                                                                                                                                                                                                                                                                                                        <customfield id="customfield_12311820" key="com.pyxis.greenhopper.jira:gh-lexo-rank">
                        <customfieldname>Rank</customfieldname>
                        <customfieldvalues>
                            <customfieldvalue>0|i210lj:</customfieldvalue>

                        </customfieldvalues>
                    </customfield>
                                                                <customfield id="customfield_12310920" key="com.pyxis.greenhopper.jira:gh-global-rank">
                        <customfieldname>Rank (Obsolete)</customfieldname>
                        <customfieldvalues>
                            <customfieldvalue>9223372036854775807</customfieldvalue>
                        </customfieldvalues>
                    </customfield>
                                                                                                                                                                                                                                                                                                                                                                                                                                                                                                                                                                                                                                                                                                                                                                                            </customfields>
    </item>


</channel>
</rss>