<rss version="0.92">
    <channel>
        <title>ASF JIRA</title>
        <link>https://issues.apache.org/jira/issues/?jql=project+%3D+wicket+and+type+%3D+bug+and+%28status+%3D+RESOLVED+or+status+%3D+closed%29</link>
        <description>An XML representation of a search request</description>
                <language>en-uk</language>
                        <issue start="0" end="1000" total="4133" />
                <build-info>
            <version>8.20.7</version>
            <build-number>820007</build-number>
            <build-date>16-03-2022</build-date>
        </build-info>

<item>
            <title>[WICKET-5861] BigDecimalConverter does not allow parsing of values great than Double.MAX_VALUE</title>
                <link>https://issues.apache.org/jira/browse/WICKET-5861</link>
                <project id="12310561" key="WICKET">Wicket</project>
                    <description>&lt;p&gt;See &lt;a href="https://issues.apache.org/jira/browse/WICKET-5853" title="LongConverter converts some values greater than Long.MAX_VALUE" class="issue-link" data-issue-key="WICKET-5853"&gt;&lt;del&gt;WICKET-5853&lt;/del&gt;&lt;/a&gt;&lt;/p&gt;</description>
                <environment />
        <key id="12783792">WICKET-5861</key>
            <summary>BigDecimalConverter does not allow parsing of values great than Double.MAX_VALUE</summary>
                <type id="1" iconUrl="https://issues.apache.org/jira/secure/viewavatar?size=xsmall&amp;avatarId=21133&amp;avatarType=issuetype">Bug</type>
                                            <priority id="4" iconUrl="https://issues.apache.org/jira/images/icons/priorities/minor.svg">Minor</priority>
                        <status id="5" iconUrl="https://issues.apache.org/jira/images/icons/statuses/resolved.png" description="A resolution has been taken, and it is awaiting verification by reporter. From here issues are either reopened, or are closed.">Resolved</status>
                    <statusCategory id="3" key="done" colorName="green" />
                                    <resolution id="1">Fixed</resolution>
                                        <assignee username="svenmeier">Sven Meier</assignee>
                                    <reporter username="svenmeier">Sven Meier</reporter>
                        <labels>
                    </labels>
                <created>Fri, 20 Mar 2015 23:32:08 +0000</created>
                <updated>Sat, 21 Mar 2015 18:15:27 +0000</updated>
                            <resolved>Sat, 21 Mar 2015 14:33:43 +0000</resolved>
                                    <version>7.0.0-M5</version>
                    <version>6.19.0</version>
                                    <fixVersion>7.0.0-M6</fixVersion>
                                    <component>wicket</component>
                        <due />
                            <votes>0</votes>
                                    <watches>3</watches>
                                                                <comments>
                            <comment id="14372781" author="jira-bot" created="Sat, 21 Mar 2015 14:32:37 +0000">&lt;p&gt;Commit b80f6640b7a7c4645876cc2ce86552cb7144e48b in wicket's branch refs/heads/master from &lt;a href="https://issues.apache.org/jira/secure/ViewProfile.jspa?name=svenmeier" class="user-hover" rel="svenmeier"&gt;svenmeier&lt;/a&gt;&lt;br/&gt;
[ &lt;a href="https://git-wip-us.apache.org/repos/asf?p=wicket.git;h=b80f664" class="external-link" target="_blank" rel="nofollow noopener"&gt;https://git-wip-us.apache.org/repos/asf?p=wicket.git;h=b80f664&lt;/a&gt; ]&lt;/p&gt;

&lt;p&gt;&lt;a href="https://issues.apache.org/jira/browse/WICKET-5853" title="LongConverter converts some values greater than Long.MAX_VALUE" class="issue-link" data-issue-key="WICKET-5853"&gt;&lt;del&gt;WICKET-5853&lt;/del&gt;&lt;/a&gt; and &lt;a href="https://issues.apache.org/jira/browse/WICKET-5861" title="BigDecimalConverter does not allow parsing of values great than Double.MAX_VALUE" class="issue-link" data-issue-key="WICKET-5861"&gt;&lt;del&gt;WICKET-5861&lt;/del&gt;&lt;/a&gt;: number converters are based on BigDecimals now&lt;/p&gt;</comment>
                            <comment id="14372784" author="svenmeier" created="Sat, 21 Mar 2015 14:33:43 +0000">&lt;p&gt;All number converters are based on BigDecimal now, so now rounding or bounds error should occur.&lt;/p&gt;</comment>
                            <comment id="14372842" author="zeratul" created="Sat, 21 Mar 2015 15:21:42 +0000">&lt;p&gt;Hi Sven,&lt;/p&gt;

&lt;p&gt;thanks for fixing this. I had something very similar drafted and I got only one questions if I may:&lt;/p&gt;

&lt;p&gt;1) &lt;a href="https://github.com/apache/wicket/blob/master/wicket-util/src/main/java/org/apache/wicket/util/convert/converter/BigIntegerConverter.java#L55" class="external-link" target="_blank" rel="nofollow noopener"&gt;https://github.com/apache/wicket/blob/master/wicket-util/src/main/java/org/apache/wicket/util/convert/converter/BigIntegerConverter.java#L55&lt;/a&gt;&lt;br/&gt;
Is there some reason for not using &lt;em&gt;number.toBigInteger()&lt;/em&gt; ?&lt;/p&gt;

&lt;p&gt;Thanks.&lt;/p&gt;</comment>
                            <comment id="14372898" author="jira-bot" created="Sat, 21 Mar 2015 17:03:46 +0000">&lt;p&gt;Commit 240972e09f3fe0f0ee20e320a7fe136f791bd69e in wicket's branch refs/heads/master from &lt;a href="https://issues.apache.org/jira/secure/ViewProfile.jspa?name=svenmeier" class="user-hover" rel="svenmeier"&gt;svenmeier&lt;/a&gt;&lt;br/&gt;
[ &lt;a href="https://git-wip-us.apache.org/repos/asf?p=wicket.git;h=240972e" class="external-link" target="_blank" rel="nofollow noopener"&gt;https://git-wip-us.apache.org/repos/asf?p=wicket.git;h=240972e&lt;/a&gt; ]&lt;/p&gt;

&lt;p&gt;&lt;a href="https://issues.apache.org/jira/browse/WICKET-5861" title="BigDecimalConverter does not allow parsing of values great than Double.MAX_VALUE" class="issue-link" data-issue-key="WICKET-5861"&gt;&lt;del&gt;WICKET-5861&lt;/del&gt;&lt;/a&gt; cleanup: remove special handling of empty string in Big*Converter and use #toBigInteger()&lt;/p&gt;</comment>
                            <comment id="14372901" author="svenmeier" created="Sat, 21 Mar 2015 17:07:46 +0000">&lt;p&gt;&amp;gt; some reason for not using number.toBigInteger() ?&lt;/p&gt;

&lt;p&gt;I was looking for that method, but didn't found it o_O&lt;/p&gt;

&lt;p&gt;Thanks for you participation.&lt;/p&gt;</comment>
                            <comment id="14372937" author="zeratul" created="Sat, 21 Mar 2015 18:15:27 +0000">&lt;p&gt;Np, thanks again for quick fix.&lt;/p&gt;</comment>
                    </comments>
                <issuelinks>
                            <issuelinktype id="10030">
                    <name>Reference</name>
                                                                <inwardlinks description="is related to">
                                        <issuelink>
            <issuekey id="12780491">WICKET-5853</issuekey>
        </issuelink>
                            </inwardlinks>
                                    </issuelinktype>
                    </issuelinks>
                <attachments>
                    </attachments>
                <subtasks>
                    </subtasks>
                <customfields>
                                                                                                                                                                                                                                                                                                                                                                                                                                                                                                                                                                                                                                                                                                                    <customfield id="customfield_12314020" key="com.atlassian.jira.plugins.jira-development-integration-plugin:devsummary">
                        <customfieldname>Development</customfieldname>
                        <customfieldvalues>
                            
                        </customfieldvalues>
                    </customfield>
                                                                                                                        <customfield id="customfield_12313422" key="com.atlassian.jirafisheyeplugin:jobcheckbox">
                        <customfieldname>Enable Automatic Patch Review</customfieldname>
                        <customfieldvalues>
                            <customfieldvalue>false</customfieldvalue>

                        </customfieldvalues>
                    </customfield>
                                                                                                                                                                                                                                                                                                                                                                                                                                                                                                                                                                                                                    <customfield id="customfield_12310420" key="com.pyxis.greenhopper.jira:gh-global-rank">
                        <customfieldname>Global Rank</customfieldname>
                        <customfieldvalues>
                            <customfieldvalue>9223372036854775807</customfieldvalue>
                        </customfieldvalues>
                    </customfield>
                                                                                                                                                                                                                                                                                                                                                                                                                                                                        <customfield id="customfield_12311820" key="com.pyxis.greenhopper.jira:gh-lexo-rank">
                        <customfieldname>Rank</customfieldname>
                        <customfieldvalues>
                            <customfieldvalue>0|i272nb:</customfieldvalue>

                        </customfieldvalues>
                    </customfield>
                                                                <customfield id="customfield_12310920" key="com.pyxis.greenhopper.jira:gh-global-rank">
                        <customfieldname>Rank (Obsolete)</customfieldname>
                        <customfieldvalues>
                            <customfieldvalue>9223372036854775807</customfieldvalue>
                        </customfieldvalues>
                    </customfield>
                                                                                                                                                                                                                                                                                                                                                                                                                                                                                                                                                                                                                                                                                                                                                                                            </customfields>
    </item>


</channel>
</rss>