<rss version="0.92">
    <channel>
        <title>ASF JIRA</title>
        <link>https://issues.apache.org/jira/issues/?jql=project+%3D+wicket+and+type+%3D+bug+and+%28status+%3D+RESOLVED+or+status+%3D+closed%29</link>
        <description>An XML representation of a search request</description>
                <language>en-uk</language>
                        <issue start="0" end="1000" total="4133" />
                <build-info>
            <version>8.20.7</version>
            <build-number>820007</build-number>
            <build-date>16-03-2022</build-date>
        </build-info>

<item>
            <title>[WICKET-5526] NotSerializableException rendering DebugBar, when FeedbackCollector is present on page</title>
                <link>https://issues.apache.org/jira/browse/WICKET-5526</link>
                <project id="12310561" key="WICKET">Wicket</project>
                    <description>&lt;p&gt;Hi,&lt;br/&gt;
I have the following error when I put a FeedbackCollector and the DebugBar on the same page.&lt;/p&gt;

&lt;p&gt;kind regards&lt;br/&gt;
Patrick&lt;/p&gt;

&lt;blockquote&gt;
&lt;p&gt;Unexpected RuntimeException&lt;/p&gt;

&lt;p&gt;Last cause: org.apache.wicket.feedback.FeedbackCollector&lt;br/&gt;
WicketMessage: Exception in rendering component: &lt;span class="error"&gt;&amp;#91;Component id = data&amp;#93;&lt;/span&gt;&lt;/p&gt;

&lt;p&gt;Stacktrace&lt;/p&gt;

&lt;p&gt;Root cause:&lt;/p&gt;

&lt;p&gt;java.io.NotSerializableException: org.apache.wicket.feedback.FeedbackCollector&lt;br/&gt;
at java.io.ObjectOutputStream.writeObject0(ObjectOutputStream.java:1183)&lt;br/&gt;
at java.io.ObjectOutputStream.defaultWriteFields(ObjectOutputStream.java:1547)&lt;br/&gt;
at java.io.ObjectOutputStream.writeSerialData(ObjectOutputStream.java:1508)&lt;br/&gt;
at java.io.ObjectOutputStream.writeOrdinaryObject(ObjectOutputStream.java:1431)&lt;br/&gt;
at java.io.ObjectOutputStream.writeObject0(ObjectOutputStream.java:1177)&lt;br/&gt;
at java.io.ObjectOutputStream.writeObject(ObjectOutputStream.java:347)&lt;br/&gt;
at org.apache.wicket.core.util.lang.WicketObjects.cloneObject(WicketObjects.java:306)&lt;br/&gt;
at org.apache.wicket.core.util.lang.WicketObjects.sizeof(WicketObjects.java:425)&lt;br/&gt;
at org.apache.wicket.devutils.debugbar.PageSizeDebugPanel$2.getObject(PageSizeDebugPanel.java:96)&lt;br/&gt;
at org.apache.wicket.devutils.debugbar.PageSizeDebugPanel$2.getObject(PageSizeDebugPanel.java:89)&lt;br/&gt;
at org.apache.wicket.Component.getDefaultModelObject(Component.java:1627)&lt;br/&gt;
at org.apache.wicket.Component.getDefaultModelObjectAsString(Component.java:1655)&lt;br/&gt;
at org.apache.wicket.markup.html.basic.Label.onComponentTagBody(Label.java:131)&lt;br/&gt;
at org.apache.wicket.markup.html.panel.DefaultMarkupSourcingStrategy.onComponentTagBody(DefaultMarkupSourcingStrategy.java:71)&lt;br/&gt;
at org.apache.wicket.Component.internalRenderComponent(Component.java:2551)&lt;br/&gt;
at org.apache.wicket.markup.html.WebComponent.onRender(WebComponent.java:56)&lt;br/&gt;
at org.apache.wicket.Component.internalRender(Component.java:2381)&lt;br/&gt;
at org.apache.wicket.Component.render(Component.java:2309)&lt;br/&gt;
at org.apache.wicket.MarkupContainer.renderNext(MarkupContainer.java:1390)&lt;br/&gt;
at org.apache.wicket.MarkupContainer.renderAll(MarkupContainer.java:1555)&lt;br/&gt;
at org.apache.wicket.MarkupContainer.renderComponentTagBody(MarkupContainer.java:1530)&lt;br/&gt;
at org.apache.wicket.MarkupContainer.onComponentTagBody(MarkupContainer.java:1485)&lt;br/&gt;
at org.apache.wicket.markup.html.link.AbstractLink.onComponentTagBody(AbstractLink.java:184)&lt;br/&gt;
at org.apache.wicket.markup.html.panel.DefaultMarkupSourcingStrategy.onComponentTagBody(DefaultMarkupSourcingStrategy.java:71)&lt;br/&gt;
at org.apache.wicket.Component.internalRenderComponent(Component.java:2551)&lt;br/&gt;
at org.apache.wicket.MarkupContainer.onRender(MarkupContainer.java:1494)&lt;br/&gt;
at org.apache.wicket.Component.internalRender(Component.java:2381)&lt;br/&gt;
at org.apache.wicket.Component.render(Component.java:2309)&lt;br/&gt;
at org.apache.wicket.MarkupContainer.renderNext(MarkupContainer.java:1390)&lt;br/&gt;
at org.apache.wicket.MarkupContainer.renderAll(MarkupContainer.java:1555)&lt;br/&gt;
at org.apache.wicket.MarkupContainer.renderComponentTagBody(MarkupContainer.java:1530)&lt;br/&gt;
at org.apache.wicket.MarkupContainer.renderAssociatedMarkup(MarkupContainer.java:689)&lt;br/&gt;
at org.apache.wicket.markup.html.panel.AssociatedMarkupSourcingStrategy.renderAssociatedMarkup(AssociatedMarkupSourcingStrategy.java:76)&lt;br/&gt;
at org.apache.wicket.markup.html.panel.PanelMarkupSourcingStrategy.onComponentTagBody(PanelMarkupSourcingStrategy.java:112)&lt;br/&gt;
at org.apache.wicket.Component.internalRenderComponent(Component.java:2551)&lt;br/&gt;
at org.apache.wicket.MarkupContainer.onRender(MarkupContainer.java:1494)&lt;br/&gt;
at org.apache.wicket.Component.internalRender(Component.java:2381)&lt;br/&gt;
at org.apache.wicket.Component.render(Component.java:2309)&lt;br/&gt;
at org.apache.wicket.MarkupContainer.renderNext(MarkupContainer.java:1390)&lt;br/&gt;
at org.apache.wicket.MarkupContainer.renderAll(MarkupContainer.java:1555)&lt;br/&gt;
at org.apache.wicket.MarkupContainer.renderComponentTagBody(MarkupContainer.java:1530)&lt;br/&gt;
at org.apache.wicket.MarkupContainer.onComponentTagBody(MarkupContainer.java:1485)&lt;br/&gt;
at org.apache.wicket.markup.html.panel.DefaultMarkupSourcingStrategy.onComponentTagBody(DefaultMarkupSourcingStrategy.java:71)&lt;br/&gt;
at org.apache.wicket.Component.internalRenderComponent(Component.java:2551)&lt;br/&gt;
at org.apache.wicket.MarkupContainer.onRender(MarkupContainer.java:1494)&lt;br/&gt;
at org.apache.wicket.Component.internalRender(Component.java:2381)&lt;br/&gt;
at org.apache.wicket.Component.render(Component.java:2309)&lt;br/&gt;
at org.apache.wicket.markup.html.list.ListView.renderItem(ListView.java:584)&lt;br/&gt;
at org.apache.wicket.markup.html.list.ListView.renderChild(ListView.java:573)&lt;br/&gt;
at org.apache.wicket.markup.repeater.AbstractRepeater.onRender(AbstractRepeater.java:94)&lt;br/&gt;
at org.apache.wicket.Component.internalRender(Component.java:2381)&lt;br/&gt;
at org.apache.wicket.Component.render(Component.java:2309)&lt;br/&gt;
at org.apache.wicket.MarkupContainer.renderNext(MarkupContainer.java:1390)&lt;br/&gt;
at org.apache.wicket.MarkupContainer.renderAll(MarkupContainer.java:1555)&lt;br/&gt;
at org.apache.wicket.MarkupContainer.renderComponentTagBody(MarkupContainer.java:1530)&lt;br/&gt;
at org.apache.wicket.MarkupContainer.onComponentTagBody(MarkupContainer.java:1485)&lt;br/&gt;
at org.apache.wicket.markup.html.panel.DefaultMarkupSourcingStrategy.onComponentTagBody(DefaultMarkupSourcingStrategy.java:71)&lt;br/&gt;
at org.apache.wicket.Component.internalRenderComponent(Component.java:2551)&lt;br/&gt;
at org.apache.wicket.MarkupContainer.onRender(MarkupContainer.java:1494)&lt;br/&gt;
at org.apache.wicket.Component.internalRender(Component.java:2381)&lt;br/&gt;
at org.apache.wicket.Component.render(Component.java:2309)&lt;br/&gt;
at org.apache.wicket.MarkupContainer.renderNext(MarkupContainer.java:1390)&lt;br/&gt;
at org.apache.wicket.MarkupContainer.renderAll(MarkupContainer.java:1555)&lt;br/&gt;
at org.apache.wicket.MarkupContainer.renderComponentTagBody(MarkupContainer.java:1530)&lt;br/&gt;
at org.apache.wicket.MarkupContainer.renderAssociatedMarkup(MarkupContainer.java:689)&lt;br/&gt;
at org.apache.wicket.markup.html.panel.AssociatedMarkupSourcingStrategy.renderAssociatedMarkup(AssociatedMarkupSourcingStrategy.java:76)&lt;br/&gt;
at org.apache.wicket.markup.html.panel.PanelMarkupSourcingStrategy.onComponentTagBody(PanelMarkupSourcingStrategy.java:112)&lt;br/&gt;
at org.apache.wicket.Component.internalRenderComponent(Component.java:2551)&lt;br/&gt;
at org.apache.wicket.MarkupContainer.onRender(MarkupContainer.java:1494)&lt;br/&gt;
at org.apache.wicket.Component.internalRender(Component.java:2381)&lt;br/&gt;
at org.apache.wicket.Component.render(Component.java:2309)&lt;br/&gt;
at org.apache.wicket.MarkupContainer.renderNext(MarkupContainer.java:1390)&lt;br/&gt;
at org.apache.wicket.MarkupContainer.renderAll(MarkupContainer.java:1555)&lt;br/&gt;
at org.apache.wicket.Page.onRender(Page.java:887)&lt;br/&gt;
at org.apache.wicket.markup.html.WebPage.onRender(WebPage.java:142)&lt;br/&gt;
at de.nuboit.base.presentation.wicket.NavigatedPage.onRender(NavigatedPage.java:251)&lt;br/&gt;
at org.apache.wicket.Component.internalRender(Component.java:2381)&lt;br/&gt;
at org.apache.wicket.Component.render(Component.java:2309)&lt;br/&gt;
at org.apache.wicket.Page.renderPage(Page.java:1024)&lt;br/&gt;
at org.apache.wicket.request.handler.render.WebPageRenderer.renderPage(WebPageRenderer.java:121)&lt;br/&gt;
at org.apache.wicket.request.handler.render.WebPageRenderer.respond(WebPageRenderer.java:274)&lt;br/&gt;
at org.apache.wicket.core.request.handler.RenderPageRequestHandler.respond(RenderPageRequestHandler.java:175)&lt;br/&gt;
at org.apache.wicket.request.cycle.RequestCycle$HandlerExecutor.respond(RequestCycle.java:862)&lt;br/&gt;
at org.apache.wicket.request.RequestHandlerStack.execute(RequestHandlerStack.java:64)&lt;br/&gt;
at org.apache.wicket.request.RequestHandlerStack.execute(RequestHandlerStack.java:97)&lt;br/&gt;
at org.apache.wicket.request.cycle.RequestCycle.execute(RequestCycle.java:261)&lt;br/&gt;
at org.apache.wicket.request.cycle.RequestCycle.processRequest(RequestCycle.java:218)&lt;br/&gt;
at org.apache.wicket.request.cycle.RequestCycle.processRequestAndDetach(RequestCycle.java:289)&lt;br/&gt;
at org.apache.wicket.protocol.http.WicketFilter.processRequestCycle(WicketFilter.java:259)&lt;br/&gt;
at org.apache.wicket.protocol.http.WicketFilter.processRequest(WicketFilter.java:201)&lt;br/&gt;
at org.apache.wicket.protocol.http.WicketFilter.doFilter(WicketFilter.java:282)&lt;br/&gt;
at org.apache.catalina.core.ApplicationFilterChain.internalDoFilter(ApplicationFilterChain.java:243)&lt;br/&gt;
at org.apache.catalina.core.ApplicationFilterChain.doFilter(ApplicationFilterChain.java:210)&lt;br/&gt;
at org.apache.catalina.core.StandardWrapperValve.invoke(StandardWrapperValve.java:222)&lt;br/&gt;
at org.apache.catalina.core.StandardContextValve.invoke(StandardContextValve.java:123)&lt;br/&gt;
at org.apache.catalina.authenticator.AuthenticatorBase.invoke(AuthenticatorBase.java:472)&lt;br/&gt;
at org.apache.catalina.core.StandardHostValve.invoke(StandardHostValve.java:171)&lt;br/&gt;
at org.apache.catalina.valves.ErrorReportValve.invoke(ErrorReportValve.java:99)&lt;br/&gt;
at org.apache.catalina.valves.AccessLogValve.invoke(AccessLogValve.java:936)&lt;br/&gt;
at org.apache.catalina.core.StandardEngineValve.invoke(StandardEngineValve.java:118)&lt;br/&gt;
at org.apache.catalina.connector.CoyoteAdapter.service(CoyoteAdapter.java:407)&lt;br/&gt;
at org.apache.coyote.http11.AbstractHttp11Processor.process(AbstractHttp11Processor.java:1004)&lt;br/&gt;
at org.apache.coyote.AbstractProtocol$AbstractConnectionHandler.process(AbstractProtocol.java:589)&lt;br/&gt;
at org.apache.tomcat.util.net.JIoEndpoint$SocketProcessor.run(JIoEndpoint.java:310)&lt;br/&gt;
at java.util.concurrent.ThreadPoolExecutor.runWorker(ThreadPoolExecutor.java:1145)&lt;br/&gt;
at java.util.concurrent.ThreadPoolExecutor$Worker.run(ThreadPoolExecutor.java:615)&lt;br/&gt;
at java.lang.Thread.run(Thread.java:744)&lt;/p&gt;

&lt;p&gt;Complete stack:&lt;/p&gt;

&lt;p&gt;org.apache.wicket.WicketRuntimeException: Exception in rendering component: &lt;span class="error"&gt;&amp;#91;Component id = data&amp;#93;&lt;/span&gt;&lt;br/&gt;
at org.apache.wicket.Component.internalRenderComponent(Component.java:2578)&lt;br/&gt;
at org.apache.wicket.markup.html.WebComponent.onRender(WebComponent.java:56)&lt;br/&gt;
at org.apache.wicket.Component.internalRender(Component.java:2381)&lt;br/&gt;
at org.apache.wicket.Component.render(Component.java:2309)&lt;br/&gt;
at org.apache.wicket.MarkupContainer.renderNext(MarkupContainer.java:1390)&lt;br/&gt;
at org.apache.wicket.MarkupContainer.renderAll(MarkupContainer.java:1555)&lt;br/&gt;
at org.apache.wicket.MarkupContainer.renderComponentTagBody(MarkupContainer.java:1530)&lt;br/&gt;
at org.apache.wicket.MarkupContainer.onComponentTagBody(MarkupContainer.java:1485)&lt;br/&gt;
at org.apache.wicket.markup.html.link.AbstractLink.onComponentTagBody(AbstractLink.java:184)&lt;br/&gt;
at org.apache.wicket.markup.html.panel.DefaultMarkupSourcingStrategy.onComponentTagBody(DefaultMarkupSourcingStrategy.java:71)&lt;br/&gt;
at org.apache.wicket.Component.internalRenderComponent(Component.java:2551)&lt;br/&gt;
at org.apache.wicket.MarkupContainer.onRender(MarkupContainer.java:1494)&lt;br/&gt;
at org.apache.wicket.Component.internalRender(Component.java:2381)&lt;br/&gt;
at org.apache.wicket.Component.render(Component.java:2309)&lt;br/&gt;
at org.apache.wicket.MarkupContainer.renderNext(MarkupContainer.java:1390)&lt;br/&gt;
at org.apache.wicket.MarkupContainer.renderAll(MarkupContainer.java:1555)&lt;br/&gt;
at org.apache.wicket.MarkupContainer.renderComponentTagBody(MarkupContainer.java:1530)&lt;br/&gt;
at org.apache.wicket.MarkupContainer.renderAssociatedMarkup(MarkupContainer.java:689)&lt;br/&gt;
at org.apache.wicket.markup.html.panel.AssociatedMarkupSourcingStrategy.renderAssociatedMarkup(AssociatedMarkupSourcingStrategy.java:76)&lt;br/&gt;
at org.apache.wicket.markup.html.panel.PanelMarkupSourcingStrategy.onComponentTagBody(PanelMarkupSourcingStrategy.java:112)&lt;br/&gt;
at org.apache.wicket.Component.internalRenderComponent(Component.java:2551)&lt;br/&gt;
at org.apache.wicket.MarkupContainer.onRender(MarkupContainer.java:1494)&lt;br/&gt;
at org.apache.wicket.Component.internalRender(Component.java:2381)&lt;br/&gt;
at org.apache.wicket.Component.render(Component.java:2309)&lt;br/&gt;
at org.apache.wicket.MarkupContainer.renderNext(MarkupContainer.java:1390)&lt;br/&gt;
at org.apache.wicket.MarkupContainer.renderAll(MarkupContainer.java:1555)&lt;br/&gt;
at org.apache.wicket.MarkupContainer.renderComponentTagBody(MarkupContainer.java:1530)&lt;br/&gt;
at org.apache.wicket.MarkupContainer.onComponentTagBody(MarkupContainer.java:1485)&lt;br/&gt;
at org.apache.wicket.markup.html.panel.DefaultMarkupSourcingStrategy.onComponentTagBody(DefaultMarkupSourcingStrategy.java:71)&lt;br/&gt;
at org.apache.wicket.Component.internalRenderComponent(Component.java:2551)&lt;br/&gt;
at org.apache.wicket.MarkupContainer.onRender(MarkupContainer.java:1494)&lt;br/&gt;
at org.apache.wicket.Component.internalRender(Component.java:2381)&lt;br/&gt;
at org.apache.wicket.Component.render(Component.java:2309)&lt;br/&gt;
at org.apache.wicket.markup.html.list.ListView.renderItem(ListView.java:584)&lt;br/&gt;
at org.apache.wicket.markup.html.list.ListView.renderChild(ListView.java:573)&lt;br/&gt;
at org.apache.wicket.markup.repeater.AbstractRepeater.onRender(AbstractRepeater.java:94)&lt;br/&gt;
at org.apache.wicket.Component.internalRender(Component.java:2381)&lt;br/&gt;
at org.apache.wicket.Component.render(Component.java:2309)&lt;br/&gt;
at org.apache.wicket.MarkupContainer.renderNext(MarkupContainer.java:1390)&lt;br/&gt;
at org.apache.wicket.MarkupContainer.renderAll(MarkupContainer.java:1555)&lt;br/&gt;
at org.apache.wicket.MarkupContainer.renderComponentTagBody(MarkupContainer.java:1530)&lt;br/&gt;
at org.apache.wicket.MarkupContainer.onComponentTagBody(MarkupContainer.java:1485)&lt;br/&gt;
at org.apache.wicket.markup.html.panel.DefaultMarkupSourcingStrategy.onComponentTagBody(DefaultMarkupSourcingStrategy.java:71)&lt;br/&gt;
at org.apache.wicket.Component.internalRenderComponent(Component.java:2551)&lt;br/&gt;
at org.apache.wicket.MarkupContainer.onRender(MarkupContainer.java:1494)&lt;br/&gt;
at org.apache.wicket.Component.internalRender(Component.java:2381)&lt;br/&gt;
at org.apache.wicket.Component.render(Component.java:2309)&lt;br/&gt;
at org.apache.wicket.MarkupContainer.renderNext(MarkupContainer.java:1390)&lt;br/&gt;
at org.apache.wicket.MarkupContainer.renderAll(MarkupContainer.java:1555)&lt;br/&gt;
at org.apache.wicket.MarkupContainer.renderComponentTagBody(MarkupContainer.java:1530)&lt;br/&gt;
at org.apache.wicket.MarkupContainer.renderAssociatedMarkup(MarkupContainer.java:689)&lt;br/&gt;
at org.apache.wicket.markup.html.panel.AssociatedMarkupSourcingStrategy.renderAssociatedMarkup(AssociatedMarkupSourcingStrategy.java:76)&lt;br/&gt;
at org.apache.wicket.markup.html.panel.PanelMarkupSourcingStrategy.onComponentTagBody(PanelMarkupSourcingStrategy.java:112)&lt;br/&gt;
at org.apache.wicket.Component.internalRenderComponent(Component.java:2551)&lt;br/&gt;
at org.apache.wicket.MarkupContainer.onRender(MarkupContainer.java:1494)&lt;br/&gt;
at org.apache.wicket.Component.internalRender(Component.java:2381)&lt;br/&gt;
at org.apache.wicket.Component.render(Component.java:2309)&lt;br/&gt;
at org.apache.wicket.MarkupContainer.renderNext(MarkupContainer.java:1390)&lt;br/&gt;
at org.apache.wicket.MarkupContainer.renderAll(MarkupContainer.java:1555)&lt;br/&gt;
at org.apache.wicket.Page.onRender(Page.java:887)&lt;br/&gt;
at org.apache.wicket.markup.html.WebPage.onRender(WebPage.java:142)&lt;br/&gt;
at de.nuboit.base.presentation.wicket.NavigatedPage.onRender(NavigatedPage.java:251)&lt;br/&gt;
at org.apache.wicket.Component.internalRender(Component.java:2381)&lt;br/&gt;
at org.apache.wicket.Component.render(Component.java:2309)&lt;br/&gt;
at org.apache.wicket.Page.renderPage(Page.java:1024)&lt;br/&gt;
at org.apache.wicket.request.handler.render.WebPageRenderer.renderPage(WebPageRenderer.java:121)&lt;br/&gt;
at org.apache.wicket.request.handler.render.WebPageRenderer.respond(WebPageRenderer.java:274)&lt;br/&gt;
at org.apache.wicket.core.request.handler.RenderPageRequestHandler.respond(RenderPageRequestHandler.java:175)&lt;br/&gt;
at org.apache.wicket.request.cycle.RequestCycle$HandlerExecutor.respond(RequestCycle.java:862)&lt;br/&gt;
at org.apache.wicket.request.RequestHandlerStack.execute(RequestHandlerStack.java:64)&lt;br/&gt;
at org.apache.wicket.request.RequestHandlerStack.execute(RequestHandlerStack.java:97)&lt;br/&gt;
at org.apache.wicket.request.cycle.RequestCycle.execute(RequestCycle.java:261)&lt;br/&gt;
at org.apache.wicket.request.cycle.RequestCycle.processRequest(RequestCycle.java:218)&lt;br/&gt;
at org.apache.wicket.request.cycle.RequestCycle.processRequestAndDetach(RequestCycle.java:289)&lt;br/&gt;
at org.apache.wicket.protocol.http.WicketFilter.processRequestCycle(WicketFilter.java:259)&lt;/p&gt;

&lt;p&gt;java.lang.RuntimeException: An error occurred while getting the model object for Component: [Component id = data, page = de.nuboit.base.presentation.wicket.user.UserHomePage, path = 1:debugBar:content:contributors:3:contrib:link:data.Label, isVisible = true, isVersioned = true, markup = [markup = jar:&lt;a href="file:/home/davids/Entwicklung/apache-tomcat-7.0.37/wtpwebapps/nubo/WEB-INF/lib/wicket-devutils-6.14.0.jar!/org/apache/wicket/devutils/debugbar/StandardDebugPanel.html" class="external-link" target="_blank" rel="nofollow noopener"&gt;file:/home/davids/Entwicklung/apache-tomcat-7.0.37/wtpwebapps/nubo/WEB-INF/lib/wicket-devutils-6.14.0.jar!/org/apache/wicket/devutils/debugbar/StandardDebugPanel.html&lt;/a&gt;&lt;br/&gt;
&amp;lt;span wicket:id="data"&amp;gt;&amp;lt;/span&amp;gt;, index = 0, current = '&amp;lt;span wicket:id="data"&amp;gt;' (line 0, column 0)]]&lt;br/&gt;
at org.apache.wicket.Component.getDefaultModelObject(Component.java:1632)&lt;br/&gt;
at org.apache.wicket.Component.getDefaultModelObjectAsString(Component.java:1655)&lt;br/&gt;
at org.apache.wicket.markup.html.basic.Label.onComponentTagBody(Label.java:131)&lt;br/&gt;
at org.apache.wicket.markup.html.panel.DefaultMarkupSourcingStrategy.onComponentTagBody(DefaultMarkupSourcingStrategy.java:71)&lt;br/&gt;
at org.apache.wicket.Component.internalRenderComponent(Component.java:2551)&lt;br/&gt;
at org.apache.wicket.markup.html.WebComponent.onRender(WebComponent.java:56)&lt;br/&gt;
at org.apache.wicket.Component.internalRender(Component.java:2381)&lt;br/&gt;
at org.apache.wicket.Component.render(Component.java:2309)&lt;br/&gt;
at org.apache.wicket.MarkupContainer.renderNext(MarkupContainer.java:1390)&lt;br/&gt;
at org.apache.wicket.MarkupContainer.renderAll(MarkupContainer.java:1555)&lt;br/&gt;
at org.apache.wicket.MarkupContainer.renderComponentTagBody(MarkupContainer.java:1530)&lt;br/&gt;
at org.apache.wicket.MarkupContainer.onComponentTagBody(MarkupContainer.java:1485)&lt;br/&gt;
at org.apache.wicket.markup.html.link.AbstractLink.onComponentTagBody(AbstractLink.java:184)&lt;br/&gt;
at org.apache.wicket.markup.html.panel.DefaultMarkupSourcingStrategy.onComponentTagBody(DefaultMarkupSourcingStrategy.java:71)&lt;br/&gt;
at org.apache.wicket.Component.internalRenderComponent(Component.java:2551)&lt;br/&gt;
at org.apache.wicket.MarkupContainer.onRender(MarkupContainer.java:1494)&lt;br/&gt;
at org.apache.wicket.Component.internalRender(Component.java:2381)&lt;br/&gt;
at org.apache.wicket.Component.render(Component.java:2309)&lt;br/&gt;
at org.apache.wicket.MarkupContainer.renderNext(MarkupContainer.java:1390)&lt;br/&gt;
at org.apache.wicket.MarkupContainer.renderAll(MarkupContainer.java:1555)&lt;br/&gt;
at org.apache.wicket.MarkupContainer.renderComponentTagBody(MarkupContainer.java:1530)&lt;br/&gt;
at org.apache.wicket.MarkupContainer.renderAssociatedMarkup(MarkupContainer.java:689)&lt;br/&gt;
at org.apache.wicket.markup.html.panel.AssociatedMarkupSourcingStrategy.renderAssociatedMarkup(AssociatedMarkupSourcingStrategy.java:76)&lt;br/&gt;
at org.apache.wicket.markup.html.panel.PanelMarkupSourcingStrategy.onComponentTagBody(PanelMarkupSourcingStrategy.java:112)&lt;br/&gt;
at org.apache.wicket.Component.internalRenderComponent(Component.java:2551)&lt;br/&gt;
at org.apache.wicket.MarkupContainer.onRender(MarkupContainer.java:1494)&lt;br/&gt;
at org.apache.wicket.Component.internalRender(Component.java:2381)&lt;br/&gt;
at org.apache.wicket.Component.render(Component.java:2309)&lt;br/&gt;
at org.apache.wicket.MarkupContainer.renderNext(MarkupContainer.java:1390)&lt;br/&gt;
at org.apache.wicket.MarkupContainer.renderAll(MarkupContainer.java:1555)&lt;br/&gt;
at org.apache.wicket.MarkupContainer.renderComponentTagBody(MarkupContainer.java:1530)&lt;br/&gt;
at org.apache.wicket.MarkupContainer.onComponentTagBody(MarkupContainer.java:1485)&lt;br/&gt;
at org.apache.wicket.markup.html.panel.DefaultMarkupSourcingStrategy.onComponentTagBody(DefaultMarkupSourcingStrategy.java:71)&lt;br/&gt;
at org.apache.wicket.Component.internalRenderComponent(Component.java:2551)&lt;br/&gt;
at org.apache.wicket.MarkupContainer.onRender(MarkupContainer.java:1494)&lt;br/&gt;
at org.apache.wicket.Component.internalRender(Component.java:2381)&lt;br/&gt;
at org.apache.wicket.Component.render(Component.java:2309)&lt;br/&gt;
at org.apache.wicket.markup.html.list.ListView.renderItem(ListView.java:584)&lt;br/&gt;
at org.apache.wicket.markup.html.list.ListView.renderChild(ListView.java:573)&lt;br/&gt;
at org.apache.wicket.markup.repeater.AbstractRepeater.onRender(AbstractRepeater.java:94)&lt;br/&gt;
at org.apache.wicket.Component.internalRender(Component.java:2381)&lt;br/&gt;
at org.apache.wicket.Component.render(Component.java:2309)&lt;br/&gt;
at org.apache.wicket.MarkupContainer.renderNext(MarkupContainer.java:1390)&lt;br/&gt;
at org.apache.wicket.MarkupContainer.renderAll(MarkupContainer.java:1555)&lt;br/&gt;
at org.apache.wicket.MarkupContainer.renderComponentTagBody(MarkupContainer.java:1530)&lt;br/&gt;
at org.apache.wicket.MarkupContainer.onComponentTagBody(MarkupContainer.java:1485)&lt;br/&gt;
at org.apache.wicket.markup.html.panel.DefaultMarkupSourcingStrategy.onComponentTagBody(DefaultMarkupSourcingStrategy.java:71)&lt;br/&gt;
at org.apache.wicket.Component.internalRenderComponent(Component.java:2551)&lt;br/&gt;
at org.apache.wicket.MarkupContainer.onRender(MarkupContainer.java:1494)&lt;br/&gt;
at org.apache.wicket.Component.internalRender(Component.java:2381)&lt;br/&gt;
at org.apache.wicket.Component.render(Component.java:2309)&lt;br/&gt;
at org.apache.wicket.MarkupContainer.renderNext(MarkupContainer.java:1390)&lt;br/&gt;
at org.apache.wicket.MarkupContainer.renderAll(MarkupContainer.java:1555)&lt;br/&gt;
at org.apache.wicket.MarkupContainer.renderComponentTagBody(MarkupContainer.java:1530)&lt;br/&gt;
at org.apache.wicket.MarkupContainer.renderAssociatedMarkup(MarkupContainer.java:689)&lt;br/&gt;
at org.apache.wicket.markup.html.panel.AssociatedMarkupSourcingStrategy.renderAssociatedMarkup(AssociatedMarkupSourcingStrategy.java:76)&lt;br/&gt;
at org.apache.wicket.markup.html.panel.PanelMarkupSourcingStrategy.onComponentTagBody(PanelMarkupSourcingStrategy.java:112)&lt;br/&gt;
at org.apache.wicket.Component.internalRenderComponent(Component.java:2551)&lt;br/&gt;
at org.apache.wicket.MarkupContainer.onRender(MarkupContainer.java:1494)&lt;br/&gt;
at org.apache.wicket.Component.internalRender(Component.java:2381)&lt;br/&gt;
at org.apache.wicket.Component.render(Component.java:2309)&lt;br/&gt;
at org.apache.wicket.MarkupContainer.renderNext(MarkupContainer.java:1390)&lt;br/&gt;
at org.apache.wicket.MarkupContainer.renderAll(MarkupContainer.java:1555)&lt;br/&gt;
at org.apache.wicket.Page.onRender(Page.java:887)&lt;br/&gt;
at org.apache.wicket.markup.html.WebPage.onRender(WebPage.java:142)&lt;br/&gt;
at de.nuboit.base.presentation.wicket.NavigatedPage.onRender(NavigatedPage.java:251)&lt;br/&gt;
at org.apache.wicket.Component.internalRender(Component.java:2381)&lt;br/&gt;
at org.apache.wicket.Component.render(Component.java:2309)&lt;br/&gt;
at org.apache.wicket.Page.renderPage(Page.java:1024)&lt;br/&gt;
at org.apache.wicket.request.handler.render.WebPageRenderer.renderPage(WebPageRenderer.java:121)&lt;br/&gt;
at org.apache.wicket.request.handler.render.WebPageRenderer.respond(WebPageRenderer.java:274)&lt;br/&gt;
at org.apache.wicket.core.request.handler.RenderPageRequestHandler.respond(RenderPageRequestHandler.java:175)&lt;br/&gt;
at org.apache.wicket.request.cycle.RequestCycle$HandlerExecutor.respond(RequestCycle.java:862)&lt;br/&gt;
at org.apache.wicket.request.RequestHandlerStack.execute(RequestHandlerStack.java:64)&lt;br/&gt;
at org.apache.wicket.request.RequestHandlerStack.execute(RequestHandlerStack.java:97)&lt;br/&gt;
at org.apache.wicket.request.cycle.RequestCycle.execute(RequestCycle.java:261)&lt;br/&gt;
at org.apache.wicket.request.cycle.RequestCycle.processRequest(RequestCycle.java:218)&lt;br/&gt;
at org.apache.wicket.request.cycle.RequestCycle.processRequestAndDetach(RequestCycle.java:289)&lt;br/&gt;
at org.apache.wicket.protocol.http.WicketFilter.processRequestCycle(WicketFilter.java:259)&lt;/p&gt;

&lt;p&gt;org.apache.wicket.WicketRuntimeException: Internal error cloning object&lt;br/&gt;
at org.apache.wicket.core.util.lang.WicketObjects.cloneObject(WicketObjects.java:361)&lt;br/&gt;
at org.apache.wicket.core.util.lang.WicketObjects.sizeof(WicketObjects.java:425)&lt;br/&gt;
at org.apache.wicket.devutils.debugbar.PageSizeDebugPanel$2.getObject(PageSizeDebugPanel.java:96)&lt;br/&gt;
at org.apache.wicket.devutils.debugbar.PageSizeDebugPanel$2.getObject(PageSizeDebugPanel.java:89)&lt;br/&gt;
at org.apache.wicket.Component.getDefaultModelObject(Component.java:1627)&lt;br/&gt;
at org.apache.wicket.Component.getDefaultModelObjectAsString(Component.java:1655)&lt;br/&gt;
at org.apache.wicket.markup.html.basic.Label.onComponentTagBody(Label.java:131)&lt;br/&gt;
at org.apache.wicket.markup.html.panel.DefaultMarkupSourcingStrategy.onComponentTagBody(DefaultMarkupSourcingStrategy.java:71)&lt;br/&gt;
at org.apache.wicket.Component.internalRenderComponent(Component.java:2551)&lt;br/&gt;
at org.apache.wicket.markup.html.WebComponent.onRender(WebComponent.java:56)&lt;br/&gt;
at org.apache.wicket.Component.internalRender(Component.java:2381)&lt;br/&gt;
at org.apache.wicket.Component.render(Component.java:2309)&lt;br/&gt;
at org.apache.wicket.MarkupContainer.renderNext(MarkupContainer.java:1390)&lt;br/&gt;
at org.apache.wicket.MarkupContainer.renderAll(MarkupContainer.java:1555)&lt;br/&gt;
at org.apache.wicket.MarkupContainer.renderComponentTagBody(MarkupContainer.java:1530)&lt;br/&gt;
at org.apache.wicket.MarkupContainer.onComponentTagBody(MarkupContainer.java:1485)&lt;br/&gt;
at org.apache.wicket.markup.html.link.AbstractLink.onComponentTagBody(AbstractLink.java:184)&lt;br/&gt;
at org.apache.wicket.markup.html.panel.DefaultMarkupSourcingStrategy.onComponentTagBody(DefaultMarkupSourcingStrategy.java:71)&lt;br/&gt;
at org.apache.wicket.Component.internalRenderComponent(Component.java:2551)&lt;br/&gt;
at org.apache.wicket.MarkupContainer.onRender(MarkupContainer.java:1494)&lt;br/&gt;
at org.apache.wicket.Component.internalRender(Component.java:2381)&lt;br/&gt;
at org.apache.wicket.Component.render(Component.java:2309)&lt;br/&gt;
at org.apache.wicket.MarkupContainer.renderNext(MarkupContainer.java:1390)&lt;br/&gt;
at org.apache.wicket.MarkupContainer.renderAll(MarkupContainer.java:1555)&lt;br/&gt;
at org.apache.wicket.MarkupContainer.renderComponentTagBody(MarkupContainer.java:1530)&lt;br/&gt;
at org.apache.wicket.MarkupContainer.renderAssociatedMarkup(MarkupContainer.java:689)&lt;br/&gt;
at org.apache.wicket.markup.html.panel.AssociatedMarkupSourcingStrategy.renderAssociatedMarkup(AssociatedMarkupSourcingStrategy.java:76)&lt;br/&gt;
at org.apache.wicket.markup.html.panel.PanelMarkupSourcingStrategy.onComponentTagBody(PanelMarkupSourcingStrategy.java:112)&lt;br/&gt;
at org.apache.wicket.Component.internalRenderComponent(Component.java:2551)&lt;br/&gt;
at org.apache.wicket.MarkupContainer.onRender(MarkupContainer.java:1494)&lt;br/&gt;
at org.apache.wicket.Component.internalRender(Component.java:2381)&lt;br/&gt;
at org.apache.wicket.Component.render(Component.java:2309)&lt;br/&gt;
at org.apache.wicket.MarkupContainer.renderNext(MarkupContainer.java:1390)&lt;br/&gt;
at org.apache.wicket.MarkupContainer.renderAll(MarkupContainer.java:1555)&lt;br/&gt;
at org.apache.wicket.MarkupContainer.renderComponentTagBody(MarkupContainer.java:1530)&lt;br/&gt;
at org.apache.wicket.MarkupContainer.onComponentTagBody(MarkupContainer.java:1485)&lt;br/&gt;
at org.apache.wicket.markup.html.panel.DefaultMarkupSourcingStrategy.onComponentTagBody(DefaultMarkupSourcingStrategy.java:71)&lt;br/&gt;
at org.apache.wicket.Component.internalRenderComponent(Component.java:2551)&lt;br/&gt;
at org.apache.wicket.MarkupContainer.onRender(MarkupContainer.java:1494)&lt;br/&gt;
at org.apache.wicket.Component.internalRender(Component.java:2381)&lt;br/&gt;
at org.apache.wicket.Component.render(Component.java:2309)&lt;br/&gt;
at org.apache.wicket.markup.html.list.ListView.renderItem(ListView.java:584)&lt;br/&gt;
at org.apache.wicket.markup.html.list.ListView.renderChild(ListView.java:573)&lt;br/&gt;
at org.apache.wicket.markup.repeater.AbstractRepeater.onRender(AbstractRepeater.java:94)&lt;br/&gt;
at org.apache.wicket.Component.internalRender(Component.java:2381)&lt;br/&gt;
at org.apache.wicket.Component.render(Component.java:2309)&lt;br/&gt;
at org.apache.wicket.MarkupContainer.renderNext(MarkupContainer.java:1390)&lt;br/&gt;
at org.apache.wicket.MarkupContainer.renderAll(MarkupContainer.java:1555)&lt;br/&gt;
at org.apache.wicket.MarkupContainer.renderComponentTagBody(MarkupContainer.java:1530)&lt;br/&gt;
at org.apache.wicket.MarkupContainer.onComponentTagBody(MarkupContainer.java:1485)&lt;br/&gt;
at org.apache.wicket.markup.html.panel.DefaultMarkupSourcingStrategy.onComponentTagBody(DefaultMarkupSourcingStrategy.java:71)&lt;br/&gt;
at org.apache.wicket.Component.internalRenderComponent(Component.java:2551)&lt;br/&gt;
at org.apache.wicket.MarkupContainer.onRender(MarkupContainer.java:1494)&lt;br/&gt;
at org.apache.wicket.Component.internalRender(Component.java:2381)&lt;br/&gt;
at org.apache.wicket.Component.render(Component.java:2309)&lt;br/&gt;
at org.apache.wicket.MarkupContainer.renderNext(MarkupContainer.java:1390)&lt;br/&gt;
at org.apache.wicket.MarkupContainer.renderAll(MarkupContainer.java:1555)&lt;br/&gt;
at org.apache.wicket.MarkupContainer.renderComponentTagBody(MarkupContainer.java:1530)&lt;br/&gt;
at org.apache.wicket.MarkupContainer.renderAssociatedMarkup(MarkupContainer.java:689)&lt;br/&gt;
at org.apache.wicket.markup.html.panel.AssociatedMarkupSourcingStrategy.renderAssociatedMarkup(AssociatedMarkupSourcingStrategy.java:76)&lt;br/&gt;
at org.apache.wicket.markup.html.panel.PanelMarkupSourcingStrategy.onComponentTagBody(PanelMarkupSourcingStrategy.java:112)&lt;br/&gt;
at org.apache.wicket.Component.internalRenderComponent(Component.java:2551)&lt;br/&gt;
at org.apache.wicket.MarkupContainer.onRender(MarkupContainer.java:1494)&lt;br/&gt;
at org.apache.wicket.Component.internalRender(Component.java:2381)&lt;br/&gt;
at org.apache.wicket.Component.render(Component.java:2309)&lt;br/&gt;
at org.apache.wicket.MarkupContainer.renderNext(MarkupContainer.java:1390)&lt;br/&gt;
at org.apache.wicket.MarkupContainer.renderAll(MarkupContainer.java:1555)&lt;br/&gt;
at org.apache.wicket.Page.onRender(Page.java:887)&lt;br/&gt;
at org.apache.wicket.markup.html.WebPage.onRender(WebPage.java:142)&lt;br/&gt;
at de.nuboit.base.presentation.wicket.NavigatedPage.onRender(NavigatedPage.java:251)&lt;br/&gt;
at org.apache.wicket.Component.internalRender(Component.java:2381)&lt;br/&gt;
at org.apache.wicket.Component.render(Component.java:2309)&lt;br/&gt;
at org.apache.wicket.Page.renderPage(Page.java:1024)&lt;br/&gt;
at org.apache.wicket.request.handler.render.WebPageRenderer.renderPage(WebPageRenderer.java:121)&lt;br/&gt;
at org.apache.wicket.request.handler.render.WebPageRenderer.respond(WebPageRenderer.java:274)&lt;br/&gt;
at org.apache.wicket.core.request.handler.RenderPageRequestHandler.respond(RenderPageRequestHandler.java:175)&lt;br/&gt;
at org.apache.wicket.request.cycle.RequestCycle$HandlerExecutor.respond(RequestCycle.java:862)&lt;br/&gt;
at org.apache.wicket.request.RequestHandlerStack.execute(RequestHandlerStack.java:64)&lt;br/&gt;
at org.apache.wicket.request.RequestHandlerStack.execute(RequestHandlerStack.java:97)&lt;br/&gt;
at org.apache.wicket.request.cycle.RequestCycle.execute(RequestCycle.java:261)&lt;br/&gt;
at org.apache.wicket.request.cycle.RequestCycle.processRequest(RequestCycle.java:218)&lt;br/&gt;
at org.apache.wicket.request.cycle.RequestCycle.processRequestAndDetach(RequestCycle.java:289)&lt;br/&gt;
at org.apache.wicket.protocol.http.WicketFilter.processRequestCycle(WicketFilter.java:259)&lt;/p&gt;&lt;/blockquote&gt;</description>
                <environment />
        <key id="12699103">WICKET-5526</key>
            <summary>NotSerializableException rendering DebugBar, when FeedbackCollector is present on page</summary>
                <type id="1" iconUrl="https://issues.apache.org/jira/secure/viewavatar?size=xsmall&amp;avatarId=21133&amp;avatarType=issuetype">Bug</type>
                                            <priority id="3" iconUrl="https://issues.apache.org/jira/images/icons/priorities/major.svg">Major</priority>
                        <status id="5" iconUrl="https://issues.apache.org/jira/images/icons/statuses/resolved.png" description="A resolution has been taken, and it is awaiting verification by reporter. From here issues are either reopened, or are closed.">Resolved</status>
                    <statusCategory id="3" key="done" colorName="green" />
                                    <resolution id="8">Not A Problem</resolution>
                                        <assignee username="-1">Unassigned</assignee>
                                    <reporter username="patrick1701">Patrick Davids</reporter>
                        <labels>
                    </labels>
                <created>Thu, 6 Mar 2014 09:37:04 +0000</created>
                <updated>Thu, 8 Jan 2015 11:35:38 +0000</updated>
                            <resolved>Thu, 6 Mar 2014 10:46:32 +0000</resolved>
                                    <version>6.14.0</version>
                                                    <component>wicket-devutils</component>
                        <due />
                            <votes>0</votes>
                                    <watches>2</watches>
                                                                <comments>
                            <comment id="13922291" author="mgrigorov" created="Thu, 6 Mar 2014 10:46:32 +0000">&lt;p&gt;FeedbackCollector is not supposed to be kept around.&lt;br/&gt;
For this reason it is not implementing java.io.Serializable.&lt;/p&gt;</comment>
                            <comment id="13922315" author="patrick1701" created="Thu, 6 Mar 2014 11:04:43 +0000">&lt;p&gt;Ah... I didn't notice the FeedbackCollector can work correct, without having it as page member.&lt;br/&gt;
Sorry for any inconveniences.&lt;/p&gt;

&lt;p&gt;Patrick&lt;/p&gt;</comment>
                    </comments>
                <issuelinks>
                            <issuelinktype id="10030">
                    <name>Reference</name>
                                            <outwardlinks description="relates to">
                                        <issuelink>
            <issuekey id="12765744">WICKET-5807</issuekey>
        </issuelink>
                            </outwardlinks>
                                                        </issuelinktype>
                    </issuelinks>
                <attachments>
                    </attachments>
                <subtasks>
                    </subtasks>
                <customfields>
                                                                                                                                                                                                                                                                                                                                                                                                                                                                                                                                                                                                                                                                                                                    <customfield id="customfield_12314020" key="com.atlassian.jira.plugins.jira-development-integration-plugin:devsummary">
                        <customfieldname>Development</customfieldname>
                        <customfieldvalues>
                            
                        </customfieldvalues>
                    </customfield>
                                                                                                                        <customfield id="customfield_12313422" key="com.atlassian.jirafisheyeplugin:jobcheckbox">
                        <customfieldname>Enable Automatic Patch Review</customfieldname>
                        <customfieldvalues>
                            <customfieldvalue>false</customfieldvalue>

                        </customfieldvalues>
                    </customfield>
                                                                                                                                                                                                                                                                                                                                                                                                                                                                                                                                                                                                                    <customfield id="customfield_12310420" key="com.pyxis.greenhopper.jira:gh-global-rank">
                        <customfieldname>Global Rank</customfieldname>
                        <customfieldvalues>
                            <customfieldvalue>377450</customfieldvalue>
                        </customfieldvalues>
                    </customfield>
                                                                                                                                                                                                                                                                                                                                                                                                                                                                        <customfield id="customfield_12311820" key="com.pyxis.greenhopper.jira:gh-lexo-rank">
                        <customfieldname>Rank</customfieldname>
                        <customfieldvalues>
                            <customfieldvalue>0|i1t1gn:</customfieldvalue>

                        </customfieldvalues>
                    </customfield>
                                                                <customfield id="customfield_12310920" key="com.pyxis.greenhopper.jira:gh-global-rank">
                        <customfieldname>Rank (Obsolete)</customfieldname>
                        <customfieldvalues>
                            <customfieldvalue>377744</customfieldvalue>
                        </customfieldvalues>
                    </customfield>
                                                                                                                                                                                                                                                                                                                                                                                                                                                                                                                                                                                                                                                                                                                                                                                            </customfields>
    </item>


</channel>
</rss>