<rss version="0.92">
    <channel>
        <title>ASF JIRA</title>
        <link>https://issues.apache.org/jira/issues/?jql=project+%3D+wicket+and+type+%3D+bug+and+%28status+%3D+RESOLVED+or+status+%3D+closed%29</link>
        <description>An XML representation of a search request</description>
                <language>en-uk</language>
                        <issue start="0" end="1000" total="4133" />
                <build-info>
            <version>8.20.7</version>
            <build-number>820007</build-number>
            <build-date>16-03-2022</build-date>
        </build-info>

<item>
            <title>[WICKET-5422] ComponentRenderer.renderComponent() adds a page to DataStore</title>
                <link>https://issues.apache.org/jira/browse/WICKET-5422</link>
                <project id="12310561" key="WICKET">Wicket</project>
                    <description>&lt;p&gt;I'm using ComponenetRenderer withing CustomTooltipBehavior (wicket-jquery-ui) to generate tooltip content. I add this to about 50 rows in my table so I run renderComponent() method as many times.&lt;br/&gt;
All worked fine but there was a problem with performance when I used Fragment component with markup attached to the WebPage. I did some digging and finally checked &lt;a href="http://localhost:8080/context/wicket/internal/debug/diskDataStore" class="external-link" target="_blank" rel="nofollow noopener"&gt;http://localhost:8080/context/wicket/internal/debug/diskDataStore&lt;/a&gt; and it appeared that for one request, Wicket stores 51 pages in it. All of the size of the whole page (about 300kB) and all of them named org.apache.wicket.core.util.string.ComponentRenderer$RenderPage.&lt;/p&gt;

&lt;p&gt;I changed implementation from Fragment to Panel componenet and the size was reduced to (1kB) but still all of these items were stored in the DataStore.&lt;/p&gt;

&lt;p&gt;It seems that this method is creating a dummy page in order to create the markup, but how can I avoid storing these pages?&lt;/p&gt;</description>
                <environment />
        <key id="12680468">WICKET-5422</key>
            <summary>ComponentRenderer.renderComponent() adds a page to DataStore</summary>
                <type id="1" iconUrl="https://issues.apache.org/jira/secure/viewavatar?size=xsmall&amp;avatarId=21133&amp;avatarType=issuetype">Bug</type>
                                            <priority id="3" iconUrl="https://issues.apache.org/jira/images/icons/priorities/major.svg">Major</priority>
                        <status id="5" iconUrl="https://issues.apache.org/jira/images/icons/statuses/resolved.png" description="A resolution has been taken, and it is awaiting verification by reporter. From here issues are either reopened, or are closed.">Resolved</status>
                    <statusCategory id="3" key="done" colorName="green" />
                                    <resolution id="1">Fixed</resolution>
                                        <assignee username="mgrigorov">Martin Tzvetanov Grigorov</assignee>
                                    <reporter username="MateuszM">Mateusz Mieszkowski</reporter>
                        <labels>
                    </labels>
                <created>Thu, 21 Nov 2013 09:21:52 +0000</created>
                <updated>Sun, 24 Nov 2013 11:50:24 +0000</updated>
                            <resolved>Sun, 24 Nov 2013 11:50:24 +0000</resolved>
                                    <version>6.12.0</version>
                                    <fixVersion>6.13.0</fixVersion>
                    <fixVersion>7.0.0-M1</fixVersion>
                                    <component>wicket</component>
                        <due />
                            <votes>0</votes>
                                    <watches>2</watches>
                                                                <comments>
                            <comment id="13828630" author="mateuszm" created="Thu, 21 Nov 2013 09:23:35 +0000">&lt;p&gt;Martin Grigorov's comment from users-list:&lt;br/&gt;
"The page should be marked as stateless to avoid storing it."&lt;/p&gt;</comment>
                            <comment id="13830927" author="mgrigorov" created="Sun, 24 Nov 2013 11:50:24 +0000">&lt;p&gt;Please check latest wicket-6.x and/or master branches.&lt;br/&gt;
Thanks!&lt;/p&gt;</comment>
                    </comments>
                    <attachments>
                    </attachments>
                <subtasks>
                    </subtasks>
                <customfields>
                                                                                                                                                                                                                                                                                                                                                                                                                                                                                                                                                                                                                                                                                                                    <customfield id="customfield_12314020" key="com.atlassian.jira.plugins.jira-development-integration-plugin:devsummary">
                        <customfieldname>Development</customfieldname>
                        <customfieldvalues>
                            
                        </customfieldvalues>
                    </customfield>
                                                                                                                        <customfield id="customfield_12313422" key="com.atlassian.jirafisheyeplugin:jobcheckbox">
                        <customfieldname>Enable Automatic Patch Review</customfieldname>
                        <customfieldvalues>
                            <customfieldvalue>false</customfieldvalue>

                        </customfieldvalues>
                    </customfield>
                                                                                                                                                                                                                                                                                                                                                                                                                                                                                                                                                                                                                    <customfield id="customfield_12310420" key="com.pyxis.greenhopper.jira:gh-global-rank">
                        <customfieldname>Global Rank</customfieldname>
                        <customfieldvalues>
                            <customfieldvalue>359733</customfieldvalue>
                        </customfieldvalues>
                    </customfield>
                                                                                                                                                                                                                                                                                                                                                                                                                                                                        <customfield id="customfield_12311820" key="com.pyxis.greenhopper.jira:gh-lexo-rank">
                        <customfieldname>Rank</customfieldname>
                        <customfieldvalues>
                            <customfieldvalue>0|i1q0if:</customfieldvalue>

                        </customfieldvalues>
                    </customfield>
                                                                <customfield id="customfield_12310920" key="com.pyxis.greenhopper.jira:gh-global-rank">
                        <customfieldname>Rank (Obsolete)</customfieldname>
                        <customfieldvalues>
                            <customfieldvalue>360032</customfieldvalue>
                        </customfieldvalues>
                    </customfield>
                                                                                                                                                                                                                                                                                                                                                                                                                                                                                                                                                                                                                                                                                                                                                                                            </customfields>
    </item>


</channel>
</rss>