<rss version="0.92">
    <channel>
        <title>ASF JIRA</title>
        <link>https://issues.apache.org/jira/issues/?jql=project+%3D+wicket+and+type+%3D+bug+and+%28status+%3D+RESOLVED+or+status+%3D+closed%29</link>
        <description>An XML representation of a search request</description>
                <language>en-uk</language>
                        <issue start="0" end="1000" total="4133" />
                <build-info>
            <version>8.20.7</version>
            <build-number>820007</build-number>
            <build-date>16-03-2022</build-date>
        </build-info>

<item>
            <title>[WICKET-5980] When using Servlet 3.0 filter Wicket calculates filter path wrong</title>
                <link>https://issues.apache.org/jira/browse/WICKET-5980</link>
                <project id="12310561" key="WICKET">Wicket</project>
                    <description>&lt;p&gt;When using a servlet 3.0 filter with annotations Wicket calculates the filter path wrong causing it to not match any pages other than the home page.&lt;/p&gt;

&lt;p&gt;e.g.&lt;/p&gt;

&lt;div class="code panel" style="border-width: 1px;"&gt;&lt;div class="codeContent panelContent"&gt;
&lt;pre class="code-java"&gt;@WebFilter(value = &lt;span class="code-quote"&gt;"/web/*"&lt;/span&gt;, initParams = {@WebInitParam(name = &lt;span class="code-quote"&gt;"applicationClassName"&lt;/span&gt;, value = &lt;span class="code-quote"&gt;"com.example.CheesrApplication"&lt;/span&gt;)})
&lt;span class="code-keyword"&gt;public&lt;/span&gt; &lt;span class="code-keyword"&gt;class &lt;/span&gt;CheesrFilter &lt;span class="code-keyword"&gt;extends&lt;/span&gt; WicketFilter {
}
&lt;/pre&gt;
&lt;/div&gt;&lt;/div&gt;

&lt;p&gt;Will cause Wicket to create a filter path of /web/*/ instead of the expected /web.&lt;/p&gt;</description>
                <environment />
        <key id="12863458">WICKET-5980</key>
            <summary>When using Servlet 3.0 filter Wicket calculates filter path wrong</summary>
                <type id="1" iconUrl="https://issues.apache.org/jira/secure/viewavatar?size=xsmall&amp;avatarId=21133&amp;avatarType=issuetype">Bug</type>
                                            <priority id="4" iconUrl="https://issues.apache.org/jira/images/icons/priorities/minor.svg">Minor</priority>
                        <status id="6" iconUrl="https://issues.apache.org/jira/images/icons/statuses/closed.png" description="The issue is considered finished, the resolution is correct. Issues which are not closed can be reopened.">Closed</status>
                    <statusCategory id="3" key="done" colorName="green" />
                                    <resolution id="1">Fixed</resolution>
                                        <assignee username="-1">Unassigned</assignee>
                                    <reporter username="dashorst">Martijn Dashorst</reporter>
                        <labels>
                    </labels>
                <created>Fri, 11 Sep 2015 16:37:01 +0000</created>
                <updated>Mon, 21 Sep 2015 12:32:07 +0000</updated>
                            <resolved>Mon, 21 Sep 2015 12:32:01 +0000</resolved>
                                    <version>7.0.0</version>
                                    <fixVersion>7.1.0</fixVersion>
                                    <component>wicket</component>
                        <due />
                            <votes>0</votes>
                                    <watches>2</watches>
                                                                <comments>
                            <comment id="14741136" author="jira-bot" created="Fri, 11 Sep 2015 17:00:27 +0000">&lt;p&gt;Commit 294b0b2f897dc0e2433b607d7543061145b320fc in wicket's branch refs/heads/master from &lt;a href="https://issues.apache.org/jira/secure/ViewProfile.jspa?name=dashorst" class="user-hover" rel="dashorst"&gt;dashorst&lt;/a&gt;&lt;br/&gt;
[ &lt;a href="https://git-wip-us.apache.org/repos/asf?p=wicket.git;h=294b0b2" class="external-link" target="_blank" rel="nofollow noopener"&gt;https://git-wip-us.apache.org/repos/asf?p=wicket.git;h=294b0b2&lt;/a&gt; ]&lt;/p&gt;

&lt;p&gt;&lt;a href="https://issues.apache.org/jira/browse/WICKET-5980" title="When using Servlet 3.0 filter Wicket calculates filter path wrong" class="issue-link" data-issue-key="WICKET-5980"&gt;&lt;del&gt;WICKET-5980&lt;/del&gt;&lt;/a&gt; Servlet 3 Filter path calculated wrong&lt;/p&gt;

&lt;p&gt;When using Servlet 3.0 filter Wicket calculates filter path wrong. With a /web/* filter definition&lt;br/&gt;
in the annotation Wicket generates /web/*/ instead of /web/.&lt;/p&gt;

&lt;p&gt;This fix uses the same approach as WicketFilter.getFilterPathFromConfig and other similar&lt;br/&gt;
extracters. Fixes &lt;a href="https://issues.apache.org/jira/browse/WICKET-5980" title="When using Servlet 3.0 filter Wicket calculates filter path wrong" class="issue-link" data-issue-key="WICKET-5980"&gt;&lt;del&gt;WICKET-5980&lt;/del&gt;&lt;/a&gt;.&lt;/p&gt;</comment>
                            <comment id="14741137" author="jira-bot" created="Fri, 11 Sep 2015 17:00:28 +0000">&lt;p&gt;Commit 294b0b2f897dc0e2433b607d7543061145b320fc in wicket's branch refs/heads/master from &lt;a href="https://issues.apache.org/jira/secure/ViewProfile.jspa?name=dashorst" class="user-hover" rel="dashorst"&gt;dashorst&lt;/a&gt;&lt;br/&gt;
[ &lt;a href="https://git-wip-us.apache.org/repos/asf?p=wicket.git;h=294b0b2" class="external-link" target="_blank" rel="nofollow noopener"&gt;https://git-wip-us.apache.org/repos/asf?p=wicket.git;h=294b0b2&lt;/a&gt; ]&lt;/p&gt;

&lt;p&gt;&lt;a href="https://issues.apache.org/jira/browse/WICKET-5980" title="When using Servlet 3.0 filter Wicket calculates filter path wrong" class="issue-link" data-issue-key="WICKET-5980"&gt;&lt;del&gt;WICKET-5980&lt;/del&gt;&lt;/a&gt; Servlet 3 Filter path calculated wrong&lt;/p&gt;

&lt;p&gt;When using Servlet 3.0 filter Wicket calculates filter path wrong. With a /web/* filter definition&lt;br/&gt;
in the annotation Wicket generates /web/*/ instead of /web/.&lt;/p&gt;

&lt;p&gt;This fix uses the same approach as WicketFilter.getFilterPathFromConfig and other similar&lt;br/&gt;
extracters. Fixes &lt;a href="https://issues.apache.org/jira/browse/WICKET-5980" title="When using Servlet 3.0 filter Wicket calculates filter path wrong" class="issue-link" data-issue-key="WICKET-5980"&gt;&lt;del&gt;WICKET-5980&lt;/del&gt;&lt;/a&gt;.&lt;/p&gt;</comment>
                            <comment id="14741482" author="jira-bot" created="Fri, 11 Sep 2015 20:23:31 +0000">&lt;p&gt;Commit 840c7ef003aea8293726ca345e16e5d263938637 in wicket's branch refs/heads/master from &lt;a href="https://issues.apache.org/jira/secure/ViewProfile.jspa?name=mgrigorov" class="user-hover" rel="mgrigorov"&gt;mgrigorov&lt;/a&gt;&lt;br/&gt;
[ &lt;a href="https://git-wip-us.apache.org/repos/asf?p=wicket.git;h=840c7ef" class="external-link" target="_blank" rel="nofollow noopener"&gt;https://git-wip-us.apache.org/repos/asf?p=wicket.git;h=840c7ef&lt;/a&gt; ]&lt;/p&gt;

&lt;p&gt;&lt;a href="https://issues.apache.org/jira/browse/WICKET-5980" title="When using Servlet 3.0 filter Wicket calculates filter path wrong" class="issue-link" data-issue-key="WICKET-5980"&gt;&lt;del&gt;WICKET-5980&lt;/del&gt;&lt;/a&gt; Servlet 3 Filter path calculated wrong&lt;/p&gt;

&lt;p&gt;Add Apache licence&lt;/p&gt;</comment>
                            <comment id="14741510" author="jira-bot" created="Fri, 11 Sep 2015 20:43:32 +0000">&lt;p&gt;Commit ad286c3306696c940ded97f1dbe3b650d89e7e70 in wicket's branch refs/heads/master from &lt;a href="https://issues.apache.org/jira/secure/ViewProfile.jspa?name=mgrigorov" class="user-hover" rel="mgrigorov"&gt;mgrigorov&lt;/a&gt;&lt;br/&gt;
[ &lt;a href="https://git-wip-us.apache.org/repos/asf?p=wicket.git;h=ad286c3" class="external-link" target="_blank" rel="nofollow noopener"&gt;https://git-wip-us.apache.org/repos/asf?p=wicket.git;h=ad286c3&lt;/a&gt; ]&lt;/p&gt;

&lt;p&gt;&lt;a href="https://issues.apache.org/jira/browse/WICKET-5980" title="When using Servlet 3.0 filter Wicket calculates filter path wrong" class="issue-link" data-issue-key="WICKET-5980"&gt;&lt;del&gt;WICKET-5980&lt;/del&gt;&lt;/a&gt; Servlet 3 Filter path calculated wrong&lt;/p&gt;

&lt;p&gt;Update the comments why a reference to the #application has to be acquired&lt;/p&gt;</comment>
                    </comments>
                    <attachments>
                    </attachments>
                <subtasks>
                    </subtasks>
                <customfields>
                                                                                                                                                                                                                                                                                                                                                                                                                                                                                                                                                                                                                                                                                                                    <customfield id="customfield_12314020" key="com.atlassian.jira.plugins.jira-development-integration-plugin:devsummary">
                        <customfieldname>Development</customfieldname>
                        <customfieldvalues>
                            
                        </customfieldvalues>
                    </customfield>
                                                                                                                        <customfield id="customfield_12313422" key="com.atlassian.jirafisheyeplugin:jobcheckbox">
                        <customfieldname>Enable Automatic Patch Review</customfieldname>
                        <customfieldvalues>
                            <customfieldvalue>false</customfieldvalue>

                        </customfieldvalues>
                    </customfield>
                                                                                                                                                                                                                                                                                                                                                                                                                                                                                                                                                                                                                    <customfield id="customfield_12310420" key="com.pyxis.greenhopper.jira:gh-global-rank">
                        <customfieldname>Global Rank</customfieldname>
                        <customfieldvalues>
                            <customfieldvalue>9223372036854775807</customfieldvalue>
                        </customfieldvalues>
                    </customfield>
                                                                                                                                                                                                                                                                                                                                                                                                                                                                        <customfield id="customfield_12311820" key="com.pyxis.greenhopper.jira:gh-lexo-rank">
                        <customfieldname>Rank</customfieldname>
                        <customfieldvalues>
                            <customfieldvalue>0|i2k2cv:</customfieldvalue>

                        </customfieldvalues>
                    </customfield>
                                                                <customfield id="customfield_12310920" key="com.pyxis.greenhopper.jira:gh-global-rank">
                        <customfieldname>Rank (Obsolete)</customfieldname>
                        <customfieldvalues>
                            <customfieldvalue>9223372036854775807</customfieldvalue>
                        </customfieldvalues>
                    </customfield>
                                                                                                                                                                                                                                                                                                                                                                                                                                                                                                                                                                                                                                                                                                                                                                                            </customfields>
    </item>


</channel>
</rss>