<rss version="0.92">
    <channel>
        <title>ASF JIRA</title>
        <link>https://issues.apache.org/jira/issues/?jql=project+%3D+wicket+and+type+%3D+bug+and+%28status+%3D+RESOLVED+or+status+%3D+closed%29</link>
        <description>An XML representation of a search request</description>
                <language>en-uk</language>
                        <issue start="0" end="1000" total="4133" />
                <build-info>
            <version>8.20.7</version>
            <build-number>820007</build-number>
            <build-date>16-03-2022</build-date>
        </build-info>

<item>
            <title>[WICKET-5873] Resources served by Wicket are not compressable</title>
                <link>https://issues.apache.org/jira/browse/WICKET-5873</link>
                <project id="12310561" key="WICKET">Wicket</project>
                    <description>&lt;p&gt;In AbstractResource.java, we are flushing the outputstream after writing the headers.  Based on a comment therein, this was due to some image loading problem with Firefox (assuming an older Firefox build).  This was fixed in the 7.0 branch 18 months ago:&lt;/p&gt;

&lt;p&gt;&lt;a href="https://github.com/apache/wicket/commit/7ea31ba59b6f027000a2bcd4b6e31eb5eaf35d21" class="external-link" target="_blank" rel="nofollow noopener"&gt;https://github.com/apache/wicket/commit/7ea31ba59b6f027000a2bcd4b6e31eb5eaf35d21&lt;/a&gt;&lt;/p&gt;

&lt;p&gt;Please could this fix (the header flush) be backported so that the Jetty Gzip filter can compress CSS and JS resources.&lt;/p&gt;</description>
                <environment>All</environment>
        <key id="12818630">WICKET-5873</key>
            <summary>Resources served by Wicket are not compressable</summary>
                <type id="1" iconUrl="https://issues.apache.org/jira/secure/viewavatar?size=xsmall&amp;avatarId=21133&amp;avatarType=issuetype">Bug</type>
                                            <priority id="3" iconUrl="https://issues.apache.org/jira/images/icons/priorities/major.svg">Major</priority>
                        <status id="5" iconUrl="https://issues.apache.org/jira/images/icons/statuses/resolved.png" description="A resolution has been taken, and it is awaiting verification by reporter. From here issues are either reopened, or are closed.">Resolved</status>
                    <statusCategory id="3" key="done" colorName="green" />
                                    <resolution id="1">Fixed</resolution>
                                        <assignee username="mgrigorov">Martin Tzvetanov Grigorov</assignee>
                                    <reporter username="nickpratt">Nick Pratt</reporter>
                        <labels>
                    </labels>
                <created>Mon, 6 Apr 2015 16:29:58 +0000</created>
                <updated>Tue, 7 Apr 2015 11:02:51 +0000</updated>
                            <resolved>Tue, 7 Apr 2015 11:01:57 +0000</resolved>
                                    <version>6.19.0</version>
                                    <fixVersion>6.20.0</fixVersion>
                                        <due />
                            <votes>0</votes>
                                    <watches>3</watches>
                                                                <comments>
                            <comment id="14483004" author="jira-bot" created="Tue, 7 Apr 2015 11:01:22 +0000">&lt;p&gt;Commit c31a65f31463fb2238896990a052a8da930d2bc9 in wicket's branch refs/heads/wicket-6.x from &lt;a href="https://issues.apache.org/jira/secure/ViewProfile.jspa?name=mgrigorov" class="user-hover" rel="mgrigorov"&gt;mgrigorov&lt;/a&gt;&lt;br/&gt;
[ &lt;a href="https://git-wip-us.apache.org/repos/asf?p=wicket.git;h=c31a65f" class="external-link" target="_blank" rel="nofollow noopener"&gt;https://git-wip-us.apache.org/repos/asf?p=wicket.git;h=c31a65f&lt;/a&gt; ]&lt;/p&gt;

&lt;p&gt;&lt;a href="https://issues.apache.org/jira/browse/WICKET-5873" title="Resources served by Wicket are not compressable" class="issue-link" data-issue-key="WICKET-5873"&gt;&lt;del&gt;WICKET-5873&lt;/del&gt;&lt;/a&gt; Resources served by Wicket are not compressable&lt;/p&gt;</comment>
                            <comment id="14483006" author="mgrigorov" created="Tue, 7 Apr 2015 11:01:58 +0000">&lt;p&gt;The improvement in 7.x didn't lead to any problems so far so I think it is safe to downport the fix to 6.x.&lt;/p&gt;</comment>
                    </comments>
                <issuelinks>
                            <issuelinktype id="10030">
                    <name>Reference</name>
                                            <outwardlinks description="relates to">
                                        <issuelink>
            <issuekey id="12675209">WICKET-5392</issuekey>
        </issuelink>
                            </outwardlinks>
                                                        </issuelinktype>
                    </issuelinks>
                <attachments>
                    </attachments>
                <subtasks>
                    </subtasks>
                <customfields>
                                                                                                                                                                                                                                                                                                                                                                                                                                                                                                                                                                                                                                                                                                                    <customfield id="customfield_12314020" key="com.atlassian.jira.plugins.jira-development-integration-plugin:devsummary">
                        <customfieldname>Development</customfieldname>
                        <customfieldvalues>
                            
                        </customfieldvalues>
                    </customfield>
                                                                                                                        <customfield id="customfield_12313422" key="com.atlassian.jirafisheyeplugin:jobcheckbox">
                        <customfieldname>Enable Automatic Patch Review</customfieldname>
                        <customfieldvalues>
                            <customfieldvalue>false</customfieldvalue>

                        </customfieldvalues>
                    </customfield>
                                                                                                                                                                                                                                                                                                                                                                                                                                                                                                                                                                                                                    <customfield id="customfield_12310420" key="com.pyxis.greenhopper.jira:gh-global-rank">
                        <customfieldname>Global Rank</customfieldname>
                        <customfieldvalues>
                            <customfieldvalue>9223372036854775807</customfieldvalue>
                        </customfieldvalues>
                    </customfield>
                                                                                                                                                                                                                                                                                                                                                                                                                                                                        <customfield id="customfield_12311820" key="com.pyxis.greenhopper.jira:gh-lexo-rank">
                        <customfieldname>Rank</customfieldname>
                        <customfieldvalues>
                            <customfieldvalue>0|i2cuwn:</customfieldvalue>

                        </customfieldvalues>
                    </customfield>
                                                                <customfield id="customfield_12310920" key="com.pyxis.greenhopper.jira:gh-global-rank">
                        <customfieldname>Rank (Obsolete)</customfieldname>
                        <customfieldvalues>
                            <customfieldvalue>9223372036854775807</customfieldvalue>
                        </customfieldvalues>
                    </customfield>
                                                                                                                                                                                                                                                                                                                                                                                                                                                                                                                                                                                                                                                                                                                                                                                            </customfields>
    </item>


</channel>
</rss>