<rss version="0.92">
    <channel>
        <title>ASF JIRA</title>
        <link>https://issues.apache.org/jira/issues/?jql=project+%3D+wicket+and+type+%3D+bug+and+%28status+%3D+RESOLVED+or+status+%3D+closed%29</link>
        <description>An XML representation of a search request</description>
                <language>en-uk</language>
                        <issue start="0" end="1000" total="4133" />
                <build-info>
            <version>8.20.7</version>
            <build-number>820007</build-number>
            <build-date>16-03-2022</build-date>
        </build-info>

<item>
            <title>[WICKET-5230] AjaxFormChoiceComponentUpdatingBehavior fails for choices containing other invalid FormComponents</title>
                <link>https://issues.apache.org/jira/browse/WICKET-5230</link>
                <project id="12310561" key="WICKET">Wicket</project>
                    <description>&lt;p&gt;If a TextField inside a RadioGroup has a ValidationError, processing of AjaxFormChoiceComponentUpdatingBehavior will erroneously update the group's model:&lt;/p&gt;

&lt;ul class="alternate" type="square"&gt;
	&lt;li&gt;RadioGroup#validate() does not convert the input, because #isValid() returns false (since the nested textfield has an error message)&lt;/li&gt;
	&lt;li&gt;the behavior tests #hasErrorMessage() on the group, which returns false (since the group itself doesn't have an error message)&lt;/li&gt;
	&lt;li&gt;the behavior continues processing with a null value&lt;/li&gt;
&lt;/ul&gt;
</description>
                <environment />
        <key id="12652422">WICKET-5230</key>
            <summary>AjaxFormChoiceComponentUpdatingBehavior fails for choices containing other invalid FormComponents</summary>
                <type id="1" iconUrl="https://issues.apache.org/jira/secure/viewavatar?size=xsmall&amp;avatarId=21133&amp;avatarType=issuetype">Bug</type>
                                            <priority id="3" iconUrl="https://issues.apache.org/jira/images/icons/priorities/major.svg">Major</priority>
                        <status id="5" iconUrl="https://issues.apache.org/jira/images/icons/statuses/resolved.png" description="A resolution has been taken, and it is awaiting verification by reporter. From here issues are either reopened, or are closed.">Resolved</status>
                    <statusCategory id="3" key="done" colorName="green" />
                                    <resolution id="1">Fixed</resolution>
                                        <assignee username="svenmeier">Sven Meier</assignee>
                                    <reporter username="svenmeier">Sven Meier</reporter>
                        <labels>
                    </labels>
                <created>Wed, 12 Jun 2013 15:59:29 +0000</created>
                <updated>Thu, 13 Jun 2013 07:02:59 +0000</updated>
                            <resolved>Wed, 12 Jun 2013 18:52:28 +0000</resolved>
                                    <version>1.5.10</version>
                    <version>6.8.0</version>
                    <version>7.0.0-M1</version>
                                    <fixVersion>6.9.0</fixVersion>
                    <fixVersion>1.5.11</fixVersion>
                    <fixVersion>7.0.0-M1</fixVersion>
                                    <component>wicket</component>
                        <due />
                            <votes>0</votes>
                                    <watches>1</watches>
                                                                <comments>
                            <comment id="13681503" author="svenmeier" created="Wed, 12 Jun 2013 18:52:28 +0000">&lt;p&gt;#isValid() is now used instead of #hasErrorMessage() for cases where a nested FormComponent might have an error message. This is how FormComponent does it too.&lt;/p&gt;</comment>
                    </comments>
                    <attachments>
                    </attachments>
                <subtasks>
                    </subtasks>
                <customfields>
                                                                                                                                                                                                                                                                                                                                                                                                                                                                                                                                                                                                                                                                                                                    <customfield id="customfield_12314020" key="com.atlassian.jira.plugins.jira-development-integration-plugin:devsummary">
                        <customfieldname>Development</customfieldname>
                        <customfieldvalues>
                            
                        </customfieldvalues>
                    </customfield>
                                                                                                                        <customfield id="customfield_12313422" key="com.atlassian.jirafisheyeplugin:jobcheckbox">
                        <customfieldname>Enable Automatic Patch Review</customfieldname>
                        <customfieldvalues>
                            <customfieldvalue>false</customfieldvalue>

                        </customfieldvalues>
                    </customfield>
                                                                                                                                                                                                                                                                                                                                                                                                                                                                                                                                                                                                                    <customfield id="customfield_12310420" key="com.pyxis.greenhopper.jira:gh-global-rank">
                        <customfieldname>Global Rank</customfieldname>
                        <customfieldvalues>
                            <customfieldvalue>332746</customfieldvalue>
                        </customfieldvalues>
                    </customfield>
                                                                                                                                                                                                                                                                                                                                                                                                                                                                        <customfield id="customfield_12311820" key="com.pyxis.greenhopper.jira:gh-lexo-rank">
                        <customfieldname>Rank</customfieldname>
                        <customfieldvalues>
                            <customfieldvalue>0|i1leh3:</customfieldvalue>

                        </customfieldvalues>
                    </customfield>
                                                                <customfield id="customfield_12310920" key="com.pyxis.greenhopper.jira:gh-global-rank">
                        <customfieldname>Rank (Obsolete)</customfieldname>
                        <customfieldvalues>
                            <customfieldvalue>333075</customfieldvalue>
                        </customfieldvalues>
                    </customfield>
                                                                                                                                                                                                                                                                                                                                                                                                                                                                                                                                                                                                                                                                                                                                                                                            </customfields>
    </item>


</channel>
</rss>