<rss version="0.92">
    <channel>
        <title>ASF JIRA</title>
        <link>https://issues.apache.org/jira/issues/?jql=project+%3D+IO+and+type+%3D+bug+and+%28status+%3D+RESOLVED+or+status+%3D+closed%29+and+resolution+%3D+Fixed+and+fixVersion+%21%3D+None++and+affectedVersion+%21%3D+None++and+affectedVersion+%21%3D+%22Nightly+Build%22</link>
        <description>An XML representation of a search request</description>
                <language>en-uk</language>
                        <issue start="0" end="164" total="164" />
                <build-info>
            <version>8.20.1</version>
            <build-number>820001</build-number>
            <build-date>28-10-2021</build-date>
        </build-info>

<item>
            <title>[IO-100] FileUtils.touch should raise an IOException if I may not modify the file</title>
                <link>https://issues.apache.org/jira/browse/IO-100</link>
                <project id="12310477" key="IO">Commons IO</project>
                    <description>&lt;p&gt;The documentation states, that FileUtils.touch implements the UNIX-touch command. However I may successfully FileUtils.touch files like /etc/passwd, which is not allowed on the shell as normal user. &lt;/p&gt;

&lt;p&gt;Looking at the implementation, you should propably raise an IOException if the returnvalue of `file.setLastModified(System.currentTimeMillis());` is `false`.&lt;/p&gt;</description>
                <environment>&lt;p&gt;Linux vmware-ap-mifr 2.6.4-52-default #1 Tue Jul 25 11:13:58 CEST 2006 i686 i686 i386 GNU/Linux&lt;br/&gt;
&lt;span class="error"&gt;&amp;#91;mifr@vmware-ap-mifr coms_core-trunk&amp;#93;&lt;/span&gt;$ java -version&lt;br/&gt;
java version "1.5.0_08"&lt;br/&gt;
Java(TM) 2 Runtime Environment, Standard Edition (build 1.5.0_08-b03)&lt;br/&gt;
Java HotSpot(TM) Client VM (build 1.5.0_08-b03, mixed mode, sharing)&lt;/p&gt;</environment>
        <key id="12357134">IO-100</key>
            <summary>FileUtils.touch should raise an IOException if I may not modify the file</summary>
                <type id="1" iconUrl="https://issues.apache.org/jira/secure/viewavatar?size=xsmall&amp;avatarId=21133&amp;avatarType=issuetype">Bug</type>
                                            <priority id="3" iconUrl="https://issues.apache.org/jira/images/icons/priorities/major.svg">Major</priority>
                        <status id="6" iconUrl="https://issues.apache.org/jira/images/icons/statuses/closed.png" description="The issue is considered finished, the resolution is correct. Issues which are not closed can be reopened.">Closed</status>
                    <statusCategory id="3" key="done" colorName="green" />
                                    <resolution id="1">Fixed</resolution>
                                        <assignee username="-1">Unassigned</assignee>
                                    <reporter username="mfriedenhagen">Mirko Friedenhagen</reporter>
                        <labels>
                    </labels>
                <created>Tue, 28 Nov 2006 15:01:00 +0000</created>
                <updated>Fri, 9 Mar 2007 20:38:23 +0000</updated>
                            <resolved>Mon, 4 Dec 2006 23:36:44 +0000</resolved>
                                    <version>1.2</version>
                                    <fixVersion>1.3</fixVersion>
                                        <due />
                            <votes>0</votes>
                                    <watches>0</watches>
                                                                <comments>
                            <comment id="12455455" author="bayard" created="Mon, 4 Dec 2006 23:36:44 +0000">&lt;p&gt;svn ci -m "Applied the fix suggested by Mirko Friedenhagen in #&lt;a href="https://issues.apache.org/jira/browse/IO-100" title="FileUtils.touch should raise an IOException if I may not modify the file" class="issue-link" data-issue-key="IO-100"&gt;&lt;del&gt;IO-100&lt;/del&gt;&lt;/a&gt;. This isn't something that it's easy to write a unit test for, but it is very easy to write a platform dependent test and show that the new code correctly throws an exception for '/etc/passwd'" src/java/org/apache/commons/io/FileUtils.java&lt;/p&gt;

&lt;p&gt;Sending        src/java/org/apache/commons/io/FileUtils.java&lt;br/&gt;
Transmitting file data .&lt;br/&gt;
Committed revision 482411.&lt;/p&gt;</comment>
                    </comments>
                    <attachments>
                    </attachments>
                <subtasks>
                    </subtasks>
                <customfields>
                                                                                                                                                                                                                                                                                                                                                                                                                                                                                                                                                                                                                                                                                                                    <customfield id="customfield_12314020" key="com.atlassian.jira.plugins.jira-development-integration-plugin:devsummary">
                        <customfieldname>Development</customfieldname>
                        <customfieldvalues>
                            
                        </customfieldvalues>
                    </customfield>
                                                                                                                        <customfield id="customfield_12313422" key="com.atlassian.jirafisheyeplugin:jobcheckbox">
                        <customfieldname>Enable Automatic Patch Review</customfieldname>
                        <customfieldvalues>
                            <customfieldvalue>false</customfieldvalue>

                        </customfieldvalues>
                    </customfield>
                                                                                                                                                                                                                                                                                                                                                                                                                                                                                                                                                                                                                                                <customfield id="customfield_12310420" key="com.pyxis.greenhopper.jira:gh-global-rank">
                        <customfieldname>Global Rank</customfieldname>
                        <customfieldvalues>
                            <customfieldvalue>139551</customfieldvalue>
                        </customfieldvalues>
                    </customfield>
                                                                                                                                                                                                                                                                                                                                                                                                                                                                        <customfield id="customfield_12311820" key="com.pyxis.greenhopper.jira:gh-lexo-rank">
                        <customfieldname>Rank</customfieldname>
                        <customfieldvalues>
                            <customfieldvalue>0|i0smhj:</customfieldvalue>

                        </customfieldvalues>
                    </customfield>
                                                                <customfield id="customfield_12310920" key="com.pyxis.greenhopper.jira:gh-global-rank">
                        <customfieldname>Rank (Obsolete)</customfieldname>
                        <customfieldvalues>
                            <customfieldvalue>165120</customfieldvalue>
                        </customfieldvalues>
                    </customfield>
                                                                                                                                                                                                                                                                                                                                                                                                                                                                                                                                                                                                                                                                                                                                                                                            </customfields>
    </item>


</channel>
</rss>