<rss version="0.92">
    <channel>
        <title>ASF JIRA</title>
        <link>https://issues.apache.org/jira/issues/?jql=project+%3D+IO+and+type+%3D+bug+and+%28status+%3D+RESOLVED+or+status+%3D+closed%29+and+resolution+%3D+Fixed+and+fixVersion+%21%3D+None++and+affectedVersion+%21%3D+None++and+affectedVersion+%21%3D+%22Nightly+Build%22</link>
        <description>An XML representation of a search request</description>
                <language>en-uk</language>
                        <issue start="0" end="164" total="164" />
                <build-info>
            <version>8.20.1</version>
            <build-number>820001</build-number>
            <build-date>28-10-2021</build-date>
        </build-info>

<item>
            <title>[IO-179] StringIndexOutOfBounds exception on FilenameUtils.getPathNoEndSeparator</title>
                <link>https://issues.apache.org/jira/browse/IO-179</link>
                <project id="12310477" key="IO">Commons IO</project>
                    <description>&lt;p&gt;public void testFilenameUtils() &lt;/p&gt;
{
 String path = "/foo.xml";
 org.apache.commons.io.FilenameUtils.getPathNoEndSeparator(path);
 }


&lt;p&gt;Leads to:&lt;/p&gt;

&lt;p&gt;java.lang.StringIndexOutOfBoundsException: String index out of range: -1&lt;br/&gt;
	at java.lang.String.substring(String.java:1768)&lt;br/&gt;
	at org.apache.commons.io.FilenameUtils.doGetPath(FilenameUtils.java:705)&lt;br/&gt;
	at org.apache.commons.io.FilenameUtils.getPathNoEndSeparator(FilenameUtils.java:683)&lt;/p&gt;


</description>
                <environment>&lt;p&gt;Javadoc says that method is text based. In any case, the problem has been reproduced in Windows and Linux.&lt;/p&gt;</environment>
        <key id="12402775">IO-179</key>
            <summary>StringIndexOutOfBounds exception on FilenameUtils.getPathNoEndSeparator</summary>
                <type id="1" iconUrl="https://issues.apache.org/jira/secure/viewavatar?size=xsmall&amp;avatarId=21133&amp;avatarType=issuetype">Bug</type>
                                            <priority id="3" iconUrl="https://issues.apache.org/jira/images/icons/priorities/major.svg">Major</priority>
                        <status id="6" iconUrl="https://issues.apache.org/jira/images/icons/statuses/closed.png" description="The issue is considered finished, the resolution is correct. Issues which are not closed can be reopened.">Closed</status>
                    <statusCategory id="3" key="done" colorName="green" />
                                    <resolution id="1">Fixed</resolution>
                                        <assignee username="niallp">Niall Pemberton</assignee>
                                    <reporter username="francisco">Francisco Borges</reporter>
                        <labels>
                    </labels>
                <created>Thu, 21 Aug 2008 10:09:59 +0000</created>
                <updated>Wed, 21 Jul 2010 17:00:36 +0000</updated>
                            <resolved>Sat, 29 Nov 2008 01:51:49 +0000</resolved>
                                    <version>1.3.2</version>
                    <version>1.4</version>
                                    <fixVersion>2.0</fixVersion>
                                    <component>Utilities</component>
                        <due />
                            <votes>0</votes>
                                    <watches>1</watches>
                                                                <comments>
                            <comment id="12640643" author="gwen" created="Fri, 17 Oct 2008 19:48:53 +0000">&lt;p&gt;A proposal patch for this issue&lt;/p&gt;</comment>
                            <comment id="12640645" author="gwen" created="Fri, 17 Oct 2008 19:51:33 +0000">&lt;p&gt;The issue is due to a call to String#substring(beginIndex,lastIndex) where beginIndex&amp;gt;lastIndex.&lt;br/&gt;
The attached file is a patch that includes the updated test code and the correction.&lt;/p&gt;</comment>
                            <comment id="12651686" author="niallp" created="Sat, 29 Nov 2008 01:51:49 +0000">&lt;p&gt;Patch applied, thanks!&lt;/p&gt;

&lt;p&gt;&lt;a href="http://svn.apache.org/viewvc?view=rev&amp;amp;revision=721610" class="external-link" target="_blank" rel="nofollow noopener"&gt;http://svn.apache.org/viewvc?view=rev&amp;amp;revision=721610&lt;/a&gt;&lt;/p&gt;</comment>
                    </comments>
                    <attachments>
                            <attachment id="12392376" name="IO-179.patch" size="1671" author="gwen" created="Fri, 17 Oct 2008 19:48:53 +0000" />
                    </attachments>
                <subtasks>
                    </subtasks>
                <customfields>
                                                                                                                                                                                                                                                                                                                                                                                                                                                                                                                                                                                                                                                                                                                    <customfield id="customfield_12314020" key="com.atlassian.jira.plugins.jira-development-integration-plugin:devsummary">
                        <customfieldname>Development</customfieldname>
                        <customfieldvalues>
                            
                        </customfieldvalues>
                    </customfield>
                                                                                                                        <customfield id="customfield_12313422" key="com.atlassian.jirafisheyeplugin:jobcheckbox">
                        <customfieldname>Enable Automatic Patch Review</customfieldname>
                        <customfieldvalues>
                            <customfieldvalue>false</customfieldvalue>

                        </customfieldvalues>
                    </customfield>
                                                                                                                                                                                                                                                                                                                                                                                                                                                                                                                                                                                                                                                <customfield id="customfield_12310420" key="com.pyxis.greenhopper.jira:gh-global-rank">
                        <customfieldname>Global Rank</customfieldname>
                        <customfieldvalues>
                            <customfieldvalue>40299</customfieldvalue>
                        </customfieldvalues>
                    </customfield>
                                                                                                                                                                                                                                                                                                                                                                                                                                                                        <customfield id="customfield_12311820" key="com.pyxis.greenhopper.jira:gh-lexo-rank">
                        <customfieldname>Rank</customfieldname>
                        <customfieldvalues>
                            <customfieldvalue>0|i0b14v:</customfieldvalue>

                        </customfieldvalues>
                    </customfield>
                                                                <customfield id="customfield_12310920" key="com.pyxis.greenhopper.jira:gh-global-rank">
                        <customfieldname>Rank (Obsolete)</customfieldname>
                        <customfieldvalues>
                            <customfieldvalue>62296</customfieldvalue>
                        </customfieldvalues>
                    </customfield>
                                                                                                                                                                                                                                                                                                                                                                                                                                                                                                                                                                                                                                                                                                                                                                                            </customfields>
    </item>


</channel>
</rss>