<rss version="0.92">
    <channel>
        <title>ASF JIRA</title>
        <link>https://issues.apache.org/jira/issues/?jql=project+%3D+IO+and+type+%3D+bug+and+%28status+%3D+RESOLVED+or+status+%3D+closed%29+and+resolution+%3D+Fixed+and+fixVersion+%21%3D+None++and+affectedVersion+%21%3D+None++and+affectedVersion+%21%3D+%22Nightly+Build%22</link>
        <description>An XML representation of a search request</description>
                <language>en-uk</language>
                        <issue start="0" end="164" total="164" />
                <build-info>
            <version>8.20.1</version>
            <build-number>820001</build-number>
            <build-date>28-10-2021</build-date>
        </build-info>

<item>
            <title>[IO-163] FileUtils.toURLs() uses deprecated (and bad) method of conversion to URL</title>
                <link>https://issues.apache.org/jira/browse/IO-163</link>
                <project id="12310477" key="IO">Commons IO</project>
                    <description>&lt;p&gt;The method FileUtils.toURLs() uses the following method to convert from File to URL:&lt;br/&gt;
    File.toURL();&lt;/p&gt;

&lt;p&gt;This method has scary warnings that it's a bad way to do the conversion because characters will not be escaped as required in URL strings.  In Java 1.6, this method has actually been deprecated.  All recent JDK versions recommend instead using:&lt;br/&gt;
    File.toURI().toURL();&lt;/p&gt;

&lt;p&gt;as the URI code will properly perform the escaping.&lt;/p&gt;</description>
                <environment />
        <key id="12393699">IO-163</key>
            <summary>FileUtils.toURLs() uses deprecated (and bad) method of conversion to URL</summary>
                <type id="1" iconUrl="https://issues.apache.org/jira/secure/viewavatar?size=xsmall&amp;avatarId=21133&amp;avatarType=issuetype">Bug</type>
                                            <priority id="4" iconUrl="https://issues.apache.org/jira/images/icons/priorities/minor.svg">Minor</priority>
                        <status id="6" iconUrl="https://issues.apache.org/jira/images/icons/statuses/closed.png" description="The issue is considered finished, the resolution is correct. Issues which are not closed can be reopened.">Closed</status>
                    <statusCategory id="3" key="done" colorName="green" />
                                    <resolution id="1">Fixed</resolution>
                                        <assignee username="niallp">Niall Pemberton</assignee>
                                    <reporter username="puredanger">Alex Miller</reporter>
                        <labels>
                    </labels>
                <created>Thu, 10 Apr 2008 20:27:30 +0000</created>
                <updated>Fri, 22 Aug 2008 07:36:51 +0000</updated>
                            <resolved>Thu, 10 Apr 2008 23:05:54 +0000</resolved>
                                    <version>1.4</version>
                                    <fixVersion>2.0</fixVersion>
                                    <component>Utilities</component>
                        <due />
                            <votes>0</votes>
                                    <watches>0</watches>
                                                                <comments>
                            <comment id="12587811" author="niallp" created="Thu, 10 Apr 2008 23:05:54 +0000">&lt;p&gt;Fixed thanks&lt;/p&gt;

&lt;p&gt;&lt;a href="http://svn.apache.org/viewvc?view=rev&amp;amp;revision=647000" class="external-link" target="_blank" rel="nofollow noopener"&gt;http://svn.apache.org/viewvc?view=rev&amp;amp;revision=647000&lt;/a&gt;&lt;/p&gt;</comment>
                    </comments>
                    <attachments>
                    </attachments>
                <subtasks>
                    </subtasks>
                <customfields>
                                                                                                                                                                                                                                                                                                                                                                                                                                                                                                                                                                                                                                                                                                                    <customfield id="customfield_12314020" key="com.atlassian.jira.plugins.jira-development-integration-plugin:devsummary">
                        <customfieldname>Development</customfieldname>
                        <customfieldvalues>
                            
                        </customfieldvalues>
                    </customfield>
                                                                                                                        <customfield id="customfield_12313422" key="com.atlassian.jirafisheyeplugin:jobcheckbox">
                        <customfieldname>Enable Automatic Patch Review</customfieldname>
                        <customfieldvalues>
                            <customfieldvalue>false</customfieldvalue>

                        </customfieldvalues>
                    </customfield>
                                                                                                                                                                                                                                                                                                                                                                                                                                                                                                                                                                                                                                                <customfield id="customfield_12310420" key="com.pyxis.greenhopper.jira:gh-global-rank">
                        <customfieldname>Global Rank</customfieldname>
                        <customfieldvalues>
                            <customfieldvalue>40308</customfieldvalue>
                        </customfieldvalues>
                    </customfield>
                                                                                                                                                                                                                                                                                                                                                                                                                                                                        <customfield id="customfield_12311820" key="com.pyxis.greenhopper.jira:gh-lexo-rank">
                        <customfieldname>Rank</customfieldname>
                        <customfieldvalues>
                            <customfieldvalue>0|i0b15z:</customfieldvalue>

                        </customfieldvalues>
                    </customfield>
                                                                <customfield id="customfield_12310920" key="com.pyxis.greenhopper.jira:gh-global-rank">
                        <customfieldname>Rank (Obsolete)</customfieldname>
                        <customfieldvalues>
                            <customfieldvalue>62301</customfieldvalue>
                        </customfieldvalues>
                    </customfield>
                                                                                                                                                                                                                                                                                                                                                                                                                                                                                                                                                                                                                                                                                                                                                                                            </customfields>
    </item>


</channel>
</rss>