<rss version="0.92">
    <channel>
        <title>ASF JIRA</title>
        <link>https://issues.apache.org/jira/issues/?jql=project+%3D+IO+and+type+%3D+bug+and+%28status+%3D+RESOLVED+or+status+%3D+closed%29+and+resolution+%3D+Fixed+and+fixVersion+%21%3D+None++and+affectedVersion+%21%3D+None++and+affectedVersion+%21%3D+%22Nightly+Build%22</link>
        <description>An XML representation of a search request</description>
                <language>en-uk</language>
                        <issue start="0" end="164" total="164" />
                <build-info>
            <version>8.20.1</version>
            <build-number>820001</build-number>
            <build-date>28-10-2021</build-date>
        </build-info>

<item>
            <title>[IO-103] commons-io cannot be deployed with Maven 2</title>
                <link>https://issues.apache.org/jira/browse/IO-103</link>
                <project id="12310477" key="IO">Commons IO</project>
                    <description>&lt;p&gt;The commons-io POM contains a resource section, which specifies that the NOTICE.txt and LICENSE.txt files are being added to the jar files META-INF directory. Unfortunately, this triggers &lt;a href="https://issues.apache.org/jira/browse/MSOURCES-6" title="Sources plugin ignores resource includes/excludes" class="issue-link" data-issue-key="MSOURCES-6"&gt;&lt;del&gt;MSOURCES-6&lt;/del&gt;&lt;/a&gt;, a well known bug in the maven-sources-plugin, which attempts to include the base directory into the source jar file. The base directory includes the sources jar itself, which is growing while it is being included into itself, which is growing while it is included into itself, ...&lt;br/&gt;
In other words, the maven-sources-plugin is creating a jar file endleseely.&lt;/p&gt;

&lt;p&gt;When deploying the commons-io with&lt;/p&gt;

&lt;p&gt;    mvn -Prc commons-io deploy&lt;/p&gt;

&lt;p&gt;or&lt;/p&gt;

&lt;p&gt;   mvn -Prelease commons-io deploy&lt;/p&gt;

&lt;p&gt;then the maven-sources-plugin is invoked by the commons-parent POM. In other words, the commons-io jar file cannot be deployed.&lt;/p&gt;

&lt;p&gt;The attached patch removes the resources section from the commons-parent POM: This can easily be done, because the commons-parent POM is already addressing this by invoking the antrun plugin.&lt;/p&gt;</description>
                <environment />
        <key id="12357866">IO-103</key>
            <summary>commons-io cannot be deployed with Maven 2</summary>
                <type id="1" iconUrl="https://issues.apache.org/jira/secure/viewavatar?size=xsmall&amp;avatarId=21133&amp;avatarType=issuetype">Bug</type>
                                            <priority id="3" iconUrl="https://issues.apache.org/jira/images/icons/priorities/major.svg">Major</priority>
                        <status id="6" iconUrl="https://issues.apache.org/jira/images/icons/statuses/closed.png" description="The issue is considered finished, the resolution is correct. Issues which are not closed can be reopened.">Closed</status>
                    <statusCategory id="3" key="done" colorName="green" />
                                    <resolution id="1">Fixed</resolution>
                                        <assignee username="bayard">Henri Yandell</assignee>
                                    <reporter username="jochen@apache.org">Jochen Wiedmann</reporter>
                        <labels>
                    </labels>
                <created>Wed, 6 Dec 2006 08:42:20 +0000</created>
                <updated>Fri, 9 Mar 2007 20:38:24 +0000</updated>
                            <resolved>Thu, 28 Dec 2006 21:47:22 +0000</resolved>
                                    <version>1.3</version>
                                    <fixVersion>1.3</fixVersion>
                                        <due />
                            <votes>0</votes>
                                    <watches>0</watches>
                                                                <comments>
                            <comment id="12455918" author="jochen@apache.org" created="Wed, 6 Dec 2006 08:45:42 +0000">&lt;p&gt;Fixed patch.&lt;/p&gt;</comment>
                            <comment id="12455929" author="bayard" created="Wed, 6 Dec 2006 09:08:05 +0000">&lt;p&gt;Looks like beanutils, cli, dbutils, digester, fileupload, lang, logging and scxml all have references to NOTICE.txt (and presumably LICENSE.txt). If the parent is doing it, sounds like they all could go. Sound plausible?&lt;/p&gt;</comment>
                            <comment id="12455930" author="bayard" created="Wed, 6 Dec 2006 09:09:59 +0000">&lt;p&gt; svn ci -m "Removing the NOTICE.txt and LICENSE.txt packing inside the META-INF. Commons-parent takes care of this. Patch supplied by Jochen in #&lt;a href="https://issues.apache.org/jira/browse/IO-103" title="commons-io cannot be deployed with Maven 2" class="issue-link" data-issue-key="IO-103"&gt;&lt;del&gt;IO-103&lt;/del&gt;&lt;/a&gt;" pom.xml &lt;/p&gt;

&lt;p&gt;Sending        pom.xml&lt;br/&gt;
Transmitting file data .&lt;br/&gt;
Committed revision 482976.&lt;/p&gt;

&lt;p&gt;&amp;#8212;&lt;/p&gt;

&lt;p&gt;Will let Jochen reply on the above before resolving.&lt;/p&gt;</comment>
                            <comment id="12455938" author="jochen@apache.org" created="Wed, 6 Dec 2006 09:32:12 +0000">&lt;p&gt;I have checked beanutils and cli. Both do. Fileupload doesn't, but that's simply because I am aware of the problem. Most likely the others do as well.&lt;/p&gt;
</comment>
                            <comment id="12461262" author="scolebourne" created="Thu, 28 Dec 2006 21:47:22 +0000">&lt;p&gt;I don't use Maven2, but this change appears to have been committed.&lt;/p&gt;</comment>
                    </comments>
                    <attachments>
                            <attachment id="12346527" name="commons-io-resources.patch" size="653" author="jochen@apache.org" created="Wed, 6 Dec 2006 08:45:42 +0000" />
                    </attachments>
                <subtasks>
                    </subtasks>
                <customfields>
                                                                                                                                                                                                                                                                                                                                                                                                                                                                                                                                                                                                                                                                                                                    <customfield id="customfield_12314020" key="com.atlassian.jira.plugins.jira-development-integration-plugin:devsummary">
                        <customfieldname>Development</customfieldname>
                        <customfieldvalues>
                            
                        </customfieldvalues>
                    </customfield>
                                                                                                                        <customfield id="customfield_12313422" key="com.atlassian.jirafisheyeplugin:jobcheckbox">
                        <customfieldname>Enable Automatic Patch Review</customfieldname>
                        <customfieldvalues>
                            <customfieldvalue>false</customfieldvalue>

                        </customfieldvalues>
                    </customfield>
                                                                                                                                                                                                                                                                                                                                                                                                                                                                                                                                                                                                                                                <customfield id="customfield_12310420" key="com.pyxis.greenhopper.jira:gh-global-rank">
                        <customfieldname>Global Rank</customfieldname>
                        <customfieldvalues>
                            <customfieldvalue>139553</customfieldvalue>
                        </customfieldvalues>
                    </customfield>
                                                                                                                                                                                                                                                                                                                                                                                                                                                                        <customfield id="customfield_12311820" key="com.pyxis.greenhopper.jira:gh-lexo-rank">
                        <customfieldname>Rank</customfieldname>
                        <customfieldvalues>
                            <customfieldvalue>0|i0smgv:</customfieldvalue>

                        </customfieldvalues>
                    </customfield>
                                                                <customfield id="customfield_12310920" key="com.pyxis.greenhopper.jira:gh-global-rank">
                        <customfieldname>Rank (Obsolete)</customfieldname>
                        <customfieldvalues>
                            <customfieldvalue>165117</customfieldvalue>
                        </customfieldvalues>
                    </customfield>
                                                                                                                                                                                                                                                                                                                                                                                                                                                                                                                                                                                                                                                                                                                                                                                            </customfields>
    </item>


</channel>
</rss>