<rss version="0.92">
    <channel>
        <title>ASF JIRA</title>
        <link>https://issues.apache.org/jira/issues/?jql=project+%3D+IO+and+type+%3D+bug+and+%28status+%3D+RESOLVED+or+status+%3D+closed%29+and+resolution+%3D+Fixed+and+fixVersion+%21%3D+None++and+affectedVersion+%21%3D+None++and+affectedVersion+%21%3D+%22Nightly+Build%22</link>
        <description>An XML representation of a search request</description>
                <language>en-uk</language>
                        <issue start="0" end="164" total="164" />
                <build-info>
            <version>8.20.1</version>
            <build-number>820001</build-number>
            <build-date>28-10-2021</build-date>
        </build-info>

<item>
            <title>[IO-243] SwappedDataInputStream readBoolean is inverted</title>
                <link>https://issues.apache.org/jira/browse/IO-243</link>
                <project id="12310477" key="IO">Commons IO</project>
                    <description>&lt;p&gt;The method readBoolean in SwappedDataInputStream returns true when the byte is zero, false otherwise. In accordance with the contract in java.io.DataInput, true should indicate a non-zero byte. SwappedDataInputStream is for reading Little Endian formats, it should not change the boolean value of individual bytes.&lt;/p&gt;</description>
                <environment />
        <key id="12461076">IO-243</key>
            <summary>SwappedDataInputStream readBoolean is inverted</summary>
                <type id="1" iconUrl="https://issues.apache.org/jira/secure/viewavatar?size=xsmall&amp;avatarId=21133&amp;avatarType=issuetype">Bug</type>
                                            <priority id="4" iconUrl="https://issues.apache.org/jira/images/icons/priorities/minor.svg">Minor</priority>
                        <status id="6" iconUrl="https://issues.apache.org/jira/images/icons/statuses/closed.png" description="The issue is considered finished, the resolution is correct. Issues which are not closed can be reopened.">Closed</status>
                    <statusCategory id="3" key="done" colorName="green" />
                                    <resolution id="1">Fixed</resolution>
                                        <assignee username="niallp">Niall Pemberton</assignee>
                                    <reporter username="raymyers">Ray Myers</reporter>
                        <labels>
                    </labels>
                <created>Sat, 3 Apr 2010 00:35:50 +0000</created>
                <updated>Thu, 10 Nov 2011 18:09:33 +0000</updated>
                            <resolved>Wed, 8 Sep 2010 17:16:40 +0000</resolved>
                                    <version>1.0</version>
                    <version>1.1</version>
                    <version>1.2</version>
                    <version>1.3</version>
                    <version>1.3.1</version>
                    <version>1.3.2</version>
                    <version>1.4</version>
                                    <fixVersion>2.0</fixVersion>
                                    <component>Streams/Writers</component>
                        <due />
                            <votes>0</votes>
                                    <watches>0</watches>
                                    <timeoriginalestimate seconds="600">10m</timeoriginalestimate>
                            <timeestimate seconds="600">10m</timeestimate>
                                        <comments>
                            <comment id="12907320" author="niallp" created="Wed, 8 Sep 2010 17:16:39 +0000">&lt;p&gt;Fixed, thanks for the patch!&lt;/p&gt;

&lt;p&gt;&lt;a href="http://svn.apache.org/viewvc?view=revision&amp;amp;revision=995160" class="external-link" target="_blank" rel="nofollow noopener"&gt;http://svn.apache.org/viewvc?view=revision&amp;amp;revision=995160&lt;/a&gt;&lt;/p&gt;</comment>
                    </comments>
                    <attachments>
                            <attachment id="12440664" name="IO-243-SwappedDataInputStream-readBoolean.patch" size="1767" author="raymyers" created="Sat, 3 Apr 2010 00:42:13 +0000" />
                    </attachments>
                <subtasks>
                    </subtasks>
                <customfields>
                                                                                                                                                                                                                                                                                                                                                                                                                                                                                                                                                                                                                                                                                                                    <customfield id="customfield_12314020" key="com.atlassian.jira.plugins.jira-development-integration-plugin:devsummary">
                        <customfieldname>Development</customfieldname>
                        <customfieldvalues>
                            
                        </customfieldvalues>
                    </customfield>
                                                                                                                        <customfield id="customfield_12313422" key="com.atlassian.jirafisheyeplugin:jobcheckbox">
                        <customfieldname>Enable Automatic Patch Review</customfieldname>
                        <customfieldvalues>
                            <customfieldvalue>false</customfieldvalue>

                        </customfieldvalues>
                    </customfield>
                                                                                                                                                                                                                                                                                                                                                                                                                                                                                                                                                                                                                                                <customfield id="customfield_12310420" key="com.pyxis.greenhopper.jira:gh-global-rank">
                        <customfieldname>Global Rank</customfieldname>
                        <customfieldvalues>
                            <customfieldvalue>40294</customfieldvalue>
                        </customfieldvalues>
                    </customfield>
                                                                                                                                                                                                                                                                                                                                                                                                                                                                        <customfield id="customfield_12311820" key="com.pyxis.greenhopper.jira:gh-lexo-rank">
                        <customfieldname>Rank</customfieldname>
                        <customfieldvalues>
                            <customfieldvalue>0|i0b0zj:</customfieldvalue>

                        </customfieldvalues>
                    </customfield>
                                                                <customfield id="customfield_12310920" key="com.pyxis.greenhopper.jira:gh-global-rank">
                        <customfieldname>Rank (Obsolete)</customfieldname>
                        <customfieldvalues>
                            <customfieldvalue>62272</customfieldvalue>
                        </customfieldvalues>
                    </customfield>
                                                                                                                                                                                                                                                                                                                                                                                                                                                                                                                                                                                                                                                                                                                                                                                            </customfields>
    </item>


</channel>
</rss>