<rss version="0.92">
    <channel>
        <title>ASF JIRA</title>
        <link>https://issues.apache.org/jira/issues/?jql=project+%3D+IO+and+type+%3D+bug+and+%28status+%3D+RESOLVED+or+status+%3D+closed%29+and+resolution+%3D+Fixed+and+fixVersion+%21%3D+None++and+affectedVersion+%21%3D+None++and+affectedVersion+%21%3D+%22Nightly+Build%22</link>
        <description>An XML representation of a search request</description>
                <language>en-uk</language>
                        <issue start="0" end="164" total="164" />
                <build-info>
            <version>8.20.1</version>
            <build-number>820001</build-number>
            <build-date>28-10-2021</build-date>
        </build-info>

<item>
            <title>[IO-209] FileSystemUtils.freeSpaceKb fails to return correct size for a windows mount point</title>
                <link>https://issues.apache.org/jira/browse/IO-209</link>
                <project id="12310477" key="IO">Commons IO</project>
                    <description>&lt;p&gt;FileSystemUtils.freeSpaceKb fails to return correct result for a NTFS mount point or junction.&lt;/p&gt;

&lt;p&gt;Suppose I have a NTFS partition mounted at C:\Data\partition1.&lt;/p&gt;

&lt;p&gt;Now assume that the free space on Partition mounted as C: is 1GB and that mounted on "C:\Data\partition1" is 2GB. A call to FileSystemUtils.freeSpaceKb("C:\Data\partition1") will return the free space on C: and not on "C:\Data\partition1".&lt;/p&gt;

&lt;p&gt;This is because while running the "dir /-c" with the given path, the code just retains first 2 chars i.e. for any path under "C:\blah\de\blah", "dir /-c" will be called with "C:" which will return incorrect result.&lt;/p&gt;</description>
                <environment>&lt;p&gt;Windows XP, Vista, etc&lt;/p&gt;</environment>
        <key id="12431235">IO-209</key>
            <summary>FileSystemUtils.freeSpaceKb fails to return correct size for a windows mount point</summary>
                <type id="1" iconUrl="https://issues.apache.org/jira/secure/viewavatar?size=xsmall&amp;avatarId=21133&amp;avatarType=issuetype">Bug</type>
                                            <priority id="3" iconUrl="https://issues.apache.org/jira/images/icons/priorities/major.svg">Major</priority>
                        <status id="6" iconUrl="https://issues.apache.org/jira/images/icons/statuses/closed.png" description="The issue is considered finished, the resolution is correct. Issues which are not closed can be reopened.">Closed</status>
                    <statusCategory id="3" key="done" colorName="green" />
                                    <resolution id="1">Fixed</resolution>
                                        <assignee username="niallp">Niall Pemberton</assignee>
                                    <reporter username="adityakishore">Aditya Kishore</reporter>
                        <labels>
                    </labels>
                <created>Thu, 23 Jul 2009 10:36:48 +0000</created>
                <updated>Thu, 10 Nov 2011 18:09:37 +0000</updated>
                            <resolved>Wed, 29 Sep 2010 19:33:44 +0000</resolved>
                                    <version>1.4</version>
                    <version>2.0</version>
                    <version>3.x</version>
                                    <fixVersion>2.0</fixVersion>
                                    <component>Utilities</component>
                        <due />
                            <votes>0</votes>
                                    <watches>0</watches>
                                    <timeoriginalestimate seconds="86400">24h</timeoriginalestimate>
                            <timeestimate seconds="86400">24h</timeestimate>
                                        <comments>
                            <comment id="12895452" author="niallp" created="Wed, 4 Aug 2010 22:33:40 +0000">&lt;p&gt;I wondering why that line was put in the first place with the comment "seems to make it work"&lt;/p&gt;

&lt;p&gt;It was added here, but no indication why:&lt;/p&gt;

&lt;p&gt;&lt;a href="https://svn.apache.org/viewvc?diff_format=h&amp;amp;view=revision&amp;amp;revision=240439" class="external-link" target="_blank" rel="nofollow noopener"&gt;https://svn.apache.org/viewvc?diff_format=h&amp;amp;view=revision&amp;amp;revision=240439&lt;/a&gt;&lt;/p&gt;</comment>
                            <comment id="12916250" author="niallp" created="Wed, 29 Sep 2010 19:33:44 +0000">&lt;p&gt;Looks to me like this was done because windows file names that contain things such as spaces cause the command to fail. Also I guess since whatever directory is passed windows gives the same free space result.&lt;/p&gt;

&lt;p&gt;Anyway I've removed that code that just takes the first two characters of the path and added quotes around the file name. This resolves the problems with file names and works on Windows 7 for me.&lt;/p&gt;

&lt;p&gt;&lt;a href="http://svn.apache.org/viewvc?view=revision&amp;amp;revision=1002819" class="external-link" target="_blank" rel="nofollow noopener"&gt;http://svn.apache.org/viewvc?view=revision&amp;amp;revision=1002819&lt;/a&gt;&lt;/p&gt;</comment>
                    </comments>
                    <attachments>
                            <attachment id="12451276" name="IO-209.patch" size="1456" author="niallp" created="Wed, 4 Aug 2010 22:33:40 +0000" />
                    </attachments>
                <subtasks>
                    </subtasks>
                <customfields>
                                                                                                                                                                                                                                                                                                                                                                                                                                                                                                                                                                                                                                                                                                                    <customfield id="customfield_12314020" key="com.atlassian.jira.plugins.jira-development-integration-plugin:devsummary">
                        <customfieldname>Development</customfieldname>
                        <customfieldvalues>
                            
                        </customfieldvalues>
                    </customfield>
                                                                                                                        <customfield id="customfield_12313422" key="com.atlassian.jirafisheyeplugin:jobcheckbox">
                        <customfieldname>Enable Automatic Patch Review</customfieldname>
                        <customfieldvalues>
                            <customfieldvalue>false</customfieldvalue>

                        </customfieldvalues>
                    </customfield>
                                                                                                                                                                                                                                                                                                                                                                                                                                                                                                                                                                                                                                                <customfield id="customfield_12310420" key="com.pyxis.greenhopper.jira:gh-global-rank">
                        <customfieldname>Global Rank</customfieldname>
                        <customfieldvalues>
                            <customfieldvalue>40295</customfieldvalue>
                        </customfieldvalues>
                    </customfield>
                                                                                                                                                                                                                                                                                                                                                                                                                                                                        <customfield id="customfield_12311820" key="com.pyxis.greenhopper.jira:gh-lexo-rank">
                        <customfieldname>Rank</customfieldname>
                        <customfieldvalues>
                            <customfieldvalue>0|i0b127:</customfieldvalue>

                        </customfieldvalues>
                    </customfield>
                                                                <customfield id="customfield_12310920" key="com.pyxis.greenhopper.jira:gh-global-rank">
                        <customfieldname>Rank (Obsolete)</customfieldname>
                        <customfieldvalues>
                            <customfieldvalue>62284</customfieldvalue>
                        </customfieldvalues>
                    </customfield>
                                                                                                                                                                                                                                                                                                                                                                                                                                                                                                                                                                                                                                                                                                                                                                                            </customfields>
    </item>


</channel>
</rss>