<rss version="0.92">
    <channel>
        <title>ASF JIRA</title>
        <link>https://issues.apache.org/jira/issues/?jql=project+%3D+IO+and+type+%3D+bug+and+%28status+%3D+RESOLVED+or+status+%3D+closed%29+and+resolution+%3D+Fixed+and+fixVersion+%21%3D+None++and+affectedVersion+%21%3D+None++and+affectedVersion+%21%3D+%22Nightly+Build%22</link>
        <description>An XML representation of a search request</description>
                <language>en-uk</language>
                        <issue start="0" end="164" total="164" />
                <build-info>
            <version>8.20.1</version>
            <build-number>820001</build-number>
            <build-date>28-10-2021</build-date>
        </build-info>

<item>
            <title>[IO-22] [io] FileUtils.cleanDirectory throws NullPointerException when File.list() fails</title>
                <link>https://issues.apache.org/jira/browse/IO-22</link>
                <project id="12310477" key="IO">Commons IO</project>
                    <description>&lt;p&gt;java.io.File.list() returns null if an I/O error occurs.  In practice this can&lt;br/&gt;
be triggered by trying to list the contents of a directory to which the user&lt;br/&gt;
does not have sufficient permissions (e.g. a directory with mode 0 on a&lt;br/&gt;
unix-like filesystem).&lt;/p&gt;

&lt;p&gt;In this case, FileUtils.cleanDirectory currently throws NPE because it assumes&lt;br/&gt;
that File.list() will always return successfully.  The correct behavior should&lt;br/&gt;
be to throw IOException instead.&lt;/p&gt;

&lt;p&gt;Following inline is a patch against trunk which resolves the issue.&lt;/p&gt;

&lt;p&gt;Index: src/test/org/apache/commons/io/FileUtilsCleanDirectoryTestCase.java&lt;br/&gt;
===================================================================&lt;br/&gt;
&amp;#8212; src/test/org/apache/commons/io/FileUtilsCleanDirectoryTestCase.java (revision 0)&lt;br/&gt;
+++ src/test/org/apache/commons/io/FileUtilsCleanDirectoryTestCase.java (revision 0)&lt;br/&gt;
@@ -0,0 +1,143 @@&lt;br/&gt;
+/*&lt;br/&gt;
+ * Copyright 2003,2004 The Apache Software Foundation.&lt;br/&gt;
+ *&lt;br/&gt;
+ * Licensed under the Apache License, Version 2.0 (the "License");&lt;br/&gt;
+ * you may not use this file except in compliance with the License.&lt;br/&gt;
+ * You may obtain a copy of the License at&lt;br/&gt;
+ *&lt;br/&gt;
+ *      &lt;a href="http://www.apache.org/licenses/LICENSE-2.0" class="external-link" target="_blank" rel="nofollow noopener"&gt;http://www.apache.org/licenses/LICENSE-2.0&lt;/a&gt;&lt;br/&gt;
+ *&lt;br/&gt;
+ * Unless required by applicable law or agreed to in writing, software&lt;br/&gt;
+ * distributed under the License is distributed on an "AS IS" BASIS,&lt;br/&gt;
+ * WITHOUT WARRANTIES OR CONDITIONS OF ANY KIND, either express or implied.&lt;br/&gt;
+ * See the License for the specific language governing permissions and&lt;br/&gt;
+ * limitations under the License.&lt;br/&gt;
+ */&lt;br/&gt;
+package org.apache.commons.io;&lt;br/&gt;
+&lt;br/&gt;
+import java.util.ArrayList;&lt;br/&gt;
+import java.util.List;&lt;br/&gt;
+&lt;br/&gt;
+import java.io.File;&lt;br/&gt;
+import java.io.IOException;&lt;br/&gt;
+&lt;br/&gt;
+import org.apache.commons.io.testtools.FileBasedTestCase;&lt;br/&gt;
+&lt;br/&gt;
+/**&lt;br/&gt;
+ * Test cases for FileUtils.cleanDirectory() method.&lt;br/&gt;
+ */&lt;br/&gt;
+public class FileUtilsCleanDirectoryTestCase extends FileBasedTestCase {&lt;br/&gt;
+    final File top = getLocalTestDirectory();&lt;br/&gt;
+&lt;br/&gt;
+    public FileUtilsCleanDirectoryTestCase(String name) &lt;/p&gt;
{
+        super(name);
+    }
&lt;p&gt;+&lt;br/&gt;
+    private File getLocalTestDirectory() &lt;/p&gt;
{
+        return new File(getTestDirectory(), "list-files");
+    }
&lt;p&gt;+&lt;br/&gt;
+    /**&lt;br/&gt;
+     * @see junit.framework.TestCase#setUp()&lt;br/&gt;
+     */&lt;br/&gt;
+    protected void setUp() throws Exception &lt;/p&gt;
{
+        top.mkdirs();
+    }
&lt;p&gt;+&lt;br/&gt;
+    /**&lt;br/&gt;
+     * @see junit.framework.TestCase#tearDown()&lt;br/&gt;
+     */&lt;br/&gt;
+    protected void tearDown() throws Exception &lt;/p&gt;
{
+        chmod(top, 775, true);
+        FileUtils.deleteDirectory(top);
+    }
&lt;p&gt;+&lt;br/&gt;
+    public void testCleanEmpty() throws Exception &lt;/p&gt;
{
+        assertEquals(0, top.list().length);
+
+        FileUtils.cleanDirectory(top);
+
+        assertEquals(0, top.list().length);
+    }
&lt;p&gt;+&lt;br/&gt;
+    public void testDeletesRegular() throws Exception &lt;/p&gt;
{
+        FileUtils.touch(new File(top, "regular"));
+        FileUtils.touch(new File(top, ".hidden"));
+
+        assertEquals(2, top.list().length);
+
+        FileUtils.cleanDirectory(top);
+
+        assertEquals(0, top.list().length);
+    }
&lt;p&gt;+&lt;br/&gt;
+    public void testDeletesNested() throws Exception &lt;/p&gt;
{
+        final File nested = new File(top, "nested");
+
+        assertTrue(nested.mkdirs());
+
+        FileUtils.touch(new File(nested, "file"));
+
+        assertEquals(1, top.list().length);
+
+        FileUtils.cleanDirectory(top);
+
+        assertEquals(0, top.list().length);
+    }
&lt;p&gt;+&lt;br/&gt;
+    public void testThrowsOnNullList() throws Exception {&lt;br/&gt;
+        if (!chmod(top, 0, false)) &lt;/p&gt;
{
+            // test wont work if we can't restrict permissions on the
directory; skip it.
+            return;
+        }&lt;br/&gt;
+&lt;br/&gt;
+        try {
+            FileUtils.cleanDirectory(top);
+            fail("expected IOException");
+        } catch (IOException e) {
+            assertEquals("Failed to list contents of " + top.getAbsolutePath(),
e.getMessage());
+        }&lt;br/&gt;
+    }&lt;br/&gt;
+&lt;br/&gt;
+    public void testThrowsOnCannotDeleteFile() throws Exception {&lt;br/&gt;
+        final File file = new File(top, "restricted");&lt;br/&gt;
+        FileUtils.touch(file);&lt;br/&gt;
+&lt;br/&gt;
+        if (!chmod(top, 500, false)) {+            // test wont work if we can't restrict permissions on thedirectory; skip it.+            return;+        }
&lt;p&gt;+&lt;br/&gt;
+        try &lt;/p&gt;
{
+            FileUtils.cleanDirectory(top);
+            fail("expected IOException");
+        }
&lt;p&gt; catch (IOException e) &lt;/p&gt;
{
+            assertEquals("Unable to delete file: " + file.getAbsolutePath(),
e.getMessage());
+        }
&lt;p&gt;+    }&lt;br/&gt;
+&lt;br/&gt;
+    private boolean chmod(File file, int mode, boolean recurse) throws&lt;br/&gt;
IOException, InterruptedException {&lt;br/&gt;
+        List args = new ArrayList();&lt;br/&gt;
+        args.add("chmod");&lt;br/&gt;
+&lt;br/&gt;
+        if (recurse) &lt;/p&gt;
{
+            args.add("-R");
+        }
&lt;p&gt;+&lt;br/&gt;
+        args.add(Integer.toString(mode));&lt;br/&gt;
+        args.add(file.getAbsolutePath());&lt;br/&gt;
+&lt;br/&gt;
+        Process proc;&lt;br/&gt;
+&lt;br/&gt;
+        try &lt;/p&gt;
{
+            proc = Runtime.getRuntime().exec((String[]) args.toArray(new
String[args.size()]));
+        }
&lt;p&gt; catch (IOException e) &lt;/p&gt;
{
+            return false;
+        }
&lt;p&gt;+&lt;br/&gt;
+        int result = proc.waitFor();&lt;br/&gt;
+&lt;br/&gt;
+        assertEquals(0, result);&lt;br/&gt;
+        return true;&lt;br/&gt;
+    }&lt;br/&gt;
+}&lt;br/&gt;
Index: src/java/org/apache/commons/io/FileUtils.java&lt;br/&gt;
===================================================================&lt;br/&gt;
&amp;#8212; src/java/org/apache/commons/io/FileUtils.java       (revision 291328)&lt;br/&gt;
+++ src/java/org/apache/commons/io/FileUtils.java       (working copy)&lt;br/&gt;
@@ -701,6 +701,11 @@&lt;br/&gt;
         IOException exception = null;&lt;/p&gt;

&lt;p&gt;         File[] files = directory.listFiles();&lt;br/&gt;
+&lt;br/&gt;
+        if (files == null) &lt;/p&gt;
{
+            throw new IOException("Failed to list contents of " + directory);
+        }
&lt;p&gt;+&lt;br/&gt;
         for (int i = 0; i &amp;lt; files.length; i++) {&lt;br/&gt;
             File file = files&lt;span class="error"&gt;&amp;#91;i&amp;#93;&lt;/span&gt;;&lt;br/&gt;
             try {&lt;/p&gt;</description>
                <environment>&lt;p&gt;Operating System: All&lt;br/&gt;
Platform: All&lt;/p&gt;</environment>
        <key id="12342574">IO-22</key>
            <summary>[io] FileUtils.cleanDirectory throws NullPointerException when File.list() fails</summary>
                <type id="1" iconUrl="https://issues.apache.org/jira/secure/viewavatar?size=xsmall&amp;avatarId=21133&amp;avatarType=issuetype">Bug</type>
                                            <priority id="3" iconUrl="https://issues.apache.org/jira/images/icons/priorities/major.svg">Major</priority>
                        <status id="6" iconUrl="https://issues.apache.org/jira/images/icons/statuses/closed.png" description="The issue is considered finished, the resolution is correct. Issues which are not closed can be reopened.">Closed</status>
                    <statusCategory id="3" key="done" colorName="green" />
                                    <resolution id="1">Fixed</resolution>
                                        <assignee username="-1">Unassigned</assignee>
                                    <reporter username="chriseldredge@comcast.net">Chris Eldredge</reporter>
                        <labels>
                    </labels>
                <created>Sun, 25 Sep 2005 03:54:12 +0000</created>
                <updated>Fri, 9 Mar 2007 20:38:17 +0000</updated>
                            <resolved>Fri, 9 Mar 2007 20:38:17 +0000</resolved>
                                    <version>1.0</version>
                                    <fixVersion>1.1</fixVersion>
                                        <due />
                            <votes>0</votes>
                                    <watches>0</watches>
                                                                <comments>
                            <comment id="12410452" author="scolebourne@joda.org" created="Tue, 27 Sep 2005 07:10:52 +0000">&lt;p&gt;Fixed, thanks&lt;/p&gt;</comment>
                    </comments>
                    <attachments>
                    </attachments>
                <subtasks>
                    </subtasks>
                <customfields>
                                                                                                                                                                                                                                                                                                                                                                                                                                                                                                                                                                                                    <customfield id="customfield_10010" key="com.atlassian.jira.plugin.system.customfieldtypes:importid">
                        <customfieldname>Bugzilla Id</customfieldname>
                        <customfieldvalues>
                            <customfieldvalue>36801</customfieldvalue>
                        </customfieldvalues>
                    </customfield>
                                                                                                                                                    <customfield id="customfield_12314020" key="com.atlassian.jira.plugins.jira-development-integration-plugin:devsummary">
                        <customfieldname>Development</customfieldname>
                        <customfieldvalues>
                            
                        </customfieldvalues>
                    </customfield>
                                                                                                                        <customfield id="customfield_12313422" key="com.atlassian.jirafisheyeplugin:jobcheckbox">
                        <customfieldname>Enable Automatic Patch Review</customfieldname>
                        <customfieldvalues>
                            <customfieldvalue>false</customfieldvalue>

                        </customfieldvalues>
                    </customfield>
                                                                                                                                                                                                                                                                                                                                                                                                                                                                                                                                                                                                                                                <customfield id="customfield_12310420" key="com.pyxis.greenhopper.jira:gh-global-rank">
                        <customfieldname>Global Rank</customfieldname>
                        <customfieldvalues>
                            <customfieldvalue>139485</customfieldvalue>
                        </customfieldvalues>
                    </customfield>
                                                                                                                                                                                                                                                                                                                                                                                                                                                                        <customfield id="customfield_12311820" key="com.pyxis.greenhopper.jira:gh-lexo-rank">
                        <customfieldname>Rank</customfieldname>
                        <customfieldvalues>
                            <customfieldvalue>0|i0smxr:</customfieldvalue>

                        </customfieldvalues>
                    </customfield>
                                                                <customfield id="customfield_12310920" key="com.pyxis.greenhopper.jira:gh-global-rank">
                        <customfieldname>Rank (Obsolete)</customfieldname>
                        <customfieldvalues>
                            <customfieldvalue>165193</customfieldvalue>
                        </customfieldvalues>
                    </customfield>
                                                                                                                                                                                                                                                                                                                                                                                                                                                                                                                                                                                                                                                                                                                                                                                            </customfields>
    </item>


</channel>
</rss>