<rss version="0.92">
    <channel>
        <title>ASF JIRA</title>
        <link>https://issues.apache.org/jira/issues/?jql=project+%3D+IO+and+type+%3D+bug+and+%28status+%3D+RESOLVED+or+status+%3D+closed%29+and+resolution+%3D+Fixed+and+fixVersion+%21%3D+None++and+affectedVersion+%21%3D+None++and+affectedVersion+%21%3D+%22Nightly+Build%22</link>
        <description>An XML representation of a search request</description>
                <language>en-uk</language>
                        <issue start="0" end="164" total="164" />
                <build-info>
            <version>8.20.1</version>
            <build-number>820001</build-number>
            <build-date>28-10-2021</build-date>
        </build-info>

<item>
            <title>[IO-343] org.apache.commons.io.comparator Javadoc is inconsistent with real code</title>
                <link>https://issues.apache.org/jira/browse/IO-343</link>
                <project id="12310477" key="IO">Commons IO</project>
                    <description>&lt;p&gt;Package org.apache.commons.io.comparator has a lot of inconsistent JavaDocs. &lt;br/&gt;
For example this class org.apache.commons.io.comparator.NameFileComparator&lt;br/&gt;
&lt;a href="http://svn.apache.org/viewvc/commons/proper/io/trunk/src/main/java/org/apache/commons/io/comparator/NameFileComparator.java?view=markup" class="external-link" target="_blank" rel="nofollow noopener"&gt;http://svn.apache.org/viewvc/commons/proper/io/trunk/src/main/java/org/apache/commons/io/comparator/NameFileComparator.java?view=markup&lt;/a&gt;&lt;br/&gt;
has JavaDocs&lt;br/&gt;
 List&amp;lt;File&amp;gt; list = ...&lt;br/&gt;
 NameFileComparator.NAME_COMPARATOR.sort(list); ....&lt;/p&gt;

&lt;p&gt; File[] array = ...&lt;br/&gt;
 NameFileComparator.NAME_INSENSITIVE_REVERSE.sort(array);&lt;/p&gt;

&lt;p&gt;but this will not work because all static members of NameFileComparator declared as Comparator&amp;lt;File&amp;gt; for example &lt;br/&gt;
 public static final Comparator&amp;lt;File&amp;gt; NAME_REVERSE = new ReverseComparator(NAME_COMPARATOR);&lt;br/&gt;
public static final Comparator&amp;lt;File&amp;gt; NAME_INSENSITIVE_REVERSE = new ReverseComparator(NAME_INSENSITIVE_COMPARATOR);&lt;/p&gt;

&lt;p&gt;and Comparator class doesn't have the sort() method.&lt;/p&gt;</description>
                <environment />
        <key id="12604335">IO-343</key>
            <summary>org.apache.commons.io.comparator Javadoc is inconsistent with real code</summary>
                <type id="1" iconUrl="https://issues.apache.org/jira/secure/viewavatar?size=xsmall&amp;avatarId=21133&amp;avatarType=issuetype">Bug</type>
                                            <priority id="4" iconUrl="https://issues.apache.org/jira/images/icons/priorities/minor.svg">Minor</priority>
                        <status id="6" iconUrl="https://issues.apache.org/jira/images/icons/statuses/closed.png" description="The issue is considered finished, the resolution is correct. Issues which are not closed can be reopened.">Closed</status>
                    <statusCategory id="3" key="done" colorName="green" />
                                    <resolution id="1">Fixed</resolution>
                                        <assignee username="-1">Unassigned</assignee>
                                    <reporter username="igorlash">Igor Lash</reporter>
                        <labels>
                    </labels>
                <created>Wed, 22 Aug 2012 07:20:31 +0000</created>
                <updated>Tue, 8 Nov 2016 17:59:12 +0000</updated>
                            <resolved>Wed, 17 Apr 2013 23:54:48 +0000</resolved>
                                    <version>2.4</version>
                                    <fixVersion>2.5</fixVersion>
                                        <due />
                            <votes>0</votes>
                                    <watches>2</watches>
                                                                <comments>
                            <comment id="13439561" author="garydgregory" created="Wed, 22 Aug 2012 14:24:42 +0000">&lt;p&gt;Feel free to provide a patch based on trunk code &lt;img class="emoticon" src="https://issues.apache.org/jira/images/icons/emoticons/smile.png" height="16" width="16" align="absmiddle" alt="" border="0"/&gt;&lt;/p&gt;</comment>
                            <comment id="13442287" author="igorlash" created="Mon, 27 Aug 2012 05:54:12 +0000">&lt;p&gt;I really like the way of usage of file comparators as described in JavaDoc, so I have changed code. Patch is attached.&lt;/p&gt;</comment>
                            <comment id="13442289" author="igorlash" created="Mon, 27 Aug 2012 05:55:48 +0000">&lt;p&gt;Fixing inconsistency between code and JavaDocs.&lt;/p&gt;</comment>
                            <comment id="13443249" author="garydgregory" created="Tue, 28 Aug 2012 16:30:17 +0000">&lt;p&gt;This patch breaks compatibility so it could only be considered for a major release. I am not sure we want that now.&lt;/p&gt;

&lt;p&gt;Fixing the Javadoc to match the code is OK to do in trunk now but this patch does not do that.&lt;/p&gt;

&lt;p&gt;What needs to be decided as usual is if it is the code or the docs that should be fixed.&lt;/p&gt;</comment>
                            <comment id="13443834" author="igorlash" created="Wed, 29 Aug 2012 06:04:58 +0000">&lt;p&gt;This patch will not break backward compatibility. There will be unnecessary cast if someone used comparator in the way &lt;/p&gt;


&lt;p&gt;((NameFileComparator)NameFileComparator.NAME_COMPARATOR).sort(list)&lt;/p&gt;
</comment>
                            <comment id="13444041" author="garydgregory" created="Wed, 29 Aug 2012 13:20:44 +0000">&lt;p&gt;Hm, OK, so the Clirr errors are false positives because the class &lt;tt&gt;AbstractFileComparator&lt;/tt&gt; implements &lt;tt&gt;Comparator&amp;lt;File&amp;gt;&lt;/tt&gt;.&lt;/p&gt;

&lt;p&gt;Source compatibility is clearly OK (unless you count compiler warnings for the type casting case above).&lt;/p&gt;

&lt;p&gt;Binary compatibility should be OK too.&lt;/p&gt;</comment>
                            <comment id="13444049" author="garydgregory" created="Wed, 29 Aug 2012 13:29:24 +0000">&lt;p&gt;Committed revision 1378539. Applied patch and fixed compiler warnings in tests.&lt;/p&gt;</comment>
                            <comment id="13634585" author="sebb@apache.org" created="Wed, 17 Apr 2013 23:16:07 +0000">&lt;p&gt;The change is &lt;b&gt;not binary compatible&lt;/b&gt;.&lt;/p&gt;

&lt;p&gt;I just compiled the following code against IO 2.4:&lt;/p&gt;

&lt;div class="code panel" style="border-width: 1px;"&gt;&lt;div class="codeContent panelContent"&gt;
&lt;pre class="code-java"&gt;&lt;span class="code-keyword"&gt;public&lt;/span&gt; &lt;span class="code-keyword"&gt;class &lt;/span&gt;CompTest {
    &lt;span class="code-keyword"&gt;public&lt;/span&gt; &lt;span class="code-keyword"&gt;static&lt;/span&gt; void main(&lt;span class="code-object"&gt;String&lt;/span&gt;[] a) {
        Comparator&amp;lt;File&amp;gt; comparator = DefaultFileComparator.DEFAULT_COMPARATOR;
    }
}
&lt;/pre&gt;
&lt;/div&gt;&lt;/div&gt;

&lt;p&gt;This runs fine against &lt;a href="https://issues.apache.org/jira/browse/IO-2" title="[IO] FilenameUtils.catPath cannot handle &amp;quot;\&amp;quot;" class="issue-link" data-issue-key="IO-2"&gt;&lt;del&gt;IO-2&lt;/del&gt;&lt;/a&gt;.4, but when run with 2.5-SNAPSHOT it fails with:&lt;/p&gt;

&lt;div class="code panel" style="border-width: 1px;"&gt;&lt;div class="codeContent panelContent"&gt;
&lt;pre class="code-java"&gt;Exception in thread &lt;span class="code-quote"&gt;"main"&lt;/span&gt; java.lang.NoSuchFieldError: DEFAULT_COMPARATOR
        at CompTest.main(CompTest.java:8)
&lt;/pre&gt;
&lt;/div&gt;&lt;/div&gt;

&lt;p&gt;I think this is because the loader looks for the exact field type when trying to find a field. This is similar to the binary incompatibility that results from changing a method return type from void to int or long.&lt;/p&gt;

&lt;p&gt;The code is source-compatible.&lt;/p&gt;</comment>
                            <comment id="13634607" author="sebb@apache.org" created="Wed, 17 Apr 2013 23:34:04 +0000">&lt;p&gt;Reverted changes:&lt;/p&gt;

&lt;p&gt;URL: &lt;a href="http://svn.apache.org/r1469102" class="external-link" target="_blank" rel="nofollow noopener"&gt;http://svn.apache.org/r1469102&lt;/a&gt;&lt;br/&gt;
Log:&lt;br/&gt;
&lt;a href="https://issues.apache.org/jira/browse/IO-343" title="org.apache.commons.io.comparator Javadoc is inconsistent with real code" class="issue-link" data-issue-key="IO-343"&gt;&lt;del&gt;IO-343&lt;/del&gt;&lt;/a&gt; org.apache.commons.io.comparator Javadoc is inconsistent with real code.&lt;br/&gt;
Revert r1378539 as it broke binary compatibility&lt;/p&gt;

&lt;p&gt;Modified:&lt;br/&gt;
    commons/proper/io/trunk/src/main/java/org/apache/commons/io/comparator/DefaultFileComparator.java&lt;br/&gt;
    commons/proper/io/trunk/src/main/java/org/apache/commons/io/comparator/DirectoryFileComparator.java&lt;br/&gt;
    commons/proper/io/trunk/src/main/java/org/apache/commons/io/comparator/ExtensionFileComparator.java&lt;br/&gt;
    commons/proper/io/trunk/src/main/java/org/apache/commons/io/comparator/LastModifiedFileComparator.java&lt;br/&gt;
    commons/proper/io/trunk/src/main/java/org/apache/commons/io/comparator/NameFileComparator.java&lt;br/&gt;
    commons/proper/io/trunk/src/main/java/org/apache/commons/io/comparator/PathFileComparator.java&lt;br/&gt;
    commons/proper/io/trunk/src/main/java/org/apache/commons/io/comparator/SizeFileComparator.java&lt;br/&gt;
    commons/proper/io/trunk/src/test/java/org/apache/commons/io/comparator/ComparatorAbstractTestCase.java&lt;br/&gt;
    commons/proper/io/trunk/src/test/java/org/apache/commons/io/comparator/CompositeFileComparatorTest.java&lt;br/&gt;
    commons/proper/io/trunk/src/test/java/org/apache/commons/io/comparator/DefaultFileComparatorTest.java&lt;br/&gt;
    commons/proper/io/trunk/src/test/java/org/apache/commons/io/comparator/DirectoryFileComparatorTest.java&lt;br/&gt;
    commons/proper/io/trunk/src/test/java/org/apache/commons/io/comparator/ExtensionFileComparatorTest.java&lt;br/&gt;
    commons/proper/io/trunk/src/test/java/org/apache/commons/io/comparator/LastModifiedFileComparatorTest.java&lt;br/&gt;
    commons/proper/io/trunk/src/test/java/org/apache/commons/io/comparator/NameFileComparatorTest.java&lt;br/&gt;
    commons/proper/io/trunk/src/test/java/org/apache/commons/io/comparator/PathFileComparatorTest.java&lt;br/&gt;
    commons/proper/io/trunk/src/test/java/org/apache/commons/io/comparator/SizeFileComparatorTest.java&lt;/p&gt;</comment>
                            <comment id="13634626" author="sebb@apache.org" created="Wed, 17 Apr 2013 23:46:36 +0000">&lt;p&gt;URL: &lt;a href="http://svn.apache.org/r1469107" class="external-link" target="_blank" rel="nofollow noopener"&gt;http://svn.apache.org/r1469107&lt;/a&gt;&lt;br/&gt;
Log:&lt;br/&gt;
&lt;a href="https://issues.apache.org/jira/browse/IO-343" title="org.apache.commons.io.comparator Javadoc is inconsistent with real code" class="issue-link" data-issue-key="IO-343"&gt;&lt;del&gt;IO-343&lt;/del&gt;&lt;/a&gt; org.apache.commons.io.comparator Javadoc is inconsistent with real code.&lt;br/&gt;
Fix Javadoc to agree with code&lt;/p&gt;

&lt;p&gt;Modified:&lt;br/&gt;
    commons/proper/io/trunk/src/main/java/org/apache/commons/io/comparator/CompositeFileComparator.java&lt;br/&gt;
    commons/proper/io/trunk/src/main/java/org/apache/commons/io/comparator/DefaultFileComparator.java&lt;br/&gt;
    commons/proper/io/trunk/src/main/java/org/apache/commons/io/comparator/DirectoryFileComparator.java&lt;br/&gt;
    commons/proper/io/trunk/src/main/java/org/apache/commons/io/comparator/ExtensionFileComparator.java&lt;br/&gt;
    commons/proper/io/trunk/src/main/java/org/apache/commons/io/comparator/LastModifiedFileComparator.java&lt;br/&gt;
    commons/proper/io/trunk/src/main/java/org/apache/commons/io/comparator/NameFileComparator.java&lt;br/&gt;
    commons/proper/io/trunk/src/main/java/org/apache/commons/io/comparator/PathFileComparator.java&lt;br/&gt;
    commons/proper/io/trunk/src/main/java/org/apache/commons/io/comparator/SizeFileComparator.java&lt;/p&gt;</comment>
                            <comment id="13634637" author="sebb@apache.org" created="Wed, 17 Apr 2013 23:54:48 +0000">&lt;p&gt;Javadoc now agrees with code without breaking compat.&lt;/p&gt;</comment>
                    </comments>
                    <attachments>
                            <attachment id="12542579" name="patch.txt" size="13623" author="igorlash" created="Mon, 27 Aug 2012 05:55:48 +0000" />
                    </attachments>
                <subtasks>
                    </subtasks>
                <customfields>
                                                                                                                                                                                                                                                                                                                                                                                                                                                                                                                                                                                                                                                                                                                    <customfield id="customfield_12314020" key="com.atlassian.jira.plugins.jira-development-integration-plugin:devsummary">
                        <customfieldname>Development</customfieldname>
                        <customfieldvalues>
                            
                        </customfieldvalues>
                    </customfield>
                                                                                                                        <customfield id="customfield_12313422" key="com.atlassian.jirafisheyeplugin:jobcheckbox">
                        <customfieldname>Enable Automatic Patch Review</customfieldname>
                        <customfieldvalues>
                            <customfieldvalue>false</customfieldvalue>

                        </customfieldvalues>
                    </customfield>
                                                                                                                                                                                                                                                                                                                                                                                                                                                                                                                                                                                                                                                <customfield id="customfield_12310420" key="com.pyxis.greenhopper.jira:gh-global-rank">
                        <customfieldname>Global Rank</customfieldname>
                        <customfieldvalues>
                            <customfieldvalue>250744</customfieldvalue>
                        </customfieldvalues>
                    </customfield>
                                                                                                                                                                                                                                                                                                                                                                                                                                                                        <customfield id="customfield_12311820" key="com.pyxis.greenhopper.jira:gh-lexo-rank">
                        <customfieldname>Rank</customfieldname>
                        <customfieldvalues>
                            <customfieldvalue>0|i0b0l3:</customfieldvalue>

                        </customfieldvalues>
                    </customfield>
                                                                <customfield id="customfield_12310920" key="com.pyxis.greenhopper.jira:gh-global-rank">
                        <customfieldname>Rank (Obsolete)</customfieldname>
                        <customfieldvalues>
                            <customfieldvalue>62207</customfieldvalue>
                        </customfieldvalues>
                    </customfield>
                                                                                                                                                                                                                                                                                                                                                                                                                                                                                                                                                                                                                                                                                                                                                                                            </customfields>
    </item>


</channel>
</rss>