<rss version="0.92">
    <channel>
        <title>ASF JIRA</title>
        <link>https://issues.apache.org/jira/issues/?jql=project+%3D+IO+and+type+%3D+bug+and+%28status+%3D+RESOLVED+or+status+%3D+closed%29+and+resolution+%3D+Fixed+and+fixVersion+%21%3D+None++and+affectedVersion+%21%3D+None++and+affectedVersion+%21%3D+%22Nightly+Build%22</link>
        <description>An XML representation of a search request</description>
                <language>en-uk</language>
                        <issue start="0" end="164" total="164" />
                <build-info>
            <version>8.20.1</version>
            <build-number>820001</build-number>
            <build-date>28-10-2021</build-date>
        </build-info>

<item>
            <title>[IO-362] IOUtils.contentEquals* methods returns false if input1 == input2, should return true</title>
                <link>https://issues.apache.org/jira/browse/IO-362</link>
                <project id="12310477" key="IO">Commons IO</project>
                    <description>&lt;p&gt;The fix should be relatively simple, just add an identity check to the beginning of the method:&lt;/p&gt;

&lt;p&gt;if(is1 == is2) {&lt;br/&gt;
  return true;&lt;br/&gt;
}&lt;/p&gt;

&lt;p&gt;The methods affected are:&lt;/p&gt;

&lt;ul class="alternate" type="square"&gt;
	&lt;li&gt;org.apache.commons.io.IOUtils.contentEquals(InputStream, InputStream)&lt;/li&gt;
	&lt;li&gt;org.apache.commons.io.IOUtils.contentEquals(Reader, Reader)&lt;/li&gt;
	&lt;li&gt;org.apache.commons.io.IOUtils.contentEqualsIgnoreEOL(Reader, Reader)&lt;/li&gt;
&lt;/ul&gt;
</description>
                <environment />
        <key id="12625597">IO-362</key>
            <summary>IOUtils.contentEquals* methods returns false if input1 == input2, should return true</summary>
                <type id="1" iconUrl="https://issues.apache.org/jira/secure/viewavatar?size=xsmall&amp;avatarId=21133&amp;avatarType=issuetype">Bug</type>
                                            <priority id="3" iconUrl="https://issues.apache.org/jira/images/icons/priorities/major.svg">Major</priority>
                        <status id="6" iconUrl="https://issues.apache.org/jira/images/icons/statuses/closed.png" description="The issue is considered finished, the resolution is correct. Issues which are not closed can be reopened.">Closed</status>
                    <statusCategory id="3" key="done" colorName="green" />
                                    <resolution id="1">Fixed</resolution>
                                        <assignee username="-1">Unassigned</assignee>
                                    <reporter username="mmadson">Matthew Madson</reporter>
                        <labels>
                    </labels>
                <created>Tue, 1 Jan 2013 01:05:26 +0000</created>
                <updated>Tue, 8 Nov 2016 17:59:05 +0000</updated>
                            <resolved>Fri, 4 Jan 2013 15:57:58 +0000</resolved>
                                    <version>2.4</version>
                                    <fixVersion>2.5</fixVersion>
                                    <component>Utilities</component>
                        <due />
                            <votes>0</votes>
                                    <watches>2</watches>
                                                                <comments>
                            <comment id="13543972" author="garydgregory" created="Fri, 4 Jan 2013 15:57:58 +0000">&lt;p&gt;Fix implemented for the method in the original report and two other IOUtil methods.&lt;/p&gt;

&lt;div class="preformatted panel" style="border-width: 1px;"&gt;&lt;div class="preformattedContent panelContent"&gt;
&lt;pre&gt;commit -m "[IO-362] IOUtils.contentEquals* methods returns false if input1 == input2, should return true." C:/svn/org/apache/commons/trunks-proper/io/src/test/java/org/apache/commons/io/IOUtilsTestCase.java C:/svn/org/apache/commons/trunks-proper/io/src/changes/changes.xml C:/svn/org/apache/commons/trunks-proper/io/src/main/java/org/apache/commons/io/IOUtils.java
    Sending        C:/svn/org/apache/commons/trunks-proper/io/src/changes/changes.xml
    Sending        C:/svn/org/apache/commons/trunks-proper/io/src/main/java/org/apache/commons/io/IOUtils.java
    Sending        C:/svn/org/apache/commons/trunks-proper/io/src/test/java/org/apache/commons/io/IOUtilsTestCase.java
    Transmitting file data ...
    Committed revision 1428941.
&lt;/pre&gt;
&lt;/div&gt;&lt;/div&gt;</comment>
                    </comments>
                    <attachments>
                    </attachments>
                <subtasks>
                    </subtasks>
                <customfields>
                                                                                                                                                                                                                                                                                                                                                                                                                                                                                                                                                                                                                                                                                                                    <customfield id="customfield_12314020" key="com.atlassian.jira.plugins.jira-development-integration-plugin:devsummary">
                        <customfieldname>Development</customfieldname>
                        <customfieldvalues>
                            
                        </customfieldvalues>
                    </customfield>
                                                                                                                        <customfield id="customfield_12313422" key="com.atlassian.jirafisheyeplugin:jobcheckbox">
                        <customfieldname>Enable Automatic Patch Review</customfieldname>
                        <customfieldvalues>
                            <customfieldvalue>false</customfieldvalue>

                        </customfieldvalues>
                    </customfield>
                                                                                                                                                                                                                                                                                                                                                                                                                                                                                                                                                                                                                                                <customfield id="customfield_12310420" key="com.pyxis.greenhopper.jira:gh-global-rank">
                        <customfieldname>Global Rank</customfieldname>
                        <customfieldvalues>
                            <customfieldvalue>302143</customfieldvalue>
                        </customfieldvalues>
                    </customfield>
                                                                                                                                                                                                                                                                                                                                                                                                                                                                        <customfield id="customfield_12311820" key="com.pyxis.greenhopper.jira:gh-lexo-rank">
                        <customfieldname>Rank</customfieldname>
                        <customfieldvalues>
                            <customfieldvalue>0|i16yxr:</customfieldvalue>

                        </customfieldvalues>
                    </customfield>
                                                                <customfield id="customfield_12310920" key="com.pyxis.greenhopper.jira:gh-global-rank">
                        <customfieldname>Rank (Obsolete)</customfieldname>
                        <customfieldvalues>
                            <customfieldvalue>248795</customfieldvalue>
                        </customfieldvalues>
                    </customfield>
                                                                                                                                                                                                                                                                                                                                                                                                                                                                                                                                                                                                                                                                                                                                                                                            </customfields>
    </item>


</channel>
</rss>