<rss version="0.92">
    <channel>
        <title>ASF JIRA</title>
        <link>https://issues.apache.org/jira/issues/?jql=project+%3D+IO+and+type+%3D+bug+and+%28status+%3D+RESOLVED+or+status+%3D+closed%29+and+resolution+%3D+Fixed+and+fixVersion+%21%3D+None++and+affectedVersion+%21%3D+None++and+affectedVersion+%21%3D+%22Nightly+Build%22</link>
        <description>An XML representation of a search request</description>
                <language>en-uk</language>
                        <issue start="0" end="164" total="164" />
                <build-info>
            <version>8.20.1</version>
            <build-number>820001</build-number>
            <build-date>28-10-2021</build-date>
        </build-info>

<item>
            <title>[IO-43] [io] FilenameUtils#removeExtension and FilenameUtils#getExtension don't handle all cases.</title>
                <link>https://issues.apache.org/jira/browse/IO-43</link>
                <project id="12310477" key="IO">Commons IO</project>
                    <description>&lt;p&gt;public static String getExtension( String filename) {&lt;br/&gt;
    int index = filename.lastIndexOf('.');&lt;/p&gt;

&lt;p&gt;    if (-1 == index) &lt;/p&gt;
{
        return "";
    }
&lt;p&gt; else &lt;/p&gt;
{
        return filename.substring(index + 1);
    }
&lt;p&gt;}&lt;/p&gt;

&lt;p&gt;is too simplistic.&lt;/p&gt;

&lt;p&gt;It will not handle paths in the form "/path.to/file" at all well.  It will&lt;br/&gt;
return "to/file" as the extension which is incorrect.  The file extension is "".&lt;/p&gt;

&lt;p&gt;removeExtension falls into a similar trap.&lt;/p&gt;

&lt;p&gt;Perhaps it was the poor quality of these functions that caused FilenameUtils to&lt;br/&gt;
be removed from the 1.0 release?&lt;/p&gt;</description>
                <environment>&lt;p&gt;Operating System: other&lt;br/&gt;
Platform: Other&lt;/p&gt;</environment>
        <key id="12341482">IO-43</key>
            <summary>[io] FilenameUtils#removeExtension and FilenameUtils#getExtension don't handle all cases.</summary>
                <type id="1" iconUrl="https://issues.apache.org/jira/secure/viewavatar?size=xsmall&amp;avatarId=21133&amp;avatarType=issuetype">Bug</type>
                                            <priority id="3" iconUrl="https://issues.apache.org/jira/images/icons/priorities/major.svg">Major</priority>
                        <status id="6" iconUrl="https://issues.apache.org/jira/images/icons/statuses/closed.png" description="The issue is considered finished, the resolution is correct. Issues which are not closed can be reopened.">Closed</status>
                    <statusCategory id="3" key="done" colorName="green" />
                                    <resolution id="1">Fixed</resolution>
                                        <assignee username="-1">Unassigned</assignee>
                                    <reporter username="oliver@deeper.co.nz">Oliver Jones</reporter>
                        <labels>
                    </labels>
                <created>Thu, 3 Jun 2004 10:27:02 +0000</created>
                <updated>Fri, 9 Mar 2007 20:38:20 +0000</updated>
                            <resolved>Fri, 9 Mar 2007 20:38:20 +0000</resolved>
                                    <version>1.0</version>
                                    <fixVersion>1.1</fixVersion>
                                        <due />
                            <votes>0</votes>
                                    <watches>0</watches>
                                                                <comments>
                            <comment id="12406719" author="oliver@deeper.co.nz" created="Thu, 3 Jun 2004 11:04:20 +0000">&lt;p&gt;/**&lt;/p&gt;
&lt;ul&gt;
	&lt;li&gt;Gets the extension of a filename.&lt;/li&gt;
	&lt;li&gt;&amp;lt;p&amp;gt;&lt;/li&gt;
	&lt;li&gt;eg&lt;/li&gt;
	&lt;li&gt;&amp;lt;pre&amp;gt;&lt;/li&gt;
	&lt;li&gt;foo.txt      --&amp;gt; "txt"&lt;/li&gt;
	&lt;li&gt;a/b/c.jpg    --&amp;gt; "jpg"&lt;/li&gt;
	&lt;li&gt;a/b/c        --&amp;gt; ""&lt;/li&gt;
	&lt;li&gt;a.b/c.txt    --&amp;gt; "txt"&lt;/li&gt;
	&lt;li&gt;a.b/c        --&amp;gt; ""&lt;/li&gt;
	&lt;li&gt;&amp;lt;/pre&amp;gt;&lt;br/&gt;
     *&lt;/li&gt;
	&lt;li&gt;@param filename the filename to retreive the extension of.&lt;/li&gt;
	&lt;li&gt;@return the extension of filename or an empty string if none exists.&lt;br/&gt;
     */&lt;br/&gt;
    public static String getExtension(final String filename) {&lt;br/&gt;
        String suffix = "";&lt;br/&gt;
        String shortFilename = filename;&lt;/li&gt;
&lt;/ul&gt;


&lt;p&gt;        int lastDirSeparator = filename.lastIndexOf(File.separatorChar);&lt;br/&gt;
        if(lastDirSeparator &amp;gt; 0)&lt;/p&gt;
{
            shortFilename = filename.substring(lastDirSeparator + 1);
        }

&lt;p&gt;        int index = shortFilename.lastIndexOf('.');&lt;/p&gt;

&lt;p&gt;        if (index &amp;gt; 0 &amp;amp;&amp;amp; index &amp;lt; shortFilename.length() - 1) &lt;/p&gt;
{
            suffix = shortFilename.substring(index + 1);
        }

&lt;p&gt;        return suffix;&lt;br/&gt;
    }&lt;/p&gt;</comment>
                            <comment id="12406720" author="scolebourne@joda.org" created="Fri, 4 Jun 2004 04:26:13 +0000">&lt;p&gt;These functions were deliberately removed from &lt;span class="error"&gt;&amp;#91;io&amp;#93;&lt;/span&gt; 1.0. Patches like these &lt;br/&gt;
will aid in the creation of v1.1 including FilenameUtils. Thanks&lt;/p&gt;</comment>
                            <comment id="12406721" author="bayard" created="Sun, 13 Jun 2004 12:15:02 +0000">&lt;p&gt;New code applied, and removeExtension rewritten to depend on getExtension for this logic.&lt;br/&gt;
Unit tests improved.&lt;/p&gt;</comment>
                    </comments>
                    <attachments>
                    </attachments>
                <subtasks>
                    </subtasks>
                <customfields>
                                                                                                                                                                                                                                                                                                                                                                                                                                                                                                                                                                                                    <customfield id="customfield_10010" key="com.atlassian.jira.plugin.system.customfieldtypes:importid">
                        <customfieldname>Bugzilla Id</customfieldname>
                        <customfieldvalues>
                            <customfieldvalue>29351</customfieldvalue>
                        </customfieldvalues>
                    </customfield>
                                                                                                                                                    <customfield id="customfield_12314020" key="com.atlassian.jira.plugins.jira-development-integration-plugin:devsummary">
                        <customfieldname>Development</customfieldname>
                        <customfieldvalues>
                            
                        </customfieldvalues>
                    </customfield>
                                                                                                                        <customfield id="customfield_12313422" key="com.atlassian.jirafisheyeplugin:jobcheckbox">
                        <customfieldname>Enable Automatic Patch Review</customfieldname>
                        <customfieldvalues>
                            <customfieldvalue>false</customfieldvalue>

                        </customfieldvalues>
                    </customfield>
                                                                                                                                                                                                                                                                                                                                                                                                                                                                                                                                                                                                                                                <customfield id="customfield_12310420" key="com.pyxis.greenhopper.jira:gh-global-rank">
                        <customfieldname>Global Rank</customfieldname>
                        <customfieldvalues>
                            <customfieldvalue>139503</customfieldvalue>
                        </customfieldvalues>
                    </customfield>
                                                                                                                                                                                                                                                                                                                                                                                                                                                                        <customfield id="customfield_12311820" key="com.pyxis.greenhopper.jira:gh-lexo-rank">
                        <customfieldname>Rank</customfieldname>
                        <customfieldvalues>
                            <customfieldvalue>0|i0smt3:</customfieldvalue>

                        </customfieldvalues>
                    </customfield>
                                                                <customfield id="customfield_12310920" key="com.pyxis.greenhopper.jira:gh-global-rank">
                        <customfieldname>Rank (Obsolete)</customfieldname>
                        <customfieldvalues>
                            <customfieldvalue>165172</customfieldvalue>
                        </customfieldvalues>
                    </customfield>
                                                                                                                                                                                                                                                                                                                                                                                                                                                                                                                                                                                                                                                                                                                                                                                            </customfields>
    </item>


</channel>
</rss>