<rss version="0.92">
    <channel>
        <title>ASF JIRA</title>
        <link>https://issues.apache.org/jira/issues/?jql=project+%3D+IO+and+type+%3D+bug+and+%28status+%3D+RESOLVED+or+status+%3D+closed%29+and+resolution+%3D+Fixed+and+fixVersion+%21%3D+None++and+affectedVersion+%21%3D+None++and+affectedVersion+%21%3D+%22Nightly+Build%22</link>
        <description>An XML representation of a search request</description>
                <language>en-uk</language>
                        <issue start="0" end="164" total="164" />
                <build-info>
            <version>8.20.1</version>
            <build-number>820001</build-number>
            <build-date>28-10-2021</build-date>
        </build-info>

<item>
            <title>[IO-582] ObservableInputStream.Observer are package-private</title>
                <link>https://issues.apache.org/jira/browse/IO-582</link>
                <project id="12310477" key="IO">Commons IO</project>
                    <description>&lt;p&gt;Hi,&lt;/p&gt;

&lt;p&gt;According with the documentation of `ObservableInputStream` and `ObservableInputStream.Observer`, it should be possible to use those classes as part of the `commons-io` utilities. However, `ObservableInputStream.Observer`'s methods are package private and can't be&#160;extended outside the project's source code.&lt;/p&gt;

&lt;p&gt;My suggestion is to make&#160;`ObservableInputStream.Observer`'s methods protected.&lt;/p&gt;

&lt;p&gt;I'm happy to open a PR for this.&lt;/p&gt;

&lt;p&gt;Thank you&lt;/p&gt;

&lt;p&gt;&#160;&lt;/p&gt;</description>
                <environment />
        <key id="13175089">IO-582</key>
            <summary>ObservableInputStream.Observer are package-private</summary>
                <type id="1" iconUrl="https://issues.apache.org/jira/secure/viewavatar?size=xsmall&amp;avatarId=21133&amp;avatarType=issuetype">Bug</type>
                                            <priority id="4" iconUrl="https://issues.apache.org/jira/images/icons/priorities/minor.svg">Minor</priority>
                        <status id="5" iconUrl="https://issues.apache.org/jira/images/icons/statuses/resolved.png" description="A resolution has been taken, and it is awaiting verification by reporter. From here issues are either reopened, or are closed.">Resolved</status>
                    <statusCategory id="3" key="done" colorName="green" />
                                    <resolution id="1">Fixed</resolution>
                                        <assignee username="jochen@apache.org">Jochen Wiedmann</assignee>
                                    <reporter username="bpalos">Bruno Palos</reporter>
                        <labels>
                    </labels>
                <created>Fri, 27 Jul 2018 08:02:17 +0000</created>
                <updated>Fri, 27 Jul 2018 21:02:14 +0000</updated>
                            <resolved>Fri, 27 Jul 2018 12:56:59 +0000</resolved>
                                    <version>2.6</version>
                                    <fixVersion>2.7</fixVersion>
                                    <component>Streams/Writers</component>
                        <due />
                            <votes>0</votes>
                                    <watches>1</watches>
                                                                <comments>
                            <comment id="16559554" author="sebb@apache.org" created="Fri, 27 Jul 2018 10:40:26 +0000">&lt;p&gt;No need; you can extend Observer with your own class and pass that to ObservableInputStream#add(Observer)&lt;/p&gt;

&lt;p&gt;See for example MessageDigestCalculatingInputStream.MessageDigestMaintainingObserver&lt;/p&gt;</comment>
                            <comment id="16559710" author="jochen@apache.org" created="Fri, 27 Jul 2018 12:56:41 +0000">&lt;p&gt;I disagree, sebb, because the MessageCalculatingInputStream is in the same package, thus can easily use package-private methods.&lt;/p&gt;

&lt;p&gt;&#160;&lt;/p&gt;</comment>
                            <comment id="16559711" author="jochen@apache.org" created="Fri, 27 Jul 2018 12:56:59 +0000">&lt;p&gt;Fixed, will be in 2.7, whenever that comes.&lt;/p&gt;

&lt;p&gt;&#160;&lt;/p&gt;</comment>
                            <comment id="16559794" author="bpalos" created="Fri, 27 Jul 2018 13:55:12 +0000">&lt;p&gt;Thank you!&lt;/p&gt;</comment>
                            <comment id="16560324" author="sebb@apache.org" created="Fri, 27 Jul 2018 21:02:14 +0000">&lt;p&gt;Oops, my bad, overlooked that.&lt;/p&gt;

&lt;p&gt;However, I wonder whether it makes sense to have to override the nested Observer class in order to use the ObservableInputStream.&lt;br/&gt;
Seems a bit messy.&lt;/p&gt;

&lt;p&gt;Would it not be better to use an interface instead? &lt;/p&gt;

&lt;p&gt;That aspect of the design can be changed now without breaking compatibility.&lt;br/&gt;
Once the methods are made protected they become part of the API.&lt;/p&gt;</comment>
                    </comments>
                    <attachments>
                    </attachments>
                <subtasks>
                    </subtasks>
                <customfields>
                                                                                                                                                                                                                                                                                                                                                                                                                                                                                                                                                                                                                                                                                                                    <customfield id="customfield_12314020" key="com.atlassian.jira.plugins.jira-development-integration-plugin:devsummary">
                        <customfieldname>Development</customfieldname>
                        <customfieldvalues>
                            
                        </customfieldvalues>
                    </customfield>
                                                                                            <customfield id="customfield_12312720" key="com.atlassian.jira.plugin.system.customfieldtypes:textarea">
                        <customfieldname>Docs Text</customfieldname>
                        <customfieldvalues>
                            <customfieldvalue>&lt;a href="https://commons.apache.org/proper/commons-io/apidocs/org/apache/commons/io/input/ObservableInputStream.html"&gt;https://commons.apache.org/proper/commons-io/apidocs/org/apache/commons/io/input/ObservableInputStream.html&lt;/a&gt;
&lt;br/&gt;

&lt;br/&gt;
&lt;a href="https://commons.apache.org/proper/commons-io/apidocs/org/apache/commons/io/input/ObservableInputStream.Observer.html"&gt;https://commons.apache.org/proper/commons-io/apidocs/org/apache/commons/io/input/ObservableInputStream.Observer.html&lt;/a&gt;</customfieldvalue>

                        </customfieldvalues>
                    </customfield>
                                                                <customfield id="customfield_12313422" key="com.atlassian.jirafisheyeplugin:jobcheckbox">
                        <customfieldname>Enable Automatic Patch Review</customfieldname>
                        <customfieldvalues>
                            <customfieldvalue>false</customfieldvalue>

                        </customfieldvalues>
                    </customfield>
                                                                                                                                                                                                                                                                                                                                                                                                                                                                                                                                                                                                                                                <customfield id="customfield_12310420" key="com.pyxis.greenhopper.jira:gh-global-rank">
                        <customfieldname>Global Rank</customfieldname>
                        <customfieldvalues>
                            <customfieldvalue>9223372036854775807</customfieldvalue>
                        </customfieldvalues>
                    </customfield>
                                                                                                                                                                                                                                                                                                                                                                                                                                                                        <customfield id="customfield_12311820" key="com.pyxis.greenhopper.jira:gh-lexo-rank">
                        <customfieldname>Rank</customfieldname>
                        <customfieldvalues>
                            <customfieldvalue>0|i3we6v:</customfieldvalue>

                        </customfieldvalues>
                    </customfield>
                                                                <customfield id="customfield_12310920" key="com.pyxis.greenhopper.jira:gh-global-rank">
                        <customfieldname>Rank (Obsolete)</customfieldname>
                        <customfieldvalues>
                            <customfieldvalue>9223372036854775807</customfieldvalue>
                        </customfieldvalues>
                    </customfield>
                                                                                                                                                                                                                                                                                                                                                                                                                                                                                                                                                                                                                                                                                                                                                                                            </customfields>
    </item>


</channel>
</rss>