<rss version="0.92">
    <channel>
        <title>ASF JIRA</title>
        <link>https://issues.apache.org/jira/issues/?jql=project+%3D+IO+and+type+%3D+bug+and+%28status+%3D+RESOLVED+or+status+%3D+closed%29+and+resolution+%3D+Fixed+and+fixVersion+%21%3D+None++and+affectedVersion+%21%3D+None++and+affectedVersion+%21%3D+%22Nightly+Build%22</link>
        <description>An XML representation of a search request</description>
                <language>en-uk</language>
                        <issue start="0" end="164" total="164" />
                <build-info>
            <version>8.20.1</version>
            <build-number>820001</build-number>
            <build-date>28-10-2021</build-date>
        </build-info>

<item>
            <title>[IO-516] .gitattributes not correctly applied</title>
                <link>https://issues.apache.org/jira/browse/IO-516</link>
                <project id="12310477" key="IO">Commons IO</project>
                    <description>&lt;p&gt;the .gitattributes &lt;span class="error"&gt;&amp;#91;commit 941a9a6&amp;#93;&lt;/span&gt; is "corrupting" test resources and several source resources did not yet have their line ending normalized &lt;span class="error"&gt;&amp;#91;commit 9e2b2c0&amp;#93;&lt;/span&gt;.&lt;/p&gt;
</description>
                <environment />
        <key id="13010827">IO-516</key>
            <summary>.gitattributes not correctly applied</summary>
                <type id="1" iconUrl="https://issues.apache.org/jira/secure/viewavatar?size=xsmall&amp;avatarId=21133&amp;avatarType=issuetype">Bug</type>
                                            <priority id="3" iconUrl="https://issues.apache.org/jira/images/icons/priorities/major.svg">Major</priority>
                        <status id="6" iconUrl="https://issues.apache.org/jira/images/icons/statuses/closed.png" description="The issue is considered finished, the resolution is correct. Issues which are not closed can be reopened.">Closed</status>
                    <statusCategory id="3" key="done" colorName="green" />
                                    <resolution id="1">Fixed</resolution>
                                        <assignee username="pascalschumacher">Pascal Schumacher</assignee>
                                    <reporter username="jpyeron">Jason Pyeron</reporter>
                        <labels>
                    </labels>
                <created>Sun, 9 Oct 2016 12:53:05 +0000</created>
                <updated>Fri, 20 Oct 2017 06:49:13 +0000</updated>
                            <resolved>Tue, 8 Nov 2016 19:16:09 +0000</resolved>
                                    <version>2.6</version>
                                    <fixVersion>2.6</fixVersion>
                                        <due />
                            <votes>0</votes>
                                    <watches>2</watches>
                                                                <comments>
                            <comment id="15559951" author="githubbot" created="Sun, 9 Oct 2016 12:58:16 +0000">&lt;p&gt;GitHub user pdinc-oss opened a pull request:&lt;/p&gt;

&lt;p&gt;    &lt;a href="https://github.com/apache/commons-io/pull/24" class="external-link" target="_blank" rel="nofollow noopener"&gt;https://github.com/apache/commons-io/pull/24&lt;/a&gt;&lt;/p&gt;

&lt;p&gt;    &lt;a href="https://issues.apache.org/jira/browse/IO-516" title=".gitattributes not correctly applied" class="issue-link" data-issue-key="IO-516"&gt;&lt;del&gt;IO-516&lt;/del&gt;&lt;/a&gt; fixed line endings for source files and ignored line endings&#8230;&lt;/p&gt;

&lt;p&gt;    CLA on file&lt;/p&gt;

&lt;p&gt;You can merge this pull request into a Git repository by running:&lt;/p&gt;

&lt;p&gt;    $ git pull &lt;a href="https://github.com/pdinc-oss/commons-io" class="external-link" target="_blank" rel="nofollow noopener"&gt;https://github.com/pdinc-oss/commons-io&lt;/a&gt; master&lt;/p&gt;

&lt;p&gt;Alternatively you can review and apply these changes as the patch at:&lt;/p&gt;

&lt;p&gt;    &lt;a href="https://github.com/apache/commons-io/pull/24.patch" class="external-link" target="_blank" rel="nofollow noopener"&gt;https://github.com/apache/commons-io/pull/24.patch&lt;/a&gt;&lt;/p&gt;

&lt;p&gt;To close this pull request, make a commit to your master/trunk branch&lt;br/&gt;
with (at least) the following in the commit message:&lt;/p&gt;

&lt;p&gt;    This closes #24&lt;/p&gt;

&lt;hr /&gt;
&lt;p&gt;commit f01fa187e7e8858e160450aa878a2d6765d1ca21&lt;br/&gt;
Author: Jason Pyeron &amp;lt;jpyeron@pdinc.us&amp;gt;&lt;br/&gt;
Date:   2016-10-09T12:55:47Z&lt;/p&gt;

&lt;p&gt;    &lt;a href="https://issues.apache.org/jira/browse/IO-516" title=".gitattributes not correctly applied" class="issue-link" data-issue-key="IO-516"&gt;&lt;del&gt;IO-516&lt;/del&gt;&lt;/a&gt; fixed line endings for source files and ignored line endings for test resources&lt;/p&gt;

&lt;hr /&gt;</comment>
                            <comment id="15648492" author="githubbot" created="Tue, 8 Nov 2016 19:11:06 +0000">&lt;p&gt;Github user asfgit closed the pull request at:&lt;/p&gt;

&lt;p&gt;    &lt;a href="https://github.com/apache/commons-io/pull/24" class="external-link" target="_blank" rel="nofollow noopener"&gt;https://github.com/apache/commons-io/pull/24&lt;/a&gt;&lt;/p&gt;</comment>
                    </comments>
                    <attachments>
                    </attachments>
                <subtasks>
                    </subtasks>
                <customfields>
                                                                                                                                                                                                                                                                                                                                                                                                                                                                                                                                                                                                                                                                                                                    <customfield id="customfield_12314020" key="com.atlassian.jira.plugins.jira-development-integration-plugin:devsummary">
                        <customfieldname>Development</customfieldname>
                        <customfieldvalues>
                            
                        </customfieldvalues>
                    </customfield>
                                                                                                                        <customfield id="customfield_12313422" key="com.atlassian.jirafisheyeplugin:jobcheckbox">
                        <customfieldname>Enable Automatic Patch Review</customfieldname>
                        <customfieldvalues>
                            <customfieldvalue>false</customfieldvalue>

                        </customfieldvalues>
                    </customfield>
                                                                                                                                                                                                                                                                                                                                                                                    <customfield id="customfield_12310250" key="com.atlassian.jira.plugin.system.customfieldtypes:multicheckboxes">
                        <customfieldname>Flags</customfieldname>
                        <customfieldvalues>
                                <customfieldvalue key="10430">Patch</customfieldvalue>
    
                        </customfieldvalues>
                    </customfield>
                                                                                                                                                                                                                                                                                                <customfield id="customfield_12310420" key="com.pyxis.greenhopper.jira:gh-global-rank">
                        <customfieldname>Global Rank</customfieldname>
                        <customfieldvalues>
                            <customfieldvalue>9223372036854775807</customfieldvalue>
                        </customfieldvalues>
                    </customfield>
                                                                                                                                                                                                                                                                                                                                                                                                                                                                        <customfield id="customfield_12311820" key="com.pyxis.greenhopper.jira:gh-lexo-rank">
                        <customfieldname>Rank</customfieldname>
                        <customfieldvalues>
                            <customfieldvalue>0|i34mwv:</customfieldvalue>

                        </customfieldvalues>
                    </customfield>
                                                                <customfield id="customfield_12310920" key="com.pyxis.greenhopper.jira:gh-global-rank">
                        <customfieldname>Rank (Obsolete)</customfieldname>
                        <customfieldvalues>
                            <customfieldvalue>9223372036854775807</customfieldvalue>
                        </customfieldvalues>
                    </customfield>
                                                                                                                                                                                                                                                                                                                                                                                                                                                                                                                                                                                                                                                                                                                                                                                            </customfields>
    </item>


</channel>
</rss>