<rss version="0.92">
    <channel>
        <title>ASF JIRA</title>
        <link>https://issues.apache.org/jira/issues/?jql=project+%3D+IO+and+type+%3D+bug+and+%28status+%3D+RESOLVED+or+status+%3D+closed%29+and+resolution+%3D+Fixed+and+fixVersion+%21%3D+None++and+affectedVersion+%21%3D+None++and+affectedVersion+%21%3D+%22Nightly+Build%22</link>
        <description>An XML representation of a search request</description>
                <language>en-uk</language>
                        <issue start="0" end="164" total="164" />
                <build-info>
            <version>8.20.1</version>
            <build-number>820001</build-number>
            <build-date>28-10-2021</build-date>
        </build-info>

<item>
            <title>[IO-536] 2.5 ExceptionInInitializerError</title>
                <link>https://issues.apache.org/jira/browse/IO-536</link>
                <project id="12310477" key="IO">Commons IO</project>
                    <description>&lt;p&gt;In its static block, org.apache.commons.io.Java7Support executes:&lt;/p&gt;

&lt;p&gt;ClassLoader cl = Thread.currentThread().getContextClassLoader();&lt;/p&gt;

&lt;p&gt;This can be null.&lt;/p&gt;

&lt;p&gt;In that case, I believe the class should fall back to using:&lt;/p&gt;

&lt;p&gt;Java7Support.class.getClassLoader();&lt;/p&gt;

&lt;p&gt;But someone with a better understanding of the security implications should weigh in on that change.&lt;/p&gt;</description>
                <environment>&lt;p&gt;This occurs on Android devices. But I think it is a general issue.&lt;/p&gt;</environment>
        <key id="13070501">IO-536</key>
            <summary>2.5 ExceptionInInitializerError</summary>
                <type id="1" iconUrl="https://issues.apache.org/jira/secure/viewavatar?size=xsmall&amp;avatarId=21133&amp;avatarType=issuetype">Bug</type>
                                            <priority id="3" iconUrl="https://issues.apache.org/jira/images/icons/priorities/major.svg">Major</priority>
                        <status id="6" iconUrl="https://issues.apache.org/jira/images/icons/statuses/closed.png" description="The issue is considered finished, the resolution is correct. Issues which are not closed can be reopened.">Closed</status>
                    <statusCategory id="3" key="done" colorName="green" />
                                    <resolution id="1">Fixed</resolution>
                                        <assignee username="-1">Unassigned</assignee>
                                    <reporter username="mitchellsundt">Mitch Sundt</reporter>
                        <labels>
                    </labels>
                <created>Tue, 9 May 2017 17:17:00 +0000</created>
                <updated>Fri, 20 Oct 2017 06:49:09 +0000</updated>
                            <resolved>Wed, 17 May 2017 21:32:15 +0000</resolved>
                                    <version>2.5</version>
                                    <fixVersion>2.6</fixVersion>
                                    <component>Utilities</component>
                        <due />
                            <votes>0</votes>
                                    <watches>2</watches>
                                                                <comments>
                            <comment id="16014810" author="pascalschumacher" created="Wed, 17 May 2017 21:32:15 +0000">&lt;p&gt;Thanks for reporting.&lt;/p&gt;

&lt;p&gt;Java7Support was removed for &lt;a href="https://issues.apache.org/jira/browse/IO-514" title="Remove org.apache.commons.io.Java7Support" class="issue-link" data-issue-key="IO-514"&gt;&lt;del&gt;IO-514&lt;/del&gt;&lt;/a&gt; with commit &lt;a href="https://github.com/apache/commons-io/commit/9d432121e1c60557da3e159252a88885944e5f00" class="external-link" target="_blank" rel="nofollow noopener"&gt;https://github.com/apache/commons-io/commit/9d432121e1c60557da3e159252a88885944e5f00&lt;/a&gt;&lt;/p&gt;</comment>
                    </comments>
                    <attachments>
                    </attachments>
                <subtasks>
                    </subtasks>
                <customfields>
                                                                                                                                                                                                                                                                                                                                                                                                                                                                                                                                                                                                                                                                                                                    <customfield id="customfield_12314020" key="com.atlassian.jira.plugins.jira-development-integration-plugin:devsummary">
                        <customfieldname>Development</customfieldname>
                        <customfieldvalues>
                            
                        </customfieldvalues>
                    </customfield>
                                                                                                                        <customfield id="customfield_12313422" key="com.atlassian.jirafisheyeplugin:jobcheckbox">
                        <customfieldname>Enable Automatic Patch Review</customfieldname>
                        <customfieldvalues>
                            <customfieldvalue>false</customfieldvalue>

                        </customfieldvalues>
                    </customfield>
                                                                                                                                                                                                                                                                                                                                                                                                                                                                                                                                                                                                                                                <customfield id="customfield_12310420" key="com.pyxis.greenhopper.jira:gh-global-rank">
                        <customfieldname>Global Rank</customfieldname>
                        <customfieldvalues>
                            <customfieldvalue>9223372036854775807</customfieldvalue>
                        </customfieldvalues>
                    </customfield>
                                                                                                                                                                                                                                                                                                                                                                                                                                                                        <customfield id="customfield_12311820" key="com.pyxis.greenhopper.jira:gh-lexo-rank">
                        <customfieldname>Rank</customfieldname>
                        <customfieldvalues>
                            <customfieldvalue>0|i3epzb:</customfieldvalue>

                        </customfieldvalues>
                    </customfield>
                                                                <customfield id="customfield_12310920" key="com.pyxis.greenhopper.jira:gh-global-rank">
                        <customfieldname>Rank (Obsolete)</customfieldname>
                        <customfieldvalues>
                            <customfieldvalue>9223372036854775807</customfieldvalue>
                        </customfieldvalues>
                    </customfield>
                                                                                                                                                                                                                                                                                                                                                                                                                                                                                                                                                                                                                                                                                                                                                                                            </customfields>
    </item>


</channel>
</rss>