<rss version="0.92">
    <channel>
        <title>ASF JIRA</title>
        <link>https://issues.apache.org/jira/issues/?jql=project+%3D+IO+and+type+%3D+bug+and+%28status+%3D+RESOLVED+or+status+%3D+closed%29+and+resolution+%3D+Fixed+and+fixVersion+%21%3D+None++and+affectedVersion+%21%3D+None++and+affectedVersion+%21%3D+%22Nightly+Build%22</link>
        <description>An XML representation of a search request</description>
                <language>en-uk</language>
                        <issue start="0" end="164" total="164" />
                <build-info>
            <version>8.20.1</version>
            <build-number>820001</build-number>
            <build-date>28-10-2021</build-date>
        </build-info>

<item>
            <title>[IO-679] input.AbstractCharacterFilterReader passes count of chars read to filter, not the filter char</title>
                <link>https://issues.apache.org/jira/browse/IO-679</link>
                <project id="12310477" key="IO">Commons IO</project>
                    <description>&lt;p&gt; &#160;Ran into a bug with&#160;AbstractCharacterFilterReader where I noticed that my filter was not receiving the actual characters, but was instead receiving an int value corresponding to the number of chars in my input stream buffer.&lt;/p&gt;

&lt;p&gt;I looked at&#160;the &lt;a href="https://github.com/apache/commons-io/blob/master/src/main/java/org/apache/commons/io/input/AbstractCharacterFilterReader.java" class="external-link" target="_blank" rel="nofollow noopener"&gt;source file&lt;/a&gt;&#160;and realized that on line 64:&lt;br/&gt;
 &lt;tt&gt;if (filter(read)) {&lt;/tt&gt;&lt;br/&gt;
 should have been:&lt;/p&gt;

&lt;p&gt;&lt;tt&gt;if (filter(cbuf&lt;span class="error"&gt;&amp;#91;readPos&amp;#93;&lt;/span&gt;)) {&lt;/tt&gt;&lt;/p&gt;

&lt;p&gt;'read` has the number of chars read from the source reader, not the code point of the character read.&lt;/p&gt;

&lt;p&gt;I have attached a sample program that illustrates the issue.&lt;/p&gt;

&lt;p&gt;I can work on a patch and submit it when done. I will add a test case in the patch.&lt;/p&gt;

&lt;p&gt;&#160;&lt;/p&gt;</description>
                <environment />
        <key id="13320015">IO-679</key>
            <summary>input.AbstractCharacterFilterReader passes count of chars read to filter, not the filter char</summary>
                <type id="1" iconUrl="https://issues.apache.org/jira/secure/viewavatar?size=xsmall&amp;avatarId=21133&amp;avatarType=issuetype">Bug</type>
                                            <priority id="3" iconUrl="https://issues.apache.org/jira/images/icons/priorities/major.svg">Major</priority>
                        <status id="6" iconUrl="https://issues.apache.org/jira/images/icons/statuses/closed.png" description="The issue is considered finished, the resolution is correct. Issues which are not closed can be reopened.">Closed</status>
                    <statusCategory id="3" key="done" colorName="green" />
                                    <resolution id="1">Fixed</resolution>
                                        <assignee username="-1">Unassigned</assignee>
                                    <reporter username="proneel">Proneel Guptan</reporter>
                        <labels>
                    </labels>
                <created>Wed, 29 Jul 2020 16:42:23 +0000</created>
                <updated>Thu, 30 Jul 2020 07:36:05 +0000</updated>
                            <resolved>Wed, 29 Jul 2020 19:32:40 +0000</resolved>
                                    <version>2.7</version>
                                    <fixVersion>2.8.0</fixVersion>
                                    <component>Streams/Writers</component>
                        <due />
                            <votes>0</votes>
                                    <watches>2</watches>
                                            <timeestimate seconds="0">0h</timeestimate>
                            <timespent seconds="2400">40m</timespent>
                                <comments>
                            <comment id="17167356" author="proneel" created="Wed, 29 Jul 2020 16:57:27 +0000">&lt;p&gt;One more thing to add,&#160;CharacterSetFilterReaderTest.java and&#160;CharacterFilterReaderTest.java do not test the&#160;&lt;/p&gt;

&lt;p&gt;&lt;tt&gt;read(final char[] cbuf, final int off, final int len)&lt;/tt&gt; method, which has the bug. The method they test&#160;&lt;tt&gt;read()&lt;/tt&gt; does not have an issue.&lt;/p&gt;</comment>
                            <comment id="17167408" author="garydgregory" created="Wed, 29 Jul 2020 17:51:43 +0000">&lt;p&gt;&lt;a href="https://issues.apache.org/jira/secure/ViewProfile.jspa?name=proneel" class="user-hover" rel="proneel"&gt;proneel&lt;/a&gt;&lt;/p&gt;

&lt;p&gt;Thank you for your report!&lt;/p&gt;

&lt;p&gt;May you provide your code as a PR on GitHub please?&lt;/p&gt;</comment>
                            <comment id="17167435" author="proneel" created="Wed, 29 Jul 2020 18:26:37 +0000">&lt;p&gt;Hi Gary,&lt;/p&gt;

&lt;p&gt;I created a PR&#160;&lt;a href="https://github.com/apache/commons-io/pull/132" class="external-link" target="_blank" rel="nofollow noopener"&gt;https://github.com/apache/commons-io/pull/132&lt;/a&gt;&lt;/p&gt;

&lt;p&gt;It has the source fix as well as 2 test cases. I also ran all test cases to ensure they passed.&lt;/p&gt;

&lt;p&gt;Thx, Proneel.&lt;/p&gt;</comment>
                            <comment id="17167467" author="garydgregory" created="Wed, 29 Jul 2020 19:32:40 +0000">&lt;p&gt;&lt;a href="https://issues.apache.org/jira/secure/ViewProfile.jspa?name=proneel" class="user-hover" rel="proneel"&gt;proneel&lt;/a&gt;&#160;&lt;/p&gt;

&lt;p&gt;In git master, please verify and close.&lt;/p&gt;

&lt;p&gt;Thank you.&lt;/p&gt;</comment>
                            <comment id="17167482" author="proneel" created="Wed, 29 Jul 2020 20:01:05 +0000">&lt;p&gt;Verified as fixed in git master.&lt;/p&gt;

&lt;p&gt;&lt;a href="https://issues.apache.org/jira/secure/ViewProfile.jspa?name=ggregory" class="user-hover" rel="ggregory"&gt;ggregory&lt;/a&gt; Thank you for the prompt response!&lt;/p&gt;</comment>
                    </comments>
                    <attachments>
                            <attachment id="13008705" name="AbstractCharacterFilterIssue.java" size="1492" author="proneel" created="Wed, 29 Jul 2020 16:42:09 +0000" />
                    </attachments>
                <subtasks>
                    </subtasks>
                <customfields>
                                                                                                                                                                                                                                                                                                                                                                                                                                                                                                                                                                                                                                                                                                                    <customfield id="customfield_12314020" key="com.atlassian.jira.plugins.jira-development-integration-plugin:devsummary">
                        <customfieldname>Development</customfieldname>
                        <customfieldvalues>
                            
                        </customfieldvalues>
                    </customfield>
                                                                                                                        <customfield id="customfield_12313422" key="com.atlassian.jirafisheyeplugin:jobcheckbox">
                        <customfieldname>Enable Automatic Patch Review</customfieldname>
                        <customfieldvalues>
                            <customfieldvalue>false</customfieldvalue>

                        </customfieldvalues>
                    </customfield>
                                                                                                                                                                                                                                                                                                                                                                                                                                                                                                                                                                                                                                                <customfield id="customfield_12310420" key="com.pyxis.greenhopper.jira:gh-global-rank">
                        <customfieldname>Global Rank</customfieldname>
                        <customfieldvalues>
                            <customfieldvalue>9223372036854775807</customfieldvalue>
                        </customfieldvalues>
                    </customfield>
                                                                                                                                                                                                                                                                                                                                                                                                                                                                        <customfield id="customfield_12311820" key="com.pyxis.greenhopper.jira:gh-lexo-rank">
                        <customfieldname>Rank</customfieldname>
                        <customfieldvalues>
                            <customfieldvalue>0|z0hba0:</customfieldvalue>

                        </customfieldvalues>
                    </customfield>
                                                                <customfield id="customfield_12310920" key="com.pyxis.greenhopper.jira:gh-global-rank">
                        <customfieldname>Rank (Obsolete)</customfieldname>
                        <customfieldvalues>
                            <customfieldvalue>9223372036854775807</customfieldvalue>
                        </customfieldvalues>
                    </customfield>
                                                                                                                                                                                                                                                                                                                                                                                                                                                                                                                                                                                                                                                                                                                                                                                            </customfields>
    </item>


</channel>
</rss>