<rss version="0.92">
    <channel>
        <title>ASF JIRA</title>
        <link>https://issues.apache.org/jira/issues/?jql=project+%3D+IO+and+type+%3D+bug+and+%28status+%3D+RESOLVED+or+status+%3D+closed%29+and+resolution+%3D+Fixed+and+fixVersion+%21%3D+None++and+affectedVersion+%21%3D+None++and+affectedVersion+%21%3D+%22Nightly+Build%22</link>
        <description>An XML representation of a search request</description>
                <language>en-uk</language>
                        <issue start="0" end="164" total="164" />
                <build-info>
            <version>8.20.1</version>
            <build-number>820001</build-number>
            <build-date>28-10-2021</build-date>
        </build-info>

<item>
            <title>[IO-661] FileUtils throws inconsistent exceptions</title>
                <link>https://issues.apache.org/jira/browse/IO-661</link>
                <project id="12310477" key="IO">Commons IO</project>
                    <description>&lt;p&gt;The&#160;FileUtils throws inconsistent exceptions, when an input is not a directory.&#160;&lt;/p&gt;

&lt;p&gt;The&#160;copyFileToDirectory throws&#160;IllegalArgumentException:&lt;/p&gt;

&lt;p&gt;&#160;&lt;/p&gt;
&lt;div class="code panel" style="border-width: 1px;"&gt;&lt;div class="codeContent panelContent"&gt;
&lt;pre class="code-java"&gt;
  &lt;span class="code-keyword"&gt;public&lt;/span&gt; &lt;span class="code-keyword"&gt;static&lt;/span&gt; void copyFileToDirectory(&lt;span class="code-keyword"&gt;final&lt;/span&gt; File srcFile, &lt;span class="code-keyword"&gt;final&lt;/span&gt; File destDir, &lt;span class="code-keyword"&gt;final&lt;/span&gt; &lt;span class="code-object"&gt;boolean&lt;/span&gt; preserveFileDate)
            &lt;span class="code-keyword"&gt;throws&lt;/span&gt; IOException {
        &lt;span class="code-keyword"&gt;if&lt;/span&gt; (destDir == &lt;span class="code-keyword"&gt;null&lt;/span&gt;) {
            &lt;span class="code-keyword"&gt;throw&lt;/span&gt; &lt;span class="code-keyword"&gt;new&lt;/span&gt; NullPointerException(&lt;span class="code-quote"&gt;"Destination must not be &lt;span class="code-keyword"&gt;null&lt;/span&gt;"&lt;/span&gt;);
        }
        &lt;span class="code-keyword"&gt;if&lt;/span&gt; (destDir.exists() &amp;amp;&amp;amp; destDir.isDirectory() == &lt;span class="code-keyword"&gt;false&lt;/span&gt;) {
            &lt;span class="code-keyword"&gt;throw&lt;/span&gt; &lt;span class="code-keyword"&gt;new&lt;/span&gt; IllegalArgumentException(&lt;span class="code-quote"&gt;"Destination &lt;span class="code-quote"&gt;'"&lt;/span&gt; + destDir + &lt;span class="code-quote"&gt;"'&lt;/span&gt; is not a directory"&lt;/span&gt;);
        }
        &lt;span class="code-keyword"&gt;final&lt;/span&gt; File destFile = &lt;span class="code-keyword"&gt;new&lt;/span&gt; File(destDir, srcFile.getName());
        copyFile(srcFile, destFile, preserveFileDate);
    }

&lt;/pre&gt;
&lt;/div&gt;&lt;/div&gt;
&lt;p&gt;The other methods throw&#160;IOException:&lt;/p&gt;

&lt;p&gt;&#160;&lt;/p&gt;

&lt;p&gt;&#160;&lt;/p&gt;
&lt;div class="code panel" style="border-width: 1px;"&gt;&lt;div class="codeContent panelContent"&gt;
&lt;pre class="code-java"&gt;
 &lt;span class="code-keyword"&gt;public&lt;/span&gt; &lt;span class="code-keyword"&gt;static&lt;/span&gt; void moveFileToDirectory(&lt;span class="code-keyword"&gt;final&lt;/span&gt; File srcFile, &lt;span class="code-keyword"&gt;final&lt;/span&gt; File destDir, &lt;span class="code-keyword"&gt;final&lt;/span&gt; &lt;span class="code-object"&gt;boolean&lt;/span&gt; createDestDir)
            &lt;span class="code-keyword"&gt;throws&lt;/span&gt; IOException {
        validateMoveParameters(srcFile, destDir);
        &lt;span class="code-keyword"&gt;if&lt;/span&gt; (!destDir.exists() &amp;amp;&amp;amp; createDestDir) {
            destDir.mkdirs();
        }
        &lt;span class="code-keyword"&gt;if&lt;/span&gt; (!destDir.exists()) {
            &lt;span class="code-keyword"&gt;throw&lt;/span&gt; &lt;span class="code-keyword"&gt;new&lt;/span&gt; FileNotFoundException(&lt;span class="code-quote"&gt;"Destination directory '"&lt;/span&gt; + destDir +
                    &lt;span class="code-quote"&gt;"' does not exist [createDestDir="&lt;/span&gt; + createDestDir + &lt;span class="code-quote"&gt;"]"&lt;/span&gt;);
        }
        &lt;span class="code-keyword"&gt;if&lt;/span&gt; (!destDir.isDirectory()) {
            &lt;span class="code-keyword"&gt;throw&lt;/span&gt; &lt;span class="code-keyword"&gt;new&lt;/span&gt; IOException(&lt;span class="code-quote"&gt;"Destination &lt;span class="code-quote"&gt;'"&lt;/span&gt; + destDir + &lt;span class="code-quote"&gt;"'&lt;/span&gt; is not a directory"&lt;/span&gt;);
        }
        moveFile(srcFile, &lt;span class="code-keyword"&gt;new&lt;/span&gt; File(destDir, srcFile.getName()));
    }
&lt;/pre&gt;
&lt;/div&gt;&lt;/div&gt;
&lt;p&gt;I feel that&#160;IOException is more reasonable. Although the messages are the same, the different exception can cause problems when programmers catch the thrown exceptions.&#160;&lt;/p&gt;

&lt;p&gt;&#160;&lt;/p&gt;

&lt;p&gt;&#160;&lt;/p&gt;</description>
                <environment />
        <key id="13294390">IO-661</key>
            <summary>FileUtils throws inconsistent exceptions</summary>
                <type id="1" iconUrl="https://issues.apache.org/jira/secure/viewavatar?size=xsmall&amp;avatarId=21133&amp;avatarType=issuetype">Bug</type>
                                            <priority id="3" iconUrl="https://issues.apache.org/jira/images/icons/priorities/major.svg">Major</priority>
                        <status id="5" iconUrl="https://issues.apache.org/jira/images/icons/statuses/resolved.png" description="A resolution has been taken, and it is awaiting verification by reporter. From here issues are either reopened, or are closed.">Resolved</status>
                    <statusCategory id="3" key="done" colorName="green" />
                                    <resolution id="1">Fixed</resolution>
                                        <assignee username="-1">Unassigned</assignee>
                                    <reporter username="haozhong">Hao Zhong</reporter>
                        <labels>
                    </labels>
                <created>Fri, 27 Mar 2020 07:53:45 +0000</created>
                <updated>Tue, 7 Sep 2021 13:00:31 +0000</updated>
                            <resolved>Wed, 17 Feb 2021 16:48:19 +0000</resolved>
                                    <version>2.6</version>
                                    <fixVersion>2.9.0</fixVersion>
                                    <component>Utilities</component>
                        <due />
                            <votes>0</votes>
                                    <watches>3</watches>
                                            <timeestimate seconds="0">0h</timeestimate>
                            <timespent seconds="6600">1h 50m</timespent>
                                <comments>
                            <comment id="17267521" author="garydgregory" created="Mon, 18 Jan 2021 20:45:50 +0000">&lt;p&gt;&lt;a href="https://issues.apache.org/jira/secure/ViewProfile.jspa?name=haozhong" class="user-hover" rel="haozhong"&gt;haozhong&lt;/a&gt;&lt;/p&gt;

&lt;p&gt;Please see the current git master which contains more consistent exceptions. If your use case is covered, please close this ticket.&lt;/p&gt;

&lt;p&gt;TY.&lt;/p&gt;</comment>
                            <comment id="17268328" author="haozhong" created="Wed, 20 Jan 2021 02:38:53 +0000">&lt;p&gt;Sorry that I used a previous version. I have updated my lib.&#160;&lt;/p&gt;</comment>
                            <comment id="17268329" author="garydgregory" created="Wed, 20 Jan 2021 02:41:19 +0000">&lt;p&gt;&lt;a href="https://issues.apache.org/jira/secure/ViewProfile.jspa?name=haozhong" class="user-hover" rel="haozhong"&gt;haozhong&lt;/a&gt;&lt;/p&gt;

&lt;p&gt;Are you ok with closing this ticket?&lt;/p&gt;

&lt;p&gt;&#160;&lt;/p&gt;</comment>
                    </comments>
                    <attachments>
                    </attachments>
                <subtasks>
                    </subtasks>
                <customfields>
                                                                                                                                                                                                                                                                                                                                                                                                                                                                                                                                                                                                                                                                                                                    <customfield id="customfield_12314020" key="com.atlassian.jira.plugins.jira-development-integration-plugin:devsummary">
                        <customfieldname>Development</customfieldname>
                        <customfieldvalues>
                            
                        </customfieldvalues>
                    </customfield>
                                                                                                                        <customfield id="customfield_12313422" key="com.atlassian.jirafisheyeplugin:jobcheckbox">
                        <customfieldname>Enable Automatic Patch Review</customfieldname>
                        <customfieldvalues>
                            <customfieldvalue>false</customfieldvalue>

                        </customfieldvalues>
                    </customfield>
                                                                                                                                                                                                                                                                                                                                                                                                                                                                                                                                                                                                                                                <customfield id="customfield_12310420" key="com.pyxis.greenhopper.jira:gh-global-rank">
                        <customfieldname>Global Rank</customfieldname>
                        <customfieldvalues>
                            <customfieldvalue>9223372036854775807</customfieldvalue>
                        </customfieldvalues>
                    </customfield>
                                                                                                                                                                                                                                                                                                                                                                                                                                                                        <customfield id="customfield_12311820" key="com.pyxis.greenhopper.jira:gh-lexo-rank">
                        <customfieldname>Rank</customfieldname>
                        <customfieldvalues>
                            <customfieldvalue>0|z0cyyw:</customfieldvalue>

                        </customfieldvalues>
                    </customfield>
                                                                <customfield id="customfield_12310920" key="com.pyxis.greenhopper.jira:gh-global-rank">
                        <customfieldname>Rank (Obsolete)</customfieldname>
                        <customfieldvalues>
                            <customfieldvalue>9223372036854775807</customfieldvalue>
                        </customfieldvalues>
                    </customfield>
                                                                                                                                                                                                                                                                                                                                                                                                                                                                                                                                                                                                                                                                                                                                                                                            </customfields>
    </item>


</channel>
</rss>