<rss version="0.92">
    <channel>
        <title>ASF JIRA</title>
        <link>https://issues.apache.org/jira/issues/?jql=project+%3D+IO+and+type+%3D+bug+and+%28status+%3D+RESOLVED+or+status+%3D+closed%29+and+resolution+%3D+Fixed+and+fixVersion+%21%3D+None++and+affectedVersion+%21%3D+None++and+affectedVersion+%21%3D+%22Nightly+Build%22</link>
        <description>An XML representation of a search request</description>
                <language>en-uk</language>
                        <issue start="0" end="164" total="164" />
                <build-info>
            <version>8.20.1</version>
            <build-number>820001</build-number>
            <build-date>28-10-2021</build-date>
        </build-info>

<item>
            <title>[IO-625] FileUtils.copyDirectoryToDirectory does not reflect srcDir in exception message when srcDir is not a directory</title>
                <link>https://issues.apache.org/jira/browse/IO-625</link>
                <project id="12310477" key="IO">Commons IO</project>
                    <description>&lt;p&gt;When srcDir parameter to FileUtils.copyDirectoryToDirectory method is not a directory, exception message contains destDir instead of srcDir.&lt;/p&gt;

&lt;p&gt;Related issue is, that based on Javadocs one would expect IOException instead of IllegalArgumentException. Changing type of the exception would probably break some clients. Fixing message seems reasonable.&lt;/p&gt;</description>
                <environment />
        <key id="13255485">IO-625</key>
            <summary>FileUtils.copyDirectoryToDirectory does not reflect srcDir in exception message when srcDir is not a directory</summary>
                <type id="1" iconUrl="https://issues.apache.org/jira/secure/viewavatar?size=xsmall&amp;avatarId=21133&amp;avatarType=issuetype">Bug</type>
                                            <priority id="5" iconUrl="https://issues.apache.org/jira/images/icons/priorities/trivial.svg">Trivial</priority>
                        <status id="5" iconUrl="https://issues.apache.org/jira/images/icons/statuses/resolved.png" description="A resolution has been taken, and it is awaiting verification by reporter. From here issues are either reopened, or are closed.">Resolved</status>
                    <statusCategory id="3" key="done" colorName="green" />
                                    <resolution id="1">Fixed</resolution>
                                        <assignee username="-1">Unassigned</assignee>
                                    <reporter username="Mikko Maunu">Mikko Maunu</reporter>
                        <labels>
                    </labels>
                <created>Sun, 8 Sep 2019 12:30:05 +0000</created>
                <updated>Tue, 10 Sep 2019 05:02:27 +0000</updated>
                            <resolved>Sun, 8 Sep 2019 17:41:56 +0000</resolved>
                                    <version>2.6</version>
                                    <fixVersion>2.7</fixVersion>
                                    <component>Utilities</component>
                        <due />
                            <votes>0</votes>
                                    <watches>1</watches>
                                            <timeestimate seconds="0">0h</timeestimate>
                            <timespent seconds="6600">1h 50m</timespent>
                                <comments>
                            <comment id="16925173" author="tai" created="Sun, 8 Sep 2019 13:47:51 +0000">&lt;p&gt;Change &lt;b&gt;destDir&lt;/b&gt; in the ( &lt;cite&gt;When destDir parameter to FileUtils.copyDirectoryToDirectory method is not a directory&lt;/cite&gt; ) description to &lt;b&gt;srcDir&lt;/b&gt;.&lt;/p&gt;</comment>
                            <comment id="16925221" author="garydgregory" created="Sun, 8 Sep 2019 17:41:56 +0000">&lt;p&gt;In git master.&lt;/p&gt;</comment>
                    </comments>
                    <attachments>
                            <attachment id="12979774" name="FileUtilsCopyDirectoryToDirectoryTestCase.java" size="1059" author="Mikko Maunu" created="Sun, 8 Sep 2019 12:31:07 +0000" />
                    </attachments>
                <subtasks>
                    </subtasks>
                <customfields>
                                                                                                                                                                                                                                                                                                                                                                                                                                                                                                                                                                                                                                                                                                                    <customfield id="customfield_12314020" key="com.atlassian.jira.plugins.jira-development-integration-plugin:devsummary">
                        <customfieldname>Development</customfieldname>
                        <customfieldvalues>
                            
                        </customfieldvalues>
                    </customfield>
                                                                                                                        <customfield id="customfield_12313422" key="com.atlassian.jirafisheyeplugin:jobcheckbox">
                        <customfieldname>Enable Automatic Patch Review</customfieldname>
                        <customfieldvalues>
                            <customfieldvalue>false</customfieldvalue>

                        </customfieldvalues>
                    </customfield>
                                                                                                                                                                                                                                                                                                                                                                                                                                                                                                                                                                                                                                                <customfield id="customfield_12310420" key="com.pyxis.greenhopper.jira:gh-global-rank">
                        <customfieldname>Global Rank</customfieldname>
                        <customfieldvalues>
                            <customfieldvalue>9223372036854775807</customfieldvalue>
                        </customfieldvalues>
                    </customfield>
                                                                                                                                                                                                                                                                                                                                                                                                                                                                        <customfield id="customfield_12311820" key="com.pyxis.greenhopper.jira:gh-lexo-rank">
                        <customfieldname>Rank</customfieldname>
                        <customfieldvalues>
                            <customfieldvalue>0|z06fs0:</customfieldvalue>

                        </customfieldvalues>
                    </customfield>
                                                                <customfield id="customfield_12310920" key="com.pyxis.greenhopper.jira:gh-global-rank">
                        <customfieldname>Rank (Obsolete)</customfieldname>
                        <customfieldvalues>
                            <customfieldvalue>9223372036854775807</customfieldvalue>
                        </customfieldvalues>
                    </customfield>
                                                                                                                                                                                                                                                                                                                                                                                                                                                                                                                                                                                                                                                                                                                                                                                            </customfields>
    </item>


</channel>
</rss>