<rss version="0.92">
    <channel>
        <title>ASF JIRA</title>
        <link>https://issues.apache.org/jira/issues/?jql=project+%3D+IO+and+type+%3D+bug+and+%28status+%3D+RESOLVED+or+status+%3D+closed%29+and+resolution+%3D+Fixed+and+fixVersion+%21%3D+None++and+affectedVersion+%21%3D+None++and+affectedVersion+%21%3D+%22Nightly+Build%22</link>
        <description>An XML representation of a search request</description>
                <language>en-uk</language>
                        <issue start="0" end="164" total="164" />
                <build-info>
            <version>8.20.1</version>
            <build-number>820001</build-number>
            <build-date>28-10-2021</build-date>
        </build-info>

<item>
            <title>[IO-733] RegexFileFilter uses the path and file name instead of just the file name.</title>
                <link>https://issues.apache.org/jira/browse/IO-733</link>
                <project id="12310477" key="IO">Commons IO</project>
                    <description>&lt;p&gt;I had a filename search where I looked for patterns that would not be picked up by surefire but had similar naming. &lt;/p&gt;

&lt;p&gt;It is with an "and", "no", and a "regex" filter similar to&lt;/p&gt;
&lt;div class="code panel" style="border-width: 1px;"&gt;&lt;div class="codeContent panelContent"&gt;
&lt;pre class="code-java"&gt;
IOFileFilter fileFilter = FileFilterUtils.and(&lt;span class="code-comment"&gt;//
&lt;/span&gt;            FileFilterUtils.notFileFilter(includeFileFilter), &lt;span class="code-comment"&gt;//
&lt;/span&gt;            &lt;span class="code-keyword"&gt;new&lt;/span&gt; RegexFileFilter(&lt;span class="code-quote"&gt;".*Test.*\\.java"&lt;/span&gt;)); &lt;/pre&gt;
&lt;/div&gt;&lt;/div&gt;

&lt;p&gt;I created a test project to reproduce the issue&lt;br/&gt;
&lt;a href="https://github.com/sellersj/apache-commons-io-issue" class="external-link" target="_blank" rel="nofollow noopener"&gt;https://github.com/sellersj/apache-commons-io-issue&lt;/a&gt;&lt;/p&gt;

&lt;p&gt;I tested back to version 2.2 and it was the same to 2.8.0. The new behaviour happens with 2.9.0&lt;/p&gt;</description>
                <environment />
        <key id="13380861">IO-733</key>
            <summary>RegexFileFilter uses the path and file name instead of just the file name.</summary>
                <type id="1" iconUrl="https://issues.apache.org/jira/secure/viewavatar?size=xsmall&amp;avatarId=21133&amp;avatarType=issuetype">Bug</type>
                                            <priority id="3" iconUrl="https://issues.apache.org/jira/images/icons/priorities/major.svg">Major</priority>
                        <status id="6" iconUrl="https://issues.apache.org/jira/images/icons/statuses/closed.png" description="The issue is considered finished, the resolution is correct. Issues which are not closed can be reopened.">Closed</status>
                    <statusCategory id="3" key="done" colorName="green" />
                                    <resolution id="1">Fixed</resolution>
                                        <assignee username="ggregory">Gary D. Gregory</assignee>
                                    <reporter username="sellersj">Jim Sellers</reporter>
                        <labels>
                    </labels>
                <created>Thu, 27 May 2021 20:55:50 +0000</created>
                <updated>Fri, 11 Jun 2021 12:24:03 +0000</updated>
                            <resolved>Fri, 28 May 2021 16:10:04 +0000</resolved>
                                    <version>2.9.0</version>
                                    <fixVersion>2.10.0</fixVersion>
                                        <due />
                            <votes>0</votes>
                                    <watches>1</watches>
                                                                <comments>
                            <comment id="17353434" author="garydgregory" created="Fri, 28 May 2021 16:10:04 +0000">&lt;p&gt;Fixed in git master and SNAPSHOT builds at &lt;a href="https://repository.apache.org/content/repositories/snapshots/" class="external-link" target="_blank" rel="nofollow noopener"&gt;https://repository.apache.org/content/repositories/snapshots/&lt;/a&gt;&lt;/p&gt;

&lt;p&gt;Please verify and close.&lt;/p&gt;

&lt;p&gt;&#160;&lt;/p&gt;</comment>
                            <comment id="17353489" author="sellersj" created="Fri, 28 May 2021 17:56:30 +0000">&lt;p&gt;The snapshot passes my test.&lt;/p&gt;

&lt;p&gt;Thanks so much for the fast turn around.&lt;/p&gt;

&lt;p&gt;Closing.&lt;/p&gt;</comment>
                    </comments>
                <issuelinks>
                            <issuelinktype id="12310000">
                    <name>Duplicate</name>
                                                                <inwardlinks description="is duplicated by">
                                        <issuelink>
            <issuekey id="13382465">IO-737</issuekey>
        </issuelink>
            <issuelink>
            <issuekey id="13383213">IO-739</issuekey>
        </issuelink>
            <issuelink>
            <issuekey id="13383366">IO-740</issuekey>
        </issuelink>
                            </inwardlinks>
                                    </issuelinktype>
                    </issuelinks>
                <attachments>
                    </attachments>
                <subtasks>
                    </subtasks>
                <customfields>
                                                                                                                                                                                                                                                                                                                                                                                                                                                                                                                                                                                                                                                                                                                    <customfield id="customfield_12314020" key="com.atlassian.jira.plugins.jira-development-integration-plugin:devsummary">
                        <customfieldname>Development</customfieldname>
                        <customfieldvalues>
                            
                        </customfieldvalues>
                    </customfield>
                                                                                                                        <customfield id="customfield_12313422" key="com.atlassian.jirafisheyeplugin:jobcheckbox">
                        <customfieldname>Enable Automatic Patch Review</customfieldname>
                        <customfieldvalues>
                            <customfieldvalue>false</customfieldvalue>

                        </customfieldvalues>
                    </customfield>
                                                                                                                                                                                                                                                                                                                                                                                                                                                                                                                                                                                                                                                <customfield id="customfield_12310420" key="com.pyxis.greenhopper.jira:gh-global-rank">
                        <customfieldname>Global Rank</customfieldname>
                        <customfieldvalues>
                            <customfieldvalue>9223372036854775807</customfieldvalue>
                        </customfieldvalues>
                    </customfield>
                                                                                                                                                                                                                                                                                                                                                                                                                                                                        <customfield id="customfield_12311820" key="com.pyxis.greenhopper.jira:gh-lexo-rank">
                        <customfieldname>Rank</customfieldname>
                        <customfieldvalues>
                            <customfieldvalue>0|z0rg20:</customfieldvalue>

                        </customfieldvalues>
                    </customfield>
                                                                <customfield id="customfield_12310920" key="com.pyxis.greenhopper.jira:gh-global-rank">
                        <customfieldname>Rank (Obsolete)</customfieldname>
                        <customfieldvalues>
                            <customfieldvalue>9223372036854775807</customfieldvalue>
                        </customfieldvalues>
                    </customfield>
                                                                                                                                                                                                                                                                                                                                                                                                                                                                                                                                                                                                                                                                                                                                                                                            </customfields>
    </item>


</channel>
</rss>