<rss version="0.92">
    <channel>
        <title>ASF JIRA</title>
        <link>https://issues.apache.org/jira/issues/?jql=project+%3D+IO+and+type+%3D+bug+and+%28status+%3D+RESOLVED+or+status+%3D+closed%29+and+resolution+%3D+Fixed+and+fixVersion+%21%3D+None++and+affectedVersion+%21%3D+None++and+affectedVersion+%21%3D+%22Nightly+Build%22</link>
        <description>An XML representation of a search request</description>
                <language>en-uk</language>
                        <issue start="0" end="164" total="164" />
                <build-info>
            <version>8.20.1</version>
            <build-number>820001</build-number>
            <build-date>28-10-2021</build-date>
        </build-info>

<item>
            <title>[IO-761] IOCase.isCaseSensitive(IOCase) result is backward</title>
                <link>https://issues.apache.org/jira/browse/IO-761</link>
                <project id="12310477" key="IO">Commons IO</project>
                    <description>&lt;p&gt;When the argument is IOCase.SENSITIVE, I think the static method isCaseSensitive should return true.&lt;/p&gt;

&lt;p&gt;I did the following test with the code.&lt;/p&gt;
&lt;div class="code panel" style="border-width: 1px;"&gt;&lt;div class="codeContent panelContent"&gt;
&lt;pre class="code-java"&gt;
&lt;span class="code-keyword"&gt;public&lt;/span&gt; void testIsCaseSensitive() {
  &lt;span class="code-comment"&gt;// &lt;span class="code-keyword"&gt;return&lt;/span&gt; &lt;span class="code-keyword"&gt;true&lt;/span&gt;. I think it is right.
&lt;/span&gt;  &lt;span class="code-object"&gt;boolean&lt;/span&gt; b1 = IOCase.SENSITIVE.isCaseSensitive();
  &lt;span class="code-object"&gt;System&lt;/span&gt;.out.println(b1);

  &lt;span class="code-comment"&gt;// but invoke &lt;span class="code-keyword"&gt;static&lt;/span&gt; method and &lt;span class="code-keyword"&gt;return&lt;/span&gt; &lt;span class="code-keyword"&gt;false&lt;/span&gt;.
&lt;/span&gt;  &lt;span class="code-object"&gt;boolean&lt;/span&gt; b2 = IOCase.isCaseSensitive(IOCase.SENSITIVE);
  &lt;span class="code-object"&gt;System&lt;/span&gt;.out.println(b2);
}&lt;/pre&gt;
&lt;/div&gt;&lt;/div&gt;
&lt;p&gt;&#160;&lt;/p&gt;

&lt;p&gt;&#160;&lt;/p&gt;</description>
                <environment />
        <key id="13426742">IO-761</key>
            <summary>IOCase.isCaseSensitive(IOCase) result is backward</summary>
                <type id="1" iconUrl="https://issues.apache.org/jira/secure/viewavatar?size=xsmall&amp;avatarId=21133&amp;avatarType=issuetype">Bug</type>
                                            <priority id="3" iconUrl="https://issues.apache.org/jira/images/icons/priorities/major.svg">Major</priority>
                        <status id="6" iconUrl="https://issues.apache.org/jira/images/icons/statuses/closed.png" description="The issue is considered finished, the resolution is correct. Issues which are not closed can be reopened.">Closed</status>
                    <statusCategory id="3" key="done" colorName="green" />
                                    <resolution id="1">Fixed</resolution>
                                        <assignee username="-1">Unassigned</assignee>
                                    <reporter username="codeferry">David Huang</reporter>
                        <labels>
                    </labels>
                <created>Sat, 5 Feb 2022 09:14:01 +0000</created>
                <updated>Mon, 7 Feb 2022 00:44:40 +0000</updated>
                            <resolved>Sun, 6 Feb 2022 21:17:55 +0000</resolved>
                                    <version>2.10.0</version>
                    <version>2.11.0</version>
                                    <fixVersion>2.12.0</fixVersion>
                                        <due />
                            <votes>0</votes>
                                    <watches>1</watches>
                                                                <comments>
                            <comment id="17487469" author="JIRAUSER284735" created="Sat, 5 Feb 2022 10:51:42 +0000">&lt;p&gt;I had opened a pull request for discuss.&lt;/p&gt;

&lt;p&gt;&lt;a href="https://github.com/apache/commons-io/pull/325" class="external-link" target="_blank" rel="nofollow noopener"&gt;https://github.com/apache/commons-io/pull/325&lt;/a&gt;&lt;/p&gt;</comment>
                            <comment id="17487766" author="garydgregory" created="Sun, 6 Feb 2022 21:17:55 +0000">&lt;p&gt;&lt;a href="https://issues.apache.org/jira/secure/ViewProfile.jspa?name=codeferry" class="user-hover" rel="codeferry"&gt;codeferry&lt;/a&gt;&#160;&lt;/p&gt;

&lt;p&gt;In git master, please verify and close.&lt;/p&gt;</comment>
                            <comment id="17487809" author="JIRAUSER284735" created="Mon, 7 Feb 2022 00:44:40 +0000">&lt;p&gt;Fixed and will be released in 2.12.0.&lt;/p&gt;</comment>
                    </comments>
                    <attachments>
                    </attachments>
                <subtasks>
                    </subtasks>
                <customfields>
                                                                                                                                                                                                                                                                                                                                                                                                                                                                                                                                                                                                                                                                                                                    <customfield id="customfield_12314020" key="com.atlassian.jira.plugins.jira-development-integration-plugin:devsummary">
                        <customfieldname>Development</customfieldname>
                        <customfieldvalues>
                            
                        </customfieldvalues>
                    </customfield>
                                                                                                                        <customfield id="customfield_12313422" key="com.atlassian.jirafisheyeplugin:jobcheckbox">
                        <customfieldname>Enable Automatic Patch Review</customfieldname>
                        <customfieldvalues>
                            <customfieldvalue>false</customfieldvalue>

                        </customfieldvalues>
                    </customfield>
                                                                                                                                                                                                                                                                                                                                                                                                                                                                                                                                                                                                                                                <customfield id="customfield_12310420" key="com.pyxis.greenhopper.jira:gh-global-rank">
                        <customfieldname>Global Rank</customfieldname>
                        <customfieldvalues>
                            <customfieldvalue>9223372036854775807</customfieldvalue>
                        </customfieldvalues>
                    </customfield>
                                                                                                                                                                                                                                                                                                                                                                                                                                                                        <customfield id="customfield_12311820" key="com.pyxis.greenhopper.jira:gh-lexo-rank">
                        <customfieldname>Rank</customfieldname>
                        <customfieldvalues>
                            <customfieldvalue>0|z0za4o:</customfieldvalue>

                        </customfieldvalues>
                    </customfield>
                                                                <customfield id="customfield_12310920" key="com.pyxis.greenhopper.jira:gh-global-rank">
                        <customfieldname>Rank (Obsolete)</customfieldname>
                        <customfieldvalues>
                            <customfieldvalue>9223372036854775807</customfieldvalue>
                        </customfieldvalues>
                    </customfield>
                                                                                                                                                                                                                                                                                                                                                                                                                                                                                                                                                                                                                                                                                                                                                                                            </customfields>
    </item>


</channel>
</rss>