<rss version="0.92">
    <channel>
        <title>ASF JIRA</title>
        <link>https://issues.apache.org/jira/issues/?jql=project+%3D+IO+and+type+%3D+bug+and+%28status+%3D+RESOLVED+or+status+%3D+closed%29+and+resolution+%3D+Fixed+and+fixVersion+%21%3D+None++and+affectedVersion+%21%3D+None++and+affectedVersion+%21%3D+%22Nightly+Build%22</link>
        <description>An XML representation of a search request</description>
                <language>en-uk</language>
                        <issue start="0" end="164" total="164" />
                <build-info>
            <version>8.20.1</version>
            <build-number>820001</build-number>
            <build-date>28-10-2021</build-date>
        </build-info>

<item>
            <title>[IO-737] RegexFileFilter is broken, matches against path (and not filename)</title>
                <link>https://issues.apache.org/jira/browse/IO-737</link>
                <project id="12310477" key="IO">Commons IO</project>
                    <description>&lt;p&gt;org.apache.commons.io.filefilter.RegexFileFilter.accept(Path, BasicFileAttributes) filters against path&lt;/p&gt;


&lt;p&gt;should be sth like&#160;&lt;br/&gt;
return toFileVisitResult(pattern.matcher(path.getFileName().toString()).matches(), path);&lt;/p&gt;</description>
                <environment />
        <key id="13382465">IO-737</key>
            <summary>RegexFileFilter is broken, matches against path (and not filename)</summary>
                <type id="1" iconUrl="https://issues.apache.org/jira/secure/viewavatar?size=xsmall&amp;avatarId=21133&amp;avatarType=issuetype">Bug</type>
                                            <priority id="3" iconUrl="https://issues.apache.org/jira/images/icons/priorities/major.svg">Major</priority>
                        <status id="5" iconUrl="https://issues.apache.org/jira/images/icons/statuses/resolved.png" description="A resolution has been taken, and it is awaiting verification by reporter. From here issues are either reopened, or are closed.">Resolved</status>
                    <statusCategory id="3" key="done" colorName="green" />
                                    <resolution id="1">Fixed</resolution>
                                        <assignee username="-1">Unassigned</assignee>
                                    <reporter username="dr.z">Dominik Reinarz</reporter>
                        <labels>
                    </labels>
                <created>Mon, 7 Jun 2021 12:28:18 +0000</created>
                <updated>Mon, 7 Jun 2021 13:10:30 +0000</updated>
                            <resolved>Mon, 7 Jun 2021 12:38:29 +0000</resolved>
                                    <version>2.9.0</version>
                                    <fixVersion>2.10.0</fixVersion>
                                    <component>Filters</component>
                        <due />
                            <votes>0</votes>
                                    <watches>2</watches>
                                                                <comments>
                            <comment id="17358567" author="garydgregory" created="Mon, 7 Jun 2021 12:38:29 +0000">&lt;p&gt;Please don't create duplicate tickets.&lt;/p&gt;</comment>
                            <comment id="17358583" author="jbonofre" created="Mon, 7 Jun 2021 13:10:30 +0000">&lt;p&gt;Sorry about that, it was not obvious to me that &lt;a href="https://issues.apache.org/jira/browse/IO-733" title="RegexFileFilter uses the path and file name instead of just the file name." class="issue-link" data-issue-key="IO-733"&gt;&lt;del&gt;IO-733&lt;/del&gt;&lt;/a&gt; is related to OSGi headers &lt;img class="emoticon" src="https://issues.apache.org/jira/images/icons/emoticons/wink.png" height="16" width="16" align="absmiddle" alt="" border="0"/&gt;&lt;/p&gt;</comment>
                    </comments>
                <issuelinks>
                            <issuelinktype id="12310000">
                    <name>Duplicate</name>
                                            <outwardlinks description="duplicates">
                                        <issuelink>
            <issuekey id="13380861">IO-733</issuekey>
        </issuelink>
                            </outwardlinks>
                                                        </issuelinktype>
                    </issuelinks>
                <attachments>
                    </attachments>
                <subtasks>
                    </subtasks>
                <customfields>
                                                                                                                                                                                                                                                                                                                                                                                                                                                                                                                                                                                                                                                                                                                    <customfield id="customfield_12314020" key="com.atlassian.jira.plugins.jira-development-integration-plugin:devsummary">
                        <customfieldname>Development</customfieldname>
                        <customfieldvalues>
                            
                        </customfieldvalues>
                    </customfield>
                                                                                                                        <customfield id="customfield_12313422" key="com.atlassian.jirafisheyeplugin:jobcheckbox">
                        <customfieldname>Enable Automatic Patch Review</customfieldname>
                        <customfieldvalues>
                            <customfieldvalue>false</customfieldvalue>

                        </customfieldvalues>
                    </customfield>
                                                                                                                                                                                                                                                                                                                                                                                                                                                                                                                                                                                                                                                <customfield id="customfield_12310420" key="com.pyxis.greenhopper.jira:gh-global-rank">
                        <customfieldname>Global Rank</customfieldname>
                        <customfieldvalues>
                            <customfieldvalue>9223372036854775807</customfieldvalue>
                        </customfieldvalues>
                    </customfield>
                                                                                                                                                                                                                                                                                                                                                                                                                                                                        <customfield id="customfield_12311820" key="com.pyxis.greenhopper.jira:gh-lexo-rank">
                        <customfieldname>Rank</customfieldname>
                        <customfieldvalues>
                            <customfieldvalue>0|z0rpwg:</customfieldvalue>

                        </customfieldvalues>
                    </customfield>
                                                                <customfield id="customfield_12310920" key="com.pyxis.greenhopper.jira:gh-global-rank">
                        <customfieldname>Rank (Obsolete)</customfieldname>
                        <customfieldvalues>
                            <customfieldvalue>9223372036854775807</customfieldvalue>
                        </customfieldvalues>
                    </customfield>
                                                                                                                                                                                                                                                                                                                                                                                                                                                                                                                                                                                                                                                                                                                                                                                            </customfields>
    </item>


</channel>
</rss>