<rss version="0.92">
    <channel>
        <title>ASF JIRA</title>
        <link>https://issues.apache.org/jira/issues/?jql=project+%3D+IO+and+type+%3D+bug+and+%28status+%3D+RESOLVED+or+status+%3D+closed%29+and+resolution+%3D+Fixed+and+fixVersion+%21%3D+None++and+affectedVersion+%21%3D+None++and+affectedVersion+%21%3D+%22Nightly+Build%22</link>
        <description>An XML representation of a search request</description>
                <language>en-uk</language>
                        <issue start="0" end="164" total="164" />
                <build-info>
            <version>8.20.1</version>
            <build-number>820001</build-number>
            <build-date>28-10-2021</build-date>
        </build-info>

<item>
            <title>[IO-748] FileUtils.moveToDirectory() exception documentation and exception message error</title>
                <link>https://issues.apache.org/jira/browse/IO-748</link>
                <project id="12310477" key="IO">Commons IO</project>
                    <description>&lt;p&gt;When executing&lt;/p&gt;
&lt;div class="code panel" style="border-width: 1px;"&gt;&lt;div class="codeContent panelContent"&gt;
&lt;pre class="code-java"&gt;
FileUtils.moveToDirectory(&lt;span class="code-keyword"&gt;new&lt;/span&gt; File(&lt;span class="code-quote"&gt;'foobarbaz'&lt;/span&gt;), &lt;span class="code-keyword"&gt;new&lt;/span&gt; File(&lt;span class="code-quote"&gt;'/tmp'&lt;/span&gt;), &lt;span class="code-keyword"&gt;false&lt;/span&gt;)&lt;/pre&gt;
&lt;/div&gt;&lt;/div&gt;
&lt;p&gt;while "foobarbaz" doesn't exist, I get&lt;/p&gt;
&lt;div class="code panel" style="border-width: 1px;"&gt;&lt;div class="codeContent panelContent"&gt;
&lt;pre class="code-java"&gt;
java.io.FileNotFoundException: Source &lt;span class="code-quote"&gt;'foobarbaz'&lt;/span&gt; does not exist &lt;/pre&gt;
&lt;/div&gt;&lt;/div&gt;
&lt;p&gt;but the documentation doesn't mention "FileNotFoundException".&lt;/p&gt;

&lt;p&gt;OTOH, if "foobarbaz" exists both as source and in the destination directory, I get&lt;/p&gt;
&lt;div class="code panel" style="border-width: 1px;"&gt;&lt;div class="codeContent panelContent"&gt;
&lt;pre class="code-java"&gt;
org.apache.commons.io.FileExistsException: File element in parameter &lt;span class="code-quote"&gt;'&lt;span class="code-keyword"&gt;null&lt;/span&gt;'&lt;/span&gt; already exists: &lt;span class="code-quote"&gt;'/tmp/foobarbaz'&lt;/span&gt;
&lt;/pre&gt;
&lt;/div&gt;&lt;/div&gt;
&lt;p&gt;What's that "parameter 'null'"?&lt;/p&gt;</description>
                <environment />
        <key id="13399588">IO-748</key>
            <summary>FileUtils.moveToDirectory() exception documentation and exception message error</summary>
                <type id="1" iconUrl="https://issues.apache.org/jira/secure/viewavatar?size=xsmall&amp;avatarId=21133&amp;avatarType=issuetype">Bug</type>
                                            <priority id="3" iconUrl="https://issues.apache.org/jira/images/icons/priorities/major.svg">Major</priority>
                        <status id="5" iconUrl="https://issues.apache.org/jira/images/icons/statuses/resolved.png" description="A resolution has been taken, and it is awaiting verification by reporter. From here issues are either reopened, or are closed.">Resolved</status>
                    <statusCategory id="3" key="done" colorName="green" />
                                    <resolution id="1">Fixed</resolution>
                                        <assignee username="-1">Unassigned</assignee>
                                    <reporter username="Heinrichs">Dirk Heinrichs</reporter>
                        <labels>
                    </labels>
                <created>Mon, 6 Sep 2021 13:28:13 +0000</created>
                <updated>Tue, 14 Sep 2021 00:29:01 +0000</updated>
                            <resolved>Tue, 14 Sep 2021 00:29:01 +0000</resolved>
                                    <version>2.11.0</version>
                                    <fixVersion>2.12.0</fixVersion>
                                    <component>Utilities</component>
                        <due />
                            <votes>0</votes>
                                    <watches>2</watches>
                                            <timeestimate seconds="0">0h</timeestimate>
                            <timespent seconds="2400">40m</timespent>
                                <comments>
                            <comment id="17410630" author="garydgregory" created="Mon, 6 Sep 2021 14:18:24 +0000">&lt;p&gt;That should be "destFile" instead of "null". Fixed in git master.&lt;/p&gt;

&lt;p&gt;Please verify and close.&lt;/p&gt;

&lt;p&gt;&#160;&lt;/p&gt;</comment>
                            <comment id="17410925" author="heinrichs" created="Tue, 7 Sep 2021 05:30:19 +0000">&lt;p&gt;Thanks, but that's only one part. What about the missing exception in the documentation?&lt;/p&gt;</comment>
                            <comment id="17411135" author="garydgregory" created="Tue, 7 Sep 2021 11:27:32 +0000">&lt;p&gt;Hi&#160;&lt;a href="https://issues.apache.org/jira/secure/ViewProfile.jspa?name=Heinrichs" class="user-hover" rel="Heinrichs"&gt;Heinrichs&lt;/a&gt;&lt;/p&gt;

&lt;p&gt;Feel free to provide a PR on GitHub &lt;img class="emoticon" src="https://issues.apache.org/jira/images/icons/emoticons/wink.png" height="16" width="16" align="absmiddle" alt="" border="0"/&gt;&lt;/p&gt;

&lt;p&gt;&#160;&lt;/p&gt;</comment>
                            <comment id="17411145" author="heinrichs" created="Tue, 7 Sep 2021 11:38:38 +0000">&lt;p&gt;How could I? I don't know the code, so how could I fix its documentation?&lt;/p&gt;</comment>
                            <comment id="17413508" author="elangoravi" created="Sat, 11 Sep 2021 11:11:06 +0000">&lt;p&gt;I've included the exception in the documentation and raised a PR for it. Since it is my first contribution in OSS, kindly review and let me know for any changes.&lt;/p&gt;

&lt;p&gt;cc. &lt;a href="https://issues.apache.org/jira/secure/ViewProfile.jspa?name=ggregory" class="user-hover" rel="ggregory"&gt;ggregory&lt;/a&gt;&lt;/p&gt;</comment>
                            <comment id="17414651" author="garydgregory" created="Tue, 14 Sep 2021 00:29:01 +0000">&lt;p&gt;Please see git master.&#160;&lt;/p&gt;</comment>
                    </comments>
                    <attachments>
                    </attachments>
                <subtasks>
                    </subtasks>
                <customfields>
                                                                                                                                                                                                                                                                                                                                                                                                                                                                                                                                                                                                                                                                                                                    <customfield id="customfield_12314020" key="com.atlassian.jira.plugins.jira-development-integration-plugin:devsummary">
                        <customfieldname>Development</customfieldname>
                        <customfieldvalues>
                            
                        </customfieldvalues>
                    </customfield>
                                                                                                                        <customfield id="customfield_12313422" key="com.atlassian.jirafisheyeplugin:jobcheckbox">
                        <customfieldname>Enable Automatic Patch Review</customfieldname>
                        <customfieldvalues>
                            <customfieldvalue>false</customfieldvalue>

                        </customfieldvalues>
                    </customfield>
                                                                                                                                                                                                                                                                                                                                                                                                                                                                                                                                                                                                                                                <customfield id="customfield_12310420" key="com.pyxis.greenhopper.jira:gh-global-rank">
                        <customfieldname>Global Rank</customfieldname>
                        <customfieldvalues>
                            <customfieldvalue>9223372036854775807</customfieldvalue>
                        </customfieldvalues>
                    </customfield>
                                                                                                                                                                                                                                                                                                                                                                                                                                                                        <customfield id="customfield_12311820" key="com.pyxis.greenhopper.jira:gh-lexo-rank">
                        <customfieldname>Rank</customfieldname>
                        <customfieldvalues>
                            <customfieldvalue>0|z0ung8:</customfieldvalue>

                        </customfieldvalues>
                    </customfield>
                                                                <customfield id="customfield_12310920" key="com.pyxis.greenhopper.jira:gh-global-rank">
                        <customfieldname>Rank (Obsolete)</customfieldname>
                        <customfieldvalues>
                            <customfieldvalue>9223372036854775807</customfieldvalue>
                        </customfieldvalues>
                    </customfield>
                                                                                                                                                                                                                                                                                                                                                                                                                                                                                                                                                                                                                                                                                                                                                                                            </customfields>
    </item>


</channel>
</rss>