<rss version="0.92">
    <channel>
        <title>ASF JIRA</title>
        <link>https://issues.apache.org/jira/issues/?jql=project+%3D+IO+and+type+%3D+bug+and+%28status+%3D+RESOLVED+or+status+%3D+closed%29+and+resolution+%3D+Fixed+and+fixVersion+%21%3D+None++and+affectedVersion+%21%3D+None++and+affectedVersion+%21%3D+%22Nightly+Build%22</link>
        <description>An XML representation of a search request</description>
                <language>en-uk</language>
                        <issue start="0" end="164" total="164" />
                <build-info>
            <version>8.20.1</version>
            <build-number>820001</build-number>
            <build-date>28-10-2021</build-date>
        </build-info>

<item>
            <title>[IO-740] RegexFileFilter matches on full path instead of filename</title>
                <link>https://issues.apache.org/jira/browse/IO-740</link>
                <project id="12310477" key="IO">Commons IO</project>
                    <description>&lt;p&gt;org.apache.commons.io.filefilter.RegexFileFilter#accept(java.nio.file.Path, java.nio.file.attribute.BasicFileAttributes) is a new method added in 2.9.0 and it's javadoc states:&#160;&lt;/p&gt;


&lt;div class="code panel" style="border-width: 1px;"&gt;&lt;div class="codeContent panelContent"&gt;
&lt;pre class="code-java"&gt;
/**
 * Checks to see &lt;span class="code-keyword"&gt;if&lt;/span&gt; the file name matches one of the regular expressions.
 *
 * @param path the path
 * @param attributes the path attributes
 * @&lt;span class="code-keyword"&gt;return&lt;/span&gt; &lt;span class="code-keyword"&gt;true&lt;/span&gt; &lt;span class="code-keyword"&gt;if&lt;/span&gt; the file name matches one of the regular expressions
 */
&lt;/pre&gt;
&lt;/div&gt;&lt;/div&gt;
&lt;p&gt;However in it's implementation:&#160;&lt;/p&gt;
&lt;div class="code panel" style="border-width: 1px;"&gt;&lt;div class="codeContent panelContent"&gt;
&lt;pre class="code-java"&gt;
&lt;span class="code-keyword"&gt;return&lt;/span&gt; toFileVisitResult(pattern.matcher(path.toString()).matches(), path);
&lt;/pre&gt;
&lt;/div&gt;&lt;/div&gt;
&lt;p&gt;it matches on path.toString() which will be the full path instead of the filename.&lt;/p&gt;

&lt;p&gt;&#160;&lt;/p&gt;

&lt;p&gt;This is also inconsistent with the other method &#160;org.apache.commons.io.filefilter.RegexFileFilter#accept(java.io.File, java.lang.String) which does match only on filename.&lt;/p&gt;</description>
                <environment />
        <key id="13383366">IO-740</key>
            <summary>RegexFileFilter matches on full path instead of filename</summary>
                <type id="1" iconUrl="https://issues.apache.org/jira/secure/viewavatar?size=xsmall&amp;avatarId=21133&amp;avatarType=issuetype">Bug</type>
                                            <priority id="4" iconUrl="https://issues.apache.org/jira/images/icons/priorities/minor.svg">Minor</priority>
                        <status id="5" iconUrl="https://issues.apache.org/jira/images/icons/statuses/resolved.png" description="A resolution has been taken, and it is awaiting verification by reporter. From here issues are either reopened, or are closed.">Resolved</status>
                    <statusCategory id="3" key="done" colorName="green" />
                                    <resolution id="1">Fixed</resolution>
                                        <assignee username="-1">Unassigned</assignee>
                                    <reporter username="tomjo">Tom Jorissen</reporter>
                        <labels>
                    </labels>
                <created>Fri, 11 Jun 2021 09:37:05 +0000</created>
                <updated>Fri, 11 Jun 2021 13:01:47 +0000</updated>
                            <resolved>Fri, 11 Jun 2021 12:24:03 +0000</resolved>
                                    <version>2.9.0</version>
                                    <fixVersion>2.10.0</fixVersion>
                                    <component>Filters</component>
                        <due />
                            <votes>0</votes>
                                    <watches>1</watches>
                                                                <comments>
                            <comment id="17361697" author="garydgregory" created="Fri, 11 Jun 2021 12:24:03 +0000">&lt;p&gt;Please check Jira before creating a duplicate ticket.&lt;/p&gt;

&lt;p&gt;Please test with git master and reopen this issue if this does not address your use case.&lt;/p&gt;</comment>
                            <comment id="17361744" author="tomjo" created="Fri, 11 Jun 2021 13:01:47 +0000">&lt;p&gt;Sorry, I searched for issues with RegexFileFilter before and nothing showed up but now I see multiple..&lt;/p&gt;</comment>
                    </comments>
                <issuelinks>
                            <issuelinktype id="12310000">
                    <name>Duplicate</name>
                                            <outwardlinks description="duplicates">
                                        <issuelink>
            <issuekey id="13380861">IO-733</issuekey>
        </issuelink>
                            </outwardlinks>
                                                        </issuelinktype>
                    </issuelinks>
                <attachments>
                    </attachments>
                <subtasks>
                    </subtasks>
                <customfields>
                                                                                                                                                                                                                                                                                                                                                                                                                                                                                                                                                                                                                                                                                                                    <customfield id="customfield_12314020" key="com.atlassian.jira.plugins.jira-development-integration-plugin:devsummary">
                        <customfieldname>Development</customfieldname>
                        <customfieldvalues>
                            
                        </customfieldvalues>
                    </customfield>
                                                                                                                        <customfield id="customfield_12313422" key="com.atlassian.jirafisheyeplugin:jobcheckbox">
                        <customfieldname>Enable Automatic Patch Review</customfieldname>
                        <customfieldvalues>
                            <customfieldvalue>false</customfieldvalue>

                        </customfieldvalues>
                    </customfield>
                                                                                                                                                                                                                                                                                                                                                                                                                                                                                                                                                                                                                                                <customfield id="customfield_12310420" key="com.pyxis.greenhopper.jira:gh-global-rank">
                        <customfieldname>Global Rank</customfieldname>
                        <customfieldvalues>
                            <customfieldvalue>9223372036854775807</customfieldvalue>
                        </customfieldvalues>
                    </customfield>
                                                                                                                                                                                                                                                                                                                                                                                                                                                                        <customfield id="customfield_12311820" key="com.pyxis.greenhopper.jira:gh-lexo-rank">
                        <customfieldname>Rank</customfieldname>
                        <customfieldvalues>
                            <customfieldvalue>0|z0rvg8:</customfieldvalue>

                        </customfieldvalues>
                    </customfield>
                                                                <customfield id="customfield_12310920" key="com.pyxis.greenhopper.jira:gh-global-rank">
                        <customfieldname>Rank (Obsolete)</customfieldname>
                        <customfieldvalues>
                            <customfieldvalue>9223372036854775807</customfieldvalue>
                        </customfieldvalues>
                    </customfield>
                                                                                                                                                                                                                                                                                                                                                                                                                                                                                                                                                                                                                                                                                                                                                                                            </customfields>
    </item>


</channel>
</rss>