<rss version="0.92">
    <channel>
        <title>ASF JIRA</title>
        <link>https://issues.apache.org/jira/issues/?jql=project+%3D+IO+and+type+%3D+bug+and+%28status+%3D+RESOLVED+or+status+%3D+closed%29+and+resolution+%3D+Fixed+and+fixVersion+%21%3D+None++and+affectedVersion+%21%3D+None++and+affectedVersion+%21%3D+%22Nightly+Build%22</link>
        <description>An XML representation of a search request</description>
                <language>en-uk</language>
                        <issue start="0" end="164" total="164" />
                <build-info>
            <version>8.20.1</version>
            <build-number>820001</build-number>
            <build-date>28-10-2021</build-date>
        </build-info>

<item>
            <title>[IO-713] ReaderInputStream documentation regarding available() is incorrect</title>
                <link>https://issues.apache.org/jira/browse/IO-713</link>
                <project id="12310477" key="IO">Commons IO</project>
                    <description>&lt;p&gt;The documentation for &lt;tt&gt;org.apache.commons.io.input.ReaderInputStream&lt;/tt&gt; says:&lt;/p&gt;
&lt;blockquote&gt;
&lt;p&gt;Given the fact that the Reader class doesn't provide any way to predict whether the next read operation will block or not, it is not possible to provide a meaningful implementation of the InputStream.available() method. A call to this method will always return 0.&lt;/p&gt;&lt;/blockquote&gt;

&lt;p&gt;However, &lt;tt&gt;Reader&lt;/tt&gt; does actually provide such functionality: &lt;a href="https://docs.oracle.com/en/java/javase/11/docs/api/java.base/java/io/Reader.html#ready()" class="external-link" target="_blank" rel="nofollow noopener"&gt;&lt;tt&gt;Reader.ready()&lt;/tt&gt;&lt;/a&gt;.&lt;/p&gt;

&lt;p&gt;But properly implementing &lt;tt&gt;available()&lt;/tt&gt; might be tricky, see &lt;a href="https://github.com/google/guava/pull/5397" class="external-link" target="_blank" rel="nofollow noopener"&gt;related Guava pull request&lt;/a&gt;.&lt;br/&gt;
Therefore it might be easiest to change the documentation, stating that &lt;tt&gt;available()&lt;/tt&gt; always returns 0 without providing a reason for it.&lt;br/&gt;
Or &lt;tt&gt;available()&lt;/tt&gt; could at least return a result based on &lt;tt&gt;encoderOut&lt;/tt&gt;.&lt;/p&gt;</description>
                <environment />
        <key id="13356344">IO-713</key>
            <summary>ReaderInputStream documentation regarding available() is incorrect</summary>
                <type id="1" iconUrl="https://issues.apache.org/jira/secure/viewavatar?size=xsmall&amp;avatarId=21133&amp;avatarType=issuetype">Bug</type>
                                            <priority id="4" iconUrl="https://issues.apache.org/jira/images/icons/priorities/minor.svg">Minor</priority>
                        <status id="5" iconUrl="https://issues.apache.org/jira/images/icons/statuses/resolved.png" description="A resolution has been taken, and it is awaiting verification by reporter. From here issues are either reopened, or are closed.">Resolved</status>
                    <statusCategory id="3" key="done" colorName="green" />
                                    <resolution id="1">Fixed</resolution>
                                        <assignee username="-1">Unassigned</assignee>
                                    <reporter username="Marcono1234">Marcono1234</reporter>
                        <labels>
                    </labels>
                <created>Wed, 3 Feb 2021 02:40:43 +0000</created>
                <updated>Mon, 7 Feb 2022 19:25:57 +0000</updated>
                            <resolved>Mon, 7 Feb 2022 19:25:57 +0000</resolved>
                                    <version>2.8.0</version>
                                    <fixVersion>2.12.0</fixVersion>
                                    <component>Streams/Writers</component>
                        <due />
                            <votes>0</votes>
                                    <watches>2</watches>
                                                                <comments>
                            <comment id="17301197" author="garydgregory" created="Sun, 14 Mar 2021 16:37:50 +0000">&lt;p&gt;&lt;a href="https://issues.apache.org/jira/secure/ViewProfile.jspa?name=Marcono1234" class="user-hover" rel="Marcono1234"&gt;Marcono1234&lt;/a&gt;&lt;/p&gt;

&lt;p&gt;PRs welcome! &lt;img class="emoticon" src="https://issues.apache.org/jira/images/icons/emoticons/smile.png" height="16" width="16" align="absmiddle" alt="" border="0"/&gt;&lt;/p&gt;</comment>
                            <comment id="17436511" author="marcono1234" created="Sun, 31 Oct 2021 17:19:28 +0000">&lt;p&gt;Sorry for the delay; I have created &lt;a href="https://github.com/apache/commons-io/pull/291" class="external-link" target="_blank" rel="nofollow noopener"&gt;https://github.com/apache/commons-io/pull/291&lt;/a&gt; for this now.&lt;/p&gt;</comment>
                            <comment id="17488385" author="garydgregory" created="Mon, 7 Feb 2022 19:25:57 +0000">&lt;p&gt;&lt;a href="https://issues.apache.org/jira/secure/ViewProfile.jspa?name=Marcono1234" class="user-hover" rel="Marcono1234"&gt;Marcono1234&lt;/a&gt;&#160;&lt;/p&gt;

&lt;p&gt;Please verify git master and close.&lt;/p&gt;</comment>
                    </comments>
                    <attachments>
                    </attachments>
                <subtasks>
                    </subtasks>
                <customfields>
                                                                                                                                                                                                                                                                                                                                                                                                                                                                                                                                                                                                                                                                                                                    <customfield id="customfield_12314020" key="com.atlassian.jira.plugins.jira-development-integration-plugin:devsummary">
                        <customfieldname>Development</customfieldname>
                        <customfieldvalues>
                            
                        </customfieldvalues>
                    </customfield>
                                                                                                                        <customfield id="customfield_12313422" key="com.atlassian.jirafisheyeplugin:jobcheckbox">
                        <customfieldname>Enable Automatic Patch Review</customfieldname>
                        <customfieldvalues>
                            <customfieldvalue>false</customfieldvalue>

                        </customfieldvalues>
                    </customfield>
                                                                                                                                                                                                                                                                                                                                                                                                                                                                                                                                                                                                                                                <customfield id="customfield_12310420" key="com.pyxis.greenhopper.jira:gh-global-rank">
                        <customfieldname>Global Rank</customfieldname>
                        <customfieldvalues>
                            <customfieldvalue>9223372036854775807</customfieldvalue>
                        </customfieldvalues>
                    </customfield>
                                                                                                                                                                                                                                                                                                                                                                                                                                                                        <customfield id="customfield_12311820" key="com.pyxis.greenhopper.jira:gh-lexo-rank">
                        <customfieldname>Rank</customfieldname>
                        <customfieldvalues>
                            <customfieldvalue>0|z0nacw:</customfieldvalue>

                        </customfieldvalues>
                    </customfield>
                                                                <customfield id="customfield_12310920" key="com.pyxis.greenhopper.jira:gh-global-rank">
                        <customfieldname>Rank (Obsolete)</customfieldname>
                        <customfieldvalues>
                            <customfieldvalue>9223372036854775807</customfieldvalue>
                        </customfieldvalues>
                    </customfield>
                                                                                                                                                                                                                                                                                                                                                                                                                                                                                                                                                                                                                                                                                                                                                                                            </customfields>
    </item>


</channel>
</rss>