<rss version="0.92">
    <channel>
        <title>ASF JIRA</title>
        <link>https://issues.apache.org/jira/issues/?jql=project+%3D+IO+and+type+%3D+bug+and+%28status+%3D+RESOLVED+or+status+%3D+closed%29+and+resolution+%3D+Fixed+and+fixVersion+%21%3D+None++and+affectedVersion+%21%3D+None++and+affectedVersion+%21%3D+%22Nightly+Build%22</link>
        <description>An XML representation of a search request</description>
                <language>en-uk</language>
                        <issue start="0" end="164" total="164" />
                <build-info>
            <version>8.20.1</version>
            <build-number>820001</build-number>
            <build-date>28-10-2021</build-date>
        </build-info>

<item>
            <title>[IO-750] FileUtils.iterateFiles also lists directories</title>
                <link>https://issues.apache.org/jira/browse/IO-750</link>
                <project id="12310477" key="IO">Commons IO</project>
                    <description>&lt;p&gt;After updating commons-io from 2.8.0 to 2.9.0 the method FileUtils.iterateFiles also returns directories.&lt;/p&gt;

&lt;p&gt;Codeexample:&lt;/p&gt;

&lt;div class="code panel" style="border-width: 1px;"&gt;&lt;div class="codeContent panelContent"&gt;
&lt;pre class="code-java"&gt;
        &lt;span class="code-keyword"&gt;final&lt;/span&gt; File directory = &lt;span class="code-keyword"&gt;new&lt;/span&gt; File(FileUtils.getTempDirectory(), &lt;span class="code-quote"&gt;"TEST"&lt;/span&gt;);
        directory.mkdir();
        &lt;span class="code-keyword"&gt;new&lt;/span&gt; File(directory, &lt;span class="code-quote"&gt;"TEST"&lt;/span&gt;).mkdir();
        &lt;span class="code-keyword"&gt;new&lt;/span&gt; File(directory, &lt;span class="code-quote"&gt;"test.txt"&lt;/span&gt;).createNewFile();

        &lt;span class="code-keyword"&gt;final&lt;/span&gt; IOFileFilter filter = &lt;span class="code-keyword"&gt;new&lt;/span&gt; WildcardFileFilter(&lt;span class="code-quote"&gt;"*"&lt;/span&gt;, IOCase.INSENSITIVE);
        &lt;span class="code-keyword"&gt;for&lt;/span&gt; (&lt;span class="code-keyword"&gt;final&lt;/span&gt; Iterator&amp;lt;File&amp;gt; itFiles = FileUtils.iterateFiles(directory, filter, &lt;span class="code-keyword"&gt;null&lt;/span&gt;); itFiles
                .hasNext();) {
            &lt;span class="code-keyword"&gt;final&lt;/span&gt; File file = itFiles.next();
            &lt;span class="code-object"&gt;System&lt;/span&gt;.out.println(file.getAbsolutePath());
        }
&lt;/pre&gt;
&lt;/div&gt;&lt;/div&gt;

&lt;p&gt;result in version 2.8.0:&lt;/p&gt;
&lt;div class="preformatted panel" style="border-width: 1px;"&gt;&lt;div class="preformattedContent panelContent"&gt;
&lt;pre&gt;/tmp/TEST/test.txt
&lt;/pre&gt;
&lt;/div&gt;&lt;/div&gt;

&lt;p&gt;result from version 2.9.0:&lt;/p&gt;
&lt;div class="preformatted panel" style="border-width: 1px;"&gt;&lt;div class="preformattedContent panelContent"&gt;
&lt;pre&gt;/tmp/TEST/test.txt
/tmp/TEST/TEST
&lt;/pre&gt;
&lt;/div&gt;&lt;/div&gt;

&lt;p&gt;iterateFiles shouldn't return directories.&lt;/p&gt;</description>
                <environment />
        <key id="13402434">IO-750</key>
            <summary>FileUtils.iterateFiles also lists directories</summary>
                <type id="1" iconUrl="https://issues.apache.org/jira/secure/viewavatar?size=xsmall&amp;avatarId=21133&amp;avatarType=issuetype">Bug</type>
                                            <priority id="3" iconUrl="https://issues.apache.org/jira/images/icons/priorities/major.svg">Major</priority>
                        <status id="6" iconUrl="https://issues.apache.org/jira/images/icons/statuses/closed.png" description="The issue is considered finished, the resolution is correct. Issues which are not closed can be reopened.">Closed</status>
                    <statusCategory id="3" key="done" colorName="green" />
                                    <resolution id="1">Fixed</resolution>
                                        <assignee username="-1">Unassigned</assignee>
                                    <reporter username="sgessner">Sita Ge&#223;ner</reporter>
                        <labels>
                    </labels>
                <created>Tue, 21 Sep 2021 10:15:15 +0000</created>
                <updated>Mon, 27 Sep 2021 05:37:45 +0000</updated>
                            <resolved>Sun, 26 Sep 2021 14:17:48 +0000</resolved>
                                    <version>2.9.0</version>
                                    <fixVersion>2.12.0</fixVersion>
                                        <due />
                            <votes>1</votes>
                                    <watches>3</watches>
                                                                <comments>
                            <comment id="17418046" author="sepe81" created="Tue, 21 Sep 2021 11:11:43 +0000">&lt;p&gt;I can confirm that with version 2.11.0 too.&lt;br/&gt;
Maybe it has something to do with changes from commit &lt;a href="https://github.com/apache/commons-io/commit/4a514d3306b55b3667d1449ebd4cbe5f19dd7af0" class="external-link" target="_blank" rel="nofollow noopener"&gt;https://github.com/apache/commons-io/commit/4a514d3306b55b3667d1449ebd4cbe5f19dd7af0&lt;/a&gt; ?&lt;/p&gt;</comment>
                            <comment id="17418272" author="garydgregory" created="Tue, 21 Sep 2021 18:34:52 +0000">&lt;p&gt;Hi &lt;a href="https://issues.apache.org/jira/secure/ViewProfile.jspa?name=xf01213" class="user-hover" rel="xf01213"&gt;xf01213&lt;/a&gt; &amp;amp; &lt;a href="https://issues.apache.org/jira/secure/ViewProfile.jspa?name=sepe81" class="user-hover" rel="sepe81"&gt;sepe81&lt;/a&gt;:&lt;/p&gt;

&lt;p&gt;If you want to exclude directories, you'll need to use&#160;WildcardFilter: &lt;a href="https://javadoc.io/doc/commons-io/commons-io/2.8.0/org/apache/commons/io/filefilter/WildcardFilter.html" class="external-link" target="_blank" rel="nofollow noopener"&gt;https://javadoc.io/doc/commons-io/commons-io/2.8.0/org/apache/commons/io/filefilter/WildcardFilter.html&lt;/a&gt;&lt;/p&gt;

&lt;p&gt;The newer class&#160;WildcardFileFilter was always documented to select files and directories: &lt;a href="https://javadoc.io/doc/commons-io/commons-io/2.8.0/org/apache/commons/io/filefilter/WildcardFileFilter.html" class="external-link" target="_blank" rel="nofollow noopener"&gt;https://javadoc.io/doc/commons-io/commons-io/2.8.0/org/apache/commons/io/filefilter/WildcardFileFilter.html&lt;/a&gt;:&lt;/p&gt;

&lt;p&gt;"This filter selects files and directories based on one or more wildcards."&lt;/p&gt;

&lt;p&gt;It looks to have been documented as such as far back as 1.3.2, which is as old as javadoc.io seems to go: &lt;a href="https://javadoc.io/doc/commons-io/commons-io/1.3.2/org/apache/commons/io/filefilter/WildcardFileFilter.html" class="external-link" target="_blank" rel="nofollow noopener"&gt;https://javadoc.io/doc/commons-io/commons-io/1.3.2/org/apache/commons/io/filefilter/WildcardFileFilter.html&lt;/a&gt;&lt;/p&gt;

&lt;p&gt;This looks to be the case that the code was not properly tested.&lt;/p&gt;

&lt;p&gt;&#160;&lt;/p&gt;

&lt;p&gt;&#160;&lt;/p&gt;</comment>
                            <comment id="17418438" author="sgessner" created="Wed, 22 Sep 2021 06:34:27 +0000">&lt;p&gt;Hi &lt;a href="https://issues.apache.org/jira/secure/ViewProfile.jspa?name=ggregory" class="user-hover" rel="ggregory"&gt;ggregory&lt;/a&gt;,&lt;/p&gt;

&lt;p&gt;WildcardFilter is marked as deprecated with the deprecationnote to use WildcardFileFilter.&lt;/p&gt;

&lt;p&gt;I think FileUtils.iterateFiles should never return directories. The javadoc says:&lt;/p&gt;

&lt;div class="preformatted panel" style="border-width: 1px;"&gt;&lt;div class="preformattedContent panelContent"&gt;
&lt;pre&gt;Iterates over the files in given directory (and optionally its subdirectories)
&lt;/pre&gt;
&lt;/div&gt;&lt;/div&gt;

&lt;p&gt;The WildcardFileFilter * should be interpreted as "all files". It can be checked with &lt;/p&gt;

&lt;div class="code panel" style="border-width: 1px;"&gt;&lt;div class="codeContent panelContent"&gt;
&lt;pre class="code-java"&gt;
!file.isDirectory()
&lt;/pre&gt;
&lt;/div&gt;&lt;/div&gt;
</comment>
                            <comment id="17420301" author="garydgregory" created="Sun, 26 Sep 2021 14:17:40 +0000">&lt;p&gt;Hi &lt;a href="https://issues.apache.org/jira/secure/ViewProfile.jspa?name=sgessner" class="user-hover" rel="sgessner"&gt;sgessner&lt;/a&gt;, &lt;a href="https://issues.apache.org/jira/secure/ViewProfile.jspa?name=sepe81" class="user-hover" rel="sepe81"&gt;sepe81&lt;/a&gt;, &amp;amp; All:&lt;/p&gt;

&lt;p&gt;I fixed the API that is explicitly documented to list files: &lt;tt&gt;FileUtils.listFiles(File, IOFileFilter, IOFileFilter)&lt;/tt&gt; which is in turn called by other &lt;tt&gt;FileUtils&lt;/tt&gt; APIs. Please verify git master or a SNAPSHOT build and close and/or comment.&lt;/p&gt;

&lt;p&gt;&#160;&lt;/p&gt;</comment>
                            <comment id="17420487" author="sgessner" created="Mon, 27 Sep 2021 05:37:45 +0000">&lt;p&gt;Hi &lt;a href="https://issues.apache.org/jira/secure/ViewProfile.jspa?name=ggregory" class="user-hover" rel="ggregory"&gt;ggregory&lt;/a&gt;&lt;/p&gt;

&lt;p&gt;I reviewed you're commit on github.&lt;br/&gt;
The changes and tests are reasonable.&lt;/p&gt;

&lt;p&gt;Thanks for fixing this issue so quickly.&lt;/p&gt;</comment>
                    </comments>
                    <attachments>
                    </attachments>
                <subtasks>
                    </subtasks>
                <customfields>
                                                                                                                                                                                                                                                                                                                                                                                                                                                                                                                                                                                                                                                                                                                    <customfield id="customfield_12314020" key="com.atlassian.jira.plugins.jira-development-integration-plugin:devsummary">
                        <customfieldname>Development</customfieldname>
                        <customfieldvalues>
                            
                        </customfieldvalues>
                    </customfield>
                                                                                                                        <customfield id="customfield_12313422" key="com.atlassian.jirafisheyeplugin:jobcheckbox">
                        <customfieldname>Enable Automatic Patch Review</customfieldname>
                        <customfieldvalues>
                            <customfieldvalue>false</customfieldvalue>

                        </customfieldvalues>
                    </customfield>
                                                                                                                                                                                                                                                                                                                                                                                                                                                                                                                                                                                                                                                <customfield id="customfield_12310420" key="com.pyxis.greenhopper.jira:gh-global-rank">
                        <customfieldname>Global Rank</customfieldname>
                        <customfieldvalues>
                            <customfieldvalue>9223372036854775807</customfieldvalue>
                        </customfieldvalues>
                    </customfield>
                                                                                                                                                                                                                                                                                                                                                                                                                                                                        <customfield id="customfield_12311820" key="com.pyxis.greenhopper.jira:gh-lexo-rank">
                        <customfieldname>Rank</customfieldname>
                        <customfieldvalues>
                            <customfieldvalue>0|z0v50g:</customfieldvalue>

                        </customfieldvalues>
                    </customfield>
                                                                <customfield id="customfield_12310920" key="com.pyxis.greenhopper.jira:gh-global-rank">
                        <customfieldname>Rank (Obsolete)</customfieldname>
                        <customfieldvalues>
                            <customfieldvalue>9223372036854775807</customfieldvalue>
                        </customfieldvalues>
                    </customfield>
                                                                                                                                                                                                                                                                                                                                                                                                                                                                                                                                                                                                                                                                                                                                                                                            </customfields>
    </item>


</channel>
</rss>