<rss version="0.92">
    <channel>
        <title>ASF JIRA</title>
        <link>https://issues.apache.org/jira/issues/?jql=project+%3D+IO+and+type+%3D+bug+and+%28status+%3D+RESOLVED+or+status+%3D+closed%29+and+resolution+%3D+Fixed+and+fixVersion+%21%3D+None++and+affectedVersion+%21%3D+None++and+affectedVersion+%21%3D+%22Nightly+Build%22</link>
        <description>An XML representation of a search request</description>
                <language>en-uk</language>
                        <issue start="0" end="164" total="164" />
                <build-info>
            <version>8.20.1</version>
            <build-number>820001</build-number>
            <build-date>28-10-2021</build-date>
        </build-info>

<item>
            <title>[IO-739] RegexFileFilter matches on path instead of name</title>
                <link>https://issues.apache.org/jira/browse/IO-739</link>
                <project id="12310477" key="IO">Commons IO</project>
                    <description>&lt;p&gt;The new RegexFileFilter.accept(Path, BasicFileAttributes) uses the full path for matching. When this filter is used in combination with FileUtils.listFiles(File, IOFileFilter, IOFileFilter), then it will not match anything if a path separator is not part of the pattern.&lt;/p&gt;

&lt;p&gt;The following small program will list all files when used with version 2.8.0 and nothing when used with version 2.9.0:&lt;/p&gt;

&lt;p&gt;&lt;font color="#770055"&gt;import &lt;/font&gt;&lt;font color="#339999"&gt;org.apache.commons.io.FileUtils&lt;/font&gt;;&lt;br/&gt;
&lt;font color="#770055"&gt;import &lt;/font&gt;&lt;font color="#339999"&gt;org.apache.commons.io.filefilter.&lt;/font&gt;*;&lt;/p&gt;

&lt;p&gt;&lt;font color="#770055"&gt;import &lt;/font&gt;&lt;font color="#339999"&gt;java.io.File&lt;/font&gt;;&lt;br/&gt;
&lt;font color="#770055"&gt;import &lt;/font&gt;&lt;font color="#339999"&gt;java.util.Collection&lt;/font&gt;;&lt;/p&gt;

&lt;p&gt;&lt;font color="#770055"&gt;class &lt;/font&gt;&lt;font color="#339999"&gt;ListFilesRegexBug &lt;/font&gt;{&lt;br/&gt;
&#160;&#160; &lt;font color="#770055"&gt;public static void &lt;/font&gt;main(&lt;font color="#339999"&gt;String&lt;/font&gt;[] &lt;font color="#660088"&gt;args&lt;/font&gt;) {&lt;br/&gt;
&#160;&#160;&#160;&#160; &lt;font color="#339999"&gt;RegexFileFilter &lt;/font&gt;&lt;font color="#6688ff"&gt;filter &lt;/font&gt;= &lt;font color="#770055"&gt;new &lt;/font&gt;RegexFileFilter(&lt;font color="#0000cc"&gt;"[^/&lt;/font&gt;&lt;font color="#cc88ff"&gt;\\\\&lt;/font&gt;&lt;font color="#0000cc"&gt;]+"&lt;/font&gt;);&lt;br/&gt;
&#160;&#160;&#160;&#160; &lt;font color="#339999"&gt;Collection&lt;/font&gt;&amp;lt;&lt;font color="#339999"&gt;File&lt;/font&gt;&amp;gt; &lt;font color="#6688ff"&gt;files &lt;/font&gt;= &lt;font color="#339999"&gt;FileUtils&lt;/font&gt;.&lt;font color="#575757"&gt;listFiles&lt;/font&gt;(&lt;font color="#770055"&gt;new &lt;/font&gt;File(&lt;font color="#0000cc"&gt;"."&lt;/font&gt;), &lt;font color="#6688ff"&gt;filter&lt;/font&gt;, &lt;font color="#339999"&gt;TrueFileFilter&lt;/font&gt;.&lt;font color="#0000aa"&gt;TRUE&lt;/font&gt;);&lt;br/&gt;
&#160;&#160;&#160;&#160; &lt;font color="#770055"&gt;for &lt;/font&gt;(&lt;font color="#339999"&gt;File &lt;/font&gt;&lt;font color="#6688ff"&gt;f &lt;/font&gt;: &lt;font color="#6688ff"&gt;files&lt;/font&gt;) {&lt;br/&gt;
&#160;&#160;&#160;&#160;&#160;&#160; &lt;font color="#339999"&gt;System&lt;/font&gt;.&lt;font color="#0000aa"&gt;out&lt;/font&gt;.println(&lt;font color="#6688ff"&gt;f&lt;/font&gt;.getAbsolutePath());&lt;br/&gt;
&#160;&#160;&#160;&#160; }&lt;br/&gt;
&#160;&#160; }&lt;br/&gt;
}&lt;/p&gt;</description>
                <environment />
        <key id="13383213">IO-739</key>
            <summary>RegexFileFilter matches on path instead of name</summary>
                <type id="1" iconUrl="https://issues.apache.org/jira/secure/viewavatar?size=xsmall&amp;avatarId=21133&amp;avatarType=issuetype">Bug</type>
                                            <priority id="4" iconUrl="https://issues.apache.org/jira/images/icons/priorities/minor.svg">Minor</priority>
                        <status id="5" iconUrl="https://issues.apache.org/jira/images/icons/statuses/resolved.png" description="A resolution has been taken, and it is awaiting verification by reporter. From here issues are either reopened, or are closed.">Resolved</status>
                    <statusCategory id="3" key="done" colorName="green" />
                                    <resolution id="1">Fixed</resolution>
                                        <assignee username="-1">Unassigned</assignee>
                                    <reporter username="hzwaal">Hugo Zwaal</reporter>
                        <labels>
                    </labels>
                <created>Thu, 10 Jun 2021 14:30:17 +0000</created>
                <updated>Thu, 10 Jun 2021 15:38:13 +0000</updated>
                            <resolved>Thu, 10 Jun 2021 15:38:13 +0000</resolved>
                                    <version>2.9.0</version>
                                    <fixVersion>2.10.0</fixVersion>
                                    <component>Filters</component>
                        <due />
                            <votes>0</votes>
                                    <watches>1</watches>
                                                                <comments>
                            <comment id="17361034" author="garydgregory" created="Thu, 10 Jun 2021 15:38:13 +0000">&lt;p&gt;Please search Jira before creating duplicates.&#160;&lt;/p&gt;</comment>
                    </comments>
                <issuelinks>
                            <issuelinktype id="12310000">
                    <name>Duplicate</name>
                                            <outwardlinks description="duplicates">
                                        <issuelink>
            <issuekey id="13380861">IO-733</issuekey>
        </issuelink>
                            </outwardlinks>
                                                        </issuelinktype>
                    </issuelinks>
                <attachments>
                            <attachment id="13026690" name="ListFilesRegexBug.java" size="472" author="hzwaal" created="Thu, 10 Jun 2021 14:29:23 +0000" />
                    </attachments>
                <subtasks>
                    </subtasks>
                <customfields>
                                                                                                                                                                                                                                                                                                                                                                                                                                                                                                                                                                                                                                                                                                                    <customfield id="customfield_12314020" key="com.atlassian.jira.plugins.jira-development-integration-plugin:devsummary">
                        <customfieldname>Development</customfieldname>
                        <customfieldvalues>
                            
                        </customfieldvalues>
                    </customfield>
                                                                                                                        <customfield id="customfield_12313422" key="com.atlassian.jirafisheyeplugin:jobcheckbox">
                        <customfieldname>Enable Automatic Patch Review</customfieldname>
                        <customfieldvalues>
                            <customfieldvalue>false</customfieldvalue>

                        </customfieldvalues>
                    </customfield>
                                                                                                                                                                                                                                                                                                                                                                                                                                                                                                                                                                                                                                                <customfield id="customfield_12310420" key="com.pyxis.greenhopper.jira:gh-global-rank">
                        <customfieldname>Global Rank</customfieldname>
                        <customfieldvalues>
                            <customfieldvalue>9223372036854775807</customfieldvalue>
                        </customfieldvalues>
                    </customfield>
                                                                                                                                                                                                                                                                                                                                                                                                                                                                        <customfield id="customfield_12311820" key="com.pyxis.greenhopper.jira:gh-lexo-rank">
                        <customfieldname>Rank</customfieldname>
                        <customfieldvalues>
                            <customfieldvalue>0|z0rui8:</customfieldvalue>

                        </customfieldvalues>
                    </customfield>
                                                                <customfield id="customfield_12310920" key="com.pyxis.greenhopper.jira:gh-global-rank">
                        <customfieldname>Rank (Obsolete)</customfieldname>
                        <customfieldvalues>
                            <customfieldvalue>9223372036854775807</customfieldvalue>
                        </customfieldvalues>
                    </customfield>
                                                                                                                                                                                                                                                                                                                                                                                                                                                                                                                                                                                                                                                                                                                                                                                            </customfields>
    </item>


</channel>
</rss>