<rss version="0.92">
    <channel>
        <title>ASF JIRA</title>
        <link>https://issues.apache.org/jira/issues/?jql=project+%3D+IO+and+type+%3D+bug+and+%28status+%3D+RESOLVED+or+status+%3D+closed%29+and+resolution+%3D+Fixed+and+fixVersion+%21%3D+None++and+affectedVersion+%21%3D+None++and+affectedVersion+%21%3D+%22Nightly+Build%22</link>
        <description>An XML representation of a search request</description>
                <language>en-uk</language>
                        <issue start="0" end="164" total="164" />
                <build-info>
            <version>8.20.1</version>
            <build-number>820001</build-number>
            <build-date>28-10-2021</build-date>
        </build-info>

<item>
            <title>[IO-8] org.apache.commons.io.FileUtils.copyFile shouldn't allow to copy a file on itself</title>
                <link>https://issues.apache.org/jira/browse/IO-8</link>
                <project id="12310477" key="IO">Commons IO</project>
                    <description>&lt;p&gt;The bug is described by a one-line code      &lt;/p&gt;

&lt;p&gt;FileUtils.copyFile(new File("c:/hello.txt"), new File("c:/hello.txt"));&lt;/p&gt;

&lt;p&gt;Try run it and check hello.txt size before and after: you will find&lt;br/&gt;
that the file has been razed to 0 bytes.&lt;/p&gt;

&lt;p&gt;It should be illegal to copy a file with the same path as the destination,&lt;br/&gt;
or better, with the same getCanonicalPath(), so I suggest the following &lt;br/&gt;
enhancement:&lt;/p&gt;

&lt;p&gt;------------ in FileUtils.java -------------&lt;/p&gt;



&lt;p&gt;        //make sure we can write to destination&lt;br/&gt;
        if (destination.exists() &amp;amp;&amp;amp; !destination.canWrite()) &lt;/p&gt;
{
            String message =
                "Unable to open file " + destination + " for writing.";
            throw new IOException(message);
        }

&lt;p&gt;        //makes sure it is not the same file        &lt;br/&gt;
        if(source.getCanonicalPath().equals(destination.getCanonicalPath())) &lt;/p&gt;
{
            String message =
                "Unable to write file " + source + " on itself.";
            throw new IOException(message);
            
        }

&lt;p&gt;&amp;#8211; end &amp;#8211;&lt;br/&gt;
this code should be safe regarding path and canonical path: you&lt;br/&gt;
are querying OS after existence test, and anyway you are sure&lt;br/&gt;
that there is a source file and it has a canonical path.&lt;br/&gt;
(anyway getCanonicalPath throws a IOException, which is sound&lt;br/&gt;
in the context)&lt;/p&gt;

&lt;p&gt;hope this may help&lt;br/&gt;
daniele rizzi (drizzi@largesys.it)&lt;/p&gt;</description>
                <environment>&lt;p&gt;Operating System: All&lt;br/&gt;
Platform: All&lt;/p&gt;</environment>
        <key id="12341415">IO-8</key>
            <summary>org.apache.commons.io.FileUtils.copyFile shouldn't allow to copy a file on itself</summary>
                <type id="1" iconUrl="https://issues.apache.org/jira/secure/viewavatar?size=xsmall&amp;avatarId=21133&amp;avatarType=issuetype">Bug</type>
                                            <priority id="2" iconUrl="https://issues.apache.org/jira/images/icons/priorities/critical.svg">Critical</priority>
                        <status id="6" iconUrl="https://issues.apache.org/jira/images/icons/statuses/closed.png" description="The issue is considered finished, the resolution is correct. Issues which are not closed can be reopened.">Closed</status>
                    <statusCategory id="3" key="done" colorName="green" />
                                    <resolution id="1">Fixed</resolution>
                                        <assignee username="-1">Unassigned</assignee>
                                    <reporter username="drizzi@largesys.it">dany rizzi</reporter>
                        <labels>
                    </labels>
                <created>Tue, 20 Apr 2004 20:23:22 +0000</created>
                <updated>Fri, 9 Mar 2007 20:38:16 +0000</updated>
                            <resolved>Fri, 9 Mar 2007 20:38:16 +0000</resolved>
                                    <version>1.0</version>
                                    <fixVersion>1.0</fixVersion>
                                        <due />
                            <votes>0</votes>
                                    <watches>0</watches>
                                                                <comments>
                            <comment id="12406505" author="jeremias@apache.org" created="Sat, 24 Apr 2004 05:50:17 +0000">&lt;p&gt;Fixed. Thanks for spotting this problem!&lt;/p&gt;</comment>
                    </comments>
                    <attachments>
                    </attachments>
                <subtasks>
                    </subtasks>
                <customfields>
                                                                                                                                                                                                                                                                                                                                                                                                                                                                                                                                                                                                    <customfield id="customfield_10010" key="com.atlassian.jira.plugin.system.customfieldtypes:importid">
                        <customfieldname>Bugzilla Id</customfieldname>
                        <customfieldvalues>
                            <customfieldvalue>28496</customfieldvalue>
                        </customfieldvalues>
                    </customfield>
                                                                                                                                                    <customfield id="customfield_12314020" key="com.atlassian.jira.plugins.jira-development-integration-plugin:devsummary">
                        <customfieldname>Development</customfieldname>
                        <customfieldvalues>
                            
                        </customfieldvalues>
                    </customfield>
                                                                                                                        <customfield id="customfield_12313422" key="com.atlassian.jirafisheyeplugin:jobcheckbox">
                        <customfieldname>Enable Automatic Patch Review</customfieldname>
                        <customfieldvalues>
                            <customfieldvalue>false</customfieldvalue>

                        </customfieldvalues>
                    </customfield>
                                                                                                                                                                                                                                                                                                                                                                                                                                                                                                                                                                                                                                                <customfield id="customfield_12310420" key="com.pyxis.greenhopper.jira:gh-global-rank">
                        <customfieldname>Global Rank</customfieldname>
                        <customfieldvalues>
                            <customfieldvalue>139471</customfieldvalue>
                        </customfieldvalues>
                    </customfield>
                                                                                                                                                                                                                                                                                                                                                                                                                                                                        <customfield id="customfield_12311820" key="com.pyxis.greenhopper.jira:gh-lexo-rank">
                        <customfieldname>Rank</customfieldname>
                        <customfieldvalues>
                            <customfieldvalue>0|i0sn0v:</customfieldvalue>

                        </customfieldvalues>
                    </customfield>
                                                                <customfield id="customfield_12310920" key="com.pyxis.greenhopper.jira:gh-global-rank">
                        <customfieldname>Rank (Obsolete)</customfieldname>
                        <customfieldvalues>
                            <customfieldvalue>165207</customfieldvalue>
                        </customfieldvalues>
                    </customfield>
                                                                                                                                                                                                                                                                                                                                                                                                                                                                                                                                                                                                                                                                                                                                                                                            </customfields>
    </item>


</channel>
</rss>