<rss version="0.92">
    <channel>
        <title>ASF JIRA</title>
        <link>https://issues.apache.org/jira/issues/?jql=project+%3D+IO+and+type+%3D+bug+and+%28status+%3D+RESOLVED+or+status+%3D+closed%29+and+resolution+%3D+Fixed+and+fixVersion+%21%3D+None++and+affectedVersion+%21%3D+None++and+affectedVersion+%21%3D+%22Nightly+Build%22</link>
        <description>An XML representation of a search request</description>
                <language>en-uk</language>
                        <issue start="0" end="164" total="164" />
                <build-info>
            <version>8.20.1</version>
            <build-number>820001</build-number>
            <build-date>28-10-2021</build-date>
        </build-info>

<item>
            <title>[IO-91] FileSystemUtils.freeSpace does not work on Sun Solaris</title>
                <link>https://issues.apache.org/jira/browse/IO-91</link>
                <project id="12310477" key="IO">Commons IO</project>
                    <description>&lt;p&gt;The method FileSystemUtils.freeSpace does not work on Sun Solaris.&lt;/p&gt;

&lt;p&gt;    &lt;span class="error"&gt;&amp;#91;junit&amp;#93;&lt;/span&gt; Testcase: testGetFreeSpace_String took 0.216 sec&lt;br/&gt;
    &lt;span class="error"&gt;&amp;#91;junit&amp;#93;&lt;/span&gt; 	Caused an ERROR&lt;br/&gt;
    &lt;span class="error"&gt;&amp;#91;junit&amp;#93;&lt;/span&gt; Command line 'df' did not return info as expected for path '/'- response on first line was '/                  (/dev/dsk/c0t0d0s0 ):41676304 block  3133314 filer'&lt;br/&gt;
    &lt;span class="error"&gt;&amp;#91;junit&amp;#93;&lt;/span&gt; java.io.IOException: Command line 'df' did not return info as expected for path '/'- response on first line was '/                  (/dev/dsk/c0t0d0s0 ):41676304 block  3133314 filer'&lt;br/&gt;
    &lt;span class="error"&gt;&amp;#91;junit&amp;#93;&lt;/span&gt; 	at org.apache.commons.io.FileSystemUtils.freeSpaceUnix(FileSystemUtils.java:315)&lt;br/&gt;
    &lt;span class="error"&gt;&amp;#91;junit&amp;#93;&lt;/span&gt; 	at org.apache.commons.io.FileSystemUtils.freeSpaceOS(FileSystemUtils.java:179)&lt;br/&gt;
    &lt;span class="error"&gt;&amp;#91;junit&amp;#93;&lt;/span&gt; 	at org.apache.commons.io.FileSystemUtils.freeSpace(FileSystemUtils.java:126)&lt;br/&gt;
    &lt;span class="error"&gt;&amp;#91;junit&amp;#93;&lt;/span&gt; 	at org.apache.commons.io.FileSystemUtilsTestCase.testGetFreeSpace_String(FileSystemUtilsTestCase.java:90)&lt;/p&gt;

&lt;p&gt;This is because on Solaris the df command work different if the flag -k is used or not:&lt;/p&gt;

&lt;p&gt;$ df /&lt;br/&gt;
/                  (/dev/dsk/c0t1d0s0 ): 1070402 blocks   294205 files&lt;br/&gt;
$ df -k /&lt;br/&gt;
Filesystem            kbytes    used   avail capacity  Mounted on&lt;br/&gt;
/dev/dsk/c0t1d0s0    1350955  815754  481163    63%    /&lt;/p&gt;

&lt;p&gt;I haven't found any flag that makes it output GNU format even when -k is omitted.&lt;/p&gt;</description>
                <environment>&lt;p&gt;SunOS et 5.10 Generic_118822-25 sun4u sparc SUNW,Ultra-4&lt;br/&gt;
SunOS alien 5.8 Generic_111433-02 sun4u sparc SUNW,Ultra-4&lt;/p&gt;</environment>
        <key id="12347219">IO-91</key>
            <summary>FileSystemUtils.freeSpace does not work on Sun Solaris</summary>
                <type id="1" iconUrl="https://issues.apache.org/jira/secure/viewavatar?size=xsmall&amp;avatarId=21133&amp;avatarType=issuetype">Bug</type>
                                            <priority id="3" iconUrl="https://issues.apache.org/jira/images/icons/priorities/major.svg">Major</priority>
                        <status id="6" iconUrl="https://issues.apache.org/jira/images/icons/statuses/closed.png" description="The issue is considered finished, the resolution is correct. Issues which are not closed can be reopened.">Closed</status>
                    <statusCategory id="3" key="done" colorName="green" />
                                    <resolution id="1">Fixed</resolution>
                                        <assignee username="-1">Unassigned</assignee>
                                    <reporter username="grimsell">Magnus Grimsell</reporter>
                        <labels>
                    </labels>
                <created>Thu, 3 Aug 2006 07:12:33 +0000</created>
                <updated>Tue, 29 Aug 2006 20:52:38 +0000</updated>
                            <resolved>Tue, 29 Aug 2006 20:52:38 +0000</resolved>
                                    <version>1.2</version>
                                    <fixVersion>1.3</fixVersion>
                                    <component>Utilities</component>
                        <due />
                            <votes>0</votes>
                                    <watches>0</watches>
                                                                <comments>
                            <comment id="12431366" author="scolebourne" created="Tue, 29 Aug 2006 20:52:38 +0000">&lt;ul class="alternate" type="square"&gt;
	&lt;li&gt;FileSystemUtils.freeSpace deprecated, replaced by freeSpaceKb&lt;/li&gt;
	&lt;li&gt;freeSpace returns a result that varies by operating system and&lt;br/&gt;
    thus isn't that useful&lt;/li&gt;
	&lt;li&gt;freeSpaceKb returns much better and more consistent results&lt;/li&gt;
	&lt;li&gt;freeSpaceKb existed in v1.2, so this is a gentle cutover&lt;/li&gt;
&lt;/ul&gt;


&lt;ul class="alternate" type="square"&gt;
	&lt;li&gt;FileSystemUtils.freeSpace &lt;a href="https://issues.apache.org/jira/browse/IO-91" title="FileSystemUtils.freeSpace does not work on Sun Solaris" class="issue-link" data-issue-key="IO-91"&gt;&lt;del&gt;IO-91&lt;/del&gt;&lt;/a&gt;&lt;/li&gt;
	&lt;li&gt;This is now documented not to work on SunOS 5&lt;/li&gt;
&lt;/ul&gt;
</comment>
                    </comments>
                    <attachments>
                    </attachments>
                <subtasks>
                    </subtasks>
                <customfields>
                                                                                                                                                                                                                                                                                                                                                                                                                                                                                                                                                                                                                                                                                                                    <customfield id="customfield_12314020" key="com.atlassian.jira.plugins.jira-development-integration-plugin:devsummary">
                        <customfieldname>Development</customfieldname>
                        <customfieldvalues>
                            
                        </customfieldvalues>
                    </customfield>
                                                                                                                        <customfield id="customfield_12313422" key="com.atlassian.jirafisheyeplugin:jobcheckbox">
                        <customfieldname>Enable Automatic Patch Review</customfieldname>
                        <customfieldvalues>
                            <customfieldvalue>false</customfieldvalue>

                        </customfieldvalues>
                    </customfield>
                                                                                                                                                                                                                                                                                                                                                                                                                                                                                                                                                                                                                                                <customfield id="customfield_12310420" key="com.pyxis.greenhopper.jira:gh-global-rank">
                        <customfieldname>Global Rank</customfieldname>
                        <customfieldvalues>
                            <customfieldvalue>139544</customfieldvalue>
                        </customfieldvalues>
                    </customfield>
                                                                                                                                                                                                                                                                                                                                                                                                                                                                        <customfield id="customfield_12311820" key="com.pyxis.greenhopper.jira:gh-lexo-rank">
                        <customfieldname>Rank</customfieldname>
                        <customfieldvalues>
                            <customfieldvalue>0|i0smjb:</customfieldvalue>

                        </customfieldvalues>
                    </customfield>
                                                                <customfield id="customfield_12310920" key="com.pyxis.greenhopper.jira:gh-global-rank">
                        <customfieldname>Rank (Obsolete)</customfieldname>
                        <customfieldvalues>
                            <customfieldvalue>165128</customfieldvalue>
                        </customfieldvalues>
                    </customfield>
                                                                                                                                                                                                                                                                                                                                                                                                                                                                                                                                                                                                                                                                                                                                                                                            </customfields>
    </item>


</channel>
</rss>