<rss version="0.92">
    <channel>
        <title>ASF JIRA</title>
        <link>https://issues.apache.org/jira/issues/?jql=project+%3DCRYPTO+and+type+%3D+bug+and+%28status+%3D+RESOLVED+or+status+%3D+closed%29%0A</link>
        <description>An XML representation of a search request</description>
                <language>en-uk</language>
                        <issue start="0" end="68" total="68" />
                <build-info>
            <version>8.20.7</version>
            <build-number>820007</build-number>
            <build-date>16-03-2022</build-date>
        </build-info>

<item>
            <title>[CRYPTO-141] Errors in native code can leave Java wrappers in bad state</title>
                <link>https://issues.apache.org/jira/browse/CRYPTO-141</link>
                <project id="12320024" key="CRYPTO">Commons Crypto</project>
                    <description>&lt;p&gt;Currently, the Java side keeps a reference to the address of the EVP context, and checks that it's not 0 before performing any operations.&lt;/p&gt;

&lt;p&gt;But if an error happens in native code, for example here in init():&lt;/p&gt;

&lt;div class="code panel" style="border-width: 1px;"&gt;&lt;div class="codeContent panelContent"&gt;
&lt;pre class="code-java"&gt;
  &lt;span class="code-keyword"&gt;if&lt;/span&gt; (result == 0 &amp;amp;&amp;amp; context != NULL) {
    &lt;span class="code-keyword"&gt;if&lt;/span&gt; (CONTEXT(ctx) != NULL) {
      dlsym_EVP_CIPHER_CTX_cleanup(context);
    } &lt;span class="code-keyword"&gt;else&lt;/span&gt; {
      dlsym_EVP_CIPHER_CTX_free(context);
    }
  }
&lt;/pre&gt;
&lt;/div&gt;&lt;/div&gt;

&lt;p&gt;The address known to the Java side will now be invalid, and if any native method is now called the JVM will crash.&lt;/p&gt;</description>
                <environment />
        <key id="13187472">CRYPTO-141</key>
            <summary>Errors in native code can leave Java wrappers in bad state</summary>
                <type id="1" iconUrl="https://issues.apache.org/jira/secure/viewavatar?size=xsmall&amp;avatarId=21133&amp;avatarType=issuetype">Bug</type>
                                            <priority id="3" iconUrl="https://issues.apache.org/jira/images/icons/priorities/major.svg">Major</priority>
                        <status id="5" iconUrl="https://issues.apache.org/jira/images/icons/statuses/resolved.png" description="A resolution has been taken, and it is awaiting verification by reporter. From here issues are either reopened, or are closed.">Resolved</status>
                    <statusCategory id="3" key="done" colorName="green" />
                                    <resolution id="1">Fixed</resolution>
                                        <assignee username="vanzin">Marcelo Masiero Vanzin</assignee>
                                    <reporter username="vanzin">Marcelo Masiero Vanzin</reporter>
                        <labels>
                    </labels>
                <created>Wed, 26 Sep 2018 00:11:19 +0000</created>
                <updated>Fri, 5 Oct 2018 16:38:23 +0000</updated>
                            <resolved>Fri, 5 Oct 2018 16:38:23 +0000</resolved>
                                                    <fixVersion>1.1.0</fixVersion>
                                    <component>Native</component>
                        <due />
                            <votes>0</votes>
                                    <watches>1</watches>
                                                                <comments>
                            <comment id="16628077" author="vanzin" created="Wed, 26 Sep 2018 00:12:01 +0000">&lt;p&gt;It might be a better idea to make the cleanup of the native context explicit, so that the Java side can do it when it knows it's safe.&lt;/p&gt;</comment>
                            <comment id="16629523" author="vanzin" created="Wed, 26 Sep 2018 23:30:29 +0000">&lt;p&gt;I opened a PR for this:&lt;br/&gt;
&lt;a href="https://github.com/apache/commons-crypto/pull/80" class="external-link" target="_blank" rel="nofollow noopener"&gt;https://github.com/apache/commons-crypto/pull/80&lt;/a&gt;&lt;/p&gt;

&lt;p&gt;If I find some time I'll see whether the ASF has any infra for testing this on Win32 and MacOS, since I only have a Linux dev env available.&lt;/p&gt;</comment>
                    </comments>
                    <attachments>
                    </attachments>
                <subtasks>
                    </subtasks>
                <customfields>
                                                                                                                                                                                                                                                                                                                                                                                                                                                                                                                                                                                                                                                                                                                    <customfield id="customfield_12314020" key="com.atlassian.jira.plugins.jira-development-integration-plugin:devsummary">
                        <customfieldname>Development</customfieldname>
                        <customfieldvalues>
                            
                        </customfieldvalues>
                    </customfield>
                                                                                                                        <customfield id="customfield_12313422" key="com.atlassian.jirafisheyeplugin:jobcheckbox">
                        <customfieldname>Enable Automatic Patch Review</customfieldname>
                        <customfieldvalues>
                            <customfieldvalue>false</customfieldvalue>

                        </customfieldvalues>
                    </customfield>
                                                                                                                                                                                                                                                                                                                                                                                                                                                                                                                                                                                                                    <customfield id="customfield_12310420" key="com.pyxis.greenhopper.jira:gh-global-rank">
                        <customfieldname>Global Rank</customfieldname>
                        <customfieldvalues>
                            <customfieldvalue>9223372036854775807</customfieldvalue>
                        </customfieldvalues>
                    </customfield>
                                                                                                                                                                                                                                                                                                                                                                                                                                                                        <customfield id="customfield_12311820" key="com.pyxis.greenhopper.jira:gh-lexo-rank">
                        <customfieldname>Rank</customfieldname>
                        <customfieldvalues>
                            <customfieldvalue>0|i3yhwf:</customfieldvalue>

                        </customfieldvalues>
                    </customfield>
                                                                <customfield id="customfield_12310920" key="com.pyxis.greenhopper.jira:gh-global-rank">
                        <customfieldname>Rank (Obsolete)</customfieldname>
                        <customfieldvalues>
                            <customfieldvalue>9223372036854775807</customfieldvalue>
                        </customfieldvalues>
                    </customfield>
                                                                                                                                                                                                                                                                                                                                                                                                                                                                                                                                                                                                                                                                                                                                                                                            </customfields>
    </item>


</channel>
</rss>