<rss version="0.92">
    <channel>
        <title>ASF JIRA</title>
        <link>https://issues.apache.org/jira/issues/?jql=project+%3DCRYPTO+and+type+%3D+bug+and+%28status+%3D+RESOLVED+or+status+%3D+closed%29%0A</link>
        <description>An XML representation of a search request</description>
                <language>en-uk</language>
                        <issue start="0" end="68" total="68" />
                <build-info>
            <version>8.20.7</version>
            <build-number>820007</build-number>
            <build-date>16-03-2022</build-date>
        </build-info>

<item>
            <title>[CRYPTO-89] more robust native code to eliminate memory leak</title>
                <link>https://issues.apache.org/jira/browse/CRYPTO-89</link>
                <project id="12320024" key="CRYPTO">Commons Crypto</project>
                    <description>&lt;p&gt;currently, when handling error in the native code, some resource allocated is not deallocated.&lt;/p&gt;
&lt;div class="code panel" style="border-width: 1px;"&gt;&lt;div class="codeContent panelContent"&gt;
&lt;pre class="code-java"&gt;    input_bytes = (unsigned &lt;span class="code-object"&gt;char&lt;/span&gt; *) (*env)-&amp;gt;GetByteArrayElements(env, input, 0);  &lt;span class="code-comment"&gt;//in some &lt;span class="code-keyword"&gt;case&lt;/span&gt;, it is not deallocated&lt;/span&gt;
&lt;/pre&gt;
&lt;/div&gt;&lt;/div&gt;
&lt;p&gt;the byte array may accupy lots of memory.  this can cause serious memory leak in the long-running server&lt;/p&gt;</description>
                <environment />
        <key id="12982194">CRYPTO-89</key>
            <summary>more robust native code to eliminate memory leak</summary>
                <type id="1" iconUrl="https://issues.apache.org/jira/secure/viewavatar?size=xsmall&amp;avatarId=21133&amp;avatarType=issuetype">Bug</type>
                                            <priority id="3" iconUrl="https://issues.apache.org/jira/images/icons/priorities/major.svg">Major</priority>
                        <status id="5" iconUrl="https://issues.apache.org/jira/images/icons/statuses/resolved.png" description="A resolution has been taken, and it is awaiting verification by reporter. From here issues are either reopened, or are closed.">Resolved</status>
                    <statusCategory id="3" key="done" colorName="green" />
                                    <resolution id="1">Fixed</resolution>
                                        <assignee username="kexianda">Xianda Ke</assignee>
                                    <reporter username="kexianda">Xianda Ke</reporter>
                        <labels>
                    </labels>
                <created>Thu, 23 Jun 2016 03:35:20 +0000</created>
                <updated>Wed, 29 Jun 2016 05:54:33 +0000</updated>
                            <resolved>Wed, 29 Jun 2016 05:54:33 +0000</resolved>
                                                                        <due />
                            <votes>0</votes>
                                    <watches>2</watches>
                                                                <comments>
                            <comment id="15345754" author="kexianda" created="Thu, 23 Jun 2016 05:13:05 +0000">&lt;p&gt;C doesn't support exceptions, try-finally blocks, or RAII at all. A typical approach is to separate releasing of resources at the end of the function and jump there with gotos in the case of error. This way the cleanup code need not be duplicated.&lt;/p&gt;</comment>
                            <comment id="15345950" author="kexianda" created="Thu, 23 Jun 2016 07:20:55 +0000">&lt;div class="code panel" style="border-width: 1px;"&gt;&lt;div class="codeHeader panelHeader" style="border-bottom-width: 1px;"&gt;&lt;b&gt;OpensslNative.c&lt;/b&gt;&lt;/div&gt;&lt;div class="codeContent panelContent"&gt;
&lt;pre class="code-java"&gt;
Java_org_apache_commons_crypto_cipher_OpensslNative_init () {

  &lt;span class="code-comment"&gt;// ugly &amp;amp; hard to be understood
&lt;/span&gt;  &lt;span class="code-comment"&gt;// &lt;span class="code-keyword"&gt;return&lt;/span&gt; 0, the context pointer will be reset as NULL, and the context has not change to be deallocated. 
&lt;/span&gt;  &lt;span class="code-comment"&gt;// memory leak!
&lt;/span&gt;  jbyte *jIv = (*env)-&amp;gt;GetByteArrayElements(env, iv, NULL);
  &lt;span class="code-keyword"&gt;if&lt;/span&gt; (jIv == NULL) {
    (*env)-&amp;gt;ReleaseByteArrayElements(env, key, jKey, 0);
    THROW(env, &lt;span class="code-quote"&gt;"java/lang/InternalError"&lt;/span&gt;, &lt;span class="code-quote"&gt;"Cannot get bytes array &lt;span class="code-keyword"&gt;for&lt;/span&gt; iv."&lt;/span&gt;);
    &lt;span class="code-keyword"&gt;return&lt;/span&gt; (jlong)0;
  }

    &lt;span class="code-comment"&gt;// potential memory leak! 
&lt;/span&gt;   &lt;span class="code-keyword"&gt;if&lt;/span&gt; (!(alg == AES_CTR || alg == AES_CBC)) {
    THROW(env, &lt;span class="code-quote"&gt;"java/security/NoSuchAlgorithmException"&lt;/span&gt;, &lt;span class="code-quote"&gt;"The algorithm is not supported."&lt;/span&gt;);
    &lt;span class="code-keyword"&gt;return&lt;/span&gt; (jlong)0;
  }

  &lt;span class="code-comment"&gt;// Error is not handled
&lt;/span&gt;  &lt;span class="code-keyword"&gt;if&lt;/span&gt; (padding == NOPADDING) {
    dlsym_EVP_CIPHER_CTX_set_padding(context, 0);
  } &lt;span class="code-keyword"&gt;else&lt;/span&gt; &lt;span class="code-keyword"&gt;if&lt;/span&gt; (padding == PKCS5PADDING) {
    dlsym_EVP_CIPHER_CTX_set_padding(context, 1);
  }
}
&lt;span class="code-comment"&gt;//...&lt;/span&gt;
&lt;/pre&gt;
&lt;/div&gt;&lt;/div&gt;</comment>
                            <comment id="15345989" author="kexianda" created="Thu, 23 Jun 2016 07:45:02 +0000">&lt;p&gt;GitHub PR: &lt;a href="https://github.com/apache/commons-crypto/pull/62" class="external-link" target="_blank" rel="nofollow noopener"&gt;https://github.com/apache/commons-crypto/pull/62&lt;/a&gt;&lt;/p&gt;</comment>
                            <comment id="15354605" author="dapengsun" created="Wed, 29 Jun 2016 05:54:33 +0000">&lt;p&gt;Thank Xianda.&lt;/p&gt;

&lt;p&gt;&lt;a href="https://issues.apache.org/jira/browse/CRYPTO-89" title="more robust native code to eliminate memory leak" class="issue-link" data-issue-key="CRYPTO-89"&gt;&lt;del&gt;CRYPTO-89&lt;/del&gt;&lt;/a&gt;: more robust native code to eliminate memory leak&lt;/p&gt;


&lt;p&gt;Project: &lt;a href="http://git-wip-us.apache.org/repos/asf/commons-crypto/repo" class="external-link" target="_blank" rel="nofollow noopener"&gt;http://git-wip-us.apache.org/repos/asf/commons-crypto/repo&lt;/a&gt;&lt;br/&gt;
Commit: &lt;a href="http://git-wip-us.apache.org/repos/asf/commons-crypto/commit/800c831a" class="external-link" target="_blank" rel="nofollow noopener"&gt;http://git-wip-us.apache.org/repos/asf/commons-crypto/commit/800c831a&lt;/a&gt;&lt;br/&gt;
Tree: &lt;a href="http://git-wip-us.apache.org/repos/asf/commons-crypto/tree/800c831a" class="external-link" target="_blank" rel="nofollow noopener"&gt;http://git-wip-us.apache.org/repos/asf/commons-crypto/tree/800c831a&lt;/a&gt;&lt;br/&gt;
Diff: &lt;a href="http://git-wip-us.apache.org/repos/asf/commons-crypto/diff/800c831a" class="external-link" target="_blank" rel="nofollow noopener"&gt;http://git-wip-us.apache.org/repos/asf/commons-crypto/diff/800c831a&lt;/a&gt;&lt;/p&gt;</comment>
                    </comments>
                    <attachments>
                    </attachments>
                <subtasks>
                    </subtasks>
                <customfields>
                                                                                                                                                                                                                                                                                                                                                                                                                                                                                                                                                                                                                                                                                                                    <customfield id="customfield_12314020" key="com.atlassian.jira.plugins.jira-development-integration-plugin:devsummary">
                        <customfieldname>Development</customfieldname>
                        <customfieldvalues>
                            
                        </customfieldvalues>
                    </customfield>
                                                                                                                        <customfield id="customfield_12313422" key="com.atlassian.jirafisheyeplugin:jobcheckbox">
                        <customfieldname>Enable Automatic Patch Review</customfieldname>
                        <customfieldvalues>
                            <customfieldvalue>false</customfieldvalue>

                        </customfieldvalues>
                    </customfield>
                                                                                                                                                                                                                                                                                                                                                                                                                                                                                                                                                                                                                    <customfield id="customfield_12310420" key="com.pyxis.greenhopper.jira:gh-global-rank">
                        <customfieldname>Global Rank</customfieldname>
                        <customfieldvalues>
                            <customfieldvalue>9223372036854775807</customfieldvalue>
                        </customfieldvalues>
                    </customfield>
                                                                                                                                                                                                                                                                                                                                                                                                                                                                        <customfield id="customfield_12311820" key="com.pyxis.greenhopper.jira:gh-lexo-rank">
                        <customfieldname>Rank</customfieldname>
                        <customfieldvalues>
                            <customfieldvalue>0|i2zy6v:</customfieldvalue>

                        </customfieldvalues>
                    </customfield>
                                                                <customfield id="customfield_12310920" key="com.pyxis.greenhopper.jira:gh-global-rank">
                        <customfieldname>Rank (Obsolete)</customfieldname>
                        <customfieldvalues>
                            <customfieldvalue>9223372036854775807</customfieldvalue>
                        </customfieldvalues>
                    </customfield>
                                                                                                                                                                                                                                                                                                                                                                                                                                                                                                                                                                                                                                                                                                                                                                                            </customfields>
    </item>


</channel>
</rss>