<rss version="0.92">
    <channel>
        <title>ASF JIRA</title>
        <link>https://issues.apache.org/jira/issues/?jql=project+%3DCRYPTO+and+type+%3D+bug+and+%28status+%3D+RESOLVED+or+status+%3D+closed%29%0A</link>
        <description>An XML representation of a search request</description>
                <language>en-uk</language>
                        <issue start="0" end="68" total="68" />
                <build-info>
            <version>8.20.7</version>
            <build-number>820007</build-number>
            <build-date>16-03-2022</build-date>
        </build-info>

<item>
            <title>[CRYPTO-85] CryptoCipher ENCRYPT_MODE and DECRYPT_MODE are unnecessary and confusing</title>
                <link>https://issues.apache.org/jira/browse/CRYPTO-85</link>
                <project id="12320024" key="CRYPTO">Commons Crypto</project>
                    <description>&lt;p&gt;The CryptoCipher.ENCRYPT_MODE and DECRYPT_MODE constants don't seem to serve any purpose.&lt;/p&gt;

&lt;p&gt;They should be dropped and the javax.crypto.Cipher constants used instead.&lt;/p&gt;

&lt;p&gt;Alternatively, replace them with an enum, which would allow the compiler to check the values.&lt;/p&gt;

&lt;p&gt;Note: the values currently have to be checked by both JceCipher and OpensslCipher. Since JceCipher uses the Cipher constant that check would disappear if the CryptoCipher constant were dropped.&lt;/p&gt;</description>
                <environment />
        <key id="12980560">CRYPTO-85</key>
            <summary>CryptoCipher ENCRYPT_MODE and DECRYPT_MODE are unnecessary and confusing</summary>
                <type id="1" iconUrl="https://issues.apache.org/jira/secure/viewavatar?size=xsmall&amp;avatarId=21133&amp;avatarType=issuetype">Bug</type>
                                            <priority id="3" iconUrl="https://issues.apache.org/jira/images/icons/priorities/major.svg">Major</priority>
                        <status id="5" iconUrl="https://issues.apache.org/jira/images/icons/statuses/resolved.png" description="A resolution has been taken, and it is awaiting verification by reporter. From here issues are either reopened, or are closed.">Resolved</status>
                    <statusCategory id="3" key="done" colorName="green" />
                                    <resolution id="1">Fixed</resolution>
                                        <assignee username="dapengsun">Dapeng Sun</assignee>
                                    <reporter username="sebb">Sebb</reporter>
                        <labels>
                    </labels>
                <created>Sat, 18 Jun 2016 14:22:55 +0000</created>
                <updated>Tue, 21 Jun 2016 10:14:44 +0000</updated>
                            <resolved>Tue, 21 Jun 2016 03:01:22 +0000</resolved>
                                                                        <due />
                            <votes>0</votes>
                                    <watches>1</watches>
                                                                <comments>
                            <comment id="15340961" author="dapengsun" created="Tue, 21 Jun 2016 02:59:07 +0000">&lt;p&gt;Good suggestion, thank Sebb.&lt;/p&gt;</comment>
                            <comment id="15340968" author="dapengsun" created="Tue, 21 Jun 2016 03:01:22 +0000">&lt;p&gt;Committed to master.&lt;/p&gt;

&lt;p&gt;&lt;a href="https://issues.apache.org/jira/browse/CRYPTO-85" title="CryptoCipher ENCRYPT_MODE and DECRYPT_MODE are unnecessary and confusing" class="issue-link" data-issue-key="CRYPTO-85"&gt;&lt;del&gt;CRYPTO-85&lt;/del&gt;&lt;/a&gt;: CryptoCipher ENCRYPT_MODE and DECRYPT_MODE are unnecessary and confusing&lt;/p&gt;


&lt;p&gt;Project: &lt;a href="http://git-wip-us.apache.org/repos/asf/commons-crypto/repo" class="external-link" target="_blank" rel="nofollow noopener"&gt;http://git-wip-us.apache.org/repos/asf/commons-crypto/repo&lt;/a&gt;&lt;br/&gt;
Commit: &lt;a href="http://git-wip-us.apache.org/repos/asf/commons-crypto/commit/2c57b118" class="external-link" target="_blank" rel="nofollow noopener"&gt;http://git-wip-us.apache.org/repos/asf/commons-crypto/commit/2c57b118&lt;/a&gt;&lt;br/&gt;
Tree: &lt;a href="http://git-wip-us.apache.org/repos/asf/commons-crypto/tree/2c57b118" class="external-link" target="_blank" rel="nofollow noopener"&gt;http://git-wip-us.apache.org/repos/asf/commons-crypto/tree/2c57b118&lt;/a&gt;&lt;br/&gt;
Diff: &lt;a href="http://git-wip-us.apache.org/repos/asf/commons-crypto/diff/2c57b118" class="external-link" target="_blank" rel="nofollow noopener"&gt;http://git-wip-us.apache.org/repos/asf/commons-crypto/diff/2c57b118&lt;/a&gt;&lt;/p&gt;</comment>
                            <comment id="15341502" author="sebb@apache.org" created="Tue, 21 Jun 2016 10:14:44 +0000">&lt;p&gt;&lt;a href="https://issues.apache.org/jira/browse/CRYPTO-85" title="CryptoCipher ENCRYPT_MODE and DECRYPT_MODE are unnecessary and confusing" class="issue-link" data-issue-key="CRYPTO-85"&gt;&lt;del&gt;CRYPTO-85&lt;/del&gt;&lt;/a&gt; CryptoCipher ENCRYPT_MODE and DECRYPT_MODE are unnecessary and&lt;br/&gt;
confusing&lt;/p&gt;

&lt;p&gt;JceCipher uses the javax.crypto.Cipher modes; no need to convert the&lt;br/&gt;
input&lt;/p&gt;

&lt;p&gt;Project: &lt;a href="http://git-wip-us.apache.org/repos/asf/commons-crypto/repo" class="external-link" target="_blank" rel="nofollow noopener"&gt;http://git-wip-us.apache.org/repos/asf/commons-crypto/repo&lt;/a&gt;&lt;br/&gt;
Commit: &lt;a href="http://git-wip-us.apache.org/repos/asf/commons-crypto/commit/0acc3423" class="external-link" target="_blank" rel="nofollow noopener"&gt;http://git-wip-us.apache.org/repos/asf/commons-crypto/commit/0acc3423&lt;/a&gt;&lt;br/&gt;
Tree: &lt;a href="http://git-wip-us.apache.org/repos/asf/commons-crypto/tree/0acc3423" class="external-link" target="_blank" rel="nofollow noopener"&gt;http://git-wip-us.apache.org/repos/asf/commons-crypto/tree/0acc3423&lt;/a&gt;&lt;br/&gt;
Diff: &lt;a href="http://git-wip-us.apache.org/repos/asf/commons-crypto/diff/0acc3423" class="external-link" target="_blank" rel="nofollow noopener"&gt;http://git-wip-us.apache.org/repos/asf/commons-crypto/diff/0acc3423&lt;/a&gt;&lt;/p&gt;
</comment>
                    </comments>
                    <attachments>
                    </attachments>
                <subtasks>
                    </subtasks>
                <customfields>
                                                                                                                                                                                                                                                                                                                                                                                                                                                                                                                                                                                                                                                                                                                    <customfield id="customfield_12314020" key="com.atlassian.jira.plugins.jira-development-integration-plugin:devsummary">
                        <customfieldname>Development</customfieldname>
                        <customfieldvalues>
                            
                        </customfieldvalues>
                    </customfield>
                                                                                                                        <customfield id="customfield_12313422" key="com.atlassian.jirafisheyeplugin:jobcheckbox">
                        <customfieldname>Enable Automatic Patch Review</customfieldname>
                        <customfieldvalues>
                            <customfieldvalue>false</customfieldvalue>

                        </customfieldvalues>
                    </customfield>
                                                                                                                                                                                                                                                                                                                                                                                                                                                                                                                                                                                                                    <customfield id="customfield_12310420" key="com.pyxis.greenhopper.jira:gh-global-rank">
                        <customfieldname>Global Rank</customfieldname>
                        <customfieldvalues>
                            <customfieldvalue>9223372036854775807</customfieldvalue>
                        </customfieldvalues>
                    </customfield>
                                                                                                                                                                                                                                                                                                                                                                                                                                                                        <customfield id="customfield_12311820" key="com.pyxis.greenhopper.jira:gh-lexo-rank">
                        <customfieldname>Rank</customfieldname>
                        <customfieldvalues>
                            <customfieldvalue>0|i2zox3:</customfieldvalue>

                        </customfieldvalues>
                    </customfield>
                                                                <customfield id="customfield_12310920" key="com.pyxis.greenhopper.jira:gh-global-rank">
                        <customfieldname>Rank (Obsolete)</customfieldname>
                        <customfieldvalues>
                            <customfieldvalue>9223372036854775807</customfieldvalue>
                        </customfieldvalues>
                    </customfield>
                                                                                                                                                                                                                                                                                                                                                                                                                                                                                                                                                                                                                                                                                                                                                                                            </customfields>
    </item>


</channel>
</rss>