<rss version="0.92">
    <channel>
        <title>ASF JIRA</title>
        <link>https://issues.apache.org/jira/issues/?jql=project+%3DCRYPTO+and+type+%3D+bug+and+%28status+%3D+RESOLVED+or+status+%3D+closed%29%0A</link>
        <description>An XML representation of a search request</description>
                <language>en-uk</language>
                        <issue start="0" end="68" total="68" />
                <build-info>
            <version>8.20.7</version>
            <build-number>820007</build-number>
            <build-date>16-03-2022</build-date>
        </build-info>

<item>
            <title>[CRYPTO-27] Sync Javadoc of stream in stream package</title>
                <link>https://issues.apache.org/jira/browse/CRYPTO-27</link>
                <project id="12320024" key="CRYPTO">Commons Crypto</project>
                    <description />
                <environment />
        <key id="12962462">CRYPTO-27</key>
            <summary>Sync Javadoc of stream in stream package</summary>
                <type id="1" iconUrl="https://issues.apache.org/jira/secure/viewavatar?size=xsmall&amp;avatarId=21133&amp;avatarType=issuetype">Bug</type>
                                            <priority id="3" iconUrl="https://issues.apache.org/jira/images/icons/priorities/major.svg">Major</priority>
                        <status id="5" iconUrl="https://issues.apache.org/jira/images/icons/statuses/resolved.png" description="A resolution has been taken, and it is awaiting verification by reporter. From here issues are either reopened, or are closed.">Resolved</status>
                    <statusCategory id="3" key="done" colorName="green" />
                                    <resolution id="1">Fixed</resolution>
                                        <assignee username="dapengsun">Dapeng Sun</assignee>
                                    <reporter username="dapengsun">Dapeng Sun</reporter>
                        <labels>
                    </labels>
                <created>Tue, 26 Apr 2016 03:24:32 +0000</created>
                <updated>Tue, 3 May 2016 09:58:11 +0000</updated>
                            <resolved>Wed, 27 Apr 2016 02:58:10 +0000</resolved>
                                                    <fixVersion>1.0.0</fixVersion>
                                    <component>Document</component>
                        <due />
                            <votes>0</votes>
                                    <watches>1</watches>
                                                                <comments>
                            <comment id="15259450" author="dapengsun" created="Wed, 27 Apr 2016 02:58:10 +0000">&lt;p&gt;&lt;a href="https://github.com/apache/commons-crypto/pull/14" class="external-link" target="_blank" rel="nofollow noopener"&gt;https://github.com/apache/commons-crypto/pull/14&lt;/a&gt;&lt;/p&gt;</comment>
                            <comment id="15259454" author="dapengsun" created="Wed, 27 Apr 2016 02:58:38 +0000">&lt;p&gt;Thank &lt;a href="https://issues.apache.org/jira/secure/ViewProfile.jspa?name=dian.fu" class="user-hover" rel="dian.fu"&gt;dian.fu&lt;/a&gt; for your review&lt;/p&gt;</comment>
                    </comments>
                    <attachments>
                    </attachments>
                <subtasks>
                    </subtasks>
                <customfields>
                                                                                                                                                                                                                                                                                                                                                                                                                                                                                                                                                                                                                                                                                                                    <customfield id="customfield_12314020" key="com.atlassian.jira.plugins.jira-development-integration-plugin:devsummary">
                        <customfieldname>Development</customfieldname>
                        <customfieldvalues>
                            
                        </customfieldvalues>
                    </customfield>
                                                                                                                        <customfield id="customfield_12313422" key="com.atlassian.jirafisheyeplugin:jobcheckbox">
                        <customfieldname>Enable Automatic Patch Review</customfieldname>
                        <customfieldvalues>
                            <customfieldvalue>false</customfieldvalue>

                        </customfieldvalues>
                    </customfield>
                                                                                                                                                                                                                                                                                                                                                                                                                                                                                                                                                                                                                    <customfield id="customfield_12310420" key="com.pyxis.greenhopper.jira:gh-global-rank">
                        <customfieldname>Global Rank</customfieldname>
                        <customfieldvalues>
                            <customfieldvalue>9223372036854775807</customfieldvalue>
                        </customfieldvalues>
                    </customfield>
                                                                                                                                                                                                                                                                                                                                                                                                                                                                        <customfield id="customfield_12311820" key="com.pyxis.greenhopper.jira:gh-lexo-rank">
                        <customfieldname>Rank</customfieldname>
                        <customfieldvalues>
                            <customfieldvalue>0|i2wq7r:</customfieldvalue>

                        </customfieldvalues>
                    </customfield>
                                                                <customfield id="customfield_12310920" key="com.pyxis.greenhopper.jira:gh-global-rank">
                        <customfieldname>Rank (Obsolete)</customfieldname>
                        <customfieldvalues>
                            <customfieldvalue>9223372036854775807</customfieldvalue>
                        </customfieldvalues>
                    </customfield>
                                                                                                                                                                                                                                                                                                                                                                                                                                                                                                                                                                                                                                                                                                                                                                                            </customfields>
    </item>


</channel>
</rss>