<rss version="0.92">
    <channel>
        <title>ASF JIRA</title>
        <link>https://issues.apache.org/jira/issues/?jql=project+%3DCRYPTO+and+type+%3D+bug+and+%28status+%3D+RESOLVED+or+status+%3D+closed%29%0A</link>
        <description>An XML representation of a search request</description>
                <language>en-uk</language>
                        <issue start="0" end="68" total="68" />
                <build-info>
            <version>8.20.7</version>
            <build-number>820007</build-number>
            <build-date>16-03-2022</build-date>
        </build-info>

<item>
            <title>[CRYPTO-64] Code uses sun classes</title>
                <link>https://issues.apache.org/jira/browse/CRYPTO-64</link>
                <project id="12320024" key="CRYPTO">Commons Crypto</project>
                    <description>&lt;p&gt;$ mvn compile shows the following warnings:&lt;/p&gt;

&lt;p&gt;&lt;span class="error"&gt;&amp;#91;WARNING&amp;#93;&lt;/span&gt; src/main/java/org/apache/commons/crypto/utils/Utils.java:&lt;span class="error"&gt;&amp;#91;108,41&amp;#93;&lt;/span&gt; sun.nio.ch.DirectBuffer is internal proprietary API and may be removed in a future release&lt;br/&gt;
&lt;span class="error"&gt;&amp;#91;WARNING&amp;#93;&lt;/span&gt; src/main/java/org/apache/commons/crypto/utils/Utils.java:&lt;span class="error"&gt;&amp;#91;109,27&amp;#93;&lt;/span&gt; sun.misc.Cleaner is internal proprietary API and may be removed in a future release&lt;br/&gt;
&lt;span class="error"&gt;&amp;#91;WARNING&amp;#93;&lt;/span&gt; src/main/java/org/apache/commons/crypto/utils/Utils.java:&lt;span class="error"&gt;&amp;#91;109,64&amp;#93;&lt;/span&gt; sun.nio.ch.DirectBuffer is internal proprietary API and may be removed in a future release&lt;/p&gt;

&lt;p&gt;This means that the code will generally only run on specific Oracle Java versions.&lt;/p&gt;</description>
                <environment>MacOSX El Capitan&lt;br/&gt;
</environment>
        <key id="12977846">CRYPTO-64</key>
            <summary>Code uses sun classes</summary>
                <type id="1" iconUrl="https://issues.apache.org/jira/secure/viewavatar?size=xsmall&amp;avatarId=21133&amp;avatarType=issuetype">Bug</type>
                                            <priority id="3" iconUrl="https://issues.apache.org/jira/images/icons/priorities/major.svg">Major</priority>
                        <status id="5" iconUrl="https://issues.apache.org/jira/images/icons/statuses/resolved.png" description="A resolution has been taken, and it is awaiting verification by reporter. From here issues are either reopened, or are closed.">Resolved</status>
                    <statusCategory id="3" key="done" colorName="green" />
                                    <resolution id="1">Fixed</resolution>
                                        <assignee username="dapengsun">Dapeng Sun</assignee>
                                    <reporter username="sebb">Sebb</reporter>
                        <labels>
                    </labels>
                <created>Sat, 11 Jun 2016 09:55:04 +0000</created>
                <updated>Thu, 16 Jun 2016 13:27:20 +0000</updated>
                            <resolved>Thu, 16 Jun 2016 03:26:15 +0000</resolved>
                                                                        <due />
                            <votes>0</votes>
                                    <watches>1</watches>
                                                                <comments>
                            <comment id="15325825" author="sebb@apache.org" created="Sat, 11 Jun 2016 11:33:50 +0000">&lt;p&gt;It looks like the code is intended to be run only on JVMs that support the interface.&lt;/p&gt;

&lt;p&gt;However, the code does not compile unless the sun.nio.ch.DirectBuffer class/interface exists.&lt;/p&gt;

&lt;p&gt;This restriction needs to be eliminated.&lt;/p&gt;

&lt;p&gt;For example by using Reflection or conditional compilation.&lt;/p&gt;</comment>
                            <comment id="15328978" author="dapengsun" created="Tue, 14 Jun 2016 06:38:02 +0000">&lt;p&gt;Thank &lt;a href="https://issues.apache.org/jira/secure/ViewProfile.jspa?name=sebb%40apache.org" class="user-hover" rel="sebb@apache.org"&gt;sebb@apache.org&lt;/a&gt; pr created &lt;a href="https://github.com/apache/commons-crypto/pull/50" class="external-link" target="_blank" rel="nofollow noopener"&gt;https://github.com/apache/commons-crypto/pull/50&lt;/a&gt;&lt;/p&gt;</comment>
                            <comment id="15332994" author="dapengsun" created="Thu, 16 Jun 2016 03:26:15 +0000">&lt;p&gt;Fixed&lt;/p&gt;</comment>
                            <comment id="15333763" author="sebb@apache.org" created="Thu, 16 Jun 2016 13:27:20 +0000">&lt;p&gt;Repository: commons-crypto&lt;br/&gt;
Updated Branches:&lt;br/&gt;
  refs/heads/master 50e4e0fe1 -&amp;gt; 1cc854857&lt;/p&gt;

&lt;p&gt;&lt;a href="https://issues.apache.org/jira/browse/CRYPTO-64" title="Code uses sun classes" class="issue-link" data-issue-key="CRYPTO-64"&gt;&lt;del&gt;CRYPTO-64&lt;/del&gt;&lt;/a&gt;: Remove code uses sun classes&lt;/p&gt;

&lt;p&gt;Project: &lt;a href="http://git-wip-us.apache.org/repos/asf/commons-crypto/repo" class="external-link" target="_blank" rel="nofollow noopener"&gt;http://git-wip-us.apache.org/repos/asf/commons-crypto/repo&lt;/a&gt;&lt;br/&gt;
Commit: &lt;a href="http://git-wip-us.apache.org/repos/asf/commons-crypto/commit/1cc85485" class="external-link" target="_blank" rel="nofollow noopener"&gt;http://git-wip-us.apache.org/repos/asf/commons-crypto/commit/1cc85485&lt;/a&gt;&lt;br/&gt;
Tree: &lt;a href="http://git-wip-us.apache.org/repos/asf/commons-crypto/tree/1cc85485" class="external-link" target="_blank" rel="nofollow noopener"&gt;http://git-wip-us.apache.org/repos/asf/commons-crypto/tree/1cc85485&lt;/a&gt;&lt;br/&gt;
Diff: &lt;a href="http://git-wip-us.apache.org/repos/asf/commons-crypto/diff/1cc85485" class="external-link" target="_blank" rel="nofollow noopener"&gt;http://git-wip-us.apache.org/repos/asf/commons-crypto/diff/1cc85485&lt;/a&gt;&lt;/p&gt;</comment>
                    </comments>
                    <attachments>
                    </attachments>
                <subtasks>
                    </subtasks>
                <customfields>
                                                                                                                                                                                                                                                                                                                                                                                                                                                                                                                                                                                                                                                                                                                    <customfield id="customfield_12314020" key="com.atlassian.jira.plugins.jira-development-integration-plugin:devsummary">
                        <customfieldname>Development</customfieldname>
                        <customfieldvalues>
                            
                        </customfieldvalues>
                    </customfield>
                                                                                                                        <customfield id="customfield_12313422" key="com.atlassian.jirafisheyeplugin:jobcheckbox">
                        <customfieldname>Enable Automatic Patch Review</customfieldname>
                        <customfieldvalues>
                            <customfieldvalue>false</customfieldvalue>

                        </customfieldvalues>
                    </customfield>
                                                                                                                                                                                                                                                                                                                                                                                                                                                                                                                                                                                                                    <customfield id="customfield_12310420" key="com.pyxis.greenhopper.jira:gh-global-rank">
                        <customfieldname>Global Rank</customfieldname>
                        <customfieldvalues>
                            <customfieldvalue>9223372036854775807</customfieldvalue>
                        </customfieldvalues>
                    </customfield>
                                                                                                                                                                                                                                                                                                                                                                                                                                                                        <customfield id="customfield_12311820" key="com.pyxis.greenhopper.jira:gh-lexo-rank">
                        <customfieldname>Rank</customfieldname>
                        <customfieldvalues>
                            <customfieldvalue>0|i2zbuf:</customfieldvalue>

                        </customfieldvalues>
                    </customfield>
                                                                <customfield id="customfield_12310920" key="com.pyxis.greenhopper.jira:gh-global-rank">
                        <customfieldname>Rank (Obsolete)</customfieldname>
                        <customfieldvalues>
                            <customfieldvalue>9223372036854775807</customfieldvalue>
                        </customfieldvalues>
                    </customfield>
                                                                                                                                                                                                                                                                                                                                                                                                                                                                                                                                                                                                                                                                                                                                                                                            </customfields>
    </item>


</channel>
</rss>