<rss version="0.92">
    <channel>
        <title>ASF JIRA</title>
        <link>https://issues.apache.org/jira/issues/?jql=project+%3DCRYPTO+and+type+%3D+bug+and+%28status+%3D+RESOLVED+or+status+%3D+closed%29%0A</link>
        <description>An XML representation of a search request</description>
                <language>en-uk</language>
                        <issue start="0" end="68" total="68" />
                <build-info>
            <version>8.20.7</version>
            <build-number>820007</build-number>
            <build-date>16-03-2022</build-date>
        </build-info>

<item>
            <title>[CRYPTO-114] exception.c/exception.h are not used</title>
                <link>https://issues.apache.org/jira/browse/CRYPTO-114</link>
                <project id="12320024" key="CRYPTO">Commons Crypto</project>
                    <description>&lt;p&gt;Looks like exception.c/.h are not actually used.&lt;/p&gt;

&lt;p&gt;They don't appear to be compiled by the Makefile, and I cannot find any references to the methods in the main native sources.&lt;/p&gt;

&lt;p&gt;Also the terror(int) method does not look like it would work on Windows anyway.&lt;/p&gt;

&lt;p&gt;Both MacOSX and Windows build and test OK without the files.&lt;/p&gt;</description>
                <environment />
        <key id="12988124">CRYPTO-114</key>
            <summary>exception.c/exception.h are not used</summary>
                <type id="1" iconUrl="https://issues.apache.org/jira/secure/viewavatar?size=xsmall&amp;avatarId=21133&amp;avatarType=issuetype">Bug</type>
                                            <priority id="3" iconUrl="https://issues.apache.org/jira/images/icons/priorities/major.svg">Major</priority>
                        <status id="5" iconUrl="https://issues.apache.org/jira/images/icons/statuses/resolved.png" description="A resolution has been taken, and it is awaiting verification by reporter. From here issues are either reopened, or are closed.">Resolved</status>
                    <statusCategory id="3" key="done" colorName="green" />
                                    <resolution id="1">Fixed</resolution>
                                        <assignee username="sebb">Sebb</assignee>
                                    <reporter username="sebb">Sebb</reporter>
                        <labels>
                    </labels>
                <created>Sun, 10 Jul 2016 11:32:50 +0000</created>
                <updated>Mon, 11 Jul 2016 08:17:52 +0000</updated>
                            <resolved>Sun, 10 Jul 2016 12:36:06 +0000</resolved>
                                                    <fixVersion>1.0.0</fixVersion>
                                        <due />
                            <votes>0</votes>
                                    <watches>0</watches>
                                                                <comments>
                            <comment id="15369624" author="sebb@apache.org" created="Sun, 10 Jul 2016 12:36:07 +0000">&lt;p&gt;&lt;a href="https://issues.apache.org/jira/browse/CRYPTO-114" title="exception.c/exception.h are not used" class="issue-link" data-issue-key="CRYPTO-114"&gt;&lt;del&gt;CRYPTO-114&lt;/del&gt;&lt;/a&gt; exception.c/exception.h are not used&lt;/p&gt;

&lt;p&gt;Project: &lt;a href="http://git-wip-us.apache.org/repos/asf/commons-crypto/repo" class="external-link" target="_blank" rel="nofollow noopener"&gt;http://git-wip-us.apache.org/repos/asf/commons-crypto/repo&lt;/a&gt;&lt;br/&gt;
Commit: &lt;a href="http://git-wip-us.apache.org/repos/asf/commons-crypto/commit/4ac4fedf" class="external-link" target="_blank" rel="nofollow noopener"&gt;http://git-wip-us.apache.org/repos/asf/commons-crypto/commit/4ac4fedf&lt;/a&gt;&lt;br/&gt;
Tree: &lt;a href="http://git-wip-us.apache.org/repos/asf/commons-crypto/tree/4ac4fedf" class="external-link" target="_blank" rel="nofollow noopener"&gt;http://git-wip-us.apache.org/repos/asf/commons-crypto/tree/4ac4fedf&lt;/a&gt;&lt;br/&gt;
Diff: &lt;a href="http://git-wip-us.apache.org/repos/asf/commons-crypto/diff/4ac4fedf" class="external-link" target="_blank" rel="nofollow noopener"&gt;http://git-wip-us.apache.org/repos/asf/commons-crypto/diff/4ac4fedf&lt;/a&gt;&lt;/p&gt;</comment>
                    </comments>
                    <attachments>
                    </attachments>
                <subtasks>
                    </subtasks>
                <customfields>
                                                                                                                                                                                                                                                                                                                                                                                                                                                                                                                                                                                                                                                                                                                    <customfield id="customfield_12314020" key="com.atlassian.jira.plugins.jira-development-integration-plugin:devsummary">
                        <customfieldname>Development</customfieldname>
                        <customfieldvalues>
                            
                        </customfieldvalues>
                    </customfield>
                                                                                                                        <customfield id="customfield_12313422" key="com.atlassian.jirafisheyeplugin:jobcheckbox">
                        <customfieldname>Enable Automatic Patch Review</customfieldname>
                        <customfieldvalues>
                            <customfieldvalue>false</customfieldvalue>

                        </customfieldvalues>
                    </customfield>
                                                                                                                                                                                                                                                                                                                                                                                                                                                                                                                                                                                                                    <customfield id="customfield_12310420" key="com.pyxis.greenhopper.jira:gh-global-rank">
                        <customfieldname>Global Rank</customfieldname>
                        <customfieldvalues>
                            <customfieldvalue>9223372036854775807</customfieldvalue>
                        </customfieldvalues>
                    </customfield>
                                                                                                                                                                                                                                                                                                                                                                                                                                                                        <customfield id="customfield_12311820" key="com.pyxis.greenhopper.jira:gh-lexo-rank">
                        <customfieldname>Rank</customfieldname>
                        <customfieldvalues>
                            <customfieldvalue>0|i30rf3:</customfieldvalue>

                        </customfieldvalues>
                    </customfield>
                                                                <customfield id="customfield_12310920" key="com.pyxis.greenhopper.jira:gh-global-rank">
                        <customfieldname>Rank (Obsolete)</customfieldname>
                        <customfieldvalues>
                            <customfieldvalue>9223372036854775807</customfieldvalue>
                        </customfieldvalues>
                    </customfield>
                                                                                                                                                                                                                                                                                                                                                                                                                                                                                                                                                                                                                                                                                                                                                                                            </customfields>
    </item>


</channel>
</rss>