<rss version="0.92">
    <channel>
        <title>ASF JIRA</title>
        <link>https://issues.apache.org/jira/issues/?jql=project+%3DCRYPTO+and+type+%3D+bug+and+%28status+%3D+RESOLVED+or+status+%3D+closed%29%0A</link>
        <description>An XML representation of a search request</description>
                <language>en-uk</language>
                        <issue start="0" end="68" total="68" />
                <build-info>
            <version>8.20.7</version>
            <build-number>820007</build-number>
            <build-date>16-03-2022</build-date>
        </build-info>

<item>
            <title>[CRYPTO-127] CryptoInputStream#read should handle non-block case</title>
                <link>https://issues.apache.org/jira/browse/CRYPTO-127</link>
                <project id="12320024" key="CRYPTO">Commons Crypto</project>
                    <description />
                <environment />
        <key id="13014621">CRYPTO-127</key>
            <summary>CryptoInputStream#read should handle non-block case</summary>
                <type id="1" iconUrl="https://issues.apache.org/jira/secure/viewavatar?size=xsmall&amp;avatarId=21133&amp;avatarType=issuetype">Bug</type>
                                            <priority id="3" iconUrl="https://issues.apache.org/jira/images/icons/priorities/major.svg">Major</priority>
                        <status id="5" iconUrl="https://issues.apache.org/jira/images/icons/statuses/resolved.png" description="A resolution has been taken, and it is awaiting verification by reporter. From here issues are either reopened, or are closed.">Resolved</status>
                    <statusCategory id="3" key="done" colorName="green" />
                                    <resolution id="1">Fixed</resolution>
                                        <assignee username="kexianda">Xianda Ke</assignee>
                                    <reporter username="kexianda">Xianda Ke</reporter>
                        <labels>
                    </labels>
                <created>Mon, 24 Oct 2016 03:24:11 +0000</created>
                <updated>Mon, 14 Nov 2016 08:23:26 +0000</updated>
                            <resolved>Mon, 14 Nov 2016 08:23:25 +0000</resolved>
                                                                        <due />
                            <votes>0</votes>
                                    <watches>2</watches>
                                                                <comments>
                            <comment id="15600808" author="kexianda" created="Mon, 24 Oct 2016 03:26:54 +0000">&lt;p&gt;&lt;br/&gt;
similar to JCE: CipherInputStream#read()&lt;/p&gt;</comment>
                            <comment id="15642912" author="dapengsun" created="Mon, 7 Nov 2016 02:51:58 +0000">&lt;p&gt;Thank Xianda, I left some comments on your pr &lt;a href="https://github.com/apache/commons-crypto/pull/72" class="external-link" target="_blank" rel="nofollow noopener"&gt;https://github.com/apache/commons-crypto/pull/72&lt;/a&gt;&lt;/p&gt;</comment>
                            <comment id="15663126" author="dapengsun" created="Mon, 14 Nov 2016 08:23:26 +0000">&lt;p&gt;Patch committed, thank Xianda.&lt;/p&gt;

&lt;p&gt;Repository: commons-crypto&lt;br/&gt;
Updated Branches:&lt;br/&gt;
  refs/heads/master 3adc20723 -&amp;gt; a760177b6&lt;/p&gt;


&lt;p&gt;&lt;a href="https://issues.apache.org/jira/browse/CRYPTO-127" title="CryptoInputStream#read should handle non-block case" class="issue-link" data-issue-key="CRYPTO-127"&gt;&lt;del&gt;CRYPTO-127&lt;/del&gt;&lt;/a&gt;: CryptoInputStream#read should handle non-block case&lt;/p&gt;

&lt;p&gt;Closes #72 from kexianda/inputstream&lt;/p&gt;


&lt;p&gt;Project: &lt;a href="http://git-wip-us.apache.org/repos/asf/commons-crypto/repo" class="external-link" target="_blank" rel="nofollow noopener"&gt;http://git-wip-us.apache.org/repos/asf/commons-crypto/repo&lt;/a&gt;&lt;br/&gt;
Commit: &lt;a href="http://git-wip-us.apache.org/repos/asf/commons-crypto/commit/a760177b" class="external-link" target="_blank" rel="nofollow noopener"&gt;http://git-wip-us.apache.org/repos/asf/commons-crypto/commit/a760177b&lt;/a&gt;&lt;br/&gt;
Tree: &lt;a href="http://git-wip-us.apache.org/repos/asf/commons-crypto/tree/a760177b" class="external-link" target="_blank" rel="nofollow noopener"&gt;http://git-wip-us.apache.org/repos/asf/commons-crypto/tree/a760177b&lt;/a&gt;&lt;br/&gt;
Diff: &lt;a href="http://git-wip-us.apache.org/repos/asf/commons-crypto/diff/a760177b" class="external-link" target="_blank" rel="nofollow noopener"&gt;http://git-wip-us.apache.org/repos/asf/commons-crypto/diff/a760177b&lt;/a&gt;&lt;/p&gt;

&lt;p&gt;Branch: refs/heads/master&lt;br/&gt;
Commit: a760177b6d1b95bef512902c0b987ace614ab359&lt;br/&gt;
Parents: 3adc207&lt;br/&gt;
Author: Xianda Ke &amp;lt;xianda.ke@intel.com&amp;gt;&lt;br/&gt;
Authored: Mon Oct 24 11:22:21 2016 +0800&lt;br/&gt;
Committer: Sun Dapeng &amp;lt;sdp@apache.org&amp;gt;&lt;br/&gt;
Committed: Mon Nov 14 16:09:05 2016 +0800&lt;/p&gt;</comment>
                    </comments>
                    <attachments>
                    </attachments>
                <subtasks>
                    </subtasks>
                <customfields>
                                                                                                                                                                                                                                                                                                                                                                                                                                                                                                                                                                                                                                                                                                                    <customfield id="customfield_12314020" key="com.atlassian.jira.plugins.jira-development-integration-plugin:devsummary">
                        <customfieldname>Development</customfieldname>
                        <customfieldvalues>
                            
                        </customfieldvalues>
                    </customfield>
                                                                                                                        <customfield id="customfield_12313422" key="com.atlassian.jirafisheyeplugin:jobcheckbox">
                        <customfieldname>Enable Automatic Patch Review</customfieldname>
                        <customfieldvalues>
                            <customfieldvalue>false</customfieldvalue>

                        </customfieldvalues>
                    </customfield>
                                                                                                                                                                                                                                                                                                                                                                                                                                                                                                                                                                                                                    <customfield id="customfield_12310420" key="com.pyxis.greenhopper.jira:gh-global-rank">
                        <customfieldname>Global Rank</customfieldname>
                        <customfieldvalues>
                            <customfieldvalue>9223372036854775807</customfieldvalue>
                        </customfieldvalues>
                    </customfield>
                                                                                                                                                                                                                                                                                                                                                                                                                                                                        <customfield id="customfield_12311820" key="com.pyxis.greenhopper.jira:gh-lexo-rank">
                        <customfieldname>Rank</customfieldname>
                        <customfieldvalues>
                            <customfieldvalue>0|i35a6n:</customfieldvalue>

                        </customfieldvalues>
                    </customfield>
                                                                <customfield id="customfield_12310920" key="com.pyxis.greenhopper.jira:gh-global-rank">
                        <customfieldname>Rank (Obsolete)</customfieldname>
                        <customfieldvalues>
                            <customfieldvalue>9223372036854775807</customfieldvalue>
                        </customfieldvalues>
                    </customfield>
                                                                                                                                                                                                                                                                                                                                                                                                                                                                                                                                                                                                                                                                                                                                                                                            </customfields>
    </item>


</channel>
</rss>