<rss version="0.92">
    <channel>
        <title>ASF JIRA</title>
        <link>https://issues.apache.org/jira/issues/?jql=project+%3DCRYPTO+and+type+%3D+bug+and+%28status+%3D+RESOLVED+or+status+%3D+closed%29%0A</link>
        <description>An XML representation of a search request</description>
                <language>en-uk</language>
                        <issue start="0" end="68" total="68" />
                <build-info>
            <version>8.20.7</version>
            <build-number>820007</build-number>
            <build-date>16-03-2022</build-date>
        </build-info>

<item>
            <title>[CRYPTO-33] SecureRandom shadows JVM class</title>
                <link>https://issues.apache.org/jira/browse/CRYPTO-33</link>
                <project id="12320024" key="CRYPTO">Commons Crypto</project>
                    <description>&lt;p&gt;The SecureRandom interface also exists  as a class in java.security.&lt;/p&gt;

&lt;p&gt;This makes it awkward to use, for example in JavaSecureRandom the fully qualified name has to be used for the java class.&lt;/p&gt;

&lt;p&gt;Ideally it should be renamed.&lt;/p&gt;</description>
                <environment />
        <key id="12962614">CRYPTO-33</key>
            <summary>SecureRandom shadows JVM class</summary>
                <type id="1" iconUrl="https://issues.apache.org/jira/secure/viewavatar?size=xsmall&amp;avatarId=21133&amp;avatarType=issuetype">Bug</type>
                                            <priority id="3" iconUrl="https://issues.apache.org/jira/images/icons/priorities/major.svg">Major</priority>
                        <status id="5" iconUrl="https://issues.apache.org/jira/images/icons/statuses/resolved.png" description="A resolution has been taken, and it is awaiting verification by reporter. From here issues are either reopened, or are closed.">Resolved</status>
                    <statusCategory id="3" key="done" colorName="green" />
                                    <resolution id="1">Fixed</resolution>
                                        <assignee username="kexianda">Xianda Ke</assignee>
                                    <reporter username="sebb">Sebb</reporter>
                        <labels>
                    </labels>
                <created>Tue, 26 Apr 2016 14:34:03 +0000</created>
                <updated>Tue, 3 May 2016 12:33:05 +0000</updated>
                            <resolved>Fri, 29 Apr 2016 09:14:17 +0000</resolved>
                                    <version>0.9.2</version>
                                    <fixVersion>1.0.0</fixVersion>
                                    <component>SecureRandom</component>
                        <due />
                            <votes>0</votes>
                                    <watches>3</watches>
                                                                <comments>
                            <comment id="15259378" author="jerrychenhf" created="Wed, 27 Apr 2016 01:59:21 +0000">&lt;p&gt;Thanks &lt;a href="https://issues.apache.org/jira/secure/ViewProfile.jspa?name=sebb%40apache.org" class="user-hover" rel="sebb@apache.org"&gt;sebb@apache.org&lt;/a&gt; for pointing out this.&lt;/p&gt;

&lt;p&gt;Thinking about this problem, we also has Cipher, CipherInputStream case with the same situation. They are the best names in concept. &lt;/p&gt;

&lt;p&gt;Although there are possibilities that users may use both Java Cipher and our Cipher in the same java file, yet can we consider this as an uncommon case so that we don't have to use a "bad" name to address it.&lt;/p&gt;

&lt;p&gt;Otherwise, we will have to use names like: CryptoCipher, CryptoSecureRandom, .. which are very redundant and uncomfortable.&lt;/p&gt;

&lt;p&gt;Any thoughts?&lt;/p&gt;
</comment>
                            <comment id="15259415" author="jerrychenhf" created="Wed, 27 Apr 2016 02:26:43 +0000">&lt;p&gt;In Crypto internal implementation code, I would think that we can manage the name shadowing using fully qualified name as there are no many cases. And it will not impact the end user unless they have the cases mentioned above.&lt;/p&gt;</comment>
                            <comment id="15259809" author="sebb@apache.org" created="Wed, 27 Apr 2016 08:54:27 +0000">&lt;p&gt;Name clashes &lt;b&gt;do&lt;/b&gt; affect developers if they use an IDE.&lt;/p&gt;

&lt;p&gt;e.g. Several times I have had java.sql.Date come up instead of java.util.Date.&lt;/p&gt;

&lt;p&gt;We should not be making the situation worse.&lt;/p&gt;

&lt;p&gt;Here are some suggestions:&lt;/p&gt;

&lt;p&gt;CipherInputStream =&amp;gt; CryptoInputStream&lt;br/&gt;
SecureRandom =&amp;gt; ISecureRandom (interface) or CryptoRandom&lt;br/&gt;
Cipher =&amp;gt; ICipher (interface)&lt;/p&gt;

&lt;p&gt;It's better to use redundancy in the name than to have ambiguous names.&lt;/p&gt;</comment>
                            <comment id="15261557" author="jerrychenhf" created="Thu, 28 Apr 2016 05:19:26 +0000">&lt;p&gt;Thanks Sebb for suggesting. We will use the following naming convention to avoid shadowing java classes.&lt;/p&gt;

&lt;p&gt;Cipher -&amp;gt; CryptoCipher&lt;br/&gt;
SecureRandom -&amp;gt; CryptoRandom&lt;br/&gt;
CipherInputStream -&amp;gt; CryptoInputStream&lt;br/&gt;
CipherOutputStream -&amp;gt; CryptoOutputStream&lt;br/&gt;
CTRCipherInputStream -&amp;gt; CTRCryptoInputStream &lt;br/&gt;
CTRCipherOutputStream -&amp;gt; CTRCryptoOutputStream &lt;br/&gt;
...&lt;/p&gt;</comment>
                            <comment id="15261927" author="kexianda" created="Thu, 28 Apr 2016 10:26:34 +0000">&lt;p&gt;hi &lt;a href="https://issues.apache.org/jira/secure/ViewProfile.jspa?name=jerrychenhf" class="user-hover" rel="jerrychenhf"&gt;jerrychenhf&lt;/a&gt; &amp;amp;  &lt;a href="https://issues.apache.org/jira/secure/ViewProfile.jspa?name=sundapeng" class="user-hover" rel="sundapeng"&gt;sundapeng&lt;/a&gt;,&lt;br/&gt;
Please help review: &lt;a href="https://github.com/apache/commons-crypto/pull/23" class="external-link" target="_blank" rel="nofollow noopener"&gt;pull request 23&lt;/a&gt;&lt;/p&gt;</comment>
                            <comment id="15261953" author="sebb@apache.org" created="Thu, 28 Apr 2016 10:56:21 +0000">&lt;p&gt;I don't think CTRCipher* exists in the JVM; no need to rename&lt;/p&gt;</comment>
                            <comment id="15261957" author="sebb@apache.org" created="Thu, 28 Apr 2016 10:58:43 +0000">&lt;p&gt;Only rename classes that clash.&lt;/p&gt;

&lt;p&gt;No need to rename CTRCipher*, JavaSecureRandom, Test*, OpensslSecureRandom etc&lt;/p&gt;</comment>
                            <comment id="15261964" author="ebourg" created="Thu, 28 Apr 2016 11:03:26 +0000">&lt;p&gt;Having the same names in Crypto and in the JDK is a nice feature IMO. It means people can just switch the import statements and benefit from the speed improvements (assuming the API is similar).&lt;/p&gt;</comment>
                            <comment id="15262052" author="sebb@apache.org" created="Thu, 28 Apr 2016 12:26:17 +0000">&lt;p&gt;I think this only works if the APIs are &lt;b&gt;identical&lt;/b&gt; and remain so.&lt;/p&gt;

&lt;p&gt;But name clashes still make development harder.&lt;/p&gt;</comment>
                            <comment id="15263434" author="jerrychenhf" created="Fri, 29 Apr 2016 02:36:02 +0000">&lt;p&gt;When deciding the same name, we original has the same thoughts with Emmanuel Bourg. &lt;br/&gt;
Unless, they use both Ciphers (Java Cipher and this Cipher) otherwise, developers will not has the same clashes. The both Cipher has similar functionality, the developers usually has no reason to use both Ciphers at same Java class. They will choose one or another.&lt;/p&gt;

&lt;p&gt;If we finally decide to rename, I think we should name all classes consistently instead changing only those that conflicts. I consider the consistent names are very important for API usage. People will have no idea why the CryptoInputStream is named in this way while CTRCipherInputStream is named in another manner.&lt;/p&gt;</comment>
                            <comment id="15263679" author="jerrychenhf" created="Fri, 29 Apr 2016 07:30:53 +0000">&lt;p&gt;To move fast, we will go forward with changing all the names in a consistent manner. As this change will be related to a lot of files and to avoid conflict for other work such as spaces adjusting. &lt;/p&gt;

&lt;p&gt;If folks has other opinion, let's continue discuss in this thread and we can create new pull request if needed. &lt;br/&gt;
Thanks,&lt;br/&gt;
Haifeng&lt;/p&gt;</comment>
                            <comment id="15263782" author="dapengsun" created="Fri, 29 Apr 2016 09:13:34 +0000">&lt;p&gt;Agreed with Haifeng for moving fast. Committed to master, we can create new pull request if needed&lt;/p&gt;</comment>
                    </comments>
                    <attachments>
                    </attachments>
                <subtasks>
                    </subtasks>
                <customfields>
                                                                                                                                                                                                                                                                                                                                                                                                                                                                                                                                                                                                                                                                                                                    <customfield id="customfield_12314020" key="com.atlassian.jira.plugins.jira-development-integration-plugin:devsummary">
                        <customfieldname>Development</customfieldname>
                        <customfieldvalues>
                            
                        </customfieldvalues>
                    </customfield>
                                                                                                                        <customfield id="customfield_12313422" key="com.atlassian.jirafisheyeplugin:jobcheckbox">
                        <customfieldname>Enable Automatic Patch Review</customfieldname>
                        <customfieldvalues>
                            <customfieldvalue>false</customfieldvalue>

                        </customfieldvalues>
                    </customfield>
                                                                                                                                                                                                                                                                                                                                                                                                                                                                                                                                                                                                                    <customfield id="customfield_12310420" key="com.pyxis.greenhopper.jira:gh-global-rank">
                        <customfieldname>Global Rank</customfieldname>
                        <customfieldvalues>
                            <customfieldvalue>9223372036854775807</customfieldvalue>
                        </customfieldvalues>
                    </customfield>
                                                                                                                                                                                                                                                                                                                                                                                                                                                                        <customfield id="customfield_12311820" key="com.pyxis.greenhopper.jira:gh-lexo-rank">
                        <customfieldname>Rank</customfieldname>
                        <customfieldvalues>
                            <customfieldvalue>0|i2wr5j:</customfieldvalue>

                        </customfieldvalues>
                    </customfield>
                                                                <customfield id="customfield_12310920" key="com.pyxis.greenhopper.jira:gh-global-rank">
                        <customfieldname>Rank (Obsolete)</customfieldname>
                        <customfieldvalues>
                            <customfieldvalue>9223372036854775807</customfieldvalue>
                        </customfieldvalues>
                    </customfield>
                                                                                                                                                                                                                                                                                                                                                                                                                                                                                                                                                                                                                                                                                                                                                                                            </customfields>
    </item>


</channel>
</rss>