<rss version="0.92">
    <channel>
        <title>ASF JIRA</title>
        <link>https://issues.apache.org/jira/issues/?jql=project+%3DCRYPTO+and+type+%3D+bug+and+%28status+%3D+RESOLVED+or+status+%3D+closed%29%0A</link>
        <description>An XML representation of a search request</description>
                <language>en-uk</language>
                        <issue start="0" end="68" total="68" />
                <build-info>
            <version>8.20.7</version>
            <build-number>820007</build-number>
            <build-date>16-03-2022</build-date>
        </build-info>

<item>
            <title>[CRYPTO-124] Fix JavaCryptoRandom extend java.util.Random</title>
                <link>https://issues.apache.org/jira/browse/CRYPTO-124</link>
                <project id="12320024" key="CRYPTO">Commons Crypto</project>
                    <description>&lt;p&gt;JavaCryptoRandom should extend java.util.Random like other CryptoRandom did.&lt;/p&gt;</description>
                <environment />
        <key id="13003118">CRYPTO-124</key>
            <summary>Fix JavaCryptoRandom extend java.util.Random</summary>
                <type id="1" iconUrl="https://issues.apache.org/jira/secure/viewavatar?size=xsmall&amp;avatarId=21133&amp;avatarType=issuetype">Bug</type>
                                            <priority id="3" iconUrl="https://issues.apache.org/jira/images/icons/priorities/major.svg">Major</priority>
                        <status id="5" iconUrl="https://issues.apache.org/jira/images/icons/statuses/resolved.png" description="A resolution has been taken, and it is awaiting verification by reporter. From here issues are either reopened, or are closed.">Resolved</status>
                    <statusCategory id="3" key="done" colorName="green" />
                                    <resolution id="1">Fixed</resolution>
                                        <assignee username="dapengsun">Dapeng Sun</assignee>
                                    <reporter username="dapengsun">Dapeng Sun</reporter>
                        <labels>
                    </labels>
                <created>Wed, 7 Sep 2016 05:13:58 +0000</created>
                <updated>Wed, 7 Sep 2016 05:16:43 +0000</updated>
                            <resolved>Wed, 7 Sep 2016 05:16:42 +0000</resolved>
                                                                        <due />
                            <votes>0</votes>
                                    <watches>1</watches>
                                                                <comments>
                            <comment id="15469586" author="dapengsun" created="Wed, 7 Sep 2016 05:16:43 +0000">&lt;p&gt;Repository: commons-crypto&lt;br/&gt;
Updated Branches:&lt;br/&gt;
  refs/heads/master e230e30d5 -&amp;gt; 77af2da3d&lt;/p&gt;


&lt;p&gt;&lt;a href="https://issues.apache.org/jira/browse/CRYPTO-124" title="Fix JavaCryptoRandom extend java.util.Random" class="issue-link" data-issue-key="CRYPTO-124"&gt;&lt;del&gt;CRYPTO-124&lt;/del&gt;&lt;/a&gt;: Fix JavaCryptoRandom extend java.util.Random&lt;/p&gt;


&lt;p&gt;Project: &lt;a href="http://git-wip-us.apache.org/repos/asf/commons-crypto/repo" class="external-link" target="_blank" rel="nofollow noopener"&gt;http://git-wip-us.apache.org/repos/asf/commons-crypto/repo&lt;/a&gt;&lt;br/&gt;
Commit: &lt;a href="http://git-wip-us.apache.org/repos/asf/commons-crypto/commit/77af2da3" class="external-link" target="_blank" rel="nofollow noopener"&gt;http://git-wip-us.apache.org/repos/asf/commons-crypto/commit/77af2da3&lt;/a&gt;&lt;br/&gt;
Tree: &lt;a href="http://git-wip-us.apache.org/repos/asf/commons-crypto/tree/77af2da3" class="external-link" target="_blank" rel="nofollow noopener"&gt;http://git-wip-us.apache.org/repos/asf/commons-crypto/tree/77af2da3&lt;/a&gt;&lt;br/&gt;
Diff: &lt;a href="http://git-wip-us.apache.org/repos/asf/commons-crypto/diff/77af2da3" class="external-link" target="_blank" rel="nofollow noopener"&gt;http://git-wip-us.apache.org/repos/asf/commons-crypto/diff/77af2da3&lt;/a&gt;&lt;/p&gt;</comment>
                    </comments>
                    <attachments>
                    </attachments>
                <subtasks>
                    </subtasks>
                <customfields>
                                                                                                                                                                                                                                                                                                                                                                                                                                                                                                                                                                                                                                                                                                                    <customfield id="customfield_12314020" key="com.atlassian.jira.plugins.jira-development-integration-plugin:devsummary">
                        <customfieldname>Development</customfieldname>
                        <customfieldvalues>
                            
                        </customfieldvalues>
                    </customfield>
                                                                                                                        <customfield id="customfield_12313422" key="com.atlassian.jirafisheyeplugin:jobcheckbox">
                        <customfieldname>Enable Automatic Patch Review</customfieldname>
                        <customfieldvalues>
                            <customfieldvalue>false</customfieldvalue>

                        </customfieldvalues>
                    </customfield>
                                                                                                                                                                                                                                                                                                                                                                                                                                                                                                                                                                                                                    <customfield id="customfield_12310420" key="com.pyxis.greenhopper.jira:gh-global-rank">
                        <customfieldname>Global Rank</customfieldname>
                        <customfieldvalues>
                            <customfieldvalue>9223372036854775807</customfieldvalue>
                        </customfieldvalues>
                    </customfield>
                                                                                                                                                                                                                                                                                                                                                                                                                                                                        <customfield id="customfield_12311820" key="com.pyxis.greenhopper.jira:gh-lexo-rank">
                        <customfieldname>Rank</customfieldname>
                        <customfieldvalues>
                            <customfieldvalue>0|i33ben:</customfieldvalue>

                        </customfieldvalues>
                    </customfield>
                                                                <customfield id="customfield_12310920" key="com.pyxis.greenhopper.jira:gh-global-rank">
                        <customfieldname>Rank (Obsolete)</customfieldname>
                        <customfieldvalues>
                            <customfieldvalue>9223372036854775807</customfieldvalue>
                        </customfieldvalues>
                    </customfield>
                                                                                                                                                                                                                                                                                                                                                                                                                                                                                                                                                                                                                                                                                                                                                                                            </customfields>
    </item>


</channel>
</rss>