<rss version="0.92">
    <channel>
        <title>ASF JIRA</title>
        <link>https://issues.apache.org/jira/issues/?jql=project+%3DCRYPTO+and+type+%3D+bug+and+%28status+%3D+RESOLVED+or+status+%3D+closed%29%0A</link>
        <description>An XML representation of a search request</description>
                <language>en-uk</language>
                        <issue start="0" end="68" total="68" />
                <build-info>
            <version>8.20.7</version>
            <build-number>820007</build-number>
            <build-date>16-03-2022</build-date>
        </build-info>

<item>
            <title>[CRYPTO-109] Move Openssl JNA to feature branch</title>
                <link>https://issues.apache.org/jira/browse/CRYPTO-109</link>
                <project id="12320024" key="CRYPTO">Commons Crypto</project>
                    <description>&lt;p&gt;JNA is an important feature.&lt;/p&gt;

&lt;p&gt;Since it have some bugs like causing JVM crash, the target of JNA should be next release(after 1.0.0). We should move the related code to feature branch currently.&lt;/p&gt;

&lt;p&gt;If JNA feature is strong demanded, we can speed up the progress of merging JNA feature branch to master and make another release.&lt;/p&gt;</description>
                <environment />
        <key id="12987092">CRYPTO-109</key>
            <summary>Move Openssl JNA to feature branch</summary>
                <type id="1" iconUrl="https://issues.apache.org/jira/secure/viewavatar?size=xsmall&amp;avatarId=21133&amp;avatarType=issuetype">Bug</type>
                                            <priority id="3" iconUrl="https://issues.apache.org/jira/images/icons/priorities/major.svg">Major</priority>
                        <status id="5" iconUrl="https://issues.apache.org/jira/images/icons/statuses/resolved.png" description="A resolution has been taken, and it is awaiting verification by reporter. From here issues are either reopened, or are closed.">Resolved</status>
                    <statusCategory id="3" key="done" colorName="green" />
                                    <resolution id="2">Won't Fix</resolution>
                                        <assignee username="dapengsun">Dapeng Sun</assignee>
                                    <reporter username="dapengsun">Dapeng Sun</reporter>
                        <labels>
                    </labels>
                <created>Wed, 6 Jul 2016 09:03:41 +0000</created>
                <updated>Thu, 7 Jul 2016 08:19:22 +0000</updated>
                            <resolved>Thu, 7 Jul 2016 08:19:22 +0000</resolved>
                                                                        <due />
                            <votes>0</votes>
                                    <watches>1</watches>
                                                                <comments>
                            <comment id="15364022" author="dapengsun" created="Wed, 6 Jul 2016 09:05:16 +0000">&lt;p&gt;Hi &lt;a href="https://issues.apache.org/jira/secure/ViewProfile.jspa?name=sebb%40apache.org" class="user-hover" rel="sebb@apache.org"&gt;sebb@apache.org&lt;/a&gt;, I will start to move the code if you agreed, do you have any comments? &lt;/p&gt;</comment>
                            <comment id="15364083" author="sebb@apache.org" created="Wed, 6 Jul 2016 10:10:10 +0000">&lt;p&gt;It's easy enough to avoid the JVM crash. However the obvious fix entails not deallocating the context.&lt;br/&gt;
If this is acceptable, then I would prefer to leave the code in place so we can potentially get some feedback.&lt;br/&gt;
The implementation is not currently included in the factory enums, and is not a default, so users have to specifically request it.&lt;/p&gt;

&lt;p&gt;The first release will be at most a beta release as the JNI code does not build on Windows (and possibly other systems), so I don't see the harm provided it is made clear that the JNA implementation is alpha quality.&lt;/p&gt;</comment>
                            <comment id="15365800" author="dapengsun" created="Thu, 7 Jul 2016 08:19:04 +0000">&lt;p&gt;Thank Sebb for your comments.&lt;/p&gt;
&lt;blockquote&gt;
&lt;p&gt;The implementation is not currently included in the factory enums, and is not a default, so users have to specifically request it.&lt;/p&gt;&lt;/blockquote&gt;
&lt;p&gt;The reason sound good to me.&lt;/p&gt;</comment>
                    </comments>
                <issuelinks>
                            <issuelinktype id="10030">
                    <name>Reference</name>
                                            <outwardlinks description="relates to">
                                        <issuelink>
            <issuekey id="12972863">CRYPTO-63</issuekey>
        </issuelink>
                            </outwardlinks>
                                                        </issuelinktype>
                    </issuelinks>
                <attachments>
                    </attachments>
                <subtasks>
                    </subtasks>
                <customfields>
                                                                                                                                                                                                                                                                                                                                                                                                                                                                                                                                                                                                                                                                                                                    <customfield id="customfield_12314020" key="com.atlassian.jira.plugins.jira-development-integration-plugin:devsummary">
                        <customfieldname>Development</customfieldname>
                        <customfieldvalues>
                            
                        </customfieldvalues>
                    </customfield>
                                                                                                                        <customfield id="customfield_12313422" key="com.atlassian.jirafisheyeplugin:jobcheckbox">
                        <customfieldname>Enable Automatic Patch Review</customfieldname>
                        <customfieldvalues>
                            <customfieldvalue>false</customfieldvalue>

                        </customfieldvalues>
                    </customfield>
                                                                                                                                                                                                                                                                                                                                                                                                                                                                                                                                                                                                                    <customfield id="customfield_12310420" key="com.pyxis.greenhopper.jira:gh-global-rank">
                        <customfieldname>Global Rank</customfieldname>
                        <customfieldvalues>
                            <customfieldvalue>9223372036854775807</customfieldvalue>
                        </customfieldvalues>
                    </customfield>
                                                                                                                                                                                                                                                                                                                                                                                                                                                                        <customfield id="customfield_12311820" key="com.pyxis.greenhopper.jira:gh-lexo-rank">
                        <customfieldname>Rank</customfieldname>
                        <customfieldvalues>
                            <customfieldvalue>0|i30l2v:</customfieldvalue>

                        </customfieldvalues>
                    </customfield>
                                                                <customfield id="customfield_12310920" key="com.pyxis.greenhopper.jira:gh-global-rank">
                        <customfieldname>Rank (Obsolete)</customfieldname>
                        <customfieldvalues>
                            <customfieldvalue>9223372036854775807</customfieldvalue>
                        </customfieldvalues>
                    </customfield>
                                                                                                                                                                                                                                                                                                                                                                                                                                                                                                                                                                                                                                                                                                                                                                                            </customfields>
    </item>


</channel>
</rss>