<rss version="0.92">
    <channel>
        <title>ASF JIRA</title>
        <link>https://issues.apache.org/jira/issues/?jql=project+%3DCRYPTO+and+type+%3D+bug+and+%28status+%3D+RESOLVED+or+status+%3D+closed%29%0A</link>
        <description>An XML representation of a search request</description>
                <language>en-uk</language>
                        <issue start="0" end="68" total="68" />
                <build-info>
            <version>8.20.7</version>
            <build-number>820007</build-number>
            <build-date>16-03-2022</build-date>
        </build-info>

<item>
            <title>[CRYPTO-138] CipherByteArrayExample fails on openssl 1.1.0g with java.lang.UnsatisfiedLinkError: EVP_CIPHER_CTX_cleanup</title>
                <link>https://issues.apache.org/jira/browse/CRYPTO-138</link>
                <project id="12320024" key="CRYPTO">Commons Crypto</project>
                    <description>&lt;p&gt;running sample code from :&lt;/p&gt;

&lt;p&gt;&lt;a href="https://commons.apache.org/proper/commons-crypto/xref-test/org/apache/commons/crypto/examples/CipherByteArrayExample.html" class="external-link" target="_blank" rel="nofollow noopener"&gt;https://commons.apache.org/proper/commons-crypto/xref-test/org/apache/commons/crypto/examples/CipherByteArrayExample.html&lt;/a&gt;&lt;/p&gt;

&lt;p&gt;failed with this error message:&lt;/p&gt;

&lt;p&gt;&#160;&lt;/p&gt;

&lt;p&gt;Caused by: java.security.GeneralSecurityException: CryptoCipher {org.apache.commons.crypto.cipher.OpenSslCipher} is not available or transformation AES/CBC/PKCS5Padding is not supported.&lt;br/&gt;
&#160;&#160; &#160;at org.apache.commons.crypto.cipher.CryptoCipherFactory.getCryptoCipher(CryptoCipherFactory.java:176)&lt;br/&gt;
&#160;&#160; &#160;at org.apache.commons.crypto.utils.Utils.getCipherInstance(Utils.java:128)&lt;br/&gt;
&#160;&#160; &#160;... 10 more&lt;br/&gt;
Caused by: java.lang.RuntimeException: java.lang.reflect.InvocationTargetException&lt;br/&gt;
&#160;&#160; &#160;at org.apache.commons.crypto.utils.ReflectionUtils.newInstance(ReflectionUtils.java:90)&lt;br/&gt;
&#160;&#160; &#160;at org.apache.commons.crypto.cipher.CryptoCipherFactory.getCryptoCipher(CryptoCipherFactory.java:160)&lt;br/&gt;
&#160;&#160; &#160;... 11 more&lt;br/&gt;
Caused by: java.lang.reflect.InvocationTargetException&lt;br/&gt;
&#160;&#160; &#160;at sun.reflect.NativeConstructorAccessorImpl.newInstance0(Native Method)&lt;br/&gt;
&#160;&#160; &#160;at sun.reflect.NativeConstructorAccessorImpl.newInstance(NativeConstructorAccessorImpl.java:62)&lt;br/&gt;
&#160;&#160; &#160;at sun.reflect.DelegatingConstructorAccessorImpl.newInstance(DelegatingConstructorAccessorImpl.java:45)&lt;br/&gt;
&#160;&#160; &#160;at java.lang.reflect.Constructor.newInstance(Constructor.java:423)&lt;br/&gt;
&#160;&#160; &#160;at org.apache.commons.crypto.utils.ReflectionUtils.newInstance(ReflectionUtils.java:88)&lt;br/&gt;
&#160;&#160; &#160;... 12 more&lt;br/&gt;
Caused by: java.lang.RuntimeException: java.lang.UnsatisfiedLinkError: EVP_CIPHER_CTX_cleanup&lt;br/&gt;
&#160;&#160; &#160;at org.apache.commons.crypto.cipher.OpenSslCipher.&amp;lt;init&amp;gt;(OpenSslCipher.java:59)&lt;br/&gt;
&#160;&#160; &#160;... 17 more&lt;br/&gt;
Caused by: java.lang.UnsatisfiedLinkError: EVP_CIPHER_CTX_cleanup&lt;br/&gt;
&#160;&#160; &#160;at org.apache.commons.crypto.cipher.OpenSslNative.initIDs(Native Method)&lt;br/&gt;
&#160;&#160; &#160;at org.apache.commons.crypto.cipher.OpenSsl.&amp;lt;clinit&amp;gt;(OpenSsl.java:95)&lt;br/&gt;
&#160;&#160; &#160;at org.apache.commons.crypto.cipher.OpenSslCipher.&amp;lt;init&amp;gt;(OpenSslCipher.java:57)&lt;br/&gt;
&#160;&#160; &#160;... 17 more&lt;/p&gt;

&lt;p&gt;Process finished with exit code 1&lt;/p&gt;

&lt;p&gt;&#160;&lt;/p&gt;

&lt;p&gt;&amp;#8212;&lt;/p&gt;

&lt;p&gt;&#160;&lt;/p&gt;

&lt;p&gt;i guess it has something to do with changes of openssl from 1.0 -&amp;gt; 1.1&lt;/p&gt;

&lt;p&gt;&lt;a href="https://stackoverflow.com/questions/26345175/correct-way-to-free-allocate-the-context-in-the-openssl" class="external-link" target="_blank" rel="nofollow noopener"&gt;https://stackoverflow.com/questions/26345175/correct-way-to-free-allocate-the-context-in-the-openssl&lt;/a&gt;&lt;/p&gt;

&lt;p&gt;&#160;&lt;/p&gt;

&lt;p&gt;&#160;&lt;/p&gt;

&lt;p&gt;&#160;&lt;/p&gt;

&lt;p&gt;&#160;&lt;/p&gt;

&lt;p&gt;&#160;&lt;/p&gt;</description>
                <environment>uname -a
&lt;br/&gt;
Linux linux.fritz.box 4.14.14-300.fc27.x86_64 #1 SMP Fri Jan 19 13:19:54 UTC 2018 x86_64 x86_64 x86_64 GNU/Linux
&lt;br/&gt;
openssl version 
&lt;br/&gt;
OpenSSL 1.1.0g-fips  2 Nov 2017
&lt;br/&gt;
java -version
&lt;br/&gt;
openjdk version &amp;quot;1.8.0_161&amp;quot;
&lt;br/&gt;
OpenJDK Runtime Environment (build 1.8.0_161-b14)
&lt;br/&gt;
OpenJDK 64-Bit Server VM (build 25.161-b14, mixed mode)
&lt;br/&gt;

&lt;br/&gt;
---
&lt;br/&gt;

&lt;br/&gt;
</environment>
        <key id="13135598">CRYPTO-138</key>
            <summary>CipherByteArrayExample fails on openssl 1.1.0g with java.lang.UnsatisfiedLinkError: EVP_CIPHER_CTX_cleanup</summary>
                <type id="1" iconUrl="https://issues.apache.org/jira/secure/viewavatar?size=xsmall&amp;avatarId=21133&amp;avatarType=issuetype">Bug</type>
                                            <priority id="3" iconUrl="https://issues.apache.org/jira/images/icons/priorities/major.svg">Major</priority>
                        <status id="5" iconUrl="https://issues.apache.org/jira/images/icons/statuses/resolved.png" description="A resolution has been taken, and it is awaiting verification by reporter. From here issues are either reopened, or are closed.">Resolved</status>
                    <statusCategory id="3" key="done" colorName="green" />
                                    <resolution id="1">Fixed</resolution>
                                        <assignee username="-1">Unassigned</assignee>
                                    <reporter username="khiemuatgooglemail">kim</reporter>
                        <labels>
                    </labels>
                <created>Thu, 1 Feb 2018 20:54:29 +0000</created>
                <updated>Sat, 11 Apr 2020 15:49:58 +0000</updated>
                            <resolved>Wed, 20 Feb 2019 00:57:24 +0000</resolved>
                                    <version>1.0.0</version>
                                    <fixVersion>1.1.0</fixVersion>
                                    <component>Cipher</component>
                        <due />
                            <votes>0</votes>
                                    <watches>4</watches>
                                                                <comments>
                            <comment id="16406171" author="antauri" created="Tue, 20 Mar 2018 11:27:03 +0000">&lt;p&gt;I'm building Hadoop 3.x from source and after resolving all other issues, I'm left with the openssl detection issue, similar to this EVP_CIPHER_CTX_cleanup issue here. I'm in a container environment, downloading and installing the latest 1.1.x version of Open SSL on the image. I've even tried the one from Debian repositories.&lt;/p&gt;
&lt;div class="code panel" style="border-width: 1px;"&gt;&lt;div class="codeContent panelContent"&gt;
&lt;pre class="code-java"&gt;
&lt;span class="code-comment"&gt;// code placeholder
&lt;/span&gt;root@8c88a2e6d99b:/# /opt/hadoop/bin/hadoop checknative -a
2018-03-20 11:22:41,930 INFO bzip2.Bzip2Factory: Successfully loaded &amp;amp; initialized &lt;span class="code-keyword"&gt;native&lt;/span&gt;-bzip2 library system-&lt;span class="code-keyword"&gt;native&lt;/span&gt;
2018-03-20 11:22:41,933 INFO zlib.ZlibFactory: Successfully loaded &amp;amp; initialized &lt;span class="code-keyword"&gt;native&lt;/span&gt;-zlib library
Native library checking:
hadoop: &lt;span class="code-keyword"&gt;true&lt;/span&gt; /opt/hadoop/lib/&lt;span class="code-keyword"&gt;native&lt;/span&gt;/libhadoop.so.1.0.0
zlib: &lt;span class="code-keyword"&gt;true&lt;/span&gt; /lib/x86_64-linux-gnu/libz.so.1
zstd : &lt;span class="code-keyword"&gt;true&lt;/span&gt; /usr/local/lib/libzstd.so.1
snappy: &lt;span class="code-keyword"&gt;true&lt;/span&gt; /usr/lib/x86_64-linux-gnu/libsnappy.so.1
lz4: &lt;span class="code-keyword"&gt;true&lt;/span&gt; revision:10301
bzip2: &lt;span class="code-keyword"&gt;true&lt;/span&gt; /lib/x86_64-linux-gnu/libbz2.so.1
openssl: &lt;span class="code-keyword"&gt;false&lt;/span&gt; EVP_CIPHER_CTX_cleanup
ISA-L: &lt;span class="code-keyword"&gt;true&lt;/span&gt; /usr/lib/libisal.so.2

root@8c88a2e6d99b:/# ls -lha /usr/lib/x86_64-linux-gnu/libcrypt*
-rw-r--r-- 1 root root 55K Jan 14 10:39 /usr/lib/x86_64-linux-gnu/libcrypt.a
lrwxrwxrwx 1 root root 35 Jan 14 10:39 /usr/lib/x86_64-linux-gnu/libcrypt.so -&amp;gt; /lib/x86_64-linux-gnu/libcrypt.so.1
-rw-r--r-- 1 root root 4.6M Nov 2 11:29 /usr/lib/x86_64-linux-gnu/libcrypto.a
lrwxrwxrwx 1 root root 16 Nov 2 11:29 /usr/lib/x86_64-linux-gnu/libcrypto.so -&amp;gt; libcrypto.so.1.1
-rw-r--r-- 1 root root 2.4M Dec 13 22:09 /usr/lib/x86_64-linux-gnu/libcrypto.so.1.0.2
-rw-r--r-- 1 root root 2.6M Nov 2 11:29 /usr/lib/x86_64-linux-gnu/libcrypto.so.1.1
&lt;/pre&gt;
&lt;/div&gt;&lt;/div&gt;
&lt;p&gt;Ideas/suggestions welcomed.&lt;/p&gt;</comment>
                            <comment id="16516703" author="ossdev07" created="Tue, 19 Jun 2018 06:26:16 +0000">&lt;p&gt;there are various APIs of openssl 1.0.x&#160; which are either obsolete or re-defined in 1.1.x.. so for using openssl 1.1.0 needs to replace old APIs with new APIs of openssl 1.1.0&lt;/p&gt;

&lt;p&gt;We have done this activity in commons-crypto&#160; and now its working fine with openssl 1.1.0&lt;/p&gt;

&lt;p&gt;pull request has been raised waiting to be merged...&lt;/p&gt;

&lt;p&gt;&lt;a href="https://github.com/apache/commons-crypto/pull/78" class="external-link" target="_blank" rel="nofollow noopener"&gt;https://github.com/apache/commons-crypto/pull/78&lt;/a&gt;&lt;/p&gt;

&lt;p&gt;&#160;for reference anyone can refer above pull request ..&lt;/p&gt;</comment>
                            <comment id="16772488" author="vanzin" created="Wed, 20 Feb 2019 00:57:24 +0000">&lt;p&gt;Should be fixed now:&lt;br/&gt;
&lt;a href="https://github.com/apache/commons-crypto/commit/2875340ca3f9f5b19cd14939d9c0fbba500687f1" class="external-link" target="_blank" rel="nofollow noopener"&gt;https://github.com/apache/commons-crypto/commit/2875340ca3f9f5b19cd14939d9c0fbba500687f1&lt;/a&gt;&lt;/p&gt;</comment>
                    </comments>
                <issuelinks>
                            <issuelinktype id="12310000">
                    <name>Duplicate</name>
                                                                <inwardlinks description="is duplicated by">
                                        <issuelink>
            <issuekey id="13162493">CRYPTO-140</issuekey>
        </issuelink>
            <issuelink>
            <issuekey id="13189504">CRYPTO-142</issuekey>
        </issuelink>
                            </inwardlinks>
                                    </issuelinktype>
                    </issuelinks>
                <attachments>
                    </attachments>
                <subtasks>
                    </subtasks>
                <customfields>
                                                                                                                                                                                                                                                                                                                                                                                                                                                                                                                                                                                                                                                                                                                    <customfield id="customfield_12314020" key="com.atlassian.jira.plugins.jira-development-integration-plugin:devsummary">
                        <customfieldname>Development</customfieldname>
                        <customfieldvalues>
                            
                        </customfieldvalues>
                    </customfield>
                                                                                                                        <customfield id="customfield_12313422" key="com.atlassian.jirafisheyeplugin:jobcheckbox">
                        <customfieldname>Enable Automatic Patch Review</customfieldname>
                        <customfieldvalues>
                            <customfieldvalue>false</customfieldvalue>

                        </customfieldvalues>
                    </customfield>
                                                                                                                                                                                                                                                                                                                                                                                                                                                                                                                                                                                                                    <customfield id="customfield_12310420" key="com.pyxis.greenhopper.jira:gh-global-rank">
                        <customfieldname>Global Rank</customfieldname>
                        <customfieldvalues>
                            <customfieldvalue>9223372036854775807</customfieldvalue>
                        </customfieldvalues>
                    </customfield>
                                                                                                                                                                                                                                                                                                                                                                                                                                                                        <customfield id="customfield_12311820" key="com.pyxis.greenhopper.jira:gh-lexo-rank">
                        <customfieldname>Rank</customfieldname>
                        <customfieldvalues>
                            <customfieldvalue>0|i3pomn:</customfieldvalue>

                        </customfieldvalues>
                    </customfield>
                                                                <customfield id="customfield_12310920" key="com.pyxis.greenhopper.jira:gh-global-rank">
                        <customfieldname>Rank (Obsolete)</customfieldname>
                        <customfieldvalues>
                            <customfieldvalue>9223372036854775807</customfieldvalue>
                        </customfieldvalues>
                    </customfield>
                                                                                                                                                                                                                                                                                                                                                                                                                                                                                                                                                                                                                                                                                                                                                                                            </customfields>
    </item>


</channel>
</rss>