<rss version="0.92">
    <channel>
        <title>ASF JIRA</title>
        <link>https://issues.apache.org/jira/issues/?jql=project+%3DCRYPTO+and+type+%3D+bug+and+%28status+%3D+RESOLVED+or+status+%3D+closed%29%0A</link>
        <description>An XML representation of a search request</description>
                <language>en-uk</language>
                        <issue start="0" end="68" total="68" />
                <build-info>
            <version>8.20.7</version>
            <build-number>820007</build-number>
            <build-date>16-03-2022</build-date>
        </build-info>

<item>
            <title>[CRYPTO-1] Prepare Apache Commons Crypto for Apache release</title>
                <link>https://issues.apache.org/jira/browse/CRYPTO-1</link>
                <project id="12320024" key="CRYPTO">Commons Crypto</project>
                    <description>&lt;p&gt;This is an umbrella task tracing the 1st Apache release for Apache Common Crypto.&lt;br/&gt;
Tasks include:&lt;br/&gt;
1. change namespace to Apache&lt;br/&gt;
2. update Wiki and configurations&lt;br/&gt;
3. update site&lt;/p&gt;</description>
                <environment />
        <key id="12959043">CRYPTO-1</key>
            <summary>Prepare Apache Commons Crypto for Apache release</summary>
                <type id="1" iconUrl="https://issues.apache.org/jira/secure/viewavatar?size=xsmall&amp;avatarId=21133&amp;avatarType=issuetype">Bug</type>
                                            <priority id="3" iconUrl="https://issues.apache.org/jira/images/icons/priorities/major.svg">Major</priority>
                        <status id="5" iconUrl="https://issues.apache.org/jira/images/icons/statuses/resolved.png" description="A resolution has been taken, and it is awaiting verification by reporter. From here issues are either reopened, or are closed.">Resolved</status>
                    <statusCategory id="3" key="done" colorName="green" />
                                    <resolution id="1">Fixed</resolution>
                                        <assignee username="Ferd">Ferdinand Xu</assignee>
                                    <reporter username="xu">ferdinand xu</reporter>
                        <labels>
                    </labels>
                <created>Fri, 15 Apr 2016 03:23:47 +0000</created>
                <updated>Thu, 5 May 2016 03:09:46 +0000</updated>
                            <resolved>Thu, 5 May 2016 03:09:46 +0000</resolved>
                                                    <fixVersion>1.0.0</fixVersion>
                                        <due />
                            <votes>0</votes>
                                    <watches>2</watches>
                                                                                                            <comments>
                            <comment id="15271826" author="ferd" created="Thu, 5 May 2016 03:09:46 +0000">&lt;p&gt;Resolved this because all sub tasks completed.&lt;/p&gt;</comment>
                    </comments>
                    <attachments>
                    </attachments>
                <subtasks>
                            <subtask id="12959078">CRYPTO-4</subtask>
                            <subtask id="12959079">CRYPTO-5</subtask>
                            <subtask id="12959095">CRYPTO-7</subtask>
                            <subtask id="12960630">CRYPTO-9</subtask>
                            <subtask id="12961510">CRYPTO-10</subtask>
                            <subtask id="12961550">CRYPTO-11</subtask>
                            <subtask id="12962513">CRYPTO-28</subtask>
                            <subtask id="12963793">CRYPTO-43</subtask>
                            <subtask id="12963804">CRYPTO-44</subtask>
                            <subtask id="12964534">CRYPTO-46</subtask>
                            <subtask id="12964545">CRYPTO-47</subtask>
                            <subtask id="12964547">CRYPTO-48</subtask>
                            <subtask id="12964618">CRYPTO-49</subtask>
                            <subtask id="12964882">CRYPTO-50</subtask>
                            <subtask id="12964885">CRYPTO-51</subtask>
                            <subtask id="12965209">CRYPTO-53</subtask>
                            <subtask id="12965497">CRYPTO-55</subtask>
                    </subtasks>
                <customfields>
                                                                                                                                                                                                                                                                                                                                                                                                                                                                                                                                                                                                                                                                                                                    <customfield id="customfield_12314020" key="com.atlassian.jira.plugins.jira-development-integration-plugin:devsummary">
                        <customfieldname>Development</customfieldname>
                        <customfieldvalues>
                            
                        </customfieldvalues>
                    </customfield>
                                                                                                                        <customfield id="customfield_12313422" key="com.atlassian.jirafisheyeplugin:jobcheckbox">
                        <customfieldname>Enable Automatic Patch Review</customfieldname>
                        <customfieldvalues>
                            <customfieldvalue>false</customfieldvalue>

                        </customfieldvalues>
                    </customfield>
                                                                                                                                                                                                                                                                                                                                                                                                                                                                                                                                                                                                                    <customfield id="customfield_12310420" key="com.pyxis.greenhopper.jira:gh-global-rank">
                        <customfieldname>Global Rank</customfieldname>
                        <customfieldvalues>
                            <customfieldvalue>9223372036854775807</customfieldvalue>
                        </customfieldvalues>
                    </customfield>
                                                                                                                                                                                                                                                                                                                                                                                                                                                                        <customfield id="customfield_12311820" key="com.pyxis.greenhopper.jira:gh-lexo-rank">
                        <customfieldname>Rank</customfieldname>
                        <customfieldvalues>
                            <customfieldvalue>0|i2w5o7:</customfieldvalue>

                        </customfieldvalues>
                    </customfield>
                                                                <customfield id="customfield_12310920" key="com.pyxis.greenhopper.jira:gh-global-rank">
                        <customfieldname>Rank (Obsolete)</customfieldname>
                        <customfieldvalues>
                            <customfieldvalue>9223372036854775807</customfieldvalue>
                        </customfieldvalues>
                    </customfield>
                                                                                                                                                                                                                                                                                                                                                                                                                                                                                                                                                                                                                                                                                                                                                                                            </customfields>
    </item>
</channel>
</rss>