<rss version="0.92">
    <channel>
        <title>ASF JIRA</title>
        <link>https://issues.apache.org/jira/issues/?jql=project+%3DCRYPTO+and+type+%3D+bug+and+%28status+%3D+RESOLVED+or+status+%3D+closed%29%0A</link>
        <description>An XML representation of a search request</description>
                <language>en-uk</language>
                        <issue start="0" end="68" total="68" />
                <build-info>
            <version>8.20.7</version>
            <build-number>820007</build-number>
            <build-date>16-03-2022</build-date>
        </build-info>

<item>
            <title>[CRYPTO-72] CryptoCipherFactory.getInstance does unnecessary class instantiation</title>
                <link>https://issues.apache.org/jira/browse/CRYPTO-72</link>
                <project id="12320024" key="CRYPTO">Commons Crypto</project>
                    <description>&lt;p&gt;The CryptoCipherFactory.getInstance method calls getCipherClasses which splits the string containing the class name(s) and then creates an instance of each (if possible) using ReflectionUtils.getClassByName.&lt;/p&gt;

&lt;p&gt;However the getInstance method stops processing on the first successful class, so any subsequent entries are not used.&lt;/p&gt;

&lt;p&gt;This is wasteful; the call to ReflectionUtils.getClassByName should only be done if it is going to be used.&lt;/p&gt;</description>
                <environment />
        <key id="12979305">CRYPTO-72</key>
            <summary>CryptoCipherFactory.getInstance does unnecessary class instantiation</summary>
                <type id="1" iconUrl="https://issues.apache.org/jira/secure/viewavatar?size=xsmall&amp;avatarId=21133&amp;avatarType=issuetype">Bug</type>
                                            <priority id="3" iconUrl="https://issues.apache.org/jira/images/icons/priorities/major.svg">Major</priority>
                        <status id="5" iconUrl="https://issues.apache.org/jira/images/icons/statuses/resolved.png" description="A resolution has been taken, and it is awaiting verification by reporter. From here issues are either reopened, or are closed.">Resolved</status>
                    <statusCategory id="3" key="done" colorName="green" />
                                    <resolution id="1">Fixed</resolution>
                                        <assignee username="dapengsun">Dapeng Sun</assignee>
                                    <reporter username="sebb">Sebb</reporter>
                        <labels>
                    </labels>
                <created>Wed, 15 Jun 2016 08:59:28 +0000</created>
                <updated>Tue, 21 Jun 2016 03:04:12 +0000</updated>
                            <resolved>Tue, 21 Jun 2016 03:04:11 +0000</resolved>
                                                                        <due />
                            <votes>0</votes>
                                    <watches>1</watches>
                                                                <comments>
                            <comment id="15333370" author="dapengsun" created="Thu, 16 Jun 2016 08:39:33 +0000">&lt;p&gt;Thank &lt;a href="https://issues.apache.org/jira/secure/ViewProfile.jspa?name=sebb%40apache.org" class="user-hover" rel="sebb@apache.org"&gt;sebb@apache.org&lt;/a&gt;, I have fixed it at removing log dependence. Once the pr merged, the issue will be fixed&lt;/p&gt;</comment>
                            <comment id="15339122" author="dapengsun" created="Mon, 20 Jun 2016 07:55:51 +0000">&lt;p&gt;Thank Sebb for filing the issue, I think the issue have been fixed at &lt;a href="https://issues.apache.org/jira/browse/CRYPTO-76" title="Remove log dependence" class="issue-link" data-issue-key="CRYPTO-76"&gt;&lt;del&gt;CRYPTO-76&lt;/del&gt;&lt;/a&gt;, please feel free to reopen if necessary. &lt;/p&gt;

&lt;p&gt;&lt;a href="https://issues.apache.org/jira/browse/CRYPTO-76" title="Remove log dependence" class="issue-link" data-issue-key="CRYPTO-76"&gt;&lt;del&gt;CRYPTO-76&lt;/del&gt;&lt;/a&gt;: Remove log dependence&lt;/p&gt;

&lt;p&gt;Project: &lt;a href="http://git-wip-us.apache.org/repos/asf/commons-crypto/repo" class="external-link" target="_blank" rel="nofollow noopener"&gt;http://git-wip-us.apache.org/repos/asf/commons-crypto/repo&lt;/a&gt;&lt;br/&gt;
Commit: &lt;a href="http://git-wip-us.apache.org/repos/asf/commons-crypto/commit/4117c569" class="external-link" target="_blank" rel="nofollow noopener"&gt;http://git-wip-us.apache.org/repos/asf/commons-crypto/commit/4117c569&lt;/a&gt;&lt;br/&gt;
Tree: &lt;a href="http://git-wip-us.apache.org/repos/asf/commons-crypto/tree/4117c569" class="external-link" target="_blank" rel="nofollow noopener"&gt;http://git-wip-us.apache.org/repos/asf/commons-crypto/tree/4117c569&lt;/a&gt;&lt;br/&gt;
Diff: &lt;a href="http://git-wip-us.apache.org/repos/asf/commons-crypto/diff/4117c569" class="external-link" target="_blank" rel="nofollow noopener"&gt;http://git-wip-us.apache.org/repos/asf/commons-crypto/diff/4117c569&lt;/a&gt;&lt;/p&gt;</comment>
                            <comment id="15339212" author="sebb@apache.org" created="Mon, 20 Jun 2016 09:20:23 +0000">&lt;p&gt;In future, please use separate commits for separate issues.&lt;/p&gt;</comment>
                            <comment id="15340914" author="dapengsun" created="Tue, 21 Jun 2016 02:20:28 +0000">&lt;p&gt;Got it, thank you.&lt;/p&gt;</comment>
                    </comments>
                    <attachments>
                    </attachments>
                <subtasks>
                    </subtasks>
                <customfields>
                                                                                                                                                                                                                                                                                                                                                                                                                                                                                                                                                                                                                                                                                                                    <customfield id="customfield_12314020" key="com.atlassian.jira.plugins.jira-development-integration-plugin:devsummary">
                        <customfieldname>Development</customfieldname>
                        <customfieldvalues>
                            
                        </customfieldvalues>
                    </customfield>
                                                                                                                        <customfield id="customfield_12313422" key="com.atlassian.jirafisheyeplugin:jobcheckbox">
                        <customfieldname>Enable Automatic Patch Review</customfieldname>
                        <customfieldvalues>
                            <customfieldvalue>false</customfieldvalue>

                        </customfieldvalues>
                    </customfield>
                                                                                                                                                                                                                                                                                                                                                                                                                                                                                                                                                                                                                    <customfield id="customfield_12310420" key="com.pyxis.greenhopper.jira:gh-global-rank">
                        <customfieldname>Global Rank</customfieldname>
                        <customfieldvalues>
                            <customfieldvalue>9223372036854775807</customfieldvalue>
                        </customfieldvalues>
                    </customfield>
                                                                                                                                                                                                                                                                                                                                                                                                                                                                        <customfield id="customfield_12311820" key="com.pyxis.greenhopper.jira:gh-lexo-rank">
                        <customfieldname>Rank</customfieldname>
                        <customfieldvalues>
                            <customfieldvalue>0|i2zhj3:</customfieldvalue>

                        </customfieldvalues>
                    </customfield>
                                                                <customfield id="customfield_12310920" key="com.pyxis.greenhopper.jira:gh-global-rank">
                        <customfieldname>Rank (Obsolete)</customfieldname>
                        <customfieldvalues>
                            <customfieldvalue>9223372036854775807</customfieldvalue>
                        </customfieldvalues>
                    </customfield>
                                                                                                                                                                                                                                                                                                                                                                                                                                                                                                                                                                                                                                                                                                                                                                                            </customfields>
    </item>


</channel>
</rss>