<rss version="0.92">
    <channel>
        <title>ASF JIRA</title>
        <link>https://issues.apache.org/jira/issues/?jql=project+%3DCRYPTO+and+type+%3D+bug+and+%28status+%3D+RESOLVED+or+status+%3D+closed%29%0A</link>
        <description>An XML representation of a search request</description>
                <language>en-uk</language>
                        <issue start="0" end="68" total="68" />
                <build-info>
            <version>8.20.7</version>
            <build-number>820007</build-number>
            <build-date>16-03-2022</build-date>
        </build-info>

<item>
            <title>[CRYPTO-66] Warnings compiling - bootstrap class path not set</title>
                <link>https://issues.apache.org/jira/browse/CRYPTO-66</link>
                <project id="12320024" key="CRYPTO">Commons Crypto</project>
                    <description>&lt;p&gt;The following appears in the build output:&lt;/p&gt;

&lt;p&gt;&lt;span class="error"&gt;&amp;#91;exec&amp;#93;&lt;/span&gt; "$JAVA_HOME/bin/javac" -source 1.6 -target 1.6 -d target/jni-classes -sourcepath src/main/java src/main/java/org/apache/commons/crypto/random/OpensslCryptoRandomNative.java&lt;br/&gt;
&lt;span class="error"&gt;&amp;#91;exec&amp;#93;&lt;/span&gt; warning: &lt;span class="error"&gt;&amp;#91;options&amp;#93;&lt;/span&gt; bootstrap class path not set in conjunction with -source 1.6&lt;/p&gt;

&lt;p&gt;This can be fixed by adding something like the following to Makefile:&lt;/p&gt;

&lt;p&gt;$(JAVAC) $(BOOT) -source 1.6 ...&lt;/p&gt;

&lt;p&gt;where&lt;/p&gt;

&lt;p&gt;BOOT_LIB:=$(JAVA_HOME)/jre/lib/rt.jar&lt;br/&gt;
BOOT:=-bootclasspath $(BOOT_LIB)&lt;/p&gt;

&lt;p&gt;The BOOT variables should probably be defined in Makefile.common&lt;/p&gt;</description>
                <environment />
        <key id="12977849">CRYPTO-66</key>
            <summary>Warnings compiling - bootstrap class path not set</summary>
                <type id="1" iconUrl="https://issues.apache.org/jira/secure/viewavatar?size=xsmall&amp;avatarId=21133&amp;avatarType=issuetype">Bug</type>
                                            <priority id="3" iconUrl="https://issues.apache.org/jira/images/icons/priorities/major.svg">Major</priority>
                        <status id="5" iconUrl="https://issues.apache.org/jira/images/icons/statuses/resolved.png" description="A resolution has been taken, and it is awaiting verification by reporter. From here issues are either reopened, or are closed.">Resolved</status>
                    <statusCategory id="3" key="done" colorName="green" />
                                    <resolution id="1">Fixed</resolution>
                                        <assignee username="dapengsun">Dapeng Sun</assignee>
                                    <reporter username="sebb">Sebb</reporter>
                        <labels>
                    </labels>
                <created>Sat, 11 Jun 2016 10:35:42 +0000</created>
                <updated>Thu, 16 Jun 2016 13:31:50 +0000</updated>
                            <resolved>Thu, 16 Jun 2016 03:24:21 +0000</resolved>
                                                                        <due />
                            <votes>0</votes>
                                    <watches>1</watches>
                                                                <comments>
                            <comment id="15325830" author="sebb@apache.org" created="Sat, 11 Jun 2016 11:44:29 +0000">&lt;p&gt;It's not clear why the Java classes are compiled by the Makefile.&lt;br/&gt;
They are also compiled by the pom, but the class files end up in a different directory.&lt;br/&gt;
This could be fixed separately.&lt;/p&gt;</comment>
                            <comment id="15329017" author="dapengsun" created="Tue, 14 Jun 2016 07:33:15 +0000">&lt;p&gt;Thank  &lt;a href="https://issues.apache.org/jira/secure/ViewProfile.jspa?name=sebb%40apache.org" class="user-hover" rel="sebb@apache.org"&gt;sebb@apache.org&lt;/a&gt; for filing the ticket, I also think Java classes should not be compiled by the Makefile. &lt;/p&gt;

&lt;p&gt;pr created &lt;a href="https://github.com/apache/commons-crypto/pull/51" class="external-link" target="_blank" rel="nofollow noopener"&gt;https://github.com/apache/commons-crypto/pull/51&lt;/a&gt; for fixing this issue. the warning will also disappear in the fix.&lt;/p&gt;</comment>
                            <comment id="15332990" author="dapengsun" created="Thu, 16 Jun 2016 03:24:06 +0000">&lt;p&gt;Committed to master&lt;/p&gt;</comment>
                            <comment id="15333771" author="sebb@apache.org" created="Thu, 16 Jun 2016 13:31:50 +0000">&lt;p&gt;&lt;a href="https://issues.apache.org/jira/browse/CRYPTO-66" title="Warnings compiling - bootstrap class path not set" class="issue-link" data-issue-key="CRYPTO-66"&gt;&lt;del&gt;CRYPTO-66&lt;/del&gt;&lt;/a&gt;: Fix compiling warning&lt;/p&gt;


&lt;p&gt;Project: &lt;a href="http://git-wip-us.apache.org/repos/asf/commons-crypto/repo" class="external-link" target="_blank" rel="nofollow noopener"&gt;http://git-wip-us.apache.org/repos/asf/commons-crypto/repo&lt;/a&gt;&lt;br/&gt;
Commit: &lt;a href="http://git-wip-us.apache.org/repos/asf/commons-crypto/commit/f4513247" class="external-link" target="_blank" rel="nofollow noopener"&gt;http://git-wip-us.apache.org/repos/asf/commons-crypto/commit/f4513247&lt;/a&gt;&lt;br/&gt;
Tree: &lt;a href="http://git-wip-us.apache.org/repos/asf/commons-crypto/tree/f4513247" class="external-link" target="_blank" rel="nofollow noopener"&gt;http://git-wip-us.apache.org/repos/asf/commons-crypto/tree/f4513247&lt;/a&gt;&lt;br/&gt;
Diff: &lt;a href="http://git-wip-us.apache.org/repos/asf/commons-crypto/diff/f4513247" class="external-link" target="_blank" rel="nofollow noopener"&gt;http://git-wip-us.apache.org/repos/asf/commons-crypto/diff/f4513247&lt;/a&gt;&lt;/p&gt;</comment>
                    </comments>
                    <attachments>
                    </attachments>
                <subtasks>
                    </subtasks>
                <customfields>
                                                                                                                                                                                                                                                                                                                                                                                                                                                                                                                                                                                                                                                                                                                    <customfield id="customfield_12314020" key="com.atlassian.jira.plugins.jira-development-integration-plugin:devsummary">
                        <customfieldname>Development</customfieldname>
                        <customfieldvalues>
                            
                        </customfieldvalues>
                    </customfield>
                                                                                                                        <customfield id="customfield_12313422" key="com.atlassian.jirafisheyeplugin:jobcheckbox">
                        <customfieldname>Enable Automatic Patch Review</customfieldname>
                        <customfieldvalues>
                            <customfieldvalue>false</customfieldvalue>

                        </customfieldvalues>
                    </customfield>
                                                                                                                                                                                                                                                                                                                                                                                                                                                                                                                                                                                                                    <customfield id="customfield_12310420" key="com.pyxis.greenhopper.jira:gh-global-rank">
                        <customfieldname>Global Rank</customfieldname>
                        <customfieldvalues>
                            <customfieldvalue>9223372036854775807</customfieldvalue>
                        </customfieldvalues>
                    </customfield>
                                                                                                                                                                                                                                                                                                                                                                                                                                                                        <customfield id="customfield_12311820" key="com.pyxis.greenhopper.jira:gh-lexo-rank">
                        <customfieldname>Rank</customfieldname>
                        <customfieldvalues>
                            <customfieldvalue>0|i2zbv3:</customfieldvalue>

                        </customfieldvalues>
                    </customfield>
                                                                <customfield id="customfield_12310920" key="com.pyxis.greenhopper.jira:gh-global-rank">
                        <customfieldname>Rank (Obsolete)</customfieldname>
                        <customfieldvalues>
                            <customfieldvalue>9223372036854775807</customfieldvalue>
                        </customfieldvalues>
                    </customfield>
                                                                                                                                                                                                                                                                                                                                                                                                                                                                                                                                                                                                                                                                                                                                                                                            </customfields>
    </item>


</channel>
</rss>