<rss version="0.92">
    <channel>
        <title>ASF JIRA</title>
        <link>https://issues.apache.org/jira/issues/?jql=project+%3DCRYPTO+and+type+%3D+bug+and+%28status+%3D+RESOLVED+or+status+%3D+closed%29%0A</link>
        <description>An XML representation of a search request</description>
                <language>en-uk</language>
                        <issue start="0" end="68" total="68" />
                <build-info>
            <version>8.20.7</version>
            <build-number>820007</build-number>
            <build-date>16-03-2022</build-date>
        </build-info>

<item>
            <title>[CRYPTO-129] Change access of instance variables from package private to private (or protected if appropriate)</title>
                <link>https://issues.apache.org/jira/browse/CRYPTO-129</link>
                <project id="12320024" key="CRYPTO">Commons Crypto</project>
                    <description>&lt;p&gt;Change access of instance variables from package private to private (or protected if appropriate).&lt;/p&gt;</description>
                <environment />
        <key id="13019151">CRYPTO-129</key>
            <summary>Change access of instance variables from package private to private (or protected if appropriate)</summary>
                <type id="1" iconUrl="https://issues.apache.org/jira/secure/viewavatar?size=xsmall&amp;avatarId=21133&amp;avatarType=issuetype">Bug</type>
                                            <priority id="3" iconUrl="https://issues.apache.org/jira/images/icons/priorities/major.svg">Major</priority>
                        <status id="5" iconUrl="https://issues.apache.org/jira/images/icons/statuses/resolved.png" description="A resolution has been taken, and it is awaiting verification by reporter. From here issues are either reopened, or are closed.">Resolved</status>
                    <statusCategory id="3" key="done" colorName="green" />
                                    <resolution id="1">Fixed</resolution>
                                        <assignee username="JonnyR">Jianguo Tian</assignee>
                                    <reporter username="ggregory">Gary D. Gregory</reporter>
                        <labels>
                    </labels>
                <created>Tue, 8 Nov 2016 09:30:18 +0000</created>
                <updated>Wed, 15 Feb 2017 22:02:56 +0000</updated>
                            <resolved>Wed, 15 Feb 2017 22:02:56 +0000</resolved>
                                    <version>1.0.0</version>
                                                        <due />
                            <votes>0</votes>
                                    <watches>3</watches>
                                                                <comments>
                            <comment id="15653203" author="jonnyr" created="Thu, 10 Nov 2016 06:36:41 +0000">&lt;p&gt;I'm looking into this issue, may I take over this jira?&lt;/p&gt;</comment>
                            <comment id="15653209" author="dapengsun" created="Thu, 10 Nov 2016 06:39:42 +0000">&lt;p&gt;Sure, thank &lt;a href="https://issues.apache.org/jira/secure/ViewProfile.jspa?name=JonnyR" class="user-hover" rel="JonnyR"&gt;JonnyR&lt;/a&gt;. Pls send a pull request at github after you finish the development.&lt;/p&gt;

&lt;p&gt;&lt;a href="https://github.com/apache/commons-crypto/blob/master/CONTRIBUTING.md" class="external-link" target="_blank" rel="nofollow noopener"&gt;https://github.com/apache/commons-crypto/blob/master/CONTRIBUTING.md&lt;/a&gt;&lt;/p&gt;</comment>
                            <comment id="15663091" author="jonnyr" created="Mon, 14 Nov 2016 08:03:06 +0000">&lt;p&gt;I have fixed this jira with the first step and I have &lt;a href="https://github.com/apache/commons-crypto/pull/73" class="external-link" target="_blank" rel="nofollow noopener"&gt;pull request&lt;/a&gt; it on GitHub. &lt;a href="https://issues.apache.org/jira/secure/ViewProfile.jspa?name=garydgregory" class="user-hover" rel="garydgregory"&gt;garydgregory&lt;/a&gt;, could you please help me to review? Thanks a lot!&lt;/p&gt;</comment>
                            <comment id="15862095" author="vanzin" created="Sat, 11 Feb 2017 00:51:04 +0000">&lt;p&gt;Looks fixed?&lt;/p&gt;

&lt;p&gt;&lt;a href="https://github.com/apache/commons-crypto/commit/dc1769ed66b762646cdc7d2f5b268f274485f6b3" class="external-link" target="_blank" rel="nofollow noopener"&gt;https://github.com/apache/commons-crypto/commit/dc1769ed66b762646cdc7d2f5b268f274485f6b3&lt;/a&gt;&lt;/p&gt;</comment>
                            <comment id="15863127" author="dapengsun" created="Mon, 13 Feb 2017 02:29:21 +0000">&lt;p&gt;Hi &lt;a href="https://issues.apache.org/jira/secure/ViewProfile.jspa?name=vanzin" class="user-hover" rel="vanzin"&gt;vanzin&lt;/a&gt;, it have been committed to master, do you have any idea?&lt;/p&gt;</comment>
                            <comment id="15863568" author="sebb@apache.org" created="Mon, 13 Feb 2017 12:23:19 +0000">&lt;p&gt;Protected fields should be avoided if possible.&lt;/p&gt;

&lt;p&gt;Once exposed as part of the API, that constrains future development.&lt;br/&gt;
For example, if a protected field needs to be changed from an int to a long, that cannot be done without breaking the API.&lt;br/&gt;
Or if the code is changed and no longer needs the field, it still has to be maintained or the functionality may be broken.&lt;/p&gt;

&lt;p&gt;And protected mutable fields should never be used in new code.&lt;br/&gt;
It's impossible to ensure thread-safety if there are any exposed mutable fields.&lt;br/&gt;
So for example only empty arrays can ever be safely exposed.&lt;/p&gt;

&lt;p&gt;Only constants should be exposed, and only if they really are constants that will never change. Otherwise one can run into problems with constant embedding - the Java compiler can take copies of constants from one class to another.&lt;/p&gt;</comment>
                            <comment id="15863582" author="sebb@apache.org" created="Mon, 13 Feb 2017 12:32:00 +0000">&lt;p&gt;See &lt;a href="https://wiki.apache.org/commons/CodeStyle" class="external-link" target="_blank" rel="nofollow noopener"&gt;https://wiki.apache.org/commons/CodeStyle&lt;/a&gt;&lt;/p&gt;</comment>
                            <comment id="15865374" author="dapengsun" created="Tue, 14 Feb 2017 08:45:40 +0000">&lt;p&gt;Thank &lt;a href="https://issues.apache.org/jira/secure/ViewProfile.jspa?name=vanzin" class="user-hover" rel="vanzin"&gt;vanzin&lt;/a&gt;, &lt;a href="https://issues.apache.org/jira/secure/ViewProfile.jspa?name=sebb%40apache.org" class="user-hover" rel="sebb@apache.org"&gt;sebb@apache.org&lt;/a&gt;, I'm agreed we should fix it.&lt;/p&gt;</comment>
                            <comment id="15868637" author="sebb@apache.org" created="Wed, 15 Feb 2017 21:53:44 +0000">&lt;p&gt;Note: if instance variables can be made private instead of package protected, obviously that is a good idea.&lt;br/&gt;
In this case that only applies to some of the test classes&lt;/p&gt;</comment>
                            <comment id="15868648" author="sebb@apache.org" created="Wed, 15 Feb 2017 22:02:24 +0000">&lt;p&gt;&lt;a href="https://issues.apache.org/jira/browse/CRYPTO-129" title="Change access of instance variables from package private to private (or protected if appropriate)" class="issue-link" data-issue-key="CRYPTO-129"&gt;&lt;del&gt;CRYPTO-129&lt;/del&gt;&lt;/a&gt; Revert unnecessary exposure of instance variables&lt;/p&gt;

&lt;p&gt;Project: &lt;a href="http://git-wip-us.apache.org/repos/asf/commons-crypto/repo" class="external-link" target="_blank" rel="nofollow noopener"&gt;http://git-wip-us.apache.org/repos/asf/commons-crypto/repo&lt;/a&gt;&lt;br/&gt;
Commit: &lt;a href="http://git-wip-us.apache.org/repos/asf/commons-crypto/commit/c24b691a" class="external-link" target="_blank" rel="nofollow noopener"&gt;http://git-wip-us.apache.org/repos/asf/commons-crypto/commit/c24b691a&lt;/a&gt;&lt;br/&gt;
Tree: &lt;a href="http://git-wip-us.apache.org/repos/asf/commons-crypto/tree/c24b691a" class="external-link" target="_blank" rel="nofollow noopener"&gt;http://git-wip-us.apache.org/repos/asf/commons-crypto/tree/c24b691a&lt;/a&gt;&lt;br/&gt;
Diff: &lt;a href="http://git-wip-us.apache.org/repos/asf/commons-crypto/diff/c24b691a" class="external-link" target="_blank" rel="nofollow noopener"&gt;http://git-wip-us.apache.org/repos/asf/commons-crypto/diff/c24b691a&lt;/a&gt;&lt;/p&gt;
</comment>
                    </comments>
                    <attachments>
                    </attachments>
                <subtasks>
                    </subtasks>
                <customfields>
                                                                                                                                                                                                                                                                                                                                                                                                                                                                                                                                                                                                                                                                                                                    <customfield id="customfield_12314020" key="com.atlassian.jira.plugins.jira-development-integration-plugin:devsummary">
                        <customfieldname>Development</customfieldname>
                        <customfieldvalues>
                            
                        </customfieldvalues>
                    </customfield>
                                                                                                                        <customfield id="customfield_12313422" key="com.atlassian.jirafisheyeplugin:jobcheckbox">
                        <customfieldname>Enable Automatic Patch Review</customfieldname>
                        <customfieldvalues>
                            <customfieldvalue>false</customfieldvalue>

                        </customfieldvalues>
                    </customfield>
                                                                                                                                                                                                                                                                                                                                                                                                                                                                                                                                                                                                                    <customfield id="customfield_12310420" key="com.pyxis.greenhopper.jira:gh-global-rank">
                        <customfieldname>Global Rank</customfieldname>
                        <customfieldvalues>
                            <customfieldvalue>9223372036854775807</customfieldvalue>
                        </customfieldvalues>
                    </customfield>
                                                                                                                                                                                                                                                                                                                                                                                                                                                                        <customfield id="customfield_12311820" key="com.pyxis.greenhopper.jira:gh-lexo-rank">
                        <customfieldname>Rank</customfieldname>
                        <customfieldvalues>
                            <customfieldvalue>0|i3624f:</customfieldvalue>

                        </customfieldvalues>
                    </customfield>
                                                                <customfield id="customfield_12310920" key="com.pyxis.greenhopper.jira:gh-global-rank">
                        <customfieldname>Rank (Obsolete)</customfieldname>
                        <customfieldvalues>
                            <customfieldvalue>9223372036854775807</customfieldvalue>
                        </customfieldvalues>
                    </customfield>
                                                                                                                                                                                                                                                                                                                                                                                                                                                                                                                                                                                                                                                                                                                                                                                            </customfields>
    </item>


</channel>
</rss>