<rss version="0.92">
    <channel>
        <title>ASF JIRA</title>
        <link>https://issues.apache.org/jira/issues/?jql=project+%3DCRYPTO+and+type+%3D+bug+and+%28status+%3D+RESOLVED+or+status+%3D+closed%29%0A</link>
        <description>An XML representation of a search request</description>
                <language>en-uk</language>
                        <issue start="0" end="68" total="68" />
                <build-info>
            <version>8.20.7</version>
            <build-number>820007</build-number>
            <build-date>16-03-2022</build-date>
        </build-info>

<item>
            <title>[CRYPTO-90] Utils loads system properties during class loading</title>
                <link>https://issues.apache.org/jira/browse/CRYPTO-90</link>
                <project id="12320024" key="CRYPTO">Commons Crypto</project>
                    <description>&lt;p&gt;The Utils class reads properties from a properties file if it exists, and adds them to the set of System properties.&lt;/p&gt;

&lt;p&gt;There are several problems with this:&lt;/p&gt;
&lt;ul class="alternate" type="square"&gt;
	&lt;li&gt;there's no way of knowing exactly when the properties will be processed, because it depends when the Utils class is first used&lt;/li&gt;
	&lt;li&gt;generally it's a bad idea to update System properties.&lt;/li&gt;
	&lt;li&gt;updates to System properties require additional privileges, so the behaviour of the code will depend on the environment in which it is run.&lt;/li&gt;
	&lt;li&gt;the code catches Throwable, which is not allowed.&lt;/li&gt;
&lt;/ul&gt;


&lt;p&gt;If there is a use case for supporting a properties file, it should be processed at a predictable stage in the code, should be done before command-line parameters are processed, and should not require updating System properties.&lt;/p&gt;</description>
                <environment />
        <key id="12982708">CRYPTO-90</key>
            <summary>Utils loads system properties during class loading</summary>
                <type id="1" iconUrl="https://issues.apache.org/jira/secure/viewavatar?size=xsmall&amp;avatarId=21133&amp;avatarType=issuetype">Bug</type>
                                            <priority id="3" iconUrl="https://issues.apache.org/jira/images/icons/priorities/major.svg">Major</priority>
                        <status id="5" iconUrl="https://issues.apache.org/jira/images/icons/statuses/resolved.png" description="A resolution has been taken, and it is awaiting verification by reporter. From here issues are either reopened, or are closed.">Resolved</status>
                    <statusCategory id="3" key="done" colorName="green" />
                                    <resolution id="1">Fixed</resolution>
                                        <assignee username="dapengsun">Dapeng Sun</assignee>
                                    <reporter username="sebb">Sebb</reporter>
                        <labels>
                    </labels>
                <created>Fri, 24 Jun 2016 14:38:39 +0000</created>
                <updated>Wed, 6 Jul 2016 05:56:33 +0000</updated>
                            <resolved>Wed, 29 Jun 2016 22:53:43 +0000</resolved>
                                                    <fixVersion>1.0.0</fixVersion>
                                        <due />
                            <votes>0</votes>
                                    <watches>1</watches>
                                                                <comments>
                            <comment id="15352891" author="sebb@apache.org" created="Tue, 28 Jun 2016 12:12:31 +0000">&lt;p&gt;An alternative approach would be to add a method to return a local Properties instance.&lt;/p&gt;

&lt;p&gt;For example (pseudocode):&lt;/p&gt;

&lt;div class="code panel" style="border-width: 1px;"&gt;&lt;div class="codeContent panelContent"&gt;
&lt;pre class="code-java"&gt;&lt;span class="code-keyword"&gt;private&lt;/span&gt; Properties getDefaultProperties() {
    Properties props = &lt;span class="code-keyword"&gt;new&lt;/span&gt; Properties(&lt;span class="code-object"&gt;System&lt;/span&gt;.getProperties()); &lt;span class="code-comment"&gt;// &lt;span class="code-keyword"&gt;default&lt;/span&gt; to system
&lt;/span&gt;    &lt;span class="code-keyword"&gt;for&lt;/span&gt; (prop in ConfigurationKeys.SYSTEM_PROPERTIES_FILE) { &lt;span class="code-comment"&gt;// pseudo-code
&lt;/span&gt;        &lt;span class="code-keyword"&gt;if&lt;/span&gt; (&lt;span class="code-object"&gt;System&lt;/span&gt;.getProperty(prop.name()) == &lt;span class="code-keyword"&gt;null&lt;/span&gt;) { &lt;span class="code-comment"&gt;// add local prop &lt;span class="code-keyword"&gt;if&lt;/span&gt; not defined by system
&lt;/span&gt;            props.addProperty(prop);
        }
    }
    &lt;span class="code-keyword"&gt;return&lt;/span&gt; props;
}
&lt;span class="code-keyword"&gt;public&lt;/span&gt; getProperties() {
    &lt;span class="code-keyword"&gt;return&lt;/span&gt; &lt;span class="code-keyword"&gt;new&lt;/span&gt; Properties(getDefaultProperties()); &lt;span class="code-comment"&gt;// protect the defaults against change
&lt;/span&gt;}
&lt;/pre&gt;
&lt;/div&gt;&lt;/div&gt;

&lt;p&gt;This would allow arbitrary properties to be defined in the Properties instance without needing to change any SystemProperties.&lt;/p&gt;

&lt;p&gt;Note: the defaults processing could be done once by using the IODH idiom&lt;/p&gt;</comment>
                            <comment id="15354992" author="dapengsun" created="Wed, 29 Jun 2016 10:22:14 +0000">&lt;p&gt;Thank Sebb, &lt;a href="https://github.com/apache/commons-crypto/pull/65" class="external-link" target="_blank" rel="nofollow noopener"&gt;https://github.com/apache/commons-crypto/pull/65&lt;/a&gt; is created for this issue.&lt;/p&gt;</comment>
                            <comment id="15355937" author="sebb@apache.org" created="Wed, 29 Jun 2016 22:53:43 +0000">&lt;p&gt;&lt;a href="https://issues.apache.org/jira/browse/CRYPTO-90" title="Utils loads system properties during class loading" class="issue-link" data-issue-key="CRYPTO-90"&gt;&lt;del&gt;CRYPTO-90&lt;/del&gt;&lt;/a&gt;: Utils loads system properties during class loading&lt;/p&gt;

&lt;p&gt;Adapted from PR65&lt;br/&gt;
Fixes #65&lt;/p&gt;

&lt;p&gt;Project: &lt;a href="http://git-wip-us.apache.org/repos/asf/commons-crypto/repo" class="external-link" target="_blank" rel="nofollow noopener"&gt;http://git-wip-us.apache.org/repos/asf/commons-crypto/repo&lt;/a&gt;&lt;br/&gt;
Commit: &lt;a href="http://git-wip-us.apache.org/repos/asf/commons-crypto/commit/7c544f69" class="external-link" target="_blank" rel="nofollow noopener"&gt;http://git-wip-us.apache.org/repos/asf/commons-crypto/commit/7c544f69&lt;/a&gt;&lt;br/&gt;
Tree: &lt;a href="http://git-wip-us.apache.org/repos/asf/commons-crypto/tree/7c544f69" class="external-link" target="_blank" rel="nofollow noopener"&gt;http://git-wip-us.apache.org/repos/asf/commons-crypto/tree/7c544f69&lt;/a&gt;&lt;br/&gt;
Diff: &lt;a href="http://git-wip-us.apache.org/repos/asf/commons-crypto/diff/7c544f69" class="external-link" target="_blank" rel="nofollow noopener"&gt;http://git-wip-us.apache.org/repos/asf/commons-crypto/diff/7c544f69&lt;/a&gt;&lt;/p&gt;</comment>
                            <comment id="15362298" author="sebb@apache.org" created="Tue, 5 Jul 2016 09:50:58 +0000">&lt;p&gt;&lt;a href="https://issues.apache.org/jira/browse/CRYPTO-90" title="Utils loads system properties during class loading" class="issue-link" data-issue-key="CRYPTO-90"&gt;&lt;del&gt;CRYPTO-90&lt;/del&gt;&lt;/a&gt; Utils loads system properties during class loading&lt;/p&gt;

&lt;p&gt;Fix up NativeCodeLoader so it still sees properties from the local file.&lt;br/&gt;
These are no longer copied into the System props, so need to use the&lt;br/&gt;
defaultProperties from Utils&lt;/p&gt;

&lt;p&gt;Project: &lt;a href="http://git-wip-us.apache.org/repos/asf/commons-crypto/repo" class="external-link" target="_blank" rel="nofollow noopener"&gt;http://git-wip-us.apache.org/repos/asf/commons-crypto/repo&lt;/a&gt;&lt;br/&gt;
Commit: &lt;a href="http://git-wip-us.apache.org/repos/asf/commons-crypto/commit/7274287f" class="external-link" target="_blank" rel="nofollow noopener"&gt;http://git-wip-us.apache.org/repos/asf/commons-crypto/commit/7274287f&lt;/a&gt;&lt;br/&gt;
Tree: &lt;a href="http://git-wip-us.apache.org/repos/asf/commons-crypto/tree/7274287f" class="external-link" target="_blank" rel="nofollow noopener"&gt;http://git-wip-us.apache.org/repos/asf/commons-crypto/tree/7274287f&lt;/a&gt;&lt;br/&gt;
Diff: &lt;a href="http://git-wip-us.apache.org/repos/asf/commons-crypto/diff/7274287f" class="external-link" target="_blank" rel="nofollow noopener"&gt;http://git-wip-us.apache.org/repos/asf/commons-crypto/diff/7274287f&lt;/a&gt;&lt;/p&gt;</comment>
                    </comments>
                <issuelinks>
                            <issuelinktype id="10030">
                    <name>Reference</name>
                                            <outwardlinks description="relates to">
                                        <issuelink>
            <issuekey id="12984326">CRYPTO-92</issuekey>
        </issuelink>
                            </outwardlinks>
                                                        </issuelinktype>
                    </issuelinks>
                <attachments>
                    </attachments>
                <subtasks>
                    </subtasks>
                <customfields>
                                                                                                                                                                                                                                                                                                                                                                                                                                                                                                                                                                                                                                                                                                                    <customfield id="customfield_12314020" key="com.atlassian.jira.plugins.jira-development-integration-plugin:devsummary">
                        <customfieldname>Development</customfieldname>
                        <customfieldvalues>
                            
                        </customfieldvalues>
                    </customfield>
                                                                                                                        <customfield id="customfield_12313422" key="com.atlassian.jirafisheyeplugin:jobcheckbox">
                        <customfieldname>Enable Automatic Patch Review</customfieldname>
                        <customfieldvalues>
                            <customfieldvalue>false</customfieldvalue>

                        </customfieldvalues>
                    </customfield>
                                                                                                                                                                                                                                                                                                                                                                                                                                                                                                                                                                                                                    <customfield id="customfield_12310420" key="com.pyxis.greenhopper.jira:gh-global-rank">
                        <customfieldname>Global Rank</customfieldname>
                        <customfieldvalues>
                            <customfieldvalue>9223372036854775807</customfieldvalue>
                        </customfieldvalues>
                    </customfield>
                                                                                                                                                                                                                                                                                                                                                                                                                                                                        <customfield id="customfield_12311820" key="com.pyxis.greenhopper.jira:gh-lexo-rank">
                        <customfieldname>Rank</customfieldname>
                        <customfieldvalues>
                            <customfieldvalue>0|i301db:</customfieldvalue>

                        </customfieldvalues>
                    </customfield>
                                                                <customfield id="customfield_12310920" key="com.pyxis.greenhopper.jira:gh-global-rank">
                        <customfieldname>Rank (Obsolete)</customfieldname>
                        <customfieldvalues>
                            <customfieldvalue>9223372036854775807</customfieldvalue>
                        </customfieldvalues>
                    </customfield>
                                                                                                                                                                                                                                                                                                                                                                                                                                                                                                                                                                                                                                                                                                                                                                                            </customfields>
    </item>


</channel>
</rss>