<rss version="0.92">
    <channel>
        <title>ASF JIRA</title>
        <link>https://issues.apache.org/jira/issues/?jql=project+%3DCRYPTO+and+type+%3D+bug+and+%28status+%3D+RESOLVED+or+status+%3D+closed%29%0A</link>
        <description>An XML representation of a search request</description>
                <language>en-uk</language>
                        <issue start="0" end="68" total="68" />
                <build-info>
            <version>8.20.7</version>
            <build-number>820007</build-number>
            <build-date>16-03-2022</build-date>
        </build-info>

<item>
            <title>[CRYPTO-103] NativeCodeLoader.getVersion() is not needed</title>
                <link>https://issues.apache.org/jira/browse/CRYPTO-103</link>
                <project id="12320024" key="CRYPTO">Commons Crypto</project>
                    <description>&lt;p&gt;The NativeCodeLoader.getVersion() method seems badly named, as it has nothing to do with the native code that has been loaded.&lt;/p&gt;

&lt;p&gt;It only relates to the version of the Java code in the jar.&lt;/p&gt;

&lt;p&gt;I would expect the method to return the version details from the library itself.&lt;/p&gt;

&lt;p&gt;If there is a need to return the Java code version, it should be done from a method in another class, e.g. Utils or Crypto. Note: also the extraction should be done once, e.g. using IODH or using a synchronised/volatile lock.&lt;/p&gt;</description>
                <environment />
        <key id="12986593">CRYPTO-103</key>
            <summary>NativeCodeLoader.getVersion() is not needed</summary>
                <type id="1" iconUrl="https://issues.apache.org/jira/secure/viewavatar?size=xsmall&amp;avatarId=21133&amp;avatarType=issuetype">Bug</type>
                                            <priority id="3" iconUrl="https://issues.apache.org/jira/images/icons/priorities/major.svg">Major</priority>
                        <status id="5" iconUrl="https://issues.apache.org/jira/images/icons/statuses/resolved.png" description="A resolution has been taken, and it is awaiting verification by reporter. From here issues are either reopened, or are closed.">Resolved</status>
                    <statusCategory id="3" key="done" colorName="green" />
                                    <resolution id="1">Fixed</resolution>
                                        <assignee username="dapengsun">Dapeng Sun</assignee>
                                    <reporter username="sebb">Sebb</reporter>
                        <labels>
                    </labels>
                <created>Mon, 4 Jul 2016 12:52:54 +0000</created>
                <updated>Mon, 11 Jul 2016 08:19:30 +0000</updated>
                            <resolved>Sat, 9 Jul 2016 12:22:49 +0000</resolved>
                                                    <fixVersion>1.0.0</fixVersion>
                                        <due />
                            <votes>0</votes>
                                    <watches>1</watches>
                                                                <comments>
                            <comment id="15365869" author="dapengsun" created="Thu, 7 Jul 2016 09:28:34 +0000">&lt;p&gt;Thank Sebb, since the version is only used at loading native. I prefer to change method name to getCryptoVersion and remove the Crypto#getVersion(). &lt;/p&gt;

&lt;blockquote&gt;&lt;p&gt; also the extraction should be done once, e.g. using IODH or using a synchronised/volatile lock.&lt;/p&gt;&lt;/blockquote&gt;
&lt;p&gt;In fact, the method is called at static block and it is limited for outside, I don't think we need to add a lock.&lt;/p&gt;

&lt;p&gt;Do you have any comment?&lt;/p&gt;</comment>
                            <comment id="15367167" author="dapengsun" created="Fri, 8 Jul 2016 03:33:00 +0000">&lt;p&gt;Related PR : &lt;a href="https://github.com/apache/commons-crypto/pull/69" class="external-link" target="_blank" rel="nofollow noopener"&gt;https://github.com/apache/commons-crypto/pull/69&lt;/a&gt;&lt;/p&gt;</comment>
                            <comment id="15367423" author="sebb@apache.org" created="Fri, 8 Jul 2016 09:06:27 +0000">&lt;p&gt;I was forgetting that the version is also used to load the library.&lt;/p&gt;

&lt;p&gt;But I think the method does not belong in NativeCodeLoader.&lt;br/&gt;
Also it would be useful to have that info available (&lt;a href="https://issues.apache.org/jira/browse/CRYPTO-104" title="Native code should provide getVersion() methods" class="issue-link" data-issue-key="CRYPTO-104"&gt;&lt;del&gt;CRYPTO-104&lt;/del&gt;&lt;/a&gt;).&lt;/p&gt;

&lt;p&gt;A better solution might be to put the code into the Crypto class &lt;img class="emoticon" src="https://issues.apache.org/jira/images/icons/emoticons/star_yellow.png" height="16" width="16" align="absmiddle" alt="" border="0"/&gt; and then use it from the NativeCodeLoader.&lt;/p&gt;


&lt;p&gt;&lt;img class="emoticon" src="https://issues.apache.org/jira/images/icons/emoticons/star_yellow.png" height="16" width="16" align="absmiddle" alt="" border="0"/&gt; using a less ambiguous name, e.g. getComponentVersion()&lt;/p&gt;</comment>
                            <comment id="15368636" author="sebb@apache.org" created="Fri, 8 Jul 2016 22:55:07 +0000">&lt;p&gt;Looking into it further, I don't think the NativeCodeLoader.getVersion() method is actually needed.&lt;/p&gt;

&lt;p&gt;It's only used as part of the name of a temporary file which is deleted on exit.&lt;br/&gt;
The file name also contains a random UUID.&lt;br/&gt;
The version does not appear to offer any benefit at all.&lt;br/&gt;
It does not help make the name unique (since it will be constant for a given version of Crypto) and there is no need to identify the file by its version (tests still work if the version is 'unknown'). And the file is deleted after use.&lt;/p&gt;

&lt;p&gt;I think the code should be removed along with Crypto.getVersion().&lt;/p&gt;

&lt;p&gt;At some later stage new version methods can be added as per &lt;a href="https://issues.apache.org/jira/browse/CRYPTO-104" title="Native code should provide getVersion() methods" class="issue-link" data-issue-key="CRYPTO-104"&gt;&lt;del&gt;CRYPTO-104&lt;/del&gt;&lt;/a&gt;, but this implementation is not needed.&lt;/p&gt;</comment>
                            <comment id="15369072" author="sebb@apache.org" created="Sat, 9 Jul 2016 12:22:49 +0000">&lt;p&gt;&lt;a href="https://issues.apache.org/jira/browse/CRYPTO-103" title="NativeCodeLoader.getVersion() is not needed" class="issue-link" data-issue-key="CRYPTO-103"&gt;&lt;del&gt;CRYPTO-103&lt;/del&gt;&lt;/a&gt; NativeCodeLoader.getVersion() is not needed&lt;/p&gt;

&lt;p&gt;Project: &lt;a href="http://git-wip-us.apache.org/repos/asf/commons-crypto/repo" class="external-link" target="_blank" rel="nofollow noopener"&gt;http://git-wip-us.apache.org/repos/asf/commons-crypto/repo&lt;/a&gt;&lt;br/&gt;
Commit: &lt;a href="http://git-wip-us.apache.org/repos/asf/commons-crypto/commit/fd2b9347" class="external-link" target="_blank" rel="nofollow noopener"&gt;http://git-wip-us.apache.org/repos/asf/commons-crypto/commit/fd2b9347&lt;/a&gt;&lt;br/&gt;
Tree: &lt;a href="http://git-wip-us.apache.org/repos/asf/commons-crypto/tree/fd2b9347" class="external-link" target="_blank" rel="nofollow noopener"&gt;http://git-wip-us.apache.org/repos/asf/commons-crypto/tree/fd2b9347&lt;/a&gt;&lt;br/&gt;
Diff: &lt;a href="http://git-wip-us.apache.org/repos/asf/commons-crypto/diff/fd2b9347" class="external-link" target="_blank" rel="nofollow noopener"&gt;http://git-wip-us.apache.org/repos/asf/commons-crypto/diff/fd2b9347&lt;/a&gt;&lt;/p&gt;</comment>
                    </comments>
                    <attachments>
                    </attachments>
                <subtasks>
                    </subtasks>
                <customfields>
                                                                                                                                                                                                                                                                                                                                                                                                                                                                                                                                                                                                                                                                                                                    <customfield id="customfield_12314020" key="com.atlassian.jira.plugins.jira-development-integration-plugin:devsummary">
                        <customfieldname>Development</customfieldname>
                        <customfieldvalues>
                            
                        </customfieldvalues>
                    </customfield>
                                                                                                                        <customfield id="customfield_12313422" key="com.atlassian.jirafisheyeplugin:jobcheckbox">
                        <customfieldname>Enable Automatic Patch Review</customfieldname>
                        <customfieldvalues>
                            <customfieldvalue>false</customfieldvalue>

                        </customfieldvalues>
                    </customfield>
                                                                                                                                                                                                                                                                                                                                                                                                                                                                                                                                                                                                                    <customfield id="customfield_12310420" key="com.pyxis.greenhopper.jira:gh-global-rank">
                        <customfieldname>Global Rank</customfieldname>
                        <customfieldvalues>
                            <customfieldvalue>9223372036854775807</customfieldvalue>
                        </customfieldvalues>
                    </customfield>
                                                                                                                                                                                                                                                                                                                                                                                                                                                                        <customfield id="customfield_12311820" key="com.pyxis.greenhopper.jira:gh-lexo-rank">
                        <customfieldname>Rank</customfieldname>
                        <customfieldvalues>
                            <customfieldvalue>0|i30i0f:</customfieldvalue>

                        </customfieldvalues>
                    </customfield>
                                                                <customfield id="customfield_12310920" key="com.pyxis.greenhopper.jira:gh-global-rank">
                        <customfieldname>Rank (Obsolete)</customfieldname>
                        <customfieldvalues>
                            <customfieldvalue>9223372036854775807</customfieldvalue>
                        </customfieldvalues>
                    </customfield>
                                                                                                                                                                                                                                                                                                                                                                                                                                                                                                                                                                                                                                                                                                                                                                                            </customfields>
    </item>


</channel>
</rss>