<rss version="0.92">
    <channel>
        <title>ASF JIRA</title>
        <link>https://issues.apache.org/jira/issues/?jql=project+%3D+IMAGING+AND+type+%3D+bug+and+%28status+%3D+RESOLVED+or+status+%3D+closed%29</link>
        <description>An XML representation of a search request</description>
                <language>en-uk</language>
                        <issue start="0" end="140" total="140" />
                <build-info>
            <version>8.20.7</version>
            <build-number>820007</build-number>
            <build-date>16-03-2022</build-date>
        </build-info>

<item>
            <title>[IMAGING-284] Tif file with transparent background result in black background png</title>
                <link>https://issues.apache.org/jira/browse/IMAGING-284</link>
                <project id="12313421" key="IMAGING">Commons Imaging</project>
                    <description>&lt;p&gt;When a tiff file (sample file &lt;span class="error"&gt;&amp;#91;0&amp;#93;&lt;/span&gt;) with transparent background is converted to png file using commons-imaging library, the background in png file is black instead of transparent.&lt;/p&gt;

&lt;p&gt;&lt;span class="error"&gt;&amp;#91;0&amp;#93;&lt;/span&gt;&#160;&lt;a href="https://www.mediafire.com/file/tl0r9tsvx6a16zg/Test.tif/file" class="external-link" target="_blank" rel="nofollow noopener"&gt;https://www.mediafire.com/file/tl0r9tsvx6a16zg/Test.tif/file&lt;/a&gt;&lt;/p&gt;</description>
                <environment />
        <key id="13363509">IMAGING-284</key>
            <summary>Tif file with transparent background result in black background png</summary>
                <type id="1" iconUrl="https://issues.apache.org/jira/secure/viewavatar?size=xsmall&amp;avatarId=21133&amp;avatarType=issuetype">Bug</type>
                                            <priority id="3" iconUrl="https://issues.apache.org/jira/images/icons/priorities/major.svg">Major</priority>
                        <status id="6" iconUrl="https://issues.apache.org/jira/images/icons/statuses/closed.png" description="The issue is considered finished, the resolution is correct. Issues which are not closed can be reopened.">Closed</status>
                    <statusCategory id="3" key="done" colorName="green" />
                                    <resolution id="1">Fixed</resolution>
                                        <assignee username="kinow">Bruno P. Kinoshita</assignee>
                                    <reporter username="gauravgupta1710">Gaurav Gupta</reporter>
                        <labels>
                    </labels>
                <created>Wed, 10 Mar 2021 10:33:00 +0000</created>
                <updated>Thu, 19 May 2022 04:29:30 +0000</updated>
                            <resolved>Sat, 3 Apr 2021 22:14:13 +0000</resolved>
                                                    <fixVersion>1.0-alpha3</fixVersion>
                                    <component>Format: PNG</component>
                        <due />
                            <votes>0</votes>
                                    <watches>1</watches>
                                                                <comments>
                            <comment id="17310787" author="gwlucas" created="Mon, 29 Mar 2021 16:56:02 +0000">&lt;p&gt;What version of Commons Imaging were you using?&lt;/p&gt;

&lt;p&gt;I ask because the code currently in the Github repository should be able to handle TIFF's with transparency.&#160; However, that code is not yet been released to the Maven Central Repository.&#160; So if you were using the compiled Jars from the Maven Central Repository, they would not handle your image file properly.&#160; But if you downloaded code from Github and compiled your own Jars, they ought to work.&#160; If they don't then there could be a bug in the implementation.&lt;/p&gt;

&lt;p&gt;I don't manage the Commons Imaging project, but I did contribute the code enhancements for the TIFF transparency feature. So if there is a problem, I would be anxious to find it.&lt;/p&gt;

&lt;p&gt;&#160;&lt;/p&gt;

&lt;p&gt;&#160;&lt;/p&gt;</comment>
                            <comment id="17312763" author="gwlucas" created="Wed, 31 Mar 2021 23:04:53 +0000">&lt;p&gt;I'm deeply suspicious of this mediafire website.&#160; When I attempted to download your file, they tried to push some adware onto my computer and reconfigured my Chrome browser search.&#160; On the other hand, the file did download, so I took a look.&lt;/p&gt;

&lt;p&gt;I wrote a simple test program that read the TIFF file, obtained a buffered image, and then drew that image to an "composite" image with a blue background.&#160; Everything seemed to work fine.&#160;&#160;&lt;/p&gt;
&lt;div class="code panel" style="border-width: 1px;"&gt;&lt;div class="codeContent panelContent"&gt;
&lt;pre class="code-java"&gt;
&lt;span class="code-keyword"&gt;public&lt;/span&gt; &lt;span class="code-keyword"&gt;static&lt;/span&gt; void main(&lt;span class="code-object"&gt;String&lt;/span&gt;[] args) &lt;span class="code-keyword"&gt;throws&lt;/span&gt; IOException, ImageReadException {
    File input = &lt;span class="code-keyword"&gt;new&lt;/span&gt; File(args[0]);
    Map&amp;lt;&lt;span class="code-object"&gt;String&lt;/span&gt;, &lt;span class="code-object"&gt;Object&lt;/span&gt;&amp;gt; params = &lt;span class="code-keyword"&gt;new&lt;/span&gt; HashMap&amp;lt;&amp;gt;();
    BufferedImage bImage = Imaging.getBufferedImage(input, params);
    &lt;span class="code-object"&gt;int&lt;/span&gt; w = bImage.getWidth();
    &lt;span class="code-object"&gt;int&lt;/span&gt; h = bImage.getHeight();
    BufferedImage composite = &lt;span class="code-keyword"&gt;new&lt;/span&gt; BufferedImage(w, h, BufferedImage.TYPE_INT_RGB);
    Graphics2D g = composite.createGraphics();
    g.setColor(Color.blue);
    g.fillRect(0, 0, w + 1, h + 1);
    g.drawImage(bImage, 0, 0, w, h, &lt;span class="code-keyword"&gt;null&lt;/span&gt;);

    File output = &lt;span class="code-keyword"&gt;new&lt;/span&gt; File(&lt;span class="code-quote"&gt;"Test.jpg"&lt;/span&gt;);
    &lt;span class="code-object"&gt;System&lt;/span&gt;.out.println(&lt;span class="code-quote"&gt;"Writing image to "&lt;/span&gt; + output.getPath());
    ImageIO.write(composite, &lt;span class="code-quote"&gt;"JPG"&lt;/span&gt;, output);
  }

&lt;/pre&gt;
&lt;/div&gt;&lt;/div&gt;
&lt;p&gt;&lt;span class="image-wrap" style=""&gt;&lt;img src="https://issues.apache.org/jira/secure/attachment/13023270/13023270_Test.jpg" style="border: 0px solid black" /&gt;&lt;/span&gt;&lt;/p&gt;</comment>
                            <comment id="17314363" author="kinow" created="Sat, 3 Apr 2021 22:14:13 +0000">&lt;p&gt;Hi &lt;a href="https://issues.apache.org/jira/secure/ViewProfile.jspa?name=gauravgupta1710" class="user-hover" rel="gauravgupta1710"&gt;gauravgupta1710&lt;/a&gt; , thanks for reporting this issue. As &lt;a href="https://issues.apache.org/jira/secure/ViewProfile.jspa?name=gwlucas" class="user-hover" rel="gwlucas"&gt;gwlucas&lt;/a&gt; pointed, this should work with the latest code. We should release this latest code as 1.0-alpha3 in the coming weeks. So just stay tuned for the status of this issue.&lt;/p&gt;

&lt;p&gt;It will appear as resolved for now. After the release, the release manager goes through each issue that contains "Fix Version: 1.0-alpha3" and that is marked as resolved, and update it to Closed. When you see that status change, it means the release was performed, and you should be able to use the Maven artifact within hours (the maven central needs some time for syncing).&lt;/p&gt;

&lt;p&gt;Thanks&lt;/p&gt;

&lt;p&gt;Bruno&lt;/p&gt;</comment>
                            <comment id="17539281" author="kinow" created="Thu, 19 May 2022 04:29:30 +0000">&lt;p&gt;Apache Commons Imaging 1.0-alpha3 has been released.&lt;/p&gt;</comment>
                    </comments>
                    <attachments>
                            <attachment id="13023270" name="Test.jpg" size="41883" author="gwlucas" created="Wed, 31 Mar 2021 23:04:45 +0000" />
                    </attachments>
                <subtasks>
                    </subtasks>
                <customfields>
                                                                                                                                                                                                                                                                                                                                                                                                                                                                                                                                                                                                                                                                                                                    <customfield id="customfield_12314020" key="com.atlassian.jira.plugins.jira-development-integration-plugin:devsummary">
                        <customfieldname>Development</customfieldname>
                        <customfieldvalues>
                            
                        </customfieldvalues>
                    </customfield>
                                                                                                                        <customfield id="customfield_12313422" key="com.atlassian.jirafisheyeplugin:jobcheckbox">
                        <customfieldname>Enable Automatic Patch Review</customfieldname>
                        <customfieldvalues>
                            <customfieldvalue>false</customfieldvalue>

                        </customfieldvalues>
                    </customfield>
                                                                                                                                                                                                                                                                                                                                                                                                                                                                                                                                                                                                                                                <customfield id="customfield_12310420" key="com.pyxis.greenhopper.jira:gh-global-rank">
                        <customfieldname>Global Rank</customfieldname>
                        <customfieldvalues>
                            <customfieldvalue>9223372036854775807</customfieldvalue>
                        </customfieldvalues>
                    </customfield>
                                                                                                                                                                                                                                                                                                                                                                                                                                                                        <customfield id="customfield_12311820" key="com.pyxis.greenhopper.jira:gh-lexo-rank">
                        <customfieldname>Rank</customfieldname>
                        <customfieldvalues>
                            <customfieldvalue>0|z0ohw8:</customfieldvalue>

                        </customfieldvalues>
                    </customfield>
                                                                <customfield id="customfield_12310920" key="com.pyxis.greenhopper.jira:gh-global-rank">
                        <customfieldname>Rank (Obsolete)</customfieldname>
                        <customfieldvalues>
                            <customfieldvalue>9223372036854775807</customfieldvalue>
                        </customfieldvalues>
                    </customfield>
                                                                                                                                                                                                                                                                                                                                                                                                                                                                                                                                                                                                                                                                                                                                                                                            </customfields>
    </item>


</channel>
</rss>