<rss version="0.92">
    <channel>
        <title>ASF JIRA</title>
        <link>https://issues.apache.org/jira/issues/?jql=project+%3D+IMAGING+AND+type+%3D+bug+and+%28status+%3D+RESOLVED+or+status+%3D+closed%29</link>
        <description>An XML representation of a search request</description>
                <language>en-uk</language>
                        <issue start="0" end="140" total="140" />
                <build-info>
            <version>8.20.7</version>
            <build-number>820007</build-number>
            <build-date>16-03-2022</build-date>
        </build-info>

<item>
            <title>[IMAGING-107] sanselan throws a java.lang.NegativeArraySizeException on at least this one .jpg file</title>
                <link>https://issues.apache.org/jira/browse/IMAGING-107</link>
                <project id="12313421" key="IMAGING">Commons Imaging</project>
                    <description>&lt;p&gt;Saneslan seems unable to run getImageInfo() on the attached file, gives this error &amp;#8211;&lt;/p&gt;

&lt;p&gt;java.lang.NegativeArraySizeException&lt;br/&gt;
        at org.apache.sanselan.common.BinaryFileFunctions.readByteArray(BinaryFileFunctions.java:496)&lt;br/&gt;
        at org.apache.sanselan.formats.jpeg.JpegUtils.traverseJFIF(JpegUtils.java:94)&lt;br/&gt;
        at org.apache.sanselan.formats.jpeg.JpegImageParser.readSegments(JpegImageParser.java:170)&lt;br/&gt;
        at org.apache.sanselan.formats.jpeg.JpegImageParser.readSegments(JpegImageParser.java:267)&lt;br/&gt;
        at org.apache.sanselan.formats.jpeg.JpegImageParser.getImageInfo(JpegImageParser.java:659)&lt;br/&gt;
        at org.apache.sanselan.Sanselan.getImageInfo(Sanselan.java:589)&lt;br/&gt;
        at org.apache.sanselan.Sanselan.getImageInfo(Sanselan.java:563)&lt;br/&gt;
        at org.apache.sanselan.Sanselan.getImageInfo(Sanselan.java:582)&lt;br/&gt;
        at SanselanTest.main(SanselanTest.java:68)&lt;/p&gt;

&lt;p&gt;Now, this error seems very similar to &lt;a href="https://issues.apache.org/jira/browse/IMAGING-21" title="Bug in Sanselan.getImageInfo(File) with certain JPEGs causing java.lang.OutOfMemoryError or java.lang.NegativeArraySizeException" class="issue-link" data-issue-key="IMAGING-21"&gt;&lt;del&gt;IMAGING-21&lt;/del&gt;&lt;/a&gt;, but it's not quite the same for two reasons &amp;#8211;&lt;/p&gt;

&lt;p&gt;1) the stack is somewhat different, and&lt;br/&gt;
2) the fix provided for that bug does not fix this issue.&lt;/p&gt;

&lt;p&gt;Now, looking at the file that triggers this issue, other tools throw a warning for it &amp;#8211;&lt;/p&gt;

&lt;p&gt;gimp says: Corrupt JPEG data: 2715 extraneous bytes before marker 0xe2&lt;br/&gt;
xv says the same thing.&lt;br/&gt;
convert from ImageMagick converts it with no error or warning.&lt;br/&gt;
jhead says: Nonfatal Error : 'pod_tile_foundation.jpg' Extraneous 2715 padding bytes before section E2&lt;br/&gt;
jpegtran says: Corrupt JPEG data: 2715 extraneous bytes before marker 0xe2&lt;/p&gt;

&lt;p&gt;... so it seems there's something actually wrong with this file, but even so, the image is there, and other tools can determine the dimensions of it, so in theory sanselan ought to be able to as well.&lt;/p&gt;

&lt;p&gt;I'll include the somewhat corrupt file that is triggering this exception, as well as the test case program (which came straight from &lt;a href="https://issues.apache.org/jira/browse/IMAGING-21" title="Bug in Sanselan.getImageInfo(File) with certain JPEGs causing java.lang.OutOfMemoryError or java.lang.NegativeArraySizeException" class="issue-link" data-issue-key="IMAGING-21"&gt;&lt;del&gt;IMAGING-21&lt;/del&gt;&lt;/a&gt;.)&lt;/p&gt;

&lt;p&gt;The test case also checks the two files that were included in &lt;a href="https://issues.apache.org/jira/browse/IMAGING-21" title="Bug in Sanselan.getImageInfo(File) with certain JPEGs causing java.lang.OutOfMemoryError or java.lang.NegativeArraySizeException" class="issue-link" data-issue-key="IMAGING-21"&gt;&lt;del&gt;IMAGING-21&lt;/del&gt;&lt;/a&gt; just to show that that problem was fixed (at least once I applied the fix included there.)&lt;/p&gt;</description>
                <environment>&lt;p&gt;Linux, Java(TM) SE Runtime Environment (build 1.7.0_21-b11)&lt;br/&gt;
(though I doubt that matters.)&lt;/p&gt;</environment>
        <key id="12650736">IMAGING-107</key>
            <summary>sanselan throws a java.lang.NegativeArraySizeException on at least this one .jpg file</summary>
                <type id="1" iconUrl="https://issues.apache.org/jira/secure/viewavatar?size=xsmall&amp;avatarId=21133&amp;avatarType=issuetype">Bug</type>
                                            <priority id="4" iconUrl="https://issues.apache.org/jira/images/icons/priorities/minor.svg">Minor</priority>
                        <status id="6" iconUrl="https://issues.apache.org/jira/images/icons/statuses/closed.png" description="The issue is considered finished, the resolution is correct. Issues which are not closed can be reopened.">Closed</status>
                    <statusCategory id="3" key="done" colorName="green" />
                                    <resolution id="1">Fixed</resolution>
                                        <assignee username="-1">Unassigned</assignee>
                                    <reporter username="dougmc">Doug McLaren</reporter>
                        <labels>
                    </labels>
                <created>Mon, 3 Jun 2013 20:58:52 +0000</created>
                <updated>Fri, 7 Aug 2020 04:32:11 +0000</updated>
                            <resolved>Sun, 23 Jun 2013 21:43:59 +0000</resolved>
                                    <version>0.97</version>
                                    <fixVersion>1.0-alpha1</fixVersion>
                                    <component>Format: JPEG</component>
                        <due />
                            <votes>0</votes>
                                    <watches>1</watches>
                                                                <comments>
                            <comment id="13673556" author="dougmc" created="Mon, 3 Jun 2013 21:01:01 +0000">&lt;p&gt;Test case, taken straight from &lt;a href="https://issues.apache.org/jira/browse/IMAGING-21" title="Bug in Sanselan.getImageInfo(File) with certain JPEGs causing java.lang.OutOfMemoryError or java.lang.NegativeArraySizeException" class="issue-link" data-issue-key="IMAGING-21"&gt;&lt;del&gt;IMAGING-21&lt;/del&gt;&lt;/a&gt; (but one more file to test added.)&lt;/p&gt;</comment>
                            <comment id="13691615" author="tn" created="Sun, 23 Jun 2013 21:43:59 +0000">&lt;p&gt;I tried to reproduce your problem with the latest trunk version, but it seems to work correctly now, returning the same results as javax.imageio, thus closing the issue as fixed.&lt;/p&gt;</comment>
                            <comment id="17172855" author="kinow" created="Fri, 7 Aug 2020 04:32:11 +0000">&lt;p&gt;Apache Commons Imaging 1.0-alpha1 released (long ago, just closing the remaining issues marked as Resolved)&lt;/p&gt;</comment>
                    </comments>
                    <attachments>
                            <attachment id="12585947" name="SanselanTest.java" size="3065" author="dougmc" created="Mon, 3 Jun 2013 21:01:01 +0000" />
                            <attachment id="12585946" name="pod_tile_foundation.jpg" size="77459" author="dougmc" created="Mon, 3 Jun 2013 21:00:10 +0000" />
                    </attachments>
                <subtasks>
                    </subtasks>
                <customfields>
                                                                                                                                                                                                                                                                                                                                                                                                                                                                                                                                                                                                                                                                                                                    <customfield id="customfield_12314020" key="com.atlassian.jira.plugins.jira-development-integration-plugin:devsummary">
                        <customfieldname>Development</customfieldname>
                        <customfieldvalues>
                            
                        </customfieldvalues>
                    </customfield>
                                                                                                                        <customfield id="customfield_12313422" key="com.atlassian.jirafisheyeplugin:jobcheckbox">
                        <customfieldname>Enable Automatic Patch Review</customfieldname>
                        <customfieldvalues>
                            <customfieldvalue>false</customfieldvalue>

                        </customfieldvalues>
                    </customfield>
                                                                                                                                                                                                                                                                                                                                                                                                                                                                                                                                                                                                                                                <customfield id="customfield_12310420" key="com.pyxis.greenhopper.jira:gh-global-rank">
                        <customfieldname>Global Rank</customfieldname>
                        <customfieldvalues>
                            <customfieldvalue>331063</customfieldvalue>
                        </customfieldvalues>
                    </customfield>
                                                                                                                                                                                                                                                                                                                                                                                                                                                                        <customfield id="customfield_12311820" key="com.pyxis.greenhopper.jira:gh-lexo-rank">
                        <customfieldname>Rank</customfieldname>
                        <customfieldvalues>
                            <customfieldvalue>0|i1l453:</customfieldvalue>

                        </customfieldvalues>
                    </customfield>
                                                                <customfield id="customfield_12310920" key="com.pyxis.greenhopper.jira:gh-global-rank">
                        <customfieldname>Rank (Obsolete)</customfieldname>
                        <customfieldvalues>
                            <customfieldvalue>331396</customfieldvalue>
                        </customfieldvalues>
                    </customfield>
                                                                                                                                                                                                                                                                                                                                                                                                                                                                                                                                                                                                                                                                                                                                                                                            </customfields>
    </item>


</channel>
</rss>