<rss version="0.92">
    <channel>
        <title>ASF JIRA</title>
        <link>https://issues.apache.org/jira/issues/?jql=project+%3D+IMAGING+AND+type+%3D+bug+and+%28status+%3D+RESOLVED+or+status+%3D+closed%29</link>
        <description>An XML representation of a search request</description>
                <language>en-uk</language>
                        <issue start="0" end="140" total="140" />
                <build-info>
            <version>8.20.7</version>
            <build-number>820007</build-number>
            <build-date>16-03-2022</build-date>
        </build-info>

<item>
            <title>[IMAGING-140] ExifReWriter always writes EXIF segment before JFIF segment</title>
                <link>https://issues.apache.org/jira/browse/IMAGING-140</link>
                <project id="12313421" key="IMAGING">Commons Imaging</project>
                    <description>&lt;p&gt;ExifRewriter.writeSegmentsReplacingExif () always writes the EXIF segment as the first segment written to the output stream even when there is JFIF segment present.&lt;/p&gt;

&lt;p&gt;The code checks for the existence of the JFIF segment and it looks like the intention was then to insert the EXIF segment at index 1 but it is instead always inserted at index 0, the variable 'index' is not used after being set to 1. &lt;/p&gt;

&lt;p&gt;'index' should be passed as the first parameter to the segments.add() call.&lt;/p&gt;

&lt;div class="code panel" style="border-style: solid;border-width: 1px;"&gt;&lt;div class="codeHeader panelHeader" style="border-bottom-width: 1px;border-bottom-style: solid;"&gt;&lt;b&gt;org.apache.sanselan.formats.jpeg.exifRewrite.ExifRewriter.java&lt;/b&gt;&lt;/div&gt;&lt;div class="codeContent panelContent"&gt;
&lt;pre class="code-java"&gt;
&lt;span class="code-object"&gt;int&lt;/span&gt; index = 0;
JFIFPieceSegment firstSegment = (JFIFPieceSegment) segments.get(index);

&lt;span class="code-keyword"&gt;if&lt;/span&gt; (firstSegment.marker == JFIFMarker)
    index = 1;
        
segments.add(0, &lt;span class="code-keyword"&gt;new&lt;/span&gt; JFIFPieceSegmentExif(JPEG_APP1_Marker,
markerBytes, markerLengthBytes, newBytes));

&lt;/pre&gt;
&lt;/div&gt;&lt;/div&gt;</description>
                <environment>&lt;p&gt;All&lt;/p&gt;</environment>
        <key id="12736053">IMAGING-140</key>
            <summary>ExifReWriter always writes EXIF segment before JFIF segment</summary>
                <type id="1" iconUrl="https://issues.apache.org/jira/secure/viewavatar?size=xsmall&amp;avatarId=21133&amp;avatarType=issuetype">Bug</type>
                                            <priority id="3" iconUrl="https://issues.apache.org/jira/images/icons/priorities/major.svg">Major</priority>
                        <status id="6" iconUrl="https://issues.apache.org/jira/images/icons/statuses/closed.png" description="The issue is considered finished, the resolution is correct. Issues which are not closed can be reopened.">Closed</status>
                    <statusCategory id="3" key="done" colorName="green" />
                                    <resolution id="1">Fixed</resolution>
                                        <assignee username="-1">Unassigned</assignee>
                                    <reporter username="Shecks">Gavin Shiels</reporter>
                        <labels>
                            <label>EXIF</label>
                    </labels>
                <created>Fri, 22 Aug 2014 12:35:32 +0000</created>
                <updated>Fri, 3 May 2019 08:39:56 +0000</updated>
                            <resolved>Sun, 19 Oct 2014 07:03:55 +0000</resolved>
                                    <version>0.94-incubator</version>
                    <version>0.97</version>
                    <version>1.x</version>
                                    <fixVersion>1.0-alpha1</fixVersion>
                                    <component>Format: JPEG</component>
                        <due />
                            <votes>0</votes>
                                    <watches>4</watches>
                                                                <comments>
                            <comment id="14106798" author="garydgregory" created="Fri, 22 Aug 2014 12:48:49 +0000">&lt;p&gt;Thank you for your input.&lt;/p&gt;

&lt;p&gt;The best way to submit code changes is with a patch file in the unified diff format. A unit test is always good as well &lt;img class="emoticon" src="https://issues.apache.org/jira/images/icons/emoticons/wink.png" height="16" width="16" align="absmiddle" alt="" border="0"/&gt;&lt;/p&gt;</comment>
                            <comment id="14106924" author="shecks" created="Fri, 22 Aug 2014 15:08:03 +0000">&lt;p&gt;Patch file for ExifReWriter bug&lt;/p&gt;</comment>
                            <comment id="14176235" author="damjan" created="Sun, 19 Oct 2014 07:03:55 +0000">&lt;p&gt;Thank you for your patch. Applied it so resolving fixed.&lt;/p&gt;</comment>
                    </comments>
                    <attachments>
                            <attachment id="12663672" name="ExifRewriter.java.patch" size="755" author="Shecks" created="Fri, 22 Aug 2014 15:08:03 +0000" />
                    </attachments>
                <subtasks>
                    </subtasks>
                <customfields>
                                                                                                                                                                                                                                                                                                                                                                                                                                                                                                                                                                                                                                                                                                                    <customfield id="customfield_12314020" key="com.atlassian.jira.plugins.jira-development-integration-plugin:devsummary">
                        <customfieldname>Development</customfieldname>
                        <customfieldvalues>
                            
                        </customfieldvalues>
                    </customfield>
                                                                                                                        <customfield id="customfield_12313422" key="com.atlassian.jirafisheyeplugin:jobcheckbox">
                        <customfieldname>Enable Automatic Patch Review</customfieldname>
                        <customfieldvalues>
                            <customfieldvalue>false</customfieldvalue>

                        </customfieldvalues>
                    </customfield>
                                                                                                                                                                                                                                                                                                                                                                                                                                                                                                                                                                                                                                                <customfield id="customfield_12310420" key="com.pyxis.greenhopper.jira:gh-global-rank">
                        <customfieldname>Global Rank</customfieldname>
                        <customfieldvalues>
                            <customfieldvalue>9223372036854775807</customfieldvalue>
                        </customfieldvalues>
                    </customfield>
                                                                                                                                                                                                                                                                                                                                                                                                                                                                        <customfield id="customfield_12311820" key="com.pyxis.greenhopper.jira:gh-lexo-rank">
                        <customfieldname>Rank</customfieldname>
                        <customfieldvalues>
                            <customfieldvalue>0|i1z89b:</customfieldvalue>

                        </customfieldvalues>
                    </customfield>
                                                                <customfield id="customfield_12310920" key="com.pyxis.greenhopper.jira:gh-global-rank">
                        <customfieldname>Rank (Obsolete)</customfieldname>
                        <customfieldvalues>
                            <customfieldvalue>9223372036854775807</customfieldvalue>
                        </customfieldvalues>
                    </customfield>
                                                                                                                                                                                                                                                                                                                                                                                                                                                                                                                                                                                                                                                                                                                                                                                            </customfields>
    </item>


</channel>
</rss>