<rss version="0.92">
    <channel>
        <title>ASF JIRA</title>
        <link>https://issues.apache.org/jira/issues/?jql=project+%3D+IMAGING+AND+type+%3D+bug+and+%28status+%3D+RESOLVED+or+status+%3D+closed%29</link>
        <description>An XML representation of a search request</description>
                <language>en-uk</language>
                        <issue start="0" end="140" total="140" />
                <build-info>
            <version>8.20.7</version>
            <build-number>820007</build-number>
            <build-date>16-03-2022</build-date>
        </build-info>

<item>
            <title>[IMAGING-19] Incorrect reading Physical Width/Height Dpi and Physical Width/Height Inch from TIFF files</title>
                <link>https://issues.apache.org/jira/browse/IMAGING-19</link>
                <project id="12313421" key="IMAGING">Commons Imaging</project>
                    <description>&lt;p&gt;Width: 3509&lt;br/&gt;
Physical Width Dpi: 4650&lt;br/&gt;
Physical Width Inch: 1169.667&lt;br/&gt;
Height: 2481&lt;br/&gt;
Physical Height Dpi: 4650&lt;br/&gt;
Physical Height Inch: 827.00024&lt;/p&gt;

&lt;div class="code panel" style="border-width: 1px;"&gt;&lt;div class="codeContent panelContent"&gt;
&lt;pre class="code-java"&gt;TiffImageParser.java (196):
-        &lt;span class="code-keyword"&gt;case&lt;/span&gt; 3: &lt;span class="code-comment"&gt;// Meter
&lt;/span&gt;-            unitsPerInch = 0.0254;
+        &lt;span class="code-keyword"&gt;case&lt;/span&gt; 3: &lt;span class="code-comment"&gt;// Centimeter
&lt;/span&gt;+            unitsPerInch = 2.54;
(c) http:&lt;span class="code-comment"&gt;//partners.adobe.com/&lt;span class="code-keyword"&gt;public&lt;/span&gt;/developer/en/tiff/TIFF6.pdf
&lt;/span&gt;
TiffImageParser.java (218):
-                physicalWidthDpi = (&lt;span class="code-object"&gt;int&lt;/span&gt;) (XResolutionPixelsPerUnit / unitsPerInch);
+                physicalWidthDpi = (&lt;span class="code-object"&gt;int&lt;/span&gt;) &lt;span class="code-object"&gt;Math&lt;/span&gt;.round(XResolutionPixelsPerUnit * unitsPerInch);
TiffImageParser.java (226):
-                physicalHeightDpi = (&lt;span class="code-object"&gt;int&lt;/span&gt;) (YResolutionPixelsPerUnit / unitsPerInch);
+                physicalHeightDpi = (&lt;span class="code-object"&gt;int&lt;/span&gt;) &lt;span class="code-object"&gt;Math&lt;/span&gt;.round(YResolutionPixelsPerUnit * unitsPerInch);
&lt;/pre&gt;
&lt;/div&gt;&lt;/div&gt;

&lt;p&gt;After this patch I got correct values:&lt;br/&gt;
Width: 3509&lt;br/&gt;
Physical Width Dpi: 300&lt;br/&gt;
Physical Width Inch: 11.69667&lt;br/&gt;
Height: 2481&lt;br/&gt;
Physical Height Dpi: 300&lt;br/&gt;
Physical Height Inch: 8.2700024&lt;/p&gt;

&lt;p&gt;May be need to patch writing of tiff image too - don't know.&lt;/p&gt;

&lt;p&gt;P.S. GIMP show values: 300,000, 300,000, 11,697, 8,270.&lt;/p&gt;</description>
                <environment />
        <key id="12546951">IMAGING-19</key>
            <summary>Incorrect reading Physical Width/Height Dpi and Physical Width/Height Inch from TIFF files</summary>
                <type id="1" iconUrl="https://issues.apache.org/jira/secure/viewavatar?size=xsmall&amp;avatarId=21133&amp;avatarType=issuetype">Bug</type>
                                            <priority id="3" iconUrl="https://issues.apache.org/jira/images/icons/priorities/major.svg">Major</priority>
                        <status id="6" iconUrl="https://issues.apache.org/jira/images/icons/statuses/closed.png" description="The issue is considered finished, the resolution is correct. Issues which are not closed can be reopened.">Closed</status>
                    <statusCategory id="3" key="done" colorName="green" />
                                    <resolution id="1">Fixed</resolution>
                                        <assignee username="-1">Unassigned</assignee>
                                    <reporter username="vvd">VVD</reporter>
                        <labels>
                            <label>patch</label>
                    </labels>
                <created>Sun, 18 Mar 2012 11:36:01 +0000</created>
                <updated>Fri, 3 May 2019 08:39:40 +0000</updated>
                            <resolved>Thu, 12 Apr 2012 03:41:53 +0000</resolved>
                                    <version>1.0-alpha1</version>
                    <version>1.1</version>
                    <version>1.x</version>
                                    <fixVersion>1.0-alpha1</fixVersion>
                                    <component>Format: TIFF</component>
                        <due />
                            <votes>0</votes>
                                    <watches>0</watches>
                                                                <comments>
                            <comment id="13246015" author="damjan" created="Wed, 4 Apr 2012 04:33:15 +0000">&lt;p&gt;Please attach the patch as a separate file, and tick the "Grant license to ASF..." checkbox. That's the only way we can accept patches.&lt;/p&gt;</comment>
                            <comment id="13247208" author="vvd" created="Thu, 5 Apr 2012 13:33:29 +0000">&lt;p&gt;Fix DPI&lt;/p&gt;</comment>
                            <comment id="13252167" author="damjan" created="Thu, 12 Apr 2012 03:41:53 +0000">&lt;p&gt;Patch applied to latest SVN. Thank you for your contribution!&lt;/p&gt;</comment>
                    </comments>
                    <attachments>
                            <attachment id="12521496" name="sanselan-tiff-dpi.diff" size="1666" author="vvd" created="Thu, 5 Apr 2012 13:33:28 +0000" />
                    </attachments>
                <subtasks>
                    </subtasks>
                <customfields>
                                                                                                                                                                                                                                                                                                                                                                                                                                                                                                                                                                                                                                                                                                                    <customfield id="customfield_12314020" key="com.atlassian.jira.plugins.jira-development-integration-plugin:devsummary">
                        <customfieldname>Development</customfieldname>
                        <customfieldvalues>
                            
                        </customfieldvalues>
                    </customfield>
                                                                                                                        <customfield id="customfield_12313422" key="com.atlassian.jirafisheyeplugin:jobcheckbox">
                        <customfieldname>Enable Automatic Patch Review</customfieldname>
                        <customfieldvalues>
                            <customfieldvalue>false</customfieldvalue>

                        </customfieldvalues>
                    </customfield>
                                                                                                                                                                                                                                                                                                                                                                                                                                                                                                                                                                                                                                                <customfield id="customfield_12310420" key="com.pyxis.greenhopper.jira:gh-global-rank">
                        <customfieldname>Global Rank</customfieldname>
                        <customfieldvalues>
                            <customfieldvalue>232109</customfieldvalue>
                        </customfieldvalues>
                    </customfield>
                                                                                                                                                                                                                                                                                                                                                                                                                                                                        <customfield id="customfield_12311820" key="com.pyxis.greenhopper.jira:gh-lexo-rank">
                        <customfieldname>Rank</customfieldname>
                        <customfieldvalues>
                            <customfieldvalue>0|i0wmo7:</customfieldvalue>

                        </customfieldvalues>
                    </customfield>
                                                                <customfield id="customfield_12310920" key="com.pyxis.greenhopper.jira:gh-global-rank">
                        <customfieldname>Rank (Obsolete)</customfieldname>
                        <customfieldvalues>
                            <customfieldvalue>188478</customfieldvalue>
                        </customfieldvalues>
                    </customfield>
                                                                                                                                                                                                                                                                                                                                                                                                                                                                                                                                                                                                                                                                                                                                                                                            </customfields>
    </item>


</channel>
</rss>