<rss version="0.92">
    <channel>
        <title>ASF JIRA</title>
        <link>https://issues.apache.org/jira/issues/?jql=project+%3D+IMAGING+AND+type+%3D+bug+and+%28status+%3D+RESOLVED+or+status+%3D+closed%29</link>
        <description>An XML representation of a search request</description>
                <language>en-uk</language>
                        <issue start="0" end="140" total="140" />
                <build-info>
            <version>8.20.7</version>
            <build-number>820007</build-number>
            <build-date>16-03-2022</build-date>
        </build-info>

<item>
            <title>[IMAGING-151] ColorGroup.color_counts is mutable public List and is multiply sorted</title>
                <link>https://issues.apache.org/jira/browse/IMAGING-151</link>
                <project id="12313421" key="IMAGING">Commons Imaging</project>
                    <description>&lt;p&gt;ColorGroup.color_counts is a public mutable List.&lt;br/&gt;
Also the List is re-sorted in several places&lt;/p&gt;

&lt;p&gt;It looks like the field is only used within the package, so can be package protected.&lt;/p&gt;

&lt;p&gt;However it seems odd that the shared list is re-sorted by&lt;/p&gt;

&lt;p&gt;MedianCutLongestAxisImplementation.doCut&lt;br/&gt;
and&lt;br/&gt;
MedianCutMostPopulatedBoxesImplementation.performNextMedianCut (twice)&lt;/p&gt;</description>
                <environment />
        <key id="12764469">IMAGING-151</key>
            <summary>ColorGroup.color_counts is mutable public List and is multiply sorted</summary>
                <type id="1" iconUrl="https://issues.apache.org/jira/secure/viewavatar?size=xsmall&amp;avatarId=21133&amp;avatarType=issuetype">Bug</type>
                                            <priority id="3" iconUrl="https://issues.apache.org/jira/images/icons/priorities/major.svg">Major</priority>
                        <status id="6" iconUrl="https://issues.apache.org/jira/images/icons/statuses/closed.png" description="The issue is considered finished, the resolution is correct. Issues which are not closed can be reopened.">Closed</status>
                    <statusCategory id="3" key="done" colorName="green" />
                                    <resolution id="1">Fixed</resolution>
                                        <assignee username="kinow">Bruno P. Kinoshita</assignee>
                                    <reporter username="sebb">Sebb</reporter>
                        <labels>
                    </labels>
                <created>Thu, 1 Jan 2015 23:03:31 +0000</created>
                <updated>Fri, 7 Aug 2020 04:25:07 +0000</updated>
                            <resolved>Fri, 27 Dec 2019 09:06:37 +0000</resolved>
                                    <version>1.0-alpha1</version>
                                    <fixVersion>1.0-alpha2</fixVersion>
                                        <due />
                            <votes>0</votes>
                                    <watches>1</watches>
                                            <timeestimate seconds="0">0h</timeestimate>
                            <timespent seconds="3000">50m</timespent>
                                <comments>
                            <comment id="14262686" author="sebb@apache.org" created="Thu, 1 Jan 2015 23:43:39 +0000">&lt;p&gt;Just noticed that ColorGroup class is package protected.&lt;br/&gt;
Rather confusing to have public qualifiers on all the fields and methods.&lt;/p&gt;</comment>
                            <comment id="16996586" author="kinow" created="Sat, 14 Dec 2019 23:22:18 +0000">&lt;p&gt;Hi &lt;a href="https://issues.apache.org/jira/secure/ViewProfile.jspa?name=sebb" class="user-hover" rel="sebb"&gt;sebb&lt;/a&gt; PR submitted: &lt;a href="https://github.com/apache/commons-imaging/pull/64," class="external-link" target="_blank" rel="nofollow noopener"&gt;https://github.com/apache/commons-imaging/pull/64,&lt;/a&gt; let me know if you have some spare time to review it later. Thanks&lt;/p&gt;

&lt;p&gt;&#160;&lt;/p&gt;</comment>
                            <comment id="17172828" author="kinow" created="Fri, 7 Aug 2020 04:25:07 +0000">&lt;p&gt;Commons Imaging 1.0-alpha2 released!&lt;/p&gt;</comment>
                    </comments>
                <issuelinks>
                            <issuelinktype id="10030">
                    <name>Reference</name>
                                                                <inwardlinks description="is related to">
                                        <issuelink>
            <issuekey id="12674829">IMAGING-117</issuekey>
        </issuelink>
                            </inwardlinks>
                                    </issuelinktype>
                    </issuelinks>
                <attachments>
                    </attachments>
                <subtasks>
                    </subtasks>
                <customfields>
                                                                                                                                                                                                                                                                                                                                                                                                                                                                                                                                                                                                                                                                                                                    <customfield id="customfield_12314020" key="com.atlassian.jira.plugins.jira-development-integration-plugin:devsummary">
                        <customfieldname>Development</customfieldname>
                        <customfieldvalues>
                            
                        </customfieldvalues>
                    </customfield>
                                                                                                                        <customfield id="customfield_12313422" key="com.atlassian.jirafisheyeplugin:jobcheckbox">
                        <customfieldname>Enable Automatic Patch Review</customfieldname>
                        <customfieldvalues>
                            <customfieldvalue>false</customfieldvalue>

                        </customfieldvalues>
                    </customfield>
                                                                                                                                                                                                                                                                                                                                                                                                                                                                                                                                                                                                                                                <customfield id="customfield_12310420" key="com.pyxis.greenhopper.jira:gh-global-rank">
                        <customfieldname>Global Rank</customfieldname>
                        <customfieldvalues>
                            <customfieldvalue>9223372036854775807</customfieldvalue>
                        </customfieldvalues>
                    </customfield>
                                                                                                                                                                                                                                                                                                                                                                                                                                                                        <customfield id="customfield_12311820" key="com.pyxis.greenhopper.jira:gh-lexo-rank">
                        <customfieldname>Rank</customfieldname>
                        <customfieldvalues>
                            <customfieldvalue>0|i23w87:</customfieldvalue>

                        </customfieldvalues>
                    </customfield>
                                                                <customfield id="customfield_12310920" key="com.pyxis.greenhopper.jira:gh-global-rank">
                        <customfieldname>Rank (Obsolete)</customfieldname>
                        <customfieldvalues>
                            <customfieldvalue>9223372036854775807</customfieldvalue>
                        </customfieldvalues>
                    </customfield>
                                                                                                                                                                                                                                                                                                                                                                                                                                                                                                                                                                                                                                                                                                                                                                                            </customfields>
    </item>


</channel>
</rss>