<rss version="0.92">
    <channel>
        <title>ASF JIRA</title>
        <link>https://issues.apache.org/jira/issues/?jql=project+%3D+IMAGING+AND+type+%3D+bug+and+%28status+%3D+RESOLVED+or+status+%3D+closed%29</link>
        <description>An XML representation of a search request</description>
                <language>en-uk</language>
                        <issue start="0" end="140" total="140" />
                <build-info>
            <version>8.20.7</version>
            <build-number>820007</build-number>
            <build-date>16-03-2022</build-date>
        </build-info>

<item>
            <title>[IMAGING-9] unknown compression: 3 with TIFF</title>
                <link>https://issues.apache.org/jira/browse/IMAGING-9</link>
                <project id="12313421" key="IMAGING">Commons Imaging</project>
                    <description>&lt;p&gt;I try to get a BufferedImage:&lt;/p&gt;

&lt;p&gt;import java.io.File;&lt;br/&gt;
import java.awt.image.BufferedImage;&lt;br/&gt;
import org.apache.sanselan.Sanselan;&lt;br/&gt;
public class BufferedImageTest {&lt;br/&gt;
    public static void main(String[] args) throws Exception &lt;/p&gt;
{
        BufferedImage img = Sanselan.getBufferedImage(new File(args[0]));
    }
&lt;p&gt;}&lt;/p&gt;

&lt;p&gt;This throw a org.apache.sanselan.ImageReadException if I use a special tiff (test.tif is attached)&lt;br/&gt;
This TIFF was created with a scanner&lt;/p&gt;

&lt;p&gt;Exception in thread "main" org.apache.sanselan.ImageReadException: Tiff: unknown compression: 3&lt;br/&gt;
	at org.apache.sanselan.formats.tiff.datareaders.DataReader.decompress(DataReader.java:135)&lt;br/&gt;
	at org.apache.sanselan.formats.tiff.datareaders.DataReaderStrips.readImageData(DataReaderStrips.java:96)&lt;br/&gt;
	at org.apache.sanselan.formats.tiff.TiffImageParser.getBufferedImage(TiffImageParser.java:505)&lt;br/&gt;
	at org.apache.sanselan.formats.tiff.TiffDirectory.getTiffImage(TiffDirectory.java:163)&lt;br/&gt;
	at org.apache.sanselan.formats.tiff.TiffImageParser.getBufferedImage(TiffImageParser.java:441)&lt;br/&gt;
	at org.apache.sanselan.Sanselan.getBufferedImage(Sanselan.java:1286)&lt;br/&gt;
	at org.apache.sanselan.Sanselan.getBufferedImage(Sanselan.java:1253)&lt;br/&gt;
	at BufferedImageTest.main(BufferedImageTest.java:6)&lt;/p&gt;</description>
                <environment />
        <key id="12436406">IMAGING-9</key>
            <summary>unknown compression: 3 with TIFF</summary>
                <type id="1" iconUrl="https://issues.apache.org/jira/secure/viewavatar?size=xsmall&amp;avatarId=21133&amp;avatarType=issuetype">Bug</type>
                                            <priority id="3" iconUrl="https://issues.apache.org/jira/images/icons/priorities/major.svg">Major</priority>
                        <status id="6" iconUrl="https://issues.apache.org/jira/images/icons/statuses/closed.png" description="The issue is considered finished, the resolution is correct. Issues which are not closed can be reopened.">Closed</status>
                    <statusCategory id="3" key="done" colorName="green" />
                                    <resolution id="3">Duplicate</resolution>
                                        <assignee username="-1">Unassigned</assignee>
                                    <reporter username="veltrup">Holger Veltrup</reporter>
                        <labels>
                    </labels>
                <created>Wed, 23 Sep 2009 12:06:12 +0000</created>
                <updated>Thu, 19 May 2022 04:29:24 +0000</updated>
                            <resolved>Fri, 9 Dec 2011 10:29:52 +0000</resolved>
                                                                        <due />
                            <votes>0</votes>
                                    <watches>1</watches>
                                                                <comments>
                            <comment id="13166041" author="damjan" created="Fri, 9 Dec 2011 10:29:52 +0000">&lt;p&gt;Duplicate of &lt;a href="https://issues.apache.org/jira/browse/IMAGING-64" title="Sanselan cannot read CCITT compressed TIFF files" class="issue-link" data-issue-key="IMAGING-64"&gt;&lt;del&gt;SANSELAN-48&lt;/del&gt;&lt;/a&gt; (CCITT compression).&lt;/p&gt;</comment>
                            <comment id="17539207" author="kinow" created="Thu, 19 May 2022 04:29:24 +0000">&lt;p&gt;Apache Commons Imaging 1.0-alpha3 has been released.&lt;/p&gt;</comment>
                    </comments>
                    <attachments>
                            <attachment id="12420369" name="test.tif" size="13377" author="veltrup" created="Wed, 23 Sep 2009 12:07:14 +0000" />
                    </attachments>
                <subtasks>
                    </subtasks>
                <customfields>
                                                                                                                                                                                                                                                                                                                                                                                                                                                                                                                                                                                                                                                                                                                    <customfield id="customfield_12314020" key="com.atlassian.jira.plugins.jira-development-integration-plugin:devsummary">
                        <customfieldname>Development</customfieldname>
                        <customfieldvalues>
                            
                        </customfieldvalues>
                    </customfield>
                                                                                                                        <customfield id="customfield_12313422" key="com.atlassian.jirafisheyeplugin:jobcheckbox">
                        <customfieldname>Enable Automatic Patch Review</customfieldname>
                        <customfieldvalues>
                            <customfieldvalue>false</customfieldvalue>

                        </customfieldvalues>
                    </customfield>
                                                                                                                                                                                                                                                                                                                                                                                                                                                                                                                                                                                                                                                <customfield id="customfield_12310420" key="com.pyxis.greenhopper.jira:gh-global-rank">
                        <customfieldname>Global Rank</customfieldname>
                        <customfieldvalues>
                            <customfieldvalue>172252</customfieldvalue>
                        </customfieldvalues>
                    </customfield>
                                                                                                                                                                                                                                                                                                                                                                                                                                                                        <customfield id="customfield_12311820" key="com.pyxis.greenhopper.jira:gh-lexo-rank">
                        <customfieldname>Rank</customfieldname>
                        <customfieldvalues>
                            <customfieldvalue>0|i0wnpz:</customfieldvalue>

                        </customfieldvalues>
                    </customfield>
                                                                <customfield id="customfield_12310920" key="com.pyxis.greenhopper.jira:gh-global-rank">
                        <customfieldname>Rank (Obsolete)</customfieldname>
                        <customfieldvalues>
                            <customfieldvalue>188648</customfieldvalue>
                        </customfieldvalues>
                    </customfield>
                                                                                                                                                                                                                                                                                                                                                                                                                                                                                                                                                                                                                                                                                                                                                                                            </customfields>
    </item>


</channel>
</rss>