<rss version="0.92">
    <channel>
        <title>ASF JIRA</title>
        <link>https://issues.apache.org/jira/issues/?jql=project+%3D+IMAGING+AND+type+%3D+bug+and+%28status+%3D+RESOLVED+or+status+%3D+closed%29</link>
        <description>An XML representation of a search request</description>
                <language>en-uk</language>
                        <issue start="0" end="140" total="140" />
                <build-info>
            <version>8.20.7</version>
            <build-number>820007</build-number>
            <build-date>16-03-2022</build-date>
        </build-info>

<item>
            <title>[IMAGING-49] ExifRewriter.updateExifMetadataLossless corrupts maker notes</title>
                <link>https://issues.apache.org/jira/browse/IMAGING-49</link>
                <project id="12313421" key="IMAGING">Commons Imaging</project>
                    <description>&lt;p&gt;rewriter.updateExifMetadataLossless(jpeg, os, outputSet); &lt;br/&gt;
lead to loss of maker notes in the attached files.&lt;/p&gt;

&lt;p&gt;See attached files for details.&lt;/p&gt;

&lt;p&gt;$ exiftool -Makernotes:all original.jpg &amp;gt; original.txt&lt;br/&gt;
$ exiftool -Makernotes:all modified.jpg &amp;gt; modified.txt&lt;br/&gt;
$ diff -u original.txt modified.txt &lt;br/&gt;
&amp;#8212; original.txt	2009-10-21 02:14:11.000000000 +0200&lt;br/&gt;
+++ modified.txt	2009-10-21 02:14:15.000000000 +0200&lt;br/&gt;
@@ -1,66 +1,8 @@&lt;br/&gt;
-Focal Type                      : Zoom&lt;br/&gt;
-Focal Plane X Size              : 5.84 mm&lt;br/&gt;
-Focal Plane Y Size              : 4.39 mm&lt;br/&gt;
-Canon Image Type                : IMG:DIGITAL IXUS 60 JPEG&lt;br/&gt;
-Canon Firmware Version          : Firmware Version 1.00&lt;br/&gt;
+Canon Image Type                : &lt;br/&gt;
+Canon Firmware Version          : &lt;br/&gt;
 File Number                     : 100-0877&lt;br/&gt;
 Owner Name                      : &lt;br/&gt;
 Canon Model ID                  : PowerShot SD600 / Digital IXUS 60 / IXY Digital 70&lt;br/&gt;
 Thumbnail Image Valid Area      : 0 0 0 0&lt;br/&gt;
 Date Stamp Mode                 : Off&lt;br/&gt;
-My Color Mode                   : Off&lt;br/&gt;
 Firmware Revision               : 1.00 rev 1.00&lt;br/&gt;
-Macro Mode                      : Normal&lt;br/&gt;
-Self Timer                      : Off&lt;br/&gt;
-Quality                         : Superfine&lt;br/&gt;
-Canon Flash Mode                : Red-eye reduction (Auto)&lt;br/&gt;
-Continuous Drive                : Single&lt;br/&gt;
-Focus Mode                      : Single&lt;br/&gt;
-Record Mode                     : JPEG&lt;br/&gt;
-Canon Image Size                : Large&lt;br/&gt;
-Easy Mode                       : Full auto&lt;br/&gt;
-Digital Zoom                    : None&lt;br/&gt;
-Contrast                        : Normal&lt;br/&gt;
-Saturation                      : Normal&lt;br/&gt;
-Sharpness                       : 0&lt;br/&gt;
-Camera ISO                      : Auto&lt;br/&gt;
-Metering Mode                   : Evaluative&lt;br/&gt;
-Focus Range                     : Auto&lt;br/&gt;
-AF Point                        : Auto AF point selection&lt;br/&gt;
-Canon Exposure Mode             : Easy&lt;br/&gt;
-Lens Type                       : Unknown (-1)&lt;br/&gt;
-Long Focal                      : 17.4 mm&lt;br/&gt;
-Short Focal                     : 5.8 mm&lt;br/&gt;
-Focal Units                     : 1000&lt;br/&gt;
-Max Aperture                    : 2.8&lt;br/&gt;
-Min Aperture                    : 5.6&lt;br/&gt;
-Flash Bits                      : (none)&lt;br/&gt;
-Focus Continuous                : Single&lt;br/&gt;
-AE Setting                      : Normal AE&lt;br/&gt;
-Zoom Source Width               : 2816&lt;br/&gt;
-Zoom Target Width               : 2816&lt;br/&gt;
-Spot Metering Mode              : Center&lt;br/&gt;
-Manual Flash Output             : n/a&lt;br/&gt;
-Auto ISO                        : 148&lt;br/&gt;
-Base ISO                        : 100&lt;br/&gt;
-Measured EV                     : 4.19&lt;br/&gt;
-Target Aperture                 : 2.8&lt;br/&gt;
-Target Exposure Time            : 1/60&lt;br/&gt;
-Exposure Compensation           : 0&lt;br/&gt;
-White Balance                   : Auto&lt;br/&gt;
-Slow Shutter                    : Off&lt;br/&gt;
-Shot Number In Continuous Burst : 0&lt;br/&gt;
-Optical Zoom Code               : 0&lt;br/&gt;
-Flash Guide Number              : 0&lt;br/&gt;
-Flash Exposure Compensation     : 0&lt;br/&gt;
-Auto Exposure Bracketing        : Off&lt;br/&gt;
-AEB Bracket Value               : 0&lt;br/&gt;
-Control Mode                    : Camera Local Control&lt;br/&gt;
-Focus Distance Upper            : 2.56&lt;br/&gt;
-Focus Distance Lower            : 0&lt;br/&gt;
-Bulb Duration                   : 0&lt;br/&gt;
-Camera Type                     : Compact&lt;br/&gt;
-Auto Rotate                     : Rotate 90 CW&lt;br/&gt;
-ND Filter                       : Off&lt;br/&gt;
-Self Timer 2                    : 0&lt;br/&gt;
-Flash Output                    : 0&lt;/p&gt;


&lt;p&gt;This makes the library utterly useless for me. You can just as well use MediaUtil which has a smaller footprint and a (somewhat) cleaner API.    &lt;/p&gt;</description>
                <environment>&lt;p&gt;0.97-incubator&lt;/p&gt;</environment>
        <key id="12438643">IMAGING-49</key>
            <summary>ExifRewriter.updateExifMetadataLossless corrupts maker notes</summary>
                <type id="1" iconUrl="https://issues.apache.org/jira/secure/viewavatar?size=xsmall&amp;avatarId=21133&amp;avatarType=issuetype">Bug</type>
                                            <priority id="2" iconUrl="https://issues.apache.org/jira/images/icons/priorities/critical.svg">Critical</priority>
                        <status id="6" iconUrl="https://issues.apache.org/jira/images/icons/statuses/closed.png" description="The issue is considered finished, the resolution is correct. Issues which are not closed can be reopened.">Closed</status>
                    <statusCategory id="3" key="done" colorName="green" />
                                    <resolution id="1">Fixed</resolution>
                                        <assignee username="-1">Unassigned</assignee>
                                    <reporter username="winlumski">Lulu winlumski</reporter>
                        <labels>
                    </labels>
                <created>Tue, 20 Oct 2009 23:59:21 +0000</created>
                <updated>Fri, 3 May 2019 08:39:31 +0000</updated>
                            <resolved>Mon, 26 Dec 2011 06:29:47 +0000</resolved>
                                                    <fixVersion>1.0-alpha1</fixVersion>
                                        <due />
                            <votes>0</votes>
                                    <watches>3</watches>
                                                                <comments>
                            <comment id="12768026" author="winlumski" created="Wed, 21 Oct 2009 00:15:16 +0000">&lt;p&gt;added details of makernote corruption&lt;/p&gt;</comment>
                            <comment id="13175282" author="damjan" created="Fri, 23 Dec 2011 05:10:44 +0000">&lt;p&gt;EXIF defines the MakeNote tag as type UNDEFINED, count Any. Canon seems to use its MakerNote as another TIFF directory, which references values with offsets relative to the beginning of the TIFF file, not the beginning of itself nor contained within itself.&lt;/p&gt;

&lt;p&gt;This means the technique used by Sanselan to copy EXIF from one file to another - parse original and write from parsed data - will fail, since it treats the MakerNote as an opaque value, yet when it is rewritten the data it was referencing will either not have been copied or will be found at different offsets in the new file.&lt;/p&gt;

&lt;p&gt;Either the entire EXIF segment must be copied as an opaque value, which will prevent any modification to it, or the MakerNote must be parsed with manufacturer-specific code. These are the only ways to prevent MakerNote corruption.&lt;/p&gt;</comment>
                            <comment id="13175886" author="damjan" created="Mon, 26 Dec 2011 04:42:50 +0000">&lt;p&gt;Scratch the previous comment. updateExifMetadataLossless() tries to preserve bytes in the TIFF file that don't belong to any parsed field. The problem here is that the file uses a maker note which stores the values for its own fields inside itself, but references these values using opaque TIFF-relative addresses instead of maker note relative addresses. So even though the maker note is parsed, when it's written into the new file it will be at a different address, thus the values being referenced will change.&lt;/p&gt;

&lt;p&gt;A simple workaround is to force treating the maker note as one of the byte ranges not belonging to any parsed field, even though it is parsed. When it's written into the new file, it will be duplicated, but the new copy will reference values in the old copy. I've verified this works, patch is below. However maker notes are large, and this causes a test to fail because the 64kB APP1 size limit in JPEG is overrun by a file in Sanselan's test suite with a 28kB maker note. Maybe we shouldn't duplicate the maker note, but rather reference the old value that's stored earlier in the file?&lt;/p&gt;

&lt;p&gt;Index: src/main/java/org/apache/commons/sanselan/formats/tiff/write/TiffImageWriterLossless.java&lt;br/&gt;
===================================================================&lt;br/&gt;
&amp;#8212; src/main/java/org/apache/commons/sanselan/formats/tiff/write/TiffImageWriterLossless.java	(revision 1221595)&lt;br/&gt;
+++ src/main/java/org/apache/commons/sanselan/formats/tiff/write/TiffImageWriterLossless.java	(working copy)&lt;br/&gt;
@@ -142,6 +142,19 @@&lt;br/&gt;
                 for (int f = 0; f &amp;lt; fields.size(); f++)&lt;br/&gt;
                 {&lt;br/&gt;
                     TiffField field = fields.get(f);&lt;br/&gt;
+                    if (field.tag == EXIF_TAG_MAKER_NOTE.tag) &lt;/p&gt;
{
+                        // Some maker notes reference values stored
+                        // inside the maker note itself
+                        // using addresses relative to the beginning
+                        // of the TIFF file, making it impossible
+                        // to move the note to a different location.
+                        // To avoid corrupting these maker notes,
+                        // pretend all maker notes are a gap in the file
+                        // that must be preserved, so the copy that
+                        // will be written later will reference
+                        // the old copy's values. Happy days.
+                        continue;
+                    }
&lt;p&gt;                     TiffElement oversizeValue = field.getOversizeValueElement();&lt;br/&gt;
                     if (oversizeValue != null)&lt;br/&gt;
                         elements.add(oversizeValue);&lt;/p&gt;</comment>
                            <comment id="13175898" author="damjan" created="Mon, 26 Dec 2011 06:29:48 +0000">&lt;p&gt;I've applied that patch in commit 1224681, resolving fixed.&lt;/p&gt;</comment>
                            <comment id="16244758" author="joakimk" created="Wed, 8 Nov 2017 21:33:03 +0000">&lt;p&gt;Sorry for replying to an old, resolved bug report, but is this fixed? I'm using the last stable release of Sanselan (v 0.97), on Android, and am experiencing what seems to be the same problem: Maker notes are corrupted by updateMetadataLossless.&lt;/p&gt;

&lt;p&gt;Please see &lt;a href="http://u88.n24.queensu.ca/exiftool/forum/index.php/topic,8642.0.html" class="external-link" target="_blank" rel="nofollow noopener"&gt;http://u88.n24.queensu.ca/exiftool/forum/index.php/topic,8642.0.html&lt;/a&gt;&lt;/p&gt;

&lt;p&gt;I'm considering upgrading to Commons Imaging, which I hope to have fixed some of the bugs in Sanselan, but this bug (reported in 2009) is listed as fixed/resolved in Sanselan...? &lt;/p&gt;</comment>
                            <comment id="16244759" author="joakimk" created="Wed, 8 Nov 2017 21:34:32 +0000">&lt;p&gt;In an overall assessment, which is the better library per today, Sanselan 0.97 or current snapshot of Commons Imaging? &lt;/p&gt;</comment>
                            <comment id="16245093" author="damjan" created="Thu, 9 Nov 2017 01:48:45 +0000">&lt;p&gt;Please use the current snapshot. It should be fixed there.&lt;/p&gt;</comment>
                    </comments>
                    <attachments>
                            <attachment id="12422752" name="SanselanExifWriter.java" size="8653" author="winlumski" created="Wed, 21 Oct 2009 00:04:30 +0000" />
                            <attachment id="12422751" name="modified.jpg" size="21504" author="winlumski" created="Wed, 21 Oct 2009 00:04:30 +0000" />
                            <attachment id="12422750" name="original.jpg" size="21491" author="winlumski" created="Wed, 21 Oct 2009 00:04:30 +0000" />
                    </attachments>
                <subtasks>
                    </subtasks>
                <customfields>
                                                                                                                                                                                                                                                                                                                                                                                                                                                                                                                                                                                                                                                                                                                    <customfield id="customfield_12314020" key="com.atlassian.jira.plugins.jira-development-integration-plugin:devsummary">
                        <customfieldname>Development</customfieldname>
                        <customfieldvalues>
                            
                        </customfieldvalues>
                    </customfield>
                                                                                                                        <customfield id="customfield_12313422" key="com.atlassian.jirafisheyeplugin:jobcheckbox">
                        <customfieldname>Enable Automatic Patch Review</customfieldname>
                        <customfieldvalues>
                            <customfieldvalue>false</customfieldvalue>

                        </customfieldvalues>
                    </customfield>
                                                                                                                                                                                                                                                                                                                                                                                                                                                                                                                                                                                                                                                <customfield id="customfield_12310420" key="com.pyxis.greenhopper.jira:gh-global-rank">
                        <customfieldname>Global Rank</customfieldname>
                        <customfieldvalues>
                            <customfieldvalue>172254</customfieldvalue>
                        </customfieldvalues>
                    </customfield>
                                                                                                                                                                                                                                                                                                                                                                                                                                                                        <customfield id="customfield_12311820" key="com.pyxis.greenhopper.jira:gh-lexo-rank">
                        <customfieldname>Rank</customfieldname>
                        <customfieldvalues>
                            <customfieldvalue>0|i0wm3z:</customfieldvalue>

                        </customfieldvalues>
                    </customfield>
                                                                <customfield id="customfield_12310920" key="com.pyxis.greenhopper.jira:gh-global-rank">
                        <customfieldname>Rank (Obsolete)</customfieldname>
                        <customfieldvalues>
                            <customfieldvalue>188387</customfieldvalue>
                        </customfieldvalues>
                    </customfield>
                                                                                                                                                                                                                                                                                                                                                                                                                                                                                                                                                                                                                                                                                                                                                                                            </customfields>
    </item>


</channel>
</rss>