<rss version="0.92">
    <channel>
        <title>ASF JIRA</title>
        <link>https://issues.apache.org/jira/issues/?jql=project+%3D+IMAGING+AND+type+%3D+bug+and+%28status+%3D+RESOLVED+or+status+%3D+closed%29</link>
        <description>An XML representation of a search request</description>
                <language>en-uk</language>
                        <issue start="0" end="140" total="140" />
                <build-info>
            <version>8.20.7</version>
            <build-number>820007</build-number>
            <build-date>16-03-2022</build-date>
        </build-info>

<item>
            <title>[IMAGING-37] Two issues with BMPs.</title>
                <link>https://issues.apache.org/jira/browse/IMAGING-37</link>
                <project id="12313421" key="IMAGING">Commons Imaging</project>
                    <description>&lt;p&gt;Hi all,&lt;/p&gt;

&lt;p&gt;Two things. The first is minor. There is a System.out.println() that should be commented out in the BMP code. I see a lot of lines like this:&lt;/p&gt;

&lt;p&gt;"bits_per_sample: 8"&lt;/p&gt;

&lt;p&gt;The second is an error. When I create a BMP with Sanselan, everything works, and I can load the output into OpenOffice without problem from the System Clipboard. However, when trying to recreate the BufferedImage with Sanselan from the same exact output Sanselan created, I get the following error:&lt;/p&gt;

&lt;div class="code panel" style="border-width: 1px;"&gt;&lt;div class="codeContent panelContent"&gt;
&lt;pre class="code-java"&gt;org.apache.sanselan.ImageReadException: BMP: Strange BitmapDataOffset: 266 (expected: 1078, PaletteLength: 1024, header_size: 54)
	at org.apache.sanselan.formats.bmp.BmpImageParser.readImageContents(BmpImageParser.java:317)
	at org.apache.sanselan.formats.bmp.BmpImageParser.getBufferedImage(BmpImageParser.java:553)
	at org.apache.sanselan.Sanselan.getBufferedImage(Sanselan.java:1157)
	at org.apache.sanselan.Sanselan.getBufferedImage(Sanselan.java:1056)
	at org.apache.sanselan.Sanselan.getBufferedImage(Sanselan.java:1029)
&lt;/pre&gt;
&lt;/div&gt;&lt;/div&gt;

&lt;p&gt;Let me know if you have any ideas about that.&lt;/p&gt;

&lt;p&gt;Thanks,&lt;br/&gt;
Kevin&lt;/p&gt;</description>
                <environment>&lt;p&gt;Windows, Mac, Linux, Sanselan 0.94&lt;/p&gt;</environment>
        <key id="12409875">IMAGING-37</key>
            <summary>Two issues with BMPs.</summary>
                <type id="1" iconUrl="https://issues.apache.org/jira/secure/viewavatar?size=xsmall&amp;avatarId=21133&amp;avatarType=issuetype">Bug</type>
                                            <priority id="4" iconUrl="https://issues.apache.org/jira/images/icons/priorities/minor.svg">Minor</priority>
                        <status id="6" iconUrl="https://issues.apache.org/jira/images/icons/statuses/closed.png" description="The issue is considered finished, the resolution is correct. Issues which are not closed can be reopened.">Closed</status>
                    <statusCategory id="3" key="done" colorName="green" />
                                    <resolution id="1">Fixed</resolution>
                                        <assignee username="-1">Unassigned</assignee>
                                    <reporter username="bakeryreject">Kevin Theisen</reporter>
                        <labels>
                    </labels>
                <created>Thu, 4 Dec 2008 04:15:53 +0000</created>
                <updated>Thu, 19 May 2022 04:29:26 +0000</updated>
                            <resolved>Thu, 25 Dec 2008 19:46:30 +0000</resolved>
                                    <version>0.94-incubator</version>
                                    <fixVersion>0.97</fixVersion>
                                        <due />
                            <votes>0</votes>
                                    <watches>1</watches>
                                                                <comments>
                            <comment id="12653155" author="cmchen" created="Thu, 4 Dec 2008 04:29:05 +0000">&lt;p&gt;Hi Kevin, &lt;/p&gt;

&lt;p&gt;Thanks for the bug report.  Can you please attach a sample image to this issue that can be used to reproduce the issue?  &lt;/p&gt;

&lt;p&gt;Thanks,&lt;br/&gt;
Charles&lt;/p&gt;</comment>
                            <comment id="12653163" author="bakeryreject" created="Thu, 4 Dec 2008 04:50:27 +0000">&lt;p&gt;Hi Charles,&lt;/p&gt;

&lt;p&gt;Thanks for the quick response. The error only occurs when I'm interacting with the system clipboard, not when I'm saving and loading actual files. All other image formats that are written/read by Sanselan seem to work perfectly using identical code with the system clipboard, and other programs can load the BMPs that Sanselan produces, it just can't read its own output from an InputStream. The code I use is simply a call to Sanselan.getBufferedImage(InputStream) function using an InputStream from the system clipboard:&lt;/p&gt;

&lt;p&gt;final BufferedImage image = Sanselan.getBufferedImage((InputStream) contents.getTransferData(bmpFlavor));&lt;/p&gt;

&lt;p&gt;The InputStream is generated with a single call to the Sanselan.writeImageToBytes() function, followed by writing the bytes to an OutputStream. "bi" is the BufferedImage.&lt;/p&gt;

&lt;p&gt;final ByteArrayOutputStream out = new ByteArrayOutputStream();&lt;br/&gt;
try {&lt;br/&gt;
	out.write(Sanselan.writeImageToBytes(bi,&lt;br/&gt;
							ImageFormat.IMAGE_FORMAT_BMP, null));&lt;br/&gt;
	out.close();&lt;br/&gt;
	final ByteArrayInputStream stream = new ByteArrayInputStream(&lt;br/&gt;
							out.toByteArray());&lt;br/&gt;
	return stream;&lt;br/&gt;
}&lt;/p&gt;

&lt;p&gt;I have tested this on Windows, Mac and Linux with the same resulting error. Sanselan PNG, GIF, PPM and TIFF work without error with identical code (except for the ImageFormat constant of course).&lt;/p&gt;

&lt;p&gt;Sorry that I can't provide a concrete example.&lt;/p&gt;

&lt;p&gt;-Kevin&lt;/p&gt;</comment>
                            <comment id="12653169" author="cmchen" created="Thu, 4 Dec 2008 05:02:04 +0000">&lt;p&gt;Thanks for clarifying, Kevin.&lt;/p&gt;

&lt;p&gt;So, if I understand your original comment, the problem occurs when:&lt;/p&gt;
&lt;ul&gt;
	&lt;li&gt;You write a BMP with Sanselan from image data received from the System clipboard.&lt;/li&gt;
	&lt;li&gt;This bmp appears to work fine in other contexts, but can't be read by Sanselan.&lt;/li&gt;
&lt;/ul&gt;


&lt;p&gt;If I have that right, can you please attach one such problematic BMP written by Sanselan?&lt;/p&gt;</comment>
                            <comment id="12653179" author="bakeryreject" created="Thu, 4 Dec 2008 05:25:35 +0000">&lt;p&gt;Hi Charles,&lt;/p&gt;

&lt;p&gt;Sanselan can write the BMP to a file and then read it back in without error. The problem occurs when I take the byte[] generated by Sanselan, turn it into a stream, and then read it back into Sanselan. There never really is a physical file. The BufferedImage that I use is generated in real time from some drawing on a JPanel.&lt;/p&gt;

&lt;p&gt;To save the file, I intercepted the InputStream and wrote it to a file (SanselanTest.bmp). And yes, when reading the file with Sanselan, the error occurs. Sorry I didn't think about doing this in my first post. The error when reading is as follows:&lt;/p&gt;

&lt;p&gt;org.apache.sanselan.ImageReadException: BMP: Strange BitmapDataOffset: 266 (expected: 1078, PaletteLength: 1024, header_size: 54)&lt;br/&gt;
	at org.apache.sanselan.formats.bmp.BmpImageParser.readImageContents(BmpImageParser.java:317)&lt;br/&gt;
	at org.apache.sanselan.formats.bmp.BmpImageParser.getBufferedImage(BmpImageParser.java:553)&lt;br/&gt;
	at org.apache.sanselan.Sanselan.getBufferedImage(Sanselan.java:1157)&lt;br/&gt;
	at org.apache.sanselan.Sanselan.getBufferedImage(Sanselan.java:1124)&lt;/p&gt;

&lt;p&gt;-Kevin&lt;/p&gt;</comment>
                            <comment id="12653180" author="bakeryreject" created="Thu, 4 Dec 2008 05:26:23 +0000">&lt;p&gt;Errors on read.&lt;/p&gt;</comment>
                            <comment id="12653182" author="cmchen" created="Thu, 4 Dec 2008 05:38:45 +0000">&lt;p&gt;Okay Kevin, this is definitely getting more clear.&lt;/p&gt;

&lt;p&gt;My first thought is - are you sure you are reading the BMP completely from the Inputstream?  Inputstream.read(byte[], ...) won't necessarily read the entire stream - you have to read until EOF, ie. when .read() returns &amp;lt; 1 byte read.  &lt;/p&gt;

&lt;p&gt;That would explain why the image can be read from a file, but not from the byte array/stream.  Or perhaps the same problem is occurring on the write side - that a buffer isn't flushed or something.  I assume either your code or Sanselan is using a ByteArrayOutputStream and calling getBytes() after the image is written to the stream.&lt;/p&gt;

&lt;p&gt;This is easy to check - the sample image you've attached is 1666 bytes.  Is the byte array the same size?  If so, I'm barking up the wrong tree.&lt;/p&gt;</comment>
                            <comment id="12653200" author="bakeryreject" created="Thu, 4 Dec 2008 06:26:43 +0000">&lt;p&gt;Hi Charles,&lt;/p&gt;

&lt;p&gt;I checked all my IO objects. The byte[] from Sanselan is 1666 in length. ByteArrayOutputStream.toByteArray().length also returns 1666. That output stream is used to initialize a ByteArrayInputStream that is sent to Sanselan. I cannot find a case where the data is being truncated.&lt;/p&gt;

&lt;p&gt;That being said, your reasoning is probably correct, I just can't think of where the data is not being fully read. I found out through further testing, that this process also fails for TIFFs when the image is large, as the following error shows. So I think you are correct. But I also checked the array lengths for my IO objects involved with the TIFF, and they are all the same size as the byte[] from Sanselan...&lt;/p&gt;

&lt;p&gt;java.io.IOException: Bad Code: -1 codes: 258 code_size: 9, table: 4096&lt;br/&gt;
	at org.apache.sanselan.common.mylzw.MyLZWDecompressor.stringFromCode(MyLZWDecompressor.java:81)&lt;br/&gt;
	at org.apache.sanselan.common.mylzw.MyLZWDecompressor.decompress(MyLZWDecompressor.java:172)&lt;br/&gt;
	at org.apache.sanselan.formats.tiff.datareaders.DataReader.decompress(DataReader.java:120)&lt;br/&gt;
	at org.apache.sanselan.formats.tiff.datareaders.DataReaderStrips.readImageData(DataReaderStrips.java:96)&lt;br/&gt;
	at org.apache.sanselan.formats.tiff.TiffImageParser.getBufferedImage(TiffImageParser.java:456)&lt;br/&gt;
	at org.apache.sanselan.formats.tiff.TiffDirectory.getTiffImage(TiffDirectory.java:163)&lt;br/&gt;
	at org.apache.sanselan.formats.tiff.TiffImageParser.getBufferedImage(TiffImageParser.java:392)&lt;br/&gt;
	at org.apache.sanselan.Sanselan.getBufferedImage(Sanselan.java:1157)&lt;br/&gt;
	at org.apache.sanselan.Sanselan.getBufferedImage(Sanselan.java:1056)&lt;br/&gt;
	at org.apache.sanselan.Sanselan.getBufferedImage(Sanselan.java:1029)&lt;/p&gt;

&lt;p&gt;This is how I use Sanselan's function that takes the correctly created ByteArrayInputStream:&lt;/p&gt;

&lt;p&gt;final BufferedImage image = Sanselan.getBufferedImage((InputStream) contents.getTransferData(dataFlavor));&lt;/p&gt;

&lt;p&gt;Is it possible that this could be an issue with Sanselan?&lt;/p&gt;

&lt;p&gt;-Kevin&lt;/p&gt;
</comment>
                            <comment id="12653206" author="bakeryreject" created="Thu, 4 Dec 2008 06:48:51 +0000">&lt;p&gt;Hi Charles,&lt;/p&gt;

&lt;p&gt;I replaced&lt;br/&gt;
-------------&lt;/p&gt;

&lt;p&gt;final BufferedImage image = Sanselan.getBufferedImage((InputStream) contents&lt;br/&gt;
								.getTransferData(use));&lt;/p&gt;

&lt;p&gt;with&lt;/p&gt;
&lt;hr /&gt;

&lt;p&gt;final BufferedImage image = ImageIO.read((InputStream) contents&lt;br/&gt;
									.getTransferData(use));&lt;/p&gt;

&lt;p&gt;I get no error from java and the bmp is correctly displayed with the java library.&lt;/p&gt;

&lt;p&gt;Let me know if there is anything more I can help you with.&lt;/p&gt;

&lt;p&gt;-Kevin&lt;/p&gt;</comment>
                            <comment id="12659210" author="bakeryreject" created="Thu, 25 Dec 2008 19:46:29 +0000">&lt;p&gt;Tested with the Sanselan 0.95 release candidate. BMPs copy and paste with no error with Sanselan functions, TIFFs copy and paste with no error with Sanselan functions (both to and from InputStreams). System.out.println removed from BMP generation code. All problems have been fixed as far as I have tested. Thanks! I'm closing this issue.&lt;/p&gt;</comment>
                            <comment id="17539232" author="kinow" created="Thu, 19 May 2022 04:29:26 +0000">&lt;p&gt;Apache Commons Imaging 1.0-alpha3 has been released.&lt;/p&gt;</comment>
                    </comments>
                    <attachments>
                            <attachment id="12395259" name="SanselanTest.bmp" size="1666" author="bakeryreject" created="Thu, 4 Dec 2008 05:26:23 +0000" />
                    </attachments>
                <subtasks>
                    </subtasks>
                <customfields>
                                                                                                                                                                                                                                                                                                                                                                                                                                                                                                                                                                                                                                                                                                                    <customfield id="customfield_12314020" key="com.atlassian.jira.plugins.jira-development-integration-plugin:devsummary">
                        <customfieldname>Development</customfieldname>
                        <customfieldvalues>
                            
                        </customfieldvalues>
                    </customfield>
                                                                                                                        <customfield id="customfield_12313422" key="com.atlassian.jirafisheyeplugin:jobcheckbox">
                        <customfieldname>Enable Automatic Patch Review</customfieldname>
                        <customfieldvalues>
                            <customfieldvalue>false</customfieldvalue>

                        </customfieldvalues>
                    </customfield>
                                                                                                                                                                                                                                                                                                                                                                                                                                                                                                                                                                                                                                                <customfield id="customfield_12310420" key="com.pyxis.greenhopper.jira:gh-global-rank">
                        <customfieldname>Global Rank</customfieldname>
                        <customfieldvalues>
                            <customfieldvalue>172238</customfieldvalue>
                        </customfieldvalues>
                    </customfield>
                                                                                                                                                                                                                                                                                                                                                                                                                                                                        <customfield id="customfield_12311820" key="com.pyxis.greenhopper.jira:gh-lexo-rank">
                        <customfieldname>Rank</customfieldname>
                        <customfieldvalues>
                            <customfieldvalue>0|i0wnbb:</customfieldvalue>

                        </customfieldvalues>
                    </customfield>
                                                                <customfield id="customfield_12310920" key="com.pyxis.greenhopper.jira:gh-global-rank">
                        <customfieldname>Rank (Obsolete)</customfieldname>
                        <customfieldvalues>
                            <customfieldvalue>188582</customfieldvalue>
                        </customfieldvalues>
                    </customfield>
                                                                                                                                                                                                                                                                                                                                                                                                                                                                                                                                                                                                                                                                                                                                                                                            </customfields>
    </item>


</channel>
</rss>