<rss version="0.92">
    <channel>
        <title>ASF JIRA</title>
        <link>https://issues.apache.org/jira/issues/?jql=project+%3D+IMAGING+AND+type+%3D+bug+and+%28status+%3D+RESOLVED+or+status+%3D+closed%29</link>
        <description>An XML representation of a search request</description>
                <language>en-uk</language>
                        <issue start="0" end="140" total="140" />
                <build-info>
            <version>8.20.7</version>
            <build-number>820007</build-number>
            <build-date>16-03-2022</build-date>
        </build-info>

<item>
            <title>[IMAGING-145] DumpImage method for JPEG reports it's coming from TIFF</title>
                <link>https://issues.apache.org/jira/browse/IMAGING-145</link>
                <project id="12313421" key="IMAGING">Commons Imaging</project>
                    <description>&lt;p&gt;When calling the method Imaging.dumpImageFile on a JPEG file, the first line of output reports it's coming from the TIFF class:&lt;/p&gt;

&lt;p&gt;tiff.dumpImageFile&lt;br/&gt;
Format Details: Jpeg/JFIF v.1.1&lt;br/&gt;
Bits Per Pixel: 24&lt;br/&gt;
&lt;span class="error"&gt;&amp;#91;...&amp;#93;&lt;/span&gt;&lt;/p&gt;

&lt;p&gt;In src/main/java/org/apache/commons/imaging/formats/jpeg/JpegImageParser.java, line 1120:&lt;/p&gt;

&lt;p&gt;pw.println("tiff.dumpImageFile");&lt;/p&gt;</description>
                <environment />
        <key id="12755653">IMAGING-145</key>
            <summary>DumpImage method for JPEG reports it's coming from TIFF</summary>
                <type id="1" iconUrl="https://issues.apache.org/jira/secure/viewavatar?size=xsmall&amp;avatarId=21133&amp;avatarType=issuetype">Bug</type>
                                            <priority id="4" iconUrl="https://issues.apache.org/jira/images/icons/priorities/minor.svg">Minor</priority>
                        <status id="6" iconUrl="https://issues.apache.org/jira/images/icons/statuses/closed.png" description="The issue is considered finished, the resolution is correct. Issues which are not closed can be reopened.">Closed</status>
                    <statusCategory id="3" key="done" colorName="green" />
                                    <resolution id="1">Fixed</resolution>
                                        <assignee username="-1">Unassigned</assignee>
                                    <reporter username="9037568">Chris Carman</reporter>
                        <labels>
                    </labels>
                <created>Sun, 16 Nov 2014 06:31:08 +0000</created>
                <updated>Fri, 3 May 2019 08:39:31 +0000</updated>
                            <resolved>Sun, 23 Nov 2014 04:02:36 +0000</resolved>
                                    <version>1.0-alpha1</version>
                                    <fixVersion>1.0-alpha1</fixVersion>
                                    <component>Format: JPEG</component>
                        <due />
                            <votes>0</votes>
                                    <watches>2</watches>
                                    <timeoriginalestimate seconds="300">5m</timeoriginalestimate>
                            <timeestimate seconds="300">5m</timeestimate>
                                        <comments>
                            <comment id="14220615" author="9037568" created="Fri, 21 Nov 2014 07:10:58 +0000">&lt;p&gt;Patch.&lt;/p&gt;</comment>
                            <comment id="14222300" author="garydgregory" created="Sun, 23 Nov 2014 04:02:36 +0000">&lt;p&gt;Patch applied. Thank you! Keep'em coming &lt;img class="emoticon" src="https://issues.apache.org/jira/images/icons/emoticons/smile.png" height="16" width="16" align="absmiddle" alt="" border="0"/&gt;&lt;/p&gt;</comment>
                    </comments>
                    <attachments>
                            <attachment id="12682826" name="JpegImageParser.patch" size="684" author="9037568" created="Fri, 21 Nov 2014 07:10:58 +0000" />
                    </attachments>
                <subtasks>
                    </subtasks>
                <customfields>
                                                                                                                                                                                                                                                                                                                                                                                                                                                                                                                                                                                                                                                                                                                    <customfield id="customfield_12314020" key="com.atlassian.jira.plugins.jira-development-integration-plugin:devsummary">
                        <customfieldname>Development</customfieldname>
                        <customfieldvalues>
                            
                        </customfieldvalues>
                    </customfield>
                                                                                                                        <customfield id="customfield_12313422" key="com.atlassian.jirafisheyeplugin:jobcheckbox">
                        <customfieldname>Enable Automatic Patch Review</customfieldname>
                        <customfieldvalues>
                            <customfieldvalue>false</customfieldvalue>

                        </customfieldvalues>
                    </customfield>
                                                                                                                                                                                                                                                                                                                                                                                                                                                                                                                                                                                                                                                <customfield id="customfield_12310420" key="com.pyxis.greenhopper.jira:gh-global-rank">
                        <customfieldname>Global Rank</customfieldname>
                        <customfieldvalues>
                            <customfieldvalue>9223372036854775807</customfieldvalue>
                        </customfieldvalues>
                    </customfield>
                                                                                                                                                                                                                                                                                                                                                                                                                                                                        <customfield id="customfield_12311820" key="com.pyxis.greenhopper.jira:gh-lexo-rank">
                        <customfieldname>Rank</customfieldname>
                        <customfieldvalues>
                            <customfieldvalue>0|i22fjj:</customfieldvalue>

                        </customfieldvalues>
                    </customfield>
                                                                <customfield id="customfield_12310920" key="com.pyxis.greenhopper.jira:gh-global-rank">
                        <customfieldname>Rank (Obsolete)</customfieldname>
                        <customfieldvalues>
                            <customfieldvalue>9223372036854775807</customfieldvalue>
                        </customfieldvalues>
                    </customfield>
                                                                                                                                                                                                                                                                                                                                                                                                                                                                                                                                                                                                                                                                                                                                                                                            </customfields>
    </item>


</channel>
</rss>