<rss version="0.92">
    <channel>
        <title>ASF JIRA</title>
        <link>https://issues.apache.org/jira/issues/?jql=project+%3D+IMAGING+AND+type+%3D+bug+and+%28status+%3D+RESOLVED+or+status+%3D+closed%29</link>
        <description>An XML representation of a search request</description>
                <language>en-uk</language>
                        <issue start="0" end="140" total="140" />
                <build-info>
            <version>8.20.7</version>
            <build-number>820007</build-number>
            <build-date>16-03-2022</build-date>
        </build-info>

<item>
            <title>[IMAGING-27] JDK 1.4 Compatibility - JpegRewriter uses JDK 1.5 method</title>
                <link>https://issues.apache.org/jira/browse/IMAGING-27</link>
                <project id="12313421" key="IMAGING">Commons Imaging</project>
                    <description>&lt;p&gt;Sanselan claims JDK 1.4 compatibility, but a JDK 1.5 method (Class's getSimpleName() &lt;span class="error"&gt;&amp;#91;1&amp;#93;&lt;/span&gt;) has been used in JpegRewriter&lt;/p&gt;

&lt;p&gt;&lt;span class="error"&gt;&amp;#91;1&amp;#93;&lt;/span&gt; &lt;a href="http://tinyurl.com/8huh8o" class="external-link" target="_blank" rel="nofollow noopener"&gt;http://tinyurl.com/8huh8o&lt;/a&gt;&lt;/p&gt;</description>
                <environment />
        <key id="12412678">IMAGING-27</key>
            <summary>JDK 1.4 Compatibility - JpegRewriter uses JDK 1.5 method</summary>
                <type id="1" iconUrl="https://issues.apache.org/jira/secure/viewavatar?size=xsmall&amp;avatarId=21133&amp;avatarType=issuetype">Bug</type>
                                            <priority id="4" iconUrl="https://issues.apache.org/jira/images/icons/priorities/minor.svg">Minor</priority>
                        <status id="6" iconUrl="https://issues.apache.org/jira/images/icons/statuses/closed.png" description="The issue is considered finished, the resolution is correct. Issues which are not closed can be reopened.">Closed</status>
                    <statusCategory id="3" key="done" colorName="green" />
                                    <resolution id="1">Fixed</resolution>
                                        <assignee username="-1">Unassigned</assignee>
                                    <reporter username="niallp">Niall Pemberton</reporter>
                        <labels>
                    </labels>
                <created>Sat, 17 Jan 2009 18:41:33 +0000</created>
                <updated>Thu, 19 May 2022 04:29:25 +0000</updated>
                            <resolved>Sun, 18 Jan 2009 16:25:29 +0000</resolved>
                                                    <fixVersion>0.97</fixVersion>
                                        <due />
                            <votes>0</votes>
                                    <watches>0</watches>
                                                                <comments>
                            <comment id="12664855" author="niallp" created="Sat, 17 Jan 2009 18:42:01 +0000">&lt;p&gt;Attaching patch&lt;/p&gt;</comment>
                            <comment id="12664975" author="cmchen" created="Sun, 18 Jan 2009 16:25:29 +0000">&lt;p&gt;Thanks again Niall - good catch on this slipup.&lt;/p&gt;</comment>
                            <comment id="17539222" author="kinow" created="Thu, 19 May 2022 04:29:25 +0000">&lt;p&gt;Apache Commons Imaging 1.0-alpha3 has been released.&lt;/p&gt;</comment>
                    </comments>
                    <attachments>
                            <attachment id="12398148" name="SANSELAN-16-JDK1-4-compatibility.patch" size="807" author="niallp" created="Sat, 17 Jan 2009 18:42:01 +0000" />
                    </attachments>
                <subtasks>
                    </subtasks>
                <customfields>
                                                                                                                                                                                                                                                                                                                                                                                                                                                                                                                                                                                                                                                                                                                    <customfield id="customfield_12314020" key="com.atlassian.jira.plugins.jira-development-integration-plugin:devsummary">
                        <customfieldname>Development</customfieldname>
                        <customfieldvalues>
                            
                        </customfieldvalues>
                    </customfield>
                                                                                                                        <customfield id="customfield_12313422" key="com.atlassian.jirafisheyeplugin:jobcheckbox">
                        <customfieldname>Enable Automatic Patch Review</customfieldname>
                        <customfieldvalues>
                            <customfieldvalue>false</customfieldvalue>

                        </customfieldvalues>
                    </customfield>
                                                                                                                                                                                                                                                                                                                                                                                                                                                                                                                                                                                                                                                <customfield id="customfield_12310420" key="com.pyxis.greenhopper.jira:gh-global-rank">
                        <customfieldname>Global Rank</customfieldname>
                        <customfieldvalues>
                            <customfieldvalue>172240</customfieldvalue>
                        </customfieldvalues>
                    </customfield>
                                                                                                                                                                                                                                                                                                                                                                                                                                                                        <customfield id="customfield_12311820" key="com.pyxis.greenhopper.jira:gh-lexo-rank">
                        <customfieldname>Rank</customfieldname>
                        <customfieldvalues>
                            <customfieldvalue>0|i0wnav:</customfieldvalue>

                        </customfieldvalues>
                    </customfield>
                                                                <customfield id="customfield_12310920" key="com.pyxis.greenhopper.jira:gh-global-rank">
                        <customfieldname>Rank (Obsolete)</customfieldname>
                        <customfieldvalues>
                            <customfieldvalue>188580</customfieldvalue>
                        </customfieldvalues>
                    </customfield>
                                                                                                                                                                                                                                                                                                                                                                                                                                                                                                                                                                                                                                                                                                                                                                                            </customfields>
    </item>


</channel>
</rss>