<rss version="0.92">
    <channel>
        <title>ASF JIRA</title>
        <link>https://issues.apache.org/jira/issues/?jql=project+%3D+IMAGING+AND+type+%3D+bug+and+%28status+%3D+RESOLVED+or+status+%3D+closed%29</link>
        <description>An XML representation of a search request</description>
                <language>en-uk</language>
                        <issue start="0" end="140" total="140" />
                <build-info>
            <version>8.20.7</version>
            <build-number>820007</build-number>
            <build-date>16-03-2022</build-date>
        </build-info>

<item>
            <title>[IMAGING-250] Imaging.getBufferedImage(File file) and Imaging.getImageInfo(File file) convert CMYK in RGB and it shouldn't</title>
                <link>https://issues.apache.org/jira/browse/IMAGING-250</link>
                <project id="12313421" key="IMAGING">Commons Imaging</project>
                    <description>&lt;div class="code panel" style="border-width: 1px;"&gt;&lt;div class="codeContent panelContent"&gt;
&lt;pre class="code-java"&gt;
    File imgFile = &lt;span class="code-keyword"&gt;new&lt;/span&gt; File(&lt;span class="code-quote"&gt;"C:/Temp/imgCMYK.tif"&lt;/span&gt;);
    &lt;span class="code-keyword"&gt;try&lt;/span&gt; {
        BufferedImage bufImg = Imaging.getBufferedImage(imgFile);
        ImageInfo imgInfoCMYK = Imaging.getImageInfo(imgFile);
        &lt;span class="code-object"&gt;System&lt;/span&gt;.out.println(&lt;span class="code-quote"&gt;"&lt;span class="code-object"&gt;Number&lt;/span&gt; of bands from buffered image: "&lt;/span&gt; + bufImg.getSampleModel().getNumBands());
        &lt;span class="code-object"&gt;System&lt;/span&gt;.out.println(&lt;span class="code-quote"&gt;"Color model from Imaging image: "&lt;/span&gt; + imgInfoCMYK.getColorType());
    } &lt;span class="code-keyword"&gt;catch&lt;/span&gt; (Exception e) {
        e.printStackTrace();
    }
&lt;/pre&gt;
&lt;/div&gt;&lt;/div&gt;

&lt;p&gt;Exif Tool Output:&lt;/p&gt;


&lt;div class="code panel" style="border-width: 1px;"&gt;&lt;div class="codeContent panelContent"&gt;
&lt;pre class="code-bash"&gt;
ExifTool Version Number         : 11.85
File Name                       : imgCMYK.tif
Directory                       : .
File Size                       : 1838 kB
File Modification Date/Time     : 2008:12:05 14:19:16+02:00
File Access Date/Time           : 2020:02:04 12:29:44+02:00
File Creation Date/Time         : 2020:02:04 12:29:44+02:00
File Permissions                : rw-rw-rw-
File Type                       : TIFF
File Type Extension             : tif
MIME Type                       : image/tiff
Exif Byte Order                 : Big-endian (Motorola, MM)
Subfile Type                    : Full-resolution Image
Image Width                     : 4254
Image Height                    : 1253
Bits Per Sample                 : 8 8 8 8
Compression                     : LZW
Photometric Interpretation      : CMYK
Strip Offsets                   : (Binary data 624 bytes, use -b option to extract)
Orientation                     : Horizontal (normal)
Samples Per Pixel               : 4
Rows Per Strip                  : 15
Strip Byte Counts               : (Binary data 491 bytes, use -b option to extract)
X Resolution                    : 320
Y Resolution                    : 320
Planar Configuration            : Chunky
Resolution Unit                 : inches
Software                        : Adobe Photoshop CS4 Macintosh
Modify Date                     : 2008:12:05 14:19:14
Predictor                       : Horizontal differencing
XMP Toolkit                     : Adobe XMP Core 4.2.2-c063 53.352624, 2008/07/30-18:05:41
Native Digest                   : 36864,40960,40961,37121,37122,40962,40963,37510,40964,36867,36868,33434,33437,34850,34852,34855,34856,37377,37378,37379,37380,37381,37382,37383,37384,37385,37386,37396,41483,41484,41486,41487,41488,41492,41493,41495,41728,41729,41730,41985,41986,41987,41988,41989,41990,41991,41992,41993,41994,41995,41996,42016,0,2,4,5,6,7,8,9,10,11,12,13,14,15,16,17,18,20,22,23,24,25,26,27,28,30;43DB03615EE2C232CAEBC9DC57041678
Create Date                     : 2007:04:15 19:28:49-04:00
Metadata Date                   : 2008:12:05 14:19:14-05:00
Creator Tool                    : Adobe Photoshop CS3 Macintosh
Derived From Instance ID        : xmp.iid:0080117407206811BC39C8B151F4BF7F
Derived From Document ID        : uuid:E497572EED0211DB8D1FD9507FFB8043
Derived From Original Document ID: uuid:E497572EED0211DB8D1FD9507FFB8043
Document ID                     : uuid:E497572EED0211DB8D1FD9507FFB8043
Instance ID                     : xmp.iid:FB7F1174072068118DBB8122155BFF5F
Original Document ID            : uuid:E497572EED0211DB8D1FD9507FFB8043
History Action                  : saved, saved, saved, saved, saved, saved, saved, saved, saved, saved, saved, saved, saved, saved, saved, saved, saved, saved, saved, saved, saved, converted, derived, saved, saved, saved
History Instance ID             : xmp.iid:FD7F117407206811BB468E82348ADD21, xmp.iid:FE7F117407206811BB468E82348ADD21, xmp.iid:0F6B669CBD21681197A5ED061ECB5098, xmp.iid:106B669CBD21681197A5ED061ECB5098, xmp.iid:116B669CBD21681197A5ED061ECB5098, xmp.iid:126B669CBD21681197A5ED061ECB5098, xmp.iid:B43840EAD021681197A5ED061ECB5098, xmp.iid:B53840EAD021681197A5ED061ECB5098, xmp.iid:B63840EAD021681197A5ED061ECB5098, xmp.iid:B73840EAD021681197A5ED061ECB5098, xmp.iid:B83840EAD021681197A5ED061ECB5098, xmp.iid:B93840EAD021681197A5ED061ECB5098, xmp.iid:BA3840EAD021681197A5ED061ECB5098, xmp.iid:BB3840EAD021681197A5ED061ECB5098, xmp.iid:BC3840EAD021681197A5ED061ECB5098, xmp.iid:FB7F117407206811BC39C8B151F4BF7F, xmp.iid:FC7F117407206811BC39C8B151F4BF7F, xmp.iid:FD7F117407206811BC39C8B151F4BF7F, xmp.iid:FE7F117407206811BC39C8B151F4BF7F, xmp.iid:FF7F117407206811BC39C8B151F4BF7F, xmp.iid:0080117407206811BC39C8B151F4BF7F, xmp.iid:502082C40F206811BC39C8B151F4BF7F, xmp.iid:FA7F1174072068118DBB8122155BFF5F, xmp.iid:FB7F1174072068118DBB8122155BFF5F
History When                    : 2008:08:22 18:07:16-04:00, 2008:08:22 18:07:16-04:00, 2008:11:07 14:06:46-05:00, 2008:11:07 14:09:14-05:00, 2008:11:07 14:54:59-05:00, 2008:11:07 15:11:51-05:00, 2008:11:07 15:46:07-05:00, 2008:11:07 15:50-05:00, 2008:11:07 16:00:27-05:00, 2008:11:07 16:05:20-05:00, 2008:11:07 16:05:20-05:00, 2008:11:07 16:07:11-05:00, 2008:11:07 16:08:45-05:00, 2008:11:07 16:09:01-05:00, 2008:11:07 16:09:01-05:00, 2008:11:28 15:17:18-05:00, 2008:11:28 15:17:18-05:00, 2008:11:28 15:26:42-05:00, 2008:11:28 15:40:27-05:00, 2008:11:28 15:46:44-05:00, 2008:11:28 15:47:25-05:00, 2008:11:28 15:47:25-05:00, 2008:12:05 14:19:14-05:00, 2008:12:05 14:19:14-05:00
History Software Agent          : Adobe Photoshop CS4 (11.0x20080724 [20080724.m.420 2008/07/24:02:00:00 cutoff; m branch])  Macintosh, Adobe Photoshop CS4 (11.0x20080724 [20080724.m.420 2008/07/24:02:00:00 cutoff; m branch])  Macintosh, Adobe Photoshop CS4 Macintosh, Adobe Photoshop CS4 Macintosh, Adobe Photoshop CS4 Macintosh, Adobe Photoshop CS4 Macintosh, Adobe Photoshop CS4 Macintosh, Adobe Photoshop CS4 Macintosh, Adobe Photoshop CS4 Macintosh, Adobe Photoshop CS4 Macintosh, Adobe Photoshop CS4 Macintosh, Adobe Photoshop CS4 Macintosh, Adobe Photoshop CS4 Macintosh, Adobe Photoshop CS4 Macintosh, Adobe Photoshop CS4 Macintosh, Adobe Photoshop CS4 Macintosh, Adobe Photoshop CS4 Macintosh, Adobe Photoshop CS4 Macintosh, Adobe Photoshop CS4 Macintosh, Adobe Photoshop CS4 Macintosh, Adobe Photoshop CS4 Macintosh, Adobe Photoshop CS4 Macintosh, Adobe Photoshop CS4 Macintosh, Adobe Photoshop CS4 Macintosh
History Changed                 : /;/metadata, /metadata, /, /, /, /, /, /, /, /, /, /, /, /, /, /, /, /, /, /, /, /, /, /
History Parameters              : from application/vnd.adobe.photoshop to image/tiff, converted from application/vnd.adobe.photoshop to image/tiff
Format                          : image/tiff
Color Mode                      : CMYK
Current IPTC Digest             : 460cf28926b856dab09c01a1b0a79077
Application Record Version      : 2
IPTC Digest                     : 460cf28926b856dab09c01a1b0a79077
Displayed Units X               : inches
Displayed Units Y               : inches
Print Style                     : Centered
Print Position                  : 0 0
Print Scale                     : 1
Global Angle                    : 135
Global Altitude                 : 30
URL List                        :
Slices Group Name               :
Num Slices                      : 1
Pixel Aspect Ratio              : 1
Photoshop Thumbnail             : (Binary data 2681 bytes, use -b option to extract)
Has Real Merged Data            : Yes
Writer Name                     : Adobe Photoshop
Reader Name                     : Adobe Photoshop CS4
Color Space                     : Uncalibrated
Exif Image Width                : 4254
Exif Image Height               : 1253
Image Size                      : 4254x1253
Megapixels                      : 5.3
&lt;/pre&gt;
&lt;/div&gt;&lt;/div&gt;</description>
                <environment>&lt;p&gt;Windows 10,&#160;OpenJDK 11.0.5&lt;/p&gt;</environment>
        <key id="13283390">IMAGING-250</key>
            <summary>Imaging.getBufferedImage(File file) and Imaging.getImageInfo(File file) convert CMYK in RGB and it shouldn't</summary>
                <type id="1" iconUrl="https://issues.apache.org/jira/secure/viewavatar?size=xsmall&amp;avatarId=21133&amp;avatarType=issuetype">Bug</type>
                                            <priority id="2" iconUrl="https://issues.apache.org/jira/images/icons/priorities/critical.svg">Critical</priority>
                        <status id="6" iconUrl="https://issues.apache.org/jira/images/icons/statuses/closed.png" description="The issue is considered finished, the resolution is correct. Issues which are not closed can be reopened.">Closed</status>
                    <statusCategory id="3" key="done" colorName="green" />
                                    <resolution id="10005">Workaround</resolution>
                                        <assignee username="kinow">Bruno P. Kinoshita</assignee>
                                    <reporter username="baseq">Ionut Jenescu</reporter>
                        <labels>
                    </labels>
                <created>Wed, 5 Feb 2020 07:23:03 +0000</created>
                <updated>Thu, 19 May 2022 04:29:24 +0000</updated>
                            <resolved>Sat, 23 Oct 2021 09:10:50 +0000</resolved>
                                    <version>1.0-alpha1</version>
                                                    <component>Format: TIFF</component>
                        <due />
                            <votes>0</votes>
                                    <watches>5</watches>
                                                                <comments>
                            <comment id="17081701" author="kinow" created="Sun, 12 Apr 2020 08:49:22 +0000">&lt;p&gt;Funny, I get CMYK with exiftool too. But RGB with GIMP.&lt;/p&gt;

&lt;p&gt;&#160;&lt;/p&gt;

&lt;p&gt;&lt;span class="image-wrap" style=""&gt;&lt;img src="https://issues.apache.org/jira/secure/attachment/12999693/12999693_image-2020-04-12-20-50-21-831.png" style="border: 0px solid black" /&gt;&lt;/span&gt;&lt;/p&gt;</comment>
                            <comment id="17081710" author="kinow" created="Sun, 12 Apr 2020 09:28:06 +0000">&lt;p&gt;All right.&#160; There are two EXIF directories. In one of them the color mode is set as uncalibrated, so Imaging is assuming it to be RGB.&lt;/p&gt;

&lt;p&gt;The other directory has XMP data, which contains the XMP ColorMode value of 4, which is CMYK. Used JHove + exiftool to figure out where the color mode was coming from.&lt;/p&gt;

&lt;p&gt;&lt;span class="image-wrap" style=""&gt;&lt;img src="https://issues.apache.org/jira/secure/attachment/12999696/12999696_image-2020-04-12-21-28-03-199.png" style="border: 0px solid black" /&gt;&lt;/span&gt;&lt;/p&gt;</comment>
                            <comment id="17081711" author="kinow" created="Sun, 12 Apr 2020 09:28:54 +0000">&lt;p&gt;To see the XMP as XML:&lt;/p&gt;
&lt;div class="code panel" style="border-width: 1px;"&gt;&lt;div class="codeContent panelContent"&gt;
&lt;pre class="code-java"&gt;
&lt;span class="code-object"&gt;String&lt;/span&gt; xml = Imaging.getXmpXml(imgFile); &lt;/pre&gt;
&lt;/div&gt;&lt;/div&gt;
&lt;p&gt;Which should give:&lt;/p&gt;
&lt;div class="preformatted panel" style="border-width: 1px;"&gt;&lt;div class="preformattedContent panelContent"&gt;
&lt;pre&gt;&amp;lt;?xpacket begin="?" id="W5M0MpCehiHzreSzNTczkc9d"?&amp;gt;
&amp;lt;x:xmpmeta xmlns:x="adobe:ns:meta/" x:xmptk="Adobe XMP Core 4.2.2-c063 53.352624, 2008/07/30-18:05:41        "&amp;gt;
   &amp;lt;rdf:RDF xmlns:rdf="http://www.w3.org/1999/02/22-rdf-syntax-ns#"&amp;gt;
      &amp;lt;rdf:Description rdf:about=""
            xmlns:exif="http://ns.adobe.com/exif/1.0/"&amp;gt;
         &amp;lt;exif:ColorSpace&amp;gt;65535&amp;lt;/exif:ColorSpace&amp;gt;
         &amp;lt;exif:PixelXDimension&amp;gt;4254&amp;lt;/exif:PixelXDimension&amp;gt;
         &amp;lt;exif:PixelYDimension&amp;gt;1253&amp;lt;/exif:PixelYDimension&amp;gt;
         &amp;lt;exif:NativeDigest&amp;gt;36864,40960,40961,37121,37122,40962,40963,37510,40964,36867,36868,33434,33437,34850,34852,34855,34856,37377,37378,37379,37380,37381,37382,37383,37384,37385,37386,37396,41483,41484,41486,41487,41488,41492,41493,41495,41728,41729,41730,41985,41986,41987,41988,41989,41990,41991,41992,41993,41994,41995,41996,42016,0,2,4,5,6,7,8,9,10,11,12,13,14,15,16,17,18,20,22,23,24,25,26,27,28,30;43DB03615EE2C232CAEBC9DC57041678&amp;lt;/exif:NativeDigest&amp;gt;
      &amp;lt;/rdf:Description&amp;gt;
      &amp;lt;rdf:Description rdf:about=""
            xmlns:tiff="http://ns.adobe.com/tiff/1.0/"&amp;gt;
         &amp;lt;tiff:Orientation&amp;gt;1&amp;lt;/tiff:Orientation&amp;gt;
         &amp;lt;tiff:XResolution&amp;gt;3200000/10000&amp;lt;/tiff:XResolution&amp;gt;
         &amp;lt;tiff:YResolution&amp;gt;3200000/10000&amp;lt;/tiff:YResolution&amp;gt;
         &amp;lt;tiff:ResolutionUnit&amp;gt;2&amp;lt;/tiff:ResolutionUnit&amp;gt;
         &amp;lt;tiff:NativeDigest&amp;gt;256,257,258,259,262,274,277,284,530,531,282,283,296,301,318,319,529,532,306,270,271,272,305,315,33432;4273E6C2C1409F8378B1B5EBAD6A7B57&amp;lt;/tiff:NativeDigest&amp;gt;
         &amp;lt;tiff:ImageWidth&amp;gt;4254&amp;lt;/tiff:ImageWidth&amp;gt;
         &amp;lt;tiff:ImageLength&amp;gt;1253&amp;lt;/tiff:ImageLength&amp;gt;
         &amp;lt;tiff:BitsPerSample&amp;gt;
            &amp;lt;rdf:Seq&amp;gt;
               &amp;lt;rdf:li&amp;gt;8&amp;lt;/rdf:li&amp;gt;
               &amp;lt;rdf:li&amp;gt;8&amp;lt;/rdf:li&amp;gt;
               &amp;lt;rdf:li&amp;gt;8&amp;lt;/rdf:li&amp;gt;
               &amp;lt;rdf:li&amp;gt;8&amp;lt;/rdf:li&amp;gt;
            &amp;lt;/rdf:Seq&amp;gt;
         &amp;lt;/tiff:BitsPerSample&amp;gt;
         &amp;lt;tiff:Compression&amp;gt;5&amp;lt;/tiff:Compression&amp;gt;
         &amp;lt;tiff:PhotometricInterpretation&amp;gt;5&amp;lt;/tiff:PhotometricInterpretation&amp;gt;
         &amp;lt;tiff:SamplesPerPixel&amp;gt;4&amp;lt;/tiff:SamplesPerPixel&amp;gt;
         &amp;lt;tiff:PlanarConfiguration&amp;gt;1&amp;lt;/tiff:PlanarConfiguration&amp;gt;
      &amp;lt;/rdf:Description&amp;gt;
      &amp;lt;rdf:Description rdf:about=""
            xmlns:xmp="http://ns.adobe.com/xap/1.0/"&amp;gt;
         &amp;lt;xmp:CreateDate&amp;gt;2007-04-15T19:28:49-04:00&amp;lt;/xmp:CreateDate&amp;gt;
         &amp;lt;xmp:ModifyDate&amp;gt;2008-12-05T14:19:14-05:00&amp;lt;/xmp:ModifyDate&amp;gt;
         &amp;lt;xmp:MetadataDate&amp;gt;2008-12-05T14:19:14-05:00&amp;lt;/xmp:MetadataDate&amp;gt;
         &amp;lt;xmp:CreatorTool&amp;gt;Adobe Photoshop CS3 Macintosh&amp;lt;/xmp:CreatorTool&amp;gt;
      &amp;lt;/rdf:Description&amp;gt;
      &amp;lt;rdf:Description rdf:about=""
            xmlns:xmpMM="http://ns.adobe.com/xap/1.0/mm/"
            xmlns:stRef="http://ns.adobe.com/xap/1.0/sType/ResourceRef#"
            xmlns:stEvt="http://ns.adobe.com/xap/1.0/sType/ResourceEvent#"&amp;gt;
         &amp;lt;xmpMM:DerivedFrom rdf:parseType="Resource"&amp;gt;
            &amp;lt;stRef:instanceID&amp;gt;xmp.iid:0080117407206811BC39C8B151F4BF7F&amp;lt;/stRef:instanceID&amp;gt;
            &amp;lt;stRef:documentID&amp;gt;uuid:E497572EED0211DB8D1FD9507FFB8043&amp;lt;/stRef:documentID&amp;gt;
            &amp;lt;stRef:originalDocumentID&amp;gt;uuid:E497572EED0211DB8D1FD9507FFB8043&amp;lt;/stRef:originalDocumentID&amp;gt;
         &amp;lt;/xmpMM:DerivedFrom&amp;gt;
         &amp;lt;xmpMM:DocumentID&amp;gt;uuid:E497572EED0211DB8D1FD9507FFB8043&amp;lt;/xmpMM:DocumentID&amp;gt;
         &amp;lt;xmpMM:InstanceID&amp;gt;xmp.iid:FB7F1174072068118DBB8122155BFF5F&amp;lt;/xmpMM:InstanceID&amp;gt;
         &amp;lt;xmpMM:OriginalDocumentID&amp;gt;uuid:E497572EED0211DB8D1FD9507FFB8043&amp;lt;/xmpMM:OriginalDocumentID&amp;gt;
         &amp;lt;xmpMM:History&amp;gt;
            &amp;lt;rdf:Seq&amp;gt;
               &amp;lt;rdf:li rdf:parseType="Resource"&amp;gt;
                  &amp;lt;stEvt:action&amp;gt;saved&amp;lt;/stEvt:action&amp;gt;
                  &amp;lt;stEvt:instanceID&amp;gt;xmp.iid:FD7F117407206811BB468E82348ADD21&amp;lt;/stEvt:instanceID&amp;gt;
                  &amp;lt;stEvt:when&amp;gt;2008-08-22T18:07:16-04:00&amp;lt;/stEvt:when&amp;gt;
                  &amp;lt;stEvt:softwareAgent&amp;gt;Adobe Photoshop CS4 (11.0x20080724 [20080724.m.420 2008/07/24:02:00:00 cutoff; m branch])  Macintosh&amp;lt;/stEvt:softwareAgent&amp;gt;
                  &amp;lt;stEvt:changed&amp;gt;/;/metadata&amp;lt;/stEvt:changed&amp;gt;
               &amp;lt;/rdf:li&amp;gt;
               &amp;lt;rdf:li rdf:parseType="Resource"&amp;gt;
                  &amp;lt;stEvt:action&amp;gt;saved&amp;lt;/stEvt:action&amp;gt;
                  &amp;lt;stEvt:instanceID&amp;gt;xmp.iid:FE7F117407206811BB468E82348ADD21&amp;lt;/stEvt:instanceID&amp;gt;
                  &amp;lt;stEvt:when&amp;gt;2008-08-22T18:07:16-04:00&amp;lt;/stEvt:when&amp;gt;
                  &amp;lt;stEvt:softwareAgent&amp;gt;Adobe Photoshop CS4 (11.0x20080724 [20080724.m.420 2008/07/24:02:00:00 cutoff; m branch])  Macintosh&amp;lt;/stEvt:softwareAgent&amp;gt;
                  &amp;lt;stEvt:changed&amp;gt;/metadata&amp;lt;/stEvt:changed&amp;gt;
               &amp;lt;/rdf:li&amp;gt;
               &amp;lt;rdf:li rdf:parseType="Resource"&amp;gt;
                  &amp;lt;stEvt:action&amp;gt;saved&amp;lt;/stEvt:action&amp;gt;
                  &amp;lt;stEvt:instanceID&amp;gt;xmp.iid:0F6B669CBD21681197A5ED061ECB5098&amp;lt;/stEvt:instanceID&amp;gt;
                  &amp;lt;stEvt:when&amp;gt;2008-11-07T14:06:46-05:00&amp;lt;/stEvt:when&amp;gt;
                  &amp;lt;stEvt:softwareAgent&amp;gt;Adobe Photoshop CS4 Macintosh&amp;lt;/stEvt:softwareAgent&amp;gt;
                  &amp;lt;stEvt:changed&amp;gt;/&amp;lt;/stEvt:changed&amp;gt;
               &amp;lt;/rdf:li&amp;gt;
               &amp;lt;rdf:li rdf:parseType="Resource"&amp;gt;
                  &amp;lt;stEvt:action&amp;gt;saved&amp;lt;/stEvt:action&amp;gt;
                  &amp;lt;stEvt:instanceID&amp;gt;xmp.iid:106B669CBD21681197A5ED061ECB5098&amp;lt;/stEvt:instanceID&amp;gt;
                  &amp;lt;stEvt:when&amp;gt;2008-11-07T14:09:14-05:00&amp;lt;/stEvt:when&amp;gt;
                  &amp;lt;stEvt:softwareAgent&amp;gt;Adobe Photoshop CS4 Macintosh&amp;lt;/stEvt:softwareAgent&amp;gt;
                  &amp;lt;stEvt:changed&amp;gt;/&amp;lt;/stEvt:changed&amp;gt;
               &amp;lt;/rdf:li&amp;gt;
               &amp;lt;rdf:li rdf:parseType="Resource"&amp;gt;
                  &amp;lt;stEvt:action&amp;gt;saved&amp;lt;/stEvt:action&amp;gt;
                  &amp;lt;stEvt:instanceID&amp;gt;xmp.iid:116B669CBD21681197A5ED061ECB5098&amp;lt;/stEvt:instanceID&amp;gt;
                  &amp;lt;stEvt:when&amp;gt;2008-11-07T14:54:59-05:00&amp;lt;/stEvt:when&amp;gt;
                  &amp;lt;stEvt:softwareAgent&amp;gt;Adobe Photoshop CS4 Macintosh&amp;lt;/stEvt:softwareAgent&amp;gt;
                  &amp;lt;stEvt:changed&amp;gt;/&amp;lt;/stEvt:changed&amp;gt;
               &amp;lt;/rdf:li&amp;gt;
               &amp;lt;rdf:li rdf:parseType="Resource"&amp;gt;
                  &amp;lt;stEvt:action&amp;gt;saved&amp;lt;/stEvt:action&amp;gt;
                  &amp;lt;stEvt:instanceID&amp;gt;xmp.iid:126B669CBD21681197A5ED061ECB5098&amp;lt;/stEvt:instanceID&amp;gt;
                  &amp;lt;stEvt:when&amp;gt;2008-11-07T15:11:51-05:00&amp;lt;/stEvt:when&amp;gt;
                  &amp;lt;stEvt:softwareAgent&amp;gt;Adobe Photoshop CS4 Macintosh&amp;lt;/stEvt:softwareAgent&amp;gt;
                  &amp;lt;stEvt:changed&amp;gt;/&amp;lt;/stEvt:changed&amp;gt;
               &amp;lt;/rdf:li&amp;gt;
               &amp;lt;rdf:li rdf:parseType="Resource"&amp;gt;
                  &amp;lt;stEvt:action&amp;gt;saved&amp;lt;/stEvt:action&amp;gt;
                  &amp;lt;stEvt:instanceID&amp;gt;xmp.iid:B43840EAD021681197A5ED061ECB5098&amp;lt;/stEvt:instanceID&amp;gt;
                  &amp;lt;stEvt:when&amp;gt;2008-11-07T15:46:07-05:00&amp;lt;/stEvt:when&amp;gt;
                  &amp;lt;stEvt:softwareAgent&amp;gt;Adobe Photoshop CS4 Macintosh&amp;lt;/stEvt:softwareAgent&amp;gt;
                  &amp;lt;stEvt:changed&amp;gt;/&amp;lt;/stEvt:changed&amp;gt;
               &amp;lt;/rdf:li&amp;gt;
               &amp;lt;rdf:li rdf:parseType="Resource"&amp;gt;
                  &amp;lt;stEvt:action&amp;gt;saved&amp;lt;/stEvt:action&amp;gt;
                  &amp;lt;stEvt:instanceID&amp;gt;xmp.iid:B53840EAD021681197A5ED061ECB5098&amp;lt;/stEvt:instanceID&amp;gt;
                  &amp;lt;stEvt:when&amp;gt;2008-11-07T15:50-05:00&amp;lt;/stEvt:when&amp;gt;
                  &amp;lt;stEvt:softwareAgent&amp;gt;Adobe Photoshop CS4 Macintosh&amp;lt;/stEvt:softwareAgent&amp;gt;
                  &amp;lt;stEvt:changed&amp;gt;/&amp;lt;/stEvt:changed&amp;gt;
               &amp;lt;/rdf:li&amp;gt;
               &amp;lt;rdf:li rdf:parseType="Resource"&amp;gt;
                  &amp;lt;stEvt:action&amp;gt;saved&amp;lt;/stEvt:action&amp;gt;
                  &amp;lt;stEvt:instanceID&amp;gt;xmp.iid:B63840EAD021681197A5ED061ECB5098&amp;lt;/stEvt:instanceID&amp;gt;
                  &amp;lt;stEvt:when&amp;gt;2008-11-07T16:00:27-05:00&amp;lt;/stEvt:when&amp;gt;
                  &amp;lt;stEvt:softwareAgent&amp;gt;Adobe Photoshop CS4 Macintosh&amp;lt;/stEvt:softwareAgent&amp;gt;
                  &amp;lt;stEvt:changed&amp;gt;/&amp;lt;/stEvt:changed&amp;gt;
               &amp;lt;/rdf:li&amp;gt;
               &amp;lt;rdf:li rdf:parseType="Resource"&amp;gt;
                  &amp;lt;stEvt:action&amp;gt;saved&amp;lt;/stEvt:action&amp;gt;
                  &amp;lt;stEvt:instanceID&amp;gt;xmp.iid:B73840EAD021681197A5ED061ECB5098&amp;lt;/stEvt:instanceID&amp;gt;
                  &amp;lt;stEvt:when&amp;gt;2008-11-07T16:05:20-05:00&amp;lt;/stEvt:when&amp;gt;
                  &amp;lt;stEvt:softwareAgent&amp;gt;Adobe Photoshop CS4 Macintosh&amp;lt;/stEvt:softwareAgent&amp;gt;
                  &amp;lt;stEvt:changed&amp;gt;/&amp;lt;/stEvt:changed&amp;gt;
               &amp;lt;/rdf:li&amp;gt;
               &amp;lt;rdf:li rdf:parseType="Resource"&amp;gt;
                  &amp;lt;stEvt:action&amp;gt;saved&amp;lt;/stEvt:action&amp;gt;
                  &amp;lt;stEvt:instanceID&amp;gt;xmp.iid:B83840EAD021681197A5ED061ECB5098&amp;lt;/stEvt:instanceID&amp;gt;
                  &amp;lt;stEvt:when&amp;gt;2008-11-07T16:05:20-05:00&amp;lt;/stEvt:when&amp;gt;
                  &amp;lt;stEvt:softwareAgent&amp;gt;Adobe Photoshop CS4 Macintosh&amp;lt;/stEvt:softwareAgent&amp;gt;
                  &amp;lt;stEvt:changed&amp;gt;/&amp;lt;/stEvt:changed&amp;gt;
               &amp;lt;/rdf:li&amp;gt;
               &amp;lt;rdf:li rdf:parseType="Resource"&amp;gt;
                  &amp;lt;stEvt:action&amp;gt;saved&amp;lt;/stEvt:action&amp;gt;
                  &amp;lt;stEvt:instanceID&amp;gt;xmp.iid:B93840EAD021681197A5ED061ECB5098&amp;lt;/stEvt:instanceID&amp;gt;
                  &amp;lt;stEvt:when&amp;gt;2008-11-07T16:07:11-05:00&amp;lt;/stEvt:when&amp;gt;
                  &amp;lt;stEvt:softwareAgent&amp;gt;Adobe Photoshop CS4 Macintosh&amp;lt;/stEvt:softwareAgent&amp;gt;
                  &amp;lt;stEvt:changed&amp;gt;/&amp;lt;/stEvt:changed&amp;gt;
               &amp;lt;/rdf:li&amp;gt;
               &amp;lt;rdf:li rdf:parseType="Resource"&amp;gt;
                  &amp;lt;stEvt:action&amp;gt;saved&amp;lt;/stEvt:action&amp;gt;
                  &amp;lt;stEvt:instanceID&amp;gt;xmp.iid:BA3840EAD021681197A5ED061ECB5098&amp;lt;/stEvt:instanceID&amp;gt;
                  &amp;lt;stEvt:when&amp;gt;2008-11-07T16:08:45-05:00&amp;lt;/stEvt:when&amp;gt;
                  &amp;lt;stEvt:softwareAgent&amp;gt;Adobe Photoshop CS4 Macintosh&amp;lt;/stEvt:softwareAgent&amp;gt;
                  &amp;lt;stEvt:changed&amp;gt;/&amp;lt;/stEvt:changed&amp;gt;
               &amp;lt;/rdf:li&amp;gt;
               &amp;lt;rdf:li rdf:parseType="Resource"&amp;gt;
                  &amp;lt;stEvt:action&amp;gt;saved&amp;lt;/stEvt:action&amp;gt;
                  &amp;lt;stEvt:instanceID&amp;gt;xmp.iid:BB3840EAD021681197A5ED061ECB5098&amp;lt;/stEvt:instanceID&amp;gt;
                  &amp;lt;stEvt:when&amp;gt;2008-11-07T16:09:01-05:00&amp;lt;/stEvt:when&amp;gt;
                  &amp;lt;stEvt:softwareAgent&amp;gt;Adobe Photoshop CS4 Macintosh&amp;lt;/stEvt:softwareAgent&amp;gt;
                  &amp;lt;stEvt:changed&amp;gt;/&amp;lt;/stEvt:changed&amp;gt;
               &amp;lt;/rdf:li&amp;gt;
               &amp;lt;rdf:li rdf:parseType="Resource"&amp;gt;
                  &amp;lt;stEvt:action&amp;gt;saved&amp;lt;/stEvt:action&amp;gt;
                  &amp;lt;stEvt:instanceID&amp;gt;xmp.iid:BC3840EAD021681197A5ED061ECB5098&amp;lt;/stEvt:instanceID&amp;gt;
                  &amp;lt;stEvt:when&amp;gt;2008-11-07T16:09:01-05:00&amp;lt;/stEvt:when&amp;gt;
                  &amp;lt;stEvt:softwareAgent&amp;gt;Adobe Photoshop CS4 Macintosh&amp;lt;/stEvt:softwareAgent&amp;gt;
                  &amp;lt;stEvt:changed&amp;gt;/&amp;lt;/stEvt:changed&amp;gt;
               &amp;lt;/rdf:li&amp;gt;
               &amp;lt;rdf:li rdf:parseType="Resource"&amp;gt;
                  &amp;lt;stEvt:action&amp;gt;saved&amp;lt;/stEvt:action&amp;gt;
                  &amp;lt;stEvt:instanceID&amp;gt;xmp.iid:FB7F117407206811BC39C8B151F4BF7F&amp;lt;/stEvt:instanceID&amp;gt;
                  &amp;lt;stEvt:when&amp;gt;2008-11-28T15:17:18-05:00&amp;lt;/stEvt:when&amp;gt;
                  &amp;lt;stEvt:softwareAgent&amp;gt;Adobe Photoshop CS4 Macintosh&amp;lt;/stEvt:softwareAgent&amp;gt;
                  &amp;lt;stEvt:changed&amp;gt;/&amp;lt;/stEvt:changed&amp;gt;
               &amp;lt;/rdf:li&amp;gt;
               &amp;lt;rdf:li rdf:parseType="Resource"&amp;gt;
                  &amp;lt;stEvt:action&amp;gt;saved&amp;lt;/stEvt:action&amp;gt;
                  &amp;lt;stEvt:instanceID&amp;gt;xmp.iid:FC7F117407206811BC39C8B151F4BF7F&amp;lt;/stEvt:instanceID&amp;gt;
                  &amp;lt;stEvt:when&amp;gt;2008-11-28T15:17:18-05:00&amp;lt;/stEvt:when&amp;gt;
                  &amp;lt;stEvt:softwareAgent&amp;gt;Adobe Photoshop CS4 Macintosh&amp;lt;/stEvt:softwareAgent&amp;gt;
                  &amp;lt;stEvt:changed&amp;gt;/&amp;lt;/stEvt:changed&amp;gt;
               &amp;lt;/rdf:li&amp;gt;
               &amp;lt;rdf:li rdf:parseType="Resource"&amp;gt;
                  &amp;lt;stEvt:action&amp;gt;saved&amp;lt;/stEvt:action&amp;gt;
                  &amp;lt;stEvt:instanceID&amp;gt;xmp.iid:FD7F117407206811BC39C8B151F4BF7F&amp;lt;/stEvt:instanceID&amp;gt;
                  &amp;lt;stEvt:when&amp;gt;2008-11-28T15:26:42-05:00&amp;lt;/stEvt:when&amp;gt;
                  &amp;lt;stEvt:softwareAgent&amp;gt;Adobe Photoshop CS4 Macintosh&amp;lt;/stEvt:softwareAgent&amp;gt;
                  &amp;lt;stEvt:changed&amp;gt;/&amp;lt;/stEvt:changed&amp;gt;
               &amp;lt;/rdf:li&amp;gt;
               &amp;lt;rdf:li rdf:parseType="Resource"&amp;gt;
                  &amp;lt;stEvt:action&amp;gt;saved&amp;lt;/stEvt:action&amp;gt;
                  &amp;lt;stEvt:instanceID&amp;gt;xmp.iid:FE7F117407206811BC39C8B151F4BF7F&amp;lt;/stEvt:instanceID&amp;gt;
                  &amp;lt;stEvt:when&amp;gt;2008-11-28T15:40:27-05:00&amp;lt;/stEvt:when&amp;gt;
                  &amp;lt;stEvt:softwareAgent&amp;gt;Adobe Photoshop CS4 Macintosh&amp;lt;/stEvt:softwareAgent&amp;gt;
                  &amp;lt;stEvt:changed&amp;gt;/&amp;lt;/stEvt:changed&amp;gt;
               &amp;lt;/rdf:li&amp;gt;
               &amp;lt;rdf:li rdf:parseType="Resource"&amp;gt;
                  &amp;lt;stEvt:action&amp;gt;saved&amp;lt;/stEvt:action&amp;gt;
                  &amp;lt;stEvt:instanceID&amp;gt;xmp.iid:FF7F117407206811BC39C8B151F4BF7F&amp;lt;/stEvt:instanceID&amp;gt;
                  &amp;lt;stEvt:when&amp;gt;2008-11-28T15:46:44-05:00&amp;lt;/stEvt:when&amp;gt;
                  &amp;lt;stEvt:softwareAgent&amp;gt;Adobe Photoshop CS4 Macintosh&amp;lt;/stEvt:softwareAgent&amp;gt;
                  &amp;lt;stEvt:changed&amp;gt;/&amp;lt;/stEvt:changed&amp;gt;
               &amp;lt;/rdf:li&amp;gt;
               &amp;lt;rdf:li rdf:parseType="Resource"&amp;gt;
                  &amp;lt;stEvt:action&amp;gt;saved&amp;lt;/stEvt:action&amp;gt;
                  &amp;lt;stEvt:instanceID&amp;gt;xmp.iid:0080117407206811BC39C8B151F4BF7F&amp;lt;/stEvt:instanceID&amp;gt;
                  &amp;lt;stEvt:when&amp;gt;2008-11-28T15:47:25-05:00&amp;lt;/stEvt:when&amp;gt;
                  &amp;lt;stEvt:softwareAgent&amp;gt;Adobe Photoshop CS4 Macintosh&amp;lt;/stEvt:softwareAgent&amp;gt;
                  &amp;lt;stEvt:changed&amp;gt;/&amp;lt;/stEvt:changed&amp;gt;
               &amp;lt;/rdf:li&amp;gt;
               &amp;lt;rdf:li rdf:parseType="Resource"&amp;gt;
                  &amp;lt;stEvt:action&amp;gt;converted&amp;lt;/stEvt:action&amp;gt;
                  &amp;lt;stEvt:parameters&amp;gt;from application/vnd.adobe.photoshop to image/tiff&amp;lt;/stEvt:parameters&amp;gt;
               &amp;lt;/rdf:li&amp;gt;
               &amp;lt;rdf:li rdf:parseType="Resource"&amp;gt;
                  &amp;lt;stEvt:action&amp;gt;derived&amp;lt;/stEvt:action&amp;gt;
                  &amp;lt;stEvt:parameters&amp;gt;converted from application/vnd.adobe.photoshop to image/tiff&amp;lt;/stEvt:parameters&amp;gt;
               &amp;lt;/rdf:li&amp;gt;
               &amp;lt;rdf:li rdf:parseType="Resource"&amp;gt;
                  &amp;lt;stEvt:action&amp;gt;saved&amp;lt;/stEvt:action&amp;gt;
                  &amp;lt;stEvt:instanceID&amp;gt;xmp.iid:502082C40F206811BC39C8B151F4BF7F&amp;lt;/stEvt:instanceID&amp;gt;
                  &amp;lt;stEvt:when&amp;gt;2008-11-28T15:47:25-05:00&amp;lt;/stEvt:when&amp;gt;
                  &amp;lt;stEvt:softwareAgent&amp;gt;Adobe Photoshop CS4 Macintosh&amp;lt;/stEvt:softwareAgent&amp;gt;
                  &amp;lt;stEvt:changed&amp;gt;/&amp;lt;/stEvt:changed&amp;gt;
               &amp;lt;/rdf:li&amp;gt;
               &amp;lt;rdf:li rdf:parseType="Resource"&amp;gt;
                  &amp;lt;stEvt:action&amp;gt;saved&amp;lt;/stEvt:action&amp;gt;
                  &amp;lt;stEvt:instanceID&amp;gt;xmp.iid:FA7F1174072068118DBB8122155BFF5F&amp;lt;/stEvt:instanceID&amp;gt;
                  &amp;lt;stEvt:when&amp;gt;2008-12-05T14:19:14-05:00&amp;lt;/stEvt:when&amp;gt;
                  &amp;lt;stEvt:softwareAgent&amp;gt;Adobe Photoshop CS4 Macintosh&amp;lt;/stEvt:softwareAgent&amp;gt;
                  &amp;lt;stEvt:changed&amp;gt;/&amp;lt;/stEvt:changed&amp;gt;
               &amp;lt;/rdf:li&amp;gt;
               &amp;lt;rdf:li rdf:parseType="Resource"&amp;gt;
                  &amp;lt;stEvt:action&amp;gt;saved&amp;lt;/stEvt:action&amp;gt;
                  &amp;lt;stEvt:instanceID&amp;gt;xmp.iid:FB7F1174072068118DBB8122155BFF5F&amp;lt;/stEvt:instanceID&amp;gt;
                  &amp;lt;stEvt:when&amp;gt;2008-12-05T14:19:14-05:00&amp;lt;/stEvt:when&amp;gt;
                  &amp;lt;stEvt:softwareAgent&amp;gt;Adobe Photoshop CS4 Macintosh&amp;lt;/stEvt:softwareAgent&amp;gt;
                  &amp;lt;stEvt:changed&amp;gt;/&amp;lt;/stEvt:changed&amp;gt;
               &amp;lt;/rdf:li&amp;gt;
            &amp;lt;/rdf:Seq&amp;gt;
         &amp;lt;/xmpMM:History&amp;gt;
      &amp;lt;/rdf:Description&amp;gt;
      &amp;lt;rdf:Description rdf:about=""
            xmlns:dc="http://purl.org/dc/elements/1.1/"&amp;gt;
         &amp;lt;dc:format&amp;gt;image/tiff&amp;lt;/dc:format&amp;gt;
      &amp;lt;/rdf:Description&amp;gt;
      &amp;lt;rdf:Description rdf:about=""
            xmlns:photoshop="http://ns.adobe.com/photoshop/1.0/"&amp;gt;
         &amp;lt;photoshop:ColorMode&amp;gt;4&amp;lt;/photoshop:ColorMode&amp;gt;
      &amp;lt;/rdf:Description&amp;gt;
   &amp;lt;/rdf:RDF&amp;gt;
&amp;lt;/x:xmpmeta&amp;gt;         
&amp;lt;?xpacket end="w"?&amp;gt; &lt;/pre&gt;
&lt;/div&gt;&lt;/div&gt;</comment>
                            <comment id="17081722" author="kinow" created="Sun, 12 Apr 2020 10:04:20 +0000">&lt;p&gt;&lt;a href="https://issues.apache.org/jira/secure/ViewProfile.jspa?name=baseq" class="user-hover" rel="baseq"&gt;baseq&lt;/a&gt; probably not the answer you were looking for. I would prefer if the API could handle XMP, but as in the issue linked, there is little documentation around it, and we would need to improve parsing of XMP fields first.&lt;/p&gt;

&lt;p&gt;But here's how to get the color mode if using Adobe/XMP:&lt;/p&gt;
&lt;div class="code panel" style="border-width: 1px;"&gt;&lt;div class="codeContent panelContent"&gt;
&lt;pre class="code-java"&gt;
&lt;span class="code-keyword"&gt;package&lt;/span&gt; org.apache.commons.imaging.formats.tiff;&lt;span class="code-keyword"&gt;import&lt;/span&gt; java.awt.image.BufferedImage;
&lt;span class="code-keyword"&gt;import&lt;/span&gt; java.io.File;
&lt;span class="code-keyword"&gt;import&lt;/span&gt; java.io.StringReader;&lt;span class="code-keyword"&gt;import&lt;/span&gt; javax.xml.xpath.XPath;
&lt;span class="code-keyword"&gt;import&lt;/span&gt; javax.xml.xpath.XPathConstants;
&lt;span class="code-keyword"&gt;import&lt;/span&gt; javax.xml.xpath.XPathFactory;&lt;span class="code-keyword"&gt;import&lt;/span&gt; org.apache.commons.imaging.ImageInfo;
&lt;span class="code-keyword"&gt;import&lt;/span&gt; org.apache.commons.imaging.Imaging;
&lt;span class="code-keyword"&gt;import&lt;/span&gt; org.xml.sax.InputSource;
&lt;span class="code-keyword"&gt;public&lt;/span&gt; &lt;span class="code-keyword"&gt;class &lt;/span&gt;TiffColorParsing {

    &lt;span class="code-keyword"&gt;public&lt;/span&gt; &lt;span class="code-keyword"&gt;static&lt;/span&gt; void main(&lt;span class="code-object"&gt;String&lt;/span&gt;[] args) &lt;span class="code-keyword"&gt;throws&lt;/span&gt; Exception {
        File imgFile = &lt;span class="code-keyword"&gt;new&lt;/span&gt; File(TiffColorParsing.&lt;span class="code-keyword"&gt;class.&lt;/span&gt;getResource(&lt;span class="code-quote"&gt;"/IMAGING-250/imgCMYK.tif"&lt;/span&gt;)
                .getFile());
        BufferedImage bufImg = Imaging.getBufferedImage(imgFile);
        ImageInfo imgInfoCMYK = Imaging.getImageInfo(imgFile);
        &lt;span class="code-object"&gt;System&lt;/span&gt;.out.println(&lt;span class="code-quote"&gt;"&lt;span class="code-object"&gt;Number&lt;/span&gt; of bands from buffered image: "&lt;/span&gt; + bufImg.getSampleModel()
                .getNumBands());
        &lt;span class="code-object"&gt;System&lt;/span&gt;.out.println(&lt;span class="code-quote"&gt;"Color model from Imaging image: "&lt;/span&gt; + imgInfoCMYK.getColorType());
        &lt;span class="code-object"&gt;String&lt;/span&gt; xml = Imaging.getXmpXml(imgFile);        InputSource source = &lt;span class="code-keyword"&gt;new&lt;/span&gt; InputSource(&lt;span class="code-keyword"&gt;new&lt;/span&gt; StringReader(xml));
        
        XPath xpath = XPathFactory.newInstance().newXPath();
        &lt;span class="code-comment"&gt;// example value: &amp;lt;photoshop:ColorMode&amp;gt;4&amp;lt;/photoshop:ColorMode&amp;gt;
&lt;/span&gt;        &lt;span class="code-object"&gt;String&lt;/span&gt; photoshopColormode = (&lt;span class="code-object"&gt;String&lt;/span&gt;) xpath.compile(&lt;span class="code-quote"&gt;"&lt;span class="code-comment"&gt;//*[local-name()=&lt;span class="code-quote"&gt;'ColorMode'&lt;/span&gt;]/text()"&lt;/span&gt;).evaluate(source, XPathConstants.STRING);
&lt;/span&gt;        &lt;span class="code-object"&gt;System&lt;/span&gt;.out.println(&lt;span class="code-quote"&gt;"Color mode from Imaging image (XMP): "&lt;/span&gt; + photoshopColormode);
    }
}

&lt;/pre&gt;
&lt;/div&gt;&lt;/div&gt;
&lt;p&gt;This should print:&lt;/p&gt;
&lt;div class="preformatted panel" style="border-width: 1px;"&gt;&lt;div class="preformattedContent panelContent"&gt;
&lt;pre&gt;Number of bands from buffered image: 3
Color model from Imaging image: RGB
Color mode from Imaging image (XMP): 4
 &lt;/pre&gt;
&lt;/div&gt;&lt;/div&gt;
&lt;p&gt;Then you could refer to &lt;a href="https://exiftool.org/TagNames/XMP.html" class="external-link" target="_blank" rel="nofollow noopener"&gt;https://exiftool.org/TagNames/XMP.html&lt;/a&gt; to see the value of ColorMode. WDYT?&lt;/p&gt;

&lt;p&gt;&#160;&lt;/p&gt;

&lt;p&gt;&#160;&lt;/p&gt;</comment>
                            <comment id="17433240" author="kinow" created="Sat, 23 Oct 2021 09:10:50 +0000">&lt;p&gt;See workaround suggested. Feel free to comment if necessary here, or re-open if the workaround does not work (if no extra information provided as to how to reproduce, it may be closed as Cannot Reproduce).&lt;/p&gt;</comment>
                            <comment id="17539214" author="kinow" created="Thu, 19 May 2022 04:29:24 +0000">&lt;p&gt;Apache Commons Imaging 1.0-alpha3 has been released.&lt;/p&gt;</comment>
                    </comments>
                <issuelinks>
                            <issuelinktype id="10030">
                    <name>Reference</name>
                                                                <inwardlinks description="is related to">
                                        <issuelink>
            <issuekey id="12706171">IMAGING-129</issuekey>
        </issuelink>
                            </inwardlinks>
                                    </issuelinktype>
                    </issuelinks>
                <attachments>
                            <attachment id="12999693" name="image-2020-04-12-20-50-21-831.png" size="438117" author="kinow" created="Sun, 12 Apr 2020 08:50:26 +0000" />
                            <attachment id="12999696" name="image-2020-04-12-21-28-03-199.png" size="138818" author="kinow" created="Sun, 12 Apr 2020 09:28:05 +0000" />
                            <attachment id="12992666" name="imgCMYK.tif" size="1881868" author="baseq" created="Wed, 5 Feb 2020 07:22:11 +0000" />
                    </attachments>
                <subtasks>
                    </subtasks>
                <customfields>
                                                                                                                                                                                                                                                                                                                                                                                                                                                                                                                                                                                                                                                                                                                    <customfield id="customfield_12314020" key="com.atlassian.jira.plugins.jira-development-integration-plugin:devsummary">
                        <customfieldname>Development</customfieldname>
                        <customfieldvalues>
                            
                        </customfieldvalues>
                    </customfield>
                                                                                                                        <customfield id="customfield_12313422" key="com.atlassian.jirafisheyeplugin:jobcheckbox">
                        <customfieldname>Enable Automatic Patch Review</customfieldname>
                        <customfieldvalues>
                            <customfieldvalue>false</customfieldvalue>

                        </customfieldvalues>
                    </customfield>
                                                                                                                                                                                                                                                                                                                                                                                                                                                                                                                                                                                                                                                <customfield id="customfield_12310420" key="com.pyxis.greenhopper.jira:gh-global-rank">
                        <customfieldname>Global Rank</customfieldname>
                        <customfieldvalues>
                            <customfieldvalue>9223372036854775807</customfieldvalue>
                        </customfieldvalues>
                    </customfield>
                                                                                                                                                                                                                                                                                                                                                                                                                                                                        <customfield id="customfield_12311820" key="com.pyxis.greenhopper.jira:gh-lexo-rank">
                        <customfieldname>Rank</customfieldname>
                        <customfieldvalues>
                            <customfieldvalue>0|z0b628:</customfieldvalue>

                        </customfieldvalues>
                    </customfield>
                                                                <customfield id="customfield_12310920" key="com.pyxis.greenhopper.jira:gh-global-rank">
                        <customfieldname>Rank (Obsolete)</customfieldname>
                        <customfieldvalues>
                            <customfieldvalue>9223372036854775807</customfieldvalue>
                        </customfieldvalues>
                    </customfield>
                                                                                                                                                                                                                                                                                                                                                                                                                                                                                                                                                                                                                                                                                                                                                                                            </customfields>
    </item>


</channel>
</rss>