<rss version="0.92">
    <channel>
        <title>ASF JIRA</title>
        <link>https://issues.apache.org/jira/issues/?jql=project+%3D+IMAGING+AND+type+%3D+bug+and+%28status+%3D+RESOLVED+or+status+%3D+closed%29</link>
        <description>An XML representation of a search request</description>
                <language>en-uk</language>
                        <issue start="0" end="140" total="140" />
                <build-info>
            <version>8.20.7</version>
            <build-number>820007</build-number>
            <build-date>16-03-2022</build-date>
        </build-info>

<item>
            <title>[IMAGING-264] BMP Parser physicalWidthDpi and physicalHeightDpi truncated before rounding off.</title>
                <link>https://issues.apache.org/jira/browse/IMAGING-264</link>
                <project id="12313421" key="IMAGING">Commons Imaging</project>
                    <description>&lt;p&gt;In BMPImageParser class, the values are typecasted to int before rounding off so output varies(other parsers has this logic correct).&lt;/p&gt;

&lt;p&gt;int physicalWidthDpi = (int)((double)bhi.hResolution * 0.0254D);&lt;br/&gt;
int physicalHeightDpi = (int)((double)bhi.vResolution * 0.0254D);&lt;/p&gt;

&lt;p&gt;&#160;&lt;/p&gt;

&lt;p&gt;Expected :&lt;/p&gt;

&lt;p&gt;int physicalWidthDpi = (int)&lt;b&gt;Math.round&lt;/b&gt;((double)bhi.hResolution * 0.0254D);&lt;br/&gt;
int physicalHeightDpi = (int)&lt;b&gt;Math.round&lt;/b&gt;((double)bhi.vResolution * 0.0254D);&lt;/p&gt;</description>
                <environment />
        <key id="13323529">IMAGING-264</key>
            <summary>BMP Parser physicalWidthDpi and physicalHeightDpi truncated before rounding off.</summary>
                <type id="1" iconUrl="https://issues.apache.org/jira/secure/viewavatar?size=xsmall&amp;avatarId=21133&amp;avatarType=issuetype">Bug</type>
                                            <priority id="4" iconUrl="https://issues.apache.org/jira/images/icons/priorities/minor.svg">Minor</priority>
                        <status id="6" iconUrl="https://issues.apache.org/jira/images/icons/statuses/closed.png" description="The issue is considered finished, the resolution is correct. Issues which are not closed can be reopened.">Closed</status>
                    <statusCategory id="3" key="done" colorName="green" />
                                    <resolution id="1">Fixed</resolution>
                                        <assignee username="kinow">Bruno P. Kinoshita</assignee>
                                    <reporter username="rampravin">Ram</reporter>
                        <labels>
                    </labels>
                <created>Wed, 19 Aug 2020 09:44:58 +0000</created>
                <updated>Thu, 19 May 2022 04:29:24 +0000</updated>
                            <resolved>Wed, 19 Aug 2020 23:29:30 +0000</resolved>
                                    <version>1.0-alpha2</version>
                                    <fixVersion>1.0-alpha3</fixVersion>
                                    <component>Format: BMP</component>
                        <due />
                            <votes>0</votes>
                                    <watches>2</watches>
                                            <timeestimate seconds="0">0h</timeestimate>
                            <timespent seconds="1800">0.5h</timespent>
                                <comments>
                            <comment id="17180558" author="kinow" created="Wed, 19 Aug 2020 13:39:45 +0000">&lt;p&gt;Sounds sensible to me. Had a look around to see if I could find anything in the specifications about rounding resolution (which is a LONG), but had no luck.&lt;/p&gt;

&lt;p&gt;For the sake of being consistent, I think it's OK that we change, as JpegImageParser is doing it too. Quickly created a BMP in GIMP, with dpi=72.6, reproduced the issue where it was rounded down to 72. Added the suggested `match.round`, and it produced 73.&lt;/p&gt;</comment>
                            <comment id="17180561" author="kinow" created="Wed, 19 Aug 2020 13:43:08 +0000">&lt;p&gt;PR created &lt;a href="https://issues.apache.org/jira/secure/ViewProfile.jspa?name=rampravin" class="user-hover" rel="rampravin"&gt;rampravin&lt;/a&gt; : &lt;a href="https://github.com/apache/commons-imaging/pull/94" class="external-link" target="_blank" rel="nofollow noopener"&gt;https://github.com/apache/commons-imaging/pull/94&lt;/a&gt;&lt;/p&gt;

&lt;p&gt;Thanks for reporting the issue!&lt;/p&gt;</comment>
                            <comment id="17180954" author="rampravin" created="Thu, 20 Aug 2020 04:35:28 +0000">&lt;p&gt;Thanks for the quick fix &lt;a href="https://issues.apache.org/jira/secure/ViewProfile.jspa?name=kinow" class="user-hover" rel="kinow"&gt;kinow&lt;/a&gt;!&lt;/p&gt;</comment>
                            <comment id="17180957" author="kinow" created="Thu, 20 Aug 2020 04:44:09 +0000">&lt;p&gt;Don't mention it &lt;a href="https://issues.apache.org/jira/secure/ViewProfile.jspa?name=rampravin" class="user-hover" rel="rampravin"&gt;rampravin&lt;/a&gt; . You did all the hard work of reporting the issue, and you even gave the solution &lt;img class="emoticon" src="https://issues.apache.org/jira/images/icons/emoticons/smile.png" height="16" width="16" align="absmiddle" alt="" border="0"/&gt; let us know if you find any other issues. Aiming at releasing alpha3 somewhere around the end of the year.&lt;/p&gt;</comment>
                            <comment id="17539215" author="kinow" created="Thu, 19 May 2022 04:29:24 +0000">&lt;p&gt;Apache Commons Imaging 1.0-alpha3 has been released.&lt;/p&gt;</comment>
                    </comments>
                    <attachments>
                    </attachments>
                <subtasks>
                    </subtasks>
                <customfields>
                                                                                                                                                                                                                                                                                                                                                                                                                                                                                                                                                                                                                                                                                                                    <customfield id="customfield_12314020" key="com.atlassian.jira.plugins.jira-development-integration-plugin:devsummary">
                        <customfieldname>Development</customfieldname>
                        <customfieldvalues>
                            
                        </customfieldvalues>
                    </customfield>
                                                                                                                        <customfield id="customfield_12313422" key="com.atlassian.jirafisheyeplugin:jobcheckbox">
                        <customfieldname>Enable Automatic Patch Review</customfieldname>
                        <customfieldvalues>
                            <customfieldvalue>false</customfieldvalue>

                        </customfieldvalues>
                    </customfield>
                                                                                                                                                                                                                                                                                                                                                                                                                                                                                                                                                                                                                                                <customfield id="customfield_12310420" key="com.pyxis.greenhopper.jira:gh-global-rank">
                        <customfieldname>Global Rank</customfieldname>
                        <customfieldvalues>
                            <customfieldvalue>9223372036854775807</customfieldvalue>
                        </customfieldvalues>
                    </customfield>
                                                                                                                                                                                                                                                                                                                                                                                                                                                                        <customfield id="customfield_12311820" key="com.pyxis.greenhopper.jira:gh-lexo-rank">
                        <customfieldname>Rank</customfieldname>
                        <customfieldvalues>
                            <customfieldvalue>0|z0hwu8:</customfieldvalue>

                        </customfieldvalues>
                    </customfield>
                                                                <customfield id="customfield_12310920" key="com.pyxis.greenhopper.jira:gh-global-rank">
                        <customfieldname>Rank (Obsolete)</customfieldname>
                        <customfieldvalues>
                            <customfieldvalue>9223372036854775807</customfieldvalue>
                        </customfieldvalues>
                    </customfield>
                                                                                                                                                                                                                                                                                                                                                                                                                                                                                                                                                                                                                                                                                                                                                                                            </customfields>
    </item>


</channel>
</rss>