<rss version="0.92">
    <channel>
        <title>ASF JIRA</title>
        <link>https://issues.apache.org/jira/issues/?jql=project+%3D+IMAGING+AND+type+%3D+bug+and+%28status+%3D+RESOLVED+or+status+%3D+closed%29</link>
        <description>An XML representation of a search request</description>
                <language>en-uk</language>
                        <issue start="0" end="140" total="140" />
                <build-info>
            <version>8.20.7</version>
            <build-number>820007</build-number>
            <build-date>16-03-2022</build-date>
        </build-info>

<item>
            <title>[IMAGING-252] Unit Tests Fail when running under Windows</title>
                <link>https://issues.apache.org/jira/browse/IMAGING-252</link>
                <project id="12313421" key="IMAGING">Commons Imaging</project>
                    <description>&lt;p&gt;When performing a maven verify under a Windows OS, the unit test for TestImageInfo.java fails. The problem is due to the fact that the toString() method used for the test data format (BMP, I think) returns a multi-line product. Under windows, the PrintWriter class that is used internally to format the string introduces carriage returns.&#160; But the "expected" string that the TestImageInfo class uses has&#160; line feeds but no carriage returns.&#160; So the assertEquals() test fails.&lt;/p&gt;

&lt;p&gt;By tradition, Windows text includes a carriage-return/line-feed at the end of each line of text while Linux text has just a line-feed. So if these unit tests are performed on Linux, they pass. Only Windows is an issue.&lt;/p&gt;

&lt;p&gt;Recommend including a line of code to remove the carriage-returns from the return String from the ImageInfo.toString() method call.&#160; &#160;Instead of:&lt;/p&gt;
&lt;blockquote&gt;&lt;p&gt;assertEquals(expected, imageInfo.toString());&lt;/p&gt;&lt;/blockquote&gt;
&lt;p&gt;use:&lt;/p&gt;

&lt;p&gt;&#160;&lt;/p&gt;
&lt;blockquote&gt;&lt;p&gt;String test = imageInfo.toString().replaceAll("&amp;#92;&amp;#92;r", "");&lt;/p&gt;

&lt;p&gt;assertEquals(expected, test);&lt;/p&gt;&lt;/blockquote&gt;
&lt;p&gt;&#160;&lt;/p&gt;

&lt;p&gt;&#160;&lt;/p&gt;</description>
                <environment />
        <key id="13292925">IMAGING-252</key>
            <summary>Unit Tests Fail when running under Windows</summary>
                <type id="1" iconUrl="https://issues.apache.org/jira/secure/viewavatar?size=xsmall&amp;avatarId=21133&amp;avatarType=issuetype">Bug</type>
                                            <priority id="3" iconUrl="https://issues.apache.org/jira/images/icons/priorities/major.svg">Major</priority>
                        <status id="6" iconUrl="https://issues.apache.org/jira/images/icons/statuses/closed.png" description="The issue is considered finished, the resolution is correct. Issues which are not closed can be reopened.">Closed</status>
                    <statusCategory id="3" key="done" colorName="green" />
                                    <resolution id="1">Fixed</resolution>
                                        <assignee username="kinow">Bruno P. Kinoshita</assignee>
                                    <reporter username="gwlucas">Gary Lucas</reporter>
                        <labels>
                    </labels>
                <created>Fri, 20 Mar 2020 12:33:39 +0000</created>
                <updated>Thu, 19 May 2022 04:29:29 +0000</updated>
                            <resolved>Mon, 9 May 2022 12:07:28 +0000</resolved>
                                    <version>1.0-alpha1</version>
                                    <fixVersion>1.0-alpha3</fixVersion>
                                    <component>Build</component>
                    <component>imaging.*</component>
                        <due />
                            <votes>0</votes>
                                    <watches>2</watches>
                                                                <comments>
                            <comment id="17064314" author="michael-o" created="Sun, 22 Mar 2020 15:25:36 +0000">&lt;p&gt;Albeit of the line ending, it is a very bad idea to perform tests on string representations. They are not an API of any kind nor shall they be used as such.&lt;/p&gt;</comment>
                            <comment id="17064513" author="kinow" created="Mon, 23 Mar 2020 04:13:57 +0000">&lt;p&gt;Agree &lt;a href="https://issues.apache.org/jira/secure/ViewProfile.jspa?name=michael-o" class="user-hover" rel="michael-o"&gt;michael-o&lt;/a&gt; , the tests API is quite old (as well as other parts of the code). It's been partially ported to JUnit 5 but there are things like these tests that need to be improved too.&lt;/p&gt;</comment>
                            <comment id="17533777" author="kinow" created="Mon, 9 May 2022 12:07:28 +0000">&lt;p&gt;Hi &lt;a href="https://issues.apache.org/jira/secure/ViewProfile.jspa?name=gwlucas" class="user-hover" rel="gwlucas"&gt;gwlucas&lt;/a&gt;&#160; o/&lt;/p&gt;

&lt;p&gt;Triaging the issues for alpha-3. This one appears to have been fixed some time ago. We now test Windows with GitHub Actions - &lt;a href="https://github.com/apache/commons-imaging/blob/c33ef79cd2026b5b622102c8c7ebc9eebdd5b899/.github/workflows/maven.yml#L29" class="external-link" target="_blank" rel="nofollow noopener"&gt;https://github.com/apache/commons-imaging/blob/c33ef79cd2026b5b622102c8c7ebc9eebdd5b899/.github/workflows/maven.yml#L29&lt;/a&gt;&lt;/p&gt;</comment>
                            <comment id="17539271" author="kinow" created="Thu, 19 May 2022 04:29:29 +0000">&lt;p&gt;Apache Commons Imaging 1.0-alpha3 has been released.&lt;/p&gt;</comment>
                    </comments>
                    <attachments>
                    </attachments>
                <subtasks>
                    </subtasks>
                <customfields>
                                                                                                                                                                                                                                                                                                                                                                                                                                                                                                                                                                                                                                                                                                                    <customfield id="customfield_12314020" key="com.atlassian.jira.plugins.jira-development-integration-plugin:devsummary">
                        <customfieldname>Development</customfieldname>
                        <customfieldvalues>
                            
                        </customfieldvalues>
                    </customfield>
                                                                                                                        <customfield id="customfield_12313422" key="com.atlassian.jirafisheyeplugin:jobcheckbox">
                        <customfieldname>Enable Automatic Patch Review</customfieldname>
                        <customfieldvalues>
                            <customfieldvalue>false</customfieldvalue>

                        </customfieldvalues>
                    </customfield>
                                                                                                                                                                                                                                                                                                                                                                                                                                                                                                                                                                                                                                                <customfield id="customfield_12310420" key="com.pyxis.greenhopper.jira:gh-global-rank">
                        <customfieldname>Global Rank</customfieldname>
                        <customfieldvalues>
                            <customfieldvalue>9223372036854775807</customfieldvalue>
                        </customfieldvalues>
                    </customfield>
                                                                                                                                                                                                                                                                                                                                                                                                                                                                        <customfield id="customfield_12311820" key="com.pyxis.greenhopper.jira:gh-lexo-rank">
                        <customfieldname>Rank</customfieldname>
                        <customfieldvalues>
                            <customfieldvalue>0|z0cqkw:</customfieldvalue>

                        </customfieldvalues>
                    </customfield>
                                                                <customfield id="customfield_12310920" key="com.pyxis.greenhopper.jira:gh-global-rank">
                        <customfieldname>Rank (Obsolete)</customfieldname>
                        <customfieldvalues>
                            <customfieldvalue>9223372036854775807</customfieldvalue>
                        </customfieldvalues>
                    </customfield>
                                                                                                                                                                                                                                                                                                                                                                                                                                                                                                                                                                                                                                                                                                                                                                                            </customfields>
    </item>


</channel>
</rss>