<rss version="0.92">
    <channel>
        <title>ASF JIRA</title>
        <link>https://issues.apache.org/jira/issues/?jql=project+%3D+IMAGING+AND+type+%3D+bug+and+%28status+%3D+RESOLVED+or+status+%3D+closed%29</link>
        <description>An XML representation of a search request</description>
                <language>en-uk</language>
                        <issue start="0" end="140" total="140" />
                <build-info>
            <version>8.20.7</version>
            <build-number>820007</build-number>
            <build-date>16-03-2022</build-date>
        </build-info>

<item>
            <title>[IMAGING-115] DhtSegment class contains mutable public arrays</title>
                <link>https://issues.apache.org/jira/browse/IMAGING-115</link>
                <project id="12313421" key="IMAGING">Commons Imaging</project>
                    <description>&lt;p&gt;Mutable public arrays are very bad for thread-safety and maintainability.&lt;/p&gt;</description>
                <environment />
        <key id="12674827">IMAGING-115</key>
            <summary>DhtSegment class contains mutable public arrays</summary>
                <type id="1" iconUrl="https://issues.apache.org/jira/secure/viewavatar?size=xsmall&amp;avatarId=21133&amp;avatarType=issuetype">Bug</type>
                                            <priority id="3" iconUrl="https://issues.apache.org/jira/images/icons/priorities/major.svg">Major</priority>
                        <status id="6" iconUrl="https://issues.apache.org/jira/images/icons/statuses/closed.png" description="The issue is considered finished, the resolution is correct. Issues which are not closed can be reopened.">Closed</status>
                    <statusCategory id="3" key="done" colorName="green" />
                                    <resolution id="1">Fixed</resolution>
                                        <assignee username="-1">Unassigned</assignee>
                                    <reporter username="sebb">Sebb</reporter>
                        <labels>
                    </labels>
                <created>Mon, 21 Oct 2013 16:26:34 +0000</created>
                <updated>Fri, 3 May 2019 08:39:30 +0000</updated>
                            <resolved>Wed, 23 Oct 2013 17:39:06 +0000</resolved>
                                                    <fixVersion>1.0-alpha1</fixVersion>
                                        <due />
                            <votes>0</votes>
                                    <watches>2</watches>
                                                                <comments>
                            <comment id="13802045" author="damjan" created="Tue, 22 Oct 2013 17:31:41 +0000">&lt;p&gt;DhtSegment fields are accessed from the performance-critical JPEG decompression path, so making those arrays private and returning copies in getters is probably out of the question.&lt;/p&gt;</comment>
                            <comment id="13802051" author="mbenson" created="Tue, 22 Oct 2013 17:38:42 +0000">&lt;p&gt;Maybe some alternate design should be explored whereby the arrays are maintained privately to classes whose methods use the arrays with parameters that have been passed in.&lt;/p&gt;</comment>
                            <comment id="13802056" author="sebb@apache.org" created="Tue, 22 Oct 2013 17:44:03 +0000">&lt;p&gt;In which case use a getter that does not copy.&lt;br/&gt;
At least it would be possible to have more control over thread-safety, and it would be possible to add debug tracing to accesses etc.&lt;/p&gt;

&lt;p&gt;A public mutable field is bad.&lt;/p&gt;</comment>
                            <comment id="13803051" author="damjan" created="Wed, 23 Oct 2013 17:39:06 +0000">&lt;p&gt;Ok getters that don't copy it is. Thank you, resolving fixed.&lt;/p&gt;</comment>
                    </comments>
                    <attachments>
                    </attachments>
                <subtasks>
                    </subtasks>
                <customfields>
                                                                                                                                                                                                                                                                                                                                                                                                                                                                                                                                                                                                                                                                                                                    <customfield id="customfield_12314020" key="com.atlassian.jira.plugins.jira-development-integration-plugin:devsummary">
                        <customfieldname>Development</customfieldname>
                        <customfieldvalues>
                            
                        </customfieldvalues>
                    </customfield>
                                                                                                                        <customfield id="customfield_12313422" key="com.atlassian.jirafisheyeplugin:jobcheckbox">
                        <customfieldname>Enable Automatic Patch Review</customfieldname>
                        <customfieldvalues>
                            <customfieldvalue>false</customfieldvalue>

                        </customfieldvalues>
                    </customfield>
                                                                                                                                                                                                                                                                                                                                                                                                                                                                                                                                                                                                                                                <customfield id="customfield_12310420" key="com.pyxis.greenhopper.jira:gh-global-rank">
                        <customfieldname>Global Rank</customfieldname>
                        <customfieldvalues>
                            <customfieldvalue>354449</customfieldvalue>
                        </customfieldvalues>
                    </customfield>
                                                                                                                                                                                                                                                                                                                                                                                                                                                                        <customfield id="customfield_12311820" key="com.pyxis.greenhopper.jira:gh-lexo-rank">
                        <customfieldname>Rank</customfieldname>
                        <customfieldvalues>
                            <customfieldvalue>0|i1p3vj:</customfieldvalue>

                        </customfieldvalues>
                    </customfield>
                                                                <customfield id="customfield_12310920" key="com.pyxis.greenhopper.jira:gh-global-rank">
                        <customfieldname>Rank (Obsolete)</customfieldname>
                        <customfieldvalues>
                            <customfieldvalue>354739</customfieldvalue>
                        </customfieldvalues>
                    </customfield>
                                                                                                                                                                                                                                                                                                                                                                                                                                                                                                                                                                                                                                                                                                                                                                                            </customfields>
    </item>


</channel>
</rss>