<rss version="0.92">
    <channel>
        <title>ASF JIRA</title>
        <link>https://issues.apache.org/jira/issues/?jql=project+%3D+IMAGING+AND+type+%3D+bug+and+%28status+%3D+RESOLVED+or+status+%3D+closed%29</link>
        <description>An XML representation of a search request</description>
                <language>en-uk</language>
                        <issue start="0" end="140" total="140" />
                <build-info>
            <version>8.20.7</version>
            <build-number>820007</build-number>
            <build-date>16-03-2022</build-date>
        </build-info>

<item>
            <title>[IMAGING-255] Build errors with mvn site (NCSS)</title>
                <link>https://issues.apache.org/jira/browse/IMAGING-255</link>
                <project id="12313421" key="IMAGING">Commons Imaging</project>
                    <description>&lt;p&gt;Getting several errors similar to&lt;/p&gt;
&lt;div class="preformatted panel" style="border-width: 1px;"&gt;&lt;div class="preformattedContent panelContent"&gt;
&lt;pre&gt;[ERROR] Failed to execute goal org.apache.maven.plugins:maven-site-plugin:3.8.2:site (default-site) on project commons-imaging: Error generating javancss-maven-plugin:2.1:report report: Parsing error while executing JavaNCSS 33.54 ParseException in /home/kinow/Development/java/apache/commons-imaging/src/main/java/org/apache/commons/imaging/formats/tiff/TiffElement.java
[ERROR] Last useful checkpoint: "org.apache.commons.imaging.formats.tiff.TiffElement"
[ERROR] Encountered " "," ", "" at line 24, column 65. Encountered " "," ", "" at line 27, column 66.
[ERROR] Was expecting one of:
[ERROR]     "instanceof" ...
 &lt;/pre&gt;
&lt;/div&gt;&lt;/div&gt;
&lt;p&gt;When building the project with `mvn clean site`.&lt;/p&gt;

&lt;p&gt;Looking at the maven plugin page, its bug tracking link is broken, the development mailing list has low activity. So not a lot going on, and looks like others had similar error, though I couldn't find any solution.&lt;/p&gt;

&lt;p&gt;Had a look at Commons Lang but it doesn't appear to be using NCSS. Upgraded to the latest commons-parent, but the issue still persists.&lt;/p&gt;

&lt;p&gt;Removing ncss from the pom.xml everything builds fine. So keen to remove it unless there are any objections.&lt;/p&gt;

&lt;p&gt;Bruno&lt;/p&gt;</description>
                <environment />
        <key id="13297942">IMAGING-255</key>
            <summary>Build errors with mvn site (NCSS)</summary>
                <type id="1" iconUrl="https://issues.apache.org/jira/secure/viewavatar?size=xsmall&amp;avatarId=21133&amp;avatarType=issuetype">Bug</type>
                                            <priority id="3" iconUrl="https://issues.apache.org/jira/images/icons/priorities/major.svg">Major</priority>
                        <status id="6" iconUrl="https://issues.apache.org/jira/images/icons/statuses/closed.png" description="The issue is considered finished, the resolution is correct. Issues which are not closed can be reopened.">Closed</status>
                    <statusCategory id="3" key="done" colorName="green" />
                                    <resolution id="1">Fixed</resolution>
                                        <assignee username="kinow">Bruno P. Kinoshita</assignee>
                                    <reporter username="kinow">Bruno P. Kinoshita</reporter>
                        <labels>
                    </labels>
                <created>Mon, 13 Apr 2020 03:54:35 +0000</created>
                <updated>Fri, 7 Aug 2020 04:25:03 +0000</updated>
                            <resolved>Sat, 1 Aug 2020 06:12:54 +0000</resolved>
                                    <version>1.0-alpha1</version>
                                    <fixVersion>1.0-alpha2</fixVersion>
                                        <due />
                            <votes>0</votes>
                                    <watches>2</watches>
                                                                <comments>
                            <comment id="17169238" author="kinow" created="Sat, 1 Aug 2020 06:12:54 +0000">&lt;p&gt;Fixed in one of the previous commits. Just tried `mvn site` and it succeeded with no issues. Same JVM version (8) and Maven (3.5.4) on Ubuntu LTS.&lt;/p&gt;</comment>
                            <comment id="17172821" author="kinow" created="Fri, 7 Aug 2020 04:25:03 +0000">&lt;p&gt;Commons Imaging 1.0-alpha2 released!&lt;/p&gt;</comment>
                    </comments>
                    <attachments>
                    </attachments>
                <subtasks>
                    </subtasks>
                <customfields>
                                                                                                                                                                                                                                                                                                                                                                                                                                                                                                                                                                                                                                                                                                                    <customfield id="customfield_12314020" key="com.atlassian.jira.plugins.jira-development-integration-plugin:devsummary">
                        <customfieldname>Development</customfieldname>
                        <customfieldvalues>
                            
                        </customfieldvalues>
                    </customfield>
                                                                                                                        <customfield id="customfield_12313422" key="com.atlassian.jirafisheyeplugin:jobcheckbox">
                        <customfieldname>Enable Automatic Patch Review</customfieldname>
                        <customfieldvalues>
                            <customfieldvalue>false</customfieldvalue>

                        </customfieldvalues>
                    </customfield>
                                                                                                                                                                                                                                                                                                                                                                                                                                                                                                                                                                                                                                                <customfield id="customfield_12310420" key="com.pyxis.greenhopper.jira:gh-global-rank">
                        <customfieldname>Global Rank</customfieldname>
                        <customfieldvalues>
                            <customfieldvalue>9223372036854775807</customfieldvalue>
                        </customfieldvalues>
                    </customfield>
                                                                                                                                                                                                                                                                                                                                                                                                                                                                        <customfield id="customfield_12311820" key="com.pyxis.greenhopper.jira:gh-lexo-rank">
                        <customfieldname>Rank</customfieldname>
                        <customfieldvalues>
                            <customfieldvalue>0|z0dk3c:</customfieldvalue>

                        </customfieldvalues>
                    </customfield>
                                                                <customfield id="customfield_12310920" key="com.pyxis.greenhopper.jira:gh-global-rank">
                        <customfieldname>Rank (Obsolete)</customfieldname>
                        <customfieldvalues>
                            <customfieldvalue>9223372036854775807</customfieldvalue>
                        </customfieldvalues>
                    </customfield>
                                                                                                                                                                                                                                                                                                                                                                                                                                                                                                                                                                                                                                                                                                                                                                                            </customfields>
    </item>


</channel>
</rss>