<rss version="0.92">
    <channel>
        <title>ASF JIRA</title>
        <link>https://issues.apache.org/jira/issues/?jql=project+%3D+IMAGING+AND+type+%3D+bug+and+%28status+%3D+RESOLVED+or+status+%3D+closed%29</link>
        <description>An XML representation of a search request</description>
                <language>en-uk</language>
                        <issue start="0" end="140" total="140" />
                <build-info>
            <version>8.20.7</version>
            <build-number>820007</build-number>
            <build-date>16-03-2022</build-date>
        </build-info>

<item>
            <title>[IMAGING-2] SanselanGuessFormatTest &amp; SanselanTestConstants use Java 1.5 method String.replace(CharSequence, CharSequence)</title>
                <link>https://issues.apache.org/jira/browse/IMAGING-2</link>
                <project id="12313421" key="IMAGING">Commons Imaging</project>
                    <description>&lt;p&gt;SanselanGuessFormatTest &amp;amp; SanselanTestConstants use the Java 1.5 method String.replace(CharSequence target, CharSequence replacement); however pom.xml says that the code is intended for Java 1.4.&lt;/p&gt;

&lt;p&gt;These are the only Java 1.5 methods currently.&lt;/p&gt;</description>
                <environment />
        <key id="12435513">IMAGING-2</key>
            <summary>SanselanGuessFormatTest &amp; SanselanTestConstants use Java 1.5 method String.replace(CharSequence, CharSequence)</summary>
                <type id="1" iconUrl="https://issues.apache.org/jira/secure/viewavatar?size=xsmall&amp;avatarId=21133&amp;avatarType=issuetype">Bug</type>
                                            <priority id="3" iconUrl="https://issues.apache.org/jira/images/icons/priorities/major.svg">Major</priority>
                        <status id="6" iconUrl="https://issues.apache.org/jira/images/icons/statuses/closed.png" description="The issue is considered finished, the resolution is correct. Issues which are not closed can be reopened.">Closed</status>
                    <statusCategory id="3" key="done" colorName="green" />
                                    <resolution id="1">Fixed</resolution>
                                        <assignee username="-1">Unassigned</assignee>
                                    <reporter username="sebb">Sebb</reporter>
                        <labels>
                    </labels>
                <created>Sat, 12 Sep 2009 20:03:42 +0000</created>
                <updated>Fri, 3 May 2019 08:39:47 +0000</updated>
                            <resolved>Sat, 12 Sep 2009 20:43:33 +0000</resolved>
                                                    <fixVersion>1.0-alpha1</fixVersion>
                                        <due />
                            <votes>0</votes>
                                    <watches>0</watches>
                                                                <comments>
                            <comment id="12754607" author="cmchen" created="Sat, 12 Sep 2009 20:43:33 +0000">&lt;p&gt;Fixed this issue with revisions 814232 &amp;amp; 814232.&lt;br/&gt;
Just switched from developing on Windows to a MacBook Pro.  Eclipse on Mac doesn't enforce the 1.4 source compatibility if you don't have a 1.4 jre installed, and Mac 1.4 JDK won't install on Snow Leopard.  Is there a workaround for this issue?&lt;br/&gt;
Thanks for catching this, Sebb.&lt;/p&gt;</comment>
                            <comment id="12754619" author="sebb@apache.org" created="Sat, 12 Sep 2009 21:47:36 +0000">&lt;p&gt;You may be able to unpack a copy of the 1.4 class libraries and use those with Eclipse.&lt;/p&gt;</comment>
                            <comment id="12754625" author="joehni" created="Sat, 12 Sep 2009 22:06:05 +0000">&lt;p&gt;The animal-sniffer-maven-plugin can help here in future (&lt;a href="http://thread.gmane.org/gmane.comp.java.maven-plugins.mojo.devel/19023" class="external-link" target="_blank" rel="nofollow noopener"&gt;http://thread.gmane.org/gmane.comp.java.maven-plugins.mojo.devel/19023&lt;/a&gt;).&lt;/p&gt;</comment>
                    </comments>
                    <attachments>
                    </attachments>
                <subtasks>
                    </subtasks>
                <customfields>
                                                                                                                                                                                                                                                                                                                                                                                                                                                                                                                                                                                                                                                                                                                    <customfield id="customfield_12314020" key="com.atlassian.jira.plugins.jira-development-integration-plugin:devsummary">
                        <customfieldname>Development</customfieldname>
                        <customfieldvalues>
                            
                        </customfieldvalues>
                    </customfield>
                                                                                                                        <customfield id="customfield_12313422" key="com.atlassian.jirafisheyeplugin:jobcheckbox">
                        <customfieldname>Enable Automatic Patch Review</customfieldname>
                        <customfieldvalues>
                            <customfieldvalue>false</customfieldvalue>

                        </customfieldvalues>
                    </customfield>
                                                                                                                                                                                                                                                                                                                                                                                                                                                                                                                                                                                                                                                <customfield id="customfield_12310420" key="com.pyxis.greenhopper.jira:gh-global-rank">
                        <customfieldname>Global Rank</customfieldname>
                        <customfieldvalues>
                            <customfieldvalue>172251</customfieldvalue>
                        </customfieldvalues>
                    </customfield>
                                                                                                                                                                                                                                                                                                                                                                                                                                                                        <customfield id="customfield_12311820" key="com.pyxis.greenhopper.jira:gh-lexo-rank">
                        <customfieldname>Rank</customfieldname>
                        <customfieldvalues>
                            <customfieldvalue>0|i0wmwf:</customfieldvalue>

                        </customfieldvalues>
                    </customfield>
                                                                <customfield id="customfield_12310920" key="com.pyxis.greenhopper.jira:gh-global-rank">
                        <customfieldname>Rank (Obsolete)</customfieldname>
                        <customfieldvalues>
                            <customfieldvalue>188515</customfieldvalue>
                        </customfieldvalues>
                    </customfield>
                                                                                                                                                                                                                                                                                                                                                                                                                                                                                                                                                                                                                                                                                                                                                                                            </customfields>
    </item>


</channel>
</rss>