<rss version="0.92">
    <channel>
        <title>ASF JIRA</title>
        <link>https://issues.apache.org/jira/issues/?jql=project+%3D+IMAGING+AND+type+%3D+bug+and+%28status+%3D+RESOLVED+or+status+%3D+closed%29</link>
        <description>An XML representation of a search request</description>
                <language>en-uk</language>
                        <issue start="0" end="140" total="140" />
                <build-info>
            <version>8.20.7</version>
            <build-number>820007</build-number>
            <build-date>16-03-2022</build-date>
        </build-info>

<item>
            <title>[IMAGING-103] Update Commons Imaging web page to represent current state of project</title>
                <link>https://issues.apache.org/jira/browse/IMAGING-103</link>
                <project id="12313421" key="IMAGING">Commons Imaging</project>
                    <description>&lt;p&gt;I recommend that the project update the Commons Imaging web page to better represent the project.  I believe that currently it might discourage developers who would otherwise be interested in using Commons Imaging.&lt;/p&gt;

&lt;p&gt;Not only does the current text still refer to "Sanselan" but it also gives the impression that the code base hasn't been updated since 2009.   Also, I would like to see the phrase "It's slow, consequently, but perfectly portable" removed since the project has made considerable improvements in performance over the last couple of years.&lt;/p&gt;

&lt;p&gt;Finally, I'd like to see some of the links to the Issue Tracker and so forth updated to point at the right place.&lt;/p&gt;</description>
                <environment />
        <key id="12631080">IMAGING-103</key>
            <summary>Update Commons Imaging web page to represent current state of project</summary>
                <type id="1" iconUrl="https://issues.apache.org/jira/secure/viewavatar?size=xsmall&amp;avatarId=21133&amp;avatarType=issuetype">Bug</type>
                                            <priority id="3" iconUrl="https://issues.apache.org/jira/images/icons/priorities/major.svg">Major</priority>
                        <status id="6" iconUrl="https://issues.apache.org/jira/images/icons/statuses/closed.png" description="The issue is considered finished, the resolution is correct. Issues which are not closed can be reopened.">Closed</status>
                    <statusCategory id="3" key="done" colorName="green" />
                                    <resolution id="1">Fixed</resolution>
                                        <assignee username="kinow">Bruno P. Kinoshita</assignee>
                                    <reporter username="gwlucas">Gary Lucas</reporter>
                        <labels>
                    </labels>
                <created>Wed, 6 Feb 2013 15:37:08 +0000</created>
                <updated>Fri, 7 Aug 2020 04:32:10 +0000</updated>
                            <resolved>Sat, 25 Aug 2018 11:03:45 +0000</resolved>
                                                    <fixVersion>1.0-alpha1</fixVersion>
                                        <due />
                            <votes>1</votes>
                                    <watches>7</watches>
                                                                <comments>
                            <comment id="13644735" author="claudio_ch" created="Mon, 29 Apr 2013 18:31:36 +0000">&lt;p&gt;Also I notice several links are dead. E.g. while the download link in the left sidebar points to the working page &lt;a href="http://commons.apache.org/proper/commons-imaging/download_sanselan.cgi" class="external-link" target="_blank" rel="nofollow noopener"&gt;http://commons.apache.org/proper/commons-imaging/download_sanselan.cgi&lt;/a&gt; the "Download latest release" link on the page itself points to the non-existing location &lt;a href="http://commons.apache.org/sanselan/download_sanselan.cgi" class="external-link" target="_blank" rel="nofollow noopener"&gt;http://commons.apache.org/sanselan/download_sanselan.cgi&lt;/a&gt;&lt;/p&gt;

&lt;p&gt;The same is true for the Javadoc and the "Sanselan class" link on this page. Though the Javadoc link in the sidebar is broken too.&lt;/p&gt;

&lt;p&gt;Furthermore the project status page &lt;a href="http://commons.apache.org/proper/commons-imaging/history.html" class="external-link" target="_blank" rel="nofollow noopener"&gt;http://commons.apache.org/proper/commons-imaging/history.html&lt;/a&gt; does not have any information on versions newer than 0.90.&lt;/p&gt;

&lt;p&gt;The justification page &lt;a href="http://commons.apache.org/proper/commons-imaging/justification.html" class="external-link" target="_blank" rel="nofollow noopener"&gt;http://commons.apache.org/proper/commons-imaging/justification.html&lt;/a&gt; has a broken link to the "Apache Software License" and to libungif while the page mentioned on the top which is supposed to list other imaging libraries now just tells user to go back to Apache.&lt;/p&gt;

&lt;p&gt;On the References page &lt;a href="http://commons.apache.org/proper/commons-imaging/references.html" class="external-link" target="_blank" rel="nofollow noopener"&gt;http://commons.apache.org/proper/commons-imaging/references.html&lt;/a&gt; the first and fourth link are dead.&lt;/p&gt;

&lt;p&gt;On the Sample Images page &lt;a href="http://commons.apache.org/proper/commons-imaging/sampleimages.html" class="external-link" target="_blank" rel="nofollow noopener"&gt;http://commons.apache.org/proper/commons-imaging/sampleimages.html&lt;/a&gt; the RAWpository link points to a page which I wonder if it is the intended one.&lt;/p&gt;
</comment>
                            <comment id="13647906" author="garydgregory" created="Thu, 2 May 2013 21:10:06 +0000">&lt;p&gt;I updated the site with the latest from trunk. &lt;/p&gt;</comment>
                            <comment id="13667403" author="thmauch" created="Sun, 26 May 2013 21:16:06 +0000">&lt;p&gt;I am not able to download a release from the website. The overview page &lt;a href="http://commons.apache.org/proper/commons-imaging/index.html" class="external-link" target="_blank" rel="nofollow noopener"&gt;http://commons.apache.org/proper/commons-imaging/index.html&lt;/a&gt; still mentions under "Downloads: Current release: 0.97, February 14th, 2009". It links however to the page &lt;a href="http://commons.apache.org/proper/commons-imaging/download_imaging.cgi" class="external-link" target="_blank" rel="nofollow noopener"&gt;http://commons.apache.org/proper/commons-imaging/download_imaging.cgi&lt;/a&gt; where a 1.0 release is mentioned. All download links on this page however seem to point to non-existing files, even on the apache main servers. So I was not able to download the file &lt;a href="http://www.us.apache.org/dist//commons/imaging/binaries/commons-imaging-1.0-bin.zip" class="external-link" target="_blank" rel="nofollow noopener"&gt;http://www.us.apache.org/dist//commons/imaging/binaries/commons-imaging-1.0-bin.zip&lt;/a&gt; on any mirror. Where can I download the release 1.0?&lt;/p&gt;</comment>
                            <comment id="13667410" author="garydgregory" created="Sun, 26 May 2013 21:37:31 +0000">&lt;p&gt;The 1.0 release does not exist yet, hence your inability to download it.&lt;/p&gt;

&lt;p&gt;The best way to get a fresh copy is to download the project from SVN and build it yourself.&lt;/p&gt;

&lt;p&gt;You can also get a not as fresh copy from &lt;a href="http://repository.apache.org" class="external-link" target="_blank" rel="nofollow noopener"&gt;http://repository.apache.org&lt;/a&gt;&lt;/p&gt;

&lt;p&gt;Gary&lt;/p&gt;</comment>
                            <comment id="13667414" author="thmauch" created="Sun, 26 May 2013 21:58:18 +0000">&lt;p&gt;Any idea when you will release version 1.0?&lt;/p&gt;</comment>
                            <comment id="14260041" author="britter" created="Mon, 29 Dec 2014 11:07:02 +0000">&lt;p&gt;I'm working on the code currently. You can speed the release up by helping to fix outstanding issues &lt;img class="emoticon" src="https://issues.apache.org/jira/images/icons/emoticons/wink.png" height="16" width="16" align="absmiddle" alt="" border="0"/&gt;&lt;/p&gt;</comment>
                            <comment id="16583781" author="kinow" created="Fri, 17 Aug 2018 11:05:38 +0000">&lt;p&gt;I think 90% is done here &lt;a href="https://github.com/kinow/commons-imaging/commits/IMAGING-103" class="external-link" target="_blank" rel="nofollow noopener"&gt;https://github.com/kinow/commons-imaging/commits/IMAGING-103&lt;/a&gt;&lt;/p&gt;

&lt;p&gt;Still need to add the page about logging, rebase after &lt;a href="https://issues.apache.org/jira/browse/IMAGING-154" title="Remove Debug class" class="issue-link" data-issue-key="IMAGING-154"&gt;&lt;del&gt;IMAGING-154&lt;/del&gt;&lt;/a&gt; is merged, have one more final look at the reports and site, then we should be good for a pull request.&lt;/p&gt;</comment>
                            <comment id="17172853" author="kinow" created="Fri, 7 Aug 2020 04:32:10 +0000">&lt;p&gt;Apache Commons Imaging 1.0-alpha1 released (long ago, just closing the remaining issues marked as Resolved)&lt;/p&gt;</comment>
                    </comments>
                <issuelinks>
                            <issuelinktype id="12310000">
                    <name>Duplicate</name>
                                            <outwardlinks description="duplicates">
                                        <issuelink>
            <issuekey id="12720655">IMAGING-135</issuekey>
        </issuelink>
                            </outwardlinks>
                                                        </issuelinktype>
                    </issuelinks>
                <attachments>
                    </attachments>
                <subtasks>
                    </subtasks>
                <customfields>
                                                                                                                                                                                                                                                                                                                                                                                                                                                                                                                                                                                                                                                                                                                    <customfield id="customfield_12314020" key="com.atlassian.jira.plugins.jira-development-integration-plugin:devsummary">
                        <customfieldname>Development</customfieldname>
                        <customfieldvalues>
                            
                        </customfieldvalues>
                    </customfield>
                                                                                                                        <customfield id="customfield_12313422" key="com.atlassian.jirafisheyeplugin:jobcheckbox">
                        <customfieldname>Enable Automatic Patch Review</customfieldname>
                        <customfieldvalues>
                            <customfieldvalue>false</customfieldvalue>

                        </customfieldvalues>
                    </customfield>
                                                                                                                                                                                                                                                                                                                                                                                                                                                                                                                                                                                                                                                <customfield id="customfield_12310420" key="com.pyxis.greenhopper.jira:gh-global-rank">
                        <customfieldname>Global Rank</customfieldname>
                        <customfieldvalues>
                            <customfieldvalue>311576</customfieldvalue>
                        </customfieldvalues>
                    </customfield>
                                                                                                                                                                                                                                                                                                                                                                                                                                                                        <customfield id="customfield_12311820" key="com.pyxis.greenhopper.jira:gh-lexo-rank">
                        <customfieldname>Rank</customfieldname>
                        <customfieldvalues>
                            <customfieldvalue>0|i1hrqv:</customfieldvalue>

                        </customfieldvalues>
                    </customfield>
                                                                <customfield id="customfield_12310920" key="com.pyxis.greenhopper.jira:gh-global-rank">
                        <customfieldname>Rank (Obsolete)</customfieldname>
                        <customfieldvalues>
                            <customfieldvalue>311922</customfieldvalue>
                        </customfieldvalues>
                    </customfield>
                                                                                                                                                                                                                                                                                                                                                                                                                                                                                                                                                                                                                                                                                                                                                                                            </customfields>
    </item>


</channel>
</rss>