<rss version="0.92">
    <channel>
        <title>ASF JIRA</title>
        <link>https://issues.apache.org/jira/issues/?jql=project+%3D+IMAGING+AND+type+%3D+bug+and+%28status+%3D+RESOLVED+or+status+%3D+closed%29</link>
        <description>An XML representation of a search request</description>
                <language>en-uk</language>
                        <issue start="0" end="140" total="140" />
                <build-info>
            <version>8.20.7</version>
            <build-number>820007</build-number>
            <build-date>16-03-2022</build-date>
        </build-info>

<item>
            <title>[IMAGING-28] GIF Parser facilities return null values for xmp</title>
                <link>https://issues.apache.org/jira/browse/IMAGING-28</link>
                <project id="12313421" key="IMAGING">Commons Imaging</project>
                    <description>&lt;p&gt;When attempting to use both core Sanselan methods and GIFParser methods, attempts to retrieve XMP is resulting in null values. Example code below:&lt;/p&gt;

&lt;div class="code panel" style="border-width: 1px;"&gt;&lt;div class="codeContent panelContent"&gt;
&lt;pre class="code-java"&gt;File file;
InputStream is;
&lt;span class="code-object"&gt;byte&lt;/span&gt;[] b;

file = &lt;span class="code-keyword"&gt;new&lt;/span&gt; File(&lt;span class="code-quote"&gt;"C:/data/TestGIF.gif"&lt;/span&gt;);
is = &lt;span class="code-keyword"&gt;new&lt;/span&gt; FileInputStream(file);
b = &lt;span class="code-keyword"&gt;new&lt;/span&gt; &lt;span class="code-object"&gt;byte&lt;/span&gt;[is.available()];
is.read(b);
is.close();
		    
&lt;span class="code-comment"&gt;/* Testing the Sanselan getXMP */&lt;/span&gt;		    
&lt;span class="code-object"&gt;String&lt;/span&gt; xmp = Sanselan.getXmpXml(file); &lt;span class="code-comment"&gt;// returns &lt;span class="code-keyword"&gt;null&lt;/span&gt;
&lt;/span&gt;&lt;span class="code-object"&gt;System&lt;/span&gt;.out.println(xmp);
		    
&lt;span class="code-comment"&gt;/* Testing the GIF image parser's xmp capabilities */&lt;/span&gt;
GifImageParser parser = &lt;span class="code-keyword"&gt;new&lt;/span&gt; GifImageParser();
ByteSource bs = &lt;span class="code-keyword"&gt;new&lt;/span&gt; ByteSourceArray(b);
&lt;span class="code-object"&gt;String&lt;/span&gt; existingXMP = parser.getXmpXml(bs, &lt;span class="code-keyword"&gt;null&lt;/span&gt;); &lt;span class="code-comment"&gt;// returns &lt;span class="code-keyword"&gt;null&lt;/span&gt;
&lt;/span&gt;&lt;span class="code-object"&gt;System&lt;/span&gt;.out.println(existingXMP);
&lt;/pre&gt;
&lt;/div&gt;&lt;/div&gt;</description>
                <environment>&lt;p&gt;Windows XP, JDK 1.5&lt;/p&gt;</environment>
        <key id="12415451">IMAGING-28</key>
            <summary>GIF Parser facilities return null values for xmp</summary>
                <type id="1" iconUrl="https://issues.apache.org/jira/secure/viewavatar?size=xsmall&amp;avatarId=21133&amp;avatarType=issuetype">Bug</type>
                                            <priority id="3" iconUrl="https://issues.apache.org/jira/images/icons/priorities/major.svg">Major</priority>
                        <status id="6" iconUrl="https://issues.apache.org/jira/images/icons/statuses/closed.png" description="The issue is considered finished, the resolution is correct. Issues which are not closed can be reopened.">Closed</status>
                    <statusCategory id="3" key="done" colorName="green" />
                                    <resolution id="6">Invalid</resolution>
                                        <assignee username="-1">Unassigned</assignee>
                                    <reporter username="kell">Kelly Boettcher</reporter>
                        <labels>
                    </labels>
                <created>Tue, 24 Feb 2009 05:25:47 +0000</created>
                <updated>Fri, 7 Aug 2020 04:32:14 +0000</updated>
                            <resolved>Wed, 7 Dec 2011 03:43:29 +0000</resolved>
                                    <version>0.97</version>
                                    <fixVersion>1.0-alpha1</fixVersion>
                                        <due />
                            <votes>0</votes>
                                    <watches>2</watches>
                                                                <comments>
                            <comment id="12677824" author="cmchen" created="Sun, 1 Mar 2009 18:04:35 +0000">&lt;p&gt;getXmpXml() returns null if no XMP data is found in the image file.&lt;/p&gt;

&lt;p&gt;Also, you might be seeing an issue due to the way you're reading your file.  is.read() isn't guaranteed to read the entire stream - you'll need to loop read()s.  You're also not buffering the stream, which makes a significant performance difference.  Sanselan's ByteSources deal with these issues; I suggest the much easier:&lt;/p&gt;

&lt;p&gt;File file = new File("C:/data/TestGIF.gif"); &lt;br/&gt;
String xmp = Sanselan.getXmpXml(file);&lt;br/&gt;
if(null != xmp) {&lt;br/&gt;
   System.out.println(existingXMP);&lt;br/&gt;
} else {&lt;br/&gt;
   System.out.println("Image contains no xmp data.");&lt;br/&gt;
}&lt;/p&gt;</comment>
                            <comment id="12677855" author="kell" created="Sun, 1 Mar 2009 21:51:58 +0000">&lt;p&gt;But doesn't the fact that I can see metadata within Adobe Photoshop mean that I should be returning some sort of xmp values? Perhaps not. Ok, can you point me in the direction of xmp write back facilities for GIF format?&lt;/p&gt;</comment>
                            <comment id="13164118" author="damjan" created="Wed, 7 Dec 2011 03:43:29 +0000">&lt;p&gt;There is definitely no XMP in that file:&lt;/p&gt;

&lt;p&gt;$ exiv2 pr -p x -v /tmp/TestGIF.gif &lt;br/&gt;
File 1/1: /tmp/TestGIF.gif&lt;br/&gt;
/tmp/TestGIF.gif: No XMP data found in the file&lt;/p&gt;

&lt;p&gt;Shotwell, Phatch, Irfanview, others, also failed.&lt;/p&gt;

&lt;p&gt;As for writing XMP into a GIF, you should set PARAM_KEY_XMP_XML to the string containing the XMP in the parameters you pass to Sanselan.writeImage().&lt;/p&gt;

&lt;p&gt;Resolving this bug invalid.&lt;/p&gt;</comment>
                            <comment id="17172862" author="kinow" created="Fri, 7 Aug 2020 04:32:14 +0000">&lt;p&gt;Apache Commons Imaging 1.0-alpha1 released (long ago, just closing the remaining issues marked as Resolved)&lt;/p&gt;</comment>
                    </comments>
                    <attachments>
                            <attachment id="12400834" name="TestGIF.gif" size="13185" author="kell" created="Tue, 24 Feb 2009 05:28:30 +0000" />
                    </attachments>
                <subtasks>
                    </subtasks>
                <customfields>
                                                                                                                                                                                                                                                                                                                                                                                                                                                                                                                                                                                                                                                                                                                    <customfield id="customfield_12314020" key="com.atlassian.jira.plugins.jira-development-integration-plugin:devsummary">
                        <customfieldname>Development</customfieldname>
                        <customfieldvalues>
                            
                        </customfieldvalues>
                    </customfield>
                                                                                                                        <customfield id="customfield_12313422" key="com.atlassian.jirafisheyeplugin:jobcheckbox">
                        <customfieldname>Enable Automatic Patch Review</customfieldname>
                        <customfieldvalues>
                            <customfieldvalue>false</customfieldvalue>

                        </customfieldvalues>
                    </customfield>
                                                                                                                                                                                                                                                                                                                                                                                                                                                                                                                                                                                                                                                <customfield id="customfield_12310420" key="com.pyxis.greenhopper.jira:gh-global-rank">
                        <customfieldname>Global Rank</customfieldname>
                        <customfieldvalues>
                            <customfieldvalue>172242</customfieldvalue>
                        </customfieldvalues>
                    </customfield>
                                                                                                                                                                                                                                                                                                                                                                                                                                                                        <customfield id="customfield_12311820" key="com.pyxis.greenhopper.jira:gh-lexo-rank">
                        <customfieldname>Rank</customfieldname>
                        <customfieldvalues>
                            <customfieldvalue>0|i0wnqv:</customfieldvalue>

                        </customfieldvalues>
                    </customfield>
                                                                <customfield id="customfield_12310920" key="com.pyxis.greenhopper.jira:gh-global-rank">
                        <customfieldname>Rank (Obsolete)</customfieldname>
                        <customfieldvalues>
                            <customfieldvalue>188652</customfieldvalue>
                        </customfieldvalues>
                    </customfield>
                                                                                                                                                                                                                                                                                                                                                                                                                                                                                                                                                                                                                                                                                                                                                                                            </customfields>
    </item>


</channel>
</rss>