<rss version="0.92">
    <channel>
        <title>ASF JIRA</title>
        <link>https://issues.apache.org/jira/issues/?jql=project+%3D+IMAGING+AND+type+%3D+bug+and+%28status+%3D+RESOLVED+or+status+%3D+closed%29</link>
        <description>An XML representation of a search request</description>
                <language>en-uk</language>
                        <issue start="0" end="140" total="140" />
                <build-info>
            <version>8.20.7</version>
            <build-number>820007</build-number>
            <build-date>16-03-2022</build-date>
        </build-info>

<item>
            <title>[IMAGING-24] Fetching GPS Latitude Ref gets Interoperability Index instead of Reference</title>
                <link>https://issues.apache.org/jira/browse/IMAGING-24</link>
                <project id="12313421" key="IMAGING">Commons Imaging</project>
                    <description>&lt;p&gt;When testing  the following example&lt;/p&gt;

&lt;p&gt;&lt;a href="https://svn.apache.org/repos/asf/incubator/sanselan/trunk/src/test/java/org/apache/sanselan/sampleUsage/MetadataExample.java" class="external-link" target="_blank" rel="nofollow noopener"&gt;https://svn.apache.org/repos/asf/incubator/sanselan/trunk/src/test/java/org/apache/sanselan/sampleUsage/MetadataExample.java&lt;/a&gt;&lt;/p&gt;

&lt;p&gt;with apache-sanselan-incubating-0.97 it always stops working throwing a ClassCastException. It seems, that the line &lt;/p&gt;

&lt;p&gt;TiffField gpsLatitudeRefField = jpegMetadata&lt;br/&gt;
					.findEXIFValue(TiffConstants.GPS_TAG_GPS_LATITUDE_REF);&lt;/p&gt;

&lt;p&gt;returns the Interoperability Index (R98) instead of the GPS Latitude Ref.&lt;/p&gt;

&lt;p&gt;XResolution: 72&lt;br/&gt;
Date Time: '2008:07:23 18:19:58'&lt;br/&gt;
Date Time Original: '2008:07:23 10:05:21'&lt;br/&gt;
Create Date: '2008:07:23 10:05:21'&lt;br/&gt;
ISO: 64&lt;br/&gt;
Shutter Speed Value: Not Found.&lt;br/&gt;
Aperture Value: 6&lt;br/&gt;
Brightness Value: 81/10 (8,1)&lt;br/&gt;
GPS Latitude Ref: 'R98'                              &amp;lt;------------------------------------ !!!!!!!&lt;br/&gt;
GPS Latitude: 48, 49, 48, 48&lt;br/&gt;
GPS Longitude Ref: 'E'&lt;br/&gt;
GPS Longitude: 6, 38, 2061/100 (20,61)&lt;br/&gt;
GPS Description: &lt;span class="error"&gt;&amp;#91;GPS. Latitude: 49 degrees, 45 minutes, 34,18 seconds N, Longitude: 6 degrees, 38 minutes, 20,61 seconds E&amp;#93;&lt;/span&gt;&lt;/p&gt;

&lt;p&gt;Exception in thread "main" java.lang.ClassCastException: [B&lt;br/&gt;
at com.alta4.phasr.MetadataExample.metadataExample(MetadataExample.java:113)&lt;/p&gt;</description>
                <environment>&lt;p&gt;Windows XP SP3, java version "1.5.0_17"&lt;br/&gt;
apache-sanselan-incubating-0.97-bin.zip&lt;/p&gt;</environment>
        <key id="12419623">IMAGING-24</key>
            <summary>Fetching GPS Latitude Ref gets Interoperability Index instead of Reference</summary>
                <type id="1" iconUrl="https://issues.apache.org/jira/secure/viewavatar?size=xsmall&amp;avatarId=21133&amp;avatarType=issuetype">Bug</type>
                                            <priority id="4" iconUrl="https://issues.apache.org/jira/images/icons/priorities/minor.svg">Minor</priority>
                        <status id="6" iconUrl="https://issues.apache.org/jira/images/icons/statuses/closed.png" description="The issue is considered finished, the resolution is correct. Issues which are not closed can be reopened.">Closed</status>
                    <statusCategory id="3" key="done" colorName="green" />
                                    <resolution id="1">Fixed</resolution>
                                        <assignee username="-1">Unassigned</assignee>
                                    <reporter username="christianjunk">Christian Junk</reporter>
                        <labels>
                    </labels>
                <created>Fri, 27 Mar 2009 08:28:08 +0000</created>
                <updated>Fri, 3 May 2019 08:39:51 +0000</updated>
                            <resolved>Mon, 28 Nov 2011 05:49:16 +0000</resolved>
                                    <version>0.94-incubator</version>
                                    <fixVersion>1.0-alpha1</fixVersion>
                                        <due />
                            <votes>1</votes>
                                    <watches>1</watches>
                                                                <comments>
                            <comment id="12689848" author="christianjunk" created="Fri, 27 Mar 2009 08:29:36 +0000">&lt;p&gt;Sample Image. Try this to reproduce the error&lt;/p&gt;</comment>
                            <comment id="12780535" author="locked" created="Fri, 20 Nov 2009 12:22:57 +0000">&lt;p&gt;file to demonstrate geotag error&lt;/p&gt;</comment>
                            <comment id="12780536" author="locked" created="Fri, 20 Nov 2009 12:27:02 +0000">&lt;p&gt;confirmed, using geo1.jpg:&lt;br/&gt;
IrfanView correctly extracts the GeoTags:&lt;br/&gt;
GPS Version ID: 2.2.0.0&lt;br/&gt;
GPS Latitude Ref: N&lt;br/&gt;
GPS Latitude: 47 49 2.29&lt;br/&gt;
GPS Longitude Ref: E&lt;br/&gt;
GPS Longitude: 11, 36, 40.114&lt;/p&gt;

&lt;p&gt;while Sanselan produces the following output&lt;br/&gt;
GPS Version ID: Not Found.&lt;br/&gt;
GPS Latitude Ref: 'R98'     &amp;lt;- should be N?&lt;br/&gt;
GPS Latitude: 48, 49, 48, 48&amp;lt;- should be 47 49 2.29?&lt;br/&gt;
GPS Longitude Ref: 'E'&lt;br/&gt;
GPS Longitude: 11, 36, 40114/1000 (40,114)&lt;/p&gt;

&lt;p&gt;static void getLocation(File file) throws IOException, ImageReadException {&lt;br/&gt;
     IImageMetadata metadata = Sanselan.getMetadata(file);&lt;br/&gt;
     if (metadata instanceof JpegImageMetadata) {&lt;br/&gt;
         JpegImageMetadata jpegMetadata = (JpegImageMetadata) metadata;&lt;br/&gt;
         for (TagInfo ti : GPSTagConstants.ALL_GPS_TAGS) {&lt;br/&gt;
             TiffField field = jpegMetadata.findEXIFValue(ti);&lt;br/&gt;
             if (field != null) &lt;/p&gt;
{
                 System.out.println(ti.name + ": " + field.getValueDescription());
             }
&lt;p&gt;         }&lt;br/&gt;
     }&lt;br/&gt;
 }&lt;/p&gt;</comment>
                            <comment id="12782673" author="billev2k" created="Wed, 25 Nov 2009 23:19:24 +0000">&lt;p&gt;I believe the problem is in org.apache.sanselan.formats.jpeg.JpegImageMetadata in function findEXIFValue.&lt;/p&gt;

&lt;p&gt;This:&lt;br/&gt;
			if (field.tag == tagInfo.tag)&lt;br/&gt;
				return field;&lt;/p&gt;

&lt;p&gt;should be:&lt;br/&gt;
			if (field.directoryType == tagInfo.directoryType.directoryType &amp;amp;&amp;amp; field.tag == tagInfo.tag)&lt;br/&gt;
				return field;&lt;/p&gt;

&lt;p&gt;(The code currently returns the first field, from &lt;b&gt;any dictionary&lt;/b&gt;, with a tag matching the tag of the requested info.)&lt;/p&gt;</comment>
                            <comment id="12782682" author="billev2k" created="Wed, 25 Nov 2009 23:44:35 +0000">&lt;p&gt;Attached what I hope is a proper patch.&lt;/p&gt;</comment>
                            <comment id="12782971" author="locked" created="Thu, 26 Nov 2009 20:06:30 +0000">&lt;p&gt;Great! Your patch works for me.&lt;/p&gt;</comment>
                            <comment id="13084788" author="tonio09" created="Sun, 14 Aug 2011 05:37:02 +0000">&lt;p&gt;&amp;gt; if (field.directoryType == tagInfo.directoryType.directoryType &amp;amp;&amp;amp; field.tag == tagInfo.tag) &lt;/p&gt;

&lt;p&gt;This fix causes nullpointer exception for certain tags, such as EXIF.IMAGE_DESCRIPTION&lt;/p&gt;</comment>
                            <comment id="13157697" author="damjan" created="Sun, 27 Nov 2011 07:54:32 +0000">&lt;p&gt;I can't reproduce this with the latest SVN HEAD and geo1.jpg - it gives the right GPS values:&lt;br/&gt;
GPS Latitude Ref: 'N'&lt;br/&gt;
GPS Latitude: 47, 49, 2294/1000 (2.294)&lt;br/&gt;
GPS Longitude Ref: 'E'&lt;br/&gt;
GPS Longitude: 11, 36, 40114/1000 (40.114)&lt;br/&gt;
GPS Time Stamp: 12, 46, 45&lt;br/&gt;
GPS Date Stamp: '2009:10:24'&lt;/p&gt;

&lt;p&gt;However the OutOfMemoryError.jpg of &lt;a href="https://issues.apache.org/jira/browse/IMAGING-21" title="Bug in Sanselan.getImageInfo(File) with certain JPEGs causing java.lang.OutOfMemoryError or java.lang.NegativeArraySizeException" class="issue-link" data-issue-key="IMAGING-21"&gt;&lt;del&gt;SANSELAN-53&lt;/del&gt;&lt;/a&gt; (&lt;a href="https://issues.apache.org/jira/secure/attachment/12484728/OutOfMemoryError.jpg" class="external-link" rel="nofollow"&gt;https://issues.apache.org/jira/secure/attachment/12484728/OutOfMemoryError.jpg&lt;/a&gt;), which has no GPS data, does get bogus values:&lt;br/&gt;
GPS Latitude Ref: 'R98'&lt;br/&gt;
GPS Latitude: 48, 49, 48, 48&lt;/p&gt;

&lt;p&gt;which is a problem.&lt;/p&gt;</comment>
                            <comment id="13157700" author="damjan" created="Sun, 27 Nov 2011 08:13:32 +0000">&lt;p&gt;Oh I see... the findEXIFValue() method of JpegImageMetadata has this comment:&lt;br/&gt;
            // In some cases, we want an exact directory match (such as GPS values).&lt;br/&gt;
            // In other cases, we are more permissive (ie. with tags that may appear&lt;br/&gt;
            // in a number of different directories, depending on the camera manufacturer, etc.&lt;br/&gt;
            // TODO: Modify TagInfo class to include a "permissive/exact" flag.&lt;/p&gt;

&lt;p&gt;Since I only see tag duplication between GPSTagConstants and 2 interoperability related ExifTagConstants, and only the tags that can be duplicated need the exact directory match, this change should be very easy.&lt;/p&gt;</comment>
                            <comment id="13157702" author="damjan" created="Sun, 27 Nov 2011 08:42:01 +0000">&lt;p&gt;This patch fixes your test case, but doesn't fix what toString() of JpegImageMetadata returns. That seems to require further changes to TIFF code.&lt;/p&gt;</comment>
                            <comment id="13157716" author="damjan" created="Sun, 27 Nov 2011 09:51:17 +0000">&lt;p&gt;No, at least 79 cases of TIFF tag duplication exist in the code, hardcoding which tag directories are matched inexactly seems too error-prone.&lt;/p&gt;

&lt;p&gt;The real problem here is that Sanselan hasn't solved the problem of inexact tag matching. The many hacks and commented out code in TiffField's getTag() method, and the fact it searches through only EXIF tags instead of all tags, show there is a serious problem. I'll have to see what other EXIF tools do in this case.&lt;/p&gt;</comment>
                            <comment id="13158195" author="damjan" created="Mon, 28 Nov 2011 05:49:16 +0000">&lt;p&gt;Fix committed to latest SVN, resolving fixed.&lt;/p&gt;</comment>
                    </comments>
                    <attachments>
                            <attachment id="12403792" name="R0013102.jpg" size="605080" author="christianjunk" created="Fri, 27 Mar 2009 08:29:36 +0000" />
                            <attachment id="12425602" name="geo1.jpg" size="54857" author="locked" created="Fri, 20 Nov 2009 12:22:57 +0000" />
                            <attachment id="12426157" name="sanselan-21.patch" size="543" author="billev2k" created="Wed, 25 Nov 2009 23:44:35 +0000" />
                            <attachment id="12505235" name="tiff-tag-exact-directory.patch" size="16419" author="damjan" created="Sun, 27 Nov 2011 08:42:00 +0000" />
                    </attachments>
                <subtasks>
                    </subtasks>
                <customfields>
                                                                                                                                                                                                                                                                                                                                                                                                                                                                                                                                                                                                                                                                                                                    <customfield id="customfield_12314020" key="com.atlassian.jira.plugins.jira-development-integration-plugin:devsummary">
                        <customfieldname>Development</customfieldname>
                        <customfieldvalues>
                            
                        </customfieldvalues>
                    </customfield>
                                                                                                                        <customfield id="customfield_12313422" key="com.atlassian.jirafisheyeplugin:jobcheckbox">
                        <customfieldname>Enable Automatic Patch Review</customfieldname>
                        <customfieldvalues>
                            <customfieldvalue>false</customfieldvalue>

                        </customfieldvalues>
                    </customfield>
                                                                                                                                                                                                                                                                                                                                                                                                                                                                                                                                                                                                                                                <customfield id="customfield_12310420" key="com.pyxis.greenhopper.jira:gh-global-rank">
                        <customfieldname>Global Rank</customfieldname>
                        <customfieldvalues>
                            <customfieldvalue>65047</customfieldvalue>
                        </customfieldvalues>
                    </customfield>
                                                                                                                                                                                                                                                                                                                                                                                                                                                                        <customfield id="customfield_12311820" key="com.pyxis.greenhopper.jira:gh-lexo-rank">
                        <customfieldname>Rank</customfieldname>
                        <customfieldvalues>
                            <customfieldvalue>0|i0wnf3:</customfieldvalue>

                        </customfieldvalues>
                    </customfield>
                                                                <customfield id="customfield_12310920" key="com.pyxis.greenhopper.jira:gh-global-rank">
                        <customfieldname>Rank (Obsolete)</customfieldname>
                        <customfieldvalues>
                            <customfieldvalue>188599</customfieldvalue>
                        </customfieldvalues>
                    </customfield>
                                                                                                                                                                                                                                                                                                                                                                                                                                                                                                                                                                                                                                                                                                                                                                                            </customfields>
    </item>


</channel>
</rss>