<rss version="0.92">
    <channel>
        <title>ASF JIRA</title>
        <link>https://issues.apache.org/jira/issues/?jql=project+%3D+IMAGING+AND+type+%3D+bug+and+%28status+%3D+RESOLVED+or+status+%3D+closed%29</link>
        <description>An XML representation of a search request</description>
                <language>en-uk</language>
                        <issue start="0" end="140" total="140" />
                <build-info>
            <version>8.20.7</version>
            <build-number>820007</build-number>
            <build-date>16-03-2022</build-date>
        </build-info>

<item>
            <title>[IMAGING-222] JPEG segment size not validated</title>
                <link>https://issues.apache.org/jira/browse/IMAGING-222</link>
                <project id="12313421" key="IMAGING">Commons Imaging</project>
                    <description>&lt;p&gt;Using my AFL-based fuzzer for Java. I found that a NegativeArraySizeException may be throw when attempting to read an invalid JPEG image.&lt;/p&gt;

&lt;div class="code panel" style="border-width: 1px;"&gt;&lt;div class="codeContent panelContent"&gt;
&lt;pre class="code-java"&gt;
&lt;span class="code-keyword"&gt;public&lt;/span&gt; void traverseJFIF(&lt;span class="code-keyword"&gt;final&lt;/span&gt; ByteSource byteSource, &lt;span class="code-keyword"&gt;final&lt;/span&gt; Visitor visitor)
            &lt;span class="code-keyword"&gt;throws&lt;/span&gt; ImageReadException,
            IOException {
        &lt;span class="code-keyword"&gt;try&lt;/span&gt; (InputStream is = byteSource.getInputStream()) {
            readAndVerifyBytes(is, JpegConstants.SOI,
                    &lt;span class="code-quote"&gt;"Not a Valid JPEG File: doesn't begin with 0xffd8"&lt;/span&gt;);
.....
&lt;/pre&gt;
&lt;/div&gt;&lt;/div&gt;
&lt;p&gt;I think you should add the handle NegativeArraySizeException exception&lt;/p&gt;</description>
                <environment />
        <key id="13224024">IMAGING-222</key>
            <summary>JPEG segment size not validated</summary>
                <type id="1" iconUrl="https://issues.apache.org/jira/secure/viewavatar?size=xsmall&amp;avatarId=21133&amp;avatarType=issuetype">Bug</type>
                                            <priority id="3" iconUrl="https://issues.apache.org/jira/images/icons/priorities/major.svg">Major</priority>
                        <status id="6" iconUrl="https://issues.apache.org/jira/images/icons/statuses/closed.png" description="The issue is considered finished, the resolution is correct. Issues which are not closed can be reopened.">Closed</status>
                    <statusCategory id="3" key="done" colorName="green" />
                                    <resolution id="5">Cannot Reproduce</resolution>
                                        <assignee username="kinow">Bruno P. Kinoshita</assignee>
                                    <reporter username="linhlhq">Le Huu Quang Linh</reporter>
                        <labels>
                    </labels>
                <created>Tue, 26 Mar 2019 12:23:33 +0000</created>
                <updated>Fri, 7 Aug 2020 04:32:10 +0000</updated>
                            <resolved>Thu, 16 May 2019 01:34:06 +0000</resolved>
                                                    <fixVersion>1.0-alpha1</fixVersion>
                                    <component>Format: JPEG</component>
                        <due />
                            <votes>0</votes>
                                    <watches>2</watches>
                                                                <comments>
                            <comment id="16840894" author="kinow" created="Thu, 16 May 2019 01:06:23 +0000">&lt;p&gt;exiftool seems to be able to parse it, raising one warning.&lt;/p&gt;
&lt;div class="preformatted panel" style="border-width: 1px;"&gt;&lt;div class="preformattedContent panelContent"&gt;
&lt;pre&gt;$ exiftool -v -validate NegSegment.jpg
&#160; ExifToolVersion = 10.80
&#160; FileName = NegSegment.jpg
&#160; Directory = .
&#160; FileSize = 22
&#160; FileModifyDate = 1557968340
&#160; FileAccessDate = 1557968364
&#160; FileInodeChangeDate = 1557968343
&#160; FilePermissions = 33204
&#160; FileType = JPEG
&#160; FileTypeExtension = JPG
&#160; MIMEType = image/jpeg
&#160; Warning = JPEG format error
&#160; Validate = 0 1 0
Validate&#160;&#160;&#160;&#160;&#160;&#160;&#160;&#160;&#160;&#160;&#160;&#160;&#160;&#160;&#160;&#160;&#160;&#160;&#160;&#160;&#160;&#160;&#160; : 1 Warning&lt;/pre&gt;
&lt;/div&gt;&lt;/div&gt;
&lt;p&gt;The warning: "JPEG format error".&lt;/p&gt;</comment>
                            <comment id="16840904" author="kinow" created="Thu, 16 May 2019 01:33:39 +0000">&lt;p&gt;And running the current code from the master branch, I actually get an `IOException`:&lt;/p&gt;
&lt;div class="preformatted panel" style="border-width: 1px;"&gt;&lt;div class="preformattedContent panelContent"&gt;
&lt;pre&gt;Caused by: java.io.IOException: Could not read marker
&#160;&#160; &#160;at org.apache.commons.imaging.common.BinaryFunctions.readByte(BinaryFunctions.java:78)
&#160;&#160; &#160;at org.apache.commons.imaging.formats.jpeg.JpegUtils.traverseJFIF(JpegUtils.java:64)
&#160;&#160; &#160;at org.apache.commons.imaging.formats.jpeg.JpegImageParser.readSegments(JpegImageParser.java:202)
&#160;&#160; &#160;at org.apache.commons.imaging.formats.jpeg.JpegImageParser.readSegments(JpegImageParser.java:280)
&#160;&#160; &#160;at org.apache.commons.imaging.formats.jpeg.JpegImageParser.getExifRawData(JpegImageParser.java:365)
&#160;&#160; &#160;at org.apache.commons.imaging.formats.jpeg.JpegImageParser.getExifMetadata(JpegImageParser.java:347)
&#160;&#160; &#160;at org.apache.commons.imaging.formats.jpeg.JpegImageParser.getMetadata(JpegImageParser.java:316)
&#160;&#160; &#160;at org.apache.commons.imaging.Imaging.getMetadata(Imaging.java:1146)
&#160;&#160; &#160;at org.apache.commons.imaging.Imaging.getMetadata(Imaging.java:1139)
&#160;&#160; &#160;at org.apache.commons.imaging.formats.jpeg.JpegWithNegativeArraySize.testNegativeArraySizeImage(JpegWithNegativeArraySize.java:40)
&#160;&#160; &#160;at sun.reflect.NativeMethodAccessorImpl.invoke0(Native Method)
&#160;&#160; &#160;at sun.reflect.NativeMethodAccessorImpl.invoke(NativeMethodAccessorImpl.java:62)
&#160;&#160; &#160;at sun.reflect.DelegatingMethodAccessorImpl.invoke(DelegatingMethodAccessorImpl.java:43)
&#160;&#160; &#160;at java.lang.reflect.Method.invoke(Method.java:498)
&#160;&#160; &#160;at org.junit.runners.model.FrameworkMethod$1.runReflectiveCall(FrameworkMethod.java:50)
&#160;&#160; &#160;at org.junit.internal.runners.model.ReflectiveCallable.run(ReflectiveCallable.java:12)
&#160;&#160; &#160;at org.junit.runners.model.FrameworkMethod.invokeExplosively(FrameworkMethod.java:47)
&#160;&#160; &#160;at org.junit.internal.runners.statements.InvokeMethod.evaluate(InvokeMethod.java:17)
&#160;&#160; &#160;at org.junit.internal.runners.statements.ExpectException.evaluate(ExpectException.java:19)
&#160;&#160; &#160;... 15 more

&lt;/pre&gt;
&lt;/div&gt;&lt;/div&gt;
&lt;p&gt;Which I believe is OK, as it is declared in the method signature it may throw ImageReadException (which appears to be used for invalid segment length, and other structural problems), or IOException. The IOException is thrown from the readByte method, which is declared to throw only IOException, when it fails to read the bytes.&lt;/p&gt;

&lt;p&gt;Closing as Won't fix, but feel free to re-open in case the error persists.&lt;/p&gt;

&lt;p&gt;Cheers&lt;/p&gt;

&lt;p&gt;Bruno&lt;/p&gt;</comment>
                            <comment id="17172854" author="kinow" created="Fri, 7 Aug 2020 04:32:10 +0000">&lt;p&gt;Apache Commons Imaging 1.0-alpha1 released (long ago, just closing the remaining issues marked as Resolved)&lt;/p&gt;</comment>
                    </comments>
                    <attachments>
                            <attachment id="12963719" name="NegSegment.jpg" size="22" author="linhlhq" created="Tue, 26 Mar 2019 12:19:55 +0000" />
                    </attachments>
                <subtasks>
                    </subtasks>
                <customfields>
                                                                                                                                                                                                                                                                                                                                                                                                                                                                                                                                                                                                                                                                                                                    <customfield id="customfield_12314020" key="com.atlassian.jira.plugins.jira-development-integration-plugin:devsummary">
                        <customfieldname>Development</customfieldname>
                        <customfieldvalues>
                            
                        </customfieldvalues>
                    </customfield>
                                                                                                                        <customfield id="customfield_12313422" key="com.atlassian.jirafisheyeplugin:jobcheckbox">
                        <customfieldname>Enable Automatic Patch Review</customfieldname>
                        <customfieldvalues>
                            <customfieldvalue>false</customfieldvalue>

                        </customfieldvalues>
                    </customfield>
                                                                                                                                                                                                                                                                                                                                                                                                                                                                                                                                                                                                                                                <customfield id="customfield_12310420" key="com.pyxis.greenhopper.jira:gh-global-rank">
                        <customfieldname>Global Rank</customfieldname>
                        <customfieldvalues>
                            <customfieldvalue>9223372036854775807</customfieldvalue>
                        </customfieldvalues>
                    </customfield>
                                                                                                                                                                                                                                                                                                                                                                                                                                                                        <customfield id="customfield_12311820" key="com.pyxis.greenhopper.jira:gh-lexo-rank">
                        <customfieldname>Rank</customfieldname>
                        <customfieldvalues>
                            <customfieldvalue>0|z013xs:</customfieldvalue>

                        </customfieldvalues>
                    </customfield>
                                                                <customfield id="customfield_12310920" key="com.pyxis.greenhopper.jira:gh-global-rank">
                        <customfieldname>Rank (Obsolete)</customfieldname>
                        <customfieldvalues>
                            <customfieldvalue>9223372036854775807</customfieldvalue>
                        </customfieldvalues>
                    </customfield>
                                                                                                                                                                                                                                                                                                                                                                                                                                                                                                                                                                                                                                                                                                                                                                                            </customfields>
    </item>


</channel>
</rss>