<rss version="0.92">
    <channel>
        <title>ASF JIRA</title>
        <link>https://issues.apache.org/jira/issues/?jql=project+%3D+IMAGING+AND+type+%3D+bug+and+%28status+%3D+RESOLVED+or+status+%3D+closed%29</link>
        <description>An XML representation of a search request</description>
                <language>en-uk</language>
                        <issue start="0" end="140" total="140" />
                <build-info>
            <version>8.20.7</version>
            <build-number>820007</build-number>
            <build-date>16-03-2022</build-date>
        </build-info>

<item>
            <title>[IMAGING-7] Unable to build from fresh subversion checkout (missing code in subversion)</title>
                <link>https://issues.apache.org/jira/browse/IMAGING-7</link>
                <project id="12313421" key="IMAGING">Commons Imaging</project>
                    <description>&lt;p&gt;ImageParser fails to build since it imports and uses class from pacakge org.apache.sanselan.formats.jbig2 that isn't in subversion.&lt;/p&gt;</description>
                <environment />
        <key id="12400146">IMAGING-7</key>
            <summary>Unable to build from fresh subversion checkout (missing code in subversion)</summary>
                <type id="1" iconUrl="https://issues.apache.org/jira/secure/viewavatar?size=xsmall&amp;avatarId=21133&amp;avatarType=issuetype">Bug</type>
                                            <priority id="3" iconUrl="https://issues.apache.org/jira/images/icons/priorities/major.svg">Major</priority>
                        <status id="6" iconUrl="https://issues.apache.org/jira/images/icons/statuses/closed.png" description="The issue is considered finished, the resolution is correct. Issues which are not closed can be reopened.">Closed</status>
                    <statusCategory id="3" key="done" colorName="green" />
                                    <resolution id="1">Fixed</resolution>
                                        <assignee username="-1">Unassigned</assignee>
                                    <reporter username="brycenz">Bryce Ewing</reporter>
                        <labels>
                    </labels>
                <created>Sat, 12 Jul 2008 00:45:40 +0000</created>
                <updated>Thu, 19 May 2022 04:29:28 +0000</updated>
                            <resolved>Wed, 16 Jul 2008 08:32:21 +0000</resolved>
                                                    <fixVersion>0.97</fixVersion>
                                        <due />
                            <votes>0</votes>
                                    <watches>0</watches>
                                                                <comments>
                            <comment id="12613074" author="cziegeler" created="Sat, 12 Jul 2008 12:16:47 +0000">&lt;p&gt;If've removed the import for now. The real fix is to add the missing classes I guess.&lt;/p&gt;</comment>
                            <comment id="12613877" author="cmchen" created="Wed, 16 Jul 2008 08:32:21 +0000">&lt;p&gt;I'm going to mark this as resolved, since the JBig2 code is mostly a sketch at this point and I'm not sure when I'll find the time to see it through, if ever.  Its a big project.&lt;/p&gt;</comment>
                            <comment id="17539252" author="kinow" created="Thu, 19 May 2022 04:29:28 +0000">&lt;p&gt;Apache Commons Imaging 1.0-alpha3 has been released.&lt;/p&gt;</comment>
                    </comments>
                    <attachments>
                    </attachments>
                <subtasks>
                    </subtasks>
                <customfields>
                                                                                                                                                                                                                                                                                                                                                                                                                                                                                                                                                                                                                                                                                                                    <customfield id="customfield_12314020" key="com.atlassian.jira.plugins.jira-development-integration-plugin:devsummary">
                        <customfieldname>Development</customfieldname>
                        <customfieldvalues>
                            
                        </customfieldvalues>
                    </customfield>
                                                                                                                        <customfield id="customfield_12313422" key="com.atlassian.jirafisheyeplugin:jobcheckbox">
                        <customfieldname>Enable Automatic Patch Review</customfieldname>
                        <customfieldvalues>
                            <customfieldvalue>false</customfieldvalue>

                        </customfieldvalues>
                    </customfield>
                                                                                                                                                                                                                                                                                                                                                                                                                                                                                                                                                                                                                                                <customfield id="customfield_12310420" key="com.pyxis.greenhopper.jira:gh-global-rank">
                        <customfieldname>Global Rank</customfieldname>
                        <customfieldvalues>
                            <customfieldvalue>172229</customfieldvalue>
                        </customfieldvalues>
                    </customfield>
                                                                                                                                                                                                                                                                                                                                                                                                                                                                        <customfield id="customfield_12311820" key="com.pyxis.greenhopper.jira:gh-lexo-rank">
                        <customfieldname>Rank</customfieldname>
                        <customfieldvalues>
                            <customfieldvalue>0|i0wmvj:</customfieldvalue>

                        </customfieldvalues>
                    </customfield>
                                                                <customfield id="customfield_12310920" key="com.pyxis.greenhopper.jira:gh-global-rank">
                        <customfieldname>Rank (Obsolete)</customfieldname>
                        <customfieldvalues>
                            <customfieldvalue>188511</customfieldvalue>
                        </customfieldvalues>
                    </customfield>
                                                                                                                                                                                                                                                                                                                                                                                                                                                                                                                                                                                                                                                                                                                                                                                            </customfields>
    </item>


</channel>
</rss>