<rss version="0.92">
    <channel>
        <title>ASF JIRA</title>
        <link>https://issues.apache.org/jira/issues/?jql=project+%3D+IMAGING+AND+type+%3D+bug+and+%28status+%3D+RESOLVED+or+status+%3D+closed%29</link>
        <description>An XML representation of a search request</description>
                <language>en-uk</language>
                        <issue start="0" end="140" total="140" />
                <build-info>
            <version>8.20.7</version>
            <build-number>820007</build-number>
            <build-date>16-03-2022</build-date>
        </build-info>

<item>
            <title>[IMAGING-135] "Getting started" should get people started</title>
                <link>https://issues.apache.org/jira/browse/IMAGING-135</link>
                <project id="12313421" key="IMAGING">Commons Imaging</project>
                    <description>&lt;p&gt;On "Getting started" the link "download page" &lt;br/&gt;
&lt;a href="http://commons.apache.org/imaging/download_imaging.cgi" class="external-link" target="_blank" rel="nofollow noopener"&gt;http://commons.apache.org/imaging/download_imaging.cgi&lt;/a&gt;&lt;br/&gt;
does not offer downloads.&lt;/p&gt;

&lt;p&gt;The actual download page is probably&lt;br/&gt;
&lt;a href="https://repository.apache.org/content/groups/snapshots/org/apache/commons/commons-imaging/1.0-SNAPSHOT/" class="external-link" target="_blank" rel="nofollow noopener"&gt;https://repository.apache.org/content/groups/snapshots/org/apache/commons/commons-imaging/1.0-SNAPSHOT/&lt;/a&gt;&lt;/p&gt;

&lt;p&gt;It might also be useful to show how to get the lib without building from source:&lt;/p&gt;
&lt;div class="code panel" style="border-width: 1px;"&gt;&lt;div class="codeContent panelContent"&gt;
&lt;pre class="code-java"&gt;
    &amp;lt;dependencies&amp;gt;
        &amp;lt;dependency&amp;gt;
            &amp;lt;groupId&amp;gt;org.apache.commons&amp;lt;/groupId&amp;gt;
            &amp;lt;artifactId&amp;gt;commons-imaging&amp;lt;/artifactId&amp;gt;
            &amp;lt;version&amp;gt;1.0-SNAPSHOT&amp;lt;/version&amp;gt;                
        &amp;lt;/dependency&amp;gt;
    &amp;lt;/dependencies&amp;gt;
  
    &amp;lt;repositories&amp;gt;
        &amp;lt;repository&amp;gt;
            &amp;lt;id&amp;gt;snapshots&amp;lt;/id&amp;gt;
            &amp;lt;url&amp;gt;https:&lt;span class="code-comment"&gt;//repository.apache.org/content/repositories/snapshots&amp;lt;/url&amp;gt;
&lt;/span&gt;        &amp;lt;/repository&amp;gt;
    &amp;lt;/repositories&amp;gt;
&lt;/pre&gt;
&lt;/div&gt;&lt;/div&gt;</description>
                <environment />
        <key id="12720655">IMAGING-135</key>
            <summary>"Getting started" should get people started</summary>
                <type id="1" iconUrl="https://issues.apache.org/jira/secure/viewavatar?size=xsmall&amp;avatarId=21133&amp;avatarType=issuetype">Bug</type>
                                            <priority id="4" iconUrl="https://issues.apache.org/jira/images/icons/priorities/minor.svg">Minor</priority>
                        <status id="6" iconUrl="https://issues.apache.org/jira/images/icons/statuses/closed.png" description="The issue is considered finished, the resolution is correct. Issues which are not closed can be reopened.">Closed</status>
                    <statusCategory id="3" key="done" colorName="green" />
                                    <resolution id="3">Duplicate</resolution>
                                        <assignee username="britter">Benedikt Ritter</assignee>
                                    <reporter username="tilman">Tilman Hausherr</reporter>
                        <labels>
                    </labels>
                <created>Wed, 11 Jun 2014 18:29:01 +0000</created>
                <updated>Fri, 10 Aug 2018 12:00:40 +0000</updated>
                            <resolved>Fri, 10 Aug 2018 12:00:30 +0000</resolved>
                                                                    <component>Documentation</component>
                        <due />
                            <votes>1</votes>
                                    <watches>4</watches>
                                                                <comments>
                            <comment id="14260049" author="britter" created="Mon, 29 Dec 2014 11:12:41 +0000">&lt;p&gt;I'm wokring on the documentation currently.&lt;/p&gt;</comment>
                            <comment id="15938605" author="kcn_viper" created="Thu, 23 Mar 2017 15:47:32 +0000">&lt;p&gt;For grails, I am using this as the configuration:&lt;/p&gt;

&lt;p&gt;repositories {&lt;br/&gt;
mavenRepo 'http://repository.apache.org/snapshots'&lt;br/&gt;
}&lt;/p&gt;

&lt;p&gt;dependencies {&lt;br/&gt;
compile 'org.apache.commons:commons-imaging:1.0-SNAPSHOT'&lt;br/&gt;
}&lt;/p&gt;</comment>
                            <comment id="16576176" author="kinow" created="Fri, 10 Aug 2018 11:59:47 +0000">&lt;p&gt;Closing in favour of &lt;a href="https://issues.apache.org/jira/browse/IMAGING-103" title="Update Commons Imaging web page to represent current state of project" class="issue-link" data-issue-key="IMAGING-103"&gt;&lt;del&gt;IMAGING-103&lt;/del&gt;&lt;/a&gt;.&lt;/p&gt;</comment>
                    </comments>
                <issuelinks>
                            <issuelinktype id="12310000">
                    <name>Duplicate</name>
                                                                <inwardlinks description="is duplicated by">
                                        <issuelink>
            <issuekey id="12631080">IMAGING-103</issuekey>
        </issuelink>
                            </inwardlinks>
                                    </issuelinktype>
                    </issuelinks>
                <attachments>
                    </attachments>
                <subtasks>
                    </subtasks>
                <customfields>
                                                                                                                                                                                                                                                                                                                                                                                                                                                                                                                                                                                                                                                                                                                    <customfield id="customfield_12314020" key="com.atlassian.jira.plugins.jira-development-integration-plugin:devsummary">
                        <customfieldname>Development</customfieldname>
                        <customfieldvalues>
                            
                        </customfieldvalues>
                    </customfield>
                                                                                                                        <customfield id="customfield_12313422" key="com.atlassian.jirafisheyeplugin:jobcheckbox">
                        <customfieldname>Enable Automatic Patch Review</customfieldname>
                        <customfieldvalues>
                            <customfieldvalue>false</customfieldvalue>

                        </customfieldvalues>
                    </customfield>
                                                                                                                                                                                                                                                                                                                                                                                                                                                                                                                                                                                                                                                <customfield id="customfield_12310420" key="com.pyxis.greenhopper.jira:gh-global-rank">
                        <customfieldname>Global Rank</customfieldname>
                        <customfieldvalues>
                            <customfieldvalue>398854</customfieldvalue>
                        </customfieldvalues>
                    </customfield>
                                                                                                                                                                                                                                                                                                                                                                                                                                                                        <customfield id="customfield_12311820" key="com.pyxis.greenhopper.jira:gh-lexo-rank">
                        <customfieldname>Rank</customfieldname>
                        <customfieldvalues>
                            <customfieldvalue>0|i1wo0f:</customfieldvalue>

                        </customfieldvalues>
                    </customfield>
                                                                <customfield id="customfield_12310920" key="com.pyxis.greenhopper.jira:gh-global-rank">
                        <customfieldname>Rank (Obsolete)</customfieldname>
                        <customfieldvalues>
                            <customfieldvalue>398976</customfieldvalue>
                        </customfieldvalues>
                    </customfield>
                                                                                                                                                                                                                                                                                                                                                                                                                                                                                                                                                                                                                                                                                                                                                                                            </customfields>
    </item>


</channel>
</rss>