<rss version="0.92">
    <channel>
        <title>ASF JIRA</title>
        <link>https://issues.apache.org/jira/issues/?jql=project+%3D+IMAGING+AND+type+%3D+bug+and+%28status+%3D+RESOLVED+or+status+%3D+closed%29</link>
        <description>An XML representation of a search request</description>
                <language>en-uk</language>
                        <issue start="0" end="140" total="140" />
                <build-info>
            <version>8.20.7</version>
            <build-number>820007</build-number>
            <build-date>16-03-2022</build-date>
        </build-info>

<item>
            <title>[IMAGING-42] Sanselan 0.97 can't read TIFF file without tag "Samples Per Pixel"</title>
                <link>https://issues.apache.org/jira/browse/IMAGING-42</link>
                <project id="12313421" key="IMAGING">Commons Imaging</project>
                    <description>&lt;div class="code panel" style="border-style: solid;border-width: 1px;"&gt;&lt;div class="codeHeader panelHeader" style="border-bottom-width: 1px;border-bottom-style: solid;"&gt;&lt;b&gt;Test.java&lt;/b&gt;&lt;/div&gt;&lt;div class="codeContent panelContent"&gt;
&lt;pre class="code-java"&gt;&lt;span class="code-keyword"&gt;package&lt;/span&gt; test;
&lt;span class="code-keyword"&gt;import&lt;/span&gt; ...;
&lt;span class="code-keyword"&gt;public&lt;/span&gt; &lt;span class="code-keyword"&gt;class &lt;/span&gt;Test {
	&lt;span class="code-keyword"&gt;public&lt;/span&gt; &lt;span class="code-keyword"&gt;static&lt;/span&gt; void main	(&lt;span class="code-object"&gt;String&lt;/span&gt;[] args) {
		File fin = &lt;span class="code-keyword"&gt;new&lt;/span&gt; File(&lt;span class="code-quote"&gt;"/file.tif"&lt;/span&gt;);
		File fout = &lt;span class="code-keyword"&gt;new&lt;/span&gt; File(&lt;span class="code-quote"&gt;"/file.png"&lt;/span&gt;);
		&lt;span class="code-keyword"&gt;try&lt;/span&gt; {
			Map params = &lt;span class="code-keyword"&gt;new&lt;/span&gt; Hashtable();
			BufferedImage image = Sanselan.getBufferedImage(fin);
			Sanselan.writeImage(image, fout, ImageFormat.IMAGE_FORMAT_PNG, &lt;span class="code-keyword"&gt;new&lt;/span&gt; Hashtable());
		} &lt;span class="code-keyword"&gt;catch&lt;/span&gt; (Exception e) {
			e.printStackTrace();
		}
	}
}
&lt;/pre&gt;
&lt;/div&gt;&lt;/div&gt;
&lt;p&gt;org.apache.sanselan.ImageReadException: Missing expected field: 277 (0x115: Samples Per Pixel): &lt;br/&gt;
	at org.apache.sanselan.formats.tiff.TiffDirectory.findField(TiffDirectory.java:186)&lt;br/&gt;
	at org.apache.sanselan.formats.tiff.TiffImageParser.getBufferedImage(TiffImageParser.java:463)&lt;br/&gt;
	at org.apache.sanselan.formats.tiff.TiffDirectory.getTiffImage(TiffDirectory.java:163)&lt;br/&gt;
	at org.apache.sanselan.formats.tiff.TiffImageParser.getBufferedImage(TiffImageParser.java:441)&lt;br/&gt;
	at org.apache.sanselan.Sanselan.getBufferedImage(Sanselan.java:1264)&lt;br/&gt;
	at org.apache.sanselan.Sanselan.getBufferedImage(Sanselan.java:1231)&lt;br/&gt;
	at test.Test.main(Test.java:24)&lt;/p&gt;

&lt;p&gt;24 is line: "BufferedImage image = Sanselan.getBufferedImage(fin);"&lt;/p&gt;

&lt;p&gt;I look at sources and see that TIFF_TAG_SAMPLES_PER_PIXEL is mandatory tag:&lt;br/&gt;
"int samplesPerPixel = directory.findField(TIFF_TAG_SAMPLES_PER_PIXEL, &lt;b&gt;true&lt;/b&gt;).getIntValue();"&lt;br/&gt;
Why?&lt;/p&gt;

&lt;p&gt;ImageMagick simple show warning and convert it correctly:&lt;br/&gt;
Unknown field with tag 32309 (0x7e35) encountered. `TIFFReadDirectory' @ warning/tiff.c/TIFFWarnings/761.&lt;br/&gt;
Unknown field with tag 32950 (0x80b6) encountered. `TIFFReadDirectory' @ warning/tiff.c/TIFFWarnings/761.&lt;br/&gt;
KDE applications (gwenview, okular, kolourpaint) show warning and open too:&lt;br/&gt;
TIFFReadDirectory: Warning, Unknown field with tag 32309 (0x7e35) encountered.&lt;br/&gt;
TIFFReadDirectory: Warning, Unknown field with tag 32950 (0x80b6) encountered.&lt;/p&gt;

&lt;p&gt;Do I need to check not released versions (from sources)?&lt;/p&gt;

&lt;p&gt;Also TIFF compression 4 isn't supported, but I saw Issue that Sanselat 1.0 is support it, but 1.0 isn't released yet.&lt;/p&gt;</description>
                <environment>&lt;p&gt;Any&lt;/p&gt;</environment>
        <key id="12544817">IMAGING-42</key>
            <summary>Sanselan 0.97 can't read TIFF file without tag "Samples Per Pixel"</summary>
                <type id="1" iconUrl="https://issues.apache.org/jira/secure/viewavatar?size=xsmall&amp;avatarId=21133&amp;avatarType=issuetype">Bug</type>
                                            <priority id="3" iconUrl="https://issues.apache.org/jira/images/icons/priorities/major.svg">Major</priority>
                        <status id="6" iconUrl="https://issues.apache.org/jira/images/icons/statuses/closed.png" description="The issue is considered finished, the resolution is correct. Issues which are not closed can be reopened.">Closed</status>
                    <statusCategory id="3" key="done" colorName="green" />
                                    <resolution id="1">Fixed</resolution>
                                        <assignee username="-1">Unassigned</assignee>
                                    <reporter username="vvd">VVD</reporter>
                        <labels>
                    </labels>
                <created>Thu, 1 Mar 2012 17:57:45 +0000</created>
                <updated>Fri, 7 Aug 2020 04:32:06 +0000</updated>
                            <resolved>Thu, 1 Mar 2012 18:43:11 +0000</resolved>
                                    <version>0.97</version>
                                    <fixVersion>1.0-alpha1</fixVersion>
                                    <component>Format: TIFF</component>
                        <due />
                            <votes>0</votes>
                                    <watches>0</watches>
                                                                <comments>
                            <comment id="13220229" author="damjan" created="Thu, 1 Mar 2012 18:41:35 +0000">&lt;p&gt;SamplesPerPixel is mandatory for color images, but optional for black and white, grayscale, and palleted. I fixed that particular problem a few months ago in SVN HEAD.&lt;/p&gt;

&lt;p&gt;Compression 4 is also working in SVN HEAD, but not well documented, and only works with perfect images. Many CCITT Group 4 compressed images are corrupt in just about every possible way, and real-world TIFF parsers deal with that. It's something I hope to improve before 1.0 is released.&lt;/p&gt;

&lt;p&gt;You can try the unreleased version in SVN HEAD, or wait a few weeks for the 1.0 release.&lt;/p&gt;</comment>
                            <comment id="13220232" author="damjan" created="Thu, 1 Mar 2012 18:43:11 +0000">&lt;p&gt;All issues, including the one described in the bug title, are already fixed in SVN, so resolving FIXED.&lt;/p&gt;</comment>
                            <comment id="13220609" author="vvd" created="Fri, 2 Mar 2012 02:08:37 +0000">&lt;p&gt;Big thanks!&lt;br/&gt;
Is there somewhere in nightly builds of the Sanselan?&lt;br/&gt;
If no, I'll get current version from SVN and compile self.&lt;br/&gt;
But ready package is better and easier. :-]&lt;/p&gt;</comment>
                            <comment id="13223919" author="vvd" created="Wed, 7 Mar 2012 02:29:59 +0000">&lt;p&gt;I got current version from git and compile it self - my tiff image was opened correctly.&lt;/p&gt;

&lt;p&gt;Thanks.&lt;/p&gt;</comment>
                            <comment id="17172847" author="kinow" created="Fri, 7 Aug 2020 04:32:06 +0000">&lt;p&gt;Apache Commons Imaging 1.0-alpha1 released (long ago, just closing the remaining issues marked as Resolved)&lt;/p&gt;</comment>
                    </comments>
                    <attachments>
                    </attachments>
                <subtasks>
                    </subtasks>
                <customfields>
                                                                                                                                                                                                                                                                                                                                                                                                                                                                                                                                                                                                                                                                                                                    <customfield id="customfield_12314020" key="com.atlassian.jira.plugins.jira-development-integration-plugin:devsummary">
                        <customfieldname>Development</customfieldname>
                        <customfieldvalues>
                            
                        </customfieldvalues>
                    </customfield>
                                                                                                                        <customfield id="customfield_12313422" key="com.atlassian.jirafisheyeplugin:jobcheckbox">
                        <customfieldname>Enable Automatic Patch Review</customfieldname>
                        <customfieldvalues>
                            <customfieldvalue>false</customfieldvalue>

                        </customfieldvalues>
                    </customfield>
                                                                                                                                                                                                                                                                                                                                                                                                                                                                                                                                                                                                                                                <customfield id="customfield_12310420" key="com.pyxis.greenhopper.jira:gh-global-rank">
                        <customfieldname>Global Rank</customfieldname>
                        <customfieldvalues>
                            <customfieldvalue>230003</customfieldvalue>
                        </customfieldvalues>
                    </customfield>
                                                                                                                                                                                                                                                                                                                                                                                                                                                                        <customfield id="customfield_12311820" key="com.pyxis.greenhopper.jira:gh-lexo-rank">
                        <customfieldname>Rank</customfieldname>
                        <customfieldvalues>
                            <customfieldvalue>0|i0wmif:</customfieldvalue>

                        </customfieldvalues>
                    </customfield>
                                                                <customfield id="customfield_12310920" key="com.pyxis.greenhopper.jira:gh-global-rank">
                        <customfieldname>Rank (Obsolete)</customfieldname>
                        <customfieldvalues>
                            <customfieldvalue>188452</customfieldvalue>
                        </customfieldvalues>
                    </customfield>
                                                                                                                                                                                                                                                                                                                                                                                                                                                                                                                                                                                                                                                                                                                                                                                            </customfields>
    </item>


</channel>
</rss>