<rss version="0.92">
    <channel>
        <title>ASF JIRA</title>
        <link>https://issues.apache.org/jira/issues/?jql=project+%3D+IMAGING+AND+type+%3D+bug+and+%28status+%3D+RESOLVED+or+status+%3D+closed%29</link>
        <description>An XML representation of a search request</description>
                <language>en-uk</language>
                        <issue start="0" end="140" total="140" />
                <build-info>
            <version>8.20.7</version>
            <build-number>820007</build-number>
            <build-date>16-03-2022</build-date>
        </build-info>

<item>
            <title>[IMAGING-14] Wrinting unmodified EXIF-Data to new image changes values</title>
                <link>https://issues.apache.org/jira/browse/IMAGING-14</link>
                <project id="12313421" key="IMAGING">Commons Imaging</project>
                    <description>&lt;p&gt;I used the following code, which just reads the EXIF data from a picture of a Canon Powershot A570 IS and writes it back to another file without modifying it:&lt;/p&gt;

&lt;p&gt;File src1 = new File("c:/temp/src1.jpg");&lt;br/&gt;
File src2 = new File("c:/temp/src2.jpg");&lt;br/&gt;
File dst = new File("c:/temp/out.jpg");&lt;br/&gt;
IImageMetadata metadata = Sanselan.getMetadata(src1);&lt;br/&gt;
TiffImageMetadata exif = ((JpegImageMetadata) metadata).getExif();&lt;br/&gt;
TiffOutputSet outputSet = exif.getOutputSet();&lt;br/&gt;
OutputStream os = new BufferedOutputStream(new FileOutputStream(dst));&lt;br/&gt;
new ExifRewriter().updateExifMetadataLossless(src2, os, outputSet);&lt;br/&gt;
os.close();&lt;/p&gt;

&lt;p&gt;src1.jpg is a file with EXIF data&lt;br/&gt;
src2.jpg is src1.jpg without EXIF data (saved it with IrfanView and unchecked the appropriate checkboxes in the Jpeg Save Dialog) &lt;br/&gt;
out.jpg should contain the EXIF information after the code was run.&lt;br/&gt;
Actually the EXIF data is not the same after the call.&lt;/p&gt;

&lt;p&gt;So, is there anything wrong with the above code or with the images or is&lt;br/&gt;
this a bug in Sanselan?&lt;/p&gt;

&lt;p&gt;Tried the same with the image of a Sony Alpha 350. The effect was much less.&lt;br/&gt;
I try to attach the images and exif data in the next step.&lt;/p&gt;</description>
                <environment>&lt;p&gt;Canon Powershot A570 IS&lt;/p&gt;</environment>
        <key id="12458361">IMAGING-14</key>
            <summary>Wrinting unmodified EXIF-Data to new image changes values</summary>
                <type id="1" iconUrl="https://issues.apache.org/jira/secure/viewavatar?size=xsmall&amp;avatarId=21133&amp;avatarType=issuetype">Bug</type>
                                            <priority id="3" iconUrl="https://issues.apache.org/jira/images/icons/priorities/major.svg">Major</priority>
                        <status id="6" iconUrl="https://issues.apache.org/jira/images/icons/statuses/closed.png" description="The issue is considered finished, the resolution is correct. Issues which are not closed can be reopened.">Closed</status>
                    <statusCategory id="3" key="done" colorName="green" />
                                    <resolution id="3">Duplicate</resolution>
                                        <assignee username="-1">Unassigned</assignee>
                                    <reporter username="locked">FG</reporter>
                        <labels>
                    </labels>
                <created>Sat, 6 Mar 2010 20:46:40 +0000</created>
                <updated>Thu, 19 May 2022 04:29:24 +0000</updated>
                            <resolved>Mon, 26 Dec 2011 04:24:46 +0000</resolved>
                                    <version>0.94-incubator</version>
                                                        <due />
                            <votes>0</votes>
                                    <watches>1</watches>
                                                                <comments>
                            <comment id="12842309" author="locked" created="Sat, 6 Mar 2010 20:50:14 +0000">&lt;p&gt;Input images and output image as it was created by my code.&lt;br/&gt;
Images were opened in Irfanview and resized to ~1x1 pixel to reduce the sample. Exif data was preserved in the first image. src2 was saved via IrfanView with the option to remove all EXIF data.&lt;/p&gt;</comment>
                            <comment id="12842310" author="locked" created="Sat, 6 Mar 2010 20:51:35 +0000">&lt;p&gt;Plain exif data as extracted by IrfanView.&lt;br/&gt;
diff.txt shows the difference between the src and out file.&lt;/p&gt;</comment>
                            <comment id="12844166" author="locked" created="Thu, 11 Mar 2010 18:49:11 +0000">&lt;p&gt;I could track the error a bit further: &lt;br/&gt;
All fields that are shown using this code&lt;br/&gt;
        IImageMetadata metadata = Sanselan.getMetadata(src1);&lt;br/&gt;
        ((JpegImageMetadata) metadata).dump();&lt;br/&gt;
were written correctly. But from the remaining fields, some were changed:&lt;/p&gt;

&lt;p&gt;Original:&lt;br/&gt;
Self timer - Off&lt;br/&gt;
Flash mode - Auto + red-eye reduction&lt;br/&gt;
Focus mode - Single&lt;br/&gt;
Sharpness - Normal&lt;br/&gt;
ISO Value - Auto&lt;br/&gt;
Metering mode - Evaluative&lt;br/&gt;
Exposure mode - Easy shooting&lt;br/&gt;
Focal length - 5800 - 23200 mm (1000 mm)&lt;br/&gt;
Flash activity - &lt;br/&gt;
Subject Distance - 85&lt;br/&gt;
Image Type - IMG:PowerShot A570 IS JPEG&lt;br/&gt;
Firmware Version - Firmware Version 1.01&lt;br/&gt;
Owner Name - &lt;br/&gt;
Sharpness (0D) - 65521&lt;br/&gt;
JpegIFOffset - 5108&lt;/p&gt;

&lt;p&gt;changed to the following:&lt;br/&gt;
Self timer - 5/10 sec&lt;br/&gt;
Flash mode - Not fired&lt;br/&gt;
Focus mode - One-Shot&lt;br/&gt;
Sharpness - High , +15&lt;br/&gt;
ISO Value - 3&lt;br/&gt;
Metering mode - Center weighted averaging&lt;br/&gt;
Exposure mode - &lt;br/&gt;
Focal length - 1000 - 5800 mm (88 mm)&lt;br/&gt;
Flash activity - Not fired&lt;br/&gt;
Subject Distance - 0&lt;br/&gt;
Image Type - G:PowerShot A570 IS JPEG&lt;br/&gt;
Firmware Version - rmware Version 1.01&lt;br/&gt;
Owner Name - s&lt;br/&gt;
Sharpness (0D) - 65535&lt;br/&gt;
JpegIFOffset - 3508&lt;/p&gt;</comment>
                            <comment id="12844618" author="locked" created="Fri, 12 Mar 2010 19:02:16 +0000">&lt;p&gt;Oh, and actually that could be exactly what the javadoc of updateExifMetadataLossless() describes:&lt;/p&gt;

&lt;p&gt;&lt;a href="http://commons.apache.org/sanselan/api-release/org/apache/sanselan/formats/jpeg/exifRewrite/ExifRewriter.html" class="external-link" target="_blank" rel="nofollow noopener"&gt;http://commons.apache.org/sanselan/api-release/org/apache/sanselan/formats/jpeg/exifRewrite/ExifRewriter.html&lt;/a&gt; :&lt;br/&gt;
Note that this uses the "Lossless" approach - in order to preserve data embedded in the EXIF segment that it can't parse (such as Maker Notes), this algorithm avoids overwriting any part of the original segment that it couldn't parse. This can cause the EXIF segment to grow with each update, which is a serious issue, since all EXIF data must fit in a single APP1 segment of the Jpeg image. &lt;/p&gt;

&lt;p&gt;So this issue might be closed?&lt;/p&gt;</comment>
                            <comment id="13175884" author="damjan" created="Mon, 26 Dec 2011 04:24:46 +0000">&lt;p&gt;The part of the metadata that isn't copied correctly is the maker note.&lt;/p&gt;

&lt;p&gt;Duplicate of &lt;a href="https://issues.apache.org/jira/browse/IMAGING-49" title="ExifRewriter.updateExifMetadataLossless corrupts maker notes" class="issue-link" data-issue-key="IMAGING-49"&gt;&lt;del&gt;SANSELAN-32&lt;/del&gt;&lt;/a&gt;.&lt;/p&gt;</comment>
                            <comment id="17539211" author="kinow" created="Thu, 19 May 2022 04:29:24 +0000">&lt;p&gt;Apache Commons Imaging 1.0-alpha3 has been released.&lt;/p&gt;</comment>
                    </comments>
                    <attachments>
                            <attachment id="12438109" name="diff.txt" size="1159" author="locked" created="Sat, 6 Mar 2010 20:51:35 +0000" />
                            <attachment id="12438106" name="out.jpg" size="8090" author="locked" created="Sat, 6 Mar 2010 20:50:14 +0000" />
                            <attachment id="12438107" name="out.txt" size="2007" author="locked" created="Sat, 6 Mar 2010 20:51:35 +0000" />
                            <attachment id="12438108" name="src.txt" size="2012" author="locked" created="Sat, 6 Mar 2010 20:51:35 +0000" />
                            <attachment id="12438104" name="src1.jpg" size="10012" author="locked" created="Sat, 6 Mar 2010 20:50:14 +0000" />
                            <attachment id="12438105" name="src2.jpg" size="284" author="locked" created="Sat, 6 Mar 2010 20:50:14 +0000" />
                    </attachments>
                <subtasks>
                    </subtasks>
                <customfields>
                                                                                                                                                                                                                                                                                                                                                                                                                                                                                                                                                                                                                                                                                                                    <customfield id="customfield_12314020" key="com.atlassian.jira.plugins.jira-development-integration-plugin:devsummary">
                        <customfieldname>Development</customfieldname>
                        <customfieldvalues>
                            
                        </customfieldvalues>
                    </customfield>
                                                                                                                        <customfield id="customfield_12313422" key="com.atlassian.jirafisheyeplugin:jobcheckbox">
                        <customfieldname>Enable Automatic Patch Review</customfieldname>
                        <customfieldvalues>
                            <customfieldvalue>false</customfieldvalue>

                        </customfieldvalues>
                    </customfield>
                                                                                                                                                                                                                                                                                                                                                                                                                                                                                                                                                                                                                                                <customfield id="customfield_12310420" key="com.pyxis.greenhopper.jira:gh-global-rank">
                        <customfieldname>Global Rank</customfieldname>
                        <customfieldvalues>
                            <customfieldvalue>172259</customfieldvalue>
                        </customfieldvalues>
                    </customfield>
                                                                                                                                                                                                                                                                                                                                                                                                                                                                        <customfield id="customfield_12311820" key="com.pyxis.greenhopper.jira:gh-lexo-rank">
                        <customfieldname>Rank</customfieldname>
                        <customfieldvalues>
                            <customfieldvalue>0|i0wnp3:</customfieldvalue>

                        </customfieldvalues>
                    </customfield>
                                                                <customfield id="customfield_12310920" key="com.pyxis.greenhopper.jira:gh-global-rank">
                        <customfieldname>Rank (Obsolete)</customfieldname>
                        <customfieldvalues>
                            <customfieldvalue>188644</customfieldvalue>
                        </customfieldvalues>
                    </customfield>
                                                                                                                                                                                                                                                                                                                                                                                                                                                                                                                                                                                                                                                                                                                                                                                            </customfields>
    </item>


</channel>
</rss>