<rss version="0.92">
    <channel>
        <title>ASF JIRA</title>
        <link>https://issues.apache.org/jira/issues/?jql=project+%3D+IMAGING+AND+type+%3D+bug+and+%28status+%3D+RESOLVED+or+status+%3D+closed%29</link>
        <description>An XML representation of a search request</description>
                <language>en-uk</language>
                        <issue start="0" end="140" total="140" />
                <build-info>
            <version>8.20.7</version>
            <build-number>820007</build-number>
            <build-date>16-03-2022</build-date>
        </build-info>

<item>
            <title>[IMAGING-13] Sanselan can be made to crash with an image with wrong data in EXIF header</title>
                <link>https://issues.apache.org/jira/browse/IMAGING-13</link>
                <project id="12313421" key="IMAGING">Commons Imaging</project>
                    <description>&lt;p&gt;Investigating a query of death, I found an image that had an EXIF tag that specified start=1342195485 and length=974913536.&lt;/p&gt;

&lt;p&gt;When ByteSourceArray.getBlock(start,length) was called, it passed the test "if (start + length &amp;gt; bytes.length)", as start+length is a negative number. This caused the server to try to allocate a buffer 950 MB big and then save it in "bytes" starting at position 1.3G. This produces either a heap space exhaustion or an array out of bounds error.&lt;/p&gt;

&lt;p&gt;The fix would consist of replacing the condition with one like the following:&lt;/p&gt;

&lt;p&gt;if (start &amp;lt; 0 || length &amp;lt; 0 || start + length &amp;lt; 0 || start + length &amp;gt; bytes.length)&lt;/p&gt;</description>
                <environment />
        <key id="12463621">IMAGING-13</key>
            <summary>Sanselan can be made to crash with an image with wrong data in EXIF header</summary>
                <type id="1" iconUrl="https://issues.apache.org/jira/secure/viewavatar?size=xsmall&amp;avatarId=21133&amp;avatarType=issuetype">Bug</type>
                                            <priority id="3" iconUrl="https://issues.apache.org/jira/images/icons/priorities/major.svg">Major</priority>
                        <status id="6" iconUrl="https://issues.apache.org/jira/images/icons/statuses/closed.png" description="The issue is considered finished, the resolution is correct. Issues which are not closed can be reopened.">Closed</status>
                    <statusCategory id="3" key="done" colorName="green" />
                                    <resolution id="1">Fixed</resolution>
                                        <assignee username="-1">Unassigned</assignee>
                                    <reporter username="jtarrio">Jacobo Tarrio Barreiro</reporter>
                        <labels>
                    </labels>
                <created>Tue, 4 May 2010 00:12:29 +0000</created>
                <updated>Fri, 3 May 2019 08:39:34 +0000</updated>
                            <resolved>Tue, 20 Dec 2011 11:17:06 +0000</resolved>
                                                    <fixVersion>1.0-alpha1</fixVersion>
                                        <due />
                            <votes>0</votes>
                                    <watches>0</watches>
                                                                <comments>
                            <comment id="12907706" author="cmchen" created="Thu, 9 Sep 2010 18:12:21 +0000">&lt;p&gt;I committed a patch along the lines of your suggestion.&lt;/p&gt;

&lt;p&gt;&lt;a href="http://svn.apache.org/viewcvs?view=rev&amp;amp;rev=995526" class="external-link" target="_blank" rel="nofollow noopener"&gt;http://svn.apache.org/viewcvs?view=rev&amp;amp;rev=995526&lt;/a&gt;&lt;/p&gt;</comment>
                    </comments>
                    <attachments>
                    </attachments>
                <subtasks>
                    </subtasks>
                <customfields>
                                                                                                                                                                                                                                                                                                                                                                                                                                                                                                                                                                                                                                                                                                                    <customfield id="customfield_12314020" key="com.atlassian.jira.plugins.jira-development-integration-plugin:devsummary">
                        <customfieldname>Development</customfieldname>
                        <customfieldvalues>
                            
                        </customfieldvalues>
                    </customfield>
                                                                                                                        <customfield id="customfield_12313422" key="com.atlassian.jirafisheyeplugin:jobcheckbox">
                        <customfieldname>Enable Automatic Patch Review</customfieldname>
                        <customfieldvalues>
                            <customfieldvalue>false</customfieldvalue>

                        </customfieldvalues>
                    </customfield>
                                                                                                                                                                                                                                                                                                                                                                                                                                                                                                                                                                                                                                                <customfield id="customfield_12310420" key="com.pyxis.greenhopper.jira:gh-global-rank">
                        <customfieldname>Global Rank</customfieldname>
                        <customfieldvalues>
                            <customfieldvalue>172261</customfieldvalue>
                        </customfieldvalues>
                    </customfield>
                                                                                                                                                                                                                                                                                                                                                                                                                                                                        <customfield id="customfield_12311820" key="com.pyxis.greenhopper.jira:gh-lexo-rank">
                        <customfieldname>Rank</customfieldname>
                        <customfieldvalues>
                            <customfieldvalue>0|i0wmyv:</customfieldvalue>

                        </customfieldvalues>
                    </customfield>
                                                                <customfield id="customfield_12310920" key="com.pyxis.greenhopper.jira:gh-global-rank">
                        <customfieldname>Rank (Obsolete)</customfieldname>
                        <customfieldvalues>
                            <customfieldvalue>188526</customfieldvalue>
                        </customfieldvalues>
                    </customfield>
                                                                                                                                                                                                                                                                                                                                                                                                                                                                                                                                                                                                                                                                                                                                                                                            </customfields>
    </item>


</channel>
</rss>