<rss version="0.92">
    <channel>
        <title>ASF JIRA</title>
        <link>https://issues.apache.org/jira/issues/?jql=project+%3D+IMAGING+AND+type+%3D+bug+and+%28status+%3D+RESOLVED+or+status+%3D+closed%29</link>
        <description>An XML representation of a search request</description>
                <language>en-uk</language>
                        <issue start="0" end="140" total="140" />
                <build-info>
            <version>8.20.7</version>
            <build-number>820007</build-number>
            <build-date>16-03-2022</build-date>
        </build-info>

<item>
            <title>[IMAGING-202] java.io.IOException: Could not read block</title>
                <link>https://issues.apache.org/jira/browse/IMAGING-202</link>
                <project id="12313421" key="IMAGING">Commons Imaging</project>
                    <description>&lt;p&gt;Some images could not be read with imaging. The following exception appears - &lt;/p&gt;
&lt;div class="code panel" style="border-width: 1px;"&gt;&lt;div class="codeContent panelContent"&gt;
&lt;pre class="code-java"&gt;java.io.IOException: Could not read block (block start: 1024, block length: 211680000, data length: 108598491).
	at org.apache.commons.imaging.common.bytesource.ByteSourceInputStream.getBlock(ByteSourceInputStream.java:216)
	at org.apache.commons.imaging.formats.tiff.TiffReader.getTiffRawImageData(TiffReader.java:447)
	at org.apache.commons.imaging.formats.tiff.TiffReader.readDirectory(TiffReader.java:224)
	at org.apache.commons.imaging.formats.tiff.TiffReader.readDirectory(TiffReader.java:122)
	at org.apache.commons.imaging.formats.tiff.TiffReader.readDirectories(TiffReader.java:115)
	at org.apache.commons.imaging.formats.tiff.TiffReader.read(TiffReader.java:427)
	at org.apache.commons.imaging.formats.tiff.TiffReader.readContents(TiffReader.java:419)
	at org.apache.commons.imaging.formats.tiff.TiffImageParser.getMetadata(TiffImageParser.java:123)
	at org.apache.commons.imaging.ImageParser.getMetadata(ImageParser.java:144)
	at com.day.cq.dam.commons.handler.StandardImageHandler.extractMetadata(StandardImageHandler.java:385)
	at com.day.cq.dam.commons.handler.StandardImageHandler.extractMetadata(StandardImageHandler.java:201)
	at com.day.cq.dam.core.process.MetadataExtractor.extractMetadata(MetadataExtractor.java:82)
	at com.day.cq.dam.core.process.MetadataProcessorProcess.execute(MetadataProcessorProcess.java:121)
	at com.day.cq.workflow.compatibility.CQWorkflowProcessRunner.execute(CQWorkflowProcessRunner.java:93)
	at com.adobe.granite.workflow.core.job.HandlerBase.executeProcess(HandlerBase.java:189)
	at com.adobe.granite.workflow.core.job.JobHandler.process(JobHandler.java:244)
	at org.apache.sling.event.impl.jobs.JobConsumerManager$JobConsumerWrapper.process(JobConsumerManager.java:500)
	at org.apache.sling.event.impl.jobs.queues.JobQueueImpl.startJob(JobQueueImpl.java:291)
	at org.apache.sling.event.impl.jobs.queues.JobQueueImpl.access$100(JobQueueImpl.java:58)
	at org.apache.sling.event.impl.jobs.queues.JobQueueImpl$1.run(JobQueueImpl.java:227)
	at java.util.concurrent.ThreadPoolExecutor.runWorker(Unknown Source)
	at java.util.concurrent.ThreadPoolExecutor$Worker.run(Unknown Source)
	at java.lang.&lt;span class="code-object"&gt;Thread&lt;/span&gt;.run(Unknown Source)
&lt;/pre&gt;
&lt;/div&gt;&lt;/div&gt;

&lt;p&gt;The zipped TIF file can be downloaded from - &lt;a href="https://files.acrobat.com/a/preview/9ac91668-221f-479a-a45b-c5f685b9c021" class="external-link" target="_blank" rel="nofollow noopener"&gt;https://files.acrobat.com/a/preview/9ac91668-221f-479a-a45b-c5f685b9c021&lt;/a&gt; &lt;/p&gt;</description>
                <environment />
        <key id="13049229">IMAGING-202</key>
            <summary>java.io.IOException: Could not read block</summary>
                <type id="1" iconUrl="https://issues.apache.org/jira/secure/viewavatar?size=xsmall&amp;avatarId=21133&amp;avatarType=issuetype">Bug</type>
                                            <priority id="2" iconUrl="https://issues.apache.org/jira/images/icons/priorities/critical.svg">Critical</priority>
                        <status id="6" iconUrl="https://issues.apache.org/jira/images/icons/statuses/closed.png" description="The issue is considered finished, the resolution is correct. Issues which are not closed can be reopened.">Closed</status>
                    <statusCategory id="3" key="done" colorName="green" />
                                    <resolution id="5">Cannot Reproduce</resolution>
                                        <assignee username="-1">Unassigned</assignee>
                                    <reporter username="srbhatna">Srijan Bhatnagar</reporter>
                        <labels>
                    </labels>
                <created>Wed, 8 Mar 2017 10:52:01 +0000</created>
                <updated>Thu, 19 May 2022 04:29:25 +0000</updated>
                            <resolved>Sat, 30 Dec 2017 09:51:38 +0000</resolved>
                                    <version>1.0-alpha1</version>
                                                    <component>Format: JPEG</component>
                    <component>Format: TIFF</component>
                        <due />
                            <votes>0</votes>
                                    <watches>2</watches>
                                                                <comments>
                            <comment id="16115746" author="kinow" created="Sun, 6 Aug 2017 10:22:13 +0000">&lt;p&gt;Hi! I am evaluating imaging libraries to process images for a IIIF experiment, and going through some of the tickets for Commons Imaging.&lt;/p&gt;

&lt;p&gt;Can you test with the latest code from the master branch? And maybe share a code snippet? I cannot reproduce the error with the following code:&lt;/p&gt;

&lt;div class="code panel" style="border-width: 1px;"&gt;&lt;div class="codeContent panelContent"&gt;
&lt;pre class="code-java"&gt;&lt;span class="code-keyword"&gt;public&lt;/span&gt; &lt;span class="code-keyword"&gt;class &lt;/span&gt;TTT {

    &lt;span class="code-keyword"&gt;public&lt;/span&gt; &lt;span class="code-keyword"&gt;static&lt;/span&gt; void main(&lt;span class="code-object"&gt;String&lt;/span&gt;[] args) {
        TiffReader reader = &lt;span class="code-keyword"&gt;new&lt;/span&gt; TiffReader(&lt;span class="code-comment"&gt;/* strict */&lt;/span&gt; &lt;span class="code-keyword"&gt;true&lt;/span&gt;);
        ByteSource byteSource = &lt;span class="code-keyword"&gt;new&lt;/span&gt; ByteSourceFile(
                &lt;span class="code-keyword"&gt;new&lt;/span&gt; File(&lt;span class="code-quote"&gt;"/home/kinow/Downloads/17_H1_MiUSA_ElPaso_ROICOM_1178.tif"&lt;/span&gt;));
        Listener listener = &lt;span class="code-keyword"&gt;new&lt;/span&gt; Listener() {

            @Override
            &lt;span class="code-keyword"&gt;public&lt;/span&gt; &lt;span class="code-object"&gt;boolean&lt;/span&gt; setTiffHeader(TiffHeader tiffHeader) {
                &lt;span class="code-object"&gt;System&lt;/span&gt;.out.println(&lt;span class="code-quote"&gt;"Adding header "&lt;/span&gt; + tiffHeader);
                &lt;span class="code-keyword"&gt;return&lt;/span&gt; &lt;span class="code-keyword"&gt;true&lt;/span&gt;;
            }

            @Override
            &lt;span class="code-keyword"&gt;public&lt;/span&gt; &lt;span class="code-object"&gt;boolean&lt;/span&gt; addDirectory(TiffDirectory directory) {
                &lt;span class="code-object"&gt;System&lt;/span&gt;.out.println(&lt;span class="code-quote"&gt;"Adding directory "&lt;/span&gt; + directory.getElementDescription());
                &lt;span class="code-keyword"&gt;return&lt;/span&gt; &lt;span class="code-keyword"&gt;true&lt;/span&gt;;
            }

            @Override
            &lt;span class="code-keyword"&gt;public&lt;/span&gt; &lt;span class="code-object"&gt;boolean&lt;/span&gt; addField(TiffField field) {
                &lt;span class="code-object"&gt;System&lt;/span&gt;.out.println(&lt;span class="code-quote"&gt;"Adding field "&lt;/span&gt; + field);
                &lt;span class="code-keyword"&gt;return&lt;/span&gt; &lt;span class="code-keyword"&gt;true&lt;/span&gt;;
            }

            @Override
            &lt;span class="code-keyword"&gt;public&lt;/span&gt; &lt;span class="code-object"&gt;boolean&lt;/span&gt; readImageData() {
                &lt;span class="code-object"&gt;System&lt;/span&gt;.out.println(&lt;span class="code-quote"&gt;"READ IMAGE DATA..."&lt;/span&gt;);
                &lt;span class="code-keyword"&gt;return&lt;/span&gt; &lt;span class="code-keyword"&gt;true&lt;/span&gt;;
            }

            @Override
            &lt;span class="code-keyword"&gt;public&lt;/span&gt; &lt;span class="code-object"&gt;boolean&lt;/span&gt; readOffsetDirectories() {
                &lt;span class="code-object"&gt;System&lt;/span&gt;.out.println(&lt;span class="code-quote"&gt;"### READ OFFSET DIRECTORIES"&lt;/span&gt;);
                &lt;span class="code-keyword"&gt;return&lt;/span&gt; &lt;span class="code-keyword"&gt;true&lt;/span&gt;;
            }

        };
        &lt;span class="code-keyword"&gt;try&lt;/span&gt; {
            reader.read(byteSource, Collections.&amp;lt;&lt;span class="code-object"&gt;String&lt;/span&gt;, &lt;span class="code-object"&gt;Object&lt;/span&gt;&amp;gt; emptyMap(), FormatCompliance.getDefault(), listener);
        } &lt;span class="code-keyword"&gt;catch&lt;/span&gt; (ImageReadException | IOException e) {
            e.printStackTrace();
        }
        &lt;span class="code-object"&gt;System&lt;/span&gt;.out.println(&lt;span class="code-quote"&gt;"OK!"&lt;/span&gt;);
    }
}
&lt;/pre&gt;
&lt;/div&gt;&lt;/div&gt;

&lt;p&gt;It gives me the following output:&lt;/p&gt;

&lt;div class="preformatted panel" style="border-width: 1px;"&gt;&lt;div class="preformattedContent panelContent"&gt;
&lt;pre&gt;Adding header org.apache.commons.imaging.formats.tiff.TiffHeader@5e3b8219
Adding field 254 (0xfe: NewSubfileType): 0 (1 Long)
Adding field 256 (0x100: ImageWidth): 6300 (1 Long)
Adding field 257 (0x101: ImageLength): 4200 (1 Long)
Adding field 258 (0x102: BitsPerSample): 8, 8, 8, 8 (4 Short)
Adding field 259 (0x103: Compression): 1 (1 Short)
Adding field 262 (0x106: PhotometricInterpretation): 5 (1 Short)
Adding field 271 (0x10f: Make): 'Canon' (6 ASCII)
Adding field 272 (0x110: Model): 'Canon EOS 5D Mark IV' (21 ASCII)
Adding field 273 (0x111: PreviewImageStart): 1024 (1 Long)
Adding field 277 (0x115: SamplesPerPixel): 4 (1 Short)
Adding field 278 (0x116: RowsPerStrip): 4200 (1 Long)
Adding field 279 (0x117: PreviewImageLength): 211680000 (1 Long)
Adding field 282 (0x11a: XResolution): 300 (1 Rational)
Adding field 283 (0x11b: YResolution): 300 (1 Rational)
Adding field 284 (0x11c: PlanarConfiguration): 1 (1 Short)
Adding field 296 (0x128: ResolutionUnit): 2 (1 Short)
Adding field 305 (0x131: Software): 'GMG Software' (13 ASCII)
Adding field 332 (0x14c: InkSet): 1 (1 Short)
Adding field 34377 (0x8649: PhotoshopSettings): 56, 66, 73, 77, 4, 37, 0, 0, 0, 0, 0, 16, -47, -56, -60, 86, 39, 34, 92, 113, -52, 87, 24, 99, 7, -37, -76, 109, 56, 66, 73, 77, 4, 58, 0, 0, 0, 0, 0, -27, 0, 0, 0, 16, 0, 0, 0, 1, 0, 0, 0... (8898) (8898 Byte)
Adding field 34665 (0x8769: ExifOffset): 108597878 (1 Long)
Adding field 34675 (0x8773: InterColorProfile): 0, 41, -18, 52, 0, 0, 0, 0, 2, 0, 0, 0, 112, 114, 116, 114, 67, 77, 89, 75, 76, 97, 98, 32, 7, -41, 0, 5, 0, 24, 0, 13, 0, 55, 0, 39, 97, 99, 115, 112, 65, 80, 80, 76, 0, 2, 0, 0, 0, 0, 0... (2747956) (2747956 Undefined)
READ IMAGE DATA...
Adding directory TIFF Directory (Root)
### READ OFFSET DIRECTORIES
Adding field 33434 (0x829a: ExposureTime): 1/125 (0.008) (1 Rational)
Adding field 33437 (0x829d: FNumber): 63/10 (6.3) (1 Rational)
Adding field 34850 (0x8822: ExposureProgram): 1 (1 Short)
Adding field 34855 (0x8827: PhotographicSensitivity): 1600 (1 Short)
Adding field 34864 (0x8830: Unknown Tag): 2 (1 Short)
Adding field 34866 (0x8832: Unknown Tag): 1600 (1 Long)
Adding field 36864 (0x9000: ExifVersion): 48, 50, 51, 48 (4 Undefined)
Adding field 36867 (0x9003: DateTimeOriginal): '2017:01:05 13:13:06' (20 ASCII)
Adding field 36868 (0x9004: DateTimeDigitized): '2017:01:05 13:13:06' (20 ASCII)
Adding field 37377 (0x9201: ShutterSpeedValue): 6965784/1000000 (6.966) (1 SRational)
Adding field 37378 (0x9202: ApertureValue): 5310704/1000000 (5.311) (1 Rational)
Adding field 37380 (0x9204: ExposureCompensation): 0 (1 SRational)
Adding field 37382 (0x9206: Subject Distance): 0 (1 Rational)
Adding field 37383 (0x9207: MeteringMode): 5 (1 Short)
Adding field 37385 (0x9209: Flash): 16 (1 Short)
Adding field 37386 (0x920a: FocalLength): 61 (1 Rational)
Adding field 37521 (0x9291: SubSecTimeOriginal): '00' (3 ASCII)
Adding field 37522 (0x9292: SubSecTimeDigitized): '00' (3 ASCII)
Adding field 40961 (0xa001: ColorSpace): -1 (1 Short)
Adding field 40962 (0xa002: ExifImageWidth): 6300 (1 Long)
Adding field 40963 (0xa003: ExifImageLength): 4200 (1 Long)
Adding field 41486 (0xa20e: FocalPlaneXResolution): 187405072/32768 (5,719.149) (1 Rational)
Adding field 41487 (0xa20f: FocalPlaneYResolution): 187724608/32768 (5,728.9) (1 Rational)
Adding field 41488 (0xa210: FocalPlaneResolutionUnit): 2 (1 Short)
Adding field 41728 (0xa300: FileSource): 3 (1 Undefined)
Adding field 41729 (0xa301: SceneType): 1 (1 Undefined)
Adding field 41985 (0xa401: CustomRendered): 0 (1 Short)
Adding field 41986 (0xa402: ExposureMode): 1 (1 Short)
Adding field 41987 (0xa403: WhiteBalance): 1 (1 Short)
Adding field 41990 (0xa406: SceneCaptureType): 0 (1 Short)
Adding field 42033 (0xa431: BodySerialNumber): '032022003578' (13 ASCII)
Adding field 42034 (0xa432: LensSpecification): 24, 70, Invalid rational (0/0), Invalid rational (0/0) (4 Rational)
Adding field 42036 (0xa434: LensModel): 'Canon EF 24-70mm f/2.8L II USM' (31 ASCII)
Adding field 42037 (0xa435: LensSerialNumber): '0310008085' (11 ASCII)
READ IMAGE DATA...
Adding directory TIFF Directory (Exif)
### READ OFFSET DIRECTORIES
OK!
&lt;/pre&gt;
&lt;/div&gt;&lt;/div&gt;

&lt;p&gt;However, there could be something wrong with the image... at least that's what Linux's `exiv2` tells me:&lt;/p&gt;

&lt;div class="preformatted panel" style="border-width: 1px;"&gt;&lt;div class="preformattedContent panelContent"&gt;
&lt;pre&gt;$ exiv2 17_H1_MiUSA_ElPaso_ROICOM_1178.tif 
Warning: Directory Image, entry 0x0111: Strip 0 is outside of the data area; ignored.
Error: Directory (Last IFD item) with 10825 entries considered invalid; not read.
File name       : 17_H1_MiUSA_ElPaso_ROICOM_1178.tif
File size       : 108598491 Bytes
MIME type       : image/tiff
Image size      : 6300 x 4200
Camera make     : Canon
Camera model    : Canon EOS 5D Mark IV
Image timestamp : 2017:01:05 13:13:06
Image number    : 
Exposure time   : 1/125 s
Aperture        : F6.3
Exposure bias   : 0 EV
Flash           : No, compulsory
Flash bias      : 
Focal length    : 61.0 mm
Subject distance: Unknown
ISO speed       : 1600
Exposure mode   : Manual
Metering mode   : Multi-segment
Macro mode      : 
Image quality   : 
Exif Resolution : 6300 x 4200
White balance   : Manual
Thumbnail       : None
Copyright       : 
Exif comment    : 
&lt;/pre&gt;
&lt;/div&gt;&lt;/div&gt;

&lt;p&gt;Had a class about the TIFF format in university, but never really learned how to interpret, so not sure if there's something wrong with the image. JHOVE reports the image as valid for that matter.&lt;/p&gt;

&lt;p&gt;Cheers&lt;br/&gt;
Bruno&lt;/p&gt;</comment>
                            <comment id="16306696" author="kinow" created="Sat, 30 Dec 2017 09:37:54 +0000">&lt;p&gt;Spent some time reading and learning more about Commons Imaging code, and working on issues regarding the TIFF format. Have just re-ran jhove, with different command line options, and found an issue in the validation of the image.&lt;/p&gt;

&lt;div class="preformatted panel" style="border-width: 1px;"&gt;&lt;div class="preformattedContent panelContent"&gt;
&lt;pre&gt;jhove -m tiff-hul  17_H1_MiUSA_ElPaso_ROICOM_1178.tif 
Jhove (Rel. 1.6, 2011-01-04)
 Date: 2017-12-30 22:35:53 NZDT
 RepresentationInformation: 17_H1_MiUSA_ElPaso_ROICOM_1178.tif
  ReportingModule: TIFF-hul, Rel. 1.5 (2007-10-02)
  LastModified: 2017-02-23 17:37:46 NZDT
  Size: 108598491
  Format: TIFF
  Status: Not well-formed
  SignatureMatches:
   TIFF-hul
  ErrorMessage: Value offset not word-aligned: 563
   Offset: 210
  MIMEtype: image/tiff
&lt;/pre&gt;
&lt;/div&gt;&lt;/div&gt;

&lt;p&gt;If you grab a TIFF image from NASA, for instance, from this URL &lt;a href="https://photojournal.jpl.nasa.gov/new" class="external-link" target="_blank" rel="nofollow noopener"&gt;https://photojournal.jpl.nasa.gov/new&lt;/a&gt;, you should be able to run the same command with one of the .tif images as input and get a clean output, with no ErrorMessage.&lt;/p&gt;</comment>
                            <comment id="16306699" author="kinow" created="Sat, 30 Dec 2017 09:51:27 +0000">&lt;p&gt;Added a breakpoint after the line which I believe should trigger the error (attached screen shot), but could not reproduce it. Not sure if the code changed before or after the issue was reported, but at least from trying to find the code affected from reading the exception stack trace, I could not find a way to trigger the issue.&lt;/p&gt;

&lt;p&gt;There's also the question on whether the image is valid or not. It could be something that we could change in the default behaviour of the parser, to give a warning instead of throwing an exception, but first we would need to properly reproduce the issue.&lt;/p&gt;

&lt;p&gt;It was really helpful to have the stack trace and the test image, but now we would need some sample code. Feel free to re-open it in case the issue persists, and if it's possible to share some code for a &lt;a href="http://sscce.org/" class="external-link" target="_blank" rel="nofollow noopener"&gt;SSCCE&lt;/a&gt;.&lt;/p&gt;

&lt;p&gt;Thanks&lt;br/&gt;
Bruno&lt;/p&gt;</comment>
                            <comment id="17539218" author="kinow" created="Thu, 19 May 2022 04:29:25 +0000">&lt;p&gt;Apache Commons Imaging 1.0-alpha3 has been released.&lt;/p&gt;</comment>
                    </comments>
                    <attachments>
                            <attachment id="12904061" name="breakpoint-after-line-supposed-to-trigger-issue-i-think.png" size="144142" author="kinow" created="Sat, 30 Dec 2017 09:44:37 +0000" />
                    </attachments>
                <subtasks>
                    </subtasks>
                <customfields>
                                                                                                                                                                                                                                                                                                                                                                                                                                                                                                                                                                                                                                                                                                                    <customfield id="customfield_12314020" key="com.atlassian.jira.plugins.jira-development-integration-plugin:devsummary">
                        <customfieldname>Development</customfieldname>
                        <customfieldvalues>
                            
                        </customfieldvalues>
                    </customfield>
                                                                                                                        <customfield id="customfield_12313422" key="com.atlassian.jirafisheyeplugin:jobcheckbox">
                        <customfieldname>Enable Automatic Patch Review</customfieldname>
                        <customfieldvalues>
                            <customfieldvalue>false</customfieldvalue>

                        </customfieldvalues>
                    </customfield>
                                                                                                                                                                                                                                                                                                                                                                                                                                                                                                                                                                                                                                                <customfield id="customfield_12310420" key="com.pyxis.greenhopper.jira:gh-global-rank">
                        <customfieldname>Global Rank</customfieldname>
                        <customfieldvalues>
                            <customfieldvalue>9223372036854775807</customfieldvalue>
                        </customfieldvalues>
                    </customfield>
                                                                                                                                                                                                                                                                                                                                                                                                                                                                        <customfield id="customfield_12311820" key="com.pyxis.greenhopper.jira:gh-lexo-rank">
                        <customfieldname>Rank</customfieldname>
                        <customfieldvalues>
                            <customfieldvalue>0|i3b433:</customfieldvalue>

                        </customfieldvalues>
                    </customfield>
                                                                <customfield id="customfield_12310920" key="com.pyxis.greenhopper.jira:gh-global-rank">
                        <customfieldname>Rank (Obsolete)</customfieldname>
                        <customfieldvalues>
                            <customfieldvalue>9223372036854775807</customfieldvalue>
                        </customfieldvalues>
                    </customfield>
                                                                                                                                                                                                                                                                                                                                                                                                                                                                                                                                                                                                                                                                                                                                                                                            </customfields>
    </item>


</channel>
</rss>