<rss version="0.92">
    <channel>
        <title>ASF JIRA</title>
        <link>https://issues.apache.org/jira/issues/?jql=project+%3D+IMAGING+AND+type+%3D+bug+and+%28status+%3D+RESOLVED+or+status+%3D+closed%29</link>
        <description>An XML representation of a search request</description>
                <language>en-uk</language>
                        <issue start="0" end="140" total="140" />
                <build-info>
            <version>8.20.7</version>
            <build-number>820007</build-number>
            <build-date>16-03-2022</build-date>
        </build-info>

<item>
            <title>[IMAGING-92] Issue trying to update GPS metadata info in a JPG</title>
                <link>https://issues.apache.org/jira/browse/IMAGING-92</link>
                <project id="12313421" key="IMAGING">Commons Imaging</project>
                    <description>&lt;p&gt;I'm trying to update the GPS metadata of pictures done with a Canon SX 230HS&lt;br/&gt;
using the code on trunk (0.98)&lt;br/&gt;
CODE : &lt;br/&gt;
File original = new File("D:&lt;br class="atl-forced-newline" /&gt;IMG_0772.JPG");&lt;br/&gt;
MetadataExample.metadataExample(original);&lt;br/&gt;
File newFile = new File("D:&lt;br class="atl-forced-newline" /&gt;IMG_0772NEW.JPG");&lt;br/&gt;
new WriteExifMetadataExample().setExifGPSTag(original, newFile);&lt;br/&gt;
MetadataExample.metadataExample(newFile);&lt;/p&gt;

&lt;p&gt;We can see that that the Metadata is not set correctly.&lt;br/&gt;
I tried with pictures from an IPhone -&amp;gt; same issue.&lt;/p&gt;

&lt;p&gt;OUTPUT :&lt;br/&gt;
file: D:\IMG_0772.JPG&lt;br/&gt;
XResolution: 180&lt;br/&gt;
DateTime: '2012:10:03 20:37:18'&lt;br/&gt;
DateTimeOriginal: '2012:10:03 20:37:18'&lt;br/&gt;
DateTimeDigitized: '2012:10:03 20:37:18'&lt;br/&gt;
PhotographicSensitivity: 800&lt;br/&gt;
ShutterSpeedValue: 189/32 (5.906)&lt;br/&gt;
ApertureValue: 104/32 (3.25)&lt;br/&gt;
BrightnessValue: Not Found.&lt;br/&gt;
GPSLatitudeRef: 'N'&lt;br/&gt;
GPSLatitude: 36, 49, 2935/1000 (2.935)&lt;br/&gt;
GPSLongitudeRef: 'E'&lt;br/&gt;
GPSLongitude: 31, 17, 59291/1000 (59.291)&lt;/p&gt;

&lt;p&gt;    GPS Description: &lt;span class="error"&gt;&amp;#91;GPS. Latitude: 36 degrees, 49 minutes, 2.935 seconds N, Longitude: 31 degrees, 17 minutes, 59.291 seconds E&amp;#93;&lt;/span&gt;&lt;br/&gt;
    GPS Longitude (Degrees East): 31.299803055555557&lt;br/&gt;
    GPS Latitude (Degrees North): 36.817481944444445&lt;br/&gt;
    GPS Latitude: 36 degrees, 49 minutes, 2.935 seconds N&lt;br/&gt;
    GPS Longitude: 31 degrees, 17 minutes, 59.291 seconds E&lt;/p&gt;

&lt;p&gt;    item: ImageDescription: ''&lt;br/&gt;
    item: Make: 'Canon'&lt;br/&gt;
    item: Model: 'Canon PowerShot SX230 HS'&lt;br/&gt;
    item: Orientation: 6&lt;br/&gt;
    item: XResolution: 180&lt;br/&gt;
    item: YResolution: 180&lt;br/&gt;
    item: ResolutionUnit: 2&lt;br/&gt;
    item: DateTime: '2012:10:03 20:37:18'&lt;br/&gt;
    item: YCbCrPositioning: 2&lt;br/&gt;
    item: ExifOffset: 252&lt;br/&gt;
    item: GPSInfo: 4900&lt;br/&gt;
    item: ExposureTime: 1/60 (0.017)&lt;br/&gt;
    item: FNumber: 31/10 (3.1)&lt;br/&gt;
    item: PhotographicSensitivity: 800&lt;br/&gt;
    item: Unknown Tag (0x8830): 4&lt;br/&gt;
    item: ExifVersion: 48, 50, 51, 48&lt;br/&gt;
    item: DateTimeOriginal: '2012:10:03 20:37:18'&lt;br/&gt;
    item: DateTimeDigitized: '2012:10:03 20:37:18'&lt;br/&gt;
    item: ComponentsConfiguration: 1, 2, 3, 0&lt;br/&gt;
    item: CompressedBitsPerPixel: 3&lt;br/&gt;
    item: ShutterSpeedValue: 189/32 (5.906)&lt;br/&gt;
    item: ApertureValue: 104/32 (3.25)&lt;br/&gt;
    item: ExposureCompensation: 0&lt;br/&gt;
    item: MaxApertureValue: 104/32 (3.25)&lt;br/&gt;
    item: MeteringMode: 5&lt;br/&gt;
    item: Flash: 89&lt;br/&gt;
    item: FocalLength: 5&lt;br/&gt;
    item: MakerNote: 29, 0, 1, 0, 3, 0, 48, 0, 0, 0, 112, 4, 0, 0, 3, 0, 3, 0, 4, 0, 0, 0, -48, 4, 0, 0, 4, 0, 3, 0, 34, 0, 0, 0, -40, 4, 0, 0, 6, 0, 2, 0, 28, 0, 0, 0, 28, 5, 0, 0, 7... (3800)&lt;br/&gt;
    item: UserComment: ''&lt;br/&gt;
    item: FlashpixVersion: 48, 49, 48, 48&lt;br/&gt;
    item: ColorSpace: 1&lt;br/&gt;
    item: ExifImageWidth: 4000&lt;br/&gt;
    item: ExifImageLength: 2248&lt;br/&gt;
    item: InteropOffset: 4822&lt;br/&gt;
    item: FocalPlaneXResolution: 4000000/244 (16'393.443)&lt;br/&gt;
    item: FocalPlaneYResolution: 3000000/183 (16'393.443)&lt;br/&gt;
    item: FocalPlaneResolutionUnit: 2&lt;br/&gt;
    item: SensingMethod: 2&lt;br/&gt;
    item: FileSource: 3&lt;br/&gt;
    item: CustomRendered: 0&lt;br/&gt;
    item: ExposureMode: 0&lt;br/&gt;
    item: WhiteBalance: 0&lt;br/&gt;
    item: DigitalZoomRatio: 1&lt;br/&gt;
    item: SceneCaptureType: 0&lt;br/&gt;
    item: InteroperabilityIndex: 'R98'&lt;br/&gt;
    item: InteroperabilityVersion: 48, 49, 48, 48&lt;br/&gt;
    item: RelatedImageWidth: 4000&lt;br/&gt;
    item: RelatedImageLength: 2248&lt;br/&gt;
    item: GPSLatitudeRef: 'N'&lt;br/&gt;
    item: GPSLatitude: 36, 49, 2935/1000 (2.935)&lt;br/&gt;
    item: GPSLongitudeRef: 'E'&lt;br/&gt;
    item: GPSLongitude: 31, 17, 59291/1000 (59.291)&lt;br/&gt;
    item: GPSTimeStamp: 17, 37, 16936/1000 (16.936)&lt;br/&gt;
    item: GPSStatus: 'A'&lt;br/&gt;
    item: GPSMapDatum: 'WGS-84'&lt;br/&gt;
    item: GPSDateStamp: '2012:10:03'&lt;br/&gt;
    item: Compression: 6&lt;br/&gt;
    item: XResolution: 180&lt;br/&gt;
    item: YResolution: 180&lt;br/&gt;
    item: ResolutionUnit: 2&lt;br/&gt;
    item: JpgFromRawStart: 5620&lt;br/&gt;
    item: JpgFromRawLength: 4254&lt;/p&gt;

&lt;p&gt;file: D:\IMG_0772NEW.JPG&lt;br/&gt;
XResolution: 180&lt;br/&gt;
DateTime: '2012:10:03 20:37:18'&lt;br/&gt;
DateTimeOriginal: '2012:10:03 20:37:18'&lt;br/&gt;
DateTimeDigitized: '2012:10:03 20:37:18'&lt;br/&gt;
PhotographicSensitivity: 800&lt;br/&gt;
ShutterSpeedValue: 189/32 (5.906)&lt;br/&gt;
ApertureValue: 104/32 (3.25)&lt;br/&gt;
BrightnessValue: Not Found.&lt;br/&gt;
GPSLatitudeRef: Not Found.&lt;br/&gt;
GPSLatitude: 40, 43, 1/2147483647 (0)&lt;br/&gt;
GPSLongitudeRef: Not Found.&lt;br/&gt;
GPSLongitude: Not Found.&lt;/p&gt;


&lt;p&gt;    item: ImageDescription: ''&lt;br/&gt;
    item: Make: 'Canon'&lt;br/&gt;
    item: Model: 'Canon PowerShot SX230 HS'&lt;br/&gt;
    item: Orientation: 6&lt;br/&gt;
    item: XResolution: 180&lt;br/&gt;
    item: YResolution: 180&lt;br/&gt;
    item: ResolutionUnit: 2&lt;br/&gt;
    item: DateTime: '2012:10:03 20:37:18'&lt;br/&gt;
    item: YCbCrPositioning: 2&lt;br/&gt;
    item: ExifOffset: 4558&lt;br/&gt;
    item: GPSInfo: 8&lt;br/&gt;
    item: ExposureTime: 1/60 (0.017)&lt;br/&gt;
    item: FNumber: 31/10 (3.1)&lt;br/&gt;
    item: PhotographicSensitivity: 800&lt;br/&gt;
    item: Unknown Tag (0x8830): 4&lt;br/&gt;
    item: ExifVersion: 48, 50, 51, 48&lt;br/&gt;
    item: DateTimeOriginal: '2012:10:03 20:37:18'&lt;br/&gt;
    item: DateTimeDigitized: '2012:10:03 20:37:18'&lt;br/&gt;
    item: ComponentsConfiguration: 1, 2, 3, 0&lt;br/&gt;
    item: CompressedBitsPerPixel: 3&lt;br/&gt;
    item: ShutterSpeedValue: 189/32 (5.906)&lt;br/&gt;
    item: ApertureValue: 104/32 (3.25)&lt;br/&gt;
    item: ExposureCompensation: 0&lt;br/&gt;
    item: MaxApertureValue: 104/32 (3.25)&lt;br/&gt;
    item: MeteringMode: 5&lt;br/&gt;
    item: Flash: 89&lt;br/&gt;
    item: FocalLength: 5&lt;br/&gt;
    item: MakerNote: 29, 0, 1, 0, 3, 0, 48, 0, 0, 0, 112, 4, 0, 0, 3, 0, 3, 0, 4, 0, 0, 0, -48, 4, 0, 0, 4, 0, 3, 0, 34, 0, 0, 0, -40, 4, 0, 0, 6, 0, 2, 0, 28, 0, 0, 0, 28, 5, 0, 0, 7... (3800)&lt;br/&gt;
    item: UserComment: ''&lt;br/&gt;
    item: FlashpixVersion: 48, 49, 48, 48&lt;br/&gt;
    item: ColorSpace: 1&lt;br/&gt;
    item: ExifImageWidth: 4000&lt;br/&gt;
    item: ExifImageLength: 2248&lt;br/&gt;
    item: InteropOffset: 480&lt;br/&gt;
    item: FocalPlaneXResolution: 4000000/244 (16'393.443)&lt;br/&gt;
    item: FocalPlaneYResolution: 3000000/183 (16'393.443)&lt;br/&gt;
    item: FocalPlaneResolutionUnit: 2&lt;br/&gt;
    item: SensingMethod: 2&lt;br/&gt;
    item: FileSource: 3&lt;br/&gt;
    item: CustomRendered: 0&lt;br/&gt;
    item: ExposureMode: 0&lt;br/&gt;
    item: WhiteBalance: 0&lt;br/&gt;
    item: DigitalZoomRatio: 1&lt;br/&gt;
    item: SceneCaptureType: 0&lt;br/&gt;
    item: InteroperabilityIndex: 'R98'&lt;br/&gt;
    item: InteroperabilityVersion: 48, 49, 48, 48&lt;br/&gt;
    item: RelatedImageWidth: 4000&lt;br/&gt;
    item: RelatedImageLength: 2248&lt;br/&gt;
    item: GPSLatitude: 40, 43, 1/2147483647 (0)&lt;br/&gt;
    item: GPSTimeStamp: 17, 37, 16936/1000 (16.936)&lt;br/&gt;
    item: GPSStatus: 'A'&lt;br/&gt;
    item: GPSMapDatum: 'WGS-84'&lt;br/&gt;
    item: GPSDestLatitudeRef: 'N'&lt;br/&gt;
    item: GPSDestLongitudeRef: 'W'&lt;br/&gt;
    item: GPSDestLongitude: 74, 0, 0&lt;br/&gt;
    item: GPSDateStamp: '2012:10:03'&lt;br/&gt;
    item: Compression: 6&lt;br/&gt;
    item: XResolution: 180&lt;br/&gt;
    item: YResolution: 180&lt;br/&gt;
    item: ResolutionUnit: 2&lt;br/&gt;
    item: JpgFromRawStart: 5620&lt;br/&gt;
    item: JpgFromRawLength: 4254&lt;/p&gt;</description>
                <environment>&lt;p&gt;Windows 7, Java 1.6&lt;/p&gt;</environment>
        <key id="12611044">IMAGING-92</key>
            <summary>Issue trying to update GPS metadata info in a JPG</summary>
                <type id="1" iconUrl="https://issues.apache.org/jira/secure/viewavatar?size=xsmall&amp;avatarId=21133&amp;avatarType=issuetype">Bug</type>
                                            <priority id="3" iconUrl="https://issues.apache.org/jira/images/icons/priorities/major.svg">Major</priority>
                        <status id="6" iconUrl="https://issues.apache.org/jira/images/icons/statuses/closed.png" description="The issue is considered finished, the resolution is correct. Issues which are not closed can be reopened.">Closed</status>
                    <statusCategory id="3" key="done" colorName="green" />
                                    <resolution id="1">Fixed</resolution>
                                        <assignee username="-1">Unassigned</assignee>
                                    <reporter username="hmarmy">Herve M.</reporter>
                        <labels>
                    </labels>
                <created>Tue, 9 Oct 2012 18:58:55 +0000</created>
                <updated>Fri, 3 May 2019 08:39:38 +0000</updated>
                            <resolved>Sat, 13 Oct 2012 10:12:20 +0000</resolved>
                                    <version>1.0-alpha1</version>
                                    <fixVersion>1.0-alpha1</fixVersion>
                                    <component>Format: JPEG</component>
                        <due />
                            <votes>0</votes>
                                    <watches>2</watches>
                                                                <comments>
                            <comment id="13472722" author="hmarmy" created="Tue, 9 Oct 2012 20:37:50 +0000">&lt;p&gt;Found issue in TiffOutputSet.java&lt;br/&gt;
GPS Tags are mixed, I'll propose a patch soon.&lt;/p&gt;</comment>
                            <comment id="13473450" author="hmarmy" created="Wed, 10 Oct 2012 18:33:23 +0000">&lt;p&gt;Patch attached&lt;/p&gt;</comment>
                            <comment id="13475578" author="damjan" created="Sat, 13 Oct 2012 10:12:20 +0000">&lt;p&gt;Fix committed, thank you!&lt;/p&gt;</comment>
                    </comments>
                    <attachments>
                            <attachment id="12548609" name="IMAGING-92.patch" size="1383" author="hmarmy" created="Wed, 10 Oct 2012 18:33:23 +0000" />
                    </attachments>
                <subtasks>
                    </subtasks>
                <customfields>
                                                                                                                                                                                                                                                                                                                                                                                                                                                                                                                                                                                                                                                                                                                    <customfield id="customfield_12314020" key="com.atlassian.jira.plugins.jira-development-integration-plugin:devsummary">
                        <customfieldname>Development</customfieldname>
                        <customfieldvalues>
                            
                        </customfieldvalues>
                    </customfield>
                                                                                                                        <customfield id="customfield_12313422" key="com.atlassian.jirafisheyeplugin:jobcheckbox">
                        <customfieldname>Enable Automatic Patch Review</customfieldname>
                        <customfieldvalues>
                            <customfieldvalue>false</customfieldvalue>

                        </customfieldvalues>
                    </customfield>
                                                                                                                                                                                                                                                                                                                                                                                                                                                                                                                                                                                                                                                <customfield id="customfield_12310420" key="com.pyxis.greenhopper.jira:gh-global-rank">
                        <customfieldname>Global Rank</customfieldname>
                        <customfieldvalues>
                            <customfieldvalue>246265</customfieldvalue>
                        </customfieldvalues>
                    </customfield>
                                                                                                                                                                                                                                                                                                                                                                                                                                                                        <customfield id="customfield_12311820" key="com.pyxis.greenhopper.jira:gh-lexo-rank">
                        <customfieldname>Rank</customfieldname>
                        <customfieldvalues>
                            <customfieldvalue>0|i07jin:</customfieldvalue>

                        </customfieldvalues>
                    </customfield>
                                                                <customfield id="customfield_12310920" key="com.pyxis.greenhopper.jira:gh-global-rank">
                        <customfieldname>Rank (Obsolete)</customfieldname>
                        <customfieldvalues>
                            <customfieldvalue>41929</customfieldvalue>
                        </customfieldvalues>
                    </customfield>
                                                                                                                                                                                                                                                                                                                                                                                                                                                                                                                                                                                                                                                                                                                                                                                            </customfields>
    </item>


</channel>
</rss>