<rss version="0.92">
    <channel>
        <title>ASF JIRA</title>
        <link>https://issues.apache.org/jira/issues/?jql=project+%3D+IMAGING+AND+type+%3D+bug+and+%28status+%3D+RESOLVED+or+status+%3D+closed%29</link>
        <description>An XML representation of a search request</description>
                <language>en-uk</language>
                        <issue start="0" end="140" total="140" />
                <build-info>
            <version>8.20.7</version>
            <build-number>820007</build-number>
            <build-date>16-03-2022</build-date>
        </build-info>

<item>
            <title>[IMAGING-281] Simple Exif XPTitle corrupted.</title>
                <link>https://issues.apache.org/jira/browse/IMAGING-281</link>
                <project id="12313421" key="IMAGING">Commons Imaging</project>
                    <description>&lt;p&gt;I have a small input JPEG image containing &lt;em&gt;no metadata sections whatsoever&lt;/em&gt;. I use Apache Commons Imaging 1.0-alpha2 to add two simple Exif &lt;tt&gt;IFD0&lt;/tt&gt; properties using &lt;a href="https://commons.apache.org/proper/commons-imaging/apidocs/org/apache/commons/imaging/formats/jpeg/exif/ExifRewriter.html#updateExifMetadataLossy-org.apache.commons.imaging.common.bytesource.ByteSource-java.io.OutputStream-org.apache.commons.imaging.formats.tiff.write.TiffOutputSet-" class="external-link" target="_blank" rel="nofollow noopener"&gt;&lt;tt&gt;ExifRewriter().updateExifMetadataLossy()&lt;/tt&gt;&lt;/a&gt;.&lt;/p&gt;

&lt;ul&gt;
	&lt;li&gt;&lt;tt&gt;XPTitle&lt;/tt&gt;  (&lt;tt&gt;0x9C9B&lt;/tt&gt;): "Gate and Turret"&lt;/li&gt;
	&lt;li&gt;&lt;tt&gt;Copyright&lt;/tt&gt; (&lt;tt&gt;33432&lt;/tt&gt;, &lt;tt&gt;0x8298&lt;/tt&gt;): "Copyright &#169; 2009 Garret Wilson"&lt;/li&gt;
&lt;/ul&gt;


&lt;p&gt;Here is a simplified excerpt of the code:&lt;/p&gt;

&lt;div class="code panel" style="border-width: 1px;"&gt;&lt;div class="codeContent panelContent"&gt;
&lt;pre class="code-java"&gt;
TagInfoAscii EXIF_XP_TITLE_TAG_INFO = &lt;span class="code-keyword"&gt;new&lt;/span&gt; TagInfoAscii(&lt;span class="code-quote"&gt;"XPTitle"&lt;/span&gt;, 0x9C9B, -1, TiffDirectoryType.EXIF_DIRECTORY_IFD0); &lt;span class="code-comment"&gt;//XPTitle (0x9C9B)
&lt;/span&gt;TagInfoAscii EXIF_COPYRIGHT_TAG_INFO = &lt;span class="code-keyword"&gt;new&lt;/span&gt; TagInfoAscii(&lt;span class="code-quote"&gt;"Copyright"&lt;/span&gt;, 0x8298, -1, TiffDirectoryType.EXIF_DIRECTORY_IFD0); &lt;span class="code-comment"&gt;//Copyright (33432, 0x8298)
&lt;/span&gt;&#8230;
TiffOutputSet tiffOutputSet = &lt;span class="code-keyword"&gt;new&lt;/span&gt; TiffOutputSet();
TiffOutputDirectory exifDirectory = tiffOutputSet.getOrCreateRootDirectory();
exifDirectory.add(EXIF_XP_TITLE_TAG_INFO, &lt;span class="code-quote"&gt;"Gate and Turret"&lt;/span&gt;);
exifDirectory.add(EXIF_COPYRIGHT_TAG_INFO, &lt;span class="code-quote"&gt;"Copyright &#169; 2009 Garret Wilson"&lt;/span&gt;);
&#8230;
&lt;span class="code-keyword"&gt;new&lt;/span&gt; ExifRewriter().updateExifMetadataLossy(byteSource, outputStream, tiffOutputSet);
&lt;/pre&gt;
&lt;/div&gt;&lt;/div&gt;

&lt;p&gt;Using &lt;a href="https://exiftool.org/" class="external-link" target="_blank" rel="nofollow noopener"&gt;ExifTool&lt;/a&gt; 12.16 (via &lt;a href="https://exiftool.org/gui/) 5.16.0.0" class="external-link" target="_blank" rel="nofollow noopener"&gt;ExifToolGUI&lt;/a&gt;, the &lt;tt&gt;Copyright&lt;/tt&gt; value is stored correctly but the &lt;tt&gt;XPTitle&lt;/tt&gt; is stored as "&#24903;&#25972;&#24864;&#25710;&#21536;&#29301;&#25970;t". &lt;a href="https://www.logipole.com/metadata++-en.htm" class="external-link" target="_blank" rel="nofollow noopener"&gt;Metadata++&lt;/a&gt; 1.22.14 also shows the same corrupted value.&lt;/p&gt;

&lt;p&gt;This is disheartening, as this is nearly the most simple test case possible.&lt;/p&gt;

&lt;p&gt;(Note that &lt;a href="https://www.irfanview.com/" class="external-link" target="_blank" rel="nofollow noopener"&gt;IrfanView&lt;/a&gt; 4.54 can read the &lt;tt&gt;XPTitle&lt;/tt&gt; just fine! Nevertheless ExifTool is the gold standard for image metadata reading, and is confirmed by Metadata++. Having an image the metadata of which cannot be read in ExifTool is a show-stopper.)&lt;/p&gt;

&lt;p&gt;I'm will attach the test case image to this ticket.&lt;/p&gt;</description>
                <environment />
        <key id="13357319">IMAGING-281</key>
            <summary>Simple Exif XPTitle corrupted.</summary>
                <type id="1" iconUrl="https://issues.apache.org/jira/secure/viewavatar?size=xsmall&amp;avatarId=21133&amp;avatarType=issuetype">Bug</type>
                                            <priority id="1" iconUrl="https://issues.apache.org/jira/images/icons/priorities/blocker.svg">Blocker</priority>
                        <status id="6" iconUrl="https://issues.apache.org/jira/images/icons/statuses/closed.png" description="The issue is considered finished, the resolution is correct. Issues which are not closed can be reopened.">Closed</status>
                    <statusCategory id="3" key="done" colorName="green" />
                                    <resolution id="8">Not A Problem</resolution>
                                        <assignee username="-1">Unassigned</assignee>
                                    <reporter username="garretwilson">Garret Wilson</reporter>
                        <labels>
                    </labels>
                <created>Sat, 6 Feb 2021 22:52:29 +0000</created>
                <updated>Sat, 20 Feb 2021 07:55:46 +0000</updated>
                            <resolved>Fri, 19 Feb 2021 15:02:46 +0000</resolved>
                                    <version>1.0-alpha2</version>
                                                        <due />
                            <votes>0</votes>
                                    <watches>2</watches>
                                                                <comments>
                            <comment id="17280590" author="garretwilson" created="Sun, 7 Feb 2021 15:35:46 +0000">&lt;p&gt;If I use the same code with the &lt;tt&gt;ImageDescription&lt;/tt&gt; field, it seems to work in that I can read the value in ExifTool:&lt;/p&gt;

&lt;div class="code panel" style="border-width: 1px;"&gt;&lt;div class="codeContent panelContent"&gt;
&lt;pre class="code-java"&gt;
TagInfoAscii EXIF_IMAGE_DESCRIPTION_TAG_INFO = &lt;span class="code-keyword"&gt;new&lt;/span&gt; TagInfoAscii(&lt;span class="code-quote"&gt;"ImageDescription"&lt;/span&gt;, 0x010E, -1, TiffDirectoryType.EXIF_DIRECTORY_IFD0); &lt;span class="code-comment"&gt;//ImageDescription (270, 0x010E)&lt;/span&gt;
&lt;/pre&gt;
&lt;/div&gt;&lt;/div&gt;

&lt;p&gt;Note that this doesn't fix the problem. I want to write the &lt;tt&gt;XPTitle&lt;/tt&gt; field. Moreover not knowing what the problem is, I don't know if Apache Common Imaging is going to arbitrarily corrupt some of my Exif fields, and when.&lt;/p&gt;</comment>
                            <comment id="17280594" author="garretwilson" created="Sun, 7 Feb 2021 15:47:11 +0000">&lt;p&gt;Note also that, when creating the TIFF output set from scratch, if I use the following I cannot pick up the values in &lt;a href="https://github.com/drewnoakes/metadata-extractor" class="external-link" target="_blank" rel="nofollow noopener"&gt;metadata-extractor&lt;/a&gt;:&lt;/p&gt;

&lt;div class="code panel" style="border-width: 1px;"&gt;&lt;div class="codeContent panelContent"&gt;
&lt;pre class="code-java"&gt;
TiffOutputDirectory exifDirectory = tiffOutputSet.getOrCreateExifDirectory()
&lt;/pre&gt;
&lt;/div&gt;&lt;/div&gt;

&lt;p&gt;Instead I have to use this:&lt;/p&gt;

&lt;div class="code panel" style="border-width: 1px;"&gt;&lt;div class="codeContent panelContent"&gt;
&lt;pre class="code-java"&gt;
TiffOutputDirectory exifDirectory = tiffOutputSet.getOrCreateRootDirectory()
&lt;/pre&gt;
&lt;/div&gt;&lt;/div&gt;

&lt;p&gt;Again this doesn't fix the problem. It's some counter-intuitive call I have to make to get &lt;a href="https://github.com/drewnoakes/metadata-extractor" class="external-link" target="_blank" rel="nofollow noopener"&gt;metadata-extractor&lt;/a&gt; to see any values at all.&lt;/p&gt;

&lt;p&gt;Apache Commons Imaging is corrupting my image metadata, and its documentation is incomplete. I'm stuck.&lt;/p&gt;</comment>
                            <comment id="17287111" author="garretwilson" created="Fri, 19 Feb 2021 15:02:46 +0000">&lt;p&gt;Good news: I found the source of the problem.&lt;/p&gt;

&lt;p&gt;It seems that Microsoft stores the XP tags, including &lt;tt&gt;XPTitle&lt;/tt&gt;, not as UTF-8 but as UCS-2. (See &lt;a href="https://exiftool.org/faq.html#Q10" class="external-link" target="_blank" rel="nofollow noopener"&gt;ExifTool FAQ on charsets&lt;/a&gt;.) Thus in Apache Commons Imaging I should have been using &lt;tt&gt;TagInfoXpString&lt;/tt&gt; instead of &lt;tt&gt;TagInfoAscii&lt;/tt&gt;, like this:&lt;/p&gt;

&lt;div class="code panel" style="border-width: 1px;"&gt;&lt;div class="codeContent panelContent"&gt;
&lt;pre class="code-java"&gt;
TagInfoXpString EXIF_TAG_XP_TITLE = &lt;span class="code-keyword"&gt;new&lt;/span&gt; TagInfoXpString(&lt;span class="code-quote"&gt;"XPTitle"&lt;/span&gt;, 0x9C9B, TiffDirectoryType.EXIF_DIRECTORY_IFD0);
&lt;/pre&gt;
&lt;/div&gt;&lt;/div&gt;

&lt;p&gt;The other libraries, which knew about the XP tag encoding, had been been trying to read the UTF-8 value as a two-byte Unicode encoding, which is what resulted in the corrupted string. (I'm not sure why Irfan view managed to read it. Maybe it went out of its way to detect UTF-8 before trying UCS-2 or UTF-16LE, or maybe it is just written incorrectly and was making the same mistaken assumption I made.)&lt;/p&gt;

&lt;p&gt;I'll close this ticket as not a problem.&lt;/p&gt;</comment>
                            <comment id="17287588" author="kinow" created="Sat, 20 Feb 2021 07:55:46 +0000">&lt;p&gt;Thanks for posting the solution for this issue &lt;a href="https://issues.apache.org/jira/secure/ViewProfile.jspa?name=garretwilson" class="user-hover" rel="garretwilson"&gt;garretwilson&lt;/a&gt; . And for updating this ticket as well &lt;img class="emoticon" src="https://issues.apache.org/jira/images/icons/emoticons/smile.png" height="16" width="16" align="absmiddle" alt="" border="0"/&gt;&lt;/p&gt;</comment>
                    </comments>
                    <attachments>
                            <attachment id="13020128" name="gate-turret-exif-bad-title.jpg" size="68780" author="garretwilson" created="Sat, 6 Feb 2021 22:55:15 +0000" />
                    </attachments>
                <subtasks>
                    </subtasks>
                <customfields>
                                                                                                                                                                                                                                                                                                                                                                                                                                                                                                                                                                                                                                                                                                                    <customfield id="customfield_12314020" key="com.atlassian.jira.plugins.jira-development-integration-plugin:devsummary">
                        <customfieldname>Development</customfieldname>
                        <customfieldvalues>
                            
                        </customfieldvalues>
                    </customfield>
                                                                                                                        <customfield id="customfield_12313422" key="com.atlassian.jirafisheyeplugin:jobcheckbox">
                        <customfieldname>Enable Automatic Patch Review</customfieldname>
                        <customfieldvalues>
                            <customfieldvalue>false</customfieldvalue>

                        </customfieldvalues>
                    </customfield>
                                                                                                                                                                                                                                                                                                                                                                                                                                                                                                                                                                                                                                                <customfield id="customfield_12310420" key="com.pyxis.greenhopper.jira:gh-global-rank">
                        <customfieldname>Global Rank</customfieldname>
                        <customfieldvalues>
                            <customfieldvalue>9223372036854775807</customfieldvalue>
                        </customfieldvalues>
                    </customfield>
                                                                                                                                                                                                                                                                                                                                                                                                                                                                        <customfield id="customfield_12311820" key="com.pyxis.greenhopper.jira:gh-lexo-rank">
                        <customfieldname>Rank</customfieldname>
                        <customfieldvalues>
                            <customfieldvalue>0|z0ngdc:</customfieldvalue>

                        </customfieldvalues>
                    </customfield>
                                                                <customfield id="customfield_12310920" key="com.pyxis.greenhopper.jira:gh-global-rank">
                        <customfieldname>Rank (Obsolete)</customfieldname>
                        <customfieldvalues>
                            <customfieldvalue>9223372036854775807</customfieldvalue>
                        </customfieldvalues>
                    </customfield>
                                                                                                                                                                                                                                                                                                                                                                                                                                                                                                                                                                                                                                                                                                                                                                                            </customfields>
    </item>


</channel>
</rss>