<rss version="0.92">
    <channel>
        <title>ASF JIRA</title>
        <link>https://issues.apache.org/jira/issues/?jql=project+%3D+IMAGING+AND+type+%3D+bug+and+%28status+%3D+RESOLVED+or+status+%3D+closed%29</link>
        <description>An XML representation of a search request</description>
                <language>en-uk</language>
                        <issue start="0" end="140" total="140" />
                <build-info>
            <version>8.20.7</version>
            <build-number>820007</build-number>
            <build-date>16-03-2022</build-date>
        </build-info>

<item>
            <title>[IMAGING-256] ArrayIndexOutOfBounds exception in JpegXmpRewriter.updateXmpXml()</title>
                <link>https://issues.apache.org/jira/browse/IMAGING-256</link>
                <project id="12313421" key="IMAGING">Commons Imaging</project>
                    <description>&lt;p&gt;Got the attached image passed to me. It triggers the following exception:&lt;/p&gt;
&lt;div class="preformatted panel" style="border-width: 1px;"&gt;&lt;div class="preformattedContent panelContent"&gt;
&lt;pre&gt;java.lang.IndexOutOfBoundsException: Range [65535, 65535 + 65535) out of bounds for length 77353
 at java.base/jdk.internal.util.Preconditions.outOfBounds(Preconditions.java:64)
 at java.base/jdk.internal.util.Preconditions.outOfBoundsCheckFromIndexSize(Preconditions.java:82)
 at java.base/jdk.internal.util.Preconditions.checkFromIndexSize(Preconditions.java:343)
 at java.base/java.util.Objects.checkFromIndexSize(Objects.java:425)
 at java.base/java.io.ByteArrayOutputStream.write(ByteArrayOutputStream.java:129)
 at org.apache.commons.imaging.formats.jpeg.xmp.JpegXmpRewriter.writeXmpSegment(JpegXmpRewriter.java:200)
 at org.apache.commons.imaging.formats.jpeg.xmp.JpegXmpRewriter.updateXmpXml(JpegXmpRewriter.java:184)
 at org.apache.commons.imaging.formats.jpeg.xmp.JpegXmpRewriter.updateXmpXml(JpegXmpRewriter.java:124) &lt;/pre&gt;
&lt;/div&gt;&lt;/div&gt;</description>
                <environment />
        <key id="13298285">IMAGING-256</key>
            <summary>ArrayIndexOutOfBounds exception in JpegXmpRewriter.updateXmpXml()</summary>
                <type id="1" iconUrl="https://issues.apache.org/jira/secure/viewavatar?size=xsmall&amp;avatarId=21133&amp;avatarType=issuetype">Bug</type>
                                            <priority id="1" iconUrl="https://issues.apache.org/jira/images/icons/priorities/blocker.svg">Blocker</priority>
                        <status id="6" iconUrl="https://issues.apache.org/jira/images/icons/statuses/closed.png" description="The issue is considered finished, the resolution is correct. Issues which are not closed can be reopened.">Closed</status>
                    <statusCategory id="3" key="done" colorName="green" />
                                    <resolution id="5">Cannot Reproduce</resolution>
                                        <assignee username="kinow">Bruno P. Kinoshita</assignee>
                                    <reporter username="davidekholm">David Ekholm</reporter>
                        <labels>
                    </labels>
                <created>Tue, 14 Apr 2020 13:32:22 +0000</created>
                <updated>Thu, 19 May 2022 04:29:27 +0000</updated>
                            <resolved>Sat, 23 Oct 2021 08:39:08 +0000</resolved>
                                    <version>1.0-alpha1</version>
                                    <fixVersion>0.94-incubator</fixVersion>
                    <fixVersion>1.0</fixVersion>
                                    <component>imaging.common.*</component>
                        <due />
                            <votes>1</votes>
                                    <watches>3</watches>
                                    <timeoriginalestimate seconds="7200">2h</timeoriginalestimate>
                            <timeestimate seconds="7200">2h</timeestimate>
                                        <comments>
                            <comment id="17120016" author="kinow" created="Fri, 29 May 2020 23:22:52 +0000">&lt;p&gt;Hi &lt;a href="https://issues.apache.org/jira/secure/ViewProfile.jspa?name=davidekholm" class="user-hover" rel="davidekholm"&gt;davidekholm&lt;/a&gt;&lt;/p&gt;

&lt;p&gt;I couldn't reproduce the bug with the JpegXmpRewriter with some very simple XMP to rewrite.&lt;/p&gt;

&lt;p&gt;Could you provide a small code snippet to reproduce it, please?&lt;/p&gt;

&lt;p&gt;Thanks!&lt;/p&gt;

&lt;p&gt;Bruno&lt;/p&gt;</comment>
                            <comment id="17539245" author="kinow" created="Thu, 19 May 2022 04:29:27 +0000">&lt;p&gt;Apache Commons Imaging 1.0-alpha3 has been released.&lt;/p&gt;</comment>
                    </comments>
                    <attachments>
                            <attachment id="12999900" name="Overhead_16_reduced.jpg" size="936681" author="davidekholm" created="Tue, 14 Apr 2020 13:31:07 +0000" />
                    </attachments>
                <subtasks>
                    </subtasks>
                <customfields>
                                                                                                                                                                                                                                                                                                                                                                                                                                                                                                                                                                                                                                                                                                                    <customfield id="customfield_12314020" key="com.atlassian.jira.plugins.jira-development-integration-plugin:devsummary">
                        <customfieldname>Development</customfieldname>
                        <customfieldvalues>
                            
                        </customfieldvalues>
                    </customfield>
                                                                                                                        <customfield id="customfield_12313422" key="com.atlassian.jirafisheyeplugin:jobcheckbox">
                        <customfieldname>Enable Automatic Patch Review</customfieldname>
                        <customfieldvalues>
                            <customfieldvalue>false</customfieldvalue>

                        </customfieldvalues>
                    </customfield>
                                                                                                                                                                                                                                                                                                <customfield id="customfield_12311020" key="com.atlassian.jira.plugin.system.customfieldtypes:url">
                        <customfieldname>External issue URL</customfieldname>
                        <customfieldvalues>
                            <customfieldvalue>https://jalbum.net/forum/thread.jspa?messageID=339635#339635</customfieldvalue>

                        </customfieldvalues>
                    </customfield>
                                                                                                                        <customfield id="customfield_12310250" key="com.atlassian.jira.plugin.system.customfieldtypes:multicheckboxes">
                        <customfieldname>Flags</customfieldname>
                        <customfieldvalues>
                                <customfieldvalue key="10431">Important</customfieldvalue>
    
                        </customfieldvalues>
                    </customfield>
                                                                                                                                                                                                                                                                                                <customfield id="customfield_12310420" key="com.pyxis.greenhopper.jira:gh-global-rank">
                        <customfieldname>Global Rank</customfieldname>
                        <customfieldvalues>
                            <customfieldvalue>9223372036854775807</customfieldvalue>
                        </customfieldvalues>
                    </customfield>
                                                                                                                                                                                                                                                                                                                                                                                                                                                                        <customfield id="customfield_12311820" key="com.pyxis.greenhopper.jira:gh-lexo-rank">
                        <customfieldname>Rank</customfieldname>
                        <customfieldvalues>
                            <customfieldvalue>0|z0dm88:</customfieldvalue>

                        </customfieldvalues>
                    </customfield>
                                                                <customfield id="customfield_12310920" key="com.pyxis.greenhopper.jira:gh-global-rank">
                        <customfieldname>Rank (Obsolete)</customfieldname>
                        <customfieldvalues>
                            <customfieldvalue>9223372036854775807</customfieldvalue>
                        </customfieldvalues>
                    </customfield>
                                                                                                                                                                                                                                                                                                                                                                                                                                                                                                                                                                                                                                                                                                                                                                                            </customfields>
    </item>


</channel>
</rss>