<rss version="0.92">
    <channel>
        <title>ASF JIRA</title>
        <link>https://issues.apache.org/jira/issues/?jql=project+%3D+IMAGING+AND+type+%3D+bug+and+%28status+%3D+RESOLVED+or+status+%3D+closed%29</link>
        <description>An XML representation of a search request</description>
                <language>en-uk</language>
                        <issue start="0" end="140" total="140" />
                <build-info>
            <version>8.20.7</version>
            <build-number>820007</build-number>
            <build-date>16-03-2022</build-date>
        </build-info>

<item>
            <title>[IMAGING-34] Tiffreader fails if rows per strip and imageheight both are absent </title>
                <link>https://issues.apache.org/jira/browse/IMAGING-34</link>
                <project id="12313421" key="IMAGING">Commons Imaging</project>
                    <description>&lt;p&gt;If rowsperstrip is not present in Tiff files , we take imageHeight value as rows per strip value. Currently if imageheight is not present then Np occurs ,&lt;br/&gt;
Added some checks to safely run the process .&lt;/p&gt;</description>
                <environment />
        <key id="12551724">IMAGING-34</key>
            <summary>Tiffreader fails if rows per strip and imageheight both are absent </summary>
                <type id="1" iconUrl="https://issues.apache.org/jira/secure/viewavatar?size=xsmall&amp;avatarId=21133&amp;avatarType=issuetype">Bug</type>
                                            <priority id="4" iconUrl="https://issues.apache.org/jira/images/icons/priorities/minor.svg">Minor</priority>
                        <status id="6" iconUrl="https://issues.apache.org/jira/images/icons/statuses/closed.png" description="The issue is considered finished, the resolution is correct. Issues which are not closed can be reopened.">Closed</status>
                    <statusCategory id="3" key="done" colorName="green" />
                                    <resolution id="7">Later</resolution>
                                        <assignee username="-1">Unassigned</assignee>
                                    <reporter username="pkapoor">Piyush Kapoor</reporter>
                        <labels>
                    </labels>
                <created>Fri, 20 Apr 2012 05:30:40 +0000</created>
                <updated>Thu, 19 May 2022 04:29:27 +0000</updated>
                            <resolved>Sun, 22 Jul 2012 13:14:42 +0000</resolved>
                                                                        <due />
                            <votes>0</votes>
                                    <watches>1</watches>
                                                                <comments>
                            <comment id="13258809" author="damjan" created="Sat, 21 Apr 2012 08:22:39 +0000">&lt;p&gt;Please select "Grant licence to ASF..." when attaching the patch, otherwise we can't use it.&lt;/p&gt;</comment>
                            <comment id="13259386" author="pkapoor" created="Mon, 23 Apr 2012 05:16:30 +0000">&lt;p&gt;Granting license to ASF . &lt;/p&gt;</comment>
                            <comment id="13263500" author="damjan" created="Fri, 27 Apr 2012 08:07:55 +0000">&lt;p&gt;If the bad image is just a thumbnail, you can disable reading thumbnails by setting PARAM_KEY_READ_THUMBNAILS to false in the parameter map you pass in (it's true by default). If not, why is it being read when it has 0 rows?&lt;/p&gt;

&lt;p&gt;Do you have a file with this problem you can attach?&lt;/p&gt;</comment>
                            <comment id="13420167" author="damjan" created="Sun, 22 Jul 2012 13:14:42 +0000">&lt;p&gt;No response, probably not a problem, but deferring to after the 1.0 release anyway.&lt;/p&gt;</comment>
                            <comment id="17539239" author="kinow" created="Thu, 19 May 2022 04:29:27 +0000">&lt;p&gt;Apache Commons Imaging 1.0-alpha3 has been released.&lt;/p&gt;</comment>
                    </comments>
                    <attachments>
                            <attachment id="12523753" name="Tiffreader.patch" size="1161" author="pkapoor" created="Mon, 23 Apr 2012 05:16:30 +0000" />
                            <attachment id="12523751" name="Tiffreader.patch" size="1161" author="pkapoor" created="Mon, 23 Apr 2012 05:08:55 +0000" />
                            <attachment id="12523451" name="Tiffreader.patch" size="1161" author="pkapoor" created="Fri, 20 Apr 2012 05:32:26 +0000" />
                    </attachments>
                <subtasks>
                    </subtasks>
                <customfields>
                                                                                                                                                                                                                                                                                                                                                                                                                                                                                                                                                                                                                                                                                                                    <customfield id="customfield_12314020" key="com.atlassian.jira.plugins.jira-development-integration-plugin:devsummary">
                        <customfieldname>Development</customfieldname>
                        <customfieldvalues>
                            
                        </customfieldvalues>
                    </customfield>
                                                                                                                        <customfield id="customfield_12313422" key="com.atlassian.jirafisheyeplugin:jobcheckbox">
                        <customfieldname>Enable Automatic Patch Review</customfieldname>
                        <customfieldvalues>
                            <customfieldvalue>false</customfieldvalue>

                        </customfieldvalues>
                    </customfield>
                                                                                                                                                                                                                                                                                                                                                                                                                                                                                                                                                                                                                                                <customfield id="customfield_12310420" key="com.pyxis.greenhopper.jira:gh-global-rank">
                        <customfieldname>Global Rank</customfieldname>
                        <customfieldvalues>
                            <customfieldvalue>236531</customfieldvalue>
                        </customfieldvalues>
                    </customfield>
                                                                                                                                                                                                                                                                                                                                                                                                                                                                        <customfield id="customfield_12311820" key="com.pyxis.greenhopper.jira:gh-lexo-rank">
                        <customfieldname>Rank</customfieldname>
                        <customfieldvalues>
                            <customfieldvalue>0|i0wo07:</customfieldvalue>

                        </customfieldvalues>
                    </customfield>
                                                                <customfield id="customfield_12310920" key="com.pyxis.greenhopper.jira:gh-global-rank">
                        <customfieldname>Rank (Obsolete)</customfieldname>
                        <customfieldvalues>
                            <customfieldvalue>188694</customfieldvalue>
                        </customfieldvalues>
                    </customfield>
                                                                                                                                                                                                                                                                                                                                                                                                                                                                                                                                                                                                                                                                                                                                                                                            </customfields>
    </item>


</channel>
</rss>