<rss version="0.92">
    <channel>
        <title>ASF JIRA</title>
        <link>https://issues.apache.org/jira/issues/?jql=project+%3D+IMAGING+AND+type+%3D+bug+and+%28status+%3D+RESOLVED+or+status+%3D+closed%29</link>
        <description>An XML representation of a search request</description>
                <language>en-uk</language>
                        <issue start="0" end="140" total="140" />
                <build-info>
            <version>8.20.7</version>
            <build-number>820007</build-number>
            <build-date>16-03-2022</build-date>
        </build-info>

<item>
            <title>[IMAGING-274] Corrupted TIFF output</title>
                <link>https://issues.apache.org/jira/browse/IMAGING-274</link>
                <project id="12313421" key="IMAGING">Commons Imaging</project>
                    <description>&lt;p&gt;I'm attempting to update GPS data in JPEG and TIFF files. The following example results in corrupted TIFF files while working perfectly fine for JPEG:&lt;/p&gt;
&lt;div class="code panel" style="border-width: 1px;"&gt;&lt;div class="codeContent panelContent"&gt;
&lt;pre class="code-java"&gt;
		&lt;span class="code-keyword"&gt;try&lt;/span&gt; (BufferedOutputStream os = &lt;span class="code-keyword"&gt;new&lt;/span&gt; BufferedOutputStream(&lt;span class="code-keyword"&gt;new&lt;/span&gt; FileOutputStream(dst))) {
			&lt;span class="code-keyword"&gt;if&lt;/span&gt; (metadata &lt;span class="code-keyword"&gt;instanceof&lt;/span&gt; JpegImageMetadata) {
				&lt;span class="code-keyword"&gt;new&lt;/span&gt; ExifRewriter().updateExifMetadataLossless(imageFile, os, outputSet);
			} &lt;span class="code-keyword"&gt;else&lt;/span&gt; &lt;span class="code-keyword"&gt;if&lt;/span&gt; (metadata &lt;span class="code-keyword"&gt;instanceof&lt;/span&gt; TiffImageMetadata) {
				&lt;span class="code-keyword"&gt;new&lt;/span&gt; TiffImageWriterLossless(FileUtils.readFileToByteArray(imageFile)).write(os, outputSet);
			}
		}
&lt;/pre&gt;
&lt;/div&gt;&lt;/div&gt;
&lt;p&gt;I attached both the original and the updated (corrupted) TIFF file with GPS data. Some software (e.g. Windows Photos) is able to show the images with black stripes, other software (including javax.ImageIO) is unable to read them at all.&lt;/p&gt;

&lt;p&gt;And even though not exactly related to this issue: It would be really awesome to have a similar ExifRewriter function for TIFF files!&lt;/p&gt;</description>
                <environment />
        <key id="13348667">IMAGING-274</key>
            <summary>Corrupted TIFF output</summary>
                <type id="1" iconUrl="https://issues.apache.org/jira/secure/viewavatar?size=xsmall&amp;avatarId=21133&amp;avatarType=issuetype">Bug</type>
                                            <priority id="3" iconUrl="https://issues.apache.org/jira/images/icons/priorities/major.svg">Major</priority>
                        <status id="6" iconUrl="https://issues.apache.org/jira/images/icons/statuses/closed.png" description="The issue is considered finished, the resolution is correct. Issues which are not closed can be reopened.">Closed</status>
                    <statusCategory id="3" key="done" colorName="green" />
                                    <resolution id="10004">Not A Bug</resolution>
                                        <assignee username="-1">Unassigned</assignee>
                                    <reporter username="Bjoeni">Bjoeni</reporter>
                        <labels>
                    </labels>
                <created>Fri, 1 Jan 2021 13:40:01 +0000</created>
                <updated>Sat, 2 Jan 2021 13:28:40 +0000</updated>
                            <resolved>Sat, 2 Jan 2021 13:28:40 +0000</resolved>
                                    <version>1.0-alpha1</version>
                    <version>1.0-alpha2</version>
                                                    <component>Format: TIFF</component>
                        <due />
                            <votes>0</votes>
                                    <watches>1</watches>
                                                                <comments>
                            <comment id="17257368" author="bjoeni" created="Sat, 2 Jan 2021 13:28:40 +0000">&lt;p&gt;Sorry, I didn't properly read the documentation. I passed the file bytes as exif bytes which obviously doesn't work. I'm using the lossy TIFF writer for now.&lt;/p&gt;

&lt;div class="code panel" style="border-width: 1px;"&gt;&lt;div class="codeContent panelContent"&gt;
&lt;pre class="code-java"&gt;
&lt;span class="code-keyword"&gt;new&lt;/span&gt; TiffImageWriterLossy().write(os, outputSet);
&lt;/pre&gt;
&lt;/div&gt;&lt;/div&gt;</comment>
                    </comments>
                    <attachments>
                            <attachment id="13018012" name="20171029_171217 - 20171029_171223-gps-corrupted.tif" size="44703820" author="Bjoeni" created="Fri, 1 Jan 2021 13:36:52 +0000" />
                            <attachment id="13018011" name="20171029_171217 - 20171029_171223-original.tif" size="44703614" author="Bjoeni" created="Fri, 1 Jan 2021 13:37:11 +0000" />
                    </attachments>
                <subtasks>
                    </subtasks>
                <customfields>
                                                                                                                                                                                                                                                                                                                                                                                                                                                                                                                                                                                                                                                                                                                    <customfield id="customfield_12314020" key="com.atlassian.jira.plugins.jira-development-integration-plugin:devsummary">
                        <customfieldname>Development</customfieldname>
                        <customfieldvalues>
                            
                        </customfieldvalues>
                    </customfield>
                                                                                                                        <customfield id="customfield_12313422" key="com.atlassian.jirafisheyeplugin:jobcheckbox">
                        <customfieldname>Enable Automatic Patch Review</customfieldname>
                        <customfieldvalues>
                            <customfieldvalue>false</customfieldvalue>

                        </customfieldvalues>
                    </customfield>
                                                                                                                                                                                                                                                                                                                                                                                                                                                                                                                                                                                                                                                <customfield id="customfield_12310420" key="com.pyxis.greenhopper.jira:gh-global-rank">
                        <customfieldname>Global Rank</customfieldname>
                        <customfieldvalues>
                            <customfieldvalue>9223372036854775807</customfieldvalue>
                        </customfieldvalues>
                    </customfield>
                                                                                                                                                                                                                                                                                                                                                                                                                                                                        <customfield id="customfield_12311820" key="com.pyxis.greenhopper.jira:gh-lexo-rank">
                        <customfieldname>Rank</customfieldname>
                        <customfieldvalues>
                            <customfieldvalue>0|z0lyu0:</customfieldvalue>

                        </customfieldvalues>
                    </customfield>
                                                                <customfield id="customfield_12310920" key="com.pyxis.greenhopper.jira:gh-global-rank">
                        <customfieldname>Rank (Obsolete)</customfieldname>
                        <customfieldvalues>
                            <customfieldvalue>9223372036854775807</customfieldvalue>
                        </customfieldvalues>
                    </customfield>
                                                                                                                                                                                                                                                                                                                                                                                                                                                                                                                                                                                                                                                                                                                                                                                            </customfields>
    </item>


</channel>
</rss>