<rss version="0.92">
    <channel>
        <title>ASF JIRA</title>
        <link>https://issues.apache.org/jira/issues/?jql=project+%3D+IMAGING+AND+type+%3D+bug+and+%28status+%3D+RESOLVED+or+status+%3D+closed%29</link>
        <description>An XML representation of a search request</description>
                <language>en-uk</language>
                        <issue start="0" end="140" total="140" />
                <build-info>
            <version>8.20.7</version>
            <build-number>820007</build-number>
            <build-date>16-03-2022</build-date>
        </build-info>

<item>
            <title>[IMAGING-220] JpegDecoder takes a long time (+10s) to decode a bad JPEG</title>
                <link>https://issues.apache.org/jira/browse/IMAGING-220</link>
                <project id="12313421" key="IMAGING">Commons Imaging</project>
                    <description>&lt;p&gt;Debugging the code I suspected there was something weird, as it would stay a long time in the while look as a += operation had no effect. Then looked up for the extend and section number.&lt;/p&gt;

&lt;p&gt;The extend method in the JpegDecoder is using a while instead of an if. If you look at the specification, it is not clear whether it is an if or while, but it looks to me like it is a simple if condition.&lt;/p&gt;

&lt;p&gt;Furthermore, if you look at the following examples, it is possible to confirm others implemented the bit extension method with a simple if.&lt;/p&gt;
&lt;ul&gt;
	&lt;li&gt;&lt;a href="https://github.com/libjpeg-turbo/libjpeg-turbo/blob/9bc8eb6449a32f452ab3fc9f94af672a0af13f81/jdphuff.c#L204" class="external-link" target="_blank" rel="nofollow noopener"&gt;https://github.com/libjpeg-turbo/libjpeg-turbo/blob/9bc8eb6449a32f452ab3fc9f94af672a0af13f81/jdphuff.c#L204&lt;/a&gt;&lt;/li&gt;
	&lt;li&gt;&lt;a href="https://github.com/lifthrasiir/rust-image/blob/ee0e7064d96a1015650481b7046420e6238cf53d/src/jpeg/decoder.rs#L681" class="external-link" target="_blank" rel="nofollow noopener"&gt;https://github.com/lifthrasiir/rust-image/blob/ee0e7064d96a1015650481b7046420e6238cf53d/src/jpeg/decoder.rs#L681&lt;/a&gt;&lt;/li&gt;
&lt;/ul&gt;


&lt;p&gt;This does not occur in Sanselan as there is JpegDecoder and no extend method as well. Attaching example file that takes over 10 seconds to be processed (up to the point where the decoder throws an exception actually).&lt;/p&gt;</description>
                <environment />
        <key id="13207227">IMAGING-220</key>
            <summary>JpegDecoder takes a long time (+10s) to decode a bad JPEG</summary>
                <type id="1" iconUrl="https://issues.apache.org/jira/secure/viewavatar?size=xsmall&amp;avatarId=21133&amp;avatarType=issuetype">Bug</type>
                                            <priority id="3" iconUrl="https://issues.apache.org/jira/images/icons/priorities/major.svg">Major</priority>
                        <status id="6" iconUrl="https://issues.apache.org/jira/images/icons/statuses/closed.png" description="The issue is considered finished, the resolution is correct. Issues which are not closed can be reopened.">Closed</status>
                    <statusCategory id="3" key="done" colorName="green" />
                                    <resolution id="1">Fixed</resolution>
                                        <assignee username="kinow">Bruno P. Kinoshita</assignee>
                                    <reporter username="kinow">Bruno P. Kinoshita</reporter>
                        <labels>
                    </labels>
                <created>Wed, 2 Jan 2019 07:59:31 +0000</created>
                <updated>Fri, 7 Aug 2020 04:32:06 +0000</updated>
                            <resolved>Tue, 8 Jan 2019 07:08:05 +0000</resolved>
                                                    <fixVersion>1.0-alpha1</fixVersion>
                                        <due />
                            <votes>0</votes>
                                    <watches>1</watches>
                                            <timeestimate seconds="0">0h</timeestimate>
                            <timespent seconds="1800">0.5h</timespent>
                                <comments>
                            <comment id="17172846" author="kinow" created="Fri, 7 Aug 2020 04:32:06 +0000">&lt;p&gt;Apache Commons Imaging 1.0-alpha1 released (long ago, just closing the remaining issues marked as Resolved)&lt;/p&gt;</comment>
                    </comments>
                    <attachments>
                            <attachment id="12953485" name="Screenshot from 2019-01-02 21-02-41.png" size="77845" author="kinow" created="Wed, 2 Jan 2019 08:03:00 +0000" />
                            <attachment id="12953484" name="timeout-48eb4251935b4ca8b26d1859ea525c1b42ae0c78" size="932" author="kinow" created="Wed, 2 Jan 2019 07:59:48 +0000" />
                    </attachments>
                <subtasks>
                    </subtasks>
                <customfields>
                                                                                                                                                                                                                                                                                                                                                                                                                                                                                                                                                                                                                                                                                                                    <customfield id="customfield_12314020" key="com.atlassian.jira.plugins.jira-development-integration-plugin:devsummary">
                        <customfieldname>Development</customfieldname>
                        <customfieldvalues>
                            
                        </customfieldvalues>
                    </customfield>
                                                                                                                        <customfield id="customfield_12313422" key="com.atlassian.jirafisheyeplugin:jobcheckbox">
                        <customfieldname>Enable Automatic Patch Review</customfieldname>
                        <customfieldvalues>
                            <customfieldvalue>false</customfieldvalue>

                        </customfieldvalues>
                    </customfield>
                                                                                                                                                                                                                                                                                                                                                                                    <customfield id="customfield_12310250" key="com.atlassian.jira.plugin.system.customfieldtypes:multicheckboxes">
                        <customfieldname>Flags</customfieldname>
                        <customfieldvalues>
                                <customfieldvalue key="10430">Patch</customfieldvalue>
    
                        </customfieldvalues>
                    </customfield>
                                                                                                                                                                                                                                                                                                <customfield id="customfield_12310420" key="com.pyxis.greenhopper.jira:gh-global-rank">
                        <customfieldname>Global Rank</customfieldname>
                        <customfieldvalues>
                            <customfieldvalue>9223372036854775807</customfieldvalue>
                        </customfieldvalues>
                    </customfield>
                                                                                                                                                                                                                                                                                                                                                                                                                                                                        <customfield id="customfield_12311820" key="com.pyxis.greenhopper.jira:gh-lexo-rank">
                        <customfieldname>Rank</customfieldname>
                        <customfieldvalues>
                            <customfieldvalue>0|u00fww:</customfieldvalue>

                        </customfieldvalues>
                    </customfield>
                                                                <customfield id="customfield_12310920" key="com.pyxis.greenhopper.jira:gh-global-rank">
                        <customfieldname>Rank (Obsolete)</customfieldname>
                        <customfieldvalues>
                            <customfieldvalue>9223372036854775807</customfieldvalue>
                        </customfieldvalues>
                    </customfield>
                                                                                                                                                                                                                                                                                                                                                                                                                                                                                                                                                                                                                                                                                                                                                                                            </customfields>
    </item>


</channel>
</rss>