<rss version="0.92">
    <channel>
        <title>ASF JIRA</title>
        <link>https://issues.apache.org/jira/issues/?jql=project+%3D+IMAGING+AND+type+%3D+bug+and+%28status+%3D+RESOLVED+or+status+%3D+closed%29</link>
        <description>An XML representation of a search request</description>
                <language>en-uk</language>
                        <issue start="0" end="140" total="140" />
                <build-info>
            <version>8.20.7</version>
            <build-number>820007</build-number>
            <build-date>16-03-2022</build-date>
        </build-info>

<item>
            <title>[IMAGING-232] Close resources in XpmImageParser.java</title>
                <link>https://issues.apache.org/jira/browse/IMAGING-232</link>
                <project id="12313421" key="IMAGING">Commons Imaging</project>
                    <description>&lt;p&gt;We use Veracode as the security tool to scan vulnerabilities in our organization. Veracode&#160; raised an issue with improper closing of the buffered reader. The class is&#160;XpmImageParser.java. The line number is 86. This refers to the buffered reader. Can you please close this resource ?&lt;/p&gt;
&lt;h1&gt;&lt;a name="%C2%A0"&gt;&lt;/a&gt;&#160;&lt;/h1&gt;</description>
                <environment />
        <key id="13244359">IMAGING-232</key>
            <summary>Close resources in XpmImageParser.java</summary>
                <type id="1" iconUrl="https://issues.apache.org/jira/secure/viewavatar?size=xsmall&amp;avatarId=21133&amp;avatarType=issuetype">Bug</type>
                                            <priority id="4" iconUrl="https://issues.apache.org/jira/images/icons/priorities/minor.svg">Minor</priority>
                        <status id="6" iconUrl="https://issues.apache.org/jira/images/icons/statuses/closed.png" description="The issue is considered finished, the resolution is correct. Issues which are not closed can be reopened.">Closed</status>
                    <statusCategory id="3" key="done" colorName="green" />
                                    <resolution id="8">Not A Problem</resolution>
                                        <assignee username="-1">Unassigned</assignee>
                                    <reporter username="gopal008">Gopal Rao</reporter>
                        <labels>
                    </labels>
                <created>Thu, 11 Jul 2019 14:24:13 +0000</created>
                <updated>Thu, 18 Jul 2019 06:15:31 +0000</updated>
                            <resolved>Thu, 18 Jul 2019 06:15:31 +0000</resolved>
                                    <version>1.0-alpha1</version>
                                                    <component>imaging.common.*</component>
                        <due />
                            <votes>0</votes>
                                    <watches>2</watches>
                                                                <comments>
                            <comment id="16887663" author="kinow" created="Thu, 18 Jul 2019 06:14:34 +0000">&lt;p&gt;Hi &lt;a href="https://issues.apache.org/jira/secure/ViewProfile.jspa?name=gopal008" class="user-hover" rel="gopal008"&gt;gopal008&lt;/a&gt;, unfortunately I am not able to reproduce this.&lt;/p&gt;

&lt;p&gt;You created this issue 6 days ago. The last modification in XpmImageParser is from May 16th this year.&lt;/p&gt;

&lt;p&gt;And the line 86 you mentioned appears to be something else: &lt;a href="https://github.com/apache/commons-imaging/blob/e6893414a699a5f2480f2d18dc9bc9e21a0cf15d/src/main/java/org/apache/commons/imaging/formats/xpm/XpmImageParser.java#L86" class="external-link" target="_blank" rel="nofollow noopener"&gt;https://github.com/apache/commons-imaging/blob/e6893414a699a5f2480f2d18dc9bc9e21a0cf15d/src/main/java/org/apache/commons/imaging/formats/xpm/XpmImageParser.java#L86&lt;/a&gt;&lt;/p&gt;

&lt;p&gt;That change to use try-with-resources on all the streams was introduced in 2016: &lt;a href="https://github.com/apache/commons-imaging/commit/114cd8507f6bcc26d4b56bd53c88cd17ee31afbf#diff-f295ab2d366c58ffead715f1e97911da" class="external-link" target="_blank" rel="nofollow noopener"&gt;https://github.com/apache/commons-imaging/commit/114cd8507f6bcc26d4b56bd53c88cd17ee31afbf#diff-f295ab2d366c58ffead715f1e97911da&lt;/a&gt;&lt;/p&gt;

&lt;p&gt;So I suspect you used an invalid version with your scanner.&lt;/p&gt;

&lt;p&gt;Feel free to re-open in case this issue persists and you are able to point what version on master or on the last release tag has the issue.&lt;/p&gt;

&lt;p&gt;Bruno&lt;/p&gt;

&lt;p&gt;&#160;&lt;/p&gt;</comment>
                    </comments>
                    <attachments>
                    </attachments>
                <subtasks>
                    </subtasks>
                <customfields>
                                                                                                                                                                                                                                                                                                                                                                                                                                                                                                                                                                                                                                                                                                                    <customfield id="customfield_12314020" key="com.atlassian.jira.plugins.jira-development-integration-plugin:devsummary">
                        <customfieldname>Development</customfieldname>
                        <customfieldvalues>
                            
                        </customfieldvalues>
                    </customfield>
                                                                                                                        <customfield id="customfield_12313422" key="com.atlassian.jirafisheyeplugin:jobcheckbox">
                        <customfieldname>Enable Automatic Patch Review</customfieldname>
                        <customfieldvalues>
                            <customfieldvalue>false</customfieldvalue>

                        </customfieldvalues>
                    </customfield>
                                                                                                                                                                                                                                                                                                                                                                                                                                                                                                                                                                                                                                                <customfield id="customfield_12310420" key="com.pyxis.greenhopper.jira:gh-global-rank">
                        <customfieldname>Global Rank</customfieldname>
                        <customfieldvalues>
                            <customfieldvalue>9223372036854775807</customfieldvalue>
                        </customfieldvalues>
                    </customfield>
                                                                                                                                                                                                                                                                                                                                                                                                                                                                        <customfield id="customfield_12311820" key="com.pyxis.greenhopper.jira:gh-lexo-rank">
                        <customfieldname>Rank</customfieldname>
                        <customfieldvalues>
                            <customfieldvalue>0|z04kn4:</customfieldvalue>

                        </customfieldvalues>
                    </customfield>
                                                                <customfield id="customfield_12310920" key="com.pyxis.greenhopper.jira:gh-global-rank">
                        <customfieldname>Rank (Obsolete)</customfieldname>
                        <customfieldvalues>
                            <customfieldvalue>9223372036854775807</customfieldvalue>
                        </customfieldvalues>
                    </customfield>
                                                                                                                                                                                                                                                                                                                                                                                                                                                                                                                                                                                                                                                                                                                                                                                            </customfields>
    </item>


</channel>
</rss>