<rss version="0.92">
    <channel>
        <title>ASF JIRA</title>
        <link>https://issues.apache.org/jira/issues/?jql=project+%3D+IMAGING+AND+type+%3D+bug+and+%28status+%3D+RESOLVED+or+status+%3D+closed%29</link>
        <description>An XML representation of a search request</description>
                <language>en-uk</language>
                        <issue start="0" end="140" total="140" />
                <build-info>
            <version>8.20.7</version>
            <build-number>820007</build-number>
            <build-date>16-03-2022</build-date>
        </build-info>

<item>
            <title>[IMAGING-6] Incorrect reading TIFF file</title>
                <link>https://issues.apache.org/jira/browse/IMAGING-6</link>
                <project id="12313421" key="IMAGING">Commons Imaging</project>
                    <description>&lt;p&gt;I found 2 bugs.&lt;/p&gt;

&lt;p&gt;I have tif file in.tif.&lt;/p&gt;

&lt;p&gt;1. After convert it to png (bmp, tga, etc) by Sanselan it getting horizontal lines.&lt;/p&gt;
&lt;div class="code panel" style="border-width: 1px;"&gt;&lt;div class="codeContent panelContent"&gt;
&lt;pre class="code-java"&gt;Sanselan.writeImage(Sanselan.getBufferedImage(&lt;span class="code-keyword"&gt;new&lt;/span&gt; File(&lt;span class="code-quote"&gt;"in.tif"&lt;/span&gt;)), &lt;span class="code-keyword"&gt;new&lt;/span&gt; File(&lt;span class="code-quote"&gt;"out-tif.png"&lt;/span&gt;), ImageFormat.IMAGE_FORMAT_PNG, &lt;span class="code-keyword"&gt;null&lt;/span&gt;);
&lt;/pre&gt;
&lt;/div&gt;&lt;/div&gt;

&lt;p&gt;gwenview, eog, kolourpaint, gimp, etc show in.tif without lines and out.png with lines.&lt;br/&gt;
For example 1st line at ~860 points from top and in full width of picture.&lt;/p&gt;

&lt;p&gt;2. After convert it to png by convert utility from ImageMagic, and then convert it to png (bmp, tga, etc) by Sanselan it became "gray" - all white pixels become gray.&lt;/p&gt;
&lt;div class="code panel" style="border-width: 1px;"&gt;&lt;div class="codeContent panelContent"&gt;
&lt;pre class="code-java"&gt;$ convert in.tif in.png&lt;/pre&gt;
&lt;/div&gt;&lt;/div&gt;
&lt;div class="code panel" style="border-width: 1px;"&gt;&lt;div class="codeContent panelContent"&gt;
&lt;pre class="code-java"&gt;Sanselan.writeImage(Sanselan.getBufferedImage(&lt;span class="code-keyword"&gt;new&lt;/span&gt; File(&lt;span class="code-quote"&gt;"in.png"&lt;/span&gt;)), &lt;span class="code-keyword"&gt;new&lt;/span&gt; File(&lt;span class="code-quote"&gt;"out-png-IM.png"&lt;/span&gt;), ImageFormat.IMAGE_FORMAT_PNG, &lt;span class="code-keyword"&gt;null&lt;/span&gt;);
&lt;/pre&gt;
&lt;/div&gt;&lt;/div&gt;

&lt;p&gt;gwenview, eog, kolourpaint, gimp, etc show in.png as black and white, but out-png-IM.png as black and gray.&lt;/p&gt;


&lt;p&gt;I'll attach all 4 files.&lt;/p&gt;</description>
                <environment />
        <key id="12550257">IMAGING-6</key>
            <summary>Incorrect reading TIFF file</summary>
                <type id="1" iconUrl="https://issues.apache.org/jira/secure/viewavatar?size=xsmall&amp;avatarId=21133&amp;avatarType=issuetype">Bug</type>
                                            <priority id="3" iconUrl="https://issues.apache.org/jira/images/icons/priorities/major.svg">Major</priority>
                        <status id="6" iconUrl="https://issues.apache.org/jira/images/icons/statuses/closed.png" description="The issue is considered finished, the resolution is correct. Issues which are not closed can be reopened.">Closed</status>
                    <statusCategory id="3" key="done" colorName="green" />
                                    <resolution id="1">Fixed</resolution>
                                        <assignee username="-1">Unassigned</assignee>
                                    <reporter username="vvd">VVD</reporter>
                        <labels>
                    </labels>
                <created>Mon, 9 Apr 2012 19:33:01 +0000</created>
                <updated>Fri, 3 May 2019 08:39:28 +0000</updated>
                            <resolved>Fri, 13 Apr 2012 19:43:51 +0000</resolved>
                                    <version>1.x</version>
                                    <fixVersion>1.0-alpha1</fixVersion>
                                    <component>Format: PNG</component>
                    <component>Format: TIFF</component>
                        <due />
                            <votes>0</votes>
                                    <watches>0</watches>
                                                                <comments>
                            <comment id="13250099" author="vvd" created="Mon, 9 Apr 2012 19:34:37 +0000">&lt;p&gt;Files from description of this issue.&lt;/p&gt;</comment>
                            <comment id="13252201" author="damjan" created="Thu, 12 Apr 2012 04:55:47 +0000">&lt;p&gt;TIFF fields as seen by Sanselan:&lt;/p&gt;

&lt;p&gt;	Root:  (tiffImageData)&lt;br/&gt;
		New Subfile Type: 0&lt;br/&gt;
		Image Width: 2481&lt;br/&gt;
		Image Length: 3509&lt;br/&gt;
		Bits Per Sample: 1&lt;br/&gt;
		Compression: 5&lt;br/&gt;
		Photometric Interpretation: 0&lt;br/&gt;
		Preview Image Start: 26402, 38118, 64494, 83426, 91444&lt;br/&gt;
		Orientation: 1&lt;br/&gt;
		Samples Per Pixel: 1&lt;br/&gt;
		Rows Per Strip: 842&lt;br/&gt;
		Preview Image Length: 11715, 26375, 18932, 8017, 2434&lt;br/&gt;
		XResolution: 1181102/10000 (118.11)&lt;br/&gt;
		YResolution: 1181102/10000 (118.11)&lt;br/&gt;
		Resolution Unit: 3&lt;br/&gt;
		Software: 'Adobe Photoshop CS3 Windows'&lt;br/&gt;
		Date Time: '2011:04:12 17:12:48'&lt;br/&gt;
		XMP: 60, 63, 120, 112, 97, 99, 107, 101, 116, 32, 98, 101, 103, 105, 110, 61, 34, -17, -69, -65, 34, 32, 105, 100, 61, 34, 87, 53, 77, 48, 77, 112, 67, 101, 104, 105, 72, 122, 114, 101, 83, 122, 78, 84, 99, 122, 107, 99, 57, 100, 34... (14990)&lt;br/&gt;
		Photoshop Settings: 56, 66, 73, 77, 4, 37, 0, 0, 0, 0, 0, 16, 0, 0, 0, 0, 0, 0, 0, 0, 0, 0, 0, 0, 0, 0, 0, 0, 56, 66, 73, 77, 4, 47, 0, 0, 0, 0, 0, 74, 2, 0, 1, 0, 72, 0, 0, 0, 72, 0, 0... (11066)&lt;br/&gt;
		Exif Offset: 93880&lt;/p&gt;

&lt;p&gt;	Exif: &lt;br/&gt;
		Color Space: -1&lt;br/&gt;
		Exif Image Width: 2481&lt;br/&gt;
		Exif Image Length: 3509&lt;/p&gt;

&lt;p&gt;Summary:&lt;br/&gt;
BitsPerSample=1 and SamplesPerPixel=1 so it's black and white.&lt;br/&gt;
Compression=5 (LZW). This is unsupported by baseline TIFF, but Sanselan should support it.&lt;br/&gt;
PhotometricInterpretation=0 (White is zero).&lt;br/&gt;
RowsPerStrip=842, which is exactly where the black lines appear.&lt;/p&gt;

&lt;p&gt;Now what's causing the black lines, broken LZW decompression or the tiling of the decompressed strips?&lt;/p&gt;</comment>
                            <comment id="13252662" author="damjan" created="Thu, 12 Apr 2012 17:55:48 +0000">&lt;p&gt;Looks like LZW decompression: the strips coming out of the decompressor have a black line at the bottom.&lt;/p&gt;</comment>
                            <comment id="13253524" author="damjan" created="Fri, 13 Apr 2012 16:41:03 +0000">&lt;p&gt;It wasn't LZW compression, but calculation of the expected size for decompressed data.&lt;br/&gt;
Fixed by commit 1325834 in the latest SVN.&lt;/p&gt;

&lt;p&gt;The grey background is still a problem.&lt;/p&gt;</comment>
                            <comment id="13253684" author="damjan" created="Fri, 13 Apr 2012 19:43:51 +0000">&lt;p&gt;The problem with the grey background was that Sanselan was using the worst possible algorithm described in Section 9.1 of the PNG spec. I've changed it to use the best one as of commit 1325915.&lt;/p&gt;

&lt;p&gt;Both issues are now gone -&amp;gt; resolving fixed.&lt;/p&gt;</comment>
                            <comment id="13254446" author="vvd" created="Sun, 15 Apr 2012 22:46:27 +0000">&lt;p&gt;Tested - both fixed now!&lt;/p&gt;

&lt;p&gt;Thanks!&lt;/p&gt;</comment>
                    </comments>
                    <attachments>
                            <attachment id="12521997" name="in.png" size="45840" author="vvd" created="Mon, 9 Apr 2012 19:34:37 +0000" />
                            <attachment id="12521998" name="in.tif" size="93924" author="vvd" created="Mon, 9 Apr 2012 19:34:37 +0000" />
                            <attachment id="12521999" name="out-png-IM.png" size="98908" author="vvd" created="Mon, 9 Apr 2012 19:34:37 +0000" />
                            <attachment id="12522000" name="out-tif.png" size="90328" author="vvd" created="Mon, 9 Apr 2012 19:34:37 +0000" />
                    </attachments>
                <subtasks>
                    </subtasks>
                <customfields>
                                                                                                                                                                                                                                                                                                                                                                                                                                                                                                                                                                                                                                                                                                                    <customfield id="customfield_12314020" key="com.atlassian.jira.plugins.jira-development-integration-plugin:devsummary">
                        <customfieldname>Development</customfieldname>
                        <customfieldvalues>
                            
                        </customfieldvalues>
                    </customfield>
                                                                                                                        <customfield id="customfield_12313422" key="com.atlassian.jirafisheyeplugin:jobcheckbox">
                        <customfieldname>Enable Automatic Patch Review</customfieldname>
                        <customfieldvalues>
                            <customfieldvalue>false</customfieldvalue>

                        </customfieldvalues>
                    </customfield>
                                                                                                                                                                                                                                                                                                                                                                                                                                                                                                                                                                                                                                                <customfield id="customfield_12310420" key="com.pyxis.greenhopper.jira:gh-global-rank">
                        <customfieldname>Global Rank</customfieldname>
                        <customfieldvalues>
                            <customfieldvalue>235122</customfieldvalue>
                        </customfieldvalues>
                    </customfield>
                                                                                                                                                                                                                                                                                                                                                                                                                                                                        <customfield id="customfield_12311820" key="com.pyxis.greenhopper.jira:gh-lexo-rank">
                        <customfieldname>Rank</customfieldname>
                        <customfieldvalues>
                            <customfieldvalue>0|i0wmnb:</customfieldvalue>

                        </customfieldvalues>
                    </customfield>
                                                                <customfield id="customfield_12310920" key="com.pyxis.greenhopper.jira:gh-global-rank">
                        <customfieldname>Rank (Obsolete)</customfieldname>
                        <customfieldvalues>
                            <customfieldvalue>188474</customfieldvalue>
                        </customfieldvalues>
                    </customfield>
                                                                                                                                                                                                                                                                                                                                                                                                                                                                                                                                                                                                                                                                                                                                                                                            </customfields>
    </item>


</channel>
</rss>