<rss version="0.92">
    <channel>
        <title>ASF JIRA</title>
        <link>https://issues.apache.org/jira/issues/?jql=project+%3D+IMAGING+AND+type+%3D+bug+and+%28status+%3D+RESOLVED+or+status+%3D+closed%29</link>
        <description>An XML representation of a search request</description>
                <language>en-uk</language>
                        <issue start="0" end="140" total="140" />
                <build-info>
            <version>8.20.7</version>
            <build-number>820007</build-number>
            <build-date>16-03-2022</build-date>
        </build-info>

<item>
            <title>[IMAGING-217] ImageMetadata NULL returned from Imaging.getMetadata() for JPEG</title>
                <link>https://issues.apache.org/jira/browse/IMAGING-217</link>
                <project id="12313421" key="IMAGING">Commons Imaging</project>
                    <description>&lt;p&gt;The Imaging.getMetadata() API is failing for JPEG Image File (Attached)&#160;-&lt;/p&gt;

&lt;p&gt;The same file ImageInfo is geting pulled via Imaging.getImageInfo()&lt;/p&gt;
&lt;div class="code panel" style="border-width: 1px;"&gt;&lt;div class="codeContent panelContent"&gt;
&lt;pre class="code-java"&gt;
File imageFile = &lt;span class="code-keyword"&gt;new&lt;/span&gt; File(&lt;span class="code-quote"&gt;"D:\\sample_files\\P1002265.jpg"&lt;/span&gt;);
ImageInfo imageInfo = Imaging.getImageInfo(imageFile);
&lt;span class="code-object"&gt;System&lt;/span&gt;.out.println(imageInfo);
ImageMetadata imageMetadata = Imaging.getMetadata(imageFile);
&lt;span class="code-object"&gt;System&lt;/span&gt;.out.println(imageMetadata);
&lt;/pre&gt;
&lt;/div&gt;&lt;/div&gt;</description>
                <environment />
        <key id="13164171">IMAGING-217</key>
            <summary>ImageMetadata NULL returned from Imaging.getMetadata() for JPEG</summary>
                <type id="1" iconUrl="https://issues.apache.org/jira/secure/viewavatar?size=xsmall&amp;avatarId=21133&amp;avatarType=issuetype">Bug</type>
                                            <priority id="1" iconUrl="https://issues.apache.org/jira/images/icons/priorities/blocker.svg">Blocker</priority>
                        <status id="6" iconUrl="https://issues.apache.org/jira/images/icons/statuses/closed.png" description="The issue is considered finished, the resolution is correct. Issues which are not closed can be reopened.">Closed</status>
                    <statusCategory id="3" key="done" colorName="green" />
                                    <resolution id="10004">Not A Bug</resolution>
                                        <assignee username="kinow">Bruno P. Kinoshita</assignee>
                                    <reporter username="ritsri18@gmail.com">Ritesh Srivastava</reporter>
                        <labels>
                    </labels>
                <created>Tue, 5 Jun 2018 12:42:51 +0000</created>
                <updated>Thu, 19 May 2022 04:29:28 +0000</updated>
                            <resolved>Fri, 25 Oct 2019 08:31:23 +0000</resolved>
                                    <version>1.0-alpha1</version>
                                                    <component>Format: JPEG</component>
                        <due />
                            <votes>0</votes>
                                    <watches>2</watches>
                                                                <comments>
                            <comment id="16504385" author="kinow" created="Thu, 7 Jun 2018 08:08:18 +0000">&lt;div class="preformatted panel" style="border-width: 1px;"&gt;&lt;div class="preformattedContent panelContent"&gt;
&lt;pre&gt;$ exiftool -api validate=2 P1002265.JPG
ExifTool Version Number&#160;&#160;&#160;&#160;&#160;&#160;&#160;&#160; : 10.10
File Name&#160;&#160;&#160;&#160;&#160;&#160;&#160;&#160;&#160;&#160;&#160;&#160;&#160;&#160;&#160;&#160;&#160;&#160;&#160;&#160;&#160;&#160; : P1002265.JPG
Directory&#160;&#160;&#160;&#160;&#160;&#160;&#160;&#160;&#160;&#160;&#160;&#160;&#160;&#160;&#160;&#160;&#160;&#160;&#160;&#160;&#160;&#160; : .
File Size&#160;&#160;&#160;&#160;&#160;&#160;&#160;&#160;&#160;&#160;&#160;&#160;&#160;&#160;&#160;&#160;&#160;&#160;&#160;&#160;&#160;&#160; : 6.0 MB
File Modification Date/Time&#160;&#160;&#160;&#160; : 2018:06:07 20:06:16+12:00
File Access Date/Time&#160;&#160;&#160;&#160;&#160;&#160;&#160;&#160;&#160;&#160; : 2018:06:07 20:06:59+12:00
File Inode Change Date/Time&#160;&#160;&#160;&#160; : 2018:06:07 20:06:16+12:00
File Permissions&#160;&#160;&#160;&#160;&#160;&#160;&#160;&#160;&#160;&#160;&#160;&#160;&#160;&#160;&#160; : rw-rw-r--
File Type&#160;&#160;&#160;&#160;&#160;&#160;&#160;&#160;&#160;&#160;&#160;&#160;&#160;&#160;&#160;&#160;&#160;&#160;&#160;&#160;&#160;&#160; : JPEG
File Type Extension&#160;&#160;&#160;&#160;&#160;&#160;&#160;&#160;&#160;&#160;&#160;&#160; : jpg
MIME Type&#160;&#160;&#160;&#160;&#160;&#160;&#160;&#160;&#160;&#160;&#160;&#160;&#160;&#160;&#160;&#160;&#160;&#160;&#160;&#160;&#160;&#160; : image/jpeg
Image Width&#160;&#160;&#160;&#160;&#160;&#160;&#160;&#160;&#160;&#160;&#160;&#160;&#160;&#160;&#160;&#160;&#160;&#160;&#160;&#160; : 5184
Image Height&#160;&#160;&#160;&#160;&#160;&#160;&#160;&#160;&#160;&#160;&#160;&#160;&#160;&#160;&#160;&#160;&#160;&#160;&#160; : 3456
Encoding Process&#160;&#160;&#160;&#160;&#160;&#160;&#160;&#160;&#160;&#160;&#160;&#160;&#160;&#160;&#160; : Baseline DCT, Huffman coding
Bits Per Sample&#160;&#160;&#160;&#160;&#160;&#160;&#160;&#160;&#160;&#160;&#160;&#160;&#160;&#160;&#160;&#160; : 8
Color Components&#160;&#160;&#160;&#160;&#160;&#160;&#160;&#160;&#160;&#160;&#160;&#160;&#160;&#160;&#160; : 3
Y Cb Cr Sub Sampling&#160;&#160;&#160;&#160;&#160;&#160;&#160;&#160;&#160;&#160;&#160; : YCbCr4:2:2 (2 1)
Image Size&#160;&#160;&#160;&#160;&#160;&#160;&#160;&#160;&#160;&#160;&#160;&#160;&#160;&#160;&#160;&#160;&#160;&#160;&#160;&#160;&#160; : 5184x3456
Megapixels&#160;&#160;&#160;&#160;&#160;&#160;&#160;&#160;&#160;&#160;&#160;&#160;&#160;&#160;&#160;&#160;&#160;&#160;&#160;&#160;&#160; : 17.9&lt;/pre&gt;
&lt;/div&gt;&lt;/div&gt;</comment>
                            <comment id="16504391" author="kinow" created="Thu, 7 Jun 2018 08:14:35 +0000">&lt;div class="preformatted panel" style="border-width: 1px;"&gt;&lt;div class="preformattedContent panelContent"&gt;
&lt;pre&gt;$ jhove P1002265.JPG
Jhove (Rel. 1.6, 2011-01-04)
&#160;Date: 2018-06-07 20:14:09 NZST
&#160;RepresentationInformation: P1002265.JPG
&#160; ReportingModule: JPEG-hul, Rel. 1.2 (2007-02-13)
&#160; LastModified: 2018-06-07 20:10:17 NZST
&#160; Size: 6297644
&#160; Format: JPEG
&#160; Status: Well-Formed, but not valid
&#160; ErrorMessage: File does not begin with SPIFF, Exif or JFIF segment
&#160;&#160; Offset: 138
&#160; MIMEtype: image/jpeg
&#160; JPEGMetadata:
&#160;&#160; CompressionType: Huffman coding, Baseline DCT
&#160;&#160; Images:
&#160;&#160;&#160; Number: 1
&#160;&#160;&#160; Image:
&#160;&#160;&#160;&#160; NisoImageMetadata:
&#160;&#160;&#160;&#160;&#160; ByteOrder: big_endian
&#160;&#160;&#160;&#160;&#160; CompressionScheme: JPEG
&#160;&#160;&#160;&#160;&#160; ImageWidth: 5184
&#160;&#160;&#160;&#160;&#160; ImageHeight: 3456
&#160;&#160;&#160;&#160;&#160; BitsPerSample: 8, 8, 8
&#160;&#160;&#160;&#160;&#160; BitsPerSampleUnit: integer
&#160;&#160;&#160;&#160;&#160; SamplesPerPixel: 3
&#160;&#160;&#160;&#160; PixelAspectRatio:
&#160;&#160;&#160;&#160;&#160; PixelAspectRatioX: 0
&#160;&#160;&#160;&#160;&#160; PixelAspectRatioY: 0
&#160;&#160;&#160;&#160; RestartInterval: 0
&#160;&#160;&#160;&#160; Scans: 1
&#160;&#160;&#160;&#160; QuantizationTables:
&#160;&#160;&#160;&#160;&#160; QuantizationTable:
&#160;&#160;&#160;&#160;&#160;&#160; Precision: 8-bit
&#160;&#160;&#160;&#160;&#160;&#160; DestinationIdentifier: 0&lt;/pre&gt;
&lt;/div&gt;&lt;/div&gt;</comment>
                            <comment id="16504392" author="kinow" created="Thu, 7 Jun 2018 08:15:08 +0000">&lt;p&gt;Will debug another day, but from JHove's message, I suspect the metadata is malformed.&lt;/p&gt;
&lt;div class="code panel" style="border-width: 1px;"&gt;&lt;div class="codeContent panelContent"&gt;
&lt;pre class="code-java"&gt;
Status: Well-Formed, but not valid
&#160; ErrorMessage: File does not begin with SPIFF, Exif or JFIF segment&lt;/pre&gt;
&lt;/div&gt;&lt;/div&gt;</comment>
                            <comment id="16529224" author="ritsri18@gmail.com" created="Sun, 1 Jul 2018 20:15:03 +0000">&lt;p&gt;Hello&#160;Kinoshita&lt;/p&gt;

&lt;p&gt;Any update on this please.&lt;/p&gt;</comment>
                            <comment id="16909678" author="kinow" created="Sat, 17 Aug 2019 12:32:28 +0000">&lt;p&gt;Hi &lt;a href="https://issues.apache.org/jira/secure/ViewProfile.jspa?name=ritsri18%40gmail.com" class="user-hover" rel="ritsri18@gmail.com"&gt;ritsri18@gmail.com&lt;/a&gt;&lt;/p&gt;

&lt;p&gt;I think this is not really a bug. If you look at the output of `exiftool`, you should notice that it is not printing really much metadata information, only the size, file information, and some information about color space and resolution. The remaining tags are not present.&lt;/p&gt;

&lt;p&gt;And if you look at the HTML dump, you should see there isn't anything there too. Normally a JPEG will start with the JFIF segment (&lt;a href="https://en.wikipedia.org/wiki/JPEG_File_Interchange_Format#File_format_structure)" class="external-link" target="_blank" rel="nofollow noopener"&gt;https://en.wikipedia.org/wiki/JPEG_File_Interchange_Format#File_format_structure)&lt;/a&gt; or at least it will appear somewhere in the image.&lt;/p&gt;

&lt;p&gt;From the output of exiftool, the image attached does not have that segment. Was it generated programmatically, or directly from a device?&lt;/p&gt;

&lt;p&gt;Cheers&lt;/p&gt;

&lt;p&gt;Bruno&lt;/p&gt;</comment>
                            <comment id="16959550" author="kinow" created="Fri, 25 Oct 2019 08:31:23 +0000">&lt;p&gt;Closing as not a bug. Please feel free to re-open in case the problem persists. See my previous comment too about the validation issue with another tool as well. Thanks!&lt;/p&gt;</comment>
                            <comment id="17539259" author="kinow" created="Thu, 19 May 2022 04:29:28 +0000">&lt;p&gt;Apache Commons Imaging 1.0-alpha3 has been released.&lt;/p&gt;</comment>
                    </comments>
                    <attachments>
                            <attachment id="12926560" name="P1002265.JPG" size="6297644" author="ritsri18@gmail.com" created="Tue, 5 Jun 2018 12:39:16 +0000" />
                            <attachment id="12977861" name="P1002265.JPG.html" size="10508" author="kinow" created="Sat, 17 Aug 2019 12:32:39 +0000" />
                    </attachments>
                <subtasks>
                    </subtasks>
                <customfields>
                                                                                                                                                                                                                                                                                                                                                                                                                                                                                                                                                                                                                                                                                                                    <customfield id="customfield_12314020" key="com.atlassian.jira.plugins.jira-development-integration-plugin:devsummary">
                        <customfieldname>Development</customfieldname>
                        <customfieldvalues>
                            
                        </customfieldvalues>
                    </customfield>
                                                                                                                        <customfield id="customfield_12313422" key="com.atlassian.jirafisheyeplugin:jobcheckbox">
                        <customfieldname>Enable Automatic Patch Review</customfieldname>
                        <customfieldvalues>
                            <customfieldvalue>false</customfieldvalue>

                        </customfieldvalues>
                    </customfield>
                                                                                                                                                                                                                                                                                                                                                                                                                                                                                                                                                                                                                                                <customfield id="customfield_12310420" key="com.pyxis.greenhopper.jira:gh-global-rank">
                        <customfieldname>Global Rank</customfieldname>
                        <customfieldvalues>
                            <customfieldvalue>9223372036854775807</customfieldvalue>
                        </customfieldvalues>
                    </customfield>
                                                                                                                                                                                                                                                                                                                                                                                                                                                                        <customfield id="customfield_12311820" key="com.pyxis.greenhopper.jira:gh-lexo-rank">
                        <customfieldname>Rank</customfieldname>
                        <customfieldvalues>
                            <customfieldvalue>0|i3uj53:</customfieldvalue>

                        </customfieldvalues>
                    </customfield>
                                                                <customfield id="customfield_12310920" key="com.pyxis.greenhopper.jira:gh-global-rank">
                        <customfieldname>Rank (Obsolete)</customfieldname>
                        <customfieldvalues>
                            <customfieldvalue>9223372036854775807</customfieldvalue>
                        </customfieldvalues>
                    </customfield>
                                                                                                                                                                                                                                                                                                                                                                                                                                                                                                                                                                                                                                                                                                                                                                                            </customfields>
    </item>


</channel>
</rss>