<rss version="0.92">
    <channel>
        <title>ASF JIRA</title>
        <link>https://issues.apache.org/jira/issues/?jql=project+%3D+IMAGING+AND+type+%3D+bug+and+%28status+%3D+RESOLVED+or+status+%3D+closed%29</link>
        <description>An XML representation of a search request</description>
                <language>en-uk</language>
                        <issue start="0" end="140" total="140" />
                <build-info>
            <version>8.20.7</version>
            <build-number>820007</build-number>
            <build-date>16-03-2022</build-date>
        </build-info>

<item>
            <title>[IMAGING-200] After using Imaging.getImageInfo(File), FileInputStream is not closed yet.</title>
                <link>https://issues.apache.org/jira/browse/IMAGING-200</link>
                <project id="12313421" key="IMAGING">Commons Imaging</project>
                    <description>&lt;ul class="alternate" type="square"&gt;
	&lt;li&gt;After using Imaging.getImageInfo(File), we tried deleting &amp;lt;File&amp;gt; .&lt;br/&gt;
=&amp;gt;an error is displayed said that &amp;lt;File&amp;gt; is using by java plaform.&lt;/li&gt;
	&lt;li&gt;We tried using Imaging.getImageInfo(InputStream,FileName) and of course we close InputStream after using.&lt;br/&gt;
=&amp;gt; it's ok when deleting &amp;lt;File&amp;gt;.&lt;/li&gt;
&lt;/ul&gt;


&lt;p&gt;We believe Imaging.getImageInfo(File) using InputStream and is not closed yet. Please fix it for the next version.&lt;/p&gt;</description>
                <environment>&lt;p&gt;Java 1.7&lt;/p&gt;</environment>
        <key id="13030357">IMAGING-200</key>
            <summary>After using Imaging.getImageInfo(File), FileInputStream is not closed yet.</summary>
                <type id="1" iconUrl="https://issues.apache.org/jira/secure/viewavatar?size=xsmall&amp;avatarId=21133&amp;avatarType=issuetype">Bug</type>
                                            <priority id="3" iconUrl="https://issues.apache.org/jira/images/icons/priorities/major.svg">Major</priority>
                        <status id="6" iconUrl="https://issues.apache.org/jira/images/icons/statuses/closed.png" description="The issue is considered finished, the resolution is correct. Issues which are not closed can be reopened.">Closed</status>
                    <statusCategory id="3" key="done" colorName="green" />
                                    <resolution id="10003">Resolved</resolution>
                                        <assignee username="-1">Unassigned</assignee>
                                    <reporter username="boyxmen007">Minh Hoang</reporter>
                        <labels>
                            <label>common</label>
                            <label>common-imaging</label>
                            <label>imaging</label>
                            <label>windows</label>
                    </labels>
                <created>Fri, 23 Dec 2016 10:54:10 +0000</created>
                <updated>Mon, 26 Dec 2016 05:41:48 +0000</updated>
                            <resolved>Mon, 26 Dec 2016 05:41:47 +0000</resolved>
                                                                    <component>imaging.common.*</component>
                        <due />
                            <votes>0</votes>
                                    <watches>2</watches>
                                                                <comments>
                            <comment id="15773421" author="garydgregory" created="Fri, 23 Dec 2016 18:20:22 +0000">&lt;p&gt;What file type please?&lt;/p&gt;</comment>
                            <comment id="15773463" author="garydgregory" created="Fri, 23 Dec 2016 18:47:58 +0000">&lt;p&gt;Also make sure that you use the latest SNAPSHOT from  &lt;a href="https://repository.apache.org/content/repositories/snapshots/org/apache/commons/commons-imaging/1.0-SNAPSHOT/" class="external-link" target="_blank" rel="nofollow noopener"&gt;https://repository.apache.org/content/repositories/snapshots/org/apache/commons/commons-imaging/1.0-SNAPSHOT/&lt;/a&gt;&lt;/p&gt;

&lt;p&gt;We have migrated the code to use Java 7 try-with-resources in a lot of places. We might have missed one that you found. Let us know.&lt;/p&gt;</comment>
                            <comment id="15777466" author="boyxmen007" created="Mon, 26 Dec 2016 03:16:59 +0000">&lt;p&gt;I have just tested with the latest snapshot and it's OK. The version I used is the snapshot in October.  Thank you and sorry for any inconvenience this may cause. I should have checked it first.&lt;/p&gt;</comment>
                            <comment id="15777633" author="garydgregory" created="Mon, 26 Dec 2016 05:41:48 +0000">&lt;p&gt;Fixed in current SNAPSHOT version.&lt;/p&gt;</comment>
                    </comments>
                    <attachments>
                    </attachments>
                <subtasks>
                    </subtasks>
                <customfields>
                                                                                                                                                                                                                                                                                                                                                                                                                                                                                                                                                                                                                                                                                                                    <customfield id="customfield_12314020" key="com.atlassian.jira.plugins.jira-development-integration-plugin:devsummary">
                        <customfieldname>Development</customfieldname>
                        <customfieldvalues>
                            
                        </customfieldvalues>
                    </customfield>
                                                                                                                        <customfield id="customfield_12313422" key="com.atlassian.jirafisheyeplugin:jobcheckbox">
                        <customfieldname>Enable Automatic Patch Review</customfieldname>
                        <customfieldvalues>
                            <customfieldvalue>false</customfieldvalue>

                        </customfieldvalues>
                    </customfield>
                                                                                                                                                                                                                                                                                                                                                                                    <customfield id="customfield_12310250" key="com.atlassian.jira.plugin.system.customfieldtypes:multicheckboxes">
                        <customfieldname>Flags</customfieldname>
                        <customfieldvalues>
                                <customfieldvalue key="10431">Important</customfieldvalue>
    
                        </customfieldvalues>
                    </customfield>
                                                                                                                                                                                                                                                                                                <customfield id="customfield_12310420" key="com.pyxis.greenhopper.jira:gh-global-rank">
                        <customfieldname>Global Rank</customfieldname>
                        <customfieldvalues>
                            <customfieldvalue>9223372036854775807</customfieldvalue>
                        </customfieldvalues>
                    </customfield>
                                                                                                                                                                                                                                                                                                                                                                                                                                                                        <customfield id="customfield_12311820" key="com.pyxis.greenhopper.jira:gh-lexo-rank">
                        <customfieldname>Rank</customfieldname>
                        <customfieldvalues>
                            <customfieldvalue>0|i37z9z:</customfieldvalue>

                        </customfieldvalues>
                    </customfield>
                                                                <customfield id="customfield_12310920" key="com.pyxis.greenhopper.jira:gh-global-rank">
                        <customfieldname>Rank (Obsolete)</customfieldname>
                        <customfieldvalues>
                            <customfieldvalue>9223372036854775807</customfieldvalue>
                        </customfieldvalues>
                    </customfield>
                                                                                                                                                                                                                                                                                                                                                                                                                                                                                                                                                                                                                                                                                                                                                                                            </customfields>
    </item>


</channel>
</rss>