<rss version="0.92">
    <channel>
        <title>ASF JIRA</title>
        <link>https://issues.apache.org/jira/issues/?jql=project+%3D+MATH+and+type+%3D+bug+and+%28status+%3D+RESOLVED+or+status+%3D+closed%29+and+resolution+%3D+Fixed+and+fixVersion+%21%3D+None++and+affectedVersion+%21%3D+None++and+affectedVersion+%21%3D+%22Nightly+Build%22</link>
        <description>An XML representation of a search request</description>
                <language>en-uk</language>
                        <issue start="0" end="335" total="335" />
                <build-info>
            <version>8.20.1</version>
            <build-number>820001</build-number>
            <build-date>28-10-2021</build-date>
        </build-info>

<item>
            <title>[MATH-532] [Math] Clirr report and 'org.apache.commons.math.util.MathUtils'</title>
                <link>https://issues.apache.org/jira/browse/MATH-532</link>
                <project id="12310485" key="MATH">Commons Math</project>
                    <description>&lt;p&gt;Clirr report mentions that method 'public void checkOrder(double[], org.apache.commons.math.util.MathUtils$OrderDirection, boolean)' has been added, however this doesn't comply with the javadoc of the very same function (because not "@since 2.2" tag was found). The same thing happens with the methods listed bellow:&lt;br/&gt;
'public void checkOrder(double[])'&lt;br/&gt;
'public boolean equals(float, float, float)'&lt;br/&gt;
'public boolean equals(float, float, int)'&lt;br/&gt;
'public boolean equalsIncludingNaN(float, float)'&lt;br/&gt;
'public boolean equalsIncludingNaN(float, float, float)'&lt;br/&gt;
'public boolean equalsIncludingNaN(float, float, int)'&lt;br/&gt;
'public boolean equalsIncludingNaN(float[], float[])'&lt;br/&gt;
'public boolean equalsIncludingNaN(double, double)'&lt;br/&gt;
'public boolean equalsIncludingNaN(double, double, double)'&lt;br/&gt;
'public boolean equalsIncludingNaN(double, double, int)'&lt;br/&gt;
'public boolean equalsIncludingNaN(double[], double[])'&lt;br/&gt;
'public double safeNorm(double[])'&lt;/p&gt;

&lt;p&gt;In addition to this some functions have been deprecated but neither is it mentioned in the javadoc the version as of which they have been deprecated nor the clirr report refers to these methods. These are:&lt;br/&gt;
Deprecated Methods:&lt;br/&gt;
'public boolean equals(float, float)'&lt;br/&gt;
'public boolean equals(float[], float[])'&lt;/p&gt;</description>
                <environment>&lt;p&gt;Linux Ubuntu 10.04 (lucid)&lt;/p&gt;</environment>
        <key id="12499377">MATH-532</key>
            <summary>[Math] Clirr report and 'org.apache.commons.math.util.MathUtils'</summary>
                <type id="1" iconUrl="https://issues.apache.org/jira/secure/viewavatar?size=xsmall&amp;avatarId=21133&amp;avatarType=issuetype">Bug</type>
                                            <priority id="4" iconUrl="https://issues.apache.org/jira/images/icons/priorities/minor.svg">Minor</priority>
                        <status id="6" iconUrl="https://issues.apache.org/jira/images/icons/statuses/closed.png" description="The issue is considered finished, the resolution is correct. Issues which are not closed can be reopened.">Closed</status>
                    <statusCategory id="3" key="done" colorName="green" />
                                    <resolution id="1">Fixed</resolution>
                                        <assignee username="-1">Unassigned</assignee>
                                    <reporter username="miccagiann">Michail Giannakopoulos</reporter>
                        <labels>
                            <label>documentation</label>
                    </labels>
                <created>Tue, 22 Feb 2011 17:57:22 +0000</created>
                <updated>Wed, 23 Mar 2011 20:43:23 +0000</updated>
                            <resolved>Tue, 22 Feb 2011 19:50:19 +0000</resolved>
                                    <version>2.2</version>
                                    <fixVersion>2.2</fixVersion>
                                        <due />
                            <votes>0</votes>
                                    <watches>1</watches>
                                                                <comments>
                            <comment id="12997931" author="miccagiann" created="Tue, 22 Feb 2011 18:01:56 +0000">&lt;p&gt;What is more, the enumeration 'public static enum OrderDirection' that is included in the same class doesn't mentions in its javadoc a "@since 2.2" tag, although clirr reports state that the enum is added in the 2.2 version of ASF Commons Math project...&lt;/p&gt;</comment>
                            <comment id="12998005" author="luc" created="Tue, 22 Feb 2011 19:50:19 +0000">&lt;p&gt;fixed in subversion repository as of r1073472 for branch 2.X and r1073473 for trunk&lt;/p&gt;</comment>
                            <comment id="13010431" author="luc" created="Wed, 23 Mar 2011 20:43:23 +0000">&lt;p&gt;Closing issue as it was included in version 2.2, which has been released&lt;/p&gt;</comment>
                    </comments>
                    <attachments>
                    </attachments>
                <subtasks>
                    </subtasks>
                <customfields>
                                                                                                                                                                                                                                                                                                                                                                                                                                                                                                                                                                                                                                                                                                                    <customfield id="customfield_12314020" key="com.atlassian.jira.plugins.jira-development-integration-plugin:devsummary">
                        <customfieldname>Development</customfieldname>
                        <customfieldvalues>
                            
                        </customfieldvalues>
                    </customfield>
                                                                                                                        <customfield id="customfield_12313422" key="com.atlassian.jirafisheyeplugin:jobcheckbox">
                        <customfieldname>Enable Automatic Patch Review</customfieldname>
                        <customfieldvalues>
                            <customfieldvalue>false</customfieldvalue>

                        </customfieldvalues>
                    </customfield>
                                                                                                                                                                                                                                                                                                                                                                                                                                                                                                                                                                                                                                                <customfield id="customfield_12310420" key="com.pyxis.greenhopper.jira:gh-global-rank">
                        <customfieldname>Global Rank</customfieldname>
                        <customfieldvalues>
                            <customfieldvalue>150646</customfieldvalue>
                        </customfieldvalues>
                    </customfield>
                                                                                                                                                                                                                                                                                                                                                                                                                                                                        <customfield id="customfield_12311820" key="com.pyxis.greenhopper.jira:gh-lexo-rank">
                        <customfieldname>Rank</customfieldname>
                        <customfieldvalues>
                            <customfieldvalue>0|i0rtxj:</customfieldvalue>

                        </customfieldvalues>
                    </customfield>
                                                                <customfield id="customfield_12310920" key="com.pyxis.greenhopper.jira:gh-global-rank">
                        <customfieldname>Rank (Obsolete)</customfieldname>
                        <customfieldvalues>
                            <customfieldvalue>160493</customfieldvalue>
                        </customfieldvalues>
                    </customfield>
                                                                                                                                                                                                                                                                                                                                                                                                                                                                                                                                                                                                                                                                                                                                                                                                                                                                                                            </customfields>
    </item>


</channel>
</rss>