<rss version="0.92">
    <channel>
        <title>ASF JIRA</title>
        <link>https://issues.apache.org/jira/issues/?jql=project+%3D+MATH+and+type+%3D+bug+and+%28status+%3D+RESOLVED+or+status+%3D+closed%29+and+resolution+%3D+Fixed+and+fixVersion+%21%3D+None++and+affectedVersion+%21%3D+None++and+affectedVersion+%21%3D+%22Nightly+Build%22</link>
        <description>An XML representation of a search request</description>
                <language>en-uk</language>
                        <issue start="0" end="335" total="335" />
                <build-info>
            <version>8.20.1</version>
            <build-number>820001</build-number>
            <build-date>28-10-2021</build-date>
        </build-info>

<item>
            <title>[MATH-499] FastMath nextAfter(double,double) bugs with special doubles</title>
                <link>https://issues.apache.org/jira/browse/MATH-499</link>
                <project id="12310485" key="MATH">Commons Math</project>
                    <description>&lt;p&gt;nextAfter(double, double) is added in StrictMath 1.6, so one needs to test with Java 1.6 to see thi.&lt;/p&gt;

&lt;p&gt;There are various boundary errors with nextAfter(double, double) - see below.&lt;/p&gt;

&lt;p&gt;I think these are partially due to missing checks for special cases (e.g. the NaNs), and partially due to the following code:&lt;/p&gt;

&lt;div class="code panel" style="border-width: 1px;"&gt;&lt;div class="codeContent panelContent"&gt;
&lt;pre class="code-java"&gt;&lt;span class="code-keyword"&gt;if&lt;/span&gt; (d * (direction - d) &amp;gt;= 0) {
&lt;span class="code-comment"&gt;// we should increase the mantissa&lt;/span&gt;
&lt;/pre&gt;
&lt;/div&gt;&lt;/div&gt;

&lt;p&gt;This appears to be a shorthand for something like:&lt;/p&gt;

&lt;div class="code panel" style="border-width: 1px;"&gt;&lt;div class="codeContent panelContent"&gt;
&lt;pre class="code-java"&gt;&lt;span class="code-keyword"&gt;if&lt;/span&gt; (((d &amp;gt;=0) &amp;amp;&amp;amp; (direction &amp;gt;= d)) || ((d&amp;lt;0) &amp;amp;&amp;amp; (direction &amp;lt;0))) {
&lt;span class="code-comment"&gt;// we should increase the mantissa&lt;/span&gt;
&lt;/pre&gt;
&lt;/div&gt;&lt;/div&gt;

&lt;p&gt;however the expression (direction - d) overlows for some double values, thus causing the wrong branch to be taken.&lt;/p&gt;

&lt;p&gt;double nextAfter(-0.0, -0.0) expected -0.0 actual 4.9E-324 entries &lt;span class="error"&gt;&amp;#91;1, 1&amp;#93;&lt;/span&gt;&lt;br/&gt;
double nextAfter(-0.0, 0.0) expected 0.0 actual 4.9E-324 entries &lt;span class="error"&gt;&amp;#91;1, 2&amp;#93;&lt;/span&gt;&lt;br/&gt;
double nextAfter(-0.0, NaN) expected NaN actual 4.9E-324 entries &lt;span class="error"&gt;&amp;#91;1, 3&amp;#93;&lt;/span&gt;&lt;br/&gt;
double nextAfter(0.0, -0.0) expected -0.0 actual 4.9E-324 entries &lt;span class="error"&gt;&amp;#91;2, 1&amp;#93;&lt;/span&gt;&lt;br/&gt;
double nextAfter(0.0, 0.0) expected 0.0 actual 4.9E-324 entries &lt;span class="error"&gt;&amp;#91;2, 2&amp;#93;&lt;/span&gt;&lt;br/&gt;
double nextAfter(0.0, NaN) expected NaN actual 4.9E-324 entries &lt;span class="error"&gt;&amp;#91;2, 3&amp;#93;&lt;/span&gt;&lt;br/&gt;
double nextAfter(-Infinity, NaN) expected NaN actual -Infinity entries &lt;span class="error"&gt;&amp;#91;4, 3&amp;#93;&lt;/span&gt;&lt;br/&gt;
double nextAfter(Infinity, NaN) expected NaN actual Infinity entries &lt;span class="error"&gt;&amp;#91;5, 3&amp;#93;&lt;/span&gt;&lt;br/&gt;
double nextAfter(-1.7976931348623157E308, NaN) expected NaN actual -1.7976931348623155E308 entries &lt;span class="error"&gt;&amp;#91;6, 3&amp;#93;&lt;/span&gt;&lt;br/&gt;
double nextAfter(1.7976931348623157E308, NaN) expected NaN actual 1.7976931348623155E308 entries &lt;span class="error"&gt;&amp;#91;7, 3&amp;#93;&lt;/span&gt;&lt;br/&gt;
double nextAfter(-1.1102230246251565E-16, NaN) expected NaN actual -1.1102230246251564E-16 entries &lt;span class="error"&gt;&amp;#91;8, 3&amp;#93;&lt;/span&gt;&lt;br/&gt;
double nextAfter(1.1102230246251565E-16, NaN) expected NaN actual 1.1102230246251564E-16 entries &lt;span class="error"&gt;&amp;#91;9, 3&amp;#93;&lt;/span&gt;&lt;br/&gt;
double nextAfter(-2.2250738585072014E-308, -0.0) expected -2.225073858507201E-308 actual -2.225073858507202E-308 entries &lt;span class="error"&gt;&amp;#91;10, 1&amp;#93;&lt;/span&gt;&lt;br/&gt;
double nextAfter(-2.2250738585072014E-308, 0.0) expected -2.225073858507201E-308 actual -2.225073858507202E-308 entries &lt;span class="error"&gt;&amp;#91;10, 2&amp;#93;&lt;/span&gt;&lt;br/&gt;
double nextAfter(-2.2250738585072014E-308, NaN) expected NaN actual -2.225073858507201E-308 entries &lt;span class="error"&gt;&amp;#91;10, 3&amp;#93;&lt;/span&gt;&lt;br/&gt;
double nextAfter(-2.2250738585072014E-308, 1.1102230246251565E-16) expected -2.225073858507201E-308 actual -2.225073858507202E-308 entries &lt;span class="error"&gt;&amp;#91;10, 9&amp;#93;&lt;/span&gt;&lt;br/&gt;
double nextAfter(-2.2250738585072014E-308, 2.2250738585072014E-308) expected -2.225073858507201E-308 actual -2.225073858507202E-308 entries &lt;span class="error"&gt;&amp;#91;10, 11&amp;#93;&lt;/span&gt;&lt;br/&gt;
double nextAfter(-2.2250738585072014E-308, -4.9E-324) expected -2.225073858507201E-308 actual -2.225073858507202E-308 entries &lt;span class="error"&gt;&amp;#91;10, 12&amp;#93;&lt;/span&gt;&lt;br/&gt;
double nextAfter(-2.2250738585072014E-308, 4.9E-324) expected -2.225073858507201E-308 actual -2.225073858507202E-308 entries &lt;span class="error"&gt;&amp;#91;10, 13&amp;#93;&lt;/span&gt;&lt;br/&gt;
double nextAfter(2.2250738585072014E-308, -0.0) expected 2.225073858507201E-308 actual 2.225073858507202E-308 entries &lt;span class="error"&gt;&amp;#91;11, 1&amp;#93;&lt;/span&gt;&lt;br/&gt;
double nextAfter(2.2250738585072014E-308, 0.0) expected 2.225073858507201E-308 actual 2.225073858507202E-308 entries &lt;span class="error"&gt;&amp;#91;11, 2&amp;#93;&lt;/span&gt;&lt;br/&gt;
double nextAfter(2.2250738585072014E-308, NaN) expected NaN actual 2.225073858507201E-308 entries &lt;span class="error"&gt;&amp;#91;11, 3&amp;#93;&lt;/span&gt;&lt;br/&gt;
double nextAfter(2.2250738585072014E-308, -1.1102230246251565E-16) expected 2.225073858507201E-308 actual 2.225073858507202E-308 entries &lt;span class="error"&gt;&amp;#91;11, 8&amp;#93;&lt;/span&gt;&lt;br/&gt;
double nextAfter(2.2250738585072014E-308, -2.2250738585072014E-308) expected 2.225073858507201E-308 actual 2.225073858507202E-308 entries &lt;span class="error"&gt;&amp;#91;11, 10&amp;#93;&lt;/span&gt;&lt;br/&gt;
double nextAfter(2.2250738585072014E-308, -4.9E-324) expected 2.225073858507201E-308 actual 2.225073858507202E-308 entries &lt;span class="error"&gt;&amp;#91;11, 12&amp;#93;&lt;/span&gt;&lt;br/&gt;
double nextAfter(2.2250738585072014E-308, 4.9E-324) expected 2.225073858507201E-308 actual 2.225073858507202E-308 entries &lt;span class="error"&gt;&amp;#91;11, 13&amp;#93;&lt;/span&gt;&lt;br/&gt;
double nextAfter(-4.9E-324, -0.0) expected -0.0 actual -1.0E-323 entries &lt;span class="error"&gt;&amp;#91;12, 1&amp;#93;&lt;/span&gt;&lt;br/&gt;
double nextAfter(-4.9E-324, 0.0) expected -0.0 actual -1.0E-323 entries &lt;span class="error"&gt;&amp;#91;12, 2&amp;#93;&lt;/span&gt;&lt;br/&gt;
double nextAfter(-4.9E-324, NaN) expected NaN actual -0.0 entries &lt;span class="error"&gt;&amp;#91;12, 3&amp;#93;&lt;/span&gt;&lt;br/&gt;
double nextAfter(-4.9E-324, 1.1102230246251565E-16) expected -0.0 actual -1.0E-323 entries &lt;span class="error"&gt;&amp;#91;12, 9&amp;#93;&lt;/span&gt;&lt;br/&gt;
double nextAfter(-4.9E-324, 2.2250738585072014E-308) expected -0.0 actual -1.0E-323 entries &lt;span class="error"&gt;&amp;#91;12, 11&amp;#93;&lt;/span&gt;&lt;br/&gt;
double nextAfter(-4.9E-324, 4.9E-324) expected -0.0 actual -1.0E-323 entries &lt;span class="error"&gt;&amp;#91;12, 13&amp;#93;&lt;/span&gt;&lt;br/&gt;
double nextAfter(4.9E-324, -0.0) expected 0.0 actual 1.0E-323 entries &lt;span class="error"&gt;&amp;#91;13, 1&amp;#93;&lt;/span&gt;&lt;br/&gt;
double nextAfter(4.9E-324, 0.0) expected 0.0 actual 1.0E-323 entries &lt;span class="error"&gt;&amp;#91;13, 2&amp;#93;&lt;/span&gt;&lt;br/&gt;
double nextAfter(4.9E-324, NaN) expected NaN actual 0.0 entries &lt;span class="error"&gt;&amp;#91;13, 3&amp;#93;&lt;/span&gt;&lt;br/&gt;
double nextAfter(4.9E-324, -1.1102230246251565E-16) expected 0.0 actual 1.0E-323 entries &lt;span class="error"&gt;&amp;#91;13, 8&amp;#93;&lt;/span&gt;&lt;br/&gt;
double nextAfter(4.9E-324, -2.2250738585072014E-308) expected 0.0 actual 1.0E-323 entries &lt;span class="error"&gt;&amp;#91;13, 10&amp;#93;&lt;/span&gt;&lt;br/&gt;
double nextAfter(4.9E-324, -4.9E-324) expected 0.0 actual 1.0E-323 entries &lt;span class="error"&gt;&amp;#91;13, 12&amp;#93;&lt;/span&gt;&lt;/p&gt;</description>
                <environment>&lt;p&gt;Java 1.6&lt;/p&gt;</environment>
        <key id="12496428">MATH-499</key>
            <summary>FastMath nextAfter(double,double) bugs with special doubles</summary>
                <type id="1" iconUrl="https://issues.apache.org/jira/secure/viewavatar?size=xsmall&amp;avatarId=21133&amp;avatarType=issuetype">Bug</type>
                                            <priority id="3" iconUrl="https://issues.apache.org/jira/images/icons/priorities/major.svg">Major</priority>
                        <status id="6" iconUrl="https://issues.apache.org/jira/images/icons/statuses/closed.png" description="The issue is considered finished, the resolution is correct. Issues which are not closed can be reopened.">Closed</status>
                    <statusCategory id="3" key="done" colorName="green" />
                                    <resolution id="1">Fixed</resolution>
                                        <assignee username="sebb">Sebb</assignee>
                                    <reporter username="sebb">Sebb</reporter>
                        <labels>
                    </labels>
                <created>Sun, 23 Jan 2011 11:02:45 +0000</created>
                <updated>Wed, 23 Mar 2011 20:38:42 +0000</updated>
                            <resolved>Sun, 23 Jan 2011 12:24:28 +0000</resolved>
                                    <version>2.2</version>
                    <version>3.0</version>
                                    <fixVersion>2.2</fixVersion>
                    <fixVersion>3.0</fixVersion>
                                        <due />
                            <votes>0</votes>
                                    <watches>0</watches>
                                                                <comments>
                            <comment id="12985302" author="luc" created="Sun, 23 Jan 2011 12:14:55 +0000">&lt;p&gt;This should have been fixed in repository this morning.&lt;br/&gt;
Do you still see these problems ?&lt;/p&gt;</comment>
                            <comment id="12985304" author="sebb@apache.org" created="Sun, 23 Jan 2011 12:24:28 +0000">&lt;p&gt;Fixed in:&lt;/p&gt;

&lt;p&gt;URL: &lt;a href="http://svn.apache.org/viewvc?rev=1062387&amp;amp;view=rev" class="external-link" target="_blank" rel="nofollow noopener"&gt;http://svn.apache.org/viewvc?rev=1062387&amp;amp;view=rev&lt;/a&gt;&lt;br/&gt;
Log:&lt;br/&gt;
fixed nextAfter implementations for handling of some special values&lt;br/&gt;
fixed the signature of the float version, as the spec is to have a double second argument&lt;br/&gt;
moved the existing tests that were used in the former implementation in MathUtils,&lt;br/&gt;
fixing them also as two of them were not compliant with the spec for equal numbers&lt;br/&gt;
Jira: &lt;a href="https://issues.apache.org/jira/browse/MATH-478" title="FastMath is not an exact replacement for StrictMath" class="issue-link" data-issue-key="MATH-478"&gt;&lt;del&gt;MATH-478&lt;/del&gt;&lt;/a&gt;&lt;/p&gt;

&lt;p&gt;and&lt;/p&gt;

&lt;p&gt;URL: &lt;a href="http://svn.apache.org/viewvc?rev=1062385&amp;amp;view=rev" class="external-link" target="_blank" rel="nofollow noopener"&gt;http://svn.apache.org/viewvc?rev=1062385&amp;amp;view=rev&lt;/a&gt;&lt;br/&gt;
Log:&lt;br/&gt;
fixed nextAfter implementations for handling of some special values&lt;br/&gt;
fixed the signature of the float version, as the spec is to have a double second argument&lt;br/&gt;
moved the existing tests that were used in the former implementation in MathUtils,&lt;br/&gt;
fixing them also as two of them were not compliant with the spec for equal numbers&lt;br/&gt;
Jira: &lt;a href="https://issues.apache.org/jira/browse/MATH-478" title="FastMath is not an exact replacement for StrictMath" class="issue-link" data-issue-key="MATH-478"&gt;&lt;del&gt;MATH-478&lt;/del&gt;&lt;/a&gt;&lt;/p&gt;</comment>
                            <comment id="13010417" author="luc" created="Wed, 23 Mar 2011 20:38:42 +0000">&lt;p&gt;Closing issue as it was included in version 2.2, which has been released&lt;/p&gt;</comment>
                    </comments>
                <issuelinks>
                            <issuelinktype id="10030">
                    <name>Reference</name>
                                                                <inwardlinks description="is related to">
                                        <issuelink>
            <issuekey id="12495630">MATH-478</issuekey>
        </issuelink>
                            </inwardlinks>
                                    </issuelinktype>
                    </issuelinks>
                <attachments>
                    </attachments>
                <subtasks>
                    </subtasks>
                <customfields>
                                                                                                                                                                                                                                                                                                                                                                                                                                                                                                                                                                                                                                                                                                                    <customfield id="customfield_12314020" key="com.atlassian.jira.plugins.jira-development-integration-plugin:devsummary">
                        <customfieldname>Development</customfieldname>
                        <customfieldvalues>
                            
                        </customfieldvalues>
                    </customfield>
                                                                                                                        <customfield id="customfield_12313422" key="com.atlassian.jirafisheyeplugin:jobcheckbox">
                        <customfieldname>Enable Automatic Patch Review</customfieldname>
                        <customfieldvalues>
                            <customfieldvalue>false</customfieldvalue>

                        </customfieldvalues>
                    </customfield>
                                                                                                                                                                                                                                                                                                                                                                                                                                                                                                                                                                                                                                                <customfield id="customfield_12310420" key="com.pyxis.greenhopper.jira:gh-global-rank">
                        <customfieldname>Global Rank</customfieldname>
                        <customfieldvalues>
                            <customfieldvalue>150619</customfieldvalue>
                        </customfieldvalues>
                    </customfield>
                                                                                                                                                                                                                                                                                                                                                                                                                                                                        <customfield id="customfield_12311820" key="com.pyxis.greenhopper.jira:gh-lexo-rank">
                        <customfieldname>Rank</customfieldname>
                        <customfieldvalues>
                            <customfieldvalue>0|i0ru4v:</customfieldvalue>

                        </customfieldvalues>
                    </customfield>
                                                                <customfield id="customfield_12310920" key="com.pyxis.greenhopper.jira:gh-global-rank">
                        <customfieldname>Rank (Obsolete)</customfieldname>
                        <customfieldvalues>
                            <customfieldvalue>160526</customfieldvalue>
                        </customfieldvalues>
                    </customfield>
                                                                                                                                                                                                                                                                                                                                                                                                                                                                                                                                                                                                                                                                                                                                                                                                                                                                                                            </customfields>
    </item>


</channel>
</rss>