<rss version="0.92">
    <channel>
        <title>ASF JIRA</title>
        <link>https://issues.apache.org/jira/issues/?jql=project+%3D+MATH+and+type+%3D+bug+and+%28status+%3D+RESOLVED+or+status+%3D+closed%29+and+resolution+%3D+Fixed+and+fixVersion+%21%3D+None++and+affectedVersion+%21%3D+None++and+affectedVersion+%21%3D+%22Nightly+Build%22</link>
        <description>An XML representation of a search request</description>
                <language>en-uk</language>
                        <issue start="0" end="335" total="335" />
                <build-info>
            <version>8.20.1</version>
            <build-number>820001</build-number>
            <build-date>28-10-2021</build-date>
        </build-info>

<item>
            <title>[MATH-392] calculateYVariance in OLS/GLSMultipleLinearRegression uses residuals not Y vars</title>
                <link>https://issues.apache.org/jira/browse/MATH-392</link>
                <project id="12310485" key="MATH">Commons Math</project>
                    <description>&lt;p&gt;Implementation of OLS/GLSMultipleLinearRegression is:&lt;br/&gt;
@Override&lt;br/&gt;
173        protected double calculateYVariance() &lt;/p&gt;
{
174            RealVector residuals = calculateResiduals();
175            return residuals.dotProduct(residuals) /
176                   (X.getRowDimension() - X.getColumnDimension());
177        }

&lt;p&gt;This gives variance of residuals not variance of the dependent (Y) variable as the documentation suggests.&lt;/p&gt;</description>
                <environment />
        <key id="12469843">MATH-392</key>
            <summary>calculateYVariance in OLS/GLSMultipleLinearRegression uses residuals not Y vars</summary>
                <type id="1" iconUrl="https://issues.apache.org/jira/secure/viewavatar?size=xsmall&amp;avatarId=21133&amp;avatarType=issuetype">Bug</type>
                                            <priority id="4" iconUrl="https://issues.apache.org/jira/images/icons/priorities/minor.svg">Minor</priority>
                        <status id="6" iconUrl="https://issues.apache.org/jira/images/icons/statuses/closed.png" description="The issue is considered finished, the resolution is correct. Issues which are not closed can be reopened.">Closed</status>
                    <statusCategory id="3" key="done" colorName="green" />
                                    <resolution id="1">Fixed</resolution>
                                        <assignee username="-1">Unassigned</assignee>
                                    <reporter username="markdevaney">Mark Devaney</reporter>
                        <labels>
                    </labels>
                <created>Wed, 21 Jul 2010 18:43:10 +0000</created>
                <updated>Wed, 23 Mar 2011 20:13:58 +0000</updated>
                            <resolved>Sun, 22 Aug 2010 13:16:29 +0000</resolved>
                                    <version>2.1</version>
                                    <fixVersion>2.2</fixVersion>
                                        <due />
                            <votes>0</votes>
                                    <watches>0</watches>
                                                                <comments>
                            <comment id="12892247" author="psteitz" created="Mon, 26 Jul 2010 09:55:26 +0000">&lt;p&gt;Thank you for reporting this.  Patches welcome!&lt;/p&gt;</comment>
                            <comment id="12892352" author="markdevaney" created="Mon, 26 Jul 2010 16:32:48 +0000">&lt;p&gt;Can't test a patch as I'm not able to build current repository version:&lt;br/&gt;
math/src/test/java/org/apache/commons/math/optimization/univariate/BrentOptimizerTest.java:&lt;span class="error"&gt;&amp;#91;28,39&amp;#93;&lt;/span&gt; cannot find symbol&lt;br/&gt;
symbol  : class SincFunction&lt;/p&gt;

&lt;p&gt;Implementation for both GLS/OLS:&lt;/p&gt;

&lt;p&gt;protected double calculateYVariance() {&lt;br/&gt;
    return new Variance().evaluate(Y);&lt;br/&gt;
}&lt;/p&gt;</comment>
                            <comment id="12892406" author="luc" created="Mon, 26 Jul 2010 18:27:08 +0000">&lt;p&gt;There was an error in a file committed this afternoon. It should be OK now.&lt;/p&gt;</comment>
                            <comment id="12892433" author="markdevaney" created="Mon, 26 Jul 2010 19:41:45 +0000">&lt;p&gt;corrected implementations of calculateYVariance() for OLS/GLSMultipleRegression&lt;/p&gt;

&lt;p&gt;added unit tests for both calculateYVariance implementations&lt;/p&gt;

&lt;p&gt;fixed AbstractMultipleRegression.estimateRegressionParametersStandardErrors() to use residuals &lt;/p&gt;</comment>
                            <comment id="12901160" author="psteitz" created="Sun, 22 Aug 2010 13:16:29 +0000">&lt;p&gt;Fixed in 987897.   I added calcluate/estimateErrorVariance methods to return what was previously incorrectly reported as "Y variance."&lt;br/&gt;
Thanks for the patch!&lt;/p&gt;</comment>
                            <comment id="13010358" author="luc" created="Wed, 23 Mar 2011 20:13:58 +0000">&lt;p&gt;Closing issue as it was included in version 2.2, which has been released&lt;/p&gt;</comment>
                    </comments>
                    <attachments>
                            <attachment id="12450508" name="patch" size="4960" author="markdevaney" created="Mon, 26 Jul 2010 19:41:45 +0000" />
                    </attachments>
                <subtasks>
                    </subtasks>
                <customfields>
                                                                                                                                                                                                                                                                                                                                                                                                                                                                                                                                                                                                                                                                                                                    <customfield id="customfield_12314020" key="com.atlassian.jira.plugins.jira-development-integration-plugin:devsummary">
                        <customfieldname>Development</customfieldname>
                        <customfieldvalues>
                            
                        </customfieldvalues>
                    </customfield>
                                                                                                                        <customfield id="customfield_12313422" key="com.atlassian.jirafisheyeplugin:jobcheckbox">
                        <customfieldname>Enable Automatic Patch Review</customfieldname>
                        <customfieldvalues>
                            <customfieldvalue>false</customfieldvalue>

                        </customfieldvalues>
                    </customfield>
                                                                                                                                                                                                                                                                                                                                                                                                                                                                                                                                                                                                                                                <customfield id="customfield_12310420" key="com.pyxis.greenhopper.jira:gh-global-rank">
                        <customfieldname>Global Rank</customfieldname>
                        <customfieldvalues>
                            <customfieldvalue>150545</customfieldvalue>
                        </customfieldvalues>
                    </customfield>
                                                                                                                                                                                                                                                                                                                                                                                                                                                                        <customfield id="customfield_12311820" key="com.pyxis.greenhopper.jira:gh-lexo-rank">
                        <customfieldname>Rank</customfieldname>
                        <customfieldvalues>
                            <customfieldvalue>0|i0rur3:</customfieldvalue>

                        </customfieldvalues>
                    </customfield>
                                                                <customfield id="customfield_12310920" key="com.pyxis.greenhopper.jira:gh-global-rank">
                        <customfieldname>Rank (Obsolete)</customfieldname>
                        <customfieldvalues>
                            <customfieldvalue>160626</customfieldvalue>
                        </customfieldvalues>
                    </customfield>
                                                                                                                                                                                                                                                                                                                                                                                                                                                                                                                                                                                                                                                                                                                                                                                                                                                                                                            </customfields>
    </item>


</channel>
</rss>