<rss version="0.92">
    <channel>
        <title>ASF JIRA</title>
        <link>https://issues.apache.org/jira/issues/?jql=project+%3D+MATH+and+type+%3D+bug+and+%28status+%3D+RESOLVED+or+status+%3D+closed%29+and+resolution+%3D+Fixed+and+fixVersion+%21%3D+None++and+affectedVersion+%21%3D+None++and+affectedVersion+%21%3D+%22Nightly+Build%22</link>
        <description>An XML representation of a search request</description>
                <language>en-uk</language>
                        <issue start="0" end="335" total="335" />
                <build-info>
            <version>8.20.1</version>
            <build-number>820001</build-number>
            <build-date>28-10-2021</build-date>
        </build-info>

<item>
            <title>[MATH-619] ADJUSTED R SQUARED INCORRECT IN REGRESSION RESULTS</title>
                <link>https://issues.apache.org/jira/browse/MATH-619</link>
                <project id="12310485" key="MATH">Commons Math</project>
                    <description>&lt;p&gt;I forgot to cast to double when dividing two integers:&lt;/p&gt;

&lt;p&gt;            this.globalFitInfo&lt;span class="error"&gt;&amp;#91;ADJRSQ_IDX&amp;#93;&lt;/span&gt; = 1.0 - &lt;br/&gt;
                    (1.0 - this.globalFitInfo&lt;span class="error"&gt;&amp;#91;RSQ_IDX&amp;#93;&lt;/span&gt;) *&lt;br/&gt;
                    (  nobs / ( (nobs - rank)));&lt;br/&gt;
Should be&lt;br/&gt;
            this.globalFitInfo&lt;span class="error"&gt;&amp;#91;ADJRSQ_IDX&amp;#93;&lt;/span&gt; = 1.0 - &lt;br/&gt;
                    (1.0 - this.globalFitInfo&lt;span class="error"&gt;&amp;#91;RSQ_IDX&amp;#93;&lt;/span&gt;) *&lt;br/&gt;
                    ( (double) nobs / ( (double) (nobs - rank)));&lt;/p&gt;

&lt;p&gt;Patch attached.&lt;/p&gt;</description>
                <environment>&lt;p&gt;Java&lt;/p&gt;</environment>
        <key id="12514014">MATH-619</key>
            <summary>ADJUSTED R SQUARED INCORRECT IN REGRESSION RESULTS</summary>
                <type id="1" iconUrl="https://issues.apache.org/jira/secure/viewavatar?size=xsmall&amp;avatarId=21133&amp;avatarType=issuetype">Bug</type>
                                            <priority id="3" iconUrl="https://issues.apache.org/jira/images/icons/priorities/major.svg">Major</priority>
                        <status id="6" iconUrl="https://issues.apache.org/jira/images/icons/statuses/closed.png" description="The issue is considered finished, the resolution is correct. Issues which are not closed can be reopened.">Closed</status>
                    <statusCategory id="3" key="done" colorName="green" />
                                    <resolution id="1">Fixed</resolution>
                                        <assignee username="-1">Unassigned</assignee>
                                    <reporter username="gsteri1">greg sterijevski</reporter>
                        <labels>
                    </labels>
                <created>Thu, 14 Jul 2011 05:33:27 +0000</created>
                <updated>Sat, 24 Mar 2012 16:16:43 +0000</updated>
                            <resolved>Thu, 14 Jul 2011 06:15:50 +0000</resolved>
                                    <version>3.0</version>
                                    <fixVersion>3.0</fixVersion>
                                        <due />
                            <votes>0</votes>
                                    <watches>0</watches>
                                                                <comments>
                            <comment id="13065077" author="psteitz" created="Thu, 14 Jul 2011 06:15:50 +0000">&lt;p&gt;Fixed in r1146575.  Lets keep the updates (including test cases &lt;img class="emoticon" src="https://issues.apache.org/jira/images/icons/emoticons/smile.png" height="16" width="16" align="absmiddle" alt="" border="0"/&gt; for RegressionResults on (still open) &lt;a href="https://issues.apache.org/jira/browse/MATH-607" title="Current Multiple Regression Object does calculations with all data incore. There are non incore techniques which would be useful with large datasets." class="issue-link" data-issue-key="MATH-607"&gt;&lt;del&gt;MATH-607&lt;/del&gt;&lt;/a&gt;.  We can use separate issues for implementations; but we should keep the updates to RegressionResults attached to that issue.&lt;/p&gt;</comment>
                    </comments>
                    <attachments>
                            <attachment id="12486407" name="regres" size="1239" author="gsteri1" created="Thu, 14 Jul 2011 05:33:57 +0000" />
                    </attachments>
                <subtasks>
                    </subtasks>
                <customfields>
                                                                                                                                                                                                                                                                                                                                                                                                                                                                                                                                                                                                                                                                                                                    <customfield id="customfield_12314020" key="com.atlassian.jira.plugins.jira-development-integration-plugin:devsummary">
                        <customfieldname>Development</customfieldname>
                        <customfieldvalues>
                            
                        </customfieldvalues>
                    </customfield>
                                                                                                                        <customfield id="customfield_12313422" key="com.atlassian.jirafisheyeplugin:jobcheckbox">
                        <customfieldname>Enable Automatic Patch Review</customfieldname>
                        <customfieldvalues>
                            <customfieldvalue>false</customfieldvalue>

                        </customfieldvalues>
                    </customfield>
                                                                                                                                                                                                                                                                                                                                                                                                                                                                                                                                                                                                                                                <customfield id="customfield_12310420" key="com.pyxis.greenhopper.jira:gh-global-rank">
                        <customfieldname>Global Rank</customfieldname>
                        <customfieldvalues>
                            <customfieldvalue>68104</customfieldvalue>
                        </customfieldvalues>
                    </customfield>
                                                                                                                                                                                                                                                                                                                                                                                                                                                                        <customfield id="customfield_12311820" key="com.pyxis.greenhopper.jira:gh-lexo-rank">
                        <customfieldname>Rank</customfieldname>
                        <customfieldvalues>
                            <customfieldvalue>0|i0ap4v:</customfieldvalue>

                        </customfieldvalues>
                    </customfield>
                                                                <customfield id="customfield_12310920" key="com.pyxis.greenhopper.jira:gh-global-rank">
                        <customfieldname>Rank (Obsolete)</customfieldname>
                        <customfieldvalues>
                            <customfieldvalue>60345</customfieldvalue>
                        </customfieldvalues>
                    </customfield>
                                                                                                                                                                                                                                                                                                                                                                                                                                                                                                                                                                                                                                                                                                                                                                                                                                                                                                            </customfields>
    </item>


</channel>
</rss>