<rss version="0.92">
    <channel>
        <title>ASF JIRA</title>
        <link>https://issues.apache.org/jira/issues/?jql=project+%3D+MATH+and+type+%3D+bug+and+%28status+%3D+RESOLVED+or+status+%3D+closed%29+and+resolution+%3D+Fixed+and+fixVersion+%21%3D+None++and+affectedVersion+%21%3D+None++and+affectedVersion+%21%3D+%22Nightly+Build%22</link>
        <description>An XML representation of a search request</description>
                <language>en-uk</language>
                        <issue start="0" end="335" total="335" />
                <build-info>
            <version>8.20.1</version>
            <build-number>820001</build-number>
            <build-date>28-10-2021</build-date>
        </build-info>

<item>
            <title>[MATH-484] events detection in ODE solvers is too complex and not robust</title>
                <link>https://issues.apache.org/jira/browse/MATH-484</link>
                <project id="12310485" key="MATH">Commons Math</project>
                    <description>&lt;p&gt;All ODE solvers support multiple events detection since a long time. Events are specified by users by implementing the EventHandler interface. Events occur when the g(t, y) function evaluates to 0. When an event occurs, the solver step is shortened to make sure the event is located at the end of the step, and the event is triggered by calling the eventOccurred method in the user defined implementation class. Depending on the return value of this method, integration can continue, it can be stopped, or the state vector can be reset.&lt;/p&gt;

&lt;p&gt;Some ODE solvers are adaptive step size solvers. They can modify step size to match an integration error setting, increasing step size when error is low (thus reducing computing costs) or reducing step size when error is high (thus fulfilling accuracy requirements).&lt;/p&gt;

&lt;p&gt;The step adaptations due to events on one side and due to adaptive step size solvers are quite intricate by now, due to numerous fixes (&lt;a href="https://issues.apache.org/jira/browse/MATH-161" title="patch for Mantissa" class="issue-link" data-issue-key="MATH-161"&gt;&lt;del&gt;MATH-161&lt;/del&gt;&lt;/a&gt;, &lt;a href="https://issues.apache.org/jira/browse/MATH-213" title="FirstOrderIntegrator.integrate does not give back integration stop time when an event handler stops integration" class="issue-link" data-issue-key="MATH-213"&gt;&lt;del&gt;MATH-213&lt;/del&gt;&lt;/a&gt;, &lt;a href="https://issues.apache.org/jira/browse/MATH-322" title="during ODE integration, the last event in a pair of very close event may not be detected" class="issue-link" data-issue-key="MATH-322"&gt;&lt;del&gt;MATH-322&lt;/del&gt;&lt;/a&gt;, &lt;a href="https://issues.apache.org/jira/browse/MATH-358" title="ODE integrator goes past specified end of integration range" class="issue-link" data-issue-key="MATH-358"&gt;&lt;del&gt;MATH-358&lt;/del&gt;&lt;/a&gt;, &lt;a href="https://issues.apache.org/jira/browse/MATH-421" title="restarting an ODE solver that has been stopped by an event doesn&amp;#39;t work" class="issue-link" data-issue-key="MATH-421"&gt;&lt;del&gt;MATH-421&lt;/del&gt;&lt;/a&gt; and also during standard maintenance - see for example r781157). The code is very difficult to maintain. It seems each bug fix introduces new bugs (r781157/&lt;a href="https://issues.apache.org/jira/browse/MATH-322" title="during ODE integration, the last event in a pair of very close event may not be detected" class="issue-link" data-issue-key="MATH-322"&gt;&lt;del&gt;MATH-322&lt;/del&gt;&lt;/a&gt;) or tighten the link between adaptive step size and event detection (&lt;a href="https://issues.apache.org/jira/browse/MATH-388" title="ODE integrator: different size needed for state vector and tolerance error vector dimension" class="issue-link" data-issue-key="MATH-388"&gt;&lt;del&gt;MATH-388&lt;/del&gt;&lt;/a&gt;/r927202).&lt;/p&gt;

&lt;p&gt;A new bug discovered recently on an external library using a slightly modified version of this code could not be retroffitted into commons-math, despite the same problem is present. At the beginning of EventState.evaluateStep, the initial step may be exactly 0 thus preventing root solving, but preventing this size to drop to 0 would reopen &lt;a href="https://issues.apache.org/jira/browse/MATH-388" title="ODE integrator: different size needed for state vector and tolerance error vector dimension" class="issue-link" data-issue-key="MATH-388"&gt;&lt;del&gt;MATH-388&lt;/del&gt;&lt;/a&gt;. I could not fix both bugs at the same time.&lt;/p&gt;

&lt;p&gt;So it is now time to untangle events detection and adaptive step size, simplify code, and remove some inefficiency (event root solving is always done twice, once before step truncation and another time after truncation, of course with slightly different results, events shortened steps induce high computation load until the integrator recovers its optimal pace again, steps are rejected even when the event does not requires it ...).&lt;/p&gt;</description>
                <environment />
        <key id="12495935">MATH-484</key>
            <summary>events detection in ODE solvers is too complex and not robust</summary>
                <type id="1" iconUrl="https://issues.apache.org/jira/secure/viewavatar?size=xsmall&amp;avatarId=21133&amp;avatarType=issuetype">Bug</type>
                                            <priority id="3" iconUrl="https://issues.apache.org/jira/images/icons/priorities/major.svg">Major</priority>
                        <status id="6" iconUrl="https://issues.apache.org/jira/images/icons/statuses/closed.png" description="The issue is considered finished, the resolution is correct. Issues which are not closed can be reopened.">Closed</status>
                    <statusCategory id="3" key="done" colorName="green" />
                                    <resolution id="1">Fixed</resolution>
                                        <assignee username="luc">Luc Maisonobe</assignee>
                                    <reporter username="luc">Luc Maisonobe</reporter>
                        <labels>
                    </labels>
                <created>Tue, 18 Jan 2011 20:49:51 +0000</created>
                <updated>Wed, 23 Mar 2011 20:35:01 +0000</updated>
                            <resolved>Mon, 14 Feb 2011 14:20:29 +0000</resolved>
                                    <version>2.1</version>
                                    <fixVersion>2.2</fixVersion>
                                        <due />
                            <votes>0</votes>
                                    <watches>0</watches>
                                                                <comments>
                            <comment id="12984395" author="luc" created="Thu, 20 Jan 2011 20:57:36 +0000">&lt;p&gt;fixed in subversion repository as of r1061507 for branch 2.X and as of r1061508 for trunk&lt;/p&gt;</comment>
                            <comment id="12994291" author="luc" created="Mon, 14 Feb 2011 13:39:23 +0000">&lt;p&gt;The fix introduced in r1061507 fails in several cases. If several events of the same type occur within a single long step, only the first one is triggered. If several events of different types occur during a backward integration, they are triggered in the wrong order (i.e. they are triggered in forward occurrence time order instead of backward).&lt;/p&gt;</comment>
                            <comment id="12994307" author="luc" created="Mon, 14 Feb 2011 14:20:29 +0000">&lt;p&gt;fixed in subversion repository as of r1070498 for branch 2.X and r1070499 for trunk&lt;/p&gt;</comment>
                            <comment id="13010404" author="luc" created="Wed, 23 Mar 2011 20:35:01 +0000">&lt;p&gt;Closing issue as it was included in version 2.2, which has been released&lt;/p&gt;</comment>
                    </comments>
                    <attachments>
                    </attachments>
                <subtasks>
                    </subtasks>
                <customfields>
                                                                                                                                                                                                                                                                                                                                                                                                                                                                                                                                                                                                                                                                                                                    <customfield id="customfield_12314020" key="com.atlassian.jira.plugins.jira-development-integration-plugin:devsummary">
                        <customfieldname>Development</customfieldname>
                        <customfieldvalues>
                            
                        </customfieldvalues>
                    </customfield>
                                                                                                                        <customfield id="customfield_12313422" key="com.atlassian.jirafisheyeplugin:jobcheckbox">
                        <customfieldname>Enable Automatic Patch Review</customfieldname>
                        <customfieldvalues>
                            <customfieldvalue>false</customfieldvalue>

                        </customfieldvalues>
                    </customfield>
                                                                                                                                                                                                                                                                                                                                                                                                                                                                                                                                                                                                                                                <customfield id="customfield_12310420" key="com.pyxis.greenhopper.jira:gh-global-rank">
                        <customfieldname>Global Rank</customfieldname>
                        <customfieldvalues>
                            <customfieldvalue>34184</customfieldvalue>
                        </customfieldvalues>
                    </customfield>
                                                                                                                                                                                                                                                                                                                                                                                                                                                                        <customfield id="customfield_12311820" key="com.pyxis.greenhopper.jira:gh-lexo-rank">
                        <customfieldname>Rank</customfieldname>
                        <customfieldvalues>
                            <customfieldvalue>0|i0ru87:</customfieldvalue>

                        </customfieldvalues>
                    </customfield>
                                                                <customfield id="customfield_12310920" key="com.pyxis.greenhopper.jira:gh-global-rank">
                        <customfieldname>Rank (Obsolete)</customfieldname>
                        <customfieldvalues>
                            <customfieldvalue>160541</customfieldvalue>
                        </customfieldvalues>
                    </customfield>
                                                                                                                                                                                                                                                                                                                                                                                                                                                                                                                                                                                                                                                                                                                                                                                                                                                                                                            </customfields>
    </item>


</channel>
</rss>