<rss version="0.92">
    <channel>
        <title>ASF JIRA</title>
        <link>https://issues.apache.org/jira/issues/?jql=project+%3D+MATH+and+type+%3D+bug+and+%28status+%3D+RESOLVED+or+status+%3D+closed%29+and+resolution+%3D+Fixed+and+fixVersion+%21%3D+None++and+affectedVersion+%21%3D+None++and+affectedVersion+%21%3D+%22Nightly+Build%22</link>
        <description>An XML representation of a search request</description>
                <language>en-uk</language>
                        <issue start="0" end="335" total="335" />
                <build-info>
            <version>8.20.1</version>
            <build-number>820001</build-number>
            <build-date>28-10-2021</build-date>
        </build-info>

<item>
            <title>[MATH-288] SimplexSolver not working as expected 2</title>
                <link>https://issues.apache.org/jira/browse/MATH-288</link>
                <project id="12310485" key="MATH">Commons Math</project>
                    <description>&lt;p&gt;SimplexSolver didn't find the optimal solution.&lt;/p&gt;

&lt;p&gt;Program for Lpsolve:&lt;br/&gt;
=====================&lt;br/&gt;
/* Objective function */&lt;br/&gt;
max: 7 a 3 b;&lt;/p&gt;

&lt;p&gt;/* Constraints */&lt;br/&gt;
R1: +3 a -5 c &amp;lt;= 0;&lt;br/&gt;
R2: +2 a -5 d &amp;lt;= 0;&lt;br/&gt;
R3: +2 b -5 c &amp;lt;= 0;&lt;br/&gt;
R4: +3 b -5 d &amp;lt;= 0;&lt;br/&gt;
R5: +3 a +2 b &amp;lt;= 5;&lt;br/&gt;
R6: +2 a +3 b &amp;lt;= 5;&lt;/p&gt;

&lt;p&gt;/* Variable bounds */&lt;br/&gt;
a &amp;lt;= 1;&lt;br/&gt;
b &amp;lt;= 1;&lt;br/&gt;
=====================&lt;br/&gt;
Results(correct): a = 1, b = 1, value = 10&lt;/p&gt;


&lt;p&gt;Program for SimplexSolve:&lt;br/&gt;
=====================&lt;br/&gt;
LinearObjectiveFunction kritFcia = new LinearObjectiveFunction(new double[]&lt;/p&gt;
{7, 3, 0, 0}
&lt;p&gt;, 0);&lt;br/&gt;
Collection&amp;lt;LinearConstraint&amp;gt; podmienky = new ArrayList&amp;lt;LinearConstraint&amp;gt;();&lt;br/&gt;
podmienky.add(new LinearConstraint(new double[]&lt;/p&gt;
{1, 0, 0, 0}
&lt;p&gt;, Relationship.LEQ, 1));&lt;br/&gt;
podmienky.add(new LinearConstraint(new double[]&lt;/p&gt;
{0, 1, 0, 0}
&lt;p&gt;, Relationship.LEQ, 1));&lt;br/&gt;
podmienky.add(new LinearConstraint(new double[]&lt;/p&gt;
{3, 0, -5, 0}
&lt;p&gt;, Relationship.LEQ, 0));&lt;br/&gt;
podmienky.add(new LinearConstraint(new double[]&lt;/p&gt;
{2, 0, 0, -5}
&lt;p&gt;, Relationship.LEQ, 0));&lt;br/&gt;
podmienky.add(new LinearConstraint(new double[]&lt;/p&gt;
{0, 2, -5, 0}
&lt;p&gt;, Relationship.LEQ, 0));&lt;br/&gt;
podmienky.add(new LinearConstraint(new double[]&lt;/p&gt;
{0, 3, 0, -5}
&lt;p&gt;, Relationship.LEQ, 0));&lt;br/&gt;
podmienky.add(new LinearConstraint(new double[]&lt;/p&gt;
{3, 2, 0, 0}
&lt;p&gt;, Relationship.LEQ, 5));&lt;br/&gt;
podmienky.add(new LinearConstraint(new double[]&lt;/p&gt;
{2, 3, 0, 0}
&lt;p&gt;, Relationship.LEQ, 5));&lt;br/&gt;
SimplexSolver solver = new SimplexSolver();&lt;br/&gt;
RealPointValuePair result = solver.optimize(kritFcia, podmienky, GoalType.MAXIMIZE, true);&lt;br/&gt;
=====================&lt;br/&gt;
Results(incorrect): a = 1, b = 0.5, value = 8.5&lt;/p&gt;

&lt;p&gt;P.S. I used the latest software from the repository (including &lt;a href="https://issues.apache.org/jira/browse/MATH-286" title="SimplexSolver not working as expected?" class="issue-link" data-issue-key="MATH-286"&gt;&lt;del&gt;MATH-286&lt;/del&gt;&lt;/a&gt; fix).&lt;/p&gt;</description>
                <environment>&lt;p&gt;Java 1.6.0_13 on Windows XP 32-bit &lt;/p&gt;</environment>
        <key id="12433883">MATH-288</key>
            <summary>SimplexSolver not working as expected 2</summary>
                <type id="1" iconUrl="https://issues.apache.org/jira/secure/viewavatar?size=xsmall&amp;avatarId=21133&amp;avatarType=issuetype">Bug</type>
                                            <priority id="3" iconUrl="https://issues.apache.org/jira/images/icons/priorities/major.svg">Major</priority>
                        <status id="6" iconUrl="https://issues.apache.org/jira/images/icons/statuses/closed.png" description="The issue is considered finished, the resolution is correct. Issues which are not closed can be reopened.">Closed</status>
                    <statusCategory id="3" key="done" colorName="green" />
                                    <resolution id="1">Fixed</resolution>
                                        <assignee username="-1">Unassigned</assignee>
                                    <reporter username="kefa">Stefan Radacovsky</reporter>
                        <labels>
                    </labels>
                <created>Mon, 24 Aug 2009 22:31:11 +0000</created>
                <updated>Wed, 14 Apr 2010 00:30:17 +0000</updated>
                            <resolved>Tue, 25 Aug 2009 18:10:08 +0000</resolved>
                                    <version>2.1</version>
                                    <fixVersion>2.1</fixVersion>
                                        <due />
                            <votes>0</votes>
                                    <watches>1</watches>
                                    <timeoriginalestimate seconds="28800">8h</timeoriginalestimate>
                            <timeestimate seconds="28800">8h</timeestimate>
                                        <comments>
                            <comment id="12747167" author="bmccann" created="Tue, 25 Aug 2009 01:06:07 +0000">&lt;p&gt;Thanks for the bug report.  I've confirmed this is an issue.&lt;/p&gt;

&lt;p&gt;Here's a slightly smaller version of the problem that causes the same bug, which might be easier for debugging:&lt;/p&gt;

&lt;p&gt;MAX 7 a + 3 b&lt;br/&gt;
s.t.&lt;br/&gt;
3 a -5 c &amp;lt;= 0&lt;br/&gt;
2 a -5 d &amp;lt;= 0&lt;br/&gt;
3 b -5 d &amp;lt;= 0&lt;br/&gt;
a &amp;lt;= 1&lt;br/&gt;
b &amp;lt;= 1&lt;/p&gt;

&lt;p&gt;        LinearObjectiveFunction f = new LinearObjectiveFunction(new double[] &lt;/p&gt;
{ 7, 3, 0, 0 }
&lt;p&gt;, 0 );&lt;br/&gt;
        Collection&amp;lt;LinearConstraint&amp;gt; constraints = new ArrayList&amp;lt;LinearConstraint&amp;gt;();&lt;br/&gt;
        constraints.add(new LinearConstraint(new double[] &lt;/p&gt;
{ 3, 0, -5, 0 }
&lt;p&gt;, Relationship.LEQ, 0.0));&lt;br/&gt;
        constraints.add(new LinearConstraint(new double[] &lt;/p&gt;
{ 2, 0, 0, -5 }
&lt;p&gt;, Relationship.LEQ, 0.0));&lt;br/&gt;
        constraints.add(new LinearConstraint(new double[] &lt;/p&gt;
{ 0, 3, 0, -5 }
&lt;p&gt;, Relationship.LEQ, 0.0));&lt;br/&gt;
        constraints.add(new LinearConstraint(new double[] &lt;/p&gt;
{ 1, 0, 0, 0 }
&lt;p&gt;, Relationship.LEQ, 1.0));&lt;br/&gt;
        constraints.add(new LinearConstraint(new double[] &lt;/p&gt;
{ 0, 1, 0, 0 }
&lt;p&gt;, Relationship.LEQ, 1.0));&lt;/p&gt;

&lt;p&gt;        SimplexSolver solver = new SimplexSolver();&lt;br/&gt;
        RealPointValuePair solution = solver.optimize(f, constraints, GoalType.MAXIMIZE, true);&lt;br/&gt;
        assertEquals(10.0, solution.getValue(), .0000001);&lt;/p&gt;</comment>
                            <comment id="12747192" author="bmccann" created="Tue, 25 Aug 2009 02:17:05 +0000">&lt;p&gt;Patch attached.  It was a 1 character bug.  I was saying to only do the minimum ratio test if the entry is &amp;gt;= 0, but it should have been &amp;gt; 0 (dividing by 0 is never good :o)&lt;br/&gt;
Thanks again for the bug report.&lt;/p&gt;</comment>
                            <comment id="12747531" author="luc" created="Tue, 25 Aug 2009 18:10:08 +0000">&lt;p&gt;resolved in subversion repository as of r807738&lt;br/&gt;
patch applied (except for debug print function)&lt;br/&gt;
thanks for the repoart and thanks for the patch&lt;/p&gt;</comment>
                    </comments>
                    <attachments>
                            <attachment id="12417557" name="SimplexSolver.patch" size="822" author="bmccann" created="Tue, 25 Aug 2009 02:17:05 +0000" />
                            <attachment id="12417558" name="SimplexSolverTest.patch" size="3232" author="bmccann" created="Tue, 25 Aug 2009 02:17:05 +0000" />
                            <attachment id="12417559" name="SimplexTableau.patch" size="1877" author="bmccann" created="Tue, 25 Aug 2009 02:17:05 +0000" />
                    </attachments>
                <subtasks>
                    </subtasks>
                <customfields>
                                                                                                                                                                                                                                                                                                                                                                                                                                                                                                                                                                                                                                                                                                                    <customfield id="customfield_12314020" key="com.atlassian.jira.plugins.jira-development-integration-plugin:devsummary">
                        <customfieldname>Development</customfieldname>
                        <customfieldvalues>
                            
                        </customfieldvalues>
                    </customfield>
                                                                                                                        <customfield id="customfield_12313422" key="com.atlassian.jirafisheyeplugin:jobcheckbox">
                        <customfieldname>Enable Automatic Patch Review</customfieldname>
                        <customfieldvalues>
                            <customfieldvalue>false</customfieldvalue>

                        </customfieldvalues>
                    </customfield>
                                                                                                                                                                                                                                                                                                                                                                                                                                                                                                                                                                                                                                                <customfield id="customfield_12310420" key="com.pyxis.greenhopper.jira:gh-global-rank">
                        <customfieldname>Global Rank</customfieldname>
                        <customfieldvalues>
                            <customfieldvalue>34178</customfieldvalue>
                        </customfieldvalues>
                    </customfield>
                                                                                                                                                                                                                                                                                                                                                                                                                                                                        <customfield id="customfield_12311820" key="com.pyxis.greenhopper.jira:gh-lexo-rank">
                        <customfieldname>Rank</customfieldname>
                        <customfieldvalues>
                            <customfieldvalue>0|i0rvdr:</customfieldvalue>

                        </customfieldvalues>
                    </customfield>
                                                                <customfield id="customfield_12310920" key="com.pyxis.greenhopper.jira:gh-global-rank">
                        <customfieldname>Rank (Obsolete)</customfieldname>
                        <customfieldvalues>
                            <customfieldvalue>160728</customfieldvalue>
                        </customfieldvalues>
                    </customfield>
                                                                                                                                                                                                                                                                                                                                                                                                                                                                                                                                                                                                                                                                                                                                                                                                                                                                                                            </customfields>
    </item>


</channel>
</rss>