<rss version="0.92">
    <channel>
        <title>ASF JIRA</title>
        <link>https://issues.apache.org/jira/issues/?jql=project+%3D+MATH+and+type+%3D+bug+and+%28status+%3D+RESOLVED+or+status+%3D+closed%29+and+resolution+%3D+Fixed+and+fixVersion+%21%3D+None++and+affectedVersion+%21%3D+None++and+affectedVersion+%21%3D+%22Nightly+Build%22</link>
        <description>An XML representation of a search request</description>
                <language>en-uk</language>
                        <issue start="0" end="335" total="335" />
                <build-info>
            <version>8.20.1</version>
            <build-number>820001</build-number>
            <build-date>28-10-2021</build-date>
        </build-info>

<item>
            <title>[MATH-322] during ODE integration, the last event in a pair of very close event may not be detected</title>
                <link>https://issues.apache.org/jira/browse/MATH-322</link>
                <project id="12310485" key="MATH">Commons Math</project>
                    <description>&lt;p&gt;When an events follows a previous one very closely, it may be ignored. The occurrence of the bug depends on the side of the bracketing interval that was selected. For example consider a switching function that is increasing around first event around t = 90, reaches its maximum and is decreasing around the second event around t = 135. If an integration step spans from 67.5 and 112.5, the switching function values at start and end of step will  have opposite signs, so the first event will be detected. The solver will find the event really occurs at 90.0 and will therefore truncate the step at 90.0. The next step will start from where the first step ends, i.e. it will start at 90.0. Let's say this step spans from 90.0 to 153.0. The switching function switches once again in this step.&lt;/p&gt;

&lt;p&gt;If the solver for the first event converged to a value slightly before 90.0 (say 89.9999999), then the switch will not be detected because g(89.9999999) and g(153.0) are both negative.&lt;/p&gt;

&lt;p&gt;This bug was introduced as of r781157 (2009-06-02) when special handling of events very close to step start was added.&lt;/p&gt;</description>
                <environment>&lt;p&gt;All&lt;/p&gt;</environment>
        <key id="12442588">MATH-322</key>
            <summary>during ODE integration, the last event in a pair of very close event may not be detected</summary>
                <type id="1" iconUrl="https://issues.apache.org/jira/secure/viewavatar?size=xsmall&amp;avatarId=21133&amp;avatarType=issuetype">Bug</type>
                                            <priority id="3" iconUrl="https://issues.apache.org/jira/images/icons/priorities/major.svg">Major</priority>
                        <status id="6" iconUrl="https://issues.apache.org/jira/images/icons/statuses/closed.png" description="The issue is considered finished, the resolution is correct. Issues which are not closed can be reopened.">Closed</status>
                    <statusCategory id="3" key="done" colorName="green" />
                                    <resolution id="1">Fixed</resolution>
                                        <assignee username="luc">Luc Maisonobe</assignee>
                                    <reporter username="luc">Luc Maisonobe</reporter>
                        <labels>
                    </labels>
                <created>Sun, 6 Dec 2009 23:01:35 +0000</created>
                <updated>Sat, 3 Apr 2010 20:48:07 +0000</updated>
                            <resolved>Sun, 6 Dec 2009 23:06:04 +0000</resolved>
                                    <version>2.0</version>
                                    <fixVersion>2.1</fixVersion>
                                        <due />
                            <votes>0</votes>
                                    <watches>0</watches>
                                                                <comments>
                            <comment id="12786733" author="luc" created="Sun, 6 Dec 2009 23:06:04 +0000">&lt;p&gt;fixed in subversion repository as of r887794&lt;/p&gt;</comment>
                    </comments>
                    <attachments>
                    </attachments>
                <subtasks>
                    </subtasks>
                <customfields>
                                                                                                                                                                                                                                                                                                                                                                                                                                                                                                                                                                                                                                                                                                                    <customfield id="customfield_12314020" key="com.atlassian.jira.plugins.jira-development-integration-plugin:devsummary">
                        <customfieldname>Development</customfieldname>
                        <customfieldvalues>
                            
                        </customfieldvalues>
                    </customfield>
                                                                                                                        <customfield id="customfield_12313422" key="com.atlassian.jirafisheyeplugin:jobcheckbox">
                        <customfieldname>Enable Automatic Patch Review</customfieldname>
                        <customfieldvalues>
                            <customfieldvalue>false</customfieldvalue>

                        </customfieldvalues>
                    </customfield>
                                                                                                                                                                                                                                                                                                                                                                                                                                                                                                                                                                                                                                                <customfield id="customfield_12310420" key="com.pyxis.greenhopper.jira:gh-global-rank">
                        <customfieldname>Global Rank</customfieldname>
                        <customfieldvalues>
                            <customfieldvalue>34217</customfieldvalue>
                        </customfieldvalues>
                    </customfield>
                                                                                                                                                                                                                                                                                                                                                                                                                                                                        <customfield id="customfield_12311820" key="com.pyxis.greenhopper.jira:gh-lexo-rank">
                        <customfieldname>Rank</customfieldname>
                        <customfieldvalues>
                            <customfieldvalue>0|i0rv6f:</customfieldvalue>

                        </customfieldvalues>
                    </customfield>
                                                                <customfield id="customfield_12310920" key="com.pyxis.greenhopper.jira:gh-global-rank">
                        <customfieldname>Rank (Obsolete)</customfieldname>
                        <customfieldvalues>
                            <customfieldvalue>160695</customfieldvalue>
                        </customfieldvalues>
                    </customfield>
                                                                                                                                                                                                                                                                                                                                                                                                                                                                                                                                                                                                                                                                                                                                                                                                                                                                                                            </customfields>
    </item>


</channel>
</rss>