<rss version="0.92">
    <channel>
        <title>ASF JIRA</title>
        <link>https://issues.apache.org/jira/issues/?jql=project+%3D+MATH+and+type+%3D+bug+and+%28status+%3D+RESOLVED+or+status+%3D+closed%29+and+resolution+%3D+Fixed+and+fixVersion+%21%3D+None++and+affectedVersion+%21%3D+None++and+affectedVersion+%21%3D+%22Nightly+Build%22</link>
        <description>An XML representation of a search request</description>
                <language>en-uk</language>
                        <issue start="0" end="335" total="335" />
                <build-info>
            <version>8.20.1</version>
            <build-number>820001</build-number>
            <build-date>28-10-2021</build-date>
        </build-info>

<item>
            <title>[MATH-1093] arcs set split covers full circle instead of being empty</title>
                <link>https://issues.apache.org/jira/browse/MATH-1093</link>
                <project id="12310485" key="MATH">Commons Math</project>
                    <description>&lt;p&gt;When splitting an arcs set using an arc very close to one of the boundaries (but not at the boundary), the algorithm confuses cases for which end - start = 2pi from cases for which end - start = epsilon.&lt;/p&gt;

&lt;p&gt;The following test case shows such a failure:&lt;/p&gt;
&lt;div class="code panel" style="border-width: 1px;"&gt;&lt;div class="codeContent panelContent"&gt;
&lt;pre class="code-java"&gt;    @Test
    &lt;span class="code-keyword"&gt;public&lt;/span&gt; void testSplitWithinEpsilon() {
        &lt;span class="code-object"&gt;double&lt;/span&gt; epsilon = 1.0e-10;
        &lt;span class="code-object"&gt;double&lt;/span&gt; a = 6.25;
        &lt;span class="code-object"&gt;double&lt;/span&gt; b = a - 0.5 * epsilon;
        ArcsSet set = &lt;span class="code-keyword"&gt;new&lt;/span&gt; ArcsSet(a - 1, a, epsilon);
        Arc arc = &lt;span class="code-keyword"&gt;new&lt;/span&gt; Arc(b, b + FastMath.PI, epsilon);
        ArcsSet.Split split = set.split(arc);
        Assert.assertEquals(set.getSize(), split.getPlus().getSize(),  epsilon);
        Assert.assertNull(split.getMinus());
    }
&lt;/pre&gt;
&lt;/div&gt;&lt;/div&gt;

&lt;p&gt;The last assertion (split.getMinus() being null) fails, as with current code split.getMinus() covers the full circle from 0 to 2pi.&lt;/p&gt;</description>
                <environment />
        <key id="12691036">MATH-1093</key>
            <summary>arcs set split covers full circle instead of being empty</summary>
                <type id="1" iconUrl="https://issues.apache.org/jira/secure/viewavatar?size=xsmall&amp;avatarId=21133&amp;avatarType=issuetype">Bug</type>
                                            <priority id="3" iconUrl="https://issues.apache.org/jira/images/icons/priorities/major.svg">Major</priority>
                        <status id="6" iconUrl="https://issues.apache.org/jira/images/icons/statuses/closed.png" description="The issue is considered finished, the resolution is correct. Issues which are not closed can be reopened.">Closed</status>
                    <statusCategory id="3" key="done" colorName="green" />
                                    <resolution id="1">Fixed</resolution>
                                        <assignee username="-1">Unassigned</assignee>
                                    <reporter username="luc">Luc Maisonobe</reporter>
                        <labels>
                    </labels>
                <created>Fri, 24 Jan 2014 14:11:26 +0000</created>
                <updated>Mon, 19 May 2014 15:13:31 +0000</updated>
                            <resolved>Fri, 24 Jan 2014 16:04:37 +0000</resolved>
                                    <version>3.3</version>
                                    <fixVersion>3.3</fixVersion>
                                        <due />
                            <votes>0</votes>
                                    <watches>1</watches>
                                                                <comments>
                            <comment id="13881089" author="luc" created="Fri, 24 Jan 2014 16:04:37 +0000">&lt;p&gt;Fixed in subversion repository as of r1561047.&lt;/p&gt;</comment>
                            <comment id="14001845" author="luc" created="Mon, 19 May 2014 15:13:31 +0000">&lt;p&gt;Closing all resolved issue now available in released 3.3 version.&lt;/p&gt;</comment>
                    </comments>
                    <attachments>
                    </attachments>
                <subtasks>
                    </subtasks>
                <customfields>
                                                                                                                                                                                                                                                                                                                                                                                                                                                                                                                                                                                                                                                                                                                    <customfield id="customfield_12314020" key="com.atlassian.jira.plugins.jira-development-integration-plugin:devsummary">
                        <customfieldname>Development</customfieldname>
                        <customfieldvalues>
                            
                        </customfieldvalues>
                    </customfield>
                                                                                                                        <customfield id="customfield_12313422" key="com.atlassian.jirafisheyeplugin:jobcheckbox">
                        <customfieldname>Enable Automatic Patch Review</customfieldname>
                        <customfieldvalues>
                            <customfieldvalue>false</customfieldvalue>

                        </customfieldvalues>
                    </customfield>
                                                                                                                                                                                                                                                                                                                                                                                                                                                                                                                                                                                                                                                <customfield id="customfield_12310420" key="com.pyxis.greenhopper.jira:gh-global-rank">
                        <customfieldname>Global Rank</customfieldname>
                        <customfieldvalues>
                            <customfieldvalue>369779</customfieldvalue>
                        </customfieldvalues>
                    </customfield>
                                                                                                                                                                                                                                                                                                                                                                                                                                                                        <customfield id="customfield_12311820" key="com.pyxis.greenhopper.jira:gh-lexo-rank">
                        <customfieldname>Rank</customfieldname>
                        <customfieldvalues>
                            <customfieldvalue>0|i1rqe7:</customfieldvalue>

                        </customfieldvalues>
                    </customfield>
                                                                <customfield id="customfield_12310920" key="com.pyxis.greenhopper.jira:gh-global-rank">
                        <customfieldname>Rank (Obsolete)</customfieldname>
                        <customfieldvalues>
                            <customfieldvalue>370081</customfieldvalue>
                        </customfieldvalues>
                    </customfield>
                                                                                                                                                                                                                                                                                                                                                                                                                                                                                                                                                                                                                                                                                                                                                                                                                                                                                                            </customfields>
    </item>


</channel>
</rss>