<rss version="0.92">
    <channel>
        <title>ASF JIRA</title>
        <link>https://issues.apache.org/jira/issues/?jql=project+%3D+MATH+and+type+%3D+bug+and+%28status+%3D+RESOLVED+or+status+%3D+closed%29+and+resolution+%3D+Fixed+and+fixVersion+%21%3D+None++and+affectedVersion+%21%3D+None++and+affectedVersion+%21%3D+%22Nightly+Build%22</link>
        <description>An XML representation of a search request</description>
                <language>en-uk</language>
                        <issue start="0" end="335" total="335" />
                <build-info>
            <version>8.20.1</version>
            <build-number>820001</build-number>
            <build-date>28-10-2021</build-date>
        </build-info>

<item>
            <title>[MATH-502] FastMath scalb() does not handle large magnitude exponents correctly</title>
                <link>https://issues.apache.org/jira/browse/MATH-502</link>
                <project id="12310485" key="MATH">Commons Math</project>
                    <description>&lt;p&gt;scalb does not handle MAX_VALUE exponents properly:&lt;/p&gt;

&lt;p&gt;double scalb(-1.7976931348623157E308, 2147483647) expected -Infinity actual -8.988465674311579E307 entries &lt;span class="error"&gt;&amp;#91;6, 5&amp;#93;&lt;/span&gt;&lt;br/&gt;
double scalb(1.7976931348623157E308, 2147483647) expected Infinity actual 8.988465674311579E307 entries &lt;span class="error"&gt;&amp;#91;7, 5&amp;#93;&lt;/span&gt;&lt;br/&gt;
double scalb(-1.1102230246251565E-16, 2147483647) expected -Infinity actual -5.551115123125783E-17 entries &lt;span class="error"&gt;&amp;#91;8, 5&amp;#93;&lt;/span&gt;&lt;br/&gt;
double scalb(1.1102230246251565E-16, 2147483647) expected Infinity actual 5.551115123125783E-17 entries &lt;span class="error"&gt;&amp;#91;9, 5&amp;#93;&lt;/span&gt;&lt;br/&gt;
double scalb(-2.2250738585072014E-308, 2147483647) expected -Infinity actual -0.0 entries &lt;span class="error"&gt;&amp;#91;10, 5&amp;#93;&lt;/span&gt;&lt;br/&gt;
double scalb(2.2250738585072014E-308, 2147483647) expected Infinity actual 0.0 entries &lt;span class="error"&gt;&amp;#91;11, 5&amp;#93;&lt;/span&gt;&lt;/p&gt;

&lt;p&gt;float scalb(3.4028235E38, 2147483647) expected Infinity actual 1.7014117E38 entries &lt;span class="error"&gt;&amp;#91;7, 5&amp;#93;&lt;/span&gt;&lt;br/&gt;
float scalb(-3.4028235E38, 2147483647) expected -Infinity actual -1.7014117E38 entries &lt;span class="error"&gt;&amp;#91;9, 5&amp;#93;&lt;/span&gt;&lt;/p&gt;

&lt;p&gt;It looks as though the problem is with the calculation of the scaledExponent - for large values, this can wrap round, so some of the checks against its value may give misleading results.&lt;/p&gt;</description>
                <environment />
        <key id="12496590">MATH-502</key>
            <summary>FastMath scalb() does not handle large magnitude exponents correctly</summary>
                <type id="1" iconUrl="https://issues.apache.org/jira/secure/viewavatar?size=xsmall&amp;avatarId=21133&amp;avatarType=issuetype">Bug</type>
                                            <priority id="3" iconUrl="https://issues.apache.org/jira/images/icons/priorities/major.svg">Major</priority>
                        <status id="6" iconUrl="https://issues.apache.org/jira/images/icons/statuses/closed.png" description="The issue is considered finished, the resolution is correct. Issues which are not closed can be reopened.">Closed</status>
                    <statusCategory id="3" key="done" colorName="green" />
                                    <resolution id="1">Fixed</resolution>
                                        <assignee username="-1">Unassigned</assignee>
                                    <reporter username="sebb">Sebb</reporter>
                        <labels>
                    </labels>
                <created>Mon, 24 Jan 2011 19:15:59 +0000</created>
                <updated>Wed, 23 Mar 2011 20:39:04 +0000</updated>
                            <resolved>Mon, 24 Jan 2011 19:24:13 +0000</resolved>
                                    <version>2.2</version>
                    <version>3.0</version>
                                    <fixVersion>2.2</fixVersion>
                    <fixVersion>3.0</fixVersion>
                                        <due />
                            <votes>0</votes>
                                    <watches>0</watches>
                                                                <comments>
                            <comment id="12985919" author="luc" created="Mon, 24 Jan 2011 19:24:13 +0000">&lt;p&gt;fixed in subversion repository as of r1062928 for trunk and r1062929 for branch 2.X&lt;/p&gt;</comment>
                            <comment id="13010418" author="luc" created="Wed, 23 Mar 2011 20:39:04 +0000">&lt;p&gt;Closing issue as it was included in version 2.2, which has been released&lt;/p&gt;</comment>
                    </comments>
                    <attachments>
                    </attachments>
                <subtasks>
                    </subtasks>
                <customfields>
                                                                                                                                                                                                                                                                                                                                                                                                                                                                                                                                                                                                                                                                                                                    <customfield id="customfield_12314020" key="com.atlassian.jira.plugins.jira-development-integration-plugin:devsummary">
                        <customfieldname>Development</customfieldname>
                        <customfieldvalues>
                            
                        </customfieldvalues>
                    </customfield>
                                                                                                                        <customfield id="customfield_12313422" key="com.atlassian.jirafisheyeplugin:jobcheckbox">
                        <customfieldname>Enable Automatic Patch Review</customfieldname>
                        <customfieldvalues>
                            <customfieldvalue>false</customfieldvalue>

                        </customfieldvalues>
                    </customfield>
                                                                                                                                                                                                                                                                                                                                                                                                                                                                                                                                                                                                                                                <customfield id="customfield_12310420" key="com.pyxis.greenhopper.jira:gh-global-rank">
                        <customfieldname>Global Rank</customfieldname>
                        <customfieldvalues>
                            <customfieldvalue>150621</customfieldvalue>
                        </customfieldvalues>
                    </customfield>
                                                                                                                                                                                                                                                                                                                                                                                                                                                                        <customfield id="customfield_12311820" key="com.pyxis.greenhopper.jira:gh-lexo-rank">
                        <customfieldname>Rank</customfieldname>
                        <customfieldvalues>
                            <customfieldvalue>0|i0ru47:</customfieldvalue>

                        </customfieldvalues>
                    </customfield>
                                                                <customfield id="customfield_12310920" key="com.pyxis.greenhopper.jira:gh-global-rank">
                        <customfieldname>Rank (Obsolete)</customfieldname>
                        <customfieldvalues>
                            <customfieldvalue>160523</customfieldvalue>
                        </customfieldvalues>
                    </customfield>
                                                                                                                                                                                                                                                                                                                                                                                                                                                                                                                                                                                                                                                                                                                                                                                                                                                                                                            </customfields>
    </item>


</channel>
</rss>