<rss version="0.92">
    <channel>
        <title>ASF JIRA</title>
        <link>https://issues.apache.org/jira/issues/?jql=project+%3D+MATH+and+type+%3D+bug+and+%28status+%3D+RESOLVED+or+status+%3D+closed%29+and+resolution+%3D+Fixed+and+fixVersion+%21%3D+None++and+affectedVersion+%21%3D+None++and+affectedVersion+%21%3D+%22Nightly+Build%22</link>
        <description>An XML representation of a search request</description>
                <language>en-uk</language>
                        <issue start="0" end="335" total="335" />
                <build-info>
            <version>8.20.1</version>
            <build-number>820001</build-number>
            <build-date>28-10-2021</build-date>
        </build-info>

<item>
            <title>[MATH-292] TestUtils.assertRelativelyEquals() generates misleading error on failure</title>
                <link>https://issues.apache.org/jira/browse/MATH-292</link>
                <project id="12310485" key="MATH">Commons Math</project>
                    <description>&lt;p&gt;TestUtils.assertRelativelyEquals() generates misleading error on failure.&lt;/p&gt;

&lt;p&gt;For example:&lt;/p&gt;

&lt;p&gt;TestUtils.assertRelativelyEquals(1.0, 0.10427661385154971, 1.0e-9)&lt;/p&gt;

&lt;p&gt;generates the error message:&lt;/p&gt;

&lt;p&gt;junit.framework.AssertionFailedError: expected:&amp;lt;0.0&amp;gt; but was:&amp;lt;0.8957233861484503&amp;gt;&lt;/p&gt;

&lt;p&gt;which is not very helpful.&lt;/p&gt;</description>
                <environment />
        <key id="12434957">MATH-292</key>
            <summary>TestUtils.assertRelativelyEquals() generates misleading error on failure</summary>
                <type id="1" iconUrl="https://issues.apache.org/jira/secure/viewavatar?size=xsmall&amp;avatarId=21133&amp;avatarType=issuetype">Bug</type>
                                            <priority id="3" iconUrl="https://issues.apache.org/jira/images/icons/priorities/major.svg">Major</priority>
                        <status id="6" iconUrl="https://issues.apache.org/jira/images/icons/statuses/closed.png" description="The issue is considered finished, the resolution is correct. Issues which are not closed can be reopened.">Closed</status>
                    <statusCategory id="3" key="done" colorName="green" />
                                    <resolution id="1">Fixed</resolution>
                                        <assignee username="-1">Unassigned</assignee>
                                    <reporter username="sebb">Sebb</reporter>
                        <labels>
                    </labels>
                <created>Sun, 6 Sep 2009 22:04:34 +0000</created>
                <updated>Wed, 14 Apr 2010 00:25:38 +0000</updated>
                            <resolved>Wed, 9 Sep 2009 10:12:01 +0000</resolved>
                                    <version>2.0</version>
                                    <fixVersion>2.1</fixVersion>
                                        <due />
                            <votes>0</votes>
                                    <watches>0</watches>
                                                                <comments>
                            <comment id="12752132" author="sebb@apache.org" created="Mon, 7 Sep 2009 13:20:02 +0000">&lt;p&gt;Possible fix which converts the relative error to an absolute error.&lt;/p&gt;</comment>
                            <comment id="12752229" author="luc" created="Mon, 7 Sep 2009 18:03:07 +0000">&lt;p&gt;The patch seems good to me.&lt;br/&gt;
+1 to commit it&lt;/p&gt;</comment>
                            <comment id="12753012" author="sebb@apache.org" created="Wed, 9 Sep 2009 10:12:01 +0000">&lt;p&gt;URL: &lt;a href="http://svn.apache.org/viewvc?rev=812871&amp;amp;view=rev" class="external-link" target="_blank" rel="nofollow noopener"&gt;http://svn.apache.org/viewvc?rev=812871&amp;amp;view=rev&lt;/a&gt;&lt;br/&gt;
Log:&lt;br/&gt;
&lt;a href="https://issues.apache.org/jira/browse/MATH-292" title="TestUtils.assertRelativelyEquals() generates misleading error on failure" class="issue-link" data-issue-key="MATH-292"&gt;&lt;del&gt;MATH-292&lt;/del&gt;&lt;/a&gt; TestUtils.assertRelativelyEquals() generates misleading error on failure&lt;/p&gt;</comment>
                    </comments>
                    <attachments>
                            <attachment id="12418802" name="MATH-292.patch" size="713" author="sebb" created="Mon, 7 Sep 2009 13:20:02 +0000" />
                    </attachments>
                <subtasks>
                    </subtasks>
                <customfields>
                                                                                                                                                                                                                                                                                                                                                                                                                                                                                                                                                                                                                                                                                                                    <customfield id="customfield_12314020" key="com.atlassian.jira.plugins.jira-development-integration-plugin:devsummary">
                        <customfieldname>Development</customfieldname>
                        <customfieldvalues>
                            
                        </customfieldvalues>
                    </customfield>
                                                                                                                        <customfield id="customfield_12313422" key="com.atlassian.jirafisheyeplugin:jobcheckbox">
                        <customfieldname>Enable Automatic Patch Review</customfieldname>
                        <customfieldvalues>
                            <customfieldvalue>false</customfieldvalue>

                        </customfieldvalues>
                    </customfield>
                                                                                                                                                                                                                                                                                                                                                                                                                                                                                                                                                                                                                                                <customfield id="customfield_12310420" key="com.pyxis.greenhopper.jira:gh-global-rank">
                        <customfieldname>Global Rank</customfieldname>
                        <customfieldvalues>
                            <customfieldvalue>150483</customfieldvalue>
                        </customfieldvalues>
                    </customfield>
                                                                                                                                                                                                                                                                                                                                                                                                                                                                        <customfield id="customfield_12311820" key="com.pyxis.greenhopper.jira:gh-lexo-rank">
                        <customfieldname>Rank</customfieldname>
                        <customfieldvalues>
                            <customfieldvalue>0|i0rvcv:</customfieldvalue>

                        </customfieldvalues>
                    </customfield>
                                                                <customfield id="customfield_12310920" key="com.pyxis.greenhopper.jira:gh-global-rank">
                        <customfieldname>Rank (Obsolete)</customfieldname>
                        <customfieldvalues>
                            <customfieldvalue>160724</customfieldvalue>
                        </customfieldvalues>
                    </customfield>
                                                                                                                                                                                                                                                                                                                                                                                                                                                                                                                                                                                                                                                                                                                                                                                                                                                                                                            </customfields>
    </item>


</channel>
</rss>