<rss version="0.92">
    <channel>
        <title>ASF JIRA</title>
        <link>https://issues.apache.org/jira/issues/?jql=project+%3D+MATH+and+type+%3D+bug+and+%28status+%3D+RESOLVED+or+status+%3D+closed%29+and+resolution+%3D+Fixed+and+fixVersion+%21%3D+None++and+affectedVersion+%21%3D+None++and+affectedVersion+%21%3D+%22Nightly+Build%22</link>
        <description>An XML representation of a search request</description>
                <language>en-uk</language>
                        <issue start="0" end="335" total="335" />
                <build-info>
            <version>8.20.1</version>
            <build-number>820001</build-number>
            <build-date>28-10-2021</build-date>
        </build-info>

<item>
            <title>[MATH-1136] BinomialDistribution deals with degenerate cases incorrectly</title>
                <link>https://issues.apache.org/jira/browse/MATH-1136</link>
                <project id="12310485" key="MATH">Commons Math</project>
                    <description>&lt;p&gt;The following calculation returns false results:&lt;/p&gt;

&lt;p&gt;&lt;tt&gt;new BinomialDistribution(0, 0.01).logProbability(0)&lt;/tt&gt;&lt;/p&gt;

&lt;p&gt;It evaluates to Double.NaN when it should be 0 (cf., for example, "dbinom(0, 0, 0.01, log=T)" in R).&lt;/p&gt;

&lt;p&gt;I attach a patch dealing with the problem. The patch also adds a test for this bug.&lt;/p&gt;</description>
                <environment />
        <key id="12726786">MATH-1136</key>
            <summary>BinomialDistribution deals with degenerate cases incorrectly</summary>
                <type id="1" iconUrl="https://issues.apache.org/jira/secure/viewavatar?size=xsmall&amp;avatarId=21133&amp;avatarType=issuetype">Bug</type>
                                            <priority id="4" iconUrl="https://issues.apache.org/jira/images/icons/priorities/minor.svg">Minor</priority>
                        <status id="6" iconUrl="https://issues.apache.org/jira/images/icons/statuses/closed.png" description="The issue is considered finished, the resolution is correct. Issues which are not closed can be reopened.">Closed</status>
                    <statusCategory id="3" key="done" colorName="green" />
                                    <resolution id="1">Fixed</resolution>
                                        <assignee username="-1">Unassigned</assignee>
                                    <reporter username="dievsky">Aleksei Dievskii</reporter>
                        <labels>
                            <label>bug</label>
                            <label>patch</label>
                    </labels>
                <created>Fri, 11 Jul 2014 11:30:16 +0000</created>
                <updated>Fri, 26 Dec 2014 19:50:34 +0000</updated>
                            <resolved>Fri, 11 Jul 2014 19:23:31 +0000</resolved>
                                    <version>3.3</version>
                                    <fixVersion>3.4</fixVersion>
                                        <due />
                            <votes>0</votes>
                                    <watches>2</watches>
                                                                <comments>
                            <comment id="14059232" author="psteitz" created="Fri, 11 Jul 2014 19:23:31 +0000">&lt;p&gt;Patch applied in r1609775.  Thanks for reporting this and thanks for the patch!&lt;/p&gt;</comment>
                    </comments>
                    <attachments>
                            <attachment id="12655198" name="BINOMIAL_DEGENERATE.patch" size="2099" author="dievsky" created="Fri, 11 Jul 2014 11:31:04 +0000" />
                    </attachments>
                <subtasks>
                    </subtasks>
                <customfields>
                                                                                                                                                                                                                                                                                                                                                                                                                                                                                                                                                                                                                                                                                                                    <customfield id="customfield_12314020" key="com.atlassian.jira.plugins.jira-development-integration-plugin:devsummary">
                        <customfieldname>Development</customfieldname>
                        <customfieldvalues>
                            
                        </customfieldvalues>
                    </customfield>
                                                                                                                        <customfield id="customfield_12313422" key="com.atlassian.jirafisheyeplugin:jobcheckbox">
                        <customfieldname>Enable Automatic Patch Review</customfieldname>
                        <customfieldvalues>
                            <customfieldvalue>false</customfieldvalue>

                        </customfieldvalues>
                    </customfield>
                                                                                                                                                                                                                                                                                                                                                                                                                                                                                                                                                                                                                                                <customfield id="customfield_12310420" key="com.pyxis.greenhopper.jira:gh-global-rank">
                        <customfieldname>Global Rank</customfieldname>
                        <customfieldvalues>
                            <customfieldvalue>404893</customfieldvalue>
                        </customfieldvalues>
                    </customfield>
                                                                                                                                                                                                                                                                                                                                                                                                                                                                        <customfield id="customfield_12311820" key="com.pyxis.greenhopper.jira:gh-lexo-rank">
                        <customfieldname>Rank</customfieldname>
                        <customfieldvalues>
                            <customfieldvalue>0|i1xokn:</customfieldvalue>

                        </customfieldvalues>
                    </customfield>
                                                                <customfield id="customfield_12310920" key="com.pyxis.greenhopper.jira:gh-global-rank">
                        <customfieldname>Rank (Obsolete)</customfieldname>
                        <customfieldvalues>
                            <customfieldvalue>404931</customfieldvalue>
                        </customfieldvalues>
                    </customfield>
                                                                                                                                                                                                                                                                                                                                                                                                                                                                                                                                                                                                                                                                                                                                                                                                                                                                                                            </customfields>
    </item>


</channel>
</rss>