<rss version="0.92">
    <channel>
        <title>ASF JIRA</title>
        <link>https://issues.apache.org/jira/issues/?jql=project+%3D+MATH+and+type+%3D+bug+and+%28status+%3D+RESOLVED+or+status+%3D+closed%29+and+resolution+%3D+Fixed+and+fixVersion+%21%3D+None++and+affectedVersion+%21%3D+None++and+affectedVersion+%21%3D+%22Nightly+Build%22</link>
        <description>An XML representation of a search request</description>
                <language>en-uk</language>
                        <issue start="0" end="335" total="335" />
                <build-info>
            <version>8.20.1</version>
            <build-number>820001</build-number>
            <build-date>28-10-2021</build-date>
        </build-info>

<item>
            <title>[MATH-1241] Digamma calculation produces SOE on NaN argument</title>
                <link>https://issues.apache.org/jira/browse/MATH-1241</link>
                <project id="12310485" key="MATH">Commons Math</project>
                    <description>&lt;p&gt;Digamma doesn't work particularly well with NaNs.&lt;/p&gt;

&lt;p&gt;How to reproduce: call Gamma.digamma(Double.NaN)&lt;/p&gt;

&lt;p&gt;Expected outcome: returns NaN or throws a meaningful exception&lt;/p&gt;

&lt;p&gt;Real outcome: crashes with StackOverflowException, as digamma enters infinite recursion.&lt;/p&gt;</description>
                <environment />
        <key id="12840198">MATH-1241</key>
            <summary>Digamma calculation produces SOE on NaN argument</summary>
                <type id="1" iconUrl="https://issues.apache.org/jira/secure/viewavatar?size=xsmall&amp;avatarId=21133&amp;avatarType=issuetype">Bug</type>
                                            <priority id="4" iconUrl="https://issues.apache.org/jira/images/icons/priorities/minor.svg">Minor</priority>
                        <status id="6" iconUrl="https://issues.apache.org/jira/images/icons/statuses/closed.png" description="The issue is considered finished, the resolution is correct. Issues which are not closed can be reopened.">Closed</status>
                    <statusCategory id="3" key="done" colorName="green" />
                                    <resolution id="1">Fixed</resolution>
                                        <assignee username="-1">Unassigned</assignee>
                                    <reporter username="dievsky">Aleksei Dievskii</reporter>
                        <labels>
                    </labels>
                <created>Wed, 24 Jun 2015 12:49:05 +0000</created>
                <updated>Mon, 25 Jan 2016 20:27:50 +0000</updated>
                            <resolved>Wed, 24 Jun 2015 13:43:21 +0000</resolved>
                                    <version>3.5</version>
                                    <fixVersion>4.0</fixVersion>
                    <fixVersion>3.6</fixVersion>
                                        <due />
                            <votes>0</votes>
                                    <watches>2</watches>
                                                                <comments>
                            <comment id="14599431" author="tn" created="Wed, 24 Jun 2015 13:43:21 +0000">&lt;p&gt;Fixed in the following commits:&lt;/p&gt;

&lt;ul&gt;
	&lt;li&gt;4.0: 471e6b078a7891aea99b77f200e828&lt;/li&gt;
	&lt;li&gt;3.6: 229232829c6d8741138decf27c4909&lt;/li&gt;
&lt;/ul&gt;


&lt;p&gt;Now the Gamma.digamma and trigamma methods will propagate the input argument if it is not a real value.&lt;/p&gt;

&lt;p&gt;Thanks for the report!&lt;/p&gt;</comment>
                            <comment id="15115922" author="luc" created="Mon, 25 Jan 2016 20:27:50 +0000">&lt;p&gt;Closing all resolved issues that were included in 3.6 release.&lt;/p&gt;</comment>
                    </comments>
                    <attachments>
                    </attachments>
                <subtasks>
                    </subtasks>
                <customfields>
                                                                                                                                                                                                                                                                                                                                                                                                                                                                                                                                                                                                                                                                                                                    <customfield id="customfield_12314020" key="com.atlassian.jira.plugins.jira-development-integration-plugin:devsummary">
                        <customfieldname>Development</customfieldname>
                        <customfieldvalues>
                            
                        </customfieldvalues>
                    </customfield>
                                                                                                                        <customfield id="customfield_12313422" key="com.atlassian.jirafisheyeplugin:jobcheckbox">
                        <customfieldname>Enable Automatic Patch Review</customfieldname>
                        <customfieldvalues>
                            <customfieldvalue>false</customfieldvalue>

                        </customfieldvalues>
                    </customfield>
                                                                                                                                                                                                                                                                                                                                                                                                                                                                                                                                                                                                                                                <customfield id="customfield_12310420" key="com.pyxis.greenhopper.jira:gh-global-rank">
                        <customfieldname>Global Rank</customfieldname>
                        <customfieldvalues>
                            <customfieldvalue>9223372036854775807</customfieldvalue>
                        </customfieldvalues>
                    </customfield>
                                                                                                                                                                                                                                                                                                                                                                                                                                                                        <customfield id="customfield_12311820" key="com.pyxis.greenhopper.jira:gh-lexo-rank">
                        <customfieldname>Rank</customfieldname>
                        <customfieldvalues>
                            <customfieldvalue>0|i2gfn3:</customfieldvalue>

                        </customfieldvalues>
                    </customfield>
                                                                <customfield id="customfield_12310920" key="com.pyxis.greenhopper.jira:gh-global-rank">
                        <customfieldname>Rank (Obsolete)</customfieldname>
                        <customfieldvalues>
                            <customfieldvalue>9223372036854775807</customfieldvalue>
                        </customfieldvalues>
                    </customfield>
                                                                                                                                                                                                                                                                                                                                                                                                                                                                                                                                                                                                                                                                                                                                                                                                                                                                                                            </customfields>
    </item>


</channel>
</rss>