<rss version="0.92">
    <channel>
        <title>ASF JIRA</title>
        <link>https://issues.apache.org/jira/issues/?jql=project+%3D+MATH+and+type+%3D+bug+and+%28status+%3D+RESOLVED+or+status+%3D+closed%29+and+resolution+%3D+Fixed+and+fixVersion+%21%3D+None++and+affectedVersion+%21%3D+None++and+affectedVersion+%21%3D+%22Nightly+Build%22</link>
        <description>An XML representation of a search request</description>
                <language>en-uk</language>
                        <issue start="0" end="335" total="335" />
                <build-info>
            <version>8.20.1</version>
            <build-number>820001</build-number>
            <build-date>28-10-2021</build-date>
        </build-info>

<item>
            <title>[MATH-782] BrentOptimizer: User-defined check block is badly placed</title>
                <link>https://issues.apache.org/jira/browse/MATH-782</link>
                <project id="12310485" key="MATH">Commons Math</project>
                    <description>&lt;p&gt;The CM implementation of Brent's original algorithm was supposed to allow for a user-defined stopping criterion (in addition to Brent's default one).&lt;br/&gt;
However, it turns out that this additional block of code is not at the right location, implying an unwanted early exit.&lt;/p&gt;</description>
                <environment />
        <key id="12552120">MATH-782</key>
            <summary>BrentOptimizer: User-defined check block is badly placed</summary>
                <type id="1" iconUrl="https://issues.apache.org/jira/secure/viewavatar?size=xsmall&amp;avatarId=21133&amp;avatarType=issuetype">Bug</type>
                                            <priority id="3" iconUrl="https://issues.apache.org/jira/images/icons/priorities/major.svg">Major</priority>
                        <status id="6" iconUrl="https://issues.apache.org/jira/images/icons/statuses/closed.png" description="The issue is considered finished, the resolution is correct. Issues which are not closed can be reopened.">Closed</status>
                    <statusCategory id="3" key="done" colorName="green" />
                                    <resolution id="1">Fixed</resolution>
                                        <assignee username="erans">Gilles Sadowski</assignee>
                                    <reporter username="erans">Gilles Sadowski</reporter>
                        <labels>
                    </labels>
                <created>Mon, 23 Apr 2012 12:36:24 +0000</created>
                <updated>Mon, 4 Mar 2013 18:53:30 +0000</updated>
                            <resolved>Fri, 27 Apr 2012 23:31:21 +0000</resolved>
                                    <version>3.0</version>
                                    <fixVersion>3.1</fixVersion>
                                        <due />
                            <votes>0</votes>
                                    <watches>0</watches>
                                                                <comments>
                            <comment id="13259571" author="erans" created="Mon, 23 Apr 2012 12:38:20 +0000">&lt;p&gt;Please have a look at the proposed patch.&lt;/p&gt;</comment>
                            <comment id="13259642" author="luc" created="Mon, 23 Apr 2012 14:59:36 +0000">&lt;p&gt;I have no specific comment about this fix, just a question.&lt;/p&gt;

&lt;p&gt;The previous implementation, check user case after an if/else structure, so it was checked each time. Now it is checked only in one branch. Are we sure we would not always end up in the other branch and never user user check ?&lt;/p&gt;</comment>
                            <comment id="13259803" author="erans" created="Mon, 23 Apr 2012 18:20:19 +0000">&lt;p&gt;I saw that too. And I'm not sure.&lt;br/&gt;
Clearly, what was there before was wrong: If there is no update of "x" and "fx" before the user-defined check is performed, the "previous" and "current" will hold the same values, leading to an early exit. The test which I've added fails miserably with the check statement located at its original place.&lt;br/&gt;
I don't know the details of the algorithm, but there is only one block where "x" and "fx" are updated; thus it would seem safe that the user's check is placed there.&lt;/p&gt;</comment>
                            <comment id="13261685" author="erans" created="Wed, 25 Apr 2012 14:50:36 +0000">&lt;p&gt;Change applied in revision 1330321.&lt;/p&gt;</comment>
                            <comment id="13264089" author="erans" created="Fri, 27 Apr 2012 23:19:50 +0000">&lt;p&gt;Luc,&lt;/p&gt;

&lt;p&gt;You were right, the check is still not at the right place.&lt;br/&gt;
I'll try to fix it shortly.&lt;/p&gt;</comment>
                            <comment id="13264109" author="erans" created="Fri, 27 Apr 2012 23:31:21 +0000">&lt;p&gt;Hopefully fixed this time (revision 1331635).&lt;/p&gt;</comment>
                    </comments>
                    <attachments>
                            <attachment id="12523785" name="MATH-782.patch" size="3119" author="erans" created="Mon, 23 Apr 2012 12:38:20 +0000" />
                    </attachments>
                <subtasks>
                    </subtasks>
                <customfields>
                                                                                                                                                                                                                                                                                                                                                                                                                                                                                                                                                                                                                                                                                                                    <customfield id="customfield_12314020" key="com.atlassian.jira.plugins.jira-development-integration-plugin:devsummary">
                        <customfieldname>Development</customfieldname>
                        <customfieldvalues>
                            
                        </customfieldvalues>
                    </customfield>
                                                                                                                        <customfield id="customfield_12313422" key="com.atlassian.jirafisheyeplugin:jobcheckbox">
                        <customfieldname>Enable Automatic Patch Review</customfieldname>
                        <customfieldvalues>
                            <customfieldvalue>false</customfieldvalue>

                        </customfieldvalues>
                    </customfield>
                                                                                                                                                                                                                                                                                                                                                                                                                                                                                                                                                                                                                                                <customfield id="customfield_12310420" key="com.pyxis.greenhopper.jira:gh-global-rank">
                        <customfieldname>Global Rank</customfieldname>
                        <customfieldvalues>
                            <customfieldvalue>237299</customfieldvalue>
                        </customfieldvalues>
                    </customfield>
                                                                                                                                                                                                                                                                                                                                                                                                                                                                        <customfield id="customfield_12311820" key="com.pyxis.greenhopper.jira:gh-lexo-rank">
                        <customfieldname>Rank</customfieldname>
                        <customfieldvalues>
                            <customfieldvalue>0|i0rt8n:</customfieldvalue>

                        </customfieldvalues>
                    </customfield>
                                                                <customfield id="customfield_12310920" key="com.pyxis.greenhopper.jira:gh-global-rank">
                        <customfieldname>Rank (Obsolete)</customfieldname>
                        <customfieldvalues>
                            <customfieldvalue>160381</customfieldvalue>
                        </customfieldvalues>
                    </customfield>
                                                                                                                                                                                                                                                                                                                                                                                                                                                                                                                                                                                                                                                                                                                                                                                                                                                                                                            </customfields>
    </item>


</channel>
</rss>