<rss version="0.92">
    <channel>
        <title>ASF JIRA</title>
        <link>https://issues.apache.org/jira/issues/?jql=project+%3D+MATH+and+type+%3D+bug+and+%28status+%3D+RESOLVED+or+status+%3D+closed%29+and+resolution+%3D+Fixed+and+fixVersion+%21%3D+None++and+affectedVersion+%21%3D+None++and+affectedVersion+%21%3D+%22Nightly+Build%22</link>
        <description>An XML representation of a search request</description>
                <language>en-uk</language>
                        <issue start="0" end="335" total="335" />
                <build-info>
            <version>8.20.1</version>
            <build-number>820001</build-number>
            <build-date>28-10-2021</build-date>
        </build-info>

<item>
            <title>[MATH-798] PolynomialFitter.fit() stalls</title>
                <link>https://issues.apache.org/jira/browse/MATH-798</link>
                <project id="12310485" key="MATH">Commons Math</project>
                    <description>&lt;p&gt;Hi, in certain cases I ran into the problem that the PolynomialFitter.fit() method stalls, meaning that it does not return, nor throw an Exception (even if it runs for 90 min). Is there a way to tell the PolynomialFitter to iterate only N-times to ensure that my program does not stall?&lt;/p&gt;</description>
                <environment>&lt;p&gt;Mac OS 10.6 and Win XP&lt;/p&gt;</environment>
        <key id="12558857">MATH-798</key>
            <summary>PolynomialFitter.fit() stalls</summary>
                <type id="1" iconUrl="https://issues.apache.org/jira/secure/viewavatar?size=xsmall&amp;avatarId=21133&amp;avatarType=issuetype">Bug</type>
                                            <priority id="3" iconUrl="https://issues.apache.org/jira/images/icons/priorities/major.svg">Major</priority>
                        <status id="6" iconUrl="https://issues.apache.org/jira/images/icons/statuses/closed.png" description="The issue is considered finished, the resolution is correct. Issues which are not closed can be reopened.">Closed</status>
                    <statusCategory id="3" key="done" colorName="green" />
                                    <resolution id="1">Fixed</resolution>
                                        <assignee username="-1">Unassigned</assignee>
                                    <reporter username="kpp">Kurt Pernstich</reporter>
                        <labels>
                    </labels>
                <created>Thu, 31 May 2012 20:22:01 +0000</created>
                <updated>Mon, 4 Mar 2013 18:53:36 +0000</updated>
                            <resolved>Wed, 4 Jul 2012 18:01:53 +0000</resolved>
                                    <version>3.0</version>
                                    <fixVersion>3.1</fixVersion>
                                        <due />
                            <votes>0</votes>
                                    <watches>2</watches>
                                                                <comments>
                            <comment id="13286897" author="kpp" created="Thu, 31 May 2012 20:24:50 +0000">&lt;p&gt;JUnit Test case which fits a PolynomialFitter using a GaussNewtonOptimiaer (stalls) and a LevenbergMarquardtOptimizer (works).&lt;/p&gt;</comment>
                            <comment id="13406248" author="kpp" created="Wed, 4 Jul 2012 02:57:48 +0000">&lt;p&gt;Test case for Math-798&lt;/p&gt;</comment>
                            <comment id="13406491" author="erans" created="Wed, 4 Jul 2012 12:57:24 +0000">&lt;p&gt;Your use-case had already been included in the unit test suite (albeit in the "CurveFitterTest" class because I initially wanted to remove the "PolynomialFitter" class).&lt;/p&gt;

&lt;p&gt;&lt;a href="https://issues.apache.org/jira/browse/MATH-799" title="Remove default values for tolerances in &amp;quot;AbstractConvergenceChecker&amp;quot;" class="issue-link" data-issue-key="MATH-799"&gt;&lt;del&gt;MATH-799&lt;/del&gt;&lt;/a&gt; discusses that the problem you reported here happens because the default tolerances were much too small. This has been solved (cf. unit test method "testMath798" in "CurveFitterTest").&lt;/p&gt;

&lt;p&gt;However, since the mistake of setting the tolerances at too low values could still happen, I'm going to add a new (overridden) method in "PolynomialFitter", where you can explicitly set the number of allowed evaluations of the polynomial during the fit process. This will make it fail early instead of running "forever" (not really: the default number of evaluation is "Integer.MAX_VALUE").&lt;/p&gt;</comment>
                            <comment id="13406643" author="erans" created="Wed, 4 Jul 2012 18:01:53 +0000">&lt;p&gt;Changes performed in revision 1357353.&lt;br/&gt;
The unit test "testMath798" is now in "PolynomialFitterTest".&lt;/p&gt;</comment>
                    </comments>
                <issuelinks>
                            <issuelinktype id="10030">
                    <name>Reference</name>
                                                                <inwardlinks description="is related to">
                                        <issuelink>
            <issuekey id="12559107">MATH-799</issuekey>
        </issuelink>
            <issuelink>
            <issuekey id="12559284">MATH-800</issuekey>
        </issuelink>
                            </inwardlinks>
                                    </issuelinktype>
                    </issuelinks>
                <attachments>
                            <attachment id="12535032" name="PolynomialFitterTest.java" size="9037" author="kpp" created="Wed, 4 Jul 2012 02:57:48 +0000" />
                    </attachments>
                <subtasks>
                    </subtasks>
                <customfields>
                                                                                                                                                                                                                                                                                                                                                                                                                                                                                                                                                                                                                                                                                                                    <customfield id="customfield_12314020" key="com.atlassian.jira.plugins.jira-development-integration-plugin:devsummary">
                        <customfieldname>Development</customfieldname>
                        <customfieldvalues>
                            
                        </customfieldvalues>
                    </customfield>
                                                                                                                        <customfield id="customfield_12313422" key="com.atlassian.jirafisheyeplugin:jobcheckbox">
                        <customfieldname>Enable Automatic Patch Review</customfieldname>
                        <customfieldvalues>
                            <customfieldvalue>false</customfieldvalue>

                        </customfieldvalues>
                    </customfield>
                                                                                                                                                                                                                                                                                                                                                                                                                                                                                                                                                                                                                                                <customfield id="customfield_12310420" key="com.pyxis.greenhopper.jira:gh-global-rank">
                        <customfieldname>Global Rank</customfieldname>
                        <customfieldvalues>
                            <customfieldvalue>292303</customfieldvalue>
                        </customfieldvalues>
                    </customfield>
                                                                                                                                                                                                                                                                                                                                                                                                                                                                        <customfield id="customfield_12311820" key="com.pyxis.greenhopper.jira:gh-lexo-rank">
                        <customfieldname>Rank</customfieldname>
                        <customfieldvalues>
                            <customfieldvalue>0|i0rt5j:</customfieldvalue>

                        </customfieldvalues>
                    </customfield>
                                                                <customfield id="customfield_12310920" key="com.pyxis.greenhopper.jira:gh-global-rank">
                        <customfieldname>Rank (Obsolete)</customfieldname>
                        <customfieldvalues>
                            <customfieldvalue>160367</customfieldvalue>
                        </customfieldvalues>
                    </customfield>
                                                                                                                                                                                                                                                                                                                                                                                                                                                                                                                                                                                                                                                                                                                                                                                                                                                                                                            </customfields>
    </item>


</channel>
</rss>