<rss version="0.92">
    <channel>
        <title>ASF JIRA</title>
        <link>https://issues.apache.org/jira/issues/?jql=project+%3D+MATH+and+type+%3D+bug+and+%28status+%3D+RESOLVED+or+status+%3D+closed%29+and+resolution+%3D+Fixed+and+fixVersion+%21%3D+None++and+affectedVersion+%21%3D+None++and+affectedVersion+%21%3D+%22Nightly+Build%22</link>
        <description>An XML representation of a search request</description>
                <language>en-uk</language>
                        <issue start="0" end="335" total="335" />
                <build-info>
            <version>8.20.1</version>
            <build-number>820001</build-number>
            <build-date>28-10-2021</build-date>
        </build-info>

<item>
            <title>[MATH-486] FastMath toRadian and toDegree don't handle large double numbers well</title>
                <link>https://issues.apache.org/jira/browse/MATH-486</link>
                <project id="12310485" key="MATH">Commons Math</project>
                    <description>&lt;p&gt;FastMath toRadian and toDegree don't handle very large double numbers well.&lt;/p&gt;

&lt;p&gt;For example, toDegrees(Double.MAX_VALUE) =&amp;gt; NaN, but it should be INFINITY&lt;br/&gt;
and toRadian(Double.MAX_VALUE) =&amp;gt; NaN instead of the proper value&lt;/p&gt;

&lt;p&gt;This is because of the lines:&lt;/p&gt;

&lt;div class="code panel" style="border-width: 1px;"&gt;&lt;div class="codeContent panelContent"&gt;
&lt;pre class="code-java"&gt;&lt;span class="code-object"&gt;double&lt;/span&gt; temp = x * 1073741824.0; &lt;span class="code-comment"&gt;// == 0x40 00 00 00
&lt;/span&gt;&lt;span class="code-object"&gt;double&lt;/span&gt; xa = x + temp - temp; &lt;span class="code-comment"&gt;// =&amp;gt; NaN &lt;span class="code-keyword"&gt;for&lt;/span&gt; x large enough&lt;/span&gt;
&lt;/pre&gt;
&lt;/div&gt;&lt;/div&gt;

&lt;p&gt;This seems to be an attempt to split x into a large and a small part, but fails when x &amp;gt;= MAX_VALUE / 1073741824.0&lt;/p&gt;

&lt;p&gt;Not sure how to fix this&lt;/p&gt;</description>
                <environment />
        <key id="12495960">MATH-486</key>
            <summary>FastMath toRadian and toDegree don't handle large double numbers well</summary>
                <type id="1" iconUrl="https://issues.apache.org/jira/secure/viewavatar?size=xsmall&amp;avatarId=21133&amp;avatarType=issuetype">Bug</type>
                                            <priority id="3" iconUrl="https://issues.apache.org/jira/images/icons/priorities/major.svg">Major</priority>
                        <status id="6" iconUrl="https://issues.apache.org/jira/images/icons/statuses/closed.png" description="The issue is considered finished, the resolution is correct. Issues which are not closed can be reopened.">Closed</status>
                    <statusCategory id="3" key="done" colorName="green" />
                                    <resolution id="1">Fixed</resolution>
                                        <assignee username="-1">Unassigned</assignee>
                                    <reporter username="sebb">Sebb</reporter>
                        <labels>
                    </labels>
                <created>Wed, 19 Jan 2011 04:46:26 +0000</created>
                <updated>Wed, 23 Mar 2011 20:35:20 +0000</updated>
                            <resolved>Wed, 19 Jan 2011 20:28:06 +0000</resolved>
                                    <version>2.2</version>
                    <version>3.0</version>
                                    <fixVersion>2.2</fixVersion>
                    <fixVersion>3.0</fixVersion>
                                        <due />
                            <votes>0</votes>
                                    <watches>0</watches>
                                                                <comments>
                            <comment id="12983585" author="dimpbx" created="Wed, 19 Jan 2011 07:32:32 +0000">&lt;p&gt;What about the reciprocity of these two methods?  toDegrees(toRadian&lt;img class="emoticon" src="https://issues.apache.org/jira/images/icons/emoticons/error.png" height="16" width="16" align="absmiddle" alt="" border="0"/&gt;)==x and toRadian(toDegrees&lt;img class="emoticon" src="https://issues.apache.org/jira/images/icons/emoticons/error.png" height="16" width="16" align="absmiddle" alt="" border="0"/&gt;)==x&lt;br/&gt;
If you use INFINITY, you run into troubles.  If you return Double.MAX_VALUE instead, you look safer.   That does not prevent you returning INFINITY if you start with INFINITY and NaN if it is the argument of the method.&lt;/p&gt;

&lt;p&gt;Furthermore, some consistency would help.  Why plural for degrees and singular for radian?&lt;/p&gt;</comment>
                            <comment id="12983676" author="sebb@apache.org" created="Wed, 19 Jan 2011 12:34:37 +0000">&lt;p&gt;I wrote that toDegrees(Double.MAX_VALUE) should be INFINITY because that is how the Sun/Oracle Math.toDegrees() method behaves.&lt;/p&gt;

&lt;p&gt;&lt;span class="error"&gt;&amp;#91;Sorry, my bad - the methods are both plural in the code - only the JIRA is inconsistent&amp;#93;&lt;/span&gt;&lt;/p&gt;</comment>
                            <comment id="12983876" author="sebb@apache.org" created="Wed, 19 Jan 2011 20:28:06 +0000">&lt;p&gt;Fixed by setting temp =0 for very large input.&lt;/p&gt;</comment>
                            <comment id="13010405" author="luc" created="Wed, 23 Mar 2011 20:35:20 +0000">&lt;p&gt;Closing issue as it was included in version 2.2, which has been released&lt;/p&gt;</comment>
                    </comments>
                    <attachments>
                    </attachments>
                <subtasks>
                    </subtasks>
                <customfields>
                                                                                                                                                                                                                                                                                                                                                                                                                                                                                                                                                                                                                                                                                                                    <customfield id="customfield_12314020" key="com.atlassian.jira.plugins.jira-development-integration-plugin:devsummary">
                        <customfieldname>Development</customfieldname>
                        <customfieldvalues>
                            
                        </customfieldvalues>
                    </customfield>
                                                                                                                        <customfield id="customfield_12313422" key="com.atlassian.jirafisheyeplugin:jobcheckbox">
                        <customfieldname>Enable Automatic Patch Review</customfieldname>
                        <customfieldvalues>
                            <customfieldvalue>false</customfieldvalue>

                        </customfieldvalues>
                    </customfield>
                                                                                                                                                                                                                                                                                                                                                                                                                                                                                                                                                                                                                                                <customfield id="customfield_12310420" key="com.pyxis.greenhopper.jira:gh-global-rank">
                        <customfieldname>Global Rank</customfieldname>
                        <customfieldvalues>
                            <customfieldvalue>150609</customfieldvalue>
                        </customfieldvalues>
                    </customfield>
                                                                                                                                                                                                                                                                                                                                                                                                                                                                        <customfield id="customfield_12311820" key="com.pyxis.greenhopper.jira:gh-lexo-rank">
                        <customfieldname>Rank</customfieldname>
                        <customfieldvalues>
                            <customfieldvalue>0|i0ru7r:</customfieldvalue>

                        </customfieldvalues>
                    </customfield>
                                                                <customfield id="customfield_12310920" key="com.pyxis.greenhopper.jira:gh-global-rank">
                        <customfieldname>Rank (Obsolete)</customfieldname>
                        <customfieldvalues>
                            <customfieldvalue>160539</customfieldvalue>
                        </customfieldvalues>
                    </customfield>
                                                                                                                                                                                                                                                                                                                                                                                                                                                                                                                                                                                                                                                                                                                                                                                                                                                                                                            </customfields>
    </item>


</channel>
</rss>