<rss version="0.92">
    <channel>
        <title>ASF JIRA</title>
        <link>https://issues.apache.org/jira/issues/?jql=project+%3D+MATH+and+type+%3D+bug+and+%28status+%3D+RESOLVED+or+status+%3D+closed%29+and+resolution+%3D+Fixed+and+fixVersion+%21%3D+None++and+affectedVersion+%21%3D+None++and+affectedVersion+%21%3D+%22Nightly+Build%22</link>
        <description>An XML representation of a search request</description>
                <language>en-uk</language>
                        <issue start="0" end="335" total="335" />
                <build-info>
            <version>8.20.1</version>
            <build-number>820001</build-number>
            <build-date>28-10-2021</build-date>
        </build-info>

<item>
            <title>[MATH-260] Inconsistent API in Frequency</title>
                <link>https://issues.apache.org/jira/browse/MATH-260</link>
                <project id="12310485" key="MATH">Commons Math</project>
                    <description>&lt;p&gt;The overloaded Frequency methods are not consistent in the parameter types that they handle.&lt;/p&gt;

&lt;p&gt;addValue() has an Integer version which converts the parameter to a Long, and then calls addValue(Object).&lt;/p&gt;

&lt;p&gt;The various getxxx() methods all handle Integer parameters as an Object.&lt;/p&gt;

&lt;p&gt;Seems to me that it would be better to treat Integer consistently.&lt;/p&gt;

&lt;p&gt;But perhaps there is a good reason for having an addValue(Integer) method but no getxxx(Integer) methods?&lt;br/&gt;
If so, then it would be helpful to document this.&lt;/p&gt;</description>
                <environment />
        <key id="12422791">MATH-260</key>
            <summary>Inconsistent API in Frequency</summary>
                <type id="1" iconUrl="https://issues.apache.org/jira/secure/viewavatar?size=xsmall&amp;avatarId=21133&amp;avatarType=issuetype">Bug</type>
                                            <priority id="4" iconUrl="https://issues.apache.org/jira/images/icons/priorities/minor.svg">Minor</priority>
                        <status id="6" iconUrl="https://issues.apache.org/jira/images/icons/statuses/closed.png" description="The issue is considered finished, the resolution is correct. Issues which are not closed can be reopened.">Closed</status>
                    <statusCategory id="3" key="done" colorName="green" />
                                    <resolution id="1">Fixed</resolution>
                                        <assignee username="-1">Unassigned</assignee>
                                    <reporter username="sebb">Sebb</reporter>
                        <labels>
                    </labels>
                <created>Tue, 14 Apr 2009 13:38:52 +0000</created>
                <updated>Wed, 14 Apr 2010 00:39:55 +0000</updated>
                            <resolved>Wed, 30 Dec 2009 20:12:52 +0000</resolved>
                                    <version>2.0</version>
                                    <fixVersion>2.1</fixVersion>
                                        <due />
                            <votes>0</votes>
                                    <watches>0</watches>
                                                                <comments>
                            <comment id="12699011" author="psteitz" created="Wed, 15 Apr 2009 01:14:36 +0000">&lt;p&gt;the getXxx methods handle Integer arguments by converting them to longs.  See, eg. the test case, testIntegerValues()&lt;/p&gt;</comment>
                            <comment id="12699141" author="sebb@apache.org" created="Wed, 15 Apr 2009 10:23:54 +0000">&lt;p&gt;Yes, I know that the getXXX(Object) methods handle Integer specially; but so does the addValue(Object) method - it has to, in case an Integer is passed as an Object.&lt;/p&gt;

&lt;p&gt;But why is there an addValue(Integer) method? What does it achieve?&lt;br/&gt;
There are no corresponding getXXX(Integer) methods.&lt;/p&gt;</comment>
                            <comment id="12794711" author="luc" created="Sun, 27 Dec 2009 17:56:28 +0000">&lt;p&gt;Note: the addValue(Object) has been deprecated as of 2.0 and replaced by addValue(Comparable).&lt;br/&gt;
I think we could also deprecate or even remove addValue(Integer) since addValue(Comparable) is sufficient for all purposes. Removing the method would probably not harm any users if they can recompile their code (but it would harm if they cannot recompile, of course).&lt;/p&gt;</comment>
                            <comment id="12795426" author="psteitz" created="Wed, 30 Dec 2009 20:12:52 +0000">&lt;p&gt;addValue(Integer) has been deprecated, marked for removal in 3.0&lt;/p&gt;</comment>
                    </comments>
                    <attachments>
                    </attachments>
                <subtasks>
                    </subtasks>
                <customfields>
                                                                                                                                                                                                                                                                                                                                                                                                                                                                                                                                                                                                                                                                                                                    <customfield id="customfield_12314020" key="com.atlassian.jira.plugins.jira-development-integration-plugin:devsummary">
                        <customfieldname>Development</customfieldname>
                        <customfieldvalues>
                            
                        </customfieldvalues>
                    </customfield>
                                                                                                                        <customfield id="customfield_12313422" key="com.atlassian.jirafisheyeplugin:jobcheckbox">
                        <customfieldname>Enable Automatic Patch Review</customfieldname>
                        <customfieldvalues>
                            <customfieldvalue>false</customfieldvalue>

                        </customfieldvalues>
                    </customfield>
                                                                                                                                                                                                                                                                                                                                                                                                                                                                                                                                                                                                                                                <customfield id="customfield_12310420" key="com.pyxis.greenhopper.jira:gh-global-rank">
                        <customfieldname>Global Rank</customfieldname>
                        <customfieldvalues>
                            <customfieldvalue>150462</customfieldvalue>
                        </customfieldvalues>
                    </customfield>
                                                                                                                                                                                                                                                                                                                                                                                                                                                                        <customfield id="customfield_12311820" key="com.pyxis.greenhopper.jira:gh-lexo-rank">
                        <customfieldname>Rank</customfieldname>
                        <customfieldvalues>
                            <customfieldvalue>0|i0rvjr:</customfieldvalue>

                        </customfieldvalues>
                    </customfield>
                                                                <customfield id="customfield_12310920" key="com.pyxis.greenhopper.jira:gh-global-rank">
                        <customfieldname>Rank (Obsolete)</customfieldname>
                        <customfieldvalues>
                            <customfieldvalue>160755</customfieldvalue>
                        </customfieldvalues>
                    </customfield>
                                                                                                                                                                                                                                                                                                                                                                                                                                                                                                                                                                                                                                                                                                                                                                                                                                                                                                            </customfields>
    </item>


</channel>
</rss>