<rss version="0.92">
    <channel>
        <title>ASF JIRA</title>
        <link>https://issues.apache.org/jira/issues/?jql=project+%3D+MATH+and+type+%3D+bug+and+%28status+%3D+RESOLVED+or+status+%3D+closed%29+and+resolution+%3D+Fixed+and+fixVersion+%21%3D+None++and+affectedVersion+%21%3D+None++and+affectedVersion+%21%3D+%22Nightly+Build%22</link>
        <description>An XML representation of a search request</description>
                <language>en-uk</language>
                        <issue start="0" end="335" total="335" />
                <build-info>
            <version>8.20.1</version>
            <build-number>820001</build-number>
            <build-date>28-10-2021</build-date>
        </build-info>

<item>
            <title>[MATH-947] SingularValueDecomposition constructor blocks with NaN in the matrix</title>
                <link>https://issues.apache.org/jira/browse/MATH-947</link>
                <project id="12310485" key="MATH">Commons Math</project>
                    <description>&lt;p&gt;//Create coefficient (A) Matrix&lt;br/&gt;
        RealMatrix coefficients =&lt;br/&gt;
            new Array2DRowRealMatrix(coeffs);&lt;/p&gt;

&lt;p&gt;               SingularValueDecomposition svd = new SingularValueDecomposition(coefficients);&lt;/p&gt;

&lt;p&gt;//When coeffs is a 2x2 matrix with all elements Nan, the constructor blocks indefinitely /w 100% CPU usage&lt;/p&gt;</description>
                <environment>&lt;p&gt;jdk1.7.0_13 32bit, Netbeans 7.2.1, Win7 x64&lt;/p&gt;</environment>
        <key id="12637012">MATH-947</key>
            <summary>SingularValueDecomposition constructor blocks with NaN in the matrix</summary>
                <type id="1" iconUrl="https://issues.apache.org/jira/secure/viewavatar?size=xsmall&amp;avatarId=21133&amp;avatarType=issuetype">Bug</type>
                                            <priority id="2" iconUrl="https://issues.apache.org/jira/images/icons/priorities/critical.svg">Critical</priority>
                        <status id="6" iconUrl="https://issues.apache.org/jira/images/icons/statuses/closed.png" description="The issue is considered finished, the resolution is correct. Issues which are not closed can be reopened.">Closed</status>
                    <statusCategory id="3" key="done" colorName="green" />
                                    <resolution id="1">Fixed</resolution>
                                        <assignee username="-1">Unassigned</assignee>
                                    <reporter username="mafa">Matti Franssila</reporter>
                        <labels>
                    </labels>
                <created>Thu, 14 Mar 2013 13:00:32 +0000</created>
                <updated>Sun, 7 Apr 2013 09:20:41 +0000</updated>
                            <resolved>Fri, 15 Mar 2013 12:37:05 +0000</resolved>
                                    <version>3.0</version>
                                    <fixVersion>3.2</fixVersion>
                                        <due />
                            <votes>0</votes>
                                    <watches>3</watches>
                                                                <comments>
                            <comment id="13602270" author="erans" created="Thu, 14 Mar 2013 13:45:21 +0000">&lt;p&gt;Obviously, you can't hope to get a useful result from such an input.&lt;/p&gt;

&lt;p&gt;There is probably a loop with an exit condition that's never satisfied...&lt;br/&gt;
One way to avoid it would be to check the validity of the input. This could be done either in Commons Math or in the user's code.&lt;/p&gt;</comment>
                            <comment id="13603330" author="luc" created="Fri, 15 Mar 2013 12:37:05 +0000">&lt;p&gt;Fixed in subversion repository as of r1456931.&lt;/p&gt;

&lt;p&gt;Thanks for the report.&lt;/p&gt;</comment>
                            <comment id="13624837" author="luc" created="Sun, 7 Apr 2013 09:20:41 +0000">&lt;p&gt;Closing issue as version 3.2 has been released on 2013-04-06.&lt;/p&gt;</comment>
                    </comments>
                    <attachments>
                    </attachments>
                <subtasks>
                    </subtasks>
                <customfields>
                                                                                                                                                                                                                                                                                                                                                                                                                                                                                                                                                                                                                                                                                                                    <customfield id="customfield_12314020" key="com.atlassian.jira.plugins.jira-development-integration-plugin:devsummary">
                        <customfieldname>Development</customfieldname>
                        <customfieldvalues>
                            
                        </customfieldvalues>
                    </customfield>
                                                                                                                        <customfield id="customfield_12313422" key="com.atlassian.jirafisheyeplugin:jobcheckbox">
                        <customfieldname>Enable Automatic Patch Review</customfieldname>
                        <customfieldvalues>
                            <customfieldvalue>false</customfieldvalue>

                        </customfieldvalues>
                    </customfield>
                                                                                                                                                                                                                                                                                                                                                                                                                                                                                                                                                                                                                                                <customfield id="customfield_12310420" key="com.pyxis.greenhopper.jira:gh-global-rank">
                        <customfieldname>Global Rank</customfieldname>
                        <customfieldvalues>
                            <customfieldvalue>317504</customfieldvalue>
                        </customfieldvalues>
                    </customfield>
                                                                                                                                                                                                                                                                                                                                                                                                                                                                        <customfield id="customfield_12311820" key="com.pyxis.greenhopper.jira:gh-lexo-rank">
                        <customfieldname>Rank</customfieldname>
                        <customfieldvalues>
                            <customfieldvalue>0|i1isan:</customfieldvalue>

                        </customfieldvalues>
                    </customfield>
                                                                <customfield id="customfield_12310920" key="com.pyxis.greenhopper.jira:gh-global-rank">
                        <customfieldname>Rank (Obsolete)</customfieldname>
                        <customfieldvalues>
                            <customfieldvalue>317845</customfieldvalue>
                        </customfieldvalues>
                    </customfield>
                                                                                                                                                                                                                                                                                                                                                                                                                                                                                                                                                                                                                                                                                                                                                                                                                                                                                                            </customfields>
    </item>


</channel>
</rss>