<rss version="0.92">
    <channel>
        <title>ASF JIRA</title>
        <link>https://issues.apache.org/jira/issues/?jql=project+%3D+MATH+and+type+%3D+bug+and+%28status+%3D+RESOLVED+or+status+%3D+closed%29+and+resolution+%3D+Fixed+and+fixVersion+%21%3D+None++and+affectedVersion+%21%3D+None++and+affectedVersion+%21%3D+%22Nightly+Build%22</link>
        <description>An XML representation of a search request</description>
                <language>en-uk</language>
                        <issue start="0" end="335" total="335" />
                <build-info>
            <version>8.20.1</version>
            <build-number>820001</build-number>
            <build-date>28-10-2021</build-date>
        </build-info>

<item>
            <title>[MATH-1439] IntervalsSet getBoundarySize() method fails when interval is a single point</title>
                <link>https://issues.apache.org/jira/browse/MATH-1439</link>
                <project id="12310485" key="MATH">Commons Math</project>
                    <description>&lt;p&gt;After creating an IntervalsSet representing a single point, calls to getBoundarySize() fail with a MathInternalError. The exception is thrown from the o.a.c.m.geometry.partitioning.Characterization class, which does not expect the BSP tree nodes it visits to have hyperplanes that are similar to those of their parents. However, IntervalsSet can (and should be allowed to) create such a tree. I believe that the Characterization class should be updated to handle this situation gracefully.&lt;/p&gt;

&lt;p&gt;&#160;&lt;/p&gt;

&lt;p&gt;Here is an example of the failing code:&lt;/p&gt;

&lt;p&gt;&lt;tt&gt;IntervalsSet set = new IntervalsSet(1.0, 1.0, 1e-10);&lt;/tt&gt;&lt;/p&gt;

&lt;p&gt;&lt;tt&gt;set.getBoundarySize();&lt;/tt&gt;&lt;/p&gt;

&lt;p&gt;&#160;&lt;/p&gt;

&lt;p&gt;Pull request: &lt;a href="https://github.com/apache/commons-math/pull/74" class="external-link" target="_blank" rel="nofollow noopener"&gt;https://github.com/apache/commons-math/pull/74&lt;/a&gt;&lt;/p&gt;</description>
                <environment />
        <key id="13132487">MATH-1439</key>
            <summary>IntervalsSet getBoundarySize() method fails when interval is a single point</summary>
                <type id="1" iconUrl="https://issues.apache.org/jira/secure/viewavatar?size=xsmall&amp;avatarId=21133&amp;avatarType=issuetype">Bug</type>
                                            <priority id="3" iconUrl="https://issues.apache.org/jira/images/icons/priorities/major.svg">Major</priority>
                        <status id="5" iconUrl="https://issues.apache.org/jira/images/icons/statuses/resolved.png" description="A resolution has been taken, and it is awaiting verification by reporter. From here issues are either reopened, or are closed.">Resolved</status>
                    <statusCategory id="3" key="done" colorName="green" />
                                    <resolution id="1">Fixed</resolution>
                                        <assignee username="-1">Unassigned</assignee>
                                    <reporter username="mattjuntunen">Matt Juntunen</reporter>
                        <labels>
                    </labels>
                <created>Sun, 21 Jan 2018 05:42:38 +0000</created>
                <updated>Sun, 21 Jan 2018 13:30:15 +0000</updated>
                            <resolved>Sun, 21 Jan 2018 13:30:15 +0000</resolved>
                                    <version>4.0</version>
                                    <fixVersion>4.0</fixVersion>
                                        <due />
                            <votes>0</votes>
                                    <watches>1</watches>
                                                                <comments>
                            <comment id="16333403" author="mattjuntunen" created="Sun, 21 Jan 2018 06:09:41 +0000">&lt;p&gt;The approach I took was to treat sub-hyperplanes that have the same hyperplane as the bsp node they're being tested against as if they were on the minus side of the node hyperplane. This seems to solve the edge case I mention here (which has actually shown up quite a bit for me when working with large models), and I can't think of any cases where it would cause issues. I think this is especially true considering that the previous behavior was to throw an exception.&lt;/p&gt;</comment>
                            <comment id="16333512" author="erans" created="Sun, 21 Jan 2018 13:30:15 +0000">&lt;p&gt;commit 6d9bc1ade01040bb48ac01afe6b5198ea379f4e8 ("master" branch).&lt;/p&gt;</comment>
                    </comments>
                    <attachments>
                    </attachments>
                <subtasks>
                    </subtasks>
                <customfields>
                                                                                                                                                                                                                                                                                                                                                                                                                                                                                                                                                                                                                                                                                                                    <customfield id="customfield_12314020" key="com.atlassian.jira.plugins.jira-development-integration-plugin:devsummary">
                        <customfieldname>Development</customfieldname>
                        <customfieldvalues>
                            
                        </customfieldvalues>
                    </customfield>
                                                                                                                        <customfield id="customfield_12313422" key="com.atlassian.jirafisheyeplugin:jobcheckbox">
                        <customfieldname>Enable Automatic Patch Review</customfieldname>
                        <customfieldvalues>
                            <customfieldvalue>false</customfieldvalue>

                        </customfieldvalues>
                    </customfield>
                                                                                                                                                                                                                                                                                                                                                                                                                                                                                                                                                                                                                                                <customfield id="customfield_12310420" key="com.pyxis.greenhopper.jira:gh-global-rank">
                        <customfieldname>Global Rank</customfieldname>
                        <customfieldvalues>
                            <customfieldvalue>9223372036854775807</customfieldvalue>
                        </customfieldvalues>
                    </customfield>
                                                                                                                                                                                                                                                                                                                                                                                                                                                                        <customfield id="customfield_12311820" key="com.pyxis.greenhopper.jira:gh-lexo-rank">
                        <customfieldname>Rank</customfieldname>
                        <customfieldvalues>
                            <customfieldvalue>0|i3p5h3:</customfieldvalue>

                        </customfieldvalues>
                    </customfield>
                                                                <customfield id="customfield_12310920" key="com.pyxis.greenhopper.jira:gh-global-rank">
                        <customfieldname>Rank (Obsolete)</customfieldname>
                        <customfieldvalues>
                            <customfieldvalue>9223372036854775807</customfieldvalue>
                        </customfieldvalues>
                    </customfield>
                                                                                                                                                                                                                                                                                                                                                                                                                                                                                                                                                                                                                                                                                                                                                                                                                                                                                                            </customfields>
    </item>


</channel>
</rss>