<rss version="0.92">
    <channel>
        <title>ASF JIRA</title>
        <link>https://issues.apache.org/jira/issues/?jql=project+%3D+MATH+and+type+%3D+bug+and+%28status+%3D+RESOLVED+or+status+%3D+closed%29+and+resolution+%3D+Fixed+and+fixVersion+%21%3D+None++and+affectedVersion+%21%3D+None++and+affectedVersion+%21%3D+%22Nightly+Build%22</link>
        <description>An XML representation of a search request</description>
                <language>en-uk</language>
                        <issue start="0" end="335" total="335" />
                <build-info>
            <version>8.20.1</version>
            <build-number>820001</build-number>
            <build-date>28-10-2021</build-date>
        </build-info>

<item>
            <title>[MATH-825] public method "laguerre" should be private</title>
                <link>https://issues.apache.org/jira/browse/MATH-825</link>
                <project id="12310485" key="MATH">Commons Math</project>
                    <description>&lt;p&gt;In class "LaguerreSolver" (package "o.a.c.m.analysis.solvers"), the method "laguerre" is public. However, it doesn't make any sense to call it from outside the class (because its argument list does not contain the function whose roots must be computed).&lt;br/&gt;
The method should be made private.&lt;/p&gt;</description>
                <environment />
        <key id="12598934">MATH-825</key>
            <summary>public method "laguerre" should be private</summary>
                <type id="1" iconUrl="https://issues.apache.org/jira/secure/viewavatar?size=xsmall&amp;avatarId=21133&amp;avatarType=issuetype">Bug</type>
                                            <priority id="5" iconUrl="https://issues.apache.org/jira/images/icons/priorities/trivial.svg">Trivial</priority>
                        <status id="5" iconUrl="https://issues.apache.org/jira/images/icons/statuses/resolved.png" description="A resolution has been taken, and it is awaiting verification by reporter. From here issues are either reopened, or are closed.">Resolved</status>
                    <statusCategory id="3" key="done" colorName="green" />
                                    <resolution id="1">Fixed</resolution>
                                        <assignee username="-1">Unassigned</assignee>
                                    <reporter username="erans">Gilles Sadowski</reporter>
                        <labels>
                    </labels>
                <created>Mon, 16 Jul 2012 09:16:32 +0000</created>
                <updated>Mon, 16 Feb 2015 23:04:05 +0000</updated>
                            <resolved>Mon, 16 Feb 2015 23:04:05 +0000</resolved>
                                    <version>3.0</version>
                                    <fixVersion>4.0</fixVersion>
                                        <due />
                            <votes>0</votes>
                                    <watches>1</watches>
                                                                <comments>
                            <comment id="13414951" author="erans" created="Mon, 16 Jul 2012 09:19:06 +0000">&lt;p&gt;Since the change is not backward-compatible, the method should be marked as deprecated in 3.1.&lt;/p&gt;</comment>
                            <comment id="13414969" author="erans" created="Mon, 16 Jul 2012 09:57:47 +0000">&lt;blockquote&gt;&lt;p&gt;&lt;span class="error"&gt;&amp;#91;...&amp;#93;&lt;/span&gt; the method should be marked as deprecated &lt;span class="error"&gt;&amp;#91;...&amp;#93;&lt;/span&gt;&lt;/p&gt;&lt;/blockquote&gt;

&lt;p&gt;Done in revision 1361956.&lt;/p&gt;</comment>
                            <comment id="14323426" author="tn" created="Mon, 16 Feb 2015 23:04:05 +0000">&lt;p&gt;Fixed in commit 5f47ad718e0ffcbbe6cd2f8d32b2e345c4af3a48.&lt;/p&gt;</comment>
                    </comments>
                    <attachments>
                    </attachments>
                <subtasks>
                    </subtasks>
                <customfields>
                                                                                                                                                                                                                                                                                                                                                                                                                                                                                                                                                                                                                                                                                                                    <customfield id="customfield_12314020" key="com.atlassian.jira.plugins.jira-development-integration-plugin:devsummary">
                        <customfieldname>Development</customfieldname>
                        <customfieldvalues>
                            
                        </customfieldvalues>
                    </customfield>
                                                                                                                        <customfield id="customfield_12313422" key="com.atlassian.jirafisheyeplugin:jobcheckbox">
                        <customfieldname>Enable Automatic Patch Review</customfieldname>
                        <customfieldvalues>
                            <customfieldvalue>false</customfieldvalue>

                        </customfieldvalues>
                    </customfield>
                                                                                                                                                                                                                                                                                                                                                                                                                                                                                                                                                                                                                                                <customfield id="customfield_12310420" key="com.pyxis.greenhopper.jira:gh-global-rank">
                        <customfieldname>Global Rank</customfieldname>
                        <customfieldvalues>
                            <customfieldvalue>241586</customfieldvalue>
                        </customfieldvalues>
                    </customfield>
                                                                                                                                                                                                                                                                                                                                                                                                                                                                        <customfield id="customfield_12311820" key="com.pyxis.greenhopper.jira:gh-lexo-rank">
                        <customfieldname>Rank</customfieldname>
                        <customfieldvalues>
                            <customfieldvalue>0|i028tb:</customfieldvalue>

                        </customfieldvalues>
                    </customfield>
                                                                <customfield id="customfield_12310920" key="com.pyxis.greenhopper.jira:gh-global-rank">
                        <customfieldname>Rank (Obsolete)</customfieldname>
                        <customfieldvalues>
                            <customfieldvalue>11029</customfieldvalue>
                        </customfieldvalues>
                    </customfield>
                                                                                                                                                                                                                                                                                                                                                                                                                                                                                                                                                                                                                                                                                                                                                                                                                                                                                                            </customfields>
    </item>


</channel>
</rss>