<rss version="0.92">
    <channel>
        <title>ASF JIRA</title>
        <link>https://issues.apache.org/jira/issues/?jql=project+%3D+MATH+and+type+%3D+bug+and+%28status+%3D+RESOLVED+or+status+%3D+closed%29+and+resolution+%3D+Fixed+and+fixVersion+%21%3D+None++and+affectedVersion+%21%3D+None++and+affectedVersion+%21%3D+%22Nightly+Build%22</link>
        <description>An XML representation of a search request</description>
                <language>en-uk</language>
                        <issue start="0" end="335" total="335" />
                <build-info>
            <version>8.20.1</version>
            <build-number>820001</build-number>
            <build-date>28-10-2021</build-date>
        </build-info>

<item>
            <title>[MATH-644] for the class of hyper-geometric distribution, for some number the method "upperCumulativeProbability" return a probability greater than 1 which is impossible.  </title>
                <link>https://issues.apache.org/jira/browse/MATH-644</link>
                <project id="12310485" key="MATH">Commons Math</project>
                    <description>&lt;p&gt;In windows 7, I used common.Math library. I used class "HypergeometricDistributionImpl" and method "upperCumulativeProbability" of zero for distribution and the return value is larget than 1. the following code is working error. &lt;/p&gt;

&lt;p&gt;HypergeometricDistributionImpl u = new HypergeometricDistributionImpl(14761461, 1035 ,1841 );&lt;br/&gt;
System.out.println(u.upperCumulativeProbability(0))&lt;/p&gt;

&lt;p&gt;Thanks&lt;/p&gt;</description>
                <environment />
        <key id="12518772">MATH-644</key>
            <summary>for the class of hyper-geometric distribution, for some number the method "upperCumulativeProbability" return a probability greater than 1 which is impossible.  </summary>
                <type id="1" iconUrl="https://issues.apache.org/jira/secure/viewavatar?size=xsmall&amp;avatarId=21133&amp;avatarType=issuetype">Bug</type>
                                            <priority id="4" iconUrl="https://issues.apache.org/jira/images/icons/priorities/minor.svg">Minor</priority>
                        <status id="6" iconUrl="https://issues.apache.org/jira/images/icons/statuses/closed.png" description="The issue is considered finished, the resolution is correct. Issues which are not closed can be reopened.">Closed</status>
                    <statusCategory id="3" key="done" colorName="green" />
                                    <resolution id="1">Fixed</resolution>
                                        <assignee username="-1">Unassigned</assignee>
                                    <reporter username="msayati">marzieh</reporter>
                        <labels>
                            <label>hypergeometric</label>
                            <label>probability</label>
                    </labels>
                <created>Sat, 13 Aug 2011 06:26:59 +0000</created>
                <updated>Mon, 4 Mar 2013 18:53:21 +0000</updated>
                            <resolved>Thu, 31 May 2012 23:45:24 +0000</resolved>
                                    <version>2.2</version>
                                    <fixVersion>3.1</fixVersion>
                                        <due />
                            <votes>0</votes>
                                    <watches>1</watches>
                                                                <comments>
                            <comment id="13215086" author="tn" created="Thu, 23 Feb 2012 21:43:04 +0000">&lt;p&gt;Updated fix version as there will be no 2.2.1&lt;/p&gt;</comment>
                            <comment id="13287039" author="tn" created="Thu, 31 May 2012 23:45:25 +0000">&lt;p&gt;Finally, I found the problem for the described behavior:&lt;/p&gt;

&lt;p&gt;In the upperCumulativeProbability function there was a sanity check like this:&lt;/p&gt;

&lt;div class="preformatted panel" style="border-width: 1px;"&gt;&lt;div class="preformattedContent panelContent"&gt;
&lt;pre&gt;        if (x &amp;lt; domain[0]) {
            ret = 1.0;
        } else if (x &amp;gt; domain[1]) {
            ret = 0.0;
&lt;/pre&gt;
&lt;/div&gt;&lt;/div&gt;

&lt;p&gt;In fact to be correct, it has to be like this&lt;/p&gt;

&lt;div class="preformatted panel" style="border-width: 1px;"&gt;&lt;div class="preformattedContent panelContent"&gt;
&lt;pre&gt;        if (x &amp;lt;= domain[0]) {
            ret = 1.0;
        } else if (x &amp;gt; domain[1]) {
            ret = 0.0;
&lt;/pre&gt;
&lt;/div&gt;&lt;/div&gt;

&lt;p&gt;which is also symmetric to the case of the cumulativeProbability function.&lt;br/&gt;
It means that for values of x that are at the lower bound, the probability must be 1.0 as the upperCumulativeProbability is defined as P(X &amp;gt;= x).&lt;/p&gt;

&lt;p&gt;Additionally, the duplicate probability mass functions have been cleaned up. After looking through the version history it became clear that initially there existed two methods, whereas the public one called only the private one (which contained the actual computation). Later on the public one got improved, whereas the private one was still called by the cumulativeProbability methods.&lt;/p&gt;

&lt;p&gt;This has been fixed in the sense that only the public method (which also behaves better for large values of N, m, k) is used in the class.&lt;/p&gt;</comment>
                    </comments>
                    <attachments>
                    </attachments>
                <subtasks>
                    </subtasks>
                <customfields>
                                                                                                                                                                                                                                                                                                                                                                                                                                                                                                                                                                                                                                                                                                                    <customfield id="customfield_12314020" key="com.atlassian.jira.plugins.jira-development-integration-plugin:devsummary">
                        <customfieldname>Development</customfieldname>
                        <customfieldvalues>
                            
                        </customfieldvalues>
                    </customfield>
                                                                                                                        <customfield id="customfield_12313422" key="com.atlassian.jirafisheyeplugin:jobcheckbox">
                        <customfieldname>Enable Automatic Patch Review</customfieldname>
                        <customfieldvalues>
                            <customfieldvalue>false</customfieldvalue>

                        </customfieldvalues>
                    </customfield>
                                                                                                                                                                                                                                                                                                                                                                                                                                                                                                                                                                                                                                                <customfield id="customfield_12310420" key="com.pyxis.greenhopper.jira:gh-global-rank">
                        <customfieldname>Global Rank</customfieldname>
                        <customfieldvalues>
                            <customfieldvalue>2196</customfieldvalue>
                        </customfieldvalues>
                    </customfield>
                                                                                                                                                                                                                                                                                                                                                                                                                                                                        <customfield id="customfield_12311820" key="com.pyxis.greenhopper.jira:gh-lexo-rank">
                        <customfieldname>Rank</customfieldname>
                        <customfieldvalues>
                            <customfieldvalue>0|i0rti7:</customfieldvalue>

                        </customfieldvalues>
                    </customfield>
                                                                <customfield id="customfield_12310920" key="com.pyxis.greenhopper.jira:gh-global-rank">
                        <customfieldname>Rank (Obsolete)</customfieldname>
                        <customfieldvalues>
                            <customfieldvalue>160424</customfieldvalue>
                        </customfieldvalues>
                    </customfield>
                                                                                                                                                                                                                                                                                                                                                                                                                                                                                                                                                                                                                                                                                                                                                                                                                                                                                                            </customfields>
    </item>


</channel>
</rss>