<rss version="0.92">
    <channel>
        <title>ASF JIRA</title>
        <link>https://issues.apache.org/jira/issues/?jql=project+%3D+MATH+and+type+%3D+bug+and+%28status+%3D+RESOLVED+or+status+%3D+closed%29+and+resolution+%3D+Fixed+and+fixVersion+%21%3D+None++and+affectedVersion+%21%3D+None++and+affectedVersion+%21%3D+%22Nightly+Build%22</link>
        <description>An XML representation of a search request</description>
                <language>en-uk</language>
                        <issue start="0" end="335" total="335" />
                <build-info>
            <version>8.20.1</version>
            <build-number>820001</build-number>
            <build-date>28-10-2021</build-date>
        </build-info>

<item>
            <title>[MATH-1254] Unit test CorrelatedRandomVectorGeneratorTest is flaky</title>
                <link>https://issues.apache.org/jira/browse/MATH-1254</link>
                <project id="12310485" key="MATH">Commons Math</project>
                    <description>&lt;p&gt;CorrelatedRandomVectorGeneratorTest.testSampleWithZeroCovariance sometimes fails. The failure can be reproduced by setting the seed of the JDKRandomGenerator in createSampler equal to 628. &lt;/p&gt;</description>
                <environment />
        <key id="12853694">MATH-1254</key>
            <summary>Unit test CorrelatedRandomVectorGeneratorTest is flaky</summary>
                <type id="1" iconUrl="https://issues.apache.org/jira/secure/viewavatar?size=xsmall&amp;avatarId=21133&amp;avatarType=issuetype">Bug</type>
                                            <priority id="4" iconUrl="https://issues.apache.org/jira/images/icons/priorities/minor.svg">Minor</priority>
                        <status id="6" iconUrl="https://issues.apache.org/jira/images/icons/statuses/closed.png" description="The issue is considered finished, the resolution is correct. Issues which are not closed can be reopened.">Closed</status>
                    <statusCategory id="3" key="done" colorName="green" />
                                    <resolution id="1">Fixed</resolution>
                                        <assignee username="-1">Unassigned</assignee>
                                    <reporter username="Otmar Ertl">Otmar Ertl</reporter>
                        <labels>
                    </labels>
                <created>Sun, 9 Aug 2015 15:19:47 +0000</created>
                <updated>Mon, 25 Jan 2016 20:27:48 +0000</updated>
                            <resolved>Tue, 24 Nov 2015 20:58:19 +0000</resolved>
                                    <version>4.0</version>
                                    <fixVersion>4.0</fixVersion>
                    <fixVersion>3.6</fixVersion>
                                        <due />
                            <votes>0</votes>
                                    <watches>2</watches>
                                                                <comments>
                            <comment id="15023247" author="tn" created="Mon, 23 Nov 2015 22:34:33 +0000">&lt;p&gt;Luc has already changed the test to use a fixed seed.&lt;/p&gt;

&lt;p&gt;Increasing the number of samples also improves the robustness of the test.&lt;/p&gt;</comment>
                            <comment id="15025389" author="otmar ertl" created="Tue, 24 Nov 2015 20:58:19 +0000">&lt;p&gt;4.0: ad12d97cbb4c35017d55c4105174671f1c38b36a&lt;br/&gt;
3.6: 635c35be7446c55740765bb67b8bfa21f1c93de5&lt;/p&gt;</comment>
                            <comment id="15115917" author="luc" created="Mon, 25 Jan 2016 20:27:48 +0000">&lt;p&gt;Closing all resolved issues that were included in 3.6 release.&lt;/p&gt;</comment>
                    </comments>
                    <attachments>
                            <attachment id="12749471" name="seed628.patch" size="1070" author="Otmar Ertl" created="Sun, 9 Aug 2015 15:23:04 +0000" />
                    </attachments>
                <subtasks>
                    </subtasks>
                <customfields>
                                                                                                                                                                                                                                                                                                                                                                                                                                                                                                                                                                                                                                                                                                                    <customfield id="customfield_12314020" key="com.atlassian.jira.plugins.jira-development-integration-plugin:devsummary">
                        <customfieldname>Development</customfieldname>
                        <customfieldvalues>
                            
                        </customfieldvalues>
                    </customfield>
                                                                                                                        <customfield id="customfield_12313422" key="com.atlassian.jirafisheyeplugin:jobcheckbox">
                        <customfieldname>Enable Automatic Patch Review</customfieldname>
                        <customfieldvalues>
                            <customfieldvalue>false</customfieldvalue>

                        </customfieldvalues>
                    </customfield>
                                                                                                                                                                                                                                                                                                                                                                                                                                                                                                                                                                                                                                                <customfield id="customfield_12310420" key="com.pyxis.greenhopper.jira:gh-global-rank">
                        <customfieldname>Global Rank</customfieldname>
                        <customfieldvalues>
                            <customfieldvalue>9223372036854775807</customfieldvalue>
                        </customfieldvalues>
                    </customfield>
                                                                                                                                                                                                                                                                                                                                                                                                                                                                        <customfield id="customfield_12311820" key="com.pyxis.greenhopper.jira:gh-lexo-rank">
                        <customfieldname>Rank</customfieldname>
                        <customfieldvalues>
                            <customfieldvalue>0|i2iibj:</customfieldvalue>

                        </customfieldvalues>
                    </customfield>
                                                                <customfield id="customfield_12310920" key="com.pyxis.greenhopper.jira:gh-global-rank">
                        <customfieldname>Rank (Obsolete)</customfieldname>
                        <customfieldvalues>
                            <customfieldvalue>9223372036854775807</customfieldvalue>
                        </customfieldvalues>
                    </customfield>
                                                                                                                                                                                                                                                                                                                                                                                                                                                                                                                                                                                                                                                                                                                                                                                                                                                                                                            </customfields>
    </item>


</channel>
</rss>