<rss version="0.92">
    <channel>
        <title>ASF JIRA</title>
        <link>https://issues.apache.org/jira/issues/?jql=project+%3D+MATH+and+type+%3D+bug+and+%28status+%3D+RESOLVED+or+status+%3D+closed%29+and+resolution+%3D+Fixed+and+fixVersion+%21%3D+None++and+affectedVersion+%21%3D+None++and+affectedVersion+%21%3D+%22Nightly+Build%22</link>
        <description>An XML representation of a search request</description>
                <language>en-uk</language>
                        <issue start="0" end="335" total="335" />
                <build-info>
            <version>8.20.1</version>
            <build-number>820001</build-number>
            <build-date>28-10-2021</build-date>
        </build-info>

<item>
            <title>[MATH-1477] MillerUpdatingRegression: ArrayIndexOutOfBounds when calling regress with variablesToInclude parameter</title>
                <link>https://issues.apache.org/jira/browse/MATH-1477</link>
                <project id="12310485" key="MATH">Commons Math</project>
                    <description>&lt;p&gt;When performing a regression with a subset of predictors, an ArrayIndexOutOfBounds exception will occur for certain subset selections. For example, this appears to happen consistently for regressions without a constant term when the predictor at index 0 is not selected.&lt;/p&gt;

&lt;p&gt;I do not understand at all the algorithm used to reorder the predictors when a subset is requested, but the fix appears to be a simple correction to the indexing range in the for-loop in the regress method of MillerUpdatingRegression.java.&lt;/p&gt;

&lt;p&gt;&#160;&lt;/p&gt;

&lt;p&gt;Patch with expanded unit test to follow shortly.&lt;/p&gt;</description>
                <environment />
        <key id="13227012">MATH-1477</key>
            <summary>MillerUpdatingRegression: ArrayIndexOutOfBounds when calling regress with variablesToInclude parameter</summary>
                <type id="1" iconUrl="https://issues.apache.org/jira/secure/viewavatar?size=xsmall&amp;avatarId=21133&amp;avatarType=issuetype">Bug</type>
                                            <priority id="3" iconUrl="https://issues.apache.org/jira/images/icons/priorities/major.svg">Major</priority>
                        <status id="5" iconUrl="https://issues.apache.org/jira/images/icons/statuses/resolved.png" description="A resolution has been taken, and it is awaiting verification by reporter. From here issues are either reopened, or are closed.">Resolved</status>
                    <statusCategory id="3" key="done" colorName="green" />
                                    <resolution id="1">Fixed</resolution>
                                        <assignee username="-1">Unassigned</assignee>
                                    <reporter username="cheesinglee">Chee Sing Lee</reporter>
                        <labels>
                            <label>easyfix</label>
                            <label>newbie</label>
                            <label>patch</label>
                    </labels>
                <created>Tue, 9 Apr 2019 17:59:40 +0000</created>
                <updated>Wed, 10 Apr 2019 01:18:03 +0000</updated>
                            <resolved>Wed, 10 Apr 2019 01:18:03 +0000</resolved>
                                    <version>3.6.1</version>
                                    <fixVersion>4.0</fixVersion>
                                        <due />
                            <votes>0</votes>
                                    <watches>1</watches>
                                            <timeestimate seconds="0">0h</timeestimate>
                            <timespent seconds="1800">0.5h</timespent>
                                <comments>
                            <comment id="16813700" author="cheesinglee" created="Tue, 9 Apr 2019 18:37:59 +0000">&lt;p&gt;Link to PR:&#160;&lt;a href="https://github.com/apache/commons-math/pull/104" class="external-link" target="_blank" rel="nofollow noopener"&gt;https://github.com/apache/commons-math/pull/104&lt;/a&gt;&lt;/p&gt;</comment>
                            <comment id="16813960" author="erans" created="Wed, 10 Apr 2019 01:18:03 +0000">&lt;p&gt;PR merged (commit 8694f8478bed676c9bb13a3a9a6e2eca56029c95 in "master").&lt;br/&gt;
Thanks.&lt;/p&gt;</comment>
                    </comments>
                    <attachments>
                    </attachments>
                <subtasks>
                    </subtasks>
                <customfields>
                                                                                                                                                                                                                                                                                                                                                                                                                                                                                                                                                                                                                                                                                                                    <customfield id="customfield_12314020" key="com.atlassian.jira.plugins.jira-development-integration-plugin:devsummary">
                        <customfieldname>Development</customfieldname>
                        <customfieldvalues>
                            
                        </customfieldvalues>
                    </customfield>
                                                                                                                        <customfield id="customfield_12313422" key="com.atlassian.jirafisheyeplugin:jobcheckbox">
                        <customfieldname>Enable Automatic Patch Review</customfieldname>
                        <customfieldvalues>
                            <customfieldvalue>false</customfieldvalue>

                        </customfieldvalues>
                    </customfield>
                                                                                                                                                                                                                                                                                                                                                                                    <customfield id="customfield_12310250" key="com.atlassian.jira.plugin.system.customfieldtypes:multicheckboxes">
                        <customfieldname>Flags</customfieldname>
                        <customfieldvalues>
                                <customfieldvalue key="10430">Patch</customfieldvalue>
    
                        </customfieldvalues>
                    </customfield>
                                                                                                                                                                                                                                                                                                <customfield id="customfield_12310420" key="com.pyxis.greenhopper.jira:gh-global-rank">
                        <customfieldname>Global Rank</customfieldname>
                        <customfieldvalues>
                            <customfieldvalue>9223372036854775807</customfieldvalue>
                        </customfieldvalues>
                    </customfield>
                                                                                                                                                                                                                                                                                                                                                                                                                                                                        <customfield id="customfield_12311820" key="com.pyxis.greenhopper.jira:gh-lexo-rank">
                        <customfieldname>Rank</customfieldname>
                        <customfieldvalues>
                            <customfieldvalue>0|z01lzk:</customfieldvalue>

                        </customfieldvalues>
                    </customfield>
                                                                <customfield id="customfield_12310920" key="com.pyxis.greenhopper.jira:gh-global-rank">
                        <customfieldname>Rank (Obsolete)</customfieldname>
                        <customfieldvalues>
                            <customfieldvalue>9223372036854775807</customfieldvalue>
                        </customfieldvalues>
                    </customfield>
                                                                                                                                                                                                                                                                                                                                                                                                                                                                                                                                                                                                                                                                                                                                                                                                                                                                                                            </customfields>
    </item>


</channel>
</rss>