<rss version="0.92">
    <channel>
        <title>ASF JIRA</title>
        <link>https://issues.apache.org/jira/issues/?jql=project+%3D+MATH+and+type+%3D+bug+and+%28status+%3D+RESOLVED+or+status+%3D+closed%29+and+resolution+%3D+Fixed+and+fixVersion+%21%3D+None++and+affectedVersion+%21%3D+None++and+affectedVersion+%21%3D+%22Nightly+Build%22</link>
        <description>An XML representation of a search request</description>
                <language>en-uk</language>
                        <issue start="0" end="335" total="335" />
                <build-info>
            <version>8.20.1</version>
            <build-number>820001</build-number>
            <build-date>28-10-2021</build-date>
        </build-info>

<item>
            <title>[MATH-721] building common-math on Solaris SPARC gives "error: floating point number too small"</title>
                <link>https://issues.apache.org/jira/browse/MATH-721</link>
                <project id="12310485" key="MATH">Commons Math</project>
                    <description>&lt;p&gt;It seems the assumption in MathUtils.java &lt;/p&gt;


&lt;p&gt;    /** Safe minimum, such that 1 / SAFE_MIN does not overflow.&lt;/p&gt;
&lt;ul&gt;
	&lt;li&gt;&amp;lt;p&amp;gt;In IEEE 754 arithmetic, this is also the smallest normalized&lt;/li&gt;
	&lt;li&gt;number 2&amp;lt;sup&amp;gt;-1022&amp;lt;/sup&amp;gt;.&amp;lt;/p&amp;gt;&lt;br/&gt;
     */&lt;br/&gt;
    public static final double SAFE_MIN = 0x1.0p-1022;&lt;/li&gt;
&lt;/ul&gt;


&lt;p&gt;does not work on my openjdk 1.7.0_1 on Solaris SPARC, because I get the following build error:&lt;/p&gt;

&lt;p&gt;&lt;span class="error"&gt;&amp;#91;INFO&amp;#93;&lt;/span&gt; Compiling 457 source files to /opt/builder/projects/commons-math-2.2-src/target/classes&lt;br/&gt;
&lt;span class="error"&gt;&amp;#91;INFO&amp;#93;&lt;/span&gt; -------------------------------------------------------------&lt;br/&gt;
&lt;span class="error"&gt;&amp;#91;ERROR&amp;#93;&lt;/span&gt; COMPILATION ERROR : &lt;br/&gt;
&lt;span class="error"&gt;&amp;#91;INFO&amp;#93;&lt;/span&gt; -------------------------------------------------------------&lt;br/&gt;
&lt;span class="error"&gt;&amp;#91;ERROR&amp;#93;&lt;/span&gt; /opt/builder/projects/commons-math-2.2-src/src/main/java/org/apache/commons/math/util/MathUtils.java:&lt;span class="error"&gt;&amp;#91;42,42&amp;#93;&lt;/span&gt; error: floating point number too small&lt;/p&gt;

&lt;p&gt;&lt;span class="error"&gt;&amp;#91;INFO&amp;#93;&lt;/span&gt; 1error&lt;br/&gt;
&lt;span class="error"&gt;&amp;#91;INFO&amp;#93;&lt;/span&gt; -------------------------------------------------------------&lt;br/&gt;
&lt;span class="error"&gt;&amp;#91;INFO&amp;#93;&lt;/span&gt; ------------------------------------------------------------------------&lt;br/&gt;
&lt;span class="error"&gt;&amp;#91;INFO&amp;#93;&lt;/span&gt; BUILD FAILURE&lt;/p&gt;

&lt;p&gt;and also in the tests I encounter the error when parsing floating point constants&lt;/p&gt;

&lt;p&gt;&lt;span class="error"&gt;&amp;#91;ERROR&amp;#93;&lt;/span&gt; Failed to execute goal org.apache.maven.plugins:maven-compiler-plugin:2.1:testCompile (default-testCompile) on project commons-math: Compilation failure: Compilation failure:&lt;br/&gt;
&lt;span class="error"&gt;&amp;#91;ERROR&amp;#93;&lt;/span&gt; /opt/builder/projects/commons-math-2.2-src/src/test/java/org/apache/commons/math/util/FastMathTest.java:&lt;span class="error"&gt;&amp;#91;1050,69&amp;#93;&lt;/span&gt; error: floating point number too small&lt;br/&gt;
&lt;span class="error"&gt;&amp;#91;ERROR&amp;#93;&lt;/span&gt; &lt;br/&gt;
&lt;span class="error"&gt;&amp;#91;ERROR&amp;#93;&lt;/span&gt; /opt/builder/projects/commons-math-2.2-src/src/test/java/org/apache/commons/math/util/FastMathTest.java:&lt;span class="error"&gt;&amp;#91;1055,28&amp;#93;&lt;/span&gt; error: floating point number too small&lt;br/&gt;
&lt;span class="error"&gt;&amp;#91;ERROR&amp;#93;&lt;/span&gt; &lt;br/&gt;
&lt;span class="error"&gt;&amp;#91;ERROR&amp;#93;&lt;/span&gt; /opt/builder/projects/commons-math-2.2-src/src/test/java/org/apache/commons/math/util/FastMathTest.java:&lt;span class="error"&gt;&amp;#91;1055,69&amp;#93;&lt;/span&gt; error: floating point number too small&lt;br/&gt;
&lt;span class="error"&gt;&amp;#91;ERROR&amp;#93;&lt;/span&gt; &lt;br/&gt;
&lt;span class="error"&gt;&amp;#91;ERROR&amp;#93;&lt;/span&gt; /opt/builder/projects/commons-math-2.2-src/src/test/java/org/apache/commons/math/util/FastMathTest.java:&lt;span class="error"&gt;&amp;#91;1056,28&amp;#93;&lt;/span&gt; error: floating point number too small&lt;br/&gt;
&lt;span class="error"&gt;&amp;#91;ERROR&amp;#93;&lt;/span&gt; &lt;br/&gt;
&lt;span class="error"&gt;&amp;#91;ERROR&amp;#93;&lt;/span&gt; /opt/builder/projects/commons-math-2.2-src/src/test/java/org/apache/commons/math/util/FastMathTest.java:&lt;span class="error"&gt;&amp;#91;1062,70&amp;#93;&lt;/span&gt; error: floating point number too small&lt;br/&gt;
&lt;span class="error"&gt;&amp;#91;ERROR&amp;#93;&lt;/span&gt; &lt;br/&gt;
&lt;span class="error"&gt;&amp;#91;ERROR&amp;#93;&lt;/span&gt; /opt/builder/projects/commons-math-2.2-src/src/test/java/org/apache/commons/math/util/FastMathTest.java:&lt;span class="error"&gt;&amp;#91;1063,70&amp;#93;&lt;/span&gt; error: floating point number too small&lt;br/&gt;
&lt;span class="error"&gt;&amp;#91;ERROR&amp;#93;&lt;/span&gt; &lt;br/&gt;
&lt;span class="error"&gt;&amp;#91;ERROR&amp;#93;&lt;/span&gt; /opt/builder/projects/commons-math-2.2-src/src/test/java/org/apache/commons/math/util/FastMathTest.java:&lt;span class="error"&gt;&amp;#91;1068,70&amp;#93;&lt;/span&gt; error: floating point number too small&lt;br/&gt;
&lt;span class="error"&gt;&amp;#91;ERROR&amp;#93;&lt;/span&gt; &lt;br/&gt;
&lt;span class="error"&gt;&amp;#91;ERROR&amp;#93;&lt;/span&gt; /opt/builder/projects/commons-math-2.2-src/src/test/java/org/apache/commons/math/util/FastMathTest.java:&lt;span class="error"&gt;&amp;#91;1069,70&amp;#93;&lt;/span&gt; error: floating point number too small&lt;br/&gt;
&lt;span class="error"&gt;&amp;#91;ERROR&amp;#93;&lt;/span&gt; &lt;br/&gt;
&lt;span class="error"&gt;&amp;#91;ERROR&amp;#93;&lt;/span&gt; /opt/builder/projects/commons-math-2.2-src/src/test/java/org/apache/commons/math/optimization/general/LevenbergMarquardtOptimizerTest.java:&lt;span class="error"&gt;&amp;#91;503,51&amp;#93;&lt;/span&gt; error: floating point number too small&lt;br/&gt;
&lt;span class="error"&gt;&amp;#91;ERROR&amp;#93;&lt;/span&gt; &lt;br/&gt;
&lt;span class="error"&gt;&amp;#91;ERROR&amp;#93;&lt;/span&gt; /opt/builder/projects/commons-math-2.2-src/src/test/java/org/apache/commons/math/optimization/general/LevenbergMarquardtOptimizerTest.java:&lt;span class="error"&gt;&amp;#91;503,66&amp;#93;&lt;/span&gt; error: floating point number too small&lt;br/&gt;
&lt;span class="error"&gt;&amp;#91;ERROR&amp;#93;&lt;/span&gt; &lt;br/&gt;
&lt;span class="error"&gt;&amp;#91;ERROR&amp;#93;&lt;/span&gt; /opt/builder/projects/commons-math-2.2-src/src/test/java/org/apache/commons/math/estimation/LevenbergMarquardtEstimatorTest.java:&lt;span class="error"&gt;&amp;#91;583,52&amp;#93;&lt;/span&gt; error: floating point number too small&lt;br/&gt;
&lt;span class="error"&gt;&amp;#91;ERROR&amp;#93;&lt;/span&gt; &lt;br/&gt;
&lt;span class="error"&gt;&amp;#91;ERROR&amp;#93;&lt;/span&gt; /opt/builder/projects/commons-math-2.2-src/src/test/java/org/apache/commons/math/estimation/LevenbergMarquardtEstimatorTest.java:&lt;span class="error"&gt;&amp;#91;585,52&amp;#93;&lt;/span&gt; error: floating point number too small&lt;/p&gt;


&lt;p&gt;I suggest using java.lang.Double.MIN_NORMAL for a platform normalized minimal floating point value.&lt;/p&gt;


&lt;p&gt;A quick program for printing Double.MIN_NORMAL gives the following result.&lt;/p&gt;

&lt;p&gt;class test {&lt;br/&gt;
   public static void main(String[] args) &lt;/p&gt;
{
       System.out.println("min float = " + Double.MIN_NORMAL );
   }
&lt;p&gt;}&lt;/p&gt;

&lt;p&gt;java test&lt;br/&gt;
min float = 2.2250738585072014E-308&lt;/p&gt;

&lt;p&gt;Could it be an openjdk glitch? Thank you for any comments and help how this could be fixed.&lt;/p&gt;</description>
                <environment>&lt;p&gt;Build environment is:&lt;br/&gt;
mvn --version&lt;br/&gt;
Apache Maven 3.0.3 (rNON-CANONICAL_2011-10-13_22-23_builder; 2011-10-13 22:23:49+0200)&lt;br/&gt;
Maven home: /usr/local/share/maven-3.0.3&lt;br/&gt;
Java version: 1.7.0-internal, vendor: Oracle Corporation&lt;br/&gt;
Java home: /usr/local/share/jdk1.7.0_1/jre&lt;br/&gt;
Default locale: de_DE, platform encoding: UTF-8&lt;br/&gt;
OS name: "sunos", version: "5.10", arch: "sparc", family: "unix"&lt;/p&gt;</environment>
        <key id="12534416">MATH-721</key>
            <summary>building common-math on Solaris SPARC gives "error: floating point number too small"</summary>
                <type id="1" iconUrl="https://issues.apache.org/jira/secure/viewavatar?size=xsmall&amp;avatarId=21133&amp;avatarType=issuetype">Bug</type>
                                            <priority id="3" iconUrl="https://issues.apache.org/jira/images/icons/priorities/major.svg">Major</priority>
                        <status id="6" iconUrl="https://issues.apache.org/jira/images/icons/statuses/closed.png" description="The issue is considered finished, the resolution is correct. Issues which are not closed can be reopened.">Closed</status>
                    <statusCategory id="3" key="done" colorName="green" />
                                    <resolution id="1">Fixed</resolution>
                                        <assignee username="-1">Unassigned</assignee>
                                    <reporter username="jprante">J&#246;rg Prante</reporter>
                        <labels>
                    </labels>
                <created>Thu, 8 Dec 2011 23:51:21 +0000</created>
                <updated>Mon, 4 Mar 2013 18:53:20 +0000</updated>
                            <resolved>Sat, 21 Apr 2012 12:16:06 +0000</resolved>
                                    <version>2.2</version>
                                    <fixVersion>3.1</fixVersion>
                                        <due />
                            <votes>0</votes>
                                    <watches>0</watches>
                                                                <comments>
                            <comment id="13165922" author="luc" created="Fri, 9 Dec 2011 08:03:48 +0000">&lt;p&gt;We can't use Double.MIN_NORMAL because it is only available since Java 6 and Apache Commons Math currently targets Java 1.5.&lt;br/&gt;
It may be an openjdk glitch as you say. This number is a perfectly regular number, and even smaller number exists and should be able to be used: the subnormal numbers.&lt;/p&gt;

&lt;p&gt;Could you try using a conversion from hexadecimal encoding on your platform, using something along this line:&lt;/p&gt;

&lt;p&gt;  public static final double SAFE_MIN = Double.longBitsToDouble(1L &amp;lt;&amp;lt; 52);&lt;/p&gt;</comment>
                            <comment id="13191117" author="erans" created="Mon, 23 Jan 2012 11:24:00 +0000">&lt;p&gt;Any follow-ups on this issue?&lt;/p&gt;</comment>
                            <comment id="13221696" author="jprante" created="Sat, 3 Mar 2012 21:03:34 +0000">&lt;p&gt;Replacing constant 2.2250738585072014E-308 (MIN_NORMAL) with java.lang.Double.longBitsToDouble(0x0010000000000000L)&lt;br/&gt;
is a workaround. Could be a Solaris SPARC compiler optimization issue when parsing float constants.&lt;/p&gt;</comment>
                            <comment id="13258843" author="luc" created="Sat, 21 Apr 2012 12:16:06 +0000">&lt;p&gt;Fixed in subversion repository as of r1328492&lt;/p&gt;</comment>
                    </comments>
                    <attachments>
                    </attachments>
                <subtasks>
                    </subtasks>
                <customfields>
                                                                                                                                                                                                                                                                                                                                                                                                                                                                                                                                                                                                                                                                                                                    <customfield id="customfield_12314020" key="com.atlassian.jira.plugins.jira-development-integration-plugin:devsummary">
                        <customfieldname>Development</customfieldname>
                        <customfieldvalues>
                            
                        </customfieldvalues>
                    </customfield>
                                                                                                                        <customfield id="customfield_12313422" key="com.atlassian.jirafisheyeplugin:jobcheckbox">
                        <customfieldname>Enable Automatic Patch Review</customfieldname>
                        <customfieldvalues>
                            <customfieldvalue>false</customfieldvalue>

                        </customfieldvalues>
                    </customfield>
                                                                                                                                                                                                                                                                                                                                                                                                                                                                                                                                                                                                                                                <customfield id="customfield_12310420" key="com.pyxis.greenhopper.jira:gh-global-rank">
                        <customfieldname>Global Rank</customfieldname>
                        <customfieldvalues>
                            <customfieldvalue>220138</customfieldvalue>
                        </customfieldvalues>
                    </customfield>
                                                                                                                                                                                                                                                                                                                                                                                                                                                                        <customfield id="customfield_12311820" key="com.pyxis.greenhopper.jira:gh-lexo-rank">
                        <customfieldname>Rank</customfieldname>
                        <customfieldvalues>
                            <customfieldvalue>0|i0rten:</customfieldvalue>

                        </customfieldvalues>
                    </customfield>
                                                                <customfield id="customfield_12310920" key="com.pyxis.greenhopper.jira:gh-global-rank">
                        <customfieldname>Rank (Obsolete)</customfieldname>
                        <customfieldvalues>
                            <customfieldvalue>160408</customfieldvalue>
                        </customfieldvalues>
                    </customfield>
                                                                                                                                                                                                                                                                                                                                                                                                                                                                                                                                                                                                                                                                                                                                                                                                                                                                                                            </customfields>
    </item>


</channel>
</rss>