<rss version="0.92">
    <channel>
        <title>ASF JIRA</title>
        <link>https://issues.apache.org/jira/issues/?jql=project+%3D+MATH+and+type+%3D+bug+and+%28status+%3D+RESOLVED+or+status+%3D+closed%29+and+resolution+%3D+Fixed+and+fixVersion+%21%3D+None++and+affectedVersion+%21%3D+None++and+affectedVersion+%21%3D+%22Nightly+Build%22</link>
        <description>An XML representation of a search request</description>
                <language>en-uk</language>
                        <issue start="0" end="335" total="335" />
                <build-info>
            <version>8.20.1</version>
            <build-number>820001</build-number>
            <build-date>28-10-2021</build-date>
        </build-info>

<item>
            <title>[MATH-409] Multiple Regression API should allow specification of whether or not to estimate intercept term</title>
                <link>https://issues.apache.org/jira/browse/MATH-409</link>
                <project id="12310485" key="MATH">Commons Math</project>
                    <description>&lt;p&gt;The OLS and GLS regression APIs should support estimating models including intercepts using design matrices including only variable data.&lt;/p&gt;</description>
                <environment />
        <key id="12472346">MATH-409</key>
            <summary>Multiple Regression API should allow specification of whether or not to estimate intercept term</summary>
                <type id="1" iconUrl="https://issues.apache.org/jira/secure/viewavatar?size=xsmall&amp;avatarId=21133&amp;avatarType=issuetype">Bug</type>
                                            <priority id="3" iconUrl="https://issues.apache.org/jira/images/icons/priorities/major.svg">Major</priority>
                        <status id="6" iconUrl="https://issues.apache.org/jira/images/icons/statuses/closed.png" description="The issue is considered finished, the resolution is correct. Issues which are not closed can be reopened.">Closed</status>
                    <statusCategory id="3" key="done" colorName="green" />
                                    <resolution id="1">Fixed</resolution>
                                        <assignee username="-1">Unassigned</assignee>
                                    <reporter username="psteitz">Phil Steitz</reporter>
                        <labels>
                    </labels>
                <created>Tue, 24 Aug 2010 09:55:32 +0000</created>
                <updated>Wed, 23 Mar 2011 20:19:13 +0000</updated>
                            <resolved>Mon, 13 Sep 2010 02:02:43 +0000</resolved>
                                    <version>2.0</version>
                    <version>2.1</version>
                                    <fixVersion>2.2</fixVersion>
                                        <due />
                            <votes>0</votes>
                                    <watches>0</watches>
                                                                <comments>
                            <comment id="12908587" author="psteitz" created="Mon, 13 Sep 2010 02:02:43 +0000">&lt;p&gt;Fixed in r996404 (both trunk and 2.x branch)&lt;/p&gt;</comment>
                            <comment id="13010370" author="luc" created="Wed, 23 Mar 2011 20:19:13 +0000">&lt;p&gt;Closing issue as it was included in version 2.2, which has been released&lt;/p&gt;</comment>
                    </comments>
                <issuelinks>
                            <issuelinktype id="10032">
                    <name>Blocker</name>
                                            <outwardlinks description="blocks">
                                        <issuelink>
            <issuekey id="12472796">MATH-411</issuekey>
        </issuelink>
                            </outwardlinks>
                                                        </issuelinktype>
                    </issuelinks>
                <attachments>
                    </attachments>
                <subtasks>
                    </subtasks>
                <customfields>
                                                                                                                                                                                                                                                                                                                                                                                                                                                                                                                                                                                                                                                                                                                    <customfield id="customfield_12314020" key="com.atlassian.jira.plugins.jira-development-integration-plugin:devsummary">
                        <customfieldname>Development</customfieldname>
                        <customfieldvalues>
                            
                        </customfieldvalues>
                    </customfield>
                                                                                                                        <customfield id="customfield_12313422" key="com.atlassian.jirafisheyeplugin:jobcheckbox">
                        <customfieldname>Enable Automatic Patch Review</customfieldname>
                        <customfieldvalues>
                            <customfieldvalue>false</customfieldvalue>

                        </customfieldvalues>
                    </customfield>
                                                                                                                                                                                                                                                                                                                                                                                                                                                                                                                                                                                                                                                <customfield id="customfield_12310420" key="com.pyxis.greenhopper.jira:gh-global-rank">
                        <customfieldname>Global Rank</customfieldname>
                        <customfieldvalues>
                            <customfieldvalue>150556</customfieldvalue>
                        </customfieldvalues>
                    </customfield>
                                                                                                                                                                                                                                                                                                                                                                                                                                                                        <customfield id="customfield_12311820" key="com.pyxis.greenhopper.jira:gh-lexo-rank">
                        <customfieldname>Rank</customfieldname>
                        <customfieldvalues>
                            <customfieldvalue>0|i0runb:</customfieldvalue>

                        </customfieldvalues>
                    </customfield>
                                                                <customfield id="customfield_12310920" key="com.pyxis.greenhopper.jira:gh-global-rank">
                        <customfieldname>Rank (Obsolete)</customfieldname>
                        <customfieldvalues>
                            <customfieldvalue>160609</customfieldvalue>
                        </customfieldvalues>
                    </customfield>
                                                                                                                                                                                                                                                                                                                                                                                                                                                                                                                                                                                                                                                                                                                                                                                                                                                                                                            </customfields>
    </item>


</channel>
</rss>