<rss version="0.92">
    <channel>
        <title>ASF JIRA</title>
        <link>https://issues.apache.org/jira/issues/?jql=project+%3D+MATH+and+type+%3D+bug+and+%28status+%3D+RESOLVED+or+status+%3D+closed%29+and+resolution+%3D+Fixed+and+fixVersion+%21%3D+None++and+affectedVersion+%21%3D+None++and+affectedVersion+%21%3D+%22Nightly+Build%22</link>
        <description>An XML representation of a search request</description>
                <language>en-uk</language>
                        <issue start="0" end="335" total="335" />
                <build-info>
            <version>8.20.1</version>
            <build-number>820001</build-number>
            <build-date>28-10-2021</build-date>
        </build-info>

<item>
            <title>[MATH-546] Truncation issue in KMeansPlusPlusClusterer</title>
                <link>https://issues.apache.org/jira/browse/MATH-546</link>
                <project id="12310485" key="MATH">Commons Math</project>
                    <description>&lt;p&gt;The for loop inside KMeansPlusPlusClusterer.chooseInitialClusters defines a variable&lt;br/&gt;
  int sum = 0;&lt;br/&gt;
This variable should have type double, rather than int.  Using an int causes the method to truncate the distances between points to (square roots of) integers.  It's especially bad when the distances between points are typically less than 1.&lt;/p&gt;

&lt;p&gt;As an aside, in version 2.2, this bug manifested itself by making the clusterer return empty clusters.  I wonder if the EmptyClusterStrategy would still be necessary if this bug were fixed.&lt;/p&gt;</description>
                <environment />
        <key id="12501227">MATH-546</key>
            <summary>Truncation issue in KMeansPlusPlusClusterer</summary>
                <type id="1" iconUrl="https://issues.apache.org/jira/secure/viewavatar?size=xsmall&amp;avatarId=21133&amp;avatarType=issuetype">Bug</type>
                                            <priority id="4" iconUrl="https://issues.apache.org/jira/images/icons/priorities/minor.svg">Minor</priority>
                        <status id="6" iconUrl="https://issues.apache.org/jira/images/icons/statuses/closed.png" description="The issue is considered finished, the resolution is correct. Issues which are not closed can be reopened.">Closed</status>
                    <statusCategory id="3" key="done" colorName="green" />
                                    <resolution id="1">Fixed</resolution>
                                        <assignee username="-1">Unassigned</assignee>
                                    <reporter username="npaymer">Nate Paymer</reporter>
                        <labels>
                            <label>cluster</label>
                    </labels>
                <created>Sat, 12 Mar 2011 04:52:54 +0000</created>
                <updated>Sat, 24 Mar 2012 16:16:51 +0000</updated>
                            <resolved>Wed, 16 Mar 2011 12:58:17 +0000</resolved>
                                    <version>3.0</version>
                                    <fixVersion>3.0</fixVersion>
                                        <due />
                            <votes>0</votes>
                                    <watches>0</watches>
                                                                <comments>
                            <comment id="13006189" author="npaymer" created="Sun, 13 Mar 2011 13:13:27 +0000">&lt;p&gt;I've a patch to fix this bug.&lt;/p&gt;

&lt;p&gt;This is my first contribution to this project, so apologies if I've screwed something up &lt;img class="emoticon" src="https://issues.apache.org/jira/images/icons/emoticons/smile.png" height="16" width="16" align="absmiddle" alt="" border="0"/&gt;&lt;/p&gt;</comment>
                            <comment id="13006890" author="erans" created="Tue, 15 Mar 2011 12:22:16 +0000">&lt;p&gt;Fixed in revision 1081744.&lt;br/&gt;
Thanks for the report and the patch.&lt;/p&gt;

&lt;p&gt;Leaving open until an answer can be provided concerning the "EmptyClusterStrategy" question.&lt;/p&gt;</comment>
                            <comment id="13006894" author="luc" created="Tue, 15 Mar 2011 12:31:46 +0000">&lt;p&gt;The empty cluster strategy is needed regardless of this bug. It may appear with different conditions and is a feature commonly found in clustering implementations.&lt;br/&gt;
This issue can be marked as resolved if the patch has been applied and works.&lt;/p&gt;

&lt;p&gt;Thanks to Nate for reporting and fixing the issue, thanks to Gilles for reviewing and applying the patch.&lt;/p&gt;</comment>
                    </comments>
                    <attachments>
                            <attachment id="12473504" name="MATH-546.txt" size="4654" author="npaymer" created="Sun, 13 Mar 2011 13:13:27 +0000" />
                    </attachments>
                <subtasks>
                    </subtasks>
                <customfields>
                                                                                                                                                                                                                                                                                                                                                                                                                                                                                                                                                                                                                                                                                                                    <customfield id="customfield_12314020" key="com.atlassian.jira.plugins.jira-development-integration-plugin:devsummary">
                        <customfieldname>Development</customfieldname>
                        <customfieldvalues>
                            
                        </customfieldvalues>
                    </customfield>
                                                                                                                        <customfield id="customfield_12313422" key="com.atlassian.jirafisheyeplugin:jobcheckbox">
                        <customfieldname>Enable Automatic Patch Review</customfieldname>
                        <customfieldvalues>
                            <customfieldvalue>false</customfieldvalue>

                        </customfieldvalues>
                    </customfield>
                                                                                                                                                                                                                                                                                                                                                                                                                                                                                                                                                                                                                                                <customfield id="customfield_12310420" key="com.pyxis.greenhopper.jira:gh-global-rank">
                        <customfieldname>Global Rank</customfieldname>
                        <customfieldvalues>
                            <customfieldvalue>150657</customfieldvalue>
                        </customfieldvalues>
                    </customfield>
                                                                                                                                                                                                                                                                                                                                                                                                                                                                        <customfield id="customfield_12311820" key="com.pyxis.greenhopper.jira:gh-lexo-rank">
                        <customfieldname>Rank</customfieldname>
                        <customfieldvalues>
                            <customfieldvalue>0|i0rtuf:</customfieldvalue>

                        </customfieldvalues>
                    </customfield>
                                                                <customfield id="customfield_12310920" key="com.pyxis.greenhopper.jira:gh-global-rank">
                        <customfieldname>Rank (Obsolete)</customfieldname>
                        <customfieldvalues>
                            <customfieldvalue>160479</customfieldvalue>
                        </customfieldvalues>
                    </customfield>
                                                                                                                                                                                                                                                                                                                                                                                                                                                                                                                                                                                                                                                                                                                                                                                                                                                                                                            </customfields>
    </item>


</channel>
</rss>