<rss version="0.92">
    <channel>
        <title>ASF JIRA</title>
        <link>https://issues.apache.org/jira/issues/?jql=project+%3D+MATH+and+type+%3D+bug+and+%28status+%3D+RESOLVED+or+status+%3D+closed%29+and+resolution+%3D+Fixed+and+fixVersion+%21%3D+None++and+affectedVersion+%21%3D+None++and+affectedVersion+%21%3D+%22Nightly+Build%22</link>
        <description>An XML representation of a search request</description>
                <language>en-uk</language>
                        <issue start="0" end="335" total="335" />
                <build-info>
            <version>8.20.1</version>
            <build-number>820001</build-number>
            <build-date>28-10-2021</build-date>
        </build-info>

<item>
            <title>[MATH-1252] ResizableDoubleArray does not work with double array of size 1</title>
                <link>https://issues.apache.org/jira/browse/MATH-1252</link>
                <project id="12310485" key="MATH">Commons Math</project>
                    <description>&lt;p&gt;When attempting to create a ResizableDoubleArray with an array of a single value (e.g. &lt;/p&gt;
{4.0}
&lt;p&gt;), the constructor creates an internal array with 16 entries that are all 0.0&lt;/p&gt;

&lt;p&gt;Bug looks like it might be on line 414 of ResizableDoubleArray.java:&lt;/p&gt;

&lt;p&gt;        if (data != null &amp;amp;&amp;amp; data.length &amp;gt; 1) {&lt;/p&gt;</description>
                <environment />
        <key id="12848722">MATH-1252</key>
            <summary>ResizableDoubleArray does not work with double array of size 1</summary>
                <type id="1" iconUrl="https://issues.apache.org/jira/secure/viewavatar?size=xsmall&amp;avatarId=21133&amp;avatarType=issuetype">Bug</type>
                                            <priority id="3" iconUrl="https://issues.apache.org/jira/images/icons/priorities/major.svg">Major</priority>
                        <status id="6" iconUrl="https://issues.apache.org/jira/images/icons/statuses/closed.png" description="The issue is considered finished, the resolution is correct. Issues which are not closed can be reopened.">Closed</status>
                    <statusCategory id="3" key="done" colorName="green" />
                                    <resolution id="1">Fixed</resolution>
                                        <assignee username="-1">Unassigned</assignee>
                                    <reporter username="johnbay">John Bay</reporter>
                        <labels>
                    </labels>
                <created>Thu, 23 Jul 2015 22:24:41 +0000</created>
                <updated>Mon, 25 Jan 2016 20:28:02 +0000</updated>
                            <resolved>Fri, 24 Jul 2015 00:38:29 +0000</resolved>
                                    <version>3.4</version>
                    <version>3.4.1</version>
                    <version>3.5</version>
                                    <fixVersion>4.0</fixVersion>
                    <fixVersion>3.6</fixVersion>
                                        <due />
                            <votes>0</votes>
                                    <watches>3</watches>
                                    <timeoriginalestimate seconds="600">10m</timeoriginalestimate>
                            <timeestimate seconds="600">10m</timeestimate>
                                        <comments>
                            <comment id="14639741" author="psteitz" created="Fri, 24 Jul 2015 00:38:29 +0000">&lt;p&gt;Many thanks for reporting this and pinpointing the cause.&lt;/p&gt;

&lt;p&gt;Fixed in &lt;br/&gt;
3.x:  9f148d41e0cb5839e8680bd3b4c4bc21510e444b&lt;br/&gt;
master: 09fe956a62e19c160d0093f8fecf254c2bb6f0cb&lt;/p&gt;</comment>
                            <comment id="15115969" author="luc" created="Mon, 25 Jan 2016 20:28:02 +0000">&lt;p&gt;Closing all resolved issues that were included in 3.6 release.&lt;/p&gt;</comment>
                    </comments>
                <issuelinks>
                            <issuelinktype id="12310000">
                    <name>Duplicate</name>
                                                                <inwardlinks description="is duplicated by">
                                        <issuelink>
            <issuekey id="12903012">MATH-1280</issuekey>
        </issuelink>
                            </inwardlinks>
                                    </issuelinktype>
                    </issuelinks>
                <attachments>
                    </attachments>
                <subtasks>
                    </subtasks>
                <customfields>
                                                                                                                                                                                                                                                                                                                                                                                                                                                                                                                                                                                                                                                                                                                    <customfield id="customfield_12314020" key="com.atlassian.jira.plugins.jira-development-integration-plugin:devsummary">
                        <customfieldname>Development</customfieldname>
                        <customfieldvalues>
                            
                        </customfieldvalues>
                    </customfield>
                                                                                                                        <customfield id="customfield_12313422" key="com.atlassian.jirafisheyeplugin:jobcheckbox">
                        <customfieldname>Enable Automatic Patch Review</customfieldname>
                        <customfieldvalues>
                            <customfieldvalue>false</customfieldvalue>

                        </customfieldvalues>
                    </customfield>
                                                                                                                                                                                                                                                                                                                                                                                                                                                                                                                                                                                                                                                <customfield id="customfield_12310420" key="com.pyxis.greenhopper.jira:gh-global-rank">
                        <customfieldname>Global Rank</customfieldname>
                        <customfieldvalues>
                            <customfieldvalue>9223372036854775807</customfieldvalue>
                        </customfieldvalues>
                    </customfield>
                                                                                                                                                                                                                                                                                                                                                                                                                                                                        <customfield id="customfield_12311820" key="com.pyxis.greenhopper.jira:gh-lexo-rank">
                        <customfieldname>Rank</customfieldname>
                        <customfieldvalues>
                            <customfieldvalue>0|i2hv7j:</customfieldvalue>

                        </customfieldvalues>
                    </customfield>
                                                                <customfield id="customfield_12310920" key="com.pyxis.greenhopper.jira:gh-global-rank">
                        <customfieldname>Rank (Obsolete)</customfieldname>
                        <customfieldvalues>
                            <customfieldvalue>9223372036854775807</customfieldvalue>
                        </customfieldvalues>
                    </customfield>
                                                                                                                                                                                                                                                                                                                                                                                                                                                                                                                                                                                                                                                                                                                                                                                                                                                                                                            </customfields>
    </item>


</channel>
</rss>