<rss version="0.92">
    <channel>
        <title>ASF JIRA</title>
        <link>https://issues.apache.org/jira/issues/?jql=project+%3D+MATH+and+type+%3D+bug+and+%28status+%3D+RESOLVED+or+status+%3D+closed%29+and+resolution+%3D+Fixed+and+fixVersion+%21%3D+None++and+affectedVersion+%21%3D+None++and+affectedVersion+%21%3D+%22Nightly+Build%22</link>
        <description>An XML representation of a search request</description>
                <language>en-uk</language>
                        <issue start="0" end="335" total="335" />
                <build-info>
            <version>8.20.1</version>
            <build-number>820001</build-number>
            <build-date>28-10-2021</build-date>
        </build-info>

<item>
            <title>[MATH-380] Need to (re)initialize dYdY0 for multiple integrate with FirstOrderIntegratorWithJacobians</title>
                <link>https://issues.apache.org/jira/browse/MATH-380</link>
                <project id="12310485" key="MATH">Commons Math</project>
                    <description>&lt;p&gt;There is a lack in the method integrate of FirstOrderIntegratorWithJacobians. The jacobian DYDY0 can't be initialized by the user, unlike DFDP with DF0DP.&lt;br/&gt;
So, for several successive integrations, the matrix is reinitialized to identity and that is not what we might want.&lt;/p&gt;</description>
                <environment />
        <key id="12467821">MATH-380</key>
            <summary>Need to (re)initialize dYdY0 for multiple integrate with FirstOrderIntegratorWithJacobians</summary>
                <type id="1" iconUrl="https://issues.apache.org/jira/secure/viewavatar?size=xsmall&amp;avatarId=21133&amp;avatarType=issuetype">Bug</type>
                                            <priority id="4" iconUrl="https://issues.apache.org/jira/images/icons/priorities/minor.svg">Minor</priority>
                        <status id="6" iconUrl="https://issues.apache.org/jira/images/icons/statuses/closed.png" description="The issue is considered finished, the resolution is correct. Issues which are not closed can be reopened.">Closed</status>
                    <statusCategory id="3" key="done" colorName="green" />
                                    <resolution id="1">Fixed</resolution>
                                        <assignee username="luc">Luc Maisonobe</assignee>
                                    <reporter username="pparraud">Pascal Parraud</reporter>
                        <labels>
                    </labels>
                <created>Thu, 24 Jun 2010 16:47:54 +0000</created>
                <updated>Sat, 24 Mar 2012 16:16:33 +0000</updated>
                            <resolved>Sat, 1 Oct 2011 13:54:20 +0000</resolved>
                                    <version>2.1</version>
                                    <fixVersion>3.0</fixVersion>
                                        <due />
                            <votes>0</votes>
                                    <watches>0</watches>
                                                                <comments>
                            <comment id="12882304" author="luc" created="Thu, 24 Jun 2010 20:01:52 +0000">&lt;p&gt;You are perfectly right.&lt;/p&gt;

&lt;p&gt;The FirstOrderIntegratorWithJacobians class is a brand new one and it clearly has some design flaws.&lt;br/&gt;
It will most probably be deprecated in its current form and replaced by a new mechanism, better integrated (sorry for the joke) with the standard ODE solvers.&lt;br/&gt;
The ability for user to set an initial value for dydy0 will be present in the new design, but will probably not be back-ported to the current one.&lt;br/&gt;
In the meantime, you can save the final value of the jacobian matrix dydy0 after first part of integration, which we could call dy1dy0 as it represents dy(t1)/dy(t0). Start the second part from t1 to t2 that will reset the initial matrix to identity and hence compute compute dy(t2)/dy(t1) and do the multiplication by yourself of the two matrices to really get what you need: dy(t2)/dy(t1) = dy(t2)/dy(t1) * dy(t1)/dy(t0).&lt;/p&gt;

&lt;p&gt;Thanks for reporting the issue &lt;/p&gt;</comment>
                            <comment id="12934198" author="luc" created="Sat, 20 Nov 2010 21:43:20 +0000">&lt;p&gt;changing target fix version to 3.0.&lt;br/&gt;
Fixing this and several other problems requires a complete rewrite of the jacobians computation with ODE, and this rewrite implies user interfaces changes, so it cannot be fixed before 3.0.&lt;/p&gt;</comment>
                            <comment id="13114278" author="luc" created="Sun, 25 Sep 2011 15:15:46 +0000">&lt;p&gt;A first attempt to implement Jacobians computation again in ODE has been committed in subversion repository as of r1175409.&lt;br/&gt;
This implementation still lacks the ability for step handlers to also retrieve the additional equations and their derivatives.&lt;br/&gt;
This implementation is based on the Orekit one described here: &lt;a href="https://www.orekit.org/blog/public/vpommier-ISSFD-2011-extended_propagation.pdf" class="external-link" target="_blank" rel="nofollow noopener"&gt;https://www.orekit.org/blog/public/vpommier-ISSFD-2011-extended_propagation.pdf&lt;/a&gt;&lt;/p&gt;</comment>
                            <comment id="13118816" author="luc" created="Sat, 1 Oct 2011 13:54:20 +0000">&lt;p&gt;fixed in subversion repository as of r1176745.&lt;/p&gt;</comment>
                    </comments>
                <issuelinks>
                            <issuelinktype id="10032">
                    <name>Blocker</name>
                                                                <inwardlinks description="is blocked by">
                                        <issuelink>
            <issuekey id="12467822">MATH-381</issuekey>
        </issuelink>
                            </inwardlinks>
                                    </issuelinktype>
                    </issuelinks>
                <attachments>
                    </attachments>
                <subtasks>
                    </subtasks>
                <customfields>
                                                                                                                                                                                                                                                                                                                                                                                                                                                                                                                                                                                                                                                                                                                    <customfield id="customfield_12314020" key="com.atlassian.jira.plugins.jira-development-integration-plugin:devsummary">
                        <customfieldname>Development</customfieldname>
                        <customfieldvalues>
                            
                        </customfieldvalues>
                    </customfield>
                                                                                                                        <customfield id="customfield_12313422" key="com.atlassian.jirafisheyeplugin:jobcheckbox">
                        <customfieldname>Enable Automatic Patch Review</customfieldname>
                        <customfieldvalues>
                            <customfieldvalue>false</customfieldvalue>

                        </customfieldvalues>
                    </customfield>
                                                                                                                                                                                                                                                                                                                                                                                                                                                                                                                                                                                                                                                <customfield id="customfield_12310420" key="com.pyxis.greenhopper.jira:gh-global-rank">
                        <customfieldname>Global Rank</customfieldname>
                        <customfieldvalues>
                            <customfieldvalue>2244</customfieldvalue>
                        </customfieldvalues>
                    </customfield>
                                                                                                                                                                                                                                                                                                                                                                                                                                                                        <customfield id="customfield_12311820" key="com.pyxis.greenhopper.jira:gh-lexo-rank">
                        <customfieldname>Rank</customfieldname>
                        <customfieldvalues>
                            <customfieldvalue>0|i0rutr:</customfieldvalue>

                        </customfieldvalues>
                    </customfield>
                                                                <customfield id="customfield_12310920" key="com.pyxis.greenhopper.jira:gh-global-rank">
                        <customfieldname>Rank (Obsolete)</customfieldname>
                        <customfieldvalues>
                            <customfieldvalue>160638</customfieldvalue>
                        </customfieldvalues>
                    </customfield>
                                                                                                                                                                                                                                                                                                                                                                                                                                                                                                                                                                                                                                                                                                                                                                                                                                                                                                            </customfields>
    </item>


</channel>
</rss>