<rss version="0.92">
    <channel>
        <title>ASF JIRA</title>
        <link>https://issues.apache.org/jira/issues/?jql=project+%3D+MATH+and+type+%3D+bug+and+%28status+%3D+RESOLVED+or+status+%3D+closed%29+and+resolution+%3D+Fixed+and+fixVersion+%21%3D+None++and+affectedVersion+%21%3D+None++and+affectedVersion+%21%3D+%22Nightly+Build%22</link>
        <description>An XML representation of a search request</description>
                <language>en-uk</language>
                        <issue start="0" end="335" total="335" />
                <build-info>
            <version>8.20.1</version>
            <build-number>820001</build-number>
            <build-date>28-10-2021</build-date>
        </build-info>

<item>
            <title>[MATH-483] FastMath does not handle all special cases correctly</title>
                <link>https://issues.apache.org/jira/browse/MATH-483</link>
                <project id="12310485" key="MATH">Commons Math</project>
                    <description>&lt;p&gt;FastMath has some issues with special cases such as +0.0 and -0.0.&lt;/p&gt;

&lt;p&gt;Here are the double cases so far found:&lt;/p&gt;

&lt;p&gt;abs(-0.0) expected:&amp;lt;0.0&amp;gt; but was:&amp;lt;-0.0&amp;gt;&lt;br/&gt;
signum(-0.0) expected:&amp;lt;-0.0&amp;gt; but was:&amp;lt;0.0&amp;gt;&lt;br/&gt;
asin(-0.0) expected:&amp;lt;-0.0&amp;gt; but was:&amp;lt;0.0&amp;gt;&lt;br/&gt;
atan(-0.0) expected:&amp;lt;-0.0&amp;gt; but was:&amp;lt;0.0&amp;gt;&lt;br/&gt;
log10(-0.0) expected:&amp;lt;-Infinity&amp;gt; but was:&amp;lt;NaN&amp;gt;&lt;br/&gt;
toDegrees(-0.0) expected:&amp;lt;-0.0&amp;gt; but was:&amp;lt;0.0&amp;gt;&lt;br/&gt;
toRadians(-0.0) expected:&amp;lt;-0.0&amp;gt; but was:&amp;lt;0.0&amp;gt;&lt;br/&gt;
ulp(-Infinity) expected:&amp;lt;Infinity&amp;gt; but was:&amp;lt;NaN&amp;gt;&lt;/p&gt;

&lt;p&gt;And float cases:&lt;br/&gt;
abs(-0.0) expected:&amp;lt;0.0&amp;gt; but was:&amp;lt;-0.0&amp;gt;&lt;/p&gt;</description>
                <environment />
        <key id="12495841">MATH-483</key>
            <summary>FastMath does not handle all special cases correctly</summary>
                <type id="1" iconUrl="https://issues.apache.org/jira/secure/viewavatar?size=xsmall&amp;avatarId=21133&amp;avatarType=issuetype">Bug</type>
                                            <priority id="3" iconUrl="https://issues.apache.org/jira/images/icons/priorities/major.svg">Major</priority>
                        <status id="6" iconUrl="https://issues.apache.org/jira/images/icons/statuses/closed.png" description="The issue is considered finished, the resolution is correct. Issues which are not closed can be reopened.">Closed</status>
                    <statusCategory id="3" key="done" colorName="green" />
                                    <resolution id="1">Fixed</resolution>
                                        <assignee username="-1">Unassigned</assignee>
                                    <reporter username="sebb">Sebb</reporter>
                        <labels>
                    </labels>
                <created>Tue, 18 Jan 2011 00:24:51 +0000</created>
                <updated>Wed, 23 Mar 2011 20:34:46 +0000</updated>
                            <resolved>Wed, 19 Jan 2011 19:51:07 +0000</resolved>
                                    <version>2.2</version>
                    <version>3.0</version>
                                    <fixVersion>2.2</fixVersion>
                    <fixVersion>3.0</fixVersion>
                                        <due />
                            <votes>0</votes>
                                    <watches>0</watches>
                                                                <comments>
                            <comment id="12982935" author="sebb@apache.org" created="Tue, 18 Jan 2011 00:25:40 +0000">&lt;p&gt;Fix + test cases&lt;/p&gt;</comment>
                            <comment id="12982978" author="sebb@apache.org" created="Tue, 18 Jan 2011 01:27:52 +0000">&lt;p&gt;Generic test methods using reflection to compare Math methods with FastMath methods for float and double special cases.&lt;/p&gt;

&lt;p&gt;Replaces testHyperbolicSpecialCases() and testTrigSpecialCases() in the previous patch&lt;/p&gt;</comment>
                            <comment id="12983677" author="sebb@apache.org" created="Wed, 19 Jan 2011 12:36:00 +0000">&lt;p&gt;Fixed bug - duplicate MAX_VALUE should have MIN_VALUE&lt;/p&gt;</comment>
                            <comment id="12983859" author="sebb@apache.org" created="Wed, 19 Jan 2011 19:51:07 +0000">&lt;p&gt;There are still some issues with toDegrees() and toRadians() but these are covered by &lt;a href="https://issues.apache.org/jira/browse/MATH-486" title="FastMath toRadian and toDegree don&amp;#39;t handle large double numbers well" class="issue-link" data-issue-key="MATH-486"&gt;&lt;del&gt;MATH-486&lt;/del&gt;&lt;/a&gt;&lt;/p&gt;</comment>
                            <comment id="13010403" author="luc" created="Wed, 23 Mar 2011 20:34:46 +0000">&lt;p&gt;Closing issue as it was included in version 2.2, which has been released&lt;/p&gt;</comment>
                    </comments>
                    <attachments>
                            <attachment id="12468750" name="MATH-483-generic.patch" size="4404" author="sebb" created="Wed, 19 Jan 2011 12:36:00 +0000" />
                            <attachment id="12468612" name="MATH-483.patch" size="2929" author="sebb" created="Tue, 18 Jan 2011 00:25:40 +0000" />
                    </attachments>
                <subtasks>
                    </subtasks>
                <customfields>
                                                                                                                                                                                                                                                                                                                                                                                                                                                                                                                                                                                                                                                                                                                    <customfield id="customfield_12314020" key="com.atlassian.jira.plugins.jira-development-integration-plugin:devsummary">
                        <customfieldname>Development</customfieldname>
                        <customfieldvalues>
                            
                        </customfieldvalues>
                    </customfield>
                                                                                                                        <customfield id="customfield_12313422" key="com.atlassian.jirafisheyeplugin:jobcheckbox">
                        <customfieldname>Enable Automatic Patch Review</customfieldname>
                        <customfieldvalues>
                            <customfieldvalue>false</customfieldvalue>

                        </customfieldvalues>
                    </customfield>
                                                                                                                                                                                                                                                                                                                                                                                                                                                                                                                                                                                                                                                <customfield id="customfield_12310420" key="com.pyxis.greenhopper.jira:gh-global-rank">
                        <customfieldname>Global Rank</customfieldname>
                        <customfieldvalues>
                            <customfieldvalue>150608</customfieldvalue>
                        </customfieldvalues>
                    </customfield>
                                                                                                                                                                                                                                                                                                                                                                                                                                                                        <customfield id="customfield_12311820" key="com.pyxis.greenhopper.jira:gh-lexo-rank">
                        <customfieldname>Rank</customfieldname>
                        <customfieldvalues>
                            <customfieldvalue>0|i0ru8f:</customfieldvalue>

                        </customfieldvalues>
                    </customfield>
                                                                <customfield id="customfield_12310920" key="com.pyxis.greenhopper.jira:gh-global-rank">
                        <customfieldname>Rank (Obsolete)</customfieldname>
                        <customfieldvalues>
                            <customfieldvalue>160542</customfieldvalue>
                        </customfieldvalues>
                    </customfield>
                                                                                                                                                                                                                                                                                                                                                                                                                                                                                                                                                                                                                                                                                                                                                                                                                                                                                                            </customfields>
    </item>


</channel>
</rss>