<rss version="0.92">
    <channel>
        <title>ASF JIRA</title>
        <link>https://issues.apache.org/jira/issues/?jql=project+%3D+MATH+and+type+%3D+bug+and+%28status+%3D+RESOLVED+or+status+%3D+closed%29+and+resolution+%3D+Fixed+and+fixVersion+%21%3D+None++and+affectedVersion+%21%3D+None++and+affectedVersion+%21%3D+%22Nightly+Build%22</link>
        <description>An XML representation of a search request</description>
                <language>en-uk</language>
                        <issue start="0" end="335" total="335" />
                <build-info>
            <version>8.20.1</version>
            <build-number>820001</build-number>
            <build-date>28-10-2021</build-date>
        </build-info>

<item>
            <title>[MATH-691] Statistics.setVarianceImpl makes getStandardDeviation produce NaN</title>
                <link>https://issues.apache.org/jira/browse/MATH-691</link>
                <project id="12310485" key="MATH">Commons Math</project>
                    <description>&lt;p&gt;Invoking SummaryStatistics.setVarianceImpl(new Variance(true/false) makes getStandardDeviation produce NaN. The code to reproduce it:&lt;/p&gt;

&lt;div class="code panel" style="border-width: 1px;"&gt;&lt;div class="codeContent panelContent"&gt;
&lt;pre class="code-java"&gt;&lt;span class="code-object"&gt;int&lt;/span&gt;[] scores = {1, 2, 3, 4};
SummaryStatistics stats = &lt;span class="code-keyword"&gt;new&lt;/span&gt; SummaryStatistics();
stats.setVarianceImpl(&lt;span class="code-keyword"&gt;new&lt;/span&gt; Variance(&lt;span class="code-keyword"&gt;false&lt;/span&gt;)); &lt;span class="code-comment"&gt;//use &lt;span class="code-quote"&gt;"population variance"&lt;/span&gt;
&lt;/span&gt;&lt;span class="code-keyword"&gt;for&lt;/span&gt;(&lt;span class="code-object"&gt;int&lt;/span&gt; i : scores) {
  stats.addValue(i);
}
&lt;span class="code-object"&gt;double&lt;/span&gt; sd = stats.getStandardDeviation();
&lt;span class="code-object"&gt;System&lt;/span&gt;.out.println(sd);
&lt;/pre&gt;
&lt;/div&gt;&lt;/div&gt;

&lt;p&gt;A workaround suggested by Mikkel is:&lt;/p&gt;
&lt;div class="code panel" style="border-width: 1px;"&gt;&lt;div class="codeContent panelContent"&gt;
&lt;pre class="code-java"&gt;  &lt;span class="code-object"&gt;double&lt;/span&gt; sd = FastMath.sqrt(stats.getSecondMoment() / stats.getN());
&lt;/pre&gt;
&lt;/div&gt;&lt;/div&gt;</description>
                <environment>&lt;p&gt;Windows 7 64-bit, java version 1.6.0_23&lt;/p&gt;</environment>
        <key id="12527363">MATH-691</key>
            <summary>Statistics.setVarianceImpl makes getStandardDeviation produce NaN</summary>
                <type id="1" iconUrl="https://issues.apache.org/jira/secure/viewavatar?size=xsmall&amp;avatarId=21133&amp;avatarType=issuetype">Bug</type>
                                            <priority id="4" iconUrl="https://issues.apache.org/jira/images/icons/priorities/minor.svg">Minor</priority>
                        <status id="6" iconUrl="https://issues.apache.org/jira/images/icons/statuses/closed.png" description="The issue is considered finished, the resolution is correct. Issues which are not closed can be reopened.">Closed</status>
                    <statusCategory id="3" key="done" colorName="green" />
                                    <resolution id="1">Fixed</resolution>
                                        <assignee username="psteitz">Phil Steitz</assignee>
                                    <reporter username="warrentang">Warren Tang</reporter>
                        <labels>
                    </labels>
                <created>Sun, 16 Oct 2011 17:18:34 +0000</created>
                <updated>Sat, 24 Mar 2012 16:16:57 +0000</updated>
                            <resolved>Sun, 27 Nov 2011 05:20:46 +0000</resolved>
                                    <version>2.2</version>
                                    <fixVersion>3.0</fixVersion>
                                        <due />
                            <votes>0</votes>
                                    <watches>0</watches>
                                    <timeoriginalestimate seconds="18000">5h</timeoriginalestimate>
                            <timeestimate seconds="18000">5h</timeestimate>
                                        <comments>
                            <comment id="13128454" author="psteitz" created="Sun, 16 Oct 2011 17:29:43 +0000">&lt;p&gt;Thanks for reporting this.  Another workaround is to work with the default impl:&lt;/p&gt;
&lt;div class="code panel" style="border-width: 1px;"&gt;&lt;div class="codeContent panelContent"&gt;
&lt;pre class="code-java"&gt;SummaryStatistics stats = &lt;span class="code-keyword"&gt;new&lt;/span&gt; SummaryStatistics();
Variance variance = (Variance) stats.getVarianceImpl();
variance.setBiasCorrected(&lt;span class="code-keyword"&gt;false&lt;/span&gt;);
&lt;/pre&gt;
&lt;/div&gt;&lt;/div&gt;
&lt;p&gt;and then just use the stats instance directly. &lt;/p&gt;

&lt;p&gt;The problem in the SummaryStatistics code is in addValue:&lt;/p&gt;
&lt;div class="code panel" style="border-width: 1px;"&gt;&lt;div class="codeContent panelContent"&gt;
&lt;pre class="code-java"&gt;&lt;span class="code-comment"&gt;// If mean, variance or geomean have been overridden,
&lt;/span&gt;&lt;span class="code-comment"&gt;// need to increment these
&lt;/span&gt;&lt;span class="code-keyword"&gt;if&lt;/span&gt; (!(meanImpl &lt;span class="code-keyword"&gt;instanceof&lt;/span&gt; Mean)) {
    meanImpl.increment(value);
}
&lt;span class="code-keyword"&gt;if&lt;/span&gt; (!(varianceImpl &lt;span class="code-keyword"&gt;instanceof&lt;/span&gt; Variance)) {
    varianceImpl.increment(value);
}
&lt;span class="code-keyword"&gt;if&lt;/span&gt; (!(geoMeanImpl &lt;span class="code-keyword"&gt;instanceof&lt;/span&gt; GeometricMean)) {
    geoMeanImpl.increment(value);
}
&lt;/pre&gt;
&lt;/div&gt;&lt;/div&gt;

&lt;p&gt;The default impls get incremented via their embedded moments, so the code above skips incrementing them.  If, however, they have been overridden by instances of the same class (as in this bug report), this causes a problem.&lt;/p&gt;</comment>
                            <comment id="13128497" author="psteitz" created="Sun, 16 Oct 2011 19:32:21 +0000">&lt;p&gt;Warren reported that the second workaround above does not work.  He is correct.  That is the result of yet another problem in this class.&lt;/p&gt;
&lt;div class="code panel" style="border-width: 1px;"&gt;&lt;div class="codeContent panelContent"&gt;
&lt;pre class="code-java"&gt;&lt;span class="code-keyword"&gt;public&lt;/span&gt; &lt;span class="code-object"&gt;double&lt;/span&gt; getVariance() {
    &lt;span class="code-keyword"&gt;if&lt;/span&gt; (varianceImpl == variance) {
        &lt;span class="code-keyword"&gt;return&lt;/span&gt; &lt;span class="code-keyword"&gt;new&lt;/span&gt; Variance(secondMoment).getResult();
    } &lt;span class="code-keyword"&gt;else&lt;/span&gt; {
        &lt;span class="code-keyword"&gt;return&lt;/span&gt; varianceImpl.getResult();
    }
}
&lt;/pre&gt;
&lt;/div&gt;&lt;/div&gt;

&lt;p&gt;In the first case, varianceImpl is not used, so setting its properties has no effect.  The mean has a similar problem.  The root cause of all of these problems is the reuse of momemts (i.e., just incrementing the moments instead of both them and the Mean and Variance instances).  We could either toss this (slight loss in performance, but likely trivial) or expose or allow moments to be attached to Mean, Variance instances.&lt;/p&gt;
</comment>
                            <comment id="13157658" author="psteitz" created="Sun, 27 Nov 2011 05:20:47 +0000">&lt;p&gt;Fixed in r1206666.&lt;/p&gt;</comment>
                    </comments>
                    <attachments>
                    </attachments>
                <subtasks>
                    </subtasks>
                <customfields>
                                                                                                                                                                                                                                                                                                                                                                                                                                                                                                                                                                                                                                                                                                                    <customfield id="customfield_12314020" key="com.atlassian.jira.plugins.jira-development-integration-plugin:devsummary">
                        <customfieldname>Development</customfieldname>
                        <customfieldvalues>
                            
                        </customfieldvalues>
                    </customfield>
                                                                                                                        <customfield id="customfield_12313422" key="com.atlassian.jirafisheyeplugin:jobcheckbox">
                        <customfieldname>Enable Automatic Patch Review</customfieldname>
                        <customfieldvalues>
                            <customfieldvalue>false</customfieldvalue>

                        </customfieldvalues>
                    </customfield>
                                                                                                                                                                                                                                                                                                                                                                                                                                                                                                                                                                                                                                                <customfield id="customfield_12310420" key="com.pyxis.greenhopper.jira:gh-global-rank">
                        <customfieldname>Global Rank</customfieldname>
                        <customfieldvalues>
                            <customfieldvalue>87511</customfieldvalue>
                        </customfieldvalues>
                    </customfield>
                                                                                                                                                                                                                                                                                                                                                                                                                                                                        <customfield id="customfield_12311820" key="com.pyxis.greenhopper.jira:gh-lexo-rank">
                        <customfieldname>Rank</customfieldname>
                        <customfieldvalues>
                            <customfieldvalue>0|i0aovj:</customfieldvalue>

                        </customfieldvalues>
                    </customfield>
                                                                <customfield id="customfield_12310920" key="com.pyxis.greenhopper.jira:gh-global-rank">
                        <customfieldname>Rank (Obsolete)</customfieldname>
                        <customfieldvalues>
                            <customfieldvalue>60303</customfieldvalue>
                        </customfieldvalues>
                    </customfield>
                                                                                                                                                                                                                                                                                                                                                                                                                                                                                                                                                                                                                                                                                                                                                                                                                                                                                                            </customfields>
    </item>


</channel>
</rss>