<rss version="0.92">
    <channel>
        <title>ASF JIRA</title>
        <link>https://issues.apache.org/jira/issues/?jql=project+%3D+MATH+and+type+%3D+bug+and+%28status+%3D+RESOLVED+or+status+%3D+closed%29+and+resolution+%3D+Fixed+and+fixVersion+%21%3D+None++and+affectedVersion+%21%3D+None++and+affectedVersion+%21%3D+%22Nightly+Build%22</link>
        <description>An XML representation of a search request</description>
                <language>en-uk</language>
                        <issue start="0" end="335" total="335" />
                <build-info>
            <version>8.20.1</version>
            <build-number>820001</build-number>
            <build-date>28-10-2021</build-date>
        </build-info>

<item>
            <title>[MATH-1167] OLSMultipleLinearRegression STILL needs a way to specify non-zero singularity threshold when instantiating QRDecomposition</title>
                <link>https://issues.apache.org/jira/browse/MATH-1167</link>
                <project id="12310485" key="MATH">Commons Math</project>
                    <description>&lt;p&gt;A fix was made for this issue in &lt;a href="https://issues.apache.org/jira/browse/MATH-1110" title="OLSMultipleLinearRegression needs a way to specify non-zero singularity threshold when instantiating QRDecomposition" class="issue-link" data-issue-key="MATH-1110"&gt;&lt;del&gt;MATH-1110&lt;/del&gt;&lt;/a&gt; for the newSampleData method but not for the newXSampleData method.&lt;/p&gt;

&lt;p&gt;It's a simple change to propagate the threshold to QRDecomposition:&lt;br/&gt;
237c237&lt;br/&gt;
&amp;lt;         qr = new QRDecomposition(getX());&lt;br/&gt;
&amp;#8212;&lt;br/&gt;
&amp;gt;         qr = new QRDecomposition(getX(), threshold);&lt;/p&gt;</description>
                <environment>&lt;p&gt;jdk1.7_71, OSX 10.10&lt;/p&gt;</environment>
        <key id="12754736">MATH-1167</key>
            <summary>OLSMultipleLinearRegression STILL needs a way to specify non-zero singularity threshold when instantiating QRDecomposition</summary>
                <type id="1" iconUrl="https://issues.apache.org/jira/secure/viewavatar?size=xsmall&amp;avatarId=21133&amp;avatarType=issuetype">Bug</type>
                                            <priority id="2" iconUrl="https://issues.apache.org/jira/images/icons/priorities/critical.svg">Critical</priority>
                        <status id="6" iconUrl="https://issues.apache.org/jira/images/icons/statuses/closed.png" description="The issue is considered finished, the resolution is correct. Issues which are not closed can be reopened.">Closed</status>
                    <statusCategory id="3" key="done" colorName="green" />
                                    <resolution id="1">Fixed</resolution>
                                        <assignee username="-1">Unassigned</assignee>
                                    <reporter username="neilireson">Neil Ireson</reporter>
                        <labels>
                    </labels>
                <created>Wed, 12 Nov 2014 11:06:15 +0000</created>
                <updated>Fri, 26 Dec 2014 19:50:41 +0000</updated>
                            <resolved>Wed, 12 Nov 2014 11:22:27 +0000</resolved>
                                    <version>3.3</version>
                                    <fixVersion>3.4</fixVersion>
                                        <due />
                            <votes>0</votes>
                                    <watches>2</watches>
                                                                <comments>
                            <comment id="14207941" author="erans" created="Wed, 12 Nov 2014 11:22:27 +0000">&lt;p&gt;Fixed in commit 301ad592142079d36f4d33f5309c103c7f4f5dfb&lt;br/&gt;
Thanks for the report and patch.&lt;/p&gt;</comment>
                    </comments>
                    <attachments>
                    </attachments>
                <subtasks>
                    </subtasks>
                <customfields>
                                                                                                                                                                                                                                                                                                                                                                                                                                                                                                                                                                                                                                                                                                                    <customfield id="customfield_12314020" key="com.atlassian.jira.plugins.jira-development-integration-plugin:devsummary">
                        <customfieldname>Development</customfieldname>
                        <customfieldvalues>
                            
                        </customfieldvalues>
                    </customfield>
                                                                                                                        <customfield id="customfield_12313422" key="com.atlassian.jirafisheyeplugin:jobcheckbox">
                        <customfieldname>Enable Automatic Patch Review</customfieldname>
                        <customfieldvalues>
                            <customfieldvalue>false</customfieldvalue>

                        </customfieldvalues>
                    </customfield>
                                                                                                                                                                                                                                                                                                                                                                                                                                                                                                                                                                                                                                                <customfield id="customfield_12310420" key="com.pyxis.greenhopper.jira:gh-global-rank">
                        <customfieldname>Global Rank</customfieldname>
                        <customfieldvalues>
                            <customfieldvalue>9223372036854775807</customfieldvalue>
                        </customfieldvalues>
                    </customfield>
                                                                                                                                                                                                                                                                                                                                                                                                                                                                        <customfield id="customfield_12311820" key="com.pyxis.greenhopper.jira:gh-lexo-rank">
                        <customfieldname>Rank</customfieldname>
                        <customfieldvalues>
                            <customfieldvalue>0|i22a07:</customfieldvalue>

                        </customfieldvalues>
                    </customfield>
                                                                <customfield id="customfield_12310920" key="com.pyxis.greenhopper.jira:gh-global-rank">
                        <customfieldname>Rank (Obsolete)</customfieldname>
                        <customfieldvalues>
                            <customfieldvalue>9223372036854775807</customfieldvalue>
                        </customfieldvalues>
                    </customfield>
                                                                                                                                                                                                                                                                                                                                                                                                                                                                                                                                                                                                                                                                                                                                                                                                                                                                                                            </customfields>
    </item>


</channel>
</rss>