<rss version="0.92">
    <channel>
        <title>ASF JIRA</title>
        <link>https://issues.apache.org/jira/issues/?jql=project+%3D+MATH+and+type+%3D+bug+and+%28status+%3D+RESOLVED+or+status+%3D+closed%29+and+resolution+%3D+Fixed+and+fixVersion+%21%3D+None++and+affectedVersion+%21%3D+None++and+affectedVersion+%21%3D+%22Nightly+Build%22</link>
        <description>An XML representation of a search request</description>
                <language>en-uk</language>
                        <issue start="0" end="335" total="335" />
                <build-info>
            <version>8.20.1</version>
            <build-number>820001</build-number>
            <build-date>28-10-2021</build-date>
        </build-info>

<item>
            <title>[MATH-1376] SimplexOptimizer.doOptimize(): Wrong Iteration Number (0) Passed to Convergence Checker</title>
                <link>https://issues.apache.org/jira/browse/MATH-1376</link>
                <project id="12310485" key="MATH">Commons Math</project>
                    <description>&lt;p&gt;The convergence checker used in method doOptimize() of SimplexOptimizer always receives 0 as iteration counter. This can very easily be fixed. Check this out:&lt;/p&gt;

&lt;p&gt;Original (with added comments):&lt;/p&gt;

&lt;div class="code panel" style="border-width: 1px;"&gt;&lt;div class="codeContent panelContent"&gt;
&lt;pre class="code-java"&gt;&lt;span class="code-object"&gt;int&lt;/span&gt; iteration = 0; &lt;span class="code-comment"&gt;// XXXXXXXXX set to zero and never update
&lt;/span&gt;        &lt;span class="code-keyword"&gt;final&lt;/span&gt; ConvergenceChecker&amp;lt;PointValuePair&amp;gt; checker = getConvergenceChecker();
        &lt;span class="code-keyword"&gt;while&lt;/span&gt; (&lt;span class="code-keyword"&gt;true&lt;/span&gt;) {
            &lt;span class="code-keyword"&gt;if&lt;/span&gt; (getIterations() &amp;gt; 0) {
                &lt;span class="code-object"&gt;boolean&lt;/span&gt; converged = &lt;span class="code-keyword"&gt;true&lt;/span&gt;;
                &lt;span class="code-keyword"&gt;for&lt;/span&gt; (&lt;span class="code-object"&gt;int&lt;/span&gt; i = 0; i &amp;lt; simplex.getSize(); i++) {
                    PointValuePair prev = previous[i];
                    converged = converged &amp;amp;&amp;amp; &lt;span class="code-comment"&gt;// XXXXXXXXX ouch below
&lt;/span&gt;                        checker.converged(iteration, prev, simplex.getPoint(i));
                }
                &lt;span class="code-keyword"&gt;if&lt;/span&gt; (converged) {
                    &lt;span class="code-comment"&gt;// We have found an optimum.
&lt;/span&gt;                    &lt;span class="code-keyword"&gt;return&lt;/span&gt; simplex.getPoint(0);
                }
            }
&lt;/pre&gt;
&lt;/div&gt;&lt;/div&gt;

&lt;p&gt;should be (with added comments)&lt;/p&gt;

&lt;div class="code panel" style="border-width: 1px;"&gt;&lt;div class="codeContent panelContent"&gt;
&lt;pre class="code-java"&gt;&lt;span class="code-object"&gt;int&lt;/span&gt; iteration = 0;
        &lt;span class="code-keyword"&gt;final&lt;/span&gt; ConvergenceChecker&amp;lt;PointValuePair&amp;gt; checker = getConvergenceChecker();
        &lt;span class="code-keyword"&gt;while&lt;/span&gt; (&lt;span class="code-keyword"&gt;true&lt;/span&gt;) {
            iteration = getIterations(); &lt;span class="code-comment"&gt;// XXXXXXXX CHANGE 1
&lt;/span&gt;            &lt;span class="code-keyword"&gt;if&lt;/span&gt; (iteration &amp;gt; 0) {  &lt;span class="code-comment"&gt;// XXXXXXXX CHANGE 2
&lt;/span&gt;                &lt;span class="code-object"&gt;boolean&lt;/span&gt; converged = &lt;span class="code-keyword"&gt;true&lt;/span&gt;;
                &lt;span class="code-keyword"&gt;for&lt;/span&gt; (&lt;span class="code-object"&gt;int&lt;/span&gt; i = 0; i &amp;lt; simplex.getSize(); i++) {
                    PointValuePair prev = previous[i];
                    converged = converged &amp;amp;&amp;amp;
                        checker.converged(iteration, prev, simplex.getPoint(i));
                }
                &lt;span class="code-keyword"&gt;if&lt;/span&gt; (converged) {
                    &lt;span class="code-comment"&gt;// We have found an optimum.
&lt;/span&gt;                    &lt;span class="code-keyword"&gt;return&lt;/span&gt; simplex.getPoint(0);
                }
            }
&lt;/pre&gt;
&lt;/div&gt;&lt;/div&gt;</description>
                <environment />
        <key id="12977856">MATH-1376</key>
            <summary>SimplexOptimizer.doOptimize(): Wrong Iteration Number (0) Passed to Convergence Checker</summary>
                <type id="1" iconUrl="https://issues.apache.org/jira/secure/viewavatar?size=xsmall&amp;avatarId=21133&amp;avatarType=issuetype">Bug</type>
                                            <priority id="4" iconUrl="https://issues.apache.org/jira/images/icons/priorities/minor.svg">Minor</priority>
                        <status id="5" iconUrl="https://issues.apache.org/jira/images/icons/statuses/resolved.png" description="A resolution has been taken, and it is awaiting verification by reporter. From here issues are either reopened, or are closed.">Resolved</status>
                    <statusCategory id="3" key="done" colorName="green" />
                                    <resolution id="1">Fixed</resolution>
                                        <assignee username="-1">Unassigned</assignee>
                                    <reporter username="thomasWeise">Thomas Weise</reporter>
                        <labels>
                            <label>Convergence</label>
                            <label>Iterations</label>
                            <label>SimplexOptimizer</label>
                    </labels>
                <created>Sat, 11 Jun 2016 12:38:36 +0000</created>
                <updated>Sat, 11 Jun 2016 19:31:43 +0000</updated>
                            <resolved>Sat, 11 Jun 2016 19:31:43 +0000</resolved>
                                    <version>3.6.1</version>
                                    <fixVersion>4.0</fixVersion>
                                        <due />
                            <votes>0</votes>
                                    <watches>2</watches>
                                    <timeoriginalestimate seconds="1200">20m</timeoriginalestimate>
                            <timeestimate seconds="1200">20m</timeestimate>
                                        <comments>
                            <comment id="15326020" author="erans" created="Sat, 11 Jun 2016 19:31:43 +0000">&lt;p&gt;Fix applied in branch "develop".&lt;br/&gt;
Thanks for the report.&lt;/p&gt;</comment>
                    </comments>
                    <attachments>
                    </attachments>
                <subtasks>
                    </subtasks>
                <customfields>
                                                                                                                                                                                                                                                                                                                                                                                                                                                                                                                                                                                                                                                                                                                    <customfield id="customfield_12314020" key="com.atlassian.jira.plugins.jira-development-integration-plugin:devsummary">
                        <customfieldname>Development</customfieldname>
                        <customfieldvalues>
                            
                        </customfieldvalues>
                    </customfield>
                                                                                                                        <customfield id="customfield_12313422" key="com.atlassian.jirafisheyeplugin:jobcheckbox">
                        <customfieldname>Enable Automatic Patch Review</customfieldname>
                        <customfieldvalues>
                            <customfieldvalue>false</customfieldvalue>

                        </customfieldvalues>
                    </customfield>
                                                                                                                                                                                                                                                                                                                                                                                    <customfield id="customfield_12310250" key="com.atlassian.jira.plugin.system.customfieldtypes:multicheckboxes">
                        <customfieldname>Flags</customfieldname>
                        <customfieldvalues>
                                <customfieldvalue key="10430">Patch</customfieldvalue>
    
                        </customfieldvalues>
                    </customfield>
                                                                                                                                                                                                                                                                                                <customfield id="customfield_12310420" key="com.pyxis.greenhopper.jira:gh-global-rank">
                        <customfieldname>Global Rank</customfieldname>
                        <customfieldvalues>
                            <customfieldvalue>9223372036854775807</customfieldvalue>
                        </customfieldvalues>
                    </customfield>
                                                                                                                                                                                                                                                                                                                                                                                                                                                                        <customfield id="customfield_12311820" key="com.pyxis.greenhopper.jira:gh-lexo-rank">
                        <customfieldname>Rank</customfieldname>
                        <customfieldvalues>
                            <customfieldvalue>0|i2zbwn:</customfieldvalue>

                        </customfieldvalues>
                    </customfield>
                                                                <customfield id="customfield_12310920" key="com.pyxis.greenhopper.jira:gh-global-rank">
                        <customfieldname>Rank (Obsolete)</customfieldname>
                        <customfieldvalues>
                            <customfieldvalue>9223372036854775807</customfieldvalue>
                        </customfieldvalues>
                    </customfield>
                                                                                                                                                                                                                                                                                                                                                                                                                                                                                                                                                                                                                                                                                                                                                                                                                                                                                                            </customfields>
    </item>


</channel>
</rss>