<rss version="0.92">
    <channel>
        <title>ASF JIRA</title>
        <link>https://issues.apache.org/jira/issues/?jql=project+%3D+MATH+and+type+%3D+bug+and+%28status+%3D+RESOLVED+or+status+%3D+closed%29+and+resolution+%3D+Fixed+and+fixVersion+%21%3D+None++and+affectedVersion+%21%3D+None++and+affectedVersion+%21%3D+%22Nightly+Build%22</link>
        <description>An XML representation of a search request</description>
                <language>en-uk</language>
                        <issue start="0" end="335" total="335" />
                <build-info>
            <version>8.20.1</version>
            <build-number>820001</build-number>
            <build-date>28-10-2021</build-date>
        </build-info>

<item>
            <title>[MATH-891] SpearmansCorrelation fails when using NaturalRanking together with NaNStrategy.REMOVED</title>
                <link>https://issues.apache.org/jira/browse/MATH-891</link>
                <project id="12310485" key="MATH">Commons Math</project>
                    <description>&lt;p&gt;As reported by Martin Rosellen on the users mailinglist:&lt;/p&gt;

&lt;p&gt;Using a NaturalRanking with a REMOVED NaNStrategy can result in an exception when NaN are contained in the input arrays.&lt;/p&gt;

&lt;p&gt;The current implementation just removes the NaN values where they occur, without taken care to remove the corresponding values in the other array.&lt;/p&gt;</description>
                <environment />
        <key id="12615360">MATH-891</key>
            <summary>SpearmansCorrelation fails when using NaturalRanking together with NaNStrategy.REMOVED</summary>
                <type id="1" iconUrl="https://issues.apache.org/jira/secure/viewavatar?size=xsmall&amp;avatarId=21133&amp;avatarType=issuetype">Bug</type>
                                            <priority id="3" iconUrl="https://issues.apache.org/jira/images/icons/priorities/major.svg">Major</priority>
                        <status id="6" iconUrl="https://issues.apache.org/jira/images/icons/statuses/closed.png" description="The issue is considered finished, the resolution is correct. Issues which are not closed can be reopened.">Closed</status>
                    <statusCategory id="3" key="done" colorName="green" />
                                    <resolution id="1">Fixed</resolution>
                                        <assignee username="-1">Unassigned</assignee>
                                    <reporter username="tn">Thomas Neidhart</reporter>
                        <labels>
                    </labels>
                <created>Thu, 8 Nov 2012 18:31:36 +0000</created>
                <updated>Sun, 7 Apr 2013 09:17:10 +0000</updated>
                            <resolved>Wed, 27 Mar 2013 19:44:54 +0000</resolved>
                                    <version>3.0</version>
                                    <fixVersion>3.2</fixVersion>
                                        <due />
                            <votes>0</votes>
                                    <watches>2</watches>
                                                                <comments>
                            <comment id="13493375" author="tn" created="Thu, 8 Nov 2012 18:38:00 +0000">&lt;p&gt;Test case:&lt;/p&gt;

&lt;div class="preformatted panel" style="border-width: 1px;"&gt;&lt;div class="preformattedContent panelContent"&gt;
&lt;pre&gt;        double[] column1 = new double[] { Double.NaN, 1, 2 };
        double[] column2 = new double[] { 10, 2, 10 };

        Array2DRowRealMatrix mydata = new Array2DRowRealMatrix(column1.length, 2);
        for (int i = 0; i &amp;lt; column1.length; i++) {
            mydata.addToEntry(i, 0, column1[i]);
            mydata.addToEntry(i, 1, column2[i]);
        }

        // compute correlation
        NaturalRanking ranking = new NaturalRanking(NaNStrategy.REMOVED);
        SpearmansCorrelation spearman = new SpearmansCorrelation(mydata, ranking);
        double correlations = spearman.correlation(column1, column2);
        System.out.println("correlations " + correlations);
&lt;/pre&gt;
&lt;/div&gt;&lt;/div&gt;</comment>
                            <comment id="13580602" author="tn" created="Mon, 18 Feb 2013 13:22:35 +0000">&lt;p&gt;The attached patch does the following:&lt;/p&gt;

&lt;ul&gt;
	&lt;li&gt;checks if the ranking algorithm is NaturalRanking with NaNStrategy set to REMOVED
	&lt;ul&gt;
		&lt;li&gt;finds all indices with NaNs in the input arrays&lt;/li&gt;
		&lt;li&gt;removes the corresponding rows in &lt;b&gt;all&lt;/b&gt; input data&lt;/li&gt;
		&lt;li&gt;passes the modified data to the ranking algorithm&lt;/li&gt;
	&lt;/ul&gt;
	&lt;/li&gt;
&lt;/ul&gt;


&lt;p&gt;This should ideally be handled by the RankingAlgorithm, but updating the interface would break compatibility afaik.&lt;/p&gt;

&lt;p&gt;The SpearmanCorrelation class is the only one in CM that uses a RankingAlgorithm to rank correlated data, so it is a kind of compromise imho.&lt;/p&gt;</comment>
                            <comment id="13615500" author="psteitz" created="Wed, 27 Mar 2013 17:04:24 +0000">&lt;p&gt;I am OK with committing this patch, but lets keep the issue open, or open another one for handling missing data in multivariate stats.  I think it is OK to leave the RankingAlgorithm interface and impls as is - they are doing what they should be doing by contract.  I think multivariate stats should just not allow the REMOVED NAN strategy (i.e. throw in this case).  Once we agree on how to implement and represent missing data strategies at least just for this class, the Spearman's constructor should then be modified to include specification of missing data strategy.&lt;/p&gt;

&lt;p&gt;I think it is better to commit the workaround now, since behavior is currently broken; but note in the javadoc and release notes that as of 4.0, the constructor will throw on REMOVED NaNStrategy and NANs should not be used to represent missing data.  Practical advice to users is to preprocess data to remove / replace / impute missing data in preparation for this.&lt;/p&gt;</comment>
                            <comment id="13615661" author="tn" created="Wed, 27 Mar 2013 19:44:55 +0000">&lt;p&gt;Applied changes in r1461822 and created &lt;a href="https://issues.apache.org/jira/browse/MATH-958" title="Remove support for NaNStrategy.REMOVED in SpearmansCorrelation" class="issue-link" data-issue-key="MATH-958"&gt;&lt;del&gt;MATH-958&lt;/del&gt;&lt;/a&gt;.&lt;/p&gt;</comment>
                            <comment id="13624816" author="luc" created="Sun, 7 Apr 2013 09:17:10 +0000">&lt;p&gt;Closing issue as version 3.2 has been released on 2013-04-06.&lt;/p&gt;</comment>
                    </comments>
                <issuelinks>
                            <issuelinktype id="10030">
                    <name>Reference</name>
                                            <outwardlinks description="relates to">
                                        <issuelink>
            <issuekey id="12639431">MATH-958</issuekey>
        </issuelink>
                            </outwardlinks>
                                                        </issuelinktype>
                    </issuelinks>
                <attachments>
                            <attachment id="12569809" name="MATH-891.patch" size="8632" author="tn" created="Mon, 18 Feb 2013 13:22:35 +0000" />
                    </attachments>
                <subtasks>
                    </subtasks>
                <customfields>
                                                                                                                                                                                                                                                                                                                                                                                                                                                                                                                                                                                                                                                                                                                    <customfield id="customfield_12314020" key="com.atlassian.jira.plugins.jira-development-integration-plugin:devsummary">
                        <customfieldname>Development</customfieldname>
                        <customfieldvalues>
                            
                        </customfieldvalues>
                    </customfield>
                                                                                                                        <customfield id="customfield_12313422" key="com.atlassian.jirafisheyeplugin:jobcheckbox">
                        <customfieldname>Enable Automatic Patch Review</customfieldname>
                        <customfieldvalues>
                            <customfieldvalue>false</customfieldvalue>

                        </customfieldvalues>
                    </customfield>
                                                                                                                                                                                                                                                                                                                                                                                                                                                                                                                                                                                                                                                <customfield id="customfield_12310420" key="com.pyxis.greenhopper.jira:gh-global-rank">
                        <customfieldname>Global Rank</customfieldname>
                        <customfieldvalues>
                            <customfieldvalue>256499</customfieldvalue>
                        </customfieldvalues>
                    </customfield>
                                                                                                                                                                                                                                                                                                                                                                                                                                                                        <customfield id="customfield_12311820" key="com.pyxis.greenhopper.jira:gh-lexo-rank">
                        <customfieldname>Rank</customfieldname>
                        <customfieldvalues>
                            <customfieldvalue>0|i0hd67:</customfieldvalue>

                        </customfieldvalues>
                    </customfield>
                                                                <customfield id="customfield_12310920" key="com.pyxis.greenhopper.jira:gh-global-rank">
                        <customfieldname>Rank (Obsolete)</customfieldname>
                        <customfieldvalues>
                            <customfieldvalue>99396</customfieldvalue>
                        </customfieldvalues>
                    </customfield>
                                                                                                                                                                                                                                                                                                                                                                                                                                                                                                                                                                                                                                                                                                                                                                                                                                                                                                            </customfields>
    </item>


</channel>
</rss>