<rss version="0.92">
    <channel>
        <title>ASF JIRA</title>
        <link>https://issues.apache.org/jira/issues/?jql=project+%3D+MATH+and+type+%3D+bug+and+%28status+%3D+RESOLVED+or+status+%3D+closed%29+and+resolution+%3D+Fixed+and+fixVersion+%21%3D+None++and+affectedVersion+%21%3D+None++and+affectedVersion+%21%3D+%22Nightly+Build%22</link>
        <description>An XML representation of a search request</description>
                <language>en-uk</language>
                        <issue start="0" end="335" total="335" />
                <build-info>
            <version>8.20.1</version>
            <build-number>820001</build-number>
            <build-date>28-10-2021</build-date>
        </build-info>

<item>
            <title>[MATH-299] SimplexSolver returns no feasible solution</title>
                <link>https://issues.apache.org/jira/browse/MATH-299</link>
                <project id="12310485" key="MATH">Commons Math</project>
                    <description>&lt;p&gt;I am trying to optimize this:&lt;/p&gt;

&lt;p&gt;maximize: v&lt;/p&gt;

&lt;p&gt;v &amp;lt;= a1*p1 + a2*p2 + a3*p3 + a4*p4&lt;br/&gt;
v &amp;lt;= b1*p1 + b2*p2 + b3*p3 + b4*p4&lt;br/&gt;
v &amp;lt;= c1*p1 + c2*p2 + c3*p3 + c4*p4&lt;br/&gt;
v &amp;lt;= d1*p1 + d2*p2 + d3*p3 + d4*p4&lt;/p&gt;

&lt;p&gt;p1 + p2 + p3 + p4 = 1&lt;/p&gt;

&lt;p&gt;where a1-d4 are constant specified below by the code (i didn't want to copy and paste them up here. you can look below to see what they are in the objective function). &lt;/p&gt;

&lt;p&gt;		LinearObjectiveFunction f = new LinearObjectiveFunction(		&lt;br/&gt;
				new double[] &lt;/p&gt;
{ 1,
						0, 
						0, 0, 0}
&lt;p&gt;, 0 );&lt;br/&gt;
		Collection&amp;lt;LinearConstraint&amp;gt;  constraints = new ArrayList&amp;lt;LinearConstraint&amp;gt; ();&lt;/p&gt;


&lt;p&gt;		constraints.add(new LinearConstraint(new double[] &lt;/p&gt;
{ -1, 
				1.7316145027890766, 
				 1.3584341412980305,
				 0.9305633063383639,
				 1.687117394945513
		}
&lt;p&gt;,&lt;br/&gt;
		Relationship.GEQ, 0));&lt;/p&gt;

&lt;p&gt;		constraints.add(new LinearConstraint(new double[] &lt;/p&gt;
{ -1, 
				0.6617060079461883, 
				 1.4862459822191323,
				 0.7692647272328988,
				 0.7329140944025636
		}
&lt;p&gt;,&lt;br/&gt;
		Relationship.GEQ, 0));&lt;/p&gt;

&lt;p&gt;		constraints.add(new LinearConstraint(new double[] &lt;/p&gt;
{ -1, 
				1.3255966888982322, 
				286.21607948837584,
				1.135907611434458,
				0.9803367440299271
		}
&lt;p&gt;,&lt;br/&gt;
		Relationship.GEQ, 0));&lt;/p&gt;

&lt;p&gt;		constraints.add(new LinearConstraint(new double[] &lt;/p&gt;
{ -1, 
				0.5428682596573682, 
				1.5745685116536952,
				1.4834419186882808,
				1.2884923232048968
		}
&lt;p&gt;,&lt;br/&gt;
		Relationship.GEQ, 0));&lt;/p&gt;


&lt;p&gt;		constraints.add(new LinearConstraint(new double[] &lt;/p&gt;
{0, 1, 1, 1, 1}
&lt;p&gt;,&lt;br/&gt;
				Relationship.EQ, 1));&lt;br/&gt;
		RealPointValuePair solution = null;&lt;br/&gt;
		try &lt;/p&gt;
{
		
			solution = new SimplexSolver().optimize(f, constraints,
					GoalType.MAXIMIZE, true);
		}
&lt;p&gt;		catch (OptimizationException e) &lt;/p&gt;
{
			e.printStackTrace();
		}

&lt;p&gt;I get this error back from the SimplexSolver.&lt;/p&gt;

&lt;p&gt;org.apache.commons.math.optimization.linear.NoFeasibleSolutionException: no feasible solution&lt;br/&gt;
	at org.apache.commons.math.optimization.linear.SimplexSolver.solvePhase1(SimplexSolver.java:177)&lt;br/&gt;
	at org.apache.commons.math.optimization.linear.SimplexSolver.doOptimize(SimplexSolver.java:187)&lt;br/&gt;
	at org.apache.commons.math.optimization.linear.AbstractLinearOptimizer.optimize(AbstractLinearOptimizer.java:106)&lt;br/&gt;
	at Runner.main(Runner.java:101)&lt;/p&gt;

&lt;p&gt;One interesting thing to note is that if you round all the numbers to the nearest 100's place, it works. If you keep it with the floating point precision shown here, it doesn't.&lt;/p&gt;
</description>
                <environment>&lt;p&gt;Windows XP commons Math 2.0 jre 1.6.0.16&lt;/p&gt;</environment>
        <key id="12436311">MATH-299</key>
            <summary>SimplexSolver returns no feasible solution</summary>
                <type id="1" iconUrl="https://issues.apache.org/jira/secure/viewavatar?size=xsmall&amp;avatarId=21133&amp;avatarType=issuetype">Bug</type>
                                            <priority id="3" iconUrl="https://issues.apache.org/jira/images/icons/priorities/major.svg">Major</priority>
                        <status id="6" iconUrl="https://issues.apache.org/jira/images/icons/statuses/closed.png" description="The issue is considered finished, the resolution is correct. Issues which are not closed can be reopened.">Closed</status>
                    <statusCategory id="3" key="done" colorName="green" />
                                    <resolution id="1">Fixed</resolution>
                                        <assignee username="-1">Unassigned</assignee>
                                    <reporter username="davidwilcox">David</reporter>
                        <labels>
                    </labels>
                <created>Tue, 22 Sep 2009 14:43:32 +0000</created>
                <updated>Wed, 14 Apr 2010 00:11:57 +0000</updated>
                            <resolved>Thu, 24 Sep 2009 22:36:26 +0000</resolved>
                                    <version>2.0</version>
                                    <fixVersion>2.1</fixVersion>
                                        <due />
                            <votes>0</votes>
                                    <watches>0</watches>
                                    <timeoriginalestimate seconds="28800">8h</timeoriginalestimate>
                            <timeestimate seconds="28800">8h</timeestimate>
                                        <comments>
                            <comment id="12758353" author="luc" created="Tue, 22 Sep 2009 18:43:43 +0000">&lt;p&gt;I have tried to solve your problem with lp_solve to check whether it find a solution. Here is what I have set up using lp_solve lp format:&lt;/p&gt;
&lt;div class="preformatted panel" style="border-width: 1px;"&gt;&lt;div class="preformattedHeader panelHeader" style="border-bottom-width: 1px;"&gt;&lt;b&gt;math-299.lp&lt;/b&gt;&lt;/div&gt;&lt;div class="preformattedContent panelContent"&gt;
&lt;pre&gt;max: v;

-v + 1.7316145027890766 p1 +   1.3584341412980305 p2 + 0.9305633063383639 p3 + 1.687117394945513  p4 &amp;gt;= 0;
-v + 0.6617060079461883 p1 +   1.4862459822191323 p2 + 0.7692647272328988 p3 + 0.7329140944025636 p4 &amp;gt;= 0;
-v + 1.3255966888982322 p1 + 286.21607948837584   p2 + 1.135907611434458  p3 + 0.9803367440299271 p4 &amp;gt;= 0;
-v + 0.5428682596573682 p1 +   1.5745685116536952 p2 + 1.4834419186882808 p3 + 1.2884923232048968 p4 &amp;gt;= 0;

p1 + p2 + p3 + p4 = 1;

free p1, p2, p3, p4;

&lt;/pre&gt;
&lt;/div&gt;&lt;/div&gt;

&lt;p&gt;Running lp_solve on this file returns the following error message:&lt;/p&gt;
&lt;div class="preformatted panel" style="border-width: 1px;"&gt;&lt;div class="preformattedContent panelContent"&gt;
&lt;pre&gt;%  lp_solve &amp;lt; math-299.lp
This problem is unbounded
&lt;/pre&gt;
&lt;/div&gt;&lt;/div&gt;

&lt;p&gt;Could you check the constants and check if the problem really has a feasible finite solution ?&lt;/p&gt;</comment>
                            <comment id="12758444" author="bmccann" created="Tue, 22 Sep 2009 21:21:14 +0000">&lt;p&gt;We might be better than lp_solve on this one!  This worked fine for me and gave me the same answer as Lindo (1.398257)&lt;br/&gt;
David, did you use Commons Math 2.0?  The seemed to work fine for me when I used Commons Math compiled from the Subversion repository.  I'd recommend using the Subversion version because we've fixed numerous bugs that were present in the 2.0 release.&lt;/p&gt;

&lt;p&gt;    @Test&lt;br/&gt;
    public void testMath299() throws OptimizationException {&lt;br/&gt;
        LinearObjectiveFunction f = new LinearObjectiveFunction(new double[] &lt;/p&gt;
{ 1, 0, 0, 0, 0}
&lt;p&gt;, 0 );&lt;br/&gt;
        Collection&amp;lt;LinearConstraint&amp;gt; constraints = new ArrayList&amp;lt;LinearConstraint&amp;gt; ();&lt;br/&gt;
        constraints.add(new LinearConstraint(new double[] &lt;/p&gt;
{ -1, 1.7316145027890766, 1.3584341412980305, 0.9305633063383639, 1.687117394945513 }
&lt;p&gt;, Relationship.GEQ, 0));&lt;br/&gt;
        constraints.add(new LinearConstraint(new double[] &lt;/p&gt;
{ -1, 0.6617060079461883, 1.4862459822191323, 0.7692647272328988, 0.7329140944025636 }
&lt;p&gt;, Relationship.GEQ, 0));&lt;br/&gt;
        constraints.add(new LinearConstraint(new double[] &lt;/p&gt;
{ -1, 1.3255966888982322, 286.21607948837584, 1.135907611434458, 0.9803367440299271 }
&lt;p&gt;, Relationship.GEQ, 0));&lt;br/&gt;
        constraints.add(new LinearConstraint(new double[] &lt;/p&gt;
{ -1, 0.5428682596573682, 1.5745685116536952, 1.4834419186882808, 1.2884923232048968 }
&lt;p&gt;, Relationship.GEQ, 0));&lt;br/&gt;
        constraints.add(new LinearConstraint(new double[] &lt;/p&gt;
{0, 1, 1, 1, 1}
&lt;p&gt;, Relationship.EQ, 1));&lt;br/&gt;
        RealPointValuePair solution = new SimplexSolver().optimize(f, constraints, GoalType.MAXIMIZE, true);&lt;br/&gt;
        Assert.assertEquals(1.398257, solution.getValue(), .0001);&lt;br/&gt;
    }&lt;/p&gt;</comment>
                            <comment id="12759200" author="luc" created="Thu, 24 Sep 2009 18:15:53 +0000">&lt;p&gt;David, do you consider the version in the subversion repository fixes this bug ?&lt;br/&gt;
Can we change its state to resolved ?&lt;/p&gt;</comment>
                            <comment id="12759214" author="davidwilcox" created="Thu, 24 Sep 2009 19:01:21 +0000">&lt;p&gt;I changed to the subversion repository and it seems fixed.&lt;/p&gt;

</comment>
                            <comment id="12759292" author="luc" created="Thu, 24 Sep 2009 22:36:26 +0000">&lt;p&gt;already fixed in subversion by previous changes&lt;/p&gt;</comment>
                    </comments>
                    <attachments>
                    </attachments>
                <subtasks>
                    </subtasks>
                <customfields>
                                                                                                                                                                                                                                                                                                                                                                                                                                                                                                                                                                                                                                                                                                                    <customfield id="customfield_12314020" key="com.atlassian.jira.plugins.jira-development-integration-plugin:devsummary">
                        <customfieldname>Development</customfieldname>
                        <customfieldvalues>
                            
                        </customfieldvalues>
                    </customfield>
                                                                                                                        <customfield id="customfield_12313422" key="com.atlassian.jirafisheyeplugin:jobcheckbox">
                        <customfieldname>Enable Automatic Patch Review</customfieldname>
                        <customfieldvalues>
                            <customfieldvalue>false</customfieldvalue>

                        </customfieldvalues>
                    </customfield>
                                                                                                                                                                                                                                                                                                                                                                                                                                                                                                                                                                                                                                                <customfield id="customfield_12310420" key="com.pyxis.greenhopper.jira:gh-global-rank">
                        <customfieldname>Global Rank</customfieldname>
                        <customfieldvalues>
                            <customfieldvalue>34188</customfieldvalue>
                        </customfieldvalues>
                    </customfield>
                                                                                                                                                                                                                                                                                                                                                                                                                                                                        <customfield id="customfield_12311820" key="com.pyxis.greenhopper.jira:gh-lexo-rank">
                        <customfieldname>Rank</customfieldname>
                        <customfieldvalues>
                            <customfieldvalue>0|i0rvbb:</customfieldvalue>

                        </customfieldvalues>
                    </customfield>
                                                                <customfield id="customfield_12310920" key="com.pyxis.greenhopper.jira:gh-global-rank">
                        <customfieldname>Rank (Obsolete)</customfieldname>
                        <customfieldvalues>
                            <customfieldvalue>160717</customfieldvalue>
                        </customfieldvalues>
                    </customfield>
                                                                                                                                                                                                                                                                                                                                                                                                                                                                                                                                                                                                                                                                                                                                                                                                                                                                                                            </customfields>
    </item>


</channel>
</rss>