<rss version="0.92">
    <channel>
        <title>ASF JIRA</title>
        <link>https://issues.apache.org/jira/issues/?jql=project+%3D+MATH+and+type+%3D+bug+and+%28status+%3D+RESOLVED+or+status+%3D+closed%29+and+resolution+%3D+Fixed+and+fixVersion+%21%3D+None++and+affectedVersion+%21%3D+None++and+affectedVersion+%21%3D+%22Nightly+Build%22</link>
        <description>An XML representation of a search request</description>
                <language>en-uk</language>
                        <issue start="0" end="335" total="335" />
                <build-info>
            <version>8.20.1</version>
            <build-number>820001</build-number>
            <build-date>28-10-2021</build-date>
        </build-info>

<item>
            <title>[MATH-930] SimplexSolver finds suboptimal solution or throws NoFeasibleSolutionException</title>
                <link>https://issues.apache.org/jira/browse/MATH-930</link>
                <project id="12310485" key="MATH">Commons Math</project>
                    <description>&lt;p&gt;When I run this code sometimes I get NoFeasibleSolutionException, and sometimes the result is 0.37522987682323883. &lt;/p&gt;

&lt;p&gt;Octave gives result 0.70679 and a point = {1.59032, 1.00000, 0.70679, 0.40399, 1.04004, 0.67396, 0.37868, 0.22823, 0.98909, 0.68793, 0.17021,&lt;br/&gt;
0.09192, 0.67501, 0.44573, 0.07829, 0.00000, 0.81316, 0.63520, 0.55634&lt;br/&gt;
0.40399, 0.48504, 0.45944, 0.22823, 0.22823, 0.34873, 0.32313, 0.09192,&lt;br/&gt;
0.09192, 0.25681, 0.23122, 0.00000, 0.00000, 1.59032&lt;/p&gt;

&lt;p&gt;double[][] coefficients = new double&lt;span class="error"&gt;&amp;#91;97&amp;#93;&lt;/span&gt;[];&lt;br/&gt;
        double[] value = new double&lt;span class="error"&gt;&amp;#91;97&amp;#93;&lt;/span&gt;;&lt;br/&gt;
        Relationship[] relationship = new Relationship&lt;span class="error"&gt;&amp;#91;97&amp;#93;&lt;/span&gt;;&lt;br/&gt;
        int i = 0;&lt;br/&gt;
        double[] m0  = &lt;/p&gt;
{1, -1, -1, 1, -1, 1, 1, -1, -1, 1, 1, -1, 1, -1, -1, 1, -1, 1, 1, -1, 1, -1, -1, 1, 1, -1, -1, 1, -1, 1, 1, -1, 0}
&lt;p&gt;;&lt;br/&gt;
        coefficients&lt;span class="error"&gt;&amp;#91;i&amp;#93;&lt;/span&gt; = m0;&lt;br/&gt;
        relationship&lt;span class="error"&gt;&amp;#91;i&amp;#93;&lt;/span&gt; = Relationship.GEQ;&lt;br/&gt;
        value&lt;span class="error"&gt;&amp;#91;i&amp;#93;&lt;/span&gt; = 0.0;&lt;br/&gt;
        i++;&lt;br/&gt;
        double[] m1  = &lt;/p&gt;
{1, 0, 0, 0, 0, 0, 0, 0, 0, 0, 0, 0, 0, 0, 0, 0, 0, 0, 0, 0, 0, 0, 0, 0, 0, 0, 0, 0, 0, 0, 0, 0, -1};&lt;br/&gt;
        coefficients&lt;span class="error"&gt;&amp;#91;i&amp;#93;&lt;/span&gt; = m1;&lt;br/&gt;
        relationship&lt;span class="error"&gt;&amp;#91;i&amp;#93;&lt;/span&gt; = Relationship.GEQ;&lt;br/&gt;
        value&lt;span class="error"&gt;&amp;#91;i&amp;#93;&lt;/span&gt; = 0.0;&lt;br/&gt;
        i++;&lt;br/&gt;
        double[] m2  = {1, 0, 0, 0, 0, 0, 0, 0, 0, 0, 0, 0, 0, 0, 0, 0, 0, 0, 0, 0, 0, 0, 0, 0, 0, 0, 0, 0, 0, 0, 0, 0, -1}
&lt;p&gt;;&lt;br/&gt;
        coefficients&lt;span class="error"&gt;&amp;#91;i&amp;#93;&lt;/span&gt; = m2;&lt;br/&gt;
        relationship&lt;span class="error"&gt;&amp;#91;i&amp;#93;&lt;/span&gt; = Relationship.LEQ;&lt;br/&gt;
        value&lt;span class="error"&gt;&amp;#91;i&amp;#93;&lt;/span&gt; = 0.0;&lt;br/&gt;
        i++;&lt;br/&gt;
        double[] m3  = &lt;/p&gt;
{0, 1, 0, -1, 0, -1, 0, 1, 0, -1, 0, 1, 0, 1, 0, -1, 0, -1, 0, 1, 0, 1, 0, -1, 0, 1, 0, -1, 0, -1, 0, 1, 0}
&lt;p&gt;;&lt;br/&gt;
        coefficients&lt;span class="error"&gt;&amp;#91;i&amp;#93;&lt;/span&gt; = m3;&lt;br/&gt;
        relationship&lt;span class="error"&gt;&amp;#91;i&amp;#93;&lt;/span&gt; = Relationship.GEQ;&lt;br/&gt;
        value&lt;span class="error"&gt;&amp;#91;i&amp;#93;&lt;/span&gt; = 0.0;&lt;br/&gt;
        i++;&lt;br/&gt;
        double[] m4  = &lt;/p&gt;
{0, 1, 0, 0, 0, 0, 0, 0, 0, 0, 0, 0, 0, 0, 0, 0, 0, 0, 0, 0, 0, 0, 0, 0, 0, 0, 0, 0, 0, 0, 0, 0, -0.628803}
&lt;p&gt;;&lt;br/&gt;
        coefficients&lt;span class="error"&gt;&amp;#91;i&amp;#93;&lt;/span&gt; = m4;&lt;br/&gt;
        relationship&lt;span class="error"&gt;&amp;#91;i&amp;#93;&lt;/span&gt; = Relationship.GEQ;&lt;br/&gt;
        value&lt;span class="error"&gt;&amp;#91;i&amp;#93;&lt;/span&gt; = 0.0;&lt;br/&gt;
        i++;&lt;br/&gt;
        double[] m5  = &lt;/p&gt;
{0, 1, 0, 0, 0, 0, 0, 0, 0, 0, 0, 0, 0, 0, 0, 0, 0, 0, 0, 0, 0, 0, 0, 0, 0, 0, 0, 0, 0, 0, 0, 0, -0.676993}
&lt;p&gt;;&lt;br/&gt;
        coefficients&lt;span class="error"&gt;&amp;#91;i&amp;#93;&lt;/span&gt; = m5;&lt;br/&gt;
        relationship&lt;span class="error"&gt;&amp;#91;i&amp;#93;&lt;/span&gt; = Relationship.LEQ;&lt;br/&gt;
        value&lt;span class="error"&gt;&amp;#91;i&amp;#93;&lt;/span&gt; = 0.0;&lt;br/&gt;
        i++;&lt;br/&gt;
        double[] m6  = &lt;/p&gt;
{0, 0, 1, -1, 0, 0, -1, 1, 0, 0, -1, 1, 0, 0, 1, -1, 0, 0, -1, 1, 0, 0, 1, -1, 0, 0, 1, -1, 0, 0, -1, 1, 0}
&lt;p&gt;;&lt;br/&gt;
        coefficients&lt;span class="error"&gt;&amp;#91;i&amp;#93;&lt;/span&gt; = m6;&lt;br/&gt;
        relationship&lt;span class="error"&gt;&amp;#91;i&amp;#93;&lt;/span&gt; = Relationship.GEQ;&lt;br/&gt;
        value&lt;span class="error"&gt;&amp;#91;i&amp;#93;&lt;/span&gt; = 0.0;&lt;br/&gt;
        i++;&lt;br/&gt;
        double[] m7  = &lt;/p&gt;
{0, 0, 1, 0, 0, 0, 0, 0, 0, 0, 0, 0, 0, 0, 0, 0, 0, 0, 0, 0, 0, 0, 0, 0, 0, 0, 0, 0, 0, 0, 0, 0, -0.136677}
&lt;p&gt;;&lt;br/&gt;
        coefficients&lt;span class="error"&gt;&amp;#91;i&amp;#93;&lt;/span&gt; = m7;&lt;br/&gt;
        relationship&lt;span class="error"&gt;&amp;#91;i&amp;#93;&lt;/span&gt; = Relationship.GEQ;&lt;br/&gt;
        value&lt;span class="error"&gt;&amp;#91;i&amp;#93;&lt;/span&gt; = 0.0;&lt;br/&gt;
        i++;&lt;br/&gt;
        double[] m8  = &lt;/p&gt;
{0, 0, 1, 0, 0, 0, 0, 0, 0, 0, 0, 0, 0, 0, 0, 0, 0, 0, 0, 0, 0, 0, 0, 0, 0, 0, 0, 0, 0, 0, 0, 0, -0.444434}
&lt;p&gt;;&lt;br/&gt;
        coefficients&lt;span class="error"&gt;&amp;#91;i&amp;#93;&lt;/span&gt; = m8;&lt;br/&gt;
        relationship&lt;span class="error"&gt;&amp;#91;i&amp;#93;&lt;/span&gt; = Relationship.LEQ;&lt;br/&gt;
        value&lt;span class="error"&gt;&amp;#91;i&amp;#93;&lt;/span&gt; = 0.0;&lt;br/&gt;
        i++;&lt;br/&gt;
        double[] m9  = &lt;/p&gt;
{0, 0, 0, 1, 0, 0, 0, -1, 0, 0, 0, -1, 0, 0, 0, 1, 0, 0, 0, -1, 0, 0, 0, 1, 0, 0, 0, 1, 0, 0, 0, -1, 0}
&lt;p&gt;;&lt;br/&gt;
        coefficients&lt;span class="error"&gt;&amp;#91;i&amp;#93;&lt;/span&gt; = m9;&lt;br/&gt;
        relationship&lt;span class="error"&gt;&amp;#91;i&amp;#93;&lt;/span&gt; = Relationship.GEQ;&lt;br/&gt;
        value&lt;span class="error"&gt;&amp;#91;i&amp;#93;&lt;/span&gt; = 0.0;&lt;br/&gt;
        i++;&lt;br/&gt;
        double[] m10  = &lt;/p&gt;
{0, 0, 0, 1, 0, 0, 0, 0, 0, 0, 0, 0, 0, 0, 0, 0, 0, 0, 0, 0, 0, 0, 0, 0, 0, 0, 0, 0, 0, 0, 0, 0, -0.254028}
&lt;p&gt;;&lt;br/&gt;
        coefficients&lt;span class="error"&gt;&amp;#91;i&amp;#93;&lt;/span&gt; = m10;&lt;br/&gt;
        relationship&lt;span class="error"&gt;&amp;#91;i&amp;#93;&lt;/span&gt; = Relationship.GEQ;&lt;br/&gt;
        value&lt;span class="error"&gt;&amp;#91;i&amp;#93;&lt;/span&gt; = 0.0;&lt;br/&gt;
        i++;&lt;br/&gt;
        double[] m11  = &lt;/p&gt;
{0, 0, 0, 1, 0, 0, 0, 0, 0, 0, 0, 0, 0, 0, 0, 0, 0, 0, 0, 0, 0, 0, 0, 0, 0, 0, 0, 0, 0, 0, 0, 0, -0.302218}
&lt;p&gt;;&lt;br/&gt;
        coefficients&lt;span class="error"&gt;&amp;#91;i&amp;#93;&lt;/span&gt; = m11;&lt;br/&gt;
        relationship&lt;span class="error"&gt;&amp;#91;i&amp;#93;&lt;/span&gt; = Relationship.LEQ;&lt;br/&gt;
        value&lt;span class="error"&gt;&amp;#91;i&amp;#93;&lt;/span&gt; = 0.0;&lt;br/&gt;
        i++;&lt;br/&gt;
        double[] m12  = &lt;/p&gt;
{0, 0, 0, 0, 1, -1, -1, 1, 0, 0, 0, 0, -1, 1, 1, -1, 0, 0, 0, 0, -1, 1, 1, -1, 0, 0, 0, 0, 1, -1, -1, 1, 0}
&lt;p&gt;;&lt;br/&gt;
        coefficients&lt;span class="error"&gt;&amp;#91;i&amp;#93;&lt;/span&gt; = m12;&lt;br/&gt;
        relationship&lt;span class="error"&gt;&amp;#91;i&amp;#93;&lt;/span&gt; = Relationship.GEQ;&lt;br/&gt;
        value&lt;span class="error"&gt;&amp;#91;i&amp;#93;&lt;/span&gt; = 0.0;&lt;br/&gt;
        i++;&lt;br/&gt;
        double[] m13  = &lt;/p&gt;
{0, 0, 0, 0, 1, 0, 0, 0, 0, 0, 0, 0, 0, 0, 0, 0, 0, 0, 0, 0, 0, 0, 0, 0, 0, 0, 0, 0, 0, 0, 0, 0, -0.653981}
&lt;p&gt;;&lt;br/&gt;
        coefficients&lt;span class="error"&gt;&amp;#91;i&amp;#93;&lt;/span&gt; = m13;&lt;br/&gt;
        relationship&lt;span class="error"&gt;&amp;#91;i&amp;#93;&lt;/span&gt; = Relationship.GEQ;&lt;br/&gt;
        value&lt;span class="error"&gt;&amp;#91;i&amp;#93;&lt;/span&gt; = 0.0;&lt;br/&gt;
        i++;&lt;br/&gt;
        double[] m14  = &lt;/p&gt;
{0, 0, 0, 0, 1, 0, 0, 0, 0, 0, 0, 0, 0, 0, 0, 0, 0, 0, 0, 0, 0, 0, 0, 0, 0, 0, 0, 0, 0, 0, 0, 0, -0.690437}
&lt;p&gt;;&lt;br/&gt;
        coefficients&lt;span class="error"&gt;&amp;#91;i&amp;#93;&lt;/span&gt; = m14;&lt;br/&gt;
        relationship&lt;span class="error"&gt;&amp;#91;i&amp;#93;&lt;/span&gt; = Relationship.LEQ;&lt;br/&gt;
        value&lt;span class="error"&gt;&amp;#91;i&amp;#93;&lt;/span&gt; = 0.0;&lt;br/&gt;
        i++;&lt;br/&gt;
        double[] m15  = &lt;/p&gt;
{0, 0, 0, 0, 0, 1, 0, -1, 0, 0, 0, 0, 0, -1, 0, 1, 0, 0, 0, 0, 0, -1, 0, 1, 0, 0, 0, 0, 0, 1, 0, -1, 0}
&lt;p&gt;;&lt;br/&gt;
        coefficients&lt;span class="error"&gt;&amp;#91;i&amp;#93;&lt;/span&gt; = m15;&lt;br/&gt;
        relationship&lt;span class="error"&gt;&amp;#91;i&amp;#93;&lt;/span&gt; = Relationship.GEQ;&lt;br/&gt;
        value&lt;span class="error"&gt;&amp;#91;i&amp;#93;&lt;/span&gt; = 0.0;&lt;br/&gt;
        i++;&lt;br/&gt;
        double[] m16  = &lt;/p&gt;
{0, 0, 0, 0, 0, 1, 0, 0, 0, 0, 0, 0, 0, 0, 0, 0, 0, 0, 0, 0, 0, 0, 0, 0, 0, 0, 0, 0, 0, 0, 0, 0, -0.423786}
&lt;p&gt;;&lt;br/&gt;
        coefficients&lt;span class="error"&gt;&amp;#91;i&amp;#93;&lt;/span&gt; = m16;&lt;br/&gt;
        relationship&lt;span class="error"&gt;&amp;#91;i&amp;#93;&lt;/span&gt; = Relationship.GEQ;&lt;br/&gt;
        value&lt;span class="error"&gt;&amp;#91;i&amp;#93;&lt;/span&gt; = 0.0;&lt;br/&gt;
        i++;&lt;br/&gt;
        double[] m17  = &lt;/p&gt;
{0, 0, 0, 0, 0, 1, 0, 0, 0, 0, 0, 0, 0, 0, 0, 0, 0, 0, 0, 0, 0, 0, 0, 0, 0, 0, 0, 0, 0, 0, 0, 0, -0.486717}
&lt;p&gt;;&lt;br/&gt;
        coefficients&lt;span class="error"&gt;&amp;#91;i&amp;#93;&lt;/span&gt; = m17;&lt;br/&gt;
        relationship&lt;span class="error"&gt;&amp;#91;i&amp;#93;&lt;/span&gt; = Relationship.LEQ;&lt;br/&gt;
        value&lt;span class="error"&gt;&amp;#91;i&amp;#93;&lt;/span&gt; = 0.0;&lt;br/&gt;
        i++;&lt;br/&gt;
        double[] m18  = &lt;/p&gt;
{0, 0, 0, 0, 0, 0, 1, -1, 0, 0, 0, 0, 0, 0, -1, 1, 0, 0, 0, 0, 0, 0, -1, 1, 0, 0, 0, 0, 0, 0, 1, -1, 0}
&lt;p&gt;;&lt;br/&gt;
        coefficients&lt;span class="error"&gt;&amp;#91;i&amp;#93;&lt;/span&gt; = m18;&lt;br/&gt;
        relationship&lt;span class="error"&gt;&amp;#91;i&amp;#93;&lt;/span&gt; = Relationship.GEQ;&lt;br/&gt;
        value&lt;span class="error"&gt;&amp;#91;i&amp;#93;&lt;/span&gt; = 0.0;&lt;br/&gt;
        i++;&lt;br/&gt;
        double[] m19  = &lt;/p&gt;
{0, 0, 0, 0, 0, 0, 1, 0, 0, 0, 0, 0, 0, 0, 0, 0, 0, 0, 0, 0, 0, 0, 0, 0, 0, 0, 0, 0, 0, 0, 0, 0, -0.049232}
&lt;p&gt;;&lt;br/&gt;
        coefficients&lt;span class="error"&gt;&amp;#91;i&amp;#93;&lt;/span&gt; = m19;&lt;br/&gt;
        relationship&lt;span class="error"&gt;&amp;#91;i&amp;#93;&lt;/span&gt; = Relationship.GEQ;&lt;br/&gt;
        value&lt;span class="error"&gt;&amp;#91;i&amp;#93;&lt;/span&gt; = 0.0;&lt;br/&gt;
        i++;&lt;br/&gt;
        double[] m20  = &lt;/p&gt;
{0, 0, 0, 0, 0, 0, 1, 0, 0, 0, 0, 0, 0, 0, 0, 0, 0, 0, 0, 0, 0, 0, 0, 0, 0, 0, 0, 0, 0, 0, 0, 0, -0.304747}
&lt;p&gt;;&lt;br/&gt;
        coefficients&lt;span class="error"&gt;&amp;#91;i&amp;#93;&lt;/span&gt; = m20;&lt;br/&gt;
        relationship&lt;span class="error"&gt;&amp;#91;i&amp;#93;&lt;/span&gt; = Relationship.LEQ;&lt;br/&gt;
        value&lt;span class="error"&gt;&amp;#91;i&amp;#93;&lt;/span&gt; = 0.0;&lt;br/&gt;
        i++;&lt;br/&gt;
        double[] m21  = &lt;/p&gt;
{0, 0, 0, 0, 0, 0, 0, 1, 0, 0, 0, 0, 0, 0, 0, -1, 0, 0, 0, 0, 0, 0, 0, -1, 0, 0, 0, 0, 0, 0, 0, 1, 0}
&lt;p&gt;;&lt;br/&gt;
        coefficients&lt;span class="error"&gt;&amp;#91;i&amp;#93;&lt;/span&gt; = m21;&lt;br/&gt;
        relationship&lt;span class="error"&gt;&amp;#91;i&amp;#93;&lt;/span&gt; = Relationship.GEQ;&lt;br/&gt;
        value&lt;span class="error"&gt;&amp;#91;i&amp;#93;&lt;/span&gt; = 0.0;&lt;br/&gt;
        i++;&lt;br/&gt;
        double[] m22  = &lt;/p&gt;
{0, 0, 0, 0, 0, 0, 0, 1, 0, 0, 0, 0, 0, 0, 0, 0, 0, 0, 0, 0, 0, 0, 0, 0, 0, 0, 0, 0, 0, 0, 0, 0, -0.129826}
&lt;p&gt;;&lt;br/&gt;
        coefficients&lt;span class="error"&gt;&amp;#91;i&amp;#93;&lt;/span&gt; = m22;&lt;br/&gt;
        relationship&lt;span class="error"&gt;&amp;#91;i&amp;#93;&lt;/span&gt; = Relationship.GEQ;&lt;br/&gt;
        value&lt;span class="error"&gt;&amp;#91;i&amp;#93;&lt;/span&gt; = 0.0;&lt;br/&gt;
        i++;&lt;br/&gt;
        double[] m23  = &lt;/p&gt;
{0, 0, 0, 0, 0, 0, 0, 1, 0, 0, 0, 0, 0, 0, 0, 0, 0, 0, 0, 0, 0, 0, 0, 0, 0, 0, 0, 0, 0, 0, 0, 0, -0.205625}
&lt;p&gt;;&lt;br/&gt;
        coefficients&lt;span class="error"&gt;&amp;#91;i&amp;#93;&lt;/span&gt; = m23;&lt;br/&gt;
        relationship&lt;span class="error"&gt;&amp;#91;i&amp;#93;&lt;/span&gt; = Relationship.LEQ;&lt;br/&gt;
        value&lt;span class="error"&gt;&amp;#91;i&amp;#93;&lt;/span&gt; = 0.0;&lt;br/&gt;
        i++;&lt;br/&gt;
        double[] m24  = &lt;/p&gt;
{0, 0, 0, 0, 0, 0, 0, 0, 1, -1, -1, 1, -1, 1, 1, -1, 0, 0, 0, 0, 0, 0, 0, 0, -1, 1, 1, -1, 1, -1, -1, 1, 0}
&lt;p&gt;;&lt;br/&gt;
        coefficients&lt;span class="error"&gt;&amp;#91;i&amp;#93;&lt;/span&gt; = m24;&lt;br/&gt;
        relationship&lt;span class="error"&gt;&amp;#91;i&amp;#93;&lt;/span&gt; = Relationship.GEQ;&lt;br/&gt;
        value&lt;span class="error"&gt;&amp;#91;i&amp;#93;&lt;/span&gt; = 0.0;&lt;br/&gt;
        i++;&lt;br/&gt;
        double[] m25  = &lt;/p&gt;
{0, 0, 0, 0, 0, 0, 0, 0, 1, 0, 0, 0, 0, 0, 0, 0, 0, 0, 0, 0, 0, 0, 0, 0, 0, 0, 0, 0, 0, 0, 0, 0, -0.621944}
&lt;p&gt;;&lt;br/&gt;
        coefficients&lt;span class="error"&gt;&amp;#91;i&amp;#93;&lt;/span&gt; = m25;&lt;br/&gt;
        relationship&lt;span class="error"&gt;&amp;#91;i&amp;#93;&lt;/span&gt; = Relationship.GEQ;&lt;br/&gt;
        value&lt;span class="error"&gt;&amp;#91;i&amp;#93;&lt;/span&gt; = 0.0;&lt;br/&gt;
        i++;&lt;br/&gt;
        double[] m26  = &lt;/p&gt;
{0, 0, 0, 0, 0, 0, 0, 0, 1, 0, 0, 0, 0, 0, 0, 0, 0, 0, 0, 0, 0, 0, 0, 0, 0, 0, 0, 0, 0, 0, 0, 0, -0.764385}
&lt;p&gt;;&lt;br/&gt;
        coefficients&lt;span class="error"&gt;&amp;#91;i&amp;#93;&lt;/span&gt; = m26;&lt;br/&gt;
        relationship&lt;span class="error"&gt;&amp;#91;i&amp;#93;&lt;/span&gt; = Relationship.LEQ;&lt;br/&gt;
        value&lt;span class="error"&gt;&amp;#91;i&amp;#93;&lt;/span&gt; = 0.0;&lt;br/&gt;
        i++;&lt;br/&gt;
        double[] m27  = &lt;/p&gt;
{0, 0, 0, 0, 0, 0, 0, 0, 0, 1, 0, -1, 0, -1, 0, 1, 0, 0, 0, 0, 0, 0, 0, 0, 0, -1, 0, 1, 0, 1, 0, -1, 0}
&lt;p&gt;;&lt;br/&gt;
        coefficients&lt;span class="error"&gt;&amp;#91;i&amp;#93;&lt;/span&gt; = m27;&lt;br/&gt;
        relationship&lt;span class="error"&gt;&amp;#91;i&amp;#93;&lt;/span&gt; = Relationship.GEQ;&lt;br/&gt;
        value&lt;span class="error"&gt;&amp;#91;i&amp;#93;&lt;/span&gt; = 0.0;&lt;br/&gt;
        i++;&lt;br/&gt;
        double[] m28  = &lt;/p&gt;
{0, 0, 0, 0, 0, 0, 0, 0, 0, 1, 0, 0, 0, 0, 0, 0, 0, 0, 0, 0, 0, 0, 0, 0, 0, 0, 0, 0, 0, 0, 0, 0, -0.432572}
&lt;p&gt;;&lt;br/&gt;
        coefficients&lt;span class="error"&gt;&amp;#91;i&amp;#93;&lt;/span&gt; = m28;&lt;br/&gt;
        relationship&lt;span class="error"&gt;&amp;#91;i&amp;#93;&lt;/span&gt; = Relationship.GEQ;&lt;br/&gt;
        value&lt;span class="error"&gt;&amp;#91;i&amp;#93;&lt;/span&gt; = 0.0;&lt;br/&gt;
        i++;&lt;br/&gt;
        double[] m29  = &lt;/p&gt;
{0, 0, 0, 0, 0, 0, 0, 0, 0, 1, 0, 0, 0, 0, 0, 0, 0, 0, 0, 0, 0, 0, 0, 0, 0, 0, 0, 0, 0, 0, 0, 0, -0.480762}
&lt;p&gt;;&lt;br/&gt;
        coefficients&lt;span class="error"&gt;&amp;#91;i&amp;#93;&lt;/span&gt; = m29;&lt;br/&gt;
        relationship&lt;span class="error"&gt;&amp;#91;i&amp;#93;&lt;/span&gt; = Relationship.LEQ;&lt;br/&gt;
        value&lt;span class="error"&gt;&amp;#91;i&amp;#93;&lt;/span&gt; = 0.0;&lt;br/&gt;
        i++;&lt;br/&gt;
        double[] m30  = &lt;/p&gt;
{0, 0, 0, 0, 0, 0, 0, 0, 0, 0, 1, -1, 0, 0, -1, 1, 0, 0, 0, 0, 0, 0, 0, 0, 0, 0, -1, 1, 0, 0, 1, -1, 0}
&lt;p&gt;;&lt;br/&gt;
        coefficients&lt;span class="error"&gt;&amp;#91;i&amp;#93;&lt;/span&gt; = m30;&lt;br/&gt;
        relationship&lt;span class="error"&gt;&amp;#91;i&amp;#93;&lt;/span&gt; = Relationship.GEQ;&lt;br/&gt;
        value&lt;span class="error"&gt;&amp;#91;i&amp;#93;&lt;/span&gt; = 0.0;&lt;br/&gt;
        i++;&lt;br/&gt;
        double[] m31  = &lt;/p&gt;
{0, 0, 0, 0, 0, 0, 0, 0, 0, 0, 1, 0, 0, 0, 0, 0, 0, 0, 0, 0, 0, 0, 0, 0, 0, 0, 0, 0, 0, 0, 0, 0, -0.055983}
&lt;p&gt;;&lt;br/&gt;
        coefficients&lt;span class="error"&gt;&amp;#91;i&amp;#93;&lt;/span&gt; = m31;&lt;br/&gt;
        relationship&lt;span class="error"&gt;&amp;#91;i&amp;#93;&lt;/span&gt; = Relationship.GEQ;&lt;br/&gt;
        value&lt;span class="error"&gt;&amp;#91;i&amp;#93;&lt;/span&gt; = 0.0;&lt;br/&gt;
        i++;&lt;br/&gt;
        double[] m32  = &lt;/p&gt;
{0, 0, 0, 0, 0, 0, 0, 0, 0, 0, 1, 0, 0, 0, 0, 0, 0, 0, 0, 0, 0, 0, 0, 0, 0, 0, 0, 0, 0, 0, 0, 0, -0.11378}
&lt;p&gt;;&lt;br/&gt;
        coefficients&lt;span class="error"&gt;&amp;#91;i&amp;#93;&lt;/span&gt; = m32;&lt;br/&gt;
        relationship&lt;span class="error"&gt;&amp;#91;i&amp;#93;&lt;/span&gt; = Relationship.LEQ;&lt;br/&gt;
        value&lt;span class="error"&gt;&amp;#91;i&amp;#93;&lt;/span&gt; = 0.0;&lt;br/&gt;
        i++;&lt;br/&gt;
        double[] m33  = &lt;/p&gt;
{0, 0, 0, 0, 0, 0, 0, 0, 0, 0, 0, 1, 0, 0, 0, -1, 0, 0, 0, 0, 0, 0, 0, 0, 0, 0, 0, -1, 0, 0, 0, 1, 0}
&lt;p&gt;;&lt;br/&gt;
        coefficients&lt;span class="error"&gt;&amp;#91;i&amp;#93;&lt;/span&gt; = m33;&lt;br/&gt;
        relationship&lt;span class="error"&gt;&amp;#91;i&amp;#93;&lt;/span&gt; = Relationship.GEQ;&lt;br/&gt;
        value&lt;span class="error"&gt;&amp;#91;i&amp;#93;&lt;/span&gt; = 0.0;&lt;br/&gt;
        i++;&lt;br/&gt;
        double[] m34  = &lt;/p&gt;
{0, 0, 0, 0, 0, 0, 0, 0, 0, 0, 0, 1, 0, 0, 0, 0, 0, 0, 0, 0, 0, 0, 0, 0, 0, 0, 0, 0, 0, 0, 0, 0, -0.009607}
&lt;p&gt;;&lt;br/&gt;
        coefficients&lt;span class="error"&gt;&amp;#91;i&amp;#93;&lt;/span&gt; = m34;&lt;br/&gt;
        relationship&lt;span class="error"&gt;&amp;#91;i&amp;#93;&lt;/span&gt; = Relationship.GEQ;&lt;br/&gt;
        value&lt;span class="error"&gt;&amp;#91;i&amp;#93;&lt;/span&gt; = 0.0;&lt;br/&gt;
        i++;&lt;br/&gt;
        double[] m35  = &lt;/p&gt;
{0, 0, 0, 0, 0, 0, 0, 0, 0, 0, 0, 1, 0, 0, 0, 0, 0, 0, 0, 0, 0, 0, 0, 0, 0, 0, 0, 0, 0, 0, 0, 0, -0.057797}
&lt;p&gt;;&lt;br/&gt;
        coefficients&lt;span class="error"&gt;&amp;#91;i&amp;#93;&lt;/span&gt; = m35;&lt;br/&gt;
        relationship&lt;span class="error"&gt;&amp;#91;i&amp;#93;&lt;/span&gt; = Relationship.LEQ;&lt;br/&gt;
        value&lt;span class="error"&gt;&amp;#91;i&amp;#93;&lt;/span&gt; = 0.0;&lt;br/&gt;
        i++;&lt;br/&gt;
        double[] m36  = &lt;/p&gt;
{0, 0, 0, 0, 0, 0, 0, 0, 0, 0, 0, 0, 1, -1, -1, 1, 0, 0, 0, 0, 0, 0, 0, 0, 0, 0, 0, 0, -1, 1, 1, -1, 0}
&lt;p&gt;;&lt;br/&gt;
        coefficients&lt;span class="error"&gt;&amp;#91;i&amp;#93;&lt;/span&gt; = m36;&lt;br/&gt;
        relationship&lt;span class="error"&gt;&amp;#91;i&amp;#93;&lt;/span&gt; = Relationship.GEQ;&lt;br/&gt;
        value&lt;span class="error"&gt;&amp;#91;i&amp;#93;&lt;/span&gt; = 0.0;&lt;br/&gt;
        i++;&lt;br/&gt;
        double[] m37  = &lt;/p&gt;
{0, 0, 0, 0, 0, 0, 0, 0, 0, 0, 0, 0, 1, 0, 0, 0, 0, 0, 0, 0, 0, 0, 0, 0, 0, 0, 0, 0, 0, 0, 0, 0, -0.407308}
&lt;p&gt;;&lt;br/&gt;
        coefficients&lt;span class="error"&gt;&amp;#91;i&amp;#93;&lt;/span&gt; = m37;&lt;br/&gt;
        relationship&lt;span class="error"&gt;&amp;#91;i&amp;#93;&lt;/span&gt; = Relationship.GEQ;&lt;br/&gt;
        value&lt;span class="error"&gt;&amp;#91;i&amp;#93;&lt;/span&gt; = 0.0;&lt;br/&gt;
        i++;&lt;br/&gt;
        double[] m38  = &lt;/p&gt;
{0, 0, 0, 0, 0, 0, 0, 0, 0, 0, 0, 0, 1, 0, 0, 0, 0, 0, 0, 0, 0, 0, 0, 0, 0, 0, 0, 0, 0, 0, 0, 0, -0.452749}
&lt;p&gt;;&lt;br/&gt;
        coefficients&lt;span class="error"&gt;&amp;#91;i&amp;#93;&lt;/span&gt; = m38;&lt;br/&gt;
        relationship&lt;span class="error"&gt;&amp;#91;i&amp;#93;&lt;/span&gt; = Relationship.LEQ;&lt;br/&gt;
        value&lt;span class="error"&gt;&amp;#91;i&amp;#93;&lt;/span&gt; = 0.0;&lt;br/&gt;
        i++;&lt;br/&gt;
        double[] m39  = &lt;/p&gt;
{0, 0, 0, 0, 0, 0, 0, 0, 0, 0, 0, 0, 0, 1, 0, -1, 0, 0, 0, 0, 0, 0, 0, 0, 0, 0, 0, 0, 0, -1, 0, 1, 0}
&lt;p&gt;;&lt;br/&gt;
        coefficients&lt;span class="error"&gt;&amp;#91;i&amp;#93;&lt;/span&gt; = m39;&lt;br/&gt;
        relationship&lt;span class="error"&gt;&amp;#91;i&amp;#93;&lt;/span&gt; = Relationship.GEQ;&lt;br/&gt;
        value&lt;span class="error"&gt;&amp;#91;i&amp;#93;&lt;/span&gt; = 0.0;&lt;br/&gt;
        i++;&lt;br/&gt;
        double[] m40  = &lt;/p&gt;
{0, 0, 0, 0, 0, 0, 0, 0, 0, 0, 0, 0, 0, 1, 0, 0, 0, 0, 0, 0, 0, 0, 0, 0, 0, 0, 0, 0, 0, 0, 0, 0, -0.269677}
&lt;p&gt;;&lt;br/&gt;
        coefficients&lt;span class="error"&gt;&amp;#91;i&amp;#93;&lt;/span&gt; = m40;&lt;br/&gt;
        relationship&lt;span class="error"&gt;&amp;#91;i&amp;#93;&lt;/span&gt; = Relationship.GEQ;&lt;br/&gt;
        value&lt;span class="error"&gt;&amp;#91;i&amp;#93;&lt;/span&gt; = 0.0;&lt;br/&gt;
        i++;&lt;br/&gt;
        double[] m41  = &lt;/p&gt;
{0, 0, 0, 0, 0, 0, 0, 0, 0, 0, 0, 0, 0, 1, 0, 0, 0, 0, 0, 0, 0, 0, 0, 0, 0, 0, 0, 0, 0, 0, 0, 0, -0.321806}
&lt;p&gt;;&lt;br/&gt;
        coefficients&lt;span class="error"&gt;&amp;#91;i&amp;#93;&lt;/span&gt; = m41;&lt;br/&gt;
        relationship&lt;span class="error"&gt;&amp;#91;i&amp;#93;&lt;/span&gt; = Relationship.LEQ;&lt;br/&gt;
        value&lt;span class="error"&gt;&amp;#91;i&amp;#93;&lt;/span&gt; = 0.0;&lt;br/&gt;
        i++;&lt;br/&gt;
        double[] m42  = &lt;/p&gt;
{0, 0, 0, 0, 0, 0, 0, 0, 0, 0, 0, 0, 0, 0, 1, -1, 0, 0, 0, 0, 0, 0, 0, 0, 0, 0, 0, 0, 0, 0, -1, 1, 0}
&lt;p&gt;;&lt;br/&gt;
        coefficients&lt;span class="error"&gt;&amp;#91;i&amp;#93;&lt;/span&gt; = m42;&lt;br/&gt;
        relationship&lt;span class="error"&gt;&amp;#91;i&amp;#93;&lt;/span&gt; = Relationship.GEQ;&lt;br/&gt;
        value&lt;span class="error"&gt;&amp;#91;i&amp;#93;&lt;/span&gt; = 0.0;&lt;br/&gt;
        i++;&lt;br/&gt;
        double[] m43  = &lt;/p&gt;
{0, 0, 0, 0, 0, 0, 0, 0, 0, 0, 0, 0, 0, 0, 1, 0, 0, 0, 0, 0, 0, 0, 0, 0, 0, 0, 0, 0, 0, 0, 0, 0, -0.049232}
&lt;p&gt;;&lt;br/&gt;
        coefficients&lt;span class="error"&gt;&amp;#91;i&amp;#93;&lt;/span&gt; = m43;&lt;br/&gt;
        relationship&lt;span class="error"&gt;&amp;#91;i&amp;#93;&lt;/span&gt; = Relationship.GEQ;&lt;br/&gt;
        value&lt;span class="error"&gt;&amp;#91;i&amp;#93;&lt;/span&gt; = 0.0;&lt;br/&gt;
        i++;&lt;br/&gt;
        double[] m44  = &lt;/p&gt;
{0, 0, 0, 0, 0, 0, 0, 0, 0, 0, 0, 0, 0, 0, 1, 0, 0, 0, 0, 0, 0, 0, 0, 0, 0, 0, 0, 0, 0, 0, 0, 0, -0.06902}
&lt;p&gt;;&lt;br/&gt;
        coefficients&lt;span class="error"&gt;&amp;#91;i&amp;#93;&lt;/span&gt; = m44;&lt;br/&gt;
        relationship&lt;span class="error"&gt;&amp;#91;i&amp;#93;&lt;/span&gt; = Relationship.LEQ;&lt;br/&gt;
        value&lt;span class="error"&gt;&amp;#91;i&amp;#93;&lt;/span&gt; = 0.0;&lt;br/&gt;
        i++;&lt;br/&gt;
        double[] m45  = &lt;/p&gt;
{0, 0, 0, 0, 0, 0, 0, 0, 0, 0, 0, 0, 0, 0, 0, 1, 0, 0, 0, 0, 0, 0, 0, 0, 0, 0, 0, 0, 0, 0, 0, -1, 0}
&lt;p&gt;;&lt;br/&gt;
        coefficients&lt;span class="error"&gt;&amp;#91;i&amp;#93;&lt;/span&gt; = m45;&lt;br/&gt;
        relationship&lt;span class="error"&gt;&amp;#91;i&amp;#93;&lt;/span&gt; = Relationship.GEQ;&lt;br/&gt;
        value&lt;span class="error"&gt;&amp;#91;i&amp;#93;&lt;/span&gt; = 0.0;&lt;br/&gt;
        i++;&lt;br/&gt;
        double[] m46  = &lt;/p&gt;
{0, 0, 0, 0, 0, 0, 0, 0, 0, 0, 0, 0, 0, 0, 0, 1, 0, 0, 0, 0, 0, 0, 0, 0, 0, 0, 0, 0, 0, 0, 0, 0, -0}
&lt;p&gt;;&lt;br/&gt;
        coefficients&lt;span class="error"&gt;&amp;#91;i&amp;#93;&lt;/span&gt; = m46;&lt;br/&gt;
        relationship&lt;span class="error"&gt;&amp;#91;i&amp;#93;&lt;/span&gt; = Relationship.GEQ;&lt;br/&gt;
        value&lt;span class="error"&gt;&amp;#91;i&amp;#93;&lt;/span&gt; = 0.0;&lt;br/&gt;
        i++;&lt;br/&gt;
        double[] m47  = &lt;/p&gt;
{0, 0, 0, 0, 0, 0, 0, 0, 0, 0, 0, 0, 0, 0, 0, 1, 0, 0, 0, 0, 0, 0, 0, 0, 0, 0, 0, 0, 0, 0, 0, 0, -0.028754}
&lt;p&gt;;&lt;br/&gt;
        coefficients&lt;span class="error"&gt;&amp;#91;i&amp;#93;&lt;/span&gt; = m47;&lt;br/&gt;
        relationship&lt;span class="error"&gt;&amp;#91;i&amp;#93;&lt;/span&gt; = Relationship.LEQ;&lt;br/&gt;
        value&lt;span class="error"&gt;&amp;#91;i&amp;#93;&lt;/span&gt; = 0.0;&lt;br/&gt;
        i++;&lt;br/&gt;
        double[] m48  = &lt;/p&gt;
{0, 0, 0, 0, 0, 0, 0, 0, 0, 0, 0, 0, 0, 0, 0, 0, 1, -1, -1, 1, -1, 1, 1, -1, -1, 1, 1, -1, 1, -1, -1, 1, 0}
&lt;p&gt;;&lt;br/&gt;
        coefficients&lt;span class="error"&gt;&amp;#91;i&amp;#93;&lt;/span&gt; = m48;&lt;br/&gt;
        relationship&lt;span class="error"&gt;&amp;#91;i&amp;#93;&lt;/span&gt; = Relationship.GEQ;&lt;br/&gt;
        value&lt;span class="error"&gt;&amp;#91;i&amp;#93;&lt;/span&gt; = 0.0;&lt;br/&gt;
        i++;&lt;br/&gt;
        double[] m49  = &lt;/p&gt;
{0, 0, 0, 0, 0, 0, 0, 0, 0, 0, 0, 0, 0, 0, 0, 0, 1, 0, 0, 0, 0, 0, 0, 0, 0, 0, 0, 0, 0, 0, 0, 0, -0.484254}
&lt;p&gt;;&lt;br/&gt;
        coefficients&lt;span class="error"&gt;&amp;#91;i&amp;#93;&lt;/span&gt; = m49;&lt;br/&gt;
        relationship&lt;span class="error"&gt;&amp;#91;i&amp;#93;&lt;/span&gt; = Relationship.GEQ;&lt;br/&gt;
        value&lt;span class="error"&gt;&amp;#91;i&amp;#93;&lt;/span&gt; = 0.0;&lt;br/&gt;
        i++;&lt;br/&gt;
        double[] m50  = &lt;/p&gt;
{0, 0, 0, 0, 0, 0, 0, 0, 0, 0, 0, 0, 0, 0, 0, 0, 1, 0, 0, 0, 0, 0, 0, 0, 0, 0, 0, 0, 0, 0, 0, 0, -0.524607}
&lt;p&gt;;&lt;br/&gt;
        coefficients&lt;span class="error"&gt;&amp;#91;i&amp;#93;&lt;/span&gt; = m50;&lt;br/&gt;
        relationship&lt;span class="error"&gt;&amp;#91;i&amp;#93;&lt;/span&gt; = Relationship.LEQ;&lt;br/&gt;
        value&lt;span class="error"&gt;&amp;#91;i&amp;#93;&lt;/span&gt; = 0.0;&lt;br/&gt;
        i++;&lt;br/&gt;
        double[] m51  = &lt;/p&gt;
{0, 0, 0, 0, 0, 0, 0, 0, 0, 0, 0, 0, 0, 0, 0, 0, 0, 1, 0, -1, 0, -1, 0, 1, 0, -1, 0, 1, 0, 1, 0, -1, 0}
&lt;p&gt;;&lt;br/&gt;
        coefficients&lt;span class="error"&gt;&amp;#91;i&amp;#93;&lt;/span&gt; = m51;&lt;br/&gt;
        relationship&lt;span class="error"&gt;&amp;#91;i&amp;#93;&lt;/span&gt; = Relationship.GEQ;&lt;br/&gt;
        value&lt;span class="error"&gt;&amp;#91;i&amp;#93;&lt;/span&gt; = 0.0;&lt;br/&gt;
        i++;&lt;br/&gt;
        double[] m52  = &lt;/p&gt;
{0, 0, 0, 0, 0, 0, 0, 0, 0, 0, 0, 0, 0, 0, 0, 0, 0, 1, 0, 0, 0, 0, 0, 0, 0, 0, 0, 0, 0, 0, 0, 0, -0.385492}
&lt;p&gt;;&lt;br/&gt;
        coefficients&lt;span class="error"&gt;&amp;#91;i&amp;#93;&lt;/span&gt; = m52;&lt;br/&gt;
        relationship&lt;span class="error"&gt;&amp;#91;i&amp;#93;&lt;/span&gt; = Relationship.GEQ;&lt;br/&gt;
        value&lt;span class="error"&gt;&amp;#91;i&amp;#93;&lt;/span&gt; = 0.0;&lt;br/&gt;
        i++;&lt;br/&gt;
        double[] m53  = &lt;/p&gt;
{0, 0, 0, 0, 0, 0, 0, 0, 0, 0, 0, 0, 0, 0, 0, 0, 0, 1, 0, 0, 0, 0, 0, 0, 0, 0, 0, 0, 0, 0, 0, 0, -0.430134}
&lt;p&gt;;&lt;br/&gt;
        coefficients&lt;span class="error"&gt;&amp;#91;i&amp;#93;&lt;/span&gt; = m53;&lt;br/&gt;
        relationship&lt;span class="error"&gt;&amp;#91;i&amp;#93;&lt;/span&gt; = Relationship.LEQ;&lt;br/&gt;
        value&lt;span class="error"&gt;&amp;#91;i&amp;#93;&lt;/span&gt; = 0.0;&lt;br/&gt;
        i++;&lt;br/&gt;
        double[] m54  = &lt;/p&gt;
{0, 0, 0, 0, 0, 0, 0, 0, 0, 0, 0, 0, 0, 0, 0, 0, 0, 0, 1, -1, 0, 0, -1, 1, 0, 0, -1, 1, 0, 0, 1, -1, 0}
&lt;p&gt;;&lt;br/&gt;
        coefficients&lt;span class="error"&gt;&amp;#91;i&amp;#93;&lt;/span&gt; = m54;&lt;br/&gt;
        relationship&lt;span class="error"&gt;&amp;#91;i&amp;#93;&lt;/span&gt; = Relationship.GEQ;&lt;br/&gt;
        value&lt;span class="error"&gt;&amp;#91;i&amp;#93;&lt;/span&gt; = 0.0;&lt;br/&gt;
        i++;&lt;br/&gt;
        double[] m55  = &lt;/p&gt;
{0, 0, 0, 0, 0, 0, 0, 0, 0, 0, 0, 0, 0, 0, 0, 0, 0, 0, 1, 0, 0, 0, 0, 0, 0, 0, 0, 0, 0, 0, 0, 0, -0.34983}
&lt;p&gt;;&lt;br/&gt;
        coefficients&lt;span class="error"&gt;&amp;#91;i&amp;#93;&lt;/span&gt; = m55;&lt;br/&gt;
        relationship&lt;span class="error"&gt;&amp;#91;i&amp;#93;&lt;/span&gt; = Relationship.GEQ;&lt;br/&gt;
        value&lt;span class="error"&gt;&amp;#91;i&amp;#93;&lt;/span&gt; = 0.0;&lt;br/&gt;
        i++;&lt;br/&gt;
        double[] m56  = &lt;/p&gt;
{0, 0, 0, 0, 0, 0, 0, 0, 0, 0, 0, 0, 0, 0, 0, 0, 0, 0, 1, 0, 0, 0, 0, 0, 0, 0, 0, 0, 0, 0, 0, 0, -0.375781}
&lt;p&gt;;&lt;br/&gt;
        coefficients&lt;span class="error"&gt;&amp;#91;i&amp;#93;&lt;/span&gt; = m56;&lt;br/&gt;
        relationship&lt;span class="error"&gt;&amp;#91;i&amp;#93;&lt;/span&gt; = Relationship.LEQ;&lt;br/&gt;
        value&lt;span class="error"&gt;&amp;#91;i&amp;#93;&lt;/span&gt; = 0.0;&lt;br/&gt;
        i++;&lt;br/&gt;
        double[] m57  = &lt;/p&gt;
{0, 0, 0, 0, 0, 0, 0, 0, 0, 0, 0, 0, 0, 0, 0, 0, 0, 0, 0, 1, 0, 0, 0, -1, 0, 0, 0, -1, 0, 0, 0, 1, 0}
&lt;p&gt;;&lt;br/&gt;
        coefficients&lt;span class="error"&gt;&amp;#91;i&amp;#93;&lt;/span&gt; = m57;&lt;br/&gt;
        relationship&lt;span class="error"&gt;&amp;#91;i&amp;#93;&lt;/span&gt; = Relationship.GEQ;&lt;br/&gt;
        value&lt;span class="error"&gt;&amp;#91;i&amp;#93;&lt;/span&gt; = 0.0;&lt;br/&gt;
        i++;&lt;br/&gt;
        double[] m58  = &lt;/p&gt;
{0, 0, 0, 0, 0, 0, 0, 0, 0, 0, 0, 0, 0, 0, 0, 0, 0, 0, 0, 1, 0, 0, 0, 0, 0, 0, 0, 0, 0, 0, 0, 0, -0.254028}
&lt;p&gt;;&lt;br/&gt;
        coefficients&lt;span class="error"&gt;&amp;#91;i&amp;#93;&lt;/span&gt; = m58;&lt;br/&gt;
        relationship&lt;span class="error"&gt;&amp;#91;i&amp;#93;&lt;/span&gt; = Relationship.GEQ;&lt;br/&gt;
        value&lt;span class="error"&gt;&amp;#91;i&amp;#93;&lt;/span&gt; = 0.0;&lt;br/&gt;
        i++;&lt;br/&gt;
        double[] m59  = &lt;/p&gt;
{0, 0, 0, 0, 0, 0, 0, 0, 0, 0, 0, 0, 0, 0, 0, 0, 0, 0, 0, 1, 0, 0, 0, 0, 0, 0, 0, 0, 0, 0, 0, 0, -0.281308}
&lt;p&gt;;&lt;br/&gt;
        coefficients&lt;span class="error"&gt;&amp;#91;i&amp;#93;&lt;/span&gt; = m59;&lt;br/&gt;
        relationship&lt;span class="error"&gt;&amp;#91;i&amp;#93;&lt;/span&gt; = Relationship.LEQ;&lt;br/&gt;
        value&lt;span class="error"&gt;&amp;#91;i&amp;#93;&lt;/span&gt; = 0.0;&lt;br/&gt;
        i++;&lt;br/&gt;
        double[] m60  = &lt;/p&gt;
{0, 0, 0, 0, 0, 0, 0, 0, 0, 0, 0, 0, 0, 0, 0, 0, 0, 0, 0, 0, 1, -1, -1, 1, 0, 0, 0, 0, -1, 1, 1, -1, 0}
&lt;p&gt;;&lt;br/&gt;
        coefficients&lt;span class="error"&gt;&amp;#91;i&amp;#93;&lt;/span&gt; = m60;&lt;br/&gt;
        relationship&lt;span class="error"&gt;&amp;#91;i&amp;#93;&lt;/span&gt; = Relationship.GEQ;&lt;br/&gt;
        value&lt;span class="error"&gt;&amp;#91;i&amp;#93;&lt;/span&gt; = 0.0;&lt;br/&gt;
        i++;&lt;br/&gt;
        double[] m61  = &lt;/p&gt;
{0, 0, 0, 0, 0, 0, 0, 0, 0, 0, 0, 0, 0, 0, 0, 0, 0, 0, 0, 0, 1, 0, 0, 0, 0, 0, 0, 0, 0, 0, 0, 0, -0.304995}
&lt;p&gt;;&lt;br/&gt;
        coefficients&lt;span class="error"&gt;&amp;#91;i&amp;#93;&lt;/span&gt; = m61;&lt;br/&gt;
        relationship&lt;span class="error"&gt;&amp;#91;i&amp;#93;&lt;/span&gt; = Relationship.GEQ;&lt;br/&gt;
        value&lt;span class="error"&gt;&amp;#91;i&amp;#93;&lt;/span&gt; = 0.0;&lt;br/&gt;
        i++;&lt;br/&gt;
        double[] m62  = &lt;/p&gt;
{0, 0, 0, 0, 0, 0, 0, 0, 0, 0, 0, 0, 0, 0, 0, 0, 0, 0, 0, 0, 1, 0, 0, 0, 0, 0, 0, 0, 0, 0, 0, 0, -0.345347}
&lt;p&gt;;&lt;br/&gt;
        coefficients&lt;span class="error"&gt;&amp;#91;i&amp;#93;&lt;/span&gt; = m62;&lt;br/&gt;
        relationship&lt;span class="error"&gt;&amp;#91;i&amp;#93;&lt;/span&gt; = Relationship.LEQ;&lt;br/&gt;
        value&lt;span class="error"&gt;&amp;#91;i&amp;#93;&lt;/span&gt; = 0.0;&lt;br/&gt;
        i++;&lt;br/&gt;
        double[] m63  = &lt;/p&gt;
{0, 0, 0, 0, 0, 0, 0, 0, 0, 0, 0, 0, 0, 0, 0, 0, 0, 0, 0, 0, 0, 1, 0, -1, 0, 0, 0, 0, 0, -1, 0, 1, 0}
&lt;p&gt;;&lt;br/&gt;
        coefficients&lt;span class="error"&gt;&amp;#91;i&amp;#93;&lt;/span&gt; = m63;&lt;br/&gt;
        relationship&lt;span class="error"&gt;&amp;#91;i&amp;#93;&lt;/span&gt; = Relationship.GEQ;&lt;br/&gt;
        value&lt;span class="error"&gt;&amp;#91;i&amp;#93;&lt;/span&gt; = 0.0;&lt;br/&gt;
        i++;&lt;br/&gt;
        double[] m64  = &lt;/p&gt;
{0, 0, 0, 0, 0, 0, 0, 0, 0, 0, 0, 0, 0, 0, 0, 0, 0, 0, 0, 0, 0, 1, 0, 0, 0, 0, 0, 0, 0, 0, 0, 0, -0.288899}
&lt;p&gt;;&lt;br/&gt;
        coefficients&lt;span class="error"&gt;&amp;#91;i&amp;#93;&lt;/span&gt; = m64;&lt;br/&gt;
        relationship&lt;span class="error"&gt;&amp;#91;i&amp;#93;&lt;/span&gt; = Relationship.GEQ;&lt;br/&gt;
        value&lt;span class="error"&gt;&amp;#91;i&amp;#93;&lt;/span&gt; = 0.0;&lt;br/&gt;
        i++;&lt;br/&gt;
        double[] m65  = &lt;/p&gt;
{0, 0, 0, 0, 0, 0, 0, 0, 0, 0, 0, 0, 0, 0, 0, 0, 0, 0, 0, 0, 0, 1, 0, 0, 0, 0, 0, 0, 0, 0, 0, 0, -0.332212}
&lt;p&gt;;&lt;br/&gt;
        coefficients&lt;span class="error"&gt;&amp;#91;i&amp;#93;&lt;/span&gt; = m65;&lt;br/&gt;
        relationship&lt;span class="error"&gt;&amp;#91;i&amp;#93;&lt;/span&gt; = Relationship.LEQ;&lt;br/&gt;
        value&lt;span class="error"&gt;&amp;#91;i&amp;#93;&lt;/span&gt; = 0.0;&lt;br/&gt;
        i++;&lt;br/&gt;
        double[] m66  = &lt;/p&gt;
{0, 0, 0, 0, 0, 0, 0, 0, 0, 0, 0, 0, 0, 0, 0, 0, 0, 0, 0, 0, 0, 0, 1, -1, 0, 0, 0, 0, 0, 0, -1, 1, 0}
&lt;p&gt;;&lt;br/&gt;
        coefficients&lt;span class="error"&gt;&amp;#91;i&amp;#93;&lt;/span&gt; = m66;&lt;br/&gt;
        relationship&lt;span class="error"&gt;&amp;#91;i&amp;#93;&lt;/span&gt; = Relationship.GEQ;&lt;br/&gt;
        value&lt;span class="error"&gt;&amp;#91;i&amp;#93;&lt;/span&gt; = 0.0;&lt;br/&gt;
        i++;&lt;br/&gt;
        double[] m67  = &lt;/p&gt;
{0, 0, 0, 0, 0, 0, 0, 0, 0, 0, 0, 0, 0, 0, 0, 0, 0, 0, 0, 0, 0, 0, 1, 0, 0, 0, 0, 0, 0, 0, 0, 0, -0.14351}
&lt;p&gt;;&lt;br/&gt;
        coefficients&lt;span class="error"&gt;&amp;#91;i&amp;#93;&lt;/span&gt; = m67;&lt;br/&gt;
        relationship&lt;span class="error"&gt;&amp;#91;i&amp;#93;&lt;/span&gt; = Relationship.GEQ;&lt;br/&gt;
        value&lt;span class="error"&gt;&amp;#91;i&amp;#93;&lt;/span&gt; = 0.0;&lt;br/&gt;
        i++;&lt;br/&gt;
        double[] m68  = &lt;/p&gt;
{0, 0, 0, 0, 0, 0, 0, 0, 0, 0, 0, 0, 0, 0, 0, 0, 0, 0, 0, 0, 0, 0, 1, 0, 0, 0, 0, 0, 0, 0, 0, 0, -0.17057}
&lt;p&gt;;&lt;br/&gt;
        coefficients&lt;span class="error"&gt;&amp;#91;i&amp;#93;&lt;/span&gt; = m68;&lt;br/&gt;
        relationship&lt;span class="error"&gt;&amp;#91;i&amp;#93;&lt;/span&gt; = Relationship.LEQ;&lt;br/&gt;
        value&lt;span class="error"&gt;&amp;#91;i&amp;#93;&lt;/span&gt; = 0.0;&lt;br/&gt;
        i++;&lt;br/&gt;
        double[] m69  = &lt;/p&gt;
{0, 0, 0, 0, 0, 0, 0, 0, 0, 0, 0, 0, 0, 0, 0, 0, 0, 0, 0, 0, 0, 0, 0, 1, 0, 0, 0, 0, 0, 0, 0, -1, 0}
&lt;p&gt;;&lt;br/&gt;
        coefficients&lt;span class="error"&gt;&amp;#91;i&amp;#93;&lt;/span&gt; = m69;&lt;br/&gt;
        relationship&lt;span class="error"&gt;&amp;#91;i&amp;#93;&lt;/span&gt; = Relationship.GEQ;&lt;br/&gt;
        value&lt;span class="error"&gt;&amp;#91;i&amp;#93;&lt;/span&gt; = 0.0;&lt;br/&gt;
        i++;&lt;br/&gt;
        double[] m70  = &lt;/p&gt;
{0, 0, 0, 0, 0, 0, 0, 0, 0, 0, 0, 0, 0, 0, 0, 0, 0, 0, 0, 0, 0, 0, 0, 1, 0, 0, 0, 0, 0, 0, 0, 0, -0.129826}
&lt;p&gt;;&lt;br/&gt;
        coefficients&lt;span class="error"&gt;&amp;#91;i&amp;#93;&lt;/span&gt; = m70;&lt;br/&gt;
        relationship&lt;span class="error"&gt;&amp;#91;i&amp;#93;&lt;/span&gt; = Relationship.GEQ;&lt;br/&gt;
        value&lt;span class="error"&gt;&amp;#91;i&amp;#93;&lt;/span&gt; = 0.0;&lt;br/&gt;
        i++;&lt;br/&gt;
        double[] m71  = &lt;/p&gt;
{0, 0, 0, 0, 0, 0, 0, 0, 0, 0, 0, 0, 0, 0, 0, 0, 0, 0, 0, 0, 0, 0, 0, 1, 0, 0, 0, 0, 0, 0, 0, 0, -0.157435}
&lt;p&gt;;&lt;br/&gt;
        coefficients&lt;span class="error"&gt;&amp;#91;i&amp;#93;&lt;/span&gt; = m71;&lt;br/&gt;
        relationship&lt;span class="error"&gt;&amp;#91;i&amp;#93;&lt;/span&gt; = Relationship.LEQ;&lt;br/&gt;
        value&lt;span class="error"&gt;&amp;#91;i&amp;#93;&lt;/span&gt; = 0.0;&lt;br/&gt;
        i++;&lt;br/&gt;
        double[] m72  = &lt;/p&gt;
{0, 0, 0, 0, 0, 0, 0, 0, 0, 0, 0, 0, 0, 0, 0, 0, 0, 0, 0, 0, 0, 0, 0, 0, 1, -1, -1, 1, -1, 1, 1, -1, 0}
&lt;p&gt;;&lt;br/&gt;
        coefficients&lt;span class="error"&gt;&amp;#91;i&amp;#93;&lt;/span&gt; = m72;&lt;br/&gt;
        relationship&lt;span class="error"&gt;&amp;#91;i&amp;#93;&lt;/span&gt; = Relationship.GEQ;&lt;br/&gt;
        value&lt;span class="error"&gt;&amp;#91;i&amp;#93;&lt;/span&gt; = 0.0;&lt;br/&gt;
        i++;&lt;br/&gt;
        double[] m73  = &lt;/p&gt;
{0, 0, 0, 0, 0, 0, 0, 0, 0, 0, 0, 0, 0, 0, 0, 0, 0, 0, 0, 0, 0, 0, 0, 0, 1, 0, 0, 0, 0, 0, 0, 0, -0}
&lt;p&gt;;&lt;br/&gt;
        coefficients&lt;span class="error"&gt;&amp;#91;i&amp;#93;&lt;/span&gt; = m73;&lt;br/&gt;
        relationship&lt;span class="error"&gt;&amp;#91;i&amp;#93;&lt;/span&gt; = Relationship.GEQ;&lt;br/&gt;
        value&lt;span class="error"&gt;&amp;#91;i&amp;#93;&lt;/span&gt; = 0.0;&lt;br/&gt;
        i++;&lt;br/&gt;
        double[] m74  = &lt;/p&gt;
{0, 0, 0, 0, 0, 0, 0, 0, 0, 0, 0, 0, 0, 0, 0, 0, 0, 0, 0, 0, 0, 0, 0, 0, 1, 0, 0, 0, 0, 0, 0, 0, -1}
&lt;p&gt;;&lt;br/&gt;
        coefficients&lt;span class="error"&gt;&amp;#91;i&amp;#93;&lt;/span&gt; = m74;&lt;br/&gt;
        relationship&lt;span class="error"&gt;&amp;#91;i&amp;#93;&lt;/span&gt; = Relationship.LEQ;&lt;br/&gt;
        value&lt;span class="error"&gt;&amp;#91;i&amp;#93;&lt;/span&gt; = 0.0;&lt;br/&gt;
        i++;&lt;br/&gt;
        double[] m75  = &lt;/p&gt;
{0, 0, 0, 0, 0, 0, 0, 0, 0, 0, 0, 0, 0, 0, 0, 0, 0, 0, 0, 0, 0, 0, 0, 0, 0, 1, 0, -1, 0, -1, 0, 1, 0}
&lt;p&gt;;&lt;br/&gt;
        coefficients&lt;span class="error"&gt;&amp;#91;i&amp;#93;&lt;/span&gt; = m75;&lt;br/&gt;
        relationship&lt;span class="error"&gt;&amp;#91;i&amp;#93;&lt;/span&gt; = Relationship.GEQ;&lt;br/&gt;
        value&lt;span class="error"&gt;&amp;#91;i&amp;#93;&lt;/span&gt; = 0.0;&lt;br/&gt;
        i++;&lt;br/&gt;
        double[] m76  = &lt;/p&gt;
{0, 0, 0, 0, 0, 0, 0, 0, 0, 0, 0, 0, 0, 0, 0, 0, 0, 0, 0, 0, 0, 0, 0, 0, 0, 1, 0, 0, 0, 0, 0, 0, -0.141071}
&lt;p&gt;;&lt;br/&gt;
        coefficients&lt;span class="error"&gt;&amp;#91;i&amp;#93;&lt;/span&gt; = m76;&lt;br/&gt;
        relationship&lt;span class="error"&gt;&amp;#91;i&amp;#93;&lt;/span&gt; = Relationship.GEQ;&lt;br/&gt;
        value&lt;span class="error"&gt;&amp;#91;i&amp;#93;&lt;/span&gt; = 0.0;&lt;br/&gt;
        i++;&lt;br/&gt;
        double[] m77  = &lt;/p&gt;
{0, 0, 0, 0, 0, 0, 0, 0, 0, 0, 0, 0, 0, 0, 0, 0, 0, 0, 0, 0, 0, 0, 0, 0, 0, 1, 0, 0, 0, 0, 0, 0, -0.232574}
&lt;p&gt;;&lt;br/&gt;
        coefficients&lt;span class="error"&gt;&amp;#91;i&amp;#93;&lt;/span&gt; = m77;&lt;br/&gt;
        relationship&lt;span class="error"&gt;&amp;#91;i&amp;#93;&lt;/span&gt; = Relationship.LEQ;&lt;br/&gt;
        value&lt;span class="error"&gt;&amp;#91;i&amp;#93;&lt;/span&gt; = 0.0;&lt;br/&gt;
        i++;&lt;br/&gt;
        double[] m78  = &lt;/p&gt;
{0, 0, 0, 0, 0, 0, 0, 0, 0, 0, 0, 0, 0, 0, 0, 0, 0, 0, 0, 0, 0, 0, 0, 0, 0, 0, 1, -1, 0, 0, -1, 1, 0}
&lt;p&gt;;&lt;br/&gt;
        coefficients&lt;span class="error"&gt;&amp;#91;i&amp;#93;&lt;/span&gt; = m78;&lt;br/&gt;
        relationship&lt;span class="error"&gt;&amp;#91;i&amp;#93;&lt;/span&gt; = Relationship.GEQ;&lt;br/&gt;
        value&lt;span class="error"&gt;&amp;#91;i&amp;#93;&lt;/span&gt; = 0.0;&lt;br/&gt;
        i++;&lt;br/&gt;
        double[] m79  = &lt;/p&gt;
{0, 0, 0, 0, 0, 0, 0, 0, 0, 0, 0, 0, 0, 0, 0, 0, 0, 0, 0, 0, 0, 0, 0, 0, 0, 0, 1, 0, 0, 0, 0, 0, -0}
&lt;p&gt;;&lt;br/&gt;
        coefficients&lt;span class="error"&gt;&amp;#91;i&amp;#93;&lt;/span&gt; = m79;&lt;br/&gt;
        relationship&lt;span class="error"&gt;&amp;#91;i&amp;#93;&lt;/span&gt; = Relationship.GEQ;&lt;br/&gt;
        value&lt;span class="error"&gt;&amp;#91;i&amp;#93;&lt;/span&gt; = 0.0;&lt;br/&gt;
        i++;&lt;br/&gt;
        double[] m80  = &lt;/p&gt;
{0, 0, 0, 0, 0, 0, 0, 0, 0, 0, 0, 0, 0, 0, 0, 0, 0, 0, 0, 0, 0, 0, 0, 0, 0, 0, 1, 0, 0, 0, 0, 0, -1}
&lt;p&gt;;&lt;br/&gt;
        coefficients&lt;span class="error"&gt;&amp;#91;i&amp;#93;&lt;/span&gt; = m80;&lt;br/&gt;
        relationship&lt;span class="error"&gt;&amp;#91;i&amp;#93;&lt;/span&gt; = Relationship.LEQ;&lt;br/&gt;
        value&lt;span class="error"&gt;&amp;#91;i&amp;#93;&lt;/span&gt; = 0.0;&lt;br/&gt;
        i++;&lt;br/&gt;
        double[] m81  = &lt;/p&gt;
{0, 0, 0, 0, 0, 0, 0, 0, 0, 0, 0, 0, 0, 0, 0, 0, 0, 0, 0, 0, 0, 0, 0, 0, 0, 0, 0, 1, 0, 0, 0, -1, 0}
&lt;p&gt;;&lt;br/&gt;
        coefficients&lt;span class="error"&gt;&amp;#91;i&amp;#93;&lt;/span&gt; = m81;&lt;br/&gt;
        relationship&lt;span class="error"&gt;&amp;#91;i&amp;#93;&lt;/span&gt; = Relationship.GEQ;&lt;br/&gt;
        value&lt;span class="error"&gt;&amp;#91;i&amp;#93;&lt;/span&gt; = 0.0;&lt;br/&gt;
        i++;&lt;br/&gt;
        double[] m82  = &lt;/p&gt;
{0, 0, 0, 0, 0, 0, 0, 0, 0, 0, 0, 0, 0, 0, 0, 0, 0, 0, 0, 0, 0, 0, 0, 0, 0, 0, 0, 1, 0, 0, 0, 0, -0.009607}
&lt;p&gt;;&lt;br/&gt;
        coefficients&lt;span class="error"&gt;&amp;#91;i&amp;#93;&lt;/span&gt; = m82;&lt;br/&gt;
        relationship&lt;span class="error"&gt;&amp;#91;i&amp;#93;&lt;/span&gt; = Relationship.GEQ;&lt;br/&gt;
        value&lt;span class="error"&gt;&amp;#91;i&amp;#93;&lt;/span&gt; = 0.0;&lt;br/&gt;
        i++;&lt;br/&gt;
        double[] m83  = &lt;/p&gt;
{0, 0, 0, 0, 0, 0, 0, 0, 0, 0, 0, 0, 0, 0, 0, 0, 0, 0, 0, 0, 0, 0, 0, 0, 0, 0, 0, 1, 0, 0, 0, 0, -0.057797}
&lt;p&gt;;&lt;br/&gt;
        coefficients&lt;span class="error"&gt;&amp;#91;i&amp;#93;&lt;/span&gt; = m83;&lt;br/&gt;
        relationship&lt;span class="error"&gt;&amp;#91;i&amp;#93;&lt;/span&gt; = Relationship.LEQ;&lt;br/&gt;
        value&lt;span class="error"&gt;&amp;#91;i&amp;#93;&lt;/span&gt; = 0.0;&lt;br/&gt;
        i++;&lt;br/&gt;
        double[] m84  = &lt;/p&gt;
{0, 0, 0, 0, 0, 0, 0, 0, 0, 0, 0, 0, 0, 0, 0, 0, 0, 0, 0, 0, 0, 0, 0, 0, 0, 0, 0, 0, 1, -1, -1, 1, 0}
&lt;p&gt;;&lt;br/&gt;
        coefficients&lt;span class="error"&gt;&amp;#91;i&amp;#93;&lt;/span&gt; = m84;&lt;br/&gt;
        relationship&lt;span class="error"&gt;&amp;#91;i&amp;#93;&lt;/span&gt; = Relationship.GEQ;&lt;br/&gt;
        value&lt;span class="error"&gt;&amp;#91;i&amp;#93;&lt;/span&gt; = 0.0;&lt;br/&gt;
        i++;&lt;br/&gt;
        double[] m85  = &lt;/p&gt;
{0, 0, 0, 0, 0, 0, 0, 0, 0, 0, 0, 0, 0, 0, 0, 0, 0, 0, 0, 0, 0, 0, 0, 0, 0, 0, 0, 0, 1, 0, 0, 0, -0}
&lt;p&gt;;&lt;br/&gt;
        coefficients&lt;span class="error"&gt;&amp;#91;i&amp;#93;&lt;/span&gt; = m85;&lt;br/&gt;
        relationship&lt;span class="error"&gt;&amp;#91;i&amp;#93;&lt;/span&gt; = Relationship.GEQ;&lt;br/&gt;
        value&lt;span class="error"&gt;&amp;#91;i&amp;#93;&lt;/span&gt; = 0.0;&lt;br/&gt;
        i++;&lt;br/&gt;
        double[] m86  = &lt;/p&gt;
{0, 0, 0, 0, 0, 0, 0, 0, 0, 0, 0, 0, 0, 0, 0, 0, 0, 0, 0, 0, 0, 0, 0, 0, 0, 0, 0, 0, 1, 0, 0, 0, -1}
&lt;p&gt;;&lt;br/&gt;
        coefficients&lt;span class="error"&gt;&amp;#91;i&amp;#93;&lt;/span&gt; = m86;&lt;br/&gt;
        relationship&lt;span class="error"&gt;&amp;#91;i&amp;#93;&lt;/span&gt; = Relationship.LEQ;&lt;br/&gt;
        value&lt;span class="error"&gt;&amp;#91;i&amp;#93;&lt;/span&gt; = 0.0;&lt;br/&gt;
        i++;&lt;br/&gt;
        double[] m87  = &lt;/p&gt;
{0, 0, 0, 0, 0, 0, 0, 0, 0, 0, 0, 0, 0, 0, 0, 0, 0, 0, 0, 0, 0, 0, 0, 0, 0, 0, 0, 0, 0, 1, 0, -1, 0}
&lt;p&gt;;&lt;br/&gt;
        coefficients&lt;span class="error"&gt;&amp;#91;i&amp;#93;&lt;/span&gt; = m87;&lt;br/&gt;
        relationship&lt;span class="error"&gt;&amp;#91;i&amp;#93;&lt;/span&gt; = Relationship.GEQ;&lt;br/&gt;
        value&lt;span class="error"&gt;&amp;#91;i&amp;#93;&lt;/span&gt; = 0.0;&lt;br/&gt;
        i++;&lt;br/&gt;
        double[] m88  = &lt;/p&gt;
{0, 0, 0, 0, 0, 0, 0, 0, 0, 0, 0, 0, 0, 0, 0, 0, 0, 0, 0, 0, 0, 0, 0, 0, 0, 0, 0, 0, 0, 1, 0, 0, -0.091644}
&lt;p&gt;;&lt;br/&gt;
        coefficients&lt;span class="error"&gt;&amp;#91;i&amp;#93;&lt;/span&gt; = m88;&lt;br/&gt;
        relationship&lt;span class="error"&gt;&amp;#91;i&amp;#93;&lt;/span&gt; = Relationship.GEQ;&lt;br/&gt;
        value&lt;span class="error"&gt;&amp;#91;i&amp;#93;&lt;/span&gt; = 0.0;&lt;br/&gt;
        i++;&lt;br/&gt;
        double[] m89  = &lt;/p&gt;
{0, 0, 0, 0, 0, 0, 0, 0, 0, 0, 0, 0, 0, 0, 0, 0, 0, 0, 0, 0, 0, 0, 0, 0, 0, 0, 0, 0, 0, 1, 0, 0, -0.203531}
&lt;p&gt;;&lt;br/&gt;
        coefficients&lt;span class="error"&gt;&amp;#91;i&amp;#93;&lt;/span&gt; = m89;&lt;br/&gt;
        relationship&lt;span class="error"&gt;&amp;#91;i&amp;#93;&lt;/span&gt; = Relationship.LEQ;&lt;br/&gt;
        value&lt;span class="error"&gt;&amp;#91;i&amp;#93;&lt;/span&gt; = 0.0;&lt;br/&gt;
        i++;&lt;br/&gt;
        double[] m90  = &lt;/p&gt;
{0, 0, 0, 0, 0, 0, 0, 0, 0, 0, 0, 0, 0, 0, 0, 0, 0, 0, 0, 0, 0, 0, 0, 0, 0, 0, 0, 0, 0, 0, 1, -1, 0}
&lt;p&gt;;&lt;br/&gt;
        coefficients&lt;span class="error"&gt;&amp;#91;i&amp;#93;&lt;/span&gt; = m90;&lt;br/&gt;
        relationship&lt;span class="error"&gt;&amp;#91;i&amp;#93;&lt;/span&gt; = Relationship.GEQ;&lt;br/&gt;
        value&lt;span class="error"&gt;&amp;#91;i&amp;#93;&lt;/span&gt; = 0.0;&lt;br/&gt;
        i++;&lt;br/&gt;
        double[] m91  = &lt;/p&gt;
{0, 0, 0, 0, 0, 0, 0, 0, 0, 0, 0, 0, 0, 0, 0, 0, 0, 0, 0, 0, 0, 0, 0, 0, 0, 0, 0, 0, 0, 0, 1, 0, -0}
&lt;p&gt;;&lt;br/&gt;
        coefficients&lt;span class="error"&gt;&amp;#91;i&amp;#93;&lt;/span&gt; = m91;&lt;br/&gt;
        relationship&lt;span class="error"&gt;&amp;#91;i&amp;#93;&lt;/span&gt; = Relationship.GEQ;&lt;br/&gt;
        value&lt;span class="error"&gt;&amp;#91;i&amp;#93;&lt;/span&gt; = 0.0;&lt;br/&gt;
        i++;&lt;br/&gt;
        double[] m92  = &lt;/p&gt;
{0, 0, 0, 0, 0, 0, 0, 0, 0, 0, 0, 0, 0, 0, 0, 0, 0, 0, 0, 0, 0, 0, 0, 0, 0, 0, 0, 0, 0, 0, 1, 0, -1}
&lt;p&gt;;&lt;br/&gt;
        coefficients&lt;span class="error"&gt;&amp;#91;i&amp;#93;&lt;/span&gt; = m92;&lt;br/&gt;
        relationship&lt;span class="error"&gt;&amp;#91;i&amp;#93;&lt;/span&gt; = Relationship.LEQ;&lt;br/&gt;
        value&lt;span class="error"&gt;&amp;#91;i&amp;#93;&lt;/span&gt; = 0.0;&lt;br/&gt;
        i++;&lt;br/&gt;
        double[] m93  = &lt;/p&gt;
{0, 0, 0, 0, 0, 0, 0, 0, 0, 0, 0, 0, 0, 0, 0, 0, 0, 0, 0, 0, 0, 0, 0, 0, 0, 0, 0, 0, 0, 0, 0, 1, 0};&lt;br/&gt;
        coefficients&lt;span class="error"&gt;&amp;#91;i&amp;#93;&lt;/span&gt; = m93;&lt;br/&gt;
        relationship&lt;span class="error"&gt;&amp;#91;i&amp;#93;&lt;/span&gt; = Relationship.GEQ;&lt;br/&gt;
        value&lt;span class="error"&gt;&amp;#91;i&amp;#93;&lt;/span&gt; = 0.0;&lt;br/&gt;
        i++;&lt;br/&gt;
        double[] m94  = {0, 0, 0, 0, 0, 0, 0, 0, 0, 0, 0, 0, 0, 0, 0, 0, 0, 0, 0, 0, 0, 0, 0, 0, 0, 0, 0, 0, 0, 0, 0, 1, 0}
&lt;p&gt;;&lt;br/&gt;
        coefficients&lt;span class="error"&gt;&amp;#91;i&amp;#93;&lt;/span&gt; = m94;&lt;br/&gt;
        relationship&lt;span class="error"&gt;&amp;#91;i&amp;#93;&lt;/span&gt; = Relationship.GEQ;&lt;br/&gt;
        value&lt;span class="error"&gt;&amp;#91;i&amp;#93;&lt;/span&gt; = 0.0;&lt;br/&gt;
        i++;&lt;br/&gt;
        double[] m95  = &lt;/p&gt;
{0, 0, 0, 0, 0, 0, 0, 0, 0, 0, 0, 0, 0, 0, 0, 0, 0, 0, 0, 0, 0, 0, 0, 0, 0, 0, 0, 0, 0, 0, 0, 1, -0.028754}
&lt;p&gt;;&lt;br/&gt;
        coefficients&lt;span class="error"&gt;&amp;#91;i&amp;#93;&lt;/span&gt; = m95;&lt;br/&gt;
        relationship&lt;span class="error"&gt;&amp;#91;i&amp;#93;&lt;/span&gt; = Relationship.LEQ;&lt;br/&gt;
        value&lt;span class="error"&gt;&amp;#91;i&amp;#93;&lt;/span&gt; = 0.0;&lt;br/&gt;
        i++;&lt;br/&gt;
        double[] m96  = &lt;/p&gt;
{0, 1, 0, 0, 0, 0, 0, 0, 0, 0, 0, 0, 0, 0, 0, 0, 0, 0, 0, 0, 0, 0, 0, 0, 0, 0, 0, 0, 0, 0, 0, 0, 0}
&lt;p&gt;;&lt;br/&gt;
        coefficients&lt;span class="error"&gt;&amp;#91;i&amp;#93;&lt;/span&gt; = m96;&lt;br/&gt;
        relationship&lt;span class="error"&gt;&amp;#91;i&amp;#93;&lt;/span&gt; = Relationship.EQ;&lt;br/&gt;
        value&lt;span class="error"&gt;&amp;#91;i&amp;#93;&lt;/span&gt; = 1.0;&lt;/p&gt;

&lt;p&gt;ArrayList&amp;lt;LinearConstraint&amp;gt; constraints = new ArrayList&amp;lt;&amp;gt;(97);&lt;br/&gt;
                for (int j = 0; j &amp;lt; 97; j++) &lt;/p&gt;
{
                    constraints.add(new LinearConstraint(coefficients[j], relationship[j], value[j]));
                }
&lt;p&gt;                double[] fooc = new double&lt;span class="error"&gt;&amp;#91;33&amp;#93;&lt;/span&gt;;&lt;br/&gt;
                fooc&lt;span class="error"&gt;&amp;#91;3&amp;#93;&lt;/span&gt; = 1;&lt;br/&gt;
                LinearObjectiveFunction foo = new LinearObjectiveFunction(fooc, 0);&lt;br/&gt;
                SimplexSolver solver = new SimplexSolver();&lt;br/&gt;
                LinearConstraintSet se = new LinearConstraintSet(constraints);&lt;br/&gt;
                PointValuePair res = solver.optimize(MaxIter.unlimited(), foo, se, new NonNegativeConstraint(true));&lt;/p&gt;</description>
                <environment />
        <key id="12628011">MATH-930</key>
            <summary>SimplexSolver finds suboptimal solution or throws NoFeasibleSolutionException</summary>
                <type id="1" iconUrl="https://issues.apache.org/jira/secure/viewavatar?size=xsmall&amp;avatarId=21133&amp;avatarType=issuetype">Bug</type>
                                            <priority id="4" iconUrl="https://issues.apache.org/jira/images/icons/priorities/minor.svg">Minor</priority>
                        <status id="6" iconUrl="https://issues.apache.org/jira/images/icons/statuses/closed.png" description="The issue is considered finished, the resolution is correct. Issues which are not closed can be reopened.">Closed</status>
                    <statusCategory id="3" key="done" colorName="green" />
                                    <resolution id="1">Fixed</resolution>
                                        <assignee username="-1">Unassigned</assignee>
                                    <reporter username="konstantin.fro">Konstantin</reporter>
                        <labels>
                    </labels>
                <created>Thu, 17 Jan 2013 09:17:50 +0000</created>
                <updated>Sun, 7 Apr 2013 09:18:50 +0000</updated>
                            <resolved>Sun, 20 Jan 2013 10:13:07 +0000</resolved>
                                    <version>3.1.1</version>
                                    <fixVersion>3.2</fixVersion>
                                        <due />
                            <votes>0</votes>
                                    <watches>3</watches>
                                                                <comments>
                            <comment id="13556034" author="tn" created="Thu, 17 Jan 2013 10:14:01 +0000">&lt;p&gt;Hi Konstantin,&lt;/p&gt;

&lt;p&gt;just as a hint, it is better to read if the code is in a separate attachment.&lt;/p&gt;

&lt;p&gt;I validated your code with the latest release and I can not yet confirm the bug.&lt;br/&gt;
Running your test several times, I always received the same result (no exception), and the result looks fine:&lt;/p&gt;

&lt;ul&gt;
	&lt;li&gt;a validation of the given solution is successful&lt;/li&gt;
	&lt;li&gt;a validation of the result from octave is wrong -&amp;gt; not a valid solution&lt;/li&gt;
&lt;/ul&gt;
</comment>
                            <comment id="13556065" author="tn" created="Thu, 17 Jan 2013 11:09:36 +0000">&lt;p&gt;I have to correct myself:&lt;/p&gt;

&lt;p&gt;the octave solution is correct if the used epsilon criteria is larger than 1e-6. As the given code does a minimization, the result is valid I would now assume that the CM solution is &lt;b&gt;better&lt;/b&gt; than the one from octave. Can you attach the problem definition for octave so I can check if there is any difference between the CM and octave problem?&lt;/p&gt;</comment>
                            <comment id="13556077" author="konstantin.fro" created="Thu, 17 Jan 2013 11:20:42 +0000">&lt;p&gt;Octave version&lt;/p&gt;</comment>
                            <comment id="13556085" author="konstantin.fro" created="Thu, 17 Jan 2013 11:33:31 +0000">&lt;p&gt;Sorry, I was incorrect. The solution is clearly optimal. But the exception keeps appearing. Sometimes it requires about 20 runs to appear (although in for-cycle it can appear only when the first iteration is running ). By "latest release" do you mean a 3.1.1-jar file from &lt;a href="http://commons.apache.org/math/download_math.cgi" class="external-link" target="_blank" rel="nofollow noopener"&gt;http://commons.apache.org/math/download_math.cgi&lt;/a&gt; ?&lt;/p&gt;</comment>
                            <comment id="13556094" author="tn" created="Thu, 17 Jan 2013 11:53:28 +0000">&lt;p&gt;Ok thanks for the file and the feedback. I did run the test (with the latest trunk which is ~= 3.1.1) a thousand times and always received the same output (and I would be surprised otherwise). Could you please attach the program you run where you get the exception?&lt;/p&gt;

&lt;p&gt;Thanks, Thomas&lt;/p&gt;</comment>
                            <comment id="13556104" author="konstantin.fro" created="Thu, 17 Jan 2013 12:09:44 +0000">&lt;p&gt;I also noticed, that if epsilon == 1.0e-4 is used the exception disappear.&lt;/p&gt;</comment>
                            <comment id="13556107" author="tn" created="Thu, 17 Jan 2013 12:12:47 +0000">&lt;p&gt;Ok thanks, it must be something with the 3.1.1 jar. When I run the program with the latest trunk it always works, but with 3.1.1 it fails occasionally, I will look further into it.&lt;/p&gt;</comment>
                            <comment id="13556125" author="tn" created="Thu, 17 Jan 2013 12:35:24 +0000">&lt;p&gt;If I run the example from CM trunk with an execution environment J2SE-1.5 it never fails.&lt;/p&gt;

&lt;p&gt;With an environment JavaSE-1.6 or JavaSE-1.7 (from eclipse) it fails with the same exception quite often.&lt;/p&gt;</comment>
                            <comment id="13556158" author="tn" created="Thu, 17 Jan 2013 13:25:42 +0000">&lt;p&gt;The problem is related to the LinearConstraintSet, which stores the constraints internally in a HashSet. Thus the iteration order is quasi-random, and also different with a different JRE.&lt;/p&gt;

&lt;p&gt;Changing this to a normal list solves the problem. Tbh I do not know why this is implemented as a Set and will raise the issue on the mailinglist.&lt;/p&gt;</comment>
                            <comment id="13557168" author="erans" created="Fri, 18 Jan 2013 12:07:37 +0000">&lt;p&gt;I tried to override "hashCode" in class "Relationship" but it fails to compile (method is &lt;em&gt;final&lt;/em&gt; in "Enum").&lt;/p&gt;

&lt;blockquote&gt;&lt;p&gt;Tbh I do not know why this is implemented as a Set&lt;/p&gt;&lt;/blockquote&gt;

&lt;p&gt;Because it would prevent adding the same constraint twice.&lt;/p&gt;

&lt;blockquote&gt;&lt;p&gt;Changing this to a normal list solves the problem.&lt;/p&gt;&lt;/blockquote&gt;

&lt;p&gt;Only apparently.&lt;br/&gt;
If you record in which order the constraint are iterated when the problem shows up; then change the implementation to a "List" and pass the constraints in that order, does the problem still show up? I would think so (otherwise, that would be really strange unless I'm missing something). Then, changing to a "List" actually does little but hiding the problem (for one specific ordering of the constraints).&lt;/p&gt;</comment>
                            <comment id="13557991" author="tn" created="Sat, 19 Jan 2013 13:48:26 +0000">&lt;p&gt;I have added more elaborate information about convergence criteria to the class javadoc of SimplexSolver and added an additional constructor to override the epsilon value.&lt;/p&gt;

&lt;p&gt;As your problem seems to work fine with an epsilon value of 1e-4, no further changes are required imho.&lt;/p&gt;

&lt;p&gt;After discussion on the mailinglist, the non-deterministic behavior, resulting in different results / exceptions is actually good and should give the user a hint that the current convergence criteria may be too strict.&lt;/p&gt;

&lt;p&gt;Thanks for the report, your problem has been added as a unit test.&lt;/p&gt;</comment>
                            <comment id="13558211" author="tn" created="Sun, 20 Jan 2013 09:25:45 +0000">&lt;p&gt;With an epsilon value of 1e-4, I did not get any exceptions anymore with Java 5 &amp;amp; OpenJDK 6. But with OpenJDK 7 I get the same exception on a regular basis.&lt;/p&gt;

&lt;p&gt;Reopened for further investigation.&lt;/p&gt;</comment>
                            <comment id="13558218" author="tn" created="Sun, 20 Jan 2013 10:13:07 +0000">&lt;p&gt;In r1435810, I also added the possibility to override the cut-off value.&lt;br/&gt;
This value has been introduced in 3.1 to improve the numerical stability with very tight problems. The default value has been set to 1e-12, which in your case was too small.&lt;/p&gt;

&lt;p&gt;The idea of the cut-off value is to zero out entries in the Simplex tableau that get too small, as small values may lead to numerical problems due to the nature of the Simplex algorithm: the pivot element is used as a denominator, thus if a very small element is selected as pivot element, the resulting values will be very large, ....&lt;/p&gt;

&lt;p&gt;Right now, the simplex solver is implemented in a very low-level way, which means you need to adjust the convergence criteria yourself to your problem. It would be nice to have a wrapper that adjusts these criteria in an adaptive way, depending on the problem at hand.&lt;/p&gt;</comment>
                            <comment id="13558219" author="tn" created="Sun, 20 Jan 2013 10:14:24 +0000">&lt;p&gt;I forgot to add, for your problem I have chosen the following parameters:&lt;/p&gt;

&lt;ul&gt;
	&lt;li&gt;epsilon: 1e-4&lt;/li&gt;
	&lt;li&gt;maxUlps: 10&lt;/li&gt;
	&lt;li&gt;cutOff: 1e-6&lt;/li&gt;
&lt;/ul&gt;


&lt;p&gt;Tested with Java 5, OpenJDK 6 and 7 and looks good so far.&lt;/p&gt;</comment>
                            <comment id="13624825" author="luc" created="Sun, 7 Apr 2013 09:18:50 +0000">&lt;p&gt;Closing issue as version 3.2 has been released on 2013-04-06.&lt;/p&gt;</comment>
                    </comments>
                <issuelinks>
                            <issuelinktype id="12310060">
                    <name>Container</name>
                                            <outwardlinks description="contains">
                                        <issuelink>
            <issuekey id="12598390">MATH-819</issuekey>
        </issuelink>
                            </outwardlinks>
                                                        </issuelinktype>
                    </issuelinks>
                <attachments>
                            <attachment id="12565313" name="exception.txt" size="856" author="konstantin.fro" created="Thu, 17 Jan 2013 12:04:10 +0000" />
                            <attachment id="12565312" name="program.7z" size="17676" author="konstantin.fro" created="Thu, 17 Jan 2013 12:04:10 +0000" />
                            <attachment id="12565310" name="test.m" size="17637" author="konstantin.fro" created="Thu, 17 Jan 2013 11:20:42 +0000" />
                    </attachments>
                <subtasks>
                    </subtasks>
                <customfields>
                                                                                                                                                                                                                                                                                                                                                                                                                                                                                                                                                                                                                                                                                                                    <customfield id="customfield_12314020" key="com.atlassian.jira.plugins.jira-development-integration-plugin:devsummary">
                        <customfieldname>Development</customfieldname>
                        <customfieldvalues>
                            
                        </customfieldvalues>
                    </customfield>
                                                                                                                        <customfield id="customfield_12313422" key="com.atlassian.jirafisheyeplugin:jobcheckbox">
                        <customfieldname>Enable Automatic Patch Review</customfieldname>
                        <customfieldvalues>
                            <customfieldvalue>false</customfieldvalue>

                        </customfieldvalues>
                    </customfield>
                                                                                                                                                                                                                                                                                                                                                                                                                                                                                                                                                                                                                                                <customfield id="customfield_12310420" key="com.pyxis.greenhopper.jira:gh-global-rank">
                        <customfieldname>Global Rank</customfieldname>
                        <customfieldvalues>
                            <customfieldvalue>304859</customfieldvalue>
                        </customfieldvalues>
                    </customfield>
                                                                                                                                                                                                                                                                                                                                                                                                                                                                        <customfield id="customfield_12311820" key="com.pyxis.greenhopper.jira:gh-lexo-rank">
                        <customfieldname>Rank</customfieldname>
                        <customfieldvalues>
                            <customfieldvalue>0|i17wg7:</customfieldvalue>

                        </customfieldvalues>
                    </customfield>
                                                                <customfield id="customfield_12310920" key="com.pyxis.greenhopper.jira:gh-global-rank">
                        <customfieldname>Rank (Obsolete)</customfieldname>
                        <customfieldvalues>
                            <customfieldvalue>254226</customfieldvalue>
                        </customfieldvalues>
                    </customfield>
                                                                                                                                                                                                                                                                                                                                                                                                                                                                                                                                                                                                                                                                                                                                                                                                                                                                                                            </customfields>
    </item>


</channel>
</rss>